variant,round,case,n,width,missing,operation,ywidth,representation,order,iterations,cpu,wall,result_sha256,missing_sha256,missing_count,result_storage,native_calls,compact_before,compact_after,materialized_before,materialized_after,y_compact_before,y_compact_after,y_materialized_before,y_materialized_after,input_sha256,y_sha256
baseline,1,1,1000000,int,FALSE,scale_binary,double,ordinary,1,399,0.135,0.135,43cbc5fa02580f73a834cffb43a5ba0a0f4d7303cec536a2e3c58f1f469eb824,6506614505e113daab08b3f894ca46d4d61867c7b007c413b47a669abe8aae67,0,,0,FALSE,FALSE,FALSE,FALSE,FALSE,FALSE,FALSE,FALSE,8937acbbe87ff127e6567f97e52c6a17dbe3ea7052a39a3b76abe25c8e7eeb13,31d3575e77d9d04b75880bca9e10dbd0e13e61d21795052921dd3f702d909dd7
baseline,1,1,1000000,int,FALSE,scale_binary,double,compact,2,552,0.134,0.133,43cbc5fa02580f73a834cffb43a5ba0a0f4d7303cec536a2e3c58f1f469eb824,6506614505e113daab08b3f894ca46d4d61867c7b007c413b47a669abe8aae67,0,int,552,TRUE,TRUE,FALSE,FALSE,FALSE,FALSE,FALSE,FALSE,8937acbbe87ff127e6567f97e52c6a17dbe3ea7052a39a3b76abe25c8e7eeb13,31d3575e77d9d04b75880bca9e10dbd0e13e61d21795052921dd3f702d909dd7
baseline,1,1,1000000,int,FALSE,scale_binary,double,typed_double,3,569,0.157,0.156,43cbc5fa02580f73a834cffb43a5ba0a0f4d7303cec536a2e3c58f1f469eb824,6506614505e113daab08b3f894ca46d4d61867c7b007c413b47a669abe8aae67,0,double,569,FALSE,FALSE,FALSE,FALSE,FALSE,FALSE,FALSE,FALSE,8937acbbe87ff127e6567f97e52c6a17dbe3ea7052a39a3b76abe25c8e7eeb13,31d3575e77d9d04b75880bca9e10dbd0e13e61d21795052921dd3f702d909dd7
baseline,1,2,1000000,int,FALSE,scale_general,double,compact,1,241,0.16,0.16,5b22560fab6c3b27f5e82592f7a486b943278dbe0e1d82a8c99735d3ee13430b,6506614505e113daab08b3f894ca46d4d61867c7b007c413b47a669abe8aae67,0,float,241,TRUE,TRUE,FALSE,FALSE,FALSE,FALSE,FALSE,FALSE,8937acbbe87ff127e6567f97e52c6a17dbe3ea7052a39a3b76abe25c8e7eeb13,31d3575e77d9d04b75880bca9e10dbd0e13e61d21795052921dd3f702d909dd7
baseline,1,2,1000000,int,FALSE,scale_general,double,typed_double,2,536,0.147,0.148,98c11364f9b15cf1e1696537d86d727f3e1efaa44f5b303a15ed033179b4e86a,6506614505e113daab08b3f894ca46d4d61867c7b007c413b47a669abe8aae67,0,double,536,FALSE,FALSE,FALSE,FALSE,FALSE,FALSE,FALSE,FALSE,8937acbbe87ff127e6567f97e52c6a17dbe3ea7052a39a3b76abe25c8e7eeb13,31d3575e77d9d04b75880bca9e10dbd0e13e61d21795052921dd3f702d909dd7
baseline,1,2,1000000,int,FALSE,scale_general,double,ordinary,3,626,0.167,0.167,98c11364f9b15cf1e1696537d86d727f3e1efaa44f5b303a15ed033179b4e86a,6506614505e113daab08b3f894ca46d4d61867c7b007c413b47a669abe8aae67,0,,0,FALSE,FALSE,FALSE,FALSE,FALSE,FALSE,FALSE,FALSE,8937acbbe87ff127e6567f97e52c6a17dbe3ea7052a39a3b76abe25c8e7eeb13,31d3575e77d9d04b75880bca9e10dbd0e13e61d21795052921dd3f702d909dd7
baseline,1,3,1000000,int,FALSE,pair_compact_double,double,typed_double,1,481,0.169,0.168,5865d7f437b5487c8061f7274c6507b7ec0fc76362cd655e9259ebb78a28f057,6506614505e113daab08b3f894ca46d4d61867c7b007c413b47a669abe8aae67,0,double,481,FALSE,FALSE,FALSE,FALSE,FALSE,FALSE,FALSE,FALSE,8937acbbe87ff127e6567f97e52c6a17dbe3ea7052a39a3b76abe25c8e7eeb13,31d3575e77d9d04b75880bca9e10dbd0e13e61d21795052921dd3f702d909dd7
baseline,1,3,1000000,int,FALSE,pair_compact_double,double,ordinary,2,605,0.153,0.153,5865d7f437b5487c8061f7274c6507b7ec0fc76362cd655e9259ebb78a28f057,6506614505e113daab08b3f894ca46d4d61867c7b007c413b47a669abe8aae67,0,,0,FALSE,FALSE,FALSE,FALSE,FALSE,FALSE,FALSE,FALSE,8937acbbe87ff127e6567f97e52c6a17dbe3ea7052a39a3b76abe25c8e7eeb13,31d3575e77d9d04b75880bca9e10dbd0e13e61d21795052921dd3f702d909dd7
baseline,1,3,1000000,int,FALSE,pair_compact_double,double,compact,3,368,0.166,0.166,5865d7f437b5487c8061f7274c6507b7ec0fc76362cd655e9259ebb78a28f057,6506614505e113daab08b3f894ca46d4d61867c7b007c413b47a669abe8aae67,0,double,368,TRUE,TRUE,FALSE,FALSE,FALSE,FALSE,FALSE,FALSE,8937acbbe87ff127e6567f97e52c6a17dbe3ea7052a39a3b76abe25c8e7eeb13,31d3575e77d9d04b75880bca9e10dbd0e13e61d21795052921dd3f702d909dd7
baseline,1,4,1000000,int,TRUE,scale_binary,double,ordinary,1,626,0.153,0.154,b10ddc1e7177ef92cdb14943c3981218bcd426a31f9c7d156ed4dbd4ea86c948,256764253c19afe4b22c7738fb2f83098a03d4dbde3db39ee8c24b205a95942a,1003,,0,FALSE,FALSE,FALSE,FALSE,FALSE,FALSE,FALSE,FALSE,5af7169f9d20a77a6f06236647a66be1493d6e155163c245a466bda43242d0e7,6a2baa27cd05157233063b825243be4bdf1a2dbc88db2a6cdfd0b2527b28716b
baseline,1,4,1000000,int,TRUE,scale_binary,double,compact,2,569,0.151,0.151,406aa86104df9ebd1e49e25bbc9266cbc0cc152fd09e7d28efa1e3b9f07c7f98,256764253c19afe4b22c7738fb2f83098a03d4dbde3db39ee8c24b205a95942a,1003,int,569,TRUE,TRUE,FALSE,FALSE,FALSE,FALSE,FALSE,FALSE,5af7169f9d20a77a6f06236647a66be1493d6e155163c245a466bda43242d0e7,6a2baa27cd05157233063b825243be4bdf1a2dbc88db2a6cdfd0b2527b28716b
baseline,1,4,1000000,int,TRUE,scale_binary,double,typed_double,3,552,0.163000000000001,0.162000000000001,406aa86104df9ebd1e49e25bbc9266cbc0cc152fd09e7d28efa1e3b9f07c7f98,256764253c19afe4b22c7738fb2f83098a03d4dbde3db39ee8c24b205a95942a,1003,double,552,FALSE,FALSE,FALSE,FALSE,FALSE,FALSE,FALSE,FALSE,5af7169f9d20a77a6f06236647a66be1493d6e155163c245a466bda43242d0e7,6a2baa27cd05157233063b825243be4bdf1a2dbc88db2a6cdfd0b2527b28716b
baseline,1,5,1000000,int,TRUE,scale_general,double,compact,1,244,0.149,0.149999999999999,38447e334649e5d7eda33f0001bed517c428980c028a15d2e1699be9ef65cf3a,256764253c19afe4b22c7738fb2f83098a03d4dbde3db39ee8c24b205a95942a,1003,float,244,TRUE,TRUE,FALSE,FALSE,FALSE,FALSE,FALSE,FALSE,5af7169f9d20a77a6f06236647a66be1493d6e155163c245a466bda43242d0e7,6a2baa27cd05157233063b825243be4bdf1a2dbc88db2a6cdfd0b2527b28716b
baseline,1,5,1000000,int,TRUE,scale_general,double,typed_double,2,399,0.107,0.107,69569d7d3b174986a7ae48d2c2f67dcea32be4e102725873e2cfa7cf5e4f9d02,256764253c19afe4b22c7738fb2f83098a03d4dbde3db39ee8c24b205a95942a,1003,double,399,FALSE,FALSE,FALSE,FALSE,FALSE,FALSE,FALSE,FALSE,5af7169f9d20a77a6f06236647a66be1493d6e155163c245a466bda43242d0e7,6a2baa27cd05157233063b825243be4bdf1a2dbc88db2a6cdfd0b2527b28716b
baseline,1,5,1000000,int,TRUE,scale_general,double,ordinary,3,626,0.15,0.151,ea5220c4891c83ca4d6c555d28f6502adbaf6141ce7d6cf4825e9d27d0d51944,256764253c19afe4b22c7738fb2f83098a03d4dbde3db39ee8c24b205a95942a,1003,,0,FALSE,FALSE,FALSE,FALSE,FALSE,FALSE,FALSE,FALSE,5af7169f9d20a77a6f06236647a66be1493d6e155163c245a466bda43242d0e7,6a2baa27cd05157233063b825243be4bdf1a2dbc88db2a6cdfd0b2527b28716b
baseline,1,6,1000000,int,TRUE,pair_compact_double,double,typed_double,1,494,0.152999999999999,0.153,087fb12a32e314d333c4287225113c3c6e3a135a9c18c162b3b5753b80f4350c,d842a810a046337b5363ff7dafdaa01aa4553912ce2afa4ee95c617158d8e0e7,2011,double,494,FALSE,FALSE,FALSE,FALSE,FALSE,FALSE,FALSE,FALSE,5af7169f9d20a77a6f06236647a66be1493d6e155163c245a466bda43242d0e7,6a2baa27cd05157233063b825243be4bdf1a2dbc88db2a6cdfd0b2527b28716b
baseline,1,6,1000000,int,TRUE,pair_compact_double,double,ordinary,2,625,0.17,0.17,ea5ac2e3896755c3d5082b83561d8673bb4f0147a7690b804a8d74cecbeda4c1,d842a810a046337b5363ff7dafdaa01aa4553912ce2afa4ee95c617158d8e0e7,2011,,0,FALSE,FALSE,FALSE,FALSE,FALSE,FALSE,FALSE,FALSE,5af7169f9d20a77a6f06236647a66be1493d6e155163c245a466bda43242d0e7,6a2baa27cd05157233063b825243be4bdf1a2dbc88db2a6cdfd0b2527b28716b
baseline,1,6,1000000,int,TRUE,pair_compact_double,double,compact,3,368,0.149000000000001,0.149000000000001,087fb12a32e314d333c4287225113c3c6e3a135a9c18c162b3b5753b80f4350c,d842a810a046337b5363ff7dafdaa01aa4553912ce2afa4ee95c617158d8e0e7,2011,double,368,TRUE,TRUE,FALSE,FALSE,FALSE,FALSE,FALSE,FALSE,5af7169f9d20a77a6f06236647a66be1493d6e155163c245a466bda43242d0e7,6a2baa27cd05157233063b825243be4bdf1a2dbc88db2a6cdfd0b2527b28716b
baseline,1,7,1000000,float,FALSE,scale_binary,double,ordinary,1,625,0.168000000000002,0.167000000000002,5e4cb543f32269b2c2218b394ad1c41d44f6b32b3f8be7d200655b3b7d11f177,6506614505e113daab08b3f894ca46d4d61867c7b007c413b47a669abe8aae67,0,,0,FALSE,FALSE,FALSE,FALSE,FALSE,FALSE,FALSE,FALSE,7f1c1a27229f7a699fa85ff90b5be1266497c462407b39b11f6d94015af8e8ad,31d3575e77d9d04b75880bca9e10dbd0e13e61d21795052921dd3f702d909dd7
baseline,1,7,1000000,float,FALSE,scale_binary,double,compact,2,458,0.149,0.149000000000001,5e4cb543f32269b2c2218b394ad1c41d44f6b32b3f8be7d200655b3b7d11f177,6506614505e113daab08b3f894ca46d4d61867c7b007c413b47a669abe8aae67,0,float,458,TRUE,TRUE,FALSE,FALSE,FALSE,FALSE,FALSE,FALSE,7f1c1a27229f7a699fa85ff90b5be1266497c462407b39b11f6d94015af8e8ad,31d3575e77d9d04b75880bca9e10dbd0e13e61d21795052921dd3f702d909dd7
baseline,1,7,1000000,float,FALSE,scale_binary,double,typed_double,3,569,0.153,0.153,5e4cb543f32269b2c2218b394ad1c41d44f6b32b3f8be7d200655b3b7d11f177,6506614505e113daab08b3f894ca46d4d61867c7b007c413b47a669abe8aae67,0,double,569,FALSE,FALSE,FALSE,FALSE,FALSE,FALSE,FALSE,FALSE,7f1c1a27229f7a699fa85ff90b5be1266497c462407b39b11f6d94015af8e8ad,31d3575e77d9d04b75880bca9e10dbd0e13e61d21795052921dd3f702d909dd7
baseline,1,8,1000000,float,FALSE,scale_general,double,compact,1,318,0.149000000000001,0.15,72cc5cf98cf5a5166668db2e8420adb3bc862ec1b003fbdd7aeb0a9746f22870,6506614505e113daab08b3f894ca46d4d61867c7b007c413b47a669abe8aae67,0,float,318,TRUE,TRUE,FALSE,FALSE,FALSE,FALSE,FALSE,FALSE,7f1c1a27229f7a699fa85ff90b5be1266497c462407b39b11f6d94015af8e8ad,31d3575e77d9d04b75880bca9e10dbd0e13e61d21795052921dd3f702d909dd7
baseline,1,8,1000000,float,FALSE,scale_general,double,typed_double,2,569,0.165999999999999,0.164999999999999,f26b519d09797e4f4941392e4b52f307c71832f0aaad54da617e9078fe055e1c,6506614505e113daab08b3f894ca46d4d61867c7b007c413b47a669abe8aae67,0,double,569,FALSE,FALSE,FALSE,FALSE,FALSE,FALSE,FALSE,FALSE,7f1c1a27229f7a699fa85ff90b5be1266497c462407b39b11f6d94015af8e8ad,31d3575e77d9d04b75880bca9e10dbd0e13e61d21795052921dd3f702d909dd7
baseline,1,8,1000000,float,FALSE,scale_general,double,ordinary,3,626,0.165000000000001,0.166,f26b519d09797e4f4941392e4b52f307c71832f0aaad54da617e9078fe055e1c,6506614505e113daab08b3f894ca46d4d61867c7b007c413b47a669abe8aae67,0,,0,FALSE,FALSE,FALSE,FALSE,FALSE,FALSE,FALSE,FALSE,7f1c1a27229f7a699fa85ff90b5be1266497c462407b39b11f6d94015af8e8ad,31d3575e77d9d04b75880bca9e10dbd0e13e61d21795052921dd3f702d909dd7
baseline,1,9,1000000,float,FALSE,pair_compact_double,double,typed_double,1,494,0.151999999999999,0.153,d0adc5c3f77a8c464e25cdf403e40486acf05d6b089dad00367eb8620a0a608e,6506614505e113daab08b3f894ca46d4d61867c7b007c413b47a669abe8aae67,0,double,494,FALSE,FALSE,FALSE,FALSE,FALSE,FALSE,FALSE,FALSE,7f1c1a27229f7a699fa85ff90b5be1266497c462407b39b11f6d94015af8e8ad,31d3575e77d9d04b75880bca9e10dbd0e13e61d21795052921dd3f702d909dd7
baseline,1,9,1000000,float,FALSE,pair_compact_double,double,ordinary,2,408,0.102,0.102,d0adc5c3f77a8c464e25cdf403e40486acf05d6b089dad00367eb8620a0a608e,6506614505e113daab08b3f894ca46d4d61867c7b007c413b47a669abe8aae67,0,,0,FALSE,FALSE,FALSE,FALSE,FALSE,FALSE,FALSE,FALSE,7f1c1a27229f7a699fa85ff90b5be1266497c462407b39b11f6d94015af8e8ad,31d3575e77d9d04b75880bca9e10dbd0e13e61d21795052921dd3f702d909dd7
baseline,1,9,1000000,float,FALSE,pair_compact_double,double,compact,3,494,0.155,0.154,d0adc5c3f77a8c464e25cdf403e40486acf05d6b089dad00367eb8620a0a608e,6506614505e113daab08b3f894ca46d4d61867c7b007c413b47a669abe8aae67,0,double,494,TRUE,TRUE,FALSE,FALSE,FALSE,FALSE,FALSE,FALSE,7f1c1a27229f7a699fa85ff90b5be1266497c462407b39b11f6d94015af8e8ad,31d3575e77d9d04b75880bca9e10dbd0e13e61d21795052921dd3f702d909dd7
baseline,1,10,1000000,float,TRUE,scale_binary,double,ordinary,1,626,0.165000000000001,0.166,21fac45dcda0cbc0ba9e1f553d3be3fedd245b921d5e2e4497a8d64f1e038117,256764253c19afe4b22c7738fb2f83098a03d4dbde3db39ee8c24b205a95942a,1003,,0,FALSE,FALSE,FALSE,FALSE,FALSE,FALSE,FALSE,FALSE,ee8f1f1d17d164fc3d811ad86cc889d11c328f41d3cd55762069bc2161e48c9f,6a2baa27cd05157233063b825243be4bdf1a2dbc88db2a6cdfd0b2527b28716b
baseline,1,10,1000000,float,TRUE,scale_binary,double,compact,2,469,0.152000000000001,0.151999999999999,c2d92a8e75010c0ddb80329b9ca6cc4898ca1d4543392f8c8382c3fbfeeb5b4b,256764253c19afe4b22c7738fb2f83098a03d4dbde3db39ee8c24b205a95942a,1003,float,469,TRUE,TRUE,FALSE,FALSE,FALSE,FALSE,FALSE,FALSE,ee8f1f1d17d164fc3d811ad86cc889d11c328f41d3cd55762069bc2161e48c9f,6a2baa27cd05157233063b825243be4bdf1a2dbc88db2a6cdfd0b2527b28716b
baseline,1,10,1000000,float,TRUE,scale_binary,double,typed_double,3,569,0.152999999999999,0.153000000000002,c2d92a8e75010c0ddb80329b9ca6cc4898ca1d4543392f8c8382c3fbfeeb5b4b,256764253c19afe4b22c7738fb2f83098a03d4dbde3db39ee8c24b205a95942a,1003,double,569,FALSE,FALSE,FALSE,FALSE,FALSE,FALSE,FALSE,FALSE,ee8f1f1d17d164fc3d811ad86cc889d11c328f41d3cd55762069bc2161e48c9f,6a2baa27cd05157233063b825243be4bdf1a2dbc88db2a6cdfd0b2527b28716b
baseline,1,11,1000000,float,TRUE,scale_general,double,compact,1,207,0.149999999999999,0.149999999999999,c58bc992720c328eca610e60f8c3f93d7d61df77946cf51b8626b0d8b78368ef,256764253c19afe4b22c7738fb2f83098a03d4dbde3db39ee8c24b205a95942a,1003,float,207,TRUE,TRUE,FALSE,FALSE,FALSE,FALSE,FALSE,FALSE,ee8f1f1d17d164fc3d811ad86cc889d11c328f41d3cd55762069bc2161e48c9f,6a2baa27cd05157233063b825243be4bdf1a2dbc88db2a6cdfd0b2527b28716b
baseline,1,11,1000000,float,TRUE,scale_general,double,typed_double,2,569,0.151999999999997,0.152000000000001,ea87b3dd63bfda18195aef508608398181a11f876a570f6017c0c100c3497f49,256764253c19afe4b22c7738fb2f83098a03d4dbde3db39ee8c24b205a95942a,1003,double,569,FALSE,FALSE,FALSE,FALSE,FALSE,FALSE,FALSE,FALSE,ee8f1f1d17d164fc3d811ad86cc889d11c328f41d3cd55762069bc2161e48c9f,6a2baa27cd05157233063b825243be4bdf1a2dbc88db2a6cdfd0b2527b28716b
baseline,1,11,1000000,float,TRUE,scale_general,double,ordinary,3,625,0.164999999999999,0.166,8100d028390097d4a98b44ea0ff4cb617c6204331b80e5c7870832582030541c,256764253c19afe4b22c7738fb2f83098a03d4dbde3db39ee8c24b205a95942a,1003,,0,FALSE,FALSE,FALSE,FALSE,FALSE,FALSE,FALSE,FALSE,ee8f1f1d17d164fc3d811ad86cc889d11c328f41d3cd55762069bc2161e48c9f,6a2baa27cd05157233063b825243be4bdf1a2dbc88db2a6cdfd0b2527b28716b
baseline,1,12,1000000,float,TRUE,pair_compact_double,double,typed_double,1,494,0.149999999999999,0.151,9778eddf855170d4c4702501b5240fa491a475187859f9e29c120edb42c46621,d842a810a046337b5363ff7dafdaa01aa4553912ce2afa4ee95c617158d8e0e7,2011,double,494,FALSE,FALSE,FALSE,FALSE,FALSE,FALSE,FALSE,FALSE,ee8f1f1d17d164fc3d811ad86cc889d11c328f41d3cd55762069bc2161e48c9f,6a2baa27cd05157233063b825243be4bdf1a2dbc88db2a6cdfd0b2527b28716b
baseline,1,12,1000000,float,TRUE,pair_compact_double,double,ordinary,2,626,0.171999999999999,0.172000000000001,d8927aedee8fcfee16a2d8b73448110e471dbaa24a570b3a223eaaa8fa336e58,d842a810a046337b5363ff7dafdaa01aa4553912ce2afa4ee95c617158d8e0e7,2011,,0,FALSE,FALSE,FALSE,FALSE,FALSE,FALSE,FALSE,FALSE,ee8f1f1d17d164fc3d811ad86cc889d11c328f41d3cd55762069bc2161e48c9f,6a2baa27cd05157233063b825243be4bdf1a2dbc88db2a6cdfd0b2527b28716b
baseline,1,12,1000000,float,TRUE,pair_compact_double,double,compact,3,276,0.152,0.151000000000003,9778eddf855170d4c4702501b5240fa491a475187859f9e29c120edb42c46621,d842a810a046337b5363ff7dafdaa01aa4553912ce2afa4ee95c617158d8e0e7,2011,double,276,TRUE,TRUE,FALSE,FALSE,FALSE,FALSE,FALSE,FALSE,ee8f1f1d17d164fc3d811ad86cc889d11c328f41d3cd55762069bc2161e48c9f,6a2baa27cd05157233063b825243be4bdf1a2dbc88db2a6cdfd0b2527b28716b
candidate,1,1,1000000,int,FALSE,scale_binary,double,ordinary,1,408,0.138,0.137,43cbc5fa02580f73a834cffb43a5ba0a0f4d7303cec536a2e3c58f1f469eb824,6506614505e113daab08b3f894ca46d4d61867c7b007c413b47a669abe8aae67,0,,0,FALSE,FALSE,FALSE,FALSE,FALSE,FALSE,FALSE,FALSE,8937acbbe87ff127e6567f97e52c6a17dbe3ea7052a39a3b76abe25c8e7eeb13,31d3575e77d9d04b75880bca9e10dbd0e13e61d21795052921dd3f702d909dd7
candidate,1,1,1000000,int,FALSE,scale_binary,double,compact,2,569,0.137,0.138,43cbc5fa02580f73a834cffb43a5ba0a0f4d7303cec536a2e3c58f1f469eb824,6506614505e113daab08b3f894ca46d4d61867c7b007c413b47a669abe8aae67,0,int,569,TRUE,TRUE,FALSE,FALSE,FALSE,FALSE,FALSE,FALSE,8937acbbe87ff127e6567f97e52c6a17dbe3ea7052a39a3b76abe25c8e7eeb13,31d3575e77d9d04b75880bca9e10dbd0e13e61d21795052921dd3f702d909dd7
candidate,1,1,1000000,int,FALSE,scale_binary,double,typed_double,3,552,0.167,0.167,43cbc5fa02580f73a834cffb43a5ba0a0f4d7303cec536a2e3c58f1f469eb824,6506614505e113daab08b3f894ca46d4d61867c7b007c413b47a669abe8aae67,0,double,552,FALSE,FALSE,FALSE,FALSE,FALSE,FALSE,FALSE,FALSE,8937acbbe87ff127e6567f97e52c6a17dbe3ea7052a39a3b76abe25c8e7eeb13,31d3575e77d9d04b75880bca9e10dbd0e13e61d21795052921dd3f702d909dd7
candidate,1,2,1000000,int,FALSE,scale_general,double,compact,1,241,0.147,0.148,5b22560fab6c3b27f5e82592f7a486b943278dbe0e1d82a8c99735d3ee13430b,6506614505e113daab08b3f894ca46d4d61867c7b007c413b47a669abe8aae67,0,float,241,TRUE,TRUE,FALSE,FALSE,FALSE,FALSE,FALSE,FALSE,8937acbbe87ff127e6567f97e52c6a17dbe3ea7052a39a3b76abe25c8e7eeb13,31d3575e77d9d04b75880bca9e10dbd0e13e61d21795052921dd3f702d909dd7
candidate,1,2,1000000,int,FALSE,scale_general,double,typed_double,2,552,0.165,0.165,98c11364f9b15cf1e1696537d86d727f3e1efaa44f5b303a15ed033179b4e86a,6506614505e113daab08b3f894ca46d4d61867c7b007c413b47a669abe8aae67,0,double,552,FALSE,FALSE,FALSE,FALSE,FALSE,FALSE,FALSE,FALSE,8937acbbe87ff127e6567f97e52c6a17dbe3ea7052a39a3b76abe25c8e7eeb13,31d3575e77d9d04b75880bca9e10dbd0e13e61d21795052921dd3f702d909dd7
candidate,1,2,1000000,int,FALSE,scale_general,double,ordinary,3,626,0.152,0.152,98c11364f9b15cf1e1696537d86d727f3e1efaa44f5b303a15ed033179b4e86a,6506614505e113daab08b3f894ca46d4d61867c7b007c413b47a669abe8aae67,0,,0,FALSE,FALSE,FALSE,FALSE,FALSE,FALSE,FALSE,FALSE,8937acbbe87ff127e6567f97e52c6a17dbe3ea7052a39a3b76abe25c8e7eeb13,31d3575e77d9d04b75880bca9e10dbd0e13e61d21795052921dd3f702d909dd7
candidate,1,3,1000000,int,FALSE,pair_compact_double,double,typed_double,1,494,0.169,0.17,5865d7f437b5487c8061f7274c6507b7ec0fc76362cd655e9259ebb78a28f057,6506614505e113daab08b3f894ca46d4d61867c7b007c413b47a669abe8aae67,0,double,494,FALSE,FALSE,FALSE,FALSE,FALSE,FALSE,FALSE,FALSE,8937acbbe87ff127e6567f97e52c6a17dbe3ea7052a39a3b76abe25c8e7eeb13,31d3575e77d9d04b75880bca9e10dbd0e13e61d21795052921dd3f702d909dd7
candidate,1,3,1000000,int,FALSE,pair_compact_double,double,ordinary,2,605,0.169,0.17,5865d7f437b5487c8061f7274c6507b7ec0fc76362cd655e9259ebb78a28f057,6506614505e113daab08b3f894ca46d4d61867c7b007c413b47a669abe8aae67,0,,0,FALSE,FALSE,FALSE,FALSE,FALSE,FALSE,FALSE,FALSE,8937acbbe87ff127e6567f97e52c6a17dbe3ea7052a39a3b76abe25c8e7eeb13,31d3575e77d9d04b75880bca9e10dbd0e13e61d21795052921dd3f702d909dd7
candidate,1,3,1000000,int,FALSE,pair_compact_double,double,compact,3,368,0.149999999999999,0.149999999999999,5865d7f437b5487c8061f7274c6507b7ec0fc76362cd655e9259ebb78a28f057,6506614505e113daab08b3f894ca46d4d61867c7b007c413b47a669abe8aae67,0,double,368,TRUE,TRUE,FALSE,FALSE,FALSE,FALSE,FALSE,FALSE,8937acbbe87ff127e6567f97e52c6a17dbe3ea7052a39a3b76abe25c8e7eeb13,31d3575e77d9d04b75880bca9e10dbd0e13e61d21795052921dd3f702d909dd7
candidate,1,4,1000000,int,TRUE,scale_binary,double,ordinary,1,626,0.166,0.166,b10ddc1e7177ef92cdb14943c3981218bcd426a31f9c7d156ed4dbd4ea86c948,256764253c19afe4b22c7738fb2f83098a03d4dbde3db39ee8c24b205a95942a,1003,,0,FALSE,FALSE,FALSE,FALSE,FALSE,FALSE,FALSE,FALSE,5af7169f9d20a77a6f06236647a66be1493d6e155163c245a466bda43242d0e7,6a2baa27cd05157233063b825243be4bdf1a2dbc88db2a6cdfd0b2527b28716b
candidate,1,4,1000000,int,TRUE,scale_binary,double,compact,2,552,0.132000000000001,0.133,406aa86104df9ebd1e49e25bbc9266cbc0cc152fd09e7d28efa1e3b9f07c7f98,256764253c19afe4b22c7738fb2f83098a03d4dbde3db39ee8c24b205a95942a,1003,int,552,TRUE,TRUE,FALSE,FALSE,FALSE,FALSE,FALSE,FALSE,5af7169f9d20a77a6f06236647a66be1493d6e155163c245a466bda43242d0e7,6a2baa27cd05157233063b825243be4bdf1a2dbc88db2a6cdfd0b2527b28716b
candidate,1,4,1000000,int,TRUE,scale_binary,double,typed_double,3,569,0.168,0.167999999999999,406aa86104df9ebd1e49e25bbc9266cbc0cc152fd09e7d28efa1e3b9f07c7f98,256764253c19afe4b22c7738fb2f83098a03d4dbde3db39ee8c24b205a95942a,1003,double,569,FALSE,FALSE,FALSE,FALSE,FALSE,FALSE,FALSE,FALSE,5af7169f9d20a77a6f06236647a66be1493d6e155163c245a466bda43242d0e7,6a2baa27cd05157233063b825243be4bdf1a2dbc88db2a6cdfd0b2527b28716b
candidate,1,5,1000000,int,TRUE,scale_general,double,compact,1,244,0.148,0.149,38447e334649e5d7eda33f0001bed517c428980c028a15d2e1699be9ef65cf3a,256764253c19afe4b22c7738fb2f83098a03d4dbde3db39ee8c24b205a95942a,1003,float,244,TRUE,TRUE,FALSE,FALSE,FALSE,FALSE,FALSE,FALSE,5af7169f9d20a77a6f06236647a66be1493d6e155163c245a466bda43242d0e7,6a2baa27cd05157233063b825243be4bdf1a2dbc88db2a6cdfd0b2527b28716b
candidate,1,5,1000000,int,TRUE,scale_general,double,typed_double,2,552,0.148000000000001,0.149,69569d7d3b174986a7ae48d2c2f67dcea32be4e102725873e2cfa7cf5e4f9d02,256764253c19afe4b22c7738fb2f83098a03d4dbde3db39ee8c24b205a95942a,1003,double,552,FALSE,FALSE,FALSE,FALSE,FALSE,FALSE,FALSE,FALSE,5af7169f9d20a77a6f06236647a66be1493d6e155163c245a466bda43242d0e7,6a2baa27cd05157233063b825243be4bdf1a2dbc88db2a6cdfd0b2527b28716b
candidate,1,5,1000000,int,TRUE,scale_general,double,ordinary,3,625,0.164,0.164,ea5220c4891c83ca4d6c555d28f6502adbaf6141ce7d6cf4825e9d27d0d51944,256764253c19afe4b22c7738fb2f83098a03d4dbde3db39ee8c24b205a95942a,1003,,0,FALSE,FALSE,FALSE,FALSE,FALSE,FALSE,FALSE,FALSE,5af7169f9d20a77a6f06236647a66be1493d6e155163c245a466bda43242d0e7,6a2baa27cd05157233063b825243be4bdf1a2dbc88db2a6cdfd0b2527b28716b
candidate,1,6,1000000,int,TRUE,pair_compact_double,double,typed_double,1,481,0.166,0.166,087fb12a32e314d333c4287225113c3c6e3a135a9c18c162b3b5753b80f4350c,d842a810a046337b5363ff7dafdaa01aa4553912ce2afa4ee95c617158d8e0e7,2011,double,481,FALSE,FALSE,FALSE,FALSE,FALSE,FALSE,FALSE,FALSE,5af7169f9d20a77a6f06236647a66be1493d6e155163c245a466bda43242d0e7,6a2baa27cd05157233063b825243be4bdf1a2dbc88db2a6cdfd0b2527b28716b
candidate,1,6,1000000,int,TRUE,pair_compact_double,double,ordinary,2,605,0.151,0.15,ea5ac2e3896755c3d5082b83561d8673bb4f0147a7690b804a8d74cecbeda4c1,d842a810a046337b5363ff7dafdaa01aa4553912ce2afa4ee95c617158d8e0e7,2011,,0,FALSE,FALSE,FALSE,FALSE,FALSE,FALSE,FALSE,FALSE,5af7169f9d20a77a6f06236647a66be1493d6e155163c245a466bda43242d0e7,6a2baa27cd05157233063b825243be4bdf1a2dbc88db2a6cdfd0b2527b28716b
candidate,1,6,1000000,int,TRUE,pair_compact_double,double,compact,3,368,0.148000000000001,0.148,087fb12a32e314d333c4287225113c3c6e3a135a9c18c162b3b5753b80f4350c,d842a810a046337b5363ff7dafdaa01aa4553912ce2afa4ee95c617158d8e0e7,2011,double,368,TRUE,TRUE,FALSE,FALSE,FALSE,FALSE,FALSE,FALSE,5af7169f9d20a77a6f06236647a66be1493d6e155163c245a466bda43242d0e7,6a2baa27cd05157233063b825243be4bdf1a2dbc88db2a6cdfd0b2527b28716b
candidate,1,7,1000000,float,FALSE,scale_binary,double,ordinary,1,626,0.148999999999999,0.15,5e4cb543f32269b2c2218b394ad1c41d44f6b32b3f8be7d200655b3b7d11f177,6506614505e113daab08b3f894ca46d4d61867c7b007c413b47a669abe8aae67,0,,0,FALSE,FALSE,FALSE,FALSE,FALSE,FALSE,FALSE,FALSE,7f1c1a27229f7a699fa85ff90b5be1266497c462407b39b11f6d94015af8e8ad,31d3575e77d9d04b75880bca9e10dbd0e13e61d21795052921dd3f702d909dd7
candidate,1,7,1000000,float,FALSE,scale_binary,double,compact,2,458,0.149000000000001,0.148,5e4cb543f32269b2c2218b394ad1c41d44f6b32b3f8be7d200655b3b7d11f177,6506614505e113daab08b3f894ca46d4d61867c7b007c413b47a669abe8aae67,0,float,458,TRUE,TRUE,FALSE,FALSE,FALSE,FALSE,FALSE,FALSE,7f1c1a27229f7a699fa85ff90b5be1266497c462407b39b11f6d94015af8e8ad,31d3575e77d9d04b75880bca9e10dbd0e13e61d21795052921dd3f702d909dd7
candidate,1,7,1000000,float,FALSE,scale_binary,double,typed_double,3,569,0.167999999999999,0.168000000000001,5e4cb543f32269b2c2218b394ad1c41d44f6b32b3f8be7d200655b3b7d11f177,6506614505e113daab08b3f894ca46d4d61867c7b007c413b47a669abe8aae67,0,double,569,FALSE,FALSE,FALSE,FALSE,FALSE,FALSE,FALSE,FALSE,7f1c1a27229f7a699fa85ff90b5be1266497c462407b39b11f6d94015af8e8ad,31d3575e77d9d04b75880bca9e10dbd0e13e61d21795052921dd3f702d909dd7
candidate,1,8,1000000,float,FALSE,scale_general,double,compact,1,318,0.149000000000001,0.149999999999999,72cc5cf98cf5a5166668db2e8420adb3bc862ec1b003fbdd7aeb0a9746f22870,6506614505e113daab08b3f894ca46d4d61867c7b007c413b47a669abe8aae67,0,float,318,TRUE,TRUE,FALSE,FALSE,FALSE,FALSE,FALSE,FALSE,7f1c1a27229f7a699fa85ff90b5be1266497c462407b39b11f6d94015af8e8ad,31d3575e77d9d04b75880bca9e10dbd0e13e61d21795052921dd3f702d909dd7
candidate,1,8,1000000,float,FALSE,scale_general,double,typed_double,2,569,0.151,0.151999999999999,f26b519d09797e4f4941392e4b52f307c71832f0aaad54da617e9078fe055e1c,6506614505e113daab08b3f894ca46d4d61867c7b007c413b47a669abe8aae67,0,double,569,FALSE,FALSE,FALSE,FALSE,FALSE,FALSE,FALSE,FALSE,7f1c1a27229f7a699fa85ff90b5be1266497c462407b39b11f6d94015af8e8ad,31d3575e77d9d04b75880bca9e10dbd0e13e61d21795052921dd3f702d909dd7
candidate,1,8,1000000,float,FALSE,scale_general,double,ordinary,3,625,0.164,0.164000000000001,f26b519d09797e4f4941392e4b52f307c71832f0aaad54da617e9078fe055e1c,6506614505e113daab08b3f894ca46d4d61867c7b007c413b47a669abe8aae67,0,,0,FALSE,FALSE,FALSE,FALSE,FALSE,FALSE,FALSE,FALSE,7f1c1a27229f7a699fa85ff90b5be1266497c462407b39b11f6d94015af8e8ad,31d3575e77d9d04b75880bca9e10dbd0e13e61d21795052921dd3f702d909dd7
candidate,1,9,1000000,float,FALSE,pair_compact_double,double,typed_double,1,494,0.151,0.151999999999999,d0adc5c3f77a8c464e25cdf403e40486acf05d6b089dad00367eb8620a0a608e,6506614505e113daab08b3f894ca46d4d61867c7b007c413b47a669abe8aae67,0,double,494,FALSE,FALSE,FALSE,FALSE,FALSE,FALSE,FALSE,FALSE,7f1c1a27229f7a699fa85ff90b5be1266497c462407b39b11f6d94015af8e8ad,31d3575e77d9d04b75880bca9e10dbd0e13e61d21795052921dd3f702d909dd7
candidate,1,9,1000000,float,FALSE,pair_compact_double,double,ordinary,2,605,0.168000000000001,0.168000000000001,d0adc5c3f77a8c464e25cdf403e40486acf05d6b089dad00367eb8620a0a608e,6506614505e113daab08b3f894ca46d4d61867c7b007c413b47a669abe8aae67,0,,0,FALSE,FALSE,FALSE,FALSE,FALSE,FALSE,FALSE,FALSE,7f1c1a27229f7a699fa85ff90b5be1266497c462407b39b11f6d94015af8e8ad,31d3575e77d9d04b75880bca9e10dbd0e13e61d21795052921dd3f702d909dd7
candidate,1,9,1000000,float,FALSE,pair_compact_double,double,compact,3,494,0.153999999999999,0.153,d0adc5c3f77a8c464e25cdf403e40486acf05d6b089dad00367eb8620a0a608e,6506614505e113daab08b3f894ca46d4d61867c7b007c413b47a669abe8aae67,0,double,494,TRUE,TRUE,FALSE,FALSE,FALSE,FALSE,FALSE,FALSE,7f1c1a27229f7a699fa85ff90b5be1266497c462407b39b11f6d94015af8e8ad,31d3575e77d9d04b75880bca9e10dbd0e13e61d21795052921dd3f702d909dd7
candidate,1,10,1000000,float,TRUE,scale_binary,double,ordinary,1,625,0.151,0.151,21fac45dcda0cbc0ba9e1f553d3be3fedd245b921d5e2e4497a8d64f1e038117,256764253c19afe4b22c7738fb2f83098a03d4dbde3db39ee8c24b205a95942a,1003,,0,FALSE,FALSE,FALSE,FALSE,FALSE,FALSE,FALSE,FALSE,ee8f1f1d17d164fc3d811ad86cc889d11c328f41d3cd55762069bc2161e48c9f,6a2baa27cd05157233063b825243be4bdf1a2dbc88db2a6cdfd0b2527b28716b
candidate,1,10,1000000,float,TRUE,scale_binary,double,compact,2,348,0.112,0.113000000000001,c2d92a8e75010c0ddb80329b9ca6cc4898ca1d4543392f8c8382c3fbfeeb5b4b,256764253c19afe4b22c7738fb2f83098a03d4dbde3db39ee8c24b205a95942a,1003,float,348,TRUE,TRUE,FALSE,FALSE,FALSE,FALSE,FALSE,FALSE,ee8f1f1d17d164fc3d811ad86cc889d11c328f41d3cd55762069bc2161e48c9f,6a2baa27cd05157233063b825243be4bdf1a2dbc88db2a6cdfd0b2527b28716b
candidate,1,10,1000000,float,TRUE,scale_binary,double,typed_double,3,569,0.151,0.151,c2d92a8e75010c0ddb80329b9ca6cc4898ca1d4543392f8c8382c3fbfeeb5b4b,256764253c19afe4b22c7738fb2f83098a03d4dbde3db39ee8c24b205a95942a,1003,double,569,FALSE,FALSE,FALSE,FALSE,FALSE,FALSE,FALSE,FALSE,ee8f1f1d17d164fc3d811ad86cc889d11c328f41d3cd55762069bc2161e48c9f,6a2baa27cd05157233063b825243be4bdf1a2dbc88db2a6cdfd0b2527b28716b
candidate,1,11,1000000,float,TRUE,scale_general,double,compact,1,232,0.150000000000002,0.149000000000001,c58bc992720c328eca610e60f8c3f93d7d61df77946cf51b8626b0d8b78368ef,256764253c19afe4b22c7738fb2f83098a03d4dbde3db39ee8c24b205a95942a,1003,float,232,TRUE,TRUE,FALSE,FALSE,FALSE,FALSE,FALSE,FALSE,ee8f1f1d17d164fc3d811ad86cc889d11c328f41d3cd55762069bc2161e48c9f,6a2baa27cd05157233063b825243be4bdf1a2dbc88db2a6cdfd0b2527b28716b
candidate,1,11,1000000,float,TRUE,scale_general,double,typed_double,2,569,0.166999999999998,0.167000000000002,ea87b3dd63bfda18195aef508608398181a11f876a570f6017c0c100c3497f49,256764253c19afe4b22c7738fb2f83098a03d4dbde3db39ee8c24b205a95942a,1003,double,569,FALSE,FALSE,FALSE,FALSE,FALSE,FALSE,FALSE,FALSE,ee8f1f1d17d164fc3d811ad86cc889d11c328f41d3cd55762069bc2161e48c9f,6a2baa27cd05157233063b825243be4bdf1a2dbc88db2a6cdfd0b2527b28716b
candidate,1,11,1000000,float,TRUE,scale_general,double,ordinary,3,625,0.152000000000001,0.151999999999997,8100d028390097d4a98b44ea0ff4cb617c6204331b80e5c7870832582030541c,256764253c19afe4b22c7738fb2f83098a03d4dbde3db39ee8c24b205a95942a,1003,,0,FALSE,FALSE,FALSE,FALSE,FALSE,FALSE,FALSE,FALSE,ee8f1f1d17d164fc3d811ad86cc889d11c328f41d3cd55762069bc2161e48c9f,6a2baa27cd05157233063b825243be4bdf1a2dbc88db2a6cdfd0b2527b28716b
candidate,1,12,1000000,float,TRUE,pair_compact_double,double,typed_double,1,481,0.167999999999999,0.167999999999999,9778eddf855170d4c4702501b5240fa491a475187859f9e29c120edb42c46621,d842a810a046337b5363ff7dafdaa01aa4553912ce2afa4ee95c617158d8e0e7,2011,double,481,FALSE,FALSE,FALSE,FALSE,FALSE,FALSE,FALSE,FALSE,ee8f1f1d17d164fc3d811ad86cc889d11c328f41d3cd55762069bc2161e48c9f,6a2baa27cd05157233063b825243be4bdf1a2dbc88db2a6cdfd0b2527b28716b
candidate,1,12,1000000,float,TRUE,pair_compact_double,double,ordinary,2,605,0.170999999999999,0.170000000000002,d8927aedee8fcfee16a2d8b73448110e471dbaa24a570b3a223eaaa8fa336e58,d842a810a046337b5363ff7dafdaa01aa4553912ce2afa4ee95c617158d8e0e7,2011,,0,FALSE,FALSE,FALSE,FALSE,FALSE,FALSE,FALSE,FALSE,ee8f1f1d17d164fc3d811ad86cc889d11c328f41d3cd55762069bc2161e48c9f,6a2baa27cd05157233063b825243be4bdf1a2dbc88db2a6cdfd0b2527b28716b
candidate,1,12,1000000,float,TRUE,pair_compact_double,double,compact,3,324,0.151,0.151,9778eddf855170d4c4702501b5240fa491a475187859f9e29c120edb42c46621,d842a810a046337b5363ff7dafdaa01aa4553912ce2afa4ee95c617158d8e0e7,2011,double,324,TRUE,TRUE,FALSE,FALSE,FALSE,FALSE,FALSE,FALSE,ee8f1f1d17d164fc3d811ad86cc889d11c328f41d3cd55762069bc2161e48c9f,6a2baa27cd05157233063b825243be4bdf1a2dbc88db2a6cdfd0b2527b28716b
candidate,2,1,1000000,int,FALSE,scale_binary,double,ordinary,1,399,0.135,0.135,43cbc5fa02580f73a834cffb43a5ba0a0f4d7303cec536a2e3c58f1f469eb824,6506614505e113daab08b3f894ca46d4d61867c7b007c413b47a669abe8aae67,0,,0,FALSE,FALSE,FALSE,FALSE,FALSE,FALSE,FALSE,FALSE,8937acbbe87ff127e6567f97e52c6a17dbe3ea7052a39a3b76abe25c8e7eeb13,31d3575e77d9d04b75880bca9e10dbd0e13e61d21795052921dd3f702d909dd7
candidate,2,1,1000000,int,FALSE,scale_binary,double,typed_double,2,375,0.122,0.12,43cbc5fa02580f73a834cffb43a5ba0a0f4d7303cec536a2e3c58f1f469eb824,6506614505e113daab08b3f894ca46d4d61867c7b007c413b47a669abe8aae67,0,double,375,FALSE,FALSE,FALSE,FALSE,FALSE,FALSE,FALSE,FALSE,8937acbbe87ff127e6567f97e52c6a17dbe3ea7052a39a3b76abe25c8e7eeb13,31d3575e77d9d04b75880bca9e10dbd0e13e61d21795052921dd3f702d909dd7
candidate,2,1,1000000,int,FALSE,scale_binary,double,compact,3,569,0.138,0.139,43cbc5fa02580f73a834cffb43a5ba0a0f4d7303cec536a2e3c58f1f469eb824,6506614505e113daab08b3f894ca46d4d61867c7b007c413b47a669abe8aae67,0,int,569,TRUE,TRUE,FALSE,FALSE,FALSE,FALSE,FALSE,FALSE,8937acbbe87ff127e6567f97e52c6a17dbe3ea7052a39a3b76abe25c8e7eeb13,31d3575e77d9d04b75880bca9e10dbd0e13e61d21795052921dd3f702d909dd7
candidate,2,2,1000000,int,FALSE,scale_general,double,compact,1,241,0.148,0.148,5b22560fab6c3b27f5e82592f7a486b943278dbe0e1d82a8c99735d3ee13430b,6506614505e113daab08b3f894ca46d4d61867c7b007c413b47a669abe8aae67,0,float,241,TRUE,TRUE,FALSE,FALSE,FALSE,FALSE,FALSE,FALSE,8937acbbe87ff127e6567f97e52c6a17dbe3ea7052a39a3b76abe25c8e7eeb13,31d3575e77d9d04b75880bca9e10dbd0e13e61d21795052921dd3f702d909dd7
candidate,2,2,1000000,int,FALSE,scale_general,double,ordinary,2,605,0.165,0.165,98c11364f9b15cf1e1696537d86d727f3e1efaa44f5b303a15ed033179b4e86a,6506614505e113daab08b3f894ca46d4d61867c7b007c413b47a669abe8aae67,0,,0,FALSE,FALSE,FALSE,FALSE,FALSE,FALSE,FALSE,FALSE,8937acbbe87ff127e6567f97e52c6a17dbe3ea7052a39a3b76abe25c8e7eeb13,31d3575e77d9d04b75880bca9e10dbd0e13e61d21795052921dd3f702d909dd7
candidate,2,2,1000000,int,FALSE,scale_general,double,typed_double,3,376,0.122,0.122,98c11364f9b15cf1e1696537d86d727f3e1efaa44f5b303a15ed033179b4e86a,6506614505e113daab08b3f894ca46d4d61867c7b007c413b47a669abe8aae67,0,double,376,FALSE,FALSE,FALSE,FALSE,FALSE,FALSE,FALSE,FALSE,8937acbbe87ff127e6567f97e52c6a17dbe3ea7052a39a3b76abe25c8e7eeb13,31d3575e77d9d04b75880bca9e10dbd0e13e61d21795052921dd3f702d909dd7
candidate,2,3,1000000,int,FALSE,pair_compact_double,double,typed_double,1,458,0.164,0.164,5865d7f437b5487c8061f7274c6507b7ec0fc76362cd655e9259ebb78a28f057,6506614505e113daab08b3f894ca46d4d61867c7b007c413b47a669abe8aae67,0,double,458,FALSE,FALSE,FALSE,FALSE,FALSE,FALSE,FALSE,FALSE,8937acbbe87ff127e6567f97e52c6a17dbe3ea7052a39a3b76abe25c8e7eeb13,31d3575e77d9d04b75880bca9e10dbd0e13e61d21795052921dd3f702d909dd7
candidate,2,3,1000000,int,FALSE,pair_compact_double,double,compact,2,361,0.163999999999999,0.164,5865d7f437b5487c8061f7274c6507b7ec0fc76362cd655e9259ebb78a28f057,6506614505e113daab08b3f894ca46d4d61867c7b007c413b47a669abe8aae67,0,double,361,TRUE,TRUE,FALSE,FALSE,FALSE,FALSE,FALSE,FALSE,8937acbbe87ff127e6567f97e52c6a17dbe3ea7052a39a3b76abe25c8e7eeb13,31d3575e77d9d04b75880bca9e10dbd0e13e61d21795052921dd3f702d909dd7
candidate,2,3,1000000,int,FALSE,pair_compact_double,double,ordinary,3,586,0.167000000000001,0.166,5865d7f437b5487c8061f7274c6507b7ec0fc76362cd655e9259ebb78a28f057,6506614505e113daab08b3f894ca46d4d61867c7b007c413b47a669abe8aae67,0,,0,FALSE,FALSE,FALSE,FALSE,FALSE,FALSE,FALSE,FALSE,8937acbbe87ff127e6567f97e52c6a17dbe3ea7052a39a3b76abe25c8e7eeb13,31d3575e77d9d04b75880bca9e10dbd0e13e61d21795052921dd3f702d909dd7
candidate,2,4,1000000,int,TRUE,scale_binary,double,ordinary,1,625,0.172,0.173,b10ddc1e7177ef92cdb14943c3981218bcd426a31f9c7d156ed4dbd4ea86c948,256764253c19afe4b22c7738fb2f83098a03d4dbde3db39ee8c24b205a95942a,1003,,0,FALSE,FALSE,FALSE,FALSE,FALSE,FALSE,FALSE,FALSE,5af7169f9d20a77a6f06236647a66be1493d6e155163c245a466bda43242d0e7,6a2baa27cd05157233063b825243be4bdf1a2dbc88db2a6cdfd0b2527b28716b
candidate,2,4,1000000,int,TRUE,scale_binary,double,typed_double,2,552,0.168,0.168,406aa86104df9ebd1e49e25bbc9266cbc0cc152fd09e7d28efa1e3b9f07c7f98,256764253c19afe4b22c7738fb2f83098a03d4dbde3db39ee8c24b205a95942a,1003,double,552,FALSE,FALSE,FALSE,FALSE,FALSE,FALSE,FALSE,FALSE,5af7169f9d20a77a6f06236647a66be1493d6e155163c245a466bda43242d0e7,6a2baa27cd05157233063b825243be4bdf1a2dbc88db2a6cdfd0b2527b28716b
candidate,2,4,1000000,int,TRUE,scale_binary,double,compact,3,552,0.147,0.148,406aa86104df9ebd1e49e25bbc9266cbc0cc152fd09e7d28efa1e3b9f07c7f98,256764253c19afe4b22c7738fb2f83098a03d4dbde3db39ee8c24b205a95942a,1003,int,552,TRUE,TRUE,FALSE,FALSE,FALSE,FALSE,FALSE,FALSE,5af7169f9d20a77a6f06236647a66be1493d6e155163c245a466bda43242d0e7,6a2baa27cd05157233063b825243be4bdf1a2dbc88db2a6cdfd0b2527b28716b
candidate,2,5,1000000,int,TRUE,scale_general,double,compact,1,244,0.149999999999999,0.149999999999999,38447e334649e5d7eda33f0001bed517c428980c028a15d2e1699be9ef65cf3a,256764253c19afe4b22c7738fb2f83098a03d4dbde3db39ee8c24b205a95942a,1003,float,244,TRUE,TRUE,FALSE,FALSE,FALSE,FALSE,FALSE,FALSE,5af7169f9d20a77a6f06236647a66be1493d6e155163c245a466bda43242d0e7,6a2baa27cd05157233063b825243be4bdf1a2dbc88db2a6cdfd0b2527b28716b
candidate,2,5,1000000,int,TRUE,scale_general,double,ordinary,2,626,0.153,0.153,ea5220c4891c83ca4d6c555d28f6502adbaf6141ce7d6cf4825e9d27d0d51944,256764253c19afe4b22c7738fb2f83098a03d4dbde3db39ee8c24b205a95942a,1003,,0,FALSE,FALSE,FALSE,FALSE,FALSE,FALSE,FALSE,FALSE,5af7169f9d20a77a6f06236647a66be1493d6e155163c245a466bda43242d0e7,6a2baa27cd05157233063b825243be4bdf1a2dbc88db2a6cdfd0b2527b28716b
candidate,2,5,1000000,int,TRUE,scale_general,double,typed_double,3,569,0.155999999999999,0.154999999999999,69569d7d3b174986a7ae48d2c2f67dcea32be4e102725873e2cfa7cf5e4f9d02,256764253c19afe4b22c7738fb2f83098a03d4dbde3db39ee8c24b205a95942a,1003,double,569,FALSE,FALSE,FALSE,FALSE,FALSE,FALSE,FALSE,FALSE,5af7169f9d20a77a6f06236647a66be1493d6e155163c245a466bda43242d0e7,6a2baa27cd05157233063b825243be4bdf1a2dbc88db2a6cdfd0b2527b28716b
candidate,2,6,1000000,int,TRUE,pair_compact_double,double,typed_double,1,481,0.152999999999999,0.152999999999999,087fb12a32e314d333c4287225113c3c6e3a135a9c18c162b3b5753b80f4350c,d842a810a046337b5363ff7dafdaa01aa4553912ce2afa4ee95c617158d8e0e7,2011,double,481,FALSE,FALSE,FALSE,FALSE,FALSE,FALSE,FALSE,FALSE,5af7169f9d20a77a6f06236647a66be1493d6e155163c245a466bda43242d0e7,6a2baa27cd05157233063b825243be4bdf1a2dbc88db2a6cdfd0b2527b28716b
candidate,2,6,1000000,int,TRUE,pair_compact_double,double,compact,2,368,0.164999999999999,0.164999999999999,087fb12a32e314d333c4287225113c3c6e3a135a9c18c162b3b5753b80f4350c,d842a810a046337b5363ff7dafdaa01aa4553912ce2afa4ee95c617158d8e0e7,2011,double,368,TRUE,TRUE,FALSE,FALSE,FALSE,FALSE,FALSE,FALSE,5af7169f9d20a77a6f06236647a66be1493d6e155163c245a466bda43242d0e7,6a2baa27cd05157233063b825243be4bdf1a2dbc88db2a6cdfd0b2527b28716b
candidate,2,6,1000000,int,TRUE,pair_compact_double,double,ordinary,3,605,0.154,0.154000000000002,ea5ac2e3896755c3d5082b83561d8673bb4f0147a7690b804a8d74cecbeda4c1,d842a810a046337b5363ff7dafdaa01aa4553912ce2afa4ee95c617158d8e0e7,2011,,0,FALSE,FALSE,FALSE,FALSE,FALSE,FALSE,FALSE,FALSE,5af7169f9d20a77a6f06236647a66be1493d6e155163c245a466bda43242d0e7,6a2baa27cd05157233063b825243be4bdf1a2dbc88db2a6cdfd0b2527b28716b
candidate,2,7,1000000,float,FALSE,scale_binary,double,ordinary,1,626,0.168,0.168000000000001,5e4cb543f32269b2c2218b394ad1c41d44f6b32b3f8be7d200655b3b7d11f177,6506614505e113daab08b3f894ca46d4d61867c7b007c413b47a669abe8aae67,0,,0,FALSE,FALSE,FALSE,FALSE,FALSE,FALSE,FALSE,FALSE,7f1c1a27229f7a699fa85ff90b5be1266497c462407b39b11f6d94015af8e8ad,31d3575e77d9d04b75880bca9e10dbd0e13e61d21795052921dd3f702d909dd7
candidate,2,7,1000000,float,FALSE,scale_binary,double,typed_double,2,569,0.169,0.169,5e4cb543f32269b2c2218b394ad1c41d44f6b32b3f8be7d200655b3b7d11f177,6506614505e113daab08b3f894ca46d4d61867c7b007c413b47a669abe8aae67,0,double,569,FALSE,FALSE,FALSE,FALSE,FALSE,FALSE,FALSE,FALSE,7f1c1a27229f7a699fa85ff90b5be1266497c462407b39b11f6d94015af8e8ad,31d3575e77d9d04b75880bca9e10dbd0e13e61d21795052921dd3f702d909dd7
candidate,2,7,1000000,float,FALSE,scale_binary,double,compact,3,458,0.149000000000001,0.148999999999999,5e4cb543f32269b2c2218b394ad1c41d44f6b32b3f8be7d200655b3b7d11f177,6506614505e113daab08b3f894ca46d4d61867c7b007c413b47a669abe8aae67,0,float,458,TRUE,TRUE,FALSE,FALSE,FALSE,FALSE,FALSE,FALSE,7f1c1a27229f7a699fa85ff90b5be1266497c462407b39b11f6d94015af8e8ad,31d3575e77d9d04b75880bca9e10dbd0e13e61d21795052921dd3f702d909dd7
candidate,2,8,1000000,float,FALSE,scale_general,double,compact,1,313,0.147,0.146999999999998,72cc5cf98cf5a5166668db2e8420adb3bc862ec1b003fbdd7aeb0a9746f22870,6506614505e113daab08b3f894ca46d4d61867c7b007c413b47a669abe8aae67,0,float,313,TRUE,TRUE,FALSE,FALSE,FALSE,FALSE,FALSE,FALSE,7f1c1a27229f7a699fa85ff90b5be1266497c462407b39b11f6d94015af8e8ad,31d3575e77d9d04b75880bca9e10dbd0e13e61d21795052921dd3f702d909dd7
candidate,2,8,1000000,float,FALSE,scale_general,double,ordinary,2,625,0.164999999999999,0.164999999999999,f26b519d09797e4f4941392e4b52f307c71832f0aaad54da617e9078fe055e1c,6506614505e113daab08b3f894ca46d4d61867c7b007c413b47a669abe8aae67,0,,0,FALSE,FALSE,FALSE,FALSE,FALSE,FALSE,FALSE,FALSE,7f1c1a27229f7a699fa85ff90b5be1266497c462407b39b11f6d94015af8e8ad,31d3575e77d9d04b75880bca9e10dbd0e13e61d21795052921dd3f702d909dd7
candidate,2,8,1000000,float,FALSE,scale_general,double,typed_double,3,552,0.149000000000001,0.148999999999999,f26b519d09797e4f4941392e4b52f307c71832f0aaad54da617e9078fe055e1c,6506614505e113daab08b3f894ca46d4d61867c7b007c413b47a669abe8aae67,0,double,552,FALSE,FALSE,FALSE,FALSE,FALSE,FALSE,FALSE,FALSE,7f1c1a27229f7a699fa85ff90b5be1266497c462407b39b11f6d94015af8e8ad,31d3575e77d9d04b75880bca9e10dbd0e13e61d21795052921dd3f702d909dd7
candidate,2,9,1000000,float,FALSE,pair_compact_double,double,typed_double,1,481,0.149000000000001,0.148999999999999,d0adc5c3f77a8c464e25cdf403e40486acf05d6b089dad00367eb8620a0a608e,6506614505e113daab08b3f894ca46d4d61867c7b007c413b47a669abe8aae67,0,double,481,FALSE,FALSE,FALSE,FALSE,FALSE,FALSE,FALSE,FALSE,7f1c1a27229f7a699fa85ff90b5be1266497c462407b39b11f6d94015af8e8ad,31d3575e77d9d04b75880bca9e10dbd0e13e61d21795052921dd3f702d909dd7
candidate,2,9,1000000,float,FALSE,pair_compact_double,double,compact,2,481,0.167,0.167,d0adc5c3f77a8c464e25cdf403e40486acf05d6b089dad00367eb8620a0a608e,6506614505e113daab08b3f894ca46d4d61867c7b007c413b47a669abe8aae67,0,double,481,TRUE,TRUE,FALSE,FALSE,FALSE,FALSE,FALSE,FALSE,7f1c1a27229f7a699fa85ff90b5be1266497c462407b39b11f6d94015af8e8ad,31d3575e77d9d04b75880bca9e10dbd0e13e61d21795052921dd3f702d909dd7
candidate,2,9,1000000,float,FALSE,pair_compact_double,double,ordinary,3,605,0.153000000000001,0.151999999999999,d0adc5c3f77a8c464e25cdf403e40486acf05d6b089dad00367eb8620a0a608e,6506614505e113daab08b3f894ca46d4d61867c7b007c413b47a669abe8aae67,0,,0,FALSE,FALSE,FALSE,FALSE,FALSE,FALSE,FALSE,FALSE,7f1c1a27229f7a699fa85ff90b5be1266497c462407b39b11f6d94015af8e8ad,31d3575e77d9d04b75880bca9e10dbd0e13e61d21795052921dd3f702d909dd7
candidate,2,10,1000000,float,TRUE,scale_binary,double,ordinary,1,521,0.139,0.138,21fac45dcda0cbc0ba9e1f553d3be3fedd245b921d5e2e4497a8d64f1e038117,256764253c19afe4b22c7738fb2f83098a03d4dbde3db39ee8c24b205a95942a,1003,,0,FALSE,FALSE,FALSE,FALSE,FALSE,FALSE,FALSE,FALSE,ee8f1f1d17d164fc3d811ad86cc889d11c328f41d3cd55762069bc2161e48c9f,6a2baa27cd05157233063b825243be4bdf1a2dbc88db2a6cdfd0b2527b28716b
candidate,2,10,1000000,float,TRUE,scale_binary,double,typed_double,2,569,0.155,0.154999999999999,c2d92a8e75010c0ddb80329b9ca6cc4898ca1d4543392f8c8382c3fbfeeb5b4b,256764253c19afe4b22c7738fb2f83098a03d4dbde3db39ee8c24b205a95942a,1003,double,569,FALSE,FALSE,FALSE,FALSE,FALSE,FALSE,FALSE,FALSE,ee8f1f1d17d164fc3d811ad86cc889d11c328f41d3cd55762069bc2161e48c9f,6a2baa27cd05157233063b825243be4bdf1a2dbc88db2a6cdfd0b2527b28716b
candidate,2,10,1000000,float,TRUE,scale_binary,double,compact,3,458,0.148999999999997,0.148999999999997,c2d92a8e75010c0ddb80329b9ca6cc4898ca1d4543392f8c8382c3fbfeeb5b4b,256764253c19afe4b22c7738fb2f83098a03d4dbde3db39ee8c24b205a95942a,1003,float,458,TRUE,TRUE,FALSE,FALSE,FALSE,FALSE,FALSE,FALSE,ee8f1f1d17d164fc3d811ad86cc889d11c328f41d3cd55762069bc2161e48c9f,6a2baa27cd05157233063b825243be4bdf1a2dbc88db2a6cdfd0b2527b28716b
candidate,2,11,1000000,float,TRUE,scale_general,double,compact,1,232,0.149999999999999,0.149999999999999,c58bc992720c328eca610e60f8c3f93d7d61df77946cf51b8626b0d8b78368ef,256764253c19afe4b22c7738fb2f83098a03d4dbde3db39ee8c24b205a95942a,1003,float,232,TRUE,TRUE,FALSE,FALSE,FALSE,FALSE,FALSE,FALSE,ee8f1f1d17d164fc3d811ad86cc889d11c328f41d3cd55762069bc2161e48c9f,6a2baa27cd05157233063b825243be4bdf1a2dbc88db2a6cdfd0b2527b28716b
candidate,2,11,1000000,float,TRUE,scale_general,double,ordinary,2,625,0.164999999999999,0.164999999999999,8100d028390097d4a98b44ea0ff4cb617c6204331b80e5c7870832582030541c,256764253c19afe4b22c7738fb2f83098a03d4dbde3db39ee8c24b205a95942a,1003,,0,FALSE,FALSE,FALSE,FALSE,FALSE,FALSE,FALSE,FALSE,ee8f1f1d17d164fc3d811ad86cc889d11c328f41d3cd55762069bc2161e48c9f,6a2baa27cd05157233063b825243be4bdf1a2dbc88db2a6cdfd0b2527b28716b
candidate,2,11,1000000,float,TRUE,scale_general,double,typed_double,3,569,0.153000000000001,0.152999999999999,ea87b3dd63bfda18195aef508608398181a11f876a570f6017c0c100c3497f49,256764253c19afe4b22c7738fb2f83098a03d4dbde3db39ee8c24b205a95942a,1003,double,569,FALSE,FALSE,FALSE,FALSE,FALSE,FALSE,FALSE,FALSE,ee8f1f1d17d164fc3d811ad86cc889d11c328f41d3cd55762069bc2161e48c9f,6a2baa27cd05157233063b825243be4bdf1a2dbc88db2a6cdfd0b2527b28716b
candidate,2,12,1000000,float,TRUE,pair_compact_double,double,typed_double,1,494,0.169,0.169,9778eddf855170d4c4702501b5240fa491a475187859f9e29c120edb42c46621,d842a810a046337b5363ff7dafdaa01aa4553912ce2afa4ee95c617158d8e0e7,2011,double,494,FALSE,FALSE,FALSE,FALSE,FALSE,FALSE,FALSE,FALSE,ee8f1f1d17d164fc3d811ad86cc889d11c328f41d3cd55762069bc2161e48c9f,6a2baa27cd05157233063b825243be4bdf1a2dbc88db2a6cdfd0b2527b28716b
candidate,2,12,1000000,float,TRUE,pair_compact_double,double,compact,2,329,0.151999999999997,0.152000000000001,9778eddf855170d4c4702501b5240fa491a475187859f9e29c120edb42c46621,d842a810a046337b5363ff7dafdaa01aa4553912ce2afa4ee95c617158d8e0e7,2011,double,329,TRUE,TRUE,FALSE,FALSE,FALSE,FALSE,FALSE,FALSE,ee8f1f1d17d164fc3d811ad86cc889d11c328f41d3cd55762069bc2161e48c9f,6a2baa27cd05157233063b825243be4bdf1a2dbc88db2a6cdfd0b2527b28716b
candidate,2,12,1000000,float,TRUE,pair_compact_double,double,ordinary,3,605,0.152,0.152000000000001,d8927aedee8fcfee16a2d8b73448110e471dbaa24a570b3a223eaaa8fa336e58,d842a810a046337b5363ff7dafdaa01aa4553912ce2afa4ee95c617158d8e0e7,2011,,0,FALSE,FALSE,FALSE,FALSE,FALSE,FALSE,FALSE,FALSE,ee8f1f1d17d164fc3d811ad86cc889d11c328f41d3cd55762069bc2161e48c9f,6a2baa27cd05157233063b825243be4bdf1a2dbc88db2a6cdfd0b2527b28716b
baseline,2,1,1000000,int,FALSE,scale_binary,double,ordinary,1,408,0.137,0.137,43cbc5fa02580f73a834cffb43a5ba0a0f4d7303cec536a2e3c58f1f469eb824,6506614505e113daab08b3f894ca46d4d61867c7b007c413b47a669abe8aae67,0,,0,FALSE,FALSE,FALSE,FALSE,FALSE,FALSE,FALSE,FALSE,8937acbbe87ff127e6567f97e52c6a17dbe3ea7052a39a3b76abe25c8e7eeb13,31d3575e77d9d04b75880bca9e10dbd0e13e61d21795052921dd3f702d909dd7
baseline,2,1,1000000,int,FALSE,scale_binary,double,typed_double,2,368,0.103,0.103,43cbc5fa02580f73a834cffb43a5ba0a0f4d7303cec536a2e3c58f1f469eb824,6506614505e113daab08b3f894ca46d4d61867c7b007c413b47a669abe8aae67,0,double,368,FALSE,FALSE,FALSE,FALSE,FALSE,FALSE,FALSE,FALSE,8937acbbe87ff127e6567f97e52c6a17dbe3ea7052a39a3b76abe25c8e7eeb13,31d3575e77d9d04b75880bca9e10dbd0e13e61d21795052921dd3f702d909dd7
baseline,2,1,1000000,int,FALSE,scale_binary,double,compact,3,569,0.153,0.153,43cbc5fa02580f73a834cffb43a5ba0a0f4d7303cec536a2e3c58f1f469eb824,6506614505e113daab08b3f894ca46d4d61867c7b007c413b47a669abe8aae67,0,int,569,TRUE,TRUE,FALSE,FALSE,FALSE,FALSE,FALSE,FALSE,8937acbbe87ff127e6567f97e52c6a17dbe3ea7052a39a3b76abe25c8e7eeb13,31d3575e77d9d04b75880bca9e10dbd0e13e61d21795052921dd3f702d909dd7
baseline,2,2,1000000,int,FALSE,scale_general,double,compact,1,244,0.15,0.151,5b22560fab6c3b27f5e82592f7a486b943278dbe0e1d82a8c99735d3ee13430b,6506614505e113daab08b3f894ca46d4d61867c7b007c413b47a669abe8aae67,0,float,244,TRUE,TRUE,FALSE,FALSE,FALSE,FALSE,FALSE,FALSE,8937acbbe87ff127e6567f97e52c6a17dbe3ea7052a39a3b76abe25c8e7eeb13,31d3575e77d9d04b75880bca9e10dbd0e13e61d21795052921dd3f702d909dd7
baseline,2,2,1000000,int,FALSE,scale_general,double,ordinary,2,605,0.165,0.166,98c11364f9b15cf1e1696537d86d727f3e1efaa44f5b303a15ed033179b4e86a,6506614505e113daab08b3f894ca46d4d61867c7b007c413b47a669abe8aae67,0,,0,FALSE,FALSE,FALSE,FALSE,FALSE,FALSE,FALSE,FALSE,8937acbbe87ff127e6567f97e52c6a17dbe3ea7052a39a3b76abe25c8e7eeb13,31d3575e77d9d04b75880bca9e10dbd0e13e61d21795052921dd3f702d909dd7
baseline,2,2,1000000,int,FALSE,scale_general,double,typed_double,3,536,0.162,0.162,98c11364f9b15cf1e1696537d86d727f3e1efaa44f5b303a15ed033179b4e86a,6506614505e113daab08b3f894ca46d4d61867c7b007c413b47a669abe8aae67,0,double,536,FALSE,FALSE,FALSE,FALSE,FALSE,FALSE,FALSE,FALSE,8937acbbe87ff127e6567f97e52c6a17dbe3ea7052a39a3b76abe25c8e7eeb13,31d3575e77d9d04b75880bca9e10dbd0e13e61d21795052921dd3f702d909dd7
baseline,2,3,1000000,int,FALSE,pair_compact_double,double,typed_double,1,469,0.167,0.167,5865d7f437b5487c8061f7274c6507b7ec0fc76362cd655e9259ebb78a28f057,6506614505e113daab08b3f894ca46d4d61867c7b007c413b47a669abe8aae67,0,double,469,FALSE,FALSE,FALSE,FALSE,FALSE,FALSE,FALSE,FALSE,8937acbbe87ff127e6567f97e52c6a17dbe3ea7052a39a3b76abe25c8e7eeb13,31d3575e77d9d04b75880bca9e10dbd0e13e61d21795052921dd3f702d909dd7
baseline,2,3,1000000,int,FALSE,pair_compact_double,double,compact,2,361,0.165,0.164000000000001,5865d7f437b5487c8061f7274c6507b7ec0fc76362cd655e9259ebb78a28f057,6506614505e113daab08b3f894ca46d4d61867c7b007c413b47a669abe8aae67,0,double,361,TRUE,TRUE,FALSE,FALSE,FALSE,FALSE,FALSE,FALSE,8937acbbe87ff127e6567f97e52c6a17dbe3ea7052a39a3b76abe25c8e7eeb13,31d3575e77d9d04b75880bca9e10dbd0e13e61d21795052921dd3f702d909dd7
baseline,2,3,1000000,int,FALSE,pair_compact_double,double,ordinary,3,586,0.151000000000001,0.151,5865d7f437b5487c8061f7274c6507b7ec0fc76362cd655e9259ebb78a28f057,6506614505e113daab08b3f894ca46d4d61867c7b007c413b47a669abe8aae67,0,,0,FALSE,FALSE,FALSE,FALSE,FALSE,FALSE,FALSE,FALSE,8937acbbe87ff127e6567f97e52c6a17dbe3ea7052a39a3b76abe25c8e7eeb13,31d3575e77d9d04b75880bca9e10dbd0e13e61d21795052921dd3f702d909dd7
baseline,2,4,1000000,int,TRUE,scale_binary,double,ordinary,1,626,0.167999999999999,0.168,b10ddc1e7177ef92cdb14943c3981218bcd426a31f9c7d156ed4dbd4ea86c948,256764253c19afe4b22c7738fb2f83098a03d4dbde3db39ee8c24b205a95942a,1003,,0,FALSE,FALSE,FALSE,FALSE,FALSE,FALSE,FALSE,FALSE,5af7169f9d20a77a6f06236647a66be1493d6e155163c245a466bda43242d0e7,6a2baa27cd05157233063b825243be4bdf1a2dbc88db2a6cdfd0b2527b28716b
baseline,2,4,1000000,int,TRUE,scale_binary,double,typed_double,2,552,0.167,0.167,406aa86104df9ebd1e49e25bbc9266cbc0cc152fd09e7d28efa1e3b9f07c7f98,256764253c19afe4b22c7738fb2f83098a03d4dbde3db39ee8c24b205a95942a,1003,double,552,FALSE,FALSE,FALSE,FALSE,FALSE,FALSE,FALSE,FALSE,5af7169f9d20a77a6f06236647a66be1493d6e155163c245a466bda43242d0e7,6a2baa27cd05157233063b825243be4bdf1a2dbc88db2a6cdfd0b2527b28716b
baseline,2,4,1000000,int,TRUE,scale_binary,double,compact,3,552,0.133999999999999,0.133999999999999,406aa86104df9ebd1e49e25bbc9266cbc0cc152fd09e7d28efa1e3b9f07c7f98,256764253c19afe4b22c7738fb2f83098a03d4dbde3db39ee8c24b205a95942a,1003,int,552,TRUE,TRUE,FALSE,FALSE,FALSE,FALSE,FALSE,FALSE,5af7169f9d20a77a6f06236647a66be1493d6e155163c245a466bda43242d0e7,6a2baa27cd05157233063b825243be4bdf1a2dbc88db2a6cdfd0b2527b28716b
baseline,2,5,1000000,int,TRUE,scale_general,double,compact,1,244,0.149,0.149,38447e334649e5d7eda33f0001bed517c428980c028a15d2e1699be9ef65cf3a,256764253c19afe4b22c7738fb2f83098a03d4dbde3db39ee8c24b205a95942a,1003,float,244,TRUE,TRUE,FALSE,FALSE,FALSE,FALSE,FALSE,FALSE,5af7169f9d20a77a6f06236647a66be1493d6e155163c245a466bda43242d0e7,6a2baa27cd05157233063b825243be4bdf1a2dbc88db2a6cdfd0b2527b28716b
baseline,2,5,1000000,int,TRUE,scale_general,double,ordinary,2,417,0.102,0.101,ea5220c4891c83ca4d6c555d28f6502adbaf6141ce7d6cf4825e9d27d0d51944,256764253c19afe4b22c7738fb2f83098a03d4dbde3db39ee8c24b205a95942a,1003,,0,FALSE,FALSE,FALSE,FALSE,FALSE,FALSE,FALSE,FALSE,5af7169f9d20a77a6f06236647a66be1493d6e155163c245a466bda43242d0e7,6a2baa27cd05157233063b825243be4bdf1a2dbc88db2a6cdfd0b2527b28716b
baseline,2,5,1000000,int,TRUE,scale_general,double,typed_double,3,552,0.167,0.167,69569d7d3b174986a7ae48d2c2f67dcea32be4e102725873e2cfa7cf5e4f9d02,256764253c19afe4b22c7738fb2f83098a03d4dbde3db39ee8c24b205a95942a,1003,double,552,FALSE,FALSE,FALSE,FALSE,FALSE,FALSE,FALSE,FALSE,5af7169f9d20a77a6f06236647a66be1493d6e155163c245a466bda43242d0e7,6a2baa27cd05157233063b825243be4bdf1a2dbc88db2a6cdfd0b2527b28716b
baseline,2,6,1000000,int,TRUE,pair_compact_double,double,typed_double,1,481,0.151999999999999,0.151,087fb12a32e314d333c4287225113c3c6e3a135a9c18c162b3b5753b80f4350c,d842a810a046337b5363ff7dafdaa01aa4553912ce2afa4ee95c617158d8e0e7,2011,double,481,FALSE,FALSE,FALSE,FALSE,FALSE,FALSE,FALSE,FALSE,5af7169f9d20a77a6f06236647a66be1493d6e155163c245a466bda43242d0e7,6a2baa27cd05157233063b825243be4bdf1a2dbc88db2a6cdfd0b2527b28716b
baseline,2,6,1000000,int,TRUE,pair_compact_double,double,compact,2,375,0.167999999999999,0.167999999999999,087fb12a32e314d333c4287225113c3c6e3a135a9c18c162b3b5753b80f4350c,d842a810a046337b5363ff7dafdaa01aa4553912ce2afa4ee95c617158d8e0e7,2011,double,375,TRUE,TRUE,FALSE,FALSE,FALSE,FALSE,FALSE,FALSE,5af7169f9d20a77a6f06236647a66be1493d6e155163c245a466bda43242d0e7,6a2baa27cd05157233063b825243be4bdf1a2dbc88db2a6cdfd0b2527b28716b
baseline,2,6,1000000,int,TRUE,pair_compact_double,double,ordinary,3,586,0.149,0.148,ea5ac2e3896755c3d5082b83561d8673bb4f0147a7690b804a8d74cecbeda4c1,d842a810a046337b5363ff7dafdaa01aa4553912ce2afa4ee95c617158d8e0e7,2011,,0,FALSE,FALSE,FALSE,FALSE,FALSE,FALSE,FALSE,FALSE,5af7169f9d20a77a6f06236647a66be1493d6e155163c245a466bda43242d0e7,6a2baa27cd05157233063b825243be4bdf1a2dbc88db2a6cdfd0b2527b28716b
baseline,2,7,1000000,float,FALSE,scale_binary,double,ordinary,1,626,0.165000000000001,0.164,5e4cb543f32269b2c2218b394ad1c41d44f6b32b3f8be7d200655b3b7d11f177,6506614505e113daab08b3f894ca46d4d61867c7b007c413b47a669abe8aae67,0,,0,FALSE,FALSE,FALSE,FALSE,FALSE,FALSE,FALSE,FALSE,7f1c1a27229f7a699fa85ff90b5be1266497c462407b39b11f6d94015af8e8ad,31d3575e77d9d04b75880bca9e10dbd0e13e61d21795052921dd3f702d909dd7
baseline,2,7,1000000,float,FALSE,scale_binary,double,typed_double,2,569,0.168000000000001,0.169,5e4cb543f32269b2c2218b394ad1c41d44f6b32b3f8be7d200655b3b7d11f177,6506614505e113daab08b3f894ca46d4d61867c7b007c413b47a669abe8aae67,0,double,569,FALSE,FALSE,FALSE,FALSE,FALSE,FALSE,FALSE,FALSE,7f1c1a27229f7a699fa85ff90b5be1266497c462407b39b11f6d94015af8e8ad,31d3575e77d9d04b75880bca9e10dbd0e13e61d21795052921dd3f702d909dd7
baseline,2,7,1000000,float,FALSE,scale_binary,double,compact,3,458,0.149000000000001,0.148999999999999,5e4cb543f32269b2c2218b394ad1c41d44f6b32b3f8be7d200655b3b7d11f177,6506614505e113daab08b3f894ca46d4d61867c7b007c413b47a669abe8aae67,0,float,458,TRUE,TRUE,FALSE,FALSE,FALSE,FALSE,FALSE,FALSE,7f1c1a27229f7a699fa85ff90b5be1266497c462407b39b11f6d94015af8e8ad,31d3575e77d9d04b75880bca9e10dbd0e13e61d21795052921dd3f702d909dd7
baseline,2,8,1000000,float,FALSE,scale_general,double,compact,1,318,0.15,0.15,72cc5cf98cf5a5166668db2e8420adb3bc862ec1b003fbdd7aeb0a9746f22870,6506614505e113daab08b3f894ca46d4d61867c7b007c413b47a669abe8aae67,0,float,318,TRUE,TRUE,FALSE,FALSE,FALSE,FALSE,FALSE,FALSE,7f1c1a27229f7a699fa85ff90b5be1266497c462407b39b11f6d94015af8e8ad,31d3575e77d9d04b75880bca9e10dbd0e13e61d21795052921dd3f702d909dd7
baseline,2,8,1000000,float,FALSE,scale_general,double,ordinary,2,647,0.171999999999999,0.171999999999999,f26b519d09797e4f4941392e4b52f307c71832f0aaad54da617e9078fe055e1c,6506614505e113daab08b3f894ca46d4d61867c7b007c413b47a669abe8aae67,0,,0,FALSE,FALSE,FALSE,FALSE,FALSE,FALSE,FALSE,FALSE,7f1c1a27229f7a699fa85ff90b5be1266497c462407b39b11f6d94015af8e8ad,31d3575e77d9d04b75880bca9e10dbd0e13e61d21795052921dd3f702d909dd7
baseline,2,8,1000000,float,FALSE,scale_general,double,typed_double,3,552,0.148999999999999,0.15,f26b519d09797e4f4941392e4b52f307c71832f0aaad54da617e9078fe055e1c,6506614505e113daab08b3f894ca46d4d61867c7b007c413b47a669abe8aae67,0,double,552,FALSE,FALSE,FALSE,FALSE,FALSE,FALSE,FALSE,FALSE,7f1c1a27229f7a699fa85ff90b5be1266497c462407b39b11f6d94015af8e8ad,31d3575e77d9d04b75880bca9e10dbd0e13e61d21795052921dd3f702d909dd7
baseline,2,9,1000000,float,FALSE,pair_compact_double,double,typed_double,1,341,0.104999999999999,0.106,d0adc5c3f77a8c464e25cdf403e40486acf05d6b089dad00367eb8620a0a608e,6506614505e113daab08b3f894ca46d4d61867c7b007c413b47a669abe8aae67,0,double,341,FALSE,FALSE,FALSE,FALSE,FALSE,FALSE,FALSE,FALSE,7f1c1a27229f7a699fa85ff90b5be1266497c462407b39b11f6d94015af8e8ad,31d3575e77d9d04b75880bca9e10dbd0e13e61d21795052921dd3f702d909dd7
baseline,2,9,1000000,float,FALSE,pair_compact_double,double,compact,2,481,0.152,0.151999999999999,d0adc5c3f77a8c464e25cdf403e40486acf05d6b089dad00367eb8620a0a608e,6506614505e113daab08b3f894ca46d4d61867c7b007c413b47a669abe8aae67,0,double,481,TRUE,TRUE,FALSE,FALSE,FALSE,FALSE,FALSE,FALSE,7f1c1a27229f7a699fa85ff90b5be1266497c462407b39b11f6d94015af8e8ad,31d3575e77d9d04b75880bca9e10dbd0e13e61d21795052921dd3f702d909dd7
baseline,2,9,1000000,float,FALSE,pair_compact_double,double,ordinary,3,605,0.169,0.169,d0adc5c3f77a8c464e25cdf403e40486acf05d6b089dad00367eb8620a0a608e,6506614505e113daab08b3f894ca46d4d61867c7b007c413b47a669abe8aae67,0,,0,FALSE,FALSE,FALSE,FALSE,FALSE,FALSE,FALSE,FALSE,7f1c1a27229f7a699fa85ff90b5be1266497c462407b39b11f6d94015af8e8ad,31d3575e77d9d04b75880bca9e10dbd0e13e61d21795052921dd3f702d909dd7
baseline,2,10,1000000,float,TRUE,scale_binary,double,ordinary,1,625,0.157,0.157,21fac45dcda0cbc0ba9e1f553d3be3fedd245b921d5e2e4497a8d64f1e038117,256764253c19afe4b22c7738fb2f83098a03d4dbde3db39ee8c24b205a95942a,1003,,0,FALSE,FALSE,FALSE,FALSE,FALSE,FALSE,FALSE,FALSE,ee8f1f1d17d164fc3d811ad86cc889d11c328f41d3cd55762069bc2161e48c9f,6a2baa27cd05157233063b825243be4bdf1a2dbc88db2a6cdfd0b2527b28716b
baseline,2,10,1000000,float,TRUE,scale_binary,double,typed_double,2,552,0.163999999999998,0.163,c2d92a8e75010c0ddb80329b9ca6cc4898ca1d4543392f8c8382c3fbfeeb5b4b,256764253c19afe4b22c7738fb2f83098a03d4dbde3db39ee8c24b205a95942a,1003,double,552,FALSE,FALSE,FALSE,FALSE,FALSE,FALSE,FALSE,FALSE,ee8f1f1d17d164fc3d811ad86cc889d11c328f41d3cd55762069bc2161e48c9f,6a2baa27cd05157233063b825243be4bdf1a2dbc88db2a6cdfd0b2527b28716b
baseline,2,10,1000000,float,TRUE,scale_binary,double,compact,3,458,0.148,0.148,c2d92a8e75010c0ddb80329b9ca6cc4898ca1d4543392f8c8382c3fbfeeb5b4b,256764253c19afe4b22c7738fb2f83098a03d4dbde3db39ee8c24b205a95942a,1003,float,458,TRUE,TRUE,FALSE,FALSE,FALSE,FALSE,FALSE,FALSE,ee8f1f1d17d164fc3d811ad86cc889d11c328f41d3cd55762069bc2161e48c9f,6a2baa27cd05157233063b825243be4bdf1a2dbc88db2a6cdfd0b2527b28716b
baseline,2,11,1000000,float,TRUE,scale_general,double,compact,1,207,0.150999999999999,0.151,c58bc992720c328eca610e60f8c3f93d7d61df77946cf51b8626b0d8b78368ef,256764253c19afe4b22c7738fb2f83098a03d4dbde3db39ee8c24b205a95942a,1003,float,207,TRUE,TRUE,FALSE,FALSE,FALSE,FALSE,FALSE,FALSE,ee8f1f1d17d164fc3d811ad86cc889d11c328f41d3cd55762069bc2161e48c9f,6a2baa27cd05157233063b825243be4bdf1a2dbc88db2a6cdfd0b2527b28716b
baseline,2,11,1000000,float,TRUE,scale_general,double,ordinary,2,626,0.166,0.166999999999998,8100d028390097d4a98b44ea0ff4cb617c6204331b80e5c7870832582030541c,256764253c19afe4b22c7738fb2f83098a03d4dbde3db39ee8c24b205a95942a,1003,,0,FALSE,FALSE,FALSE,FALSE,FALSE,FALSE,FALSE,FALSE,ee8f1f1d17d164fc3d811ad86cc889d11c328f41d3cd55762069bc2161e48c9f,6a2baa27cd05157233063b825243be4bdf1a2dbc88db2a6cdfd0b2527b28716b
baseline,2,11,1000000,float,TRUE,scale_general,double,typed_double,3,569,0.155,0.154,ea87b3dd63bfda18195aef508608398181a11f876a570f6017c0c100c3497f49,256764253c19afe4b22c7738fb2f83098a03d4dbde3db39ee8c24b205a95942a,1003,double,569,FALSE,FALSE,FALSE,FALSE,FALSE,FALSE,FALSE,FALSE,ee8f1f1d17d164fc3d811ad86cc889d11c328f41d3cd55762069bc2161e48c9f,6a2baa27cd05157233063b825243be4bdf1a2dbc88db2a6cdfd0b2527b28716b
baseline,2,12,1000000,float,TRUE,pair_compact_double,double,typed_double,1,481,0.152,0.151,9778eddf855170d4c4702501b5240fa491a475187859f9e29c120edb42c46621,d842a810a046337b5363ff7dafdaa01aa4553912ce2afa4ee95c617158d8e0e7,2011,double,481,FALSE,FALSE,FALSE,FALSE,FALSE,FALSE,FALSE,FALSE,ee8f1f1d17d164fc3d811ad86cc889d11c328f41d3cd55762069bc2161e48c9f,6a2baa27cd05157233063b825243be4bdf1a2dbc88db2a6cdfd0b2527b28716b
baseline,2,12,1000000,float,TRUE,pair_compact_double,double,compact,2,272,0.162000000000001,0.161000000000001,9778eddf855170d4c4702501b5240fa491a475187859f9e29c120edb42c46621,d842a810a046337b5363ff7dafdaa01aa4553912ce2afa4ee95c617158d8e0e7,2011,double,272,TRUE,TRUE,FALSE,FALSE,FALSE,FALSE,FALSE,FALSE,ee8f1f1d17d164fc3d811ad86cc889d11c328f41d3cd55762069bc2161e48c9f,6a2baa27cd05157233063b825243be4bdf1a2dbc88db2a6cdfd0b2527b28716b
baseline,2,12,1000000,float,TRUE,pair_compact_double,double,ordinary,3,586,0.149000000000001,0.149999999999999,d8927aedee8fcfee16a2d8b73448110e471dbaa24a570b3a223eaaa8fa336e58,d842a810a046337b5363ff7dafdaa01aa4553912ce2afa4ee95c617158d8e0e7,2011,,0,FALSE,FALSE,FALSE,FALSE,FALSE,FALSE,FALSE,FALSE,ee8f1f1d17d164fc3d811ad86cc889d11c328f41d3cd55762069bc2161e48c9f,6a2baa27cd05157233063b825243be4bdf1a2dbc88db2a6cdfd0b2527b28716b
baseline,3,1,1000000,int,FALSE,scale_binary,double,typed_double,1,383,0.125,0.125,43cbc5fa02580f73a834cffb43a5ba0a0f4d7303cec536a2e3c58f1f469eb824,6506614505e113daab08b3f894ca46d4d61867c7b007c413b47a669abe8aae67,0,double,383,FALSE,FALSE,FALSE,FALSE,FALSE,FALSE,FALSE,FALSE,8937acbbe87ff127e6567f97e52c6a17dbe3ea7052a39a3b76abe25c8e7eeb13,31d3575e77d9d04b75880bca9e10dbd0e13e61d21795052921dd3f702d909dd7
baseline,3,1,1000000,int,FALSE,scale_binary,double,ordinary,2,605,0.179,0.179,43cbc5fa02580f73a834cffb43a5ba0a0f4d7303cec536a2e3c58f1f469eb824,6506614505e113daab08b3f894ca46d4d61867c7b007c413b47a669abe8aae67,0,,0,FALSE,FALSE,FALSE,FALSE,FALSE,FALSE,FALSE,FALSE,8937acbbe87ff127e6567f97e52c6a17dbe3ea7052a39a3b76abe25c8e7eeb13,31d3575e77d9d04b75880bca9e10dbd0e13e61d21795052921dd3f702d909dd7
baseline,3,1,1000000,int,FALSE,scale_binary,double,compact,3,521,0.141,0.142,43cbc5fa02580f73a834cffb43a5ba0a0f4d7303cec536a2e3c58f1f469eb824,6506614505e113daab08b3f894ca46d4d61867c7b007c413b47a669abe8aae67,0,int,521,TRUE,TRUE,FALSE,FALSE,FALSE,FALSE,FALSE,FALSE,8937acbbe87ff127e6567f97e52c6a17dbe3ea7052a39a3b76abe25c8e7eeb13,31d3575e77d9d04b75880bca9e10dbd0e13e61d21795052921dd3f702d909dd7
baseline,3,2,1000000,int,FALSE,scale_general,double,ordinary,1,586,0.165,0.164,98c11364f9b15cf1e1696537d86d727f3e1efaa44f5b303a15ed033179b4e86a,6506614505e113daab08b3f894ca46d4d61867c7b007c413b47a669abe8aae67,0,,0,FALSE,FALSE,FALSE,FALSE,FALSE,FALSE,FALSE,FALSE,8937acbbe87ff127e6567f97e52c6a17dbe3ea7052a39a3b76abe25c8e7eeb13,31d3575e77d9d04b75880bca9e10dbd0e13e61d21795052921dd3f702d909dd7
baseline,3,2,1000000,int,FALSE,scale_general,double,compact,2,211,0.13,0.13,5b22560fab6c3b27f5e82592f7a486b943278dbe0e1d82a8c99735d3ee13430b,6506614505e113daab08b3f894ca46d4d61867c7b007c413b47a669abe8aae67,0,float,211,TRUE,TRUE,FALSE,FALSE,FALSE,FALSE,FALSE,FALSE,8937acbbe87ff127e6567f97e52c6a17dbe3ea7052a39a3b76abe25c8e7eeb13,31d3575e77d9d04b75880bca9e10dbd0e13e61d21795052921dd3f702d909dd7
baseline,3,2,1000000,int,FALSE,scale_general,double,typed_double,3,536,0.165,0.166,98c11364f9b15cf1e1696537d86d727f3e1efaa44f5b303a15ed033179b4e86a,6506614505e113daab08b3f894ca46d4d61867c7b007c413b47a669abe8aae67,0,double,536,FALSE,FALSE,FALSE,FALSE,FALSE,FALSE,FALSE,FALSE,8937acbbe87ff127e6567f97e52c6a17dbe3ea7052a39a3b76abe25c8e7eeb13,31d3575e77d9d04b75880bca9e10dbd0e13e61d21795052921dd3f702d909dd7
baseline,3,3,1000000,int,FALSE,pair_compact_double,double,compact,1,368,0.153,0.153,5865d7f437b5487c8061f7274c6507b7ec0fc76362cd655e9259ebb78a28f057,6506614505e113daab08b3f894ca46d4d61867c7b007c413b47a669abe8aae67,0,double,368,TRUE,TRUE,FALSE,FALSE,FALSE,FALSE,FALSE,FALSE,8937acbbe87ff127e6567f97e52c6a17dbe3ea7052a39a3b76abe25c8e7eeb13,31d3575e77d9d04b75880bca9e10dbd0e13e61d21795052921dd3f702d909dd7
baseline,3,3,1000000,int,FALSE,pair_compact_double,double,typed_double,2,458,0.164000000000001,0.165,5865d7f437b5487c8061f7274c6507b7ec0fc76362cd655e9259ebb78a28f057,6506614505e113daab08b3f894ca46d4d61867c7b007c413b47a669abe8aae67,0,double,458,FALSE,FALSE,FALSE,FALSE,FALSE,FALSE,FALSE,FALSE,8937acbbe87ff127e6567f97e52c6a17dbe3ea7052a39a3b76abe25c8e7eeb13,31d3575e77d9d04b75880bca9e10dbd0e13e61d21795052921dd3f702d909dd7
baseline,3,3,1000000,int,FALSE,pair_compact_double,double,ordinary,3,586,0.169,0.167999999999999,5865d7f437b5487c8061f7274c6507b7ec0fc76362cd655e9259ebb78a28f057,6506614505e113daab08b3f894ca46d4d61867c7b007c413b47a669abe8aae67,0,,0,FALSE,FALSE,FALSE,FALSE,FALSE,FALSE,FALSE,FALSE,8937acbbe87ff127e6567f97e52c6a17dbe3ea7052a39a3b76abe25c8e7eeb13,31d3575e77d9d04b75880bca9e10dbd0e13e61d21795052921dd3f702d909dd7
baseline,3,4,1000000,int,TRUE,scale_binary,double,typed_double,1,536,0.163,0.163,406aa86104df9ebd1e49e25bbc9266cbc0cc152fd09e7d28efa1e3b9f07c7f98,256764253c19afe4b22c7738fb2f83098a03d4dbde3db39ee8c24b205a95942a,1003,double,536,FALSE,FALSE,FALSE,FALSE,FALSE,FALSE,FALSE,FALSE,5af7169f9d20a77a6f06236647a66be1493d6e155163c245a466bda43242d0e7,6a2baa27cd05157233063b825243be4bdf1a2dbc88db2a6cdfd0b2527b28716b
baseline,3,4,1000000,int,TRUE,scale_binary,double,ordinary,2,605,0.164,0.165,b10ddc1e7177ef92cdb14943c3981218bcd426a31f9c7d156ed4dbd4ea86c948,256764253c19afe4b22c7738fb2f83098a03d4dbde3db39ee8c24b205a95942a,1003,,0,FALSE,FALSE,FALSE,FALSE,FALSE,FALSE,FALSE,FALSE,5af7169f9d20a77a6f06236647a66be1493d6e155163c245a466bda43242d0e7,6a2baa27cd05157233063b825243be4bdf1a2dbc88db2a6cdfd0b2527b28716b
baseline,3,4,1000000,int,TRUE,scale_binary,double,compact,3,569,0.137,0.137,406aa86104df9ebd1e49e25bbc9266cbc0cc152fd09e7d28efa1e3b9f07c7f98,256764253c19afe4b22c7738fb2f83098a03d4dbde3db39ee8c24b205a95942a,1003,int,569,TRUE,TRUE,FALSE,FALSE,FALSE,FALSE,FALSE,FALSE,5af7169f9d20a77a6f06236647a66be1493d6e155163c245a466bda43242d0e7,6a2baa27cd05157233063b825243be4bdf1a2dbc88db2a6cdfd0b2527b28716b
baseline,3,5,1000000,int,TRUE,scale_general,double,ordinary,1,605,0.164,0.164,ea5220c4891c83ca4d6c555d28f6502adbaf6141ce7d6cf4825e9d27d0d51944,256764253c19afe4b22c7738fb2f83098a03d4dbde3db39ee8c24b205a95942a,1003,,0,FALSE,FALSE,FALSE,FALSE,FALSE,FALSE,FALSE,FALSE,5af7169f9d20a77a6f06236647a66be1493d6e155163c245a466bda43242d0e7,6a2baa27cd05157233063b825243be4bdf1a2dbc88db2a6cdfd0b2527b28716b
baseline,3,5,1000000,int,TRUE,scale_general,double,compact,2,244,0.149,0.149,38447e334649e5d7eda33f0001bed517c428980c028a15d2e1699be9ef65cf3a,256764253c19afe4b22c7738fb2f83098a03d4dbde3db39ee8c24b205a95942a,1003,float,244,TRUE,TRUE,FALSE,FALSE,FALSE,FALSE,FALSE,FALSE,5af7169f9d20a77a6f06236647a66be1493d6e155163c245a466bda43242d0e7,6a2baa27cd05157233063b825243be4bdf1a2dbc88db2a6cdfd0b2527b28716b
baseline,3,5,1000000,int,TRUE,scale_general,double,typed_double,3,536,0.161,0.161999999999999,69569d7d3b174986a7ae48d2c2f67dcea32be4e102725873e2cfa7cf5e4f9d02,256764253c19afe4b22c7738fb2f83098a03d4dbde3db39ee8c24b205a95942a,1003,double,536,FALSE,FALSE,FALSE,FALSE,FALSE,FALSE,FALSE,FALSE,5af7169f9d20a77a6f06236647a66be1493d6e155163c245a466bda43242d0e7,6a2baa27cd05157233063b825243be4bdf1a2dbc88db2a6cdfd0b2527b28716b
baseline,3,6,1000000,int,TRUE,pair_compact_double,double,compact,1,368,0.165000000000001,0.165000000000001,087fb12a32e314d333c4287225113c3c6e3a135a9c18c162b3b5753b80f4350c,d842a810a046337b5363ff7dafdaa01aa4553912ce2afa4ee95c617158d8e0e7,2011,double,368,TRUE,TRUE,FALSE,FALSE,FALSE,FALSE,FALSE,FALSE,5af7169f9d20a77a6f06236647a66be1493d6e155163c245a466bda43242d0e7,6a2baa27cd05157233063b825243be4bdf1a2dbc88db2a6cdfd0b2527b28716b
baseline,3,6,1000000,int,TRUE,pair_compact_double,double,typed_double,2,469,0.164999999999999,0.165000000000001,087fb12a32e314d333c4287225113c3c6e3a135a9c18c162b3b5753b80f4350c,d842a810a046337b5363ff7dafdaa01aa4553912ce2afa4ee95c617158d8e0e7,2011,double,469,FALSE,FALSE,FALSE,FALSE,FALSE,FALSE,FALSE,FALSE,5af7169f9d20a77a6f06236647a66be1493d6e155163c245a466bda43242d0e7,6a2baa27cd05157233063b825243be4bdf1a2dbc88db2a6cdfd0b2527b28716b
baseline,3,6,1000000,int,TRUE,pair_compact_double,double,ordinary,3,586,0.167000000000002,0.167,ea5ac2e3896755c3d5082b83561d8673bb4f0147a7690b804a8d74cecbeda4c1,d842a810a046337b5363ff7dafdaa01aa4553912ce2afa4ee95c617158d8e0e7,2011,,0,FALSE,FALSE,FALSE,FALSE,FALSE,FALSE,FALSE,FALSE,5af7169f9d20a77a6f06236647a66be1493d6e155163c245a466bda43242d0e7,6a2baa27cd05157233063b825243be4bdf1a2dbc88db2a6cdfd0b2527b28716b
baseline,3,7,1000000,float,FALSE,scale_binary,double,typed_double,1,552,0.168,0.167,5e4cb543f32269b2c2218b394ad1c41d44f6b32b3f8be7d200655b3b7d11f177,6506614505e113daab08b3f894ca46d4d61867c7b007c413b47a669abe8aae67,0,double,552,FALSE,FALSE,FALSE,FALSE,FALSE,FALSE,FALSE,FALSE,7f1c1a27229f7a699fa85ff90b5be1266497c462407b39b11f6d94015af8e8ad,31d3575e77d9d04b75880bca9e10dbd0e13e61d21795052921dd3f702d909dd7
baseline,3,7,1000000,float,FALSE,scale_binary,double,ordinary,2,625,0.17,0.17,5e4cb543f32269b2c2218b394ad1c41d44f6b32b3f8be7d200655b3b7d11f177,6506614505e113daab08b3f894ca46d4d61867c7b007c413b47a669abe8aae67,0,,0,FALSE,FALSE,FALSE,FALSE,FALSE,FALSE,FALSE,FALSE,7f1c1a27229f7a699fa85ff90b5be1266497c462407b39b11f6d94015af8e8ad,31d3575e77d9d04b75880bca9e10dbd0e13e61d21795052921dd3f702d909dd7
baseline,3,7,1000000,float,FALSE,scale_binary,double,compact,3,458,0.148999999999999,0.149000000000001,5e4cb543f32269b2c2218b394ad1c41d44f6b32b3f8be7d200655b3b7d11f177,6506614505e113daab08b3f894ca46d4d61867c7b007c413b47a669abe8aae67,0,float,458,TRUE,TRUE,FALSE,FALSE,FALSE,FALSE,FALSE,FALSE,7f1c1a27229f7a699fa85ff90b5be1266497c462407b39b11f6d94015af8e8ad,31d3575e77d9d04b75880bca9e10dbd0e13e61d21795052921dd3f702d909dd7
baseline,3,8,1000000,float,FALSE,scale_general,double,ordinary,1,605,0.164,0.164,f26b519d09797e4f4941392e4b52f307c71832f0aaad54da617e9078fe055e1c,6506614505e113daab08b3f894ca46d4d61867c7b007c413b47a669abe8aae67,0,,0,FALSE,FALSE,FALSE,FALSE,FALSE,FALSE,FALSE,FALSE,7f1c1a27229f7a699fa85ff90b5be1266497c462407b39b11f6d94015af8e8ad,31d3575e77d9d04b75880bca9e10dbd0e13e61d21795052921dd3f702d909dd7
baseline,3,8,1000000,float,FALSE,scale_general,double,compact,2,318,0.165,0.164,72cc5cf98cf5a5166668db2e8420adb3bc862ec1b003fbdd7aeb0a9746f22870,6506614505e113daab08b3f894ca46d4d61867c7b007c413b47a669abe8aae67,0,float,318,TRUE,TRUE,FALSE,FALSE,FALSE,FALSE,FALSE,FALSE,7f1c1a27229f7a699fa85ff90b5be1266497c462407b39b11f6d94015af8e8ad,31d3575e77d9d04b75880bca9e10dbd0e13e61d21795052921dd3f702d909dd7
baseline,3,8,1000000,float,FALSE,scale_general,double,typed_double,3,552,0.151,0.151,f26b519d09797e4f4941392e4b52f307c71832f0aaad54da617e9078fe055e1c,6506614505e113daab08b3f894ca46d4d61867c7b007c413b47a669abe8aae67,0,double,552,FALSE,FALSE,FALSE,FALSE,FALSE,FALSE,FALSE,FALSE,7f1c1a27229f7a699fa85ff90b5be1266497c462407b39b11f6d94015af8e8ad,31d3575e77d9d04b75880bca9e10dbd0e13e61d21795052921dd3f702d909dd7
baseline,3,9,1000000,float,FALSE,pair_compact_double,double,compact,1,481,0.151,0.151999999999999,d0adc5c3f77a8c464e25cdf403e40486acf05d6b089dad00367eb8620a0a608e,6506614505e113daab08b3f894ca46d4d61867c7b007c413b47a669abe8aae67,0,double,481,TRUE,TRUE,FALSE,FALSE,FALSE,FALSE,FALSE,FALSE,7f1c1a27229f7a699fa85ff90b5be1266497c462407b39b11f6d94015af8e8ad,31d3575e77d9d04b75880bca9e10dbd0e13e61d21795052921dd3f702d909dd7
baseline,3,9,1000000,float,FALSE,pair_compact_double,double,typed_double,2,481,0.166,0.166,d0adc5c3f77a8c464e25cdf403e40486acf05d6b089dad00367eb8620a0a608e,6506614505e113daab08b3f894ca46d4d61867c7b007c413b47a669abe8aae67,0,double,481,FALSE,FALSE,FALSE,FALSE,FALSE,FALSE,FALSE,FALSE,7f1c1a27229f7a699fa85ff90b5be1266497c462407b39b11f6d94015af8e8ad,31d3575e77d9d04b75880bca9e10dbd0e13e61d21795052921dd3f702d909dd7
baseline,3,9,1000000,float,FALSE,pair_compact_double,double,ordinary,3,586,0.167,0.167000000000002,d0adc5c3f77a8c464e25cdf403e40486acf05d6b089dad00367eb8620a0a608e,6506614505e113daab08b3f894ca46d4d61867c7b007c413b47a669abe8aae67,0,,0,FALSE,FALSE,FALSE,FALSE,FALSE,FALSE,FALSE,FALSE,7f1c1a27229f7a699fa85ff90b5be1266497c462407b39b11f6d94015af8e8ad,31d3575e77d9d04b75880bca9e10dbd0e13e61d21795052921dd3f702d909dd7
baseline,3,10,1000000,float,TRUE,scale_binary,double,typed_double,1,569,0.153,0.153,c2d92a8e75010c0ddb80329b9ca6cc4898ca1d4543392f8c8382c3fbfeeb5b4b,256764253c19afe4b22c7738fb2f83098a03d4dbde3db39ee8c24b205a95942a,1003,double,569,FALSE,FALSE,FALSE,FALSE,FALSE,FALSE,FALSE,FALSE,ee8f1f1d17d164fc3d811ad86cc889d11c328f41d3cd55762069bc2161e48c9f,6a2baa27cd05157233063b825243be4bdf1a2dbc88db2a6cdfd0b2527b28716b
baseline,3,10,1000000,float,TRUE,scale_binary,double,ordinary,2,626,0.165999999999999,0.166,21fac45dcda0cbc0ba9e1f553d3be3fedd245b921d5e2e4497a8d64f1e038117,256764253c19afe4b22c7738fb2f83098a03d4dbde3db39ee8c24b205a95942a,1003,,0,FALSE,FALSE,FALSE,FALSE,FALSE,FALSE,FALSE,FALSE,ee8f1f1d17d164fc3d811ad86cc889d11c328f41d3cd55762069bc2161e48c9f,6a2baa27cd05157233063b825243be4bdf1a2dbc88db2a6cdfd0b2527b28716b
baseline,3,10,1000000,float,TRUE,scale_binary,double,compact,3,458,0.148000000000003,0.149000000000001,c2d92a8e75010c0ddb80329b9ca6cc4898ca1d4543392f8c8382c3fbfeeb5b4b,256764253c19afe4b22c7738fb2f83098a03d4dbde3db39ee8c24b205a95942a,1003,float,458,TRUE,TRUE,FALSE,FALSE,FALSE,FALSE,FALSE,FALSE,ee8f1f1d17d164fc3d811ad86cc889d11c328f41d3cd55762069bc2161e48c9f,6a2baa27cd05157233063b825243be4bdf1a2dbc88db2a6cdfd0b2527b28716b
baseline,3,11,1000000,float,TRUE,scale_general,double,ordinary,1,625,0.168000000000002,0.167000000000002,8100d028390097d4a98b44ea0ff4cb617c6204331b80e5c7870832582030541c,256764253c19afe4b22c7738fb2f83098a03d4dbde3db39ee8c24b205a95942a,1003,,0,FALSE,FALSE,FALSE,FALSE,FALSE,FALSE,FALSE,FALSE,ee8f1f1d17d164fc3d811ad86cc889d11c328f41d3cd55762069bc2161e48c9f,6a2baa27cd05157233063b825243be4bdf1a2dbc88db2a6cdfd0b2527b28716b
baseline,3,11,1000000,float,TRUE,scale_general,double,compact,2,207,0.150999999999999,0.149999999999999,c58bc992720c328eca610e60f8c3f93d7d61df77946cf51b8626b0d8b78368ef,256764253c19afe4b22c7738fb2f83098a03d4dbde3db39ee8c24b205a95942a,1003,float,207,TRUE,TRUE,FALSE,FALSE,FALSE,FALSE,FALSE,FALSE,ee8f1f1d17d164fc3d811ad86cc889d11c328f41d3cd55762069bc2161e48c9f,6a2baa27cd05157233063b825243be4bdf1a2dbc88db2a6cdfd0b2527b28716b
baseline,3,11,1000000,float,TRUE,scale_general,double,typed_double,3,552,0.149,0.148,ea87b3dd63bfda18195aef508608398181a11f876a570f6017c0c100c3497f49,256764253c19afe4b22c7738fb2f83098a03d4dbde3db39ee8c24b205a95942a,1003,double,552,FALSE,FALSE,FALSE,FALSE,FALSE,FALSE,FALSE,FALSE,ee8f1f1d17d164fc3d811ad86cc889d11c328f41d3cd55762069bc2161e48c9f,6a2baa27cd05157233063b825243be4bdf1a2dbc88db2a6cdfd0b2527b28716b
baseline,3,12,1000000,float,TRUE,pair_compact_double,double,compact,1,209,0.125,0.125,9778eddf855170d4c4702501b5240fa491a475187859f9e29c120edb42c46621,d842a810a046337b5363ff7dafdaa01aa4553912ce2afa4ee95c617158d8e0e7,2011,double,209,TRUE,TRUE,FALSE,FALSE,FALSE,FALSE,FALSE,FALSE,ee8f1f1d17d164fc3d811ad86cc889d11c328f41d3cd55762069bc2161e48c9f,6a2baa27cd05157233063b825243be4bdf1a2dbc88db2a6cdfd0b2527b28716b
baseline,3,12,1000000,float,TRUE,pair_compact_double,double,typed_double,2,481,0.170000000000002,0.170000000000002,9778eddf855170d4c4702501b5240fa491a475187859f9e29c120edb42c46621,d842a810a046337b5363ff7dafdaa01aa4553912ce2afa4ee95c617158d8e0e7,2011,double,481,FALSE,FALSE,FALSE,FALSE,FALSE,FALSE,FALSE,FALSE,ee8f1f1d17d164fc3d811ad86cc889d11c328f41d3cd55762069bc2161e48c9f,6a2baa27cd05157233063b825243be4bdf1a2dbc88db2a6cdfd0b2527b28716b
baseline,3,12,1000000,float,TRUE,pair_compact_double,double,ordinary,3,399,0.100000000000001,0.0999999999999979,d8927aedee8fcfee16a2d8b73448110e471dbaa24a570b3a223eaaa8fa336e58,d842a810a046337b5363ff7dafdaa01aa4553912ce2afa4ee95c617158d8e0e7,2011,,0,FALSE,FALSE,FALSE,FALSE,FALSE,FALSE,FALSE,FALSE,ee8f1f1d17d164fc3d811ad86cc889d11c328f41d3cd55762069bc2161e48c9f,6a2baa27cd05157233063b825243be4bdf1a2dbc88db2a6cdfd0b2527b28716b
candidate,3,1,1000000,int,FALSE,scale_binary,double,typed_double,1,375,0.122,0.122,43cbc5fa02580f73a834cffb43a5ba0a0f4d7303cec536a2e3c58f1f469eb824,6506614505e113daab08b3f894ca46d4d61867c7b007c413b47a669abe8aae67,0,double,375,FALSE,FALSE,FALSE,FALSE,FALSE,FALSE,FALSE,FALSE,8937acbbe87ff127e6567f97e52c6a17dbe3ea7052a39a3b76abe25c8e7eeb13,31d3575e77d9d04b75880bca9e10dbd0e13e61d21795052921dd3f702d909dd7
candidate,3,1,1000000,int,FALSE,scale_binary,double,ordinary,2,586,0.162,0.161,43cbc5fa02580f73a834cffb43a5ba0a0f4d7303cec536a2e3c58f1f469eb824,6506614505e113daab08b3f894ca46d4d61867c7b007c413b47a669abe8aae67,0,,0,FALSE,FALSE,FALSE,FALSE,FALSE,FALSE,FALSE,FALSE,8937acbbe87ff127e6567f97e52c6a17dbe3ea7052a39a3b76abe25c8e7eeb13,31d3575e77d9d04b75880bca9e10dbd0e13e61d21795052921dd3f702d909dd7
candidate,3,1,1000000,int,FALSE,scale_binary,double,compact,3,521,0.14,0.14,43cbc5fa02580f73a834cffb43a5ba0a0f4d7303cec536a2e3c58f1f469eb824,6506614505e113daab08b3f894ca46d4d61867c7b007c413b47a669abe8aae67,0,int,521,TRUE,TRUE,FALSE,FALSE,FALSE,FALSE,FALSE,FALSE,8937acbbe87ff127e6567f97e52c6a17dbe3ea7052a39a3b76abe25c8e7eeb13,31d3575e77d9d04b75880bca9e10dbd0e13e61d21795052921dd3f702d909dd7
candidate,3,2,1000000,int,FALSE,scale_general,double,ordinary,1,605,0.168,0.168,98c11364f9b15cf1e1696537d86d727f3e1efaa44f5b303a15ed033179b4e86a,6506614505e113daab08b3f894ca46d4d61867c7b007c413b47a669abe8aae67,0,,0,FALSE,FALSE,FALSE,FALSE,FALSE,FALSE,FALSE,FALSE,8937acbbe87ff127e6567f97e52c6a17dbe3ea7052a39a3b76abe25c8e7eeb13,31d3575e77d9d04b75880bca9e10dbd0e13e61d21795052921dd3f702d909dd7
candidate,3,2,1000000,int,FALSE,scale_general,double,compact,2,209,0.129,0.129,5b22560fab6c3b27f5e82592f7a486b943278dbe0e1d82a8c99735d3ee13430b,6506614505e113daab08b3f894ca46d4d61867c7b007c413b47a669abe8aae67,0,float,209,TRUE,TRUE,FALSE,FALSE,FALSE,FALSE,FALSE,FALSE,8937acbbe87ff127e6567f97e52c6a17dbe3ea7052a39a3b76abe25c8e7eeb13,31d3575e77d9d04b75880bca9e10dbd0e13e61d21795052921dd3f702d909dd7
candidate,3,2,1000000,int,FALSE,scale_general,double,typed_double,3,536,0.165,0.166,98c11364f9b15cf1e1696537d86d727f3e1efaa44f5b303a15ed033179b4e86a,6506614505e113daab08b3f894ca46d4d61867c7b007c413b47a669abe8aae67,0,double,536,FALSE,FALSE,FALSE,FALSE,FALSE,FALSE,FALSE,FALSE,8937acbbe87ff127e6567f97e52c6a17dbe3ea7052a39a3b76abe25c8e7eeb13,31d3575e77d9d04b75880bca9e10dbd0e13e61d21795052921dd3f702d909dd7
candidate,3,3,1000000,int,FALSE,pair_compact_double,double,compact,1,361,0.164000000000001,0.164,5865d7f437b5487c8061f7274c6507b7ec0fc76362cd655e9259ebb78a28f057,6506614505e113daab08b3f894ca46d4d61867c7b007c413b47a669abe8aae67,0,double,361,TRUE,TRUE,FALSE,FALSE,FALSE,FALSE,FALSE,FALSE,8937acbbe87ff127e6567f97e52c6a17dbe3ea7052a39a3b76abe25c8e7eeb13,31d3575e77d9d04b75880bca9e10dbd0e13e61d21795052921dd3f702d909dd7
candidate,3,3,1000000,int,FALSE,pair_compact_double,double,typed_double,2,458,0.165,0.165,5865d7f437b5487c8061f7274c6507b7ec0fc76362cd655e9259ebb78a28f057,6506614505e113daab08b3f894ca46d4d61867c7b007c413b47a669abe8aae67,0,double,458,FALSE,FALSE,FALSE,FALSE,FALSE,FALSE,FALSE,FALSE,8937acbbe87ff127e6567f97e52c6a17dbe3ea7052a39a3b76abe25c8e7eeb13,31d3575e77d9d04b75880bca9e10dbd0e13e61d21795052921dd3f702d909dd7
candidate,3,3,1000000,int,FALSE,pair_compact_double,double,ordinary,3,569,0.15,0.15,5865d7f437b5487c8061f7274c6507b7ec0fc76362cd655e9259ebb78a28f057,6506614505e113daab08b3f894ca46d4d61867c7b007c413b47a669abe8aae67,0,,0,FALSE,FALSE,FALSE,FALSE,FALSE,FALSE,FALSE,FALSE,8937acbbe87ff127e6567f97e52c6a17dbe3ea7052a39a3b76abe25c8e7eeb13,31d3575e77d9d04b75880bca9e10dbd0e13e61d21795052921dd3f702d909dd7
candidate,3,4,1000000,int,TRUE,scale_binary,double,typed_double,1,536,0.162999999999999,0.163,406aa86104df9ebd1e49e25bbc9266cbc0cc152fd09e7d28efa1e3b9f07c7f98,256764253c19afe4b22c7738fb2f83098a03d4dbde3db39ee8c24b205a95942a,1003,double,536,FALSE,FALSE,FALSE,FALSE,FALSE,FALSE,FALSE,FALSE,5af7169f9d20a77a6f06236647a66be1493d6e155163c245a466bda43242d0e7,6a2baa27cd05157233063b825243be4bdf1a2dbc88db2a6cdfd0b2527b28716b
candidate,3,4,1000000,int,TRUE,scale_binary,double,ordinary,2,586,0.16,0.161,b10ddc1e7177ef92cdb14943c3981218bcd426a31f9c7d156ed4dbd4ea86c948,256764253c19afe4b22c7738fb2f83098a03d4dbde3db39ee8c24b205a95942a,1003,,0,FALSE,FALSE,FALSE,FALSE,FALSE,FALSE,FALSE,FALSE,5af7169f9d20a77a6f06236647a66be1493d6e155163c245a466bda43242d0e7,6a2baa27cd05157233063b825243be4bdf1a2dbc88db2a6cdfd0b2527b28716b
candidate,3,4,1000000,int,TRUE,scale_binary,double,compact,3,569,0.139,0.138000000000001,406aa86104df9ebd1e49e25bbc9266cbc0cc152fd09e7d28efa1e3b9f07c7f98,256764253c19afe4b22c7738fb2f83098a03d4dbde3db39ee8c24b205a95942a,1003,int,569,TRUE,TRUE,FALSE,FALSE,FALSE,FALSE,FALSE,FALSE,5af7169f9d20a77a6f06236647a66be1493d6e155163c245a466bda43242d0e7,6a2baa27cd05157233063b825243be4bdf1a2dbc88db2a6cdfd0b2527b28716b
candidate,3,5,1000000,int,TRUE,scale_general,double,ordinary,1,625,0.17,0.171,ea5220c4891c83ca4d6c555d28f6502adbaf6141ce7d6cf4825e9d27d0d51944,256764253c19afe4b22c7738fb2f83098a03d4dbde3db39ee8c24b205a95942a,1003,,0,FALSE,FALSE,FALSE,FALSE,FALSE,FALSE,FALSE,FALSE,5af7169f9d20a77a6f06236647a66be1493d6e155163c245a466bda43242d0e7,6a2baa27cd05157233063b825243be4bdf1a2dbc88db2a6cdfd0b2527b28716b
candidate,3,5,1000000,int,TRUE,scale_general,double,compact,2,244,0.15,0.150999999999999,38447e334649e5d7eda33f0001bed517c428980c028a15d2e1699be9ef65cf3a,256764253c19afe4b22c7738fb2f83098a03d4dbde3db39ee8c24b205a95942a,1003,float,244,TRUE,TRUE,FALSE,FALSE,FALSE,FALSE,FALSE,FALSE,5af7169f9d20a77a6f06236647a66be1493d6e155163c245a466bda43242d0e7,6a2baa27cd05157233063b825243be4bdf1a2dbc88db2a6cdfd0b2527b28716b
candidate,3,5,1000000,int,TRUE,scale_general,double,typed_double,3,536,0.167,0.167000000000002,69569d7d3b174986a7ae48d2c2f67dcea32be4e102725873e2cfa7cf5e4f9d02,256764253c19afe4b22c7738fb2f83098a03d4dbde3db39ee8c24b205a95942a,1003,double,536,FALSE,FALSE,FALSE,FALSE,FALSE,FALSE,FALSE,FALSE,5af7169f9d20a77a6f06236647a66be1493d6e155163c245a466bda43242d0e7,6a2baa27cd05157233063b825243be4bdf1a2dbc88db2a6cdfd0b2527b28716b
candidate,3,6,1000000,int,TRUE,pair_compact_double,double,compact,1,368,0.15,0.151000000000002,087fb12a32e314d333c4287225113c3c6e3a135a9c18c162b3b5753b80f4350c,d842a810a046337b5363ff7dafdaa01aa4553912ce2afa4ee95c617158d8e0e7,2011,double,368,TRUE,TRUE,FALSE,FALSE,FALSE,FALSE,FALSE,FALSE,5af7169f9d20a77a6f06236647a66be1493d6e155163c245a466bda43242d0e7,6a2baa27cd05157233063b825243be4bdf1a2dbc88db2a6cdfd0b2527b28716b
candidate,3,6,1000000,int,TRUE,pair_compact_double,double,typed_double,2,481,0.167999999999999,0.167999999999999,087fb12a32e314d333c4287225113c3c6e3a135a9c18c162b3b5753b80f4350c,d842a810a046337b5363ff7dafdaa01aa4553912ce2afa4ee95c617158d8e0e7,2011,double,481,FALSE,FALSE,FALSE,FALSE,FALSE,FALSE,FALSE,FALSE,5af7169f9d20a77a6f06236647a66be1493d6e155163c245a466bda43242d0e7,6a2baa27cd05157233063b825243be4bdf1a2dbc88db2a6cdfd0b2527b28716b
candidate,3,6,1000000,int,TRUE,pair_compact_double,double,ordinary,3,605,0.171,0.171000000000001,ea5ac2e3896755c3d5082b83561d8673bb4f0147a7690b804a8d74cecbeda4c1,d842a810a046337b5363ff7dafdaa01aa4553912ce2afa4ee95c617158d8e0e7,2011,,0,FALSE,FALSE,FALSE,FALSE,FALSE,FALSE,FALSE,FALSE,5af7169f9d20a77a6f06236647a66be1493d6e155163c245a466bda43242d0e7,6a2baa27cd05157233063b825243be4bdf1a2dbc88db2a6cdfd0b2527b28716b
candidate,3,7,1000000,float,FALSE,scale_binary,double,typed_double,1,569,0.154,0.154,5e4cb543f32269b2c2218b394ad1c41d44f6b32b3f8be7d200655b3b7d11f177,6506614505e113daab08b3f894ca46d4d61867c7b007c413b47a669abe8aae67,0,double,569,FALSE,FALSE,FALSE,FALSE,FALSE,FALSE,FALSE,FALSE,7f1c1a27229f7a699fa85ff90b5be1266497c462407b39b11f6d94015af8e8ad,31d3575e77d9d04b75880bca9e10dbd0e13e61d21795052921dd3f702d909dd7
candidate,3,7,1000000,float,FALSE,scale_binary,double,ordinary,2,625,0.168999999999999,0.168000000000001,5e4cb543f32269b2c2218b394ad1c41d44f6b32b3f8be7d200655b3b7d11f177,6506614505e113daab08b3f894ca46d4d61867c7b007c413b47a669abe8aae67,0,,0,FALSE,FALSE,FALSE,FALSE,FALSE,FALSE,FALSE,FALSE,7f1c1a27229f7a699fa85ff90b5be1266497c462407b39b11f6d94015af8e8ad,31d3575e77d9d04b75880bca9e10dbd0e13e61d21795052921dd3f702d909dd7
candidate,3,7,1000000,float,FALSE,scale_binary,double,compact,3,447,0.145,0.146000000000001,5e4cb543f32269b2c2218b394ad1c41d44f6b32b3f8be7d200655b3b7d11f177,6506614505e113daab08b3f894ca46d4d61867c7b007c413b47a669abe8aae67,0,float,447,TRUE,TRUE,FALSE,FALSE,FALSE,FALSE,FALSE,FALSE,7f1c1a27229f7a699fa85ff90b5be1266497c462407b39b11f6d94015af8e8ad,31d3575e77d9d04b75880bca9e10dbd0e13e61d21795052921dd3f702d909dd7
candidate,3,8,1000000,float,FALSE,scale_general,double,ordinary,1,626,0.167,0.167000000000002,f26b519d09797e4f4941392e4b52f307c71832f0aaad54da617e9078fe055e1c,6506614505e113daab08b3f894ca46d4d61867c7b007c413b47a669abe8aae67,0,,0,FALSE,FALSE,FALSE,FALSE,FALSE,FALSE,FALSE,FALSE,7f1c1a27229f7a699fa85ff90b5be1266497c462407b39b11f6d94015af8e8ad,31d3575e77d9d04b75880bca9e10dbd0e13e61d21795052921dd3f702d909dd7
candidate,3,8,1000000,float,FALSE,scale_general,double,compact,2,313,0.148,0.149000000000001,72cc5cf98cf5a5166668db2e8420adb3bc862ec1b003fbdd7aeb0a9746f22870,6506614505e113daab08b3f894ca46d4d61867c7b007c413b47a669abe8aae67,0,float,313,TRUE,TRUE,FALSE,FALSE,FALSE,FALSE,FALSE,FALSE,7f1c1a27229f7a699fa85ff90b5be1266497c462407b39b11f6d94015af8e8ad,31d3575e77d9d04b75880bca9e10dbd0e13e61d21795052921dd3f702d909dd7
candidate,3,8,1000000,float,FALSE,scale_general,double,typed_double,3,552,0.167,0.167,f26b519d09797e4f4941392e4b52f307c71832f0aaad54da617e9078fe055e1c,6506614505e113daab08b3f894ca46d4d61867c7b007c413b47a669abe8aae67,0,double,552,FALSE,FALSE,FALSE,FALSE,FALSE,FALSE,FALSE,FALSE,7f1c1a27229f7a699fa85ff90b5be1266497c462407b39b11f6d94015af8e8ad,31d3575e77d9d04b75880bca9e10dbd0e13e61d21795052921dd3f702d909dd7
candidate,3,9,1000000,float,FALSE,pair_compact_double,double,compact,1,481,0.151,0.151,d0adc5c3f77a8c464e25cdf403e40486acf05d6b089dad00367eb8620a0a608e,6506614505e113daab08b3f894ca46d4d61867c7b007c413b47a669abe8aae67,0,double,481,TRUE,TRUE,FALSE,FALSE,FALSE,FALSE,FALSE,FALSE,7f1c1a27229f7a699fa85ff90b5be1266497c462407b39b11f6d94015af8e8ad,31d3575e77d9d04b75880bca9e10dbd0e13e61d21795052921dd3f702d909dd7
candidate,3,9,1000000,float,FALSE,pair_compact_double,double,typed_double,2,481,0.167999999999999,0.168000000000001,d0adc5c3f77a8c464e25cdf403e40486acf05d6b089dad00367eb8620a0a608e,6506614505e113daab08b3f894ca46d4d61867c7b007c413b47a669abe8aae67,0,double,481,FALSE,FALSE,FALSE,FALSE,FALSE,FALSE,FALSE,FALSE,7f1c1a27229f7a699fa85ff90b5be1266497c462407b39b11f6d94015af8e8ad,31d3575e77d9d04b75880bca9e10dbd0e13e61d21795052921dd3f702d909dd7
candidate,3,9,1000000,float,FALSE,pair_compact_double,double,ordinary,3,605,0.156000000000001,0.155999999999999,d0adc5c3f77a8c464e25cdf403e40486acf05d6b089dad00367eb8620a0a608e,6506614505e113daab08b3f894ca46d4d61867c7b007c413b47a669abe8aae67,0,,0,FALSE,FALSE,FALSE,FALSE,FALSE,FALSE,FALSE,FALSE,7f1c1a27229f7a699fa85ff90b5be1266497c462407b39b11f6d94015af8e8ad,31d3575e77d9d04b75880bca9e10dbd0e13e61d21795052921dd3f702d909dd7
candidate,3,10,1000000,float,TRUE,scale_binary,double,typed_double,1,536,0.164,0.164,c2d92a8e75010c0ddb80329b9ca6cc4898ca1d4543392f8c8382c3fbfeeb5b4b,256764253c19afe4b22c7738fb2f83098a03d4dbde3db39ee8c24b205a95942a,1003,double,536,FALSE,FALSE,FALSE,FALSE,FALSE,FALSE,FALSE,FALSE,ee8f1f1d17d164fc3d811ad86cc889d11c328f41d3cd55762069bc2161e48c9f,6a2baa27cd05157233063b825243be4bdf1a2dbc88db2a6cdfd0b2527b28716b
candidate,3,10,1000000,float,TRUE,scale_binary,double,ordinary,2,625,0.151,0.151,21fac45dcda0cbc0ba9e1f553d3be3fedd245b921d5e2e4497a8d64f1e038117,256764253c19afe4b22c7738fb2f83098a03d4dbde3db39ee8c24b205a95942a,1003,,0,FALSE,FALSE,FALSE,FALSE,FALSE,FALSE,FALSE,FALSE,ee8f1f1d17d164fc3d811ad86cc889d11c328f41d3cd55762069bc2161e48c9f,6a2baa27cd05157233063b825243be4bdf1a2dbc88db2a6cdfd0b2527b28716b
candidate,3,10,1000000,float,TRUE,scale_binary,double,compact,3,458,0.163,0.163,c2d92a8e75010c0ddb80329b9ca6cc4898ca1d4543392f8c8382c3fbfeeb5b4b,256764253c19afe4b22c7738fb2f83098a03d4dbde3db39ee8c24b205a95942a,1003,float,458,TRUE,TRUE,FALSE,FALSE,FALSE,FALSE,FALSE,FALSE,ee8f1f1d17d164fc3d811ad86cc889d11c328f41d3cd55762069bc2161e48c9f,6a2baa27cd05157233063b825243be4bdf1a2dbc88db2a6cdfd0b2527b28716b
candidate,3,11,1000000,float,TRUE,scale_general,double,ordinary,1,625,0.150999999999999,0.151,8100d028390097d4a98b44ea0ff4cb617c6204331b80e5c7870832582030541c,256764253c19afe4b22c7738fb2f83098a03d4dbde3db39ee8c24b205a95942a,1003,,0,FALSE,FALSE,FALSE,FALSE,FALSE,FALSE,FALSE,FALSE,ee8f1f1d17d164fc3d811ad86cc889d11c328f41d3cd55762069bc2161e48c9f,6a2baa27cd05157233063b825243be4bdf1a2dbc88db2a6cdfd0b2527b28716b
candidate,3,11,1000000,float,TRUE,scale_general,double,compact,2,232,0.149999999999999,0.149999999999999,c58bc992720c328eca610e60f8c3f93d7d61df77946cf51b8626b0d8b78368ef,256764253c19afe4b22c7738fb2f83098a03d4dbde3db39ee8c24b205a95942a,1003,float,232,TRUE,TRUE,FALSE,FALSE,FALSE,FALSE,FALSE,FALSE,ee8f1f1d17d164fc3d811ad86cc889d11c328f41d3cd55762069bc2161e48c9f,6a2baa27cd05157233063b825243be4bdf1a2dbc88db2a6cdfd0b2527b28716b
candidate,3,11,1000000,float,TRUE,scale_general,double,typed_double,3,552,0.164999999999999,0.164999999999999,ea87b3dd63bfda18195aef508608398181a11f876a570f6017c0c100c3497f49,256764253c19afe4b22c7738fb2f83098a03d4dbde3db39ee8c24b205a95942a,1003,double,552,FALSE,FALSE,FALSE,FALSE,FALSE,FALSE,FALSE,FALSE,ee8f1f1d17d164fc3d811ad86cc889d11c328f41d3cd55762069bc2161e48c9f,6a2baa27cd05157233063b825243be4bdf1a2dbc88db2a6cdfd0b2527b28716b
candidate,3,12,1000000,float,TRUE,pair_compact_double,double,compact,1,324,0.149999999999999,0.149999999999999,9778eddf855170d4c4702501b5240fa491a475187859f9e29c120edb42c46621,d842a810a046337b5363ff7dafdaa01aa4553912ce2afa4ee95c617158d8e0e7,2011,double,324,TRUE,TRUE,FALSE,FALSE,FALSE,FALSE,FALSE,FALSE,ee8f1f1d17d164fc3d811ad86cc889d11c328f41d3cd55762069bc2161e48c9f,6a2baa27cd05157233063b825243be4bdf1a2dbc88db2a6cdfd0b2527b28716b
candidate,3,12,1000000,float,TRUE,pair_compact_double,double,typed_double,2,494,0.169,0.169999999999998,9778eddf855170d4c4702501b5240fa491a475187859f9e29c120edb42c46621,d842a810a046337b5363ff7dafdaa01aa4553912ce2afa4ee95c617158d8e0e7,2011,double,494,FALSE,FALSE,FALSE,FALSE,FALSE,FALSE,FALSE,FALSE,ee8f1f1d17d164fc3d811ad86cc889d11c328f41d3cd55762069bc2161e48c9f,6a2baa27cd05157233063b825243be4bdf1a2dbc88db2a6cdfd0b2527b28716b
candidate,3,12,1000000,float,TRUE,pair_compact_double,double,ordinary,3,605,0.155999999999999,0.156000000000002,d8927aedee8fcfee16a2d8b73448110e471dbaa24a570b3a223eaaa8fa336e58,d842a810a046337b5363ff7dafdaa01aa4553912ce2afa4ee95c617158d8e0e7,2011,,0,FALSE,FALSE,FALSE,FALSE,FALSE,FALSE,FALSE,FALSE,ee8f1f1d17d164fc3d811ad86cc889d11c328f41d3cd55762069bc2161e48c9f,6a2baa27cd05157233063b825243be4bdf1a2dbc88db2a6cdfd0b2527b28716b
candidate,4,1,1000000,int,FALSE,scale_binary,double,typed_double,1,383,0.126,0.125,43cbc5fa02580f73a834cffb43a5ba0a0f4d7303cec536a2e3c58f1f469eb824,6506614505e113daab08b3f894ca46d4d61867c7b007c413b47a669abe8aae67,0,double,383,FALSE,FALSE,FALSE,FALSE,FALSE,FALSE,FALSE,FALSE,8937acbbe87ff127e6567f97e52c6a17dbe3ea7052a39a3b76abe25c8e7eeb13,31d3575e77d9d04b75880bca9e10dbd0e13e61d21795052921dd3f702d909dd7
candidate,4,1,1000000,int,FALSE,scale_binary,double,compact,2,586,0.143,0.143,43cbc5fa02580f73a834cffb43a5ba0a0f4d7303cec536a2e3c58f1f469eb824,6506614505e113daab08b3f894ca46d4d61867c7b007c413b47a669abe8aae67,0,int,586,TRUE,TRUE,FALSE,FALSE,FALSE,FALSE,FALSE,FALSE,8937acbbe87ff127e6567f97e52c6a17dbe3ea7052a39a3b76abe25c8e7eeb13,31d3575e77d9d04b75880bca9e10dbd0e13e61d21795052921dd3f702d909dd7
candidate,4,1,1000000,int,FALSE,scale_binary,double,ordinary,3,605,0.182,0.181,43cbc5fa02580f73a834cffb43a5ba0a0f4d7303cec536a2e3c58f1f469eb824,6506614505e113daab08b3f894ca46d4d61867c7b007c413b47a669abe8aae67,0,,0,FALSE,FALSE,FALSE,FALSE,FALSE,FALSE,FALSE,FALSE,8937acbbe87ff127e6567f97e52c6a17dbe3ea7052a39a3b76abe25c8e7eeb13,31d3575e77d9d04b75880bca9e10dbd0e13e61d21795052921dd3f702d909dd7
candidate,4,2,1000000,int,FALSE,scale_general,double,ordinary,1,586,0.178,0.179,98c11364f9b15cf1e1696537d86d727f3e1efaa44f5b303a15ed033179b4e86a,6506614505e113daab08b3f894ca46d4d61867c7b007c413b47a669abe8aae67,0,,0,FALSE,FALSE,FALSE,FALSE,FALSE,FALSE,FALSE,FALSE,8937acbbe87ff127e6567f97e52c6a17dbe3ea7052a39a3b76abe25c8e7eeb13,31d3575e77d9d04b75880bca9e10dbd0e13e61d21795052921dd3f702d909dd7
candidate,4,2,1000000,int,FALSE,scale_general,double,typed_double,2,536,0.183,0.182,98c11364f9b15cf1e1696537d86d727f3e1efaa44f5b303a15ed033179b4e86a,6506614505e113daab08b3f894ca46d4d61867c7b007c413b47a669abe8aae67,0,double,536,FALSE,FALSE,FALSE,FALSE,FALSE,FALSE,FALSE,FALSE,8937acbbe87ff127e6567f97e52c6a17dbe3ea7052a39a3b76abe25c8e7eeb13,31d3575e77d9d04b75880bca9e10dbd0e13e61d21795052921dd3f702d909dd7
candidate,4,2,1000000,int,FALSE,scale_general,double,compact,3,244,0.151,0.15,5b22560fab6c3b27f5e82592f7a486b943278dbe0e1d82a8c99735d3ee13430b,6506614505e113daab08b3f894ca46d4d61867c7b007c413b47a669abe8aae67,0,float,244,TRUE,TRUE,FALSE,FALSE,FALSE,FALSE,FALSE,FALSE,8937acbbe87ff127e6567f97e52c6a17dbe3ea7052a39a3b76abe25c8e7eeb13,31d3575e77d9d04b75880bca9e10dbd0e13e61d21795052921dd3f702d909dd7
candidate,4,3,1000000,int,FALSE,pair_compact_double,double,compact,1,361,0.166,0.166,5865d7f437b5487c8061f7274c6507b7ec0fc76362cd655e9259ebb78a28f057,6506614505e113daab08b3f894ca46d4d61867c7b007c413b47a669abe8aae67,0,double,361,TRUE,TRUE,FALSE,FALSE,FALSE,FALSE,FALSE,FALSE,8937acbbe87ff127e6567f97e52c6a17dbe3ea7052a39a3b76abe25c8e7eeb13,31d3575e77d9d04b75880bca9e10dbd0e13e61d21795052921dd3f702d909dd7
candidate,4,3,1000000,int,FALSE,pair_compact_double,double,ordinary,2,569,0.179,0.179,5865d7f437b5487c8061f7274c6507b7ec0fc76362cd655e9259ebb78a28f057,6506614505e113daab08b3f894ca46d4d61867c7b007c413b47a669abe8aae67,0,,0,FALSE,FALSE,FALSE,FALSE,FALSE,FALSE,FALSE,FALSE,8937acbbe87ff127e6567f97e52c6a17dbe3ea7052a39a3b76abe25c8e7eeb13,31d3575e77d9d04b75880bca9e10dbd0e13e61d21795052921dd3f702d909dd7
candidate,4,3,1000000,int,FALSE,pair_compact_double,double,typed_double,3,458,0.166,0.166,5865d7f437b5487c8061f7274c6507b7ec0fc76362cd655e9259ebb78a28f057,6506614505e113daab08b3f894ca46d4d61867c7b007c413b47a669abe8aae67,0,double,458,FALSE,FALSE,FALSE,FALSE,FALSE,FALSE,FALSE,FALSE,8937acbbe87ff127e6567f97e52c6a17dbe3ea7052a39a3b76abe25c8e7eeb13,31d3575e77d9d04b75880bca9e10dbd0e13e61d21795052921dd3f702d909dd7
candidate,4,4,1000000,int,TRUE,scale_binary,double,typed_double,1,536,0.162999999999999,0.163,406aa86104df9ebd1e49e25bbc9266cbc0cc152fd09e7d28efa1e3b9f07c7f98,256764253c19afe4b22c7738fb2f83098a03d4dbde3db39ee8c24b205a95942a,1003,double,536,FALSE,FALSE,FALSE,FALSE,FALSE,FALSE,FALSE,FALSE,5af7169f9d20a77a6f06236647a66be1493d6e155163c245a466bda43242d0e7,6a2baa27cd05157233063b825243be4bdf1a2dbc88db2a6cdfd0b2527b28716b
candidate,4,4,1000000,int,TRUE,scale_binary,double,compact,2,569,0.138,0.139,406aa86104df9ebd1e49e25bbc9266cbc0cc152fd09e7d28efa1e3b9f07c7f98,256764253c19afe4b22c7738fb2f83098a03d4dbde3db39ee8c24b205a95942a,1003,int,569,TRUE,TRUE,FALSE,FALSE,FALSE,FALSE,FALSE,FALSE,5af7169f9d20a77a6f06236647a66be1493d6e155163c245a466bda43242d0e7,6a2baa27cd05157233063b825243be4bdf1a2dbc88db2a6cdfd0b2527b28716b
candidate,4,4,1000000,int,TRUE,scale_binary,double,ordinary,3,605,0.165,0.165,b10ddc1e7177ef92cdb14943c3981218bcd426a31f9c7d156ed4dbd4ea86c948,256764253c19afe4b22c7738fb2f83098a03d4dbde3db39ee8c24b205a95942a,1003,,0,FALSE,FALSE,FALSE,FALSE,FALSE,FALSE,FALSE,FALSE,5af7169f9d20a77a6f06236647a66be1493d6e155163c245a466bda43242d0e7,6a2baa27cd05157233063b825243be4bdf1a2dbc88db2a6cdfd0b2527b28716b
candidate,4,5,1000000,int,TRUE,scale_general,double,ordinary,1,605,0.165,0.165,ea5220c4891c83ca4d6c555d28f6502adbaf6141ce7d6cf4825e9d27d0d51944,256764253c19afe4b22c7738fb2f83098a03d4dbde3db39ee8c24b205a95942a,1003,,0,FALSE,FALSE,FALSE,FALSE,FALSE,FALSE,FALSE,FALSE,5af7169f9d20a77a6f06236647a66be1493d6e155163c245a466bda43242d0e7,6a2baa27cd05157233063b825243be4bdf1a2dbc88db2a6cdfd0b2527b28716b
candidate,4,5,1000000,int,TRUE,scale_general,double,typed_double,2,552,0.167,0.165999999999999,69569d7d3b174986a7ae48d2c2f67dcea32be4e102725873e2cfa7cf5e4f9d02,256764253c19afe4b22c7738fb2f83098a03d4dbde3db39ee8c24b205a95942a,1003,double,552,FALSE,FALSE,FALSE,FALSE,FALSE,FALSE,FALSE,FALSE,5af7169f9d20a77a6f06236647a66be1493d6e155163c245a466bda43242d0e7,6a2baa27cd05157233063b825243be4bdf1a2dbc88db2a6cdfd0b2527b28716b
candidate,4,5,1000000,int,TRUE,scale_general,double,compact,3,244,0.148999999999999,0.148999999999999,38447e334649e5d7eda33f0001bed517c428980c028a15d2e1699be9ef65cf3a,256764253c19afe4b22c7738fb2f83098a03d4dbde3db39ee8c24b205a95942a,1003,float,244,TRUE,TRUE,FALSE,FALSE,FALSE,FALSE,FALSE,FALSE,5af7169f9d20a77a6f06236647a66be1493d6e155163c245a466bda43242d0e7,6a2baa27cd05157233063b825243be4bdf1a2dbc88db2a6cdfd0b2527b28716b
candidate,4,6,1000000,int,TRUE,pair_compact_double,double,compact,1,361,0.162999999999999,0.162000000000001,087fb12a32e314d333c4287225113c3c6e3a135a9c18c162b3b5753b80f4350c,d842a810a046337b5363ff7dafdaa01aa4553912ce2afa4ee95c617158d8e0e7,2011,double,361,TRUE,TRUE,FALSE,FALSE,FALSE,FALSE,FALSE,FALSE,5af7169f9d20a77a6f06236647a66be1493d6e155163c245a466bda43242d0e7,6a2baa27cd05157233063b825243be4bdf1a2dbc88db2a6cdfd0b2527b28716b
candidate,4,6,1000000,int,TRUE,pair_compact_double,double,ordinary,2,586,0.167,0.167,ea5ac2e3896755c3d5082b83561d8673bb4f0147a7690b804a8d74cecbeda4c1,d842a810a046337b5363ff7dafdaa01aa4553912ce2afa4ee95c617158d8e0e7,2011,,0,FALSE,FALSE,FALSE,FALSE,FALSE,FALSE,FALSE,FALSE,5af7169f9d20a77a6f06236647a66be1493d6e155163c245a466bda43242d0e7,6a2baa27cd05157233063b825243be4bdf1a2dbc88db2a6cdfd0b2527b28716b
candidate,4,6,1000000,int,TRUE,pair_compact_double,double,typed_double,3,458,0.164,0.164,087fb12a32e314d333c4287225113c3c6e3a135a9c18c162b3b5753b80f4350c,d842a810a046337b5363ff7dafdaa01aa4553912ce2afa4ee95c617158d8e0e7,2011,double,458,FALSE,FALSE,FALSE,FALSE,FALSE,FALSE,FALSE,FALSE,5af7169f9d20a77a6f06236647a66be1493d6e155163c245a466bda43242d0e7,6a2baa27cd05157233063b825243be4bdf1a2dbc88db2a6cdfd0b2527b28716b
candidate,4,7,1000000,float,FALSE,scale_binary,double,typed_double,1,552,0.165999999999999,0.165999999999999,5e4cb543f32269b2c2218b394ad1c41d44f6b32b3f8be7d200655b3b7d11f177,6506614505e113daab08b3f894ca46d4d61867c7b007c413b47a669abe8aae67,0,double,552,FALSE,FALSE,FALSE,FALSE,FALSE,FALSE,FALSE,FALSE,7f1c1a27229f7a699fa85ff90b5be1266497c462407b39b11f6d94015af8e8ad,31d3575e77d9d04b75880bca9e10dbd0e13e61d21795052921dd3f702d909dd7
candidate,4,7,1000000,float,FALSE,scale_binary,double,compact,2,458,0.148999999999999,0.15,5e4cb543f32269b2c2218b394ad1c41d44f6b32b3f8be7d200655b3b7d11f177,6506614505e113daab08b3f894ca46d4d61867c7b007c413b47a669abe8aae67,0,float,458,TRUE,TRUE,FALSE,FALSE,FALSE,FALSE,FALSE,FALSE,7f1c1a27229f7a699fa85ff90b5be1266497c462407b39b11f6d94015af8e8ad,31d3575e77d9d04b75880bca9e10dbd0e13e61d21795052921dd3f702d909dd7
candidate,4,7,1000000,float,FALSE,scale_binary,double,ordinary,3,626,0.171,0.17,5e4cb543f32269b2c2218b394ad1c41d44f6b32b3f8be7d200655b3b7d11f177,6506614505e113daab08b3f894ca46d4d61867c7b007c413b47a669abe8aae67,0,,0,FALSE,FALSE,FALSE,FALSE,FALSE,FALSE,FALSE,FALSE,7f1c1a27229f7a699fa85ff90b5be1266497c462407b39b11f6d94015af8e8ad,31d3575e77d9d04b75880bca9e10dbd0e13e61d21795052921dd3f702d909dd7
candidate,4,8,1000000,float,FALSE,scale_general,double,ordinary,1,625,0.154,0.154,f26b519d09797e4f4941392e4b52f307c71832f0aaad54da617e9078fe055e1c,6506614505e113daab08b3f894ca46d4d61867c7b007c413b47a669abe8aae67,0,,0,FALSE,FALSE,FALSE,FALSE,FALSE,FALSE,FALSE,FALSE,7f1c1a27229f7a699fa85ff90b5be1266497c462407b39b11f6d94015af8e8ad,31d3575e77d9d04b75880bca9e10dbd0e13e61d21795052921dd3f702d909dd7
candidate,4,8,1000000,float,FALSE,scale_general,double,typed_double,2,552,0.168999999999999,0.168999999999999,f26b519d09797e4f4941392e4b52f307c71832f0aaad54da617e9078fe055e1c,6506614505e113daab08b3f894ca46d4d61867c7b007c413b47a669abe8aae67,0,double,552,FALSE,FALSE,FALSE,FALSE,FALSE,FALSE,FALSE,FALSE,7f1c1a27229f7a699fa85ff90b5be1266497c462407b39b11f6d94015af8e8ad,31d3575e77d9d04b75880bca9e10dbd0e13e61d21795052921dd3f702d909dd7
candidate,4,8,1000000,float,FALSE,scale_general,double,compact,3,318,0.15,0.149999999999999,72cc5cf98cf5a5166668db2e8420adb3bc862ec1b003fbdd7aeb0a9746f22870,6506614505e113daab08b3f894ca46d4d61867c7b007c413b47a669abe8aae67,0,float,318,TRUE,TRUE,FALSE,FALSE,FALSE,FALSE,FALSE,FALSE,7f1c1a27229f7a699fa85ff90b5be1266497c462407b39b11f6d94015af8e8ad,31d3575e77d9d04b75880bca9e10dbd0e13e61d21795052921dd3f702d909dd7
candidate,4,9,1000000,float,FALSE,pair_compact_double,double,compact,1,469,0.149000000000001,0.148999999999999,d0adc5c3f77a8c464e25cdf403e40486acf05d6b089dad00367eb8620a0a608e,6506614505e113daab08b3f894ca46d4d61867c7b007c413b47a669abe8aae67,0,double,469,TRUE,TRUE,FALSE,FALSE,FALSE,FALSE,FALSE,FALSE,7f1c1a27229f7a699fa85ff90b5be1266497c462407b39b11f6d94015af8e8ad,31d3575e77d9d04b75880bca9e10dbd0e13e61d21795052921dd3f702d909dd7
candidate,4,9,1000000,float,FALSE,pair_compact_double,double,ordinary,2,569,0.149000000000001,0.148000000000001,d0adc5c3f77a8c464e25cdf403e40486acf05d6b089dad00367eb8620a0a608e,6506614505e113daab08b3f894ca46d4d61867c7b007c413b47a669abe8aae67,0,,0,FALSE,FALSE,FALSE,FALSE,FALSE,FALSE,FALSE,FALSE,7f1c1a27229f7a699fa85ff90b5be1266497c462407b39b11f6d94015af8e8ad,31d3575e77d9d04b75880bca9e10dbd0e13e61d21795052921dd3f702d909dd7
candidate,4,9,1000000,float,FALSE,pair_compact_double,double,typed_double,3,469,0.164999999999999,0.166,d0adc5c3f77a8c464e25cdf403e40486acf05d6b089dad00367eb8620a0a608e,6506614505e113daab08b3f894ca46d4d61867c7b007c413b47a669abe8aae67,0,double,469,FALSE,FALSE,FALSE,FALSE,FALSE,FALSE,FALSE,FALSE,7f1c1a27229f7a699fa85ff90b5be1266497c462407b39b11f6d94015af8e8ad,31d3575e77d9d04b75880bca9e10dbd0e13e61d21795052921dd3f702d909dd7
candidate,4,10,1000000,float,TRUE,scale_binary,double,typed_double,1,536,0.162000000000001,0.161,c2d92a8e75010c0ddb80329b9ca6cc4898ca1d4543392f8c8382c3fbfeeb5b4b,256764253c19afe4b22c7738fb2f83098a03d4dbde3db39ee8c24b205a95942a,1003,double,536,FALSE,FALSE,FALSE,FALSE,FALSE,FALSE,FALSE,FALSE,ee8f1f1d17d164fc3d811ad86cc889d11c328f41d3cd55762069bc2161e48c9f,6a2baa27cd05157233063b825243be4bdf1a2dbc88db2a6cdfd0b2527b28716b
candidate,4,10,1000000,float,TRUE,scale_binary,double,compact,2,458,0.150000000000001,0.149999999999999,c2d92a8e75010c0ddb80329b9ca6cc4898ca1d4543392f8c8382c3fbfeeb5b4b,256764253c19afe4b22c7738fb2f83098a03d4dbde3db39ee8c24b205a95942a,1003,float,458,TRUE,TRUE,FALSE,FALSE,FALSE,FALSE,FALSE,FALSE,ee8f1f1d17d164fc3d811ad86cc889d11c328f41d3cd55762069bc2161e48c9f,6a2baa27cd05157233063b825243be4bdf1a2dbc88db2a6cdfd0b2527b28716b
candidate,4,10,1000000,float,TRUE,scale_binary,double,ordinary,3,625,0.167000000000002,0.167000000000002,21fac45dcda0cbc0ba9e1f553d3be3fedd245b921d5e2e4497a8d64f1e038117,256764253c19afe4b22c7738fb2f83098a03d4dbde3db39ee8c24b205a95942a,1003,,0,FALSE,FALSE,FALSE,FALSE,FALSE,FALSE,FALSE,FALSE,ee8f1f1d17d164fc3d811ad86cc889d11c328f41d3cd55762069bc2161e48c9f,6a2baa27cd05157233063b825243be4bdf1a2dbc88db2a6cdfd0b2527b28716b
candidate,4,11,1000000,float,TRUE,scale_general,double,ordinary,1,626,0.167999999999999,0.169,8100d028390097d4a98b44ea0ff4cb617c6204331b80e5c7870832582030541c,256764253c19afe4b22c7738fb2f83098a03d4dbde3db39ee8c24b205a95942a,1003,,0,FALSE,FALSE,FALSE,FALSE,FALSE,FALSE,FALSE,FALSE,ee8f1f1d17d164fc3d811ad86cc889d11c328f41d3cd55762069bc2161e48c9f,6a2baa27cd05157233063b825243be4bdf1a2dbc88db2a6cdfd0b2527b28716b
candidate,4,11,1000000,float,TRUE,scale_general,double,typed_double,2,552,0.151,0.152000000000001,ea87b3dd63bfda18195aef508608398181a11f876a570f6017c0c100c3497f49,256764253c19afe4b22c7738fb2f83098a03d4dbde3db39ee8c24b205a95942a,1003,double,552,FALSE,FALSE,FALSE,FALSE,FALSE,FALSE,FALSE,FALSE,ee8f1f1d17d164fc3d811ad86cc889d11c328f41d3cd55762069bc2161e48c9f,6a2baa27cd05157233063b825243be4bdf1a2dbc88db2a6cdfd0b2527b28716b
candidate,4,11,1000000,float,TRUE,scale_general,double,compact,3,229,0.148,0.148,c58bc992720c328eca610e60f8c3f93d7d61df77946cf51b8626b0d8b78368ef,256764253c19afe4b22c7738fb2f83098a03d4dbde3db39ee8c24b205a95942a,1003,float,229,TRUE,TRUE,FALSE,FALSE,FALSE,FALSE,FALSE,FALSE,ee8f1f1d17d164fc3d811ad86cc889d11c328f41d3cd55762069bc2161e48c9f,6a2baa27cd05157233063b825243be4bdf1a2dbc88db2a6cdfd0b2527b28716b
candidate,4,12,1000000,float,TRUE,pair_compact_double,double,compact,1,324,0.149999999999999,0.150000000000002,9778eddf855170d4c4702501b5240fa491a475187859f9e29c120edb42c46621,d842a810a046337b5363ff7dafdaa01aa4553912ce2afa4ee95c617158d8e0e7,2011,double,324,TRUE,TRUE,FALSE,FALSE,FALSE,FALSE,FALSE,FALSE,ee8f1f1d17d164fc3d811ad86cc889d11c328f41d3cd55762069bc2161e48c9f,6a2baa27cd05157233063b825243be4bdf1a2dbc88db2a6cdfd0b2527b28716b
candidate,4,12,1000000,float,TRUE,pair_compact_double,double,ordinary,2,605,0.169999999999998,0.169999999999998,d8927aedee8fcfee16a2d8b73448110e471dbaa24a570b3a223eaaa8fa336e58,d842a810a046337b5363ff7dafdaa01aa4553912ce2afa4ee95c617158d8e0e7,2011,,0,FALSE,FALSE,FALSE,FALSE,FALSE,FALSE,FALSE,FALSE,ee8f1f1d17d164fc3d811ad86cc889d11c328f41d3cd55762069bc2161e48c9f,6a2baa27cd05157233063b825243be4bdf1a2dbc88db2a6cdfd0b2527b28716b
candidate,4,12,1000000,float,TRUE,pair_compact_double,double,typed_double,3,481,0.171,0.170999999999999,9778eddf855170d4c4702501b5240fa491a475187859f9e29c120edb42c46621,d842a810a046337b5363ff7dafdaa01aa4553912ce2afa4ee95c617158d8e0e7,2011,double,481,FALSE,FALSE,FALSE,FALSE,FALSE,FALSE,FALSE,FALSE,ee8f1f1d17d164fc3d811ad86cc889d11c328f41d3cd55762069bc2161e48c9f,6a2baa27cd05157233063b825243be4bdf1a2dbc88db2a6cdfd0b2527b28716b
baseline,4,1,1000000,int,FALSE,scale_binary,double,typed_double,1,383,0.124,0.124,43cbc5fa02580f73a834cffb43a5ba0a0f4d7303cec536a2e3c58f1f469eb824,6506614505e113daab08b3f894ca46d4d61867c7b007c413b47a669abe8aae67,0,double,383,FALSE,FALSE,FALSE,FALSE,FALSE,FALSE,FALSE,FALSE,8937acbbe87ff127e6567f97e52c6a17dbe3ea7052a39a3b76abe25c8e7eeb13,31d3575e77d9d04b75880bca9e10dbd0e13e61d21795052921dd3f702d909dd7
baseline,4,1,1000000,int,FALSE,scale_binary,double,compact,2,569,0.138,0.138,43cbc5fa02580f73a834cffb43a5ba0a0f4d7303cec536a2e3c58f1f469eb824,6506614505e113daab08b3f894ca46d4d61867c7b007c413b47a669abe8aae67,0,int,569,TRUE,TRUE,FALSE,FALSE,FALSE,FALSE,FALSE,FALSE,8937acbbe87ff127e6567f97e52c6a17dbe3ea7052a39a3b76abe25c8e7eeb13,31d3575e77d9d04b75880bca9e10dbd0e13e61d21795052921dd3f702d909dd7
baseline,4,1,1000000,int,FALSE,scale_binary,double,ordinary,3,605,0.182,0.182,43cbc5fa02580f73a834cffb43a5ba0a0f4d7303cec536a2e3c58f1f469eb824,6506614505e113daab08b3f894ca46d4d61867c7b007c413b47a669abe8aae67,0,,0,FALSE,FALSE,FALSE,FALSE,FALSE,FALSE,FALSE,FALSE,8937acbbe87ff127e6567f97e52c6a17dbe3ea7052a39a3b76abe25c8e7eeb13,31d3575e77d9d04b75880bca9e10dbd0e13e61d21795052921dd3f702d909dd7
baseline,4,2,1000000,int,FALSE,scale_general,double,ordinary,1,605,0.167,0.167,98c11364f9b15cf1e1696537d86d727f3e1efaa44f5b303a15ed033179b4e86a,6506614505e113daab08b3f894ca46d4d61867c7b007c413b47a669abe8aae67,0,,0,FALSE,FALSE,FALSE,FALSE,FALSE,FALSE,FALSE,FALSE,8937acbbe87ff127e6567f97e52c6a17dbe3ea7052a39a3b76abe25c8e7eeb13,31d3575e77d9d04b75880bca9e10dbd0e13e61d21795052921dd3f702d909dd7
baseline,4,2,1000000,int,FALSE,scale_general,double,typed_double,2,536,0.181,0.181,98c11364f9b15cf1e1696537d86d727f3e1efaa44f5b303a15ed033179b4e86a,6506614505e113daab08b3f894ca46d4d61867c7b007c413b47a669abe8aae67,0,double,536,FALSE,FALSE,FALSE,FALSE,FALSE,FALSE,FALSE,FALSE,8937acbbe87ff127e6567f97e52c6a17dbe3ea7052a39a3b76abe25c8e7eeb13,31d3575e77d9d04b75880bca9e10dbd0e13e61d21795052921dd3f702d909dd7
baseline,4,2,1000000,int,FALSE,scale_general,double,compact,3,241,0.148,0.148,5b22560fab6c3b27f5e82592f7a486b943278dbe0e1d82a8c99735d3ee13430b,6506614505e113daab08b3f894ca46d4d61867c7b007c413b47a669abe8aae67,0,float,241,TRUE,TRUE,FALSE,FALSE,FALSE,FALSE,FALSE,FALSE,8937acbbe87ff127e6567f97e52c6a17dbe3ea7052a39a3b76abe25c8e7eeb13,31d3575e77d9d04b75880bca9e10dbd0e13e61d21795052921dd3f702d909dd7
baseline,4,3,1000000,int,FALSE,pair_compact_double,double,compact,1,368,0.167,0.167000000000001,5865d7f437b5487c8061f7274c6507b7ec0fc76362cd655e9259ebb78a28f057,6506614505e113daab08b3f894ca46d4d61867c7b007c413b47a669abe8aae67,0,double,368,TRUE,TRUE,FALSE,FALSE,FALSE,FALSE,FALSE,FALSE,8937acbbe87ff127e6567f97e52c6a17dbe3ea7052a39a3b76abe25c8e7eeb13,31d3575e77d9d04b75880bca9e10dbd0e13e61d21795052921dd3f702d909dd7
baseline,4,3,1000000,int,FALSE,pair_compact_double,double,ordinary,2,605,0.156,0.156,5865d7f437b5487c8061f7274c6507b7ec0fc76362cd655e9259ebb78a28f057,6506614505e113daab08b3f894ca46d4d61867c7b007c413b47a669abe8aae67,0,,0,FALSE,FALSE,FALSE,FALSE,FALSE,FALSE,FALSE,FALSE,8937acbbe87ff127e6567f97e52c6a17dbe3ea7052a39a3b76abe25c8e7eeb13,31d3575e77d9d04b75880bca9e10dbd0e13e61d21795052921dd3f702d909dd7
baseline,4,3,1000000,int,FALSE,pair_compact_double,double,typed_double,3,335,0.109,0.107,5865d7f437b5487c8061f7274c6507b7ec0fc76362cd655e9259ebb78a28f057,6506614505e113daab08b3f894ca46d4d61867c7b007c413b47a669abe8aae67,0,double,335,FALSE,FALSE,FALSE,FALSE,FALSE,FALSE,FALSE,FALSE,8937acbbe87ff127e6567f97e52c6a17dbe3ea7052a39a3b76abe25c8e7eeb13,31d3575e77d9d04b75880bca9e10dbd0e13e61d21795052921dd3f702d909dd7
baseline,4,4,1000000,int,TRUE,scale_binary,double,typed_double,1,552,0.165,0.166,406aa86104df9ebd1e49e25bbc9266cbc0cc152fd09e7d28efa1e3b9f07c7f98,256764253c19afe4b22c7738fb2f83098a03d4dbde3db39ee8c24b205a95942a,1003,double,552,FALSE,FALSE,FALSE,FALSE,FALSE,FALSE,FALSE,FALSE,5af7169f9d20a77a6f06236647a66be1493d6e155163c245a466bda43242d0e7,6a2baa27cd05157233063b825243be4bdf1a2dbc88db2a6cdfd0b2527b28716b
baseline,4,4,1000000,int,TRUE,scale_binary,double,compact,2,536,0.129,0.129,406aa86104df9ebd1e49e25bbc9266cbc0cc152fd09e7d28efa1e3b9f07c7f98,256764253c19afe4b22c7738fb2f83098a03d4dbde3db39ee8c24b205a95942a,1003,int,536,TRUE,TRUE,FALSE,FALSE,FALSE,FALSE,FALSE,FALSE,5af7169f9d20a77a6f06236647a66be1493d6e155163c245a466bda43242d0e7,6a2baa27cd05157233063b825243be4bdf1a2dbc88db2a6cdfd0b2527b28716b
baseline,4,4,1000000,int,TRUE,scale_binary,double,ordinary,3,605,0.163,0.162999999999999,b10ddc1e7177ef92cdb14943c3981218bcd426a31f9c7d156ed4dbd4ea86c948,256764253c19afe4b22c7738fb2f83098a03d4dbde3db39ee8c24b205a95942a,1003,,0,FALSE,FALSE,FALSE,FALSE,FALSE,FALSE,FALSE,FALSE,5af7169f9d20a77a6f06236647a66be1493d6e155163c245a466bda43242d0e7,6a2baa27cd05157233063b825243be4bdf1a2dbc88db2a6cdfd0b2527b28716b
baseline,4,5,1000000,int,TRUE,scale_general,double,ordinary,1,626,0.153,0.154,ea5220c4891c83ca4d6c555d28f6502adbaf6141ce7d6cf4825e9d27d0d51944,256764253c19afe4b22c7738fb2f83098a03d4dbde3db39ee8c24b205a95942a,1003,,0,FALSE,FALSE,FALSE,FALSE,FALSE,FALSE,FALSE,FALSE,5af7169f9d20a77a6f06236647a66be1493d6e155163c245a466bda43242d0e7,6a2baa27cd05157233063b825243be4bdf1a2dbc88db2a6cdfd0b2527b28716b
baseline,4,5,1000000,int,TRUE,scale_general,double,typed_double,2,383,0.105,0.104,69569d7d3b174986a7ae48d2c2f67dcea32be4e102725873e2cfa7cf5e4f9d02,256764253c19afe4b22c7738fb2f83098a03d4dbde3db39ee8c24b205a95942a,1003,double,383,FALSE,FALSE,FALSE,FALSE,FALSE,FALSE,FALSE,FALSE,5af7169f9d20a77a6f06236647a66be1493d6e155163c245a466bda43242d0e7,6a2baa27cd05157233063b825243be4bdf1a2dbc88db2a6cdfd0b2527b28716b
baseline,4,5,1000000,int,TRUE,scale_general,double,compact,3,241,0.147,0.147,38447e334649e5d7eda33f0001bed517c428980c028a15d2e1699be9ef65cf3a,256764253c19afe4b22c7738fb2f83098a03d4dbde3db39ee8c24b205a95942a,1003,float,241,TRUE,TRUE,FALSE,FALSE,FALSE,FALSE,FALSE,FALSE,5af7169f9d20a77a6f06236647a66be1493d6e155163c245a466bda43242d0e7,6a2baa27cd05157233063b825243be4bdf1a2dbc88db2a6cdfd0b2527b28716b
baseline,4,6,1000000,int,TRUE,pair_compact_double,double,compact,1,368,0.183,0.183,087fb12a32e314d333c4287225113c3c6e3a135a9c18c162b3b5753b80f4350c,d842a810a046337b5363ff7dafdaa01aa4553912ce2afa4ee95c617158d8e0e7,2011,double,368,TRUE,TRUE,FALSE,FALSE,FALSE,FALSE,FALSE,FALSE,5af7169f9d20a77a6f06236647a66be1493d6e155163c245a466bda43242d0e7,6a2baa27cd05157233063b825243be4bdf1a2dbc88db2a6cdfd0b2527b28716b
baseline,4,6,1000000,int,TRUE,pair_compact_double,double,ordinary,2,536,0.148,0.147,ea5ac2e3896755c3d5082b83561d8673bb4f0147a7690b804a8d74cecbeda4c1,d842a810a046337b5363ff7dafdaa01aa4553912ce2afa4ee95c617158d8e0e7,2011,,0,FALSE,FALSE,FALSE,FALSE,FALSE,FALSE,FALSE,FALSE,5af7169f9d20a77a6f06236647a66be1493d6e155163c245a466bda43242d0e7,6a2baa27cd05157233063b825243be4bdf1a2dbc88db2a6cdfd0b2527b28716b
baseline,4,6,1000000,int,TRUE,pair_compact_double,double,typed_double,3,417,0.151,0.151999999999999,087fb12a32e314d333c4287225113c3c6e3a135a9c18c162b3b5753b80f4350c,d842a810a046337b5363ff7dafdaa01aa4553912ce2afa4ee95c617158d8e0e7,2011,double,417,FALSE,FALSE,FALSE,FALSE,FALSE,FALSE,FALSE,FALSE,5af7169f9d20a77a6f06236647a66be1493d6e155163c245a466bda43242d0e7,6a2baa27cd05157233063b825243be4bdf1a2dbc88db2a6cdfd0b2527b28716b
baseline,4,7,1000000,float,FALSE,scale_binary,double,typed_double,1,552,0.167,0.167,5e4cb543f32269b2c2218b394ad1c41d44f6b32b3f8be7d200655b3b7d11f177,6506614505e113daab08b3f894ca46d4d61867c7b007c413b47a669abe8aae67,0,double,552,FALSE,FALSE,FALSE,FALSE,FALSE,FALSE,FALSE,FALSE,7f1c1a27229f7a699fa85ff90b5be1266497c462407b39b11f6d94015af8e8ad,31d3575e77d9d04b75880bca9e10dbd0e13e61d21795052921dd3f702d909dd7
baseline,4,7,1000000,float,FALSE,scale_binary,double,compact,2,458,0.150000000000001,0.149000000000001,5e4cb543f32269b2c2218b394ad1c41d44f6b32b3f8be7d200655b3b7d11f177,6506614505e113daab08b3f894ca46d4d61867c7b007c413b47a669abe8aae67,0,float,458,TRUE,TRUE,FALSE,FALSE,FALSE,FALSE,FALSE,FALSE,7f1c1a27229f7a699fa85ff90b5be1266497c462407b39b11f6d94015af8e8ad,31d3575e77d9d04b75880bca9e10dbd0e13e61d21795052921dd3f702d909dd7
baseline,4,7,1000000,float,FALSE,scale_binary,double,ordinary,3,626,0.151,0.151,5e4cb543f32269b2c2218b394ad1c41d44f6b32b3f8be7d200655b3b7d11f177,6506614505e113daab08b3f894ca46d4d61867c7b007c413b47a669abe8aae67,0,,0,FALSE,FALSE,FALSE,FALSE,FALSE,FALSE,FALSE,FALSE,7f1c1a27229f7a699fa85ff90b5be1266497c462407b39b11f6d94015af8e8ad,31d3575e77d9d04b75880bca9e10dbd0e13e61d21795052921dd3f702d909dd7
baseline,4,8,1000000,float,FALSE,scale_general,double,ordinary,1,427,0.103,0.103,f26b519d09797e4f4941392e4b52f307c71832f0aaad54da617e9078fe055e1c,6506614505e113daab08b3f894ca46d4d61867c7b007c413b47a669abe8aae67,0,,0,FALSE,FALSE,FALSE,FALSE,FALSE,FALSE,FALSE,FALSE,7f1c1a27229f7a699fa85ff90b5be1266497c462407b39b11f6d94015af8e8ad,31d3575e77d9d04b75880bca9e10dbd0e13e61d21795052921dd3f702d909dd7
baseline,4,8,1000000,float,FALSE,scale_general,double,typed_double,2,569,0.153,0.152999999999999,f26b519d09797e4f4941392e4b52f307c71832f0aaad54da617e9078fe055e1c,6506614505e113daab08b3f894ca46d4d61867c7b007c413b47a669abe8aae67,0,double,569,FALSE,FALSE,FALSE,FALSE,FALSE,FALSE,FALSE,FALSE,7f1c1a27229f7a699fa85ff90b5be1266497c462407b39b11f6d94015af8e8ad,31d3575e77d9d04b75880bca9e10dbd0e13e61d21795052921dd3f702d909dd7
baseline,4,8,1000000,float,FALSE,scale_general,double,compact,3,318,0.15,0.15,72cc5cf98cf5a5166668db2e8420adb3bc862ec1b003fbdd7aeb0a9746f22870,6506614505e113daab08b3f894ca46d4d61867c7b007c413b47a669abe8aae67,0,float,318,TRUE,TRUE,FALSE,FALSE,FALSE,FALSE,FALSE,FALSE,7f1c1a27229f7a699fa85ff90b5be1266497c462407b39b11f6d94015af8e8ad,31d3575e77d9d04b75880bca9e10dbd0e13e61d21795052921dd3f702d909dd7
baseline,4,9,1000000,float,FALSE,pair_compact_double,double,compact,1,481,0.151,0.151999999999999,d0adc5c3f77a8c464e25cdf403e40486acf05d6b089dad00367eb8620a0a608e,6506614505e113daab08b3f894ca46d4d61867c7b007c413b47a669abe8aae67,0,double,481,TRUE,TRUE,FALSE,FALSE,FALSE,FALSE,FALSE,FALSE,7f1c1a27229f7a699fa85ff90b5be1266497c462407b39b11f6d94015af8e8ad,31d3575e77d9d04b75880bca9e10dbd0e13e61d21795052921dd3f702d909dd7
baseline,4,9,1000000,float,FALSE,pair_compact_double,double,ordinary,2,605,0.154999999999999,0.154999999999999,d0adc5c3f77a8c464e25cdf403e40486acf05d6b089dad00367eb8620a0a608e,6506614505e113daab08b3f894ca46d4d61867c7b007c413b47a669abe8aae67,0,,0,FALSE,FALSE,FALSE,FALSE,FALSE,FALSE,FALSE,FALSE,7f1c1a27229f7a699fa85ff90b5be1266497c462407b39b11f6d94015af8e8ad,31d3575e77d9d04b75880bca9e10dbd0e13e61d21795052921dd3f702d909dd7
baseline,4,9,1000000,float,FALSE,pair_compact_double,double,typed_double,3,481,0.167,0.167000000000002,d0adc5c3f77a8c464e25cdf403e40486acf05d6b089dad00367eb8620a0a608e,6506614505e113daab08b3f894ca46d4d61867c7b007c413b47a669abe8aae67,0,double,481,FALSE,FALSE,FALSE,FALSE,FALSE,FALSE,FALSE,FALSE,7f1c1a27229f7a699fa85ff90b5be1266497c462407b39b11f6d94015af8e8ad,31d3575e77d9d04b75880bca9e10dbd0e13e61d21795052921dd3f702d909dd7
baseline,4,10,1000000,float,TRUE,scale_binary,double,typed_double,1,569,0.153,0.153,c2d92a8e75010c0ddb80329b9ca6cc4898ca1d4543392f8c8382c3fbfeeb5b4b,256764253c19afe4b22c7738fb2f83098a03d4dbde3db39ee8c24b205a95942a,1003,double,569,FALSE,FALSE,FALSE,FALSE,FALSE,FALSE,FALSE,FALSE,ee8f1f1d17d164fc3d811ad86cc889d11c328f41d3cd55762069bc2161e48c9f,6a2baa27cd05157233063b825243be4bdf1a2dbc88db2a6cdfd0b2527b28716b
baseline,4,10,1000000,float,TRUE,scale_binary,double,compact,2,469,0.153000000000001,0.153,c2d92a8e75010c0ddb80329b9ca6cc4898ca1d4543392f8c8382c3fbfeeb5b4b,256764253c19afe4b22c7738fb2f83098a03d4dbde3db39ee8c24b205a95942a,1003,float,469,TRUE,TRUE,FALSE,FALSE,FALSE,FALSE,FALSE,FALSE,ee8f1f1d17d164fc3d811ad86cc889d11c328f41d3cd55762069bc2161e48c9f,6a2baa27cd05157233063b825243be4bdf1a2dbc88db2a6cdfd0b2527b28716b
baseline,4,10,1000000,float,TRUE,scale_binary,double,ordinary,3,647,0.170999999999999,0.171000000000003,21fac45dcda0cbc0ba9e1f553d3be3fedd245b921d5e2e4497a8d64f1e038117,256764253c19afe4b22c7738fb2f83098a03d4dbde3db39ee8c24b205a95942a,1003,,0,FALSE,FALSE,FALSE,FALSE,FALSE,FALSE,FALSE,FALSE,ee8f1f1d17d164fc3d811ad86cc889d11c328f41d3cd55762069bc2161e48c9f,6a2baa27cd05157233063b825243be4bdf1a2dbc88db2a6cdfd0b2527b28716b
baseline,4,11,1000000,float,TRUE,scale_general,double,ordinary,1,625,0.150999999999999,0.150000000000002,8100d028390097d4a98b44ea0ff4cb617c6204331b80e5c7870832582030541c,256764253c19afe4b22c7738fb2f83098a03d4dbde3db39ee8c24b205a95942a,1003,,0,FALSE,FALSE,FALSE,FALSE,FALSE,FALSE,FALSE,FALSE,ee8f1f1d17d164fc3d811ad86cc889d11c328f41d3cd55762069bc2161e48c9f,6a2baa27cd05157233063b825243be4bdf1a2dbc88db2a6cdfd0b2527b28716b
baseline,4,11,1000000,float,TRUE,scale_general,double,typed_double,2,569,0.167999999999999,0.169,ea87b3dd63bfda18195aef508608398181a11f876a570f6017c0c100c3497f49,256764253c19afe4b22c7738fb2f83098a03d4dbde3db39ee8c24b205a95942a,1003,double,569,FALSE,FALSE,FALSE,FALSE,FALSE,FALSE,FALSE,FALSE,ee8f1f1d17d164fc3d811ad86cc889d11c328f41d3cd55762069bc2161e48c9f,6a2baa27cd05157233063b825243be4bdf1a2dbc88db2a6cdfd0b2527b28716b
baseline,4,11,1000000,float,TRUE,scale_general,double,compact,3,207,0.149999999999999,0.149999999999999,c58bc992720c328eca610e60f8c3f93d7d61df77946cf51b8626b0d8b78368ef,256764253c19afe4b22c7738fb2f83098a03d4dbde3db39ee8c24b205a95942a,1003,float,207,TRUE,TRUE,FALSE,FALSE,FALSE,FALSE,FALSE,FALSE,ee8f1f1d17d164fc3d811ad86cc889d11c328f41d3cd55762069bc2161e48c9f,6a2baa27cd05157233063b825243be4bdf1a2dbc88db2a6cdfd0b2527b28716b
baseline,4,12,1000000,float,TRUE,pair_compact_double,double,compact,1,276,0.151000000000003,0.151,9778eddf855170d4c4702501b5240fa491a475187859f9e29c120edb42c46621,d842a810a046337b5363ff7dafdaa01aa4553912ce2afa4ee95c617158d8e0e7,2011,double,276,TRUE,TRUE,FALSE,FALSE,FALSE,FALSE,FALSE,FALSE,ee8f1f1d17d164fc3d811ad86cc889d11c328f41d3cd55762069bc2161e48c9f,6a2baa27cd05157233063b825243be4bdf1a2dbc88db2a6cdfd0b2527b28716b
baseline,4,12,1000000,float,TRUE,pair_compact_double,double,ordinary,2,605,0.169,0.169999999999998,d8927aedee8fcfee16a2d8b73448110e471dbaa24a570b3a223eaaa8fa336e58,d842a810a046337b5363ff7dafdaa01aa4553912ce2afa4ee95c617158d8e0e7,2011,,0,FALSE,FALSE,FALSE,FALSE,FALSE,FALSE,FALSE,FALSE,ee8f1f1d17d164fc3d811ad86cc889d11c328f41d3cd55762069bc2161e48c9f,6a2baa27cd05157233063b825243be4bdf1a2dbc88db2a6cdfd0b2527b28716b
baseline,4,12,1000000,float,TRUE,pair_compact_double,double,typed_double,3,494,0.154999999999998,0.155999999999999,9778eddf855170d4c4702501b5240fa491a475187859f9e29c120edb42c46621,d842a810a046337b5363ff7dafdaa01aa4553912ce2afa4ee95c617158d8e0e7,2011,double,494,FALSE,FALSE,FALSE,FALSE,FALSE,FALSE,FALSE,FALSE,ee8f1f1d17d164fc3d811ad86cc889d11c328f41d3cd55762069bc2161e48c9f,6a2baa27cd05157233063b825243be4bdf1a2dbc88db2a6cdfd0b2527b28716b
baseline,5,1,1000000,int,FALSE,scale_binary,double,compact,1,569,0.138,0.139,43cbc5fa02580f73a834cffb43a5ba0a0f4d7303cec536a2e3c58f1f469eb824,6506614505e113daab08b3f894ca46d4d61867c7b007c413b47a669abe8aae67,0,int,569,TRUE,TRUE,FALSE,FALSE,FALSE,FALSE,FALSE,FALSE,8937acbbe87ff127e6567f97e52c6a17dbe3ea7052a39a3b76abe25c8e7eeb13,31d3575e77d9d04b75880bca9e10dbd0e13e61d21795052921dd3f702d909dd7
baseline,5,1,1000000,int,FALSE,scale_binary,double,typed_double,2,552,0.169,0.169,43cbc5fa02580f73a834cffb43a5ba0a0f4d7303cec536a2e3c58f1f469eb824,6506614505e113daab08b3f894ca46d4d61867c7b007c413b47a669abe8aae67,0,double,552,FALSE,FALSE,FALSE,FALSE,FALSE,FALSE,FALSE,FALSE,8937acbbe87ff127e6567f97e52c6a17dbe3ea7052a39a3b76abe25c8e7eeb13,31d3575e77d9d04b75880bca9e10dbd0e13e61d21795052921dd3f702d909dd7
baseline,5,1,1000000,int,FALSE,scale_binary,double,ordinary,3,605,0.167,0.167,43cbc5fa02580f73a834cffb43a5ba0a0f4d7303cec536a2e3c58f1f469eb824,6506614505e113daab08b3f894ca46d4d61867c7b007c413b47a669abe8aae67,0,,0,FALSE,FALSE,FALSE,FALSE,FALSE,FALSE,FALSE,FALSE,8937acbbe87ff127e6567f97e52c6a17dbe3ea7052a39a3b76abe25c8e7eeb13,31d3575e77d9d04b75880bca9e10dbd0e13e61d21795052921dd3f702d909dd7
baseline,5,2,1000000,int,FALSE,scale_general,double,typed_double,1,376,0.106,0.105,98c11364f9b15cf1e1696537d86d727f3e1efaa44f5b303a15ed033179b4e86a,6506614505e113daab08b3f894ca46d4d61867c7b007c413b47a669abe8aae67,0,double,376,FALSE,FALSE,FALSE,FALSE,FALSE,FALSE,FALSE,FALSE,8937acbbe87ff127e6567f97e52c6a17dbe3ea7052a39a3b76abe25c8e7eeb13,31d3575e77d9d04b75880bca9e10dbd0e13e61d21795052921dd3f702d909dd7
baseline,5,2,1000000,int,FALSE,scale_general,double,ordinary,2,427,0.122,0.123,98c11364f9b15cf1e1696537d86d727f3e1efaa44f5b303a15ed033179b4e86a,6506614505e113daab08b3f894ca46d4d61867c7b007c413b47a669abe8aae67,0,,0,FALSE,FALSE,FALSE,FALSE,FALSE,FALSE,FALSE,FALSE,8937acbbe87ff127e6567f97e52c6a17dbe3ea7052a39a3b76abe25c8e7eeb13,31d3575e77d9d04b75880bca9e10dbd0e13e61d21795052921dd3f702d909dd7
baseline,5,2,1000000,int,FALSE,scale_general,double,compact,3,244,0.15,0.149,5b22560fab6c3b27f5e82592f7a486b943278dbe0e1d82a8c99735d3ee13430b,6506614505e113daab08b3f894ca46d4d61867c7b007c413b47a669abe8aae67,0,float,244,TRUE,TRUE,FALSE,FALSE,FALSE,FALSE,FALSE,FALSE,8937acbbe87ff127e6567f97e52c6a17dbe3ea7052a39a3b76abe25c8e7eeb13,31d3575e77d9d04b75880bca9e10dbd0e13e61d21795052921dd3f702d909dd7
baseline,5,3,1000000,int,FALSE,pair_compact_double,double,ordinary,1,569,0.18,0.181,5865d7f437b5487c8061f7274c6507b7ec0fc76362cd655e9259ebb78a28f057,6506614505e113daab08b3f894ca46d4d61867c7b007c413b47a669abe8aae67,0,,0,FALSE,FALSE,FALSE,FALSE,FALSE,FALSE,FALSE,FALSE,8937acbbe87ff127e6567f97e52c6a17dbe3ea7052a39a3b76abe25c8e7eeb13,31d3575e77d9d04b75880bca9e10dbd0e13e61d21795052921dd3f702d909dd7
baseline,5,3,1000000,int,FALSE,pair_compact_double,double,compact,2,361,0.167,0.167,5865d7f437b5487c8061f7274c6507b7ec0fc76362cd655e9259ebb78a28f057,6506614505e113daab08b3f894ca46d4d61867c7b007c413b47a669abe8aae67,0,double,361,TRUE,TRUE,FALSE,FALSE,FALSE,FALSE,FALSE,FALSE,8937acbbe87ff127e6567f97e52c6a17dbe3ea7052a39a3b76abe25c8e7eeb13,31d3575e77d9d04b75880bca9e10dbd0e13e61d21795052921dd3f702d909dd7
baseline,5,3,1000000,int,FALSE,pair_compact_double,double,typed_double,3,458,0.165999999999999,0.167,5865d7f437b5487c8061f7274c6507b7ec0fc76362cd655e9259ebb78a28f057,6506614505e113daab08b3f894ca46d4d61867c7b007c413b47a669abe8aae67,0,double,458,FALSE,FALSE,FALSE,FALSE,FALSE,FALSE,FALSE,FALSE,8937acbbe87ff127e6567f97e52c6a17dbe3ea7052a39a3b76abe25c8e7eeb13,31d3575e77d9d04b75880bca9e10dbd0e13e61d21795052921dd3f702d909dd7
baseline,5,4,1000000,int,TRUE,scale_binary,double,compact,1,569,0.138,0.138000000000001,406aa86104df9ebd1e49e25bbc9266cbc0cc152fd09e7d28efa1e3b9f07c7f98,256764253c19afe4b22c7738fb2f83098a03d4dbde3db39ee8c24b205a95942a,1003,int,569,TRUE,TRUE,FALSE,FALSE,FALSE,FALSE,FALSE,FALSE,5af7169f9d20a77a6f06236647a66be1493d6e155163c245a466bda43242d0e7,6a2baa27cd05157233063b825243be4bdf1a2dbc88db2a6cdfd0b2527b28716b
baseline,5,4,1000000,int,TRUE,scale_binary,double,typed_double,2,376,0.104,0.103999999999999,406aa86104df9ebd1e49e25bbc9266cbc0cc152fd09e7d28efa1e3b9f07c7f98,256764253c19afe4b22c7738fb2f83098a03d4dbde3db39ee8c24b205a95942a,1003,double,376,FALSE,FALSE,FALSE,FALSE,FALSE,FALSE,FALSE,FALSE,5af7169f9d20a77a6f06236647a66be1493d6e155163c245a466bda43242d0e7,6a2baa27cd05157233063b825243be4bdf1a2dbc88db2a6cdfd0b2527b28716b
baseline,5,4,1000000,int,TRUE,scale_binary,double,ordinary,3,399,0.0999999999999996,0.100000000000001,b10ddc1e7177ef92cdb14943c3981218bcd426a31f9c7d156ed4dbd4ea86c948,256764253c19afe4b22c7738fb2f83098a03d4dbde3db39ee8c24b205a95942a,1003,,0,FALSE,FALSE,FALSE,FALSE,FALSE,FALSE,FALSE,FALSE,5af7169f9d20a77a6f06236647a66be1493d6e155163c245a466bda43242d0e7,6a2baa27cd05157233063b825243be4bdf1a2dbc88db2a6cdfd0b2527b28716b
baseline,5,5,1000000,int,TRUE,scale_general,double,typed_double,1,375,0.105,0.105,69569d7d3b174986a7ae48d2c2f67dcea32be4e102725873e2cfa7cf5e4f9d02,256764253c19afe4b22c7738fb2f83098a03d4dbde3db39ee8c24b205a95942a,1003,double,375,FALSE,FALSE,FALSE,FALSE,FALSE,FALSE,FALSE,FALSE,5af7169f9d20a77a6f06236647a66be1493d6e155163c245a466bda43242d0e7,6a2baa27cd05157233063b825243be4bdf1a2dbc88db2a6cdfd0b2527b28716b
baseline,5,5,1000000,int,TRUE,scale_general,double,ordinary,2,417,0.103999999999999,0.104,ea5220c4891c83ca4d6c555d28f6502adbaf6141ce7d6cf4825e9d27d0d51944,256764253c19afe4b22c7738fb2f83098a03d4dbde3db39ee8c24b205a95942a,1003,,0,FALSE,FALSE,FALSE,FALSE,FALSE,FALSE,FALSE,FALSE,5af7169f9d20a77a6f06236647a66be1493d6e155163c245a466bda43242d0e7,6a2baa27cd05157233063b825243be4bdf1a2dbc88db2a6cdfd0b2527b28716b
baseline,5,5,1000000,int,TRUE,scale_general,double,compact,3,244,0.15,0.148999999999999,38447e334649e5d7eda33f0001bed517c428980c028a15d2e1699be9ef65cf3a,256764253c19afe4b22c7738fb2f83098a03d4dbde3db39ee8c24b205a95942a,1003,float,244,TRUE,TRUE,FALSE,FALSE,FALSE,FALSE,FALSE,FALSE,5af7169f9d20a77a6f06236647a66be1493d6e155163c245a466bda43242d0e7,6a2baa27cd05157233063b825243be4bdf1a2dbc88db2a6cdfd0b2527b28716b
baseline,5,6,1000000,int,TRUE,pair_compact_double,double,ordinary,1,569,0.164,0.164000000000001,ea5ac2e3896755c3d5082b83561d8673bb4f0147a7690b804a8d74cecbeda4c1,d842a810a046337b5363ff7dafdaa01aa4553912ce2afa4ee95c617158d8e0e7,2011,,0,FALSE,FALSE,FALSE,FALSE,FALSE,FALSE,FALSE,FALSE,5af7169f9d20a77a6f06236647a66be1493d6e155163c245a466bda43242d0e7,6a2baa27cd05157233063b825243be4bdf1a2dbc88db2a6cdfd0b2527b28716b
baseline,5,6,1000000,int,TRUE,pair_compact_double,double,compact,2,361,0.164,0.164000000000001,087fb12a32e314d333c4287225113c3c6e3a135a9c18c162b3b5753b80f4350c,d842a810a046337b5363ff7dafdaa01aa4553912ce2afa4ee95c617158d8e0e7,2011,double,361,TRUE,TRUE,FALSE,FALSE,FALSE,FALSE,FALSE,FALSE,5af7169f9d20a77a6f06236647a66be1493d6e155163c245a466bda43242d0e7,6a2baa27cd05157233063b825243be4bdf1a2dbc88db2a6cdfd0b2527b28716b
baseline,5,6,1000000,int,TRUE,pair_compact_double,double,typed_double,3,469,0.166,0.167,087fb12a32e314d333c4287225113c3c6e3a135a9c18c162b3b5753b80f4350c,d842a810a046337b5363ff7dafdaa01aa4553912ce2afa4ee95c617158d8e0e7,2011,double,469,FALSE,FALSE,FALSE,FALSE,FALSE,FALSE,FALSE,FALSE,5af7169f9d20a77a6f06236647a66be1493d6e155163c245a466bda43242d0e7,6a2baa27cd05157233063b825243be4bdf1a2dbc88db2a6cdfd0b2527b28716b
baseline,5,7,1000000,float,FALSE,scale_binary,double,compact,1,458,0.149000000000001,0.149000000000001,5e4cb543f32269b2c2218b394ad1c41d44f6b32b3f8be7d200655b3b7d11f177,6506614505e113daab08b3f894ca46d4d61867c7b007c413b47a669abe8aae67,0,float,458,TRUE,TRUE,FALSE,FALSE,FALSE,FALSE,FALSE,FALSE,7f1c1a27229f7a699fa85ff90b5be1266497c462407b39b11f6d94015af8e8ad,31d3575e77d9d04b75880bca9e10dbd0e13e61d21795052921dd3f702d909dd7
baseline,5,7,1000000,float,FALSE,scale_binary,double,typed_double,2,569,0.17,0.170000000000002,5e4cb543f32269b2c2218b394ad1c41d44f6b32b3f8be7d200655b3b7d11f177,6506614505e113daab08b3f894ca46d4d61867c7b007c413b47a669abe8aae67,0,double,569,FALSE,FALSE,FALSE,FALSE,FALSE,FALSE,FALSE,FALSE,7f1c1a27229f7a699fa85ff90b5be1266497c462407b39b11f6d94015af8e8ad,31d3575e77d9d04b75880bca9e10dbd0e13e61d21795052921dd3f702d909dd7
baseline,5,7,1000000,float,FALSE,scale_binary,double,ordinary,3,605,0.163,0.163,5e4cb543f32269b2c2218b394ad1c41d44f6b32b3f8be7d200655b3b7d11f177,6506614505e113daab08b3f894ca46d4d61867c7b007c413b47a669abe8aae67,0,,0,FALSE,FALSE,FALSE,FALSE,FALSE,FALSE,FALSE,FALSE,7f1c1a27229f7a699fa85ff90b5be1266497c462407b39b11f6d94015af8e8ad,31d3575e77d9d04b75880bca9e10dbd0e13e61d21795052921dd3f702d909dd7
baseline,5,8,1000000,float,FALSE,scale_general,double,typed_double,1,569,0.17,0.169,f26b519d09797e4f4941392e4b52f307c71832f0aaad54da617e9078fe055e1c,6506614505e113daab08b3f894ca46d4d61867c7b007c413b47a669abe8aae67,0,double,569,FALSE,FALSE,FALSE,FALSE,FALSE,FALSE,FALSE,FALSE,7f1c1a27229f7a699fa85ff90b5be1266497c462407b39b11f6d94015af8e8ad,31d3575e77d9d04b75880bca9e10dbd0e13e61d21795052921dd3f702d909dd7
baseline,5,8,1000000,float,FALSE,scale_general,double,ordinary,2,605,0.147,0.147,f26b519d09797e4f4941392e4b52f307c71832f0aaad54da617e9078fe055e1c,6506614505e113daab08b3f894ca46d4d61867c7b007c413b47a669abe8aae67,0,,0,FALSE,FALSE,FALSE,FALSE,FALSE,FALSE,FALSE,FALSE,7f1c1a27229f7a699fa85ff90b5be1266497c462407b39b11f6d94015af8e8ad,31d3575e77d9d04b75880bca9e10dbd0e13e61d21795052921dd3f702d909dd7
baseline,5,8,1000000,float,FALSE,scale_general,double,compact,3,313,0.161,0.161,72cc5cf98cf5a5166668db2e8420adb3bc862ec1b003fbdd7aeb0a9746f22870,6506614505e113daab08b3f894ca46d4d61867c7b007c413b47a669abe8aae67,0,float,313,TRUE,TRUE,FALSE,FALSE,FALSE,FALSE,FALSE,FALSE,7f1c1a27229f7a699fa85ff90b5be1266497c462407b39b11f6d94015af8e8ad,31d3575e77d9d04b75880bca9e10dbd0e13e61d21795052921dd3f702d909dd7
baseline,5,9,1000000,float,FALSE,pair_compact_double,double,ordinary,1,586,0.151,0.15,d0adc5c3f77a8c464e25cdf403e40486acf05d6b089dad00367eb8620a0a608e,6506614505e113daab08b3f894ca46d4d61867c7b007c413b47a669abe8aae67,0,,0,FALSE,FALSE,FALSE,FALSE,FALSE,FALSE,FALSE,FALSE,7f1c1a27229f7a699fa85ff90b5be1266497c462407b39b11f6d94015af8e8ad,31d3575e77d9d04b75880bca9e10dbd0e13e61d21795052921dd3f702d909dd7
baseline,5,9,1000000,float,FALSE,pair_compact_double,double,compact,2,481,0.166,0.166,d0adc5c3f77a8c464e25cdf403e40486acf05d6b089dad00367eb8620a0a608e,6506614505e113daab08b3f894ca46d4d61867c7b007c413b47a669abe8aae67,0,double,481,TRUE,TRUE,FALSE,FALSE,FALSE,FALSE,FALSE,FALSE,7f1c1a27229f7a699fa85ff90b5be1266497c462407b39b11f6d94015af8e8ad,31d3575e77d9d04b75880bca9e10dbd0e13e61d21795052921dd3f702d909dd7
baseline,5,9,1000000,float,FALSE,pair_compact_double,double,typed_double,3,481,0.15,0.149999999999999,d0adc5c3f77a8c464e25cdf403e40486acf05d6b089dad00367eb8620a0a608e,6506614505e113daab08b3f894ca46d4d61867c7b007c413b47a669abe8aae67,0,double,481,FALSE,FALSE,FALSE,FALSE,FALSE,FALSE,FALSE,FALSE,7f1c1a27229f7a699fa85ff90b5be1266497c462407b39b11f6d94015af8e8ad,31d3575e77d9d04b75880bca9e10dbd0e13e61d21795052921dd3f702d909dd7
baseline,5,10,1000000,float,TRUE,scale_binary,double,compact,1,458,0.151,0.151,c2d92a8e75010c0ddb80329b9ca6cc4898ca1d4543392f8c8382c3fbfeeb5b4b,256764253c19afe4b22c7738fb2f83098a03d4dbde3db39ee8c24b205a95942a,1003,float,458,TRUE,TRUE,FALSE,FALSE,FALSE,FALSE,FALSE,FALSE,ee8f1f1d17d164fc3d811ad86cc889d11c328f41d3cd55762069bc2161e48c9f,6a2baa27cd05157233063b825243be4bdf1a2dbc88db2a6cdfd0b2527b28716b
baseline,5,10,1000000,float,TRUE,scale_binary,double,typed_double,2,569,0.153,0.152999999999999,c2d92a8e75010c0ddb80329b9ca6cc4898ca1d4543392f8c8382c3fbfeeb5b4b,256764253c19afe4b22c7738fb2f83098a03d4dbde3db39ee8c24b205a95942a,1003,double,569,FALSE,FALSE,FALSE,FALSE,FALSE,FALSE,FALSE,FALSE,ee8f1f1d17d164fc3d811ad86cc889d11c328f41d3cd55762069bc2161e48c9f,6a2baa27cd05157233063b825243be4bdf1a2dbc88db2a6cdfd0b2527b28716b
baseline,5,10,1000000,float,TRUE,scale_binary,double,ordinary,3,626,0.166,0.166,21fac45dcda0cbc0ba9e1f553d3be3fedd245b921d5e2e4497a8d64f1e038117,256764253c19afe4b22c7738fb2f83098a03d4dbde3db39ee8c24b205a95942a,1003,,0,FALSE,FALSE,FALSE,FALSE,FALSE,FALSE,FALSE,FALSE,ee8f1f1d17d164fc3d811ad86cc889d11c328f41d3cd55762069bc2161e48c9f,6a2baa27cd05157233063b825243be4bdf1a2dbc88db2a6cdfd0b2527b28716b
baseline,5,11,1000000,float,TRUE,scale_general,double,typed_double,1,569,0.153000000000002,0.152999999999999,ea87b3dd63bfda18195aef508608398181a11f876a570f6017c0c100c3497f49,256764253c19afe4b22c7738fb2f83098a03d4dbde3db39ee8c24b205a95942a,1003,double,569,FALSE,FALSE,FALSE,FALSE,FALSE,FALSE,FALSE,FALSE,ee8f1f1d17d164fc3d811ad86cc889d11c328f41d3cd55762069bc2161e48c9f,6a2baa27cd05157233063b825243be4bdf1a2dbc88db2a6cdfd0b2527b28716b
baseline,5,11,1000000,float,TRUE,scale_general,double,ordinary,2,625,0.166,0.166,8100d028390097d4a98b44ea0ff4cb617c6204331b80e5c7870832582030541c,256764253c19afe4b22c7738fb2f83098a03d4dbde3db39ee8c24b205a95942a,1003,,0,FALSE,FALSE,FALSE,FALSE,FALSE,FALSE,FALSE,FALSE,ee8f1f1d17d164fc3d811ad86cc889d11c328f41d3cd55762069bc2161e48c9f,6a2baa27cd05157233063b825243be4bdf1a2dbc88db2a6cdfd0b2527b28716b
baseline,5,11,1000000,float,TRUE,scale_general,double,compact,3,207,0.150999999999999,0.149999999999999,c58bc992720c328eca610e60f8c3f93d7d61df77946cf51b8626b0d8b78368ef,256764253c19afe4b22c7738fb2f83098a03d4dbde3db39ee8c24b205a95942a,1003,float,207,TRUE,TRUE,FALSE,FALSE,FALSE,FALSE,FALSE,FALSE,ee8f1f1d17d164fc3d811ad86cc889d11c328f41d3cd55762069bc2161e48c9f,6a2baa27cd05157233063b825243be4bdf1a2dbc88db2a6cdfd0b2527b28716b
baseline,5,12,1000000,float,TRUE,pair_compact_double,double,ordinary,1,605,0.154,0.154,d8927aedee8fcfee16a2d8b73448110e471dbaa24a570b3a223eaaa8fa336e58,d842a810a046337b5363ff7dafdaa01aa4553912ce2afa4ee95c617158d8e0e7,2011,,0,FALSE,FALSE,FALSE,FALSE,FALSE,FALSE,FALSE,FALSE,ee8f1f1d17d164fc3d811ad86cc889d11c328f41d3cd55762069bc2161e48c9f,6a2baa27cd05157233063b825243be4bdf1a2dbc88db2a6cdfd0b2527b28716b
baseline,5,12,1000000,float,TRUE,pair_compact_double,double,compact,2,280,0.153000000000002,0.154,9778eddf855170d4c4702501b5240fa491a475187859f9e29c120edb42c46621,d842a810a046337b5363ff7dafdaa01aa4553912ce2afa4ee95c617158d8e0e7,2011,double,280,TRUE,TRUE,FALSE,FALSE,FALSE,FALSE,FALSE,FALSE,ee8f1f1d17d164fc3d811ad86cc889d11c328f41d3cd55762069bc2161e48c9f,6a2baa27cd05157233063b825243be4bdf1a2dbc88db2a6cdfd0b2527b28716b
baseline,5,12,1000000,float,TRUE,pair_compact_double,double,typed_double,3,494,0.152999999999999,0.154,9778eddf855170d4c4702501b5240fa491a475187859f9e29c120edb42c46621,d842a810a046337b5363ff7dafdaa01aa4553912ce2afa4ee95c617158d8e0e7,2011,double,494,FALSE,FALSE,FALSE,FALSE,FALSE,FALSE,FALSE,FALSE,ee8f1f1d17d164fc3d811ad86cc889d11c328f41d3cd55762069bc2161e48c9f,6a2baa27cd05157233063b825243be4bdf1a2dbc88db2a6cdfd0b2527b28716b
candidate,5,1,1000000,int,FALSE,scale_binary,double,compact,1,536,0.13,0.13,43cbc5fa02580f73a834cffb43a5ba0a0f4d7303cec536a2e3c58f1f469eb824,6506614505e113daab08b3f894ca46d4d61867c7b007c413b47a669abe8aae67,0,int,536,TRUE,TRUE,FALSE,FALSE,FALSE,FALSE,FALSE,FALSE,8937acbbe87ff127e6567f97e52c6a17dbe3ea7052a39a3b76abe25c8e7eeb13,31d3575e77d9d04b75880bca9e10dbd0e13e61d21795052921dd3f702d909dd7
candidate,5,1,1000000,int,FALSE,scale_binary,double,typed_double,2,536,0.164,0.165,43cbc5fa02580f73a834cffb43a5ba0a0f4d7303cec536a2e3c58f1f469eb824,6506614505e113daab08b3f894ca46d4d61867c7b007c413b47a669abe8aae67,0,double,536,FALSE,FALSE,FALSE,FALSE,FALSE,FALSE,FALSE,FALSE,8937acbbe87ff127e6567f97e52c6a17dbe3ea7052a39a3b76abe25c8e7eeb13,31d3575e77d9d04b75880bca9e10dbd0e13e61d21795052921dd3f702d909dd7
candidate,5,1,1000000,int,FALSE,scale_binary,double,ordinary,3,408,0.103,0.103,43cbc5fa02580f73a834cffb43a5ba0a0f4d7303cec536a2e3c58f1f469eb824,6506614505e113daab08b3f894ca46d4d61867c7b007c413b47a669abe8aae67,0,,0,FALSE,FALSE,FALSE,FALSE,FALSE,FALSE,FALSE,FALSE,8937acbbe87ff127e6567f97e52c6a17dbe3ea7052a39a3b76abe25c8e7eeb13,31d3575e77d9d04b75880bca9e10dbd0e13e61d21795052921dd3f702d909dd7
candidate,5,2,1000000,int,FALSE,scale_general,double,typed_double,1,521,0.161,0.161,98c11364f9b15cf1e1696537d86d727f3e1efaa44f5b303a15ed033179b4e86a,6506614505e113daab08b3f894ca46d4d61867c7b007c413b47a669abe8aae67,0,double,521,FALSE,FALSE,FALSE,FALSE,FALSE,FALSE,FALSE,FALSE,8937acbbe87ff127e6567f97e52c6a17dbe3ea7052a39a3b76abe25c8e7eeb13,31d3575e77d9d04b75880bca9e10dbd0e13e61d21795052921dd3f702d909dd7
candidate,5,2,1000000,int,FALSE,scale_general,double,ordinary,2,605,0.166,0.167,98c11364f9b15cf1e1696537d86d727f3e1efaa44f5b303a15ed033179b4e86a,6506614505e113daab08b3f894ca46d4d61867c7b007c413b47a669abe8aae67,0,,0,FALSE,FALSE,FALSE,FALSE,FALSE,FALSE,FALSE,FALSE,8937acbbe87ff127e6567f97e52c6a17dbe3ea7052a39a3b76abe25c8e7eeb13,31d3575e77d9d04b75880bca9e10dbd0e13e61d21795052921dd3f702d909dd7
candidate,5,2,1000000,int,FALSE,scale_general,double,compact,3,244,0.149,0.15,5b22560fab6c3b27f5e82592f7a486b943278dbe0e1d82a8c99735d3ee13430b,6506614505e113daab08b3f894ca46d4d61867c7b007c413b47a669abe8aae67,0,float,244,TRUE,TRUE,FALSE,FALSE,FALSE,FALSE,FALSE,FALSE,8937acbbe87ff127e6567f97e52c6a17dbe3ea7052a39a3b76abe25c8e7eeb13,31d3575e77d9d04b75880bca9e10dbd0e13e61d21795052921dd3f702d909dd7
candidate,5,3,1000000,int,FALSE,pair_compact_double,double,ordinary,1,569,0.165,0.166,5865d7f437b5487c8061f7274c6507b7ec0fc76362cd655e9259ebb78a28f057,6506614505e113daab08b3f894ca46d4d61867c7b007c413b47a669abe8aae67,0,,0,FALSE,FALSE,FALSE,FALSE,FALSE,FALSE,FALSE,FALSE,8937acbbe87ff127e6567f97e52c6a17dbe3ea7052a39a3b76abe25c8e7eeb13,31d3575e77d9d04b75880bca9e10dbd0e13e61d21795052921dd3f702d909dd7
candidate,5,3,1000000,int,FALSE,pair_compact_double,double,compact,2,368,0.167000000000001,0.168,5865d7f437b5487c8061f7274c6507b7ec0fc76362cd655e9259ebb78a28f057,6506614505e113daab08b3f894ca46d4d61867c7b007c413b47a669abe8aae67,0,double,368,TRUE,TRUE,FALSE,FALSE,FALSE,FALSE,FALSE,FALSE,8937acbbe87ff127e6567f97e52c6a17dbe3ea7052a39a3b76abe25c8e7eeb13,31d3575e77d9d04b75880bca9e10dbd0e13e61d21795052921dd3f702d909dd7
candidate,5,3,1000000,int,FALSE,pair_compact_double,double,typed_double,3,481,0.171,0.172,5865d7f437b5487c8061f7274c6507b7ec0fc76362cd655e9259ebb78a28f057,6506614505e113daab08b3f894ca46d4d61867c7b007c413b47a669abe8aae67,0,double,481,FALSE,FALSE,FALSE,FALSE,FALSE,FALSE,FALSE,FALSE,8937acbbe87ff127e6567f97e52c6a17dbe3ea7052a39a3b76abe25c8e7eeb13,31d3575e77d9d04b75880bca9e10dbd0e13e61d21795052921dd3f702d909dd7
candidate,5,4,1000000,int,TRUE,scale_binary,double,compact,1,569,0.136,0.137,406aa86104df9ebd1e49e25bbc9266cbc0cc152fd09e7d28efa1e3b9f07c7f98,256764253c19afe4b22c7738fb2f83098a03d4dbde3db39ee8c24b205a95942a,1003,int,569,TRUE,TRUE,FALSE,FALSE,FALSE,FALSE,FALSE,FALSE,5af7169f9d20a77a6f06236647a66be1493d6e155163c245a466bda43242d0e7,6a2baa27cd05157233063b825243be4bdf1a2dbc88db2a6cdfd0b2527b28716b
candidate,5,4,1000000,int,TRUE,scale_binary,double,typed_double,2,391,0.108,0.107,406aa86104df9ebd1e49e25bbc9266cbc0cc152fd09e7d28efa1e3b9f07c7f98,256764253c19afe4b22c7738fb2f83098a03d4dbde3db39ee8c24b205a95942a,1003,double,391,FALSE,FALSE,FALSE,FALSE,FALSE,FALSE,FALSE,FALSE,5af7169f9d20a77a6f06236647a66be1493d6e155163c245a466bda43242d0e7,6a2baa27cd05157233063b825243be4bdf1a2dbc88db2a6cdfd0b2527b28716b
candidate,5,4,1000000,int,TRUE,scale_binary,double,ordinary,3,626,0.168,0.169,b10ddc1e7177ef92cdb14943c3981218bcd426a31f9c7d156ed4dbd4ea86c948,256764253c19afe4b22c7738fb2f83098a03d4dbde3db39ee8c24b205a95942a,1003,,0,FALSE,FALSE,FALSE,FALSE,FALSE,FALSE,FALSE,FALSE,5af7169f9d20a77a6f06236647a66be1493d6e155163c245a466bda43242d0e7,6a2baa27cd05157233063b825243be4bdf1a2dbc88db2a6cdfd0b2527b28716b
candidate,5,5,1000000,int,TRUE,scale_general,double,typed_double,1,552,0.166,0.165,69569d7d3b174986a7ae48d2c2f67dcea32be4e102725873e2cfa7cf5e4f9d02,256764253c19afe4b22c7738fb2f83098a03d4dbde3db39ee8c24b205a95942a,1003,double,552,FALSE,FALSE,FALSE,FALSE,FALSE,FALSE,FALSE,FALSE,5af7169f9d20a77a6f06236647a66be1493d6e155163c245a466bda43242d0e7,6a2baa27cd05157233063b825243be4bdf1a2dbc88db2a6cdfd0b2527b28716b
candidate,5,5,1000000,int,TRUE,scale_general,double,ordinary,2,605,0.164,0.163,ea5220c4891c83ca4d6c555d28f6502adbaf6141ce7d6cf4825e9d27d0d51944,256764253c19afe4b22c7738fb2f83098a03d4dbde3db39ee8c24b205a95942a,1003,,0,FALSE,FALSE,FALSE,FALSE,FALSE,FALSE,FALSE,FALSE,5af7169f9d20a77a6f06236647a66be1493d6e155163c245a466bda43242d0e7,6a2baa27cd05157233063b825243be4bdf1a2dbc88db2a6cdfd0b2527b28716b
candidate,5,5,1000000,int,TRUE,scale_general,double,compact,3,244,0.148999999999999,0.15,38447e334649e5d7eda33f0001bed517c428980c028a15d2e1699be9ef65cf3a,256764253c19afe4b22c7738fb2f83098a03d4dbde3db39ee8c24b205a95942a,1003,float,244,TRUE,TRUE,FALSE,FALSE,FALSE,FALSE,FALSE,FALSE,5af7169f9d20a77a6f06236647a66be1493d6e155163c245a466bda43242d0e7,6a2baa27cd05157233063b825243be4bdf1a2dbc88db2a6cdfd0b2527b28716b
candidate,5,6,1000000,int,TRUE,pair_compact_double,double,ordinary,1,586,0.15,0.151999999999999,ea5ac2e3896755c3d5082b83561d8673bb4f0147a7690b804a8d74cecbeda4c1,d842a810a046337b5363ff7dafdaa01aa4553912ce2afa4ee95c617158d8e0e7,2011,,0,FALSE,FALSE,FALSE,FALSE,FALSE,FALSE,FALSE,FALSE,5af7169f9d20a77a6f06236647a66be1493d6e155163c245a466bda43242d0e7,6a2baa27cd05157233063b825243be4bdf1a2dbc88db2a6cdfd0b2527b28716b
candidate,5,6,1000000,int,TRUE,pair_compact_double,double,compact,2,289,0.117999999999999,0.118,087fb12a32e314d333c4287225113c3c6e3a135a9c18c162b3b5753b80f4350c,d842a810a046337b5363ff7dafdaa01aa4553912ce2afa4ee95c617158d8e0e7,2011,double,289,TRUE,TRUE,FALSE,FALSE,FALSE,FALSE,FALSE,FALSE,5af7169f9d20a77a6f06236647a66be1493d6e155163c245a466bda43242d0e7,6a2baa27cd05157233063b825243be4bdf1a2dbc88db2a6cdfd0b2527b28716b
candidate,5,6,1000000,int,TRUE,pair_compact_double,double,typed_double,3,481,0.168999999999999,0.167999999999999,087fb12a32e314d333c4287225113c3c6e3a135a9c18c162b3b5753b80f4350c,d842a810a046337b5363ff7dafdaa01aa4553912ce2afa4ee95c617158d8e0e7,2011,double,481,FALSE,FALSE,FALSE,FALSE,FALSE,FALSE,FALSE,FALSE,5af7169f9d20a77a6f06236647a66be1493d6e155163c245a466bda43242d0e7,6a2baa27cd05157233063b825243be4bdf1a2dbc88db2a6cdfd0b2527b28716b
candidate,5,7,1000000,float,FALSE,scale_binary,double,compact,1,458,0.148000000000001,0.148,5e4cb543f32269b2c2218b394ad1c41d44f6b32b3f8be7d200655b3b7d11f177,6506614505e113daab08b3f894ca46d4d61867c7b007c413b47a669abe8aae67,0,float,458,TRUE,TRUE,FALSE,FALSE,FALSE,FALSE,FALSE,FALSE,7f1c1a27229f7a699fa85ff90b5be1266497c462407b39b11f6d94015af8e8ad,31d3575e77d9d04b75880bca9e10dbd0e13e61d21795052921dd3f702d909dd7
candidate,5,7,1000000,float,FALSE,scale_binary,double,typed_double,2,569,0.170999999999999,0.170999999999999,5e4cb543f32269b2c2218b394ad1c41d44f6b32b3f8be7d200655b3b7d11f177,6506614505e113daab08b3f894ca46d4d61867c7b007c413b47a669abe8aae67,0,double,569,FALSE,FALSE,FALSE,FALSE,FALSE,FALSE,FALSE,FALSE,7f1c1a27229f7a699fa85ff90b5be1266497c462407b39b11f6d94015af8e8ad,31d3575e77d9d04b75880bca9e10dbd0e13e61d21795052921dd3f702d909dd7
candidate,5,7,1000000,float,FALSE,scale_binary,double,ordinary,3,625,0.151,0.151999999999999,5e4cb543f32269b2c2218b394ad1c41d44f6b32b3f8be7d200655b3b7d11f177,6506614505e113daab08b3f894ca46d4d61867c7b007c413b47a669abe8aae67,0,,0,FALSE,FALSE,FALSE,FALSE,FALSE,FALSE,FALSE,FALSE,7f1c1a27229f7a699fa85ff90b5be1266497c462407b39b11f6d94015af8e8ad,31d3575e77d9d04b75880bca9e10dbd0e13e61d21795052921dd3f702d909dd7
candidate,5,8,1000000,float,FALSE,scale_general,double,typed_double,1,569,0.167999999999999,0.168999999999999,f26b519d09797e4f4941392e4b52f307c71832f0aaad54da617e9078fe055e1c,6506614505e113daab08b3f894ca46d4d61867c7b007c413b47a669abe8aae67,0,double,569,FALSE,FALSE,FALSE,FALSE,FALSE,FALSE,FALSE,FALSE,7f1c1a27229f7a699fa85ff90b5be1266497c462407b39b11f6d94015af8e8ad,31d3575e77d9d04b75880bca9e10dbd0e13e61d21795052921dd3f702d909dd7
candidate,5,8,1000000,float,FALSE,scale_general,double,ordinary,2,625,0.167999999999999,0.168000000000001,f26b519d09797e4f4941392e4b52f307c71832f0aaad54da617e9078fe055e1c,6506614505e113daab08b3f894ca46d4d61867c7b007c413b47a669abe8aae67,0,,0,FALSE,FALSE,FALSE,FALSE,FALSE,FALSE,FALSE,FALSE,7f1c1a27229f7a699fa85ff90b5be1266497c462407b39b11f6d94015af8e8ad,31d3575e77d9d04b75880bca9e10dbd0e13e61d21795052921dd3f702d909dd7
candidate,5,8,1000000,float,FALSE,scale_general,double,compact,3,318,0.149999999999999,0.15,72cc5cf98cf5a5166668db2e8420adb3bc862ec1b003fbdd7aeb0a9746f22870,6506614505e113daab08b3f894ca46d4d61867c7b007c413b47a669abe8aae67,0,float,318,TRUE,TRUE,FALSE,FALSE,FALSE,FALSE,FALSE,FALSE,7f1c1a27229f7a699fa85ff90b5be1266497c462407b39b11f6d94015af8e8ad,31d3575e77d9d04b75880bca9e10dbd0e13e61d21795052921dd3f702d909dd7
candidate,5,9,1000000,float,FALSE,pair_compact_double,double,ordinary,1,605,0.154,0.154,d0adc5c3f77a8c464e25cdf403e40486acf05d6b089dad00367eb8620a0a608e,6506614505e113daab08b3f894ca46d4d61867c7b007c413b47a669abe8aae67,0,,0,FALSE,FALSE,FALSE,FALSE,FALSE,FALSE,FALSE,FALSE,7f1c1a27229f7a699fa85ff90b5be1266497c462407b39b11f6d94015af8e8ad,31d3575e77d9d04b75880bca9e10dbd0e13e61d21795052921dd3f702d909dd7
candidate,5,9,1000000,float,FALSE,pair_compact_double,double,compact,2,481,0.166,0.167,d0adc5c3f77a8c464e25cdf403e40486acf05d6b089dad00367eb8620a0a608e,6506614505e113daab08b3f894ca46d4d61867c7b007c413b47a669abe8aae67,0,double,481,TRUE,TRUE,FALSE,FALSE,FALSE,FALSE,FALSE,FALSE,7f1c1a27229f7a699fa85ff90b5be1266497c462407b39b11f6d94015af8e8ad,31d3575e77d9d04b75880bca9e10dbd0e13e61d21795052921dd3f702d909dd7
candidate,5,9,1000000,float,FALSE,pair_compact_double,double,typed_double,3,481,0.148999999999999,0.149000000000001,d0adc5c3f77a8c464e25cdf403e40486acf05d6b089dad00367eb8620a0a608e,6506614505e113daab08b3f894ca46d4d61867c7b007c413b47a669abe8aae67,0,double,481,FALSE,FALSE,FALSE,FALSE,FALSE,FALSE,FALSE,FALSE,7f1c1a27229f7a699fa85ff90b5be1266497c462407b39b11f6d94015af8e8ad,31d3575e77d9d04b75880bca9e10dbd0e13e61d21795052921dd3f702d909dd7
candidate,5,10,1000000,float,TRUE,scale_binary,double,compact,1,469,0.152000000000001,0.152000000000001,c2d92a8e75010c0ddb80329b9ca6cc4898ca1d4543392f8c8382c3fbfeeb5b4b,256764253c19afe4b22c7738fb2f83098a03d4dbde3db39ee8c24b205a95942a,1003,float,469,TRUE,TRUE,FALSE,FALSE,FALSE,FALSE,FALSE,FALSE,ee8f1f1d17d164fc3d811ad86cc889d11c328f41d3cd55762069bc2161e48c9f,6a2baa27cd05157233063b825243be4bdf1a2dbc88db2a6cdfd0b2527b28716b
candidate,5,10,1000000,float,TRUE,scale_binary,double,typed_double,2,569,0.167999999999999,0.167999999999999,c2d92a8e75010c0ddb80329b9ca6cc4898ca1d4543392f8c8382c3fbfeeb5b4b,256764253c19afe4b22c7738fb2f83098a03d4dbde3db39ee8c24b205a95942a,1003,double,569,FALSE,FALSE,FALSE,FALSE,FALSE,FALSE,FALSE,FALSE,ee8f1f1d17d164fc3d811ad86cc889d11c328f41d3cd55762069bc2161e48c9f,6a2baa27cd05157233063b825243be4bdf1a2dbc88db2a6cdfd0b2527b28716b
candidate,5,10,1000000,float,TRUE,scale_binary,double,ordinary,3,625,0.148999999999997,0.149999999999999,21fac45dcda0cbc0ba9e1f553d3be3fedd245b921d5e2e4497a8d64f1e038117,256764253c19afe4b22c7738fb2f83098a03d4dbde3db39ee8c24b205a95942a,1003,,0,FALSE,FALSE,FALSE,FALSE,FALSE,FALSE,FALSE,FALSE,ee8f1f1d17d164fc3d811ad86cc889d11c328f41d3cd55762069bc2161e48c9f,6a2baa27cd05157233063b825243be4bdf1a2dbc88db2a6cdfd0b2527b28716b
candidate,5,11,1000000,float,TRUE,scale_general,double,typed_double,1,569,0.166,0.166,ea87b3dd63bfda18195aef508608398181a11f876a570f6017c0c100c3497f49,256764253c19afe4b22c7738fb2f83098a03d4dbde3db39ee8c24b205a95942a,1003,double,569,FALSE,FALSE,FALSE,FALSE,FALSE,FALSE,FALSE,FALSE,ee8f1f1d17d164fc3d811ad86cc889d11c328f41d3cd55762069bc2161e48c9f,6a2baa27cd05157233063b825243be4bdf1a2dbc88db2a6cdfd0b2527b28716b
candidate,5,11,1000000,float,TRUE,scale_general,double,ordinary,2,625,0.149000000000001,0.149999999999999,8100d028390097d4a98b44ea0ff4cb617c6204331b80e5c7870832582030541c,256764253c19afe4b22c7738fb2f83098a03d4dbde3db39ee8c24b205a95942a,1003,,0,FALSE,FALSE,FALSE,FALSE,FALSE,FALSE,FALSE,FALSE,ee8f1f1d17d164fc3d811ad86cc889d11c328f41d3cd55762069bc2161e48c9f,6a2baa27cd05157233063b825243be4bdf1a2dbc88db2a6cdfd0b2527b28716b
candidate,5,11,1000000,float,TRUE,scale_general,double,compact,3,232,0.150000000000002,0.149999999999999,c58bc992720c328eca610e60f8c3f93d7d61df77946cf51b8626b0d8b78368ef,256764253c19afe4b22c7738fb2f83098a03d4dbde3db39ee8c24b205a95942a,1003,float,232,TRUE,TRUE,FALSE,FALSE,FALSE,FALSE,FALSE,FALSE,ee8f1f1d17d164fc3d811ad86cc889d11c328f41d3cd55762069bc2161e48c9f,6a2baa27cd05157233063b825243be4bdf1a2dbc88db2a6cdfd0b2527b28716b
candidate,5,12,1000000,float,TRUE,pair_compact_double,double,ordinary,1,605,0.167999999999999,0.167999999999999,d8927aedee8fcfee16a2d8b73448110e471dbaa24a570b3a223eaaa8fa336e58,d842a810a046337b5363ff7dafdaa01aa4553912ce2afa4ee95c617158d8e0e7,2011,,0,FALSE,FALSE,FALSE,FALSE,FALSE,FALSE,FALSE,FALSE,ee8f1f1d17d164fc3d811ad86cc889d11c328f41d3cd55762069bc2161e48c9f,6a2baa27cd05157233063b825243be4bdf1a2dbc88db2a6cdfd0b2527b28716b
candidate,5,12,1000000,float,TRUE,pair_compact_double,double,compact,2,324,0.151000000000002,0.151,9778eddf855170d4c4702501b5240fa491a475187859f9e29c120edb42c46621,d842a810a046337b5363ff7dafdaa01aa4553912ce2afa4ee95c617158d8e0e7,2011,double,324,TRUE,TRUE,FALSE,FALSE,FALSE,FALSE,FALSE,FALSE,ee8f1f1d17d164fc3d811ad86cc889d11c328f41d3cd55762069bc2161e48c9f,6a2baa27cd05157233063b825243be4bdf1a2dbc88db2a6cdfd0b2527b28716b
candidate,5,12,1000000,float,TRUE,pair_compact_double,double,typed_double,3,481,0.167000000000002,0.166999999999998,9778eddf855170d4c4702501b5240fa491a475187859f9e29c120edb42c46621,d842a810a046337b5363ff7dafdaa01aa4553912ce2afa4ee95c617158d8e0e7,2011,double,481,FALSE,FALSE,FALSE,FALSE,FALSE,FALSE,FALSE,FALSE,ee8f1f1d17d164fc3d811ad86cc889d11c328f41d3cd55762069bc2161e48c9f,6a2baa27cd05157233063b825243be4bdf1a2dbc88db2a6cdfd0b2527b28716b
candidate,6,1,1000000,int,FALSE,scale_binary,double,compact,1,569,0.137,0.138,43cbc5fa02580f73a834cffb43a5ba0a0f4d7303cec536a2e3c58f1f469eb824,6506614505e113daab08b3f894ca46d4d61867c7b007c413b47a669abe8aae67,0,int,569,TRUE,TRUE,FALSE,FALSE,FALSE,FALSE,FALSE,FALSE,8937acbbe87ff127e6567f97e52c6a17dbe3ea7052a39a3b76abe25c8e7eeb13,31d3575e77d9d04b75880bca9e10dbd0e13e61d21795052921dd3f702d909dd7
candidate,6,1,1000000,int,FALSE,scale_binary,double,ordinary,2,605,0.168,0.168,43cbc5fa02580f73a834cffb43a5ba0a0f4d7303cec536a2e3c58f1f469eb824,6506614505e113daab08b3f894ca46d4d61867c7b007c413b47a669abe8aae67,0,,0,FALSE,FALSE,FALSE,FALSE,FALSE,FALSE,FALSE,FALSE,8937acbbe87ff127e6567f97e52c6a17dbe3ea7052a39a3b76abe25c8e7eeb13,31d3575e77d9d04b75880bca9e10dbd0e13e61d21795052921dd3f702d909dd7
candidate,6,1,1000000,int,FALSE,scale_binary,double,typed_double,3,375,0.122,0.122,43cbc5fa02580f73a834cffb43a5ba0a0f4d7303cec536a2e3c58f1f469eb824,6506614505e113daab08b3f894ca46d4d61867c7b007c413b47a669abe8aae67,0,double,375,FALSE,FALSE,FALSE,FALSE,FALSE,FALSE,FALSE,FALSE,8937acbbe87ff127e6567f97e52c6a17dbe3ea7052a39a3b76abe25c8e7eeb13,31d3575e77d9d04b75880bca9e10dbd0e13e61d21795052921dd3f702d909dd7
candidate,6,2,1000000,int,FALSE,scale_general,double,typed_double,1,536,0.165,0.165,98c11364f9b15cf1e1696537d86d727f3e1efaa44f5b303a15ed033179b4e86a,6506614505e113daab08b3f894ca46d4d61867c7b007c413b47a669abe8aae67,0,double,536,FALSE,FALSE,FALSE,FALSE,FALSE,FALSE,FALSE,FALSE,8937acbbe87ff127e6567f97e52c6a17dbe3ea7052a39a3b76abe25c8e7eeb13,31d3575e77d9d04b75880bca9e10dbd0e13e61d21795052921dd3f702d909dd7
candidate,6,2,1000000,int,FALSE,scale_general,double,compact,2,244,0.151,0.151,5b22560fab6c3b27f5e82592f7a486b943278dbe0e1d82a8c99735d3ee13430b,6506614505e113daab08b3f894ca46d4d61867c7b007c413b47a669abe8aae67,0,float,244,TRUE,TRUE,FALSE,FALSE,FALSE,FALSE,FALSE,FALSE,8937acbbe87ff127e6567f97e52c6a17dbe3ea7052a39a3b76abe25c8e7eeb13,31d3575e77d9d04b75880bca9e10dbd0e13e61d21795052921dd3f702d909dd7
candidate,6,2,1000000,int,FALSE,scale_general,double,ordinary,3,417,0.105,0.104,98c11364f9b15cf1e1696537d86d727f3e1efaa44f5b303a15ed033179b4e86a,6506614505e113daab08b3f894ca46d4d61867c7b007c413b47a669abe8aae67,0,,0,FALSE,FALSE,FALSE,FALSE,FALSE,FALSE,FALSE,FALSE,8937acbbe87ff127e6567f97e52c6a17dbe3ea7052a39a3b76abe25c8e7eeb13,31d3575e77d9d04b75880bca9e10dbd0e13e61d21795052921dd3f702d909dd7
candidate,6,3,1000000,int,FALSE,pair_compact_double,double,ordinary,1,569,0.166,0.166,5865d7f437b5487c8061f7274c6507b7ec0fc76362cd655e9259ebb78a28f057,6506614505e113daab08b3f894ca46d4d61867c7b007c413b47a669abe8aae67,0,,0,FALSE,FALSE,FALSE,FALSE,FALSE,FALSE,FALSE,FALSE,8937acbbe87ff127e6567f97e52c6a17dbe3ea7052a39a3b76abe25c8e7eeb13,31d3575e77d9d04b75880bca9e10dbd0e13e61d21795052921dd3f702d909dd7
candidate,6,3,1000000,int,FALSE,pair_compact_double,double,typed_double,2,447,0.164,0.164,5865d7f437b5487c8061f7274c6507b7ec0fc76362cd655e9259ebb78a28f057,6506614505e113daab08b3f894ca46d4d61867c7b007c413b47a669abe8aae67,0,double,447,FALSE,FALSE,FALSE,FALSE,FALSE,FALSE,FALSE,FALSE,8937acbbe87ff127e6567f97e52c6a17dbe3ea7052a39a3b76abe25c8e7eeb13,31d3575e77d9d04b75880bca9e10dbd0e13e61d21795052921dd3f702d909dd7
candidate,6,3,1000000,int,FALSE,pair_compact_double,double,compact,3,361,0.163,0.163,5865d7f437b5487c8061f7274c6507b7ec0fc76362cd655e9259ebb78a28f057,6506614505e113daab08b3f894ca46d4d61867c7b007c413b47a669abe8aae67,0,double,361,TRUE,TRUE,FALSE,FALSE,FALSE,FALSE,FALSE,FALSE,8937acbbe87ff127e6567f97e52c6a17dbe3ea7052a39a3b76abe25c8e7eeb13,31d3575e77d9d04b75880bca9e10dbd0e13e61d21795052921dd3f702d909dd7
candidate,6,4,1000000,int,TRUE,scale_binary,double,compact,1,569,0.137,0.138,406aa86104df9ebd1e49e25bbc9266cbc0cc152fd09e7d28efa1e3b9f07c7f98,256764253c19afe4b22c7738fb2f83098a03d4dbde3db39ee8c24b205a95942a,1003,int,569,TRUE,TRUE,FALSE,FALSE,FALSE,FALSE,FALSE,FALSE,5af7169f9d20a77a6f06236647a66be1493d6e155163c245a466bda43242d0e7,6a2baa27cd05157233063b825243be4bdf1a2dbc88db2a6cdfd0b2527b28716b
candidate,6,4,1000000,int,TRUE,scale_binary,double,ordinary,2,399,0.0999999999999996,0.0999999999999996,b10ddc1e7177ef92cdb14943c3981218bcd426a31f9c7d156ed4dbd4ea86c948,256764253c19afe4b22c7738fb2f83098a03d4dbde3db39ee8c24b205a95942a,1003,,0,FALSE,FALSE,FALSE,FALSE,FALSE,FALSE,FALSE,FALSE,5af7169f9d20a77a6f06236647a66be1493d6e155163c245a466bda43242d0e7,6a2baa27cd05157233063b825243be4bdf1a2dbc88db2a6cdfd0b2527b28716b
candidate,6,4,1000000,int,TRUE,scale_binary,double,typed_double,3,383,0.106,0.107,406aa86104df9ebd1e49e25bbc9266cbc0cc152fd09e7d28efa1e3b9f07c7f98,256764253c19afe4b22c7738fb2f83098a03d4dbde3db39ee8c24b205a95942a,1003,double,383,FALSE,FALSE,FALSE,FALSE,FALSE,FALSE,FALSE,FALSE,5af7169f9d20a77a6f06236647a66be1493d6e155163c245a466bda43242d0e7,6a2baa27cd05157233063b825243be4bdf1a2dbc88db2a6cdfd0b2527b28716b
candidate,6,5,1000000,int,TRUE,scale_general,double,typed_double,1,399,0.111,0.111,69569d7d3b174986a7ae48d2c2f67dcea32be4e102725873e2cfa7cf5e4f9d02,256764253c19afe4b22c7738fb2f83098a03d4dbde3db39ee8c24b205a95942a,1003,double,399,FALSE,FALSE,FALSE,FALSE,FALSE,FALSE,FALSE,FALSE,5af7169f9d20a77a6f06236647a66be1493d6e155163c245a466bda43242d0e7,6a2baa27cd05157233063b825243be4bdf1a2dbc88db2a6cdfd0b2527b28716b
candidate,6,5,1000000,int,TRUE,scale_general,double,compact,2,247,0.151,0.151000000000001,38447e334649e5d7eda33f0001bed517c428980c028a15d2e1699be9ef65cf3a,256764253c19afe4b22c7738fb2f83098a03d4dbde3db39ee8c24b205a95942a,1003,float,247,TRUE,TRUE,FALSE,FALSE,FALSE,FALSE,FALSE,FALSE,5af7169f9d20a77a6f06236647a66be1493d6e155163c245a466bda43242d0e7,6a2baa27cd05157233063b825243be4bdf1a2dbc88db2a6cdfd0b2527b28716b
candidate,6,5,1000000,int,TRUE,scale_general,double,ordinary,3,408,0.103,0.101000000000001,ea5220c4891c83ca4d6c555d28f6502adbaf6141ce7d6cf4825e9d27d0d51944,256764253c19afe4b22c7738fb2f83098a03d4dbde3db39ee8c24b205a95942a,1003,,0,FALSE,FALSE,FALSE,FALSE,FALSE,FALSE,FALSE,FALSE,5af7169f9d20a77a6f06236647a66be1493d6e155163c245a466bda43242d0e7,6a2baa27cd05157233063b825243be4bdf1a2dbc88db2a6cdfd0b2527b28716b
candidate,6,6,1000000,int,TRUE,pair_compact_double,double,ordinary,1,586,0.167,0.166,ea5ac2e3896755c3d5082b83561d8673bb4f0147a7690b804a8d74cecbeda4c1,d842a810a046337b5363ff7dafdaa01aa4553912ce2afa4ee95c617158d8e0e7,2011,,0,FALSE,FALSE,FALSE,FALSE,FALSE,FALSE,FALSE,FALSE,5af7169f9d20a77a6f06236647a66be1493d6e155163c245a466bda43242d0e7,6a2baa27cd05157233063b825243be4bdf1a2dbc88db2a6cdfd0b2527b28716b
candidate,6,6,1000000,int,TRUE,pair_compact_double,double,typed_double,2,469,0.165000000000001,0.165999999999999,087fb12a32e314d333c4287225113c3c6e3a135a9c18c162b3b5753b80f4350c,d842a810a046337b5363ff7dafdaa01aa4553912ce2afa4ee95c617158d8e0e7,2011,double,469,FALSE,FALSE,FALSE,FALSE,FALSE,FALSE,FALSE,FALSE,5af7169f9d20a77a6f06236647a66be1493d6e155163c245a466bda43242d0e7,6a2baa27cd05157233063b825243be4bdf1a2dbc88db2a6cdfd0b2527b28716b
candidate,6,6,1000000,int,TRUE,pair_compact_double,double,compact,3,368,0.151,0.151,087fb12a32e314d333c4287225113c3c6e3a135a9c18c162b3b5753b80f4350c,d842a810a046337b5363ff7dafdaa01aa4553912ce2afa4ee95c617158d8e0e7,2011,double,368,TRUE,TRUE,FALSE,FALSE,FALSE,FALSE,FALSE,FALSE,5af7169f9d20a77a6f06236647a66be1493d6e155163c245a466bda43242d0e7,6a2baa27cd05157233063b825243be4bdf1a2dbc88db2a6cdfd0b2527b28716b
candidate,6,7,1000000,float,FALSE,scale_binary,double,compact,1,458,0.15,0.15,5e4cb543f32269b2c2218b394ad1c41d44f6b32b3f8be7d200655b3b7d11f177,6506614505e113daab08b3f894ca46d4d61867c7b007c413b47a669abe8aae67,0,float,458,TRUE,TRUE,FALSE,FALSE,FALSE,FALSE,FALSE,FALSE,7f1c1a27229f7a699fa85ff90b5be1266497c462407b39b11f6d94015af8e8ad,31d3575e77d9d04b75880bca9e10dbd0e13e61d21795052921dd3f702d909dd7
candidate,6,7,1000000,float,FALSE,scale_binary,double,ordinary,2,625,0.154000000000002,0.153,5e4cb543f32269b2c2218b394ad1c41d44f6b32b3f8be7d200655b3b7d11f177,6506614505e113daab08b3f894ca46d4d61867c7b007c413b47a669abe8aae67,0,,0,FALSE,FALSE,FALSE,FALSE,FALSE,FALSE,FALSE,FALSE,7f1c1a27229f7a699fa85ff90b5be1266497c462407b39b11f6d94015af8e8ad,31d3575e77d9d04b75880bca9e10dbd0e13e61d21795052921dd3f702d909dd7
candidate,6,7,1000000,float,FALSE,scale_binary,double,typed_double,3,552,0.155000000000001,0.154999999999999,5e4cb543f32269b2c2218b394ad1c41d44f6b32b3f8be7d200655b3b7d11f177,6506614505e113daab08b3f894ca46d4d61867c7b007c413b47a669abe8aae67,0,double,552,FALSE,FALSE,FALSE,FALSE,FALSE,FALSE,FALSE,FALSE,7f1c1a27229f7a699fa85ff90b5be1266497c462407b39b11f6d94015af8e8ad,31d3575e77d9d04b75880bca9e10dbd0e13e61d21795052921dd3f702d909dd7
candidate,6,8,1000000,float,FALSE,scale_general,double,typed_double,1,391,0.108000000000001,0.108000000000001,f26b519d09797e4f4941392e4b52f307c71832f0aaad54da617e9078fe055e1c,6506614505e113daab08b3f894ca46d4d61867c7b007c413b47a669abe8aae67,0,double,391,FALSE,FALSE,FALSE,FALSE,FALSE,FALSE,FALSE,FALSE,7f1c1a27229f7a699fa85ff90b5be1266497c462407b39b11f6d94015af8e8ad,31d3575e77d9d04b75880bca9e10dbd0e13e61d21795052921dd3f702d909dd7
candidate,6,8,1000000,float,FALSE,scale_general,double,compact,2,318,0.151,0.151,72cc5cf98cf5a5166668db2e8420adb3bc862ec1b003fbdd7aeb0a9746f22870,6506614505e113daab08b3f894ca46d4d61867c7b007c413b47a669abe8aae67,0,float,318,TRUE,TRUE,FALSE,FALSE,FALSE,FALSE,FALSE,FALSE,7f1c1a27229f7a699fa85ff90b5be1266497c462407b39b11f6d94015af8e8ad,31d3575e77d9d04b75880bca9e10dbd0e13e61d21795052921dd3f702d909dd7
candidate,6,8,1000000,float,FALSE,scale_general,double,ordinary,3,626,0.165999999999999,0.167,f26b519d09797e4f4941392e4b52f307c71832f0aaad54da617e9078fe055e1c,6506614505e113daab08b3f894ca46d4d61867c7b007c413b47a669abe8aae67,0,,0,FALSE,FALSE,FALSE,FALSE,FALSE,FALSE,FALSE,FALSE,7f1c1a27229f7a699fa85ff90b5be1266497c462407b39b11f6d94015af8e8ad,31d3575e77d9d04b75880bca9e10dbd0e13e61d21795052921dd3f702d909dd7
candidate,6,9,1000000,float,FALSE,pair_compact_double,double,ordinary,1,586,0.168,0.167,d0adc5c3f77a8c464e25cdf403e40486acf05d6b089dad00367eb8620a0a608e,6506614505e113daab08b3f894ca46d4d61867c7b007c413b47a669abe8aae67,0,,0,FALSE,FALSE,FALSE,FALSE,FALSE,FALSE,FALSE,FALSE,7f1c1a27229f7a699fa85ff90b5be1266497c462407b39b11f6d94015af8e8ad,31d3575e77d9d04b75880bca9e10dbd0e13e61d21795052921dd3f702d909dd7
candidate,6,9,1000000,float,FALSE,pair_compact_double,double,typed_double,2,494,0.154999999999999,0.155000000000001,d0adc5c3f77a8c464e25cdf403e40486acf05d6b089dad00367eb8620a0a608e,6506614505e113daab08b3f894ca46d4d61867c7b007c413b47a669abe8aae67,0,double,494,FALSE,FALSE,FALSE,FALSE,FALSE,FALSE,FALSE,FALSE,7f1c1a27229f7a699fa85ff90b5be1266497c462407b39b11f6d94015af8e8ad,31d3575e77d9d04b75880bca9e10dbd0e13e61d21795052921dd3f702d909dd7
candidate,6,9,1000000,float,FALSE,pair_compact_double,double,compact,3,481,0.151,0.152000000000001,d0adc5c3f77a8c464e25cdf403e40486acf05d6b089dad00367eb8620a0a608e,6506614505e113daab08b3f894ca46d4d61867c7b007c413b47a669abe8aae67,0,double,481,TRUE,TRUE,FALSE,FALSE,FALSE,FALSE,FALSE,FALSE,7f1c1a27229f7a699fa85ff90b5be1266497c462407b39b11f6d94015af8e8ad,31d3575e77d9d04b75880bca9e10dbd0e13e61d21795052921dd3f702d909dd7
candidate,6,10,1000000,float,TRUE,scale_binary,double,compact,1,458,0.149000000000001,0.15,c2d92a8e75010c0ddb80329b9ca6cc4898ca1d4543392f8c8382c3fbfeeb5b4b,256764253c19afe4b22c7738fb2f83098a03d4dbde3db39ee8c24b205a95942a,1003,float,458,TRUE,TRUE,FALSE,FALSE,FALSE,FALSE,FALSE,FALSE,ee8f1f1d17d164fc3d811ad86cc889d11c328f41d3cd55762069bc2161e48c9f,6a2baa27cd05157233063b825243be4bdf1a2dbc88db2a6cdfd0b2527b28716b
candidate,6,10,1000000,float,TRUE,scale_binary,double,ordinary,2,586,0.143999999999999,0.142999999999999,21fac45dcda0cbc0ba9e1f553d3be3fedd245b921d5e2e4497a8d64f1e038117,256764253c19afe4b22c7738fb2f83098a03d4dbde3db39ee8c24b205a95942a,1003,,0,FALSE,FALSE,FALSE,FALSE,FALSE,FALSE,FALSE,FALSE,ee8f1f1d17d164fc3d811ad86cc889d11c328f41d3cd55762069bc2161e48c9f,6a2baa27cd05157233063b825243be4bdf1a2dbc88db2a6cdfd0b2527b28716b
candidate,6,10,1000000,float,TRUE,scale_binary,double,typed_double,3,569,0.155,0.154999999999998,c2d92a8e75010c0ddb80329b9ca6cc4898ca1d4543392f8c8382c3fbfeeb5b4b,256764253c19afe4b22c7738fb2f83098a03d4dbde3db39ee8c24b205a95942a,1003,double,569,FALSE,FALSE,FALSE,FALSE,FALSE,FALSE,FALSE,FALSE,ee8f1f1d17d164fc3d811ad86cc889d11c328f41d3cd55762069bc2161e48c9f,6a2baa27cd05157233063b825243be4bdf1a2dbc88db2a6cdfd0b2527b28716b
candidate,6,11,1000000,float,TRUE,scale_general,double,typed_double,1,552,0.163999999999998,0.164000000000001,ea87b3dd63bfda18195aef508608398181a11f876a570f6017c0c100c3497f49,256764253c19afe4b22c7738fb2f83098a03d4dbde3db39ee8c24b205a95942a,1003,double,552,FALSE,FALSE,FALSE,FALSE,FALSE,FALSE,FALSE,FALSE,ee8f1f1d17d164fc3d811ad86cc889d11c328f41d3cd55762069bc2161e48c9f,6a2baa27cd05157233063b825243be4bdf1a2dbc88db2a6cdfd0b2527b28716b
candidate,6,11,1000000,float,TRUE,scale_general,double,compact,2,232,0.149999999999999,0.148999999999997,c58bc992720c328eca610e60f8c3f93d7d61df77946cf51b8626b0d8b78368ef,256764253c19afe4b22c7738fb2f83098a03d4dbde3db39ee8c24b205a95942a,1003,float,232,TRUE,TRUE,FALSE,FALSE,FALSE,FALSE,FALSE,FALSE,ee8f1f1d17d164fc3d811ad86cc889d11c328f41d3cd55762069bc2161e48c9f,6a2baa27cd05157233063b825243be4bdf1a2dbc88db2a6cdfd0b2527b28716b
candidate,6,11,1000000,float,TRUE,scale_general,double,ordinary,3,625,0.151999999999997,0.152000000000001,8100d028390097d4a98b44ea0ff4cb617c6204331b80e5c7870832582030541c,256764253c19afe4b22c7738fb2f83098a03d4dbde3db39ee8c24b205a95942a,1003,,0,FALSE,FALSE,FALSE,FALSE,FALSE,FALSE,FALSE,FALSE,ee8f1f1d17d164fc3d811ad86cc889d11c328f41d3cd55762069bc2161e48c9f,6a2baa27cd05157233063b825243be4bdf1a2dbc88db2a6cdfd0b2527b28716b
candidate,6,12,1000000,float,TRUE,pair_compact_double,double,ordinary,1,586,0.164000000000001,0.163999999999998,d8927aedee8fcfee16a2d8b73448110e471dbaa24a570b3a223eaaa8fa336e58,d842a810a046337b5363ff7dafdaa01aa4553912ce2afa4ee95c617158d8e0e7,2011,,0,FALSE,FALSE,FALSE,FALSE,FALSE,FALSE,FALSE,FALSE,ee8f1f1d17d164fc3d811ad86cc889d11c328f41d3cd55762069bc2161e48c9f,6a2baa27cd05157233063b825243be4bdf1a2dbc88db2a6cdfd0b2527b28716b
candidate,6,12,1000000,float,TRUE,pair_compact_double,double,typed_double,2,481,0.149999999999999,0.149999999999999,9778eddf855170d4c4702501b5240fa491a475187859f9e29c120edb42c46621,d842a810a046337b5363ff7dafdaa01aa4553912ce2afa4ee95c617158d8e0e7,2011,double,481,FALSE,FALSE,FALSE,FALSE,FALSE,FALSE,FALSE,FALSE,ee8f1f1d17d164fc3d811ad86cc889d11c328f41d3cd55762069bc2161e48c9f,6a2baa27cd05157233063b825243be4bdf1a2dbc88db2a6cdfd0b2527b28716b
candidate,6,12,1000000,float,TRUE,pair_compact_double,double,compact,3,254,0.117000000000001,0.117000000000001,9778eddf855170d4c4702501b5240fa491a475187859f9e29c120edb42c46621,d842a810a046337b5363ff7dafdaa01aa4553912ce2afa4ee95c617158d8e0e7,2011,double,254,TRUE,TRUE,FALSE,FALSE,FALSE,FALSE,FALSE,FALSE,ee8f1f1d17d164fc3d811ad86cc889d11c328f41d3cd55762069bc2161e48c9f,6a2baa27cd05157233063b825243be4bdf1a2dbc88db2a6cdfd0b2527b28716b
baseline,6,1,1000000,int,FALSE,scale_binary,double,compact,1,586,0.142,0.142,43cbc5fa02580f73a834cffb43a5ba0a0f4d7303cec536a2e3c58f1f469eb824,6506614505e113daab08b3f894ca46d4d61867c7b007c413b47a669abe8aae67,0,int,586,TRUE,TRUE,FALSE,FALSE,FALSE,FALSE,FALSE,FALSE,8937acbbe87ff127e6567f97e52c6a17dbe3ea7052a39a3b76abe25c8e7eeb13,31d3575e77d9d04b75880bca9e10dbd0e13e61d21795052921dd3f702d909dd7
baseline,6,1,1000000,int,FALSE,scale_binary,double,ordinary,2,605,0.169,0.169,43cbc5fa02580f73a834cffb43a5ba0a0f4d7303cec536a2e3c58f1f469eb824,6506614505e113daab08b3f894ca46d4d61867c7b007c413b47a669abe8aae67,0,,0,FALSE,FALSE,FALSE,FALSE,FALSE,FALSE,FALSE,FALSE,8937acbbe87ff127e6567f97e52c6a17dbe3ea7052a39a3b76abe25c8e7eeb13,31d3575e77d9d04b75880bca9e10dbd0e13e61d21795052921dd3f702d909dd7
baseline,6,1,1000000,int,FALSE,scale_binary,double,typed_double,3,536,0.178,0.179,43cbc5fa02580f73a834cffb43a5ba0a0f4d7303cec536a2e3c58f1f469eb824,6506614505e113daab08b3f894ca46d4d61867c7b007c413b47a669abe8aae67,0,double,536,FALSE,FALSE,FALSE,FALSE,FALSE,FALSE,FALSE,FALSE,8937acbbe87ff127e6567f97e52c6a17dbe3ea7052a39a3b76abe25c8e7eeb13,31d3575e77d9d04b75880bca9e10dbd0e13e61d21795052921dd3f702d909dd7
baseline,6,2,1000000,int,FALSE,scale_general,double,typed_double,1,536,0.163,0.164,98c11364f9b15cf1e1696537d86d727f3e1efaa44f5b303a15ed033179b4e86a,6506614505e113daab08b3f894ca46d4d61867c7b007c413b47a669abe8aae67,0,double,536,FALSE,FALSE,FALSE,FALSE,FALSE,FALSE,FALSE,FALSE,8937acbbe87ff127e6567f97e52c6a17dbe3ea7052a39a3b76abe25c8e7eeb13,31d3575e77d9d04b75880bca9e10dbd0e13e61d21795052921dd3f702d909dd7
baseline,6,2,1000000,int,FALSE,scale_general,double,compact,2,244,0.15,0.15,5b22560fab6c3b27f5e82592f7a486b943278dbe0e1d82a8c99735d3ee13430b,6506614505e113daab08b3f894ca46d4d61867c7b007c413b47a669abe8aae67,0,float,244,TRUE,TRUE,FALSE,FALSE,FALSE,FALSE,FALSE,FALSE,8937acbbe87ff127e6567f97e52c6a17dbe3ea7052a39a3b76abe25c8e7eeb13,31d3575e77d9d04b75880bca9e10dbd0e13e61d21795052921dd3f702d909dd7
baseline,6,2,1000000,int,FALSE,scale_general,double,ordinary,3,605,0.166,0.166,98c11364f9b15cf1e1696537d86d727f3e1efaa44f5b303a15ed033179b4e86a,6506614505e113daab08b3f894ca46d4d61867c7b007c413b47a669abe8aae67,0,,0,FALSE,FALSE,FALSE,FALSE,FALSE,FALSE,FALSE,FALSE,8937acbbe87ff127e6567f97e52c6a17dbe3ea7052a39a3b76abe25c8e7eeb13,31d3575e77d9d04b75880bca9e10dbd0e13e61d21795052921dd3f702d909dd7
baseline,6,3,1000000,int,FALSE,pair_compact_double,double,ordinary,1,586,0.169,0.17,5865d7f437b5487c8061f7274c6507b7ec0fc76362cd655e9259ebb78a28f057,6506614505e113daab08b3f894ca46d4d61867c7b007c413b47a669abe8aae67,0,,0,FALSE,FALSE,FALSE,FALSE,FALSE,FALSE,FALSE,FALSE,8937acbbe87ff127e6567f97e52c6a17dbe3ea7052a39a3b76abe25c8e7eeb13,31d3575e77d9d04b75880bca9e10dbd0e13e61d21795052921dd3f702d909dd7
baseline,6,3,1000000,int,FALSE,pair_compact_double,double,typed_double,2,469,0.165,0.165,5865d7f437b5487c8061f7274c6507b7ec0fc76362cd655e9259ebb78a28f057,6506614505e113daab08b3f894ca46d4d61867c7b007c413b47a669abe8aae67,0,double,469,FALSE,FALSE,FALSE,FALSE,FALSE,FALSE,FALSE,FALSE,8937acbbe87ff127e6567f97e52c6a17dbe3ea7052a39a3b76abe25c8e7eeb13,31d3575e77d9d04b75880bca9e10dbd0e13e61d21795052921dd3f702d909dd7
baseline,6,3,1000000,int,FALSE,pair_compact_double,double,compact,3,368,0.167,0.167000000000001,5865d7f437b5487c8061f7274c6507b7ec0fc76362cd655e9259ebb78a28f057,6506614505e113daab08b3f894ca46d4d61867c7b007c413b47a669abe8aae67,0,double,368,TRUE,TRUE,FALSE,FALSE,FALSE,FALSE,FALSE,FALSE,8937acbbe87ff127e6567f97e52c6a17dbe3ea7052a39a3b76abe25c8e7eeb13,31d3575e77d9d04b75880bca9e10dbd0e13e61d21795052921dd3f702d909dd7
baseline,6,4,1000000,int,TRUE,scale_binary,double,compact,1,569,0.136,0.137,406aa86104df9ebd1e49e25bbc9266cbc0cc152fd09e7d28efa1e3b9f07c7f98,256764253c19afe4b22c7738fb2f83098a03d4dbde3db39ee8c24b205a95942a,1003,int,569,TRUE,TRUE,FALSE,FALSE,FALSE,FALSE,FALSE,FALSE,5af7169f9d20a77a6f06236647a66be1493d6e155163c245a466bda43242d0e7,6a2baa27cd05157233063b825243be4bdf1a2dbc88db2a6cdfd0b2527b28716b
baseline,6,4,1000000,int,TRUE,scale_binary,double,ordinary,2,626,0.168,0.168,b10ddc1e7177ef92cdb14943c3981218bcd426a31f9c7d156ed4dbd4ea86c948,256764253c19afe4b22c7738fb2f83098a03d4dbde3db39ee8c24b205a95942a,1003,,0,FALSE,FALSE,FALSE,FALSE,FALSE,FALSE,FALSE,FALSE,5af7169f9d20a77a6f06236647a66be1493d6e155163c245a466bda43242d0e7,6a2baa27cd05157233063b825243be4bdf1a2dbc88db2a6cdfd0b2527b28716b
baseline,6,4,1000000,int,TRUE,scale_binary,double,typed_double,3,552,0.166999999999999,0.168,406aa86104df9ebd1e49e25bbc9266cbc0cc152fd09e7d28efa1e3b9f07c7f98,256764253c19afe4b22c7738fb2f83098a03d4dbde3db39ee8c24b205a95942a,1003,double,552,FALSE,FALSE,FALSE,FALSE,FALSE,FALSE,FALSE,FALSE,5af7169f9d20a77a6f06236647a66be1493d6e155163c245a466bda43242d0e7,6a2baa27cd05157233063b825243be4bdf1a2dbc88db2a6cdfd0b2527b28716b
baseline,6,5,1000000,int,TRUE,scale_general,double,typed_double,1,552,0.168,0.168,69569d7d3b174986a7ae48d2c2f67dcea32be4e102725873e2cfa7cf5e4f9d02,256764253c19afe4b22c7738fb2f83098a03d4dbde3db39ee8c24b205a95942a,1003,double,552,FALSE,FALSE,FALSE,FALSE,FALSE,FALSE,FALSE,FALSE,5af7169f9d20a77a6f06236647a66be1493d6e155163c245a466bda43242d0e7,6a2baa27cd05157233063b825243be4bdf1a2dbc88db2a6cdfd0b2527b28716b
baseline,6,5,1000000,int,TRUE,scale_general,double,compact,2,241,0.151,0.150000000000001,38447e334649e5d7eda33f0001bed517c428980c028a15d2e1699be9ef65cf3a,256764253c19afe4b22c7738fb2f83098a03d4dbde3db39ee8c24b205a95942a,1003,float,241,TRUE,TRUE,FALSE,FALSE,FALSE,FALSE,FALSE,FALSE,5af7169f9d20a77a6f06236647a66be1493d6e155163c245a466bda43242d0e7,6a2baa27cd05157233063b825243be4bdf1a2dbc88db2a6cdfd0b2527b28716b
baseline,6,5,1000000,int,TRUE,scale_general,double,ordinary,3,586,0.150000000000001,0.149000000000001,ea5220c4891c83ca4d6c555d28f6502adbaf6141ce7d6cf4825e9d27d0d51944,256764253c19afe4b22c7738fb2f83098a03d4dbde3db39ee8c24b205a95942a,1003,,0,FALSE,FALSE,FALSE,FALSE,FALSE,FALSE,FALSE,FALSE,5af7169f9d20a77a6f06236647a66be1493d6e155163c245a466bda43242d0e7,6a2baa27cd05157233063b825243be4bdf1a2dbc88db2a6cdfd0b2527b28716b
baseline,6,6,1000000,int,TRUE,pair_compact_double,double,ordinary,1,569,0.15,0.148999999999999,ea5ac2e3896755c3d5082b83561d8673bb4f0147a7690b804a8d74cecbeda4c1,d842a810a046337b5363ff7dafdaa01aa4553912ce2afa4ee95c617158d8e0e7,2011,,0,FALSE,FALSE,FALSE,FALSE,FALSE,FALSE,FALSE,FALSE,5af7169f9d20a77a6f06236647a66be1493d6e155163c245a466bda43242d0e7,6a2baa27cd05157233063b825243be4bdf1a2dbc88db2a6cdfd0b2527b28716b
baseline,6,6,1000000,int,TRUE,pair_compact_double,double,typed_double,2,469,0.167000000000001,0.167,087fb12a32e314d333c4287225113c3c6e3a135a9c18c162b3b5753b80f4350c,d842a810a046337b5363ff7dafdaa01aa4553912ce2afa4ee95c617158d8e0e7,2011,double,469,FALSE,FALSE,FALSE,FALSE,FALSE,FALSE,FALSE,FALSE,5af7169f9d20a77a6f06236647a66be1493d6e155163c245a466bda43242d0e7,6a2baa27cd05157233063b825243be4bdf1a2dbc88db2a6cdfd0b2527b28716b
baseline,6,6,1000000,int,TRUE,pair_compact_double,double,compact,3,361,0.149,0.149000000000001,087fb12a32e314d333c4287225113c3c6e3a135a9c18c162b3b5753b80f4350c,d842a810a046337b5363ff7dafdaa01aa4553912ce2afa4ee95c617158d8e0e7,2011,double,361,TRUE,TRUE,FALSE,FALSE,FALSE,FALSE,FALSE,FALSE,5af7169f9d20a77a6f06236647a66be1493d6e155163c245a466bda43242d0e7,6a2baa27cd05157233063b825243be4bdf1a2dbc88db2a6cdfd0b2527b28716b
baseline,6,7,1000000,float,FALSE,scale_binary,double,compact,1,447,0.147,0.147,5e4cb543f32269b2c2218b394ad1c41d44f6b32b3f8be7d200655b3b7d11f177,6506614505e113daab08b3f894ca46d4d61867c7b007c413b47a669abe8aae67,0,float,447,TRUE,TRUE,FALSE,FALSE,FALSE,FALSE,FALSE,FALSE,7f1c1a27229f7a699fa85ff90b5be1266497c462407b39b11f6d94015af8e8ad,31d3575e77d9d04b75880bca9e10dbd0e13e61d21795052921dd3f702d909dd7
baseline,6,7,1000000,float,FALSE,scale_binary,double,ordinary,2,605,0.165,0.164,5e4cb543f32269b2c2218b394ad1c41d44f6b32b3f8be7d200655b3b7d11f177,6506614505e113daab08b3f894ca46d4d61867c7b007c413b47a669abe8aae67,0,,0,FALSE,FALSE,FALSE,FALSE,FALSE,FALSE,FALSE,FALSE,7f1c1a27229f7a699fa85ff90b5be1266497c462407b39b11f6d94015af8e8ad,31d3575e77d9d04b75880bca9e10dbd0e13e61d21795052921dd3f702d909dd7
baseline,6,7,1000000,float,FALSE,scale_binary,double,typed_double,3,552,0.166999999999999,0.167,5e4cb543f32269b2c2218b394ad1c41d44f6b32b3f8be7d200655b3b7d11f177,6506614505e113daab08b3f894ca46d4d61867c7b007c413b47a669abe8aae67,0,double,552,FALSE,FALSE,FALSE,FALSE,FALSE,FALSE,FALSE,FALSE,7f1c1a27229f7a699fa85ff90b5be1266497c462407b39b11f6d94015af8e8ad,31d3575e77d9d04b75880bca9e10dbd0e13e61d21795052921dd3f702d909dd7
baseline,6,8,1000000,float,FALSE,scale_general,double,typed_double,1,552,0.153,0.153,f26b519d09797e4f4941392e4b52f307c71832f0aaad54da617e9078fe055e1c,6506614505e113daab08b3f894ca46d4d61867c7b007c413b47a669abe8aae67,0,double,552,FALSE,FALSE,FALSE,FALSE,FALSE,FALSE,FALSE,FALSE,7f1c1a27229f7a699fa85ff90b5be1266497c462407b39b11f6d94015af8e8ad,31d3575e77d9d04b75880bca9e10dbd0e13e61d21795052921dd3f702d909dd7
baseline,6,8,1000000,float,FALSE,scale_general,double,compact,2,308,0.149000000000001,0.148,72cc5cf98cf5a5166668db2e8420adb3bc862ec1b003fbdd7aeb0a9746f22870,6506614505e113daab08b3f894ca46d4d61867c7b007c413b47a669abe8aae67,0,float,308,TRUE,TRUE,FALSE,FALSE,FALSE,FALSE,FALSE,FALSE,7f1c1a27229f7a699fa85ff90b5be1266497c462407b39b11f6d94015af8e8ad,31d3575e77d9d04b75880bca9e10dbd0e13e61d21795052921dd3f702d909dd7
baseline,6,8,1000000,float,FALSE,scale_general,double,ordinary,3,605,0.15,0.152000000000001,f26b519d09797e4f4941392e4b52f307c71832f0aaad54da617e9078fe055e1c,6506614505e113daab08b3f894ca46d4d61867c7b007c413b47a669abe8aae67,0,,0,FALSE,FALSE,FALSE,FALSE,FALSE,FALSE,FALSE,FALSE,7f1c1a27229f7a699fa85ff90b5be1266497c462407b39b11f6d94015af8e8ad,31d3575e77d9d04b75880bca9e10dbd0e13e61d21795052921dd3f702d909dd7
baseline,6,9,1000000,float,FALSE,pair_compact_double,double,ordinary,1,586,0.168999999999999,0.168000000000001,d0adc5c3f77a8c464e25cdf403e40486acf05d6b089dad00367eb8620a0a608e,6506614505e113daab08b3f894ca46d4d61867c7b007c413b47a669abe8aae67,0,,0,FALSE,FALSE,FALSE,FALSE,FALSE,FALSE,FALSE,FALSE,7f1c1a27229f7a699fa85ff90b5be1266497c462407b39b11f6d94015af8e8ad,31d3575e77d9d04b75880bca9e10dbd0e13e61d21795052921dd3f702d909dd7
baseline,6,9,1000000,float,FALSE,pair_compact_double,double,typed_double,2,481,0.152999999999999,0.154,d0adc5c3f77a8c464e25cdf403e40486acf05d6b089dad00367eb8620a0a608e,6506614505e113daab08b3f894ca46d4d61867c7b007c413b47a669abe8aae67,0,double,481,FALSE,FALSE,FALSE,FALSE,FALSE,FALSE,FALSE,FALSE,7f1c1a27229f7a699fa85ff90b5be1266497c462407b39b11f6d94015af8e8ad,31d3575e77d9d04b75880bca9e10dbd0e13e61d21795052921dd3f702d909dd7
baseline,6,9,1000000,float,FALSE,pair_compact_double,double,compact,3,469,0.147999999999999,0.148999999999999,d0adc5c3f77a8c464e25cdf403e40486acf05d6b089dad00367eb8620a0a608e,6506614505e113daab08b3f894ca46d4d61867c7b007c413b47a669abe8aae67,0,double,469,TRUE,TRUE,FALSE,FALSE,FALSE,FALSE,FALSE,FALSE,7f1c1a27229f7a699fa85ff90b5be1266497c462407b39b11f6d94015af8e8ad,31d3575e77d9d04b75880bca9e10dbd0e13e61d21795052921dd3f702d909dd7
baseline,6,10,1000000,float,TRUE,scale_binary,double,compact,1,447,0.163,0.163,c2d92a8e75010c0ddb80329b9ca6cc4898ca1d4543392f8c8382c3fbfeeb5b4b,256764253c19afe4b22c7738fb2f83098a03d4dbde3db39ee8c24b205a95942a,1003,float,447,TRUE,TRUE,FALSE,FALSE,FALSE,FALSE,FALSE,FALSE,ee8f1f1d17d164fc3d811ad86cc889d11c328f41d3cd55762069bc2161e48c9f,6a2baa27cd05157233063b825243be4bdf1a2dbc88db2a6cdfd0b2527b28716b
baseline,6,10,1000000,float,TRUE,scale_binary,double,ordinary,2,605,0.157999999999999,0.158000000000001,21fac45dcda0cbc0ba9e1f553d3be3fedd245b921d5e2e4497a8d64f1e038117,256764253c19afe4b22c7738fb2f83098a03d4dbde3db39ee8c24b205a95942a,1003,,0,FALSE,FALSE,FALSE,FALSE,FALSE,FALSE,FALSE,FALSE,ee8f1f1d17d164fc3d811ad86cc889d11c328f41d3cd55762069bc2161e48c9f,6a2baa27cd05157233063b825243be4bdf1a2dbc88db2a6cdfd0b2527b28716b
baseline,6,10,1000000,float,TRUE,scale_binary,double,typed_double,3,552,0.167000000000003,0.166999999999998,c2d92a8e75010c0ddb80329b9ca6cc4898ca1d4543392f8c8382c3fbfeeb5b4b,256764253c19afe4b22c7738fb2f83098a03d4dbde3db39ee8c24b205a95942a,1003,double,552,FALSE,FALSE,FALSE,FALSE,FALSE,FALSE,FALSE,FALSE,ee8f1f1d17d164fc3d811ad86cc889d11c328f41d3cd55762069bc2161e48c9f,6a2baa27cd05157233063b825243be4bdf1a2dbc88db2a6cdfd0b2527b28716b
baseline,6,11,1000000,float,TRUE,scale_general,double,typed_double,1,536,0.149,0.149000000000001,ea87b3dd63bfda18195aef508608398181a11f876a570f6017c0c100c3497f49,256764253c19afe4b22c7738fb2f83098a03d4dbde3db39ee8c24b205a95942a,1003,double,536,FALSE,FALSE,FALSE,FALSE,FALSE,FALSE,FALSE,FALSE,ee8f1f1d17d164fc3d811ad86cc889d11c328f41d3cd55762069bc2161e48c9f,6a2baa27cd05157233063b825243be4bdf1a2dbc88db2a6cdfd0b2527b28716b
baseline,6,11,1000000,float,TRUE,scale_general,double,compact,2,202,0.148999999999997,0.150000000000002,c58bc992720c328eca610e60f8c3f93d7d61df77946cf51b8626b0d8b78368ef,256764253c19afe4b22c7738fb2f83098a03d4dbde3db39ee8c24b205a95942a,1003,float,202,TRUE,TRUE,FALSE,FALSE,FALSE,FALSE,FALSE,FALSE,ee8f1f1d17d164fc3d811ad86cc889d11c328f41d3cd55762069bc2161e48c9f,6a2baa27cd05157233063b825243be4bdf1a2dbc88db2a6cdfd0b2527b28716b
baseline,6,11,1000000,float,TRUE,scale_general,double,ordinary,3,605,0.168000000000001,0.167999999999999,8100d028390097d4a98b44ea0ff4cb617c6204331b80e5c7870832582030541c,256764253c19afe4b22c7738fb2f83098a03d4dbde3db39ee8c24b205a95942a,1003,,0,FALSE,FALSE,FALSE,FALSE,FALSE,FALSE,FALSE,FALSE,ee8f1f1d17d164fc3d811ad86cc889d11c328f41d3cd55762069bc2161e48c9f,6a2baa27cd05157233063b825243be4bdf1a2dbc88db2a6cdfd0b2527b28716b
baseline,6,12,1000000,float,TRUE,pair_compact_double,double,ordinary,1,605,0.157,0.156000000000002,d8927aedee8fcfee16a2d8b73448110e471dbaa24a570b3a223eaaa8fa336e58,d842a810a046337b5363ff7dafdaa01aa4553912ce2afa4ee95c617158d8e0e7,2011,,0,FALSE,FALSE,FALSE,FALSE,FALSE,FALSE,FALSE,FALSE,ee8f1f1d17d164fc3d811ad86cc889d11c328f41d3cd55762069bc2161e48c9f,6a2baa27cd05157233063b825243be4bdf1a2dbc88db2a6cdfd0b2527b28716b
baseline,6,12,1000000,float,TRUE,pair_compact_double,double,typed_double,2,494,0.173,0.171999999999997,9778eddf855170d4c4702501b5240fa491a475187859f9e29c120edb42c46621,d842a810a046337b5363ff7dafdaa01aa4553912ce2afa4ee95c617158d8e0e7,2011,double,494,FALSE,FALSE,FALSE,FALSE,FALSE,FALSE,FALSE,FALSE,ee8f1f1d17d164fc3d811ad86cc889d11c328f41d3cd55762069bc2161e48c9f,6a2baa27cd05157233063b825243be4bdf1a2dbc88db2a6cdfd0b2527b28716b
baseline,6,12,1000000,float,TRUE,pair_compact_double,double,compact,3,272,0.152,0.151,9778eddf855170d4c4702501b5240fa491a475187859f9e29c120edb42c46621,d842a810a046337b5363ff7dafdaa01aa4553912ce2afa4ee95c617158d8e0e7,2011,double,272,TRUE,TRUE,FALSE,FALSE,FALSE,FALSE,FALSE,FALSE,ee8f1f1d17d164fc3d811ad86cc889d11c328f41d3cd55762069bc2161e48c9f,6a2baa27cd05157233063b825243be4bdf1a2dbc88db2a6cdfd0b2527b28716b
