variant,round,phase,threads,rows,pattern,pattern_position,operation,operation_position,representation,position,repetitions,cpu,wall,native_calls,qualification_calls,input_hash,rank_hash,result_hash,missing_hash,metadata_hash,result_metadata_hash,input_missing,result_missing,result_storage,compact_before,compact_after,materialized_before,materialized_after,retained_before,retained_after,chunks_before,chunks_after
baseline,1,measure,1,1000000,none,1,add,1,compact,1,725,0.31,0.31,725,1,7f1c1a27229f7a699fa85ff90b5be1266497c462407b39b11f6d94015af8e8ad,8dbe5f139fd946d4cd84e8cc612cd9f68cbc87e394457884acc0c5dad56dd8dd,6f4e6deefcbd4cb8847d97ac43d7047c827b45b8a7d41e59355544434442b07b,8dbe5f139fd946d4cd84e8cc612cd9f68cbc87e394457884acc0c5dad56dd8dd,0418a77b7087897a0ead6e10b9da2953bfee2ad9da1470ca98b7664e364a3024,0418a77b7087897a0ead6e10b9da2953bfee2ad9da1470ca98b7664e364a3024,0,0,float,TRUE,TRUE,FALSE,FALSE,0,0,0,0
baseline,1,measure,1,1000000,none,1,add,1,typed_double,2,753,0.227,0.227,753,1,7f1c1a27229f7a699fa85ff90b5be1266497c462407b39b11f6d94015af8e8ad,8dbe5f139fd946d4cd84e8cc612cd9f68cbc87e394457884acc0c5dad56dd8dd,292e89d47e6240bb2914ef7ad37d7e757276712199771e9df56100a008a8cb8c,8dbe5f139fd946d4cd84e8cc612cd9f68cbc87e394457884acc0c5dad56dd8dd,e8c2c3714dfad8ccb787de83956aff6eadd8f5bf3b515e0083ff8aeca241ab2d,e8c2c3714dfad8ccb787de83956aff6eadd8f5bf3b515e0083ff8aeca241ab2d,0,0,double,FALSE,FALSE,FALSE,FALSE,0,0,0,0
baseline,1,measure,1,1000000,none,1,add,1,ordinary,3,1200,0.345,0.346,0,0,7f1c1a27229f7a699fa85ff90b5be1266497c462407b39b11f6d94015af8e8ad,8dbe5f139fd946d4cd84e8cc612cd9f68cbc87e394457884acc0c5dad56dd8dd,292e89d47e6240bb2914ef7ad37d7e757276712199771e9df56100a008a8cb8c,8dbe5f139fd946d4cd84e8cc612cd9f68cbc87e394457884acc0c5dad56dd8dd,71557d1c8bac9bbe3cbec8d00bb223a2f372279827064095447e569fbf5a760a,71557d1c8bac9bbe3cbec8d00bb223a2f372279827064095447e569fbf5a760a,0,0,,FALSE,FALSE,FALSE,FALSE,0,0,0,0
baseline,1,measure,1,1000000,none,1,subtract,2,compact,1,712,0.315,0.315,712,1,7f1c1a27229f7a699fa85ff90b5be1266497c462407b39b11f6d94015af8e8ad,8dbe5f139fd946d4cd84e8cc612cd9f68cbc87e394457884acc0c5dad56dd8dd,73750801b993e37ef9c262c8c6c20433be5d4f8f21bfd0757cae3f70c74eda3f,8dbe5f139fd946d4cd84e8cc612cd9f68cbc87e394457884acc0c5dad56dd8dd,0418a77b7087897a0ead6e10b9da2953bfee2ad9da1470ca98b7664e364a3024,0418a77b7087897a0ead6e10b9da2953bfee2ad9da1470ca98b7664e364a3024,0,0,float,TRUE,TRUE,FALSE,FALSE,0,0,0,0
baseline,1,measure,1,1000000,none,1,subtract,2,ordinary,2,1220,0.35,0.350000000000001,0,0,7f1c1a27229f7a699fa85ff90b5be1266497c462407b39b11f6d94015af8e8ad,8dbe5f139fd946d4cd84e8cc612cd9f68cbc87e394457884acc0c5dad56dd8dd,13a3239df0a7d9c4766e9cb1022fe126007afc38c9539ef233ed4bf785d961fa,8dbe5f139fd946d4cd84e8cc612cd9f68cbc87e394457884acc0c5dad56dd8dd,71557d1c8bac9bbe3cbec8d00bb223a2f372279827064095447e569fbf5a760a,71557d1c8bac9bbe3cbec8d00bb223a2f372279827064095447e569fbf5a760a,0,0,,FALSE,FALSE,FALSE,FALSE,0,0,0,0
baseline,1,measure,1,1000000,none,1,subtract,2,typed_double,3,883,0.275,0.277,883,1,7f1c1a27229f7a699fa85ff90b5be1266497c462407b39b11f6d94015af8e8ad,8dbe5f139fd946d4cd84e8cc612cd9f68cbc87e394457884acc0c5dad56dd8dd,13a3239df0a7d9c4766e9cb1022fe126007afc38c9539ef233ed4bf785d961fa,8dbe5f139fd946d4cd84e8cc612cd9f68cbc87e394457884acc0c5dad56dd8dd,e8c2c3714dfad8ccb787de83956aff6eadd8f5bf3b515e0083ff8aeca241ab2d,e8c2c3714dfad8ccb787de83956aff6eadd8f5bf3b515e0083ff8aeca241ab2d,0,0,double,FALSE,FALSE,FALSE,FALSE,0,0,0,0
baseline,1,measure,1,1000000,none,1,multiply,3,typed_double,1,863,0.258999999999999,0.259,863,1,7f1c1a27229f7a699fa85ff90b5be1266497c462407b39b11f6d94015af8e8ad,8dbe5f139fd946d4cd84e8cc612cd9f68cbc87e394457884acc0c5dad56dd8dd,f26b519d09797e4f4941392e4b52f307c71832f0aaad54da617e9078fe055e1c,8dbe5f139fd946d4cd84e8cc612cd9f68cbc87e394457884acc0c5dad56dd8dd,e8c2c3714dfad8ccb787de83956aff6eadd8f5bf3b515e0083ff8aeca241ab2d,e8c2c3714dfad8ccb787de83956aff6eadd8f5bf3b515e0083ff8aeca241ab2d,0,0,double,FALSE,FALSE,FALSE,FALSE,0,0,0,0
baseline,1,measure,1,1000000,none,1,multiply,3,compact,2,712,0.316,0.316,712,1,7f1c1a27229f7a699fa85ff90b5be1266497c462407b39b11f6d94015af8e8ad,8dbe5f139fd946d4cd84e8cc612cd9f68cbc87e394457884acc0c5dad56dd8dd,72cc5cf98cf5a5166668db2e8420adb3bc862ec1b003fbdd7aeb0a9746f22870,8dbe5f139fd946d4cd84e8cc612cd9f68cbc87e394457884acc0c5dad56dd8dd,0418a77b7087897a0ead6e10b9da2953bfee2ad9da1470ca98b7664e364a3024,0418a77b7087897a0ead6e10b9da2953bfee2ad9da1470ca98b7664e364a3024,0,0,float,TRUE,TRUE,FALSE,FALSE,0,0,0,0
baseline,1,measure,1,1000000,none,1,multiply,3,ordinary,3,1200,0.348,0.348,0,0,7f1c1a27229f7a699fa85ff90b5be1266497c462407b39b11f6d94015af8e8ad,8dbe5f139fd946d4cd84e8cc612cd9f68cbc87e394457884acc0c5dad56dd8dd,f26b519d09797e4f4941392e4b52f307c71832f0aaad54da617e9078fe055e1c,8dbe5f139fd946d4cd84e8cc612cd9f68cbc87e394457884acc0c5dad56dd8dd,71557d1c8bac9bbe3cbec8d00bb223a2f372279827064095447e569fbf5a760a,71557d1c8bac9bbe3cbec8d00bb223a2f372279827064095447e569fbf5a760a,0,0,,FALSE,FALSE,FALSE,FALSE,0,0,0,0
baseline,1,measure,1,1000000,none,1,divide,4,typed_double,1,1024,0.333,0.334,1024,1,7f1c1a27229f7a699fa85ff90b5be1266497c462407b39b11f6d94015af8e8ad,8dbe5f139fd946d4cd84e8cc612cd9f68cbc87e394457884acc0c5dad56dd8dd,94a902460bdb0445cf55fb22367b59bd4ca3f1ff73823aa1758bd6c7f1b6b58d,8dbe5f139fd946d4cd84e8cc612cd9f68cbc87e394457884acc0c5dad56dd8dd,e8c2c3714dfad8ccb787de83956aff6eadd8f5bf3b515e0083ff8aeca241ab2d,e8c2c3714dfad8ccb787de83956aff6eadd8f5bf3b515e0083ff8aeca241ab2d,0,0,double,FALSE,FALSE,FALSE,FALSE,0,0,0,0
baseline,1,measure,1,1000000,none,1,divide,4,ordinary,2,1220,0.347,0.348000000000001,0,0,7f1c1a27229f7a699fa85ff90b5be1266497c462407b39b11f6d94015af8e8ad,8dbe5f139fd946d4cd84e8cc612cd9f68cbc87e394457884acc0c5dad56dd8dd,94a902460bdb0445cf55fb22367b59bd4ca3f1ff73823aa1758bd6c7f1b6b58d,8dbe5f139fd946d4cd84e8cc612cd9f68cbc87e394457884acc0c5dad56dd8dd,71557d1c8bac9bbe3cbec8d00bb223a2f372279827064095447e569fbf5a760a,71557d1c8bac9bbe3cbec8d00bb223a2f372279827064095447e569fbf5a760a,0,0,,FALSE,FALSE,FALSE,FALSE,0,0,0,0
baseline,1,measure,1,1000000,none,1,divide,4,compact,3,686,0.300000000000001,0.299999999999999,686,1,7f1c1a27229f7a699fa85ff90b5be1266497c462407b39b11f6d94015af8e8ad,8dbe5f139fd946d4cd84e8cc612cd9f68cbc87e394457884acc0c5dad56dd8dd,1591013955a37eeca2ef03255d8659f041a956e2e6d6666478490b7f17a3ed59,8dbe5f139fd946d4cd84e8cc612cd9f68cbc87e394457884acc0c5dad56dd8dd,0418a77b7087897a0ead6e10b9da2953bfee2ad9da1470ca98b7664e364a3024,0418a77b7087897a0ead6e10b9da2953bfee2ad9da1470ca98b7664e364a3024,0,0,float,TRUE,TRUE,FALSE,FALSE,0,0,0,0
baseline,1,measure,1,1000000,sparse,2,add,1,typed_double,1,753,0.222999999999999,0.223000000000001,753,1,8cb390f4310bb5332e9085281aa52e5236aecd65b982d0e3a7e9174fe845527e,4ff8e31f35ef7231c619440044b989f14d0c2459692ffaf4249d0c6f088eb1cd,c79c2ec291260c6f8d03c327d90d493416937a3f3bc9b85742b51e17a8fb7647,2c3d712c4b869db707211a9641b70f4fcf04eb0bc5000f397325e704b05a2a63,e8c2c3714dfad8ccb787de83956aff6eadd8f5bf3b515e0083ff8aeca241ab2d,e8c2c3714dfad8ccb787de83956aff6eadd8f5bf3b515e0083ff8aeca241ab2d,1003,1003,double,FALSE,FALSE,FALSE,FALSE,0,0,0,0
baseline,1,measure,1,1000000,sparse,2,add,1,compact,2,549,0.314000000000001,0.313000000000001,549,1,8cb390f4310bb5332e9085281aa52e5236aecd65b982d0e3a7e9174fe845527e,4ff8e31f35ef7231c619440044b989f14d0c2459692ffaf4249d0c6f088eb1cd,9c2be51cd37c2d7977f794fada049c7c9ccc4011c9f81b26e042008f01cdd93e,2c3d712c4b869db707211a9641b70f4fcf04eb0bc5000f397325e704b05a2a63,0418a77b7087897a0ead6e10b9da2953bfee2ad9da1470ca98b7664e364a3024,0418a77b7087897a0ead6e10b9da2953bfee2ad9da1470ca98b7664e364a3024,1003,1003,float,TRUE,TRUE,FALSE,FALSE,0,0,0,0
baseline,1,measure,1,1000000,sparse,2,subtract,2,compact,1,557,0.303999999999999,0.304,557,1,8cb390f4310bb5332e9085281aa52e5236aecd65b982d0e3a7e9174fe845527e,4ff8e31f35ef7231c619440044b989f14d0c2459692ffaf4249d0c6f088eb1cd,7125e60e6e7d4c92d9ed561efe37cfccac1593072e770a4f8d2a58f04113d3ae,2c3d712c4b869db707211a9641b70f4fcf04eb0bc5000f397325e704b05a2a63,0418a77b7087897a0ead6e10b9da2953bfee2ad9da1470ca98b7664e364a3024,0418a77b7087897a0ead6e10b9da2953bfee2ad9da1470ca98b7664e364a3024,1003,1003,float,TRUE,TRUE,FALSE,FALSE,0,0,0,0
baseline,1,measure,1,1000000,sparse,2,subtract,2,typed_double,2,1114,0.332000000000001,0.332000000000001,1114,1,8cb390f4310bb5332e9085281aa52e5236aecd65b982d0e3a7e9174fe845527e,4ff8e31f35ef7231c619440044b989f14d0c2459692ffaf4249d0c6f088eb1cd,5dbef6a14bd33ea02b60ee3c940050585fc891f61a49d29253c64524c4390951,2c3d712c4b869db707211a9641b70f4fcf04eb0bc5000f397325e704b05a2a63,e8c2c3714dfad8ccb787de83956aff6eadd8f5bf3b515e0083ff8aeca241ab2d,e8c2c3714dfad8ccb787de83956aff6eadd8f5bf3b515e0083ff8aeca241ab2d,1003,1003,double,FALSE,FALSE,FALSE,FALSE,0,0,0,0
baseline,1,measure,1,1000000,sparse,2,multiply,3,typed_double,1,1114,0.319,0.318000000000001,1114,1,8cb390f4310bb5332e9085281aa52e5236aecd65b982d0e3a7e9174fe845527e,4ff8e31f35ef7231c619440044b989f14d0c2459692ffaf4249d0c6f088eb1cd,ea87b3dd63bfda18195aef508608398181a11f876a570f6017c0c100c3497f49,2c3d712c4b869db707211a9641b70f4fcf04eb0bc5000f397325e704b05a2a63,e8c2c3714dfad8ccb787de83956aff6eadd8f5bf3b515e0083ff8aeca241ab2d,e8c2c3714dfad8ccb787de83956aff6eadd8f5bf3b515e0083ff8aeca241ab2d,1003,1003,double,FALSE,FALSE,FALSE,FALSE,0,0,0,0
baseline,1,measure,1,1000000,sparse,2,multiply,3,compact,2,549,0.311,0.311999999999999,549,1,8cb390f4310bb5332e9085281aa52e5236aecd65b982d0e3a7e9174fe845527e,4ff8e31f35ef7231c619440044b989f14d0c2459692ffaf4249d0c6f088eb1cd,c58bc992720c328eca610e60f8c3f93d7d61df77946cf51b8626b0d8b78368ef,2c3d712c4b869db707211a9641b70f4fcf04eb0bc5000f397325e704b05a2a63,0418a77b7087897a0ead6e10b9da2953bfee2ad9da1470ca98b7664e364a3024,0418a77b7087897a0ead6e10b9da2953bfee2ad9da1470ca98b7664e364a3024,1003,1003,float,TRUE,TRUE,FALSE,FALSE,0,0,0,0
baseline,1,measure,1,1000000,sparse,2,divide,4,compact,1,541,0.305999999999999,0.306000000000001,541,1,8cb390f4310bb5332e9085281aa52e5236aecd65b982d0e3a7e9174fe845527e,4ff8e31f35ef7231c619440044b989f14d0c2459692ffaf4249d0c6f088eb1cd,7cd5af9e05a188d4704876cfdb85ac5034d3d5a1e396bdb3dfc44f37237baea7,2c3d712c4b869db707211a9641b70f4fcf04eb0bc5000f397325e704b05a2a63,0418a77b7087897a0ead6e10b9da2953bfee2ad9da1470ca98b7664e364a3024,0418a77b7087897a0ead6e10b9da2953bfee2ad9da1470ca98b7664e364a3024,1003,1003,float,TRUE,TRUE,FALSE,FALSE,0,0,0,0
baseline,1,measure,1,1000000,sparse,2,divide,4,typed_double,2,1038,0.319000000000001,0.318,1038,1,8cb390f4310bb5332e9085281aa52e5236aecd65b982d0e3a7e9174fe845527e,4ff8e31f35ef7231c619440044b989f14d0c2459692ffaf4249d0c6f088eb1cd,b5e497d0bf0ffe91ebc90f020c1418218eae5cef8ab084b16638c31e0a7fd996,2c3d712c4b869db707211a9641b70f4fcf04eb0bc5000f397325e704b05a2a63,e8c2c3714dfad8ccb787de83956aff6eadd8f5bf3b515e0083ff8aeca241ab2d,e8c2c3714dfad8ccb787de83956aff6eadd8f5bf3b515e0083ff8aeca241ab2d,1003,1003,double,FALSE,FALSE,FALSE,FALSE,0,0,0,0
baseline,1,measure,1,1000000,random_half,3,add,1,compact,1,541,0.295,0.295,541,1,b6b60ef8bb430be90e7239dd64b807cda383733b1048ca6748094e19e1003f06,6d001f63d9ce5612a17ed6ff62e0d269d6d862dde318265b90a63af3b92b0706,6b76f3bb98139bd84054294cebf89160afe822765e6b53998b6e5f12429a1357,30718b1b486380effd7b1cfea2860d277477b8909dc49eb8522afffbc6bc2b89,0418a77b7087897a0ead6e10b9da2953bfee2ad9da1470ca98b7664e364a3024,0418a77b7087897a0ead6e10b9da2953bfee2ad9da1470ca98b7664e364a3024,500000,500000,float,TRUE,TRUE,FALSE,FALSE,0,0,0,0
baseline,1,measure,1,1000000,random_half,3,add,1,typed_double,2,1114,0.335,0.334,1114,1,b6b60ef8bb430be90e7239dd64b807cda383733b1048ca6748094e19e1003f06,6d001f63d9ce5612a17ed6ff62e0d269d6d862dde318265b90a63af3b92b0706,355e852b13c998c602bf0f39fe137d5f8562900a8d72e8fba5a01d4d0efef67e,30718b1b486380effd7b1cfea2860d277477b8909dc49eb8522afffbc6bc2b89,e8c2c3714dfad8ccb787de83956aff6eadd8f5bf3b515e0083ff8aeca241ab2d,e8c2c3714dfad8ccb787de83956aff6eadd8f5bf3b515e0083ff8aeca241ab2d,500000,500000,double,FALSE,FALSE,FALSE,FALSE,0,0,0,0
baseline,1,measure,1,1000000,random_half,3,subtract,2,typed_double,1,1114,0.335,0.335000000000001,1114,1,b6b60ef8bb430be90e7239dd64b807cda383733b1048ca6748094e19e1003f06,6d001f63d9ce5612a17ed6ff62e0d269d6d862dde318265b90a63af3b92b0706,98bc8ff9af692ead61bb42ce3d313da378f7ebf5bea0cce023d0267baccfff00,30718b1b486380effd7b1cfea2860d277477b8909dc49eb8522afffbc6bc2b89,e8c2c3714dfad8ccb787de83956aff6eadd8f5bf3b515e0083ff8aeca241ab2d,e8c2c3714dfad8ccb787de83956aff6eadd8f5bf3b515e0083ff8aeca241ab2d,500000,500000,double,FALSE,FALSE,FALSE,FALSE,0,0,0,0
baseline,1,measure,1,1000000,random_half,3,subtract,2,compact,2,549,0.300000000000001,0.300000000000001,549,1,b6b60ef8bb430be90e7239dd64b807cda383733b1048ca6748094e19e1003f06,6d001f63d9ce5612a17ed6ff62e0d269d6d862dde318265b90a63af3b92b0706,0977e4c376f876f729091ad143045977b47f25c3e39f44906e53226792c66d09,30718b1b486380effd7b1cfea2860d277477b8909dc49eb8522afffbc6bc2b89,0418a77b7087897a0ead6e10b9da2953bfee2ad9da1470ca98b7664e364a3024,0418a77b7087897a0ead6e10b9da2953bfee2ad9da1470ca98b7664e364a3024,500000,500000,float,TRUE,TRUE,FALSE,FALSE,0,0,0,0
baseline,1,measure,1,1000000,random_half,3,multiply,3,compact,1,549,0.302,0.300999999999998,549,1,b6b60ef8bb430be90e7239dd64b807cda383733b1048ca6748094e19e1003f06,6d001f63d9ce5612a17ed6ff62e0d269d6d862dde318265b90a63af3b92b0706,52858cc82fe2d48b402afcf73363ef8dcad17f91b5684ffba771be6f6a6f4884,30718b1b486380effd7b1cfea2860d277477b8909dc49eb8522afffbc6bc2b89,0418a77b7087897a0ead6e10b9da2953bfee2ad9da1470ca98b7664e364a3024,0418a77b7087897a0ead6e10b9da2953bfee2ad9da1470ca98b7664e364a3024,500000,500000,float,TRUE,TRUE,FALSE,FALSE,0,0,0,0
baseline,1,measure,1,1000000,random_half,3,multiply,3,typed_double,2,1114,0.330000000000002,0.331,1114,1,b6b60ef8bb430be90e7239dd64b807cda383733b1048ca6748094e19e1003f06,6d001f63d9ce5612a17ed6ff62e0d269d6d862dde318265b90a63af3b92b0706,a884a5b937ac6944f0815b6c0e57bcd8e8abdfb5ca14ceb4c064ef23744bd71a,30718b1b486380effd7b1cfea2860d277477b8909dc49eb8522afffbc6bc2b89,e8c2c3714dfad8ccb787de83956aff6eadd8f5bf3b515e0083ff8aeca241ab2d,e8c2c3714dfad8ccb787de83956aff6eadd8f5bf3b515e0083ff8aeca241ab2d,500000,500000,double,FALSE,FALSE,FALSE,FALSE,0,0,0,0
baseline,1,measure,1,1000000,random_half,3,divide,4,typed_double,1,1038,0.318000000000001,0.318999999999999,1038,1,b6b60ef8bb430be90e7239dd64b807cda383733b1048ca6748094e19e1003f06,6d001f63d9ce5612a17ed6ff62e0d269d6d862dde318265b90a63af3b92b0706,86070650af7b970f08a28b072998cc372186bdf3df0092e4e49e8c1dc1d19b28,30718b1b486380effd7b1cfea2860d277477b8909dc49eb8522afffbc6bc2b89,e8c2c3714dfad8ccb787de83956aff6eadd8f5bf3b515e0083ff8aeca241ab2d,e8c2c3714dfad8ccb787de83956aff6eadd8f5bf3b515e0083ff8aeca241ab2d,500000,500000,double,FALSE,FALSE,FALSE,FALSE,0,0,0,0
baseline,1,measure,1,1000000,random_half,3,divide,4,compact,2,541,0.303999999999998,0.304000000000002,541,1,b6b60ef8bb430be90e7239dd64b807cda383733b1048ca6748094e19e1003f06,6d001f63d9ce5612a17ed6ff62e0d269d6d862dde318265b90a63af3b92b0706,bb079602e37003a78aadfca99fa018913b2b3fb8ec696feb7099fb65c1c7dba7,30718b1b486380effd7b1cfea2860d277477b8909dc49eb8522afffbc6bc2b89,0418a77b7087897a0ead6e10b9da2953bfee2ad9da1470ca98b7664e364a3024,0418a77b7087897a0ead6e10b9da2953bfee2ad9da1470ca98b7664e364a3024,500000,500000,float,TRUE,TRUE,FALSE,FALSE,0,0,0,0
baseline,1,measure,1,1000000,clustered_half,4,add,1,typed_double,1,1130,0.335000000000001,0.334999999999997,1130,1,72ac528b7e885a755c34618238a03ae8cbc5ab330977a6b32c5ef330e0b98c7e,1d3c0c5563242b6607a6592048dc2fa1826ff1863cf43d4f44d5fa490b045076,10a7942aa651223fed3ba69c8d2aa3fdfbdf7619c0d0a04415495c2c1363cfb8,dd210ce658e7870361ec32bb75f35c37ac9507b234668b988ee597b20b3a1a78,e8c2c3714dfad8ccb787de83956aff6eadd8f5bf3b515e0083ff8aeca241ab2d,e8c2c3714dfad8ccb787de83956aff6eadd8f5bf3b515e0083ff8aeca241ab2d,500000,500000,double,FALSE,FALSE,FALSE,FALSE,0,0,0,0
baseline,1,measure,1,1000000,clustered_half,4,add,1,compact,2,557,0.302,0.302000000000003,557,1,72ac528b7e885a755c34618238a03ae8cbc5ab330977a6b32c5ef330e0b98c7e,1d3c0c5563242b6607a6592048dc2fa1826ff1863cf43d4f44d5fa490b045076,07fcca5b3425dcf6e55ea639c22733cb77ff907a47716df8c52124e35bb9fbfe,dd210ce658e7870361ec32bb75f35c37ac9507b234668b988ee597b20b3a1a78,0418a77b7087897a0ead6e10b9da2953bfee2ad9da1470ca98b7664e364a3024,0418a77b7087897a0ead6e10b9da2953bfee2ad9da1470ca98b7664e364a3024,500000,500000,float,TRUE,TRUE,FALSE,FALSE,0,0,0,0
baseline,1,measure,1,1000000,clustered_half,4,subtract,2,compact,1,557,0.302,0.302,557,1,72ac528b7e885a755c34618238a03ae8cbc5ab330977a6b32c5ef330e0b98c7e,1d3c0c5563242b6607a6592048dc2fa1826ff1863cf43d4f44d5fa490b045076,c5697f922b38f8be8ef42932d64beda9530d73a109eb4f48cac5eafdeffa9db0,dd210ce658e7870361ec32bb75f35c37ac9507b234668b988ee597b20b3a1a78,0418a77b7087897a0ead6e10b9da2953bfee2ad9da1470ca98b7664e364a3024,0418a77b7087897a0ead6e10b9da2953bfee2ad9da1470ca98b7664e364a3024,500000,500000,float,TRUE,TRUE,FALSE,FALSE,0,0,0,0
baseline,1,measure,1,1000000,clustered_half,4,subtract,2,typed_double,2,1114,0.335000000000001,0.335000000000001,1114,1,72ac528b7e885a755c34618238a03ae8cbc5ab330977a6b32c5ef330e0b98c7e,1d3c0c5563242b6607a6592048dc2fa1826ff1863cf43d4f44d5fa490b045076,efc88c2b9e2fc69297972b13305d545bc9b98235585b8a7c69c650c492a2e23e,dd210ce658e7870361ec32bb75f35c37ac9507b234668b988ee597b20b3a1a78,e8c2c3714dfad8ccb787de83956aff6eadd8f5bf3b515e0083ff8aeca241ab2d,e8c2c3714dfad8ccb787de83956aff6eadd8f5bf3b515e0083ff8aeca241ab2d,500000,500000,double,FALSE,FALSE,FALSE,FALSE,0,0,0,0
baseline,1,measure,1,1000000,clustered_half,4,multiply,3,typed_double,1,1147,0.323999999999998,0.325000000000003,1147,1,72ac528b7e885a755c34618238a03ae8cbc5ab330977a6b32c5ef330e0b98c7e,1d3c0c5563242b6607a6592048dc2fa1826ff1863cf43d4f44d5fa490b045076,b02448e7f84965a509b54be4b2c0272a60a165169fe5758145eec27b2a1b2ea9,dd210ce658e7870361ec32bb75f35c37ac9507b234668b988ee597b20b3a1a78,e8c2c3714dfad8ccb787de83956aff6eadd8f5bf3b515e0083ff8aeca241ab2d,e8c2c3714dfad8ccb787de83956aff6eadd8f5bf3b515e0083ff8aeca241ab2d,500000,500000,double,FALSE,FALSE,FALSE,FALSE,0,0,0,0
baseline,1,measure,1,1000000,clustered_half,4,multiply,3,compact,2,541,0.294,0.293000000000003,541,1,72ac528b7e885a755c34618238a03ae8cbc5ab330977a6b32c5ef330e0b98c7e,1d3c0c5563242b6607a6592048dc2fa1826ff1863cf43d4f44d5fa490b045076,b58c64d8f49a32dd1252274eb6df288287216d753323b95dfecd81b377278935,dd210ce658e7870361ec32bb75f35c37ac9507b234668b988ee597b20b3a1a78,0418a77b7087897a0ead6e10b9da2953bfee2ad9da1470ca98b7664e364a3024,0418a77b7087897a0ead6e10b9da2953bfee2ad9da1470ca98b7664e364a3024,500000,500000,float,TRUE,TRUE,FALSE,FALSE,0,0,0,0
baseline,1,measure,1,1000000,clustered_half,4,divide,4,compact,1,534,0.300000000000001,0.301000000000002,534,1,72ac528b7e885a755c34618238a03ae8cbc5ab330977a6b32c5ef330e0b98c7e,1d3c0c5563242b6607a6592048dc2fa1826ff1863cf43d4f44d5fa490b045076,025bf67b4aa5cf89e617cc08318ce5582fde64d4e33795fb3801e492102fb360,dd210ce658e7870361ec32bb75f35c37ac9507b234668b988ee597b20b3a1a78,0418a77b7087897a0ead6e10b9da2953bfee2ad9da1470ca98b7664e364a3024,0418a77b7087897a0ead6e10b9da2953bfee2ad9da1470ca98b7664e364a3024,500000,500000,float,TRUE,TRUE,FALSE,FALSE,0,0,0,0
baseline,1,measure,1,1000000,clustered_half,4,divide,4,typed_double,2,1053,0.318999999999999,0.318999999999999,1053,1,72ac528b7e885a755c34618238a03ae8cbc5ab330977a6b32c5ef330e0b98c7e,1d3c0c5563242b6607a6592048dc2fa1826ff1863cf43d4f44d5fa490b045076,83160af0c1b32eeffbea7a7680fc8fa8824133bf2669b646c3c9a02500722fe9,dd210ce658e7870361ec32bb75f35c37ac9507b234668b988ee597b20b3a1a78,e8c2c3714dfad8ccb787de83956aff6eadd8f5bf3b515e0083ff8aeca241ab2d,e8c2c3714dfad8ccb787de83956aff6eadd8f5bf3b515e0083ff8aeca241ab2d,500000,500000,double,FALSE,FALSE,FALSE,FALSE,0,0,0,0
baseline,1,measure,1,1000000,prefix256,5,add,1,compact,1,549,0.299000000000003,0.299,549,1,7672490e19c58995dd8bc09ade0a2a8bcde6085cc76a95e6a2a68b700e661547,4f6a42db5f898f2e6efd550a2d023a17ce9371fa2066ce4c64161c3c65910d42,ecc47fd344083a74b5c7d619ec45d4e9d51ebcb1a601422a660eb8d9fbe7cb84,24b32a51b9e59fdea8ab6db43f52e06894c1eed7ca8d35368b7ddc611816face,0418a77b7087897a0ead6e10b9da2953bfee2ad9da1470ca98b7664e364a3024,0418a77b7087897a0ead6e10b9da2953bfee2ad9da1470ca98b7664e364a3024,256,256,float,TRUE,TRUE,FALSE,FALSE,0,0,0,0
baseline,1,measure,1,1000000,prefix256,5,add,1,typed_double,2,1147,0.324999999999999,0.324999999999999,1147,1,7672490e19c58995dd8bc09ade0a2a8bcde6085cc76a95e6a2a68b700e661547,4f6a42db5f898f2e6efd550a2d023a17ce9371fa2066ce4c64161c3c65910d42,dd1e57fa4af2e69d9b2644cdfb6c2c9aaf27a0bfc4fbc9c2d12606357ab4fca3,24b32a51b9e59fdea8ab6db43f52e06894c1eed7ca8d35368b7ddc611816face,e8c2c3714dfad8ccb787de83956aff6eadd8f5bf3b515e0083ff8aeca241ab2d,e8c2c3714dfad8ccb787de83956aff6eadd8f5bf3b515e0083ff8aeca241ab2d,256,256,double,FALSE,FALSE,FALSE,FALSE,0,0,0,0
baseline,1,measure,1,1000000,prefix256,5,subtract,2,typed_double,1,926,0.248999999999999,0.25,926,1,7672490e19c58995dd8bc09ade0a2a8bcde6085cc76a95e6a2a68b700e661547,4f6a42db5f898f2e6efd550a2d023a17ce9371fa2066ce4c64161c3c65910d42,5c74a3463be8f702af0b2a265633cae455455452c94df3d1a717263f3099cfe8,24b32a51b9e59fdea8ab6db43f52e06894c1eed7ca8d35368b7ddc611816face,e8c2c3714dfad8ccb787de83956aff6eadd8f5bf3b515e0083ff8aeca241ab2d,e8c2c3714dfad8ccb787de83956aff6eadd8f5bf3b515e0083ff8aeca241ab2d,256,256,double,FALSE,FALSE,FALSE,FALSE,0,0,0,0
baseline,1,measure,1,1000000,prefix256,5,subtract,2,compact,2,557,0.302,0.302,557,1,7672490e19c58995dd8bc09ade0a2a8bcde6085cc76a95e6a2a68b700e661547,4f6a42db5f898f2e6efd550a2d023a17ce9371fa2066ce4c64161c3c65910d42,046b4f026f941f2c24556df139ea84930d72c2ac52f2bd782ad0fa6e0cb40f5c,24b32a51b9e59fdea8ab6db43f52e06894c1eed7ca8d35368b7ddc611816face,0418a77b7087897a0ead6e10b9da2953bfee2ad9da1470ca98b7664e364a3024,0418a77b7087897a0ead6e10b9da2953bfee2ad9da1470ca98b7664e364a3024,256,256,float,TRUE,TRUE,FALSE,FALSE,0,0,0,0
baseline,1,measure,1,1000000,prefix256,5,multiply,3,compact,1,557,0.301000000000002,0.301000000000002,557,1,7672490e19c58995dd8bc09ade0a2a8bcde6085cc76a95e6a2a68b700e661547,4f6a42db5f898f2e6efd550a2d023a17ce9371fa2066ce4c64161c3c65910d42,7293d547074b8526fbff0adf5afb6e1a4f7e9f73ad4fc0a17760046fa38599c5,24b32a51b9e59fdea8ab6db43f52e06894c1eed7ca8d35368b7ddc611816face,0418a77b7087897a0ead6e10b9da2953bfee2ad9da1470ca98b7664e364a3024,0418a77b7087897a0ead6e10b9da2953bfee2ad9da1470ca98b7664e364a3024,256,256,float,TRUE,TRUE,FALSE,FALSE,0,0,0,0
baseline,1,measure,1,1000000,prefix256,5,multiply,3,typed_double,2,1147,0.324999999999998,0.323,1147,1,7672490e19c58995dd8bc09ade0a2a8bcde6085cc76a95e6a2a68b700e661547,4f6a42db5f898f2e6efd550a2d023a17ce9371fa2066ce4c64161c3c65910d42,44482e5cfdd89b569428523af3f17c87ac60e33cc59106f6590833be57efd32f,24b32a51b9e59fdea8ab6db43f52e06894c1eed7ca8d35368b7ddc611816face,e8c2c3714dfad8ccb787de83956aff6eadd8f5bf3b515e0083ff8aeca241ab2d,e8c2c3714dfad8ccb787de83956aff6eadd8f5bf3b515e0083ff8aeca241ab2d,256,256,double,FALSE,FALSE,FALSE,FALSE,0,0,0,0
baseline,1,measure,1,1000000,prefix256,5,divide,4,typed_double,1,873,0.252999999999995,0.252000000000002,873,1,7672490e19c58995dd8bc09ade0a2a8bcde6085cc76a95e6a2a68b700e661547,4f6a42db5f898f2e6efd550a2d023a17ce9371fa2066ce4c64161c3c65910d42,cc75681b846788b45e94e2a5045461a21454f1fb812a76825abfb8d5b8560046,24b32a51b9e59fdea8ab6db43f52e06894c1eed7ca8d35368b7ddc611816face,e8c2c3714dfad8ccb787de83956aff6eadd8f5bf3b515e0083ff8aeca241ab2d,e8c2c3714dfad8ccb787de83956aff6eadd8f5bf3b515e0083ff8aeca241ab2d,256,256,double,FALSE,FALSE,FALSE,FALSE,0,0,0,0
baseline,1,measure,1,1000000,prefix256,5,divide,4,compact,2,534,0.299,0.299,534,1,7672490e19c58995dd8bc09ade0a2a8bcde6085cc76a95e6a2a68b700e661547,4f6a42db5f898f2e6efd550a2d023a17ce9371fa2066ce4c64161c3c65910d42,39cde0f370deb96aa360cc51297f1425619fc62c5aab9cbf474c5077748c43e5,24b32a51b9e59fdea8ab6db43f52e06894c1eed7ca8d35368b7ddc611816face,0418a77b7087897a0ead6e10b9da2953bfee2ad9da1470ca98b7664e364a3024,0418a77b7087897a0ead6e10b9da2953bfee2ad9da1470ca98b7664e364a3024,256,256,float,TRUE,TRUE,FALSE,FALSE,0,0,0,0
baseline,1,measure,1,1000000,suffix256,6,add,1,typed_double,1,1098,0.332000000000001,0.332000000000001,1098,1,b38da76a0bf8f72e59074e4463b94231f873a1ddf7c027778214fc73daff29f4,9381174d5a5c0056365a99d2e08f017e8e0fb6180967a7e6d7598196faa41fe2,7326157ff492d94ccc459e73dd7161eb5f07a6c0e7ac687c3b8c4bdceab43d2e,7dd3c12d784e621bc75114205a7f98be85940c915e020c1372e35d98a1b271bc,e8c2c3714dfad8ccb787de83956aff6eadd8f5bf3b515e0083ff8aeca241ab2d,e8c2c3714dfad8ccb787de83956aff6eadd8f5bf3b515e0083ff8aeca241ab2d,256,256,double,FALSE,FALSE,FALSE,FALSE,0,0,0,0
baseline,1,measure,1,1000000,suffix256,6,add,1,compact,2,549,0.299,0.299,549,1,b38da76a0bf8f72e59074e4463b94231f873a1ddf7c027778214fc73daff29f4,9381174d5a5c0056365a99d2e08f017e8e0fb6180967a7e6d7598196faa41fe2,0bffebdab0ac6248f91ba88e1cb34ad47800183c79febee2181a94085774e5f8,7dd3c12d784e621bc75114205a7f98be85940c915e020c1372e35d98a1b271bc,0418a77b7087897a0ead6e10b9da2953bfee2ad9da1470ca98b7664e364a3024,0418a77b7087897a0ead6e10b9da2953bfee2ad9da1470ca98b7664e364a3024,256,256,float,TRUE,TRUE,FALSE,FALSE,0,0,0,0
baseline,1,measure,1,1000000,suffix256,6,subtract,2,compact,1,557,0.304000000000004,0.303000000000004,557,1,b38da76a0bf8f72e59074e4463b94231f873a1ddf7c027778214fc73daff29f4,9381174d5a5c0056365a99d2e08f017e8e0fb6180967a7e6d7598196faa41fe2,2e8b9a52242656d84d6c914b5187c8ff371ed496c9ac68c5265226a85c7c63ce,7dd3c12d784e621bc75114205a7f98be85940c915e020c1372e35d98a1b271bc,0418a77b7087897a0ead6e10b9da2953bfee2ad9da1470ca98b7664e364a3024,0418a77b7087897a0ead6e10b9da2953bfee2ad9da1470ca98b7664e364a3024,256,256,float,TRUE,TRUE,FALSE,FALSE,0,0,0,0
baseline,1,measure,1,1000000,suffix256,6,subtract,2,typed_double,2,915,0.267999999999996,0.268000000000001,915,1,b38da76a0bf8f72e59074e4463b94231f873a1ddf7c027778214fc73daff29f4,9381174d5a5c0056365a99d2e08f017e8e0fb6180967a7e6d7598196faa41fe2,902119eaaa7bebe54be150b29f406b8cf060a7b96185baaf79c97e14dad3f863,7dd3c12d784e621bc75114205a7f98be85940c915e020c1372e35d98a1b271bc,e8c2c3714dfad8ccb787de83956aff6eadd8f5bf3b515e0083ff8aeca241ab2d,e8c2c3714dfad8ccb787de83956aff6eadd8f5bf3b515e0083ff8aeca241ab2d,256,256,double,FALSE,FALSE,FALSE,FALSE,0,0,0,0
baseline,1,measure,1,1000000,suffix256,6,multiply,3,typed_double,1,1114,0.338000000000003,0.336999999999996,1114,1,b38da76a0bf8f72e59074e4463b94231f873a1ddf7c027778214fc73daff29f4,9381174d5a5c0056365a99d2e08f017e8e0fb6180967a7e6d7598196faa41fe2,be18b0001d95c130e93bb80d453f927c725dc11a02c22824fd092ee8adb88f8c,7dd3c12d784e621bc75114205a7f98be85940c915e020c1372e35d98a1b271bc,e8c2c3714dfad8ccb787de83956aff6eadd8f5bf3b515e0083ff8aeca241ab2d,e8c2c3714dfad8ccb787de83956aff6eadd8f5bf3b515e0083ff8aeca241ab2d,256,256,double,FALSE,FALSE,FALSE,FALSE,0,0,0,0
baseline,1,measure,1,1000000,suffix256,6,multiply,3,compact,2,549,0.299,0.299,549,1,b38da76a0bf8f72e59074e4463b94231f873a1ddf7c027778214fc73daff29f4,9381174d5a5c0056365a99d2e08f017e8e0fb6180967a7e6d7598196faa41fe2,bbb0344652a96cc23ac4f06e9785146860bfbd677c72c0edcd2f8c3580d560de,7dd3c12d784e621bc75114205a7f98be85940c915e020c1372e35d98a1b271bc,0418a77b7087897a0ead6e10b9da2953bfee2ad9da1470ca98b7664e364a3024,0418a77b7087897a0ead6e10b9da2953bfee2ad9da1470ca98b7664e364a3024,256,256,float,TRUE,TRUE,FALSE,FALSE,0,0,0,0
baseline,1,measure,1,1000000,suffix256,6,divide,4,compact,1,534,0.300000000000004,0.301000000000002,534,1,b38da76a0bf8f72e59074e4463b94231f873a1ddf7c027778214fc73daff29f4,9381174d5a5c0056365a99d2e08f017e8e0fb6180967a7e6d7598196faa41fe2,24114da746c52d603149cc8b90e4df0716cbe88e43c70d8530cbb83c03917cd5,7dd3c12d784e621bc75114205a7f98be85940c915e020c1372e35d98a1b271bc,0418a77b7087897a0ead6e10b9da2953bfee2ad9da1470ca98b7664e364a3024,0418a77b7087897a0ead6e10b9da2953bfee2ad9da1470ca98b7664e364a3024,256,256,float,TRUE,TRUE,FALSE,FALSE,0,0,0,0
baseline,1,measure,1,1000000,suffix256,6,divide,4,typed_double,2,854,0.268000000000001,0.268000000000001,854,1,b38da76a0bf8f72e59074e4463b94231f873a1ddf7c027778214fc73daff29f4,9381174d5a5c0056365a99d2e08f017e8e0fb6180967a7e6d7598196faa41fe2,7b288c3a11028a99daad5072816bc596661252acce990ed434c1bcd8450082d9,7dd3c12d784e621bc75114205a7f98be85940c915e020c1372e35d98a1b271bc,e8c2c3714dfad8ccb787de83956aff6eadd8f5bf3b515e0083ff8aeca241ab2d,e8c2c3714dfad8ccb787de83956aff6eadd8f5bf3b515e0083ff8aeca241ab2d,256,256,double,FALSE,FALSE,FALSE,FALSE,0,0,0,0
baseline,1,measure,1,1000000,all_tags,7,add,1,compact,1,549,0.299000000000007,0.299000000000007,549,1,27ad0fd15ffcc1bf50ce4e82dc19749a5d76c28e5f77c0dfb2e1a0146023823c,74f9a5d0f01860a6547249f6205a49da91245cb9db41112e4e920b025218dd95,9ffc0380039738708c4659192475d1725e834e73fa28723ceb64d722b0994aef,1574ffadfcad3245cd83f3552908b258f1a96e142112f95cc2e77c92396da835,0418a77b7087897a0ead6e10b9da2953bfee2ad9da1470ca98b7664e364a3024,0418a77b7087897a0ead6e10b9da2953bfee2ad9da1470ca98b7664e364a3024,1000000,1000000,float,TRUE,TRUE,FALSE,FALSE,0,0,0,0
baseline,1,measure,1,1000000,all_tags,7,add,1,typed_double,2,1114,0.334999999999996,0.334000000000003,1114,1,27ad0fd15ffcc1bf50ce4e82dc19749a5d76c28e5f77c0dfb2e1a0146023823c,74f9a5d0f01860a6547249f6205a49da91245cb9db41112e4e920b025218dd95,9ffc0380039738708c4659192475d1725e834e73fa28723ceb64d722b0994aef,1574ffadfcad3245cd83f3552908b258f1a96e142112f95cc2e77c92396da835,e8c2c3714dfad8ccb787de83956aff6eadd8f5bf3b515e0083ff8aeca241ab2d,e8c2c3714dfad8ccb787de83956aff6eadd8f5bf3b515e0083ff8aeca241ab2d,1000000,1000000,double,FALSE,FALSE,FALSE,FALSE,0,0,0,0
baseline,1,measure,1,1000000,all_tags,7,subtract,2,typed_double,1,1114,0.339999999999999,0.338999999999999,1114,1,27ad0fd15ffcc1bf50ce4e82dc19749a5d76c28e5f77c0dfb2e1a0146023823c,74f9a5d0f01860a6547249f6205a49da91245cb9db41112e4e920b025218dd95,9ffc0380039738708c4659192475d1725e834e73fa28723ceb64d722b0994aef,1574ffadfcad3245cd83f3552908b258f1a96e142112f95cc2e77c92396da835,e8c2c3714dfad8ccb787de83956aff6eadd8f5bf3b515e0083ff8aeca241ab2d,e8c2c3714dfad8ccb787de83956aff6eadd8f5bf3b515e0083ff8aeca241ab2d,1000000,1000000,double,FALSE,FALSE,FALSE,FALSE,0,0,0,0
baseline,1,measure,1,1000000,all_tags,7,subtract,2,compact,2,557,0.302999999999997,0.302999999999997,557,1,27ad0fd15ffcc1bf50ce4e82dc19749a5d76c28e5f77c0dfb2e1a0146023823c,74f9a5d0f01860a6547249f6205a49da91245cb9db41112e4e920b025218dd95,9ffc0380039738708c4659192475d1725e834e73fa28723ceb64d722b0994aef,1574ffadfcad3245cd83f3552908b258f1a96e142112f95cc2e77c92396da835,0418a77b7087897a0ead6e10b9da2953bfee2ad9da1470ca98b7664e364a3024,0418a77b7087897a0ead6e10b9da2953bfee2ad9da1470ca98b7664e364a3024,1000000,1000000,float,TRUE,TRUE,FALSE,FALSE,0,0,0,0
baseline,1,measure,1,1000000,all_tags,7,multiply,3,compact,1,557,0.304000000000002,0.305,557,1,27ad0fd15ffcc1bf50ce4e82dc19749a5d76c28e5f77c0dfb2e1a0146023823c,74f9a5d0f01860a6547249f6205a49da91245cb9db41112e4e920b025218dd95,9ffc0380039738708c4659192475d1725e834e73fa28723ceb64d722b0994aef,1574ffadfcad3245cd83f3552908b258f1a96e142112f95cc2e77c92396da835,0418a77b7087897a0ead6e10b9da2953bfee2ad9da1470ca98b7664e364a3024,0418a77b7087897a0ead6e10b9da2953bfee2ad9da1470ca98b7664e364a3024,1000000,1000000,float,TRUE,TRUE,FALSE,FALSE,0,0,0,0
baseline,1,measure,1,1000000,all_tags,7,multiply,3,typed_double,2,915,0.266999999999996,0.267000000000003,915,1,27ad0fd15ffcc1bf50ce4e82dc19749a5d76c28e5f77c0dfb2e1a0146023823c,74f9a5d0f01860a6547249f6205a49da91245cb9db41112e4e920b025218dd95,9ffc0380039738708c4659192475d1725e834e73fa28723ceb64d722b0994aef,1574ffadfcad3245cd83f3552908b258f1a96e142112f95cc2e77c92396da835,e8c2c3714dfad8ccb787de83956aff6eadd8f5bf3b515e0083ff8aeca241ab2d,e8c2c3714dfad8ccb787de83956aff6eadd8f5bf3b515e0083ff8aeca241ab2d,1000000,1000000,double,FALSE,FALSE,FALSE,FALSE,0,0,0,0
baseline,1,measure,1,1000000,all_tags,7,divide,4,typed_double,1,1038,0.318999999999996,0.318999999999996,1038,1,27ad0fd15ffcc1bf50ce4e82dc19749a5d76c28e5f77c0dfb2e1a0146023823c,74f9a5d0f01860a6547249f6205a49da91245cb9db41112e4e920b025218dd95,9ffc0380039738708c4659192475d1725e834e73fa28723ceb64d722b0994aef,1574ffadfcad3245cd83f3552908b258f1a96e142112f95cc2e77c92396da835,e8c2c3714dfad8ccb787de83956aff6eadd8f5bf3b515e0083ff8aeca241ab2d,e8c2c3714dfad8ccb787de83956aff6eadd8f5bf3b515e0083ff8aeca241ab2d,1000000,1000000,double,FALSE,FALSE,FALSE,FALSE,0,0,0,0
baseline,1,measure,1,1000000,all_tags,7,divide,4,compact,2,534,0.301999999999997,0.300000000000004,534,1,27ad0fd15ffcc1bf50ce4e82dc19749a5d76c28e5f77c0dfb2e1a0146023823c,74f9a5d0f01860a6547249f6205a49da91245cb9db41112e4e920b025218dd95,9ffc0380039738708c4659192475d1725e834e73fa28723ceb64d722b0994aef,1574ffadfcad3245cd83f3552908b258f1a96e142112f95cc2e77c92396da835,0418a77b7087897a0ead6e10b9da2953bfee2ad9da1470ca98b7664e364a3024,0418a77b7087897a0ead6e10b9da2953bfee2ad9da1470ca98b7664e364a3024,1000000,1000000,float,TRUE,TRUE,FALSE,FALSE,0,0,0,0
candidate,1,measure,1,1000000,none,1,add,1,compact,1,1239,0.315,0.315,1239,1,7f1c1a27229f7a699fa85ff90b5be1266497c462407b39b11f6d94015af8e8ad,8dbe5f139fd946d4cd84e8cc612cd9f68cbc87e394457884acc0c5dad56dd8dd,6f4e6deefcbd4cb8847d97ac43d7047c827b45b8a7d41e59355544434442b07b,8dbe5f139fd946d4cd84e8cc612cd9f68cbc87e394457884acc0c5dad56dd8dd,0418a77b7087897a0ead6e10b9da2953bfee2ad9da1470ca98b7664e364a3024,0418a77b7087897a0ead6e10b9da2953bfee2ad9da1470ca98b7664e364a3024,0,0,float,TRUE,TRUE,FALSE,FALSE,0,0,0,0
candidate,1,measure,1,1000000,none,1,add,1,typed_double,2,894,0.28,0.281,894,1,7f1c1a27229f7a699fa85ff90b5be1266497c462407b39b11f6d94015af8e8ad,8dbe5f139fd946d4cd84e8cc612cd9f68cbc87e394457884acc0c5dad56dd8dd,292e89d47e6240bb2914ef7ad37d7e757276712199771e9df56100a008a8cb8c,8dbe5f139fd946d4cd84e8cc612cd9f68cbc87e394457884acc0c5dad56dd8dd,e8c2c3714dfad8ccb787de83956aff6eadd8f5bf3b515e0083ff8aeca241ab2d,e8c2c3714dfad8ccb787de83956aff6eadd8f5bf3b515e0083ff8aeca241ab2d,0,0,double,FALSE,FALSE,FALSE,FALSE,0,0,0,0
candidate,1,measure,1,1000000,none,1,add,1,ordinary,3,1220,0.349,0.35,0,0,7f1c1a27229f7a699fa85ff90b5be1266497c462407b39b11f6d94015af8e8ad,8dbe5f139fd946d4cd84e8cc612cd9f68cbc87e394457884acc0c5dad56dd8dd,292e89d47e6240bb2914ef7ad37d7e757276712199771e9df56100a008a8cb8c,8dbe5f139fd946d4cd84e8cc612cd9f68cbc87e394457884acc0c5dad56dd8dd,71557d1c8bac9bbe3cbec8d00bb223a2f372279827064095447e569fbf5a760a,71557d1c8bac9bbe3cbec8d00bb223a2f372279827064095447e569fbf5a760a,0,0,,FALSE,FALSE,FALSE,FALSE,0,0,0,0
candidate,1,measure,1,1000000,none,1,subtract,2,compact,1,1260,0.318,0.319,1260,1,7f1c1a27229f7a699fa85ff90b5be1266497c462407b39b11f6d94015af8e8ad,8dbe5f139fd946d4cd84e8cc612cd9f68cbc87e394457884acc0c5dad56dd8dd,73750801b993e37ef9c262c8c6c20433be5d4f8f21bfd0757cae3f70c74eda3f,8dbe5f139fd946d4cd84e8cc612cd9f68cbc87e394457884acc0c5dad56dd8dd,0418a77b7087897a0ead6e10b9da2953bfee2ad9da1470ca98b7664e364a3024,0418a77b7087897a0ead6e10b9da2953bfee2ad9da1470ca98b7664e364a3024,0,0,float,TRUE,TRUE,FALSE,FALSE,0,0,0,0
candidate,1,measure,1,1000000,none,1,subtract,2,ordinary,2,1220,0.348,0.35,0,0,7f1c1a27229f7a699fa85ff90b5be1266497c462407b39b11f6d94015af8e8ad,8dbe5f139fd946d4cd84e8cc612cd9f68cbc87e394457884acc0c5dad56dd8dd,13a3239df0a7d9c4766e9cb1022fe126007afc38c9539ef233ed4bf785d961fa,8dbe5f139fd946d4cd84e8cc612cd9f68cbc87e394457884acc0c5dad56dd8dd,71557d1c8bac9bbe3cbec8d00bb223a2f372279827064095447e569fbf5a760a,71557d1c8bac9bbe3cbec8d00bb223a2f372279827064095447e569fbf5a760a,0,0,,FALSE,FALSE,FALSE,FALSE,0,0,0,0
candidate,1,measure,1,1000000,none,1,subtract,2,typed_double,3,1038,0.333,0.334,1038,1,7f1c1a27229f7a699fa85ff90b5be1266497c462407b39b11f6d94015af8e8ad,8dbe5f139fd946d4cd84e8cc612cd9f68cbc87e394457884acc0c5dad56dd8dd,13a3239df0a7d9c4766e9cb1022fe126007afc38c9539ef233ed4bf785d961fa,8dbe5f139fd946d4cd84e8cc612cd9f68cbc87e394457884acc0c5dad56dd8dd,e8c2c3714dfad8ccb787de83956aff6eadd8f5bf3b515e0083ff8aeca241ab2d,e8c2c3714dfad8ccb787de83956aff6eadd8f5bf3b515e0083ff8aeca241ab2d,0,0,double,FALSE,FALSE,FALSE,FALSE,0,0,0,0
candidate,1,measure,1,1000000,none,1,multiply,3,typed_double,1,1114,0.352,0.352,1114,1,7f1c1a27229f7a699fa85ff90b5be1266497c462407b39b11f6d94015af8e8ad,8dbe5f139fd946d4cd84e8cc612cd9f68cbc87e394457884acc0c5dad56dd8dd,f26b519d09797e4f4941392e4b52f307c71832f0aaad54da617e9078fe055e1c,8dbe5f139fd946d4cd84e8cc612cd9f68cbc87e394457884acc0c5dad56dd8dd,e8c2c3714dfad8ccb787de83956aff6eadd8f5bf3b515e0083ff8aeca241ab2d,e8c2c3714dfad8ccb787de83956aff6eadd8f5bf3b515e0083ff8aeca241ab2d,0,0,double,FALSE,FALSE,FALSE,FALSE,0,0,0,0
candidate,1,measure,1,1000000,none,1,multiply,3,compact,2,1260,0.318,0.318,1260,1,7f1c1a27229f7a699fa85ff90b5be1266497c462407b39b11f6d94015af8e8ad,8dbe5f139fd946d4cd84e8cc612cd9f68cbc87e394457884acc0c5dad56dd8dd,72cc5cf98cf5a5166668db2e8420adb3bc862ec1b003fbdd7aeb0a9746f22870,8dbe5f139fd946d4cd84e8cc612cd9f68cbc87e394457884acc0c5dad56dd8dd,0418a77b7087897a0ead6e10b9da2953bfee2ad9da1470ca98b7664e364a3024,0418a77b7087897a0ead6e10b9da2953bfee2ad9da1470ca98b7664e364a3024,0,0,float,TRUE,TRUE,FALSE,FALSE,0,0,0,0
candidate,1,measure,1,1000000,none,1,multiply,3,ordinary,3,1200,0.327,0.327999999999999,0,0,7f1c1a27229f7a699fa85ff90b5be1266497c462407b39b11f6d94015af8e8ad,8dbe5f139fd946d4cd84e8cc612cd9f68cbc87e394457884acc0c5dad56dd8dd,f26b519d09797e4f4941392e4b52f307c71832f0aaad54da617e9078fe055e1c,8dbe5f139fd946d4cd84e8cc612cd9f68cbc87e394457884acc0c5dad56dd8dd,71557d1c8bac9bbe3cbec8d00bb223a2f372279827064095447e569fbf5a760a,71557d1c8bac9bbe3cbec8d00bb223a2f372279827064095447e569fbf5a760a,0,0,,FALSE,FALSE,FALSE,FALSE,0,0,0,0
candidate,1,measure,1,1000000,none,1,divide,4,typed_double,1,854,0.267999999999999,0.267999999999999,854,1,7f1c1a27229f7a699fa85ff90b5be1266497c462407b39b11f6d94015af8e8ad,8dbe5f139fd946d4cd84e8cc612cd9f68cbc87e394457884acc0c5dad56dd8dd,94a902460bdb0445cf55fb22367b59bd4ca3f1ff73823aa1758bd6c7f1b6b58d,8dbe5f139fd946d4cd84e8cc612cd9f68cbc87e394457884acc0c5dad56dd8dd,e8c2c3714dfad8ccb787de83956aff6eadd8f5bf3b515e0083ff8aeca241ab2d,e8c2c3714dfad8ccb787de83956aff6eadd8f5bf3b515e0083ff8aeca241ab2d,0,0,double,FALSE,FALSE,FALSE,FALSE,0,0,0,0
candidate,1,measure,1,1000000,none,1,divide,4,ordinary,2,973,0.258,0.258000000000001,0,0,7f1c1a27229f7a699fa85ff90b5be1266497c462407b39b11f6d94015af8e8ad,8dbe5f139fd946d4cd84e8cc612cd9f68cbc87e394457884acc0c5dad56dd8dd,94a902460bdb0445cf55fb22367b59bd4ca3f1ff73823aa1758bd6c7f1b6b58d,8dbe5f139fd946d4cd84e8cc612cd9f68cbc87e394457884acc0c5dad56dd8dd,71557d1c8bac9bbe3cbec8d00bb223a2f372279827064095447e569fbf5a760a,71557d1c8bac9bbe3cbec8d00bb223a2f372279827064095447e569fbf5a760a,0,0,,FALSE,FALSE,FALSE,FALSE,0,0,0,0
candidate,1,measure,1,1000000,none,1,divide,4,compact,3,1130,0.300999999999999,0.301,1130,1,7f1c1a27229f7a699fa85ff90b5be1266497c462407b39b11f6d94015af8e8ad,8dbe5f139fd946d4cd84e8cc612cd9f68cbc87e394457884acc0c5dad56dd8dd,1591013955a37eeca2ef03255d8659f041a956e2e6d6666478490b7f17a3ed59,8dbe5f139fd946d4cd84e8cc612cd9f68cbc87e394457884acc0c5dad56dd8dd,0418a77b7087897a0ead6e10b9da2953bfee2ad9da1470ca98b7664e364a3024,0418a77b7087897a0ead6e10b9da2953bfee2ad9da1470ca98b7664e364a3024,0,0,float,TRUE,TRUE,FALSE,FALSE,0,0,0,0
candidate,1,measure,1,1000000,sparse,2,add,1,typed_double,1,915,0.266000000000001,0.264999999999999,915,1,8cb390f4310bb5332e9085281aa52e5236aecd65b982d0e3a7e9174fe845527e,4ff8e31f35ef7231c619440044b989f14d0c2459692ffaf4249d0c6f088eb1cd,c79c2ec291260c6f8d03c327d90d493416937a3f3bc9b85742b51e17a8fb7647,2c3d712c4b869db707211a9641b70f4fcf04eb0bc5000f397325e704b05a2a63,e8c2c3714dfad8ccb787de83956aff6eadd8f5bf3b515e0083ff8aeca241ab2d,e8c2c3714dfad8ccb787de83956aff6eadd8f5bf3b515e0083ff8aeca241ab2d,1003,1003,double,FALSE,FALSE,FALSE,FALSE,0,0,0,0
candidate,1,measure,1,1000000,sparse,2,add,1,compact,2,1025,0.302000000000001,0.300999999999998,1025,1,8cb390f4310bb5332e9085281aa52e5236aecd65b982d0e3a7e9174fe845527e,4ff8e31f35ef7231c619440044b989f14d0c2459692ffaf4249d0c6f088eb1cd,9c2be51cd37c2d7977f794fada049c7c9ccc4011c9f81b26e042008f01cdd93e,2c3d712c4b869db707211a9641b70f4fcf04eb0bc5000f397325e704b05a2a63,0418a77b7087897a0ead6e10b9da2953bfee2ad9da1470ca98b7664e364a3024,0418a77b7087897a0ead6e10b9da2953bfee2ad9da1470ca98b7664e364a3024,1003,1003,float,TRUE,TRUE,FALSE,FALSE,0,0,0,0
candidate,1,measure,1,1000000,sparse,2,subtract,2,compact,1,753,0.223999999999998,0.224,753,1,8cb390f4310bb5332e9085281aa52e5236aecd65b982d0e3a7e9174fe845527e,4ff8e31f35ef7231c619440044b989f14d0c2459692ffaf4249d0c6f088eb1cd,7125e60e6e7d4c92d9ed561efe37cfccac1593072e770a4f8d2a58f04113d3ae,2c3d712c4b869db707211a9641b70f4fcf04eb0bc5000f397325e704b05a2a63,0418a77b7087897a0ead6e10b9da2953bfee2ad9da1470ca98b7664e364a3024,0418a77b7087897a0ead6e10b9da2953bfee2ad9da1470ca98b7664e364a3024,1003,1003,float,TRUE,TRUE,FALSE,FALSE,0,0,0,0
candidate,1,measure,1,1000000,sparse,2,subtract,2,typed_double,2,1130,0.321,0.318999999999999,1130,1,8cb390f4310bb5332e9085281aa52e5236aecd65b982d0e3a7e9174fe845527e,4ff8e31f35ef7231c619440044b989f14d0c2459692ffaf4249d0c6f088eb1cd,5dbef6a14bd33ea02b60ee3c940050585fc891f61a49d29253c64524c4390951,2c3d712c4b869db707211a9641b70f4fcf04eb0bc5000f397325e704b05a2a63,e8c2c3714dfad8ccb787de83956aff6eadd8f5bf3b515e0083ff8aeca241ab2d,e8c2c3714dfad8ccb787de83956aff6eadd8f5bf3b515e0083ff8aeca241ab2d,1003,1003,double,FALSE,FALSE,FALSE,FALSE,0,0,0,0
candidate,1,measure,1,1000000,sparse,2,multiply,3,typed_double,1,1130,0.320000000000001,0.32,1130,1,8cb390f4310bb5332e9085281aa52e5236aecd65b982d0e3a7e9174fe845527e,4ff8e31f35ef7231c619440044b989f14d0c2459692ffaf4249d0c6f088eb1cd,ea87b3dd63bfda18195aef508608398181a11f876a570f6017c0c100c3497f49,2c3d712c4b869db707211a9641b70f4fcf04eb0bc5000f397325e704b05a2a63,e8c2c3714dfad8ccb787de83956aff6eadd8f5bf3b515e0083ff8aeca241ab2d,e8c2c3714dfad8ccb787de83956aff6eadd8f5bf3b515e0083ff8aeca241ab2d,1003,1003,double,FALSE,FALSE,FALSE,FALSE,0,0,0,0
candidate,1,measure,1,1000000,sparse,2,multiply,3,compact,2,1011,0.319000000000001,0.32,1011,1,8cb390f4310bb5332e9085281aa52e5236aecd65b982d0e3a7e9174fe845527e,4ff8e31f35ef7231c619440044b989f14d0c2459692ffaf4249d0c6f088eb1cd,c58bc992720c328eca610e60f8c3f93d7d61df77946cf51b8626b0d8b78368ef,2c3d712c4b869db707211a9641b70f4fcf04eb0bc5000f397325e704b05a2a63,0418a77b7087897a0ead6e10b9da2953bfee2ad9da1470ca98b7664e364a3024,0418a77b7087897a0ead6e10b9da2953bfee2ad9da1470ca98b7664e364a3024,1003,1003,float,TRUE,TRUE,FALSE,FALSE,0,0,0,0
candidate,1,measure,1,1000000,sparse,2,divide,4,compact,1,949,0.303000000000001,0.302999999999999,949,1,8cb390f4310bb5332e9085281aa52e5236aecd65b982d0e3a7e9174fe845527e,4ff8e31f35ef7231c619440044b989f14d0c2459692ffaf4249d0c6f088eb1cd,7cd5af9e05a188d4704876cfdb85ac5034d3d5a1e396bdb3dfc44f37237baea7,2c3d712c4b869db707211a9641b70f4fcf04eb0bc5000f397325e704b05a2a63,0418a77b7087897a0ead6e10b9da2953bfee2ad9da1470ca98b7664e364a3024,0418a77b7087897a0ead6e10b9da2953bfee2ad9da1470ca98b7664e364a3024,1003,1003,float,TRUE,TRUE,FALSE,FALSE,0,0,0,0
candidate,1,measure,1,1000000,sparse,2,divide,4,typed_double,2,1038,0.333,0.333,1038,1,8cb390f4310bb5332e9085281aa52e5236aecd65b982d0e3a7e9174fe845527e,4ff8e31f35ef7231c619440044b989f14d0c2459692ffaf4249d0c6f088eb1cd,b5e497d0bf0ffe91ebc90f020c1418218eae5cef8ab084b16638c31e0a7fd996,2c3d712c4b869db707211a9641b70f4fcf04eb0bc5000f397325e704b05a2a63,e8c2c3714dfad8ccb787de83956aff6eadd8f5bf3b515e0083ff8aeca241ab2d,e8c2c3714dfad8ccb787de83956aff6eadd8f5bf3b515e0083ff8aeca241ab2d,1003,1003,double,FALSE,FALSE,FALSE,FALSE,0,0,0,0
candidate,1,measure,1,1000000,random_half,3,add,1,compact,1,356,0.309000000000001,0.31,356,1,b6b60ef8bb430be90e7239dd64b807cda383733b1048ca6748094e19e1003f06,6d001f63d9ce5612a17ed6ff62e0d269d6d862dde318265b90a63af3b92b0706,6b76f3bb98139bd84054294cebf89160afe822765e6b53998b6e5f12429a1357,30718b1b486380effd7b1cfea2860d277477b8909dc49eb8522afffbc6bc2b89,0418a77b7087897a0ead6e10b9da2953bfee2ad9da1470ca98b7664e364a3024,0418a77b7087897a0ead6e10b9da2953bfee2ad9da1470ca98b7664e364a3024,500000,500000,float,TRUE,TRUE,FALSE,FALSE,0,0,0,0
candidate,1,measure,1,1000000,random_half,3,add,1,typed_double,2,1114,0.331999999999997,0.332000000000001,1114,1,b6b60ef8bb430be90e7239dd64b807cda383733b1048ca6748094e19e1003f06,6d001f63d9ce5612a17ed6ff62e0d269d6d862dde318265b90a63af3b92b0706,355e852b13c998c602bf0f39fe137d5f8562900a8d72e8fba5a01d4d0efef67e,30718b1b486380effd7b1cfea2860d277477b8909dc49eb8522afffbc6bc2b89,e8c2c3714dfad8ccb787de83956aff6eadd8f5bf3b515e0083ff8aeca241ab2d,e8c2c3714dfad8ccb787de83956aff6eadd8f5bf3b515e0083ff8aeca241ab2d,500000,500000,double,FALSE,FALSE,FALSE,FALSE,0,0,0,0
candidate,1,measure,1,1000000,random_half,3,subtract,2,typed_double,1,1114,0.322000000000002,0.321000000000002,1114,1,b6b60ef8bb430be90e7239dd64b807cda383733b1048ca6748094e19e1003f06,6d001f63d9ce5612a17ed6ff62e0d269d6d862dde318265b90a63af3b92b0706,98bc8ff9af692ead61bb42ce3d313da378f7ebf5bea0cce023d0267baccfff00,30718b1b486380effd7b1cfea2860d277477b8909dc49eb8522afffbc6bc2b89,e8c2c3714dfad8ccb787de83956aff6eadd8f5bf3b515e0083ff8aeca241ab2d,e8c2c3714dfad8ccb787de83956aff6eadd8f5bf3b515e0083ff8aeca241ab2d,500000,500000,double,FALSE,FALSE,FALSE,FALSE,0,0,0,0
candidate,1,measure,1,1000000,random_half,3,subtract,2,compact,2,350,0.302,0.303000000000001,350,1,b6b60ef8bb430be90e7239dd64b807cda383733b1048ca6748094e19e1003f06,6d001f63d9ce5612a17ed6ff62e0d269d6d862dde318265b90a63af3b92b0706,0977e4c376f876f729091ad143045977b47f25c3e39f44906e53226792c66d09,30718b1b486380effd7b1cfea2860d277477b8909dc49eb8522afffbc6bc2b89,0418a77b7087897a0ead6e10b9da2953bfee2ad9da1470ca98b7664e364a3024,0418a77b7087897a0ead6e10b9da2953bfee2ad9da1470ca98b7664e364a3024,500000,500000,float,TRUE,TRUE,FALSE,FALSE,0,0,0,0
candidate,1,measure,1,1000000,random_half,3,multiply,3,compact,1,350,0.303,0.302,350,1,b6b60ef8bb430be90e7239dd64b807cda383733b1048ca6748094e19e1003f06,6d001f63d9ce5612a17ed6ff62e0d269d6d862dde318265b90a63af3b92b0706,52858cc82fe2d48b402afcf73363ef8dcad17f91b5684ffba771be6f6a6f4884,30718b1b486380effd7b1cfea2860d277477b8909dc49eb8522afffbc6bc2b89,0418a77b7087897a0ead6e10b9da2953bfee2ad9da1470ca98b7664e364a3024,0418a77b7087897a0ead6e10b9da2953bfee2ad9da1470ca98b7664e364a3024,500000,500000,float,TRUE,TRUE,FALSE,FALSE,0,0,0,0
candidate,1,measure,1,1000000,random_half,3,multiply,3,typed_double,2,1130,0.321999999999998,0.321999999999999,1130,1,b6b60ef8bb430be90e7239dd64b807cda383733b1048ca6748094e19e1003f06,6d001f63d9ce5612a17ed6ff62e0d269d6d862dde318265b90a63af3b92b0706,a884a5b937ac6944f0815b6c0e57bcd8e8abdfb5ca14ceb4c064ef23744bd71a,30718b1b486380effd7b1cfea2860d277477b8909dc49eb8522afffbc6bc2b89,e8c2c3714dfad8ccb787de83956aff6eadd8f5bf3b515e0083ff8aeca241ab2d,e8c2c3714dfad8ccb787de83956aff6eadd8f5bf3b515e0083ff8aeca241ab2d,500000,500000,double,FALSE,FALSE,FALSE,FALSE,0,0,0,0
candidate,1,measure,1,1000000,random_half,3,divide,4,typed_double,1,739,0.216000000000001,0.216999999999999,739,1,b6b60ef8bb430be90e7239dd64b807cda383733b1048ca6748094e19e1003f06,6d001f63d9ce5612a17ed6ff62e0d269d6d862dde318265b90a63af3b92b0706,86070650af7b970f08a28b072998cc372186bdf3df0092e4e49e8c1dc1d19b28,30718b1b486380effd7b1cfea2860d277477b8909dc49eb8522afffbc6bc2b89,e8c2c3714dfad8ccb787de83956aff6eadd8f5bf3b515e0083ff8aeca241ab2d,e8c2c3714dfad8ccb787de83956aff6eadd8f5bf3b515e0083ff8aeca241ab2d,500000,500000,double,FALSE,FALSE,FALSE,FALSE,0,0,0,0
candidate,1,measure,1,1000000,random_half,3,divide,4,compact,2,350,0.307000000000001,0.306000000000001,350,1,b6b60ef8bb430be90e7239dd64b807cda383733b1048ca6748094e19e1003f06,6d001f63d9ce5612a17ed6ff62e0d269d6d862dde318265b90a63af3b92b0706,bb079602e37003a78aadfca99fa018913b2b3fb8ec696feb7099fb65c1c7dba7,30718b1b486380effd7b1cfea2860d277477b8909dc49eb8522afffbc6bc2b89,0418a77b7087897a0ead6e10b9da2953bfee2ad9da1470ca98b7664e364a3024,0418a77b7087897a0ead6e10b9da2953bfee2ad9da1470ca98b7664e364a3024,500000,500000,float,TRUE,TRUE,FALSE,FALSE,0,0,0,0
candidate,1,measure,1,1000000,clustered_half,4,add,1,typed_double,1,1114,0.317000000000003,0.315999999999999,1114,1,72ac528b7e885a755c34618238a03ae8cbc5ab330977a6b32c5ef330e0b98c7e,1d3c0c5563242b6607a6592048dc2fa1826ff1863cf43d4f44d5fa490b045076,10a7942aa651223fed3ba69c8d2aa3fdfbdf7619c0d0a04415495c2c1363cfb8,dd210ce658e7870361ec32bb75f35c37ac9507b234668b988ee597b20b3a1a78,e8c2c3714dfad8ccb787de83956aff6eadd8f5bf3b515e0083ff8aeca241ab2d,e8c2c3714dfad8ccb787de83956aff6eadd8f5bf3b515e0083ff8aeca241ab2d,500000,500000,double,FALSE,FALSE,FALSE,FALSE,0,0,0,0
candidate,1,measure,1,1000000,clustered_half,4,add,1,compact,2,541,0.297999999999998,0.298000000000002,541,1,72ac528b7e885a755c34618238a03ae8cbc5ab330977a6b32c5ef330e0b98c7e,1d3c0c5563242b6607a6592048dc2fa1826ff1863cf43d4f44d5fa490b045076,07fcca5b3425dcf6e55ea639c22733cb77ff907a47716df8c52124e35bb9fbfe,dd210ce658e7870361ec32bb75f35c37ac9507b234668b988ee597b20b3a1a78,0418a77b7087897a0ead6e10b9da2953bfee2ad9da1470ca98b7664e364a3024,0418a77b7087897a0ead6e10b9da2953bfee2ad9da1470ca98b7664e364a3024,500000,500000,float,TRUE,TRUE,FALSE,FALSE,0,0,0,0
candidate,1,measure,1,1000000,clustered_half,4,subtract,2,compact,1,549,0.304000000000002,0.304000000000002,549,1,72ac528b7e885a755c34618238a03ae8cbc5ab330977a6b32c5ef330e0b98c7e,1d3c0c5563242b6607a6592048dc2fa1826ff1863cf43d4f44d5fa490b045076,c5697f922b38f8be8ef42932d64beda9530d73a109eb4f48cac5eafdeffa9db0,dd210ce658e7870361ec32bb75f35c37ac9507b234668b988ee597b20b3a1a78,0418a77b7087897a0ead6e10b9da2953bfee2ad9da1470ca98b7664e364a3024,0418a77b7087897a0ead6e10b9da2953bfee2ad9da1470ca98b7664e364a3024,500000,500000,float,TRUE,TRUE,FALSE,FALSE,0,0,0,0
candidate,1,measure,1,1000000,clustered_half,4,subtract,2,typed_double,2,1114,0.315000000000001,0.315000000000001,1114,1,72ac528b7e885a755c34618238a03ae8cbc5ab330977a6b32c5ef330e0b98c7e,1d3c0c5563242b6607a6592048dc2fa1826ff1863cf43d4f44d5fa490b045076,efc88c2b9e2fc69297972b13305d545bc9b98235585b8a7c69c650c492a2e23e,dd210ce658e7870361ec32bb75f35c37ac9507b234668b988ee597b20b3a1a78,e8c2c3714dfad8ccb787de83956aff6eadd8f5bf3b515e0083ff8aeca241ab2d,e8c2c3714dfad8ccb787de83956aff6eadd8f5bf3b515e0083ff8aeca241ab2d,500000,500000,double,FALSE,FALSE,FALSE,FALSE,0,0,0,0
candidate,1,measure,1,1000000,clustered_half,4,multiply,3,typed_double,1,926,0.266000000000001,0.265999999999998,926,1,72ac528b7e885a755c34618238a03ae8cbc5ab330977a6b32c5ef330e0b98c7e,1d3c0c5563242b6607a6592048dc2fa1826ff1863cf43d4f44d5fa490b045076,b02448e7f84965a509b54be4b2c0272a60a165169fe5758145eec27b2a1b2ea9,dd210ce658e7870361ec32bb75f35c37ac9507b234668b988ee597b20b3a1a78,e8c2c3714dfad8ccb787de83956aff6eadd8f5bf3b515e0083ff8aeca241ab2d,e8c2c3714dfad8ccb787de83956aff6eadd8f5bf3b515e0083ff8aeca241ab2d,500000,500000,double,FALSE,FALSE,FALSE,FALSE,0,0,0,0
candidate,1,measure,1,1000000,clustered_half,4,multiply,3,compact,2,541,0.299,0.299,541,1,72ac528b7e885a755c34618238a03ae8cbc5ab330977a6b32c5ef330e0b98c7e,1d3c0c5563242b6607a6592048dc2fa1826ff1863cf43d4f44d5fa490b045076,b58c64d8f49a32dd1252274eb6df288287216d753323b95dfecd81b377278935,dd210ce658e7870361ec32bb75f35c37ac9507b234668b988ee597b20b3a1a78,0418a77b7087897a0ead6e10b9da2953bfee2ad9da1470ca98b7664e364a3024,0418a77b7087897a0ead6e10b9da2953bfee2ad9da1470ca98b7664e364a3024,500000,500000,float,TRUE,TRUE,FALSE,FALSE,0,0,0,0
candidate,1,measure,1,1000000,clustered_half,4,divide,4,compact,1,527,0.299000000000002,0.298000000000002,527,1,72ac528b7e885a755c34618238a03ae8cbc5ab330977a6b32c5ef330e0b98c7e,1d3c0c5563242b6607a6592048dc2fa1826ff1863cf43d4f44d5fa490b045076,025bf67b4aa5cf89e617cc08318ce5582fde64d4e33795fb3801e492102fb360,dd210ce658e7870361ec32bb75f35c37ac9507b234668b988ee597b20b3a1a78,0418a77b7087897a0ead6e10b9da2953bfee2ad9da1470ca98b7664e364a3024,0418a77b7087897a0ead6e10b9da2953bfee2ad9da1470ca98b7664e364a3024,500000,500000,float,TRUE,TRUE,FALSE,FALSE,0,0,0,0
candidate,1,measure,1,1000000,clustered_half,4,divide,4,typed_double,2,1038,0.332000000000001,0.332000000000001,1038,1,72ac528b7e885a755c34618238a03ae8cbc5ab330977a6b32c5ef330e0b98c7e,1d3c0c5563242b6607a6592048dc2fa1826ff1863cf43d4f44d5fa490b045076,83160af0c1b32eeffbea7a7680fc8fa8824133bf2669b646c3c9a02500722fe9,dd210ce658e7870361ec32bb75f35c37ac9507b234668b988ee597b20b3a1a78,e8c2c3714dfad8ccb787de83956aff6eadd8f5bf3b515e0083ff8aeca241ab2d,e8c2c3714dfad8ccb787de83956aff6eadd8f5bf3b515e0083ff8aeca241ab2d,500000,500000,double,FALSE,FALSE,FALSE,FALSE,0,0,0,0
candidate,1,measure,1,1000000,prefix256,5,add,1,compact,1,1220,0.302,0.302000000000003,1220,1,7672490e19c58995dd8bc09ade0a2a8bcde6085cc76a95e6a2a68b700e661547,4f6a42db5f898f2e6efd550a2d023a17ce9371fa2066ce4c64161c3c65910d42,ecc47fd344083a74b5c7d619ec45d4e9d51ebcb1a601422a660eb8d9fbe7cb84,24b32a51b9e59fdea8ab6db43f52e06894c1eed7ca8d35368b7ddc611816face,0418a77b7087897a0ead6e10b9da2953bfee2ad9da1470ca98b7664e364a3024,0418a77b7087897a0ead6e10b9da2953bfee2ad9da1470ca98b7664e364a3024,256,256,float,TRUE,TRUE,FALSE,FALSE,0,0,0,0
candidate,1,measure,1,1000000,prefix256,5,add,1,typed_double,2,1114,0.329000000000001,0.328999999999997,1114,1,7672490e19c58995dd8bc09ade0a2a8bcde6085cc76a95e6a2a68b700e661547,4f6a42db5f898f2e6efd550a2d023a17ce9371fa2066ce4c64161c3c65910d42,dd1e57fa4af2e69d9b2644cdfb6c2c9aaf27a0bfc4fbc9c2d12606357ab4fca3,24b32a51b9e59fdea8ab6db43f52e06894c1eed7ca8d35368b7ddc611816face,e8c2c3714dfad8ccb787de83956aff6eadd8f5bf3b515e0083ff8aeca241ab2d,e8c2c3714dfad8ccb787de83956aff6eadd8f5bf3b515e0083ff8aeca241ab2d,256,256,double,FALSE,FALSE,FALSE,FALSE,0,0,0,0
candidate,1,measure,1,1000000,prefix256,5,subtract,2,typed_double,1,1130,0.32,0.321999999999999,1130,1,7672490e19c58995dd8bc09ade0a2a8bcde6085cc76a95e6a2a68b700e661547,4f6a42db5f898f2e6efd550a2d023a17ce9371fa2066ce4c64161c3c65910d42,5c74a3463be8f702af0b2a265633cae455455452c94df3d1a717263f3099cfe8,24b32a51b9e59fdea8ab6db43f52e06894c1eed7ca8d35368b7ddc611816face,e8c2c3714dfad8ccb787de83956aff6eadd8f5bf3b515e0083ff8aeca241ab2d,e8c2c3714dfad8ccb787de83956aff6eadd8f5bf3b515e0083ff8aeca241ab2d,256,256,double,FALSE,FALSE,FALSE,FALSE,0,0,0,0
candidate,1,measure,1,1000000,prefix256,5,subtract,2,compact,2,1220,0.305,0.306000000000001,1220,1,7672490e19c58995dd8bc09ade0a2a8bcde6085cc76a95e6a2a68b700e661547,4f6a42db5f898f2e6efd550a2d023a17ce9371fa2066ce4c64161c3c65910d42,046b4f026f941f2c24556df139ea84930d72c2ac52f2bd782ad0fa6e0cb40f5c,24b32a51b9e59fdea8ab6db43f52e06894c1eed7ca8d35368b7ddc611816face,0418a77b7087897a0ead6e10b9da2953bfee2ad9da1470ca98b7664e364a3024,0418a77b7087897a0ead6e10b9da2953bfee2ad9da1470ca98b7664e364a3024,256,256,float,TRUE,TRUE,FALSE,FALSE,0,0,0,0
candidate,1,measure,1,1000000,prefix256,5,multiply,3,compact,1,1220,0.321,0.320999999999998,1220,1,7672490e19c58995dd8bc09ade0a2a8bcde6085cc76a95e6a2a68b700e661547,4f6a42db5f898f2e6efd550a2d023a17ce9371fa2066ce4c64161c3c65910d42,7293d547074b8526fbff0adf5afb6e1a4f7e9f73ad4fc0a17760046fa38599c5,24b32a51b9e59fdea8ab6db43f52e06894c1eed7ca8d35368b7ddc611816face,0418a77b7087897a0ead6e10b9da2953bfee2ad9da1470ca98b7664e364a3024,0418a77b7087897a0ead6e10b9da2953bfee2ad9da1470ca98b7664e364a3024,256,256,float,TRUE,TRUE,FALSE,FALSE,0,0,0,0
candidate,1,measure,1,1000000,prefix256,5,multiply,3,typed_double,2,1130,0.318000000000001,0.318999999999999,1130,1,7672490e19c58995dd8bc09ade0a2a8bcde6085cc76a95e6a2a68b700e661547,4f6a42db5f898f2e6efd550a2d023a17ce9371fa2066ce4c64161c3c65910d42,44482e5cfdd89b569428523af3f17c87ac60e33cc59106f6590833be57efd32f,24b32a51b9e59fdea8ab6db43f52e06894c1eed7ca8d35368b7ddc611816face,e8c2c3714dfad8ccb787de83956aff6eadd8f5bf3b515e0083ff8aeca241ab2d,e8c2c3714dfad8ccb787de83956aff6eadd8f5bf3b515e0083ff8aeca241ab2d,256,256,double,FALSE,FALSE,FALSE,FALSE,0,0,0,0
candidate,1,measure,1,1000000,prefix256,5,divide,4,typed_double,1,1067,0.321999999999996,0.323,1067,1,7672490e19c58995dd8bc09ade0a2a8bcde6085cc76a95e6a2a68b700e661547,4f6a42db5f898f2e6efd550a2d023a17ce9371fa2066ce4c64161c3c65910d42,cc75681b846788b45e94e2a5045461a21454f1fb812a76825abfb8d5b8560046,24b32a51b9e59fdea8ab6db43f52e06894c1eed7ca8d35368b7ddc611816face,e8c2c3714dfad8ccb787de83956aff6eadd8f5bf3b515e0083ff8aeca241ab2d,e8c2c3714dfad8ccb787de83956aff6eadd8f5bf3b515e0083ff8aeca241ab2d,256,256,double,FALSE,FALSE,FALSE,FALSE,0,0,0,0
candidate,1,measure,1,1000000,prefix256,5,divide,4,compact,2,1098,0.313000000000002,0.313000000000002,1098,1,7672490e19c58995dd8bc09ade0a2a8bcde6085cc76a95e6a2a68b700e661547,4f6a42db5f898f2e6efd550a2d023a17ce9371fa2066ce4c64161c3c65910d42,39cde0f370deb96aa360cc51297f1425619fc62c5aab9cbf474c5077748c43e5,24b32a51b9e59fdea8ab6db43f52e06894c1eed7ca8d35368b7ddc611816face,0418a77b7087897a0ead6e10b9da2953bfee2ad9da1470ca98b7664e364a3024,0418a77b7087897a0ead6e10b9da2953bfee2ad9da1470ca98b7664e364a3024,256,256,float,TRUE,TRUE,FALSE,FALSE,0,0,0,0
candidate,1,measure,1,1000000,suffix256,6,add,1,typed_double,1,1114,0.336999999999996,0.336999999999996,1114,1,b38da76a0bf8f72e59074e4463b94231f873a1ddf7c027778214fc73daff29f4,9381174d5a5c0056365a99d2e08f017e8e0fb6180967a7e6d7598196faa41fe2,7326157ff492d94ccc459e73dd7161eb5f07a6c0e7ac687c3b8c4bdceab43d2e,7dd3c12d784e621bc75114205a7f98be85940c915e020c1372e35d98a1b271bc,e8c2c3714dfad8ccb787de83956aff6eadd8f5bf3b515e0083ff8aeca241ab2d,e8c2c3714dfad8ccb787de83956aff6eadd8f5bf3b515e0083ff8aeca241ab2d,256,256,double,FALSE,FALSE,FALSE,FALSE,0,0,0,0
candidate,1,measure,1,1000000,suffix256,6,add,1,compact,2,1260,0.317,0.317,1260,1,b38da76a0bf8f72e59074e4463b94231f873a1ddf7c027778214fc73daff29f4,9381174d5a5c0056365a99d2e08f017e8e0fb6180967a7e6d7598196faa41fe2,0bffebdab0ac6248f91ba88e1cb34ad47800183c79febee2181a94085774e5f8,7dd3c12d784e621bc75114205a7f98be85940c915e020c1372e35d98a1b271bc,0418a77b7087897a0ead6e10b9da2953bfee2ad9da1470ca98b7664e364a3024,0418a77b7087897a0ead6e10b9da2953bfee2ad9da1470ca98b7664e364a3024,256,256,float,TRUE,TRUE,FALSE,FALSE,0,0,0,0
candidate,1,measure,1,1000000,suffix256,6,subtract,2,compact,1,1260,0.302,0.302,1260,1,b38da76a0bf8f72e59074e4463b94231f873a1ddf7c027778214fc73daff29f4,9381174d5a5c0056365a99d2e08f017e8e0fb6180967a7e6d7598196faa41fe2,2e8b9a52242656d84d6c914b5187c8ff371ed496c9ac68c5265226a85c7c63ce,7dd3c12d784e621bc75114205a7f98be85940c915e020c1372e35d98a1b271bc,0418a77b7087897a0ead6e10b9da2953bfee2ad9da1470ca98b7664e364a3024,0418a77b7087897a0ead6e10b9da2953bfee2ad9da1470ca98b7664e364a3024,256,256,float,TRUE,TRUE,FALSE,FALSE,0,0,0,0
candidate,1,measure,1,1000000,suffix256,6,subtract,2,typed_double,2,915,0.265999999999998,0.265999999999998,915,1,b38da76a0bf8f72e59074e4463b94231f873a1ddf7c027778214fc73daff29f4,9381174d5a5c0056365a99d2e08f017e8e0fb6180967a7e6d7598196faa41fe2,902119eaaa7bebe54be150b29f406b8cf060a7b96185baaf79c97e14dad3f863,7dd3c12d784e621bc75114205a7f98be85940c915e020c1372e35d98a1b271bc,e8c2c3714dfad8ccb787de83956aff6eadd8f5bf3b515e0083ff8aeca241ab2d,e8c2c3714dfad8ccb787de83956aff6eadd8f5bf3b515e0083ff8aeca241ab2d,256,256,double,FALSE,FALSE,FALSE,FALSE,0,0,0,0
candidate,1,measure,1,1000000,suffix256,6,multiply,3,typed_double,1,1130,0.339000000000001,0.338999999999999,1130,1,b38da76a0bf8f72e59074e4463b94231f873a1ddf7c027778214fc73daff29f4,9381174d5a5c0056365a99d2e08f017e8e0fb6180967a7e6d7598196faa41fe2,be18b0001d95c130e93bb80d453f927c725dc11a02c22824fd092ee8adb88f8c,7dd3c12d784e621bc75114205a7f98be85940c915e020c1372e35d98a1b271bc,e8c2c3714dfad8ccb787de83956aff6eadd8f5bf3b515e0083ff8aeca241ab2d,e8c2c3714dfad8ccb787de83956aff6eadd8f5bf3b515e0083ff8aeca241ab2d,256,256,double,FALSE,FALSE,FALSE,FALSE,0,0,0,0
candidate,1,measure,1,1000000,suffix256,6,multiply,3,compact,2,1239,0.318,0.317,1239,1,b38da76a0bf8f72e59074e4463b94231f873a1ddf7c027778214fc73daff29f4,9381174d5a5c0056365a99d2e08f017e8e0fb6180967a7e6d7598196faa41fe2,bbb0344652a96cc23ac4f06e9785146860bfbd677c72c0edcd2f8c3580d560de,7dd3c12d784e621bc75114205a7f98be85940c915e020c1372e35d98a1b271bc,0418a77b7087897a0ead6e10b9da2953bfee2ad9da1470ca98b7664e364a3024,0418a77b7087897a0ead6e10b9da2953bfee2ad9da1470ca98b7664e364a3024,256,256,float,TRUE,TRUE,FALSE,FALSE,0,0,0,0
candidate,1,measure,1,1000000,suffix256,6,divide,4,compact,1,1098,0.326999999999998,0.326999999999998,1098,1,b38da76a0bf8f72e59074e4463b94231f873a1ddf7c027778214fc73daff29f4,9381174d5a5c0056365a99d2e08f017e8e0fb6180967a7e6d7598196faa41fe2,24114da746c52d603149cc8b90e4df0716cbe88e43c70d8530cbb83c03917cd5,7dd3c12d784e621bc75114205a7f98be85940c915e020c1372e35d98a1b271bc,0418a77b7087897a0ead6e10b9da2953bfee2ad9da1470ca98b7664e364a3024,0418a77b7087897a0ead6e10b9da2953bfee2ad9da1470ca98b7664e364a3024,256,256,float,TRUE,TRUE,FALSE,FALSE,0,0,0,0
candidate,1,measure,1,1000000,suffix256,6,divide,4,typed_double,2,1038,0.317000000000003,0.315999999999995,1038,1,b38da76a0bf8f72e59074e4463b94231f873a1ddf7c027778214fc73daff29f4,9381174d5a5c0056365a99d2e08f017e8e0fb6180967a7e6d7598196faa41fe2,7b288c3a11028a99daad5072816bc596661252acce990ed434c1bcd8450082d9,7dd3c12d784e621bc75114205a7f98be85940c915e020c1372e35d98a1b271bc,e8c2c3714dfad8ccb787de83956aff6eadd8f5bf3b515e0083ff8aeca241ab2d,e8c2c3714dfad8ccb787de83956aff6eadd8f5bf3b515e0083ff8aeca241ab2d,256,256,double,FALSE,FALSE,FALSE,FALSE,0,0,0,0
candidate,1,measure,1,1000000,all_tags,7,add,1,compact,1,350,0.319000000000003,0.319000000000003,350,1,27ad0fd15ffcc1bf50ce4e82dc19749a5d76c28e5f77c0dfb2e1a0146023823c,74f9a5d0f01860a6547249f6205a49da91245cb9db41112e4e920b025218dd95,9ffc0380039738708c4659192475d1725e834e73fa28723ceb64d722b0994aef,1574ffadfcad3245cd83f3552908b258f1a96e142112f95cc2e77c92396da835,0418a77b7087897a0ead6e10b9da2953bfee2ad9da1470ca98b7664e364a3024,0418a77b7087897a0ead6e10b9da2953bfee2ad9da1470ca98b7664e364a3024,1000000,1000000,float,TRUE,TRUE,FALSE,FALSE,0,0,0,0
candidate,1,measure,1,1000000,all_tags,7,add,1,typed_double,2,1130,0.325000000000005,0.323999999999998,1130,1,27ad0fd15ffcc1bf50ce4e82dc19749a5d76c28e5f77c0dfb2e1a0146023823c,74f9a5d0f01860a6547249f6205a49da91245cb9db41112e4e920b025218dd95,9ffc0380039738708c4659192475d1725e834e73fa28723ceb64d722b0994aef,1574ffadfcad3245cd83f3552908b258f1a96e142112f95cc2e77c92396da835,e8c2c3714dfad8ccb787de83956aff6eadd8f5bf3b515e0083ff8aeca241ab2d,e8c2c3714dfad8ccb787de83956aff6eadd8f5bf3b515e0083ff8aeca241ab2d,1000000,1000000,double,FALSE,FALSE,FALSE,FALSE,0,0,0,0
candidate,1,measure,1,1000000,all_tags,7,subtract,2,typed_double,1,1114,0.314999999999998,0.314999999999998,1114,1,27ad0fd15ffcc1bf50ce4e82dc19749a5d76c28e5f77c0dfb2e1a0146023823c,74f9a5d0f01860a6547249f6205a49da91245cb9db41112e4e920b025218dd95,9ffc0380039738708c4659192475d1725e834e73fa28723ceb64d722b0994aef,1574ffadfcad3245cd83f3552908b258f1a96e142112f95cc2e77c92396da835,e8c2c3714dfad8ccb787de83956aff6eadd8f5bf3b515e0083ff8aeca241ab2d,e8c2c3714dfad8ccb787de83956aff6eadd8f5bf3b515e0083ff8aeca241ab2d,1000000,1000000,double,FALSE,FALSE,FALSE,FALSE,0,0,0,0
candidate,1,measure,1,1000000,all_tags,7,subtract,2,compact,2,350,0.303999999999997,0.302999999999997,350,1,27ad0fd15ffcc1bf50ce4e82dc19749a5d76c28e5f77c0dfb2e1a0146023823c,74f9a5d0f01860a6547249f6205a49da91245cb9db41112e4e920b025218dd95,9ffc0380039738708c4659192475d1725e834e73fa28723ceb64d722b0994aef,1574ffadfcad3245cd83f3552908b258f1a96e142112f95cc2e77c92396da835,0418a77b7087897a0ead6e10b9da2953bfee2ad9da1470ca98b7664e364a3024,0418a77b7087897a0ead6e10b9da2953bfee2ad9da1470ca98b7664e364a3024,1000000,1000000,float,TRUE,TRUE,FALSE,FALSE,0,0,0,0
candidate,1,measure,1,1000000,all_tags,7,multiply,3,compact,1,350,0.317000000000003,0.317,350,1,27ad0fd15ffcc1bf50ce4e82dc19749a5d76c28e5f77c0dfb2e1a0146023823c,74f9a5d0f01860a6547249f6205a49da91245cb9db41112e4e920b025218dd95,9ffc0380039738708c4659192475d1725e834e73fa28723ceb64d722b0994aef,1574ffadfcad3245cd83f3552908b258f1a96e142112f95cc2e77c92396da835,0418a77b7087897a0ead6e10b9da2953bfee2ad9da1470ca98b7664e364a3024,0418a77b7087897a0ead6e10b9da2953bfee2ad9da1470ca98b7664e364a3024,1000000,1000000,float,TRUE,TRUE,FALSE,FALSE,0,0,0,0
candidate,1,measure,1,1000000,all_tags,7,multiply,3,typed_double,2,1053,0.300999999999997,0.301000000000002,1053,1,27ad0fd15ffcc1bf50ce4e82dc19749a5d76c28e5f77c0dfb2e1a0146023823c,74f9a5d0f01860a6547249f6205a49da91245cb9db41112e4e920b025218dd95,9ffc0380039738708c4659192475d1725e834e73fa28723ceb64d722b0994aef,1574ffadfcad3245cd83f3552908b258f1a96e142112f95cc2e77c92396da835,e8c2c3714dfad8ccb787de83956aff6eadd8f5bf3b515e0083ff8aeca241ab2d,e8c2c3714dfad8ccb787de83956aff6eadd8f5bf3b515e0083ff8aeca241ab2d,1000000,1000000,double,FALSE,FALSE,FALSE,FALSE,0,0,0,0
candidate,1,measure,1,1000000,all_tags,7,divide,4,typed_double,1,1011,0.311999999999998,0.311999999999998,1011,1,27ad0fd15ffcc1bf50ce4e82dc19749a5d76c28e5f77c0dfb2e1a0146023823c,74f9a5d0f01860a6547249f6205a49da91245cb9db41112e4e920b025218dd95,9ffc0380039738708c4659192475d1725e834e73fa28723ceb64d722b0994aef,1574ffadfcad3245cd83f3552908b258f1a96e142112f95cc2e77c92396da835,e8c2c3714dfad8ccb787de83956aff6eadd8f5bf3b515e0083ff8aeca241ab2d,e8c2c3714dfad8ccb787de83956aff6eadd8f5bf3b515e0083ff8aeca241ab2d,1000000,1000000,double,FALSE,FALSE,FALSE,FALSE,0,0,0,0
candidate,1,measure,1,1000000,all_tags,7,divide,4,compact,2,343,0.300000000000004,0.300000000000004,343,1,27ad0fd15ffcc1bf50ce4e82dc19749a5d76c28e5f77c0dfb2e1a0146023823c,74f9a5d0f01860a6547249f6205a49da91245cb9db41112e4e920b025218dd95,9ffc0380039738708c4659192475d1725e834e73fa28723ceb64d722b0994aef,1574ffadfcad3245cd83f3552908b258f1a96e142112f95cc2e77c92396da835,0418a77b7087897a0ead6e10b9da2953bfee2ad9da1470ca98b7664e364a3024,0418a77b7087897a0ead6e10b9da2953bfee2ad9da1470ca98b7664e364a3024,1000000,1000000,float,TRUE,TRUE,FALSE,FALSE,0,0,0,0
candidate,2,measure,1,1000000,none,1,divide,1,ordinary,1,926,0.339,0.339,0,0,7f1c1a27229f7a699fa85ff90b5be1266497c462407b39b11f6d94015af8e8ad,8dbe5f139fd946d4cd84e8cc612cd9f68cbc87e394457884acc0c5dad56dd8dd,94a902460bdb0445cf55fb22367b59bd4ca3f1ff73823aa1758bd6c7f1b6b58d,8dbe5f139fd946d4cd84e8cc612cd9f68cbc87e394457884acc0c5dad56dd8dd,71557d1c8bac9bbe3cbec8d00bb223a2f372279827064095447e569fbf5a760a,71557d1c8bac9bbe3cbec8d00bb223a2f372279827064095447e569fbf5a760a,0,0,,FALSE,FALSE,FALSE,FALSE,0,0,0,0
candidate,2,measure,1,1000000,none,1,divide,1,compact,2,1147,0.32,0.32,1147,1,7f1c1a27229f7a699fa85ff90b5be1266497c462407b39b11f6d94015af8e8ad,8dbe5f139fd946d4cd84e8cc612cd9f68cbc87e394457884acc0c5dad56dd8dd,1591013955a37eeca2ef03255d8659f041a956e2e6d6666478490b7f17a3ed59,8dbe5f139fd946d4cd84e8cc612cd9f68cbc87e394457884acc0c5dad56dd8dd,0418a77b7087897a0ead6e10b9da2953bfee2ad9da1470ca98b7664e364a3024,0418a77b7087897a0ead6e10b9da2953bfee2ad9da1470ca98b7664e364a3024,0,0,float,TRUE,TRUE,FALSE,FALSE,0,0,0,0
candidate,2,measure,1,1000000,none,1,divide,1,typed_double,3,826,0.262,0.261,826,1,7f1c1a27229f7a699fa85ff90b5be1266497c462407b39b11f6d94015af8e8ad,8dbe5f139fd946d4cd84e8cc612cd9f68cbc87e394457884acc0c5dad56dd8dd,94a902460bdb0445cf55fb22367b59bd4ca3f1ff73823aa1758bd6c7f1b6b58d,8dbe5f139fd946d4cd84e8cc612cd9f68cbc87e394457884acc0c5dad56dd8dd,e8c2c3714dfad8ccb787de83956aff6eadd8f5bf3b515e0083ff8aeca241ab2d,e8c2c3714dfad8ccb787de83956aff6eadd8f5bf3b515e0083ff8aeca241ab2d,0,0,double,FALSE,FALSE,FALSE,FALSE,0,0,0,0
candidate,2,measure,1,1000000,none,1,multiply,2,typed_double,1,1114,0.351,0.35,1114,1,7f1c1a27229f7a699fa85ff90b5be1266497c462407b39b11f6d94015af8e8ad,8dbe5f139fd946d4cd84e8cc612cd9f68cbc87e394457884acc0c5dad56dd8dd,f26b519d09797e4f4941392e4b52f307c71832f0aaad54da617e9078fe055e1c,8dbe5f139fd946d4cd84e8cc612cd9f68cbc87e394457884acc0c5dad56dd8dd,e8c2c3714dfad8ccb787de83956aff6eadd8f5bf3b515e0083ff8aeca241ab2d,e8c2c3714dfad8ccb787de83956aff6eadd8f5bf3b515e0083ff8aeca241ab2d,0,0,double,FALSE,FALSE,FALSE,FALSE,0,0,0,0
candidate,2,measure,1,1000000,none,1,multiply,2,ordinary,2,985,0.259,0.26,0,0,7f1c1a27229f7a699fa85ff90b5be1266497c462407b39b11f6d94015af8e8ad,8dbe5f139fd946d4cd84e8cc612cd9f68cbc87e394457884acc0c5dad56dd8dd,f26b519d09797e4f4941392e4b52f307c71832f0aaad54da617e9078fe055e1c,8dbe5f139fd946d4cd84e8cc612cd9f68cbc87e394457884acc0c5dad56dd8dd,71557d1c8bac9bbe3cbec8d00bb223a2f372279827064095447e569fbf5a760a,71557d1c8bac9bbe3cbec8d00bb223a2f372279827064095447e569fbf5a760a,0,0,,FALSE,FALSE,FALSE,FALSE,0,0,0,0
candidate,2,measure,1,1000000,none,1,multiply,2,compact,3,1260,0.314,0.315,1260,1,7f1c1a27229f7a699fa85ff90b5be1266497c462407b39b11f6d94015af8e8ad,8dbe5f139fd946d4cd84e8cc612cd9f68cbc87e394457884acc0c5dad56dd8dd,72cc5cf98cf5a5166668db2e8420adb3bc862ec1b003fbdd7aeb0a9746f22870,8dbe5f139fd946d4cd84e8cc612cd9f68cbc87e394457884acc0c5dad56dd8dd,0418a77b7087897a0ead6e10b9da2953bfee2ad9da1470ca98b7664e364a3024,0418a77b7087897a0ead6e10b9da2953bfee2ad9da1470ca98b7664e364a3024,0,0,float,TRUE,TRUE,FALSE,FALSE,0,0,0,0
candidate,2,measure,1,1000000,none,1,subtract,3,typed_double,1,904,0.263,0.264,904,1,7f1c1a27229f7a699fa85ff90b5be1266497c462407b39b11f6d94015af8e8ad,8dbe5f139fd946d4cd84e8cc612cd9f68cbc87e394457884acc0c5dad56dd8dd,13a3239df0a7d9c4766e9cb1022fe126007afc38c9539ef233ed4bf785d961fa,8dbe5f139fd946d4cd84e8cc612cd9f68cbc87e394457884acc0c5dad56dd8dd,e8c2c3714dfad8ccb787de83956aff6eadd8f5bf3b515e0083ff8aeca241ab2d,e8c2c3714dfad8ccb787de83956aff6eadd8f5bf3b515e0083ff8aeca241ab2d,0,0,double,FALSE,FALSE,FALSE,FALSE,0,0,0,0
candidate,2,measure,1,1000000,none,1,subtract,3,compact,2,1053,0.251,0.250999999999999,1053,1,7f1c1a27229f7a699fa85ff90b5be1266497c462407b39b11f6d94015af8e8ad,8dbe5f139fd946d4cd84e8cc612cd9f68cbc87e394457884acc0c5dad56dd8dd,73750801b993e37ef9c262c8c6c20433be5d4f8f21bfd0757cae3f70c74eda3f,8dbe5f139fd946d4cd84e8cc612cd9f68cbc87e394457884acc0c5dad56dd8dd,0418a77b7087897a0ead6e10b9da2953bfee2ad9da1470ca98b7664e364a3024,0418a77b7087897a0ead6e10b9da2953bfee2ad9da1470ca98b7664e364a3024,0,0,float,TRUE,TRUE,FALSE,FALSE,0,0,0,0
candidate,2,measure,1,1000000,none,1,subtract,3,ordinary,3,998,0.261,0.262,0,0,7f1c1a27229f7a699fa85ff90b5be1266497c462407b39b11f6d94015af8e8ad,8dbe5f139fd946d4cd84e8cc612cd9f68cbc87e394457884acc0c5dad56dd8dd,13a3239df0a7d9c4766e9cb1022fe126007afc38c9539ef233ed4bf785d961fa,8dbe5f139fd946d4cd84e8cc612cd9f68cbc87e394457884acc0c5dad56dd8dd,71557d1c8bac9bbe3cbec8d00bb223a2f372279827064095447e569fbf5a760a,71557d1c8bac9bbe3cbec8d00bb223a2f372279827064095447e569fbf5a760a,0,0,,FALSE,FALSE,FALSE,FALSE,0,0,0,0
candidate,2,measure,1,1000000,none,1,add,4,compact,1,1239,0.296,0.297,1239,1,7f1c1a27229f7a699fa85ff90b5be1266497c462407b39b11f6d94015af8e8ad,8dbe5f139fd946d4cd84e8cc612cd9f68cbc87e394457884acc0c5dad56dd8dd,6f4e6deefcbd4cb8847d97ac43d7047c827b45b8a7d41e59355544434442b07b,8dbe5f139fd946d4cd84e8cc612cd9f68cbc87e394457884acc0c5dad56dd8dd,0418a77b7087897a0ead6e10b9da2953bfee2ad9da1470ca98b7664e364a3024,0418a77b7087897a0ead6e10b9da2953bfee2ad9da1470ca98b7664e364a3024,0,0,float,TRUE,TRUE,FALSE,FALSE,0,0,0,0
candidate,2,measure,1,1000000,none,1,add,4,ordinary,2,998,0.264,0.263999999999999,0,0,7f1c1a27229f7a699fa85ff90b5be1266497c462407b39b11f6d94015af8e8ad,8dbe5f139fd946d4cd84e8cc612cd9f68cbc87e394457884acc0c5dad56dd8dd,292e89d47e6240bb2914ef7ad37d7e757276712199771e9df56100a008a8cb8c,8dbe5f139fd946d4cd84e8cc612cd9f68cbc87e394457884acc0c5dad56dd8dd,71557d1c8bac9bbe3cbec8d00bb223a2f372279827064095447e569fbf5a760a,71557d1c8bac9bbe3cbec8d00bb223a2f372279827064095447e569fbf5a760a,0,0,,FALSE,FALSE,FALSE,FALSE,0,0,0,0
candidate,2,measure,1,1000000,none,1,add,4,typed_double,3,1114,0.319000000000001,0.318999999999999,1114,1,7f1c1a27229f7a699fa85ff90b5be1266497c462407b39b11f6d94015af8e8ad,8dbe5f139fd946d4cd84e8cc612cd9f68cbc87e394457884acc0c5dad56dd8dd,292e89d47e6240bb2914ef7ad37d7e757276712199771e9df56100a008a8cb8c,8dbe5f139fd946d4cd84e8cc612cd9f68cbc87e394457884acc0c5dad56dd8dd,e8c2c3714dfad8ccb787de83956aff6eadd8f5bf3b515e0083ff8aeca241ab2d,e8c2c3714dfad8ccb787de83956aff6eadd8f5bf3b515e0083ff8aeca241ab2d,0,0,double,FALSE,FALSE,FALSE,FALSE,0,0,0,0
candidate,2,measure,1,1000000,all_tags,2,divide,1,compact,1,343,0.302,0.301,343,1,27ad0fd15ffcc1bf50ce4e82dc19749a5d76c28e5f77c0dfb2e1a0146023823c,74f9a5d0f01860a6547249f6205a49da91245cb9db41112e4e920b025218dd95,9ffc0380039738708c4659192475d1725e834e73fa28723ceb64d722b0994aef,1574ffadfcad3245cd83f3552908b258f1a96e142112f95cc2e77c92396da835,0418a77b7087897a0ead6e10b9da2953bfee2ad9da1470ca98b7664e364a3024,0418a77b7087897a0ead6e10b9da2953bfee2ad9da1470ca98b7664e364a3024,1000000,1000000,float,TRUE,TRUE,FALSE,FALSE,0,0,0,0
candidate,2,measure,1,1000000,all_tags,2,divide,1,typed_double,2,1053,0.324,0.324,1053,1,27ad0fd15ffcc1bf50ce4e82dc19749a5d76c28e5f77c0dfb2e1a0146023823c,74f9a5d0f01860a6547249f6205a49da91245cb9db41112e4e920b025218dd95,9ffc0380039738708c4659192475d1725e834e73fa28723ceb64d722b0994aef,1574ffadfcad3245cd83f3552908b258f1a96e142112f95cc2e77c92396da835,e8c2c3714dfad8ccb787de83956aff6eadd8f5bf3b515e0083ff8aeca241ab2d,e8c2c3714dfad8ccb787de83956aff6eadd8f5bf3b515e0083ff8aeca241ab2d,1000000,1000000,double,FALSE,FALSE,FALSE,FALSE,0,0,0,0
candidate,2,measure,1,1000000,all_tags,2,multiply,2,typed_double,1,915,0.263,0.263999999999999,915,1,27ad0fd15ffcc1bf50ce4e82dc19749a5d76c28e5f77c0dfb2e1a0146023823c,74f9a5d0f01860a6547249f6205a49da91245cb9db41112e4e920b025218dd95,9ffc0380039738708c4659192475d1725e834e73fa28723ceb64d722b0994aef,1574ffadfcad3245cd83f3552908b258f1a96e142112f95cc2e77c92396da835,e8c2c3714dfad8ccb787de83956aff6eadd8f5bf3b515e0083ff8aeca241ab2d,e8c2c3714dfad8ccb787de83956aff6eadd8f5bf3b515e0083ff8aeca241ab2d,1000000,1000000,double,FALSE,FALSE,FALSE,FALSE,0,0,0,0
candidate,2,measure,1,1000000,all_tags,2,multiply,2,compact,2,350,0.302,0.303000000000001,350,1,27ad0fd15ffcc1bf50ce4e82dc19749a5d76c28e5f77c0dfb2e1a0146023823c,74f9a5d0f01860a6547249f6205a49da91245cb9db41112e4e920b025218dd95,9ffc0380039738708c4659192475d1725e834e73fa28723ceb64d722b0994aef,1574ffadfcad3245cd83f3552908b258f1a96e142112f95cc2e77c92396da835,0418a77b7087897a0ead6e10b9da2953bfee2ad9da1470ca98b7664e364a3024,0418a77b7087897a0ead6e10b9da2953bfee2ad9da1470ca98b7664e364a3024,1000000,1000000,float,TRUE,TRUE,FALSE,FALSE,0,0,0,0
candidate,2,measure,1,1000000,all_tags,2,subtract,3,compact,1,350,0.302,0.302,350,1,27ad0fd15ffcc1bf50ce4e82dc19749a5d76c28e5f77c0dfb2e1a0146023823c,74f9a5d0f01860a6547249f6205a49da91245cb9db41112e4e920b025218dd95,9ffc0380039738708c4659192475d1725e834e73fa28723ceb64d722b0994aef,1574ffadfcad3245cd83f3552908b258f1a96e142112f95cc2e77c92396da835,0418a77b7087897a0ead6e10b9da2953bfee2ad9da1470ca98b7664e364a3024,0418a77b7087897a0ead6e10b9da2953bfee2ad9da1470ca98b7664e364a3024,1000000,1000000,float,TRUE,TRUE,FALSE,FALSE,0,0,0,0
candidate,2,measure,1,1000000,all_tags,2,subtract,3,typed_double,2,915,0.264,0.264000000000001,915,1,27ad0fd15ffcc1bf50ce4e82dc19749a5d76c28e5f77c0dfb2e1a0146023823c,74f9a5d0f01860a6547249f6205a49da91245cb9db41112e4e920b025218dd95,9ffc0380039738708c4659192475d1725e834e73fa28723ceb64d722b0994aef,1574ffadfcad3245cd83f3552908b258f1a96e142112f95cc2e77c92396da835,e8c2c3714dfad8ccb787de83956aff6eadd8f5bf3b515e0083ff8aeca241ab2d,e8c2c3714dfad8ccb787de83956aff6eadd8f5bf3b515e0083ff8aeca241ab2d,1000000,1000000,double,FALSE,FALSE,FALSE,FALSE,0,0,0,0
candidate,2,measure,1,1000000,all_tags,2,add,4,typed_double,1,1130,0.336,0.337,1130,1,27ad0fd15ffcc1bf50ce4e82dc19749a5d76c28e5f77c0dfb2e1a0146023823c,74f9a5d0f01860a6547249f6205a49da91245cb9db41112e4e920b025218dd95,9ffc0380039738708c4659192475d1725e834e73fa28723ceb64d722b0994aef,1574ffadfcad3245cd83f3552908b258f1a96e142112f95cc2e77c92396da835,e8c2c3714dfad8ccb787de83956aff6eadd8f5bf3b515e0083ff8aeca241ab2d,e8c2c3714dfad8ccb787de83956aff6eadd8f5bf3b515e0083ff8aeca241ab2d,1000000,1000000,double,FALSE,FALSE,FALSE,FALSE,0,0,0,0
candidate,2,measure,1,1000000,all_tags,2,add,4,compact,2,350,0.303000000000001,0.304,350,1,27ad0fd15ffcc1bf50ce4e82dc19749a5d76c28e5f77c0dfb2e1a0146023823c,74f9a5d0f01860a6547249f6205a49da91245cb9db41112e4e920b025218dd95,9ffc0380039738708c4659192475d1725e834e73fa28723ceb64d722b0994aef,1574ffadfcad3245cd83f3552908b258f1a96e142112f95cc2e77c92396da835,0418a77b7087897a0ead6e10b9da2953bfee2ad9da1470ca98b7664e364a3024,0418a77b7087897a0ead6e10b9da2953bfee2ad9da1470ca98b7664e364a3024,1000000,1000000,float,TRUE,TRUE,FALSE,FALSE,0,0,0,0
candidate,2,measure,1,1000000,suffix256,3,divide,1,typed_double,1,1025,0.308999999999999,0.308999999999999,1025,1,b38da76a0bf8f72e59074e4463b94231f873a1ddf7c027778214fc73daff29f4,9381174d5a5c0056365a99d2e08f017e8e0fb6180967a7e6d7598196faa41fe2,7b288c3a11028a99daad5072816bc596661252acce990ed434c1bcd8450082d9,7dd3c12d784e621bc75114205a7f98be85940c915e020c1372e35d98a1b271bc,e8c2c3714dfad8ccb787de83956aff6eadd8f5bf3b515e0083ff8aeca241ab2d,e8c2c3714dfad8ccb787de83956aff6eadd8f5bf3b515e0083ff8aeca241ab2d,256,256,double,FALSE,FALSE,FALSE,FALSE,0,0,0,0
candidate,2,measure,1,1000000,suffix256,3,divide,1,compact,2,1147,0.319000000000001,0.318000000000001,1147,1,b38da76a0bf8f72e59074e4463b94231f873a1ddf7c027778214fc73daff29f4,9381174d5a5c0056365a99d2e08f017e8e0fb6180967a7e6d7598196faa41fe2,24114da746c52d603149cc8b90e4df0716cbe88e43c70d8530cbb83c03917cd5,7dd3c12d784e621bc75114205a7f98be85940c915e020c1372e35d98a1b271bc,0418a77b7087897a0ead6e10b9da2953bfee2ad9da1470ca98b7664e364a3024,0418a77b7087897a0ead6e10b9da2953bfee2ad9da1470ca98b7664e364a3024,256,256,float,TRUE,TRUE,FALSE,FALSE,0,0,0,0
candidate,2,measure,1,1000000,suffix256,3,multiply,2,compact,1,1281,0.302000000000002,0.302,1281,1,b38da76a0bf8f72e59074e4463b94231f873a1ddf7c027778214fc73daff29f4,9381174d5a5c0056365a99d2e08f017e8e0fb6180967a7e6d7598196faa41fe2,bbb0344652a96cc23ac4f06e9785146860bfbd677c72c0edcd2f8c3580d560de,7dd3c12d784e621bc75114205a7f98be85940c915e020c1372e35d98a1b271bc,0418a77b7087897a0ead6e10b9da2953bfee2ad9da1470ca98b7664e364a3024,0418a77b7087897a0ead6e10b9da2953bfee2ad9da1470ca98b7664e364a3024,256,256,float,TRUE,TRUE,FALSE,FALSE,0,0,0,0
candidate,2,measure,1,1000000,suffix256,3,multiply,2,typed_double,2,904,0.263000000000002,0.263999999999999,904,1,b38da76a0bf8f72e59074e4463b94231f873a1ddf7c027778214fc73daff29f4,9381174d5a5c0056365a99d2e08f017e8e0fb6180967a7e6d7598196faa41fe2,be18b0001d95c130e93bb80d453f927c725dc11a02c22824fd092ee8adb88f8c,7dd3c12d784e621bc75114205a7f98be85940c915e020c1372e35d98a1b271bc,e8c2c3714dfad8ccb787de83956aff6eadd8f5bf3b515e0083ff8aeca241ab2d,e8c2c3714dfad8ccb787de83956aff6eadd8f5bf3b515e0083ff8aeca241ab2d,256,256,double,FALSE,FALSE,FALSE,FALSE,0,0,0,0
candidate,2,measure,1,1000000,suffix256,3,subtract,3,typed_double,1,1114,0.334999999999997,0.334999999999997,1114,1,b38da76a0bf8f72e59074e4463b94231f873a1ddf7c027778214fc73daff29f4,9381174d5a5c0056365a99d2e08f017e8e0fb6180967a7e6d7598196faa41fe2,902119eaaa7bebe54be150b29f406b8cf060a7b96185baaf79c97e14dad3f863,7dd3c12d784e621bc75114205a7f98be85940c915e020c1372e35d98a1b271bc,e8c2c3714dfad8ccb787de83956aff6eadd8f5bf3b515e0083ff8aeca241ab2d,e8c2c3714dfad8ccb787de83956aff6eadd8f5bf3b515e0083ff8aeca241ab2d,256,256,double,FALSE,FALSE,FALSE,FALSE,0,0,0,0
candidate,2,measure,1,1000000,suffix256,3,subtract,3,compact,2,1280,0.32,0.32,1280,1,b38da76a0bf8f72e59074e4463b94231f873a1ddf7c027778214fc73daff29f4,9381174d5a5c0056365a99d2e08f017e8e0fb6180967a7e6d7598196faa41fe2,2e8b9a52242656d84d6c914b5187c8ff371ed496c9ac68c5265226a85c7c63ce,7dd3c12d784e621bc75114205a7f98be85940c915e020c1372e35d98a1b271bc,0418a77b7087897a0ead6e10b9da2953bfee2ad9da1470ca98b7664e364a3024,0418a77b7087897a0ead6e10b9da2953bfee2ad9da1470ca98b7664e364a3024,256,256,float,TRUE,TRUE,FALSE,FALSE,0,0,0,0
candidate,2,measure,1,1000000,suffix256,3,add,4,compact,1,1260,0.300999999999998,0.300999999999998,1260,1,b38da76a0bf8f72e59074e4463b94231f873a1ddf7c027778214fc73daff29f4,9381174d5a5c0056365a99d2e08f017e8e0fb6180967a7e6d7598196faa41fe2,0bffebdab0ac6248f91ba88e1cb34ad47800183c79febee2181a94085774e5f8,7dd3c12d784e621bc75114205a7f98be85940c915e020c1372e35d98a1b271bc,0418a77b7087897a0ead6e10b9da2953bfee2ad9da1470ca98b7664e364a3024,0418a77b7087897a0ead6e10b9da2953bfee2ad9da1470ca98b7664e364a3024,256,256,float,TRUE,TRUE,FALSE,FALSE,0,0,0,0
candidate,2,measure,1,1000000,suffix256,3,add,4,typed_double,2,904,0.262,0.261999999999997,904,1,b38da76a0bf8f72e59074e4463b94231f873a1ddf7c027778214fc73daff29f4,9381174d5a5c0056365a99d2e08f017e8e0fb6180967a7e6d7598196faa41fe2,7326157ff492d94ccc459e73dd7161eb5f07a6c0e7ac687c3b8c4bdceab43d2e,7dd3c12d784e621bc75114205a7f98be85940c915e020c1372e35d98a1b271bc,e8c2c3714dfad8ccb787de83956aff6eadd8f5bf3b515e0083ff8aeca241ab2d,e8c2c3714dfad8ccb787de83956aff6eadd8f5bf3b515e0083ff8aeca241ab2d,256,256,double,FALSE,FALSE,FALSE,FALSE,0,0,0,0
candidate,2,measure,1,1000000,prefix256,4,divide,1,compact,1,1098,0.302,0.302,1098,1,7672490e19c58995dd8bc09ade0a2a8bcde6085cc76a95e6a2a68b700e661547,4f6a42db5f898f2e6efd550a2d023a17ce9371fa2066ce4c64161c3c65910d42,39cde0f370deb96aa360cc51297f1425619fc62c5aab9cbf474c5077748c43e5,24b32a51b9e59fdea8ab6db43f52e06894c1eed7ca8d35368b7ddc611816face,0418a77b7087897a0ead6e10b9da2953bfee2ad9da1470ca98b7664e364a3024,0418a77b7087897a0ead6e10b9da2953bfee2ad9da1470ca98b7664e364a3024,256,256,float,TRUE,TRUE,FALSE,FALSE,0,0,0,0
candidate,2,measure,1,1000000,prefix256,4,divide,1,typed_double,2,854,0.267999999999999,0.268000000000001,854,1,7672490e19c58995dd8bc09ade0a2a8bcde6085cc76a95e6a2a68b700e661547,4f6a42db5f898f2e6efd550a2d023a17ce9371fa2066ce4c64161c3c65910d42,cc75681b846788b45e94e2a5045461a21454f1fb812a76825abfb8d5b8560046,24b32a51b9e59fdea8ab6db43f52e06894c1eed7ca8d35368b7ddc611816face,e8c2c3714dfad8ccb787de83956aff6eadd8f5bf3b515e0083ff8aeca241ab2d,e8c2c3714dfad8ccb787de83956aff6eadd8f5bf3b515e0083ff8aeca241ab2d,256,256,double,FALSE,FALSE,FALSE,FALSE,0,0,0,0
candidate,2,measure,1,1000000,prefix256,4,multiply,2,typed_double,1,1114,0.335,0.334,1114,1,7672490e19c58995dd8bc09ade0a2a8bcde6085cc76a95e6a2a68b700e661547,4f6a42db5f898f2e6efd550a2d023a17ce9371fa2066ce4c64161c3c65910d42,44482e5cfdd89b569428523af3f17c87ac60e33cc59106f6590833be57efd32f,24b32a51b9e59fdea8ab6db43f52e06894c1eed7ca8d35368b7ddc611816face,e8c2c3714dfad8ccb787de83956aff6eadd8f5bf3b515e0083ff8aeca241ab2d,e8c2c3714dfad8ccb787de83956aff6eadd8f5bf3b515e0083ff8aeca241ab2d,256,256,double,FALSE,FALSE,FALSE,FALSE,0,0,0,0
candidate,2,measure,1,1000000,prefix256,4,multiply,2,compact,2,1200,0.298000000000001,0.298000000000002,1200,1,7672490e19c58995dd8bc09ade0a2a8bcde6085cc76a95e6a2a68b700e661547,4f6a42db5f898f2e6efd550a2d023a17ce9371fa2066ce4c64161c3c65910d42,7293d547074b8526fbff0adf5afb6e1a4f7e9f73ad4fc0a17760046fa38599c5,24b32a51b9e59fdea8ab6db43f52e06894c1eed7ca8d35368b7ddc611816face,0418a77b7087897a0ead6e10b9da2953bfee2ad9da1470ca98b7664e364a3024,0418a77b7087897a0ead6e10b9da2953bfee2ad9da1470ca98b7664e364a3024,256,256,float,TRUE,TRUE,FALSE,FALSE,0,0,0,0
candidate,2,measure,1,1000000,prefix256,4,subtract,3,compact,1,1220,0.302999999999997,0.302999999999997,1220,1,7672490e19c58995dd8bc09ade0a2a8bcde6085cc76a95e6a2a68b700e661547,4f6a42db5f898f2e6efd550a2d023a17ce9371fa2066ce4c64161c3c65910d42,046b4f026f941f2c24556df139ea84930d72c2ac52f2bd782ad0fa6e0cb40f5c,24b32a51b9e59fdea8ab6db43f52e06894c1eed7ca8d35368b7ddc611816face,0418a77b7087897a0ead6e10b9da2953bfee2ad9da1470ca98b7664e364a3024,0418a77b7087897a0ead6e10b9da2953bfee2ad9da1470ca98b7664e364a3024,256,256,float,TRUE,TRUE,FALSE,FALSE,0,0,0,0
candidate,2,measure,1,1000000,prefix256,4,subtract,3,typed_double,2,915,0.265999999999998,0.265999999999998,915,1,7672490e19c58995dd8bc09ade0a2a8bcde6085cc76a95e6a2a68b700e661547,4f6a42db5f898f2e6efd550a2d023a17ce9371fa2066ce4c64161c3c65910d42,5c74a3463be8f702af0b2a265633cae455455452c94df3d1a717263f3099cfe8,24b32a51b9e59fdea8ab6db43f52e06894c1eed7ca8d35368b7ddc611816face,e8c2c3714dfad8ccb787de83956aff6eadd8f5bf3b515e0083ff8aeca241ab2d,e8c2c3714dfad8ccb787de83956aff6eadd8f5bf3b515e0083ff8aeca241ab2d,256,256,double,FALSE,FALSE,FALSE,FALSE,0,0,0,0
candidate,2,measure,1,1000000,prefix256,4,add,4,typed_double,1,1114,0.337000000000002,0.335999999999999,1114,1,7672490e19c58995dd8bc09ade0a2a8bcde6085cc76a95e6a2a68b700e661547,4f6a42db5f898f2e6efd550a2d023a17ce9371fa2066ce4c64161c3c65910d42,dd1e57fa4af2e69d9b2644cdfb6c2c9aaf27a0bfc4fbc9c2d12606357ab4fca3,24b32a51b9e59fdea8ab6db43f52e06894c1eed7ca8d35368b7ddc611816face,e8c2c3714dfad8ccb787de83956aff6eadd8f5bf3b515e0083ff8aeca241ab2d,e8c2c3714dfad8ccb787de83956aff6eadd8f5bf3b515e0083ff8aeca241ab2d,256,256,double,FALSE,FALSE,FALSE,FALSE,0,0,0,0
candidate,2,measure,1,1000000,prefix256,4,add,4,compact,2,1220,0.303,0.302,1220,1,7672490e19c58995dd8bc09ade0a2a8bcde6085cc76a95e6a2a68b700e661547,4f6a42db5f898f2e6efd550a2d023a17ce9371fa2066ce4c64161c3c65910d42,ecc47fd344083a74b5c7d619ec45d4e9d51ebcb1a601422a660eb8d9fbe7cb84,24b32a51b9e59fdea8ab6db43f52e06894c1eed7ca8d35368b7ddc611816face,0418a77b7087897a0ead6e10b9da2953bfee2ad9da1470ca98b7664e364a3024,0418a77b7087897a0ead6e10b9da2953bfee2ad9da1470ca98b7664e364a3024,256,256,float,TRUE,TRUE,FALSE,FALSE,0,0,0,0
candidate,2,measure,1,1000000,clustered_half,5,divide,1,typed_double,1,1024,0.327000000000002,0.327999999999999,1024,1,72ac528b7e885a755c34618238a03ae8cbc5ab330977a6b32c5ef330e0b98c7e,1d3c0c5563242b6607a6592048dc2fa1826ff1863cf43d4f44d5fa490b045076,83160af0c1b32eeffbea7a7680fc8fa8824133bf2669b646c3c9a02500722fe9,dd210ce658e7870361ec32bb75f35c37ac9507b234668b988ee597b20b3a1a78,e8c2c3714dfad8ccb787de83956aff6eadd8f5bf3b515e0083ff8aeca241ab2d,e8c2c3714dfad8ccb787de83956aff6eadd8f5bf3b515e0083ff8aeca241ab2d,500000,500000,double,FALSE,FALSE,FALSE,FALSE,0,0,0,0
candidate,2,measure,1,1000000,clustered_half,5,divide,1,compact,2,541,0.308000000000002,0.308,541,1,72ac528b7e885a755c34618238a03ae8cbc5ab330977a6b32c5ef330e0b98c7e,1d3c0c5563242b6607a6592048dc2fa1826ff1863cf43d4f44d5fa490b045076,025bf67b4aa5cf89e617cc08318ce5582fde64d4e33795fb3801e492102fb360,dd210ce658e7870361ec32bb75f35c37ac9507b234668b988ee597b20b3a1a78,0418a77b7087897a0ead6e10b9da2953bfee2ad9da1470ca98b7664e364a3024,0418a77b7087897a0ead6e10b9da2953bfee2ad9da1470ca98b7664e364a3024,500000,500000,float,TRUE,TRUE,FALSE,FALSE,0,0,0,0
candidate,2,measure,1,1000000,clustered_half,5,multiply,2,compact,1,541,0.297999999999998,0.299000000000003,541,1,72ac528b7e885a755c34618238a03ae8cbc5ab330977a6b32c5ef330e0b98c7e,1d3c0c5563242b6607a6592048dc2fa1826ff1863cf43d4f44d5fa490b045076,b58c64d8f49a32dd1252274eb6df288287216d753323b95dfecd81b377278935,dd210ce658e7870361ec32bb75f35c37ac9507b234668b988ee597b20b3a1a78,0418a77b7087897a0ead6e10b9da2953bfee2ad9da1470ca98b7664e364a3024,0418a77b7087897a0ead6e10b9da2953bfee2ad9da1470ca98b7664e364a3024,500000,500000,float,TRUE,TRUE,FALSE,FALSE,0,0,0,0
candidate,2,measure,1,1000000,clustered_half,5,multiply,2,typed_double,2,915,0.262,0.261999999999997,915,1,72ac528b7e885a755c34618238a03ae8cbc5ab330977a6b32c5ef330e0b98c7e,1d3c0c5563242b6607a6592048dc2fa1826ff1863cf43d4f44d5fa490b045076,b02448e7f84965a509b54be4b2c0272a60a165169fe5758145eec27b2a1b2ea9,dd210ce658e7870361ec32bb75f35c37ac9507b234668b988ee597b20b3a1a78,e8c2c3714dfad8ccb787de83956aff6eadd8f5bf3b515e0083ff8aeca241ab2d,e8c2c3714dfad8ccb787de83956aff6eadd8f5bf3b515e0083ff8aeca241ab2d,500000,500000,double,FALSE,FALSE,FALSE,FALSE,0,0,0,0
candidate,2,measure,1,1000000,clustered_half,5,subtract,3,typed_double,1,1130,0.318000000000001,0.318999999999999,1130,1,72ac528b7e885a755c34618238a03ae8cbc5ab330977a6b32c5ef330e0b98c7e,1d3c0c5563242b6607a6592048dc2fa1826ff1863cf43d4f44d5fa490b045076,efc88c2b9e2fc69297972b13305d545bc9b98235585b8a7c69c650c492a2e23e,dd210ce658e7870361ec32bb75f35c37ac9507b234668b988ee597b20b3a1a78,e8c2c3714dfad8ccb787de83956aff6eadd8f5bf3b515e0083ff8aeca241ab2d,e8c2c3714dfad8ccb787de83956aff6eadd8f5bf3b515e0083ff8aeca241ab2d,500000,500000,double,FALSE,FALSE,FALSE,FALSE,0,0,0,0
candidate,2,measure,1,1000000,clustered_half,5,subtract,3,compact,2,549,0.303000000000001,0.304000000000002,549,1,72ac528b7e885a755c34618238a03ae8cbc5ab330977a6b32c5ef330e0b98c7e,1d3c0c5563242b6607a6592048dc2fa1826ff1863cf43d4f44d5fa490b045076,c5697f922b38f8be8ef42932d64beda9530d73a109eb4f48cac5eafdeffa9db0,dd210ce658e7870361ec32bb75f35c37ac9507b234668b988ee597b20b3a1a78,0418a77b7087897a0ead6e10b9da2953bfee2ad9da1470ca98b7664e364a3024,0418a77b7087897a0ead6e10b9da2953bfee2ad9da1470ca98b7664e364a3024,500000,500000,float,TRUE,TRUE,FALSE,FALSE,0,0,0,0
candidate,2,measure,1,1000000,clustered_half,5,add,4,compact,1,541,0.298999999999996,0.300000000000001,541,1,72ac528b7e885a755c34618238a03ae8cbc5ab330977a6b32c5ef330e0b98c7e,1d3c0c5563242b6607a6592048dc2fa1826ff1863cf43d4f44d5fa490b045076,07fcca5b3425dcf6e55ea639c22733cb77ff907a47716df8c52124e35bb9fbfe,dd210ce658e7870361ec32bb75f35c37ac9507b234668b988ee597b20b3a1a78,0418a77b7087897a0ead6e10b9da2953bfee2ad9da1470ca98b7664e364a3024,0418a77b7087897a0ead6e10b9da2953bfee2ad9da1470ca98b7664e364a3024,500000,500000,float,TRUE,TRUE,FALSE,FALSE,0,0,0,0
candidate,2,measure,1,1000000,clustered_half,5,add,4,typed_double,2,1130,0.317,0.317,1130,1,72ac528b7e885a755c34618238a03ae8cbc5ab330977a6b32c5ef330e0b98c7e,1d3c0c5563242b6607a6592048dc2fa1826ff1863cf43d4f44d5fa490b045076,10a7942aa651223fed3ba69c8d2aa3fdfbdf7619c0d0a04415495c2c1363cfb8,dd210ce658e7870361ec32bb75f35c37ac9507b234668b988ee597b20b3a1a78,e8c2c3714dfad8ccb787de83956aff6eadd8f5bf3b515e0083ff8aeca241ab2d,e8c2c3714dfad8ccb787de83956aff6eadd8f5bf3b515e0083ff8aeca241ab2d,500000,500000,double,FALSE,FALSE,FALSE,FALSE,0,0,0,0
candidate,2,measure,1,1000000,random_half,6,divide,1,compact,1,350,0.318000000000005,0.318000000000005,350,1,b6b60ef8bb430be90e7239dd64b807cda383733b1048ca6748094e19e1003f06,6d001f63d9ce5612a17ed6ff62e0d269d6d862dde318265b90a63af3b92b0706,bb079602e37003a78aadfca99fa018913b2b3fb8ec696feb7099fb65c1c7dba7,30718b1b486380effd7b1cfea2860d277477b8909dc49eb8522afffbc6bc2b89,0418a77b7087897a0ead6e10b9da2953bfee2ad9da1470ca98b7664e364a3024,0418a77b7087897a0ead6e10b9da2953bfee2ad9da1470ca98b7664e364a3024,500000,500000,float,TRUE,TRUE,FALSE,FALSE,0,0,0,0
candidate,2,measure,1,1000000,random_half,6,divide,1,typed_double,2,1053,0.319000000000005,0.317999999999998,1053,1,b6b60ef8bb430be90e7239dd64b807cda383733b1048ca6748094e19e1003f06,6d001f63d9ce5612a17ed6ff62e0d269d6d862dde318265b90a63af3b92b0706,86070650af7b970f08a28b072998cc372186bdf3df0092e4e49e8c1dc1d19b28,30718b1b486380effd7b1cfea2860d277477b8909dc49eb8522afffbc6bc2b89,e8c2c3714dfad8ccb787de83956aff6eadd8f5bf3b515e0083ff8aeca241ab2d,e8c2c3714dfad8ccb787de83956aff6eadd8f5bf3b515e0083ff8aeca241ab2d,500000,500000,double,FALSE,FALSE,FALSE,FALSE,0,0,0,0
candidate,2,measure,1,1000000,random_half,6,multiply,2,typed_double,1,1147,0.320999999999998,0.322000000000003,1147,1,b6b60ef8bb430be90e7239dd64b807cda383733b1048ca6748094e19e1003f06,6d001f63d9ce5612a17ed6ff62e0d269d6d862dde318265b90a63af3b92b0706,a884a5b937ac6944f0815b6c0e57bcd8e8abdfb5ca14ceb4c064ef23744bd71a,30718b1b486380effd7b1cfea2860d277477b8909dc49eb8522afffbc6bc2b89,e8c2c3714dfad8ccb787de83956aff6eadd8f5bf3b515e0083ff8aeca241ab2d,e8c2c3714dfad8ccb787de83956aff6eadd8f5bf3b515e0083ff8aeca241ab2d,500000,500000,double,FALSE,FALSE,FALSE,FALSE,0,0,0,0
candidate,2,measure,1,1000000,random_half,6,multiply,2,compact,2,287,0.248000000000005,0.249000000000002,287,1,b6b60ef8bb430be90e7239dd64b807cda383733b1048ca6748094e19e1003f06,6d001f63d9ce5612a17ed6ff62e0d269d6d862dde318265b90a63af3b92b0706,52858cc82fe2d48b402afcf73363ef8dcad17f91b5684ffba771be6f6a6f4884,30718b1b486380effd7b1cfea2860d277477b8909dc49eb8522afffbc6bc2b89,0418a77b7087897a0ead6e10b9da2953bfee2ad9da1470ca98b7664e364a3024,0418a77b7087897a0ead6e10b9da2953bfee2ad9da1470ca98b7664e364a3024,500000,500000,float,TRUE,TRUE,FALSE,FALSE,0,0,0,0
candidate,2,measure,1,1000000,random_half,6,subtract,3,compact,1,350,0.305,0.304000000000002,350,1,b6b60ef8bb430be90e7239dd64b807cda383733b1048ca6748094e19e1003f06,6d001f63d9ce5612a17ed6ff62e0d269d6d862dde318265b90a63af3b92b0706,0977e4c376f876f729091ad143045977b47f25c3e39f44906e53226792c66d09,30718b1b486380effd7b1cfea2860d277477b8909dc49eb8522afffbc6bc2b89,0418a77b7087897a0ead6e10b9da2953bfee2ad9da1470ca98b7664e364a3024,0418a77b7087897a0ead6e10b9da2953bfee2ad9da1470ca98b7664e364a3024,500000,500000,float,TRUE,TRUE,FALSE,FALSE,0,0,0,0
candidate,2,measure,1,1000000,random_half,6,subtract,3,typed_double,2,1130,0.320000000000003,0.318999999999996,1130,1,b6b60ef8bb430be90e7239dd64b807cda383733b1048ca6748094e19e1003f06,6d001f63d9ce5612a17ed6ff62e0d269d6d862dde318265b90a63af3b92b0706,98bc8ff9af692ead61bb42ce3d313da378f7ebf5bea0cce023d0267baccfff00,30718b1b486380effd7b1cfea2860d277477b8909dc49eb8522afffbc6bc2b89,e8c2c3714dfad8ccb787de83956aff6eadd8f5bf3b515e0083ff8aeca241ab2d,e8c2c3714dfad8ccb787de83956aff6eadd8f5bf3b515e0083ff8aeca241ab2d,500000,500000,double,FALSE,FALSE,FALSE,FALSE,0,0,0,0
candidate,2,measure,1,1000000,random_half,6,add,4,typed_double,1,1130,0.333999999999998,0.332000000000001,1130,1,b6b60ef8bb430be90e7239dd64b807cda383733b1048ca6748094e19e1003f06,6d001f63d9ce5612a17ed6ff62e0d269d6d862dde318265b90a63af3b92b0706,355e852b13c998c602bf0f39fe137d5f8562900a8d72e8fba5a01d4d0efef67e,30718b1b486380effd7b1cfea2860d277477b8909dc49eb8522afffbc6bc2b89,e8c2c3714dfad8ccb787de83956aff6eadd8f5bf3b515e0083ff8aeca241ab2d,e8c2c3714dfad8ccb787de83956aff6eadd8f5bf3b515e0083ff8aeca241ab2d,500000,500000,double,FALSE,FALSE,FALSE,FALSE,0,0,0,0
candidate,2,measure,1,1000000,random_half,6,add,4,compact,2,350,0.301999999999995,0.300999999999995,350,1,b6b60ef8bb430be90e7239dd64b807cda383733b1048ca6748094e19e1003f06,6d001f63d9ce5612a17ed6ff62e0d269d6d862dde318265b90a63af3b92b0706,6b76f3bb98139bd84054294cebf89160afe822765e6b53998b6e5f12429a1357,30718b1b486380effd7b1cfea2860d277477b8909dc49eb8522afffbc6bc2b89,0418a77b7087897a0ead6e10b9da2953bfee2ad9da1470ca98b7664e364a3024,0418a77b7087897a0ead6e10b9da2953bfee2ad9da1470ca98b7664e364a3024,500000,500000,float,TRUE,TRUE,FALSE,FALSE,0,0,0,0
candidate,2,measure,1,1000000,sparse,7,divide,1,typed_double,1,1038,0.312999999999998,0.313000000000002,1038,1,8cb390f4310bb5332e9085281aa52e5236aecd65b982d0e3a7e9174fe845527e,4ff8e31f35ef7231c619440044b989f14d0c2459692ffaf4249d0c6f088eb1cd,b5e497d0bf0ffe91ebc90f020c1418218eae5cef8ab084b16638c31e0a7fd996,2c3d712c4b869db707211a9641b70f4fcf04eb0bc5000f397325e704b05a2a63,e8c2c3714dfad8ccb787de83956aff6eadd8f5bf3b515e0083ff8aeca241ab2d,e8c2c3714dfad8ccb787de83956aff6eadd8f5bf3b515e0083ff8aeca241ab2d,1003,1003,double,FALSE,FALSE,FALSE,FALSE,0,0,0,0
candidate,2,measure,1,1000000,sparse,7,divide,1,compact,2,949,0.303000000000004,0.303000000000004,949,1,8cb390f4310bb5332e9085281aa52e5236aecd65b982d0e3a7e9174fe845527e,4ff8e31f35ef7231c619440044b989f14d0c2459692ffaf4249d0c6f088eb1cd,7cd5af9e05a188d4704876cfdb85ac5034d3d5a1e396bdb3dfc44f37237baea7,2c3d712c4b869db707211a9641b70f4fcf04eb0bc5000f397325e704b05a2a63,0418a77b7087897a0ead6e10b9da2953bfee2ad9da1470ca98b7664e364a3024,0418a77b7087897a0ead6e10b9da2953bfee2ad9da1470ca98b7664e364a3024,1003,1003,float,TRUE,TRUE,FALSE,FALSE,0,0,0,0
candidate,2,measure,1,1000000,sparse,7,multiply,2,compact,1,753,0.225000000000001,0.225000000000001,753,1,8cb390f4310bb5332e9085281aa52e5236aecd65b982d0e3a7e9174fe845527e,4ff8e31f35ef7231c619440044b989f14d0c2459692ffaf4249d0c6f088eb1cd,c58bc992720c328eca610e60f8c3f93d7d61df77946cf51b8626b0d8b78368ef,2c3d712c4b869db707211a9641b70f4fcf04eb0bc5000f397325e704b05a2a63,0418a77b7087897a0ead6e10b9da2953bfee2ad9da1470ca98b7664e364a3024,0418a77b7087897a0ead6e10b9da2953bfee2ad9da1470ca98b7664e364a3024,1003,1003,float,TRUE,TRUE,FALSE,FALSE,0,0,0,0
candidate,2,measure,1,1000000,sparse,7,multiply,2,typed_double,2,1147,0.323000000000003,0.322000000000003,1147,1,8cb390f4310bb5332e9085281aa52e5236aecd65b982d0e3a7e9174fe845527e,4ff8e31f35ef7231c619440044b989f14d0c2459692ffaf4249d0c6f088eb1cd,ea87b3dd63bfda18195aef508608398181a11f876a570f6017c0c100c3497f49,2c3d712c4b869db707211a9641b70f4fcf04eb0bc5000f397325e704b05a2a63,e8c2c3714dfad8ccb787de83956aff6eadd8f5bf3b515e0083ff8aeca241ab2d,e8c2c3714dfad8ccb787de83956aff6eadd8f5bf3b515e0083ff8aeca241ab2d,1003,1003,double,FALSE,FALSE,FALSE,FALSE,0,0,0,0
candidate,2,measure,1,1000000,sparse,7,subtract,3,typed_double,1,1130,0.316000000000003,0.315999999999995,1130,1,8cb390f4310bb5332e9085281aa52e5236aecd65b982d0e3a7e9174fe845527e,4ff8e31f35ef7231c619440044b989f14d0c2459692ffaf4249d0c6f088eb1cd,5dbef6a14bd33ea02b60ee3c940050585fc891f61a49d29253c64524c4390951,2c3d712c4b869db707211a9641b70f4fcf04eb0bc5000f397325e704b05a2a63,e8c2c3714dfad8ccb787de83956aff6eadd8f5bf3b515e0083ff8aeca241ab2d,e8c2c3714dfad8ccb787de83956aff6eadd8f5bf3b515e0083ff8aeca241ab2d,1003,1003,double,FALSE,FALSE,FALSE,FALSE,0,0,0,0
candidate,2,measure,1,1000000,sparse,7,subtract,3,compact,2,998,0.297000000000004,0.297000000000004,998,1,8cb390f4310bb5332e9085281aa52e5236aecd65b982d0e3a7e9174fe845527e,4ff8e31f35ef7231c619440044b989f14d0c2459692ffaf4249d0c6f088eb1cd,7125e60e6e7d4c92d9ed561efe37cfccac1593072e770a4f8d2a58f04113d3ae,2c3d712c4b869db707211a9641b70f4fcf04eb0bc5000f397325e704b05a2a63,0418a77b7087897a0ead6e10b9da2953bfee2ad9da1470ca98b7664e364a3024,0418a77b7087897a0ead6e10b9da2953bfee2ad9da1470ca98b7664e364a3024,1003,1003,float,TRUE,TRUE,FALSE,FALSE,0,0,0,0
candidate,2,measure,1,1000000,sparse,7,add,4,compact,1,1024,0.298000000000002,0.298000000000002,1024,1,8cb390f4310bb5332e9085281aa52e5236aecd65b982d0e3a7e9174fe845527e,4ff8e31f35ef7231c619440044b989f14d0c2459692ffaf4249d0c6f088eb1cd,9c2be51cd37c2d7977f794fada049c7c9ccc4011c9f81b26e042008f01cdd93e,2c3d712c4b869db707211a9641b70f4fcf04eb0bc5000f397325e704b05a2a63,0418a77b7087897a0ead6e10b9da2953bfee2ad9da1470ca98b7664e364a3024,0418a77b7087897a0ead6e10b9da2953bfee2ad9da1470ca98b7664e364a3024,1003,1003,float,TRUE,TRUE,FALSE,FALSE,0,0,0,0
candidate,2,measure,1,1000000,sparse,7,add,4,typed_double,2,1130,0.321999999999996,0.323,1130,1,8cb390f4310bb5332e9085281aa52e5236aecd65b982d0e3a7e9174fe845527e,4ff8e31f35ef7231c619440044b989f14d0c2459692ffaf4249d0c6f088eb1cd,c79c2ec291260c6f8d03c327d90d493416937a3f3bc9b85742b51e17a8fb7647,2c3d712c4b869db707211a9641b70f4fcf04eb0bc5000f397325e704b05a2a63,e8c2c3714dfad8ccb787de83956aff6eadd8f5bf3b515e0083ff8aeca241ab2d,e8c2c3714dfad8ccb787de83956aff6eadd8f5bf3b515e0083ff8aeca241ab2d,1003,1003,double,FALSE,FALSE,FALSE,FALSE,0,0,0,0
baseline,2,measure,1,1000000,none,1,divide,1,ordinary,1,926,0.339,0.339,0,0,7f1c1a27229f7a699fa85ff90b5be1266497c462407b39b11f6d94015af8e8ad,8dbe5f139fd946d4cd84e8cc612cd9f68cbc87e394457884acc0c5dad56dd8dd,94a902460bdb0445cf55fb22367b59bd4ca3f1ff73823aa1758bd6c7f1b6b58d,8dbe5f139fd946d4cd84e8cc612cd9f68cbc87e394457884acc0c5dad56dd8dd,71557d1c8bac9bbe3cbec8d00bb223a2f372279827064095447e569fbf5a760a,71557d1c8bac9bbe3cbec8d00bb223a2f372279827064095447e569fbf5a760a,0,0,,FALSE,FALSE,FALSE,FALSE,0,0,0,0
baseline,2,measure,1,1000000,none,1,divide,1,compact,2,686,0.299,0.299,686,1,7f1c1a27229f7a699fa85ff90b5be1266497c462407b39b11f6d94015af8e8ad,8dbe5f139fd946d4cd84e8cc612cd9f68cbc87e394457884acc0c5dad56dd8dd,1591013955a37eeca2ef03255d8659f041a956e2e6d6666478490b7f17a3ed59,8dbe5f139fd946d4cd84e8cc612cd9f68cbc87e394457884acc0c5dad56dd8dd,0418a77b7087897a0ead6e10b9da2953bfee2ad9da1470ca98b7664e364a3024,0418a77b7087897a0ead6e10b9da2953bfee2ad9da1470ca98b7664e364a3024,0,0,float,TRUE,TRUE,FALSE,FALSE,0,0,0,0
baseline,2,measure,1,1000000,none,1,divide,1,typed_double,3,854,0.269,0.269,854,1,7f1c1a27229f7a699fa85ff90b5be1266497c462407b39b11f6d94015af8e8ad,8dbe5f139fd946d4cd84e8cc612cd9f68cbc87e394457884acc0c5dad56dd8dd,94a902460bdb0445cf55fb22367b59bd4ca3f1ff73823aa1758bd6c7f1b6b58d,8dbe5f139fd946d4cd84e8cc612cd9f68cbc87e394457884acc0c5dad56dd8dd,e8c2c3714dfad8ccb787de83956aff6eadd8f5bf3b515e0083ff8aeca241ab2d,e8c2c3714dfad8ccb787de83956aff6eadd8f5bf3b515e0083ff8aeca241ab2d,0,0,double,FALSE,FALSE,FALSE,FALSE,0,0,0,0
baseline,2,measure,1,1000000,none,1,multiply,2,typed_double,1,915,0.268,0.268,915,1,7f1c1a27229f7a699fa85ff90b5be1266497c462407b39b11f6d94015af8e8ad,8dbe5f139fd946d4cd84e8cc612cd9f68cbc87e394457884acc0c5dad56dd8dd,f26b519d09797e4f4941392e4b52f307c71832f0aaad54da617e9078fe055e1c,8dbe5f139fd946d4cd84e8cc612cd9f68cbc87e394457884acc0c5dad56dd8dd,e8c2c3714dfad8ccb787de83956aff6eadd8f5bf3b515e0083ff8aeca241ab2d,e8c2c3714dfad8ccb787de83956aff6eadd8f5bf3b515e0083ff8aeca241ab2d,0,0,double,FALSE,FALSE,FALSE,FALSE,0,0,0,0
baseline,2,measure,1,1000000,none,1,multiply,2,ordinary,2,1200,0.328,0.328,0,0,7f1c1a27229f7a699fa85ff90b5be1266497c462407b39b11f6d94015af8e8ad,8dbe5f139fd946d4cd84e8cc612cd9f68cbc87e394457884acc0c5dad56dd8dd,f26b519d09797e4f4941392e4b52f307c71832f0aaad54da617e9078fe055e1c,8dbe5f139fd946d4cd84e8cc612cd9f68cbc87e394457884acc0c5dad56dd8dd,71557d1c8bac9bbe3cbec8d00bb223a2f372279827064095447e569fbf5a760a,71557d1c8bac9bbe3cbec8d00bb223a2f372279827064095447e569fbf5a760a,0,0,,FALSE,FALSE,FALSE,FALSE,0,0,0,0
baseline,2,measure,1,1000000,none,1,multiply,2,compact,3,699,0.294,0.294,699,1,7f1c1a27229f7a699fa85ff90b5be1266497c462407b39b11f6d94015af8e8ad,8dbe5f139fd946d4cd84e8cc612cd9f68cbc87e394457884acc0c5dad56dd8dd,72cc5cf98cf5a5166668db2e8420adb3bc862ec1b003fbdd7aeb0a9746f22870,8dbe5f139fd946d4cd84e8cc612cd9f68cbc87e394457884acc0c5dad56dd8dd,0418a77b7087897a0ead6e10b9da2953bfee2ad9da1470ca98b7664e364a3024,0418a77b7087897a0ead6e10b9da2953bfee2ad9da1470ca98b7664e364a3024,0,0,float,TRUE,TRUE,FALSE,FALSE,0,0,0,0
baseline,2,measure,1,1000000,none,1,subtract,3,typed_double,1,1098,0.335,0.335,1098,1,7f1c1a27229f7a699fa85ff90b5be1266497c462407b39b11f6d94015af8e8ad,8dbe5f139fd946d4cd84e8cc612cd9f68cbc87e394457884acc0c5dad56dd8dd,13a3239df0a7d9c4766e9cb1022fe126007afc38c9539ef233ed4bf785d961fa,8dbe5f139fd946d4cd84e8cc612cd9f68cbc87e394457884acc0c5dad56dd8dd,e8c2c3714dfad8ccb787de83956aff6eadd8f5bf3b515e0083ff8aeca241ab2d,e8c2c3714dfad8ccb787de83956aff6eadd8f5bf3b515e0083ff8aeca241ab2d,0,0,double,FALSE,FALSE,FALSE,FALSE,0,0,0,0
baseline,2,measure,1,1000000,none,1,subtract,3,compact,2,712,0.299,0.299,712,1,7f1c1a27229f7a699fa85ff90b5be1266497c462407b39b11f6d94015af8e8ad,8dbe5f139fd946d4cd84e8cc612cd9f68cbc87e394457884acc0c5dad56dd8dd,73750801b993e37ef9c262c8c6c20433be5d4f8f21bfd0757cae3f70c74eda3f,8dbe5f139fd946d4cd84e8cc612cd9f68cbc87e394457884acc0c5dad56dd8dd,0418a77b7087897a0ead6e10b9da2953bfee2ad9da1470ca98b7664e364a3024,0418a77b7087897a0ead6e10b9da2953bfee2ad9da1470ca98b7664e364a3024,0,0,float,TRUE,TRUE,FALSE,FALSE,0,0,0,0
baseline,2,measure,1,1000000,none,1,subtract,3,ordinary,3,1182,0.324,0.324,0,0,7f1c1a27229f7a699fa85ff90b5be1266497c462407b39b11f6d94015af8e8ad,8dbe5f139fd946d4cd84e8cc612cd9f68cbc87e394457884acc0c5dad56dd8dd,13a3239df0a7d9c4766e9cb1022fe126007afc38c9539ef233ed4bf785d961fa,8dbe5f139fd946d4cd84e8cc612cd9f68cbc87e394457884acc0c5dad56dd8dd,71557d1c8bac9bbe3cbec8d00bb223a2f372279827064095447e569fbf5a760a,71557d1c8bac9bbe3cbec8d00bb223a2f372279827064095447e569fbf5a760a,0,0,,FALSE,FALSE,FALSE,FALSE,0,0,0,0
baseline,2,measure,1,1000000,none,1,add,4,compact,1,725,0.303999999999999,0.305,725,1,7f1c1a27229f7a699fa85ff90b5be1266497c462407b39b11f6d94015af8e8ad,8dbe5f139fd946d4cd84e8cc612cd9f68cbc87e394457884acc0c5dad56dd8dd,6f4e6deefcbd4cb8847d97ac43d7047c827b45b8a7d41e59355544434442b07b,8dbe5f139fd946d4cd84e8cc612cd9f68cbc87e394457884acc0c5dad56dd8dd,0418a77b7087897a0ead6e10b9da2953bfee2ad9da1470ca98b7664e364a3024,0418a77b7087897a0ead6e10b9da2953bfee2ad9da1470ca98b7664e364a3024,0,0,float,TRUE,TRUE,FALSE,FALSE,0,0,0,0
baseline,2,measure,1,1000000,none,1,add,4,ordinary,2,1239,0.335999999999999,0.334999999999999,0,0,7f1c1a27229f7a699fa85ff90b5be1266497c462407b39b11f6d94015af8e8ad,8dbe5f139fd946d4cd84e8cc612cd9f68cbc87e394457884acc0c5dad56dd8dd,292e89d47e6240bb2914ef7ad37d7e757276712199771e9df56100a008a8cb8c,8dbe5f139fd946d4cd84e8cc612cd9f68cbc87e394457884acc0c5dad56dd8dd,71557d1c8bac9bbe3cbec8d00bb223a2f372279827064095447e569fbf5a760a,71557d1c8bac9bbe3cbec8d00bb223a2f372279827064095447e569fbf5a760a,0,0,,FALSE,FALSE,FALSE,FALSE,0,0,0,0
baseline,2,measure,1,1000000,none,1,add,4,typed_double,3,1114,0.335,0.335000000000001,1114,1,7f1c1a27229f7a699fa85ff90b5be1266497c462407b39b11f6d94015af8e8ad,8dbe5f139fd946d4cd84e8cc612cd9f68cbc87e394457884acc0c5dad56dd8dd,292e89d47e6240bb2914ef7ad37d7e757276712199771e9df56100a008a8cb8c,8dbe5f139fd946d4cd84e8cc612cd9f68cbc87e394457884acc0c5dad56dd8dd,e8c2c3714dfad8ccb787de83956aff6eadd8f5bf3b515e0083ff8aeca241ab2d,e8c2c3714dfad8ccb787de83956aff6eadd8f5bf3b515e0083ff8aeca241ab2d,0,0,double,FALSE,FALSE,FALSE,FALSE,0,0,0,0
baseline,2,measure,1,1000000,all_tags,2,divide,1,compact,1,534,0.300999999999998,0.301,534,1,27ad0fd15ffcc1bf50ce4e82dc19749a5d76c28e5f77c0dfb2e1a0146023823c,74f9a5d0f01860a6547249f6205a49da91245cb9db41112e4e920b025218dd95,9ffc0380039738708c4659192475d1725e834e73fa28723ceb64d722b0994aef,1574ffadfcad3245cd83f3552908b258f1a96e142112f95cc2e77c92396da835,0418a77b7087897a0ead6e10b9da2953bfee2ad9da1470ca98b7664e364a3024,0418a77b7087897a0ead6e10b9da2953bfee2ad9da1470ca98b7664e364a3024,1000000,1000000,float,TRUE,TRUE,FALSE,FALSE,0,0,0,0
baseline,2,measure,1,1000000,all_tags,2,divide,1,typed_double,2,854,0.268000000000001,0.266999999999999,854,1,27ad0fd15ffcc1bf50ce4e82dc19749a5d76c28e5f77c0dfb2e1a0146023823c,74f9a5d0f01860a6547249f6205a49da91245cb9db41112e4e920b025218dd95,9ffc0380039738708c4659192475d1725e834e73fa28723ceb64d722b0994aef,1574ffadfcad3245cd83f3552908b258f1a96e142112f95cc2e77c92396da835,e8c2c3714dfad8ccb787de83956aff6eadd8f5bf3b515e0083ff8aeca241ab2d,e8c2c3714dfad8ccb787de83956aff6eadd8f5bf3b515e0083ff8aeca241ab2d,1000000,1000000,double,FALSE,FALSE,FALSE,FALSE,0,0,0,0
baseline,2,measure,1,1000000,all_tags,2,multiply,2,typed_double,1,1114,0.334,0.334,1114,1,27ad0fd15ffcc1bf50ce4e82dc19749a5d76c28e5f77c0dfb2e1a0146023823c,74f9a5d0f01860a6547249f6205a49da91245cb9db41112e4e920b025218dd95,9ffc0380039738708c4659192475d1725e834e73fa28723ceb64d722b0994aef,1574ffadfcad3245cd83f3552908b258f1a96e142112f95cc2e77c92396da835,e8c2c3714dfad8ccb787de83956aff6eadd8f5bf3b515e0083ff8aeca241ab2d,e8c2c3714dfad8ccb787de83956aff6eadd8f5bf3b515e0083ff8aeca241ab2d,1000000,1000000,double,FALSE,FALSE,FALSE,FALSE,0,0,0,0
baseline,2,measure,1,1000000,all_tags,2,multiply,2,compact,2,557,0.303,0.302999999999999,557,1,27ad0fd15ffcc1bf50ce4e82dc19749a5d76c28e5f77c0dfb2e1a0146023823c,74f9a5d0f01860a6547249f6205a49da91245cb9db41112e4e920b025218dd95,9ffc0380039738708c4659192475d1725e834e73fa28723ceb64d722b0994aef,1574ffadfcad3245cd83f3552908b258f1a96e142112f95cc2e77c92396da835,0418a77b7087897a0ead6e10b9da2953bfee2ad9da1470ca98b7664e364a3024,0418a77b7087897a0ead6e10b9da2953bfee2ad9da1470ca98b7664e364a3024,1000000,1000000,float,TRUE,TRUE,FALSE,FALSE,0,0,0,0
baseline,2,measure,1,1000000,all_tags,2,subtract,3,compact,1,557,0.302,0.302999999999999,557,1,27ad0fd15ffcc1bf50ce4e82dc19749a5d76c28e5f77c0dfb2e1a0146023823c,74f9a5d0f01860a6547249f6205a49da91245cb9db41112e4e920b025218dd95,9ffc0380039738708c4659192475d1725e834e73fa28723ceb64d722b0994aef,1574ffadfcad3245cd83f3552908b258f1a96e142112f95cc2e77c92396da835,0418a77b7087897a0ead6e10b9da2953bfee2ad9da1470ca98b7664e364a3024,0418a77b7087897a0ead6e10b9da2953bfee2ad9da1470ca98b7664e364a3024,1000000,1000000,float,TRUE,TRUE,FALSE,FALSE,0,0,0,0
baseline,2,measure,1,1000000,all_tags,2,subtract,3,typed_double,2,1114,0.332000000000001,0.333,1114,1,27ad0fd15ffcc1bf50ce4e82dc19749a5d76c28e5f77c0dfb2e1a0146023823c,74f9a5d0f01860a6547249f6205a49da91245cb9db41112e4e920b025218dd95,9ffc0380039738708c4659192475d1725e834e73fa28723ceb64d722b0994aef,1574ffadfcad3245cd83f3552908b258f1a96e142112f95cc2e77c92396da835,e8c2c3714dfad8ccb787de83956aff6eadd8f5bf3b515e0083ff8aeca241ab2d,e8c2c3714dfad8ccb787de83956aff6eadd8f5bf3b515e0083ff8aeca241ab2d,1000000,1000000,double,FALSE,FALSE,FALSE,FALSE,0,0,0,0
baseline,2,measure,1,1000000,all_tags,2,add,4,typed_double,1,1130,0.324,0.324,1130,1,27ad0fd15ffcc1bf50ce4e82dc19749a5d76c28e5f77c0dfb2e1a0146023823c,74f9a5d0f01860a6547249f6205a49da91245cb9db41112e4e920b025218dd95,9ffc0380039738708c4659192475d1725e834e73fa28723ceb64d722b0994aef,1574ffadfcad3245cd83f3552908b258f1a96e142112f95cc2e77c92396da835,e8c2c3714dfad8ccb787de83956aff6eadd8f5bf3b515e0083ff8aeca241ab2d,e8c2c3714dfad8ccb787de83956aff6eadd8f5bf3b515e0083ff8aeca241ab2d,1000000,1000000,double,FALSE,FALSE,FALSE,FALSE,0,0,0,0
baseline,2,measure,1,1000000,all_tags,2,add,4,compact,2,557,0.319000000000001,0.318,557,1,27ad0fd15ffcc1bf50ce4e82dc19749a5d76c28e5f77c0dfb2e1a0146023823c,74f9a5d0f01860a6547249f6205a49da91245cb9db41112e4e920b025218dd95,9ffc0380039738708c4659192475d1725e834e73fa28723ceb64d722b0994aef,1574ffadfcad3245cd83f3552908b258f1a96e142112f95cc2e77c92396da835,0418a77b7087897a0ead6e10b9da2953bfee2ad9da1470ca98b7664e364a3024,0418a77b7087897a0ead6e10b9da2953bfee2ad9da1470ca98b7664e364a3024,1000000,1000000,float,TRUE,TRUE,FALSE,FALSE,0,0,0,0
baseline,2,measure,1,1000000,suffix256,3,divide,1,typed_double,1,1038,0.318,0.317,1038,1,b38da76a0bf8f72e59074e4463b94231f873a1ddf7c027778214fc73daff29f4,9381174d5a5c0056365a99d2e08f017e8e0fb6180967a7e6d7598196faa41fe2,7b288c3a11028a99daad5072816bc596661252acce990ed434c1bcd8450082d9,7dd3c12d784e621bc75114205a7f98be85940c915e020c1372e35d98a1b271bc,e8c2c3714dfad8ccb787de83956aff6eadd8f5bf3b515e0083ff8aeca241ab2d,e8c2c3714dfad8ccb787de83956aff6eadd8f5bf3b515e0083ff8aeca241ab2d,256,256,double,FALSE,FALSE,FALSE,FALSE,0,0,0,0
baseline,2,measure,1,1000000,suffix256,3,divide,1,compact,2,534,0.301000000000001,0.300999999999998,534,1,b38da76a0bf8f72e59074e4463b94231f873a1ddf7c027778214fc73daff29f4,9381174d5a5c0056365a99d2e08f017e8e0fb6180967a7e6d7598196faa41fe2,24114da746c52d603149cc8b90e4df0716cbe88e43c70d8530cbb83c03917cd5,7dd3c12d784e621bc75114205a7f98be85940c915e020c1372e35d98a1b271bc,0418a77b7087897a0ead6e10b9da2953bfee2ad9da1470ca98b7664e364a3024,0418a77b7087897a0ead6e10b9da2953bfee2ad9da1470ca98b7664e364a3024,256,256,float,TRUE,TRUE,FALSE,FALSE,0,0,0,0
baseline,2,measure,1,1000000,suffix256,3,multiply,2,compact,1,541,0.295000000000002,0.295999999999999,541,1,b38da76a0bf8f72e59074e4463b94231f873a1ddf7c027778214fc73daff29f4,9381174d5a5c0056365a99d2e08f017e8e0fb6180967a7e6d7598196faa41fe2,bbb0344652a96cc23ac4f06e9785146860bfbd677c72c0edcd2f8c3580d560de,7dd3c12d784e621bc75114205a7f98be85940c915e020c1372e35d98a1b271bc,0418a77b7087897a0ead6e10b9da2953bfee2ad9da1470ca98b7664e364a3024,0418a77b7087897a0ead6e10b9da2953bfee2ad9da1470ca98b7664e364a3024,256,256,float,TRUE,TRUE,FALSE,FALSE,0,0,0,0
baseline,2,measure,1,1000000,suffix256,3,multiply,2,typed_double,2,915,0.250999999999998,0.251999999999999,915,1,b38da76a0bf8f72e59074e4463b94231f873a1ddf7c027778214fc73daff29f4,9381174d5a5c0056365a99d2e08f017e8e0fb6180967a7e6d7598196faa41fe2,be18b0001d95c130e93bb80d453f927c725dc11a02c22824fd092ee8adb88f8c,7dd3c12d784e621bc75114205a7f98be85940c915e020c1372e35d98a1b271bc,e8c2c3714dfad8ccb787de83956aff6eadd8f5bf3b515e0083ff8aeca241ab2d,e8c2c3714dfad8ccb787de83956aff6eadd8f5bf3b515e0083ff8aeca241ab2d,256,256,double,FALSE,FALSE,FALSE,FALSE,0,0,0,0
baseline,2,measure,1,1000000,suffix256,3,subtract,3,typed_double,1,1114,0.317,0.318000000000001,1114,1,b38da76a0bf8f72e59074e4463b94231f873a1ddf7c027778214fc73daff29f4,9381174d5a5c0056365a99d2e08f017e8e0fb6180967a7e6d7598196faa41fe2,902119eaaa7bebe54be150b29f406b8cf060a7b96185baaf79c97e14dad3f863,7dd3c12d784e621bc75114205a7f98be85940c915e020c1372e35d98a1b271bc,e8c2c3714dfad8ccb787de83956aff6eadd8f5bf3b515e0083ff8aeca241ab2d,e8c2c3714dfad8ccb787de83956aff6eadd8f5bf3b515e0083ff8aeca241ab2d,256,256,double,FALSE,FALSE,FALSE,FALSE,0,0,0,0
baseline,2,measure,1,1000000,suffix256,3,subtract,3,compact,2,541,0.295000000000002,0.295000000000002,541,1,b38da76a0bf8f72e59074e4463b94231f873a1ddf7c027778214fc73daff29f4,9381174d5a5c0056365a99d2e08f017e8e0fb6180967a7e6d7598196faa41fe2,2e8b9a52242656d84d6c914b5187c8ff371ed496c9ac68c5265226a85c7c63ce,7dd3c12d784e621bc75114205a7f98be85940c915e020c1372e35d98a1b271bc,0418a77b7087897a0ead6e10b9da2953bfee2ad9da1470ca98b7664e364a3024,0418a77b7087897a0ead6e10b9da2953bfee2ad9da1470ca98b7664e364a3024,256,256,float,TRUE,TRUE,FALSE,FALSE,0,0,0,0
baseline,2,measure,1,1000000,suffix256,3,add,4,compact,1,557,0.315999999999999,0.316000000000003,557,1,b38da76a0bf8f72e59074e4463b94231f873a1ddf7c027778214fc73daff29f4,9381174d5a5c0056365a99d2e08f017e8e0fb6180967a7e6d7598196faa41fe2,0bffebdab0ac6248f91ba88e1cb34ad47800183c79febee2181a94085774e5f8,7dd3c12d784e621bc75114205a7f98be85940c915e020c1372e35d98a1b271bc,0418a77b7087897a0ead6e10b9da2953bfee2ad9da1470ca98b7664e364a3024,0418a77b7087897a0ead6e10b9da2953bfee2ad9da1470ca98b7664e364a3024,256,256,float,TRUE,TRUE,FALSE,FALSE,0,0,0,0
baseline,2,measure,1,1000000,suffix256,3,add,4,typed_double,2,1130,0.327999999999998,0.327999999999999,1130,1,b38da76a0bf8f72e59074e4463b94231f873a1ddf7c027778214fc73daff29f4,9381174d5a5c0056365a99d2e08f017e8e0fb6180967a7e6d7598196faa41fe2,7326157ff492d94ccc459e73dd7161eb5f07a6c0e7ac687c3b8c4bdceab43d2e,7dd3c12d784e621bc75114205a7f98be85940c915e020c1372e35d98a1b271bc,e8c2c3714dfad8ccb787de83956aff6eadd8f5bf3b515e0083ff8aeca241ab2d,e8c2c3714dfad8ccb787de83956aff6eadd8f5bf3b515e0083ff8aeca241ab2d,256,256,double,FALSE,FALSE,FALSE,FALSE,0,0,0,0
baseline,2,measure,1,1000000,prefix256,4,divide,1,compact,1,534,0.313999999999999,0.312999999999999,534,1,7672490e19c58995dd8bc09ade0a2a8bcde6085cc76a95e6a2a68b700e661547,4f6a42db5f898f2e6efd550a2d023a17ce9371fa2066ce4c64161c3c65910d42,39cde0f370deb96aa360cc51297f1425619fc62c5aab9cbf474c5077748c43e5,24b32a51b9e59fdea8ab6db43f52e06894c1eed7ca8d35368b7ddc611816face,0418a77b7087897a0ead6e10b9da2953bfee2ad9da1470ca98b7664e364a3024,0418a77b7087897a0ead6e10b9da2953bfee2ad9da1470ca98b7664e364a3024,256,256,float,TRUE,TRUE,FALSE,FALSE,0,0,0,0
baseline,2,measure,1,1000000,prefix256,4,divide,1,typed_double,2,1038,0.316000000000003,0.315999999999999,1038,1,7672490e19c58995dd8bc09ade0a2a8bcde6085cc76a95e6a2a68b700e661547,4f6a42db5f898f2e6efd550a2d023a17ce9371fa2066ce4c64161c3c65910d42,cc75681b846788b45e94e2a5045461a21454f1fb812a76825abfb8d5b8560046,24b32a51b9e59fdea8ab6db43f52e06894c1eed7ca8d35368b7ddc611816face,e8c2c3714dfad8ccb787de83956aff6eadd8f5bf3b515e0083ff8aeca241ab2d,e8c2c3714dfad8ccb787de83956aff6eadd8f5bf3b515e0083ff8aeca241ab2d,256,256,double,FALSE,FALSE,FALSE,FALSE,0,0,0,0
baseline,2,measure,1,1000000,prefix256,4,multiply,2,typed_double,1,1147,0.325000000000002,0.324000000000002,1147,1,7672490e19c58995dd8bc09ade0a2a8bcde6085cc76a95e6a2a68b700e661547,4f6a42db5f898f2e6efd550a2d023a17ce9371fa2066ce4c64161c3c65910d42,44482e5cfdd89b569428523af3f17c87ac60e33cc59106f6590833be57efd32f,24b32a51b9e59fdea8ab6db43f52e06894c1eed7ca8d35368b7ddc611816face,e8c2c3714dfad8ccb787de83956aff6eadd8f5bf3b515e0083ff8aeca241ab2d,e8c2c3714dfad8ccb787de83956aff6eadd8f5bf3b515e0083ff8aeca241ab2d,256,256,double,FALSE,FALSE,FALSE,FALSE,0,0,0,0
baseline,2,measure,1,1000000,prefix256,4,multiply,2,compact,2,557,0.303,0.303000000000001,557,1,7672490e19c58995dd8bc09ade0a2a8bcde6085cc76a95e6a2a68b700e661547,4f6a42db5f898f2e6efd550a2d023a17ce9371fa2066ce4c64161c3c65910d42,7293d547074b8526fbff0adf5afb6e1a4f7e9f73ad4fc0a17760046fa38599c5,24b32a51b9e59fdea8ab6db43f52e06894c1eed7ca8d35368b7ddc611816face,0418a77b7087897a0ead6e10b9da2953bfee2ad9da1470ca98b7664e364a3024,0418a77b7087897a0ead6e10b9da2953bfee2ad9da1470ca98b7664e364a3024,256,256,float,TRUE,TRUE,FALSE,FALSE,0,0,0,0
baseline,2,measure,1,1000000,prefix256,4,subtract,3,compact,1,549,0.298999999999998,0.297999999999998,549,1,7672490e19c58995dd8bc09ade0a2a8bcde6085cc76a95e6a2a68b700e661547,4f6a42db5f898f2e6efd550a2d023a17ce9371fa2066ce4c64161c3c65910d42,046b4f026f941f2c24556df139ea84930d72c2ac52f2bd782ad0fa6e0cb40f5c,24b32a51b9e59fdea8ab6db43f52e06894c1eed7ca8d35368b7ddc611816face,0418a77b7087897a0ead6e10b9da2953bfee2ad9da1470ca98b7664e364a3024,0418a77b7087897a0ead6e10b9da2953bfee2ad9da1470ca98b7664e364a3024,256,256,float,TRUE,TRUE,FALSE,FALSE,0,0,0,0
baseline,2,measure,1,1000000,prefix256,4,subtract,3,typed_double,2,904,0.265999999999998,0.266999999999999,904,1,7672490e19c58995dd8bc09ade0a2a8bcde6085cc76a95e6a2a68b700e661547,4f6a42db5f898f2e6efd550a2d023a17ce9371fa2066ce4c64161c3c65910d42,5c74a3463be8f702af0b2a265633cae455455452c94df3d1a717263f3099cfe8,24b32a51b9e59fdea8ab6db43f52e06894c1eed7ca8d35368b7ddc611816face,e8c2c3714dfad8ccb787de83956aff6eadd8f5bf3b515e0083ff8aeca241ab2d,e8c2c3714dfad8ccb787de83956aff6eadd8f5bf3b515e0083ff8aeca241ab2d,256,256,double,FALSE,FALSE,FALSE,FALSE,0,0,0,0
baseline,2,measure,1,1000000,prefix256,4,add,4,typed_double,1,1114,0.338000000000001,0.338000000000001,1114,1,7672490e19c58995dd8bc09ade0a2a8bcde6085cc76a95e6a2a68b700e661547,4f6a42db5f898f2e6efd550a2d023a17ce9371fa2066ce4c64161c3c65910d42,dd1e57fa4af2e69d9b2644cdfb6c2c9aaf27a0bfc4fbc9c2d12606357ab4fca3,24b32a51b9e59fdea8ab6db43f52e06894c1eed7ca8d35368b7ddc611816face,e8c2c3714dfad8ccb787de83956aff6eadd8f5bf3b515e0083ff8aeca241ab2d,e8c2c3714dfad8ccb787de83956aff6eadd8f5bf3b515e0083ff8aeca241ab2d,256,256,double,FALSE,FALSE,FALSE,FALSE,0,0,0,0
baseline,2,measure,1,1000000,prefix256,4,add,4,compact,2,541,0.328000000000002,0.326999999999998,541,1,7672490e19c58995dd8bc09ade0a2a8bcde6085cc76a95e6a2a68b700e661547,4f6a42db5f898f2e6efd550a2d023a17ce9371fa2066ce4c64161c3c65910d42,ecc47fd344083a74b5c7d619ec45d4e9d51ebcb1a601422a660eb8d9fbe7cb84,24b32a51b9e59fdea8ab6db43f52e06894c1eed7ca8d35368b7ddc611816face,0418a77b7087897a0ead6e10b9da2953bfee2ad9da1470ca98b7664e364a3024,0418a77b7087897a0ead6e10b9da2953bfee2ad9da1470ca98b7664e364a3024,256,256,float,TRUE,TRUE,FALSE,FALSE,0,0,0,0
baseline,2,measure,1,1000000,clustered_half,5,divide,1,typed_double,1,1038,0.322999999999999,0.321999999999999,1038,1,72ac528b7e885a755c34618238a03ae8cbc5ab330977a6b32c5ef330e0b98c7e,1d3c0c5563242b6607a6592048dc2fa1826ff1863cf43d4f44d5fa490b045076,83160af0c1b32eeffbea7a7680fc8fa8824133bf2669b646c3c9a02500722fe9,dd210ce658e7870361ec32bb75f35c37ac9507b234668b988ee597b20b3a1a78,e8c2c3714dfad8ccb787de83956aff6eadd8f5bf3b515e0083ff8aeca241ab2d,e8c2c3714dfad8ccb787de83956aff6eadd8f5bf3b515e0083ff8aeca241ab2d,500000,500000,double,FALSE,FALSE,FALSE,FALSE,0,0,0,0
baseline,2,measure,1,1000000,clustered_half,5,divide,1,compact,2,534,0.315000000000001,0.315000000000001,534,1,72ac528b7e885a755c34618238a03ae8cbc5ab330977a6b32c5ef330e0b98c7e,1d3c0c5563242b6607a6592048dc2fa1826ff1863cf43d4f44d5fa490b045076,025bf67b4aa5cf89e617cc08318ce5582fde64d4e33795fb3801e492102fb360,dd210ce658e7870361ec32bb75f35c37ac9507b234668b988ee597b20b3a1a78,0418a77b7087897a0ead6e10b9da2953bfee2ad9da1470ca98b7664e364a3024,0418a77b7087897a0ead6e10b9da2953bfee2ad9da1470ca98b7664e364a3024,500000,500000,float,TRUE,TRUE,FALSE,FALSE,0,0,0,0
baseline,2,measure,1,1000000,clustered_half,5,multiply,2,compact,1,557,0.303000000000001,0.302,557,1,72ac528b7e885a755c34618238a03ae8cbc5ab330977a6b32c5ef330e0b98c7e,1d3c0c5563242b6607a6592048dc2fa1826ff1863cf43d4f44d5fa490b045076,b58c64d8f49a32dd1252274eb6df288287216d753323b95dfecd81b377278935,dd210ce658e7870361ec32bb75f35c37ac9507b234668b988ee597b20b3a1a78,0418a77b7087897a0ead6e10b9da2953bfee2ad9da1470ca98b7664e364a3024,0418a77b7087897a0ead6e10b9da2953bfee2ad9da1470ca98b7664e364a3024,500000,500000,float,TRUE,TRUE,FALSE,FALSE,0,0,0,0
baseline,2,measure,1,1000000,clustered_half,5,multiply,2,typed_double,2,1114,0.335,0.334,1114,1,72ac528b7e885a755c34618238a03ae8cbc5ab330977a6b32c5ef330e0b98c7e,1d3c0c5563242b6607a6592048dc2fa1826ff1863cf43d4f44d5fa490b045076,b02448e7f84965a509b54be4b2c0272a60a165169fe5758145eec27b2a1b2ea9,dd210ce658e7870361ec32bb75f35c37ac9507b234668b988ee597b20b3a1a78,e8c2c3714dfad8ccb787de83956aff6eadd8f5bf3b515e0083ff8aeca241ab2d,e8c2c3714dfad8ccb787de83956aff6eadd8f5bf3b515e0083ff8aeca241ab2d,500000,500000,double,FALSE,FALSE,FALSE,FALSE,0,0,0,0
baseline,2,measure,1,1000000,clustered_half,5,subtract,3,typed_double,1,1114,0.319000000000001,0.318999999999999,1114,1,72ac528b7e885a755c34618238a03ae8cbc5ab330977a6b32c5ef330e0b98c7e,1d3c0c5563242b6607a6592048dc2fa1826ff1863cf43d4f44d5fa490b045076,efc88c2b9e2fc69297972b13305d545bc9b98235585b8a7c69c650c492a2e23e,dd210ce658e7870361ec32bb75f35c37ac9507b234668b988ee597b20b3a1a78,e8c2c3714dfad8ccb787de83956aff6eadd8f5bf3b515e0083ff8aeca241ab2d,e8c2c3714dfad8ccb787de83956aff6eadd8f5bf3b515e0083ff8aeca241ab2d,500000,500000,double,FALSE,FALSE,FALSE,FALSE,0,0,0,0
baseline,2,measure,1,1000000,clustered_half,5,subtract,3,compact,2,549,0.299,0.299,549,1,72ac528b7e885a755c34618238a03ae8cbc5ab330977a6b32c5ef330e0b98c7e,1d3c0c5563242b6607a6592048dc2fa1826ff1863cf43d4f44d5fa490b045076,c5697f922b38f8be8ef42932d64beda9530d73a109eb4f48cac5eafdeffa9db0,dd210ce658e7870361ec32bb75f35c37ac9507b234668b988ee597b20b3a1a78,0418a77b7087897a0ead6e10b9da2953bfee2ad9da1470ca98b7664e364a3024,0418a77b7087897a0ead6e10b9da2953bfee2ad9da1470ca98b7664e364a3024,500000,500000,float,TRUE,TRUE,FALSE,FALSE,0,0,0,0
baseline,2,measure,1,1000000,clustered_half,5,add,4,compact,1,557,0.303999999999995,0.303999999999995,557,1,72ac528b7e885a755c34618238a03ae8cbc5ab330977a6b32c5ef330e0b98c7e,1d3c0c5563242b6607a6592048dc2fa1826ff1863cf43d4f44d5fa490b045076,07fcca5b3425dcf6e55ea639c22733cb77ff907a47716df8c52124e35bb9fbfe,dd210ce658e7870361ec32bb75f35c37ac9507b234668b988ee597b20b3a1a78,0418a77b7087897a0ead6e10b9da2953bfee2ad9da1470ca98b7664e364a3024,0418a77b7087897a0ead6e10b9da2953bfee2ad9da1470ca98b7664e364a3024,500000,500000,float,TRUE,TRUE,FALSE,FALSE,0,0,0,0
baseline,2,measure,1,1000000,clustered_half,5,add,4,typed_double,2,1114,0.332000000000003,0.332000000000001,1114,1,72ac528b7e885a755c34618238a03ae8cbc5ab330977a6b32c5ef330e0b98c7e,1d3c0c5563242b6607a6592048dc2fa1826ff1863cf43d4f44d5fa490b045076,10a7942aa651223fed3ba69c8d2aa3fdfbdf7619c0d0a04415495c2c1363cfb8,dd210ce658e7870361ec32bb75f35c37ac9507b234668b988ee597b20b3a1a78,e8c2c3714dfad8ccb787de83956aff6eadd8f5bf3b515e0083ff8aeca241ab2d,e8c2c3714dfad8ccb787de83956aff6eadd8f5bf3b515e0083ff8aeca241ab2d,500000,500000,double,FALSE,FALSE,FALSE,FALSE,0,0,0,0
baseline,2,measure,1,1000000,random_half,6,divide,1,compact,1,534,0.301999999999995,0.300999999999995,534,1,b6b60ef8bb430be90e7239dd64b807cda383733b1048ca6748094e19e1003f06,6d001f63d9ce5612a17ed6ff62e0d269d6d862dde318265b90a63af3b92b0706,bb079602e37003a78aadfca99fa018913b2b3fb8ec696feb7099fb65c1c7dba7,30718b1b486380effd7b1cfea2860d277477b8909dc49eb8522afffbc6bc2b89,0418a77b7087897a0ead6e10b9da2953bfee2ad9da1470ca98b7664e364a3024,0418a77b7087897a0ead6e10b9da2953bfee2ad9da1470ca98b7664e364a3024,500000,500000,float,TRUE,TRUE,FALSE,FALSE,0,0,0,0
baseline,2,measure,1,1000000,random_half,6,divide,1,typed_double,2,854,0.265000000000001,0.265000000000001,854,1,b6b60ef8bb430be90e7239dd64b807cda383733b1048ca6748094e19e1003f06,6d001f63d9ce5612a17ed6ff62e0d269d6d862dde318265b90a63af3b92b0706,86070650af7b970f08a28b072998cc372186bdf3df0092e4e49e8c1dc1d19b28,30718b1b486380effd7b1cfea2860d277477b8909dc49eb8522afffbc6bc2b89,e8c2c3714dfad8ccb787de83956aff6eadd8f5bf3b515e0083ff8aeca241ab2d,e8c2c3714dfad8ccb787de83956aff6eadd8f5bf3b515e0083ff8aeca241ab2d,500000,500000,double,FALSE,FALSE,FALSE,FALSE,0,0,0,0
baseline,2,measure,1,1000000,random_half,6,multiply,2,typed_double,1,1130,0.323000000000003,0.321999999999996,1130,1,b6b60ef8bb430be90e7239dd64b807cda383733b1048ca6748094e19e1003f06,6d001f63d9ce5612a17ed6ff62e0d269d6d862dde318265b90a63af3b92b0706,a884a5b937ac6944f0815b6c0e57bcd8e8abdfb5ca14ceb4c064ef23744bd71a,30718b1b486380effd7b1cfea2860d277477b8909dc49eb8522afffbc6bc2b89,e8c2c3714dfad8ccb787de83956aff6eadd8f5bf3b515e0083ff8aeca241ab2d,e8c2c3714dfad8ccb787de83956aff6eadd8f5bf3b515e0083ff8aeca241ab2d,500000,500000,double,FALSE,FALSE,FALSE,FALSE,0,0,0,0
baseline,2,measure,1,1000000,random_half,6,multiply,2,compact,2,549,0.299000000000002,0.298000000000002,549,1,b6b60ef8bb430be90e7239dd64b807cda383733b1048ca6748094e19e1003f06,6d001f63d9ce5612a17ed6ff62e0d269d6d862dde318265b90a63af3b92b0706,52858cc82fe2d48b402afcf73363ef8dcad17f91b5684ffba771be6f6a6f4884,30718b1b486380effd7b1cfea2860d277477b8909dc49eb8522afffbc6bc2b89,0418a77b7087897a0ead6e10b9da2953bfee2ad9da1470ca98b7664e364a3024,0418a77b7087897a0ead6e10b9da2953bfee2ad9da1470ca98b7664e364a3024,500000,500000,float,TRUE,TRUE,FALSE,FALSE,0,0,0,0
baseline,2,measure,1,1000000,random_half,6,subtract,3,compact,1,557,0.305000000000002,0.304000000000002,557,1,b6b60ef8bb430be90e7239dd64b807cda383733b1048ca6748094e19e1003f06,6d001f63d9ce5612a17ed6ff62e0d269d6d862dde318265b90a63af3b92b0706,0977e4c376f876f729091ad143045977b47f25c3e39f44906e53226792c66d09,30718b1b486380effd7b1cfea2860d277477b8909dc49eb8522afffbc6bc2b89,0418a77b7087897a0ead6e10b9da2953bfee2ad9da1470ca98b7664e364a3024,0418a77b7087897a0ead6e10b9da2953bfee2ad9da1470ca98b7664e364a3024,500000,500000,float,TRUE,TRUE,FALSE,FALSE,0,0,0,0
baseline,2,measure,1,1000000,random_half,6,subtract,3,typed_double,2,1098,0.316999999999995,0.316000000000003,1098,1,b6b60ef8bb430be90e7239dd64b807cda383733b1048ca6748094e19e1003f06,6d001f63d9ce5612a17ed6ff62e0d269d6d862dde318265b90a63af3b92b0706,98bc8ff9af692ead61bb42ce3d313da378f7ebf5bea0cce023d0267baccfff00,30718b1b486380effd7b1cfea2860d277477b8909dc49eb8522afffbc6bc2b89,e8c2c3714dfad8ccb787de83956aff6eadd8f5bf3b515e0083ff8aeca241ab2d,e8c2c3714dfad8ccb787de83956aff6eadd8f5bf3b515e0083ff8aeca241ab2d,500000,500000,double,FALSE,FALSE,FALSE,FALSE,0,0,0,0
baseline,2,measure,1,1000000,random_half,6,add,4,typed_double,1,1114,0.338000000000003,0.337000000000003,1114,1,b6b60ef8bb430be90e7239dd64b807cda383733b1048ca6748094e19e1003f06,6d001f63d9ce5612a17ed6ff62e0d269d6d862dde318265b90a63af3b92b0706,355e852b13c998c602bf0f39fe137d5f8562900a8d72e8fba5a01d4d0efef67e,30718b1b486380effd7b1cfea2860d277477b8909dc49eb8522afffbc6bc2b89,e8c2c3714dfad8ccb787de83956aff6eadd8f5bf3b515e0083ff8aeca241ab2d,e8c2c3714dfad8ccb787de83956aff6eadd8f5bf3b515e0083ff8aeca241ab2d,500000,500000,double,FALSE,FALSE,FALSE,FALSE,0,0,0,0
baseline,2,measure,1,1000000,random_half,6,add,4,compact,2,557,0.303999999999995,0.303000000000004,557,1,b6b60ef8bb430be90e7239dd64b807cda383733b1048ca6748094e19e1003f06,6d001f63d9ce5612a17ed6ff62e0d269d6d862dde318265b90a63af3b92b0706,6b76f3bb98139bd84054294cebf89160afe822765e6b53998b6e5f12429a1357,30718b1b486380effd7b1cfea2860d277477b8909dc49eb8522afffbc6bc2b89,0418a77b7087897a0ead6e10b9da2953bfee2ad9da1470ca98b7664e364a3024,0418a77b7087897a0ead6e10b9da2953bfee2ad9da1470ca98b7664e364a3024,500000,500000,float,TRUE,TRUE,FALSE,FALSE,0,0,0,0
baseline,2,measure,1,1000000,sparse,7,divide,1,typed_double,1,1053,0.32,0.320999999999998,1053,1,8cb390f4310bb5332e9085281aa52e5236aecd65b982d0e3a7e9174fe845527e,4ff8e31f35ef7231c619440044b989f14d0c2459692ffaf4249d0c6f088eb1cd,b5e497d0bf0ffe91ebc90f020c1418218eae5cef8ab084b16638c31e0a7fd996,2c3d712c4b869db707211a9641b70f4fcf04eb0bc5000f397325e704b05a2a63,e8c2c3714dfad8ccb787de83956aff6eadd8f5bf3b515e0083ff8aeca241ab2d,e8c2c3714dfad8ccb787de83956aff6eadd8f5bf3b515e0083ff8aeca241ab2d,1003,1003,double,FALSE,FALSE,FALSE,FALSE,0,0,0,0
baseline,2,measure,1,1000000,sparse,7,divide,1,compact,2,527,0.299,0.299,527,1,8cb390f4310bb5332e9085281aa52e5236aecd65b982d0e3a7e9174fe845527e,4ff8e31f35ef7231c619440044b989f14d0c2459692ffaf4249d0c6f088eb1cd,7cd5af9e05a188d4704876cfdb85ac5034d3d5a1e396bdb3dfc44f37237baea7,2c3d712c4b869db707211a9641b70f4fcf04eb0bc5000f397325e704b05a2a63,0418a77b7087897a0ead6e10b9da2953bfee2ad9da1470ca98b7664e364a3024,0418a77b7087897a0ead6e10b9da2953bfee2ad9da1470ca98b7664e364a3024,1003,1003,float,TRUE,TRUE,FALSE,FALSE,0,0,0,0
baseline,2,measure,1,1000000,sparse,7,multiply,2,compact,1,557,0.302,0.302999999999997,557,1,8cb390f4310bb5332e9085281aa52e5236aecd65b982d0e3a7e9174fe845527e,4ff8e31f35ef7231c619440044b989f14d0c2459692ffaf4249d0c6f088eb1cd,c58bc992720c328eca610e60f8c3f93d7d61df77946cf51b8626b0d8b78368ef,2c3d712c4b869db707211a9641b70f4fcf04eb0bc5000f397325e704b05a2a63,0418a77b7087897a0ead6e10b9da2953bfee2ad9da1470ca98b7664e364a3024,0418a77b7087897a0ead6e10b9da2953bfee2ad9da1470ca98b7664e364a3024,1003,1003,float,TRUE,TRUE,FALSE,FALSE,0,0,0,0
baseline,2,measure,1,1000000,sparse,7,multiply,2,typed_double,2,960,0.278000000000006,0.277000000000001,960,1,8cb390f4310bb5332e9085281aa52e5236aecd65b982d0e3a7e9174fe845527e,4ff8e31f35ef7231c619440044b989f14d0c2459692ffaf4249d0c6f088eb1cd,ea87b3dd63bfda18195aef508608398181a11f876a570f6017c0c100c3497f49,2c3d712c4b869db707211a9641b70f4fcf04eb0bc5000f397325e704b05a2a63,e8c2c3714dfad8ccb787de83956aff6eadd8f5bf3b515e0083ff8aeca241ab2d,e8c2c3714dfad8ccb787de83956aff6eadd8f5bf3b515e0083ff8aeca241ab2d,1003,1003,double,FALSE,FALSE,FALSE,FALSE,0,0,0,0
baseline,2,measure,1,1000000,sparse,7,subtract,3,typed_double,1,1130,0.321,0.32,1130,1,8cb390f4310bb5332e9085281aa52e5236aecd65b982d0e3a7e9174fe845527e,4ff8e31f35ef7231c619440044b989f14d0c2459692ffaf4249d0c6f088eb1cd,5dbef6a14bd33ea02b60ee3c940050585fc891f61a49d29253c64524c4390951,2c3d712c4b869db707211a9641b70f4fcf04eb0bc5000f397325e704b05a2a63,e8c2c3714dfad8ccb787de83956aff6eadd8f5bf3b515e0083ff8aeca241ab2d,e8c2c3714dfad8ccb787de83956aff6eadd8f5bf3b515e0083ff8aeca241ab2d,1003,1003,double,FALSE,FALSE,FALSE,FALSE,0,0,0,0
baseline,2,measure,1,1000000,sparse,7,subtract,3,compact,2,557,0.315999999999998,0.316000000000003,557,1,8cb390f4310bb5332e9085281aa52e5236aecd65b982d0e3a7e9174fe845527e,4ff8e31f35ef7231c619440044b989f14d0c2459692ffaf4249d0c6f088eb1cd,7125e60e6e7d4c92d9ed561efe37cfccac1593072e770a4f8d2a58f04113d3ae,2c3d712c4b869db707211a9641b70f4fcf04eb0bc5000f397325e704b05a2a63,0418a77b7087897a0ead6e10b9da2953bfee2ad9da1470ca98b7664e364a3024,0418a77b7087897a0ead6e10b9da2953bfee2ad9da1470ca98b7664e364a3024,1003,1003,float,TRUE,TRUE,FALSE,FALSE,0,0,0,0
baseline,2,measure,1,1000000,sparse,7,add,4,compact,1,557,0.302000000000002,0.302,557,1,8cb390f4310bb5332e9085281aa52e5236aecd65b982d0e3a7e9174fe845527e,4ff8e31f35ef7231c619440044b989f14d0c2459692ffaf4249d0c6f088eb1cd,9c2be51cd37c2d7977f794fada049c7c9ccc4011c9f81b26e042008f01cdd93e,2c3d712c4b869db707211a9641b70f4fcf04eb0bc5000f397325e704b05a2a63,0418a77b7087897a0ead6e10b9da2953bfee2ad9da1470ca98b7664e364a3024,0418a77b7087897a0ead6e10b9da2953bfee2ad9da1470ca98b7664e364a3024,1003,1003,float,TRUE,TRUE,FALSE,FALSE,0,0,0,0
baseline,2,measure,1,1000000,sparse,7,add,4,typed_double,2,1114,0.336999999999999,0.337000000000003,1114,1,8cb390f4310bb5332e9085281aa52e5236aecd65b982d0e3a7e9174fe845527e,4ff8e31f35ef7231c619440044b989f14d0c2459692ffaf4249d0c6f088eb1cd,c79c2ec291260c6f8d03c327d90d493416937a3f3bc9b85742b51e17a8fb7647,2c3d712c4b869db707211a9641b70f4fcf04eb0bc5000f397325e704b05a2a63,e8c2c3714dfad8ccb787de83956aff6eadd8f5bf3b515e0083ff8aeca241ab2d,e8c2c3714dfad8ccb787de83956aff6eadd8f5bf3b515e0083ff8aeca241ab2d,1003,1003,double,FALSE,FALSE,FALSE,FALSE,0,0,0,0
baseline,3,measure,1,1000000,random_half,1,add,1,compact,1,549,0.302,0.302,549,1,b6b60ef8bb430be90e7239dd64b807cda383733b1048ca6748094e19e1003f06,6d001f63d9ce5612a17ed6ff62e0d269d6d862dde318265b90a63af3b92b0706,6b76f3bb98139bd84054294cebf89160afe822765e6b53998b6e5f12429a1357,30718b1b486380effd7b1cfea2860d277477b8909dc49eb8522afffbc6bc2b89,0418a77b7087897a0ead6e10b9da2953bfee2ad9da1470ca98b7664e364a3024,0418a77b7087897a0ead6e10b9da2953bfee2ad9da1470ca98b7664e364a3024,500000,500000,float,TRUE,TRUE,FALSE,FALSE,0,0,0,0
baseline,3,measure,1,1000000,random_half,1,add,1,typed_double,2,883,0.283,0.282,883,1,b6b60ef8bb430be90e7239dd64b807cda383733b1048ca6748094e19e1003f06,6d001f63d9ce5612a17ed6ff62e0d269d6d862dde318265b90a63af3b92b0706,355e852b13c998c602bf0f39fe137d5f8562900a8d72e8fba5a01d4d0efef67e,30718b1b486380effd7b1cfea2860d277477b8909dc49eb8522afffbc6bc2b89,e8c2c3714dfad8ccb787de83956aff6eadd8f5bf3b515e0083ff8aeca241ab2d,e8c2c3714dfad8ccb787de83956aff6eadd8f5bf3b515e0083ff8aeca241ab2d,500000,500000,double,FALSE,FALSE,FALSE,FALSE,0,0,0,0
baseline,3,measure,1,1000000,random_half,1,subtract,2,typed_double,1,873,0.278,0.279,873,1,b6b60ef8bb430be90e7239dd64b807cda383733b1048ca6748094e19e1003f06,6d001f63d9ce5612a17ed6ff62e0d269d6d862dde318265b90a63af3b92b0706,98bc8ff9af692ead61bb42ce3d313da378f7ebf5bea0cce023d0267baccfff00,30718b1b486380effd7b1cfea2860d277477b8909dc49eb8522afffbc6bc2b89,e8c2c3714dfad8ccb787de83956aff6eadd8f5bf3b515e0083ff8aeca241ab2d,e8c2c3714dfad8ccb787de83956aff6eadd8f5bf3b515e0083ff8aeca241ab2d,500000,500000,double,FALSE,FALSE,FALSE,FALSE,0,0,0,0
baseline,3,measure,1,1000000,random_half,1,subtract,2,compact,2,557,0.307,0.307,557,1,b6b60ef8bb430be90e7239dd64b807cda383733b1048ca6748094e19e1003f06,6d001f63d9ce5612a17ed6ff62e0d269d6d862dde318265b90a63af3b92b0706,0977e4c376f876f729091ad143045977b47f25c3e39f44906e53226792c66d09,30718b1b486380effd7b1cfea2860d277477b8909dc49eb8522afffbc6bc2b89,0418a77b7087897a0ead6e10b9da2953bfee2ad9da1470ca98b7664e364a3024,0418a77b7087897a0ead6e10b9da2953bfee2ad9da1470ca98b7664e364a3024,500000,500000,float,TRUE,TRUE,FALSE,FALSE,0,0,0,0
baseline,3,measure,1,1000000,random_half,1,multiply,3,compact,1,557,0.318,0.319,557,1,b6b60ef8bb430be90e7239dd64b807cda383733b1048ca6748094e19e1003f06,6d001f63d9ce5612a17ed6ff62e0d269d6d862dde318265b90a63af3b92b0706,52858cc82fe2d48b402afcf73363ef8dcad17f91b5684ffba771be6f6a6f4884,30718b1b486380effd7b1cfea2860d277477b8909dc49eb8522afffbc6bc2b89,0418a77b7087897a0ead6e10b9da2953bfee2ad9da1470ca98b7664e364a3024,0418a77b7087897a0ead6e10b9da2953bfee2ad9da1470ca98b7664e364a3024,500000,500000,float,TRUE,TRUE,FALSE,FALSE,0,0,0,0
baseline,3,measure,1,1000000,random_half,1,multiply,3,typed_double,2,894,0.28,0.28,894,1,b6b60ef8bb430be90e7239dd64b807cda383733b1048ca6748094e19e1003f06,6d001f63d9ce5612a17ed6ff62e0d269d6d862dde318265b90a63af3b92b0706,a884a5b937ac6944f0815b6c0e57bcd8e8abdfb5ca14ceb4c064ef23744bd71a,30718b1b486380effd7b1cfea2860d277477b8909dc49eb8522afffbc6bc2b89,e8c2c3714dfad8ccb787de83956aff6eadd8f5bf3b515e0083ff8aeca241ab2d,e8c2c3714dfad8ccb787de83956aff6eadd8f5bf3b515e0083ff8aeca241ab2d,500000,500000,double,FALSE,FALSE,FALSE,FALSE,0,0,0,0
baseline,3,measure,1,1000000,random_half,1,divide,4,typed_double,1,854,0.285,0.285,854,1,b6b60ef8bb430be90e7239dd64b807cda383733b1048ca6748094e19e1003f06,6d001f63d9ce5612a17ed6ff62e0d269d6d862dde318265b90a63af3b92b0706,86070650af7b970f08a28b072998cc372186bdf3df0092e4e49e8c1dc1d19b28,30718b1b486380effd7b1cfea2860d277477b8909dc49eb8522afffbc6bc2b89,e8c2c3714dfad8ccb787de83956aff6eadd8f5bf3b515e0083ff8aeca241ab2d,e8c2c3714dfad8ccb787de83956aff6eadd8f5bf3b515e0083ff8aeca241ab2d,500000,500000,double,FALSE,FALSE,FALSE,FALSE,0,0,0,0
baseline,3,measure,1,1000000,random_half,1,divide,4,compact,2,534,0.317,0.317,534,1,b6b60ef8bb430be90e7239dd64b807cda383733b1048ca6748094e19e1003f06,6d001f63d9ce5612a17ed6ff62e0d269d6d862dde318265b90a63af3b92b0706,bb079602e37003a78aadfca99fa018913b2b3fb8ec696feb7099fb65c1c7dba7,30718b1b486380effd7b1cfea2860d277477b8909dc49eb8522afffbc6bc2b89,0418a77b7087897a0ead6e10b9da2953bfee2ad9da1470ca98b7664e364a3024,0418a77b7087897a0ead6e10b9da2953bfee2ad9da1470ca98b7664e364a3024,500000,500000,float,TRUE,TRUE,FALSE,FALSE,0,0,0,0
baseline,3,measure,1,1000000,clustered_half,2,add,1,typed_double,1,1098,0.348,0.347,1098,1,72ac528b7e885a755c34618238a03ae8cbc5ab330977a6b32c5ef330e0b98c7e,1d3c0c5563242b6607a6592048dc2fa1826ff1863cf43d4f44d5fa490b045076,10a7942aa651223fed3ba69c8d2aa3fdfbdf7619c0d0a04415495c2c1363cfb8,dd210ce658e7870361ec32bb75f35c37ac9507b234668b988ee597b20b3a1a78,e8c2c3714dfad8ccb787de83956aff6eadd8f5bf3b515e0083ff8aeca241ab2d,e8c2c3714dfad8ccb787de83956aff6eadd8f5bf3b515e0083ff8aeca241ab2d,500000,500000,double,FALSE,FALSE,FALSE,FALSE,0,0,0,0
baseline,3,measure,1,1000000,clustered_half,2,add,1,compact,2,557,0.303999999999999,0.303999999999999,557,1,72ac528b7e885a755c34618238a03ae8cbc5ab330977a6b32c5ef330e0b98c7e,1d3c0c5563242b6607a6592048dc2fa1826ff1863cf43d4f44d5fa490b045076,07fcca5b3425dcf6e55ea639c22733cb77ff907a47716df8c52124e35bb9fbfe,dd210ce658e7870361ec32bb75f35c37ac9507b234668b988ee597b20b3a1a78,0418a77b7087897a0ead6e10b9da2953bfee2ad9da1470ca98b7664e364a3024,0418a77b7087897a0ead6e10b9da2953bfee2ad9da1470ca98b7664e364a3024,500000,500000,float,TRUE,TRUE,FALSE,FALSE,0,0,0,0
baseline,3,measure,1,1000000,clustered_half,2,subtract,2,compact,1,549,0.313000000000001,0.313000000000001,549,1,72ac528b7e885a755c34618238a03ae8cbc5ab330977a6b32c5ef330e0b98c7e,1d3c0c5563242b6607a6592048dc2fa1826ff1863cf43d4f44d5fa490b045076,c5697f922b38f8be8ef42932d64beda9530d73a109eb4f48cac5eafdeffa9db0,dd210ce658e7870361ec32bb75f35c37ac9507b234668b988ee597b20b3a1a78,0418a77b7087897a0ead6e10b9da2953bfee2ad9da1470ca98b7664e364a3024,0418a77b7087897a0ead6e10b9da2953bfee2ad9da1470ca98b7664e364a3024,500000,500000,float,TRUE,TRUE,FALSE,FALSE,0,0,0,0
baseline,3,measure,1,1000000,clustered_half,2,subtract,2,typed_double,2,1098,0.348,0.347,1098,1,72ac528b7e885a755c34618238a03ae8cbc5ab330977a6b32c5ef330e0b98c7e,1d3c0c5563242b6607a6592048dc2fa1826ff1863cf43d4f44d5fa490b045076,efc88c2b9e2fc69297972b13305d545bc9b98235585b8a7c69c650c492a2e23e,dd210ce658e7870361ec32bb75f35c37ac9507b234668b988ee597b20b3a1a78,e8c2c3714dfad8ccb787de83956aff6eadd8f5bf3b515e0083ff8aeca241ab2d,e8c2c3714dfad8ccb787de83956aff6eadd8f5bf3b515e0083ff8aeca241ab2d,500000,500000,double,FALSE,FALSE,FALSE,FALSE,0,0,0,0
baseline,3,measure,1,1000000,clustered_half,2,multiply,3,typed_double,1,904,0.263,0.263999999999999,904,1,72ac528b7e885a755c34618238a03ae8cbc5ab330977a6b32c5ef330e0b98c7e,1d3c0c5563242b6607a6592048dc2fa1826ff1863cf43d4f44d5fa490b045076,b02448e7f84965a509b54be4b2c0272a60a165169fe5758145eec27b2a1b2ea9,dd210ce658e7870361ec32bb75f35c37ac9507b234668b988ee597b20b3a1a78,e8c2c3714dfad8ccb787de83956aff6eadd8f5bf3b515e0083ff8aeca241ab2d,e8c2c3714dfad8ccb787de83956aff6eadd8f5bf3b515e0083ff8aeca241ab2d,500000,500000,double,FALSE,FALSE,FALSE,FALSE,0,0,0,0
baseline,3,measure,1,1000000,clustered_half,2,multiply,3,compact,2,557,0.302999999999999,0.302,557,1,72ac528b7e885a755c34618238a03ae8cbc5ab330977a6b32c5ef330e0b98c7e,1d3c0c5563242b6607a6592048dc2fa1826ff1863cf43d4f44d5fa490b045076,b58c64d8f49a32dd1252274eb6df288287216d753323b95dfecd81b377278935,dd210ce658e7870361ec32bb75f35c37ac9507b234668b988ee597b20b3a1a78,0418a77b7087897a0ead6e10b9da2953bfee2ad9da1470ca98b7664e364a3024,0418a77b7087897a0ead6e10b9da2953bfee2ad9da1470ca98b7664e364a3024,500000,500000,float,TRUE,TRUE,FALSE,FALSE,0,0,0,0
baseline,3,measure,1,1000000,clustered_half,2,divide,4,compact,1,541,0.306,0.305,541,1,72ac528b7e885a755c34618238a03ae8cbc5ab330977a6b32c5ef330e0b98c7e,1d3c0c5563242b6607a6592048dc2fa1826ff1863cf43d4f44d5fa490b045076,025bf67b4aa5cf89e617cc08318ce5582fde64d4e33795fb3801e492102fb360,dd210ce658e7870361ec32bb75f35c37ac9507b234668b988ee597b20b3a1a78,0418a77b7087897a0ead6e10b9da2953bfee2ad9da1470ca98b7664e364a3024,0418a77b7087897a0ead6e10b9da2953bfee2ad9da1470ca98b7664e364a3024,500000,500000,float,TRUE,TRUE,FALSE,FALSE,0,0,0,0
baseline,3,measure,1,1000000,clustered_half,2,divide,4,typed_double,2,863,0.267999999999999,0.269,863,1,72ac528b7e885a755c34618238a03ae8cbc5ab330977a6b32c5ef330e0b98c7e,1d3c0c5563242b6607a6592048dc2fa1826ff1863cf43d4f44d5fa490b045076,83160af0c1b32eeffbea7a7680fc8fa8824133bf2669b646c3c9a02500722fe9,dd210ce658e7870361ec32bb75f35c37ac9507b234668b988ee597b20b3a1a78,e8c2c3714dfad8ccb787de83956aff6eadd8f5bf3b515e0083ff8aeca241ab2d,e8c2c3714dfad8ccb787de83956aff6eadd8f5bf3b515e0083ff8aeca241ab2d,500000,500000,double,FALSE,FALSE,FALSE,FALSE,0,0,0,0
baseline,3,measure,1,1000000,prefix256,3,add,1,compact,1,557,0.302,0.301,557,1,7672490e19c58995dd8bc09ade0a2a8bcde6085cc76a95e6a2a68b700e661547,4f6a42db5f898f2e6efd550a2d023a17ce9371fa2066ce4c64161c3c65910d42,ecc47fd344083a74b5c7d619ec45d4e9d51ebcb1a601422a660eb8d9fbe7cb84,24b32a51b9e59fdea8ab6db43f52e06894c1eed7ca8d35368b7ddc611816face,0418a77b7087897a0ead6e10b9da2953bfee2ad9da1470ca98b7664e364a3024,0418a77b7087897a0ead6e10b9da2953bfee2ad9da1470ca98b7664e364a3024,256,256,float,TRUE,TRUE,FALSE,FALSE,0,0,0,0
baseline,3,measure,1,1000000,prefix256,3,add,1,typed_double,2,1114,0.316000000000001,0.317,1114,1,7672490e19c58995dd8bc09ade0a2a8bcde6085cc76a95e6a2a68b700e661547,4f6a42db5f898f2e6efd550a2d023a17ce9371fa2066ce4c64161c3c65910d42,dd1e57fa4af2e69d9b2644cdfb6c2c9aaf27a0bfc4fbc9c2d12606357ab4fca3,24b32a51b9e59fdea8ab6db43f52e06894c1eed7ca8d35368b7ddc611816face,e8c2c3714dfad8ccb787de83956aff6eadd8f5bf3b515e0083ff8aeca241ab2d,e8c2c3714dfad8ccb787de83956aff6eadd8f5bf3b515e0083ff8aeca241ab2d,256,256,double,FALSE,FALSE,FALSE,FALSE,0,0,0,0
baseline,3,measure,1,1000000,prefix256,3,subtract,2,typed_double,1,915,0.264999999999999,0.264999999999999,915,1,7672490e19c58995dd8bc09ade0a2a8bcde6085cc76a95e6a2a68b700e661547,4f6a42db5f898f2e6efd550a2d023a17ce9371fa2066ce4c64161c3c65910d42,5c74a3463be8f702af0b2a265633cae455455452c94df3d1a717263f3099cfe8,24b32a51b9e59fdea8ab6db43f52e06894c1eed7ca8d35368b7ddc611816face,e8c2c3714dfad8ccb787de83956aff6eadd8f5bf3b515e0083ff8aeca241ab2d,e8c2c3714dfad8ccb787de83956aff6eadd8f5bf3b515e0083ff8aeca241ab2d,256,256,double,FALSE,FALSE,FALSE,FALSE,0,0,0,0
baseline,3,measure,1,1000000,prefix256,3,subtract,2,compact,2,557,0.303,0.302999999999999,557,1,7672490e19c58995dd8bc09ade0a2a8bcde6085cc76a95e6a2a68b700e661547,4f6a42db5f898f2e6efd550a2d023a17ce9371fa2066ce4c64161c3c65910d42,046b4f026f941f2c24556df139ea84930d72c2ac52f2bd782ad0fa6e0cb40f5c,24b32a51b9e59fdea8ab6db43f52e06894c1eed7ca8d35368b7ddc611816face,0418a77b7087897a0ead6e10b9da2953bfee2ad9da1470ca98b7664e364a3024,0418a77b7087897a0ead6e10b9da2953bfee2ad9da1470ca98b7664e364a3024,256,256,float,TRUE,TRUE,FALSE,FALSE,0,0,0,0
baseline,3,measure,1,1000000,prefix256,3,multiply,3,compact,1,557,0.303,0.302,557,1,7672490e19c58995dd8bc09ade0a2a8bcde6085cc76a95e6a2a68b700e661547,4f6a42db5f898f2e6efd550a2d023a17ce9371fa2066ce4c64161c3c65910d42,7293d547074b8526fbff0adf5afb6e1a4f7e9f73ad4fc0a17760046fa38599c5,24b32a51b9e59fdea8ab6db43f52e06894c1eed7ca8d35368b7ddc611816face,0418a77b7087897a0ead6e10b9da2953bfee2ad9da1470ca98b7664e364a3024,0418a77b7087897a0ead6e10b9da2953bfee2ad9da1470ca98b7664e364a3024,256,256,float,TRUE,TRUE,FALSE,FALSE,0,0,0,0
baseline,3,measure,1,1000000,prefix256,3,multiply,3,typed_double,2,915,0.264999999999999,0.265000000000001,915,1,7672490e19c58995dd8bc09ade0a2a8bcde6085cc76a95e6a2a68b700e661547,4f6a42db5f898f2e6efd550a2d023a17ce9371fa2066ce4c64161c3c65910d42,44482e5cfdd89b569428523af3f17c87ac60e33cc59106f6590833be57efd32f,24b32a51b9e59fdea8ab6db43f52e06894c1eed7ca8d35368b7ddc611816face,e8c2c3714dfad8ccb787de83956aff6eadd8f5bf3b515e0083ff8aeca241ab2d,e8c2c3714dfad8ccb787de83956aff6eadd8f5bf3b515e0083ff8aeca241ab2d,256,256,double,FALSE,FALSE,FALSE,FALSE,0,0,0,0
baseline,3,measure,1,1000000,prefix256,3,divide,4,typed_double,1,1053,0.319999999999999,0.32,1053,1,7672490e19c58995dd8bc09ade0a2a8bcde6085cc76a95e6a2a68b700e661547,4f6a42db5f898f2e6efd550a2d023a17ce9371fa2066ce4c64161c3c65910d42,cc75681b846788b45e94e2a5045461a21454f1fb812a76825abfb8d5b8560046,24b32a51b9e59fdea8ab6db43f52e06894c1eed7ca8d35368b7ddc611816face,e8c2c3714dfad8ccb787de83956aff6eadd8f5bf3b515e0083ff8aeca241ab2d,e8c2c3714dfad8ccb787de83956aff6eadd8f5bf3b515e0083ff8aeca241ab2d,256,256,double,FALSE,FALSE,FALSE,FALSE,0,0,0,0
baseline,3,measure,1,1000000,prefix256,3,divide,4,compact,2,534,0.3,0.299999999999997,534,1,7672490e19c58995dd8bc09ade0a2a8bcde6085cc76a95e6a2a68b700e661547,4f6a42db5f898f2e6efd550a2d023a17ce9371fa2066ce4c64161c3c65910d42,39cde0f370deb96aa360cc51297f1425619fc62c5aab9cbf474c5077748c43e5,24b32a51b9e59fdea8ab6db43f52e06894c1eed7ca8d35368b7ddc611816face,0418a77b7087897a0ead6e10b9da2953bfee2ad9da1470ca98b7664e364a3024,0418a77b7087897a0ead6e10b9da2953bfee2ad9da1470ca98b7664e364a3024,256,256,float,TRUE,TRUE,FALSE,FALSE,0,0,0,0
baseline,3,measure,1,1000000,suffix256,4,add,1,typed_double,1,1130,0.319000000000001,0.317999999999998,1130,1,b38da76a0bf8f72e59074e4463b94231f873a1ddf7c027778214fc73daff29f4,9381174d5a5c0056365a99d2e08f017e8e0fb6180967a7e6d7598196faa41fe2,7326157ff492d94ccc459e73dd7161eb5f07a6c0e7ac687c3b8c4bdceab43d2e,7dd3c12d784e621bc75114205a7f98be85940c915e020c1372e35d98a1b271bc,e8c2c3714dfad8ccb787de83956aff6eadd8f5bf3b515e0083ff8aeca241ab2d,e8c2c3714dfad8ccb787de83956aff6eadd8f5bf3b515e0083ff8aeca241ab2d,256,256,double,FALSE,FALSE,FALSE,FALSE,0,0,0,0
baseline,3,measure,1,1000000,suffix256,4,add,1,compact,2,557,0.302000000000002,0.302999999999997,557,1,b38da76a0bf8f72e59074e4463b94231f873a1ddf7c027778214fc73daff29f4,9381174d5a5c0056365a99d2e08f017e8e0fb6180967a7e6d7598196faa41fe2,0bffebdab0ac6248f91ba88e1cb34ad47800183c79febee2181a94085774e5f8,7dd3c12d784e621bc75114205a7f98be85940c915e020c1372e35d98a1b271bc,0418a77b7087897a0ead6e10b9da2953bfee2ad9da1470ca98b7664e364a3024,0418a77b7087897a0ead6e10b9da2953bfee2ad9da1470ca98b7664e364a3024,256,256,float,TRUE,TRUE,FALSE,FALSE,0,0,0,0
baseline,3,measure,1,1000000,suffix256,4,subtract,2,compact,1,557,0.302,0.302,557,1,b38da76a0bf8f72e59074e4463b94231f873a1ddf7c027778214fc73daff29f4,9381174d5a5c0056365a99d2e08f017e8e0fb6180967a7e6d7598196faa41fe2,2e8b9a52242656d84d6c914b5187c8ff371ed496c9ac68c5265226a85c7c63ce,7dd3c12d784e621bc75114205a7f98be85940c915e020c1372e35d98a1b271bc,0418a77b7087897a0ead6e10b9da2953bfee2ad9da1470ca98b7664e364a3024,0418a77b7087897a0ead6e10b9da2953bfee2ad9da1470ca98b7664e364a3024,256,256,float,TRUE,TRUE,FALSE,FALSE,0,0,0,0
baseline,3,measure,1,1000000,suffix256,4,subtract,2,typed_double,2,1130,0.321,0.32,1130,1,b38da76a0bf8f72e59074e4463b94231f873a1ddf7c027778214fc73daff29f4,9381174d5a5c0056365a99d2e08f017e8e0fb6180967a7e6d7598196faa41fe2,902119eaaa7bebe54be150b29f406b8cf060a7b96185baaf79c97e14dad3f863,7dd3c12d784e621bc75114205a7f98be85940c915e020c1372e35d98a1b271bc,e8c2c3714dfad8ccb787de83956aff6eadd8f5bf3b515e0083ff8aeca241ab2d,e8c2c3714dfad8ccb787de83956aff6eadd8f5bf3b515e0083ff8aeca241ab2d,256,256,double,FALSE,FALSE,FALSE,FALSE,0,0,0,0
baseline,3,measure,1,1000000,suffix256,4,multiply,3,typed_double,1,998,0.307000000000002,0.306999999999999,998,1,b38da76a0bf8f72e59074e4463b94231f873a1ddf7c027778214fc73daff29f4,9381174d5a5c0056365a99d2e08f017e8e0fb6180967a7e6d7598196faa41fe2,be18b0001d95c130e93bb80d453f927c725dc11a02c22824fd092ee8adb88f8c,7dd3c12d784e621bc75114205a7f98be85940c915e020c1372e35d98a1b271bc,e8c2c3714dfad8ccb787de83956aff6eadd8f5bf3b515e0083ff8aeca241ab2d,e8c2c3714dfad8ccb787de83956aff6eadd8f5bf3b515e0083ff8aeca241ab2d,256,256,double,FALSE,FALSE,FALSE,FALSE,0,0,0,0
baseline,3,measure,1,1000000,suffix256,4,multiply,3,compact,2,557,0.300000000000001,0.300000000000001,557,1,b38da76a0bf8f72e59074e4463b94231f873a1ddf7c027778214fc73daff29f4,9381174d5a5c0056365a99d2e08f017e8e0fb6180967a7e6d7598196faa41fe2,bbb0344652a96cc23ac4f06e9785146860bfbd677c72c0edcd2f8c3580d560de,7dd3c12d784e621bc75114205a7f98be85940c915e020c1372e35d98a1b271bc,0418a77b7087897a0ead6e10b9da2953bfee2ad9da1470ca98b7664e364a3024,0418a77b7087897a0ead6e10b9da2953bfee2ad9da1470ca98b7664e364a3024,256,256,float,TRUE,TRUE,FALSE,FALSE,0,0,0,0
baseline,3,measure,1,1000000,suffix256,4,divide,4,compact,1,534,0.297999999999998,0.297999999999998,534,1,b38da76a0bf8f72e59074e4463b94231f873a1ddf7c027778214fc73daff29f4,9381174d5a5c0056365a99d2e08f017e8e0fb6180967a7e6d7598196faa41fe2,24114da746c52d603149cc8b90e4df0716cbe88e43c70d8530cbb83c03917cd5,7dd3c12d784e621bc75114205a7f98be85940c915e020c1372e35d98a1b271bc,0418a77b7087897a0ead6e10b9da2953bfee2ad9da1470ca98b7664e364a3024,0418a77b7087897a0ead6e10b9da2953bfee2ad9da1470ca98b7664e364a3024,256,256,float,TRUE,TRUE,FALSE,FALSE,0,0,0,0
baseline,3,measure,1,1000000,suffix256,4,divide,4,typed_double,2,835,0.260999999999999,0.262,835,1,b38da76a0bf8f72e59074e4463b94231f873a1ddf7c027778214fc73daff29f4,9381174d5a5c0056365a99d2e08f017e8e0fb6180967a7e6d7598196faa41fe2,7b288c3a11028a99daad5072816bc596661252acce990ed434c1bcd8450082d9,7dd3c12d784e621bc75114205a7f98be85940c915e020c1372e35d98a1b271bc,e8c2c3714dfad8ccb787de83956aff6eadd8f5bf3b515e0083ff8aeca241ab2d,e8c2c3714dfad8ccb787de83956aff6eadd8f5bf3b515e0083ff8aeca241ab2d,256,256,double,FALSE,FALSE,FALSE,FALSE,0,0,0,0
baseline,3,measure,1,1000000,all_tags,5,add,1,compact,1,557,0.303999999999997,0.303000000000001,557,1,27ad0fd15ffcc1bf50ce4e82dc19749a5d76c28e5f77c0dfb2e1a0146023823c,74f9a5d0f01860a6547249f6205a49da91245cb9db41112e4e920b025218dd95,9ffc0380039738708c4659192475d1725e834e73fa28723ceb64d722b0994aef,1574ffadfcad3245cd83f3552908b258f1a96e142112f95cc2e77c92396da835,0418a77b7087897a0ead6e10b9da2953bfee2ad9da1470ca98b7664e364a3024,0418a77b7087897a0ead6e10b9da2953bfee2ad9da1470ca98b7664e364a3024,1000000,1000000,float,TRUE,TRUE,FALSE,FALSE,0,0,0,0
baseline,3,measure,1,1000000,all_tags,5,add,1,typed_double,2,915,0.266000000000001,0.265000000000001,915,1,27ad0fd15ffcc1bf50ce4e82dc19749a5d76c28e5f77c0dfb2e1a0146023823c,74f9a5d0f01860a6547249f6205a49da91245cb9db41112e4e920b025218dd95,9ffc0380039738708c4659192475d1725e834e73fa28723ceb64d722b0994aef,1574ffadfcad3245cd83f3552908b258f1a96e142112f95cc2e77c92396da835,e8c2c3714dfad8ccb787de83956aff6eadd8f5bf3b515e0083ff8aeca241ab2d,e8c2c3714dfad8ccb787de83956aff6eadd8f5bf3b515e0083ff8aeca241ab2d,1000000,1000000,double,FALSE,FALSE,FALSE,FALSE,0,0,0,0
baseline,3,measure,1,1000000,all_tags,5,subtract,2,typed_double,1,1114,0.333000000000002,0.333000000000002,1114,1,27ad0fd15ffcc1bf50ce4e82dc19749a5d76c28e5f77c0dfb2e1a0146023823c,74f9a5d0f01860a6547249f6205a49da91245cb9db41112e4e920b025218dd95,9ffc0380039738708c4659192475d1725e834e73fa28723ceb64d722b0994aef,1574ffadfcad3245cd83f3552908b258f1a96e142112f95cc2e77c92396da835,e8c2c3714dfad8ccb787de83956aff6eadd8f5bf3b515e0083ff8aeca241ab2d,e8c2c3714dfad8ccb787de83956aff6eadd8f5bf3b515e0083ff8aeca241ab2d,1000000,1000000,double,FALSE,FALSE,FALSE,FALSE,0,0,0,0
baseline,3,measure,1,1000000,all_tags,5,subtract,2,compact,2,557,0.303000000000001,0.302999999999997,557,1,27ad0fd15ffcc1bf50ce4e82dc19749a5d76c28e5f77c0dfb2e1a0146023823c,74f9a5d0f01860a6547249f6205a49da91245cb9db41112e4e920b025218dd95,9ffc0380039738708c4659192475d1725e834e73fa28723ceb64d722b0994aef,1574ffadfcad3245cd83f3552908b258f1a96e142112f95cc2e77c92396da835,0418a77b7087897a0ead6e10b9da2953bfee2ad9da1470ca98b7664e364a3024,0418a77b7087897a0ead6e10b9da2953bfee2ad9da1470ca98b7664e364a3024,1000000,1000000,float,TRUE,TRUE,FALSE,FALSE,0,0,0,0
baseline,3,measure,1,1000000,all_tags,5,multiply,3,compact,1,557,0.300999999999998,0.302,557,1,27ad0fd15ffcc1bf50ce4e82dc19749a5d76c28e5f77c0dfb2e1a0146023823c,74f9a5d0f01860a6547249f6205a49da91245cb9db41112e4e920b025218dd95,9ffc0380039738708c4659192475d1725e834e73fa28723ceb64d722b0994aef,1574ffadfcad3245cd83f3552908b258f1a96e142112f95cc2e77c92396da835,0418a77b7087897a0ead6e10b9da2953bfee2ad9da1470ca98b7664e364a3024,0418a77b7087897a0ead6e10b9da2953bfee2ad9da1470ca98b7664e364a3024,1000000,1000000,float,TRUE,TRUE,FALSE,FALSE,0,0,0,0
baseline,3,measure,1,1000000,all_tags,5,multiply,3,typed_double,2,1130,0.317999999999998,0.318999999999999,1130,1,27ad0fd15ffcc1bf50ce4e82dc19749a5d76c28e5f77c0dfb2e1a0146023823c,74f9a5d0f01860a6547249f6205a49da91245cb9db41112e4e920b025218dd95,9ffc0380039738708c4659192475d1725e834e73fa28723ceb64d722b0994aef,1574ffadfcad3245cd83f3552908b258f1a96e142112f95cc2e77c92396da835,e8c2c3714dfad8ccb787de83956aff6eadd8f5bf3b515e0083ff8aeca241ab2d,e8c2c3714dfad8ccb787de83956aff6eadd8f5bf3b515e0083ff8aeca241ab2d,1000000,1000000,double,FALSE,FALSE,FALSE,FALSE,0,0,0,0
baseline,3,measure,1,1000000,all_tags,5,divide,4,typed_double,1,1053,0.320999999999998,0.320999999999998,1053,1,27ad0fd15ffcc1bf50ce4e82dc19749a5d76c28e5f77c0dfb2e1a0146023823c,74f9a5d0f01860a6547249f6205a49da91245cb9db41112e4e920b025218dd95,9ffc0380039738708c4659192475d1725e834e73fa28723ceb64d722b0994aef,1574ffadfcad3245cd83f3552908b258f1a96e142112f95cc2e77c92396da835,e8c2c3714dfad8ccb787de83956aff6eadd8f5bf3b515e0083ff8aeca241ab2d,e8c2c3714dfad8ccb787de83956aff6eadd8f5bf3b515e0083ff8aeca241ab2d,1000000,1000000,double,FALSE,FALSE,FALSE,FALSE,0,0,0,0
baseline,3,measure,1,1000000,all_tags,5,divide,4,compact,2,527,0.294999999999998,0.295000000000002,527,1,27ad0fd15ffcc1bf50ce4e82dc19749a5d76c28e5f77c0dfb2e1a0146023823c,74f9a5d0f01860a6547249f6205a49da91245cb9db41112e4e920b025218dd95,9ffc0380039738708c4659192475d1725e834e73fa28723ceb64d722b0994aef,1574ffadfcad3245cd83f3552908b258f1a96e142112f95cc2e77c92396da835,0418a77b7087897a0ead6e10b9da2953bfee2ad9da1470ca98b7664e364a3024,0418a77b7087897a0ead6e10b9da2953bfee2ad9da1470ca98b7664e364a3024,1000000,1000000,float,TRUE,TRUE,FALSE,FALSE,0,0,0,0
baseline,3,measure,1,1000000,none,6,add,1,typed_double,1,915,0.264000000000002,0.263000000000002,915,1,7f1c1a27229f7a699fa85ff90b5be1266497c462407b39b11f6d94015af8e8ad,8dbe5f139fd946d4cd84e8cc612cd9f68cbc87e394457884acc0c5dad56dd8dd,292e89d47e6240bb2914ef7ad37d7e757276712199771e9df56100a008a8cb8c,8dbe5f139fd946d4cd84e8cc612cd9f68cbc87e394457884acc0c5dad56dd8dd,e8c2c3714dfad8ccb787de83956aff6eadd8f5bf3b515e0083ff8aeca241ab2d,e8c2c3714dfad8ccb787de83956aff6eadd8f5bf3b515e0083ff8aeca241ab2d,0,0,double,FALSE,FALSE,FALSE,FALSE,0,0,0,0
baseline,3,measure,1,1000000,none,6,add,1,compact,2,725,0.302,0.302,725,1,7f1c1a27229f7a699fa85ff90b5be1266497c462407b39b11f6d94015af8e8ad,8dbe5f139fd946d4cd84e8cc612cd9f68cbc87e394457884acc0c5dad56dd8dd,6f4e6deefcbd4cb8847d97ac43d7047c827b45b8a7d41e59355544434442b07b,8dbe5f139fd946d4cd84e8cc612cd9f68cbc87e394457884acc0c5dad56dd8dd,0418a77b7087897a0ead6e10b9da2953bfee2ad9da1470ca98b7664e364a3024,0418a77b7087897a0ead6e10b9da2953bfee2ad9da1470ca98b7664e364a3024,0,0,float,TRUE,TRUE,FALSE,FALSE,0,0,0,0
baseline,3,measure,1,1000000,none,6,add,1,ordinary,3,1239,0.329999999999998,0.331000000000003,0,0,7f1c1a27229f7a699fa85ff90b5be1266497c462407b39b11f6d94015af8e8ad,8dbe5f139fd946d4cd84e8cc612cd9f68cbc87e394457884acc0c5dad56dd8dd,292e89d47e6240bb2914ef7ad37d7e757276712199771e9df56100a008a8cb8c,8dbe5f139fd946d4cd84e8cc612cd9f68cbc87e394457884acc0c5dad56dd8dd,71557d1c8bac9bbe3cbec8d00bb223a2f372279827064095447e569fbf5a760a,71557d1c8bac9bbe3cbec8d00bb223a2f372279827064095447e569fbf5a760a,0,0,,FALSE,FALSE,FALSE,FALSE,0,0,0,0
baseline,3,measure,1,1000000,none,6,subtract,2,typed_double,1,1130,0.318999999999996,0.318999999999996,1130,1,7f1c1a27229f7a699fa85ff90b5be1266497c462407b39b11f6d94015af8e8ad,8dbe5f139fd946d4cd84e8cc612cd9f68cbc87e394457884acc0c5dad56dd8dd,13a3239df0a7d9c4766e9cb1022fe126007afc38c9539ef233ed4bf785d961fa,8dbe5f139fd946d4cd84e8cc612cd9f68cbc87e394457884acc0c5dad56dd8dd,e8c2c3714dfad8ccb787de83956aff6eadd8f5bf3b515e0083ff8aeca241ab2d,e8c2c3714dfad8ccb787de83956aff6eadd8f5bf3b515e0083ff8aeca241ab2d,0,0,double,FALSE,FALSE,FALSE,FALSE,0,0,0,0
baseline,3,measure,1,1000000,none,6,subtract,2,ordinary,2,1239,0.329999999999998,0.329999999999998,0,0,7f1c1a27229f7a699fa85ff90b5be1266497c462407b39b11f6d94015af8e8ad,8dbe5f139fd946d4cd84e8cc612cd9f68cbc87e394457884acc0c5dad56dd8dd,13a3239df0a7d9c4766e9cb1022fe126007afc38c9539ef233ed4bf785d961fa,8dbe5f139fd946d4cd84e8cc612cd9f68cbc87e394457884acc0c5dad56dd8dd,71557d1c8bac9bbe3cbec8d00bb223a2f372279827064095447e569fbf5a760a,71557d1c8bac9bbe3cbec8d00bb223a2f372279827064095447e569fbf5a760a,0,0,,FALSE,FALSE,FALSE,FALSE,0,0,0,0
baseline,3,measure,1,1000000,none,6,subtract,2,compact,3,725,0.302,0.302,725,1,7f1c1a27229f7a699fa85ff90b5be1266497c462407b39b11f6d94015af8e8ad,8dbe5f139fd946d4cd84e8cc612cd9f68cbc87e394457884acc0c5dad56dd8dd,73750801b993e37ef9c262c8c6c20433be5d4f8f21bfd0757cae3f70c74eda3f,8dbe5f139fd946d4cd84e8cc612cd9f68cbc87e394457884acc0c5dad56dd8dd,0418a77b7087897a0ead6e10b9da2953bfee2ad9da1470ca98b7664e364a3024,0418a77b7087897a0ead6e10b9da2953bfee2ad9da1470ca98b7664e364a3024,0,0,float,TRUE,TRUE,FALSE,FALSE,0,0,0,0
baseline,3,measure,1,1000000,none,6,multiply,3,ordinary,1,1260,0.335000000000001,0.334999999999994,0,0,7f1c1a27229f7a699fa85ff90b5be1266497c462407b39b11f6d94015af8e8ad,8dbe5f139fd946d4cd84e8cc612cd9f68cbc87e394457884acc0c5dad56dd8dd,f26b519d09797e4f4941392e4b52f307c71832f0aaad54da617e9078fe055e1c,8dbe5f139fd946d4cd84e8cc612cd9f68cbc87e394457884acc0c5dad56dd8dd,71557d1c8bac9bbe3cbec8d00bb223a2f372279827064095447e569fbf5a760a,71557d1c8bac9bbe3cbec8d00bb223a2f372279827064095447e569fbf5a760a,0,0,,FALSE,FALSE,FALSE,FALSE,0,0,0,0
baseline,3,measure,1,1000000,none,6,multiply,3,compact,2,739,0.308000000000002,0.307000000000002,739,1,7f1c1a27229f7a699fa85ff90b5be1266497c462407b39b11f6d94015af8e8ad,8dbe5f139fd946d4cd84e8cc612cd9f68cbc87e394457884acc0c5dad56dd8dd,72cc5cf98cf5a5166668db2e8420adb3bc862ec1b003fbdd7aeb0a9746f22870,8dbe5f139fd946d4cd84e8cc612cd9f68cbc87e394457884acc0c5dad56dd8dd,0418a77b7087897a0ead6e10b9da2953bfee2ad9da1470ca98b7664e364a3024,0418a77b7087897a0ead6e10b9da2953bfee2ad9da1470ca98b7664e364a3024,0,0,float,TRUE,TRUE,FALSE,FALSE,0,0,0,0
baseline,3,measure,1,1000000,none,6,multiply,3,typed_double,3,1147,0.321999999999998,0.321000000000005,1147,1,7f1c1a27229f7a699fa85ff90b5be1266497c462407b39b11f6d94015af8e8ad,8dbe5f139fd946d4cd84e8cc612cd9f68cbc87e394457884acc0c5dad56dd8dd,f26b519d09797e4f4941392e4b52f307c71832f0aaad54da617e9078fe055e1c,8dbe5f139fd946d4cd84e8cc612cd9f68cbc87e394457884acc0c5dad56dd8dd,e8c2c3714dfad8ccb787de83956aff6eadd8f5bf3b515e0083ff8aeca241ab2d,e8c2c3714dfad8ccb787de83956aff6eadd8f5bf3b515e0083ff8aeca241ab2d,0,0,double,FALSE,FALSE,FALSE,FALSE,0,0,0,0
baseline,3,measure,1,1000000,none,6,divide,4,ordinary,1,1260,0.320999999999998,0.322000000000003,0,0,7f1c1a27229f7a699fa85ff90b5be1266497c462407b39b11f6d94015af8e8ad,8dbe5f139fd946d4cd84e8cc612cd9f68cbc87e394457884acc0c5dad56dd8dd,94a902460bdb0445cf55fb22367b59bd4ca3f1ff73823aa1758bd6c7f1b6b58d,8dbe5f139fd946d4cd84e8cc612cd9f68cbc87e394457884acc0c5dad56dd8dd,71557d1c8bac9bbe3cbec8d00bb223a2f372279827064095447e569fbf5a760a,71557d1c8bac9bbe3cbec8d00bb223a2f372279827064095447e569fbf5a760a,0,0,,FALSE,FALSE,FALSE,FALSE,0,0,0,0
baseline,3,measure,1,1000000,none,6,divide,4,typed_double,2,1067,0.323,0.323,1067,1,7f1c1a27229f7a699fa85ff90b5be1266497c462407b39b11f6d94015af8e8ad,8dbe5f139fd946d4cd84e8cc612cd9f68cbc87e394457884acc0c5dad56dd8dd,94a902460bdb0445cf55fb22367b59bd4ca3f1ff73823aa1758bd6c7f1b6b58d,8dbe5f139fd946d4cd84e8cc612cd9f68cbc87e394457884acc0c5dad56dd8dd,e8c2c3714dfad8ccb787de83956aff6eadd8f5bf3b515e0083ff8aeca241ab2d,e8c2c3714dfad8ccb787de83956aff6eadd8f5bf3b515e0083ff8aeca241ab2d,0,0,double,FALSE,FALSE,FALSE,FALSE,0,0,0,0
baseline,3,measure,1,1000000,none,6,divide,4,compact,3,699,0.301000000000002,0.302,699,1,7f1c1a27229f7a699fa85ff90b5be1266497c462407b39b11f6d94015af8e8ad,8dbe5f139fd946d4cd84e8cc612cd9f68cbc87e394457884acc0c5dad56dd8dd,1591013955a37eeca2ef03255d8659f041a956e2e6d6666478490b7f17a3ed59,8dbe5f139fd946d4cd84e8cc612cd9f68cbc87e394457884acc0c5dad56dd8dd,0418a77b7087897a0ead6e10b9da2953bfee2ad9da1470ca98b7664e364a3024,0418a77b7087897a0ead6e10b9da2953bfee2ad9da1470ca98b7664e364a3024,0,0,float,TRUE,TRUE,FALSE,FALSE,0,0,0,0
baseline,3,measure,1,1000000,sparse,7,add,1,typed_double,1,1147,0.321,0.320999999999998,1147,1,8cb390f4310bb5332e9085281aa52e5236aecd65b982d0e3a7e9174fe845527e,4ff8e31f35ef7231c619440044b989f14d0c2459692ffaf4249d0c6f088eb1cd,c79c2ec291260c6f8d03c327d90d493416937a3f3bc9b85742b51e17a8fb7647,2c3d712c4b869db707211a9641b70f4fcf04eb0bc5000f397325e704b05a2a63,e8c2c3714dfad8ccb787de83956aff6eadd8f5bf3b515e0083ff8aeca241ab2d,e8c2c3714dfad8ccb787de83956aff6eadd8f5bf3b515e0083ff8aeca241ab2d,1003,1003,double,FALSE,FALSE,FALSE,FALSE,0,0,0,0
baseline,3,measure,1,1000000,sparse,7,add,1,compact,2,557,0.301000000000002,0.301000000000002,557,1,8cb390f4310bb5332e9085281aa52e5236aecd65b982d0e3a7e9174fe845527e,4ff8e31f35ef7231c619440044b989f14d0c2459692ffaf4249d0c6f088eb1cd,9c2be51cd37c2d7977f794fada049c7c9ccc4011c9f81b26e042008f01cdd93e,2c3d712c4b869db707211a9641b70f4fcf04eb0bc5000f397325e704b05a2a63,0418a77b7087897a0ead6e10b9da2953bfee2ad9da1470ca98b7664e364a3024,0418a77b7087897a0ead6e10b9da2953bfee2ad9da1470ca98b7664e364a3024,1003,1003,float,TRUE,TRUE,FALSE,FALSE,0,0,0,0
baseline,3,measure,1,1000000,sparse,7,subtract,2,compact,1,557,0.302,0.302000000000007,557,1,8cb390f4310bb5332e9085281aa52e5236aecd65b982d0e3a7e9174fe845527e,4ff8e31f35ef7231c619440044b989f14d0c2459692ffaf4249d0c6f088eb1cd,7125e60e6e7d4c92d9ed561efe37cfccac1593072e770a4f8d2a58f04113d3ae,2c3d712c4b869db707211a9641b70f4fcf04eb0bc5000f397325e704b05a2a63,0418a77b7087897a0ead6e10b9da2953bfee2ad9da1470ca98b7664e364a3024,0418a77b7087897a0ead6e10b9da2953bfee2ad9da1470ca98b7664e364a3024,1003,1003,float,TRUE,TRUE,FALSE,FALSE,0,0,0,0
baseline,3,measure,1,1000000,sparse,7,subtract,2,typed_double,2,1114,0.332999999999998,0.332999999999998,1114,1,8cb390f4310bb5332e9085281aa52e5236aecd65b982d0e3a7e9174fe845527e,4ff8e31f35ef7231c619440044b989f14d0c2459692ffaf4249d0c6f088eb1cd,5dbef6a14bd33ea02b60ee3c940050585fc891f61a49d29253c64524c4390951,2c3d712c4b869db707211a9641b70f4fcf04eb0bc5000f397325e704b05a2a63,e8c2c3714dfad8ccb787de83956aff6eadd8f5bf3b515e0083ff8aeca241ab2d,e8c2c3714dfad8ccb787de83956aff6eadd8f5bf3b515e0083ff8aeca241ab2d,1003,1003,double,FALSE,FALSE,FALSE,FALSE,0,0,0,0
baseline,3,measure,1,1000000,sparse,7,multiply,3,typed_double,1,1130,0.340000000000006,0.338999999999999,1130,1,8cb390f4310bb5332e9085281aa52e5236aecd65b982d0e3a7e9174fe845527e,4ff8e31f35ef7231c619440044b989f14d0c2459692ffaf4249d0c6f088eb1cd,ea87b3dd63bfda18195aef508608398181a11f876a570f6017c0c100c3497f49,2c3d712c4b869db707211a9641b70f4fcf04eb0bc5000f397325e704b05a2a63,e8c2c3714dfad8ccb787de83956aff6eadd8f5bf3b515e0083ff8aeca241ab2d,e8c2c3714dfad8ccb787de83956aff6eadd8f5bf3b515e0083ff8aeca241ab2d,1003,1003,double,FALSE,FALSE,FALSE,FALSE,0,0,0,0
baseline,3,measure,1,1000000,sparse,7,multiply,3,compact,2,557,0.302999999999997,0.302999999999997,557,1,8cb390f4310bb5332e9085281aa52e5236aecd65b982d0e3a7e9174fe845527e,4ff8e31f35ef7231c619440044b989f14d0c2459692ffaf4249d0c6f088eb1cd,c58bc992720c328eca610e60f8c3f93d7d61df77946cf51b8626b0d8b78368ef,2c3d712c4b869db707211a9641b70f4fcf04eb0bc5000f397325e704b05a2a63,0418a77b7087897a0ead6e10b9da2953bfee2ad9da1470ca98b7664e364a3024,0418a77b7087897a0ead6e10b9da2953bfee2ad9da1470ca98b7664e364a3024,1003,1003,float,TRUE,TRUE,FALSE,FALSE,0,0,0,0
baseline,3,measure,1,1000000,sparse,7,divide,4,compact,1,534,0.301000000000004,0.300999999999995,534,1,8cb390f4310bb5332e9085281aa52e5236aecd65b982d0e3a7e9174fe845527e,4ff8e31f35ef7231c619440044b989f14d0c2459692ffaf4249d0c6f088eb1cd,7cd5af9e05a188d4704876cfdb85ac5034d3d5a1e396bdb3dfc44f37237baea7,2c3d712c4b869db707211a9641b70f4fcf04eb0bc5000f397325e704b05a2a63,0418a77b7087897a0ead6e10b9da2953bfee2ad9da1470ca98b7664e364a3024,0418a77b7087897a0ead6e10b9da2953bfee2ad9da1470ca98b7664e364a3024,1003,1003,float,TRUE,TRUE,FALSE,FALSE,0,0,0,0
baseline,3,measure,1,1000000,sparse,7,divide,4,typed_double,2,854,0.265000000000001,0.265000000000001,854,1,8cb390f4310bb5332e9085281aa52e5236aecd65b982d0e3a7e9174fe845527e,4ff8e31f35ef7231c619440044b989f14d0c2459692ffaf4249d0c6f088eb1cd,b5e497d0bf0ffe91ebc90f020c1418218eae5cef8ab084b16638c31e0a7fd996,2c3d712c4b869db707211a9641b70f4fcf04eb0bc5000f397325e704b05a2a63,e8c2c3714dfad8ccb787de83956aff6eadd8f5bf3b515e0083ff8aeca241ab2d,e8c2c3714dfad8ccb787de83956aff6eadd8f5bf3b515e0083ff8aeca241ab2d,1003,1003,double,FALSE,FALSE,FALSE,FALSE,0,0,0,0
candidate,3,measure,1,1000000,random_half,1,add,1,compact,1,343,0.299,0.3,343,1,b6b60ef8bb430be90e7239dd64b807cda383733b1048ca6748094e19e1003f06,6d001f63d9ce5612a17ed6ff62e0d269d6d862dde318265b90a63af3b92b0706,6b76f3bb98139bd84054294cebf89160afe822765e6b53998b6e5f12429a1357,30718b1b486380effd7b1cfea2860d277477b8909dc49eb8522afffbc6bc2b89,0418a77b7087897a0ead6e10b9da2953bfee2ad9da1470ca98b7664e364a3024,0418a77b7087897a0ead6e10b9da2953bfee2ad9da1470ca98b7664e364a3024,500000,500000,float,TRUE,TRUE,FALSE,FALSE,0,0,0,0
candidate,3,measure,1,1000000,random_half,1,add,1,typed_double,2,753,0.243,0.242,753,1,b6b60ef8bb430be90e7239dd64b807cda383733b1048ca6748094e19e1003f06,6d001f63d9ce5612a17ed6ff62e0d269d6d862dde318265b90a63af3b92b0706,355e852b13c998c602bf0f39fe137d5f8562900a8d72e8fba5a01d4d0efef67e,30718b1b486380effd7b1cfea2860d277477b8909dc49eb8522afffbc6bc2b89,e8c2c3714dfad8ccb787de83956aff6eadd8f5bf3b515e0083ff8aeca241ab2d,e8c2c3714dfad8ccb787de83956aff6eadd8f5bf3b515e0083ff8aeca241ab2d,500000,500000,double,FALSE,FALSE,FALSE,FALSE,0,0,0,0
candidate,3,measure,1,1000000,random_half,1,subtract,2,typed_double,1,1082,0.345,0.344,1082,1,b6b60ef8bb430be90e7239dd64b807cda383733b1048ca6748094e19e1003f06,6d001f63d9ce5612a17ed6ff62e0d269d6d862dde318265b90a63af3b92b0706,98bc8ff9af692ead61bb42ce3d313da378f7ebf5bea0cce023d0267baccfff00,30718b1b486380effd7b1cfea2860d277477b8909dc49eb8522afffbc6bc2b89,e8c2c3714dfad8ccb787de83956aff6eadd8f5bf3b515e0083ff8aeca241ab2d,e8c2c3714dfad8ccb787de83956aff6eadd8f5bf3b515e0083ff8aeca241ab2d,500000,500000,double,FALSE,FALSE,FALSE,FALSE,0,0,0,0
candidate,3,measure,1,1000000,random_half,1,subtract,2,compact,2,343,0.299,0.299,343,1,b6b60ef8bb430be90e7239dd64b807cda383733b1048ca6748094e19e1003f06,6d001f63d9ce5612a17ed6ff62e0d269d6d862dde318265b90a63af3b92b0706,0977e4c376f876f729091ad143045977b47f25c3e39f44906e53226792c66d09,30718b1b486380effd7b1cfea2860d277477b8909dc49eb8522afffbc6bc2b89,0418a77b7087897a0ead6e10b9da2953bfee2ad9da1470ca98b7664e364a3024,0418a77b7087897a0ead6e10b9da2953bfee2ad9da1470ca98b7664e364a3024,500000,500000,float,TRUE,TRUE,FALSE,FALSE,0,0,0,0
candidate,3,measure,1,1000000,random_half,1,multiply,3,compact,1,350,0.304,0.304,350,1,b6b60ef8bb430be90e7239dd64b807cda383733b1048ca6748094e19e1003f06,6d001f63d9ce5612a17ed6ff62e0d269d6d862dde318265b90a63af3b92b0706,52858cc82fe2d48b402afcf73363ef8dcad17f91b5684ffba771be6f6a6f4884,30718b1b486380effd7b1cfea2860d277477b8909dc49eb8522afffbc6bc2b89,0418a77b7087897a0ead6e10b9da2953bfee2ad9da1470ca98b7664e364a3024,0418a77b7087897a0ead6e10b9da2953bfee2ad9da1470ca98b7664e364a3024,500000,500000,float,TRUE,TRUE,FALSE,FALSE,0,0,0,0
candidate,3,measure,1,1000000,random_half,1,multiply,3,typed_double,2,904,0.264,0.264,904,1,b6b60ef8bb430be90e7239dd64b807cda383733b1048ca6748094e19e1003f06,6d001f63d9ce5612a17ed6ff62e0d269d6d862dde318265b90a63af3b92b0706,a884a5b937ac6944f0815b6c0e57bcd8e8abdfb5ca14ceb4c064ef23744bd71a,30718b1b486380effd7b1cfea2860d277477b8909dc49eb8522afffbc6bc2b89,e8c2c3714dfad8ccb787de83956aff6eadd8f5bf3b515e0083ff8aeca241ab2d,e8c2c3714dfad8ccb787de83956aff6eadd8f5bf3b515e0083ff8aeca241ab2d,500000,500000,double,FALSE,FALSE,FALSE,FALSE,0,0,0,0
candidate,3,measure,1,1000000,random_half,1,divide,4,typed_double,1,863,0.27,0.27,863,1,b6b60ef8bb430be90e7239dd64b807cda383733b1048ca6748094e19e1003f06,6d001f63d9ce5612a17ed6ff62e0d269d6d862dde318265b90a63af3b92b0706,86070650af7b970f08a28b072998cc372186bdf3df0092e4e49e8c1dc1d19b28,30718b1b486380effd7b1cfea2860d277477b8909dc49eb8522afffbc6bc2b89,e8c2c3714dfad8ccb787de83956aff6eadd8f5bf3b515e0083ff8aeca241ab2d,e8c2c3714dfad8ccb787de83956aff6eadd8f5bf3b515e0083ff8aeca241ab2d,500000,500000,double,FALSE,FALSE,FALSE,FALSE,0,0,0,0
candidate,3,measure,1,1000000,random_half,1,divide,4,compact,2,343,0.3,0.301,343,1,b6b60ef8bb430be90e7239dd64b807cda383733b1048ca6748094e19e1003f06,6d001f63d9ce5612a17ed6ff62e0d269d6d862dde318265b90a63af3b92b0706,bb079602e37003a78aadfca99fa018913b2b3fb8ec696feb7099fb65c1c7dba7,30718b1b486380effd7b1cfea2860d277477b8909dc49eb8522afffbc6bc2b89,0418a77b7087897a0ead6e10b9da2953bfee2ad9da1470ca98b7664e364a3024,0418a77b7087897a0ead6e10b9da2953bfee2ad9da1470ca98b7664e364a3024,500000,500000,float,TRUE,TRUE,FALSE,FALSE,0,0,0,0
candidate,3,measure,1,1000000,clustered_half,2,add,1,typed_double,1,1053,0.31,0.31,1053,1,72ac528b7e885a755c34618238a03ae8cbc5ab330977a6b32c5ef330e0b98c7e,1d3c0c5563242b6607a6592048dc2fa1826ff1863cf43d4f44d5fa490b045076,10a7942aa651223fed3ba69c8d2aa3fdfbdf7619c0d0a04415495c2c1363cfb8,dd210ce658e7870361ec32bb75f35c37ac9507b234668b988ee597b20b3a1a78,e8c2c3714dfad8ccb787de83956aff6eadd8f5bf3b515e0083ff8aeca241ab2d,e8c2c3714dfad8ccb787de83956aff6eadd8f5bf3b515e0083ff8aeca241ab2d,500000,500000,double,FALSE,FALSE,FALSE,FALSE,0,0,0,0
candidate,3,measure,1,1000000,clustered_half,2,add,1,compact,2,458,0.257,0.257,458,1,72ac528b7e885a755c34618238a03ae8cbc5ab330977a6b32c5ef330e0b98c7e,1d3c0c5563242b6607a6592048dc2fa1826ff1863cf43d4f44d5fa490b045076,07fcca5b3425dcf6e55ea639c22733cb77ff907a47716df8c52124e35bb9fbfe,dd210ce658e7870361ec32bb75f35c37ac9507b234668b988ee597b20b3a1a78,0418a77b7087897a0ead6e10b9da2953bfee2ad9da1470ca98b7664e364a3024,0418a77b7087897a0ead6e10b9da2953bfee2ad9da1470ca98b7664e364a3024,500000,500000,float,TRUE,TRUE,FALSE,FALSE,0,0,0,0
candidate,3,measure,1,1000000,clustered_half,2,subtract,2,compact,1,541,0.301,0.301,541,1,72ac528b7e885a755c34618238a03ae8cbc5ab330977a6b32c5ef330e0b98c7e,1d3c0c5563242b6607a6592048dc2fa1826ff1863cf43d4f44d5fa490b045076,c5697f922b38f8be8ef42932d64beda9530d73a109eb4f48cac5eafdeffa9db0,dd210ce658e7870361ec32bb75f35c37ac9507b234668b988ee597b20b3a1a78,0418a77b7087897a0ead6e10b9da2953bfee2ad9da1470ca98b7664e364a3024,0418a77b7087897a0ead6e10b9da2953bfee2ad9da1470ca98b7664e364a3024,500000,500000,float,TRUE,TRUE,FALSE,FALSE,0,0,0,0
candidate,3,measure,1,1000000,clustered_half,2,subtract,2,typed_double,2,1098,0.330000000000001,0.33,1098,1,72ac528b7e885a755c34618238a03ae8cbc5ab330977a6b32c5ef330e0b98c7e,1d3c0c5563242b6607a6592048dc2fa1826ff1863cf43d4f44d5fa490b045076,efc88c2b9e2fc69297972b13305d545bc9b98235585b8a7c69c650c492a2e23e,dd210ce658e7870361ec32bb75f35c37ac9507b234668b988ee597b20b3a1a78,e8c2c3714dfad8ccb787de83956aff6eadd8f5bf3b515e0083ff8aeca241ab2d,e8c2c3714dfad8ccb787de83956aff6eadd8f5bf3b515e0083ff8aeca241ab2d,500000,500000,double,FALSE,FALSE,FALSE,FALSE,0,0,0,0
candidate,3,measure,1,1000000,clustered_half,2,multiply,3,typed_double,1,894,0.260000000000002,0.261000000000001,894,1,72ac528b7e885a755c34618238a03ae8cbc5ab330977a6b32c5ef330e0b98c7e,1d3c0c5563242b6607a6592048dc2fa1826ff1863cf43d4f44d5fa490b045076,b02448e7f84965a509b54be4b2c0272a60a165169fe5758145eec27b2a1b2ea9,dd210ce658e7870361ec32bb75f35c37ac9507b234668b988ee597b20b3a1a78,e8c2c3714dfad8ccb787de83956aff6eadd8f5bf3b515e0083ff8aeca241ab2d,e8c2c3714dfad8ccb787de83956aff6eadd8f5bf3b515e0083ff8aeca241ab2d,500000,500000,double,FALSE,FALSE,FALSE,FALSE,0,0,0,0
candidate,3,measure,1,1000000,clustered_half,2,multiply,3,compact,2,549,0.304999999999998,0.305,549,1,72ac528b7e885a755c34618238a03ae8cbc5ab330977a6b32c5ef330e0b98c7e,1d3c0c5563242b6607a6592048dc2fa1826ff1863cf43d4f44d5fa490b045076,b58c64d8f49a32dd1252274eb6df288287216d753323b95dfecd81b377278935,dd210ce658e7870361ec32bb75f35c37ac9507b234668b988ee597b20b3a1a78,0418a77b7087897a0ead6e10b9da2953bfee2ad9da1470ca98b7664e364a3024,0418a77b7087897a0ead6e10b9da2953bfee2ad9da1470ca98b7664e364a3024,500000,500000,float,TRUE,TRUE,FALSE,FALSE,0,0,0,0
candidate,3,measure,1,1000000,clustered_half,2,divide,4,compact,1,527,0.314,0.315,527,1,72ac528b7e885a755c34618238a03ae8cbc5ab330977a6b32c5ef330e0b98c7e,1d3c0c5563242b6607a6592048dc2fa1826ff1863cf43d4f44d5fa490b045076,025bf67b4aa5cf89e617cc08318ce5582fde64d4e33795fb3801e492102fb360,dd210ce658e7870361ec32bb75f35c37ac9507b234668b988ee597b20b3a1a78,0418a77b7087897a0ead6e10b9da2953bfee2ad9da1470ca98b7664e364a3024,0418a77b7087897a0ead6e10b9da2953bfee2ad9da1470ca98b7664e364a3024,500000,500000,float,TRUE,TRUE,FALSE,FALSE,0,0,0,0
candidate,3,measure,1,1000000,clustered_half,2,divide,4,typed_double,2,1038,0.317,0.316000000000001,1038,1,72ac528b7e885a755c34618238a03ae8cbc5ab330977a6b32c5ef330e0b98c7e,1d3c0c5563242b6607a6592048dc2fa1826ff1863cf43d4f44d5fa490b045076,83160af0c1b32eeffbea7a7680fc8fa8824133bf2669b646c3c9a02500722fe9,dd210ce658e7870361ec32bb75f35c37ac9507b234668b988ee597b20b3a1a78,e8c2c3714dfad8ccb787de83956aff6eadd8f5bf3b515e0083ff8aeca241ab2d,e8c2c3714dfad8ccb787de83956aff6eadd8f5bf3b515e0083ff8aeca241ab2d,500000,500000,double,FALSE,FALSE,FALSE,FALSE,0,0,0,0
candidate,3,measure,1,1000000,prefix256,3,add,1,compact,1,1038,0.254999999999999,0.256,1038,1,7672490e19c58995dd8bc09ade0a2a8bcde6085cc76a95e6a2a68b700e661547,4f6a42db5f898f2e6efd550a2d023a17ce9371fa2066ce4c64161c3c65910d42,ecc47fd344083a74b5c7d619ec45d4e9d51ebcb1a601422a660eb8d9fbe7cb84,24b32a51b9e59fdea8ab6db43f52e06894c1eed7ca8d35368b7ddc611816face,0418a77b7087897a0ead6e10b9da2953bfee2ad9da1470ca98b7664e364a3024,0418a77b7087897a0ead6e10b9da2953bfee2ad9da1470ca98b7664e364a3024,256,256,float,TRUE,TRUE,FALSE,FALSE,0,0,0,0
candidate,3,measure,1,1000000,prefix256,3,add,1,typed_double,2,1114,0.332000000000001,0.332000000000001,1114,1,7672490e19c58995dd8bc09ade0a2a8bcde6085cc76a95e6a2a68b700e661547,4f6a42db5f898f2e6efd550a2d023a17ce9371fa2066ce4c64161c3c65910d42,dd1e57fa4af2e69d9b2644cdfb6c2c9aaf27a0bfc4fbc9c2d12606357ab4fca3,24b32a51b9e59fdea8ab6db43f52e06894c1eed7ca8d35368b7ddc611816face,e8c2c3714dfad8ccb787de83956aff6eadd8f5bf3b515e0083ff8aeca241ab2d,e8c2c3714dfad8ccb787de83956aff6eadd8f5bf3b515e0083ff8aeca241ab2d,256,256,double,FALSE,FALSE,FALSE,FALSE,0,0,0,0
candidate,3,measure,1,1000000,prefix256,3,subtract,2,typed_double,1,1130,0.318,0.318999999999999,1130,1,7672490e19c58995dd8bc09ade0a2a8bcde6085cc76a95e6a2a68b700e661547,4f6a42db5f898f2e6efd550a2d023a17ce9371fa2066ce4c64161c3c65910d42,5c74a3463be8f702af0b2a265633cae455455452c94df3d1a717263f3099cfe8,24b32a51b9e59fdea8ab6db43f52e06894c1eed7ca8d35368b7ddc611816face,e8c2c3714dfad8ccb787de83956aff6eadd8f5bf3b515e0083ff8aeca241ab2d,e8c2c3714dfad8ccb787de83956aff6eadd8f5bf3b515e0083ff8aeca241ab2d,256,256,double,FALSE,FALSE,FALSE,FALSE,0,0,0,0
candidate,3,measure,1,1000000,prefix256,3,subtract,2,compact,2,1220,0.3,0.299,1220,1,7672490e19c58995dd8bc09ade0a2a8bcde6085cc76a95e6a2a68b700e661547,4f6a42db5f898f2e6efd550a2d023a17ce9371fa2066ce4c64161c3c65910d42,046b4f026f941f2c24556df139ea84930d72c2ac52f2bd782ad0fa6e0cb40f5c,24b32a51b9e59fdea8ab6db43f52e06894c1eed7ca8d35368b7ddc611816face,0418a77b7087897a0ead6e10b9da2953bfee2ad9da1470ca98b7664e364a3024,0418a77b7087897a0ead6e10b9da2953bfee2ad9da1470ca98b7664e364a3024,256,256,float,TRUE,TRUE,FALSE,FALSE,0,0,0,0
candidate,3,measure,1,1000000,prefix256,3,multiply,3,compact,1,1220,0.315,0.316000000000001,1220,1,7672490e19c58995dd8bc09ade0a2a8bcde6085cc76a95e6a2a68b700e661547,4f6a42db5f898f2e6efd550a2d023a17ce9371fa2066ce4c64161c3c65910d42,7293d547074b8526fbff0adf5afb6e1a4f7e9f73ad4fc0a17760046fa38599c5,24b32a51b9e59fdea8ab6db43f52e06894c1eed7ca8d35368b7ddc611816face,0418a77b7087897a0ead6e10b9da2953bfee2ad9da1470ca98b7664e364a3024,0418a77b7087897a0ead6e10b9da2953bfee2ad9da1470ca98b7664e364a3024,256,256,float,TRUE,TRUE,FALSE,FALSE,0,0,0,0
candidate,3,measure,1,1000000,prefix256,3,multiply,3,typed_double,2,1130,0.318999999999998,0.318000000000001,1130,1,7672490e19c58995dd8bc09ade0a2a8bcde6085cc76a95e6a2a68b700e661547,4f6a42db5f898f2e6efd550a2d023a17ce9371fa2066ce4c64161c3c65910d42,44482e5cfdd89b569428523af3f17c87ac60e33cc59106f6590833be57efd32f,24b32a51b9e59fdea8ab6db43f52e06894c1eed7ca8d35368b7ddc611816face,e8c2c3714dfad8ccb787de83956aff6eadd8f5bf3b515e0083ff8aeca241ab2d,e8c2c3714dfad8ccb787de83956aff6eadd8f5bf3b515e0083ff8aeca241ab2d,256,256,double,FALSE,FALSE,FALSE,FALSE,0,0,0,0
candidate,3,measure,1,1000000,prefix256,3,divide,4,typed_double,1,1067,0.323,0.322999999999997,1067,1,7672490e19c58995dd8bc09ade0a2a8bcde6085cc76a95e6a2a68b700e661547,4f6a42db5f898f2e6efd550a2d023a17ce9371fa2066ce4c64161c3c65910d42,cc75681b846788b45e94e2a5045461a21454f1fb812a76825abfb8d5b8560046,24b32a51b9e59fdea8ab6db43f52e06894c1eed7ca8d35368b7ddc611816face,e8c2c3714dfad8ccb787de83956aff6eadd8f5bf3b515e0083ff8aeca241ab2d,e8c2c3714dfad8ccb787de83956aff6eadd8f5bf3b515e0083ff8aeca241ab2d,256,256,double,FALSE,FALSE,FALSE,FALSE,0,0,0,0
candidate,3,measure,1,1000000,prefix256,3,divide,4,compact,2,1114,0.306,0.305,1114,1,7672490e19c58995dd8bc09ade0a2a8bcde6085cc76a95e6a2a68b700e661547,4f6a42db5f898f2e6efd550a2d023a17ce9371fa2066ce4c64161c3c65910d42,39cde0f370deb96aa360cc51297f1425619fc62c5aab9cbf474c5077748c43e5,24b32a51b9e59fdea8ab6db43f52e06894c1eed7ca8d35368b7ddc611816face,0418a77b7087897a0ead6e10b9da2953bfee2ad9da1470ca98b7664e364a3024,0418a77b7087897a0ead6e10b9da2953bfee2ad9da1470ca98b7664e364a3024,256,256,float,TRUE,TRUE,FALSE,FALSE,0,0,0,0
candidate,3,measure,1,1000000,suffix256,4,add,1,typed_double,1,1130,0.336000000000001,0.335000000000001,1130,1,b38da76a0bf8f72e59074e4463b94231f873a1ddf7c027778214fc73daff29f4,9381174d5a5c0056365a99d2e08f017e8e0fb6180967a7e6d7598196faa41fe2,7326157ff492d94ccc459e73dd7161eb5f07a6c0e7ac687c3b8c4bdceab43d2e,7dd3c12d784e621bc75114205a7f98be85940c915e020c1372e35d98a1b271bc,e8c2c3714dfad8ccb787de83956aff6eadd8f5bf3b515e0083ff8aeca241ab2d,e8c2c3714dfad8ccb787de83956aff6eadd8f5bf3b515e0083ff8aeca241ab2d,256,256,double,FALSE,FALSE,FALSE,FALSE,0,0,0,0
candidate,3,measure,1,1000000,suffix256,4,add,1,compact,2,1280,0.301999999999998,0.300999999999998,1280,1,b38da76a0bf8f72e59074e4463b94231f873a1ddf7c027778214fc73daff29f4,9381174d5a5c0056365a99d2e08f017e8e0fb6180967a7e6d7598196faa41fe2,0bffebdab0ac6248f91ba88e1cb34ad47800183c79febee2181a94085774e5f8,7dd3c12d784e621bc75114205a7f98be85940c915e020c1372e35d98a1b271bc,0418a77b7087897a0ead6e10b9da2953bfee2ad9da1470ca98b7664e364a3024,0418a77b7087897a0ead6e10b9da2953bfee2ad9da1470ca98b7664e364a3024,256,256,float,TRUE,TRUE,FALSE,FALSE,0,0,0,0
candidate,3,measure,1,1000000,suffix256,4,subtract,2,compact,1,1281,0.300000000000001,0.301000000000002,1281,1,b38da76a0bf8f72e59074e4463b94231f873a1ddf7c027778214fc73daff29f4,9381174d5a5c0056365a99d2e08f017e8e0fb6180967a7e6d7598196faa41fe2,2e8b9a52242656d84d6c914b5187c8ff371ed496c9ac68c5265226a85c7c63ce,7dd3c12d784e621bc75114205a7f98be85940c915e020c1372e35d98a1b271bc,0418a77b7087897a0ead6e10b9da2953bfee2ad9da1470ca98b7664e364a3024,0418a77b7087897a0ead6e10b9da2953bfee2ad9da1470ca98b7664e364a3024,256,256,float,TRUE,TRUE,FALSE,FALSE,0,0,0,0
candidate,3,measure,1,1000000,suffix256,4,subtract,2,typed_double,2,1130,0.319000000000003,0.318000000000001,1130,1,b38da76a0bf8f72e59074e4463b94231f873a1ddf7c027778214fc73daff29f4,9381174d5a5c0056365a99d2e08f017e8e0fb6180967a7e6d7598196faa41fe2,902119eaaa7bebe54be150b29f406b8cf060a7b96185baaf79c97e14dad3f863,7dd3c12d784e621bc75114205a7f98be85940c915e020c1372e35d98a1b271bc,e8c2c3714dfad8ccb787de83956aff6eadd8f5bf3b515e0083ff8aeca241ab2d,e8c2c3714dfad8ccb787de83956aff6eadd8f5bf3b515e0083ff8aeca241ab2d,256,256,double,FALSE,FALSE,FALSE,FALSE,0,0,0,0
candidate,3,measure,1,1000000,suffix256,4,multiply,3,typed_double,1,1147,0.321,0.32,1147,1,b38da76a0bf8f72e59074e4463b94231f873a1ddf7c027778214fc73daff29f4,9381174d5a5c0056365a99d2e08f017e8e0fb6180967a7e6d7598196faa41fe2,be18b0001d95c130e93bb80d453f927c725dc11a02c22824fd092ee8adb88f8c,7dd3c12d784e621bc75114205a7f98be85940c915e020c1372e35d98a1b271bc,e8c2c3714dfad8ccb787de83956aff6eadd8f5bf3b515e0083ff8aeca241ab2d,e8c2c3714dfad8ccb787de83956aff6eadd8f5bf3b515e0083ff8aeca241ab2d,256,256,double,FALSE,FALSE,FALSE,FALSE,0,0,0,0
candidate,3,measure,1,1000000,suffix256,4,multiply,3,compact,2,1182,0.297000000000001,0.297000000000001,1182,1,b38da76a0bf8f72e59074e4463b94231f873a1ddf7c027778214fc73daff29f4,9381174d5a5c0056365a99d2e08f017e8e0fb6180967a7e6d7598196faa41fe2,bbb0344652a96cc23ac4f06e9785146860bfbd677c72c0edcd2f8c3580d560de,7dd3c12d784e621bc75114205a7f98be85940c915e020c1372e35d98a1b271bc,0418a77b7087897a0ead6e10b9da2953bfee2ad9da1470ca98b7664e364a3024,0418a77b7087897a0ead6e10b9da2953bfee2ad9da1470ca98b7664e364a3024,256,256,float,TRUE,TRUE,FALSE,FALSE,0,0,0,0
candidate,3,measure,1,1000000,suffix256,4,divide,4,compact,1,1147,0.301999999999998,0.302,1147,1,b38da76a0bf8f72e59074e4463b94231f873a1ddf7c027778214fc73daff29f4,9381174d5a5c0056365a99d2e08f017e8e0fb6180967a7e6d7598196faa41fe2,24114da746c52d603149cc8b90e4df0716cbe88e43c70d8530cbb83c03917cd5,7dd3c12d784e621bc75114205a7f98be85940c915e020c1372e35d98a1b271bc,0418a77b7087897a0ead6e10b9da2953bfee2ad9da1470ca98b7664e364a3024,0418a77b7087897a0ead6e10b9da2953bfee2ad9da1470ca98b7664e364a3024,256,256,float,TRUE,TRUE,FALSE,FALSE,0,0,0,0
candidate,3,measure,1,1000000,suffix256,4,divide,4,typed_double,2,1067,0.321000000000002,0.321000000000002,1067,1,b38da76a0bf8f72e59074e4463b94231f873a1ddf7c027778214fc73daff29f4,9381174d5a5c0056365a99d2e08f017e8e0fb6180967a7e6d7598196faa41fe2,7b288c3a11028a99daad5072816bc596661252acce990ed434c1bcd8450082d9,7dd3c12d784e621bc75114205a7f98be85940c915e020c1372e35d98a1b271bc,e8c2c3714dfad8ccb787de83956aff6eadd8f5bf3b515e0083ff8aeca241ab2d,e8c2c3714dfad8ccb787de83956aff6eadd8f5bf3b515e0083ff8aeca241ab2d,256,256,double,FALSE,FALSE,FALSE,FALSE,0,0,0,0
candidate,3,measure,1,1000000,all_tags,5,add,1,compact,1,350,0.303999999999998,0.305000000000003,350,1,27ad0fd15ffcc1bf50ce4e82dc19749a5d76c28e5f77c0dfb2e1a0146023823c,74f9a5d0f01860a6547249f6205a49da91245cb9db41112e4e920b025218dd95,9ffc0380039738708c4659192475d1725e834e73fa28723ceb64d722b0994aef,1574ffadfcad3245cd83f3552908b258f1a96e142112f95cc2e77c92396da835,0418a77b7087897a0ead6e10b9da2953bfee2ad9da1470ca98b7664e364a3024,0418a77b7087897a0ead6e10b9da2953bfee2ad9da1470ca98b7664e364a3024,1000000,1000000,float,TRUE,TRUE,FALSE,FALSE,0,0,0,0
candidate,3,measure,1,1000000,all_tags,5,add,1,typed_double,2,1130,0.322000000000003,0.321999999999999,1130,1,27ad0fd15ffcc1bf50ce4e82dc19749a5d76c28e5f77c0dfb2e1a0146023823c,74f9a5d0f01860a6547249f6205a49da91245cb9db41112e4e920b025218dd95,9ffc0380039738708c4659192475d1725e834e73fa28723ceb64d722b0994aef,1574ffadfcad3245cd83f3552908b258f1a96e142112f95cc2e77c92396da835,e8c2c3714dfad8ccb787de83956aff6eadd8f5bf3b515e0083ff8aeca241ab2d,e8c2c3714dfad8ccb787de83956aff6eadd8f5bf3b515e0083ff8aeca241ab2d,1000000,1000000,double,FALSE,FALSE,FALSE,FALSE,0,0,0,0
candidate,3,measure,1,1000000,all_tags,5,subtract,2,typed_double,1,1130,0.319000000000001,0.317,1130,1,27ad0fd15ffcc1bf50ce4e82dc19749a5d76c28e5f77c0dfb2e1a0146023823c,74f9a5d0f01860a6547249f6205a49da91245cb9db41112e4e920b025218dd95,9ffc0380039738708c4659192475d1725e834e73fa28723ceb64d722b0994aef,1574ffadfcad3245cd83f3552908b258f1a96e142112f95cc2e77c92396da835,e8c2c3714dfad8ccb787de83956aff6eadd8f5bf3b515e0083ff8aeca241ab2d,e8c2c3714dfad8ccb787de83956aff6eadd8f5bf3b515e0083ff8aeca241ab2d,1000000,1000000,double,FALSE,FALSE,FALSE,FALSE,0,0,0,0
candidate,3,measure,1,1000000,all_tags,5,subtract,2,compact,2,343,0.294999999999998,0.296000000000003,343,1,27ad0fd15ffcc1bf50ce4e82dc19749a5d76c28e5f77c0dfb2e1a0146023823c,74f9a5d0f01860a6547249f6205a49da91245cb9db41112e4e920b025218dd95,9ffc0380039738708c4659192475d1725e834e73fa28723ceb64d722b0994aef,1574ffadfcad3245cd83f3552908b258f1a96e142112f95cc2e77c92396da835,0418a77b7087897a0ead6e10b9da2953bfee2ad9da1470ca98b7664e364a3024,0418a77b7087897a0ead6e10b9da2953bfee2ad9da1470ca98b7664e364a3024,1000000,1000000,float,TRUE,TRUE,FALSE,FALSE,0,0,0,0
candidate,3,measure,1,1000000,all_tags,5,multiply,3,compact,1,350,0.302000000000003,0.302,350,1,27ad0fd15ffcc1bf50ce4e82dc19749a5d76c28e5f77c0dfb2e1a0146023823c,74f9a5d0f01860a6547249f6205a49da91245cb9db41112e4e920b025218dd95,9ffc0380039738708c4659192475d1725e834e73fa28723ceb64d722b0994aef,1574ffadfcad3245cd83f3552908b258f1a96e142112f95cc2e77c92396da835,0418a77b7087897a0ead6e10b9da2953bfee2ad9da1470ca98b7664e364a3024,0418a77b7087897a0ead6e10b9da2953bfee2ad9da1470ca98b7664e364a3024,1000000,1000000,float,TRUE,TRUE,FALSE,FALSE,0,0,0,0
candidate,3,measure,1,1000000,all_tags,5,multiply,3,typed_double,2,1130,0.317,0.317999999999998,1130,1,27ad0fd15ffcc1bf50ce4e82dc19749a5d76c28e5f77c0dfb2e1a0146023823c,74f9a5d0f01860a6547249f6205a49da91245cb9db41112e4e920b025218dd95,9ffc0380039738708c4659192475d1725e834e73fa28723ceb64d722b0994aef,1574ffadfcad3245cd83f3552908b258f1a96e142112f95cc2e77c92396da835,e8c2c3714dfad8ccb787de83956aff6eadd8f5bf3b515e0083ff8aeca241ab2d,e8c2c3714dfad8ccb787de83956aff6eadd8f5bf3b515e0083ff8aeca241ab2d,1000000,1000000,double,FALSE,FALSE,FALSE,FALSE,0,0,0,0
candidate,3,measure,1,1000000,all_tags,5,divide,4,typed_double,1,1067,0.32,0.32,1067,1,27ad0fd15ffcc1bf50ce4e82dc19749a5d76c28e5f77c0dfb2e1a0146023823c,74f9a5d0f01860a6547249f6205a49da91245cb9db41112e4e920b025218dd95,9ffc0380039738708c4659192475d1725e834e73fa28723ceb64d722b0994aef,1574ffadfcad3245cd83f3552908b258f1a96e142112f95cc2e77c92396da835,e8c2c3714dfad8ccb787de83956aff6eadd8f5bf3b515e0083ff8aeca241ab2d,e8c2c3714dfad8ccb787de83956aff6eadd8f5bf3b515e0083ff8aeca241ab2d,1000000,1000000,double,FALSE,FALSE,FALSE,FALSE,0,0,0,0
candidate,3,measure,1,1000000,all_tags,5,divide,4,compact,2,350,0.305,0.306000000000001,350,1,27ad0fd15ffcc1bf50ce4e82dc19749a5d76c28e5f77c0dfb2e1a0146023823c,74f9a5d0f01860a6547249f6205a49da91245cb9db41112e4e920b025218dd95,9ffc0380039738708c4659192475d1725e834e73fa28723ceb64d722b0994aef,1574ffadfcad3245cd83f3552908b258f1a96e142112f95cc2e77c92396da835,0418a77b7087897a0ead6e10b9da2953bfee2ad9da1470ca98b7664e364a3024,0418a77b7087897a0ead6e10b9da2953bfee2ad9da1470ca98b7664e364a3024,1000000,1000000,float,TRUE,TRUE,FALSE,FALSE,0,0,0,0
candidate,3,measure,1,1000000,none,6,add,1,typed_double,1,915,0.263999999999998,0.263999999999999,915,1,7f1c1a27229f7a699fa85ff90b5be1266497c462407b39b11f6d94015af8e8ad,8dbe5f139fd946d4cd84e8cc612cd9f68cbc87e394457884acc0c5dad56dd8dd,292e89d47e6240bb2914ef7ad37d7e757276712199771e9df56100a008a8cb8c,8dbe5f139fd946d4cd84e8cc612cd9f68cbc87e394457884acc0c5dad56dd8dd,e8c2c3714dfad8ccb787de83956aff6eadd8f5bf3b515e0083ff8aeca241ab2d,e8c2c3714dfad8ccb787de83956aff6eadd8f5bf3b515e0083ff8aeca241ab2d,0,0,double,FALSE,FALSE,FALSE,FALSE,0,0,0,0
candidate,3,measure,1,1000000,none,6,add,1,compact,2,1260,0.313000000000001,0.313000000000002,1260,1,7f1c1a27229f7a699fa85ff90b5be1266497c462407b39b11f6d94015af8e8ad,8dbe5f139fd946d4cd84e8cc612cd9f68cbc87e394457884acc0c5dad56dd8dd,6f4e6deefcbd4cb8847d97ac43d7047c827b45b8a7d41e59355544434442b07b,8dbe5f139fd946d4cd84e8cc612cd9f68cbc87e394457884acc0c5dad56dd8dd,0418a77b7087897a0ead6e10b9da2953bfee2ad9da1470ca98b7664e364a3024,0418a77b7087897a0ead6e10b9da2953bfee2ad9da1470ca98b7664e364a3024,0,0,float,TRUE,TRUE,FALSE,FALSE,0,0,0,0
candidate,3,measure,1,1000000,none,6,add,1,ordinary,3,1260,0.338000000000001,0.338999999999999,0,0,7f1c1a27229f7a699fa85ff90b5be1266497c462407b39b11f6d94015af8e8ad,8dbe5f139fd946d4cd84e8cc612cd9f68cbc87e394457884acc0c5dad56dd8dd,292e89d47e6240bb2914ef7ad37d7e757276712199771e9df56100a008a8cb8c,8dbe5f139fd946d4cd84e8cc612cd9f68cbc87e394457884acc0c5dad56dd8dd,71557d1c8bac9bbe3cbec8d00bb223a2f372279827064095447e569fbf5a760a,71557d1c8bac9bbe3cbec8d00bb223a2f372279827064095447e569fbf5a760a,0,0,,FALSE,FALSE,FALSE,FALSE,0,0,0,0
candidate,3,measure,1,1000000,none,6,subtract,2,typed_double,1,1130,0.335999999999999,0.335999999999999,1130,1,7f1c1a27229f7a699fa85ff90b5be1266497c462407b39b11f6d94015af8e8ad,8dbe5f139fd946d4cd84e8cc612cd9f68cbc87e394457884acc0c5dad56dd8dd,13a3239df0a7d9c4766e9cb1022fe126007afc38c9539ef233ed4bf785d961fa,8dbe5f139fd946d4cd84e8cc612cd9f68cbc87e394457884acc0c5dad56dd8dd,e8c2c3714dfad8ccb787de83956aff6eadd8f5bf3b515e0083ff8aeca241ab2d,e8c2c3714dfad8ccb787de83956aff6eadd8f5bf3b515e0083ff8aeca241ab2d,0,0,double,FALSE,FALSE,FALSE,FALSE,0,0,0,0
candidate,3,measure,1,1000000,none,6,subtract,2,ordinary,2,1239,0.315999999999995,0.317,0,0,7f1c1a27229f7a699fa85ff90b5be1266497c462407b39b11f6d94015af8e8ad,8dbe5f139fd946d4cd84e8cc612cd9f68cbc87e394457884acc0c5dad56dd8dd,13a3239df0a7d9c4766e9cb1022fe126007afc38c9539ef233ed4bf785d961fa,8dbe5f139fd946d4cd84e8cc612cd9f68cbc87e394457884acc0c5dad56dd8dd,71557d1c8bac9bbe3cbec8d00bb223a2f372279827064095447e569fbf5a760a,71557d1c8bac9bbe3cbec8d00bb223a2f372279827064095447e569fbf5a760a,0,0,,FALSE,FALSE,FALSE,FALSE,0,0,0,0
candidate,3,measure,1,1000000,none,6,subtract,2,compact,3,1260,0.298000000000002,0.298000000000002,1260,1,7f1c1a27229f7a699fa85ff90b5be1266497c462407b39b11f6d94015af8e8ad,8dbe5f139fd946d4cd84e8cc612cd9f68cbc87e394457884acc0c5dad56dd8dd,73750801b993e37ef9c262c8c6c20433be5d4f8f21bfd0757cae3f70c74eda3f,8dbe5f139fd946d4cd84e8cc612cd9f68cbc87e394457884acc0c5dad56dd8dd,0418a77b7087897a0ead6e10b9da2953bfee2ad9da1470ca98b7664e364a3024,0418a77b7087897a0ead6e10b9da2953bfee2ad9da1470ca98b7664e364a3024,0,0,float,TRUE,TRUE,FALSE,FALSE,0,0,0,0
candidate,3,measure,1,1000000,none,6,multiply,3,ordinary,1,1239,0.331999999999996,0.331000000000003,0,0,7f1c1a27229f7a699fa85ff90b5be1266497c462407b39b11f6d94015af8e8ad,8dbe5f139fd946d4cd84e8cc612cd9f68cbc87e394457884acc0c5dad56dd8dd,f26b519d09797e4f4941392e4b52f307c71832f0aaad54da617e9078fe055e1c,8dbe5f139fd946d4cd84e8cc612cd9f68cbc87e394457884acc0c5dad56dd8dd,71557d1c8bac9bbe3cbec8d00bb223a2f372279827064095447e569fbf5a760a,71557d1c8bac9bbe3cbec8d00bb223a2f372279827064095447e569fbf5a760a,0,0,,FALSE,FALSE,FALSE,FALSE,0,0,0,0
candidate,3,measure,1,1000000,none,6,multiply,3,compact,2,1281,0.320000000000003,0.319000000000003,1281,1,7f1c1a27229f7a699fa85ff90b5be1266497c462407b39b11f6d94015af8e8ad,8dbe5f139fd946d4cd84e8cc612cd9f68cbc87e394457884acc0c5dad56dd8dd,72cc5cf98cf5a5166668db2e8420adb3bc862ec1b003fbdd7aeb0a9746f22870,8dbe5f139fd946d4cd84e8cc612cd9f68cbc87e394457884acc0c5dad56dd8dd,0418a77b7087897a0ead6e10b9da2953bfee2ad9da1470ca98b7664e364a3024,0418a77b7087897a0ead6e10b9da2953bfee2ad9da1470ca98b7664e364a3024,0,0,float,TRUE,TRUE,FALSE,FALSE,0,0,0,0
candidate,3,measure,1,1000000,none,6,multiply,3,typed_double,3,1130,0.319000000000003,0.318999999999996,1130,1,7f1c1a27229f7a699fa85ff90b5be1266497c462407b39b11f6d94015af8e8ad,8dbe5f139fd946d4cd84e8cc612cd9f68cbc87e394457884acc0c5dad56dd8dd,f26b519d09797e4f4941392e4b52f307c71832f0aaad54da617e9078fe055e1c,8dbe5f139fd946d4cd84e8cc612cd9f68cbc87e394457884acc0c5dad56dd8dd,e8c2c3714dfad8ccb787de83956aff6eadd8f5bf3b515e0083ff8aeca241ab2d,e8c2c3714dfad8ccb787de83956aff6eadd8f5bf3b515e0083ff8aeca241ab2d,0,0,double,FALSE,FALSE,FALSE,FALSE,0,0,0,0
candidate,3,measure,1,1000000,none,6,divide,4,ordinary,1,998,0.26,0.259999999999998,0,0,7f1c1a27229f7a699fa85ff90b5be1266497c462407b39b11f6d94015af8e8ad,8dbe5f139fd946d4cd84e8cc612cd9f68cbc87e394457884acc0c5dad56dd8dd,94a902460bdb0445cf55fb22367b59bd4ca3f1ff73823aa1758bd6c7f1b6b58d,8dbe5f139fd946d4cd84e8cc612cd9f68cbc87e394457884acc0c5dad56dd8dd,71557d1c8bac9bbe3cbec8d00bb223a2f372279827064095447e569fbf5a760a,71557d1c8bac9bbe3cbec8d00bb223a2f372279827064095447e569fbf5a760a,0,0,,FALSE,FALSE,FALSE,FALSE,0,0,0,0
candidate,3,measure,1,1000000,none,6,divide,4,typed_double,2,1053,0.337000000000006,0.336000000000006,1053,1,7f1c1a27229f7a699fa85ff90b5be1266497c462407b39b11f6d94015af8e8ad,8dbe5f139fd946d4cd84e8cc612cd9f68cbc87e394457884acc0c5dad56dd8dd,94a902460bdb0445cf55fb22367b59bd4ca3f1ff73823aa1758bd6c7f1b6b58d,8dbe5f139fd946d4cd84e8cc612cd9f68cbc87e394457884acc0c5dad56dd8dd,e8c2c3714dfad8ccb787de83956aff6eadd8f5bf3b515e0083ff8aeca241ab2d,e8c2c3714dfad8ccb787de83956aff6eadd8f5bf3b515e0083ff8aeca241ab2d,0,0,double,FALSE,FALSE,FALSE,FALSE,0,0,0,0
candidate,3,measure,1,1000000,none,6,divide,4,compact,3,1147,0.302,0.302999999999997,1147,1,7f1c1a27229f7a699fa85ff90b5be1266497c462407b39b11f6d94015af8e8ad,8dbe5f139fd946d4cd84e8cc612cd9f68cbc87e394457884acc0c5dad56dd8dd,1591013955a37eeca2ef03255d8659f041a956e2e6d6666478490b7f17a3ed59,8dbe5f139fd946d4cd84e8cc612cd9f68cbc87e394457884acc0c5dad56dd8dd,0418a77b7087897a0ead6e10b9da2953bfee2ad9da1470ca98b7664e364a3024,0418a77b7087897a0ead6e10b9da2953bfee2ad9da1470ca98b7664e364a3024,0,0,float,TRUE,TRUE,FALSE,FALSE,0,0,0,0
candidate,3,measure,1,1000000,sparse,7,add,1,typed_double,1,1130,0.334999999999996,0.335000000000001,1130,1,8cb390f4310bb5332e9085281aa52e5236aecd65b982d0e3a7e9174fe845527e,4ff8e31f35ef7231c619440044b989f14d0c2459692ffaf4249d0c6f088eb1cd,c79c2ec291260c6f8d03c327d90d493416937a3f3bc9b85742b51e17a8fb7647,2c3d712c4b869db707211a9641b70f4fcf04eb0bc5000f397325e704b05a2a63,e8c2c3714dfad8ccb787de83956aff6eadd8f5bf3b515e0083ff8aeca241ab2d,e8c2c3714dfad8ccb787de83956aff6eadd8f5bf3b515e0083ff8aeca241ab2d,1003,1003,double,FALSE,FALSE,FALSE,FALSE,0,0,0,0
candidate,3,measure,1,1000000,sparse,7,add,1,compact,2,1011,0.294000000000006,0.294000000000004,1011,1,8cb390f4310bb5332e9085281aa52e5236aecd65b982d0e3a7e9174fe845527e,4ff8e31f35ef7231c619440044b989f14d0c2459692ffaf4249d0c6f088eb1cd,9c2be51cd37c2d7977f794fada049c7c9ccc4011c9f81b26e042008f01cdd93e,2c3d712c4b869db707211a9641b70f4fcf04eb0bc5000f397325e704b05a2a63,0418a77b7087897a0ead6e10b9da2953bfee2ad9da1470ca98b7664e364a3024,0418a77b7087897a0ead6e10b9da2953bfee2ad9da1470ca98b7664e364a3024,1003,1003,float,TRUE,TRUE,FALSE,FALSE,0,0,0,0
candidate,3,measure,1,1000000,sparse,7,subtract,2,compact,1,973,0.304000000000002,0.302999999999997,973,1,8cb390f4310bb5332e9085281aa52e5236aecd65b982d0e3a7e9174fe845527e,4ff8e31f35ef7231c619440044b989f14d0c2459692ffaf4249d0c6f088eb1cd,7125e60e6e7d4c92d9ed561efe37cfccac1593072e770a4f8d2a58f04113d3ae,2c3d712c4b869db707211a9641b70f4fcf04eb0bc5000f397325e704b05a2a63,0418a77b7087897a0ead6e10b9da2953bfee2ad9da1470ca98b7664e364a3024,0418a77b7087897a0ead6e10b9da2953bfee2ad9da1470ca98b7664e364a3024,1003,1003,float,TRUE,TRUE,FALSE,FALSE,0,0,0,0
candidate,3,measure,1,1000000,sparse,7,subtract,2,typed_double,2,1098,0.318999999999998,0.317999999999998,1098,1,8cb390f4310bb5332e9085281aa52e5236aecd65b982d0e3a7e9174fe845527e,4ff8e31f35ef7231c619440044b989f14d0c2459692ffaf4249d0c6f088eb1cd,5dbef6a14bd33ea02b60ee3c940050585fc891f61a49d29253c64524c4390951,2c3d712c4b869db707211a9641b70f4fcf04eb0bc5000f397325e704b05a2a63,e8c2c3714dfad8ccb787de83956aff6eadd8f5bf3b515e0083ff8aeca241ab2d,e8c2c3714dfad8ccb787de83956aff6eadd8f5bf3b515e0083ff8aeca241ab2d,1003,1003,double,FALSE,FALSE,FALSE,FALSE,0,0,0,0
candidate,3,measure,1,1000000,sparse,7,multiply,3,typed_double,1,1114,0.327999999999996,0.329000000000001,1114,1,8cb390f4310bb5332e9085281aa52e5236aecd65b982d0e3a7e9174fe845527e,4ff8e31f35ef7231c619440044b989f14d0c2459692ffaf4249d0c6f088eb1cd,ea87b3dd63bfda18195aef508608398181a11f876a570f6017c0c100c3497f49,2c3d712c4b869db707211a9641b70f4fcf04eb0bc5000f397325e704b05a2a63,e8c2c3714dfad8ccb787de83956aff6eadd8f5bf3b515e0083ff8aeca241ab2d,e8c2c3714dfad8ccb787de83956aff6eadd8f5bf3b515e0083ff8aeca241ab2d,1003,1003,double,FALSE,FALSE,FALSE,FALSE,0,0,0,0
candidate,3,measure,1,1000000,sparse,7,multiply,3,compact,2,1011,0.307000000000004,0.307000000000002,1011,1,8cb390f4310bb5332e9085281aa52e5236aecd65b982d0e3a7e9174fe845527e,4ff8e31f35ef7231c619440044b989f14d0c2459692ffaf4249d0c6f088eb1cd,c58bc992720c328eca610e60f8c3f93d7d61df77946cf51b8626b0d8b78368ef,2c3d712c4b869db707211a9641b70f4fcf04eb0bc5000f397325e704b05a2a63,0418a77b7087897a0ead6e10b9da2953bfee2ad9da1470ca98b7664e364a3024,0418a77b7087897a0ead6e10b9da2953bfee2ad9da1470ca98b7664e364a3024,1003,1003,float,TRUE,TRUE,FALSE,FALSE,0,0,0,0
candidate,3,measure,1,1000000,sparse,7,divide,4,compact,1,949,0.302000000000002,0.301000000000002,949,1,8cb390f4310bb5332e9085281aa52e5236aecd65b982d0e3a7e9174fe845527e,4ff8e31f35ef7231c619440044b989f14d0c2459692ffaf4249d0c6f088eb1cd,7cd5af9e05a188d4704876cfdb85ac5034d3d5a1e396bdb3dfc44f37237baea7,2c3d712c4b869db707211a9641b70f4fcf04eb0bc5000f397325e704b05a2a63,0418a77b7087897a0ead6e10b9da2953bfee2ad9da1470ca98b7664e364a3024,0418a77b7087897a0ead6e10b9da2953bfee2ad9da1470ca98b7664e364a3024,1003,1003,float,TRUE,TRUE,FALSE,FALSE,0,0,0,0
candidate,3,measure,1,1000000,sparse,7,divide,4,typed_double,2,1038,0.313000000000002,0.314,1038,1,8cb390f4310bb5332e9085281aa52e5236aecd65b982d0e3a7e9174fe845527e,4ff8e31f35ef7231c619440044b989f14d0c2459692ffaf4249d0c6f088eb1cd,b5e497d0bf0ffe91ebc90f020c1418218eae5cef8ab084b16638c31e0a7fd996,2c3d712c4b869db707211a9641b70f4fcf04eb0bc5000f397325e704b05a2a63,e8c2c3714dfad8ccb787de83956aff6eadd8f5bf3b515e0083ff8aeca241ab2d,e8c2c3714dfad8ccb787de83956aff6eadd8f5bf3b515e0083ff8aeca241ab2d,1003,1003,double,FALSE,FALSE,FALSE,FALSE,0,0,0,0
candidate,4,measure,1,1000000,random_half,1,divide,1,compact,1,343,0.304,0.304,343,1,b6b60ef8bb430be90e7239dd64b807cda383733b1048ca6748094e19e1003f06,6d001f63d9ce5612a17ed6ff62e0d269d6d862dde318265b90a63af3b92b0706,bb079602e37003a78aadfca99fa018913b2b3fb8ec696feb7099fb65c1c7dba7,30718b1b486380effd7b1cfea2860d277477b8909dc49eb8522afffbc6bc2b89,0418a77b7087897a0ead6e10b9da2953bfee2ad9da1470ca98b7664e364a3024,0418a77b7087897a0ead6e10b9da2953bfee2ad9da1470ca98b7664e364a3024,500000,500000,float,TRUE,TRUE,FALSE,FALSE,0,0,0,0
candidate,4,measure,1,1000000,random_half,1,divide,1,typed_double,2,712,0.231,0.231,712,1,b6b60ef8bb430be90e7239dd64b807cda383733b1048ca6748094e19e1003f06,6d001f63d9ce5612a17ed6ff62e0d269d6d862dde318265b90a63af3b92b0706,86070650af7b970f08a28b072998cc372186bdf3df0092e4e49e8c1dc1d19b28,30718b1b486380effd7b1cfea2860d277477b8909dc49eb8522afffbc6bc2b89,e8c2c3714dfad8ccb787de83956aff6eadd8f5bf3b515e0083ff8aeca241ab2d,e8c2c3714dfad8ccb787de83956aff6eadd8f5bf3b515e0083ff8aeca241ab2d,500000,500000,double,FALSE,FALSE,FALSE,FALSE,0,0,0,0
candidate,4,measure,1,1000000,random_half,1,multiply,2,typed_double,1,739,0.237,0.237,739,1,b6b60ef8bb430be90e7239dd64b807cda383733b1048ca6748094e19e1003f06,6d001f63d9ce5612a17ed6ff62e0d269d6d862dde318265b90a63af3b92b0706,a884a5b937ac6944f0815b6c0e57bcd8e8abdfb5ca14ceb4c064ef23744bd71a,30718b1b486380effd7b1cfea2860d277477b8909dc49eb8522afffbc6bc2b89,e8c2c3714dfad8ccb787de83956aff6eadd8f5bf3b515e0083ff8aeca241ab2d,e8c2c3714dfad8ccb787de83956aff6eadd8f5bf3b515e0083ff8aeca241ab2d,500000,500000,double,FALSE,FALSE,FALSE,FALSE,0,0,0,0
candidate,4,measure,1,1000000,random_half,1,multiply,2,compact,2,350,0.307,0.306,350,1,b6b60ef8bb430be90e7239dd64b807cda383733b1048ca6748094e19e1003f06,6d001f63d9ce5612a17ed6ff62e0d269d6d862dde318265b90a63af3b92b0706,52858cc82fe2d48b402afcf73363ef8dcad17f91b5684ffba771be6f6a6f4884,30718b1b486380effd7b1cfea2860d277477b8909dc49eb8522afffbc6bc2b89,0418a77b7087897a0ead6e10b9da2953bfee2ad9da1470ca98b7664e364a3024,0418a77b7087897a0ead6e10b9da2953bfee2ad9da1470ca98b7664e364a3024,500000,500000,float,TRUE,TRUE,FALSE,FALSE,0,0,0,0
candidate,4,measure,1,1000000,random_half,1,subtract,3,compact,1,350,0.305,0.305,350,1,b6b60ef8bb430be90e7239dd64b807cda383733b1048ca6748094e19e1003f06,6d001f63d9ce5612a17ed6ff62e0d269d6d862dde318265b90a63af3b92b0706,0977e4c376f876f729091ad143045977b47f25c3e39f44906e53226792c66d09,30718b1b486380effd7b1cfea2860d277477b8909dc49eb8522afffbc6bc2b89,0418a77b7087897a0ead6e10b9da2953bfee2ad9da1470ca98b7664e364a3024,0418a77b7087897a0ead6e10b9da2953bfee2ad9da1470ca98b7664e364a3024,500000,500000,float,TRUE,TRUE,FALSE,FALSE,0,0,0,0
candidate,4,measure,1,1000000,random_half,1,subtract,3,typed_double,2,894,0.279999999999999,0.28,894,1,b6b60ef8bb430be90e7239dd64b807cda383733b1048ca6748094e19e1003f06,6d001f63d9ce5612a17ed6ff62e0d269d6d862dde318265b90a63af3b92b0706,98bc8ff9af692ead61bb42ce3d313da378f7ebf5bea0cce023d0267baccfff00,30718b1b486380effd7b1cfea2860d277477b8909dc49eb8522afffbc6bc2b89,e8c2c3714dfad8ccb787de83956aff6eadd8f5bf3b515e0083ff8aeca241ab2d,e8c2c3714dfad8ccb787de83956aff6eadd8f5bf3b515e0083ff8aeca241ab2d,500000,500000,double,FALSE,FALSE,FALSE,FALSE,0,0,0,0
candidate,4,measure,1,1000000,random_half,1,add,4,typed_double,1,883,0.276,0.276,883,1,b6b60ef8bb430be90e7239dd64b807cda383733b1048ca6748094e19e1003f06,6d001f63d9ce5612a17ed6ff62e0d269d6d862dde318265b90a63af3b92b0706,355e852b13c998c602bf0f39fe137d5f8562900a8d72e8fba5a01d4d0efef67e,30718b1b486380effd7b1cfea2860d277477b8909dc49eb8522afffbc6bc2b89,e8c2c3714dfad8ccb787de83956aff6eadd8f5bf3b515e0083ff8aeca241ab2d,e8c2c3714dfad8ccb787de83956aff6eadd8f5bf3b515e0083ff8aeca241ab2d,500000,500000,double,FALSE,FALSE,FALSE,FALSE,0,0,0,0
candidate,4,measure,1,1000000,random_half,1,add,4,compact,2,350,0.308,0.307,350,1,b6b60ef8bb430be90e7239dd64b807cda383733b1048ca6748094e19e1003f06,6d001f63d9ce5612a17ed6ff62e0d269d6d862dde318265b90a63af3b92b0706,6b76f3bb98139bd84054294cebf89160afe822765e6b53998b6e5f12429a1357,30718b1b486380effd7b1cfea2860d277477b8909dc49eb8522afffbc6bc2b89,0418a77b7087897a0ead6e10b9da2953bfee2ad9da1470ca98b7664e364a3024,0418a77b7087897a0ead6e10b9da2953bfee2ad9da1470ca98b7664e364a3024,500000,500000,float,TRUE,TRUE,FALSE,FALSE,0,0,0,0
candidate,4,measure,1,1000000,sparse,2,divide,1,typed_double,1,725,0.231,0.232,725,1,8cb390f4310bb5332e9085281aa52e5236aecd65b982d0e3a7e9174fe845527e,4ff8e31f35ef7231c619440044b989f14d0c2459692ffaf4249d0c6f088eb1cd,b5e497d0bf0ffe91ebc90f020c1418218eae5cef8ab084b16638c31e0a7fd996,2c3d712c4b869db707211a9641b70f4fcf04eb0bc5000f397325e704b05a2a63,e8c2c3714dfad8ccb787de83956aff6eadd8f5bf3b515e0083ff8aeca241ab2d,e8c2c3714dfad8ccb787de83956aff6eadd8f5bf3b515e0083ff8aeca241ab2d,1003,1003,double,FALSE,FALSE,FALSE,FALSE,0,0,0,0
candidate,4,measure,1,1000000,sparse,2,divide,1,compact,2,937,0.312,0.313000000000001,937,1,8cb390f4310bb5332e9085281aa52e5236aecd65b982d0e3a7e9174fe845527e,4ff8e31f35ef7231c619440044b989f14d0c2459692ffaf4249d0c6f088eb1cd,7cd5af9e05a188d4704876cfdb85ac5034d3d5a1e396bdb3dfc44f37237baea7,2c3d712c4b869db707211a9641b70f4fcf04eb0bc5000f397325e704b05a2a63,0418a77b7087897a0ead6e10b9da2953bfee2ad9da1470ca98b7664e364a3024,0418a77b7087897a0ead6e10b9da2953bfee2ad9da1470ca98b7664e364a3024,1003,1003,float,TRUE,TRUE,FALSE,FALSE,0,0,0,0
candidate,4,measure,1,1000000,sparse,2,multiply,2,compact,1,1011,0.316,0.315999999999999,1011,1,8cb390f4310bb5332e9085281aa52e5236aecd65b982d0e3a7e9174fe845527e,4ff8e31f35ef7231c619440044b989f14d0c2459692ffaf4249d0c6f088eb1cd,c58bc992720c328eca610e60f8c3f93d7d61df77946cf51b8626b0d8b78368ef,2c3d712c4b869db707211a9641b70f4fcf04eb0bc5000f397325e704b05a2a63,0418a77b7087897a0ead6e10b9da2953bfee2ad9da1470ca98b7664e364a3024,0418a77b7087897a0ead6e10b9da2953bfee2ad9da1470ca98b7664e364a3024,1003,1003,float,TRUE,TRUE,FALSE,FALSE,0,0,0,0
candidate,4,measure,1,1000000,sparse,2,multiply,2,typed_double,2,915,0.284999999999999,0.284000000000001,915,1,8cb390f4310bb5332e9085281aa52e5236aecd65b982d0e3a7e9174fe845527e,4ff8e31f35ef7231c619440044b989f14d0c2459692ffaf4249d0c6f088eb1cd,ea87b3dd63bfda18195aef508608398181a11f876a570f6017c0c100c3497f49,2c3d712c4b869db707211a9641b70f4fcf04eb0bc5000f397325e704b05a2a63,e8c2c3714dfad8ccb787de83956aff6eadd8f5bf3b515e0083ff8aeca241ab2d,e8c2c3714dfad8ccb787de83956aff6eadd8f5bf3b515e0083ff8aeca241ab2d,1003,1003,double,FALSE,FALSE,FALSE,FALSE,0,0,0,0
candidate,4,measure,1,1000000,sparse,2,subtract,3,typed_double,1,894,0.263,0.261999999999999,894,1,8cb390f4310bb5332e9085281aa52e5236aecd65b982d0e3a7e9174fe845527e,4ff8e31f35ef7231c619440044b989f14d0c2459692ffaf4249d0c6f088eb1cd,5dbef6a14bd33ea02b60ee3c940050585fc891f61a49d29253c64524c4390951,2c3d712c4b869db707211a9641b70f4fcf04eb0bc5000f397325e704b05a2a63,e8c2c3714dfad8ccb787de83956aff6eadd8f5bf3b515e0083ff8aeca241ab2d,e8c2c3714dfad8ccb787de83956aff6eadd8f5bf3b515e0083ff8aeca241ab2d,1003,1003,double,FALSE,FALSE,FALSE,FALSE,0,0,0,0
candidate,4,measure,1,1000000,sparse,2,subtract,3,compact,2,1011,0.303000000000001,0.303000000000001,1011,1,8cb390f4310bb5332e9085281aa52e5236aecd65b982d0e3a7e9174fe845527e,4ff8e31f35ef7231c619440044b989f14d0c2459692ffaf4249d0c6f088eb1cd,7125e60e6e7d4c92d9ed561efe37cfccac1593072e770a4f8d2a58f04113d3ae,2c3d712c4b869db707211a9641b70f4fcf04eb0bc5000f397325e704b05a2a63,0418a77b7087897a0ead6e10b9da2953bfee2ad9da1470ca98b7664e364a3024,0418a77b7087897a0ead6e10b9da2953bfee2ad9da1470ca98b7664e364a3024,1003,1003,float,TRUE,TRUE,FALSE,FALSE,0,0,0,0
candidate,4,measure,1,1000000,sparse,2,add,4,compact,1,753,0.222999999999999,0.223000000000001,753,1,8cb390f4310bb5332e9085281aa52e5236aecd65b982d0e3a7e9174fe845527e,4ff8e31f35ef7231c619440044b989f14d0c2459692ffaf4249d0c6f088eb1cd,9c2be51cd37c2d7977f794fada049c7c9ccc4011c9f81b26e042008f01cdd93e,2c3d712c4b869db707211a9641b70f4fcf04eb0bc5000f397325e704b05a2a63,0418a77b7087897a0ead6e10b9da2953bfee2ad9da1470ca98b7664e364a3024,0418a77b7087897a0ead6e10b9da2953bfee2ad9da1470ca98b7664e364a3024,1003,1003,float,TRUE,TRUE,FALSE,FALSE,0,0,0,0
candidate,4,measure,1,1000000,sparse,2,add,4,typed_double,2,904,0.264000000000001,0.263999999999999,904,1,8cb390f4310bb5332e9085281aa52e5236aecd65b982d0e3a7e9174fe845527e,4ff8e31f35ef7231c619440044b989f14d0c2459692ffaf4249d0c6f088eb1cd,c79c2ec291260c6f8d03c327d90d493416937a3f3bc9b85742b51e17a8fb7647,2c3d712c4b869db707211a9641b70f4fcf04eb0bc5000f397325e704b05a2a63,e8c2c3714dfad8ccb787de83956aff6eadd8f5bf3b515e0083ff8aeca241ab2d,e8c2c3714dfad8ccb787de83956aff6eadd8f5bf3b515e0083ff8aeca241ab2d,1003,1003,double,FALSE,FALSE,FALSE,FALSE,0,0,0,0
candidate,4,measure,1,1000000,none,3,divide,1,compact,1,1130,0.300000000000001,0.299999999999999,1130,1,7f1c1a27229f7a699fa85ff90b5be1266497c462407b39b11f6d94015af8e8ad,8dbe5f139fd946d4cd84e8cc612cd9f68cbc87e394457884acc0c5dad56dd8dd,1591013955a37eeca2ef03255d8659f041a956e2e6d6666478490b7f17a3ed59,8dbe5f139fd946d4cd84e8cc612cd9f68cbc87e394457884acc0c5dad56dd8dd,0418a77b7087897a0ead6e10b9da2953bfee2ad9da1470ca98b7664e364a3024,0418a77b7087897a0ead6e10b9da2953bfee2ad9da1470ca98b7664e364a3024,0,0,float,TRUE,TRUE,FALSE,FALSE,0,0,0,0
candidate,4,measure,1,1000000,none,3,divide,1,typed_double,2,739,0.218000000000001,0.218,739,1,7f1c1a27229f7a699fa85ff90b5be1266497c462407b39b11f6d94015af8e8ad,8dbe5f139fd946d4cd84e8cc612cd9f68cbc87e394457884acc0c5dad56dd8dd,94a902460bdb0445cf55fb22367b59bd4ca3f1ff73823aa1758bd6c7f1b6b58d,8dbe5f139fd946d4cd84e8cc612cd9f68cbc87e394457884acc0c5dad56dd8dd,e8c2c3714dfad8ccb787de83956aff6eadd8f5bf3b515e0083ff8aeca241ab2d,e8c2c3714dfad8ccb787de83956aff6eadd8f5bf3b515e0083ff8aeca241ab2d,0,0,double,FALSE,FALSE,FALSE,FALSE,0,0,0,0
candidate,4,measure,1,1000000,none,3,divide,1,ordinary,3,1239,0.319,0.319000000000001,0,0,7f1c1a27229f7a699fa85ff90b5be1266497c462407b39b11f6d94015af8e8ad,8dbe5f139fd946d4cd84e8cc612cd9f68cbc87e394457884acc0c5dad56dd8dd,94a902460bdb0445cf55fb22367b59bd4ca3f1ff73823aa1758bd6c7f1b6b58d,8dbe5f139fd946d4cd84e8cc612cd9f68cbc87e394457884acc0c5dad56dd8dd,71557d1c8bac9bbe3cbec8d00bb223a2f372279827064095447e569fbf5a760a,71557d1c8bac9bbe3cbec8d00bb223a2f372279827064095447e569fbf5a760a,0,0,,FALSE,FALSE,FALSE,FALSE,0,0,0,0
candidate,4,measure,1,1000000,none,3,multiply,2,ordinary,1,1220,0.317000000000001,0.317,0,0,7f1c1a27229f7a699fa85ff90b5be1266497c462407b39b11f6d94015af8e8ad,8dbe5f139fd946d4cd84e8cc612cd9f68cbc87e394457884acc0c5dad56dd8dd,f26b519d09797e4f4941392e4b52f307c71832f0aaad54da617e9078fe055e1c,8dbe5f139fd946d4cd84e8cc612cd9f68cbc87e394457884acc0c5dad56dd8dd,71557d1c8bac9bbe3cbec8d00bb223a2f372279827064095447e569fbf5a760a,71557d1c8bac9bbe3cbec8d00bb223a2f372279827064095447e569fbf5a760a,0,0,,FALSE,FALSE,FALSE,FALSE,0,0,0,0
candidate,4,measure,1,1000000,none,3,multiply,2,typed_double,2,915,0.268000000000001,0.267000000000001,915,1,7f1c1a27229f7a699fa85ff90b5be1266497c462407b39b11f6d94015af8e8ad,8dbe5f139fd946d4cd84e8cc612cd9f68cbc87e394457884acc0c5dad56dd8dd,f26b519d09797e4f4941392e4b52f307c71832f0aaad54da617e9078fe055e1c,8dbe5f139fd946d4cd84e8cc612cd9f68cbc87e394457884acc0c5dad56dd8dd,e8c2c3714dfad8ccb787de83956aff6eadd8f5bf3b515e0083ff8aeca241ab2d,e8c2c3714dfad8ccb787de83956aff6eadd8f5bf3b515e0083ff8aeca241ab2d,0,0,double,FALSE,FALSE,FALSE,FALSE,0,0,0,0
candidate,4,measure,1,1000000,none,3,multiply,2,compact,3,1260,0.307000000000002,0.307,1260,1,7f1c1a27229f7a699fa85ff90b5be1266497c462407b39b11f6d94015af8e8ad,8dbe5f139fd946d4cd84e8cc612cd9f68cbc87e394457884acc0c5dad56dd8dd,72cc5cf98cf5a5166668db2e8420adb3bc862ec1b003fbdd7aeb0a9746f22870,8dbe5f139fd946d4cd84e8cc612cd9f68cbc87e394457884acc0c5dad56dd8dd,0418a77b7087897a0ead6e10b9da2953bfee2ad9da1470ca98b7664e364a3024,0418a77b7087897a0ead6e10b9da2953bfee2ad9da1470ca98b7664e364a3024,0,0,float,TRUE,TRUE,FALSE,FALSE,0,0,0,0
candidate,4,measure,1,1000000,none,3,subtract,3,ordinary,1,985,0.257999999999999,0.257999999999999,0,0,7f1c1a27229f7a699fa85ff90b5be1266497c462407b39b11f6d94015af8e8ad,8dbe5f139fd946d4cd84e8cc612cd9f68cbc87e394457884acc0c5dad56dd8dd,13a3239df0a7d9c4766e9cb1022fe126007afc38c9539ef233ed4bf785d961fa,8dbe5f139fd946d4cd84e8cc612cd9f68cbc87e394457884acc0c5dad56dd8dd,71557d1c8bac9bbe3cbec8d00bb223a2f372279827064095447e569fbf5a760a,71557d1c8bac9bbe3cbec8d00bb223a2f372279827064095447e569fbf5a760a,0,0,,FALSE,FALSE,FALSE,FALSE,0,0,0,0
candidate,4,measure,1,1000000,none,3,subtract,3,compact,2,1260,0.306000000000001,0.306999999999999,1260,1,7f1c1a27229f7a699fa85ff90b5be1266497c462407b39b11f6d94015af8e8ad,8dbe5f139fd946d4cd84e8cc612cd9f68cbc87e394457884acc0c5dad56dd8dd,73750801b993e37ef9c262c8c6c20433be5d4f8f21bfd0757cae3f70c74eda3f,8dbe5f139fd946d4cd84e8cc612cd9f68cbc87e394457884acc0c5dad56dd8dd,0418a77b7087897a0ead6e10b9da2953bfee2ad9da1470ca98b7664e364a3024,0418a77b7087897a0ead6e10b9da2953bfee2ad9da1470ca98b7664e364a3024,0,0,float,TRUE,TRUE,FALSE,FALSE,0,0,0,0
candidate,4,measure,1,1000000,none,3,subtract,3,typed_double,3,1130,0.337,0.337999999999997,1130,1,7f1c1a27229f7a699fa85ff90b5be1266497c462407b39b11f6d94015af8e8ad,8dbe5f139fd946d4cd84e8cc612cd9f68cbc87e394457884acc0c5dad56dd8dd,13a3239df0a7d9c4766e9cb1022fe126007afc38c9539ef233ed4bf785d961fa,8dbe5f139fd946d4cd84e8cc612cd9f68cbc87e394457884acc0c5dad56dd8dd,e8c2c3714dfad8ccb787de83956aff6eadd8f5bf3b515e0083ff8aeca241ab2d,e8c2c3714dfad8ccb787de83956aff6eadd8f5bf3b515e0083ff8aeca241ab2d,0,0,double,FALSE,FALSE,FALSE,FALSE,0,0,0,0
candidate,4,measure,1,1000000,none,3,add,4,typed_double,1,1130,0.321000000000002,0.321999999999999,1130,1,7f1c1a27229f7a699fa85ff90b5be1266497c462407b39b11f6d94015af8e8ad,8dbe5f139fd946d4cd84e8cc612cd9f68cbc87e394457884acc0c5dad56dd8dd,292e89d47e6240bb2914ef7ad37d7e757276712199771e9df56100a008a8cb8c,8dbe5f139fd946d4cd84e8cc612cd9f68cbc87e394457884acc0c5dad56dd8dd,e8c2c3714dfad8ccb787de83956aff6eadd8f5bf3b515e0083ff8aeca241ab2d,e8c2c3714dfad8ccb787de83956aff6eadd8f5bf3b515e0083ff8aeca241ab2d,0,0,double,FALSE,FALSE,FALSE,FALSE,0,0,0,0
candidate,4,measure,1,1000000,none,3,add,4,ordinary,2,998,0.259,0.259,0,0,7f1c1a27229f7a699fa85ff90b5be1266497c462407b39b11f6d94015af8e8ad,8dbe5f139fd946d4cd84e8cc612cd9f68cbc87e394457884acc0c5dad56dd8dd,292e89d47e6240bb2914ef7ad37d7e757276712199771e9df56100a008a8cb8c,8dbe5f139fd946d4cd84e8cc612cd9f68cbc87e394457884acc0c5dad56dd8dd,71557d1c8bac9bbe3cbec8d00bb223a2f372279827064095447e569fbf5a760a,71557d1c8bac9bbe3cbec8d00bb223a2f372279827064095447e569fbf5a760a,0,0,,FALSE,FALSE,FALSE,FALSE,0,0,0,0
candidate,4,measure,1,1000000,none,3,add,4,compact,3,1281,0.307999999999999,0.307000000000002,1281,1,7f1c1a27229f7a699fa85ff90b5be1266497c462407b39b11f6d94015af8e8ad,8dbe5f139fd946d4cd84e8cc612cd9f68cbc87e394457884acc0c5dad56dd8dd,6f4e6deefcbd4cb8847d97ac43d7047c827b45b8a7d41e59355544434442b07b,8dbe5f139fd946d4cd84e8cc612cd9f68cbc87e394457884acc0c5dad56dd8dd,0418a77b7087897a0ead6e10b9da2953bfee2ad9da1470ca98b7664e364a3024,0418a77b7087897a0ead6e10b9da2953bfee2ad9da1470ca98b7664e364a3024,0,0,float,TRUE,TRUE,FALSE,FALSE,0,0,0,0
candidate,4,measure,1,1000000,all_tags,4,divide,1,compact,1,350,0.322999999999999,0.321999999999999,350,1,27ad0fd15ffcc1bf50ce4e82dc19749a5d76c28e5f77c0dfb2e1a0146023823c,74f9a5d0f01860a6547249f6205a49da91245cb9db41112e4e920b025218dd95,9ffc0380039738708c4659192475d1725e834e73fa28723ceb64d722b0994aef,1574ffadfcad3245cd83f3552908b258f1a96e142112f95cc2e77c92396da835,0418a77b7087897a0ead6e10b9da2953bfee2ad9da1470ca98b7664e364a3024,0418a77b7087897a0ead6e10b9da2953bfee2ad9da1470ca98b7664e364a3024,1000000,1000000,float,TRUE,TRUE,FALSE,FALSE,0,0,0,0
candidate,4,measure,1,1000000,all_tags,4,divide,1,typed_double,2,1053,0.322999999999999,0.321999999999999,1053,1,27ad0fd15ffcc1bf50ce4e82dc19749a5d76c28e5f77c0dfb2e1a0146023823c,74f9a5d0f01860a6547249f6205a49da91245cb9db41112e4e920b025218dd95,9ffc0380039738708c4659192475d1725e834e73fa28723ceb64d722b0994aef,1574ffadfcad3245cd83f3552908b258f1a96e142112f95cc2e77c92396da835,e8c2c3714dfad8ccb787de83956aff6eadd8f5bf3b515e0083ff8aeca241ab2d,e8c2c3714dfad8ccb787de83956aff6eadd8f5bf3b515e0083ff8aeca241ab2d,1000000,1000000,double,FALSE,FALSE,FALSE,FALSE,0,0,0,0
candidate,4,measure,1,1000000,all_tags,4,multiply,2,typed_double,1,1114,0.332,0.331,1114,1,27ad0fd15ffcc1bf50ce4e82dc19749a5d76c28e5f77c0dfb2e1a0146023823c,74f9a5d0f01860a6547249f6205a49da91245cb9db41112e4e920b025218dd95,9ffc0380039738708c4659192475d1725e834e73fa28723ceb64d722b0994aef,1574ffadfcad3245cd83f3552908b258f1a96e142112f95cc2e77c92396da835,e8c2c3714dfad8ccb787de83956aff6eadd8f5bf3b515e0083ff8aeca241ab2d,e8c2c3714dfad8ccb787de83956aff6eadd8f5bf3b515e0083ff8aeca241ab2d,1000000,1000000,double,FALSE,FALSE,FALSE,FALSE,0,0,0,0
candidate,4,measure,1,1000000,all_tags,4,multiply,2,compact,2,350,0.305000000000002,0.304000000000002,350,1,27ad0fd15ffcc1bf50ce4e82dc19749a5d76c28e5f77c0dfb2e1a0146023823c,74f9a5d0f01860a6547249f6205a49da91245cb9db41112e4e920b025218dd95,9ffc0380039738708c4659192475d1725e834e73fa28723ceb64d722b0994aef,1574ffadfcad3245cd83f3552908b258f1a96e142112f95cc2e77c92396da835,0418a77b7087897a0ead6e10b9da2953bfee2ad9da1470ca98b7664e364a3024,0418a77b7087897a0ead6e10b9da2953bfee2ad9da1470ca98b7664e364a3024,1000000,1000000,float,TRUE,TRUE,FALSE,FALSE,0,0,0,0
candidate,4,measure,1,1000000,all_tags,4,subtract,3,compact,1,337,0.296000000000002,0.295999999999999,337,1,27ad0fd15ffcc1bf50ce4e82dc19749a5d76c28e5f77c0dfb2e1a0146023823c,74f9a5d0f01860a6547249f6205a49da91245cb9db41112e4e920b025218dd95,9ffc0380039738708c4659192475d1725e834e73fa28723ceb64d722b0994aef,1574ffadfcad3245cd83f3552908b258f1a96e142112f95cc2e77c92396da835,0418a77b7087897a0ead6e10b9da2953bfee2ad9da1470ca98b7664e364a3024,0418a77b7087897a0ead6e10b9da2953bfee2ad9da1470ca98b7664e364a3024,1000000,1000000,float,TRUE,TRUE,FALSE,FALSE,0,0,0,0
candidate,4,measure,1,1000000,all_tags,4,subtract,3,typed_double,2,1114,0.337,0.337,1114,1,27ad0fd15ffcc1bf50ce4e82dc19749a5d76c28e5f77c0dfb2e1a0146023823c,74f9a5d0f01860a6547249f6205a49da91245cb9db41112e4e920b025218dd95,9ffc0380039738708c4659192475d1725e834e73fa28723ceb64d722b0994aef,1574ffadfcad3245cd83f3552908b258f1a96e142112f95cc2e77c92396da835,e8c2c3714dfad8ccb787de83956aff6eadd8f5bf3b515e0083ff8aeca241ab2d,e8c2c3714dfad8ccb787de83956aff6eadd8f5bf3b515e0083ff8aeca241ab2d,1000000,1000000,double,FALSE,FALSE,FALSE,FALSE,0,0,0,0
candidate,4,measure,1,1000000,all_tags,4,add,4,typed_double,1,1114,0.316000000000003,0.317,1114,1,27ad0fd15ffcc1bf50ce4e82dc19749a5d76c28e5f77c0dfb2e1a0146023823c,74f9a5d0f01860a6547249f6205a49da91245cb9db41112e4e920b025218dd95,9ffc0380039738708c4659192475d1725e834e73fa28723ceb64d722b0994aef,1574ffadfcad3245cd83f3552908b258f1a96e142112f95cc2e77c92396da835,e8c2c3714dfad8ccb787de83956aff6eadd8f5bf3b515e0083ff8aeca241ab2d,e8c2c3714dfad8ccb787de83956aff6eadd8f5bf3b515e0083ff8aeca241ab2d,1000000,1000000,double,FALSE,FALSE,FALSE,FALSE,0,0,0,0
candidate,4,measure,1,1000000,all_tags,4,add,4,compact,2,350,0.303999999999998,0.303999999999998,350,1,27ad0fd15ffcc1bf50ce4e82dc19749a5d76c28e5f77c0dfb2e1a0146023823c,74f9a5d0f01860a6547249f6205a49da91245cb9db41112e4e920b025218dd95,9ffc0380039738708c4659192475d1725e834e73fa28723ceb64d722b0994aef,1574ffadfcad3245cd83f3552908b258f1a96e142112f95cc2e77c92396da835,0418a77b7087897a0ead6e10b9da2953bfee2ad9da1470ca98b7664e364a3024,0418a77b7087897a0ead6e10b9da2953bfee2ad9da1470ca98b7664e364a3024,1000000,1000000,float,TRUE,TRUE,FALSE,FALSE,0,0,0,0
candidate,4,measure,1,1000000,suffix256,5,divide,1,typed_double,1,1053,0.319000000000003,0.32,1053,1,b38da76a0bf8f72e59074e4463b94231f873a1ddf7c027778214fc73daff29f4,9381174d5a5c0056365a99d2e08f017e8e0fb6180967a7e6d7598196faa41fe2,7b288c3a11028a99daad5072816bc596661252acce990ed434c1bcd8450082d9,7dd3c12d784e621bc75114205a7f98be85940c915e020c1372e35d98a1b271bc,e8c2c3714dfad8ccb787de83956aff6eadd8f5bf3b515e0083ff8aeca241ab2d,e8c2c3714dfad8ccb787de83956aff6eadd8f5bf3b515e0083ff8aeca241ab2d,256,256,double,FALSE,FALSE,FALSE,FALSE,0,0,0,0
candidate,4,measure,1,1000000,suffix256,5,divide,1,compact,2,1130,0.298000000000002,0.297999999999998,1130,1,b38da76a0bf8f72e59074e4463b94231f873a1ddf7c027778214fc73daff29f4,9381174d5a5c0056365a99d2e08f017e8e0fb6180967a7e6d7598196faa41fe2,24114da746c52d603149cc8b90e4df0716cbe88e43c70d8530cbb83c03917cd5,7dd3c12d784e621bc75114205a7f98be85940c915e020c1372e35d98a1b271bc,0418a77b7087897a0ead6e10b9da2953bfee2ad9da1470ca98b7664e364a3024,0418a77b7087897a0ead6e10b9da2953bfee2ad9da1470ca98b7664e364a3024,256,256,float,TRUE,TRUE,FALSE,FALSE,0,0,0,0
candidate,4,measure,1,1000000,suffix256,5,multiply,2,compact,1,1260,0.296999999999997,0.297000000000001,1260,1,b38da76a0bf8f72e59074e4463b94231f873a1ddf7c027778214fc73daff29f4,9381174d5a5c0056365a99d2e08f017e8e0fb6180967a7e6d7598196faa41fe2,bbb0344652a96cc23ac4f06e9785146860bfbd677c72c0edcd2f8c3580d560de,7dd3c12d784e621bc75114205a7f98be85940c915e020c1372e35d98a1b271bc,0418a77b7087897a0ead6e10b9da2953bfee2ad9da1470ca98b7664e364a3024,0418a77b7087897a0ead6e10b9da2953bfee2ad9da1470ca98b7664e364a3024,256,256,float,TRUE,TRUE,FALSE,FALSE,0,0,0,0
candidate,4,measure,1,1000000,suffix256,5,multiply,2,typed_double,2,1114,0.316000000000003,0.316000000000003,1114,1,b38da76a0bf8f72e59074e4463b94231f873a1ddf7c027778214fc73daff29f4,9381174d5a5c0056365a99d2e08f017e8e0fb6180967a7e6d7598196faa41fe2,be18b0001d95c130e93bb80d453f927c725dc11a02c22824fd092ee8adb88f8c,7dd3c12d784e621bc75114205a7f98be85940c915e020c1372e35d98a1b271bc,e8c2c3714dfad8ccb787de83956aff6eadd8f5bf3b515e0083ff8aeca241ab2d,e8c2c3714dfad8ccb787de83956aff6eadd8f5bf3b515e0083ff8aeca241ab2d,256,256,double,FALSE,FALSE,FALSE,FALSE,0,0,0,0
candidate,4,measure,1,1000000,suffix256,5,subtract,3,typed_double,1,1130,0.337000000000002,0.337,1130,1,b38da76a0bf8f72e59074e4463b94231f873a1ddf7c027778214fc73daff29f4,9381174d5a5c0056365a99d2e08f017e8e0fb6180967a7e6d7598196faa41fe2,902119eaaa7bebe54be150b29f406b8cf060a7b96185baaf79c97e14dad3f863,7dd3c12d784e621bc75114205a7f98be85940c915e020c1372e35d98a1b271bc,e8c2c3714dfad8ccb787de83956aff6eadd8f5bf3b515e0083ff8aeca241ab2d,e8c2c3714dfad8ccb787de83956aff6eadd8f5bf3b515e0083ff8aeca241ab2d,256,256,double,FALSE,FALSE,FALSE,FALSE,0,0,0,0
candidate,4,measure,1,1000000,suffix256,5,subtract,3,compact,2,1302,0.308,0.308,1302,1,b38da76a0bf8f72e59074e4463b94231f873a1ddf7c027778214fc73daff29f4,9381174d5a5c0056365a99d2e08f017e8e0fb6180967a7e6d7598196faa41fe2,2e8b9a52242656d84d6c914b5187c8ff371ed496c9ac68c5265226a85c7c63ce,7dd3c12d784e621bc75114205a7f98be85940c915e020c1372e35d98a1b271bc,0418a77b7087897a0ead6e10b9da2953bfee2ad9da1470ca98b7664e364a3024,0418a77b7087897a0ead6e10b9da2953bfee2ad9da1470ca98b7664e364a3024,256,256,float,TRUE,TRUE,FALSE,FALSE,0,0,0,0
candidate,4,measure,1,1000000,suffix256,5,add,4,compact,1,1260,0.315999999999999,0.316000000000003,1260,1,b38da76a0bf8f72e59074e4463b94231f873a1ddf7c027778214fc73daff29f4,9381174d5a5c0056365a99d2e08f017e8e0fb6180967a7e6d7598196faa41fe2,0bffebdab0ac6248f91ba88e1cb34ad47800183c79febee2181a94085774e5f8,7dd3c12d784e621bc75114205a7f98be85940c915e020c1372e35d98a1b271bc,0418a77b7087897a0ead6e10b9da2953bfee2ad9da1470ca98b7664e364a3024,0418a77b7087897a0ead6e10b9da2953bfee2ad9da1470ca98b7664e364a3024,256,256,float,TRUE,TRUE,FALSE,FALSE,0,0,0,0
candidate,4,measure,1,1000000,suffix256,5,add,4,typed_double,2,1130,0.32,0.32,1130,1,b38da76a0bf8f72e59074e4463b94231f873a1ddf7c027778214fc73daff29f4,9381174d5a5c0056365a99d2e08f017e8e0fb6180967a7e6d7598196faa41fe2,7326157ff492d94ccc459e73dd7161eb5f07a6c0e7ac687c3b8c4bdceab43d2e,7dd3c12d784e621bc75114205a7f98be85940c915e020c1372e35d98a1b271bc,e8c2c3714dfad8ccb787de83956aff6eadd8f5bf3b515e0083ff8aeca241ab2d,e8c2c3714dfad8ccb787de83956aff6eadd8f5bf3b515e0083ff8aeca241ab2d,256,256,double,FALSE,FALSE,FALSE,FALSE,0,0,0,0
candidate,4,measure,1,1000000,prefix256,6,divide,1,compact,1,1082,0.299000000000002,0.299,1082,1,7672490e19c58995dd8bc09ade0a2a8bcde6085cc76a95e6a2a68b700e661547,4f6a42db5f898f2e6efd550a2d023a17ce9371fa2066ce4c64161c3c65910d42,39cde0f370deb96aa360cc51297f1425619fc62c5aab9cbf474c5077748c43e5,24b32a51b9e59fdea8ab6db43f52e06894c1eed7ca8d35368b7ddc611816face,0418a77b7087897a0ead6e10b9da2953bfee2ad9da1470ca98b7664e364a3024,0418a77b7087897a0ead6e10b9da2953bfee2ad9da1470ca98b7664e364a3024,256,256,float,TRUE,TRUE,FALSE,FALSE,0,0,0,0
candidate,4,measure,1,1000000,prefix256,6,divide,1,typed_double,2,854,0.253000000000002,0.252000000000002,854,1,7672490e19c58995dd8bc09ade0a2a8bcde6085cc76a95e6a2a68b700e661547,4f6a42db5f898f2e6efd550a2d023a17ce9371fa2066ce4c64161c3c65910d42,cc75681b846788b45e94e2a5045461a21454f1fb812a76825abfb8d5b8560046,24b32a51b9e59fdea8ab6db43f52e06894c1eed7ca8d35368b7ddc611816face,e8c2c3714dfad8ccb787de83956aff6eadd8f5bf3b515e0083ff8aeca241ab2d,e8c2c3714dfad8ccb787de83956aff6eadd8f5bf3b515e0083ff8aeca241ab2d,256,256,double,FALSE,FALSE,FALSE,FALSE,0,0,0,0
candidate,4,measure,1,1000000,prefix256,6,multiply,2,typed_double,1,915,0.246000000000002,0.247,915,1,7672490e19c58995dd8bc09ade0a2a8bcde6085cc76a95e6a2a68b700e661547,4f6a42db5f898f2e6efd550a2d023a17ce9371fa2066ce4c64161c3c65910d42,44482e5cfdd89b569428523af3f17c87ac60e33cc59106f6590833be57efd32f,24b32a51b9e59fdea8ab6db43f52e06894c1eed7ca8d35368b7ddc611816face,e8c2c3714dfad8ccb787de83956aff6eadd8f5bf3b515e0083ff8aeca241ab2d,e8c2c3714dfad8ccb787de83956aff6eadd8f5bf3b515e0083ff8aeca241ab2d,256,256,double,FALSE,FALSE,FALSE,FALSE,0,0,0,0
candidate,4,measure,1,1000000,prefix256,6,multiply,2,compact,2,1220,0.299,0.299,1220,1,7672490e19c58995dd8bc09ade0a2a8bcde6085cc76a95e6a2a68b700e661547,4f6a42db5f898f2e6efd550a2d023a17ce9371fa2066ce4c64161c3c65910d42,7293d547074b8526fbff0adf5afb6e1a4f7e9f73ad4fc0a17760046fa38599c5,24b32a51b9e59fdea8ab6db43f52e06894c1eed7ca8d35368b7ddc611816face,0418a77b7087897a0ead6e10b9da2953bfee2ad9da1470ca98b7664e364a3024,0418a77b7087897a0ead6e10b9da2953bfee2ad9da1470ca98b7664e364a3024,256,256,float,TRUE,TRUE,FALSE,FALSE,0,0,0,0
candidate,4,measure,1,1000000,prefix256,6,subtract,3,compact,1,1164,0.287999999999999,0.288000000000004,1164,1,7672490e19c58995dd8bc09ade0a2a8bcde6085cc76a95e6a2a68b700e661547,4f6a42db5f898f2e6efd550a2d023a17ce9371fa2066ce4c64161c3c65910d42,046b4f026f941f2c24556df139ea84930d72c2ac52f2bd782ad0fa6e0cb40f5c,24b32a51b9e59fdea8ab6db43f52e06894c1eed7ca8d35368b7ddc611816face,0418a77b7087897a0ead6e10b9da2953bfee2ad9da1470ca98b7664e364a3024,0418a77b7087897a0ead6e10b9da2953bfee2ad9da1470ca98b7664e364a3024,256,256,float,TRUE,TRUE,FALSE,FALSE,0,0,0,0
candidate,4,measure,1,1000000,prefix256,6,subtract,3,typed_double,2,894,0.263999999999998,0.262999999999998,894,1,7672490e19c58995dd8bc09ade0a2a8bcde6085cc76a95e6a2a68b700e661547,4f6a42db5f898f2e6efd550a2d023a17ce9371fa2066ce4c64161c3c65910d42,5c74a3463be8f702af0b2a265633cae455455452c94df3d1a717263f3099cfe8,24b32a51b9e59fdea8ab6db43f52e06894c1eed7ca8d35368b7ddc611816face,e8c2c3714dfad8ccb787de83956aff6eadd8f5bf3b515e0083ff8aeca241ab2d,e8c2c3714dfad8ccb787de83956aff6eadd8f5bf3b515e0083ff8aeca241ab2d,256,256,double,FALSE,FALSE,FALSE,FALSE,0,0,0,0
candidate,4,measure,1,1000000,prefix256,6,add,4,typed_double,1,1114,0.335000000000003,0.333999999999996,1114,1,7672490e19c58995dd8bc09ade0a2a8bcde6085cc76a95e6a2a68b700e661547,4f6a42db5f898f2e6efd550a2d023a17ce9371fa2066ce4c64161c3c65910d42,dd1e57fa4af2e69d9b2644cdfb6c2c9aaf27a0bfc4fbc9c2d12606357ab4fca3,24b32a51b9e59fdea8ab6db43f52e06894c1eed7ca8d35368b7ddc611816face,e8c2c3714dfad8ccb787de83956aff6eadd8f5bf3b515e0083ff8aeca241ab2d,e8c2c3714dfad8ccb787de83956aff6eadd8f5bf3b515e0083ff8aeca241ab2d,256,256,double,FALSE,FALSE,FALSE,FALSE,0,0,0,0
candidate,4,measure,1,1000000,prefix256,6,add,4,compact,2,1220,0.318999999999998,0.319000000000003,1220,1,7672490e19c58995dd8bc09ade0a2a8bcde6085cc76a95e6a2a68b700e661547,4f6a42db5f898f2e6efd550a2d023a17ce9371fa2066ce4c64161c3c65910d42,ecc47fd344083a74b5c7d619ec45d4e9d51ebcb1a601422a660eb8d9fbe7cb84,24b32a51b9e59fdea8ab6db43f52e06894c1eed7ca8d35368b7ddc611816face,0418a77b7087897a0ead6e10b9da2953bfee2ad9da1470ca98b7664e364a3024,0418a77b7087897a0ead6e10b9da2953bfee2ad9da1470ca98b7664e364a3024,256,256,float,TRUE,TRUE,FALSE,FALSE,0,0,0,0
candidate,4,measure,1,1000000,clustered_half,7,divide,1,typed_double,1,1038,0.321,0.321000000000005,1038,1,72ac528b7e885a755c34618238a03ae8cbc5ab330977a6b32c5ef330e0b98c7e,1d3c0c5563242b6607a6592048dc2fa1826ff1863cf43d4f44d5fa490b045076,83160af0c1b32eeffbea7a7680fc8fa8824133bf2669b646c3c9a02500722fe9,dd210ce658e7870361ec32bb75f35c37ac9507b234668b988ee597b20b3a1a78,e8c2c3714dfad8ccb787de83956aff6eadd8f5bf3b515e0083ff8aeca241ab2d,e8c2c3714dfad8ccb787de83956aff6eadd8f5bf3b515e0083ff8aeca241ab2d,500000,500000,double,FALSE,FALSE,FALSE,FALSE,0,0,0,0
candidate,4,measure,1,1000000,clustered_half,7,divide,1,compact,2,534,0.321,0.32,534,1,72ac528b7e885a755c34618238a03ae8cbc5ab330977a6b32c5ef330e0b98c7e,1d3c0c5563242b6607a6592048dc2fa1826ff1863cf43d4f44d5fa490b045076,025bf67b4aa5cf89e617cc08318ce5582fde64d4e33795fb3801e492102fb360,dd210ce658e7870361ec32bb75f35c37ac9507b234668b988ee597b20b3a1a78,0418a77b7087897a0ead6e10b9da2953bfee2ad9da1470ca98b7664e364a3024,0418a77b7087897a0ead6e10b9da2953bfee2ad9da1470ca98b7664e364a3024,500000,500000,float,TRUE,TRUE,FALSE,FALSE,0,0,0,0
candidate,4,measure,1,1000000,clustered_half,7,multiply,2,compact,1,549,0.302999999999997,0.302999999999997,549,1,72ac528b7e885a755c34618238a03ae8cbc5ab330977a6b32c5ef330e0b98c7e,1d3c0c5563242b6607a6592048dc2fa1826ff1863cf43d4f44d5fa490b045076,b58c64d8f49a32dd1252274eb6df288287216d753323b95dfecd81b377278935,dd210ce658e7870361ec32bb75f35c37ac9507b234668b988ee597b20b3a1a78,0418a77b7087897a0ead6e10b9da2953bfee2ad9da1470ca98b7664e364a3024,0418a77b7087897a0ead6e10b9da2953bfee2ad9da1470ca98b7664e364a3024,500000,500000,float,TRUE,TRUE,FALSE,FALSE,0,0,0,0
candidate,4,measure,1,1000000,clustered_half,7,multiply,2,typed_double,2,1114,0.332000000000003,0.332000000000001,1114,1,72ac528b7e885a755c34618238a03ae8cbc5ab330977a6b32c5ef330e0b98c7e,1d3c0c5563242b6607a6592048dc2fa1826ff1863cf43d4f44d5fa490b045076,b02448e7f84965a509b54be4b2c0272a60a165169fe5758145eec27b2a1b2ea9,dd210ce658e7870361ec32bb75f35c37ac9507b234668b988ee597b20b3a1a78,e8c2c3714dfad8ccb787de83956aff6eadd8f5bf3b515e0083ff8aeca241ab2d,e8c2c3714dfad8ccb787de83956aff6eadd8f5bf3b515e0083ff8aeca241ab2d,500000,500000,double,FALSE,FALSE,FALSE,FALSE,0,0,0,0
candidate,4,measure,1,1000000,clustered_half,7,subtract,3,typed_double,1,1130,0.321,0.320999999999998,1130,1,72ac528b7e885a755c34618238a03ae8cbc5ab330977a6b32c5ef330e0b98c7e,1d3c0c5563242b6607a6592048dc2fa1826ff1863cf43d4f44d5fa490b045076,efc88c2b9e2fc69297972b13305d545bc9b98235585b8a7c69c650c492a2e23e,dd210ce658e7870361ec32bb75f35c37ac9507b234668b988ee597b20b3a1a78,e8c2c3714dfad8ccb787de83956aff6eadd8f5bf3b515e0083ff8aeca241ab2d,e8c2c3714dfad8ccb787de83956aff6eadd8f5bf3b515e0083ff8aeca241ab2d,500000,500000,double,FALSE,FALSE,FALSE,FALSE,0,0,0,0
candidate,4,measure,1,1000000,clustered_half,7,subtract,3,compact,2,541,0.297999999999995,0.299,541,1,72ac528b7e885a755c34618238a03ae8cbc5ab330977a6b32c5ef330e0b98c7e,1d3c0c5563242b6607a6592048dc2fa1826ff1863cf43d4f44d5fa490b045076,c5697f922b38f8be8ef42932d64beda9530d73a109eb4f48cac5eafdeffa9db0,dd210ce658e7870361ec32bb75f35c37ac9507b234668b988ee597b20b3a1a78,0418a77b7087897a0ead6e10b9da2953bfee2ad9da1470ca98b7664e364a3024,0418a77b7087897a0ead6e10b9da2953bfee2ad9da1470ca98b7664e364a3024,500000,500000,float,TRUE,TRUE,FALSE,FALSE,0,0,0,0
candidate,4,measure,1,1000000,clustered_half,7,add,4,compact,1,549,0.303,0.302999999999997,549,1,72ac528b7e885a755c34618238a03ae8cbc5ab330977a6b32c5ef330e0b98c7e,1d3c0c5563242b6607a6592048dc2fa1826ff1863cf43d4f44d5fa490b045076,07fcca5b3425dcf6e55ea639c22733cb77ff907a47716df8c52124e35bb9fbfe,dd210ce658e7870361ec32bb75f35c37ac9507b234668b988ee597b20b3a1a78,0418a77b7087897a0ead6e10b9da2953bfee2ad9da1470ca98b7664e364a3024,0418a77b7087897a0ead6e10b9da2953bfee2ad9da1470ca98b7664e364a3024,500000,500000,float,TRUE,TRUE,FALSE,FALSE,0,0,0,0
candidate,4,measure,1,1000000,clustered_half,7,add,4,typed_double,2,926,0.251,0.25,926,1,72ac528b7e885a755c34618238a03ae8cbc5ab330977a6b32c5ef330e0b98c7e,1d3c0c5563242b6607a6592048dc2fa1826ff1863cf43d4f44d5fa490b045076,10a7942aa651223fed3ba69c8d2aa3fdfbdf7619c0d0a04415495c2c1363cfb8,dd210ce658e7870361ec32bb75f35c37ac9507b234668b988ee597b20b3a1a78,e8c2c3714dfad8ccb787de83956aff6eadd8f5bf3b515e0083ff8aeca241ab2d,e8c2c3714dfad8ccb787de83956aff6eadd8f5bf3b515e0083ff8aeca241ab2d,500000,500000,double,FALSE,FALSE,FALSE,FALSE,0,0,0,0
baseline,4,measure,1,1000000,random_half,1,divide,1,compact,1,527,0.301,0.302,527,1,b6b60ef8bb430be90e7239dd64b807cda383733b1048ca6748094e19e1003f06,6d001f63d9ce5612a17ed6ff62e0d269d6d862dde318265b90a63af3b92b0706,bb079602e37003a78aadfca99fa018913b2b3fb8ec696feb7099fb65c1c7dba7,30718b1b486380effd7b1cfea2860d277477b8909dc49eb8522afffbc6bc2b89,0418a77b7087897a0ead6e10b9da2953bfee2ad9da1470ca98b7664e364a3024,0418a77b7087897a0ead6e10b9da2953bfee2ad9da1470ca98b7664e364a3024,500000,500000,float,TRUE,TRUE,FALSE,FALSE,0,0,0,0
baseline,4,measure,1,1000000,random_half,1,divide,1,typed_double,2,835,0.285,0.285,835,1,b6b60ef8bb430be90e7239dd64b807cda383733b1048ca6748094e19e1003f06,6d001f63d9ce5612a17ed6ff62e0d269d6d862dde318265b90a63af3b92b0706,86070650af7b970f08a28b072998cc372186bdf3df0092e4e49e8c1dc1d19b28,30718b1b486380effd7b1cfea2860d277477b8909dc49eb8522afffbc6bc2b89,e8c2c3714dfad8ccb787de83956aff6eadd8f5bf3b515e0083ff8aeca241ab2d,e8c2c3714dfad8ccb787de83956aff6eadd8f5bf3b515e0083ff8aeca241ab2d,500000,500000,double,FALSE,FALSE,FALSE,FALSE,0,0,0,0
baseline,4,measure,1,1000000,random_half,1,multiply,2,typed_double,1,883,0.28,0.28,883,1,b6b60ef8bb430be90e7239dd64b807cda383733b1048ca6748094e19e1003f06,6d001f63d9ce5612a17ed6ff62e0d269d6d862dde318265b90a63af3b92b0706,a884a5b937ac6944f0815b6c0e57bcd8e8abdfb5ca14ceb4c064ef23744bd71a,30718b1b486380effd7b1cfea2860d277477b8909dc49eb8522afffbc6bc2b89,e8c2c3714dfad8ccb787de83956aff6eadd8f5bf3b515e0083ff8aeca241ab2d,e8c2c3714dfad8ccb787de83956aff6eadd8f5bf3b515e0083ff8aeca241ab2d,500000,500000,double,FALSE,FALSE,FALSE,FALSE,0,0,0,0
baseline,4,measure,1,1000000,random_half,1,multiply,2,compact,2,458,0.251,0.251,458,1,b6b60ef8bb430be90e7239dd64b807cda383733b1048ca6748094e19e1003f06,6d001f63d9ce5612a17ed6ff62e0d269d6d862dde318265b90a63af3b92b0706,52858cc82fe2d48b402afcf73363ef8dcad17f91b5684ffba771be6f6a6f4884,30718b1b486380effd7b1cfea2860d277477b8909dc49eb8522afffbc6bc2b89,0418a77b7087897a0ead6e10b9da2953bfee2ad9da1470ca98b7664e364a3024,0418a77b7087897a0ead6e10b9da2953bfee2ad9da1470ca98b7664e364a3024,500000,500000,float,TRUE,TRUE,FALSE,FALSE,0,0,0,0
baseline,4,measure,1,1000000,random_half,1,subtract,3,compact,1,549,0.3,0.3,549,1,b6b60ef8bb430be90e7239dd64b807cda383733b1048ca6748094e19e1003f06,6d001f63d9ce5612a17ed6ff62e0d269d6d862dde318265b90a63af3b92b0706,0977e4c376f876f729091ad143045977b47f25c3e39f44906e53226792c66d09,30718b1b486380effd7b1cfea2860d277477b8909dc49eb8522afffbc6bc2b89,0418a77b7087897a0ead6e10b9da2953bfee2ad9da1470ca98b7664e364a3024,0418a77b7087897a0ead6e10b9da2953bfee2ad9da1470ca98b7664e364a3024,500000,500000,float,TRUE,TRUE,FALSE,FALSE,0,0,0,0
baseline,4,measure,1,1000000,random_half,1,subtract,3,typed_double,2,1098,0.353,0.352,1098,1,b6b60ef8bb430be90e7239dd64b807cda383733b1048ca6748094e19e1003f06,6d001f63d9ce5612a17ed6ff62e0d269d6d862dde318265b90a63af3b92b0706,98bc8ff9af692ead61bb42ce3d313da378f7ebf5bea0cce023d0267baccfff00,30718b1b486380effd7b1cfea2860d277477b8909dc49eb8522afffbc6bc2b89,e8c2c3714dfad8ccb787de83956aff6eadd8f5bf3b515e0083ff8aeca241ab2d,e8c2c3714dfad8ccb787de83956aff6eadd8f5bf3b515e0083ff8aeca241ab2d,500000,500000,double,FALSE,FALSE,FALSE,FALSE,0,0,0,0
baseline,4,measure,1,1000000,random_half,1,add,4,typed_double,1,894,0.281000000000001,0.281000000000001,894,1,b6b60ef8bb430be90e7239dd64b807cda383733b1048ca6748094e19e1003f06,6d001f63d9ce5612a17ed6ff62e0d269d6d862dde318265b90a63af3b92b0706,355e852b13c998c602bf0f39fe137d5f8562900a8d72e8fba5a01d4d0efef67e,30718b1b486380effd7b1cfea2860d277477b8909dc49eb8522afffbc6bc2b89,e8c2c3714dfad8ccb787de83956aff6eadd8f5bf3b515e0083ff8aeca241ab2d,e8c2c3714dfad8ccb787de83956aff6eadd8f5bf3b515e0083ff8aeca241ab2d,500000,500000,double,FALSE,FALSE,FALSE,FALSE,0,0,0,0
baseline,4,measure,1,1000000,random_half,1,add,4,compact,2,549,0.301000000000001,0.302,549,1,b6b60ef8bb430be90e7239dd64b807cda383733b1048ca6748094e19e1003f06,6d001f63d9ce5612a17ed6ff62e0d269d6d862dde318265b90a63af3b92b0706,6b76f3bb98139bd84054294cebf89160afe822765e6b53998b6e5f12429a1357,30718b1b486380effd7b1cfea2860d277477b8909dc49eb8522afffbc6bc2b89,0418a77b7087897a0ead6e10b9da2953bfee2ad9da1470ca98b7664e364a3024,0418a77b7087897a0ead6e10b9da2953bfee2ad9da1470ca98b7664e364a3024,500000,500000,float,TRUE,TRUE,FALSE,FALSE,0,0,0,0
baseline,4,measure,1,1000000,sparse,2,divide,1,typed_double,1,844,0.267,0.266999999999999,844,1,8cb390f4310bb5332e9085281aa52e5236aecd65b982d0e3a7e9174fe845527e,4ff8e31f35ef7231c619440044b989f14d0c2459692ffaf4249d0c6f088eb1cd,b5e497d0bf0ffe91ebc90f020c1418218eae5cef8ab084b16638c31e0a7fd996,2c3d712c4b869db707211a9641b70f4fcf04eb0bc5000f397325e704b05a2a63,e8c2c3714dfad8ccb787de83956aff6eadd8f5bf3b515e0083ff8aeca241ab2d,e8c2c3714dfad8ccb787de83956aff6eadd8f5bf3b515e0083ff8aeca241ab2d,1003,1003,double,FALSE,FALSE,FALSE,FALSE,0,0,0,0
baseline,4,measure,1,1000000,sparse,2,divide,1,compact,2,534,0.315,0.315,534,1,8cb390f4310bb5332e9085281aa52e5236aecd65b982d0e3a7e9174fe845527e,4ff8e31f35ef7231c619440044b989f14d0c2459692ffaf4249d0c6f088eb1cd,7cd5af9e05a188d4704876cfdb85ac5034d3d5a1e396bdb3dfc44f37237baea7,2c3d712c4b869db707211a9641b70f4fcf04eb0bc5000f397325e704b05a2a63,0418a77b7087897a0ead6e10b9da2953bfee2ad9da1470ca98b7664e364a3024,0418a77b7087897a0ead6e10b9da2953bfee2ad9da1470ca98b7664e364a3024,1003,1003,float,TRUE,TRUE,FALSE,FALSE,0,0,0,0
baseline,4,measure,1,1000000,sparse,2,multiply,2,compact,1,557,0.303999999999998,0.304,557,1,8cb390f4310bb5332e9085281aa52e5236aecd65b982d0e3a7e9174fe845527e,4ff8e31f35ef7231c619440044b989f14d0c2459692ffaf4249d0c6f088eb1cd,c58bc992720c328eca610e60f8c3f93d7d61df77946cf51b8626b0d8b78368ef,2c3d712c4b869db707211a9641b70f4fcf04eb0bc5000f397325e704b05a2a63,0418a77b7087897a0ead6e10b9da2953bfee2ad9da1470ca98b7664e364a3024,0418a77b7087897a0ead6e10b9da2953bfee2ad9da1470ca98b7664e364a3024,1003,1003,float,TRUE,TRUE,FALSE,FALSE,0,0,0,0
baseline,4,measure,1,1000000,sparse,2,multiply,2,typed_double,2,1114,0.334,0.335000000000001,1114,1,8cb390f4310bb5332e9085281aa52e5236aecd65b982d0e3a7e9174fe845527e,4ff8e31f35ef7231c619440044b989f14d0c2459692ffaf4249d0c6f088eb1cd,ea87b3dd63bfda18195aef508608398181a11f876a570f6017c0c100c3497f49,2c3d712c4b869db707211a9641b70f4fcf04eb0bc5000f397325e704b05a2a63,e8c2c3714dfad8ccb787de83956aff6eadd8f5bf3b515e0083ff8aeca241ab2d,e8c2c3714dfad8ccb787de83956aff6eadd8f5bf3b515e0083ff8aeca241ab2d,1003,1003,double,FALSE,FALSE,FALSE,FALSE,0,0,0,0
baseline,4,measure,1,1000000,sparse,2,subtract,3,typed_double,1,1130,0.339,0.338000000000001,1130,1,8cb390f4310bb5332e9085281aa52e5236aecd65b982d0e3a7e9174fe845527e,4ff8e31f35ef7231c619440044b989f14d0c2459692ffaf4249d0c6f088eb1cd,5dbef6a14bd33ea02b60ee3c940050585fc891f61a49d29253c64524c4390951,2c3d712c4b869db707211a9641b70f4fcf04eb0bc5000f397325e704b05a2a63,e8c2c3714dfad8ccb787de83956aff6eadd8f5bf3b515e0083ff8aeca241ab2d,e8c2c3714dfad8ccb787de83956aff6eadd8f5bf3b515e0083ff8aeca241ab2d,1003,1003,double,FALSE,FALSE,FALSE,FALSE,0,0,0,0
baseline,4,measure,1,1000000,sparse,2,subtract,3,compact,2,557,0.303000000000001,0.302999999999999,557,1,8cb390f4310bb5332e9085281aa52e5236aecd65b982d0e3a7e9174fe845527e,4ff8e31f35ef7231c619440044b989f14d0c2459692ffaf4249d0c6f088eb1cd,7125e60e6e7d4c92d9ed561efe37cfccac1593072e770a4f8d2a58f04113d3ae,2c3d712c4b869db707211a9641b70f4fcf04eb0bc5000f397325e704b05a2a63,0418a77b7087897a0ead6e10b9da2953bfee2ad9da1470ca98b7664e364a3024,0418a77b7087897a0ead6e10b9da2953bfee2ad9da1470ca98b7664e364a3024,1003,1003,float,TRUE,TRUE,FALSE,FALSE,0,0,0,0
baseline,4,measure,1,1000000,sparse,2,add,4,compact,1,549,0.299,0.299,549,1,8cb390f4310bb5332e9085281aa52e5236aecd65b982d0e3a7e9174fe845527e,4ff8e31f35ef7231c619440044b989f14d0c2459692ffaf4249d0c6f088eb1cd,9c2be51cd37c2d7977f794fada049c7c9ccc4011c9f81b26e042008f01cdd93e,2c3d712c4b869db707211a9641b70f4fcf04eb0bc5000f397325e704b05a2a63,0418a77b7087897a0ead6e10b9da2953bfee2ad9da1470ca98b7664e364a3024,0418a77b7087897a0ead6e10b9da2953bfee2ad9da1470ca98b7664e364a3024,1003,1003,float,TRUE,TRUE,FALSE,FALSE,0,0,0,0
baseline,4,measure,1,1000000,sparse,2,add,4,typed_double,2,1114,0.334,0.334000000000001,1114,1,8cb390f4310bb5332e9085281aa52e5236aecd65b982d0e3a7e9174fe845527e,4ff8e31f35ef7231c619440044b989f14d0c2459692ffaf4249d0c6f088eb1cd,c79c2ec291260c6f8d03c327d90d493416937a3f3bc9b85742b51e17a8fb7647,2c3d712c4b869db707211a9641b70f4fcf04eb0bc5000f397325e704b05a2a63,e8c2c3714dfad8ccb787de83956aff6eadd8f5bf3b515e0083ff8aeca241ab2d,e8c2c3714dfad8ccb787de83956aff6eadd8f5bf3b515e0083ff8aeca241ab2d,1003,1003,double,FALSE,FALSE,FALSE,FALSE,0,0,0,0
baseline,4,measure,1,1000000,none,3,divide,1,compact,1,699,0.302999999999999,0.302999999999999,699,1,7f1c1a27229f7a699fa85ff90b5be1266497c462407b39b11f6d94015af8e8ad,8dbe5f139fd946d4cd84e8cc612cd9f68cbc87e394457884acc0c5dad56dd8dd,1591013955a37eeca2ef03255d8659f041a956e2e6d6666478490b7f17a3ed59,8dbe5f139fd946d4cd84e8cc612cd9f68cbc87e394457884acc0c5dad56dd8dd,0418a77b7087897a0ead6e10b9da2953bfee2ad9da1470ca98b7664e364a3024,0418a77b7087897a0ead6e10b9da2953bfee2ad9da1470ca98b7664e364a3024,0,0,float,TRUE,TRUE,FALSE,FALSE,0,0,0,0
baseline,4,measure,1,1000000,none,3,divide,1,typed_double,2,854,0.266,0.266999999999999,854,1,7f1c1a27229f7a699fa85ff90b5be1266497c462407b39b11f6d94015af8e8ad,8dbe5f139fd946d4cd84e8cc612cd9f68cbc87e394457884acc0c5dad56dd8dd,94a902460bdb0445cf55fb22367b59bd4ca3f1ff73823aa1758bd6c7f1b6b58d,8dbe5f139fd946d4cd84e8cc612cd9f68cbc87e394457884acc0c5dad56dd8dd,e8c2c3714dfad8ccb787de83956aff6eadd8f5bf3b515e0083ff8aeca241ab2d,e8c2c3714dfad8ccb787de83956aff6eadd8f5bf3b515e0083ff8aeca241ab2d,0,0,double,FALSE,FALSE,FALSE,FALSE,0,0,0,0
baseline,4,measure,1,1000000,none,3,divide,1,ordinary,3,1239,0.318,0.318,0,0,7f1c1a27229f7a699fa85ff90b5be1266497c462407b39b11f6d94015af8e8ad,8dbe5f139fd946d4cd84e8cc612cd9f68cbc87e394457884acc0c5dad56dd8dd,94a902460bdb0445cf55fb22367b59bd4ca3f1ff73823aa1758bd6c7f1b6b58d,8dbe5f139fd946d4cd84e8cc612cd9f68cbc87e394457884acc0c5dad56dd8dd,71557d1c8bac9bbe3cbec8d00bb223a2f372279827064095447e569fbf5a760a,71557d1c8bac9bbe3cbec8d00bb223a2f372279827064095447e569fbf5a760a,0,0,,FALSE,FALSE,FALSE,FALSE,0,0,0,0
baseline,4,measure,1,1000000,none,3,multiply,2,ordinary,1,1024,0.267,0.266,0,0,7f1c1a27229f7a699fa85ff90b5be1266497c462407b39b11f6d94015af8e8ad,8dbe5f139fd946d4cd84e8cc612cd9f68cbc87e394457884acc0c5dad56dd8dd,f26b519d09797e4f4941392e4b52f307c71832f0aaad54da617e9078fe055e1c,8dbe5f139fd946d4cd84e8cc612cd9f68cbc87e394457884acc0c5dad56dd8dd,71557d1c8bac9bbe3cbec8d00bb223a2f372279827064095447e569fbf5a760a,71557d1c8bac9bbe3cbec8d00bb223a2f372279827064095447e569fbf5a760a,0,0,,FALSE,FALSE,FALSE,FALSE,0,0,0,0
baseline,4,measure,1,1000000,none,3,multiply,2,typed_double,2,915,0.264999999999997,0.265000000000001,915,1,7f1c1a27229f7a699fa85ff90b5be1266497c462407b39b11f6d94015af8e8ad,8dbe5f139fd946d4cd84e8cc612cd9f68cbc87e394457884acc0c5dad56dd8dd,f26b519d09797e4f4941392e4b52f307c71832f0aaad54da617e9078fe055e1c,8dbe5f139fd946d4cd84e8cc612cd9f68cbc87e394457884acc0c5dad56dd8dd,e8c2c3714dfad8ccb787de83956aff6eadd8f5bf3b515e0083ff8aeca241ab2d,e8c2c3714dfad8ccb787de83956aff6eadd8f5bf3b515e0083ff8aeca241ab2d,0,0,double,FALSE,FALSE,FALSE,FALSE,0,0,0,0
baseline,4,measure,1,1000000,none,3,multiply,2,compact,3,725,0.304000000000002,0.303000000000001,725,1,7f1c1a27229f7a699fa85ff90b5be1266497c462407b39b11f6d94015af8e8ad,8dbe5f139fd946d4cd84e8cc612cd9f68cbc87e394457884acc0c5dad56dd8dd,72cc5cf98cf5a5166668db2e8420adb3bc862ec1b003fbdd7aeb0a9746f22870,8dbe5f139fd946d4cd84e8cc612cd9f68cbc87e394457884acc0c5dad56dd8dd,0418a77b7087897a0ead6e10b9da2953bfee2ad9da1470ca98b7664e364a3024,0418a77b7087897a0ead6e10b9da2953bfee2ad9da1470ca98b7664e364a3024,0,0,float,TRUE,TRUE,FALSE,FALSE,0,0,0,0
baseline,4,measure,1,1000000,none,3,subtract,3,ordinary,1,1239,0.333000000000001,0.332000000000001,0,0,7f1c1a27229f7a699fa85ff90b5be1266497c462407b39b11f6d94015af8e8ad,8dbe5f139fd946d4cd84e8cc612cd9f68cbc87e394457884acc0c5dad56dd8dd,13a3239df0a7d9c4766e9cb1022fe126007afc38c9539ef233ed4bf785d961fa,8dbe5f139fd946d4cd84e8cc612cd9f68cbc87e394457884acc0c5dad56dd8dd,71557d1c8bac9bbe3cbec8d00bb223a2f372279827064095447e569fbf5a760a,71557d1c8bac9bbe3cbec8d00bb223a2f372279827064095447e569fbf5a760a,0,0,,FALSE,FALSE,FALSE,FALSE,0,0,0,0
baseline,4,measure,1,1000000,none,3,subtract,3,compact,2,725,0.303000000000001,0.303999999999998,725,1,7f1c1a27229f7a699fa85ff90b5be1266497c462407b39b11f6d94015af8e8ad,8dbe5f139fd946d4cd84e8cc612cd9f68cbc87e394457884acc0c5dad56dd8dd,73750801b993e37ef9c262c8c6c20433be5d4f8f21bfd0757cae3f70c74eda3f,8dbe5f139fd946d4cd84e8cc612cd9f68cbc87e394457884acc0c5dad56dd8dd,0418a77b7087897a0ead6e10b9da2953bfee2ad9da1470ca98b7664e364a3024,0418a77b7087897a0ead6e10b9da2953bfee2ad9da1470ca98b7664e364a3024,0,0,float,TRUE,TRUE,FALSE,FALSE,0,0,0,0
baseline,4,measure,1,1000000,none,3,subtract,3,typed_double,3,1130,0.337,0.337,1130,1,7f1c1a27229f7a699fa85ff90b5be1266497c462407b39b11f6d94015af8e8ad,8dbe5f139fd946d4cd84e8cc612cd9f68cbc87e394457884acc0c5dad56dd8dd,13a3239df0a7d9c4766e9cb1022fe126007afc38c9539ef233ed4bf785d961fa,8dbe5f139fd946d4cd84e8cc612cd9f68cbc87e394457884acc0c5dad56dd8dd,e8c2c3714dfad8ccb787de83956aff6eadd8f5bf3b515e0083ff8aeca241ab2d,e8c2c3714dfad8ccb787de83956aff6eadd8f5bf3b515e0083ff8aeca241ab2d,0,0,double,FALSE,FALSE,FALSE,FALSE,0,0,0,0
baseline,4,measure,1,1000000,none,3,add,4,typed_double,1,1130,0.321,0.32,1130,1,7f1c1a27229f7a699fa85ff90b5be1266497c462407b39b11f6d94015af8e8ad,8dbe5f139fd946d4cd84e8cc612cd9f68cbc87e394457884acc0c5dad56dd8dd,292e89d47e6240bb2914ef7ad37d7e757276712199771e9df56100a008a8cb8c,8dbe5f139fd946d4cd84e8cc612cd9f68cbc87e394457884acc0c5dad56dd8dd,e8c2c3714dfad8ccb787de83956aff6eadd8f5bf3b515e0083ff8aeca241ab2d,e8c2c3714dfad8ccb787de83956aff6eadd8f5bf3b515e0083ff8aeca241ab2d,0,0,double,FALSE,FALSE,FALSE,FALSE,0,0,0,0
baseline,4,measure,1,1000000,none,3,add,4,ordinary,2,1260,0.333999999999998,0.334,0,0,7f1c1a27229f7a699fa85ff90b5be1266497c462407b39b11f6d94015af8e8ad,8dbe5f139fd946d4cd84e8cc612cd9f68cbc87e394457884acc0c5dad56dd8dd,292e89d47e6240bb2914ef7ad37d7e757276712199771e9df56100a008a8cb8c,8dbe5f139fd946d4cd84e8cc612cd9f68cbc87e394457884acc0c5dad56dd8dd,71557d1c8bac9bbe3cbec8d00bb223a2f372279827064095447e569fbf5a760a,71557d1c8bac9bbe3cbec8d00bb223a2f372279827064095447e569fbf5a760a,0,0,,FALSE,FALSE,FALSE,FALSE,0,0,0,0
baseline,4,measure,1,1000000,none,3,add,4,compact,3,725,0.302,0.302,725,1,7f1c1a27229f7a699fa85ff90b5be1266497c462407b39b11f6d94015af8e8ad,8dbe5f139fd946d4cd84e8cc612cd9f68cbc87e394457884acc0c5dad56dd8dd,6f4e6deefcbd4cb8847d97ac43d7047c827b45b8a7d41e59355544434442b07b,8dbe5f139fd946d4cd84e8cc612cd9f68cbc87e394457884acc0c5dad56dd8dd,0418a77b7087897a0ead6e10b9da2953bfee2ad9da1470ca98b7664e364a3024,0418a77b7087897a0ead6e10b9da2953bfee2ad9da1470ca98b7664e364a3024,0,0,float,TRUE,TRUE,FALSE,FALSE,0,0,0,0
baseline,4,measure,1,1000000,all_tags,4,divide,1,compact,1,534,0.299,0.300000000000001,534,1,27ad0fd15ffcc1bf50ce4e82dc19749a5d76c28e5f77c0dfb2e1a0146023823c,74f9a5d0f01860a6547249f6205a49da91245cb9db41112e4e920b025218dd95,9ffc0380039738708c4659192475d1725e834e73fa28723ceb64d722b0994aef,1574ffadfcad3245cd83f3552908b258f1a96e142112f95cc2e77c92396da835,0418a77b7087897a0ead6e10b9da2953bfee2ad9da1470ca98b7664e364a3024,0418a77b7087897a0ead6e10b9da2953bfee2ad9da1470ca98b7664e364a3024,1000000,1000000,float,TRUE,TRUE,FALSE,FALSE,0,0,0,0
baseline,4,measure,1,1000000,all_tags,4,divide,1,typed_double,2,854,0.248999999999998,0.248000000000001,854,1,27ad0fd15ffcc1bf50ce4e82dc19749a5d76c28e5f77c0dfb2e1a0146023823c,74f9a5d0f01860a6547249f6205a49da91245cb9db41112e4e920b025218dd95,9ffc0380039738708c4659192475d1725e834e73fa28723ceb64d722b0994aef,1574ffadfcad3245cd83f3552908b258f1a96e142112f95cc2e77c92396da835,e8c2c3714dfad8ccb787de83956aff6eadd8f5bf3b515e0083ff8aeca241ab2d,e8c2c3714dfad8ccb787de83956aff6eadd8f5bf3b515e0083ff8aeca241ab2d,1000000,1000000,double,FALSE,FALSE,FALSE,FALSE,0,0,0,0
baseline,4,measure,1,1000000,all_tags,4,multiply,2,typed_double,1,926,0.264999999999999,0.265000000000001,926,1,27ad0fd15ffcc1bf50ce4e82dc19749a5d76c28e5f77c0dfb2e1a0146023823c,74f9a5d0f01860a6547249f6205a49da91245cb9db41112e4e920b025218dd95,9ffc0380039738708c4659192475d1725e834e73fa28723ceb64d722b0994aef,1574ffadfcad3245cd83f3552908b258f1a96e142112f95cc2e77c92396da835,e8c2c3714dfad8ccb787de83956aff6eadd8f5bf3b515e0083ff8aeca241ab2d,e8c2c3714dfad8ccb787de83956aff6eadd8f5bf3b515e0083ff8aeca241ab2d,1000000,1000000,double,FALSE,FALSE,FALSE,FALSE,0,0,0,0
baseline,4,measure,1,1000000,all_tags,4,multiply,2,compact,2,557,0.301999999999998,0.302,557,1,27ad0fd15ffcc1bf50ce4e82dc19749a5d76c28e5f77c0dfb2e1a0146023823c,74f9a5d0f01860a6547249f6205a49da91245cb9db41112e4e920b025218dd95,9ffc0380039738708c4659192475d1725e834e73fa28723ceb64d722b0994aef,1574ffadfcad3245cd83f3552908b258f1a96e142112f95cc2e77c92396da835,0418a77b7087897a0ead6e10b9da2953bfee2ad9da1470ca98b7664e364a3024,0418a77b7087897a0ead6e10b9da2953bfee2ad9da1470ca98b7664e364a3024,1000000,1000000,float,TRUE,TRUE,FALSE,FALSE,0,0,0,0
baseline,4,measure,1,1000000,all_tags,4,subtract,3,compact,1,557,0.301000000000002,0.303000000000001,557,1,27ad0fd15ffcc1bf50ce4e82dc19749a5d76c28e5f77c0dfb2e1a0146023823c,74f9a5d0f01860a6547249f6205a49da91245cb9db41112e4e920b025218dd95,9ffc0380039738708c4659192475d1725e834e73fa28723ceb64d722b0994aef,1574ffadfcad3245cd83f3552908b258f1a96e142112f95cc2e77c92396da835,0418a77b7087897a0ead6e10b9da2953bfee2ad9da1470ca98b7664e364a3024,0418a77b7087897a0ead6e10b9da2953bfee2ad9da1470ca98b7664e364a3024,1000000,1000000,float,TRUE,TRUE,FALSE,FALSE,0,0,0,0
baseline,4,measure,1,1000000,all_tags,4,subtract,3,typed_double,2,1114,0.315999999999998,0.315000000000001,1114,1,27ad0fd15ffcc1bf50ce4e82dc19749a5d76c28e5f77c0dfb2e1a0146023823c,74f9a5d0f01860a6547249f6205a49da91245cb9db41112e4e920b025218dd95,9ffc0380039738708c4659192475d1725e834e73fa28723ceb64d722b0994aef,1574ffadfcad3245cd83f3552908b258f1a96e142112f95cc2e77c92396da835,e8c2c3714dfad8ccb787de83956aff6eadd8f5bf3b515e0083ff8aeca241ab2d,e8c2c3714dfad8ccb787de83956aff6eadd8f5bf3b515e0083ff8aeca241ab2d,1000000,1000000,double,FALSE,FALSE,FALSE,FALSE,0,0,0,0
baseline,4,measure,1,1000000,all_tags,4,add,4,typed_double,1,904,0.264999999999999,0.264999999999997,904,1,27ad0fd15ffcc1bf50ce4e82dc19749a5d76c28e5f77c0dfb2e1a0146023823c,74f9a5d0f01860a6547249f6205a49da91245cb9db41112e4e920b025218dd95,9ffc0380039738708c4659192475d1725e834e73fa28723ceb64d722b0994aef,1574ffadfcad3245cd83f3552908b258f1a96e142112f95cc2e77c92396da835,e8c2c3714dfad8ccb787de83956aff6eadd8f5bf3b515e0083ff8aeca241ab2d,e8c2c3714dfad8ccb787de83956aff6eadd8f5bf3b515e0083ff8aeca241ab2d,1000000,1000000,double,FALSE,FALSE,FALSE,FALSE,0,0,0,0
baseline,4,measure,1,1000000,all_tags,4,add,4,compact,2,557,0.309999999999999,0.309999999999999,557,1,27ad0fd15ffcc1bf50ce4e82dc19749a5d76c28e5f77c0dfb2e1a0146023823c,74f9a5d0f01860a6547249f6205a49da91245cb9db41112e4e920b025218dd95,9ffc0380039738708c4659192475d1725e834e73fa28723ceb64d722b0994aef,1574ffadfcad3245cd83f3552908b258f1a96e142112f95cc2e77c92396da835,0418a77b7087897a0ead6e10b9da2953bfee2ad9da1470ca98b7664e364a3024,0418a77b7087897a0ead6e10b9da2953bfee2ad9da1470ca98b7664e364a3024,1000000,1000000,float,TRUE,TRUE,FALSE,FALSE,0,0,0,0
baseline,4,measure,1,1000000,suffix256,5,divide,1,typed_double,1,844,0.262999999999998,0.262999999999998,844,1,b38da76a0bf8f72e59074e4463b94231f873a1ddf7c027778214fc73daff29f4,9381174d5a5c0056365a99d2e08f017e8e0fb6180967a7e6d7598196faa41fe2,7b288c3a11028a99daad5072816bc596661252acce990ed434c1bcd8450082d9,7dd3c12d784e621bc75114205a7f98be85940c915e020c1372e35d98a1b271bc,e8c2c3714dfad8ccb787de83956aff6eadd8f5bf3b515e0083ff8aeca241ab2d,e8c2c3714dfad8ccb787de83956aff6eadd8f5bf3b515e0083ff8aeca241ab2d,256,256,double,FALSE,FALSE,FALSE,FALSE,0,0,0,0
baseline,4,measure,1,1000000,suffix256,5,divide,1,compact,2,527,0.297999999999998,0.299,527,1,b38da76a0bf8f72e59074e4463b94231f873a1ddf7c027778214fc73daff29f4,9381174d5a5c0056365a99d2e08f017e8e0fb6180967a7e6d7598196faa41fe2,24114da746c52d603149cc8b90e4df0716cbe88e43c70d8530cbb83c03917cd5,7dd3c12d784e621bc75114205a7f98be85940c915e020c1372e35d98a1b271bc,0418a77b7087897a0ead6e10b9da2953bfee2ad9da1470ca98b7664e364a3024,0418a77b7087897a0ead6e10b9da2953bfee2ad9da1470ca98b7664e364a3024,256,256,float,TRUE,TRUE,FALSE,FALSE,0,0,0,0
baseline,4,measure,1,1000000,suffix256,5,multiply,2,compact,1,549,0.297999999999998,0.299,549,1,b38da76a0bf8f72e59074e4463b94231f873a1ddf7c027778214fc73daff29f4,9381174d5a5c0056365a99d2e08f017e8e0fb6180967a7e6d7598196faa41fe2,bbb0344652a96cc23ac4f06e9785146860bfbd677c72c0edcd2f8c3580d560de,7dd3c12d784e621bc75114205a7f98be85940c915e020c1372e35d98a1b271bc,0418a77b7087897a0ead6e10b9da2953bfee2ad9da1470ca98b7664e364a3024,0418a77b7087897a0ead6e10b9da2953bfee2ad9da1470ca98b7664e364a3024,256,256,float,TRUE,TRUE,FALSE,FALSE,0,0,0,0
baseline,4,measure,1,1000000,suffix256,5,multiply,2,typed_double,2,915,0.265000000000001,0.265999999999998,915,1,b38da76a0bf8f72e59074e4463b94231f873a1ddf7c027778214fc73daff29f4,9381174d5a5c0056365a99d2e08f017e8e0fb6180967a7e6d7598196faa41fe2,be18b0001d95c130e93bb80d453f927c725dc11a02c22824fd092ee8adb88f8c,7dd3c12d784e621bc75114205a7f98be85940c915e020c1372e35d98a1b271bc,e8c2c3714dfad8ccb787de83956aff6eadd8f5bf3b515e0083ff8aeca241ab2d,e8c2c3714dfad8ccb787de83956aff6eadd8f5bf3b515e0083ff8aeca241ab2d,256,256,double,FALSE,FALSE,FALSE,FALSE,0,0,0,0
baseline,4,measure,1,1000000,suffix256,5,subtract,3,typed_double,1,1114,0.318000000000001,0.318999999999999,1114,1,b38da76a0bf8f72e59074e4463b94231f873a1ddf7c027778214fc73daff29f4,9381174d5a5c0056365a99d2e08f017e8e0fb6180967a7e6d7598196faa41fe2,902119eaaa7bebe54be150b29f406b8cf060a7b96185baaf79c97e14dad3f863,7dd3c12d784e621bc75114205a7f98be85940c915e020c1372e35d98a1b271bc,e8c2c3714dfad8ccb787de83956aff6eadd8f5bf3b515e0083ff8aeca241ab2d,e8c2c3714dfad8ccb787de83956aff6eadd8f5bf3b515e0083ff8aeca241ab2d,256,256,double,FALSE,FALSE,FALSE,FALSE,0,0,0,0
baseline,4,measure,1,1000000,suffix256,5,subtract,3,compact,2,463,0.251000000000001,0.251000000000001,463,1,b38da76a0bf8f72e59074e4463b94231f873a1ddf7c027778214fc73daff29f4,9381174d5a5c0056365a99d2e08f017e8e0fb6180967a7e6d7598196faa41fe2,2e8b9a52242656d84d6c914b5187c8ff371ed496c9ac68c5265226a85c7c63ce,7dd3c12d784e621bc75114205a7f98be85940c915e020c1372e35d98a1b271bc,0418a77b7087897a0ead6e10b9da2953bfee2ad9da1470ca98b7664e364a3024,0418a77b7087897a0ead6e10b9da2953bfee2ad9da1470ca98b7664e364a3024,256,256,float,TRUE,TRUE,FALSE,FALSE,0,0,0,0
baseline,4,measure,1,1000000,suffix256,5,add,4,compact,1,557,0.302,0.302,557,1,b38da76a0bf8f72e59074e4463b94231f873a1ddf7c027778214fc73daff29f4,9381174d5a5c0056365a99d2e08f017e8e0fb6180967a7e6d7598196faa41fe2,0bffebdab0ac6248f91ba88e1cb34ad47800183c79febee2181a94085774e5f8,7dd3c12d784e621bc75114205a7f98be85940c915e020c1372e35d98a1b271bc,0418a77b7087897a0ead6e10b9da2953bfee2ad9da1470ca98b7664e364a3024,0418a77b7087897a0ead6e10b9da2953bfee2ad9da1470ca98b7664e364a3024,256,256,float,TRUE,TRUE,FALSE,FALSE,0,0,0,0
baseline,4,measure,1,1000000,suffix256,5,add,4,typed_double,2,1114,0.332000000000001,0.332999999999998,1114,1,b38da76a0bf8f72e59074e4463b94231f873a1ddf7c027778214fc73daff29f4,9381174d5a5c0056365a99d2e08f017e8e0fb6180967a7e6d7598196faa41fe2,7326157ff492d94ccc459e73dd7161eb5f07a6c0e7ac687c3b8c4bdceab43d2e,7dd3c12d784e621bc75114205a7f98be85940c915e020c1372e35d98a1b271bc,e8c2c3714dfad8ccb787de83956aff6eadd8f5bf3b515e0083ff8aeca241ab2d,e8c2c3714dfad8ccb787de83956aff6eadd8f5bf3b515e0083ff8aeca241ab2d,256,256,double,FALSE,FALSE,FALSE,FALSE,0,0,0,0
baseline,4,measure,1,1000000,prefix256,6,divide,1,compact,1,513,0.292999999999999,0.292999999999999,513,1,7672490e19c58995dd8bc09ade0a2a8bcde6085cc76a95e6a2a68b700e661547,4f6a42db5f898f2e6efd550a2d023a17ce9371fa2066ce4c64161c3c65910d42,39cde0f370deb96aa360cc51297f1425619fc62c5aab9cbf474c5077748c43e5,24b32a51b9e59fdea8ab6db43f52e06894c1eed7ca8d35368b7ddc611816face,0418a77b7087897a0ead6e10b9da2953bfee2ad9da1470ca98b7664e364a3024,0418a77b7087897a0ead6e10b9da2953bfee2ad9da1470ca98b7664e364a3024,256,256,float,TRUE,TRUE,FALSE,FALSE,0,0,0,0
baseline,4,measure,1,1000000,prefix256,6,divide,1,typed_double,2,863,0.269000000000001,0.268999999999998,863,1,7672490e19c58995dd8bc09ade0a2a8bcde6085cc76a95e6a2a68b700e661547,4f6a42db5f898f2e6efd550a2d023a17ce9371fa2066ce4c64161c3c65910d42,cc75681b846788b45e94e2a5045461a21454f1fb812a76825abfb8d5b8560046,24b32a51b9e59fdea8ab6db43f52e06894c1eed7ca8d35368b7ddc611816face,e8c2c3714dfad8ccb787de83956aff6eadd8f5bf3b515e0083ff8aeca241ab2d,e8c2c3714dfad8ccb787de83956aff6eadd8f5bf3b515e0083ff8aeca241ab2d,256,256,double,FALSE,FALSE,FALSE,FALSE,0,0,0,0
baseline,4,measure,1,1000000,prefix256,6,multiply,2,typed_double,1,1147,0.326999999999998,0.326999999999998,1147,1,7672490e19c58995dd8bc09ade0a2a8bcde6085cc76a95e6a2a68b700e661547,4f6a42db5f898f2e6efd550a2d023a17ce9371fa2066ce4c64161c3c65910d42,44482e5cfdd89b569428523af3f17c87ac60e33cc59106f6590833be57efd32f,24b32a51b9e59fdea8ab6db43f52e06894c1eed7ca8d35368b7ddc611816face,e8c2c3714dfad8ccb787de83956aff6eadd8f5bf3b515e0083ff8aeca241ab2d,e8c2c3714dfad8ccb787de83956aff6eadd8f5bf3b515e0083ff8aeca241ab2d,256,256,double,FALSE,FALSE,FALSE,FALSE,0,0,0,0
baseline,4,measure,1,1000000,prefix256,6,multiply,2,compact,2,487,0.289999999999999,0.289999999999999,487,1,7672490e19c58995dd8bc09ade0a2a8bcde6085cc76a95e6a2a68b700e661547,4f6a42db5f898f2e6efd550a2d023a17ce9371fa2066ce4c64161c3c65910d42,7293d547074b8526fbff0adf5afb6e1a4f7e9f73ad4fc0a17760046fa38599c5,24b32a51b9e59fdea8ab6db43f52e06894c1eed7ca8d35368b7ddc611816face,0418a77b7087897a0ead6e10b9da2953bfee2ad9da1470ca98b7664e364a3024,0418a77b7087897a0ead6e10b9da2953bfee2ad9da1470ca98b7664e364a3024,256,256,float,TRUE,TRUE,FALSE,FALSE,0,0,0,0
baseline,4,measure,1,1000000,prefix256,6,subtract,3,compact,1,549,0.298000000000002,0.299000000000007,549,1,7672490e19c58995dd8bc09ade0a2a8bcde6085cc76a95e6a2a68b700e661547,4f6a42db5f898f2e6efd550a2d023a17ce9371fa2066ce4c64161c3c65910d42,046b4f026f941f2c24556df139ea84930d72c2ac52f2bd782ad0fa6e0cb40f5c,24b32a51b9e59fdea8ab6db43f52e06894c1eed7ca8d35368b7ddc611816face,0418a77b7087897a0ead6e10b9da2953bfee2ad9da1470ca98b7664e364a3024,0418a77b7087897a0ead6e10b9da2953bfee2ad9da1470ca98b7664e364a3024,256,256,float,TRUE,TRUE,FALSE,FALSE,0,0,0,0
baseline,4,measure,1,1000000,prefix256,6,subtract,3,typed_double,2,1130,0.320999999999998,0.320999999999998,1130,1,7672490e19c58995dd8bc09ade0a2a8bcde6085cc76a95e6a2a68b700e661547,4f6a42db5f898f2e6efd550a2d023a17ce9371fa2066ce4c64161c3c65910d42,5c74a3463be8f702af0b2a265633cae455455452c94df3d1a717263f3099cfe8,24b32a51b9e59fdea8ab6db43f52e06894c1eed7ca8d35368b7ddc611816face,e8c2c3714dfad8ccb787de83956aff6eadd8f5bf3b515e0083ff8aeca241ab2d,e8c2c3714dfad8ccb787de83956aff6eadd8f5bf3b515e0083ff8aeca241ab2d,256,256,double,FALSE,FALSE,FALSE,FALSE,0,0,0,0
baseline,4,measure,1,1000000,prefix256,6,add,4,typed_double,1,1130,0.318999999999996,0.32,1130,1,7672490e19c58995dd8bc09ade0a2a8bcde6085cc76a95e6a2a68b700e661547,4f6a42db5f898f2e6efd550a2d023a17ce9371fa2066ce4c64161c3c65910d42,dd1e57fa4af2e69d9b2644cdfb6c2c9aaf27a0bfc4fbc9c2d12606357ab4fca3,24b32a51b9e59fdea8ab6db43f52e06894c1eed7ca8d35368b7ddc611816face,e8c2c3714dfad8ccb787de83956aff6eadd8f5bf3b515e0083ff8aeca241ab2d,e8c2c3714dfad8ccb787de83956aff6eadd8f5bf3b515e0083ff8aeca241ab2d,256,256,double,FALSE,FALSE,FALSE,FALSE,0,0,0,0
baseline,4,measure,1,1000000,prefix256,6,add,4,compact,2,557,0.314,0.315000000000005,557,1,7672490e19c58995dd8bc09ade0a2a8bcde6085cc76a95e6a2a68b700e661547,4f6a42db5f898f2e6efd550a2d023a17ce9371fa2066ce4c64161c3c65910d42,ecc47fd344083a74b5c7d619ec45d4e9d51ebcb1a601422a660eb8d9fbe7cb84,24b32a51b9e59fdea8ab6db43f52e06894c1eed7ca8d35368b7ddc611816face,0418a77b7087897a0ead6e10b9da2953bfee2ad9da1470ca98b7664e364a3024,0418a77b7087897a0ead6e10b9da2953bfee2ad9da1470ca98b7664e364a3024,256,256,float,TRUE,TRUE,FALSE,FALSE,0,0,0,0
baseline,4,measure,1,1000000,clustered_half,7,divide,1,typed_double,1,1053,0.321999999999998,0.320999999999998,1053,1,72ac528b7e885a755c34618238a03ae8cbc5ab330977a6b32c5ef330e0b98c7e,1d3c0c5563242b6607a6592048dc2fa1826ff1863cf43d4f44d5fa490b045076,83160af0c1b32eeffbea7a7680fc8fa8824133bf2669b646c3c9a02500722fe9,dd210ce658e7870361ec32bb75f35c37ac9507b234668b988ee597b20b3a1a78,e8c2c3714dfad8ccb787de83956aff6eadd8f5bf3b515e0083ff8aeca241ab2d,e8c2c3714dfad8ccb787de83956aff6eadd8f5bf3b515e0083ff8aeca241ab2d,500000,500000,double,FALSE,FALSE,FALSE,FALSE,0,0,0,0
baseline,4,measure,1,1000000,clustered_half,7,divide,1,compact,2,534,0.299,0.299,534,1,72ac528b7e885a755c34618238a03ae8cbc5ab330977a6b32c5ef330e0b98c7e,1d3c0c5563242b6607a6592048dc2fa1826ff1863cf43d4f44d5fa490b045076,025bf67b4aa5cf89e617cc08318ce5582fde64d4e33795fb3801e492102fb360,dd210ce658e7870361ec32bb75f35c37ac9507b234668b988ee597b20b3a1a78,0418a77b7087897a0ead6e10b9da2953bfee2ad9da1470ca98b7664e364a3024,0418a77b7087897a0ead6e10b9da2953bfee2ad9da1470ca98b7664e364a3024,500000,500000,float,TRUE,TRUE,FALSE,FALSE,0,0,0,0
baseline,4,measure,1,1000000,clustered_half,7,multiply,2,compact,1,549,0.296999999999997,0.298000000000002,549,1,72ac528b7e885a755c34618238a03ae8cbc5ab330977a6b32c5ef330e0b98c7e,1d3c0c5563242b6607a6592048dc2fa1826ff1863cf43d4f44d5fa490b045076,b58c64d8f49a32dd1252274eb6df288287216d753323b95dfecd81b377278935,dd210ce658e7870361ec32bb75f35c37ac9507b234668b988ee597b20b3a1a78,0418a77b7087897a0ead6e10b9da2953bfee2ad9da1470ca98b7664e364a3024,0418a77b7087897a0ead6e10b9da2953bfee2ad9da1470ca98b7664e364a3024,500000,500000,float,TRUE,TRUE,FALSE,FALSE,0,0,0,0
baseline,4,measure,1,1000000,clustered_half,7,multiply,2,typed_double,2,926,0.249000000000005,0.247999999999998,926,1,72ac528b7e885a755c34618238a03ae8cbc5ab330977a6b32c5ef330e0b98c7e,1d3c0c5563242b6607a6592048dc2fa1826ff1863cf43d4f44d5fa490b045076,b02448e7f84965a509b54be4b2c0272a60a165169fe5758145eec27b2a1b2ea9,dd210ce658e7870361ec32bb75f35c37ac9507b234668b988ee597b20b3a1a78,e8c2c3714dfad8ccb787de83956aff6eadd8f5bf3b515e0083ff8aeca241ab2d,e8c2c3714dfad8ccb787de83956aff6eadd8f5bf3b515e0083ff8aeca241ab2d,500000,500000,double,FALSE,FALSE,FALSE,FALSE,0,0,0,0
baseline,4,measure,1,1000000,clustered_half,7,subtract,3,typed_double,1,937,0.253000000000002,0.252000000000002,937,1,72ac528b7e885a755c34618238a03ae8cbc5ab330977a6b32c5ef330e0b98c7e,1d3c0c5563242b6607a6592048dc2fa1826ff1863cf43d4f44d5fa490b045076,efc88c2b9e2fc69297972b13305d545bc9b98235585b8a7c69c650c492a2e23e,dd210ce658e7870361ec32bb75f35c37ac9507b234668b988ee597b20b3a1a78,e8c2c3714dfad8ccb787de83956aff6eadd8f5bf3b515e0083ff8aeca241ab2d,e8c2c3714dfad8ccb787de83956aff6eadd8f5bf3b515e0083ff8aeca241ab2d,500000,500000,double,FALSE,FALSE,FALSE,FALSE,0,0,0,0
baseline,4,measure,1,1000000,clustered_half,7,subtract,3,compact,2,557,0.302000000000002,0.301000000000002,557,1,72ac528b7e885a755c34618238a03ae8cbc5ab330977a6b32c5ef330e0b98c7e,1d3c0c5563242b6607a6592048dc2fa1826ff1863cf43d4f44d5fa490b045076,c5697f922b38f8be8ef42932d64beda9530d73a109eb4f48cac5eafdeffa9db0,dd210ce658e7870361ec32bb75f35c37ac9507b234668b988ee597b20b3a1a78,0418a77b7087897a0ead6e10b9da2953bfee2ad9da1470ca98b7664e364a3024,0418a77b7087897a0ead6e10b9da2953bfee2ad9da1470ca98b7664e364a3024,500000,500000,float,TRUE,TRUE,FALSE,FALSE,0,0,0,0
baseline,4,measure,1,1000000,clustered_half,7,add,4,compact,1,557,0.302000000000002,0.300999999999995,557,1,72ac528b7e885a755c34618238a03ae8cbc5ab330977a6b32c5ef330e0b98c7e,1d3c0c5563242b6607a6592048dc2fa1826ff1863cf43d4f44d5fa490b045076,07fcca5b3425dcf6e55ea639c22733cb77ff907a47716df8c52124e35bb9fbfe,dd210ce658e7870361ec32bb75f35c37ac9507b234668b988ee597b20b3a1a78,0418a77b7087897a0ead6e10b9da2953bfee2ad9da1470ca98b7664e364a3024,0418a77b7087897a0ead6e10b9da2953bfee2ad9da1470ca98b7664e364a3024,500000,500000,float,TRUE,TRUE,FALSE,FALSE,0,0,0,0
baseline,4,measure,1,1000000,clustered_half,7,add,4,typed_double,2,1098,0.314,0.314,1098,1,72ac528b7e885a755c34618238a03ae8cbc5ab330977a6b32c5ef330e0b98c7e,1d3c0c5563242b6607a6592048dc2fa1826ff1863cf43d4f44d5fa490b045076,10a7942aa651223fed3ba69c8d2aa3fdfbdf7619c0d0a04415495c2c1363cfb8,dd210ce658e7870361ec32bb75f35c37ac9507b234668b988ee597b20b3a1a78,e8c2c3714dfad8ccb787de83956aff6eadd8f5bf3b515e0083ff8aeca241ab2d,e8c2c3714dfad8ccb787de83956aff6eadd8f5bf3b515e0083ff8aeca241ab2d,500000,500000,double,FALSE,FALSE,FALSE,FALSE,0,0,0,0
baseline,5,measure,1,1000000,prefix256,1,add,1,compact,1,549,0.301,0.302,549,1,7672490e19c58995dd8bc09ade0a2a8bcde6085cc76a95e6a2a68b700e661547,4f6a42db5f898f2e6efd550a2d023a17ce9371fa2066ce4c64161c3c65910d42,ecc47fd344083a74b5c7d619ec45d4e9d51ebcb1a601422a660eb8d9fbe7cb84,24b32a51b9e59fdea8ab6db43f52e06894c1eed7ca8d35368b7ddc611816face,0418a77b7087897a0ead6e10b9da2953bfee2ad9da1470ca98b7664e364a3024,0418a77b7087897a0ead6e10b9da2953bfee2ad9da1470ca98b7664e364a3024,256,256,float,TRUE,TRUE,FALSE,FALSE,0,0,0,0
baseline,5,measure,1,1000000,prefix256,1,add,1,typed_double,2,1098,0.352,0.352,1098,1,7672490e19c58995dd8bc09ade0a2a8bcde6085cc76a95e6a2a68b700e661547,4f6a42db5f898f2e6efd550a2d023a17ce9371fa2066ce4c64161c3c65910d42,dd1e57fa4af2e69d9b2644cdfb6c2c9aaf27a0bfc4fbc9c2d12606357ab4fca3,24b32a51b9e59fdea8ab6db43f52e06894c1eed7ca8d35368b7ddc611816face,e8c2c3714dfad8ccb787de83956aff6eadd8f5bf3b515e0083ff8aeca241ab2d,e8c2c3714dfad8ccb787de83956aff6eadd8f5bf3b515e0083ff8aeca241ab2d,256,256,double,FALSE,FALSE,FALSE,FALSE,0,0,0,0
baseline,5,measure,1,1000000,prefix256,1,subtract,2,typed_double,1,904,0.281,0.281,904,1,7672490e19c58995dd8bc09ade0a2a8bcde6085cc76a95e6a2a68b700e661547,4f6a42db5f898f2e6efd550a2d023a17ce9371fa2066ce4c64161c3c65910d42,5c74a3463be8f702af0b2a265633cae455455452c94df3d1a717263f3099cfe8,24b32a51b9e59fdea8ab6db43f52e06894c1eed7ca8d35368b7ddc611816face,e8c2c3714dfad8ccb787de83956aff6eadd8f5bf3b515e0083ff8aeca241ab2d,e8c2c3714dfad8ccb787de83956aff6eadd8f5bf3b515e0083ff8aeca241ab2d,256,256,double,FALSE,FALSE,FALSE,FALSE,0,0,0,0
baseline,5,measure,1,1000000,prefix256,1,subtract,2,compact,2,549,0.307,0.306,549,1,7672490e19c58995dd8bc09ade0a2a8bcde6085cc76a95e6a2a68b700e661547,4f6a42db5f898f2e6efd550a2d023a17ce9371fa2066ce4c64161c3c65910d42,046b4f026f941f2c24556df139ea84930d72c2ac52f2bd782ad0fa6e0cb40f5c,24b32a51b9e59fdea8ab6db43f52e06894c1eed7ca8d35368b7ddc611816face,0418a77b7087897a0ead6e10b9da2953bfee2ad9da1470ca98b7664e364a3024,0418a77b7087897a0ead6e10b9da2953bfee2ad9da1470ca98b7664e364a3024,256,256,float,TRUE,TRUE,FALSE,FALSE,0,0,0,0
baseline,5,measure,1,1000000,prefix256,1,multiply,3,compact,1,557,0.305,0.304,557,1,7672490e19c58995dd8bc09ade0a2a8bcde6085cc76a95e6a2a68b700e661547,4f6a42db5f898f2e6efd550a2d023a17ce9371fa2066ce4c64161c3c65910d42,7293d547074b8526fbff0adf5afb6e1a4f7e9f73ad4fc0a17760046fa38599c5,24b32a51b9e59fdea8ab6db43f52e06894c1eed7ca8d35368b7ddc611816face,0418a77b7087897a0ead6e10b9da2953bfee2ad9da1470ca98b7664e364a3024,0418a77b7087897a0ead6e10b9da2953bfee2ad9da1470ca98b7664e364a3024,256,256,float,TRUE,TRUE,FALSE,FALSE,0,0,0,0
baseline,5,measure,1,1000000,prefix256,1,multiply,3,typed_double,2,1098,0.346,0.347,1098,1,7672490e19c58995dd8bc09ade0a2a8bcde6085cc76a95e6a2a68b700e661547,4f6a42db5f898f2e6efd550a2d023a17ce9371fa2066ce4c64161c3c65910d42,44482e5cfdd89b569428523af3f17c87ac60e33cc59106f6590833be57efd32f,24b32a51b9e59fdea8ab6db43f52e06894c1eed7ca8d35368b7ddc611816face,e8c2c3714dfad8ccb787de83956aff6eadd8f5bf3b515e0083ff8aeca241ab2d,e8c2c3714dfad8ccb787de83956aff6eadd8f5bf3b515e0083ff8aeca241ab2d,256,256,double,FALSE,FALSE,FALSE,FALSE,0,0,0,0
baseline,5,measure,1,1000000,prefix256,1,divide,4,typed_double,1,1024,0.348,0.347,1024,1,7672490e19c58995dd8bc09ade0a2a8bcde6085cc76a95e6a2a68b700e661547,4f6a42db5f898f2e6efd550a2d023a17ce9371fa2066ce4c64161c3c65910d42,cc75681b846788b45e94e2a5045461a21454f1fb812a76825abfb8d5b8560046,24b32a51b9e59fdea8ab6db43f52e06894c1eed7ca8d35368b7ddc611816face,e8c2c3714dfad8ccb787de83956aff6eadd8f5bf3b515e0083ff8aeca241ab2d,e8c2c3714dfad8ccb787de83956aff6eadd8f5bf3b515e0083ff8aeca241ab2d,256,256,double,FALSE,FALSE,FALSE,FALSE,0,0,0,0
baseline,5,measure,1,1000000,prefix256,1,divide,4,compact,2,534,0.303,0.303,534,1,7672490e19c58995dd8bc09ade0a2a8bcde6085cc76a95e6a2a68b700e661547,4f6a42db5f898f2e6efd550a2d023a17ce9371fa2066ce4c64161c3c65910d42,39cde0f370deb96aa360cc51297f1425619fc62c5aab9cbf474c5077748c43e5,24b32a51b9e59fdea8ab6db43f52e06894c1eed7ca8d35368b7ddc611816face,0418a77b7087897a0ead6e10b9da2953bfee2ad9da1470ca98b7664e364a3024,0418a77b7087897a0ead6e10b9da2953bfee2ad9da1470ca98b7664e364a3024,256,256,float,TRUE,TRUE,FALSE,FALSE,0,0,0,0
baseline,5,measure,1,1000000,suffix256,2,add,1,typed_double,1,904,0.266,0.265000000000001,904,1,b38da76a0bf8f72e59074e4463b94231f873a1ddf7c027778214fc73daff29f4,9381174d5a5c0056365a99d2e08f017e8e0fb6180967a7e6d7598196faa41fe2,7326157ff492d94ccc459e73dd7161eb5f07a6c0e7ac687c3b8c4bdceab43d2e,7dd3c12d784e621bc75114205a7f98be85940c915e020c1372e35d98a1b271bc,e8c2c3714dfad8ccb787de83956aff6eadd8f5bf3b515e0083ff8aeca241ab2d,e8c2c3714dfad8ccb787de83956aff6eadd8f5bf3b515e0083ff8aeca241ab2d,256,256,double,FALSE,FALSE,FALSE,FALSE,0,0,0,0
baseline,5,measure,1,1000000,suffix256,2,add,1,compact,2,557,0.304000000000001,0.304000000000001,557,1,b38da76a0bf8f72e59074e4463b94231f873a1ddf7c027778214fc73daff29f4,9381174d5a5c0056365a99d2e08f017e8e0fb6180967a7e6d7598196faa41fe2,0bffebdab0ac6248f91ba88e1cb34ad47800183c79febee2181a94085774e5f8,7dd3c12d784e621bc75114205a7f98be85940c915e020c1372e35d98a1b271bc,0418a77b7087897a0ead6e10b9da2953bfee2ad9da1470ca98b7664e364a3024,0418a77b7087897a0ead6e10b9da2953bfee2ad9da1470ca98b7664e364a3024,256,256,float,TRUE,TRUE,FALSE,FALSE,0,0,0,0
baseline,5,measure,1,1000000,suffix256,2,subtract,2,compact,1,557,0.303999999999999,0.303000000000001,557,1,b38da76a0bf8f72e59074e4463b94231f873a1ddf7c027778214fc73daff29f4,9381174d5a5c0056365a99d2e08f017e8e0fb6180967a7e6d7598196faa41fe2,2e8b9a52242656d84d6c914b5187c8ff371ed496c9ac68c5265226a85c7c63ce,7dd3c12d784e621bc75114205a7f98be85940c915e020c1372e35d98a1b271bc,0418a77b7087897a0ead6e10b9da2953bfee2ad9da1470ca98b7664e364a3024,0418a77b7087897a0ead6e10b9da2953bfee2ad9da1470ca98b7664e364a3024,256,256,float,TRUE,TRUE,FALSE,FALSE,0,0,0,0
baseline,5,measure,1,1000000,suffix256,2,subtract,2,typed_double,2,1114,0.334000000000001,0.335999999999999,1114,1,b38da76a0bf8f72e59074e4463b94231f873a1ddf7c027778214fc73daff29f4,9381174d5a5c0056365a99d2e08f017e8e0fb6180967a7e6d7598196faa41fe2,902119eaaa7bebe54be150b29f406b8cf060a7b96185baaf79c97e14dad3f863,7dd3c12d784e621bc75114205a7f98be85940c915e020c1372e35d98a1b271bc,e8c2c3714dfad8ccb787de83956aff6eadd8f5bf3b515e0083ff8aeca241ab2d,e8c2c3714dfad8ccb787de83956aff6eadd8f5bf3b515e0083ff8aeca241ab2d,256,256,double,FALSE,FALSE,FALSE,FALSE,0,0,0,0
baseline,5,measure,1,1000000,suffix256,2,multiply,3,typed_double,1,904,0.263,0.263999999999999,904,1,b38da76a0bf8f72e59074e4463b94231f873a1ddf7c027778214fc73daff29f4,9381174d5a5c0056365a99d2e08f017e8e0fb6180967a7e6d7598196faa41fe2,be18b0001d95c130e93bb80d453f927c725dc11a02c22824fd092ee8adb88f8c,7dd3c12d784e621bc75114205a7f98be85940c915e020c1372e35d98a1b271bc,e8c2c3714dfad8ccb787de83956aff6eadd8f5bf3b515e0083ff8aeca241ab2d,e8c2c3714dfad8ccb787de83956aff6eadd8f5bf3b515e0083ff8aeca241ab2d,256,256,double,FALSE,FALSE,FALSE,FALSE,0,0,0,0
baseline,5,measure,1,1000000,suffix256,2,multiply,3,compact,2,557,0.303000000000001,0.303000000000001,557,1,b38da76a0bf8f72e59074e4463b94231f873a1ddf7c027778214fc73daff29f4,9381174d5a5c0056365a99d2e08f017e8e0fb6180967a7e6d7598196faa41fe2,bbb0344652a96cc23ac4f06e9785146860bfbd677c72c0edcd2f8c3580d560de,7dd3c12d784e621bc75114205a7f98be85940c915e020c1372e35d98a1b271bc,0418a77b7087897a0ead6e10b9da2953bfee2ad9da1470ca98b7664e364a3024,0418a77b7087897a0ead6e10b9da2953bfee2ad9da1470ca98b7664e364a3024,256,256,float,TRUE,TRUE,FALSE,FALSE,0,0,0,0
baseline,5,measure,1,1000000,suffix256,2,divide,4,compact,1,534,0.301,0.301,534,1,b38da76a0bf8f72e59074e4463b94231f873a1ddf7c027778214fc73daff29f4,9381174d5a5c0056365a99d2e08f017e8e0fb6180967a7e6d7598196faa41fe2,24114da746c52d603149cc8b90e4df0716cbe88e43c70d8530cbb83c03917cd5,7dd3c12d784e621bc75114205a7f98be85940c915e020c1372e35d98a1b271bc,0418a77b7087897a0ead6e10b9da2953bfee2ad9da1470ca98b7664e364a3024,0418a77b7087897a0ead6e10b9da2953bfee2ad9da1470ca98b7664e364a3024,256,256,float,TRUE,TRUE,FALSE,FALSE,0,0,0,0
baseline,5,measure,1,1000000,suffix256,2,divide,4,typed_double,2,1038,0.319000000000001,0.32,1038,1,b38da76a0bf8f72e59074e4463b94231f873a1ddf7c027778214fc73daff29f4,9381174d5a5c0056365a99d2e08f017e8e0fb6180967a7e6d7598196faa41fe2,7b288c3a11028a99daad5072816bc596661252acce990ed434c1bcd8450082d9,7dd3c12d784e621bc75114205a7f98be85940c915e020c1372e35d98a1b271bc,e8c2c3714dfad8ccb787de83956aff6eadd8f5bf3b515e0083ff8aeca241ab2d,e8c2c3714dfad8ccb787de83956aff6eadd8f5bf3b515e0083ff8aeca241ab2d,256,256,double,FALSE,FALSE,FALSE,FALSE,0,0,0,0
baseline,5,measure,1,1000000,all_tags,3,add,1,compact,1,541,0.308,0.308,541,1,27ad0fd15ffcc1bf50ce4e82dc19749a5d76c28e5f77c0dfb2e1a0146023823c,74f9a5d0f01860a6547249f6205a49da91245cb9db41112e4e920b025218dd95,9ffc0380039738708c4659192475d1725e834e73fa28723ceb64d722b0994aef,1574ffadfcad3245cd83f3552908b258f1a96e142112f95cc2e77c92396da835,0418a77b7087897a0ead6e10b9da2953bfee2ad9da1470ca98b7664e364a3024,0418a77b7087897a0ead6e10b9da2953bfee2ad9da1470ca98b7664e364a3024,1000000,1000000,float,TRUE,TRUE,FALSE,FALSE,0,0,0,0
baseline,5,measure,1,1000000,all_tags,3,add,1,typed_double,2,1114,0.321,0.321,1114,1,27ad0fd15ffcc1bf50ce4e82dc19749a5d76c28e5f77c0dfb2e1a0146023823c,74f9a5d0f01860a6547249f6205a49da91245cb9db41112e4e920b025218dd95,9ffc0380039738708c4659192475d1725e834e73fa28723ceb64d722b0994aef,1574ffadfcad3245cd83f3552908b258f1a96e142112f95cc2e77c92396da835,e8c2c3714dfad8ccb787de83956aff6eadd8f5bf3b515e0083ff8aeca241ab2d,e8c2c3714dfad8ccb787de83956aff6eadd8f5bf3b515e0083ff8aeca241ab2d,1000000,1000000,double,FALSE,FALSE,FALSE,FALSE,0,0,0,0
baseline,5,measure,1,1000000,all_tags,3,subtract,2,typed_double,1,926,0.270000000000001,0.27,926,1,27ad0fd15ffcc1bf50ce4e82dc19749a5d76c28e5f77c0dfb2e1a0146023823c,74f9a5d0f01860a6547249f6205a49da91245cb9db41112e4e920b025218dd95,9ffc0380039738708c4659192475d1725e834e73fa28723ceb64d722b0994aef,1574ffadfcad3245cd83f3552908b258f1a96e142112f95cc2e77c92396da835,e8c2c3714dfad8ccb787de83956aff6eadd8f5bf3b515e0083ff8aeca241ab2d,e8c2c3714dfad8ccb787de83956aff6eadd8f5bf3b515e0083ff8aeca241ab2d,1000000,1000000,double,FALSE,FALSE,FALSE,FALSE,0,0,0,0
baseline,5,measure,1,1000000,all_tags,3,subtract,2,compact,2,557,0.302,0.303000000000001,557,1,27ad0fd15ffcc1bf50ce4e82dc19749a5d76c28e5f77c0dfb2e1a0146023823c,74f9a5d0f01860a6547249f6205a49da91245cb9db41112e4e920b025218dd95,9ffc0380039738708c4659192475d1725e834e73fa28723ceb64d722b0994aef,1574ffadfcad3245cd83f3552908b258f1a96e142112f95cc2e77c92396da835,0418a77b7087897a0ead6e10b9da2953bfee2ad9da1470ca98b7664e364a3024,0418a77b7087897a0ead6e10b9da2953bfee2ad9da1470ca98b7664e364a3024,1000000,1000000,float,TRUE,TRUE,FALSE,FALSE,0,0,0,0
baseline,5,measure,1,1000000,all_tags,3,multiply,3,compact,1,463,0.251000000000001,0.252000000000002,463,1,27ad0fd15ffcc1bf50ce4e82dc19749a5d76c28e5f77c0dfb2e1a0146023823c,74f9a5d0f01860a6547249f6205a49da91245cb9db41112e4e920b025218dd95,9ffc0380039738708c4659192475d1725e834e73fa28723ceb64d722b0994aef,1574ffadfcad3245cd83f3552908b258f1a96e142112f95cc2e77c92396da835,0418a77b7087897a0ead6e10b9da2953bfee2ad9da1470ca98b7664e364a3024,0418a77b7087897a0ead6e10b9da2953bfee2ad9da1470ca98b7664e364a3024,1000000,1000000,float,TRUE,TRUE,FALSE,FALSE,0,0,0,0
baseline,5,measure,1,1000000,all_tags,3,multiply,3,typed_double,2,1114,0.319999999999999,0.318999999999999,1114,1,27ad0fd15ffcc1bf50ce4e82dc19749a5d76c28e5f77c0dfb2e1a0146023823c,74f9a5d0f01860a6547249f6205a49da91245cb9db41112e4e920b025218dd95,9ffc0380039738708c4659192475d1725e834e73fa28723ceb64d722b0994aef,1574ffadfcad3245cd83f3552908b258f1a96e142112f95cc2e77c92396da835,e8c2c3714dfad8ccb787de83956aff6eadd8f5bf3b515e0083ff8aeca241ab2d,e8c2c3714dfad8ccb787de83956aff6eadd8f5bf3b515e0083ff8aeca241ab2d,1000000,1000000,double,FALSE,FALSE,FALSE,FALSE,0,0,0,0
baseline,5,measure,1,1000000,all_tags,3,divide,4,typed_double,1,863,0.269999999999998,0.268999999999998,863,1,27ad0fd15ffcc1bf50ce4e82dc19749a5d76c28e5f77c0dfb2e1a0146023823c,74f9a5d0f01860a6547249f6205a49da91245cb9db41112e4e920b025218dd95,9ffc0380039738708c4659192475d1725e834e73fa28723ceb64d722b0994aef,1574ffadfcad3245cd83f3552908b258f1a96e142112f95cc2e77c92396da835,e8c2c3714dfad8ccb787de83956aff6eadd8f5bf3b515e0083ff8aeca241ab2d,e8c2c3714dfad8ccb787de83956aff6eadd8f5bf3b515e0083ff8aeca241ab2d,1000000,1000000,double,FALSE,FALSE,FALSE,FALSE,0,0,0,0
baseline,5,measure,1,1000000,all_tags,3,divide,4,compact,2,541,0.307999999999999,0.308,541,1,27ad0fd15ffcc1bf50ce4e82dc19749a5d76c28e5f77c0dfb2e1a0146023823c,74f9a5d0f01860a6547249f6205a49da91245cb9db41112e4e920b025218dd95,9ffc0380039738708c4659192475d1725e834e73fa28723ceb64d722b0994aef,1574ffadfcad3245cd83f3552908b258f1a96e142112f95cc2e77c92396da835,0418a77b7087897a0ead6e10b9da2953bfee2ad9da1470ca98b7664e364a3024,0418a77b7087897a0ead6e10b9da2953bfee2ad9da1470ca98b7664e364a3024,1000000,1000000,float,TRUE,TRUE,FALSE,FALSE,0,0,0,0
baseline,5,measure,1,1000000,none,4,add,1,ordinary,1,1239,0.335,0.335000000000001,0,0,7f1c1a27229f7a699fa85ff90b5be1266497c462407b39b11f6d94015af8e8ad,8dbe5f139fd946d4cd84e8cc612cd9f68cbc87e394457884acc0c5dad56dd8dd,292e89d47e6240bb2914ef7ad37d7e757276712199771e9df56100a008a8cb8c,8dbe5f139fd946d4cd84e8cc612cd9f68cbc87e394457884acc0c5dad56dd8dd,71557d1c8bac9bbe3cbec8d00bb223a2f372279827064095447e569fbf5a760a,71557d1c8bac9bbe3cbec8d00bb223a2f372279827064095447e569fbf5a760a,0,0,,FALSE,FALSE,FALSE,FALSE,0,0,0,0
baseline,5,measure,1,1000000,none,4,add,1,compact,2,725,0.302999999999997,0.303000000000001,725,1,7f1c1a27229f7a699fa85ff90b5be1266497c462407b39b11f6d94015af8e8ad,8dbe5f139fd946d4cd84e8cc612cd9f68cbc87e394457884acc0c5dad56dd8dd,6f4e6deefcbd4cb8847d97ac43d7047c827b45b8a7d41e59355544434442b07b,8dbe5f139fd946d4cd84e8cc612cd9f68cbc87e394457884acc0c5dad56dd8dd,0418a77b7087897a0ead6e10b9da2953bfee2ad9da1470ca98b7664e364a3024,0418a77b7087897a0ead6e10b9da2953bfee2ad9da1470ca98b7664e364a3024,0,0,float,TRUE,TRUE,FALSE,FALSE,0,0,0,0
baseline,5,measure,1,1000000,none,4,add,1,typed_double,3,1114,0.330000000000001,0.329999999999998,1114,1,7f1c1a27229f7a699fa85ff90b5be1266497c462407b39b11f6d94015af8e8ad,8dbe5f139fd946d4cd84e8cc612cd9f68cbc87e394457884acc0c5dad56dd8dd,292e89d47e6240bb2914ef7ad37d7e757276712199771e9df56100a008a8cb8c,8dbe5f139fd946d4cd84e8cc612cd9f68cbc87e394457884acc0c5dad56dd8dd,e8c2c3714dfad8ccb787de83956aff6eadd8f5bf3b515e0083ff8aeca241ab2d,e8c2c3714dfad8ccb787de83956aff6eadd8f5bf3b515e0083ff8aeca241ab2d,0,0,double,FALSE,FALSE,FALSE,FALSE,0,0,0,0
baseline,5,measure,1,1000000,none,4,subtract,2,ordinary,1,1220,0.319000000000003,0.318999999999999,0,0,7f1c1a27229f7a699fa85ff90b5be1266497c462407b39b11f6d94015af8e8ad,8dbe5f139fd946d4cd84e8cc612cd9f68cbc87e394457884acc0c5dad56dd8dd,13a3239df0a7d9c4766e9cb1022fe126007afc38c9539ef233ed4bf785d961fa,8dbe5f139fd946d4cd84e8cc612cd9f68cbc87e394457884acc0c5dad56dd8dd,71557d1c8bac9bbe3cbec8d00bb223a2f372279827064095447e569fbf5a760a,71557d1c8bac9bbe3cbec8d00bb223a2f372279827064095447e569fbf5a760a,0,0,,FALSE,FALSE,FALSE,FALSE,0,0,0,0
baseline,5,measure,1,1000000,none,4,subtract,2,typed_double,2,753,0.204000000000001,0.204000000000001,753,1,7f1c1a27229f7a699fa85ff90b5be1266497c462407b39b11f6d94015af8e8ad,8dbe5f139fd946d4cd84e8cc612cd9f68cbc87e394457884acc0c5dad56dd8dd,13a3239df0a7d9c4766e9cb1022fe126007afc38c9539ef233ed4bf785d961fa,8dbe5f139fd946d4cd84e8cc612cd9f68cbc87e394457884acc0c5dad56dd8dd,e8c2c3714dfad8ccb787de83956aff6eadd8f5bf3b515e0083ff8aeca241ab2d,e8c2c3714dfad8ccb787de83956aff6eadd8f5bf3b515e0083ff8aeca241ab2d,0,0,double,FALSE,FALSE,FALSE,FALSE,0,0,0,0
baseline,5,measure,1,1000000,none,4,subtract,2,compact,3,699,0.305999999999997,0.307000000000002,699,1,7f1c1a27229f7a699fa85ff90b5be1266497c462407b39b11f6d94015af8e8ad,8dbe5f139fd946d4cd84e8cc612cd9f68cbc87e394457884acc0c5dad56dd8dd,73750801b993e37ef9c262c8c6c20433be5d4f8f21bfd0757cae3f70c74eda3f,8dbe5f139fd946d4cd84e8cc612cd9f68cbc87e394457884acc0c5dad56dd8dd,0418a77b7087897a0ead6e10b9da2953bfee2ad9da1470ca98b7664e364a3024,0418a77b7087897a0ead6e10b9da2953bfee2ad9da1470ca98b7664e364a3024,0,0,float,TRUE,TRUE,FALSE,FALSE,0,0,0,0
baseline,5,measure,1,1000000,none,4,multiply,3,compact,1,725,0.305000000000002,0.304000000000002,725,1,7f1c1a27229f7a699fa85ff90b5be1266497c462407b39b11f6d94015af8e8ad,8dbe5f139fd946d4cd84e8cc612cd9f68cbc87e394457884acc0c5dad56dd8dd,72cc5cf98cf5a5166668db2e8420adb3bc862ec1b003fbdd7aeb0a9746f22870,8dbe5f139fd946d4cd84e8cc612cd9f68cbc87e394457884acc0c5dad56dd8dd,0418a77b7087897a0ead6e10b9da2953bfee2ad9da1470ca98b7664e364a3024,0418a77b7087897a0ead6e10b9da2953bfee2ad9da1470ca98b7664e364a3024,0,0,float,TRUE,TRUE,FALSE,FALSE,0,0,0,0
baseline,5,measure,1,1000000,none,4,multiply,3,typed_double,2,1114,0.315,0.314,1114,1,7f1c1a27229f7a699fa85ff90b5be1266497c462407b39b11f6d94015af8e8ad,8dbe5f139fd946d4cd84e8cc612cd9f68cbc87e394457884acc0c5dad56dd8dd,f26b519d09797e4f4941392e4b52f307c71832f0aaad54da617e9078fe055e1c,8dbe5f139fd946d4cd84e8cc612cd9f68cbc87e394457884acc0c5dad56dd8dd,e8c2c3714dfad8ccb787de83956aff6eadd8f5bf3b515e0083ff8aeca241ab2d,e8c2c3714dfad8ccb787de83956aff6eadd8f5bf3b515e0083ff8aeca241ab2d,0,0,double,FALSE,FALSE,FALSE,FALSE,0,0,0,0
baseline,5,measure,1,1000000,none,4,multiply,3,ordinary,3,998,0.259,0.259,0,0,7f1c1a27229f7a699fa85ff90b5be1266497c462407b39b11f6d94015af8e8ad,8dbe5f139fd946d4cd84e8cc612cd9f68cbc87e394457884acc0c5dad56dd8dd,f26b519d09797e4f4941392e4b52f307c71832f0aaad54da617e9078fe055e1c,8dbe5f139fd946d4cd84e8cc612cd9f68cbc87e394457884acc0c5dad56dd8dd,71557d1c8bac9bbe3cbec8d00bb223a2f372279827064095447e569fbf5a760a,71557d1c8bac9bbe3cbec8d00bb223a2f372279827064095447e569fbf5a760a,0,0,,FALSE,FALSE,FALSE,FALSE,0,0,0,0
baseline,5,measure,1,1000000,none,4,divide,4,compact,1,699,0.300999999999998,0.302,699,1,7f1c1a27229f7a699fa85ff90b5be1266497c462407b39b11f6d94015af8e8ad,8dbe5f139fd946d4cd84e8cc612cd9f68cbc87e394457884acc0c5dad56dd8dd,1591013955a37eeca2ef03255d8659f041a956e2e6d6666478490b7f17a3ed59,8dbe5f139fd946d4cd84e8cc612cd9f68cbc87e394457884acc0c5dad56dd8dd,0418a77b7087897a0ead6e10b9da2953bfee2ad9da1470ca98b7664e364a3024,0418a77b7087897a0ead6e10b9da2953bfee2ad9da1470ca98b7664e364a3024,0,0,float,TRUE,TRUE,FALSE,FALSE,0,0,0,0
baseline,5,measure,1,1000000,none,4,divide,4,ordinary,2,1260,0.321000000000002,0.320999999999998,0,0,7f1c1a27229f7a699fa85ff90b5be1266497c462407b39b11f6d94015af8e8ad,8dbe5f139fd946d4cd84e8cc612cd9f68cbc87e394457884acc0c5dad56dd8dd,94a902460bdb0445cf55fb22367b59bd4ca3f1ff73823aa1758bd6c7f1b6b58d,8dbe5f139fd946d4cd84e8cc612cd9f68cbc87e394457884acc0c5dad56dd8dd,71557d1c8bac9bbe3cbec8d00bb223a2f372279827064095447e569fbf5a760a,71557d1c8bac9bbe3cbec8d00bb223a2f372279827064095447e569fbf5a760a,0,0,,FALSE,FALSE,FALSE,FALSE,0,0,0,0
baseline,5,measure,1,1000000,none,4,divide,4,typed_double,3,753,0.233000000000001,0.234000000000002,753,1,7f1c1a27229f7a699fa85ff90b5be1266497c462407b39b11f6d94015af8e8ad,8dbe5f139fd946d4cd84e8cc612cd9f68cbc87e394457884acc0c5dad56dd8dd,94a902460bdb0445cf55fb22367b59bd4ca3f1ff73823aa1758bd6c7f1b6b58d,8dbe5f139fd946d4cd84e8cc612cd9f68cbc87e394457884acc0c5dad56dd8dd,e8c2c3714dfad8ccb787de83956aff6eadd8f5bf3b515e0083ff8aeca241ab2d,e8c2c3714dfad8ccb787de83956aff6eadd8f5bf3b515e0083ff8aeca241ab2d,0,0,double,FALSE,FALSE,FALSE,FALSE,0,0,0,0
baseline,5,measure,1,1000000,sparse,5,add,1,typed_double,1,1114,0.318999999999999,0.32,1114,1,8cb390f4310bb5332e9085281aa52e5236aecd65b982d0e3a7e9174fe845527e,4ff8e31f35ef7231c619440044b989f14d0c2459692ffaf4249d0c6f088eb1cd,c79c2ec291260c6f8d03c327d90d493416937a3f3bc9b85742b51e17a8fb7647,2c3d712c4b869db707211a9641b70f4fcf04eb0bc5000f397325e704b05a2a63,e8c2c3714dfad8ccb787de83956aff6eadd8f5bf3b515e0083ff8aeca241ab2d,e8c2c3714dfad8ccb787de83956aff6eadd8f5bf3b515e0083ff8aeca241ab2d,1003,1003,double,FALSE,FALSE,FALSE,FALSE,0,0,0,0
baseline,5,measure,1,1000000,sparse,5,add,1,compact,2,557,0.302,0.302,557,1,8cb390f4310bb5332e9085281aa52e5236aecd65b982d0e3a7e9174fe845527e,4ff8e31f35ef7231c619440044b989f14d0c2459692ffaf4249d0c6f088eb1cd,9c2be51cd37c2d7977f794fada049c7c9ccc4011c9f81b26e042008f01cdd93e,2c3d712c4b869db707211a9641b70f4fcf04eb0bc5000f397325e704b05a2a63,0418a77b7087897a0ead6e10b9da2953bfee2ad9da1470ca98b7664e364a3024,0418a77b7087897a0ead6e10b9da2953bfee2ad9da1470ca98b7664e364a3024,1003,1003,float,TRUE,TRUE,FALSE,FALSE,0,0,0,0
baseline,5,measure,1,1000000,sparse,5,subtract,2,compact,1,549,0.299,0.299,549,1,8cb390f4310bb5332e9085281aa52e5236aecd65b982d0e3a7e9174fe845527e,4ff8e31f35ef7231c619440044b989f14d0c2459692ffaf4249d0c6f088eb1cd,7125e60e6e7d4c92d9ed561efe37cfccac1593072e770a4f8d2a58f04113d3ae,2c3d712c4b869db707211a9641b70f4fcf04eb0bc5000f397325e704b05a2a63,0418a77b7087897a0ead6e10b9da2953bfee2ad9da1470ca98b7664e364a3024,0418a77b7087897a0ead6e10b9da2953bfee2ad9da1470ca98b7664e364a3024,1003,1003,float,TRUE,TRUE,FALSE,FALSE,0,0,0,0
baseline,5,measure,1,1000000,sparse,5,subtract,2,typed_double,2,1130,0.317999999999998,0.317999999999998,1130,1,8cb390f4310bb5332e9085281aa52e5236aecd65b982d0e3a7e9174fe845527e,4ff8e31f35ef7231c619440044b989f14d0c2459692ffaf4249d0c6f088eb1cd,5dbef6a14bd33ea02b60ee3c940050585fc891f61a49d29253c64524c4390951,2c3d712c4b869db707211a9641b70f4fcf04eb0bc5000f397325e704b05a2a63,e8c2c3714dfad8ccb787de83956aff6eadd8f5bf3b515e0083ff8aeca241ab2d,e8c2c3714dfad8ccb787de83956aff6eadd8f5bf3b515e0083ff8aeca241ab2d,1003,1003,double,FALSE,FALSE,FALSE,FALSE,0,0,0,0
baseline,5,measure,1,1000000,sparse,5,multiply,3,typed_double,1,904,0.264000000000003,0.263999999999999,904,1,8cb390f4310bb5332e9085281aa52e5236aecd65b982d0e3a7e9174fe845527e,4ff8e31f35ef7231c619440044b989f14d0c2459692ffaf4249d0c6f088eb1cd,ea87b3dd63bfda18195aef508608398181a11f876a570f6017c0c100c3497f49,2c3d712c4b869db707211a9641b70f4fcf04eb0bc5000f397325e704b05a2a63,e8c2c3714dfad8ccb787de83956aff6eadd8f5bf3b515e0083ff8aeca241ab2d,e8c2c3714dfad8ccb787de83956aff6eadd8f5bf3b515e0083ff8aeca241ab2d,1003,1003,double,FALSE,FALSE,FALSE,FALSE,0,0,0,0
baseline,5,measure,1,1000000,sparse,5,multiply,3,compact,2,541,0.306999999999999,0.308,541,1,8cb390f4310bb5332e9085281aa52e5236aecd65b982d0e3a7e9174fe845527e,4ff8e31f35ef7231c619440044b989f14d0c2459692ffaf4249d0c6f088eb1cd,c58bc992720c328eca610e60f8c3f93d7d61df77946cf51b8626b0d8b78368ef,2c3d712c4b869db707211a9641b70f4fcf04eb0bc5000f397325e704b05a2a63,0418a77b7087897a0ead6e10b9da2953bfee2ad9da1470ca98b7664e364a3024,0418a77b7087897a0ead6e10b9da2953bfee2ad9da1470ca98b7664e364a3024,1003,1003,float,TRUE,TRUE,FALSE,FALSE,0,0,0,0
baseline,5,measure,1,1000000,sparse,5,divide,4,compact,1,534,0.301000000000002,0.301000000000002,534,1,8cb390f4310bb5332e9085281aa52e5236aecd65b982d0e3a7e9174fe845527e,4ff8e31f35ef7231c619440044b989f14d0c2459692ffaf4249d0c6f088eb1cd,7cd5af9e05a188d4704876cfdb85ac5034d3d5a1e396bdb3dfc44f37237baea7,2c3d712c4b869db707211a9641b70f4fcf04eb0bc5000f397325e704b05a2a63,0418a77b7087897a0ead6e10b9da2953bfee2ad9da1470ca98b7664e364a3024,0418a77b7087897a0ead6e10b9da2953bfee2ad9da1470ca98b7664e364a3024,1003,1003,float,TRUE,TRUE,FALSE,FALSE,0,0,0,0
baseline,5,measure,1,1000000,sparse,5,divide,4,typed_double,2,1038,0.331999999999994,0.332000000000001,1038,1,8cb390f4310bb5332e9085281aa52e5236aecd65b982d0e3a7e9174fe845527e,4ff8e31f35ef7231c619440044b989f14d0c2459692ffaf4249d0c6f088eb1cd,b5e497d0bf0ffe91ebc90f020c1418218eae5cef8ab084b16638c31e0a7fd996,2c3d712c4b869db707211a9641b70f4fcf04eb0bc5000f397325e704b05a2a63,e8c2c3714dfad8ccb787de83956aff6eadd8f5bf3b515e0083ff8aeca241ab2d,e8c2c3714dfad8ccb787de83956aff6eadd8f5bf3b515e0083ff8aeca241ab2d,1003,1003,double,FALSE,FALSE,FALSE,FALSE,0,0,0,0
baseline,5,measure,1,1000000,random_half,6,add,1,compact,1,557,0.302999999999997,0.304000000000002,557,1,b6b60ef8bb430be90e7239dd64b807cda383733b1048ca6748094e19e1003f06,6d001f63d9ce5612a17ed6ff62e0d269d6d862dde318265b90a63af3b92b0706,6b76f3bb98139bd84054294cebf89160afe822765e6b53998b6e5f12429a1357,30718b1b486380effd7b1cfea2860d277477b8909dc49eb8522afffbc6bc2b89,0418a77b7087897a0ead6e10b9da2953bfee2ad9da1470ca98b7664e364a3024,0418a77b7087897a0ead6e10b9da2953bfee2ad9da1470ca98b7664e364a3024,500000,500000,float,TRUE,TRUE,FALSE,FALSE,0,0,0,0
baseline,5,measure,1,1000000,random_half,6,add,1,typed_double,2,894,0.261000000000003,0.261000000000003,894,1,b6b60ef8bb430be90e7239dd64b807cda383733b1048ca6748094e19e1003f06,6d001f63d9ce5612a17ed6ff62e0d269d6d862dde318265b90a63af3b92b0706,355e852b13c998c602bf0f39fe137d5f8562900a8d72e8fba5a01d4d0efef67e,30718b1b486380effd7b1cfea2860d277477b8909dc49eb8522afffbc6bc2b89,e8c2c3714dfad8ccb787de83956aff6eadd8f5bf3b515e0083ff8aeca241ab2d,e8c2c3714dfad8ccb787de83956aff6eadd8f5bf3b515e0083ff8aeca241ab2d,500000,500000,double,FALSE,FALSE,FALSE,FALSE,0,0,0,0
baseline,5,measure,1,1000000,random_half,6,subtract,2,typed_double,1,1114,0.333999999999996,0.335000000000001,1114,1,b6b60ef8bb430be90e7239dd64b807cda383733b1048ca6748094e19e1003f06,6d001f63d9ce5612a17ed6ff62e0d269d6d862dde318265b90a63af3b92b0706,98bc8ff9af692ead61bb42ce3d313da378f7ebf5bea0cce023d0267baccfff00,30718b1b486380effd7b1cfea2860d277477b8909dc49eb8522afffbc6bc2b89,e8c2c3714dfad8ccb787de83956aff6eadd8f5bf3b515e0083ff8aeca241ab2d,e8c2c3714dfad8ccb787de83956aff6eadd8f5bf3b515e0083ff8aeca241ab2d,500000,500000,double,FALSE,FALSE,FALSE,FALSE,0,0,0,0
baseline,5,measure,1,1000000,random_half,6,subtract,2,compact,2,549,0.302000000000002,0.302,549,1,b6b60ef8bb430be90e7239dd64b807cda383733b1048ca6748094e19e1003f06,6d001f63d9ce5612a17ed6ff62e0d269d6d862dde318265b90a63af3b92b0706,0977e4c376f876f729091ad143045977b47f25c3e39f44906e53226792c66d09,30718b1b486380effd7b1cfea2860d277477b8909dc49eb8522afffbc6bc2b89,0418a77b7087897a0ead6e10b9da2953bfee2ad9da1470ca98b7664e364a3024,0418a77b7087897a0ead6e10b9da2953bfee2ad9da1470ca98b7664e364a3024,500000,500000,float,TRUE,TRUE,FALSE,FALSE,0,0,0,0
baseline,5,measure,1,1000000,random_half,6,multiply,3,compact,1,557,0.317999999999998,0.318000000000005,557,1,b6b60ef8bb430be90e7239dd64b807cda383733b1048ca6748094e19e1003f06,6d001f63d9ce5612a17ed6ff62e0d269d6d862dde318265b90a63af3b92b0706,52858cc82fe2d48b402afcf73363ef8dcad17f91b5684ffba771be6f6a6f4884,30718b1b486380effd7b1cfea2860d277477b8909dc49eb8522afffbc6bc2b89,0418a77b7087897a0ead6e10b9da2953bfee2ad9da1470ca98b7664e364a3024,0418a77b7087897a0ead6e10b9da2953bfee2ad9da1470ca98b7664e364a3024,500000,500000,float,TRUE,TRUE,FALSE,FALSE,0,0,0,0
baseline,5,measure,1,1000000,random_half,6,multiply,3,typed_double,2,1114,0.317999999999998,0.317999999999998,1114,1,b6b60ef8bb430be90e7239dd64b807cda383733b1048ca6748094e19e1003f06,6d001f63d9ce5612a17ed6ff62e0d269d6d862dde318265b90a63af3b92b0706,a884a5b937ac6944f0815b6c0e57bcd8e8abdfb5ca14ceb4c064ef23744bd71a,30718b1b486380effd7b1cfea2860d277477b8909dc49eb8522afffbc6bc2b89,e8c2c3714dfad8ccb787de83956aff6eadd8f5bf3b515e0083ff8aeca241ab2d,e8c2c3714dfad8ccb787de83956aff6eadd8f5bf3b515e0083ff8aeca241ab2d,500000,500000,double,FALSE,FALSE,FALSE,FALSE,0,0,0,0
baseline,5,measure,1,1000000,random_half,6,divide,4,typed_double,1,854,0.265999999999998,0.265999999999998,854,1,b6b60ef8bb430be90e7239dd64b807cda383733b1048ca6748094e19e1003f06,6d001f63d9ce5612a17ed6ff62e0d269d6d862dde318265b90a63af3b92b0706,86070650af7b970f08a28b072998cc372186bdf3df0092e4e49e8c1dc1d19b28,30718b1b486380effd7b1cfea2860d277477b8909dc49eb8522afffbc6bc2b89,e8c2c3714dfad8ccb787de83956aff6eadd8f5bf3b515e0083ff8aeca241ab2d,e8c2c3714dfad8ccb787de83956aff6eadd8f5bf3b515e0083ff8aeca241ab2d,500000,500000,double,FALSE,FALSE,FALSE,FALSE,0,0,0,0
baseline,5,measure,1,1000000,random_half,6,divide,4,compact,2,534,0.300999999999997,0.299999999999997,534,1,b6b60ef8bb430be90e7239dd64b807cda383733b1048ca6748094e19e1003f06,6d001f63d9ce5612a17ed6ff62e0d269d6d862dde318265b90a63af3b92b0706,bb079602e37003a78aadfca99fa018913b2b3fb8ec696feb7099fb65c1c7dba7,30718b1b486380effd7b1cfea2860d277477b8909dc49eb8522afffbc6bc2b89,0418a77b7087897a0ead6e10b9da2953bfee2ad9da1470ca98b7664e364a3024,0418a77b7087897a0ead6e10b9da2953bfee2ad9da1470ca98b7664e364a3024,500000,500000,float,TRUE,TRUE,FALSE,FALSE,0,0,0,0
baseline,5,measure,1,1000000,clustered_half,7,add,1,typed_double,1,915,0.272000000000003,0.271000000000001,915,1,72ac528b7e885a755c34618238a03ae8cbc5ab330977a6b32c5ef330e0b98c7e,1d3c0c5563242b6607a6592048dc2fa1826ff1863cf43d4f44d5fa490b045076,10a7942aa651223fed3ba69c8d2aa3fdfbdf7619c0d0a04415495c2c1363cfb8,dd210ce658e7870361ec32bb75f35c37ac9507b234668b988ee597b20b3a1a78,e8c2c3714dfad8ccb787de83956aff6eadd8f5bf3b515e0083ff8aeca241ab2d,e8c2c3714dfad8ccb787de83956aff6eadd8f5bf3b515e0083ff8aeca241ab2d,500000,500000,double,FALSE,FALSE,FALSE,FALSE,0,0,0,0
baseline,5,measure,1,1000000,clustered_half,7,add,1,compact,2,557,0.302999999999997,0.302999999999997,557,1,72ac528b7e885a755c34618238a03ae8cbc5ab330977a6b32c5ef330e0b98c7e,1d3c0c5563242b6607a6592048dc2fa1826ff1863cf43d4f44d5fa490b045076,07fcca5b3425dcf6e55ea639c22733cb77ff907a47716df8c52124e35bb9fbfe,dd210ce658e7870361ec32bb75f35c37ac9507b234668b988ee597b20b3a1a78,0418a77b7087897a0ead6e10b9da2953bfee2ad9da1470ca98b7664e364a3024,0418a77b7087897a0ead6e10b9da2953bfee2ad9da1470ca98b7664e364a3024,500000,500000,float,TRUE,TRUE,FALSE,FALSE,0,0,0,0
baseline,5,measure,1,1000000,clustered_half,7,subtract,2,compact,1,557,0.302,0.302,557,1,72ac528b7e885a755c34618238a03ae8cbc5ab330977a6b32c5ef330e0b98c7e,1d3c0c5563242b6607a6592048dc2fa1826ff1863cf43d4f44d5fa490b045076,c5697f922b38f8be8ef42932d64beda9530d73a109eb4f48cac5eafdeffa9db0,dd210ce658e7870361ec32bb75f35c37ac9507b234668b988ee597b20b3a1a78,0418a77b7087897a0ead6e10b9da2953bfee2ad9da1470ca98b7664e364a3024,0418a77b7087897a0ead6e10b9da2953bfee2ad9da1470ca98b7664e364a3024,500000,500000,float,TRUE,TRUE,FALSE,FALSE,0,0,0,0
baseline,5,measure,1,1000000,clustered_half,7,subtract,2,typed_double,2,1130,0.333999999999998,0.334000000000003,1130,1,72ac528b7e885a755c34618238a03ae8cbc5ab330977a6b32c5ef330e0b98c7e,1d3c0c5563242b6607a6592048dc2fa1826ff1863cf43d4f44d5fa490b045076,efc88c2b9e2fc69297972b13305d545bc9b98235585b8a7c69c650c492a2e23e,dd210ce658e7870361ec32bb75f35c37ac9507b234668b988ee597b20b3a1a78,e8c2c3714dfad8ccb787de83956aff6eadd8f5bf3b515e0083ff8aeca241ab2d,e8c2c3714dfad8ccb787de83956aff6eadd8f5bf3b515e0083ff8aeca241ab2d,500000,500000,double,FALSE,FALSE,FALSE,FALSE,0,0,0,0
baseline,5,measure,1,1000000,clustered_half,7,multiply,3,typed_double,1,1130,0.321,0.32,1130,1,72ac528b7e885a755c34618238a03ae8cbc5ab330977a6b32c5ef330e0b98c7e,1d3c0c5563242b6607a6592048dc2fa1826ff1863cf43d4f44d5fa490b045076,b02448e7f84965a509b54be4b2c0272a60a165169fe5758145eec27b2a1b2ea9,dd210ce658e7870361ec32bb75f35c37ac9507b234668b988ee597b20b3a1a78,e8c2c3714dfad8ccb787de83956aff6eadd8f5bf3b515e0083ff8aeca241ab2d,e8c2c3714dfad8ccb787de83956aff6eadd8f5bf3b515e0083ff8aeca241ab2d,500000,500000,double,FALSE,FALSE,FALSE,FALSE,0,0,0,0
baseline,5,measure,1,1000000,clustered_half,7,multiply,3,compact,2,557,0.302000000000002,0.302,557,1,72ac528b7e885a755c34618238a03ae8cbc5ab330977a6b32c5ef330e0b98c7e,1d3c0c5563242b6607a6592048dc2fa1826ff1863cf43d4f44d5fa490b045076,b58c64d8f49a32dd1252274eb6df288287216d753323b95dfecd81b377278935,dd210ce658e7870361ec32bb75f35c37ac9507b234668b988ee597b20b3a1a78,0418a77b7087897a0ead6e10b9da2953bfee2ad9da1470ca98b7664e364a3024,0418a77b7087897a0ead6e10b9da2953bfee2ad9da1470ca98b7664e364a3024,500000,500000,float,TRUE,TRUE,FALSE,FALSE,0,0,0,0
baseline,5,measure,1,1000000,clustered_half,7,divide,4,compact,1,541,0.303000000000004,0.304000000000002,541,1,72ac528b7e885a755c34618238a03ae8cbc5ab330977a6b32c5ef330e0b98c7e,1d3c0c5563242b6607a6592048dc2fa1826ff1863cf43d4f44d5fa490b045076,025bf67b4aa5cf89e617cc08318ce5582fde64d4e33795fb3801e492102fb360,dd210ce658e7870361ec32bb75f35c37ac9507b234668b988ee597b20b3a1a78,0418a77b7087897a0ead6e10b9da2953bfee2ad9da1470ca98b7664e364a3024,0418a77b7087897a0ead6e10b9da2953bfee2ad9da1470ca98b7664e364a3024,500000,500000,float,TRUE,TRUE,FALSE,FALSE,0,0,0,0
baseline,5,measure,1,1000000,clustered_half,7,divide,4,typed_double,2,1053,0.334000000000003,0.334000000000003,1053,1,72ac528b7e885a755c34618238a03ae8cbc5ab330977a6b32c5ef330e0b98c7e,1d3c0c5563242b6607a6592048dc2fa1826ff1863cf43d4f44d5fa490b045076,83160af0c1b32eeffbea7a7680fc8fa8824133bf2669b646c3c9a02500722fe9,dd210ce658e7870361ec32bb75f35c37ac9507b234668b988ee597b20b3a1a78,e8c2c3714dfad8ccb787de83956aff6eadd8f5bf3b515e0083ff8aeca241ab2d,e8c2c3714dfad8ccb787de83956aff6eadd8f5bf3b515e0083ff8aeca241ab2d,500000,500000,double,FALSE,FALSE,FALSE,FALSE,0,0,0,0
candidate,5,measure,1,1000000,prefix256,1,add,1,compact,1,1201,0.317,0.316,1201,1,7672490e19c58995dd8bc09ade0a2a8bcde6085cc76a95e6a2a68b700e661547,4f6a42db5f898f2e6efd550a2d023a17ce9371fa2066ce4c64161c3c65910d42,ecc47fd344083a74b5c7d619ec45d4e9d51ebcb1a601422a660eb8d9fbe7cb84,24b32a51b9e59fdea8ab6db43f52e06894c1eed7ca8d35368b7ddc611816face,0418a77b7087897a0ead6e10b9da2953bfee2ad9da1470ca98b7664e364a3024,0418a77b7087897a0ead6e10b9da2953bfee2ad9da1470ca98b7664e364a3024,256,256,float,TRUE,TRUE,FALSE,FALSE,0,0,0,0
candidate,5,measure,1,1000000,prefix256,1,add,1,typed_double,2,894,0.281,0.28,894,1,7672490e19c58995dd8bc09ade0a2a8bcde6085cc76a95e6a2a68b700e661547,4f6a42db5f898f2e6efd550a2d023a17ce9371fa2066ce4c64161c3c65910d42,dd1e57fa4af2e69d9b2644cdfb6c2c9aaf27a0bfc4fbc9c2d12606357ab4fca3,24b32a51b9e59fdea8ab6db43f52e06894c1eed7ca8d35368b7ddc611816face,e8c2c3714dfad8ccb787de83956aff6eadd8f5bf3b515e0083ff8aeca241ab2d,e8c2c3714dfad8ccb787de83956aff6eadd8f5bf3b515e0083ff8aeca241ab2d,256,256,double,FALSE,FALSE,FALSE,FALSE,0,0,0,0
candidate,5,measure,1,1000000,prefix256,1,subtract,2,typed_double,1,904,0.282,0.282,904,1,7672490e19c58995dd8bc09ade0a2a8bcde6085cc76a95e6a2a68b700e661547,4f6a42db5f898f2e6efd550a2d023a17ce9371fa2066ce4c64161c3c65910d42,5c74a3463be8f702af0b2a265633cae455455452c94df3d1a717263f3099cfe8,24b32a51b9e59fdea8ab6db43f52e06894c1eed7ca8d35368b7ddc611816face,e8c2c3714dfad8ccb787de83956aff6eadd8f5bf3b515e0083ff8aeca241ab2d,e8c2c3714dfad8ccb787de83956aff6eadd8f5bf3b515e0083ff8aeca241ab2d,256,256,double,FALSE,FALSE,FALSE,FALSE,0,0,0,0
candidate,5,measure,1,1000000,prefix256,1,subtract,2,compact,2,1220,0.319,0.32,1220,1,7672490e19c58995dd8bc09ade0a2a8bcde6085cc76a95e6a2a68b700e661547,4f6a42db5f898f2e6efd550a2d023a17ce9371fa2066ce4c64161c3c65910d42,046b4f026f941f2c24556df139ea84930d72c2ac52f2bd782ad0fa6e0cb40f5c,24b32a51b9e59fdea8ab6db43f52e06894c1eed7ca8d35368b7ddc611816face,0418a77b7087897a0ead6e10b9da2953bfee2ad9da1470ca98b7664e364a3024,0418a77b7087897a0ead6e10b9da2953bfee2ad9da1470ca98b7664e364a3024,256,256,float,TRUE,TRUE,FALSE,FALSE,0,0,0,0
candidate,5,measure,1,1000000,prefix256,1,multiply,3,compact,1,1200,0.31,0.311,1200,1,7672490e19c58995dd8bc09ade0a2a8bcde6085cc76a95e6a2a68b700e661547,4f6a42db5f898f2e6efd550a2d023a17ce9371fa2066ce4c64161c3c65910d42,7293d547074b8526fbff0adf5afb6e1a4f7e9f73ad4fc0a17760046fa38599c5,24b32a51b9e59fdea8ab6db43f52e06894c1eed7ca8d35368b7ddc611816face,0418a77b7087897a0ead6e10b9da2953bfee2ad9da1470ca98b7664e364a3024,0418a77b7087897a0ead6e10b9da2953bfee2ad9da1470ca98b7664e364a3024,256,256,float,TRUE,TRUE,FALSE,FALSE,0,0,0,0
candidate,5,measure,1,1000000,prefix256,1,multiply,3,typed_double,2,894,0.264000000000001,0.263,894,1,7672490e19c58995dd8bc09ade0a2a8bcde6085cc76a95e6a2a68b700e661547,4f6a42db5f898f2e6efd550a2d023a17ce9371fa2066ce4c64161c3c65910d42,44482e5cfdd89b569428523af3f17c87ac60e33cc59106f6590833be57efd32f,24b32a51b9e59fdea8ab6db43f52e06894c1eed7ca8d35368b7ddc611816face,e8c2c3714dfad8ccb787de83956aff6eadd8f5bf3b515e0083ff8aeca241ab2d,e8c2c3714dfad8ccb787de83956aff6eadd8f5bf3b515e0083ff8aeca241ab2d,256,256,double,FALSE,FALSE,FALSE,FALSE,0,0,0,0
candidate,5,measure,1,1000000,prefix256,1,divide,4,typed_double,1,1024,0.332999999999999,0.334,1024,1,7672490e19c58995dd8bc09ade0a2a8bcde6085cc76a95e6a2a68b700e661547,4f6a42db5f898f2e6efd550a2d023a17ce9371fa2066ce4c64161c3c65910d42,cc75681b846788b45e94e2a5045461a21454f1fb812a76825abfb8d5b8560046,24b32a51b9e59fdea8ab6db43f52e06894c1eed7ca8d35368b7ddc611816face,e8c2c3714dfad8ccb787de83956aff6eadd8f5bf3b515e0083ff8aeca241ab2d,e8c2c3714dfad8ccb787de83956aff6eadd8f5bf3b515e0083ff8aeca241ab2d,256,256,double,FALSE,FALSE,FALSE,FALSE,0,0,0,0
candidate,5,measure,1,1000000,prefix256,1,divide,4,compact,2,1098,0.319,0.319000000000001,1098,1,7672490e19c58995dd8bc09ade0a2a8bcde6085cc76a95e6a2a68b700e661547,4f6a42db5f898f2e6efd550a2d023a17ce9371fa2066ce4c64161c3c65910d42,39cde0f370deb96aa360cc51297f1425619fc62c5aab9cbf474c5077748c43e5,24b32a51b9e59fdea8ab6db43f52e06894c1eed7ca8d35368b7ddc611816face,0418a77b7087897a0ead6e10b9da2953bfee2ad9da1470ca98b7664e364a3024,0418a77b7087897a0ead6e10b9da2953bfee2ad9da1470ca98b7664e364a3024,256,256,float,TRUE,TRUE,FALSE,FALSE,0,0,0,0
candidate,5,measure,1,1000000,suffix256,2,add,1,typed_double,1,1114,0.333,0.334,1114,1,b38da76a0bf8f72e59074e4463b94231f873a1ddf7c027778214fc73daff29f4,9381174d5a5c0056365a99d2e08f017e8e0fb6180967a7e6d7598196faa41fe2,7326157ff492d94ccc459e73dd7161eb5f07a6c0e7ac687c3b8c4bdceab43d2e,7dd3c12d784e621bc75114205a7f98be85940c915e020c1372e35d98a1b271bc,e8c2c3714dfad8ccb787de83956aff6eadd8f5bf3b515e0083ff8aeca241ab2d,e8c2c3714dfad8ccb787de83956aff6eadd8f5bf3b515e0083ff8aeca241ab2d,256,256,double,FALSE,FALSE,FALSE,FALSE,0,0,0,0
candidate,5,measure,1,1000000,suffix256,2,add,1,compact,2,1260,0.3,0.301,1260,1,b38da76a0bf8f72e59074e4463b94231f873a1ddf7c027778214fc73daff29f4,9381174d5a5c0056365a99d2e08f017e8e0fb6180967a7e6d7598196faa41fe2,0bffebdab0ac6248f91ba88e1cb34ad47800183c79febee2181a94085774e5f8,7dd3c12d784e621bc75114205a7f98be85940c915e020c1372e35d98a1b271bc,0418a77b7087897a0ead6e10b9da2953bfee2ad9da1470ca98b7664e364a3024,0418a77b7087897a0ead6e10b9da2953bfee2ad9da1470ca98b7664e364a3024,256,256,float,TRUE,TRUE,FALSE,FALSE,0,0,0,0
candidate,5,measure,1,1000000,suffix256,2,subtract,2,compact,1,1280,0.320000000000001,0.32,1280,1,b38da76a0bf8f72e59074e4463b94231f873a1ddf7c027778214fc73daff29f4,9381174d5a5c0056365a99d2e08f017e8e0fb6180967a7e6d7598196faa41fe2,2e8b9a52242656d84d6c914b5187c8ff371ed496c9ac68c5265226a85c7c63ce,7dd3c12d784e621bc75114205a7f98be85940c915e020c1372e35d98a1b271bc,0418a77b7087897a0ead6e10b9da2953bfee2ad9da1470ca98b7664e364a3024,0418a77b7087897a0ead6e10b9da2953bfee2ad9da1470ca98b7664e364a3024,256,256,float,TRUE,TRUE,FALSE,FALSE,0,0,0,0
candidate,5,measure,1,1000000,suffix256,2,subtract,2,typed_double,2,1114,0.333,0.334,1114,1,b38da76a0bf8f72e59074e4463b94231f873a1ddf7c027778214fc73daff29f4,9381174d5a5c0056365a99d2e08f017e8e0fb6180967a7e6d7598196faa41fe2,902119eaaa7bebe54be150b29f406b8cf060a7b96185baaf79c97e14dad3f863,7dd3c12d784e621bc75114205a7f98be85940c915e020c1372e35d98a1b271bc,e8c2c3714dfad8ccb787de83956aff6eadd8f5bf3b515e0083ff8aeca241ab2d,e8c2c3714dfad8ccb787de83956aff6eadd8f5bf3b515e0083ff8aeca241ab2d,256,256,double,FALSE,FALSE,FALSE,FALSE,0,0,0,0
candidate,5,measure,1,1000000,suffix256,2,multiply,3,typed_double,1,1114,0.318,0.319000000000001,1114,1,b38da76a0bf8f72e59074e4463b94231f873a1ddf7c027778214fc73daff29f4,9381174d5a5c0056365a99d2e08f017e8e0fb6180967a7e6d7598196faa41fe2,be18b0001d95c130e93bb80d453f927c725dc11a02c22824fd092ee8adb88f8c,7dd3c12d784e621bc75114205a7f98be85940c915e020c1372e35d98a1b271bc,e8c2c3714dfad8ccb787de83956aff6eadd8f5bf3b515e0083ff8aeca241ab2d,e8c2c3714dfad8ccb787de83956aff6eadd8f5bf3b515e0083ff8aeca241ab2d,256,256,double,FALSE,FALSE,FALSE,FALSE,0,0,0,0
candidate,5,measure,1,1000000,suffix256,2,multiply,3,compact,2,1260,0.299999999999999,0.300000000000001,1260,1,b38da76a0bf8f72e59074e4463b94231f873a1ddf7c027778214fc73daff29f4,9381174d5a5c0056365a99d2e08f017e8e0fb6180967a7e6d7598196faa41fe2,bbb0344652a96cc23ac4f06e9785146860bfbd677c72c0edcd2f8c3580d560de,7dd3c12d784e621bc75114205a7f98be85940c915e020c1372e35d98a1b271bc,0418a77b7087897a0ead6e10b9da2953bfee2ad9da1470ca98b7664e364a3024,0418a77b7087897a0ead6e10b9da2953bfee2ad9da1470ca98b7664e364a3024,256,256,float,TRUE,TRUE,FALSE,FALSE,0,0,0,0
candidate,5,measure,1,1000000,suffix256,2,divide,4,compact,1,1130,0.316000000000001,0.315999999999999,1130,1,b38da76a0bf8f72e59074e4463b94231f873a1ddf7c027778214fc73daff29f4,9381174d5a5c0056365a99d2e08f017e8e0fb6180967a7e6d7598196faa41fe2,24114da746c52d603149cc8b90e4df0716cbe88e43c70d8530cbb83c03917cd5,7dd3c12d784e621bc75114205a7f98be85940c915e020c1372e35d98a1b271bc,0418a77b7087897a0ead6e10b9da2953bfee2ad9da1470ca98b7664e364a3024,0418a77b7087897a0ead6e10b9da2953bfee2ad9da1470ca98b7664e364a3024,256,256,float,TRUE,TRUE,FALSE,FALSE,0,0,0,0
candidate,5,measure,1,1000000,suffix256,2,divide,4,typed_double,2,1038,0.318000000000001,0.318999999999999,1038,1,b38da76a0bf8f72e59074e4463b94231f873a1ddf7c027778214fc73daff29f4,9381174d5a5c0056365a99d2e08f017e8e0fb6180967a7e6d7598196faa41fe2,7b288c3a11028a99daad5072816bc596661252acce990ed434c1bcd8450082d9,7dd3c12d784e621bc75114205a7f98be85940c915e020c1372e35d98a1b271bc,e8c2c3714dfad8ccb787de83956aff6eadd8f5bf3b515e0083ff8aeca241ab2d,e8c2c3714dfad8ccb787de83956aff6eadd8f5bf3b515e0083ff8aeca241ab2d,256,256,double,FALSE,FALSE,FALSE,FALSE,0,0,0,0
candidate,5,measure,1,1000000,all_tags,3,add,1,compact,1,350,0.304999999999999,0.306000000000001,350,1,27ad0fd15ffcc1bf50ce4e82dc19749a5d76c28e5f77c0dfb2e1a0146023823c,74f9a5d0f01860a6547249f6205a49da91245cb9db41112e4e920b025218dd95,9ffc0380039738708c4659192475d1725e834e73fa28723ceb64d722b0994aef,1574ffadfcad3245cd83f3552908b258f1a96e142112f95cc2e77c92396da835,0418a77b7087897a0ead6e10b9da2953bfee2ad9da1470ca98b7664e364a3024,0418a77b7087897a0ead6e10b9da2953bfee2ad9da1470ca98b7664e364a3024,1000000,1000000,float,TRUE,TRUE,FALSE,FALSE,0,0,0,0
candidate,5,measure,1,1000000,all_tags,3,add,1,typed_double,2,915,0.264000000000001,0.263999999999999,915,1,27ad0fd15ffcc1bf50ce4e82dc19749a5d76c28e5f77c0dfb2e1a0146023823c,74f9a5d0f01860a6547249f6205a49da91245cb9db41112e4e920b025218dd95,9ffc0380039738708c4659192475d1725e834e73fa28723ceb64d722b0994aef,1574ffadfcad3245cd83f3552908b258f1a96e142112f95cc2e77c92396da835,e8c2c3714dfad8ccb787de83956aff6eadd8f5bf3b515e0083ff8aeca241ab2d,e8c2c3714dfad8ccb787de83956aff6eadd8f5bf3b515e0083ff8aeca241ab2d,1000000,1000000,double,FALSE,FALSE,FALSE,FALSE,0,0,0,0
candidate,5,measure,1,1000000,all_tags,3,subtract,2,typed_double,1,1130,0.321000000000002,0.321999999999999,1130,1,27ad0fd15ffcc1bf50ce4e82dc19749a5d76c28e5f77c0dfb2e1a0146023823c,74f9a5d0f01860a6547249f6205a49da91245cb9db41112e4e920b025218dd95,9ffc0380039738708c4659192475d1725e834e73fa28723ceb64d722b0994aef,1574ffadfcad3245cd83f3552908b258f1a96e142112f95cc2e77c92396da835,e8c2c3714dfad8ccb787de83956aff6eadd8f5bf3b515e0083ff8aeca241ab2d,e8c2c3714dfad8ccb787de83956aff6eadd8f5bf3b515e0083ff8aeca241ab2d,1000000,1000000,double,FALSE,FALSE,FALSE,FALSE,0,0,0,0
candidate,5,measure,1,1000000,all_tags,3,subtract,2,compact,2,343,0.299,0.299000000000001,343,1,27ad0fd15ffcc1bf50ce4e82dc19749a5d76c28e5f77c0dfb2e1a0146023823c,74f9a5d0f01860a6547249f6205a49da91245cb9db41112e4e920b025218dd95,9ffc0380039738708c4659192475d1725e834e73fa28723ceb64d722b0994aef,1574ffadfcad3245cd83f3552908b258f1a96e142112f95cc2e77c92396da835,0418a77b7087897a0ead6e10b9da2953bfee2ad9da1470ca98b7664e364a3024,0418a77b7087897a0ead6e10b9da2953bfee2ad9da1470ca98b7664e364a3024,1000000,1000000,float,TRUE,TRUE,FALSE,FALSE,0,0,0,0
candidate,5,measure,1,1000000,all_tags,3,multiply,3,compact,1,350,0.306000000000001,0.305999999999999,350,1,27ad0fd15ffcc1bf50ce4e82dc19749a5d76c28e5f77c0dfb2e1a0146023823c,74f9a5d0f01860a6547249f6205a49da91245cb9db41112e4e920b025218dd95,9ffc0380039738708c4659192475d1725e834e73fa28723ceb64d722b0994aef,1574ffadfcad3245cd83f3552908b258f1a96e142112f95cc2e77c92396da835,0418a77b7087897a0ead6e10b9da2953bfee2ad9da1470ca98b7664e364a3024,0418a77b7087897a0ead6e10b9da2953bfee2ad9da1470ca98b7664e364a3024,1000000,1000000,float,TRUE,TRUE,FALSE,FALSE,0,0,0,0
candidate,5,measure,1,1000000,all_tags,3,multiply,3,typed_double,2,1114,0.318999999999999,0.32,1114,1,27ad0fd15ffcc1bf50ce4e82dc19749a5d76c28e5f77c0dfb2e1a0146023823c,74f9a5d0f01860a6547249f6205a49da91245cb9db41112e4e920b025218dd95,9ffc0380039738708c4659192475d1725e834e73fa28723ceb64d722b0994aef,1574ffadfcad3245cd83f3552908b258f1a96e142112f95cc2e77c92396da835,e8c2c3714dfad8ccb787de83956aff6eadd8f5bf3b515e0083ff8aeca241ab2d,e8c2c3714dfad8ccb787de83956aff6eadd8f5bf3b515e0083ff8aeca241ab2d,1000000,1000000,double,FALSE,FALSE,FALSE,FALSE,0,0,0,0
candidate,5,measure,1,1000000,all_tags,3,divide,4,typed_double,1,863,0.253,0.252999999999997,863,1,27ad0fd15ffcc1bf50ce4e82dc19749a5d76c28e5f77c0dfb2e1a0146023823c,74f9a5d0f01860a6547249f6205a49da91245cb9db41112e4e920b025218dd95,9ffc0380039738708c4659192475d1725e834e73fa28723ceb64d722b0994aef,1574ffadfcad3245cd83f3552908b258f1a96e142112f95cc2e77c92396da835,e8c2c3714dfad8ccb787de83956aff6eadd8f5bf3b515e0083ff8aeca241ab2d,e8c2c3714dfad8ccb787de83956aff6eadd8f5bf3b515e0083ff8aeca241ab2d,1000000,1000000,double,FALSE,FALSE,FALSE,FALSE,0,0,0,0
candidate,5,measure,1,1000000,all_tags,3,divide,4,compact,2,343,0.315000000000001,0.314999999999998,343,1,27ad0fd15ffcc1bf50ce4e82dc19749a5d76c28e5f77c0dfb2e1a0146023823c,74f9a5d0f01860a6547249f6205a49da91245cb9db41112e4e920b025218dd95,9ffc0380039738708c4659192475d1725e834e73fa28723ceb64d722b0994aef,1574ffadfcad3245cd83f3552908b258f1a96e142112f95cc2e77c92396da835,0418a77b7087897a0ead6e10b9da2953bfee2ad9da1470ca98b7664e364a3024,0418a77b7087897a0ead6e10b9da2953bfee2ad9da1470ca98b7664e364a3024,1000000,1000000,float,TRUE,TRUE,FALSE,FALSE,0,0,0,0
candidate,5,measure,1,1000000,none,4,add,1,ordinary,1,1260,0.32,0.32,0,0,7f1c1a27229f7a699fa85ff90b5be1266497c462407b39b11f6d94015af8e8ad,8dbe5f139fd946d4cd84e8cc612cd9f68cbc87e394457884acc0c5dad56dd8dd,292e89d47e6240bb2914ef7ad37d7e757276712199771e9df56100a008a8cb8c,8dbe5f139fd946d4cd84e8cc612cd9f68cbc87e394457884acc0c5dad56dd8dd,71557d1c8bac9bbe3cbec8d00bb223a2f372279827064095447e569fbf5a760a,71557d1c8bac9bbe3cbec8d00bb223a2f372279827064095447e569fbf5a760a,0,0,,FALSE,FALSE,FALSE,FALSE,0,0,0,0
candidate,5,measure,1,1000000,none,4,add,1,compact,2,1281,0.303,0.302,1281,1,7f1c1a27229f7a699fa85ff90b5be1266497c462407b39b11f6d94015af8e8ad,8dbe5f139fd946d4cd84e8cc612cd9f68cbc87e394457884acc0c5dad56dd8dd,6f4e6deefcbd4cb8847d97ac43d7047c827b45b8a7d41e59355544434442b07b,8dbe5f139fd946d4cd84e8cc612cd9f68cbc87e394457884acc0c5dad56dd8dd,0418a77b7087897a0ead6e10b9da2953bfee2ad9da1470ca98b7664e364a3024,0418a77b7087897a0ead6e10b9da2953bfee2ad9da1470ca98b7664e364a3024,0,0,float,TRUE,TRUE,FALSE,FALSE,0,0,0,0
candidate,5,measure,1,1000000,none,4,add,1,typed_double,3,926,0.265000000000001,0.266000000000002,926,1,7f1c1a27229f7a699fa85ff90b5be1266497c462407b39b11f6d94015af8e8ad,8dbe5f139fd946d4cd84e8cc612cd9f68cbc87e394457884acc0c5dad56dd8dd,292e89d47e6240bb2914ef7ad37d7e757276712199771e9df56100a008a8cb8c,8dbe5f139fd946d4cd84e8cc612cd9f68cbc87e394457884acc0c5dad56dd8dd,e8c2c3714dfad8ccb787de83956aff6eadd8f5bf3b515e0083ff8aeca241ab2d,e8c2c3714dfad8ccb787de83956aff6eadd8f5bf3b515e0083ff8aeca241ab2d,0,0,double,FALSE,FALSE,FALSE,FALSE,0,0,0,0
candidate,5,measure,1,1000000,none,4,subtract,2,ordinary,1,1260,0.32,0.32,0,0,7f1c1a27229f7a699fa85ff90b5be1266497c462407b39b11f6d94015af8e8ad,8dbe5f139fd946d4cd84e8cc612cd9f68cbc87e394457884acc0c5dad56dd8dd,13a3239df0a7d9c4766e9cb1022fe126007afc38c9539ef233ed4bf785d961fa,8dbe5f139fd946d4cd84e8cc612cd9f68cbc87e394457884acc0c5dad56dd8dd,71557d1c8bac9bbe3cbec8d00bb223a2f372279827064095447e569fbf5a760a,71557d1c8bac9bbe3cbec8d00bb223a2f372279827064095447e569fbf5a760a,0,0,,FALSE,FALSE,FALSE,FALSE,0,0,0,0
candidate,5,measure,1,1000000,none,4,subtract,2,typed_double,2,1130,0.317,0.317,1130,1,7f1c1a27229f7a699fa85ff90b5be1266497c462407b39b11f6d94015af8e8ad,8dbe5f139fd946d4cd84e8cc612cd9f68cbc87e394457884acc0c5dad56dd8dd,13a3239df0a7d9c4766e9cb1022fe126007afc38c9539ef233ed4bf785d961fa,8dbe5f139fd946d4cd84e8cc612cd9f68cbc87e394457884acc0c5dad56dd8dd,e8c2c3714dfad8ccb787de83956aff6eadd8f5bf3b515e0083ff8aeca241ab2d,e8c2c3714dfad8ccb787de83956aff6eadd8f5bf3b515e0083ff8aeca241ab2d,0,0,double,FALSE,FALSE,FALSE,FALSE,0,0,0,0
candidate,5,measure,1,1000000,none,4,subtract,2,compact,3,1281,0.316000000000003,0.315999999999999,1281,1,7f1c1a27229f7a699fa85ff90b5be1266497c462407b39b11f6d94015af8e8ad,8dbe5f139fd946d4cd84e8cc612cd9f68cbc87e394457884acc0c5dad56dd8dd,73750801b993e37ef9c262c8c6c20433be5d4f8f21bfd0757cae3f70c74eda3f,8dbe5f139fd946d4cd84e8cc612cd9f68cbc87e394457884acc0c5dad56dd8dd,0418a77b7087897a0ead6e10b9da2953bfee2ad9da1470ca98b7664e364a3024,0418a77b7087897a0ead6e10b9da2953bfee2ad9da1470ca98b7664e364a3024,0,0,float,TRUE,TRUE,FALSE,FALSE,0,0,0,0
candidate,5,measure,1,1000000,none,4,multiply,3,compact,1,1280,0.303999999999998,0.303999999999998,1280,1,7f1c1a27229f7a699fa85ff90b5be1266497c462407b39b11f6d94015af8e8ad,8dbe5f139fd946d4cd84e8cc612cd9f68cbc87e394457884acc0c5dad56dd8dd,72cc5cf98cf5a5166668db2e8420adb3bc862ec1b003fbdd7aeb0a9746f22870,8dbe5f139fd946d4cd84e8cc612cd9f68cbc87e394457884acc0c5dad56dd8dd,0418a77b7087897a0ead6e10b9da2953bfee2ad9da1470ca98b7664e364a3024,0418a77b7087897a0ead6e10b9da2953bfee2ad9da1470ca98b7664e364a3024,0,0,float,TRUE,TRUE,FALSE,FALSE,0,0,0,0
candidate,5,measure,1,1000000,none,4,multiply,3,typed_double,2,904,0.265999999999998,0.265999999999998,904,1,7f1c1a27229f7a699fa85ff90b5be1266497c462407b39b11f6d94015af8e8ad,8dbe5f139fd946d4cd84e8cc612cd9f68cbc87e394457884acc0c5dad56dd8dd,f26b519d09797e4f4941392e4b52f307c71832f0aaad54da617e9078fe055e1c,8dbe5f139fd946d4cd84e8cc612cd9f68cbc87e394457884acc0c5dad56dd8dd,e8c2c3714dfad8ccb787de83956aff6eadd8f5bf3b515e0083ff8aeca241ab2d,e8c2c3714dfad8ccb787de83956aff6eadd8f5bf3b515e0083ff8aeca241ab2d,0,0,double,FALSE,FALSE,FALSE,FALSE,0,0,0,0
candidate,5,measure,1,1000000,none,4,multiply,3,ordinary,3,1220,0.327999999999999,0.327999999999999,0,0,7f1c1a27229f7a699fa85ff90b5be1266497c462407b39b11f6d94015af8e8ad,8dbe5f139fd946d4cd84e8cc612cd9f68cbc87e394457884acc0c5dad56dd8dd,f26b519d09797e4f4941392e4b52f307c71832f0aaad54da617e9078fe055e1c,8dbe5f139fd946d4cd84e8cc612cd9f68cbc87e394457884acc0c5dad56dd8dd,71557d1c8bac9bbe3cbec8d00bb223a2f372279827064095447e569fbf5a760a,71557d1c8bac9bbe3cbec8d00bb223a2f372279827064095447e569fbf5a760a,0,0,,FALSE,FALSE,FALSE,FALSE,0,0,0,0
candidate,5,measure,1,1000000,none,4,divide,4,compact,1,1147,0.318999999999999,0.32,1147,1,7f1c1a27229f7a699fa85ff90b5be1266497c462407b39b11f6d94015af8e8ad,8dbe5f139fd946d4cd84e8cc612cd9f68cbc87e394457884acc0c5dad56dd8dd,1591013955a37eeca2ef03255d8659f041a956e2e6d6666478490b7f17a3ed59,8dbe5f139fd946d4cd84e8cc612cd9f68cbc87e394457884acc0c5dad56dd8dd,0418a77b7087897a0ead6e10b9da2953bfee2ad9da1470ca98b7664e364a3024,0418a77b7087897a0ead6e10b9da2953bfee2ad9da1470ca98b7664e364a3024,0,0,float,TRUE,TRUE,FALSE,FALSE,0,0,0,0
candidate,5,measure,1,1000000,none,4,divide,4,ordinary,2,1239,0.335999999999999,0.337,0,0,7f1c1a27229f7a699fa85ff90b5be1266497c462407b39b11f6d94015af8e8ad,8dbe5f139fd946d4cd84e8cc612cd9f68cbc87e394457884acc0c5dad56dd8dd,94a902460bdb0445cf55fb22367b59bd4ca3f1ff73823aa1758bd6c7f1b6b58d,8dbe5f139fd946d4cd84e8cc612cd9f68cbc87e394457884acc0c5dad56dd8dd,71557d1c8bac9bbe3cbec8d00bb223a2f372279827064095447e569fbf5a760a,71557d1c8bac9bbe3cbec8d00bb223a2f372279827064095447e569fbf5a760a,0,0,,FALSE,FALSE,FALSE,FALSE,0,0,0,0
candidate,5,measure,1,1000000,none,4,divide,4,typed_double,3,1038,0.335000000000001,0.335000000000001,1038,1,7f1c1a27229f7a699fa85ff90b5be1266497c462407b39b11f6d94015af8e8ad,8dbe5f139fd946d4cd84e8cc612cd9f68cbc87e394457884acc0c5dad56dd8dd,94a902460bdb0445cf55fb22367b59bd4ca3f1ff73823aa1758bd6c7f1b6b58d,8dbe5f139fd946d4cd84e8cc612cd9f68cbc87e394457884acc0c5dad56dd8dd,e8c2c3714dfad8ccb787de83956aff6eadd8f5bf3b515e0083ff8aeca241ab2d,e8c2c3714dfad8ccb787de83956aff6eadd8f5bf3b515e0083ff8aeca241ab2d,0,0,double,FALSE,FALSE,FALSE,FALSE,0,0,0,0
candidate,5,measure,1,1000000,sparse,5,add,1,typed_double,1,1130,0.320999999999998,0.321999999999999,1130,1,8cb390f4310bb5332e9085281aa52e5236aecd65b982d0e3a7e9174fe845527e,4ff8e31f35ef7231c619440044b989f14d0c2459692ffaf4249d0c6f088eb1cd,c79c2ec291260c6f8d03c327d90d493416937a3f3bc9b85742b51e17a8fb7647,2c3d712c4b869db707211a9641b70f4fcf04eb0bc5000f397325e704b05a2a63,e8c2c3714dfad8ccb787de83956aff6eadd8f5bf3b515e0083ff8aeca241ab2d,e8c2c3714dfad8ccb787de83956aff6eadd8f5bf3b515e0083ff8aeca241ab2d,1003,1003,double,FALSE,FALSE,FALSE,FALSE,0,0,0,0
candidate,5,measure,1,1000000,sparse,5,add,1,compact,2,1011,0.311,0.312000000000001,1011,1,8cb390f4310bb5332e9085281aa52e5236aecd65b982d0e3a7e9174fe845527e,4ff8e31f35ef7231c619440044b989f14d0c2459692ffaf4249d0c6f088eb1cd,9c2be51cd37c2d7977f794fada049c7c9ccc4011c9f81b26e042008f01cdd93e,2c3d712c4b869db707211a9641b70f4fcf04eb0bc5000f397325e704b05a2a63,0418a77b7087897a0ead6e10b9da2953bfee2ad9da1470ca98b7664e364a3024,0418a77b7087897a0ead6e10b9da2953bfee2ad9da1470ca98b7664e364a3024,1003,1003,float,TRUE,TRUE,FALSE,FALSE,0,0,0,0
candidate,5,measure,1,1000000,sparse,5,subtract,2,compact,1,998,0.297000000000001,0.298000000000002,998,1,8cb390f4310bb5332e9085281aa52e5236aecd65b982d0e3a7e9174fe845527e,4ff8e31f35ef7231c619440044b989f14d0c2459692ffaf4249d0c6f088eb1cd,7125e60e6e7d4c92d9ed561efe37cfccac1593072e770a4f8d2a58f04113d3ae,2c3d712c4b869db707211a9641b70f4fcf04eb0bc5000f397325e704b05a2a63,0418a77b7087897a0ead6e10b9da2953bfee2ad9da1470ca98b7664e364a3024,0418a77b7087897a0ead6e10b9da2953bfee2ad9da1470ca98b7664e364a3024,1003,1003,float,TRUE,TRUE,FALSE,FALSE,0,0,0,0
candidate,5,measure,1,1000000,sparse,5,subtract,2,typed_double,2,915,0.264000000000003,0.265000000000001,915,1,8cb390f4310bb5332e9085281aa52e5236aecd65b982d0e3a7e9174fe845527e,4ff8e31f35ef7231c619440044b989f14d0c2459692ffaf4249d0c6f088eb1cd,5dbef6a14bd33ea02b60ee3c940050585fc891f61a49d29253c64524c4390951,2c3d712c4b869db707211a9641b70f4fcf04eb0bc5000f397325e704b05a2a63,e8c2c3714dfad8ccb787de83956aff6eadd8f5bf3b515e0083ff8aeca241ab2d,e8c2c3714dfad8ccb787de83956aff6eadd8f5bf3b515e0083ff8aeca241ab2d,1003,1003,double,FALSE,FALSE,FALSE,FALSE,0,0,0,0
candidate,5,measure,1,1000000,sparse,5,multiply,3,typed_double,1,1130,0.320999999999997,0.32,1130,1,8cb390f4310bb5332e9085281aa52e5236aecd65b982d0e3a7e9174fe845527e,4ff8e31f35ef7231c619440044b989f14d0c2459692ffaf4249d0c6f088eb1cd,ea87b3dd63bfda18195aef508608398181a11f876a570f6017c0c100c3497f49,2c3d712c4b869db707211a9641b70f4fcf04eb0bc5000f397325e704b05a2a63,e8c2c3714dfad8ccb787de83956aff6eadd8f5bf3b515e0083ff8aeca241ab2d,e8c2c3714dfad8ccb787de83956aff6eadd8f5bf3b515e0083ff8aeca241ab2d,1003,1003,double,FALSE,FALSE,FALSE,FALSE,0,0,0,0
candidate,5,measure,1,1000000,sparse,5,multiply,3,compact,2,854,0.257999999999998,0.257000000000001,854,1,8cb390f4310bb5332e9085281aa52e5236aecd65b982d0e3a7e9174fe845527e,4ff8e31f35ef7231c619440044b989f14d0c2459692ffaf4249d0c6f088eb1cd,c58bc992720c328eca610e60f8c3f93d7d61df77946cf51b8626b0d8b78368ef,2c3d712c4b869db707211a9641b70f4fcf04eb0bc5000f397325e704b05a2a63,0418a77b7087897a0ead6e10b9da2953bfee2ad9da1470ca98b7664e364a3024,0418a77b7087897a0ead6e10b9da2953bfee2ad9da1470ca98b7664e364a3024,1003,1003,float,TRUE,TRUE,FALSE,FALSE,0,0,0,0
candidate,5,measure,1,1000000,sparse,5,divide,4,compact,1,949,0.302,0.303000000000004,949,1,8cb390f4310bb5332e9085281aa52e5236aecd65b982d0e3a7e9174fe845527e,4ff8e31f35ef7231c619440044b989f14d0c2459692ffaf4249d0c6f088eb1cd,7cd5af9e05a188d4704876cfdb85ac5034d3d5a1e396bdb3dfc44f37237baea7,2c3d712c4b869db707211a9641b70f4fcf04eb0bc5000f397325e704b05a2a63,0418a77b7087897a0ead6e10b9da2953bfee2ad9da1470ca98b7664e364a3024,0418a77b7087897a0ead6e10b9da2953bfee2ad9da1470ca98b7664e364a3024,1003,1003,float,TRUE,TRUE,FALSE,FALSE,0,0,0,0
candidate,5,measure,1,1000000,sparse,5,divide,4,typed_double,2,863,0.267000000000003,0.268000000000001,863,1,8cb390f4310bb5332e9085281aa52e5236aecd65b982d0e3a7e9174fe845527e,4ff8e31f35ef7231c619440044b989f14d0c2459692ffaf4249d0c6f088eb1cd,b5e497d0bf0ffe91ebc90f020c1418218eae5cef8ab084b16638c31e0a7fd996,2c3d712c4b869db707211a9641b70f4fcf04eb0bc5000f397325e704b05a2a63,e8c2c3714dfad8ccb787de83956aff6eadd8f5bf3b515e0083ff8aeca241ab2d,e8c2c3714dfad8ccb787de83956aff6eadd8f5bf3b515e0083ff8aeca241ab2d,1003,1003,double,FALSE,FALSE,FALSE,FALSE,0,0,0,0
candidate,5,measure,1,1000000,random_half,6,add,1,compact,1,350,0.305,0.305,350,1,b6b60ef8bb430be90e7239dd64b807cda383733b1048ca6748094e19e1003f06,6d001f63d9ce5612a17ed6ff62e0d269d6d862dde318265b90a63af3b92b0706,6b76f3bb98139bd84054294cebf89160afe822765e6b53998b6e5f12429a1357,30718b1b486380effd7b1cfea2860d277477b8909dc49eb8522afffbc6bc2b89,0418a77b7087897a0ead6e10b9da2953bfee2ad9da1470ca98b7664e364a3024,0418a77b7087897a0ead6e10b9da2953bfee2ad9da1470ca98b7664e364a3024,500000,500000,float,TRUE,TRUE,FALSE,FALSE,0,0,0,0
candidate,5,measure,1,1000000,random_half,6,add,1,typed_double,2,1130,0.32,0.320999999999998,1130,1,b6b60ef8bb430be90e7239dd64b807cda383733b1048ca6748094e19e1003f06,6d001f63d9ce5612a17ed6ff62e0d269d6d862dde318265b90a63af3b92b0706,355e852b13c998c602bf0f39fe137d5f8562900a8d72e8fba5a01d4d0efef67e,30718b1b486380effd7b1cfea2860d277477b8909dc49eb8522afffbc6bc2b89,e8c2c3714dfad8ccb787de83956aff6eadd8f5bf3b515e0083ff8aeca241ab2d,e8c2c3714dfad8ccb787de83956aff6eadd8f5bf3b515e0083ff8aeca241ab2d,500000,500000,double,FALSE,FALSE,FALSE,FALSE,0,0,0,0
candidate,5,measure,1,1000000,random_half,6,subtract,2,typed_double,1,926,0.267000000000003,0.266999999999996,926,1,b6b60ef8bb430be90e7239dd64b807cda383733b1048ca6748094e19e1003f06,6d001f63d9ce5612a17ed6ff62e0d269d6d862dde318265b90a63af3b92b0706,98bc8ff9af692ead61bb42ce3d313da378f7ebf5bea0cce023d0267baccfff00,30718b1b486380effd7b1cfea2860d277477b8909dc49eb8522afffbc6bc2b89,e8c2c3714dfad8ccb787de83956aff6eadd8f5bf3b515e0083ff8aeca241ab2d,e8c2c3714dfad8ccb787de83956aff6eadd8f5bf3b515e0083ff8aeca241ab2d,500000,500000,double,FALSE,FALSE,FALSE,FALSE,0,0,0,0
candidate,5,measure,1,1000000,random_half,6,subtract,2,compact,2,350,0.305,0.304000000000002,350,1,b6b60ef8bb430be90e7239dd64b807cda383733b1048ca6748094e19e1003f06,6d001f63d9ce5612a17ed6ff62e0d269d6d862dde318265b90a63af3b92b0706,0977e4c376f876f729091ad143045977b47f25c3e39f44906e53226792c66d09,30718b1b486380effd7b1cfea2860d277477b8909dc49eb8522afffbc6bc2b89,0418a77b7087897a0ead6e10b9da2953bfee2ad9da1470ca98b7664e364a3024,0418a77b7087897a0ead6e10b9da2953bfee2ad9da1470ca98b7664e364a3024,500000,500000,float,TRUE,TRUE,FALSE,FALSE,0,0,0,0
candidate,5,measure,1,1000000,random_half,6,multiply,3,compact,1,356,0.308999999999997,0.309999999999995,356,1,b6b60ef8bb430be90e7239dd64b807cda383733b1048ca6748094e19e1003f06,6d001f63d9ce5612a17ed6ff62e0d269d6d862dde318265b90a63af3b92b0706,52858cc82fe2d48b402afcf73363ef8dcad17f91b5684ffba771be6f6a6f4884,30718b1b486380effd7b1cfea2860d277477b8909dc49eb8522afffbc6bc2b89,0418a77b7087897a0ead6e10b9da2953bfee2ad9da1470ca98b7664e364a3024,0418a77b7087897a0ead6e10b9da2953bfee2ad9da1470ca98b7664e364a3024,500000,500000,float,TRUE,TRUE,FALSE,FALSE,0,0,0,0
candidate,5,measure,1,1000000,random_half,6,multiply,3,typed_double,2,1130,0.321,0.32,1130,1,b6b60ef8bb430be90e7239dd64b807cda383733b1048ca6748094e19e1003f06,6d001f63d9ce5612a17ed6ff62e0d269d6d862dde318265b90a63af3b92b0706,a884a5b937ac6944f0815b6c0e57bcd8e8abdfb5ca14ceb4c064ef23744bd71a,30718b1b486380effd7b1cfea2860d277477b8909dc49eb8522afffbc6bc2b89,e8c2c3714dfad8ccb787de83956aff6eadd8f5bf3b515e0083ff8aeca241ab2d,e8c2c3714dfad8ccb787de83956aff6eadd8f5bf3b515e0083ff8aeca241ab2d,500000,500000,double,FALSE,FALSE,FALSE,FALSE,0,0,0,0
candidate,5,measure,1,1000000,random_half,6,divide,4,typed_double,1,1053,0.318999999999998,0.317999999999998,1053,1,b6b60ef8bb430be90e7239dd64b807cda383733b1048ca6748094e19e1003f06,6d001f63d9ce5612a17ed6ff62e0d269d6d862dde318265b90a63af3b92b0706,86070650af7b970f08a28b072998cc372186bdf3df0092e4e49e8c1dc1d19b28,30718b1b486380effd7b1cfea2860d277477b8909dc49eb8522afffbc6bc2b89,e8c2c3714dfad8ccb787de83956aff6eadd8f5bf3b515e0083ff8aeca241ab2d,e8c2c3714dfad8ccb787de83956aff6eadd8f5bf3b515e0083ff8aeca241ab2d,500000,500000,double,FALSE,FALSE,FALSE,FALSE,0,0,0,0
candidate,5,measure,1,1000000,random_half,6,divide,4,compact,2,343,0.302,0.302,343,1,b6b60ef8bb430be90e7239dd64b807cda383733b1048ca6748094e19e1003f06,6d001f63d9ce5612a17ed6ff62e0d269d6d862dde318265b90a63af3b92b0706,bb079602e37003a78aadfca99fa018913b2b3fb8ec696feb7099fb65c1c7dba7,30718b1b486380effd7b1cfea2860d277477b8909dc49eb8522afffbc6bc2b89,0418a77b7087897a0ead6e10b9da2953bfee2ad9da1470ca98b7664e364a3024,0418a77b7087897a0ead6e10b9da2953bfee2ad9da1470ca98b7664e364a3024,500000,500000,float,TRUE,TRUE,FALSE,FALSE,0,0,0,0
candidate,5,measure,1,1000000,clustered_half,7,add,1,typed_double,1,915,0.244999999999997,0.245999999999995,915,1,72ac528b7e885a755c34618238a03ae8cbc5ab330977a6b32c5ef330e0b98c7e,1d3c0c5563242b6607a6592048dc2fa1826ff1863cf43d4f44d5fa490b045076,10a7942aa651223fed3ba69c8d2aa3fdfbdf7619c0d0a04415495c2c1363cfb8,dd210ce658e7870361ec32bb75f35c37ac9507b234668b988ee597b20b3a1a78,e8c2c3714dfad8ccb787de83956aff6eadd8f5bf3b515e0083ff8aeca241ab2d,e8c2c3714dfad8ccb787de83956aff6eadd8f5bf3b515e0083ff8aeca241ab2d,500000,500000,double,FALSE,FALSE,FALSE,FALSE,0,0,0,0
candidate,5,measure,1,1000000,clustered_half,7,add,1,compact,2,549,0.305,0.305,549,1,72ac528b7e885a755c34618238a03ae8cbc5ab330977a6b32c5ef330e0b98c7e,1d3c0c5563242b6607a6592048dc2fa1826ff1863cf43d4f44d5fa490b045076,07fcca5b3425dcf6e55ea639c22733cb77ff907a47716df8c52124e35bb9fbfe,dd210ce658e7870361ec32bb75f35c37ac9507b234668b988ee597b20b3a1a78,0418a77b7087897a0ead6e10b9da2953bfee2ad9da1470ca98b7664e364a3024,0418a77b7087897a0ead6e10b9da2953bfee2ad9da1470ca98b7664e364a3024,500000,500000,float,TRUE,TRUE,FALSE,FALSE,0,0,0,0
candidate,5,measure,1,1000000,clustered_half,7,subtract,2,compact,1,549,0.303,0.302,549,1,72ac528b7e885a755c34618238a03ae8cbc5ab330977a6b32c5ef330e0b98c7e,1d3c0c5563242b6607a6592048dc2fa1826ff1863cf43d4f44d5fa490b045076,c5697f922b38f8be8ef42932d64beda9530d73a109eb4f48cac5eafdeffa9db0,dd210ce658e7870361ec32bb75f35c37ac9507b234668b988ee597b20b3a1a78,0418a77b7087897a0ead6e10b9da2953bfee2ad9da1470ca98b7664e364a3024,0418a77b7087897a0ead6e10b9da2953bfee2ad9da1470ca98b7664e364a3024,500000,500000,float,TRUE,TRUE,FALSE,FALSE,0,0,0,0
candidate,5,measure,1,1000000,clustered_half,7,subtract,2,typed_double,2,1130,0.317999999999998,0.318999999999996,1130,1,72ac528b7e885a755c34618238a03ae8cbc5ab330977a6b32c5ef330e0b98c7e,1d3c0c5563242b6607a6592048dc2fa1826ff1863cf43d4f44d5fa490b045076,efc88c2b9e2fc69297972b13305d545bc9b98235585b8a7c69c650c492a2e23e,dd210ce658e7870361ec32bb75f35c37ac9507b234668b988ee597b20b3a1a78,e8c2c3714dfad8ccb787de83956aff6eadd8f5bf3b515e0083ff8aeca241ab2d,e8c2c3714dfad8ccb787de83956aff6eadd8f5bf3b515e0083ff8aeca241ab2d,500000,500000,double,FALSE,FALSE,FALSE,FALSE,0,0,0,0
candidate,5,measure,1,1000000,clustered_half,7,multiply,3,typed_double,1,915,0.244999999999997,0.244999999999997,915,1,72ac528b7e885a755c34618238a03ae8cbc5ab330977a6b32c5ef330e0b98c7e,1d3c0c5563242b6607a6592048dc2fa1826ff1863cf43d4f44d5fa490b045076,b02448e7f84965a509b54be4b2c0272a60a165169fe5758145eec27b2a1b2ea9,dd210ce658e7870361ec32bb75f35c37ac9507b234668b988ee597b20b3a1a78,e8c2c3714dfad8ccb787de83956aff6eadd8f5bf3b515e0083ff8aeca241ab2d,e8c2c3714dfad8ccb787de83956aff6eadd8f5bf3b515e0083ff8aeca241ab2d,500000,500000,double,FALSE,FALSE,FALSE,FALSE,0,0,0,0
candidate,5,measure,1,1000000,clustered_half,7,multiply,3,compact,2,549,0.315999999999998,0.316000000000003,549,1,72ac528b7e885a755c34618238a03ae8cbc5ab330977a6b32c5ef330e0b98c7e,1d3c0c5563242b6607a6592048dc2fa1826ff1863cf43d4f44d5fa490b045076,b58c64d8f49a32dd1252274eb6df288287216d753323b95dfecd81b377278935,dd210ce658e7870361ec32bb75f35c37ac9507b234668b988ee597b20b3a1a78,0418a77b7087897a0ead6e10b9da2953bfee2ad9da1470ca98b7664e364a3024,0418a77b7087897a0ead6e10b9da2953bfee2ad9da1470ca98b7664e364a3024,500000,500000,float,TRUE,TRUE,FALSE,FALSE,0,0,0,0
candidate,5,measure,1,1000000,clustered_half,7,divide,4,compact,1,534,0.302999999999997,0.302999999999997,534,1,72ac528b7e885a755c34618238a03ae8cbc5ab330977a6b32c5ef330e0b98c7e,1d3c0c5563242b6607a6592048dc2fa1826ff1863cf43d4f44d5fa490b045076,025bf67b4aa5cf89e617cc08318ce5582fde64d4e33795fb3801e492102fb360,dd210ce658e7870361ec32bb75f35c37ac9507b234668b988ee597b20b3a1a78,0418a77b7087897a0ead6e10b9da2953bfee2ad9da1470ca98b7664e364a3024,0418a77b7087897a0ead6e10b9da2953bfee2ad9da1470ca98b7664e364a3024,500000,500000,float,TRUE,TRUE,FALSE,FALSE,0,0,0,0
candidate,5,measure,1,1000000,clustered_half,7,divide,4,typed_double,2,1024,0.331000000000003,0.332000000000001,1024,1,72ac528b7e885a755c34618238a03ae8cbc5ab330977a6b32c5ef330e0b98c7e,1d3c0c5563242b6607a6592048dc2fa1826ff1863cf43d4f44d5fa490b045076,83160af0c1b32eeffbea7a7680fc8fa8824133bf2669b646c3c9a02500722fe9,dd210ce658e7870361ec32bb75f35c37ac9507b234668b988ee597b20b3a1a78,e8c2c3714dfad8ccb787de83956aff6eadd8f5bf3b515e0083ff8aeca241ab2d,e8c2c3714dfad8ccb787de83956aff6eadd8f5bf3b515e0083ff8aeca241ab2d,500000,500000,double,FALSE,FALSE,FALSE,FALSE,0,0,0,0
candidate,6,measure,1,1000000,prefix256,1,divide,1,compact,1,1082,0.315,0.315,1082,1,7672490e19c58995dd8bc09ade0a2a8bcde6085cc76a95e6a2a68b700e661547,4f6a42db5f898f2e6efd550a2d023a17ce9371fa2066ce4c64161c3c65910d42,39cde0f370deb96aa360cc51297f1425619fc62c5aab9cbf474c5077748c43e5,24b32a51b9e59fdea8ab6db43f52e06894c1eed7ca8d35368b7ddc611816face,0418a77b7087897a0ead6e10b9da2953bfee2ad9da1470ca98b7664e364a3024,0418a77b7087897a0ead6e10b9da2953bfee2ad9da1470ca98b7664e364a3024,256,256,float,TRUE,TRUE,FALSE,FALSE,0,0,0,0
candidate,6,measure,1,1000000,prefix256,1,divide,1,typed_double,2,844,0.283,0.284,844,1,7672490e19c58995dd8bc09ade0a2a8bcde6085cc76a95e6a2a68b700e661547,4f6a42db5f898f2e6efd550a2d023a17ce9371fa2066ce4c64161c3c65910d42,cc75681b846788b45e94e2a5045461a21454f1fb812a76825abfb8d5b8560046,24b32a51b9e59fdea8ab6db43f52e06894c1eed7ca8d35368b7ddc611816face,e8c2c3714dfad8ccb787de83956aff6eadd8f5bf3b515e0083ff8aeca241ab2d,e8c2c3714dfad8ccb787de83956aff6eadd8f5bf3b515e0083ff8aeca241ab2d,256,256,double,FALSE,FALSE,FALSE,FALSE,0,0,0,0
candidate,6,measure,1,1000000,prefix256,1,multiply,2,typed_double,1,904,0.281,0.281,904,1,7672490e19c58995dd8bc09ade0a2a8bcde6085cc76a95e6a2a68b700e661547,4f6a42db5f898f2e6efd550a2d023a17ce9371fa2066ce4c64161c3c65910d42,44482e5cfdd89b569428523af3f17c87ac60e33cc59106f6590833be57efd32f,24b32a51b9e59fdea8ab6db43f52e06894c1eed7ca8d35368b7ddc611816face,e8c2c3714dfad8ccb787de83956aff6eadd8f5bf3b515e0083ff8aeca241ab2d,e8c2c3714dfad8ccb787de83956aff6eadd8f5bf3b515e0083ff8aeca241ab2d,256,256,double,FALSE,FALSE,FALSE,FALSE,0,0,0,0
candidate,6,measure,1,1000000,prefix256,1,multiply,2,compact,2,1220,0.319,0.319,1220,1,7672490e19c58995dd8bc09ade0a2a8bcde6085cc76a95e6a2a68b700e661547,4f6a42db5f898f2e6efd550a2d023a17ce9371fa2066ce4c64161c3c65910d42,7293d547074b8526fbff0adf5afb6e1a4f7e9f73ad4fc0a17760046fa38599c5,24b32a51b9e59fdea8ab6db43f52e06894c1eed7ca8d35368b7ddc611816face,0418a77b7087897a0ead6e10b9da2953bfee2ad9da1470ca98b7664e364a3024,0418a77b7087897a0ead6e10b9da2953bfee2ad9da1470ca98b7664e364a3024,256,256,float,TRUE,TRUE,FALSE,FALSE,0,0,0,0
candidate,6,measure,1,1000000,prefix256,1,subtract,3,compact,1,1220,0.315999999999999,0.316,1220,1,7672490e19c58995dd8bc09ade0a2a8bcde6085cc76a95e6a2a68b700e661547,4f6a42db5f898f2e6efd550a2d023a17ce9371fa2066ce4c64161c3c65910d42,046b4f026f941f2c24556df139ea84930d72c2ac52f2bd782ad0fa6e0cb40f5c,24b32a51b9e59fdea8ab6db43f52e06894c1eed7ca8d35368b7ddc611816face,0418a77b7087897a0ead6e10b9da2953bfee2ad9da1470ca98b7664e364a3024,0418a77b7087897a0ead6e10b9da2953bfee2ad9da1470ca98b7664e364a3024,256,256,float,TRUE,TRUE,FALSE,FALSE,0,0,0,0
candidate,6,measure,1,1000000,prefix256,1,subtract,3,typed_double,2,904,0.263999999999999,0.264,904,1,7672490e19c58995dd8bc09ade0a2a8bcde6085cc76a95e6a2a68b700e661547,4f6a42db5f898f2e6efd550a2d023a17ce9371fa2066ce4c64161c3c65910d42,5c74a3463be8f702af0b2a265633cae455455452c94df3d1a717263f3099cfe8,24b32a51b9e59fdea8ab6db43f52e06894c1eed7ca8d35368b7ddc611816face,e8c2c3714dfad8ccb787de83956aff6eadd8f5bf3b515e0083ff8aeca241ab2d,e8c2c3714dfad8ccb787de83956aff6eadd8f5bf3b515e0083ff8aeca241ab2d,256,256,double,FALSE,FALSE,FALSE,FALSE,0,0,0,0
candidate,6,measure,1,1000000,prefix256,1,add,4,typed_double,1,1114,0.318,0.318,1114,1,7672490e19c58995dd8bc09ade0a2a8bcde6085cc76a95e6a2a68b700e661547,4f6a42db5f898f2e6efd550a2d023a17ce9371fa2066ce4c64161c3c65910d42,dd1e57fa4af2e69d9b2644cdfb6c2c9aaf27a0bfc4fbc9c2d12606357ab4fca3,24b32a51b9e59fdea8ab6db43f52e06894c1eed7ca8d35368b7ddc611816face,e8c2c3714dfad8ccb787de83956aff6eadd8f5bf3b515e0083ff8aeca241ab2d,e8c2c3714dfad8ccb787de83956aff6eadd8f5bf3b515e0083ff8aeca241ab2d,256,256,double,FALSE,FALSE,FALSE,FALSE,0,0,0,0
candidate,6,measure,1,1000000,prefix256,1,add,4,compact,2,1220,0.302,0.303,1220,1,7672490e19c58995dd8bc09ade0a2a8bcde6085cc76a95e6a2a68b700e661547,4f6a42db5f898f2e6efd550a2d023a17ce9371fa2066ce4c64161c3c65910d42,ecc47fd344083a74b5c7d619ec45d4e9d51ebcb1a601422a660eb8d9fbe7cb84,24b32a51b9e59fdea8ab6db43f52e06894c1eed7ca8d35368b7ddc611816face,0418a77b7087897a0ead6e10b9da2953bfee2ad9da1470ca98b7664e364a3024,0418a77b7087897a0ead6e10b9da2953bfee2ad9da1470ca98b7664e364a3024,256,256,float,TRUE,TRUE,FALSE,FALSE,0,0,0,0
candidate,6,measure,1,1000000,clustered_half,2,divide,1,typed_double,1,863,0.271,0.27,863,1,72ac528b7e885a755c34618238a03ae8cbc5ab330977a6b32c5ef330e0b98c7e,1d3c0c5563242b6607a6592048dc2fa1826ff1863cf43d4f44d5fa490b045076,83160af0c1b32eeffbea7a7680fc8fa8824133bf2669b646c3c9a02500722fe9,dd210ce658e7870361ec32bb75f35c37ac9507b234668b988ee597b20b3a1a78,e8c2c3714dfad8ccb787de83956aff6eadd8f5bf3b515e0083ff8aeca241ab2d,e8c2c3714dfad8ccb787de83956aff6eadd8f5bf3b515e0083ff8aeca241ab2d,500000,500000,double,FALSE,FALSE,FALSE,FALSE,0,0,0,0
candidate,6,measure,1,1000000,clustered_half,2,divide,1,compact,2,527,0.301,0.3,527,1,72ac528b7e885a755c34618238a03ae8cbc5ab330977a6b32c5ef330e0b98c7e,1d3c0c5563242b6607a6592048dc2fa1826ff1863cf43d4f44d5fa490b045076,025bf67b4aa5cf89e617cc08318ce5582fde64d4e33795fb3801e492102fb360,dd210ce658e7870361ec32bb75f35c37ac9507b234668b988ee597b20b3a1a78,0418a77b7087897a0ead6e10b9da2953bfee2ad9da1470ca98b7664e364a3024,0418a77b7087897a0ead6e10b9da2953bfee2ad9da1470ca98b7664e364a3024,500000,500000,float,TRUE,TRUE,FALSE,FALSE,0,0,0,0
candidate,6,measure,1,1000000,clustered_half,2,multiply,2,compact,1,541,0.299,0.299000000000001,541,1,72ac528b7e885a755c34618238a03ae8cbc5ab330977a6b32c5ef330e0b98c7e,1d3c0c5563242b6607a6592048dc2fa1826ff1863cf43d4f44d5fa490b045076,b58c64d8f49a32dd1252274eb6df288287216d753323b95dfecd81b377278935,dd210ce658e7870361ec32bb75f35c37ac9507b234668b988ee597b20b3a1a78,0418a77b7087897a0ead6e10b9da2953bfee2ad9da1470ca98b7664e364a3024,0418a77b7087897a0ead6e10b9da2953bfee2ad9da1470ca98b7664e364a3024,500000,500000,float,TRUE,TRUE,FALSE,FALSE,0,0,0,0
candidate,6,measure,1,1000000,clustered_half,2,multiply,2,typed_double,2,915,0.264999999999999,0.265000000000001,915,1,72ac528b7e885a755c34618238a03ae8cbc5ab330977a6b32c5ef330e0b98c7e,1d3c0c5563242b6607a6592048dc2fa1826ff1863cf43d4f44d5fa490b045076,b02448e7f84965a509b54be4b2c0272a60a165169fe5758145eec27b2a1b2ea9,dd210ce658e7870361ec32bb75f35c37ac9507b234668b988ee597b20b3a1a78,e8c2c3714dfad8ccb787de83956aff6eadd8f5bf3b515e0083ff8aeca241ab2d,e8c2c3714dfad8ccb787de83956aff6eadd8f5bf3b515e0083ff8aeca241ab2d,500000,500000,double,FALSE,FALSE,FALSE,FALSE,0,0,0,0
candidate,6,measure,1,1000000,clustered_half,2,subtract,3,typed_double,1,1114,0.318,0.317,1114,1,72ac528b7e885a755c34618238a03ae8cbc5ab330977a6b32c5ef330e0b98c7e,1d3c0c5563242b6607a6592048dc2fa1826ff1863cf43d4f44d5fa490b045076,efc88c2b9e2fc69297972b13305d545bc9b98235585b8a7c69c650c492a2e23e,dd210ce658e7870361ec32bb75f35c37ac9507b234668b988ee597b20b3a1a78,e8c2c3714dfad8ccb787de83956aff6eadd8f5bf3b515e0083ff8aeca241ab2d,e8c2c3714dfad8ccb787de83956aff6eadd8f5bf3b515e0083ff8aeca241ab2d,500000,500000,double,FALSE,FALSE,FALSE,FALSE,0,0,0,0
candidate,6,measure,1,1000000,clustered_half,2,subtract,3,compact,2,549,0.303999999999999,0.302999999999999,549,1,72ac528b7e885a755c34618238a03ae8cbc5ab330977a6b32c5ef330e0b98c7e,1d3c0c5563242b6607a6592048dc2fa1826ff1863cf43d4f44d5fa490b045076,c5697f922b38f8be8ef42932d64beda9530d73a109eb4f48cac5eafdeffa9db0,dd210ce658e7870361ec32bb75f35c37ac9507b234668b988ee597b20b3a1a78,0418a77b7087897a0ead6e10b9da2953bfee2ad9da1470ca98b7664e364a3024,0418a77b7087897a0ead6e10b9da2953bfee2ad9da1470ca98b7664e364a3024,500000,500000,float,TRUE,TRUE,FALSE,FALSE,0,0,0,0
candidate,6,measure,1,1000000,clustered_half,2,add,4,compact,1,549,0.305,0.302999999999999,549,1,72ac528b7e885a755c34618238a03ae8cbc5ab330977a6b32c5ef330e0b98c7e,1d3c0c5563242b6607a6592048dc2fa1826ff1863cf43d4f44d5fa490b045076,07fcca5b3425dcf6e55ea639c22733cb77ff907a47716df8c52124e35bb9fbfe,dd210ce658e7870361ec32bb75f35c37ac9507b234668b988ee597b20b3a1a78,0418a77b7087897a0ead6e10b9da2953bfee2ad9da1470ca98b7664e364a3024,0418a77b7087897a0ead6e10b9da2953bfee2ad9da1470ca98b7664e364a3024,500000,500000,float,TRUE,TRUE,FALSE,FALSE,0,0,0,0
candidate,6,measure,1,1000000,clustered_half,2,add,4,typed_double,2,1130,0.335999999999999,0.336,1130,1,72ac528b7e885a755c34618238a03ae8cbc5ab330977a6b32c5ef330e0b98c7e,1d3c0c5563242b6607a6592048dc2fa1826ff1863cf43d4f44d5fa490b045076,10a7942aa651223fed3ba69c8d2aa3fdfbdf7619c0d0a04415495c2c1363cfb8,dd210ce658e7870361ec32bb75f35c37ac9507b234668b988ee597b20b3a1a78,e8c2c3714dfad8ccb787de83956aff6eadd8f5bf3b515e0083ff8aeca241ab2d,e8c2c3714dfad8ccb787de83956aff6eadd8f5bf3b515e0083ff8aeca241ab2d,500000,500000,double,FALSE,FALSE,FALSE,FALSE,0,0,0,0
candidate,6,measure,1,1000000,random_half,3,divide,1,compact,1,343,0.299999999999999,0.300000000000001,343,1,b6b60ef8bb430be90e7239dd64b807cda383733b1048ca6748094e19e1003f06,6d001f63d9ce5612a17ed6ff62e0d269d6d862dde318265b90a63af3b92b0706,bb079602e37003a78aadfca99fa018913b2b3fb8ec696feb7099fb65c1c7dba7,30718b1b486380effd7b1cfea2860d277477b8909dc49eb8522afffbc6bc2b89,0418a77b7087897a0ead6e10b9da2953bfee2ad9da1470ca98b7664e364a3024,0418a77b7087897a0ead6e10b9da2953bfee2ad9da1470ca98b7664e364a3024,500000,500000,float,TRUE,TRUE,FALSE,FALSE,0,0,0,0
candidate,6,measure,1,1000000,random_half,3,divide,1,typed_double,2,1038,0.315,0.315,1038,1,b6b60ef8bb430be90e7239dd64b807cda383733b1048ca6748094e19e1003f06,6d001f63d9ce5612a17ed6ff62e0d269d6d862dde318265b90a63af3b92b0706,86070650af7b970f08a28b072998cc372186bdf3df0092e4e49e8c1dc1d19b28,30718b1b486380effd7b1cfea2860d277477b8909dc49eb8522afffbc6bc2b89,e8c2c3714dfad8ccb787de83956aff6eadd8f5bf3b515e0083ff8aeca241ab2d,e8c2c3714dfad8ccb787de83956aff6eadd8f5bf3b515e0083ff8aeca241ab2d,500000,500000,double,FALSE,FALSE,FALSE,FALSE,0,0,0,0
candidate,6,measure,1,1000000,random_half,3,multiply,2,typed_double,1,1130,0.334,0.334999999999999,1130,1,b6b60ef8bb430be90e7239dd64b807cda383733b1048ca6748094e19e1003f06,6d001f63d9ce5612a17ed6ff62e0d269d6d862dde318265b90a63af3b92b0706,a884a5b937ac6944f0815b6c0e57bcd8e8abdfb5ca14ceb4c064ef23744bd71a,30718b1b486380effd7b1cfea2860d277477b8909dc49eb8522afffbc6bc2b89,e8c2c3714dfad8ccb787de83956aff6eadd8f5bf3b515e0083ff8aeca241ab2d,e8c2c3714dfad8ccb787de83956aff6eadd8f5bf3b515e0083ff8aeca241ab2d,500000,500000,double,FALSE,FALSE,FALSE,FALSE,0,0,0,0
candidate,6,measure,1,1000000,random_half,3,multiply,2,compact,2,350,0.304999999999998,0.305,350,1,b6b60ef8bb430be90e7239dd64b807cda383733b1048ca6748094e19e1003f06,6d001f63d9ce5612a17ed6ff62e0d269d6d862dde318265b90a63af3b92b0706,52858cc82fe2d48b402afcf73363ef8dcad17f91b5684ffba771be6f6a6f4884,30718b1b486380effd7b1cfea2860d277477b8909dc49eb8522afffbc6bc2b89,0418a77b7087897a0ead6e10b9da2953bfee2ad9da1470ca98b7664e364a3024,0418a77b7087897a0ead6e10b9da2953bfee2ad9da1470ca98b7664e364a3024,500000,500000,float,TRUE,TRUE,FALSE,FALSE,0,0,0,0
candidate,6,measure,1,1000000,random_half,3,subtract,3,compact,1,350,0.304,0.303999999999998,350,1,b6b60ef8bb430be90e7239dd64b807cda383733b1048ca6748094e19e1003f06,6d001f63d9ce5612a17ed6ff62e0d269d6d862dde318265b90a63af3b92b0706,0977e4c376f876f729091ad143045977b47f25c3e39f44906e53226792c66d09,30718b1b486380effd7b1cfea2860d277477b8909dc49eb8522afffbc6bc2b89,0418a77b7087897a0ead6e10b9da2953bfee2ad9da1470ca98b7664e364a3024,0418a77b7087897a0ead6e10b9da2953bfee2ad9da1470ca98b7664e364a3024,500000,500000,float,TRUE,TRUE,FALSE,FALSE,0,0,0,0
candidate,6,measure,1,1000000,random_half,3,subtract,3,typed_double,2,1130,0.319000000000003,0.32,1130,1,b6b60ef8bb430be90e7239dd64b807cda383733b1048ca6748094e19e1003f06,6d001f63d9ce5612a17ed6ff62e0d269d6d862dde318265b90a63af3b92b0706,98bc8ff9af692ead61bb42ce3d313da378f7ebf5bea0cce023d0267baccfff00,30718b1b486380effd7b1cfea2860d277477b8909dc49eb8522afffbc6bc2b89,e8c2c3714dfad8ccb787de83956aff6eadd8f5bf3b515e0083ff8aeca241ab2d,e8c2c3714dfad8ccb787de83956aff6eadd8f5bf3b515e0083ff8aeca241ab2d,500000,500000,double,FALSE,FALSE,FALSE,FALSE,0,0,0,0
candidate,6,measure,1,1000000,random_half,3,add,4,typed_double,1,1147,0.320999999999998,0.321999999999999,1147,1,b6b60ef8bb430be90e7239dd64b807cda383733b1048ca6748094e19e1003f06,6d001f63d9ce5612a17ed6ff62e0d269d6d862dde318265b90a63af3b92b0706,355e852b13c998c602bf0f39fe137d5f8562900a8d72e8fba5a01d4d0efef67e,30718b1b486380effd7b1cfea2860d277477b8909dc49eb8522afffbc6bc2b89,e8c2c3714dfad8ccb787de83956aff6eadd8f5bf3b515e0083ff8aeca241ab2d,e8c2c3714dfad8ccb787de83956aff6eadd8f5bf3b515e0083ff8aeca241ab2d,500000,500000,double,FALSE,FALSE,FALSE,FALSE,0,0,0,0
candidate,6,measure,1,1000000,random_half,3,add,4,compact,2,350,0.306,0.306000000000001,350,1,b6b60ef8bb430be90e7239dd64b807cda383733b1048ca6748094e19e1003f06,6d001f63d9ce5612a17ed6ff62e0d269d6d862dde318265b90a63af3b92b0706,6b76f3bb98139bd84054294cebf89160afe822765e6b53998b6e5f12429a1357,30718b1b486380effd7b1cfea2860d277477b8909dc49eb8522afffbc6bc2b89,0418a77b7087897a0ead6e10b9da2953bfee2ad9da1470ca98b7664e364a3024,0418a77b7087897a0ead6e10b9da2953bfee2ad9da1470ca98b7664e364a3024,500000,500000,float,TRUE,TRUE,FALSE,FALSE,0,0,0,0
candidate,6,measure,1,1000000,sparse,4,divide,1,typed_double,1,1038,0.314,0.314,1038,1,8cb390f4310bb5332e9085281aa52e5236aecd65b982d0e3a7e9174fe845527e,4ff8e31f35ef7231c619440044b989f14d0c2459692ffaf4249d0c6f088eb1cd,b5e497d0bf0ffe91ebc90f020c1418218eae5cef8ab084b16638c31e0a7fd996,2c3d712c4b869db707211a9641b70f4fcf04eb0bc5000f397325e704b05a2a63,e8c2c3714dfad8ccb787de83956aff6eadd8f5bf3b515e0083ff8aeca241ab2d,e8c2c3714dfad8ccb787de83956aff6eadd8f5bf3b515e0083ff8aeca241ab2d,1003,1003,double,FALSE,FALSE,FALSE,FALSE,0,0,0,0
candidate,6,measure,1,1000000,sparse,4,divide,1,compact,2,949,0.318000000000001,0.318999999999999,949,1,8cb390f4310bb5332e9085281aa52e5236aecd65b982d0e3a7e9174fe845527e,4ff8e31f35ef7231c619440044b989f14d0c2459692ffaf4249d0c6f088eb1cd,7cd5af9e05a188d4704876cfdb85ac5034d3d5a1e396bdb3dfc44f37237baea7,2c3d712c4b869db707211a9641b70f4fcf04eb0bc5000f397325e704b05a2a63,0418a77b7087897a0ead6e10b9da2953bfee2ad9da1470ca98b7664e364a3024,0418a77b7087897a0ead6e10b9da2953bfee2ad9da1470ca98b7664e364a3024,1003,1003,float,TRUE,TRUE,FALSE,FALSE,0,0,0,0
candidate,6,measure,1,1000000,sparse,4,multiply,2,compact,1,894,0.291,0.291,894,1,8cb390f4310bb5332e9085281aa52e5236aecd65b982d0e3a7e9174fe845527e,4ff8e31f35ef7231c619440044b989f14d0c2459692ffaf4249d0c6f088eb1cd,c58bc992720c328eca610e60f8c3f93d7d61df77946cf51b8626b0d8b78368ef,2c3d712c4b869db707211a9641b70f4fcf04eb0bc5000f397325e704b05a2a63,0418a77b7087897a0ead6e10b9da2953bfee2ad9da1470ca98b7664e364a3024,0418a77b7087897a0ead6e10b9da2953bfee2ad9da1470ca98b7664e364a3024,1003,1003,float,TRUE,TRUE,FALSE,FALSE,0,0,0,0
candidate,6,measure,1,1000000,sparse,4,multiply,2,typed_double,2,1098,0.310000000000002,0.311,1098,1,8cb390f4310bb5332e9085281aa52e5236aecd65b982d0e3a7e9174fe845527e,4ff8e31f35ef7231c619440044b989f14d0c2459692ffaf4249d0c6f088eb1cd,ea87b3dd63bfda18195aef508608398181a11f876a570f6017c0c100c3497f49,2c3d712c4b869db707211a9641b70f4fcf04eb0bc5000f397325e704b05a2a63,e8c2c3714dfad8ccb787de83956aff6eadd8f5bf3b515e0083ff8aeca241ab2d,e8c2c3714dfad8ccb787de83956aff6eadd8f5bf3b515e0083ff8aeca241ab2d,1003,1003,double,FALSE,FALSE,FALSE,FALSE,0,0,0,0
candidate,6,measure,1,1000000,sparse,4,subtract,3,typed_double,1,915,0.262000000000003,0.263000000000002,915,1,8cb390f4310bb5332e9085281aa52e5236aecd65b982d0e3a7e9174fe845527e,4ff8e31f35ef7231c619440044b989f14d0c2459692ffaf4249d0c6f088eb1cd,5dbef6a14bd33ea02b60ee3c940050585fc891f61a49d29253c64524c4390951,2c3d712c4b869db707211a9641b70f4fcf04eb0bc5000f397325e704b05a2a63,e8c2c3714dfad8ccb787de83956aff6eadd8f5bf3b515e0083ff8aeca241ab2d,e8c2c3714dfad8ccb787de83956aff6eadd8f5bf3b515e0083ff8aeca241ab2d,1003,1003,double,FALSE,FALSE,FALSE,FALSE,0,0,0,0
candidate,6,measure,1,1000000,sparse,4,subtract,3,compact,2,1053,0.307000000000002,0.306999999999999,1053,1,8cb390f4310bb5332e9085281aa52e5236aecd65b982d0e3a7e9174fe845527e,4ff8e31f35ef7231c619440044b989f14d0c2459692ffaf4249d0c6f088eb1cd,7125e60e6e7d4c92d9ed561efe37cfccac1593072e770a4f8d2a58f04113d3ae,2c3d712c4b869db707211a9641b70f4fcf04eb0bc5000f397325e704b05a2a63,0418a77b7087897a0ead6e10b9da2953bfee2ad9da1470ca98b7664e364a3024,0418a77b7087897a0ead6e10b9da2953bfee2ad9da1470ca98b7664e364a3024,1003,1003,float,TRUE,TRUE,FALSE,FALSE,0,0,0,0
candidate,6,measure,1,1000000,sparse,4,add,4,compact,1,1038,0.302000000000003,0.302999999999997,1038,1,8cb390f4310bb5332e9085281aa52e5236aecd65b982d0e3a7e9174fe845527e,4ff8e31f35ef7231c619440044b989f14d0c2459692ffaf4249d0c6f088eb1cd,9c2be51cd37c2d7977f794fada049c7c9ccc4011c9f81b26e042008f01cdd93e,2c3d712c4b869db707211a9641b70f4fcf04eb0bc5000f397325e704b05a2a63,0418a77b7087897a0ead6e10b9da2953bfee2ad9da1470ca98b7664e364a3024,0418a77b7087897a0ead6e10b9da2953bfee2ad9da1470ca98b7664e364a3024,1003,1003,float,TRUE,TRUE,FALSE,FALSE,0,0,0,0
candidate,6,measure,1,1000000,sparse,4,add,4,typed_double,2,1147,0.338000000000001,0.339000000000002,1147,1,8cb390f4310bb5332e9085281aa52e5236aecd65b982d0e3a7e9174fe845527e,4ff8e31f35ef7231c619440044b989f14d0c2459692ffaf4249d0c6f088eb1cd,c79c2ec291260c6f8d03c327d90d493416937a3f3bc9b85742b51e17a8fb7647,2c3d712c4b869db707211a9641b70f4fcf04eb0bc5000f397325e704b05a2a63,e8c2c3714dfad8ccb787de83956aff6eadd8f5bf3b515e0083ff8aeca241ab2d,e8c2c3714dfad8ccb787de83956aff6eadd8f5bf3b515e0083ff8aeca241ab2d,1003,1003,double,FALSE,FALSE,FALSE,FALSE,0,0,0,0
candidate,6,measure,1,1000000,none,5,divide,1,typed_double,1,1053,0.319999999999999,0.32,1053,1,7f1c1a27229f7a699fa85ff90b5be1266497c462407b39b11f6d94015af8e8ad,8dbe5f139fd946d4cd84e8cc612cd9f68cbc87e394457884acc0c5dad56dd8dd,94a902460bdb0445cf55fb22367b59bd4ca3f1ff73823aa1758bd6c7f1b6b58d,8dbe5f139fd946d4cd84e8cc612cd9f68cbc87e394457884acc0c5dad56dd8dd,e8c2c3714dfad8ccb787de83956aff6eadd8f5bf3b515e0083ff8aeca241ab2d,e8c2c3714dfad8ccb787de83956aff6eadd8f5bf3b515e0083ff8aeca241ab2d,0,0,double,FALSE,FALSE,FALSE,FALSE,0,0,0,0
candidate,6,measure,1,1000000,none,5,divide,1,compact,2,1147,0.301999999999998,0.302,1147,1,7f1c1a27229f7a699fa85ff90b5be1266497c462407b39b11f6d94015af8e8ad,8dbe5f139fd946d4cd84e8cc612cd9f68cbc87e394457884acc0c5dad56dd8dd,1591013955a37eeca2ef03255d8659f041a956e2e6d6666478490b7f17a3ed59,8dbe5f139fd946d4cd84e8cc612cd9f68cbc87e394457884acc0c5dad56dd8dd,0418a77b7087897a0ead6e10b9da2953bfee2ad9da1470ca98b7664e364a3024,0418a77b7087897a0ead6e10b9da2953bfee2ad9da1470ca98b7664e364a3024,0,0,float,TRUE,TRUE,FALSE,FALSE,0,0,0,0
candidate,6,measure,1,1000000,none,5,divide,1,ordinary,3,1239,0.337,0.337,0,0,7f1c1a27229f7a699fa85ff90b5be1266497c462407b39b11f6d94015af8e8ad,8dbe5f139fd946d4cd84e8cc612cd9f68cbc87e394457884acc0c5dad56dd8dd,94a902460bdb0445cf55fb22367b59bd4ca3f1ff73823aa1758bd6c7f1b6b58d,8dbe5f139fd946d4cd84e8cc612cd9f68cbc87e394457884acc0c5dad56dd8dd,71557d1c8bac9bbe3cbec8d00bb223a2f372279827064095447e569fbf5a760a,71557d1c8bac9bbe3cbec8d00bb223a2f372279827064095447e569fbf5a760a,0,0,,FALSE,FALSE,FALSE,FALSE,0,0,0,0
candidate,6,measure,1,1000000,none,5,multiply,2,compact,1,1260,0.312000000000001,0.312999999999999,1260,1,7f1c1a27229f7a699fa85ff90b5be1266497c462407b39b11f6d94015af8e8ad,8dbe5f139fd946d4cd84e8cc612cd9f68cbc87e394457884acc0c5dad56dd8dd,72cc5cf98cf5a5166668db2e8420adb3bc862ec1b003fbdd7aeb0a9746f22870,8dbe5f139fd946d4cd84e8cc612cd9f68cbc87e394457884acc0c5dad56dd8dd,0418a77b7087897a0ead6e10b9da2953bfee2ad9da1470ca98b7664e364a3024,0418a77b7087897a0ead6e10b9da2953bfee2ad9da1470ca98b7664e364a3024,0,0,float,TRUE,TRUE,FALSE,FALSE,0,0,0,0
candidate,6,measure,1,1000000,none,5,multiply,2,ordinary,2,1239,0.335,0.335000000000001,0,0,7f1c1a27229f7a699fa85ff90b5be1266497c462407b39b11f6d94015af8e8ad,8dbe5f139fd946d4cd84e8cc612cd9f68cbc87e394457884acc0c5dad56dd8dd,f26b519d09797e4f4941392e4b52f307c71832f0aaad54da617e9078fe055e1c,8dbe5f139fd946d4cd84e8cc612cd9f68cbc87e394457884acc0c5dad56dd8dd,71557d1c8bac9bbe3cbec8d00bb223a2f372279827064095447e569fbf5a760a,71557d1c8bac9bbe3cbec8d00bb223a2f372279827064095447e569fbf5a760a,0,0,,FALSE,FALSE,FALSE,FALSE,0,0,0,0
candidate,6,measure,1,1000000,none,5,multiply,2,typed_double,3,1130,0.339000000000001,0.338999999999999,1130,1,7f1c1a27229f7a699fa85ff90b5be1266497c462407b39b11f6d94015af8e8ad,8dbe5f139fd946d4cd84e8cc612cd9f68cbc87e394457884acc0c5dad56dd8dd,f26b519d09797e4f4941392e4b52f307c71832f0aaad54da617e9078fe055e1c,8dbe5f139fd946d4cd84e8cc612cd9f68cbc87e394457884acc0c5dad56dd8dd,e8c2c3714dfad8ccb787de83956aff6eadd8f5bf3b515e0083ff8aeca241ab2d,e8c2c3714dfad8ccb787de83956aff6eadd8f5bf3b515e0083ff8aeca241ab2d,0,0,double,FALSE,FALSE,FALSE,FALSE,0,0,0,0
candidate,6,measure,1,1000000,none,5,subtract,3,compact,1,1281,0.303999999999998,0.305,1281,1,7f1c1a27229f7a699fa85ff90b5be1266497c462407b39b11f6d94015af8e8ad,8dbe5f139fd946d4cd84e8cc612cd9f68cbc87e394457884acc0c5dad56dd8dd,73750801b993e37ef9c262c8c6c20433be5d4f8f21bfd0757cae3f70c74eda3f,8dbe5f139fd946d4cd84e8cc612cd9f68cbc87e394457884acc0c5dad56dd8dd,0418a77b7087897a0ead6e10b9da2953bfee2ad9da1470ca98b7664e364a3024,0418a77b7087897a0ead6e10b9da2953bfee2ad9da1470ca98b7664e364a3024,0,0,float,TRUE,TRUE,FALSE,FALSE,0,0,0,0
candidate,6,measure,1,1000000,none,5,subtract,3,typed_double,2,904,0.261999999999999,0.262,904,1,7f1c1a27229f7a699fa85ff90b5be1266497c462407b39b11f6d94015af8e8ad,8dbe5f139fd946d4cd84e8cc612cd9f68cbc87e394457884acc0c5dad56dd8dd,13a3239df0a7d9c4766e9cb1022fe126007afc38c9539ef233ed4bf785d961fa,8dbe5f139fd946d4cd84e8cc612cd9f68cbc87e394457884acc0c5dad56dd8dd,e8c2c3714dfad8ccb787de83956aff6eadd8f5bf3b515e0083ff8aeca241ab2d,e8c2c3714dfad8ccb787de83956aff6eadd8f5bf3b515e0083ff8aeca241ab2d,0,0,double,FALSE,FALSE,FALSE,FALSE,0,0,0,0
candidate,6,measure,1,1000000,none,5,subtract,3,ordinary,3,1239,0.315999999999998,0.315000000000001,0,0,7f1c1a27229f7a699fa85ff90b5be1266497c462407b39b11f6d94015af8e8ad,8dbe5f139fd946d4cd84e8cc612cd9f68cbc87e394457884acc0c5dad56dd8dd,13a3239df0a7d9c4766e9cb1022fe126007afc38c9539ef233ed4bf785d961fa,8dbe5f139fd946d4cd84e8cc612cd9f68cbc87e394457884acc0c5dad56dd8dd,71557d1c8bac9bbe3cbec8d00bb223a2f372279827064095447e569fbf5a760a,71557d1c8bac9bbe3cbec8d00bb223a2f372279827064095447e569fbf5a760a,0,0,,FALSE,FALSE,FALSE,FALSE,0,0,0,0
candidate,6,measure,1,1000000,none,5,add,4,ordinary,1,998,0.268999999999998,0.268999999999998,0,0,7f1c1a27229f7a699fa85ff90b5be1266497c462407b39b11f6d94015af8e8ad,8dbe5f139fd946d4cd84e8cc612cd9f68cbc87e394457884acc0c5dad56dd8dd,292e89d47e6240bb2914ef7ad37d7e757276712199771e9df56100a008a8cb8c,8dbe5f139fd946d4cd84e8cc612cd9f68cbc87e394457884acc0c5dad56dd8dd,71557d1c8bac9bbe3cbec8d00bb223a2f372279827064095447e569fbf5a760a,71557d1c8bac9bbe3cbec8d00bb223a2f372279827064095447e569fbf5a760a,0,0,,FALSE,FALSE,FALSE,FALSE,0,0,0,0
candidate,6,measure,1,1000000,none,5,add,4,typed_double,2,1130,0.319000000000003,0.318999999999996,1130,1,7f1c1a27229f7a699fa85ff90b5be1266497c462407b39b11f6d94015af8e8ad,8dbe5f139fd946d4cd84e8cc612cd9f68cbc87e394457884acc0c5dad56dd8dd,292e89d47e6240bb2914ef7ad37d7e757276712199771e9df56100a008a8cb8c,8dbe5f139fd946d4cd84e8cc612cd9f68cbc87e394457884acc0c5dad56dd8dd,e8c2c3714dfad8ccb787de83956aff6eadd8f5bf3b515e0083ff8aeca241ab2d,e8c2c3714dfad8ccb787de83956aff6eadd8f5bf3b515e0083ff8aeca241ab2d,0,0,double,FALSE,FALSE,FALSE,FALSE,0,0,0,0
candidate,6,measure,1,1000000,none,5,add,4,compact,3,1280,0.327,0.326,1280,1,7f1c1a27229f7a699fa85ff90b5be1266497c462407b39b11f6d94015af8e8ad,8dbe5f139fd946d4cd84e8cc612cd9f68cbc87e394457884acc0c5dad56dd8dd,6f4e6deefcbd4cb8847d97ac43d7047c827b45b8a7d41e59355544434442b07b,8dbe5f139fd946d4cd84e8cc612cd9f68cbc87e394457884acc0c5dad56dd8dd,0418a77b7087897a0ead6e10b9da2953bfee2ad9da1470ca98b7664e364a3024,0418a77b7087897a0ead6e10b9da2953bfee2ad9da1470ca98b7664e364a3024,0,0,float,TRUE,TRUE,FALSE,FALSE,0,0,0,0
candidate,6,measure,1,1000000,all_tags,6,divide,1,compact,1,350,0.307999999999995,0.306999999999995,350,1,27ad0fd15ffcc1bf50ce4e82dc19749a5d76c28e5f77c0dfb2e1a0146023823c,74f9a5d0f01860a6547249f6205a49da91245cb9db41112e4e920b025218dd95,9ffc0380039738708c4659192475d1725e834e73fa28723ceb64d722b0994aef,1574ffadfcad3245cd83f3552908b258f1a96e142112f95cc2e77c92396da835,0418a77b7087897a0ead6e10b9da2953bfee2ad9da1470ca98b7664e364a3024,0418a77b7087897a0ead6e10b9da2953bfee2ad9da1470ca98b7664e364a3024,1000000,1000000,float,TRUE,TRUE,FALSE,FALSE,0,0,0,0
candidate,6,measure,1,1000000,all_tags,6,divide,1,typed_double,2,1053,0.318999999999996,0.32,1053,1,27ad0fd15ffcc1bf50ce4e82dc19749a5d76c28e5f77c0dfb2e1a0146023823c,74f9a5d0f01860a6547249f6205a49da91245cb9db41112e4e920b025218dd95,9ffc0380039738708c4659192475d1725e834e73fa28723ceb64d722b0994aef,1574ffadfcad3245cd83f3552908b258f1a96e142112f95cc2e77c92396da835,e8c2c3714dfad8ccb787de83956aff6eadd8f5bf3b515e0083ff8aeca241ab2d,e8c2c3714dfad8ccb787de83956aff6eadd8f5bf3b515e0083ff8aeca241ab2d,1000000,1000000,double,FALSE,FALSE,FALSE,FALSE,0,0,0,0
candidate,6,measure,1,1000000,all_tags,6,multiply,2,typed_double,1,1130,0.32,0.318999999999996,1130,1,27ad0fd15ffcc1bf50ce4e82dc19749a5d76c28e5f77c0dfb2e1a0146023823c,74f9a5d0f01860a6547249f6205a49da91245cb9db41112e4e920b025218dd95,9ffc0380039738708c4659192475d1725e834e73fa28723ceb64d722b0994aef,1574ffadfcad3245cd83f3552908b258f1a96e142112f95cc2e77c92396da835,e8c2c3714dfad8ccb787de83956aff6eadd8f5bf3b515e0083ff8aeca241ab2d,e8c2c3714dfad8ccb787de83956aff6eadd8f5bf3b515e0083ff8aeca241ab2d,1000000,1000000,double,FALSE,FALSE,FALSE,FALSE,0,0,0,0
candidate,6,measure,1,1000000,all_tags,6,multiply,2,compact,2,356,0.308999999999997,0.310000000000002,356,1,27ad0fd15ffcc1bf50ce4e82dc19749a5d76c28e5f77c0dfb2e1a0146023823c,74f9a5d0f01860a6547249f6205a49da91245cb9db41112e4e920b025218dd95,9ffc0380039738708c4659192475d1725e834e73fa28723ceb64d722b0994aef,1574ffadfcad3245cd83f3552908b258f1a96e142112f95cc2e77c92396da835,0418a77b7087897a0ead6e10b9da2953bfee2ad9da1470ca98b7664e364a3024,0418a77b7087897a0ead6e10b9da2953bfee2ad9da1470ca98b7664e364a3024,1000000,1000000,float,TRUE,TRUE,FALSE,FALSE,0,0,0,0
candidate,6,measure,1,1000000,all_tags,6,subtract,3,compact,1,350,0.305,0.305,350,1,27ad0fd15ffcc1bf50ce4e82dc19749a5d76c28e5f77c0dfb2e1a0146023823c,74f9a5d0f01860a6547249f6205a49da91245cb9db41112e4e920b025218dd95,9ffc0380039738708c4659192475d1725e834e73fa28723ceb64d722b0994aef,1574ffadfcad3245cd83f3552908b258f1a96e142112f95cc2e77c92396da835,0418a77b7087897a0ead6e10b9da2953bfee2ad9da1470ca98b7664e364a3024,0418a77b7087897a0ead6e10b9da2953bfee2ad9da1470ca98b7664e364a3024,1000000,1000000,float,TRUE,TRUE,FALSE,FALSE,0,0,0,0
candidate,6,measure,1,1000000,all_tags,6,subtract,3,typed_double,2,1130,0.323,0.322000000000003,1130,1,27ad0fd15ffcc1bf50ce4e82dc19749a5d76c28e5f77c0dfb2e1a0146023823c,74f9a5d0f01860a6547249f6205a49da91245cb9db41112e4e920b025218dd95,9ffc0380039738708c4659192475d1725e834e73fa28723ceb64d722b0994aef,1574ffadfcad3245cd83f3552908b258f1a96e142112f95cc2e77c92396da835,e8c2c3714dfad8ccb787de83956aff6eadd8f5bf3b515e0083ff8aeca241ab2d,e8c2c3714dfad8ccb787de83956aff6eadd8f5bf3b515e0083ff8aeca241ab2d,1000000,1000000,double,FALSE,FALSE,FALSE,FALSE,0,0,0,0
candidate,6,measure,1,1000000,all_tags,6,add,4,typed_double,1,1147,0.322999999999996,0.320999999999998,1147,1,27ad0fd15ffcc1bf50ce4e82dc19749a5d76c28e5f77c0dfb2e1a0146023823c,74f9a5d0f01860a6547249f6205a49da91245cb9db41112e4e920b025218dd95,9ffc0380039738708c4659192475d1725e834e73fa28723ceb64d722b0994aef,1574ffadfcad3245cd83f3552908b258f1a96e142112f95cc2e77c92396da835,e8c2c3714dfad8ccb787de83956aff6eadd8f5bf3b515e0083ff8aeca241ab2d,e8c2c3714dfad8ccb787de83956aff6eadd8f5bf3b515e0083ff8aeca241ab2d,1000000,1000000,double,FALSE,FALSE,FALSE,FALSE,0,0,0,0
candidate,6,measure,1,1000000,all_tags,6,add,4,compact,2,350,0.306000000000004,0.306000000000004,350,1,27ad0fd15ffcc1bf50ce4e82dc19749a5d76c28e5f77c0dfb2e1a0146023823c,74f9a5d0f01860a6547249f6205a49da91245cb9db41112e4e920b025218dd95,9ffc0380039738708c4659192475d1725e834e73fa28723ceb64d722b0994aef,1574ffadfcad3245cd83f3552908b258f1a96e142112f95cc2e77c92396da835,0418a77b7087897a0ead6e10b9da2953bfee2ad9da1470ca98b7664e364a3024,0418a77b7087897a0ead6e10b9da2953bfee2ad9da1470ca98b7664e364a3024,1000000,1000000,float,TRUE,TRUE,FALSE,FALSE,0,0,0,0
candidate,6,measure,1,1000000,suffix256,7,divide,1,typed_double,1,1024,0.330999999999996,0.331000000000003,1024,1,b38da76a0bf8f72e59074e4463b94231f873a1ddf7c027778214fc73daff29f4,9381174d5a5c0056365a99d2e08f017e8e0fb6180967a7e6d7598196faa41fe2,7b288c3a11028a99daad5072816bc596661252acce990ed434c1bcd8450082d9,7dd3c12d784e621bc75114205a7f98be85940c915e020c1372e35d98a1b271bc,e8c2c3714dfad8ccb787de83956aff6eadd8f5bf3b515e0083ff8aeca241ab2d,e8c2c3714dfad8ccb787de83956aff6eadd8f5bf3b515e0083ff8aeca241ab2d,256,256,double,FALSE,FALSE,FALSE,FALSE,0,0,0,0
candidate,6,measure,1,1000000,suffix256,7,divide,1,compact,2,1130,0.299999999999997,0.300000000000004,1130,1,b38da76a0bf8f72e59074e4463b94231f873a1ddf7c027778214fc73daff29f4,9381174d5a5c0056365a99d2e08f017e8e0fb6180967a7e6d7598196faa41fe2,24114da746c52d603149cc8b90e4df0716cbe88e43c70d8530cbb83c03917cd5,7dd3c12d784e621bc75114205a7f98be85940c915e020c1372e35d98a1b271bc,0418a77b7087897a0ead6e10b9da2953bfee2ad9da1470ca98b7664e364a3024,0418a77b7087897a0ead6e10b9da2953bfee2ad9da1470ca98b7664e364a3024,256,256,float,TRUE,TRUE,FALSE,FALSE,0,0,0,0
candidate,6,measure,1,1000000,suffix256,7,multiply,2,compact,1,1281,0.32,0.320999999999998,1281,1,b38da76a0bf8f72e59074e4463b94231f873a1ddf7c027778214fc73daff29f4,9381174d5a5c0056365a99d2e08f017e8e0fb6180967a7e6d7598196faa41fe2,bbb0344652a96cc23ac4f06e9785146860bfbd677c72c0edcd2f8c3580d560de,7dd3c12d784e621bc75114205a7f98be85940c915e020c1372e35d98a1b271bc,0418a77b7087897a0ead6e10b9da2953bfee2ad9da1470ca98b7664e364a3024,0418a77b7087897a0ead6e10b9da2953bfee2ad9da1470ca98b7664e364a3024,256,256,float,TRUE,TRUE,FALSE,FALSE,0,0,0,0
candidate,6,measure,1,1000000,suffix256,7,multiply,2,typed_double,2,1114,0.335999999999994,0.335999999999999,1114,1,b38da76a0bf8f72e59074e4463b94231f873a1ddf7c027778214fc73daff29f4,9381174d5a5c0056365a99d2e08f017e8e0fb6180967a7e6d7598196faa41fe2,be18b0001d95c130e93bb80d453f927c725dc11a02c22824fd092ee8adb88f8c,7dd3c12d784e621bc75114205a7f98be85940c915e020c1372e35d98a1b271bc,e8c2c3714dfad8ccb787de83956aff6eadd8f5bf3b515e0083ff8aeca241ab2d,e8c2c3714dfad8ccb787de83956aff6eadd8f5bf3b515e0083ff8aeca241ab2d,256,256,double,FALSE,FALSE,FALSE,FALSE,0,0,0,0
candidate,6,measure,1,1000000,suffix256,7,subtract,3,typed_double,1,1114,0.336999999999999,0.335999999999999,1114,1,b38da76a0bf8f72e59074e4463b94231f873a1ddf7c027778214fc73daff29f4,9381174d5a5c0056365a99d2e08f017e8e0fb6180967a7e6d7598196faa41fe2,902119eaaa7bebe54be150b29f406b8cf060a7b96185baaf79c97e14dad3f863,7dd3c12d784e621bc75114205a7f98be85940c915e020c1372e35d98a1b271bc,e8c2c3714dfad8ccb787de83956aff6eadd8f5bf3b515e0083ff8aeca241ab2d,e8c2c3714dfad8ccb787de83956aff6eadd8f5bf3b515e0083ff8aeca241ab2d,256,256,double,FALSE,FALSE,FALSE,FALSE,0,0,0,0
candidate,6,measure,1,1000000,suffix256,7,subtract,3,compact,2,1280,0.305,0.305,1280,1,b38da76a0bf8f72e59074e4463b94231f873a1ddf7c027778214fc73daff29f4,9381174d5a5c0056365a99d2e08f017e8e0fb6180967a7e6d7598196faa41fe2,2e8b9a52242656d84d6c914b5187c8ff371ed496c9ac68c5265226a85c7c63ce,7dd3c12d784e621bc75114205a7f98be85940c915e020c1372e35d98a1b271bc,0418a77b7087897a0ead6e10b9da2953bfee2ad9da1470ca98b7664e364a3024,0418a77b7087897a0ead6e10b9da2953bfee2ad9da1470ca98b7664e364a3024,256,256,float,TRUE,TRUE,FALSE,FALSE,0,0,0,0
candidate,6,measure,1,1000000,suffix256,7,add,4,compact,1,1281,0.318,0.317999999999998,1281,1,b38da76a0bf8f72e59074e4463b94231f873a1ddf7c027778214fc73daff29f4,9381174d5a5c0056365a99d2e08f017e8e0fb6180967a7e6d7598196faa41fe2,0bffebdab0ac6248f91ba88e1cb34ad47800183c79febee2181a94085774e5f8,7dd3c12d784e621bc75114205a7f98be85940c915e020c1372e35d98a1b271bc,0418a77b7087897a0ead6e10b9da2953bfee2ad9da1470ca98b7664e364a3024,0418a77b7087897a0ead6e10b9da2953bfee2ad9da1470ca98b7664e364a3024,256,256,float,TRUE,TRUE,FALSE,FALSE,0,0,0,0
candidate,6,measure,1,1000000,suffix256,7,add,4,typed_double,2,1098,0.330999999999998,0.330999999999996,1098,1,b38da76a0bf8f72e59074e4463b94231f873a1ddf7c027778214fc73daff29f4,9381174d5a5c0056365a99d2e08f017e8e0fb6180967a7e6d7598196faa41fe2,7326157ff492d94ccc459e73dd7161eb5f07a6c0e7ac687c3b8c4bdceab43d2e,7dd3c12d784e621bc75114205a7f98be85940c915e020c1372e35d98a1b271bc,e8c2c3714dfad8ccb787de83956aff6eadd8f5bf3b515e0083ff8aeca241ab2d,e8c2c3714dfad8ccb787de83956aff6eadd8f5bf3b515e0083ff8aeca241ab2d,256,256,double,FALSE,FALSE,FALSE,FALSE,0,0,0,0
baseline,6,measure,1,1000000,prefix256,1,divide,1,compact,1,527,0.299,0.3,527,1,7672490e19c58995dd8bc09ade0a2a8bcde6085cc76a95e6a2a68b700e661547,4f6a42db5f898f2e6efd550a2d023a17ce9371fa2066ce4c64161c3c65910d42,39cde0f370deb96aa360cc51297f1425619fc62c5aab9cbf474c5077748c43e5,24b32a51b9e59fdea8ab6db43f52e06894c1eed7ca8d35368b7ddc611816face,0418a77b7087897a0ead6e10b9da2953bfee2ad9da1470ca98b7664e364a3024,0418a77b7087897a0ead6e10b9da2953bfee2ad9da1470ca98b7664e364a3024,256,256,float,TRUE,TRUE,FALSE,FALSE,0,0,0,0
baseline,6,measure,1,1000000,prefix256,1,divide,1,typed_double,2,725,0.233,0.234,725,1,7672490e19c58995dd8bc09ade0a2a8bcde6085cc76a95e6a2a68b700e661547,4f6a42db5f898f2e6efd550a2d023a17ce9371fa2066ce4c64161c3c65910d42,cc75681b846788b45e94e2a5045461a21454f1fb812a76825abfb8d5b8560046,24b32a51b9e59fdea8ab6db43f52e06894c1eed7ca8d35368b7ddc611816face,e8c2c3714dfad8ccb787de83956aff6eadd8f5bf3b515e0083ff8aeca241ab2d,e8c2c3714dfad8ccb787de83956aff6eadd8f5bf3b515e0083ff8aeca241ab2d,256,256,double,FALSE,FALSE,FALSE,FALSE,0,0,0,0
baseline,6,measure,1,1000000,prefix256,1,multiply,2,typed_double,1,1098,0.351,0.351,1098,1,7672490e19c58995dd8bc09ade0a2a8bcde6085cc76a95e6a2a68b700e661547,4f6a42db5f898f2e6efd550a2d023a17ce9371fa2066ce4c64161c3c65910d42,44482e5cfdd89b569428523af3f17c87ac60e33cc59106f6590833be57efd32f,24b32a51b9e59fdea8ab6db43f52e06894c1eed7ca8d35368b7ddc611816face,e8c2c3714dfad8ccb787de83956aff6eadd8f5bf3b515e0083ff8aeca241ab2d,e8c2c3714dfad8ccb787de83956aff6eadd8f5bf3b515e0083ff8aeca241ab2d,256,256,double,FALSE,FALSE,FALSE,FALSE,0,0,0,0
baseline,6,measure,1,1000000,prefix256,1,multiply,2,compact,2,549,0.3,0.301,549,1,7672490e19c58995dd8bc09ade0a2a8bcde6085cc76a95e6a2a68b700e661547,4f6a42db5f898f2e6efd550a2d023a17ce9371fa2066ce4c64161c3c65910d42,7293d547074b8526fbff0adf5afb6e1a4f7e9f73ad4fc0a17760046fa38599c5,24b32a51b9e59fdea8ab6db43f52e06894c1eed7ca8d35368b7ddc611816face,0418a77b7087897a0ead6e10b9da2953bfee2ad9da1470ca98b7664e364a3024,0418a77b7087897a0ead6e10b9da2953bfee2ad9da1470ca98b7664e364a3024,256,256,float,TRUE,TRUE,FALSE,FALSE,0,0,0,0
baseline,6,measure,1,1000000,prefix256,1,subtract,3,compact,1,549,0.3,0.3,549,1,7672490e19c58995dd8bc09ade0a2a8bcde6085cc76a95e6a2a68b700e661547,4f6a42db5f898f2e6efd550a2d023a17ce9371fa2066ce4c64161c3c65910d42,046b4f026f941f2c24556df139ea84930d72c2ac52f2bd782ad0fa6e0cb40f5c,24b32a51b9e59fdea8ab6db43f52e06894c1eed7ca8d35368b7ddc611816face,0418a77b7087897a0ead6e10b9da2953bfee2ad9da1470ca98b7664e364a3024,0418a77b7087897a0ead6e10b9da2953bfee2ad9da1470ca98b7664e364a3024,256,256,float,TRUE,TRUE,FALSE,FALSE,0,0,0,0
baseline,6,measure,1,1000000,prefix256,1,subtract,3,typed_double,2,926,0.286,0.285,926,1,7672490e19c58995dd8bc09ade0a2a8bcde6085cc76a95e6a2a68b700e661547,4f6a42db5f898f2e6efd550a2d023a17ce9371fa2066ce4c64161c3c65910d42,5c74a3463be8f702af0b2a265633cae455455452c94df3d1a717263f3099cfe8,24b32a51b9e59fdea8ab6db43f52e06894c1eed7ca8d35368b7ddc611816face,e8c2c3714dfad8ccb787de83956aff6eadd8f5bf3b515e0083ff8aeca241ab2d,e8c2c3714dfad8ccb787de83956aff6eadd8f5bf3b515e0083ff8aeca241ab2d,256,256,double,FALSE,FALSE,FALSE,FALSE,0,0,0,0
baseline,6,measure,1,1000000,prefix256,1,add,4,typed_double,1,904,0.263,0.264,904,1,7672490e19c58995dd8bc09ade0a2a8bcde6085cc76a95e6a2a68b700e661547,4f6a42db5f898f2e6efd550a2d023a17ce9371fa2066ce4c64161c3c65910d42,dd1e57fa4af2e69d9b2644cdfb6c2c9aaf27a0bfc4fbc9c2d12606357ab4fca3,24b32a51b9e59fdea8ab6db43f52e06894c1eed7ca8d35368b7ddc611816face,e8c2c3714dfad8ccb787de83956aff6eadd8f5bf3b515e0083ff8aeca241ab2d,e8c2c3714dfad8ccb787de83956aff6eadd8f5bf3b515e0083ff8aeca241ab2d,256,256,double,FALSE,FALSE,FALSE,FALSE,0,0,0,0
baseline,6,measure,1,1000000,prefix256,1,add,4,compact,2,549,0.32,0.321,549,1,7672490e19c58995dd8bc09ade0a2a8bcde6085cc76a95e6a2a68b700e661547,4f6a42db5f898f2e6efd550a2d023a17ce9371fa2066ce4c64161c3c65910d42,ecc47fd344083a74b5c7d619ec45d4e9d51ebcb1a601422a660eb8d9fbe7cb84,24b32a51b9e59fdea8ab6db43f52e06894c1eed7ca8d35368b7ddc611816face,0418a77b7087897a0ead6e10b9da2953bfee2ad9da1470ca98b7664e364a3024,0418a77b7087897a0ead6e10b9da2953bfee2ad9da1470ca98b7664e364a3024,256,256,float,TRUE,TRUE,FALSE,FALSE,0,0,0,0
baseline,6,measure,1,1000000,clustered_half,2,divide,1,typed_double,1,998,0.325,0.326,998,1,72ac528b7e885a755c34618238a03ae8cbc5ab330977a6b32c5ef330e0b98c7e,1d3c0c5563242b6607a6592048dc2fa1826ff1863cf43d4f44d5fa490b045076,83160af0c1b32eeffbea7a7680fc8fa8824133bf2669b646c3c9a02500722fe9,dd210ce658e7870361ec32bb75f35c37ac9507b234668b988ee597b20b3a1a78,e8c2c3714dfad8ccb787de83956aff6eadd8f5bf3b515e0083ff8aeca241ab2d,e8c2c3714dfad8ccb787de83956aff6eadd8f5bf3b515e0083ff8aeca241ab2d,500000,500000,double,FALSE,FALSE,FALSE,FALSE,0,0,0,0
baseline,6,measure,1,1000000,clustered_half,2,divide,1,compact,2,534,0.303,0.303,534,1,72ac528b7e885a755c34618238a03ae8cbc5ab330977a6b32c5ef330e0b98c7e,1d3c0c5563242b6607a6592048dc2fa1826ff1863cf43d4f44d5fa490b045076,025bf67b4aa5cf89e617cc08318ce5582fde64d4e33795fb3801e492102fb360,dd210ce658e7870361ec32bb75f35c37ac9507b234668b988ee597b20b3a1a78,0418a77b7087897a0ead6e10b9da2953bfee2ad9da1470ca98b7664e364a3024,0418a77b7087897a0ead6e10b9da2953bfee2ad9da1470ca98b7664e364a3024,500000,500000,float,TRUE,TRUE,FALSE,FALSE,0,0,0,0
baseline,6,measure,1,1000000,clustered_half,2,multiply,2,compact,1,557,0.318,0.318,557,1,72ac528b7e885a755c34618238a03ae8cbc5ab330977a6b32c5ef330e0b98c7e,1d3c0c5563242b6607a6592048dc2fa1826ff1863cf43d4f44d5fa490b045076,b58c64d8f49a32dd1252274eb6df288287216d753323b95dfecd81b377278935,dd210ce658e7870361ec32bb75f35c37ac9507b234668b988ee597b20b3a1a78,0418a77b7087897a0ead6e10b9da2953bfee2ad9da1470ca98b7664e364a3024,0418a77b7087897a0ead6e10b9da2953bfee2ad9da1470ca98b7664e364a3024,500000,500000,float,TRUE,TRUE,FALSE,FALSE,0,0,0,0
baseline,6,measure,1,1000000,clustered_half,2,multiply,2,typed_double,2,1098,0.334,0.334,1098,1,72ac528b7e885a755c34618238a03ae8cbc5ab330977a6b32c5ef330e0b98c7e,1d3c0c5563242b6607a6592048dc2fa1826ff1863cf43d4f44d5fa490b045076,b02448e7f84965a509b54be4b2c0272a60a165169fe5758145eec27b2a1b2ea9,dd210ce658e7870361ec32bb75f35c37ac9507b234668b988ee597b20b3a1a78,e8c2c3714dfad8ccb787de83956aff6eadd8f5bf3b515e0083ff8aeca241ab2d,e8c2c3714dfad8ccb787de83956aff6eadd8f5bf3b515e0083ff8aeca241ab2d,500000,500000,double,FALSE,FALSE,FALSE,FALSE,0,0,0,0
baseline,6,measure,1,1000000,clustered_half,2,subtract,3,typed_double,1,1098,0.332,0.332000000000001,1098,1,72ac528b7e885a755c34618238a03ae8cbc5ab330977a6b32c5ef330e0b98c7e,1d3c0c5563242b6607a6592048dc2fa1826ff1863cf43d4f44d5fa490b045076,efc88c2b9e2fc69297972b13305d545bc9b98235585b8a7c69c650c492a2e23e,dd210ce658e7870361ec32bb75f35c37ac9507b234668b988ee597b20b3a1a78,e8c2c3714dfad8ccb787de83956aff6eadd8f5bf3b515e0083ff8aeca241ab2d,e8c2c3714dfad8ccb787de83956aff6eadd8f5bf3b515e0083ff8aeca241ab2d,500000,500000,double,FALSE,FALSE,FALSE,FALSE,0,0,0,0
baseline,6,measure,1,1000000,clustered_half,2,subtract,3,compact,2,549,0.299,0.299,549,1,72ac528b7e885a755c34618238a03ae8cbc5ab330977a6b32c5ef330e0b98c7e,1d3c0c5563242b6607a6592048dc2fa1826ff1863cf43d4f44d5fa490b045076,c5697f922b38f8be8ef42932d64beda9530d73a109eb4f48cac5eafdeffa9db0,dd210ce658e7870361ec32bb75f35c37ac9507b234668b988ee597b20b3a1a78,0418a77b7087897a0ead6e10b9da2953bfee2ad9da1470ca98b7664e364a3024,0418a77b7087897a0ead6e10b9da2953bfee2ad9da1470ca98b7664e364a3024,500000,500000,float,TRUE,TRUE,FALSE,FALSE,0,0,0,0
baseline,6,measure,1,1000000,clustered_half,2,add,4,compact,1,557,0.302,0.303000000000001,557,1,72ac528b7e885a755c34618238a03ae8cbc5ab330977a6b32c5ef330e0b98c7e,1d3c0c5563242b6607a6592048dc2fa1826ff1863cf43d4f44d5fa490b045076,07fcca5b3425dcf6e55ea639c22733cb77ff907a47716df8c52124e35bb9fbfe,dd210ce658e7870361ec32bb75f35c37ac9507b234668b988ee597b20b3a1a78,0418a77b7087897a0ead6e10b9da2953bfee2ad9da1470ca98b7664e364a3024,0418a77b7087897a0ead6e10b9da2953bfee2ad9da1470ca98b7664e364a3024,500000,500000,float,TRUE,TRUE,FALSE,FALSE,0,0,0,0
baseline,6,measure,1,1000000,clustered_half,2,add,4,typed_double,2,904,0.264,0.263999999999999,904,1,72ac528b7e885a755c34618238a03ae8cbc5ab330977a6b32c5ef330e0b98c7e,1d3c0c5563242b6607a6592048dc2fa1826ff1863cf43d4f44d5fa490b045076,10a7942aa651223fed3ba69c8d2aa3fdfbdf7619c0d0a04415495c2c1363cfb8,dd210ce658e7870361ec32bb75f35c37ac9507b234668b988ee597b20b3a1a78,e8c2c3714dfad8ccb787de83956aff6eadd8f5bf3b515e0083ff8aeca241ab2d,e8c2c3714dfad8ccb787de83956aff6eadd8f5bf3b515e0083ff8aeca241ab2d,500000,500000,double,FALSE,FALSE,FALSE,FALSE,0,0,0,0
baseline,6,measure,1,1000000,random_half,3,divide,1,compact,1,534,0.301999999999998,0.301,534,1,b6b60ef8bb430be90e7239dd64b807cda383733b1048ca6748094e19e1003f06,6d001f63d9ce5612a17ed6ff62e0d269d6d862dde318265b90a63af3b92b0706,bb079602e37003a78aadfca99fa018913b2b3fb8ec696feb7099fb65c1c7dba7,30718b1b486380effd7b1cfea2860d277477b8909dc49eb8522afffbc6bc2b89,0418a77b7087897a0ead6e10b9da2953bfee2ad9da1470ca98b7664e364a3024,0418a77b7087897a0ead6e10b9da2953bfee2ad9da1470ca98b7664e364a3024,500000,500000,float,TRUE,TRUE,FALSE,FALSE,0,0,0,0
baseline,6,measure,1,1000000,random_half,3,divide,1,typed_double,2,863,0.269000000000001,0.267999999999999,863,1,b6b60ef8bb430be90e7239dd64b807cda383733b1048ca6748094e19e1003f06,6d001f63d9ce5612a17ed6ff62e0d269d6d862dde318265b90a63af3b92b0706,86070650af7b970f08a28b072998cc372186bdf3df0092e4e49e8c1dc1d19b28,30718b1b486380effd7b1cfea2860d277477b8909dc49eb8522afffbc6bc2b89,e8c2c3714dfad8ccb787de83956aff6eadd8f5bf3b515e0083ff8aeca241ab2d,e8c2c3714dfad8ccb787de83956aff6eadd8f5bf3b515e0083ff8aeca241ab2d,500000,500000,double,FALSE,FALSE,FALSE,FALSE,0,0,0,0
baseline,6,measure,1,1000000,random_half,3,multiply,2,typed_double,1,1114,0.318999999999999,0.32,1114,1,b6b60ef8bb430be90e7239dd64b807cda383733b1048ca6748094e19e1003f06,6d001f63d9ce5612a17ed6ff62e0d269d6d862dde318265b90a63af3b92b0706,a884a5b937ac6944f0815b6c0e57bcd8e8abdfb5ca14ceb4c064ef23744bd71a,30718b1b486380effd7b1cfea2860d277477b8909dc49eb8522afffbc6bc2b89,e8c2c3714dfad8ccb787de83956aff6eadd8f5bf3b515e0083ff8aeca241ab2d,e8c2c3714dfad8ccb787de83956aff6eadd8f5bf3b515e0083ff8aeca241ab2d,500000,500000,double,FALSE,FALSE,FALSE,FALSE,0,0,0,0
baseline,6,measure,1,1000000,random_half,3,multiply,2,compact,2,557,0.315,0.315,557,1,b6b60ef8bb430be90e7239dd64b807cda383733b1048ca6748094e19e1003f06,6d001f63d9ce5612a17ed6ff62e0d269d6d862dde318265b90a63af3b92b0706,52858cc82fe2d48b402afcf73363ef8dcad17f91b5684ffba771be6f6a6f4884,30718b1b486380effd7b1cfea2860d277477b8909dc49eb8522afffbc6bc2b89,0418a77b7087897a0ead6e10b9da2953bfee2ad9da1470ca98b7664e364a3024,0418a77b7087897a0ead6e10b9da2953bfee2ad9da1470ca98b7664e364a3024,500000,500000,float,TRUE,TRUE,FALSE,FALSE,0,0,0,0
baseline,6,measure,1,1000000,random_half,3,subtract,3,compact,1,557,0.303,0.302999999999999,557,1,b6b60ef8bb430be90e7239dd64b807cda383733b1048ca6748094e19e1003f06,6d001f63d9ce5612a17ed6ff62e0d269d6d862dde318265b90a63af3b92b0706,0977e4c376f876f729091ad143045977b47f25c3e39f44906e53226792c66d09,30718b1b486380effd7b1cfea2860d277477b8909dc49eb8522afffbc6bc2b89,0418a77b7087897a0ead6e10b9da2953bfee2ad9da1470ca98b7664e364a3024,0418a77b7087897a0ead6e10b9da2953bfee2ad9da1470ca98b7664e364a3024,500000,500000,float,TRUE,TRUE,FALSE,FALSE,0,0,0,0
baseline,6,measure,1,1000000,random_half,3,subtract,3,typed_double,2,1114,0.315000000000001,0.314999999999998,1114,1,b6b60ef8bb430be90e7239dd64b807cda383733b1048ca6748094e19e1003f06,6d001f63d9ce5612a17ed6ff62e0d269d6d862dde318265b90a63af3b92b0706,98bc8ff9af692ead61bb42ce3d313da378f7ebf5bea0cce023d0267baccfff00,30718b1b486380effd7b1cfea2860d277477b8909dc49eb8522afffbc6bc2b89,e8c2c3714dfad8ccb787de83956aff6eadd8f5bf3b515e0083ff8aeca241ab2d,e8c2c3714dfad8ccb787de83956aff6eadd8f5bf3b515e0083ff8aeca241ab2d,500000,500000,double,FALSE,FALSE,FALSE,FALSE,0,0,0,0
baseline,6,measure,1,1000000,random_half,3,add,4,typed_double,1,915,0.262999999999998,0.263000000000002,915,1,b6b60ef8bb430be90e7239dd64b807cda383733b1048ca6748094e19e1003f06,6d001f63d9ce5612a17ed6ff62e0d269d6d862dde318265b90a63af3b92b0706,355e852b13c998c602bf0f39fe137d5f8562900a8d72e8fba5a01d4d0efef67e,30718b1b486380effd7b1cfea2860d277477b8909dc49eb8522afffbc6bc2b89,e8c2c3714dfad8ccb787de83956aff6eadd8f5bf3b515e0083ff8aeca241ab2d,e8c2c3714dfad8ccb787de83956aff6eadd8f5bf3b515e0083ff8aeca241ab2d,500000,500000,double,FALSE,FALSE,FALSE,FALSE,0,0,0,0
baseline,6,measure,1,1000000,random_half,3,add,4,compact,2,557,0.302999999999997,0.302999999999997,557,1,b6b60ef8bb430be90e7239dd64b807cda383733b1048ca6748094e19e1003f06,6d001f63d9ce5612a17ed6ff62e0d269d6d862dde318265b90a63af3b92b0706,6b76f3bb98139bd84054294cebf89160afe822765e6b53998b6e5f12429a1357,30718b1b486380effd7b1cfea2860d277477b8909dc49eb8522afffbc6bc2b89,0418a77b7087897a0ead6e10b9da2953bfee2ad9da1470ca98b7664e364a3024,0418a77b7087897a0ead6e10b9da2953bfee2ad9da1470ca98b7664e364a3024,500000,500000,float,TRUE,TRUE,FALSE,FALSE,0,0,0,0
baseline,6,measure,1,1000000,sparse,4,divide,1,typed_double,1,1025,0.312999999999999,0.314,1025,1,8cb390f4310bb5332e9085281aa52e5236aecd65b982d0e3a7e9174fe845527e,4ff8e31f35ef7231c619440044b989f14d0c2459692ffaf4249d0c6f088eb1cd,b5e497d0bf0ffe91ebc90f020c1418218eae5cef8ab084b16638c31e0a7fd996,2c3d712c4b869db707211a9641b70f4fcf04eb0bc5000f397325e704b05a2a63,e8c2c3714dfad8ccb787de83956aff6eadd8f5bf3b515e0083ff8aeca241ab2d,e8c2c3714dfad8ccb787de83956aff6eadd8f5bf3b515e0083ff8aeca241ab2d,1003,1003,double,FALSE,FALSE,FALSE,FALSE,0,0,0,0
baseline,6,measure,1,1000000,sparse,4,divide,1,compact,2,534,0.314,0.314,534,1,8cb390f4310bb5332e9085281aa52e5236aecd65b982d0e3a7e9174fe845527e,4ff8e31f35ef7231c619440044b989f14d0c2459692ffaf4249d0c6f088eb1cd,7cd5af9e05a188d4704876cfdb85ac5034d3d5a1e396bdb3dfc44f37237baea7,2c3d712c4b869db707211a9641b70f4fcf04eb0bc5000f397325e704b05a2a63,0418a77b7087897a0ead6e10b9da2953bfee2ad9da1470ca98b7664e364a3024,0418a77b7087897a0ead6e10b9da2953bfee2ad9da1470ca98b7664e364a3024,1003,1003,float,TRUE,TRUE,FALSE,FALSE,0,0,0,0
baseline,6,measure,1,1000000,sparse,4,multiply,2,compact,1,557,0.303000000000003,0.302,557,1,8cb390f4310bb5332e9085281aa52e5236aecd65b982d0e3a7e9174fe845527e,4ff8e31f35ef7231c619440044b989f14d0c2459692ffaf4249d0c6f088eb1cd,c58bc992720c328eca610e60f8c3f93d7d61df77946cf51b8626b0d8b78368ef,2c3d712c4b869db707211a9641b70f4fcf04eb0bc5000f397325e704b05a2a63,0418a77b7087897a0ead6e10b9da2953bfee2ad9da1470ca98b7664e364a3024,0418a77b7087897a0ead6e10b9da2953bfee2ad9da1470ca98b7664e364a3024,1003,1003,float,TRUE,TRUE,FALSE,FALSE,0,0,0,0
baseline,6,measure,1,1000000,sparse,4,multiply,2,typed_double,2,1130,0.32,0.32,1130,1,8cb390f4310bb5332e9085281aa52e5236aecd65b982d0e3a7e9174fe845527e,4ff8e31f35ef7231c619440044b989f14d0c2459692ffaf4249d0c6f088eb1cd,ea87b3dd63bfda18195aef508608398181a11f876a570f6017c0c100c3497f49,2c3d712c4b869db707211a9641b70f4fcf04eb0bc5000f397325e704b05a2a63,e8c2c3714dfad8ccb787de83956aff6eadd8f5bf3b515e0083ff8aeca241ab2d,e8c2c3714dfad8ccb787de83956aff6eadd8f5bf3b515e0083ff8aeca241ab2d,1003,1003,double,FALSE,FALSE,FALSE,FALSE,0,0,0,0
baseline,6,measure,1,1000000,sparse,4,subtract,3,typed_double,1,1147,0.337,0.337,1147,1,8cb390f4310bb5332e9085281aa52e5236aecd65b982d0e3a7e9174fe845527e,4ff8e31f35ef7231c619440044b989f14d0c2459692ffaf4249d0c6f088eb1cd,5dbef6a14bd33ea02b60ee3c940050585fc891f61a49d29253c64524c4390951,2c3d712c4b869db707211a9641b70f4fcf04eb0bc5000f397325e704b05a2a63,e8c2c3714dfad8ccb787de83956aff6eadd8f5bf3b515e0083ff8aeca241ab2d,e8c2c3714dfad8ccb787de83956aff6eadd8f5bf3b515e0083ff8aeca241ab2d,1003,1003,double,FALSE,FALSE,FALSE,FALSE,0,0,0,0
baseline,6,measure,1,1000000,sparse,4,subtract,3,compact,2,557,0.300999999999998,0.302,557,1,8cb390f4310bb5332e9085281aa52e5236aecd65b982d0e3a7e9174fe845527e,4ff8e31f35ef7231c619440044b989f14d0c2459692ffaf4249d0c6f088eb1cd,7125e60e6e7d4c92d9ed561efe37cfccac1593072e770a4f8d2a58f04113d3ae,2c3d712c4b869db707211a9641b70f4fcf04eb0bc5000f397325e704b05a2a63,0418a77b7087897a0ead6e10b9da2953bfee2ad9da1470ca98b7664e364a3024,0418a77b7087897a0ead6e10b9da2953bfee2ad9da1470ca98b7664e364a3024,1003,1003,float,TRUE,TRUE,FALSE,FALSE,0,0,0,0
baseline,6,measure,1,1000000,sparse,4,add,4,compact,1,557,0.301000000000002,0.301000000000002,557,1,8cb390f4310bb5332e9085281aa52e5236aecd65b982d0e3a7e9174fe845527e,4ff8e31f35ef7231c619440044b989f14d0c2459692ffaf4249d0c6f088eb1cd,9c2be51cd37c2d7977f794fada049c7c9ccc4011c9f81b26e042008f01cdd93e,2c3d712c4b869db707211a9641b70f4fcf04eb0bc5000f397325e704b05a2a63,0418a77b7087897a0ead6e10b9da2953bfee2ad9da1470ca98b7664e364a3024,0418a77b7087897a0ead6e10b9da2953bfee2ad9da1470ca98b7664e364a3024,1003,1003,float,TRUE,TRUE,FALSE,FALSE,0,0,0,0
baseline,6,measure,1,1000000,sparse,4,add,4,typed_double,2,1147,0.322999999999999,0.321999999999999,1147,1,8cb390f4310bb5332e9085281aa52e5236aecd65b982d0e3a7e9174fe845527e,4ff8e31f35ef7231c619440044b989f14d0c2459692ffaf4249d0c6f088eb1cd,c79c2ec291260c6f8d03c327d90d493416937a3f3bc9b85742b51e17a8fb7647,2c3d712c4b869db707211a9641b70f4fcf04eb0bc5000f397325e704b05a2a63,e8c2c3714dfad8ccb787de83956aff6eadd8f5bf3b515e0083ff8aeca241ab2d,e8c2c3714dfad8ccb787de83956aff6eadd8f5bf3b515e0083ff8aeca241ab2d,1003,1003,double,FALSE,FALSE,FALSE,FALSE,0,0,0,0
baseline,6,measure,1,1000000,none,5,divide,1,typed_double,1,863,0.250000000000002,0.248999999999999,863,1,7f1c1a27229f7a699fa85ff90b5be1266497c462407b39b11f6d94015af8e8ad,8dbe5f139fd946d4cd84e8cc612cd9f68cbc87e394457884acc0c5dad56dd8dd,94a902460bdb0445cf55fb22367b59bd4ca3f1ff73823aa1758bd6c7f1b6b58d,8dbe5f139fd946d4cd84e8cc612cd9f68cbc87e394457884acc0c5dad56dd8dd,e8c2c3714dfad8ccb787de83956aff6eadd8f5bf3b515e0083ff8aeca241ab2d,e8c2c3714dfad8ccb787de83956aff6eadd8f5bf3b515e0083ff8aeca241ab2d,0,0,double,FALSE,FALSE,FALSE,FALSE,0,0,0,0
baseline,6,measure,1,1000000,none,5,divide,1,compact,2,699,0.302000000000002,0.302,699,1,7f1c1a27229f7a699fa85ff90b5be1266497c462407b39b11f6d94015af8e8ad,8dbe5f139fd946d4cd84e8cc612cd9f68cbc87e394457884acc0c5dad56dd8dd,1591013955a37eeca2ef03255d8659f041a956e2e6d6666478490b7f17a3ed59,8dbe5f139fd946d4cd84e8cc612cd9f68cbc87e394457884acc0c5dad56dd8dd,0418a77b7087897a0ead6e10b9da2953bfee2ad9da1470ca98b7664e364a3024,0418a77b7087897a0ead6e10b9da2953bfee2ad9da1470ca98b7664e364a3024,0,0,float,TRUE,TRUE,FALSE,FALSE,0,0,0,0
baseline,6,measure,1,1000000,none,5,divide,1,ordinary,3,1220,0.332,0.332000000000001,0,0,7f1c1a27229f7a699fa85ff90b5be1266497c462407b39b11f6d94015af8e8ad,8dbe5f139fd946d4cd84e8cc612cd9f68cbc87e394457884acc0c5dad56dd8dd,94a902460bdb0445cf55fb22367b59bd4ca3f1ff73823aa1758bd6c7f1b6b58d,8dbe5f139fd946d4cd84e8cc612cd9f68cbc87e394457884acc0c5dad56dd8dd,71557d1c8bac9bbe3cbec8d00bb223a2f372279827064095447e569fbf5a760a,71557d1c8bac9bbe3cbec8d00bb223a2f372279827064095447e569fbf5a760a,0,0,,FALSE,FALSE,FALSE,FALSE,0,0,0,0
baseline,6,measure,1,1000000,none,5,multiply,2,compact,1,725,0.318999999999999,0.318999999999999,725,1,7f1c1a27229f7a699fa85ff90b5be1266497c462407b39b11f6d94015af8e8ad,8dbe5f139fd946d4cd84e8cc612cd9f68cbc87e394457884acc0c5dad56dd8dd,72cc5cf98cf5a5166668db2e8420adb3bc862ec1b003fbdd7aeb0a9746f22870,8dbe5f139fd946d4cd84e8cc612cd9f68cbc87e394457884acc0c5dad56dd8dd,0418a77b7087897a0ead6e10b9da2953bfee2ad9da1470ca98b7664e364a3024,0418a77b7087897a0ead6e10b9da2953bfee2ad9da1470ca98b7664e364a3024,0,0,float,TRUE,TRUE,FALSE,FALSE,0,0,0,0
baseline,6,measure,1,1000000,none,5,multiply,2,ordinary,2,1220,0.347000000000001,0.347000000000001,0,0,7f1c1a27229f7a699fa85ff90b5be1266497c462407b39b11f6d94015af8e8ad,8dbe5f139fd946d4cd84e8cc612cd9f68cbc87e394457884acc0c5dad56dd8dd,f26b519d09797e4f4941392e4b52f307c71832f0aaad54da617e9078fe055e1c,8dbe5f139fd946d4cd84e8cc612cd9f68cbc87e394457884acc0c5dad56dd8dd,71557d1c8bac9bbe3cbec8d00bb223a2f372279827064095447e569fbf5a760a,71557d1c8bac9bbe3cbec8d00bb223a2f372279827064095447e569fbf5a760a,0,0,,FALSE,FALSE,FALSE,FALSE,0,0,0,0
baseline,6,measure,1,1000000,none,5,multiply,2,typed_double,3,1114,0.335000000000001,0.335000000000001,1114,1,7f1c1a27229f7a699fa85ff90b5be1266497c462407b39b11f6d94015af8e8ad,8dbe5f139fd946d4cd84e8cc612cd9f68cbc87e394457884acc0c5dad56dd8dd,f26b519d09797e4f4941392e4b52f307c71832f0aaad54da617e9078fe055e1c,8dbe5f139fd946d4cd84e8cc612cd9f68cbc87e394457884acc0c5dad56dd8dd,e8c2c3714dfad8ccb787de83956aff6eadd8f5bf3b515e0083ff8aeca241ab2d,e8c2c3714dfad8ccb787de83956aff6eadd8f5bf3b515e0083ff8aeca241ab2d,0,0,double,FALSE,FALSE,FALSE,FALSE,0,0,0,0
baseline,6,measure,1,1000000,none,5,subtract,3,compact,1,725,0.304000000000001,0.304000000000002,725,1,7f1c1a27229f7a699fa85ff90b5be1266497c462407b39b11f6d94015af8e8ad,8dbe5f139fd946d4cd84e8cc612cd9f68cbc87e394457884acc0c5dad56dd8dd,73750801b993e37ef9c262c8c6c20433be5d4f8f21bfd0757cae3f70c74eda3f,8dbe5f139fd946d4cd84e8cc612cd9f68cbc87e394457884acc0c5dad56dd8dd,0418a77b7087897a0ead6e10b9da2953bfee2ad9da1470ca98b7664e364a3024,0418a77b7087897a0ead6e10b9da2953bfee2ad9da1470ca98b7664e364a3024,0,0,float,TRUE,TRUE,FALSE,FALSE,0,0,0,0
baseline,6,measure,1,1000000,none,5,subtract,3,typed_double,2,1130,0.337,0.337,1130,1,7f1c1a27229f7a699fa85ff90b5be1266497c462407b39b11f6d94015af8e8ad,8dbe5f139fd946d4cd84e8cc612cd9f68cbc87e394457884acc0c5dad56dd8dd,13a3239df0a7d9c4766e9cb1022fe126007afc38c9539ef233ed4bf785d961fa,8dbe5f139fd946d4cd84e8cc612cd9f68cbc87e394457884acc0c5dad56dd8dd,e8c2c3714dfad8ccb787de83956aff6eadd8f5bf3b515e0083ff8aeca241ab2d,e8c2c3714dfad8ccb787de83956aff6eadd8f5bf3b515e0083ff8aeca241ab2d,0,0,double,FALSE,FALSE,FALSE,FALSE,0,0,0,0
baseline,6,measure,1,1000000,none,5,subtract,3,ordinary,3,1239,0.336000000000002,0.335999999999999,0,0,7f1c1a27229f7a699fa85ff90b5be1266497c462407b39b11f6d94015af8e8ad,8dbe5f139fd946d4cd84e8cc612cd9f68cbc87e394457884acc0c5dad56dd8dd,13a3239df0a7d9c4766e9cb1022fe126007afc38c9539ef233ed4bf785d961fa,8dbe5f139fd946d4cd84e8cc612cd9f68cbc87e394457884acc0c5dad56dd8dd,71557d1c8bac9bbe3cbec8d00bb223a2f372279827064095447e569fbf5a760a,71557d1c8bac9bbe3cbec8d00bb223a2f372279827064095447e569fbf5a760a,0,0,,FALSE,FALSE,FALSE,FALSE,0,0,0,0
baseline,6,measure,1,1000000,none,5,add,4,ordinary,1,1239,0.335999999999999,0.335999999999999,0,0,7f1c1a27229f7a699fa85ff90b5be1266497c462407b39b11f6d94015af8e8ad,8dbe5f139fd946d4cd84e8cc612cd9f68cbc87e394457884acc0c5dad56dd8dd,292e89d47e6240bb2914ef7ad37d7e757276712199771e9df56100a008a8cb8c,8dbe5f139fd946d4cd84e8cc612cd9f68cbc87e394457884acc0c5dad56dd8dd,71557d1c8bac9bbe3cbec8d00bb223a2f372279827064095447e569fbf5a760a,71557d1c8bac9bbe3cbec8d00bb223a2f372279827064095447e569fbf5a760a,0,0,,FALSE,FALSE,FALSE,FALSE,0,0,0,0
baseline,6,measure,1,1000000,none,5,add,4,typed_double,2,1130,0.338000000000001,0.338999999999999,1130,1,7f1c1a27229f7a699fa85ff90b5be1266497c462407b39b11f6d94015af8e8ad,8dbe5f139fd946d4cd84e8cc612cd9f68cbc87e394457884acc0c5dad56dd8dd,292e89d47e6240bb2914ef7ad37d7e757276712199771e9df56100a008a8cb8c,8dbe5f139fd946d4cd84e8cc612cd9f68cbc87e394457884acc0c5dad56dd8dd,e8c2c3714dfad8ccb787de83956aff6eadd8f5bf3b515e0083ff8aeca241ab2d,e8c2c3714dfad8ccb787de83956aff6eadd8f5bf3b515e0083ff8aeca241ab2d,0,0,double,FALSE,FALSE,FALSE,FALSE,0,0,0,0
baseline,6,measure,1,1000000,none,5,add,4,compact,3,712,0.299,0.299,712,1,7f1c1a27229f7a699fa85ff90b5be1266497c462407b39b11f6d94015af8e8ad,8dbe5f139fd946d4cd84e8cc612cd9f68cbc87e394457884acc0c5dad56dd8dd,6f4e6deefcbd4cb8847d97ac43d7047c827b45b8a7d41e59355544434442b07b,8dbe5f139fd946d4cd84e8cc612cd9f68cbc87e394457884acc0c5dad56dd8dd,0418a77b7087897a0ead6e10b9da2953bfee2ad9da1470ca98b7664e364a3024,0418a77b7087897a0ead6e10b9da2953bfee2ad9da1470ca98b7664e364a3024,0,0,float,TRUE,TRUE,FALSE,FALSE,0,0,0,0
baseline,6,measure,1,1000000,all_tags,6,divide,1,compact,1,534,0.314,0.314999999999998,534,1,27ad0fd15ffcc1bf50ce4e82dc19749a5d76c28e5f77c0dfb2e1a0146023823c,74f9a5d0f01860a6547249f6205a49da91245cb9db41112e4e920b025218dd95,9ffc0380039738708c4659192475d1725e834e73fa28723ceb64d722b0994aef,1574ffadfcad3245cd83f3552908b258f1a96e142112f95cc2e77c92396da835,0418a77b7087897a0ead6e10b9da2953bfee2ad9da1470ca98b7664e364a3024,0418a77b7087897a0ead6e10b9da2953bfee2ad9da1470ca98b7664e364a3024,1000000,1000000,float,TRUE,TRUE,FALSE,FALSE,0,0,0,0
baseline,6,measure,1,1000000,all_tags,6,divide,1,typed_double,2,1038,0.319000000000003,0.32,1038,1,27ad0fd15ffcc1bf50ce4e82dc19749a5d76c28e5f77c0dfb2e1a0146023823c,74f9a5d0f01860a6547249f6205a49da91245cb9db41112e4e920b025218dd95,9ffc0380039738708c4659192475d1725e834e73fa28723ceb64d722b0994aef,1574ffadfcad3245cd83f3552908b258f1a96e142112f95cc2e77c92396da835,e8c2c3714dfad8ccb787de83956aff6eadd8f5bf3b515e0083ff8aeca241ab2d,e8c2c3714dfad8ccb787de83956aff6eadd8f5bf3b515e0083ff8aeca241ab2d,1000000,1000000,double,FALSE,FALSE,FALSE,FALSE,0,0,0,0
baseline,6,measure,1,1000000,all_tags,6,multiply,2,typed_double,1,1098,0.316000000000005,0.316000000000003,1098,1,27ad0fd15ffcc1bf50ce4e82dc19749a5d76c28e5f77c0dfb2e1a0146023823c,74f9a5d0f01860a6547249f6205a49da91245cb9db41112e4e920b025218dd95,9ffc0380039738708c4659192475d1725e834e73fa28723ceb64d722b0994aef,1574ffadfcad3245cd83f3552908b258f1a96e142112f95cc2e77c92396da835,e8c2c3714dfad8ccb787de83956aff6eadd8f5bf3b515e0083ff8aeca241ab2d,e8c2c3714dfad8ccb787de83956aff6eadd8f5bf3b515e0083ff8aeca241ab2d,1000000,1000000,double,FALSE,FALSE,FALSE,FALSE,0,0,0,0
baseline,6,measure,1,1000000,all_tags,6,multiply,2,compact,2,549,0.299999999999997,0.299999999999997,549,1,27ad0fd15ffcc1bf50ce4e82dc19749a5d76c28e5f77c0dfb2e1a0146023823c,74f9a5d0f01860a6547249f6205a49da91245cb9db41112e4e920b025218dd95,9ffc0380039738708c4659192475d1725e834e73fa28723ceb64d722b0994aef,1574ffadfcad3245cd83f3552908b258f1a96e142112f95cc2e77c92396da835,0418a77b7087897a0ead6e10b9da2953bfee2ad9da1470ca98b7664e364a3024,0418a77b7087897a0ead6e10b9da2953bfee2ad9da1470ca98b7664e364a3024,1000000,1000000,float,TRUE,TRUE,FALSE,FALSE,0,0,0,0
baseline,6,measure,1,1000000,all_tags,6,subtract,3,compact,1,557,0.302,0.303000000000004,557,1,27ad0fd15ffcc1bf50ce4e82dc19749a5d76c28e5f77c0dfb2e1a0146023823c,74f9a5d0f01860a6547249f6205a49da91245cb9db41112e4e920b025218dd95,9ffc0380039738708c4659192475d1725e834e73fa28723ceb64d722b0994aef,1574ffadfcad3245cd83f3552908b258f1a96e142112f95cc2e77c92396da835,0418a77b7087897a0ead6e10b9da2953bfee2ad9da1470ca98b7664e364a3024,0418a77b7087897a0ead6e10b9da2953bfee2ad9da1470ca98b7664e364a3024,1000000,1000000,float,TRUE,TRUE,FALSE,FALSE,0,0,0,0
baseline,6,measure,1,1000000,all_tags,6,subtract,3,typed_double,2,915,0.262999999999998,0.263999999999996,915,1,27ad0fd15ffcc1bf50ce4e82dc19749a5d76c28e5f77c0dfb2e1a0146023823c,74f9a5d0f01860a6547249f6205a49da91245cb9db41112e4e920b025218dd95,9ffc0380039738708c4659192475d1725e834e73fa28723ceb64d722b0994aef,1574ffadfcad3245cd83f3552908b258f1a96e142112f95cc2e77c92396da835,e8c2c3714dfad8ccb787de83956aff6eadd8f5bf3b515e0083ff8aeca241ab2d,e8c2c3714dfad8ccb787de83956aff6eadd8f5bf3b515e0083ff8aeca241ab2d,1000000,1000000,double,FALSE,FALSE,FALSE,FALSE,0,0,0,0
baseline,6,measure,1,1000000,all_tags,6,add,4,typed_double,1,1130,0.321,0.32,1130,1,27ad0fd15ffcc1bf50ce4e82dc19749a5d76c28e5f77c0dfb2e1a0146023823c,74f9a5d0f01860a6547249f6205a49da91245cb9db41112e4e920b025218dd95,9ffc0380039738708c4659192475d1725e834e73fa28723ceb64d722b0994aef,1574ffadfcad3245cd83f3552908b258f1a96e142112f95cc2e77c92396da835,e8c2c3714dfad8ccb787de83956aff6eadd8f5bf3b515e0083ff8aeca241ab2d,e8c2c3714dfad8ccb787de83956aff6eadd8f5bf3b515e0083ff8aeca241ab2d,1000000,1000000,double,FALSE,FALSE,FALSE,FALSE,0,0,0,0
baseline,6,measure,1,1000000,all_tags,6,add,4,compact,2,557,0.302,0.302,557,1,27ad0fd15ffcc1bf50ce4e82dc19749a5d76c28e5f77c0dfb2e1a0146023823c,74f9a5d0f01860a6547249f6205a49da91245cb9db41112e4e920b025218dd95,9ffc0380039738708c4659192475d1725e834e73fa28723ceb64d722b0994aef,1574ffadfcad3245cd83f3552908b258f1a96e142112f95cc2e77c92396da835,0418a77b7087897a0ead6e10b9da2953bfee2ad9da1470ca98b7664e364a3024,0418a77b7087897a0ead6e10b9da2953bfee2ad9da1470ca98b7664e364a3024,1000000,1000000,float,TRUE,TRUE,FALSE,FALSE,0,0,0,0
baseline,6,measure,1,1000000,suffix256,7,divide,1,typed_double,1,854,0.264999999999996,0.263999999999996,854,1,b38da76a0bf8f72e59074e4463b94231f873a1ddf7c027778214fc73daff29f4,9381174d5a5c0056365a99d2e08f017e8e0fb6180967a7e6d7598196faa41fe2,7b288c3a11028a99daad5072816bc596661252acce990ed434c1bcd8450082d9,7dd3c12d784e621bc75114205a7f98be85940c915e020c1372e35d98a1b271bc,e8c2c3714dfad8ccb787de83956aff6eadd8f5bf3b515e0083ff8aeca241ab2d,e8c2c3714dfad8ccb787de83956aff6eadd8f5bf3b515e0083ff8aeca241ab2d,256,256,double,FALSE,FALSE,FALSE,FALSE,0,0,0,0
baseline,6,measure,1,1000000,suffix256,7,divide,1,compact,2,534,0.301000000000002,0.301000000000002,534,1,b38da76a0bf8f72e59074e4463b94231f873a1ddf7c027778214fc73daff29f4,9381174d5a5c0056365a99d2e08f017e8e0fb6180967a7e6d7598196faa41fe2,24114da746c52d603149cc8b90e4df0716cbe88e43c70d8530cbb83c03917cd5,7dd3c12d784e621bc75114205a7f98be85940c915e020c1372e35d98a1b271bc,0418a77b7087897a0ead6e10b9da2953bfee2ad9da1470ca98b7664e364a3024,0418a77b7087897a0ead6e10b9da2953bfee2ad9da1470ca98b7664e364a3024,256,256,float,TRUE,TRUE,FALSE,FALSE,0,0,0,0
baseline,6,measure,1,1000000,suffix256,7,multiply,2,compact,1,557,0.302,0.302999999999997,557,1,b38da76a0bf8f72e59074e4463b94231f873a1ddf7c027778214fc73daff29f4,9381174d5a5c0056365a99d2e08f017e8e0fb6180967a7e6d7598196faa41fe2,bbb0344652a96cc23ac4f06e9785146860bfbd677c72c0edcd2f8c3580d560de,7dd3c12d784e621bc75114205a7f98be85940c915e020c1372e35d98a1b271bc,0418a77b7087897a0ead6e10b9da2953bfee2ad9da1470ca98b7664e364a3024,0418a77b7087897a0ead6e10b9da2953bfee2ad9da1470ca98b7664e364a3024,256,256,float,TRUE,TRUE,FALSE,FALSE,0,0,0,0
baseline,6,measure,1,1000000,suffix256,7,multiply,2,typed_double,2,915,0.265999999999998,0.265999999999998,915,1,b38da76a0bf8f72e59074e4463b94231f873a1ddf7c027778214fc73daff29f4,9381174d5a5c0056365a99d2e08f017e8e0fb6180967a7e6d7598196faa41fe2,be18b0001d95c130e93bb80d453f927c725dc11a02c22824fd092ee8adb88f8c,7dd3c12d784e621bc75114205a7f98be85940c915e020c1372e35d98a1b271bc,e8c2c3714dfad8ccb787de83956aff6eadd8f5bf3b515e0083ff8aeca241ab2d,e8c2c3714dfad8ccb787de83956aff6eadd8f5bf3b515e0083ff8aeca241ab2d,256,256,double,FALSE,FALSE,FALSE,FALSE,0,0,0,0
baseline,6,measure,1,1000000,suffix256,7,subtract,3,typed_double,1,1114,0.315999999999995,0.317,1114,1,b38da76a0bf8f72e59074e4463b94231f873a1ddf7c027778214fc73daff29f4,9381174d5a5c0056365a99d2e08f017e8e0fb6180967a7e6d7598196faa41fe2,902119eaaa7bebe54be150b29f406b8cf060a7b96185baaf79c97e14dad3f863,7dd3c12d784e621bc75114205a7f98be85940c915e020c1372e35d98a1b271bc,e8c2c3714dfad8ccb787de83956aff6eadd8f5bf3b515e0083ff8aeca241ab2d,e8c2c3714dfad8ccb787de83956aff6eadd8f5bf3b515e0083ff8aeca241ab2d,256,256,double,FALSE,FALSE,FALSE,FALSE,0,0,0,0
baseline,6,measure,1,1000000,suffix256,7,subtract,3,compact,2,557,0.301000000000002,0.302,557,1,b38da76a0bf8f72e59074e4463b94231f873a1ddf7c027778214fc73daff29f4,9381174d5a5c0056365a99d2e08f017e8e0fb6180967a7e6d7598196faa41fe2,2e8b9a52242656d84d6c914b5187c8ff371ed496c9ac68c5265226a85c7c63ce,7dd3c12d784e621bc75114205a7f98be85940c915e020c1372e35d98a1b271bc,0418a77b7087897a0ead6e10b9da2953bfee2ad9da1470ca98b7664e364a3024,0418a77b7087897a0ead6e10b9da2953bfee2ad9da1470ca98b7664e364a3024,256,256,float,TRUE,TRUE,FALSE,FALSE,0,0,0,0
baseline,6,measure,1,1000000,suffix256,7,add,4,compact,1,557,0.301000000000002,0.301000000000002,557,1,b38da76a0bf8f72e59074e4463b94231f873a1ddf7c027778214fc73daff29f4,9381174d5a5c0056365a99d2e08f017e8e0fb6180967a7e6d7598196faa41fe2,0bffebdab0ac6248f91ba88e1cb34ad47800183c79febee2181a94085774e5f8,7dd3c12d784e621bc75114205a7f98be85940c915e020c1372e35d98a1b271bc,0418a77b7087897a0ead6e10b9da2953bfee2ad9da1470ca98b7664e364a3024,0418a77b7087897a0ead6e10b9da2953bfee2ad9da1470ca98b7664e364a3024,256,256,float,TRUE,TRUE,FALSE,FALSE,0,0,0,0
baseline,6,measure,1,1000000,suffix256,7,add,4,typed_double,2,1147,0.323,0.321999999999996,1147,1,b38da76a0bf8f72e59074e4463b94231f873a1ddf7c027778214fc73daff29f4,9381174d5a5c0056365a99d2e08f017e8e0fb6180967a7e6d7598196faa41fe2,7326157ff492d94ccc459e73dd7161eb5f07a6c0e7ac687c3b8c4bdceab43d2e,7dd3c12d784e621bc75114205a7f98be85940c915e020c1372e35d98a1b271bc,e8c2c3714dfad8ccb787de83956aff6eadd8f5bf3b515e0083ff8aeca241ab2d,e8c2c3714dfad8ccb787de83956aff6eadd8f5bf3b515e0083ff8aeca241ab2d,256,256,double,FALSE,FALSE,FALSE,FALSE,0,0,0,0
