This file contains any messages produced by compilers while
running configure, to aid debugging if configure makes a mistake.

It was created by R configure 4.6.0, which was
generated by GNU Autoconf 2.72.  Invocation command line was

  $ /private/tmp/dta-direct-stage5-minimum-preflight/r46-source/R-4.6.0/configure --prefix=/private/tmp/dta-direct-stage5-minimum-preflight/r460-install --enable-R-shlib --without-recommended-packages --with-x=no --with-aqua=no --with-readline=no --with-cairo=no --with-ICU=no --disable-java

## --------- ##
## Platform. ##
## --------- ##

hostname = ceres
uname -m = arm64
uname -r = 25.6.0
uname -s = Darwin
uname -v = Darwin Kernel Version 25.6.0: Fri Jul 31 19:17:26 PDT 2026; root:xnu-12377.161.14~5/RELEASE_ARM64_T6041

/usr/bin/uname -p = arm
/bin/uname -X     = unknown

/bin/arch              = unknown
/usr/bin/arch -k       = unknown
/usr/convex/getsysinfo = unknown
/usr/bin/hostinfo      = Mach kernel version:
	 Darwin Kernel Version 25.6.0: Fri Jul 31 19:17:26 PDT 2026; root:xnu-12377.161.14~5/RELEASE_ARM64_T6041
Kernel configured for up to 16 processors.
16 processors are physically available.
16 processors are logically available.
Processor type: arm64e (ARM64E)
Processors active: 0 1 2 3 4 5 6 7 8 9 10 11 12 13 14 15
Primary memory available: 128.00 gigabytes
Default processor set: 734 tasks, 3306 threads, 16 processors
Load average: 1.28, Mach factor: 14.71
/bin/machine           = unknown
/usr/bin/oslevel       = unknown
/bin/universe          = unknown

PATH: /opt/homebrew/bin/
PATH: /opt/homebrew/sbin/
PATH: /usr/local/bin/
PATH: /System/Cryptexes/App/usr/bin/
PATH: /usr/bin/
PATH: /bin/
PATH: /usr/sbin/
PATH: /sbin/
PATH: /var/run/com.apple.security.cryptexd/codex.system/bootstrap/usr/local/bin/
PATH: /var/run/com.apple.security.cryptexd/codex.system/bootstrap/usr/bin/
PATH: /var/run/com.apple.security.cryptexd/codex.system/bootstrap/usr/appleinternal/bin/
PATH: /pkg/env/global/bin/
PATH: /opt/X11/bin/
PATH: /Library/TeX/texbin/
PATH: /Users/jmb/.codex/packages/standalone/releases/0.153.4-aarch64-apple-darwin/codex-path/
PATH: /Users/jmb/.codex/tmp/arg0/codex-arg0edbGxm/
PATH: /Users/jmb/.local/bin/
PATH: /Users/jmb/.pyenv/shims/
PATH: /Users/jmb/bin/
PATH: /Users/jmb/.npm-global/bin/
PATH: /Users/jmb/.bun/bin/
PATH: /Users/jmb/.cargo/bin/
PATH: /usr/local/texlive/2026/bin/universal-darwin/


## ----------- ##
## Core tests. ##
## ----------- ##

configure:4036: looking for aux files: config.rpath ltmain.sh install-sh config.guess config.sub
configure:4049:  trying /private/tmp/dta-direct-stage5-minimum-preflight/r46-source/R-4.6.0/tools/
configure:4078:   /private/tmp/dta-direct-stage5-minimum-preflight/r46-source/R-4.6.0/tools/config.rpath found
configure:4078:   /private/tmp/dta-direct-stage5-minimum-preflight/r46-source/R-4.6.0/tools/ltmain.sh found
configure:4060:   /private/tmp/dta-direct-stage5-minimum-preflight/r46-source/R-4.6.0/tools/install-sh found
configure:4078:   /private/tmp/dta-direct-stage5-minimum-preflight/r46-source/R-4.6.0/tools/config.guess found
configure:4078:   /private/tmp/dta-direct-stage5-minimum-preflight/r46-source/R-4.6.0/tools/config.sub found
configure:4229: checking build system type
configure:4245: result: aarch64-apple-darwin25.6.0
configure:4265: checking host system type
configure:4280: result: aarch64-apple-darwin25.6.0
configure:5229: checking for pwd
configure:5252: found /bin/pwd
configure:5266: result: /bin/pwd
configure:5274: checking whether builddir is srcdir
configure:5282: result: no
configure:5287: checking whether ln -s works
configure:5291: result: yes
configure:5302: checking for ar
configure:5323: found /usr/bin/ar
configure:5335: result: ar
configure:5364: checking for a BSD-compatible install
configure:5438: result: /opt/homebrew/bin/ginstall -c
configure:5464: checking for sed
configure:5488: found /usr/bin/sed
configure:5501: result: /usr/bin/sed
configure:5520: checking for which
configure:5543: found /usr/bin/which
configure:5556: result: /usr/bin/which
configure:5582: checking for cat
configure:5605: found /bin/cat
configure:5618: result: /bin/cat
configure:5641: checking for gtar
configure:5680: result: no
configure:5641: checking for gnutar
configure:5680: result: no
configure:5641: checking for tar
configure:5664: found /usr/bin/tar
configure:5677: result: /usr/bin/tar
configure:5695: checking for tex
configure:5718: found /Library/TeX/texbin/tex
configure:5731: result: /Library/TeX/texbin/tex
configure:5746: checking for pdftex
configure:5769: found /Library/TeX/texbin/pdftex
configure:5782: result: /Library/TeX/texbin/pdftex
configure:5802: checking for pdflatex
configure:5825: found /Library/TeX/texbin/pdflatex
configure:5838: result: /Library/TeX/texbin/pdflatex
configure:5858: checking for makeindex
configure:5881: found /Library/TeX/texbin/makeindex
configure:5894: result: /Library/TeX/texbin/makeindex
configure:5909: checking for texi2any
configure:5948: result: no
configure:6062: WARNING: you cannot build info or HTML versions of the R manuals
configure:6077: checking for texi2dvi
configure:6116: result: no
configure:6133: checking for kpsewhich
configure:6156: found /Library/TeX/texbin/kpsewhich
configure:6169: result: /Library/TeX/texbin/kpsewhich
configure:6181: checking for latex inconsolata package
configure:6187: result: found zi4.sty
configure:6214: checking for unzip
configure:6237: found /usr/bin/unzip
configure:6250: result: /usr/bin/unzip
configure:6266: checking for zip
configure:6289: found /usr/bin/zip
configure:6302: result: /usr/bin/zip
configure:6318: checking for gzip
configure:6341: found /usr/bin/gzip
configure:6354: result: /usr/bin/gzip
configure:6370: checking for bzip2
configure:6393: found /usr/bin/bzip2
configure:6406: result: /usr/bin/bzip2
configure:6424: checking for xdg-open
configure:6463: result: no
configure:6424: checking for firefox
configure:6463: result: no
configure:6424: checking for mozilla
configure:6463: result: no
configure:6424: checking for epiphany
configure:6463: result: no
configure:6424: checking for galeon
configure:6463: result: no
configure:6424: checking for opera
configure:6463: result: no
configure:6424: checking for kfmclient
configure:6463: result: no
configure:6424: checking for gnome-moz-remote
configure:6463: result: no
configure:6424: checking for open
configure:6447: found /usr/bin/open
configure:6460: result: /usr/bin/open
configure:6477: result: using default browser ... /usr/bin/open
configure:6487: checking for xdg-open
configure:6526: result: no
configure:6487: checking for acroread
configure:6526: result: no
configure:6487: checking for acroread4
configure:6526: result: no
configure:6487: checking for evince
configure:6526: result: no
configure:6487: checking for atril
configure:6526: result: no
configure:6487: checking for xpdf
configure:6526: result: no
configure:6487: checking for gv
configure:6526: result: no
configure:6487: checking for gnome-gv
configure:6526: result: no
configure:6487: checking for ggv
configure:6526: result: no
configure:6487: checking for okular
configure:6526: result: no
configure:6487: checking for kpdf
configure:6526: result: no
configure:6487: checking for open
configure:6510: found /usr/bin/open
configure:6523: result: /usr/bin/open
configure:6543: checking for working aclocal
configure:6551: result: missing
configure:6562: checking for working autoconf
configure:6566: result: found
configure:6581: checking for working autoheader
configure:6585: result: found
configure:6604: checking for bison
configure:6625: found /usr/bin/bison
configure:6637: result: bison -y
configure:6704: checking for notangle
configure:6741: result: false
configure:6760: checking for realpath
configure:6783: found /bin/realpath
configure:6797: result: /bin/realpath
configure:6813: checking for pkg-config
configure:6836: found /opt/homebrew/bin/pkg-config
configure:6849: result: /opt/homebrew/bin/pkg-config
configure:6927: checking for gcc
configure:6948: found /usr/bin/gcc
configure:6960: result: gcc
configure:7319: checking for C compiler version
configure:7328: gcc --version >&5
Apple clang version 21.0.0 (clang-2100.1.1.101)
Target: arm64-apple-darwin25.6.0
Thread model: posix
InstalledDir: /Library/Developer/CommandLineTools/usr/bin
configure:7339: $? = 0
configure:7328: gcc -v >&5
Apple clang version 21.0.0 (clang-2100.1.1.101)
Target: arm64-apple-darwin25.6.0
Thread model: posix
InstalledDir: /Library/Developer/CommandLineTools/usr/bin
configure:7339: $? = 0
configure:7328: gcc -V >&5
clang: error: argument to '-V' is missing (expected 1 value)
clang: error: no input files
configure:7339: $? = 1
configure:7328: gcc -qversion >&5
clang: error: unknown argument '-qversion'; did you mean '--version'?
clang: error: no input files
configure:7339: $? = 1
configure:7328: gcc -version >&5
clang: error: unknown argument '-version'; did you mean '--version'?
clang: error: no input files
configure:7339: $? = 1
configure:7359: checking whether the C compiler works
configure:7381: gcc  -I/opt/homebrew/include -L/opt/homebrew/lib conftest.c  >&5
configure:7385: $? = 0
configure:7436: result: yes
configure:7440: checking for C compiler default output file name
configure:7442: result: a.out
configure:7448: checking for suffix of executables
configure:7455: gcc -o conftest  -I/opt/homebrew/include -L/opt/homebrew/lib conftest.c  >&5
configure:7459: $? = 0
configure:7483: result: 
configure:7507: checking whether we are cross compiling
configure:7515: gcc -o conftest  -I/opt/homebrew/include -L/opt/homebrew/lib conftest.c  >&5
configure:7519: $? = 0
configure:7526: ./conftest
configure:7530: $? = 0
configure:7545: result: no
configure:7551: checking for suffix of object files
configure:7574: gcc -c  -I/opt/homebrew/include conftest.c >&5
configure:7578: $? = 0
configure:7602: result: o
configure:7606: checking whether the compiler supports GNU C
configure:7626: gcc -c  -I/opt/homebrew/include conftest.c >&5
configure:7626: $? = 0
configure:7638: result: yes
configure:7649: checking whether gcc accepts -g
configure:7670: gcc -c -g -I/opt/homebrew/include conftest.c >&5
configure:7670: $? = 0
configure:7717: result: yes
configure:7737: checking for gcc option to enable C11 features
configure:7752: gcc  -c -g -O2 -I/opt/homebrew/include conftest.c >&5
configure:7752: $? = 0
configure:7771: result: none needed
configure:7894: checking for stdio.h
configure:7894: gcc -c -g -O2 -I/opt/homebrew/include conftest.c >&5
configure:7894: $? = 0
configure:7894: result: yes
configure:7894: checking for stdlib.h
configure:7894: gcc -c -g -O2 -I/opt/homebrew/include conftest.c >&5
configure:7894: $? = 0
configure:7894: result: yes
configure:7894: checking for string.h
configure:7894: gcc -c -g -O2 -I/opt/homebrew/include conftest.c >&5
configure:7894: $? = 0
configure:7894: result: yes
configure:7894: checking for inttypes.h
configure:7894: gcc -c -g -O2 -I/opt/homebrew/include conftest.c >&5
configure:7894: $? = 0
configure:7894: result: yes
configure:7894: checking for stdint.h
configure:7894: gcc -c -g -O2 -I/opt/homebrew/include conftest.c >&5
configure:7894: $? = 0
configure:7894: result: yes
configure:7894: checking for strings.h
configure:7894: gcc -c -g -O2 -I/opt/homebrew/include conftest.c >&5
configure:7894: $? = 0
configure:7894: result: yes
configure:7894: checking for sys/stat.h
configure:7894: gcc -c -g -O2 -I/opt/homebrew/include conftest.c >&5
configure:7894: $? = 0
configure:7894: result: yes
configure:7894: checking for sys/types.h
configure:7894: gcc -c -g -O2 -I/opt/homebrew/include conftest.c >&5
configure:7894: $? = 0
configure:7894: result: yes
configure:7894: checking for unistd.h
configure:7894: gcc -c -g -O2 -I/opt/homebrew/include conftest.c >&5
configure:7894: $? = 0
configure:7894: result: yes
configure:7894: checking for wchar.h
configure:7894: gcc -c -g -O2 -I/opt/homebrew/include conftest.c >&5
configure:7894: $? = 0
configure:7894: result: yes
configure:7894: checking for minix/config.h
configure:7894: gcc -c -g -O2 -I/opt/homebrew/include conftest.c >&5
conftest.c:55:10: fatal error: 'minix/config.h' file not found
   55 | #include <minix/config.h>
      |          ^~~~~~~~~~~~~~~~
1 error generated.
configure:7894: $? = 1
configure: failed program was:
| /* confdefs.h */
| #define PACKAGE_NAME "R"
| #define PACKAGE_TARNAME "R"
| #define PACKAGE_VERSION "4.6.0"
| #define PACKAGE_STRING "R 4.6.0"
| #define PACKAGE_BUGREPORT "https://bugs.r-project.org"
| #define PACKAGE_URL "https://www.r-project.org"
| #define PACKAGE "R"
| #define VERSION "4.6.0"
| #define R_PLATFORM "aarch64-apple-darwin25.6.0"
| #define R_CPU "aarch64"
| #define R_VENDOR "apple"
| #define R_OS "darwin25.6.0"
| #define Unix 1
| #define R_ARCH ""
| #define HAVE_STDIO_H 1
| #define HAVE_STDLIB_H 1
| #define HAVE_STRING_H 1
| #define HAVE_INTTYPES_H 1
| #define HAVE_STDINT_H 1
| #define HAVE_STRINGS_H 1
| #define HAVE_SYS_STAT_H 1
| #define HAVE_SYS_TYPES_H 1
| #define HAVE_UNISTD_H 1
| #define HAVE_WCHAR_H 1
| /* end confdefs.h.  */
| #include <stddef.h>
| #ifdef HAVE_STDIO_H
| # include <stdio.h>
| #endif
| #ifdef HAVE_STDLIB_H
| # include <stdlib.h>
| #endif
| #ifdef HAVE_STRING_H
| # include <string.h>
| #endif
| #ifdef HAVE_INTTYPES_H
| # include <inttypes.h>
| #endif
| #ifdef HAVE_STDINT_H
| # include <stdint.h>
| #endif
| #ifdef HAVE_STRINGS_H
| # include <strings.h>
| #endif
| #ifdef HAVE_SYS_TYPES_H
| # include <sys/types.h>
| #endif
| #ifdef HAVE_SYS_STAT_H
| # include <sys/stat.h>
| #endif
| #ifdef HAVE_UNISTD_H
| # include <unistd.h>
| #endif
| #include <minix/config.h>
configure:7894: result: no
configure:7894: checking for sys/time.h
configure:7894: gcc -c -g -O2 -I/opt/homebrew/include conftest.c >&5
configure:7894: $? = 0
configure:7894: result: yes
configure:7894: checking for sys/param.h
configure:7894: gcc -c -g -O2 -I/opt/homebrew/include conftest.c >&5
configure:7894: $? = 0
configure:7894: result: yes
configure:7925: checking whether it is safe to define __EXTENSIONS__
configure:7944: gcc -c -g -O2 -I/opt/homebrew/include conftest.c >&5
configure:7944: $? = 0
configure:7954: result: yes
configure:7957: checking whether _XOPEN_SOURCE should be defined
configure:7979: gcc -c -g -O2 -I/opt/homebrew/include conftest.c >&5
configure:7979: $? = 0
configure:8008: result: no
configure:8078: checking whether gcc is a C23 compiler
configure:8109: gcc -o conftest -g -O2 -I/opt/homebrew/include -L/opt/homebrew/lib conftest.c  >&5
conftest.c:50:4: error: "Compiler does not claim C23 conformance"
   50 | #  error "Compiler does not claim C23 conformance"
      |    ^
conftest.c:59:6: error: use of undeclared identifier 'bool'
   59 |      bool x = true;
      |      ^~~~
2 errors generated.
configure:8109: $? = 1
configure: program exited with status 1
configure: failed program was:
| /* confdefs.h */
| #define PACKAGE_NAME "R"
| #define PACKAGE_TARNAME "R"
| #define PACKAGE_VERSION "4.6.0"
| #define PACKAGE_STRING "R 4.6.0"
| #define PACKAGE_BUGREPORT "https://bugs.r-project.org"
| #define PACKAGE_URL "https://www.r-project.org"
| #define PACKAGE "R"
| #define VERSION "4.6.0"
| #define R_PLATFORM "aarch64-apple-darwin25.6.0"
| #define R_CPU "aarch64"
| #define R_VENDOR "apple"
| #define R_OS "darwin25.6.0"
| #define Unix 1
| #define R_ARCH ""
| #define HAVE_STDIO_H 1
| #define HAVE_STDLIB_H 1
| #define HAVE_STRING_H 1
| #define HAVE_INTTYPES_H 1
| #define HAVE_STDINT_H 1
| #define HAVE_STRINGS_H 1
| #define HAVE_SYS_STAT_H 1
| #define HAVE_SYS_TYPES_H 1
| #define HAVE_UNISTD_H 1
| #define HAVE_WCHAR_H 1
| #define HAVE_SYS_TIME_H 1
| #define HAVE_SYS_PARAM_H 1
| #define STDC_HEADERS 1
| #define _ALL_SOURCE 1
| #define _DARWIN_C_SOURCE 1
| #define _GNU_SOURCE 1
| #define _HPUX_ALT_XOPEN_SOCKET_API 1
| #define _NETBSD_SOURCE 1
| #define _OPENBSD_SOURCE 1
| #define _POSIX_PTHREAD_SEMANTICS 1
| #define __STDC_WANT_IEC_60559_ATTRIBS_EXT__ 1
| #define __STDC_WANT_IEC_60559_BFP_EXT__ 1
| #define __STDC_WANT_IEC_60559_DFP_EXT__ 1
| #define __STDC_WANT_IEC_60559_EXT__ 1
| #define __STDC_WANT_IEC_60559_FUNCS_EXT__ 1
| #define __STDC_WANT_IEC_60559_TYPES_EXT__ 1
| #define __STDC_WANT_LIB_EXT2__ 1
| #define __STDC_WANT_MATH_SPEC_FUNCS__ 1
| #define _TANDEM_SOURCE 1
| #define __EXTENSIONS__ 1
| /* end confdefs.h.  */
| 
| #ifdef __STDC_VERSION__
| # if __STDC_VERSION__ < 202000L
| #  error "Compiler does not claim C23 conformance"
| # endif
| #else
| # error "Compiler does not advertise ISO C conformance"
| #endif
| 
| // Most new features have feature tests. but bool type is fundamental.
| 
| int main(void) {
|      bool x = true;
| 
|      return 0;
| }
| 
| 
configure:8123: result: no
configure:8133: checking whether gcc -std=gnu23 is a C23 compiler
configure:8164: gcc -std=gnu23 -o conftest -g -O2 -I/opt/homebrew/include -L/opt/homebrew/lib conftest.c  >&5
configure:8164: $? = 0
configure:8164: ./conftest
configure:8164: $? = 0
configure:8178: result: yes
configure:8265: checking how to run the C preprocessor
configure:8291: gcc -std=gnu23 -E -I/opt/homebrew/include conftest.c
configure:8291: $? = 0
configure:8307: gcc -std=gnu23 -E -I/opt/homebrew/include conftest.c
conftest.c:47:10: fatal error: 'ac_nonexistent.h' file not found
   47 | #include <ac_nonexistent.h>
      |          ^~~~~~~~~~~~~~~~~~
1 error generated.
configure:8307: $? = 1
configure: failed program was:
| /* confdefs.h */
| #define PACKAGE_NAME "R"
| #define PACKAGE_TARNAME "R"
| #define PACKAGE_VERSION "4.6.0"
| #define PACKAGE_STRING "R 4.6.0"
| #define PACKAGE_BUGREPORT "https://bugs.r-project.org"
| #define PACKAGE_URL "https://www.r-project.org"
| #define PACKAGE "R"
| #define VERSION "4.6.0"
| #define R_PLATFORM "aarch64-apple-darwin25.6.0"
| #define R_CPU "aarch64"
| #define R_VENDOR "apple"
| #define R_OS "darwin25.6.0"
| #define Unix 1
| #define R_ARCH ""
| #define HAVE_STDIO_H 1
| #define HAVE_STDLIB_H 1
| #define HAVE_STRING_H 1
| #define HAVE_INTTYPES_H 1
| #define HAVE_STDINT_H 1
| #define HAVE_STRINGS_H 1
| #define HAVE_SYS_STAT_H 1
| #define HAVE_SYS_TYPES_H 1
| #define HAVE_UNISTD_H 1
| #define HAVE_WCHAR_H 1
| #define HAVE_SYS_TIME_H 1
| #define HAVE_SYS_PARAM_H 1
| #define STDC_HEADERS 1
| #define _ALL_SOURCE 1
| #define _DARWIN_C_SOURCE 1
| #define _GNU_SOURCE 1
| #define _HPUX_ALT_XOPEN_SOCKET_API 1
| #define _NETBSD_SOURCE 1
| #define _OPENBSD_SOURCE 1
| #define _POSIX_PTHREAD_SEMANTICS 1
| #define __STDC_WANT_IEC_60559_ATTRIBS_EXT__ 1
| #define __STDC_WANT_IEC_60559_BFP_EXT__ 1
| #define __STDC_WANT_IEC_60559_DFP_EXT__ 1
| #define __STDC_WANT_IEC_60559_EXT__ 1
| #define __STDC_WANT_IEC_60559_FUNCS_EXT__ 1
| #define __STDC_WANT_IEC_60559_TYPES_EXT__ 1
| #define __STDC_WANT_LIB_EXT2__ 1
| #define __STDC_WANT_MATH_SPEC_FUNCS__ 1
| #define _TANDEM_SOURCE 1
| #define __EXTENSIONS__ 1
| /* end confdefs.h.  */
| #include <ac_nonexistent.h>
configure:8336: result: gcc -std=gnu23 -E
configure:8350: gcc -std=gnu23 -E -I/opt/homebrew/include conftest.c
configure:8350: $? = 0
configure:8366: gcc -std=gnu23 -E -I/opt/homebrew/include conftest.c
conftest.c:47:10: fatal error: 'ac_nonexistent.h' file not found
   47 | #include <ac_nonexistent.h>
      |          ^~~~~~~~~~~~~~~~~~
1 error generated.
configure:8366: $? = 1
configure: failed program was:
| /* confdefs.h */
| #define PACKAGE_NAME "R"
| #define PACKAGE_TARNAME "R"
| #define PACKAGE_VERSION "4.6.0"
| #define PACKAGE_STRING "R 4.6.0"
| #define PACKAGE_BUGREPORT "https://bugs.r-project.org"
| #define PACKAGE_URL "https://www.r-project.org"
| #define PACKAGE "R"
| #define VERSION "4.6.0"
| #define R_PLATFORM "aarch64-apple-darwin25.6.0"
| #define R_CPU "aarch64"
| #define R_VENDOR "apple"
| #define R_OS "darwin25.6.0"
| #define Unix 1
| #define R_ARCH ""
| #define HAVE_STDIO_H 1
| #define HAVE_STDLIB_H 1
| #define HAVE_STRING_H 1
| #define HAVE_INTTYPES_H 1
| #define HAVE_STDINT_H 1
| #define HAVE_STRINGS_H 1
| #define HAVE_SYS_STAT_H 1
| #define HAVE_SYS_TYPES_H 1
| #define HAVE_UNISTD_H 1
| #define HAVE_WCHAR_H 1
| #define HAVE_SYS_TIME_H 1
| #define HAVE_SYS_PARAM_H 1
| #define STDC_HEADERS 1
| #define _ALL_SOURCE 1
| #define _DARWIN_C_SOURCE 1
| #define _GNU_SOURCE 1
| #define _HPUX_ALT_XOPEN_SOCKET_API 1
| #define _NETBSD_SOURCE 1
| #define _OPENBSD_SOURCE 1
| #define _POSIX_PTHREAD_SEMANTICS 1
| #define __STDC_WANT_IEC_60559_ATTRIBS_EXT__ 1
| #define __STDC_WANT_IEC_60559_BFP_EXT__ 1
| #define __STDC_WANT_IEC_60559_DFP_EXT__ 1
| #define __STDC_WANT_IEC_60559_EXT__ 1
| #define __STDC_WANT_IEC_60559_FUNCS_EXT__ 1
| #define __STDC_WANT_IEC_60559_TYPES_EXT__ 1
| #define __STDC_WANT_LIB_EXT2__ 1
| #define __STDC_WANT_MATH_SPEC_FUNCS__ 1
| #define _TANDEM_SOURCE 1
| #define __EXTENSIONS__ 1
| /* end confdefs.h.  */
| #include <ac_nonexistent.h>
configure:8497: checking for gfortran
configure:8518: found /opt/homebrew/bin/gfortran
configure:8530: result: gfortran
configure:8556: checking for Fortran compiler version
configure:8565: gfortran --version >&5
GNU Fortran (Homebrew GCC 16.2.0) 16.2.0
Copyright (C) 2026 Free Software Foundation, Inc.
This is free software; see the source for copying conditions.  There is NO
warranty; not even for MERCHANTABILITY or FITNESS FOR A PARTICULAR PURPOSE.

configure:8576: $? = 0
configure:8565: gfortran -v >&5
Using built-in specs.
COLLECT_GCC=gfortran
COLLECT_LTO_WRAPPER=/opt/homebrew/Cellar/gcc/16.2.0/bin/../libexec/gcc/aarch64-apple-darwin25/16/lto-wrapper
Target: aarch64-apple-darwin25
Configured with: ../configure --prefix=/opt/homebrew/opt/gcc --libdir=/opt/homebrew/opt/gcc/lib/gcc/current --disable-nls --enable-checking=release --with-gcc-major-version-only --enable-languages=c,c++,objc,obj-c++,fortran --program-suffix=-16 --with-gmp=/opt/homebrew/opt/gmp --with-mpfr=/opt/homebrew/opt/mpfr --with-mpc=/opt/homebrew/opt/libmpc --with-isl=/opt/homebrew/opt/isl --with-zstd=/opt/homebrew/opt/zstd --with-pkgversion='Homebrew GCC 16.2.0' --with-bugurl=https://github.com/Homebrew/homebrew-core/issues --with-system-zlib --build=aarch64-apple-darwin25 --with-sysroot=/Library/Developer/CommandLineTools/SDKs/MacOSX26.sdk
Thread model: posix
Supported LTO compression algorithms: zlib zstd
gcc version 16.2.0 (Homebrew GCC 16.2.0) 
configure:8576: $? = 0
configure:8565: gfortran -V >&5
gfortran: error: unrecognized command-line option '-V'
gfortran: fatal error: no input files
compilation terminated.
configure:8576: $? = 1
configure:8565: gfortran -qversion >&5
gfortran: error: unrecognized command-line option '-qversion'; did you mean '--version'?
gfortran: fatal error: no input files
compilation terminated.
configure:8576: $? = 1
configure:8585: checking whether the compiler supports GNU Fortran
configure:8599: gfortran -c   conftest.F >&5
configure:8599: $? = 0
configure:8611: result: yes
configure:8619: checking whether gfortran accepts -g
configure:8631: gfortran -c -g  conftest.f >&5
configure:8631: $? = 0
configure:8642: result: yes
configure:8751: checking for g++
configure:8772: found /usr/bin/g++
configure:8784: result: g++
configure:8811: checking for C++ compiler version
configure:8820: g++ --version >&5
Apple clang version 21.0.0 (clang-2100.1.1.101)
Target: arm64-apple-darwin25.6.0
Thread model: posix
InstalledDir: /Library/Developer/CommandLineTools/usr/bin
configure:8831: $? = 0
configure:8820: g++ -v >&5
Apple clang version 21.0.0 (clang-2100.1.1.101)
Target: arm64-apple-darwin25.6.0
Thread model: posix
InstalledDir: /Library/Developer/CommandLineTools/usr/bin
configure:8831: $? = 0
configure:8820: g++ -V >&5
clang++: error: argument to '-V' is missing (expected 1 value)
clang++: error: no input files
configure:8831: $? = 1
configure:8820: g++ -qversion >&5
clang++: error: unknown argument '-qversion'; did you mean '--version'?
clang++: error: no input files
configure:8831: $? = 1
configure:8835: checking whether the compiler supports GNU C++
configure:8855: g++ -c  -I/opt/homebrew/include conftest.cpp >&5
configure:8855: $? = 0
configure:8867: result: yes
configure:8878: checking whether g++ accepts -g
configure:8899: g++ -c -g -I/opt/homebrew/include conftest.cpp >&5
configure:8899: $? = 0
configure:8946: result: yes
configure:8966: checking for g++ option to enable C++11 features
configure:8981: g++  -c -g -O2 -I/opt/homebrew/include conftest.cpp >&5
conftest.cpp:213:25: warning: empty parentheses interpreted as a function declaration [-Wvexing-parse]
  213 |   cxx11test::delegate d2();
      |                         ^~
conftest.cpp:213:25: note: remove parentheses to declare a variable
  213 |   cxx11test::delegate d2();
      |                         ^~
1 warning generated.
configure:8981: $? = 0
configure:9000: result: none needed
configure:9071: checking whether g++ -g -O2 can compile C++ code
configure:9092: g++  -c -g -O2 -I/opt/homebrew/include conftest.cpp >&5
configure:9092: $? = 0
configure:9109: result: yes
configure:9125: checking how to run the C++ preprocessor
configure:9147: g++ -E -I/opt/homebrew/include conftest.cpp
configure:9147: $? = 0
configure:9163: g++ -E -I/opt/homebrew/include conftest.cpp
conftest.cpp:47:10: fatal error: 'ac_nonexistent.h' file not found
   47 | #include <ac_nonexistent.h>
      |          ^~~~~~~~~~~~~~~~~~
1 error generated.
configure:9163: $? = 1
configure: failed program was:
| /* confdefs.h */
| #define PACKAGE_NAME "R"
| #define PACKAGE_TARNAME "R"
| #define PACKAGE_VERSION "4.6.0"
| #define PACKAGE_STRING "R 4.6.0"
| #define PACKAGE_BUGREPORT "https://bugs.r-project.org"
| #define PACKAGE_URL "https://www.r-project.org"
| #define PACKAGE "R"
| #define VERSION "4.6.0"
| #define R_PLATFORM "aarch64-apple-darwin25.6.0"
| #define R_CPU "aarch64"
| #define R_VENDOR "apple"
| #define R_OS "darwin25.6.0"
| #define Unix 1
| #define R_ARCH ""
| #define HAVE_STDIO_H 1
| #define HAVE_STDLIB_H 1
| #define HAVE_STRING_H 1
| #define HAVE_INTTYPES_H 1
| #define HAVE_STDINT_H 1
| #define HAVE_STRINGS_H 1
| #define HAVE_SYS_STAT_H 1
| #define HAVE_SYS_TYPES_H 1
| #define HAVE_UNISTD_H 1
| #define HAVE_WCHAR_H 1
| #define HAVE_SYS_TIME_H 1
| #define HAVE_SYS_PARAM_H 1
| #define STDC_HEADERS 1
| #define _ALL_SOURCE 1
| #define _DARWIN_C_SOURCE 1
| #define _GNU_SOURCE 1
| #define _HPUX_ALT_XOPEN_SOCKET_API 1
| #define _NETBSD_SOURCE 1
| #define _OPENBSD_SOURCE 1
| #define _POSIX_PTHREAD_SEMANTICS 1
| #define __STDC_WANT_IEC_60559_ATTRIBS_EXT__ 1
| #define __STDC_WANT_IEC_60559_BFP_EXT__ 1
| #define __STDC_WANT_IEC_60559_DFP_EXT__ 1
| #define __STDC_WANT_IEC_60559_EXT__ 1
| #define __STDC_WANT_IEC_60559_FUNCS_EXT__ 1
| #define __STDC_WANT_IEC_60559_TYPES_EXT__ 1
| #define __STDC_WANT_LIB_EXT2__ 1
| #define __STDC_WANT_MATH_SPEC_FUNCS__ 1
| #define _TANDEM_SOURCE 1
| #define __EXTENSIONS__ 1
| /* end confdefs.h.  */
| #include <ac_nonexistent.h>
configure:9192: result: g++ -E
configure:9206: g++ -E -I/opt/homebrew/include conftest.cpp
configure:9206: $? = 0
configure:9222: g++ -E -I/opt/homebrew/include conftest.cpp
conftest.cpp:47:10: fatal error: 'ac_nonexistent.h' file not found
   47 | #include <ac_nonexistent.h>
      |          ^~~~~~~~~~~~~~~~~~
1 error generated.
configure:9222: $? = 1
configure: failed program was:
| /* confdefs.h */
| #define PACKAGE_NAME "R"
| #define PACKAGE_TARNAME "R"
| #define PACKAGE_VERSION "4.6.0"
| #define PACKAGE_STRING "R 4.6.0"
| #define PACKAGE_BUGREPORT "https://bugs.r-project.org"
| #define PACKAGE_URL "https://www.r-project.org"
| #define PACKAGE "R"
| #define VERSION "4.6.0"
| #define R_PLATFORM "aarch64-apple-darwin25.6.0"
| #define R_CPU "aarch64"
| #define R_VENDOR "apple"
| #define R_OS "darwin25.6.0"
| #define Unix 1
| #define R_ARCH ""
| #define HAVE_STDIO_H 1
| #define HAVE_STDLIB_H 1
| #define HAVE_STRING_H 1
| #define HAVE_INTTYPES_H 1
| #define HAVE_STDINT_H 1
| #define HAVE_STRINGS_H 1
| #define HAVE_SYS_STAT_H 1
| #define HAVE_SYS_TYPES_H 1
| #define HAVE_UNISTD_H 1
| #define HAVE_WCHAR_H 1
| #define HAVE_SYS_TIME_H 1
| #define HAVE_SYS_PARAM_H 1
| #define STDC_HEADERS 1
| #define _ALL_SOURCE 1
| #define _DARWIN_C_SOURCE 1
| #define _GNU_SOURCE 1
| #define _HPUX_ALT_XOPEN_SOCKET_API 1
| #define _NETBSD_SOURCE 1
| #define _OPENBSD_SOURCE 1
| #define _POSIX_PTHREAD_SEMANTICS 1
| #define __STDC_WANT_IEC_60559_ATTRIBS_EXT__ 1
| #define __STDC_WANT_IEC_60559_BFP_EXT__ 1
| #define __STDC_WANT_IEC_60559_DFP_EXT__ 1
| #define __STDC_WANT_IEC_60559_EXT__ 1
| #define __STDC_WANT_IEC_60559_FUNCS_EXT__ 1
| #define __STDC_WANT_IEC_60559_TYPES_EXT__ 1
| #define __STDC_WANT_LIB_EXT2__ 1
| #define __STDC_WANT_MATH_SPEC_FUNCS__ 1
| #define _TANDEM_SOURCE 1
| #define __EXTENSIONS__ 1
| /* end confdefs.h.  */
| #include <ac_nonexistent.h>
configure:9261: checking whether __attribute__((visibility())) is supported
configure:9297: result: yes
configure:9307: checking whether gcc -std=gnu23 accepts -fvisibility
configure:9324: gcc -std=gnu23 -c -g -O2 -fvisibility=hidden -I/opt/homebrew/include conftest.c >&5
configure:9324: $? = 0
configure:9334: result: yes
configure:9359: checking whether g++ accepts -fvisibility
configure:9376: g++ -c -g -O2 -fvisibility=hidden -I/opt/homebrew/include conftest.cpp >&5
configure:9376: $? = 0
configure:9386: result: yes
configure:9416: checking whether gfortran accepts -fvisibility
configure:9427: gfortran -c -g -O2 -fvisibility=hidden  conftest.f >&5
configure:9427: $? = 0
configure:9437: result: yes
configure:9524: checking for gcc
configure:9545: found /usr/bin/gcc
configure:9557: result: gcc
configure:9582: checking for Objective C compiler version
configure:9591: gcc --version >&5
Apple clang version 21.0.0 (clang-2100.1.1.101)
Target: arm64-apple-darwin25.6.0
Thread model: posix
InstalledDir: /Library/Developer/CommandLineTools/usr/bin
configure:9602: $? = 0
configure:9591: gcc -v >&5
Apple clang version 21.0.0 (clang-2100.1.1.101)
Target: arm64-apple-darwin25.6.0
Thread model: posix
InstalledDir: /Library/Developer/CommandLineTools/usr/bin
configure:9602: $? = 0
configure:9591: gcc -V >&5
clang: error: argument to '-V' is missing (expected 1 value)
clang: error: no input files
configure:9602: $? = 1
configure:9591: gcc -qversion >&5
clang: error: unknown argument '-qversion'; did you mean '--version'?
clang: error: no input files
configure:9602: $? = 1
configure:9606: checking whether the compiler supports GNU Objective C
configure:9626: gcc -c  -I/opt/homebrew/include conftest.m >&5
configure:9626: $? = 0
configure:9638: result: yes
configure:9649: checking whether gcc accepts -g
configure:9670: gcc -c -g -I/opt/homebrew/include conftest.m >&5
configure:9670: $? = 0
configure:9717: result: yes
configure:9760: gcc -c -g -O2 -I/opt/homebrew/include conftest.m >&5
configure:9760: $? = 0
configure:9788: checking whether gcc -std=gnu17 is a C17 compiler
configure:9836: gcc -std=gnu17 -o conftest -g -O2 -I/opt/homebrew/include -L/opt/homebrew/lib conftest.c  >&5
conftest.c:60:14: warning: a function definition without a prototype is deprecated in all versions of C and is not supported in C23 [-Wdeprecated-non-prototype]
   60 | static char *e (p, i)
      |              ^
conftest.c:74:10: warning: passing arguments to 'addup' without a prototype is deprecated in all versions of C and is not supported in C23 [-Wdeprecated-non-prototype]
   74 |     addup(4, 0.0, 0.0);
      |          ^
conftest.c:71:13: warning: a function declaration without a prototype is deprecated in all versions of C and is treated as a zero-parameter prototype in C23, conflicting with a subsequent definition [-Wdeprecated-non-prototype]
   71 | static void addup();
      |             ^
conftest.c:76:13: note: conflicting prototype is here
   76 | static void addup(int itime, double haz, double var){}
      |             ^
3 warnings generated.
configure:9836: $? = 0
configure:9836: ./conftest
configure:9836: $? = 0
configure:9850: result: yes
configure:9934: checking whether gcc -std=gnu90 is a C90 compiler
configure:9964: gcc -std=gnu90 -o conftest -g -O2 -I/opt/homebrew/include -L/opt/homebrew/lib conftest.c  >&5
conftest.c:54:14: warning: a function definition without a prototype is deprecated in all versions of C and is not supported in C23 [-Wdeprecated-non-prototype]
   54 | static char *e (p, i)
      |              ^
1 warning generated.
configure:9964: $? = 0
configure:9964: ./conftest
configure:9964: $? = 0
configure:9978: result: yes
configure:9992: checking whether gcc -std=gnu99 is a C99 compiler
configure:10027: gcc -std=gnu99 -o conftest -g -O2 -I/opt/homebrew/include -L/opt/homebrew/lib conftest.c  >&5
conftest.c:58:14: warning: a function definition without a prototype is deprecated in all versions of C and is not supported in C23 [-Wdeprecated-non-prototype]
   58 | static char *e (p, i)
      |              ^
1 warning generated.
configure:10027: $? = 0
configure:10027: ./conftest
configure:10027: $? = 0
configure:10041: result: yes
configure:10137: checking how to print strings
configure:10164: result: printf
configure:10185: checking for a sed that does not truncate output
configure:10257: result: /usr/bin/sed
configure:10275: checking for grep that handles long lines and -e
configure:10341: result: /usr/bin/grep
configure:10346: checking for egrep
configure:10416: result: /usr/bin/grep -E
configure:10423: checking for fgrep
configure:10493: result: /usr/bin/grep -F
configure:10530: checking for ld used by gcc -std=gnu23
configure:10599: result: /Library/Developer/CommandLineTools/usr/bin/ld
configure:10606: checking if the linker (/Library/Developer/CommandLineTools/usr/bin/ld) is GNU ld
configure:10623: result: no
configure:10635: checking for BSD- or MS-compatible name lister (nm)
configure:10691: result: /usr/bin/nm -B
configure:10833: checking the name lister (/usr/bin/nm -B) interface
configure:10841: gcc -std=gnu23 -c -g -O2 -I/opt/homebrew/include conftest.c >&5
configure:10844: /usr/bin/nm -B "conftest.o"
configure:10847: output
0000000000000264 S _some_variable
0000000000000000 t ltmp0
0000000000000264 s ltmp1
configure:10855: result: BSD nm
configure:10859: checking the maximum length of command line arguments
configure:10995: result: none
configure:11040: checking how to convert aarch64-apple-darwin25.6.0 file names to aarch64-apple-darwin25.6.0 format
configure:11082: result: func_convert_file_noop
configure:11089: checking how to convert aarch64-apple-darwin25.6.0 file names to toolchain format
configure:11111: result: func_convert_file_noop
configure:11118: checking for /Library/Developer/CommandLineTools/usr/bin/ld option to reload object files
configure:11127: result: -r
configure:11207: checking for objdump
configure:11228: found /usr/bin/objdump
configure:11240: result: objdump
configure:11272: checking how to recognize dependent libraries
configure:11474: result: pass_all
configure:11565: checking for dlltool
configure:11601: result: no
configure:11631: checking how to associate runtime and link libraries
configure:11660: result: printf %s\n
configure:11796: checking for archiver @FILE support
configure:11814: gcc -std=gnu23 -c -g -O2 -I/opt/homebrew/include conftest.c >&5
configure:11814: $? = 0
configure:11818: ar cru libconftest.a @conftest.lst >&5
ar: @conftest.lst: No such file or directory
configure:11821: $? = 1
configure:11842: result: no
configure:11906: checking for strip
configure:11927: found /usr/bin/strip
configure:11939: result: strip
configure:12017: checking for ranlib
configure:12038: found /usr/bin/ranlib
configure:12050: result: ranlib
configure:12127: checking for gawk
configure:12163: result: no
configure:12127: checking for mawk
configure:12163: result: no
configure:12127: checking for nawk
configure:12163: result: no
configure:12127: checking for awk
configure:12148: found /usr/bin/awk
configure:12160: result: awk
configure:12200: checking command to parse /usr/bin/nm -B output from gcc -std=gnu23 object
configure:12354: gcc -std=gnu23 -c -g -O2 -I/opt/homebrew/include conftest.c >&5
configure:12357: $? = 0
configure:12361: /usr/bin/nm -B conftest.o \| sed -n -e 's/^.*[ ]\([ABCDGIRSTW][ABCDGIRSTW]*\)[ ][ ]*\([_A-Za-z][_A-Za-z0-9]*\)$/\1 \2 \2/p' | sed '/ __gnu_lto/d' \> conftest.nm
configure:12364: $? = 0
cannot find nm_test_var in conftest.nm
configure:12354: gcc -std=gnu23 -c -g -O2 -I/opt/homebrew/include conftest.c >&5
configure:12357: $? = 0
configure:12361: /usr/bin/nm -B conftest.o \| sed -n -e 's/^.*[ ]\([ABCDGIRSTW][ABCDGIRSTW]*\)[ ][ ]*_\([_A-Za-z][_A-Za-z0-9]*\)$/\1 _\2 \2/p' | sed '/ __gnu_lto/d' \> conftest.nm
configure:12364: $? = 0
configure:12430: gcc -std=gnu23 -o conftest -g -O2 -I/opt/homebrew/include -L/opt/homebrew/lib conftest.c conftstm.o >&5
configure:12433: $? = 0
configure:12472: result: ok
configure:12519: checking for sysroot
configure:12551: result: no
configure:12558: checking for a working dd
configure:12603: result: /bin/dd
configure:12607: checking how to truncate binary pipes
configure:12624: result: /bin/dd bs=4096 count=1
configure:12964: checking for mt
configure:13000: result: no
configure:13020: checking if : is a manifest tool
configure:13027: : '-?'
configure:13036: result: no
configure:13098: checking for dsymutil
configure:13119: found /usr/bin/dsymutil
configure:13131: result: dsymutil
configure:13202: checking for nmedit
configure:13223: found /usr/bin/nmedit
configure:13235: result: nmedit
configure:13306: checking for lipo
configure:13327: found /usr/bin/lipo
configure:13339: result: lipo
configure:13410: checking for otool
configure:13431: found /usr/bin/otool
configure:13443: result: otool
configure:13514: checking for otool64
configure:13550: result: no
configure:13595: checking for -single_module linker flag
gcc -std=gnu23 -g -O2 -L/opt/homebrew/lib -o libconftest.dylib -dynamiclib -Wl,-single_module conftest.c
ld: warning: -single_module is obsolete
configure:13630: result: no
configure:13633: checking for -exported_symbols_list linker flag
configure:13654: gcc -std=gnu23 -o conftest -g -O2 -I/opt/homebrew/include -L/opt/homebrew/lib -Wl,-exported_symbols_list,conftest.sym conftest.c  >&5
configure:13654: $? = 0
configure:13667: result: yes
configure:13670: checking for -force_load linker flag
gcc -std=gnu23 -g -O2 -c -o conftest.o conftest.c
ar cru libconftest.a conftest.o
ranlib libconftest.a
gcc -std=gnu23 -g -O2 -L/opt/homebrew/lib -o conftest conftest.c -Wl,-force_load,./libconftest.a
configure:13704: result: yes
configure:13776: checking for dlfcn.h
configure:13776: gcc -std=gnu23 -c -g -O2 -I/opt/homebrew/include conftest.c >&5
configure:13776: $? = 0
configure:13776: result: yes
configure:14020: checking for objdir
configure:14037: result: .libs
configure:14299: checking if gcc -std=gnu23 supports -fno-rtti -fno-exceptions
configure:14318: gcc -std=gnu23 -c -g -O2 -I/opt/homebrew/include -fno-rtti -fno-exceptions conftest.c >&5
configure:14322: $? = 0
configure:14336: result: yes
configure:14694: checking for gcc -std=gnu23 option to produce PIC
configure:14703: result: -fno-common -DPIC
configure:14711: checking if gcc -std=gnu23 PIC flag -fno-common -DPIC works
configure:14730: gcc -std=gnu23 -c -g -O2 -I/opt/homebrew/include -fno-common -DPIC -DPIC conftest.c >&5
configure:14734: $? = 0
configure:14748: result: yes
configure:14777: checking if gcc -std=gnu23 static flag -static works
configure:14807: result: no
configure:14822: checking if gcc -std=gnu23 supports -c -o file.o
configure:14844: gcc -std=gnu23 -c -g -O2 -I/opt/homebrew/include -o out/conftest2.o conftest.c >&5
configure:14848: $? = 0
configure:14871: result: yes
configure:14879: checking if gcc -std=gnu23 supports -c -o file.o
configure:14928: result: yes
configure:14961: checking whether the gcc -std=gnu23 linker (/Library/Developer/CommandLineTools/usr/bin/ld) supports shared libraries
configure:16232: result: yes
configure:16474: checking dynamic linker characteristics
configure:17296: result: darwin25.6.0 dyld
configure:17418: checking how to hardcode library paths into programs
configure:17443: result: immediate
configure:18043: checking whether stripping libraries is possible
configure:18057: result: yes
configure:18083: checking if libtool supports shared libraries
configure:18085: result: yes
configure:18088: checking whether to build shared libraries
configure:18113: result: yes
configure:18116: checking whether to build static libraries
configure:18120: result: no
configure:18143: checking how to run the C++ preprocessor
configure:18210: result: g++ -E
configure:18224: g++ -E -I/opt/homebrew/include conftest.cpp
configure:18224: $? = 0
configure:18240: g++ -E -I/opt/homebrew/include conftest.cpp
conftest.cpp:50:10: fatal error: 'ac_nonexistent.h' file not found
   50 | #include <ac_nonexistent.h>
      |          ^~~~~~~~~~~~~~~~~~
1 error generated.
configure:18240: $? = 1
configure: failed program was:
| /* confdefs.h */
| #define PACKAGE_NAME "R"
| #define PACKAGE_TARNAME "R"
| #define PACKAGE_VERSION "4.6.0"
| #define PACKAGE_STRING "R 4.6.0"
| #define PACKAGE_BUGREPORT "https://bugs.r-project.org"
| #define PACKAGE_URL "https://www.r-project.org"
| #define PACKAGE "R"
| #define VERSION "4.6.0"
| #define R_PLATFORM "aarch64-apple-darwin25.6.0"
| #define R_CPU "aarch64"
| #define R_VENDOR "apple"
| #define R_OS "darwin25.6.0"
| #define Unix 1
| #define R_ARCH ""
| #define HAVE_STDIO_H 1
| #define HAVE_STDLIB_H 1
| #define HAVE_STRING_H 1
| #define HAVE_INTTYPES_H 1
| #define HAVE_STDINT_H 1
| #define HAVE_STRINGS_H 1
| #define HAVE_SYS_STAT_H 1
| #define HAVE_SYS_TYPES_H 1
| #define HAVE_UNISTD_H 1
| #define HAVE_WCHAR_H 1
| #define HAVE_SYS_TIME_H 1
| #define HAVE_SYS_PARAM_H 1
| #define STDC_HEADERS 1
| #define _ALL_SOURCE 1
| #define _DARWIN_C_SOURCE 1
| #define _GNU_SOURCE 1
| #define _HPUX_ALT_XOPEN_SOCKET_API 1
| #define _NETBSD_SOURCE 1
| #define _OPENBSD_SOURCE 1
| #define _POSIX_PTHREAD_SEMANTICS 1
| #define __STDC_WANT_IEC_60559_ATTRIBS_EXT__ 1
| #define __STDC_WANT_IEC_60559_BFP_EXT__ 1
| #define __STDC_WANT_IEC_60559_DFP_EXT__ 1
| #define __STDC_WANT_IEC_60559_EXT__ 1
| #define __STDC_WANT_IEC_60559_FUNCS_EXT__ 1
| #define __STDC_WANT_IEC_60559_TYPES_EXT__ 1
| #define __STDC_WANT_LIB_EXT2__ 1
| #define __STDC_WANT_MATH_SPEC_FUNCS__ 1
| #define _TANDEM_SOURCE 1
| #define __EXTENSIONS__ 1
| #define HAVE_VISIBILITY_ATTRIBUTE 1
| #define HAVE_DLFCN_H 1
| #define LT_OBJDIR ".libs/"
| /* end confdefs.h.  */
| #include <ac_nonexistent.h>
configure:18408: checking for ld used by g++
configure:18477: result: /Library/Developer/CommandLineTools/usr/bin/ld
configure:18484: checking if the linker (/Library/Developer/CommandLineTools/usr/bin/ld) is GNU ld
configure:18501: result: no
configure:18556: checking whether the g++ linker (/Library/Developer/CommandLineTools/usr/bin/ld) supports shared libraries
configure:19635: result: yes
configure:19671: g++ -c -g -O2 -I/opt/homebrew/include conftest.cpp >&5
configure:19674: $? = 0
configure:20155: checking for g++ option to produce PIC
configure:20164: result: -fno-common -DPIC
configure:20172: checking if g++ PIC flag -fno-common -DPIC works
configure:20191: g++ -c -g -O2 -I/opt/homebrew/include -fno-common -DPIC -DPIC conftest.cpp >&5
configure:20195: $? = 0
configure:20209: result: yes
configure:20232: checking if g++ static flag -static works
configure:20262: result: no
configure:20274: checking if g++ supports -c -o file.o
configure:20296: g++ -c -g -O2 -I/opt/homebrew/include -o out/conftest2.o conftest.cpp >&5
configure:20300: $? = 0
configure:20323: result: yes
configure:20328: checking if g++ supports -c -o file.o
configure:20377: result: yes
configure:20407: checking whether the g++ linker (/Library/Developer/CommandLineTools/usr/bin/ld) supports shared libraries
configure:20447: result: yes
configure:20590: checking dynamic linker characteristics
configure:21339: result: darwin25.6.0 dyld
configure:21404: checking how to hardcode library paths into programs
configure:21429: result: immediate
configure:21575: checking if libtool supports shared libraries
configure:21577: result: yes
configure:21580: checking whether to build shared libraries
configure:21604: result: yes
configure:21607: checking whether to build static libraries
configure:21611: result: no
configure:21645: gfortran -c -g -O2  conftest.f >&5
configure:21648: $? = 0
configure:22108: checking for gfortran option to produce PIC
configure:22117: result: -fno-common
configure:22125: checking if gfortran PIC flag -fno-common works
configure:22144: gfortran -c -g -O2 -fno-common  conftest.f >&5
configure:22148: $? = 0
configure:22162: result: yes
configure:22185: checking if gfortran static flag -static works
configure:22215: result: no
configure:22227: checking if gfortran supports -c -o file.o
configure:22249: gfortran -c -g -O2 -o out/conftest2.o  conftest.f >&5
configure:22253: $? = 0
configure:22276: result: yes
configure:22281: checking if gfortran supports -c -o file.o
configure:22330: result: yes
configure:22360: checking whether the gfortran linker (/Library/Developer/CommandLineTools/usr/bin/ld) supports shared libraries
configure:23579: result: yes
configure:23722: checking dynamic linker characteristics
configure:24465: result: darwin25.6.0 dyld
configure:24530: checking how to hardcode library paths into programs
configure:24555: result: immediate
configure:24843: checking for sin in -lm
configure:24872: gcc -std=gnu23 -o conftest -g -O2 -I/opt/homebrew/include -L/opt/homebrew/lib conftest.c -lm   >&5
conftest.c:60:6: warning: incompatible redeclaration of library function 'sin' [-Wincompatible-library-redeclaration]
   60 | char sin (void);
      |      ^
conftest.c:60:6: note: 'sin' is a builtin with type 'double (double)'
1 warning generated.
configure:24872: $? = 0
configure:24884: result: yes
configure:24894: checking for dlopen in -ldl
configure:24923: gcc -std=gnu23 -o conftest -g -O2 -I/opt/homebrew/include -L/opt/homebrew/lib conftest.c -ldl  -lm  >&5
configure:24923: $? = 0
configure:24935: result: yes
configure:25334: checking for dirent.h that defines DIR
configure:25354: gcc -std=gnu23 -c -g -O2 -I/opt/homebrew/include conftest.c >&5
configure:25354: $? = 0
configure:25365: result: yes
configure:25379: checking for library containing opendir
configure:25415: gcc -std=gnu23 -o conftest -g -O2 -I/opt/homebrew/include -L/opt/homebrew/lib conftest.c -ldl -lm  >&5
configure:25415: $? = 0
configure:25437: result: none required
configure:25520: checking for sys/wait.h that is POSIX.1 compatible
configure:25547: gcc -std=gnu23 -c -g -O2 -I/opt/homebrew/include conftest.c >&5
configure:25547: $? = 0
configure:25557: result: yes
configure:25571: checking for dlfcn.h
configure:25571: result: yes
configure:25577: checking for fcntl.h
configure:25577: gcc -std=gnu23 -c -g -O2 -I/opt/homebrew/include conftest.c >&5
configure:25577: $? = 0
configure:25577: result: yes
configure:25583: checking for glob.h
configure:25583: gcc -std=gnu23 -c -g -O2 -I/opt/homebrew/include conftest.c >&5
configure:25583: $? = 0
configure:25583: result: yes
configure:25589: checking for grp.h
configure:25589: gcc -std=gnu23 -c -g -O2 -I/opt/homebrew/include conftest.c >&5
configure:25589: $? = 0
configure:25589: result: yes
configure:25595: checking for pwd.h
configure:25595: gcc -std=gnu23 -c -g -O2 -I/opt/homebrew/include conftest.c >&5
configure:25595: $? = 0
configure:25595: result: yes
configure:25601: checking for sched.h
configure:25601: gcc -std=gnu23 -c -g -O2 -I/opt/homebrew/include conftest.c >&5
configure:25601: $? = 0
configure:25601: result: yes
configure:25607: checking for strings.h
configure:25607: result: yes
configure:25613: checking for sys/resource.h
configure:25613: gcc -std=gnu23 -c -g -O2 -I/opt/homebrew/include conftest.c >&5
configure:25613: $? = 0
configure:25613: result: yes
configure:25619: checking for sys/select.h
configure:25619: gcc -std=gnu23 -c -g -O2 -I/opt/homebrew/include conftest.c >&5
configure:25619: $? = 0
configure:25619: result: yes
configure:25625: checking for sys/socket.h
configure:25625: gcc -std=gnu23 -c -g -O2 -I/opt/homebrew/include conftest.c >&5
configure:25625: $? = 0
configure:25625: result: yes
configure:25631: checking for sys/stat.h
configure:25631: result: yes
configure:25637: checking for sys/time.h
configure:25637: result: yes
configure:25643: checking for sys/times.h
configure:25643: gcc -std=gnu23 -c -g -O2 -I/opt/homebrew/include conftest.c >&5
configure:25643: $? = 0
configure:25643: result: yes
configure:25649: checking for sys/utsname.h
configure:25649: gcc -std=gnu23 -c -g -O2 -I/opt/homebrew/include conftest.c >&5
configure:25649: $? = 0
configure:25649: result: yes
configure:25655: checking for unistd.h
configure:25655: result: yes
configure:25661: checking for utime.h
configure:25661: gcc -std=gnu23 -c -g -O2 -I/opt/homebrew/include conftest.c >&5
configure:25661: $? = 0
configure:25661: result: yes
configure:25672: checking for arpa/inet.h
configure:25672: gcc -std=gnu23 -c -g -O2 -I/opt/homebrew/include conftest.c >&5
configure:25672: $? = 0
configure:25672: result: yes
configure:25678: checking for elf.h
configure:25678: gcc -std=gnu23 -c -g -O2 -I/opt/homebrew/include conftest.c >&5
conftest.c:99:10: fatal error: 'elf.h' file not found
   99 | #include <elf.h>
      |          ^~~~~~~
1 error generated.
configure:25678: $? = 1
configure: failed program was:
| /* confdefs.h */
| #define PACKAGE_NAME "R"
| #define PACKAGE_TARNAME "R"
| #define PACKAGE_VERSION "4.6.0"
| #define PACKAGE_STRING "R 4.6.0"
| #define PACKAGE_BUGREPORT "https://bugs.r-project.org"
| #define PACKAGE_URL "https://www.r-project.org"
| #define PACKAGE "R"
| #define VERSION "4.6.0"
| #define R_PLATFORM "aarch64-apple-darwin25.6.0"
| #define R_CPU "aarch64"
| #define R_VENDOR "apple"
| #define R_OS "darwin25.6.0"
| #define Unix 1
| #define R_ARCH ""
| #define HAVE_STDIO_H 1
| #define HAVE_STDLIB_H 1
| #define HAVE_STRING_H 1
| #define HAVE_INTTYPES_H 1
| #define HAVE_STDINT_H 1
| #define HAVE_STRINGS_H 1
| #define HAVE_SYS_STAT_H 1
| #define HAVE_SYS_TYPES_H 1
| #define HAVE_UNISTD_H 1
| #define HAVE_WCHAR_H 1
| #define HAVE_SYS_TIME_H 1
| #define HAVE_SYS_PARAM_H 1
| #define STDC_HEADERS 1
| #define _ALL_SOURCE 1
| #define _DARWIN_C_SOURCE 1
| #define _GNU_SOURCE 1
| #define _HPUX_ALT_XOPEN_SOCKET_API 1
| #define _NETBSD_SOURCE 1
| #define _OPENBSD_SOURCE 1
| #define _POSIX_PTHREAD_SEMANTICS 1
| #define __STDC_WANT_IEC_60559_ATTRIBS_EXT__ 1
| #define __STDC_WANT_IEC_60559_BFP_EXT__ 1
| #define __STDC_WANT_IEC_60559_DFP_EXT__ 1
| #define __STDC_WANT_IEC_60559_EXT__ 1
| #define __STDC_WANT_IEC_60559_FUNCS_EXT__ 1
| #define __STDC_WANT_IEC_60559_TYPES_EXT__ 1
| #define __STDC_WANT_LIB_EXT2__ 1
| #define __STDC_WANT_MATH_SPEC_FUNCS__ 1
| #define _TANDEM_SOURCE 1
| #define __EXTENSIONS__ 1
| #define HAVE_VISIBILITY_ATTRIBUTE 1
| #define HAVE_DLFCN_H 1
| #define LT_OBJDIR ".libs/"
| #define HAVE_LIBM 1
| #define HAVE_LIBDL 1
| #define HAVE_DIRENT_H 1
| #define HAVE_SYS_WAIT_H 1
| #define HAVE_DLFCN_H 1
| #define HAVE_FCNTL_H 1
| #define HAVE_GLOB_H 1
| #define HAVE_GRP_H 1
| #define HAVE_PWD_H 1
| #define HAVE_SCHED_H 1
| #define HAVE_STRINGS_H 1
| #define HAVE_SYS_RESOURCE_H 1
| #define HAVE_SYS_SELECT_H 1
| #define HAVE_SYS_SOCKET_H 1
| #define HAVE_SYS_STAT_H 1
| #define HAVE_SYS_TIME_H 1
| #define HAVE_SYS_TIMES_H 1
| #define HAVE_SYS_UTSNAME_H 1
| #define HAVE_UNISTD_H 1
| #define HAVE_UTIME_H 1
| #define HAVE_ARPA_INET_H 1
| /* end confdefs.h.  */
| #include <stddef.h>
| #ifdef HAVE_STDIO_H
| # include <stdio.h>
| #endif
| #ifdef HAVE_STDLIB_H
| # include <stdlib.h>
| #endif
| #ifdef HAVE_STRING_H
| # include <string.h>
| #endif
| #ifdef HAVE_INTTYPES_H
| # include <inttypes.h>
| #endif
| #ifdef HAVE_STDINT_H
| # include <stdint.h>
| #endif
| #ifdef HAVE_STRINGS_H
| # include <strings.h>
| #endif
| #ifdef HAVE_SYS_TYPES_H
| # include <sys/types.h>
| #endif
| #ifdef HAVE_SYS_STAT_H
| # include <sys/stat.h>
| #endif
| #ifdef HAVE_UNISTD_H
| # include <unistd.h>
| #endif
| #include <elf.h>
configure:25678: result: no
configure:25684: checking for features.h
configure:25684: gcc -std=gnu23 -c -g -O2 -I/opt/homebrew/include conftest.c >&5
conftest.c:99:10: fatal error: 'features.h' file not found
   99 | #include <features.h>
      |          ^~~~~~~~~~~~
1 error generated.
configure:25684: $? = 1
configure: failed program was:
| /* confdefs.h */
| #define PACKAGE_NAME "R"
| #define PACKAGE_TARNAME "R"
| #define PACKAGE_VERSION "4.6.0"
| #define PACKAGE_STRING "R 4.6.0"
| #define PACKAGE_BUGREPORT "https://bugs.r-project.org"
| #define PACKAGE_URL "https://www.r-project.org"
| #define PACKAGE "R"
| #define VERSION "4.6.0"
| #define R_PLATFORM "aarch64-apple-darwin25.6.0"
| #define R_CPU "aarch64"
| #define R_VENDOR "apple"
| #define R_OS "darwin25.6.0"
| #define Unix 1
| #define R_ARCH ""
| #define HAVE_STDIO_H 1
| #define HAVE_STDLIB_H 1
| #define HAVE_STRING_H 1
| #define HAVE_INTTYPES_H 1
| #define HAVE_STDINT_H 1
| #define HAVE_STRINGS_H 1
| #define HAVE_SYS_STAT_H 1
| #define HAVE_SYS_TYPES_H 1
| #define HAVE_UNISTD_H 1
| #define HAVE_WCHAR_H 1
| #define HAVE_SYS_TIME_H 1
| #define HAVE_SYS_PARAM_H 1
| #define STDC_HEADERS 1
| #define _ALL_SOURCE 1
| #define _DARWIN_C_SOURCE 1
| #define _GNU_SOURCE 1
| #define _HPUX_ALT_XOPEN_SOCKET_API 1
| #define _NETBSD_SOURCE 1
| #define _OPENBSD_SOURCE 1
| #define _POSIX_PTHREAD_SEMANTICS 1
| #define __STDC_WANT_IEC_60559_ATTRIBS_EXT__ 1
| #define __STDC_WANT_IEC_60559_BFP_EXT__ 1
| #define __STDC_WANT_IEC_60559_DFP_EXT__ 1
| #define __STDC_WANT_IEC_60559_EXT__ 1
| #define __STDC_WANT_IEC_60559_FUNCS_EXT__ 1
| #define __STDC_WANT_IEC_60559_TYPES_EXT__ 1
| #define __STDC_WANT_LIB_EXT2__ 1
| #define __STDC_WANT_MATH_SPEC_FUNCS__ 1
| #define _TANDEM_SOURCE 1
| #define __EXTENSIONS__ 1
| #define HAVE_VISIBILITY_ATTRIBUTE 1
| #define HAVE_DLFCN_H 1
| #define LT_OBJDIR ".libs/"
| #define HAVE_LIBM 1
| #define HAVE_LIBDL 1
| #define HAVE_DIRENT_H 1
| #define HAVE_SYS_WAIT_H 1
| #define HAVE_DLFCN_H 1
| #define HAVE_FCNTL_H 1
| #define HAVE_GLOB_H 1
| #define HAVE_GRP_H 1
| #define HAVE_PWD_H 1
| #define HAVE_SCHED_H 1
| #define HAVE_STRINGS_H 1
| #define HAVE_SYS_RESOURCE_H 1
| #define HAVE_SYS_SELECT_H 1
| #define HAVE_SYS_SOCKET_H 1
| #define HAVE_SYS_STAT_H 1
| #define HAVE_SYS_TIME_H 1
| #define HAVE_SYS_TIMES_H 1
| #define HAVE_SYS_UTSNAME_H 1
| #define HAVE_UNISTD_H 1
| #define HAVE_UTIME_H 1
| #define HAVE_ARPA_INET_H 1
| /* end confdefs.h.  */
| #include <stddef.h>
| #ifdef HAVE_STDIO_H
| # include <stdio.h>
| #endif
| #ifdef HAVE_STDLIB_H
| # include <stdlib.h>
| #endif
| #ifdef HAVE_STRING_H
| # include <string.h>
| #endif
| #ifdef HAVE_INTTYPES_H
| # include <inttypes.h>
| #endif
| #ifdef HAVE_STDINT_H
| # include <stdint.h>
| #endif
| #ifdef HAVE_STRINGS_H
| # include <strings.h>
| #endif
| #ifdef HAVE_SYS_TYPES_H
| # include <sys/types.h>
| #endif
| #ifdef HAVE_SYS_STAT_H
| # include <sys/stat.h>
| #endif
| #ifdef HAVE_UNISTD_H
| # include <unistd.h>
| #endif
| #include <features.h>
configure:25684: result: no
configure:25690: checking for floatingpoint.h
configure:25690: gcc -std=gnu23 -c -g -O2 -I/opt/homebrew/include conftest.c >&5
conftest.c:99:10: fatal error: 'floatingpoint.h' file not found
   99 | #include <floatingpoint.h>
      |          ^~~~~~~~~~~~~~~~~
1 error generated.
configure:25690: $? = 1
configure: failed program was:
| /* confdefs.h */
| #define PACKAGE_NAME "R"
| #define PACKAGE_TARNAME "R"
| #define PACKAGE_VERSION "4.6.0"
| #define PACKAGE_STRING "R 4.6.0"
| #define PACKAGE_BUGREPORT "https://bugs.r-project.org"
| #define PACKAGE_URL "https://www.r-project.org"
| #define PACKAGE "R"
| #define VERSION "4.6.0"
| #define R_PLATFORM "aarch64-apple-darwin25.6.0"
| #define R_CPU "aarch64"
| #define R_VENDOR "apple"
| #define R_OS "darwin25.6.0"
| #define Unix 1
| #define R_ARCH ""
| #define HAVE_STDIO_H 1
| #define HAVE_STDLIB_H 1
| #define HAVE_STRING_H 1
| #define HAVE_INTTYPES_H 1
| #define HAVE_STDINT_H 1
| #define HAVE_STRINGS_H 1
| #define HAVE_SYS_STAT_H 1
| #define HAVE_SYS_TYPES_H 1
| #define HAVE_UNISTD_H 1
| #define HAVE_WCHAR_H 1
| #define HAVE_SYS_TIME_H 1
| #define HAVE_SYS_PARAM_H 1
| #define STDC_HEADERS 1
| #define _ALL_SOURCE 1
| #define _DARWIN_C_SOURCE 1
| #define _GNU_SOURCE 1
| #define _HPUX_ALT_XOPEN_SOCKET_API 1
| #define _NETBSD_SOURCE 1
| #define _OPENBSD_SOURCE 1
| #define _POSIX_PTHREAD_SEMANTICS 1
| #define __STDC_WANT_IEC_60559_ATTRIBS_EXT__ 1
| #define __STDC_WANT_IEC_60559_BFP_EXT__ 1
| #define __STDC_WANT_IEC_60559_DFP_EXT__ 1
| #define __STDC_WANT_IEC_60559_EXT__ 1
| #define __STDC_WANT_IEC_60559_FUNCS_EXT__ 1
| #define __STDC_WANT_IEC_60559_TYPES_EXT__ 1
| #define __STDC_WANT_LIB_EXT2__ 1
| #define __STDC_WANT_MATH_SPEC_FUNCS__ 1
| #define _TANDEM_SOURCE 1
| #define __EXTENSIONS__ 1
| #define HAVE_VISIBILITY_ATTRIBUTE 1
| #define HAVE_DLFCN_H 1
| #define LT_OBJDIR ".libs/"
| #define HAVE_LIBM 1
| #define HAVE_LIBDL 1
| #define HAVE_DIRENT_H 1
| #define HAVE_SYS_WAIT_H 1
| #define HAVE_DLFCN_H 1
| #define HAVE_FCNTL_H 1
| #define HAVE_GLOB_H 1
| #define HAVE_GRP_H 1
| #define HAVE_PWD_H 1
| #define HAVE_SCHED_H 1
| #define HAVE_STRINGS_H 1
| #define HAVE_SYS_RESOURCE_H 1
| #define HAVE_SYS_SELECT_H 1
| #define HAVE_SYS_SOCKET_H 1
| #define HAVE_SYS_STAT_H 1
| #define HAVE_SYS_TIME_H 1
| #define HAVE_SYS_TIMES_H 1
| #define HAVE_SYS_UTSNAME_H 1
| #define HAVE_UNISTD_H 1
| #define HAVE_UTIME_H 1
| #define HAVE_ARPA_INET_H 1
| /* end confdefs.h.  */
| #include <stddef.h>
| #ifdef HAVE_STDIO_H
| # include <stdio.h>
| #endif
| #ifdef HAVE_STDLIB_H
| # include <stdlib.h>
| #endif
| #ifdef HAVE_STRING_H
| # include <string.h>
| #endif
| #ifdef HAVE_INTTYPES_H
| # include <inttypes.h>
| #endif
| #ifdef HAVE_STDINT_H
| # include <stdint.h>
| #endif
| #ifdef HAVE_STRINGS_H
| # include <strings.h>
| #endif
| #ifdef HAVE_SYS_TYPES_H
| # include <sys/types.h>
| #endif
| #ifdef HAVE_SYS_STAT_H
| # include <sys/stat.h>
| #endif
| #ifdef HAVE_UNISTD_H
| # include <unistd.h>
| #endif
| #include <floatingpoint.h>
configure:25690: result: no
configure:25696: checking for langinfo.h
configure:25696: gcc -std=gnu23 -c -g -O2 -I/opt/homebrew/include conftest.c >&5
configure:25696: $? = 0
configure:25696: result: yes
configure:25702: checking for netdb.h
configure:25702: gcc -std=gnu23 -c -g -O2 -I/opt/homebrew/include conftest.c >&5
configure:25702: $? = 0
configure:25702: result: yes
configure:25708: checking for netinet/in.h
configure:25708: gcc -std=gnu23 -c -g -O2 -I/opt/homebrew/include conftest.c >&5
configure:25708: $? = 0
configure:25708: result: yes
configure:25714: checking for sys/param.h
configure:25714: result: yes
configure:25722: checking for stdalign.h
configure:25722: gcc -std=gnu23 -c -g -O2 -I/opt/homebrew/include conftest.c >&5
configure:25722: $? = 0
configure:25722: result: yes
configure:25731: checking for errno.h
configure:25731: gcc -std=gnu23 -c -g -O2 -I/opt/homebrew/include conftest.c >&5
configure:25731: $? = 0
configure:25731: result: yes
configure:25737: checking for inttypes.h
configure:25737: result: yes
configure:25743: checking for limits.h
configure:25743: gcc -std=gnu23 -c -g -O2 -I/opt/homebrew/include conftest.c >&5
configure:25743: $? = 0
configure:25743: result: yes
configure:25749: checking for locale.h
configure:25749: gcc -std=gnu23 -c -g -O2 -I/opt/homebrew/include conftest.c >&5
configure:25749: $? = 0
configure:25749: result: yes
configure:25755: checking for stdarg.h
configure:25755: gcc -std=gnu23 -c -g -O2 -I/opt/homebrew/include conftest.c >&5
configure:25755: $? = 0
configure:25755: result: yes
configure:25761: checking for stdbool.h
configure:25761: gcc -std=gnu23 -c -g -O2 -I/opt/homebrew/include conftest.c >&5
configure:25761: $? = 0
configure:25761: result: yes
configure:25767: checking for stdint.h
configure:25767: result: yes
configure:25773: checking for string.h
configure:25773: result: yes
configure:25786: checking for gcc -std=gnu23 options needed to detect all undeclared functions
configure:25808: gcc -std=gnu23 -c -g -O2  -I/opt/homebrew/include conftest.c >&5
conftest.c:88:8: error: call to undeclared library function 'strchr' with type 'char *(const char *, int)'; ISO C99 and later do not support implicit function declarations [-Wimplicit-function-declaration]
   88 | (void) strchr;
      |        ^
conftest.c:88:8: note: include the header <string.h> or explicitly provide a declaration for 'strchr'
1 error generated.
configure:25808: $? = 1
configure: failed program was:
| /* confdefs.h */
| #define PACKAGE_NAME "R"
| #define PACKAGE_TARNAME "R"
| #define PACKAGE_VERSION "4.6.0"
| #define PACKAGE_STRING "R 4.6.0"
| #define PACKAGE_BUGREPORT "https://bugs.r-project.org"
| #define PACKAGE_URL "https://www.r-project.org"
| #define PACKAGE "R"
| #define VERSION "4.6.0"
| #define R_PLATFORM "aarch64-apple-darwin25.6.0"
| #define R_CPU "aarch64"
| #define R_VENDOR "apple"
| #define R_OS "darwin25.6.0"
| #define Unix 1
| #define R_ARCH ""
| #define HAVE_STDIO_H 1
| #define HAVE_STDLIB_H 1
| #define HAVE_STRING_H 1
| #define HAVE_INTTYPES_H 1
| #define HAVE_STDINT_H 1
| #define HAVE_STRINGS_H 1
| #define HAVE_SYS_STAT_H 1
| #define HAVE_SYS_TYPES_H 1
| #define HAVE_UNISTD_H 1
| #define HAVE_WCHAR_H 1
| #define HAVE_SYS_TIME_H 1
| #define HAVE_SYS_PARAM_H 1
| #define STDC_HEADERS 1
| #define _ALL_SOURCE 1
| #define _DARWIN_C_SOURCE 1
| #define _GNU_SOURCE 1
| #define _HPUX_ALT_XOPEN_SOCKET_API 1
| #define _NETBSD_SOURCE 1
| #define _OPENBSD_SOURCE 1
| #define _POSIX_PTHREAD_SEMANTICS 1
| #define __STDC_WANT_IEC_60559_ATTRIBS_EXT__ 1
| #define __STDC_WANT_IEC_60559_BFP_EXT__ 1
| #define __STDC_WANT_IEC_60559_DFP_EXT__ 1
| #define __STDC_WANT_IEC_60559_EXT__ 1
| #define __STDC_WANT_IEC_60559_FUNCS_EXT__ 1
| #define __STDC_WANT_IEC_60559_TYPES_EXT__ 1
| #define __STDC_WANT_LIB_EXT2__ 1
| #define __STDC_WANT_MATH_SPEC_FUNCS__ 1
| #define _TANDEM_SOURCE 1
| #define __EXTENSIONS__ 1
| #define HAVE_VISIBILITY_ATTRIBUTE 1
| #define HAVE_DLFCN_H 1
| #define LT_OBJDIR ".libs/"
| #define HAVE_LIBM 1
| #define HAVE_LIBDL 1
| #define HAVE_DIRENT_H 1
| #define HAVE_SYS_WAIT_H 1
| #define HAVE_DLFCN_H 1
| #define HAVE_FCNTL_H 1
| #define HAVE_GLOB_H 1
| #define HAVE_GRP_H 1
| #define HAVE_PWD_H 1
| #define HAVE_SCHED_H 1
| #define HAVE_STRINGS_H 1
| #define HAVE_SYS_RESOURCE_H 1
| #define HAVE_SYS_SELECT_H 1
| #define HAVE_SYS_SOCKET_H 1
| #define HAVE_SYS_STAT_H 1
| #define HAVE_SYS_TIME_H 1
| #define HAVE_SYS_TIMES_H 1
| #define HAVE_SYS_UTSNAME_H 1
| #define HAVE_UNISTD_H 1
| #define HAVE_UTIME_H 1
| #define HAVE_ARPA_INET_H 1
| #define HAVE_LANGINFO_H 1
| #define HAVE_NETDB_H 1
| #define HAVE_NETINET_IN_H 1
| #define HAVE_SYS_PARAM_H 1
| #define HAVE_STDALIGN_H 1
| #define HAVE_ERRNO_H 1
| #define HAVE_INTTYPES_H 1
| #define HAVE_LIMITS_H 1
| #define HAVE_LOCALE_H 1
| #define HAVE_STDARG_H 1
| #define HAVE_STDBOOL_H 1
| #define HAVE_STDINT_H 1
| #define HAVE_STRING_H 1
| /* end confdefs.h.  */
| 
| int
| main (void)
| {
| (void) strchr;
|   ;
|   return 0;
| }
configure:25835: gcc -std=gnu23 -c -g -O2  -I/opt/homebrew/include conftest.c >&5
configure:25835: $? = 0
configure:25855: result: none needed
configure:25869: checking whether setjmp.h is POSIX.1 compatible
configure:25888: gcc -std=gnu23 -c -g -O2 -I/opt/homebrew/include conftest.c >&5
configure:25888: $? = 0
configure:25898: result: yes
configure:25900: checking whether sigsetjmp is declared
configure:25900: gcc -std=gnu23 -c -g -O2  -I/opt/homebrew/include conftest.c >&5
configure:25900: $? = 0
configure:25900: result: yes
configure:25910: checking whether siglongjmp is declared
configure:25910: gcc -std=gnu23 -c -g -O2  -I/opt/homebrew/include conftest.c >&5
configure:25910: $? = 0
configure:25910: result: yes
configure:25934: checking for egrep -e
configure:26064: result: /usr/bin/grep -E
configure:26068: checking for GNU C library with version >= 2
configure:26095: result: no
configure:26107: checking for uint64_t
configure:26107: gcc -std=gnu23 -c -g -O2 -I/opt/homebrew/include conftest.c >&5
configure:26107: $? = 0
configure:26107: result: yes
configure:26119: checking for int64_t
configure:26119: gcc -std=gnu23 -c -g -O2 -I/opt/homebrew/include conftest.c >&5
configure:26119: $? = 0
configure:26119: gcc -std=gnu23 -c -g -O2 -I/opt/homebrew/include conftest.c >&5
conftest.c:118:22: error: expected expression
  118 | if (sizeof ((int64_t)))
      |                      ^
1 error generated.
configure:26119: $? = 1
configure: failed program was:
| /* confdefs.h */
| #define PACKAGE_NAME "R"
| #define PACKAGE_TARNAME "R"
| #define PACKAGE_VERSION "4.6.0"
| #define PACKAGE_STRING "R 4.6.0"
| #define PACKAGE_BUGREPORT "https://bugs.r-project.org"
| #define PACKAGE_URL "https://www.r-project.org"
| #define PACKAGE "R"
| #define VERSION "4.6.0"
| #define R_PLATFORM "aarch64-apple-darwin25.6.0"
| #define R_CPU "aarch64"
| #define R_VENDOR "apple"
| #define R_OS "darwin25.6.0"
| #define Unix 1
| #define R_ARCH ""
| #define HAVE_STDIO_H 1
| #define HAVE_STDLIB_H 1
| #define HAVE_STRING_H 1
| #define HAVE_INTTYPES_H 1
| #define HAVE_STDINT_H 1
| #define HAVE_STRINGS_H 1
| #define HAVE_SYS_STAT_H 1
| #define HAVE_SYS_TYPES_H 1
| #define HAVE_UNISTD_H 1
| #define HAVE_WCHAR_H 1
| #define HAVE_SYS_TIME_H 1
| #define HAVE_SYS_PARAM_H 1
| #define STDC_HEADERS 1
| #define _ALL_SOURCE 1
| #define _DARWIN_C_SOURCE 1
| #define _GNU_SOURCE 1
| #define _HPUX_ALT_XOPEN_SOCKET_API 1
| #define _NETBSD_SOURCE 1
| #define _OPENBSD_SOURCE 1
| #define _POSIX_PTHREAD_SEMANTICS 1
| #define __STDC_WANT_IEC_60559_ATTRIBS_EXT__ 1
| #define __STDC_WANT_IEC_60559_BFP_EXT__ 1
| #define __STDC_WANT_IEC_60559_DFP_EXT__ 1
| #define __STDC_WANT_IEC_60559_EXT__ 1
| #define __STDC_WANT_IEC_60559_FUNCS_EXT__ 1
| #define __STDC_WANT_IEC_60559_TYPES_EXT__ 1
| #define __STDC_WANT_LIB_EXT2__ 1
| #define __STDC_WANT_MATH_SPEC_FUNCS__ 1
| #define _TANDEM_SOURCE 1
| #define __EXTENSIONS__ 1
| #define HAVE_VISIBILITY_ATTRIBUTE 1
| #define HAVE_DLFCN_H 1
| #define LT_OBJDIR ".libs/"
| #define HAVE_LIBM 1
| #define HAVE_LIBDL 1
| #define HAVE_DIRENT_H 1
| #define HAVE_SYS_WAIT_H 1
| #define HAVE_DLFCN_H 1
| #define HAVE_FCNTL_H 1
| #define HAVE_GLOB_H 1
| #define HAVE_GRP_H 1
| #define HAVE_PWD_H 1
| #define HAVE_SCHED_H 1
| #define HAVE_STRINGS_H 1
| #define HAVE_SYS_RESOURCE_H 1
| #define HAVE_SYS_SELECT_H 1
| #define HAVE_SYS_SOCKET_H 1
| #define HAVE_SYS_STAT_H 1
| #define HAVE_SYS_TIME_H 1
| #define HAVE_SYS_TIMES_H 1
| #define HAVE_SYS_UTSNAME_H 1
| #define HAVE_UNISTD_H 1
| #define HAVE_UTIME_H 1
| #define HAVE_ARPA_INET_H 1
| #define HAVE_LANGINFO_H 1
| #define HAVE_NETDB_H 1
| #define HAVE_NETINET_IN_H 1
| #define HAVE_SYS_PARAM_H 1
| #define HAVE_STDALIGN_H 1
| #define HAVE_ERRNO_H 1
| #define HAVE_INTTYPES_H 1
| #define HAVE_LIMITS_H 1
| #define HAVE_LOCALE_H 1
| #define HAVE_STDARG_H 1
| #define HAVE_STDBOOL_H 1
| #define HAVE_STDINT_H 1
| #define HAVE_STRING_H 1
| #define HAVE_DECL_SIGSETJMP 1
| #define HAVE_DECL_SIGLONGJMP 1
| #define HAVE_POSIX_SETJMP 1
| /* end confdefs.h.  */
| #include <stddef.h>
| #ifdef HAVE_STDIO_H
| # include <stdio.h>
| #endif
| #ifdef HAVE_STDLIB_H
| # include <stdlib.h>
| #endif
| #ifdef HAVE_STRING_H
| # include <string.h>
| #endif
| #ifdef HAVE_INTTYPES_H
| # include <inttypes.h>
| #endif
| #ifdef HAVE_STDINT_H
| # include <stdint.h>
| #endif
| #ifdef HAVE_STRINGS_H
| # include <strings.h>
| #endif
| #ifdef HAVE_SYS_TYPES_H
| # include <sys/types.h>
| #endif
| #ifdef HAVE_SYS_STAT_H
| # include <sys/stat.h>
| #endif
| #ifdef HAVE_UNISTD_H
| # include <unistd.h>
| #endif
| int
| main (void)
| {
| if (sizeof ((int64_t)))
| 	    return 0;
|   ;
|   return 0;
| }
configure:26119: result: yes
configure:26127: checking for int_fast64_t
configure:26127: gcc -std=gnu23 -c -g -O2 -I/opt/homebrew/include conftest.c >&5
configure:26127: $? = 0
configure:26127: gcc -std=gnu23 -c -g -O2 -I/opt/homebrew/include conftest.c >&5
conftest.c:119:27: error: expected expression
  119 | if (sizeof ((int_fast64_t)))
      |                           ^
1 error generated.
configure:26127: $? = 1
configure: failed program was:
| /* confdefs.h */
| #define PACKAGE_NAME "R"
| #define PACKAGE_TARNAME "R"
| #define PACKAGE_VERSION "4.6.0"
| #define PACKAGE_STRING "R 4.6.0"
| #define PACKAGE_BUGREPORT "https://bugs.r-project.org"
| #define PACKAGE_URL "https://www.r-project.org"
| #define PACKAGE "R"
| #define VERSION "4.6.0"
| #define R_PLATFORM "aarch64-apple-darwin25.6.0"
| #define R_CPU "aarch64"
| #define R_VENDOR "apple"
| #define R_OS "darwin25.6.0"
| #define Unix 1
| #define R_ARCH ""
| #define HAVE_STDIO_H 1
| #define HAVE_STDLIB_H 1
| #define HAVE_STRING_H 1
| #define HAVE_INTTYPES_H 1
| #define HAVE_STDINT_H 1
| #define HAVE_STRINGS_H 1
| #define HAVE_SYS_STAT_H 1
| #define HAVE_SYS_TYPES_H 1
| #define HAVE_UNISTD_H 1
| #define HAVE_WCHAR_H 1
| #define HAVE_SYS_TIME_H 1
| #define HAVE_SYS_PARAM_H 1
| #define STDC_HEADERS 1
| #define _ALL_SOURCE 1
| #define _DARWIN_C_SOURCE 1
| #define _GNU_SOURCE 1
| #define _HPUX_ALT_XOPEN_SOCKET_API 1
| #define _NETBSD_SOURCE 1
| #define _OPENBSD_SOURCE 1
| #define _POSIX_PTHREAD_SEMANTICS 1
| #define __STDC_WANT_IEC_60559_ATTRIBS_EXT__ 1
| #define __STDC_WANT_IEC_60559_BFP_EXT__ 1
| #define __STDC_WANT_IEC_60559_DFP_EXT__ 1
| #define __STDC_WANT_IEC_60559_EXT__ 1
| #define __STDC_WANT_IEC_60559_FUNCS_EXT__ 1
| #define __STDC_WANT_IEC_60559_TYPES_EXT__ 1
| #define __STDC_WANT_LIB_EXT2__ 1
| #define __STDC_WANT_MATH_SPEC_FUNCS__ 1
| #define _TANDEM_SOURCE 1
| #define __EXTENSIONS__ 1
| #define HAVE_VISIBILITY_ATTRIBUTE 1
| #define HAVE_DLFCN_H 1
| #define LT_OBJDIR ".libs/"
| #define HAVE_LIBM 1
| #define HAVE_LIBDL 1
| #define HAVE_DIRENT_H 1
| #define HAVE_SYS_WAIT_H 1
| #define HAVE_DLFCN_H 1
| #define HAVE_FCNTL_H 1
| #define HAVE_GLOB_H 1
| #define HAVE_GRP_H 1
| #define HAVE_PWD_H 1
| #define HAVE_SCHED_H 1
| #define HAVE_STRINGS_H 1
| #define HAVE_SYS_RESOURCE_H 1
| #define HAVE_SYS_SELECT_H 1
| #define HAVE_SYS_SOCKET_H 1
| #define HAVE_SYS_STAT_H 1
| #define HAVE_SYS_TIME_H 1
| #define HAVE_SYS_TIMES_H 1
| #define HAVE_SYS_UTSNAME_H 1
| #define HAVE_UNISTD_H 1
| #define HAVE_UTIME_H 1
| #define HAVE_ARPA_INET_H 1
| #define HAVE_LANGINFO_H 1
| #define HAVE_NETDB_H 1
| #define HAVE_NETINET_IN_H 1
| #define HAVE_SYS_PARAM_H 1
| #define HAVE_STDALIGN_H 1
| #define HAVE_ERRNO_H 1
| #define HAVE_INTTYPES_H 1
| #define HAVE_LIMITS_H 1
| #define HAVE_LOCALE_H 1
| #define HAVE_STDARG_H 1
| #define HAVE_STDBOOL_H 1
| #define HAVE_STDINT_H 1
| #define HAVE_STRING_H 1
| #define HAVE_DECL_SIGSETJMP 1
| #define HAVE_DECL_SIGLONGJMP 1
| #define HAVE_POSIX_SETJMP 1
| #define HAVE_INT64_T 1
| /* end confdefs.h.  */
| #include <stddef.h>
| #ifdef HAVE_STDIO_H
| # include <stdio.h>
| #endif
| #ifdef HAVE_STDLIB_H
| # include <stdlib.h>
| #endif
| #ifdef HAVE_STRING_H
| # include <string.h>
| #endif
| #ifdef HAVE_INTTYPES_H
| # include <inttypes.h>
| #endif
| #ifdef HAVE_STDINT_H
| # include <stdint.h>
| #endif
| #ifdef HAVE_STRINGS_H
| # include <strings.h>
| #endif
| #ifdef HAVE_SYS_TYPES_H
| # include <sys/types.h>
| #endif
| #ifdef HAVE_SYS_STAT_H
| # include <sys/stat.h>
| #endif
| #ifdef HAVE_UNISTD_H
| # include <unistd.h>
| #endif
| int
| main (void)
| {
| if (sizeof ((int_fast64_t)))
| 	    return 0;
|   ;
|   return 0;
| }
configure:26127: result: yes
configure:26137: checking for pid_t
configure:26137: gcc -std=gnu23 -c -g -O2 -I/opt/homebrew/include conftest.c >&5
configure:26137: $? = 0
configure:26137: gcc -std=gnu23 -c -g -O2 -I/opt/homebrew/include conftest.c >&5
conftest.c:121:20: error: expected expression
  121 | if (sizeof ((pid_t)))
      |                    ^
1 error generated.
configure:26137: $? = 1
configure: failed program was:
| /* confdefs.h */
| #define PACKAGE_NAME "R"
| #define PACKAGE_TARNAME "R"
| #define PACKAGE_VERSION "4.6.0"
| #define PACKAGE_STRING "R 4.6.0"
| #define PACKAGE_BUGREPORT "https://bugs.r-project.org"
| #define PACKAGE_URL "https://www.r-project.org"
| #define PACKAGE "R"
| #define VERSION "4.6.0"
| #define R_PLATFORM "aarch64-apple-darwin25.6.0"
| #define R_CPU "aarch64"
| #define R_VENDOR "apple"
| #define R_OS "darwin25.6.0"
| #define Unix 1
| #define R_ARCH ""
| #define HAVE_STDIO_H 1
| #define HAVE_STDLIB_H 1
| #define HAVE_STRING_H 1
| #define HAVE_INTTYPES_H 1
| #define HAVE_STDINT_H 1
| #define HAVE_STRINGS_H 1
| #define HAVE_SYS_STAT_H 1
| #define HAVE_SYS_TYPES_H 1
| #define HAVE_UNISTD_H 1
| #define HAVE_WCHAR_H 1
| #define HAVE_SYS_TIME_H 1
| #define HAVE_SYS_PARAM_H 1
| #define STDC_HEADERS 1
| #define _ALL_SOURCE 1
| #define _DARWIN_C_SOURCE 1
| #define _GNU_SOURCE 1
| #define _HPUX_ALT_XOPEN_SOCKET_API 1
| #define _NETBSD_SOURCE 1
| #define _OPENBSD_SOURCE 1
| #define _POSIX_PTHREAD_SEMANTICS 1
| #define __STDC_WANT_IEC_60559_ATTRIBS_EXT__ 1
| #define __STDC_WANT_IEC_60559_BFP_EXT__ 1
| #define __STDC_WANT_IEC_60559_DFP_EXT__ 1
| #define __STDC_WANT_IEC_60559_EXT__ 1
| #define __STDC_WANT_IEC_60559_FUNCS_EXT__ 1
| #define __STDC_WANT_IEC_60559_TYPES_EXT__ 1
| #define __STDC_WANT_LIB_EXT2__ 1
| #define __STDC_WANT_MATH_SPEC_FUNCS__ 1
| #define _TANDEM_SOURCE 1
| #define __EXTENSIONS__ 1
| #define HAVE_VISIBILITY_ATTRIBUTE 1
| #define HAVE_DLFCN_H 1
| #define LT_OBJDIR ".libs/"
| #define HAVE_LIBM 1
| #define HAVE_LIBDL 1
| #define HAVE_DIRENT_H 1
| #define HAVE_SYS_WAIT_H 1
| #define HAVE_DLFCN_H 1
| #define HAVE_FCNTL_H 1
| #define HAVE_GLOB_H 1
| #define HAVE_GRP_H 1
| #define HAVE_PWD_H 1
| #define HAVE_SCHED_H 1
| #define HAVE_STRINGS_H 1
| #define HAVE_SYS_RESOURCE_H 1
| #define HAVE_SYS_SELECT_H 1
| #define HAVE_SYS_SOCKET_H 1
| #define HAVE_SYS_STAT_H 1
| #define HAVE_SYS_TIME_H 1
| #define HAVE_SYS_TIMES_H 1
| #define HAVE_SYS_UTSNAME_H 1
| #define HAVE_UNISTD_H 1
| #define HAVE_UTIME_H 1
| #define HAVE_ARPA_INET_H 1
| #define HAVE_LANGINFO_H 1
| #define HAVE_NETDB_H 1
| #define HAVE_NETINET_IN_H 1
| #define HAVE_SYS_PARAM_H 1
| #define HAVE_STDALIGN_H 1
| #define HAVE_ERRNO_H 1
| #define HAVE_INTTYPES_H 1
| #define HAVE_LIMITS_H 1
| #define HAVE_LOCALE_H 1
| #define HAVE_STDARG_H 1
| #define HAVE_STDBOOL_H 1
| #define HAVE_STDINT_H 1
| #define HAVE_STRING_H 1
| #define HAVE_DECL_SIGSETJMP 1
| #define HAVE_DECL_SIGLONGJMP 1
| #define HAVE_POSIX_SETJMP 1
| #define HAVE_INT64_T 1
| #define HAVE_INT_FAST64_T 1
| /* end confdefs.h.  */
| #include <stddef.h>
| #ifdef HAVE_STDIO_H
| # include <stdio.h>
| #endif
| #ifdef HAVE_STDLIB_H
| # include <stdlib.h>
| #endif
| #ifdef HAVE_STRING_H
| # include <string.h>
| #endif
| #ifdef HAVE_INTTYPES_H
| # include <inttypes.h>
| #endif
| #ifdef HAVE_STDINT_H
| # include <stdint.h>
| #endif
| #ifdef HAVE_STRINGS_H
| # include <strings.h>
| #endif
| #ifdef HAVE_SYS_TYPES_H
| # include <sys/types.h>
| #endif
| #ifdef HAVE_SYS_STAT_H
| # include <sys/stat.h>
| #endif
| #ifdef HAVE_UNISTD_H
| # include <unistd.h>
| #endif
| 
| int
| main (void)
| {
| if (sizeof ((pid_t)))
| 	    return 0;
|   ;
|   return 0;
| }
configure:26137: result: yes
configure:26175: checking for size_t
configure:26175: gcc -std=gnu23 -c -g -O2 -I/opt/homebrew/include conftest.c >&5
configure:26175: $? = 0
configure:26175: gcc -std=gnu23 -c -g -O2 -I/opt/homebrew/include conftest.c >&5
conftest.c:120:21: error: expected expression
  120 | if (sizeof ((size_t)))
      |                     ^
1 error generated.
configure:26175: $? = 1
configure: failed program was:
| /* confdefs.h */
| #define PACKAGE_NAME "R"
| #define PACKAGE_TARNAME "R"
| #define PACKAGE_VERSION "4.6.0"
| #define PACKAGE_STRING "R 4.6.0"
| #define PACKAGE_BUGREPORT "https://bugs.r-project.org"
| #define PACKAGE_URL "https://www.r-project.org"
| #define PACKAGE "R"
| #define VERSION "4.6.0"
| #define R_PLATFORM "aarch64-apple-darwin25.6.0"
| #define R_CPU "aarch64"
| #define R_VENDOR "apple"
| #define R_OS "darwin25.6.0"
| #define Unix 1
| #define R_ARCH ""
| #define HAVE_STDIO_H 1
| #define HAVE_STDLIB_H 1
| #define HAVE_STRING_H 1
| #define HAVE_INTTYPES_H 1
| #define HAVE_STDINT_H 1
| #define HAVE_STRINGS_H 1
| #define HAVE_SYS_STAT_H 1
| #define HAVE_SYS_TYPES_H 1
| #define HAVE_UNISTD_H 1
| #define HAVE_WCHAR_H 1
| #define HAVE_SYS_TIME_H 1
| #define HAVE_SYS_PARAM_H 1
| #define STDC_HEADERS 1
| #define _ALL_SOURCE 1
| #define _DARWIN_C_SOURCE 1
| #define _GNU_SOURCE 1
| #define _HPUX_ALT_XOPEN_SOCKET_API 1
| #define _NETBSD_SOURCE 1
| #define _OPENBSD_SOURCE 1
| #define _POSIX_PTHREAD_SEMANTICS 1
| #define __STDC_WANT_IEC_60559_ATTRIBS_EXT__ 1
| #define __STDC_WANT_IEC_60559_BFP_EXT__ 1
| #define __STDC_WANT_IEC_60559_DFP_EXT__ 1
| #define __STDC_WANT_IEC_60559_EXT__ 1
| #define __STDC_WANT_IEC_60559_FUNCS_EXT__ 1
| #define __STDC_WANT_IEC_60559_TYPES_EXT__ 1
| #define __STDC_WANT_LIB_EXT2__ 1
| #define __STDC_WANT_MATH_SPEC_FUNCS__ 1
| #define _TANDEM_SOURCE 1
| #define __EXTENSIONS__ 1
| #define HAVE_VISIBILITY_ATTRIBUTE 1
| #define HAVE_DLFCN_H 1
| #define LT_OBJDIR ".libs/"
| #define HAVE_LIBM 1
| #define HAVE_LIBDL 1
| #define HAVE_DIRENT_H 1
| #define HAVE_SYS_WAIT_H 1
| #define HAVE_DLFCN_H 1
| #define HAVE_FCNTL_H 1
| #define HAVE_GLOB_H 1
| #define HAVE_GRP_H 1
| #define HAVE_PWD_H 1
| #define HAVE_SCHED_H 1
| #define HAVE_STRINGS_H 1
| #define HAVE_SYS_RESOURCE_H 1
| #define HAVE_SYS_SELECT_H 1
| #define HAVE_SYS_SOCKET_H 1
| #define HAVE_SYS_STAT_H 1
| #define HAVE_SYS_TIME_H 1
| #define HAVE_SYS_TIMES_H 1
| #define HAVE_SYS_UTSNAME_H 1
| #define HAVE_UNISTD_H 1
| #define HAVE_UTIME_H 1
| #define HAVE_ARPA_INET_H 1
| #define HAVE_LANGINFO_H 1
| #define HAVE_NETDB_H 1
| #define HAVE_NETINET_IN_H 1
| #define HAVE_SYS_PARAM_H 1
| #define HAVE_STDALIGN_H 1
| #define HAVE_ERRNO_H 1
| #define HAVE_INTTYPES_H 1
| #define HAVE_LIMITS_H 1
| #define HAVE_LOCALE_H 1
| #define HAVE_STDARG_H 1
| #define HAVE_STDBOOL_H 1
| #define HAVE_STDINT_H 1
| #define HAVE_STRING_H 1
| #define HAVE_DECL_SIGSETJMP 1
| #define HAVE_DECL_SIGLONGJMP 1
| #define HAVE_POSIX_SETJMP 1
| #define HAVE_INT64_T 1
| #define HAVE_INT_FAST64_T 1
| /* end confdefs.h.  */
| #include <stddef.h>
| #ifdef HAVE_STDIO_H
| # include <stdio.h>
| #endif
| #ifdef HAVE_STDLIB_H
| # include <stdlib.h>
| #endif
| #ifdef HAVE_STRING_H
| # include <string.h>
| #endif
| #ifdef HAVE_INTTYPES_H
| # include <inttypes.h>
| #endif
| #ifdef HAVE_STDINT_H
| # include <stdint.h>
| #endif
| #ifdef HAVE_STRINGS_H
| # include <strings.h>
| #endif
| #ifdef HAVE_SYS_TYPES_H
| # include <sys/types.h>
| #endif
| #ifdef HAVE_SYS_STAT_H
| # include <sys/stat.h>
| #endif
| #ifdef HAVE_UNISTD_H
| # include <unistd.h>
| #endif
| int
| main (void)
| {
| if (sizeof ((size_t)))
| 	    return 0;
|   ;
|   return 0;
| }
configure:26175: result: yes
configure:26186: checking whether SIZE_MAX is declared
configure:26221: gcc -std=gnu23 -o conftest -g -O2 -I/opt/homebrew/include -L/opt/homebrew/lib conftest.c -ldl -lm  >&5
configure:26221: $? = 0
configure:26221: ./conftest
configure:26221: $? = 0
configure:26235: result: yes
configure:26243: checking for blkcnt_t
configure:26243: gcc -std=gnu23 -c -g -O2 -I/opt/homebrew/include conftest.c >&5
configure:26243: $? = 0
configure:26243: gcc -std=gnu23 -c -g -O2 -I/opt/homebrew/include conftest.c >&5
conftest.c:121:23: error: expected expression
  121 | if (sizeof ((blkcnt_t)))
      |                       ^
1 error generated.
configure:26243: $? = 1
configure: failed program was:
| /* confdefs.h */
| #define PACKAGE_NAME "R"
| #define PACKAGE_TARNAME "R"
| #define PACKAGE_VERSION "4.6.0"
| #define PACKAGE_STRING "R 4.6.0"
| #define PACKAGE_BUGREPORT "https://bugs.r-project.org"
| #define PACKAGE_URL "https://www.r-project.org"
| #define PACKAGE "R"
| #define VERSION "4.6.0"
| #define R_PLATFORM "aarch64-apple-darwin25.6.0"
| #define R_CPU "aarch64"
| #define R_VENDOR "apple"
| #define R_OS "darwin25.6.0"
| #define Unix 1
| #define R_ARCH ""
| #define HAVE_STDIO_H 1
| #define HAVE_STDLIB_H 1
| #define HAVE_STRING_H 1
| #define HAVE_INTTYPES_H 1
| #define HAVE_STDINT_H 1
| #define HAVE_STRINGS_H 1
| #define HAVE_SYS_STAT_H 1
| #define HAVE_SYS_TYPES_H 1
| #define HAVE_UNISTD_H 1
| #define HAVE_WCHAR_H 1
| #define HAVE_SYS_TIME_H 1
| #define HAVE_SYS_PARAM_H 1
| #define STDC_HEADERS 1
| #define _ALL_SOURCE 1
| #define _DARWIN_C_SOURCE 1
| #define _GNU_SOURCE 1
| #define _HPUX_ALT_XOPEN_SOCKET_API 1
| #define _NETBSD_SOURCE 1
| #define _OPENBSD_SOURCE 1
| #define _POSIX_PTHREAD_SEMANTICS 1
| #define __STDC_WANT_IEC_60559_ATTRIBS_EXT__ 1
| #define __STDC_WANT_IEC_60559_BFP_EXT__ 1
| #define __STDC_WANT_IEC_60559_DFP_EXT__ 1
| #define __STDC_WANT_IEC_60559_EXT__ 1
| #define __STDC_WANT_IEC_60559_FUNCS_EXT__ 1
| #define __STDC_WANT_IEC_60559_TYPES_EXT__ 1
| #define __STDC_WANT_LIB_EXT2__ 1
| #define __STDC_WANT_MATH_SPEC_FUNCS__ 1
| #define _TANDEM_SOURCE 1
| #define __EXTENSIONS__ 1
| #define HAVE_VISIBILITY_ATTRIBUTE 1
| #define HAVE_DLFCN_H 1
| #define LT_OBJDIR ".libs/"
| #define HAVE_LIBM 1
| #define HAVE_LIBDL 1
| #define HAVE_DIRENT_H 1
| #define HAVE_SYS_WAIT_H 1
| #define HAVE_DLFCN_H 1
| #define HAVE_FCNTL_H 1
| #define HAVE_GLOB_H 1
| #define HAVE_GRP_H 1
| #define HAVE_PWD_H 1
| #define HAVE_SCHED_H 1
| #define HAVE_STRINGS_H 1
| #define HAVE_SYS_RESOURCE_H 1
| #define HAVE_SYS_SELECT_H 1
| #define HAVE_SYS_SOCKET_H 1
| #define HAVE_SYS_STAT_H 1
| #define HAVE_SYS_TIME_H 1
| #define HAVE_SYS_TIMES_H 1
| #define HAVE_SYS_UTSNAME_H 1
| #define HAVE_UNISTD_H 1
| #define HAVE_UTIME_H 1
| #define HAVE_ARPA_INET_H 1
| #define HAVE_LANGINFO_H 1
| #define HAVE_NETDB_H 1
| #define HAVE_NETINET_IN_H 1
| #define HAVE_SYS_PARAM_H 1
| #define HAVE_STDALIGN_H 1
| #define HAVE_ERRNO_H 1
| #define HAVE_INTTYPES_H 1
| #define HAVE_LIMITS_H 1
| #define HAVE_LOCALE_H 1
| #define HAVE_STDARG_H 1
| #define HAVE_STDBOOL_H 1
| #define HAVE_STDINT_H 1
| #define HAVE_STRING_H 1
| #define HAVE_DECL_SIGSETJMP 1
| #define HAVE_DECL_SIGLONGJMP 1
| #define HAVE_POSIX_SETJMP 1
| #define HAVE_INT64_T 1
| #define HAVE_INT_FAST64_T 1
| #define HAVE_DECL_SIZE_MAX 1
| /* end confdefs.h.  */
| #include <stddef.h>
| #ifdef HAVE_STDIO_H
| # include <stdio.h>
| #endif
| #ifdef HAVE_STDLIB_H
| # include <stdlib.h>
| #endif
| #ifdef HAVE_STRING_H
| # include <string.h>
| #endif
| #ifdef HAVE_INTTYPES_H
| # include <inttypes.h>
| #endif
| #ifdef HAVE_STDINT_H
| # include <stdint.h>
| #endif
| #ifdef HAVE_STRINGS_H
| # include <strings.h>
| #endif
| #ifdef HAVE_SYS_TYPES_H
| # include <sys/types.h>
| #endif
| #ifdef HAVE_SYS_STAT_H
| # include <sys/stat.h>
| #endif
| #ifdef HAVE_UNISTD_H
| # include <unistd.h>
| #endif
| int
| main (void)
| {
| if (sizeof ((blkcnt_t)))
| 	    return 0;
|   ;
|   return 0;
| }
configure:26243: result: yes
configure:26255: checking for type of socket length
configure:26282: gcc -std=gnu23 -c -g -O2 -I/opt/homebrew/include conftest.c >&5
configure:26282: $? = 0
configure:26304: result: socklen_t *
configure:26311: checking for stack_t
configure:26311: gcc -std=gnu23 -c -g -O2 -I/opt/homebrew/include conftest.c >&5
configure:26311: $? = 0
configure:26311: gcc -std=gnu23 -c -g -O2 -I/opt/homebrew/include conftest.c >&5
conftest.c:96:22: error: expected expression
   96 | if (sizeof ((stack_t)))
      |                      ^
1 error generated.
configure:26311: $? = 1
configure: failed program was:
| /* confdefs.h */
| #define PACKAGE_NAME "R"
| #define PACKAGE_TARNAME "R"
| #define PACKAGE_VERSION "4.6.0"
| #define PACKAGE_STRING "R 4.6.0"
| #define PACKAGE_BUGREPORT "https://bugs.r-project.org"
| #define PACKAGE_URL "https://www.r-project.org"
| #define PACKAGE "R"
| #define VERSION "4.6.0"
| #define R_PLATFORM "aarch64-apple-darwin25.6.0"
| #define R_CPU "aarch64"
| #define R_VENDOR "apple"
| #define R_OS "darwin25.6.0"
| #define Unix 1
| #define R_ARCH ""
| #define HAVE_STDIO_H 1
| #define HAVE_STDLIB_H 1
| #define HAVE_STRING_H 1
| #define HAVE_INTTYPES_H 1
| #define HAVE_STDINT_H 1
| #define HAVE_STRINGS_H 1
| #define HAVE_SYS_STAT_H 1
| #define HAVE_SYS_TYPES_H 1
| #define HAVE_UNISTD_H 1
| #define HAVE_WCHAR_H 1
| #define HAVE_SYS_TIME_H 1
| #define HAVE_SYS_PARAM_H 1
| #define STDC_HEADERS 1
| #define _ALL_SOURCE 1
| #define _DARWIN_C_SOURCE 1
| #define _GNU_SOURCE 1
| #define _HPUX_ALT_XOPEN_SOCKET_API 1
| #define _NETBSD_SOURCE 1
| #define _OPENBSD_SOURCE 1
| #define _POSIX_PTHREAD_SEMANTICS 1
| #define __STDC_WANT_IEC_60559_ATTRIBS_EXT__ 1
| #define __STDC_WANT_IEC_60559_BFP_EXT__ 1
| #define __STDC_WANT_IEC_60559_DFP_EXT__ 1
| #define __STDC_WANT_IEC_60559_EXT__ 1
| #define __STDC_WANT_IEC_60559_FUNCS_EXT__ 1
| #define __STDC_WANT_IEC_60559_TYPES_EXT__ 1
| #define __STDC_WANT_LIB_EXT2__ 1
| #define __STDC_WANT_MATH_SPEC_FUNCS__ 1
| #define _TANDEM_SOURCE 1
| #define __EXTENSIONS__ 1
| #define HAVE_VISIBILITY_ATTRIBUTE 1
| #define HAVE_DLFCN_H 1
| #define LT_OBJDIR ".libs/"
| #define HAVE_LIBM 1
| #define HAVE_LIBDL 1
| #define HAVE_DIRENT_H 1
| #define HAVE_SYS_WAIT_H 1
| #define HAVE_DLFCN_H 1
| #define HAVE_FCNTL_H 1
| #define HAVE_GLOB_H 1
| #define HAVE_GRP_H 1
| #define HAVE_PWD_H 1
| #define HAVE_SCHED_H 1
| #define HAVE_STRINGS_H 1
| #define HAVE_SYS_RESOURCE_H 1
| #define HAVE_SYS_SELECT_H 1
| #define HAVE_SYS_SOCKET_H 1
| #define HAVE_SYS_STAT_H 1
| #define HAVE_SYS_TIME_H 1
| #define HAVE_SYS_TIMES_H 1
| #define HAVE_SYS_UTSNAME_H 1
| #define HAVE_UNISTD_H 1
| #define HAVE_UTIME_H 1
| #define HAVE_ARPA_INET_H 1
| #define HAVE_LANGINFO_H 1
| #define HAVE_NETDB_H 1
| #define HAVE_NETINET_IN_H 1
| #define HAVE_SYS_PARAM_H 1
| #define HAVE_STDALIGN_H 1
| #define HAVE_ERRNO_H 1
| #define HAVE_INTTYPES_H 1
| #define HAVE_LIMITS_H 1
| #define HAVE_LOCALE_H 1
| #define HAVE_STDARG_H 1
| #define HAVE_STDBOOL_H 1
| #define HAVE_STDINT_H 1
| #define HAVE_STRING_H 1
| #define HAVE_DECL_SIGSETJMP 1
| #define HAVE_DECL_SIGLONGJMP 1
| #define HAVE_POSIX_SETJMP 1
| #define HAVE_INT64_T 1
| #define HAVE_INT_FAST64_T 1
| #define HAVE_DECL_SIZE_MAX 1
| #define R_SOCKLEN_T socklen_t
| /* end confdefs.h.  */
| #include <signal.h>
| 
| int
| main (void)
| {
| if (sizeof ((stack_t)))
| 	    return 0;
|   ;
|   return 0;
| }
configure:26311: result: yes
configure:26326: checking for intptr_t
configure:26326: gcc -std=gnu23 -c -g -O2 -I/opt/homebrew/include conftest.c >&5
configure:26326: $? = 0
configure:26326: gcc -std=gnu23 -c -g -O2 -I/opt/homebrew/include conftest.c >&5
conftest.c:102:23: error: expected expression
  102 | if (sizeof ((intptr_t)))
      |                       ^
1 error generated.
configure:26326: $? = 1
configure: failed program was:
| /* confdefs.h */
| #define PACKAGE_NAME "R"
| #define PACKAGE_TARNAME "R"
| #define PACKAGE_VERSION "4.6.0"
| #define PACKAGE_STRING "R 4.6.0"
| #define PACKAGE_BUGREPORT "https://bugs.r-project.org"
| #define PACKAGE_URL "https://www.r-project.org"
| #define PACKAGE "R"
| #define VERSION "4.6.0"
| #define R_PLATFORM "aarch64-apple-darwin25.6.0"
| #define R_CPU "aarch64"
| #define R_VENDOR "apple"
| #define R_OS "darwin25.6.0"
| #define Unix 1
| #define R_ARCH ""
| #define HAVE_STDIO_H 1
| #define HAVE_STDLIB_H 1
| #define HAVE_STRING_H 1
| #define HAVE_INTTYPES_H 1
| #define HAVE_STDINT_H 1
| #define HAVE_STRINGS_H 1
| #define HAVE_SYS_STAT_H 1
| #define HAVE_SYS_TYPES_H 1
| #define HAVE_UNISTD_H 1
| #define HAVE_WCHAR_H 1
| #define HAVE_SYS_TIME_H 1
| #define HAVE_SYS_PARAM_H 1
| #define STDC_HEADERS 1
| #define _ALL_SOURCE 1
| #define _DARWIN_C_SOURCE 1
| #define _GNU_SOURCE 1
| #define _HPUX_ALT_XOPEN_SOCKET_API 1
| #define _NETBSD_SOURCE 1
| #define _OPENBSD_SOURCE 1
| #define _POSIX_PTHREAD_SEMANTICS 1
| #define __STDC_WANT_IEC_60559_ATTRIBS_EXT__ 1
| #define __STDC_WANT_IEC_60559_BFP_EXT__ 1
| #define __STDC_WANT_IEC_60559_DFP_EXT__ 1
| #define __STDC_WANT_IEC_60559_EXT__ 1
| #define __STDC_WANT_IEC_60559_FUNCS_EXT__ 1
| #define __STDC_WANT_IEC_60559_TYPES_EXT__ 1
| #define __STDC_WANT_LIB_EXT2__ 1
| #define __STDC_WANT_MATH_SPEC_FUNCS__ 1
| #define _TANDEM_SOURCE 1
| #define __EXTENSIONS__ 1
| #define HAVE_VISIBILITY_ATTRIBUTE 1
| #define HAVE_DLFCN_H 1
| #define LT_OBJDIR ".libs/"
| #define HAVE_LIBM 1
| #define HAVE_LIBDL 1
| #define HAVE_DIRENT_H 1
| #define HAVE_SYS_WAIT_H 1
| #define HAVE_DLFCN_H 1
| #define HAVE_FCNTL_H 1
| #define HAVE_GLOB_H 1
| #define HAVE_GRP_H 1
| #define HAVE_PWD_H 1
| #define HAVE_SCHED_H 1
| #define HAVE_STRINGS_H 1
| #define HAVE_SYS_RESOURCE_H 1
| #define HAVE_SYS_SELECT_H 1
| #define HAVE_SYS_SOCKET_H 1
| #define HAVE_SYS_STAT_H 1
| #define HAVE_SYS_TIME_H 1
| #define HAVE_SYS_TIMES_H 1
| #define HAVE_SYS_UTSNAME_H 1
| #define HAVE_UNISTD_H 1
| #define HAVE_UTIME_H 1
| #define HAVE_ARPA_INET_H 1
| #define HAVE_LANGINFO_H 1
| #define HAVE_NETDB_H 1
| #define HAVE_NETINET_IN_H 1
| #define HAVE_SYS_PARAM_H 1
| #define HAVE_STDALIGN_H 1
| #define HAVE_ERRNO_H 1
| #define HAVE_INTTYPES_H 1
| #define HAVE_LIMITS_H 1
| #define HAVE_LOCALE_H 1
| #define HAVE_STDARG_H 1
| #define HAVE_STDBOOL_H 1
| #define HAVE_STDINT_H 1
| #define HAVE_STRING_H 1
| #define HAVE_DECL_SIGSETJMP 1
| #define HAVE_DECL_SIGLONGJMP 1
| #define HAVE_POSIX_SETJMP 1
| #define HAVE_INT64_T 1
| #define HAVE_INT_FAST64_T 1
| #define HAVE_DECL_SIZE_MAX 1
| #define R_SOCKLEN_T socklen_t
| #define HAVE_STACK_T 1
| /* end confdefs.h.  */
| #ifdef HAVE_INTTYPES_H
| #include <inttypes.h>
| #endif
| #ifdef HAVE_STDINT_H
| #include <stdint.h>
| #endif
| 
| int
| main (void)
| {
| if (sizeof ((intptr_t)))
| 	    return 0;
|   ;
|   return 0;
| }
configure:26326: result: yes
configure:26340: checking for uintptr_t
configure:26340: gcc -std=gnu23 -c -g -O2 -I/opt/homebrew/include conftest.c >&5
configure:26340: $? = 0
configure:26340: gcc -std=gnu23 -c -g -O2 -I/opt/homebrew/include conftest.c >&5
conftest.c:103:24: error: expected expression
  103 | if (sizeof ((uintptr_t)))
      |                        ^
1 error generated.
configure:26340: $? = 1
configure: failed program was:
| /* confdefs.h */
| #define PACKAGE_NAME "R"
| #define PACKAGE_TARNAME "R"
| #define PACKAGE_VERSION "4.6.0"
| #define PACKAGE_STRING "R 4.6.0"
| #define PACKAGE_BUGREPORT "https://bugs.r-project.org"
| #define PACKAGE_URL "https://www.r-project.org"
| #define PACKAGE "R"
| #define VERSION "4.6.0"
| #define R_PLATFORM "aarch64-apple-darwin25.6.0"
| #define R_CPU "aarch64"
| #define R_VENDOR "apple"
| #define R_OS "darwin25.6.0"
| #define Unix 1
| #define R_ARCH ""
| #define HAVE_STDIO_H 1
| #define HAVE_STDLIB_H 1
| #define HAVE_STRING_H 1
| #define HAVE_INTTYPES_H 1
| #define HAVE_STDINT_H 1
| #define HAVE_STRINGS_H 1
| #define HAVE_SYS_STAT_H 1
| #define HAVE_SYS_TYPES_H 1
| #define HAVE_UNISTD_H 1
| #define HAVE_WCHAR_H 1
| #define HAVE_SYS_TIME_H 1
| #define HAVE_SYS_PARAM_H 1
| #define STDC_HEADERS 1
| #define _ALL_SOURCE 1
| #define _DARWIN_C_SOURCE 1
| #define _GNU_SOURCE 1
| #define _HPUX_ALT_XOPEN_SOCKET_API 1
| #define _NETBSD_SOURCE 1
| #define _OPENBSD_SOURCE 1
| #define _POSIX_PTHREAD_SEMANTICS 1
| #define __STDC_WANT_IEC_60559_ATTRIBS_EXT__ 1
| #define __STDC_WANT_IEC_60559_BFP_EXT__ 1
| #define __STDC_WANT_IEC_60559_DFP_EXT__ 1
| #define __STDC_WANT_IEC_60559_EXT__ 1
| #define __STDC_WANT_IEC_60559_FUNCS_EXT__ 1
| #define __STDC_WANT_IEC_60559_TYPES_EXT__ 1
| #define __STDC_WANT_LIB_EXT2__ 1
| #define __STDC_WANT_MATH_SPEC_FUNCS__ 1
| #define _TANDEM_SOURCE 1
| #define __EXTENSIONS__ 1
| #define HAVE_VISIBILITY_ATTRIBUTE 1
| #define HAVE_DLFCN_H 1
| #define LT_OBJDIR ".libs/"
| #define HAVE_LIBM 1
| #define HAVE_LIBDL 1
| #define HAVE_DIRENT_H 1
| #define HAVE_SYS_WAIT_H 1
| #define HAVE_DLFCN_H 1
| #define HAVE_FCNTL_H 1
| #define HAVE_GLOB_H 1
| #define HAVE_GRP_H 1
| #define HAVE_PWD_H 1
| #define HAVE_SCHED_H 1
| #define HAVE_STRINGS_H 1
| #define HAVE_SYS_RESOURCE_H 1
| #define HAVE_SYS_SELECT_H 1
| #define HAVE_SYS_SOCKET_H 1
| #define HAVE_SYS_STAT_H 1
| #define HAVE_SYS_TIME_H 1
| #define HAVE_SYS_TIMES_H 1
| #define HAVE_SYS_UTSNAME_H 1
| #define HAVE_UNISTD_H 1
| #define HAVE_UTIME_H 1
| #define HAVE_ARPA_INET_H 1
| #define HAVE_LANGINFO_H 1
| #define HAVE_NETDB_H 1
| #define HAVE_NETINET_IN_H 1
| #define HAVE_SYS_PARAM_H 1
| #define HAVE_STDALIGN_H 1
| #define HAVE_ERRNO_H 1
| #define HAVE_INTTYPES_H 1
| #define HAVE_LIMITS_H 1
| #define HAVE_LOCALE_H 1
| #define HAVE_STDARG_H 1
| #define HAVE_STDBOOL_H 1
| #define HAVE_STDINT_H 1
| #define HAVE_STRING_H 1
| #define HAVE_DECL_SIGSETJMP 1
| #define HAVE_DECL_SIGLONGJMP 1
| #define HAVE_POSIX_SETJMP 1
| #define HAVE_INT64_T 1
| #define HAVE_INT_FAST64_T 1
| #define HAVE_DECL_SIZE_MAX 1
| #define R_SOCKLEN_T socklen_t
| #define HAVE_STACK_T 1
| #define HAVE_INTPTR_T 1
| /* end confdefs.h.  */
| #ifdef HAVE_INTTYPES_H
| #include <inttypes.h>
| #endif
| #ifdef HAVE_STDINT_H
| #include <stdint.h>
| #endif
| 
| int
| main (void)
| {
| if (sizeof ((uintptr_t)))
| 	    return 0;
|   ;
|   return 0;
| }
configure:26340: result: yes
configure:26362: checking whether byte ordering is bigendian
configure:26386: gcc -std=gnu23 -c -g -O2 -I/opt/homebrew/include conftest.c >&5
configure:26386: $? = 0
configure:26405: gcc -std=gnu23 -c -g -O2 -I/opt/homebrew/include conftest.c >&5
conftest.c:101:2: error: use of undeclared identifier 'not'
  101 |  not big endian
      |  ^~~
1 error generated.
configure:26405: $? = 1
configure: failed program was:
| /* confdefs.h */
| #define PACKAGE_NAME "R"
| #define PACKAGE_TARNAME "R"
| #define PACKAGE_VERSION "4.6.0"
| #define PACKAGE_STRING "R 4.6.0"
| #define PACKAGE_BUGREPORT "https://bugs.r-project.org"
| #define PACKAGE_URL "https://www.r-project.org"
| #define PACKAGE "R"
| #define VERSION "4.6.0"
| #define R_PLATFORM "aarch64-apple-darwin25.6.0"
| #define R_CPU "aarch64"
| #define R_VENDOR "apple"
| #define R_OS "darwin25.6.0"
| #define Unix 1
| #define R_ARCH ""
| #define HAVE_STDIO_H 1
| #define HAVE_STDLIB_H 1
| #define HAVE_STRING_H 1
| #define HAVE_INTTYPES_H 1
| #define HAVE_STDINT_H 1
| #define HAVE_STRINGS_H 1
| #define HAVE_SYS_STAT_H 1
| #define HAVE_SYS_TYPES_H 1
| #define HAVE_UNISTD_H 1
| #define HAVE_WCHAR_H 1
| #define HAVE_SYS_TIME_H 1
| #define HAVE_SYS_PARAM_H 1
| #define STDC_HEADERS 1
| #define _ALL_SOURCE 1
| #define _DARWIN_C_SOURCE 1
| #define _GNU_SOURCE 1
| #define _HPUX_ALT_XOPEN_SOCKET_API 1
| #define _NETBSD_SOURCE 1
| #define _OPENBSD_SOURCE 1
| #define _POSIX_PTHREAD_SEMANTICS 1
| #define __STDC_WANT_IEC_60559_ATTRIBS_EXT__ 1
| #define __STDC_WANT_IEC_60559_BFP_EXT__ 1
| #define __STDC_WANT_IEC_60559_DFP_EXT__ 1
| #define __STDC_WANT_IEC_60559_EXT__ 1
| #define __STDC_WANT_IEC_60559_FUNCS_EXT__ 1
| #define __STDC_WANT_IEC_60559_TYPES_EXT__ 1
| #define __STDC_WANT_LIB_EXT2__ 1
| #define __STDC_WANT_MATH_SPEC_FUNCS__ 1
| #define _TANDEM_SOURCE 1
| #define __EXTENSIONS__ 1
| #define HAVE_VISIBILITY_ATTRIBUTE 1
| #define HAVE_DLFCN_H 1
| #define LT_OBJDIR ".libs/"
| #define HAVE_LIBM 1
| #define HAVE_LIBDL 1
| #define HAVE_DIRENT_H 1
| #define HAVE_SYS_WAIT_H 1
| #define HAVE_DLFCN_H 1
| #define HAVE_FCNTL_H 1
| #define HAVE_GLOB_H 1
| #define HAVE_GRP_H 1
| #define HAVE_PWD_H 1
| #define HAVE_SCHED_H 1
| #define HAVE_STRINGS_H 1
| #define HAVE_SYS_RESOURCE_H 1
| #define HAVE_SYS_SELECT_H 1
| #define HAVE_SYS_SOCKET_H 1
| #define HAVE_SYS_STAT_H 1
| #define HAVE_SYS_TIME_H 1
| #define HAVE_SYS_TIMES_H 1
| #define HAVE_SYS_UTSNAME_H 1
| #define HAVE_UNISTD_H 1
| #define HAVE_UTIME_H 1
| #define HAVE_ARPA_INET_H 1
| #define HAVE_LANGINFO_H 1
| #define HAVE_NETDB_H 1
| #define HAVE_NETINET_IN_H 1
| #define HAVE_SYS_PARAM_H 1
| #define HAVE_STDALIGN_H 1
| #define HAVE_ERRNO_H 1
| #define HAVE_INTTYPES_H 1
| #define HAVE_LIMITS_H 1
| #define HAVE_LOCALE_H 1
| #define HAVE_STDARG_H 1
| #define HAVE_STDBOOL_H 1
| #define HAVE_STDINT_H 1
| #define HAVE_STRING_H 1
| #define HAVE_DECL_SIGSETJMP 1
| #define HAVE_DECL_SIGLONGJMP 1
| #define HAVE_POSIX_SETJMP 1
| #define HAVE_INT64_T 1
| #define HAVE_INT_FAST64_T 1
| #define HAVE_DECL_SIZE_MAX 1
| #define R_SOCKLEN_T socklen_t
| #define HAVE_STACK_T 1
| #define HAVE_INTPTR_T 1
| #define HAVE_UINTPTR_T 1
| /* end confdefs.h.  */
| #include <sys/types.h>
| #include <sys/param.h>
| 
| int
| main (void)
| {
| #if BYTE_ORDER != BIG_ENDIAN
|  not big endian
| #endif
| 
|   ;
|   return 0;
| }
configure:26488: result: no
configure:26502: checking for an ANSI C-conforming const
configure:26569: gcc -std=gnu23 -c -g -O2 -I/opt/homebrew/include conftest.c >&5
configure:26569: $? = 0
configure:26579: result: yes
configure:26587: checking for inline
configure:26603: gcc -std=gnu23 -c -g -O2 -I/opt/homebrew/include conftest.c >&5
configure:26603: $? = 0
configure:26612: result: inline
configure:26626: checking size of int
configure:26632: gcc -std=gnu23 -o conftest -g -O2 -I/opt/homebrew/include -L/opt/homebrew/lib conftest.c -ldl -lm  >&5
configure:26632: $? = 0
configure:26632: ./conftest
configure:26632: $? = 0
configure:26649: result: 4
configure:26670: checking size of long
configure:26676: gcc -std=gnu23 -o conftest -g -O2 -I/opt/homebrew/include -L/opt/homebrew/lib conftest.c -ldl -lm  >&5
configure:26676: $? = 0
configure:26676: ./conftest
configure:26676: $? = 0
configure:26693: result: 8
configure:26705: checking size of long long
configure:26711: gcc -std=gnu23 -o conftest -g -O2 -I/opt/homebrew/include -L/opt/homebrew/lib conftest.c -ldl -lm  >&5
configure:26711: $? = 0
configure:26711: ./conftest
configure:26711: $? = 0
configure:26728: result: 8
configure:26740: checking size of double
configure:26746: gcc -std=gnu23 -o conftest -g -O2 -I/opt/homebrew/include -L/opt/homebrew/lib conftest.c -ldl -lm  >&5
configure:26746: $? = 0
configure:26746: ./conftest
configure:26746: $? = 0
configure:26763: result: 8
configure:26775: checking size of size_t
configure:26781: gcc -std=gnu23 -o conftest -g -O2 -I/opt/homebrew/include -L/opt/homebrew/lib conftest.c -ldl -lm  >&5
configure:26781: $? = 0
configure:26781: ./conftest
configure:26781: $? = 0
configure:26798: result: 8
configure:26807: checking for C stack direction
configure:26867: result: down
configure:26909: checking size of long double
configure:26915: gcc -std=gnu23 -o conftest -g -O2 -I/opt/homebrew/include -L/opt/homebrew/lib conftest.c -ldl -lm  >&5
configure:26915: $? = 0
configure:26915: ./conftest
configure:26915: $? = 0
configure:26932: result: 8
configure:26952: checking whether we can compute C Make dependencies
configure:26985: result: yes, using $(CC) -MM
configure:27009: checking whether gcc -std=gnu23 supports -c -o FILE.lo
configure:27018: gcc -std=gnu23 -I/opt/homebrew/include -g -O2 -c conftest.c -o TMP/conftest.lo 1>&5
configure:27021: $? = 0
configure:27024: gcc -std=gnu23 -I/opt/homebrew/include -g -O2 -c conftest.c -o TMP/conftest.lo 1>&5
configure:27027: $? = 0
configure:27036: result: yes
configure:27067: checking for gcc -std=gnu23 option to support OpenMP
configure:27083: gcc -std=gnu23 -o conftest -g -O2 -I/opt/homebrew/include -L/opt/homebrew/lib conftest.c -ldl -lm  >&5
conftest.c:106:2: error: "OpenMP not supported"
  106 | #error "OpenMP not supported"
      |  ^
conftest.c:108:10: fatal error: 'omp.h' file not found
  108 | #include <omp.h>
      |          ^~~~~~~
2 errors generated.
configure:27083: $? = 1
configure: failed program was:
| /* confdefs.h */
| #define PACKAGE_NAME "R"
| #define PACKAGE_TARNAME "R"
| #define PACKAGE_VERSION "4.6.0"
| #define PACKAGE_STRING "R 4.6.0"
| #define PACKAGE_BUGREPORT "https://bugs.r-project.org"
| #define PACKAGE_URL "https://www.r-project.org"
| #define PACKAGE "R"
| #define VERSION "4.6.0"
| #define R_PLATFORM "aarch64-apple-darwin25.6.0"
| #define R_CPU "aarch64"
| #define R_VENDOR "apple"
| #define R_OS "darwin25.6.0"
| #define Unix 1
| #define R_ARCH ""
| #define HAVE_STDIO_H 1
| #define HAVE_STDLIB_H 1
| #define HAVE_STRING_H 1
| #define HAVE_INTTYPES_H 1
| #define HAVE_STDINT_H 1
| #define HAVE_STRINGS_H 1
| #define HAVE_SYS_STAT_H 1
| #define HAVE_SYS_TYPES_H 1
| #define HAVE_UNISTD_H 1
| #define HAVE_WCHAR_H 1
| #define HAVE_SYS_TIME_H 1
| #define HAVE_SYS_PARAM_H 1
| #define STDC_HEADERS 1
| #define _ALL_SOURCE 1
| #define _DARWIN_C_SOURCE 1
| #define _GNU_SOURCE 1
| #define _HPUX_ALT_XOPEN_SOCKET_API 1
| #define _NETBSD_SOURCE 1
| #define _OPENBSD_SOURCE 1
| #define _POSIX_PTHREAD_SEMANTICS 1
| #define __STDC_WANT_IEC_60559_ATTRIBS_EXT__ 1
| #define __STDC_WANT_IEC_60559_BFP_EXT__ 1
| #define __STDC_WANT_IEC_60559_DFP_EXT__ 1
| #define __STDC_WANT_IEC_60559_EXT__ 1
| #define __STDC_WANT_IEC_60559_FUNCS_EXT__ 1
| #define __STDC_WANT_IEC_60559_TYPES_EXT__ 1
| #define __STDC_WANT_LIB_EXT2__ 1
| #define __STDC_WANT_MATH_SPEC_FUNCS__ 1
| #define _TANDEM_SOURCE 1
| #define __EXTENSIONS__ 1
| #define HAVE_VISIBILITY_ATTRIBUTE 1
| #define HAVE_DLFCN_H 1
| #define LT_OBJDIR ".libs/"
| #define HAVE_LIBM 1
| #define HAVE_LIBDL 1
| #define HAVE_DIRENT_H 1
| #define HAVE_SYS_WAIT_H 1
| #define HAVE_DLFCN_H 1
| #define HAVE_FCNTL_H 1
| #define HAVE_GLOB_H 1
| #define HAVE_GRP_H 1
| #define HAVE_PWD_H 1
| #define HAVE_SCHED_H 1
| #define HAVE_STRINGS_H 1
| #define HAVE_SYS_RESOURCE_H 1
| #define HAVE_SYS_SELECT_H 1
| #define HAVE_SYS_SOCKET_H 1
| #define HAVE_SYS_STAT_H 1
| #define HAVE_SYS_TIME_H 1
| #define HAVE_SYS_TIMES_H 1
| #define HAVE_SYS_UTSNAME_H 1
| #define HAVE_UNISTD_H 1
| #define HAVE_UTIME_H 1
| #define HAVE_ARPA_INET_H 1
| #define HAVE_LANGINFO_H 1
| #define HAVE_NETDB_H 1
| #define HAVE_NETINET_IN_H 1
| #define HAVE_SYS_PARAM_H 1
| #define HAVE_STDALIGN_H 1
| #define HAVE_ERRNO_H 1
| #define HAVE_INTTYPES_H 1
| #define HAVE_LIMITS_H 1
| #define HAVE_LOCALE_H 1
| #define HAVE_STDARG_H 1
| #define HAVE_STDBOOL_H 1
| #define HAVE_STDINT_H 1
| #define HAVE_STRING_H 1
| #define HAVE_DECL_SIGSETJMP 1
| #define HAVE_DECL_SIGLONGJMP 1
| #define HAVE_POSIX_SETJMP 1
| #define HAVE_INT64_T 1
| #define HAVE_INT_FAST64_T 1
| #define HAVE_DECL_SIZE_MAX 1
| #define R_SOCKLEN_T socklen_t
| #define HAVE_STACK_T 1
| #define HAVE_INTPTR_T 1
| #define HAVE_UINTPTR_T 1
| #define R_INLINE inline
| #define SIZEOF_INT 4
| #define INT_32_BITS 1
| #define SIZEOF_LONG 8
| #define SIZEOF_LONG_LONG 8
| #define SIZEOF_DOUBLE 8
| #define SIZEOF_SIZE_T 8
| #define C_STACK_DIRECTION 1
| #define HAVE_LONG_DOUBLE 1
| #define SIZEOF_LONG_DOUBLE 8
| /* end confdefs.h.  */
| 
| #ifndef _OPENMP
| #error "OpenMP not supported"
| #endif
| #include <omp.h>
| int main (void) { return omp_get_num_threads (); }
| 
configure:27104: gcc -std=gnu23 -o conftest -g -O2 -xopenmp -I/opt/homebrew/include -L/opt/homebrew/lib conftest.c -ldl -lm  >&5
clang: error: language not recognized: 'openmp'
configure:27104: $? = 1
configure: failed program was:
| /* confdefs.h */
| #define PACKAGE_NAME "R"
| #define PACKAGE_TARNAME "R"
| #define PACKAGE_VERSION "4.6.0"
| #define PACKAGE_STRING "R 4.6.0"
| #define PACKAGE_BUGREPORT "https://bugs.r-project.org"
| #define PACKAGE_URL "https://www.r-project.org"
| #define PACKAGE "R"
| #define VERSION "4.6.0"
| #define R_PLATFORM "aarch64-apple-darwin25.6.0"
| #define R_CPU "aarch64"
| #define R_VENDOR "apple"
| #define R_OS "darwin25.6.0"
| #define Unix 1
| #define R_ARCH ""
| #define HAVE_STDIO_H 1
| #define HAVE_STDLIB_H 1
| #define HAVE_STRING_H 1
| #define HAVE_INTTYPES_H 1
| #define HAVE_STDINT_H 1
| #define HAVE_STRINGS_H 1
| #define HAVE_SYS_STAT_H 1
| #define HAVE_SYS_TYPES_H 1
| #define HAVE_UNISTD_H 1
| #define HAVE_WCHAR_H 1
| #define HAVE_SYS_TIME_H 1
| #define HAVE_SYS_PARAM_H 1
| #define STDC_HEADERS 1
| #define _ALL_SOURCE 1
| #define _DARWIN_C_SOURCE 1
| #define _GNU_SOURCE 1
| #define _HPUX_ALT_XOPEN_SOCKET_API 1
| #define _NETBSD_SOURCE 1
| #define _OPENBSD_SOURCE 1
| #define _POSIX_PTHREAD_SEMANTICS 1
| #define __STDC_WANT_IEC_60559_ATTRIBS_EXT__ 1
| #define __STDC_WANT_IEC_60559_BFP_EXT__ 1
| #define __STDC_WANT_IEC_60559_DFP_EXT__ 1
| #define __STDC_WANT_IEC_60559_EXT__ 1
| #define __STDC_WANT_IEC_60559_FUNCS_EXT__ 1
| #define __STDC_WANT_IEC_60559_TYPES_EXT__ 1
| #define __STDC_WANT_LIB_EXT2__ 1
| #define __STDC_WANT_MATH_SPEC_FUNCS__ 1
| #define _TANDEM_SOURCE 1
| #define __EXTENSIONS__ 1
| #define HAVE_VISIBILITY_ATTRIBUTE 1
| #define HAVE_DLFCN_H 1
| #define LT_OBJDIR ".libs/"
| #define HAVE_LIBM 1
| #define HAVE_LIBDL 1
| #define HAVE_DIRENT_H 1
| #define HAVE_SYS_WAIT_H 1
| #define HAVE_DLFCN_H 1
| #define HAVE_FCNTL_H 1
| #define HAVE_GLOB_H 1
| #define HAVE_GRP_H 1
| #define HAVE_PWD_H 1
| #define HAVE_SCHED_H 1
| #define HAVE_STRINGS_H 1
| #define HAVE_SYS_RESOURCE_H 1
| #define HAVE_SYS_SELECT_H 1
| #define HAVE_SYS_SOCKET_H 1
| #define HAVE_SYS_STAT_H 1
| #define HAVE_SYS_TIME_H 1
| #define HAVE_SYS_TIMES_H 1
| #define HAVE_SYS_UTSNAME_H 1
| #define HAVE_UNISTD_H 1
| #define HAVE_UTIME_H 1
| #define HAVE_ARPA_INET_H 1
| #define HAVE_LANGINFO_H 1
| #define HAVE_NETDB_H 1
| #define HAVE_NETINET_IN_H 1
| #define HAVE_SYS_PARAM_H 1
| #define HAVE_STDALIGN_H 1
| #define HAVE_ERRNO_H 1
| #define HAVE_INTTYPES_H 1
| #define HAVE_LIMITS_H 1
| #define HAVE_LOCALE_H 1
| #define HAVE_STDARG_H 1
| #define HAVE_STDBOOL_H 1
| #define HAVE_STDINT_H 1
| #define HAVE_STRING_H 1
| #define HAVE_DECL_SIGSETJMP 1
| #define HAVE_DECL_SIGLONGJMP 1
| #define HAVE_POSIX_SETJMP 1
| #define HAVE_INT64_T 1
| #define HAVE_INT_FAST64_T 1
| #define HAVE_DECL_SIZE_MAX 1
| #define R_SOCKLEN_T socklen_t
| #define HAVE_STACK_T 1
| #define HAVE_INTPTR_T 1
| #define HAVE_UINTPTR_T 1
| #define R_INLINE inline
| #define SIZEOF_INT 4
| #define INT_32_BITS 1
| #define SIZEOF_LONG 8
| #define SIZEOF_LONG_LONG 8
| #define SIZEOF_DOUBLE 8
| #define SIZEOF_SIZE_T 8
| #define C_STACK_DIRECTION 1
| #define HAVE_LONG_DOUBLE 1
| #define SIZEOF_LONG_DOUBLE 8
| /* end confdefs.h.  */
| 
| #ifndef _OPENMP
| #error "OpenMP not supported"
| #endif
| #include <omp.h>
| int main (void) { return omp_get_num_threads (); }
| 
configure:27104: gcc -std=gnu23 -o conftest -g -O2 -fiopenmp -I/opt/homebrew/include -L/opt/homebrew/lib conftest.c -ldl -lm  >&5
clang: error: unknown argument '-fiopenmp'; did you mean '-fopenmp'?
configure:27104: $? = 1
configure: failed program was:
| /* confdefs.h */
| #define PACKAGE_NAME "R"
| #define PACKAGE_TARNAME "R"
| #define PACKAGE_VERSION "4.6.0"
| #define PACKAGE_STRING "R 4.6.0"
| #define PACKAGE_BUGREPORT "https://bugs.r-project.org"
| #define PACKAGE_URL "https://www.r-project.org"
| #define PACKAGE "R"
| #define VERSION "4.6.0"
| #define R_PLATFORM "aarch64-apple-darwin25.6.0"
| #define R_CPU "aarch64"
| #define R_VENDOR "apple"
| #define R_OS "darwin25.6.0"
| #define Unix 1
| #define R_ARCH ""
| #define HAVE_STDIO_H 1
| #define HAVE_STDLIB_H 1
| #define HAVE_STRING_H 1
| #define HAVE_INTTYPES_H 1
| #define HAVE_STDINT_H 1
| #define HAVE_STRINGS_H 1
| #define HAVE_SYS_STAT_H 1
| #define HAVE_SYS_TYPES_H 1
| #define HAVE_UNISTD_H 1
| #define HAVE_WCHAR_H 1
| #define HAVE_SYS_TIME_H 1
| #define HAVE_SYS_PARAM_H 1
| #define STDC_HEADERS 1
| #define _ALL_SOURCE 1
| #define _DARWIN_C_SOURCE 1
| #define _GNU_SOURCE 1
| #define _HPUX_ALT_XOPEN_SOCKET_API 1
| #define _NETBSD_SOURCE 1
| #define _OPENBSD_SOURCE 1
| #define _POSIX_PTHREAD_SEMANTICS 1
| #define __STDC_WANT_IEC_60559_ATTRIBS_EXT__ 1
| #define __STDC_WANT_IEC_60559_BFP_EXT__ 1
| #define __STDC_WANT_IEC_60559_DFP_EXT__ 1
| #define __STDC_WANT_IEC_60559_EXT__ 1
| #define __STDC_WANT_IEC_60559_FUNCS_EXT__ 1
| #define __STDC_WANT_IEC_60559_TYPES_EXT__ 1
| #define __STDC_WANT_LIB_EXT2__ 1
| #define __STDC_WANT_MATH_SPEC_FUNCS__ 1
| #define _TANDEM_SOURCE 1
| #define __EXTENSIONS__ 1
| #define HAVE_VISIBILITY_ATTRIBUTE 1
| #define HAVE_DLFCN_H 1
| #define LT_OBJDIR ".libs/"
| #define HAVE_LIBM 1
| #define HAVE_LIBDL 1
| #define HAVE_DIRENT_H 1
| #define HAVE_SYS_WAIT_H 1
| #define HAVE_DLFCN_H 1
| #define HAVE_FCNTL_H 1
| #define HAVE_GLOB_H 1
| #define HAVE_GRP_H 1
| #define HAVE_PWD_H 1
| #define HAVE_SCHED_H 1
| #define HAVE_STRINGS_H 1
| #define HAVE_SYS_RESOURCE_H 1
| #define HAVE_SYS_SELECT_H 1
| #define HAVE_SYS_SOCKET_H 1
| #define HAVE_SYS_STAT_H 1
| #define HAVE_SYS_TIME_H 1
| #define HAVE_SYS_TIMES_H 1
| #define HAVE_SYS_UTSNAME_H 1
| #define HAVE_UNISTD_H 1
| #define HAVE_UTIME_H 1
| #define HAVE_ARPA_INET_H 1
| #define HAVE_LANGINFO_H 1
| #define HAVE_NETDB_H 1
| #define HAVE_NETINET_IN_H 1
| #define HAVE_SYS_PARAM_H 1
| #define HAVE_STDALIGN_H 1
| #define HAVE_ERRNO_H 1
| #define HAVE_INTTYPES_H 1
| #define HAVE_LIMITS_H 1
| #define HAVE_LOCALE_H 1
| #define HAVE_STDARG_H 1
| #define HAVE_STDBOOL_H 1
| #define HAVE_STDINT_H 1
| #define HAVE_STRING_H 1
| #define HAVE_DECL_SIGSETJMP 1
| #define HAVE_DECL_SIGLONGJMP 1
| #define HAVE_POSIX_SETJMP 1
| #define HAVE_INT64_T 1
| #define HAVE_INT_FAST64_T 1
| #define HAVE_DECL_SIZE_MAX 1
| #define R_SOCKLEN_T socklen_t
| #define HAVE_STACK_T 1
| #define HAVE_INTPTR_T 1
| #define HAVE_UINTPTR_T 1
| #define R_INLINE inline
| #define SIZEOF_INT 4
| #define INT_32_BITS 1
| #define SIZEOF_LONG 8
| #define SIZEOF_LONG_LONG 8
| #define SIZEOF_DOUBLE 8
| #define SIZEOF_SIZE_T 8
| #define C_STACK_DIRECTION 1
| #define HAVE_LONG_DOUBLE 1
| #define SIZEOF_LONG_DOUBLE 8
| /* end confdefs.h.  */
| 
| #ifndef _OPENMP
| #error "OpenMP not supported"
| #endif
| #include <omp.h>
| int main (void) { return omp_get_num_threads (); }
| 
configure:27104: gcc -std=gnu23 -o conftest -g -O2 -fopenmp -I/opt/homebrew/include -L/opt/homebrew/lib conftest.c -ldl -lm  >&5
clang: error: unsupported option '-fopenmp'
clang: error: unsupported option '-fopenmp'
configure:27104: $? = 1
configure: failed program was:
| /* confdefs.h */
| #define PACKAGE_NAME "R"
| #define PACKAGE_TARNAME "R"
| #define PACKAGE_VERSION "4.6.0"
| #define PACKAGE_STRING "R 4.6.0"
| #define PACKAGE_BUGREPORT "https://bugs.r-project.org"
| #define PACKAGE_URL "https://www.r-project.org"
| #define PACKAGE "R"
| #define VERSION "4.6.0"
| #define R_PLATFORM "aarch64-apple-darwin25.6.0"
| #define R_CPU "aarch64"
| #define R_VENDOR "apple"
| #define R_OS "darwin25.6.0"
| #define Unix 1
| #define R_ARCH ""
| #define HAVE_STDIO_H 1
| #define HAVE_STDLIB_H 1
| #define HAVE_STRING_H 1
| #define HAVE_INTTYPES_H 1
| #define HAVE_STDINT_H 1
| #define HAVE_STRINGS_H 1
| #define HAVE_SYS_STAT_H 1
| #define HAVE_SYS_TYPES_H 1
| #define HAVE_UNISTD_H 1
| #define HAVE_WCHAR_H 1
| #define HAVE_SYS_TIME_H 1
| #define HAVE_SYS_PARAM_H 1
| #define STDC_HEADERS 1
| #define _ALL_SOURCE 1
| #define _DARWIN_C_SOURCE 1
| #define _GNU_SOURCE 1
| #define _HPUX_ALT_XOPEN_SOCKET_API 1
| #define _NETBSD_SOURCE 1
| #define _OPENBSD_SOURCE 1
| #define _POSIX_PTHREAD_SEMANTICS 1
| #define __STDC_WANT_IEC_60559_ATTRIBS_EXT__ 1
| #define __STDC_WANT_IEC_60559_BFP_EXT__ 1
| #define __STDC_WANT_IEC_60559_DFP_EXT__ 1
| #define __STDC_WANT_IEC_60559_EXT__ 1
| #define __STDC_WANT_IEC_60559_FUNCS_EXT__ 1
| #define __STDC_WANT_IEC_60559_TYPES_EXT__ 1
| #define __STDC_WANT_LIB_EXT2__ 1
| #define __STDC_WANT_MATH_SPEC_FUNCS__ 1
| #define _TANDEM_SOURCE 1
| #define __EXTENSIONS__ 1
| #define HAVE_VISIBILITY_ATTRIBUTE 1
| #define HAVE_DLFCN_H 1
| #define LT_OBJDIR ".libs/"
| #define HAVE_LIBM 1
| #define HAVE_LIBDL 1
| #define HAVE_DIRENT_H 1
| #define HAVE_SYS_WAIT_H 1
| #define HAVE_DLFCN_H 1
| #define HAVE_FCNTL_H 1
| #define HAVE_GLOB_H 1
| #define HAVE_GRP_H 1
| #define HAVE_PWD_H 1
| #define HAVE_SCHED_H 1
| #define HAVE_STRINGS_H 1
| #define HAVE_SYS_RESOURCE_H 1
| #define HAVE_SYS_SELECT_H 1
| #define HAVE_SYS_SOCKET_H 1
| #define HAVE_SYS_STAT_H 1
| #define HAVE_SYS_TIME_H 1
| #define HAVE_SYS_TIMES_H 1
| #define HAVE_SYS_UTSNAME_H 1
| #define HAVE_UNISTD_H 1
| #define HAVE_UTIME_H 1
| #define HAVE_ARPA_INET_H 1
| #define HAVE_LANGINFO_H 1
| #define HAVE_NETDB_H 1
| #define HAVE_NETINET_IN_H 1
| #define HAVE_SYS_PARAM_H 1
| #define HAVE_STDALIGN_H 1
| #define HAVE_ERRNO_H 1
| #define HAVE_INTTYPES_H 1
| #define HAVE_LIMITS_H 1
| #define HAVE_LOCALE_H 1
| #define HAVE_STDARG_H 1
| #define HAVE_STDBOOL_H 1
| #define HAVE_STDINT_H 1
| #define HAVE_STRING_H 1
| #define HAVE_DECL_SIGSETJMP 1
| #define HAVE_DECL_SIGLONGJMP 1
| #define HAVE_POSIX_SETJMP 1
| #define HAVE_INT64_T 1
| #define HAVE_INT_FAST64_T 1
| #define HAVE_DECL_SIZE_MAX 1
| #define R_SOCKLEN_T socklen_t
| #define HAVE_STACK_T 1
| #define HAVE_INTPTR_T 1
| #define HAVE_UINTPTR_T 1
| #define R_INLINE inline
| #define SIZEOF_INT 4
| #define INT_32_BITS 1
| #define SIZEOF_LONG 8
| #define SIZEOF_LONG_LONG 8
| #define SIZEOF_DOUBLE 8
| #define SIZEOF_SIZE_T 8
| #define C_STACK_DIRECTION 1
| #define HAVE_LONG_DOUBLE 1
| #define SIZEOF_LONG_DOUBLE 8
| /* end confdefs.h.  */
| 
| #ifndef _OPENMP
| #error "OpenMP not supported"
| #endif
| #include <omp.h>
| int main (void) { return omp_get_num_threads (); }
| 
configure:27104: gcc -std=gnu23 -o conftest -g -O2 -qopenmp -I/opt/homebrew/include -L/opt/homebrew/lib conftest.c -ldl -lm  >&5
clang: error: unknown argument '-qopenmp'; did you mean '-fopenmp'?
configure:27104: $? = 1
configure: failed program was:
| /* confdefs.h */
| #define PACKAGE_NAME "R"
| #define PACKAGE_TARNAME "R"
| #define PACKAGE_VERSION "4.6.0"
| #define PACKAGE_STRING "R 4.6.0"
| #define PACKAGE_BUGREPORT "https://bugs.r-project.org"
| #define PACKAGE_URL "https://www.r-project.org"
| #define PACKAGE "R"
| #define VERSION "4.6.0"
| #define R_PLATFORM "aarch64-apple-darwin25.6.0"
| #define R_CPU "aarch64"
| #define R_VENDOR "apple"
| #define R_OS "darwin25.6.0"
| #define Unix 1
| #define R_ARCH ""
| #define HAVE_STDIO_H 1
| #define HAVE_STDLIB_H 1
| #define HAVE_STRING_H 1
| #define HAVE_INTTYPES_H 1
| #define HAVE_STDINT_H 1
| #define HAVE_STRINGS_H 1
| #define HAVE_SYS_STAT_H 1
| #define HAVE_SYS_TYPES_H 1
| #define HAVE_UNISTD_H 1
| #define HAVE_WCHAR_H 1
| #define HAVE_SYS_TIME_H 1
| #define HAVE_SYS_PARAM_H 1
| #define STDC_HEADERS 1
| #define _ALL_SOURCE 1
| #define _DARWIN_C_SOURCE 1
| #define _GNU_SOURCE 1
| #define _HPUX_ALT_XOPEN_SOCKET_API 1
| #define _NETBSD_SOURCE 1
| #define _OPENBSD_SOURCE 1
| #define _POSIX_PTHREAD_SEMANTICS 1
| #define __STDC_WANT_IEC_60559_ATTRIBS_EXT__ 1
| #define __STDC_WANT_IEC_60559_BFP_EXT__ 1
| #define __STDC_WANT_IEC_60559_DFP_EXT__ 1
| #define __STDC_WANT_IEC_60559_EXT__ 1
| #define __STDC_WANT_IEC_60559_FUNCS_EXT__ 1
| #define __STDC_WANT_IEC_60559_TYPES_EXT__ 1
| #define __STDC_WANT_LIB_EXT2__ 1
| #define __STDC_WANT_MATH_SPEC_FUNCS__ 1
| #define _TANDEM_SOURCE 1
| #define __EXTENSIONS__ 1
| #define HAVE_VISIBILITY_ATTRIBUTE 1
| #define HAVE_DLFCN_H 1
| #define LT_OBJDIR ".libs/"
| #define HAVE_LIBM 1
| #define HAVE_LIBDL 1
| #define HAVE_DIRENT_H 1
| #define HAVE_SYS_WAIT_H 1
| #define HAVE_DLFCN_H 1
| #define HAVE_FCNTL_H 1
| #define HAVE_GLOB_H 1
| #define HAVE_GRP_H 1
| #define HAVE_PWD_H 1
| #define HAVE_SCHED_H 1
| #define HAVE_STRINGS_H 1
| #define HAVE_SYS_RESOURCE_H 1
| #define HAVE_SYS_SELECT_H 1
| #define HAVE_SYS_SOCKET_H 1
| #define HAVE_SYS_STAT_H 1
| #define HAVE_SYS_TIME_H 1
| #define HAVE_SYS_TIMES_H 1
| #define HAVE_SYS_UTSNAME_H 1
| #define HAVE_UNISTD_H 1
| #define HAVE_UTIME_H 1
| #define HAVE_ARPA_INET_H 1
| #define HAVE_LANGINFO_H 1
| #define HAVE_NETDB_H 1
| #define HAVE_NETINET_IN_H 1
| #define HAVE_SYS_PARAM_H 1
| #define HAVE_STDALIGN_H 1
| #define HAVE_ERRNO_H 1
| #define HAVE_INTTYPES_H 1
| #define HAVE_LIMITS_H 1
| #define HAVE_LOCALE_H 1
| #define HAVE_STDARG_H 1
| #define HAVE_STDBOOL_H 1
| #define HAVE_STDINT_H 1
| #define HAVE_STRING_H 1
| #define HAVE_DECL_SIGSETJMP 1
| #define HAVE_DECL_SIGLONGJMP 1
| #define HAVE_POSIX_SETJMP 1
| #define HAVE_INT64_T 1
| #define HAVE_INT_FAST64_T 1
| #define HAVE_DECL_SIZE_MAX 1
| #define R_SOCKLEN_T socklen_t
| #define HAVE_STACK_T 1
| #define HAVE_INTPTR_T 1
| #define HAVE_UINTPTR_T 1
| #define R_INLINE inline
| #define SIZEOF_INT 4
| #define INT_32_BITS 1
| #define SIZEOF_LONG 8
| #define SIZEOF_LONG_LONG 8
| #define SIZEOF_DOUBLE 8
| #define SIZEOF_SIZE_T 8
| #define C_STACK_DIRECTION 1
| #define HAVE_LONG_DOUBLE 1
| #define SIZEOF_LONG_DOUBLE 8
| /* end confdefs.h.  */
| 
| #ifndef _OPENMP
| #error "OpenMP not supported"
| #endif
| #include <omp.h>
| int main (void) { return omp_get_num_threads (); }
| 
configure:27104: gcc -std=gnu23 -o conftest -g -O2 -openmp -I/opt/homebrew/include -L/opt/homebrew/lib conftest.c -ldl -lm  >&5
conftest.c:106:2: error: "OpenMP not supported"
  106 | #error "OpenMP not supported"
      |  ^
conftest.c:108:10: fatal error: 'omp.h' file not found
  108 | #include <omp.h>
      |          ^~~~~~~
2 errors generated.
configure:27104: $? = 1
configure: failed program was:
| /* confdefs.h */
| #define PACKAGE_NAME "R"
| #define PACKAGE_TARNAME "R"
| #define PACKAGE_VERSION "4.6.0"
| #define PACKAGE_STRING "R 4.6.0"
| #define PACKAGE_BUGREPORT "https://bugs.r-project.org"
| #define PACKAGE_URL "https://www.r-project.org"
| #define PACKAGE "R"
| #define VERSION "4.6.0"
| #define R_PLATFORM "aarch64-apple-darwin25.6.0"
| #define R_CPU "aarch64"
| #define R_VENDOR "apple"
| #define R_OS "darwin25.6.0"
| #define Unix 1
| #define R_ARCH ""
| #define HAVE_STDIO_H 1
| #define HAVE_STDLIB_H 1
| #define HAVE_STRING_H 1
| #define HAVE_INTTYPES_H 1
| #define HAVE_STDINT_H 1
| #define HAVE_STRINGS_H 1
| #define HAVE_SYS_STAT_H 1
| #define HAVE_SYS_TYPES_H 1
| #define HAVE_UNISTD_H 1
| #define HAVE_WCHAR_H 1
| #define HAVE_SYS_TIME_H 1
| #define HAVE_SYS_PARAM_H 1
| #define STDC_HEADERS 1
| #define _ALL_SOURCE 1
| #define _DARWIN_C_SOURCE 1
| #define _GNU_SOURCE 1
| #define _HPUX_ALT_XOPEN_SOCKET_API 1
| #define _NETBSD_SOURCE 1
| #define _OPENBSD_SOURCE 1
| #define _POSIX_PTHREAD_SEMANTICS 1
| #define __STDC_WANT_IEC_60559_ATTRIBS_EXT__ 1
| #define __STDC_WANT_IEC_60559_BFP_EXT__ 1
| #define __STDC_WANT_IEC_60559_DFP_EXT__ 1
| #define __STDC_WANT_IEC_60559_EXT__ 1
| #define __STDC_WANT_IEC_60559_FUNCS_EXT__ 1
| #define __STDC_WANT_IEC_60559_TYPES_EXT__ 1
| #define __STDC_WANT_LIB_EXT2__ 1
| #define __STDC_WANT_MATH_SPEC_FUNCS__ 1
| #define _TANDEM_SOURCE 1
| #define __EXTENSIONS__ 1
| #define HAVE_VISIBILITY_ATTRIBUTE 1
| #define HAVE_DLFCN_H 1
| #define LT_OBJDIR ".libs/"
| #define HAVE_LIBM 1
| #define HAVE_LIBDL 1
| #define HAVE_DIRENT_H 1
| #define HAVE_SYS_WAIT_H 1
| #define HAVE_DLFCN_H 1
| #define HAVE_FCNTL_H 1
| #define HAVE_GLOB_H 1
| #define HAVE_GRP_H 1
| #define HAVE_PWD_H 1
| #define HAVE_SCHED_H 1
| #define HAVE_STRINGS_H 1
| #define HAVE_SYS_RESOURCE_H 1
| #define HAVE_SYS_SELECT_H 1
| #define HAVE_SYS_SOCKET_H 1
| #define HAVE_SYS_STAT_H 1
| #define HAVE_SYS_TIME_H 1
| #define HAVE_SYS_TIMES_H 1
| #define HAVE_SYS_UTSNAME_H 1
| #define HAVE_UNISTD_H 1
| #define HAVE_UTIME_H 1
| #define HAVE_ARPA_INET_H 1
| #define HAVE_LANGINFO_H 1
| #define HAVE_NETDB_H 1
| #define HAVE_NETINET_IN_H 1
| #define HAVE_SYS_PARAM_H 1
| #define HAVE_STDALIGN_H 1
| #define HAVE_ERRNO_H 1
| #define HAVE_INTTYPES_H 1
| #define HAVE_LIMITS_H 1
| #define HAVE_LOCALE_H 1
| #define HAVE_STDARG_H 1
| #define HAVE_STDBOOL_H 1
| #define HAVE_STDINT_H 1
| #define HAVE_STRING_H 1
| #define HAVE_DECL_SIGSETJMP 1
| #define HAVE_DECL_SIGLONGJMP 1
| #define HAVE_POSIX_SETJMP 1
| #define HAVE_INT64_T 1
| #define HAVE_INT_FAST64_T 1
| #define HAVE_DECL_SIZE_MAX 1
| #define R_SOCKLEN_T socklen_t
| #define HAVE_STACK_T 1
| #define HAVE_INTPTR_T 1
| #define HAVE_UINTPTR_T 1
| #define R_INLINE inline
| #define SIZEOF_INT 4
| #define INT_32_BITS 1
| #define SIZEOF_LONG 8
| #define SIZEOF_LONG_LONG 8
| #define SIZEOF_DOUBLE 8
| #define SIZEOF_SIZE_T 8
| #define C_STACK_DIRECTION 1
| #define HAVE_LONG_DOUBLE 1
| #define SIZEOF_LONG_DOUBLE 8
| /* end confdefs.h.  */
| 
| #ifndef _OPENMP
| #error "OpenMP not supported"
| #endif
| #include <omp.h>
| int main (void) { return omp_get_num_threads (); }
| 
configure:27104: gcc -std=gnu23 -o conftest -g -O2 -mp -I/opt/homebrew/include -L/opt/homebrew/lib conftest.c -ldl -lm  >&5
clang: error: unknown argument: '-mp'
configure:27104: $? = 1
configure: failed program was:
| /* confdefs.h */
| #define PACKAGE_NAME "R"
| #define PACKAGE_TARNAME "R"
| #define PACKAGE_VERSION "4.6.0"
| #define PACKAGE_STRING "R 4.6.0"
| #define PACKAGE_BUGREPORT "https://bugs.r-project.org"
| #define PACKAGE_URL "https://www.r-project.org"
| #define PACKAGE "R"
| #define VERSION "4.6.0"
| #define R_PLATFORM "aarch64-apple-darwin25.6.0"
| #define R_CPU "aarch64"
| #define R_VENDOR "apple"
| #define R_OS "darwin25.6.0"
| #define Unix 1
| #define R_ARCH ""
| #define HAVE_STDIO_H 1
| #define HAVE_STDLIB_H 1
| #define HAVE_STRING_H 1
| #define HAVE_INTTYPES_H 1
| #define HAVE_STDINT_H 1
| #define HAVE_STRINGS_H 1
| #define HAVE_SYS_STAT_H 1
| #define HAVE_SYS_TYPES_H 1
| #define HAVE_UNISTD_H 1
| #define HAVE_WCHAR_H 1
| #define HAVE_SYS_TIME_H 1
| #define HAVE_SYS_PARAM_H 1
| #define STDC_HEADERS 1
| #define _ALL_SOURCE 1
| #define _DARWIN_C_SOURCE 1
| #define _GNU_SOURCE 1
| #define _HPUX_ALT_XOPEN_SOCKET_API 1
| #define _NETBSD_SOURCE 1
| #define _OPENBSD_SOURCE 1
| #define _POSIX_PTHREAD_SEMANTICS 1
| #define __STDC_WANT_IEC_60559_ATTRIBS_EXT__ 1
| #define __STDC_WANT_IEC_60559_BFP_EXT__ 1
| #define __STDC_WANT_IEC_60559_DFP_EXT__ 1
| #define __STDC_WANT_IEC_60559_EXT__ 1
| #define __STDC_WANT_IEC_60559_FUNCS_EXT__ 1
| #define __STDC_WANT_IEC_60559_TYPES_EXT__ 1
| #define __STDC_WANT_LIB_EXT2__ 1
| #define __STDC_WANT_MATH_SPEC_FUNCS__ 1
| #define _TANDEM_SOURCE 1
| #define __EXTENSIONS__ 1
| #define HAVE_VISIBILITY_ATTRIBUTE 1
| #define HAVE_DLFCN_H 1
| #define LT_OBJDIR ".libs/"
| #define HAVE_LIBM 1
| #define HAVE_LIBDL 1
| #define HAVE_DIRENT_H 1
| #define HAVE_SYS_WAIT_H 1
| #define HAVE_DLFCN_H 1
| #define HAVE_FCNTL_H 1
| #define HAVE_GLOB_H 1
| #define HAVE_GRP_H 1
| #define HAVE_PWD_H 1
| #define HAVE_SCHED_H 1
| #define HAVE_STRINGS_H 1
| #define HAVE_SYS_RESOURCE_H 1
| #define HAVE_SYS_SELECT_H 1
| #define HAVE_SYS_SOCKET_H 1
| #define HAVE_SYS_STAT_H 1
| #define HAVE_SYS_TIME_H 1
| #define HAVE_SYS_TIMES_H 1
| #define HAVE_SYS_UTSNAME_H 1
| #define HAVE_UNISTD_H 1
| #define HAVE_UTIME_H 1
| #define HAVE_ARPA_INET_H 1
| #define HAVE_LANGINFO_H 1
| #define HAVE_NETDB_H 1
| #define HAVE_NETINET_IN_H 1
| #define HAVE_SYS_PARAM_H 1
| #define HAVE_STDALIGN_H 1
| #define HAVE_ERRNO_H 1
| #define HAVE_INTTYPES_H 1
| #define HAVE_LIMITS_H 1
| #define HAVE_LOCALE_H 1
| #define HAVE_STDARG_H 1
| #define HAVE_STDBOOL_H 1
| #define HAVE_STDINT_H 1
| #define HAVE_STRING_H 1
| #define HAVE_DECL_SIGSETJMP 1
| #define HAVE_DECL_SIGLONGJMP 1
| #define HAVE_POSIX_SETJMP 1
| #define HAVE_INT64_T 1
| #define HAVE_INT_FAST64_T 1
| #define HAVE_DECL_SIZE_MAX 1
| #define R_SOCKLEN_T socklen_t
| #define HAVE_STACK_T 1
| #define HAVE_INTPTR_T 1
| #define HAVE_UINTPTR_T 1
| #define R_INLINE inline
| #define SIZEOF_INT 4
| #define INT_32_BITS 1
| #define SIZEOF_LONG 8
| #define SIZEOF_LONG_LONG 8
| #define SIZEOF_DOUBLE 8
| #define SIZEOF_SIZE_T 8
| #define C_STACK_DIRECTION 1
| #define HAVE_LONG_DOUBLE 1
| #define SIZEOF_LONG_DOUBLE 8
| /* end confdefs.h.  */
| 
| #ifndef _OPENMP
| #error "OpenMP not supported"
| #endif
| #include <omp.h>
| int main (void) { return omp_get_num_threads (); }
| 
configure:27104: gcc -std=gnu23 -o conftest -g -O2 -omp -I/opt/homebrew/include -L/opt/homebrew/lib conftest.c -ldl -lm  >&5
conftest.c:106:2: error: "OpenMP not supported"
  106 | #error "OpenMP not supported"
      |  ^
conftest.c:108:10: fatal error: 'omp.h' file not found
  108 | #include <omp.h>
      |          ^~~~~~~
2 errors generated.
configure:27104: $? = 1
configure: failed program was:
| /* confdefs.h */
| #define PACKAGE_NAME "R"
| #define PACKAGE_TARNAME "R"
| #define PACKAGE_VERSION "4.6.0"
| #define PACKAGE_STRING "R 4.6.0"
| #define PACKAGE_BUGREPORT "https://bugs.r-project.org"
| #define PACKAGE_URL "https://www.r-project.org"
| #define PACKAGE "R"
| #define VERSION "4.6.0"
| #define R_PLATFORM "aarch64-apple-darwin25.6.0"
| #define R_CPU "aarch64"
| #define R_VENDOR "apple"
| #define R_OS "darwin25.6.0"
| #define Unix 1
| #define R_ARCH ""
| #define HAVE_STDIO_H 1
| #define HAVE_STDLIB_H 1
| #define HAVE_STRING_H 1
| #define HAVE_INTTYPES_H 1
| #define HAVE_STDINT_H 1
| #define HAVE_STRINGS_H 1
| #define HAVE_SYS_STAT_H 1
| #define HAVE_SYS_TYPES_H 1
| #define HAVE_UNISTD_H 1
| #define HAVE_WCHAR_H 1
| #define HAVE_SYS_TIME_H 1
| #define HAVE_SYS_PARAM_H 1
| #define STDC_HEADERS 1
| #define _ALL_SOURCE 1
| #define _DARWIN_C_SOURCE 1
| #define _GNU_SOURCE 1
| #define _HPUX_ALT_XOPEN_SOCKET_API 1
| #define _NETBSD_SOURCE 1
| #define _OPENBSD_SOURCE 1
| #define _POSIX_PTHREAD_SEMANTICS 1
| #define __STDC_WANT_IEC_60559_ATTRIBS_EXT__ 1
| #define __STDC_WANT_IEC_60559_BFP_EXT__ 1
| #define __STDC_WANT_IEC_60559_DFP_EXT__ 1
| #define __STDC_WANT_IEC_60559_EXT__ 1
| #define __STDC_WANT_IEC_60559_FUNCS_EXT__ 1
| #define __STDC_WANT_IEC_60559_TYPES_EXT__ 1
| #define __STDC_WANT_LIB_EXT2__ 1
| #define __STDC_WANT_MATH_SPEC_FUNCS__ 1
| #define _TANDEM_SOURCE 1
| #define __EXTENSIONS__ 1
| #define HAVE_VISIBILITY_ATTRIBUTE 1
| #define HAVE_DLFCN_H 1
| #define LT_OBJDIR ".libs/"
| #define HAVE_LIBM 1
| #define HAVE_LIBDL 1
| #define HAVE_DIRENT_H 1
| #define HAVE_SYS_WAIT_H 1
| #define HAVE_DLFCN_H 1
| #define HAVE_FCNTL_H 1
| #define HAVE_GLOB_H 1
| #define HAVE_GRP_H 1
| #define HAVE_PWD_H 1
| #define HAVE_SCHED_H 1
| #define HAVE_STRINGS_H 1
| #define HAVE_SYS_RESOURCE_H 1
| #define HAVE_SYS_SELECT_H 1
| #define HAVE_SYS_SOCKET_H 1
| #define HAVE_SYS_STAT_H 1
| #define HAVE_SYS_TIME_H 1
| #define HAVE_SYS_TIMES_H 1
| #define HAVE_SYS_UTSNAME_H 1
| #define HAVE_UNISTD_H 1
| #define HAVE_UTIME_H 1
| #define HAVE_ARPA_INET_H 1
| #define HAVE_LANGINFO_H 1
| #define HAVE_NETDB_H 1
| #define HAVE_NETINET_IN_H 1
| #define HAVE_SYS_PARAM_H 1
| #define HAVE_STDALIGN_H 1
| #define HAVE_ERRNO_H 1
| #define HAVE_INTTYPES_H 1
| #define HAVE_LIMITS_H 1
| #define HAVE_LOCALE_H 1
| #define HAVE_STDARG_H 1
| #define HAVE_STDBOOL_H 1
| #define HAVE_STDINT_H 1
| #define HAVE_STRING_H 1
| #define HAVE_DECL_SIGSETJMP 1
| #define HAVE_DECL_SIGLONGJMP 1
| #define HAVE_POSIX_SETJMP 1
| #define HAVE_INT64_T 1
| #define HAVE_INT_FAST64_T 1
| #define HAVE_DECL_SIZE_MAX 1
| #define R_SOCKLEN_T socklen_t
| #define HAVE_STACK_T 1
| #define HAVE_INTPTR_T 1
| #define HAVE_UINTPTR_T 1
| #define R_INLINE inline
| #define SIZEOF_INT 4
| #define INT_32_BITS 1
| #define SIZEOF_LONG 8
| #define SIZEOF_LONG_LONG 8
| #define SIZEOF_DOUBLE 8
| #define SIZEOF_SIZE_T 8
| #define C_STACK_DIRECTION 1
| #define HAVE_LONG_DOUBLE 1
| #define SIZEOF_LONG_DOUBLE 8
| /* end confdefs.h.  */
| 
| #ifndef _OPENMP
| #error "OpenMP not supported"
| #endif
| #include <omp.h>
| int main (void) { return omp_get_num_threads (); }
| 
configure:27104: gcc -std=gnu23 -o conftest -g -O2 -qsmp=omp -I/opt/homebrew/include -L/opt/homebrew/lib conftest.c -ldl -lm  >&5
clang: error: unknown argument: '-qsmp=omp'
configure:27104: $? = 1
configure: failed program was:
| /* confdefs.h */
| #define PACKAGE_NAME "R"
| #define PACKAGE_TARNAME "R"
| #define PACKAGE_VERSION "4.6.0"
| #define PACKAGE_STRING "R 4.6.0"
| #define PACKAGE_BUGREPORT "https://bugs.r-project.org"
| #define PACKAGE_URL "https://www.r-project.org"
| #define PACKAGE "R"
| #define VERSION "4.6.0"
| #define R_PLATFORM "aarch64-apple-darwin25.6.0"
| #define R_CPU "aarch64"
| #define R_VENDOR "apple"
| #define R_OS "darwin25.6.0"
| #define Unix 1
| #define R_ARCH ""
| #define HAVE_STDIO_H 1
| #define HAVE_STDLIB_H 1
| #define HAVE_STRING_H 1
| #define HAVE_INTTYPES_H 1
| #define HAVE_STDINT_H 1
| #define HAVE_STRINGS_H 1
| #define HAVE_SYS_STAT_H 1
| #define HAVE_SYS_TYPES_H 1
| #define HAVE_UNISTD_H 1
| #define HAVE_WCHAR_H 1
| #define HAVE_SYS_TIME_H 1
| #define HAVE_SYS_PARAM_H 1
| #define STDC_HEADERS 1
| #define _ALL_SOURCE 1
| #define _DARWIN_C_SOURCE 1
| #define _GNU_SOURCE 1
| #define _HPUX_ALT_XOPEN_SOCKET_API 1
| #define _NETBSD_SOURCE 1
| #define _OPENBSD_SOURCE 1
| #define _POSIX_PTHREAD_SEMANTICS 1
| #define __STDC_WANT_IEC_60559_ATTRIBS_EXT__ 1
| #define __STDC_WANT_IEC_60559_BFP_EXT__ 1
| #define __STDC_WANT_IEC_60559_DFP_EXT__ 1
| #define __STDC_WANT_IEC_60559_EXT__ 1
| #define __STDC_WANT_IEC_60559_FUNCS_EXT__ 1
| #define __STDC_WANT_IEC_60559_TYPES_EXT__ 1
| #define __STDC_WANT_LIB_EXT2__ 1
| #define __STDC_WANT_MATH_SPEC_FUNCS__ 1
| #define _TANDEM_SOURCE 1
| #define __EXTENSIONS__ 1
| #define HAVE_VISIBILITY_ATTRIBUTE 1
| #define HAVE_DLFCN_H 1
| #define LT_OBJDIR ".libs/"
| #define HAVE_LIBM 1
| #define HAVE_LIBDL 1
| #define HAVE_DIRENT_H 1
| #define HAVE_SYS_WAIT_H 1
| #define HAVE_DLFCN_H 1
| #define HAVE_FCNTL_H 1
| #define HAVE_GLOB_H 1
| #define HAVE_GRP_H 1
| #define HAVE_PWD_H 1
| #define HAVE_SCHED_H 1
| #define HAVE_STRINGS_H 1
| #define HAVE_SYS_RESOURCE_H 1
| #define HAVE_SYS_SELECT_H 1
| #define HAVE_SYS_SOCKET_H 1
| #define HAVE_SYS_STAT_H 1
| #define HAVE_SYS_TIME_H 1
| #define HAVE_SYS_TIMES_H 1
| #define HAVE_SYS_UTSNAME_H 1
| #define HAVE_UNISTD_H 1
| #define HAVE_UTIME_H 1
| #define HAVE_ARPA_INET_H 1
| #define HAVE_LANGINFO_H 1
| #define HAVE_NETDB_H 1
| #define HAVE_NETINET_IN_H 1
| #define HAVE_SYS_PARAM_H 1
| #define HAVE_STDALIGN_H 1
| #define HAVE_ERRNO_H 1
| #define HAVE_INTTYPES_H 1
| #define HAVE_LIMITS_H 1
| #define HAVE_LOCALE_H 1
| #define HAVE_STDARG_H 1
| #define HAVE_STDBOOL_H 1
| #define HAVE_STDINT_H 1
| #define HAVE_STRING_H 1
| #define HAVE_DECL_SIGSETJMP 1
| #define HAVE_DECL_SIGLONGJMP 1
| #define HAVE_POSIX_SETJMP 1
| #define HAVE_INT64_T 1
| #define HAVE_INT_FAST64_T 1
| #define HAVE_DECL_SIZE_MAX 1
| #define R_SOCKLEN_T socklen_t
| #define HAVE_STACK_T 1
| #define HAVE_INTPTR_T 1
| #define HAVE_UINTPTR_T 1
| #define R_INLINE inline
| #define SIZEOF_INT 4
| #define INT_32_BITS 1
| #define SIZEOF_LONG 8
| #define SIZEOF_LONG_LONG 8
| #define SIZEOF_DOUBLE 8
| #define SIZEOF_SIZE_T 8
| #define C_STACK_DIRECTION 1
| #define HAVE_LONG_DOUBLE 1
| #define SIZEOF_LONG_DOUBLE 8
| /* end confdefs.h.  */
| 
| #ifndef _OPENMP
| #error "OpenMP not supported"
| #endif
| #include <omp.h>
| int main (void) { return omp_get_num_threads (); }
| 
configure:27104: gcc -std=gnu23 -o conftest -g -O2 -homp -I/opt/homebrew/include -L/opt/homebrew/lib conftest.c -ldl -lm  >&5
clang: error: unknown argument: '-homp'
configure:27104: $? = 1
configure: failed program was:
| /* confdefs.h */
| #define PACKAGE_NAME "R"
| #define PACKAGE_TARNAME "R"
| #define PACKAGE_VERSION "4.6.0"
| #define PACKAGE_STRING "R 4.6.0"
| #define PACKAGE_BUGREPORT "https://bugs.r-project.org"
| #define PACKAGE_URL "https://www.r-project.org"
| #define PACKAGE "R"
| #define VERSION "4.6.0"
| #define R_PLATFORM "aarch64-apple-darwin25.6.0"
| #define R_CPU "aarch64"
| #define R_VENDOR "apple"
| #define R_OS "darwin25.6.0"
| #define Unix 1
| #define R_ARCH ""
| #define HAVE_STDIO_H 1
| #define HAVE_STDLIB_H 1
| #define HAVE_STRING_H 1
| #define HAVE_INTTYPES_H 1
| #define HAVE_STDINT_H 1
| #define HAVE_STRINGS_H 1
| #define HAVE_SYS_STAT_H 1
| #define HAVE_SYS_TYPES_H 1
| #define HAVE_UNISTD_H 1
| #define HAVE_WCHAR_H 1
| #define HAVE_SYS_TIME_H 1
| #define HAVE_SYS_PARAM_H 1
| #define STDC_HEADERS 1
| #define _ALL_SOURCE 1
| #define _DARWIN_C_SOURCE 1
| #define _GNU_SOURCE 1
| #define _HPUX_ALT_XOPEN_SOCKET_API 1
| #define _NETBSD_SOURCE 1
| #define _OPENBSD_SOURCE 1
| #define _POSIX_PTHREAD_SEMANTICS 1
| #define __STDC_WANT_IEC_60559_ATTRIBS_EXT__ 1
| #define __STDC_WANT_IEC_60559_BFP_EXT__ 1
| #define __STDC_WANT_IEC_60559_DFP_EXT__ 1
| #define __STDC_WANT_IEC_60559_EXT__ 1
| #define __STDC_WANT_IEC_60559_FUNCS_EXT__ 1
| #define __STDC_WANT_IEC_60559_TYPES_EXT__ 1
| #define __STDC_WANT_LIB_EXT2__ 1
| #define __STDC_WANT_MATH_SPEC_FUNCS__ 1
| #define _TANDEM_SOURCE 1
| #define __EXTENSIONS__ 1
| #define HAVE_VISIBILITY_ATTRIBUTE 1
| #define HAVE_DLFCN_H 1
| #define LT_OBJDIR ".libs/"
| #define HAVE_LIBM 1
| #define HAVE_LIBDL 1
| #define HAVE_DIRENT_H 1
| #define HAVE_SYS_WAIT_H 1
| #define HAVE_DLFCN_H 1
| #define HAVE_FCNTL_H 1
| #define HAVE_GLOB_H 1
| #define HAVE_GRP_H 1
| #define HAVE_PWD_H 1
| #define HAVE_SCHED_H 1
| #define HAVE_STRINGS_H 1
| #define HAVE_SYS_RESOURCE_H 1
| #define HAVE_SYS_SELECT_H 1
| #define HAVE_SYS_SOCKET_H 1
| #define HAVE_SYS_STAT_H 1
| #define HAVE_SYS_TIME_H 1
| #define HAVE_SYS_TIMES_H 1
| #define HAVE_SYS_UTSNAME_H 1
| #define HAVE_UNISTD_H 1
| #define HAVE_UTIME_H 1
| #define HAVE_ARPA_INET_H 1
| #define HAVE_LANGINFO_H 1
| #define HAVE_NETDB_H 1
| #define HAVE_NETINET_IN_H 1
| #define HAVE_SYS_PARAM_H 1
| #define HAVE_STDALIGN_H 1
| #define HAVE_ERRNO_H 1
| #define HAVE_INTTYPES_H 1
| #define HAVE_LIMITS_H 1
| #define HAVE_LOCALE_H 1
| #define HAVE_STDARG_H 1
| #define HAVE_STDBOOL_H 1
| #define HAVE_STDINT_H 1
| #define HAVE_STRING_H 1
| #define HAVE_DECL_SIGSETJMP 1
| #define HAVE_DECL_SIGLONGJMP 1
| #define HAVE_POSIX_SETJMP 1
| #define HAVE_INT64_T 1
| #define HAVE_INT_FAST64_T 1
| #define HAVE_DECL_SIZE_MAX 1
| #define R_SOCKLEN_T socklen_t
| #define HAVE_STACK_T 1
| #define HAVE_INTPTR_T 1
| #define HAVE_UINTPTR_T 1
| #define R_INLINE inline
| #define SIZEOF_INT 4
| #define INT_32_BITS 1
| #define SIZEOF_LONG 8
| #define SIZEOF_LONG_LONG 8
| #define SIZEOF_DOUBLE 8
| #define SIZEOF_SIZE_T 8
| #define C_STACK_DIRECTION 1
| #define HAVE_LONG_DOUBLE 1
| #define SIZEOF_LONG_DOUBLE 8
| /* end confdefs.h.  */
| 
| #ifndef _OPENMP
| #error "OpenMP not supported"
| #endif
| #include <omp.h>
| int main (void) { return omp_get_num_threads (); }
| 
configure:27104: gcc -std=gnu23 -o conftest -g -O2 -fopenmp=libomp -I/opt/homebrew/include -L/opt/homebrew/lib conftest.c -ldl -lm  >&5
clang: error: unsupported argument 'libomp' to option '-fopenmp='
clang: error: unsupported argument 'libomp' to option '-fopenmp='
configure:27104: $? = 1
configure: failed program was:
| /* confdefs.h */
| #define PACKAGE_NAME "R"
| #define PACKAGE_TARNAME "R"
| #define PACKAGE_VERSION "4.6.0"
| #define PACKAGE_STRING "R 4.6.0"
| #define PACKAGE_BUGREPORT "https://bugs.r-project.org"
| #define PACKAGE_URL "https://www.r-project.org"
| #define PACKAGE "R"
| #define VERSION "4.6.0"
| #define R_PLATFORM "aarch64-apple-darwin25.6.0"
| #define R_CPU "aarch64"
| #define R_VENDOR "apple"
| #define R_OS "darwin25.6.0"
| #define Unix 1
| #define R_ARCH ""
| #define HAVE_STDIO_H 1
| #define HAVE_STDLIB_H 1
| #define HAVE_STRING_H 1
| #define HAVE_INTTYPES_H 1
| #define HAVE_STDINT_H 1
| #define HAVE_STRINGS_H 1
| #define HAVE_SYS_STAT_H 1
| #define HAVE_SYS_TYPES_H 1
| #define HAVE_UNISTD_H 1
| #define HAVE_WCHAR_H 1
| #define HAVE_SYS_TIME_H 1
| #define HAVE_SYS_PARAM_H 1
| #define STDC_HEADERS 1
| #define _ALL_SOURCE 1
| #define _DARWIN_C_SOURCE 1
| #define _GNU_SOURCE 1
| #define _HPUX_ALT_XOPEN_SOCKET_API 1
| #define _NETBSD_SOURCE 1
| #define _OPENBSD_SOURCE 1
| #define _POSIX_PTHREAD_SEMANTICS 1
| #define __STDC_WANT_IEC_60559_ATTRIBS_EXT__ 1
| #define __STDC_WANT_IEC_60559_BFP_EXT__ 1
| #define __STDC_WANT_IEC_60559_DFP_EXT__ 1
| #define __STDC_WANT_IEC_60559_EXT__ 1
| #define __STDC_WANT_IEC_60559_FUNCS_EXT__ 1
| #define __STDC_WANT_IEC_60559_TYPES_EXT__ 1
| #define __STDC_WANT_LIB_EXT2__ 1
| #define __STDC_WANT_MATH_SPEC_FUNCS__ 1
| #define _TANDEM_SOURCE 1
| #define __EXTENSIONS__ 1
| #define HAVE_VISIBILITY_ATTRIBUTE 1
| #define HAVE_DLFCN_H 1
| #define LT_OBJDIR ".libs/"
| #define HAVE_LIBM 1
| #define HAVE_LIBDL 1
| #define HAVE_DIRENT_H 1
| #define HAVE_SYS_WAIT_H 1
| #define HAVE_DLFCN_H 1
| #define HAVE_FCNTL_H 1
| #define HAVE_GLOB_H 1
| #define HAVE_GRP_H 1
| #define HAVE_PWD_H 1
| #define HAVE_SCHED_H 1
| #define HAVE_STRINGS_H 1
| #define HAVE_SYS_RESOURCE_H 1
| #define HAVE_SYS_SELECT_H 1
| #define HAVE_SYS_SOCKET_H 1
| #define HAVE_SYS_STAT_H 1
| #define HAVE_SYS_TIME_H 1
| #define HAVE_SYS_TIMES_H 1
| #define HAVE_SYS_UTSNAME_H 1
| #define HAVE_UNISTD_H 1
| #define HAVE_UTIME_H 1
| #define HAVE_ARPA_INET_H 1
| #define HAVE_LANGINFO_H 1
| #define HAVE_NETDB_H 1
| #define HAVE_NETINET_IN_H 1
| #define HAVE_SYS_PARAM_H 1
| #define HAVE_STDALIGN_H 1
| #define HAVE_ERRNO_H 1
| #define HAVE_INTTYPES_H 1
| #define HAVE_LIMITS_H 1
| #define HAVE_LOCALE_H 1
| #define HAVE_STDARG_H 1
| #define HAVE_STDBOOL_H 1
| #define HAVE_STDINT_H 1
| #define HAVE_STRING_H 1
| #define HAVE_DECL_SIGSETJMP 1
| #define HAVE_DECL_SIGLONGJMP 1
| #define HAVE_POSIX_SETJMP 1
| #define HAVE_INT64_T 1
| #define HAVE_INT_FAST64_T 1
| #define HAVE_DECL_SIZE_MAX 1
| #define R_SOCKLEN_T socklen_t
| #define HAVE_STACK_T 1
| #define HAVE_INTPTR_T 1
| #define HAVE_UINTPTR_T 1
| #define R_INLINE inline
| #define SIZEOF_INT 4
| #define INT_32_BITS 1
| #define SIZEOF_LONG 8
| #define SIZEOF_LONG_LONG 8
| #define SIZEOF_DOUBLE 8
| #define SIZEOF_SIZE_T 8
| #define C_STACK_DIRECTION 1
| #define HAVE_LONG_DOUBLE 1
| #define SIZEOF_LONG_DOUBLE 8
| /* end confdefs.h.  */
| 
| #ifndef _OPENMP
| #error "OpenMP not supported"
| #endif
| #include <omp.h>
| int main (void) { return omp_get_num_threads (); }
| 
configure:27104: gcc -std=gnu23 -o conftest -g -O2 -Popenmp -I/opt/homebrew/include -L/opt/homebrew/lib conftest.c -ldl -lm  >&5
clang: error: unknown argument '-Popenmp'; did you mean '-fopenmp'?
configure:27104: $? = 1
configure: failed program was:
| /* confdefs.h */
| #define PACKAGE_NAME "R"
| #define PACKAGE_TARNAME "R"
| #define PACKAGE_VERSION "4.6.0"
| #define PACKAGE_STRING "R 4.6.0"
| #define PACKAGE_BUGREPORT "https://bugs.r-project.org"
| #define PACKAGE_URL "https://www.r-project.org"
| #define PACKAGE "R"
| #define VERSION "4.6.0"
| #define R_PLATFORM "aarch64-apple-darwin25.6.0"
| #define R_CPU "aarch64"
| #define R_VENDOR "apple"
| #define R_OS "darwin25.6.0"
| #define Unix 1
| #define R_ARCH ""
| #define HAVE_STDIO_H 1
| #define HAVE_STDLIB_H 1
| #define HAVE_STRING_H 1
| #define HAVE_INTTYPES_H 1
| #define HAVE_STDINT_H 1
| #define HAVE_STRINGS_H 1
| #define HAVE_SYS_STAT_H 1
| #define HAVE_SYS_TYPES_H 1
| #define HAVE_UNISTD_H 1
| #define HAVE_WCHAR_H 1
| #define HAVE_SYS_TIME_H 1
| #define HAVE_SYS_PARAM_H 1
| #define STDC_HEADERS 1
| #define _ALL_SOURCE 1
| #define _DARWIN_C_SOURCE 1
| #define _GNU_SOURCE 1
| #define _HPUX_ALT_XOPEN_SOCKET_API 1
| #define _NETBSD_SOURCE 1
| #define _OPENBSD_SOURCE 1
| #define _POSIX_PTHREAD_SEMANTICS 1
| #define __STDC_WANT_IEC_60559_ATTRIBS_EXT__ 1
| #define __STDC_WANT_IEC_60559_BFP_EXT__ 1
| #define __STDC_WANT_IEC_60559_DFP_EXT__ 1
| #define __STDC_WANT_IEC_60559_EXT__ 1
| #define __STDC_WANT_IEC_60559_FUNCS_EXT__ 1
| #define __STDC_WANT_IEC_60559_TYPES_EXT__ 1
| #define __STDC_WANT_LIB_EXT2__ 1
| #define __STDC_WANT_MATH_SPEC_FUNCS__ 1
| #define _TANDEM_SOURCE 1
| #define __EXTENSIONS__ 1
| #define HAVE_VISIBILITY_ATTRIBUTE 1
| #define HAVE_DLFCN_H 1
| #define LT_OBJDIR ".libs/"
| #define HAVE_LIBM 1
| #define HAVE_LIBDL 1
| #define HAVE_DIRENT_H 1
| #define HAVE_SYS_WAIT_H 1
| #define HAVE_DLFCN_H 1
| #define HAVE_FCNTL_H 1
| #define HAVE_GLOB_H 1
| #define HAVE_GRP_H 1
| #define HAVE_PWD_H 1
| #define HAVE_SCHED_H 1
| #define HAVE_STRINGS_H 1
| #define HAVE_SYS_RESOURCE_H 1
| #define HAVE_SYS_SELECT_H 1
| #define HAVE_SYS_SOCKET_H 1
| #define HAVE_SYS_STAT_H 1
| #define HAVE_SYS_TIME_H 1
| #define HAVE_SYS_TIMES_H 1
| #define HAVE_SYS_UTSNAME_H 1
| #define HAVE_UNISTD_H 1
| #define HAVE_UTIME_H 1
| #define HAVE_ARPA_INET_H 1
| #define HAVE_LANGINFO_H 1
| #define HAVE_NETDB_H 1
| #define HAVE_NETINET_IN_H 1
| #define HAVE_SYS_PARAM_H 1
| #define HAVE_STDALIGN_H 1
| #define HAVE_ERRNO_H 1
| #define HAVE_INTTYPES_H 1
| #define HAVE_LIMITS_H 1
| #define HAVE_LOCALE_H 1
| #define HAVE_STDARG_H 1
| #define HAVE_STDBOOL_H 1
| #define HAVE_STDINT_H 1
| #define HAVE_STRING_H 1
| #define HAVE_DECL_SIGSETJMP 1
| #define HAVE_DECL_SIGLONGJMP 1
| #define HAVE_POSIX_SETJMP 1
| #define HAVE_INT64_T 1
| #define HAVE_INT_FAST64_T 1
| #define HAVE_DECL_SIZE_MAX 1
| #define R_SOCKLEN_T socklen_t
| #define HAVE_STACK_T 1
| #define HAVE_INTPTR_T 1
| #define HAVE_UINTPTR_T 1
| #define R_INLINE inline
| #define SIZEOF_INT 4
| #define INT_32_BITS 1
| #define SIZEOF_LONG 8
| #define SIZEOF_LONG_LONG 8
| #define SIZEOF_DOUBLE 8
| #define SIZEOF_SIZE_T 8
| #define C_STACK_DIRECTION 1
| #define HAVE_LONG_DOUBLE 1
| #define SIZEOF_LONG_DOUBLE 8
| /* end confdefs.h.  */
| 
| #ifndef _OPENMP
| #error "OpenMP not supported"
| #endif
| #include <omp.h>
| int main (void) { return omp_get_num_threads (); }
| 
configure:27104: gcc -std=gnu23 -o conftest -g -O2 --openmp -I/opt/homebrew/include -L/opt/homebrew/lib conftest.c -ldl -lm  >&5
clang: error: unknown argument '--openmp'; did you mean '-fopenmp'?
configure:27104: $? = 1
configure: failed program was:
| /* confdefs.h */
| #define PACKAGE_NAME "R"
| #define PACKAGE_TARNAME "R"
| #define PACKAGE_VERSION "4.6.0"
| #define PACKAGE_STRING "R 4.6.0"
| #define PACKAGE_BUGREPORT "https://bugs.r-project.org"
| #define PACKAGE_URL "https://www.r-project.org"
| #define PACKAGE "R"
| #define VERSION "4.6.0"
| #define R_PLATFORM "aarch64-apple-darwin25.6.0"
| #define R_CPU "aarch64"
| #define R_VENDOR "apple"
| #define R_OS "darwin25.6.0"
| #define Unix 1
| #define R_ARCH ""
| #define HAVE_STDIO_H 1
| #define HAVE_STDLIB_H 1
| #define HAVE_STRING_H 1
| #define HAVE_INTTYPES_H 1
| #define HAVE_STDINT_H 1
| #define HAVE_STRINGS_H 1
| #define HAVE_SYS_STAT_H 1
| #define HAVE_SYS_TYPES_H 1
| #define HAVE_UNISTD_H 1
| #define HAVE_WCHAR_H 1
| #define HAVE_SYS_TIME_H 1
| #define HAVE_SYS_PARAM_H 1
| #define STDC_HEADERS 1
| #define _ALL_SOURCE 1
| #define _DARWIN_C_SOURCE 1
| #define _GNU_SOURCE 1
| #define _HPUX_ALT_XOPEN_SOCKET_API 1
| #define _NETBSD_SOURCE 1
| #define _OPENBSD_SOURCE 1
| #define _POSIX_PTHREAD_SEMANTICS 1
| #define __STDC_WANT_IEC_60559_ATTRIBS_EXT__ 1
| #define __STDC_WANT_IEC_60559_BFP_EXT__ 1
| #define __STDC_WANT_IEC_60559_DFP_EXT__ 1
| #define __STDC_WANT_IEC_60559_EXT__ 1
| #define __STDC_WANT_IEC_60559_FUNCS_EXT__ 1
| #define __STDC_WANT_IEC_60559_TYPES_EXT__ 1
| #define __STDC_WANT_LIB_EXT2__ 1
| #define __STDC_WANT_MATH_SPEC_FUNCS__ 1
| #define _TANDEM_SOURCE 1
| #define __EXTENSIONS__ 1
| #define HAVE_VISIBILITY_ATTRIBUTE 1
| #define HAVE_DLFCN_H 1
| #define LT_OBJDIR ".libs/"
| #define HAVE_LIBM 1
| #define HAVE_LIBDL 1
| #define HAVE_DIRENT_H 1
| #define HAVE_SYS_WAIT_H 1
| #define HAVE_DLFCN_H 1
| #define HAVE_FCNTL_H 1
| #define HAVE_GLOB_H 1
| #define HAVE_GRP_H 1
| #define HAVE_PWD_H 1
| #define HAVE_SCHED_H 1
| #define HAVE_STRINGS_H 1
| #define HAVE_SYS_RESOURCE_H 1
| #define HAVE_SYS_SELECT_H 1
| #define HAVE_SYS_SOCKET_H 1
| #define HAVE_SYS_STAT_H 1
| #define HAVE_SYS_TIME_H 1
| #define HAVE_SYS_TIMES_H 1
| #define HAVE_SYS_UTSNAME_H 1
| #define HAVE_UNISTD_H 1
| #define HAVE_UTIME_H 1
| #define HAVE_ARPA_INET_H 1
| #define HAVE_LANGINFO_H 1
| #define HAVE_NETDB_H 1
| #define HAVE_NETINET_IN_H 1
| #define HAVE_SYS_PARAM_H 1
| #define HAVE_STDALIGN_H 1
| #define HAVE_ERRNO_H 1
| #define HAVE_INTTYPES_H 1
| #define HAVE_LIMITS_H 1
| #define HAVE_LOCALE_H 1
| #define HAVE_STDARG_H 1
| #define HAVE_STDBOOL_H 1
| #define HAVE_STDINT_H 1
| #define HAVE_STRING_H 1
| #define HAVE_DECL_SIGSETJMP 1
| #define HAVE_DECL_SIGLONGJMP 1
| #define HAVE_POSIX_SETJMP 1
| #define HAVE_INT64_T 1
| #define HAVE_INT_FAST64_T 1
| #define HAVE_DECL_SIZE_MAX 1
| #define R_SOCKLEN_T socklen_t
| #define HAVE_STACK_T 1
| #define HAVE_INTPTR_T 1
| #define HAVE_UINTPTR_T 1
| #define R_INLINE inline
| #define SIZEOF_INT 4
| #define INT_32_BITS 1
| #define SIZEOF_LONG 8
| #define SIZEOF_LONG_LONG 8
| #define SIZEOF_DOUBLE 8
| #define SIZEOF_SIZE_T 8
| #define C_STACK_DIRECTION 1
| #define HAVE_LONG_DOUBLE 1
| #define SIZEOF_LONG_DOUBLE 8
| /* end confdefs.h.  */
| 
| #ifndef _OPENMP
| #error "OpenMP not supported"
| #endif
| #include <omp.h>
| int main (void) { return omp_get_num_threads (); }
| 
configure:27121: result: unsupported
configure:27143: checking how to get verbose linking output from gfortran
configure:27154: gfortran -c -g -O2  conftest.f >&5
configure:27154: $? = 0
configure:27173: gfortran -o conftest -g -O2 -v -L/opt/homebrew/lib conftest.f
Using built-in specs.
Target: aarch64-apple-darwin25
Thread model: posix
Supported LTO compression algorithms: zlib zstd
gcc version 16.2.0 (Homebrew GCC 16.2.0) 
 /opt/homebrew/Cellar/gcc/16.2.0/bin/../libexec/gcc/aarch64-apple-darwin25/16/f951 conftest.f -ffixed-form -fPIC -quiet -dumpbase conftest.f -dumpbase-ext .f -mmacosx-version-min=26.0.0 -mcpu=apple-m1 -mlittle-endian -mabi=lp64 -g -O2 -version -fintrinsic-modules-path /opt/homebrew/Cellar/gcc/16.2.0/bin/../lib/gcc/current/gcc/aarch64-apple-darwin25/16/finclude -o /var/folders/hf/sy5zn59d1xlgx1bcbsjbmy540000gn/T//ccgCohwJ.s
GNU Fortran (Homebrew GCC 16.2.0) version 16.2.0 (aarch64-apple-darwin25)
	compiled by GNU C version 16.2.0, GMP version 6.3.0, MPFR version 4.2.2, MPC version 1.4.1, isl version isl-0.28-GMP

GGC heuristics: --param ggc-min-expand=100 --param ggc-min-heapsize=131072
 as -arch arm64 -v -mmacosx-version-min=26.0 -o /var/folders/hf/sy5zn59d1xlgx1bcbsjbmy540000gn/T//ccgwYpRH.o /var/folders/hf/sy5zn59d1xlgx1bcbsjbmy540000gn/T//ccgCohwJ.s
Apple clang version 21.0.0 (clang-2100.1.1.101)
Target: arm64-apple-darwin25.6.0
Thread model: posix
InstalledDir: /Library/Developer/CommandLineTools/usr/bin
 "/Library/Developer/CommandLineTools/usr/bin/clang" -cc1as -triple arm64-apple-macosx26.0.0 -target-sdk-version=26.5 -filetype obj -main-file-name ccgCohwJ.s -target-cpu apple-m1 -target-feature +v8.5a -target-feature +aes -target-feature +altnzcv -target-feature +ccdp -target-feature +ccpp -target-feature +complxnum -target-feature +crc -target-feature +dotprod -target-feature +flagm -target-feature +fp-armv8 -target-feature +fp16fml -target-feature +fptoint -target-feature +fullfp16 -target-feature +jsconv -target-feature +lse -target-feature +neon -target-feature +pauth -target-feature +perfmon -target-feature +predres -target-feature +ras -target-feature +rcpc -target-feature +rdm -target-feature +sb -target-feature +sha2 -target-feature +sha3 -target-feature +specrestrict -target-feature +ssbs -fdebug-compilation-dir=/private/tmp/dta-direct-stage5-minimum-preflight/r460-build -dwarf-debug-producer "Apple clang version 21.0.0 (clang-2100.1.1.101)" -dwarf-version=5 -mrelocation-model pic -o /var/folders/hf/sy5zn59d1xlgx1bcbsjbmy540000gn/T//ccgwYpRH.o /var/folders/hf/sy5zn59d1xlgx1bcbsjbmy540000gn/T//ccgCohwJ.s
Reading specs from /opt/homebrew/Cellar/gcc/16.2.0/bin/../lib/gcc/current/gcc/aarch64-apple-darwin25/16/../../../libgfortran.spec
rename spec lib to liborig
 /opt/homebrew/Cellar/gcc/16.2.0/bin/../libexec/gcc/aarch64-apple-darwin25/16/collect2 -demangle -dynamic -arch arm64 -macos_version_min 26.0.0 -syslibroot /Library/Developer/CommandLineTools/SDKs/MacOSX26.sdk/ -o conftest -L/opt/homebrew/lib -L/opt/homebrew/Cellar/gcc/16.2.0/bin/../lib/gcc/current/gcc/aarch64-apple-darwin25/16 -L/opt/homebrew/Cellar/gcc/16.2.0/bin/../lib/gcc/current/gcc -L/opt/homebrew/Cellar/gcc/16.2.0/bin/../lib/gcc/current/gcc/aarch64-apple-darwin25/16/../../.. -lemutls_w -lheapt_w /var/folders/hf/sy5zn59d1xlgx1bcbsjbmy540000gn/T//ccgwYpRH.o -lgfortran -lgcc -lquadmath -lSystem -no_compact_unwind -rpath @loader_path -rpath /opt/homebrew/Cellar/gcc/16.2.0/lib/gcc/current/gcc/aarch64-apple-darwin25/16 -rpath /opt/homebrew/Cellar/gcc/16.2.0/lib/gcc/current/gcc -rpath /opt/homebrew/Cellar/gcc/16.2.0/lib/gcc/current -idsym -dsym
configure:27258: result: -v
configure:27260: checking for Fortran libraries of gfortran
configure:27284: gfortran -o conftest -g -O2 -v -L/opt/homebrew/lib conftest.f
Using built-in specs.
Target: aarch64-apple-darwin25
Thread model: posix
Supported LTO compression algorithms: zlib zstd
gcc version 16.2.0 (Homebrew GCC 16.2.0) 
 /opt/homebrew/Cellar/gcc/16.2.0/bin/../libexec/gcc/aarch64-apple-darwin25/16/f951 conftest.f -ffixed-form -fPIC -quiet -dumpbase conftest.f -dumpbase-ext .f -mmacosx-version-min=26.0.0 -mcpu=apple-m1 -mlittle-endian -mabi=lp64 -g -O2 -version -fintrinsic-modules-path /opt/homebrew/Cellar/gcc/16.2.0/bin/../lib/gcc/current/gcc/aarch64-apple-darwin25/16/finclude -o /var/folders/hf/sy5zn59d1xlgx1bcbsjbmy540000gn/T//ccCIlzbZ.s
GNU Fortran (Homebrew GCC 16.2.0) version 16.2.0 (aarch64-apple-darwin25)
	compiled by GNU C version 16.2.0, GMP version 6.3.0, MPFR version 4.2.2, MPC version 1.4.1, isl version isl-0.28-GMP

GGC heuristics: --param ggc-min-expand=100 --param ggc-min-heapsize=131072
 as -arch arm64 -v -mmacosx-version-min=26.0 -o /var/folders/hf/sy5zn59d1xlgx1bcbsjbmy540000gn/T//ccvSlLmK.o /var/folders/hf/sy5zn59d1xlgx1bcbsjbmy540000gn/T//ccCIlzbZ.s
Apple clang version 21.0.0 (clang-2100.1.1.101)
Target: arm64-apple-darwin25.6.0
Thread model: posix
InstalledDir: /Library/Developer/CommandLineTools/usr/bin
 "/Library/Developer/CommandLineTools/usr/bin/clang" -cc1as -triple arm64-apple-macosx26.0.0 -target-sdk-version=26.5 -filetype obj -main-file-name ccCIlzbZ.s -target-cpu apple-m1 -target-feature +v8.5a -target-feature +aes -target-feature +altnzcv -target-feature +ccdp -target-feature +ccpp -target-feature +complxnum -target-feature +crc -target-feature +dotprod -target-feature +flagm -target-feature +fp-armv8 -target-feature +fp16fml -target-feature +fptoint -target-feature +fullfp16 -target-feature +jsconv -target-feature +lse -target-feature +neon -target-feature +pauth -target-feature +perfmon -target-feature +predres -target-feature +ras -target-feature +rcpc -target-feature +rdm -target-feature +sb -target-feature +sha2 -target-feature +sha3 -target-feature +specrestrict -target-feature +ssbs -fdebug-compilation-dir=/private/tmp/dta-direct-stage5-minimum-preflight/r460-build -dwarf-debug-producer "Apple clang version 21.0.0 (clang-2100.1.1.101)" -dwarf-version=5 -mrelocation-model pic -o /var/folders/hf/sy5zn59d1xlgx1bcbsjbmy540000gn/T//ccvSlLmK.o /var/folders/hf/sy5zn59d1xlgx1bcbsjbmy540000gn/T//ccCIlzbZ.s
Reading specs from /opt/homebrew/Cellar/gcc/16.2.0/bin/../lib/gcc/current/gcc/aarch64-apple-darwin25/16/../../../libgfortran.spec
rename spec lib to liborig
 /opt/homebrew/Cellar/gcc/16.2.0/bin/../libexec/gcc/aarch64-apple-darwin25/16/collect2 -demangle -dynamic -arch arm64 -macos_version_min 26.0.0 -syslibroot /Library/Developer/CommandLineTools/SDKs/MacOSX26.sdk/ -o conftest -L/opt/homebrew/lib -L/opt/homebrew/Cellar/gcc/16.2.0/bin/../lib/gcc/current/gcc/aarch64-apple-darwin25/16 -L/opt/homebrew/Cellar/gcc/16.2.0/bin/../lib/gcc/current/gcc -L/opt/homebrew/Cellar/gcc/16.2.0/bin/../lib/gcc/current/gcc/aarch64-apple-darwin25/16/../../.. -lemutls_w -lheapt_w /var/folders/hf/sy5zn59d1xlgx1bcbsjbmy540000gn/T//ccvSlLmK.o -lgfortran -lgcc -lquadmath -lSystem -no_compact_unwind -rpath @loader_path -rpath /opt/homebrew/Cellar/gcc/16.2.0/lib/gcc/current/gcc/aarch64-apple-darwin25/16 -rpath /opt/homebrew/Cellar/gcc/16.2.0/lib/gcc/current/gcc -rpath /opt/homebrew/Cellar/gcc/16.2.0/lib/gcc/current -idsym -dsym
configure:27506: result:  -L/opt/homebrew/lib -L/opt/homebrew/Cellar/gcc/16.2.0/bin/../lib/gcc/current/gcc/aarch64-apple-darwin25/16 -L/opt/homebrew/Cellar/gcc/16.2.0/bin/../lib/gcc/current/gcc -L/opt/homebrew/Cellar/gcc/16.2.0/bin/../lib/gcc/current/gcc/aarch64-apple-darwin25/16/../../.. -lemutls_w -lheapt_w -lgfortran -lquadmath
configure:27525: checking how to get verbose linking output from gcc -std=gnu23
configure:27542: gcc -std=gnu23 -c -g -O2 -I/opt/homebrew/include conftest.c >&5
configure:27542: $? = 0
configure:27565: gcc -std=gnu23 -o conftest -g -O2 -v -I/opt/homebrew/include -L/opt/homebrew/lib conftest.c  >&5
Apple clang version 21.0.0 (clang-2100.1.1.101)
Target: arm64-apple-darwin25.6.0
Thread model: posix
InstalledDir: /Library/Developer/CommandLineTools/usr/bin
 "/Library/Developer/CommandLineTools/usr/bin/clang" -cc1 -triple arm64-apple-macosx26.0.0 -O2 -Wundef-prefix=TARGET_OS_ -Wdeprecated-objc-isa-usage -Werror=deprecated-objc-isa-usage -Werror=implicit-function-declaration -emit-obj -dumpdir conftest- -disable-free -clear-ast-before-backend -disable-llvm-verifier -discard-value-names -main-file-name conftest.c -mrelocation-model pic -pic-level 2 -mframe-pointer=non-leaf -fno-strict-return -ffp-contract=on -fno-rounding-math -funwind-tables=1 -fobjc-msgsend-selector-stubs -fno-sized-deallocation -target-sdk-version=26.5 -fvisibility-inlines-hidden-static-local-var -fno-modulemap-allow-subdirectory-search -fdefine-target-os-macros -fno-assume-unique-vtables -fno-modulemap-allow-subdirectory-search -enable-tlsdesc -target-cpu apple-m1 -target-feature +v8.5a -target-feature +aes -target-feature +altnzcv -target-feature +ccdp -target-feature +ccpp -target-feature +complxnum -target-feature +crc -target-feature +dotprod -target-feature +flagm -target-feature +fp-armv8 -target-feature +fp16fml -target-feature +fptoint -target-feature +fullfp16 -target-feature +jsconv -target-feature +lse -target-feature +neon -target-feature +pauth -target-feature +perfmon -target-feature +predres -target-feature +ras -target-feature +rcpc -target-feature +rdm -target-feature +sb -target-feature +sha2 -target-feature +sha3 -target-feature +specrestrict -target-feature +ssbs -target-abi darwinpcs -debug-info-kind=standalone -dwarf-version=5 -debugger-tuning=lldb -fdebug-compilation-dir=/private/tmp/dta-direct-stage5-minimum-preflight/r460-build -target-linker-version 1267 -v -fcoverage-compilation-dir=/private/tmp/dta-direct-stage5-minimum-preflight/r460-build -resource-dir /Library/Developer/CommandLineTools/usr/lib/clang/21 -isysroot /Library/Developer/CommandLineTools/SDKs/MacOSX.sdk -I /opt/homebrew/include -I/usr/local/include -internal-isystem /Library/Developer/CommandLineTools/SDKs/MacOSX.sdk/usr/local/include -internal-isystem /Library/Developer/CommandLineTools/usr/lib/clang/21/include -internal-externc-isystem /Library/Developer/CommandLineTools/SDKs/MacOSX.sdk/usr/include -internal-externc-isystem /Library/Developer/CommandLineTools/usr/include -internal-iframework /Library/Developer/CommandLineTools/SDKs/MacOSX.sdk/System/Library/Frameworks -internal-iframework /Library/Developer/CommandLineTools/SDKs/MacOSX.sdk/System/Library/SubFrameworks -internal-iframework /Library/Developer/CommandLineTools/SDKs/MacOSX.sdk/Library/Frameworks -Wno-elaborated-enum-base -std=gnu23 -ferror-limit 19 -stack-protector 1 -fstack-check -mdarwin-stkchk-strong-link -fblocks -fencode-extended-block-signature -fregister-global-dtors-with-atexit -fgnuc-version=4.2.1 -fskip-odr-check-in-gmf -fmax-type-align=16 -fcommon -vectorize-loops -vectorize-slp -clang-vendor-feature=+disableNonDependentMemberExprInCurrentInstantiation -fno-odr-hash-protocols -clang-vendor-feature=+enableAggressiveVLAFolding -clang-vendor-feature=+revert09abecef7bbf -clang-vendor-feature=+thisNoAlignAttr -clang-vendor-feature=+thisNoNullAttr -clang-vendor-feature=+disableAtImportPrivateFrameworkInImplementationError -Wno-error=allocator-wrappers -fdwarf2-cfi-asm -o /var/folders/hf/sy5zn59d1xlgx1bcbsjbmy540000gn/T/conftest-4508c4.o -x c conftest.c
clang -cc1 version 21.0.0 (clang-2100.1.1.101) default target arm64-apple-darwin25.6.0
ignoring nonexistent directory "/usr/local/include"
ignoring nonexistent directory "/Library/Developer/CommandLineTools/SDKs/MacOSX.sdk/usr/local/include"
ignoring nonexistent directory "/Library/Developer/CommandLineTools/SDKs/MacOSX.sdk/Library/Frameworks"
#include "..." search starts here:
#include <...> search starts here:
 /opt/homebrew/include
 /Library/Developer/CommandLineTools/usr/lib/clang/21/include
 /Library/Developer/CommandLineTools/SDKs/MacOSX.sdk/usr/include
 /Library/Developer/CommandLineTools/usr/include
 /Library/Developer/CommandLineTools/SDKs/MacOSX.sdk/System/Library/Frameworks (framework directory)
 /Library/Developer/CommandLineTools/SDKs/MacOSX.sdk/System/Library/SubFrameworks (framework directory)
End of search list.
 "/Library/Developer/CommandLineTools/usr/bin/ld" -demangle -lto_library /Library/Developer/CommandLineTools/usr/lib/libLTO.dylib -dynamic -arch arm64 -platform_version macos 26.0.0 26.5 -syslibroot /Library/Developer/CommandLineTools/SDKs/MacOSX.sdk -O2 -mllvm -enable-linkonceodr-outlining -o conftest -L/opt/homebrew/lib -L/usr/local/lib /var/folders/hf/sy5zn59d1xlgx1bcbsjbmy540000gn/T/conftest-4508c4.o -lSystem /Library/Developer/CommandLineTools/usr/lib/clang/21/lib/darwin/libclang_rt.osx.a
 "/Library/Developer/CommandLineTools/usr/bin/dsymutil" -o conftest.dSYM conftest
configure:27613: result: -v
configure:27615: checking for C libraries of gcc -std=gnu23
configure:27643: gcc -std=gnu23 -o conftest -g -O2 -v -I/opt/homebrew/include -L/opt/homebrew/lib conftest.c  >&5
Apple clang version 21.0.0 (clang-2100.1.1.101)
Target: arm64-apple-darwin25.6.0
Thread model: posix
InstalledDir: /Library/Developer/CommandLineTools/usr/bin
 "/Library/Developer/CommandLineTools/usr/bin/clang" -cc1 -triple arm64-apple-macosx26.0.0 -O2 -Wundef-prefix=TARGET_OS_ -Wdeprecated-objc-isa-usage -Werror=deprecated-objc-isa-usage -Werror=implicit-function-declaration -emit-obj -dumpdir conftest- -disable-free -clear-ast-before-backend -disable-llvm-verifier -discard-value-names -main-file-name conftest.c -mrelocation-model pic -pic-level 2 -mframe-pointer=non-leaf -fno-strict-return -ffp-contract=on -fno-rounding-math -funwind-tables=1 -fobjc-msgsend-selector-stubs -fno-sized-deallocation -target-sdk-version=26.5 -fvisibility-inlines-hidden-static-local-var -fno-modulemap-allow-subdirectory-search -fdefine-target-os-macros -fno-assume-unique-vtables -fno-modulemap-allow-subdirectory-search -enable-tlsdesc -target-cpu apple-m1 -target-feature +v8.5a -target-feature +aes -target-feature +altnzcv -target-feature +ccdp -target-feature +ccpp -target-feature +complxnum -target-feature +crc -target-feature +dotprod -target-feature +flagm -target-feature +fp-armv8 -target-feature +fp16fml -target-feature +fptoint -target-feature +fullfp16 -target-feature +jsconv -target-feature +lse -target-feature +neon -target-feature +pauth -target-feature +perfmon -target-feature +predres -target-feature +ras -target-feature +rcpc -target-feature +rdm -target-feature +sb -target-feature +sha2 -target-feature +sha3 -target-feature +specrestrict -target-feature +ssbs -target-abi darwinpcs -debug-info-kind=standalone -dwarf-version=5 -debugger-tuning=lldb -fdebug-compilation-dir=/private/tmp/dta-direct-stage5-minimum-preflight/r460-build -target-linker-version 1267 -v -fcoverage-compilation-dir=/private/tmp/dta-direct-stage5-minimum-preflight/r460-build -resource-dir /Library/Developer/CommandLineTools/usr/lib/clang/21 -isysroot /Library/Developer/CommandLineTools/SDKs/MacOSX.sdk -I /opt/homebrew/include -I/usr/local/include -internal-isystem /Library/Developer/CommandLineTools/SDKs/MacOSX.sdk/usr/local/include -internal-isystem /Library/Developer/CommandLineTools/usr/lib/clang/21/include -internal-externc-isystem /Library/Developer/CommandLineTools/SDKs/MacOSX.sdk/usr/include -internal-externc-isystem /Library/Developer/CommandLineTools/usr/include -internal-iframework /Library/Developer/CommandLineTools/SDKs/MacOSX.sdk/System/Library/Frameworks -internal-iframework /Library/Developer/CommandLineTools/SDKs/MacOSX.sdk/System/Library/SubFrameworks -internal-iframework /Library/Developer/CommandLineTools/SDKs/MacOSX.sdk/Library/Frameworks -Wno-elaborated-enum-base -std=gnu23 -ferror-limit 19 -stack-protector 1 -fstack-check -mdarwin-stkchk-strong-link -fblocks -fencode-extended-block-signature -fregister-global-dtors-with-atexit -fgnuc-version=4.2.1 -fskip-odr-check-in-gmf -fmax-type-align=16 -fcommon -vectorize-loops -vectorize-slp -clang-vendor-feature=+disableNonDependentMemberExprInCurrentInstantiation -fno-odr-hash-protocols -clang-vendor-feature=+enableAggressiveVLAFolding -clang-vendor-feature=+revert09abecef7bbf -clang-vendor-feature=+thisNoAlignAttr -clang-vendor-feature=+thisNoNullAttr -clang-vendor-feature=+disableAtImportPrivateFrameworkInImplementationError -Wno-error=allocator-wrappers -fdwarf2-cfi-asm -o /var/folders/hf/sy5zn59d1xlgx1bcbsjbmy540000gn/T/conftest-c11543.o -x c conftest.c
clang -cc1 version 21.0.0 (clang-2100.1.1.101) default target arm64-apple-darwin25.6.0
ignoring nonexistent directory "/usr/local/include"
ignoring nonexistent directory "/Library/Developer/CommandLineTools/SDKs/MacOSX.sdk/usr/local/include"
ignoring nonexistent directory "/Library/Developer/CommandLineTools/SDKs/MacOSX.sdk/Library/Frameworks"
#include "..." search starts here:
#include <...> search starts here:
 /opt/homebrew/include
 /Library/Developer/CommandLineTools/usr/lib/clang/21/include
 /Library/Developer/CommandLineTools/SDKs/MacOSX.sdk/usr/include
 /Library/Developer/CommandLineTools/usr/include
 /Library/Developer/CommandLineTools/SDKs/MacOSX.sdk/System/Library/Frameworks (framework directory)
 /Library/Developer/CommandLineTools/SDKs/MacOSX.sdk/System/Library/SubFrameworks (framework directory)
End of search list.
 "/Library/Developer/CommandLineTools/usr/bin/ld" -demangle -lto_library /Library/Developer/CommandLineTools/usr/lib/libLTO.dylib -dynamic -arch arm64 -platform_version macos 26.0.0 26.5 -syslibroot /Library/Developer/CommandLineTools/SDKs/MacOSX.sdk -O2 -mllvm -enable-linkonceodr-outlining -o conftest -L/opt/homebrew/lib -L/usr/local/lib /var/folders/hf/sy5zn59d1xlgx1bcbsjbmy540000gn/T/conftest-c11543.o -lSystem /Library/Developer/CommandLineTools/usr/lib/clang/21/lib/darwin/libclang_rt.osx.a
 "/Library/Developer/CommandLineTools/usr/bin/dsymutil" -o conftest.dSYM conftest
configure:27803: result:  -lto_library -L/opt/homebrew/lib -L/usr/local/lib -lSystem /Library/Developer/CommandLineTools/usr/lib/clang/21/lib/darwin/libclang_rt.osx.a
configure:27902: checking for dummy main to link with Fortran libraries
configure:27937: gcc -std=gnu23 -o conftest -g -O2 -I/opt/homebrew/include -L/opt/homebrew/lib conftest.c -ldl -lm   -L/opt/homebrew/lib -L/opt/homebrew/Cellar/gcc/16.2.0/bin/../lib/gcc/current/gcc/aarch64-apple-darwin25/16 -L/opt/homebrew/Cellar/gcc/16.2.0/bin/../lib/gcc/current/gcc -L/opt/homebrew/Cellar/gcc/16.2.0/bin/../lib/gcc/current/gcc/aarch64-apple-darwin25/16/../../.. -lemutls_w -lheapt_w -lgfortran -lquadmath >&5
configure:27937: $? = 0
configure:27986: result: none
configure:28019: checking for Fortran name-mangling scheme
configure:28033: gfortran -c -g -O2  conftest.f >&5
configure:28033: $? = 0
configure:28078: gcc -std=gnu23 -o conftest -g -O2 -I/opt/homebrew/include -L/opt/homebrew/lib conftest.c cfortran_test.o -ldl -lm   -L/opt/homebrew/lib -L/opt/homebrew/Cellar/gcc/16.2.0/bin/../lib/gcc/current/gcc/aarch64-apple-darwin25/16 -L/opt/homebrew/Cellar/gcc/16.2.0/bin/../lib/gcc/current/gcc -L/opt/homebrew/Cellar/gcc/16.2.0/bin/../lib/gcc/current/gcc/aarch64-apple-darwin25/16/../../.. -lemutls_w -lheapt_w -lgfortran -lquadmath >&5
Undefined symbols for architecture arm64:
  "_foobar", referenced from:
      _main in conftest-dee0ae.o
ld: symbol(s) not found for architecture arm64
clang: error: linker command failed with exit code 1 (use -v to see invocation)
configure:28078: $? = 1
configure: failed program was:
| /* confdefs.h */
| #define PACKAGE_NAME "R"
| #define PACKAGE_TARNAME "R"
| #define PACKAGE_VERSION "4.6.0"
| #define PACKAGE_STRING "R 4.6.0"
| #define PACKAGE_BUGREPORT "https://bugs.r-project.org"
| #define PACKAGE_URL "https://www.r-project.org"
| #define PACKAGE "R"
| #define VERSION "4.6.0"
| #define R_PLATFORM "aarch64-apple-darwin25.6.0"
| #define R_CPU "aarch64"
| #define R_VENDOR "apple"
| #define R_OS "darwin25.6.0"
| #define Unix 1
| #define R_ARCH ""
| #define HAVE_STDIO_H 1
| #define HAVE_STDLIB_H 1
| #define HAVE_STRING_H 1
| #define HAVE_INTTYPES_H 1
| #define HAVE_STDINT_H 1
| #define HAVE_STRINGS_H 1
| #define HAVE_SYS_STAT_H 1
| #define HAVE_SYS_TYPES_H 1
| #define HAVE_UNISTD_H 1
| #define HAVE_WCHAR_H 1
| #define HAVE_SYS_TIME_H 1
| #define HAVE_SYS_PARAM_H 1
| #define STDC_HEADERS 1
| #define _ALL_SOURCE 1
| #define _DARWIN_C_SOURCE 1
| #define _GNU_SOURCE 1
| #define _HPUX_ALT_XOPEN_SOCKET_API 1
| #define _NETBSD_SOURCE 1
| #define _OPENBSD_SOURCE 1
| #define _POSIX_PTHREAD_SEMANTICS 1
| #define __STDC_WANT_IEC_60559_ATTRIBS_EXT__ 1
| #define __STDC_WANT_IEC_60559_BFP_EXT__ 1
| #define __STDC_WANT_IEC_60559_DFP_EXT__ 1
| #define __STDC_WANT_IEC_60559_EXT__ 1
| #define __STDC_WANT_IEC_60559_FUNCS_EXT__ 1
| #define __STDC_WANT_IEC_60559_TYPES_EXT__ 1
| #define __STDC_WANT_LIB_EXT2__ 1
| #define __STDC_WANT_MATH_SPEC_FUNCS__ 1
| #define _TANDEM_SOURCE 1
| #define __EXTENSIONS__ 1
| #define HAVE_VISIBILITY_ATTRIBUTE 1
| #define HAVE_DLFCN_H 1
| #define LT_OBJDIR ".libs/"
| #define HAVE_LIBM 1
| #define HAVE_LIBDL 1
| #define HAVE_DIRENT_H 1
| #define HAVE_SYS_WAIT_H 1
| #define HAVE_DLFCN_H 1
| #define HAVE_FCNTL_H 1
| #define HAVE_GLOB_H 1
| #define HAVE_GRP_H 1
| #define HAVE_PWD_H 1
| #define HAVE_SCHED_H 1
| #define HAVE_STRINGS_H 1
| #define HAVE_SYS_RESOURCE_H 1
| #define HAVE_SYS_SELECT_H 1
| #define HAVE_SYS_SOCKET_H 1
| #define HAVE_SYS_STAT_H 1
| #define HAVE_SYS_TIME_H 1
| #define HAVE_SYS_TIMES_H 1
| #define HAVE_SYS_UTSNAME_H 1
| #define HAVE_UNISTD_H 1
| #define HAVE_UTIME_H 1
| #define HAVE_ARPA_INET_H 1
| #define HAVE_LANGINFO_H 1
| #define HAVE_NETDB_H 1
| #define HAVE_NETINET_IN_H 1
| #define HAVE_SYS_PARAM_H 1
| #define HAVE_STDALIGN_H 1
| #define HAVE_ERRNO_H 1
| #define HAVE_INTTYPES_H 1
| #define HAVE_LIMITS_H 1
| #define HAVE_LOCALE_H 1
| #define HAVE_STDARG_H 1
| #define HAVE_STDBOOL_H 1
| #define HAVE_STDINT_H 1
| #define HAVE_STRING_H 1
| #define HAVE_DECL_SIGSETJMP 1
| #define HAVE_DECL_SIGLONGJMP 1
| #define HAVE_POSIX_SETJMP 1
| #define HAVE_INT64_T 1
| #define HAVE_INT_FAST64_T 1
| #define HAVE_DECL_SIZE_MAX 1
| #define R_SOCKLEN_T socklen_t
| #define HAVE_STACK_T 1
| #define HAVE_INTPTR_T 1
| #define HAVE_UINTPTR_T 1
| #define R_INLINE inline
| #define SIZEOF_INT 4
| #define INT_32_BITS 1
| #define SIZEOF_LONG 8
| #define SIZEOF_LONG_LONG 8
| #define SIZEOF_DOUBLE 8
| #define SIZEOF_SIZE_T 8
| #define C_STACK_DIRECTION 1
| #define HAVE_LONG_DOUBLE 1
| #define SIZEOF_LONG_DOUBLE 8
| /* end confdefs.h.  */
| 
| /* Override any GCC internal prototype to avoid an error.
|    Use char because int might match the return type of a GCC
|    builtin and then its argument prototype would still apply.
|    The 'extern "C"' is for builds by C++ compilers;
|    although this is not generally supported in C code supporting it here
|    has little cost and some practical benefit (sr 110532).  */
| #ifdef __cplusplus
| extern "C"
| #endif
| char foobar (void);
| #ifdef FC_DUMMY_MAIN
| #ifndef FC_DUMMY_MAIN_EQ_F77
| #  ifdef __cplusplus
|      extern "C"
| #  endif
|    int FC_DUMMY_MAIN() { return 1; }
| #endif
| #endif
| int
| main (void)
| {
| return foobar ();
|   ;
|   return 0;
| }
configure:28078: gcc -std=gnu23 -o conftest -g -O2 -I/opt/homebrew/include -L/opt/homebrew/lib conftest.c cfortran_test.o -ldl -lm   -L/opt/homebrew/lib -L/opt/homebrew/Cellar/gcc/16.2.0/bin/../lib/gcc/current/gcc/aarch64-apple-darwin25/16 -L/opt/homebrew/Cellar/gcc/16.2.0/bin/../lib/gcc/current/gcc -L/opt/homebrew/Cellar/gcc/16.2.0/bin/../lib/gcc/current/gcc/aarch64-apple-darwin25/16/../../.. -lemutls_w -lheapt_w -lgfortran -lquadmath >&5
configure:28078: $? = 0
configure:28140: gcc -std=gnu23 -o conftest -g -O2 -I/opt/homebrew/include -L/opt/homebrew/lib conftest.c cfortran_test.o -ldl -lm   -L/opt/homebrew/lib -L/opt/homebrew/Cellar/gcc/16.2.0/bin/../lib/gcc/current/gcc/aarch64-apple-darwin25/16 -L/opt/homebrew/Cellar/gcc/16.2.0/bin/../lib/gcc/current/gcc -L/opt/homebrew/Cellar/gcc/16.2.0/bin/../lib/gcc/current/gcc/aarch64-apple-darwin25/16/../../.. -lemutls_w -lheapt_w -lgfortran -lquadmath >&5
configure:28140: $? = 0
configure:28185: result: lower case, underscore, no extra underscore
configure:28259: checking whether gfortran appends underscores to external names
configure:28277: result: yes
configure:28289: checking whether gfortran appends extra underscores to external names
configure:28307: result: no
configure:28321: checking whether mixed C/Fortran code can be run
configure:28380: result: yes
configure:28394: checking whether gfortran and gcc -std=gnu23 agree on int and double
configure:28473: result: yes
configure:28487: checking whether gfortran and gcc -std=gnu23 agree on double complex
configure:28567: result: yes
configure:28603: checking for gfortran option to support OpenMP
configure:28619: gfortran -o conftest -g -O2 -L/opt/homebrew/lib  conftest.f -ldl -lm  >&5
conftest.f:5:7:

    5 |       tid = 42
      |       1~~
Error: Symbol 'tid' at (1) has no IMPLICIT type
configure:28619: $? = 1
configure: failed program was:
| 
|       program main
|       implicit none
| !$    integer tid
|       tid = 42
|       call omp_set_num_threads(2)
|       end
| 
configure:28640: gfortran -o conftest -g -O2 -xopenmp -L/opt/homebrew/lib  conftest.f -ldl -lm  >&5
gfortran: error: language openmp not recognized
gfortran: error: language openmp not recognized
configure:28640: $? = 1
configure: failed program was:
| 
|       program main
|       implicit none
| !$    integer tid
|       tid = 42
|       call omp_set_num_threads(2)
|       end
| 
configure:28640: gfortran -o conftest -g -O2 -fiopenmp -L/opt/homebrew/lib  conftest.f -ldl -lm  >&5
gfortran: error: unrecognized command-line option '-fiopenmp'; did you mean '-fopenmp'?
configure:28640: $? = 1
configure: failed program was:
| 
|       program main
|       implicit none
| !$    integer tid
|       tid = 42
|       call omp_set_num_threads(2)
|       end
| 
configure:28640: gfortran -o conftest -g -O2 -fopenmp -L/opt/homebrew/lib  conftest.f -ldl -lm  >&5
configure:28640: $? = 0
configure:28657: result: -fopenmp
configure:28679: checking whether g++ accepts -M for generating dependencies
configure:28693: result: yes
configure:28728: checking whether we can compute ObjC Make dependencies
configure:28754: result: yes, using $(OBJC) -MM
configure:28799: checking for ObjC runtime library
configure:28838: gcc -o conftest -g -O2 -I/opt/homebrew/include -L/opt/homebrew/lib conftest.m -ldl -lm  -lobjc >&5
conftest.m:125:4: error: use of undeclared identifier 'Object'
  125 |   [Object class];
      |    ^~~~~~
1 error generated.
configure:28838: $? = 1
configure: failed program was:
| /* confdefs.h */
| #define PACKAGE_NAME "R"
| #define PACKAGE_TARNAME "R"
| #define PACKAGE_VERSION "4.6.0"
| #define PACKAGE_STRING "R 4.6.0"
| #define PACKAGE_BUGREPORT "https://bugs.r-project.org"
| #define PACKAGE_URL "https://www.r-project.org"
| #define PACKAGE "R"
| #define VERSION "4.6.0"
| #define R_PLATFORM "aarch64-apple-darwin25.6.0"
| #define R_CPU "aarch64"
| #define R_VENDOR "apple"
| #define R_OS "darwin25.6.0"
| #define Unix 1
| #define R_ARCH ""
| #define HAVE_STDIO_H 1
| #define HAVE_STDLIB_H 1
| #define HAVE_STRING_H 1
| #define HAVE_INTTYPES_H 1
| #define HAVE_STDINT_H 1
| #define HAVE_STRINGS_H 1
| #define HAVE_SYS_STAT_H 1
| #define HAVE_SYS_TYPES_H 1
| #define HAVE_UNISTD_H 1
| #define HAVE_WCHAR_H 1
| #define HAVE_SYS_TIME_H 1
| #define HAVE_SYS_PARAM_H 1
| #define STDC_HEADERS 1
| #define _ALL_SOURCE 1
| #define _DARWIN_C_SOURCE 1
| #define _GNU_SOURCE 1
| #define _HPUX_ALT_XOPEN_SOCKET_API 1
| #define _NETBSD_SOURCE 1
| #define _OPENBSD_SOURCE 1
| #define _POSIX_PTHREAD_SEMANTICS 1
| #define __STDC_WANT_IEC_60559_ATTRIBS_EXT__ 1
| #define __STDC_WANT_IEC_60559_BFP_EXT__ 1
| #define __STDC_WANT_IEC_60559_DFP_EXT__ 1
| #define __STDC_WANT_IEC_60559_EXT__ 1
| #define __STDC_WANT_IEC_60559_FUNCS_EXT__ 1
| #define __STDC_WANT_IEC_60559_TYPES_EXT__ 1
| #define __STDC_WANT_LIB_EXT2__ 1
| #define __STDC_WANT_MATH_SPEC_FUNCS__ 1
| #define _TANDEM_SOURCE 1
| #define __EXTENSIONS__ 1
| #define HAVE_VISIBILITY_ATTRIBUTE 1
| #define HAVE_DLFCN_H 1
| #define LT_OBJDIR ".libs/"
| #define HAVE_LIBM 1
| #define HAVE_LIBDL 1
| #define HAVE_DIRENT_H 1
| #define HAVE_SYS_WAIT_H 1
| #define HAVE_DLFCN_H 1
| #define HAVE_FCNTL_H 1
| #define HAVE_GLOB_H 1
| #define HAVE_GRP_H 1
| #define HAVE_PWD_H 1
| #define HAVE_SCHED_H 1
| #define HAVE_STRINGS_H 1
| #define HAVE_SYS_RESOURCE_H 1
| #define HAVE_SYS_SELECT_H 1
| #define HAVE_SYS_SOCKET_H 1
| #define HAVE_SYS_STAT_H 1
| #define HAVE_SYS_TIME_H 1
| #define HAVE_SYS_TIMES_H 1
| #define HAVE_SYS_UTSNAME_H 1
| #define HAVE_UNISTD_H 1
| #define HAVE_UTIME_H 1
| #define HAVE_ARPA_INET_H 1
| #define HAVE_LANGINFO_H 1
| #define HAVE_NETDB_H 1
| #define HAVE_NETINET_IN_H 1
| #define HAVE_SYS_PARAM_H 1
| #define HAVE_STDALIGN_H 1
| #define HAVE_ERRNO_H 1
| #define HAVE_INTTYPES_H 1
| #define HAVE_LIMITS_H 1
| #define HAVE_LOCALE_H 1
| #define HAVE_STDARG_H 1
| #define HAVE_STDBOOL_H 1
| #define HAVE_STDINT_H 1
| #define HAVE_STRING_H 1
| #define HAVE_DECL_SIGSETJMP 1
| #define HAVE_DECL_SIGLONGJMP 1
| #define HAVE_POSIX_SETJMP 1
| #define HAVE_INT64_T 1
| #define HAVE_INT_FAST64_T 1
| #define HAVE_DECL_SIZE_MAX 1
| #define R_SOCKLEN_T socklen_t
| #define HAVE_STACK_T 1
| #define HAVE_INTPTR_T 1
| #define HAVE_UINTPTR_T 1
| #define R_INLINE inline
| #define SIZEOF_INT 4
| #define INT_32_BITS 1
| #define SIZEOF_LONG 8
| #define SIZEOF_LONG_LONG 8
| #define SIZEOF_DOUBLE 8
| #define SIZEOF_SIZE_T 8
| #define C_STACK_DIRECTION 1
| #define HAVE_LONG_DOUBLE 1
| #define SIZEOF_LONG_DOUBLE 8
| #define FC_FUNC(name,NAME) name ## _
| #define FC_FUNC_(name,NAME) name ## _
| #define HAVE_F77_UNDERSCORE 1
| #define HAVE_FORTRAN_DOUBLE_COMPLEX 1
| /* end confdefs.h.  */
| 
| 
| #undef __OBJC2__
| #include <objc/Object.h>
| 
| #ifdef FC_DUMMY_MAIN
| #ifndef FC_DUMMY_MAIN_EQ_F77
| #  ifdef __cplusplus
|      extern "C"
| #  endif
|    int FC_DUMMY_MAIN() { return 1; }
| #endif
| #endif
| int
| main (void)
| {
| 
|   [Object class];
| 
|   ;
|   return 0;
| }
| 
configure:28838: gcc -o conftest -g -O2 -I/opt/homebrew/include -L/opt/homebrew/lib conftest.m -ldl -lm  -lobjc-gnu >&5
conftest.m:125:4: error: use of undeclared identifier 'Object'
  125 |   [Object class];
      |    ^~~~~~
1 error generated.
configure:28838: $? = 1
configure: failed program was:
| /* confdefs.h */
| #define PACKAGE_NAME "R"
| #define PACKAGE_TARNAME "R"
| #define PACKAGE_VERSION "4.6.0"
| #define PACKAGE_STRING "R 4.6.0"
| #define PACKAGE_BUGREPORT "https://bugs.r-project.org"
| #define PACKAGE_URL "https://www.r-project.org"
| #define PACKAGE "R"
| #define VERSION "4.6.0"
| #define R_PLATFORM "aarch64-apple-darwin25.6.0"
| #define R_CPU "aarch64"
| #define R_VENDOR "apple"
| #define R_OS "darwin25.6.0"
| #define Unix 1
| #define R_ARCH ""
| #define HAVE_STDIO_H 1
| #define HAVE_STDLIB_H 1
| #define HAVE_STRING_H 1
| #define HAVE_INTTYPES_H 1
| #define HAVE_STDINT_H 1
| #define HAVE_STRINGS_H 1
| #define HAVE_SYS_STAT_H 1
| #define HAVE_SYS_TYPES_H 1
| #define HAVE_UNISTD_H 1
| #define HAVE_WCHAR_H 1
| #define HAVE_SYS_TIME_H 1
| #define HAVE_SYS_PARAM_H 1
| #define STDC_HEADERS 1
| #define _ALL_SOURCE 1
| #define _DARWIN_C_SOURCE 1
| #define _GNU_SOURCE 1
| #define _HPUX_ALT_XOPEN_SOCKET_API 1
| #define _NETBSD_SOURCE 1
| #define _OPENBSD_SOURCE 1
| #define _POSIX_PTHREAD_SEMANTICS 1
| #define __STDC_WANT_IEC_60559_ATTRIBS_EXT__ 1
| #define __STDC_WANT_IEC_60559_BFP_EXT__ 1
| #define __STDC_WANT_IEC_60559_DFP_EXT__ 1
| #define __STDC_WANT_IEC_60559_EXT__ 1
| #define __STDC_WANT_IEC_60559_FUNCS_EXT__ 1
| #define __STDC_WANT_IEC_60559_TYPES_EXT__ 1
| #define __STDC_WANT_LIB_EXT2__ 1
| #define __STDC_WANT_MATH_SPEC_FUNCS__ 1
| #define _TANDEM_SOURCE 1
| #define __EXTENSIONS__ 1
| #define HAVE_VISIBILITY_ATTRIBUTE 1
| #define HAVE_DLFCN_H 1
| #define LT_OBJDIR ".libs/"
| #define HAVE_LIBM 1
| #define HAVE_LIBDL 1
| #define HAVE_DIRENT_H 1
| #define HAVE_SYS_WAIT_H 1
| #define HAVE_DLFCN_H 1
| #define HAVE_FCNTL_H 1
| #define HAVE_GLOB_H 1
| #define HAVE_GRP_H 1
| #define HAVE_PWD_H 1
| #define HAVE_SCHED_H 1
| #define HAVE_STRINGS_H 1
| #define HAVE_SYS_RESOURCE_H 1
| #define HAVE_SYS_SELECT_H 1
| #define HAVE_SYS_SOCKET_H 1
| #define HAVE_SYS_STAT_H 1
| #define HAVE_SYS_TIME_H 1
| #define HAVE_SYS_TIMES_H 1
| #define HAVE_SYS_UTSNAME_H 1
| #define HAVE_UNISTD_H 1
| #define HAVE_UTIME_H 1
| #define HAVE_ARPA_INET_H 1
| #define HAVE_LANGINFO_H 1
| #define HAVE_NETDB_H 1
| #define HAVE_NETINET_IN_H 1
| #define HAVE_SYS_PARAM_H 1
| #define HAVE_STDALIGN_H 1
| #define HAVE_ERRNO_H 1
| #define HAVE_INTTYPES_H 1
| #define HAVE_LIMITS_H 1
| #define HAVE_LOCALE_H 1
| #define HAVE_STDARG_H 1
| #define HAVE_STDBOOL_H 1
| #define HAVE_STDINT_H 1
| #define HAVE_STRING_H 1
| #define HAVE_DECL_SIGSETJMP 1
| #define HAVE_DECL_SIGLONGJMP 1
| #define HAVE_POSIX_SETJMP 1
| #define HAVE_INT64_T 1
| #define HAVE_INT_FAST64_T 1
| #define HAVE_DECL_SIZE_MAX 1
| #define R_SOCKLEN_T socklen_t
| #define HAVE_STACK_T 1
| #define HAVE_INTPTR_T 1
| #define HAVE_UINTPTR_T 1
| #define R_INLINE inline
| #define SIZEOF_INT 4
| #define INT_32_BITS 1
| #define SIZEOF_LONG 8
| #define SIZEOF_LONG_LONG 8
| #define SIZEOF_DOUBLE 8
| #define SIZEOF_SIZE_T 8
| #define C_STACK_DIRECTION 1
| #define HAVE_LONG_DOUBLE 1
| #define SIZEOF_LONG_DOUBLE 8
| #define FC_FUNC(name,NAME) name ## _
| #define FC_FUNC_(name,NAME) name ## _
| #define HAVE_F77_UNDERSCORE 1
| #define HAVE_FORTRAN_DOUBLE_COMPLEX 1
| /* end confdefs.h.  */
| 
| 
| #undef __OBJC2__
| #include <objc/Object.h>
| 
| #ifdef FC_DUMMY_MAIN
| #ifndef FC_DUMMY_MAIN_EQ_F77
| #  ifdef __cplusplus
|      extern "C"
| #  endif
|    int FC_DUMMY_MAIN() { return 1; }
| #endif
| #endif
| int
| main (void)
| {
| 
|   [Object class];
| 
|   ;
|   return 0;
| }
| 
configure:28838: gcc -o conftest -g -O2 -I/opt/homebrew/include -L/opt/homebrew/lib conftest.m -ldl -lm  -lobjc-lf >&5
conftest.m:125:4: error: use of undeclared identifier 'Object'
  125 |   [Object class];
      |    ^~~~~~
1 error generated.
configure:28838: $? = 1
configure: failed program was:
| /* confdefs.h */
| #define PACKAGE_NAME "R"
| #define PACKAGE_TARNAME "R"
| #define PACKAGE_VERSION "4.6.0"
| #define PACKAGE_STRING "R 4.6.0"
| #define PACKAGE_BUGREPORT "https://bugs.r-project.org"
| #define PACKAGE_URL "https://www.r-project.org"
| #define PACKAGE "R"
| #define VERSION "4.6.0"
| #define R_PLATFORM "aarch64-apple-darwin25.6.0"
| #define R_CPU "aarch64"
| #define R_VENDOR "apple"
| #define R_OS "darwin25.6.0"
| #define Unix 1
| #define R_ARCH ""
| #define HAVE_STDIO_H 1
| #define HAVE_STDLIB_H 1
| #define HAVE_STRING_H 1
| #define HAVE_INTTYPES_H 1
| #define HAVE_STDINT_H 1
| #define HAVE_STRINGS_H 1
| #define HAVE_SYS_STAT_H 1
| #define HAVE_SYS_TYPES_H 1
| #define HAVE_UNISTD_H 1
| #define HAVE_WCHAR_H 1
| #define HAVE_SYS_TIME_H 1
| #define HAVE_SYS_PARAM_H 1
| #define STDC_HEADERS 1
| #define _ALL_SOURCE 1
| #define _DARWIN_C_SOURCE 1
| #define _GNU_SOURCE 1
| #define _HPUX_ALT_XOPEN_SOCKET_API 1
| #define _NETBSD_SOURCE 1
| #define _OPENBSD_SOURCE 1
| #define _POSIX_PTHREAD_SEMANTICS 1
| #define __STDC_WANT_IEC_60559_ATTRIBS_EXT__ 1
| #define __STDC_WANT_IEC_60559_BFP_EXT__ 1
| #define __STDC_WANT_IEC_60559_DFP_EXT__ 1
| #define __STDC_WANT_IEC_60559_EXT__ 1
| #define __STDC_WANT_IEC_60559_FUNCS_EXT__ 1
| #define __STDC_WANT_IEC_60559_TYPES_EXT__ 1
| #define __STDC_WANT_LIB_EXT2__ 1
| #define __STDC_WANT_MATH_SPEC_FUNCS__ 1
| #define _TANDEM_SOURCE 1
| #define __EXTENSIONS__ 1
| #define HAVE_VISIBILITY_ATTRIBUTE 1
| #define HAVE_DLFCN_H 1
| #define LT_OBJDIR ".libs/"
| #define HAVE_LIBM 1
| #define HAVE_LIBDL 1
| #define HAVE_DIRENT_H 1
| #define HAVE_SYS_WAIT_H 1
| #define HAVE_DLFCN_H 1
| #define HAVE_FCNTL_H 1
| #define HAVE_GLOB_H 1
| #define HAVE_GRP_H 1
| #define HAVE_PWD_H 1
| #define HAVE_SCHED_H 1
| #define HAVE_STRINGS_H 1
| #define HAVE_SYS_RESOURCE_H 1
| #define HAVE_SYS_SELECT_H 1
| #define HAVE_SYS_SOCKET_H 1
| #define HAVE_SYS_STAT_H 1
| #define HAVE_SYS_TIME_H 1
| #define HAVE_SYS_TIMES_H 1
| #define HAVE_SYS_UTSNAME_H 1
| #define HAVE_UNISTD_H 1
| #define HAVE_UTIME_H 1
| #define HAVE_ARPA_INET_H 1
| #define HAVE_LANGINFO_H 1
| #define HAVE_NETDB_H 1
| #define HAVE_NETINET_IN_H 1
| #define HAVE_SYS_PARAM_H 1
| #define HAVE_STDALIGN_H 1
| #define HAVE_ERRNO_H 1
| #define HAVE_INTTYPES_H 1
| #define HAVE_LIMITS_H 1
| #define HAVE_LOCALE_H 1
| #define HAVE_STDARG_H 1
| #define HAVE_STDBOOL_H 1
| #define HAVE_STDINT_H 1
| #define HAVE_STRING_H 1
| #define HAVE_DECL_SIGSETJMP 1
| #define HAVE_DECL_SIGLONGJMP 1
| #define HAVE_POSIX_SETJMP 1
| #define HAVE_INT64_T 1
| #define HAVE_INT_FAST64_T 1
| #define HAVE_DECL_SIZE_MAX 1
| #define R_SOCKLEN_T socklen_t
| #define HAVE_STACK_T 1
| #define HAVE_INTPTR_T 1
| #define HAVE_UINTPTR_T 1
| #define R_INLINE inline
| #define SIZEOF_INT 4
| #define INT_32_BITS 1
| #define SIZEOF_LONG 8
| #define SIZEOF_LONG_LONG 8
| #define SIZEOF_DOUBLE 8
| #define SIZEOF_SIZE_T 8
| #define C_STACK_DIRECTION 1
| #define HAVE_LONG_DOUBLE 1
| #define SIZEOF_LONG_DOUBLE 8
| #define FC_FUNC(name,NAME) name ## _
| #define FC_FUNC_(name,NAME) name ## _
| #define HAVE_F77_UNDERSCORE 1
| #define HAVE_FORTRAN_DOUBLE_COMPLEX 1
| /* end confdefs.h.  */
| 
| 
| #undef __OBJC2__
| #include <objc/Object.h>
| 
| #ifdef FC_DUMMY_MAIN
| #ifndef FC_DUMMY_MAIN_EQ_F77
| #  ifdef __cplusplus
|      extern "C"
| #  endif
|    int FC_DUMMY_MAIN() { return 1; }
| #endif
| #endif
| int
| main (void)
| {
| 
|   [Object class];
| 
|   ;
|   return 0;
| }
| 
configure:28838: gcc -o conftest -g -O2 -I/opt/homebrew/include -L/opt/homebrew/lib conftest.m -ldl -lm  -lobjc-lf2 >&5
conftest.m:125:4: error: use of undeclared identifier 'Object'
  125 |   [Object class];
      |    ^~~~~~
1 error generated.
configure:28838: $? = 1
configure: failed program was:
| /* confdefs.h */
| #define PACKAGE_NAME "R"
| #define PACKAGE_TARNAME "R"
| #define PACKAGE_VERSION "4.6.0"
| #define PACKAGE_STRING "R 4.6.0"
| #define PACKAGE_BUGREPORT "https://bugs.r-project.org"
| #define PACKAGE_URL "https://www.r-project.org"
| #define PACKAGE "R"
| #define VERSION "4.6.0"
| #define R_PLATFORM "aarch64-apple-darwin25.6.0"
| #define R_CPU "aarch64"
| #define R_VENDOR "apple"
| #define R_OS "darwin25.6.0"
| #define Unix 1
| #define R_ARCH ""
| #define HAVE_STDIO_H 1
| #define HAVE_STDLIB_H 1
| #define HAVE_STRING_H 1
| #define HAVE_INTTYPES_H 1
| #define HAVE_STDINT_H 1
| #define HAVE_STRINGS_H 1
| #define HAVE_SYS_STAT_H 1
| #define HAVE_SYS_TYPES_H 1
| #define HAVE_UNISTD_H 1
| #define HAVE_WCHAR_H 1
| #define HAVE_SYS_TIME_H 1
| #define HAVE_SYS_PARAM_H 1
| #define STDC_HEADERS 1
| #define _ALL_SOURCE 1
| #define _DARWIN_C_SOURCE 1
| #define _GNU_SOURCE 1
| #define _HPUX_ALT_XOPEN_SOCKET_API 1
| #define _NETBSD_SOURCE 1
| #define _OPENBSD_SOURCE 1
| #define _POSIX_PTHREAD_SEMANTICS 1
| #define __STDC_WANT_IEC_60559_ATTRIBS_EXT__ 1
| #define __STDC_WANT_IEC_60559_BFP_EXT__ 1
| #define __STDC_WANT_IEC_60559_DFP_EXT__ 1
| #define __STDC_WANT_IEC_60559_EXT__ 1
| #define __STDC_WANT_IEC_60559_FUNCS_EXT__ 1
| #define __STDC_WANT_IEC_60559_TYPES_EXT__ 1
| #define __STDC_WANT_LIB_EXT2__ 1
| #define __STDC_WANT_MATH_SPEC_FUNCS__ 1
| #define _TANDEM_SOURCE 1
| #define __EXTENSIONS__ 1
| #define HAVE_VISIBILITY_ATTRIBUTE 1
| #define HAVE_DLFCN_H 1
| #define LT_OBJDIR ".libs/"
| #define HAVE_LIBM 1
| #define HAVE_LIBDL 1
| #define HAVE_DIRENT_H 1
| #define HAVE_SYS_WAIT_H 1
| #define HAVE_DLFCN_H 1
| #define HAVE_FCNTL_H 1
| #define HAVE_GLOB_H 1
| #define HAVE_GRP_H 1
| #define HAVE_PWD_H 1
| #define HAVE_SCHED_H 1
| #define HAVE_STRINGS_H 1
| #define HAVE_SYS_RESOURCE_H 1
| #define HAVE_SYS_SELECT_H 1
| #define HAVE_SYS_SOCKET_H 1
| #define HAVE_SYS_STAT_H 1
| #define HAVE_SYS_TIME_H 1
| #define HAVE_SYS_TIMES_H 1
| #define HAVE_SYS_UTSNAME_H 1
| #define HAVE_UNISTD_H 1
| #define HAVE_UTIME_H 1
| #define HAVE_ARPA_INET_H 1
| #define HAVE_LANGINFO_H 1
| #define HAVE_NETDB_H 1
| #define HAVE_NETINET_IN_H 1
| #define HAVE_SYS_PARAM_H 1
| #define HAVE_STDALIGN_H 1
| #define HAVE_ERRNO_H 1
| #define HAVE_INTTYPES_H 1
| #define HAVE_LIMITS_H 1
| #define HAVE_LOCALE_H 1
| #define HAVE_STDARG_H 1
| #define HAVE_STDBOOL_H 1
| #define HAVE_STDINT_H 1
| #define HAVE_STRING_H 1
| #define HAVE_DECL_SIGSETJMP 1
| #define HAVE_DECL_SIGLONGJMP 1
| #define HAVE_POSIX_SETJMP 1
| #define HAVE_INT64_T 1
| #define HAVE_INT_FAST64_T 1
| #define HAVE_DECL_SIZE_MAX 1
| #define R_SOCKLEN_T socklen_t
| #define HAVE_STACK_T 1
| #define HAVE_INTPTR_T 1
| #define HAVE_UINTPTR_T 1
| #define R_INLINE inline
| #define SIZEOF_INT 4
| #define INT_32_BITS 1
| #define SIZEOF_LONG 8
| #define SIZEOF_LONG_LONG 8
| #define SIZEOF_DOUBLE 8
| #define SIZEOF_SIZE_T 8
| #define C_STACK_DIRECTION 1
| #define HAVE_LONG_DOUBLE 1
| #define SIZEOF_LONG_DOUBLE 8
| #define FC_FUNC(name,NAME) name ## _
| #define FC_FUNC_(name,NAME) name ## _
| #define HAVE_F77_UNDERSCORE 1
| #define HAVE_FORTRAN_DOUBLE_COMPLEX 1
| /* end confdefs.h.  */
| 
| 
| #undef __OBJC2__
| #include <objc/Object.h>
| 
| #ifdef FC_DUMMY_MAIN
| #ifndef FC_DUMMY_MAIN_EQ_F77
| #  ifdef __cplusplus
|      extern "C"
| #  endif
|    int FC_DUMMY_MAIN() { return 1; }
| #endif
| #endif
| int
| main (void)
| {
| 
|   [Object class];
| 
|   ;
|   return 0;
| }
| 
configure:28853: result: 
configure:28949: checking whether gcc accepts -fobjc-exceptions
configure:28982: gcc -o conftest -g -O2 -fobjc-exceptions -I/opt/homebrew/include -L/opt/homebrew/lib conftest.m -ldl -lm  >&5
configure:28982: $? = 0
configure:29003: result: yes
configure:29029: checking for cached Foundation settings
configure:29041: result: no
configure:29076: checking whether default Foundation framework works
configure:29105: gcc -o conftest -g -O2 -fobjc-exceptions -I/opt/homebrew/include  -L/opt/homebrew/lib conftest.m -ldl -lm   >&5
Undefined symbols for architecture arm64:
  "_OBJC_CLASS_$_NSAutoreleasePool", referenced from:
       in conftest-314c2a.o
  "_objc_alloc_init", referenced from:
      _main in conftest-314c2a.o
  "_objc_release", referenced from:
      _main in conftest-314c2a.o
ld: symbol(s) not found for architecture arm64
clang: error: linker command failed with exit code 1 (use -v to see invocation)
configure:29105: $? = 1
configure: failed program was:
| /* confdefs.h */
| #define PACKAGE_NAME "R"
| #define PACKAGE_TARNAME "R"
| #define PACKAGE_VERSION "4.6.0"
| #define PACKAGE_STRING "R 4.6.0"
| #define PACKAGE_BUGREPORT "https://bugs.r-project.org"
| #define PACKAGE_URL "https://www.r-project.org"
| #define PACKAGE "R"
| #define VERSION "4.6.0"
| #define R_PLATFORM "aarch64-apple-darwin25.6.0"
| #define R_CPU "aarch64"
| #define R_VENDOR "apple"
| #define R_OS "darwin25.6.0"
| #define Unix 1
| #define R_ARCH ""
| #define HAVE_STDIO_H 1
| #define HAVE_STDLIB_H 1
| #define HAVE_STRING_H 1
| #define HAVE_INTTYPES_H 1
| #define HAVE_STDINT_H 1
| #define HAVE_STRINGS_H 1
| #define HAVE_SYS_STAT_H 1
| #define HAVE_SYS_TYPES_H 1
| #define HAVE_UNISTD_H 1
| #define HAVE_WCHAR_H 1
| #define HAVE_SYS_TIME_H 1
| #define HAVE_SYS_PARAM_H 1
| #define STDC_HEADERS 1
| #define _ALL_SOURCE 1
| #define _DARWIN_C_SOURCE 1
| #define _GNU_SOURCE 1
| #define _HPUX_ALT_XOPEN_SOCKET_API 1
| #define _NETBSD_SOURCE 1
| #define _OPENBSD_SOURCE 1
| #define _POSIX_PTHREAD_SEMANTICS 1
| #define __STDC_WANT_IEC_60559_ATTRIBS_EXT__ 1
| #define __STDC_WANT_IEC_60559_BFP_EXT__ 1
| #define __STDC_WANT_IEC_60559_DFP_EXT__ 1
| #define __STDC_WANT_IEC_60559_EXT__ 1
| #define __STDC_WANT_IEC_60559_FUNCS_EXT__ 1
| #define __STDC_WANT_IEC_60559_TYPES_EXT__ 1
| #define __STDC_WANT_LIB_EXT2__ 1
| #define __STDC_WANT_MATH_SPEC_FUNCS__ 1
| #define _TANDEM_SOURCE 1
| #define __EXTENSIONS__ 1
| #define HAVE_VISIBILITY_ATTRIBUTE 1
| #define HAVE_DLFCN_H 1
| #define LT_OBJDIR ".libs/"
| #define HAVE_LIBM 1
| #define HAVE_LIBDL 1
| #define HAVE_DIRENT_H 1
| #define HAVE_SYS_WAIT_H 1
| #define HAVE_DLFCN_H 1
| #define HAVE_FCNTL_H 1
| #define HAVE_GLOB_H 1
| #define HAVE_GRP_H 1
| #define HAVE_PWD_H 1
| #define HAVE_SCHED_H 1
| #define HAVE_STRINGS_H 1
| #define HAVE_SYS_RESOURCE_H 1
| #define HAVE_SYS_SELECT_H 1
| #define HAVE_SYS_SOCKET_H 1
| #define HAVE_SYS_STAT_H 1
| #define HAVE_SYS_TIME_H 1
| #define HAVE_SYS_TIMES_H 1
| #define HAVE_SYS_UTSNAME_H 1
| #define HAVE_UNISTD_H 1
| #define HAVE_UTIME_H 1
| #define HAVE_ARPA_INET_H 1
| #define HAVE_LANGINFO_H 1
| #define HAVE_NETDB_H 1
| #define HAVE_NETINET_IN_H 1
| #define HAVE_SYS_PARAM_H 1
| #define HAVE_STDALIGN_H 1
| #define HAVE_ERRNO_H 1
| #define HAVE_INTTYPES_H 1
| #define HAVE_LIMITS_H 1
| #define HAVE_LOCALE_H 1
| #define HAVE_STDARG_H 1
| #define HAVE_STDBOOL_H 1
| #define HAVE_STDINT_H 1
| #define HAVE_STRING_H 1
| #define HAVE_DECL_SIGSETJMP 1
| #define HAVE_DECL_SIGLONGJMP 1
| #define HAVE_POSIX_SETJMP 1
| #define HAVE_INT64_T 1
| #define HAVE_INT_FAST64_T 1
| #define HAVE_DECL_SIZE_MAX 1
| #define R_SOCKLEN_T socklen_t
| #define HAVE_STACK_T 1
| #define HAVE_INTPTR_T 1
| #define HAVE_UINTPTR_T 1
| #define R_INLINE inline
| #define SIZEOF_INT 4
| #define INT_32_BITS 1
| #define SIZEOF_LONG 8
| #define SIZEOF_LONG_LONG 8
| #define SIZEOF_DOUBLE 8
| #define SIZEOF_SIZE_T 8
| #define C_STACK_DIRECTION 1
| #define HAVE_LONG_DOUBLE 1
| #define SIZEOF_LONG_DOUBLE 8
| #define FC_FUNC(name,NAME) name ## _
| #define FC_FUNC_(name,NAME) name ## _
| #define HAVE_F77_UNDERSCORE 1
| #define HAVE_FORTRAN_DOUBLE_COMPLEX 1
| /* end confdefs.h.  */
| 
| #import <Foundation/Foundation.h>
| 
| #ifdef FC_DUMMY_MAIN
| #ifndef FC_DUMMY_MAIN_EQ_F77
| #  ifdef __cplusplus
|      extern "C"
| #  endif
|    int FC_DUMMY_MAIN() { return 1; }
| #endif
| #endif
| int
| main (void)
| {
| 
|   NSAutoreleasePool *pool = [[NSAutoreleasePool alloc] init];
|   NSString *s = @"hello, world";
| 
|   [pool release];
| 
|   ;
|   return 0;
| }
configure:29116: result: no
configure:29125: checking whether -framework Foundation works
configure:29154: gcc -o conftest -g -O2 -fobjc-exceptions -I/opt/homebrew/include -L/opt/homebrew/lib conftest.m -ldl -lm  -framework Foundation >&5
configure:29154: $? = 0
configure:29161: result: yes
configure:29340: checking for working Foundation implementation
configure:29349: result: yes
configure:29557: checking for type of 'hidden' Fortran character lengths
Trying FPIEFLAGS = 
Trying FPIEFLAGS = -fPIE
configure:29633: result: size_t
configure:29801: checking for xmkmf
configure:29840: result: no
configure:29997: checking whether linker supports dynamic lookup
gcc -std=gnu23 -g -O2 conftest.c -dynamiclib -Wl,-headerpad_max_install_names -undefined dynamic_lookup -o libconftest -ldl -lm 
configure:30010: result: yes
configure:31211: checking whether g++  supports C++17 features with -std=gnu++17
configure:31977: g++  -std=gnu++17 -c -g -O2 -fPIC -I/opt/homebrew/include conftest.cpp >&5
configure:31977: $? = 0
configure:31989: result: yes
configure:34456: checking whether g++  supports C++20 features with -std=gnu++20
configure:35222: g++  -std=gnu++20 -c -g -O2 -fPIC -I/opt/homebrew/include conftest.cpp >&5
conftest.cpp:200:36: warning: volatile-qualified parameter type 'volatile int' is deprecated [-Wdeprecated-volatile]
  200 |     test(const int c, volatile int v) // 'volatile is deprecated in C++20'
      |                                    ^
1 warning generated.
configure:35222: $? = 0
configure:35234: result: yes
configure:37699: checking whether g++  supports C++23 features with -std=gnu++23
configure:38463: g++  -std=gnu++23 -c -g -O2 -fPIC -I/opt/homebrew/include conftest.cpp >&5
conftest.cpp:198:36: warning: volatile-qualified parameter type 'volatile int' is deprecated [-Wdeprecated-volatile]
  198 |     test(const int c, volatile int v) // 'volatile is deprecated in C++20'
      |                                    ^
1 warning generated.
configure:38463: $? = 0
configure:38475: result: yes
configure:40936: checking whether g++  supports C++26 features with -std=gnu++26
configure:41700: g++  -std=gnu++26 -c -g -O2 -fPIC -I/opt/homebrew/include conftest.cpp >&5
conftest.cpp:198:36: warning: volatile-qualified parameter type 'volatile int' is deprecated [-Wdeprecated-volatile]
  198 |     test(const int c, volatile int v) // 'volatile is deprecated in C++20'
      |                                    ^
1 warning generated.
configure:41700: $? = 0
configure:41712: result: yes
configure:43436: checking whether g++ -std=gnu++20 can compile ObjC++
running: g++ -std=gnu++20 -c conftest.mm -I/opt/homebrew/include 
configure:43460: result: yes
configure:43515: checking for Objective C++ compiler
configure:43521: result: g++ -std=gnu++20
configure:43546: checking for g++ -std=gnu++20 option to support OpenMP
configure:43562: g++ -std=gnu++20 -o conftest -g -O2 -I/opt/homebrew/include -L/opt/homebrew/lib conftest.cpp -ldl -lm  >&5
conftest.cpp:113:2: error: "OpenMP not supported"
  113 | #error "OpenMP not supported"
      |  ^
conftest.cpp:115:10: fatal error: 'omp.h' file not found
  115 | #include <omp.h>
      |          ^~~~~~~
2 errors generated.
configure:43562: $? = 1
configure: failed program was:
| /* confdefs.h */
| #define PACKAGE_NAME "R"
| #define PACKAGE_TARNAME "R"
| #define PACKAGE_VERSION "4.6.0"
| #define PACKAGE_STRING "R 4.6.0"
| #define PACKAGE_BUGREPORT "https://bugs.r-project.org"
| #define PACKAGE_URL "https://www.r-project.org"
| #define PACKAGE "R"
| #define VERSION "4.6.0"
| #define R_PLATFORM "aarch64-apple-darwin25.6.0"
| #define R_CPU "aarch64"
| #define R_VENDOR "apple"
| #define R_OS "darwin25.6.0"
| #define Unix 1
| #define R_ARCH ""
| #define HAVE_STDIO_H 1
| #define HAVE_STDLIB_H 1
| #define HAVE_STRING_H 1
| #define HAVE_INTTYPES_H 1
| #define HAVE_STDINT_H 1
| #define HAVE_STRINGS_H 1
| #define HAVE_SYS_STAT_H 1
| #define HAVE_SYS_TYPES_H 1
| #define HAVE_UNISTD_H 1
| #define HAVE_WCHAR_H 1
| #define HAVE_SYS_TIME_H 1
| #define HAVE_SYS_PARAM_H 1
| #define STDC_HEADERS 1
| #define _ALL_SOURCE 1
| #define _DARWIN_C_SOURCE 1
| #define _GNU_SOURCE 1
| #define _HPUX_ALT_XOPEN_SOCKET_API 1
| #define _NETBSD_SOURCE 1
| #define _OPENBSD_SOURCE 1
| #define _POSIX_PTHREAD_SEMANTICS 1
| #define __STDC_WANT_IEC_60559_ATTRIBS_EXT__ 1
| #define __STDC_WANT_IEC_60559_BFP_EXT__ 1
| #define __STDC_WANT_IEC_60559_DFP_EXT__ 1
| #define __STDC_WANT_IEC_60559_EXT__ 1
| #define __STDC_WANT_IEC_60559_FUNCS_EXT__ 1
| #define __STDC_WANT_IEC_60559_TYPES_EXT__ 1
| #define __STDC_WANT_LIB_EXT2__ 1
| #define __STDC_WANT_MATH_SPEC_FUNCS__ 1
| #define _TANDEM_SOURCE 1
| #define __EXTENSIONS__ 1
| #define HAVE_VISIBILITY_ATTRIBUTE 1
| #define HAVE_DLFCN_H 1
| #define LT_OBJDIR ".libs/"
| #define HAVE_LIBM 1
| #define HAVE_LIBDL 1
| #define HAVE_DIRENT_H 1
| #define HAVE_SYS_WAIT_H 1
| #define HAVE_DLFCN_H 1
| #define HAVE_FCNTL_H 1
| #define HAVE_GLOB_H 1
| #define HAVE_GRP_H 1
| #define HAVE_PWD_H 1
| #define HAVE_SCHED_H 1
| #define HAVE_STRINGS_H 1
| #define HAVE_SYS_RESOURCE_H 1
| #define HAVE_SYS_SELECT_H 1
| #define HAVE_SYS_SOCKET_H 1
| #define HAVE_SYS_STAT_H 1
| #define HAVE_SYS_TIME_H 1
| #define HAVE_SYS_TIMES_H 1
| #define HAVE_SYS_UTSNAME_H 1
| #define HAVE_UNISTD_H 1
| #define HAVE_UTIME_H 1
| #define HAVE_ARPA_INET_H 1
| #define HAVE_LANGINFO_H 1
| #define HAVE_NETDB_H 1
| #define HAVE_NETINET_IN_H 1
| #define HAVE_SYS_PARAM_H 1
| #define HAVE_STDALIGN_H 1
| #define HAVE_ERRNO_H 1
| #define HAVE_INTTYPES_H 1
| #define HAVE_LIMITS_H 1
| #define HAVE_LOCALE_H 1
| #define HAVE_STDARG_H 1
| #define HAVE_STDBOOL_H 1
| #define HAVE_STDINT_H 1
| #define HAVE_STRING_H 1
| #define HAVE_DECL_SIGSETJMP 1
| #define HAVE_DECL_SIGLONGJMP 1
| #define HAVE_POSIX_SETJMP 1
| #define HAVE_INT64_T 1
| #define HAVE_INT_FAST64_T 1
| #define HAVE_DECL_SIZE_MAX 1
| #define R_SOCKLEN_T socklen_t
| #define HAVE_STACK_T 1
| #define HAVE_INTPTR_T 1
| #define HAVE_UINTPTR_T 1
| #define R_INLINE inline
| #define SIZEOF_INT 4
| #define INT_32_BITS 1
| #define SIZEOF_LONG 8
| #define SIZEOF_LONG_LONG 8
| #define SIZEOF_DOUBLE 8
| #define SIZEOF_SIZE_T 8
| #define C_STACK_DIRECTION 1
| #define HAVE_LONG_DOUBLE 1
| #define SIZEOF_LONG_DOUBLE 8
| #define FC_FUNC(name,NAME) name ## _
| #define FC_FUNC_(name,NAME) name ## _
| #define HAVE_F77_UNDERSCORE 1
| #define HAVE_FORTRAN_DOUBLE_COMPLEX 1
| #define HAVE_NO_SYMBOL_UNDERSCORE 1
| #define FC_LEN_T size_t
| #define SHLIB_EXT ".so"
| /* end confdefs.h.  */
| 
| #ifndef _OPENMP
| #error "OpenMP not supported"
| #endif
| #include <omp.h>
| int main (void) { return omp_get_num_threads (); }
| 
configure:43583: g++ -std=gnu++20 -o conftest -g -O2 -xopenmp -I/opt/homebrew/include -L/opt/homebrew/lib conftest.cpp -ldl -lm  >&5
clang++: error: language not recognized: 'openmp'
configure:43583: $? = 1
configure: failed program was:
| /* confdefs.h */
| #define PACKAGE_NAME "R"
| #define PACKAGE_TARNAME "R"
| #define PACKAGE_VERSION "4.6.0"
| #define PACKAGE_STRING "R 4.6.0"
| #define PACKAGE_BUGREPORT "https://bugs.r-project.org"
| #define PACKAGE_URL "https://www.r-project.org"
| #define PACKAGE "R"
| #define VERSION "4.6.0"
| #define R_PLATFORM "aarch64-apple-darwin25.6.0"
| #define R_CPU "aarch64"
| #define R_VENDOR "apple"
| #define R_OS "darwin25.6.0"
| #define Unix 1
| #define R_ARCH ""
| #define HAVE_STDIO_H 1
| #define HAVE_STDLIB_H 1
| #define HAVE_STRING_H 1
| #define HAVE_INTTYPES_H 1
| #define HAVE_STDINT_H 1
| #define HAVE_STRINGS_H 1
| #define HAVE_SYS_STAT_H 1
| #define HAVE_SYS_TYPES_H 1
| #define HAVE_UNISTD_H 1
| #define HAVE_WCHAR_H 1
| #define HAVE_SYS_TIME_H 1
| #define HAVE_SYS_PARAM_H 1
| #define STDC_HEADERS 1
| #define _ALL_SOURCE 1
| #define _DARWIN_C_SOURCE 1
| #define _GNU_SOURCE 1
| #define _HPUX_ALT_XOPEN_SOCKET_API 1
| #define _NETBSD_SOURCE 1
| #define _OPENBSD_SOURCE 1
| #define _POSIX_PTHREAD_SEMANTICS 1
| #define __STDC_WANT_IEC_60559_ATTRIBS_EXT__ 1
| #define __STDC_WANT_IEC_60559_BFP_EXT__ 1
| #define __STDC_WANT_IEC_60559_DFP_EXT__ 1
| #define __STDC_WANT_IEC_60559_EXT__ 1
| #define __STDC_WANT_IEC_60559_FUNCS_EXT__ 1
| #define __STDC_WANT_IEC_60559_TYPES_EXT__ 1
| #define __STDC_WANT_LIB_EXT2__ 1
| #define __STDC_WANT_MATH_SPEC_FUNCS__ 1
| #define _TANDEM_SOURCE 1
| #define __EXTENSIONS__ 1
| #define HAVE_VISIBILITY_ATTRIBUTE 1
| #define HAVE_DLFCN_H 1
| #define LT_OBJDIR ".libs/"
| #define HAVE_LIBM 1
| #define HAVE_LIBDL 1
| #define HAVE_DIRENT_H 1
| #define HAVE_SYS_WAIT_H 1
| #define HAVE_DLFCN_H 1
| #define HAVE_FCNTL_H 1
| #define HAVE_GLOB_H 1
| #define HAVE_GRP_H 1
| #define HAVE_PWD_H 1
| #define HAVE_SCHED_H 1
| #define HAVE_STRINGS_H 1
| #define HAVE_SYS_RESOURCE_H 1
| #define HAVE_SYS_SELECT_H 1
| #define HAVE_SYS_SOCKET_H 1
| #define HAVE_SYS_STAT_H 1
| #define HAVE_SYS_TIME_H 1
| #define HAVE_SYS_TIMES_H 1
| #define HAVE_SYS_UTSNAME_H 1
| #define HAVE_UNISTD_H 1
| #define HAVE_UTIME_H 1
| #define HAVE_ARPA_INET_H 1
| #define HAVE_LANGINFO_H 1
| #define HAVE_NETDB_H 1
| #define HAVE_NETINET_IN_H 1
| #define HAVE_SYS_PARAM_H 1
| #define HAVE_STDALIGN_H 1
| #define HAVE_ERRNO_H 1
| #define HAVE_INTTYPES_H 1
| #define HAVE_LIMITS_H 1
| #define HAVE_LOCALE_H 1
| #define HAVE_STDARG_H 1
| #define HAVE_STDBOOL_H 1
| #define HAVE_STDINT_H 1
| #define HAVE_STRING_H 1
| #define HAVE_DECL_SIGSETJMP 1
| #define HAVE_DECL_SIGLONGJMP 1
| #define HAVE_POSIX_SETJMP 1
| #define HAVE_INT64_T 1
| #define HAVE_INT_FAST64_T 1
| #define HAVE_DECL_SIZE_MAX 1
| #define R_SOCKLEN_T socklen_t
| #define HAVE_STACK_T 1
| #define HAVE_INTPTR_T 1
| #define HAVE_UINTPTR_T 1
| #define R_INLINE inline
| #define SIZEOF_INT 4
| #define INT_32_BITS 1
| #define SIZEOF_LONG 8
| #define SIZEOF_LONG_LONG 8
| #define SIZEOF_DOUBLE 8
| #define SIZEOF_SIZE_T 8
| #define C_STACK_DIRECTION 1
| #define HAVE_LONG_DOUBLE 1
| #define SIZEOF_LONG_DOUBLE 8
| #define FC_FUNC(name,NAME) name ## _
| #define FC_FUNC_(name,NAME) name ## _
| #define HAVE_F77_UNDERSCORE 1
| #define HAVE_FORTRAN_DOUBLE_COMPLEX 1
| #define HAVE_NO_SYMBOL_UNDERSCORE 1
| #define FC_LEN_T size_t
| #define SHLIB_EXT ".so"
| /* end confdefs.h.  */
| 
| #ifndef _OPENMP
| #error "OpenMP not supported"
| #endif
| #include <omp.h>
| int main (void) { return omp_get_num_threads (); }
| 
configure:43583: g++ -std=gnu++20 -o conftest -g -O2 -fiopenmp -I/opt/homebrew/include -L/opt/homebrew/lib conftest.cpp -ldl -lm  >&5
clang++: error: unknown argument '-fiopenmp'; did you mean '-fopenmp'?
configure:43583: $? = 1
configure: failed program was:
| /* confdefs.h */
| #define PACKAGE_NAME "R"
| #define PACKAGE_TARNAME "R"
| #define PACKAGE_VERSION "4.6.0"
| #define PACKAGE_STRING "R 4.6.0"
| #define PACKAGE_BUGREPORT "https://bugs.r-project.org"
| #define PACKAGE_URL "https://www.r-project.org"
| #define PACKAGE "R"
| #define VERSION "4.6.0"
| #define R_PLATFORM "aarch64-apple-darwin25.6.0"
| #define R_CPU "aarch64"
| #define R_VENDOR "apple"
| #define R_OS "darwin25.6.0"
| #define Unix 1
| #define R_ARCH ""
| #define HAVE_STDIO_H 1
| #define HAVE_STDLIB_H 1
| #define HAVE_STRING_H 1
| #define HAVE_INTTYPES_H 1
| #define HAVE_STDINT_H 1
| #define HAVE_STRINGS_H 1
| #define HAVE_SYS_STAT_H 1
| #define HAVE_SYS_TYPES_H 1
| #define HAVE_UNISTD_H 1
| #define HAVE_WCHAR_H 1
| #define HAVE_SYS_TIME_H 1
| #define HAVE_SYS_PARAM_H 1
| #define STDC_HEADERS 1
| #define _ALL_SOURCE 1
| #define _DARWIN_C_SOURCE 1
| #define _GNU_SOURCE 1
| #define _HPUX_ALT_XOPEN_SOCKET_API 1
| #define _NETBSD_SOURCE 1
| #define _OPENBSD_SOURCE 1
| #define _POSIX_PTHREAD_SEMANTICS 1
| #define __STDC_WANT_IEC_60559_ATTRIBS_EXT__ 1
| #define __STDC_WANT_IEC_60559_BFP_EXT__ 1
| #define __STDC_WANT_IEC_60559_DFP_EXT__ 1
| #define __STDC_WANT_IEC_60559_EXT__ 1
| #define __STDC_WANT_IEC_60559_FUNCS_EXT__ 1
| #define __STDC_WANT_IEC_60559_TYPES_EXT__ 1
| #define __STDC_WANT_LIB_EXT2__ 1
| #define __STDC_WANT_MATH_SPEC_FUNCS__ 1
| #define _TANDEM_SOURCE 1
| #define __EXTENSIONS__ 1
| #define HAVE_VISIBILITY_ATTRIBUTE 1
| #define HAVE_DLFCN_H 1
| #define LT_OBJDIR ".libs/"
| #define HAVE_LIBM 1
| #define HAVE_LIBDL 1
| #define HAVE_DIRENT_H 1
| #define HAVE_SYS_WAIT_H 1
| #define HAVE_DLFCN_H 1
| #define HAVE_FCNTL_H 1
| #define HAVE_GLOB_H 1
| #define HAVE_GRP_H 1
| #define HAVE_PWD_H 1
| #define HAVE_SCHED_H 1
| #define HAVE_STRINGS_H 1
| #define HAVE_SYS_RESOURCE_H 1
| #define HAVE_SYS_SELECT_H 1
| #define HAVE_SYS_SOCKET_H 1
| #define HAVE_SYS_STAT_H 1
| #define HAVE_SYS_TIME_H 1
| #define HAVE_SYS_TIMES_H 1
| #define HAVE_SYS_UTSNAME_H 1
| #define HAVE_UNISTD_H 1
| #define HAVE_UTIME_H 1
| #define HAVE_ARPA_INET_H 1
| #define HAVE_LANGINFO_H 1
| #define HAVE_NETDB_H 1
| #define HAVE_NETINET_IN_H 1
| #define HAVE_SYS_PARAM_H 1
| #define HAVE_STDALIGN_H 1
| #define HAVE_ERRNO_H 1
| #define HAVE_INTTYPES_H 1
| #define HAVE_LIMITS_H 1
| #define HAVE_LOCALE_H 1
| #define HAVE_STDARG_H 1
| #define HAVE_STDBOOL_H 1
| #define HAVE_STDINT_H 1
| #define HAVE_STRING_H 1
| #define HAVE_DECL_SIGSETJMP 1
| #define HAVE_DECL_SIGLONGJMP 1
| #define HAVE_POSIX_SETJMP 1
| #define HAVE_INT64_T 1
| #define HAVE_INT_FAST64_T 1
| #define HAVE_DECL_SIZE_MAX 1
| #define R_SOCKLEN_T socklen_t
| #define HAVE_STACK_T 1
| #define HAVE_INTPTR_T 1
| #define HAVE_UINTPTR_T 1
| #define R_INLINE inline
| #define SIZEOF_INT 4
| #define INT_32_BITS 1
| #define SIZEOF_LONG 8
| #define SIZEOF_LONG_LONG 8
| #define SIZEOF_DOUBLE 8
| #define SIZEOF_SIZE_T 8
| #define C_STACK_DIRECTION 1
| #define HAVE_LONG_DOUBLE 1
| #define SIZEOF_LONG_DOUBLE 8
| #define FC_FUNC(name,NAME) name ## _
| #define FC_FUNC_(name,NAME) name ## _
| #define HAVE_F77_UNDERSCORE 1
| #define HAVE_FORTRAN_DOUBLE_COMPLEX 1
| #define HAVE_NO_SYMBOL_UNDERSCORE 1
| #define FC_LEN_T size_t
| #define SHLIB_EXT ".so"
| /* end confdefs.h.  */
| 
| #ifndef _OPENMP
| #error "OpenMP not supported"
| #endif
| #include <omp.h>
| int main (void) { return omp_get_num_threads (); }
| 
configure:43583: g++ -std=gnu++20 -o conftest -g -O2 -fopenmp -I/opt/homebrew/include -L/opt/homebrew/lib conftest.cpp -ldl -lm  >&5
clang++: error: unsupported option '-fopenmp'
clang++: error: unsupported option '-fopenmp'
configure:43583: $? = 1
configure: failed program was:
| /* confdefs.h */
| #define PACKAGE_NAME "R"
| #define PACKAGE_TARNAME "R"
| #define PACKAGE_VERSION "4.6.0"
| #define PACKAGE_STRING "R 4.6.0"
| #define PACKAGE_BUGREPORT "https://bugs.r-project.org"
| #define PACKAGE_URL "https://www.r-project.org"
| #define PACKAGE "R"
| #define VERSION "4.6.0"
| #define R_PLATFORM "aarch64-apple-darwin25.6.0"
| #define R_CPU "aarch64"
| #define R_VENDOR "apple"
| #define R_OS "darwin25.6.0"
| #define Unix 1
| #define R_ARCH ""
| #define HAVE_STDIO_H 1
| #define HAVE_STDLIB_H 1
| #define HAVE_STRING_H 1
| #define HAVE_INTTYPES_H 1
| #define HAVE_STDINT_H 1
| #define HAVE_STRINGS_H 1
| #define HAVE_SYS_STAT_H 1
| #define HAVE_SYS_TYPES_H 1
| #define HAVE_UNISTD_H 1
| #define HAVE_WCHAR_H 1
| #define HAVE_SYS_TIME_H 1
| #define HAVE_SYS_PARAM_H 1
| #define STDC_HEADERS 1
| #define _ALL_SOURCE 1
| #define _DARWIN_C_SOURCE 1
| #define _GNU_SOURCE 1
| #define _HPUX_ALT_XOPEN_SOCKET_API 1
| #define _NETBSD_SOURCE 1
| #define _OPENBSD_SOURCE 1
| #define _POSIX_PTHREAD_SEMANTICS 1
| #define __STDC_WANT_IEC_60559_ATTRIBS_EXT__ 1
| #define __STDC_WANT_IEC_60559_BFP_EXT__ 1
| #define __STDC_WANT_IEC_60559_DFP_EXT__ 1
| #define __STDC_WANT_IEC_60559_EXT__ 1
| #define __STDC_WANT_IEC_60559_FUNCS_EXT__ 1
| #define __STDC_WANT_IEC_60559_TYPES_EXT__ 1
| #define __STDC_WANT_LIB_EXT2__ 1
| #define __STDC_WANT_MATH_SPEC_FUNCS__ 1
| #define _TANDEM_SOURCE 1
| #define __EXTENSIONS__ 1
| #define HAVE_VISIBILITY_ATTRIBUTE 1
| #define HAVE_DLFCN_H 1
| #define LT_OBJDIR ".libs/"
| #define HAVE_LIBM 1
| #define HAVE_LIBDL 1
| #define HAVE_DIRENT_H 1
| #define HAVE_SYS_WAIT_H 1
| #define HAVE_DLFCN_H 1
| #define HAVE_FCNTL_H 1
| #define HAVE_GLOB_H 1
| #define HAVE_GRP_H 1
| #define HAVE_PWD_H 1
| #define HAVE_SCHED_H 1
| #define HAVE_STRINGS_H 1
| #define HAVE_SYS_RESOURCE_H 1
| #define HAVE_SYS_SELECT_H 1
| #define HAVE_SYS_SOCKET_H 1
| #define HAVE_SYS_STAT_H 1
| #define HAVE_SYS_TIME_H 1
| #define HAVE_SYS_TIMES_H 1
| #define HAVE_SYS_UTSNAME_H 1
| #define HAVE_UNISTD_H 1
| #define HAVE_UTIME_H 1
| #define HAVE_ARPA_INET_H 1
| #define HAVE_LANGINFO_H 1
| #define HAVE_NETDB_H 1
| #define HAVE_NETINET_IN_H 1
| #define HAVE_SYS_PARAM_H 1
| #define HAVE_STDALIGN_H 1
| #define HAVE_ERRNO_H 1
| #define HAVE_INTTYPES_H 1
| #define HAVE_LIMITS_H 1
| #define HAVE_LOCALE_H 1
| #define HAVE_STDARG_H 1
| #define HAVE_STDBOOL_H 1
| #define HAVE_STDINT_H 1
| #define HAVE_STRING_H 1
| #define HAVE_DECL_SIGSETJMP 1
| #define HAVE_DECL_SIGLONGJMP 1
| #define HAVE_POSIX_SETJMP 1
| #define HAVE_INT64_T 1
| #define HAVE_INT_FAST64_T 1
| #define HAVE_DECL_SIZE_MAX 1
| #define R_SOCKLEN_T socklen_t
| #define HAVE_STACK_T 1
| #define HAVE_INTPTR_T 1
| #define HAVE_UINTPTR_T 1
| #define R_INLINE inline
| #define SIZEOF_INT 4
| #define INT_32_BITS 1
| #define SIZEOF_LONG 8
| #define SIZEOF_LONG_LONG 8
| #define SIZEOF_DOUBLE 8
| #define SIZEOF_SIZE_T 8
| #define C_STACK_DIRECTION 1
| #define HAVE_LONG_DOUBLE 1
| #define SIZEOF_LONG_DOUBLE 8
| #define FC_FUNC(name,NAME) name ## _
| #define FC_FUNC_(name,NAME) name ## _
| #define HAVE_F77_UNDERSCORE 1
| #define HAVE_FORTRAN_DOUBLE_COMPLEX 1
| #define HAVE_NO_SYMBOL_UNDERSCORE 1
| #define FC_LEN_T size_t
| #define SHLIB_EXT ".so"
| /* end confdefs.h.  */
| 
| #ifndef _OPENMP
| #error "OpenMP not supported"
| #endif
| #include <omp.h>
| int main (void) { return omp_get_num_threads (); }
| 
configure:43583: g++ -std=gnu++20 -o conftest -g -O2 -qopenmp -I/opt/homebrew/include -L/opt/homebrew/lib conftest.cpp -ldl -lm  >&5
clang++: error: unknown argument '-qopenmp'; did you mean '-fopenmp'?
configure:43583: $? = 1
configure: failed program was:
| /* confdefs.h */
| #define PACKAGE_NAME "R"
| #define PACKAGE_TARNAME "R"
| #define PACKAGE_VERSION "4.6.0"
| #define PACKAGE_STRING "R 4.6.0"
| #define PACKAGE_BUGREPORT "https://bugs.r-project.org"
| #define PACKAGE_URL "https://www.r-project.org"
| #define PACKAGE "R"
| #define VERSION "4.6.0"
| #define R_PLATFORM "aarch64-apple-darwin25.6.0"
| #define R_CPU "aarch64"
| #define R_VENDOR "apple"
| #define R_OS "darwin25.6.0"
| #define Unix 1
| #define R_ARCH ""
| #define HAVE_STDIO_H 1
| #define HAVE_STDLIB_H 1
| #define HAVE_STRING_H 1
| #define HAVE_INTTYPES_H 1
| #define HAVE_STDINT_H 1
| #define HAVE_STRINGS_H 1
| #define HAVE_SYS_STAT_H 1
| #define HAVE_SYS_TYPES_H 1
| #define HAVE_UNISTD_H 1
| #define HAVE_WCHAR_H 1
| #define HAVE_SYS_TIME_H 1
| #define HAVE_SYS_PARAM_H 1
| #define STDC_HEADERS 1
| #define _ALL_SOURCE 1
| #define _DARWIN_C_SOURCE 1
| #define _GNU_SOURCE 1
| #define _HPUX_ALT_XOPEN_SOCKET_API 1
| #define _NETBSD_SOURCE 1
| #define _OPENBSD_SOURCE 1
| #define _POSIX_PTHREAD_SEMANTICS 1
| #define __STDC_WANT_IEC_60559_ATTRIBS_EXT__ 1
| #define __STDC_WANT_IEC_60559_BFP_EXT__ 1
| #define __STDC_WANT_IEC_60559_DFP_EXT__ 1
| #define __STDC_WANT_IEC_60559_EXT__ 1
| #define __STDC_WANT_IEC_60559_FUNCS_EXT__ 1
| #define __STDC_WANT_IEC_60559_TYPES_EXT__ 1
| #define __STDC_WANT_LIB_EXT2__ 1
| #define __STDC_WANT_MATH_SPEC_FUNCS__ 1
| #define _TANDEM_SOURCE 1
| #define __EXTENSIONS__ 1
| #define HAVE_VISIBILITY_ATTRIBUTE 1
| #define HAVE_DLFCN_H 1
| #define LT_OBJDIR ".libs/"
| #define HAVE_LIBM 1
| #define HAVE_LIBDL 1
| #define HAVE_DIRENT_H 1
| #define HAVE_SYS_WAIT_H 1
| #define HAVE_DLFCN_H 1
| #define HAVE_FCNTL_H 1
| #define HAVE_GLOB_H 1
| #define HAVE_GRP_H 1
| #define HAVE_PWD_H 1
| #define HAVE_SCHED_H 1
| #define HAVE_STRINGS_H 1
| #define HAVE_SYS_RESOURCE_H 1
| #define HAVE_SYS_SELECT_H 1
| #define HAVE_SYS_SOCKET_H 1
| #define HAVE_SYS_STAT_H 1
| #define HAVE_SYS_TIME_H 1
| #define HAVE_SYS_TIMES_H 1
| #define HAVE_SYS_UTSNAME_H 1
| #define HAVE_UNISTD_H 1
| #define HAVE_UTIME_H 1
| #define HAVE_ARPA_INET_H 1
| #define HAVE_LANGINFO_H 1
| #define HAVE_NETDB_H 1
| #define HAVE_NETINET_IN_H 1
| #define HAVE_SYS_PARAM_H 1
| #define HAVE_STDALIGN_H 1
| #define HAVE_ERRNO_H 1
| #define HAVE_INTTYPES_H 1
| #define HAVE_LIMITS_H 1
| #define HAVE_LOCALE_H 1
| #define HAVE_STDARG_H 1
| #define HAVE_STDBOOL_H 1
| #define HAVE_STDINT_H 1
| #define HAVE_STRING_H 1
| #define HAVE_DECL_SIGSETJMP 1
| #define HAVE_DECL_SIGLONGJMP 1
| #define HAVE_POSIX_SETJMP 1
| #define HAVE_INT64_T 1
| #define HAVE_INT_FAST64_T 1
| #define HAVE_DECL_SIZE_MAX 1
| #define R_SOCKLEN_T socklen_t
| #define HAVE_STACK_T 1
| #define HAVE_INTPTR_T 1
| #define HAVE_UINTPTR_T 1
| #define R_INLINE inline
| #define SIZEOF_INT 4
| #define INT_32_BITS 1
| #define SIZEOF_LONG 8
| #define SIZEOF_LONG_LONG 8
| #define SIZEOF_DOUBLE 8
| #define SIZEOF_SIZE_T 8
| #define C_STACK_DIRECTION 1
| #define HAVE_LONG_DOUBLE 1
| #define SIZEOF_LONG_DOUBLE 8
| #define FC_FUNC(name,NAME) name ## _
| #define FC_FUNC_(name,NAME) name ## _
| #define HAVE_F77_UNDERSCORE 1
| #define HAVE_FORTRAN_DOUBLE_COMPLEX 1
| #define HAVE_NO_SYMBOL_UNDERSCORE 1
| #define FC_LEN_T size_t
| #define SHLIB_EXT ".so"
| /* end confdefs.h.  */
| 
| #ifndef _OPENMP
| #error "OpenMP not supported"
| #endif
| #include <omp.h>
| int main (void) { return omp_get_num_threads (); }
| 
configure:43583: g++ -std=gnu++20 -o conftest -g -O2 -openmp -I/opt/homebrew/include -L/opt/homebrew/lib conftest.cpp -ldl -lm  >&5
conftest.cpp:113:2: error: "OpenMP not supported"
  113 | #error "OpenMP not supported"
      |  ^
conftest.cpp:115:10: fatal error: 'omp.h' file not found
  115 | #include <omp.h>
      |          ^~~~~~~
2 errors generated.
configure:43583: $? = 1
configure: failed program was:
| /* confdefs.h */
| #define PACKAGE_NAME "R"
| #define PACKAGE_TARNAME "R"
| #define PACKAGE_VERSION "4.6.0"
| #define PACKAGE_STRING "R 4.6.0"
| #define PACKAGE_BUGREPORT "https://bugs.r-project.org"
| #define PACKAGE_URL "https://www.r-project.org"
| #define PACKAGE "R"
| #define VERSION "4.6.0"
| #define R_PLATFORM "aarch64-apple-darwin25.6.0"
| #define R_CPU "aarch64"
| #define R_VENDOR "apple"
| #define R_OS "darwin25.6.0"
| #define Unix 1
| #define R_ARCH ""
| #define HAVE_STDIO_H 1
| #define HAVE_STDLIB_H 1
| #define HAVE_STRING_H 1
| #define HAVE_INTTYPES_H 1
| #define HAVE_STDINT_H 1
| #define HAVE_STRINGS_H 1
| #define HAVE_SYS_STAT_H 1
| #define HAVE_SYS_TYPES_H 1
| #define HAVE_UNISTD_H 1
| #define HAVE_WCHAR_H 1
| #define HAVE_SYS_TIME_H 1
| #define HAVE_SYS_PARAM_H 1
| #define STDC_HEADERS 1
| #define _ALL_SOURCE 1
| #define _DARWIN_C_SOURCE 1
| #define _GNU_SOURCE 1
| #define _HPUX_ALT_XOPEN_SOCKET_API 1
| #define _NETBSD_SOURCE 1
| #define _OPENBSD_SOURCE 1
| #define _POSIX_PTHREAD_SEMANTICS 1
| #define __STDC_WANT_IEC_60559_ATTRIBS_EXT__ 1
| #define __STDC_WANT_IEC_60559_BFP_EXT__ 1
| #define __STDC_WANT_IEC_60559_DFP_EXT__ 1
| #define __STDC_WANT_IEC_60559_EXT__ 1
| #define __STDC_WANT_IEC_60559_FUNCS_EXT__ 1
| #define __STDC_WANT_IEC_60559_TYPES_EXT__ 1
| #define __STDC_WANT_LIB_EXT2__ 1
| #define __STDC_WANT_MATH_SPEC_FUNCS__ 1
| #define _TANDEM_SOURCE 1
| #define __EXTENSIONS__ 1
| #define HAVE_VISIBILITY_ATTRIBUTE 1
| #define HAVE_DLFCN_H 1
| #define LT_OBJDIR ".libs/"
| #define HAVE_LIBM 1
| #define HAVE_LIBDL 1
| #define HAVE_DIRENT_H 1
| #define HAVE_SYS_WAIT_H 1
| #define HAVE_DLFCN_H 1
| #define HAVE_FCNTL_H 1
| #define HAVE_GLOB_H 1
| #define HAVE_GRP_H 1
| #define HAVE_PWD_H 1
| #define HAVE_SCHED_H 1
| #define HAVE_STRINGS_H 1
| #define HAVE_SYS_RESOURCE_H 1
| #define HAVE_SYS_SELECT_H 1
| #define HAVE_SYS_SOCKET_H 1
| #define HAVE_SYS_STAT_H 1
| #define HAVE_SYS_TIME_H 1
| #define HAVE_SYS_TIMES_H 1
| #define HAVE_SYS_UTSNAME_H 1
| #define HAVE_UNISTD_H 1
| #define HAVE_UTIME_H 1
| #define HAVE_ARPA_INET_H 1
| #define HAVE_LANGINFO_H 1
| #define HAVE_NETDB_H 1
| #define HAVE_NETINET_IN_H 1
| #define HAVE_SYS_PARAM_H 1
| #define HAVE_STDALIGN_H 1
| #define HAVE_ERRNO_H 1
| #define HAVE_INTTYPES_H 1
| #define HAVE_LIMITS_H 1
| #define HAVE_LOCALE_H 1
| #define HAVE_STDARG_H 1
| #define HAVE_STDBOOL_H 1
| #define HAVE_STDINT_H 1
| #define HAVE_STRING_H 1
| #define HAVE_DECL_SIGSETJMP 1
| #define HAVE_DECL_SIGLONGJMP 1
| #define HAVE_POSIX_SETJMP 1
| #define HAVE_INT64_T 1
| #define HAVE_INT_FAST64_T 1
| #define HAVE_DECL_SIZE_MAX 1
| #define R_SOCKLEN_T socklen_t
| #define HAVE_STACK_T 1
| #define HAVE_INTPTR_T 1
| #define HAVE_UINTPTR_T 1
| #define R_INLINE inline
| #define SIZEOF_INT 4
| #define INT_32_BITS 1
| #define SIZEOF_LONG 8
| #define SIZEOF_LONG_LONG 8
| #define SIZEOF_DOUBLE 8
| #define SIZEOF_SIZE_T 8
| #define C_STACK_DIRECTION 1
| #define HAVE_LONG_DOUBLE 1
| #define SIZEOF_LONG_DOUBLE 8
| #define FC_FUNC(name,NAME) name ## _
| #define FC_FUNC_(name,NAME) name ## _
| #define HAVE_F77_UNDERSCORE 1
| #define HAVE_FORTRAN_DOUBLE_COMPLEX 1
| #define HAVE_NO_SYMBOL_UNDERSCORE 1
| #define FC_LEN_T size_t
| #define SHLIB_EXT ".so"
| /* end confdefs.h.  */
| 
| #ifndef _OPENMP
| #error "OpenMP not supported"
| #endif
| #include <omp.h>
| int main (void) { return omp_get_num_threads (); }
| 
configure:43583: g++ -std=gnu++20 -o conftest -g -O2 -mp -I/opt/homebrew/include -L/opt/homebrew/lib conftest.cpp -ldl -lm  >&5
clang++: error: unknown argument: '-mp'
configure:43583: $? = 1
configure: failed program was:
| /* confdefs.h */
| #define PACKAGE_NAME "R"
| #define PACKAGE_TARNAME "R"
| #define PACKAGE_VERSION "4.6.0"
| #define PACKAGE_STRING "R 4.6.0"
| #define PACKAGE_BUGREPORT "https://bugs.r-project.org"
| #define PACKAGE_URL "https://www.r-project.org"
| #define PACKAGE "R"
| #define VERSION "4.6.0"
| #define R_PLATFORM "aarch64-apple-darwin25.6.0"
| #define R_CPU "aarch64"
| #define R_VENDOR "apple"
| #define R_OS "darwin25.6.0"
| #define Unix 1
| #define R_ARCH ""
| #define HAVE_STDIO_H 1
| #define HAVE_STDLIB_H 1
| #define HAVE_STRING_H 1
| #define HAVE_INTTYPES_H 1
| #define HAVE_STDINT_H 1
| #define HAVE_STRINGS_H 1
| #define HAVE_SYS_STAT_H 1
| #define HAVE_SYS_TYPES_H 1
| #define HAVE_UNISTD_H 1
| #define HAVE_WCHAR_H 1
| #define HAVE_SYS_TIME_H 1
| #define HAVE_SYS_PARAM_H 1
| #define STDC_HEADERS 1
| #define _ALL_SOURCE 1
| #define _DARWIN_C_SOURCE 1
| #define _GNU_SOURCE 1
| #define _HPUX_ALT_XOPEN_SOCKET_API 1
| #define _NETBSD_SOURCE 1
| #define _OPENBSD_SOURCE 1
| #define _POSIX_PTHREAD_SEMANTICS 1
| #define __STDC_WANT_IEC_60559_ATTRIBS_EXT__ 1
| #define __STDC_WANT_IEC_60559_BFP_EXT__ 1
| #define __STDC_WANT_IEC_60559_DFP_EXT__ 1
| #define __STDC_WANT_IEC_60559_EXT__ 1
| #define __STDC_WANT_IEC_60559_FUNCS_EXT__ 1
| #define __STDC_WANT_IEC_60559_TYPES_EXT__ 1
| #define __STDC_WANT_LIB_EXT2__ 1
| #define __STDC_WANT_MATH_SPEC_FUNCS__ 1
| #define _TANDEM_SOURCE 1
| #define __EXTENSIONS__ 1
| #define HAVE_VISIBILITY_ATTRIBUTE 1
| #define HAVE_DLFCN_H 1
| #define LT_OBJDIR ".libs/"
| #define HAVE_LIBM 1
| #define HAVE_LIBDL 1
| #define HAVE_DIRENT_H 1
| #define HAVE_SYS_WAIT_H 1
| #define HAVE_DLFCN_H 1
| #define HAVE_FCNTL_H 1
| #define HAVE_GLOB_H 1
| #define HAVE_GRP_H 1
| #define HAVE_PWD_H 1
| #define HAVE_SCHED_H 1
| #define HAVE_STRINGS_H 1
| #define HAVE_SYS_RESOURCE_H 1
| #define HAVE_SYS_SELECT_H 1
| #define HAVE_SYS_SOCKET_H 1
| #define HAVE_SYS_STAT_H 1
| #define HAVE_SYS_TIME_H 1
| #define HAVE_SYS_TIMES_H 1
| #define HAVE_SYS_UTSNAME_H 1
| #define HAVE_UNISTD_H 1
| #define HAVE_UTIME_H 1
| #define HAVE_ARPA_INET_H 1
| #define HAVE_LANGINFO_H 1
| #define HAVE_NETDB_H 1
| #define HAVE_NETINET_IN_H 1
| #define HAVE_SYS_PARAM_H 1
| #define HAVE_STDALIGN_H 1
| #define HAVE_ERRNO_H 1
| #define HAVE_INTTYPES_H 1
| #define HAVE_LIMITS_H 1
| #define HAVE_LOCALE_H 1
| #define HAVE_STDARG_H 1
| #define HAVE_STDBOOL_H 1
| #define HAVE_STDINT_H 1
| #define HAVE_STRING_H 1
| #define HAVE_DECL_SIGSETJMP 1
| #define HAVE_DECL_SIGLONGJMP 1
| #define HAVE_POSIX_SETJMP 1
| #define HAVE_INT64_T 1
| #define HAVE_INT_FAST64_T 1
| #define HAVE_DECL_SIZE_MAX 1
| #define R_SOCKLEN_T socklen_t
| #define HAVE_STACK_T 1
| #define HAVE_INTPTR_T 1
| #define HAVE_UINTPTR_T 1
| #define R_INLINE inline
| #define SIZEOF_INT 4
| #define INT_32_BITS 1
| #define SIZEOF_LONG 8
| #define SIZEOF_LONG_LONG 8
| #define SIZEOF_DOUBLE 8
| #define SIZEOF_SIZE_T 8
| #define C_STACK_DIRECTION 1
| #define HAVE_LONG_DOUBLE 1
| #define SIZEOF_LONG_DOUBLE 8
| #define FC_FUNC(name,NAME) name ## _
| #define FC_FUNC_(name,NAME) name ## _
| #define HAVE_F77_UNDERSCORE 1
| #define HAVE_FORTRAN_DOUBLE_COMPLEX 1
| #define HAVE_NO_SYMBOL_UNDERSCORE 1
| #define FC_LEN_T size_t
| #define SHLIB_EXT ".so"
| /* end confdefs.h.  */
| 
| #ifndef _OPENMP
| #error "OpenMP not supported"
| #endif
| #include <omp.h>
| int main (void) { return omp_get_num_threads (); }
| 
configure:43583: g++ -std=gnu++20 -o conftest -g -O2 -omp -I/opt/homebrew/include -L/opt/homebrew/lib conftest.cpp -ldl -lm  >&5
conftest.cpp:113:2: error: "OpenMP not supported"
  113 | #error "OpenMP not supported"
      |  ^
conftest.cpp:115:10: fatal error: 'omp.h' file not found
  115 | #include <omp.h>
      |          ^~~~~~~
2 errors generated.
configure:43583: $? = 1
configure: failed program was:
| /* confdefs.h */
| #define PACKAGE_NAME "R"
| #define PACKAGE_TARNAME "R"
| #define PACKAGE_VERSION "4.6.0"
| #define PACKAGE_STRING "R 4.6.0"
| #define PACKAGE_BUGREPORT "https://bugs.r-project.org"
| #define PACKAGE_URL "https://www.r-project.org"
| #define PACKAGE "R"
| #define VERSION "4.6.0"
| #define R_PLATFORM "aarch64-apple-darwin25.6.0"
| #define R_CPU "aarch64"
| #define R_VENDOR "apple"
| #define R_OS "darwin25.6.0"
| #define Unix 1
| #define R_ARCH ""
| #define HAVE_STDIO_H 1
| #define HAVE_STDLIB_H 1
| #define HAVE_STRING_H 1
| #define HAVE_INTTYPES_H 1
| #define HAVE_STDINT_H 1
| #define HAVE_STRINGS_H 1
| #define HAVE_SYS_STAT_H 1
| #define HAVE_SYS_TYPES_H 1
| #define HAVE_UNISTD_H 1
| #define HAVE_WCHAR_H 1
| #define HAVE_SYS_TIME_H 1
| #define HAVE_SYS_PARAM_H 1
| #define STDC_HEADERS 1
| #define _ALL_SOURCE 1
| #define _DARWIN_C_SOURCE 1
| #define _GNU_SOURCE 1
| #define _HPUX_ALT_XOPEN_SOCKET_API 1
| #define _NETBSD_SOURCE 1
| #define _OPENBSD_SOURCE 1
| #define _POSIX_PTHREAD_SEMANTICS 1
| #define __STDC_WANT_IEC_60559_ATTRIBS_EXT__ 1
| #define __STDC_WANT_IEC_60559_BFP_EXT__ 1
| #define __STDC_WANT_IEC_60559_DFP_EXT__ 1
| #define __STDC_WANT_IEC_60559_EXT__ 1
| #define __STDC_WANT_IEC_60559_FUNCS_EXT__ 1
| #define __STDC_WANT_IEC_60559_TYPES_EXT__ 1
| #define __STDC_WANT_LIB_EXT2__ 1
| #define __STDC_WANT_MATH_SPEC_FUNCS__ 1
| #define _TANDEM_SOURCE 1
| #define __EXTENSIONS__ 1
| #define HAVE_VISIBILITY_ATTRIBUTE 1
| #define HAVE_DLFCN_H 1
| #define LT_OBJDIR ".libs/"
| #define HAVE_LIBM 1
| #define HAVE_LIBDL 1
| #define HAVE_DIRENT_H 1
| #define HAVE_SYS_WAIT_H 1
| #define HAVE_DLFCN_H 1
| #define HAVE_FCNTL_H 1
| #define HAVE_GLOB_H 1
| #define HAVE_GRP_H 1
| #define HAVE_PWD_H 1
| #define HAVE_SCHED_H 1
| #define HAVE_STRINGS_H 1
| #define HAVE_SYS_RESOURCE_H 1
| #define HAVE_SYS_SELECT_H 1
| #define HAVE_SYS_SOCKET_H 1
| #define HAVE_SYS_STAT_H 1
| #define HAVE_SYS_TIME_H 1
| #define HAVE_SYS_TIMES_H 1
| #define HAVE_SYS_UTSNAME_H 1
| #define HAVE_UNISTD_H 1
| #define HAVE_UTIME_H 1
| #define HAVE_ARPA_INET_H 1
| #define HAVE_LANGINFO_H 1
| #define HAVE_NETDB_H 1
| #define HAVE_NETINET_IN_H 1
| #define HAVE_SYS_PARAM_H 1
| #define HAVE_STDALIGN_H 1
| #define HAVE_ERRNO_H 1
| #define HAVE_INTTYPES_H 1
| #define HAVE_LIMITS_H 1
| #define HAVE_LOCALE_H 1
| #define HAVE_STDARG_H 1
| #define HAVE_STDBOOL_H 1
| #define HAVE_STDINT_H 1
| #define HAVE_STRING_H 1
| #define HAVE_DECL_SIGSETJMP 1
| #define HAVE_DECL_SIGLONGJMP 1
| #define HAVE_POSIX_SETJMP 1
| #define HAVE_INT64_T 1
| #define HAVE_INT_FAST64_T 1
| #define HAVE_DECL_SIZE_MAX 1
| #define R_SOCKLEN_T socklen_t
| #define HAVE_STACK_T 1
| #define HAVE_INTPTR_T 1
| #define HAVE_UINTPTR_T 1
| #define R_INLINE inline
| #define SIZEOF_INT 4
| #define INT_32_BITS 1
| #define SIZEOF_LONG 8
| #define SIZEOF_LONG_LONG 8
| #define SIZEOF_DOUBLE 8
| #define SIZEOF_SIZE_T 8
| #define C_STACK_DIRECTION 1
| #define HAVE_LONG_DOUBLE 1
| #define SIZEOF_LONG_DOUBLE 8
| #define FC_FUNC(name,NAME) name ## _
| #define FC_FUNC_(name,NAME) name ## _
| #define HAVE_F77_UNDERSCORE 1
| #define HAVE_FORTRAN_DOUBLE_COMPLEX 1
| #define HAVE_NO_SYMBOL_UNDERSCORE 1
| #define FC_LEN_T size_t
| #define SHLIB_EXT ".so"
| /* end confdefs.h.  */
| 
| #ifndef _OPENMP
| #error "OpenMP not supported"
| #endif
| #include <omp.h>
| int main (void) { return omp_get_num_threads (); }
| 
configure:43583: g++ -std=gnu++20 -o conftest -g -O2 -qsmp=omp -I/opt/homebrew/include -L/opt/homebrew/lib conftest.cpp -ldl -lm  >&5
clang++: error: unknown argument: '-qsmp=omp'
configure:43583: $? = 1
configure: failed program was:
| /* confdefs.h */
| #define PACKAGE_NAME "R"
| #define PACKAGE_TARNAME "R"
| #define PACKAGE_VERSION "4.6.0"
| #define PACKAGE_STRING "R 4.6.0"
| #define PACKAGE_BUGREPORT "https://bugs.r-project.org"
| #define PACKAGE_URL "https://www.r-project.org"
| #define PACKAGE "R"
| #define VERSION "4.6.0"
| #define R_PLATFORM "aarch64-apple-darwin25.6.0"
| #define R_CPU "aarch64"
| #define R_VENDOR "apple"
| #define R_OS "darwin25.6.0"
| #define Unix 1
| #define R_ARCH ""
| #define HAVE_STDIO_H 1
| #define HAVE_STDLIB_H 1
| #define HAVE_STRING_H 1
| #define HAVE_INTTYPES_H 1
| #define HAVE_STDINT_H 1
| #define HAVE_STRINGS_H 1
| #define HAVE_SYS_STAT_H 1
| #define HAVE_SYS_TYPES_H 1
| #define HAVE_UNISTD_H 1
| #define HAVE_WCHAR_H 1
| #define HAVE_SYS_TIME_H 1
| #define HAVE_SYS_PARAM_H 1
| #define STDC_HEADERS 1
| #define _ALL_SOURCE 1
| #define _DARWIN_C_SOURCE 1
| #define _GNU_SOURCE 1
| #define _HPUX_ALT_XOPEN_SOCKET_API 1
| #define _NETBSD_SOURCE 1
| #define _OPENBSD_SOURCE 1
| #define _POSIX_PTHREAD_SEMANTICS 1
| #define __STDC_WANT_IEC_60559_ATTRIBS_EXT__ 1
| #define __STDC_WANT_IEC_60559_BFP_EXT__ 1
| #define __STDC_WANT_IEC_60559_DFP_EXT__ 1
| #define __STDC_WANT_IEC_60559_EXT__ 1
| #define __STDC_WANT_IEC_60559_FUNCS_EXT__ 1
| #define __STDC_WANT_IEC_60559_TYPES_EXT__ 1
| #define __STDC_WANT_LIB_EXT2__ 1
| #define __STDC_WANT_MATH_SPEC_FUNCS__ 1
| #define _TANDEM_SOURCE 1
| #define __EXTENSIONS__ 1
| #define HAVE_VISIBILITY_ATTRIBUTE 1
| #define HAVE_DLFCN_H 1
| #define LT_OBJDIR ".libs/"
| #define HAVE_LIBM 1
| #define HAVE_LIBDL 1
| #define HAVE_DIRENT_H 1
| #define HAVE_SYS_WAIT_H 1
| #define HAVE_DLFCN_H 1
| #define HAVE_FCNTL_H 1
| #define HAVE_GLOB_H 1
| #define HAVE_GRP_H 1
| #define HAVE_PWD_H 1
| #define HAVE_SCHED_H 1
| #define HAVE_STRINGS_H 1
| #define HAVE_SYS_RESOURCE_H 1
| #define HAVE_SYS_SELECT_H 1
| #define HAVE_SYS_SOCKET_H 1
| #define HAVE_SYS_STAT_H 1
| #define HAVE_SYS_TIME_H 1
| #define HAVE_SYS_TIMES_H 1
| #define HAVE_SYS_UTSNAME_H 1
| #define HAVE_UNISTD_H 1
| #define HAVE_UTIME_H 1
| #define HAVE_ARPA_INET_H 1
| #define HAVE_LANGINFO_H 1
| #define HAVE_NETDB_H 1
| #define HAVE_NETINET_IN_H 1
| #define HAVE_SYS_PARAM_H 1
| #define HAVE_STDALIGN_H 1
| #define HAVE_ERRNO_H 1
| #define HAVE_INTTYPES_H 1
| #define HAVE_LIMITS_H 1
| #define HAVE_LOCALE_H 1
| #define HAVE_STDARG_H 1
| #define HAVE_STDBOOL_H 1
| #define HAVE_STDINT_H 1
| #define HAVE_STRING_H 1
| #define HAVE_DECL_SIGSETJMP 1
| #define HAVE_DECL_SIGLONGJMP 1
| #define HAVE_POSIX_SETJMP 1
| #define HAVE_INT64_T 1
| #define HAVE_INT_FAST64_T 1
| #define HAVE_DECL_SIZE_MAX 1
| #define R_SOCKLEN_T socklen_t
| #define HAVE_STACK_T 1
| #define HAVE_INTPTR_T 1
| #define HAVE_UINTPTR_T 1
| #define R_INLINE inline
| #define SIZEOF_INT 4
| #define INT_32_BITS 1
| #define SIZEOF_LONG 8
| #define SIZEOF_LONG_LONG 8
| #define SIZEOF_DOUBLE 8
| #define SIZEOF_SIZE_T 8
| #define C_STACK_DIRECTION 1
| #define HAVE_LONG_DOUBLE 1
| #define SIZEOF_LONG_DOUBLE 8
| #define FC_FUNC(name,NAME) name ## _
| #define FC_FUNC_(name,NAME) name ## _
| #define HAVE_F77_UNDERSCORE 1
| #define HAVE_FORTRAN_DOUBLE_COMPLEX 1
| #define HAVE_NO_SYMBOL_UNDERSCORE 1
| #define FC_LEN_T size_t
| #define SHLIB_EXT ".so"
| /* end confdefs.h.  */
| 
| #ifndef _OPENMP
| #error "OpenMP not supported"
| #endif
| #include <omp.h>
| int main (void) { return omp_get_num_threads (); }
| 
configure:43583: g++ -std=gnu++20 -o conftest -g -O2 -homp -I/opt/homebrew/include -L/opt/homebrew/lib conftest.cpp -ldl -lm  >&5
clang++: error: unknown argument: '-homp'
configure:43583: $? = 1
configure: failed program was:
| /* confdefs.h */
| #define PACKAGE_NAME "R"
| #define PACKAGE_TARNAME "R"
| #define PACKAGE_VERSION "4.6.0"
| #define PACKAGE_STRING "R 4.6.0"
| #define PACKAGE_BUGREPORT "https://bugs.r-project.org"
| #define PACKAGE_URL "https://www.r-project.org"
| #define PACKAGE "R"
| #define VERSION "4.6.0"
| #define R_PLATFORM "aarch64-apple-darwin25.6.0"
| #define R_CPU "aarch64"
| #define R_VENDOR "apple"
| #define R_OS "darwin25.6.0"
| #define Unix 1
| #define R_ARCH ""
| #define HAVE_STDIO_H 1
| #define HAVE_STDLIB_H 1
| #define HAVE_STRING_H 1
| #define HAVE_INTTYPES_H 1
| #define HAVE_STDINT_H 1
| #define HAVE_STRINGS_H 1
| #define HAVE_SYS_STAT_H 1
| #define HAVE_SYS_TYPES_H 1
| #define HAVE_UNISTD_H 1
| #define HAVE_WCHAR_H 1
| #define HAVE_SYS_TIME_H 1
| #define HAVE_SYS_PARAM_H 1
| #define STDC_HEADERS 1
| #define _ALL_SOURCE 1
| #define _DARWIN_C_SOURCE 1
| #define _GNU_SOURCE 1
| #define _HPUX_ALT_XOPEN_SOCKET_API 1
| #define _NETBSD_SOURCE 1
| #define _OPENBSD_SOURCE 1
| #define _POSIX_PTHREAD_SEMANTICS 1
| #define __STDC_WANT_IEC_60559_ATTRIBS_EXT__ 1
| #define __STDC_WANT_IEC_60559_BFP_EXT__ 1
| #define __STDC_WANT_IEC_60559_DFP_EXT__ 1
| #define __STDC_WANT_IEC_60559_EXT__ 1
| #define __STDC_WANT_IEC_60559_FUNCS_EXT__ 1
| #define __STDC_WANT_IEC_60559_TYPES_EXT__ 1
| #define __STDC_WANT_LIB_EXT2__ 1
| #define __STDC_WANT_MATH_SPEC_FUNCS__ 1
| #define _TANDEM_SOURCE 1
| #define __EXTENSIONS__ 1
| #define HAVE_VISIBILITY_ATTRIBUTE 1
| #define HAVE_DLFCN_H 1
| #define LT_OBJDIR ".libs/"
| #define HAVE_LIBM 1
| #define HAVE_LIBDL 1
| #define HAVE_DIRENT_H 1
| #define HAVE_SYS_WAIT_H 1
| #define HAVE_DLFCN_H 1
| #define HAVE_FCNTL_H 1
| #define HAVE_GLOB_H 1
| #define HAVE_GRP_H 1
| #define HAVE_PWD_H 1
| #define HAVE_SCHED_H 1
| #define HAVE_STRINGS_H 1
| #define HAVE_SYS_RESOURCE_H 1
| #define HAVE_SYS_SELECT_H 1
| #define HAVE_SYS_SOCKET_H 1
| #define HAVE_SYS_STAT_H 1
| #define HAVE_SYS_TIME_H 1
| #define HAVE_SYS_TIMES_H 1
| #define HAVE_SYS_UTSNAME_H 1
| #define HAVE_UNISTD_H 1
| #define HAVE_UTIME_H 1
| #define HAVE_ARPA_INET_H 1
| #define HAVE_LANGINFO_H 1
| #define HAVE_NETDB_H 1
| #define HAVE_NETINET_IN_H 1
| #define HAVE_SYS_PARAM_H 1
| #define HAVE_STDALIGN_H 1
| #define HAVE_ERRNO_H 1
| #define HAVE_INTTYPES_H 1
| #define HAVE_LIMITS_H 1
| #define HAVE_LOCALE_H 1
| #define HAVE_STDARG_H 1
| #define HAVE_STDBOOL_H 1
| #define HAVE_STDINT_H 1
| #define HAVE_STRING_H 1
| #define HAVE_DECL_SIGSETJMP 1
| #define HAVE_DECL_SIGLONGJMP 1
| #define HAVE_POSIX_SETJMP 1
| #define HAVE_INT64_T 1
| #define HAVE_INT_FAST64_T 1
| #define HAVE_DECL_SIZE_MAX 1
| #define R_SOCKLEN_T socklen_t
| #define HAVE_STACK_T 1
| #define HAVE_INTPTR_T 1
| #define HAVE_UINTPTR_T 1
| #define R_INLINE inline
| #define SIZEOF_INT 4
| #define INT_32_BITS 1
| #define SIZEOF_LONG 8
| #define SIZEOF_LONG_LONG 8
| #define SIZEOF_DOUBLE 8
| #define SIZEOF_SIZE_T 8
| #define C_STACK_DIRECTION 1
| #define HAVE_LONG_DOUBLE 1
| #define SIZEOF_LONG_DOUBLE 8
| #define FC_FUNC(name,NAME) name ## _
| #define FC_FUNC_(name,NAME) name ## _
| #define HAVE_F77_UNDERSCORE 1
| #define HAVE_FORTRAN_DOUBLE_COMPLEX 1
| #define HAVE_NO_SYMBOL_UNDERSCORE 1
| #define FC_LEN_T size_t
| #define SHLIB_EXT ".so"
| /* end confdefs.h.  */
| 
| #ifndef _OPENMP
| #error "OpenMP not supported"
| #endif
| #include <omp.h>
| int main (void) { return omp_get_num_threads (); }
| 
configure:43583: g++ -std=gnu++20 -o conftest -g -O2 -fopenmp=libomp -I/opt/homebrew/include -L/opt/homebrew/lib conftest.cpp -ldl -lm  >&5
clang++: error: unsupported argument 'libomp' to option '-fopenmp='
clang++: error: unsupported argument 'libomp' to option '-fopenmp='
configure:43583: $? = 1
configure: failed program was:
| /* confdefs.h */
| #define PACKAGE_NAME "R"
| #define PACKAGE_TARNAME "R"
| #define PACKAGE_VERSION "4.6.0"
| #define PACKAGE_STRING "R 4.6.0"
| #define PACKAGE_BUGREPORT "https://bugs.r-project.org"
| #define PACKAGE_URL "https://www.r-project.org"
| #define PACKAGE "R"
| #define VERSION "4.6.0"
| #define R_PLATFORM "aarch64-apple-darwin25.6.0"
| #define R_CPU "aarch64"
| #define R_VENDOR "apple"
| #define R_OS "darwin25.6.0"
| #define Unix 1
| #define R_ARCH ""
| #define HAVE_STDIO_H 1
| #define HAVE_STDLIB_H 1
| #define HAVE_STRING_H 1
| #define HAVE_INTTYPES_H 1
| #define HAVE_STDINT_H 1
| #define HAVE_STRINGS_H 1
| #define HAVE_SYS_STAT_H 1
| #define HAVE_SYS_TYPES_H 1
| #define HAVE_UNISTD_H 1
| #define HAVE_WCHAR_H 1
| #define HAVE_SYS_TIME_H 1
| #define HAVE_SYS_PARAM_H 1
| #define STDC_HEADERS 1
| #define _ALL_SOURCE 1
| #define _DARWIN_C_SOURCE 1
| #define _GNU_SOURCE 1
| #define _HPUX_ALT_XOPEN_SOCKET_API 1
| #define _NETBSD_SOURCE 1
| #define _OPENBSD_SOURCE 1
| #define _POSIX_PTHREAD_SEMANTICS 1
| #define __STDC_WANT_IEC_60559_ATTRIBS_EXT__ 1
| #define __STDC_WANT_IEC_60559_BFP_EXT__ 1
| #define __STDC_WANT_IEC_60559_DFP_EXT__ 1
| #define __STDC_WANT_IEC_60559_EXT__ 1
| #define __STDC_WANT_IEC_60559_FUNCS_EXT__ 1
| #define __STDC_WANT_IEC_60559_TYPES_EXT__ 1
| #define __STDC_WANT_LIB_EXT2__ 1
| #define __STDC_WANT_MATH_SPEC_FUNCS__ 1
| #define _TANDEM_SOURCE 1
| #define __EXTENSIONS__ 1
| #define HAVE_VISIBILITY_ATTRIBUTE 1
| #define HAVE_DLFCN_H 1
| #define LT_OBJDIR ".libs/"
| #define HAVE_LIBM 1
| #define HAVE_LIBDL 1
| #define HAVE_DIRENT_H 1
| #define HAVE_SYS_WAIT_H 1
| #define HAVE_DLFCN_H 1
| #define HAVE_FCNTL_H 1
| #define HAVE_GLOB_H 1
| #define HAVE_GRP_H 1
| #define HAVE_PWD_H 1
| #define HAVE_SCHED_H 1
| #define HAVE_STRINGS_H 1
| #define HAVE_SYS_RESOURCE_H 1
| #define HAVE_SYS_SELECT_H 1
| #define HAVE_SYS_SOCKET_H 1
| #define HAVE_SYS_STAT_H 1
| #define HAVE_SYS_TIME_H 1
| #define HAVE_SYS_TIMES_H 1
| #define HAVE_SYS_UTSNAME_H 1
| #define HAVE_UNISTD_H 1
| #define HAVE_UTIME_H 1
| #define HAVE_ARPA_INET_H 1
| #define HAVE_LANGINFO_H 1
| #define HAVE_NETDB_H 1
| #define HAVE_NETINET_IN_H 1
| #define HAVE_SYS_PARAM_H 1
| #define HAVE_STDALIGN_H 1
| #define HAVE_ERRNO_H 1
| #define HAVE_INTTYPES_H 1
| #define HAVE_LIMITS_H 1
| #define HAVE_LOCALE_H 1
| #define HAVE_STDARG_H 1
| #define HAVE_STDBOOL_H 1
| #define HAVE_STDINT_H 1
| #define HAVE_STRING_H 1
| #define HAVE_DECL_SIGSETJMP 1
| #define HAVE_DECL_SIGLONGJMP 1
| #define HAVE_POSIX_SETJMP 1
| #define HAVE_INT64_T 1
| #define HAVE_INT_FAST64_T 1
| #define HAVE_DECL_SIZE_MAX 1
| #define R_SOCKLEN_T socklen_t
| #define HAVE_STACK_T 1
| #define HAVE_INTPTR_T 1
| #define HAVE_UINTPTR_T 1
| #define R_INLINE inline
| #define SIZEOF_INT 4
| #define INT_32_BITS 1
| #define SIZEOF_LONG 8
| #define SIZEOF_LONG_LONG 8
| #define SIZEOF_DOUBLE 8
| #define SIZEOF_SIZE_T 8
| #define C_STACK_DIRECTION 1
| #define HAVE_LONG_DOUBLE 1
| #define SIZEOF_LONG_DOUBLE 8
| #define FC_FUNC(name,NAME) name ## _
| #define FC_FUNC_(name,NAME) name ## _
| #define HAVE_F77_UNDERSCORE 1
| #define HAVE_FORTRAN_DOUBLE_COMPLEX 1
| #define HAVE_NO_SYMBOL_UNDERSCORE 1
| #define FC_LEN_T size_t
| #define SHLIB_EXT ".so"
| /* end confdefs.h.  */
| 
| #ifndef _OPENMP
| #error "OpenMP not supported"
| #endif
| #include <omp.h>
| int main (void) { return omp_get_num_threads (); }
| 
configure:43583: g++ -std=gnu++20 -o conftest -g -O2 -Popenmp -I/opt/homebrew/include -L/opt/homebrew/lib conftest.cpp -ldl -lm  >&5
clang++: error: unknown argument '-Popenmp'; did you mean '-fopenmp'?
configure:43583: $? = 1
configure: failed program was:
| /* confdefs.h */
| #define PACKAGE_NAME "R"
| #define PACKAGE_TARNAME "R"
| #define PACKAGE_VERSION "4.6.0"
| #define PACKAGE_STRING "R 4.6.0"
| #define PACKAGE_BUGREPORT "https://bugs.r-project.org"
| #define PACKAGE_URL "https://www.r-project.org"
| #define PACKAGE "R"
| #define VERSION "4.6.0"
| #define R_PLATFORM "aarch64-apple-darwin25.6.0"
| #define R_CPU "aarch64"
| #define R_VENDOR "apple"
| #define R_OS "darwin25.6.0"
| #define Unix 1
| #define R_ARCH ""
| #define HAVE_STDIO_H 1
| #define HAVE_STDLIB_H 1
| #define HAVE_STRING_H 1
| #define HAVE_INTTYPES_H 1
| #define HAVE_STDINT_H 1
| #define HAVE_STRINGS_H 1
| #define HAVE_SYS_STAT_H 1
| #define HAVE_SYS_TYPES_H 1
| #define HAVE_UNISTD_H 1
| #define HAVE_WCHAR_H 1
| #define HAVE_SYS_TIME_H 1
| #define HAVE_SYS_PARAM_H 1
| #define STDC_HEADERS 1
| #define _ALL_SOURCE 1
| #define _DARWIN_C_SOURCE 1
| #define _GNU_SOURCE 1
| #define _HPUX_ALT_XOPEN_SOCKET_API 1
| #define _NETBSD_SOURCE 1
| #define _OPENBSD_SOURCE 1
| #define _POSIX_PTHREAD_SEMANTICS 1
| #define __STDC_WANT_IEC_60559_ATTRIBS_EXT__ 1
| #define __STDC_WANT_IEC_60559_BFP_EXT__ 1
| #define __STDC_WANT_IEC_60559_DFP_EXT__ 1
| #define __STDC_WANT_IEC_60559_EXT__ 1
| #define __STDC_WANT_IEC_60559_FUNCS_EXT__ 1
| #define __STDC_WANT_IEC_60559_TYPES_EXT__ 1
| #define __STDC_WANT_LIB_EXT2__ 1
| #define __STDC_WANT_MATH_SPEC_FUNCS__ 1
| #define _TANDEM_SOURCE 1
| #define __EXTENSIONS__ 1
| #define HAVE_VISIBILITY_ATTRIBUTE 1
| #define HAVE_DLFCN_H 1
| #define LT_OBJDIR ".libs/"
| #define HAVE_LIBM 1
| #define HAVE_LIBDL 1
| #define HAVE_DIRENT_H 1
| #define HAVE_SYS_WAIT_H 1
| #define HAVE_DLFCN_H 1
| #define HAVE_FCNTL_H 1
| #define HAVE_GLOB_H 1
| #define HAVE_GRP_H 1
| #define HAVE_PWD_H 1
| #define HAVE_SCHED_H 1
| #define HAVE_STRINGS_H 1
| #define HAVE_SYS_RESOURCE_H 1
| #define HAVE_SYS_SELECT_H 1
| #define HAVE_SYS_SOCKET_H 1
| #define HAVE_SYS_STAT_H 1
| #define HAVE_SYS_TIME_H 1
| #define HAVE_SYS_TIMES_H 1
| #define HAVE_SYS_UTSNAME_H 1
| #define HAVE_UNISTD_H 1
| #define HAVE_UTIME_H 1
| #define HAVE_ARPA_INET_H 1
| #define HAVE_LANGINFO_H 1
| #define HAVE_NETDB_H 1
| #define HAVE_NETINET_IN_H 1
| #define HAVE_SYS_PARAM_H 1
| #define HAVE_STDALIGN_H 1
| #define HAVE_ERRNO_H 1
| #define HAVE_INTTYPES_H 1
| #define HAVE_LIMITS_H 1
| #define HAVE_LOCALE_H 1
| #define HAVE_STDARG_H 1
| #define HAVE_STDBOOL_H 1
| #define HAVE_STDINT_H 1
| #define HAVE_STRING_H 1
| #define HAVE_DECL_SIGSETJMP 1
| #define HAVE_DECL_SIGLONGJMP 1
| #define HAVE_POSIX_SETJMP 1
| #define HAVE_INT64_T 1
| #define HAVE_INT_FAST64_T 1
| #define HAVE_DECL_SIZE_MAX 1
| #define R_SOCKLEN_T socklen_t
| #define HAVE_STACK_T 1
| #define HAVE_INTPTR_T 1
| #define HAVE_UINTPTR_T 1
| #define R_INLINE inline
| #define SIZEOF_INT 4
| #define INT_32_BITS 1
| #define SIZEOF_LONG 8
| #define SIZEOF_LONG_LONG 8
| #define SIZEOF_DOUBLE 8
| #define SIZEOF_SIZE_T 8
| #define C_STACK_DIRECTION 1
| #define HAVE_LONG_DOUBLE 1
| #define SIZEOF_LONG_DOUBLE 8
| #define FC_FUNC(name,NAME) name ## _
| #define FC_FUNC_(name,NAME) name ## _
| #define HAVE_F77_UNDERSCORE 1
| #define HAVE_FORTRAN_DOUBLE_COMPLEX 1
| #define HAVE_NO_SYMBOL_UNDERSCORE 1
| #define FC_LEN_T size_t
| #define SHLIB_EXT ".so"
| /* end confdefs.h.  */
| 
| #ifndef _OPENMP
| #error "OpenMP not supported"
| #endif
| #include <omp.h>
| int main (void) { return omp_get_num_threads (); }
| 
configure:43583: g++ -std=gnu++20 -o conftest -g -O2 --openmp -I/opt/homebrew/include -L/opt/homebrew/lib conftest.cpp -ldl -lm  >&5
clang++: error: unknown argument '--openmp'; did you mean '-fopenmp'?
configure:43583: $? = 1
configure: failed program was:
| /* confdefs.h */
| #define PACKAGE_NAME "R"
| #define PACKAGE_TARNAME "R"
| #define PACKAGE_VERSION "4.6.0"
| #define PACKAGE_STRING "R 4.6.0"
| #define PACKAGE_BUGREPORT "https://bugs.r-project.org"
| #define PACKAGE_URL "https://www.r-project.org"
| #define PACKAGE "R"
| #define VERSION "4.6.0"
| #define R_PLATFORM "aarch64-apple-darwin25.6.0"
| #define R_CPU "aarch64"
| #define R_VENDOR "apple"
| #define R_OS "darwin25.6.0"
| #define Unix 1
| #define R_ARCH ""
| #define HAVE_STDIO_H 1
| #define HAVE_STDLIB_H 1
| #define HAVE_STRING_H 1
| #define HAVE_INTTYPES_H 1
| #define HAVE_STDINT_H 1
| #define HAVE_STRINGS_H 1
| #define HAVE_SYS_STAT_H 1
| #define HAVE_SYS_TYPES_H 1
| #define HAVE_UNISTD_H 1
| #define HAVE_WCHAR_H 1
| #define HAVE_SYS_TIME_H 1
| #define HAVE_SYS_PARAM_H 1
| #define STDC_HEADERS 1
| #define _ALL_SOURCE 1
| #define _DARWIN_C_SOURCE 1
| #define _GNU_SOURCE 1
| #define _HPUX_ALT_XOPEN_SOCKET_API 1
| #define _NETBSD_SOURCE 1
| #define _OPENBSD_SOURCE 1
| #define _POSIX_PTHREAD_SEMANTICS 1
| #define __STDC_WANT_IEC_60559_ATTRIBS_EXT__ 1
| #define __STDC_WANT_IEC_60559_BFP_EXT__ 1
| #define __STDC_WANT_IEC_60559_DFP_EXT__ 1
| #define __STDC_WANT_IEC_60559_EXT__ 1
| #define __STDC_WANT_IEC_60559_FUNCS_EXT__ 1
| #define __STDC_WANT_IEC_60559_TYPES_EXT__ 1
| #define __STDC_WANT_LIB_EXT2__ 1
| #define __STDC_WANT_MATH_SPEC_FUNCS__ 1
| #define _TANDEM_SOURCE 1
| #define __EXTENSIONS__ 1
| #define HAVE_VISIBILITY_ATTRIBUTE 1
| #define HAVE_DLFCN_H 1
| #define LT_OBJDIR ".libs/"
| #define HAVE_LIBM 1
| #define HAVE_LIBDL 1
| #define HAVE_DIRENT_H 1
| #define HAVE_SYS_WAIT_H 1
| #define HAVE_DLFCN_H 1
| #define HAVE_FCNTL_H 1
| #define HAVE_GLOB_H 1
| #define HAVE_GRP_H 1
| #define HAVE_PWD_H 1
| #define HAVE_SCHED_H 1
| #define HAVE_STRINGS_H 1
| #define HAVE_SYS_RESOURCE_H 1
| #define HAVE_SYS_SELECT_H 1
| #define HAVE_SYS_SOCKET_H 1
| #define HAVE_SYS_STAT_H 1
| #define HAVE_SYS_TIME_H 1
| #define HAVE_SYS_TIMES_H 1
| #define HAVE_SYS_UTSNAME_H 1
| #define HAVE_UNISTD_H 1
| #define HAVE_UTIME_H 1
| #define HAVE_ARPA_INET_H 1
| #define HAVE_LANGINFO_H 1
| #define HAVE_NETDB_H 1
| #define HAVE_NETINET_IN_H 1
| #define HAVE_SYS_PARAM_H 1
| #define HAVE_STDALIGN_H 1
| #define HAVE_ERRNO_H 1
| #define HAVE_INTTYPES_H 1
| #define HAVE_LIMITS_H 1
| #define HAVE_LOCALE_H 1
| #define HAVE_STDARG_H 1
| #define HAVE_STDBOOL_H 1
| #define HAVE_STDINT_H 1
| #define HAVE_STRING_H 1
| #define HAVE_DECL_SIGSETJMP 1
| #define HAVE_DECL_SIGLONGJMP 1
| #define HAVE_POSIX_SETJMP 1
| #define HAVE_INT64_T 1
| #define HAVE_INT_FAST64_T 1
| #define HAVE_DECL_SIZE_MAX 1
| #define R_SOCKLEN_T socklen_t
| #define HAVE_STACK_T 1
| #define HAVE_INTPTR_T 1
| #define HAVE_UINTPTR_T 1
| #define R_INLINE inline
| #define SIZEOF_INT 4
| #define INT_32_BITS 1
| #define SIZEOF_LONG 8
| #define SIZEOF_LONG_LONG 8
| #define SIZEOF_DOUBLE 8
| #define SIZEOF_SIZE_T 8
| #define C_STACK_DIRECTION 1
| #define HAVE_LONG_DOUBLE 1
| #define SIZEOF_LONG_DOUBLE 8
| #define FC_FUNC(name,NAME) name ## _
| #define FC_FUNC_(name,NAME) name ## _
| #define HAVE_F77_UNDERSCORE 1
| #define HAVE_FORTRAN_DOUBLE_COMPLEX 1
| #define HAVE_NO_SYMBOL_UNDERSCORE 1
| #define FC_LEN_T size_t
| #define SHLIB_EXT ".so"
| /* end confdefs.h.  */
| 
| #ifndef _OPENMP
| #error "OpenMP not supported"
| #endif
| #include <omp.h>
| int main (void) { return omp_get_num_threads (); }
| 
configure:43600: result: unsupported
configure:43713: checking for option providing pthread_kill
configure:43756: gcc -std=gnu23 -o conftest -g -O2  -I/opt/homebrew/include -L/opt/homebrew/lib conftest.c -ldl -lm  >&5
configure:43756: $? = 0
configure:43779: result: none required
configure:43812: checking whether POSIX threads are supported
configure:43818: result: yes
configure:43847: checking for off_t
configure:43847: gcc -std=gnu23 -c  -g -O2 -fPIC -I/opt/homebrew/include  conftest.c >&5
configure:43847: $? = 0
configure:43847: gcc -std=gnu23 -c  -g -O2 -fPIC -I/opt/homebrew/include  conftest.c >&5
conftest.c:143:20: error: expected expression
  143 | if (sizeof ((off_t)))
      |                    ^
1 error generated.
configure:43847: $? = 1
configure: failed program was:
| /* confdefs.h */
| #define PACKAGE_NAME "R"
| #define PACKAGE_TARNAME "R"
| #define PACKAGE_VERSION "4.6.0"
| #define PACKAGE_STRING "R 4.6.0"
| #define PACKAGE_BUGREPORT "https://bugs.r-project.org"
| #define PACKAGE_URL "https://www.r-project.org"
| #define PACKAGE "R"
| #define VERSION "4.6.0"
| #define R_PLATFORM "aarch64-apple-darwin25.6.0"
| #define R_CPU "aarch64"
| #define R_VENDOR "apple"
| #define R_OS "darwin25.6.0"
| #define Unix 1
| #define R_ARCH ""
| #define HAVE_STDIO_H 1
| #define HAVE_STDLIB_H 1
| #define HAVE_STRING_H 1
| #define HAVE_INTTYPES_H 1
| #define HAVE_STDINT_H 1
| #define HAVE_STRINGS_H 1
| #define HAVE_SYS_STAT_H 1
| #define HAVE_SYS_TYPES_H 1
| #define HAVE_UNISTD_H 1
| #define HAVE_WCHAR_H 1
| #define HAVE_SYS_TIME_H 1
| #define HAVE_SYS_PARAM_H 1
| #define STDC_HEADERS 1
| #define _ALL_SOURCE 1
| #define _DARWIN_C_SOURCE 1
| #define _GNU_SOURCE 1
| #define _HPUX_ALT_XOPEN_SOCKET_API 1
| #define _NETBSD_SOURCE 1
| #define _OPENBSD_SOURCE 1
| #define _POSIX_PTHREAD_SEMANTICS 1
| #define __STDC_WANT_IEC_60559_ATTRIBS_EXT__ 1
| #define __STDC_WANT_IEC_60559_BFP_EXT__ 1
| #define __STDC_WANT_IEC_60559_DFP_EXT__ 1
| #define __STDC_WANT_IEC_60559_EXT__ 1
| #define __STDC_WANT_IEC_60559_FUNCS_EXT__ 1
| #define __STDC_WANT_IEC_60559_TYPES_EXT__ 1
| #define __STDC_WANT_LIB_EXT2__ 1
| #define __STDC_WANT_MATH_SPEC_FUNCS__ 1
| #define _TANDEM_SOURCE 1
| #define __EXTENSIONS__ 1
| #define HAVE_VISIBILITY_ATTRIBUTE 1
| #define HAVE_DLFCN_H 1
| #define LT_OBJDIR ".libs/"
| #define HAVE_LIBM 1
| #define HAVE_LIBDL 1
| #define HAVE_DIRENT_H 1
| #define HAVE_SYS_WAIT_H 1
| #define HAVE_DLFCN_H 1
| #define HAVE_FCNTL_H 1
| #define HAVE_GLOB_H 1
| #define HAVE_GRP_H 1
| #define HAVE_PWD_H 1
| #define HAVE_SCHED_H 1
| #define HAVE_STRINGS_H 1
| #define HAVE_SYS_RESOURCE_H 1
| #define HAVE_SYS_SELECT_H 1
| #define HAVE_SYS_SOCKET_H 1
| #define HAVE_SYS_STAT_H 1
| #define HAVE_SYS_TIME_H 1
| #define HAVE_SYS_TIMES_H 1
| #define HAVE_SYS_UTSNAME_H 1
| #define HAVE_UNISTD_H 1
| #define HAVE_UTIME_H 1
| #define HAVE_ARPA_INET_H 1
| #define HAVE_LANGINFO_H 1
| #define HAVE_NETDB_H 1
| #define HAVE_NETINET_IN_H 1
| #define HAVE_SYS_PARAM_H 1
| #define HAVE_STDALIGN_H 1
| #define HAVE_ERRNO_H 1
| #define HAVE_INTTYPES_H 1
| #define HAVE_LIMITS_H 1
| #define HAVE_LOCALE_H 1
| #define HAVE_STDARG_H 1
| #define HAVE_STDBOOL_H 1
| #define HAVE_STDINT_H 1
| #define HAVE_STRING_H 1
| #define HAVE_DECL_SIGSETJMP 1
| #define HAVE_DECL_SIGLONGJMP 1
| #define HAVE_POSIX_SETJMP 1
| #define HAVE_INT64_T 1
| #define HAVE_INT_FAST64_T 1
| #define HAVE_DECL_SIZE_MAX 1
| #define R_SOCKLEN_T socklen_t
| #define HAVE_STACK_T 1
| #define HAVE_INTPTR_T 1
| #define HAVE_UINTPTR_T 1
| #define R_INLINE inline
| #define SIZEOF_INT 4
| #define INT_32_BITS 1
| #define SIZEOF_LONG 8
| #define SIZEOF_LONG_LONG 8
| #define SIZEOF_DOUBLE 8
| #define SIZEOF_SIZE_T 8
| #define C_STACK_DIRECTION 1
| #define HAVE_LONG_DOUBLE 1
| #define SIZEOF_LONG_DOUBLE 8
| #define FC_FUNC(name,NAME) name ## _
| #define FC_FUNC_(name,NAME) name ## _
| #define HAVE_F77_UNDERSCORE 1
| #define HAVE_FORTRAN_DOUBLE_COMPLEX 1
| #define HAVE_NO_SYMBOL_UNDERSCORE 1
| #define FC_LEN_T size_t
| #define SHLIB_EXT ".so"
| #define HAVE_PTHREAD 1
| /* end confdefs.h.  */
| #include <stddef.h>
| #ifdef HAVE_STDIO_H
| # include <stdio.h>
| #endif
| #ifdef HAVE_STDLIB_H
| # include <stdlib.h>
| #endif
| #ifdef HAVE_STRING_H
| # include <string.h>
| #endif
| #ifdef HAVE_INTTYPES_H
| # include <inttypes.h>
| #endif
| #ifdef HAVE_STDINT_H
| # include <stdint.h>
| #endif
| #ifdef HAVE_STRINGS_H
| # include <strings.h>
| #endif
| #ifdef HAVE_SYS_TYPES_H
| # include <sys/types.h>
| #endif
| #ifdef HAVE_SYS_STAT_H
| # include <sys/stat.h>
| #endif
| #ifdef HAVE_UNISTD_H
| # include <unistd.h>
| #endif
| int
| main (void)
| {
| if (sizeof ((off_t)))
| 	    return 0;
|   ;
|   return 0;
| }
configure:43847: result: yes
configure:43858: checking for working alloca.h
configure:43884: gcc -std=gnu23 -o conftest  -g -O2 -fPIC -I/opt/homebrew/include  -L/opt/homebrew/lib conftest.c -ldl -lm  >&5
configure:43884: $? = 0
configure:43895: result: yes
configure:43903: checking for alloca
configure:43956: result: yes
configure:44025: checking whether alloca is declared
configure:44025: gcc -std=gnu23 -c  -g -O2 -fPIC  -I/opt/homebrew/include  conftest.c >&5
configure:44025: $? = 0
configure:44025: result: yes
configure:44053: checking whether expm1 exists and is declared
configure:44082: gcc -std=gnu23 -o conftest  -g -O2 -fPIC -I/opt/homebrew/include  -L/opt/homebrew/lib conftest.c -ldl -lm  >&5
configure:44082: $? = 0
configure:44094: result: yes
configure:44053: checking whether hypot exists and is declared
configure:44082: gcc -std=gnu23 -o conftest  -g -O2 -fPIC -I/opt/homebrew/include  -L/opt/homebrew/lib conftest.c -ldl -lm  >&5
configure:44082: $? = 0
configure:44094: result: yes
configure:44053: checking whether log1p exists and is declared
configure:44082: gcc -std=gnu23 -o conftest  -g -O2 -fPIC -I/opt/homebrew/include  -L/opt/homebrew/lib conftest.c -ldl -lm  >&5
configure:44082: $? = 0
configure:44094: result: yes
configure:44053: checking whether log1pl exists and is declared
configure:44082: gcc -std=gnu23 -o conftest  -g -O2 -fPIC -I/opt/homebrew/include  -L/opt/homebrew/lib conftest.c -ldl -lm  >&5
configure:44082: $? = 0
configure:44094: result: yes
configure:44053: checking whether log2 exists and is declared
configure:44082: gcc -std=gnu23 -o conftest  -g -O2 -fPIC -I/opt/homebrew/include  -L/opt/homebrew/lib conftest.c -ldl -lm  >&5
configure:44082: $? = 0
configure:44094: result: yes
configure:44053: checking whether log10 exists and is declared
configure:44082: gcc -std=gnu23 -o conftest  -g -O2 -fPIC -I/opt/homebrew/include  -L/opt/homebrew/lib conftest.c -ldl -lm  >&5
configure:44082: $? = 0
configure:44094: result: yes
configure:44053: checking whether nearbyint exists and is declared
configure:44082: gcc -std=gnu23 -o conftest  -g -O2 -fPIC -I/opt/homebrew/include  -L/opt/homebrew/lib conftest.c -ldl -lm  >&5
configure:44082: $? = 0
configure:44094: result: yes
configure:44053: checking whether nearbyintl exists and is declared
configure:44082: gcc -std=gnu23 -o conftest  -g -O2 -fPIC -I/opt/homebrew/include  -L/opt/homebrew/lib conftest.c -ldl -lm  >&5
configure:44082: $? = 0
configure:44094: result: yes
configure:44053: checking whether powl exists and is declared
configure:44082: gcc -std=gnu23 -o conftest  -g -O2 -fPIC -I/opt/homebrew/include  -L/opt/homebrew/lib conftest.c -ldl -lm  >&5
configure:44082: $? = 0
configure:44094: result: yes
configure:44053: checking whether rintl exists and is declared
configure:44082: gcc -std=gnu23 -o conftest  -g -O2 -fPIC -I/opt/homebrew/include  -L/opt/homebrew/lib conftest.c -ldl -lm  >&5
configure:44082: $? = 0
configure:44094: result: yes
configure:44122: checking whether va_copy exists and is declared
configure:44151: gcc -std=gnu23 -o conftest  -g -O2 -fPIC -I/opt/homebrew/include  -L/opt/homebrew/lib conftest.c -ldl -lm  >&5
configure:44151: $? = 0
configure:44163: result: yes
configure:44178: checking for isblank
configure:44178: gcc -std=gnu23 -o conftest  -g -O2 -fPIC -I/opt/homebrew/include  -L/opt/homebrew/lib conftest.c -ldl -lm  >&5
conftest.c:143:6: warning: incompatible redeclaration of library function 'isblank' [-Wincompatible-library-redeclaration]
  143 | char isblank (void);
      |      ^
conftest.c:143:6: note: 'isblank' is a builtin with type 'int (int)'
1 warning generated.
configure:44178: $? = 0
configure:44178: result: yes
configure:44187: checking for sunmath.h
configure:44187: gcc -std=gnu23 -c  -g -O2 -fPIC -I/opt/homebrew/include  conftest.c >&5
conftest.c:156:10: fatal error: 'sunmath.h' file not found
  156 | #include <sunmath.h>
      |          ^~~~~~~~~~~
1 error generated.
configure:44187: $? = 1
configure: failed program was:
| /* confdefs.h */
| #define PACKAGE_NAME "R"
| #define PACKAGE_TARNAME "R"
| #define PACKAGE_VERSION "4.6.0"
| #define PACKAGE_STRING "R 4.6.0"
| #define PACKAGE_BUGREPORT "https://bugs.r-project.org"
| #define PACKAGE_URL "https://www.r-project.org"
| #define PACKAGE "R"
| #define VERSION "4.6.0"
| #define R_PLATFORM "aarch64-apple-darwin25.6.0"
| #define R_CPU "aarch64"
| #define R_VENDOR "apple"
| #define R_OS "darwin25.6.0"
| #define Unix 1
| #define R_ARCH ""
| #define HAVE_STDIO_H 1
| #define HAVE_STDLIB_H 1
| #define HAVE_STRING_H 1
| #define HAVE_INTTYPES_H 1
| #define HAVE_STDINT_H 1
| #define HAVE_STRINGS_H 1
| #define HAVE_SYS_STAT_H 1
| #define HAVE_SYS_TYPES_H 1
| #define HAVE_UNISTD_H 1
| #define HAVE_WCHAR_H 1
| #define HAVE_SYS_TIME_H 1
| #define HAVE_SYS_PARAM_H 1
| #define STDC_HEADERS 1
| #define _ALL_SOURCE 1
| #define _DARWIN_C_SOURCE 1
| #define _GNU_SOURCE 1
| #define _HPUX_ALT_XOPEN_SOCKET_API 1
| #define _NETBSD_SOURCE 1
| #define _OPENBSD_SOURCE 1
| #define _POSIX_PTHREAD_SEMANTICS 1
| #define __STDC_WANT_IEC_60559_ATTRIBS_EXT__ 1
| #define __STDC_WANT_IEC_60559_BFP_EXT__ 1
| #define __STDC_WANT_IEC_60559_DFP_EXT__ 1
| #define __STDC_WANT_IEC_60559_EXT__ 1
| #define __STDC_WANT_IEC_60559_FUNCS_EXT__ 1
| #define __STDC_WANT_IEC_60559_TYPES_EXT__ 1
| #define __STDC_WANT_LIB_EXT2__ 1
| #define __STDC_WANT_MATH_SPEC_FUNCS__ 1
| #define _TANDEM_SOURCE 1
| #define __EXTENSIONS__ 1
| #define HAVE_VISIBILITY_ATTRIBUTE 1
| #define HAVE_DLFCN_H 1
| #define LT_OBJDIR ".libs/"
| #define HAVE_LIBM 1
| #define HAVE_LIBDL 1
| #define HAVE_DIRENT_H 1
| #define HAVE_SYS_WAIT_H 1
| #define HAVE_DLFCN_H 1
| #define HAVE_FCNTL_H 1
| #define HAVE_GLOB_H 1
| #define HAVE_GRP_H 1
| #define HAVE_PWD_H 1
| #define HAVE_SCHED_H 1
| #define HAVE_STRINGS_H 1
| #define HAVE_SYS_RESOURCE_H 1
| #define HAVE_SYS_SELECT_H 1
| #define HAVE_SYS_SOCKET_H 1
| #define HAVE_SYS_STAT_H 1
| #define HAVE_SYS_TIME_H 1
| #define HAVE_SYS_TIMES_H 1
| #define HAVE_SYS_UTSNAME_H 1
| #define HAVE_UNISTD_H 1
| #define HAVE_UTIME_H 1
| #define HAVE_ARPA_INET_H 1
| #define HAVE_LANGINFO_H 1
| #define HAVE_NETDB_H 1
| #define HAVE_NETINET_IN_H 1
| #define HAVE_SYS_PARAM_H 1
| #define HAVE_STDALIGN_H 1
| #define HAVE_ERRNO_H 1
| #define HAVE_INTTYPES_H 1
| #define HAVE_LIMITS_H 1
| #define HAVE_LOCALE_H 1
| #define HAVE_STDARG_H 1
| #define HAVE_STDBOOL_H 1
| #define HAVE_STDINT_H 1
| #define HAVE_STRING_H 1
| #define HAVE_DECL_SIGSETJMP 1
| #define HAVE_DECL_SIGLONGJMP 1
| #define HAVE_POSIX_SETJMP 1
| #define HAVE_INT64_T 1
| #define HAVE_INT_FAST64_T 1
| #define HAVE_DECL_SIZE_MAX 1
| #define R_SOCKLEN_T socklen_t
| #define HAVE_STACK_T 1
| #define HAVE_INTPTR_T 1
| #define HAVE_UINTPTR_T 1
| #define R_INLINE inline
| #define SIZEOF_INT 4
| #define INT_32_BITS 1
| #define SIZEOF_LONG 8
| #define SIZEOF_LONG_LONG 8
| #define SIZEOF_DOUBLE 8
| #define SIZEOF_SIZE_T 8
| #define C_STACK_DIRECTION 1
| #define HAVE_LONG_DOUBLE 1
| #define SIZEOF_LONG_DOUBLE 8
| #define FC_FUNC(name,NAME) name ## _
| #define FC_FUNC_(name,NAME) name ## _
| #define HAVE_F77_UNDERSCORE 1
| #define HAVE_FORTRAN_DOUBLE_COMPLEX 1
| #define HAVE_NO_SYMBOL_UNDERSCORE 1
| #define FC_LEN_T size_t
| #define SHLIB_EXT ".so"
| #define HAVE_PTHREAD 1
| #define HAVE_OFF_T 1
| #define HAVE_ALLOCA_H 1
| #define HAVE_ALLOCA 1
| #define HAVE_DECL_ALLOCA 1
| #define HAVE_EXPM1 1
| #define HAVE_HYPOT 1
| #define HAVE_LOG1P 1
| #define HAVE_LOG1PL 1
| #define HAVE_LOG2 1
| #define HAVE_LOG10 1
| #define HAVE_NEARBYINT 1
| #define HAVE_NEARBYINTL 1
| #define HAVE_POWL 1
| #define HAVE_RINTL 1
| #define HAVE_VA_COPY 1
| #define HAVE_ISBLANK 1
| /* end confdefs.h.  */
| #include <stddef.h>
| #ifdef HAVE_STDIO_H
| # include <stdio.h>
| #endif
| #ifdef HAVE_STDLIB_H
| # include <stdlib.h>
| #endif
| #ifdef HAVE_STRING_H
| # include <string.h>
| #endif
| #ifdef HAVE_INTTYPES_H
| # include <inttypes.h>
| #endif
| #ifdef HAVE_STDINT_H
| # include <stdint.h>
| #endif
| #ifdef HAVE_STRINGS_H
| # include <strings.h>
| #endif
| #ifdef HAVE_SYS_TYPES_H
| # include <sys/types.h>
| #endif
| #ifdef HAVE_SYS_STAT_H
| # include <sys/stat.h>
| #endif
| #ifdef HAVE_UNISTD_H
| # include <unistd.h>
| #endif
| #include <sunmath.h>
configure:44187: result: no
configure:44194: checking for cospi in -lsunmath
configure:44231: gcc -std=gnu23 -o conftest  -g -O2 -fPIC -I/opt/homebrew/include  -L/opt/homebrew/lib conftest.c -lsunmath  -ldl -lm  >&5
ld: library 'sunmath' not found
clang: error: linker command failed with exit code 1 (use -v to see invocation)
configure:44231: $? = 1
configure: failed program was:
| /* confdefs.h */
| #define PACKAGE_NAME "R"
| #define PACKAGE_TARNAME "R"
| #define PACKAGE_VERSION "4.6.0"
| #define PACKAGE_STRING "R 4.6.0"
| #define PACKAGE_BUGREPORT "https://bugs.r-project.org"
| #define PACKAGE_URL "https://www.r-project.org"
| #define PACKAGE "R"
| #define VERSION "4.6.0"
| #define R_PLATFORM "aarch64-apple-darwin25.6.0"
| #define R_CPU "aarch64"
| #define R_VENDOR "apple"
| #define R_OS "darwin25.6.0"
| #define Unix 1
| #define R_ARCH ""
| #define HAVE_STDIO_H 1
| #define HAVE_STDLIB_H 1
| #define HAVE_STRING_H 1
| #define HAVE_INTTYPES_H 1
| #define HAVE_STDINT_H 1
| #define HAVE_STRINGS_H 1
| #define HAVE_SYS_STAT_H 1
| #define HAVE_SYS_TYPES_H 1
| #define HAVE_UNISTD_H 1
| #define HAVE_WCHAR_H 1
| #define HAVE_SYS_TIME_H 1
| #define HAVE_SYS_PARAM_H 1
| #define STDC_HEADERS 1
| #define _ALL_SOURCE 1
| #define _DARWIN_C_SOURCE 1
| #define _GNU_SOURCE 1
| #define _HPUX_ALT_XOPEN_SOCKET_API 1
| #define _NETBSD_SOURCE 1
| #define _OPENBSD_SOURCE 1
| #define _POSIX_PTHREAD_SEMANTICS 1
| #define __STDC_WANT_IEC_60559_ATTRIBS_EXT__ 1
| #define __STDC_WANT_IEC_60559_BFP_EXT__ 1
| #define __STDC_WANT_IEC_60559_DFP_EXT__ 1
| #define __STDC_WANT_IEC_60559_EXT__ 1
| #define __STDC_WANT_IEC_60559_FUNCS_EXT__ 1
| #define __STDC_WANT_IEC_60559_TYPES_EXT__ 1
| #define __STDC_WANT_LIB_EXT2__ 1
| #define __STDC_WANT_MATH_SPEC_FUNCS__ 1
| #define _TANDEM_SOURCE 1
| #define __EXTENSIONS__ 1
| #define HAVE_VISIBILITY_ATTRIBUTE 1
| #define HAVE_DLFCN_H 1
| #define LT_OBJDIR ".libs/"
| #define HAVE_LIBM 1
| #define HAVE_LIBDL 1
| #define HAVE_DIRENT_H 1
| #define HAVE_SYS_WAIT_H 1
| #define HAVE_DLFCN_H 1
| #define HAVE_FCNTL_H 1
| #define HAVE_GLOB_H 1
| #define HAVE_GRP_H 1
| #define HAVE_PWD_H 1
| #define HAVE_SCHED_H 1
| #define HAVE_STRINGS_H 1
| #define HAVE_SYS_RESOURCE_H 1
| #define HAVE_SYS_SELECT_H 1
| #define HAVE_SYS_SOCKET_H 1
| #define HAVE_SYS_STAT_H 1
| #define HAVE_SYS_TIME_H 1
| #define HAVE_SYS_TIMES_H 1
| #define HAVE_SYS_UTSNAME_H 1
| #define HAVE_UNISTD_H 1
| #define HAVE_UTIME_H 1
| #define HAVE_ARPA_INET_H 1
| #define HAVE_LANGINFO_H 1
| #define HAVE_NETDB_H 1
| #define HAVE_NETINET_IN_H 1
| #define HAVE_SYS_PARAM_H 1
| #define HAVE_STDALIGN_H 1
| #define HAVE_ERRNO_H 1
| #define HAVE_INTTYPES_H 1
| #define HAVE_LIMITS_H 1
| #define HAVE_LOCALE_H 1
| #define HAVE_STDARG_H 1
| #define HAVE_STDBOOL_H 1
| #define HAVE_STDINT_H 1
| #define HAVE_STRING_H 1
| #define HAVE_DECL_SIGSETJMP 1
| #define HAVE_DECL_SIGLONGJMP 1
| #define HAVE_POSIX_SETJMP 1
| #define HAVE_INT64_T 1
| #define HAVE_INT_FAST64_T 1
| #define HAVE_DECL_SIZE_MAX 1
| #define R_SOCKLEN_T socklen_t
| #define HAVE_STACK_T 1
| #define HAVE_INTPTR_T 1
| #define HAVE_UINTPTR_T 1
| #define R_INLINE inline
| #define SIZEOF_INT 4
| #define INT_32_BITS 1
| #define SIZEOF_LONG 8
| #define SIZEOF_LONG_LONG 8
| #define SIZEOF_DOUBLE 8
| #define SIZEOF_SIZE_T 8
| #define C_STACK_DIRECTION 1
| #define HAVE_LONG_DOUBLE 1
| #define SIZEOF_LONG_DOUBLE 8
| #define FC_FUNC(name,NAME) name ## _
| #define FC_FUNC_(name,NAME) name ## _
| #define HAVE_F77_UNDERSCORE 1
| #define HAVE_FORTRAN_DOUBLE_COMPLEX 1
| #define HAVE_NO_SYMBOL_UNDERSCORE 1
| #define FC_LEN_T size_t
| #define SHLIB_EXT ".so"
| #define HAVE_PTHREAD 1
| #define HAVE_OFF_T 1
| #define HAVE_ALLOCA_H 1
| #define HAVE_ALLOCA 1
| #define HAVE_DECL_ALLOCA 1
| #define HAVE_EXPM1 1
| #define HAVE_HYPOT 1
| #define HAVE_LOG1P 1
| #define HAVE_LOG1PL 1
| #define HAVE_LOG2 1
| #define HAVE_LOG10 1
| #define HAVE_NEARBYINT 1
| #define HAVE_NEARBYINTL 1
| #define HAVE_POWL 1
| #define HAVE_RINTL 1
| #define HAVE_VA_COPY 1
| #define HAVE_ISBLANK 1
| /* end confdefs.h.  */
| 
| /* Override any GCC internal prototype to avoid an error.
|    Use char because int might match the return type of a GCC
|    builtin and then its argument prototype would still apply.
|    The 'extern "C"' is for builds by C++ compilers;
|    although this is not generally supported in C code supporting it here
|    has little cost and some practical benefit (sr 110532).  */
| #ifdef __cplusplus
| extern "C"
| #endif
| char cospi (void);
| #ifdef FC_DUMMY_MAIN
| #ifndef FC_DUMMY_MAIN_EQ_F77
| #  ifdef __cplusplus
|      extern "C"
| #  endif
|    int FC_DUMMY_MAIN() { return 1; }
| #endif
| #endif
| int
| main (void)
| {
| return cospi ();
|   ;
|   return 0;
| }
configure:44243: result: no
configure:44262: checking for atanpi
configure:44262: gcc -std=gnu23 -o conftest  -g -O2 -fPIC -I/opt/homebrew/include  -L/opt/homebrew/lib conftest.c -ldl -lm  >&5
Undefined symbols for architecture arm64:
  "_atanpi", referenced from:
      _main in conftest-bde4e2.o
ld: symbol(s) not found for architecture arm64
clang: error: linker command failed with exit code 1 (use -v to see invocation)
configure:44262: $? = 1
configure: failed program was:
| /* confdefs.h */
| #define PACKAGE_NAME "R"
| #define PACKAGE_TARNAME "R"
| #define PACKAGE_VERSION "4.6.0"
| #define PACKAGE_STRING "R 4.6.0"
| #define PACKAGE_BUGREPORT "https://bugs.r-project.org"
| #define PACKAGE_URL "https://www.r-project.org"
| #define PACKAGE "R"
| #define VERSION "4.6.0"
| #define R_PLATFORM "aarch64-apple-darwin25.6.0"
| #define R_CPU "aarch64"
| #define R_VENDOR "apple"
| #define R_OS "darwin25.6.0"
| #define Unix 1
| #define R_ARCH ""
| #define HAVE_STDIO_H 1
| #define HAVE_STDLIB_H 1
| #define HAVE_STRING_H 1
| #define HAVE_INTTYPES_H 1
| #define HAVE_STDINT_H 1
| #define HAVE_STRINGS_H 1
| #define HAVE_SYS_STAT_H 1
| #define HAVE_SYS_TYPES_H 1
| #define HAVE_UNISTD_H 1
| #define HAVE_WCHAR_H 1
| #define HAVE_SYS_TIME_H 1
| #define HAVE_SYS_PARAM_H 1
| #define STDC_HEADERS 1
| #define _ALL_SOURCE 1
| #define _DARWIN_C_SOURCE 1
| #define _GNU_SOURCE 1
| #define _HPUX_ALT_XOPEN_SOCKET_API 1
| #define _NETBSD_SOURCE 1
| #define _OPENBSD_SOURCE 1
| #define _POSIX_PTHREAD_SEMANTICS 1
| #define __STDC_WANT_IEC_60559_ATTRIBS_EXT__ 1
| #define __STDC_WANT_IEC_60559_BFP_EXT__ 1
| #define __STDC_WANT_IEC_60559_DFP_EXT__ 1
| #define __STDC_WANT_IEC_60559_EXT__ 1
| #define __STDC_WANT_IEC_60559_FUNCS_EXT__ 1
| #define __STDC_WANT_IEC_60559_TYPES_EXT__ 1
| #define __STDC_WANT_LIB_EXT2__ 1
| #define __STDC_WANT_MATH_SPEC_FUNCS__ 1
| #define _TANDEM_SOURCE 1
| #define __EXTENSIONS__ 1
| #define HAVE_VISIBILITY_ATTRIBUTE 1
| #define HAVE_DLFCN_H 1
| #define LT_OBJDIR ".libs/"
| #define HAVE_LIBM 1
| #define HAVE_LIBDL 1
| #define HAVE_DIRENT_H 1
| #define HAVE_SYS_WAIT_H 1
| #define HAVE_DLFCN_H 1
| #define HAVE_FCNTL_H 1
| #define HAVE_GLOB_H 1
| #define HAVE_GRP_H 1
| #define HAVE_PWD_H 1
| #define HAVE_SCHED_H 1
| #define HAVE_STRINGS_H 1
| #define HAVE_SYS_RESOURCE_H 1
| #define HAVE_SYS_SELECT_H 1
| #define HAVE_SYS_SOCKET_H 1
| #define HAVE_SYS_STAT_H 1
| #define HAVE_SYS_TIME_H 1
| #define HAVE_SYS_TIMES_H 1
| #define HAVE_SYS_UTSNAME_H 1
| #define HAVE_UNISTD_H 1
| #define HAVE_UTIME_H 1
| #define HAVE_ARPA_INET_H 1
| #define HAVE_LANGINFO_H 1
| #define HAVE_NETDB_H 1
| #define HAVE_NETINET_IN_H 1
| #define HAVE_SYS_PARAM_H 1
| #define HAVE_STDALIGN_H 1
| #define HAVE_ERRNO_H 1
| #define HAVE_INTTYPES_H 1
| #define HAVE_LIMITS_H 1
| #define HAVE_LOCALE_H 1
| #define HAVE_STDARG_H 1
| #define HAVE_STDBOOL_H 1
| #define HAVE_STDINT_H 1
| #define HAVE_STRING_H 1
| #define HAVE_DECL_SIGSETJMP 1
| #define HAVE_DECL_SIGLONGJMP 1
| #define HAVE_POSIX_SETJMP 1
| #define HAVE_INT64_T 1
| #define HAVE_INT_FAST64_T 1
| #define HAVE_DECL_SIZE_MAX 1
| #define R_SOCKLEN_T socklen_t
| #define HAVE_STACK_T 1
| #define HAVE_INTPTR_T 1
| #define HAVE_UINTPTR_T 1
| #define R_INLINE inline
| #define SIZEOF_INT 4
| #define INT_32_BITS 1
| #define SIZEOF_LONG 8
| #define SIZEOF_LONG_LONG 8
| #define SIZEOF_DOUBLE 8
| #define SIZEOF_SIZE_T 8
| #define C_STACK_DIRECTION 1
| #define HAVE_LONG_DOUBLE 1
| #define SIZEOF_LONG_DOUBLE 8
| #define FC_FUNC(name,NAME) name ## _
| #define FC_FUNC_(name,NAME) name ## _
| #define HAVE_F77_UNDERSCORE 1
| #define HAVE_FORTRAN_DOUBLE_COMPLEX 1
| #define HAVE_NO_SYMBOL_UNDERSCORE 1
| #define FC_LEN_T size_t
| #define SHLIB_EXT ".so"
| #define HAVE_PTHREAD 1
| #define HAVE_OFF_T 1
| #define HAVE_ALLOCA_H 1
| #define HAVE_ALLOCA 1
| #define HAVE_DECL_ALLOCA 1
| #define HAVE_EXPM1 1
| #define HAVE_HYPOT 1
| #define HAVE_LOG1P 1
| #define HAVE_LOG1PL 1
| #define HAVE_LOG2 1
| #define HAVE_LOG10 1
| #define HAVE_NEARBYINT 1
| #define HAVE_NEARBYINTL 1
| #define HAVE_POWL 1
| #define HAVE_RINTL 1
| #define HAVE_VA_COPY 1
| #define HAVE_ISBLANK 1
| /* end confdefs.h.  */
| /* Define atanpi to an innocuous variant, in case <limits.h> declares atanpi.
|    For example, HP-UX 11i <limits.h> declares gettimeofday.  */
| #define atanpi innocuous_atanpi
| 
| /* System header to define __stub macros and hopefully few prototypes,
|    which can conflict with char atanpi (void); below.  */
| 
| #include <limits.h>
| #undef atanpi
| 
| /* Override any GCC internal prototype to avoid an error.
|    Use char because int might match the return type of a GCC
|    builtin and then its argument prototype would still apply.  */
| #ifdef __cplusplus
| extern "C"
| #endif
| char atanpi (void);
| /* The GNU C library defines this for functions which it implements
|     to always fail with ENOSYS.  Some functions are actually named
|     something starting with __ and the normal name is an alias.  */
| #if defined __stub_atanpi || defined __stub___atanpi
| choke me
| #endif
| 
| int
| main (void)
| {
| return atanpi ();
|   ;
|   return 0;
| }
configure:44262: result: no
configure:44262: checking for atan2pi
configure:44262: gcc -std=gnu23 -o conftest  -g -O2 -fPIC -I/opt/homebrew/include  -L/opt/homebrew/lib conftest.c -ldl -lm  >&5
Undefined symbols for architecture arm64:
  "_atan2pi", referenced from:
      _main in conftest-73f55d.o
ld: symbol(s) not found for architecture arm64
clang: error: linker command failed with exit code 1 (use -v to see invocation)
configure:44262: $? = 1
configure: failed program was:
| /* confdefs.h */
| #define PACKAGE_NAME "R"
| #define PACKAGE_TARNAME "R"
| #define PACKAGE_VERSION "4.6.0"
| #define PACKAGE_STRING "R 4.6.0"
| #define PACKAGE_BUGREPORT "https://bugs.r-project.org"
| #define PACKAGE_URL "https://www.r-project.org"
| #define PACKAGE "R"
| #define VERSION "4.6.0"
| #define R_PLATFORM "aarch64-apple-darwin25.6.0"
| #define R_CPU "aarch64"
| #define R_VENDOR "apple"
| #define R_OS "darwin25.6.0"
| #define Unix 1
| #define R_ARCH ""
| #define HAVE_STDIO_H 1
| #define HAVE_STDLIB_H 1
| #define HAVE_STRING_H 1
| #define HAVE_INTTYPES_H 1
| #define HAVE_STDINT_H 1
| #define HAVE_STRINGS_H 1
| #define HAVE_SYS_STAT_H 1
| #define HAVE_SYS_TYPES_H 1
| #define HAVE_UNISTD_H 1
| #define HAVE_WCHAR_H 1
| #define HAVE_SYS_TIME_H 1
| #define HAVE_SYS_PARAM_H 1
| #define STDC_HEADERS 1
| #define _ALL_SOURCE 1
| #define _DARWIN_C_SOURCE 1
| #define _GNU_SOURCE 1
| #define _HPUX_ALT_XOPEN_SOCKET_API 1
| #define _NETBSD_SOURCE 1
| #define _OPENBSD_SOURCE 1
| #define _POSIX_PTHREAD_SEMANTICS 1
| #define __STDC_WANT_IEC_60559_ATTRIBS_EXT__ 1
| #define __STDC_WANT_IEC_60559_BFP_EXT__ 1
| #define __STDC_WANT_IEC_60559_DFP_EXT__ 1
| #define __STDC_WANT_IEC_60559_EXT__ 1
| #define __STDC_WANT_IEC_60559_FUNCS_EXT__ 1
| #define __STDC_WANT_IEC_60559_TYPES_EXT__ 1
| #define __STDC_WANT_LIB_EXT2__ 1
| #define __STDC_WANT_MATH_SPEC_FUNCS__ 1
| #define _TANDEM_SOURCE 1
| #define __EXTENSIONS__ 1
| #define HAVE_VISIBILITY_ATTRIBUTE 1
| #define HAVE_DLFCN_H 1
| #define LT_OBJDIR ".libs/"
| #define HAVE_LIBM 1
| #define HAVE_LIBDL 1
| #define HAVE_DIRENT_H 1
| #define HAVE_SYS_WAIT_H 1
| #define HAVE_DLFCN_H 1
| #define HAVE_FCNTL_H 1
| #define HAVE_GLOB_H 1
| #define HAVE_GRP_H 1
| #define HAVE_PWD_H 1
| #define HAVE_SCHED_H 1
| #define HAVE_STRINGS_H 1
| #define HAVE_SYS_RESOURCE_H 1
| #define HAVE_SYS_SELECT_H 1
| #define HAVE_SYS_SOCKET_H 1
| #define HAVE_SYS_STAT_H 1
| #define HAVE_SYS_TIME_H 1
| #define HAVE_SYS_TIMES_H 1
| #define HAVE_SYS_UTSNAME_H 1
| #define HAVE_UNISTD_H 1
| #define HAVE_UTIME_H 1
| #define HAVE_ARPA_INET_H 1
| #define HAVE_LANGINFO_H 1
| #define HAVE_NETDB_H 1
| #define HAVE_NETINET_IN_H 1
| #define HAVE_SYS_PARAM_H 1
| #define HAVE_STDALIGN_H 1
| #define HAVE_ERRNO_H 1
| #define HAVE_INTTYPES_H 1
| #define HAVE_LIMITS_H 1
| #define HAVE_LOCALE_H 1
| #define HAVE_STDARG_H 1
| #define HAVE_STDBOOL_H 1
| #define HAVE_STDINT_H 1
| #define HAVE_STRING_H 1
| #define HAVE_DECL_SIGSETJMP 1
| #define HAVE_DECL_SIGLONGJMP 1
| #define HAVE_POSIX_SETJMP 1
| #define HAVE_INT64_T 1
| #define HAVE_INT_FAST64_T 1
| #define HAVE_DECL_SIZE_MAX 1
| #define R_SOCKLEN_T socklen_t
| #define HAVE_STACK_T 1
| #define HAVE_INTPTR_T 1
| #define HAVE_UINTPTR_T 1
| #define R_INLINE inline
| #define SIZEOF_INT 4
| #define INT_32_BITS 1
| #define SIZEOF_LONG 8
| #define SIZEOF_LONG_LONG 8
| #define SIZEOF_DOUBLE 8
| #define SIZEOF_SIZE_T 8
| #define C_STACK_DIRECTION 1
| #define HAVE_LONG_DOUBLE 1
| #define SIZEOF_LONG_DOUBLE 8
| #define FC_FUNC(name,NAME) name ## _
| #define FC_FUNC_(name,NAME) name ## _
| #define HAVE_F77_UNDERSCORE 1
| #define HAVE_FORTRAN_DOUBLE_COMPLEX 1
| #define HAVE_NO_SYMBOL_UNDERSCORE 1
| #define FC_LEN_T size_t
| #define SHLIB_EXT ".so"
| #define HAVE_PTHREAD 1
| #define HAVE_OFF_T 1
| #define HAVE_ALLOCA_H 1
| #define HAVE_ALLOCA 1
| #define HAVE_DECL_ALLOCA 1
| #define HAVE_EXPM1 1
| #define HAVE_HYPOT 1
| #define HAVE_LOG1P 1
| #define HAVE_LOG1PL 1
| #define HAVE_LOG2 1
| #define HAVE_LOG10 1
| #define HAVE_NEARBYINT 1
| #define HAVE_NEARBYINTL 1
| #define HAVE_POWL 1
| #define HAVE_RINTL 1
| #define HAVE_VA_COPY 1
| #define HAVE_ISBLANK 1
| /* end confdefs.h.  */
| /* Define atan2pi to an innocuous variant, in case <limits.h> declares atan2pi.
|    For example, HP-UX 11i <limits.h> declares gettimeofday.  */
| #define atan2pi innocuous_atan2pi
| 
| /* System header to define __stub macros and hopefully few prototypes,
|    which can conflict with char atan2pi (void); below.  */
| 
| #include <limits.h>
| #undef atan2pi
| 
| /* Override any GCC internal prototype to avoid an error.
|    Use char because int might match the return type of a GCC
|    builtin and then its argument prototype would still apply.  */
| #ifdef __cplusplus
| extern "C"
| #endif
| char atan2pi (void);
| /* The GNU C library defines this for functions which it implements
|     to always fail with ENOSYS.  Some functions are actually named
|     something starting with __ and the normal name is an alias.  */
| #if defined __stub_atan2pi || defined __stub___atan2pi
| choke me
| #endif
| 
| int
| main (void)
| {
| return atan2pi ();
|   ;
|   return 0;
| }
configure:44262: result: no
configure:44262: checking for cospi
configure:44262: gcc -std=gnu23 -o conftest  -g -O2 -fPIC -I/opt/homebrew/include  -L/opt/homebrew/lib conftest.c -ldl -lm  >&5
Undefined symbols for architecture arm64:
  "_cospi", referenced from:
      _main in conftest-af98f0.o
ld: symbol(s) not found for architecture arm64
clang: error: linker command failed with exit code 1 (use -v to see invocation)
configure:44262: $? = 1
configure: failed program was:
| /* confdefs.h */
| #define PACKAGE_NAME "R"
| #define PACKAGE_TARNAME "R"
| #define PACKAGE_VERSION "4.6.0"
| #define PACKAGE_STRING "R 4.6.0"
| #define PACKAGE_BUGREPORT "https://bugs.r-project.org"
| #define PACKAGE_URL "https://www.r-project.org"
| #define PACKAGE "R"
| #define VERSION "4.6.0"
| #define R_PLATFORM "aarch64-apple-darwin25.6.0"
| #define R_CPU "aarch64"
| #define R_VENDOR "apple"
| #define R_OS "darwin25.6.0"
| #define Unix 1
| #define R_ARCH ""
| #define HAVE_STDIO_H 1
| #define HAVE_STDLIB_H 1
| #define HAVE_STRING_H 1
| #define HAVE_INTTYPES_H 1
| #define HAVE_STDINT_H 1
| #define HAVE_STRINGS_H 1
| #define HAVE_SYS_STAT_H 1
| #define HAVE_SYS_TYPES_H 1
| #define HAVE_UNISTD_H 1
| #define HAVE_WCHAR_H 1
| #define HAVE_SYS_TIME_H 1
| #define HAVE_SYS_PARAM_H 1
| #define STDC_HEADERS 1
| #define _ALL_SOURCE 1
| #define _DARWIN_C_SOURCE 1
| #define _GNU_SOURCE 1
| #define _HPUX_ALT_XOPEN_SOCKET_API 1
| #define _NETBSD_SOURCE 1
| #define _OPENBSD_SOURCE 1
| #define _POSIX_PTHREAD_SEMANTICS 1
| #define __STDC_WANT_IEC_60559_ATTRIBS_EXT__ 1
| #define __STDC_WANT_IEC_60559_BFP_EXT__ 1
| #define __STDC_WANT_IEC_60559_DFP_EXT__ 1
| #define __STDC_WANT_IEC_60559_EXT__ 1
| #define __STDC_WANT_IEC_60559_FUNCS_EXT__ 1
| #define __STDC_WANT_IEC_60559_TYPES_EXT__ 1
| #define __STDC_WANT_LIB_EXT2__ 1
| #define __STDC_WANT_MATH_SPEC_FUNCS__ 1
| #define _TANDEM_SOURCE 1
| #define __EXTENSIONS__ 1
| #define HAVE_VISIBILITY_ATTRIBUTE 1
| #define HAVE_DLFCN_H 1
| #define LT_OBJDIR ".libs/"
| #define HAVE_LIBM 1
| #define HAVE_LIBDL 1
| #define HAVE_DIRENT_H 1
| #define HAVE_SYS_WAIT_H 1
| #define HAVE_DLFCN_H 1
| #define HAVE_FCNTL_H 1
| #define HAVE_GLOB_H 1
| #define HAVE_GRP_H 1
| #define HAVE_PWD_H 1
| #define HAVE_SCHED_H 1
| #define HAVE_STRINGS_H 1
| #define HAVE_SYS_RESOURCE_H 1
| #define HAVE_SYS_SELECT_H 1
| #define HAVE_SYS_SOCKET_H 1
| #define HAVE_SYS_STAT_H 1
| #define HAVE_SYS_TIME_H 1
| #define HAVE_SYS_TIMES_H 1
| #define HAVE_SYS_UTSNAME_H 1
| #define HAVE_UNISTD_H 1
| #define HAVE_UTIME_H 1
| #define HAVE_ARPA_INET_H 1
| #define HAVE_LANGINFO_H 1
| #define HAVE_NETDB_H 1
| #define HAVE_NETINET_IN_H 1
| #define HAVE_SYS_PARAM_H 1
| #define HAVE_STDALIGN_H 1
| #define HAVE_ERRNO_H 1
| #define HAVE_INTTYPES_H 1
| #define HAVE_LIMITS_H 1
| #define HAVE_LOCALE_H 1
| #define HAVE_STDARG_H 1
| #define HAVE_STDBOOL_H 1
| #define HAVE_STDINT_H 1
| #define HAVE_STRING_H 1
| #define HAVE_DECL_SIGSETJMP 1
| #define HAVE_DECL_SIGLONGJMP 1
| #define HAVE_POSIX_SETJMP 1
| #define HAVE_INT64_T 1
| #define HAVE_INT_FAST64_T 1
| #define HAVE_DECL_SIZE_MAX 1
| #define R_SOCKLEN_T socklen_t
| #define HAVE_STACK_T 1
| #define HAVE_INTPTR_T 1
| #define HAVE_UINTPTR_T 1
| #define R_INLINE inline
| #define SIZEOF_INT 4
| #define INT_32_BITS 1
| #define SIZEOF_LONG 8
| #define SIZEOF_LONG_LONG 8
| #define SIZEOF_DOUBLE 8
| #define SIZEOF_SIZE_T 8
| #define C_STACK_DIRECTION 1
| #define HAVE_LONG_DOUBLE 1
| #define SIZEOF_LONG_DOUBLE 8
| #define FC_FUNC(name,NAME) name ## _
| #define FC_FUNC_(name,NAME) name ## _
| #define HAVE_F77_UNDERSCORE 1
| #define HAVE_FORTRAN_DOUBLE_COMPLEX 1
| #define HAVE_NO_SYMBOL_UNDERSCORE 1
| #define FC_LEN_T size_t
| #define SHLIB_EXT ".so"
| #define HAVE_PTHREAD 1
| #define HAVE_OFF_T 1
| #define HAVE_ALLOCA_H 1
| #define HAVE_ALLOCA 1
| #define HAVE_DECL_ALLOCA 1
| #define HAVE_EXPM1 1
| #define HAVE_HYPOT 1
| #define HAVE_LOG1P 1
| #define HAVE_LOG1PL 1
| #define HAVE_LOG2 1
| #define HAVE_LOG10 1
| #define HAVE_NEARBYINT 1
| #define HAVE_NEARBYINTL 1
| #define HAVE_POWL 1
| #define HAVE_RINTL 1
| #define HAVE_VA_COPY 1
| #define HAVE_ISBLANK 1
| /* end confdefs.h.  */
| /* Define cospi to an innocuous variant, in case <limits.h> declares cospi.
|    For example, HP-UX 11i <limits.h> declares gettimeofday.  */
| #define cospi innocuous_cospi
| 
| /* System header to define __stub macros and hopefully few prototypes,
|    which can conflict with char cospi (void); below.  */
| 
| #include <limits.h>
| #undef cospi
| 
| /* Override any GCC internal prototype to avoid an error.
|    Use char because int might match the return type of a GCC
|    builtin and then its argument prototype would still apply.  */
| #ifdef __cplusplus
| extern "C"
| #endif
| char cospi (void);
| /* The GNU C library defines this for functions which it implements
|     to always fail with ENOSYS.  Some functions are actually named
|     something starting with __ and the normal name is an alias.  */
| #if defined __stub_cospi || defined __stub___cospi
| choke me
| #endif
| 
| int
| main (void)
| {
| return cospi ();
|   ;
|   return 0;
| }
configure:44262: result: no
configure:44262: checking for exp10
configure:44262: gcc -std=gnu23 -o conftest  -g -O2 -fPIC -I/opt/homebrew/include  -L/opt/homebrew/lib conftest.c -ldl -lm  >&5
Undefined symbols for architecture arm64:
  "_exp10", referenced from:
      _main in conftest-dceedc.o
ld: symbol(s) not found for architecture arm64
clang: error: linker command failed with exit code 1 (use -v to see invocation)
configure:44262: $? = 1
configure: failed program was:
| /* confdefs.h */
| #define PACKAGE_NAME "R"
| #define PACKAGE_TARNAME "R"
| #define PACKAGE_VERSION "4.6.0"
| #define PACKAGE_STRING "R 4.6.0"
| #define PACKAGE_BUGREPORT "https://bugs.r-project.org"
| #define PACKAGE_URL "https://www.r-project.org"
| #define PACKAGE "R"
| #define VERSION "4.6.0"
| #define R_PLATFORM "aarch64-apple-darwin25.6.0"
| #define R_CPU "aarch64"
| #define R_VENDOR "apple"
| #define R_OS "darwin25.6.0"
| #define Unix 1
| #define R_ARCH ""
| #define HAVE_STDIO_H 1
| #define HAVE_STDLIB_H 1
| #define HAVE_STRING_H 1
| #define HAVE_INTTYPES_H 1
| #define HAVE_STDINT_H 1
| #define HAVE_STRINGS_H 1
| #define HAVE_SYS_STAT_H 1
| #define HAVE_SYS_TYPES_H 1
| #define HAVE_UNISTD_H 1
| #define HAVE_WCHAR_H 1
| #define HAVE_SYS_TIME_H 1
| #define HAVE_SYS_PARAM_H 1
| #define STDC_HEADERS 1
| #define _ALL_SOURCE 1
| #define _DARWIN_C_SOURCE 1
| #define _GNU_SOURCE 1
| #define _HPUX_ALT_XOPEN_SOCKET_API 1
| #define _NETBSD_SOURCE 1
| #define _OPENBSD_SOURCE 1
| #define _POSIX_PTHREAD_SEMANTICS 1
| #define __STDC_WANT_IEC_60559_ATTRIBS_EXT__ 1
| #define __STDC_WANT_IEC_60559_BFP_EXT__ 1
| #define __STDC_WANT_IEC_60559_DFP_EXT__ 1
| #define __STDC_WANT_IEC_60559_EXT__ 1
| #define __STDC_WANT_IEC_60559_FUNCS_EXT__ 1
| #define __STDC_WANT_IEC_60559_TYPES_EXT__ 1
| #define __STDC_WANT_LIB_EXT2__ 1
| #define __STDC_WANT_MATH_SPEC_FUNCS__ 1
| #define _TANDEM_SOURCE 1
| #define __EXTENSIONS__ 1
| #define HAVE_VISIBILITY_ATTRIBUTE 1
| #define HAVE_DLFCN_H 1
| #define LT_OBJDIR ".libs/"
| #define HAVE_LIBM 1
| #define HAVE_LIBDL 1
| #define HAVE_DIRENT_H 1
| #define HAVE_SYS_WAIT_H 1
| #define HAVE_DLFCN_H 1
| #define HAVE_FCNTL_H 1
| #define HAVE_GLOB_H 1
| #define HAVE_GRP_H 1
| #define HAVE_PWD_H 1
| #define HAVE_SCHED_H 1
| #define HAVE_STRINGS_H 1
| #define HAVE_SYS_RESOURCE_H 1
| #define HAVE_SYS_SELECT_H 1
| #define HAVE_SYS_SOCKET_H 1
| #define HAVE_SYS_STAT_H 1
| #define HAVE_SYS_TIME_H 1
| #define HAVE_SYS_TIMES_H 1
| #define HAVE_SYS_UTSNAME_H 1
| #define HAVE_UNISTD_H 1
| #define HAVE_UTIME_H 1
| #define HAVE_ARPA_INET_H 1
| #define HAVE_LANGINFO_H 1
| #define HAVE_NETDB_H 1
| #define HAVE_NETINET_IN_H 1
| #define HAVE_SYS_PARAM_H 1
| #define HAVE_STDALIGN_H 1
| #define HAVE_ERRNO_H 1
| #define HAVE_INTTYPES_H 1
| #define HAVE_LIMITS_H 1
| #define HAVE_LOCALE_H 1
| #define HAVE_STDARG_H 1
| #define HAVE_STDBOOL_H 1
| #define HAVE_STDINT_H 1
| #define HAVE_STRING_H 1
| #define HAVE_DECL_SIGSETJMP 1
| #define HAVE_DECL_SIGLONGJMP 1
| #define HAVE_POSIX_SETJMP 1
| #define HAVE_INT64_T 1
| #define HAVE_INT_FAST64_T 1
| #define HAVE_DECL_SIZE_MAX 1
| #define R_SOCKLEN_T socklen_t
| #define HAVE_STACK_T 1
| #define HAVE_INTPTR_T 1
| #define HAVE_UINTPTR_T 1
| #define R_INLINE inline
| #define SIZEOF_INT 4
| #define INT_32_BITS 1
| #define SIZEOF_LONG 8
| #define SIZEOF_LONG_LONG 8
| #define SIZEOF_DOUBLE 8
| #define SIZEOF_SIZE_T 8
| #define C_STACK_DIRECTION 1
| #define HAVE_LONG_DOUBLE 1
| #define SIZEOF_LONG_DOUBLE 8
| #define FC_FUNC(name,NAME) name ## _
| #define FC_FUNC_(name,NAME) name ## _
| #define HAVE_F77_UNDERSCORE 1
| #define HAVE_FORTRAN_DOUBLE_COMPLEX 1
| #define HAVE_NO_SYMBOL_UNDERSCORE 1
| #define FC_LEN_T size_t
| #define SHLIB_EXT ".so"
| #define HAVE_PTHREAD 1
| #define HAVE_OFF_T 1
| #define HAVE_ALLOCA_H 1
| #define HAVE_ALLOCA 1
| #define HAVE_DECL_ALLOCA 1
| #define HAVE_EXPM1 1
| #define HAVE_HYPOT 1
| #define HAVE_LOG1P 1
| #define HAVE_LOG1PL 1
| #define HAVE_LOG2 1
| #define HAVE_LOG10 1
| #define HAVE_NEARBYINT 1
| #define HAVE_NEARBYINTL 1
| #define HAVE_POWL 1
| #define HAVE_RINTL 1
| #define HAVE_VA_COPY 1
| #define HAVE_ISBLANK 1
| /* end confdefs.h.  */
| /* Define exp10 to an innocuous variant, in case <limits.h> declares exp10.
|    For example, HP-UX 11i <limits.h> declares gettimeofday.  */
| #define exp10 innocuous_exp10
| 
| /* System header to define __stub macros and hopefully few prototypes,
|    which can conflict with char exp10 (void); below.  */
| 
| #include <limits.h>
| #undef exp10
| 
| /* Override any GCC internal prototype to avoid an error.
|    Use char because int might match the return type of a GCC
|    builtin and then its argument prototype would still apply.  */
| #ifdef __cplusplus
| extern "C"
| #endif
| char exp10 (void);
| /* The GNU C library defines this for functions which it implements
|     to always fail with ENOSYS.  Some functions are actually named
|     something starting with __ and the normal name is an alias.  */
| #if defined __stub_exp10 || defined __stub___exp10
| choke me
| #endif
| 
| int
| main (void)
| {
| return exp10 ();
|   ;
|   return 0;
| }
configure:44262: result: no
configure:44262: checking for pown
configure:44262: gcc -std=gnu23 -o conftest  -g -O2 -fPIC -I/opt/homebrew/include  -L/opt/homebrew/lib conftest.c -ldl -lm  >&5
Undefined symbols for architecture arm64:
  "_pown", referenced from:
      _main in conftest-756fdf.o
ld: symbol(s) not found for architecture arm64
clang: error: linker command failed with exit code 1 (use -v to see invocation)
configure:44262: $? = 1
configure: failed program was:
| /* confdefs.h */
| #define PACKAGE_NAME "R"
| #define PACKAGE_TARNAME "R"
| #define PACKAGE_VERSION "4.6.0"
| #define PACKAGE_STRING "R 4.6.0"
| #define PACKAGE_BUGREPORT "https://bugs.r-project.org"
| #define PACKAGE_URL "https://www.r-project.org"
| #define PACKAGE "R"
| #define VERSION "4.6.0"
| #define R_PLATFORM "aarch64-apple-darwin25.6.0"
| #define R_CPU "aarch64"
| #define R_VENDOR "apple"
| #define R_OS "darwin25.6.0"
| #define Unix 1
| #define R_ARCH ""
| #define HAVE_STDIO_H 1
| #define HAVE_STDLIB_H 1
| #define HAVE_STRING_H 1
| #define HAVE_INTTYPES_H 1
| #define HAVE_STDINT_H 1
| #define HAVE_STRINGS_H 1
| #define HAVE_SYS_STAT_H 1
| #define HAVE_SYS_TYPES_H 1
| #define HAVE_UNISTD_H 1
| #define HAVE_WCHAR_H 1
| #define HAVE_SYS_TIME_H 1
| #define HAVE_SYS_PARAM_H 1
| #define STDC_HEADERS 1
| #define _ALL_SOURCE 1
| #define _DARWIN_C_SOURCE 1
| #define _GNU_SOURCE 1
| #define _HPUX_ALT_XOPEN_SOCKET_API 1
| #define _NETBSD_SOURCE 1
| #define _OPENBSD_SOURCE 1
| #define _POSIX_PTHREAD_SEMANTICS 1
| #define __STDC_WANT_IEC_60559_ATTRIBS_EXT__ 1
| #define __STDC_WANT_IEC_60559_BFP_EXT__ 1
| #define __STDC_WANT_IEC_60559_DFP_EXT__ 1
| #define __STDC_WANT_IEC_60559_EXT__ 1
| #define __STDC_WANT_IEC_60559_FUNCS_EXT__ 1
| #define __STDC_WANT_IEC_60559_TYPES_EXT__ 1
| #define __STDC_WANT_LIB_EXT2__ 1
| #define __STDC_WANT_MATH_SPEC_FUNCS__ 1
| #define _TANDEM_SOURCE 1
| #define __EXTENSIONS__ 1
| #define HAVE_VISIBILITY_ATTRIBUTE 1
| #define HAVE_DLFCN_H 1
| #define LT_OBJDIR ".libs/"
| #define HAVE_LIBM 1
| #define HAVE_LIBDL 1
| #define HAVE_DIRENT_H 1
| #define HAVE_SYS_WAIT_H 1
| #define HAVE_DLFCN_H 1
| #define HAVE_FCNTL_H 1
| #define HAVE_GLOB_H 1
| #define HAVE_GRP_H 1
| #define HAVE_PWD_H 1
| #define HAVE_SCHED_H 1
| #define HAVE_STRINGS_H 1
| #define HAVE_SYS_RESOURCE_H 1
| #define HAVE_SYS_SELECT_H 1
| #define HAVE_SYS_SOCKET_H 1
| #define HAVE_SYS_STAT_H 1
| #define HAVE_SYS_TIME_H 1
| #define HAVE_SYS_TIMES_H 1
| #define HAVE_SYS_UTSNAME_H 1
| #define HAVE_UNISTD_H 1
| #define HAVE_UTIME_H 1
| #define HAVE_ARPA_INET_H 1
| #define HAVE_LANGINFO_H 1
| #define HAVE_NETDB_H 1
| #define HAVE_NETINET_IN_H 1
| #define HAVE_SYS_PARAM_H 1
| #define HAVE_STDALIGN_H 1
| #define HAVE_ERRNO_H 1
| #define HAVE_INTTYPES_H 1
| #define HAVE_LIMITS_H 1
| #define HAVE_LOCALE_H 1
| #define HAVE_STDARG_H 1
| #define HAVE_STDBOOL_H 1
| #define HAVE_STDINT_H 1
| #define HAVE_STRING_H 1
| #define HAVE_DECL_SIGSETJMP 1
| #define HAVE_DECL_SIGLONGJMP 1
| #define HAVE_POSIX_SETJMP 1
| #define HAVE_INT64_T 1
| #define HAVE_INT_FAST64_T 1
| #define HAVE_DECL_SIZE_MAX 1
| #define R_SOCKLEN_T socklen_t
| #define HAVE_STACK_T 1
| #define HAVE_INTPTR_T 1
| #define HAVE_UINTPTR_T 1
| #define R_INLINE inline
| #define SIZEOF_INT 4
| #define INT_32_BITS 1
| #define SIZEOF_LONG 8
| #define SIZEOF_LONG_LONG 8
| #define SIZEOF_DOUBLE 8
| #define SIZEOF_SIZE_T 8
| #define C_STACK_DIRECTION 1
| #define HAVE_LONG_DOUBLE 1
| #define SIZEOF_LONG_DOUBLE 8
| #define FC_FUNC(name,NAME) name ## _
| #define FC_FUNC_(name,NAME) name ## _
| #define HAVE_F77_UNDERSCORE 1
| #define HAVE_FORTRAN_DOUBLE_COMPLEX 1
| #define HAVE_NO_SYMBOL_UNDERSCORE 1
| #define FC_LEN_T size_t
| #define SHLIB_EXT ".so"
| #define HAVE_PTHREAD 1
| #define HAVE_OFF_T 1
| #define HAVE_ALLOCA_H 1
| #define HAVE_ALLOCA 1
| #define HAVE_DECL_ALLOCA 1
| #define HAVE_EXPM1 1
| #define HAVE_HYPOT 1
| #define HAVE_LOG1P 1
| #define HAVE_LOG1PL 1
| #define HAVE_LOG2 1
| #define HAVE_LOG10 1
| #define HAVE_NEARBYINT 1
| #define HAVE_NEARBYINTL 1
| #define HAVE_POWL 1
| #define HAVE_RINTL 1
| #define HAVE_VA_COPY 1
| #define HAVE_ISBLANK 1
| /* end confdefs.h.  */
| /* Define pown to an innocuous variant, in case <limits.h> declares pown.
|    For example, HP-UX 11i <limits.h> declares gettimeofday.  */
| #define pown innocuous_pown
| 
| /* System header to define __stub macros and hopefully few prototypes,
|    which can conflict with char pown (void); below.  */
| 
| #include <limits.h>
| #undef pown
| 
| /* Override any GCC internal prototype to avoid an error.
|    Use char because int might match the return type of a GCC
|    builtin and then its argument prototype would still apply.  */
| #ifdef __cplusplus
| extern "C"
| #endif
| char pown (void);
| /* The GNU C library defines this for functions which it implements
|     to always fail with ENOSYS.  Some functions are actually named
|     something starting with __ and the normal name is an alias.  */
| #if defined __stub_pown || defined __stub___pown
| choke me
| #endif
| 
| int
| main (void)
| {
| return pown ();
|   ;
|   return 0;
| }
configure:44262: result: no
configure:44262: checking for sinpi
configure:44262: gcc -std=gnu23 -o conftest  -g -O2 -fPIC -I/opt/homebrew/include  -L/opt/homebrew/lib conftest.c -ldl -lm  >&5
Undefined symbols for architecture arm64:
  "_sinpi", referenced from:
      _main in conftest-dd5883.o
ld: symbol(s) not found for architecture arm64
clang: error: linker command failed with exit code 1 (use -v to see invocation)
configure:44262: $? = 1
configure: failed program was:
| /* confdefs.h */
| #define PACKAGE_NAME "R"
| #define PACKAGE_TARNAME "R"
| #define PACKAGE_VERSION "4.6.0"
| #define PACKAGE_STRING "R 4.6.0"
| #define PACKAGE_BUGREPORT "https://bugs.r-project.org"
| #define PACKAGE_URL "https://www.r-project.org"
| #define PACKAGE "R"
| #define VERSION "4.6.0"
| #define R_PLATFORM "aarch64-apple-darwin25.6.0"
| #define R_CPU "aarch64"
| #define R_VENDOR "apple"
| #define R_OS "darwin25.6.0"
| #define Unix 1
| #define R_ARCH ""
| #define HAVE_STDIO_H 1
| #define HAVE_STDLIB_H 1
| #define HAVE_STRING_H 1
| #define HAVE_INTTYPES_H 1
| #define HAVE_STDINT_H 1
| #define HAVE_STRINGS_H 1
| #define HAVE_SYS_STAT_H 1
| #define HAVE_SYS_TYPES_H 1
| #define HAVE_UNISTD_H 1
| #define HAVE_WCHAR_H 1
| #define HAVE_SYS_TIME_H 1
| #define HAVE_SYS_PARAM_H 1
| #define STDC_HEADERS 1
| #define _ALL_SOURCE 1
| #define _DARWIN_C_SOURCE 1
| #define _GNU_SOURCE 1
| #define _HPUX_ALT_XOPEN_SOCKET_API 1
| #define _NETBSD_SOURCE 1
| #define _OPENBSD_SOURCE 1
| #define _POSIX_PTHREAD_SEMANTICS 1
| #define __STDC_WANT_IEC_60559_ATTRIBS_EXT__ 1
| #define __STDC_WANT_IEC_60559_BFP_EXT__ 1
| #define __STDC_WANT_IEC_60559_DFP_EXT__ 1
| #define __STDC_WANT_IEC_60559_EXT__ 1
| #define __STDC_WANT_IEC_60559_FUNCS_EXT__ 1
| #define __STDC_WANT_IEC_60559_TYPES_EXT__ 1
| #define __STDC_WANT_LIB_EXT2__ 1
| #define __STDC_WANT_MATH_SPEC_FUNCS__ 1
| #define _TANDEM_SOURCE 1
| #define __EXTENSIONS__ 1
| #define HAVE_VISIBILITY_ATTRIBUTE 1
| #define HAVE_DLFCN_H 1
| #define LT_OBJDIR ".libs/"
| #define HAVE_LIBM 1
| #define HAVE_LIBDL 1
| #define HAVE_DIRENT_H 1
| #define HAVE_SYS_WAIT_H 1
| #define HAVE_DLFCN_H 1
| #define HAVE_FCNTL_H 1
| #define HAVE_GLOB_H 1
| #define HAVE_GRP_H 1
| #define HAVE_PWD_H 1
| #define HAVE_SCHED_H 1
| #define HAVE_STRINGS_H 1
| #define HAVE_SYS_RESOURCE_H 1
| #define HAVE_SYS_SELECT_H 1
| #define HAVE_SYS_SOCKET_H 1
| #define HAVE_SYS_STAT_H 1
| #define HAVE_SYS_TIME_H 1
| #define HAVE_SYS_TIMES_H 1
| #define HAVE_SYS_UTSNAME_H 1
| #define HAVE_UNISTD_H 1
| #define HAVE_UTIME_H 1
| #define HAVE_ARPA_INET_H 1
| #define HAVE_LANGINFO_H 1
| #define HAVE_NETDB_H 1
| #define HAVE_NETINET_IN_H 1
| #define HAVE_SYS_PARAM_H 1
| #define HAVE_STDALIGN_H 1
| #define HAVE_ERRNO_H 1
| #define HAVE_INTTYPES_H 1
| #define HAVE_LIMITS_H 1
| #define HAVE_LOCALE_H 1
| #define HAVE_STDARG_H 1
| #define HAVE_STDBOOL_H 1
| #define HAVE_STDINT_H 1
| #define HAVE_STRING_H 1
| #define HAVE_DECL_SIGSETJMP 1
| #define HAVE_DECL_SIGLONGJMP 1
| #define HAVE_POSIX_SETJMP 1
| #define HAVE_INT64_T 1
| #define HAVE_INT_FAST64_T 1
| #define HAVE_DECL_SIZE_MAX 1
| #define R_SOCKLEN_T socklen_t
| #define HAVE_STACK_T 1
| #define HAVE_INTPTR_T 1
| #define HAVE_UINTPTR_T 1
| #define R_INLINE inline
| #define SIZEOF_INT 4
| #define INT_32_BITS 1
| #define SIZEOF_LONG 8
| #define SIZEOF_LONG_LONG 8
| #define SIZEOF_DOUBLE 8
| #define SIZEOF_SIZE_T 8
| #define C_STACK_DIRECTION 1
| #define HAVE_LONG_DOUBLE 1
| #define SIZEOF_LONG_DOUBLE 8
| #define FC_FUNC(name,NAME) name ## _
| #define FC_FUNC_(name,NAME) name ## _
| #define HAVE_F77_UNDERSCORE 1
| #define HAVE_FORTRAN_DOUBLE_COMPLEX 1
| #define HAVE_NO_SYMBOL_UNDERSCORE 1
| #define FC_LEN_T size_t
| #define SHLIB_EXT ".so"
| #define HAVE_PTHREAD 1
| #define HAVE_OFF_T 1
| #define HAVE_ALLOCA_H 1
| #define HAVE_ALLOCA 1
| #define HAVE_DECL_ALLOCA 1
| #define HAVE_EXPM1 1
| #define HAVE_HYPOT 1
| #define HAVE_LOG1P 1
| #define HAVE_LOG1PL 1
| #define HAVE_LOG2 1
| #define HAVE_LOG10 1
| #define HAVE_NEARBYINT 1
| #define HAVE_NEARBYINTL 1
| #define HAVE_POWL 1
| #define HAVE_RINTL 1
| #define HAVE_VA_COPY 1
| #define HAVE_ISBLANK 1
| /* end confdefs.h.  */
| /* Define sinpi to an innocuous variant, in case <limits.h> declares sinpi.
|    For example, HP-UX 11i <limits.h> declares gettimeofday.  */
| #define sinpi innocuous_sinpi
| 
| /* System header to define __stub macros and hopefully few prototypes,
|    which can conflict with char sinpi (void); below.  */
| 
| #include <limits.h>
| #undef sinpi
| 
| /* Override any GCC internal prototype to avoid an error.
|    Use char because int might match the return type of a GCC
|    builtin and then its argument prototype would still apply.  */
| #ifdef __cplusplus
| extern "C"
| #endif
| char sinpi (void);
| /* The GNU C library defines this for functions which it implements
|     to always fail with ENOSYS.  Some functions are actually named
|     something starting with __ and the normal name is an alias.  */
| #if defined __stub_sinpi || defined __stub___sinpi
| choke me
| #endif
| 
| int
| main (void)
| {
| return sinpi ();
|   ;
|   return 0;
| }
configure:44262: result: no
configure:44262: checking for tanpi
configure:44262: gcc -std=gnu23 -o conftest  -g -O2 -fPIC -I/opt/homebrew/include  -L/opt/homebrew/lib conftest.c -ldl -lm  >&5
Undefined symbols for architecture arm64:
  "_tanpi", referenced from:
      _main in conftest-b7039b.o
ld: symbol(s) not found for architecture arm64
clang: error: linker command failed with exit code 1 (use -v to see invocation)
configure:44262: $? = 1
configure: failed program was:
| /* confdefs.h */
| #define PACKAGE_NAME "R"
| #define PACKAGE_TARNAME "R"
| #define PACKAGE_VERSION "4.6.0"
| #define PACKAGE_STRING "R 4.6.0"
| #define PACKAGE_BUGREPORT "https://bugs.r-project.org"
| #define PACKAGE_URL "https://www.r-project.org"
| #define PACKAGE "R"
| #define VERSION "4.6.0"
| #define R_PLATFORM "aarch64-apple-darwin25.6.0"
| #define R_CPU "aarch64"
| #define R_VENDOR "apple"
| #define R_OS "darwin25.6.0"
| #define Unix 1
| #define R_ARCH ""
| #define HAVE_STDIO_H 1
| #define HAVE_STDLIB_H 1
| #define HAVE_STRING_H 1
| #define HAVE_INTTYPES_H 1
| #define HAVE_STDINT_H 1
| #define HAVE_STRINGS_H 1
| #define HAVE_SYS_STAT_H 1
| #define HAVE_SYS_TYPES_H 1
| #define HAVE_UNISTD_H 1
| #define HAVE_WCHAR_H 1
| #define HAVE_SYS_TIME_H 1
| #define HAVE_SYS_PARAM_H 1
| #define STDC_HEADERS 1
| #define _ALL_SOURCE 1
| #define _DARWIN_C_SOURCE 1
| #define _GNU_SOURCE 1
| #define _HPUX_ALT_XOPEN_SOCKET_API 1
| #define _NETBSD_SOURCE 1
| #define _OPENBSD_SOURCE 1
| #define _POSIX_PTHREAD_SEMANTICS 1
| #define __STDC_WANT_IEC_60559_ATTRIBS_EXT__ 1
| #define __STDC_WANT_IEC_60559_BFP_EXT__ 1
| #define __STDC_WANT_IEC_60559_DFP_EXT__ 1
| #define __STDC_WANT_IEC_60559_EXT__ 1
| #define __STDC_WANT_IEC_60559_FUNCS_EXT__ 1
| #define __STDC_WANT_IEC_60559_TYPES_EXT__ 1
| #define __STDC_WANT_LIB_EXT2__ 1
| #define __STDC_WANT_MATH_SPEC_FUNCS__ 1
| #define _TANDEM_SOURCE 1
| #define __EXTENSIONS__ 1
| #define HAVE_VISIBILITY_ATTRIBUTE 1
| #define HAVE_DLFCN_H 1
| #define LT_OBJDIR ".libs/"
| #define HAVE_LIBM 1
| #define HAVE_LIBDL 1
| #define HAVE_DIRENT_H 1
| #define HAVE_SYS_WAIT_H 1
| #define HAVE_DLFCN_H 1
| #define HAVE_FCNTL_H 1
| #define HAVE_GLOB_H 1
| #define HAVE_GRP_H 1
| #define HAVE_PWD_H 1
| #define HAVE_SCHED_H 1
| #define HAVE_STRINGS_H 1
| #define HAVE_SYS_RESOURCE_H 1
| #define HAVE_SYS_SELECT_H 1
| #define HAVE_SYS_SOCKET_H 1
| #define HAVE_SYS_STAT_H 1
| #define HAVE_SYS_TIME_H 1
| #define HAVE_SYS_TIMES_H 1
| #define HAVE_SYS_UTSNAME_H 1
| #define HAVE_UNISTD_H 1
| #define HAVE_UTIME_H 1
| #define HAVE_ARPA_INET_H 1
| #define HAVE_LANGINFO_H 1
| #define HAVE_NETDB_H 1
| #define HAVE_NETINET_IN_H 1
| #define HAVE_SYS_PARAM_H 1
| #define HAVE_STDALIGN_H 1
| #define HAVE_ERRNO_H 1
| #define HAVE_INTTYPES_H 1
| #define HAVE_LIMITS_H 1
| #define HAVE_LOCALE_H 1
| #define HAVE_STDARG_H 1
| #define HAVE_STDBOOL_H 1
| #define HAVE_STDINT_H 1
| #define HAVE_STRING_H 1
| #define HAVE_DECL_SIGSETJMP 1
| #define HAVE_DECL_SIGLONGJMP 1
| #define HAVE_POSIX_SETJMP 1
| #define HAVE_INT64_T 1
| #define HAVE_INT_FAST64_T 1
| #define HAVE_DECL_SIZE_MAX 1
| #define R_SOCKLEN_T socklen_t
| #define HAVE_STACK_T 1
| #define HAVE_INTPTR_T 1
| #define HAVE_UINTPTR_T 1
| #define R_INLINE inline
| #define SIZEOF_INT 4
| #define INT_32_BITS 1
| #define SIZEOF_LONG 8
| #define SIZEOF_LONG_LONG 8
| #define SIZEOF_DOUBLE 8
| #define SIZEOF_SIZE_T 8
| #define C_STACK_DIRECTION 1
| #define HAVE_LONG_DOUBLE 1
| #define SIZEOF_LONG_DOUBLE 8
| #define FC_FUNC(name,NAME) name ## _
| #define FC_FUNC_(name,NAME) name ## _
| #define HAVE_F77_UNDERSCORE 1
| #define HAVE_FORTRAN_DOUBLE_COMPLEX 1
| #define HAVE_NO_SYMBOL_UNDERSCORE 1
| #define FC_LEN_T size_t
| #define SHLIB_EXT ".so"
| #define HAVE_PTHREAD 1
| #define HAVE_OFF_T 1
| #define HAVE_ALLOCA_H 1
| #define HAVE_ALLOCA 1
| #define HAVE_DECL_ALLOCA 1
| #define HAVE_EXPM1 1
| #define HAVE_HYPOT 1
| #define HAVE_LOG1P 1
| #define HAVE_LOG1PL 1
| #define HAVE_LOG2 1
| #define HAVE_LOG10 1
| #define HAVE_NEARBYINT 1
| #define HAVE_NEARBYINTL 1
| #define HAVE_POWL 1
| #define HAVE_RINTL 1
| #define HAVE_VA_COPY 1
| #define HAVE_ISBLANK 1
| /* end confdefs.h.  */
| /* Define tanpi to an innocuous variant, in case <limits.h> declares tanpi.
|    For example, HP-UX 11i <limits.h> declares gettimeofday.  */
| #define tanpi innocuous_tanpi
| 
| /* System header to define __stub macros and hopefully few prototypes,
|    which can conflict with char tanpi (void); below.  */
| 
| #include <limits.h>
| #undef tanpi
| 
| /* Override any GCC internal prototype to avoid an error.
|    Use char because int might match the return type of a GCC
|    builtin and then its argument prototype would still apply.  */
| #ifdef __cplusplus
| extern "C"
| #endif
| char tanpi (void);
| /* The GNU C library defines this for functions which it implements
|     to always fail with ENOSYS.  Some functions are actually named
|     something starting with __ and the normal name is an alias.  */
| #if defined __stub_tanpi || defined __stub___tanpi
| choke me
| #endif
| 
| int
| main (void)
| {
| return tanpi ();
|   ;
|   return 0;
| }
configure:44262: result: no
configure:44262: checking for __cospi
configure:44262: gcc -std=gnu23 -o conftest  -g -O2 -fPIC -I/opt/homebrew/include  -L/opt/homebrew/lib conftest.c -ldl -lm  >&5
conftest.c:144:6: warning: incompatible redeclaration of library function '__cospi' [-Wincompatible-library-redeclaration]
  144 | char __cospi (void);
      |      ^
conftest.c:144:6: note: '__cospi' is a builtin with type 'double (double)'
1 warning generated.
configure:44262: $? = 0
configure:44262: result: yes
configure:44262: checking for __sinpi
configure:44262: gcc -std=gnu23 -o conftest  -g -O2 -fPIC -I/opt/homebrew/include  -L/opt/homebrew/lib conftest.c -ldl -lm  >&5
conftest.c:145:6: warning: incompatible redeclaration of library function '__sinpi' [-Wincompatible-library-redeclaration]
  145 | char __sinpi (void);
      |      ^
conftest.c:145:6: note: '__sinpi' is a builtin with type 'double (double)'
1 warning generated.
configure:44262: $? = 0
configure:44262: result: yes
configure:44262: checking for __tanpi
configure:44262: gcc -std=gnu23 -o conftest  -g -O2 -fPIC -I/opt/homebrew/include  -L/opt/homebrew/lib conftest.c -ldl -lm  >&5
conftest.c:146:6: warning: incompatible redeclaration of library function '__tanpi' [-Wincompatible-library-redeclaration]
  146 | char __tanpi (void);
      |      ^
conftest.c:146:6: note: '__tanpi' is a builtin with type 'double (double)'
1 warning generated.
configure:44262: $? = 0
configure:44262: result: yes
configure:44278: checking for fseeko
configure:44278: gcc -std=gnu23 -o conftest  -g -O2 -fPIC -I/opt/homebrew/include  -L/opt/homebrew/lib conftest.c -ldl -lm  >&5
configure:44278: $? = 0
configure:44278: result: yes
configure:44284: checking for ftello
configure:44284: gcc -std=gnu23 -o conftest  -g -O2 -fPIC -I/opt/homebrew/include  -L/opt/homebrew/lib conftest.c -ldl -lm  >&5
configure:44284: $? = 0
configure:44284: result: yes
configure:44296: checking whether fcntl exists and is declared
configure:44325: gcc -std=gnu23 -o conftest  -g -O2 -fPIC -I/opt/homebrew/include  -L/opt/homebrew/lib conftest.c -ldl -lm  >&5
configure:44325: $? = 0
configure:44337: result: yes
configure:44351: checking whether getgrgid exists and is declared
configure:44380: gcc -std=gnu23 -o conftest  -g -O2 -fPIC -I/opt/homebrew/include  -L/opt/homebrew/lib conftest.c -ldl -lm  >&5
configure:44380: $? = 0
configure:44392: result: yes
configure:44406: checking whether getpwnam exists and is declared
configure:44435: gcc -std=gnu23 -o conftest  -g -O2 -fPIC -I/opt/homebrew/include  -L/opt/homebrew/lib conftest.c -ldl -lm  >&5
configure:44435: $? = 0
configure:44447: result: yes
configure:44406: checking whether getpwuid exists and is declared
configure:44435: gcc -std=gnu23 -o conftest  -g -O2 -fPIC -I/opt/homebrew/include  -L/opt/homebrew/lib conftest.c -ldl -lm  >&5
configure:44435: $? = 0
configure:44447: result: yes
configure:44461: checking whether kill exists and is declared
configure:44490: gcc -std=gnu23 -o conftest  -g -O2 -fPIC -I/opt/homebrew/include  -L/opt/homebrew/lib conftest.c -ldl -lm  >&5
configure:44490: $? = 0
configure:44502: result: yes
configure:44461: checking whether sigaction exists and is declared
configure:44490: gcc -std=gnu23 -o conftest  -g -O2 -fPIC -I/opt/homebrew/include  -L/opt/homebrew/lib conftest.c -ldl -lm  >&5
configure:44490: $? = 0
configure:44502: result: yes
configure:44461: checking whether sigaltstack exists and is declared
configure:44490: gcc -std=gnu23 -o conftest  -g -O2 -fPIC -I/opt/homebrew/include  -L/opt/homebrew/lib conftest.c -ldl -lm  >&5
configure:44490: $? = 0
configure:44502: result: yes
configure:44461: checking whether sigemptyset exists and is declared
configure:44490: gcc -std=gnu23 -o conftest  -g -O2 -fPIC -I/opt/homebrew/include  -L/opt/homebrew/lib conftest.c -ldl -lm  >&5
configure:44490: $? = 0
configure:44502: result: yes
configure:44516: checking whether fdopen exists and is declared
configure:44545: gcc -std=gnu23 -o conftest  -g -O2 -fPIC -I/opt/homebrew/include  -L/opt/homebrew/lib conftest.c -ldl -lm  >&5
configure:44545: $? = 0
configure:44557: result: yes
configure:44516: checking whether popen exists and is declared
configure:44545: gcc -std=gnu23 -o conftest  -g -O2 -fPIC -I/opt/homebrew/include  -L/opt/homebrew/lib conftest.c -ldl -lm  >&5
configure:44545: $? = 0
configure:44557: result: yes
configure:44574: checking whether getline exists and is declared
configure:44603: gcc -std=gnu23 -o conftest  -g -O2 -fPIC -I/opt/homebrew/include  -L/opt/homebrew/lib conftest.c -ldl -lm  >&5
configure:44603: $? = 0
configure:44615: result: yes
configure:44629: checking whether select exists and is declared
configure:44663: gcc -std=gnu23 -o conftest  -g -O2 -fPIC -I/opt/homebrew/include  -L/opt/homebrew/lib conftest.c -ldl -lm  >&5
configure:44663: $? = 0
configure:44675: result: yes
configure:44702: checking whether setenv exists and is declared
configure:44731: gcc -std=gnu23 -o conftest  -g -O2 -fPIC -I/opt/homebrew/include  -L/opt/homebrew/lib conftest.c -ldl -lm  >&5
configure:44731: $? = 0
configure:44743: result: yes
configure:44702: checking whether unsetenv exists and is declared
configure:44731: gcc -std=gnu23 -o conftest  -g -O2 -fPIC -I/opt/homebrew/include  -L/opt/homebrew/lib conftest.c -ldl -lm  >&5
configure:44731: $? = 0
configure:44743: result: yes
configure:44757: checking whether getrlimit exists and is declared
configure:44786: gcc -std=gnu23 -o conftest  -g -O2 -fPIC -I/opt/homebrew/include  -L/opt/homebrew/lib conftest.c -ldl -lm  >&5
configure:44786: $? = 0
configure:44798: result: yes
configure:44757: checking whether setrlimit exists and is declared
configure:44786: gcc -std=gnu23 -o conftest  -g -O2 -fPIC -I/opt/homebrew/include  -L/opt/homebrew/lib conftest.c -ldl -lm  >&5
configure:44786: $? = 0
configure:44798: result: yes
configure:44757: checking whether getrusage exists and is declared
configure:44786: gcc -std=gnu23 -o conftest  -g -O2 -fPIC -I/opt/homebrew/include  -L/opt/homebrew/lib conftest.c -ldl -lm  >&5
configure:44786: $? = 0
configure:44798: result: yes
configure:44757: checking whether getpriority exists and is declared
configure:44786: gcc -std=gnu23 -o conftest  -g -O2 -fPIC -I/opt/homebrew/include  -L/opt/homebrew/lib conftest.c -ldl -lm  >&5
configure:44786: $? = 0
configure:44798: result: yes
configure:44812: checking whether chmod exists and is declared
configure:44841: gcc -std=gnu23 -o conftest  -g -O2 -fPIC -I/opt/homebrew/include  -L/opt/homebrew/lib conftest.c -ldl -lm  >&5
configure:44841: $? = 0
configure:44853: result: yes
configure:44812: checking whether mkfifo exists and is declared
configure:44841: gcc -std=gnu23 -o conftest  -g -O2 -fPIC -I/opt/homebrew/include  -L/opt/homebrew/lib conftest.c -ldl -lm  >&5
configure:44841: $? = 0
configure:44853: result: yes
configure:44812: checking whether stat exists and is declared
configure:44841: gcc -std=gnu23 -o conftest  -g -O2 -fPIC -I/opt/homebrew/include  -L/opt/homebrew/lib conftest.c -ldl -lm  >&5
configure:44841: $? = 0
configure:44853: result: yes
configure:44812: checking whether umask exists and is declared
configure:44841: gcc -std=gnu23 -o conftest  -g -O2 -fPIC -I/opt/homebrew/include  -L/opt/homebrew/lib conftest.c -ldl -lm  >&5
configure:44841: $? = 0
configure:44853: result: yes
configure:44870: checking whether gettimeofday exists and is declared
configure:44899: gcc -std=gnu23 -o conftest  -g -O2 -fPIC -I/opt/homebrew/include  -L/opt/homebrew/lib conftest.c -ldl -lm  >&5
configure:44899: $? = 0
configure:44911: result: yes
configure:44870: checking whether utimes exists and is declared
configure:44899: gcc -std=gnu23 -o conftest  -g -O2 -fPIC -I/opt/homebrew/include  -L/opt/homebrew/lib conftest.c -ldl -lm  >&5
configure:44899: $? = 0
configure:44911: result: yes
configure:44925: checking whether times exists and is declared
configure:44954: gcc -std=gnu23 -o conftest  -g -O2 -fPIC -I/opt/homebrew/include  -L/opt/homebrew/lib conftest.c -ldl -lm  >&5
configure:44954: $? = 0
configure:44966: result: yes
configure:44980: checking whether gmtime_r exists and is declared
configure:45009: gcc -std=gnu23 -o conftest  -g -O2 -fPIC -I/opt/homebrew/include  -L/opt/homebrew/lib conftest.c -ldl -lm  >&5
configure:45009: $? = 0
configure:45021: result: yes
configure:44980: checking whether localtime_r exists and is declared
configure:45009: gcc -std=gnu23 -o conftest  -g -O2 -fPIC -I/opt/homebrew/include  -L/opt/homebrew/lib conftest.c -ldl -lm  >&5
configure:45009: $? = 0
configure:45021: result: yes
configure:45035: checking whether nl_langinfo exists and is declared
configure:45064: gcc -std=gnu23 -o conftest  -g -O2 -fPIC -I/opt/homebrew/include  -L/opt/homebrew/lib conftest.c -ldl -lm  >&5
configure:45064: $? = 0
configure:45076: result: yes
configure:45090: checking whether access exists and is declared
configure:45121: gcc -std=gnu23 -o conftest  -g -O2 -fPIC -I/opt/homebrew/include  -L/opt/homebrew/lib conftest.c -ldl -lm  >&5
configure:45121: $? = 0
configure:45133: result: yes
configure:45090: checking whether chdir exists and is declared
configure:45121: gcc -std=gnu23 -o conftest  -g -O2 -fPIC -I/opt/homebrew/include  -L/opt/homebrew/lib conftest.c -ldl -lm  >&5
configure:45121: $? = 0
configure:45133: result: yes
configure:45090: checking whether execv exists and is declared
configure:45121: gcc -std=gnu23 -o conftest  -g -O2 -fPIC -I/opt/homebrew/include  -L/opt/homebrew/lib conftest.c -ldl -lm  >&5
configure:45121: $? = 0
configure:45133: result: yes
configure:45090: checking whether ftruncate exists and is declared
configure:45121: gcc -std=gnu23 -o conftest  -g -O2 -fPIC -I/opt/homebrew/include  -L/opt/homebrew/lib conftest.c -ldl -lm  >&5
configure:45121: $? = 0
configure:45133: result: yes
configure:45090: checking whether getcwd exists and is declared
configure:45121: gcc -std=gnu23 -o conftest  -g -O2 -fPIC -I/opt/homebrew/include  -L/opt/homebrew/lib conftest.c -ldl -lm  >&5
configure:45121: $? = 0
configure:45133: result: yes
configure:45090: checking whether geteuid exists and is declared
configure:45121: gcc -std=gnu23 -o conftest  -g -O2 -fPIC -I/opt/homebrew/include  -L/opt/homebrew/lib conftest.c -ldl -lm  >&5
configure:45121: $? = 0
configure:45133: result: yes
configure:45090: checking whether getuid exists and is declared
configure:45121: gcc -std=gnu23 -o conftest  -g -O2 -fPIC -I/opt/homebrew/include  -L/opt/homebrew/lib conftest.c -ldl -lm  >&5
configure:45121: $? = 0
configure:45133: result: yes
configure:45090: checking whether link exists and is declared
configure:45121: gcc -std=gnu23 -o conftest  -g -O2 -fPIC -I/opt/homebrew/include  -L/opt/homebrew/lib conftest.c -ldl -lm  >&5
configure:45121: $? = 0
configure:45133: result: yes
configure:45090: checking whether readlink exists and is declared
configure:45121: gcc -std=gnu23 -o conftest  -g -O2 -fPIC -I/opt/homebrew/include  -L/opt/homebrew/lib conftest.c -ldl -lm  >&5
configure:45121: $? = 0
configure:45133: result: yes
configure:45090: checking whether symlink exists and is declared
configure:45121: gcc -std=gnu23 -o conftest  -g -O2 -fPIC -I/opt/homebrew/include  -L/opt/homebrew/lib conftest.c -ldl -lm  >&5
configure:45121: $? = 0
configure:45133: result: yes
configure:45090: checking whether sysconf exists and is declared
configure:45121: gcc -std=gnu23 -o conftest  -g -O2 -fPIC -I/opt/homebrew/include  -L/opt/homebrew/lib conftest.c -ldl -lm  >&5
configure:45121: $? = 0
configure:45133: result: yes
configure:45148: checking whether sched_setaffinity exists and is declared
configure:45177: gcc -std=gnu23 -o conftest  -g -O2 -fPIC -I/opt/homebrew/include  -L/opt/homebrew/lib conftest.c -ldl -lm  >&5
conftest.c:186:22: error: use of undeclared identifier 'sched_setaffinity'
  186 |   char *p = (char *) sched_setaffinity;
      |                      ^~~~~~~~~~~~~~~~~
1 error generated.
configure:45177: $? = 1
configure: failed program was:
| /* confdefs.h */
| #define PACKAGE_NAME "R"
| #define PACKAGE_TARNAME "R"
| #define PACKAGE_VERSION "4.6.0"
| #define PACKAGE_STRING "R 4.6.0"
| #define PACKAGE_BUGREPORT "https://bugs.r-project.org"
| #define PACKAGE_URL "https://www.r-project.org"
| #define PACKAGE "R"
| #define VERSION "4.6.0"
| #define R_PLATFORM "aarch64-apple-darwin25.6.0"
| #define R_CPU "aarch64"
| #define R_VENDOR "apple"
| #define R_OS "darwin25.6.0"
| #define Unix 1
| #define R_ARCH ""
| #define HAVE_STDIO_H 1
| #define HAVE_STDLIB_H 1
| #define HAVE_STRING_H 1
| #define HAVE_INTTYPES_H 1
| #define HAVE_STDINT_H 1
| #define HAVE_STRINGS_H 1
| #define HAVE_SYS_STAT_H 1
| #define HAVE_SYS_TYPES_H 1
| #define HAVE_UNISTD_H 1
| #define HAVE_WCHAR_H 1
| #define HAVE_SYS_TIME_H 1
| #define HAVE_SYS_PARAM_H 1
| #define STDC_HEADERS 1
| #define _ALL_SOURCE 1
| #define _DARWIN_C_SOURCE 1
| #define _GNU_SOURCE 1
| #define _HPUX_ALT_XOPEN_SOCKET_API 1
| #define _NETBSD_SOURCE 1
| #define _OPENBSD_SOURCE 1
| #define _POSIX_PTHREAD_SEMANTICS 1
| #define __STDC_WANT_IEC_60559_ATTRIBS_EXT__ 1
| #define __STDC_WANT_IEC_60559_BFP_EXT__ 1
| #define __STDC_WANT_IEC_60559_DFP_EXT__ 1
| #define __STDC_WANT_IEC_60559_EXT__ 1
| #define __STDC_WANT_IEC_60559_FUNCS_EXT__ 1
| #define __STDC_WANT_IEC_60559_TYPES_EXT__ 1
| #define __STDC_WANT_LIB_EXT2__ 1
| #define __STDC_WANT_MATH_SPEC_FUNCS__ 1
| #define _TANDEM_SOURCE 1
| #define __EXTENSIONS__ 1
| #define HAVE_VISIBILITY_ATTRIBUTE 1
| #define HAVE_DLFCN_H 1
| #define LT_OBJDIR ".libs/"
| #define HAVE_LIBM 1
| #define HAVE_LIBDL 1
| #define HAVE_DIRENT_H 1
| #define HAVE_SYS_WAIT_H 1
| #define HAVE_DLFCN_H 1
| #define HAVE_FCNTL_H 1
| #define HAVE_GLOB_H 1
| #define HAVE_GRP_H 1
| #define HAVE_PWD_H 1
| #define HAVE_SCHED_H 1
| #define HAVE_STRINGS_H 1
| #define HAVE_SYS_RESOURCE_H 1
| #define HAVE_SYS_SELECT_H 1
| #define HAVE_SYS_SOCKET_H 1
| #define HAVE_SYS_STAT_H 1
| #define HAVE_SYS_TIME_H 1
| #define HAVE_SYS_TIMES_H 1
| #define HAVE_SYS_UTSNAME_H 1
| #define HAVE_UNISTD_H 1
| #define HAVE_UTIME_H 1
| #define HAVE_ARPA_INET_H 1
| #define HAVE_LANGINFO_H 1
| #define HAVE_NETDB_H 1
| #define HAVE_NETINET_IN_H 1
| #define HAVE_SYS_PARAM_H 1
| #define HAVE_STDALIGN_H 1
| #define HAVE_ERRNO_H 1
| #define HAVE_INTTYPES_H 1
| #define HAVE_LIMITS_H 1
| #define HAVE_LOCALE_H 1
| #define HAVE_STDARG_H 1
| #define HAVE_STDBOOL_H 1
| #define HAVE_STDINT_H 1
| #define HAVE_STRING_H 1
| #define HAVE_DECL_SIGSETJMP 1
| #define HAVE_DECL_SIGLONGJMP 1
| #define HAVE_POSIX_SETJMP 1
| #define HAVE_INT64_T 1
| #define HAVE_INT_FAST64_T 1
| #define HAVE_DECL_SIZE_MAX 1
| #define R_SOCKLEN_T socklen_t
| #define HAVE_STACK_T 1
| #define HAVE_INTPTR_T 1
| #define HAVE_UINTPTR_T 1
| #define R_INLINE inline
| #define SIZEOF_INT 4
| #define INT_32_BITS 1
| #define SIZEOF_LONG 8
| #define SIZEOF_LONG_LONG 8
| #define SIZEOF_DOUBLE 8
| #define SIZEOF_SIZE_T 8
| #define C_STACK_DIRECTION 1
| #define HAVE_LONG_DOUBLE 1
| #define SIZEOF_LONG_DOUBLE 8
| #define FC_FUNC(name,NAME) name ## _
| #define FC_FUNC_(name,NAME) name ## _
| #define HAVE_F77_UNDERSCORE 1
| #define HAVE_FORTRAN_DOUBLE_COMPLEX 1
| #define HAVE_NO_SYMBOL_UNDERSCORE 1
| #define FC_LEN_T size_t
| #define SHLIB_EXT ".so"
| #define HAVE_PTHREAD 1
| #define HAVE_OFF_T 1
| #define HAVE_ALLOCA_H 1
| #define HAVE_ALLOCA 1
| #define HAVE_DECL_ALLOCA 1
| #define HAVE_EXPM1 1
| #define HAVE_HYPOT 1
| #define HAVE_LOG1P 1
| #define HAVE_LOG1PL 1
| #define HAVE_LOG2 1
| #define HAVE_LOG10 1
| #define HAVE_NEARBYINT 1
| #define HAVE_NEARBYINTL 1
| #define HAVE_POWL 1
| #define HAVE_RINTL 1
| #define HAVE_VA_COPY 1
| #define HAVE_ISBLANK 1
| #define HAVE___COSPI 1
| #define HAVE___SINPI 1
| #define HAVE___TANPI 1
| #define HAVE_FSEEKO 1
| #define HAVE_FTELLO 1
| #define HAVE_FCNTL 1
| #define HAVE_GETGRGID 1
| #define HAVE_GETPWNAM 1
| #define HAVE_GETPWUID 1
| #define HAVE_KILL 1
| #define HAVE_SIGACTION 1
| #define HAVE_SIGALTSTACK 1
| #define HAVE_SIGEMPTYSET 1
| #define HAVE_FDOPEN 1
| #define HAVE_POPEN 1
| #define HAVE_GETLINE 1
| #define HAVE_SELECT 1
| #define HAVE_SETENV 1
| #define HAVE_UNSETENV 1
| #define HAVE_GETRLIMIT 1
| #define HAVE_SETRLIMIT 1
| #define HAVE_GETRUSAGE 1
| #define HAVE_GETPRIORITY 1
| #define HAVE_CHMOD 1
| #define HAVE_MKFIFO 1
| #define HAVE_STAT 1
| #define HAVE_UMASK 1
| #define HAVE_GETTIMEOFDAY 1
| #define HAVE_UTIMES 1
| #define HAVE_TIMES 1
| #define HAVE_GMTIME_R 1
| #define HAVE_LOCALTIME_R 1
| #define HAVE_NL_LANGINFO 1
| #define HAVE_ACCESS 1
| #define HAVE_CHDIR 1
| #define HAVE_EXECV 1
| #define HAVE_FTRUNCATE 1
| #define HAVE_GETCWD 1
| #define HAVE_GETEUID 1
| #define HAVE_GETUID 1
| #define HAVE_LINK 1
| #define HAVE_READLINK 1
| #define HAVE_SYMLINK 1
| #define HAVE_SYSCONF 1
| /* end confdefs.h.  */
| #include <sched.h>
| 
| #ifdef FC_DUMMY_MAIN
| #ifndef FC_DUMMY_MAIN_EQ_F77
| #  ifdef __cplusplus
|      extern "C"
| #  endif
|    int FC_DUMMY_MAIN() { return 1; }
| #endif
| #endif
| int
| main (void)
| {
| #ifndef sched_setaffinity
|   char *p = (char *) sched_setaffinity;
| #endif
| 
|   ;
|   return 0;
| }
configure:45189: result: no
configure:45148: checking whether sched_getaffinity exists and is declared
configure:45177: gcc -std=gnu23 -o conftest  -g -O2 -fPIC -I/opt/homebrew/include  -L/opt/homebrew/lib conftest.c -ldl -lm  >&5
conftest.c:186:22: error: use of undeclared identifier 'sched_getaffinity'
  186 |   char *p = (char *) sched_getaffinity;
      |                      ^~~~~~~~~~~~~~~~~
1 error generated.
configure:45177: $? = 1
configure: failed program was:
| /* confdefs.h */
| #define PACKAGE_NAME "R"
| #define PACKAGE_TARNAME "R"
| #define PACKAGE_VERSION "4.6.0"
| #define PACKAGE_STRING "R 4.6.0"
| #define PACKAGE_BUGREPORT "https://bugs.r-project.org"
| #define PACKAGE_URL "https://www.r-project.org"
| #define PACKAGE "R"
| #define VERSION "4.6.0"
| #define R_PLATFORM "aarch64-apple-darwin25.6.0"
| #define R_CPU "aarch64"
| #define R_VENDOR "apple"
| #define R_OS "darwin25.6.0"
| #define Unix 1
| #define R_ARCH ""
| #define HAVE_STDIO_H 1
| #define HAVE_STDLIB_H 1
| #define HAVE_STRING_H 1
| #define HAVE_INTTYPES_H 1
| #define HAVE_STDINT_H 1
| #define HAVE_STRINGS_H 1
| #define HAVE_SYS_STAT_H 1
| #define HAVE_SYS_TYPES_H 1
| #define HAVE_UNISTD_H 1
| #define HAVE_WCHAR_H 1
| #define HAVE_SYS_TIME_H 1
| #define HAVE_SYS_PARAM_H 1
| #define STDC_HEADERS 1
| #define _ALL_SOURCE 1
| #define _DARWIN_C_SOURCE 1
| #define _GNU_SOURCE 1
| #define _HPUX_ALT_XOPEN_SOCKET_API 1
| #define _NETBSD_SOURCE 1
| #define _OPENBSD_SOURCE 1
| #define _POSIX_PTHREAD_SEMANTICS 1
| #define __STDC_WANT_IEC_60559_ATTRIBS_EXT__ 1
| #define __STDC_WANT_IEC_60559_BFP_EXT__ 1
| #define __STDC_WANT_IEC_60559_DFP_EXT__ 1
| #define __STDC_WANT_IEC_60559_EXT__ 1
| #define __STDC_WANT_IEC_60559_FUNCS_EXT__ 1
| #define __STDC_WANT_IEC_60559_TYPES_EXT__ 1
| #define __STDC_WANT_LIB_EXT2__ 1
| #define __STDC_WANT_MATH_SPEC_FUNCS__ 1
| #define _TANDEM_SOURCE 1
| #define __EXTENSIONS__ 1
| #define HAVE_VISIBILITY_ATTRIBUTE 1
| #define HAVE_DLFCN_H 1
| #define LT_OBJDIR ".libs/"
| #define HAVE_LIBM 1
| #define HAVE_LIBDL 1
| #define HAVE_DIRENT_H 1
| #define HAVE_SYS_WAIT_H 1
| #define HAVE_DLFCN_H 1
| #define HAVE_FCNTL_H 1
| #define HAVE_GLOB_H 1
| #define HAVE_GRP_H 1
| #define HAVE_PWD_H 1
| #define HAVE_SCHED_H 1
| #define HAVE_STRINGS_H 1
| #define HAVE_SYS_RESOURCE_H 1
| #define HAVE_SYS_SELECT_H 1
| #define HAVE_SYS_SOCKET_H 1
| #define HAVE_SYS_STAT_H 1
| #define HAVE_SYS_TIME_H 1
| #define HAVE_SYS_TIMES_H 1
| #define HAVE_SYS_UTSNAME_H 1
| #define HAVE_UNISTD_H 1
| #define HAVE_UTIME_H 1
| #define HAVE_ARPA_INET_H 1
| #define HAVE_LANGINFO_H 1
| #define HAVE_NETDB_H 1
| #define HAVE_NETINET_IN_H 1
| #define HAVE_SYS_PARAM_H 1
| #define HAVE_STDALIGN_H 1
| #define HAVE_ERRNO_H 1
| #define HAVE_INTTYPES_H 1
| #define HAVE_LIMITS_H 1
| #define HAVE_LOCALE_H 1
| #define HAVE_STDARG_H 1
| #define HAVE_STDBOOL_H 1
| #define HAVE_STDINT_H 1
| #define HAVE_STRING_H 1
| #define HAVE_DECL_SIGSETJMP 1
| #define HAVE_DECL_SIGLONGJMP 1
| #define HAVE_POSIX_SETJMP 1
| #define HAVE_INT64_T 1
| #define HAVE_INT_FAST64_T 1
| #define HAVE_DECL_SIZE_MAX 1
| #define R_SOCKLEN_T socklen_t
| #define HAVE_STACK_T 1
| #define HAVE_INTPTR_T 1
| #define HAVE_UINTPTR_T 1
| #define R_INLINE inline
| #define SIZEOF_INT 4
| #define INT_32_BITS 1
| #define SIZEOF_LONG 8
| #define SIZEOF_LONG_LONG 8
| #define SIZEOF_DOUBLE 8
| #define SIZEOF_SIZE_T 8
| #define C_STACK_DIRECTION 1
| #define HAVE_LONG_DOUBLE 1
| #define SIZEOF_LONG_DOUBLE 8
| #define FC_FUNC(name,NAME) name ## _
| #define FC_FUNC_(name,NAME) name ## _
| #define HAVE_F77_UNDERSCORE 1
| #define HAVE_FORTRAN_DOUBLE_COMPLEX 1
| #define HAVE_NO_SYMBOL_UNDERSCORE 1
| #define FC_LEN_T size_t
| #define SHLIB_EXT ".so"
| #define HAVE_PTHREAD 1
| #define HAVE_OFF_T 1
| #define HAVE_ALLOCA_H 1
| #define HAVE_ALLOCA 1
| #define HAVE_DECL_ALLOCA 1
| #define HAVE_EXPM1 1
| #define HAVE_HYPOT 1
| #define HAVE_LOG1P 1
| #define HAVE_LOG1PL 1
| #define HAVE_LOG2 1
| #define HAVE_LOG10 1
| #define HAVE_NEARBYINT 1
| #define HAVE_NEARBYINTL 1
| #define HAVE_POWL 1
| #define HAVE_RINTL 1
| #define HAVE_VA_COPY 1
| #define HAVE_ISBLANK 1
| #define HAVE___COSPI 1
| #define HAVE___SINPI 1
| #define HAVE___TANPI 1
| #define HAVE_FSEEKO 1
| #define HAVE_FTELLO 1
| #define HAVE_FCNTL 1
| #define HAVE_GETGRGID 1
| #define HAVE_GETPWNAM 1
| #define HAVE_GETPWUID 1
| #define HAVE_KILL 1
| #define HAVE_SIGACTION 1
| #define HAVE_SIGALTSTACK 1
| #define HAVE_SIGEMPTYSET 1
| #define HAVE_FDOPEN 1
| #define HAVE_POPEN 1
| #define HAVE_GETLINE 1
| #define HAVE_SELECT 1
| #define HAVE_SETENV 1
| #define HAVE_UNSETENV 1
| #define HAVE_GETRLIMIT 1
| #define HAVE_SETRLIMIT 1
| #define HAVE_GETRUSAGE 1
| #define HAVE_GETPRIORITY 1
| #define HAVE_CHMOD 1
| #define HAVE_MKFIFO 1
| #define HAVE_STAT 1
| #define HAVE_UMASK 1
| #define HAVE_GETTIMEOFDAY 1
| #define HAVE_UTIMES 1
| #define HAVE_TIMES 1
| #define HAVE_GMTIME_R 1
| #define HAVE_LOCALTIME_R 1
| #define HAVE_NL_LANGINFO 1
| #define HAVE_ACCESS 1
| #define HAVE_CHDIR 1
| #define HAVE_EXECV 1
| #define HAVE_FTRUNCATE 1
| #define HAVE_GETCWD 1
| #define HAVE_GETEUID 1
| #define HAVE_GETUID 1
| #define HAVE_LINK 1
| #define HAVE_READLINK 1
| #define HAVE_SYMLINK 1
| #define HAVE_SYSCONF 1
| /* end confdefs.h.  */
| #include <sched.h>
| 
| #ifdef FC_DUMMY_MAIN
| #ifndef FC_DUMMY_MAIN_EQ_F77
| #  ifdef __cplusplus
|      extern "C"
| #  endif
|    int FC_DUMMY_MAIN() { return 1; }
| #endif
| #endif
| int
| main (void)
| {
| #ifndef sched_getaffinity
|   char *p = (char *) sched_getaffinity;
| #endif
| 
|   ;
|   return 0;
| }
configure:45189: result: no
configure:45204: checking whether utime exists and is declared
configure:45233: gcc -std=gnu23 -o conftest  -g -O2 -fPIC -I/opt/homebrew/include  -L/opt/homebrew/lib conftest.c -ldl -lm  >&5
configure:45233: $? = 0
configure:45245: result: yes
configure:45260: checking whether utimensat exists and is declared
configure:45289: gcc -std=gnu23 -o conftest  -g -O2 -fPIC -I/opt/homebrew/include  -L/opt/homebrew/lib conftest.c -ldl -lm  >&5
configure:45289: $? = 0
configure:45301: result: yes
configure:45316: checking for clock_gettime in -lrt
configure:45353: gcc -std=gnu23 -o conftest  -g -O2 -fPIC -I/opt/homebrew/include  -L/opt/homebrew/lib conftest.c -lrt  -ldl -lm  >&5
ld: library 'rt' not found
clang: error: linker command failed with exit code 1 (use -v to see invocation)
configure:45353: $? = 1
configure: failed program was:
| /* confdefs.h */
| #define PACKAGE_NAME "R"
| #define PACKAGE_TARNAME "R"
| #define PACKAGE_VERSION "4.6.0"
| #define PACKAGE_STRING "R 4.6.0"
| #define PACKAGE_BUGREPORT "https://bugs.r-project.org"
| #define PACKAGE_URL "https://www.r-project.org"
| #define PACKAGE "R"
| #define VERSION "4.6.0"
| #define R_PLATFORM "aarch64-apple-darwin25.6.0"
| #define R_CPU "aarch64"
| #define R_VENDOR "apple"
| #define R_OS "darwin25.6.0"
| #define Unix 1
| #define R_ARCH ""
| #define HAVE_STDIO_H 1
| #define HAVE_STDLIB_H 1
| #define HAVE_STRING_H 1
| #define HAVE_INTTYPES_H 1
| #define HAVE_STDINT_H 1
| #define HAVE_STRINGS_H 1
| #define HAVE_SYS_STAT_H 1
| #define HAVE_SYS_TYPES_H 1
| #define HAVE_UNISTD_H 1
| #define HAVE_WCHAR_H 1
| #define HAVE_SYS_TIME_H 1
| #define HAVE_SYS_PARAM_H 1
| #define STDC_HEADERS 1
| #define _ALL_SOURCE 1
| #define _DARWIN_C_SOURCE 1
| #define _GNU_SOURCE 1
| #define _HPUX_ALT_XOPEN_SOCKET_API 1
| #define _NETBSD_SOURCE 1
| #define _OPENBSD_SOURCE 1
| #define _POSIX_PTHREAD_SEMANTICS 1
| #define __STDC_WANT_IEC_60559_ATTRIBS_EXT__ 1
| #define __STDC_WANT_IEC_60559_BFP_EXT__ 1
| #define __STDC_WANT_IEC_60559_DFP_EXT__ 1
| #define __STDC_WANT_IEC_60559_EXT__ 1
| #define __STDC_WANT_IEC_60559_FUNCS_EXT__ 1
| #define __STDC_WANT_IEC_60559_TYPES_EXT__ 1
| #define __STDC_WANT_LIB_EXT2__ 1
| #define __STDC_WANT_MATH_SPEC_FUNCS__ 1
| #define _TANDEM_SOURCE 1
| #define __EXTENSIONS__ 1
| #define HAVE_VISIBILITY_ATTRIBUTE 1
| #define HAVE_DLFCN_H 1
| #define LT_OBJDIR ".libs/"
| #define HAVE_LIBM 1
| #define HAVE_LIBDL 1
| #define HAVE_DIRENT_H 1
| #define HAVE_SYS_WAIT_H 1
| #define HAVE_DLFCN_H 1
| #define HAVE_FCNTL_H 1
| #define HAVE_GLOB_H 1
| #define HAVE_GRP_H 1
| #define HAVE_PWD_H 1
| #define HAVE_SCHED_H 1
| #define HAVE_STRINGS_H 1
| #define HAVE_SYS_RESOURCE_H 1
| #define HAVE_SYS_SELECT_H 1
| #define HAVE_SYS_SOCKET_H 1
| #define HAVE_SYS_STAT_H 1
| #define HAVE_SYS_TIME_H 1
| #define HAVE_SYS_TIMES_H 1
| #define HAVE_SYS_UTSNAME_H 1
| #define HAVE_UNISTD_H 1
| #define HAVE_UTIME_H 1
| #define HAVE_ARPA_INET_H 1
| #define HAVE_LANGINFO_H 1
| #define HAVE_NETDB_H 1
| #define HAVE_NETINET_IN_H 1
| #define HAVE_SYS_PARAM_H 1
| #define HAVE_STDALIGN_H 1
| #define HAVE_ERRNO_H 1
| #define HAVE_INTTYPES_H 1
| #define HAVE_LIMITS_H 1
| #define HAVE_LOCALE_H 1
| #define HAVE_STDARG_H 1
| #define HAVE_STDBOOL_H 1
| #define HAVE_STDINT_H 1
| #define HAVE_STRING_H 1
| #define HAVE_DECL_SIGSETJMP 1
| #define HAVE_DECL_SIGLONGJMP 1
| #define HAVE_POSIX_SETJMP 1
| #define HAVE_INT64_T 1
| #define HAVE_INT_FAST64_T 1
| #define HAVE_DECL_SIZE_MAX 1
| #define R_SOCKLEN_T socklen_t
| #define HAVE_STACK_T 1
| #define HAVE_INTPTR_T 1
| #define HAVE_UINTPTR_T 1
| #define R_INLINE inline
| #define SIZEOF_INT 4
| #define INT_32_BITS 1
| #define SIZEOF_LONG 8
| #define SIZEOF_LONG_LONG 8
| #define SIZEOF_DOUBLE 8
| #define SIZEOF_SIZE_T 8
| #define C_STACK_DIRECTION 1
| #define HAVE_LONG_DOUBLE 1
| #define SIZEOF_LONG_DOUBLE 8
| #define FC_FUNC(name,NAME) name ## _
| #define FC_FUNC_(name,NAME) name ## _
| #define HAVE_F77_UNDERSCORE 1
| #define HAVE_FORTRAN_DOUBLE_COMPLEX 1
| #define HAVE_NO_SYMBOL_UNDERSCORE 1
| #define FC_LEN_T size_t
| #define SHLIB_EXT ".so"
| #define HAVE_PTHREAD 1
| #define HAVE_OFF_T 1
| #define HAVE_ALLOCA_H 1
| #define HAVE_ALLOCA 1
| #define HAVE_DECL_ALLOCA 1
| #define HAVE_EXPM1 1
| #define HAVE_HYPOT 1
| #define HAVE_LOG1P 1
| #define HAVE_LOG1PL 1
| #define HAVE_LOG2 1
| #define HAVE_LOG10 1
| #define HAVE_NEARBYINT 1
| #define HAVE_NEARBYINTL 1
| #define HAVE_POWL 1
| #define HAVE_RINTL 1
| #define HAVE_VA_COPY 1
| #define HAVE_ISBLANK 1
| #define HAVE___COSPI 1
| #define HAVE___SINPI 1
| #define HAVE___TANPI 1
| #define HAVE_FSEEKO 1
| #define HAVE_FTELLO 1
| #define HAVE_FCNTL 1
| #define HAVE_GETGRGID 1
| #define HAVE_GETPWNAM 1
| #define HAVE_GETPWUID 1
| #define HAVE_KILL 1
| #define HAVE_SIGACTION 1
| #define HAVE_SIGALTSTACK 1
| #define HAVE_SIGEMPTYSET 1
| #define HAVE_FDOPEN 1
| #define HAVE_POPEN 1
| #define HAVE_GETLINE 1
| #define HAVE_SELECT 1
| #define HAVE_SETENV 1
| #define HAVE_UNSETENV 1
| #define HAVE_GETRLIMIT 1
| #define HAVE_SETRLIMIT 1
| #define HAVE_GETRUSAGE 1
| #define HAVE_GETPRIORITY 1
| #define HAVE_CHMOD 1
| #define HAVE_MKFIFO 1
| #define HAVE_STAT 1
| #define HAVE_UMASK 1
| #define HAVE_GETTIMEOFDAY 1
| #define HAVE_UTIMES 1
| #define HAVE_TIMES 1
| #define HAVE_GMTIME_R 1
| #define HAVE_LOCALTIME_R 1
| #define HAVE_NL_LANGINFO 1
| #define HAVE_ACCESS 1
| #define HAVE_CHDIR 1
| #define HAVE_EXECV 1
| #define HAVE_FTRUNCATE 1
| #define HAVE_GETCWD 1
| #define HAVE_GETEUID 1
| #define HAVE_GETUID 1
| #define HAVE_LINK 1
| #define HAVE_READLINK 1
| #define HAVE_SYMLINK 1
| #define HAVE_SYSCONF 1
| #define HAVE_UTIME 1
| #define HAVE_UTIMENSAT 1
| /* end confdefs.h.  */
| 
| /* Override any GCC internal prototype to avoid an error.
|    Use char because int might match the return type of a GCC
|    builtin and then its argument prototype would still apply.
|    The 'extern "C"' is for builds by C++ compilers;
|    although this is not generally supported in C code supporting it here
|    has little cost and some practical benefit (sr 110532).  */
| #ifdef __cplusplus
| extern "C"
| #endif
| char clock_gettime (void);
| #ifdef FC_DUMMY_MAIN
| #ifndef FC_DUMMY_MAIN_EQ_F77
| #  ifdef __cplusplus
|      extern "C"
| #  endif
|    int FC_DUMMY_MAIN() { return 1; }
| #endif
| #endif
| int
| main (void)
| {
| return clock_gettime ();
|   ;
|   return 0;
| }
configure:45365: result: no
configure:45378: checking whether clock_gettime exists and is declared
configure:45407: gcc -std=gnu23 -o conftest  -g -O2 -fPIC -I/opt/homebrew/include  -L/opt/homebrew/lib conftest.c -ldl -lm  >&5
configure:45407: $? = 0
configure:45419: result: yes
configure:45439: checking whether timespec_get exists and is declared
configure:45468: gcc -std=gnu23 -o conftest  -g -O2 -fPIC -I/opt/homebrew/include  -L/opt/homebrew/lib conftest.c -ldl -lm  >&5
configure:45468: $? = 0
configure:45480: result: yes
configure:45496: checking for putenv
configure:45496: gcc -std=gnu23 -o conftest  -g -O2 -fPIC -I/opt/homebrew/include  -L/opt/homebrew/lib conftest.c -ldl -lm  >&5
configure:45496: $? = 0
configure:45496: result: yes
configure:45503: checking whether putenv is declared
configure:45503: gcc -std=gnu23 -c  -g -O2 -fPIC  -I/opt/homebrew/include  conftest.c >&5
configure:45503: $? = 0
configure:45503: result: yes
configure:45515: checking for vasprintf
configure:45515: gcc -std=gnu23 -o conftest  -g -O2 -fPIC -I/opt/homebrew/include  -L/opt/homebrew/lib conftest.c -ldl -lm  >&5
conftest.c:205:19: warning: format string missing [-Wformat]
  205 | return vasprintf ();
      |        ~~~~~~~~~  ^
1 warning generated.
configure:45515: $? = 0
configure:45515: result: yes
configure:45522: checking whether vasprintf is declared
configure:45522: gcc -std=gnu23 -c  -g -O2 -fPIC  -I/opt/homebrew/include  conftest.c >&5
configure:45522: $? = 0
configure:45522: result: yes
configure:45534: checking for mempcpy
configure:45534: gcc -std=gnu23 -o conftest  -g -O2 -fPIC -I/opt/homebrew/include  -L/opt/homebrew/lib conftest.c -ldl -lm  >&5
conftest.c:196:6: warning: incompatible redeclaration of library function 'mempcpy' [-Wincompatible-library-redeclaration]
  196 | char mempcpy (void);
      |      ^
conftest.c:196:6: note: 'mempcpy' is a builtin with type 'void *(void *, const void *, unsigned long)'
1 warning generated.
Undefined symbols for architecture arm64:
  "_mempcpy", referenced from:
      _main in conftest-85d260.o
ld: symbol(s) not found for architecture arm64
clang: error: linker command failed with exit code 1 (use -v to see invocation)
configure:45534: $? = 1
configure: failed program was:
| /* confdefs.h */
| #define PACKAGE_NAME "R"
| #define PACKAGE_TARNAME "R"
| #define PACKAGE_VERSION "4.6.0"
| #define PACKAGE_STRING "R 4.6.0"
| #define PACKAGE_BUGREPORT "https://bugs.r-project.org"
| #define PACKAGE_URL "https://www.r-project.org"
| #define PACKAGE "R"
| #define VERSION "4.6.0"
| #define R_PLATFORM "aarch64-apple-darwin25.6.0"
| #define R_CPU "aarch64"
| #define R_VENDOR "apple"
| #define R_OS "darwin25.6.0"
| #define Unix 1
| #define R_ARCH ""
| #define HAVE_STDIO_H 1
| #define HAVE_STDLIB_H 1
| #define HAVE_STRING_H 1
| #define HAVE_INTTYPES_H 1
| #define HAVE_STDINT_H 1
| #define HAVE_STRINGS_H 1
| #define HAVE_SYS_STAT_H 1
| #define HAVE_SYS_TYPES_H 1
| #define HAVE_UNISTD_H 1
| #define HAVE_WCHAR_H 1
| #define HAVE_SYS_TIME_H 1
| #define HAVE_SYS_PARAM_H 1
| #define STDC_HEADERS 1
| #define _ALL_SOURCE 1
| #define _DARWIN_C_SOURCE 1
| #define _GNU_SOURCE 1
| #define _HPUX_ALT_XOPEN_SOCKET_API 1
| #define _NETBSD_SOURCE 1
| #define _OPENBSD_SOURCE 1
| #define _POSIX_PTHREAD_SEMANTICS 1
| #define __STDC_WANT_IEC_60559_ATTRIBS_EXT__ 1
| #define __STDC_WANT_IEC_60559_BFP_EXT__ 1
| #define __STDC_WANT_IEC_60559_DFP_EXT__ 1
| #define __STDC_WANT_IEC_60559_EXT__ 1
| #define __STDC_WANT_IEC_60559_FUNCS_EXT__ 1
| #define __STDC_WANT_IEC_60559_TYPES_EXT__ 1
| #define __STDC_WANT_LIB_EXT2__ 1
| #define __STDC_WANT_MATH_SPEC_FUNCS__ 1
| #define _TANDEM_SOURCE 1
| #define __EXTENSIONS__ 1
| #define HAVE_VISIBILITY_ATTRIBUTE 1
| #define HAVE_DLFCN_H 1
| #define LT_OBJDIR ".libs/"
| #define HAVE_LIBM 1
| #define HAVE_LIBDL 1
| #define HAVE_DIRENT_H 1
| #define HAVE_SYS_WAIT_H 1
| #define HAVE_DLFCN_H 1
| #define HAVE_FCNTL_H 1
| #define HAVE_GLOB_H 1
| #define HAVE_GRP_H 1
| #define HAVE_PWD_H 1
| #define HAVE_SCHED_H 1
| #define HAVE_STRINGS_H 1
| #define HAVE_SYS_RESOURCE_H 1
| #define HAVE_SYS_SELECT_H 1
| #define HAVE_SYS_SOCKET_H 1
| #define HAVE_SYS_STAT_H 1
| #define HAVE_SYS_TIME_H 1
| #define HAVE_SYS_TIMES_H 1
| #define HAVE_SYS_UTSNAME_H 1
| #define HAVE_UNISTD_H 1
| #define HAVE_UTIME_H 1
| #define HAVE_ARPA_INET_H 1
| #define HAVE_LANGINFO_H 1
| #define HAVE_NETDB_H 1
| #define HAVE_NETINET_IN_H 1
| #define HAVE_SYS_PARAM_H 1
| #define HAVE_STDALIGN_H 1
| #define HAVE_ERRNO_H 1
| #define HAVE_INTTYPES_H 1
| #define HAVE_LIMITS_H 1
| #define HAVE_LOCALE_H 1
| #define HAVE_STDARG_H 1
| #define HAVE_STDBOOL_H 1
| #define HAVE_STDINT_H 1
| #define HAVE_STRING_H 1
| #define HAVE_DECL_SIGSETJMP 1
| #define HAVE_DECL_SIGLONGJMP 1
| #define HAVE_POSIX_SETJMP 1
| #define HAVE_INT64_T 1
| #define HAVE_INT_FAST64_T 1
| #define HAVE_DECL_SIZE_MAX 1
| #define R_SOCKLEN_T socklen_t
| #define HAVE_STACK_T 1
| #define HAVE_INTPTR_T 1
| #define HAVE_UINTPTR_T 1
| #define R_INLINE inline
| #define SIZEOF_INT 4
| #define INT_32_BITS 1
| #define SIZEOF_LONG 8
| #define SIZEOF_LONG_LONG 8
| #define SIZEOF_DOUBLE 8
| #define SIZEOF_SIZE_T 8
| #define C_STACK_DIRECTION 1
| #define HAVE_LONG_DOUBLE 1
| #define SIZEOF_LONG_DOUBLE 8
| #define FC_FUNC(name,NAME) name ## _
| #define FC_FUNC_(name,NAME) name ## _
| #define HAVE_F77_UNDERSCORE 1
| #define HAVE_FORTRAN_DOUBLE_COMPLEX 1
| #define HAVE_NO_SYMBOL_UNDERSCORE 1
| #define FC_LEN_T size_t
| #define SHLIB_EXT ".so"
| #define HAVE_PTHREAD 1
| #define HAVE_OFF_T 1
| #define HAVE_ALLOCA_H 1
| #define HAVE_ALLOCA 1
| #define HAVE_DECL_ALLOCA 1
| #define HAVE_EXPM1 1
| #define HAVE_HYPOT 1
| #define HAVE_LOG1P 1
| #define HAVE_LOG1PL 1
| #define HAVE_LOG2 1
| #define HAVE_LOG10 1
| #define HAVE_NEARBYINT 1
| #define HAVE_NEARBYINTL 1
| #define HAVE_POWL 1
| #define HAVE_RINTL 1
| #define HAVE_VA_COPY 1
| #define HAVE_ISBLANK 1
| #define HAVE___COSPI 1
| #define HAVE___SINPI 1
| #define HAVE___TANPI 1
| #define HAVE_FSEEKO 1
| #define HAVE_FTELLO 1
| #define HAVE_FCNTL 1
| #define HAVE_GETGRGID 1
| #define HAVE_GETPWNAM 1
| #define HAVE_GETPWUID 1
| #define HAVE_KILL 1
| #define HAVE_SIGACTION 1
| #define HAVE_SIGALTSTACK 1
| #define HAVE_SIGEMPTYSET 1
| #define HAVE_FDOPEN 1
| #define HAVE_POPEN 1
| #define HAVE_GETLINE 1
| #define HAVE_SELECT 1
| #define HAVE_SETENV 1
| #define HAVE_UNSETENV 1
| #define HAVE_GETRLIMIT 1
| #define HAVE_SETRLIMIT 1
| #define HAVE_GETRUSAGE 1
| #define HAVE_GETPRIORITY 1
| #define HAVE_CHMOD 1
| #define HAVE_MKFIFO 1
| #define HAVE_STAT 1
| #define HAVE_UMASK 1
| #define HAVE_GETTIMEOFDAY 1
| #define HAVE_UTIMES 1
| #define HAVE_TIMES 1
| #define HAVE_GMTIME_R 1
| #define HAVE_LOCALTIME_R 1
| #define HAVE_NL_LANGINFO 1
| #define HAVE_ACCESS 1
| #define HAVE_CHDIR 1
| #define HAVE_EXECV 1
| #define HAVE_FTRUNCATE 1
| #define HAVE_GETCWD 1
| #define HAVE_GETEUID 1
| #define HAVE_GETUID 1
| #define HAVE_LINK 1
| #define HAVE_READLINK 1
| #define HAVE_SYMLINK 1
| #define HAVE_SYSCONF 1
| #define HAVE_UTIME 1
| #define HAVE_UTIMENSAT 1
| #define HAVE_CLOCK_GETTIME 1
| #define HAVE_TIMESPEC_GET 1
| #define HAVE_PUTENV 1
| #define HAVE_DECL_PUTENV 1
| #define HAVE_VASPRINTF 1
| #define HAVE_DECL_VASPRINTF 1
| /* end confdefs.h.  */
| /* Define mempcpy to an innocuous variant, in case <limits.h> declares mempcpy.
|    For example, HP-UX 11i <limits.h> declares gettimeofday.  */
| #define mempcpy innocuous_mempcpy
| 
| /* System header to define __stub macros and hopefully few prototypes,
|    which can conflict with char mempcpy (void); below.  */
| 
| #include <limits.h>
| #undef mempcpy
| 
| /* Override any GCC internal prototype to avoid an error.
|    Use char because int might match the return type of a GCC
|    builtin and then its argument prototype would still apply.  */
| #ifdef __cplusplus
| extern "C"
| #endif
| char mempcpy (void);
| /* The GNU C library defines this for functions which it implements
|     to always fail with ENOSYS.  Some functions are actually named
|     something starting with __ and the normal name is an alias.  */
| #if defined __stub_mempcpy || defined __stub___mempcpy
| choke me
| #endif
| 
| int
| main (void)
| {
| return mempcpy ();
|   ;
|   return 0;
| }
configure:45534: result: no
configure:45543: checking for realpath
configure:45543: gcc -std=gnu23 -o conftest  -g -O2 -fPIC -I/opt/homebrew/include  -L/opt/homebrew/lib conftest.c -ldl -lm  >&5
configure:45543: $? = 0
configure:45543: result: yes
configure:45550: checking whether realpath is declared
configure:45550: gcc -std=gnu23 -c  -g -O2 -fPIC  -I/opt/homebrew/include  conftest.c >&5
configure:45550: $? = 0
configure:45550: result: yes
configure:45569: checking whether glob exists and is declared
configure:45600: gcc -std=gnu23 -o conftest  -g -O2 -fPIC -I/opt/homebrew/include  -L/opt/homebrew/lib conftest.c -ldl -lm  >&5
configure:45600: $? = 0
configure:45612: result: yes
configure:45623: checking for dladdr
configure:45623: gcc -std=gnu23 -o conftest  -g -O2 -fPIC -I/opt/homebrew/include  -L/opt/homebrew/lib conftest.c -ldl -lm  >&5
configure:45623: $? = 0
configure:45623: result: yes
configure:45629: checking for dlsym
configure:45629: gcc -std=gnu23 -o conftest  -g -O2 -fPIC -I/opt/homebrew/include  -L/opt/homebrew/lib conftest.c -ldl -lm  >&5
configure:45629: $? = 0
configure:45629: result: yes
configure:45636: checking whether dladdr is declared
configure:45636: gcc -std=gnu23 -c  -g -O2 -fPIC  -I/opt/homebrew/include  conftest.c >&5
configure:45636: $? = 0
configure:45636: result: yes
configure:45646: checking whether dlsym is declared
configure:45646: gcc -std=gnu23 -c  -g -O2 -fPIC  -I/opt/homebrew/include  conftest.c >&5
configure:45646: $? = 0
configure:45646: result: yes
configure:45657: checking whether RTLD_DEFAULT is declared
configure:45657: gcc -std=gnu23 -c  -g -O2 -fPIC  -I/opt/homebrew/include  conftest.c >&5
configure:45657: $? = 0
configure:45657: result: yes
configure:45667: checking whether RTLD_NEXT is declared
configure:45667: gcc -std=gnu23 -c  -g -O2 -fPIC  -I/opt/homebrew/include  conftest.c >&5
configure:45667: $? = 0
configure:45667: result: yes
configure:45678: checking for thread.h
configure:45678: gcc -std=gnu23 -c  -g -O2 -fPIC -I/opt/homebrew/include  conftest.c >&5
conftest.c:217:10: fatal error: 'thread.h' file not found
  217 | #include <thread.h>
      |          ^~~~~~~~~~
1 error generated.
configure:45678: $? = 1
configure: failed program was:
| /* confdefs.h */
| #define PACKAGE_NAME "R"
| #define PACKAGE_TARNAME "R"
| #define PACKAGE_VERSION "4.6.0"
| #define PACKAGE_STRING "R 4.6.0"
| #define PACKAGE_BUGREPORT "https://bugs.r-project.org"
| #define PACKAGE_URL "https://www.r-project.org"
| #define PACKAGE "R"
| #define VERSION "4.6.0"
| #define R_PLATFORM "aarch64-apple-darwin25.6.0"
| #define R_CPU "aarch64"
| #define R_VENDOR "apple"
| #define R_OS "darwin25.6.0"
| #define Unix 1
| #define R_ARCH ""
| #define HAVE_STDIO_H 1
| #define HAVE_STDLIB_H 1
| #define HAVE_STRING_H 1
| #define HAVE_INTTYPES_H 1
| #define HAVE_STDINT_H 1
| #define HAVE_STRINGS_H 1
| #define HAVE_SYS_STAT_H 1
| #define HAVE_SYS_TYPES_H 1
| #define HAVE_UNISTD_H 1
| #define HAVE_WCHAR_H 1
| #define HAVE_SYS_TIME_H 1
| #define HAVE_SYS_PARAM_H 1
| #define STDC_HEADERS 1
| #define _ALL_SOURCE 1
| #define _DARWIN_C_SOURCE 1
| #define _GNU_SOURCE 1
| #define _HPUX_ALT_XOPEN_SOCKET_API 1
| #define _NETBSD_SOURCE 1
| #define _OPENBSD_SOURCE 1
| #define _POSIX_PTHREAD_SEMANTICS 1
| #define __STDC_WANT_IEC_60559_ATTRIBS_EXT__ 1
| #define __STDC_WANT_IEC_60559_BFP_EXT__ 1
| #define __STDC_WANT_IEC_60559_DFP_EXT__ 1
| #define __STDC_WANT_IEC_60559_EXT__ 1
| #define __STDC_WANT_IEC_60559_FUNCS_EXT__ 1
| #define __STDC_WANT_IEC_60559_TYPES_EXT__ 1
| #define __STDC_WANT_LIB_EXT2__ 1
| #define __STDC_WANT_MATH_SPEC_FUNCS__ 1
| #define _TANDEM_SOURCE 1
| #define __EXTENSIONS__ 1
| #define HAVE_VISIBILITY_ATTRIBUTE 1
| #define HAVE_DLFCN_H 1
| #define LT_OBJDIR ".libs/"
| #define HAVE_LIBM 1
| #define HAVE_LIBDL 1
| #define HAVE_DIRENT_H 1
| #define HAVE_SYS_WAIT_H 1
| #define HAVE_DLFCN_H 1
| #define HAVE_FCNTL_H 1
| #define HAVE_GLOB_H 1
| #define HAVE_GRP_H 1
| #define HAVE_PWD_H 1
| #define HAVE_SCHED_H 1
| #define HAVE_STRINGS_H 1
| #define HAVE_SYS_RESOURCE_H 1
| #define HAVE_SYS_SELECT_H 1
| #define HAVE_SYS_SOCKET_H 1
| #define HAVE_SYS_STAT_H 1
| #define HAVE_SYS_TIME_H 1
| #define HAVE_SYS_TIMES_H 1
| #define HAVE_SYS_UTSNAME_H 1
| #define HAVE_UNISTD_H 1
| #define HAVE_UTIME_H 1
| #define HAVE_ARPA_INET_H 1
| #define HAVE_LANGINFO_H 1
| #define HAVE_NETDB_H 1
| #define HAVE_NETINET_IN_H 1
| #define HAVE_SYS_PARAM_H 1
| #define HAVE_STDALIGN_H 1
| #define HAVE_ERRNO_H 1
| #define HAVE_INTTYPES_H 1
| #define HAVE_LIMITS_H 1
| #define HAVE_LOCALE_H 1
| #define HAVE_STDARG_H 1
| #define HAVE_STDBOOL_H 1
| #define HAVE_STDINT_H 1
| #define HAVE_STRING_H 1
| #define HAVE_DECL_SIGSETJMP 1
| #define HAVE_DECL_SIGLONGJMP 1
| #define HAVE_POSIX_SETJMP 1
| #define HAVE_INT64_T 1
| #define HAVE_INT_FAST64_T 1
| #define HAVE_DECL_SIZE_MAX 1
| #define R_SOCKLEN_T socklen_t
| #define HAVE_STACK_T 1
| #define HAVE_INTPTR_T 1
| #define HAVE_UINTPTR_T 1
| #define R_INLINE inline
| #define SIZEOF_INT 4
| #define INT_32_BITS 1
| #define SIZEOF_LONG 8
| #define SIZEOF_LONG_LONG 8
| #define SIZEOF_DOUBLE 8
| #define SIZEOF_SIZE_T 8
| #define C_STACK_DIRECTION 1
| #define HAVE_LONG_DOUBLE 1
| #define SIZEOF_LONG_DOUBLE 8
| #define FC_FUNC(name,NAME) name ## _
| #define FC_FUNC_(name,NAME) name ## _
| #define HAVE_F77_UNDERSCORE 1
| #define HAVE_FORTRAN_DOUBLE_COMPLEX 1
| #define HAVE_NO_SYMBOL_UNDERSCORE 1
| #define FC_LEN_T size_t
| #define SHLIB_EXT ".so"
| #define HAVE_PTHREAD 1
| #define HAVE_OFF_T 1
| #define HAVE_ALLOCA_H 1
| #define HAVE_ALLOCA 1
| #define HAVE_DECL_ALLOCA 1
| #define HAVE_EXPM1 1
| #define HAVE_HYPOT 1
| #define HAVE_LOG1P 1
| #define HAVE_LOG1PL 1
| #define HAVE_LOG2 1
| #define HAVE_LOG10 1
| #define HAVE_NEARBYINT 1
| #define HAVE_NEARBYINTL 1
| #define HAVE_POWL 1
| #define HAVE_RINTL 1
| #define HAVE_VA_COPY 1
| #define HAVE_ISBLANK 1
| #define HAVE___COSPI 1
| #define HAVE___SINPI 1
| #define HAVE___TANPI 1
| #define HAVE_FSEEKO 1
| #define HAVE_FTELLO 1
| #define HAVE_FCNTL 1
| #define HAVE_GETGRGID 1
| #define HAVE_GETPWNAM 1
| #define HAVE_GETPWUID 1
| #define HAVE_KILL 1
| #define HAVE_SIGACTION 1
| #define HAVE_SIGALTSTACK 1
| #define HAVE_SIGEMPTYSET 1
| #define HAVE_FDOPEN 1
| #define HAVE_POPEN 1
| #define HAVE_GETLINE 1
| #define HAVE_SELECT 1
| #define HAVE_SETENV 1
| #define HAVE_UNSETENV 1
| #define HAVE_GETRLIMIT 1
| #define HAVE_SETRLIMIT 1
| #define HAVE_GETRUSAGE 1
| #define HAVE_GETPRIORITY 1
| #define HAVE_CHMOD 1
| #define HAVE_MKFIFO 1
| #define HAVE_STAT 1
| #define HAVE_UMASK 1
| #define HAVE_GETTIMEOFDAY 1
| #define HAVE_UTIMES 1
| #define HAVE_TIMES 1
| #define HAVE_GMTIME_R 1
| #define HAVE_LOCALTIME_R 1
| #define HAVE_NL_LANGINFO 1
| #define HAVE_ACCESS 1
| #define HAVE_CHDIR 1
| #define HAVE_EXECV 1
| #define HAVE_FTRUNCATE 1
| #define HAVE_GETCWD 1
| #define HAVE_GETEUID 1
| #define HAVE_GETUID 1
| #define HAVE_LINK 1
| #define HAVE_READLINK 1
| #define HAVE_SYMLINK 1
| #define HAVE_SYSCONF 1
| #define HAVE_UTIME 1
| #define HAVE_UTIMENSAT 1
| #define HAVE_CLOCK_GETTIME 1
| #define HAVE_TIMESPEC_GET 1
| #define HAVE_PUTENV 1
| #define HAVE_DECL_PUTENV 1
| #define HAVE_VASPRINTF 1
| #define HAVE_DECL_VASPRINTF 1
| #define HAVE_REALPATH 1
| #define HAVE_DECL_REALPATH 1
| #define HAVE_GLOB 1
| #define HAVE_DLADDR 1
| #define HAVE_DLSYM 1
| #define HAVE_DECL_DLADDR 1
| #define HAVE_DECL_DLSYM 1
| #define HAVE_DECL_RTLD_DEFAULT 1
| #define HAVE_DECL_RTLD_NEXT 1
| /* end confdefs.h.  */
| #include <stddef.h>
| #ifdef HAVE_STDIO_H
| # include <stdio.h>
| #endif
| #ifdef HAVE_STDLIB_H
| # include <stdlib.h>
| #endif
| #ifdef HAVE_STRING_H
| # include <string.h>
| #endif
| #ifdef HAVE_INTTYPES_H
| # include <inttypes.h>
| #endif
| #ifdef HAVE_STDINT_H
| # include <stdint.h>
| #endif
| #ifdef HAVE_STRINGS_H
| # include <strings.h>
| #endif
| #ifdef HAVE_SYS_TYPES_H
| # include <sys/types.h>
| #endif
| #ifdef HAVE_SYS_STAT_H
| # include <sys/stat.h>
| #endif
| #ifdef HAVE_UNISTD_H
| # include <unistd.h>
| #endif
| #include <thread.h>
configure:45678: result: no
configure:45688: checking whether thr_stksegment exists and is declared
configure:45720: gcc -std=gnu23 -o conftest  -g -O2 -fPIC -I/opt/homebrew/include  -L/opt/homebrew/lib conftest.c -ldl -lm  >&5
conftest.c:190:10: fatal error: 'thread.h' file not found
  190 | #include <thread.h>
      |          ^~~~~~~~~~
1 error generated.
configure:45720: $? = 1
configure: failed program was:
| /* confdefs.h */
| #define PACKAGE_NAME "R"
| #define PACKAGE_TARNAME "R"
| #define PACKAGE_VERSION "4.6.0"
| #define PACKAGE_STRING "R 4.6.0"
| #define PACKAGE_BUGREPORT "https://bugs.r-project.org"
| #define PACKAGE_URL "https://www.r-project.org"
| #define PACKAGE "R"
| #define VERSION "4.6.0"
| #define R_PLATFORM "aarch64-apple-darwin25.6.0"
| #define R_CPU "aarch64"
| #define R_VENDOR "apple"
| #define R_OS "darwin25.6.0"
| #define Unix 1
| #define R_ARCH ""
| #define HAVE_STDIO_H 1
| #define HAVE_STDLIB_H 1
| #define HAVE_STRING_H 1
| #define HAVE_INTTYPES_H 1
| #define HAVE_STDINT_H 1
| #define HAVE_STRINGS_H 1
| #define HAVE_SYS_STAT_H 1
| #define HAVE_SYS_TYPES_H 1
| #define HAVE_UNISTD_H 1
| #define HAVE_WCHAR_H 1
| #define HAVE_SYS_TIME_H 1
| #define HAVE_SYS_PARAM_H 1
| #define STDC_HEADERS 1
| #define _ALL_SOURCE 1
| #define _DARWIN_C_SOURCE 1
| #define _GNU_SOURCE 1
| #define _HPUX_ALT_XOPEN_SOCKET_API 1
| #define _NETBSD_SOURCE 1
| #define _OPENBSD_SOURCE 1
| #define _POSIX_PTHREAD_SEMANTICS 1
| #define __STDC_WANT_IEC_60559_ATTRIBS_EXT__ 1
| #define __STDC_WANT_IEC_60559_BFP_EXT__ 1
| #define __STDC_WANT_IEC_60559_DFP_EXT__ 1
| #define __STDC_WANT_IEC_60559_EXT__ 1
| #define __STDC_WANT_IEC_60559_FUNCS_EXT__ 1
| #define __STDC_WANT_IEC_60559_TYPES_EXT__ 1
| #define __STDC_WANT_LIB_EXT2__ 1
| #define __STDC_WANT_MATH_SPEC_FUNCS__ 1
| #define _TANDEM_SOURCE 1
| #define __EXTENSIONS__ 1
| #define HAVE_VISIBILITY_ATTRIBUTE 1
| #define HAVE_DLFCN_H 1
| #define LT_OBJDIR ".libs/"
| #define HAVE_LIBM 1
| #define HAVE_LIBDL 1
| #define HAVE_DIRENT_H 1
| #define HAVE_SYS_WAIT_H 1
| #define HAVE_DLFCN_H 1
| #define HAVE_FCNTL_H 1
| #define HAVE_GLOB_H 1
| #define HAVE_GRP_H 1
| #define HAVE_PWD_H 1
| #define HAVE_SCHED_H 1
| #define HAVE_STRINGS_H 1
| #define HAVE_SYS_RESOURCE_H 1
| #define HAVE_SYS_SELECT_H 1
| #define HAVE_SYS_SOCKET_H 1
| #define HAVE_SYS_STAT_H 1
| #define HAVE_SYS_TIME_H 1
| #define HAVE_SYS_TIMES_H 1
| #define HAVE_SYS_UTSNAME_H 1
| #define HAVE_UNISTD_H 1
| #define HAVE_UTIME_H 1
| #define HAVE_ARPA_INET_H 1
| #define HAVE_LANGINFO_H 1
| #define HAVE_NETDB_H 1
| #define HAVE_NETINET_IN_H 1
| #define HAVE_SYS_PARAM_H 1
| #define HAVE_STDALIGN_H 1
| #define HAVE_ERRNO_H 1
| #define HAVE_INTTYPES_H 1
| #define HAVE_LIMITS_H 1
| #define HAVE_LOCALE_H 1
| #define HAVE_STDARG_H 1
| #define HAVE_STDBOOL_H 1
| #define HAVE_STDINT_H 1
| #define HAVE_STRING_H 1
| #define HAVE_DECL_SIGSETJMP 1
| #define HAVE_DECL_SIGLONGJMP 1
| #define HAVE_POSIX_SETJMP 1
| #define HAVE_INT64_T 1
| #define HAVE_INT_FAST64_T 1
| #define HAVE_DECL_SIZE_MAX 1
| #define R_SOCKLEN_T socklen_t
| #define HAVE_STACK_T 1
| #define HAVE_INTPTR_T 1
| #define HAVE_UINTPTR_T 1
| #define R_INLINE inline
| #define SIZEOF_INT 4
| #define INT_32_BITS 1
| #define SIZEOF_LONG 8
| #define SIZEOF_LONG_LONG 8
| #define SIZEOF_DOUBLE 8
| #define SIZEOF_SIZE_T 8
| #define C_STACK_DIRECTION 1
| #define HAVE_LONG_DOUBLE 1
| #define SIZEOF_LONG_DOUBLE 8
| #define FC_FUNC(name,NAME) name ## _
| #define FC_FUNC_(name,NAME) name ## _
| #define HAVE_F77_UNDERSCORE 1
| #define HAVE_FORTRAN_DOUBLE_COMPLEX 1
| #define HAVE_NO_SYMBOL_UNDERSCORE 1
| #define FC_LEN_T size_t
| #define SHLIB_EXT ".so"
| #define HAVE_PTHREAD 1
| #define HAVE_OFF_T 1
| #define HAVE_ALLOCA_H 1
| #define HAVE_ALLOCA 1
| #define HAVE_DECL_ALLOCA 1
| #define HAVE_EXPM1 1
| #define HAVE_HYPOT 1
| #define HAVE_LOG1P 1
| #define HAVE_LOG1PL 1
| #define HAVE_LOG2 1
| #define HAVE_LOG10 1
| #define HAVE_NEARBYINT 1
| #define HAVE_NEARBYINTL 1
| #define HAVE_POWL 1
| #define HAVE_RINTL 1
| #define HAVE_VA_COPY 1
| #define HAVE_ISBLANK 1
| #define HAVE___COSPI 1
| #define HAVE___SINPI 1
| #define HAVE___TANPI 1
| #define HAVE_FSEEKO 1
| #define HAVE_FTELLO 1
| #define HAVE_FCNTL 1
| #define HAVE_GETGRGID 1
| #define HAVE_GETPWNAM 1
| #define HAVE_GETPWUID 1
| #define HAVE_KILL 1
| #define HAVE_SIGACTION 1
| #define HAVE_SIGALTSTACK 1
| #define HAVE_SIGEMPTYSET 1
| #define HAVE_FDOPEN 1
| #define HAVE_POPEN 1
| #define HAVE_GETLINE 1
| #define HAVE_SELECT 1
| #define HAVE_SETENV 1
| #define HAVE_UNSETENV 1
| #define HAVE_GETRLIMIT 1
| #define HAVE_SETRLIMIT 1
| #define HAVE_GETRUSAGE 1
| #define HAVE_GETPRIORITY 1
| #define HAVE_CHMOD 1
| #define HAVE_MKFIFO 1
| #define HAVE_STAT 1
| #define HAVE_UMASK 1
| #define HAVE_GETTIMEOFDAY 1
| #define HAVE_UTIMES 1
| #define HAVE_TIMES 1
| #define HAVE_GMTIME_R 1
| #define HAVE_LOCALTIME_R 1
| #define HAVE_NL_LANGINFO 1
| #define HAVE_ACCESS 1
| #define HAVE_CHDIR 1
| #define HAVE_EXECV 1
| #define HAVE_FTRUNCATE 1
| #define HAVE_GETCWD 1
| #define HAVE_GETEUID 1
| #define HAVE_GETUID 1
| #define HAVE_LINK 1
| #define HAVE_READLINK 1
| #define HAVE_SYMLINK 1
| #define HAVE_SYSCONF 1
| #define HAVE_UTIME 1
| #define HAVE_UTIMENSAT 1
| #define HAVE_CLOCK_GETTIME 1
| #define HAVE_TIMESPEC_GET 1
| #define HAVE_PUTENV 1
| #define HAVE_DECL_PUTENV 1
| #define HAVE_VASPRINTF 1
| #define HAVE_DECL_VASPRINTF 1
| #define HAVE_REALPATH 1
| #define HAVE_DECL_REALPATH 1
| #define HAVE_GLOB 1
| #define HAVE_DLADDR 1
| #define HAVE_DLSYM 1
| #define HAVE_DECL_DLADDR 1
| #define HAVE_DECL_DLSYM 1
| #define HAVE_DECL_RTLD_DEFAULT 1
| #define HAVE_DECL_RTLD_NEXT 1
| /* end confdefs.h.  */
| 
| #include <thread.h>
| #include <signal.h>
| 
| 
| #ifdef FC_DUMMY_MAIN
| #ifndef FC_DUMMY_MAIN_EQ_F77
| #  ifdef __cplusplus
|      extern "C"
| #  endif
|    int FC_DUMMY_MAIN() { return 1; }
| #endif
| #endif
| int
| main (void)
| {
| #ifndef thr_stksegment
|   char *p = (char *) thr_stksegment;
| #endif
| 
|   ;
|   return 0;
| }
configure:45732: result: no
configure:45744: checking for stpcpy
configure:45744: gcc -std=gnu23 -o conftest  -g -O2 -fPIC -I/opt/homebrew/include  -L/opt/homebrew/lib conftest.c -ldl -lm  >&5
conftest.c:205:6: warning: incompatible redeclaration of library function 'stpcpy' [-Wincompatible-library-redeclaration]
  205 | char stpcpy (void);
      |      ^
conftest.c:205:6: note: 'stpcpy' is a builtin with type 'char *(char *, const char *)'
1 warning generated.
configure:45744: $? = 0
configure:45744: result: yes
configure:45791: checking for isnan
configure:45791: gcc -std=gnu23 -o conftest  -g -O2 -fPIC -I/opt/homebrew/include  -L/opt/homebrew/lib conftest.c -ldl -lm  >&5
configure:45791: $? = 0
configure:45791: result: yes
configure:45798: checking whether isfinite is declared
configure:45798: gcc -std=gnu23 -c  -g -O2 -fPIC  -I/opt/homebrew/include  conftest.c >&5
configure:45798: $? = 0
configure:45798: result: yes
configure:45808: checking whether isnan is declared
configure:45808: gcc -std=gnu23 -c  -g -O2 -fPIC  -I/opt/homebrew/include  conftest.c >&5
configure:45808: $? = 0
configure:45808: result: yes
configure:45819: checking whether you have IEEE 754 floating-point arithmetic
configure:45833: result: yes
configure:45846: checking whether putenv("FOO") can unset an environment variable
configure:45878: gcc -std=gnu23 -o conftest  -g -O2 -fPIC -I/opt/homebrew/include  -L/opt/homebrew/lib conftest.c -ldl -lm  >&5
configure:45878: $? = 0
configure:45878: ./conftest
configure:45878: $? = 1
configure: program exited with status 1
configure: failed program was:
| /* confdefs.h */
| #define PACKAGE_NAME "R"
| #define PACKAGE_TARNAME "R"
| #define PACKAGE_VERSION "4.6.0"
| #define PACKAGE_STRING "R 4.6.0"
| #define PACKAGE_BUGREPORT "https://bugs.r-project.org"
| #define PACKAGE_URL "https://www.r-project.org"
| #define PACKAGE "R"
| #define VERSION "4.6.0"
| #define R_PLATFORM "aarch64-apple-darwin25.6.0"
| #define R_CPU "aarch64"
| #define R_VENDOR "apple"
| #define R_OS "darwin25.6.0"
| #define Unix 1
| #define R_ARCH ""
| #define HAVE_STDIO_H 1
| #define HAVE_STDLIB_H 1
| #define HAVE_STRING_H 1
| #define HAVE_INTTYPES_H 1
| #define HAVE_STDINT_H 1
| #define HAVE_STRINGS_H 1
| #define HAVE_SYS_STAT_H 1
| #define HAVE_SYS_TYPES_H 1
| #define HAVE_UNISTD_H 1
| #define HAVE_WCHAR_H 1
| #define HAVE_SYS_TIME_H 1
| #define HAVE_SYS_PARAM_H 1
| #define STDC_HEADERS 1
| #define _ALL_SOURCE 1
| #define _DARWIN_C_SOURCE 1
| #define _GNU_SOURCE 1
| #define _HPUX_ALT_XOPEN_SOCKET_API 1
| #define _NETBSD_SOURCE 1
| #define _OPENBSD_SOURCE 1
| #define _POSIX_PTHREAD_SEMANTICS 1
| #define __STDC_WANT_IEC_60559_ATTRIBS_EXT__ 1
| #define __STDC_WANT_IEC_60559_BFP_EXT__ 1
| #define __STDC_WANT_IEC_60559_DFP_EXT__ 1
| #define __STDC_WANT_IEC_60559_EXT__ 1
| #define __STDC_WANT_IEC_60559_FUNCS_EXT__ 1
| #define __STDC_WANT_IEC_60559_TYPES_EXT__ 1
| #define __STDC_WANT_LIB_EXT2__ 1
| #define __STDC_WANT_MATH_SPEC_FUNCS__ 1
| #define _TANDEM_SOURCE 1
| #define __EXTENSIONS__ 1
| #define HAVE_VISIBILITY_ATTRIBUTE 1
| #define HAVE_DLFCN_H 1
| #define LT_OBJDIR ".libs/"
| #define HAVE_LIBM 1
| #define HAVE_LIBDL 1
| #define HAVE_DIRENT_H 1
| #define HAVE_SYS_WAIT_H 1
| #define HAVE_DLFCN_H 1
| #define HAVE_FCNTL_H 1
| #define HAVE_GLOB_H 1
| #define HAVE_GRP_H 1
| #define HAVE_PWD_H 1
| #define HAVE_SCHED_H 1
| #define HAVE_STRINGS_H 1
| #define HAVE_SYS_RESOURCE_H 1
| #define HAVE_SYS_SELECT_H 1
| #define HAVE_SYS_SOCKET_H 1
| #define HAVE_SYS_STAT_H 1
| #define HAVE_SYS_TIME_H 1
| #define HAVE_SYS_TIMES_H 1
| #define HAVE_SYS_UTSNAME_H 1
| #define HAVE_UNISTD_H 1
| #define HAVE_UTIME_H 1
| #define HAVE_ARPA_INET_H 1
| #define HAVE_LANGINFO_H 1
| #define HAVE_NETDB_H 1
| #define HAVE_NETINET_IN_H 1
| #define HAVE_SYS_PARAM_H 1
| #define HAVE_STDALIGN_H 1
| #define HAVE_ERRNO_H 1
| #define HAVE_INTTYPES_H 1
| #define HAVE_LIMITS_H 1
| #define HAVE_LOCALE_H 1
| #define HAVE_STDARG_H 1
| #define HAVE_STDBOOL_H 1
| #define HAVE_STDINT_H 1
| #define HAVE_STRING_H 1
| #define HAVE_DECL_SIGSETJMP 1
| #define HAVE_DECL_SIGLONGJMP 1
| #define HAVE_POSIX_SETJMP 1
| #define HAVE_INT64_T 1
| #define HAVE_INT_FAST64_T 1
| #define HAVE_DECL_SIZE_MAX 1
| #define R_SOCKLEN_T socklen_t
| #define HAVE_STACK_T 1
| #define HAVE_INTPTR_T 1
| #define HAVE_UINTPTR_T 1
| #define R_INLINE inline
| #define SIZEOF_INT 4
| #define INT_32_BITS 1
| #define SIZEOF_LONG 8
| #define SIZEOF_LONG_LONG 8
| #define SIZEOF_DOUBLE 8
| #define SIZEOF_SIZE_T 8
| #define C_STACK_DIRECTION 1
| #define HAVE_LONG_DOUBLE 1
| #define SIZEOF_LONG_DOUBLE 8
| #define FC_FUNC(name,NAME) name ## _
| #define FC_FUNC_(name,NAME) name ## _
| #define HAVE_F77_UNDERSCORE 1
| #define HAVE_FORTRAN_DOUBLE_COMPLEX 1
| #define HAVE_NO_SYMBOL_UNDERSCORE 1
| #define FC_LEN_T size_t
| #define SHLIB_EXT ".so"
| #define HAVE_PTHREAD 1
| #define HAVE_OFF_T 1
| #define HAVE_ALLOCA_H 1
| #define HAVE_ALLOCA 1
| #define HAVE_DECL_ALLOCA 1
| #define HAVE_EXPM1 1
| #define HAVE_HYPOT 1
| #define HAVE_LOG1P 1
| #define HAVE_LOG1PL 1
| #define HAVE_LOG2 1
| #define HAVE_LOG10 1
| #define HAVE_NEARBYINT 1
| #define HAVE_NEARBYINTL 1
| #define HAVE_POWL 1
| #define HAVE_RINTL 1
| #define HAVE_VA_COPY 1
| #define HAVE_ISBLANK 1
| #define HAVE___COSPI 1
| #define HAVE___SINPI 1
| #define HAVE___TANPI 1
| #define HAVE_FSEEKO 1
| #define HAVE_FTELLO 1
| #define HAVE_FCNTL 1
| #define HAVE_GETGRGID 1
| #define HAVE_GETPWNAM 1
| #define HAVE_GETPWUID 1
| #define HAVE_KILL 1
| #define HAVE_SIGACTION 1
| #define HAVE_SIGALTSTACK 1
| #define HAVE_SIGEMPTYSET 1
| #define HAVE_FDOPEN 1
| #define HAVE_POPEN 1
| #define HAVE_GETLINE 1
| #define HAVE_SELECT 1
| #define HAVE_SETENV 1
| #define HAVE_UNSETENV 1
| #define HAVE_GETRLIMIT 1
| #define HAVE_SETRLIMIT 1
| #define HAVE_GETRUSAGE 1
| #define HAVE_GETPRIORITY 1
| #define HAVE_CHMOD 1
| #define HAVE_MKFIFO 1
| #define HAVE_STAT 1
| #define HAVE_UMASK 1
| #define HAVE_GETTIMEOFDAY 1
| #define HAVE_UTIMES 1
| #define HAVE_TIMES 1
| #define HAVE_GMTIME_R 1
| #define HAVE_LOCALTIME_R 1
| #define HAVE_NL_LANGINFO 1
| #define HAVE_ACCESS 1
| #define HAVE_CHDIR 1
| #define HAVE_EXECV 1
| #define HAVE_FTRUNCATE 1
| #define HAVE_GETCWD 1
| #define HAVE_GETEUID 1
| #define HAVE_GETUID 1
| #define HAVE_LINK 1
| #define HAVE_READLINK 1
| #define HAVE_SYMLINK 1
| #define HAVE_SYSCONF 1
| #define HAVE_UTIME 1
| #define HAVE_UTIMENSAT 1
| #define HAVE_CLOCK_GETTIME 1
| #define HAVE_TIMESPEC_GET 1
| #define HAVE_PUTENV 1
| #define HAVE_DECL_PUTENV 1
| #define HAVE_VASPRINTF 1
| #define HAVE_DECL_VASPRINTF 1
| #define HAVE_REALPATH 1
| #define HAVE_DECL_REALPATH 1
| #define HAVE_GLOB 1
| #define HAVE_DLADDR 1
| #define HAVE_DLSYM 1
| #define HAVE_DECL_DLADDR 1
| #define HAVE_DECL_DLSYM 1
| #define HAVE_DECL_RTLD_DEFAULT 1
| #define HAVE_DECL_RTLD_NEXT 1
| #define HAVE_STPCPY 1
| #define HAVE_OFF_T 1
| #define HAVE_ISNAN 1
| #define HAVE_DECL_ISFINITE 1
| #define HAVE_DECL_ISNAN 1
| #define IEEE_754 1
| /* end confdefs.h.  */
| 
| #include "confdefs.h"
| #include <stdlib.h>
| #include <string.h>
| int main(void)
| {
|     char *p;
| #ifdef HAVE_PUTENV
|     putenv("R_TEST=testit");
|     p = getenv("R_TEST");
|     if(!p) exit(10);
|     if(strcmp(p, "testit")) exit(11);
|     putenv("R_TEST");
|     p = getenv("R_TEST");
|     if(!p) exit(0);
| #endif
|     exit(1);
| }
| 
configure:45892: result: no
configure:45902: checking whether putenv("FOO=") can unset an environment variable
configure:45934: gcc -std=gnu23 -o conftest  -g -O2 -fPIC -I/opt/homebrew/include  -L/opt/homebrew/lib conftest.c -ldl -lm  >&5
configure:45934: $? = 0
configure:45934: ./conftest
configure:45934: $? = 1
configure: program exited with status 1
configure: failed program was:
| /* confdefs.h */
| #define PACKAGE_NAME "R"
| #define PACKAGE_TARNAME "R"
| #define PACKAGE_VERSION "4.6.0"
| #define PACKAGE_STRING "R 4.6.0"
| #define PACKAGE_BUGREPORT "https://bugs.r-project.org"
| #define PACKAGE_URL "https://www.r-project.org"
| #define PACKAGE "R"
| #define VERSION "4.6.0"
| #define R_PLATFORM "aarch64-apple-darwin25.6.0"
| #define R_CPU "aarch64"
| #define R_VENDOR "apple"
| #define R_OS "darwin25.6.0"
| #define Unix 1
| #define R_ARCH ""
| #define HAVE_STDIO_H 1
| #define HAVE_STDLIB_H 1
| #define HAVE_STRING_H 1
| #define HAVE_INTTYPES_H 1
| #define HAVE_STDINT_H 1
| #define HAVE_STRINGS_H 1
| #define HAVE_SYS_STAT_H 1
| #define HAVE_SYS_TYPES_H 1
| #define HAVE_UNISTD_H 1
| #define HAVE_WCHAR_H 1
| #define HAVE_SYS_TIME_H 1
| #define HAVE_SYS_PARAM_H 1
| #define STDC_HEADERS 1
| #define _ALL_SOURCE 1
| #define _DARWIN_C_SOURCE 1
| #define _GNU_SOURCE 1
| #define _HPUX_ALT_XOPEN_SOCKET_API 1
| #define _NETBSD_SOURCE 1
| #define _OPENBSD_SOURCE 1
| #define _POSIX_PTHREAD_SEMANTICS 1
| #define __STDC_WANT_IEC_60559_ATTRIBS_EXT__ 1
| #define __STDC_WANT_IEC_60559_BFP_EXT__ 1
| #define __STDC_WANT_IEC_60559_DFP_EXT__ 1
| #define __STDC_WANT_IEC_60559_EXT__ 1
| #define __STDC_WANT_IEC_60559_FUNCS_EXT__ 1
| #define __STDC_WANT_IEC_60559_TYPES_EXT__ 1
| #define __STDC_WANT_LIB_EXT2__ 1
| #define __STDC_WANT_MATH_SPEC_FUNCS__ 1
| #define _TANDEM_SOURCE 1
| #define __EXTENSIONS__ 1
| #define HAVE_VISIBILITY_ATTRIBUTE 1
| #define HAVE_DLFCN_H 1
| #define LT_OBJDIR ".libs/"
| #define HAVE_LIBM 1
| #define HAVE_LIBDL 1
| #define HAVE_DIRENT_H 1
| #define HAVE_SYS_WAIT_H 1
| #define HAVE_DLFCN_H 1
| #define HAVE_FCNTL_H 1
| #define HAVE_GLOB_H 1
| #define HAVE_GRP_H 1
| #define HAVE_PWD_H 1
| #define HAVE_SCHED_H 1
| #define HAVE_STRINGS_H 1
| #define HAVE_SYS_RESOURCE_H 1
| #define HAVE_SYS_SELECT_H 1
| #define HAVE_SYS_SOCKET_H 1
| #define HAVE_SYS_STAT_H 1
| #define HAVE_SYS_TIME_H 1
| #define HAVE_SYS_TIMES_H 1
| #define HAVE_SYS_UTSNAME_H 1
| #define HAVE_UNISTD_H 1
| #define HAVE_UTIME_H 1
| #define HAVE_ARPA_INET_H 1
| #define HAVE_LANGINFO_H 1
| #define HAVE_NETDB_H 1
| #define HAVE_NETINET_IN_H 1
| #define HAVE_SYS_PARAM_H 1
| #define HAVE_STDALIGN_H 1
| #define HAVE_ERRNO_H 1
| #define HAVE_INTTYPES_H 1
| #define HAVE_LIMITS_H 1
| #define HAVE_LOCALE_H 1
| #define HAVE_STDARG_H 1
| #define HAVE_STDBOOL_H 1
| #define HAVE_STDINT_H 1
| #define HAVE_STRING_H 1
| #define HAVE_DECL_SIGSETJMP 1
| #define HAVE_DECL_SIGLONGJMP 1
| #define HAVE_POSIX_SETJMP 1
| #define HAVE_INT64_T 1
| #define HAVE_INT_FAST64_T 1
| #define HAVE_DECL_SIZE_MAX 1
| #define R_SOCKLEN_T socklen_t
| #define HAVE_STACK_T 1
| #define HAVE_INTPTR_T 1
| #define HAVE_UINTPTR_T 1
| #define R_INLINE inline
| #define SIZEOF_INT 4
| #define INT_32_BITS 1
| #define SIZEOF_LONG 8
| #define SIZEOF_LONG_LONG 8
| #define SIZEOF_DOUBLE 8
| #define SIZEOF_SIZE_T 8
| #define C_STACK_DIRECTION 1
| #define HAVE_LONG_DOUBLE 1
| #define SIZEOF_LONG_DOUBLE 8
| #define FC_FUNC(name,NAME) name ## _
| #define FC_FUNC_(name,NAME) name ## _
| #define HAVE_F77_UNDERSCORE 1
| #define HAVE_FORTRAN_DOUBLE_COMPLEX 1
| #define HAVE_NO_SYMBOL_UNDERSCORE 1
| #define FC_LEN_T size_t
| #define SHLIB_EXT ".so"
| #define HAVE_PTHREAD 1
| #define HAVE_OFF_T 1
| #define HAVE_ALLOCA_H 1
| #define HAVE_ALLOCA 1
| #define HAVE_DECL_ALLOCA 1
| #define HAVE_EXPM1 1
| #define HAVE_HYPOT 1
| #define HAVE_LOG1P 1
| #define HAVE_LOG1PL 1
| #define HAVE_LOG2 1
| #define HAVE_LOG10 1
| #define HAVE_NEARBYINT 1
| #define HAVE_NEARBYINTL 1
| #define HAVE_POWL 1
| #define HAVE_RINTL 1
| #define HAVE_VA_COPY 1
| #define HAVE_ISBLANK 1
| #define HAVE___COSPI 1
| #define HAVE___SINPI 1
| #define HAVE___TANPI 1
| #define HAVE_FSEEKO 1
| #define HAVE_FTELLO 1
| #define HAVE_FCNTL 1
| #define HAVE_GETGRGID 1
| #define HAVE_GETPWNAM 1
| #define HAVE_GETPWUID 1
| #define HAVE_KILL 1
| #define HAVE_SIGACTION 1
| #define HAVE_SIGALTSTACK 1
| #define HAVE_SIGEMPTYSET 1
| #define HAVE_FDOPEN 1
| #define HAVE_POPEN 1
| #define HAVE_GETLINE 1
| #define HAVE_SELECT 1
| #define HAVE_SETENV 1
| #define HAVE_UNSETENV 1
| #define HAVE_GETRLIMIT 1
| #define HAVE_SETRLIMIT 1
| #define HAVE_GETRUSAGE 1
| #define HAVE_GETPRIORITY 1
| #define HAVE_CHMOD 1
| #define HAVE_MKFIFO 1
| #define HAVE_STAT 1
| #define HAVE_UMASK 1
| #define HAVE_GETTIMEOFDAY 1
| #define HAVE_UTIMES 1
| #define HAVE_TIMES 1
| #define HAVE_GMTIME_R 1
| #define HAVE_LOCALTIME_R 1
| #define HAVE_NL_LANGINFO 1
| #define HAVE_ACCESS 1
| #define HAVE_CHDIR 1
| #define HAVE_EXECV 1
| #define HAVE_FTRUNCATE 1
| #define HAVE_GETCWD 1
| #define HAVE_GETEUID 1
| #define HAVE_GETUID 1
| #define HAVE_LINK 1
| #define HAVE_READLINK 1
| #define HAVE_SYMLINK 1
| #define HAVE_SYSCONF 1
| #define HAVE_UTIME 1
| #define HAVE_UTIMENSAT 1
| #define HAVE_CLOCK_GETTIME 1
| #define HAVE_TIMESPEC_GET 1
| #define HAVE_PUTENV 1
| #define HAVE_DECL_PUTENV 1
| #define HAVE_VASPRINTF 1
| #define HAVE_DECL_VASPRINTF 1
| #define HAVE_REALPATH 1
| #define HAVE_DECL_REALPATH 1
| #define HAVE_GLOB 1
| #define HAVE_DLADDR 1
| #define HAVE_DLSYM 1
| #define HAVE_DECL_DLADDR 1
| #define HAVE_DECL_DLSYM 1
| #define HAVE_DECL_RTLD_DEFAULT 1
| #define HAVE_DECL_RTLD_NEXT 1
| #define HAVE_STPCPY 1
| #define HAVE_OFF_T 1
| #define HAVE_ISNAN 1
| #define HAVE_DECL_ISFINITE 1
| #define HAVE_DECL_ISNAN 1
| #define IEEE_754 1
| /* end confdefs.h.  */
| 
| #include "confdefs.h"
| #include <stdlib.h>
| #include <string.h>
| int main(void)
| {
|     char *p;
| #ifdef HAVE_PUTENV
|     putenv("R_TEST=testit");
|     p = getenv("R_TEST");
|     if(!p) exit(10);
|     if(strcmp(p, "testit")) exit(11);
|     putenv("R_TEST=");
|     p = getenv("R_TEST");
|     if(!p) exit(0);
| #endif
|     exit(1);
| }
| 
configure:45948: result: no
configure:45963: checking for nl_langinfo and CODESET
configure:45988: gcc -std=gnu23 -o conftest  -g -O2 -fPIC -I/opt/homebrew/include  -L/opt/homebrew/lib conftest.c -ldl -lm  >&5
configure:45988: $? = 0
configure:46000: result: yes
configure:46019: checking for mkdtemp
configure:46019: gcc -std=gnu23 -o conftest  -g -O2 -fPIC -I/opt/homebrew/include  -L/opt/homebrew/lib conftest.c -ldl -lm  >&5
configure:46019: $? = 0
configure:46019: result: yes
configure:46033: checking for strdup
configure:46033: gcc -std=gnu23 -o conftest  -g -O2 -fPIC -I/opt/homebrew/include  -L/opt/homebrew/lib conftest.c -ldl -lm  >&5
conftest.c:213:6: warning: incompatible redeclaration of library function 'strdup' [-Wincompatible-library-redeclaration]
  213 | char strdup (void);
      |      ^
conftest.c:213:6: note: 'strdup' is a builtin with type 'char *(const char *)'
1 warning generated.
configure:46033: $? = 0
configure:46033: result: yes
configure:46047: checking for strncasecmp
configure:46047: gcc -std=gnu23 -o conftest  -g -O2 -fPIC -I/opt/homebrew/include  -L/opt/homebrew/lib conftest.c -ldl -lm  >&5
conftest.c:214:6: warning: incompatible redeclaration of library function 'strncasecmp' [-Wincompatible-library-redeclaration]
  214 | char strncasecmp (void);
      |      ^
conftest.c:214:6: note: 'strncasecmp' is a builtin with type 'int (const char *, const char *, unsigned long)'
1 warning generated.
configure:46047: $? = 0
configure:46047: result: yes
configure:46063: checking whether mkdtemp is declared
configure:46063: gcc -std=gnu23 -c  -g -O2 -fPIC  -I/opt/homebrew/include  conftest.c >&5
configure:46063: $? = 0
configure:46063: result: yes
configure:46072: checking whether strdup is declared
configure:46072: gcc -std=gnu23 -c  -g -O2 -fPIC  -I/opt/homebrew/include  conftest.c >&5
configure:46072: $? = 0
configure:46072: result: yes
configure:46081: checking whether strncasecmp is declared
configure:46081: gcc -std=gnu23 -c  -g -O2 -fPIC  -I/opt/homebrew/include  conftest.c >&5
configure:46081: $? = 0
configure:46081: result: yes
configure:46092: checking for library containing connect
configure:46136: gcc -std=gnu23 -o conftest  -g -O2 -fPIC -I/opt/homebrew/include  -L/opt/homebrew/lib conftest.c -ldl -lm  >&5
configure:46136: $? = 0
configure:46158: result: none required
configure:46168: checking for library containing gethostbyname
configure:46212: gcc -std=gnu23 -o conftest  -g -O2 -fPIC -I/opt/homebrew/include  -L/opt/homebrew/lib conftest.c -ldl -lm  >&5
configure:46212: $? = 0
configure:46234: result: none required
configure:46243: checking for working calloc
configure:46263: gcc -std=gnu23 -o conftest  -g -O2 -fPIC -I/opt/homebrew/include  -L/opt/homebrew/lib conftest.c -ldl -lm  >&5
configure:46263: $? = 0
configure:46263: ./conftest
configure:46263: $? = 0
configure:46277: result: yes
configure:46286: checking for working isfinite
configure:46311: gcc -std=gnu23 -o conftest  -g -O2 -fPIC -I/opt/homebrew/include  -L/opt/homebrew/lib conftest.c -ldl -lm  >&5
configure:46311: $? = 0
configure:46311: ./conftest
configure:46311: $? = 0
configure:46325: result: yes
configure:46337: checking for working log1p
configure:46380: gcc -std=gnu23 -o conftest  -g -O2 -fPIC -I/opt/homebrew/include  -L/opt/homebrew/lib conftest.c -ldl -lm  >&5
configure:46380: $? = 0
configure:46380: ./conftest
configure:46380: $? = 0
configure:46394: result: yes
configure:46406: checking whether ftell works correctly on files opened for append
configure:46440: gcc -std=gnu23 -o conftest  -g -O2 -fPIC -I/opt/homebrew/include  -L/opt/homebrew/lib conftest.c -ldl -lm  >&5
configure:46440: $? = 0
configure:46440: ./conftest
configure:46440: $? = 0
configure:46454: result: yes
configure:46463: checking for working sigaction
configure:46494: gcc -std=gnu23 -o conftest  -g -O2 -fPIC -I/opt/homebrew/include  -L/opt/homebrew/lib conftest.c -ldl -lm  >&5
configure:46494: $? = 0
configure:46494: ./conftest
configure:46494: $? = 0
configure:46508: result: yes
configure:46517: checking whether the base type of an enum can be specified
configure:46539: gcc -std=gnu23 -o conftest  -g -O2 -fPIC -I/opt/homebrew/include  -L/opt/homebrew/lib conftest.c -ldl -lm  >&5
configure:46539: $? = 0
configure:46539: ./conftest
configure:46539: $? = 0
configure:46553: result: yes
configure:47063: checking for complex.h
configure:47063: gcc -std=gnu23 -c  -g -O2 -fPIC -I/opt/homebrew/include  conftest.c >&5
configure:47063: $? = 0
configure:47063: result: yes
configure:47073: checking for double complex
configure:47073: gcc -std=gnu23 -c  -g -O2 -fPIC -I/opt/homebrew/include  conftest.c >&5
configure:47073: $? = 0
configure:47073: gcc -std=gnu23 -c  -g -O2 -fPIC -I/opt/homebrew/include  conftest.c >&5
conftest.c:220:29: error: expected expression
  220 | if (sizeof ((double complex)))
      |                             ^
1 error generated.
configure:47073: $? = 1
configure: failed program was:
| /* confdefs.h */
| #define PACKAGE_NAME "R"
| #define PACKAGE_TARNAME "R"
| #define PACKAGE_VERSION "4.6.0"
| #define PACKAGE_STRING "R 4.6.0"
| #define PACKAGE_BUGREPORT "https://bugs.r-project.org"
| #define PACKAGE_URL "https://www.r-project.org"
| #define PACKAGE "R"
| #define VERSION "4.6.0"
| #define R_PLATFORM "aarch64-apple-darwin25.6.0"
| #define R_CPU "aarch64"
| #define R_VENDOR "apple"
| #define R_OS "darwin25.6.0"
| #define Unix 1
| #define R_ARCH ""
| #define HAVE_STDIO_H 1
| #define HAVE_STDLIB_H 1
| #define HAVE_STRING_H 1
| #define HAVE_INTTYPES_H 1
| #define HAVE_STDINT_H 1
| #define HAVE_STRINGS_H 1
| #define HAVE_SYS_STAT_H 1
| #define HAVE_SYS_TYPES_H 1
| #define HAVE_UNISTD_H 1
| #define HAVE_WCHAR_H 1
| #define HAVE_SYS_TIME_H 1
| #define HAVE_SYS_PARAM_H 1
| #define STDC_HEADERS 1
| #define _ALL_SOURCE 1
| #define _DARWIN_C_SOURCE 1
| #define _GNU_SOURCE 1
| #define _HPUX_ALT_XOPEN_SOCKET_API 1
| #define _NETBSD_SOURCE 1
| #define _OPENBSD_SOURCE 1
| #define _POSIX_PTHREAD_SEMANTICS 1
| #define __STDC_WANT_IEC_60559_ATTRIBS_EXT__ 1
| #define __STDC_WANT_IEC_60559_BFP_EXT__ 1
| #define __STDC_WANT_IEC_60559_DFP_EXT__ 1
| #define __STDC_WANT_IEC_60559_EXT__ 1
| #define __STDC_WANT_IEC_60559_FUNCS_EXT__ 1
| #define __STDC_WANT_IEC_60559_TYPES_EXT__ 1
| #define __STDC_WANT_LIB_EXT2__ 1
| #define __STDC_WANT_MATH_SPEC_FUNCS__ 1
| #define _TANDEM_SOURCE 1
| #define __EXTENSIONS__ 1
| #define HAVE_VISIBILITY_ATTRIBUTE 1
| #define HAVE_DLFCN_H 1
| #define LT_OBJDIR ".libs/"
| #define HAVE_LIBM 1
| #define HAVE_LIBDL 1
| #define HAVE_DIRENT_H 1
| #define HAVE_SYS_WAIT_H 1
| #define HAVE_DLFCN_H 1
| #define HAVE_FCNTL_H 1
| #define HAVE_GLOB_H 1
| #define HAVE_GRP_H 1
| #define HAVE_PWD_H 1
| #define HAVE_SCHED_H 1
| #define HAVE_STRINGS_H 1
| #define HAVE_SYS_RESOURCE_H 1
| #define HAVE_SYS_SELECT_H 1
| #define HAVE_SYS_SOCKET_H 1
| #define HAVE_SYS_STAT_H 1
| #define HAVE_SYS_TIME_H 1
| #define HAVE_SYS_TIMES_H 1
| #define HAVE_SYS_UTSNAME_H 1
| #define HAVE_UNISTD_H 1
| #define HAVE_UTIME_H 1
| #define HAVE_ARPA_INET_H 1
| #define HAVE_LANGINFO_H 1
| #define HAVE_NETDB_H 1
| #define HAVE_NETINET_IN_H 1
| #define HAVE_SYS_PARAM_H 1
| #define HAVE_STDALIGN_H 1
| #define HAVE_ERRNO_H 1
| #define HAVE_INTTYPES_H 1
| #define HAVE_LIMITS_H 1
| #define HAVE_LOCALE_H 1
| #define HAVE_STDARG_H 1
| #define HAVE_STDBOOL_H 1
| #define HAVE_STDINT_H 1
| #define HAVE_STRING_H 1
| #define HAVE_DECL_SIGSETJMP 1
| #define HAVE_DECL_SIGLONGJMP 1
| #define HAVE_POSIX_SETJMP 1
| #define HAVE_INT64_T 1
| #define HAVE_INT_FAST64_T 1
| #define HAVE_DECL_SIZE_MAX 1
| #define R_SOCKLEN_T socklen_t
| #define HAVE_STACK_T 1
| #define HAVE_INTPTR_T 1
| #define HAVE_UINTPTR_T 1
| #define R_INLINE inline
| #define SIZEOF_INT 4
| #define INT_32_BITS 1
| #define SIZEOF_LONG 8
| #define SIZEOF_LONG_LONG 8
| #define SIZEOF_DOUBLE 8
| #define SIZEOF_SIZE_T 8
| #define C_STACK_DIRECTION 1
| #define HAVE_LONG_DOUBLE 1
| #define SIZEOF_LONG_DOUBLE 8
| #define FC_FUNC(name,NAME) name ## _
| #define FC_FUNC_(name,NAME) name ## _
| #define HAVE_F77_UNDERSCORE 1
| #define HAVE_FORTRAN_DOUBLE_COMPLEX 1
| #define HAVE_NO_SYMBOL_UNDERSCORE 1
| #define FC_LEN_T size_t
| #define SHLIB_EXT ".so"
| #define HAVE_PTHREAD 1
| #define HAVE_OFF_T 1
| #define HAVE_ALLOCA_H 1
| #define HAVE_ALLOCA 1
| #define HAVE_DECL_ALLOCA 1
| #define HAVE_EXPM1 1
| #define HAVE_HYPOT 1
| #define HAVE_LOG1P 1
| #define HAVE_LOG1PL 1
| #define HAVE_LOG2 1
| #define HAVE_LOG10 1
| #define HAVE_NEARBYINT 1
| #define HAVE_NEARBYINTL 1
| #define HAVE_POWL 1
| #define HAVE_RINTL 1
| #define HAVE_VA_COPY 1
| #define HAVE_ISBLANK 1
| #define HAVE___COSPI 1
| #define HAVE___SINPI 1
| #define HAVE___TANPI 1
| #define HAVE_FSEEKO 1
| #define HAVE_FTELLO 1
| #define HAVE_FCNTL 1
| #define HAVE_GETGRGID 1
| #define HAVE_GETPWNAM 1
| #define HAVE_GETPWUID 1
| #define HAVE_KILL 1
| #define HAVE_SIGACTION 1
| #define HAVE_SIGALTSTACK 1
| #define HAVE_SIGEMPTYSET 1
| #define HAVE_FDOPEN 1
| #define HAVE_POPEN 1
| #define HAVE_GETLINE 1
| #define HAVE_SELECT 1
| #define HAVE_SETENV 1
| #define HAVE_UNSETENV 1
| #define HAVE_GETRLIMIT 1
| #define HAVE_SETRLIMIT 1
| #define HAVE_GETRUSAGE 1
| #define HAVE_GETPRIORITY 1
| #define HAVE_CHMOD 1
| #define HAVE_MKFIFO 1
| #define HAVE_STAT 1
| #define HAVE_UMASK 1
| #define HAVE_GETTIMEOFDAY 1
| #define HAVE_UTIMES 1
| #define HAVE_TIMES 1
| #define HAVE_GMTIME_R 1
| #define HAVE_LOCALTIME_R 1
| #define HAVE_NL_LANGINFO 1
| #define HAVE_ACCESS 1
| #define HAVE_CHDIR 1
| #define HAVE_EXECV 1
| #define HAVE_FTRUNCATE 1
| #define HAVE_GETCWD 1
| #define HAVE_GETEUID 1
| #define HAVE_GETUID 1
| #define HAVE_LINK 1
| #define HAVE_READLINK 1
| #define HAVE_SYMLINK 1
| #define HAVE_SYSCONF 1
| #define HAVE_UTIME 1
| #define HAVE_UTIMENSAT 1
| #define HAVE_CLOCK_GETTIME 1
| #define HAVE_TIMESPEC_GET 1
| #define HAVE_PUTENV 1
| #define HAVE_DECL_PUTENV 1
| #define HAVE_VASPRINTF 1
| #define HAVE_DECL_VASPRINTF 1
| #define HAVE_REALPATH 1
| #define HAVE_DECL_REALPATH 1
| #define HAVE_GLOB 1
| #define HAVE_DLADDR 1
| #define HAVE_DLSYM 1
| #define HAVE_DECL_DLADDR 1
| #define HAVE_DECL_DLSYM 1
| #define HAVE_DECL_RTLD_DEFAULT 1
| #define HAVE_DECL_RTLD_NEXT 1
| #define HAVE_STPCPY 1
| #define HAVE_OFF_T 1
| #define HAVE_ISNAN 1
| #define HAVE_DECL_ISFINITE 1
| #define HAVE_DECL_ISNAN 1
| #define IEEE_754 1
| #define HAVE_LANGINFO_CODESET 1
| #define HAVE_MKDTEMP 1
| #define HAVE_STRDUP 1
| #define HAVE_STRNCASECMP 1
| #define HAVE_DECL_MKDTEMP 1
| #define HAVE_DECL_STRDUP 1
| #define HAVE_DECL_STRNCASECMP 1
| #define HAVE_WORKING_CALLOC 1
| #define HAVE_WORKING_ISFINITE 1
| #define HAVE_WORKING_LOG1P 1
| #define HAVE_WORKING_FTELL 1
| #define HAVE_WORKING_SIGACTION 1
| #define HAVE_ENUM_BASE_TYPE 1
| #define MKTIME_SETS_ERRNO 1
| #define HAVE_WORKING_MKTIME_AFTER_2037 1
| #define HAVE_WORKING_MKTIME_BEFORE_1902 1
| #define HAVE_WORKING_MKTIME_BEFORE_1970 1
| #define USE_RI18N_FNS 1
| #define USE_RI18N_WIDTH 1
| #define USE_RI18N_CASE 1
| /* end confdefs.h.  */
| #include <complex.h>
| 
| int
| main (void)
| {
| if (sizeof ((double complex)))
| 	    return 0;
|   ;
|   return 0;
| }
configure:47073: result: yes
configure:47084: checking whether C99 double complex is supported
configure:47086: result: yes
configure:47095: checking whether cabs exists and is declared
configure:47124: gcc -std=gnu23 -o conftest  -g -O2 -fPIC -I/opt/homebrew/include  -L/opt/homebrew/lib conftest.c -ldl -lm  >&5
configure:47124: $? = 0
configure:47136: result: yes
configure:47095: checking whether carg exists and is declared
configure:47124: gcc -std=gnu23 -o conftest  -g -O2 -fPIC -I/opt/homebrew/include  -L/opt/homebrew/lib conftest.c -ldl -lm  >&5
configure:47124: $? = 0
configure:47136: result: yes
configure:47095: checking whether cexp exists and is declared
configure:47124: gcc -std=gnu23 -o conftest  -g -O2 -fPIC -I/opt/homebrew/include  -L/opt/homebrew/lib conftest.c -ldl -lm  >&5
configure:47124: $? = 0
configure:47136: result: yes
configure:47095: checking whether clog exists and is declared
configure:47124: gcc -std=gnu23 -o conftest  -g -O2 -fPIC -I/opt/homebrew/include  -L/opt/homebrew/lib conftest.c -ldl -lm  >&5
configure:47124: $? = 0
configure:47136: result: yes
configure:47095: checking whether csqrt exists and is declared
configure:47124: gcc -std=gnu23 -o conftest  -g -O2 -fPIC -I/opt/homebrew/include  -L/opt/homebrew/lib conftest.c -ldl -lm  >&5
configure:47124: $? = 0
configure:47136: result: yes
configure:47095: checking whether cpow exists and is declared
configure:47124: gcc -std=gnu23 -o conftest  -g -O2 -fPIC -I/opt/homebrew/include  -L/opt/homebrew/lib conftest.c -ldl -lm  >&5
configure:47124: $? = 0
configure:47136: result: yes
configure:47095: checking whether ccos exists and is declared
configure:47124: gcc -std=gnu23 -o conftest  -g -O2 -fPIC -I/opt/homebrew/include  -L/opt/homebrew/lib conftest.c -ldl -lm  >&5
configure:47124: $? = 0
configure:47136: result: yes
configure:47095: checking whether csin exists and is declared
configure:47124: gcc -std=gnu23 -o conftest  -g -O2 -fPIC -I/opt/homebrew/include  -L/opt/homebrew/lib conftest.c -ldl -lm  >&5
configure:47124: $? = 0
configure:47136: result: yes
configure:47095: checking whether ctan exists and is declared
configure:47124: gcc -std=gnu23 -o conftest  -g -O2 -fPIC -I/opt/homebrew/include  -L/opt/homebrew/lib conftest.c -ldl -lm  >&5
configure:47124: $? = 0
configure:47136: result: yes
configure:47095: checking whether cacos exists and is declared
configure:47124: gcc -std=gnu23 -o conftest  -g -O2 -fPIC -I/opt/homebrew/include  -L/opt/homebrew/lib conftest.c -ldl -lm  >&5
configure:47124: $? = 0
configure:47136: result: yes
configure:47095: checking whether casin exists and is declared
configure:47124: gcc -std=gnu23 -o conftest  -g -O2 -fPIC -I/opt/homebrew/include  -L/opt/homebrew/lib conftest.c -ldl -lm  >&5
configure:47124: $? = 0
configure:47136: result: yes
configure:47095: checking whether catan exists and is declared
configure:47124: gcc -std=gnu23 -o conftest  -g -O2 -fPIC -I/opt/homebrew/include  -L/opt/homebrew/lib conftest.c -ldl -lm  >&5
configure:47124: $? = 0
configure:47136: result: yes
configure:47095: checking whether ccosh exists and is declared
configure:47124: gcc -std=gnu23 -o conftest  -g -O2 -fPIC -I/opt/homebrew/include  -L/opt/homebrew/lib conftest.c -ldl -lm  >&5
configure:47124: $? = 0
configure:47136: result: yes
configure:47095: checking whether csinh exists and is declared
configure:47124: gcc -std=gnu23 -o conftest  -g -O2 -fPIC -I/opt/homebrew/include  -L/opt/homebrew/lib conftest.c -ldl -lm  >&5
configure:47124: $? = 0
configure:47136: result: yes
configure:47095: checking whether ctanh exists and is declared
configure:47124: gcc -std=gnu23 -o conftest  -g -O2 -fPIC -I/opt/homebrew/include  -L/opt/homebrew/lib conftest.c -ldl -lm  >&5
configure:47124: $? = 0
configure:47136: result: yes
configure:47148: checking for working ctanh
configure:47182: gcc -std=gnu23 -o conftest  -g -O2 -fPIC -I/opt/homebrew/include  -L/opt/homebrew/lib conftest.c -ldl -lm  >&5
configure:47182: $? = 0
configure:47182: ./conftest
configure:47182: $? = 0
configure:47196: result: yes
configure:47206: checking whether 'struct tm' includes tm_zone
configure:47225: gcc -std=gnu23 -c  -g -O2 -fPIC -I/opt/homebrew/include  conftest.c >&5
configure:47225: $? = 0
configure:47235: result: yes
configure:47243: checking whether 'struct tm' includes tm_gmtoff
configure:47263: gcc -std=gnu23 -c  -g -O2 -fPIC -I/opt/homebrew/include  conftest.c >&5
configure:47263: $? = 0
configure:47273: result: yes
configure:48593: checking for dgemm_ in -llapack
configure:48630: gcc -std=gnu23 -o conftest  -g -O2 -fPIC -I/opt/homebrew/include  -L/opt/homebrew/lib conftest.c -llapack   -L/opt/homebrew/Cellar/gcc/16.2.0/lib/gcc/current/gcc/aarch64-apple-darwin25/16 -L/opt/homebrew/Cellar/gcc/16.2.0/lib/gcc/current/gcc -L/opt/homebrew/Cellar/gcc/16.2.0/lib/gcc/current -lemutls_w -lheapt_w -lgfortran -lquadmath -ldl -lm  >&5
Undefined symbols for architecture arm64:
  "_dgemm_", referenced from:
      _main in conftest-a9cff5.o
ld: symbol(s) not found for architecture arm64
clang: error: linker command failed with exit code 1 (use -v to see invocation)
configure:48630: $? = 1
configure: failed program was:
| /* confdefs.h */
| #define PACKAGE_NAME "R"
| #define PACKAGE_TARNAME "R"
| #define PACKAGE_VERSION "4.6.0"
| #define PACKAGE_STRING "R 4.6.0"
| #define PACKAGE_BUGREPORT "https://bugs.r-project.org"
| #define PACKAGE_URL "https://www.r-project.org"
| #define PACKAGE "R"
| #define VERSION "4.6.0"
| #define R_PLATFORM "aarch64-apple-darwin25.6.0"
| #define R_CPU "aarch64"
| #define R_VENDOR "apple"
| #define R_OS "darwin25.6.0"
| #define Unix 1
| #define R_ARCH ""
| #define HAVE_STDIO_H 1
| #define HAVE_STDLIB_H 1
| #define HAVE_STRING_H 1
| #define HAVE_INTTYPES_H 1
| #define HAVE_STDINT_H 1
| #define HAVE_STRINGS_H 1
| #define HAVE_SYS_STAT_H 1
| #define HAVE_SYS_TYPES_H 1
| #define HAVE_UNISTD_H 1
| #define HAVE_WCHAR_H 1
| #define HAVE_SYS_TIME_H 1
| #define HAVE_SYS_PARAM_H 1
| #define STDC_HEADERS 1
| #define _ALL_SOURCE 1
| #define _DARWIN_C_SOURCE 1
| #define _GNU_SOURCE 1
| #define _HPUX_ALT_XOPEN_SOCKET_API 1
| #define _NETBSD_SOURCE 1
| #define _OPENBSD_SOURCE 1
| #define _POSIX_PTHREAD_SEMANTICS 1
| #define __STDC_WANT_IEC_60559_ATTRIBS_EXT__ 1
| #define __STDC_WANT_IEC_60559_BFP_EXT__ 1
| #define __STDC_WANT_IEC_60559_DFP_EXT__ 1
| #define __STDC_WANT_IEC_60559_EXT__ 1
| #define __STDC_WANT_IEC_60559_FUNCS_EXT__ 1
| #define __STDC_WANT_IEC_60559_TYPES_EXT__ 1
| #define __STDC_WANT_LIB_EXT2__ 1
| #define __STDC_WANT_MATH_SPEC_FUNCS__ 1
| #define _TANDEM_SOURCE 1
| #define __EXTENSIONS__ 1
| #define HAVE_VISIBILITY_ATTRIBUTE 1
| #define HAVE_DLFCN_H 1
| #define LT_OBJDIR ".libs/"
| #define HAVE_LIBM 1
| #define HAVE_LIBDL 1
| #define HAVE_DIRENT_H 1
| #define HAVE_SYS_WAIT_H 1
| #define HAVE_DLFCN_H 1
| #define HAVE_FCNTL_H 1
| #define HAVE_GLOB_H 1
| #define HAVE_GRP_H 1
| #define HAVE_PWD_H 1
| #define HAVE_SCHED_H 1
| #define HAVE_STRINGS_H 1
| #define HAVE_SYS_RESOURCE_H 1
| #define HAVE_SYS_SELECT_H 1
| #define HAVE_SYS_SOCKET_H 1
| #define HAVE_SYS_STAT_H 1
| #define HAVE_SYS_TIME_H 1
| #define HAVE_SYS_TIMES_H 1
| #define HAVE_SYS_UTSNAME_H 1
| #define HAVE_UNISTD_H 1
| #define HAVE_UTIME_H 1
| #define HAVE_ARPA_INET_H 1
| #define HAVE_LANGINFO_H 1
| #define HAVE_NETDB_H 1
| #define HAVE_NETINET_IN_H 1
| #define HAVE_SYS_PARAM_H 1
| #define HAVE_STDALIGN_H 1
| #define HAVE_ERRNO_H 1
| #define HAVE_INTTYPES_H 1
| #define HAVE_LIMITS_H 1
| #define HAVE_LOCALE_H 1
| #define HAVE_STDARG_H 1
| #define HAVE_STDBOOL_H 1
| #define HAVE_STDINT_H 1
| #define HAVE_STRING_H 1
| #define HAVE_DECL_SIGSETJMP 1
| #define HAVE_DECL_SIGLONGJMP 1
| #define HAVE_POSIX_SETJMP 1
| #define HAVE_INT64_T 1
| #define HAVE_INT_FAST64_T 1
| #define HAVE_DECL_SIZE_MAX 1
| #define R_SOCKLEN_T socklen_t
| #define HAVE_STACK_T 1
| #define HAVE_INTPTR_T 1
| #define HAVE_UINTPTR_T 1
| #define R_INLINE inline
| #define SIZEOF_INT 4
| #define INT_32_BITS 1
| #define SIZEOF_LONG 8
| #define SIZEOF_LONG_LONG 8
| #define SIZEOF_DOUBLE 8
| #define SIZEOF_SIZE_T 8
| #define C_STACK_DIRECTION 1
| #define HAVE_LONG_DOUBLE 1
| #define SIZEOF_LONG_DOUBLE 8
| #define FC_FUNC(name,NAME) name ## _
| #define FC_FUNC_(name,NAME) name ## _
| #define HAVE_F77_UNDERSCORE 1
| #define HAVE_FORTRAN_DOUBLE_COMPLEX 1
| #define HAVE_NO_SYMBOL_UNDERSCORE 1
| #define FC_LEN_T size_t
| #define SHLIB_EXT ".so"
| #define HAVE_PTHREAD 1
| #define HAVE_OFF_T 1
| #define HAVE_ALLOCA_H 1
| #define HAVE_ALLOCA 1
| #define HAVE_DECL_ALLOCA 1
| #define HAVE_EXPM1 1
| #define HAVE_HYPOT 1
| #define HAVE_LOG1P 1
| #define HAVE_LOG1PL 1
| #define HAVE_LOG2 1
| #define HAVE_LOG10 1
| #define HAVE_NEARBYINT 1
| #define HAVE_NEARBYINTL 1
| #define HAVE_POWL 1
| #define HAVE_RINTL 1
| #define HAVE_VA_COPY 1
| #define HAVE_ISBLANK 1
| #define HAVE___COSPI 1
| #define HAVE___SINPI 1
| #define HAVE___TANPI 1
| #define HAVE_FSEEKO 1
| #define HAVE_FTELLO 1
| #define HAVE_FCNTL 1
| #define HAVE_GETGRGID 1
| #define HAVE_GETPWNAM 1
| #define HAVE_GETPWUID 1
| #define HAVE_KILL 1
| #define HAVE_SIGACTION 1
| #define HAVE_SIGALTSTACK 1
| #define HAVE_SIGEMPTYSET 1
| #define HAVE_FDOPEN 1
| #define HAVE_POPEN 1
| #define HAVE_GETLINE 1
| #define HAVE_SELECT 1
| #define HAVE_SETENV 1
| #define HAVE_UNSETENV 1
| #define HAVE_GETRLIMIT 1
| #define HAVE_SETRLIMIT 1
| #define HAVE_GETRUSAGE 1
| #define HAVE_GETPRIORITY 1
| #define HAVE_CHMOD 1
| #define HAVE_MKFIFO 1
| #define HAVE_STAT 1
| #define HAVE_UMASK 1
| #define HAVE_GETTIMEOFDAY 1
| #define HAVE_UTIMES 1
| #define HAVE_TIMES 1
| #define HAVE_GMTIME_R 1
| #define HAVE_LOCALTIME_R 1
| #define HAVE_NL_LANGINFO 1
| #define HAVE_ACCESS 1
| #define HAVE_CHDIR 1
| #define HAVE_EXECV 1
| #define HAVE_FTRUNCATE 1
| #define HAVE_GETCWD 1
| #define HAVE_GETEUID 1
| #define HAVE_GETUID 1
| #define HAVE_LINK 1
| #define HAVE_READLINK 1
| #define HAVE_SYMLINK 1
| #define HAVE_SYSCONF 1
| #define HAVE_UTIME 1
| #define HAVE_UTIMENSAT 1
| #define HAVE_CLOCK_GETTIME 1
| #define HAVE_TIMESPEC_GET 1
| #define HAVE_PUTENV 1
| #define HAVE_DECL_PUTENV 1
| #define HAVE_VASPRINTF 1
| #define HAVE_DECL_VASPRINTF 1
| #define HAVE_REALPATH 1
| #define HAVE_DECL_REALPATH 1
| #define HAVE_GLOB 1
| #define HAVE_DLADDR 1
| #define HAVE_DLSYM 1
| #define HAVE_DECL_DLADDR 1
| #define HAVE_DECL_DLSYM 1
| #define HAVE_DECL_RTLD_DEFAULT 1
| #define HAVE_DECL_RTLD_NEXT 1
| #define HAVE_STPCPY 1
| #define HAVE_OFF_T 1
| #define HAVE_ISNAN 1
| #define HAVE_DECL_ISFINITE 1
| #define HAVE_DECL_ISNAN 1
| #define IEEE_754 1
| #define HAVE_LANGINFO_CODESET 1
| #define HAVE_MKDTEMP 1
| #define HAVE_STRDUP 1
| #define HAVE_STRNCASECMP 1
| #define HAVE_DECL_MKDTEMP 1
| #define HAVE_DECL_STRDUP 1
| #define HAVE_DECL_STRNCASECMP 1
| #define HAVE_WORKING_CALLOC 1
| #define HAVE_WORKING_ISFINITE 1
| #define HAVE_WORKING_LOG1P 1
| #define HAVE_WORKING_FTELL 1
| #define HAVE_WORKING_SIGACTION 1
| #define HAVE_ENUM_BASE_TYPE 1
| #define MKTIME_SETS_ERRNO 1
| #define HAVE_WORKING_MKTIME_AFTER_2037 1
| #define HAVE_WORKING_MKTIME_BEFORE_1902 1
| #define HAVE_WORKING_MKTIME_BEFORE_1970 1
| #define USE_RI18N_FNS 1
| #define USE_RI18N_WIDTH 1
| #define USE_RI18N_CASE 1
| #define HAVE_CABS 1
| #define HAVE_CARG 1
| #define HAVE_CEXP 1
| #define HAVE_CLOG 1
| #define HAVE_CSQRT 1
| #define HAVE_CPOW 1
| #define HAVE_CCOS 1
| #define HAVE_CSIN 1
| #define HAVE_CTAN 1
| #define HAVE_CACOS 1
| #define HAVE_CASIN 1
| #define HAVE_CATAN 1
| #define HAVE_CCOSH 1
| #define HAVE_CSINH 1
| #define HAVE_CTANH 1
| #define HAVE_WORKING_CTANH 1
| #define HAVE_TM_ZONE 1
| #define HAVE_TM_GMTOFF 1
| /* end confdefs.h.  */
| 
| /* Override any GCC internal prototype to avoid an error.
|    Use char because int might match the return type of a GCC
|    builtin and then its argument prototype would still apply.
|    The 'extern "C"' is for builds by C++ compilers;
|    although this is not generally supported in C code supporting it here
|    has little cost and some practical benefit (sr 110532).  */
| #ifdef __cplusplus
| extern "C"
| #endif
| char dgemm_ (void);
| #ifdef FC_DUMMY_MAIN
| #ifndef FC_DUMMY_MAIN_EQ_F77
| #  ifdef __cplusplus
|      extern "C"
| #  endif
|    int FC_DUMMY_MAIN() { return 1; }
| #endif
| #endif
| int
| main (void)
| {
| return dgemm_ ();
|   ;
|   return 0;
| }
configure:48643: result: no
configure:48658: checking for ATLAS routines in liblapack
configure:48694: gcc -std=gnu23 -o conftest  -g -O2 -fPIC -I/opt/homebrew/include  -L/opt/homebrew/lib conftest.c -llapack -lblas  -L/opt/homebrew/Cellar/gcc/16.2.0/lib/gcc/current/gcc/aarch64-apple-darwin25/16 -L/opt/homebrew/Cellar/gcc/16.2.0/lib/gcc/current/gcc -L/opt/homebrew/Cellar/gcc/16.2.0/lib/gcc/current -lemutls_w -lheapt_w -lgfortran -lquadmath -ldl -lm  >&5
configure:48694: $? = 0
configure:48694: ./conftest
configure:48694: $? = 0
configure:48708: result: no
configure:48721: checking for dpstrf_ in -llapack
configure:48758: gcc -std=gnu23 -o conftest  -g -O2 -fPIC -I/opt/homebrew/include  -L/opt/homebrew/lib conftest.c -llapack  -lblas  -L/opt/homebrew/Cellar/gcc/16.2.0/lib/gcc/current/gcc/aarch64-apple-darwin25/16 -L/opt/homebrew/Cellar/gcc/16.2.0/lib/gcc/current/gcc -L/opt/homebrew/Cellar/gcc/16.2.0/lib/gcc/current -lemutls_w -lheapt_w -lgfortran -lquadmath -ldl -lm  >&5
configure:48758: $? = 0
configure:48771: result: yes
configure:48785: checking for liblapack dependency with both BLAS and LAPACK routines
configure:48840: gcc -std=gnu23 -o conftest  -g -O2 -fPIC -I/opt/homebrew/include  -L/opt/homebrew/lib conftest.c -llapack -lblas  -L/opt/homebrew/Cellar/gcc/16.2.0/lib/gcc/current/gcc/aarch64-apple-darwin25/16 -L/opt/homebrew/Cellar/gcc/16.2.0/lib/gcc/current/gcc -L/opt/homebrew/Cellar/gcc/16.2.0/lib/gcc/current -lemutls_w -lheapt_w -lgfortran -lquadmath -ldl -lm  >&5
configure:48840: $? = 0
configure:48840: ./conftest
configure:48840: $? = 0
configure:48854: result: no
configure:48867: checking if LAPACK version >= 3.9.0
configure:48893: gcc -std=gnu23 -o conftest  -g -O2 -fPIC -I/opt/homebrew/include  -L/opt/homebrew/lib conftest.c -lblas -llapack  -L/opt/homebrew/Cellar/gcc/16.2.0/lib/gcc/current/gcc/aarch64-apple-darwin25/16 -L/opt/homebrew/Cellar/gcc/16.2.0/lib/gcc/current/gcc -L/opt/homebrew/Cellar/gcc/16.2.0/lib/gcc/current -lemutls_w -lheapt_w -lgfortran -lquadmath -ldl -lm  >&5
configure:48893: $? = 0
configure:48893: ./conftest
configure:48893: $? = 1
configure: program exited with status 1
configure: failed program was:
| /* confdefs.h */
| #define PACKAGE_NAME "R"
| #define PACKAGE_TARNAME "R"
| #define PACKAGE_VERSION "4.6.0"
| #define PACKAGE_STRING "R 4.6.0"
| #define PACKAGE_BUGREPORT "https://bugs.r-project.org"
| #define PACKAGE_URL "https://www.r-project.org"
| #define PACKAGE "R"
| #define VERSION "4.6.0"
| #define R_PLATFORM "aarch64-apple-darwin25.6.0"
| #define R_CPU "aarch64"
| #define R_VENDOR "apple"
| #define R_OS "darwin25.6.0"
| #define Unix 1
| #define R_ARCH ""
| #define HAVE_STDIO_H 1
| #define HAVE_STDLIB_H 1
| #define HAVE_STRING_H 1
| #define HAVE_INTTYPES_H 1
| #define HAVE_STDINT_H 1
| #define HAVE_STRINGS_H 1
| #define HAVE_SYS_STAT_H 1
| #define HAVE_SYS_TYPES_H 1
| #define HAVE_UNISTD_H 1
| #define HAVE_WCHAR_H 1
| #define HAVE_SYS_TIME_H 1
| #define HAVE_SYS_PARAM_H 1
| #define STDC_HEADERS 1
| #define _ALL_SOURCE 1
| #define _DARWIN_C_SOURCE 1
| #define _GNU_SOURCE 1
| #define _HPUX_ALT_XOPEN_SOCKET_API 1
| #define _NETBSD_SOURCE 1
| #define _OPENBSD_SOURCE 1
| #define _POSIX_PTHREAD_SEMANTICS 1
| #define __STDC_WANT_IEC_60559_ATTRIBS_EXT__ 1
| #define __STDC_WANT_IEC_60559_BFP_EXT__ 1
| #define __STDC_WANT_IEC_60559_DFP_EXT__ 1
| #define __STDC_WANT_IEC_60559_EXT__ 1
| #define __STDC_WANT_IEC_60559_FUNCS_EXT__ 1
| #define __STDC_WANT_IEC_60559_TYPES_EXT__ 1
| #define __STDC_WANT_LIB_EXT2__ 1
| #define __STDC_WANT_MATH_SPEC_FUNCS__ 1
| #define _TANDEM_SOURCE 1
| #define __EXTENSIONS__ 1
| #define HAVE_VISIBILITY_ATTRIBUTE 1
| #define HAVE_DLFCN_H 1
| #define LT_OBJDIR ".libs/"
| #define HAVE_LIBM 1
| #define HAVE_LIBDL 1
| #define HAVE_DIRENT_H 1
| #define HAVE_SYS_WAIT_H 1
| #define HAVE_DLFCN_H 1
| #define HAVE_FCNTL_H 1
| #define HAVE_GLOB_H 1
| #define HAVE_GRP_H 1
| #define HAVE_PWD_H 1
| #define HAVE_SCHED_H 1
| #define HAVE_STRINGS_H 1
| #define HAVE_SYS_RESOURCE_H 1
| #define HAVE_SYS_SELECT_H 1
| #define HAVE_SYS_SOCKET_H 1
| #define HAVE_SYS_STAT_H 1
| #define HAVE_SYS_TIME_H 1
| #define HAVE_SYS_TIMES_H 1
| #define HAVE_SYS_UTSNAME_H 1
| #define HAVE_UNISTD_H 1
| #define HAVE_UTIME_H 1
| #define HAVE_ARPA_INET_H 1
| #define HAVE_LANGINFO_H 1
| #define HAVE_NETDB_H 1
| #define HAVE_NETINET_IN_H 1
| #define HAVE_SYS_PARAM_H 1
| #define HAVE_STDALIGN_H 1
| #define HAVE_ERRNO_H 1
| #define HAVE_INTTYPES_H 1
| #define HAVE_LIMITS_H 1
| #define HAVE_LOCALE_H 1
| #define HAVE_STDARG_H 1
| #define HAVE_STDBOOL_H 1
| #define HAVE_STDINT_H 1
| #define HAVE_STRING_H 1
| #define HAVE_DECL_SIGSETJMP 1
| #define HAVE_DECL_SIGLONGJMP 1
| #define HAVE_POSIX_SETJMP 1
| #define HAVE_INT64_T 1
| #define HAVE_INT_FAST64_T 1
| #define HAVE_DECL_SIZE_MAX 1
| #define R_SOCKLEN_T socklen_t
| #define HAVE_STACK_T 1
| #define HAVE_INTPTR_T 1
| #define HAVE_UINTPTR_T 1
| #define R_INLINE inline
| #define SIZEOF_INT 4
| #define INT_32_BITS 1
| #define SIZEOF_LONG 8
| #define SIZEOF_LONG_LONG 8
| #define SIZEOF_DOUBLE 8
| #define SIZEOF_SIZE_T 8
| #define C_STACK_DIRECTION 1
| #define HAVE_LONG_DOUBLE 1
| #define SIZEOF_LONG_DOUBLE 8
| #define FC_FUNC(name,NAME) name ## _
| #define FC_FUNC_(name,NAME) name ## _
| #define HAVE_F77_UNDERSCORE 1
| #define HAVE_FORTRAN_DOUBLE_COMPLEX 1
| #define HAVE_NO_SYMBOL_UNDERSCORE 1
| #define FC_LEN_T size_t
| #define SHLIB_EXT ".so"
| #define HAVE_PTHREAD 1
| #define HAVE_OFF_T 1
| #define HAVE_ALLOCA_H 1
| #define HAVE_ALLOCA 1
| #define HAVE_DECL_ALLOCA 1
| #define HAVE_EXPM1 1
| #define HAVE_HYPOT 1
| #define HAVE_LOG1P 1
| #define HAVE_LOG1PL 1
| #define HAVE_LOG2 1
| #define HAVE_LOG10 1
| #define HAVE_NEARBYINT 1
| #define HAVE_NEARBYINTL 1
| #define HAVE_POWL 1
| #define HAVE_RINTL 1
| #define HAVE_VA_COPY 1
| #define HAVE_ISBLANK 1
| #define HAVE___COSPI 1
| #define HAVE___SINPI 1
| #define HAVE___TANPI 1
| #define HAVE_FSEEKO 1
| #define HAVE_FTELLO 1
| #define HAVE_FCNTL 1
| #define HAVE_GETGRGID 1
| #define HAVE_GETPWNAM 1
| #define HAVE_GETPWUID 1
| #define HAVE_KILL 1
| #define HAVE_SIGACTION 1
| #define HAVE_SIGALTSTACK 1
| #define HAVE_SIGEMPTYSET 1
| #define HAVE_FDOPEN 1
| #define HAVE_POPEN 1
| #define HAVE_GETLINE 1
| #define HAVE_SELECT 1
| #define HAVE_SETENV 1
| #define HAVE_UNSETENV 1
| #define HAVE_GETRLIMIT 1
| #define HAVE_SETRLIMIT 1
| #define HAVE_GETRUSAGE 1
| #define HAVE_GETPRIORITY 1
| #define HAVE_CHMOD 1
| #define HAVE_MKFIFO 1
| #define HAVE_STAT 1
| #define HAVE_UMASK 1
| #define HAVE_GETTIMEOFDAY 1
| #define HAVE_UTIMES 1
| #define HAVE_TIMES 1
| #define HAVE_GMTIME_R 1
| #define HAVE_LOCALTIME_R 1
| #define HAVE_NL_LANGINFO 1
| #define HAVE_ACCESS 1
| #define HAVE_CHDIR 1
| #define HAVE_EXECV 1
| #define HAVE_FTRUNCATE 1
| #define HAVE_GETCWD 1
| #define HAVE_GETEUID 1
| #define HAVE_GETUID 1
| #define HAVE_LINK 1
| #define HAVE_READLINK 1
| #define HAVE_SYMLINK 1
| #define HAVE_SYSCONF 1
| #define HAVE_UTIME 1
| #define HAVE_UTIMENSAT 1
| #define HAVE_CLOCK_GETTIME 1
| #define HAVE_TIMESPEC_GET 1
| #define HAVE_PUTENV 1
| #define HAVE_DECL_PUTENV 1
| #define HAVE_VASPRINTF 1
| #define HAVE_DECL_VASPRINTF 1
| #define HAVE_REALPATH 1
| #define HAVE_DECL_REALPATH 1
| #define HAVE_GLOB 1
| #define HAVE_DLADDR 1
| #define HAVE_DLSYM 1
| #define HAVE_DECL_DLADDR 1
| #define HAVE_DECL_DLSYM 1
| #define HAVE_DECL_RTLD_DEFAULT 1
| #define HAVE_DECL_RTLD_NEXT 1
| #define HAVE_STPCPY 1
| #define HAVE_OFF_T 1
| #define HAVE_ISNAN 1
| #define HAVE_DECL_ISFINITE 1
| #define HAVE_DECL_ISNAN 1
| #define IEEE_754 1
| #define HAVE_LANGINFO_CODESET 1
| #define HAVE_MKDTEMP 1
| #define HAVE_STRDUP 1
| #define HAVE_STRNCASECMP 1
| #define HAVE_DECL_MKDTEMP 1
| #define HAVE_DECL_STRDUP 1
| #define HAVE_DECL_STRNCASECMP 1
| #define HAVE_WORKING_CALLOC 1
| #define HAVE_WORKING_ISFINITE 1
| #define HAVE_WORKING_LOG1P 1
| #define HAVE_WORKING_FTELL 1
| #define HAVE_WORKING_SIGACTION 1
| #define HAVE_ENUM_BASE_TYPE 1
| #define MKTIME_SETS_ERRNO 1
| #define HAVE_WORKING_MKTIME_AFTER_2037 1
| #define HAVE_WORKING_MKTIME_BEFORE_1902 1
| #define HAVE_WORKING_MKTIME_BEFORE_1970 1
| #define USE_RI18N_FNS 1
| #define USE_RI18N_WIDTH 1
| #define USE_RI18N_CASE 1
| #define HAVE_CABS 1
| #define HAVE_CARG 1
| #define HAVE_CEXP 1
| #define HAVE_CLOG 1
| #define HAVE_CSQRT 1
| #define HAVE_CPOW 1
| #define HAVE_CCOS 1
| #define HAVE_CSIN 1
| #define HAVE_CTAN 1
| #define HAVE_CACOS 1
| #define HAVE_CASIN 1
| #define HAVE_CATAN 1
| #define HAVE_CCOSH 1
| #define HAVE_CSINH 1
| #define HAVE_CTANH 1
| #define HAVE_WORKING_CTANH 1
| #define HAVE_TM_ZONE 1
| #define HAVE_TM_GMTOFF 1
| /* end confdefs.h.  */
| 
| extern void ilaver_(int *major, int *minor, int *patch);
| 
| #include <stdlib.h>
| #include <stdio.h>
| int main(void) {
|   int major, minor, patch;
|   ilaver_(&major, &minor, &patch);
|   printf("%d.%d.%d, so ", major, minor, patch);
|   if (major < 3 || (major == 3 && minor < 9)) exit(1);
|   exit(0);
| }
| 
configure:48907: result: no
configure:49087: using internal LAPACK sources
configure:49103: checking for iconv.h
configure:49103: gcc -std=gnu23 -c  -g -O2 -fPIC -I/opt/homebrew/include  conftest.c >&5
configure:49103: $? = 0
configure:49103: result: yes
configure:49111: checking for iconv
configure:49143: gcc -std=gnu23 -o conftest  -g -O2 -fPIC -I/opt/homebrew/include  -L/opt/homebrew/lib conftest.c -ldl -lm  >&5
Undefined symbols for architecture arm64:
  "_iconv", referenced from:
      _main in conftest-d171ed.o
  "_iconv_close", referenced from:
      _main in conftest-d171ed.o
  "_iconv_open", referenced from:
      _main in conftest-d171ed.o
ld: symbol(s) not found for architecture arm64
clang: error: linker command failed with exit code 1 (use -v to see invocation)
configure:49143: $? = 1
configure: failed program was:
| /* confdefs.h */
| #define PACKAGE_NAME "R"
| #define PACKAGE_TARNAME "R"
| #define PACKAGE_VERSION "4.6.0"
| #define PACKAGE_STRING "R 4.6.0"
| #define PACKAGE_BUGREPORT "https://bugs.r-project.org"
| #define PACKAGE_URL "https://www.r-project.org"
| #define PACKAGE "R"
| #define VERSION "4.6.0"
| #define R_PLATFORM "aarch64-apple-darwin25.6.0"
| #define R_CPU "aarch64"
| #define R_VENDOR "apple"
| #define R_OS "darwin25.6.0"
| #define Unix 1
| #define R_ARCH ""
| #define HAVE_STDIO_H 1
| #define HAVE_STDLIB_H 1
| #define HAVE_STRING_H 1
| #define HAVE_INTTYPES_H 1
| #define HAVE_STDINT_H 1
| #define HAVE_STRINGS_H 1
| #define HAVE_SYS_STAT_H 1
| #define HAVE_SYS_TYPES_H 1
| #define HAVE_UNISTD_H 1
| #define HAVE_WCHAR_H 1
| #define HAVE_SYS_TIME_H 1
| #define HAVE_SYS_PARAM_H 1
| #define STDC_HEADERS 1
| #define _ALL_SOURCE 1
| #define _DARWIN_C_SOURCE 1
| #define _GNU_SOURCE 1
| #define _HPUX_ALT_XOPEN_SOCKET_API 1
| #define _NETBSD_SOURCE 1
| #define _OPENBSD_SOURCE 1
| #define _POSIX_PTHREAD_SEMANTICS 1
| #define __STDC_WANT_IEC_60559_ATTRIBS_EXT__ 1
| #define __STDC_WANT_IEC_60559_BFP_EXT__ 1
| #define __STDC_WANT_IEC_60559_DFP_EXT__ 1
| #define __STDC_WANT_IEC_60559_EXT__ 1
| #define __STDC_WANT_IEC_60559_FUNCS_EXT__ 1
| #define __STDC_WANT_IEC_60559_TYPES_EXT__ 1
| #define __STDC_WANT_LIB_EXT2__ 1
| #define __STDC_WANT_MATH_SPEC_FUNCS__ 1
| #define _TANDEM_SOURCE 1
| #define __EXTENSIONS__ 1
| #define HAVE_VISIBILITY_ATTRIBUTE 1
| #define HAVE_DLFCN_H 1
| #define LT_OBJDIR ".libs/"
| #define HAVE_LIBM 1
| #define HAVE_LIBDL 1
| #define HAVE_DIRENT_H 1
| #define HAVE_SYS_WAIT_H 1
| #define HAVE_DLFCN_H 1
| #define HAVE_FCNTL_H 1
| #define HAVE_GLOB_H 1
| #define HAVE_GRP_H 1
| #define HAVE_PWD_H 1
| #define HAVE_SCHED_H 1
| #define HAVE_STRINGS_H 1
| #define HAVE_SYS_RESOURCE_H 1
| #define HAVE_SYS_SELECT_H 1
| #define HAVE_SYS_SOCKET_H 1
| #define HAVE_SYS_STAT_H 1
| #define HAVE_SYS_TIME_H 1
| #define HAVE_SYS_TIMES_H 1
| #define HAVE_SYS_UTSNAME_H 1
| #define HAVE_UNISTD_H 1
| #define HAVE_UTIME_H 1
| #define HAVE_ARPA_INET_H 1
| #define HAVE_LANGINFO_H 1
| #define HAVE_NETDB_H 1
| #define HAVE_NETINET_IN_H 1
| #define HAVE_SYS_PARAM_H 1
| #define HAVE_STDALIGN_H 1
| #define HAVE_ERRNO_H 1
| #define HAVE_INTTYPES_H 1
| #define HAVE_LIMITS_H 1
| #define HAVE_LOCALE_H 1
| #define HAVE_STDARG_H 1
| #define HAVE_STDBOOL_H 1
| #define HAVE_STDINT_H 1
| #define HAVE_STRING_H 1
| #define HAVE_DECL_SIGSETJMP 1
| #define HAVE_DECL_SIGLONGJMP 1
| #define HAVE_POSIX_SETJMP 1
| #define HAVE_INT64_T 1
| #define HAVE_INT_FAST64_T 1
| #define HAVE_DECL_SIZE_MAX 1
| #define R_SOCKLEN_T socklen_t
| #define HAVE_STACK_T 1
| #define HAVE_INTPTR_T 1
| #define HAVE_UINTPTR_T 1
| #define R_INLINE inline
| #define SIZEOF_INT 4
| #define INT_32_BITS 1
| #define SIZEOF_LONG 8
| #define SIZEOF_LONG_LONG 8
| #define SIZEOF_DOUBLE 8
| #define SIZEOF_SIZE_T 8
| #define C_STACK_DIRECTION 1
| #define HAVE_LONG_DOUBLE 1
| #define SIZEOF_LONG_DOUBLE 8
| #define FC_FUNC(name,NAME) name ## _
| #define FC_FUNC_(name,NAME) name ## _
| #define HAVE_F77_UNDERSCORE 1
| #define HAVE_FORTRAN_DOUBLE_COMPLEX 1
| #define HAVE_NO_SYMBOL_UNDERSCORE 1
| #define FC_LEN_T size_t
| #define SHLIB_EXT ".so"
| #define HAVE_PTHREAD 1
| #define HAVE_OFF_T 1
| #define HAVE_ALLOCA_H 1
| #define HAVE_ALLOCA 1
| #define HAVE_DECL_ALLOCA 1
| #define HAVE_EXPM1 1
| #define HAVE_HYPOT 1
| #define HAVE_LOG1P 1
| #define HAVE_LOG1PL 1
| #define HAVE_LOG2 1
| #define HAVE_LOG10 1
| #define HAVE_NEARBYINT 1
| #define HAVE_NEARBYINTL 1
| #define HAVE_POWL 1
| #define HAVE_RINTL 1
| #define HAVE_VA_COPY 1
| #define HAVE_ISBLANK 1
| #define HAVE___COSPI 1
| #define HAVE___SINPI 1
| #define HAVE___TANPI 1
| #define HAVE_FSEEKO 1
| #define HAVE_FTELLO 1
| #define HAVE_FCNTL 1
| #define HAVE_GETGRGID 1
| #define HAVE_GETPWNAM 1
| #define HAVE_GETPWUID 1
| #define HAVE_KILL 1
| #define HAVE_SIGACTION 1
| #define HAVE_SIGALTSTACK 1
| #define HAVE_SIGEMPTYSET 1
| #define HAVE_FDOPEN 1
| #define HAVE_POPEN 1
| #define HAVE_GETLINE 1
| #define HAVE_SELECT 1
| #define HAVE_SETENV 1
| #define HAVE_UNSETENV 1
| #define HAVE_GETRLIMIT 1
| #define HAVE_SETRLIMIT 1
| #define HAVE_GETRUSAGE 1
| #define HAVE_GETPRIORITY 1
| #define HAVE_CHMOD 1
| #define HAVE_MKFIFO 1
| #define HAVE_STAT 1
| #define HAVE_UMASK 1
| #define HAVE_GETTIMEOFDAY 1
| #define HAVE_UTIMES 1
| #define HAVE_TIMES 1
| #define HAVE_GMTIME_R 1
| #define HAVE_LOCALTIME_R 1
| #define HAVE_NL_LANGINFO 1
| #define HAVE_ACCESS 1
| #define HAVE_CHDIR 1
| #define HAVE_EXECV 1
| #define HAVE_FTRUNCATE 1
| #define HAVE_GETCWD 1
| #define HAVE_GETEUID 1
| #define HAVE_GETUID 1
| #define HAVE_LINK 1
| #define HAVE_READLINK 1
| #define HAVE_SYMLINK 1
| #define HAVE_SYSCONF 1
| #define HAVE_UTIME 1
| #define HAVE_UTIMENSAT 1
| #define HAVE_CLOCK_GETTIME 1
| #define HAVE_TIMESPEC_GET 1
| #define HAVE_PUTENV 1
| #define HAVE_DECL_PUTENV 1
| #define HAVE_VASPRINTF 1
| #define HAVE_DECL_VASPRINTF 1
| #define HAVE_REALPATH 1
| #define HAVE_DECL_REALPATH 1
| #define HAVE_GLOB 1
| #define HAVE_DLADDR 1
| #define HAVE_DLSYM 1
| #define HAVE_DECL_DLADDR 1
| #define HAVE_DECL_DLSYM 1
| #define HAVE_DECL_RTLD_DEFAULT 1
| #define HAVE_DECL_RTLD_NEXT 1
| #define HAVE_STPCPY 1
| #define HAVE_OFF_T 1
| #define HAVE_ISNAN 1
| #define HAVE_DECL_ISFINITE 1
| #define HAVE_DECL_ISNAN 1
| #define IEEE_754 1
| #define HAVE_LANGINFO_CODESET 1
| #define HAVE_MKDTEMP 1
| #define HAVE_STRDUP 1
| #define HAVE_STRNCASECMP 1
| #define HAVE_DECL_MKDTEMP 1
| #define HAVE_DECL_STRDUP 1
| #define HAVE_DECL_STRNCASECMP 1
| #define HAVE_WORKING_CALLOC 1
| #define HAVE_WORKING_ISFINITE 1
| #define HAVE_WORKING_LOG1P 1
| #define HAVE_WORKING_FTELL 1
| #define HAVE_WORKING_SIGACTION 1
| #define HAVE_ENUM_BASE_TYPE 1
| #define MKTIME_SETS_ERRNO 1
| #define HAVE_WORKING_MKTIME_AFTER_2037 1
| #define HAVE_WORKING_MKTIME_BEFORE_1902 1
| #define HAVE_WORKING_MKTIME_BEFORE_1970 1
| #define USE_RI18N_FNS 1
| #define USE_RI18N_WIDTH 1
| #define USE_RI18N_CASE 1
| #define HAVE_CABS 1
| #define HAVE_CARG 1
| #define HAVE_CEXP 1
| #define HAVE_CLOG 1
| #define HAVE_CSQRT 1
| #define HAVE_CPOW 1
| #define HAVE_CCOS 1
| #define HAVE_CSIN 1
| #define HAVE_CTAN 1
| #define HAVE_CACOS 1
| #define HAVE_CASIN 1
| #define HAVE_CATAN 1
| #define HAVE_CCOSH 1
| #define HAVE_CSINH 1
| #define HAVE_CTANH 1
| #define HAVE_WORKING_CTANH 1
| #define HAVE_TM_ZONE 1
| #define HAVE_TM_GMTOFF 1
| #define HAVE_ICONV_H 1
| /* end confdefs.h.  */
| #include <stdlib.h>
| #ifdef HAVE_ICONV_H
| #include <iconv.h>
| #endif
| #ifdef FC_DUMMY_MAIN
| #ifndef FC_DUMMY_MAIN_EQ_F77
| #  ifdef __cplusplus
|      extern "C"
| #  endif
|    int FC_DUMMY_MAIN() { return 1; }
| #endif
| #endif
| int
| main (void)
| {
| iconv_t cd = iconv_open("","");
|        iconv(cd,NULL,NULL,NULL,NULL);
|        iconv_close(cd);
|   ;
|   return 0;
| }
configure:49176: gcc -std=gnu23 -o conftest  -g -O2 -fPIC -I/opt/homebrew/include  -L/opt/homebrew/lib conftest.c -ldl -lm  -liconv >&5
configure:49176: $? = 0
configure:49189: result: in libiconv
configure:49196: checking whether iconv accepts "UTF-8", "latin1", "ASCII" and "UCS-*"
configure:49266: gcc -std=gnu23 -o conftest  -g -O2 -fPIC -I/opt/homebrew/include  -L/opt/homebrew/lib conftest.c -ldl -lm  -liconv >&5
configure:49266: $? = 0
configure:49266: ./conftest
configure:49266: $? = 0
configure:49280: result: yes
configure:49293: checking whether iconv accepts "CP1252"
configure:49336: gcc -std=gnu23 -o conftest  -g -O2 -fPIC -I/opt/homebrew/include  -L/opt/homebrew/lib conftest.c -ldl -lm  -liconv >&5
configure:49336: $? = 0
configure:49336: ./conftest
configure:49336: $? = 0
configure:49350: result: yes
configure:49365: checking for iconvlist
configure:49397: gcc -std=gnu23 -o conftest  -g -O2 -fPIC -I/opt/homebrew/include  -L/opt/homebrew/lib conftest.c -ldl -lm  -liconv >&5
configure:49397: $? = 0
configure:49406: result: yes
configure:49442: checking for iconv
configure:49473: gcc -std=gnu23 -o conftest  -g -O2 -fPIC -I/opt/homebrew/include  -L/opt/homebrew/lib conftest.c -ldl -lm  -liconv >&5
configure:49473: $? = 0
configure:49516: result: yes
configure:49537: checking for iconv declaration
configure:49575: gcc -std=gnu23 -c  -g -O2 -fPIC -I/opt/homebrew/include  conftest.c >&5
configure:49575: $? = 0
configure:49588: result: 
         extern size_t iconv (iconv_t cd, char * *inbuf, size_t *inbytesleft, char * *outbuf, size_t *outbytesleft);
configure:49601: checking for wchar.h
configure:49601: result: yes
configure:49607: checking for wctype.h
configure:49607: gcc -std=gnu23 -c  -g -O2 -fPIC -I/opt/homebrew/include  conftest.c >&5
configure:49607: $? = 0
configure:49607: result: yes
configure:49625: checking whether mbrtowc exists and is declared
configure:49654: gcc -std=gnu23 -o conftest  -g -O2 -fPIC -I/opt/homebrew/include  -L/opt/homebrew/lib conftest.c -ldl -lm  -liconv >&5
configure:49654: $? = 0
configure:49666: result: yes
configure:49625: checking whether wcrtomb exists and is declared
configure:49654: gcc -std=gnu23 -o conftest  -g -O2 -fPIC -I/opt/homebrew/include  -L/opt/homebrew/lib conftest.c -ldl -lm  -liconv >&5
configure:49654: $? = 0
configure:49666: result: yes
configure:49625: checking whether wcscoll exists and is declared
configure:49654: gcc -std=gnu23 -o conftest  -g -O2 -fPIC -I/opt/homebrew/include  -L/opt/homebrew/lib conftest.c -ldl -lm  -liconv >&5
configure:49654: $? = 0
configure:49666: result: yes
configure:49625: checking whether wcsftime exists and is declared
configure:49654: gcc -std=gnu23 -o conftest  -g -O2 -fPIC -I/opt/homebrew/include  -L/opt/homebrew/lib conftest.c -ldl -lm  -liconv >&5
configure:49654: $? = 0
configure:49666: result: yes
configure:49625: checking whether wcstod exists and is declared
configure:49654: gcc -std=gnu23 -o conftest  -g -O2 -fPIC -I/opt/homebrew/include  -L/opt/homebrew/lib conftest.c -ldl -lm  -liconv >&5
configure:49654: $? = 0
configure:49666: result: yes
configure:49680: checking whether mbstowcs exists and is declared
configure:49709: gcc -std=gnu23 -o conftest  -g -O2 -fPIC -I/opt/homebrew/include  -L/opt/homebrew/lib conftest.c -ldl -lm  -liconv >&5
configure:49709: $? = 0
configure:49721: result: yes
configure:49680: checking whether wcstombs exists and is declared
configure:49709: gcc -std=gnu23 -o conftest  -g -O2 -fPIC -I/opt/homebrew/include  -L/opt/homebrew/lib conftest.c -ldl -lm  -liconv >&5
configure:49709: $? = 0
configure:49721: result: yes
configure:49735: checking whether wctrans exists and is declared
configure:49765: gcc -std=gnu23 -o conftest  -g -O2 -fPIC -I/opt/homebrew/include  -L/opt/homebrew/lib conftest.c -ldl -lm  -liconv >&5
configure:49765: $? = 0
configure:49777: result: yes
configure:49735: checking whether wctype exists and is declared
configure:49765: gcc -std=gnu23 -o conftest  -g -O2 -fPIC -I/opt/homebrew/include  -L/opt/homebrew/lib conftest.c -ldl -lm  -liconv >&5
configure:49765: $? = 0
configure:49777: result: yes
configure:49735: checking whether iswctype exists and is declared
configure:49765: gcc -std=gnu23 -o conftest  -g -O2 -fPIC -I/opt/homebrew/include  -L/opt/homebrew/lib conftest.c -ldl -lm  -liconv >&5
configure:49765: $? = 0
configure:49777: result: yes
configure:49802: checking whether wcwidth exists and is declared
configure:49831: gcc -std=gnu23 -o conftest  -g -O2 -fPIC -I/opt/homebrew/include  -L/opt/homebrew/lib conftest.c -ldl -lm  -liconv >&5
configure:49831: $? = 0
configure:49843: result: yes
configure:49802: checking whether wcswidth exists and is declared
configure:49831: gcc -std=gnu23 -o conftest  -g -O2 -fPIC -I/opt/homebrew/include  -L/opt/homebrew/lib conftest.c -ldl -lm  -liconv >&5
configure:49831: $? = 0
configure:49843: result: yes
configure:49856: checking for wctrans_t
configure:49856: gcc -std=gnu23 -c  -g -O2 -fPIC -I/opt/homebrew/include  conftest.c >&5
configure:49856: $? = 0
configure:49856: gcc -std=gnu23 -c  -g -O2 -fPIC -I/opt/homebrew/include  conftest.c >&5
conftest.c:259:24: error: expected expression
  259 | if (sizeof ((wctrans_t)))
      |                        ^
1 error generated.
configure:49856: $? = 1
configure: failed program was:
| /* confdefs.h */
| #define PACKAGE_NAME "R"
| #define PACKAGE_TARNAME "R"
| #define PACKAGE_VERSION "4.6.0"
| #define PACKAGE_STRING "R 4.6.0"
| #define PACKAGE_BUGREPORT "https://bugs.r-project.org"
| #define PACKAGE_URL "https://www.r-project.org"
| #define PACKAGE "R"
| #define VERSION "4.6.0"
| #define R_PLATFORM "aarch64-apple-darwin25.6.0"
| #define R_CPU "aarch64"
| #define R_VENDOR "apple"
| #define R_OS "darwin25.6.0"
| #define Unix 1
| #define R_ARCH ""
| #define HAVE_STDIO_H 1
| #define HAVE_STDLIB_H 1
| #define HAVE_STRING_H 1
| #define HAVE_INTTYPES_H 1
| #define HAVE_STDINT_H 1
| #define HAVE_STRINGS_H 1
| #define HAVE_SYS_STAT_H 1
| #define HAVE_SYS_TYPES_H 1
| #define HAVE_UNISTD_H 1
| #define HAVE_WCHAR_H 1
| #define HAVE_SYS_TIME_H 1
| #define HAVE_SYS_PARAM_H 1
| #define STDC_HEADERS 1
| #define _ALL_SOURCE 1
| #define _DARWIN_C_SOURCE 1
| #define _GNU_SOURCE 1
| #define _HPUX_ALT_XOPEN_SOCKET_API 1
| #define _NETBSD_SOURCE 1
| #define _OPENBSD_SOURCE 1
| #define _POSIX_PTHREAD_SEMANTICS 1
| #define __STDC_WANT_IEC_60559_ATTRIBS_EXT__ 1
| #define __STDC_WANT_IEC_60559_BFP_EXT__ 1
| #define __STDC_WANT_IEC_60559_DFP_EXT__ 1
| #define __STDC_WANT_IEC_60559_EXT__ 1
| #define __STDC_WANT_IEC_60559_FUNCS_EXT__ 1
| #define __STDC_WANT_IEC_60559_TYPES_EXT__ 1
| #define __STDC_WANT_LIB_EXT2__ 1
| #define __STDC_WANT_MATH_SPEC_FUNCS__ 1
| #define _TANDEM_SOURCE 1
| #define __EXTENSIONS__ 1
| #define HAVE_VISIBILITY_ATTRIBUTE 1
| #define HAVE_DLFCN_H 1
| #define LT_OBJDIR ".libs/"
| #define HAVE_LIBM 1
| #define HAVE_LIBDL 1
| #define HAVE_DIRENT_H 1
| #define HAVE_SYS_WAIT_H 1
| #define HAVE_DLFCN_H 1
| #define HAVE_FCNTL_H 1
| #define HAVE_GLOB_H 1
| #define HAVE_GRP_H 1
| #define HAVE_PWD_H 1
| #define HAVE_SCHED_H 1
| #define HAVE_STRINGS_H 1
| #define HAVE_SYS_RESOURCE_H 1
| #define HAVE_SYS_SELECT_H 1
| #define HAVE_SYS_SOCKET_H 1
| #define HAVE_SYS_STAT_H 1
| #define HAVE_SYS_TIME_H 1
| #define HAVE_SYS_TIMES_H 1
| #define HAVE_SYS_UTSNAME_H 1
| #define HAVE_UNISTD_H 1
| #define HAVE_UTIME_H 1
| #define HAVE_ARPA_INET_H 1
| #define HAVE_LANGINFO_H 1
| #define HAVE_NETDB_H 1
| #define HAVE_NETINET_IN_H 1
| #define HAVE_SYS_PARAM_H 1
| #define HAVE_STDALIGN_H 1
| #define HAVE_ERRNO_H 1
| #define HAVE_INTTYPES_H 1
| #define HAVE_LIMITS_H 1
| #define HAVE_LOCALE_H 1
| #define HAVE_STDARG_H 1
| #define HAVE_STDBOOL_H 1
| #define HAVE_STDINT_H 1
| #define HAVE_STRING_H 1
| #define HAVE_DECL_SIGSETJMP 1
| #define HAVE_DECL_SIGLONGJMP 1
| #define HAVE_POSIX_SETJMP 1
| #define HAVE_INT64_T 1
| #define HAVE_INT_FAST64_T 1
| #define HAVE_DECL_SIZE_MAX 1
| #define R_SOCKLEN_T socklen_t
| #define HAVE_STACK_T 1
| #define HAVE_INTPTR_T 1
| #define HAVE_UINTPTR_T 1
| #define R_INLINE inline
| #define SIZEOF_INT 4
| #define INT_32_BITS 1
| #define SIZEOF_LONG 8
| #define SIZEOF_LONG_LONG 8
| #define SIZEOF_DOUBLE 8
| #define SIZEOF_SIZE_T 8
| #define C_STACK_DIRECTION 1
| #define HAVE_LONG_DOUBLE 1
| #define SIZEOF_LONG_DOUBLE 8
| #define FC_FUNC(name,NAME) name ## _
| #define FC_FUNC_(name,NAME) name ## _
| #define HAVE_F77_UNDERSCORE 1
| #define HAVE_FORTRAN_DOUBLE_COMPLEX 1
| #define HAVE_NO_SYMBOL_UNDERSCORE 1
| #define FC_LEN_T size_t
| #define SHLIB_EXT ".so"
| #define HAVE_PTHREAD 1
| #define HAVE_OFF_T 1
| #define HAVE_ALLOCA_H 1
| #define HAVE_ALLOCA 1
| #define HAVE_DECL_ALLOCA 1
| #define HAVE_EXPM1 1
| #define HAVE_HYPOT 1
| #define HAVE_LOG1P 1
| #define HAVE_LOG1PL 1
| #define HAVE_LOG2 1
| #define HAVE_LOG10 1
| #define HAVE_NEARBYINT 1
| #define HAVE_NEARBYINTL 1
| #define HAVE_POWL 1
| #define HAVE_RINTL 1
| #define HAVE_VA_COPY 1
| #define HAVE_ISBLANK 1
| #define HAVE___COSPI 1
| #define HAVE___SINPI 1
| #define HAVE___TANPI 1
| #define HAVE_FSEEKO 1
| #define HAVE_FTELLO 1
| #define HAVE_FCNTL 1
| #define HAVE_GETGRGID 1
| #define HAVE_GETPWNAM 1
| #define HAVE_GETPWUID 1
| #define HAVE_KILL 1
| #define HAVE_SIGACTION 1
| #define HAVE_SIGALTSTACK 1
| #define HAVE_SIGEMPTYSET 1
| #define HAVE_FDOPEN 1
| #define HAVE_POPEN 1
| #define HAVE_GETLINE 1
| #define HAVE_SELECT 1
| #define HAVE_SETENV 1
| #define HAVE_UNSETENV 1
| #define HAVE_GETRLIMIT 1
| #define HAVE_SETRLIMIT 1
| #define HAVE_GETRUSAGE 1
| #define HAVE_GETPRIORITY 1
| #define HAVE_CHMOD 1
| #define HAVE_MKFIFO 1
| #define HAVE_STAT 1
| #define HAVE_UMASK 1
| #define HAVE_GETTIMEOFDAY 1
| #define HAVE_UTIMES 1
| #define HAVE_TIMES 1
| #define HAVE_GMTIME_R 1
| #define HAVE_LOCALTIME_R 1
| #define HAVE_NL_LANGINFO 1
| #define HAVE_ACCESS 1
| #define HAVE_CHDIR 1
| #define HAVE_EXECV 1
| #define HAVE_FTRUNCATE 1
| #define HAVE_GETCWD 1
| #define HAVE_GETEUID 1
| #define HAVE_GETUID 1
| #define HAVE_LINK 1
| #define HAVE_READLINK 1
| #define HAVE_SYMLINK 1
| #define HAVE_SYSCONF 1
| #define HAVE_UTIME 1
| #define HAVE_UTIMENSAT 1
| #define HAVE_CLOCK_GETTIME 1
| #define HAVE_TIMESPEC_GET 1
| #define HAVE_PUTENV 1
| #define HAVE_DECL_PUTENV 1
| #define HAVE_VASPRINTF 1
| #define HAVE_DECL_VASPRINTF 1
| #define HAVE_REALPATH 1
| #define HAVE_DECL_REALPATH 1
| #define HAVE_GLOB 1
| #define HAVE_DLADDR 1
| #define HAVE_DLSYM 1
| #define HAVE_DECL_DLADDR 1
| #define HAVE_DECL_DLSYM 1
| #define HAVE_DECL_RTLD_DEFAULT 1
| #define HAVE_DECL_RTLD_NEXT 1
| #define HAVE_STPCPY 1
| #define HAVE_OFF_T 1
| #define HAVE_ISNAN 1
| #define HAVE_DECL_ISFINITE 1
| #define HAVE_DECL_ISNAN 1
| #define IEEE_754 1
| #define HAVE_LANGINFO_CODESET 1
| #define HAVE_MKDTEMP 1
| #define HAVE_STRDUP 1
| #define HAVE_STRNCASECMP 1
| #define HAVE_DECL_MKDTEMP 1
| #define HAVE_DECL_STRDUP 1
| #define HAVE_DECL_STRNCASECMP 1
| #define HAVE_WORKING_CALLOC 1
| #define HAVE_WORKING_ISFINITE 1
| #define HAVE_WORKING_LOG1P 1
| #define HAVE_WORKING_FTELL 1
| #define HAVE_WORKING_SIGACTION 1
| #define HAVE_ENUM_BASE_TYPE 1
| #define MKTIME_SETS_ERRNO 1
| #define HAVE_WORKING_MKTIME_AFTER_2037 1
| #define HAVE_WORKING_MKTIME_BEFORE_1902 1
| #define HAVE_WORKING_MKTIME_BEFORE_1970 1
| #define USE_RI18N_FNS 1
| #define USE_RI18N_WIDTH 1
| #define USE_RI18N_CASE 1
| #define HAVE_CABS 1
| #define HAVE_CARG 1
| #define HAVE_CEXP 1
| #define HAVE_CLOG 1
| #define HAVE_CSQRT 1
| #define HAVE_CPOW 1
| #define HAVE_CCOS 1
| #define HAVE_CSIN 1
| #define HAVE_CTAN 1
| #define HAVE_CACOS 1
| #define HAVE_CASIN 1
| #define HAVE_CATAN 1
| #define HAVE_CCOSH 1
| #define HAVE_CSINH 1
| #define HAVE_CTANH 1
| #define HAVE_WORKING_CTANH 1
| #define HAVE_TM_ZONE 1
| #define HAVE_TM_GMTOFF 1
| #define HAVE_ICONV_H 1
| #define HAVE_ICONV 1
| #define HAVE_ICONV_CP1252 1
| #define HAVE_ICONVLIST 1
| #define HAVE_ICONV 1
| #define ICONV_CONST 
| #define HAVE_WCHAR_H 1
| #define HAVE_WCTYPE_H 1
| #define HAVE_MBRTOWC 1
| #define HAVE_WCRTOMB 1
| #define HAVE_WCSCOLL 1
| #define HAVE_WCSFTIME 1
| #define HAVE_WCSTOD 1
| #define HAVE_MBSTOWCS 1
| #define HAVE_WCSTOMBS 1
| #define HAVE_WCTRANS 1
| #define HAVE_WCTYPE 1
| #define HAVE_ISWCTYPE 1
| #define HAVE_WCWIDTH 1
| #define HAVE_WCSWIDTH 1
| /* end confdefs.h.  */
| #include <wchar.h>
|        #include <wctype.h>
| 
| int
| main (void)
| {
| if (sizeof ((wctrans_t)))
| 	    return 0;
|   ;
|   return 0;
| }
configure:49856: result: yes
configure:49866: checking for mbstate_t
configure:49866: gcc -std=gnu23 -c  -g -O2 -fPIC -I/opt/homebrew/include  conftest.c >&5
configure:49866: $? = 0
configure:49866: gcc -std=gnu23 -c  -g -O2 -fPIC -I/opt/homebrew/include  conftest.c >&5
conftest.c:260:24: error: expected expression
  260 | if (sizeof ((mbstate_t)))
      |                        ^
1 error generated.
configure:49866: $? = 1
configure: failed program was:
| /* confdefs.h */
| #define PACKAGE_NAME "R"
| #define PACKAGE_TARNAME "R"
| #define PACKAGE_VERSION "4.6.0"
| #define PACKAGE_STRING "R 4.6.0"
| #define PACKAGE_BUGREPORT "https://bugs.r-project.org"
| #define PACKAGE_URL "https://www.r-project.org"
| #define PACKAGE "R"
| #define VERSION "4.6.0"
| #define R_PLATFORM "aarch64-apple-darwin25.6.0"
| #define R_CPU "aarch64"
| #define R_VENDOR "apple"
| #define R_OS "darwin25.6.0"
| #define Unix 1
| #define R_ARCH ""
| #define HAVE_STDIO_H 1
| #define HAVE_STDLIB_H 1
| #define HAVE_STRING_H 1
| #define HAVE_INTTYPES_H 1
| #define HAVE_STDINT_H 1
| #define HAVE_STRINGS_H 1
| #define HAVE_SYS_STAT_H 1
| #define HAVE_SYS_TYPES_H 1
| #define HAVE_UNISTD_H 1
| #define HAVE_WCHAR_H 1
| #define HAVE_SYS_TIME_H 1
| #define HAVE_SYS_PARAM_H 1
| #define STDC_HEADERS 1
| #define _ALL_SOURCE 1
| #define _DARWIN_C_SOURCE 1
| #define _GNU_SOURCE 1
| #define _HPUX_ALT_XOPEN_SOCKET_API 1
| #define _NETBSD_SOURCE 1
| #define _OPENBSD_SOURCE 1
| #define _POSIX_PTHREAD_SEMANTICS 1
| #define __STDC_WANT_IEC_60559_ATTRIBS_EXT__ 1
| #define __STDC_WANT_IEC_60559_BFP_EXT__ 1
| #define __STDC_WANT_IEC_60559_DFP_EXT__ 1
| #define __STDC_WANT_IEC_60559_EXT__ 1
| #define __STDC_WANT_IEC_60559_FUNCS_EXT__ 1
| #define __STDC_WANT_IEC_60559_TYPES_EXT__ 1
| #define __STDC_WANT_LIB_EXT2__ 1
| #define __STDC_WANT_MATH_SPEC_FUNCS__ 1
| #define _TANDEM_SOURCE 1
| #define __EXTENSIONS__ 1
| #define HAVE_VISIBILITY_ATTRIBUTE 1
| #define HAVE_DLFCN_H 1
| #define LT_OBJDIR ".libs/"
| #define HAVE_LIBM 1
| #define HAVE_LIBDL 1
| #define HAVE_DIRENT_H 1
| #define HAVE_SYS_WAIT_H 1
| #define HAVE_DLFCN_H 1
| #define HAVE_FCNTL_H 1
| #define HAVE_GLOB_H 1
| #define HAVE_GRP_H 1
| #define HAVE_PWD_H 1
| #define HAVE_SCHED_H 1
| #define HAVE_STRINGS_H 1
| #define HAVE_SYS_RESOURCE_H 1
| #define HAVE_SYS_SELECT_H 1
| #define HAVE_SYS_SOCKET_H 1
| #define HAVE_SYS_STAT_H 1
| #define HAVE_SYS_TIME_H 1
| #define HAVE_SYS_TIMES_H 1
| #define HAVE_SYS_UTSNAME_H 1
| #define HAVE_UNISTD_H 1
| #define HAVE_UTIME_H 1
| #define HAVE_ARPA_INET_H 1
| #define HAVE_LANGINFO_H 1
| #define HAVE_NETDB_H 1
| #define HAVE_NETINET_IN_H 1
| #define HAVE_SYS_PARAM_H 1
| #define HAVE_STDALIGN_H 1
| #define HAVE_ERRNO_H 1
| #define HAVE_INTTYPES_H 1
| #define HAVE_LIMITS_H 1
| #define HAVE_LOCALE_H 1
| #define HAVE_STDARG_H 1
| #define HAVE_STDBOOL_H 1
| #define HAVE_STDINT_H 1
| #define HAVE_STRING_H 1
| #define HAVE_DECL_SIGSETJMP 1
| #define HAVE_DECL_SIGLONGJMP 1
| #define HAVE_POSIX_SETJMP 1
| #define HAVE_INT64_T 1
| #define HAVE_INT_FAST64_T 1
| #define HAVE_DECL_SIZE_MAX 1
| #define R_SOCKLEN_T socklen_t
| #define HAVE_STACK_T 1
| #define HAVE_INTPTR_T 1
| #define HAVE_UINTPTR_T 1
| #define R_INLINE inline
| #define SIZEOF_INT 4
| #define INT_32_BITS 1
| #define SIZEOF_LONG 8
| #define SIZEOF_LONG_LONG 8
| #define SIZEOF_DOUBLE 8
| #define SIZEOF_SIZE_T 8
| #define C_STACK_DIRECTION 1
| #define HAVE_LONG_DOUBLE 1
| #define SIZEOF_LONG_DOUBLE 8
| #define FC_FUNC(name,NAME) name ## _
| #define FC_FUNC_(name,NAME) name ## _
| #define HAVE_F77_UNDERSCORE 1
| #define HAVE_FORTRAN_DOUBLE_COMPLEX 1
| #define HAVE_NO_SYMBOL_UNDERSCORE 1
| #define FC_LEN_T size_t
| #define SHLIB_EXT ".so"
| #define HAVE_PTHREAD 1
| #define HAVE_OFF_T 1
| #define HAVE_ALLOCA_H 1
| #define HAVE_ALLOCA 1
| #define HAVE_DECL_ALLOCA 1
| #define HAVE_EXPM1 1
| #define HAVE_HYPOT 1
| #define HAVE_LOG1P 1
| #define HAVE_LOG1PL 1
| #define HAVE_LOG2 1
| #define HAVE_LOG10 1
| #define HAVE_NEARBYINT 1
| #define HAVE_NEARBYINTL 1
| #define HAVE_POWL 1
| #define HAVE_RINTL 1
| #define HAVE_VA_COPY 1
| #define HAVE_ISBLANK 1
| #define HAVE___COSPI 1
| #define HAVE___SINPI 1
| #define HAVE___TANPI 1
| #define HAVE_FSEEKO 1
| #define HAVE_FTELLO 1
| #define HAVE_FCNTL 1
| #define HAVE_GETGRGID 1
| #define HAVE_GETPWNAM 1
| #define HAVE_GETPWUID 1
| #define HAVE_KILL 1
| #define HAVE_SIGACTION 1
| #define HAVE_SIGALTSTACK 1
| #define HAVE_SIGEMPTYSET 1
| #define HAVE_FDOPEN 1
| #define HAVE_POPEN 1
| #define HAVE_GETLINE 1
| #define HAVE_SELECT 1
| #define HAVE_SETENV 1
| #define HAVE_UNSETENV 1
| #define HAVE_GETRLIMIT 1
| #define HAVE_SETRLIMIT 1
| #define HAVE_GETRUSAGE 1
| #define HAVE_GETPRIORITY 1
| #define HAVE_CHMOD 1
| #define HAVE_MKFIFO 1
| #define HAVE_STAT 1
| #define HAVE_UMASK 1
| #define HAVE_GETTIMEOFDAY 1
| #define HAVE_UTIMES 1
| #define HAVE_TIMES 1
| #define HAVE_GMTIME_R 1
| #define HAVE_LOCALTIME_R 1
| #define HAVE_NL_LANGINFO 1
| #define HAVE_ACCESS 1
| #define HAVE_CHDIR 1
| #define HAVE_EXECV 1
| #define HAVE_FTRUNCATE 1
| #define HAVE_GETCWD 1
| #define HAVE_GETEUID 1
| #define HAVE_GETUID 1
| #define HAVE_LINK 1
| #define HAVE_READLINK 1
| #define HAVE_SYMLINK 1
| #define HAVE_SYSCONF 1
| #define HAVE_UTIME 1
| #define HAVE_UTIMENSAT 1
| #define HAVE_CLOCK_GETTIME 1
| #define HAVE_TIMESPEC_GET 1
| #define HAVE_PUTENV 1
| #define HAVE_DECL_PUTENV 1
| #define HAVE_VASPRINTF 1
| #define HAVE_DECL_VASPRINTF 1
| #define HAVE_REALPATH 1
| #define HAVE_DECL_REALPATH 1
| #define HAVE_GLOB 1
| #define HAVE_DLADDR 1
| #define HAVE_DLSYM 1
| #define HAVE_DECL_DLADDR 1
| #define HAVE_DECL_DLSYM 1
| #define HAVE_DECL_RTLD_DEFAULT 1
| #define HAVE_DECL_RTLD_NEXT 1
| #define HAVE_STPCPY 1
| #define HAVE_OFF_T 1
| #define HAVE_ISNAN 1
| #define HAVE_DECL_ISFINITE 1
| #define HAVE_DECL_ISNAN 1
| #define IEEE_754 1
| #define HAVE_LANGINFO_CODESET 1
| #define HAVE_MKDTEMP 1
| #define HAVE_STRDUP 1
| #define HAVE_STRNCASECMP 1
| #define HAVE_DECL_MKDTEMP 1
| #define HAVE_DECL_STRDUP 1
| #define HAVE_DECL_STRNCASECMP 1
| #define HAVE_WORKING_CALLOC 1
| #define HAVE_WORKING_ISFINITE 1
| #define HAVE_WORKING_LOG1P 1
| #define HAVE_WORKING_FTELL 1
| #define HAVE_WORKING_SIGACTION 1
| #define HAVE_ENUM_BASE_TYPE 1
| #define MKTIME_SETS_ERRNO 1
| #define HAVE_WORKING_MKTIME_AFTER_2037 1
| #define HAVE_WORKING_MKTIME_BEFORE_1902 1
| #define HAVE_WORKING_MKTIME_BEFORE_1970 1
| #define USE_RI18N_FNS 1
| #define USE_RI18N_WIDTH 1
| #define USE_RI18N_CASE 1
| #define HAVE_CABS 1
| #define HAVE_CARG 1
| #define HAVE_CEXP 1
| #define HAVE_CLOG 1
| #define HAVE_CSQRT 1
| #define HAVE_CPOW 1
| #define HAVE_CCOS 1
| #define HAVE_CSIN 1
| #define HAVE_CTAN 1
| #define HAVE_CACOS 1
| #define HAVE_CASIN 1
| #define HAVE_CATAN 1
| #define HAVE_CCOSH 1
| #define HAVE_CSINH 1
| #define HAVE_CTANH 1
| #define HAVE_WORKING_CTANH 1
| #define HAVE_TM_ZONE 1
| #define HAVE_TM_GMTOFF 1
| #define HAVE_ICONV_H 1
| #define HAVE_ICONV 1
| #define HAVE_ICONV_CP1252 1
| #define HAVE_ICONVLIST 1
| #define HAVE_ICONV 1
| #define ICONV_CONST 
| #define HAVE_WCHAR_H 1
| #define HAVE_WCTYPE_H 1
| #define HAVE_MBRTOWC 1
| #define HAVE_WCRTOMB 1
| #define HAVE_WCSCOLL 1
| #define HAVE_WCSFTIME 1
| #define HAVE_WCSTOD 1
| #define HAVE_MBSTOWCS 1
| #define HAVE_WCSTOMBS 1
| #define HAVE_WCTRANS 1
| #define HAVE_WCTYPE 1
| #define HAVE_ISWCTYPE 1
| #define HAVE_WCWIDTH 1
| #define HAVE_WCSWIDTH 1
| #define HAVE_WCTRANS_T 1
| /* end confdefs.h.  */
| #include <wchar.h>
|        #include <wctype.h>
| 
| int
| main (void)
| {
| if (sizeof ((mbstate_t)))
| 	    return 0;
|   ;
|   return 0;
| }
configure:49866: result: yes
configure:50035: checking for X
configure:50268: result: disabled
configure:51025: result: using X11 ... no
configure:51408: checking for CFStringGetSystemEncoding in CoreFoundation framework
configure:51446: gcc -std=gnu23 -o conftest  -g -O2 -fPIC -I/opt/homebrew/include  -L/opt/homebrew/lib conftest.c -framework CoreFoundation  -ldl -lm  -liconv >&5
configure:51446: $? = 0
configure:51456: result: -framework CoreFoundation
configure:51523: checking for tclConfig.sh
configure:51562: result: no
configure:51571: checking for tclConfig.sh in library (sub)directories
configure:51594: result: no
configure:51606: checking for tkConfig.sh
configure:51645: result: no
configure:51654: checking for tkConfig.sh in library (sub)directories
configure:51677: result: no
configure:51774: checking for tcl.h
configure:51802: result: yes
configure:51867: checking for tk.h
configure:51895: result: yes
configure:52230: checking for BSD networking
configure:52255: result: yes
configure:52260: checking for rpc/types.h
configure:52260: gcc -std=gnu23 -c  -g -O2 -fPIC -I/opt/homebrew/include  conftest.c >&5
configure:52260: $? = 0
configure:52260: result: yes
configure:52267: checking for rpc/xdr.h
configure:52267: gcc -std=gnu23 -c  -g -O2 -fPIC -I/opt/homebrew/include  conftest.c >&5
configure:52267: $? = 0
configure:52267: result: yes
configure:52317: checking for XDR library
configure:52362: gcc -std=gnu23 -o conftest  -g -O2 -fPIC -I/opt/homebrew/include   -L/opt/homebrew/lib conftest.c -ldl -lm  -liconv >&5
configure:52362: $? = 0
configure:52362: ./conftest
configure:52362: $? = 0
configure:52387: result: none required
configure:52401: checking for XDR support
configure:52403: result: yes
configure:52501: checking for inflateInit2_ in -lz
configure:52538: gcc -std=gnu23 -o conftest  -g -O2 -fPIC -I/opt/homebrew/include  -L/opt/homebrew/lib conftest.c -lz  -ldl -lm  -liconv >&5
configure:52538: $? = 0
configure:52550: result: yes
configure:52561: checking for zlib.h
configure:52561: gcc -std=gnu23 -c  -g -O2 -fPIC -I/opt/homebrew/include  conftest.c >&5
configure:52561: $? = 0
configure:52561: result: yes
configure:52572: checking if zlib version >= 1.2.5
configure:52600: gcc -std=gnu23 -o conftest  -g -O2 -fPIC -I/opt/homebrew/include  -L/opt/homebrew/lib conftest.c -ldl -lm  -liconv >&5
configure:52600: $? = 0
configure:52600: ./conftest
configure:52600: $? = 0
configure:52614: result: yes
configure:52619: checking whether zlib support suffices
configure:52625: result: yes
configure:52631: checking for BZ2_bzlibVersion in -lbz2
configure:52668: gcc -std=gnu23 -o conftest  -g -O2 -fPIC -I/opt/homebrew/include  -L/opt/homebrew/lib conftest.c -lbz2  -lz -ldl -lm  -liconv >&5
configure:52668: $? = 0
configure:52680: result: yes
configure:52693: checking for bzlib.h
configure:52693: gcc -std=gnu23 -c  -g -O2 -fPIC -I/opt/homebrew/include  conftest.c >&5
configure:52693: $? = 0
configure:52693: result: yes
configure:52706: checking if bzip2 version >= 1.0.6
configure:52738: gcc -std=gnu23 -o conftest  -g -O2 -fPIC -I/opt/homebrew/include  -L/opt/homebrew/lib conftest.c -lbz2 -lz -ldl -lm  -liconv >&5
configure:52738: $? = 0
configure:52738: ./conftest
configure:52738: $? = 0
configure:52759: result: yes
configure:52765: checking whether bzip2 support suffices
configure:52768: result: yes
configure:52777: checking for lzma_version_number in -llzma
configure:52814: gcc -std=gnu23 -o conftest  -g -O2 -fPIC -I/opt/homebrew/include  -L/opt/homebrew/lib conftest.c -llzma  -lbz2 -lz -ldl -lm  -liconv >&5
configure:52814: $? = 0
configure:52826: result: yes
configure:52839: checking for lzma.h
configure:52839: gcc -std=gnu23 -c  -g -O2 -fPIC -I/opt/homebrew/include  conftest.c >&5
configure:52839: $? = 0
configure:52839: result: yes
configure:52852: checking if lzma version >= 5.0.3
configure:52886: gcc -std=gnu23 -o conftest  -g -O2 -fPIC -I/opt/homebrew/include  -L/opt/homebrew/lib conftest.c -llzma -lbz2 -lz -ldl -lm  -liconv >&5
configure:52886: $? = 0
configure:52886: ./conftest
configure:52886: $? = 0
configure:52907: result: yes
configure:52924: checking for ZSTD_versionNumber in -lzstd
configure:52961: gcc -std=gnu23 -o conftest  -g -O2 -fPIC -I/opt/homebrew/include  -L/opt/homebrew/lib conftest.c -lzstd  -llzma -lbz2 -lz -ldl -lm  -liconv >&5
configure:52961: $? = 0
configure:52973: result: yes
configure:52986: checking for zstd.h
configure:52986: gcc -std=gnu23 -c  -g -O2 -fPIC -I/opt/homebrew/include  conftest.c >&5
configure:52986: $? = 0
configure:52986: result: yes
configure:52999: checking if zstd version >= 1.3.3
configure:53029: gcc -std=gnu23 -o conftest  -g -O2 -fPIC -I/opt/homebrew/include  -L/opt/homebrew/lib conftest.c -lzstd -llzma -lbz2 -lz -ldl -lm  -liconv >&5
configure:53029: $? = 0
configure:53029: ./conftest
configure:53029: $? = 0
configure:53050: result: yes
configure:53062: checking for ZSTD_decompressBound
configure:53062: gcc -std=gnu23 -o conftest  -g -O2 -fPIC -I/opt/homebrew/include  -L/opt/homebrew/lib conftest.c -lzstd -llzma -lbz2 -lz -ldl -lm  -liconv >&5
configure:53062: $? = 0
configure:53062: result: yes
configure:53086: checking for libdeflate.h
configure:53086: gcc -std=gnu23 -c  -g -O2 -fPIC -I/opt/homebrew/include  conftest.c >&5
configure:53086: $? = 0
configure:53086: result: yes
configure:53098: checking for libdeflate_alloc_compressor in -ldeflate
configure:53135: gcc -std=gnu23 -o conftest  -g -O2 -fPIC -I/opt/homebrew/include  -L/opt/homebrew/lib conftest.c -ldeflate  -lzstd -llzma -lbz2 -lz -ldl -lm  -liconv >&5
configure:53135: $? = 0
configure:53147: result: yes
configure:53162: result: yes
configure:53255: checking for pcre2.h
configure:53255: gcc -std=gnu23 -c  -g -O2 -fPIC -I/opt/homebrew/Cellar/pcre2/10.47_1/include -I/opt/homebrew/include  conftest.c >&5
configure:53255: $? = 0
configure:53255: result: yes
configure:53265: checking for pcre2_compile_8 in -lpcre2-8
configure:53302: gcc -std=gnu23 -o conftest  -g -O2 -fPIC -I/opt/homebrew/Cellar/pcre2/10.47_1/include -I/opt/homebrew/include  -L/opt/homebrew/lib conftest.c -lpcre2-8  -L/opt/homebrew/Cellar/pcre2/10.47_1/lib -lpcre2-8 -ldeflate -lzstd -llzma -lbz2 -lz -ldl -lm  -liconv >&5
ld: warning: ignoring duplicate libraries: '-lpcre2-8'
configure:53302: $? = 0
configure:53314: result: yes
configure:53325: checking if PCRE2 has Unicode support
configure:53348: gcc -std=gnu23 -o conftest  -g -O2 -fPIC -I/opt/homebrew/Cellar/pcre2/10.47_1/include -I/opt/homebrew/include  -L/opt/homebrew/lib conftest.c -L/opt/homebrew/Cellar/pcre2/10.47_1/lib -lpcre2-8 -ldeflate -lzstd -llzma -lbz2 -lz -ldl -lm  -liconv >&5
configure:53348: $? = 0
configure:53348: ./conftest
configure:53348: $? = 0
configure:53362: result: yes
configure:53527: checking whether PCRE support suffices
configure:53535: result: yes
configure:53639: checking for curl-config
configure:53662: found /usr/bin/curl-config
configure:53675: result: /usr/bin/curl-config
configure:53707: checking for curl/curl.h
configure:53707: gcc -std=gnu23 -c  -g -O2 -fPIC  -I/opt/homebrew/Cellar/pcre2/10.47_1/include -I/opt/homebrew/include  conftest.c >&5
configure:53707: $? = 0
configure:53707: result: yes
configure:53720: checking if libcurl is >= 7.28.0
configure:53751: gcc -std=gnu23 -o conftest  -g -O2 -fPIC  -I/opt/homebrew/Cellar/pcre2/10.47_1/include -I/opt/homebrew/include  -L/opt/homebrew/lib conftest.c -lcurl -L/opt/homebrew/Cellar/pcre2/10.47_1/lib -lpcre2-8 -ldeflate -lzstd -llzma -lbz2 -lz -ldl -lm  -liconv >&5
configure:53751: $? = 0
configure:53751: ./conftest
configure:53751: $? = 0
configure:53765: result: yes
configure:53773: checking if libcurl supports https
configure:53800: gcc -std=gnu23 -o conftest  -g -O2 -fPIC  -I/opt/homebrew/Cellar/pcre2/10.47_1/include -I/opt/homebrew/include  -L/opt/homebrew/lib conftest.c -lcurl -L/opt/homebrew/Cellar/pcre2/10.47_1/lib -lpcre2-8 -ldeflate -lzstd -llzma -lbz2 -lz -ldl -lm  -liconv >&5
configure:53800: $? = 0
configure:53800: ./conftest
configure:53800: $? = 0
configure:53814: result: yes
configure:53839: checking if pkg-config knows about libjpeg
configure:53845: result: yes
configure:53854: checking if jpeglib version >= 6b
configure:53880: result: yes
configure:53886: checking for jpeg_destroy_compress in -ljpeg
configure:53923: gcc -std=gnu23 -o conftest  -g -O2 -fPIC -I/opt/homebrew/Cellar/pcre2/10.47_1/include -I/opt/homebrew/include  -L/opt/homebrew/lib conftest.c -ljpeg -L/opt/homebrew/opt/jpeg-turbo/lib -ljpeg -L/opt/homebrew/Cellar/pcre2/10.47_1/lib -lpcre2-8 -ldeflate -lzstd -llzma -lbz2 -lz -ldl -lm  -liconv -L/opt/homebrew/Cellar/pcre2/10.47_1/lib -lpcre2-8 -ldeflate -lzstd -llzma -lbz2 -lz -ldl -lm  -liconv >&5
ld: warning: ignoring duplicate libraries: '-lbz2', '-ldeflate', '-ldl', '-liconv', '-ljpeg', '-llzma', '-lm', '-lpcre2-8', '-lz', '-lzstd'
configure:53923: $? = 0
configure:53935: result: yes
configure:53958: checking if pkg-config knows about libpng
configure:53961: result: yes
configure:53966: checking if libpng version >= 1.2.7
configure:53992: result: yes
configure:53999: checking for png_create_write_struct in -lpng
configure:54036: gcc -std=gnu23 -o conftest  -g -O2 -fPIC -I/opt/homebrew/Cellar/pcre2/10.47_1/include -I/opt/homebrew/include  -L/opt/homebrew/lib conftest.c -lpng -L/opt/homebrew/opt/libpng/lib -lpng16 -L/opt/homebrew/Cellar/pcre2/10.47_1/lib -lpcre2-8 -ldeflate -lzstd -llzma -lbz2 -lz -ldl -lm  -liconv -L/opt/homebrew/Cellar/pcre2/10.47_1/lib -lpcre2-8 -ldeflate -lzstd -llzma -lbz2 -lz -ldl -lm  -liconv >&5
ld: warning: ignoring duplicate libraries: '-lbz2', '-ldeflate', '-ldl', '-liconv', '-llzma', '-lm', '-lpcre2-8', '-lz', '-lzstd'
configure:54036: $? = 0
configure:54048: result: yes
configure:54137: checking if pkg-config knows about libtiff
configure:54144: result: yes
configure:54155: checking for tiffio.h
configure:54155: gcc -std=gnu23 -c  -g -O2 -fPIC -I/opt/homebrew/Cellar/pcre2/10.47_1/include -I/opt/homebrew/include  -I/opt/homebrew/opt/libtiff/include -I/opt/homebrew/opt/webp/include -I/opt/homebrew/opt/webp/include/webp -I/opt/homebrew/opt/zstd/include -I/opt/homebrew/Cellar/xz/5.8.3/include -I/opt/homebrew/opt/jpeg-turbo/include conftest.c >&5
configure:54155: $? = 0
configure:54155: result: yes
configure:54165: checking for TIFFOpen in -ltiff
configure:54202: gcc -std=gnu23 -o conftest  -g -O2 -fPIC -I/opt/homebrew/Cellar/pcre2/10.47_1/include -I/opt/homebrew/include  -L/opt/homebrew/lib conftest.c -ltiff -L/opt/homebrew/opt/libtiff/lib -ltiff -L/opt/homebrew/opt/jpeg-turbo/lib -ljpeg -L/opt/homebrew/opt/libpng/lib -lpng16 -L/opt/homebrew/Cellar/pcre2/10.47_1/lib -lpcre2-8 -ldeflate -lzstd -llzma -lbz2 -lz -ldl -lm  -liconv >&5
ld: warning: ignoring duplicate libraries: '-ltiff'
configure:54202: $? = 0
configure:54214: result: yes
configure:54858: checking whether leap seconds are treated according to POSIX
configure:54887: gcc -std=gnu23 -o conftest  -g -O2 -fPIC -I/opt/homebrew/Cellar/pcre2/10.47_1/include -I/opt/homebrew/include  -L/opt/homebrew/lib conftest.c -L/opt/homebrew/Cellar/pcre2/10.47_1/lib -lpcre2-8 -ldeflate -lzstd -llzma -lbz2 -lz -ldl -lm  -liconv >&5
configure:54887: $? = 0
configure:54887: ./conftest
configure:54887: $? = 1
configure: program exited with status 1
configure: failed program was:
| /* confdefs.h */
| #define PACKAGE_NAME "R"
| #define PACKAGE_TARNAME "R"
| #define PACKAGE_VERSION "4.6.0"
| #define PACKAGE_STRING "R 4.6.0"
| #define PACKAGE_BUGREPORT "https://bugs.r-project.org"
| #define PACKAGE_URL "https://www.r-project.org"
| #define PACKAGE "R"
| #define VERSION "4.6.0"
| #define R_PLATFORM "aarch64-apple-darwin25.6.0"
| #define R_CPU "aarch64"
| #define R_VENDOR "apple"
| #define R_OS "darwin25.6.0"
| #define Unix 1
| #define R_ARCH ""
| #define HAVE_STDIO_H 1
| #define HAVE_STDLIB_H 1
| #define HAVE_STRING_H 1
| #define HAVE_INTTYPES_H 1
| #define HAVE_STDINT_H 1
| #define HAVE_STRINGS_H 1
| #define HAVE_SYS_STAT_H 1
| #define HAVE_SYS_TYPES_H 1
| #define HAVE_UNISTD_H 1
| #define HAVE_WCHAR_H 1
| #define HAVE_SYS_TIME_H 1
| #define HAVE_SYS_PARAM_H 1
| #define STDC_HEADERS 1
| #define _ALL_SOURCE 1
| #define _DARWIN_C_SOURCE 1
| #define _GNU_SOURCE 1
| #define _HPUX_ALT_XOPEN_SOCKET_API 1
| #define _NETBSD_SOURCE 1
| #define _OPENBSD_SOURCE 1
| #define _POSIX_PTHREAD_SEMANTICS 1
| #define __STDC_WANT_IEC_60559_ATTRIBS_EXT__ 1
| #define __STDC_WANT_IEC_60559_BFP_EXT__ 1
| #define __STDC_WANT_IEC_60559_DFP_EXT__ 1
| #define __STDC_WANT_IEC_60559_EXT__ 1
| #define __STDC_WANT_IEC_60559_FUNCS_EXT__ 1
| #define __STDC_WANT_IEC_60559_TYPES_EXT__ 1
| #define __STDC_WANT_LIB_EXT2__ 1
| #define __STDC_WANT_MATH_SPEC_FUNCS__ 1
| #define _TANDEM_SOURCE 1
| #define __EXTENSIONS__ 1
| #define HAVE_VISIBILITY_ATTRIBUTE 1
| #define HAVE_DLFCN_H 1
| #define LT_OBJDIR ".libs/"
| #define HAVE_LIBM 1
| #define HAVE_LIBDL 1
| #define HAVE_DIRENT_H 1
| #define HAVE_SYS_WAIT_H 1
| #define HAVE_DLFCN_H 1
| #define HAVE_FCNTL_H 1
| #define HAVE_GLOB_H 1
| #define HAVE_GRP_H 1
| #define HAVE_PWD_H 1
| #define HAVE_SCHED_H 1
| #define HAVE_STRINGS_H 1
| #define HAVE_SYS_RESOURCE_H 1
| #define HAVE_SYS_SELECT_H 1
| #define HAVE_SYS_SOCKET_H 1
| #define HAVE_SYS_STAT_H 1
| #define HAVE_SYS_TIME_H 1
| #define HAVE_SYS_TIMES_H 1
| #define HAVE_SYS_UTSNAME_H 1
| #define HAVE_UNISTD_H 1
| #define HAVE_UTIME_H 1
| #define HAVE_ARPA_INET_H 1
| #define HAVE_LANGINFO_H 1
| #define HAVE_NETDB_H 1
| #define HAVE_NETINET_IN_H 1
| #define HAVE_SYS_PARAM_H 1
| #define HAVE_STDALIGN_H 1
| #define HAVE_ERRNO_H 1
| #define HAVE_INTTYPES_H 1
| #define HAVE_LIMITS_H 1
| #define HAVE_LOCALE_H 1
| #define HAVE_STDARG_H 1
| #define HAVE_STDBOOL_H 1
| #define HAVE_STDINT_H 1
| #define HAVE_STRING_H 1
| #define HAVE_DECL_SIGSETJMP 1
| #define HAVE_DECL_SIGLONGJMP 1
| #define HAVE_POSIX_SETJMP 1
| #define HAVE_INT64_T 1
| #define HAVE_INT_FAST64_T 1
| #define HAVE_DECL_SIZE_MAX 1
| #define R_SOCKLEN_T socklen_t
| #define HAVE_STACK_T 1
| #define HAVE_INTPTR_T 1
| #define HAVE_UINTPTR_T 1
| #define R_INLINE inline
| #define SIZEOF_INT 4
| #define INT_32_BITS 1
| #define SIZEOF_LONG 8
| #define SIZEOF_LONG_LONG 8
| #define SIZEOF_DOUBLE 8
| #define SIZEOF_SIZE_T 8
| #define C_STACK_DIRECTION 1
| #define HAVE_LONG_DOUBLE 1
| #define SIZEOF_LONG_DOUBLE 8
| #define FC_FUNC(name,NAME) name ## _
| #define FC_FUNC_(name,NAME) name ## _
| #define HAVE_F77_UNDERSCORE 1
| #define HAVE_FORTRAN_DOUBLE_COMPLEX 1
| #define HAVE_NO_SYMBOL_UNDERSCORE 1
| #define FC_LEN_T size_t
| #define SHLIB_EXT ".so"
| #define HAVE_PTHREAD 1
| #define HAVE_OFF_T 1
| #define HAVE_ALLOCA_H 1
| #define HAVE_ALLOCA 1
| #define HAVE_DECL_ALLOCA 1
| #define HAVE_EXPM1 1
| #define HAVE_HYPOT 1
| #define HAVE_LOG1P 1
| #define HAVE_LOG1PL 1
| #define HAVE_LOG2 1
| #define HAVE_LOG10 1
| #define HAVE_NEARBYINT 1
| #define HAVE_NEARBYINTL 1
| #define HAVE_POWL 1
| #define HAVE_RINTL 1
| #define HAVE_VA_COPY 1
| #define HAVE_ISBLANK 1
| #define HAVE___COSPI 1
| #define HAVE___SINPI 1
| #define HAVE___TANPI 1
| #define HAVE_FSEEKO 1
| #define HAVE_FTELLO 1
| #define HAVE_FCNTL 1
| #define HAVE_GETGRGID 1
| #define HAVE_GETPWNAM 1
| #define HAVE_GETPWUID 1
| #define HAVE_KILL 1
| #define HAVE_SIGACTION 1
| #define HAVE_SIGALTSTACK 1
| #define HAVE_SIGEMPTYSET 1
| #define HAVE_FDOPEN 1
| #define HAVE_POPEN 1
| #define HAVE_GETLINE 1
| #define HAVE_SELECT 1
| #define HAVE_SETENV 1
| #define HAVE_UNSETENV 1
| #define HAVE_GETRLIMIT 1
| #define HAVE_SETRLIMIT 1
| #define HAVE_GETRUSAGE 1
| #define HAVE_GETPRIORITY 1
| #define HAVE_CHMOD 1
| #define HAVE_MKFIFO 1
| #define HAVE_STAT 1
| #define HAVE_UMASK 1
| #define HAVE_GETTIMEOFDAY 1
| #define HAVE_UTIMES 1
| #define HAVE_TIMES 1
| #define HAVE_GMTIME_R 1
| #define HAVE_LOCALTIME_R 1
| #define HAVE_NL_LANGINFO 1
| #define HAVE_ACCESS 1
| #define HAVE_CHDIR 1
| #define HAVE_EXECV 1
| #define HAVE_FTRUNCATE 1
| #define HAVE_GETCWD 1
| #define HAVE_GETEUID 1
| #define HAVE_GETUID 1
| #define HAVE_LINK 1
| #define HAVE_READLINK 1
| #define HAVE_SYMLINK 1
| #define HAVE_SYSCONF 1
| #define HAVE_UTIME 1
| #define HAVE_UTIMENSAT 1
| #define HAVE_CLOCK_GETTIME 1
| #define HAVE_TIMESPEC_GET 1
| #define HAVE_PUTENV 1
| #define HAVE_DECL_PUTENV 1
| #define HAVE_VASPRINTF 1
| #define HAVE_DECL_VASPRINTF 1
| #define HAVE_REALPATH 1
| #define HAVE_DECL_REALPATH 1
| #define HAVE_GLOB 1
| #define HAVE_DLADDR 1
| #define HAVE_DLSYM 1
| #define HAVE_DECL_DLADDR 1
| #define HAVE_DECL_DLSYM 1
| #define HAVE_DECL_RTLD_DEFAULT 1
| #define HAVE_DECL_RTLD_NEXT 1
| #define HAVE_STPCPY 1
| #define HAVE_OFF_T 1
| #define HAVE_ISNAN 1
| #define HAVE_DECL_ISFINITE 1
| #define HAVE_DECL_ISNAN 1
| #define IEEE_754 1
| #define HAVE_LANGINFO_CODESET 1
| #define HAVE_MKDTEMP 1
| #define HAVE_STRDUP 1
| #define HAVE_STRNCASECMP 1
| #define HAVE_DECL_MKDTEMP 1
| #define HAVE_DECL_STRDUP 1
| #define HAVE_DECL_STRNCASECMP 1
| #define HAVE_WORKING_CALLOC 1
| #define HAVE_WORKING_ISFINITE 1
| #define HAVE_WORKING_LOG1P 1
| #define HAVE_WORKING_FTELL 1
| #define HAVE_WORKING_SIGACTION 1
| #define HAVE_ENUM_BASE_TYPE 1
| #define MKTIME_SETS_ERRNO 1
| #define HAVE_WORKING_MKTIME_AFTER_2037 1
| #define HAVE_WORKING_MKTIME_BEFORE_1902 1
| #define HAVE_WORKING_MKTIME_BEFORE_1970 1
| #define USE_RI18N_FNS 1
| #define USE_RI18N_WIDTH 1
| #define USE_RI18N_CASE 1
| #define HAVE_CABS 1
| #define HAVE_CARG 1
| #define HAVE_CEXP 1
| #define HAVE_CLOG 1
| #define HAVE_CSQRT 1
| #define HAVE_CPOW 1
| #define HAVE_CCOS 1
| #define HAVE_CSIN 1
| #define HAVE_CTAN 1
| #define HAVE_CACOS 1
| #define HAVE_CASIN 1
| #define HAVE_CATAN 1
| #define HAVE_CCOSH 1
| #define HAVE_CSINH 1
| #define HAVE_CTANH 1
| #define HAVE_WORKING_CTANH 1
| #define HAVE_TM_ZONE 1
| #define HAVE_TM_GMTOFF 1
| #define HAVE_ICONV_H 1
| #define HAVE_ICONV 1
| #define HAVE_ICONV_CP1252 1
| #define HAVE_ICONVLIST 1
| #define HAVE_ICONV 1
| #define ICONV_CONST 
| #define HAVE_WCHAR_H 1
| #define HAVE_WCTYPE_H 1
| #define HAVE_MBRTOWC 1
| #define HAVE_WCRTOMB 1
| #define HAVE_WCSCOLL 1
| #define HAVE_WCSFTIME 1
| #define HAVE_WCSTOD 1
| #define HAVE_MBSTOWCS 1
| #define HAVE_WCSTOMBS 1
| #define HAVE_WCTRANS 1
| #define HAVE_WCTYPE 1
| #define HAVE_ISWCTYPE 1
| #define HAVE_WCWIDTH 1
| #define HAVE_WCSWIDTH 1
| #define HAVE_WCTRANS_T 1
| #define HAVE_MBSTATE_T 1
| #define X_DISPLAY_MISSING 1
| #define HAVE_COREFOUNDATION_FW 1
| #define HAVE_BZLIB_H 1
| #define HAVE_LZMA_H 1
| #define HAVE_LZMA 1
| #define HAVE_ZSTD_H 1
| #define HAVE_ZSTD 1
| #define HAVE_ZSTD_DECOMPRESSBOUND 1
| #define HAVE_LIBDEFLATE_H 1
| #define HAVE_LIBDEFLATE 1
| #define USE_LIBDEFLATE 1
| #define PCRE2_CODE_UNIT_WIDTH 8
| #define HAVE_PCRE2 1
| #define HAVE_CURL_CURL_H 1
| #define HAVE_LIBCURL 1
| #define HAVE_JPEG 1
| #define HAVE_PNG 1
| #define HAVE_TIFFIO_H 1
| #define HAVE_TIFF 1
| /* end confdefs.h.  */
| 
| #include <stdlib.h>
| #include <time.h>
| #include <stdio.h>
| #include "confdefs.h"
| 
| int main (void) {
|   struct tm *tm;
|   time_t ct = 0; /* required on 64bit AIX */
| 
|   ctime(&ct);
|   ct = ct - (ct % 60);
|   tm = gmtime(&ct);
|   if(tm->tm_sec == 0) exit(1); else exit(0);
| }
| 
configure:54901: result: yes
configure:54911: checking for inline
configure:54928: gcc -std=gnu23 -c  -g -O2 -fPIC -I/opt/homebrew/Cellar/pcre2/10.47_1/include -I/opt/homebrew/include  conftest.c >&5
configure:54928: $? = 0
configure:54938: result: inline
configure:54961: checking for struct stat.st_atim.tv_nsec
configure:54961: gcc -std=gnu23 -c  -g -O2 -fPIC -I/opt/homebrew/Cellar/pcre2/10.47_1/include -I/opt/homebrew/include  conftest.c >&5
conftest.c:290:13: error: no member named 'st_atim' in 'struct stat'
  290 | if (ac_aggr.st_atim.tv_nsec)
      |     ~~~~~~~ ^
1 error generated.
configure:54961: $? = 1
configure: failed program was:
| /* confdefs.h */
| #define PACKAGE_NAME "R"
| #define PACKAGE_TARNAME "R"
| #define PACKAGE_VERSION "4.6.0"
| #define PACKAGE_STRING "R 4.6.0"
| #define PACKAGE_BUGREPORT "https://bugs.r-project.org"
| #define PACKAGE_URL "https://www.r-project.org"
| #define PACKAGE "R"
| #define VERSION "4.6.0"
| #define R_PLATFORM "aarch64-apple-darwin25.6.0"
| #define R_CPU "aarch64"
| #define R_VENDOR "apple"
| #define R_OS "darwin25.6.0"
| #define Unix 1
| #define R_ARCH ""
| #define HAVE_STDIO_H 1
| #define HAVE_STDLIB_H 1
| #define HAVE_STRING_H 1
| #define HAVE_INTTYPES_H 1
| #define HAVE_STDINT_H 1
| #define HAVE_STRINGS_H 1
| #define HAVE_SYS_STAT_H 1
| #define HAVE_SYS_TYPES_H 1
| #define HAVE_UNISTD_H 1
| #define HAVE_WCHAR_H 1
| #define HAVE_SYS_TIME_H 1
| #define HAVE_SYS_PARAM_H 1
| #define STDC_HEADERS 1
| #define _ALL_SOURCE 1
| #define _DARWIN_C_SOURCE 1
| #define _GNU_SOURCE 1
| #define _HPUX_ALT_XOPEN_SOCKET_API 1
| #define _NETBSD_SOURCE 1
| #define _OPENBSD_SOURCE 1
| #define _POSIX_PTHREAD_SEMANTICS 1
| #define __STDC_WANT_IEC_60559_ATTRIBS_EXT__ 1
| #define __STDC_WANT_IEC_60559_BFP_EXT__ 1
| #define __STDC_WANT_IEC_60559_DFP_EXT__ 1
| #define __STDC_WANT_IEC_60559_EXT__ 1
| #define __STDC_WANT_IEC_60559_FUNCS_EXT__ 1
| #define __STDC_WANT_IEC_60559_TYPES_EXT__ 1
| #define __STDC_WANT_LIB_EXT2__ 1
| #define __STDC_WANT_MATH_SPEC_FUNCS__ 1
| #define _TANDEM_SOURCE 1
| #define __EXTENSIONS__ 1
| #define HAVE_VISIBILITY_ATTRIBUTE 1
| #define HAVE_DLFCN_H 1
| #define LT_OBJDIR ".libs/"
| #define HAVE_LIBM 1
| #define HAVE_LIBDL 1
| #define HAVE_DIRENT_H 1
| #define HAVE_SYS_WAIT_H 1
| #define HAVE_DLFCN_H 1
| #define HAVE_FCNTL_H 1
| #define HAVE_GLOB_H 1
| #define HAVE_GRP_H 1
| #define HAVE_PWD_H 1
| #define HAVE_SCHED_H 1
| #define HAVE_STRINGS_H 1
| #define HAVE_SYS_RESOURCE_H 1
| #define HAVE_SYS_SELECT_H 1
| #define HAVE_SYS_SOCKET_H 1
| #define HAVE_SYS_STAT_H 1
| #define HAVE_SYS_TIME_H 1
| #define HAVE_SYS_TIMES_H 1
| #define HAVE_SYS_UTSNAME_H 1
| #define HAVE_UNISTD_H 1
| #define HAVE_UTIME_H 1
| #define HAVE_ARPA_INET_H 1
| #define HAVE_LANGINFO_H 1
| #define HAVE_NETDB_H 1
| #define HAVE_NETINET_IN_H 1
| #define HAVE_SYS_PARAM_H 1
| #define HAVE_STDALIGN_H 1
| #define HAVE_ERRNO_H 1
| #define HAVE_INTTYPES_H 1
| #define HAVE_LIMITS_H 1
| #define HAVE_LOCALE_H 1
| #define HAVE_STDARG_H 1
| #define HAVE_STDBOOL_H 1
| #define HAVE_STDINT_H 1
| #define HAVE_STRING_H 1
| #define HAVE_DECL_SIGSETJMP 1
| #define HAVE_DECL_SIGLONGJMP 1
| #define HAVE_POSIX_SETJMP 1
| #define HAVE_INT64_T 1
| #define HAVE_INT_FAST64_T 1
| #define HAVE_DECL_SIZE_MAX 1
| #define R_SOCKLEN_T socklen_t
| #define HAVE_STACK_T 1
| #define HAVE_INTPTR_T 1
| #define HAVE_UINTPTR_T 1
| #define R_INLINE inline
| #define SIZEOF_INT 4
| #define INT_32_BITS 1
| #define SIZEOF_LONG 8
| #define SIZEOF_LONG_LONG 8
| #define SIZEOF_DOUBLE 8
| #define SIZEOF_SIZE_T 8
| #define C_STACK_DIRECTION 1
| #define HAVE_LONG_DOUBLE 1
| #define SIZEOF_LONG_DOUBLE 8
| #define FC_FUNC(name,NAME) name ## _
| #define FC_FUNC_(name,NAME) name ## _
| #define HAVE_F77_UNDERSCORE 1
| #define HAVE_FORTRAN_DOUBLE_COMPLEX 1
| #define HAVE_NO_SYMBOL_UNDERSCORE 1
| #define FC_LEN_T size_t
| #define SHLIB_EXT ".so"
| #define HAVE_PTHREAD 1
| #define HAVE_OFF_T 1
| #define HAVE_ALLOCA_H 1
| #define HAVE_ALLOCA 1
| #define HAVE_DECL_ALLOCA 1
| #define HAVE_EXPM1 1
| #define HAVE_HYPOT 1
| #define HAVE_LOG1P 1
| #define HAVE_LOG1PL 1
| #define HAVE_LOG2 1
| #define HAVE_LOG10 1
| #define HAVE_NEARBYINT 1
| #define HAVE_NEARBYINTL 1
| #define HAVE_POWL 1
| #define HAVE_RINTL 1
| #define HAVE_VA_COPY 1
| #define HAVE_ISBLANK 1
| #define HAVE___COSPI 1
| #define HAVE___SINPI 1
| #define HAVE___TANPI 1
| #define HAVE_FSEEKO 1
| #define HAVE_FTELLO 1
| #define HAVE_FCNTL 1
| #define HAVE_GETGRGID 1
| #define HAVE_GETPWNAM 1
| #define HAVE_GETPWUID 1
| #define HAVE_KILL 1
| #define HAVE_SIGACTION 1
| #define HAVE_SIGALTSTACK 1
| #define HAVE_SIGEMPTYSET 1
| #define HAVE_FDOPEN 1
| #define HAVE_POPEN 1
| #define HAVE_GETLINE 1
| #define HAVE_SELECT 1
| #define HAVE_SETENV 1
| #define HAVE_UNSETENV 1
| #define HAVE_GETRLIMIT 1
| #define HAVE_SETRLIMIT 1
| #define HAVE_GETRUSAGE 1
| #define HAVE_GETPRIORITY 1
| #define HAVE_CHMOD 1
| #define HAVE_MKFIFO 1
| #define HAVE_STAT 1
| #define HAVE_UMASK 1
| #define HAVE_GETTIMEOFDAY 1
| #define HAVE_UTIMES 1
| #define HAVE_TIMES 1
| #define HAVE_GMTIME_R 1
| #define HAVE_LOCALTIME_R 1
| #define HAVE_NL_LANGINFO 1
| #define HAVE_ACCESS 1
| #define HAVE_CHDIR 1
| #define HAVE_EXECV 1
| #define HAVE_FTRUNCATE 1
| #define HAVE_GETCWD 1
| #define HAVE_GETEUID 1
| #define HAVE_GETUID 1
| #define HAVE_LINK 1
| #define HAVE_READLINK 1
| #define HAVE_SYMLINK 1
| #define HAVE_SYSCONF 1
| #define HAVE_UTIME 1
| #define HAVE_UTIMENSAT 1
| #define HAVE_CLOCK_GETTIME 1
| #define HAVE_TIMESPEC_GET 1
| #define HAVE_PUTENV 1
| #define HAVE_DECL_PUTENV 1
| #define HAVE_VASPRINTF 1
| #define HAVE_DECL_VASPRINTF 1
| #define HAVE_REALPATH 1
| #define HAVE_DECL_REALPATH 1
| #define HAVE_GLOB 1
| #define HAVE_DLADDR 1
| #define HAVE_DLSYM 1
| #define HAVE_DECL_DLADDR 1
| #define HAVE_DECL_DLSYM 1
| #define HAVE_DECL_RTLD_DEFAULT 1
| #define HAVE_DECL_RTLD_NEXT 1
| #define HAVE_STPCPY 1
| #define HAVE_OFF_T 1
| #define HAVE_ISNAN 1
| #define HAVE_DECL_ISFINITE 1
| #define HAVE_DECL_ISNAN 1
| #define IEEE_754 1
| #define HAVE_LANGINFO_CODESET 1
| #define HAVE_MKDTEMP 1
| #define HAVE_STRDUP 1
| #define HAVE_STRNCASECMP 1
| #define HAVE_DECL_MKDTEMP 1
| #define HAVE_DECL_STRDUP 1
| #define HAVE_DECL_STRNCASECMP 1
| #define HAVE_WORKING_CALLOC 1
| #define HAVE_WORKING_ISFINITE 1
| #define HAVE_WORKING_LOG1P 1
| #define HAVE_WORKING_FTELL 1
| #define HAVE_WORKING_SIGACTION 1
| #define HAVE_ENUM_BASE_TYPE 1
| #define MKTIME_SETS_ERRNO 1
| #define HAVE_WORKING_MKTIME_AFTER_2037 1
| #define HAVE_WORKING_MKTIME_BEFORE_1902 1
| #define HAVE_WORKING_MKTIME_BEFORE_1970 1
| #define USE_RI18N_FNS 1
| #define USE_RI18N_WIDTH 1
| #define USE_RI18N_CASE 1
| #define HAVE_CABS 1
| #define HAVE_CARG 1
| #define HAVE_CEXP 1
| #define HAVE_CLOG 1
| #define HAVE_CSQRT 1
| #define HAVE_CPOW 1
| #define HAVE_CCOS 1
| #define HAVE_CSIN 1
| #define HAVE_CTAN 1
| #define HAVE_CACOS 1
| #define HAVE_CASIN 1
| #define HAVE_CATAN 1
| #define HAVE_CCOSH 1
| #define HAVE_CSINH 1
| #define HAVE_CTANH 1
| #define HAVE_WORKING_CTANH 1
| #define HAVE_TM_ZONE 1
| #define HAVE_TM_GMTOFF 1
| #define HAVE_ICONV_H 1
| #define HAVE_ICONV 1
| #define HAVE_ICONV_CP1252 1
| #define HAVE_ICONVLIST 1
| #define HAVE_ICONV 1
| #define ICONV_CONST 
| #define HAVE_WCHAR_H 1
| #define HAVE_WCTYPE_H 1
| #define HAVE_MBRTOWC 1
| #define HAVE_WCRTOMB 1
| #define HAVE_WCSCOLL 1
| #define HAVE_WCSFTIME 1
| #define HAVE_WCSTOD 1
| #define HAVE_MBSTOWCS 1
| #define HAVE_WCSTOMBS 1
| #define HAVE_WCTRANS 1
| #define HAVE_WCTYPE 1
| #define HAVE_ISWCTYPE 1
| #define HAVE_WCWIDTH 1
| #define HAVE_WCSWIDTH 1
| #define HAVE_WCTRANS_T 1
| #define HAVE_MBSTATE_T 1
| #define X_DISPLAY_MISSING 1
| #define HAVE_COREFOUNDATION_FW 1
| #define HAVE_BZLIB_H 1
| #define HAVE_LZMA_H 1
| #define HAVE_LZMA 1
| #define HAVE_ZSTD_H 1
| #define HAVE_ZSTD 1
| #define HAVE_ZSTD_DECOMPRESSBOUND 1
| #define HAVE_LIBDEFLATE_H 1
| #define HAVE_LIBDEFLATE 1
| #define USE_LIBDEFLATE 1
| #define PCRE2_CODE_UNIT_WIDTH 8
| #define HAVE_PCRE2 1
| #define HAVE_CURL_CURL_H 1
| #define HAVE_LIBCURL 1
| #define HAVE_JPEG 1
| #define HAVE_PNG 1
| #define HAVE_TIFFIO_H 1
| #define HAVE_TIFF 1
| #define HAVE_POSIX_LEAPSECONDS 1
| /* end confdefs.h.  */
| #include <sys/types.h>
|      #include <sys/stat.h>
| 
| #ifdef FC_DUMMY_MAIN
| #ifndef FC_DUMMY_MAIN_EQ_F77
| #  ifdef __cplusplus
|      extern "C"
| #  endif
|    int FC_DUMMY_MAIN() { return 1; }
| #endif
| #endif
| int
| main (void)
| {
| static struct stat ac_aggr;
| if (ac_aggr.st_atim.tv_nsec)
| return 0;
|   ;
|   return 0;
| }
configure:54961: gcc -std=gnu23 -c  -g -O2 -fPIC -I/opt/homebrew/Cellar/pcre2/10.47_1/include -I/opt/homebrew/include  conftest.c >&5
conftest.c:290:20: error: no member named 'st_atim' in 'struct stat'
  290 | if (sizeof ac_aggr.st_atim.tv_nsec)
      |            ~~~~~~~ ^
1 error generated.
configure:54961: $? = 1
configure: failed program was:
| /* confdefs.h */
| #define PACKAGE_NAME "R"
| #define PACKAGE_TARNAME "R"
| #define PACKAGE_VERSION "4.6.0"
| #define PACKAGE_STRING "R 4.6.0"
| #define PACKAGE_BUGREPORT "https://bugs.r-project.org"
| #define PACKAGE_URL "https://www.r-project.org"
| #define PACKAGE "R"
| #define VERSION "4.6.0"
| #define R_PLATFORM "aarch64-apple-darwin25.6.0"
| #define R_CPU "aarch64"
| #define R_VENDOR "apple"
| #define R_OS "darwin25.6.0"
| #define Unix 1
| #define R_ARCH ""
| #define HAVE_STDIO_H 1
| #define HAVE_STDLIB_H 1
| #define HAVE_STRING_H 1
| #define HAVE_INTTYPES_H 1
| #define HAVE_STDINT_H 1
| #define HAVE_STRINGS_H 1
| #define HAVE_SYS_STAT_H 1
| #define HAVE_SYS_TYPES_H 1
| #define HAVE_UNISTD_H 1
| #define HAVE_WCHAR_H 1
| #define HAVE_SYS_TIME_H 1
| #define HAVE_SYS_PARAM_H 1
| #define STDC_HEADERS 1
| #define _ALL_SOURCE 1
| #define _DARWIN_C_SOURCE 1
| #define _GNU_SOURCE 1
| #define _HPUX_ALT_XOPEN_SOCKET_API 1
| #define _NETBSD_SOURCE 1
| #define _OPENBSD_SOURCE 1
| #define _POSIX_PTHREAD_SEMANTICS 1
| #define __STDC_WANT_IEC_60559_ATTRIBS_EXT__ 1
| #define __STDC_WANT_IEC_60559_BFP_EXT__ 1
| #define __STDC_WANT_IEC_60559_DFP_EXT__ 1
| #define __STDC_WANT_IEC_60559_EXT__ 1
| #define __STDC_WANT_IEC_60559_FUNCS_EXT__ 1
| #define __STDC_WANT_IEC_60559_TYPES_EXT__ 1
| #define __STDC_WANT_LIB_EXT2__ 1
| #define __STDC_WANT_MATH_SPEC_FUNCS__ 1
| #define _TANDEM_SOURCE 1
| #define __EXTENSIONS__ 1
| #define HAVE_VISIBILITY_ATTRIBUTE 1
| #define HAVE_DLFCN_H 1
| #define LT_OBJDIR ".libs/"
| #define HAVE_LIBM 1
| #define HAVE_LIBDL 1
| #define HAVE_DIRENT_H 1
| #define HAVE_SYS_WAIT_H 1
| #define HAVE_DLFCN_H 1
| #define HAVE_FCNTL_H 1
| #define HAVE_GLOB_H 1
| #define HAVE_GRP_H 1
| #define HAVE_PWD_H 1
| #define HAVE_SCHED_H 1
| #define HAVE_STRINGS_H 1
| #define HAVE_SYS_RESOURCE_H 1
| #define HAVE_SYS_SELECT_H 1
| #define HAVE_SYS_SOCKET_H 1
| #define HAVE_SYS_STAT_H 1
| #define HAVE_SYS_TIME_H 1
| #define HAVE_SYS_TIMES_H 1
| #define HAVE_SYS_UTSNAME_H 1
| #define HAVE_UNISTD_H 1
| #define HAVE_UTIME_H 1
| #define HAVE_ARPA_INET_H 1
| #define HAVE_LANGINFO_H 1
| #define HAVE_NETDB_H 1
| #define HAVE_NETINET_IN_H 1
| #define HAVE_SYS_PARAM_H 1
| #define HAVE_STDALIGN_H 1
| #define HAVE_ERRNO_H 1
| #define HAVE_INTTYPES_H 1
| #define HAVE_LIMITS_H 1
| #define HAVE_LOCALE_H 1
| #define HAVE_STDARG_H 1
| #define HAVE_STDBOOL_H 1
| #define HAVE_STDINT_H 1
| #define HAVE_STRING_H 1
| #define HAVE_DECL_SIGSETJMP 1
| #define HAVE_DECL_SIGLONGJMP 1
| #define HAVE_POSIX_SETJMP 1
| #define HAVE_INT64_T 1
| #define HAVE_INT_FAST64_T 1
| #define HAVE_DECL_SIZE_MAX 1
| #define R_SOCKLEN_T socklen_t
| #define HAVE_STACK_T 1
| #define HAVE_INTPTR_T 1
| #define HAVE_UINTPTR_T 1
| #define R_INLINE inline
| #define SIZEOF_INT 4
| #define INT_32_BITS 1
| #define SIZEOF_LONG 8
| #define SIZEOF_LONG_LONG 8
| #define SIZEOF_DOUBLE 8
| #define SIZEOF_SIZE_T 8
| #define C_STACK_DIRECTION 1
| #define HAVE_LONG_DOUBLE 1
| #define SIZEOF_LONG_DOUBLE 8
| #define FC_FUNC(name,NAME) name ## _
| #define FC_FUNC_(name,NAME) name ## _
| #define HAVE_F77_UNDERSCORE 1
| #define HAVE_FORTRAN_DOUBLE_COMPLEX 1
| #define HAVE_NO_SYMBOL_UNDERSCORE 1
| #define FC_LEN_T size_t
| #define SHLIB_EXT ".so"
| #define HAVE_PTHREAD 1
| #define HAVE_OFF_T 1
| #define HAVE_ALLOCA_H 1
| #define HAVE_ALLOCA 1
| #define HAVE_DECL_ALLOCA 1
| #define HAVE_EXPM1 1
| #define HAVE_HYPOT 1
| #define HAVE_LOG1P 1
| #define HAVE_LOG1PL 1
| #define HAVE_LOG2 1
| #define HAVE_LOG10 1
| #define HAVE_NEARBYINT 1
| #define HAVE_NEARBYINTL 1
| #define HAVE_POWL 1
| #define HAVE_RINTL 1
| #define HAVE_VA_COPY 1
| #define HAVE_ISBLANK 1
| #define HAVE___COSPI 1
| #define HAVE___SINPI 1
| #define HAVE___TANPI 1
| #define HAVE_FSEEKO 1
| #define HAVE_FTELLO 1
| #define HAVE_FCNTL 1
| #define HAVE_GETGRGID 1
| #define HAVE_GETPWNAM 1
| #define HAVE_GETPWUID 1
| #define HAVE_KILL 1
| #define HAVE_SIGACTION 1
| #define HAVE_SIGALTSTACK 1
| #define HAVE_SIGEMPTYSET 1
| #define HAVE_FDOPEN 1
| #define HAVE_POPEN 1
| #define HAVE_GETLINE 1
| #define HAVE_SELECT 1
| #define HAVE_SETENV 1
| #define HAVE_UNSETENV 1
| #define HAVE_GETRLIMIT 1
| #define HAVE_SETRLIMIT 1
| #define HAVE_GETRUSAGE 1
| #define HAVE_GETPRIORITY 1
| #define HAVE_CHMOD 1
| #define HAVE_MKFIFO 1
| #define HAVE_STAT 1
| #define HAVE_UMASK 1
| #define HAVE_GETTIMEOFDAY 1
| #define HAVE_UTIMES 1
| #define HAVE_TIMES 1
| #define HAVE_GMTIME_R 1
| #define HAVE_LOCALTIME_R 1
| #define HAVE_NL_LANGINFO 1
| #define HAVE_ACCESS 1
| #define HAVE_CHDIR 1
| #define HAVE_EXECV 1
| #define HAVE_FTRUNCATE 1
| #define HAVE_GETCWD 1
| #define HAVE_GETEUID 1
| #define HAVE_GETUID 1
| #define HAVE_LINK 1
| #define HAVE_READLINK 1
| #define HAVE_SYMLINK 1
| #define HAVE_SYSCONF 1
| #define HAVE_UTIME 1
| #define HAVE_UTIMENSAT 1
| #define HAVE_CLOCK_GETTIME 1
| #define HAVE_TIMESPEC_GET 1
| #define HAVE_PUTENV 1
| #define HAVE_DECL_PUTENV 1
| #define HAVE_VASPRINTF 1
| #define HAVE_DECL_VASPRINTF 1
| #define HAVE_REALPATH 1
| #define HAVE_DECL_REALPATH 1
| #define HAVE_GLOB 1
| #define HAVE_DLADDR 1
| #define HAVE_DLSYM 1
| #define HAVE_DECL_DLADDR 1
| #define HAVE_DECL_DLSYM 1
| #define HAVE_DECL_RTLD_DEFAULT 1
| #define HAVE_DECL_RTLD_NEXT 1
| #define HAVE_STPCPY 1
| #define HAVE_OFF_T 1
| #define HAVE_ISNAN 1
| #define HAVE_DECL_ISFINITE 1
| #define HAVE_DECL_ISNAN 1
| #define IEEE_754 1
| #define HAVE_LANGINFO_CODESET 1
| #define HAVE_MKDTEMP 1
| #define HAVE_STRDUP 1
| #define HAVE_STRNCASECMP 1
| #define HAVE_DECL_MKDTEMP 1
| #define HAVE_DECL_STRDUP 1
| #define HAVE_DECL_STRNCASECMP 1
| #define HAVE_WORKING_CALLOC 1
| #define HAVE_WORKING_ISFINITE 1
| #define HAVE_WORKING_LOG1P 1
| #define HAVE_WORKING_FTELL 1
| #define HAVE_WORKING_SIGACTION 1
| #define HAVE_ENUM_BASE_TYPE 1
| #define MKTIME_SETS_ERRNO 1
| #define HAVE_WORKING_MKTIME_AFTER_2037 1
| #define HAVE_WORKING_MKTIME_BEFORE_1902 1
| #define HAVE_WORKING_MKTIME_BEFORE_1970 1
| #define USE_RI18N_FNS 1
| #define USE_RI18N_WIDTH 1
| #define USE_RI18N_CASE 1
| #define HAVE_CABS 1
| #define HAVE_CARG 1
| #define HAVE_CEXP 1
| #define HAVE_CLOG 1
| #define HAVE_CSQRT 1
| #define HAVE_CPOW 1
| #define HAVE_CCOS 1
| #define HAVE_CSIN 1
| #define HAVE_CTAN 1
| #define HAVE_CACOS 1
| #define HAVE_CASIN 1
| #define HAVE_CATAN 1
| #define HAVE_CCOSH 1
| #define HAVE_CSINH 1
| #define HAVE_CTANH 1
| #define HAVE_WORKING_CTANH 1
| #define HAVE_TM_ZONE 1
| #define HAVE_TM_GMTOFF 1
| #define HAVE_ICONV_H 1
| #define HAVE_ICONV 1
| #define HAVE_ICONV_CP1252 1
| #define HAVE_ICONVLIST 1
| #define HAVE_ICONV 1
| #define ICONV_CONST 
| #define HAVE_WCHAR_H 1
| #define HAVE_WCTYPE_H 1
| #define HAVE_MBRTOWC 1
| #define HAVE_WCRTOMB 1
| #define HAVE_WCSCOLL 1
| #define HAVE_WCSFTIME 1
| #define HAVE_WCSTOD 1
| #define HAVE_MBSTOWCS 1
| #define HAVE_WCSTOMBS 1
| #define HAVE_WCTRANS 1
| #define HAVE_WCTYPE 1
| #define HAVE_ISWCTYPE 1
| #define HAVE_WCWIDTH 1
| #define HAVE_WCSWIDTH 1
| #define HAVE_WCTRANS_T 1
| #define HAVE_MBSTATE_T 1
| #define X_DISPLAY_MISSING 1
| #define HAVE_COREFOUNDATION_FW 1
| #define HAVE_BZLIB_H 1
| #define HAVE_LZMA_H 1
| #define HAVE_LZMA 1
| #define HAVE_ZSTD_H 1
| #define HAVE_ZSTD 1
| #define HAVE_ZSTD_DECOMPRESSBOUND 1
| #define HAVE_LIBDEFLATE_H 1
| #define HAVE_LIBDEFLATE 1
| #define USE_LIBDEFLATE 1
| #define PCRE2_CODE_UNIT_WIDTH 8
| #define HAVE_PCRE2 1
| #define HAVE_CURL_CURL_H 1
| #define HAVE_LIBCURL 1
| #define HAVE_JPEG 1
| #define HAVE_PNG 1
| #define HAVE_TIFFIO_H 1
| #define HAVE_TIFF 1
| #define HAVE_POSIX_LEAPSECONDS 1
| /* end confdefs.h.  */
| #include <sys/types.h>
|      #include <sys/stat.h>
| 
| #ifdef FC_DUMMY_MAIN
| #ifndef FC_DUMMY_MAIN_EQ_F77
| #  ifdef __cplusplus
|      extern "C"
| #  endif
|    int FC_DUMMY_MAIN() { return 1; }
| #endif
| #endif
| int
| main (void)
| {
| static struct stat ac_aggr;
| if (sizeof ac_aggr.st_atim.tv_nsec)
| return 0;
|   ;
|   return 0;
| }
configure:54961: result: no
configure:55023: checking for struct stat.st_atimespec.tv_nsec
configure:55023: gcc -std=gnu23 -c  -g -O2 -fPIC -I/opt/homebrew/Cellar/pcre2/10.47_1/include -I/opt/homebrew/include  conftest.c >&5
configure:55023: $? = 0
configure:55023: result: yes
configure:55070: checking for setitimer
configure:55070: gcc -std=gnu23 -o conftest  -g -O2 -fPIC -I/opt/homebrew/Cellar/pcre2/10.47_1/include -I/opt/homebrew/include  -L/opt/homebrew/lib conftest.c -L/opt/homebrew/Cellar/pcre2/10.47_1/lib -lpcre2-8 -ldeflate -lzstd -llzma -lbz2 -lz -ldl -lm  -liconv >&5
configure:55070: $? = 0
configure:55070: result: yes
configure:55101: checking for gcc -std=gnu23 option to enable large file support
configure:55144: gcc -std=gnu23 -c  -g -O2 -fPIC -I/opt/homebrew/Cellar/pcre2/10.47_1/include -I/opt/homebrew/include  conftest.c >&5
configure:55144: $? = 0
configure:55150: gcc -std=gnu23 -DFTYPE=ino_t -c  -g -O2 -fPIC -I/opt/homebrew/Cellar/pcre2/10.47_1/include -I/opt/homebrew/include  conftest.c >&5
configure:55150: $? = 0
configure:55175: result: none needed
configure:55285: checking for declarations of fseeko and ftello
configure:55326: gcc -std=gnu23 -c  -g -O2 -fPIC -I/opt/homebrew/Cellar/pcre2/10.47_1/include -I/opt/homebrew/include  conftest.c >&5
configure:55326: $? = 0
configure:55380: result: yes
configure:55436: checking whether KERN_USRSTACK sysctl is supported
configure:55466: gcc -std=gnu23 -o conftest  -g -O2 -fPIC -I/opt/homebrew/Cellar/pcre2/10.47_1/include -I/opt/homebrew/include  -L/opt/homebrew/lib conftest.c -L/opt/homebrew/Cellar/pcre2/10.47_1/lib -lpcre2-8 -ldeflate -lzstd -llzma -lbz2 -lz -ldl -lm  -liconv >&5
configure:55466: $? = 0
configure:55466: ./conftest
configure:55466: $? = 0
configure:55480: result: yes
configure:55551: checking for lpr
configure:55572: found /usr/bin/lpr
configure:55584: result: lpr
configure:55603: checking for paperconf
configure:55640: result: false
configure:55702: checking for Fortran flag to compile .f90 files
configure:55723: gfortran -c -g -O2  conftest.f90 >&5
configure:55723: $? = 0
configure:55734: result: none
configure:55759: checking for Fortran flag to compile .f95 files
configure:55780: gfortran -c -g -O2  conftest.f95 >&5
configure:55780: $? = 0
configure:55791: result: none
configure:55822: checking for gfortran option to support OpenMP
configure:55876: result: -fopenmp
configure:56079: checking whether NLS is requested
configure:56090: result: yes
configure:56099: checking for a race-free mkdir -p
configure:56142: result: /opt/homebrew/bin/gmkdir -p
configure:56146: checking whether we are using the GNU C Library 2 or newer
conftest.c:285:10: fatal error: 'features.h' file not found
  285 | #include <features.h>
      |          ^~~~~~~~~~~~
1 error generated.
configure:56177: result: no
configure:56232: checking for ranlib
configure:56265: result: ranlib
configure:56292: checking for simple visibility declarations
configure:56323: gcc -std=gnu23 -c  -g -O2 -fPIC -fvisibility=hidden -I/opt/homebrew/Cellar/pcre2/10.47_1/include -I/opt/homebrew/include  conftest.c >&5
configure:56323: $? = 0
configure:56335: result: yes
configure:56349: checking for stdint.h
configure:56375: gcc -std=gnu23 -c  -g -O2 -fPIC -I/opt/homebrew/Cellar/pcre2/10.47_1/include -I/opt/homebrew/include  conftest.c >&5
configure:56375: $? = 0
configure:56385: result: yes
configure:56398: checking for getpagesize
configure:56398: gcc -std=gnu23 -o conftest  -g -O2 -fPIC -I/opt/homebrew/Cellar/pcre2/10.47_1/include -I/opt/homebrew/include  -L/opt/homebrew/lib conftest.c -L/opt/homebrew/Cellar/pcre2/10.47_1/lib -lpcre2-8 -ldeflate -lzstd -llzma -lbz2 -lz -ldl -lm -liconv >&5
configure:56398: $? = 0
configure:56398: result: yes
configure:56409: checking for working mmap
configure:56559: gcc -std=gnu23 -o conftest  -g -O2 -fPIC -I/opt/homebrew/Cellar/pcre2/10.47_1/include -I/opt/homebrew/include  -L/opt/homebrew/lib conftest.c -L/opt/homebrew/Cellar/pcre2/10.47_1/lib -lpcre2-8 -ldeflate -lzstd -llzma -lbz2 -lz -ldl -lm -liconv >&5
configure:56559: $? = 0
configure:56559: ./conftest
configure:56559: $? = 0
configure:56573: result: yes
configure:56584: checking whether integer division by zero raises SIGFPE
configure:56645: gcc -std=gnu23 -o conftest  -g -O2 -fPIC -I/opt/homebrew/Cellar/pcre2/10.47_1/include -I/opt/homebrew/include  -L/opt/homebrew/lib conftest.c -L/opt/homebrew/Cellar/pcre2/10.47_1/lib -lpcre2-8 -ldeflate -lzstd -llzma -lbz2 -lz -ldl -lm -liconv >&5
conftest.c:299:1: error: expected identifier or '('
  299 | {
      | ^
1 error generated.
configure:56645: $? = 1
configure: program exited with status 1
configure: failed program was:
| /* confdefs.h */
| #define PACKAGE_NAME "R"
| #define PACKAGE_TARNAME "R"
| #define PACKAGE_VERSION "4.6.0"
| #define PACKAGE_STRING "R 4.6.0"
| #define PACKAGE_BUGREPORT "https://bugs.r-project.org"
| #define PACKAGE_URL "https://www.r-project.org"
| #define PACKAGE "R"
| #define VERSION "4.6.0"
| #define R_PLATFORM "aarch64-apple-darwin25.6.0"
| #define R_CPU "aarch64"
| #define R_VENDOR "apple"
| #define R_OS "darwin25.6.0"
| #define Unix 1
| #define R_ARCH ""
| #define HAVE_STDIO_H 1
| #define HAVE_STDLIB_H 1
| #define HAVE_STRING_H 1
| #define HAVE_INTTYPES_H 1
| #define HAVE_STDINT_H 1
| #define HAVE_STRINGS_H 1
| #define HAVE_SYS_STAT_H 1
| #define HAVE_SYS_TYPES_H 1
| #define HAVE_UNISTD_H 1
| #define HAVE_WCHAR_H 1
| #define HAVE_SYS_TIME_H 1
| #define HAVE_SYS_PARAM_H 1
| #define STDC_HEADERS 1
| #define _ALL_SOURCE 1
| #define _DARWIN_C_SOURCE 1
| #define _GNU_SOURCE 1
| #define _HPUX_ALT_XOPEN_SOCKET_API 1
| #define _NETBSD_SOURCE 1
| #define _OPENBSD_SOURCE 1
| #define _POSIX_PTHREAD_SEMANTICS 1
| #define __STDC_WANT_IEC_60559_ATTRIBS_EXT__ 1
| #define __STDC_WANT_IEC_60559_BFP_EXT__ 1
| #define __STDC_WANT_IEC_60559_DFP_EXT__ 1
| #define __STDC_WANT_IEC_60559_EXT__ 1
| #define __STDC_WANT_IEC_60559_FUNCS_EXT__ 1
| #define __STDC_WANT_IEC_60559_TYPES_EXT__ 1
| #define __STDC_WANT_LIB_EXT2__ 1
| #define __STDC_WANT_MATH_SPEC_FUNCS__ 1
| #define _TANDEM_SOURCE 1
| #define __EXTENSIONS__ 1
| #define HAVE_VISIBILITY_ATTRIBUTE 1
| #define HAVE_DLFCN_H 1
| #define LT_OBJDIR ".libs/"
| #define HAVE_LIBM 1
| #define HAVE_LIBDL 1
| #define HAVE_DIRENT_H 1
| #define HAVE_SYS_WAIT_H 1
| #define HAVE_DLFCN_H 1
| #define HAVE_FCNTL_H 1
| #define HAVE_GLOB_H 1
| #define HAVE_GRP_H 1
| #define HAVE_PWD_H 1
| #define HAVE_SCHED_H 1
| #define HAVE_STRINGS_H 1
| #define HAVE_SYS_RESOURCE_H 1
| #define HAVE_SYS_SELECT_H 1
| #define HAVE_SYS_SOCKET_H 1
| #define HAVE_SYS_STAT_H 1
| #define HAVE_SYS_TIME_H 1
| #define HAVE_SYS_TIMES_H 1
| #define HAVE_SYS_UTSNAME_H 1
| #define HAVE_UNISTD_H 1
| #define HAVE_UTIME_H 1
| #define HAVE_ARPA_INET_H 1
| #define HAVE_LANGINFO_H 1
| #define HAVE_NETDB_H 1
| #define HAVE_NETINET_IN_H 1
| #define HAVE_SYS_PARAM_H 1
| #define HAVE_STDALIGN_H 1
| #define HAVE_ERRNO_H 1
| #define HAVE_INTTYPES_H 1
| #define HAVE_LIMITS_H 1
| #define HAVE_LOCALE_H 1
| #define HAVE_STDARG_H 1
| #define HAVE_STDBOOL_H 1
| #define HAVE_STDINT_H 1
| #define HAVE_STRING_H 1
| #define HAVE_DECL_SIGSETJMP 1
| #define HAVE_DECL_SIGLONGJMP 1
| #define HAVE_POSIX_SETJMP 1
| #define HAVE_INT64_T 1
| #define HAVE_INT_FAST64_T 1
| #define HAVE_DECL_SIZE_MAX 1
| #define R_SOCKLEN_T socklen_t
| #define HAVE_STACK_T 1
| #define HAVE_INTPTR_T 1
| #define HAVE_UINTPTR_T 1
| #define R_INLINE inline
| #define SIZEOF_INT 4
| #define INT_32_BITS 1
| #define SIZEOF_LONG 8
| #define SIZEOF_LONG_LONG 8
| #define SIZEOF_DOUBLE 8
| #define SIZEOF_SIZE_T 8
| #define C_STACK_DIRECTION 1
| #define HAVE_LONG_DOUBLE 1
| #define SIZEOF_LONG_DOUBLE 8
| #define FC_FUNC(name,NAME) name ## _
| #define FC_FUNC_(name,NAME) name ## _
| #define HAVE_F77_UNDERSCORE 1
| #define HAVE_FORTRAN_DOUBLE_COMPLEX 1
| #define HAVE_NO_SYMBOL_UNDERSCORE 1
| #define FC_LEN_T size_t
| #define SHLIB_EXT ".so"
| #define HAVE_PTHREAD 1
| #define HAVE_OFF_T 1
| #define HAVE_ALLOCA_H 1
| #define HAVE_ALLOCA 1
| #define HAVE_DECL_ALLOCA 1
| #define HAVE_EXPM1 1
| #define HAVE_HYPOT 1
| #define HAVE_LOG1P 1
| #define HAVE_LOG1PL 1
| #define HAVE_LOG2 1
| #define HAVE_LOG10 1
| #define HAVE_NEARBYINT 1
| #define HAVE_NEARBYINTL 1
| #define HAVE_POWL 1
| #define HAVE_RINTL 1
| #define HAVE_VA_COPY 1
| #define HAVE_ISBLANK 1
| #define HAVE___COSPI 1
| #define HAVE___SINPI 1
| #define HAVE___TANPI 1
| #define HAVE_FSEEKO 1
| #define HAVE_FTELLO 1
| #define HAVE_FCNTL 1
| #define HAVE_GETGRGID 1
| #define HAVE_GETPWNAM 1
| #define HAVE_GETPWUID 1
| #define HAVE_KILL 1
| #define HAVE_SIGACTION 1
| #define HAVE_SIGALTSTACK 1
| #define HAVE_SIGEMPTYSET 1
| #define HAVE_FDOPEN 1
| #define HAVE_POPEN 1
| #define HAVE_GETLINE 1
| #define HAVE_SELECT 1
| #define HAVE_SETENV 1
| #define HAVE_UNSETENV 1
| #define HAVE_GETRLIMIT 1
| #define HAVE_SETRLIMIT 1
| #define HAVE_GETRUSAGE 1
| #define HAVE_GETPRIORITY 1
| #define HAVE_CHMOD 1
| #define HAVE_MKFIFO 1
| #define HAVE_STAT 1
| #define HAVE_UMASK 1
| #define HAVE_GETTIMEOFDAY 1
| #define HAVE_UTIMES 1
| #define HAVE_TIMES 1
| #define HAVE_GMTIME_R 1
| #define HAVE_LOCALTIME_R 1
| #define HAVE_NL_LANGINFO 1
| #define HAVE_ACCESS 1
| #define HAVE_CHDIR 1
| #define HAVE_EXECV 1
| #define HAVE_FTRUNCATE 1
| #define HAVE_GETCWD 1
| #define HAVE_GETEUID 1
| #define HAVE_GETUID 1
| #define HAVE_LINK 1
| #define HAVE_READLINK 1
| #define HAVE_SYMLINK 1
| #define HAVE_SYSCONF 1
| #define HAVE_UTIME 1
| #define HAVE_UTIMENSAT 1
| #define HAVE_CLOCK_GETTIME 1
| #define HAVE_TIMESPEC_GET 1
| #define HAVE_PUTENV 1
| #define HAVE_DECL_PUTENV 1
| #define HAVE_VASPRINTF 1
| #define HAVE_DECL_VASPRINTF 1
| #define HAVE_REALPATH 1
| #define HAVE_DECL_REALPATH 1
| #define HAVE_GLOB 1
| #define HAVE_DLADDR 1
| #define HAVE_DLSYM 1
| #define HAVE_DECL_DLADDR 1
| #define HAVE_DECL_DLSYM 1
| #define HAVE_DECL_RTLD_DEFAULT 1
| #define HAVE_DECL_RTLD_NEXT 1
| #define HAVE_STPCPY 1
| #define HAVE_OFF_T 1
| #define HAVE_ISNAN 1
| #define HAVE_DECL_ISFINITE 1
| #define HAVE_DECL_ISNAN 1
| #define IEEE_754 1
| #define HAVE_LANGINFO_CODESET 1
| #define HAVE_MKDTEMP 1
| #define HAVE_STRDUP 1
| #define HAVE_STRNCASECMP 1
| #define HAVE_DECL_MKDTEMP 1
| #define HAVE_DECL_STRDUP 1
| #define HAVE_DECL_STRNCASECMP 1
| #define HAVE_WORKING_CALLOC 1
| #define HAVE_WORKING_ISFINITE 1
| #define HAVE_WORKING_LOG1P 1
| #define HAVE_WORKING_FTELL 1
| #define HAVE_WORKING_SIGACTION 1
| #define HAVE_ENUM_BASE_TYPE 1
| #define MKTIME_SETS_ERRNO 1
| #define HAVE_WORKING_MKTIME_AFTER_2037 1
| #define HAVE_WORKING_MKTIME_BEFORE_1902 1
| #define HAVE_WORKING_MKTIME_BEFORE_1970 1
| #define USE_RI18N_FNS 1
| #define USE_RI18N_WIDTH 1
| #define USE_RI18N_CASE 1
| #define HAVE_CABS 1
| #define HAVE_CARG 1
| #define HAVE_CEXP 1
| #define HAVE_CLOG 1
| #define HAVE_CSQRT 1
| #define HAVE_CPOW 1
| #define HAVE_CCOS 1
| #define HAVE_CSIN 1
| #define HAVE_CTAN 1
| #define HAVE_CACOS 1
| #define HAVE_CASIN 1
| #define HAVE_CATAN 1
| #define HAVE_CCOSH 1
| #define HAVE_CSINH 1
| #define HAVE_CTANH 1
| #define HAVE_WORKING_CTANH 1
| #define HAVE_TM_ZONE 1
| #define HAVE_TM_GMTOFF 1
| #define HAVE_ICONV_H 1
| #define HAVE_ICONV 1
| #define HAVE_ICONV_CP1252 1
| #define HAVE_ICONVLIST 1
| #define HAVE_ICONV 1
| #define ICONV_CONST 
| #define HAVE_WCHAR_H 1
| #define HAVE_WCTYPE_H 1
| #define HAVE_MBRTOWC 1
| #define HAVE_WCRTOMB 1
| #define HAVE_WCSCOLL 1
| #define HAVE_WCSFTIME 1
| #define HAVE_WCSTOD 1
| #define HAVE_MBSTOWCS 1
| #define HAVE_WCSTOMBS 1
| #define HAVE_WCTRANS 1
| #define HAVE_WCTYPE 1
| #define HAVE_ISWCTYPE 1
| #define HAVE_WCWIDTH 1
| #define HAVE_WCSWIDTH 1
| #define HAVE_WCTRANS_T 1
| #define HAVE_MBSTATE_T 1
| #define X_DISPLAY_MISSING 1
| #define HAVE_COREFOUNDATION_FW 1
| #define HAVE_BZLIB_H 1
| #define HAVE_LZMA_H 1
| #define HAVE_LZMA 1
| #define HAVE_ZSTD_H 1
| #define HAVE_ZSTD 1
| #define HAVE_ZSTD_DECOMPRESSBOUND 1
| #define HAVE_LIBDEFLATE_H 1
| #define HAVE_LIBDEFLATE 1
| #define USE_LIBDEFLATE 1
| #define PCRE2_CODE_UNIT_WIDTH 8
| #define HAVE_PCRE2 1
| #define HAVE_CURL_CURL_H 1
| #define HAVE_LIBCURL 1
| #define HAVE_JPEG 1
| #define HAVE_PNG 1
| #define HAVE_TIFFIO_H 1
| #define HAVE_TIFF 1
| #define HAVE_POSIX_LEAPSECONDS 1
| #define HAVE_STRUCT_STAT_ST_ATIMESPEC_TV_NSEC 1
| #define HAVE_SETITIMER 1
| #define R_PROFILING 1
| #define HAVE_FSEEKO 1
| #define NVALGRIND 1
| #define VALGRIND_LEVEL 0
| #define USE_INTERNAL_MKTIME 1
| #define HAVE_KERN_USRSTACK 1
| #define R_PRINTCMD "lpr"
| #define HAVE_VISIBILITY 1
| #define HAVE_STDINT_H_WITH_UINTMAX 1
| #define HAVE_GETPAGESIZE 1
| #define HAVE_MMAP 1
| /* end confdefs.h.  */
| 
| #include <stdlib.h>
| #include <signal.h>
| 
| static void
| #ifdef __cplusplus
| sigfpe_handler (int sig)
| #else
| // changed to use a prototype
| sigfpe_handler (int sig);
| #endif
| {
|   /* Exit with code 0 if SIGFPE, with code 1 if any other signal.  */
|   exit (sig != SIGFPE);
| }
| 
| int x = 1;
| int y = 0;
| int z;
| // clang 15 objects here
| int my_nan;
| 
| int main ()
| {
|   signal (SIGFPE, sigfpe_handler);
| /* IRIX and AIX (when "xlc -qcheck" is used) yield signal SIGTRAP.  */
| #if (defined (__sgi) || defined (_AIX)) && defined (SIGTRAP)
|   signal (SIGTRAP, sigfpe_handler);
| #endif
| /* Linux/SPARC yields signal SIGILL.  */
| #if defined (__sparc__) && defined (__linux__)
|   signal (SIGILL, sigfpe_handler);
| #endif
| 
|   z = x / y;
|   my_nan = y / y;
|   exit (1);
| }
| 
configure:56660: result: no
configure:56671: checking for inttypes.h
configure:56697: gcc -std=gnu23 -c  -g -O2 -fPIC -I/opt/homebrew/Cellar/pcre2/10.47_1/include -I/opt/homebrew/include  conftest.c >&5
configure:56697: $? = 0
configure:56707: result: yes
configure:56716: checking for unsigned long long int
configure:56746: gcc -std=gnu23 -o conftest  -g -O2 -fPIC -I/opt/homebrew/Cellar/pcre2/10.47_1/include -I/opt/homebrew/include  -L/opt/homebrew/lib conftest.c -L/opt/homebrew/Cellar/pcre2/10.47_1/lib -lpcre2-8 -ldeflate -lzstd -llzma -lbz2 -lz -ldl -lm -liconv >&5
configure:56746: $? = 0
configure:56757: result: yes
configure:56792: checking for inttypes.h
configure:56792: result: yes
configure:56800: checking whether the inttypes.h PRIxNN macros are broken
configure:56830: gcc -std=gnu23 -c  -g -O2 -fPIC -I/opt/homebrew/Cellar/pcre2/10.47_1/include -I/opt/homebrew/include  conftest.c >&5
configure:56830: $? = 0
configure:56841: result: no
configure:56935: checking for ld used by gcc -std=gnu23
configure:57004: result: /Library/Developer/CommandLineTools/usr/bin/ld
configure:57011: checking if the linker (/Library/Developer/CommandLineTools/usr/bin/ld) is GNU ld
configure:57028: result: no
configure:57036: checking for shared library run path origin
configure:57051: result: done
configure:57147: checking whether imported symbols can be declared weak
configure:57170: gcc -std=gnu23 -o conftest  -g -O2 -fPIC -I/opt/homebrew/Cellar/pcre2/10.47_1/include -I/opt/homebrew/include  -L/opt/homebrew/lib conftest.c -L/opt/homebrew/Cellar/pcre2/10.47_1/lib -lpcre2-8 -ldeflate -lzstd -llzma -lbz2 -lz -ldl -lm -liconv >&5
Undefined symbols for architecture arm64:
  "_xyzzy", referenced from:
      _main in conftest-e8728b.o
ld: symbol(s) not found for architecture arm64
clang: error: linker command failed with exit code 1 (use -v to see invocation)
configure:57170: $? = 1
configure: failed program was:
| /* confdefs.h */
| #define PACKAGE_NAME "R"
| #define PACKAGE_TARNAME "R"
| #define PACKAGE_VERSION "4.6.0"
| #define PACKAGE_STRING "R 4.6.0"
| #define PACKAGE_BUGREPORT "https://bugs.r-project.org"
| #define PACKAGE_URL "https://www.r-project.org"
| #define PACKAGE "R"
| #define VERSION "4.6.0"
| #define R_PLATFORM "aarch64-apple-darwin25.6.0"
| #define R_CPU "aarch64"
| #define R_VENDOR "apple"
| #define R_OS "darwin25.6.0"
| #define Unix 1
| #define R_ARCH ""
| #define HAVE_STDIO_H 1
| #define HAVE_STDLIB_H 1
| #define HAVE_STRING_H 1
| #define HAVE_INTTYPES_H 1
| #define HAVE_STDINT_H 1
| #define HAVE_STRINGS_H 1
| #define HAVE_SYS_STAT_H 1
| #define HAVE_SYS_TYPES_H 1
| #define HAVE_UNISTD_H 1
| #define HAVE_WCHAR_H 1
| #define HAVE_SYS_TIME_H 1
| #define HAVE_SYS_PARAM_H 1
| #define STDC_HEADERS 1
| #define _ALL_SOURCE 1
| #define _DARWIN_C_SOURCE 1
| #define _GNU_SOURCE 1
| #define _HPUX_ALT_XOPEN_SOCKET_API 1
| #define _NETBSD_SOURCE 1
| #define _OPENBSD_SOURCE 1
| #define _POSIX_PTHREAD_SEMANTICS 1
| #define __STDC_WANT_IEC_60559_ATTRIBS_EXT__ 1
| #define __STDC_WANT_IEC_60559_BFP_EXT__ 1
| #define __STDC_WANT_IEC_60559_DFP_EXT__ 1
| #define __STDC_WANT_IEC_60559_EXT__ 1
| #define __STDC_WANT_IEC_60559_FUNCS_EXT__ 1
| #define __STDC_WANT_IEC_60559_TYPES_EXT__ 1
| #define __STDC_WANT_LIB_EXT2__ 1
| #define __STDC_WANT_MATH_SPEC_FUNCS__ 1
| #define _TANDEM_SOURCE 1
| #define __EXTENSIONS__ 1
| #define HAVE_VISIBILITY_ATTRIBUTE 1
| #define HAVE_DLFCN_H 1
| #define LT_OBJDIR ".libs/"
| #define HAVE_LIBM 1
| #define HAVE_LIBDL 1
| #define HAVE_DIRENT_H 1
| #define HAVE_SYS_WAIT_H 1
| #define HAVE_DLFCN_H 1
| #define HAVE_FCNTL_H 1
| #define HAVE_GLOB_H 1
| #define HAVE_GRP_H 1
| #define HAVE_PWD_H 1
| #define HAVE_SCHED_H 1
| #define HAVE_STRINGS_H 1
| #define HAVE_SYS_RESOURCE_H 1
| #define HAVE_SYS_SELECT_H 1
| #define HAVE_SYS_SOCKET_H 1
| #define HAVE_SYS_STAT_H 1
| #define HAVE_SYS_TIME_H 1
| #define HAVE_SYS_TIMES_H 1
| #define HAVE_SYS_UTSNAME_H 1
| #define HAVE_UNISTD_H 1
| #define HAVE_UTIME_H 1
| #define HAVE_ARPA_INET_H 1
| #define HAVE_LANGINFO_H 1
| #define HAVE_NETDB_H 1
| #define HAVE_NETINET_IN_H 1
| #define HAVE_SYS_PARAM_H 1
| #define HAVE_STDALIGN_H 1
| #define HAVE_ERRNO_H 1
| #define HAVE_INTTYPES_H 1
| #define HAVE_LIMITS_H 1
| #define HAVE_LOCALE_H 1
| #define HAVE_STDARG_H 1
| #define HAVE_STDBOOL_H 1
| #define HAVE_STDINT_H 1
| #define HAVE_STRING_H 1
| #define HAVE_DECL_SIGSETJMP 1
| #define HAVE_DECL_SIGLONGJMP 1
| #define HAVE_POSIX_SETJMP 1
| #define HAVE_INT64_T 1
| #define HAVE_INT_FAST64_T 1
| #define HAVE_DECL_SIZE_MAX 1
| #define R_SOCKLEN_T socklen_t
| #define HAVE_STACK_T 1
| #define HAVE_INTPTR_T 1
| #define HAVE_UINTPTR_T 1
| #define R_INLINE inline
| #define SIZEOF_INT 4
| #define INT_32_BITS 1
| #define SIZEOF_LONG 8
| #define SIZEOF_LONG_LONG 8
| #define SIZEOF_DOUBLE 8
| #define SIZEOF_SIZE_T 8
| #define C_STACK_DIRECTION 1
| #define HAVE_LONG_DOUBLE 1
| #define SIZEOF_LONG_DOUBLE 8
| #define FC_FUNC(name,NAME) name ## _
| #define FC_FUNC_(name,NAME) name ## _
| #define HAVE_F77_UNDERSCORE 1
| #define HAVE_FORTRAN_DOUBLE_COMPLEX 1
| #define HAVE_NO_SYMBOL_UNDERSCORE 1
| #define FC_LEN_T size_t
| #define SHLIB_EXT ".so"
| #define HAVE_PTHREAD 1
| #define HAVE_OFF_T 1
| #define HAVE_ALLOCA_H 1
| #define HAVE_ALLOCA 1
| #define HAVE_DECL_ALLOCA 1
| #define HAVE_EXPM1 1
| #define HAVE_HYPOT 1
| #define HAVE_LOG1P 1
| #define HAVE_LOG1PL 1
| #define HAVE_LOG2 1
| #define HAVE_LOG10 1
| #define HAVE_NEARBYINT 1
| #define HAVE_NEARBYINTL 1
| #define HAVE_POWL 1
| #define HAVE_RINTL 1
| #define HAVE_VA_COPY 1
| #define HAVE_ISBLANK 1
| #define HAVE___COSPI 1
| #define HAVE___SINPI 1
| #define HAVE___TANPI 1
| #define HAVE_FSEEKO 1
| #define HAVE_FTELLO 1
| #define HAVE_FCNTL 1
| #define HAVE_GETGRGID 1
| #define HAVE_GETPWNAM 1
| #define HAVE_GETPWUID 1
| #define HAVE_KILL 1
| #define HAVE_SIGACTION 1
| #define HAVE_SIGALTSTACK 1
| #define HAVE_SIGEMPTYSET 1
| #define HAVE_FDOPEN 1
| #define HAVE_POPEN 1
| #define HAVE_GETLINE 1
| #define HAVE_SELECT 1
| #define HAVE_SETENV 1
| #define HAVE_UNSETENV 1
| #define HAVE_GETRLIMIT 1
| #define HAVE_SETRLIMIT 1
| #define HAVE_GETRUSAGE 1
| #define HAVE_GETPRIORITY 1
| #define HAVE_CHMOD 1
| #define HAVE_MKFIFO 1
| #define HAVE_STAT 1
| #define HAVE_UMASK 1
| #define HAVE_GETTIMEOFDAY 1
| #define HAVE_UTIMES 1
| #define HAVE_TIMES 1
| #define HAVE_GMTIME_R 1
| #define HAVE_LOCALTIME_R 1
| #define HAVE_NL_LANGINFO 1
| #define HAVE_ACCESS 1
| #define HAVE_CHDIR 1
| #define HAVE_EXECV 1
| #define HAVE_FTRUNCATE 1
| #define HAVE_GETCWD 1
| #define HAVE_GETEUID 1
| #define HAVE_GETUID 1
| #define HAVE_LINK 1
| #define HAVE_READLINK 1
| #define HAVE_SYMLINK 1
| #define HAVE_SYSCONF 1
| #define HAVE_UTIME 1
| #define HAVE_UTIMENSAT 1
| #define HAVE_CLOCK_GETTIME 1
| #define HAVE_TIMESPEC_GET 1
| #define HAVE_PUTENV 1
| #define HAVE_DECL_PUTENV 1
| #define HAVE_VASPRINTF 1
| #define HAVE_DECL_VASPRINTF 1
| #define HAVE_REALPATH 1
| #define HAVE_DECL_REALPATH 1
| #define HAVE_GLOB 1
| #define HAVE_DLADDR 1
| #define HAVE_DLSYM 1
| #define HAVE_DECL_DLADDR 1
| #define HAVE_DECL_DLSYM 1
| #define HAVE_DECL_RTLD_DEFAULT 1
| #define HAVE_DECL_RTLD_NEXT 1
| #define HAVE_STPCPY 1
| #define HAVE_OFF_T 1
| #define HAVE_ISNAN 1
| #define HAVE_DECL_ISFINITE 1
| #define HAVE_DECL_ISNAN 1
| #define IEEE_754 1
| #define HAVE_LANGINFO_CODESET 1
| #define HAVE_MKDTEMP 1
| #define HAVE_STRDUP 1
| #define HAVE_STRNCASECMP 1
| #define HAVE_DECL_MKDTEMP 1
| #define HAVE_DECL_STRDUP 1
| #define HAVE_DECL_STRNCASECMP 1
| #define HAVE_WORKING_CALLOC 1
| #define HAVE_WORKING_ISFINITE 1
| #define HAVE_WORKING_LOG1P 1
| #define HAVE_WORKING_FTELL 1
| #define HAVE_WORKING_SIGACTION 1
| #define HAVE_ENUM_BASE_TYPE 1
| #define MKTIME_SETS_ERRNO 1
| #define HAVE_WORKING_MKTIME_AFTER_2037 1
| #define HAVE_WORKING_MKTIME_BEFORE_1902 1
| #define HAVE_WORKING_MKTIME_BEFORE_1970 1
| #define USE_RI18N_FNS 1
| #define USE_RI18N_WIDTH 1
| #define USE_RI18N_CASE 1
| #define HAVE_CABS 1
| #define HAVE_CARG 1
| #define HAVE_CEXP 1
| #define HAVE_CLOG 1
| #define HAVE_CSQRT 1
| #define HAVE_CPOW 1
| #define HAVE_CCOS 1
| #define HAVE_CSIN 1
| #define HAVE_CTAN 1
| #define HAVE_CACOS 1
| #define HAVE_CASIN 1
| #define HAVE_CATAN 1
| #define HAVE_CCOSH 1
| #define HAVE_CSINH 1
| #define HAVE_CTANH 1
| #define HAVE_WORKING_CTANH 1
| #define HAVE_TM_ZONE 1
| #define HAVE_TM_GMTOFF 1
| #define HAVE_ICONV_H 1
| #define HAVE_ICONV 1
| #define HAVE_ICONV_CP1252 1
| #define HAVE_ICONVLIST 1
| #define HAVE_ICONV 1
| #define ICONV_CONST 
| #define HAVE_WCHAR_H 1
| #define HAVE_WCTYPE_H 1
| #define HAVE_MBRTOWC 1
| #define HAVE_WCRTOMB 1
| #define HAVE_WCSCOLL 1
| #define HAVE_WCSFTIME 1
| #define HAVE_WCSTOD 1
| #define HAVE_MBSTOWCS 1
| #define HAVE_WCSTOMBS 1
| #define HAVE_WCTRANS 1
| #define HAVE_WCTYPE 1
| #define HAVE_ISWCTYPE 1
| #define HAVE_WCWIDTH 1
| #define HAVE_WCSWIDTH 1
| #define HAVE_WCTRANS_T 1
| #define HAVE_MBSTATE_T 1
| #define X_DISPLAY_MISSING 1
| #define HAVE_COREFOUNDATION_FW 1
| #define HAVE_BZLIB_H 1
| #define HAVE_LZMA_H 1
| #define HAVE_LZMA 1
| #define HAVE_ZSTD_H 1
| #define HAVE_ZSTD 1
| #define HAVE_ZSTD_DECOMPRESSBOUND 1
| #define HAVE_LIBDEFLATE_H 1
| #define HAVE_LIBDEFLATE 1
| #define USE_LIBDEFLATE 1
| #define PCRE2_CODE_UNIT_WIDTH 8
| #define HAVE_PCRE2 1
| #define HAVE_CURL_CURL_H 1
| #define HAVE_LIBCURL 1
| #define HAVE_JPEG 1
| #define HAVE_PNG 1
| #define HAVE_TIFFIO_H 1
| #define HAVE_TIFF 1
| #define HAVE_POSIX_LEAPSECONDS 1
| #define HAVE_STRUCT_STAT_ST_ATIMESPEC_TV_NSEC 1
| #define HAVE_SETITIMER 1
| #define R_PROFILING 1
| #define HAVE_FSEEKO 1
| #define NVALGRIND 1
| #define VALGRIND_LEVEL 0
| #define USE_INTERNAL_MKTIME 1
| #define HAVE_KERN_USRSTACK 1
| #define R_PRINTCMD "lpr"
| #define HAVE_VISIBILITY 1
| #define HAVE_STDINT_H_WITH_UINTMAX 1
| #define HAVE_GETPAGESIZE 1
| #define HAVE_MMAP 1
| #define INTDIV0_RAISES_SIGFPE 0
| #define HAVE_INTTYPES_H_WITH_UINTMAX 1
| #define HAVE_UNSIGNED_LONG_LONG_INT 1
| #define HAVE_UNSIGNED_LONG_LONG 1
| #define HAVE_UINTMAX_T 1
| #define HAVE_INTTYPES_H 1
| /* end confdefs.h.  */
| extern void xyzzy ();
| #pragma weak xyzzy
| #ifdef FC_DUMMY_MAIN
| #ifndef FC_DUMMY_MAIN_EQ_F77
| #  ifdef __cplusplus
|      extern "C"
| #  endif
|    int FC_DUMMY_MAIN() { return 1; }
| #endif
| #endif
| int
| main (void)
| {
| xyzzy();
|   ;
|   return 0;
| }
configure:57176: result: no
configure:58114: checking for multithread API to use
configure:58116: result: none
configure:58152: gcc -std=gnu23 -o conftest  -g -O2 -fPIC -I/opt/homebrew/Cellar/pcre2/10.47_1/include -I/opt/homebrew/include  -L/opt/homebrew/lib conftest.c -L/opt/homebrew/Cellar/pcre2/10.47_1/lib -lpcre2-8 -ldeflate -lzstd -llzma -lbz2 -lz -ldl -lm -liconv >&5
configure:58152: $? = 0
configure:58161: checking for argz.h
configure:58161: gcc -std=gnu23 -c  -g -O2 -fPIC -I/opt/homebrew/Cellar/pcre2/10.47_1/include -I/opt/homebrew/include  conftest.c >&5
conftest.c:323:10: fatal error: 'argz.h' file not found
  323 | #include <argz.h>
      |          ^~~~~~~~
1 error generated.
configure:58161: $? = 1
configure: failed program was:
| /* confdefs.h */
| #define PACKAGE_NAME "R"
| #define PACKAGE_TARNAME "R"
| #define PACKAGE_VERSION "4.6.0"
| #define PACKAGE_STRING "R 4.6.0"
| #define PACKAGE_BUGREPORT "https://bugs.r-project.org"
| #define PACKAGE_URL "https://www.r-project.org"
| #define PACKAGE "R"
| #define VERSION "4.6.0"
| #define R_PLATFORM "aarch64-apple-darwin25.6.0"
| #define R_CPU "aarch64"
| #define R_VENDOR "apple"
| #define R_OS "darwin25.6.0"
| #define Unix 1
| #define R_ARCH ""
| #define HAVE_STDIO_H 1
| #define HAVE_STDLIB_H 1
| #define HAVE_STRING_H 1
| #define HAVE_INTTYPES_H 1
| #define HAVE_STDINT_H 1
| #define HAVE_STRINGS_H 1
| #define HAVE_SYS_STAT_H 1
| #define HAVE_SYS_TYPES_H 1
| #define HAVE_UNISTD_H 1
| #define HAVE_WCHAR_H 1
| #define HAVE_SYS_TIME_H 1
| #define HAVE_SYS_PARAM_H 1
| #define STDC_HEADERS 1
| #define _ALL_SOURCE 1
| #define _DARWIN_C_SOURCE 1
| #define _GNU_SOURCE 1
| #define _HPUX_ALT_XOPEN_SOCKET_API 1
| #define _NETBSD_SOURCE 1
| #define _OPENBSD_SOURCE 1
| #define _POSIX_PTHREAD_SEMANTICS 1
| #define __STDC_WANT_IEC_60559_ATTRIBS_EXT__ 1
| #define __STDC_WANT_IEC_60559_BFP_EXT__ 1
| #define __STDC_WANT_IEC_60559_DFP_EXT__ 1
| #define __STDC_WANT_IEC_60559_EXT__ 1
| #define __STDC_WANT_IEC_60559_FUNCS_EXT__ 1
| #define __STDC_WANT_IEC_60559_TYPES_EXT__ 1
| #define __STDC_WANT_LIB_EXT2__ 1
| #define __STDC_WANT_MATH_SPEC_FUNCS__ 1
| #define _TANDEM_SOURCE 1
| #define __EXTENSIONS__ 1
| #define HAVE_VISIBILITY_ATTRIBUTE 1
| #define HAVE_DLFCN_H 1
| #define LT_OBJDIR ".libs/"
| #define HAVE_LIBM 1
| #define HAVE_LIBDL 1
| #define HAVE_DIRENT_H 1
| #define HAVE_SYS_WAIT_H 1
| #define HAVE_DLFCN_H 1
| #define HAVE_FCNTL_H 1
| #define HAVE_GLOB_H 1
| #define HAVE_GRP_H 1
| #define HAVE_PWD_H 1
| #define HAVE_SCHED_H 1
| #define HAVE_STRINGS_H 1
| #define HAVE_SYS_RESOURCE_H 1
| #define HAVE_SYS_SELECT_H 1
| #define HAVE_SYS_SOCKET_H 1
| #define HAVE_SYS_STAT_H 1
| #define HAVE_SYS_TIME_H 1
| #define HAVE_SYS_TIMES_H 1
| #define HAVE_SYS_UTSNAME_H 1
| #define HAVE_UNISTD_H 1
| #define HAVE_UTIME_H 1
| #define HAVE_ARPA_INET_H 1
| #define HAVE_LANGINFO_H 1
| #define HAVE_NETDB_H 1
| #define HAVE_NETINET_IN_H 1
| #define HAVE_SYS_PARAM_H 1
| #define HAVE_STDALIGN_H 1
| #define HAVE_ERRNO_H 1
| #define HAVE_INTTYPES_H 1
| #define HAVE_LIMITS_H 1
| #define HAVE_LOCALE_H 1
| #define HAVE_STDARG_H 1
| #define HAVE_STDBOOL_H 1
| #define HAVE_STDINT_H 1
| #define HAVE_STRING_H 1
| #define HAVE_DECL_SIGSETJMP 1
| #define HAVE_DECL_SIGLONGJMP 1
| #define HAVE_POSIX_SETJMP 1
| #define HAVE_INT64_T 1
| #define HAVE_INT_FAST64_T 1
| #define HAVE_DECL_SIZE_MAX 1
| #define R_SOCKLEN_T socklen_t
| #define HAVE_STACK_T 1
| #define HAVE_INTPTR_T 1
| #define HAVE_UINTPTR_T 1
| #define R_INLINE inline
| #define SIZEOF_INT 4
| #define INT_32_BITS 1
| #define SIZEOF_LONG 8
| #define SIZEOF_LONG_LONG 8
| #define SIZEOF_DOUBLE 8
| #define SIZEOF_SIZE_T 8
| #define C_STACK_DIRECTION 1
| #define HAVE_LONG_DOUBLE 1
| #define SIZEOF_LONG_DOUBLE 8
| #define FC_FUNC(name,NAME) name ## _
| #define FC_FUNC_(name,NAME) name ## _
| #define HAVE_F77_UNDERSCORE 1
| #define HAVE_FORTRAN_DOUBLE_COMPLEX 1
| #define HAVE_NO_SYMBOL_UNDERSCORE 1
| #define FC_LEN_T size_t
| #define SHLIB_EXT ".so"
| #define HAVE_PTHREAD 1
| #define HAVE_OFF_T 1
| #define HAVE_ALLOCA_H 1
| #define HAVE_ALLOCA 1
| #define HAVE_DECL_ALLOCA 1
| #define HAVE_EXPM1 1
| #define HAVE_HYPOT 1
| #define HAVE_LOG1P 1
| #define HAVE_LOG1PL 1
| #define HAVE_LOG2 1
| #define HAVE_LOG10 1
| #define HAVE_NEARBYINT 1
| #define HAVE_NEARBYINTL 1
| #define HAVE_POWL 1
| #define HAVE_RINTL 1
| #define HAVE_VA_COPY 1
| #define HAVE_ISBLANK 1
| #define HAVE___COSPI 1
| #define HAVE___SINPI 1
| #define HAVE___TANPI 1
| #define HAVE_FSEEKO 1
| #define HAVE_FTELLO 1
| #define HAVE_FCNTL 1
| #define HAVE_GETGRGID 1
| #define HAVE_GETPWNAM 1
| #define HAVE_GETPWUID 1
| #define HAVE_KILL 1
| #define HAVE_SIGACTION 1
| #define HAVE_SIGALTSTACK 1
| #define HAVE_SIGEMPTYSET 1
| #define HAVE_FDOPEN 1
| #define HAVE_POPEN 1
| #define HAVE_GETLINE 1
| #define HAVE_SELECT 1
| #define HAVE_SETENV 1
| #define HAVE_UNSETENV 1
| #define HAVE_GETRLIMIT 1
| #define HAVE_SETRLIMIT 1
| #define HAVE_GETRUSAGE 1
| #define HAVE_GETPRIORITY 1
| #define HAVE_CHMOD 1
| #define HAVE_MKFIFO 1
| #define HAVE_STAT 1
| #define HAVE_UMASK 1
| #define HAVE_GETTIMEOFDAY 1
| #define HAVE_UTIMES 1
| #define HAVE_TIMES 1
| #define HAVE_GMTIME_R 1
| #define HAVE_LOCALTIME_R 1
| #define HAVE_NL_LANGINFO 1
| #define HAVE_ACCESS 1
| #define HAVE_CHDIR 1
| #define HAVE_EXECV 1
| #define HAVE_FTRUNCATE 1
| #define HAVE_GETCWD 1
| #define HAVE_GETEUID 1
| #define HAVE_GETUID 1
| #define HAVE_LINK 1
| #define HAVE_READLINK 1
| #define HAVE_SYMLINK 1
| #define HAVE_SYSCONF 1
| #define HAVE_UTIME 1
| #define HAVE_UTIMENSAT 1
| #define HAVE_CLOCK_GETTIME 1
| #define HAVE_TIMESPEC_GET 1
| #define HAVE_PUTENV 1
| #define HAVE_DECL_PUTENV 1
| #define HAVE_VASPRINTF 1
| #define HAVE_DECL_VASPRINTF 1
| #define HAVE_REALPATH 1
| #define HAVE_DECL_REALPATH 1
| #define HAVE_GLOB 1
| #define HAVE_DLADDR 1
| #define HAVE_DLSYM 1
| #define HAVE_DECL_DLADDR 1
| #define HAVE_DECL_DLSYM 1
| #define HAVE_DECL_RTLD_DEFAULT 1
| #define HAVE_DECL_RTLD_NEXT 1
| #define HAVE_STPCPY 1
| #define HAVE_OFF_T 1
| #define HAVE_ISNAN 1
| #define HAVE_DECL_ISFINITE 1
| #define HAVE_DECL_ISNAN 1
| #define IEEE_754 1
| #define HAVE_LANGINFO_CODESET 1
| #define HAVE_MKDTEMP 1
| #define HAVE_STRDUP 1
| #define HAVE_STRNCASECMP 1
| #define HAVE_DECL_MKDTEMP 1
| #define HAVE_DECL_STRDUP 1
| #define HAVE_DECL_STRNCASECMP 1
| #define HAVE_WORKING_CALLOC 1
| #define HAVE_WORKING_ISFINITE 1
| #define HAVE_WORKING_LOG1P 1
| #define HAVE_WORKING_FTELL 1
| #define HAVE_WORKING_SIGACTION 1
| #define HAVE_ENUM_BASE_TYPE 1
| #define MKTIME_SETS_ERRNO 1
| #define HAVE_WORKING_MKTIME_AFTER_2037 1
| #define HAVE_WORKING_MKTIME_BEFORE_1902 1
| #define HAVE_WORKING_MKTIME_BEFORE_1970 1
| #define USE_RI18N_FNS 1
| #define USE_RI18N_WIDTH 1
| #define USE_RI18N_CASE 1
| #define HAVE_CABS 1
| #define HAVE_CARG 1
| #define HAVE_CEXP 1
| #define HAVE_CLOG 1
| #define HAVE_CSQRT 1
| #define HAVE_CPOW 1
| #define HAVE_CCOS 1
| #define HAVE_CSIN 1
| #define HAVE_CTAN 1
| #define HAVE_CACOS 1
| #define HAVE_CASIN 1
| #define HAVE_CATAN 1
| #define HAVE_CCOSH 1
| #define HAVE_CSINH 1
| #define HAVE_CTANH 1
| #define HAVE_WORKING_CTANH 1
| #define HAVE_TM_ZONE 1
| #define HAVE_TM_GMTOFF 1
| #define HAVE_ICONV_H 1
| #define HAVE_ICONV 1
| #define HAVE_ICONV_CP1252 1
| #define HAVE_ICONVLIST 1
| #define HAVE_ICONV 1
| #define ICONV_CONST 
| #define HAVE_WCHAR_H 1
| #define HAVE_WCTYPE_H 1
| #define HAVE_MBRTOWC 1
| #define HAVE_WCRTOMB 1
| #define HAVE_WCSCOLL 1
| #define HAVE_WCSFTIME 1
| #define HAVE_WCSTOD 1
| #define HAVE_MBSTOWCS 1
| #define HAVE_WCSTOMBS 1
| #define HAVE_WCTRANS 1
| #define HAVE_WCTYPE 1
| #define HAVE_ISWCTYPE 1
| #define HAVE_WCWIDTH 1
| #define HAVE_WCSWIDTH 1
| #define HAVE_WCTRANS_T 1
| #define HAVE_MBSTATE_T 1
| #define X_DISPLAY_MISSING 1
| #define HAVE_COREFOUNDATION_FW 1
| #define HAVE_BZLIB_H 1
| #define HAVE_LZMA_H 1
| #define HAVE_LZMA 1
| #define HAVE_ZSTD_H 1
| #define HAVE_ZSTD 1
| #define HAVE_ZSTD_DECOMPRESSBOUND 1
| #define HAVE_LIBDEFLATE_H 1
| #define HAVE_LIBDEFLATE 1
| #define USE_LIBDEFLATE 1
| #define PCRE2_CODE_UNIT_WIDTH 8
| #define HAVE_PCRE2 1
| #define HAVE_CURL_CURL_H 1
| #define HAVE_LIBCURL 1
| #define HAVE_JPEG 1
| #define HAVE_PNG 1
| #define HAVE_TIFFIO_H 1
| #define HAVE_TIFF 1
| #define HAVE_POSIX_LEAPSECONDS 1
| #define HAVE_STRUCT_STAT_ST_ATIMESPEC_TV_NSEC 1
| #define HAVE_SETITIMER 1
| #define R_PROFILING 1
| #define HAVE_FSEEKO 1
| #define NVALGRIND 1
| #define VALGRIND_LEVEL 0
| #define USE_INTERNAL_MKTIME 1
| #define HAVE_KERN_USRSTACK 1
| #define R_PRINTCMD "lpr"
| #define HAVE_VISIBILITY 1
| #define HAVE_STDINT_H_WITH_UINTMAX 1
| #define HAVE_GETPAGESIZE 1
| #define HAVE_MMAP 1
| #define INTDIV0_RAISES_SIGFPE 0
| #define HAVE_INTTYPES_H_WITH_UINTMAX 1
| #define HAVE_UNSIGNED_LONG_LONG_INT 1
| #define HAVE_UNSIGNED_LONG_LONG 1
| #define HAVE_UINTMAX_T 1
| #define HAVE_INTTYPES_H 1
| #define HAVE_BUILTIN_EXPECT 1
| /* end confdefs.h.  */
| #include <stddef.h>
| #ifdef HAVE_STDIO_H
| # include <stdio.h>
| #endif
| #ifdef HAVE_STDLIB_H
| # include <stdlib.h>
| #endif
| #ifdef HAVE_STRING_H
| # include <string.h>
| #endif
| #ifdef HAVE_INTTYPES_H
| # include <inttypes.h>
| #endif
| #ifdef HAVE_STDINT_H
| # include <stdint.h>
| #endif
| #ifdef HAVE_STRINGS_H
| # include <strings.h>
| #endif
| #ifdef HAVE_SYS_TYPES_H
| # include <sys/types.h>
| #endif
| #ifdef HAVE_SYS_STAT_H
| # include <sys/stat.h>
| #endif
| #ifdef HAVE_UNISTD_H
| # include <unistd.h>
| #endif
| #include <argz.h>
configure:58161: result: no
configure:58167: checking for inttypes.h
configure:58167: result: yes
configure:58173: checking for limits.h
configure:58173: result: yes
configure:58179: checking for unistd.h
configure:58179: result: yes
configure:58185: checking for sys/param.h
configure:58185: result: yes
configure:58192: checking for getcwd
configure:58192: gcc -std=gnu23 -o conftest  -g -O2 -fPIC -I/opt/homebrew/Cellar/pcre2/10.47_1/include -I/opt/homebrew/include  -L/opt/homebrew/lib conftest.c -L/opt/homebrew/Cellar/pcre2/10.47_1/lib -lpcre2-8 -ldeflate -lzstd -llzma -lbz2 -lz -ldl -lm -liconv >&5
configure:58192: $? = 0
configure:58192: result: yes
configure:58198: checking for getegid
configure:58198: gcc -std=gnu23 -o conftest  -g -O2 -fPIC -I/opt/homebrew/Cellar/pcre2/10.47_1/include -I/opt/homebrew/include  -L/opt/homebrew/lib conftest.c -L/opt/homebrew/Cellar/pcre2/10.47_1/lib -lpcre2-8 -ldeflate -lzstd -llzma -lbz2 -lz -ldl -lm -liconv >&5
configure:58198: $? = 0
configure:58198: result: yes
configure:58204: checking for geteuid
configure:58204: gcc -std=gnu23 -o conftest  -g -O2 -fPIC -I/opt/homebrew/Cellar/pcre2/10.47_1/include -I/opt/homebrew/include  -L/opt/homebrew/lib conftest.c -L/opt/homebrew/Cellar/pcre2/10.47_1/lib -lpcre2-8 -ldeflate -lzstd -llzma -lbz2 -lz -ldl -lm -liconv >&5
configure:58204: $? = 0
configure:58204: result: yes
configure:58210: checking for getgid
configure:58210: gcc -std=gnu23 -o conftest  -g -O2 -fPIC -I/opt/homebrew/Cellar/pcre2/10.47_1/include -I/opt/homebrew/include  -L/opt/homebrew/lib conftest.c -L/opt/homebrew/Cellar/pcre2/10.47_1/lib -lpcre2-8 -ldeflate -lzstd -llzma -lbz2 -lz -ldl -lm -liconv >&5
configure:58210: $? = 0
configure:58210: result: yes
configure:58216: checking for getuid
configure:58216: gcc -std=gnu23 -o conftest  -g -O2 -fPIC -I/opt/homebrew/Cellar/pcre2/10.47_1/include -I/opt/homebrew/include  -L/opt/homebrew/lib conftest.c -L/opt/homebrew/Cellar/pcre2/10.47_1/lib -lpcre2-8 -ldeflate -lzstd -llzma -lbz2 -lz -ldl -lm -liconv >&5
configure:58216: $? = 0
configure:58216: result: yes
configure:58222: checking for mempcpy
configure:58222: result: no
configure:58228: checking for munmap
configure:58228: gcc -std=gnu23 -o conftest  -g -O2 -fPIC -I/opt/homebrew/Cellar/pcre2/10.47_1/include -I/opt/homebrew/include  -L/opt/homebrew/lib conftest.c -L/opt/homebrew/Cellar/pcre2/10.47_1/lib -lpcre2-8 -ldeflate -lzstd -llzma -lbz2 -lz -ldl -lm -liconv >&5
configure:58228: $? = 0
configure:58228: result: yes
configure:58234: checking for stpcpy
configure:58234: result: yes
configure:58240: checking for strcasecmp
configure:58240: gcc -std=gnu23 -o conftest  -g -O2 -fPIC -I/opt/homebrew/Cellar/pcre2/10.47_1/include -I/opt/homebrew/include  -L/opt/homebrew/lib conftest.c -L/opt/homebrew/Cellar/pcre2/10.47_1/lib -lpcre2-8 -ldeflate -lzstd -llzma -lbz2 -lz -ldl -lm -liconv >&5
conftest.c:322:6: warning: incompatible redeclaration of library function 'strcasecmp' [-Wincompatible-library-redeclaration]
  322 | char strcasecmp (void);
      |      ^
conftest.c:322:6: note: 'strcasecmp' is a builtin with type 'int (const char *, const char *)'
1 warning generated.
configure:58240: $? = 0
configure:58240: result: yes
configure:58246: checking for strdup
configure:58246: result: yes
configure:58252: checking for strtoul
configure:58252: gcc -std=gnu23 -o conftest  -g -O2 -fPIC -I/opt/homebrew/Cellar/pcre2/10.47_1/include -I/opt/homebrew/include  -L/opt/homebrew/lib conftest.c -L/opt/homebrew/Cellar/pcre2/10.47_1/lib -lpcre2-8 -ldeflate -lzstd -llzma -lbz2 -lz -ldl -lm -liconv >&5
conftest.c:324:6: warning: incompatible redeclaration of library function 'strtoul' [-Wincompatible-library-redeclaration]
  324 | char strtoul (void);
      |      ^
conftest.c:324:6: note: 'strtoul' is a builtin with type 'unsigned long (const char *, char **, int)'
1 warning generated.
configure:58252: $? = 0
configure:58252: result: yes
configure:58258: checking for tsearch
configure:58258: gcc -std=gnu23 -o conftest  -g -O2 -fPIC -I/opt/homebrew/Cellar/pcre2/10.47_1/include -I/opt/homebrew/include  -L/opt/homebrew/lib conftest.c -L/opt/homebrew/Cellar/pcre2/10.47_1/lib -lpcre2-8 -ldeflate -lzstd -llzma -lbz2 -lz -ldl -lm -liconv >&5
configure:58258: $? = 0
configure:58258: result: yes
configure:58264: checking for argz_count
configure:58264: gcc -std=gnu23 -o conftest  -g -O2 -fPIC -I/opt/homebrew/Cellar/pcre2/10.47_1/include -I/opt/homebrew/include  -L/opt/homebrew/lib conftest.c -L/opt/homebrew/Cellar/pcre2/10.47_1/lib -lpcre2-8 -ldeflate -lzstd -llzma -lbz2 -lz -ldl -lm -liconv >&5
Undefined symbols for architecture arm64:
  "_argz_count", referenced from:
      _main in conftest-727d13.o
ld: symbol(s) not found for architecture arm64
clang: error: linker command failed with exit code 1 (use -v to see invocation)
configure:58264: $? = 1
configure: failed program was:
| /* confdefs.h */
| #define PACKAGE_NAME "R"
| #define PACKAGE_TARNAME "R"
| #define PACKAGE_VERSION "4.6.0"
| #define PACKAGE_STRING "R 4.6.0"
| #define PACKAGE_BUGREPORT "https://bugs.r-project.org"
| #define PACKAGE_URL "https://www.r-project.org"
| #define PACKAGE "R"
| #define VERSION "4.6.0"
| #define R_PLATFORM "aarch64-apple-darwin25.6.0"
| #define R_CPU "aarch64"
| #define R_VENDOR "apple"
| #define R_OS "darwin25.6.0"
| #define Unix 1
| #define R_ARCH ""
| #define HAVE_STDIO_H 1
| #define HAVE_STDLIB_H 1
| #define HAVE_STRING_H 1
| #define HAVE_INTTYPES_H 1
| #define HAVE_STDINT_H 1
| #define HAVE_STRINGS_H 1
| #define HAVE_SYS_STAT_H 1
| #define HAVE_SYS_TYPES_H 1
| #define HAVE_UNISTD_H 1
| #define HAVE_WCHAR_H 1
| #define HAVE_SYS_TIME_H 1
| #define HAVE_SYS_PARAM_H 1
| #define STDC_HEADERS 1
| #define _ALL_SOURCE 1
| #define _DARWIN_C_SOURCE 1
| #define _GNU_SOURCE 1
| #define _HPUX_ALT_XOPEN_SOCKET_API 1
| #define _NETBSD_SOURCE 1
| #define _OPENBSD_SOURCE 1
| #define _POSIX_PTHREAD_SEMANTICS 1
| #define __STDC_WANT_IEC_60559_ATTRIBS_EXT__ 1
| #define __STDC_WANT_IEC_60559_BFP_EXT__ 1
| #define __STDC_WANT_IEC_60559_DFP_EXT__ 1
| #define __STDC_WANT_IEC_60559_EXT__ 1
| #define __STDC_WANT_IEC_60559_FUNCS_EXT__ 1
| #define __STDC_WANT_IEC_60559_TYPES_EXT__ 1
| #define __STDC_WANT_LIB_EXT2__ 1
| #define __STDC_WANT_MATH_SPEC_FUNCS__ 1
| #define _TANDEM_SOURCE 1
| #define __EXTENSIONS__ 1
| #define HAVE_VISIBILITY_ATTRIBUTE 1
| #define HAVE_DLFCN_H 1
| #define LT_OBJDIR ".libs/"
| #define HAVE_LIBM 1
| #define HAVE_LIBDL 1
| #define HAVE_DIRENT_H 1
| #define HAVE_SYS_WAIT_H 1
| #define HAVE_DLFCN_H 1
| #define HAVE_FCNTL_H 1
| #define HAVE_GLOB_H 1
| #define HAVE_GRP_H 1
| #define HAVE_PWD_H 1
| #define HAVE_SCHED_H 1
| #define HAVE_STRINGS_H 1
| #define HAVE_SYS_RESOURCE_H 1
| #define HAVE_SYS_SELECT_H 1
| #define HAVE_SYS_SOCKET_H 1
| #define HAVE_SYS_STAT_H 1
| #define HAVE_SYS_TIME_H 1
| #define HAVE_SYS_TIMES_H 1
| #define HAVE_SYS_UTSNAME_H 1
| #define HAVE_UNISTD_H 1
| #define HAVE_UTIME_H 1
| #define HAVE_ARPA_INET_H 1
| #define HAVE_LANGINFO_H 1
| #define HAVE_NETDB_H 1
| #define HAVE_NETINET_IN_H 1
| #define HAVE_SYS_PARAM_H 1
| #define HAVE_STDALIGN_H 1
| #define HAVE_ERRNO_H 1
| #define HAVE_INTTYPES_H 1
| #define HAVE_LIMITS_H 1
| #define HAVE_LOCALE_H 1
| #define HAVE_STDARG_H 1
| #define HAVE_STDBOOL_H 1
| #define HAVE_STDINT_H 1
| #define HAVE_STRING_H 1
| #define HAVE_DECL_SIGSETJMP 1
| #define HAVE_DECL_SIGLONGJMP 1
| #define HAVE_POSIX_SETJMP 1
| #define HAVE_INT64_T 1
| #define HAVE_INT_FAST64_T 1
| #define HAVE_DECL_SIZE_MAX 1
| #define R_SOCKLEN_T socklen_t
| #define HAVE_STACK_T 1
| #define HAVE_INTPTR_T 1
| #define HAVE_UINTPTR_T 1
| #define R_INLINE inline
| #define SIZEOF_INT 4
| #define INT_32_BITS 1
| #define SIZEOF_LONG 8
| #define SIZEOF_LONG_LONG 8
| #define SIZEOF_DOUBLE 8
| #define SIZEOF_SIZE_T 8
| #define C_STACK_DIRECTION 1
| #define HAVE_LONG_DOUBLE 1
| #define SIZEOF_LONG_DOUBLE 8
| #define FC_FUNC(name,NAME) name ## _
| #define FC_FUNC_(name,NAME) name ## _
| #define HAVE_F77_UNDERSCORE 1
| #define HAVE_FORTRAN_DOUBLE_COMPLEX 1
| #define HAVE_NO_SYMBOL_UNDERSCORE 1
| #define FC_LEN_T size_t
| #define SHLIB_EXT ".so"
| #define HAVE_PTHREAD 1
| #define HAVE_OFF_T 1
| #define HAVE_ALLOCA_H 1
| #define HAVE_ALLOCA 1
| #define HAVE_DECL_ALLOCA 1
| #define HAVE_EXPM1 1
| #define HAVE_HYPOT 1
| #define HAVE_LOG1P 1
| #define HAVE_LOG1PL 1
| #define HAVE_LOG2 1
| #define HAVE_LOG10 1
| #define HAVE_NEARBYINT 1
| #define HAVE_NEARBYINTL 1
| #define HAVE_POWL 1
| #define HAVE_RINTL 1
| #define HAVE_VA_COPY 1
| #define HAVE_ISBLANK 1
| #define HAVE___COSPI 1
| #define HAVE___SINPI 1
| #define HAVE___TANPI 1
| #define HAVE_FSEEKO 1
| #define HAVE_FTELLO 1
| #define HAVE_FCNTL 1
| #define HAVE_GETGRGID 1
| #define HAVE_GETPWNAM 1
| #define HAVE_GETPWUID 1
| #define HAVE_KILL 1
| #define HAVE_SIGACTION 1
| #define HAVE_SIGALTSTACK 1
| #define HAVE_SIGEMPTYSET 1
| #define HAVE_FDOPEN 1
| #define HAVE_POPEN 1
| #define HAVE_GETLINE 1
| #define HAVE_SELECT 1
| #define HAVE_SETENV 1
| #define HAVE_UNSETENV 1
| #define HAVE_GETRLIMIT 1
| #define HAVE_SETRLIMIT 1
| #define HAVE_GETRUSAGE 1
| #define HAVE_GETPRIORITY 1
| #define HAVE_CHMOD 1
| #define HAVE_MKFIFO 1
| #define HAVE_STAT 1
| #define HAVE_UMASK 1
| #define HAVE_GETTIMEOFDAY 1
| #define HAVE_UTIMES 1
| #define HAVE_TIMES 1
| #define HAVE_GMTIME_R 1
| #define HAVE_LOCALTIME_R 1
| #define HAVE_NL_LANGINFO 1
| #define HAVE_ACCESS 1
| #define HAVE_CHDIR 1
| #define HAVE_EXECV 1
| #define HAVE_FTRUNCATE 1
| #define HAVE_GETCWD 1
| #define HAVE_GETEUID 1
| #define HAVE_GETUID 1
| #define HAVE_LINK 1
| #define HAVE_READLINK 1
| #define HAVE_SYMLINK 1
| #define HAVE_SYSCONF 1
| #define HAVE_UTIME 1
| #define HAVE_UTIMENSAT 1
| #define HAVE_CLOCK_GETTIME 1
| #define HAVE_TIMESPEC_GET 1
| #define HAVE_PUTENV 1
| #define HAVE_DECL_PUTENV 1
| #define HAVE_VASPRINTF 1
| #define HAVE_DECL_VASPRINTF 1
| #define HAVE_REALPATH 1
| #define HAVE_DECL_REALPATH 1
| #define HAVE_GLOB 1
| #define HAVE_DLADDR 1
| #define HAVE_DLSYM 1
| #define HAVE_DECL_DLADDR 1
| #define HAVE_DECL_DLSYM 1
| #define HAVE_DECL_RTLD_DEFAULT 1
| #define HAVE_DECL_RTLD_NEXT 1
| #define HAVE_STPCPY 1
| #define HAVE_OFF_T 1
| #define HAVE_ISNAN 1
| #define HAVE_DECL_ISFINITE 1
| #define HAVE_DECL_ISNAN 1
| #define IEEE_754 1
| #define HAVE_LANGINFO_CODESET 1
| #define HAVE_MKDTEMP 1
| #define HAVE_STRDUP 1
| #define HAVE_STRNCASECMP 1
| #define HAVE_DECL_MKDTEMP 1
| #define HAVE_DECL_STRDUP 1
| #define HAVE_DECL_STRNCASECMP 1
| #define HAVE_WORKING_CALLOC 1
| #define HAVE_WORKING_ISFINITE 1
| #define HAVE_WORKING_LOG1P 1
| #define HAVE_WORKING_FTELL 1
| #define HAVE_WORKING_SIGACTION 1
| #define HAVE_ENUM_BASE_TYPE 1
| #define MKTIME_SETS_ERRNO 1
| #define HAVE_WORKING_MKTIME_AFTER_2037 1
| #define HAVE_WORKING_MKTIME_BEFORE_1902 1
| #define HAVE_WORKING_MKTIME_BEFORE_1970 1
| #define USE_RI18N_FNS 1
| #define USE_RI18N_WIDTH 1
| #define USE_RI18N_CASE 1
| #define HAVE_CABS 1
| #define HAVE_CARG 1
| #define HAVE_CEXP 1
| #define HAVE_CLOG 1
| #define HAVE_CSQRT 1
| #define HAVE_CPOW 1
| #define HAVE_CCOS 1
| #define HAVE_CSIN 1
| #define HAVE_CTAN 1
| #define HAVE_CACOS 1
| #define HAVE_CASIN 1
| #define HAVE_CATAN 1
| #define HAVE_CCOSH 1
| #define HAVE_CSINH 1
| #define HAVE_CTANH 1
| #define HAVE_WORKING_CTANH 1
| #define HAVE_TM_ZONE 1
| #define HAVE_TM_GMTOFF 1
| #define HAVE_ICONV_H 1
| #define HAVE_ICONV 1
| #define HAVE_ICONV_CP1252 1
| #define HAVE_ICONVLIST 1
| #define HAVE_ICONV 1
| #define ICONV_CONST 
| #define HAVE_WCHAR_H 1
| #define HAVE_WCTYPE_H 1
| #define HAVE_MBRTOWC 1
| #define HAVE_WCRTOMB 1
| #define HAVE_WCSCOLL 1
| #define HAVE_WCSFTIME 1
| #define HAVE_WCSTOD 1
| #define HAVE_MBSTOWCS 1
| #define HAVE_WCSTOMBS 1
| #define HAVE_WCTRANS 1
| #define HAVE_WCTYPE 1
| #define HAVE_ISWCTYPE 1
| #define HAVE_WCWIDTH 1
| #define HAVE_WCSWIDTH 1
| #define HAVE_WCTRANS_T 1
| #define HAVE_MBSTATE_T 1
| #define X_DISPLAY_MISSING 1
| #define HAVE_COREFOUNDATION_FW 1
| #define HAVE_BZLIB_H 1
| #define HAVE_LZMA_H 1
| #define HAVE_LZMA 1
| #define HAVE_ZSTD_H 1
| #define HAVE_ZSTD 1
| #define HAVE_ZSTD_DECOMPRESSBOUND 1
| #define HAVE_LIBDEFLATE_H 1
| #define HAVE_LIBDEFLATE 1
| #define USE_LIBDEFLATE 1
| #define PCRE2_CODE_UNIT_WIDTH 8
| #define HAVE_PCRE2 1
| #define HAVE_CURL_CURL_H 1
| #define HAVE_LIBCURL 1
| #define HAVE_JPEG 1
| #define HAVE_PNG 1
| #define HAVE_TIFFIO_H 1
| #define HAVE_TIFF 1
| #define HAVE_POSIX_LEAPSECONDS 1
| #define HAVE_STRUCT_STAT_ST_ATIMESPEC_TV_NSEC 1
| #define HAVE_SETITIMER 1
| #define R_PROFILING 1
| #define HAVE_FSEEKO 1
| #define NVALGRIND 1
| #define VALGRIND_LEVEL 0
| #define USE_INTERNAL_MKTIME 1
| #define HAVE_KERN_USRSTACK 1
| #define R_PRINTCMD "lpr"
| #define HAVE_VISIBILITY 1
| #define HAVE_STDINT_H_WITH_UINTMAX 1
| #define HAVE_GETPAGESIZE 1
| #define HAVE_MMAP 1
| #define INTDIV0_RAISES_SIGFPE 0
| #define HAVE_INTTYPES_H_WITH_UINTMAX 1
| #define HAVE_UNSIGNED_LONG_LONG_INT 1
| #define HAVE_UNSIGNED_LONG_LONG 1
| #define HAVE_UINTMAX_T 1
| #define HAVE_INTTYPES_H 1
| #define HAVE_BUILTIN_EXPECT 1
| #define HAVE_INTTYPES_H 1
| #define HAVE_LIMITS_H 1
| #define HAVE_UNISTD_H 1
| #define HAVE_SYS_PARAM_H 1
| #define HAVE_GETCWD 1
| #define HAVE_GETEGID 1
| #define HAVE_GETEUID 1
| #define HAVE_GETGID 1
| #define HAVE_GETUID 1
| #define HAVE_MUNMAP 1
| #define HAVE_STPCPY 1
| #define HAVE_STRCASECMP 1
| #define HAVE_STRDUP 1
| #define HAVE_STRTOUL 1
| #define HAVE_TSEARCH 1
| /* end confdefs.h.  */
| /* Define argz_count to an innocuous variant, in case <limits.h> declares argz_count.
|    For example, HP-UX 11i <limits.h> declares gettimeofday.  */
| #define argz_count innocuous_argz_count
| 
| /* System header to define __stub macros and hopefully few prototypes,
|    which can conflict with char argz_count (void); below.  */
| 
| #include <limits.h>
| #undef argz_count
| 
| /* Override any GCC internal prototype to avoid an error.
|    Use char because int might match the return type of a GCC
|    builtin and then its argument prototype would still apply.  */
| #ifdef __cplusplus
| extern "C"
| #endif
| char argz_count (void);
| /* The GNU C library defines this for functions which it implements
|     to always fail with ENOSYS.  Some functions are actually named
|     something starting with __ and the normal name is an alias.  */
| #if defined __stub_argz_count || defined __stub___argz_count
| choke me
| #endif
| 
| int
| main (void)
| {
| return argz_count ();
|   ;
|   return 0;
| }
configure:58264: result: no
configure:58270: checking for argz_stringify
configure:58270: gcc -std=gnu23 -o conftest  -g -O2 -fPIC -I/opt/homebrew/Cellar/pcre2/10.47_1/include -I/opt/homebrew/include  -L/opt/homebrew/lib conftest.c -L/opt/homebrew/Cellar/pcre2/10.47_1/lib -lpcre2-8 -ldeflate -lzstd -llzma -lbz2 -lz -ldl -lm -liconv >&5
Undefined symbols for architecture arm64:
  "_argz_stringify", referenced from:
      _main in conftest-64db61.o
ld: symbol(s) not found for architecture arm64
clang: error: linker command failed with exit code 1 (use -v to see invocation)
configure:58270: $? = 1
configure: failed program was:
| /* confdefs.h */
| #define PACKAGE_NAME "R"
| #define PACKAGE_TARNAME "R"
| #define PACKAGE_VERSION "4.6.0"
| #define PACKAGE_STRING "R 4.6.0"
| #define PACKAGE_BUGREPORT "https://bugs.r-project.org"
| #define PACKAGE_URL "https://www.r-project.org"
| #define PACKAGE "R"
| #define VERSION "4.6.0"
| #define R_PLATFORM "aarch64-apple-darwin25.6.0"
| #define R_CPU "aarch64"
| #define R_VENDOR "apple"
| #define R_OS "darwin25.6.0"
| #define Unix 1
| #define R_ARCH ""
| #define HAVE_STDIO_H 1
| #define HAVE_STDLIB_H 1
| #define HAVE_STRING_H 1
| #define HAVE_INTTYPES_H 1
| #define HAVE_STDINT_H 1
| #define HAVE_STRINGS_H 1
| #define HAVE_SYS_STAT_H 1
| #define HAVE_SYS_TYPES_H 1
| #define HAVE_UNISTD_H 1
| #define HAVE_WCHAR_H 1
| #define HAVE_SYS_TIME_H 1
| #define HAVE_SYS_PARAM_H 1
| #define STDC_HEADERS 1
| #define _ALL_SOURCE 1
| #define _DARWIN_C_SOURCE 1
| #define _GNU_SOURCE 1
| #define _HPUX_ALT_XOPEN_SOCKET_API 1
| #define _NETBSD_SOURCE 1
| #define _OPENBSD_SOURCE 1
| #define _POSIX_PTHREAD_SEMANTICS 1
| #define __STDC_WANT_IEC_60559_ATTRIBS_EXT__ 1
| #define __STDC_WANT_IEC_60559_BFP_EXT__ 1
| #define __STDC_WANT_IEC_60559_DFP_EXT__ 1
| #define __STDC_WANT_IEC_60559_EXT__ 1
| #define __STDC_WANT_IEC_60559_FUNCS_EXT__ 1
| #define __STDC_WANT_IEC_60559_TYPES_EXT__ 1
| #define __STDC_WANT_LIB_EXT2__ 1
| #define __STDC_WANT_MATH_SPEC_FUNCS__ 1
| #define _TANDEM_SOURCE 1
| #define __EXTENSIONS__ 1
| #define HAVE_VISIBILITY_ATTRIBUTE 1
| #define HAVE_DLFCN_H 1
| #define LT_OBJDIR ".libs/"
| #define HAVE_LIBM 1
| #define HAVE_LIBDL 1
| #define HAVE_DIRENT_H 1
| #define HAVE_SYS_WAIT_H 1
| #define HAVE_DLFCN_H 1
| #define HAVE_FCNTL_H 1
| #define HAVE_GLOB_H 1
| #define HAVE_GRP_H 1
| #define HAVE_PWD_H 1
| #define HAVE_SCHED_H 1
| #define HAVE_STRINGS_H 1
| #define HAVE_SYS_RESOURCE_H 1
| #define HAVE_SYS_SELECT_H 1
| #define HAVE_SYS_SOCKET_H 1
| #define HAVE_SYS_STAT_H 1
| #define HAVE_SYS_TIME_H 1
| #define HAVE_SYS_TIMES_H 1
| #define HAVE_SYS_UTSNAME_H 1
| #define HAVE_UNISTD_H 1
| #define HAVE_UTIME_H 1
| #define HAVE_ARPA_INET_H 1
| #define HAVE_LANGINFO_H 1
| #define HAVE_NETDB_H 1
| #define HAVE_NETINET_IN_H 1
| #define HAVE_SYS_PARAM_H 1
| #define HAVE_STDALIGN_H 1
| #define HAVE_ERRNO_H 1
| #define HAVE_INTTYPES_H 1
| #define HAVE_LIMITS_H 1
| #define HAVE_LOCALE_H 1
| #define HAVE_STDARG_H 1
| #define HAVE_STDBOOL_H 1
| #define HAVE_STDINT_H 1
| #define HAVE_STRING_H 1
| #define HAVE_DECL_SIGSETJMP 1
| #define HAVE_DECL_SIGLONGJMP 1
| #define HAVE_POSIX_SETJMP 1
| #define HAVE_INT64_T 1
| #define HAVE_INT_FAST64_T 1
| #define HAVE_DECL_SIZE_MAX 1
| #define R_SOCKLEN_T socklen_t
| #define HAVE_STACK_T 1
| #define HAVE_INTPTR_T 1
| #define HAVE_UINTPTR_T 1
| #define R_INLINE inline
| #define SIZEOF_INT 4
| #define INT_32_BITS 1
| #define SIZEOF_LONG 8
| #define SIZEOF_LONG_LONG 8
| #define SIZEOF_DOUBLE 8
| #define SIZEOF_SIZE_T 8
| #define C_STACK_DIRECTION 1
| #define HAVE_LONG_DOUBLE 1
| #define SIZEOF_LONG_DOUBLE 8
| #define FC_FUNC(name,NAME) name ## _
| #define FC_FUNC_(name,NAME) name ## _
| #define HAVE_F77_UNDERSCORE 1
| #define HAVE_FORTRAN_DOUBLE_COMPLEX 1
| #define HAVE_NO_SYMBOL_UNDERSCORE 1
| #define FC_LEN_T size_t
| #define SHLIB_EXT ".so"
| #define HAVE_PTHREAD 1
| #define HAVE_OFF_T 1
| #define HAVE_ALLOCA_H 1
| #define HAVE_ALLOCA 1
| #define HAVE_DECL_ALLOCA 1
| #define HAVE_EXPM1 1
| #define HAVE_HYPOT 1
| #define HAVE_LOG1P 1
| #define HAVE_LOG1PL 1
| #define HAVE_LOG2 1
| #define HAVE_LOG10 1
| #define HAVE_NEARBYINT 1
| #define HAVE_NEARBYINTL 1
| #define HAVE_POWL 1
| #define HAVE_RINTL 1
| #define HAVE_VA_COPY 1
| #define HAVE_ISBLANK 1
| #define HAVE___COSPI 1
| #define HAVE___SINPI 1
| #define HAVE___TANPI 1
| #define HAVE_FSEEKO 1
| #define HAVE_FTELLO 1
| #define HAVE_FCNTL 1
| #define HAVE_GETGRGID 1
| #define HAVE_GETPWNAM 1
| #define HAVE_GETPWUID 1
| #define HAVE_KILL 1
| #define HAVE_SIGACTION 1
| #define HAVE_SIGALTSTACK 1
| #define HAVE_SIGEMPTYSET 1
| #define HAVE_FDOPEN 1
| #define HAVE_POPEN 1
| #define HAVE_GETLINE 1
| #define HAVE_SELECT 1
| #define HAVE_SETENV 1
| #define HAVE_UNSETENV 1
| #define HAVE_GETRLIMIT 1
| #define HAVE_SETRLIMIT 1
| #define HAVE_GETRUSAGE 1
| #define HAVE_GETPRIORITY 1
| #define HAVE_CHMOD 1
| #define HAVE_MKFIFO 1
| #define HAVE_STAT 1
| #define HAVE_UMASK 1
| #define HAVE_GETTIMEOFDAY 1
| #define HAVE_UTIMES 1
| #define HAVE_TIMES 1
| #define HAVE_GMTIME_R 1
| #define HAVE_LOCALTIME_R 1
| #define HAVE_NL_LANGINFO 1
| #define HAVE_ACCESS 1
| #define HAVE_CHDIR 1
| #define HAVE_EXECV 1
| #define HAVE_FTRUNCATE 1
| #define HAVE_GETCWD 1
| #define HAVE_GETEUID 1
| #define HAVE_GETUID 1
| #define HAVE_LINK 1
| #define HAVE_READLINK 1
| #define HAVE_SYMLINK 1
| #define HAVE_SYSCONF 1
| #define HAVE_UTIME 1
| #define HAVE_UTIMENSAT 1
| #define HAVE_CLOCK_GETTIME 1
| #define HAVE_TIMESPEC_GET 1
| #define HAVE_PUTENV 1
| #define HAVE_DECL_PUTENV 1
| #define HAVE_VASPRINTF 1
| #define HAVE_DECL_VASPRINTF 1
| #define HAVE_REALPATH 1
| #define HAVE_DECL_REALPATH 1
| #define HAVE_GLOB 1
| #define HAVE_DLADDR 1
| #define HAVE_DLSYM 1
| #define HAVE_DECL_DLADDR 1
| #define HAVE_DECL_DLSYM 1
| #define HAVE_DECL_RTLD_DEFAULT 1
| #define HAVE_DECL_RTLD_NEXT 1
| #define HAVE_STPCPY 1
| #define HAVE_OFF_T 1
| #define HAVE_ISNAN 1
| #define HAVE_DECL_ISFINITE 1
| #define HAVE_DECL_ISNAN 1
| #define IEEE_754 1
| #define HAVE_LANGINFO_CODESET 1
| #define HAVE_MKDTEMP 1
| #define HAVE_STRDUP 1
| #define HAVE_STRNCASECMP 1
| #define HAVE_DECL_MKDTEMP 1
| #define HAVE_DECL_STRDUP 1
| #define HAVE_DECL_STRNCASECMP 1
| #define HAVE_WORKING_CALLOC 1
| #define HAVE_WORKING_ISFINITE 1
| #define HAVE_WORKING_LOG1P 1
| #define HAVE_WORKING_FTELL 1
| #define HAVE_WORKING_SIGACTION 1
| #define HAVE_ENUM_BASE_TYPE 1
| #define MKTIME_SETS_ERRNO 1
| #define HAVE_WORKING_MKTIME_AFTER_2037 1
| #define HAVE_WORKING_MKTIME_BEFORE_1902 1
| #define HAVE_WORKING_MKTIME_BEFORE_1970 1
| #define USE_RI18N_FNS 1
| #define USE_RI18N_WIDTH 1
| #define USE_RI18N_CASE 1
| #define HAVE_CABS 1
| #define HAVE_CARG 1
| #define HAVE_CEXP 1
| #define HAVE_CLOG 1
| #define HAVE_CSQRT 1
| #define HAVE_CPOW 1
| #define HAVE_CCOS 1
| #define HAVE_CSIN 1
| #define HAVE_CTAN 1
| #define HAVE_CACOS 1
| #define HAVE_CASIN 1
| #define HAVE_CATAN 1
| #define HAVE_CCOSH 1
| #define HAVE_CSINH 1
| #define HAVE_CTANH 1
| #define HAVE_WORKING_CTANH 1
| #define HAVE_TM_ZONE 1
| #define HAVE_TM_GMTOFF 1
| #define HAVE_ICONV_H 1
| #define HAVE_ICONV 1
| #define HAVE_ICONV_CP1252 1
| #define HAVE_ICONVLIST 1
| #define HAVE_ICONV 1
| #define ICONV_CONST 
| #define HAVE_WCHAR_H 1
| #define HAVE_WCTYPE_H 1
| #define HAVE_MBRTOWC 1
| #define HAVE_WCRTOMB 1
| #define HAVE_WCSCOLL 1
| #define HAVE_WCSFTIME 1
| #define HAVE_WCSTOD 1
| #define HAVE_MBSTOWCS 1
| #define HAVE_WCSTOMBS 1
| #define HAVE_WCTRANS 1
| #define HAVE_WCTYPE 1
| #define HAVE_ISWCTYPE 1
| #define HAVE_WCWIDTH 1
| #define HAVE_WCSWIDTH 1
| #define HAVE_WCTRANS_T 1
| #define HAVE_MBSTATE_T 1
| #define X_DISPLAY_MISSING 1
| #define HAVE_COREFOUNDATION_FW 1
| #define HAVE_BZLIB_H 1
| #define HAVE_LZMA_H 1
| #define HAVE_LZMA 1
| #define HAVE_ZSTD_H 1
| #define HAVE_ZSTD 1
| #define HAVE_ZSTD_DECOMPRESSBOUND 1
| #define HAVE_LIBDEFLATE_H 1
| #define HAVE_LIBDEFLATE 1
| #define USE_LIBDEFLATE 1
| #define PCRE2_CODE_UNIT_WIDTH 8
| #define HAVE_PCRE2 1
| #define HAVE_CURL_CURL_H 1
| #define HAVE_LIBCURL 1
| #define HAVE_JPEG 1
| #define HAVE_PNG 1
| #define HAVE_TIFFIO_H 1
| #define HAVE_TIFF 1
| #define HAVE_POSIX_LEAPSECONDS 1
| #define HAVE_STRUCT_STAT_ST_ATIMESPEC_TV_NSEC 1
| #define HAVE_SETITIMER 1
| #define R_PROFILING 1
| #define HAVE_FSEEKO 1
| #define NVALGRIND 1
| #define VALGRIND_LEVEL 0
| #define USE_INTERNAL_MKTIME 1
| #define HAVE_KERN_USRSTACK 1
| #define R_PRINTCMD "lpr"
| #define HAVE_VISIBILITY 1
| #define HAVE_STDINT_H_WITH_UINTMAX 1
| #define HAVE_GETPAGESIZE 1
| #define HAVE_MMAP 1
| #define INTDIV0_RAISES_SIGFPE 0
| #define HAVE_INTTYPES_H_WITH_UINTMAX 1
| #define HAVE_UNSIGNED_LONG_LONG_INT 1
| #define HAVE_UNSIGNED_LONG_LONG 1
| #define HAVE_UINTMAX_T 1
| #define HAVE_INTTYPES_H 1
| #define HAVE_BUILTIN_EXPECT 1
| #define HAVE_INTTYPES_H 1
| #define HAVE_LIMITS_H 1
| #define HAVE_UNISTD_H 1
| #define HAVE_SYS_PARAM_H 1
| #define HAVE_GETCWD 1
| #define HAVE_GETEGID 1
| #define HAVE_GETEUID 1
| #define HAVE_GETGID 1
| #define HAVE_GETUID 1
| #define HAVE_MUNMAP 1
| #define HAVE_STPCPY 1
| #define HAVE_STRCASECMP 1
| #define HAVE_STRDUP 1
| #define HAVE_STRTOUL 1
| #define HAVE_TSEARCH 1
| /* end confdefs.h.  */
| /* Define argz_stringify to an innocuous variant, in case <limits.h> declares argz_stringify.
|    For example, HP-UX 11i <limits.h> declares gettimeofday.  */
| #define argz_stringify innocuous_argz_stringify
| 
| /* System header to define __stub macros and hopefully few prototypes,
|    which can conflict with char argz_stringify (void); below.  */
| 
| #include <limits.h>
| #undef argz_stringify
| 
| /* Override any GCC internal prototype to avoid an error.
|    Use char because int might match the return type of a GCC
|    builtin and then its argument prototype would still apply.  */
| #ifdef __cplusplus
| extern "C"
| #endif
| char argz_stringify (void);
| /* The GNU C library defines this for functions which it implements
|     to always fail with ENOSYS.  Some functions are actually named
|     something starting with __ and the normal name is an alias.  */
| #if defined __stub_argz_stringify || defined __stub___argz_stringify
| choke me
| #endif
| 
| int
| main (void)
| {
| return argz_stringify ();
|   ;
|   return 0;
| }
configure:58270: result: no
configure:58276: checking for argz_next
configure:58276: gcc -std=gnu23 -o conftest  -g -O2 -fPIC -I/opt/homebrew/Cellar/pcre2/10.47_1/include -I/opt/homebrew/include  -L/opt/homebrew/lib conftest.c -L/opt/homebrew/Cellar/pcre2/10.47_1/lib -lpcre2-8 -ldeflate -lzstd -llzma -lbz2 -lz -ldl -lm -liconv >&5
Undefined symbols for architecture arm64:
  "_argz_next", referenced from:
      _main in conftest-931dfa.o
ld: symbol(s) not found for architecture arm64
clang: error: linker command failed with exit code 1 (use -v to see invocation)
configure:58276: $? = 1
configure: failed program was:
| /* confdefs.h */
| #define PACKAGE_NAME "R"
| #define PACKAGE_TARNAME "R"
| #define PACKAGE_VERSION "4.6.0"
| #define PACKAGE_STRING "R 4.6.0"
| #define PACKAGE_BUGREPORT "https://bugs.r-project.org"
| #define PACKAGE_URL "https://www.r-project.org"
| #define PACKAGE "R"
| #define VERSION "4.6.0"
| #define R_PLATFORM "aarch64-apple-darwin25.6.0"
| #define R_CPU "aarch64"
| #define R_VENDOR "apple"
| #define R_OS "darwin25.6.0"
| #define Unix 1
| #define R_ARCH ""
| #define HAVE_STDIO_H 1
| #define HAVE_STDLIB_H 1
| #define HAVE_STRING_H 1
| #define HAVE_INTTYPES_H 1
| #define HAVE_STDINT_H 1
| #define HAVE_STRINGS_H 1
| #define HAVE_SYS_STAT_H 1
| #define HAVE_SYS_TYPES_H 1
| #define HAVE_UNISTD_H 1
| #define HAVE_WCHAR_H 1
| #define HAVE_SYS_TIME_H 1
| #define HAVE_SYS_PARAM_H 1
| #define STDC_HEADERS 1
| #define _ALL_SOURCE 1
| #define _DARWIN_C_SOURCE 1
| #define _GNU_SOURCE 1
| #define _HPUX_ALT_XOPEN_SOCKET_API 1
| #define _NETBSD_SOURCE 1
| #define _OPENBSD_SOURCE 1
| #define _POSIX_PTHREAD_SEMANTICS 1
| #define __STDC_WANT_IEC_60559_ATTRIBS_EXT__ 1
| #define __STDC_WANT_IEC_60559_BFP_EXT__ 1
| #define __STDC_WANT_IEC_60559_DFP_EXT__ 1
| #define __STDC_WANT_IEC_60559_EXT__ 1
| #define __STDC_WANT_IEC_60559_FUNCS_EXT__ 1
| #define __STDC_WANT_IEC_60559_TYPES_EXT__ 1
| #define __STDC_WANT_LIB_EXT2__ 1
| #define __STDC_WANT_MATH_SPEC_FUNCS__ 1
| #define _TANDEM_SOURCE 1
| #define __EXTENSIONS__ 1
| #define HAVE_VISIBILITY_ATTRIBUTE 1
| #define HAVE_DLFCN_H 1
| #define LT_OBJDIR ".libs/"
| #define HAVE_LIBM 1
| #define HAVE_LIBDL 1
| #define HAVE_DIRENT_H 1
| #define HAVE_SYS_WAIT_H 1
| #define HAVE_DLFCN_H 1
| #define HAVE_FCNTL_H 1
| #define HAVE_GLOB_H 1
| #define HAVE_GRP_H 1
| #define HAVE_PWD_H 1
| #define HAVE_SCHED_H 1
| #define HAVE_STRINGS_H 1
| #define HAVE_SYS_RESOURCE_H 1
| #define HAVE_SYS_SELECT_H 1
| #define HAVE_SYS_SOCKET_H 1
| #define HAVE_SYS_STAT_H 1
| #define HAVE_SYS_TIME_H 1
| #define HAVE_SYS_TIMES_H 1
| #define HAVE_SYS_UTSNAME_H 1
| #define HAVE_UNISTD_H 1
| #define HAVE_UTIME_H 1
| #define HAVE_ARPA_INET_H 1
| #define HAVE_LANGINFO_H 1
| #define HAVE_NETDB_H 1
| #define HAVE_NETINET_IN_H 1
| #define HAVE_SYS_PARAM_H 1
| #define HAVE_STDALIGN_H 1
| #define HAVE_ERRNO_H 1
| #define HAVE_INTTYPES_H 1
| #define HAVE_LIMITS_H 1
| #define HAVE_LOCALE_H 1
| #define HAVE_STDARG_H 1
| #define HAVE_STDBOOL_H 1
| #define HAVE_STDINT_H 1
| #define HAVE_STRING_H 1
| #define HAVE_DECL_SIGSETJMP 1
| #define HAVE_DECL_SIGLONGJMP 1
| #define HAVE_POSIX_SETJMP 1
| #define HAVE_INT64_T 1
| #define HAVE_INT_FAST64_T 1
| #define HAVE_DECL_SIZE_MAX 1
| #define R_SOCKLEN_T socklen_t
| #define HAVE_STACK_T 1
| #define HAVE_INTPTR_T 1
| #define HAVE_UINTPTR_T 1
| #define R_INLINE inline
| #define SIZEOF_INT 4
| #define INT_32_BITS 1
| #define SIZEOF_LONG 8
| #define SIZEOF_LONG_LONG 8
| #define SIZEOF_DOUBLE 8
| #define SIZEOF_SIZE_T 8
| #define C_STACK_DIRECTION 1
| #define HAVE_LONG_DOUBLE 1
| #define SIZEOF_LONG_DOUBLE 8
| #define FC_FUNC(name,NAME) name ## _
| #define FC_FUNC_(name,NAME) name ## _
| #define HAVE_F77_UNDERSCORE 1
| #define HAVE_FORTRAN_DOUBLE_COMPLEX 1
| #define HAVE_NO_SYMBOL_UNDERSCORE 1
| #define FC_LEN_T size_t
| #define SHLIB_EXT ".so"
| #define HAVE_PTHREAD 1
| #define HAVE_OFF_T 1
| #define HAVE_ALLOCA_H 1
| #define HAVE_ALLOCA 1
| #define HAVE_DECL_ALLOCA 1
| #define HAVE_EXPM1 1
| #define HAVE_HYPOT 1
| #define HAVE_LOG1P 1
| #define HAVE_LOG1PL 1
| #define HAVE_LOG2 1
| #define HAVE_LOG10 1
| #define HAVE_NEARBYINT 1
| #define HAVE_NEARBYINTL 1
| #define HAVE_POWL 1
| #define HAVE_RINTL 1
| #define HAVE_VA_COPY 1
| #define HAVE_ISBLANK 1
| #define HAVE___COSPI 1
| #define HAVE___SINPI 1
| #define HAVE___TANPI 1
| #define HAVE_FSEEKO 1
| #define HAVE_FTELLO 1
| #define HAVE_FCNTL 1
| #define HAVE_GETGRGID 1
| #define HAVE_GETPWNAM 1
| #define HAVE_GETPWUID 1
| #define HAVE_KILL 1
| #define HAVE_SIGACTION 1
| #define HAVE_SIGALTSTACK 1
| #define HAVE_SIGEMPTYSET 1
| #define HAVE_FDOPEN 1
| #define HAVE_POPEN 1
| #define HAVE_GETLINE 1
| #define HAVE_SELECT 1
| #define HAVE_SETENV 1
| #define HAVE_UNSETENV 1
| #define HAVE_GETRLIMIT 1
| #define HAVE_SETRLIMIT 1
| #define HAVE_GETRUSAGE 1
| #define HAVE_GETPRIORITY 1
| #define HAVE_CHMOD 1
| #define HAVE_MKFIFO 1
| #define HAVE_STAT 1
| #define HAVE_UMASK 1
| #define HAVE_GETTIMEOFDAY 1
| #define HAVE_UTIMES 1
| #define HAVE_TIMES 1
| #define HAVE_GMTIME_R 1
| #define HAVE_LOCALTIME_R 1
| #define HAVE_NL_LANGINFO 1
| #define HAVE_ACCESS 1
| #define HAVE_CHDIR 1
| #define HAVE_EXECV 1
| #define HAVE_FTRUNCATE 1
| #define HAVE_GETCWD 1
| #define HAVE_GETEUID 1
| #define HAVE_GETUID 1
| #define HAVE_LINK 1
| #define HAVE_READLINK 1
| #define HAVE_SYMLINK 1
| #define HAVE_SYSCONF 1
| #define HAVE_UTIME 1
| #define HAVE_UTIMENSAT 1
| #define HAVE_CLOCK_GETTIME 1
| #define HAVE_TIMESPEC_GET 1
| #define HAVE_PUTENV 1
| #define HAVE_DECL_PUTENV 1
| #define HAVE_VASPRINTF 1
| #define HAVE_DECL_VASPRINTF 1
| #define HAVE_REALPATH 1
| #define HAVE_DECL_REALPATH 1
| #define HAVE_GLOB 1
| #define HAVE_DLADDR 1
| #define HAVE_DLSYM 1
| #define HAVE_DECL_DLADDR 1
| #define HAVE_DECL_DLSYM 1
| #define HAVE_DECL_RTLD_DEFAULT 1
| #define HAVE_DECL_RTLD_NEXT 1
| #define HAVE_STPCPY 1
| #define HAVE_OFF_T 1
| #define HAVE_ISNAN 1
| #define HAVE_DECL_ISFINITE 1
| #define HAVE_DECL_ISNAN 1
| #define IEEE_754 1
| #define HAVE_LANGINFO_CODESET 1
| #define HAVE_MKDTEMP 1
| #define HAVE_STRDUP 1
| #define HAVE_STRNCASECMP 1
| #define HAVE_DECL_MKDTEMP 1
| #define HAVE_DECL_STRDUP 1
| #define HAVE_DECL_STRNCASECMP 1
| #define HAVE_WORKING_CALLOC 1
| #define HAVE_WORKING_ISFINITE 1
| #define HAVE_WORKING_LOG1P 1
| #define HAVE_WORKING_FTELL 1
| #define HAVE_WORKING_SIGACTION 1
| #define HAVE_ENUM_BASE_TYPE 1
| #define MKTIME_SETS_ERRNO 1
| #define HAVE_WORKING_MKTIME_AFTER_2037 1
| #define HAVE_WORKING_MKTIME_BEFORE_1902 1
| #define HAVE_WORKING_MKTIME_BEFORE_1970 1
| #define USE_RI18N_FNS 1
| #define USE_RI18N_WIDTH 1
| #define USE_RI18N_CASE 1
| #define HAVE_CABS 1
| #define HAVE_CARG 1
| #define HAVE_CEXP 1
| #define HAVE_CLOG 1
| #define HAVE_CSQRT 1
| #define HAVE_CPOW 1
| #define HAVE_CCOS 1
| #define HAVE_CSIN 1
| #define HAVE_CTAN 1
| #define HAVE_CACOS 1
| #define HAVE_CASIN 1
| #define HAVE_CATAN 1
| #define HAVE_CCOSH 1
| #define HAVE_CSINH 1
| #define HAVE_CTANH 1
| #define HAVE_WORKING_CTANH 1
| #define HAVE_TM_ZONE 1
| #define HAVE_TM_GMTOFF 1
| #define HAVE_ICONV_H 1
| #define HAVE_ICONV 1
| #define HAVE_ICONV_CP1252 1
| #define HAVE_ICONVLIST 1
| #define HAVE_ICONV 1
| #define ICONV_CONST 
| #define HAVE_WCHAR_H 1
| #define HAVE_WCTYPE_H 1
| #define HAVE_MBRTOWC 1
| #define HAVE_WCRTOMB 1
| #define HAVE_WCSCOLL 1
| #define HAVE_WCSFTIME 1
| #define HAVE_WCSTOD 1
| #define HAVE_MBSTOWCS 1
| #define HAVE_WCSTOMBS 1
| #define HAVE_WCTRANS 1
| #define HAVE_WCTYPE 1
| #define HAVE_ISWCTYPE 1
| #define HAVE_WCWIDTH 1
| #define HAVE_WCSWIDTH 1
| #define HAVE_WCTRANS_T 1
| #define HAVE_MBSTATE_T 1
| #define X_DISPLAY_MISSING 1
| #define HAVE_COREFOUNDATION_FW 1
| #define HAVE_BZLIB_H 1
| #define HAVE_LZMA_H 1
| #define HAVE_LZMA 1
| #define HAVE_ZSTD_H 1
| #define HAVE_ZSTD 1
| #define HAVE_ZSTD_DECOMPRESSBOUND 1
| #define HAVE_LIBDEFLATE_H 1
| #define HAVE_LIBDEFLATE 1
| #define USE_LIBDEFLATE 1
| #define PCRE2_CODE_UNIT_WIDTH 8
| #define HAVE_PCRE2 1
| #define HAVE_CURL_CURL_H 1
| #define HAVE_LIBCURL 1
| #define HAVE_JPEG 1
| #define HAVE_PNG 1
| #define HAVE_TIFFIO_H 1
| #define HAVE_TIFF 1
| #define HAVE_POSIX_LEAPSECONDS 1
| #define HAVE_STRUCT_STAT_ST_ATIMESPEC_TV_NSEC 1
| #define HAVE_SETITIMER 1
| #define R_PROFILING 1
| #define HAVE_FSEEKO 1
| #define NVALGRIND 1
| #define VALGRIND_LEVEL 0
| #define USE_INTERNAL_MKTIME 1
| #define HAVE_KERN_USRSTACK 1
| #define R_PRINTCMD "lpr"
| #define HAVE_VISIBILITY 1
| #define HAVE_STDINT_H_WITH_UINTMAX 1
| #define HAVE_GETPAGESIZE 1
| #define HAVE_MMAP 1
| #define INTDIV0_RAISES_SIGFPE 0
| #define HAVE_INTTYPES_H_WITH_UINTMAX 1
| #define HAVE_UNSIGNED_LONG_LONG_INT 1
| #define HAVE_UNSIGNED_LONG_LONG 1
| #define HAVE_UINTMAX_T 1
| #define HAVE_INTTYPES_H 1
| #define HAVE_BUILTIN_EXPECT 1
| #define HAVE_INTTYPES_H 1
| #define HAVE_LIMITS_H 1
| #define HAVE_UNISTD_H 1
| #define HAVE_SYS_PARAM_H 1
| #define HAVE_GETCWD 1
| #define HAVE_GETEGID 1
| #define HAVE_GETEUID 1
| #define HAVE_GETGID 1
| #define HAVE_GETUID 1
| #define HAVE_MUNMAP 1
| #define HAVE_STPCPY 1
| #define HAVE_STRCASECMP 1
| #define HAVE_STRDUP 1
| #define HAVE_STRTOUL 1
| #define HAVE_TSEARCH 1
| /* end confdefs.h.  */
| /* Define argz_next to an innocuous variant, in case <limits.h> declares argz_next.
|    For example, HP-UX 11i <limits.h> declares gettimeofday.  */
| #define argz_next innocuous_argz_next
| 
| /* System header to define __stub macros and hopefully few prototypes,
|    which can conflict with char argz_next (void); below.  */
| 
| #include <limits.h>
| #undef argz_next
| 
| /* Override any GCC internal prototype to avoid an error.
|    Use char because int might match the return type of a GCC
|    builtin and then its argument prototype would still apply.  */
| #ifdef __cplusplus
| extern "C"
| #endif
| char argz_next (void);
| /* The GNU C library defines this for functions which it implements
|     to always fail with ENOSYS.  Some functions are actually named
|     something starting with __ and the normal name is an alias.  */
| #if defined __stub_argz_next || defined __stub___argz_next
| choke me
| #endif
| 
| int
| main (void)
| {
| return argz_next ();
|   ;
|   return 0;
| }
configure:58276: result: no
configure:58282: checking for __fsetlocking
configure:58282: gcc -std=gnu23 -o conftest  -g -O2 -fPIC -I/opt/homebrew/Cellar/pcre2/10.47_1/include -I/opt/homebrew/include  -L/opt/homebrew/lib conftest.c -L/opt/homebrew/Cellar/pcre2/10.47_1/lib -lpcre2-8 -ldeflate -lzstd -llzma -lbz2 -lz -ldl -lm -liconv >&5
Undefined symbols for architecture arm64:
  "___fsetlocking", referenced from:
      _main in conftest-bad24e.o
ld: symbol(s) not found for architecture arm64
clang: error: linker command failed with exit code 1 (use -v to see invocation)
configure:58282: $? = 1
configure: failed program was:
| /* confdefs.h */
| #define PACKAGE_NAME "R"
| #define PACKAGE_TARNAME "R"
| #define PACKAGE_VERSION "4.6.0"
| #define PACKAGE_STRING "R 4.6.0"
| #define PACKAGE_BUGREPORT "https://bugs.r-project.org"
| #define PACKAGE_URL "https://www.r-project.org"
| #define PACKAGE "R"
| #define VERSION "4.6.0"
| #define R_PLATFORM "aarch64-apple-darwin25.6.0"
| #define R_CPU "aarch64"
| #define R_VENDOR "apple"
| #define R_OS "darwin25.6.0"
| #define Unix 1
| #define R_ARCH ""
| #define HAVE_STDIO_H 1
| #define HAVE_STDLIB_H 1
| #define HAVE_STRING_H 1
| #define HAVE_INTTYPES_H 1
| #define HAVE_STDINT_H 1
| #define HAVE_STRINGS_H 1
| #define HAVE_SYS_STAT_H 1
| #define HAVE_SYS_TYPES_H 1
| #define HAVE_UNISTD_H 1
| #define HAVE_WCHAR_H 1
| #define HAVE_SYS_TIME_H 1
| #define HAVE_SYS_PARAM_H 1
| #define STDC_HEADERS 1
| #define _ALL_SOURCE 1
| #define _DARWIN_C_SOURCE 1
| #define _GNU_SOURCE 1
| #define _HPUX_ALT_XOPEN_SOCKET_API 1
| #define _NETBSD_SOURCE 1
| #define _OPENBSD_SOURCE 1
| #define _POSIX_PTHREAD_SEMANTICS 1
| #define __STDC_WANT_IEC_60559_ATTRIBS_EXT__ 1
| #define __STDC_WANT_IEC_60559_BFP_EXT__ 1
| #define __STDC_WANT_IEC_60559_DFP_EXT__ 1
| #define __STDC_WANT_IEC_60559_EXT__ 1
| #define __STDC_WANT_IEC_60559_FUNCS_EXT__ 1
| #define __STDC_WANT_IEC_60559_TYPES_EXT__ 1
| #define __STDC_WANT_LIB_EXT2__ 1
| #define __STDC_WANT_MATH_SPEC_FUNCS__ 1
| #define _TANDEM_SOURCE 1
| #define __EXTENSIONS__ 1
| #define HAVE_VISIBILITY_ATTRIBUTE 1
| #define HAVE_DLFCN_H 1
| #define LT_OBJDIR ".libs/"
| #define HAVE_LIBM 1
| #define HAVE_LIBDL 1
| #define HAVE_DIRENT_H 1
| #define HAVE_SYS_WAIT_H 1
| #define HAVE_DLFCN_H 1
| #define HAVE_FCNTL_H 1
| #define HAVE_GLOB_H 1
| #define HAVE_GRP_H 1
| #define HAVE_PWD_H 1
| #define HAVE_SCHED_H 1
| #define HAVE_STRINGS_H 1
| #define HAVE_SYS_RESOURCE_H 1
| #define HAVE_SYS_SELECT_H 1
| #define HAVE_SYS_SOCKET_H 1
| #define HAVE_SYS_STAT_H 1
| #define HAVE_SYS_TIME_H 1
| #define HAVE_SYS_TIMES_H 1
| #define HAVE_SYS_UTSNAME_H 1
| #define HAVE_UNISTD_H 1
| #define HAVE_UTIME_H 1
| #define HAVE_ARPA_INET_H 1
| #define HAVE_LANGINFO_H 1
| #define HAVE_NETDB_H 1
| #define HAVE_NETINET_IN_H 1
| #define HAVE_SYS_PARAM_H 1
| #define HAVE_STDALIGN_H 1
| #define HAVE_ERRNO_H 1
| #define HAVE_INTTYPES_H 1
| #define HAVE_LIMITS_H 1
| #define HAVE_LOCALE_H 1
| #define HAVE_STDARG_H 1
| #define HAVE_STDBOOL_H 1
| #define HAVE_STDINT_H 1
| #define HAVE_STRING_H 1
| #define HAVE_DECL_SIGSETJMP 1
| #define HAVE_DECL_SIGLONGJMP 1
| #define HAVE_POSIX_SETJMP 1
| #define HAVE_INT64_T 1
| #define HAVE_INT_FAST64_T 1
| #define HAVE_DECL_SIZE_MAX 1
| #define R_SOCKLEN_T socklen_t
| #define HAVE_STACK_T 1
| #define HAVE_INTPTR_T 1
| #define HAVE_UINTPTR_T 1
| #define R_INLINE inline
| #define SIZEOF_INT 4
| #define INT_32_BITS 1
| #define SIZEOF_LONG 8
| #define SIZEOF_LONG_LONG 8
| #define SIZEOF_DOUBLE 8
| #define SIZEOF_SIZE_T 8
| #define C_STACK_DIRECTION 1
| #define HAVE_LONG_DOUBLE 1
| #define SIZEOF_LONG_DOUBLE 8
| #define FC_FUNC(name,NAME) name ## _
| #define FC_FUNC_(name,NAME) name ## _
| #define HAVE_F77_UNDERSCORE 1
| #define HAVE_FORTRAN_DOUBLE_COMPLEX 1
| #define HAVE_NO_SYMBOL_UNDERSCORE 1
| #define FC_LEN_T size_t
| #define SHLIB_EXT ".so"
| #define HAVE_PTHREAD 1
| #define HAVE_OFF_T 1
| #define HAVE_ALLOCA_H 1
| #define HAVE_ALLOCA 1
| #define HAVE_DECL_ALLOCA 1
| #define HAVE_EXPM1 1
| #define HAVE_HYPOT 1
| #define HAVE_LOG1P 1
| #define HAVE_LOG1PL 1
| #define HAVE_LOG2 1
| #define HAVE_LOG10 1
| #define HAVE_NEARBYINT 1
| #define HAVE_NEARBYINTL 1
| #define HAVE_POWL 1
| #define HAVE_RINTL 1
| #define HAVE_VA_COPY 1
| #define HAVE_ISBLANK 1
| #define HAVE___COSPI 1
| #define HAVE___SINPI 1
| #define HAVE___TANPI 1
| #define HAVE_FSEEKO 1
| #define HAVE_FTELLO 1
| #define HAVE_FCNTL 1
| #define HAVE_GETGRGID 1
| #define HAVE_GETPWNAM 1
| #define HAVE_GETPWUID 1
| #define HAVE_KILL 1
| #define HAVE_SIGACTION 1
| #define HAVE_SIGALTSTACK 1
| #define HAVE_SIGEMPTYSET 1
| #define HAVE_FDOPEN 1
| #define HAVE_POPEN 1
| #define HAVE_GETLINE 1
| #define HAVE_SELECT 1
| #define HAVE_SETENV 1
| #define HAVE_UNSETENV 1
| #define HAVE_GETRLIMIT 1
| #define HAVE_SETRLIMIT 1
| #define HAVE_GETRUSAGE 1
| #define HAVE_GETPRIORITY 1
| #define HAVE_CHMOD 1
| #define HAVE_MKFIFO 1
| #define HAVE_STAT 1
| #define HAVE_UMASK 1
| #define HAVE_GETTIMEOFDAY 1
| #define HAVE_UTIMES 1
| #define HAVE_TIMES 1
| #define HAVE_GMTIME_R 1
| #define HAVE_LOCALTIME_R 1
| #define HAVE_NL_LANGINFO 1
| #define HAVE_ACCESS 1
| #define HAVE_CHDIR 1
| #define HAVE_EXECV 1
| #define HAVE_FTRUNCATE 1
| #define HAVE_GETCWD 1
| #define HAVE_GETEUID 1
| #define HAVE_GETUID 1
| #define HAVE_LINK 1
| #define HAVE_READLINK 1
| #define HAVE_SYMLINK 1
| #define HAVE_SYSCONF 1
| #define HAVE_UTIME 1
| #define HAVE_UTIMENSAT 1
| #define HAVE_CLOCK_GETTIME 1
| #define HAVE_TIMESPEC_GET 1
| #define HAVE_PUTENV 1
| #define HAVE_DECL_PUTENV 1
| #define HAVE_VASPRINTF 1
| #define HAVE_DECL_VASPRINTF 1
| #define HAVE_REALPATH 1
| #define HAVE_DECL_REALPATH 1
| #define HAVE_GLOB 1
| #define HAVE_DLADDR 1
| #define HAVE_DLSYM 1
| #define HAVE_DECL_DLADDR 1
| #define HAVE_DECL_DLSYM 1
| #define HAVE_DECL_RTLD_DEFAULT 1
| #define HAVE_DECL_RTLD_NEXT 1
| #define HAVE_STPCPY 1
| #define HAVE_OFF_T 1
| #define HAVE_ISNAN 1
| #define HAVE_DECL_ISFINITE 1
| #define HAVE_DECL_ISNAN 1
| #define IEEE_754 1
| #define HAVE_LANGINFO_CODESET 1
| #define HAVE_MKDTEMP 1
| #define HAVE_STRDUP 1
| #define HAVE_STRNCASECMP 1
| #define HAVE_DECL_MKDTEMP 1
| #define HAVE_DECL_STRDUP 1
| #define HAVE_DECL_STRNCASECMP 1
| #define HAVE_WORKING_CALLOC 1
| #define HAVE_WORKING_ISFINITE 1
| #define HAVE_WORKING_LOG1P 1
| #define HAVE_WORKING_FTELL 1
| #define HAVE_WORKING_SIGACTION 1
| #define HAVE_ENUM_BASE_TYPE 1
| #define MKTIME_SETS_ERRNO 1
| #define HAVE_WORKING_MKTIME_AFTER_2037 1
| #define HAVE_WORKING_MKTIME_BEFORE_1902 1
| #define HAVE_WORKING_MKTIME_BEFORE_1970 1
| #define USE_RI18N_FNS 1
| #define USE_RI18N_WIDTH 1
| #define USE_RI18N_CASE 1
| #define HAVE_CABS 1
| #define HAVE_CARG 1
| #define HAVE_CEXP 1
| #define HAVE_CLOG 1
| #define HAVE_CSQRT 1
| #define HAVE_CPOW 1
| #define HAVE_CCOS 1
| #define HAVE_CSIN 1
| #define HAVE_CTAN 1
| #define HAVE_CACOS 1
| #define HAVE_CASIN 1
| #define HAVE_CATAN 1
| #define HAVE_CCOSH 1
| #define HAVE_CSINH 1
| #define HAVE_CTANH 1
| #define HAVE_WORKING_CTANH 1
| #define HAVE_TM_ZONE 1
| #define HAVE_TM_GMTOFF 1
| #define HAVE_ICONV_H 1
| #define HAVE_ICONV 1
| #define HAVE_ICONV_CP1252 1
| #define HAVE_ICONVLIST 1
| #define HAVE_ICONV 1
| #define ICONV_CONST 
| #define HAVE_WCHAR_H 1
| #define HAVE_WCTYPE_H 1
| #define HAVE_MBRTOWC 1
| #define HAVE_WCRTOMB 1
| #define HAVE_WCSCOLL 1
| #define HAVE_WCSFTIME 1
| #define HAVE_WCSTOD 1
| #define HAVE_MBSTOWCS 1
| #define HAVE_WCSTOMBS 1
| #define HAVE_WCTRANS 1
| #define HAVE_WCTYPE 1
| #define HAVE_ISWCTYPE 1
| #define HAVE_WCWIDTH 1
| #define HAVE_WCSWIDTH 1
| #define HAVE_WCTRANS_T 1
| #define HAVE_MBSTATE_T 1
| #define X_DISPLAY_MISSING 1
| #define HAVE_COREFOUNDATION_FW 1
| #define HAVE_BZLIB_H 1
| #define HAVE_LZMA_H 1
| #define HAVE_LZMA 1
| #define HAVE_ZSTD_H 1
| #define HAVE_ZSTD 1
| #define HAVE_ZSTD_DECOMPRESSBOUND 1
| #define HAVE_LIBDEFLATE_H 1
| #define HAVE_LIBDEFLATE 1
| #define USE_LIBDEFLATE 1
| #define PCRE2_CODE_UNIT_WIDTH 8
| #define HAVE_PCRE2 1
| #define HAVE_CURL_CURL_H 1
| #define HAVE_LIBCURL 1
| #define HAVE_JPEG 1
| #define HAVE_PNG 1
| #define HAVE_TIFFIO_H 1
| #define HAVE_TIFF 1
| #define HAVE_POSIX_LEAPSECONDS 1
| #define HAVE_STRUCT_STAT_ST_ATIMESPEC_TV_NSEC 1
| #define HAVE_SETITIMER 1
| #define R_PROFILING 1
| #define HAVE_FSEEKO 1
| #define NVALGRIND 1
| #define VALGRIND_LEVEL 0
| #define USE_INTERNAL_MKTIME 1
| #define HAVE_KERN_USRSTACK 1
| #define R_PRINTCMD "lpr"
| #define HAVE_VISIBILITY 1
| #define HAVE_STDINT_H_WITH_UINTMAX 1
| #define HAVE_GETPAGESIZE 1
| #define HAVE_MMAP 1
| #define INTDIV0_RAISES_SIGFPE 0
| #define HAVE_INTTYPES_H_WITH_UINTMAX 1
| #define HAVE_UNSIGNED_LONG_LONG_INT 1
| #define HAVE_UNSIGNED_LONG_LONG 1
| #define HAVE_UINTMAX_T 1
| #define HAVE_INTTYPES_H 1
| #define HAVE_BUILTIN_EXPECT 1
| #define HAVE_INTTYPES_H 1
| #define HAVE_LIMITS_H 1
| #define HAVE_UNISTD_H 1
| #define HAVE_SYS_PARAM_H 1
| #define HAVE_GETCWD 1
| #define HAVE_GETEGID 1
| #define HAVE_GETEUID 1
| #define HAVE_GETGID 1
| #define HAVE_GETUID 1
| #define HAVE_MUNMAP 1
| #define HAVE_STPCPY 1
| #define HAVE_STRCASECMP 1
| #define HAVE_STRDUP 1
| #define HAVE_STRTOUL 1
| #define HAVE_TSEARCH 1
| /* end confdefs.h.  */
| /* Define __fsetlocking to an innocuous variant, in case <limits.h> declares __fsetlocking.
|    For example, HP-UX 11i <limits.h> declares gettimeofday.  */
| #define __fsetlocking innocuous___fsetlocking
| 
| /* System header to define __stub macros and hopefully few prototypes,
|    which can conflict with char __fsetlocking (void); below.  */
| 
| #include <limits.h>
| #undef __fsetlocking
| 
| /* Override any GCC internal prototype to avoid an error.
|    Use char because int might match the return type of a GCC
|    builtin and then its argument prototype would still apply.  */
| #ifdef __cplusplus
| extern "C"
| #endif
| char __fsetlocking (void);
| /* The GNU C library defines this for functions which it implements
|     to always fail with ENOSYS.  Some functions are actually named
|     something starting with __ and the normal name is an alias.  */
| #if defined __stub___fsetlocking || defined __stub_____fsetlocking
| choke me
| #endif
| 
| int
| main (void)
| {
| return __fsetlocking ();
|   ;
|   return 0;
| }
configure:58282: result: no
configure:58291: checking whether feof_unlocked is declared
configure:58320: gcc -std=gnu23 -c  -g -O2 -fPIC -I/opt/homebrew/Cellar/pcre2/10.47_1/include -I/opt/homebrew/include  conftest.c >&5
configure:58320: $? = 0
configure:58330: result: yes
configure:58342: checking whether fgets_unlocked is declared
configure:58371: gcc -std=gnu23 -c  -g -O2 -fPIC -I/opt/homebrew/Cellar/pcre2/10.47_1/include -I/opt/homebrew/include  conftest.c >&5
conftest.c:325:22: error: use of undeclared identifier 'fgets_unlocked'
  325 |   char *p = (char *) fgets_unlocked;
      |                      ^~~~~~~~~~~~~~
1 error generated.
configure:58371: $? = 1
configure: failed program was:
| /* confdefs.h */
| #define PACKAGE_NAME "R"
| #define PACKAGE_TARNAME "R"
| #define PACKAGE_VERSION "4.6.0"
| #define PACKAGE_STRING "R 4.6.0"
| #define PACKAGE_BUGREPORT "https://bugs.r-project.org"
| #define PACKAGE_URL "https://www.r-project.org"
| #define PACKAGE "R"
| #define VERSION "4.6.0"
| #define R_PLATFORM "aarch64-apple-darwin25.6.0"
| #define R_CPU "aarch64"
| #define R_VENDOR "apple"
| #define R_OS "darwin25.6.0"
| #define Unix 1
| #define R_ARCH ""
| #define HAVE_STDIO_H 1
| #define HAVE_STDLIB_H 1
| #define HAVE_STRING_H 1
| #define HAVE_INTTYPES_H 1
| #define HAVE_STDINT_H 1
| #define HAVE_STRINGS_H 1
| #define HAVE_SYS_STAT_H 1
| #define HAVE_SYS_TYPES_H 1
| #define HAVE_UNISTD_H 1
| #define HAVE_WCHAR_H 1
| #define HAVE_SYS_TIME_H 1
| #define HAVE_SYS_PARAM_H 1
| #define STDC_HEADERS 1
| #define _ALL_SOURCE 1
| #define _DARWIN_C_SOURCE 1
| #define _GNU_SOURCE 1
| #define _HPUX_ALT_XOPEN_SOCKET_API 1
| #define _NETBSD_SOURCE 1
| #define _OPENBSD_SOURCE 1
| #define _POSIX_PTHREAD_SEMANTICS 1
| #define __STDC_WANT_IEC_60559_ATTRIBS_EXT__ 1
| #define __STDC_WANT_IEC_60559_BFP_EXT__ 1
| #define __STDC_WANT_IEC_60559_DFP_EXT__ 1
| #define __STDC_WANT_IEC_60559_EXT__ 1
| #define __STDC_WANT_IEC_60559_FUNCS_EXT__ 1
| #define __STDC_WANT_IEC_60559_TYPES_EXT__ 1
| #define __STDC_WANT_LIB_EXT2__ 1
| #define __STDC_WANT_MATH_SPEC_FUNCS__ 1
| #define _TANDEM_SOURCE 1
| #define __EXTENSIONS__ 1
| #define HAVE_VISIBILITY_ATTRIBUTE 1
| #define HAVE_DLFCN_H 1
| #define LT_OBJDIR ".libs/"
| #define HAVE_LIBM 1
| #define HAVE_LIBDL 1
| #define HAVE_DIRENT_H 1
| #define HAVE_SYS_WAIT_H 1
| #define HAVE_DLFCN_H 1
| #define HAVE_FCNTL_H 1
| #define HAVE_GLOB_H 1
| #define HAVE_GRP_H 1
| #define HAVE_PWD_H 1
| #define HAVE_SCHED_H 1
| #define HAVE_STRINGS_H 1
| #define HAVE_SYS_RESOURCE_H 1
| #define HAVE_SYS_SELECT_H 1
| #define HAVE_SYS_SOCKET_H 1
| #define HAVE_SYS_STAT_H 1
| #define HAVE_SYS_TIME_H 1
| #define HAVE_SYS_TIMES_H 1
| #define HAVE_SYS_UTSNAME_H 1
| #define HAVE_UNISTD_H 1
| #define HAVE_UTIME_H 1
| #define HAVE_ARPA_INET_H 1
| #define HAVE_LANGINFO_H 1
| #define HAVE_NETDB_H 1
| #define HAVE_NETINET_IN_H 1
| #define HAVE_SYS_PARAM_H 1
| #define HAVE_STDALIGN_H 1
| #define HAVE_ERRNO_H 1
| #define HAVE_INTTYPES_H 1
| #define HAVE_LIMITS_H 1
| #define HAVE_LOCALE_H 1
| #define HAVE_STDARG_H 1
| #define HAVE_STDBOOL_H 1
| #define HAVE_STDINT_H 1
| #define HAVE_STRING_H 1
| #define HAVE_DECL_SIGSETJMP 1
| #define HAVE_DECL_SIGLONGJMP 1
| #define HAVE_POSIX_SETJMP 1
| #define HAVE_INT64_T 1
| #define HAVE_INT_FAST64_T 1
| #define HAVE_DECL_SIZE_MAX 1
| #define R_SOCKLEN_T socklen_t
| #define HAVE_STACK_T 1
| #define HAVE_INTPTR_T 1
| #define HAVE_UINTPTR_T 1
| #define R_INLINE inline
| #define SIZEOF_INT 4
| #define INT_32_BITS 1
| #define SIZEOF_LONG 8
| #define SIZEOF_LONG_LONG 8
| #define SIZEOF_DOUBLE 8
| #define SIZEOF_SIZE_T 8
| #define C_STACK_DIRECTION 1
| #define HAVE_LONG_DOUBLE 1
| #define SIZEOF_LONG_DOUBLE 8
| #define FC_FUNC(name,NAME) name ## _
| #define FC_FUNC_(name,NAME) name ## _
| #define HAVE_F77_UNDERSCORE 1
| #define HAVE_FORTRAN_DOUBLE_COMPLEX 1
| #define HAVE_NO_SYMBOL_UNDERSCORE 1
| #define FC_LEN_T size_t
| #define SHLIB_EXT ".so"
| #define HAVE_PTHREAD 1
| #define HAVE_OFF_T 1
| #define HAVE_ALLOCA_H 1
| #define HAVE_ALLOCA 1
| #define HAVE_DECL_ALLOCA 1
| #define HAVE_EXPM1 1
| #define HAVE_HYPOT 1
| #define HAVE_LOG1P 1
| #define HAVE_LOG1PL 1
| #define HAVE_LOG2 1
| #define HAVE_LOG10 1
| #define HAVE_NEARBYINT 1
| #define HAVE_NEARBYINTL 1
| #define HAVE_POWL 1
| #define HAVE_RINTL 1
| #define HAVE_VA_COPY 1
| #define HAVE_ISBLANK 1
| #define HAVE___COSPI 1
| #define HAVE___SINPI 1
| #define HAVE___TANPI 1
| #define HAVE_FSEEKO 1
| #define HAVE_FTELLO 1
| #define HAVE_FCNTL 1
| #define HAVE_GETGRGID 1
| #define HAVE_GETPWNAM 1
| #define HAVE_GETPWUID 1
| #define HAVE_KILL 1
| #define HAVE_SIGACTION 1
| #define HAVE_SIGALTSTACK 1
| #define HAVE_SIGEMPTYSET 1
| #define HAVE_FDOPEN 1
| #define HAVE_POPEN 1
| #define HAVE_GETLINE 1
| #define HAVE_SELECT 1
| #define HAVE_SETENV 1
| #define HAVE_UNSETENV 1
| #define HAVE_GETRLIMIT 1
| #define HAVE_SETRLIMIT 1
| #define HAVE_GETRUSAGE 1
| #define HAVE_GETPRIORITY 1
| #define HAVE_CHMOD 1
| #define HAVE_MKFIFO 1
| #define HAVE_STAT 1
| #define HAVE_UMASK 1
| #define HAVE_GETTIMEOFDAY 1
| #define HAVE_UTIMES 1
| #define HAVE_TIMES 1
| #define HAVE_GMTIME_R 1
| #define HAVE_LOCALTIME_R 1
| #define HAVE_NL_LANGINFO 1
| #define HAVE_ACCESS 1
| #define HAVE_CHDIR 1
| #define HAVE_EXECV 1
| #define HAVE_FTRUNCATE 1
| #define HAVE_GETCWD 1
| #define HAVE_GETEUID 1
| #define HAVE_GETUID 1
| #define HAVE_LINK 1
| #define HAVE_READLINK 1
| #define HAVE_SYMLINK 1
| #define HAVE_SYSCONF 1
| #define HAVE_UTIME 1
| #define HAVE_UTIMENSAT 1
| #define HAVE_CLOCK_GETTIME 1
| #define HAVE_TIMESPEC_GET 1
| #define HAVE_PUTENV 1
| #define HAVE_DECL_PUTENV 1
| #define HAVE_VASPRINTF 1
| #define HAVE_DECL_VASPRINTF 1
| #define HAVE_REALPATH 1
| #define HAVE_DECL_REALPATH 1
| #define HAVE_GLOB 1
| #define HAVE_DLADDR 1
| #define HAVE_DLSYM 1
| #define HAVE_DECL_DLADDR 1
| #define HAVE_DECL_DLSYM 1
| #define HAVE_DECL_RTLD_DEFAULT 1
| #define HAVE_DECL_RTLD_NEXT 1
| #define HAVE_STPCPY 1
| #define HAVE_OFF_T 1
| #define HAVE_ISNAN 1
| #define HAVE_DECL_ISFINITE 1
| #define HAVE_DECL_ISNAN 1
| #define IEEE_754 1
| #define HAVE_LANGINFO_CODESET 1
| #define HAVE_MKDTEMP 1
| #define HAVE_STRDUP 1
| #define HAVE_STRNCASECMP 1
| #define HAVE_DECL_MKDTEMP 1
| #define HAVE_DECL_STRDUP 1
| #define HAVE_DECL_STRNCASECMP 1
| #define HAVE_WORKING_CALLOC 1
| #define HAVE_WORKING_ISFINITE 1
| #define HAVE_WORKING_LOG1P 1
| #define HAVE_WORKING_FTELL 1
| #define HAVE_WORKING_SIGACTION 1
| #define HAVE_ENUM_BASE_TYPE 1
| #define MKTIME_SETS_ERRNO 1
| #define HAVE_WORKING_MKTIME_AFTER_2037 1
| #define HAVE_WORKING_MKTIME_BEFORE_1902 1
| #define HAVE_WORKING_MKTIME_BEFORE_1970 1
| #define USE_RI18N_FNS 1
| #define USE_RI18N_WIDTH 1
| #define USE_RI18N_CASE 1
| #define HAVE_CABS 1
| #define HAVE_CARG 1
| #define HAVE_CEXP 1
| #define HAVE_CLOG 1
| #define HAVE_CSQRT 1
| #define HAVE_CPOW 1
| #define HAVE_CCOS 1
| #define HAVE_CSIN 1
| #define HAVE_CTAN 1
| #define HAVE_CACOS 1
| #define HAVE_CASIN 1
| #define HAVE_CATAN 1
| #define HAVE_CCOSH 1
| #define HAVE_CSINH 1
| #define HAVE_CTANH 1
| #define HAVE_WORKING_CTANH 1
| #define HAVE_TM_ZONE 1
| #define HAVE_TM_GMTOFF 1
| #define HAVE_ICONV_H 1
| #define HAVE_ICONV 1
| #define HAVE_ICONV_CP1252 1
| #define HAVE_ICONVLIST 1
| #define HAVE_ICONV 1
| #define ICONV_CONST 
| #define HAVE_WCHAR_H 1
| #define HAVE_WCTYPE_H 1
| #define HAVE_MBRTOWC 1
| #define HAVE_WCRTOMB 1
| #define HAVE_WCSCOLL 1
| #define HAVE_WCSFTIME 1
| #define HAVE_WCSTOD 1
| #define HAVE_MBSTOWCS 1
| #define HAVE_WCSTOMBS 1
| #define HAVE_WCTRANS 1
| #define HAVE_WCTYPE 1
| #define HAVE_ISWCTYPE 1
| #define HAVE_WCWIDTH 1
| #define HAVE_WCSWIDTH 1
| #define HAVE_WCTRANS_T 1
| #define HAVE_MBSTATE_T 1
| #define X_DISPLAY_MISSING 1
| #define HAVE_COREFOUNDATION_FW 1
| #define HAVE_BZLIB_H 1
| #define HAVE_LZMA_H 1
| #define HAVE_LZMA 1
| #define HAVE_ZSTD_H 1
| #define HAVE_ZSTD 1
| #define HAVE_ZSTD_DECOMPRESSBOUND 1
| #define HAVE_LIBDEFLATE_H 1
| #define HAVE_LIBDEFLATE 1
| #define USE_LIBDEFLATE 1
| #define PCRE2_CODE_UNIT_WIDTH 8
| #define HAVE_PCRE2 1
| #define HAVE_CURL_CURL_H 1
| #define HAVE_LIBCURL 1
| #define HAVE_JPEG 1
| #define HAVE_PNG 1
| #define HAVE_TIFFIO_H 1
| #define HAVE_TIFF 1
| #define HAVE_POSIX_LEAPSECONDS 1
| #define HAVE_STRUCT_STAT_ST_ATIMESPEC_TV_NSEC 1
| #define HAVE_SETITIMER 1
| #define R_PROFILING 1
| #define HAVE_FSEEKO 1
| #define NVALGRIND 1
| #define VALGRIND_LEVEL 0
| #define USE_INTERNAL_MKTIME 1
| #define HAVE_KERN_USRSTACK 1
| #define R_PRINTCMD "lpr"
| #define HAVE_VISIBILITY 1
| #define HAVE_STDINT_H_WITH_UINTMAX 1
| #define HAVE_GETPAGESIZE 1
| #define HAVE_MMAP 1
| #define INTDIV0_RAISES_SIGFPE 0
| #define HAVE_INTTYPES_H_WITH_UINTMAX 1
| #define HAVE_UNSIGNED_LONG_LONG_INT 1
| #define HAVE_UNSIGNED_LONG_LONG 1
| #define HAVE_UINTMAX_T 1
| #define HAVE_INTTYPES_H 1
| #define HAVE_BUILTIN_EXPECT 1
| #define HAVE_INTTYPES_H 1
| #define HAVE_LIMITS_H 1
| #define HAVE_UNISTD_H 1
| #define HAVE_SYS_PARAM_H 1
| #define HAVE_GETCWD 1
| #define HAVE_GETEGID 1
| #define HAVE_GETEUID 1
| #define HAVE_GETGID 1
| #define HAVE_GETUID 1
| #define HAVE_MUNMAP 1
| #define HAVE_STPCPY 1
| #define HAVE_STRCASECMP 1
| #define HAVE_STRDUP 1
| #define HAVE_STRTOUL 1
| #define HAVE_TSEARCH 1
| #define HAVE_DECL_FEOF_UNLOCKED 1
| /* end confdefs.h.  */
| #include <stdio.h>
| #ifdef FC_DUMMY_MAIN
| #ifndef FC_DUMMY_MAIN_EQ_F77
| #  ifdef __cplusplus
|      extern "C"
| #  endif
|    int FC_DUMMY_MAIN() { return 1; }
| #endif
| #endif
| int
| main (void)
| {
| 
| #ifndef fgets_unlocked
|   char *p = (char *) fgets_unlocked;
| #endif
| 
|   ;
|   return 0;
| }
configure:58381: result: no
configure:58422: checking for iconv
configure:58496: result: yes
configure:58517: checking for iconv declaration
configure:58568: result: 
         extern size_t iconv (iconv_t cd, char * *inbuf, size_t *inbytesleft, char * *outbuf, size_t *outbytesleft);
configure:58578: checking for NL_LOCALE_NAME macro
configure:58604: gcc -std=gnu23 -o conftest  -g -O2 -fPIC -I/opt/homebrew/Cellar/pcre2/10.47_1/include -I/opt/homebrew/include  -L/opt/homebrew/lib conftest.c -L/opt/homebrew/Cellar/pcre2/10.47_1/lib -lpcre2-8 -ldeflate -lzstd -llzma -lbz2 -lz -ldl -lm -liconv >&5
conftest.c:327:24: error: use of undeclared identifier '_NL_LOCALE_NAME'
  327 | char* cs = nl_langinfo(_NL_LOCALE_NAME(LC_MESSAGES));
      |                        ^~~~~~~~~~~~~~~
1 error generated.
configure:58604: $? = 1
configure: failed program was:
| /* confdefs.h */
| #define PACKAGE_NAME "R"
| #define PACKAGE_TARNAME "R"
| #define PACKAGE_VERSION "4.6.0"
| #define PACKAGE_STRING "R 4.6.0"
| #define PACKAGE_BUGREPORT "https://bugs.r-project.org"
| #define PACKAGE_URL "https://www.r-project.org"
| #define PACKAGE "R"
| #define VERSION "4.6.0"
| #define R_PLATFORM "aarch64-apple-darwin25.6.0"
| #define R_CPU "aarch64"
| #define R_VENDOR "apple"
| #define R_OS "darwin25.6.0"
| #define Unix 1
| #define R_ARCH ""
| #define HAVE_STDIO_H 1
| #define HAVE_STDLIB_H 1
| #define HAVE_STRING_H 1
| #define HAVE_INTTYPES_H 1
| #define HAVE_STDINT_H 1
| #define HAVE_STRINGS_H 1
| #define HAVE_SYS_STAT_H 1
| #define HAVE_SYS_TYPES_H 1
| #define HAVE_UNISTD_H 1
| #define HAVE_WCHAR_H 1
| #define HAVE_SYS_TIME_H 1
| #define HAVE_SYS_PARAM_H 1
| #define STDC_HEADERS 1
| #define _ALL_SOURCE 1
| #define _DARWIN_C_SOURCE 1
| #define _GNU_SOURCE 1
| #define _HPUX_ALT_XOPEN_SOCKET_API 1
| #define _NETBSD_SOURCE 1
| #define _OPENBSD_SOURCE 1
| #define _POSIX_PTHREAD_SEMANTICS 1
| #define __STDC_WANT_IEC_60559_ATTRIBS_EXT__ 1
| #define __STDC_WANT_IEC_60559_BFP_EXT__ 1
| #define __STDC_WANT_IEC_60559_DFP_EXT__ 1
| #define __STDC_WANT_IEC_60559_EXT__ 1
| #define __STDC_WANT_IEC_60559_FUNCS_EXT__ 1
| #define __STDC_WANT_IEC_60559_TYPES_EXT__ 1
| #define __STDC_WANT_LIB_EXT2__ 1
| #define __STDC_WANT_MATH_SPEC_FUNCS__ 1
| #define _TANDEM_SOURCE 1
| #define __EXTENSIONS__ 1
| #define HAVE_VISIBILITY_ATTRIBUTE 1
| #define HAVE_DLFCN_H 1
| #define LT_OBJDIR ".libs/"
| #define HAVE_LIBM 1
| #define HAVE_LIBDL 1
| #define HAVE_DIRENT_H 1
| #define HAVE_SYS_WAIT_H 1
| #define HAVE_DLFCN_H 1
| #define HAVE_FCNTL_H 1
| #define HAVE_GLOB_H 1
| #define HAVE_GRP_H 1
| #define HAVE_PWD_H 1
| #define HAVE_SCHED_H 1
| #define HAVE_STRINGS_H 1
| #define HAVE_SYS_RESOURCE_H 1
| #define HAVE_SYS_SELECT_H 1
| #define HAVE_SYS_SOCKET_H 1
| #define HAVE_SYS_STAT_H 1
| #define HAVE_SYS_TIME_H 1
| #define HAVE_SYS_TIMES_H 1
| #define HAVE_SYS_UTSNAME_H 1
| #define HAVE_UNISTD_H 1
| #define HAVE_UTIME_H 1
| #define HAVE_ARPA_INET_H 1
| #define HAVE_LANGINFO_H 1
| #define HAVE_NETDB_H 1
| #define HAVE_NETINET_IN_H 1
| #define HAVE_SYS_PARAM_H 1
| #define HAVE_STDALIGN_H 1
| #define HAVE_ERRNO_H 1
| #define HAVE_INTTYPES_H 1
| #define HAVE_LIMITS_H 1
| #define HAVE_LOCALE_H 1
| #define HAVE_STDARG_H 1
| #define HAVE_STDBOOL_H 1
| #define HAVE_STDINT_H 1
| #define HAVE_STRING_H 1
| #define HAVE_DECL_SIGSETJMP 1
| #define HAVE_DECL_SIGLONGJMP 1
| #define HAVE_POSIX_SETJMP 1
| #define HAVE_INT64_T 1
| #define HAVE_INT_FAST64_T 1
| #define HAVE_DECL_SIZE_MAX 1
| #define R_SOCKLEN_T socklen_t
| #define HAVE_STACK_T 1
| #define HAVE_INTPTR_T 1
| #define HAVE_UINTPTR_T 1
| #define R_INLINE inline
| #define SIZEOF_INT 4
| #define INT_32_BITS 1
| #define SIZEOF_LONG 8
| #define SIZEOF_LONG_LONG 8
| #define SIZEOF_DOUBLE 8
| #define SIZEOF_SIZE_T 8
| #define C_STACK_DIRECTION 1
| #define HAVE_LONG_DOUBLE 1
| #define SIZEOF_LONG_DOUBLE 8
| #define FC_FUNC(name,NAME) name ## _
| #define FC_FUNC_(name,NAME) name ## _
| #define HAVE_F77_UNDERSCORE 1
| #define HAVE_FORTRAN_DOUBLE_COMPLEX 1
| #define HAVE_NO_SYMBOL_UNDERSCORE 1
| #define FC_LEN_T size_t
| #define SHLIB_EXT ".so"
| #define HAVE_PTHREAD 1
| #define HAVE_OFF_T 1
| #define HAVE_ALLOCA_H 1
| #define HAVE_ALLOCA 1
| #define HAVE_DECL_ALLOCA 1
| #define HAVE_EXPM1 1
| #define HAVE_HYPOT 1
| #define HAVE_LOG1P 1
| #define HAVE_LOG1PL 1
| #define HAVE_LOG2 1
| #define HAVE_LOG10 1
| #define HAVE_NEARBYINT 1
| #define HAVE_NEARBYINTL 1
| #define HAVE_POWL 1
| #define HAVE_RINTL 1
| #define HAVE_VA_COPY 1
| #define HAVE_ISBLANK 1
| #define HAVE___COSPI 1
| #define HAVE___SINPI 1
| #define HAVE___TANPI 1
| #define HAVE_FSEEKO 1
| #define HAVE_FTELLO 1
| #define HAVE_FCNTL 1
| #define HAVE_GETGRGID 1
| #define HAVE_GETPWNAM 1
| #define HAVE_GETPWUID 1
| #define HAVE_KILL 1
| #define HAVE_SIGACTION 1
| #define HAVE_SIGALTSTACK 1
| #define HAVE_SIGEMPTYSET 1
| #define HAVE_FDOPEN 1
| #define HAVE_POPEN 1
| #define HAVE_GETLINE 1
| #define HAVE_SELECT 1
| #define HAVE_SETENV 1
| #define HAVE_UNSETENV 1
| #define HAVE_GETRLIMIT 1
| #define HAVE_SETRLIMIT 1
| #define HAVE_GETRUSAGE 1
| #define HAVE_GETPRIORITY 1
| #define HAVE_CHMOD 1
| #define HAVE_MKFIFO 1
| #define HAVE_STAT 1
| #define HAVE_UMASK 1
| #define HAVE_GETTIMEOFDAY 1
| #define HAVE_UTIMES 1
| #define HAVE_TIMES 1
| #define HAVE_GMTIME_R 1
| #define HAVE_LOCALTIME_R 1
| #define HAVE_NL_LANGINFO 1
| #define HAVE_ACCESS 1
| #define HAVE_CHDIR 1
| #define HAVE_EXECV 1
| #define HAVE_FTRUNCATE 1
| #define HAVE_GETCWD 1
| #define HAVE_GETEUID 1
| #define HAVE_GETUID 1
| #define HAVE_LINK 1
| #define HAVE_READLINK 1
| #define HAVE_SYMLINK 1
| #define HAVE_SYSCONF 1
| #define HAVE_UTIME 1
| #define HAVE_UTIMENSAT 1
| #define HAVE_CLOCK_GETTIME 1
| #define HAVE_TIMESPEC_GET 1
| #define HAVE_PUTENV 1
| #define HAVE_DECL_PUTENV 1
| #define HAVE_VASPRINTF 1
| #define HAVE_DECL_VASPRINTF 1
| #define HAVE_REALPATH 1
| #define HAVE_DECL_REALPATH 1
| #define HAVE_GLOB 1
| #define HAVE_DLADDR 1
| #define HAVE_DLSYM 1
| #define HAVE_DECL_DLADDR 1
| #define HAVE_DECL_DLSYM 1
| #define HAVE_DECL_RTLD_DEFAULT 1
| #define HAVE_DECL_RTLD_NEXT 1
| #define HAVE_STPCPY 1
| #define HAVE_OFF_T 1
| #define HAVE_ISNAN 1
| #define HAVE_DECL_ISFINITE 1
| #define HAVE_DECL_ISNAN 1
| #define IEEE_754 1
| #define HAVE_LANGINFO_CODESET 1
| #define HAVE_MKDTEMP 1
| #define HAVE_STRDUP 1
| #define HAVE_STRNCASECMP 1
| #define HAVE_DECL_MKDTEMP 1
| #define HAVE_DECL_STRDUP 1
| #define HAVE_DECL_STRNCASECMP 1
| #define HAVE_WORKING_CALLOC 1
| #define HAVE_WORKING_ISFINITE 1
| #define HAVE_WORKING_LOG1P 1
| #define HAVE_WORKING_FTELL 1
| #define HAVE_WORKING_SIGACTION 1
| #define HAVE_ENUM_BASE_TYPE 1
| #define MKTIME_SETS_ERRNO 1
| #define HAVE_WORKING_MKTIME_AFTER_2037 1
| #define HAVE_WORKING_MKTIME_BEFORE_1902 1
| #define HAVE_WORKING_MKTIME_BEFORE_1970 1
| #define USE_RI18N_FNS 1
| #define USE_RI18N_WIDTH 1
| #define USE_RI18N_CASE 1
| #define HAVE_CABS 1
| #define HAVE_CARG 1
| #define HAVE_CEXP 1
| #define HAVE_CLOG 1
| #define HAVE_CSQRT 1
| #define HAVE_CPOW 1
| #define HAVE_CCOS 1
| #define HAVE_CSIN 1
| #define HAVE_CTAN 1
| #define HAVE_CACOS 1
| #define HAVE_CASIN 1
| #define HAVE_CATAN 1
| #define HAVE_CCOSH 1
| #define HAVE_CSINH 1
| #define HAVE_CTANH 1
| #define HAVE_WORKING_CTANH 1
| #define HAVE_TM_ZONE 1
| #define HAVE_TM_GMTOFF 1
| #define HAVE_ICONV_H 1
| #define HAVE_ICONV 1
| #define HAVE_ICONV_CP1252 1
| #define HAVE_ICONVLIST 1
| #define HAVE_ICONV 1
| #define ICONV_CONST 
| #define HAVE_WCHAR_H 1
| #define HAVE_WCTYPE_H 1
| #define HAVE_MBRTOWC 1
| #define HAVE_WCRTOMB 1
| #define HAVE_WCSCOLL 1
| #define HAVE_WCSFTIME 1
| #define HAVE_WCSTOD 1
| #define HAVE_MBSTOWCS 1
| #define HAVE_WCSTOMBS 1
| #define HAVE_WCTRANS 1
| #define HAVE_WCTYPE 1
| #define HAVE_ISWCTYPE 1
| #define HAVE_WCWIDTH 1
| #define HAVE_WCSWIDTH 1
| #define HAVE_WCTRANS_T 1
| #define HAVE_MBSTATE_T 1
| #define X_DISPLAY_MISSING 1
| #define HAVE_COREFOUNDATION_FW 1
| #define HAVE_BZLIB_H 1
| #define HAVE_LZMA_H 1
| #define HAVE_LZMA 1
| #define HAVE_ZSTD_H 1
| #define HAVE_ZSTD 1
| #define HAVE_ZSTD_DECOMPRESSBOUND 1
| #define HAVE_LIBDEFLATE_H 1
| #define HAVE_LIBDEFLATE 1
| #define USE_LIBDEFLATE 1
| #define PCRE2_CODE_UNIT_WIDTH 8
| #define HAVE_PCRE2 1
| #define HAVE_CURL_CURL_H 1
| #define HAVE_LIBCURL 1
| #define HAVE_JPEG 1
| #define HAVE_PNG 1
| #define HAVE_TIFFIO_H 1
| #define HAVE_TIFF 1
| #define HAVE_POSIX_LEAPSECONDS 1
| #define HAVE_STRUCT_STAT_ST_ATIMESPEC_TV_NSEC 1
| #define HAVE_SETITIMER 1
| #define R_PROFILING 1
| #define HAVE_FSEEKO 1
| #define NVALGRIND 1
| #define VALGRIND_LEVEL 0
| #define USE_INTERNAL_MKTIME 1
| #define HAVE_KERN_USRSTACK 1
| #define R_PRINTCMD "lpr"
| #define HAVE_VISIBILITY 1
| #define HAVE_STDINT_H_WITH_UINTMAX 1
| #define HAVE_GETPAGESIZE 1
| #define HAVE_MMAP 1
| #define INTDIV0_RAISES_SIGFPE 0
| #define HAVE_INTTYPES_H_WITH_UINTMAX 1
| #define HAVE_UNSIGNED_LONG_LONG_INT 1
| #define HAVE_UNSIGNED_LONG_LONG 1
| #define HAVE_UINTMAX_T 1
| #define HAVE_INTTYPES_H 1
| #define HAVE_BUILTIN_EXPECT 1
| #define HAVE_INTTYPES_H 1
| #define HAVE_LIMITS_H 1
| #define HAVE_UNISTD_H 1
| #define HAVE_SYS_PARAM_H 1
| #define HAVE_GETCWD 1
| #define HAVE_GETEGID 1
| #define HAVE_GETEUID 1
| #define HAVE_GETGID 1
| #define HAVE_GETUID 1
| #define HAVE_MUNMAP 1
| #define HAVE_STPCPY 1
| #define HAVE_STRCASECMP 1
| #define HAVE_STRDUP 1
| #define HAVE_STRTOUL 1
| #define HAVE_TSEARCH 1
| #define HAVE_DECL_FEOF_UNLOCKED 1
| #define HAVE_DECL_FGETS_UNLOCKED 0
| #define HAVE_ICONV 1
| #define ICONV_CONST 
| /* end confdefs.h.  */
| #include <langinfo.h>
| #include <locale.h>
| #ifdef FC_DUMMY_MAIN
| #ifndef FC_DUMMY_MAIN_EQ_F77
| #  ifdef __cplusplus
|      extern "C"
| #  endif
|    int FC_DUMMY_MAIN() { return 1; }
| #endif
| #endif
| int
| main (void)
| {
| char* cs = nl_langinfo(_NL_LOCALE_NAME(LC_MESSAGES));
|   ;
|   return 0;
| }
configure:58616: result: no
configure:58628: checking for bison
configure:58649: found /usr/bin/bison
configure:58661: result: bison
configure:58675: checking version of bison
configure:58684: result: 2.3, ok
configure:58692: checking for long long int
configure:58724: gcc -std=gnu23 -o conftest  -g -O2 -fPIC -I/opt/homebrew/Cellar/pcre2/10.47_1/include -I/opt/homebrew/include  -L/opt/homebrew/lib conftest.c -L/opt/homebrew/Cellar/pcre2/10.47_1/lib -lpcre2-8 -ldeflate -lzstd -llzma -lbz2 -lz -ldl -lm -liconv >&5
configure:58724: $? = 0
configure:58735: result: yes
configure:58744: checking for long double
configure:58788: result: yes
configure:58792: checking for wchar_t
configure:58818: gcc -std=gnu23 -c  -g -O2 -fPIC -I/opt/homebrew/Cellar/pcre2/10.47_1/include -I/opt/homebrew/include  conftest.c >&5
configure:58818: $? = 0
configure:58828: result: yes
configure:58837: checking for wint_t
configure:58863: gcc -std=gnu23 -c  -g -O2 -fPIC -I/opt/homebrew/Cellar/pcre2/10.47_1/include -I/opt/homebrew/include  conftest.c >&5
configure:58863: $? = 0
configure:58873: result: yes
configure:58884: checking for intmax_t
configure:58919: gcc -std=gnu23 -c  -g -O2 -fPIC -I/opt/homebrew/Cellar/pcre2/10.47_1/include -I/opt/homebrew/include  conftest.c >&5
configure:58919: $? = 0
configure:58929: result: yes
configure:58939: checking whether printf() supports POSIX/XSI format strings
configure:58984: gcc -std=gnu23 -o conftest  -g -O2 -fPIC -I/opt/homebrew/Cellar/pcre2/10.47_1/include -I/opt/homebrew/include  -L/opt/homebrew/lib conftest.c -L/opt/homebrew/Cellar/pcre2/10.47_1/lib -lpcre2-8 -ldeflate -lzstd -llzma -lbz2 -lz -ldl -lm -liconv >&5
configure:58984: $? = 0
configure:58984: ./conftest
configure:58984: $? = 0
configure:58999: result: yes
configure:59010: checking whether we are using the GNU C Library 2.1 or newer
conftest.c:320:10: fatal error: 'features.h' file not found
  320 | #include <features.h>
      |          ^~~~~~~~~~~~
1 error generated.
configure:59041: result: no
configure:59048: checking for stdint.h
configure:59048: result: yes
configure:59055: checking for SIZE_MAX
configure:59143: result: yes
configure:59154: checking for stdint.h
configure:59154: result: yes
configure:59163: checking for CFPreferencesCopyAppValue
configure:59190: gcc -std=gnu23 -o conftest  -g -O2 -fPIC -I/opt/homebrew/Cellar/pcre2/10.47_1/include -I/opt/homebrew/include  -L/opt/homebrew/lib conftest.c -L/opt/homebrew/Cellar/pcre2/10.47_1/lib -lpcre2-8 -ldeflate -lzstd -llzma -lbz2 -lz -ldl -lm -liconv -Wl,-framework -Wl,CoreFoundation >&5
conftest.c:333:27: warning: null passed to a callee that requires a non-null argument [-Wnonnull]
  333 | CFPreferencesCopyAppValue(NULL, NULL)
      |                           ^~~~
/Library/Developer/CommandLineTools/usr/lib/clang/21/include/__stddef_null.h:26:14: note: expanded from macro 'NULL'
   26 | #define NULL ((void*)0)
      |              ^~~~~~~~~~
conftest.c:333:33: warning: null passed to a callee that requires a non-null argument [-Wnonnull]
  333 | CFPreferencesCopyAppValue(NULL, NULL)
      |                                 ^~~~
/Library/Developer/CommandLineTools/usr/lib/clang/21/include/__stddef_null.h:26:14: note: expanded from macro 'NULL'
   26 | #define NULL ((void*)0)
      |              ^~~~~~~~~~
2 warnings generated.
configure:59190: $? = 0
configure:59202: result: yes
configure:59209: checking for CFLocaleCopyCurrent
configure:59236: gcc -std=gnu23 -o conftest  -g -O2 -fPIC -I/opt/homebrew/Cellar/pcre2/10.47_1/include -I/opt/homebrew/include  -L/opt/homebrew/lib conftest.c -L/opt/homebrew/Cellar/pcre2/10.47_1/lib -lpcre2-8 -ldeflate -lzstd -llzma -lbz2 -lz -ldl -lm -liconv -Wl,-framework -Wl,CoreFoundation >&5
configure:59236: $? = 0
configure:59248: result: yes
configure:59266: checking for ptrdiff_t
configure:59266: gcc -std=gnu23 -c  -g -O2 -fPIC -I/opt/homebrew/Cellar/pcre2/10.47_1/include -I/opt/homebrew/include  conftest.c >&5
configure:59266: $? = 0
configure:59266: gcc -std=gnu23 -c  -g -O2 -fPIC -I/opt/homebrew/Cellar/pcre2/10.47_1/include -I/opt/homebrew/include  conftest.c >&5
conftest.c:354:24: error: expected expression
  354 | if (sizeof ((ptrdiff_t)))
      |                        ^
1 error generated.
configure:59266: $? = 1
configure: failed program was:
| /* confdefs.h */
| #define PACKAGE_NAME "R"
| #define PACKAGE_TARNAME "R"
| #define PACKAGE_VERSION "4.6.0"
| #define PACKAGE_STRING "R 4.6.0"
| #define PACKAGE_BUGREPORT "https://bugs.r-project.org"
| #define PACKAGE_URL "https://www.r-project.org"
| #define PACKAGE "R"
| #define VERSION "4.6.0"
| #define R_PLATFORM "aarch64-apple-darwin25.6.0"
| #define R_CPU "aarch64"
| #define R_VENDOR "apple"
| #define R_OS "darwin25.6.0"
| #define Unix 1
| #define R_ARCH ""
| #define HAVE_STDIO_H 1
| #define HAVE_STDLIB_H 1
| #define HAVE_STRING_H 1
| #define HAVE_INTTYPES_H 1
| #define HAVE_STDINT_H 1
| #define HAVE_STRINGS_H 1
| #define HAVE_SYS_STAT_H 1
| #define HAVE_SYS_TYPES_H 1
| #define HAVE_UNISTD_H 1
| #define HAVE_WCHAR_H 1
| #define HAVE_SYS_TIME_H 1
| #define HAVE_SYS_PARAM_H 1
| #define STDC_HEADERS 1
| #define _ALL_SOURCE 1
| #define _DARWIN_C_SOURCE 1
| #define _GNU_SOURCE 1
| #define _HPUX_ALT_XOPEN_SOCKET_API 1
| #define _NETBSD_SOURCE 1
| #define _OPENBSD_SOURCE 1
| #define _POSIX_PTHREAD_SEMANTICS 1
| #define __STDC_WANT_IEC_60559_ATTRIBS_EXT__ 1
| #define __STDC_WANT_IEC_60559_BFP_EXT__ 1
| #define __STDC_WANT_IEC_60559_DFP_EXT__ 1
| #define __STDC_WANT_IEC_60559_EXT__ 1
| #define __STDC_WANT_IEC_60559_FUNCS_EXT__ 1
| #define __STDC_WANT_IEC_60559_TYPES_EXT__ 1
| #define __STDC_WANT_LIB_EXT2__ 1
| #define __STDC_WANT_MATH_SPEC_FUNCS__ 1
| #define _TANDEM_SOURCE 1
| #define __EXTENSIONS__ 1
| #define HAVE_VISIBILITY_ATTRIBUTE 1
| #define HAVE_DLFCN_H 1
| #define LT_OBJDIR ".libs/"
| #define HAVE_LIBM 1
| #define HAVE_LIBDL 1
| #define HAVE_DIRENT_H 1
| #define HAVE_SYS_WAIT_H 1
| #define HAVE_DLFCN_H 1
| #define HAVE_FCNTL_H 1
| #define HAVE_GLOB_H 1
| #define HAVE_GRP_H 1
| #define HAVE_PWD_H 1
| #define HAVE_SCHED_H 1
| #define HAVE_STRINGS_H 1
| #define HAVE_SYS_RESOURCE_H 1
| #define HAVE_SYS_SELECT_H 1
| #define HAVE_SYS_SOCKET_H 1
| #define HAVE_SYS_STAT_H 1
| #define HAVE_SYS_TIME_H 1
| #define HAVE_SYS_TIMES_H 1
| #define HAVE_SYS_UTSNAME_H 1
| #define HAVE_UNISTD_H 1
| #define HAVE_UTIME_H 1
| #define HAVE_ARPA_INET_H 1
| #define HAVE_LANGINFO_H 1
| #define HAVE_NETDB_H 1
| #define HAVE_NETINET_IN_H 1
| #define HAVE_SYS_PARAM_H 1
| #define HAVE_STDALIGN_H 1
| #define HAVE_ERRNO_H 1
| #define HAVE_INTTYPES_H 1
| #define HAVE_LIMITS_H 1
| #define HAVE_LOCALE_H 1
| #define HAVE_STDARG_H 1
| #define HAVE_STDBOOL_H 1
| #define HAVE_STDINT_H 1
| #define HAVE_STRING_H 1
| #define HAVE_DECL_SIGSETJMP 1
| #define HAVE_DECL_SIGLONGJMP 1
| #define HAVE_POSIX_SETJMP 1
| #define HAVE_INT64_T 1
| #define HAVE_INT_FAST64_T 1
| #define HAVE_DECL_SIZE_MAX 1
| #define R_SOCKLEN_T socklen_t
| #define HAVE_STACK_T 1
| #define HAVE_INTPTR_T 1
| #define HAVE_UINTPTR_T 1
| #define R_INLINE inline
| #define SIZEOF_INT 4
| #define INT_32_BITS 1
| #define SIZEOF_LONG 8
| #define SIZEOF_LONG_LONG 8
| #define SIZEOF_DOUBLE 8
| #define SIZEOF_SIZE_T 8
| #define C_STACK_DIRECTION 1
| #define HAVE_LONG_DOUBLE 1
| #define SIZEOF_LONG_DOUBLE 8
| #define FC_FUNC(name,NAME) name ## _
| #define FC_FUNC_(name,NAME) name ## _
| #define HAVE_F77_UNDERSCORE 1
| #define HAVE_FORTRAN_DOUBLE_COMPLEX 1
| #define HAVE_NO_SYMBOL_UNDERSCORE 1
| #define FC_LEN_T size_t
| #define SHLIB_EXT ".so"
| #define HAVE_PTHREAD 1
| #define HAVE_OFF_T 1
| #define HAVE_ALLOCA_H 1
| #define HAVE_ALLOCA 1
| #define HAVE_DECL_ALLOCA 1
| #define HAVE_EXPM1 1
| #define HAVE_HYPOT 1
| #define HAVE_LOG1P 1
| #define HAVE_LOG1PL 1
| #define HAVE_LOG2 1
| #define HAVE_LOG10 1
| #define HAVE_NEARBYINT 1
| #define HAVE_NEARBYINTL 1
| #define HAVE_POWL 1
| #define HAVE_RINTL 1
| #define HAVE_VA_COPY 1
| #define HAVE_ISBLANK 1
| #define HAVE___COSPI 1
| #define HAVE___SINPI 1
| #define HAVE___TANPI 1
| #define HAVE_FSEEKO 1
| #define HAVE_FTELLO 1
| #define HAVE_FCNTL 1
| #define HAVE_GETGRGID 1
| #define HAVE_GETPWNAM 1
| #define HAVE_GETPWUID 1
| #define HAVE_KILL 1
| #define HAVE_SIGACTION 1
| #define HAVE_SIGALTSTACK 1
| #define HAVE_SIGEMPTYSET 1
| #define HAVE_FDOPEN 1
| #define HAVE_POPEN 1
| #define HAVE_GETLINE 1
| #define HAVE_SELECT 1
| #define HAVE_SETENV 1
| #define HAVE_UNSETENV 1
| #define HAVE_GETRLIMIT 1
| #define HAVE_SETRLIMIT 1
| #define HAVE_GETRUSAGE 1
| #define HAVE_GETPRIORITY 1
| #define HAVE_CHMOD 1
| #define HAVE_MKFIFO 1
| #define HAVE_STAT 1
| #define HAVE_UMASK 1
| #define HAVE_GETTIMEOFDAY 1
| #define HAVE_UTIMES 1
| #define HAVE_TIMES 1
| #define HAVE_GMTIME_R 1
| #define HAVE_LOCALTIME_R 1
| #define HAVE_NL_LANGINFO 1
| #define HAVE_ACCESS 1
| #define HAVE_CHDIR 1
| #define HAVE_EXECV 1
| #define HAVE_FTRUNCATE 1
| #define HAVE_GETCWD 1
| #define HAVE_GETEUID 1
| #define HAVE_GETUID 1
| #define HAVE_LINK 1
| #define HAVE_READLINK 1
| #define HAVE_SYMLINK 1
| #define HAVE_SYSCONF 1
| #define HAVE_UTIME 1
| #define HAVE_UTIMENSAT 1
| #define HAVE_CLOCK_GETTIME 1
| #define HAVE_TIMESPEC_GET 1
| #define HAVE_PUTENV 1
| #define HAVE_DECL_PUTENV 1
| #define HAVE_VASPRINTF 1
| #define HAVE_DECL_VASPRINTF 1
| #define HAVE_REALPATH 1
| #define HAVE_DECL_REALPATH 1
| #define HAVE_GLOB 1
| #define HAVE_DLADDR 1
| #define HAVE_DLSYM 1
| #define HAVE_DECL_DLADDR 1
| #define HAVE_DECL_DLSYM 1
| #define HAVE_DECL_RTLD_DEFAULT 1
| #define HAVE_DECL_RTLD_NEXT 1
| #define HAVE_STPCPY 1
| #define HAVE_OFF_T 1
| #define HAVE_ISNAN 1
| #define HAVE_DECL_ISFINITE 1
| #define HAVE_DECL_ISNAN 1
| #define IEEE_754 1
| #define HAVE_LANGINFO_CODESET 1
| #define HAVE_MKDTEMP 1
| #define HAVE_STRDUP 1
| #define HAVE_STRNCASECMP 1
| #define HAVE_DECL_MKDTEMP 1
| #define HAVE_DECL_STRDUP 1
| #define HAVE_DECL_STRNCASECMP 1
| #define HAVE_WORKING_CALLOC 1
| #define HAVE_WORKING_ISFINITE 1
| #define HAVE_WORKING_LOG1P 1
| #define HAVE_WORKING_FTELL 1
| #define HAVE_WORKING_SIGACTION 1
| #define HAVE_ENUM_BASE_TYPE 1
| #define MKTIME_SETS_ERRNO 1
| #define HAVE_WORKING_MKTIME_AFTER_2037 1
| #define HAVE_WORKING_MKTIME_BEFORE_1902 1
| #define HAVE_WORKING_MKTIME_BEFORE_1970 1
| #define USE_RI18N_FNS 1
| #define USE_RI18N_WIDTH 1
| #define USE_RI18N_CASE 1
| #define HAVE_CABS 1
| #define HAVE_CARG 1
| #define HAVE_CEXP 1
| #define HAVE_CLOG 1
| #define HAVE_CSQRT 1
| #define HAVE_CPOW 1
| #define HAVE_CCOS 1
| #define HAVE_CSIN 1
| #define HAVE_CTAN 1
| #define HAVE_CACOS 1
| #define HAVE_CASIN 1
| #define HAVE_CATAN 1
| #define HAVE_CCOSH 1
| #define HAVE_CSINH 1
| #define HAVE_CTANH 1
| #define HAVE_WORKING_CTANH 1
| #define HAVE_TM_ZONE 1
| #define HAVE_TM_GMTOFF 1
| #define HAVE_ICONV_H 1
| #define HAVE_ICONV 1
| #define HAVE_ICONV_CP1252 1
| #define HAVE_ICONVLIST 1
| #define HAVE_ICONV 1
| #define ICONV_CONST 
| #define HAVE_WCHAR_H 1
| #define HAVE_WCTYPE_H 1
| #define HAVE_MBRTOWC 1
| #define HAVE_WCRTOMB 1
| #define HAVE_WCSCOLL 1
| #define HAVE_WCSFTIME 1
| #define HAVE_WCSTOD 1
| #define HAVE_MBSTOWCS 1
| #define HAVE_WCSTOMBS 1
| #define HAVE_WCTRANS 1
| #define HAVE_WCTYPE 1
| #define HAVE_ISWCTYPE 1
| #define HAVE_WCWIDTH 1
| #define HAVE_WCSWIDTH 1
| #define HAVE_WCTRANS_T 1
| #define HAVE_MBSTATE_T 1
| #define X_DISPLAY_MISSING 1
| #define HAVE_COREFOUNDATION_FW 1
| #define HAVE_BZLIB_H 1
| #define HAVE_LZMA_H 1
| #define HAVE_LZMA 1
| #define HAVE_ZSTD_H 1
| #define HAVE_ZSTD 1
| #define HAVE_ZSTD_DECOMPRESSBOUND 1
| #define HAVE_LIBDEFLATE_H 1
| #define HAVE_LIBDEFLATE 1
| #define USE_LIBDEFLATE 1
| #define PCRE2_CODE_UNIT_WIDTH 8
| #define HAVE_PCRE2 1
| #define HAVE_CURL_CURL_H 1
| #define HAVE_LIBCURL 1
| #define HAVE_JPEG 1
| #define HAVE_PNG 1
| #define HAVE_TIFFIO_H 1
| #define HAVE_TIFF 1
| #define HAVE_POSIX_LEAPSECONDS 1
| #define HAVE_STRUCT_STAT_ST_ATIMESPEC_TV_NSEC 1
| #define HAVE_SETITIMER 1
| #define R_PROFILING 1
| #define HAVE_FSEEKO 1
| #define NVALGRIND 1
| #define VALGRIND_LEVEL 0
| #define USE_INTERNAL_MKTIME 1
| #define HAVE_KERN_USRSTACK 1
| #define R_PRINTCMD "lpr"
| #define HAVE_VISIBILITY 1
| #define HAVE_STDINT_H_WITH_UINTMAX 1
| #define HAVE_GETPAGESIZE 1
| #define HAVE_MMAP 1
| #define INTDIV0_RAISES_SIGFPE 0
| #define HAVE_INTTYPES_H_WITH_UINTMAX 1
| #define HAVE_UNSIGNED_LONG_LONG_INT 1
| #define HAVE_UNSIGNED_LONG_LONG 1
| #define HAVE_UINTMAX_T 1
| #define HAVE_INTTYPES_H 1
| #define HAVE_BUILTIN_EXPECT 1
| #define HAVE_INTTYPES_H 1
| #define HAVE_LIMITS_H 1
| #define HAVE_UNISTD_H 1
| #define HAVE_SYS_PARAM_H 1
| #define HAVE_GETCWD 1
| #define HAVE_GETEGID 1
| #define HAVE_GETEUID 1
| #define HAVE_GETGID 1
| #define HAVE_GETUID 1
| #define HAVE_MUNMAP 1
| #define HAVE_STPCPY 1
| #define HAVE_STRCASECMP 1
| #define HAVE_STRDUP 1
| #define HAVE_STRTOUL 1
| #define HAVE_TSEARCH 1
| #define HAVE_DECL_FEOF_UNLOCKED 1
| #define HAVE_DECL_FGETS_UNLOCKED 0
| #define HAVE_ICONV 1
| #define ICONV_CONST 
| #define HAVE_LONG_LONG_INT 1
| #define HAVE_WCHAR_T 1
| #define HAVE_WINT_T 1
| #define HAVE_INTMAX_T 1
| #define HAVE_POSIX_PRINTF 1
| #define HAVE_STDINT_H 1
| #define HAVE_STDINT_H 1
| #define HAVE_CFPREFERENCESCOPYAPPVALUE 1
| #define HAVE_CFLOCALECOPYCURRENT 1
| /* end confdefs.h.  */
| #include <stddef.h>
| #ifdef HAVE_STDIO_H
| # include <stdio.h>
| #endif
| #ifdef HAVE_STDLIB_H
| # include <stdlib.h>
| #endif
| #ifdef HAVE_STRING_H
| # include <string.h>
| #endif
| #ifdef HAVE_INTTYPES_H
| # include <inttypes.h>
| #endif
| #ifdef HAVE_STDINT_H
| # include <stdint.h>
| #endif
| #ifdef HAVE_STRINGS_H
| # include <strings.h>
| #endif
| #ifdef HAVE_SYS_TYPES_H
| # include <sys/types.h>
| #endif
| #ifdef HAVE_SYS_STAT_H
| # include <sys/stat.h>
| #endif
| #ifdef HAVE_UNISTD_H
| # include <unistd.h>
| #endif
| int
| main (void)
| {
| if (sizeof ((ptrdiff_t)))
| 	    return 0;
|   ;
|   return 0;
| }
configure:59266: result: yes
configure:59278: checking for stddef.h
configure:59278: gcc -std=gnu23 -c  -g -O2 -fPIC -I/opt/homebrew/Cellar/pcre2/10.47_1/include -I/opt/homebrew/include  conftest.c >&5
configure:59278: $? = 0
configure:59278: result: yes
configure:59284: checking for stdlib.h
configure:59284: result: yes
configure:59290: checking for string.h
configure:59290: result: yes
configure:59297: checking for asprintf
configure:59297: gcc -std=gnu23 -o conftest  -g -O2 -fPIC -I/opt/homebrew/Cellar/pcre2/10.47_1/include -I/opt/homebrew/include  -L/opt/homebrew/lib conftest.c -L/opt/homebrew/Cellar/pcre2/10.47_1/lib -lpcre2-8 -ldeflate -lzstd -llzma -lbz2 -lz -ldl -lm -liconv >&5
conftest.c:353:18: warning: format string missing [-Wformat]
  353 | return asprintf ();
      |        ~~~~~~~~  ^
1 warning generated.
configure:59297: $? = 0
configure:59297: result: yes
configure:59303: checking for fwprintf
configure:59303: gcc -std=gnu23 -o conftest  -g -O2 -fPIC -I/opt/homebrew/Cellar/pcre2/10.47_1/include -I/opt/homebrew/include  -L/opt/homebrew/lib conftest.c -L/opt/homebrew/Cellar/pcre2/10.47_1/lib -lpcre2-8 -ldeflate -lzstd -llzma -lbz2 -lz -ldl -lm -liconv >&5
configure:59303: $? = 0
configure:59303: result: yes
configure:59309: checking for putenv
configure:59309: result: yes
configure:59315: checking for setenv
configure:59315: gcc -std=gnu23 -o conftest  -g -O2 -fPIC -I/opt/homebrew/Cellar/pcre2/10.47_1/include -I/opt/homebrew/include  -L/opt/homebrew/lib conftest.c -L/opt/homebrew/Cellar/pcre2/10.47_1/lib -lpcre2-8 -ldeflate -lzstd -llzma -lbz2 -lz -ldl -lm -liconv >&5
configure:59315: $? = 0
configure:59315: result: yes
configure:59321: checking for setlocale
configure:59321: gcc -std=gnu23 -o conftest  -g -O2 -fPIC -I/opt/homebrew/Cellar/pcre2/10.47_1/include -I/opt/homebrew/include  -L/opt/homebrew/lib conftest.c -L/opt/homebrew/Cellar/pcre2/10.47_1/lib -lpcre2-8 -ldeflate -lzstd -llzma -lbz2 -lz -ldl -lm -liconv >&5
configure:59321: $? = 0
configure:59321: result: yes
configure:59327: checking for snprintf
configure:59327: gcc -std=gnu23 -o conftest  -g -O2 -fPIC -I/opt/homebrew/Cellar/pcre2/10.47_1/include -I/opt/homebrew/include  -L/opt/homebrew/lib conftest.c -L/opt/homebrew/Cellar/pcre2/10.47_1/lib -lpcre2-8 -ldeflate -lzstd -llzma -lbz2 -lz -ldl -lm -liconv >&5
conftest.c:347:6: warning: incompatible redeclaration of library function 'snprintf' [-Wincompatible-library-redeclaration]
  347 | char snprintf (void);
      |      ^
conftest.c:347:6: note: 'snprintf' is a builtin with type 'int (char *restrict, unsigned long, const char *restrict, ...)'
1 warning generated.
configure:59327: $? = 0
configure:59327: result: yes
configure:59333: checking for wcslen
configure:59333: gcc -std=gnu23 -o conftest  -g -O2 -fPIC -I/opt/homebrew/Cellar/pcre2/10.47_1/include -I/opt/homebrew/include  -L/opt/homebrew/lib conftest.c -L/opt/homebrew/Cellar/pcre2/10.47_1/lib -lpcre2-8 -ldeflate -lzstd -llzma -lbz2 -lz -ldl -lm -liconv >&5
conftest.c:348:6: warning: incompatible redeclaration of library function 'wcslen' [-Wincompatible-library-redeclaration]
  348 | char wcslen (void);
      |      ^
conftest.c:348:6: note: 'wcslen' is a builtin with type 'unsigned long (const int *)'
1 warning generated.
configure:59333: $? = 0
configure:59333: result: yes
configure:59342: checking whether _snprintf is declared
configure:59371: gcc -std=gnu23 -c  -g -O2 -fPIC -I/opt/homebrew/Cellar/pcre2/10.47_1/include -I/opt/homebrew/include  conftest.c >&5
conftest.c:347:22: error: use of undeclared identifier '_snprintf'
  347 |   char *p = (char *) _snprintf;
      |                      ^~~~~~~~~
1 error generated.
configure:59371: $? = 1
configure: failed program was:
| /* confdefs.h */
| #define PACKAGE_NAME "R"
| #define PACKAGE_TARNAME "R"
| #define PACKAGE_VERSION "4.6.0"
| #define PACKAGE_STRING "R 4.6.0"
| #define PACKAGE_BUGREPORT "https://bugs.r-project.org"
| #define PACKAGE_URL "https://www.r-project.org"
| #define PACKAGE "R"
| #define VERSION "4.6.0"
| #define R_PLATFORM "aarch64-apple-darwin25.6.0"
| #define R_CPU "aarch64"
| #define R_VENDOR "apple"
| #define R_OS "darwin25.6.0"
| #define Unix 1
| #define R_ARCH ""
| #define HAVE_STDIO_H 1
| #define HAVE_STDLIB_H 1
| #define HAVE_STRING_H 1
| #define HAVE_INTTYPES_H 1
| #define HAVE_STDINT_H 1
| #define HAVE_STRINGS_H 1
| #define HAVE_SYS_STAT_H 1
| #define HAVE_SYS_TYPES_H 1
| #define HAVE_UNISTD_H 1
| #define HAVE_WCHAR_H 1
| #define HAVE_SYS_TIME_H 1
| #define HAVE_SYS_PARAM_H 1
| #define STDC_HEADERS 1
| #define _ALL_SOURCE 1
| #define _DARWIN_C_SOURCE 1
| #define _GNU_SOURCE 1
| #define _HPUX_ALT_XOPEN_SOCKET_API 1
| #define _NETBSD_SOURCE 1
| #define _OPENBSD_SOURCE 1
| #define _POSIX_PTHREAD_SEMANTICS 1
| #define __STDC_WANT_IEC_60559_ATTRIBS_EXT__ 1
| #define __STDC_WANT_IEC_60559_BFP_EXT__ 1
| #define __STDC_WANT_IEC_60559_DFP_EXT__ 1
| #define __STDC_WANT_IEC_60559_EXT__ 1
| #define __STDC_WANT_IEC_60559_FUNCS_EXT__ 1
| #define __STDC_WANT_IEC_60559_TYPES_EXT__ 1
| #define __STDC_WANT_LIB_EXT2__ 1
| #define __STDC_WANT_MATH_SPEC_FUNCS__ 1
| #define _TANDEM_SOURCE 1
| #define __EXTENSIONS__ 1
| #define HAVE_VISIBILITY_ATTRIBUTE 1
| #define HAVE_DLFCN_H 1
| #define LT_OBJDIR ".libs/"
| #define HAVE_LIBM 1
| #define HAVE_LIBDL 1
| #define HAVE_DIRENT_H 1
| #define HAVE_SYS_WAIT_H 1
| #define HAVE_DLFCN_H 1
| #define HAVE_FCNTL_H 1
| #define HAVE_GLOB_H 1
| #define HAVE_GRP_H 1
| #define HAVE_PWD_H 1
| #define HAVE_SCHED_H 1
| #define HAVE_STRINGS_H 1
| #define HAVE_SYS_RESOURCE_H 1
| #define HAVE_SYS_SELECT_H 1
| #define HAVE_SYS_SOCKET_H 1
| #define HAVE_SYS_STAT_H 1
| #define HAVE_SYS_TIME_H 1
| #define HAVE_SYS_TIMES_H 1
| #define HAVE_SYS_UTSNAME_H 1
| #define HAVE_UNISTD_H 1
| #define HAVE_UTIME_H 1
| #define HAVE_ARPA_INET_H 1
| #define HAVE_LANGINFO_H 1
| #define HAVE_NETDB_H 1
| #define HAVE_NETINET_IN_H 1
| #define HAVE_SYS_PARAM_H 1
| #define HAVE_STDALIGN_H 1
| #define HAVE_ERRNO_H 1
| #define HAVE_INTTYPES_H 1
| #define HAVE_LIMITS_H 1
| #define HAVE_LOCALE_H 1
| #define HAVE_STDARG_H 1
| #define HAVE_STDBOOL_H 1
| #define HAVE_STDINT_H 1
| #define HAVE_STRING_H 1
| #define HAVE_DECL_SIGSETJMP 1
| #define HAVE_DECL_SIGLONGJMP 1
| #define HAVE_POSIX_SETJMP 1
| #define HAVE_INT64_T 1
| #define HAVE_INT_FAST64_T 1
| #define HAVE_DECL_SIZE_MAX 1
| #define R_SOCKLEN_T socklen_t
| #define HAVE_STACK_T 1
| #define HAVE_INTPTR_T 1
| #define HAVE_UINTPTR_T 1
| #define R_INLINE inline
| #define SIZEOF_INT 4
| #define INT_32_BITS 1
| #define SIZEOF_LONG 8
| #define SIZEOF_LONG_LONG 8
| #define SIZEOF_DOUBLE 8
| #define SIZEOF_SIZE_T 8
| #define C_STACK_DIRECTION 1
| #define HAVE_LONG_DOUBLE 1
| #define SIZEOF_LONG_DOUBLE 8
| #define FC_FUNC(name,NAME) name ## _
| #define FC_FUNC_(name,NAME) name ## _
| #define HAVE_F77_UNDERSCORE 1
| #define HAVE_FORTRAN_DOUBLE_COMPLEX 1
| #define HAVE_NO_SYMBOL_UNDERSCORE 1
| #define FC_LEN_T size_t
| #define SHLIB_EXT ".so"
| #define HAVE_PTHREAD 1
| #define HAVE_OFF_T 1
| #define HAVE_ALLOCA_H 1
| #define HAVE_ALLOCA 1
| #define HAVE_DECL_ALLOCA 1
| #define HAVE_EXPM1 1
| #define HAVE_HYPOT 1
| #define HAVE_LOG1P 1
| #define HAVE_LOG1PL 1
| #define HAVE_LOG2 1
| #define HAVE_LOG10 1
| #define HAVE_NEARBYINT 1
| #define HAVE_NEARBYINTL 1
| #define HAVE_POWL 1
| #define HAVE_RINTL 1
| #define HAVE_VA_COPY 1
| #define HAVE_ISBLANK 1
| #define HAVE___COSPI 1
| #define HAVE___SINPI 1
| #define HAVE___TANPI 1
| #define HAVE_FSEEKO 1
| #define HAVE_FTELLO 1
| #define HAVE_FCNTL 1
| #define HAVE_GETGRGID 1
| #define HAVE_GETPWNAM 1
| #define HAVE_GETPWUID 1
| #define HAVE_KILL 1
| #define HAVE_SIGACTION 1
| #define HAVE_SIGALTSTACK 1
| #define HAVE_SIGEMPTYSET 1
| #define HAVE_FDOPEN 1
| #define HAVE_POPEN 1
| #define HAVE_GETLINE 1
| #define HAVE_SELECT 1
| #define HAVE_SETENV 1
| #define HAVE_UNSETENV 1
| #define HAVE_GETRLIMIT 1
| #define HAVE_SETRLIMIT 1
| #define HAVE_GETRUSAGE 1
| #define HAVE_GETPRIORITY 1
| #define HAVE_CHMOD 1
| #define HAVE_MKFIFO 1
| #define HAVE_STAT 1
| #define HAVE_UMASK 1
| #define HAVE_GETTIMEOFDAY 1
| #define HAVE_UTIMES 1
| #define HAVE_TIMES 1
| #define HAVE_GMTIME_R 1
| #define HAVE_LOCALTIME_R 1
| #define HAVE_NL_LANGINFO 1
| #define HAVE_ACCESS 1
| #define HAVE_CHDIR 1
| #define HAVE_EXECV 1
| #define HAVE_FTRUNCATE 1
| #define HAVE_GETCWD 1
| #define HAVE_GETEUID 1
| #define HAVE_GETUID 1
| #define HAVE_LINK 1
| #define HAVE_READLINK 1
| #define HAVE_SYMLINK 1
| #define HAVE_SYSCONF 1
| #define HAVE_UTIME 1
| #define HAVE_UTIMENSAT 1
| #define HAVE_CLOCK_GETTIME 1
| #define HAVE_TIMESPEC_GET 1
| #define HAVE_PUTENV 1
| #define HAVE_DECL_PUTENV 1
| #define HAVE_VASPRINTF 1
| #define HAVE_DECL_VASPRINTF 1
| #define HAVE_REALPATH 1
| #define HAVE_DECL_REALPATH 1
| #define HAVE_GLOB 1
| #define HAVE_DLADDR 1
| #define HAVE_DLSYM 1
| #define HAVE_DECL_DLADDR 1
| #define HAVE_DECL_DLSYM 1
| #define HAVE_DECL_RTLD_DEFAULT 1
| #define HAVE_DECL_RTLD_NEXT 1
| #define HAVE_STPCPY 1
| #define HAVE_OFF_T 1
| #define HAVE_ISNAN 1
| #define HAVE_DECL_ISFINITE 1
| #define HAVE_DECL_ISNAN 1
| #define IEEE_754 1
| #define HAVE_LANGINFO_CODESET 1
| #define HAVE_MKDTEMP 1
| #define HAVE_STRDUP 1
| #define HAVE_STRNCASECMP 1
| #define HAVE_DECL_MKDTEMP 1
| #define HAVE_DECL_STRDUP 1
| #define HAVE_DECL_STRNCASECMP 1
| #define HAVE_WORKING_CALLOC 1
| #define HAVE_WORKING_ISFINITE 1
| #define HAVE_WORKING_LOG1P 1
| #define HAVE_WORKING_FTELL 1
| #define HAVE_WORKING_SIGACTION 1
| #define HAVE_ENUM_BASE_TYPE 1
| #define MKTIME_SETS_ERRNO 1
| #define HAVE_WORKING_MKTIME_AFTER_2037 1
| #define HAVE_WORKING_MKTIME_BEFORE_1902 1
| #define HAVE_WORKING_MKTIME_BEFORE_1970 1
| #define USE_RI18N_FNS 1
| #define USE_RI18N_WIDTH 1
| #define USE_RI18N_CASE 1
| #define HAVE_CABS 1
| #define HAVE_CARG 1
| #define HAVE_CEXP 1
| #define HAVE_CLOG 1
| #define HAVE_CSQRT 1
| #define HAVE_CPOW 1
| #define HAVE_CCOS 1
| #define HAVE_CSIN 1
| #define HAVE_CTAN 1
| #define HAVE_CACOS 1
| #define HAVE_CASIN 1
| #define HAVE_CATAN 1
| #define HAVE_CCOSH 1
| #define HAVE_CSINH 1
| #define HAVE_CTANH 1
| #define HAVE_WORKING_CTANH 1
| #define HAVE_TM_ZONE 1
| #define HAVE_TM_GMTOFF 1
| #define HAVE_ICONV_H 1
| #define HAVE_ICONV 1
| #define HAVE_ICONV_CP1252 1
| #define HAVE_ICONVLIST 1
| #define HAVE_ICONV 1
| #define ICONV_CONST 
| #define HAVE_WCHAR_H 1
| #define HAVE_WCTYPE_H 1
| #define HAVE_MBRTOWC 1
| #define HAVE_WCRTOMB 1
| #define HAVE_WCSCOLL 1
| #define HAVE_WCSFTIME 1
| #define HAVE_WCSTOD 1
| #define HAVE_MBSTOWCS 1
| #define HAVE_WCSTOMBS 1
| #define HAVE_WCTRANS 1
| #define HAVE_WCTYPE 1
| #define HAVE_ISWCTYPE 1
| #define HAVE_WCWIDTH 1
| #define HAVE_WCSWIDTH 1
| #define HAVE_WCTRANS_T 1
| #define HAVE_MBSTATE_T 1
| #define X_DISPLAY_MISSING 1
| #define HAVE_COREFOUNDATION_FW 1
| #define HAVE_BZLIB_H 1
| #define HAVE_LZMA_H 1
| #define HAVE_LZMA 1
| #define HAVE_ZSTD_H 1
| #define HAVE_ZSTD 1
| #define HAVE_ZSTD_DECOMPRESSBOUND 1
| #define HAVE_LIBDEFLATE_H 1
| #define HAVE_LIBDEFLATE 1
| #define USE_LIBDEFLATE 1
| #define PCRE2_CODE_UNIT_WIDTH 8
| #define HAVE_PCRE2 1
| #define HAVE_CURL_CURL_H 1
| #define HAVE_LIBCURL 1
| #define HAVE_JPEG 1
| #define HAVE_PNG 1
| #define HAVE_TIFFIO_H 1
| #define HAVE_TIFF 1
| #define HAVE_POSIX_LEAPSECONDS 1
| #define HAVE_STRUCT_STAT_ST_ATIMESPEC_TV_NSEC 1
| #define HAVE_SETITIMER 1
| #define R_PROFILING 1
| #define HAVE_FSEEKO 1
| #define NVALGRIND 1
| #define VALGRIND_LEVEL 0
| #define USE_INTERNAL_MKTIME 1
| #define HAVE_KERN_USRSTACK 1
| #define R_PRINTCMD "lpr"
| #define HAVE_VISIBILITY 1
| #define HAVE_STDINT_H_WITH_UINTMAX 1
| #define HAVE_GETPAGESIZE 1
| #define HAVE_MMAP 1
| #define INTDIV0_RAISES_SIGFPE 0
| #define HAVE_INTTYPES_H_WITH_UINTMAX 1
| #define HAVE_UNSIGNED_LONG_LONG_INT 1
| #define HAVE_UNSIGNED_LONG_LONG 1
| #define HAVE_UINTMAX_T 1
| #define HAVE_INTTYPES_H 1
| #define HAVE_BUILTIN_EXPECT 1
| #define HAVE_INTTYPES_H 1
| #define HAVE_LIMITS_H 1
| #define HAVE_UNISTD_H 1
| #define HAVE_SYS_PARAM_H 1
| #define HAVE_GETCWD 1
| #define HAVE_GETEGID 1
| #define HAVE_GETEUID 1
| #define HAVE_GETGID 1
| #define HAVE_GETUID 1
| #define HAVE_MUNMAP 1
| #define HAVE_STPCPY 1
| #define HAVE_STRCASECMP 1
| #define HAVE_STRDUP 1
| #define HAVE_STRTOUL 1
| #define HAVE_TSEARCH 1
| #define HAVE_DECL_FEOF_UNLOCKED 1
| #define HAVE_DECL_FGETS_UNLOCKED 0
| #define HAVE_ICONV 1
| #define ICONV_CONST 
| #define HAVE_LONG_LONG_INT 1
| #define HAVE_WCHAR_T 1
| #define HAVE_WINT_T 1
| #define HAVE_INTMAX_T 1
| #define HAVE_POSIX_PRINTF 1
| #define HAVE_STDINT_H 1
| #define HAVE_STDINT_H 1
| #define HAVE_CFPREFERENCESCOPYAPPVALUE 1
| #define HAVE_CFLOCALECOPYCURRENT 1
| #define HAVE_STDDEF_H 1
| #define HAVE_STDLIB_H 1
| #define HAVE_STRING_H 1
| #define HAVE_ASPRINTF 1
| #define HAVE_FWPRINTF 1
| #define HAVE_PUTENV 1
| #define HAVE_SETENV 1
| #define HAVE_SETLOCALE 1
| #define HAVE_SNPRINTF 1
| #define HAVE_WCSLEN 1
| /* end confdefs.h.  */
| #include <stdio.h>
| #ifdef FC_DUMMY_MAIN
| #ifndef FC_DUMMY_MAIN_EQ_F77
| #  ifdef __cplusplus
|      extern "C"
| #  endif
|    int FC_DUMMY_MAIN() { return 1; }
| #endif
| #endif
| int
| main (void)
| {
| 
| #ifndef _snprintf
|   char *p = (char *) _snprintf;
| #endif
| 
|   ;
|   return 0;
| }
configure:59381: result: no
configure:59393: checking whether _snwprintf is declared
configure:59422: gcc -std=gnu23 -c  -g -O2 -fPIC -I/opt/homebrew/Cellar/pcre2/10.47_1/include -I/opt/homebrew/include  conftest.c >&5
conftest.c:348:22: error: use of undeclared identifier '_snwprintf'
  348 |   char *p = (char *) _snwprintf;
      |                      ^~~~~~~~~~
1 error generated.
configure:59422: $? = 1
configure: failed program was:
| /* confdefs.h */
| #define PACKAGE_NAME "R"
| #define PACKAGE_TARNAME "R"
| #define PACKAGE_VERSION "4.6.0"
| #define PACKAGE_STRING "R 4.6.0"
| #define PACKAGE_BUGREPORT "https://bugs.r-project.org"
| #define PACKAGE_URL "https://www.r-project.org"
| #define PACKAGE "R"
| #define VERSION "4.6.0"
| #define R_PLATFORM "aarch64-apple-darwin25.6.0"
| #define R_CPU "aarch64"
| #define R_VENDOR "apple"
| #define R_OS "darwin25.6.0"
| #define Unix 1
| #define R_ARCH ""
| #define HAVE_STDIO_H 1
| #define HAVE_STDLIB_H 1
| #define HAVE_STRING_H 1
| #define HAVE_INTTYPES_H 1
| #define HAVE_STDINT_H 1
| #define HAVE_STRINGS_H 1
| #define HAVE_SYS_STAT_H 1
| #define HAVE_SYS_TYPES_H 1
| #define HAVE_UNISTD_H 1
| #define HAVE_WCHAR_H 1
| #define HAVE_SYS_TIME_H 1
| #define HAVE_SYS_PARAM_H 1
| #define STDC_HEADERS 1
| #define _ALL_SOURCE 1
| #define _DARWIN_C_SOURCE 1
| #define _GNU_SOURCE 1
| #define _HPUX_ALT_XOPEN_SOCKET_API 1
| #define _NETBSD_SOURCE 1
| #define _OPENBSD_SOURCE 1
| #define _POSIX_PTHREAD_SEMANTICS 1
| #define __STDC_WANT_IEC_60559_ATTRIBS_EXT__ 1
| #define __STDC_WANT_IEC_60559_BFP_EXT__ 1
| #define __STDC_WANT_IEC_60559_DFP_EXT__ 1
| #define __STDC_WANT_IEC_60559_EXT__ 1
| #define __STDC_WANT_IEC_60559_FUNCS_EXT__ 1
| #define __STDC_WANT_IEC_60559_TYPES_EXT__ 1
| #define __STDC_WANT_LIB_EXT2__ 1
| #define __STDC_WANT_MATH_SPEC_FUNCS__ 1
| #define _TANDEM_SOURCE 1
| #define __EXTENSIONS__ 1
| #define HAVE_VISIBILITY_ATTRIBUTE 1
| #define HAVE_DLFCN_H 1
| #define LT_OBJDIR ".libs/"
| #define HAVE_LIBM 1
| #define HAVE_LIBDL 1
| #define HAVE_DIRENT_H 1
| #define HAVE_SYS_WAIT_H 1
| #define HAVE_DLFCN_H 1
| #define HAVE_FCNTL_H 1
| #define HAVE_GLOB_H 1
| #define HAVE_GRP_H 1
| #define HAVE_PWD_H 1
| #define HAVE_SCHED_H 1
| #define HAVE_STRINGS_H 1
| #define HAVE_SYS_RESOURCE_H 1
| #define HAVE_SYS_SELECT_H 1
| #define HAVE_SYS_SOCKET_H 1
| #define HAVE_SYS_STAT_H 1
| #define HAVE_SYS_TIME_H 1
| #define HAVE_SYS_TIMES_H 1
| #define HAVE_SYS_UTSNAME_H 1
| #define HAVE_UNISTD_H 1
| #define HAVE_UTIME_H 1
| #define HAVE_ARPA_INET_H 1
| #define HAVE_LANGINFO_H 1
| #define HAVE_NETDB_H 1
| #define HAVE_NETINET_IN_H 1
| #define HAVE_SYS_PARAM_H 1
| #define HAVE_STDALIGN_H 1
| #define HAVE_ERRNO_H 1
| #define HAVE_INTTYPES_H 1
| #define HAVE_LIMITS_H 1
| #define HAVE_LOCALE_H 1
| #define HAVE_STDARG_H 1
| #define HAVE_STDBOOL_H 1
| #define HAVE_STDINT_H 1
| #define HAVE_STRING_H 1
| #define HAVE_DECL_SIGSETJMP 1
| #define HAVE_DECL_SIGLONGJMP 1
| #define HAVE_POSIX_SETJMP 1
| #define HAVE_INT64_T 1
| #define HAVE_INT_FAST64_T 1
| #define HAVE_DECL_SIZE_MAX 1
| #define R_SOCKLEN_T socklen_t
| #define HAVE_STACK_T 1
| #define HAVE_INTPTR_T 1
| #define HAVE_UINTPTR_T 1
| #define R_INLINE inline
| #define SIZEOF_INT 4
| #define INT_32_BITS 1
| #define SIZEOF_LONG 8
| #define SIZEOF_LONG_LONG 8
| #define SIZEOF_DOUBLE 8
| #define SIZEOF_SIZE_T 8
| #define C_STACK_DIRECTION 1
| #define HAVE_LONG_DOUBLE 1
| #define SIZEOF_LONG_DOUBLE 8
| #define FC_FUNC(name,NAME) name ## _
| #define FC_FUNC_(name,NAME) name ## _
| #define HAVE_F77_UNDERSCORE 1
| #define HAVE_FORTRAN_DOUBLE_COMPLEX 1
| #define HAVE_NO_SYMBOL_UNDERSCORE 1
| #define FC_LEN_T size_t
| #define SHLIB_EXT ".so"
| #define HAVE_PTHREAD 1
| #define HAVE_OFF_T 1
| #define HAVE_ALLOCA_H 1
| #define HAVE_ALLOCA 1
| #define HAVE_DECL_ALLOCA 1
| #define HAVE_EXPM1 1
| #define HAVE_HYPOT 1
| #define HAVE_LOG1P 1
| #define HAVE_LOG1PL 1
| #define HAVE_LOG2 1
| #define HAVE_LOG10 1
| #define HAVE_NEARBYINT 1
| #define HAVE_NEARBYINTL 1
| #define HAVE_POWL 1
| #define HAVE_RINTL 1
| #define HAVE_VA_COPY 1
| #define HAVE_ISBLANK 1
| #define HAVE___COSPI 1
| #define HAVE___SINPI 1
| #define HAVE___TANPI 1
| #define HAVE_FSEEKO 1
| #define HAVE_FTELLO 1
| #define HAVE_FCNTL 1
| #define HAVE_GETGRGID 1
| #define HAVE_GETPWNAM 1
| #define HAVE_GETPWUID 1
| #define HAVE_KILL 1
| #define HAVE_SIGACTION 1
| #define HAVE_SIGALTSTACK 1
| #define HAVE_SIGEMPTYSET 1
| #define HAVE_FDOPEN 1
| #define HAVE_POPEN 1
| #define HAVE_GETLINE 1
| #define HAVE_SELECT 1
| #define HAVE_SETENV 1
| #define HAVE_UNSETENV 1
| #define HAVE_GETRLIMIT 1
| #define HAVE_SETRLIMIT 1
| #define HAVE_GETRUSAGE 1
| #define HAVE_GETPRIORITY 1
| #define HAVE_CHMOD 1
| #define HAVE_MKFIFO 1
| #define HAVE_STAT 1
| #define HAVE_UMASK 1
| #define HAVE_GETTIMEOFDAY 1
| #define HAVE_UTIMES 1
| #define HAVE_TIMES 1
| #define HAVE_GMTIME_R 1
| #define HAVE_LOCALTIME_R 1
| #define HAVE_NL_LANGINFO 1
| #define HAVE_ACCESS 1
| #define HAVE_CHDIR 1
| #define HAVE_EXECV 1
| #define HAVE_FTRUNCATE 1
| #define HAVE_GETCWD 1
| #define HAVE_GETEUID 1
| #define HAVE_GETUID 1
| #define HAVE_LINK 1
| #define HAVE_READLINK 1
| #define HAVE_SYMLINK 1
| #define HAVE_SYSCONF 1
| #define HAVE_UTIME 1
| #define HAVE_UTIMENSAT 1
| #define HAVE_CLOCK_GETTIME 1
| #define HAVE_TIMESPEC_GET 1
| #define HAVE_PUTENV 1
| #define HAVE_DECL_PUTENV 1
| #define HAVE_VASPRINTF 1
| #define HAVE_DECL_VASPRINTF 1
| #define HAVE_REALPATH 1
| #define HAVE_DECL_REALPATH 1
| #define HAVE_GLOB 1
| #define HAVE_DLADDR 1
| #define HAVE_DLSYM 1
| #define HAVE_DECL_DLADDR 1
| #define HAVE_DECL_DLSYM 1
| #define HAVE_DECL_RTLD_DEFAULT 1
| #define HAVE_DECL_RTLD_NEXT 1
| #define HAVE_STPCPY 1
| #define HAVE_OFF_T 1
| #define HAVE_ISNAN 1
| #define HAVE_DECL_ISFINITE 1
| #define HAVE_DECL_ISNAN 1
| #define IEEE_754 1
| #define HAVE_LANGINFO_CODESET 1
| #define HAVE_MKDTEMP 1
| #define HAVE_STRDUP 1
| #define HAVE_STRNCASECMP 1
| #define HAVE_DECL_MKDTEMP 1
| #define HAVE_DECL_STRDUP 1
| #define HAVE_DECL_STRNCASECMP 1
| #define HAVE_WORKING_CALLOC 1
| #define HAVE_WORKING_ISFINITE 1
| #define HAVE_WORKING_LOG1P 1
| #define HAVE_WORKING_FTELL 1
| #define HAVE_WORKING_SIGACTION 1
| #define HAVE_ENUM_BASE_TYPE 1
| #define MKTIME_SETS_ERRNO 1
| #define HAVE_WORKING_MKTIME_AFTER_2037 1
| #define HAVE_WORKING_MKTIME_BEFORE_1902 1
| #define HAVE_WORKING_MKTIME_BEFORE_1970 1
| #define USE_RI18N_FNS 1
| #define USE_RI18N_WIDTH 1
| #define USE_RI18N_CASE 1
| #define HAVE_CABS 1
| #define HAVE_CARG 1
| #define HAVE_CEXP 1
| #define HAVE_CLOG 1
| #define HAVE_CSQRT 1
| #define HAVE_CPOW 1
| #define HAVE_CCOS 1
| #define HAVE_CSIN 1
| #define HAVE_CTAN 1
| #define HAVE_CACOS 1
| #define HAVE_CASIN 1
| #define HAVE_CATAN 1
| #define HAVE_CCOSH 1
| #define HAVE_CSINH 1
| #define HAVE_CTANH 1
| #define HAVE_WORKING_CTANH 1
| #define HAVE_TM_ZONE 1
| #define HAVE_TM_GMTOFF 1
| #define HAVE_ICONV_H 1
| #define HAVE_ICONV 1
| #define HAVE_ICONV_CP1252 1
| #define HAVE_ICONVLIST 1
| #define HAVE_ICONV 1
| #define ICONV_CONST 
| #define HAVE_WCHAR_H 1
| #define HAVE_WCTYPE_H 1
| #define HAVE_MBRTOWC 1
| #define HAVE_WCRTOMB 1
| #define HAVE_WCSCOLL 1
| #define HAVE_WCSFTIME 1
| #define HAVE_WCSTOD 1
| #define HAVE_MBSTOWCS 1
| #define HAVE_WCSTOMBS 1
| #define HAVE_WCTRANS 1
| #define HAVE_WCTYPE 1
| #define HAVE_ISWCTYPE 1
| #define HAVE_WCWIDTH 1
| #define HAVE_WCSWIDTH 1
| #define HAVE_WCTRANS_T 1
| #define HAVE_MBSTATE_T 1
| #define X_DISPLAY_MISSING 1
| #define HAVE_COREFOUNDATION_FW 1
| #define HAVE_BZLIB_H 1
| #define HAVE_LZMA_H 1
| #define HAVE_LZMA 1
| #define HAVE_ZSTD_H 1
| #define HAVE_ZSTD 1
| #define HAVE_ZSTD_DECOMPRESSBOUND 1
| #define HAVE_LIBDEFLATE_H 1
| #define HAVE_LIBDEFLATE 1
| #define USE_LIBDEFLATE 1
| #define PCRE2_CODE_UNIT_WIDTH 8
| #define HAVE_PCRE2 1
| #define HAVE_CURL_CURL_H 1
| #define HAVE_LIBCURL 1
| #define HAVE_JPEG 1
| #define HAVE_PNG 1
| #define HAVE_TIFFIO_H 1
| #define HAVE_TIFF 1
| #define HAVE_POSIX_LEAPSECONDS 1
| #define HAVE_STRUCT_STAT_ST_ATIMESPEC_TV_NSEC 1
| #define HAVE_SETITIMER 1
| #define R_PROFILING 1
| #define HAVE_FSEEKO 1
| #define NVALGRIND 1
| #define VALGRIND_LEVEL 0
| #define USE_INTERNAL_MKTIME 1
| #define HAVE_KERN_USRSTACK 1
| #define R_PRINTCMD "lpr"
| #define HAVE_VISIBILITY 1
| #define HAVE_STDINT_H_WITH_UINTMAX 1
| #define HAVE_GETPAGESIZE 1
| #define HAVE_MMAP 1
| #define INTDIV0_RAISES_SIGFPE 0
| #define HAVE_INTTYPES_H_WITH_UINTMAX 1
| #define HAVE_UNSIGNED_LONG_LONG_INT 1
| #define HAVE_UNSIGNED_LONG_LONG 1
| #define HAVE_UINTMAX_T 1
| #define HAVE_INTTYPES_H 1
| #define HAVE_BUILTIN_EXPECT 1
| #define HAVE_INTTYPES_H 1
| #define HAVE_LIMITS_H 1
| #define HAVE_UNISTD_H 1
| #define HAVE_SYS_PARAM_H 1
| #define HAVE_GETCWD 1
| #define HAVE_GETEGID 1
| #define HAVE_GETEUID 1
| #define HAVE_GETGID 1
| #define HAVE_GETUID 1
| #define HAVE_MUNMAP 1
| #define HAVE_STPCPY 1
| #define HAVE_STRCASECMP 1
| #define HAVE_STRDUP 1
| #define HAVE_STRTOUL 1
| #define HAVE_TSEARCH 1
| #define HAVE_DECL_FEOF_UNLOCKED 1
| #define HAVE_DECL_FGETS_UNLOCKED 0
| #define HAVE_ICONV 1
| #define ICONV_CONST 
| #define HAVE_LONG_LONG_INT 1
| #define HAVE_WCHAR_T 1
| #define HAVE_WINT_T 1
| #define HAVE_INTMAX_T 1
| #define HAVE_POSIX_PRINTF 1
| #define HAVE_STDINT_H 1
| #define HAVE_STDINT_H 1
| #define HAVE_CFPREFERENCESCOPYAPPVALUE 1
| #define HAVE_CFLOCALECOPYCURRENT 1
| #define HAVE_STDDEF_H 1
| #define HAVE_STDLIB_H 1
| #define HAVE_STRING_H 1
| #define HAVE_ASPRINTF 1
| #define HAVE_FWPRINTF 1
| #define HAVE_PUTENV 1
| #define HAVE_SETENV 1
| #define HAVE_SETLOCALE 1
| #define HAVE_SNPRINTF 1
| #define HAVE_WCSLEN 1
| #define HAVE_DECL__SNPRINTF 0
| /* end confdefs.h.  */
| #include <stdio.h>
| #ifdef FC_DUMMY_MAIN
| #ifndef FC_DUMMY_MAIN_EQ_F77
| #  ifdef __cplusplus
|      extern "C"
| #  endif
|    int FC_DUMMY_MAIN() { return 1; }
| #endif
| #endif
| int
| main (void)
| {
| 
| #ifndef _snwprintf
|   char *p = (char *) _snwprintf;
| #endif
| 
|   ;
|   return 0;
| }
configure:59432: result: no
configure:59445: checking whether getc_unlocked is declared
configure:59474: gcc -std=gnu23 -c  -g -O2 -fPIC -I/opt/homebrew/Cellar/pcre2/10.47_1/include -I/opt/homebrew/include  conftest.c >&5
configure:59474: $? = 0
configure:59484: result: yes
configure:59521: checking for nl_langinfo and CODESET
configure:59558: result: yes
configure:59567: checking for LC_MESSAGES
configure:59592: gcc -std=gnu23 -o conftest  -g -O2 -fPIC -I/opt/homebrew/Cellar/pcre2/10.47_1/include -I/opt/homebrew/include  -L/opt/homebrew/lib conftest.c -L/opt/homebrew/Cellar/pcre2/10.47_1/lib -lpcre2-8 -ldeflate -lzstd -llzma -lbz2 -lz -ldl -lm -liconv >&5
configure:59592: $? = 0
configure:59603: result: yes
configure:59647: checking for CFPreferencesCopyAppValue
configure:59686: result: yes
configure:59693: checking for CFLocaleCopyCurrent
configure:59732: result: yes
configure:59767: checking whether included gettext is requested
configure:59779: result: no
configure:59802: checking for GNU gettext in libc
configure:59831: gcc -std=gnu23 -o conftest  -g -O2 -fPIC -I/opt/homebrew/Cellar/pcre2/10.47_1/include -I/opt/homebrew/include  -L/opt/homebrew/lib conftest.c -L/opt/homebrew/Cellar/pcre2/10.47_1/lib -lpcre2-8 -ldeflate -lzstd -llzma -lbz2 -lz -ldl -lm -liconv >&5
Undefined symbols for architecture arm64:
  "__nl_domain_bindings", referenced from:
      _main in conftest-2b9169.o
  "__nl_msg_cat_cntr", referenced from:
      _main in conftest-2b9169.o
  "_libintl_bindtextdomain", referenced from:
      _main in conftest-2b9169.o
  "_libintl_gettext", referenced from:
      _main in conftest-2b9169.o
  "_libintl_ngettext", referenced from:
      _main in conftest-2b9169.o
ld: symbol(s) not found for architecture arm64
clang: error: linker command failed with exit code 1 (use -v to see invocation)
configure:59831: $? = 1
configure: failed program was:
| /* confdefs.h */
| #define PACKAGE_NAME "R"
| #define PACKAGE_TARNAME "R"
| #define PACKAGE_VERSION "4.6.0"
| #define PACKAGE_STRING "R 4.6.0"
| #define PACKAGE_BUGREPORT "https://bugs.r-project.org"
| #define PACKAGE_URL "https://www.r-project.org"
| #define PACKAGE "R"
| #define VERSION "4.6.0"
| #define R_PLATFORM "aarch64-apple-darwin25.6.0"
| #define R_CPU "aarch64"
| #define R_VENDOR "apple"
| #define R_OS "darwin25.6.0"
| #define Unix 1
| #define R_ARCH ""
| #define HAVE_STDIO_H 1
| #define HAVE_STDLIB_H 1
| #define HAVE_STRING_H 1
| #define HAVE_INTTYPES_H 1
| #define HAVE_STDINT_H 1
| #define HAVE_STRINGS_H 1
| #define HAVE_SYS_STAT_H 1
| #define HAVE_SYS_TYPES_H 1
| #define HAVE_UNISTD_H 1
| #define HAVE_WCHAR_H 1
| #define HAVE_SYS_TIME_H 1
| #define HAVE_SYS_PARAM_H 1
| #define STDC_HEADERS 1
| #define _ALL_SOURCE 1
| #define _DARWIN_C_SOURCE 1
| #define _GNU_SOURCE 1
| #define _HPUX_ALT_XOPEN_SOCKET_API 1
| #define _NETBSD_SOURCE 1
| #define _OPENBSD_SOURCE 1
| #define _POSIX_PTHREAD_SEMANTICS 1
| #define __STDC_WANT_IEC_60559_ATTRIBS_EXT__ 1
| #define __STDC_WANT_IEC_60559_BFP_EXT__ 1
| #define __STDC_WANT_IEC_60559_DFP_EXT__ 1
| #define __STDC_WANT_IEC_60559_EXT__ 1
| #define __STDC_WANT_IEC_60559_FUNCS_EXT__ 1
| #define __STDC_WANT_IEC_60559_TYPES_EXT__ 1
| #define __STDC_WANT_LIB_EXT2__ 1
| #define __STDC_WANT_MATH_SPEC_FUNCS__ 1
| #define _TANDEM_SOURCE 1
| #define __EXTENSIONS__ 1
| #define HAVE_VISIBILITY_ATTRIBUTE 1
| #define HAVE_DLFCN_H 1
| #define LT_OBJDIR ".libs/"
| #define HAVE_LIBM 1
| #define HAVE_LIBDL 1
| #define HAVE_DIRENT_H 1
| #define HAVE_SYS_WAIT_H 1
| #define HAVE_DLFCN_H 1
| #define HAVE_FCNTL_H 1
| #define HAVE_GLOB_H 1
| #define HAVE_GRP_H 1
| #define HAVE_PWD_H 1
| #define HAVE_SCHED_H 1
| #define HAVE_STRINGS_H 1
| #define HAVE_SYS_RESOURCE_H 1
| #define HAVE_SYS_SELECT_H 1
| #define HAVE_SYS_SOCKET_H 1
| #define HAVE_SYS_STAT_H 1
| #define HAVE_SYS_TIME_H 1
| #define HAVE_SYS_TIMES_H 1
| #define HAVE_SYS_UTSNAME_H 1
| #define HAVE_UNISTD_H 1
| #define HAVE_UTIME_H 1
| #define HAVE_ARPA_INET_H 1
| #define HAVE_LANGINFO_H 1
| #define HAVE_NETDB_H 1
| #define HAVE_NETINET_IN_H 1
| #define HAVE_SYS_PARAM_H 1
| #define HAVE_STDALIGN_H 1
| #define HAVE_ERRNO_H 1
| #define HAVE_INTTYPES_H 1
| #define HAVE_LIMITS_H 1
| #define HAVE_LOCALE_H 1
| #define HAVE_STDARG_H 1
| #define HAVE_STDBOOL_H 1
| #define HAVE_STDINT_H 1
| #define HAVE_STRING_H 1
| #define HAVE_DECL_SIGSETJMP 1
| #define HAVE_DECL_SIGLONGJMP 1
| #define HAVE_POSIX_SETJMP 1
| #define HAVE_INT64_T 1
| #define HAVE_INT_FAST64_T 1
| #define HAVE_DECL_SIZE_MAX 1
| #define R_SOCKLEN_T socklen_t
| #define HAVE_STACK_T 1
| #define HAVE_INTPTR_T 1
| #define HAVE_UINTPTR_T 1
| #define R_INLINE inline
| #define SIZEOF_INT 4
| #define INT_32_BITS 1
| #define SIZEOF_LONG 8
| #define SIZEOF_LONG_LONG 8
| #define SIZEOF_DOUBLE 8
| #define SIZEOF_SIZE_T 8
| #define C_STACK_DIRECTION 1
| #define HAVE_LONG_DOUBLE 1
| #define SIZEOF_LONG_DOUBLE 8
| #define FC_FUNC(name,NAME) name ## _
| #define FC_FUNC_(name,NAME) name ## _
| #define HAVE_F77_UNDERSCORE 1
| #define HAVE_FORTRAN_DOUBLE_COMPLEX 1
| #define HAVE_NO_SYMBOL_UNDERSCORE 1
| #define FC_LEN_T size_t
| #define SHLIB_EXT ".so"
| #define HAVE_PTHREAD 1
| #define HAVE_OFF_T 1
| #define HAVE_ALLOCA_H 1
| #define HAVE_ALLOCA 1
| #define HAVE_DECL_ALLOCA 1
| #define HAVE_EXPM1 1
| #define HAVE_HYPOT 1
| #define HAVE_LOG1P 1
| #define HAVE_LOG1PL 1
| #define HAVE_LOG2 1
| #define HAVE_LOG10 1
| #define HAVE_NEARBYINT 1
| #define HAVE_NEARBYINTL 1
| #define HAVE_POWL 1
| #define HAVE_RINTL 1
| #define HAVE_VA_COPY 1
| #define HAVE_ISBLANK 1
| #define HAVE___COSPI 1
| #define HAVE___SINPI 1
| #define HAVE___TANPI 1
| #define HAVE_FSEEKO 1
| #define HAVE_FTELLO 1
| #define HAVE_FCNTL 1
| #define HAVE_GETGRGID 1
| #define HAVE_GETPWNAM 1
| #define HAVE_GETPWUID 1
| #define HAVE_KILL 1
| #define HAVE_SIGACTION 1
| #define HAVE_SIGALTSTACK 1
| #define HAVE_SIGEMPTYSET 1
| #define HAVE_FDOPEN 1
| #define HAVE_POPEN 1
| #define HAVE_GETLINE 1
| #define HAVE_SELECT 1
| #define HAVE_SETENV 1
| #define HAVE_UNSETENV 1
| #define HAVE_GETRLIMIT 1
| #define HAVE_SETRLIMIT 1
| #define HAVE_GETRUSAGE 1
| #define HAVE_GETPRIORITY 1
| #define HAVE_CHMOD 1
| #define HAVE_MKFIFO 1
| #define HAVE_STAT 1
| #define HAVE_UMASK 1
| #define HAVE_GETTIMEOFDAY 1
| #define HAVE_UTIMES 1
| #define HAVE_TIMES 1
| #define HAVE_GMTIME_R 1
| #define HAVE_LOCALTIME_R 1
| #define HAVE_NL_LANGINFO 1
| #define HAVE_ACCESS 1
| #define HAVE_CHDIR 1
| #define HAVE_EXECV 1
| #define HAVE_FTRUNCATE 1
| #define HAVE_GETCWD 1
| #define HAVE_GETEUID 1
| #define HAVE_GETUID 1
| #define HAVE_LINK 1
| #define HAVE_READLINK 1
| #define HAVE_SYMLINK 1
| #define HAVE_SYSCONF 1
| #define HAVE_UTIME 1
| #define HAVE_UTIMENSAT 1
| #define HAVE_CLOCK_GETTIME 1
| #define HAVE_TIMESPEC_GET 1
| #define HAVE_PUTENV 1
| #define HAVE_DECL_PUTENV 1
| #define HAVE_VASPRINTF 1
| #define HAVE_DECL_VASPRINTF 1
| #define HAVE_REALPATH 1
| #define HAVE_DECL_REALPATH 1
| #define HAVE_GLOB 1
| #define HAVE_DLADDR 1
| #define HAVE_DLSYM 1
| #define HAVE_DECL_DLADDR 1
| #define HAVE_DECL_DLSYM 1
| #define HAVE_DECL_RTLD_DEFAULT 1
| #define HAVE_DECL_RTLD_NEXT 1
| #define HAVE_STPCPY 1
| #define HAVE_OFF_T 1
| #define HAVE_ISNAN 1
| #define HAVE_DECL_ISFINITE 1
| #define HAVE_DECL_ISNAN 1
| #define IEEE_754 1
| #define HAVE_LANGINFO_CODESET 1
| #define HAVE_MKDTEMP 1
| #define HAVE_STRDUP 1
| #define HAVE_STRNCASECMP 1
| #define HAVE_DECL_MKDTEMP 1
| #define HAVE_DECL_STRDUP 1
| #define HAVE_DECL_STRNCASECMP 1
| #define HAVE_WORKING_CALLOC 1
| #define HAVE_WORKING_ISFINITE 1
| #define HAVE_WORKING_LOG1P 1
| #define HAVE_WORKING_FTELL 1
| #define HAVE_WORKING_SIGACTION 1
| #define HAVE_ENUM_BASE_TYPE 1
| #define MKTIME_SETS_ERRNO 1
| #define HAVE_WORKING_MKTIME_AFTER_2037 1
| #define HAVE_WORKING_MKTIME_BEFORE_1902 1
| #define HAVE_WORKING_MKTIME_BEFORE_1970 1
| #define USE_RI18N_FNS 1
| #define USE_RI18N_WIDTH 1
| #define USE_RI18N_CASE 1
| #define HAVE_CABS 1
| #define HAVE_CARG 1
| #define HAVE_CEXP 1
| #define HAVE_CLOG 1
| #define HAVE_CSQRT 1
| #define HAVE_CPOW 1
| #define HAVE_CCOS 1
| #define HAVE_CSIN 1
| #define HAVE_CTAN 1
| #define HAVE_CACOS 1
| #define HAVE_CASIN 1
| #define HAVE_CATAN 1
| #define HAVE_CCOSH 1
| #define HAVE_CSINH 1
| #define HAVE_CTANH 1
| #define HAVE_WORKING_CTANH 1
| #define HAVE_TM_ZONE 1
| #define HAVE_TM_GMTOFF 1
| #define HAVE_ICONV_H 1
| #define HAVE_ICONV 1
| #define HAVE_ICONV_CP1252 1
| #define HAVE_ICONVLIST 1
| #define HAVE_ICONV 1
| #define ICONV_CONST 
| #define HAVE_WCHAR_H 1
| #define HAVE_WCTYPE_H 1
| #define HAVE_MBRTOWC 1
| #define HAVE_WCRTOMB 1
| #define HAVE_WCSCOLL 1
| #define HAVE_WCSFTIME 1
| #define HAVE_WCSTOD 1
| #define HAVE_MBSTOWCS 1
| #define HAVE_WCSTOMBS 1
| #define HAVE_WCTRANS 1
| #define HAVE_WCTYPE 1
| #define HAVE_ISWCTYPE 1
| #define HAVE_WCWIDTH 1
| #define HAVE_WCSWIDTH 1
| #define HAVE_WCTRANS_T 1
| #define HAVE_MBSTATE_T 1
| #define X_DISPLAY_MISSING 1
| #define HAVE_COREFOUNDATION_FW 1
| #define HAVE_BZLIB_H 1
| #define HAVE_LZMA_H 1
| #define HAVE_LZMA 1
| #define HAVE_ZSTD_H 1
| #define HAVE_ZSTD 1
| #define HAVE_ZSTD_DECOMPRESSBOUND 1
| #define HAVE_LIBDEFLATE_H 1
| #define HAVE_LIBDEFLATE 1
| #define USE_LIBDEFLATE 1
| #define PCRE2_CODE_UNIT_WIDTH 8
| #define HAVE_PCRE2 1
| #define HAVE_CURL_CURL_H 1
| #define HAVE_LIBCURL 1
| #define HAVE_JPEG 1
| #define HAVE_PNG 1
| #define HAVE_TIFFIO_H 1
| #define HAVE_TIFF 1
| #define HAVE_POSIX_LEAPSECONDS 1
| #define HAVE_STRUCT_STAT_ST_ATIMESPEC_TV_NSEC 1
| #define HAVE_SETITIMER 1
| #define R_PROFILING 1
| #define HAVE_FSEEKO 1
| #define NVALGRIND 1
| #define VALGRIND_LEVEL 0
| #define USE_INTERNAL_MKTIME 1
| #define HAVE_KERN_USRSTACK 1
| #define R_PRINTCMD "lpr"
| #define HAVE_VISIBILITY 1
| #define HAVE_STDINT_H_WITH_UINTMAX 1
| #define HAVE_GETPAGESIZE 1
| #define HAVE_MMAP 1
| #define INTDIV0_RAISES_SIGFPE 0
| #define HAVE_INTTYPES_H_WITH_UINTMAX 1
| #define HAVE_UNSIGNED_LONG_LONG_INT 1
| #define HAVE_UNSIGNED_LONG_LONG 1
| #define HAVE_UINTMAX_T 1
| #define HAVE_INTTYPES_H 1
| #define HAVE_BUILTIN_EXPECT 1
| #define HAVE_INTTYPES_H 1
| #define HAVE_LIMITS_H 1
| #define HAVE_UNISTD_H 1
| #define HAVE_SYS_PARAM_H 1
| #define HAVE_GETCWD 1
| #define HAVE_GETEGID 1
| #define HAVE_GETEUID 1
| #define HAVE_GETGID 1
| #define HAVE_GETUID 1
| #define HAVE_MUNMAP 1
| #define HAVE_STPCPY 1
| #define HAVE_STRCASECMP 1
| #define HAVE_STRDUP 1
| #define HAVE_STRTOUL 1
| #define HAVE_TSEARCH 1
| #define HAVE_DECL_FEOF_UNLOCKED 1
| #define HAVE_DECL_FGETS_UNLOCKED 0
| #define HAVE_ICONV 1
| #define ICONV_CONST 
| #define HAVE_LONG_LONG_INT 1
| #define HAVE_WCHAR_T 1
| #define HAVE_WINT_T 1
| #define HAVE_INTMAX_T 1
| #define HAVE_POSIX_PRINTF 1
| #define HAVE_STDINT_H 1
| #define HAVE_STDINT_H 1
| #define HAVE_CFPREFERENCESCOPYAPPVALUE 1
| #define HAVE_CFLOCALECOPYCURRENT 1
| #define HAVE_STDDEF_H 1
| #define HAVE_STDLIB_H 1
| #define HAVE_STRING_H 1
| #define HAVE_ASPRINTF 1
| #define HAVE_FWPRINTF 1
| #define HAVE_PUTENV 1
| #define HAVE_SETENV 1
| #define HAVE_SETLOCALE 1
| #define HAVE_SNPRINTF 1
| #define HAVE_WCSLEN 1
| #define HAVE_DECL__SNPRINTF 0
| #define HAVE_DECL__SNWPRINTF 0
| #define HAVE_DECL_GETC_UNLOCKED 1
| #define HAVE_LANGINFO_CODESET 1
| #define HAVE_LC_MESSAGES 1
| #define HAVE_CFPREFERENCESCOPYAPPVALUE 1
| #define HAVE_CFLOCALECOPYCURRENT 1
| /* end confdefs.h.  */
| #include <libintl.h>
| 
| extern int _nl_msg_cat_cntr;
| extern int *_nl_domain_bindings;
| #ifdef FC_DUMMY_MAIN
| #ifndef FC_DUMMY_MAIN_EQ_F77
| #  ifdef __cplusplus
|      extern "C"
| #  endif
|    int FC_DUMMY_MAIN() { return 1; }
| #endif
| #endif
| int
| main (void)
| {
| bindtextdomain ("", "");
| return * gettext ("") + * ngettext ("", "", 0) + _nl_msg_cat_cntr + *_nl_domain_bindings
|   ;
|   return 0;
| }
configure:59843: result: no
configure:60310: checking for GNU gettext in libintl
configure:60347: gcc -std=gnu23 -o conftest  -g -O2 -fPIC -I/opt/homebrew/Cellar/pcre2/10.47_1/include -I/opt/homebrew/include   -L/opt/homebrew/lib conftest.c -L/opt/homebrew/Cellar/pcre2/10.47_1/lib -lpcre2-8 -ldeflate -lzstd -llzma -lbz2 -lz -ldl -lm -liconv -lintl >&5
configure:60347: $? = 0
configure:60402: result: yes
configure:60456: checking whether to use NLS
configure:60458: result: yes
configure:60461: checking where the gettext function comes from
configure:60472: result: external libintl
configure:60480: checking how to link with libintl
configure:60482: result: -lintl -Wl,-framework -Wl,CoreFoundation
configure:60587: checking whether OpenMP SIMD reduction is supported
configure:60641: gcc -std=gnu23 -o conftest  -g -O2 -fPIC  -I/opt/homebrew/Cellar/pcre2/10.47_1/include -I/opt/homebrew/include  -L/opt/homebrew/lib conftest.c -L/opt/homebrew/Cellar/pcre2/10.47_1/lib -lpcre2-8 -ldeflate -lzstd -llzma -lbz2 -lz -ldl -lm -liconv >&5
configure:60641: $? = 0
configure:60641: ./conftest
configure:60641: $? = 1
configure: program exited with status 1
configure: failed program was:
| /* confdefs.h */
| #define PACKAGE_NAME "R"
| #define PACKAGE_TARNAME "R"
| #define PACKAGE_VERSION "4.6.0"
| #define PACKAGE_STRING "R 4.6.0"
| #define PACKAGE_BUGREPORT "https://bugs.r-project.org"
| #define PACKAGE_URL "https://www.r-project.org"
| #define PACKAGE "R"
| #define VERSION "4.6.0"
| #define R_PLATFORM "aarch64-apple-darwin25.6.0"
| #define R_CPU "aarch64"
| #define R_VENDOR "apple"
| #define R_OS "darwin25.6.0"
| #define Unix 1
| #define R_ARCH ""
| #define HAVE_STDIO_H 1
| #define HAVE_STDLIB_H 1
| #define HAVE_STRING_H 1
| #define HAVE_INTTYPES_H 1
| #define HAVE_STDINT_H 1
| #define HAVE_STRINGS_H 1
| #define HAVE_SYS_STAT_H 1
| #define HAVE_SYS_TYPES_H 1
| #define HAVE_UNISTD_H 1
| #define HAVE_WCHAR_H 1
| #define HAVE_SYS_TIME_H 1
| #define HAVE_SYS_PARAM_H 1
| #define STDC_HEADERS 1
| #define _ALL_SOURCE 1
| #define _DARWIN_C_SOURCE 1
| #define _GNU_SOURCE 1
| #define _HPUX_ALT_XOPEN_SOCKET_API 1
| #define _NETBSD_SOURCE 1
| #define _OPENBSD_SOURCE 1
| #define _POSIX_PTHREAD_SEMANTICS 1
| #define __STDC_WANT_IEC_60559_ATTRIBS_EXT__ 1
| #define __STDC_WANT_IEC_60559_BFP_EXT__ 1
| #define __STDC_WANT_IEC_60559_DFP_EXT__ 1
| #define __STDC_WANT_IEC_60559_EXT__ 1
| #define __STDC_WANT_IEC_60559_FUNCS_EXT__ 1
| #define __STDC_WANT_IEC_60559_TYPES_EXT__ 1
| #define __STDC_WANT_LIB_EXT2__ 1
| #define __STDC_WANT_MATH_SPEC_FUNCS__ 1
| #define _TANDEM_SOURCE 1
| #define __EXTENSIONS__ 1
| #define HAVE_VISIBILITY_ATTRIBUTE 1
| #define HAVE_DLFCN_H 1
| #define LT_OBJDIR ".libs/"
| #define HAVE_LIBM 1
| #define HAVE_LIBDL 1
| #define HAVE_DIRENT_H 1
| #define HAVE_SYS_WAIT_H 1
| #define HAVE_DLFCN_H 1
| #define HAVE_FCNTL_H 1
| #define HAVE_GLOB_H 1
| #define HAVE_GRP_H 1
| #define HAVE_PWD_H 1
| #define HAVE_SCHED_H 1
| #define HAVE_STRINGS_H 1
| #define HAVE_SYS_RESOURCE_H 1
| #define HAVE_SYS_SELECT_H 1
| #define HAVE_SYS_SOCKET_H 1
| #define HAVE_SYS_STAT_H 1
| #define HAVE_SYS_TIME_H 1
| #define HAVE_SYS_TIMES_H 1
| #define HAVE_SYS_UTSNAME_H 1
| #define HAVE_UNISTD_H 1
| #define HAVE_UTIME_H 1
| #define HAVE_ARPA_INET_H 1
| #define HAVE_LANGINFO_H 1
| #define HAVE_NETDB_H 1
| #define HAVE_NETINET_IN_H 1
| #define HAVE_SYS_PARAM_H 1
| #define HAVE_STDALIGN_H 1
| #define HAVE_ERRNO_H 1
| #define HAVE_INTTYPES_H 1
| #define HAVE_LIMITS_H 1
| #define HAVE_LOCALE_H 1
| #define HAVE_STDARG_H 1
| #define HAVE_STDBOOL_H 1
| #define HAVE_STDINT_H 1
| #define HAVE_STRING_H 1
| #define HAVE_DECL_SIGSETJMP 1
| #define HAVE_DECL_SIGLONGJMP 1
| #define HAVE_POSIX_SETJMP 1
| #define HAVE_INT64_T 1
| #define HAVE_INT_FAST64_T 1
| #define HAVE_DECL_SIZE_MAX 1
| #define R_SOCKLEN_T socklen_t
| #define HAVE_STACK_T 1
| #define HAVE_INTPTR_T 1
| #define HAVE_UINTPTR_T 1
| #define R_INLINE inline
| #define SIZEOF_INT 4
| #define INT_32_BITS 1
| #define SIZEOF_LONG 8
| #define SIZEOF_LONG_LONG 8
| #define SIZEOF_DOUBLE 8
| #define SIZEOF_SIZE_T 8
| #define C_STACK_DIRECTION 1
| #define HAVE_LONG_DOUBLE 1
| #define SIZEOF_LONG_DOUBLE 8
| #define FC_FUNC(name,NAME) name ## _
| #define FC_FUNC_(name,NAME) name ## _
| #define HAVE_F77_UNDERSCORE 1
| #define HAVE_FORTRAN_DOUBLE_COMPLEX 1
| #define HAVE_NO_SYMBOL_UNDERSCORE 1
| #define FC_LEN_T size_t
| #define SHLIB_EXT ".so"
| #define HAVE_PTHREAD 1
| #define HAVE_OFF_T 1
| #define HAVE_ALLOCA_H 1
| #define HAVE_ALLOCA 1
| #define HAVE_DECL_ALLOCA 1
| #define HAVE_EXPM1 1
| #define HAVE_HYPOT 1
| #define HAVE_LOG1P 1
| #define HAVE_LOG1PL 1
| #define HAVE_LOG2 1
| #define HAVE_LOG10 1
| #define HAVE_NEARBYINT 1
| #define HAVE_NEARBYINTL 1
| #define HAVE_POWL 1
| #define HAVE_RINTL 1
| #define HAVE_VA_COPY 1
| #define HAVE_ISBLANK 1
| #define HAVE___COSPI 1
| #define HAVE___SINPI 1
| #define HAVE___TANPI 1
| #define HAVE_FSEEKO 1
| #define HAVE_FTELLO 1
| #define HAVE_FCNTL 1
| #define HAVE_GETGRGID 1
| #define HAVE_GETPWNAM 1
| #define HAVE_GETPWUID 1
| #define HAVE_KILL 1
| #define HAVE_SIGACTION 1
| #define HAVE_SIGALTSTACK 1
| #define HAVE_SIGEMPTYSET 1
| #define HAVE_FDOPEN 1
| #define HAVE_POPEN 1
| #define HAVE_GETLINE 1
| #define HAVE_SELECT 1
| #define HAVE_SETENV 1
| #define HAVE_UNSETENV 1
| #define HAVE_GETRLIMIT 1
| #define HAVE_SETRLIMIT 1
| #define HAVE_GETRUSAGE 1
| #define HAVE_GETPRIORITY 1
| #define HAVE_CHMOD 1
| #define HAVE_MKFIFO 1
| #define HAVE_STAT 1
| #define HAVE_UMASK 1
| #define HAVE_GETTIMEOFDAY 1
| #define HAVE_UTIMES 1
| #define HAVE_TIMES 1
| #define HAVE_GMTIME_R 1
| #define HAVE_LOCALTIME_R 1
| #define HAVE_NL_LANGINFO 1
| #define HAVE_ACCESS 1
| #define HAVE_CHDIR 1
| #define HAVE_EXECV 1
| #define HAVE_FTRUNCATE 1
| #define HAVE_GETCWD 1
| #define HAVE_GETEUID 1
| #define HAVE_GETUID 1
| #define HAVE_LINK 1
| #define HAVE_READLINK 1
| #define HAVE_SYMLINK 1
| #define HAVE_SYSCONF 1
| #define HAVE_UTIME 1
| #define HAVE_UTIMENSAT 1
| #define HAVE_CLOCK_GETTIME 1
| #define HAVE_TIMESPEC_GET 1
| #define HAVE_PUTENV 1
| #define HAVE_DECL_PUTENV 1
| #define HAVE_VASPRINTF 1
| #define HAVE_DECL_VASPRINTF 1
| #define HAVE_REALPATH 1
| #define HAVE_DECL_REALPATH 1
| #define HAVE_GLOB 1
| #define HAVE_DLADDR 1
| #define HAVE_DLSYM 1
| #define HAVE_DECL_DLADDR 1
| #define HAVE_DECL_DLSYM 1
| #define HAVE_DECL_RTLD_DEFAULT 1
| #define HAVE_DECL_RTLD_NEXT 1
| #define HAVE_STPCPY 1
| #define HAVE_OFF_T 1
| #define HAVE_ISNAN 1
| #define HAVE_DECL_ISFINITE 1
| #define HAVE_DECL_ISNAN 1
| #define IEEE_754 1
| #define HAVE_LANGINFO_CODESET 1
| #define HAVE_MKDTEMP 1
| #define HAVE_STRDUP 1
| #define HAVE_STRNCASECMP 1
| #define HAVE_DECL_MKDTEMP 1
| #define HAVE_DECL_STRDUP 1
| #define HAVE_DECL_STRNCASECMP 1
| #define HAVE_WORKING_CALLOC 1
| #define HAVE_WORKING_ISFINITE 1
| #define HAVE_WORKING_LOG1P 1
| #define HAVE_WORKING_FTELL 1
| #define HAVE_WORKING_SIGACTION 1
| #define HAVE_ENUM_BASE_TYPE 1
| #define MKTIME_SETS_ERRNO 1
| #define HAVE_WORKING_MKTIME_AFTER_2037 1
| #define HAVE_WORKING_MKTIME_BEFORE_1902 1
| #define HAVE_WORKING_MKTIME_BEFORE_1970 1
| #define USE_RI18N_FNS 1
| #define USE_RI18N_WIDTH 1
| #define USE_RI18N_CASE 1
| #define HAVE_CABS 1
| #define HAVE_CARG 1
| #define HAVE_CEXP 1
| #define HAVE_CLOG 1
| #define HAVE_CSQRT 1
| #define HAVE_CPOW 1
| #define HAVE_CCOS 1
| #define HAVE_CSIN 1
| #define HAVE_CTAN 1
| #define HAVE_CACOS 1
| #define HAVE_CASIN 1
| #define HAVE_CATAN 1
| #define HAVE_CCOSH 1
| #define HAVE_CSINH 1
| #define HAVE_CTANH 1
| #define HAVE_WORKING_CTANH 1
| #define HAVE_TM_ZONE 1
| #define HAVE_TM_GMTOFF 1
| #define HAVE_ICONV_H 1
| #define HAVE_ICONV 1
| #define HAVE_ICONV_CP1252 1
| #define HAVE_ICONVLIST 1
| #define HAVE_ICONV 1
| #define ICONV_CONST 
| #define HAVE_WCHAR_H 1
| #define HAVE_WCTYPE_H 1
| #define HAVE_MBRTOWC 1
| #define HAVE_WCRTOMB 1
| #define HAVE_WCSCOLL 1
| #define HAVE_WCSFTIME 1
| #define HAVE_WCSTOD 1
| #define HAVE_MBSTOWCS 1
| #define HAVE_WCSTOMBS 1
| #define HAVE_WCTRANS 1
| #define HAVE_WCTYPE 1
| #define HAVE_ISWCTYPE 1
| #define HAVE_WCWIDTH 1
| #define HAVE_WCSWIDTH 1
| #define HAVE_WCTRANS_T 1
| #define HAVE_MBSTATE_T 1
| #define X_DISPLAY_MISSING 1
| #define HAVE_COREFOUNDATION_FW 1
| #define HAVE_BZLIB_H 1
| #define HAVE_LZMA_H 1
| #define HAVE_LZMA 1
| #define HAVE_ZSTD_H 1
| #define HAVE_ZSTD 1
| #define HAVE_ZSTD_DECOMPRESSBOUND 1
| #define HAVE_LIBDEFLATE_H 1
| #define HAVE_LIBDEFLATE 1
| #define USE_LIBDEFLATE 1
| #define PCRE2_CODE_UNIT_WIDTH 8
| #define HAVE_PCRE2 1
| #define HAVE_CURL_CURL_H 1
| #define HAVE_LIBCURL 1
| #define HAVE_JPEG 1
| #define HAVE_PNG 1
| #define HAVE_TIFFIO_H 1
| #define HAVE_TIFF 1
| #define HAVE_POSIX_LEAPSECONDS 1
| #define HAVE_STRUCT_STAT_ST_ATIMESPEC_TV_NSEC 1
| #define HAVE_SETITIMER 1
| #define R_PROFILING 1
| #define HAVE_FSEEKO 1
| #define NVALGRIND 1
| #define VALGRIND_LEVEL 0
| #define USE_INTERNAL_MKTIME 1
| #define HAVE_KERN_USRSTACK 1
| #define R_PRINTCMD "lpr"
| #define HAVE_VISIBILITY 1
| #define HAVE_STDINT_H_WITH_UINTMAX 1
| #define HAVE_GETPAGESIZE 1
| #define HAVE_MMAP 1
| #define INTDIV0_RAISES_SIGFPE 0
| #define HAVE_INTTYPES_H_WITH_UINTMAX 1
| #define HAVE_UNSIGNED_LONG_LONG_INT 1
| #define HAVE_UNSIGNED_LONG_LONG 1
| #define HAVE_UINTMAX_T 1
| #define HAVE_INTTYPES_H 1
| #define HAVE_BUILTIN_EXPECT 1
| #define HAVE_INTTYPES_H 1
| #define HAVE_LIMITS_H 1
| #define HAVE_UNISTD_H 1
| #define HAVE_SYS_PARAM_H 1
| #define HAVE_GETCWD 1
| #define HAVE_GETEGID 1
| #define HAVE_GETEUID 1
| #define HAVE_GETGID 1
| #define HAVE_GETUID 1
| #define HAVE_MUNMAP 1
| #define HAVE_STPCPY 1
| #define HAVE_STRCASECMP 1
| #define HAVE_STRDUP 1
| #define HAVE_STRTOUL 1
| #define HAVE_TSEARCH 1
| #define HAVE_DECL_FEOF_UNLOCKED 1
| #define HAVE_DECL_FGETS_UNLOCKED 0
| #define HAVE_ICONV 1
| #define ICONV_CONST 
| #define HAVE_LONG_LONG_INT 1
| #define HAVE_WCHAR_T 1
| #define HAVE_WINT_T 1
| #define HAVE_INTMAX_T 1
| #define HAVE_POSIX_PRINTF 1
| #define HAVE_STDINT_H 1
| #define HAVE_STDINT_H 1
| #define HAVE_CFPREFERENCESCOPYAPPVALUE 1
| #define HAVE_CFLOCALECOPYCURRENT 1
| #define HAVE_STDDEF_H 1
| #define HAVE_STDLIB_H 1
| #define HAVE_STRING_H 1
| #define HAVE_ASPRINTF 1
| #define HAVE_FWPRINTF 1
| #define HAVE_PUTENV 1
| #define HAVE_SETENV 1
| #define HAVE_SETLOCALE 1
| #define HAVE_SNPRINTF 1
| #define HAVE_WCSLEN 1
| #define HAVE_DECL__SNPRINTF 0
| #define HAVE_DECL__SNWPRINTF 0
| #define HAVE_DECL_GETC_UNLOCKED 1
| #define HAVE_LANGINFO_CODESET 1
| #define HAVE_LC_MESSAGES 1
| #define HAVE_CFPREFERENCESCOPYAPPVALUE 1
| #define HAVE_CFLOCALECOPYCURRENT 1
| #define ENABLE_NLS 1
| #define HAVE_GETTEXT 1
| #define HAVE_DCGETTEXT 1
| /* end confdefs.h.  */
| 
| #include <stdlib.h>
| 
| double ssum(double *x, int n) {
| /* SIMD reduction is supported since OpenMP 4.0. The value of _OPENMP is
|    unreliable in some compilers, so we do not test its value. */
| #if defined(_OPENMP)
|     double s = 0;
|     #pragma omp simd reduction(+:s)
|     for(int i = 0; i < n; i++)
|         s += x[i];
|     return s;
| #else
|     exit(1);
|     return 0; /* not reachable */
| #endif
| }
| 
| int main(void) {
|     /* use 'volatile's to reduce the risk of the
|        computation being inlined and constant-folded */
|     volatile double xv[8] = {1, 2, 3, 4, 5, 6, 7, 8};
|     volatile int n = 8;
|     double x[8], s;
|     int i;
| 
|     for(i = 0; i < 8; i++) x[i] = xv[i];
|     s = ssum(x, n);
|     if (s == 36) exit(0);
|     exit(2);
| }
| 
configure:60657: result: no
configure:60670: result: using as R_SHELL for scripts ... /bin/sh
configure:61085: creating ./config.status

## ---------------------- ##
## Running config.status. ##
## ---------------------- ##

This file was extended by R config.status 4.6.0, which was
generated by GNU Autoconf 2.72.  Invocation command line was

  CONFIG_FILES    = 
  CONFIG_HEADERS  = 
  CONFIG_LINKS    = 
  CONFIG_COMMANDS = 
  $ ./config.status 

on ceres

config.status:1921: creating Makeconf
config.status:1921: creating Makefile
config.status:1921: creating doc/Makefile
config.status:1921: creating doc/html/Makefile
config.status:1921: creating doc/manual/Makefile
config.status:1921: creating etc/Makefile
config.status:1921: creating etc/Makeconf
config.status:1921: creating etc/Renviron
config.status:1921: creating etc/javaconf
config.status:1921: creating etc/ldpaths
config.status:1921: creating m4/Makefile
config.status:1921: creating po/Makefile
config.status:1921: creating share/Makefile
config.status:1921: creating src/Makefile
config.status:1921: creating src/appl/Makefile
config.status:1921: creating src/extra/Makefile
config.status:1921: creating src/extra/blas/Makefile
config.status:1921: creating src/extra/intl/Makefile
config.status:1921: creating src/extra/tre/Makefile
config.status:1921: creating src/extra/tzone/Makefile
config.status:1921: creating src/extra/xdr/Makefile
config.status:1921: creating src/include/Makefile
config.status:1921: creating src/include/Rmath.h0
config.status:1921: creating src/include/R_ext/Makefile
config.status:1921: creating src/library/Recommended/Makefile
config.status:1921: creating src/library/Makefile
config.status:1921: creating src/library/base/DESCRIPTION
config.status:1921: creating src/library/base/Makefile
config.status:1921: creating src/library/compiler/DESCRIPTION
config.status:1921: creating src/library/compiler/Makefile
config.status:1921: creating src/library/datasets/DESCRIPTION
config.status:1921: creating src/library/datasets/Makefile
config.status:1921: creating src/library/graphics/DESCRIPTION
config.status:1921: creating src/library/graphics/Makefile
config.status:1921: creating src/library/graphics/src/Makefile
config.status:1921: creating src/library/grDevices/DESCRIPTION
config.status:1921: creating src/library/grDevices/Makefile
config.status:1921: creating src/library/grDevices/src/Makefile
config.status:1921: creating src/library/grDevices/src/cairo/Makefile
config.status:1921: creating src/library/grid/DESCRIPTION
config.status:1921: creating src/library/grid/Makefile
config.status:1921: creating src/library/grid/src/Makefile
config.status:1921: creating src/library/methods/DESCRIPTION
config.status:1921: creating src/library/methods/Makefile
config.status:1921: creating src/library/methods/src/Makefile
config.status:1921: creating src/library/parallel/DESCRIPTION
config.status:1921: creating src/library/parallel/Makefile
config.status:1921: creating src/library/parallel/src/Makefile
config.status:1921: creating src/library/profile/Makefile
config.status:1921: creating src/library/stats/DESCRIPTION
config.status:1921: creating src/library/stats/Makefile
config.status:1921: creating src/library/stats/src/Makefile
config.status:1921: creating src/library/stats4/DESCRIPTION
config.status:1921: creating src/library/stats4/Makefile
config.status:1921: creating src/library/splines/DESCRIPTION
config.status:1921: creating src/library/splines/Makefile
config.status:1921: creating src/library/splines/src/Makefile
config.status:1921: creating src/library/tcltk/DESCRIPTION
config.status:1921: creating src/library/tcltk/Makefile
config.status:1921: creating src/library/tcltk/src/Makefile
config.status:1921: creating src/library/tools/DESCRIPTION
config.status:1921: creating src/library/tools/Makefile
config.status:1921: creating src/library/tools/src/Makefile
config.status:1921: creating src/library/translations/DESCRIPTION
config.status:1921: creating src/library/translations/Makefile
config.status:1921: creating src/library/utils/DESCRIPTION
config.status:1921: creating src/library/utils/Makefile
config.status:1921: creating src/library/utils/src/Makefile
config.status:1921: creating src/main/Makefile
config.status:1921: creating src/modules/Makefile
config.status:1921: creating src/modules/X11/Makefile
config.status:1921: creating src/modules/internet/Makefile
config.status:1921: creating src/modules/lapack/Makefile
config.status:1921: creating src/nmath/Makefile
config.status:1921: creating src/nmath/standalone/Makefile
config.status:1921: creating src/scripts/Makefile
config.status:1921: creating src/scripts/R.sh
config.status:1921: creating src/scripts/Rcmd
config.status:1921: creating src/scripts/javareconf
config.status:1921: creating src/scripts/mkinstalldirs
config.status:1921: creating src/scripts/pager
config.status:1921: creating src/scripts/rtags
config.status:1921: creating src/unix/Makefile
config.status:1921: creating tests/Makefile
config.status:1921: creating tests/Embedding/Makefile
config.status:1921: creating tests/Examples/Makefile
config.status:1921: creating tools/Makefile
config.status:1921: creating src/include/config.h
config.status:2106: executing libtool commands
config.status:2106: executing stamp-h commands
configure:64089: result:
R is now configured for aarch64-apple-darwin25.6.0

  Source directory:            /private/tmp/dta-direct-stage5-minimum-preflight/r46-source/R-4.6.0
  Installation directory:      /private/tmp/dta-direct-stage5-minimum-preflight/r460-install

  C compiler:                  gcc -std=gnu23  -g -O2
  Fortran fixed-form compiler: gfortran  -g -O2

  Default C++ compiler:        g++ -std=gnu++20  -g -O2
  Fortran free-form compiler:  gfortran  -g -O2
  Obj-C compiler:	       gcc -g -O2 -fobjc-exceptions

  Interfaces supported:        
  External libraries:          pcre2, curl, libdeflate
  Additional capabilities:     PNG, JPEG, TIFF, NLS
  Options enabled:             shared R library, shared BLAS, R profiling, libdeflate for lazyload

  Capabilities skipped:        cairo, ICU
  Options not enabled:         memory profiling

  Recommended packages:        no

configure:64168: WARNING: you cannot build info or HTML versions of the R manuals

## ---------------- ##
## Cache variables. ##
## ---------------- ##

ac_cv_build=aarch64-apple-darwin25.6.0
ac_cv_c_bigendian=no
ac_cv_c_compiler_gnu=yes
ac_cv_c_const=yes
ac_cv_c_inline=inline
ac_cv_c_uint64_t=yes
ac_cv_c_undeclared_builtin_options='none needed'
ac_cv_cxx_compiler_gnu=yes
ac_cv_env_BLAS_LIBS_set=
ac_cv_env_BLAS_LIBS_value=
ac_cv_env_CCC_set=
ac_cv_env_CCC_value=
ac_cv_env_CC_set=
ac_cv_env_CC_value=
ac_cv_env_CFLAGS_set=
ac_cv_env_CFLAGS_value=
ac_cv_env_CPICFLAGS_set=
ac_cv_env_CPICFLAGS_value=
ac_cv_env_CPPFLAGS_set=set
ac_cv_env_CPPFLAGS_value=-I/opt/homebrew/include
ac_cv_env_CPP_set=
ac_cv_env_CPP_value=
ac_cv_env_CXX17FLAGS_set=
ac_cv_env_CXX17FLAGS_value=
ac_cv_env_CXX17PICFLAGS_set=
ac_cv_env_CXX17PICFLAGS_value=
ac_cv_env_CXX17STD_set=
ac_cv_env_CXX17STD_value=
ac_cv_env_CXX17_set=
ac_cv_env_CXX17_value=
ac_cv_env_CXX20FLAGS_set=
ac_cv_env_CXX20FLAGS_value=
ac_cv_env_CXX20PICFLAGS_set=
ac_cv_env_CXX20PICFLAGS_value=
ac_cv_env_CXX20STD_set=
ac_cv_env_CXX20STD_value=
ac_cv_env_CXX20_set=
ac_cv_env_CXX20_value=
ac_cv_env_CXX23FLAGS_set=
ac_cv_env_CXX23FLAGS_value=
ac_cv_env_CXX23PICFLAGS_set=
ac_cv_env_CXX23PICFLAGS_value=
ac_cv_env_CXX23STD_set=
ac_cv_env_CXX23STD_value=
ac_cv_env_CXX23_set=
ac_cv_env_CXX23_value=
ac_cv_env_CXX26FLAGS_set=
ac_cv_env_CXX26FLAGS_value=
ac_cv_env_CXX26PICFLAGS_set=
ac_cv_env_CXX26PICFLAGS_value=
ac_cv_env_CXX26STD_set=
ac_cv_env_CXX26STD_value=
ac_cv_env_CXX26_set=
ac_cv_env_CXX26_value=
ac_cv_env_CXXCPP_set=
ac_cv_env_CXXCPP_value=
ac_cv_env_CXXFLAGS_set=
ac_cv_env_CXXFLAGS_value=
ac_cv_env_CXXPICFLAGS_set=
ac_cv_env_CXXPICFLAGS_value=
ac_cv_env_CXX_set=
ac_cv_env_CXX_value=
ac_cv_env_DEFS_set=
ac_cv_env_DEFS_value=
ac_cv_env_DYLIB_LDFLAGS_set=
ac_cv_env_DYLIB_LDFLAGS_value=
ac_cv_env_DYLIB_LD_set=
ac_cv_env_DYLIB_LD_value=
ac_cv_env_FCFLAGS_set=
ac_cv_env_FCFLAGS_value=
ac_cv_env_FC_set=
ac_cv_env_FC_value=
ac_cv_env_FPICFLAGS_set=
ac_cv_env_FPICFLAGS_value=
ac_cv_env_JAVA_HOME_set=
ac_cv_env_JAVA_HOME_value=
ac_cv_env_LAPACK_LIBS_set=
ac_cv_env_LAPACK_LIBS_value=
ac_cv_env_LDFLAGS_set=set
ac_cv_env_LDFLAGS_value=-L/opt/homebrew/lib
ac_cv_env_LIBS_set=
ac_cv_env_LIBS_value=
ac_cv_env_LIBnn_set=
ac_cv_env_LIBnn_value=
ac_cv_env_LT_SYS_LIBRARY_PATH_set=
ac_cv_env_LT_SYS_LIBRARY_PATH_value=
ac_cv_env_MAIN_CFLAGS_set=
ac_cv_env_MAIN_CFLAGS_value=
ac_cv_env_MAIN_FFLAGS_set=
ac_cv_env_MAIN_FFLAGS_value=
ac_cv_env_MAIN_LDFLAGS_set=
ac_cv_env_MAIN_LDFLAGS_value=
ac_cv_env_MAIN_LD_set=
ac_cv_env_MAIN_LD_value=
ac_cv_env_MAKE_set=
ac_cv_env_MAKE_value=
ac_cv_env_OBJCFLAGS_set=
ac_cv_env_OBJCFLAGS_value=
ac_cv_env_OBJC_set=
ac_cv_env_OBJC_value=
ac_cv_env_PKG_CONFIG_LIBDIR_set=
ac_cv_env_PKG_CONFIG_LIBDIR_value=
ac_cv_env_PKG_CONFIG_PATH_set=
ac_cv_env_PKG_CONFIG_PATH_value=
ac_cv_env_PKG_CONFIG_set=
ac_cv_env_PKG_CONFIG_value=
ac_cv_env_R_BATCHSAVE_set=
ac_cv_env_R_BATCHSAVE_value=
ac_cv_env_R_BROWSER_set=
ac_cv_env_R_BROWSER_value=
ac_cv_env_R_PAPERSIZE_set=
ac_cv_env_R_PAPERSIZE_value=
ac_cv_env_R_PDFVIEWER_set=
ac_cv_env_R_PDFVIEWER_value=
ac_cv_env_R_PRINTCMD_set=
ac_cv_env_R_PRINTCMD_value=
ac_cv_env_R_SHELL_set=
ac_cv_env_R_SHELL_value=
ac_cv_env_SAFE_FFLAGS_set=
ac_cv_env_SAFE_FFLAGS_value=
ac_cv_env_SHLIB_CFLAGS_set=
ac_cv_env_SHLIB_CFLAGS_value=
ac_cv_env_SHLIB_CXX17LDFLAGS_set=
ac_cv_env_SHLIB_CXX17LDFLAGS_value=
ac_cv_env_SHLIB_CXX17LD_set=
ac_cv_env_SHLIB_CXX17LD_value=
ac_cv_env_SHLIB_CXX20LDFLAGS_set=
ac_cv_env_SHLIB_CXX20LDFLAGS_value=
ac_cv_env_SHLIB_CXX20LD_set=
ac_cv_env_SHLIB_CXX20LD_value=
ac_cv_env_SHLIB_CXX23LDFLAGS_set=
ac_cv_env_SHLIB_CXX23LDFLAGS_value=
ac_cv_env_SHLIB_CXX23LD_set=
ac_cv_env_SHLIB_CXX23LD_value=
ac_cv_env_SHLIB_CXX26LDFLAGS_set=
ac_cv_env_SHLIB_CXX26LDFLAGS_value=
ac_cv_env_SHLIB_CXX26LD_set=
ac_cv_env_SHLIB_CXX26LD_value=
ac_cv_env_SHLIB_CXXLDFLAGS_set=
ac_cv_env_SHLIB_CXXLDFLAGS_value=
ac_cv_env_SHLIB_CXXLD_set=
ac_cv_env_SHLIB_CXXLD_value=
ac_cv_env_SHLIB_FFLAGS_set=
ac_cv_env_SHLIB_FFLAGS_value=
ac_cv_env_SHLIB_LDFLAGS_set=
ac_cv_env_SHLIB_LDFLAGS_value=
ac_cv_env_SHLIB_LD_set=
ac_cv_env_SHLIB_LD_value=
ac_cv_env_TAR_set=
ac_cv_env_TAR_value=
ac_cv_env_TCLTK_CPPFLAGS_set=
ac_cv_env_TCLTK_CPPFLAGS_value=
ac_cv_env_TCLTK_LIBS_set=
ac_cv_env_TCLTK_LIBS_value=
ac_cv_env_XMKMF_set=
ac_cv_env_XMKMF_value=
ac_cv_env_YACC_set=
ac_cv_env_YACC_value=
ac_cv_env_YFLAGS_set=
ac_cv_env_YFLAGS_value=
ac_cv_env_build_alias_set=
ac_cv_env_build_alias_value=
ac_cv_env_host_alias_set=
ac_cv_env_host_alias_value=
ac_cv_env_r_arch_set=
ac_cv_env_r_arch_value=
ac_cv_env_target_alias_set=
ac_cv_env_target_alias_value=
ac_cv_fc_compiler_gnu=yes
ac_cv_fc_dummy_main=none
ac_cv_fc_libs=' -L/opt/homebrew/lib -L/opt/homebrew/Cellar/gcc/16.2.0/bin/../lib/gcc/current/gcc/aarch64-apple-darwin25/16 -L/opt/homebrew/Cellar/gcc/16.2.0/bin/../lib/gcc/current/gcc -L/opt/homebrew/Cellar/gcc/16.2.0/bin/../lib/gcc/current/gcc/aarch64-apple-darwin25/16/../../.. -lemutls_w -lheapt_w -lgfortran -lquadmath'
ac_cv_fc_mangling='lower case, underscore, no extra underscore'
ac_cv_fc_srcext_f90=none
ac_cv_fc_srcext_f95=none
ac_cv_fortran_dummy_main=none
ac_cv_func_ZSTD_decompressBound=yes
ac_cv_func___cospi=yes
ac_cv_func___fsetlocking=no
ac_cv_func___sinpi=yes
ac_cv_func___tanpi=yes
ac_cv_func_alloca_works=yes
ac_cv_func_argz_count=no
ac_cv_func_argz_next=no
ac_cv_func_argz_stringify=no
ac_cv_func_asprintf=yes
ac_cv_func_atan2pi=no
ac_cv_func_atanpi=no
ac_cv_func_cospi=no
ac_cv_func_dladdr=yes
ac_cv_func_dlsym=yes
ac_cv_func_exp10=no
ac_cv_func_fseeko=yes
ac_cv_func_fseeko_ftello=yes
ac_cv_func_ftello=yes
ac_cv_func_fwprintf=yes
ac_cv_func_getcwd=yes
ac_cv_func_getegid=yes
ac_cv_func_geteuid=yes
ac_cv_func_getgid=yes
ac_cv_func_getpagesize=yes
ac_cv_func_getuid=yes
ac_cv_func_iconv='in libiconv'
ac_cv_func_iconvlist=yes
ac_cv_func_isblank=yes
ac_cv_func_isnan=yes
ac_cv_func_mempcpy=no
ac_cv_func_mkdtemp=yes
ac_cv_func_mmap_fixed_mapped=yes
ac_cv_func_munmap=yes
ac_cv_func_pown=no
ac_cv_func_putenv=yes
ac_cv_func_realpath=yes
ac_cv_func_setenv=yes
ac_cv_func_setitimer=yes
ac_cv_func_setlocale=yes
ac_cv_func_sinpi=no
ac_cv_func_snprintf=yes
ac_cv_func_stpcpy=yes
ac_cv_func_strcasecmp=yes
ac_cv_func_strdup=yes
ac_cv_func_strncasecmp=yes
ac_cv_func_strtoul=yes
ac_cv_func_tanpi=no
ac_cv_func_tsearch=yes
ac_cv_func_vasprintf=yes
ac_cv_func_wcslen=yes
ac_cv_gnu_library_2=no
ac_cv_gnu_library_2_1=no
ac_cv_have_decl_RTLD_DEFAULT=yes
ac_cv_have_decl_RTLD_NEXT=yes
ac_cv_have_decl__snprintf=no
ac_cv_have_decl__snwprintf=no
ac_cv_have_decl_access=yes
ac_cv_have_decl_alloca=yes
ac_cv_have_decl_cabs=yes
ac_cv_have_decl_cacos=yes
ac_cv_have_decl_carg=yes
ac_cv_have_decl_casin=yes
ac_cv_have_decl_catan=yes
ac_cv_have_decl_ccos=yes
ac_cv_have_decl_ccosh=yes
ac_cv_have_decl_cexp=yes
ac_cv_have_decl_chdir=yes
ac_cv_have_decl_chmod=yes
ac_cv_have_decl_clock_gettime=yes
ac_cv_have_decl_clog=yes
ac_cv_have_decl_cpow=yes
ac_cv_have_decl_csin=yes
ac_cv_have_decl_csinh=yes
ac_cv_have_decl_csqrt=yes
ac_cv_have_decl_ctan=yes
ac_cv_have_decl_ctanh=yes
ac_cv_have_decl_dladdr=yes
ac_cv_have_decl_dlsym=yes
ac_cv_have_decl_execv=yes
ac_cv_have_decl_expm1=yes
ac_cv_have_decl_fcntl=yes
ac_cv_have_decl_fdopen=yes
ac_cv_have_decl_feof_unlocked=yes
ac_cv_have_decl_fgets_unlocked=no
ac_cv_have_decl_ftruncate=yes
ac_cv_have_decl_getc_unlocked=yes
ac_cv_have_decl_getcwd=yes
ac_cv_have_decl_geteuid=yes
ac_cv_have_decl_getgrgid=yes
ac_cv_have_decl_getline=yes
ac_cv_have_decl_getpriority=yes
ac_cv_have_decl_getpwnam=yes
ac_cv_have_decl_getpwuid=yes
ac_cv_have_decl_getrlimit=yes
ac_cv_have_decl_getrusage=yes
ac_cv_have_decl_gettimeofday=yes
ac_cv_have_decl_getuid=yes
ac_cv_have_decl_glob=yes
ac_cv_have_decl_gmtime_r=yes
ac_cv_have_decl_hypot=yes
ac_cv_have_decl_isfinite=yes
ac_cv_have_decl_isnan=yes
ac_cv_have_decl_iswctype=yes
ac_cv_have_decl_kill=yes
ac_cv_have_decl_link=yes
ac_cv_have_decl_localtime_r=yes
ac_cv_have_decl_log10=yes
ac_cv_have_decl_log1p=yes
ac_cv_have_decl_log1pl=yes
ac_cv_have_decl_log2=yes
ac_cv_have_decl_mbrtowc=yes
ac_cv_have_decl_mbstowcs=yes
ac_cv_have_decl_mkdtemp=yes
ac_cv_have_decl_mkfifo=yes
ac_cv_have_decl_nearbyint=yes
ac_cv_have_decl_nearbyintl=yes
ac_cv_have_decl_nl_langinfo=yes
ac_cv_have_decl_popen=yes
ac_cv_have_decl_powl=yes
ac_cv_have_decl_putenv=yes
ac_cv_have_decl_readlink=yes
ac_cv_have_decl_realpath=yes
ac_cv_have_decl_rintl=yes
ac_cv_have_decl_sched_getaffinity=no
ac_cv_have_decl_sched_setaffinity=no
ac_cv_have_decl_select=yes
ac_cv_have_decl_setenv=yes
ac_cv_have_decl_setrlimit=yes
ac_cv_have_decl_sigaction=yes
ac_cv_have_decl_sigaltstack=yes
ac_cv_have_decl_sigemptyset=yes
ac_cv_have_decl_siglongjmp=yes
ac_cv_have_decl_sigsetjmp=yes
ac_cv_have_decl_stat=yes
ac_cv_have_decl_strdup=yes
ac_cv_have_decl_strncasecmp=yes
ac_cv_have_decl_symlink=yes
ac_cv_have_decl_sysconf=yes
ac_cv_have_decl_thr_stksegment=no
ac_cv_have_decl_times=yes
ac_cv_have_decl_timespec_get=yes
ac_cv_have_decl_umask=yes
ac_cv_have_decl_unsetenv=yes
ac_cv_have_decl_utime=yes
ac_cv_have_decl_utimensat=yes
ac_cv_have_decl_utimes=yes
ac_cv_have_decl_va_copy=yes
ac_cv_have_decl_vasprintf=yes
ac_cv_have_decl_wcrtomb=yes
ac_cv_have_decl_wcscoll=yes
ac_cv_have_decl_wcsftime=yes
ac_cv_have_decl_wcstod=yes
ac_cv_have_decl_wcstombs=yes
ac_cv_have_decl_wcswidth=yes
ac_cv_have_decl_wctrans=yes
ac_cv_have_decl_wctype=yes
ac_cv_have_decl_wcwidth=yes
ac_cv_header_argz_h=no
ac_cv_header_arpa_inet_h=yes
ac_cv_header_bzlib_h=yes
ac_cv_header_complex_h=yes
ac_cv_header_curl_curl_h=yes
ac_cv_header_dirent_dirent_h=yes
ac_cv_header_dlfcn_h=yes
ac_cv_header_elf_h=no
ac_cv_header_errno_h=yes
ac_cv_header_fcntl_h=yes
ac_cv_header_features_h=no
ac_cv_header_floatingpoint_h=no
ac_cv_header_glob_h=yes
ac_cv_header_grp_h=yes
ac_cv_header_iconv_h=yes
ac_cv_header_inttypes_h=yes
ac_cv_header_langinfo_h=yes
ac_cv_header_libdeflate_h=yes
ac_cv_header_limits_h=yes
ac_cv_header_locale_h=yes
ac_cv_header_lzma_h=yes
ac_cv_header_minix_config_h=no
ac_cv_header_netdb_h=yes
ac_cv_header_netinet_in_h=yes
ac_cv_header_pcre2_h=yes
ac_cv_header_pwd_h=yes
ac_cv_header_rpc_types_h=yes
ac_cv_header_rpc_xdr_h=yes
ac_cv_header_sched_h=yes
ac_cv_header_stdalign_h=yes
ac_cv_header_stdarg_h=yes
ac_cv_header_stdbool_h=yes
ac_cv_header_stddef_h=yes
ac_cv_header_stdint_h=yes
ac_cv_header_stdio_h=yes
ac_cv_header_stdlib_h=yes
ac_cv_header_string_h=yes
ac_cv_header_strings_h=yes
ac_cv_header_sunmath_h=no
ac_cv_header_sys_param_h=yes
ac_cv_header_sys_resource_h=yes
ac_cv_header_sys_select_h=yes
ac_cv_header_sys_socket_h=yes
ac_cv_header_sys_stat_h=yes
ac_cv_header_sys_time_h=yes
ac_cv_header_sys_times_h=yes
ac_cv_header_sys_types_h=yes
ac_cv_header_sys_utsname_h=yes
ac_cv_header_sys_wait_h=yes
ac_cv_header_thread_h=no
ac_cv_header_tiffio_h=yes
ac_cv_header_unistd_h=yes
ac_cv_header_utime_h=yes
ac_cv_header_wchar_h=yes
ac_cv_header_wctype_h=yes
ac_cv_header_zlib_h=yes
ac_cv_header_zstd_h=yes
ac_cv_host=aarch64-apple-darwin25.6.0
ac_cv_lib_bz2_BZ2_bzlibVersion=yes
ac_cv_lib_deflate_libdeflate_alloc_compressor=yes
ac_cv_lib_dl_dlopen=yes
ac_cv_lib_jpeg_jpeg_destroy_compress=yes
ac_cv_lib_lapack_dgemm_=no
ac_cv_lib_lapack_dpstrf_=yes
ac_cv_lib_lzma_lzma_version_number=yes
ac_cv_lib_m_sin=yes
ac_cv_lib_pcre2_8_pcre2_compile_8=yes
ac_cv_lib_png_png_create_write_struct=yes
ac_cv_lib_rt_clock_gettime=no
ac_cv_lib_sunmath_cospi=no
ac_cv_lib_tiff_TIFFOpen=yes
ac_cv_lib_z_inflateInit2_=yes
ac_cv_lib_zstd_ZSTD_versionNumber=yes
ac_cv_member_struct_stat_st_atim_tv_nsec=no
ac_cv_member_struct_stat_st_atimespec_tv_nsec=yes
ac_cv_objc_compiler_gnu=yes
ac_cv_objext=o
ac_cv_path_CURL_CONFIG=/usr/bin/curl-config
ac_cv_path_EGREP='/usr/bin/grep -E'
ac_cv_path_EGREP_TRADITIONAL='/usr/bin/grep -E'
ac_cv_path_FGREP='/usr/bin/grep -F'
ac_cv_path_GETWD=/bin/pwd
ac_cv_path_GREP=/usr/bin/grep
ac_cv_path_KPSEWHICH=/Library/TeX/texbin/kpsewhich
ac_cv_path_MAKEINDEX=/Library/TeX/texbin/makeindex
ac_cv_path_NOTANGLE=false
ac_cv_path_PAGER=/bin/cat
ac_cv_path_PAPERCONF=false
ac_cv_path_PDFLATEX=/Library/TeX/texbin/pdflatex
ac_cv_path_PDFTEX=/Library/TeX/texbin/pdftex
ac_cv_path_PKG_CONFIG=/opt/homebrew/bin/pkg-config
ac_cv_path_REALPATH=/bin/realpath
ac_cv_path_R_BROWSER=/usr/bin/open
ac_cv_path_R_BZIPCMD=/usr/bin/bzip2
ac_cv_path_R_GZIPCMD=/usr/bin/gzip
ac_cv_path_R_PDFVIEWER=/usr/bin/open
ac_cv_path_R_UNZIPCMD=/usr/bin/unzip
ac_cv_path_R_ZIPCMD=/usr/bin/zip
ac_cv_path_SED=/usr/bin/sed
ac_cv_path_TAR=/usr/bin/tar
ac_cv_path_TEX=/Library/TeX/texbin/tex
ac_cv_path_WHICH=/usr/bin/which
ac_cv_path_install='/opt/homebrew/bin/ginstall -c'
ac_cv_path_lt_DD=/bin/dd
ac_cv_path_mkdir=/opt/homebrew/bin/gmkdir
ac_cv_prog_AR=ar
ac_cv_prog_AWK=awk
ac_cv_prog_CPP='gcc -std=gnu23 -E'
ac_cv_prog_CXXCPP='g++ -E'
ac_cv_prog_INTLBISON=bison
ac_cv_prog_R_PRINTCMD=lpr
ac_cv_prog_YACC='bison -y'
ac_cv_prog_ac_ct_CC=gcc
ac_cv_prog_ac_ct_CXX=g++
ac_cv_prog_ac_ct_DSYMUTIL=dsymutil
ac_cv_prog_ac_ct_FC=gfortran
ac_cv_prog_ac_ct_LIPO=lipo
ac_cv_prog_ac_ct_NMEDIT=nmedit
ac_cv_prog_ac_ct_OBJC=gcc
ac_cv_prog_ac_ct_OBJDUMP=objdump
ac_cv_prog_ac_ct_OTOOL=otool
ac_cv_prog_ac_ct_RANLIB=ranlib
ac_cv_prog_ac_ct_STRIP=strip
ac_cv_prog_c_openmp=unsupported
ac_cv_prog_cc_c11=
ac_cv_prog_cc_g=yes
ac_cv_prog_cc_stdc=
ac_cv_prog_cxx_cxx11=
ac_cv_prog_cxx_g=yes
ac_cv_prog_cxx_openmp=unsupported
ac_cv_prog_cxx_stdcxx=
ac_cv_prog_fc_g=yes
ac_cv_prog_fc_openmp=-fopenmp
ac_cv_prog_fc_v=-v
ac_cv_prog_objc_g=yes
ac_cv_safe_to_define___extensions__=yes
ac_cv_search_connect='none required'
ac_cv_search_gethostbyname='none required'
ac_cv_search_opendir='none required'
ac_cv_should_define__xopen_source=no
ac_cv_sizeof_double=8
ac_cv_sizeof_int=4
ac_cv_sizeof_long=8
ac_cv_sizeof_long_double=8
ac_cv_sizeof_long_long=8
ac_cv_sizeof_size_t=8
ac_cv_sys_largefile_opts='none needed'
ac_cv_type_blkcnt_t=yes
ac_cv_type_double_complex=yes
ac_cv_type_int64_t=yes
ac_cv_type_int_fast64_t=yes
ac_cv_type_intptr_t=yes
ac_cv_type_long_long_int=yes
ac_cv_type_mbstate_t=yes
ac_cv_type_off_t=yes
ac_cv_type_pid_t=yes
ac_cv_type_ptrdiff_t=yes
ac_cv_type_size_t=yes
ac_cv_type_stack_t=yes
ac_cv_type_uintptr_t=yes
ac_cv_type_unsigned_long_long=yes
ac_cv_type_unsigned_long_long_int=yes
ac_cv_type_wctrans_t=yes
ac_cv_working_alloca_h=yes
acl_cv_hardcode_direct=no
acl_cv_hardcode_libdir_flag_spec=
acl_cv_hardcode_libdir_separator=
acl_cv_hardcode_minus_L=no
acl_cv_libext=a
acl_cv_libname_spec='lib$name'
acl_cv_library_names_spec='$libname$shrext'
acl_cv_path_LD=/Library/Developer/CommandLineTools/usr/bin/ld
acl_cv_prog_gnu_ld=no
acl_cv_rpath=done
acl_cv_shlibext=dylib
acl_cv_wl=-Wl,
am_cv_func_iconv=yes
am_cv_langinfo_codeset=yes
am_cv_lib_iconv=no
am_cv_proto_iconv='extern size_t iconv (iconv_t cd, char * *inbuf, size_t *inbytesleft, char * *outbuf, size_t *outbytesleft);'
am_cv_proto_iconv_arg1=
ax_cv_cxx_compile_cxx17__std_gnupp17=yes
ax_cv_cxx_compile_cxx20__std_gnupp20=yes
ax_cv_cxx_compile_cxx23__std_gnupp23=yes
ax_cv_cxx_compile_cxx26__std_gnupp26=yes
gl_cv_cc_visibility=yes
gl_cv_header_inttypes_h=yes
gl_cv_header_stdint_h=yes
gl_cv_size_max=yes
gt_cv_c_intmax_t=yes
gt_cv_c_long_double=yes
gt_cv_c_wchar_t=yes
gt_cv_c_wint_t=yes
gt_cv_func_CFLocaleCopyCurrent=yes
gt_cv_func_CFPreferencesCopyAppValue=yes
gt_cv_func_gnugettext2_libc=no
gt_cv_func_gnugettext2_libintl=yes
gt_cv_func_printf_posix=yes
gt_cv_int_divbyzero_sigfpe=no
gt_cv_inttypes_pri_broken=no
gt_cv_nl_locale_name=no
gt_cv_val_LC_MESSAGES=yes
lt_cv_apple_cc_single_mod=no
lt_cv_ar_at_file=no
lt_cv_deplibs_check_method=pass_all
lt_cv_file_magic_cmd='$MAGIC_CMD'
lt_cv_file_magic_test_file=
lt_cv_ld_exported_symbols_list=yes
lt_cv_ld_force_load=yes
lt_cv_ld_reload_flag=-r
lt_cv_nm_interface='BSD nm'
lt_cv_objdir=.libs
lt_cv_path_LD=/Library/Developer/CommandLineTools/usr/bin/ld
lt_cv_path_LDCXX=/Library/Developer/CommandLineTools/usr/bin/ld
lt_cv_path_NM='/usr/bin/nm -B'
lt_cv_path_mainfest_tool=no
lt_cv_prog_compiler_c_o=yes
lt_cv_prog_compiler_c_o_CXX=yes
lt_cv_prog_compiler_c_o_FC=yes
lt_cv_prog_compiler_pic='-fno-common -DPIC'
lt_cv_prog_compiler_pic_CXX='-fno-common -DPIC'
lt_cv_prog_compiler_pic_FC=-fno-common
lt_cv_prog_compiler_pic_works=yes
lt_cv_prog_compiler_pic_works_CXX=yes
lt_cv_prog_compiler_pic_works_FC=yes
lt_cv_prog_compiler_rtti_exceptions=yes
lt_cv_prog_compiler_static_works=no
lt_cv_prog_compiler_static_works_CXX=no
lt_cv_prog_compiler_static_works_FC=no
lt_cv_prog_gnu_ld=no
lt_cv_prog_gnu_ldcxx=no
lt_cv_sharedlib_from_linklib_cmd='printf %s\n'
lt_cv_sys_global_symbol_pipe='sed -n -e '\''s/^.*[	 ]\([ABCDGIRSTW][ABCDGIRSTW]*\)[	 ][	 ]*_\([_A-Za-z][_A-Za-z0-9]*\)$/\1 _\2 \2/p'\'' | sed '\''/ __gnu_lto/d'\'''
lt_cv_sys_global_symbol_to_c_name_address='sed -n -e '\''s/^: \(.*\) .*$/  {"\1", (void *) 0},/p'\'' -e '\''s/^[ABCDGIRSTW][ABCDGIRSTW]* .* \(.*\)$/  {"\1", (void *) \&\1},/p'\'''
lt_cv_sys_global_symbol_to_c_name_address_lib_prefix='sed -n -e '\''s/^: \(.*\) .*$/  {"\1", (void *) 0},/p'\'' -e '\''s/^[ABCDGIRSTW][ABCDGIRSTW]* .* \(lib.*\)$/  {"\1", (void *) \&\1},/p'\'' -e '\''s/^[ABCDGIRSTW][ABCDGIRSTW]* .* \(.*\)$/  {"lib\1", (void *) \&\1},/p'\'''
lt_cv_sys_global_symbol_to_cdecl='sed -n -e '\''s/^T .* \(.*\)$/extern int \1();/p'\'' -e '\''s/^[ABCDGIRSTW][ABCDGIRSTW]* .* \(.*\)$/extern char \1;/p'\'''
lt_cv_sys_global_symbol_to_import=
lt_cv_sys_max_cmd_len=
lt_cv_to_host_file_cmd=func_convert_file_noop
lt_cv_to_tool_file_cmd=func_convert_file_noop
lt_cv_truncate_bin='/bin/dd bs=4096 count=1'
nls_cv_force_use_gnu_gettext=no
nls_cv_header_intl=
nls_cv_header_libgt=
nls_cv_use_gnu_gettext=no
r_cv_C17=yes
r_cv_C23=yes
r_cv_C90=yes
r_cv_C99=yes
r_cv_FOUNDATION_CPPFLAGS=
r_cv_FOUNDATION_LIBS='-framework Foundation'
r_cv_OBJCXX='g++ -std=gnu++20'
r_cv_atlas_liblapack=no
r_cv_bsd_networking=yes
r_cv_c_inline=inline
r_cv_c_libs=' -lto_library -L/opt/homebrew/lib -L/usr/local/lib -lSystem /Library/Developer/CommandLineTools/usr/lib/clang/21/lib/darwin/libclang_rt.osx.a'
r_cv_cache_foundation_flags=yes
r_cv_check_fw_CoreFoundation='-framework CoreFoundation'
r_cv_check_fw_save_LIBS='-ldl -lm  -liconv'
r_cv_cstack_direction=down
r_cv_dep_lapackblas=no
r_cv_enum_type=yes
r_cv_func_calloc_works=yes
r_cv_func_ctanh_works=yes
r_cv_func_isfinite_works=yes
r_cv_func_log1p_works=yes
r_cv_func_sigaction_works=yes
r_cv_has_dynlookup=yes
r_cv_have_bzlib=yes
r_cv_have_curl728=yes
r_cv_have_curl_https=yes
r_cv_have_lzma=yes
r_cv_have_pcre2utf=yes
r_cv_have_pcre832=no
r_cv_have_tm_gmtoff=yes
r_cv_have_tm_zone=yes
r_cv_have_zstd=yes
r_cv_header_glibc2=no
r_cv_header_jpeglib_h=yes
r_cv_header_png_h=yes
r_cv_header_setjmp_posix=yes
r_cv_header_tcl_h=yes
r_cv_header_tk_h=yes
r_cv_header_zlib_h=yes
r_cv_iconv_cp1252=yes
r_cv_iconv_latin1=yes
r_cv_ieee_754=yes
r_cv_kern_usrstack=yes
r_cv_lapack_ver=no
r_cv_objc_foundation=yes
r_cv_objc_runtime=
r_cv_openmp_simdred=no
r_cv_prog_c_v=-v
r_cv_prog_cc_c_o_lo=yes
r_cv_prog_cc_m='$(CC) -MM'
r_cv_prog_cc_vis=yes
r_cv_prog_cxx=yes
r_cv_prog_cxx_m=yes
r_cv_prog_cxx_vis=yes
r_cv_prog_fc_append_second_underscore=no
r_cv_prog_fc_append_underscore=yes
r_cv_prog_fc_can_run=yes
r_cv_prog_fc_cc_compat=yes
r_cv_prog_fc_cc_compat_complex=yes
r_cv_prog_fc_char_len_t=size_t
r_cv_prog_fc_vis=yes
r_cv_prog_objc_flag__fobjc_exceptions=yes
r_cv_prog_objc_m='$(OBJC) -MM'
r_cv_putenv_unset2=no
r_cv_putenv_unset=no
r_cv_search_pthread_kill='none required'
r_cv_search_xdr='none required'
r_cv_size_max=yes
r_cv_sys_posix_leapseconds=yes
r_cv_type_socklen=socklen_t
r_cv_visibility_attribute=yes
r_cv_working_ftell=yes

## ----------------- ##
## Output variables. ##
## ----------------- ##

ACLOCAL='$(SHELL) "$(abs_top_srcdir)/tools/missing" aclocal'
ALLOCA=''
AR='ar'
ARFLAGS='rc'
AUTOCONF='autoconf'
AUTOHEADER='autoheader'
AWK='awk'
BITMAP_CPPFLAGS=' -I/opt/homebrew/opt/libpng/include/libpng16 -I/opt/homebrew/opt/libtiff/include -I/opt/homebrew/opt/webp/include -I/opt/homebrew/opt/webp/include/webp -I/opt/homebrew/opt/zstd/include -I/opt/homebrew/Cellar/xz/5.8.3/include -I/opt/homebrew/opt/jpeg-turbo/include'
BITMAP_LIBS='-L/opt/homebrew/opt/libtiff/lib -ltiff -L/opt/homebrew/opt/jpeg-turbo/lib -ljpeg -L/opt/homebrew/opt/libpng/lib -lpng16'
BLAS_LIBS0=''
BLAS_LIBS='-L"$(R_HOME)/lib$(R_ARCH)" -lRblas'
BLAS_SHLIB_FALSE='#'
BLAS_SHLIB_TRUE=''
BUILDDIR_IS_SRCDIR='no'
BUILD_2025BLAS_FALSE=''
BUILD_2025BLAS_TRUE='#'
BUILD_AQUA_FALSE=''
BUILD_AQUA_TRUE='#'
BUILD_DEVCAIRO_FALSE=''
BUILD_DEVCAIRO_TRUE='#'
BUILD_HTML_FALSE=''
BUILD_HTML_TRUE='#'
BUILD_INCLUDED_LIBINTL='no'
BUILD_LIBINTL_FALSE=''
BUILD_LIBINTL_TRUE='#'
BUILD_LTO_ALL_FALSE=''
BUILD_LTO_ALL_TRUE='#'
BUILD_LTO_FALSE=''
BUILD_LTO_TRUE='#'
BUILD_NEW_ACCELERATE_FALSE=''
BUILD_NEW_ACCELERATE_LAPACK_FALSE=''
BUILD_NEW_ACCELERATE_LAPACK_TRUE='#'
BUILD_NEW_ACCELERATE_TRUE='#'
BUILD_TRE_FALSE='#'
BUILD_TRE_TRUE=''
BUILD_TZONE_FALSE='#'
BUILD_TZONE_TRUE=''
BUILD_X11_FALSE=''
BUILD_X11_TRUE='#'
BUILD_XDR_FALSE=''
BUILD_XDR_TRUE='#'
BYTE_COMPILE_PACKAGES_FALSE='#'
BYTE_COMPILE_PACKAGES_TRUE=''
C17FLAGS='-g -O2'
C23FLAGS='-g -O2'
C90FLAGS='-g -O2'
C99FLAGS='-g -O2'
CAIROX11_CPPFLAGS=''
CAIROX11_LIBS=''
CAIRO_CPPFLAGS=''
CAIRO_LIBS=''
CATOBJEXT='.gmo'
CC17='gcc -std=gnu17'
CC23='gcc -std=gnu23'
CC90='gcc -std=gnu90'
CC99='gcc -std=gnu99'
CC='gcc -std=gnu23'
CC_VER='Apple clang version 21.0.0 (clang-2100.1.1.101)'
CFLAGS='-g -O2'
CFLAG_VISIBILITY='-fvisibility=hidden'
COMPILE_FORTRAN_DOUBLE_COMPLEX_FALSE=''
COMPILE_FORTRAN_DOUBLE_COMPLEX_TRUE='#'
CPICFLAGS='-fPIC'
CPP='gcc -std=gnu23 -E'
CPPFLAGS='-I/opt/homebrew/include'
CURL_CONFIG='/usr/bin/curl-config'
CURL_CPPFLAGS=''
CURL_LIBS='-lcurl'
CXX17='g++'
CXX17FLAGS='-g -O2'
CXX17PICFLAGS='-fPIC'
CXX17STD='-std=gnu++17'
CXX20='g++'
CXX20FLAGS='-g -O2'
CXX20PICFLAGS='-fPIC'
CXX20STD='-std=gnu++20'
CXX23='g++'
CXX23FLAGS='-g -O2'
CXX23PICFLAGS='-fPIC'
CXX23STD='-std=gnu++23'
CXX26='g++'
CXX26FLAGS='-g -O2'
CXX26PICFLAGS='-fPIC'
CXX26STD='-std=gnu++26'
CXX='g++'
CXXCPP0='$(CXX) -E'
CXXCPP='g++ -E -std=gnu++17 -std=gnu++20 -std=gnu++23 -std=gnu++26'
CXXFLAGS='-g -O2'
CXXPICFLAGS='-fPIC'
CXXSTD='-std=gnu++20'
CXX_VISIBILITY='-fvisibility=hidden'
C_VISIBILITY='-fvisibility=hidden'
DATADIRNAME='share'
DEFS='-DHAVE_CONFIG_H'
DLLTOOL='false'
DSYMUTIL='dsymutil'
DUMPBIN=''
DYLIB_EXT='.dylib'
DYLIB_LD='$(CC)'
DYLIB_LDFLAGS='-dynamiclib -Wl,-headerpad_max_install_names -undefined dynamic_lookup'
DYLIB_UNDEFINED_ALLOWED_FALSE=''
DYLIB_UNDEFINED_ALLOWED_TRUE='#'
ECHO_C='\c'
ECHO_N=''
ECHO_T=''
EGREP='/usr/bin/grep -E'
EXEEXT=''
FC='gfortran'
FCFLAGS='-g -O2'
FCFLAGS_f90=''
FCFLAGS_f95=''
FCLIBS=' -L/opt/homebrew/lib -L/opt/homebrew/Cellar/gcc/16.2.0/bin/../lib/gcc/current/gcc/aarch64-apple-darwin25/16 -L/opt/homebrew/Cellar/gcc/16.2.0/bin/../lib/gcc/current/gcc -L/opt/homebrew/Cellar/gcc/16.2.0/bin/../lib/gcc/current/gcc/aarch64-apple-darwin25/16/../../.. -lemutls_w -lheapt_w -lgfortran -lquadmath'
FCLIBS_XTRA=''
FC_VER='GNU Fortran (Homebrew GCC 16.2.0) 16.2.0'
FFLAGS='-g -O2'
FGREP='/usr/bin/grep -F'
FLIBS=' -L/opt/homebrew/Cellar/gcc/16.2.0/lib/gcc/current/gcc/aarch64-apple-darwin25/16 -L/opt/homebrew/Cellar/gcc/16.2.0/lib/gcc/current/gcc -L/opt/homebrew/Cellar/gcc/16.2.0/lib/gcc/current -lemutls_w -lheapt_w -lgfortran -lquadmath'
FLIBS_IN_SO=' -L/opt/homebrew/Cellar/gcc/16.2.0/lib/gcc/current/gcc/aarch64-apple-darwin25/16 -L/opt/homebrew/Cellar/gcc/16.2.0/lib/gcc/current/gcc -L/opt/homebrew/Cellar/gcc/16.2.0/lib/gcc/current -lemutls_w -lheapt_w -lgfortran -lquadmath'
FOUNDATION_CPPFLAGS=''
FOUNDATION_LIBS='-framework Foundation'
FPICFLAGS='-fPIC'
FPIEFLAGS='-fPIE'
FW_VERSION=''
F_VISIBILITY='-fvisibility=hidden'
GENCAT='gencat'
GETWD='/bin/pwd'
GLIBC21='no'
GLIBC2='no'
GREP='/usr/bin/grep'
HAVE_ASPRINTF='1'
HAVE_CXX17='1'
HAVE_CXX20='1'
HAVE_CXX23='1'
HAVE_CXX26='1'
HAVE_FORTRAN_DOUBLE_COMPLEX=''
HAVE_POSIX_PRINTF='1'
HAVE_SNPRINTF='1'
HAVE_VISIBILITY='1'
HAVE_WPRINTF='0'
INSTALL_DATA='${INSTALL} -m 644'
INSTALL_INFO=''
INSTALL_PROGRAM='${INSTALL}'
INSTALL_SCRIPT='${INSTALL}'
INSTOBJEXT='.mo'
INTEL_ICX_FIX=''
INTERNET_LIBS=''
INTLBISON='bison'
INTLLIBS='-lintl -Wl,-framework -Wl,CoreFoundation'
INTLOBJS=''
INTL_LIBTOOL_SUFFIX_PREFIX=''
INTL_MACOSX_LIBS='-Wl,-framework -Wl,CoreFoundation'
JAR=''
JAVA=''
JAVAC=''
JAVAH=''
JAVA_CPPFLAGS0=''
JAVA_HOME=''
JAVA_LD_LIBRARY_PATH=''
JAVA_LIBS0=''
JUSTYACC=''
KPSEWHICH='/Library/TeX/texbin/kpsewhich'
LAPACK_LDFLAGS=''
LAPACK_LIBS='-L"$(R_HOME)/lib$(R_ARCH)" -lRlapack'
LD='/Library/Developer/CommandLineTools/usr/bin/ld'
LDFLAGS='-L/opt/homebrew/lib'
LIBICONV=''
LIBINTL='-lintl -Wl,-framework -Wl,CoreFoundation'
LIBINTL_PKGS=''
LIBM=''
LIBMULTITHREAD=''
LIBOBJS=''
LIBPTH=''
LIBPTH_PREFIX=''
LIBR0='-L"$(R_HOME)/lib$(R_ARCH)"'
LIBR1='-lR'
LIBR_LDFLAGS='-install_name libR.dylib -compatibility_version 4.6.0  -current_version 4.6.0  -headerpad_max_install_names'
LIBS='-L/opt/homebrew/Cellar/pcre2/10.47_1/lib -lpcre2-8 -ldeflate -lzstd -llzma -lbz2 -lz -ldl -lm -liconv'
LIBS_PKGS='-L/opt/homebrew/Cellar/pcre2/10.47_1/lib -lbz2 -lz -ldl -lm -liconv'
LIBTHREAD=''
LIBTOOL='$(SHELL) $(top_builddir)/libtool'
LIBTOOL_DEPS='/private/tmp/dta-direct-stage5-minimum-preflight/r46-source/R-4.6.0/tools//ltmain.sh'
LIBnn='lib'
LIPO='lipo'
LN_S='ln -s'
LTLIBICONV=''
LTLIBINTL='-L/opt/homebrew/lib -lintl -R/opt/homebrew/lib -Wl,-framework -Wl,CoreFoundation'
LTLIBMULTITHREAD=''
LTLIBOBJS=''
LTLIBPTH=''
LTLIBTHREAD=''
LTO=''
LTOALL=''
LTOALL_FC=''
LTO_FC=''
LTO_LD=''
LT_SYS_LIBRARY_PATH=''
MAC_CPU='arm64'
MAINTAINER_MODE_FALSE=''
MAINTAINER_MODE_TRUE='#'
MAIN_CFLAGS=''
MAIN_FFLAGS=''
MAIN_LD='$(CC)'
MAIN_LDFLAGS='-Wl,-headerpad_max_install_names'
MAJ_MIN_VERSION='4.6'
MAKE='make'
MAKEINDEX='/Library/TeX/texbin/makeindex'
MANIFEST_TOOL=':'
MKDIR_P='/opt/homebrew/bin/gmkdir -p'
NM='/usr/bin/nm -B'
NMEDIT='nmedit'
NOTANGLE='notangle'
OBJC='gcc'
OBJCFLAGS='-g -O2 -fobjc-exceptions'
OBJCXX='g++ -std=gnu++20'
OBJCXXFLAGS=''
OBJC_LIBS=' '
OBJDUMP='objdump'
OBJEXT='o'
OPENMP_CFLAGS=''
OPENMP_CXXFLAGS=''
OPENMP_FCFLAGS='-fopenmp'
OTOOL64=':'
OTOOL='otool'
PACKAGE='R'
PACKAGE_BUGREPORT='https://bugs.r-project.org'
PACKAGE_NAME='R'
PACKAGE_STRING='R 4.6.0'
PACKAGE_TARNAME='R'
PACKAGE_URL='https://www.r-project.org'
PACKAGE_VERSION='4.6.0'
PAGER='/bin/cat'
PAPERCONF='false'
PATH_SEPARATOR=':'
PCRE2_CONFIG=''
PDFLATEX='/Library/TeX/texbin/pdflatex'
PDFTEX='/Library/TeX/texbin/pdftex'
PKG_CONFIG='/opt/homebrew/bin/pkg-config'
PKG_CONFIG_LIBDIR=''
PKG_CONFIG_PATH=''
POSUB='po'
PRI_MACROS_BROKEN='0'
RANLIB='ranlib'
RBLAS_LDFLAGS='-install_name libRblas.dylib -headerpad_max_install_names'
READLINE_LIBS=''
REALPATH='/bin/realpath'
REC_INSTALL_OPT=''
RLAPACK_LDFLAGS='-install_name libRlapack.dylib -compatibility_version 4.6.0 -current_version 4.6.0  -headerpad_max_install_names'
RMATH_HAVE_WORKING_LOG1P='# define HAVE_WORKING_LOG1P 1'
R_ARCH=''
R_BATCHSAVE=''
R_BROWSER='/usr/bin/open'
R_BZIPCMD='/usr/bin/bzip2'
R_CONFIG_ARGS=' '\''--prefix=/private/tmp/dta-direct-stage5-minimum-preflight/r460-install'\'' '\''--enable-R-shlib'\'' '\''--without-recommended-packages'\'' '\''--with-x=no'\'' '\''--with-aqua=no'\'' '\''--with-readline=no'\'' '\''--with-cairo=no'\'' '\''--with-ICU=no'\'' '\''--disable-java'\'' '\''LDFLAGS=-L/opt/homebrew/lib'\'' '\''CPPFLAGS=-I/opt/homebrew/include'\'''
R_DEFS=''
R_DYLIB_EXT='.dylib'
R_GZIPCMD='/usr/bin/gzip'
R_INCLUDES='-I"$(R_INCLUDE_DIR)"'
R_JAVA_LD_LIBRARY_PATH=''
R_LD_LIBRARY_PATH=''
R_OPENMP_CFLAGS=''
R_OPENMP_FFLAGS='-fopenmp'
R_OS='darwin25.6.0'
R_OSTYPE='unix'
R_PAPERSIZE='a4'
R_PDFVIEWER='/usr/bin/open'
R_PLATFORM='aarch64-apple-darwin25.6.0'
R_PRINTCMD='lpr'
R_PROFILING=''
R_RD4PDF='times,inconsolata,hyper'
R_SHELL='/bin/sh'
R_SYSTEM_ABI='macos,gcc,gxx,gfortran,gfortran'
R_UNZIPCMD='/usr/bin/unzip'
R_XTRA_CFLAGS=''
R_XTRA_CPPFLAGS=''
R_XTRA_CXXFLAGS=''
R_XTRA_FFLAGS=''
R_XTRA_LIBS=''
R_ZIPCMD='/usr/bin/zip'
Rshlibpath_var='DYLD_FALLBACK_LIBRARY_PATH'
SAFE_FFLAGS='-g -O2'
SED='/usr/bin/sed'
SHELL='/bin/sh'
SHLIB_CFLAGS=''
SHLIB_CXX17LD='$(CXX17) $(CXX17STD)'
SHLIB_CXX17LDFLAGS='-dynamiclib -Wl,-headerpad_max_install_names -undefined dynamic_lookup'
SHLIB_CXX20LD='$(CXX20) $(CXX20STD)'
SHLIB_CXX20LDFLAGS='-dynamiclib -Wl,-headerpad_max_install_names -undefined dynamic_lookup'
SHLIB_CXX23LD='$(CXX23) $(CXX23STD)'
SHLIB_CXX23LDFLAGS='-dynamiclib -Wl,-headerpad_max_install_names -undefined dynamic_lookup'
SHLIB_CXX26LD='$(CXX26) $(CXX26STD)'
SHLIB_CXX26LDFLAGS='-dynamiclib -Wl,-headerpad_max_install_names -undefined dynamic_lookup'
SHLIB_CXXFLAGS=''
SHLIB_CXXLD='$(CXX)'
SHLIB_CXXLDFLAGS='-dynamiclib -Wl,-headerpad_max_install_names -undefined dynamic_lookup'
SHLIB_EXT='.so'
SHLIB_FCLD='$(FC)'
SHLIB_FCLDFLAGS='-dynamiclib -Wl,-headerpad_max_install_names -undefined dynamic_lookup'
SHLIB_FFLAGS=''
SHLIB_LD='$(CC)'
SHLIB_LDFLAGS='-dynamiclib -Wl,-headerpad_max_install_names -undefined dynamic_lookup'
SHLIB_LIBADD=''
SHLIB_OPENMP_CFLAGS=''
SHLIB_OPENMP_CXXFLAGS=''
SHLIB_OPENMP_FFLAGS=''
STATICR1=''
STATICR2=''
STRIP='strip'
STRIP_SHARED_LIB='strip -x'
STRIP_STATIC_LIB='strip -S'
TAR='/usr/bin/tar'
TCLTK_CPPFLAGS=''
TCLTK_LIBS=''
TCL_CONFIG=''
TEX='/Library/TeX/texbin/tex'
TEXI2ANY=''
TEXI2ANY_VERSION_MAJ=''
TEXI2ANY_VERSION_MIN=''
TEXI2DVI=''
TEXI2DVICMD='texi2dvi'
TIRPC_CPPFLAGS=''
TK_CONFIG=''
USE_EXPORTFILES_FALSE=''
USE_EXPORTFILES_TRUE='#'
USE_EXTERNAL_BLAS_FALSE=''
USE_EXTERNAL_BLAS_TRUE='#'
USE_EXTERNAL_LAPACK_FALSE=''
USE_EXTERNAL_LAPACK_TRUE='#'
USE_ICU=''
USE_ICU_APPLE=''
USE_INCLUDED_LIBINTL='no'
USE_NLS='yes'
USE_NLS_FALSE='#'
USE_NLS_TRUE=''
USE_RECOMMENDED_PACKAGES_FALSE=''
USE_RECOMMENDED_PACKAGES_TRUE='#'
USE_VECLIB_G95FIX_FALSE=''
USE_VECLIB_G95FIX_TRUE='#'
VERSION='4.6.0'
WANT_JAVA_FALSE=''
WANT_JAVA_TRUE='#'
WANT_R_FRAMEWORK_FALSE=''
WANT_R_FRAMEWORK_TRUE='#'
WANT_R_SHLIB_FALSE='#'
WANT_R_SHLIB_TRUE=''
WANT_R_STATIC_FALSE=''
WANT_R_STATIC_TRUE='#'
WHICH='/usr/bin/which'
WOE32DLL='no'
XMKMF=''
X_CFLAGS=''
X_EXTRA_LIBS=''
X_LIBS=''
X_PRE_LIBS=''
YACC='bison -y'
YFLAGS=''
ac_ct_AR=''
ac_ct_CC='gcc'
ac_ct_CXX='g++'
ac_ct_DUMPBIN=''
ac_ct_FC='gfortran'
ac_ct_OBJC='gcc'
bindir='${exec_prefix}/bin'
build='aarch64-apple-darwin25.6.0'
build_alias=''
build_cpu='aarch64'
build_os='darwin25.6.0'
build_vendor='apple'
config_opts=' '\''--prefix=/private/tmp/dta-direct-stage5-minimum-preflight/r460-install'\'' '\''--enable-R-shlib'\'' '\''--without-recommended-packages'\'' '\''--with-x=no'\'' '\''--with-aqua=no'\'' '\''--with-readline=no'\'' '\''--with-cairo=no'\'' '\''--with-ICU=no'\'' '\''--disable-java'\'' '\''LDFLAGS=-L/opt/homebrew/lib'\'' '\''CPPFLAGS=-I/opt/homebrew/include'\'''
custom_JAR=''
custom_JAVA=''
custom_JAVAC=''
custom_JAVAH=''
custom_JAVA_CPPFLAGS='~autodetect~'
custom_JAVA_HOME=''
custom_JAVA_LD_LIBRARY_PATH='~autodetect~'
custom_JAVA_LIBS='~autodetect~'
datadir='${datarootdir}'
datarootdir='${prefix}/share'
docdir='${datarootdir}/doc/${PACKAGE_TARNAME}'
dvidir='${docdir}'
exec_prefix='${prefix}'
host='aarch64-apple-darwin25.6.0'
host_alias=''
host_cpu='aarch64'
host_os='darwin25.6.0'
host_vendor='apple'
htmldir='${docdir}'
includedir='${prefix}/include'
infodir='${datarootdir}/info'
libdir='${exec_prefix}/${LIBnn}'
libexecdir='${exec_prefix}/libexec'
localedir='${datarootdir}/locale'
localstatedir='${prefix}/var'
mandir='${datarootdir}/man'
oldincludedir='/usr/include'
pdfdir='${docdir}'
prefix='/private/tmp/dta-direct-stage5-minimum-preflight/r460-install'
program_transform_name='s,x,x,'
psdir='${docdir}'
r_arch=''
rdocdir='${rhome}/doc'
rincludedir='${rhome}/include'
rsharedir='${rhome}/share'
runstatedir='${localstatedir}/run'
sbindir='${exec_prefix}/sbin'
sharedstatedir='${prefix}/com'
shlibpath_var='DYLD_LIBRARY_PATH'
sysconfdir='${prefix}/etc'
target_alias=''
use_tcltk='no'

## ------------------- ##
## File substitutions. ##
## ------------------- ##

r_cc_lo_rules_frag='Makefrag.cc_lo'
r_cc_rules_frag='Makefrag.cc'
r_cxx_rules_frag='Makefrag.cxx'
r_objc_rules_frag='Makefrag.m'

## ----------- ##
## confdefs.h. ##
## ----------- ##

/* confdefs.h */
#define PACKAGE_NAME "R"
#define PACKAGE_TARNAME "R"
#define PACKAGE_VERSION "4.6.0"
#define PACKAGE_STRING "R 4.6.0"
#define PACKAGE_BUGREPORT "https://bugs.r-project.org"
#define PACKAGE_URL "https://www.r-project.org"
#define PACKAGE "R"
#define VERSION "4.6.0"
#define R_PLATFORM "aarch64-apple-darwin25.6.0"
#define R_CPU "aarch64"
#define R_VENDOR "apple"
#define R_OS "darwin25.6.0"
#define Unix 1
#define R_ARCH ""
#define HAVE_STDIO_H 1
#define HAVE_STDLIB_H 1
#define HAVE_STRING_H 1
#define HAVE_INTTYPES_H 1
#define HAVE_STDINT_H 1
#define HAVE_STRINGS_H 1
#define HAVE_SYS_STAT_H 1
#define HAVE_SYS_TYPES_H 1
#define HAVE_UNISTD_H 1
#define HAVE_WCHAR_H 1
#define HAVE_SYS_TIME_H 1
#define HAVE_SYS_PARAM_H 1
#define STDC_HEADERS 1
#define _ALL_SOURCE 1
#define _DARWIN_C_SOURCE 1
#define _GNU_SOURCE 1
#define _HPUX_ALT_XOPEN_SOCKET_API 1
#define _NETBSD_SOURCE 1
#define _OPENBSD_SOURCE 1
#define _POSIX_PTHREAD_SEMANTICS 1
#define __STDC_WANT_IEC_60559_ATTRIBS_EXT__ 1
#define __STDC_WANT_IEC_60559_BFP_EXT__ 1
#define __STDC_WANT_IEC_60559_DFP_EXT__ 1
#define __STDC_WANT_IEC_60559_EXT__ 1
#define __STDC_WANT_IEC_60559_FUNCS_EXT__ 1
#define __STDC_WANT_IEC_60559_TYPES_EXT__ 1
#define __STDC_WANT_LIB_EXT2__ 1
#define __STDC_WANT_MATH_SPEC_FUNCS__ 1
#define _TANDEM_SOURCE 1
#define __EXTENSIONS__ 1
#define HAVE_VISIBILITY_ATTRIBUTE 1
#define HAVE_DLFCN_H 1
#define LT_OBJDIR ".libs/"
#define HAVE_LIBM 1
#define HAVE_LIBDL 1
#define HAVE_DIRENT_H 1
#define HAVE_SYS_WAIT_H 1
#define HAVE_DLFCN_H 1
#define HAVE_FCNTL_H 1
#define HAVE_GLOB_H 1
#define HAVE_GRP_H 1
#define HAVE_PWD_H 1
#define HAVE_SCHED_H 1
#define HAVE_STRINGS_H 1
#define HAVE_SYS_RESOURCE_H 1
#define HAVE_SYS_SELECT_H 1
#define HAVE_SYS_SOCKET_H 1
#define HAVE_SYS_STAT_H 1
#define HAVE_SYS_TIME_H 1
#define HAVE_SYS_TIMES_H 1
#define HAVE_SYS_UTSNAME_H 1
#define HAVE_UNISTD_H 1
#define HAVE_UTIME_H 1
#define HAVE_ARPA_INET_H 1
#define HAVE_LANGINFO_H 1
#define HAVE_NETDB_H 1
#define HAVE_NETINET_IN_H 1
#define HAVE_SYS_PARAM_H 1
#define HAVE_STDALIGN_H 1
#define HAVE_ERRNO_H 1
#define HAVE_INTTYPES_H 1
#define HAVE_LIMITS_H 1
#define HAVE_LOCALE_H 1
#define HAVE_STDARG_H 1
#define HAVE_STDBOOL_H 1
#define HAVE_STDINT_H 1
#define HAVE_STRING_H 1
#define HAVE_DECL_SIGSETJMP 1
#define HAVE_DECL_SIGLONGJMP 1
#define HAVE_POSIX_SETJMP 1
#define HAVE_INT64_T 1
#define HAVE_INT_FAST64_T 1
#define HAVE_DECL_SIZE_MAX 1
#define R_SOCKLEN_T socklen_t
#define HAVE_STACK_T 1
#define HAVE_INTPTR_T 1
#define HAVE_UINTPTR_T 1
#define R_INLINE inline
#define SIZEOF_INT 4
#define INT_32_BITS 1
#define SIZEOF_LONG 8
#define SIZEOF_LONG_LONG 8
#define SIZEOF_DOUBLE 8
#define SIZEOF_SIZE_T 8
#define C_STACK_DIRECTION 1
#define HAVE_LONG_DOUBLE 1
#define SIZEOF_LONG_DOUBLE 8
#define FC_FUNC(name,NAME) name ## _
#define FC_FUNC_(name,NAME) name ## _
#define HAVE_F77_UNDERSCORE 1
#define HAVE_FORTRAN_DOUBLE_COMPLEX 1
#define HAVE_NO_SYMBOL_UNDERSCORE 1
#define FC_LEN_T size_t
#define SHLIB_EXT ".so"
#define HAVE_PTHREAD 1
#define HAVE_OFF_T 1
#define HAVE_ALLOCA_H 1
#define HAVE_ALLOCA 1
#define HAVE_DECL_ALLOCA 1
#define HAVE_EXPM1 1
#define HAVE_HYPOT 1
#define HAVE_LOG1P 1
#define HAVE_LOG1PL 1
#define HAVE_LOG2 1
#define HAVE_LOG10 1
#define HAVE_NEARBYINT 1
#define HAVE_NEARBYINTL 1
#define HAVE_POWL 1
#define HAVE_RINTL 1
#define HAVE_VA_COPY 1
#define HAVE_ISBLANK 1
#define HAVE___COSPI 1
#define HAVE___SINPI 1
#define HAVE___TANPI 1
#define HAVE_FSEEKO 1
#define HAVE_FTELLO 1
#define HAVE_FCNTL 1
#define HAVE_GETGRGID 1
#define HAVE_GETPWNAM 1
#define HAVE_GETPWUID 1
#define HAVE_KILL 1
#define HAVE_SIGACTION 1
#define HAVE_SIGALTSTACK 1
#define HAVE_SIGEMPTYSET 1
#define HAVE_FDOPEN 1
#define HAVE_POPEN 1
#define HAVE_GETLINE 1
#define HAVE_SELECT 1
#define HAVE_SETENV 1
#define HAVE_UNSETENV 1
#define HAVE_GETRLIMIT 1
#define HAVE_SETRLIMIT 1
#define HAVE_GETRUSAGE 1
#define HAVE_GETPRIORITY 1
#define HAVE_CHMOD 1
#define HAVE_MKFIFO 1
#define HAVE_STAT 1
#define HAVE_UMASK 1
#define HAVE_GETTIMEOFDAY 1
#define HAVE_UTIMES 1
#define HAVE_TIMES 1
#define HAVE_GMTIME_R 1
#define HAVE_LOCALTIME_R 1
#define HAVE_NL_LANGINFO 1
#define HAVE_ACCESS 1
#define HAVE_CHDIR 1
#define HAVE_EXECV 1
#define HAVE_FTRUNCATE 1
#define HAVE_GETCWD 1
#define HAVE_GETEUID 1
#define HAVE_GETUID 1
#define HAVE_LINK 1
#define HAVE_READLINK 1
#define HAVE_SYMLINK 1
#define HAVE_SYSCONF 1
#define HAVE_UTIME 1
#define HAVE_UTIMENSAT 1
#define HAVE_CLOCK_GETTIME 1
#define HAVE_TIMESPEC_GET 1
#define HAVE_PUTENV 1
#define HAVE_DECL_PUTENV 1
#define HAVE_VASPRINTF 1
#define HAVE_DECL_VASPRINTF 1
#define HAVE_REALPATH 1
#define HAVE_DECL_REALPATH 1
#define HAVE_GLOB 1
#define HAVE_DLADDR 1
#define HAVE_DLSYM 1
#define HAVE_DECL_DLADDR 1
#define HAVE_DECL_DLSYM 1
#define HAVE_DECL_RTLD_DEFAULT 1
#define HAVE_DECL_RTLD_NEXT 1
#define HAVE_STPCPY 1
#define HAVE_OFF_T 1
#define HAVE_ISNAN 1
#define HAVE_DECL_ISFINITE 1
#define HAVE_DECL_ISNAN 1
#define IEEE_754 1
#define HAVE_LANGINFO_CODESET 1
#define HAVE_MKDTEMP 1
#define HAVE_STRDUP 1
#define HAVE_STRNCASECMP 1
#define HAVE_DECL_MKDTEMP 1
#define HAVE_DECL_STRDUP 1
#define HAVE_DECL_STRNCASECMP 1
#define HAVE_WORKING_CALLOC 1
#define HAVE_WORKING_ISFINITE 1
#define HAVE_WORKING_LOG1P 1
#define HAVE_WORKING_FTELL 1
#define HAVE_WORKING_SIGACTION 1
#define HAVE_ENUM_BASE_TYPE 1
#define MKTIME_SETS_ERRNO 1
#define HAVE_WORKING_MKTIME_AFTER_2037 1
#define HAVE_WORKING_MKTIME_BEFORE_1902 1
#define HAVE_WORKING_MKTIME_BEFORE_1970 1
#define USE_RI18N_FNS 1
#define USE_RI18N_WIDTH 1
#define USE_RI18N_CASE 1
#define HAVE_CABS 1
#define HAVE_CARG 1
#define HAVE_CEXP 1
#define HAVE_CLOG 1
#define HAVE_CSQRT 1
#define HAVE_CPOW 1
#define HAVE_CCOS 1
#define HAVE_CSIN 1
#define HAVE_CTAN 1
#define HAVE_CACOS 1
#define HAVE_CASIN 1
#define HAVE_CATAN 1
#define HAVE_CCOSH 1
#define HAVE_CSINH 1
#define HAVE_CTANH 1
#define HAVE_WORKING_CTANH 1
#define HAVE_TM_ZONE 1
#define HAVE_TM_GMTOFF 1
#define HAVE_ICONV_H 1
#define HAVE_ICONV 1
#define HAVE_ICONV_CP1252 1
#define HAVE_ICONVLIST 1
#define HAVE_ICONV 1
#define ICONV_CONST 
#define HAVE_WCHAR_H 1
#define HAVE_WCTYPE_H 1
#define HAVE_MBRTOWC 1
#define HAVE_WCRTOMB 1
#define HAVE_WCSCOLL 1
#define HAVE_WCSFTIME 1
#define HAVE_WCSTOD 1
#define HAVE_MBSTOWCS 1
#define HAVE_WCSTOMBS 1
#define HAVE_WCTRANS 1
#define HAVE_WCTYPE 1
#define HAVE_ISWCTYPE 1
#define HAVE_WCWIDTH 1
#define HAVE_WCSWIDTH 1
#define HAVE_WCTRANS_T 1
#define HAVE_MBSTATE_T 1
#define X_DISPLAY_MISSING 1
#define HAVE_COREFOUNDATION_FW 1
#define HAVE_BZLIB_H 1
#define HAVE_LZMA_H 1
#define HAVE_LZMA 1
#define HAVE_ZSTD_H 1
#define HAVE_ZSTD 1
#define HAVE_ZSTD_DECOMPRESSBOUND 1
#define HAVE_LIBDEFLATE_H 1
#define HAVE_LIBDEFLATE 1
#define USE_LIBDEFLATE 1
#define PCRE2_CODE_UNIT_WIDTH 8
#define HAVE_PCRE2 1
#define HAVE_CURL_CURL_H 1
#define HAVE_LIBCURL 1
#define HAVE_JPEG 1
#define HAVE_PNG 1
#define HAVE_TIFFIO_H 1
#define HAVE_TIFF 1
#define HAVE_POSIX_LEAPSECONDS 1
#define HAVE_STRUCT_STAT_ST_ATIMESPEC_TV_NSEC 1
#define HAVE_SETITIMER 1
#define R_PROFILING 1
#define HAVE_FSEEKO 1
#define NVALGRIND 1
#define VALGRIND_LEVEL 0
#define USE_INTERNAL_MKTIME 1
#define HAVE_KERN_USRSTACK 1
#define R_PRINTCMD "lpr"
#define HAVE_VISIBILITY 1
#define HAVE_STDINT_H_WITH_UINTMAX 1
#define HAVE_GETPAGESIZE 1
#define HAVE_MMAP 1
#define INTDIV0_RAISES_SIGFPE 0
#define HAVE_INTTYPES_H_WITH_UINTMAX 1
#define HAVE_UNSIGNED_LONG_LONG_INT 1
#define HAVE_UNSIGNED_LONG_LONG 1
#define HAVE_UINTMAX_T 1
#define HAVE_INTTYPES_H 1
#define HAVE_BUILTIN_EXPECT 1
#define HAVE_INTTYPES_H 1
#define HAVE_LIMITS_H 1
#define HAVE_UNISTD_H 1
#define HAVE_SYS_PARAM_H 1
#define HAVE_GETCWD 1
#define HAVE_GETEGID 1
#define HAVE_GETEUID 1
#define HAVE_GETGID 1
#define HAVE_GETUID 1
#define HAVE_MUNMAP 1
#define HAVE_STPCPY 1
#define HAVE_STRCASECMP 1
#define HAVE_STRDUP 1
#define HAVE_STRTOUL 1
#define HAVE_TSEARCH 1
#define HAVE_DECL_FEOF_UNLOCKED 1
#define HAVE_DECL_FGETS_UNLOCKED 0
#define HAVE_ICONV 1
#define ICONV_CONST 
#define HAVE_LONG_LONG_INT 1
#define HAVE_WCHAR_T 1
#define HAVE_WINT_T 1
#define HAVE_INTMAX_T 1
#define HAVE_POSIX_PRINTF 1
#define HAVE_STDINT_H 1
#define HAVE_STDINT_H 1
#define HAVE_CFPREFERENCESCOPYAPPVALUE 1
#define HAVE_CFLOCALECOPYCURRENT 1
#define HAVE_STDDEF_H 1
#define HAVE_STDLIB_H 1
#define HAVE_STRING_H 1
#define HAVE_ASPRINTF 1
#define HAVE_FWPRINTF 1
#define HAVE_PUTENV 1
#define HAVE_SETENV 1
#define HAVE_SETLOCALE 1
#define HAVE_SNPRINTF 1
#define HAVE_WCSLEN 1
#define HAVE_DECL__SNPRINTF 0
#define HAVE_DECL__SNWPRINTF 0
#define HAVE_DECL_GETC_UNLOCKED 1
#define HAVE_LANGINFO_CODESET 1
#define HAVE_LC_MESSAGES 1
#define HAVE_CFPREFERENCESCOPYAPPVALUE 1
#define HAVE_CFLOCALECOPYCURRENT 1
#define ENABLE_NLS 1
#define HAVE_GETTEXT 1
#define HAVE_DCGETTEXT 1
#define CC_VER "Apple clang version 21.0.0 (clang-2100.1.1.101)"
#define FC_VER "GNU Fortran (Homebrew GCC 16.2.0) 16.2.0"

configure: exit 0

## ---------------------- ##
## Running config.status. ##
## ---------------------- ##

This file was extended by R config.status 4.6.0, which was
generated by GNU Autoconf 2.72.  Invocation command line was

  CONFIG_FILES    = 
  CONFIG_HEADERS  = 
  CONFIG_LINKS    = 
  CONFIG_COMMANDS = 
  $ ./config.status src/unix/Makefile

on ceres

config.status:1921: creating src/unix/Makefile

## ---------------------- ##
## Running config.status. ##
## ---------------------- ##

This file was extended by R config.status 4.6.0, which was
generated by GNU Autoconf 2.72.  Invocation command line was

  CONFIG_FILES    = 
  CONFIG_HEADERS  = 
  CONFIG_LINKS    = 
  CONFIG_COMMANDS = 
  $ ./config.status src/main/Makefile

on ceres

config.status:1921: creating src/main/Makefile
