variant,round,case,n,width,backing,density,sharing,order,backing_order,missing_count,phase,iterations,batches,batch_size,cpu_seconds,elapsed_seconds,gc_cpu_seconds,min_batch_cpu_seconds,max_batch_cpu_seconds,min_batch_elapsed_seconds,max_batch_elapsed_seconds,zero_cpu_batches,zero_wall_batches,compact_payload_bytes,double_payload_bytes,compact_copy_bytes,compatibility_bytes,timed_compact_copy_bytes,r_profiled_allocation_bytes,r_largest_allocation_bytes,r_profiled_allocations,peak_vcell_bytes,live_vcell_delta_bytes,source_sha256,result_sha256,alias_independent,source_unmaterialized_before,source_unmaterialized_after,targets_unmaterialized_before,targets_materialized_after,retained_chunks
baseline,1,1,1000000,byte,constructed,none,aliased,1,1,0,timing,192,6,32,0.164,0.163,0.04,0.019,0.041,0.019,0.04,0,0,1e+06,8e+06,0,0,0,8000048,8000048,1,8000288,8000136,135c0fff4230b0125e03bd74de593cb616f49a3ee91665d303ee479f304e342b,135c0fff4230b0125e03bd74de593cb616f49a3ee91665d303ee479f304e342b,TRUE,TRUE,TRUE,TRUE,TRUE,0
baseline,1,1,1000000,byte,constructed,sparse,aliased,2,1,62,timing,96,3,32,0.167,0.167,0.028,0.0449999999999999,0.063,0.0449999999999999,0.062,0,0,1e+06,8e+06,0,0,0,8000048,8000048,1,8000288,7999984,eb7e8b2951c975c91776a1ab795e1ff5d20bc27f1941f0311f4f0a64c93607d9,eb7e8b2951c975c91776a1ab795e1ff5d20bc27f1941f0311f4f0a64c93607d9,TRUE,TRUE,TRUE,TRUE,TRUE,0
baseline,1,1,1000000,byte,constructed,dense,aliased,3,1,843750,timing,96,3,32,0.174,0.174,0.028,0.0489999999999999,0.0640000000000001,0.0489999999999999,0.0640000000000001,0,0,1e+06,8e+06,0,0,0,8000048,8000048,1,8000288,7999984,5e0facd0fb633feeff12c1cf24da9da8a62ad3b216f3ff05a19b089578fed5e5,5e0facd0fb633feeff12c1cf24da9da8a62ad3b216f3ff05a19b089578fed5e5,TRUE,TRUE,TRUE,TRUE,TRUE,0
baseline,1,2,1000000,byte,retained,none,aliased,1,2,0,timing,192,6,32,0.156,0.155,0.0410000000000001,0.0189999999999999,0.0329999999999999,0.0189999999999999,0.0329999999999999,0,0,1e+06,8e+06,0,0,0,8000048,8000048,1,8000288,7999984,135c0fff4230b0125e03bd74de593cb616f49a3ee91665d303ee479f304e342b,135c0fff4230b0125e03bd74de593cb616f49a3ee91665d303ee479f304e342b,TRUE,TRUE,TRUE,TRUE,TRUE,123
baseline,1,2,1000000,byte,retained,sparse,aliased,2,2,62,timing,96,3,32,0.166,0.167,0.0289999999999995,0.0449999999999999,0.0619999999999998,0.0450000000000004,0.0629999999999997,0,0,1e+06,8e+06,0,0,0,8000048,8000048,1,8000288,7999984,eb7e8b2951c975c91776a1ab795e1ff5d20bc27f1941f0311f4f0a64c93607d9,eb7e8b2951c975c91776a1ab795e1ff5d20bc27f1941f0311f4f0a64c93607d9,TRUE,TRUE,TRUE,TRUE,TRUE,123
baseline,1,2,1000000,byte,retained,dense,aliased,3,2,843750,timing,96,3,32,0.178,0.176,0.0290000000000004,0.0499999999999999,0.065,0.048,0.065,0,0,1e+06,8e+06,0,0,0,8000048,8000048,1,8000288,7999984,5e0facd0fb633feeff12c1cf24da9da8a62ad3b216f3ff05a19b089578fed5e5,5e0facd0fb633feeff12c1cf24da9da8a62ad3b216f3ff05a19b089578fed5e5,TRUE,TRUE,TRUE,TRUE,TRUE,123
baseline,1,3,1000000,int,constructed,none,aliased,1,1,0,timing,192,6,32,0.159,0.16,0.0420000000000003,0.0189999999999997,0.0349999999999998,0.0189999999999997,0.0350000000000001,0,0,2e+06,8e+06,0,0,0,8000048,8000048,1,8000288,7999984,5b032e8bbcb47fdc5fae34dd60399d23844c5650d87d1ec0d6859555aee509f7,5b032e8bbcb47fdc5fae34dd60399d23844c5650d87d1ec0d6859555aee509f7,TRUE,TRUE,TRUE,TRUE,TRUE,0
baseline,1,3,1000000,int,constructed,sparse,aliased,2,1,62,timing,96,3,32,0.183,0.182,0.0279999999999996,0.0509999999999997,0.066,0.0509999999999997,0.0659999999999998,0,0,2e+06,8e+06,0,0,0,8000048,8000048,1,8000288,7999984,6dbe6622a134847983f97669fb8bf18fbf4b383974b7676cbdd9c328d2808f6f,6dbe6622a134847983f97669fb8bf18fbf4b383974b7676cbdd9c328d2808f6f,TRUE,TRUE,TRUE,TRUE,TRUE,0
baseline,1,3,1000000,int,constructed,dense,aliased,3,1,843750,timing,96,3,32,0.174,0.172,0.0279999999999997,0.0489999999999999,0.0629999999999998,0.0490000000000004,0.0619999999999998,0,0,2e+06,8e+06,0,0,0,8000048,8000048,1,8000288,7999984,c3fe24f98b2b1ad70a0a22f9ad63bb83304687029d0d6ee65e6eec15f6c5e316,c3fe24f98b2b1ad70a0a22f9ad63bb83304687029d0d6ee65e6eec15f6c5e316,TRUE,TRUE,TRUE,TRUE,TRUE,0
baseline,1,4,1000000,int,retained,none,aliased,1,2,0,timing,224,7,32,0.163000000000001,0.166,0.0289999999999995,0.0190000000000001,0.0330000000000004,0.0199999999999996,0.0330000000000004,0,0,2e+06,8e+06,0,0,0,8000048,8000048,1,8000288,7999984,5b032e8bbcb47fdc5fae34dd60399d23844c5650d87d1ec0d6859555aee509f7,5b032e8bbcb47fdc5fae34dd60399d23844c5650d87d1ec0d6859555aee509f7,TRUE,TRUE,TRUE,TRUE,TRUE,123
baseline,1,4,1000000,int,retained,sparse,aliased,2,2,62,timing,96,3,32,0.169,0.169,0.0150000000000006,0.0519999999999996,0.0649999999999995,0.0519999999999996,0.0649999999999995,0,0,2e+06,8e+06,0,0,0,8000048,8000048,1,8000288,7999984,6dbe6622a134847983f97669fb8bf18fbf4b383974b7676cbdd9c328d2808f6f,6dbe6622a134847983f97669fb8bf18fbf4b383974b7676cbdd9c328d2808f6f,TRUE,TRUE,TRUE,TRUE,TRUE,123
baseline,1,4,1000000,int,retained,dense,aliased,3,2,843750,timing,96,3,32,0.161,0.161,0.0140000000000002,0.0489999999999995,0.0629999999999997,0.0489999999999995,0.0630000000000006,0,0,2e+06,8e+06,0,0,0,8000048,8000048,1,8000288,7999984,c3fe24f98b2b1ad70a0a22f9ad63bb83304687029d0d6ee65e6eec15f6c5e316,c3fe24f98b2b1ad70a0a22f9ad63bb83304687029d0d6ee65e6eec15f6c5e316,TRUE,TRUE,TRUE,TRUE,TRUE,123
baseline,1,5,1000000,long,constructed,none,aliased,1,1,0,timing,192,6,32,0.157999999999999,0.156000000000001,0.0389999999999997,0.0190000000000001,0.0330000000000004,0.0190000000000001,0.0330000000000004,0,0,4e+06,8e+06,0,0,0,8000048,8000048,1,8000288,7999984,2995b5f6171d92864a5608f04befbb010b21d9d177b184b3fbb2365a2f00b5c4,2995b5f6171d92864a5608f04befbb010b21d9d177b184b3fbb2365a2f00b5c4,TRUE,TRUE,TRUE,TRUE,TRUE,0
baseline,1,5,1000000,long,constructed,sparse,aliased,2,1,62,timing,96,3,32,0.163000000000001,0.161000000000001,0.0280000000000005,0.0449999999999999,0.0590000000000007,0.0440000000000005,0.0590000000000002,0,0,4e+06,8e+06,0,0,0,8000048,8000048,1,8000288,7999984,9056f2bd2a9ae4e5013ac81ba5c2e04072166ba9540638d666fddf1c53f0ea86,9056f2bd2a9ae4e5013ac81ba5c2e04072166ba9540638d666fddf1c53f0ea86,TRUE,TRUE,TRUE,TRUE,TRUE,0
baseline,1,5,1000000,long,constructed,dense,aliased,3,1,843750,timing,96,3,32,0.172000000000001,0.170999999999999,0.0299999999999994,0.0470000000000006,0.0640000000000001,0.048,0.0629999999999997,0,0,4e+06,8e+06,0,0,0,8000048,8000048,1,8000288,7999984,542d6b41cf51f4eacb0a604633770c84346d165f1e3202af67e6f040f814dbe2,542d6b41cf51f4eacb0a604633770c84346d165f1e3202af67e6f040f814dbe2,TRUE,TRUE,TRUE,TRUE,TRUE,0
baseline,1,6,1000000,long,retained,none,aliased,1,2,0,timing,192,6,32,0.152999999999999,0.153,0.0309999999999997,0.0199999999999996,0.0399999999999996,0.0199999999999996,0.04,0,0,4e+06,8e+06,0,0,0,8000048,8000048,1,8000288,7999984,2995b5f6171d92864a5608f04befbb010b21d9d177b184b3fbb2365a2f00b5c4,2995b5f6171d92864a5608f04befbb010b21d9d177b184b3fbb2365a2f00b5c4,TRUE,TRUE,TRUE,TRUE,TRUE,123
baseline,1,6,1000000,long,retained,sparse,aliased,2,2,62,timing,96,3,32,0.163,0.163,0.0280000000000005,0.0449999999999999,0.0590000000000002,0.0460000000000003,0.0589999999999993,0,0,4e+06,8e+06,0,0,0,8000048,8000048,1,8000288,7999984,9056f2bd2a9ae4e5013ac81ba5c2e04072166ba9540638d666fddf1c53f0ea86,9056f2bd2a9ae4e5013ac81ba5c2e04072166ba9540638d666fddf1c53f0ea86,TRUE,TRUE,TRUE,TRUE,TRUE,123
baseline,1,6,1000000,long,retained,dense,aliased,3,2,843750,timing,96,3,32,0.154000000000002,0.153000000000001,0.0140000000000002,0.0470000000000006,0.0600000000000005,0.0460000000000003,0.0600000000000005,0,0,4e+06,8e+06,0,0,0,8000048,8000048,1,8000288,7999984,542d6b41cf51f4eacb0a604633770c84346d165f1e3202af67e6f040f814dbe2,542d6b41cf51f4eacb0a604633770c84346d165f1e3202af67e6f040f814dbe2,TRUE,TRUE,TRUE,TRUE,TRUE,123
baseline,1,7,1000000,float,constructed,none,aliased,1,1,0,timing,224,7,32,0.171999999999999,0.172,0.0530000000000005,0.0169999999999995,0.0310000000000002,0.0169999999999995,0.0300000000000002,0,0,4e+06,8e+06,0,0,0,8000048,8000048,1,8000288,7999984,83a914d9d58ede2cc2603064afeefae5eee1a863f1577a2d2bec376819f73348,83a914d9d58ede2cc2603064afeefae5eee1a863f1577a2d2bec376819f73348,TRUE,TRUE,TRUE,TRUE,TRUE,0
baseline,1,7,1000000,float,constructed,sparse,aliased,2,1,62,timing,96,3,32,0.181999999999999,0.181000000000001,0.0279999999999987,0.0520000000000002,0.0649999999999995,0.0510000000000002,0.0650000000000013,0,0,4e+06,8e+06,0,0,0,8000048,8000048,1,8000288,7999984,a977a82a2795d6cc1118a7c7127487368354b28df1bc60efc1685b124e1b0968,a977a82a2795d6cc1118a7c7127487368354b28df1bc60efc1685b124e1b0968,TRUE,TRUE,TRUE,TRUE,TRUE,0
baseline,1,7,1000000,float,constructed,dense,aliased,3,1,843750,timing,96,3,32,0.171999999999999,0.172000000000001,0.0279999999999987,0.048,0.0619999999999994,0.048,0.0620000000000012,0,0,4e+06,8e+06,0,0,0,8000048,8000048,1,8000288,7999984,d47dbe7966fa57e23d7fea3c11bb133af40b4954840606fe85d60d52fbef01c4,d47dbe7966fa57e23d7fea3c11bb133af40b4954840606fe85d60d52fbef01c4,TRUE,TRUE,TRUE,TRUE,TRUE,0
baseline,1,8,1000000,float,retained,none,aliased,1,2,0,timing,224,7,32,0.150999999999998,0.151000000000002,0.0310000000000006,0.0169999999999995,0.0310000000000006,0.0169999999999995,0.0310000000000006,0,0,4e+06,8e+06,0,0,0,8000048,8000048,1,8000288,7999984,83a914d9d58ede2cc2603064afeefae5eee1a863f1577a2d2bec376819f73348,83a914d9d58ede2cc2603064afeefae5eee1a863f1577a2d2bec376819f73348,TRUE,TRUE,TRUE,TRUE,TRUE,123
baseline,1,8,1000000,float,retained,sparse,aliased,2,2,62,timing,96,3,32,0.166,0.169,0.0139999999999993,0.0510000000000002,0.0640000000000001,0.0519999999999996,0.0650000000000013,0,0,4e+06,8e+06,0,0,0,8000048,8000048,1,8000288,7999984,a977a82a2795d6cc1118a7c7127487368354b28df1bc60efc1685b124e1b0968,a977a82a2795d6cc1118a7c7127487368354b28df1bc60efc1685b124e1b0968,TRUE,TRUE,TRUE,TRUE,TRUE,123
baseline,1,8,1000000,float,retained,dense,aliased,3,2,843750,timing,96,3,32,0.176000000000001,0.174000000000001,0.0300000000000011,0.0489999999999995,0.0640000000000006,0.048,0.0640000000000001,0,0,4e+06,8e+06,0,0,0,8000048,8000048,1,8000288,7999984,d47dbe7966fa57e23d7fea3c11bb133af40b4954840606fe85d60d52fbef01c4,d47dbe7966fa57e23d7fea3c11bb133af40b4954840606fe85d60d52fbef01c4,TRUE,TRUE,TRUE,TRUE,TRUE,123
candidate,1,1,1000000,byte,constructed,none,aliased,1,1,0,timing,384,12,32,0.156,0.154,0.084,0.005,0.027,0.00499999999999989,0.027,0,0,1e+06,8e+06,0,0,0,8000048,8000048,1,8000288,8000136,135c0fff4230b0125e03bd74de593cb616f49a3ee91665d303ee479f304e342b,135c0fff4230b0125e03bd74de593cb616f49a3ee91665d303ee479f304e342b,TRUE,TRUE,TRUE,TRUE,TRUE,0
candidate,1,1,1000000,byte,constructed,sparse,aliased,2,1,62,timing,320,10,32,0.156,0.153,0.0650000000000001,0.0089999999999999,0.023,0.0089999999999999,0.022,0,0,1e+06,8e+06,0,0,0,8000048,8000048,1,8000288,7999984,eb7e8b2951c975c91776a1ab795e1ff5d20bc27f1941f0311f4f0a64c93607d9,eb7e8b2951c975c91776a1ab795e1ff5d20bc27f1941f0311f4f0a64c93607d9,TRUE,TRUE,TRUE,TRUE,TRUE,0
candidate,1,1,1000000,byte,constructed,dense,aliased,3,1,843750,timing,288,9,32,0.17,0.171,0.0649999999999997,0.0109999999999999,0.0250000000000001,0.012,0.0250000000000001,0,0,1e+06,8e+06,0,0,0,8000048,8000048,1,8000288,7999984,5e0facd0fb633feeff12c1cf24da9da8a62ad3b216f3ff05a19b089578fed5e5,5e0facd0fb633feeff12c1cf24da9da8a62ad3b216f3ff05a19b089578fed5e5,TRUE,TRUE,TRUE,TRUE,TRUE,0
candidate,1,2,1000000,byte,retained,none,aliased,1,2,0,timing,416,13,32,0.168,0.169,0.0959999999999999,0.00499999999999989,0.02,0.00499999999999989,0.02,0,0,1e+06,8e+06,0,0,0,8000048,8000048,1,8000288,7999984,135c0fff4230b0125e03bd74de593cb616f49a3ee91665d303ee479f304e342b,135c0fff4230b0125e03bd74de593cb616f49a3ee91665d303ee479f304e342b,TRUE,TRUE,TRUE,TRUE,TRUE,123
candidate,1,2,1000000,byte,retained,sparse,aliased,2,2,62,timing,320,10,32,0.158000000000001,0.16,0.0699999999999998,0.00800000000000001,0.024,0.0089999999999999,0.024,0,0,1e+06,8e+06,0,0,0,8000048,8000048,1,8000288,7999984,eb7e8b2951c975c91776a1ab795e1ff5d20bc27f1941f0311f4f0a64c93607d9,eb7e8b2951c975c91776a1ab795e1ff5d20bc27f1941f0311f4f0a64c93607d9,TRUE,TRUE,TRUE,TRUE,TRUE,123
candidate,1,2,1000000,byte,retained,dense,aliased,3,2,843750,timing,288,9,32,0.174,0.177,0.073,0.0109999999999997,0.028,0.0110000000000001,0.028,0,0,1e+06,8e+06,0,0,0,8000048,8000048,1,8000288,7999984,5e0facd0fb633feeff12c1cf24da9da8a62ad3b216f3ff05a19b089578fed5e5,5e0facd0fb633feeff12c1cf24da9da8a62ad3b216f3ff05a19b089578fed5e5,TRUE,TRUE,TRUE,TRUE,TRUE,123
candidate,1,3,1000000,int,constructed,none,aliased,1,1,0,timing,448,14,32,0.151999999999997,0.152999999999998,0.103,0.00299999999999967,0.0190000000000001,0.00299999999999923,0.0190000000000001,0,0,2e+06,8e+06,0,0,0,8000048,8000048,1,8000288,7999984,5b032e8bbcb47fdc5fae34dd60399d23844c5650d87d1ec0d6859555aee509f7,5b032e8bbcb47fdc5fae34dd60399d23844c5650d87d1ec0d6859555aee509f7,TRUE,TRUE,TRUE,TRUE,TRUE,0
candidate,1,3,1000000,int,constructed,sparse,aliased,2,1,62,timing,320,10,32,0.153999999999997,0.153,0.0639999999999992,0.00899999999999945,0.0220000000000002,0.00800000000000001,0.0220000000000002,0,0,2e+06,8e+06,0,0,0,8000048,8000048,1,8000288,7999984,6dbe6622a134847983f97669fb8bf18fbf4b383974b7676cbdd9c328d2808f6f,6dbe6622a134847983f97669fb8bf18fbf4b383974b7676cbdd9c328d2808f6f,TRUE,TRUE,TRUE,TRUE,TRUE,0
candidate,1,3,1000000,int,constructed,dense,aliased,3,1,843750,timing,288,9,32,0.171,0.171999999999999,0.0670000000000002,0.0110000000000001,0.0250000000000004,0.0110000000000001,0.0259999999999998,0,0,2e+06,8e+06,0,0,0,8000048,8000048,1,8000288,7999984,c3fe24f98b2b1ad70a0a22f9ad63bb83304687029d0d6ee65e6eec15f6c5e316,c3fe24f98b2b1ad70a0a22f9ad63bb83304687029d0d6ee65e6eec15f6c5e316,TRUE,TRUE,TRUE,TRUE,TRUE,0
candidate,1,4,1000000,int,retained,none,aliased,1,2,0,timing,736,23,32,0.166000000000002,0.167000000000001,0.0820000000000016,0.00399999999999956,0.0190000000000001,0.00399999999999956,0.0190000000000001,0,0,2e+06,8e+06,0,0,0,8000048,8000048,1,8000288,7999984,5b032e8bbcb47fdc5fae34dd60399d23844c5650d87d1ec0d6859555aee509f7,5b032e8bbcb47fdc5fae34dd60399d23844c5650d87d1ec0d6859555aee509f7,TRUE,TRUE,TRUE,TRUE,TRUE,123
candidate,1,4,1000000,int,retained,sparse,aliased,2,2,62,timing,416,13,32,0.162,0.162000000000001,0.0460000000000003,0.00899999999999945,0.0230000000000006,0.00899999999999945,0.0229999999999997,0,0,2e+06,8e+06,0,0,0,8000048,8000048,1,8000288,7999984,6dbe6622a134847983f97669fb8bf18fbf4b383974b7676cbdd9c328d2808f6f,6dbe6622a134847983f97669fb8bf18fbf4b383974b7676cbdd9c328d2808f6f,TRUE,TRUE,TRUE,TRUE,TRUE,123
candidate,1,4,1000000,int,retained,dense,aliased,3,2,843750,timing,352,11,32,0.161,0.161000000000001,0.0309999999999997,0.0110000000000001,0.0270000000000001,0.0119999999999996,0.0270000000000001,0,0,2e+06,8e+06,0,0,0,8000048,8000048,1,8000288,7999984,c3fe24f98b2b1ad70a0a22f9ad63bb83304687029d0d6ee65e6eec15f6c5e316,c3fe24f98b2b1ad70a0a22f9ad63bb83304687029d0d6ee65e6eec15f6c5e316,TRUE,TRUE,TRUE,TRUE,TRUE,123
candidate,1,5,1000000,long,constructed,none,aliased,1,1,0,timing,512,16,32,0.152999999999999,0.153000000000002,0.106999999999998,0.00199999999999889,0.0169999999999995,0.00200000000000067,0.0170000000000012,0,0,4e+06,8e+06,0,0,0,8000048,8000048,1,8000288,7999984,2995b5f6171d92864a5608f04befbb010b21d9d177b184b3fbb2365a2f00b5c4,2995b5f6171d92864a5608f04befbb010b21d9d177b184b3fbb2365a2f00b5c4,TRUE,TRUE,TRUE,TRUE,TRUE,0
candidate,1,5,1000000,long,constructed,sparse,aliased,2,1,62,timing,352,11,32,0.161,0.156999999999998,0.0809999999999995,0.00699999999999967,0.0210000000000008,0.00699999999999967,0.020999999999999,0,0,4e+06,8e+06,0,0,0,8000048,8000048,1,8000288,7999984,9056f2bd2a9ae4e5013ac81ba5c2e04072166ba9540638d666fddf1c53f0ea86,9056f2bd2a9ae4e5013ac81ba5c2e04072166ba9540638d666fddf1c53f0ea86,TRUE,TRUE,TRUE,TRUE,TRUE,0
candidate,1,5,1000000,long,constructed,dense,aliased,3,1,843750,timing,224,7,32,0.162000000000005,0.162999999999997,0.0580000000000016,0.0150000000000006,0.032,0.0139999999999993,0.032,0,0,4e+06,8e+06,0,0,0,8000048,8000048,1,8000288,7999984,542d6b41cf51f4eacb0a604633770c84346d165f1e3202af67e6f040f814dbe2,542d6b41cf51f4eacb0a604633770c84346d165f1e3202af67e6f040f814dbe2,TRUE,TRUE,TRUE,TRUE,TRUE,0
candidate,1,6,1000000,long,retained,none,aliased,1,2,0,timing,736,23,32,0.154,0.150999999999991,0.0809999999999977,0.00300000000000011,0.023999999999999,0.00299999999999834,0.0239999999999991,0,0,4e+06,8e+06,0,0,0,8000048,8000048,1,8000288,7999984,2995b5f6171d92864a5608f04befbb010b21d9d177b184b3fbb2365a2f00b5c4,2995b5f6171d92864a5608f04befbb010b21d9d177b184b3fbb2365a2f00b5c4,TRUE,TRUE,TRUE,TRUE,TRUE,123
candidate,1,6,1000000,long,retained,sparse,aliased,2,2,62,timing,480,15,32,0.170000000000003,0.170999999999996,0.0640000000000001,0.00699999999999967,0.0220000000000002,0.00699999999999967,0.0219999999999985,0,0,4e+06,8e+06,0,0,0,8000048,8000048,1,8000288,7999984,9056f2bd2a9ae4e5013ac81ba5c2e04072166ba9540638d666fddf1c53f0ea86,9056f2bd2a9ae4e5013ac81ba5c2e04072166ba9540638d666fddf1c53f0ea86,TRUE,TRUE,TRUE,TRUE,TRUE,123
candidate,1,6,1000000,long,retained,dense,aliased,3,2,843750,timing,288,9,32,0.157000000000002,0.151999999999999,0.0330000000000013,0.0139999999999993,0.0290000000000005,0.0139999999999993,0.027000000000001,0,0,4e+06,8e+06,0,0,0,8000048,8000048,1,8000288,7999984,542d6b41cf51f4eacb0a604633770c84346d165f1e3202af67e6f040f814dbe2,542d6b41cf51f4eacb0a604633770c84346d165f1e3202af67e6f040f814dbe2,TRUE,TRUE,TRUE,TRUE,TRUE,123
candidate,1,7,1000000,float,constructed,none,aliased,1,1,0,timing,544,17,32,0.167999999999999,0.165999999999999,0.119999999999997,0.00199999999999889,0.0169999999999995,0.00199999999999889,0.016,0,0,4e+06,8e+06,0,0,0,8000048,8000048,1,8000288,7999984,83a914d9d58ede2cc2603064afeefae5eee1a863f1577a2d2bec376819f73348,83a914d9d58ede2cc2603064afeefae5eee1a863f1577a2d2bec376819f73348,TRUE,TRUE,TRUE,TRUE,TRUE,0
candidate,1,7,1000000,float,constructed,sparse,aliased,2,1,62,timing,320,10,32,0.158999999999999,0.162000000000003,0.0689999999999978,0.00899999999999856,0.0230000000000002,0.00900000000000034,0.0230000000000015,0,0,4e+06,8e+06,0,0,0,8000048,8000048,1,8000288,7999984,a977a82a2795d6cc1118a7c7127487368354b28df1bc60efc1685b124e1b0968,a977a82a2795d6cc1118a7c7127487368354b28df1bc60efc1685b124e1b0968,TRUE,TRUE,TRUE,TRUE,TRUE,0
candidate,1,7,1000000,float,constructed,dense,aliased,3,1,843750,timing,224,7,32,0.159000000000001,0.157999999999999,0.056,0.0139999999999993,0.0289999999999999,0.0149999999999988,0.0289999999999999,0,0,4e+06,8e+06,0,0,0,8000048,8000048,1,8000288,7999984,d47dbe7966fa57e23d7fea3c11bb133af40b4954840606fe85d60d52fbef01c4,d47dbe7966fa57e23d7fea3c11bb133af40b4954840606fe85d60d52fbef01c4,TRUE,TRUE,TRUE,TRUE,TRUE,0
candidate,1,8,1000000,float,retained,none,aliased,1,2,0,timing,800,25,32,0.153,0.154999999999996,0.0820000000000025,0.00299999999999834,0.0170000000000012,0.00299999999999834,0.0169999999999995,0,0,4e+06,8e+06,0,0,0,8000048,8000048,1,8000288,7999984,83a914d9d58ede2cc2603064afeefae5eee1a863f1577a2d2bec376819f73348,83a914d9d58ede2cc2603064afeefae5eee1a863f1577a2d2bec376819f73348,TRUE,TRUE,TRUE,TRUE,TRUE,123
candidate,1,8,1000000,float,retained,sparse,aliased,2,2,62,timing,384,12,32,0.159000000000001,0.160999999999994,0.0460000000000029,0.00900000000000034,0.0239999999999974,0.00999999999999801,0.0240000000000009,0,0,4e+06,8e+06,0,0,0,8000048,8000048,1,8000288,7999984,a977a82a2795d6cc1118a7c7127487368354b28df1bc60efc1685b124e1b0968,a977a82a2795d6cc1118a7c7127487368354b28df1bc60efc1685b124e1b0968,TRUE,TRUE,TRUE,TRUE,TRUE,123
candidate,1,8,1000000,float,retained,dense,aliased,3,2,843750,timing,288,9,32,0.163999999999997,0.164999999999999,0.0310000000000024,0.014999999999997,0.0299999999999999,0.014999999999997,0.0299999999999976,0,0,4e+06,8e+06,0,0,0,8000048,8000048,1,8000288,7999984,d47dbe7966fa57e23d7fea3c11bb133af40b4954840606fe85d60d52fbef01c4,d47dbe7966fa57e23d7fea3c11bb133af40b4954840606fe85d60d52fbef01c4,TRUE,TRUE,TRUE,TRUE,TRUE,123
candidate,2,1,1000000,byte,retained,none,aliased,1,1,0,timing,384,12,32,0.151,0.153,0.0810000000000001,0.005,0.026,0.005,0.026,0,0,1e+06,8e+06,0,0,0,8000048,8000048,1,8000288,8000136,135c0fff4230b0125e03bd74de593cb616f49a3ee91665d303ee479f304e342b,135c0fff4230b0125e03bd74de593cb616f49a3ee91665d303ee479f304e342b,TRUE,TRUE,TRUE,TRUE,TRUE,123
candidate,2,1,1000000,byte,retained,dense,aliased,2,1,843750,timing,288,9,32,0.173,0.17,0.068,0.0110000000000001,0.026,0.0109999999999999,0.0250000000000001,0,0,1e+06,8e+06,0,0,0,8000048,8000048,1,8000288,7999984,5e0facd0fb633feeff12c1cf24da9da8a62ad3b216f3ff05a19b089578fed5e5,5e0facd0fb633feeff12c1cf24da9da8a62ad3b216f3ff05a19b089578fed5e5,TRUE,TRUE,TRUE,TRUE,TRUE,123
candidate,2,1,1000000,byte,retained,sparse,aliased,3,1,62,timing,320,10,32,0.155,0.156000000000001,0.067,0.00800000000000001,0.023,0.0089999999999999,0.0230000000000001,0,0,1e+06,8e+06,0,0,0,8000048,8000048,1,8000288,7999984,eb7e8b2951c975c91776a1ab795e1ff5d20bc27f1941f0311f4f0a64c93607d9,eb7e8b2951c975c91776a1ab795e1ff5d20bc27f1941f0311f4f0a64c93607d9,TRUE,TRUE,TRUE,TRUE,TRUE,123
candidate,2,2,1000000,byte,constructed,none,aliased,1,2,0,timing,416,13,32,0.166,0.166,0.093,0.00499999999999989,0.0190000000000001,0.00499999999999989,0.0190000000000001,0,0,1e+06,8e+06,0,0,0,8000048,8000048,1,8000288,7999984,135c0fff4230b0125e03bd74de593cb616f49a3ee91665d303ee479f304e342b,135c0fff4230b0125e03bd74de593cb616f49a3ee91665d303ee479f304e342b,TRUE,TRUE,TRUE,TRUE,TRUE,0
candidate,2,2,1000000,byte,constructed,dense,aliased,2,2,843750,timing,288,9,32,0.165999999999999,0.165,0.0629999999999993,0.0109999999999997,0.024,0.0109999999999997,0.024,0,0,1e+06,8e+06,0,0,0,8000048,8000048,1,8000288,7999984,5e0facd0fb633feeff12c1cf24da9da8a62ad3b216f3ff05a19b089578fed5e5,5e0facd0fb633feeff12c1cf24da9da8a62ad3b216f3ff05a19b089578fed5e5,TRUE,TRUE,TRUE,TRUE,TRUE,0
candidate,2,2,1000000,byte,constructed,sparse,aliased,3,2,62,timing,320,10,32,0.154,0.154,0.0650000000000001,0.0089999999999999,0.0229999999999998,0.00800000000000001,0.0220000000000002,0,0,1e+06,8e+06,0,0,0,8000048,8000048,1,8000288,7999984,eb7e8b2951c975c91776a1ab795e1ff5d20bc27f1941f0311f4f0a64c93607d9,eb7e8b2951c975c91776a1ab795e1ff5d20bc27f1941f0311f4f0a64c93607d9,TRUE,TRUE,TRUE,TRUE,TRUE,0
candidate,2,3,1000000,int,retained,none,aliased,1,1,0,timing,736,23,32,0.17,0.165000000000001,0.0840000000000023,0.00399999999999956,0.0190000000000001,0.00399999999999956,0.0190000000000001,0,0,2e+06,8e+06,0,0,0,8000048,8000048,1,8000288,7999984,5b032e8bbcb47fdc5fae34dd60399d23844c5650d87d1ec0d6859555aee509f7,5b032e8bbcb47fdc5fae34dd60399d23844c5650d87d1ec0d6859555aee509f7,TRUE,TRUE,TRUE,TRUE,TRUE,123
candidate,2,3,1000000,int,retained,dense,aliased,2,1,843750,timing,352,11,32,0.157999999999998,0.158,0.0300000000000002,0.0119999999999996,0.0249999999999995,0.0119999999999996,0.0250000000000004,0,0,2e+06,8e+06,0,0,0,8000048,8000048,1,8000288,7999984,c3fe24f98b2b1ad70a0a22f9ad63bb83304687029d0d6ee65e6eec15f6c5e316,c3fe24f98b2b1ad70a0a22f9ad63bb83304687029d0d6ee65e6eec15f6c5e316,TRUE,TRUE,TRUE,TRUE,TRUE,123
candidate,2,3,1000000,int,retained,sparse,aliased,3,1,62,timing,384,12,32,0.152,0.154000000000001,0.0440000000000014,0.00899999999999945,0.0220000000000002,0.00899999999999945,0.0229999999999997,0,0,2e+06,8e+06,0,0,0,8000048,8000048,1,8000288,7999984,6dbe6622a134847983f97669fb8bf18fbf4b383974b7676cbdd9c328d2808f6f,6dbe6622a134847983f97669fb8bf18fbf4b383974b7676cbdd9c328d2808f6f,TRUE,TRUE,TRUE,TRUE,TRUE,123
candidate,2,4,1000000,int,constructed,none,aliased,1,2,0,timing,480,15,32,0.172,0.167999999999999,0.113999999999999,0.00300000000000011,0.0190000000000001,0.00299999999999923,0.0180000000000007,0,0,2e+06,8e+06,0,0,0,8000048,8000048,1,8000288,7999984,5b032e8bbcb47fdc5fae34dd60399d23844c5650d87d1ec0d6859555aee509f7,5b032e8bbcb47fdc5fae34dd60399d23844c5650d87d1ec0d6859555aee509f7,TRUE,TRUE,TRUE,TRUE,TRUE,0
candidate,2,4,1000000,int,constructed,dense,aliased,2,2,843750,timing,288,9,32,0.172,0.174000000000001,0.0669999999999993,0.0110000000000001,0.0280000000000005,0.0110000000000001,0.0280000000000005,0,0,2e+06,8e+06,0,0,0,8000048,8000048,1,8000288,7999984,c3fe24f98b2b1ad70a0a22f9ad63bb83304687029d0d6ee65e6eec15f6c5e316,c3fe24f98b2b1ad70a0a22f9ad63bb83304687029d0d6ee65e6eec15f6c5e316,TRUE,TRUE,TRUE,TRUE,TRUE,0
candidate,2,4,1000000,int,constructed,sparse,aliased,3,2,62,timing,320,10,32,0.156,0.155000000000002,0.0629999999999997,0.00899999999999945,0.0230000000000006,0.00899999999999945,0.0229999999999997,0,0,2e+06,8e+06,0,0,0,8000048,8000048,1,8000288,7999984,6dbe6622a134847983f97669fb8bf18fbf4b383974b7676cbdd9c328d2808f6f,6dbe6622a134847983f97669fb8bf18fbf4b383974b7676cbdd9c328d2808f6f,TRUE,TRUE,TRUE,TRUE,TRUE,0
candidate,2,5,1000000,long,retained,none,aliased,1,1,0,timing,768,24,32,0.153,0.151999999999999,0.0760000000000041,0.00299999999999834,0.0249999999999996,0.00300000000000011,0.0239999999999991,0,0,4e+06,8e+06,0,0,0,8000048,8000048,1,8000288,7999984,2995b5f6171d92864a5608f04befbb010b21d9d177b184b3fbb2365a2f00b5c4,2995b5f6171d92864a5608f04befbb010b21d9d177b184b3fbb2365a2f00b5c4,TRUE,TRUE,TRUE,TRUE,TRUE,123
candidate,2,5,1000000,long,retained,dense,aliased,2,1,843750,timing,288,9,32,0.153,0.152999999999997,0.0320000000000018,0.0139999999999993,0.0269999999999992,0.0139999999999993,0.0269999999999992,0,0,4e+06,8e+06,0,0,0,8000048,8000048,1,8000288,7999984,542d6b41cf51f4eacb0a604633770c84346d165f1e3202af67e6f040f814dbe2,542d6b41cf51f4eacb0a604633770c84346d165f1e3202af67e6f040f814dbe2,TRUE,TRUE,TRUE,TRUE,TRUE,123
candidate,2,5,1000000,long,retained,sparse,aliased,3,1,62,timing,448,14,32,0.159999999999995,0.156000000000004,0.0579999999999998,0.00699999999999967,0.0220000000000002,0.00699999999999967,0.0220000000000002,0,0,4e+06,8e+06,0,0,0,8000048,8000048,1,8000288,7999984,9056f2bd2a9ae4e5013ac81ba5c2e04072166ba9540638d666fddf1c53f0ea86,9056f2bd2a9ae4e5013ac81ba5c2e04072166ba9540638d666fddf1c53f0ea86,TRUE,TRUE,TRUE,TRUE,TRUE,123
candidate,2,6,1000000,long,constructed,none,aliased,1,2,0,timing,544,17,32,0.165999999999999,0.164999999999999,0.117999999999999,0.00199999999999889,0.017,0.00199999999999889,0.016,0,0,4e+06,8e+06,0,0,0,8000048,8000048,1,8000288,7999984,2995b5f6171d92864a5608f04befbb010b21d9d177b184b3fbb2365a2f00b5c4,2995b5f6171d92864a5608f04befbb010b21d9d177b184b3fbb2365a2f00b5c4,TRUE,TRUE,TRUE,TRUE,TRUE,0
candidate,2,6,1000000,long,constructed,dense,aliased,2,2,843750,timing,256,8,32,0.165000000000001,0.161999999999995,0.052999999999999,0.0139999999999993,0.027000000000001,0.0129999999999999,0.0269999999999992,0,0,4e+06,8e+06,0,0,0,8000048,8000048,1,8000288,7999984,542d6b41cf51f4eacb0a604633770c84346d165f1e3202af67e6f040f814dbe2,542d6b41cf51f4eacb0a604633770c84346d165f1e3202af67e6f040f814dbe2,TRUE,TRUE,TRUE,TRUE,TRUE,0
candidate,2,6,1000000,long,constructed,sparse,aliased,3,2,62,timing,352,11,32,0.161999999999999,0.158999999999999,0.077,0.00699999999999967,0.0220000000000002,0.00699999999999967,0.0220000000000002,0,0,4e+06,8e+06,0,0,0,8000048,8000048,1,8000288,7999984,9056f2bd2a9ae4e5013ac81ba5c2e04072166ba9540638d666fddf1c53f0ea86,9056f2bd2a9ae4e5013ac81ba5c2e04072166ba9540638d666fddf1c53f0ea86,TRUE,TRUE,TRUE,TRUE,TRUE,0
candidate,2,7,1000000,float,retained,none,aliased,1,1,0,timing,864,27,32,0.155999999999998,0.152000000000001,0.0789999999999976,0.00299999999999834,0.0180000000000007,0.00300000000000011,0.0180000000000007,0,0,4e+06,8e+06,0,0,0,8000048,8000048,1,8000288,7999984,83a914d9d58ede2cc2603064afeefae5eee1a863f1577a2d2bec376819f73348,83a914d9d58ede2cc2603064afeefae5eee1a863f1577a2d2bec376819f73348,TRUE,TRUE,TRUE,TRUE,TRUE,123
candidate,2,7,1000000,float,retained,dense,aliased,2,1,843750,timing,256,8,32,0.161,0.162999999999998,0.0429999999999993,0.0149999999999988,0.0289999999999999,0.0149999999999988,0.0289999999999999,0,0,4e+06,8e+06,0,0,0,8000048,8000048,1,8000288,7999984,d47dbe7966fa57e23d7fea3c11bb133af40b4954840606fe85d60d52fbef01c4,d47dbe7966fa57e23d7fea3c11bb133af40b4954840606fe85d60d52fbef01c4,TRUE,TRUE,TRUE,TRUE,TRUE,123
candidate,2,7,1000000,float,retained,sparse,aliased,3,1,62,timing,416,13,32,0.168999999999998,0.171000000000001,0.0429999999999975,0.00900000000000034,0.0249999999999991,0.00999999999999979,0.0250000000000004,0,0,4e+06,8e+06,0,0,0,8000048,8000048,1,8000288,7999984,a977a82a2795d6cc1118a7c7127487368354b28df1bc60efc1685b124e1b0968,a977a82a2795d6cc1118a7c7127487368354b28df1bc60efc1685b124e1b0968,TRUE,TRUE,TRUE,TRUE,TRUE,123
candidate,2,8,1000000,float,constructed,none,aliased,1,2,0,timing,544,17,32,0.164999999999994,0.164000000000001,0.116,0.00199999999999889,0.0170000000000018,0.00199999999999889,0.0169999999999995,0,0,4e+06,8e+06,0,0,0,8000048,8000048,1,8000288,7999984,83a914d9d58ede2cc2603064afeefae5eee1a863f1577a2d2bec376819f73348,83a914d9d58ede2cc2603064afeefae5eee1a863f1577a2d2bec376819f73348,TRUE,TRUE,TRUE,TRUE,TRUE,0
candidate,2,8,1000000,float,constructed,dense,aliased,2,2,843750,timing,224,7,32,0.155000000000007,0.154,0.0510000000000019,0.0150000000000006,0.0280000000000022,0.014999999999997,0.0280000000000022,0,0,4e+06,8e+06,0,0,0,8000048,8000048,1,8000288,7999984,d47dbe7966fa57e23d7fea3c11bb133af40b4954840606fe85d60d52fbef01c4,d47dbe7966fa57e23d7fea3c11bb133af40b4954840606fe85d60d52fbef01c4,TRUE,TRUE,TRUE,TRUE,TRUE,0
candidate,2,8,1000000,float,constructed,sparse,aliased,3,2,62,timing,320,10,32,0.159999999999997,0.159999999999997,0.063999999999993,0.00900000000000034,0.0229999999999997,0.00899999999999679,0.0229999999999997,0,0,4e+06,8e+06,0,0,0,8000048,8000048,1,8000288,7999984,a977a82a2795d6cc1118a7c7127487368354b28df1bc60efc1685b124e1b0968,a977a82a2795d6cc1118a7c7127487368354b28df1bc60efc1685b124e1b0968,TRUE,TRUE,TRUE,TRUE,TRUE,0
baseline,2,1,1000000,byte,retained,none,aliased,1,1,0,timing,192,6,32,0.168,0.167,0.043,0.0199999999999999,0.042,0.019,0.042,0,0,1e+06,8e+06,0,0,0,8000048,8000048,1,8000288,8000136,135c0fff4230b0125e03bd74de593cb616f49a3ee91665d303ee479f304e342b,135c0fff4230b0125e03bd74de593cb616f49a3ee91665d303ee479f304e342b,TRUE,TRUE,TRUE,TRUE,TRUE,123
baseline,2,1,1000000,byte,retained,dense,aliased,2,1,843750,timing,96,3,32,0.175,0.174,0.028,0.0489999999999999,0.0630000000000002,0.0489999999999999,0.063,0,0,1e+06,8e+06,0,0,0,8000048,8000048,1,8000288,7999984,5e0facd0fb633feeff12c1cf24da9da8a62ad3b216f3ff05a19b089578fed5e5,5e0facd0fb633feeff12c1cf24da9da8a62ad3b216f3ff05a19b089578fed5e5,TRUE,TRUE,TRUE,TRUE,TRUE,123
baseline,2,1,1000000,byte,retained,sparse,aliased,3,1,62,timing,96,3,32,0.187,0.187,0.0290000000000001,0.0530000000000002,0.0670000000000002,0.0529999999999999,0.067,0,0,1e+06,8e+06,0,0,0,8000048,8000048,1,8000288,7999984,eb7e8b2951c975c91776a1ab795e1ff5d20bc27f1941f0311f4f0a64c93607d9,eb7e8b2951c975c91776a1ab795e1ff5d20bc27f1941f0311f4f0a64c93607d9,TRUE,TRUE,TRUE,TRUE,TRUE,123
baseline,2,2,1000000,byte,constructed,none,aliased,1,2,0,timing,192,6,32,0.153,0.155999999999999,0.038,0.0189999999999999,0.032,0.0189999999999999,0.0329999999999999,0,0,1e+06,8e+06,0,0,0,8000048,8000048,1,8000288,7999984,135c0fff4230b0125e03bd74de593cb616f49a3ee91665d303ee479f304e342b,135c0fff4230b0125e03bd74de593cb616f49a3ee91665d303ee479f304e342b,TRUE,TRUE,TRUE,TRUE,TRUE,0
baseline,2,2,1000000,byte,constructed,dense,aliased,2,2,843750,timing,96,3,32,0.173,0.174,0.0279999999999996,0.049,0.0619999999999998,0.048,0.0630000000000002,0,0,1e+06,8e+06,0,0,0,8000048,8000048,1,8000288,7999984,5e0facd0fb633feeff12c1cf24da9da8a62ad3b216f3ff05a19b089578fed5e5,5e0facd0fb633feeff12c1cf24da9da8a62ad3b216f3ff05a19b089578fed5e5,TRUE,TRUE,TRUE,TRUE,TRUE,0
baseline,2,2,1000000,byte,constructed,sparse,aliased,3,2,62,timing,96,3,32,0.186,0.185,0.0270000000000001,0.053,0.0670000000000002,0.0529999999999999,0.0659999999999998,0,0,1e+06,8e+06,0,0,0,8000048,8000048,1,8000288,7999984,eb7e8b2951c975c91776a1ab795e1ff5d20bc27f1941f0311f4f0a64c93607d9,eb7e8b2951c975c91776a1ab795e1ff5d20bc27f1941f0311f4f0a64c93607d9,TRUE,TRUE,TRUE,TRUE,TRUE,0
baseline,2,3,1000000,int,retained,none,aliased,1,1,0,timing,224,7,32,0.168999999999999,0.167000000000001,0.0299999999999994,0.0199999999999996,0.0339999999999998,0.02,0.0330000000000004,0,0,2e+06,8e+06,0,0,0,8000048,8000048,1,8000288,7999984,5b032e8bbcb47fdc5fae34dd60399d23844c5650d87d1ec0d6859555aee509f7,5b032e8bbcb47fdc5fae34dd60399d23844c5650d87d1ec0d6859555aee509f7,TRUE,TRUE,TRUE,TRUE,TRUE,123
baseline,2,3,1000000,int,retained,dense,aliased,2,1,843750,timing,96,3,32,0.166,0.167,0.016,0.0509999999999998,0.0640000000000001,0.0510000000000002,0.065,0,0,2e+06,8e+06,0,0,0,8000048,8000048,1,8000288,7999984,c3fe24f98b2b1ad70a0a22f9ad63bb83304687029d0d6ee65e6eec15f6c5e316,c3fe24f98b2b1ad70a0a22f9ad63bb83304687029d0d6ee65e6eec15f6c5e316,TRUE,TRUE,TRUE,TRUE,TRUE,123
baseline,2,3,1000000,int,retained,sparse,aliased,3,1,62,timing,96,3,32,0.163,0.163,0.0160000000000009,0.0449999999999999,0.0660000000000003,0.0449999999999999,0.0659999999999998,0,0,2e+06,8e+06,0,0,0,8000048,8000048,1,8000288,7999984,6dbe6622a134847983f97669fb8bf18fbf4b383974b7676cbdd9c328d2808f6f,6dbe6622a134847983f97669fb8bf18fbf4b383974b7676cbdd9c328d2808f6f,TRUE,TRUE,TRUE,TRUE,TRUE,123
baseline,2,4,1000000,int,constructed,none,aliased,1,2,0,timing,192,6,32,0.158,0.157999999999999,0.0389999999999997,0.0190000000000001,0.0339999999999998,0.0190000000000001,0.0339999999999998,0,0,2e+06,8e+06,0,0,0,8000048,8000048,1,8000288,7999984,5b032e8bbcb47fdc5fae34dd60399d23844c5650d87d1ec0d6859555aee509f7,5b032e8bbcb47fdc5fae34dd60399d23844c5650d87d1ec0d6859555aee509f7,TRUE,TRUE,TRUE,TRUE,TRUE,0
baseline,2,4,1000000,int,constructed,dense,aliased,2,2,843750,timing,96,3,32,0.178,0.178,0.0280000000000005,0.0499999999999998,0.0649999999999995,0.0499999999999998,0.0650000000000004,0,0,2e+06,8e+06,0,0,0,8000048,8000048,1,8000288,7999984,c3fe24f98b2b1ad70a0a22f9ad63bb83304687029d0d6ee65e6eec15f6c5e316,c3fe24f98b2b1ad70a0a22f9ad63bb83304687029d0d6ee65e6eec15f6c5e316,TRUE,TRUE,TRUE,TRUE,TRUE,0
baseline,2,4,1000000,int,constructed,sparse,aliased,3,2,62,timing,96,3,32,0.161,0.16,0.0280000000000005,0.0449999999999999,0.0579999999999998,0.0440000000000005,0.0579999999999998,0,0,2e+06,8e+06,0,0,0,8000048,8000048,1,8000288,7999984,6dbe6622a134847983f97669fb8bf18fbf4b383974b7676cbdd9c328d2808f6f,6dbe6622a134847983f97669fb8bf18fbf4b383974b7676cbdd9c328d2808f6f,TRUE,TRUE,TRUE,TRUE,TRUE,0
baseline,2,5,1000000,long,retained,none,aliased,1,1,0,timing,192,6,32,0.153000000000001,0.153,0.0300000000000002,0.0199999999999996,0.0400000000000005,0.0199999999999996,0.04,0,0,4e+06,8e+06,0,0,0,8000048,8000048,1,8000288,7999984,2995b5f6171d92864a5608f04befbb010b21d9d177b184b3fbb2365a2f00b5c4,2995b5f6171d92864a5608f04befbb010b21d9d177b184b3fbb2365a2f00b5c4,TRUE,TRUE,TRUE,TRUE,TRUE,123
baseline,2,5,1000000,long,retained,dense,aliased,2,1,843750,timing,96,3,32,0.172,0.172,0.028999999999999,0.048,0.0620000000000003,0.048,0.0620000000000003,0,0,4e+06,8e+06,0,0,0,8000048,8000048,1,8000288,7999984,542d6b41cf51f4eacb0a604633770c84346d165f1e3202af67e6f040f814dbe2,542d6b41cf51f4eacb0a604633770c84346d165f1e3202af67e6f040f814dbe2,TRUE,TRUE,TRUE,TRUE,TRUE,123
baseline,2,5,1000000,long,retained,sparse,aliased,3,1,62,timing,128,4,32,0.194,0.194999999999999,0.0150000000000006,0.0449999999999999,0.0590000000000002,0.0449999999999999,0.0589999999999993,0,0,4e+06,8e+06,0,0,0,8000048,8000048,1,8000288,7999984,9056f2bd2a9ae4e5013ac81ba5c2e04072166ba9540638d666fddf1c53f0ea86,9056f2bd2a9ae4e5013ac81ba5c2e04072166ba9540638d666fddf1c53f0ea86,TRUE,TRUE,TRUE,TRUE,TRUE,123
baseline,2,6,1000000,long,constructed,none,aliased,1,2,0,timing,160,5,32,0.164,0.163,0.0520000000000014,0.0220000000000002,0.041,0.0219999999999994,0.0410000000000004,0,0,4e+06,8e+06,0,0,0,8000048,8000048,1,8000288,7999984,2995b5f6171d92864a5608f04befbb010b21d9d177b184b3fbb2365a2f00b5c4,2995b5f6171d92864a5608f04befbb010b21d9d177b184b3fbb2365a2f00b5c4,TRUE,TRUE,TRUE,TRUE,TRUE,0
baseline,2,6,1000000,long,constructed,dense,aliased,2,2,843750,timing,96,3,32,0.189000000000001,0.19,0.035000000000001,0.0520000000000005,0.07,0.0529999999999999,0.0700000000000003,0,0,4e+06,8e+06,0,0,0,8000048,8000048,1,8000288,7999984,542d6b41cf51f4eacb0a604633770c84346d165f1e3202af67e6f040f814dbe2,542d6b41cf51f4eacb0a604633770c84346d165f1e3202af67e6f040f814dbe2,TRUE,TRUE,TRUE,TRUE,TRUE,0
baseline,2,6,1000000,long,constructed,sparse,aliased,3,2,62,timing,96,3,32,0.175,0.176,0.0339999999999998,0.0489999999999995,0.0650000000000004,0.0499999999999998,0.0650000000000004,0,0,4e+06,8e+06,0,0,0,8000048,8000048,1,8000288,7999984,9056f2bd2a9ae4e5013ac81ba5c2e04072166ba9540638d666fddf1c53f0ea86,9056f2bd2a9ae4e5013ac81ba5c2e04072166ba9540638d666fddf1c53f0ea86,TRUE,TRUE,TRUE,TRUE,TRUE,0
baseline,2,7,1000000,float,retained,none,aliased,1,1,0,timing,224,7,32,0.151000000000002,0.15,0.0300000000000002,0.0179999999999989,0.0310000000000006,0.0169999999999995,0.0310000000000006,0,0,4e+06,8e+06,0,0,0,8000048,8000048,1,8000288,7999984,83a914d9d58ede2cc2603064afeefae5eee1a863f1577a2d2bec376819f73348,83a914d9d58ede2cc2603064afeefae5eee1a863f1577a2d2bec376819f73348,TRUE,TRUE,TRUE,TRUE,TRUE,123
baseline,2,7,1000000,float,retained,dense,aliased,2,1,843750,timing,96,3,32,0.184,0.183999999999997,0.0289999999999999,0.0519999999999996,0.0670000000000007,0.0519999999999996,0.065999999999999,0,0,4e+06,8e+06,0,0,0,8000048,8000048,1,8000288,7999984,d47dbe7966fa57e23d7fea3c11bb133af40b4954840606fe85d60d52fbef01c4,d47dbe7966fa57e23d7fea3c11bb133af40b4954840606fe85d60d52fbef01c4,TRUE,TRUE,TRUE,TRUE,TRUE,123
baseline,2,7,1000000,float,retained,sparse,aliased,3,1,62,timing,96,3,32,0.168,0.167000000000002,0.0139999999999993,0.0510000000000002,0.0659999999999995,0.0510000000000002,0.0650000000000013,0,0,4e+06,8e+06,0,0,0,8000048,8000048,1,8000288,7999984,a977a82a2795d6cc1118a7c7127487368354b28df1bc60efc1685b124e1b0968,a977a82a2795d6cc1118a7c7127487368354b28df1bc60efc1685b124e1b0968,TRUE,TRUE,TRUE,TRUE,TRUE,123
baseline,2,8,1000000,float,constructed,none,aliased,1,2,0,timing,224,7,32,0.173999999999998,0.174999999999994,0.0530000000000008,0.0169999999999995,0.0320000000000006,0.0169999999999995,0.0309999999999988,0,0,4e+06,8e+06,0,0,0,8000048,8000048,1,8000288,7999984,83a914d9d58ede2cc2603064afeefae5eee1a863f1577a2d2bec376819f73348,83a914d9d58ede2cc2603064afeefae5eee1a863f1577a2d2bec376819f73348,TRUE,TRUE,TRUE,TRUE,TRUE,0
baseline,2,8,1000000,float,constructed,dense,aliased,2,2,843750,timing,96,3,32,0.174000000000001,0.174,0.0300000000000011,0.048,0.0630000000000006,0.048,0.0630000000000006,0,0,4e+06,8e+06,0,0,0,8000048,8000048,1,8000288,7999984,d47dbe7966fa57e23d7fea3c11bb133af40b4954840606fe85d60d52fbef01c4,d47dbe7966fa57e23d7fea3c11bb133af40b4954840606fe85d60d52fbef01c4,TRUE,TRUE,TRUE,TRUE,TRUE,0
baseline,2,8,1000000,float,constructed,sparse,aliased,3,2,62,timing,96,3,32,0.182,0.183000000000002,0.0300000000000011,0.0510000000000002,0.0660000000000007,0.0510000000000002,0.0670000000000002,0,0,4e+06,8e+06,0,0,0,8000048,8000048,1,8000288,7999984,a977a82a2795d6cc1118a7c7127487368354b28df1bc60efc1685b124e1b0968,a977a82a2795d6cc1118a7c7127487368354b28df1bc60efc1685b124e1b0968,TRUE,TRUE,TRUE,TRUE,TRUE,0
baseline,3,1,1000000,byte,constructed,sparse,aliased,1,1,62,timing,96,3,32,0.19,0.19,0.03,0.052,0.071,0.052,0.071,0,0,1e+06,8e+06,0,0,0,8000048,8000048,1,8000288,8000136,eb7e8b2951c975c91776a1ab795e1ff5d20bc27f1941f0311f4f0a64c93607d9,eb7e8b2951c975c91776a1ab795e1ff5d20bc27f1941f0311f4f0a64c93607d9,TRUE,TRUE,TRUE,TRUE,TRUE,0
baseline,3,1,1000000,byte,constructed,none,aliased,2,1,0,timing,192,6,32,0.156,0.153,0.039,0.0189999999999999,0.033,0.0189999999999999,0.032,0,0,1e+06,8e+06,0,0,0,8000048,8000048,1,8000288,7999984,135c0fff4230b0125e03bd74de593cb616f49a3ee91665d303ee479f304e342b,135c0fff4230b0125e03bd74de593cb616f49a3ee91665d303ee479f304e342b,TRUE,TRUE,TRUE,TRUE,TRUE,0
baseline,3,1,1000000,byte,constructed,dense,aliased,3,1,843750,timing,96,3,32,0.173,0.174,0.028,0.0490000000000002,0.062,0.048,0.0630000000000002,0,0,1e+06,8e+06,0,0,0,8000048,8000048,1,8000288,7999984,5e0facd0fb633feeff12c1cf24da9da8a62ad3b216f3ff05a19b089578fed5e5,5e0facd0fb633feeff12c1cf24da9da8a62ad3b216f3ff05a19b089578fed5e5,TRUE,TRUE,TRUE,TRUE,TRUE,0
baseline,3,2,1000000,byte,retained,sparse,aliased,1,2,62,timing,96,3,32,0.177,0.177,0.0270000000000001,0.0449999999999999,0.0660000000000001,0.0450000000000002,0.0660000000000001,0,0,1e+06,8e+06,0,0,0,8000048,8000048,1,8000288,7999984,eb7e8b2951c975c91776a1ab795e1ff5d20bc27f1941f0311f4f0a64c93607d9,eb7e8b2951c975c91776a1ab795e1ff5d20bc27f1941f0311f4f0a64c93607d9,TRUE,TRUE,TRUE,TRUE,TRUE,123
baseline,3,2,1000000,byte,retained,none,aliased,2,2,0,timing,192,6,32,0.157,0.16,0.0400000000000003,0.0189999999999999,0.0330000000000004,0.02,0.0339999999999998,0,0,1e+06,8e+06,0,0,0,8000048,8000048,1,8000288,7999984,135c0fff4230b0125e03bd74de593cb616f49a3ee91665d303ee479f304e342b,135c0fff4230b0125e03bd74de593cb616f49a3ee91665d303ee479f304e342b,TRUE,TRUE,TRUE,TRUE,TRUE,123
baseline,3,2,1000000,byte,retained,dense,aliased,3,2,843750,timing,96,3,32,0.177,0.177,0.0289999999999999,0.0499999999999998,0.065,0.0499999999999998,0.065,0,0,1e+06,8e+06,0,0,0,8000048,8000048,1,8000288,7999984,5e0facd0fb633feeff12c1cf24da9da8a62ad3b216f3ff05a19b089578fed5e5,5e0facd0fb633feeff12c1cf24da9da8a62ad3b216f3ff05a19b089578fed5e5,TRUE,TRUE,TRUE,TRUE,TRUE,123
baseline,3,3,1000000,int,constructed,sparse,aliased,1,1,62,timing,96,3,32,0.16,0.161,0.028,0.044,0.0580000000000003,0.044,0.0590000000000002,0,0,2e+06,8e+06,0,0,0,8000048,8000048,1,8000288,7999984,6dbe6622a134847983f97669fb8bf18fbf4b383974b7676cbdd9c328d2808f6f,6dbe6622a134847983f97669fb8bf18fbf4b383974b7676cbdd9c328d2808f6f,TRUE,TRUE,TRUE,TRUE,TRUE,0
baseline,3,3,1000000,int,constructed,none,aliased,2,1,0,timing,192,6,32,0.158,0.157,0.0390000000000001,0.0190000000000001,0.0339999999999999,0.0190000000000001,0.0330000000000004,0,0,2e+06,8e+06,0,0,0,8000048,8000048,1,8000288,7999984,5b032e8bbcb47fdc5fae34dd60399d23844c5650d87d1ec0d6859555aee509f7,5b032e8bbcb47fdc5fae34dd60399d23844c5650d87d1ec0d6859555aee509f7,TRUE,TRUE,TRUE,TRUE,TRUE,0
baseline,3,3,1000000,int,constructed,dense,aliased,3,1,843750,timing,96,3,32,0.18,0.179999999999999,0.028,0.0510000000000002,0.065,0.0509999999999997,0.065,0,0,2e+06,8e+06,0,0,0,8000048,8000048,1,8000288,7999984,c3fe24f98b2b1ad70a0a22f9ad63bb83304687029d0d6ee65e6eec15f6c5e316,c3fe24f98b2b1ad70a0a22f9ad63bb83304687029d0d6ee65e6eec15f6c5e316,TRUE,TRUE,TRUE,TRUE,TRUE,0
baseline,3,4,1000000,int,retained,sparse,aliased,1,2,62,timing,96,3,32,0.158,0.157,0.0140000000000002,0.0500000000000003,0.0569999999999999,0.0499999999999998,0.0569999999999999,0,0,2e+06,8e+06,0,0,0,8000048,8000048,1,8000288,7999984,6dbe6622a134847983f97669fb8bf18fbf4b383974b7676cbdd9c328d2808f6f,6dbe6622a134847983f97669fb8bf18fbf4b383974b7676cbdd9c328d2808f6f,TRUE,TRUE,TRUE,TRUE,TRUE,123
baseline,3,4,1000000,int,retained,none,aliased,2,2,0,timing,224,7,32,0.166999999999999,0.166999999999998,0.0309999999999997,0.0199999999999996,0.0330000000000004,0.0199999999999996,0.0330000000000004,0,0,2e+06,8e+06,0,0,0,8000048,8000048,1,8000288,7999984,5b032e8bbcb47fdc5fae34dd60399d23844c5650d87d1ec0d6859555aee509f7,5b032e8bbcb47fdc5fae34dd60399d23844c5650d87d1ec0d6859555aee509f7,TRUE,TRUE,TRUE,TRUE,TRUE,123
baseline,3,4,1000000,int,retained,dense,aliased,3,2,843750,timing,96,3,32,0.165,0.163000000000001,0.0139999999999993,0.0499999999999995,0.0640000000000001,0.0490000000000004,0.0630000000000006,0,0,2e+06,8e+06,0,0,0,8000048,8000048,1,8000288,7999984,c3fe24f98b2b1ad70a0a22f9ad63bb83304687029d0d6ee65e6eec15f6c5e316,c3fe24f98b2b1ad70a0a22f9ad63bb83304687029d0d6ee65e6eec15f6c5e316,TRUE,TRUE,TRUE,TRUE,TRUE,123
baseline,3,5,1000000,long,constructed,sparse,aliased,1,1,62,timing,96,3,32,0.163,0.161,0.027000000000001,0.0449999999999999,0.0599999999999996,0.0440000000000005,0.0589999999999993,0,0,4e+06,8e+06,0,0,0,8000048,8000048,1,8000288,7999984,9056f2bd2a9ae4e5013ac81ba5c2e04072166ba9540638d666fddf1c53f0ea86,9056f2bd2a9ae4e5013ac81ba5c2e04072166ba9540638d666fddf1c53f0ea86,TRUE,TRUE,TRUE,TRUE,TRUE,0
baseline,3,5,1000000,long,constructed,none,aliased,2,1,0,timing,192,6,32,0.159999999999999,0.158,0.04,0.0199999999999996,0.0339999999999995,0.0190000000000001,0.0330000000000004,0,0,4e+06,8e+06,0,0,0,8000048,8000048,1,8000288,7999984,2995b5f6171d92864a5608f04befbb010b21d9d177b184b3fbb2365a2f00b5c4,2995b5f6171d92864a5608f04befbb010b21d9d177b184b3fbb2365a2f00b5c4,TRUE,TRUE,TRUE,TRUE,TRUE,0
baseline,3,5,1000000,long,constructed,dense,aliased,3,1,843750,timing,96,3,32,0.167999999999999,0.169,0.0280000000000005,0.0469999999999997,0.0609999999999999,0.0470000000000006,0.0609999999999999,0,0,4e+06,8e+06,0,0,0,8000048,8000048,1,8000288,7999984,542d6b41cf51f4eacb0a604633770c84346d165f1e3202af67e6f040f814dbe2,542d6b41cf51f4eacb0a604633770c84346d165f1e3202af67e6f040f814dbe2,TRUE,TRUE,TRUE,TRUE,TRUE,0
baseline,3,6,1000000,long,retained,sparse,aliased,1,2,62,timing,96,3,32,0.167,0.167,0.0300000000000002,0.0460000000000003,0.0630000000000002,0.0449999999999999,0.0629999999999997,0,0,4e+06,8e+06,0,0,0,8000048,8000048,1,8000288,7999984,9056f2bd2a9ae4e5013ac81ba5c2e04072166ba9540638d666fddf1c53f0ea86,9056f2bd2a9ae4e5013ac81ba5c2e04072166ba9540638d666fddf1c53f0ea86,TRUE,TRUE,TRUE,TRUE,TRUE,123
baseline,3,6,1000000,long,retained,none,aliased,2,2,0,timing,224,7,32,0.168,0.166,0.032,0.0199999999999996,0.0339999999999995,0.0199999999999996,0.0330000000000004,0,0,4e+06,8e+06,0,0,0,8000048,8000048,1,8000288,7999984,2995b5f6171d92864a5608f04befbb010b21d9d177b184b3fbb2365a2f00b5c4,2995b5f6171d92864a5608f04befbb010b21d9d177b184b3fbb2365a2f00b5c4,TRUE,TRUE,TRUE,TRUE,TRUE,123
baseline,3,6,1000000,long,retained,dense,aliased,3,2,843750,timing,96,3,32,0.156,0.154999999999999,0.0170000000000012,0.0469999999999997,0.0609999999999999,0.0469999999999997,0.0609999999999999,0,0,4e+06,8e+06,0,0,0,8000048,8000048,1,8000288,7999984,542d6b41cf51f4eacb0a604633770c84346d165f1e3202af67e6f040f814dbe2,542d6b41cf51f4eacb0a604633770c84346d165f1e3202af67e6f040f814dbe2,TRUE,TRUE,TRUE,TRUE,TRUE,123
baseline,3,7,1000000,float,constructed,sparse,aliased,1,1,62,timing,96,3,32,0.181999999999999,0.181,0.0279999999999996,0.0509999999999993,0.0659999999999995,0.0510000000000002,0.0650000000000004,0,0,4e+06,8e+06,0,0,0,8000048,8000048,1,8000288,7999984,a977a82a2795d6cc1118a7c7127487368354b28df1bc60efc1685b124e1b0968,a977a82a2795d6cc1118a7c7127487368354b28df1bc60efc1685b124e1b0968,TRUE,TRUE,TRUE,TRUE,TRUE,0
baseline,3,7,1000000,float,constructed,none,aliased,2,1,0,timing,224,7,32,0.173000000000002,0.174000000000001,0.0519999999999996,0.0169999999999995,0.0310000000000006,0.0169999999999995,0.0310000000000006,0,0,4e+06,8e+06,0,0,0,8000048,8000048,1,8000288,7999984,83a914d9d58ede2cc2603064afeefae5eee1a863f1577a2d2bec376819f73348,83a914d9d58ede2cc2603064afeefae5eee1a863f1577a2d2bec376819f73348,TRUE,TRUE,TRUE,TRUE,TRUE,0
baseline,3,7,1000000,float,constructed,dense,aliased,3,1,843750,timing,96,3,32,0.173000000000001,0.172000000000002,0.0280000000000005,0.049,0.0630000000000006,0.0470000000000006,0.0630000000000006,0,0,4e+06,8e+06,0,0,0,8000048,8000048,1,8000288,7999984,d47dbe7966fa57e23d7fea3c11bb133af40b4954840606fe85d60d52fbef01c4,d47dbe7966fa57e23d7fea3c11bb133af40b4954840606fe85d60d52fbef01c4,TRUE,TRUE,TRUE,TRUE,TRUE,0
baseline,3,8,1000000,float,retained,sparse,aliased,1,2,62,timing,96,3,32,0.180999999999999,0.181999999999999,0.0279999999999987,0.0510000000000002,0.0649999999999995,0.0510000000000002,0.065999999999999,0,0,4e+06,8e+06,0,0,0,8000048,8000048,1,8000288,7999984,a977a82a2795d6cc1118a7c7127487368354b28df1bc60efc1685b124e1b0968,a977a82a2795d6cc1118a7c7127487368354b28df1bc60efc1685b124e1b0968,TRUE,TRUE,TRUE,TRUE,TRUE,123
baseline,3,8,1000000,float,retained,none,aliased,2,2,0,timing,224,7,32,0.151000000000002,0.151000000000002,0.0310000000000024,0.0169999999999995,0.0310000000000006,0.0169999999999995,0.0310000000000006,0,0,4e+06,8e+06,0,0,0,8000048,8000048,1,8000288,7999984,83a914d9d58ede2cc2603064afeefae5eee1a863f1577a2d2bec376819f73348,83a914d9d58ede2cc2603064afeefae5eee1a863f1577a2d2bec376819f73348,TRUE,TRUE,TRUE,TRUE,TRUE,123
baseline,3,8,1000000,float,retained,dense,aliased,3,2,843750,timing,96,3,32,0.158999999999999,0.159000000000002,0.0139999999999993,0.048,0.0619999999999994,0.048,0.0610000000000017,0,0,4e+06,8e+06,0,0,0,8000048,8000048,1,8000288,7999984,d47dbe7966fa57e23d7fea3c11bb133af40b4954840606fe85d60d52fbef01c4,d47dbe7966fa57e23d7fea3c11bb133af40b4954840606fe85d60d52fbef01c4,TRUE,TRUE,TRUE,TRUE,TRUE,123
candidate,3,1,1000000,byte,constructed,sparse,aliased,1,1,62,timing,288,9,32,0.154,0.153,0.066,0.00900000000000001,0.031,0.00900000000000001,0.03,0,0,1e+06,8e+06,0,0,0,8000048,8000048,1,8000288,8000136,eb7e8b2951c975c91776a1ab795e1ff5d20bc27f1941f0311f4f0a64c93607d9,eb7e8b2951c975c91776a1ab795e1ff5d20bc27f1941f0311f4f0a64c93607d9,TRUE,TRUE,TRUE,TRUE,TRUE,0
candidate,3,1,1000000,byte,constructed,none,aliased,2,1,0,timing,416,13,32,0.164,0.166,0.0939999999999999,0.00499999999999989,0.02,0.00499999999999989,0.02,0,0,1e+06,8e+06,0,0,0,8000048,8000048,1,8000288,7999984,135c0fff4230b0125e03bd74de593cb616f49a3ee91665d303ee479f304e342b,135c0fff4230b0125e03bd74de593cb616f49a3ee91665d303ee479f304e342b,TRUE,TRUE,TRUE,TRUE,TRUE,0
candidate,3,1,1000000,byte,constructed,dense,aliased,3,1,843750,timing,288,9,32,0.168,0.168,0.0620000000000003,0.0109999999999999,0.0250000000000001,0.0109999999999999,0.0250000000000001,0,0,1e+06,8e+06,0,0,0,8000048,8000048,1,8000288,7999984,5e0facd0fb633feeff12c1cf24da9da8a62ad3b216f3ff05a19b089578fed5e5,5e0facd0fb633feeff12c1cf24da9da8a62ad3b216f3ff05a19b089578fed5e5,TRUE,TRUE,TRUE,TRUE,TRUE,0
candidate,3,2,1000000,byte,retained,sparse,aliased,1,2,62,timing,320,10,32,0.157,0.157000000000001,0.0659999999999998,0.0089999999999999,0.0229999999999997,0.00800000000000001,0.0230000000000001,0,0,1e+06,8e+06,0,0,0,8000048,8000048,1,8000288,7999984,eb7e8b2951c975c91776a1ab795e1ff5d20bc27f1941f0311f4f0a64c93607d9,eb7e8b2951c975c91776a1ab795e1ff5d20bc27f1941f0311f4f0a64c93607d9,TRUE,TRUE,TRUE,TRUE,TRUE,123
candidate,3,2,1000000,byte,retained,none,aliased,2,2,0,timing,416,13,32,0.165,0.168,0.0949999999999998,0.00499999999999989,0.0199999999999996,0.00499999999999989,0.02,0,0,1e+06,8e+06,0,0,0,8000048,8000048,1,8000288,7999984,135c0fff4230b0125e03bd74de593cb616f49a3ee91665d303ee479f304e342b,135c0fff4230b0125e03bd74de593cb616f49a3ee91665d303ee479f304e342b,TRUE,TRUE,TRUE,TRUE,TRUE,123
candidate,3,2,1000000,byte,retained,dense,aliased,3,2,843750,timing,288,9,32,0.171,0.172,0.0680000000000001,0.0109999999999997,0.0250000000000004,0.0110000000000001,0.0249999999999999,0,0,1e+06,8e+06,0,0,0,8000048,8000048,1,8000288,7999984,5e0facd0fb633feeff12c1cf24da9da8a62ad3b216f3ff05a19b089578fed5e5,5e0facd0fb633feeff12c1cf24da9da8a62ad3b216f3ff05a19b089578fed5e5,TRUE,TRUE,TRUE,TRUE,TRUE,123
candidate,3,3,1000000,int,constructed,sparse,aliased,1,1,62,timing,320,10,32,0.153999999999999,0.153,0.0649999999999995,0.0089999999999999,0.0219999999999998,0.00899999999999945,0.0220000000000002,0,0,2e+06,8e+06,0,0,0,8000048,8000048,1,8000288,7999984,6dbe6622a134847983f97669fb8bf18fbf4b383974b7676cbdd9c328d2808f6f,6dbe6622a134847983f97669fb8bf18fbf4b383974b7676cbdd9c328d2808f6f,TRUE,TRUE,TRUE,TRUE,TRUE,0
candidate,3,3,1000000,int,constructed,none,aliased,2,1,0,timing,480,15,32,0.168,0.171999999999999,0.113,0.00300000000000011,0.0180000000000007,0.00300000000000011,0.0190000000000001,0,0,2e+06,8e+06,0,0,0,8000048,8000048,1,8000288,7999984,5b032e8bbcb47fdc5fae34dd60399d23844c5650d87d1ec0d6859555aee509f7,5b032e8bbcb47fdc5fae34dd60399d23844c5650d87d1ec0d6859555aee509f7,TRUE,TRUE,TRUE,TRUE,TRUE,0
candidate,3,3,1000000,int,constructed,dense,aliased,3,1,843750,timing,288,9,32,0.167000000000001,0.171000000000001,0.0640000000000018,0.0110000000000001,0.0250000000000004,0.0119999999999996,0.0250000000000004,0,0,2e+06,8e+06,0,0,0,8000048,8000048,1,8000288,7999984,c3fe24f98b2b1ad70a0a22f9ad63bb83304687029d0d6ee65e6eec15f6c5e316,c3fe24f98b2b1ad70a0a22f9ad63bb83304687029d0d6ee65e6eec15f6c5e316,TRUE,TRUE,TRUE,TRUE,TRUE,0
candidate,3,4,1000000,int,retained,sparse,aliased,1,2,62,timing,384,12,32,0.155,0.152,0.0470000000000006,0.00899999999999945,0.0230000000000006,0.00899999999999945,0.0230000000000006,0,0,2e+06,8e+06,0,0,0,8000048,8000048,1,8000288,7999984,6dbe6622a134847983f97669fb8bf18fbf4b383974b7676cbdd9c328d2808f6f,6dbe6622a134847983f97669fb8bf18fbf4b383974b7676cbdd9c328d2808f6f,TRUE,TRUE,TRUE,TRUE,TRUE,123
candidate,3,4,1000000,int,retained,none,aliased,2,2,0,timing,736,23,32,0.153000000000001,0.152000000000001,0.0719999999999971,0.00399999999999956,0.0190000000000001,0.00399999999999956,0.0180000000000007,0,0,2e+06,8e+06,0,0,0,8000048,8000048,1,8000288,7999984,5b032e8bbcb47fdc5fae34dd60399d23844c5650d87d1ec0d6859555aee509f7,5b032e8bbcb47fdc5fae34dd60399d23844c5650d87d1ec0d6859555aee509f7,TRUE,TRUE,TRUE,TRUE,TRUE,123
candidate,3,4,1000000,int,retained,dense,aliased,3,2,843750,timing,320,10,32,0.160000000000001,0.161999999999999,0.0429999999999993,0.0119999999999996,0.0260000000000007,0.0119999999999996,0.0259999999999998,0,0,2e+06,8e+06,0,0,0,8000048,8000048,1,8000288,7999984,c3fe24f98b2b1ad70a0a22f9ad63bb83304687029d0d6ee65e6eec15f6c5e316,c3fe24f98b2b1ad70a0a22f9ad63bb83304687029d0d6ee65e6eec15f6c5e316,TRUE,TRUE,TRUE,TRUE,TRUE,123
candidate,3,5,1000000,long,constructed,sparse,aliased,1,1,62,timing,352,11,32,0.160000000000001,0.159999999999998,0.0790000000000006,0.00699999999999967,0.0210000000000008,0.00699999999999967,0.0210000000000008,0,0,4e+06,8e+06,0,0,0,8000048,8000048,1,8000288,7999984,9056f2bd2a9ae4e5013ac81ba5c2e04072166ba9540638d666fddf1c53f0ea86,9056f2bd2a9ae4e5013ac81ba5c2e04072166ba9540638d666fddf1c53f0ea86,TRUE,TRUE,TRUE,TRUE,TRUE,0
candidate,3,5,1000000,long,constructed,none,aliased,2,1,0,timing,512,16,32,0.151999999999997,0.153,0.106000000000002,0.00199999999999889,0.0169999999999995,0.00300000000000011,0.0169999999999995,0,0,4e+06,8e+06,0,0,0,8000048,8000048,1,8000288,7999984,2995b5f6171d92864a5608f04befbb010b21d9d177b184b3fbb2365a2f00b5c4,2995b5f6171d92864a5608f04befbb010b21d9d177b184b3fbb2365a2f00b5c4,TRUE,TRUE,TRUE,TRUE,TRUE,0
candidate,3,5,1000000,long,constructed,dense,aliased,3,1,843750,timing,256,8,32,0.164999999999999,0.164999999999994,0.0539999999999985,0.0139999999999993,0.0269999999999992,0.0139999999999993,0.0269999999999992,0,0,4e+06,8e+06,0,0,0,8000048,8000048,1,8000288,7999984,542d6b41cf51f4eacb0a604633770c84346d165f1e3202af67e6f040f814dbe2,542d6b41cf51f4eacb0a604633770c84346d165f1e3202af67e6f040f814dbe2,TRUE,TRUE,TRUE,TRUE,TRUE,0
candidate,3,6,1000000,long,retained,sparse,aliased,1,2,62,timing,448,14,32,0.156999999999997,0.154,0.0479999999999983,0.00699999999999967,0.0279999999999991,0.00699999999999967,0.0279999999999987,0,0,4e+06,8e+06,0,0,0,8000048,8000048,1,8000288,7999984,9056f2bd2a9ae4e5013ac81ba5c2e04072166ba9540638d666fddf1c53f0ea86,9056f2bd2a9ae4e5013ac81ba5c2e04072166ba9540638d666fddf1c53f0ea86,TRUE,TRUE,TRUE,TRUE,TRUE,123
candidate,3,6,1000000,long,retained,none,aliased,2,2,0,timing,832,26,32,0.163000000000002,0.168999999999999,0.0899999999999981,0.00299999999999834,0.0170000000000012,0.00299999999999834,0.0170000000000012,0,0,4e+06,8e+06,0,0,0,8000048,8000048,1,8000288,7999984,2995b5f6171d92864a5608f04befbb010b21d9d177b184b3fbb2365a2f00b5c4,2995b5f6171d92864a5608f04befbb010b21d9d177b184b3fbb2365a2f00b5c4,TRUE,TRUE,TRUE,TRUE,TRUE,123
candidate,3,6,1000000,long,retained,dense,aliased,3,2,843750,timing,288,9,32,0.155999999999999,0.155999999999999,0.0310000000000006,0.0139999999999993,0.0289999999999999,0.0139999999999993,0.0289999999999999,0,0,4e+06,8e+06,0,0,0,8000048,8000048,1,8000288,7999984,542d6b41cf51f4eacb0a604633770c84346d165f1e3202af67e6f040f814dbe2,542d6b41cf51f4eacb0a604633770c84346d165f1e3202af67e6f040f814dbe2,TRUE,TRUE,TRUE,TRUE,TRUE,123
candidate,3,7,1000000,float,constructed,sparse,aliased,1,1,62,timing,288,9,32,0.152,0.151000000000002,0.0670000000000002,0.00900000000000034,0.0239999999999997,0.00900000000000034,0.0230000000000015,0,0,4e+06,8e+06,0,0,0,8000048,8000048,1,8000288,7999984,a977a82a2795d6cc1118a7c7127487368354b28df1bc60efc1685b124e1b0968,a977a82a2795d6cc1118a7c7127487368354b28df1bc60efc1685b124e1b0968,TRUE,TRUE,TRUE,TRUE,TRUE,0
candidate,3,7,1000000,float,constructed,none,aliased,2,1,0,timing,480,15,32,0.152999999999996,0.153000000000004,0.108999999999999,0.00199999999999889,0.0190000000000001,0.00200000000000067,0.0180000000000007,0,0,4e+06,8e+06,0,0,0,8000048,8000048,1,8000288,7999984,83a914d9d58ede2cc2603064afeefae5eee1a863f1577a2d2bec376819f73348,83a914d9d58ede2cc2603064afeefae5eee1a863f1577a2d2bec376819f73348,TRUE,TRUE,TRUE,TRUE,TRUE,0
candidate,3,7,1000000,float,constructed,dense,aliased,3,1,843750,timing,224,7,32,0.154999999999999,0.155999999999999,0.052999999999999,0.0139999999999993,0.0280000000000005,0.0139999999999993,0.0289999999999999,0,0,4e+06,8e+06,0,0,0,8000048,8000048,1,8000288,7999984,d47dbe7966fa57e23d7fea3c11bb133af40b4954840606fe85d60d52fbef01c4,d47dbe7966fa57e23d7fea3c11bb133af40b4954840606fe85d60d52fbef01c4,TRUE,TRUE,TRUE,TRUE,TRUE,0
candidate,3,8,1000000,float,retained,sparse,aliased,1,2,62,timing,384,12,32,0.157999999999998,0.157000000000004,0.0449999999999982,0.00999999999999979,0.0230000000000015,0.00900000000000034,0.0230000000000015,0,0,4e+06,8e+06,0,0,0,8000048,8000048,1,8000288,7999984,a977a82a2795d6cc1118a7c7127487368354b28df1bc60efc1685b124e1b0968,a977a82a2795d6cc1118a7c7127487368354b28df1bc60efc1685b124e1b0968,TRUE,TRUE,TRUE,TRUE,TRUE,123
candidate,3,8,1000000,float,retained,none,aliased,2,2,0,timing,800,25,32,0.152000000000002,0.152000000000001,0.0760000000000041,0.00299999999999656,0.0189999999999989,0.00299999999999656,0.0190000000000001,0,0,4e+06,8e+06,0,0,0,8000048,8000048,1,8000288,7999984,83a914d9d58ede2cc2603064afeefae5eee1a863f1577a2d2bec376819f73348,83a914d9d58ede2cc2603064afeefae5eee1a863f1577a2d2bec376819f73348,TRUE,TRUE,TRUE,TRUE,TRUE,123
candidate,3,8,1000000,float,retained,dense,aliased,3,2,843750,timing,288,9,32,0.164999999999998,0.165999999999997,0.0329999999999977,0.014999999999997,0.0309999999999976,0.014999999999997,0.0310000000000024,0,0,4e+06,8e+06,0,0,0,8000048,8000048,1,8000288,7999984,d47dbe7966fa57e23d7fea3c11bb133af40b4954840606fe85d60d52fbef01c4,d47dbe7966fa57e23d7fea3c11bb133af40b4954840606fe85d60d52fbef01c4,TRUE,TRUE,TRUE,TRUE,TRUE,123
candidate,4,1,1000000,byte,retained,sparse,aliased,1,1,62,timing,288,9,32,0.16,0.16,0.07,0.0089999999999999,0.034,0.0089999999999999,0.034,0,0,1e+06,8e+06,0,0,0,8000048,8000048,1,8000288,8000136,eb7e8b2951c975c91776a1ab795e1ff5d20bc27f1941f0311f4f0a64c93607d9,eb7e8b2951c975c91776a1ab795e1ff5d20bc27f1941f0311f4f0a64c93607d9,TRUE,TRUE,TRUE,TRUE,TRUE,123
candidate,4,1,1000000,byte,retained,dense,aliased,2,1,843750,timing,288,9,32,0.168,0.172,0.0670000000000001,0.0109999999999999,0.0250000000000001,0.0110000000000001,0.026,0,0,1e+06,8e+06,0,0,0,8000048,8000048,1,8000288,7999984,5e0facd0fb633feeff12c1cf24da9da8a62ad3b216f3ff05a19b089578fed5e5,5e0facd0fb633feeff12c1cf24da9da8a62ad3b216f3ff05a19b089578fed5e5,TRUE,TRUE,TRUE,TRUE,TRUE,123
candidate,4,1,1000000,byte,retained,none,aliased,3,1,0,timing,416,13,32,0.165,0.165,0.0939999999999996,0.00499999999999989,0.0190000000000001,0.00499999999999989,0.0190000000000001,0,0,1e+06,8e+06,0,0,0,8000048,8000048,1,8000288,7999984,135c0fff4230b0125e03bd74de593cb616f49a3ee91665d303ee479f304e342b,135c0fff4230b0125e03bd74de593cb616f49a3ee91665d303ee479f304e342b,TRUE,TRUE,TRUE,TRUE,TRUE,123
candidate,4,2,1000000,byte,constructed,sparse,aliased,1,2,62,timing,320,10,32,0.153999999999999,0.152,0.0630000000000002,0.0089999999999999,0.0220000000000002,0.0089999999999999,0.0219999999999998,0,0,1e+06,8e+06,0,0,0,8000048,8000048,1,8000288,7999984,eb7e8b2951c975c91776a1ab795e1ff5d20bc27f1941f0311f4f0a64c93607d9,eb7e8b2951c975c91776a1ab795e1ff5d20bc27f1941f0311f4f0a64c93607d9,TRUE,TRUE,TRUE,TRUE,TRUE,0
candidate,4,2,1000000,byte,constructed,dense,aliased,2,2,843750,timing,288,9,32,0.168000000000001,0.167,0.0610000000000004,0.0110000000000001,0.0250000000000004,0.0110000000000001,0.024,0,0,1e+06,8e+06,0,0,0,8000048,8000048,1,8000288,7999984,5e0facd0fb633feeff12c1cf24da9da8a62ad3b216f3ff05a19b089578fed5e5,5e0facd0fb633feeff12c1cf24da9da8a62ad3b216f3ff05a19b089578fed5e5,TRUE,TRUE,TRUE,TRUE,TRUE,0
candidate,4,2,1000000,byte,constructed,none,aliased,3,2,0,timing,416,13,32,0.167,0.166999999999999,0.0950000000000002,0.00499999999999989,0.0190000000000001,0.00499999999999989,0.0199999999999996,0,0,1e+06,8e+06,0,0,0,8000048,8000048,1,8000288,7999984,135c0fff4230b0125e03bd74de593cb616f49a3ee91665d303ee479f304e342b,135c0fff4230b0125e03bd74de593cb616f49a3ee91665d303ee479f304e342b,TRUE,TRUE,TRUE,TRUE,TRUE,0
candidate,4,3,1000000,int,retained,sparse,aliased,1,1,62,timing,384,12,32,0.152999999999999,0.150000000000001,0.0429999999999988,0.0089999999999999,0.0229999999999997,0.00899999999999945,0.0230000000000001,0,0,2e+06,8e+06,0,0,0,8000048,8000048,1,8000288,7999984,6dbe6622a134847983f97669fb8bf18fbf4b383974b7676cbdd9c328d2808f6f,6dbe6622a134847983f97669fb8bf18fbf4b383974b7676cbdd9c328d2808f6f,TRUE,TRUE,TRUE,TRUE,TRUE,123
candidate,4,3,1000000,int,retained,dense,aliased,2,1,843750,timing,352,11,32,0.16,0.159000000000001,0.0309999999999994,0.0119999999999996,0.0250000000000004,0.0119999999999996,0.0250000000000004,0,0,2e+06,8e+06,0,0,0,8000048,8000048,1,8000288,7999984,c3fe24f98b2b1ad70a0a22f9ad63bb83304687029d0d6ee65e6eec15f6c5e316,c3fe24f98b2b1ad70a0a22f9ad63bb83304687029d0d6ee65e6eec15f6c5e316,TRUE,TRUE,TRUE,TRUE,TRUE,123
candidate,4,3,1000000,int,retained,none,aliased,3,1,0,timing,640,20,32,0.156000000000004,0.153,0.0840000000000011,0.00399999999999956,0.0209999999999999,0.00399999999999956,0.0209999999999999,0,0,2e+06,8e+06,0,0,0,8000048,8000048,1,8000288,7999984,5b032e8bbcb47fdc5fae34dd60399d23844c5650d87d1ec0d6859555aee509f7,5b032e8bbcb47fdc5fae34dd60399d23844c5650d87d1ec0d6859555aee509f7,TRUE,TRUE,TRUE,TRUE,TRUE,123
candidate,4,4,1000000,int,constructed,sparse,aliased,1,2,62,timing,320,10,32,0.155,0.156,0.0650000000000013,0.00899999999999945,0.0229999999999997,0.00899999999999945,0.0229999999999997,0,0,2e+06,8e+06,0,0,0,8000048,8000048,1,8000288,7999984,6dbe6622a134847983f97669fb8bf18fbf4b383974b7676cbdd9c328d2808f6f,6dbe6622a134847983f97669fb8bf18fbf4b383974b7676cbdd9c328d2808f6f,TRUE,TRUE,TRUE,TRUE,TRUE,0
candidate,4,4,1000000,int,constructed,dense,aliased,2,2,843750,timing,288,9,32,0.169000000000001,0.169,0.0640000000000001,0.0110000000000001,0.0250000000000004,0.0110000000000001,0.0250000000000004,0,0,2e+06,8e+06,0,0,0,8000048,8000048,1,8000288,7999984,c3fe24f98b2b1ad70a0a22f9ad63bb83304687029d0d6ee65e6eec15f6c5e316,c3fe24f98b2b1ad70a0a22f9ad63bb83304687029d0d6ee65e6eec15f6c5e316,TRUE,TRUE,TRUE,TRUE,TRUE,0
candidate,4,4,1000000,int,constructed,none,aliased,3,2,0,timing,480,15,32,0.170000000000001,0.167,0.115,0.00299999999999923,0.0180000000000007,0.00299999999999923,0.0180000000000007,0,0,2e+06,8e+06,0,0,0,8000048,8000048,1,8000288,7999984,5b032e8bbcb47fdc5fae34dd60399d23844c5650d87d1ec0d6859555aee509f7,5b032e8bbcb47fdc5fae34dd60399d23844c5650d87d1ec0d6859555aee509f7,TRUE,TRUE,TRUE,TRUE,TRUE,0
candidate,4,5,1000000,long,retained,sparse,aliased,1,1,62,timing,448,14,32,0.155000000000002,0.153999999999995,0.0499999999999989,0.00699999999999967,0.028,0.00699999999999967,0.0279999999999996,0,0,4e+06,8e+06,0,0,0,8000048,8000048,1,8000288,7999984,9056f2bd2a9ae4e5013ac81ba5c2e04072166ba9540638d666fddf1c53f0ea86,9056f2bd2a9ae4e5013ac81ba5c2e04072166ba9540638d666fddf1c53f0ea86,TRUE,TRUE,TRUE,TRUE,TRUE,123
candidate,4,5,1000000,long,retained,dense,aliased,2,1,843750,timing,288,9,32,0.155000000000001,0.154999999999999,0.0300000000000011,0.0139999999999993,0.0280000000000005,0.0139999999999993,0.0280000000000005,0,0,4e+06,8e+06,0,0,0,8000048,8000048,1,8000288,7999984,542d6b41cf51f4eacb0a604633770c84346d165f1e3202af67e6f040f814dbe2,542d6b41cf51f4eacb0a604633770c84346d165f1e3202af67e6f040f814dbe2,TRUE,TRUE,TRUE,TRUE,TRUE,123
candidate,4,5,1000000,long,retained,none,aliased,3,1,0,timing,832,26,32,0.163999999999997,0.161,0.0879999999999997,0.00299999999999834,0.0170000000000012,0.00299999999999834,0.0170000000000012,0,0,4e+06,8e+06,0,0,0,8000048,8000048,1,8000288,7999984,2995b5f6171d92864a5608f04befbb010b21d9d177b184b3fbb2365a2f00b5c4,2995b5f6171d92864a5608f04befbb010b21d9d177b184b3fbb2365a2f00b5c4,TRUE,TRUE,TRUE,TRUE,TRUE,123
candidate,4,6,1000000,long,constructed,sparse,aliased,1,2,62,timing,352,11,32,0.157999999999998,0.155999999999997,0.0779999999999994,0.00699999999999967,0.0210000000000008,0.00699999999999967,0.020999999999999,0,0,4e+06,8e+06,0,0,0,8000048,8000048,1,8000288,7999984,9056f2bd2a9ae4e5013ac81ba5c2e04072166ba9540638d666fddf1c53f0ea86,9056f2bd2a9ae4e5013ac81ba5c2e04072166ba9540638d666fddf1c53f0ea86,TRUE,TRUE,TRUE,TRUE,TRUE,0
candidate,4,6,1000000,long,constructed,dense,aliased,2,2,843750,timing,256,8,32,0.164999999999998,0.162000000000003,0.0559999999999979,0.0129999999999999,0.0289999999999987,0.0129999999999999,0.0280000000000005,0,0,4e+06,8e+06,0,0,0,8000048,8000048,1,8000288,7999984,542d6b41cf51f4eacb0a604633770c84346d165f1e3202af67e6f040f814dbe2,542d6b41cf51f4eacb0a604633770c84346d165f1e3202af67e6f040f814dbe2,TRUE,TRUE,TRUE,TRUE,TRUE,0
candidate,4,6,1000000,long,constructed,none,aliased,3,2,0,timing,544,17,32,0.163000000000002,0.165000000000001,0.115,0.00200000000000067,0.016,0.00200000000000067,0.016,0,0,4e+06,8e+06,0,0,0,8000048,8000048,1,8000288,7999984,2995b5f6171d92864a5608f04befbb010b21d9d177b184b3fbb2365a2f00b5c4,2995b5f6171d92864a5608f04befbb010b21d9d177b184b3fbb2365a2f00b5c4,TRUE,TRUE,TRUE,TRUE,TRUE,0
candidate,4,7,1000000,float,retained,sparse,aliased,1,1,62,timing,384,12,32,0.157999999999999,0.158999999999999,0.0440000000000005,0.00899999999999856,0.0230000000000015,0.00900000000000034,0.0230000000000015,0,0,4e+06,8e+06,0,0,0,8000048,8000048,1,8000288,7999984,a977a82a2795d6cc1118a7c7127487368354b28df1bc60efc1685b124e1b0968,a977a82a2795d6cc1118a7c7127487368354b28df1bc60efc1685b124e1b0968,TRUE,TRUE,TRUE,TRUE,TRUE,123
candidate,4,7,1000000,float,retained,dense,aliased,2,1,843750,timing,288,9,32,0.168,0.164999999999999,0.0329999999999977,0.0149999999999988,0.0309999999999994,0.0149999999999988,0.0300000000000011,0,0,4e+06,8e+06,0,0,0,8000048,8000048,1,8000288,7999984,d47dbe7966fa57e23d7fea3c11bb133af40b4954840606fe85d60d52fbef01c4,d47dbe7966fa57e23d7fea3c11bb133af40b4954840606fe85d60d52fbef01c4,TRUE,TRUE,TRUE,TRUE,TRUE,123
candidate,4,7,1000000,float,retained,none,aliased,3,1,0,timing,800,25,32,0.152000000000002,0.162999999999998,0.077,0.00300000000000011,0.0190000000000001,0.00299999999999834,0.0199999999999996,0,0,4e+06,8e+06,0,0,0,8000048,8000048,1,8000288,7999984,83a914d9d58ede2cc2603064afeefae5eee1a863f1577a2d2bec376819f73348,83a914d9d58ede2cc2603064afeefae5eee1a863f1577a2d2bec376819f73348,TRUE,TRUE,TRUE,TRUE,TRUE,123
candidate,4,8,1000000,float,constructed,sparse,aliased,1,2,62,timing,288,9,32,0.151999999999994,0.153999999999996,0.0660000000000007,0.00900000000000034,0.0239999999999974,0.00999999999999801,0.0229999999999997,0,0,4e+06,8e+06,0,0,0,8000048,8000048,1,8000288,7999984,a977a82a2795d6cc1118a7c7127487368354b28df1bc60efc1685b124e1b0968,a977a82a2795d6cc1118a7c7127487368354b28df1bc60efc1685b124e1b0968,TRUE,TRUE,TRUE,TRUE,TRUE,0
candidate,4,8,1000000,float,constructed,dense,aliased,2,2,843750,timing,224,7,32,0.158999999999998,0.159999999999993,0.0529999999999973,0.014999999999997,0.0289999999999999,0.014999999999997,0.0300000000000011,0,0,4e+06,8e+06,0,0,0,8000048,8000048,1,8000288,7999984,d47dbe7966fa57e23d7fea3c11bb133af40b4954840606fe85d60d52fbef01c4,d47dbe7966fa57e23d7fea3c11bb133af40b4954840606fe85d60d52fbef01c4,TRUE,TRUE,TRUE,TRUE,TRUE,0
candidate,4,8,1000000,float,constructed,none,aliased,3,2,0,timing,544,17,32,0.167999999999991,0.164999999999999,0.117999999999994,0.00299999999999656,0.0170000000000018,0.00199999999999889,0.0160000000000018,0,0,4e+06,8e+06,0,0,0,8000048,8000048,1,8000288,7999984,83a914d9d58ede2cc2603064afeefae5eee1a863f1577a2d2bec376819f73348,83a914d9d58ede2cc2603064afeefae5eee1a863f1577a2d2bec376819f73348,TRUE,TRUE,TRUE,TRUE,TRUE,0
baseline,4,1,1000000,byte,retained,sparse,aliased,1,1,62,timing,96,3,32,0.183,0.183,0.028,0.045,0.072,0.045,0.071,0,0,1e+06,8e+06,0,0,0,8000048,8000048,1,8000288,8000136,eb7e8b2951c975c91776a1ab795e1ff5d20bc27f1941f0311f4f0a64c93607d9,eb7e8b2951c975c91776a1ab795e1ff5d20bc27f1941f0311f4f0a64c93607d9,TRUE,TRUE,TRUE,TRUE,TRUE,123
baseline,4,1,1000000,byte,retained,dense,aliased,2,1,843750,timing,96,3,32,0.174,0.175,0.0269999999999998,0.049,0.063,0.049,0.063,0,0,1e+06,8e+06,0,0,0,8000048,8000048,1,8000288,7999984,5e0facd0fb633feeff12c1cf24da9da8a62ad3b216f3ff05a19b089578fed5e5,5e0facd0fb633feeff12c1cf24da9da8a62ad3b216f3ff05a19b089578fed5e5,TRUE,TRUE,TRUE,TRUE,TRUE,123
baseline,4,1,1000000,byte,retained,none,aliased,3,1,0,timing,192,6,32,0.159,0.161,0.0409999999999999,0.0189999999999999,0.034,0.02,0.034,0,0,1e+06,8e+06,0,0,0,8000048,8000048,1,8000288,7999984,135c0fff4230b0125e03bd74de593cb616f49a3ee91665d303ee479f304e342b,135c0fff4230b0125e03bd74de593cb616f49a3ee91665d303ee479f304e342b,TRUE,TRUE,TRUE,TRUE,TRUE,123
baseline,4,2,1000000,byte,constructed,sparse,aliased,1,2,62,timing,96,3,32,0.176,0.178,0.028,0.05,0.0670000000000001,0.0509999999999999,0.067,0,0,1e+06,8e+06,0,0,0,8000048,8000048,1,8000288,7999984,eb7e8b2951c975c91776a1ab795e1ff5d20bc27f1941f0311f4f0a64c93607d9,eb7e8b2951c975c91776a1ab795e1ff5d20bc27f1941f0311f4f0a64c93607d9,TRUE,TRUE,TRUE,TRUE,TRUE,0
baseline,4,2,1000000,byte,constructed,dense,aliased,2,2,843750,timing,96,3,32,0.178,0.178,0.0270000000000001,0.0510000000000002,0.0639999999999998,0.0510000000000002,0.0650000000000002,0,0,1e+06,8e+06,0,0,0,8000048,8000048,1,8000288,7999984,5e0facd0fb633feeff12c1cf24da9da8a62ad3b216f3ff05a19b089578fed5e5,5e0facd0fb633feeff12c1cf24da9da8a62ad3b216f3ff05a19b089578fed5e5,TRUE,TRUE,TRUE,TRUE,TRUE,0
baseline,4,2,1000000,byte,constructed,none,aliased,3,2,0,timing,192,6,32,0.156000000000001,0.153,0.0370000000000004,0.0190000000000001,0.0330000000000004,0.0190000000000001,0.032,0,0,1e+06,8e+06,0,0,0,8000048,8000048,1,8000288,7999984,135c0fff4230b0125e03bd74de593cb616f49a3ee91665d303ee479f304e342b,135c0fff4230b0125e03bd74de593cb616f49a3ee91665d303ee479f304e342b,TRUE,TRUE,TRUE,TRUE,TRUE,0
baseline,4,3,1000000,int,retained,sparse,aliased,1,1,62,timing,96,3,32,0.165999999999999,0.168,0.0150000000000001,0.048,0.0669999999999997,0.0490000000000004,0.0669999999999997,0,0,2e+06,8e+06,0,0,0,8000048,8000048,1,8000288,7999984,6dbe6622a134847983f97669fb8bf18fbf4b383974b7676cbdd9c328d2808f6f,6dbe6622a134847983f97669fb8bf18fbf4b383974b7676cbdd9c328d2808f6f,TRUE,TRUE,TRUE,TRUE,TRUE,123
baseline,4,3,1000000,int,retained,dense,aliased,2,1,843750,timing,96,3,32,0.166,0.166,0.0159999999999996,0.0510000000000002,0.0639999999999996,0.0510000000000002,0.0640000000000001,0,0,2e+06,8e+06,0,0,0,8000048,8000048,1,8000288,7999984,c3fe24f98b2b1ad70a0a22f9ad63bb83304687029d0d6ee65e6eec15f6c5e316,c3fe24f98b2b1ad70a0a22f9ad63bb83304687029d0d6ee65e6eec15f6c5e316,TRUE,TRUE,TRUE,TRUE,TRUE,123
baseline,4,3,1000000,int,retained,none,aliased,3,1,0,timing,224,7,32,0.168,0.166,0.032,0.02,0.0340000000000003,0.02,0.0330000000000004,0,0,2e+06,8e+06,0,0,0,8000048,8000048,1,8000288,7999984,5b032e8bbcb47fdc5fae34dd60399d23844c5650d87d1ec0d6859555aee509f7,5b032e8bbcb47fdc5fae34dd60399d23844c5650d87d1ec0d6859555aee509f7,TRUE,TRUE,TRUE,TRUE,TRUE,123
baseline,4,4,1000000,int,constructed,sparse,aliased,1,2,62,timing,96,3,32,0.162,0.162000000000001,0.0299999999999994,0.0439999999999996,0.0600000000000005,0.0439999999999996,0.0600000000000005,0,0,2e+06,8e+06,0,0,0,8000048,8000048,1,8000288,7999984,6dbe6622a134847983f97669fb8bf18fbf4b383974b7676cbdd9c328d2808f6f,6dbe6622a134847983f97669fb8bf18fbf4b383974b7676cbdd9c328d2808f6f,TRUE,TRUE,TRUE,TRUE,TRUE,0
baseline,4,4,1000000,int,constructed,dense,aliased,2,2,843750,timing,96,3,32,0.181999999999999,0.182,0.0289999999999996,0.0510000000000002,0.0659999999999995,0.0510000000000002,0.0659999999999998,0,0,2e+06,8e+06,0,0,0,8000048,8000048,1,8000288,7999984,c3fe24f98b2b1ad70a0a22f9ad63bb83304687029d0d6ee65e6eec15f6c5e316,c3fe24f98b2b1ad70a0a22f9ad63bb83304687029d0d6ee65e6eec15f6c5e316,TRUE,TRUE,TRUE,TRUE,TRUE,0
baseline,4,4,1000000,int,constructed,none,aliased,3,2,0,timing,192,6,32,0.160000000000001,0.157,0.0389999999999997,0.0199999999999996,0.0340000000000004,0.0190000000000001,0.0330000000000004,0,0,2e+06,8e+06,0,0,0,8000048,8000048,1,8000288,7999984,5b032e8bbcb47fdc5fae34dd60399d23844c5650d87d1ec0d6859555aee509f7,5b032e8bbcb47fdc5fae34dd60399d23844c5650d87d1ec0d6859555aee509f7,TRUE,TRUE,TRUE,TRUE,TRUE,0
baseline,4,5,1000000,long,retained,sparse,aliased,1,1,62,timing,96,3,32,0.168,0.169,0.0289999999999999,0.0449999999999999,0.0640000000000002,0.0460000000000003,0.0650000000000004,0,0,4e+06,8e+06,0,0,0,8000048,8000048,1,8000288,7999984,9056f2bd2a9ae4e5013ac81ba5c2e04072166ba9540638d666fddf1c53f0ea86,9056f2bd2a9ae4e5013ac81ba5c2e04072166ba9540638d666fddf1c53f0ea86,TRUE,TRUE,TRUE,TRUE,TRUE,123
baseline,4,5,1000000,long,retained,dense,aliased,2,1,843750,timing,96,3,32,0.157,0.156,0.0149999999999988,0.0469999999999997,0.062,0.0469999999999997,0.0609999999999999,0,0,4e+06,8e+06,0,0,0,8000048,8000048,1,8000288,7999984,542d6b41cf51f4eacb0a604633770c84346d165f1e3202af67e6f040f814dbe2,542d6b41cf51f4eacb0a604633770c84346d165f1e3202af67e6f040f814dbe2,TRUE,TRUE,TRUE,TRUE,TRUE,123
baseline,4,5,1000000,long,retained,none,aliased,3,1,0,timing,192,6,32,0.154000000000001,0.155,0.0290000000000017,0.0199999999999996,0.0350000000000007,0.0209999999999999,0.0339999999999998,0,0,4e+06,8e+06,0,0,0,8000048,8000048,1,8000288,7999984,2995b5f6171d92864a5608f04befbb010b21d9d177b184b3fbb2365a2f00b5c4,2995b5f6171d92864a5608f04befbb010b21d9d177b184b3fbb2365a2f00b5c4,TRUE,TRUE,TRUE,TRUE,TRUE,123
baseline,4,6,1000000,long,constructed,sparse,aliased,1,2,62,timing,96,3,32,0.184,0.184000000000001,0.0299999999999994,0.048,0.0680000000000002,0.048,0.0680000000000005,0,0,4e+06,8e+06,0,0,0,8000048,8000048,1,8000288,7999984,9056f2bd2a9ae4e5013ac81ba5c2e04072166ba9540638d666fddf1c53f0ea86,9056f2bd2a9ae4e5013ac81ba5c2e04072166ba9540638d666fddf1c53f0ea86,TRUE,TRUE,TRUE,TRUE,TRUE,0
baseline,4,6,1000000,long,constructed,dense,aliased,2,2,843750,timing,96,3,32,0.191,0.191,0.0300000000000002,0.0549999999999997,0.0700000000000003,0.0549999999999997,0.0700000000000003,0,0,4e+06,8e+06,0,0,0,8000048,8000048,1,8000288,7999984,542d6b41cf51f4eacb0a604633770c84346d165f1e3202af67e6f040f814dbe2,542d6b41cf51f4eacb0a604633770c84346d165f1e3202af67e6f040f814dbe2,TRUE,TRUE,TRUE,TRUE,TRUE,0
baseline,4,6,1000000,long,constructed,none,aliased,3,2,0,timing,192,6,32,0.160000000000001,0.159999999999999,0.0410000000000004,0.0190000000000001,0.0350000000000001,0.0199999999999996,0.0339999999999998,0,0,4e+06,8e+06,0,0,0,8000048,8000048,1,8000288,7999984,2995b5f6171d92864a5608f04befbb010b21d9d177b184b3fbb2365a2f00b5c4,2995b5f6171d92864a5608f04befbb010b21d9d177b184b3fbb2365a2f00b5c4,TRUE,TRUE,TRUE,TRUE,TRUE,0
baseline,4,7,1000000,float,retained,sparse,aliased,1,1,62,timing,96,3,32,0.166999999999999,0.169,0.0140000000000002,0.0509999999999993,0.0649999999999995,0.0519999999999996,0.0649999999999995,0,0,4e+06,8e+06,0,0,0,8000048,8000048,1,8000288,7999984,a977a82a2795d6cc1118a7c7127487368354b28df1bc60efc1685b124e1b0968,a977a82a2795d6cc1118a7c7127487368354b28df1bc60efc1685b124e1b0968,TRUE,TRUE,TRUE,TRUE,TRUE,123
baseline,4,7,1000000,float,retained,dense,aliased,2,1,843750,timing,96,3,32,0.183999999999999,0.184000000000001,0.0279999999999987,0.0530000000000008,0.065999999999999,0.0520000000000014,0.0660000000000007,0,0,4e+06,8e+06,0,0,0,8000048,8000048,1,8000288,7999984,d47dbe7966fa57e23d7fea3c11bb133af40b4954840606fe85d60d52fbef01c4,d47dbe7966fa57e23d7fea3c11bb133af40b4954840606fe85d60d52fbef01c4,TRUE,TRUE,TRUE,TRUE,TRUE,123
baseline,4,7,1000000,float,retained,none,aliased,3,1,0,timing,224,7,32,0.152,0.152000000000001,0.0300000000000011,0.0169999999999995,0.033,0.0169999999999995,0.032,0,0,4e+06,8e+06,0,0,0,8000048,8000048,1,8000288,7999984,83a914d9d58ede2cc2603064afeefae5eee1a863f1577a2d2bec376819f73348,83a914d9d58ede2cc2603064afeefae5eee1a863f1577a2d2bec376819f73348,TRUE,TRUE,TRUE,TRUE,TRUE,123
baseline,4,8,1000000,float,constructed,sparse,aliased,1,2,62,timing,96,3,32,0.180999999999999,0.182,0.0280000000000005,0.0519999999999996,0.0649999999999995,0.0519999999999996,0.0660000000000007,0,0,4e+06,8e+06,0,0,0,8000048,8000048,1,8000288,7999984,a977a82a2795d6cc1118a7c7127487368354b28df1bc60efc1685b124e1b0968,a977a82a2795d6cc1118a7c7127487368354b28df1bc60efc1685b124e1b0968,TRUE,TRUE,TRUE,TRUE,TRUE,0
baseline,4,8,1000000,float,constructed,dense,aliased,2,2,843750,timing,96,3,32,0.183999999999998,0.183,0.0279999999999987,0.0520000000000002,0.065999999999999,0.0510000000000002,0.0660000000000007,0,0,4e+06,8e+06,0,0,0,8000048,8000048,1,8000288,7999984,d47dbe7966fa57e23d7fea3c11bb133af40b4954840606fe85d60d52fbef01c4,d47dbe7966fa57e23d7fea3c11bb133af40b4954840606fe85d60d52fbef01c4,TRUE,TRUE,TRUE,TRUE,TRUE,0
baseline,4,8,1000000,float,constructed,none,aliased,3,2,0,timing,224,7,32,0.175999999999997,0.172000000000004,0.0519999999999996,0.0169999999999995,0.0310000000000006,0.0169999999999995,0.0310000000000006,0,0,4e+06,8e+06,0,0,0,8000048,8000048,1,8000288,7999984,83a914d9d58ede2cc2603064afeefae5eee1a863f1577a2d2bec376819f73348,83a914d9d58ede2cc2603064afeefae5eee1a863f1577a2d2bec376819f73348,TRUE,TRUE,TRUE,TRUE,TRUE,0
baseline,5,1,1000000,byte,constructed,dense,aliased,1,1,843750,timing,96,3,32,0.183,0.184,0.028,0.05,0.069,0.05,0.069,0,0,1e+06,8e+06,0,0,0,8000048,8000048,1,8000288,8000136,5e0facd0fb633feeff12c1cf24da9da8a62ad3b216f3ff05a19b089578fed5e5,5e0facd0fb633feeff12c1cf24da9da8a62ad3b216f3ff05a19b089578fed5e5,TRUE,TRUE,TRUE,TRUE,TRUE,0
baseline,5,1,1000000,byte,constructed,none,aliased,2,1,0,timing,192,6,32,0.158,0.155,0.039,0.02,0.033,0.0189999999999999,0.033,0,0,1e+06,8e+06,0,0,0,8000048,8000048,1,8000288,7999984,135c0fff4230b0125e03bd74de593cb616f49a3ee91665d303ee479f304e342b,135c0fff4230b0125e03bd74de593cb616f49a3ee91665d303ee479f304e342b,TRUE,TRUE,TRUE,TRUE,TRUE,0
baseline,5,1,1000000,byte,constructed,sparse,aliased,3,1,62,timing,96,3,32,0.175,0.174,0.028,0.0500000000000002,0.065,0.0489999999999999,0.065,0,0,1e+06,8e+06,0,0,0,8000048,8000048,1,8000288,7999984,eb7e8b2951c975c91776a1ab795e1ff5d20bc27f1941f0311f4f0a64c93607d9,eb7e8b2951c975c91776a1ab795e1ff5d20bc27f1941f0311f4f0a64c93607d9,TRUE,TRUE,TRUE,TRUE,TRUE,0
baseline,5,2,1000000,byte,retained,dense,aliased,1,2,843750,timing,96,3,32,0.176,0.176,0.026,0.05,0.0640000000000001,0.05,0.0640000000000001,0,0,1e+06,8e+06,0,0,0,8000048,8000048,1,8000288,7999984,5e0facd0fb633feeff12c1cf24da9da8a62ad3b216f3ff05a19b089578fed5e5,5e0facd0fb633feeff12c1cf24da9da8a62ad3b216f3ff05a19b089578fed5e5,TRUE,TRUE,TRUE,TRUE,TRUE,123
baseline,5,2,1000000,byte,retained,none,aliased,2,2,0,timing,192,6,32,0.16,0.159,0.0399999999999998,0.02,0.0330000000000001,0.02,0.0330000000000001,0,0,1e+06,8e+06,0,0,0,8000048,8000048,1,8000288,7999984,135c0fff4230b0125e03bd74de593cb616f49a3ee91665d303ee479f304e342b,135c0fff4230b0125e03bd74de593cb616f49a3ee91665d303ee479f304e342b,TRUE,TRUE,TRUE,TRUE,TRUE,123
baseline,5,2,1000000,byte,retained,sparse,aliased,3,2,62,timing,96,3,32,0.161,0.162999999999999,0.0270000000000001,0.044,0.0590000000000002,0.0449999999999999,0.0589999999999997,0,0,1e+06,8e+06,0,0,0,8000048,8000048,1,8000288,7999984,eb7e8b2951c975c91776a1ab795e1ff5d20bc27f1941f0311f4f0a64c93607d9,eb7e8b2951c975c91776a1ab795e1ff5d20bc27f1941f0311f4f0a64c93607d9,TRUE,TRUE,TRUE,TRUE,TRUE,123
baseline,5,3,1000000,int,constructed,dense,aliased,1,1,843750,timing,96,3,32,0.178,0.177,0.0280000000000005,0.0499999999999998,0.065,0.0499999999999998,0.0640000000000001,0,0,2e+06,8e+06,0,0,0,8000048,8000048,1,8000288,7999984,c3fe24f98b2b1ad70a0a22f9ad63bb83304687029d0d6ee65e6eec15f6c5e316,c3fe24f98b2b1ad70a0a22f9ad63bb83304687029d0d6ee65e6eec15f6c5e316,TRUE,TRUE,TRUE,TRUE,TRUE,0
baseline,5,3,1000000,int,constructed,none,aliased,2,1,0,timing,192,6,32,0.158,0.157,0.0400000000000005,0.0189999999999997,0.0330000000000004,0.0190000000000001,0.0329999999999999,0,0,2e+06,8e+06,0,0,0,8000048,8000048,1,8000288,7999984,5b032e8bbcb47fdc5fae34dd60399d23844c5650d87d1ec0d6859555aee509f7,5b032e8bbcb47fdc5fae34dd60399d23844c5650d87d1ec0d6859555aee509f7,TRUE,TRUE,TRUE,TRUE,TRUE,0
baseline,5,3,1000000,int,constructed,sparse,aliased,3,1,62,timing,96,3,32,0.16,0.161,0.0279999999999996,0.044,0.0579999999999998,0.044,0.0590000000000002,0,0,2e+06,8e+06,0,0,0,8000048,8000048,1,8000288,7999984,6dbe6622a134847983f97669fb8bf18fbf4b383974b7676cbdd9c328d2808f6f,6dbe6622a134847983f97669fb8bf18fbf4b383974b7676cbdd9c328d2808f6f,TRUE,TRUE,TRUE,TRUE,TRUE,0
baseline,5,4,1000000,int,retained,dense,aliased,1,2,843750,timing,96,3,32,0.167999999999999,0.166,0.016,0.0519999999999996,0.0639999999999997,0.0519999999999996,0.0619999999999998,0,0,2e+06,8e+06,0,0,0,8000048,8000048,1,8000288,7999984,c3fe24f98b2b1ad70a0a22f9ad63bb83304687029d0d6ee65e6eec15f6c5e316,c3fe24f98b2b1ad70a0a22f9ad63bb83304687029d0d6ee65e6eec15f6c5e316,TRUE,TRUE,TRUE,TRUE,TRUE,123
baseline,5,4,1000000,int,retained,none,aliased,2,2,0,timing,224,7,32,0.166000000000001,0.167,0.0300000000000002,0.0199999999999996,0.0330000000000004,0.0199999999999996,0.0339999999999998,0,0,2e+06,8e+06,0,0,0,8000048,8000048,1,8000288,7999984,5b032e8bbcb47fdc5fae34dd60399d23844c5650d87d1ec0d6859555aee509f7,5b032e8bbcb47fdc5fae34dd60399d23844c5650d87d1ec0d6859555aee509f7,TRUE,TRUE,TRUE,TRUE,TRUE,123
baseline,5,4,1000000,int,retained,sparse,aliased,3,2,62,timing,128,4,32,0.205,0.204999999999999,0.0289999999999999,0.0440000000000005,0.0579999999999998,0.0439999999999996,0.0579999999999998,0,0,2e+06,8e+06,0,0,0,8000048,8000048,1,8000288,7999984,6dbe6622a134847983f97669fb8bf18fbf4b383974b7676cbdd9c328d2808f6f,6dbe6622a134847983f97669fb8bf18fbf4b383974b7676cbdd9c328d2808f6f,TRUE,TRUE,TRUE,TRUE,TRUE,123
baseline,5,5,1000000,long,constructed,dense,aliased,1,1,843750,timing,96,3,32,0.172,0.172000000000001,0.0279999999999996,0.0460000000000003,0.0640000000000001,0.0460000000000003,0.0640000000000001,0,0,4e+06,8e+06,0,0,0,8000048,8000048,1,8000288,7999984,542d6b41cf51f4eacb0a604633770c84346d165f1e3202af67e6f040f814dbe2,542d6b41cf51f4eacb0a604633770c84346d165f1e3202af67e6f040f814dbe2,TRUE,TRUE,TRUE,TRUE,TRUE,0
baseline,5,5,1000000,long,constructed,none,aliased,2,1,0,timing,192,6,32,0.159000000000001,0.159,0.0389999999999997,0.0199999999999996,0.0330000000000004,0.0199999999999996,0.0330000000000004,0,0,4e+06,8e+06,0,0,0,8000048,8000048,1,8000288,7999984,2995b5f6171d92864a5608f04befbb010b21d9d177b184b3fbb2365a2f00b5c4,2995b5f6171d92864a5608f04befbb010b21d9d177b184b3fbb2365a2f00b5c4,TRUE,TRUE,TRUE,TRUE,TRUE,0
baseline,5,5,1000000,long,constructed,sparse,aliased,3,1,62,timing,96,3,32,0.163,0.162999999999999,0.028999999999999,0.0450000000000008,0.0599999999999996,0.0449999999999999,0.0599999999999996,0,0,4e+06,8e+06,0,0,0,8000048,8000048,1,8000288,7999984,9056f2bd2a9ae4e5013ac81ba5c2e04072166ba9540638d666fddf1c53f0ea86,9056f2bd2a9ae4e5013ac81ba5c2e04072166ba9540638d666fddf1c53f0ea86,TRUE,TRUE,TRUE,TRUE,TRUE,0
baseline,5,6,1000000,long,retained,dense,aliased,1,2,843750,timing,96,3,32,0.164000000000002,0.163000000000001,0.0160000000000009,0.0470000000000006,0.0690000000000004,0.0470000000000006,0.069,0,0,4e+06,8e+06,0,0,0,8000048,8000048,1,8000288,7999984,542d6b41cf51f4eacb0a604633770c84346d165f1e3202af67e6f040f814dbe2,542d6b41cf51f4eacb0a604633770c84346d165f1e3202af67e6f040f814dbe2,TRUE,TRUE,TRUE,TRUE,TRUE,123
baseline,5,6,1000000,long,retained,none,aliased,2,2,0,timing,224,7,32,0.169,0.167000000000001,0.0300000000000002,0.0199999999999996,0.0339999999999998,0.0199999999999996,0.0340000000000007,0,0,4e+06,8e+06,0,0,0,8000048,8000048,1,8000288,7999984,2995b5f6171d92864a5608f04befbb010b21d9d177b184b3fbb2365a2f00b5c4,2995b5f6171d92864a5608f04befbb010b21d9d177b184b3fbb2365a2f00b5c4,TRUE,TRUE,TRUE,TRUE,TRUE,123
baseline,5,6,1000000,long,retained,sparse,aliased,3,2,62,timing,128,4,32,0.207999999999999,0.209000000000001,0.0279999999999996,0.0449999999999999,0.0590000000000002,0.0449999999999999,0.0590000000000002,0,0,4e+06,8e+06,0,0,0,8000048,8000048,1,8000288,7999984,9056f2bd2a9ae4e5013ac81ba5c2e04072166ba9540638d666fddf1c53f0ea86,9056f2bd2a9ae4e5013ac81ba5c2e04072166ba9540638d666fddf1c53f0ea86,TRUE,TRUE,TRUE,TRUE,TRUE,123
baseline,5,7,1000000,float,constructed,dense,aliased,1,1,843750,timing,96,3,32,0.172,0.172999999999999,0.0280000000000005,0.0469999999999997,0.0629999999999997,0.0479999999999992,0.0640000000000001,0,0,4e+06,8e+06,0,0,0,8000048,8000048,1,8000288,7999984,d47dbe7966fa57e23d7fea3c11bb133af40b4954840606fe85d60d52fbef01c4,d47dbe7966fa57e23d7fea3c11bb133af40b4954840606fe85d60d52fbef01c4,TRUE,TRUE,TRUE,TRUE,TRUE,0
baseline,5,7,1000000,float,constructed,none,aliased,2,1,0,timing,224,7,32,0.175000000000003,0.172000000000002,0.053999999999999,0.0170000000000012,0.0310000000000011,0.0169999999999995,0.0309999999999988,0,0,4e+06,8e+06,0,0,0,8000048,8000048,1,8000288,7999984,83a914d9d58ede2cc2603064afeefae5eee1a863f1577a2d2bec376819f73348,83a914d9d58ede2cc2603064afeefae5eee1a863f1577a2d2bec376819f73348,TRUE,TRUE,TRUE,TRUE,TRUE,0
baseline,5,7,1000000,float,constructed,sparse,aliased,3,1,62,timing,96,3,32,0.180999999999997,0.180999999999999,0.0280000000000005,0.0509999999999984,0.0649999999999995,0.0510000000000002,0.0649999999999995,0,0,4e+06,8e+06,0,0,0,8000048,8000048,1,8000288,7999984,a977a82a2795d6cc1118a7c7127487368354b28df1bc60efc1685b124e1b0968,a977a82a2795d6cc1118a7c7127487368354b28df1bc60efc1685b124e1b0968,TRUE,TRUE,TRUE,TRUE,TRUE,0
baseline,5,8,1000000,float,retained,dense,aliased,1,2,843750,timing,96,3,32,0.162000000000003,0.163,0.0129999999999999,0.0490000000000013,0.0609999999999999,0.0489999999999995,0.0620000000000012,0,0,4e+06,8e+06,0,0,0,8000048,8000048,1,8000288,7999984,d47dbe7966fa57e23d7fea3c11bb133af40b4954840606fe85d60d52fbef01c4,d47dbe7966fa57e23d7fea3c11bb133af40b4954840606fe85d60d52fbef01c4,TRUE,TRUE,TRUE,TRUE,TRUE,123
baseline,5,8,1000000,float,retained,none,aliased,2,2,0,timing,224,7,32,0.15,0.152000000000003,0.0279999999999987,0.0169999999999995,0.0310000000000006,0.0179999999999989,0.0310000000000006,0,0,4e+06,8e+06,0,0,0,8000048,8000048,1,8000288,7999984,83a914d9d58ede2cc2603064afeefae5eee1a863f1577a2d2bec376819f73348,83a914d9d58ede2cc2603064afeefae5eee1a863f1577a2d2bec376819f73348,TRUE,TRUE,TRUE,TRUE,TRUE,123
baseline,5,8,1000000,float,retained,sparse,aliased,3,2,62,timing,96,3,32,0.169000000000001,0.169000000000002,0.0150000000000006,0.0510000000000002,0.0660000000000013,0.0510000000000002,0.0660000000000007,0,0,4e+06,8e+06,0,0,0,8000048,8000048,1,8000288,7999984,a977a82a2795d6cc1118a7c7127487368354b28df1bc60efc1685b124e1b0968,a977a82a2795d6cc1118a7c7127487368354b28df1bc60efc1685b124e1b0968,TRUE,TRUE,TRUE,TRUE,TRUE,123
candidate,5,1,1000000,byte,constructed,dense,aliased,1,1,843750,timing,256,8,32,0.155,0.155,0.054,0.011,0.034,0.012,0.034,0,0,1e+06,8e+06,0,0,0,8000048,8000048,1,8000288,8000136,5e0facd0fb633feeff12c1cf24da9da8a62ad3b216f3ff05a19b089578fed5e5,5e0facd0fb633feeff12c1cf24da9da8a62ad3b216f3ff05a19b089578fed5e5,TRUE,TRUE,TRUE,TRUE,TRUE,0
candidate,5,1,1000000,byte,constructed,none,aliased,2,1,0,timing,416,13,32,0.168,0.167,0.0970000000000001,0.005,0.02,0.00499999999999989,0.02,0,0,1e+06,8e+06,0,0,0,8000048,8000048,1,8000288,7999984,135c0fff4230b0125e03bd74de593cb616f49a3ee91665d303ee479f304e342b,135c0fff4230b0125e03bd74de593cb616f49a3ee91665d303ee479f304e342b,TRUE,TRUE,TRUE,TRUE,TRUE,0
candidate,5,1,1000000,byte,constructed,sparse,aliased,3,1,62,timing,320,10,32,0.153,0.153,0.062,0.0089999999999999,0.022,0.0089999999999999,0.022,0,0,1e+06,8e+06,0,0,0,8000048,8000048,1,8000288,7999984,eb7e8b2951c975c91776a1ab795e1ff5d20bc27f1941f0311f4f0a64c93607d9,eb7e8b2951c975c91776a1ab795e1ff5d20bc27f1941f0311f4f0a64c93607d9,TRUE,TRUE,TRUE,TRUE,TRUE,0
candidate,5,2,1000000,byte,retained,dense,aliased,1,2,843750,timing,288,9,32,0.172,0.171000000000001,0.0670000000000004,0.0110000000000001,0.0259999999999998,0.0110000000000001,0.0250000000000004,0,0,1e+06,8e+06,0,0,0,8000048,8000048,1,8000288,7999984,5e0facd0fb633feeff12c1cf24da9da8a62ad3b216f3ff05a19b089578fed5e5,5e0facd0fb633feeff12c1cf24da9da8a62ad3b216f3ff05a19b089578fed5e5,TRUE,TRUE,TRUE,TRUE,TRUE,123
candidate,5,2,1000000,byte,retained,none,aliased,2,2,0,timing,416,13,32,0.165,0.164,0.0930000000000004,0.00499999999999989,0.0190000000000001,0.00499999999999989,0.0190000000000001,0,0,1e+06,8e+06,0,0,0,8000048,8000048,1,8000288,7999984,135c0fff4230b0125e03bd74de593cb616f49a3ee91665d303ee479f304e342b,135c0fff4230b0125e03bd74de593cb616f49a3ee91665d303ee479f304e342b,TRUE,TRUE,TRUE,TRUE,TRUE,123
candidate,5,2,1000000,byte,retained,sparse,aliased,3,2,62,timing,320,10,32,0.154999999999999,0.156,0.0649999999999995,0.0089999999999999,0.0219999999999998,0.00800000000000001,0.0230000000000001,0,0,1e+06,8e+06,0,0,0,8000048,8000048,1,8000288,7999984,eb7e8b2951c975c91776a1ab795e1ff5d20bc27f1941f0311f4f0a64c93607d9,eb7e8b2951c975c91776a1ab795e1ff5d20bc27f1941f0311f4f0a64c93607d9,TRUE,TRUE,TRUE,TRUE,TRUE,123
candidate,5,3,1000000,int,constructed,dense,aliased,1,1,843750,timing,256,8,32,0.156,0.156,0.0530000000000004,0.0119999999999996,0.028,0.012,0.028,0,0,2e+06,8e+06,0,0,0,8000048,8000048,1,8000288,7999984,c3fe24f98b2b1ad70a0a22f9ad63bb83304687029d0d6ee65e6eec15f6c5e316,c3fe24f98b2b1ad70a0a22f9ad63bb83304687029d0d6ee65e6eec15f6c5e316,TRUE,TRUE,TRUE,TRUE,TRUE,0
candidate,5,3,1000000,int,constructed,none,aliased,2,1,0,timing,448,14,32,0.151,0.153000000000001,0.100000000000001,0.00300000000000011,0.0180000000000007,0.00300000000000011,0.0190000000000001,0,0,2e+06,8e+06,0,0,0,8000048,8000048,1,8000288,7999984,5b032e8bbcb47fdc5fae34dd60399d23844c5650d87d1ec0d6859555aee509f7,5b032e8bbcb47fdc5fae34dd60399d23844c5650d87d1ec0d6859555aee509f7,TRUE,TRUE,TRUE,TRUE,TRUE,0
candidate,5,3,1000000,int,constructed,sparse,aliased,3,1,62,timing,288,9,32,0.152,0.150000000000001,0.065999999999999,0.00900000000000034,0.024,0.00900000000000034,0.0230000000000006,0,0,2e+06,8e+06,0,0,0,8000048,8000048,1,8000288,7999984,6dbe6622a134847983f97669fb8bf18fbf4b383974b7676cbdd9c328d2808f6f,6dbe6622a134847983f97669fb8bf18fbf4b383974b7676cbdd9c328d2808f6f,TRUE,TRUE,TRUE,TRUE,TRUE,0
candidate,5,4,1000000,int,retained,dense,aliased,1,2,843750,timing,352,11,32,0.177,0.175999999999998,0.0450000000000008,0.0119999999999996,0.0250000000000004,0.0119999999999996,0.0259999999999998,0,0,2e+06,8e+06,0,0,0,8000048,8000048,1,8000288,7999984,c3fe24f98b2b1ad70a0a22f9ad63bb83304687029d0d6ee65e6eec15f6c5e316,c3fe24f98b2b1ad70a0a22f9ad63bb83304687029d0d6ee65e6eec15f6c5e316,TRUE,TRUE,TRUE,TRUE,TRUE,123
candidate,5,4,1000000,int,retained,none,aliased,2,2,0,timing,768,24,32,0.152,0.155999999999999,0.0670000000000011,0.00399999999999956,0.0179999999999998,0.00399999999999956,0.0180000000000007,0,0,2e+06,8e+06,0,0,0,8000048,8000048,1,8000288,7999984,5b032e8bbcb47fdc5fae34dd60399d23844c5650d87d1ec0d6859555aee509f7,5b032e8bbcb47fdc5fae34dd60399d23844c5650d87d1ec0d6859555aee509f7,TRUE,TRUE,TRUE,TRUE,TRUE,123
candidate,5,4,1000000,int,retained,sparse,aliased,3,2,62,timing,384,12,32,0.155,0.154000000000001,0.0419999999999989,0.00899999999999945,0.024,0.00899999999999945,0.024,0,0,2e+06,8e+06,0,0,0,8000048,8000048,1,8000288,7999984,6dbe6622a134847983f97669fb8bf18fbf4b383974b7676cbdd9c328d2808f6f,6dbe6622a134847983f97669fb8bf18fbf4b383974b7676cbdd9c328d2808f6f,TRUE,TRUE,TRUE,TRUE,TRUE,123
candidate,5,5,1000000,long,constructed,dense,aliased,1,1,843750,timing,256,8,32,0.162999999999998,0.161999999999997,0.052999999999999,0.0129999999999999,0.027000000000001,0.0129999999999999,0.0269999999999992,0,0,4e+06,8e+06,0,0,0,8000048,8000048,1,8000288,7999984,542d6b41cf51f4eacb0a604633770c84346d165f1e3202af67e6f040f814dbe2,542d6b41cf51f4eacb0a604633770c84346d165f1e3202af67e6f040f814dbe2,TRUE,TRUE,TRUE,TRUE,TRUE,0
candidate,5,5,1000000,long,constructed,none,aliased,2,1,0,timing,544,17,32,0.164,0.165000000000001,0.116999999999999,0.00199999999999889,0.016,0.00199999999999889,0.016,0,0,4e+06,8e+06,0,0,0,8000048,8000048,1,8000288,7999984,2995b5f6171d92864a5608f04befbb010b21d9d177b184b3fbb2365a2f00b5c4,2995b5f6171d92864a5608f04befbb010b21d9d177b184b3fbb2365a2f00b5c4,TRUE,TRUE,TRUE,TRUE,TRUE,0
candidate,5,5,1000000,long,constructed,sparse,aliased,3,1,62,timing,352,11,32,0.156999999999998,0.159000000000002,0.0779999999999994,0.00699999999999967,0.0210000000000008,0.00699999999999967,0.0210000000000008,0,0,4e+06,8e+06,0,0,0,8000048,8000048,1,8000288,7999984,9056f2bd2a9ae4e5013ac81ba5c2e04072166ba9540638d666fddf1c53f0ea86,9056f2bd2a9ae4e5013ac81ba5c2e04072166ba9540638d666fddf1c53f0ea86,TRUE,TRUE,TRUE,TRUE,TRUE,0
candidate,5,6,1000000,long,retained,dense,aliased,1,2,843750,timing,288,9,32,0.175,0.173000000000002,0.0429999999999993,0.0139999999999993,0.0339999999999994,0.0139999999999993,0.0340000000000007,0,0,4e+06,8e+06,0,0,0,8000048,8000048,1,8000288,7999984,542d6b41cf51f4eacb0a604633770c84346d165f1e3202af67e6f040f814dbe2,542d6b41cf51f4eacb0a604633770c84346d165f1e3202af67e6f040f814dbe2,TRUE,TRUE,TRUE,TRUE,TRUE,123
candidate,5,6,1000000,long,retained,none,aliased,2,2,0,timing,832,26,32,0.151999999999997,0.152999999999997,0.0779999999999976,0.00299999999999834,0.0170000000000012,0.00300000000000011,0.0169999999999995,0,0,4e+06,8e+06,0,0,0,8000048,8000048,1,8000288,7999984,2995b5f6171d92864a5608f04befbb010b21d9d177b184b3fbb2365a2f00b5c4,2995b5f6171d92864a5608f04befbb010b21d9d177b184b3fbb2365a2f00b5c4,TRUE,TRUE,TRUE,TRUE,TRUE,123
candidate,5,6,1000000,long,retained,sparse,aliased,3,2,62,timing,448,14,32,0.152000000000002,0.150000000000004,0.0480000000000036,0.00699999999999967,0.0230000000000002,0.00699999999999967,0.0220000000000002,0,0,4e+06,8e+06,0,0,0,8000048,8000048,1,8000288,7999984,9056f2bd2a9ae4e5013ac81ba5c2e04072166ba9540638d666fddf1c53f0ea86,9056f2bd2a9ae4e5013ac81ba5c2e04072166ba9540638d666fddf1c53f0ea86,TRUE,TRUE,TRUE,TRUE,TRUE,123
candidate,5,7,1000000,float,constructed,dense,aliased,1,1,843750,timing,224,7,32,0.162000000000001,0.164999999999999,0.0559999999999992,0.0149999999999988,0.0310000000000006,0.0149999999999988,0.032,0,0,4e+06,8e+06,0,0,0,8000048,8000048,1,8000288,7999984,d47dbe7966fa57e23d7fea3c11bb133af40b4954840606fe85d60d52fbef01c4,d47dbe7966fa57e23d7fea3c11bb133af40b4954840606fe85d60d52fbef01c4,TRUE,TRUE,TRUE,TRUE,TRUE,0
candidate,5,7,1000000,float,constructed,none,aliased,2,1,0,timing,512,16,32,0.152000000000001,0.151000000000003,0.105000000000002,0.00299999999999834,0.0170000000000012,0.00200000000000067,0.0170000000000012,0,0,4e+06,8e+06,0,0,0,8000048,8000048,1,8000288,7999984,83a914d9d58ede2cc2603064afeefae5eee1a863f1577a2d2bec376819f73348,83a914d9d58ede2cc2603064afeefae5eee1a863f1577a2d2bec376819f73348,TRUE,TRUE,TRUE,TRUE,TRUE,0
candidate,5,7,1000000,float,constructed,sparse,aliased,3,1,62,timing,288,9,32,0.156000000000001,0.154999999999999,0.0690000000000008,0.00900000000000034,0.0259999999999998,0.00900000000000034,0.0259999999999998,0,0,4e+06,8e+06,0,0,0,8000048,8000048,1,8000288,7999984,a977a82a2795d6cc1118a7c7127487368354b28df1bc60efc1685b124e1b0968,a977a82a2795d6cc1118a7c7127487368354b28df1bc60efc1685b124e1b0968,TRUE,TRUE,TRUE,TRUE,TRUE,0
candidate,5,8,1000000,float,retained,dense,aliased,1,2,843750,timing,256,8,32,0.160000000000002,0.16,0.0410000000000021,0.0149999999999988,0.0280000000000005,0.0149999999999988,0.0280000000000005,0,0,4e+06,8e+06,0,0,0,8000048,8000048,1,8000288,7999984,d47dbe7966fa57e23d7fea3c11bb133af40b4954840606fe85d60d52fbef01c4,d47dbe7966fa57e23d7fea3c11bb133af40b4954840606fe85d60d52fbef01c4,TRUE,TRUE,TRUE,TRUE,TRUE,123
candidate,5,8,1000000,float,retained,none,aliased,2,2,0,timing,832,26,32,0.154000000000003,0.151000000000002,0.0779999999999946,0.00300000000000011,0.0179999999999995,0.00299999999999656,0.017000000000003,0,0,4e+06,8e+06,0,0,0,8000048,8000048,1,8000288,7999984,83a914d9d58ede2cc2603064afeefae5eee1a863f1577a2d2bec376819f73348,83a914d9d58ede2cc2603064afeefae5eee1a863f1577a2d2bec376819f73348,TRUE,TRUE,TRUE,TRUE,TRUE,123
candidate,5,8,1000000,float,retained,sparse,aliased,3,2,62,timing,352,11,32,0.150999999999999,0.150000000000006,0.0440000000000005,0.00999999999999801,0.0249999999999974,0.00900000000000034,0.0250000000000021,0,0,4e+06,8e+06,0,0,0,8000048,8000048,1,8000288,7999984,a977a82a2795d6cc1118a7c7127487368354b28df1bc60efc1685b124e1b0968,a977a82a2795d6cc1118a7c7127487368354b28df1bc60efc1685b124e1b0968,TRUE,TRUE,TRUE,TRUE,TRUE,123
candidate,6,1,1000000,byte,retained,dense,aliased,1,1,843750,timing,256,8,32,0.155,0.156,0.054,0.012,0.033,0.012,0.034,0,0,1e+06,8e+06,0,0,0,8000048,8000048,1,8000288,8000136,5e0facd0fb633feeff12c1cf24da9da8a62ad3b216f3ff05a19b089578fed5e5,5e0facd0fb633feeff12c1cf24da9da8a62ad3b216f3ff05a19b089578fed5e5,TRUE,TRUE,TRUE,TRUE,TRUE,123
candidate,6,1,1000000,byte,retained,sparse,aliased,2,1,62,timing,320,10,32,0.155,0.156,0.0650000000000001,0.0089999999999999,0.022,0.00800000000000001,0.0230000000000001,0,0,1e+06,8e+06,0,0,0,8000048,8000048,1,8000288,7999984,eb7e8b2951c975c91776a1ab795e1ff5d20bc27f1941f0311f4f0a64c93607d9,eb7e8b2951c975c91776a1ab795e1ff5d20bc27f1941f0311f4f0a64c93607d9,TRUE,TRUE,TRUE,TRUE,TRUE,123
candidate,6,1,1000000,byte,retained,none,aliased,3,1,0,timing,416,13,32,0.164999999999999,0.166000000000001,0.0919999999999994,0.00499999999999989,0.0190000000000001,0.00499999999999989,0.0190000000000001,0,0,1e+06,8e+06,0,0,0,8000048,8000048,1,8000288,7999984,135c0fff4230b0125e03bd74de593cb616f49a3ee91665d303ee479f304e342b,135c0fff4230b0125e03bd74de593cb616f49a3ee91665d303ee479f304e342b,TRUE,TRUE,TRUE,TRUE,TRUE,123
candidate,6,2,1000000,byte,constructed,dense,aliased,1,2,843750,timing,288,9,32,0.169,0.165999999999999,0.0640000000000001,0.0109999999999997,0.0250000000000004,0.0109999999999997,0.0249999999999999,0,0,1e+06,8e+06,0,0,0,8000048,8000048,1,8000288,7999984,5e0facd0fb633feeff12c1cf24da9da8a62ad3b216f3ff05a19b089578fed5e5,5e0facd0fb633feeff12c1cf24da9da8a62ad3b216f3ff05a19b089578fed5e5,TRUE,TRUE,TRUE,TRUE,TRUE,0
candidate,6,2,1000000,byte,constructed,sparse,aliased,2,2,62,timing,320,10,32,0.152000000000001,0.155000000000002,0.0630000000000006,0.0089999999999999,0.0220000000000002,0.0089999999999999,0.0220000000000002,0,0,1e+06,8e+06,0,0,0,8000048,8000048,1,8000288,7999984,eb7e8b2951c975c91776a1ab795e1ff5d20bc27f1941f0311f4f0a64c93607d9,eb7e8b2951c975c91776a1ab795e1ff5d20bc27f1941f0311f4f0a64c93607d9,TRUE,TRUE,TRUE,TRUE,TRUE,0
candidate,6,2,1000000,byte,constructed,none,aliased,3,2,0,timing,416,13,32,0.166,0.172000000000001,0.0959999999999996,0.00499999999999989,0.0220000000000002,0.00500000000000034,0.0219999999999998,0,0,1e+06,8e+06,0,0,0,8000048,8000048,1,8000288,7999984,135c0fff4230b0125e03bd74de593cb616f49a3ee91665d303ee479f304e342b,135c0fff4230b0125e03bd74de593cb616f49a3ee91665d303ee479f304e342b,TRUE,TRUE,TRUE,TRUE,TRUE,0
candidate,6,3,1000000,int,retained,dense,aliased,1,1,843750,timing,352,11,32,0.172999999999998,0.173000000000002,0.044999999999999,0.0119999999999996,0.0250000000000004,0.012,0.0260000000000002,0,0,2e+06,8e+06,0,0,0,8000048,8000048,1,8000288,7999984,c3fe24f98b2b1ad70a0a22f9ad63bb83304687029d0d6ee65e6eec15f6c5e316,c3fe24f98b2b1ad70a0a22f9ad63bb83304687029d0d6ee65e6eec15f6c5e316,TRUE,TRUE,TRUE,TRUE,TRUE,123
candidate,6,3,1000000,int,retained,sparse,aliased,2,1,62,timing,416,13,32,0.164000000000001,0.163999999999999,0.0460000000000003,0.00899999999999945,0.0220000000000002,0.00899999999999945,0.0230000000000006,0,0,2e+06,8e+06,0,0,0,8000048,8000048,1,8000288,7999984,6dbe6622a134847983f97669fb8bf18fbf4b383974b7676cbdd9c328d2808f6f,6dbe6622a134847983f97669fb8bf18fbf4b383974b7676cbdd9c328d2808f6f,TRUE,TRUE,TRUE,TRUE,TRUE,123
candidate,6,3,1000000,int,retained,none,aliased,3,1,0,timing,736,23,32,0.150999999999996,0.152,0.0729999999999986,0.00399999999999956,0.0179999999999998,0.00399999999999956,0.0180000000000007,0,0,2e+06,8e+06,0,0,0,8000048,8000048,1,8000288,7999984,5b032e8bbcb47fdc5fae34dd60399d23844c5650d87d1ec0d6859555aee509f7,5b032e8bbcb47fdc5fae34dd60399d23844c5650d87d1ec0d6859555aee509f7,TRUE,TRUE,TRUE,TRUE,TRUE,123
candidate,6,4,1000000,int,constructed,dense,aliased,1,2,843750,timing,288,9,32,0.170000000000001,0.173000000000001,0.0649999999999995,0.0110000000000001,0.0250000000000004,0.0119999999999996,0.0250000000000004,0,0,2e+06,8e+06,0,0,0,8000048,8000048,1,8000288,7999984,c3fe24f98b2b1ad70a0a22f9ad63bb83304687029d0d6ee65e6eec15f6c5e316,c3fe24f98b2b1ad70a0a22f9ad63bb83304687029d0d6ee65e6eec15f6c5e316,TRUE,TRUE,TRUE,TRUE,TRUE,0
candidate,6,4,1000000,int,constructed,sparse,aliased,2,2,62,timing,320,10,32,0.153000000000001,0.154,0.0630000000000015,0.00899999999999945,0.0220000000000002,0.00899999999999945,0.0220000000000002,0,0,2e+06,8e+06,0,0,0,8000048,8000048,1,8000288,7999984,6dbe6622a134847983f97669fb8bf18fbf4b383974b7676cbdd9c328d2808f6f,6dbe6622a134847983f97669fb8bf18fbf4b383974b7676cbdd9c328d2808f6f,TRUE,TRUE,TRUE,TRUE,TRUE,0
candidate,6,4,1000000,int,constructed,none,aliased,3,2,0,timing,448,14,32,0.152000000000001,0.154,0.103,0.00300000000000011,0.0190000000000007,0.00399999999999956,0.0180000000000007,0,0,2e+06,8e+06,0,0,0,8000048,8000048,1,8000288,7999984,5b032e8bbcb47fdc5fae34dd60399d23844c5650d87d1ec0d6859555aee509f7,5b032e8bbcb47fdc5fae34dd60399d23844c5650d87d1ec0d6859555aee509f7,TRUE,TRUE,TRUE,TRUE,TRUE,0
candidate,6,5,1000000,long,retained,dense,aliased,1,1,843750,timing,288,9,32,0.174000000000004,0.174999999999997,0.0429999999999993,0.0139999999999993,0.0349999999999994,0.0139999999999993,0.0350000000000001,0,0,4e+06,8e+06,0,0,0,8000048,8000048,1,8000288,7999984,542d6b41cf51f4eacb0a604633770c84346d165f1e3202af67e6f040f814dbe2,542d6b41cf51f4eacb0a604633770c84346d165f1e3202af67e6f040f814dbe2,TRUE,TRUE,TRUE,TRUE,TRUE,123
candidate,6,5,1000000,long,retained,sparse,aliased,2,1,62,timing,480,15,32,0.154000000000004,0.152000000000003,0.0440000000000005,0.00699999999999967,0.0210000000000008,0.00699999999999967,0.0210000000000008,0,0,4e+06,8e+06,0,0,0,8000048,8000048,1,8000288,7999984,9056f2bd2a9ae4e5013ac81ba5c2e04072166ba9540638d666fddf1c53f0ea86,9056f2bd2a9ae4e5013ac81ba5c2e04072166ba9540638d666fddf1c53f0ea86,TRUE,TRUE,TRUE,TRUE,TRUE,123
candidate,6,5,1000000,long,retained,none,aliased,3,1,0,timing,864,27,32,0.169,0.165000000000001,0.0919999999999987,0.00299999999999834,0.0170000000000012,0.00299999999999834,0.0170000000000012,0,0,4e+06,8e+06,0,0,0,8000048,8000048,1,8000288,7999984,2995b5f6171d92864a5608f04befbb010b21d9d177b184b3fbb2365a2f00b5c4,2995b5f6171d92864a5608f04befbb010b21d9d177b184b3fbb2365a2f00b5c4,TRUE,TRUE,TRUE,TRUE,TRUE,123
candidate,6,6,1000000,long,constructed,dense,aliased,1,2,843750,timing,256,8,32,0.163999999999998,0.164,0.052999999999999,0.0139999999999993,0.027000000000001,0.0139999999999993,0.027000000000001,0,0,4e+06,8e+06,0,0,0,8000048,8000048,1,8000288,7999984,542d6b41cf51f4eacb0a604633770c84346d165f1e3202af67e6f040f814dbe2,542d6b41cf51f4eacb0a604633770c84346d165f1e3202af67e6f040f814dbe2,TRUE,TRUE,TRUE,TRUE,TRUE,0
candidate,6,6,1000000,long,constructed,sparse,aliased,2,2,62,timing,352,11,32,0.156999999999996,0.158000000000001,0.0779999999999994,0.00699999999999967,0.0199999999999996,0.00699999999999967,0.020999999999999,0,0,4e+06,8e+06,0,0,0,8000048,8000048,1,8000288,7999984,9056f2bd2a9ae4e5013ac81ba5c2e04072166ba9540638d666fddf1c53f0ea86,9056f2bd2a9ae4e5013ac81ba5c2e04072166ba9540638d666fddf1c53f0ea86,TRUE,TRUE,TRUE,TRUE,TRUE,0
candidate,6,6,1000000,long,constructed,none,aliased,3,2,0,timing,544,17,32,0.166999999999999,0.165000000000001,0.117999999999999,0.00199999999999889,0.017,0.00199999999999889,0.016,0,0,4e+06,8e+06,0,0,0,8000048,8000048,1,8000288,7999984,2995b5f6171d92864a5608f04befbb010b21d9d177b184b3fbb2365a2f00b5c4,2995b5f6171d92864a5608f04befbb010b21d9d177b184b3fbb2365a2f00b5c4,TRUE,TRUE,TRUE,TRUE,TRUE,0
candidate,6,7,1000000,float,retained,dense,aliased,1,1,843750,timing,288,9,32,0.163,0.161999999999999,0.0289999999999999,0.0149999999999988,0.0280000000000005,0.0149999999999988,0.0279999999999987,0,0,4e+06,8e+06,0,0,0,8000048,8000048,1,8000288,7999984,d47dbe7966fa57e23d7fea3c11bb133af40b4954840606fe85d60d52fbef01c4,d47dbe7966fa57e23d7fea3c11bb133af40b4954840606fe85d60d52fbef01c4,TRUE,TRUE,TRUE,TRUE,TRUE,123
candidate,6,7,1000000,float,retained,sparse,aliased,2,1,62,timing,352,11,32,0.151999999999997,0.15,0.0479999999999965,0.00999999999999979,0.0259999999999998,0.00900000000000034,0.0250000000000004,0,0,4e+06,8e+06,0,0,0,8000048,8000048,1,8000288,7999984,a977a82a2795d6cc1118a7c7127487368354b28df1bc60efc1685b124e1b0968,a977a82a2795d6cc1118a7c7127487368354b28df1bc60efc1685b124e1b0968,TRUE,TRUE,TRUE,TRUE,TRUE,123
candidate,6,7,1000000,float,retained,none,aliased,3,1,0,timing,832,26,32,0.154999999999998,0.152000000000005,0.0839999999999931,0.00299999999999834,0.0179999999999995,0.00300000000000011,0.0170000000000012,0,0,4e+06,8e+06,0,0,0,8000048,8000048,1,8000288,7999984,83a914d9d58ede2cc2603064afeefae5eee1a863f1577a2d2bec376819f73348,83a914d9d58ede2cc2603064afeefae5eee1a863f1577a2d2bec376819f73348,TRUE,TRUE,TRUE,TRUE,TRUE,123
candidate,6,8,1000000,float,constructed,dense,aliased,1,2,843750,timing,224,7,32,0.159000000000001,0.156000000000006,0.054000000000002,0.0150000000000006,0.0299999999999999,0.0139999999999993,0.0280000000000022,0,0,4e+06,8e+06,0,0,0,8000048,8000048,1,8000288,7999984,d47dbe7966fa57e23d7fea3c11bb133af40b4954840606fe85d60d52fbef01c4,d47dbe7966fa57e23d7fea3c11bb133af40b4954840606fe85d60d52fbef01c4,TRUE,TRUE,TRUE,TRUE,TRUE,0
candidate,6,8,1000000,float,constructed,sparse,aliased,2,2,62,timing,288,9,32,0.150999999999996,0.150000000000002,0.0649999999999977,0.00900000000000034,0.0229999999999997,0.00899999999999679,0.0230000000000032,0,0,4e+06,8e+06,0,0,0,8000048,8000048,1,8000288,7999984,a977a82a2795d6cc1118a7c7127487368354b28df1bc60efc1685b124e1b0968,a977a82a2795d6cc1118a7c7127487368354b28df1bc60efc1685b124e1b0968,TRUE,TRUE,TRUE,TRUE,TRUE,0
candidate,6,8,1000000,float,constructed,none,aliased,3,2,0,timing,544,17,32,0.164999999999998,0.163999999999994,0.116999999999996,0.00199999999999889,0.0170000000000018,0.00199999999999889,0.0160000000000018,0,0,4e+06,8e+06,0,0,0,8000048,8000048,1,8000288,7999984,83a914d9d58ede2cc2603064afeefae5eee1a863f1577a2d2bec376819f73348,83a914d9d58ede2cc2603064afeefae5eee1a863f1577a2d2bec376819f73348,TRUE,TRUE,TRUE,TRUE,TRUE,0
baseline,6,1,1000000,byte,retained,dense,aliased,1,1,843750,timing,96,3,32,0.179,0.179,0.028,0.048,0.069,0.048,0.069,0,0,1e+06,8e+06,0,0,0,8000048,8000048,1,8000288,8000136,5e0facd0fb633feeff12c1cf24da9da8a62ad3b216f3ff05a19b089578fed5e5,5e0facd0fb633feeff12c1cf24da9da8a62ad3b216f3ff05a19b089578fed5e5,TRUE,TRUE,TRUE,TRUE,TRUE,123
baseline,6,1,1000000,byte,retained,sparse,aliased,2,1,62,timing,96,3,32,0.178,0.178,0.0269999999999998,0.052,0.067,0.053,0.066,0,0,1e+06,8e+06,0,0,0,8000048,8000048,1,8000288,7999984,eb7e8b2951c975c91776a1ab795e1ff5d20bc27f1941f0311f4f0a64c93607d9,eb7e8b2951c975c91776a1ab795e1ff5d20bc27f1941f0311f4f0a64c93607d9,TRUE,TRUE,TRUE,TRUE,TRUE,123
baseline,6,1,1000000,byte,retained,none,aliased,3,1,0,timing,192,6,32,0.16,0.156,0.0409999999999999,0.02,0.0339999999999999,0.0189999999999999,0.0330000000000001,0,0,1e+06,8e+06,0,0,0,8000048,8000048,1,8000288,7999984,135c0fff4230b0125e03bd74de593cb616f49a3ee91665d303ee479f304e342b,135c0fff4230b0125e03bd74de593cb616f49a3ee91665d303ee479f304e342b,TRUE,TRUE,TRUE,TRUE,TRUE,123
baseline,6,2,1000000,byte,constructed,dense,aliased,1,2,843750,timing,96,3,32,0.176,0.176,0.0280000000000001,0.051,0.0630000000000002,0.0489999999999999,0.0640000000000001,0,0,1e+06,8e+06,0,0,0,8000048,8000048,1,8000288,7999984,5e0facd0fb633feeff12c1cf24da9da8a62ad3b216f3ff05a19b089578fed5e5,5e0facd0fb633feeff12c1cf24da9da8a62ad3b216f3ff05a19b089578fed5e5,TRUE,TRUE,TRUE,TRUE,TRUE,0
baseline,6,2,1000000,byte,constructed,sparse,aliased,2,2,62,timing,96,3,32,0.163,0.163,0.028,0.0450000000000004,0.0590000000000002,0.0449999999999999,0.0599999999999996,0,0,1e+06,8e+06,0,0,0,8000048,8000048,1,8000288,7999984,eb7e8b2951c975c91776a1ab795e1ff5d20bc27f1941f0311f4f0a64c93607d9,eb7e8b2951c975c91776a1ab795e1ff5d20bc27f1941f0311f4f0a64c93607d9,TRUE,TRUE,TRUE,TRUE,TRUE,0
baseline,6,2,1000000,byte,constructed,none,aliased,3,2,0,timing,192,6,32,0.155,0.156,0.0379999999999998,0.0190000000000001,0.032,0.02,0.032,0,0,1e+06,8e+06,0,0,0,8000048,8000048,1,8000288,7999984,135c0fff4230b0125e03bd74de593cb616f49a3ee91665d303ee479f304e342b,135c0fff4230b0125e03bd74de593cb616f49a3ee91665d303ee479f304e342b,TRUE,TRUE,TRUE,TRUE,TRUE,0
baseline,6,3,1000000,int,retained,dense,aliased,1,1,843750,timing,96,3,32,0.16,0.159,0.016,0.0489999999999999,0.0619999999999998,0.048,0.0620000000000003,0,0,2e+06,8e+06,0,0,0,8000048,8000048,1,8000288,7999984,c3fe24f98b2b1ad70a0a22f9ad63bb83304687029d0d6ee65e6eec15f6c5e316,c3fe24f98b2b1ad70a0a22f9ad63bb83304687029d0d6ee65e6eec15f6c5e316,TRUE,TRUE,TRUE,TRUE,TRUE,123
baseline,6,3,1000000,int,retained,sparse,aliased,2,1,62,timing,96,3,32,0.169,0.169,0.0140000000000007,0.052,0.065,0.052,0.065,0,0,2e+06,8e+06,0,0,0,8000048,8000048,1,8000288,7999984,6dbe6622a134847983f97669fb8bf18fbf4b383974b7676cbdd9c328d2808f6f,6dbe6622a134847983f97669fb8bf18fbf4b383974b7676cbdd9c328d2808f6f,TRUE,TRUE,TRUE,TRUE,TRUE,123
baseline,6,3,1000000,int,retained,none,aliased,3,1,0,timing,224,7,32,0.167,0.169,0.028,0.02,0.0340000000000003,0.02,0.0339999999999998,0,0,2e+06,8e+06,0,0,0,8000048,8000048,1,8000288,7999984,5b032e8bbcb47fdc5fae34dd60399d23844c5650d87d1ec0d6859555aee509f7,5b032e8bbcb47fdc5fae34dd60399d23844c5650d87d1ec0d6859555aee509f7,TRUE,TRUE,TRUE,TRUE,TRUE,123
baseline,6,4,1000000,int,constructed,dense,aliased,1,2,843750,timing,96,3,32,0.175999999999999,0.174,0.0279999999999996,0.0489999999999995,0.0639999999999997,0.0490000000000004,0.0629999999999997,0,0,2e+06,8e+06,0,0,0,8000048,8000048,1,8000288,7999984,c3fe24f98b2b1ad70a0a22f9ad63bb83304687029d0d6ee65e6eec15f6c5e316,c3fe24f98b2b1ad70a0a22f9ad63bb83304687029d0d6ee65e6eec15f6c5e316,TRUE,TRUE,TRUE,TRUE,TRUE,0
baseline,6,4,1000000,int,constructed,sparse,aliased,2,2,62,timing,96,3,32,0.180999999999999,0.184,0.0279999999999987,0.0510000000000002,0.0649999999999995,0.0519999999999996,0.0660000000000007,0,0,2e+06,8e+06,0,0,0,8000048,8000048,1,8000288,7999984,6dbe6622a134847983f97669fb8bf18fbf4b383974b7676cbdd9c328d2808f6f,6dbe6622a134847983f97669fb8bf18fbf4b383974b7676cbdd9c328d2808f6f,TRUE,TRUE,TRUE,TRUE,TRUE,0
baseline,6,4,1000000,int,constructed,none,aliased,3,2,0,timing,192,6,32,0.157000000000001,0.157,0.0390000000000006,0.0199999999999996,0.0330000000000004,0.0190000000000001,0.0330000000000004,0,0,2e+06,8e+06,0,0,0,8000048,8000048,1,8000288,7999984,5b032e8bbcb47fdc5fae34dd60399d23844c5650d87d1ec0d6859555aee509f7,5b032e8bbcb47fdc5fae34dd60399d23844c5650d87d1ec0d6859555aee509f7,TRUE,TRUE,TRUE,TRUE,TRUE,0
baseline,6,5,1000000,long,retained,dense,aliased,1,1,843750,timing,96,3,32,0.178,0.178,0.0289999999999999,0.0479999999999997,0.0700000000000004,0.0469999999999997,0.0700000000000003,0,0,4e+06,8e+06,0,0,0,8000048,8000048,1,8000288,7999984,542d6b41cf51f4eacb0a604633770c84346d165f1e3202af67e6f040f814dbe2,542d6b41cf51f4eacb0a604633770c84346d165f1e3202af67e6f040f814dbe2,TRUE,TRUE,TRUE,TRUE,TRUE,123
baseline,6,5,1000000,long,retained,sparse,aliased,2,1,62,timing,128,4,32,0.197,0.195,0.0169999999999995,0.0459999999999994,0.0590000000000002,0.0449999999999999,0.0590000000000002,0,0,4e+06,8e+06,0,0,0,8000048,8000048,1,8000288,7999984,9056f2bd2a9ae4e5013ac81ba5c2e04072166ba9540638d666fddf1c53f0ea86,9056f2bd2a9ae4e5013ac81ba5c2e04072166ba9540638d666fddf1c53f0ea86,TRUE,TRUE,TRUE,TRUE,TRUE,123
baseline,6,5,1000000,long,retained,none,aliased,3,1,0,timing,224,7,32,0.166000000000001,0.169,0.0310000000000006,0.0189999999999992,0.0340000000000007,0.0200000000000005,0.0339999999999998,0,0,4e+06,8e+06,0,0,0,8000048,8000048,1,8000288,7999984,2995b5f6171d92864a5608f04befbb010b21d9d177b184b3fbb2365a2f00b5c4,2995b5f6171d92864a5608f04befbb010b21d9d177b184b3fbb2365a2f00b5c4,TRUE,TRUE,TRUE,TRUE,TRUE,123
baseline,6,6,1000000,long,constructed,dense,aliased,1,2,843750,timing,96,3,32,0.169000000000001,0.168000000000001,0.0280000000000005,0.0469999999999997,0.0610000000000008,0.0460000000000003,0.0620000000000003,0,0,4e+06,8e+06,0,0,0,8000048,8000048,1,8000288,7999984,542d6b41cf51f4eacb0a604633770c84346d165f1e3202af67e6f040f814dbe2,542d6b41cf51f4eacb0a604633770c84346d165f1e3202af67e6f040f814dbe2,TRUE,TRUE,TRUE,TRUE,TRUE,0
baseline,6,6,1000000,long,constructed,sparse,aliased,2,2,62,timing,96,3,32,0.162000000000001,0.164000000000001,0.0289999999999999,0.0440000000000005,0.0599999999999996,0.0449999999999999,0.0600000000000005,0,0,4e+06,8e+06,0,0,0,8000048,8000048,1,8000288,7999984,9056f2bd2a9ae4e5013ac81ba5c2e04072166ba9540638d666fddf1c53f0ea86,9056f2bd2a9ae4e5013ac81ba5c2e04072166ba9540638d666fddf1c53f0ea86,TRUE,TRUE,TRUE,TRUE,TRUE,0
baseline,6,6,1000000,long,constructed,none,aliased,3,2,0,timing,192,6,32,0.159,0.157999999999999,0.0419999999999998,0.0199999999999996,0.0330000000000004,0.0189999999999992,0.0330000000000004,0,0,4e+06,8e+06,0,0,0,8000048,8000048,1,8000288,7999984,2995b5f6171d92864a5608f04befbb010b21d9d177b184b3fbb2365a2f00b5c4,2995b5f6171d92864a5608f04befbb010b21d9d177b184b3fbb2365a2f00b5c4,TRUE,TRUE,TRUE,TRUE,TRUE,0
baseline,6,7,1000000,float,retained,dense,aliased,1,1,843750,timing,96,3,32,0.184000000000001,0.182,0.0280000000000005,0.0519999999999996,0.0660000000000007,0.0510000000000002,0.0659999999999998,0,0,4e+06,8e+06,0,0,0,8000048,8000048,1,8000288,7999984,d47dbe7966fa57e23d7fea3c11bb133af40b4954840606fe85d60d52fbef01c4,d47dbe7966fa57e23d7fea3c11bb133af40b4954840606fe85d60d52fbef01c4,TRUE,TRUE,TRUE,TRUE,TRUE,123
baseline,6,7,1000000,float,retained,sparse,aliased,2,1,62,timing,96,3,32,0.168999999999999,0.168000000000001,0.0149999999999988,0.0510000000000002,0.065999999999999,0.0510000000000002,0.0660000000000007,0,0,4e+06,8e+06,0,0,0,8000048,8000048,1,8000288,7999984,a977a82a2795d6cc1118a7c7127487368354b28df1bc60efc1685b124e1b0968,a977a82a2795d6cc1118a7c7127487368354b28df1bc60efc1685b124e1b0968,TRUE,TRUE,TRUE,TRUE,TRUE,123
baseline,6,7,1000000,float,retained,none,aliased,3,1,0,timing,224,7,32,0.154,0.153999999999996,0.0310000000000006,0.0169999999999995,0.033,0.0179999999999989,0.0329999999999995,0,0,4e+06,8e+06,0,0,0,8000048,8000048,1,8000288,7999984,83a914d9d58ede2cc2603064afeefae5eee1a863f1577a2d2bec376819f73348,83a914d9d58ede2cc2603064afeefae5eee1a863f1577a2d2bec376819f73348,TRUE,TRUE,TRUE,TRUE,TRUE,123
baseline,6,8,1000000,float,constructed,dense,aliased,1,2,843750,timing,96,3,32,0.184000000000001,0.183000000000002,0.0279999999999987,0.0519999999999996,0.0660000000000007,0.0510000000000002,0.0660000000000007,0,0,4e+06,8e+06,0,0,0,8000048,8000048,1,8000288,7999984,d47dbe7966fa57e23d7fea3c11bb133af40b4954840606fe85d60d52fbef01c4,d47dbe7966fa57e23d7fea3c11bb133af40b4954840606fe85d60d52fbef01c4,TRUE,TRUE,TRUE,TRUE,TRUE,0
baseline,6,8,1000000,float,constructed,sparse,aliased,2,2,62,timing,96,3,32,0.184,0.182000000000002,0.0279999999999987,0.0520000000000014,0.0659999999999995,0.0510000000000002,0.0660000000000007,0,0,4e+06,8e+06,0,0,0,8000048,8000048,1,8000288,7999984,a977a82a2795d6cc1118a7c7127487368354b28df1bc60efc1685b124e1b0968,a977a82a2795d6cc1118a7c7127487368354b28df1bc60efc1685b124e1b0968,TRUE,TRUE,TRUE,TRUE,TRUE,0
baseline,6,8,1000000,float,constructed,none,aliased,3,2,0,timing,224,7,32,0.178000000000003,0.174,0.052999999999999,0.0170000000000012,0.0319999999999988,0.0169999999999995,0.0310000000000006,0,0,4e+06,8e+06,0,0,0,8000048,8000048,1,8000288,7999984,83a914d9d58ede2cc2603064afeefae5eee1a863f1577a2d2bec376819f73348,83a914d9d58ede2cc2603064afeefae5eee1a863f1577a2d2bec376819f73348,TRUE,TRUE,TRUE,TRUE,TRUE,0
