r-package/dtatools/src/numeric-payload.c:69:5: remark: loop not vectorized [-Rpass-missed=loop-vectorize]
   69 |     for (int i = 0; i < 12; i++) {
      |     ^
r-package/dtatools/src/numeric-payload.c:300:5: remark: loop not vectorized [-Rpass-missed=loop-vectorize]
  300 |     while (ALTREP(value) &&
      |     ^
r-package/dtatools/src/numeric-payload.c:314:5: remark: loop not vectorized [-Rpass-missed=loop-vectorize]
  314 |     while (ALTREP(value) &&
      |     ^
r-package/dtatools/src/numeric-payload.c:367:5: remark: loop not vectorized [-Rpass-missed=loop-vectorize]
  367 |     while (visited < length) {
      |     ^
r-package/dtatools/src/numeric-payload.c:781:13: remark: vectorized loop (vectorization width: 4, interleaved count: 4) [-Rpass=loop-vectorize]
  781 |             NUMERIC_MISSING_MASK_LOOP(uint32_t,
      |             ^
r-package/dtatools/src/numeric-payload.c:781:13: remark: vectorized loop (vectorization width: 4, interleaved count: 4) [-Rpass=loop-vectorize]
r-package/dtatools/src/numeric-payload.c:777:13: remark: vectorized loop (vectorization width: 4, interleaved count: 4) [-Rpass=loop-vectorize]
  777 |             NUMERIC_MISSING_MASK_LOOP(uint32_t,
      |             ^
r-package/dtatools/src/numeric-payload.c:777:13: remark: vectorized loop (vectorization width: 4, interleaved count: 4) [-Rpass=loop-vectorize]
r-package/dtatools/src/numeric-payload.c:773:14: remark: vectorized loop (vectorization width: 4, interleaved count: 4) [-Rpass=loop-vectorize]
  773 |         else NUMERIC_MISSING_MASK_LOOP(int32_t, raw >= INT32_C(2147483621));
      |              ^
r-package/dtatools/src/numeric-payload.c:773:14: remark: vectorized loop (vectorization width: 4, interleaved count: 4) [-Rpass=loop-vectorize]
r-package/dtatools/src/numeric-payload.c:772:21: remark: vectorized loop (vectorization width: 4, interleaved count: 4) [-Rpass=loop-vectorize]
  772 |         if (legacy) NUMERIC_MISSING_MASK_LOOP(int32_t, raw == INT32_MAX);
      |                     ^
r-package/dtatools/src/numeric-payload.c:772:21: remark: vectorized loop (vectorization width: 4, interleaved count: 4) [-Rpass=loop-vectorize]
r-package/dtatools/src/numeric-payload.c:769:14: remark: vectorized loop (vectorization width: 8, interleaved count: 4) [-Rpass=loop-vectorize]
  769 |         else NUMERIC_MISSING_MASK_LOOP(int16_t, raw >= INT16_C(32741));
      |              ^
r-package/dtatools/src/numeric-payload.c:769:14: remark: vectorized loop (vectorization width: 8, interleaved count: 2) [-Rpass=loop-vectorize]
r-package/dtatools/src/numeric-payload.c:768:21: remark: vectorized loop (vectorization width: 8, interleaved count: 4) [-Rpass=loop-vectorize]
  768 |         if (legacy) NUMERIC_MISSING_MASK_LOOP(int16_t, raw == INT16_C(32767));
      |                     ^
r-package/dtatools/src/numeric-payload.c:768:21: remark: vectorized loop (vectorization width: 8, interleaved count: 2) [-Rpass=loop-vectorize]
r-package/dtatools/src/numeric-payload.c:765:14: remark: vectorized loop (vectorization width: 16, interleaved count: 4) [-Rpass=loop-vectorize]
  765 |         else NUMERIC_MISSING_MASK_LOOP(int8_t, raw >= INT8_C(101));
      |              ^
r-package/dtatools/src/numeric-payload.c:765:14: remark: vectorized loop (vectorization width: 16, interleaved count: 1) [-Rpass=loop-vectorize]
r-package/dtatools/src/numeric-payload.c:764:21: remark: vectorized loop (vectorization width: 16, interleaved count: 4) [-Rpass=loop-vectorize]
  764 |         if (legacy) NUMERIC_MISSING_MASK_LOOP(int8_t, raw == INT8_C(127));
      |                     ^
r-package/dtatools/src/numeric-payload.c:764:21: remark: vectorized loop (vectorization width: 16, interleaved count: 1) [-Rpass=loop-vectorize]
r-package/dtatools/src/numeric-payload.c:994:9: remark: loop not vectorized [-Rpass-missed=loop-vectorize]
  994 |         for (R_xlen_t i = 0; i < length; i++) {
      |         ^
r-package/dtatools/src/numeric-payload.c:1003:9: remark: loop not vectorized [-Rpass-missed=loop-vectorize]
 1003 |         for (R_xlen_t i = 0; i < length; i++) {
      |         ^
r-package/dtatools/src/numeric-payload.c:1011:5: remark: loop not vectorized [-Rpass-missed=loop-vectorize]
 1011 |     for (R_xlen_t i = 0; i < length; i++) {
      |     ^
r-package/dtatools/src/numeric-payload.c:968:14: remark: the cost-model indicates that vectorization is not beneficial [-Rpass-missed=loop-vectorize]
  968 |         else NUMERIC_READER_TEMPORAL(float, float_missing_offset(raw, 119));
      |              ^
r-package/dtatools/src/numeric-payload.c:968:14: remark: the cost-model indicates that interleaving is not beneficial [-Rpass-missed=loop-vectorize]
r-package/dtatools/src/numeric-payload.c:968:14: remark: vectorized loop (vectorization width: 4, interleaved count: 1) [-Rpass=loop-vectorize]
r-package/dtatools/src/numeric-payload.c:968:14: remark: vectorized loop (vectorization width: 4, interleaved count: 1) [-Rpass=loop-vectorize]
r-package/dtatools/src/numeric-payload.c:968:14: remark: vectorized loop (vectorization width: 4, interleaved count: 1) [-Rpass=loop-vectorize]
r-package/dtatools/src/numeric-payload.c:967:21: remark: the cost-model indicates that vectorization is not beneficial [-Rpass-missed=loop-vectorize]
  967 |         if (legacy) NUMERIC_READER_TEMPORAL(float, float_missing_offset(raw, 111));
      |                     ^
r-package/dtatools/src/numeric-payload.c:967:21: remark: the cost-model indicates that interleaving is not beneficial [-Rpass-missed=loop-vectorize]
r-package/dtatools/src/numeric-payload.c:967:21: remark: vectorized loop (vectorization width: 4, interleaved count: 1) [-Rpass=loop-vectorize]
r-package/dtatools/src/numeric-payload.c:967:21: remark: vectorized loop (vectorization width: 4, interleaved count: 1) [-Rpass=loop-vectorize]
r-package/dtatools/src/numeric-payload.c:967:21: remark: vectorized loop (vectorization width: 4, interleaved count: 1) [-Rpass=loop-vectorize]
r-package/dtatools/src/numeric-payload.c:964:14: remark: vectorized loop (vectorization width: 4, interleaved count: 1) [-Rpass=loop-vectorize]
  964 |         else NUMERIC_READER_TEMPORAL(int32_t, long_missing_offset(raw, 119));
      |              ^
r-package/dtatools/src/numeric-payload.c:964:14: remark: vectorized loop (vectorization width: 4, interleaved count: 1) [-Rpass=loop-vectorize]
r-package/dtatools/src/numeric-payload.c:964:14: remark: vectorized loop (vectorization width: 4, interleaved count: 4) [-Rpass=loop-vectorize]
r-package/dtatools/src/numeric-payload.c:964:14: remark: vectorized loop (vectorization width: 4, interleaved count: 4) [-Rpass=loop-vectorize]
r-package/dtatools/src/numeric-payload.c:963:21: remark: vectorized loop (vectorization width: 4, interleaved count: 1) [-Rpass=loop-vectorize]
  963 |         if (legacy) NUMERIC_READER_TEMPORAL(int32_t, long_missing_offset(raw, 111));
      |                     ^
r-package/dtatools/src/numeric-payload.c:963:21: remark: vectorized loop (vectorization width: 4, interleaved count: 4) [-Rpass=loop-vectorize]
r-package/dtatools/src/numeric-payload.c:963:21: remark: vectorized loop (vectorization width: 4, interleaved count: 4) [-Rpass=loop-vectorize]
r-package/dtatools/src/numeric-payload.c:963:21: remark: vectorized loop (vectorization width: 4, interleaved count: 4) [-Rpass=loop-vectorize]
r-package/dtatools/src/numeric-payload.c:960:14: remark: vectorized loop (vectorization width: 8, interleaved count: 1) [-Rpass=loop-vectorize]
  960 |         else NUMERIC_READER_TEMPORAL(int16_t, int_missing_offset(raw, 119));
      |              ^
r-package/dtatools/src/numeric-payload.c:960:14: remark: vectorized loop (vectorization width: 8, interleaved count: 1) [-Rpass=loop-vectorize]
r-package/dtatools/src/numeric-payload.c:960:14: remark: vectorized loop (vectorization width: 8, interleaved count: 1) [-Rpass=loop-vectorize]
r-package/dtatools/src/numeric-payload.c:960:14: remark: vectorized loop (vectorization width: 8, interleaved count: 1) [-Rpass=loop-vectorize]
r-package/dtatools/src/numeric-payload.c:959:21: remark: vectorized loop (vectorization width: 8, interleaved count: 1) [-Rpass=loop-vectorize]
  959 |         if (legacy) NUMERIC_READER_TEMPORAL(int16_t, int_missing_offset(raw, 111));
      |                     ^
r-package/dtatools/src/numeric-payload.c:959:21: remark: vectorized loop (vectorization width: 8, interleaved count: 1) [-Rpass=loop-vectorize]
r-package/dtatools/src/numeric-payload.c:959:21: remark: vectorized loop (vectorization width: 8, interleaved count: 1) [-Rpass=loop-vectorize]
r-package/dtatools/src/numeric-payload.c:959:21: remark: vectorized loop (vectorization width: 8, interleaved count: 4) [-Rpass=loop-vectorize]
r-package/dtatools/src/numeric-payload.c:956:14: remark: vectorized loop (vectorization width: 16, interleaved count: 1) [-Rpass=loop-vectorize]
  956 |         else NUMERIC_READER_TEMPORAL(int8_t, byte_missing_offset(raw, 119));
      |              ^
r-package/dtatools/src/numeric-payload.c:956:14: remark: vectorized loop (vectorization width: 16, interleaved count: 1) [-Rpass=loop-vectorize]
r-package/dtatools/src/numeric-payload.c:956:14: remark: vectorized loop (vectorization width: 16, interleaved count: 1) [-Rpass=loop-vectorize]
r-package/dtatools/src/numeric-payload.c:956:14: remark: vectorized loop (vectorization width: 16, interleaved count: 1) [-Rpass=loop-vectorize]
r-package/dtatools/src/numeric-payload.c:955:21: remark: vectorized loop (vectorization width: 16, interleaved count: 1) [-Rpass=loop-vectorize]
  955 |         if (legacy) NUMERIC_READER_TEMPORAL(int8_t, byte_missing_offset(raw, 111));
      |                     ^
r-package/dtatools/src/numeric-payload.c:955:21: remark: vectorized loop (vectorization width: 16, interleaved count: 1) [-Rpass=loop-vectorize]
r-package/dtatools/src/numeric-payload.c:955:21: remark: vectorized loop (vectorization width: 16, interleaved count: 1) [-Rpass=loop-vectorize]
r-package/dtatools/src/numeric-payload.c:955:21: remark: vectorized loop (vectorization width: 16, interleaved count: 4) [-Rpass=loop-vectorize]
r-package/dtatools/src/numeric-payload.c:1145:5: remark: loop not vectorized [-Rpass-missed=loop-vectorize]
 1145 |     for (R_xlen_t index = 0; index < length; index++) {
      |     ^
r-package/dtatools/src/numeric-payload.c:1129:9: remark: loop not vectorized [-Rpass-missed=loop-vectorize]
 1129 |         for (R_xlen_t index = 0; index < length; index++) {
      |         ^
r-package/dtatools/src/numeric-payload.c:1107:9: remark: loop not vectorized [-Rpass-missed=loop-vectorize]
 1107 |         for (R_xlen_t index = 0; index < length; index++) {
      |         ^
r-package/dtatools/src/numeric-payload.c:1115:9: remark: loop not vectorized [-Rpass-missed=loop-vectorize]
 1115 |         for (R_xlen_t index = 0; index < length; index++) {
      |         ^
r-package/dtatools/src/numeric-payload.c:1235:5: remark: loop not vectorized [-Rpass-missed=loop-vectorize]
 1235 |     for (int index = 0; index < length; index++) {
      |     ^
r-package/dtatools/src/numeric-payload.c:1340:9: remark: loop not vectorized [-Rpass-missed=loop-vectorize]
 1340 |         for (size_t offset = 0; offset < context->length; offset++) {
      |         ^
r-package/dtatools/src/numeric-payload.c:1352:5: remark: loop not vectorized [-Rpass-missed=loop-vectorize]
 1352 |     while (total < context->length) {
      |     ^
r-package/dtatools/src/numeric-payload.c:1382:9: remark: vectorized loop (vectorization width: 4, interleaved count: 2) [-Rpass=loop-vectorize]
 1382 |         for (size_t offset = 0; offset < context->length; offset++) {
      |         ^
r-package/dtatools/src/numeric-payload.c:1388:9: remark: loop not vectorized [-Rpass-missed=loop-vectorize]
 1388 |         for (size_t offset = 0; offset < context->length; offset++) {
      |         ^
r-package/dtatools/src/numeric-payload.c:1433:5: remark: loop not vectorized [-Rpass-missed=loop-vectorize]
 1433 |     for (size_t offset = 0; offset < context->length; offset++) {
      |     ^
r-package/dtatools/src/numeric-payload.c:1531:9: remark: loop not vectorized [-Rpass-missed=loop-vectorize]
 1531 |         for (R_xlen_t id = 0; id < value_count; id++) {
      |         ^
r-package/dtatools/src/numeric-payload.c:1584:17: remark: loop not vectorized [-Rpass-missed=loop-vectorize]
 1584 |                 for (R_xlen_t prior = 0; prior < index; prior++) {
      |                 ^
r-package/dtatools/src/numeric-payload.c:1235:5: remark: loop not vectorized [-Rpass-missed=loop-vectorize]
 1235 |     for (int index = 0; index < length; index++) {
      |     ^
r-package/dtatools/src/numeric-payload.c:1776:5: remark: loop not vectorized [-Rpass-missed=loop-vectorize]
 1776 |     for (R_xlen_t index = 0; index < length; index++) {
      |     ^
r-package/dtatools/src/numeric-payload.c:1795:9: remark: loop not vectorized [-Rpass-missed=loop-vectorize]
 1795 |         for (R_xlen_t index = 0; index < seed_count; index++) {
      |         ^
r-package/dtatools/src/numeric-payload.c:1821:5: remark: loop not vectorized [-Rpass-missed=loop-vectorize]
 1821 |     for (size_t index = 0; index < level_count; index++) {
      |     ^
r-package/dtatools/src/numeric-payload.c:1734:31: remark: loop not vectorized [-Rpass-missed=loop-vectorize]
 1734 |         if (child + 1 < count &&
      |                               ^
r-package/dtatools/src/numeric-payload.c:1732:5: remark: loop not vectorized [-Rpass-missed=loop-vectorize]
 1732 |     while (root <= (count - 2) / 2) {
      |     ^
r-package/dtatools/src/numeric-payload.c:1832:5: remark: loop not vectorized [-Rpass-missed=loop-vectorize]
 1832 |     for (size_t index = 0; index < level_count; index++) {
      |     ^
r-package/dtatools/src/numeric-payload.c:1839:5: remark: loop not vectorized [-Rpass-missed=loop-vectorize]
 1839 |     for (int code = 0; code <= 256; code++) {
      |     ^
r-package/dtatools/src/numeric-payload.c:1846:5: remark: loop not vectorized [-Rpass-missed=loop-vectorize]
 1846 |     for (int code = 0; code <= 256; code++) {
      |     ^
r-package/dtatools/src/numeric-payload.c:1852:5: remark: loop not vectorized [-Rpass-missed=loop-vectorize]
 1852 |     for (R_xlen_t index = 0; index < length; index++) {
      |     ^
r-package/dtatools/src/numeric-payload.c:2071:9: remark: loop not vectorized [-Rpass-missed=loop-vectorize]
 2071 |         for (R_xlen_t index = 0; index < length; index++) {
      |         ^
r-package/dtatools/src/numeric-payload.c:803:5: remark: loop not vectorized [-Rpass-missed=loop-vectorize]
  803 |     for (size_t index = 0; index < data->length; index++) {
      |     ^
r-package/dtatools/src/numeric-payload.c:2347:5: remark: loop not vectorized [-Rpass-missed=loop-vectorize]
 2347 |     for (R_xlen_t i = 0; i < length; i++) {
      |     ^
r-package/dtatools/src/numeric-payload.c:2517:5: remark: loop not vectorized [-Rpass-missed=loop-vectorize]
 2517 |     for (R_xlen_t index = 0; index < length; index++) {
      |     ^
r-package/dtatools/src/numeric-payload.c:2638:5: remark: loop not vectorized [-Rpass-missed=loop-vectorize]
 2638 |     for (R_xlen_t index = 0; index < column_count; index++) {
      |     ^
r-package/dtatools/src/numeric-payload.c:2675:5: remark: loop not vectorized [-Rpass-missed=loop-vectorize]
 2675 |     for (R_xlen_t index = 0; index < column_count; index++) {
      |     ^
r-package/dtatools/src/numeric-payload.c:2785:5: remark: loop not vectorized [-Rpass-missed=loop-vectorize]
 2785 |     for (R_xlen_t index = 0; index < XLENGTH(result); index++) {
      |     ^
r-package/dtatools/src/numeric-payload.c:2578:5: remark: loop not vectorized [-Rpass-missed=loop-vectorize]
 2578 |     for (R_xlen_t index = 0; index < length; index++) {
      |     ^
r-package/dtatools/src/numeric-payload.c:3478:5: remark: loop not vectorized [-Rpass-missed=loop-vectorize]
 3478 |     for (int i = 0; i < count; i++) {
      |     ^
r-package/dtatools/src/numeric-payload.c:3506:5: remark: loop not vectorized [-Rpass-missed=loop-vectorize]
 3506 |     for (int i = 0; i < count; i++) {
      |     ^
r-package/dtatools/src/numeric-payload.c:3444:34: remark: loop not vectorized [-Rpass-missed=loop-vectorize]
 3444 |     if (TYPEOF(value) != LANGSXP && TYPEOF(value) != LISTSXP) return 1;
      |                                  ^
r-package/dtatools/src/numeric-payload.c:3430:5: remark: loop not vectorized [-Rpass-missed=loop-vectorize]
 3430 |     for (int i = 0; i < profile->count; i++) free(profile->functions[i].nodes);
      |     ^
r-package/dtatools/src/numeric-payload.c:3974:5: remark: loop not vectorized [-Rpass-missed=loop-vectorize]
 3974 |     for (int i = 0; i < 7; i++) {
      |     ^
r-package/dtatools/src/numeric-payload.c:3135:5: remark: loop not vectorized [-Rpass-missed=loop-vectorize]
 3135 |     for (; depth > 0; depth--) {
      |     ^
r-package/dtatools/src/numeric-payload.c:3191:5: remark: loop not vectorized [-Rpass-missed=loop-vectorize]
 3191 |     for (size_t i = 0; i < sizeof(names) / sizeof(names[0]); i++) {
      |     ^
r-package/dtatools/src/numeric-payload.c:3000:5: remark: loop not vectorized [-Rpass-missed=loop-vectorize]
 3000 |     while (depth > 0) {
      |     ^
r-package/dtatools/src/numeric-payload.c:3283:32: remark: loop not vectorized [-Rpass-missed=loop-vectorize]
 3283 |         if (TYPEOF(expression) == SYMSXP) {
      |                                ^
In file included from r-package/dtatools/src/numeric-payload.c:4553:
r-package/dtatools/src/numeric-arithmetic.h:17:5: remark: loop not vectorized [-Rpass-missed=loop-vectorize]
   17 |     for (size_t i = 0; i < sizeof(methods) / sizeof(methods[0]); i++) {
      |     ^
r-package/dtatools/src/numeric-payload.c:5738:5: remark: loop not vectorized [-Rpass-missed=loop-vectorize]
 5738 |     for (size_t i = 0; i < count; i++) {
      |     ^
r-package/dtatools/src/numeric-payload.c:5777:5: remark: loop not vectorized [-Rpass-missed=loop-vectorize]
 5777 |     for (size_t i = 0; i < sizeof(names) / sizeof(names[0]); i++) {
      |     ^
r-package/dtatools/src/numeric-payload.c:4420:5: remark: loop not vectorized [-Rpass-missed=loop-vectorize]
 4420 |     for (kind = minimum + 1; kind < NUMERIC_DOUBLE; kind++) {
      |     ^
r-package/dtatools/src/numeric-payload.c:4473:9: remark: vectorized loop (vectorization width: 2, interleaved count: 4) [-Rpass=loop-vectorize]
 4473 |         for (R_xlen_t i = start; i < end; i++) {
      |         ^
r-package/dtatools/src/numeric-payload.c:4680:9: remark: loop not vectorized [-Rpass-missed=loop-vectorize]
 4680 |         for (R_xlen_t i = 0; i < length; i++) {
      |         ^
r-package/dtatools/src/numeric-payload.c:4688:9: remark: loop not vectorized [-Rpass-missed=loop-vectorize]
 4688 |         for (; kind < NUMERIC_DOUBLE; kind++) {
      |         ^
r-package/dtatools/src/numeric-payload.c:4707:9: remark: loop not vectorized [-Rpass-missed=loop-vectorize]
 4707 |         for (R_xlen_t i = 0; i < length; i++) {
      |         ^
r-package/dtatools/src/numeric-payload.c:4669:9: remark: loop not vectorized [-Rpass-missed=loop-vectorize]
 4669 |         for (R_xlen_t i = 0; i < length; i++) {
      |         ^
r-package/dtatools/src/numeric-payload.c:4800:5: remark: loop not vectorized [-Rpass-missed=loop-vectorize]
 4800 |     for (R_xlen_t index = 0; index < length; index++) {
      |     ^
r-package/dtatools/src/numeric-payload.c:4878:5: remark: loop not vectorized [-Rpass-missed=loop-vectorize]
 4878 |     for (R_xlen_t index = 0; index < length; index++) {
      |     ^
r-package/dtatools/src/numeric-payload.c:5032:5: remark: loop not vectorized [-Rpass-missed=loop-vectorize]
 5032 |     for (size_t i = 0; i < count; i++) {
      |     ^
r-package/dtatools/src/numeric-payload.c:5104:5: remark: loop not vectorized [-Rpass-missed=loop-vectorize]
 5104 |     for (R_xlen_t i = 0; i < width; i++) {
      |     ^
r-package/dtatools/src/numeric-payload.c:5127:5: remark: loop not vectorized [-Rpass-missed=loop-vectorize]
 5127 |     for (R_xlen_t i = 0; i < width; i++) {
      |     ^
r-package/dtatools/src/numeric-payload.c:5310:5: remark: loop not vectorized [-Rpass-missed=loop-vectorize]
 5310 |     for (int depth = 0; depth < 16 && env != R_EmptyEnv; depth++) {
      |     ^
r-package/dtatools/src/numeric-payload.c:5364:5: remark: loop not vectorized [-Rpass-missed=loop-vectorize]
 5364 |     for (R_xlen_t i = 0; i < count; i++) {
      |     ^
r-package/dtatools/src/numeric-payload.c:4985:5: remark: loop not vectorized [-Rpass-missed=loop-vectorize]
 4985 |     for (int i = 0; i < LENGTH(name); i++) {
      |     ^
r-package/dtatools/src/numeric-payload.c:3833:5: remark: loop not vectorized [-Rpass-missed=loop-vectorize]
 3833 |     for (int depth = 0; depth < 16 && env != R_EmptyEnv; depth++) {
      |     ^
r-package/dtatools/src/numeric-payload.c:5536:5: remark: loop not vectorized [-Rpass-missed=loop-vectorize]
 5536 |     for (R_xlen_t i = 0; i < count; i++) {
      |     ^
r-package/dtatools/src/numeric-payload.c:5250:5: remark: loop not vectorized [-Rpass-missed=loop-vectorize]
 5250 |     for (int depth = 0; depth < 16; depth++) {
      |     ^
r-package/dtatools/src/numeric-payload.c:6019:5: remark: loop not vectorized [-Rpass-missed=loop-vectorize]
 6019 |     for (R_xlen_t group = 0; group < count; group++) {
      |     ^
r-package/dtatools/src/numeric-payload.c:6044:5: remark: loop not vectorized [-Rpass-missed=loop-vectorize]
 6044 |     for (R_xlen_t group = 0; group < count; group++) {
      |     ^
r-package/dtatools/src/numeric-payload.c:6075:9: remark: loop not vectorized [-Rpass-missed=loop-vectorize]
 6075 |         for (size_t start = 0; start < bit_bytes; ) {
      |         ^
r-package/dtatools/src/numeric-payload.c:6086:13: remark: loop not vectorized [-Rpass-missed=loop-vectorize]
 6086 |             for (R_xlen_t i = 0; i < length; i++) {
      |             ^
r-package/dtatools/src/numeric-payload.c:6120:9: remark: loop not vectorized [-Rpass-missed=loop-vectorize]
 6120 |         for (R_xlen_t i = 0; i < length; i++) {
      |         ^
r-package/dtatools/src/numeric-payload.c:6145:17: remark: loop not vectorized [-Rpass-missed=loop-vectorize]
 6145 |                 for (R_xlen_t i = start; i < start + amount; i++) {
      |                 ^
r-package/dtatools/src/numeric-payload.c:5910:9: remark: loop not vectorized [-Rpass-missed=loop-vectorize]
 5910 |         for (int row = 0; row < 5; row++)
      |         ^
r-package/dtatools/src/numeric-payload.c:5836:5: remark: loop not vectorized [-Rpass-missed=loop-vectorize]
 5836 |     for (int i = 0; i < 12; i++)
      |     ^
r-package/dtatools/src/numeric-payload.c:5849:5: remark: loop not vectorized [-Rpass-missed=loop-vectorize]
 5849 |     for (int i = 0; i < 8; i++) {
      |     ^
r-package/dtatools/src/numeric-payload.c:5874:5: remark: loop not vectorized [-Rpass-missed=loop-vectorize]
 5874 |     for (int i = 0; i < 18; i++) {
      |     ^
r-package/dtatools/src/numeric-payload.c:5927:5: remark: loop not vectorized [-Rpass-missed=loop-vectorize]
 5927 |     for (int i = 1; i <= 3; i++) {
      |     ^
r-package/dtatools/src/numeric-payload.c:5939:5: remark: loop not vectorized [-Rpass-missed=loop-vectorize]
 5939 |     for (int i = 0; i < 4; i++) {
      |     ^
r-package/dtatools/src/numeric-payload.c:5945:5: remark: loop not vectorized [-Rpass-missed=loop-vectorize]
 5945 |     for (int i = 0; i < 5; i++) {
      |     ^
r-package/dtatools/src/numeric-payload.c:5973:5: remark: loop not vectorized [-Rpass-missed=loop-vectorize]
 5973 |     for (size_t i = 0; i < sizeof(strict_double_predicate_names) /
      |     ^
r-package/dtatools/src/numeric-payload.c:6183:5: remark: loop not vectorized [-Rpass-missed=loop-vectorize]
 6183 |     for (R_xlen_t i = 0; i < XLENGTH(mask); i++) {
      |     ^
r-package/dtatools/src/numeric-payload.c:6334:5: remark: loop not vectorized [-Rpass-missed=loop-vectorize]
 6334 |     for (R_xlen_t i = 0; i < length; i++) {
      |     ^
r-package/dtatools/src/numeric-payload.c:6409:5: remark: loop not vectorized [-Rpass-missed=loop-vectorize]
 6409 |     for (R_xlen_t i = 0; i < length; i++) {
      |     ^
r-package/dtatools/src/numeric-payload.c:6472:5: remark: loop not vectorized [-Rpass-missed=loop-vectorize]
 6472 |     for (R_xlen_t index = 0; index < length; index++) {
      |     ^
In file included from r-package/dtatools/src/numeric-payload.c:6507:
r-package/dtatools/src/initial-capture.inc:27:5: remark: loop not vectorized [-Rpass-missed=loop-vectorize]
   27 |     for (int i = 0; i < 13; i++) {
      |     ^
r-package/dtatools/src/initial-capture.inc:136:5: remark: loop not vectorized [-Rpass-missed=loop-vectorize]
  136 |     for (R_xlen_t i = 0; i < width; i++) SET_VECTOR_ELT(columns, i, VECTOR_ELT(data, i));
      |     ^
r-package/dtatools/src/initial-capture.inc:70:5: remark: loop not vectorized [-Rpass-missed=loop-vectorize]
   70 |     for (int remaining = 16; remaining > 0; remaining--) {
      |     ^
r-package/dtatools/src/initial-capture.inc:202:5: remark: loop not vectorized [-Rpass-missed=loop-vectorize]
  202 |     for (int i = 4; i < 28; i++) {
      |     ^
r-package/dtatools/src/initial-capture.inc:311:9: remark: loop not vectorized [-Rpass-missed=loop-vectorize]
  311 |         for (R_xlen_t j = 0; j < i; j++) {
      |         ^
r-package/dtatools/src/initial-capture.inc:334:5: remark: loop not vectorized [-Rpass-missed=loop-vectorize]
  334 |     for (R_xlen_t i = 0; i < width; i++) {
      |     ^
r-package/dtatools/src/numeric-payload.c:1702:5: remark: loop not vectorized [-Rpass-missed=loop-vectorize]
 1702 |     while (context->entries[slot].id_plus_one != 0) {
      |     ^
r-package/dtatools/src/numeric-payload.c:1662:9: remark: loop not vectorized [-Rpass-missed=loop-vectorize]
 1662 |         while (context->entries[slot].id_plus_one != 0) {
      |         ^
r-package/dtatools/src/numeric-payload.c:580:1: remark: loop not vectorized [-Rpass-missed=loop-vectorize]
  580 | DEFINE_NUMERIC_KERNELS(float, float, float_missing_offset)
      | ^
r-package/dtatools/src/numeric-payload.c:580:1: remark: loop not vectorized [-Rpass-missed=loop-vectorize]
r-package/dtatools/src/numeric-payload.c:579:1: remark: loop not vectorized [-Rpass-missed=loop-vectorize]
  579 | DEFINE_NUMERIC_KERNELS(long, int32_t, long_missing_offset)
      | ^
r-package/dtatools/src/numeric-payload.c:579:1: remark: loop not vectorized [-Rpass-missed=loop-vectorize]
r-package/dtatools/src/numeric-payload.c:578:1: remark: loop not vectorized [-Rpass-missed=loop-vectorize]
  578 | DEFINE_NUMERIC_KERNELS(int, int16_t, int_missing_offset)
      | ^
r-package/dtatools/src/numeric-payload.c:578:1: remark: loop not vectorized [-Rpass-missed=loop-vectorize]
r-package/dtatools/src/numeric-payload.c:577:1: remark: loop not vectorized [-Rpass-missed=loop-vectorize]
  577 | DEFINE_NUMERIC_KERNELS(byte, int8_t, byte_missing_offset)
      | ^
r-package/dtatools/src/numeric-payload.c:577:1: remark: loop not vectorized [-Rpass-missed=loop-vectorize]
r-package/dtatools/src/numeric-payload.c:661:1: remark: loop not vectorized [-Rpass-missed=loop-vectorize]
  661 | DEFINE_NUMERIC_SUM(float, float, float_missing_offset, raw < 0x1p127f)
      | ^
r-package/dtatools/src/numeric-payload.c:661:1: remark: loop not vectorized [-Rpass-missed=loop-vectorize]
r-package/dtatools/src/numeric-payload.c:661:1: remark: loop not vectorized [-Rpass-missed=loop-vectorize]
r-package/dtatools/src/numeric-payload.c:661:1: remark: loop not vectorized [-Rpass-missed=loop-vectorize]
r-package/dtatools/src/numeric-payload.c:661:1: remark: loop not vectorized [-Rpass-missed=loop-vectorize]
r-package/dtatools/src/numeric-payload.c:661:1: remark: loop not vectorized [-Rpass-missed=loop-vectorize]
r-package/dtatools/src/numeric-payload.c:661:1: remark: vectorized loop (vectorization width: 4, interleaved count: 4) [-Rpass=loop-vectorize]
r-package/dtatools/src/numeric-payload.c:661:1: remark: vectorized loop (vectorization width: 4, interleaved count: 4) [-Rpass=loop-vectorize]
r-package/dtatools/src/numeric-payload.c:661:1: remark: the cost-model indicates that vectorization is not beneficial [-Rpass-missed=loop-vectorize]
r-package/dtatools/src/numeric-payload.c:661:1: remark: the cost-model indicates that interleaving is not beneficial [-Rpass-missed=loop-vectorize]
r-package/dtatools/src/numeric-payload.c:661:1: remark: vectorized loop (vectorization width: 4, interleaved count: 4) [-Rpass=loop-vectorize]
r-package/dtatools/src/numeric-payload.c:661:1: remark: vectorized loop (vectorization width: 4, interleaved count: 4) [-Rpass=loop-vectorize]
r-package/dtatools/src/numeric-payload.c:661:1: remark: vectorized loop (vectorization width: 4, interleaved count: 4) [-Rpass=loop-vectorize]
r-package/dtatools/src/numeric-payload.c:661:1: remark: vectorized loop (vectorization width: 4, interleaved count: 4) [-Rpass=loop-vectorize]
r-package/dtatools/src/numeric-payload.c:661:1: remark: vectorized loop (vectorization width: 4, interleaved count: 4) [-Rpass=loop-vectorize]
r-package/dtatools/src/numeric-payload.c:661:1: remark: vectorized loop (vectorization width: 4, interleaved count: 4) [-Rpass=loop-vectorize]
r-package/dtatools/src/numeric-payload.c:657:1: remark: loop not vectorized [-Rpass-missed=loop-vectorize]
  657 | DEFINE_NUMERIC_SUM(long, int32_t, long_missing_offset, 0)
      | ^
r-package/dtatools/src/numeric-payload.c:657:1: remark: loop not vectorized [-Rpass-missed=loop-vectorize]
r-package/dtatools/src/numeric-payload.c:657:1: remark: loop not vectorized [-Rpass-missed=loop-vectorize]
r-package/dtatools/src/numeric-payload.c:657:1: remark: loop not vectorized [-Rpass-missed=loop-vectorize]
r-package/dtatools/src/numeric-payload.c:657:1: remark: loop not vectorized [-Rpass-missed=loop-vectorize]
r-package/dtatools/src/numeric-payload.c:657:1: remark: loop not vectorized [-Rpass-missed=loop-vectorize]
r-package/dtatools/src/numeric-payload.c:657:1: remark: vectorized loop (vectorization width: 2, interleaved count: 4) [-Rpass=loop-vectorize]
r-package/dtatools/src/numeric-payload.c:657:1: remark: vectorized loop (vectorization width: 2, interleaved count: 4) [-Rpass=loop-vectorize]
r-package/dtatools/src/numeric-payload.c:657:1: remark: the cost-model indicates that vectorization is not beneficial [-Rpass-missed=loop-vectorize]
r-package/dtatools/src/numeric-payload.c:657:1: remark: the cost-model indicates that interleaving is not beneficial [-Rpass-missed=loop-vectorize]
r-package/dtatools/src/numeric-payload.c:657:1: remark: vectorized loop (vectorization width: 4, interleaved count: 4) [-Rpass=loop-vectorize]
r-package/dtatools/src/numeric-payload.c:657:1: remark: vectorized loop (vectorization width: 4, interleaved count: 4) [-Rpass=loop-vectorize]
r-package/dtatools/src/numeric-payload.c:657:1: remark: vectorized loop (vectorization width: 4, interleaved count: 4) [-Rpass=loop-vectorize]
r-package/dtatools/src/numeric-payload.c:657:1: remark: vectorized loop (vectorization width: 4, interleaved count: 4) [-Rpass=loop-vectorize]
r-package/dtatools/src/numeric-payload.c:657:1: remark: vectorized loop (vectorization width: 4, interleaved count: 4) [-Rpass=loop-vectorize]
r-package/dtatools/src/numeric-payload.c:657:1: remark: vectorized loop (vectorization width: 4, interleaved count: 4) [-Rpass=loop-vectorize]
r-package/dtatools/src/numeric-payload.c:656:1: remark: loop not vectorized [-Rpass-missed=loop-vectorize]
  656 | DEFINE_NUMERIC_SUM(int, int16_t, int_missing_offset, 0)
      | ^
r-package/dtatools/src/numeric-payload.c:656:1: remark: loop not vectorized [-Rpass-missed=loop-vectorize]
r-package/dtatools/src/numeric-payload.c:656:1: remark: loop not vectorized [-Rpass-missed=loop-vectorize]
r-package/dtatools/src/numeric-payload.c:656:1: remark: loop not vectorized [-Rpass-missed=loop-vectorize]
r-package/dtatools/src/numeric-payload.c:656:1: remark: loop not vectorized [-Rpass-missed=loop-vectorize]
r-package/dtatools/src/numeric-payload.c:656:1: remark: loop not vectorized [-Rpass-missed=loop-vectorize]
r-package/dtatools/src/numeric-payload.c:656:1: remark: the cost-model indicates that vectorization is not beneficial [-Rpass-missed=loop-vectorize]
r-package/dtatools/src/numeric-payload.c:656:1: remark: the cost-model indicates that interleaving is not beneficial [-Rpass-missed=loop-vectorize]
r-package/dtatools/src/numeric-payload.c:656:1: remark: the cost-model indicates that vectorization is not beneficial [-Rpass-missed=loop-vectorize]
r-package/dtatools/src/numeric-payload.c:656:1: remark: the cost-model indicates that interleaving is not beneficial [-Rpass-missed=loop-vectorize]
r-package/dtatools/src/numeric-payload.c:656:1: remark: the cost-model indicates that vectorization is not beneficial [-Rpass-missed=loop-vectorize]
r-package/dtatools/src/numeric-payload.c:656:1: remark: the cost-model indicates that interleaving is not beneficial [-Rpass-missed=loop-vectorize]
r-package/dtatools/src/numeric-payload.c:656:1: remark: the cost-model indicates that vectorization is not beneficial [-Rpass-missed=loop-vectorize]
r-package/dtatools/src/numeric-payload.c:656:1: remark: the cost-model indicates that interleaving is not beneficial [-Rpass-missed=loop-vectorize]
r-package/dtatools/src/numeric-payload.c:656:1: remark: vectorized loop (vectorization width: 8, interleaved count: 4) [-Rpass=loop-vectorize]
r-package/dtatools/src/numeric-payload.c:656:1: remark: vectorized loop (vectorization width: 8, interleaved count: 4) [-Rpass=loop-vectorize]
r-package/dtatools/src/numeric-payload.c:656:1: remark: vectorized loop (vectorization width: 8, interleaved count: 4) [-Rpass=loop-vectorize]
r-package/dtatools/src/numeric-payload.c:656:1: remark: vectorized loop (vectorization width: 8, interleaved count: 4) [-Rpass=loop-vectorize]
r-package/dtatools/src/numeric-payload.c:656:1: remark: vectorized loop (vectorization width: 8, interleaved count: 4) [-Rpass=loop-vectorize]
r-package/dtatools/src/numeric-payload.c:655:1: remark: loop not vectorized [-Rpass-missed=loop-vectorize]
  655 | DEFINE_NUMERIC_SUM(byte, int8_t, byte_missing_offset, 0)
      | ^
r-package/dtatools/src/numeric-payload.c:655:1: remark: loop not vectorized [-Rpass-missed=loop-vectorize]
r-package/dtatools/src/numeric-payload.c:655:1: remark: loop not vectorized [-Rpass-missed=loop-vectorize]
r-package/dtatools/src/numeric-payload.c:655:1: remark: loop not vectorized [-Rpass-missed=loop-vectorize]
r-package/dtatools/src/numeric-payload.c:655:1: remark: loop not vectorized [-Rpass-missed=loop-vectorize]
r-package/dtatools/src/numeric-payload.c:655:1: remark: loop not vectorized [-Rpass-missed=loop-vectorize]
r-package/dtatools/src/numeric-payload.c:655:1: remark: the cost-model indicates that vectorization is not beneficial [-Rpass-missed=loop-vectorize]
r-package/dtatools/src/numeric-payload.c:655:1: remark: the cost-model indicates that interleaving is not beneficial [-Rpass-missed=loop-vectorize]
r-package/dtatools/src/numeric-payload.c:655:1: remark: the cost-model indicates that vectorization is not beneficial [-Rpass-missed=loop-vectorize]
r-package/dtatools/src/numeric-payload.c:655:1: remark: the cost-model indicates that interleaving is not beneficial [-Rpass-missed=loop-vectorize]
r-package/dtatools/src/numeric-payload.c:655:1: remark: the cost-model indicates that vectorization is not beneficial [-Rpass-missed=loop-vectorize]
r-package/dtatools/src/numeric-payload.c:655:1: remark: the cost-model indicates that interleaving is not beneficial [-Rpass-missed=loop-vectorize]
r-package/dtatools/src/numeric-payload.c:655:1: remark: the cost-model indicates that vectorization is not beneficial [-Rpass-missed=loop-vectorize]
r-package/dtatools/src/numeric-payload.c:655:1: remark: the cost-model indicates that interleaving is not beneficial [-Rpass-missed=loop-vectorize]
r-package/dtatools/src/numeric-payload.c:655:1: remark: vectorized loop (vectorization width: 16, interleaved count: 2) [-Rpass=loop-vectorize]
r-package/dtatools/src/numeric-payload.c:655:1: remark: vectorized loop (vectorization width: 16, interleaved count: 2) [-Rpass=loop-vectorize]
r-package/dtatools/src/numeric-payload.c:655:1: remark: vectorized loop (vectorization width: 16, interleaved count: 4) [-Rpass=loop-vectorize]
r-package/dtatools/src/numeric-payload.c:655:1: remark: vectorized loop (vectorization width: 16, interleaved count: 4) [-Rpass=loop-vectorize]
r-package/dtatools/src/numeric-payload.c:655:1: remark: vectorized loop (vectorization width: 16, interleaved count: 4) [-Rpass=loop-vectorize]
r-package/dtatools/src/numeric-payload.c:580:1: remark: loop not vectorized [-Rpass-missed=loop-vectorize]
  580 | DEFINE_NUMERIC_KERNELS(float, float, float_missing_offset)
      | ^
r-package/dtatools/src/numeric-payload.c:580:1: remark: loop not vectorized [-Rpass-missed=loop-vectorize]
r-package/dtatools/src/numeric-payload.c:579:1: remark: loop not vectorized [-Rpass-missed=loop-vectorize]
  579 | DEFINE_NUMERIC_KERNELS(long, int32_t, long_missing_offset)
      | ^
r-package/dtatools/src/numeric-payload.c:579:1: remark: loop not vectorized [-Rpass-missed=loop-vectorize]
r-package/dtatools/src/numeric-payload.c:578:1: remark: loop not vectorized [-Rpass-missed=loop-vectorize]
  578 | DEFINE_NUMERIC_KERNELS(int, int16_t, int_missing_offset)
      | ^
r-package/dtatools/src/numeric-payload.c:578:1: remark: loop not vectorized [-Rpass-missed=loop-vectorize]
r-package/dtatools/src/numeric-payload.c:577:1: remark: loop not vectorized [-Rpass-missed=loop-vectorize]
  577 | DEFINE_NUMERIC_KERNELS(byte, int8_t, byte_missing_offset)
      | ^
r-package/dtatools/src/numeric-payload.c:577:1: remark: loop not vectorized [-Rpass-missed=loop-vectorize]
r-package/dtatools/src/numeric-payload.c:3042:5: remark: loop not vectorized [-Rpass-missed=loop-vectorize]
 3042 |     for (int visits = 0; visits < 64; visits++) {
      |     ^
r-package/dtatools/src/numeric-payload.c:3740:9: remark: loop not vectorized [-Rpass-missed=loop-vectorize]
 3740 |         for (R_xlen_t i = 0; i < XLENGTH(left); i++)
      |         ^
r-package/dtatools/src/numeric-payload.c:3750:5: remark: loop not vectorized [-Rpass-missed=loop-vectorize]
 3750 |     for (size_t n = 0; n < 2048; n++, slot = (slot + 1) & 2047U) {
      |     ^
r-package/dtatools/src/numeric-payload.c:3776:13: remark: loop not vectorized [-Rpass-missed=loop-vectorize]
 3776 |             for (R_xlen_t i = 0; i < n; i++)
      |             ^
r-package/dtatools/src/numeric-payload.c:3784:9: remark: loop not vectorized [-Rpass-missed=loop-vectorize]
 3784 |         for (size_t n = 0; n < 2048; n++, slot = (slot + 1) & 2047U) {
      |         ^
r-package/dtatools/src/numeric-payload.c:3665:9: remark: loop not vectorized [-Rpass-missed=loop-vectorize]
 3665 |         for (R_xlen_t i = 0; i < n; i++)
      |         ^
r-package/dtatools/src/numeric-payload.c:3698:5: remark: loop not vectorized [-Rpass-missed=loop-vectorize]
 3698 |     for (int i = 0; i < a.count; i++) {
      |     ^
r-package/dtatools/src/numeric-payload.c:3613:9: remark: loop not vectorized [-Rpass-missed=loop-vectorize]
 3613 |         for (R_xlen_t i = 0; i < n; i++)
      |         ^
r-package/dtatools/src/numeric-payload.c:3170:5: remark: loop not vectorized [-Rpass-missed=loop-vectorize]
 3170 |     for (R_xlen_t i = 0; i < XLENGTH(machine); i++) {
      |     ^
In file included from r-package/dtatools/src/numeric-payload.c:4553:
r-package/dtatools/src/numeric-arithmetic.h:563:9: remark: loop not vectorized [-Rpass-missed=loop-vectorize]
  563 |         for (kind = minimum + 1; kind < NUMERIC_DOUBLE; kind++) {
      |         ^
r-package/dtatools/src/numeric-payload.c:4054:9: remark: loop not vectorized [-Rpass-missed=loop-vectorize]
 4054 |         for (int i = 0; i < 4; i++) {
      |         ^
In file included from r-package/dtatools/src/numeric-payload.c:4553:
r-package/dtatools/src/numeric-arithmetic.h:221:15: remark: vectorized loop (vectorization width: 2, interleaved count: 4) [-Rpass=loop-vectorize]
  221 |     case '/': ARITHMETIC_DOUBLE_LOOP(/); break;
      |               ^
r-package/dtatools/src/numeric-arithmetic.h:221:15: remark: vectorized loop (vectorization width: 2, interleaved count: 4) [-Rpass=loop-vectorize]
r-package/dtatools/src/numeric-arithmetic.h:221:15: remark: vectorized loop (vectorization width: 2, interleaved count: 4) [-Rpass=loop-vectorize]
r-package/dtatools/src/numeric-arithmetic.h:221:15: remark: vectorized loop (vectorization width: 2, interleaved count: 4) [-Rpass=loop-vectorize]
r-package/dtatools/src/numeric-arithmetic.h:220:15: remark: vectorized loop (vectorization width: 2, interleaved count: 4) [-Rpass=loop-vectorize]
  220 |     case '*': ARITHMETIC_DOUBLE_LOOP(*); break;
      |               ^
r-package/dtatools/src/numeric-arithmetic.h:220:15: remark: vectorized loop (vectorization width: 2, interleaved count: 4) [-Rpass=loop-vectorize]
r-package/dtatools/src/numeric-arithmetic.h:220:15: remark: vectorized loop (vectorization width: 2, interleaved count: 4) [-Rpass=loop-vectorize]
r-package/dtatools/src/numeric-arithmetic.h:220:15: remark: vectorized loop (vectorization width: 2, interleaved count: 4) [-Rpass=loop-vectorize]
r-package/dtatools/src/numeric-arithmetic.h:219:15: remark: vectorized loop (vectorization width: 2, interleaved count: 4) [-Rpass=loop-vectorize]
  219 |     case '-': ARITHMETIC_DOUBLE_LOOP(-); break;
      |               ^
r-package/dtatools/src/numeric-arithmetic.h:219:15: remark: vectorized loop (vectorization width: 2, interleaved count: 4) [-Rpass=loop-vectorize]
r-package/dtatools/src/numeric-arithmetic.h:219:15: remark: vectorized loop (vectorization width: 2, interleaved count: 4) [-Rpass=loop-vectorize]
r-package/dtatools/src/numeric-arithmetic.h:219:15: remark: vectorized loop (vectorization width: 2, interleaved count: 4) [-Rpass=loop-vectorize]
r-package/dtatools/src/numeric-arithmetic.h:218:15: remark: vectorized loop (vectorization width: 2, interleaved count: 4) [-Rpass=loop-vectorize]
  218 |     case '+': ARITHMETIC_DOUBLE_LOOP(+); break;
      |               ^
r-package/dtatools/src/numeric-arithmetic.h:218:15: remark: vectorized loop (vectorization width: 2, interleaved count: 4) [-Rpass=loop-vectorize]
r-package/dtatools/src/numeric-arithmetic.h:218:15: remark: vectorized loop (vectorization width: 2, interleaved count: 4) [-Rpass=loop-vectorize]
r-package/dtatools/src/numeric-arithmetic.h:218:15: remark: vectorized loop (vectorization width: 2, interleaved count: 4) [-Rpass=loop-vectorize]
r-package/dtatools/src/numeric-arithmetic.h:523:9: remark: loop not vectorized [-Rpass-missed=loop-vectorize]
  523 |         ARITHMETIC_OPERATORS(ARITHMETIC_BLOCK_LOOP, double)
      |         ^
r-package/dtatools/src/numeric-arithmetic.h:523:9: remark: loop not vectorized [-Rpass-missed=loop-vectorize]
r-package/dtatools/src/numeric-arithmetic.h:523:9: remark: loop not vectorized [-Rpass-missed=loop-vectorize]
r-package/dtatools/src/numeric-arithmetic.h:523:9: remark: loop not vectorized [-Rpass-missed=loop-vectorize]
r-package/dtatools/src/numeric-arithmetic.h:523:9: remark: loop not vectorized [-Rpass-missed=loop-vectorize]
r-package/dtatools/src/numeric-arithmetic.h:523:9: remark: loop not vectorized [-Rpass-missed=loop-vectorize]
r-package/dtatools/src/numeric-arithmetic.h:523:9: remark: loop not vectorized [-Rpass-missed=loop-vectorize]
r-package/dtatools/src/numeric-arithmetic.h:523:9: remark: loop not vectorized [-Rpass-missed=loop-vectorize]
r-package/dtatools/src/numeric-arithmetic.h:523:9: remark: loop not vectorized [-Rpass-missed=loop-vectorize]
r-package/dtatools/src/numeric-arithmetic.h:523:9: remark: loop not vectorized [-Rpass-missed=loop-vectorize]
r-package/dtatools/src/numeric-arithmetic.h:523:9: remark: loop not vectorized [-Rpass-missed=loop-vectorize]
r-package/dtatools/src/numeric-arithmetic.h:523:9: remark: loop not vectorized [-Rpass-missed=loop-vectorize]
r-package/dtatools/src/numeric-arithmetic.h:523:9: remark: loop not vectorized [-Rpass-missed=loop-vectorize]
r-package/dtatools/src/numeric-arithmetic.h:523:9: remark: loop not vectorized [-Rpass-missed=loop-vectorize]
r-package/dtatools/src/numeric-arithmetic.h:523:9: remark: loop not vectorized [-Rpass-missed=loop-vectorize]
r-package/dtatools/src/numeric-arithmetic.h:523:9: remark: loop not vectorized [-Rpass-missed=loop-vectorize]
r-package/dtatools/src/numeric-arithmetic.h:523:9: remark: loop not vectorized [-Rpass-missed=loop-vectorize]
r-package/dtatools/src/numeric-arithmetic.h:523:9: remark: loop not vectorized [-Rpass-missed=loop-vectorize]
r-package/dtatools/src/numeric-arithmetic.h:523:9: remark: loop not vectorized [-Rpass-missed=loop-vectorize]
r-package/dtatools/src/numeric-arithmetic.h:523:9: remark: loop not vectorized [-Rpass-missed=loop-vectorize]
r-package/dtatools/src/numeric-arithmetic.h:316:28: remark: loop not vectorized [-Rpass-missed=loop-vectorize]
  316 |         case NUMERIC_BYTE: ARITHMETIC_OPERATORS(ARITHMETIC_SPAN_LOOP, int8_t); break;
      |                            ^
r-package/dtatools/src/numeric-arithmetic.h:316:28: remark: loop not vectorized [-Rpass-missed=loop-vectorize]
r-package/dtatools/src/numeric-arithmetic.h:316:28: remark: loop not vectorized [-Rpass-missed=loop-vectorize]
r-package/dtatools/src/numeric-arithmetic.h:316:28: remark: loop not vectorized [-Rpass-missed=loop-vectorize]
r-package/dtatools/src/numeric-arithmetic.h:316:28: remark: loop not vectorized [-Rpass-missed=loop-vectorize]
r-package/dtatools/src/numeric-arithmetic.h:316:28: remark: loop not vectorized [-Rpass-missed=loop-vectorize]
r-package/dtatools/src/numeric-arithmetic.h:316:28: remark: loop not vectorized [-Rpass-missed=loop-vectorize]
r-package/dtatools/src/numeric-arithmetic.h:316:28: remark: loop not vectorized [-Rpass-missed=loop-vectorize]
r-package/dtatools/src/numeric-arithmetic.h:316:28: remark: loop not vectorized [-Rpass-missed=loop-vectorize]
r-package/dtatools/src/numeric-arithmetic.h:316:28: remark: loop not vectorized [-Rpass-missed=loop-vectorize]
r-package/dtatools/src/numeric-arithmetic.h:316:28: remark: loop not vectorized [-Rpass-missed=loop-vectorize]
r-package/dtatools/src/numeric-arithmetic.h:316:28: remark: loop not vectorized [-Rpass-missed=loop-vectorize]
r-package/dtatools/src/numeric-arithmetic.h:316:28: remark: loop not vectorized [-Rpass-missed=loop-vectorize]
r-package/dtatools/src/numeric-arithmetic.h:316:28: remark: loop not vectorized [-Rpass-missed=loop-vectorize]
r-package/dtatools/src/numeric-arithmetic.h:316:28: remark: loop not vectorized [-Rpass-missed=loop-vectorize]
r-package/dtatools/src/numeric-arithmetic.h:316:28: remark: loop not vectorized [-Rpass-missed=loop-vectorize]
r-package/dtatools/src/numeric-arithmetic.h:316:28: remark: loop not vectorized [-Rpass-missed=loop-vectorize]
r-package/dtatools/src/numeric-arithmetic.h:316:28: remark: loop not vectorized [-Rpass-missed=loop-vectorize]
r-package/dtatools/src/numeric-arithmetic.h:316:28: remark: loop not vectorized [-Rpass-missed=loop-vectorize]
r-package/dtatools/src/numeric-arithmetic.h:316:28: remark: loop not vectorized [-Rpass-missed=loop-vectorize]
r-package/dtatools/src/numeric-arithmetic.h:316:28: remark: vectorized loop (vectorization width: 16, interleaved count: 1) [-Rpass=loop-vectorize]
r-package/dtatools/src/numeric-arithmetic.h:316:28: remark: vectorized loop (vectorization width: 8, interleaved count: 4) [-Rpass=loop-vectorize]
r-package/dtatools/src/numeric-arithmetic.h:316:28: remark: vectorized loop (vectorization width: 16, interleaved count: 1) [-Rpass=loop-vectorize]
r-package/dtatools/src/numeric-arithmetic.h:316:28: remark: vectorized loop (vectorization width: 16, interleaved count: 1) [-Rpass=loop-vectorize]
r-package/dtatools/src/numeric-arithmetic.h:316:28: remark: loop not vectorized [-Rpass-missed=loop-vectorize]
r-package/dtatools/src/numeric-arithmetic.h:316:28: remark: loop not vectorized [-Rpass-missed=loop-vectorize]
r-package/dtatools/src/numeric-arithmetic.h:316:28: remark: loop not vectorized [-Rpass-missed=loop-vectorize]
r-package/dtatools/src/numeric-arithmetic.h:316:28: remark: loop not vectorized [-Rpass-missed=loop-vectorize]
r-package/dtatools/src/numeric-arithmetic.h:316:28: remark: loop not vectorized [-Rpass-missed=loop-vectorize]
r-package/dtatools/src/numeric-arithmetic.h:316:28: remark: loop not vectorized [-Rpass-missed=loop-vectorize]
r-package/dtatools/src/numeric-arithmetic.h:316:28: remark: loop not vectorized [-Rpass-missed=loop-vectorize]
r-package/dtatools/src/numeric-arithmetic.h:316:28: remark: loop not vectorized [-Rpass-missed=loop-vectorize]
r-package/dtatools/src/numeric-arithmetic.h:316:28: remark: vectorized loop (vectorization width: 16, interleaved count: 1) [-Rpass=loop-vectorize]
r-package/dtatools/src/numeric-arithmetic.h:316:28: remark: vectorized loop (vectorization width: 4, interleaved count: 4) [-Rpass=loop-vectorize]
r-package/dtatools/src/numeric-arithmetic.h:316:28: remark: vectorized loop (vectorization width: 16, interleaved count: 1) [-Rpass=loop-vectorize]
r-package/dtatools/src/numeric-arithmetic.h:316:28: remark: vectorized loop (vectorization width: 16, interleaved count: 1) [-Rpass=loop-vectorize]
r-package/dtatools/src/numeric-arithmetic.h:316:28: remark: loop not vectorized [-Rpass-missed=loop-vectorize]
r-package/dtatools/src/numeric-arithmetic.h:316:28: remark: loop not vectorized [-Rpass-missed=loop-vectorize]
r-package/dtatools/src/numeric-arithmetic.h:316:28: remark: loop not vectorized [-Rpass-missed=loop-vectorize]
r-package/dtatools/src/numeric-arithmetic.h:316:28: remark: loop not vectorized [-Rpass-missed=loop-vectorize]
r-package/dtatools/src/numeric-arithmetic.h:316:28: remark: loop not vectorized [-Rpass-missed=loop-vectorize]
r-package/dtatools/src/numeric-arithmetic.h:316:28: remark: loop not vectorized [-Rpass-missed=loop-vectorize]
r-package/dtatools/src/numeric-arithmetic.h:316:28: remark: loop not vectorized [-Rpass-missed=loop-vectorize]
r-package/dtatools/src/numeric-arithmetic.h:316:28: remark: loop not vectorized [-Rpass-missed=loop-vectorize]
r-package/dtatools/src/numeric-arithmetic.h:316:28: remark: vectorized loop (vectorization width: 16, interleaved count: 1) [-Rpass=loop-vectorize]
r-package/dtatools/src/numeric-arithmetic.h:316:28: remark: vectorized loop (vectorization width: 4, interleaved count: 4) [-Rpass=loop-vectorize]
r-package/dtatools/src/numeric-arithmetic.h:316:28: remark: vectorized loop (vectorization width: 16, interleaved count: 1) [-Rpass=loop-vectorize]
r-package/dtatools/src/numeric-arithmetic.h:316:28: remark: vectorized loop (vectorization width: 16, interleaved count: 1) [-Rpass=loop-vectorize]
r-package/dtatools/src/numeric-arithmetic.h:316:28: remark: vectorized loop (vectorization width: 16, interleaved count: 1) [-Rpass=loop-vectorize]
r-package/dtatools/src/numeric-arithmetic.h:316:28: remark: vectorized loop (vectorization width: 2, interleaved count: 4) [-Rpass=loop-vectorize]
r-package/dtatools/src/numeric-arithmetic.h:316:28: remark: vectorized loop (vectorization width: 16, interleaved count: 1) [-Rpass=loop-vectorize]
r-package/dtatools/src/numeric-arithmetic.h:316:28: remark: vectorized loop (vectorization width: 16, interleaved count: 1) [-Rpass=loop-vectorize]
r-package/dtatools/src/numeric-arithmetic.h:316:28: remark: vectorized loop (vectorization width: 16, interleaved count: 1) [-Rpass=loop-vectorize]
r-package/dtatools/src/numeric-arithmetic.h:316:28: remark: vectorized loop (vectorization width: 2, interleaved count: 4) [-Rpass=loop-vectorize]
r-package/dtatools/src/numeric-arithmetic.h:316:28: remark: vectorized loop (vectorization width: 16, interleaved count: 1) [-Rpass=loop-vectorize]
r-package/dtatools/src/numeric-arithmetic.h:316:28: remark: vectorized loop (vectorization width: 16, interleaved count: 1) [-Rpass=loop-vectorize]
r-package/dtatools/src/numeric-arithmetic.h:316:28: remark: vectorized loop (vectorization width: 16, interleaved count: 1) [-Rpass=loop-vectorize]
r-package/dtatools/src/numeric-arithmetic.h:316:28: remark: vectorized loop (vectorization width: 2, interleaved count: 4) [-Rpass=loop-vectorize]
r-package/dtatools/src/numeric-arithmetic.h:316:28: remark: vectorized loop (vectorization width: 16, interleaved count: 1) [-Rpass=loop-vectorize]
r-package/dtatools/src/numeric-arithmetic.h:316:28: remark: vectorized loop (vectorization width: 16, interleaved count: 1) [-Rpass=loop-vectorize]
r-package/dtatools/src/numeric-arithmetic.h:316:28: remark: loop not vectorized [-Rpass-missed=loop-vectorize]
r-package/dtatools/src/numeric-arithmetic.h:316:28: remark: loop not vectorized [-Rpass-missed=loop-vectorize]
r-package/dtatools/src/numeric-arithmetic.h:316:28: remark: loop not vectorized [-Rpass-missed=loop-vectorize]
r-package/dtatools/src/numeric-arithmetic.h:316:28: remark: loop not vectorized [-Rpass-missed=loop-vectorize]
r-package/dtatools/src/numeric-arithmetic.h:316:28: remark: loop not vectorized [-Rpass-missed=loop-vectorize]
r-package/dtatools/src/numeric-arithmetic.h:316:28: remark: loop not vectorized [-Rpass-missed=loop-vectorize]
r-package/dtatools/src/numeric-arithmetic.h:316:28: remark: loop not vectorized [-Rpass-missed=loop-vectorize]
r-package/dtatools/src/numeric-arithmetic.h:316:28: remark: loop not vectorized [-Rpass-missed=loop-vectorize]
r-package/dtatools/src/numeric-arithmetic.h:316:28: remark: loop not vectorized [-Rpass-missed=loop-vectorize]
r-package/dtatools/src/numeric-arithmetic.h:316:28: remark: loop not vectorized [-Rpass-missed=loop-vectorize]
r-package/dtatools/src/numeric-arithmetic.h:316:28: remark: loop not vectorized [-Rpass-missed=loop-vectorize]
r-package/dtatools/src/numeric-arithmetic.h:316:28: remark: loop not vectorized [-Rpass-missed=loop-vectorize]
r-package/dtatools/src/numeric-arithmetic.h:316:28: remark: loop not vectorized [-Rpass-missed=loop-vectorize]
r-package/dtatools/src/numeric-arithmetic.h:316:28: remark: loop not vectorized [-Rpass-missed=loop-vectorize]
r-package/dtatools/src/numeric-arithmetic.h:316:28: remark: loop not vectorized [-Rpass-missed=loop-vectorize]
r-package/dtatools/src/numeric-arithmetic.h:316:28: remark: loop not vectorized [-Rpass-missed=loop-vectorize]
r-package/dtatools/src/numeric-arithmetic.h:316:28: remark: loop not vectorized [-Rpass-missed=loop-vectorize]
r-package/dtatools/src/numeric-arithmetic.h:316:28: remark: loop not vectorized [-Rpass-missed=loop-vectorize]
r-package/dtatools/src/numeric-arithmetic.h:316:28: remark: loop not vectorized [-Rpass-missed=loop-vectorize]
r-package/dtatools/src/numeric-arithmetic.h:316:28: remark: loop not vectorized [-Rpass-missed=loop-vectorize]
r-package/dtatools/src/numeric-arithmetic.h:316:28: remark: vectorized loop (vectorization width: 16, interleaved count: 1) [-Rpass=loop-vectorize]
r-package/dtatools/src/numeric-arithmetic.h:316:28: remark: vectorized loop (vectorization width: 8, interleaved count: 4) [-Rpass=loop-vectorize]
r-package/dtatools/src/numeric-arithmetic.h:316:28: remark: vectorized loop (vectorization width: 16, interleaved count: 1) [-Rpass=loop-vectorize]
r-package/dtatools/src/numeric-arithmetic.h:316:28: remark: vectorized loop (vectorization width: 16, interleaved count: 1) [-Rpass=loop-vectorize]
r-package/dtatools/src/numeric-arithmetic.h:316:28: remark: loop not vectorized [-Rpass-missed=loop-vectorize]
r-package/dtatools/src/numeric-arithmetic.h:316:28: remark: loop not vectorized [-Rpass-missed=loop-vectorize]
r-package/dtatools/src/numeric-arithmetic.h:316:28: remark: loop not vectorized [-Rpass-missed=loop-vectorize]
r-package/dtatools/src/numeric-arithmetic.h:316:28: remark: loop not vectorized [-Rpass-missed=loop-vectorize]
r-package/dtatools/src/numeric-arithmetic.h:316:28: remark: loop not vectorized [-Rpass-missed=loop-vectorize]
r-package/dtatools/src/numeric-arithmetic.h:316:28: remark: loop not vectorized [-Rpass-missed=loop-vectorize]
r-package/dtatools/src/numeric-arithmetic.h:316:28: remark: loop not vectorized [-Rpass-missed=loop-vectorize]
r-package/dtatools/src/numeric-arithmetic.h:316:28: remark: loop not vectorized [-Rpass-missed=loop-vectorize]
r-package/dtatools/src/numeric-arithmetic.h:316:28: remark: vectorized loop (vectorization width: 16, interleaved count: 1) [-Rpass=loop-vectorize]
r-package/dtatools/src/numeric-arithmetic.h:316:28: remark: vectorized loop (vectorization width: 4, interleaved count: 4) [-Rpass=loop-vectorize]
r-package/dtatools/src/numeric-arithmetic.h:316:28: remark: vectorized loop (vectorization width: 16, interleaved count: 1) [-Rpass=loop-vectorize]
r-package/dtatools/src/numeric-arithmetic.h:316:28: remark: vectorized loop (vectorization width: 16, interleaved count: 1) [-Rpass=loop-vectorize]
r-package/dtatools/src/numeric-arithmetic.h:316:28: remark: loop not vectorized [-Rpass-missed=loop-vectorize]
r-package/dtatools/src/numeric-arithmetic.h:316:28: remark: loop not vectorized [-Rpass-missed=loop-vectorize]
r-package/dtatools/src/numeric-arithmetic.h:316:28: remark: loop not vectorized [-Rpass-missed=loop-vectorize]
r-package/dtatools/src/numeric-arithmetic.h:316:28: remark: loop not vectorized [-Rpass-missed=loop-vectorize]
r-package/dtatools/src/numeric-arithmetic.h:316:28: remark: loop not vectorized [-Rpass-missed=loop-vectorize]
r-package/dtatools/src/numeric-arithmetic.h:316:28: remark: loop not vectorized [-Rpass-missed=loop-vectorize]
r-package/dtatools/src/numeric-arithmetic.h:316:28: remark: loop not vectorized [-Rpass-missed=loop-vectorize]
r-package/dtatools/src/numeric-arithmetic.h:316:28: remark: loop not vectorized [-Rpass-missed=loop-vectorize]
r-package/dtatools/src/numeric-arithmetic.h:316:28: remark: vectorized loop (vectorization width: 16, interleaved count: 1) [-Rpass=loop-vectorize]
r-package/dtatools/src/numeric-arithmetic.h:316:28: remark: vectorized loop (vectorization width: 4, interleaved count: 4) [-Rpass=loop-vectorize]
r-package/dtatools/src/numeric-arithmetic.h:316:28: remark: vectorized loop (vectorization width: 16, interleaved count: 1) [-Rpass=loop-vectorize]
r-package/dtatools/src/numeric-arithmetic.h:316:28: remark: vectorized loop (vectorization width: 16, interleaved count: 1) [-Rpass=loop-vectorize]
r-package/dtatools/src/numeric-arithmetic.h:316:28: remark: vectorized loop (vectorization width: 16, interleaved count: 1) [-Rpass=loop-vectorize]
r-package/dtatools/src/numeric-arithmetic.h:316:28: remark: vectorized loop (vectorization width: 2, interleaved count: 4) [-Rpass=loop-vectorize]
r-package/dtatools/src/numeric-arithmetic.h:316:28: remark: vectorized loop (vectorization width: 16, interleaved count: 1) [-Rpass=loop-vectorize]
r-package/dtatools/src/numeric-arithmetic.h:316:28: remark: vectorized loop (vectorization width: 16, interleaved count: 1) [-Rpass=loop-vectorize]
r-package/dtatools/src/numeric-arithmetic.h:316:28: remark: vectorized loop (vectorization width: 16, interleaved count: 1) [-Rpass=loop-vectorize]
r-package/dtatools/src/numeric-arithmetic.h:316:28: remark: vectorized loop (vectorization width: 2, interleaved count: 4) [-Rpass=loop-vectorize]
r-package/dtatools/src/numeric-arithmetic.h:316:28: remark: vectorized loop (vectorization width: 16, interleaved count: 1) [-Rpass=loop-vectorize]
r-package/dtatools/src/numeric-arithmetic.h:316:28: remark: vectorized loop (vectorization width: 16, interleaved count: 1) [-Rpass=loop-vectorize]
r-package/dtatools/src/numeric-arithmetic.h:316:28: remark: vectorized loop (vectorization width: 16, interleaved count: 1) [-Rpass=loop-vectorize]
r-package/dtatools/src/numeric-arithmetic.h:316:28: remark: vectorized loop (vectorization width: 2, interleaved count: 4) [-Rpass=loop-vectorize]
r-package/dtatools/src/numeric-arithmetic.h:316:28: remark: vectorized loop (vectorization width: 16, interleaved count: 1) [-Rpass=loop-vectorize]
r-package/dtatools/src/numeric-arithmetic.h:316:28: remark: vectorized loop (vectorization width: 16, interleaved count: 1) [-Rpass=loop-vectorize]
r-package/dtatools/src/numeric-arithmetic.h:316:28: remark: loop not vectorized [-Rpass-missed=loop-vectorize]
r-package/dtatools/src/numeric-arithmetic.h:316:28: remark: loop not vectorized [-Rpass-missed=loop-vectorize]
r-package/dtatools/src/numeric-arithmetic.h:316:28: remark: loop not vectorized [-Rpass-missed=loop-vectorize]
r-package/dtatools/src/numeric-arithmetic.h:316:28: remark: loop not vectorized [-Rpass-missed=loop-vectorize]
r-package/dtatools/src/numeric-arithmetic.h:316:28: remark: loop not vectorized [-Rpass-missed=loop-vectorize]
r-package/dtatools/src/numeric-arithmetic.h:316:28: remark: loop not vectorized [-Rpass-missed=loop-vectorize]
r-package/dtatools/src/numeric-arithmetic.h:316:28: remark: loop not vectorized [-Rpass-missed=loop-vectorize]
r-package/dtatools/src/numeric-arithmetic.h:316:28: remark: loop not vectorized [-Rpass-missed=loop-vectorize]
r-package/dtatools/src/numeric-arithmetic.h:316:28: remark: loop not vectorized [-Rpass-missed=loop-vectorize]
r-package/dtatools/src/numeric-arithmetic.h:316:28: remark: loop not vectorized [-Rpass-missed=loop-vectorize]
r-package/dtatools/src/numeric-arithmetic.h:316:28: remark: loop not vectorized [-Rpass-missed=loop-vectorize]
r-package/dtatools/src/numeric-arithmetic.h:316:28: remark: loop not vectorized [-Rpass-missed=loop-vectorize]
r-package/dtatools/src/numeric-arithmetic.h:316:28: remark: loop not vectorized [-Rpass-missed=loop-vectorize]
r-package/dtatools/src/numeric-arithmetic.h:316:28: remark: loop not vectorized [-Rpass-missed=loop-vectorize]
r-package/dtatools/src/numeric-arithmetic.h:316:28: remark: loop not vectorized [-Rpass-missed=loop-vectorize]
r-package/dtatools/src/numeric-arithmetic.h:316:28: remark: loop not vectorized [-Rpass-missed=loop-vectorize]
r-package/dtatools/src/numeric-arithmetic.h:316:28: remark: loop not vectorized [-Rpass-missed=loop-vectorize]
r-package/dtatools/src/numeric-arithmetic.h:316:28: remark: loop not vectorized [-Rpass-missed=loop-vectorize]
r-package/dtatools/src/numeric-arithmetic.h:316:28: remark: loop not vectorized [-Rpass-missed=loop-vectorize]
r-package/dtatools/src/numeric-arithmetic.h:316:28: remark: loop not vectorized [-Rpass-missed=loop-vectorize]
r-package/dtatools/src/numeric-arithmetic.h:316:28: remark: vectorized loop (vectorization width: 16, interleaved count: 1) [-Rpass=loop-vectorize]
r-package/dtatools/src/numeric-arithmetic.h:316:28: remark: vectorized loop (vectorization width: 8, interleaved count: 4) [-Rpass=loop-vectorize]
r-package/dtatools/src/numeric-arithmetic.h:316:28: remark: vectorized loop (vectorization width: 16, interleaved count: 1) [-Rpass=loop-vectorize]
r-package/dtatools/src/numeric-arithmetic.h:316:28: remark: vectorized loop (vectorization width: 16, interleaved count: 1) [-Rpass=loop-vectorize]
r-package/dtatools/src/numeric-arithmetic.h:316:28: remark: loop not vectorized [-Rpass-missed=loop-vectorize]
r-package/dtatools/src/numeric-arithmetic.h:316:28: remark: loop not vectorized [-Rpass-missed=loop-vectorize]
r-package/dtatools/src/numeric-arithmetic.h:316:28: remark: loop not vectorized [-Rpass-missed=loop-vectorize]
r-package/dtatools/src/numeric-arithmetic.h:316:28: remark: loop not vectorized [-Rpass-missed=loop-vectorize]
r-package/dtatools/src/numeric-arithmetic.h:316:28: remark: loop not vectorized [-Rpass-missed=loop-vectorize]
r-package/dtatools/src/numeric-arithmetic.h:316:28: remark: loop not vectorized [-Rpass-missed=loop-vectorize]
r-package/dtatools/src/numeric-arithmetic.h:316:28: remark: loop not vectorized [-Rpass-missed=loop-vectorize]
r-package/dtatools/src/numeric-arithmetic.h:316:28: remark: loop not vectorized [-Rpass-missed=loop-vectorize]
r-package/dtatools/src/numeric-arithmetic.h:316:28: remark: vectorized loop (vectorization width: 16, interleaved count: 1) [-Rpass=loop-vectorize]
r-package/dtatools/src/numeric-arithmetic.h:316:28: remark: vectorized loop (vectorization width: 4, interleaved count: 4) [-Rpass=loop-vectorize]
r-package/dtatools/src/numeric-arithmetic.h:316:28: remark: vectorized loop (vectorization width: 16, interleaved count: 1) [-Rpass=loop-vectorize]
r-package/dtatools/src/numeric-arithmetic.h:316:28: remark: vectorized loop (vectorization width: 16, interleaved count: 1) [-Rpass=loop-vectorize]
r-package/dtatools/src/numeric-arithmetic.h:316:28: remark: loop not vectorized [-Rpass-missed=loop-vectorize]
r-package/dtatools/src/numeric-arithmetic.h:316:28: remark: loop not vectorized [-Rpass-missed=loop-vectorize]
r-package/dtatools/src/numeric-arithmetic.h:316:28: remark: loop not vectorized [-Rpass-missed=loop-vectorize]
r-package/dtatools/src/numeric-arithmetic.h:316:28: remark: loop not vectorized [-Rpass-missed=loop-vectorize]
r-package/dtatools/src/numeric-arithmetic.h:316:28: remark: loop not vectorized [-Rpass-missed=loop-vectorize]
r-package/dtatools/src/numeric-arithmetic.h:316:28: remark: loop not vectorized [-Rpass-missed=loop-vectorize]
r-package/dtatools/src/numeric-arithmetic.h:316:28: remark: loop not vectorized [-Rpass-missed=loop-vectorize]
r-package/dtatools/src/numeric-arithmetic.h:316:28: remark: loop not vectorized [-Rpass-missed=loop-vectorize]
r-package/dtatools/src/numeric-arithmetic.h:316:28: remark: vectorized loop (vectorization width: 16, interleaved count: 1) [-Rpass=loop-vectorize]
r-package/dtatools/src/numeric-arithmetic.h:316:28: remark: vectorized loop (vectorization width: 4, interleaved count: 4) [-Rpass=loop-vectorize]
r-package/dtatools/src/numeric-arithmetic.h:316:28: remark: vectorized loop (vectorization width: 16, interleaved count: 1) [-Rpass=loop-vectorize]
r-package/dtatools/src/numeric-arithmetic.h:316:28: remark: vectorized loop (vectorization width: 16, interleaved count: 1) [-Rpass=loop-vectorize]
r-package/dtatools/src/numeric-arithmetic.h:316:28: remark: vectorized loop (vectorization width: 16, interleaved count: 1) [-Rpass=loop-vectorize]
r-package/dtatools/src/numeric-arithmetic.h:316:28: remark: vectorized loop (vectorization width: 2, interleaved count: 4) [-Rpass=loop-vectorize]
r-package/dtatools/src/numeric-arithmetic.h:316:28: remark: vectorized loop (vectorization width: 16, interleaved count: 1) [-Rpass=loop-vectorize]
r-package/dtatools/src/numeric-arithmetic.h:316:28: remark: vectorized loop (vectorization width: 16, interleaved count: 1) [-Rpass=loop-vectorize]
r-package/dtatools/src/numeric-arithmetic.h:316:28: remark: vectorized loop (vectorization width: 16, interleaved count: 1) [-Rpass=loop-vectorize]
r-package/dtatools/src/numeric-arithmetic.h:316:28: remark: vectorized loop (vectorization width: 2, interleaved count: 4) [-Rpass=loop-vectorize]
r-package/dtatools/src/numeric-arithmetic.h:316:28: remark: vectorized loop (vectorization width: 16, interleaved count: 1) [-Rpass=loop-vectorize]
r-package/dtatools/src/numeric-arithmetic.h:316:28: remark: vectorized loop (vectorization width: 16, interleaved count: 1) [-Rpass=loop-vectorize]
r-package/dtatools/src/numeric-arithmetic.h:316:28: remark: vectorized loop (vectorization width: 16, interleaved count: 1) [-Rpass=loop-vectorize]
r-package/dtatools/src/numeric-arithmetic.h:316:28: remark: vectorized loop (vectorization width: 2, interleaved count: 4) [-Rpass=loop-vectorize]
r-package/dtatools/src/numeric-arithmetic.h:316:28: remark: vectorized loop (vectorization width: 16, interleaved count: 1) [-Rpass=loop-vectorize]
r-package/dtatools/src/numeric-arithmetic.h:316:28: remark: vectorized loop (vectorization width: 16, interleaved count: 1) [-Rpass=loop-vectorize]
r-package/dtatools/src/numeric-arithmetic.h:316:28: remark: loop not vectorized [-Rpass-missed=loop-vectorize]
r-package/dtatools/src/numeric-arithmetic.h:316:28: remark: loop not vectorized [-Rpass-missed=loop-vectorize]
r-package/dtatools/src/numeric-arithmetic.h:316:28: remark: loop not vectorized [-Rpass-missed=loop-vectorize]
r-package/dtatools/src/numeric-arithmetic.h:316:28: remark: loop not vectorized [-Rpass-missed=loop-vectorize]
r-package/dtatools/src/numeric-arithmetic.h:316:28: remark: loop not vectorized [-Rpass-missed=loop-vectorize]
r-package/dtatools/src/numeric-arithmetic.h:316:28: remark: loop not vectorized [-Rpass-missed=loop-vectorize]
r-package/dtatools/src/numeric-arithmetic.h:316:28: remark: loop not vectorized [-Rpass-missed=loop-vectorize]
r-package/dtatools/src/numeric-arithmetic.h:316:28: remark: loop not vectorized [-Rpass-missed=loop-vectorize]
r-package/dtatools/src/numeric-arithmetic.h:316:28: remark: loop not vectorized [-Rpass-missed=loop-vectorize]
r-package/dtatools/src/numeric-arithmetic.h:316:28: remark: loop not vectorized [-Rpass-missed=loop-vectorize]
r-package/dtatools/src/numeric-arithmetic.h:316:28: remark: loop not vectorized [-Rpass-missed=loop-vectorize]
r-package/dtatools/src/numeric-arithmetic.h:316:28: remark: loop not vectorized [-Rpass-missed=loop-vectorize]
r-package/dtatools/src/numeric-arithmetic.h:316:28: remark: loop not vectorized [-Rpass-missed=loop-vectorize]
r-package/dtatools/src/numeric-arithmetic.h:316:28: remark: loop not vectorized [-Rpass-missed=loop-vectorize]
r-package/dtatools/src/numeric-arithmetic.h:316:28: remark: loop not vectorized [-Rpass-missed=loop-vectorize]
r-package/dtatools/src/numeric-arithmetic.h:316:28: remark: loop not vectorized [-Rpass-missed=loop-vectorize]
r-package/dtatools/src/numeric-arithmetic.h:316:28: remark: loop not vectorized [-Rpass-missed=loop-vectorize]
r-package/dtatools/src/numeric-arithmetic.h:316:28: remark: loop not vectorized [-Rpass-missed=loop-vectorize]
r-package/dtatools/src/numeric-arithmetic.h:316:28: remark: loop not vectorized [-Rpass-missed=loop-vectorize]
r-package/dtatools/src/numeric-arithmetic.h:316:28: remark: loop not vectorized [-Rpass-missed=loop-vectorize]
r-package/dtatools/src/numeric-arithmetic.h:316:28: remark: vectorized loop (vectorization width: 16, interleaved count: 1) [-Rpass=loop-vectorize]
r-package/dtatools/src/numeric-arithmetic.h:316:28: remark: vectorized loop (vectorization width: 8, interleaved count: 4) [-Rpass=loop-vectorize]
r-package/dtatools/src/numeric-arithmetic.h:316:28: remark: vectorized loop (vectorization width: 16, interleaved count: 1) [-Rpass=loop-vectorize]
r-package/dtatools/src/numeric-arithmetic.h:316:28: remark: vectorized loop (vectorization width: 16, interleaved count: 1) [-Rpass=loop-vectorize]
r-package/dtatools/src/numeric-arithmetic.h:316:28: remark: loop not vectorized [-Rpass-missed=loop-vectorize]
r-package/dtatools/src/numeric-arithmetic.h:316:28: remark: loop not vectorized [-Rpass-missed=loop-vectorize]
r-package/dtatools/src/numeric-arithmetic.h:316:28: remark: loop not vectorized [-Rpass-missed=loop-vectorize]
r-package/dtatools/src/numeric-arithmetic.h:316:28: remark: loop not vectorized [-Rpass-missed=loop-vectorize]
r-package/dtatools/src/numeric-arithmetic.h:316:28: remark: loop not vectorized [-Rpass-missed=loop-vectorize]
r-package/dtatools/src/numeric-arithmetic.h:316:28: remark: loop not vectorized [-Rpass-missed=loop-vectorize]
r-package/dtatools/src/numeric-arithmetic.h:316:28: remark: loop not vectorized [-Rpass-missed=loop-vectorize]
r-package/dtatools/src/numeric-arithmetic.h:316:28: remark: loop not vectorized [-Rpass-missed=loop-vectorize]
r-package/dtatools/src/numeric-arithmetic.h:316:28: remark: vectorized loop (vectorization width: 16, interleaved count: 1) [-Rpass=loop-vectorize]
r-package/dtatools/src/numeric-arithmetic.h:316:28: remark: vectorized loop (vectorization width: 4, interleaved count: 4) [-Rpass=loop-vectorize]
r-package/dtatools/src/numeric-arithmetic.h:316:28: remark: vectorized loop (vectorization width: 16, interleaved count: 1) [-Rpass=loop-vectorize]
r-package/dtatools/src/numeric-arithmetic.h:316:28: remark: vectorized loop (vectorization width: 16, interleaved count: 1) [-Rpass=loop-vectorize]
r-package/dtatools/src/numeric-arithmetic.h:316:28: remark: loop not vectorized [-Rpass-missed=loop-vectorize]
r-package/dtatools/src/numeric-arithmetic.h:316:28: remark: loop not vectorized [-Rpass-missed=loop-vectorize]
r-package/dtatools/src/numeric-arithmetic.h:316:28: remark: loop not vectorized [-Rpass-missed=loop-vectorize]
r-package/dtatools/src/numeric-arithmetic.h:316:28: remark: loop not vectorized [-Rpass-missed=loop-vectorize]
r-package/dtatools/src/numeric-arithmetic.h:316:28: remark: loop not vectorized [-Rpass-missed=loop-vectorize]
r-package/dtatools/src/numeric-arithmetic.h:316:28: remark: loop not vectorized [-Rpass-missed=loop-vectorize]
r-package/dtatools/src/numeric-arithmetic.h:316:28: remark: loop not vectorized [-Rpass-missed=loop-vectorize]
r-package/dtatools/src/numeric-arithmetic.h:316:28: remark: loop not vectorized [-Rpass-missed=loop-vectorize]
r-package/dtatools/src/numeric-arithmetic.h:316:28: remark: vectorized loop (vectorization width: 16, interleaved count: 1) [-Rpass=loop-vectorize]
r-package/dtatools/src/numeric-arithmetic.h:316:28: remark: vectorized loop (vectorization width: 4, interleaved count: 4) [-Rpass=loop-vectorize]
r-package/dtatools/src/numeric-arithmetic.h:316:28: remark: vectorized loop (vectorization width: 16, interleaved count: 1) [-Rpass=loop-vectorize]
r-package/dtatools/src/numeric-arithmetic.h:316:28: remark: vectorized loop (vectorization width: 16, interleaved count: 1) [-Rpass=loop-vectorize]
r-package/dtatools/src/numeric-arithmetic.h:316:28: remark: vectorized loop (vectorization width: 16, interleaved count: 1) [-Rpass=loop-vectorize]
r-package/dtatools/src/numeric-arithmetic.h:316:28: remark: vectorized loop (vectorization width: 2, interleaved count: 4) [-Rpass=loop-vectorize]
r-package/dtatools/src/numeric-arithmetic.h:316:28: remark: vectorized loop (vectorization width: 16, interleaved count: 1) [-Rpass=loop-vectorize]
r-package/dtatools/src/numeric-arithmetic.h:316:28: remark: vectorized loop (vectorization width: 16, interleaved count: 1) [-Rpass=loop-vectorize]
r-package/dtatools/src/numeric-arithmetic.h:316:28: remark: vectorized loop (vectorization width: 16, interleaved count: 1) [-Rpass=loop-vectorize]
r-package/dtatools/src/numeric-arithmetic.h:316:28: remark: vectorized loop (vectorization width: 2, interleaved count: 4) [-Rpass=loop-vectorize]
r-package/dtatools/src/numeric-arithmetic.h:316:28: remark: vectorized loop (vectorization width: 16, interleaved count: 1) [-Rpass=loop-vectorize]
r-package/dtatools/src/numeric-arithmetic.h:316:28: remark: vectorized loop (vectorization width: 16, interleaved count: 1) [-Rpass=loop-vectorize]
r-package/dtatools/src/numeric-arithmetic.h:316:28: remark: vectorized loop (vectorization width: 16, interleaved count: 1) [-Rpass=loop-vectorize]
r-package/dtatools/src/numeric-arithmetic.h:316:28: remark: vectorized loop (vectorization width: 2, interleaved count: 4) [-Rpass=loop-vectorize]
r-package/dtatools/src/numeric-arithmetic.h:316:28: remark: vectorized loop (vectorization width: 16, interleaved count: 1) [-Rpass=loop-vectorize]
r-package/dtatools/src/numeric-arithmetic.h:316:28: remark: vectorized loop (vectorization width: 16, interleaved count: 1) [-Rpass=loop-vectorize]
r-package/dtatools/src/numeric-arithmetic.h:317:27: remark: loop not vectorized [-Rpass-missed=loop-vectorize]
  317 |         case NUMERIC_INT: ARITHMETIC_OPERATORS(ARITHMETIC_SPAN_LOOP, int16_t); break;
      |                           ^
r-package/dtatools/src/numeric-arithmetic.h:317:27: remark: loop not vectorized [-Rpass-missed=loop-vectorize]
r-package/dtatools/src/numeric-arithmetic.h:317:27: remark: loop not vectorized [-Rpass-missed=loop-vectorize]
r-package/dtatools/src/numeric-arithmetic.h:317:27: remark: loop not vectorized [-Rpass-missed=loop-vectorize]
r-package/dtatools/src/numeric-arithmetic.h:317:27: remark: loop not vectorized [-Rpass-missed=loop-vectorize]
r-package/dtatools/src/numeric-arithmetic.h:317:27: remark: loop not vectorized [-Rpass-missed=loop-vectorize]
r-package/dtatools/src/numeric-arithmetic.h:317:27: remark: loop not vectorized [-Rpass-missed=loop-vectorize]
r-package/dtatools/src/numeric-arithmetic.h:317:27: remark: loop not vectorized [-Rpass-missed=loop-vectorize]
r-package/dtatools/src/numeric-arithmetic.h:317:27: remark: loop not vectorized [-Rpass-missed=loop-vectorize]
r-package/dtatools/src/numeric-arithmetic.h:317:27: remark: loop not vectorized [-Rpass-missed=loop-vectorize]
r-package/dtatools/src/numeric-arithmetic.h:317:27: remark: loop not vectorized [-Rpass-missed=loop-vectorize]
r-package/dtatools/src/numeric-arithmetic.h:317:27: remark: loop not vectorized [-Rpass-missed=loop-vectorize]
r-package/dtatools/src/numeric-arithmetic.h:317:27: remark: loop not vectorized [-Rpass-missed=loop-vectorize]
r-package/dtatools/src/numeric-arithmetic.h:317:27: remark: loop not vectorized [-Rpass-missed=loop-vectorize]
r-package/dtatools/src/numeric-arithmetic.h:317:27: remark: loop not vectorized [-Rpass-missed=loop-vectorize]
r-package/dtatools/src/numeric-arithmetic.h:317:27: remark: loop not vectorized [-Rpass-missed=loop-vectorize]
r-package/dtatools/src/numeric-arithmetic.h:317:27: remark: loop not vectorized [-Rpass-missed=loop-vectorize]
r-package/dtatools/src/numeric-arithmetic.h:317:27: remark: loop not vectorized [-Rpass-missed=loop-vectorize]
r-package/dtatools/src/numeric-arithmetic.h:317:27: remark: loop not vectorized [-Rpass-missed=loop-vectorize]
r-package/dtatools/src/numeric-arithmetic.h:317:27: remark: loop not vectorized [-Rpass-missed=loop-vectorize]
r-package/dtatools/src/numeric-arithmetic.h:317:27: remark: vectorized loop (vectorization width: 8, interleaved count: 2) [-Rpass=loop-vectorize]
r-package/dtatools/src/numeric-arithmetic.h:317:27: remark: vectorized loop (vectorization width: 8, interleaved count: 4) [-Rpass=loop-vectorize]
r-package/dtatools/src/numeric-arithmetic.h:317:27: remark: vectorized loop (vectorization width: 8, interleaved count: 2) [-Rpass=loop-vectorize]
r-package/dtatools/src/numeric-arithmetic.h:317:27: remark: vectorized loop (vectorization width: 8, interleaved count: 2) [-Rpass=loop-vectorize]
r-package/dtatools/src/numeric-arithmetic.h:317:27: remark: loop not vectorized [-Rpass-missed=loop-vectorize]
r-package/dtatools/src/numeric-arithmetic.h:317:27: remark: loop not vectorized [-Rpass-missed=loop-vectorize]
r-package/dtatools/src/numeric-arithmetic.h:317:27: remark: loop not vectorized [-Rpass-missed=loop-vectorize]
r-package/dtatools/src/numeric-arithmetic.h:317:27: remark: loop not vectorized [-Rpass-missed=loop-vectorize]
r-package/dtatools/src/numeric-arithmetic.h:317:27: remark: loop not vectorized [-Rpass-missed=loop-vectorize]
r-package/dtatools/src/numeric-arithmetic.h:317:27: remark: loop not vectorized [-Rpass-missed=loop-vectorize]
r-package/dtatools/src/numeric-arithmetic.h:317:27: remark: loop not vectorized [-Rpass-missed=loop-vectorize]
r-package/dtatools/src/numeric-arithmetic.h:317:27: remark: loop not vectorized [-Rpass-missed=loop-vectorize]
r-package/dtatools/src/numeric-arithmetic.h:317:27: remark: vectorized loop (vectorization width: 8, interleaved count: 2) [-Rpass=loop-vectorize]
r-package/dtatools/src/numeric-arithmetic.h:317:27: remark: vectorized loop (vectorization width: 4, interleaved count: 4) [-Rpass=loop-vectorize]
r-package/dtatools/src/numeric-arithmetic.h:317:27: remark: vectorized loop (vectorization width: 8, interleaved count: 2) [-Rpass=loop-vectorize]
r-package/dtatools/src/numeric-arithmetic.h:317:27: remark: vectorized loop (vectorization width: 8, interleaved count: 2) [-Rpass=loop-vectorize]
r-package/dtatools/src/numeric-arithmetic.h:317:27: remark: loop not vectorized [-Rpass-missed=loop-vectorize]
r-package/dtatools/src/numeric-arithmetic.h:317:27: remark: loop not vectorized [-Rpass-missed=loop-vectorize]
r-package/dtatools/src/numeric-arithmetic.h:317:27: remark: loop not vectorized [-Rpass-missed=loop-vectorize]
r-package/dtatools/src/numeric-arithmetic.h:317:27: remark: loop not vectorized [-Rpass-missed=loop-vectorize]
r-package/dtatools/src/numeric-arithmetic.h:317:27: remark: loop not vectorized [-Rpass-missed=loop-vectorize]
r-package/dtatools/src/numeric-arithmetic.h:317:27: remark: loop not vectorized [-Rpass-missed=loop-vectorize]
r-package/dtatools/src/numeric-arithmetic.h:317:27: remark: loop not vectorized [-Rpass-missed=loop-vectorize]
r-package/dtatools/src/numeric-arithmetic.h:317:27: remark: loop not vectorized [-Rpass-missed=loop-vectorize]
r-package/dtatools/src/numeric-arithmetic.h:317:27: remark: vectorized loop (vectorization width: 8, interleaved count: 2) [-Rpass=loop-vectorize]
r-package/dtatools/src/numeric-arithmetic.h:317:27: remark: vectorized loop (vectorization width: 4, interleaved count: 4) [-Rpass=loop-vectorize]
r-package/dtatools/src/numeric-arithmetic.h:317:27: remark: vectorized loop (vectorization width: 8, interleaved count: 2) [-Rpass=loop-vectorize]
r-package/dtatools/src/numeric-arithmetic.h:317:27: remark: vectorized loop (vectorization width: 8, interleaved count: 2) [-Rpass=loop-vectorize]
r-package/dtatools/src/numeric-arithmetic.h:317:27: remark: vectorized loop (vectorization width: 8, interleaved count: 2) [-Rpass=loop-vectorize]
r-package/dtatools/src/numeric-arithmetic.h:317:27: remark: vectorized loop (vectorization width: 2, interleaved count: 4) [-Rpass=loop-vectorize]
r-package/dtatools/src/numeric-arithmetic.h:317:27: remark: vectorized loop (vectorization width: 8, interleaved count: 2) [-Rpass=loop-vectorize]
r-package/dtatools/src/numeric-arithmetic.h:317:27: remark: vectorized loop (vectorization width: 8, interleaved count: 2) [-Rpass=loop-vectorize]
r-package/dtatools/src/numeric-arithmetic.h:317:27: remark: vectorized loop (vectorization width: 8, interleaved count: 2) [-Rpass=loop-vectorize]
r-package/dtatools/src/numeric-arithmetic.h:317:27: remark: vectorized loop (vectorization width: 2, interleaved count: 4) [-Rpass=loop-vectorize]
r-package/dtatools/src/numeric-arithmetic.h:317:27: remark: vectorized loop (vectorization width: 8, interleaved count: 2) [-Rpass=loop-vectorize]
r-package/dtatools/src/numeric-arithmetic.h:317:27: remark: vectorized loop (vectorization width: 8, interleaved count: 2) [-Rpass=loop-vectorize]
r-package/dtatools/src/numeric-arithmetic.h:317:27: remark: vectorized loop (vectorization width: 8, interleaved count: 2) [-Rpass=loop-vectorize]
r-package/dtatools/src/numeric-arithmetic.h:317:27: remark: vectorized loop (vectorization width: 2, interleaved count: 4) [-Rpass=loop-vectorize]
r-package/dtatools/src/numeric-arithmetic.h:317:27: remark: vectorized loop (vectorization width: 8, interleaved count: 2) [-Rpass=loop-vectorize]
r-package/dtatools/src/numeric-arithmetic.h:317:27: remark: vectorized loop (vectorization width: 8, interleaved count: 2) [-Rpass=loop-vectorize]
r-package/dtatools/src/numeric-arithmetic.h:317:27: remark: loop not vectorized [-Rpass-missed=loop-vectorize]
r-package/dtatools/src/numeric-arithmetic.h:317:27: remark: loop not vectorized [-Rpass-missed=loop-vectorize]
r-package/dtatools/src/numeric-arithmetic.h:317:27: remark: loop not vectorized [-Rpass-missed=loop-vectorize]
r-package/dtatools/src/numeric-arithmetic.h:317:27: remark: loop not vectorized [-Rpass-missed=loop-vectorize]
r-package/dtatools/src/numeric-arithmetic.h:317:27: remark: loop not vectorized [-Rpass-missed=loop-vectorize]
r-package/dtatools/src/numeric-arithmetic.h:317:27: remark: loop not vectorized [-Rpass-missed=loop-vectorize]
r-package/dtatools/src/numeric-arithmetic.h:317:27: remark: loop not vectorized [-Rpass-missed=loop-vectorize]
r-package/dtatools/src/numeric-arithmetic.h:317:27: remark: loop not vectorized [-Rpass-missed=loop-vectorize]
r-package/dtatools/src/numeric-arithmetic.h:317:27: remark: loop not vectorized [-Rpass-missed=loop-vectorize]
r-package/dtatools/src/numeric-arithmetic.h:317:27: remark: loop not vectorized [-Rpass-missed=loop-vectorize]
r-package/dtatools/src/numeric-arithmetic.h:317:27: remark: loop not vectorized [-Rpass-missed=loop-vectorize]
r-package/dtatools/src/numeric-arithmetic.h:317:27: remark: loop not vectorized [-Rpass-missed=loop-vectorize]
r-package/dtatools/src/numeric-arithmetic.h:317:27: remark: loop not vectorized [-Rpass-missed=loop-vectorize]
r-package/dtatools/src/numeric-arithmetic.h:317:27: remark: loop not vectorized [-Rpass-missed=loop-vectorize]
r-package/dtatools/src/numeric-arithmetic.h:317:27: remark: loop not vectorized [-Rpass-missed=loop-vectorize]
r-package/dtatools/src/numeric-arithmetic.h:317:27: remark: loop not vectorized [-Rpass-missed=loop-vectorize]
r-package/dtatools/src/numeric-arithmetic.h:317:27: remark: loop not vectorized [-Rpass-missed=loop-vectorize]
r-package/dtatools/src/numeric-arithmetic.h:317:27: remark: loop not vectorized [-Rpass-missed=loop-vectorize]
r-package/dtatools/src/numeric-arithmetic.h:317:27: remark: loop not vectorized [-Rpass-missed=loop-vectorize]
r-package/dtatools/src/numeric-arithmetic.h:317:27: remark: loop not vectorized [-Rpass-missed=loop-vectorize]
r-package/dtatools/src/numeric-arithmetic.h:317:27: remark: vectorized loop (vectorization width: 8, interleaved count: 2) [-Rpass=loop-vectorize]
r-package/dtatools/src/numeric-arithmetic.h:317:27: remark: vectorized loop (vectorization width: 8, interleaved count: 4) [-Rpass=loop-vectorize]
r-package/dtatools/src/numeric-arithmetic.h:317:27: remark: vectorized loop (vectorization width: 8, interleaved count: 2) [-Rpass=loop-vectorize]
r-package/dtatools/src/numeric-arithmetic.h:317:27: remark: vectorized loop (vectorization width: 8, interleaved count: 2) [-Rpass=loop-vectorize]
r-package/dtatools/src/numeric-arithmetic.h:317:27: remark: loop not vectorized [-Rpass-missed=loop-vectorize]
r-package/dtatools/src/numeric-arithmetic.h:317:27: remark: loop not vectorized [-Rpass-missed=loop-vectorize]
r-package/dtatools/src/numeric-arithmetic.h:317:27: remark: loop not vectorized [-Rpass-missed=loop-vectorize]
r-package/dtatools/src/numeric-arithmetic.h:317:27: remark: loop not vectorized [-Rpass-missed=loop-vectorize]
r-package/dtatools/src/numeric-arithmetic.h:317:27: remark: loop not vectorized [-Rpass-missed=loop-vectorize]
r-package/dtatools/src/numeric-arithmetic.h:317:27: remark: loop not vectorized [-Rpass-missed=loop-vectorize]
r-package/dtatools/src/numeric-arithmetic.h:317:27: remark: loop not vectorized [-Rpass-missed=loop-vectorize]
r-package/dtatools/src/numeric-arithmetic.h:317:27: remark: loop not vectorized [-Rpass-missed=loop-vectorize]
r-package/dtatools/src/numeric-arithmetic.h:317:27: remark: vectorized loop (vectorization width: 8, interleaved count: 2) [-Rpass=loop-vectorize]
r-package/dtatools/src/numeric-arithmetic.h:317:27: remark: vectorized loop (vectorization width: 4, interleaved count: 4) [-Rpass=loop-vectorize]
r-package/dtatools/src/numeric-arithmetic.h:317:27: remark: vectorized loop (vectorization width: 8, interleaved count: 2) [-Rpass=loop-vectorize]
r-package/dtatools/src/numeric-arithmetic.h:317:27: remark: vectorized loop (vectorization width: 8, interleaved count: 2) [-Rpass=loop-vectorize]
r-package/dtatools/src/numeric-arithmetic.h:317:27: remark: loop not vectorized [-Rpass-missed=loop-vectorize]
r-package/dtatools/src/numeric-arithmetic.h:317:27: remark: loop not vectorized [-Rpass-missed=loop-vectorize]
r-package/dtatools/src/numeric-arithmetic.h:317:27: remark: loop not vectorized [-Rpass-missed=loop-vectorize]
r-package/dtatools/src/numeric-arithmetic.h:317:27: remark: loop not vectorized [-Rpass-missed=loop-vectorize]
r-package/dtatools/src/numeric-arithmetic.h:317:27: remark: loop not vectorized [-Rpass-missed=loop-vectorize]
r-package/dtatools/src/numeric-arithmetic.h:317:27: remark: loop not vectorized [-Rpass-missed=loop-vectorize]
r-package/dtatools/src/numeric-arithmetic.h:317:27: remark: loop not vectorized [-Rpass-missed=loop-vectorize]
r-package/dtatools/src/numeric-arithmetic.h:317:27: remark: loop not vectorized [-Rpass-missed=loop-vectorize]
r-package/dtatools/src/numeric-arithmetic.h:317:27: remark: vectorized loop (vectorization width: 8, interleaved count: 2) [-Rpass=loop-vectorize]
r-package/dtatools/src/numeric-arithmetic.h:317:27: remark: vectorized loop (vectorization width: 4, interleaved count: 4) [-Rpass=loop-vectorize]
r-package/dtatools/src/numeric-arithmetic.h:317:27: remark: vectorized loop (vectorization width: 8, interleaved count: 2) [-Rpass=loop-vectorize]
r-package/dtatools/src/numeric-arithmetic.h:317:27: remark: vectorized loop (vectorization width: 8, interleaved count: 2) [-Rpass=loop-vectorize]
r-package/dtatools/src/numeric-arithmetic.h:317:27: remark: vectorized loop (vectorization width: 8, interleaved count: 2) [-Rpass=loop-vectorize]
r-package/dtatools/src/numeric-arithmetic.h:317:27: remark: vectorized loop (vectorization width: 2, interleaved count: 4) [-Rpass=loop-vectorize]
r-package/dtatools/src/numeric-arithmetic.h:317:27: remark: vectorized loop (vectorization width: 8, interleaved count: 2) [-Rpass=loop-vectorize]
r-package/dtatools/src/numeric-arithmetic.h:317:27: remark: vectorized loop (vectorization width: 8, interleaved count: 2) [-Rpass=loop-vectorize]
r-package/dtatools/src/numeric-arithmetic.h:317:27: remark: vectorized loop (vectorization width: 8, interleaved count: 2) [-Rpass=loop-vectorize]
r-package/dtatools/src/numeric-arithmetic.h:317:27: remark: vectorized loop (vectorization width: 2, interleaved count: 4) [-Rpass=loop-vectorize]
r-package/dtatools/src/numeric-arithmetic.h:317:27: remark: vectorized loop (vectorization width: 8, interleaved count: 2) [-Rpass=loop-vectorize]
r-package/dtatools/src/numeric-arithmetic.h:317:27: remark: vectorized loop (vectorization width: 8, interleaved count: 2) [-Rpass=loop-vectorize]
r-package/dtatools/src/numeric-arithmetic.h:317:27: remark: vectorized loop (vectorization width: 8, interleaved count: 2) [-Rpass=loop-vectorize]
r-package/dtatools/src/numeric-arithmetic.h:317:27: remark: vectorized loop (vectorization width: 2, interleaved count: 4) [-Rpass=loop-vectorize]
r-package/dtatools/src/numeric-arithmetic.h:317:27: remark: vectorized loop (vectorization width: 8, interleaved count: 2) [-Rpass=loop-vectorize]
r-package/dtatools/src/numeric-arithmetic.h:317:27: remark: vectorized loop (vectorization width: 8, interleaved count: 2) [-Rpass=loop-vectorize]
r-package/dtatools/src/numeric-arithmetic.h:317:27: remark: loop not vectorized [-Rpass-missed=loop-vectorize]
r-package/dtatools/src/numeric-arithmetic.h:317:27: remark: loop not vectorized [-Rpass-missed=loop-vectorize]
r-package/dtatools/src/numeric-arithmetic.h:317:27: remark: loop not vectorized [-Rpass-missed=loop-vectorize]
r-package/dtatools/src/numeric-arithmetic.h:317:27: remark: loop not vectorized [-Rpass-missed=loop-vectorize]
r-package/dtatools/src/numeric-arithmetic.h:317:27: remark: loop not vectorized [-Rpass-missed=loop-vectorize]
r-package/dtatools/src/numeric-arithmetic.h:317:27: remark: loop not vectorized [-Rpass-missed=loop-vectorize]
r-package/dtatools/src/numeric-arithmetic.h:317:27: remark: loop not vectorized [-Rpass-missed=loop-vectorize]
r-package/dtatools/src/numeric-arithmetic.h:317:27: remark: loop not vectorized [-Rpass-missed=loop-vectorize]
r-package/dtatools/src/numeric-arithmetic.h:317:27: remark: loop not vectorized [-Rpass-missed=loop-vectorize]
r-package/dtatools/src/numeric-arithmetic.h:317:27: remark: loop not vectorized [-Rpass-missed=loop-vectorize]
r-package/dtatools/src/numeric-arithmetic.h:317:27: remark: loop not vectorized [-Rpass-missed=loop-vectorize]
r-package/dtatools/src/numeric-arithmetic.h:317:27: remark: loop not vectorized [-Rpass-missed=loop-vectorize]
r-package/dtatools/src/numeric-arithmetic.h:317:27: remark: loop not vectorized [-Rpass-missed=loop-vectorize]
r-package/dtatools/src/numeric-arithmetic.h:317:27: remark: loop not vectorized [-Rpass-missed=loop-vectorize]
r-package/dtatools/src/numeric-arithmetic.h:317:27: remark: loop not vectorized [-Rpass-missed=loop-vectorize]
r-package/dtatools/src/numeric-arithmetic.h:317:27: remark: loop not vectorized [-Rpass-missed=loop-vectorize]
r-package/dtatools/src/numeric-arithmetic.h:317:27: remark: loop not vectorized [-Rpass-missed=loop-vectorize]
r-package/dtatools/src/numeric-arithmetic.h:317:27: remark: loop not vectorized [-Rpass-missed=loop-vectorize]
r-package/dtatools/src/numeric-arithmetic.h:317:27: remark: loop not vectorized [-Rpass-missed=loop-vectorize]
r-package/dtatools/src/numeric-arithmetic.h:317:27: remark: loop not vectorized [-Rpass-missed=loop-vectorize]
r-package/dtatools/src/numeric-arithmetic.h:317:27: remark: vectorized loop (vectorization width: 8, interleaved count: 2) [-Rpass=loop-vectorize]
r-package/dtatools/src/numeric-arithmetic.h:317:27: remark: vectorized loop (vectorization width: 8, interleaved count: 4) [-Rpass=loop-vectorize]
r-package/dtatools/src/numeric-arithmetic.h:317:27: remark: vectorized loop (vectorization width: 8, interleaved count: 2) [-Rpass=loop-vectorize]
r-package/dtatools/src/numeric-arithmetic.h:317:27: remark: vectorized loop (vectorization width: 8, interleaved count: 2) [-Rpass=loop-vectorize]
r-package/dtatools/src/numeric-arithmetic.h:317:27: remark: loop not vectorized [-Rpass-missed=loop-vectorize]
r-package/dtatools/src/numeric-arithmetic.h:317:27: remark: loop not vectorized [-Rpass-missed=loop-vectorize]
r-package/dtatools/src/numeric-arithmetic.h:317:27: remark: loop not vectorized [-Rpass-missed=loop-vectorize]
r-package/dtatools/src/numeric-arithmetic.h:317:27: remark: loop not vectorized [-Rpass-missed=loop-vectorize]
r-package/dtatools/src/numeric-arithmetic.h:317:27: remark: loop not vectorized [-Rpass-missed=loop-vectorize]
r-package/dtatools/src/numeric-arithmetic.h:317:27: remark: loop not vectorized [-Rpass-missed=loop-vectorize]
r-package/dtatools/src/numeric-arithmetic.h:317:27: remark: loop not vectorized [-Rpass-missed=loop-vectorize]
r-package/dtatools/src/numeric-arithmetic.h:317:27: remark: loop not vectorized [-Rpass-missed=loop-vectorize]
r-package/dtatools/src/numeric-arithmetic.h:317:27: remark: vectorized loop (vectorization width: 8, interleaved count: 2) [-Rpass=loop-vectorize]
r-package/dtatools/src/numeric-arithmetic.h:317:27: remark: vectorized loop (vectorization width: 4, interleaved count: 4) [-Rpass=loop-vectorize]
r-package/dtatools/src/numeric-arithmetic.h:317:27: remark: vectorized loop (vectorization width: 8, interleaved count: 2) [-Rpass=loop-vectorize]
r-package/dtatools/src/numeric-arithmetic.h:317:27: remark: vectorized loop (vectorization width: 8, interleaved count: 2) [-Rpass=loop-vectorize]
r-package/dtatools/src/numeric-arithmetic.h:317:27: remark: loop not vectorized [-Rpass-missed=loop-vectorize]
r-package/dtatools/src/numeric-arithmetic.h:317:27: remark: loop not vectorized [-Rpass-missed=loop-vectorize]
r-package/dtatools/src/numeric-arithmetic.h:317:27: remark: loop not vectorized [-Rpass-missed=loop-vectorize]
r-package/dtatools/src/numeric-arithmetic.h:317:27: remark: loop not vectorized [-Rpass-missed=loop-vectorize]
r-package/dtatools/src/numeric-arithmetic.h:317:27: remark: loop not vectorized [-Rpass-missed=loop-vectorize]
r-package/dtatools/src/numeric-arithmetic.h:317:27: remark: loop not vectorized [-Rpass-missed=loop-vectorize]
r-package/dtatools/src/numeric-arithmetic.h:317:27: remark: loop not vectorized [-Rpass-missed=loop-vectorize]
r-package/dtatools/src/numeric-arithmetic.h:317:27: remark: loop not vectorized [-Rpass-missed=loop-vectorize]
r-package/dtatools/src/numeric-arithmetic.h:317:27: remark: vectorized loop (vectorization width: 8, interleaved count: 2) [-Rpass=loop-vectorize]
r-package/dtatools/src/numeric-arithmetic.h:317:27: remark: vectorized loop (vectorization width: 4, interleaved count: 4) [-Rpass=loop-vectorize]
r-package/dtatools/src/numeric-arithmetic.h:317:27: remark: vectorized loop (vectorization width: 8, interleaved count: 2) [-Rpass=loop-vectorize]
r-package/dtatools/src/numeric-arithmetic.h:317:27: remark: vectorized loop (vectorization width: 8, interleaved count: 2) [-Rpass=loop-vectorize]
r-package/dtatools/src/numeric-arithmetic.h:317:27: remark: vectorized loop (vectorization width: 8, interleaved count: 2) [-Rpass=loop-vectorize]
r-package/dtatools/src/numeric-arithmetic.h:317:27: remark: vectorized loop (vectorization width: 2, interleaved count: 4) [-Rpass=loop-vectorize]
r-package/dtatools/src/numeric-arithmetic.h:317:27: remark: vectorized loop (vectorization width: 8, interleaved count: 2) [-Rpass=loop-vectorize]
r-package/dtatools/src/numeric-arithmetic.h:317:27: remark: vectorized loop (vectorization width: 8, interleaved count: 2) [-Rpass=loop-vectorize]
r-package/dtatools/src/numeric-arithmetic.h:317:27: remark: vectorized loop (vectorization width: 8, interleaved count: 2) [-Rpass=loop-vectorize]
r-package/dtatools/src/numeric-arithmetic.h:317:27: remark: vectorized loop (vectorization width: 2, interleaved count: 4) [-Rpass=loop-vectorize]
r-package/dtatools/src/numeric-arithmetic.h:317:27: remark: vectorized loop (vectorization width: 8, interleaved count: 2) [-Rpass=loop-vectorize]
r-package/dtatools/src/numeric-arithmetic.h:317:27: remark: vectorized loop (vectorization width: 8, interleaved count: 2) [-Rpass=loop-vectorize]
r-package/dtatools/src/numeric-arithmetic.h:317:27: remark: vectorized loop (vectorization width: 8, interleaved count: 2) [-Rpass=loop-vectorize]
r-package/dtatools/src/numeric-arithmetic.h:317:27: remark: vectorized loop (vectorization width: 2, interleaved count: 4) [-Rpass=loop-vectorize]
r-package/dtatools/src/numeric-arithmetic.h:317:27: remark: vectorized loop (vectorization width: 8, interleaved count: 2) [-Rpass=loop-vectorize]
r-package/dtatools/src/numeric-arithmetic.h:317:27: remark: vectorized loop (vectorization width: 8, interleaved count: 2) [-Rpass=loop-vectorize]
r-package/dtatools/src/numeric-arithmetic.h:317:27: remark: loop not vectorized [-Rpass-missed=loop-vectorize]
r-package/dtatools/src/numeric-arithmetic.h:317:27: remark: loop not vectorized [-Rpass-missed=loop-vectorize]
r-package/dtatools/src/numeric-arithmetic.h:317:27: remark: loop not vectorized [-Rpass-missed=loop-vectorize]
r-package/dtatools/src/numeric-arithmetic.h:317:27: remark: loop not vectorized [-Rpass-missed=loop-vectorize]
r-package/dtatools/src/numeric-arithmetic.h:317:27: remark: loop not vectorized [-Rpass-missed=loop-vectorize]
r-package/dtatools/src/numeric-arithmetic.h:317:27: remark: loop not vectorized [-Rpass-missed=loop-vectorize]
r-package/dtatools/src/numeric-arithmetic.h:317:27: remark: loop not vectorized [-Rpass-missed=loop-vectorize]
r-package/dtatools/src/numeric-arithmetic.h:317:27: remark: loop not vectorized [-Rpass-missed=loop-vectorize]
r-package/dtatools/src/numeric-arithmetic.h:317:27: remark: loop not vectorized [-Rpass-missed=loop-vectorize]
r-package/dtatools/src/numeric-arithmetic.h:317:27: remark: loop not vectorized [-Rpass-missed=loop-vectorize]
r-package/dtatools/src/numeric-arithmetic.h:317:27: remark: loop not vectorized [-Rpass-missed=loop-vectorize]
r-package/dtatools/src/numeric-arithmetic.h:317:27: remark: loop not vectorized [-Rpass-missed=loop-vectorize]
r-package/dtatools/src/numeric-arithmetic.h:317:27: remark: loop not vectorized [-Rpass-missed=loop-vectorize]
r-package/dtatools/src/numeric-arithmetic.h:317:27: remark: loop not vectorized [-Rpass-missed=loop-vectorize]
r-package/dtatools/src/numeric-arithmetic.h:317:27: remark: loop not vectorized [-Rpass-missed=loop-vectorize]
r-package/dtatools/src/numeric-arithmetic.h:317:27: remark: loop not vectorized [-Rpass-missed=loop-vectorize]
r-package/dtatools/src/numeric-arithmetic.h:317:27: remark: loop not vectorized [-Rpass-missed=loop-vectorize]
r-package/dtatools/src/numeric-arithmetic.h:317:27: remark: loop not vectorized [-Rpass-missed=loop-vectorize]
r-package/dtatools/src/numeric-arithmetic.h:317:27: remark: loop not vectorized [-Rpass-missed=loop-vectorize]
r-package/dtatools/src/numeric-arithmetic.h:317:27: remark: loop not vectorized [-Rpass-missed=loop-vectorize]
r-package/dtatools/src/numeric-arithmetic.h:317:27: remark: vectorized loop (vectorization width: 8, interleaved count: 2) [-Rpass=loop-vectorize]
r-package/dtatools/src/numeric-arithmetic.h:317:27: remark: vectorized loop (vectorization width: 8, interleaved count: 4) [-Rpass=loop-vectorize]
r-package/dtatools/src/numeric-arithmetic.h:317:27: remark: vectorized loop (vectorization width: 8, interleaved count: 2) [-Rpass=loop-vectorize]
r-package/dtatools/src/numeric-arithmetic.h:317:27: remark: vectorized loop (vectorization width: 8, interleaved count: 2) [-Rpass=loop-vectorize]
r-package/dtatools/src/numeric-arithmetic.h:317:27: remark: loop not vectorized [-Rpass-missed=loop-vectorize]
r-package/dtatools/src/numeric-arithmetic.h:317:27: remark: loop not vectorized [-Rpass-missed=loop-vectorize]
r-package/dtatools/src/numeric-arithmetic.h:317:27: remark: loop not vectorized [-Rpass-missed=loop-vectorize]
r-package/dtatools/src/numeric-arithmetic.h:317:27: remark: loop not vectorized [-Rpass-missed=loop-vectorize]
r-package/dtatools/src/numeric-arithmetic.h:317:27: remark: loop not vectorized [-Rpass-missed=loop-vectorize]
r-package/dtatools/src/numeric-arithmetic.h:317:27: remark: loop not vectorized [-Rpass-missed=loop-vectorize]
r-package/dtatools/src/numeric-arithmetic.h:317:27: remark: loop not vectorized [-Rpass-missed=loop-vectorize]
r-package/dtatools/src/numeric-arithmetic.h:317:27: remark: loop not vectorized [-Rpass-missed=loop-vectorize]
r-package/dtatools/src/numeric-arithmetic.h:317:27: remark: vectorized loop (vectorization width: 8, interleaved count: 2) [-Rpass=loop-vectorize]
r-package/dtatools/src/numeric-arithmetic.h:317:27: remark: vectorized loop (vectorization width: 4, interleaved count: 4) [-Rpass=loop-vectorize]
r-package/dtatools/src/numeric-arithmetic.h:317:27: remark: vectorized loop (vectorization width: 8, interleaved count: 2) [-Rpass=loop-vectorize]
r-package/dtatools/src/numeric-arithmetic.h:317:27: remark: vectorized loop (vectorization width: 8, interleaved count: 2) [-Rpass=loop-vectorize]
r-package/dtatools/src/numeric-arithmetic.h:317:27: remark: loop not vectorized [-Rpass-missed=loop-vectorize]
r-package/dtatools/src/numeric-arithmetic.h:317:27: remark: loop not vectorized [-Rpass-missed=loop-vectorize]
r-package/dtatools/src/numeric-arithmetic.h:317:27: remark: loop not vectorized [-Rpass-missed=loop-vectorize]
r-package/dtatools/src/numeric-arithmetic.h:317:27: remark: loop not vectorized [-Rpass-missed=loop-vectorize]
r-package/dtatools/src/numeric-arithmetic.h:317:27: remark: loop not vectorized [-Rpass-missed=loop-vectorize]
r-package/dtatools/src/numeric-arithmetic.h:317:27: remark: loop not vectorized [-Rpass-missed=loop-vectorize]
r-package/dtatools/src/numeric-arithmetic.h:317:27: remark: loop not vectorized [-Rpass-missed=loop-vectorize]
r-package/dtatools/src/numeric-arithmetic.h:317:27: remark: loop not vectorized [-Rpass-missed=loop-vectorize]
r-package/dtatools/src/numeric-arithmetic.h:317:27: remark: vectorized loop (vectorization width: 8, interleaved count: 2) [-Rpass=loop-vectorize]
r-package/dtatools/src/numeric-arithmetic.h:317:27: remark: vectorized loop (vectorization width: 4, interleaved count: 4) [-Rpass=loop-vectorize]
r-package/dtatools/src/numeric-arithmetic.h:317:27: remark: vectorized loop (vectorization width: 8, interleaved count: 2) [-Rpass=loop-vectorize]
r-package/dtatools/src/numeric-arithmetic.h:317:27: remark: vectorized loop (vectorization width: 8, interleaved count: 2) [-Rpass=loop-vectorize]
r-package/dtatools/src/numeric-arithmetic.h:317:27: remark: vectorized loop (vectorization width: 8, interleaved count: 2) [-Rpass=loop-vectorize]
r-package/dtatools/src/numeric-arithmetic.h:317:27: remark: vectorized loop (vectorization width: 2, interleaved count: 4) [-Rpass=loop-vectorize]
r-package/dtatools/src/numeric-arithmetic.h:317:27: remark: vectorized loop (vectorization width: 8, interleaved count: 2) [-Rpass=loop-vectorize]
r-package/dtatools/src/numeric-arithmetic.h:317:27: remark: vectorized loop (vectorization width: 8, interleaved count: 2) [-Rpass=loop-vectorize]
r-package/dtatools/src/numeric-arithmetic.h:317:27: remark: vectorized loop (vectorization width: 8, interleaved count: 2) [-Rpass=loop-vectorize]
r-package/dtatools/src/numeric-arithmetic.h:317:27: remark: vectorized loop (vectorization width: 2, interleaved count: 4) [-Rpass=loop-vectorize]
r-package/dtatools/src/numeric-arithmetic.h:317:27: remark: vectorized loop (vectorization width: 8, interleaved count: 2) [-Rpass=loop-vectorize]
r-package/dtatools/src/numeric-arithmetic.h:317:27: remark: vectorized loop (vectorization width: 8, interleaved count: 2) [-Rpass=loop-vectorize]
r-package/dtatools/src/numeric-arithmetic.h:317:27: remark: vectorized loop (vectorization width: 8, interleaved count: 2) [-Rpass=loop-vectorize]
r-package/dtatools/src/numeric-arithmetic.h:317:27: remark: vectorized loop (vectorization width: 2, interleaved count: 4) [-Rpass=loop-vectorize]
r-package/dtatools/src/numeric-arithmetic.h:317:27: remark: vectorized loop (vectorization width: 8, interleaved count: 2) [-Rpass=loop-vectorize]
r-package/dtatools/src/numeric-arithmetic.h:317:27: remark: vectorized loop (vectorization width: 8, interleaved count: 2) [-Rpass=loop-vectorize]
r-package/dtatools/src/numeric-arithmetic.h:318:28: remark: loop not vectorized [-Rpass-missed=loop-vectorize]
  318 |         case NUMERIC_LONG: ARITHMETIC_OPERATORS(ARITHMETIC_SPAN_LOOP, int32_t); break;
      |                            ^
r-package/dtatools/src/numeric-arithmetic.h:318:28: remark: loop not vectorized [-Rpass-missed=loop-vectorize]
r-package/dtatools/src/numeric-arithmetic.h:318:28: remark: loop not vectorized [-Rpass-missed=loop-vectorize]
r-package/dtatools/src/numeric-arithmetic.h:318:28: remark: loop not vectorized [-Rpass-missed=loop-vectorize]
r-package/dtatools/src/numeric-arithmetic.h:318:28: remark: loop not vectorized [-Rpass-missed=loop-vectorize]
r-package/dtatools/src/numeric-arithmetic.h:318:28: remark: loop not vectorized [-Rpass-missed=loop-vectorize]
r-package/dtatools/src/numeric-arithmetic.h:318:28: remark: loop not vectorized [-Rpass-missed=loop-vectorize]
r-package/dtatools/src/numeric-arithmetic.h:318:28: remark: loop not vectorized [-Rpass-missed=loop-vectorize]
r-package/dtatools/src/numeric-arithmetic.h:318:28: remark: loop not vectorized [-Rpass-missed=loop-vectorize]
r-package/dtatools/src/numeric-arithmetic.h:318:28: remark: loop not vectorized [-Rpass-missed=loop-vectorize]
r-package/dtatools/src/numeric-arithmetic.h:318:28: remark: loop not vectorized [-Rpass-missed=loop-vectorize]
r-package/dtatools/src/numeric-arithmetic.h:318:28: remark: loop not vectorized [-Rpass-missed=loop-vectorize]
r-package/dtatools/src/numeric-arithmetic.h:318:28: remark: loop not vectorized [-Rpass-missed=loop-vectorize]
r-package/dtatools/src/numeric-arithmetic.h:318:28: remark: loop not vectorized [-Rpass-missed=loop-vectorize]
r-package/dtatools/src/numeric-arithmetic.h:318:28: remark: loop not vectorized [-Rpass-missed=loop-vectorize]
r-package/dtatools/src/numeric-arithmetic.h:318:28: remark: loop not vectorized [-Rpass-missed=loop-vectorize]
r-package/dtatools/src/numeric-arithmetic.h:318:28: remark: loop not vectorized [-Rpass-missed=loop-vectorize]
r-package/dtatools/src/numeric-arithmetic.h:318:28: remark: loop not vectorized [-Rpass-missed=loop-vectorize]
r-package/dtatools/src/numeric-arithmetic.h:318:28: remark: loop not vectorized [-Rpass-missed=loop-vectorize]
r-package/dtatools/src/numeric-arithmetic.h:318:28: remark: loop not vectorized [-Rpass-missed=loop-vectorize]
r-package/dtatools/src/numeric-arithmetic.h:318:28: remark: vectorized loop (vectorization width: 8, interleaved count: 2) [-Rpass=loop-vectorize]
r-package/dtatools/src/numeric-arithmetic.h:318:28: remark: vectorized loop (vectorization width: 8, interleaved count: 4) [-Rpass=loop-vectorize]
r-package/dtatools/src/numeric-arithmetic.h:318:28: remark: vectorized loop (vectorization width: 8, interleaved count: 2) [-Rpass=loop-vectorize]
r-package/dtatools/src/numeric-arithmetic.h:318:28: remark: vectorized loop (vectorization width: 8, interleaved count: 2) [-Rpass=loop-vectorize]
r-package/dtatools/src/numeric-arithmetic.h:318:28: remark: loop not vectorized [-Rpass-missed=loop-vectorize]
r-package/dtatools/src/numeric-arithmetic.h:318:28: remark: loop not vectorized [-Rpass-missed=loop-vectorize]
r-package/dtatools/src/numeric-arithmetic.h:318:28: remark: loop not vectorized [-Rpass-missed=loop-vectorize]
r-package/dtatools/src/numeric-arithmetic.h:318:28: remark: loop not vectorized [-Rpass-missed=loop-vectorize]
r-package/dtatools/src/numeric-arithmetic.h:318:28: remark: loop not vectorized [-Rpass-missed=loop-vectorize]
r-package/dtatools/src/numeric-arithmetic.h:318:28: remark: loop not vectorized [-Rpass-missed=loop-vectorize]
r-package/dtatools/src/numeric-arithmetic.h:318:28: remark: loop not vectorized [-Rpass-missed=loop-vectorize]
r-package/dtatools/src/numeric-arithmetic.h:318:28: remark: loop not vectorized [-Rpass-missed=loop-vectorize]
r-package/dtatools/src/numeric-arithmetic.h:318:28: remark: vectorized loop (vectorization width: 4, interleaved count: 4) [-Rpass=loop-vectorize]
r-package/dtatools/src/numeric-arithmetic.h:318:28: remark: vectorized loop (vectorization width: 4, interleaved count: 4) [-Rpass=loop-vectorize]
r-package/dtatools/src/numeric-arithmetic.h:318:28: remark: vectorized loop (vectorization width: 4, interleaved count: 4) [-Rpass=loop-vectorize]
r-package/dtatools/src/numeric-arithmetic.h:318:28: remark: vectorized loop (vectorization width: 4, interleaved count: 4) [-Rpass=loop-vectorize]
r-package/dtatools/src/numeric-arithmetic.h:318:28: remark: loop not vectorized [-Rpass-missed=loop-vectorize]
r-package/dtatools/src/numeric-arithmetic.h:318:28: remark: loop not vectorized [-Rpass-missed=loop-vectorize]
r-package/dtatools/src/numeric-arithmetic.h:318:28: remark: loop not vectorized [-Rpass-missed=loop-vectorize]
r-package/dtatools/src/numeric-arithmetic.h:318:28: remark: loop not vectorized [-Rpass-missed=loop-vectorize]
r-package/dtatools/src/numeric-arithmetic.h:318:28: remark: loop not vectorized [-Rpass-missed=loop-vectorize]
r-package/dtatools/src/numeric-arithmetic.h:318:28: remark: loop not vectorized [-Rpass-missed=loop-vectorize]
r-package/dtatools/src/numeric-arithmetic.h:318:28: remark: loop not vectorized [-Rpass-missed=loop-vectorize]
r-package/dtatools/src/numeric-arithmetic.h:318:28: remark: loop not vectorized [-Rpass-missed=loop-vectorize]
r-package/dtatools/src/numeric-arithmetic.h:318:28: remark: vectorized loop (vectorization width: 4, interleaved count: 4) [-Rpass=loop-vectorize]
r-package/dtatools/src/numeric-arithmetic.h:318:28: remark: vectorized loop (vectorization width: 4, interleaved count: 4) [-Rpass=loop-vectorize]
r-package/dtatools/src/numeric-arithmetic.h:318:28: remark: vectorized loop (vectorization width: 4, interleaved count: 4) [-Rpass=loop-vectorize]
r-package/dtatools/src/numeric-arithmetic.h:318:28: remark: vectorized loop (vectorization width: 4, interleaved count: 4) [-Rpass=loop-vectorize]
r-package/dtatools/src/numeric-arithmetic.h:318:28: remark: vectorized loop (vectorization width: 4, interleaved count: 4) [-Rpass=loop-vectorize]
r-package/dtatools/src/numeric-arithmetic.h:318:28: remark: vectorized loop (vectorization width: 2, interleaved count: 4) [-Rpass=loop-vectorize]
r-package/dtatools/src/numeric-arithmetic.h:318:28: remark: vectorized loop (vectorization width: 4, interleaved count: 4) [-Rpass=loop-vectorize]
r-package/dtatools/src/numeric-arithmetic.h:318:28: remark: vectorized loop (vectorization width: 4, interleaved count: 4) [-Rpass=loop-vectorize]
r-package/dtatools/src/numeric-arithmetic.h:318:28: remark: vectorized loop (vectorization width: 4, interleaved count: 4) [-Rpass=loop-vectorize]
r-package/dtatools/src/numeric-arithmetic.h:318:28: remark: vectorized loop (vectorization width: 2, interleaved count: 4) [-Rpass=loop-vectorize]
r-package/dtatools/src/numeric-arithmetic.h:318:28: remark: vectorized loop (vectorization width: 4, interleaved count: 4) [-Rpass=loop-vectorize]
r-package/dtatools/src/numeric-arithmetic.h:318:28: remark: vectorized loop (vectorization width: 4, interleaved count: 4) [-Rpass=loop-vectorize]
r-package/dtatools/src/numeric-arithmetic.h:318:28: remark: vectorized loop (vectorization width: 4, interleaved count: 4) [-Rpass=loop-vectorize]
r-package/dtatools/src/numeric-arithmetic.h:318:28: remark: vectorized loop (vectorization width: 2, interleaved count: 4) [-Rpass=loop-vectorize]
r-package/dtatools/src/numeric-arithmetic.h:318:28: remark: vectorized loop (vectorization width: 4, interleaved count: 4) [-Rpass=loop-vectorize]
r-package/dtatools/src/numeric-arithmetic.h:318:28: remark: vectorized loop (vectorization width: 4, interleaved count: 4) [-Rpass=loop-vectorize]
r-package/dtatools/src/numeric-arithmetic.h:318:28: remark: loop not vectorized [-Rpass-missed=loop-vectorize]
r-package/dtatools/src/numeric-arithmetic.h:318:28: remark: loop not vectorized [-Rpass-missed=loop-vectorize]
r-package/dtatools/src/numeric-arithmetic.h:318:28: remark: loop not vectorized [-Rpass-missed=loop-vectorize]
r-package/dtatools/src/numeric-arithmetic.h:318:28: remark: loop not vectorized [-Rpass-missed=loop-vectorize]
r-package/dtatools/src/numeric-arithmetic.h:318:28: remark: loop not vectorized [-Rpass-missed=loop-vectorize]
r-package/dtatools/src/numeric-arithmetic.h:318:28: remark: loop not vectorized [-Rpass-missed=loop-vectorize]
r-package/dtatools/src/numeric-arithmetic.h:318:28: remark: loop not vectorized [-Rpass-missed=loop-vectorize]
r-package/dtatools/src/numeric-arithmetic.h:318:28: remark: loop not vectorized [-Rpass-missed=loop-vectorize]
r-package/dtatools/src/numeric-arithmetic.h:318:28: remark: loop not vectorized [-Rpass-missed=loop-vectorize]
r-package/dtatools/src/numeric-arithmetic.h:318:28: remark: loop not vectorized [-Rpass-missed=loop-vectorize]
r-package/dtatools/src/numeric-arithmetic.h:318:28: remark: loop not vectorized [-Rpass-missed=loop-vectorize]
r-package/dtatools/src/numeric-arithmetic.h:318:28: remark: loop not vectorized [-Rpass-missed=loop-vectorize]
r-package/dtatools/src/numeric-arithmetic.h:318:28: remark: loop not vectorized [-Rpass-missed=loop-vectorize]
r-package/dtatools/src/numeric-arithmetic.h:318:28: remark: loop not vectorized [-Rpass-missed=loop-vectorize]
r-package/dtatools/src/numeric-arithmetic.h:318:28: remark: loop not vectorized [-Rpass-missed=loop-vectorize]
r-package/dtatools/src/numeric-arithmetic.h:318:28: remark: loop not vectorized [-Rpass-missed=loop-vectorize]
r-package/dtatools/src/numeric-arithmetic.h:318:28: remark: loop not vectorized [-Rpass-missed=loop-vectorize]
r-package/dtatools/src/numeric-arithmetic.h:318:28: remark: loop not vectorized [-Rpass-missed=loop-vectorize]
r-package/dtatools/src/numeric-arithmetic.h:318:28: remark: loop not vectorized [-Rpass-missed=loop-vectorize]
r-package/dtatools/src/numeric-arithmetic.h:318:28: remark: loop not vectorized [-Rpass-missed=loop-vectorize]
r-package/dtatools/src/numeric-arithmetic.h:318:28: remark: vectorized loop (vectorization width: 8, interleaved count: 2) [-Rpass=loop-vectorize]
r-package/dtatools/src/numeric-arithmetic.h:318:28: remark: vectorized loop (vectorization width: 8, interleaved count: 4) [-Rpass=loop-vectorize]
r-package/dtatools/src/numeric-arithmetic.h:318:28: remark: vectorized loop (vectorization width: 8, interleaved count: 2) [-Rpass=loop-vectorize]
r-package/dtatools/src/numeric-arithmetic.h:318:28: remark: vectorized loop (vectorization width: 8, interleaved count: 2) [-Rpass=loop-vectorize]
r-package/dtatools/src/numeric-arithmetic.h:318:28: remark: loop not vectorized [-Rpass-missed=loop-vectorize]
r-package/dtatools/src/numeric-arithmetic.h:318:28: remark: loop not vectorized [-Rpass-missed=loop-vectorize]
r-package/dtatools/src/numeric-arithmetic.h:318:28: remark: loop not vectorized [-Rpass-missed=loop-vectorize]
r-package/dtatools/src/numeric-arithmetic.h:318:28: remark: loop not vectorized [-Rpass-missed=loop-vectorize]
r-package/dtatools/src/numeric-arithmetic.h:318:28: remark: loop not vectorized [-Rpass-missed=loop-vectorize]
r-package/dtatools/src/numeric-arithmetic.h:318:28: remark: loop not vectorized [-Rpass-missed=loop-vectorize]
r-package/dtatools/src/numeric-arithmetic.h:318:28: remark: loop not vectorized [-Rpass-missed=loop-vectorize]
r-package/dtatools/src/numeric-arithmetic.h:318:28: remark: loop not vectorized [-Rpass-missed=loop-vectorize]
r-package/dtatools/src/numeric-arithmetic.h:318:28: remark: vectorized loop (vectorization width: 4, interleaved count: 4) [-Rpass=loop-vectorize]
r-package/dtatools/src/numeric-arithmetic.h:318:28: remark: vectorized loop (vectorization width: 4, interleaved count: 4) [-Rpass=loop-vectorize]
r-package/dtatools/src/numeric-arithmetic.h:318:28: remark: vectorized loop (vectorization width: 4, interleaved count: 4) [-Rpass=loop-vectorize]
r-package/dtatools/src/numeric-arithmetic.h:318:28: remark: vectorized loop (vectorization width: 4, interleaved count: 4) [-Rpass=loop-vectorize]
r-package/dtatools/src/numeric-arithmetic.h:318:28: remark: loop not vectorized [-Rpass-missed=loop-vectorize]
r-package/dtatools/src/numeric-arithmetic.h:318:28: remark: loop not vectorized [-Rpass-missed=loop-vectorize]
r-package/dtatools/src/numeric-arithmetic.h:318:28: remark: loop not vectorized [-Rpass-missed=loop-vectorize]
r-package/dtatools/src/numeric-arithmetic.h:318:28: remark: loop not vectorized [-Rpass-missed=loop-vectorize]
r-package/dtatools/src/numeric-arithmetic.h:318:28: remark: loop not vectorized [-Rpass-missed=loop-vectorize]
r-package/dtatools/src/numeric-arithmetic.h:318:28: remark: loop not vectorized [-Rpass-missed=loop-vectorize]
r-package/dtatools/src/numeric-arithmetic.h:318:28: remark: loop not vectorized [-Rpass-missed=loop-vectorize]
r-package/dtatools/src/numeric-arithmetic.h:318:28: remark: loop not vectorized [-Rpass-missed=loop-vectorize]
r-package/dtatools/src/numeric-arithmetic.h:318:28: remark: vectorized loop (vectorization width: 4, interleaved count: 4) [-Rpass=loop-vectorize]
r-package/dtatools/src/numeric-arithmetic.h:318:28: remark: vectorized loop (vectorization width: 4, interleaved count: 4) [-Rpass=loop-vectorize]
r-package/dtatools/src/numeric-arithmetic.h:318:28: remark: vectorized loop (vectorization width: 4, interleaved count: 4) [-Rpass=loop-vectorize]
r-package/dtatools/src/numeric-arithmetic.h:318:28: remark: vectorized loop (vectorization width: 4, interleaved count: 4) [-Rpass=loop-vectorize]
r-package/dtatools/src/numeric-arithmetic.h:318:28: remark: vectorized loop (vectorization width: 4, interleaved count: 4) [-Rpass=loop-vectorize]
r-package/dtatools/src/numeric-arithmetic.h:318:28: remark: vectorized loop (vectorization width: 2, interleaved count: 4) [-Rpass=loop-vectorize]
r-package/dtatools/src/numeric-arithmetic.h:318:28: remark: vectorized loop (vectorization width: 4, interleaved count: 4) [-Rpass=loop-vectorize]
r-package/dtatools/src/numeric-arithmetic.h:318:28: remark: vectorized loop (vectorization width: 4, interleaved count: 4) [-Rpass=loop-vectorize]
r-package/dtatools/src/numeric-arithmetic.h:318:28: remark: vectorized loop (vectorization width: 4, interleaved count: 4) [-Rpass=loop-vectorize]
r-package/dtatools/src/numeric-arithmetic.h:318:28: remark: vectorized loop (vectorization width: 2, interleaved count: 4) [-Rpass=loop-vectorize]
r-package/dtatools/src/numeric-arithmetic.h:318:28: remark: vectorized loop (vectorization width: 4, interleaved count: 4) [-Rpass=loop-vectorize]
r-package/dtatools/src/numeric-arithmetic.h:318:28: remark: vectorized loop (vectorization width: 4, interleaved count: 4) [-Rpass=loop-vectorize]
r-package/dtatools/src/numeric-arithmetic.h:318:28: remark: vectorized loop (vectorization width: 4, interleaved count: 4) [-Rpass=loop-vectorize]
r-package/dtatools/src/numeric-arithmetic.h:318:28: remark: vectorized loop (vectorization width: 2, interleaved count: 4) [-Rpass=loop-vectorize]
r-package/dtatools/src/numeric-arithmetic.h:318:28: remark: vectorized loop (vectorization width: 4, interleaved count: 4) [-Rpass=loop-vectorize]
r-package/dtatools/src/numeric-arithmetic.h:318:28: remark: vectorized loop (vectorization width: 4, interleaved count: 4) [-Rpass=loop-vectorize]
r-package/dtatools/src/numeric-arithmetic.h:318:28: remark: loop not vectorized [-Rpass-missed=loop-vectorize]
r-package/dtatools/src/numeric-arithmetic.h:318:28: remark: loop not vectorized [-Rpass-missed=loop-vectorize]
r-package/dtatools/src/numeric-arithmetic.h:318:28: remark: loop not vectorized [-Rpass-missed=loop-vectorize]
r-package/dtatools/src/numeric-arithmetic.h:318:28: remark: loop not vectorized [-Rpass-missed=loop-vectorize]
r-package/dtatools/src/numeric-arithmetic.h:318:28: remark: loop not vectorized [-Rpass-missed=loop-vectorize]
r-package/dtatools/src/numeric-arithmetic.h:318:28: remark: loop not vectorized [-Rpass-missed=loop-vectorize]
r-package/dtatools/src/numeric-arithmetic.h:318:28: remark: loop not vectorized [-Rpass-missed=loop-vectorize]
r-package/dtatools/src/numeric-arithmetic.h:318:28: remark: loop not vectorized [-Rpass-missed=loop-vectorize]
r-package/dtatools/src/numeric-arithmetic.h:318:28: remark: loop not vectorized [-Rpass-missed=loop-vectorize]
r-package/dtatools/src/numeric-arithmetic.h:318:28: remark: loop not vectorized [-Rpass-missed=loop-vectorize]
r-package/dtatools/src/numeric-arithmetic.h:318:28: remark: loop not vectorized [-Rpass-missed=loop-vectorize]
r-package/dtatools/src/numeric-arithmetic.h:318:28: remark: loop not vectorized [-Rpass-missed=loop-vectorize]
r-package/dtatools/src/numeric-arithmetic.h:318:28: remark: loop not vectorized [-Rpass-missed=loop-vectorize]
r-package/dtatools/src/numeric-arithmetic.h:318:28: remark: loop not vectorized [-Rpass-missed=loop-vectorize]
r-package/dtatools/src/numeric-arithmetic.h:318:28: remark: loop not vectorized [-Rpass-missed=loop-vectorize]
r-package/dtatools/src/numeric-arithmetic.h:318:28: remark: loop not vectorized [-Rpass-missed=loop-vectorize]
r-package/dtatools/src/numeric-arithmetic.h:318:28: remark: loop not vectorized [-Rpass-missed=loop-vectorize]
r-package/dtatools/src/numeric-arithmetic.h:318:28: remark: loop not vectorized [-Rpass-missed=loop-vectorize]
r-package/dtatools/src/numeric-arithmetic.h:318:28: remark: loop not vectorized [-Rpass-missed=loop-vectorize]
r-package/dtatools/src/numeric-arithmetic.h:318:28: remark: loop not vectorized [-Rpass-missed=loop-vectorize]
r-package/dtatools/src/numeric-arithmetic.h:318:28: remark: vectorized loop (vectorization width: 8, interleaved count: 2) [-Rpass=loop-vectorize]
r-package/dtatools/src/numeric-arithmetic.h:318:28: remark: vectorized loop (vectorization width: 8, interleaved count: 4) [-Rpass=loop-vectorize]
r-package/dtatools/src/numeric-arithmetic.h:318:28: remark: vectorized loop (vectorization width: 8, interleaved count: 2) [-Rpass=loop-vectorize]
r-package/dtatools/src/numeric-arithmetic.h:318:28: remark: vectorized loop (vectorization width: 8, interleaved count: 2) [-Rpass=loop-vectorize]
r-package/dtatools/src/numeric-arithmetic.h:318:28: remark: loop not vectorized [-Rpass-missed=loop-vectorize]
r-package/dtatools/src/numeric-arithmetic.h:318:28: remark: loop not vectorized [-Rpass-missed=loop-vectorize]
r-package/dtatools/src/numeric-arithmetic.h:318:28: remark: loop not vectorized [-Rpass-missed=loop-vectorize]
r-package/dtatools/src/numeric-arithmetic.h:318:28: remark: loop not vectorized [-Rpass-missed=loop-vectorize]
r-package/dtatools/src/numeric-arithmetic.h:318:28: remark: loop not vectorized [-Rpass-missed=loop-vectorize]
r-package/dtatools/src/numeric-arithmetic.h:318:28: remark: loop not vectorized [-Rpass-missed=loop-vectorize]
r-package/dtatools/src/numeric-arithmetic.h:318:28: remark: loop not vectorized [-Rpass-missed=loop-vectorize]
r-package/dtatools/src/numeric-arithmetic.h:318:28: remark: loop not vectorized [-Rpass-missed=loop-vectorize]
r-package/dtatools/src/numeric-arithmetic.h:318:28: remark: vectorized loop (vectorization width: 4, interleaved count: 4) [-Rpass=loop-vectorize]
r-package/dtatools/src/numeric-arithmetic.h:318:28: remark: vectorized loop (vectorization width: 4, interleaved count: 4) [-Rpass=loop-vectorize]
r-package/dtatools/src/numeric-arithmetic.h:318:28: remark: vectorized loop (vectorization width: 4, interleaved count: 4) [-Rpass=loop-vectorize]
r-package/dtatools/src/numeric-arithmetic.h:318:28: remark: vectorized loop (vectorization width: 4, interleaved count: 4) [-Rpass=loop-vectorize]
r-package/dtatools/src/numeric-arithmetic.h:318:28: remark: loop not vectorized [-Rpass-missed=loop-vectorize]
r-package/dtatools/src/numeric-arithmetic.h:318:28: remark: loop not vectorized [-Rpass-missed=loop-vectorize]
r-package/dtatools/src/numeric-arithmetic.h:318:28: remark: loop not vectorized [-Rpass-missed=loop-vectorize]
r-package/dtatools/src/numeric-arithmetic.h:318:28: remark: loop not vectorized [-Rpass-missed=loop-vectorize]
r-package/dtatools/src/numeric-arithmetic.h:318:28: remark: loop not vectorized [-Rpass-missed=loop-vectorize]
r-package/dtatools/src/numeric-arithmetic.h:318:28: remark: loop not vectorized [-Rpass-missed=loop-vectorize]
r-package/dtatools/src/numeric-arithmetic.h:318:28: remark: loop not vectorized [-Rpass-missed=loop-vectorize]
r-package/dtatools/src/numeric-arithmetic.h:318:28: remark: loop not vectorized [-Rpass-missed=loop-vectorize]
r-package/dtatools/src/numeric-arithmetic.h:318:28: remark: vectorized loop (vectorization width: 4, interleaved count: 4) [-Rpass=loop-vectorize]
r-package/dtatools/src/numeric-arithmetic.h:318:28: remark: vectorized loop (vectorization width: 4, interleaved count: 4) [-Rpass=loop-vectorize]
r-package/dtatools/src/numeric-arithmetic.h:318:28: remark: vectorized loop (vectorization width: 4, interleaved count: 4) [-Rpass=loop-vectorize]
r-package/dtatools/src/numeric-arithmetic.h:318:28: remark: vectorized loop (vectorization width: 4, interleaved count: 4) [-Rpass=loop-vectorize]
r-package/dtatools/src/numeric-arithmetic.h:318:28: remark: vectorized loop (vectorization width: 4, interleaved count: 4) [-Rpass=loop-vectorize]
r-package/dtatools/src/numeric-arithmetic.h:318:28: remark: vectorized loop (vectorization width: 2, interleaved count: 4) [-Rpass=loop-vectorize]
r-package/dtatools/src/numeric-arithmetic.h:318:28: remark: vectorized loop (vectorization width: 4, interleaved count: 4) [-Rpass=loop-vectorize]
r-package/dtatools/src/numeric-arithmetic.h:318:28: remark: vectorized loop (vectorization width: 4, interleaved count: 4) [-Rpass=loop-vectorize]
r-package/dtatools/src/numeric-arithmetic.h:318:28: remark: vectorized loop (vectorization width: 4, interleaved count: 4) [-Rpass=loop-vectorize]
r-package/dtatools/src/numeric-arithmetic.h:318:28: remark: vectorized loop (vectorization width: 2, interleaved count: 4) [-Rpass=loop-vectorize]
r-package/dtatools/src/numeric-arithmetic.h:318:28: remark: vectorized loop (vectorization width: 4, interleaved count: 4) [-Rpass=loop-vectorize]
r-package/dtatools/src/numeric-arithmetic.h:318:28: remark: vectorized loop (vectorization width: 4, interleaved count: 4) [-Rpass=loop-vectorize]
r-package/dtatools/src/numeric-arithmetic.h:318:28: remark: vectorized loop (vectorization width: 4, interleaved count: 4) [-Rpass=loop-vectorize]
r-package/dtatools/src/numeric-arithmetic.h:318:28: remark: vectorized loop (vectorization width: 2, interleaved count: 4) [-Rpass=loop-vectorize]
r-package/dtatools/src/numeric-arithmetic.h:318:28: remark: vectorized loop (vectorization width: 4, interleaved count: 4) [-Rpass=loop-vectorize]
r-package/dtatools/src/numeric-arithmetic.h:318:28: remark: vectorized loop (vectorization width: 4, interleaved count: 4) [-Rpass=loop-vectorize]
r-package/dtatools/src/numeric-arithmetic.h:318:28: remark: loop not vectorized [-Rpass-missed=loop-vectorize]
r-package/dtatools/src/numeric-arithmetic.h:318:28: remark: loop not vectorized [-Rpass-missed=loop-vectorize]
r-package/dtatools/src/numeric-arithmetic.h:318:28: remark: loop not vectorized [-Rpass-missed=loop-vectorize]
r-package/dtatools/src/numeric-arithmetic.h:318:28: remark: loop not vectorized [-Rpass-missed=loop-vectorize]
r-package/dtatools/src/numeric-arithmetic.h:318:28: remark: loop not vectorized [-Rpass-missed=loop-vectorize]
r-package/dtatools/src/numeric-arithmetic.h:318:28: remark: loop not vectorized [-Rpass-missed=loop-vectorize]
r-package/dtatools/src/numeric-arithmetic.h:318:28: remark: loop not vectorized [-Rpass-missed=loop-vectorize]
r-package/dtatools/src/numeric-arithmetic.h:318:28: remark: loop not vectorized [-Rpass-missed=loop-vectorize]
r-package/dtatools/src/numeric-arithmetic.h:318:28: remark: loop not vectorized [-Rpass-missed=loop-vectorize]
r-package/dtatools/src/numeric-arithmetic.h:318:28: remark: loop not vectorized [-Rpass-missed=loop-vectorize]
r-package/dtatools/src/numeric-arithmetic.h:318:28: remark: loop not vectorized [-Rpass-missed=loop-vectorize]
r-package/dtatools/src/numeric-arithmetic.h:318:28: remark: loop not vectorized [-Rpass-missed=loop-vectorize]
r-package/dtatools/src/numeric-arithmetic.h:318:28: remark: loop not vectorized [-Rpass-missed=loop-vectorize]
r-package/dtatools/src/numeric-arithmetic.h:318:28: remark: loop not vectorized [-Rpass-missed=loop-vectorize]
r-package/dtatools/src/numeric-arithmetic.h:318:28: remark: loop not vectorized [-Rpass-missed=loop-vectorize]
r-package/dtatools/src/numeric-arithmetic.h:318:28: remark: loop not vectorized [-Rpass-missed=loop-vectorize]
r-package/dtatools/src/numeric-arithmetic.h:318:28: remark: loop not vectorized [-Rpass-missed=loop-vectorize]
r-package/dtatools/src/numeric-arithmetic.h:318:28: remark: loop not vectorized [-Rpass-missed=loop-vectorize]
r-package/dtatools/src/numeric-arithmetic.h:318:28: remark: loop not vectorized [-Rpass-missed=loop-vectorize]
r-package/dtatools/src/numeric-arithmetic.h:318:28: remark: loop not vectorized [-Rpass-missed=loop-vectorize]
r-package/dtatools/src/numeric-arithmetic.h:318:28: remark: vectorized loop (vectorization width: 8, interleaved count: 2) [-Rpass=loop-vectorize]
r-package/dtatools/src/numeric-arithmetic.h:318:28: remark: vectorized loop (vectorization width: 8, interleaved count: 4) [-Rpass=loop-vectorize]
r-package/dtatools/src/numeric-arithmetic.h:318:28: remark: vectorized loop (vectorization width: 8, interleaved count: 2) [-Rpass=loop-vectorize]
r-package/dtatools/src/numeric-arithmetic.h:318:28: remark: vectorized loop (vectorization width: 8, interleaved count: 2) [-Rpass=loop-vectorize]
r-package/dtatools/src/numeric-arithmetic.h:318:28: remark: loop not vectorized [-Rpass-missed=loop-vectorize]
r-package/dtatools/src/numeric-arithmetic.h:318:28: remark: loop not vectorized [-Rpass-missed=loop-vectorize]
r-package/dtatools/src/numeric-arithmetic.h:318:28: remark: loop not vectorized [-Rpass-missed=loop-vectorize]
r-package/dtatools/src/numeric-arithmetic.h:318:28: remark: loop not vectorized [-Rpass-missed=loop-vectorize]
r-package/dtatools/src/numeric-arithmetic.h:318:28: remark: loop not vectorized [-Rpass-missed=loop-vectorize]
r-package/dtatools/src/numeric-arithmetic.h:318:28: remark: loop not vectorized [-Rpass-missed=loop-vectorize]
r-package/dtatools/src/numeric-arithmetic.h:318:28: remark: loop not vectorized [-Rpass-missed=loop-vectorize]
r-package/dtatools/src/numeric-arithmetic.h:318:28: remark: loop not vectorized [-Rpass-missed=loop-vectorize]
r-package/dtatools/src/numeric-arithmetic.h:318:28: remark: vectorized loop (vectorization width: 4, interleaved count: 4) [-Rpass=loop-vectorize]
r-package/dtatools/src/numeric-arithmetic.h:318:28: remark: vectorized loop (vectorization width: 4, interleaved count: 4) [-Rpass=loop-vectorize]
r-package/dtatools/src/numeric-arithmetic.h:318:28: remark: vectorized loop (vectorization width: 4, interleaved count: 4) [-Rpass=loop-vectorize]
r-package/dtatools/src/numeric-arithmetic.h:318:28: remark: vectorized loop (vectorization width: 4, interleaved count: 4) [-Rpass=loop-vectorize]
r-package/dtatools/src/numeric-arithmetic.h:318:28: remark: loop not vectorized [-Rpass-missed=loop-vectorize]
r-package/dtatools/src/numeric-arithmetic.h:318:28: remark: loop not vectorized [-Rpass-missed=loop-vectorize]
r-package/dtatools/src/numeric-arithmetic.h:318:28: remark: loop not vectorized [-Rpass-missed=loop-vectorize]
r-package/dtatools/src/numeric-arithmetic.h:318:28: remark: loop not vectorized [-Rpass-missed=loop-vectorize]
r-package/dtatools/src/numeric-arithmetic.h:318:28: remark: loop not vectorized [-Rpass-missed=loop-vectorize]
r-package/dtatools/src/numeric-arithmetic.h:318:28: remark: loop not vectorized [-Rpass-missed=loop-vectorize]
r-package/dtatools/src/numeric-arithmetic.h:318:28: remark: loop not vectorized [-Rpass-missed=loop-vectorize]
r-package/dtatools/src/numeric-arithmetic.h:318:28: remark: loop not vectorized [-Rpass-missed=loop-vectorize]
r-package/dtatools/src/numeric-arithmetic.h:318:28: remark: vectorized loop (vectorization width: 4, interleaved count: 4) [-Rpass=loop-vectorize]
r-package/dtatools/src/numeric-arithmetic.h:318:28: remark: vectorized loop (vectorization width: 4, interleaved count: 4) [-Rpass=loop-vectorize]
r-package/dtatools/src/numeric-arithmetic.h:318:28: remark: vectorized loop (vectorization width: 4, interleaved count: 4) [-Rpass=loop-vectorize]
r-package/dtatools/src/numeric-arithmetic.h:318:28: remark: vectorized loop (vectorization width: 4, interleaved count: 4) [-Rpass=loop-vectorize]
r-package/dtatools/src/numeric-arithmetic.h:318:28: remark: vectorized loop (vectorization width: 4, interleaved count: 4) [-Rpass=loop-vectorize]
r-package/dtatools/src/numeric-arithmetic.h:318:28: remark: vectorized loop (vectorization width: 2, interleaved count: 4) [-Rpass=loop-vectorize]
r-package/dtatools/src/numeric-arithmetic.h:318:28: remark: vectorized loop (vectorization width: 4, interleaved count: 4) [-Rpass=loop-vectorize]
r-package/dtatools/src/numeric-arithmetic.h:318:28: remark: vectorized loop (vectorization width: 4, interleaved count: 4) [-Rpass=loop-vectorize]
r-package/dtatools/src/numeric-arithmetic.h:318:28: remark: vectorized loop (vectorization width: 4, interleaved count: 4) [-Rpass=loop-vectorize]
r-package/dtatools/src/numeric-arithmetic.h:318:28: remark: vectorized loop (vectorization width: 2, interleaved count: 4) [-Rpass=loop-vectorize]
r-package/dtatools/src/numeric-arithmetic.h:318:28: remark: vectorized loop (vectorization width: 4, interleaved count: 4) [-Rpass=loop-vectorize]
r-package/dtatools/src/numeric-arithmetic.h:318:28: remark: vectorized loop (vectorization width: 4, interleaved count: 4) [-Rpass=loop-vectorize]
r-package/dtatools/src/numeric-arithmetic.h:318:28: remark: vectorized loop (vectorization width: 4, interleaved count: 4) [-Rpass=loop-vectorize]
r-package/dtatools/src/numeric-arithmetic.h:318:28: remark: vectorized loop (vectorization width: 2, interleaved count: 4) [-Rpass=loop-vectorize]
r-package/dtatools/src/numeric-arithmetic.h:318:28: remark: vectorized loop (vectorization width: 4, interleaved count: 4) [-Rpass=loop-vectorize]
r-package/dtatools/src/numeric-arithmetic.h:318:28: remark: vectorized loop (vectorization width: 4, interleaved count: 4) [-Rpass=loop-vectorize]
r-package/dtatools/src/numeric-arithmetic.h:319:29: remark: loop not vectorized [-Rpass-missed=loop-vectorize]
  319 |         case NUMERIC_FLOAT: ARITHMETIC_OPERATORS(ARITHMETIC_SPAN_LOOP, float); break;
      |                             ^
r-package/dtatools/src/numeric-arithmetic.h:319:29: remark: loop not vectorized [-Rpass-missed=loop-vectorize]
r-package/dtatools/src/numeric-arithmetic.h:319:29: remark: loop not vectorized [-Rpass-missed=loop-vectorize]
r-package/dtatools/src/numeric-arithmetic.h:319:29: remark: loop not vectorized [-Rpass-missed=loop-vectorize]
r-package/dtatools/src/numeric-arithmetic.h:319:29: remark: loop not vectorized [-Rpass-missed=loop-vectorize]
r-package/dtatools/src/numeric-arithmetic.h:319:29: remark: loop not vectorized [-Rpass-missed=loop-vectorize]
r-package/dtatools/src/numeric-arithmetic.h:319:29: remark: loop not vectorized [-Rpass-missed=loop-vectorize]
r-package/dtatools/src/numeric-arithmetic.h:319:29: remark: loop not vectorized [-Rpass-missed=loop-vectorize]
r-package/dtatools/src/numeric-arithmetic.h:319:29: remark: loop not vectorized [-Rpass-missed=loop-vectorize]
r-package/dtatools/src/numeric-arithmetic.h:319:29: remark: loop not vectorized [-Rpass-missed=loop-vectorize]
r-package/dtatools/src/numeric-arithmetic.h:319:29: remark: loop not vectorized [-Rpass-missed=loop-vectorize]
r-package/dtatools/src/numeric-arithmetic.h:319:29: remark: loop not vectorized [-Rpass-missed=loop-vectorize]
r-package/dtatools/src/numeric-arithmetic.h:319:29: remark: loop not vectorized [-Rpass-missed=loop-vectorize]
r-package/dtatools/src/numeric-arithmetic.h:319:29: remark: loop not vectorized [-Rpass-missed=loop-vectorize]
r-package/dtatools/src/numeric-arithmetic.h:319:29: remark: loop not vectorized [-Rpass-missed=loop-vectorize]
r-package/dtatools/src/numeric-arithmetic.h:319:29: remark: loop not vectorized [-Rpass-missed=loop-vectorize]
r-package/dtatools/src/numeric-arithmetic.h:319:29: remark: loop not vectorized [-Rpass-missed=loop-vectorize]
r-package/dtatools/src/numeric-arithmetic.h:319:29: remark: loop not vectorized [-Rpass-missed=loop-vectorize]
r-package/dtatools/src/numeric-arithmetic.h:319:29: remark: loop not vectorized [-Rpass-missed=loop-vectorize]
r-package/dtatools/src/numeric-arithmetic.h:319:29: remark: loop not vectorized [-Rpass-missed=loop-vectorize]
r-package/dtatools/src/numeric-arithmetic.h:319:29: remark: vectorized loop (vectorization width: 8, interleaved count: 2) [-Rpass=loop-vectorize]
r-package/dtatools/src/numeric-arithmetic.h:319:29: remark: vectorized loop (vectorization width: 8, interleaved count: 4) [-Rpass=loop-vectorize]
r-package/dtatools/src/numeric-arithmetic.h:319:29: remark: vectorized loop (vectorization width: 8, interleaved count: 2) [-Rpass=loop-vectorize]
r-package/dtatools/src/numeric-arithmetic.h:319:29: remark: vectorized loop (vectorization width: 8, interleaved count: 2) [-Rpass=loop-vectorize]
r-package/dtatools/src/numeric-arithmetic.h:319:29: remark: loop not vectorized [-Rpass-missed=loop-vectorize]
r-package/dtatools/src/numeric-arithmetic.h:319:29: remark: loop not vectorized [-Rpass-missed=loop-vectorize]
r-package/dtatools/src/numeric-arithmetic.h:319:29: remark: loop not vectorized [-Rpass-missed=loop-vectorize]
r-package/dtatools/src/numeric-arithmetic.h:319:29: remark: loop not vectorized [-Rpass-missed=loop-vectorize]
r-package/dtatools/src/numeric-arithmetic.h:319:29: remark: loop not vectorized [-Rpass-missed=loop-vectorize]
r-package/dtatools/src/numeric-arithmetic.h:319:29: remark: loop not vectorized [-Rpass-missed=loop-vectorize]
r-package/dtatools/src/numeric-arithmetic.h:319:29: remark: loop not vectorized [-Rpass-missed=loop-vectorize]
r-package/dtatools/src/numeric-arithmetic.h:319:29: remark: loop not vectorized [-Rpass-missed=loop-vectorize]
r-package/dtatools/src/numeric-arithmetic.h:319:29: remark: vectorized loop (vectorization width: 4, interleaved count: 4) [-Rpass=loop-vectorize]
r-package/dtatools/src/numeric-arithmetic.h:319:29: remark: vectorized loop (vectorization width: 4, interleaved count: 4) [-Rpass=loop-vectorize]
r-package/dtatools/src/numeric-arithmetic.h:319:29: remark: vectorized loop (vectorization width: 4, interleaved count: 4) [-Rpass=loop-vectorize]
r-package/dtatools/src/numeric-arithmetic.h:319:29: remark: vectorized loop (vectorization width: 4, interleaved count: 4) [-Rpass=loop-vectorize]
r-package/dtatools/src/numeric-arithmetic.h:319:29: remark: loop not vectorized [-Rpass-missed=loop-vectorize]
r-package/dtatools/src/numeric-arithmetic.h:319:29: remark: loop not vectorized [-Rpass-missed=loop-vectorize]
r-package/dtatools/src/numeric-arithmetic.h:319:29: remark: loop not vectorized [-Rpass-missed=loop-vectorize]
r-package/dtatools/src/numeric-arithmetic.h:319:29: remark: loop not vectorized [-Rpass-missed=loop-vectorize]
r-package/dtatools/src/numeric-arithmetic.h:319:29: remark: loop not vectorized [-Rpass-missed=loop-vectorize]
r-package/dtatools/src/numeric-arithmetic.h:319:29: remark: loop not vectorized [-Rpass-missed=loop-vectorize]
r-package/dtatools/src/numeric-arithmetic.h:319:29: remark: loop not vectorized [-Rpass-missed=loop-vectorize]
r-package/dtatools/src/numeric-arithmetic.h:319:29: remark: loop not vectorized [-Rpass-missed=loop-vectorize]
r-package/dtatools/src/numeric-arithmetic.h:319:29: remark: vectorized loop (vectorization width: 4, interleaved count: 4) [-Rpass=loop-vectorize]
r-package/dtatools/src/numeric-arithmetic.h:319:29: remark: vectorized loop (vectorization width: 4, interleaved count: 4) [-Rpass=loop-vectorize]
r-package/dtatools/src/numeric-arithmetic.h:319:29: remark: vectorized loop (vectorization width: 4, interleaved count: 4) [-Rpass=loop-vectorize]
r-package/dtatools/src/numeric-arithmetic.h:319:29: remark: vectorized loop (vectorization width: 4, interleaved count: 4) [-Rpass=loop-vectorize]
r-package/dtatools/src/numeric-arithmetic.h:319:29: remark: vectorized loop (vectorization width: 4, interleaved count: 4) [-Rpass=loop-vectorize]
r-package/dtatools/src/numeric-arithmetic.h:319:29: remark: vectorized loop (vectorization width: 2, interleaved count: 4) [-Rpass=loop-vectorize]
r-package/dtatools/src/numeric-arithmetic.h:319:29: remark: vectorized loop (vectorization width: 4, interleaved count: 4) [-Rpass=loop-vectorize]
r-package/dtatools/src/numeric-arithmetic.h:319:29: remark: vectorized loop (vectorization width: 4, interleaved count: 4) [-Rpass=loop-vectorize]
r-package/dtatools/src/numeric-arithmetic.h:319:29: remark: vectorized loop (vectorization width: 4, interleaved count: 4) [-Rpass=loop-vectorize]
r-package/dtatools/src/numeric-arithmetic.h:319:29: remark: vectorized loop (vectorization width: 2, interleaved count: 4) [-Rpass=loop-vectorize]
r-package/dtatools/src/numeric-arithmetic.h:319:29: remark: vectorized loop (vectorization width: 4, interleaved count: 4) [-Rpass=loop-vectorize]
r-package/dtatools/src/numeric-arithmetic.h:319:29: remark: vectorized loop (vectorization width: 4, interleaved count: 4) [-Rpass=loop-vectorize]
r-package/dtatools/src/numeric-arithmetic.h:319:29: remark: vectorized loop (vectorization width: 4, interleaved count: 4) [-Rpass=loop-vectorize]
r-package/dtatools/src/numeric-arithmetic.h:319:29: remark: vectorized loop (vectorization width: 2, interleaved count: 4) [-Rpass=loop-vectorize]
r-package/dtatools/src/numeric-arithmetic.h:319:29: remark: vectorized loop (vectorization width: 4, interleaved count: 4) [-Rpass=loop-vectorize]
r-package/dtatools/src/numeric-arithmetic.h:319:29: remark: vectorized loop (vectorization width: 4, interleaved count: 4) [-Rpass=loop-vectorize]
r-package/dtatools/src/numeric-arithmetic.h:319:29: remark: loop not vectorized [-Rpass-missed=loop-vectorize]
r-package/dtatools/src/numeric-arithmetic.h:319:29: remark: loop not vectorized [-Rpass-missed=loop-vectorize]
r-package/dtatools/src/numeric-arithmetic.h:319:29: remark: loop not vectorized [-Rpass-missed=loop-vectorize]
r-package/dtatools/src/numeric-arithmetic.h:319:29: remark: loop not vectorized [-Rpass-missed=loop-vectorize]
r-package/dtatools/src/numeric-arithmetic.h:319:29: remark: loop not vectorized [-Rpass-missed=loop-vectorize]
r-package/dtatools/src/numeric-arithmetic.h:319:29: remark: loop not vectorized [-Rpass-missed=loop-vectorize]
r-package/dtatools/src/numeric-arithmetic.h:319:29: remark: loop not vectorized [-Rpass-missed=loop-vectorize]
r-package/dtatools/src/numeric-arithmetic.h:319:29: remark: loop not vectorized [-Rpass-missed=loop-vectorize]
r-package/dtatools/src/numeric-arithmetic.h:319:29: remark: loop not vectorized [-Rpass-missed=loop-vectorize]
r-package/dtatools/src/numeric-arithmetic.h:319:29: remark: loop not vectorized [-Rpass-missed=loop-vectorize]
r-package/dtatools/src/numeric-arithmetic.h:319:29: remark: loop not vectorized [-Rpass-missed=loop-vectorize]
r-package/dtatools/src/numeric-arithmetic.h:319:29: remark: loop not vectorized [-Rpass-missed=loop-vectorize]
r-package/dtatools/src/numeric-arithmetic.h:319:29: remark: loop not vectorized [-Rpass-missed=loop-vectorize]
r-package/dtatools/src/numeric-arithmetic.h:319:29: remark: loop not vectorized [-Rpass-missed=loop-vectorize]
r-package/dtatools/src/numeric-arithmetic.h:319:29: remark: loop not vectorized [-Rpass-missed=loop-vectorize]
r-package/dtatools/src/numeric-arithmetic.h:319:29: remark: loop not vectorized [-Rpass-missed=loop-vectorize]
r-package/dtatools/src/numeric-arithmetic.h:319:29: remark: loop not vectorized [-Rpass-missed=loop-vectorize]
r-package/dtatools/src/numeric-arithmetic.h:319:29: remark: loop not vectorized [-Rpass-missed=loop-vectorize]
r-package/dtatools/src/numeric-arithmetic.h:319:29: remark: loop not vectorized [-Rpass-missed=loop-vectorize]
r-package/dtatools/src/numeric-arithmetic.h:319:29: remark: loop not vectorized [-Rpass-missed=loop-vectorize]
r-package/dtatools/src/numeric-arithmetic.h:319:29: remark: vectorized loop (vectorization width: 8, interleaved count: 2) [-Rpass=loop-vectorize]
r-package/dtatools/src/numeric-arithmetic.h:319:29: remark: vectorized loop (vectorization width: 8, interleaved count: 4) [-Rpass=loop-vectorize]
r-package/dtatools/src/numeric-arithmetic.h:319:29: remark: vectorized loop (vectorization width: 8, interleaved count: 2) [-Rpass=loop-vectorize]
r-package/dtatools/src/numeric-arithmetic.h:319:29: remark: vectorized loop (vectorization width: 8, interleaved count: 2) [-Rpass=loop-vectorize]
r-package/dtatools/src/numeric-arithmetic.h:319:29: remark: loop not vectorized [-Rpass-missed=loop-vectorize]
r-package/dtatools/src/numeric-arithmetic.h:319:29: remark: loop not vectorized [-Rpass-missed=loop-vectorize]
r-package/dtatools/src/numeric-arithmetic.h:319:29: remark: loop not vectorized [-Rpass-missed=loop-vectorize]
r-package/dtatools/src/numeric-arithmetic.h:319:29: remark: loop not vectorized [-Rpass-missed=loop-vectorize]
r-package/dtatools/src/numeric-arithmetic.h:319:29: remark: loop not vectorized [-Rpass-missed=loop-vectorize]
r-package/dtatools/src/numeric-arithmetic.h:319:29: remark: loop not vectorized [-Rpass-missed=loop-vectorize]
r-package/dtatools/src/numeric-arithmetic.h:319:29: remark: loop not vectorized [-Rpass-missed=loop-vectorize]
r-package/dtatools/src/numeric-arithmetic.h:319:29: remark: loop not vectorized [-Rpass-missed=loop-vectorize]
r-package/dtatools/src/numeric-arithmetic.h:319:29: remark: vectorized loop (vectorization width: 4, interleaved count: 4) [-Rpass=loop-vectorize]
r-package/dtatools/src/numeric-arithmetic.h:319:29: remark: vectorized loop (vectorization width: 4, interleaved count: 4) [-Rpass=loop-vectorize]
r-package/dtatools/src/numeric-arithmetic.h:319:29: remark: vectorized loop (vectorization width: 4, interleaved count: 4) [-Rpass=loop-vectorize]
r-package/dtatools/src/numeric-arithmetic.h:319:29: remark: vectorized loop (vectorization width: 4, interleaved count: 4) [-Rpass=loop-vectorize]
r-package/dtatools/src/numeric-arithmetic.h:319:29: remark: loop not vectorized [-Rpass-missed=loop-vectorize]
r-package/dtatools/src/numeric-arithmetic.h:319:29: remark: loop not vectorized [-Rpass-missed=loop-vectorize]
r-package/dtatools/src/numeric-arithmetic.h:319:29: remark: loop not vectorized [-Rpass-missed=loop-vectorize]
r-package/dtatools/src/numeric-arithmetic.h:319:29: remark: loop not vectorized [-Rpass-missed=loop-vectorize]
r-package/dtatools/src/numeric-arithmetic.h:319:29: remark: loop not vectorized [-Rpass-missed=loop-vectorize]
r-package/dtatools/src/numeric-arithmetic.h:319:29: remark: loop not vectorized [-Rpass-missed=loop-vectorize]
r-package/dtatools/src/numeric-arithmetic.h:319:29: remark: loop not vectorized [-Rpass-missed=loop-vectorize]
r-package/dtatools/src/numeric-arithmetic.h:319:29: remark: loop not vectorized [-Rpass-missed=loop-vectorize]
r-package/dtatools/src/numeric-arithmetic.h:319:29: remark: vectorized loop (vectorization width: 4, interleaved count: 4) [-Rpass=loop-vectorize]
r-package/dtatools/src/numeric-arithmetic.h:319:29: remark: vectorized loop (vectorization width: 4, interleaved count: 4) [-Rpass=loop-vectorize]
r-package/dtatools/src/numeric-arithmetic.h:319:29: remark: vectorized loop (vectorization width: 4, interleaved count: 4) [-Rpass=loop-vectorize]
r-package/dtatools/src/numeric-arithmetic.h:319:29: remark: vectorized loop (vectorization width: 4, interleaved count: 4) [-Rpass=loop-vectorize]
r-package/dtatools/src/numeric-arithmetic.h:319:29: remark: vectorized loop (vectorization width: 4, interleaved count: 4) [-Rpass=loop-vectorize]
r-package/dtatools/src/numeric-arithmetic.h:319:29: remark: vectorized loop (vectorization width: 2, interleaved count: 4) [-Rpass=loop-vectorize]
r-package/dtatools/src/numeric-arithmetic.h:319:29: remark: vectorized loop (vectorization width: 4, interleaved count: 4) [-Rpass=loop-vectorize]
r-package/dtatools/src/numeric-arithmetic.h:319:29: remark: vectorized loop (vectorization width: 4, interleaved count: 4) [-Rpass=loop-vectorize]
r-package/dtatools/src/numeric-arithmetic.h:319:29: remark: vectorized loop (vectorization width: 4, interleaved count: 4) [-Rpass=loop-vectorize]
r-package/dtatools/src/numeric-arithmetic.h:319:29: remark: vectorized loop (vectorization width: 2, interleaved count: 4) [-Rpass=loop-vectorize]
r-package/dtatools/src/numeric-arithmetic.h:319:29: remark: vectorized loop (vectorization width: 4, interleaved count: 4) [-Rpass=loop-vectorize]
r-package/dtatools/src/numeric-arithmetic.h:319:29: remark: vectorized loop (vectorization width: 4, interleaved count: 4) [-Rpass=loop-vectorize]
r-package/dtatools/src/numeric-arithmetic.h:319:29: remark: vectorized loop (vectorization width: 4, interleaved count: 4) [-Rpass=loop-vectorize]
r-package/dtatools/src/numeric-arithmetic.h:319:29: remark: vectorized loop (vectorization width: 2, interleaved count: 4) [-Rpass=loop-vectorize]
r-package/dtatools/src/numeric-arithmetic.h:319:29: remark: vectorized loop (vectorization width: 4, interleaved count: 4) [-Rpass=loop-vectorize]
r-package/dtatools/src/numeric-arithmetic.h:319:29: remark: vectorized loop (vectorization width: 4, interleaved count: 4) [-Rpass=loop-vectorize]
r-package/dtatools/src/numeric-arithmetic.h:319:29: remark: loop not vectorized [-Rpass-missed=loop-vectorize]
r-package/dtatools/src/numeric-arithmetic.h:319:29: remark: loop not vectorized [-Rpass-missed=loop-vectorize]
r-package/dtatools/src/numeric-arithmetic.h:319:29: remark: loop not vectorized [-Rpass-missed=loop-vectorize]
r-package/dtatools/src/numeric-arithmetic.h:319:29: remark: loop not vectorized [-Rpass-missed=loop-vectorize]
r-package/dtatools/src/numeric-arithmetic.h:319:29: remark: loop not vectorized [-Rpass-missed=loop-vectorize]
r-package/dtatools/src/numeric-arithmetic.h:319:29: remark: loop not vectorized [-Rpass-missed=loop-vectorize]
r-package/dtatools/src/numeric-arithmetic.h:319:29: remark: loop not vectorized [-Rpass-missed=loop-vectorize]
r-package/dtatools/src/numeric-arithmetic.h:319:29: remark: loop not vectorized [-Rpass-missed=loop-vectorize]
r-package/dtatools/src/numeric-arithmetic.h:319:29: remark: loop not vectorized [-Rpass-missed=loop-vectorize]
r-package/dtatools/src/numeric-arithmetic.h:319:29: remark: loop not vectorized [-Rpass-missed=loop-vectorize]
r-package/dtatools/src/numeric-arithmetic.h:319:29: remark: loop not vectorized [-Rpass-missed=loop-vectorize]
r-package/dtatools/src/numeric-arithmetic.h:319:29: remark: loop not vectorized [-Rpass-missed=loop-vectorize]
r-package/dtatools/src/numeric-arithmetic.h:319:29: remark: loop not vectorized [-Rpass-missed=loop-vectorize]
r-package/dtatools/src/numeric-arithmetic.h:319:29: remark: loop not vectorized [-Rpass-missed=loop-vectorize]
r-package/dtatools/src/numeric-arithmetic.h:319:29: remark: loop not vectorized [-Rpass-missed=loop-vectorize]
r-package/dtatools/src/numeric-arithmetic.h:319:29: remark: loop not vectorized [-Rpass-missed=loop-vectorize]
r-package/dtatools/src/numeric-arithmetic.h:319:29: remark: loop not vectorized [-Rpass-missed=loop-vectorize]
r-package/dtatools/src/numeric-arithmetic.h:319:29: remark: loop not vectorized [-Rpass-missed=loop-vectorize]
r-package/dtatools/src/numeric-arithmetic.h:319:29: remark: loop not vectorized [-Rpass-missed=loop-vectorize]
r-package/dtatools/src/numeric-arithmetic.h:319:29: remark: loop not vectorized [-Rpass-missed=loop-vectorize]
r-package/dtatools/src/numeric-arithmetic.h:319:29: remark: vectorized loop (vectorization width: 8, interleaved count: 2) [-Rpass=loop-vectorize]
r-package/dtatools/src/numeric-arithmetic.h:319:29: remark: vectorized loop (vectorization width: 8, interleaved count: 4) [-Rpass=loop-vectorize]
r-package/dtatools/src/numeric-arithmetic.h:319:29: remark: vectorized loop (vectorization width: 8, interleaved count: 2) [-Rpass=loop-vectorize]
r-package/dtatools/src/numeric-arithmetic.h:319:29: remark: vectorized loop (vectorization width: 8, interleaved count: 2) [-Rpass=loop-vectorize]
r-package/dtatools/src/numeric-arithmetic.h:319:29: remark: loop not vectorized [-Rpass-missed=loop-vectorize]
r-package/dtatools/src/numeric-arithmetic.h:319:29: remark: loop not vectorized [-Rpass-missed=loop-vectorize]
r-package/dtatools/src/numeric-arithmetic.h:319:29: remark: loop not vectorized [-Rpass-missed=loop-vectorize]
r-package/dtatools/src/numeric-arithmetic.h:319:29: remark: loop not vectorized [-Rpass-missed=loop-vectorize]
r-package/dtatools/src/numeric-arithmetic.h:319:29: remark: loop not vectorized [-Rpass-missed=loop-vectorize]
r-package/dtatools/src/numeric-arithmetic.h:319:29: remark: loop not vectorized [-Rpass-missed=loop-vectorize]
r-package/dtatools/src/numeric-arithmetic.h:319:29: remark: loop not vectorized [-Rpass-missed=loop-vectorize]
r-package/dtatools/src/numeric-arithmetic.h:319:29: remark: loop not vectorized [-Rpass-missed=loop-vectorize]
r-package/dtatools/src/numeric-arithmetic.h:319:29: remark: vectorized loop (vectorization width: 4, interleaved count: 4) [-Rpass=loop-vectorize]
r-package/dtatools/src/numeric-arithmetic.h:319:29: remark: vectorized loop (vectorization width: 4, interleaved count: 4) [-Rpass=loop-vectorize]
r-package/dtatools/src/numeric-arithmetic.h:319:29: remark: vectorized loop (vectorization width: 4, interleaved count: 4) [-Rpass=loop-vectorize]
r-package/dtatools/src/numeric-arithmetic.h:319:29: remark: vectorized loop (vectorization width: 4, interleaved count: 4) [-Rpass=loop-vectorize]
r-package/dtatools/src/numeric-arithmetic.h:319:29: remark: loop not vectorized [-Rpass-missed=loop-vectorize]
r-package/dtatools/src/numeric-arithmetic.h:319:29: remark: loop not vectorized [-Rpass-missed=loop-vectorize]
r-package/dtatools/src/numeric-arithmetic.h:319:29: remark: loop not vectorized [-Rpass-missed=loop-vectorize]
r-package/dtatools/src/numeric-arithmetic.h:319:29: remark: loop not vectorized [-Rpass-missed=loop-vectorize]
r-package/dtatools/src/numeric-arithmetic.h:319:29: remark: loop not vectorized [-Rpass-missed=loop-vectorize]
r-package/dtatools/src/numeric-arithmetic.h:319:29: remark: loop not vectorized [-Rpass-missed=loop-vectorize]
r-package/dtatools/src/numeric-arithmetic.h:319:29: remark: loop not vectorized [-Rpass-missed=loop-vectorize]
r-package/dtatools/src/numeric-arithmetic.h:319:29: remark: loop not vectorized [-Rpass-missed=loop-vectorize]
r-package/dtatools/src/numeric-arithmetic.h:319:29: remark: vectorized loop (vectorization width: 4, interleaved count: 4) [-Rpass=loop-vectorize]
r-package/dtatools/src/numeric-arithmetic.h:319:29: remark: vectorized loop (vectorization width: 4, interleaved count: 4) [-Rpass=loop-vectorize]
r-package/dtatools/src/numeric-arithmetic.h:319:29: remark: vectorized loop (vectorization width: 4, interleaved count: 4) [-Rpass=loop-vectorize]
r-package/dtatools/src/numeric-arithmetic.h:319:29: remark: vectorized loop (vectorization width: 4, interleaved count: 4) [-Rpass=loop-vectorize]
r-package/dtatools/src/numeric-arithmetic.h:319:29: remark: vectorized loop (vectorization width: 4, interleaved count: 4) [-Rpass=loop-vectorize]
r-package/dtatools/src/numeric-arithmetic.h:319:29: remark: vectorized loop (vectorization width: 2, interleaved count: 4) [-Rpass=loop-vectorize]
r-package/dtatools/src/numeric-arithmetic.h:319:29: remark: vectorized loop (vectorization width: 4, interleaved count: 4) [-Rpass=loop-vectorize]
r-package/dtatools/src/numeric-arithmetic.h:319:29: remark: vectorized loop (vectorization width: 4, interleaved count: 4) [-Rpass=loop-vectorize]
r-package/dtatools/src/numeric-arithmetic.h:319:29: remark: vectorized loop (vectorization width: 4, interleaved count: 4) [-Rpass=loop-vectorize]
r-package/dtatools/src/numeric-arithmetic.h:319:29: remark: vectorized loop (vectorization width: 2, interleaved count: 4) [-Rpass=loop-vectorize]
r-package/dtatools/src/numeric-arithmetic.h:319:29: remark: vectorized loop (vectorization width: 4, interleaved count: 4) [-Rpass=loop-vectorize]
r-package/dtatools/src/numeric-arithmetic.h:319:29: remark: vectorized loop (vectorization width: 4, interleaved count: 4) [-Rpass=loop-vectorize]
r-package/dtatools/src/numeric-arithmetic.h:319:29: remark: vectorized loop (vectorization width: 4, interleaved count: 4) [-Rpass=loop-vectorize]
r-package/dtatools/src/numeric-arithmetic.h:319:29: remark: vectorized loop (vectorization width: 2, interleaved count: 4) [-Rpass=loop-vectorize]
r-package/dtatools/src/numeric-arithmetic.h:319:29: remark: vectorized loop (vectorization width: 4, interleaved count: 4) [-Rpass=loop-vectorize]
r-package/dtatools/src/numeric-arithmetic.h:319:29: remark: vectorized loop (vectorization width: 4, interleaved count: 4) [-Rpass=loop-vectorize]
r-package/dtatools/src/numeric-arithmetic.h:319:29: remark: loop not vectorized [-Rpass-missed=loop-vectorize]
r-package/dtatools/src/numeric-arithmetic.h:319:29: remark: loop not vectorized [-Rpass-missed=loop-vectorize]
r-package/dtatools/src/numeric-arithmetic.h:319:29: remark: loop not vectorized [-Rpass-missed=loop-vectorize]
r-package/dtatools/src/numeric-arithmetic.h:319:29: remark: loop not vectorized [-Rpass-missed=loop-vectorize]
r-package/dtatools/src/numeric-arithmetic.h:319:29: remark: loop not vectorized [-Rpass-missed=loop-vectorize]
r-package/dtatools/src/numeric-arithmetic.h:319:29: remark: loop not vectorized [-Rpass-missed=loop-vectorize]
r-package/dtatools/src/numeric-arithmetic.h:319:29: remark: loop not vectorized [-Rpass-missed=loop-vectorize]
r-package/dtatools/src/numeric-arithmetic.h:319:29: remark: loop not vectorized [-Rpass-missed=loop-vectorize]
r-package/dtatools/src/numeric-arithmetic.h:319:29: remark: loop not vectorized [-Rpass-missed=loop-vectorize]
r-package/dtatools/src/numeric-arithmetic.h:319:29: remark: loop not vectorized [-Rpass-missed=loop-vectorize]
r-package/dtatools/src/numeric-arithmetic.h:319:29: remark: loop not vectorized [-Rpass-missed=loop-vectorize]
r-package/dtatools/src/numeric-arithmetic.h:319:29: remark: loop not vectorized [-Rpass-missed=loop-vectorize]
r-package/dtatools/src/numeric-arithmetic.h:319:29: remark: loop not vectorized [-Rpass-missed=loop-vectorize]
r-package/dtatools/src/numeric-arithmetic.h:319:29: remark: loop not vectorized [-Rpass-missed=loop-vectorize]
r-package/dtatools/src/numeric-arithmetic.h:319:29: remark: loop not vectorized [-Rpass-missed=loop-vectorize]
r-package/dtatools/src/numeric-arithmetic.h:319:29: remark: loop not vectorized [-Rpass-missed=loop-vectorize]
r-package/dtatools/src/numeric-arithmetic.h:319:29: remark: loop not vectorized [-Rpass-missed=loop-vectorize]
r-package/dtatools/src/numeric-arithmetic.h:319:29: remark: loop not vectorized [-Rpass-missed=loop-vectorize]
r-package/dtatools/src/numeric-arithmetic.h:319:29: remark: loop not vectorized [-Rpass-missed=loop-vectorize]
r-package/dtatools/src/numeric-arithmetic.h:319:29: remark: loop not vectorized [-Rpass-missed=loop-vectorize]
r-package/dtatools/src/numeric-arithmetic.h:319:29: remark: vectorized loop (vectorization width: 8, interleaved count: 2) [-Rpass=loop-vectorize]
r-package/dtatools/src/numeric-arithmetic.h:319:29: remark: vectorized loop (vectorization width: 8, interleaved count: 4) [-Rpass=loop-vectorize]
r-package/dtatools/src/numeric-arithmetic.h:319:29: remark: vectorized loop (vectorization width: 8, interleaved count: 2) [-Rpass=loop-vectorize]
r-package/dtatools/src/numeric-arithmetic.h:319:29: remark: vectorized loop (vectorization width: 8, interleaved count: 2) [-Rpass=loop-vectorize]
r-package/dtatools/src/numeric-arithmetic.h:319:29: remark: loop not vectorized [-Rpass-missed=loop-vectorize]
r-package/dtatools/src/numeric-arithmetic.h:319:29: remark: loop not vectorized [-Rpass-missed=loop-vectorize]
r-package/dtatools/src/numeric-arithmetic.h:319:29: remark: loop not vectorized [-Rpass-missed=loop-vectorize]
r-package/dtatools/src/numeric-arithmetic.h:319:29: remark: loop not vectorized [-Rpass-missed=loop-vectorize]
r-package/dtatools/src/numeric-arithmetic.h:319:29: remark: loop not vectorized [-Rpass-missed=loop-vectorize]
r-package/dtatools/src/numeric-arithmetic.h:319:29: remark: loop not vectorized [-Rpass-missed=loop-vectorize]
r-package/dtatools/src/numeric-arithmetic.h:319:29: remark: loop not vectorized [-Rpass-missed=loop-vectorize]
r-package/dtatools/src/numeric-arithmetic.h:319:29: remark: loop not vectorized [-Rpass-missed=loop-vectorize]
r-package/dtatools/src/numeric-arithmetic.h:319:29: remark: vectorized loop (vectorization width: 4, interleaved count: 4) [-Rpass=loop-vectorize]
r-package/dtatools/src/numeric-arithmetic.h:319:29: remark: vectorized loop (vectorization width: 4, interleaved count: 4) [-Rpass=loop-vectorize]
r-package/dtatools/src/numeric-arithmetic.h:319:29: remark: vectorized loop (vectorization width: 4, interleaved count: 4) [-Rpass=loop-vectorize]
r-package/dtatools/src/numeric-arithmetic.h:319:29: remark: vectorized loop (vectorization width: 4, interleaved count: 4) [-Rpass=loop-vectorize]
r-package/dtatools/src/numeric-arithmetic.h:319:29: remark: loop not vectorized [-Rpass-missed=loop-vectorize]
r-package/dtatools/src/numeric-arithmetic.h:319:29: remark: loop not vectorized [-Rpass-missed=loop-vectorize]
r-package/dtatools/src/numeric-arithmetic.h:319:29: remark: loop not vectorized [-Rpass-missed=loop-vectorize]
r-package/dtatools/src/numeric-arithmetic.h:319:29: remark: loop not vectorized [-Rpass-missed=loop-vectorize]
r-package/dtatools/src/numeric-arithmetic.h:319:29: remark: loop not vectorized [-Rpass-missed=loop-vectorize]
r-package/dtatools/src/numeric-arithmetic.h:319:29: remark: loop not vectorized [-Rpass-missed=loop-vectorize]
r-package/dtatools/src/numeric-arithmetic.h:319:29: remark: loop not vectorized [-Rpass-missed=loop-vectorize]
r-package/dtatools/src/numeric-arithmetic.h:319:29: remark: loop not vectorized [-Rpass-missed=loop-vectorize]
r-package/dtatools/src/numeric-arithmetic.h:319:29: remark: vectorized loop (vectorization width: 4, interleaved count: 4) [-Rpass=loop-vectorize]
r-package/dtatools/src/numeric-arithmetic.h:319:29: remark: vectorized loop (vectorization width: 4, interleaved count: 4) [-Rpass=loop-vectorize]
r-package/dtatools/src/numeric-arithmetic.h:319:29: remark: vectorized loop (vectorization width: 4, interleaved count: 4) [-Rpass=loop-vectorize]
r-package/dtatools/src/numeric-arithmetic.h:319:29: remark: vectorized loop (vectorization width: 4, interleaved count: 4) [-Rpass=loop-vectorize]
r-package/dtatools/src/numeric-arithmetic.h:319:29: remark: vectorized loop (vectorization width: 4, interleaved count: 4) [-Rpass=loop-vectorize]
r-package/dtatools/src/numeric-arithmetic.h:319:29: remark: vectorized loop (vectorization width: 2, interleaved count: 4) [-Rpass=loop-vectorize]
r-package/dtatools/src/numeric-arithmetic.h:319:29: remark: vectorized loop (vectorization width: 4, interleaved count: 4) [-Rpass=loop-vectorize]
r-package/dtatools/src/numeric-arithmetic.h:319:29: remark: vectorized loop (vectorization width: 4, interleaved count: 4) [-Rpass=loop-vectorize]
r-package/dtatools/src/numeric-arithmetic.h:319:29: remark: vectorized loop (vectorization width: 4, interleaved count: 4) [-Rpass=loop-vectorize]
r-package/dtatools/src/numeric-arithmetic.h:319:29: remark: vectorized loop (vectorization width: 2, interleaved count: 4) [-Rpass=loop-vectorize]
r-package/dtatools/src/numeric-arithmetic.h:319:29: remark: vectorized loop (vectorization width: 4, interleaved count: 4) [-Rpass=loop-vectorize]
r-package/dtatools/src/numeric-arithmetic.h:319:29: remark: vectorized loop (vectorization width: 4, interleaved count: 4) [-Rpass=loop-vectorize]
r-package/dtatools/src/numeric-arithmetic.h:319:29: remark: vectorized loop (vectorization width: 4, interleaved count: 4) [-Rpass=loop-vectorize]
r-package/dtatools/src/numeric-arithmetic.h:319:29: remark: vectorized loop (vectorization width: 2, interleaved count: 4) [-Rpass=loop-vectorize]
r-package/dtatools/src/numeric-arithmetic.h:319:29: remark: vectorized loop (vectorization width: 4, interleaved count: 4) [-Rpass=loop-vectorize]
r-package/dtatools/src/numeric-arithmetic.h:319:29: remark: vectorized loop (vectorization width: 4, interleaved count: 4) [-Rpass=loop-vectorize]
r-package/dtatools/src/numeric-arithmetic.h:467:28: remark: loop not vectorized [-Rpass-missed=loop-vectorize]
  467 |         case NUMERIC_BYTE: ARITHMETIC_OPERATORS(ARITHMETIC_SPAN_LOOP, int8_t); break;
      |                            ^
r-package/dtatools/src/numeric-arithmetic.h:467:28: remark: loop not vectorized [-Rpass-missed=loop-vectorize]
r-package/dtatools/src/numeric-arithmetic.h:467:28: remark: loop not vectorized [-Rpass-missed=loop-vectorize]
r-package/dtatools/src/numeric-arithmetic.h:467:28: remark: loop not vectorized [-Rpass-missed=loop-vectorize]
r-package/dtatools/src/numeric-arithmetic.h:467:28: remark: loop not vectorized [-Rpass-missed=loop-vectorize]
r-package/dtatools/src/numeric-arithmetic.h:467:28: remark: loop not vectorized [-Rpass-missed=loop-vectorize]
r-package/dtatools/src/numeric-arithmetic.h:467:28: remark: loop not vectorized [-Rpass-missed=loop-vectorize]
r-package/dtatools/src/numeric-arithmetic.h:467:28: remark: loop not vectorized [-Rpass-missed=loop-vectorize]
r-package/dtatools/src/numeric-arithmetic.h:467:28: remark: loop not vectorized [-Rpass-missed=loop-vectorize]
r-package/dtatools/src/numeric-arithmetic.h:467:28: remark: loop not vectorized [-Rpass-missed=loop-vectorize]
r-package/dtatools/src/numeric-arithmetic.h:467:28: remark: loop not vectorized [-Rpass-missed=loop-vectorize]
r-package/dtatools/src/numeric-arithmetic.h:467:28: remark: loop not vectorized [-Rpass-missed=loop-vectorize]
r-package/dtatools/src/numeric-arithmetic.h:467:28: remark: loop not vectorized [-Rpass-missed=loop-vectorize]
r-package/dtatools/src/numeric-arithmetic.h:467:28: remark: loop not vectorized [-Rpass-missed=loop-vectorize]
r-package/dtatools/src/numeric-arithmetic.h:467:28: remark: loop not vectorized [-Rpass-missed=loop-vectorize]
r-package/dtatools/src/numeric-arithmetic.h:467:28: remark: loop not vectorized [-Rpass-missed=loop-vectorize]
r-package/dtatools/src/numeric-arithmetic.h:467:28: remark: loop not vectorized [-Rpass-missed=loop-vectorize]
r-package/dtatools/src/numeric-arithmetic.h:467:28: remark: loop not vectorized [-Rpass-missed=loop-vectorize]
r-package/dtatools/src/numeric-arithmetic.h:467:28: remark: loop not vectorized [-Rpass-missed=loop-vectorize]
r-package/dtatools/src/numeric-arithmetic.h:467:28: remark: loop not vectorized [-Rpass-missed=loop-vectorize]
r-package/dtatools/src/numeric-arithmetic.h:467:28: remark: the cost-model indicates that vectorization is not beneficial [-Rpass-missed=loop-vectorize]
r-package/dtatools/src/numeric-arithmetic.h:467:28: remark: the cost-model indicates that interleaving is not beneficial [-Rpass-missed=loop-vectorize]
r-package/dtatools/src/numeric-arithmetic.h:467:28: remark: the cost-model indicates that vectorization is not beneficial [-Rpass-missed=loop-vectorize]
r-package/dtatools/src/numeric-arithmetic.h:467:28: remark: the cost-model indicates that interleaving is not beneficial [-Rpass-missed=loop-vectorize]
r-package/dtatools/src/numeric-arithmetic.h:467:28: remark: the cost-model indicates that vectorization is not beneficial [-Rpass-missed=loop-vectorize]
r-package/dtatools/src/numeric-arithmetic.h:467:28: remark: the cost-model indicates that interleaving is not beneficial [-Rpass-missed=loop-vectorize]
r-package/dtatools/src/numeric-arithmetic.h:467:28: remark: vectorized loop (vectorization width: 8, interleaved count: 4) [-Rpass=loop-vectorize]
r-package/dtatools/src/numeric-arithmetic.h:467:28: remark: loop not vectorized [-Rpass-missed=loop-vectorize]
r-package/dtatools/src/numeric-arithmetic.h:467:28: remark: loop not vectorized [-Rpass-missed=loop-vectorize]
r-package/dtatools/src/numeric-arithmetic.h:467:28: remark: loop not vectorized [-Rpass-missed=loop-vectorize]
r-package/dtatools/src/numeric-arithmetic.h:467:28: remark: loop not vectorized [-Rpass-missed=loop-vectorize]
r-package/dtatools/src/numeric-arithmetic.h:467:28: remark: loop not vectorized [-Rpass-missed=loop-vectorize]
r-package/dtatools/src/numeric-arithmetic.h:467:28: remark: loop not vectorized [-Rpass-missed=loop-vectorize]
r-package/dtatools/src/numeric-arithmetic.h:467:28: remark: loop not vectorized [-Rpass-missed=loop-vectorize]
r-package/dtatools/src/numeric-arithmetic.h:467:28: remark: loop not vectorized [-Rpass-missed=loop-vectorize]
r-package/dtatools/src/numeric-arithmetic.h:467:28: remark: the cost-model indicates that vectorization is not beneficial [-Rpass-missed=loop-vectorize]
r-package/dtatools/src/numeric-arithmetic.h:467:28: remark: the cost-model indicates that interleaving is not beneficial [-Rpass-missed=loop-vectorize]
r-package/dtatools/src/numeric-arithmetic.h:467:28: remark: the cost-model indicates that vectorization is not beneficial [-Rpass-missed=loop-vectorize]
r-package/dtatools/src/numeric-arithmetic.h:467:28: remark: the cost-model indicates that interleaving is not beneficial [-Rpass-missed=loop-vectorize]
r-package/dtatools/src/numeric-arithmetic.h:467:28: remark: the cost-model indicates that vectorization is not beneficial [-Rpass-missed=loop-vectorize]
r-package/dtatools/src/numeric-arithmetic.h:467:28: remark: the cost-model indicates that interleaving is not beneficial [-Rpass-missed=loop-vectorize]
r-package/dtatools/src/numeric-arithmetic.h:467:28: remark: vectorized loop (vectorization width: 4, interleaved count: 4) [-Rpass=loop-vectorize]
r-package/dtatools/src/numeric-arithmetic.h:467:28: remark: loop not vectorized [-Rpass-missed=loop-vectorize]
r-package/dtatools/src/numeric-arithmetic.h:467:28: remark: loop not vectorized [-Rpass-missed=loop-vectorize]
r-package/dtatools/src/numeric-arithmetic.h:467:28: remark: loop not vectorized [-Rpass-missed=loop-vectorize]
r-package/dtatools/src/numeric-arithmetic.h:467:28: remark: loop not vectorized [-Rpass-missed=loop-vectorize]
r-package/dtatools/src/numeric-arithmetic.h:467:28: remark: loop not vectorized [-Rpass-missed=loop-vectorize]
r-package/dtatools/src/numeric-arithmetic.h:467:28: remark: loop not vectorized [-Rpass-missed=loop-vectorize]
r-package/dtatools/src/numeric-arithmetic.h:467:28: remark: loop not vectorized [-Rpass-missed=loop-vectorize]
r-package/dtatools/src/numeric-arithmetic.h:467:28: remark: loop not vectorized [-Rpass-missed=loop-vectorize]
r-package/dtatools/src/numeric-arithmetic.h:467:28: remark: the cost-model indicates that vectorization is not beneficial [-Rpass-missed=loop-vectorize]
r-package/dtatools/src/numeric-arithmetic.h:467:28: remark: the cost-model indicates that interleaving is not beneficial [-Rpass-missed=loop-vectorize]
r-package/dtatools/src/numeric-arithmetic.h:467:28: remark: the cost-model indicates that vectorization is not beneficial [-Rpass-missed=loop-vectorize]
r-package/dtatools/src/numeric-arithmetic.h:467:28: remark: the cost-model indicates that interleaving is not beneficial [-Rpass-missed=loop-vectorize]
r-package/dtatools/src/numeric-arithmetic.h:467:28: remark: the cost-model indicates that vectorization is not beneficial [-Rpass-missed=loop-vectorize]
r-package/dtatools/src/numeric-arithmetic.h:467:28: remark: the cost-model indicates that interleaving is not beneficial [-Rpass-missed=loop-vectorize]
r-package/dtatools/src/numeric-arithmetic.h:467:28: remark: vectorized loop (vectorization width: 4, interleaved count: 4) [-Rpass=loop-vectorize]
r-package/dtatools/src/numeric-arithmetic.h:467:28: remark: the cost-model indicates that vectorization is not beneficial [-Rpass-missed=loop-vectorize]
r-package/dtatools/src/numeric-arithmetic.h:467:28: remark: the cost-model indicates that interleaving is not beneficial [-Rpass-missed=loop-vectorize]
r-package/dtatools/src/numeric-arithmetic.h:467:28: remark: the cost-model indicates that vectorization is not beneficial [-Rpass-missed=loop-vectorize]
r-package/dtatools/src/numeric-arithmetic.h:467:28: remark: the cost-model indicates that interleaving is not beneficial [-Rpass-missed=loop-vectorize]
r-package/dtatools/src/numeric-arithmetic.h:467:28: remark: the cost-model indicates that vectorization is not beneficial [-Rpass-missed=loop-vectorize]
r-package/dtatools/src/numeric-arithmetic.h:467:28: remark: the cost-model indicates that interleaving is not beneficial [-Rpass-missed=loop-vectorize]
r-package/dtatools/src/numeric-arithmetic.h:467:28: remark: vectorized loop (vectorization width: 2, interleaved count: 4) [-Rpass=loop-vectorize]
r-package/dtatools/src/numeric-arithmetic.h:467:28: remark: the cost-model indicates that vectorization is not beneficial [-Rpass-missed=loop-vectorize]
r-package/dtatools/src/numeric-arithmetic.h:467:28: remark: the cost-model indicates that interleaving is not beneficial [-Rpass-missed=loop-vectorize]
r-package/dtatools/src/numeric-arithmetic.h:467:28: remark: the cost-model indicates that vectorization is not beneficial [-Rpass-missed=loop-vectorize]
r-package/dtatools/src/numeric-arithmetic.h:467:28: remark: the cost-model indicates that interleaving is not beneficial [-Rpass-missed=loop-vectorize]
r-package/dtatools/src/numeric-arithmetic.h:467:28: remark: the cost-model indicates that vectorization is not beneficial [-Rpass-missed=loop-vectorize]
r-package/dtatools/src/numeric-arithmetic.h:467:28: remark: the cost-model indicates that interleaving is not beneficial [-Rpass-missed=loop-vectorize]
r-package/dtatools/src/numeric-arithmetic.h:467:28: remark: vectorized loop (vectorization width: 2, interleaved count: 4) [-Rpass=loop-vectorize]
r-package/dtatools/src/numeric-arithmetic.h:467:28: remark: the cost-model indicates that vectorization is not beneficial [-Rpass-missed=loop-vectorize]
r-package/dtatools/src/numeric-arithmetic.h:467:28: remark: the cost-model indicates that interleaving is not beneficial [-Rpass-missed=loop-vectorize]
r-package/dtatools/src/numeric-arithmetic.h:467:28: remark: the cost-model indicates that vectorization is not beneficial [-Rpass-missed=loop-vectorize]
r-package/dtatools/src/numeric-arithmetic.h:467:28: remark: the cost-model indicates that interleaving is not beneficial [-Rpass-missed=loop-vectorize]
r-package/dtatools/src/numeric-arithmetic.h:467:28: remark: the cost-model indicates that vectorization is not beneficial [-Rpass-missed=loop-vectorize]
r-package/dtatools/src/numeric-arithmetic.h:467:28: remark: the cost-model indicates that interleaving is not beneficial [-Rpass-missed=loop-vectorize]
r-package/dtatools/src/numeric-arithmetic.h:467:28: remark: vectorized loop (vectorization width: 2, interleaved count: 4) [-Rpass=loop-vectorize]
r-package/dtatools/src/numeric-arithmetic.h:467:28: remark: loop not vectorized [-Rpass-missed=loop-vectorize]
r-package/dtatools/src/numeric-arithmetic.h:467:28: remark: loop not vectorized [-Rpass-missed=loop-vectorize]
r-package/dtatools/src/numeric-arithmetic.h:467:28: remark: loop not vectorized [-Rpass-missed=loop-vectorize]
r-package/dtatools/src/numeric-arithmetic.h:467:28: remark: loop not vectorized [-Rpass-missed=loop-vectorize]
r-package/dtatools/src/numeric-arithmetic.h:467:28: remark: loop not vectorized [-Rpass-missed=loop-vectorize]
r-package/dtatools/src/numeric-arithmetic.h:467:28: remark: loop not vectorized [-Rpass-missed=loop-vectorize]
r-package/dtatools/src/numeric-arithmetic.h:467:28: remark: loop not vectorized [-Rpass-missed=loop-vectorize]
r-package/dtatools/src/numeric-arithmetic.h:467:28: remark: loop not vectorized [-Rpass-missed=loop-vectorize]
r-package/dtatools/src/numeric-arithmetic.h:467:28: remark: loop not vectorized [-Rpass-missed=loop-vectorize]
r-package/dtatools/src/numeric-arithmetic.h:467:28: remark: loop not vectorized [-Rpass-missed=loop-vectorize]
r-package/dtatools/src/numeric-arithmetic.h:467:28: remark: loop not vectorized [-Rpass-missed=loop-vectorize]
r-package/dtatools/src/numeric-arithmetic.h:467:28: remark: loop not vectorized [-Rpass-missed=loop-vectorize]
r-package/dtatools/src/numeric-arithmetic.h:467:28: remark: loop not vectorized [-Rpass-missed=loop-vectorize]
r-package/dtatools/src/numeric-arithmetic.h:467:28: remark: loop not vectorized [-Rpass-missed=loop-vectorize]
r-package/dtatools/src/numeric-arithmetic.h:467:28: remark: loop not vectorized [-Rpass-missed=loop-vectorize]
r-package/dtatools/src/numeric-arithmetic.h:467:28: remark: loop not vectorized [-Rpass-missed=loop-vectorize]
r-package/dtatools/src/numeric-arithmetic.h:467:28: remark: loop not vectorized [-Rpass-missed=loop-vectorize]
r-package/dtatools/src/numeric-arithmetic.h:467:28: remark: loop not vectorized [-Rpass-missed=loop-vectorize]
r-package/dtatools/src/numeric-arithmetic.h:467:28: remark: loop not vectorized [-Rpass-missed=loop-vectorize]
r-package/dtatools/src/numeric-arithmetic.h:467:28: remark: loop not vectorized [-Rpass-missed=loop-vectorize]
r-package/dtatools/src/numeric-arithmetic.h:467:28: remark: the cost-model indicates that vectorization is not beneficial [-Rpass-missed=loop-vectorize]
r-package/dtatools/src/numeric-arithmetic.h:467:28: remark: the cost-model indicates that interleaving is not beneficial [-Rpass-missed=loop-vectorize]
r-package/dtatools/src/numeric-arithmetic.h:467:28: remark: the cost-model indicates that vectorization is not beneficial [-Rpass-missed=loop-vectorize]
r-package/dtatools/src/numeric-arithmetic.h:467:28: remark: the cost-model indicates that interleaving is not beneficial [-Rpass-missed=loop-vectorize]
r-package/dtatools/src/numeric-arithmetic.h:467:28: remark: the cost-model indicates that vectorization is not beneficial [-Rpass-missed=loop-vectorize]
r-package/dtatools/src/numeric-arithmetic.h:467:28: remark: the cost-model indicates that interleaving is not beneficial [-Rpass-missed=loop-vectorize]
r-package/dtatools/src/numeric-arithmetic.h:467:28: remark: vectorized loop (vectorization width: 8, interleaved count: 4) [-Rpass=loop-vectorize]
r-package/dtatools/src/numeric-arithmetic.h:467:28: remark: loop not vectorized [-Rpass-missed=loop-vectorize]
r-package/dtatools/src/numeric-arithmetic.h:467:28: remark: loop not vectorized [-Rpass-missed=loop-vectorize]
r-package/dtatools/src/numeric-arithmetic.h:467:28: remark: loop not vectorized [-Rpass-missed=loop-vectorize]
r-package/dtatools/src/numeric-arithmetic.h:467:28: remark: loop not vectorized [-Rpass-missed=loop-vectorize]
r-package/dtatools/src/numeric-arithmetic.h:467:28: remark: loop not vectorized [-Rpass-missed=loop-vectorize]
r-package/dtatools/src/numeric-arithmetic.h:467:28: remark: loop not vectorized [-Rpass-missed=loop-vectorize]
r-package/dtatools/src/numeric-arithmetic.h:467:28: remark: loop not vectorized [-Rpass-missed=loop-vectorize]
r-package/dtatools/src/numeric-arithmetic.h:467:28: remark: loop not vectorized [-Rpass-missed=loop-vectorize]
r-package/dtatools/src/numeric-arithmetic.h:467:28: remark: the cost-model indicates that vectorization is not beneficial [-Rpass-missed=loop-vectorize]
r-package/dtatools/src/numeric-arithmetic.h:467:28: remark: the cost-model indicates that interleaving is not beneficial [-Rpass-missed=loop-vectorize]
r-package/dtatools/src/numeric-arithmetic.h:467:28: remark: the cost-model indicates that vectorization is not beneficial [-Rpass-missed=loop-vectorize]
r-package/dtatools/src/numeric-arithmetic.h:467:28: remark: the cost-model indicates that interleaving is not beneficial [-Rpass-missed=loop-vectorize]
r-package/dtatools/src/numeric-arithmetic.h:467:28: remark: the cost-model indicates that vectorization is not beneficial [-Rpass-missed=loop-vectorize]
r-package/dtatools/src/numeric-arithmetic.h:467:28: remark: the cost-model indicates that interleaving is not beneficial [-Rpass-missed=loop-vectorize]
r-package/dtatools/src/numeric-arithmetic.h:467:28: remark: vectorized loop (vectorization width: 4, interleaved count: 4) [-Rpass=loop-vectorize]
r-package/dtatools/src/numeric-arithmetic.h:467:28: remark: loop not vectorized [-Rpass-missed=loop-vectorize]
r-package/dtatools/src/numeric-arithmetic.h:467:28: remark: loop not vectorized [-Rpass-missed=loop-vectorize]
r-package/dtatools/src/numeric-arithmetic.h:467:28: remark: loop not vectorized [-Rpass-missed=loop-vectorize]
r-package/dtatools/src/numeric-arithmetic.h:467:28: remark: loop not vectorized [-Rpass-missed=loop-vectorize]
r-package/dtatools/src/numeric-arithmetic.h:467:28: remark: loop not vectorized [-Rpass-missed=loop-vectorize]
r-package/dtatools/src/numeric-arithmetic.h:467:28: remark: loop not vectorized [-Rpass-missed=loop-vectorize]
r-package/dtatools/src/numeric-arithmetic.h:467:28: remark: loop not vectorized [-Rpass-missed=loop-vectorize]
r-package/dtatools/src/numeric-arithmetic.h:467:28: remark: loop not vectorized [-Rpass-missed=loop-vectorize]
r-package/dtatools/src/numeric-arithmetic.h:467:28: remark: the cost-model indicates that vectorization is not beneficial [-Rpass-missed=loop-vectorize]
r-package/dtatools/src/numeric-arithmetic.h:467:28: remark: the cost-model indicates that interleaving is not beneficial [-Rpass-missed=loop-vectorize]
r-package/dtatools/src/numeric-arithmetic.h:467:28: remark: the cost-model indicates that vectorization is not beneficial [-Rpass-missed=loop-vectorize]
r-package/dtatools/src/numeric-arithmetic.h:467:28: remark: the cost-model indicates that interleaving is not beneficial [-Rpass-missed=loop-vectorize]
r-package/dtatools/src/numeric-arithmetic.h:467:28: remark: the cost-model indicates that vectorization is not beneficial [-Rpass-missed=loop-vectorize]
r-package/dtatools/src/numeric-arithmetic.h:467:28: remark: the cost-model indicates that interleaving is not beneficial [-Rpass-missed=loop-vectorize]
r-package/dtatools/src/numeric-arithmetic.h:467:28: remark: vectorized loop (vectorization width: 4, interleaved count: 4) [-Rpass=loop-vectorize]
r-package/dtatools/src/numeric-arithmetic.h:467:28: remark: the cost-model indicates that vectorization is not beneficial [-Rpass-missed=loop-vectorize]
r-package/dtatools/src/numeric-arithmetic.h:467:28: remark: the cost-model indicates that interleaving is not beneficial [-Rpass-missed=loop-vectorize]
r-package/dtatools/src/numeric-arithmetic.h:467:28: remark: the cost-model indicates that vectorization is not beneficial [-Rpass-missed=loop-vectorize]
r-package/dtatools/src/numeric-arithmetic.h:467:28: remark: the cost-model indicates that interleaving is not beneficial [-Rpass-missed=loop-vectorize]
r-package/dtatools/src/numeric-arithmetic.h:467:28: remark: the cost-model indicates that vectorization is not beneficial [-Rpass-missed=loop-vectorize]
r-package/dtatools/src/numeric-arithmetic.h:467:28: remark: the cost-model indicates that interleaving is not beneficial [-Rpass-missed=loop-vectorize]
r-package/dtatools/src/numeric-arithmetic.h:467:28: remark: vectorized loop (vectorization width: 2, interleaved count: 4) [-Rpass=loop-vectorize]
r-package/dtatools/src/numeric-arithmetic.h:467:28: remark: the cost-model indicates that vectorization is not beneficial [-Rpass-missed=loop-vectorize]
r-package/dtatools/src/numeric-arithmetic.h:467:28: remark: the cost-model indicates that interleaving is not beneficial [-Rpass-missed=loop-vectorize]
r-package/dtatools/src/numeric-arithmetic.h:467:28: remark: the cost-model indicates that vectorization is not beneficial [-Rpass-missed=loop-vectorize]
r-package/dtatools/src/numeric-arithmetic.h:467:28: remark: the cost-model indicates that interleaving is not beneficial [-Rpass-missed=loop-vectorize]
r-package/dtatools/src/numeric-arithmetic.h:467:28: remark: the cost-model indicates that vectorization is not beneficial [-Rpass-missed=loop-vectorize]
r-package/dtatools/src/numeric-arithmetic.h:467:28: remark: the cost-model indicates that interleaving is not beneficial [-Rpass-missed=loop-vectorize]
r-package/dtatools/src/numeric-arithmetic.h:467:28: remark: vectorized loop (vectorization width: 2, interleaved count: 4) [-Rpass=loop-vectorize]
r-package/dtatools/src/numeric-arithmetic.h:467:28: remark: the cost-model indicates that vectorization is not beneficial [-Rpass-missed=loop-vectorize]
r-package/dtatools/src/numeric-arithmetic.h:467:28: remark: the cost-model indicates that interleaving is not beneficial [-Rpass-missed=loop-vectorize]
r-package/dtatools/src/numeric-arithmetic.h:467:28: remark: the cost-model indicates that vectorization is not beneficial [-Rpass-missed=loop-vectorize]
r-package/dtatools/src/numeric-arithmetic.h:467:28: remark: the cost-model indicates that interleaving is not beneficial [-Rpass-missed=loop-vectorize]
r-package/dtatools/src/numeric-arithmetic.h:467:28: remark: the cost-model indicates that vectorization is not beneficial [-Rpass-missed=loop-vectorize]
r-package/dtatools/src/numeric-arithmetic.h:467:28: remark: the cost-model indicates that interleaving is not beneficial [-Rpass-missed=loop-vectorize]
r-package/dtatools/src/numeric-arithmetic.h:467:28: remark: vectorized loop (vectorization width: 2, interleaved count: 4) [-Rpass=loop-vectorize]
r-package/dtatools/src/numeric-arithmetic.h:467:28: remark: loop not vectorized [-Rpass-missed=loop-vectorize]
r-package/dtatools/src/numeric-arithmetic.h:467:28: remark: loop not vectorized [-Rpass-missed=loop-vectorize]
r-package/dtatools/src/numeric-arithmetic.h:467:28: remark: loop not vectorized [-Rpass-missed=loop-vectorize]
r-package/dtatools/src/numeric-arithmetic.h:467:28: remark: loop not vectorized [-Rpass-missed=loop-vectorize]
r-package/dtatools/src/numeric-arithmetic.h:467:28: remark: loop not vectorized [-Rpass-missed=loop-vectorize]
r-package/dtatools/src/numeric-arithmetic.h:467:28: remark: loop not vectorized [-Rpass-missed=loop-vectorize]
r-package/dtatools/src/numeric-arithmetic.h:467:28: remark: loop not vectorized [-Rpass-missed=loop-vectorize]
r-package/dtatools/src/numeric-arithmetic.h:467:28: remark: loop not vectorized [-Rpass-missed=loop-vectorize]
r-package/dtatools/src/numeric-arithmetic.h:467:28: remark: loop not vectorized [-Rpass-missed=loop-vectorize]
r-package/dtatools/src/numeric-arithmetic.h:467:28: remark: loop not vectorized [-Rpass-missed=loop-vectorize]
r-package/dtatools/src/numeric-arithmetic.h:467:28: remark: loop not vectorized [-Rpass-missed=loop-vectorize]
r-package/dtatools/src/numeric-arithmetic.h:467:28: remark: loop not vectorized [-Rpass-missed=loop-vectorize]
r-package/dtatools/src/numeric-arithmetic.h:467:28: remark: loop not vectorized [-Rpass-missed=loop-vectorize]
r-package/dtatools/src/numeric-arithmetic.h:467:28: remark: loop not vectorized [-Rpass-missed=loop-vectorize]
r-package/dtatools/src/numeric-arithmetic.h:467:28: remark: loop not vectorized [-Rpass-missed=loop-vectorize]
r-package/dtatools/src/numeric-arithmetic.h:467:28: remark: loop not vectorized [-Rpass-missed=loop-vectorize]
r-package/dtatools/src/numeric-arithmetic.h:467:28: remark: loop not vectorized [-Rpass-missed=loop-vectorize]
r-package/dtatools/src/numeric-arithmetic.h:467:28: remark: loop not vectorized [-Rpass-missed=loop-vectorize]
r-package/dtatools/src/numeric-arithmetic.h:467:28: remark: loop not vectorized [-Rpass-missed=loop-vectorize]
r-package/dtatools/src/numeric-arithmetic.h:467:28: remark: loop not vectorized [-Rpass-missed=loop-vectorize]
r-package/dtatools/src/numeric-arithmetic.h:467:28: remark: the cost-model indicates that vectorization is not beneficial [-Rpass-missed=loop-vectorize]
r-package/dtatools/src/numeric-arithmetic.h:467:28: remark: the cost-model indicates that interleaving is not beneficial [-Rpass-missed=loop-vectorize]
r-package/dtatools/src/numeric-arithmetic.h:467:28: remark: the cost-model indicates that vectorization is not beneficial [-Rpass-missed=loop-vectorize]
r-package/dtatools/src/numeric-arithmetic.h:467:28: remark: the cost-model indicates that interleaving is not beneficial [-Rpass-missed=loop-vectorize]
r-package/dtatools/src/numeric-arithmetic.h:467:28: remark: the cost-model indicates that vectorization is not beneficial [-Rpass-missed=loop-vectorize]
r-package/dtatools/src/numeric-arithmetic.h:467:28: remark: the cost-model indicates that interleaving is not beneficial [-Rpass-missed=loop-vectorize]
r-package/dtatools/src/numeric-arithmetic.h:467:28: remark: vectorized loop (vectorization width: 8, interleaved count: 4) [-Rpass=loop-vectorize]
r-package/dtatools/src/numeric-arithmetic.h:467:28: remark: loop not vectorized [-Rpass-missed=loop-vectorize]
r-package/dtatools/src/numeric-arithmetic.h:467:28: remark: loop not vectorized [-Rpass-missed=loop-vectorize]
r-package/dtatools/src/numeric-arithmetic.h:467:28: remark: loop not vectorized [-Rpass-missed=loop-vectorize]
r-package/dtatools/src/numeric-arithmetic.h:467:28: remark: loop not vectorized [-Rpass-missed=loop-vectorize]
r-package/dtatools/src/numeric-arithmetic.h:467:28: remark: loop not vectorized [-Rpass-missed=loop-vectorize]
r-package/dtatools/src/numeric-arithmetic.h:467:28: remark: loop not vectorized [-Rpass-missed=loop-vectorize]
r-package/dtatools/src/numeric-arithmetic.h:467:28: remark: loop not vectorized [-Rpass-missed=loop-vectorize]
r-package/dtatools/src/numeric-arithmetic.h:467:28: remark: loop not vectorized [-Rpass-missed=loop-vectorize]
r-package/dtatools/src/numeric-arithmetic.h:467:28: remark: the cost-model indicates that vectorization is not beneficial [-Rpass-missed=loop-vectorize]
r-package/dtatools/src/numeric-arithmetic.h:467:28: remark: the cost-model indicates that interleaving is not beneficial [-Rpass-missed=loop-vectorize]
r-package/dtatools/src/numeric-arithmetic.h:467:28: remark: the cost-model indicates that vectorization is not beneficial [-Rpass-missed=loop-vectorize]
r-package/dtatools/src/numeric-arithmetic.h:467:28: remark: the cost-model indicates that interleaving is not beneficial [-Rpass-missed=loop-vectorize]
r-package/dtatools/src/numeric-arithmetic.h:467:28: remark: the cost-model indicates that vectorization is not beneficial [-Rpass-missed=loop-vectorize]
r-package/dtatools/src/numeric-arithmetic.h:467:28: remark: the cost-model indicates that interleaving is not beneficial [-Rpass-missed=loop-vectorize]
r-package/dtatools/src/numeric-arithmetic.h:467:28: remark: vectorized loop (vectorization width: 4, interleaved count: 4) [-Rpass=loop-vectorize]
r-package/dtatools/src/numeric-arithmetic.h:467:28: remark: loop not vectorized [-Rpass-missed=loop-vectorize]
r-package/dtatools/src/numeric-arithmetic.h:467:28: remark: loop not vectorized [-Rpass-missed=loop-vectorize]
r-package/dtatools/src/numeric-arithmetic.h:467:28: remark: loop not vectorized [-Rpass-missed=loop-vectorize]
r-package/dtatools/src/numeric-arithmetic.h:467:28: remark: loop not vectorized [-Rpass-missed=loop-vectorize]
r-package/dtatools/src/numeric-arithmetic.h:467:28: remark: loop not vectorized [-Rpass-missed=loop-vectorize]
r-package/dtatools/src/numeric-arithmetic.h:467:28: remark: loop not vectorized [-Rpass-missed=loop-vectorize]
r-package/dtatools/src/numeric-arithmetic.h:467:28: remark: loop not vectorized [-Rpass-missed=loop-vectorize]
r-package/dtatools/src/numeric-arithmetic.h:467:28: remark: loop not vectorized [-Rpass-missed=loop-vectorize]
r-package/dtatools/src/numeric-arithmetic.h:467:28: remark: the cost-model indicates that vectorization is not beneficial [-Rpass-missed=loop-vectorize]
r-package/dtatools/src/numeric-arithmetic.h:467:28: remark: the cost-model indicates that interleaving is not beneficial [-Rpass-missed=loop-vectorize]
r-package/dtatools/src/numeric-arithmetic.h:467:28: remark: the cost-model indicates that vectorization is not beneficial [-Rpass-missed=loop-vectorize]
r-package/dtatools/src/numeric-arithmetic.h:467:28: remark: the cost-model indicates that interleaving is not beneficial [-Rpass-missed=loop-vectorize]
r-package/dtatools/src/numeric-arithmetic.h:467:28: remark: the cost-model indicates that vectorization is not beneficial [-Rpass-missed=loop-vectorize]
r-package/dtatools/src/numeric-arithmetic.h:467:28: remark: the cost-model indicates that interleaving is not beneficial [-Rpass-missed=loop-vectorize]
r-package/dtatools/src/numeric-arithmetic.h:467:28: remark: vectorized loop (vectorization width: 4, interleaved count: 4) [-Rpass=loop-vectorize]
r-package/dtatools/src/numeric-arithmetic.h:467:28: remark: the cost-model indicates that vectorization is not beneficial [-Rpass-missed=loop-vectorize]
r-package/dtatools/src/numeric-arithmetic.h:467:28: remark: the cost-model indicates that interleaving is not beneficial [-Rpass-missed=loop-vectorize]
r-package/dtatools/src/numeric-arithmetic.h:467:28: remark: the cost-model indicates that vectorization is not beneficial [-Rpass-missed=loop-vectorize]
r-package/dtatools/src/numeric-arithmetic.h:467:28: remark: the cost-model indicates that interleaving is not beneficial [-Rpass-missed=loop-vectorize]
r-package/dtatools/src/numeric-arithmetic.h:467:28: remark: the cost-model indicates that vectorization is not beneficial [-Rpass-missed=loop-vectorize]
r-package/dtatools/src/numeric-arithmetic.h:467:28: remark: the cost-model indicates that interleaving is not beneficial [-Rpass-missed=loop-vectorize]
r-package/dtatools/src/numeric-arithmetic.h:467:28: remark: vectorized loop (vectorization width: 2, interleaved count: 4) [-Rpass=loop-vectorize]
r-package/dtatools/src/numeric-arithmetic.h:467:28: remark: the cost-model indicates that vectorization is not beneficial [-Rpass-missed=loop-vectorize]
r-package/dtatools/src/numeric-arithmetic.h:467:28: remark: the cost-model indicates that interleaving is not beneficial [-Rpass-missed=loop-vectorize]
r-package/dtatools/src/numeric-arithmetic.h:467:28: remark: the cost-model indicates that vectorization is not beneficial [-Rpass-missed=loop-vectorize]
r-package/dtatools/src/numeric-arithmetic.h:467:28: remark: the cost-model indicates that interleaving is not beneficial [-Rpass-missed=loop-vectorize]
r-package/dtatools/src/numeric-arithmetic.h:467:28: remark: the cost-model indicates that vectorization is not beneficial [-Rpass-missed=loop-vectorize]
r-package/dtatools/src/numeric-arithmetic.h:467:28: remark: the cost-model indicates that interleaving is not beneficial [-Rpass-missed=loop-vectorize]
r-package/dtatools/src/numeric-arithmetic.h:467:28: remark: vectorized loop (vectorization width: 2, interleaved count: 4) [-Rpass=loop-vectorize]
r-package/dtatools/src/numeric-arithmetic.h:467:28: remark: the cost-model indicates that vectorization is not beneficial [-Rpass-missed=loop-vectorize]
r-package/dtatools/src/numeric-arithmetic.h:467:28: remark: the cost-model indicates that interleaving is not beneficial [-Rpass-missed=loop-vectorize]
r-package/dtatools/src/numeric-arithmetic.h:467:28: remark: the cost-model indicates that vectorization is not beneficial [-Rpass-missed=loop-vectorize]
r-package/dtatools/src/numeric-arithmetic.h:467:28: remark: the cost-model indicates that interleaving is not beneficial [-Rpass-missed=loop-vectorize]
r-package/dtatools/src/numeric-arithmetic.h:467:28: remark: the cost-model indicates that vectorization is not beneficial [-Rpass-missed=loop-vectorize]
r-package/dtatools/src/numeric-arithmetic.h:467:28: remark: the cost-model indicates that interleaving is not beneficial [-Rpass-missed=loop-vectorize]
r-package/dtatools/src/numeric-arithmetic.h:467:28: remark: vectorized loop (vectorization width: 2, interleaved count: 4) [-Rpass=loop-vectorize]
r-package/dtatools/src/numeric-arithmetic.h:467:28: remark: loop not vectorized [-Rpass-missed=loop-vectorize]
r-package/dtatools/src/numeric-arithmetic.h:467:28: remark: loop not vectorized [-Rpass-missed=loop-vectorize]
r-package/dtatools/src/numeric-arithmetic.h:467:28: remark: loop not vectorized [-Rpass-missed=loop-vectorize]
r-package/dtatools/src/numeric-arithmetic.h:467:28: remark: loop not vectorized [-Rpass-missed=loop-vectorize]
r-package/dtatools/src/numeric-arithmetic.h:467:28: remark: loop not vectorized [-Rpass-missed=loop-vectorize]
r-package/dtatools/src/numeric-arithmetic.h:467:28: remark: loop not vectorized [-Rpass-missed=loop-vectorize]
r-package/dtatools/src/numeric-arithmetic.h:467:28: remark: loop not vectorized [-Rpass-missed=loop-vectorize]
r-package/dtatools/src/numeric-arithmetic.h:467:28: remark: loop not vectorized [-Rpass-missed=loop-vectorize]
r-package/dtatools/src/numeric-arithmetic.h:467:28: remark: loop not vectorized [-Rpass-missed=loop-vectorize]
r-package/dtatools/src/numeric-arithmetic.h:467:28: remark: loop not vectorized [-Rpass-missed=loop-vectorize]
r-package/dtatools/src/numeric-arithmetic.h:467:28: remark: loop not vectorized [-Rpass-missed=loop-vectorize]
r-package/dtatools/src/numeric-arithmetic.h:467:28: remark: loop not vectorized [-Rpass-missed=loop-vectorize]
r-package/dtatools/src/numeric-arithmetic.h:467:28: remark: loop not vectorized [-Rpass-missed=loop-vectorize]
r-package/dtatools/src/numeric-arithmetic.h:467:28: remark: loop not vectorized [-Rpass-missed=loop-vectorize]
r-package/dtatools/src/numeric-arithmetic.h:467:28: remark: loop not vectorized [-Rpass-missed=loop-vectorize]
r-package/dtatools/src/numeric-arithmetic.h:467:28: remark: loop not vectorized [-Rpass-missed=loop-vectorize]
r-package/dtatools/src/numeric-arithmetic.h:467:28: remark: loop not vectorized [-Rpass-missed=loop-vectorize]
r-package/dtatools/src/numeric-arithmetic.h:467:28: remark: loop not vectorized [-Rpass-missed=loop-vectorize]
r-package/dtatools/src/numeric-arithmetic.h:467:28: remark: loop not vectorized [-Rpass-missed=loop-vectorize]
r-package/dtatools/src/numeric-arithmetic.h:467:28: remark: loop not vectorized [-Rpass-missed=loop-vectorize]
r-package/dtatools/src/numeric-arithmetic.h:467:28: remark: the cost-model indicates that vectorization is not beneficial [-Rpass-missed=loop-vectorize]
r-package/dtatools/src/numeric-arithmetic.h:467:28: remark: the cost-model indicates that interleaving is not beneficial [-Rpass-missed=loop-vectorize]
r-package/dtatools/src/numeric-arithmetic.h:467:28: remark: the cost-model indicates that vectorization is not beneficial [-Rpass-missed=loop-vectorize]
r-package/dtatools/src/numeric-arithmetic.h:467:28: remark: the cost-model indicates that interleaving is not beneficial [-Rpass-missed=loop-vectorize]
r-package/dtatools/src/numeric-arithmetic.h:467:28: remark: the cost-model indicates that vectorization is not beneficial [-Rpass-missed=loop-vectorize]
r-package/dtatools/src/numeric-arithmetic.h:467:28: remark: the cost-model indicates that interleaving is not beneficial [-Rpass-missed=loop-vectorize]
r-package/dtatools/src/numeric-arithmetic.h:467:28: remark: vectorized loop (vectorization width: 8, interleaved count: 4) [-Rpass=loop-vectorize]
r-package/dtatools/src/numeric-arithmetic.h:467:28: remark: loop not vectorized [-Rpass-missed=loop-vectorize]
r-package/dtatools/src/numeric-arithmetic.h:467:28: remark: loop not vectorized [-Rpass-missed=loop-vectorize]
r-package/dtatools/src/numeric-arithmetic.h:467:28: remark: loop not vectorized [-Rpass-missed=loop-vectorize]
r-package/dtatools/src/numeric-arithmetic.h:467:28: remark: loop not vectorized [-Rpass-missed=loop-vectorize]
r-package/dtatools/src/numeric-arithmetic.h:467:28: remark: loop not vectorized [-Rpass-missed=loop-vectorize]
r-package/dtatools/src/numeric-arithmetic.h:467:28: remark: loop not vectorized [-Rpass-missed=loop-vectorize]
r-package/dtatools/src/numeric-arithmetic.h:467:28: remark: loop not vectorized [-Rpass-missed=loop-vectorize]
r-package/dtatools/src/numeric-arithmetic.h:467:28: remark: loop not vectorized [-Rpass-missed=loop-vectorize]
r-package/dtatools/src/numeric-arithmetic.h:467:28: remark: the cost-model indicates that vectorization is not beneficial [-Rpass-missed=loop-vectorize]
r-package/dtatools/src/numeric-arithmetic.h:467:28: remark: the cost-model indicates that interleaving is not beneficial [-Rpass-missed=loop-vectorize]
r-package/dtatools/src/numeric-arithmetic.h:467:28: remark: the cost-model indicates that vectorization is not beneficial [-Rpass-missed=loop-vectorize]
r-package/dtatools/src/numeric-arithmetic.h:467:28: remark: the cost-model indicates that interleaving is not beneficial [-Rpass-missed=loop-vectorize]
r-package/dtatools/src/numeric-arithmetic.h:467:28: remark: the cost-model indicates that vectorization is not beneficial [-Rpass-missed=loop-vectorize]
r-package/dtatools/src/numeric-arithmetic.h:467:28: remark: the cost-model indicates that interleaving is not beneficial [-Rpass-missed=loop-vectorize]
r-package/dtatools/src/numeric-arithmetic.h:467:28: remark: vectorized loop (vectorization width: 4, interleaved count: 4) [-Rpass=loop-vectorize]
r-package/dtatools/src/numeric-arithmetic.h:467:28: remark: loop not vectorized [-Rpass-missed=loop-vectorize]
r-package/dtatools/src/numeric-arithmetic.h:467:28: remark: loop not vectorized [-Rpass-missed=loop-vectorize]
r-package/dtatools/src/numeric-arithmetic.h:467:28: remark: loop not vectorized [-Rpass-missed=loop-vectorize]
r-package/dtatools/src/numeric-arithmetic.h:467:28: remark: loop not vectorized [-Rpass-missed=loop-vectorize]
r-package/dtatools/src/numeric-arithmetic.h:467:28: remark: loop not vectorized [-Rpass-missed=loop-vectorize]
r-package/dtatools/src/numeric-arithmetic.h:467:28: remark: loop not vectorized [-Rpass-missed=loop-vectorize]
r-package/dtatools/src/numeric-arithmetic.h:467:28: remark: loop not vectorized [-Rpass-missed=loop-vectorize]
r-package/dtatools/src/numeric-arithmetic.h:467:28: remark: loop not vectorized [-Rpass-missed=loop-vectorize]
r-package/dtatools/src/numeric-arithmetic.h:467:28: remark: the cost-model indicates that vectorization is not beneficial [-Rpass-missed=loop-vectorize]
r-package/dtatools/src/numeric-arithmetic.h:467:28: remark: the cost-model indicates that interleaving is not beneficial [-Rpass-missed=loop-vectorize]
r-package/dtatools/src/numeric-arithmetic.h:467:28: remark: the cost-model indicates that vectorization is not beneficial [-Rpass-missed=loop-vectorize]
r-package/dtatools/src/numeric-arithmetic.h:467:28: remark: the cost-model indicates that interleaving is not beneficial [-Rpass-missed=loop-vectorize]
r-package/dtatools/src/numeric-arithmetic.h:467:28: remark: the cost-model indicates that vectorization is not beneficial [-Rpass-missed=loop-vectorize]
r-package/dtatools/src/numeric-arithmetic.h:467:28: remark: the cost-model indicates that interleaving is not beneficial [-Rpass-missed=loop-vectorize]
r-package/dtatools/src/numeric-arithmetic.h:467:28: remark: vectorized loop (vectorization width: 4, interleaved count: 4) [-Rpass=loop-vectorize]
r-package/dtatools/src/numeric-arithmetic.h:467:28: remark: the cost-model indicates that vectorization is not beneficial [-Rpass-missed=loop-vectorize]
r-package/dtatools/src/numeric-arithmetic.h:467:28: remark: the cost-model indicates that interleaving is not beneficial [-Rpass-missed=loop-vectorize]
r-package/dtatools/src/numeric-arithmetic.h:467:28: remark: the cost-model indicates that vectorization is not beneficial [-Rpass-missed=loop-vectorize]
r-package/dtatools/src/numeric-arithmetic.h:467:28: remark: the cost-model indicates that interleaving is not beneficial [-Rpass-missed=loop-vectorize]
r-package/dtatools/src/numeric-arithmetic.h:467:28: remark: the cost-model indicates that vectorization is not beneficial [-Rpass-missed=loop-vectorize]
r-package/dtatools/src/numeric-arithmetic.h:467:28: remark: the cost-model indicates that interleaving is not beneficial [-Rpass-missed=loop-vectorize]
r-package/dtatools/src/numeric-arithmetic.h:467:28: remark: vectorized loop (vectorization width: 2, interleaved count: 4) [-Rpass=loop-vectorize]
r-package/dtatools/src/numeric-arithmetic.h:467:28: remark: the cost-model indicates that vectorization is not beneficial [-Rpass-missed=loop-vectorize]
r-package/dtatools/src/numeric-arithmetic.h:467:28: remark: the cost-model indicates that interleaving is not beneficial [-Rpass-missed=loop-vectorize]
r-package/dtatools/src/numeric-arithmetic.h:467:28: remark: the cost-model indicates that vectorization is not beneficial [-Rpass-missed=loop-vectorize]
r-package/dtatools/src/numeric-arithmetic.h:467:28: remark: the cost-model indicates that interleaving is not beneficial [-Rpass-missed=loop-vectorize]
r-package/dtatools/src/numeric-arithmetic.h:467:28: remark: the cost-model indicates that vectorization is not beneficial [-Rpass-missed=loop-vectorize]
r-package/dtatools/src/numeric-arithmetic.h:467:28: remark: the cost-model indicates that interleaving is not beneficial [-Rpass-missed=loop-vectorize]
r-package/dtatools/src/numeric-arithmetic.h:467:28: remark: vectorized loop (vectorization width: 2, interleaved count: 4) [-Rpass=loop-vectorize]
r-package/dtatools/src/numeric-arithmetic.h:467:28: remark: the cost-model indicates that vectorization is not beneficial [-Rpass-missed=loop-vectorize]
r-package/dtatools/src/numeric-arithmetic.h:467:28: remark: the cost-model indicates that interleaving is not beneficial [-Rpass-missed=loop-vectorize]
r-package/dtatools/src/numeric-arithmetic.h:467:28: remark: the cost-model indicates that vectorization is not beneficial [-Rpass-missed=loop-vectorize]
r-package/dtatools/src/numeric-arithmetic.h:467:28: remark: the cost-model indicates that interleaving is not beneficial [-Rpass-missed=loop-vectorize]
r-package/dtatools/src/numeric-arithmetic.h:467:28: remark: the cost-model indicates that vectorization is not beneficial [-Rpass-missed=loop-vectorize]
r-package/dtatools/src/numeric-arithmetic.h:467:28: remark: the cost-model indicates that interleaving is not beneficial [-Rpass-missed=loop-vectorize]
r-package/dtatools/src/numeric-arithmetic.h:467:28: remark: vectorized loop (vectorization width: 2, interleaved count: 4) [-Rpass=loop-vectorize]
r-package/dtatools/src/numeric-arithmetic.h:468:27: remark: loop not vectorized [-Rpass-missed=loop-vectorize]
  468 |         case NUMERIC_INT: ARITHMETIC_OPERATORS(ARITHMETIC_SPAN_LOOP, int16_t); break;
      |                           ^
r-package/dtatools/src/numeric-arithmetic.h:468:27: remark: loop not vectorized [-Rpass-missed=loop-vectorize]
r-package/dtatools/src/numeric-arithmetic.h:468:27: remark: loop not vectorized [-Rpass-missed=loop-vectorize]
r-package/dtatools/src/numeric-arithmetic.h:468:27: remark: loop not vectorized [-Rpass-missed=loop-vectorize]
r-package/dtatools/src/numeric-arithmetic.h:468:27: remark: loop not vectorized [-Rpass-missed=loop-vectorize]
r-package/dtatools/src/numeric-arithmetic.h:468:27: remark: loop not vectorized [-Rpass-missed=loop-vectorize]
r-package/dtatools/src/numeric-arithmetic.h:468:27: remark: loop not vectorized [-Rpass-missed=loop-vectorize]
r-package/dtatools/src/numeric-arithmetic.h:468:27: remark: loop not vectorized [-Rpass-missed=loop-vectorize]
r-package/dtatools/src/numeric-arithmetic.h:468:27: remark: loop not vectorized [-Rpass-missed=loop-vectorize]
r-package/dtatools/src/numeric-arithmetic.h:468:27: remark: loop not vectorized [-Rpass-missed=loop-vectorize]
r-package/dtatools/src/numeric-arithmetic.h:468:27: remark: loop not vectorized [-Rpass-missed=loop-vectorize]
r-package/dtatools/src/numeric-arithmetic.h:468:27: remark: loop not vectorized [-Rpass-missed=loop-vectorize]
r-package/dtatools/src/numeric-arithmetic.h:468:27: remark: loop not vectorized [-Rpass-missed=loop-vectorize]
r-package/dtatools/src/numeric-arithmetic.h:468:27: remark: loop not vectorized [-Rpass-missed=loop-vectorize]
r-package/dtatools/src/numeric-arithmetic.h:468:27: remark: loop not vectorized [-Rpass-missed=loop-vectorize]
r-package/dtatools/src/numeric-arithmetic.h:468:27: remark: loop not vectorized [-Rpass-missed=loop-vectorize]
r-package/dtatools/src/numeric-arithmetic.h:468:27: remark: loop not vectorized [-Rpass-missed=loop-vectorize]
r-package/dtatools/src/numeric-arithmetic.h:468:27: remark: loop not vectorized [-Rpass-missed=loop-vectorize]
r-package/dtatools/src/numeric-arithmetic.h:468:27: remark: loop not vectorized [-Rpass-missed=loop-vectorize]
r-package/dtatools/src/numeric-arithmetic.h:468:27: remark: loop not vectorized [-Rpass-missed=loop-vectorize]
r-package/dtatools/src/numeric-arithmetic.h:468:27: remark: the cost-model indicates that vectorization is not beneficial [-Rpass-missed=loop-vectorize]
r-package/dtatools/src/numeric-arithmetic.h:468:27: remark: the cost-model indicates that interleaving is not beneficial [-Rpass-missed=loop-vectorize]
r-package/dtatools/src/numeric-arithmetic.h:468:27: remark: the cost-model indicates that vectorization is not beneficial [-Rpass-missed=loop-vectorize]
r-package/dtatools/src/numeric-arithmetic.h:468:27: remark: the cost-model indicates that interleaving is not beneficial [-Rpass-missed=loop-vectorize]
r-package/dtatools/src/numeric-arithmetic.h:468:27: remark: the cost-model indicates that vectorization is not beneficial [-Rpass-missed=loop-vectorize]
r-package/dtatools/src/numeric-arithmetic.h:468:27: remark: the cost-model indicates that interleaving is not beneficial [-Rpass-missed=loop-vectorize]
r-package/dtatools/src/numeric-arithmetic.h:468:27: remark: vectorized loop (vectorization width: 8, interleaved count: 4) [-Rpass=loop-vectorize]
r-package/dtatools/src/numeric-arithmetic.h:468:27: remark: loop not vectorized [-Rpass-missed=loop-vectorize]
r-package/dtatools/src/numeric-arithmetic.h:468:27: remark: loop not vectorized [-Rpass-missed=loop-vectorize]
r-package/dtatools/src/numeric-arithmetic.h:468:27: remark: loop not vectorized [-Rpass-missed=loop-vectorize]
r-package/dtatools/src/numeric-arithmetic.h:468:27: remark: loop not vectorized [-Rpass-missed=loop-vectorize]
r-package/dtatools/src/numeric-arithmetic.h:468:27: remark: loop not vectorized [-Rpass-missed=loop-vectorize]
r-package/dtatools/src/numeric-arithmetic.h:468:27: remark: loop not vectorized [-Rpass-missed=loop-vectorize]
r-package/dtatools/src/numeric-arithmetic.h:468:27: remark: loop not vectorized [-Rpass-missed=loop-vectorize]
r-package/dtatools/src/numeric-arithmetic.h:468:27: remark: loop not vectorized [-Rpass-missed=loop-vectorize]
r-package/dtatools/src/numeric-arithmetic.h:468:27: remark: the cost-model indicates that vectorization is not beneficial [-Rpass-missed=loop-vectorize]
r-package/dtatools/src/numeric-arithmetic.h:468:27: remark: the cost-model indicates that interleaving is not beneficial [-Rpass-missed=loop-vectorize]
r-package/dtatools/src/numeric-arithmetic.h:468:27: remark: the cost-model indicates that vectorization is not beneficial [-Rpass-missed=loop-vectorize]
r-package/dtatools/src/numeric-arithmetic.h:468:27: remark: the cost-model indicates that interleaving is not beneficial [-Rpass-missed=loop-vectorize]
r-package/dtatools/src/numeric-arithmetic.h:468:27: remark: the cost-model indicates that vectorization is not beneficial [-Rpass-missed=loop-vectorize]
r-package/dtatools/src/numeric-arithmetic.h:468:27: remark: the cost-model indicates that interleaving is not beneficial [-Rpass-missed=loop-vectorize]
r-package/dtatools/src/numeric-arithmetic.h:468:27: remark: vectorized loop (vectorization width: 4, interleaved count: 4) [-Rpass=loop-vectorize]
r-package/dtatools/src/numeric-arithmetic.h:468:27: remark: loop not vectorized [-Rpass-missed=loop-vectorize]
r-package/dtatools/src/numeric-arithmetic.h:468:27: remark: loop not vectorized [-Rpass-missed=loop-vectorize]
r-package/dtatools/src/numeric-arithmetic.h:468:27: remark: loop not vectorized [-Rpass-missed=loop-vectorize]
r-package/dtatools/src/numeric-arithmetic.h:468:27: remark: loop not vectorized [-Rpass-missed=loop-vectorize]
r-package/dtatools/src/numeric-arithmetic.h:468:27: remark: loop not vectorized [-Rpass-missed=loop-vectorize]
r-package/dtatools/src/numeric-arithmetic.h:468:27: remark: loop not vectorized [-Rpass-missed=loop-vectorize]
r-package/dtatools/src/numeric-arithmetic.h:468:27: remark: loop not vectorized [-Rpass-missed=loop-vectorize]
r-package/dtatools/src/numeric-arithmetic.h:468:27: remark: loop not vectorized [-Rpass-missed=loop-vectorize]
r-package/dtatools/src/numeric-arithmetic.h:468:27: remark: the cost-model indicates that vectorization is not beneficial [-Rpass-missed=loop-vectorize]
r-package/dtatools/src/numeric-arithmetic.h:468:27: remark: the cost-model indicates that interleaving is not beneficial [-Rpass-missed=loop-vectorize]
r-package/dtatools/src/numeric-arithmetic.h:468:27: remark: the cost-model indicates that vectorization is not beneficial [-Rpass-missed=loop-vectorize]
r-package/dtatools/src/numeric-arithmetic.h:468:27: remark: the cost-model indicates that interleaving is not beneficial [-Rpass-missed=loop-vectorize]
r-package/dtatools/src/numeric-arithmetic.h:468:27: remark: the cost-model indicates that vectorization is not beneficial [-Rpass-missed=loop-vectorize]
r-package/dtatools/src/numeric-arithmetic.h:468:27: remark: the cost-model indicates that interleaving is not beneficial [-Rpass-missed=loop-vectorize]
r-package/dtatools/src/numeric-arithmetic.h:468:27: remark: vectorized loop (vectorization width: 4, interleaved count: 4) [-Rpass=loop-vectorize]
r-package/dtatools/src/numeric-arithmetic.h:468:27: remark: the cost-model indicates that vectorization is not beneficial [-Rpass-missed=loop-vectorize]
r-package/dtatools/src/numeric-arithmetic.h:468:27: remark: the cost-model indicates that interleaving is not beneficial [-Rpass-missed=loop-vectorize]
r-package/dtatools/src/numeric-arithmetic.h:468:27: remark: the cost-model indicates that vectorization is not beneficial [-Rpass-missed=loop-vectorize]
r-package/dtatools/src/numeric-arithmetic.h:468:27: remark: the cost-model indicates that interleaving is not beneficial [-Rpass-missed=loop-vectorize]
r-package/dtatools/src/numeric-arithmetic.h:468:27: remark: the cost-model indicates that vectorization is not beneficial [-Rpass-missed=loop-vectorize]
r-package/dtatools/src/numeric-arithmetic.h:468:27: remark: the cost-model indicates that interleaving is not beneficial [-Rpass-missed=loop-vectorize]
r-package/dtatools/src/numeric-arithmetic.h:468:27: remark: vectorized loop (vectorization width: 2, interleaved count: 4) [-Rpass=loop-vectorize]
r-package/dtatools/src/numeric-arithmetic.h:468:27: remark: the cost-model indicates that vectorization is not beneficial [-Rpass-missed=loop-vectorize]
r-package/dtatools/src/numeric-arithmetic.h:468:27: remark: the cost-model indicates that interleaving is not beneficial [-Rpass-missed=loop-vectorize]
r-package/dtatools/src/numeric-arithmetic.h:468:27: remark: the cost-model indicates that vectorization is not beneficial [-Rpass-missed=loop-vectorize]
r-package/dtatools/src/numeric-arithmetic.h:468:27: remark: the cost-model indicates that interleaving is not beneficial [-Rpass-missed=loop-vectorize]
r-package/dtatools/src/numeric-arithmetic.h:468:27: remark: the cost-model indicates that vectorization is not beneficial [-Rpass-missed=loop-vectorize]
r-package/dtatools/src/numeric-arithmetic.h:468:27: remark: the cost-model indicates that interleaving is not beneficial [-Rpass-missed=loop-vectorize]
r-package/dtatools/src/numeric-arithmetic.h:468:27: remark: vectorized loop (vectorization width: 2, interleaved count: 4) [-Rpass=loop-vectorize]
r-package/dtatools/src/numeric-arithmetic.h:468:27: remark: the cost-model indicates that vectorization is not beneficial [-Rpass-missed=loop-vectorize]
r-package/dtatools/src/numeric-arithmetic.h:468:27: remark: the cost-model indicates that interleaving is not beneficial [-Rpass-missed=loop-vectorize]
r-package/dtatools/src/numeric-arithmetic.h:468:27: remark: the cost-model indicates that vectorization is not beneficial [-Rpass-missed=loop-vectorize]
r-package/dtatools/src/numeric-arithmetic.h:468:27: remark: the cost-model indicates that interleaving is not beneficial [-Rpass-missed=loop-vectorize]
r-package/dtatools/src/numeric-arithmetic.h:468:27: remark: the cost-model indicates that vectorization is not beneficial [-Rpass-missed=loop-vectorize]
r-package/dtatools/src/numeric-arithmetic.h:468:27: remark: the cost-model indicates that interleaving is not beneficial [-Rpass-missed=loop-vectorize]
r-package/dtatools/src/numeric-arithmetic.h:468:27: remark: vectorized loop (vectorization width: 2, interleaved count: 4) [-Rpass=loop-vectorize]
r-package/dtatools/src/numeric-arithmetic.h:468:27: remark: loop not vectorized [-Rpass-missed=loop-vectorize]
r-package/dtatools/src/numeric-arithmetic.h:468:27: remark: loop not vectorized [-Rpass-missed=loop-vectorize]
r-package/dtatools/src/numeric-arithmetic.h:468:27: remark: loop not vectorized [-Rpass-missed=loop-vectorize]
r-package/dtatools/src/numeric-arithmetic.h:468:27: remark: loop not vectorized [-Rpass-missed=loop-vectorize]
r-package/dtatools/src/numeric-arithmetic.h:468:27: remark: loop not vectorized [-Rpass-missed=loop-vectorize]
r-package/dtatools/src/numeric-arithmetic.h:468:27: remark: loop not vectorized [-Rpass-missed=loop-vectorize]
r-package/dtatools/src/numeric-arithmetic.h:468:27: remark: loop not vectorized [-Rpass-missed=loop-vectorize]
r-package/dtatools/src/numeric-arithmetic.h:468:27: remark: loop not vectorized [-Rpass-missed=loop-vectorize]
r-package/dtatools/src/numeric-arithmetic.h:468:27: remark: loop not vectorized [-Rpass-missed=loop-vectorize]
r-package/dtatools/src/numeric-arithmetic.h:468:27: remark: loop not vectorized [-Rpass-missed=loop-vectorize]
r-package/dtatools/src/numeric-arithmetic.h:468:27: remark: loop not vectorized [-Rpass-missed=loop-vectorize]
r-package/dtatools/src/numeric-arithmetic.h:468:27: remark: loop not vectorized [-Rpass-missed=loop-vectorize]
r-package/dtatools/src/numeric-arithmetic.h:468:27: remark: loop not vectorized [-Rpass-missed=loop-vectorize]
r-package/dtatools/src/numeric-arithmetic.h:468:27: remark: loop not vectorized [-Rpass-missed=loop-vectorize]
r-package/dtatools/src/numeric-arithmetic.h:468:27: remark: loop not vectorized [-Rpass-missed=loop-vectorize]
r-package/dtatools/src/numeric-arithmetic.h:468:27: remark: loop not vectorized [-Rpass-missed=loop-vectorize]
r-package/dtatools/src/numeric-arithmetic.h:468:27: remark: loop not vectorized [-Rpass-missed=loop-vectorize]
r-package/dtatools/src/numeric-arithmetic.h:468:27: remark: loop not vectorized [-Rpass-missed=loop-vectorize]
r-package/dtatools/src/numeric-arithmetic.h:468:27: remark: loop not vectorized [-Rpass-missed=loop-vectorize]
r-package/dtatools/src/numeric-arithmetic.h:468:27: remark: loop not vectorized [-Rpass-missed=loop-vectorize]
r-package/dtatools/src/numeric-arithmetic.h:468:27: remark: the cost-model indicates that vectorization is not beneficial [-Rpass-missed=loop-vectorize]
r-package/dtatools/src/numeric-arithmetic.h:468:27: remark: the cost-model indicates that interleaving is not beneficial [-Rpass-missed=loop-vectorize]
r-package/dtatools/src/numeric-arithmetic.h:468:27: remark: the cost-model indicates that vectorization is not beneficial [-Rpass-missed=loop-vectorize]
r-package/dtatools/src/numeric-arithmetic.h:468:27: remark: the cost-model indicates that interleaving is not beneficial [-Rpass-missed=loop-vectorize]
r-package/dtatools/src/numeric-arithmetic.h:468:27: remark: the cost-model indicates that vectorization is not beneficial [-Rpass-missed=loop-vectorize]
r-package/dtatools/src/numeric-arithmetic.h:468:27: remark: the cost-model indicates that interleaving is not beneficial [-Rpass-missed=loop-vectorize]
r-package/dtatools/src/numeric-arithmetic.h:468:27: remark: vectorized loop (vectorization width: 8, interleaved count: 4) [-Rpass=loop-vectorize]
r-package/dtatools/src/numeric-arithmetic.h:468:27: remark: loop not vectorized [-Rpass-missed=loop-vectorize]
r-package/dtatools/src/numeric-arithmetic.h:468:27: remark: loop not vectorized [-Rpass-missed=loop-vectorize]
r-package/dtatools/src/numeric-arithmetic.h:468:27: remark: loop not vectorized [-Rpass-missed=loop-vectorize]
r-package/dtatools/src/numeric-arithmetic.h:468:27: remark: loop not vectorized [-Rpass-missed=loop-vectorize]
r-package/dtatools/src/numeric-arithmetic.h:468:27: remark: loop not vectorized [-Rpass-missed=loop-vectorize]
r-package/dtatools/src/numeric-arithmetic.h:468:27: remark: loop not vectorized [-Rpass-missed=loop-vectorize]
r-package/dtatools/src/numeric-arithmetic.h:468:27: remark: loop not vectorized [-Rpass-missed=loop-vectorize]
r-package/dtatools/src/numeric-arithmetic.h:468:27: remark: loop not vectorized [-Rpass-missed=loop-vectorize]
r-package/dtatools/src/numeric-arithmetic.h:468:27: remark: the cost-model indicates that vectorization is not beneficial [-Rpass-missed=loop-vectorize]
r-package/dtatools/src/numeric-arithmetic.h:468:27: remark: the cost-model indicates that interleaving is not beneficial [-Rpass-missed=loop-vectorize]
r-package/dtatools/src/numeric-arithmetic.h:468:27: remark: the cost-model indicates that vectorization is not beneficial [-Rpass-missed=loop-vectorize]
r-package/dtatools/src/numeric-arithmetic.h:468:27: remark: the cost-model indicates that interleaving is not beneficial [-Rpass-missed=loop-vectorize]
r-package/dtatools/src/numeric-arithmetic.h:468:27: remark: the cost-model indicates that vectorization is not beneficial [-Rpass-missed=loop-vectorize]
r-package/dtatools/src/numeric-arithmetic.h:468:27: remark: the cost-model indicates that interleaving is not beneficial [-Rpass-missed=loop-vectorize]
r-package/dtatools/src/numeric-arithmetic.h:468:27: remark: vectorized loop (vectorization width: 4, interleaved count: 4) [-Rpass=loop-vectorize]
r-package/dtatools/src/numeric-arithmetic.h:468:27: remark: loop not vectorized [-Rpass-missed=loop-vectorize]
r-package/dtatools/src/numeric-arithmetic.h:468:27: remark: loop not vectorized [-Rpass-missed=loop-vectorize]
r-package/dtatools/src/numeric-arithmetic.h:468:27: remark: loop not vectorized [-Rpass-missed=loop-vectorize]
r-package/dtatools/src/numeric-arithmetic.h:468:27: remark: loop not vectorized [-Rpass-missed=loop-vectorize]
r-package/dtatools/src/numeric-arithmetic.h:468:27: remark: loop not vectorized [-Rpass-missed=loop-vectorize]
r-package/dtatools/src/numeric-arithmetic.h:468:27: remark: loop not vectorized [-Rpass-missed=loop-vectorize]
r-package/dtatools/src/numeric-arithmetic.h:468:27: remark: loop not vectorized [-Rpass-missed=loop-vectorize]
r-package/dtatools/src/numeric-arithmetic.h:468:27: remark: loop not vectorized [-Rpass-missed=loop-vectorize]
r-package/dtatools/src/numeric-arithmetic.h:468:27: remark: the cost-model indicates that vectorization is not beneficial [-Rpass-missed=loop-vectorize]
r-package/dtatools/src/numeric-arithmetic.h:468:27: remark: the cost-model indicates that interleaving is not beneficial [-Rpass-missed=loop-vectorize]
r-package/dtatools/src/numeric-arithmetic.h:468:27: remark: the cost-model indicates that vectorization is not beneficial [-Rpass-missed=loop-vectorize]
r-package/dtatools/src/numeric-arithmetic.h:468:27: remark: the cost-model indicates that interleaving is not beneficial [-Rpass-missed=loop-vectorize]
r-package/dtatools/src/numeric-arithmetic.h:468:27: remark: the cost-model indicates that vectorization is not beneficial [-Rpass-missed=loop-vectorize]
r-package/dtatools/src/numeric-arithmetic.h:468:27: remark: the cost-model indicates that interleaving is not beneficial [-Rpass-missed=loop-vectorize]
r-package/dtatools/src/numeric-arithmetic.h:468:27: remark: vectorized loop (vectorization width: 4, interleaved count: 4) [-Rpass=loop-vectorize]
r-package/dtatools/src/numeric-arithmetic.h:468:27: remark: the cost-model indicates that vectorization is not beneficial [-Rpass-missed=loop-vectorize]
r-package/dtatools/src/numeric-arithmetic.h:468:27: remark: the cost-model indicates that interleaving is not beneficial [-Rpass-missed=loop-vectorize]
r-package/dtatools/src/numeric-arithmetic.h:468:27: remark: the cost-model indicates that vectorization is not beneficial [-Rpass-missed=loop-vectorize]
r-package/dtatools/src/numeric-arithmetic.h:468:27: remark: the cost-model indicates that interleaving is not beneficial [-Rpass-missed=loop-vectorize]
r-package/dtatools/src/numeric-arithmetic.h:468:27: remark: the cost-model indicates that vectorization is not beneficial [-Rpass-missed=loop-vectorize]
r-package/dtatools/src/numeric-arithmetic.h:468:27: remark: the cost-model indicates that interleaving is not beneficial [-Rpass-missed=loop-vectorize]
r-package/dtatools/src/numeric-arithmetic.h:468:27: remark: vectorized loop (vectorization width: 2, interleaved count: 4) [-Rpass=loop-vectorize]
r-package/dtatools/src/numeric-arithmetic.h:468:27: remark: the cost-model indicates that vectorization is not beneficial [-Rpass-missed=loop-vectorize]
r-package/dtatools/src/numeric-arithmetic.h:468:27: remark: the cost-model indicates that interleaving is not beneficial [-Rpass-missed=loop-vectorize]
r-package/dtatools/src/numeric-arithmetic.h:468:27: remark: the cost-model indicates that vectorization is not beneficial [-Rpass-missed=loop-vectorize]
r-package/dtatools/src/numeric-arithmetic.h:468:27: remark: the cost-model indicates that interleaving is not beneficial [-Rpass-missed=loop-vectorize]
r-package/dtatools/src/numeric-arithmetic.h:468:27: remark: the cost-model indicates that vectorization is not beneficial [-Rpass-missed=loop-vectorize]
r-package/dtatools/src/numeric-arithmetic.h:468:27: remark: the cost-model indicates that interleaving is not beneficial [-Rpass-missed=loop-vectorize]
r-package/dtatools/src/numeric-arithmetic.h:468:27: remark: vectorized loop (vectorization width: 2, interleaved count: 4) [-Rpass=loop-vectorize]
r-package/dtatools/src/numeric-arithmetic.h:468:27: remark: the cost-model indicates that vectorization is not beneficial [-Rpass-missed=loop-vectorize]
r-package/dtatools/src/numeric-arithmetic.h:468:27: remark: the cost-model indicates that interleaving is not beneficial [-Rpass-missed=loop-vectorize]
r-package/dtatools/src/numeric-arithmetic.h:468:27: remark: the cost-model indicates that vectorization is not beneficial [-Rpass-missed=loop-vectorize]
r-package/dtatools/src/numeric-arithmetic.h:468:27: remark: the cost-model indicates that interleaving is not beneficial [-Rpass-missed=loop-vectorize]
r-package/dtatools/src/numeric-arithmetic.h:468:27: remark: the cost-model indicates that vectorization is not beneficial [-Rpass-missed=loop-vectorize]
r-package/dtatools/src/numeric-arithmetic.h:468:27: remark: the cost-model indicates that interleaving is not beneficial [-Rpass-missed=loop-vectorize]
r-package/dtatools/src/numeric-arithmetic.h:468:27: remark: vectorized loop (vectorization width: 2, interleaved count: 4) [-Rpass=loop-vectorize]
r-package/dtatools/src/numeric-arithmetic.h:468:27: remark: loop not vectorized [-Rpass-missed=loop-vectorize]
r-package/dtatools/src/numeric-arithmetic.h:468:27: remark: loop not vectorized [-Rpass-missed=loop-vectorize]
r-package/dtatools/src/numeric-arithmetic.h:468:27: remark: loop not vectorized [-Rpass-missed=loop-vectorize]
r-package/dtatools/src/numeric-arithmetic.h:468:27: remark: loop not vectorized [-Rpass-missed=loop-vectorize]
r-package/dtatools/src/numeric-arithmetic.h:468:27: remark: loop not vectorized [-Rpass-missed=loop-vectorize]
r-package/dtatools/src/numeric-arithmetic.h:468:27: remark: loop not vectorized [-Rpass-missed=loop-vectorize]
r-package/dtatools/src/numeric-arithmetic.h:468:27: remark: loop not vectorized [-Rpass-missed=loop-vectorize]
r-package/dtatools/src/numeric-arithmetic.h:468:27: remark: loop not vectorized [-Rpass-missed=loop-vectorize]
r-package/dtatools/src/numeric-arithmetic.h:468:27: remark: loop not vectorized [-Rpass-missed=loop-vectorize]
r-package/dtatools/src/numeric-arithmetic.h:468:27: remark: loop not vectorized [-Rpass-missed=loop-vectorize]
r-package/dtatools/src/numeric-arithmetic.h:468:27: remark: loop not vectorized [-Rpass-missed=loop-vectorize]
r-package/dtatools/src/numeric-arithmetic.h:468:27: remark: loop not vectorized [-Rpass-missed=loop-vectorize]
r-package/dtatools/src/numeric-arithmetic.h:468:27: remark: loop not vectorized [-Rpass-missed=loop-vectorize]
r-package/dtatools/src/numeric-arithmetic.h:468:27: remark: loop not vectorized [-Rpass-missed=loop-vectorize]
r-package/dtatools/src/numeric-arithmetic.h:468:27: remark: loop not vectorized [-Rpass-missed=loop-vectorize]
r-package/dtatools/src/numeric-arithmetic.h:468:27: remark: loop not vectorized [-Rpass-missed=loop-vectorize]
r-package/dtatools/src/numeric-arithmetic.h:468:27: remark: loop not vectorized [-Rpass-missed=loop-vectorize]
r-package/dtatools/src/numeric-arithmetic.h:468:27: remark: loop not vectorized [-Rpass-missed=loop-vectorize]
r-package/dtatools/src/numeric-arithmetic.h:468:27: remark: loop not vectorized [-Rpass-missed=loop-vectorize]
r-package/dtatools/src/numeric-arithmetic.h:468:27: remark: loop not vectorized [-Rpass-missed=loop-vectorize]
r-package/dtatools/src/numeric-arithmetic.h:468:27: remark: the cost-model indicates that vectorization is not beneficial [-Rpass-missed=loop-vectorize]
r-package/dtatools/src/numeric-arithmetic.h:468:27: remark: the cost-model indicates that interleaving is not beneficial [-Rpass-missed=loop-vectorize]
r-package/dtatools/src/numeric-arithmetic.h:468:27: remark: the cost-model indicates that vectorization is not beneficial [-Rpass-missed=loop-vectorize]
r-package/dtatools/src/numeric-arithmetic.h:468:27: remark: the cost-model indicates that interleaving is not beneficial [-Rpass-missed=loop-vectorize]
r-package/dtatools/src/numeric-arithmetic.h:468:27: remark: the cost-model indicates that vectorization is not beneficial [-Rpass-missed=loop-vectorize]
r-package/dtatools/src/numeric-arithmetic.h:468:27: remark: the cost-model indicates that interleaving is not beneficial [-Rpass-missed=loop-vectorize]
r-package/dtatools/src/numeric-arithmetic.h:468:27: remark: vectorized loop (vectorization width: 8, interleaved count: 4) [-Rpass=loop-vectorize]
r-package/dtatools/src/numeric-arithmetic.h:468:27: remark: loop not vectorized [-Rpass-missed=loop-vectorize]
r-package/dtatools/src/numeric-arithmetic.h:468:27: remark: loop not vectorized [-Rpass-missed=loop-vectorize]
r-package/dtatools/src/numeric-arithmetic.h:468:27: remark: loop not vectorized [-Rpass-missed=loop-vectorize]
r-package/dtatools/src/numeric-arithmetic.h:468:27: remark: loop not vectorized [-Rpass-missed=loop-vectorize]
r-package/dtatools/src/numeric-arithmetic.h:468:27: remark: loop not vectorized [-Rpass-missed=loop-vectorize]
r-package/dtatools/src/numeric-arithmetic.h:468:27: remark: loop not vectorized [-Rpass-missed=loop-vectorize]
r-package/dtatools/src/numeric-arithmetic.h:468:27: remark: loop not vectorized [-Rpass-missed=loop-vectorize]
r-package/dtatools/src/numeric-arithmetic.h:468:27: remark: loop not vectorized [-Rpass-missed=loop-vectorize]
r-package/dtatools/src/numeric-arithmetic.h:468:27: remark: the cost-model indicates that vectorization is not beneficial [-Rpass-missed=loop-vectorize]
r-package/dtatools/src/numeric-arithmetic.h:468:27: remark: the cost-model indicates that interleaving is not beneficial [-Rpass-missed=loop-vectorize]
r-package/dtatools/src/numeric-arithmetic.h:468:27: remark: the cost-model indicates that vectorization is not beneficial [-Rpass-missed=loop-vectorize]
r-package/dtatools/src/numeric-arithmetic.h:468:27: remark: the cost-model indicates that interleaving is not beneficial [-Rpass-missed=loop-vectorize]
r-package/dtatools/src/numeric-arithmetic.h:468:27: remark: the cost-model indicates that vectorization is not beneficial [-Rpass-missed=loop-vectorize]
r-package/dtatools/src/numeric-arithmetic.h:468:27: remark: the cost-model indicates that interleaving is not beneficial [-Rpass-missed=loop-vectorize]
r-package/dtatools/src/numeric-arithmetic.h:468:27: remark: vectorized loop (vectorization width: 4, interleaved count: 4) [-Rpass=loop-vectorize]
r-package/dtatools/src/numeric-arithmetic.h:468:27: remark: loop not vectorized [-Rpass-missed=loop-vectorize]
r-package/dtatools/src/numeric-arithmetic.h:468:27: remark: loop not vectorized [-Rpass-missed=loop-vectorize]
r-package/dtatools/src/numeric-arithmetic.h:468:27: remark: loop not vectorized [-Rpass-missed=loop-vectorize]
r-package/dtatools/src/numeric-arithmetic.h:468:27: remark: loop not vectorized [-Rpass-missed=loop-vectorize]
r-package/dtatools/src/numeric-arithmetic.h:468:27: remark: loop not vectorized [-Rpass-missed=loop-vectorize]
r-package/dtatools/src/numeric-arithmetic.h:468:27: remark: loop not vectorized [-Rpass-missed=loop-vectorize]
r-package/dtatools/src/numeric-arithmetic.h:468:27: remark: loop not vectorized [-Rpass-missed=loop-vectorize]
r-package/dtatools/src/numeric-arithmetic.h:468:27: remark: loop not vectorized [-Rpass-missed=loop-vectorize]
r-package/dtatools/src/numeric-arithmetic.h:468:27: remark: the cost-model indicates that vectorization is not beneficial [-Rpass-missed=loop-vectorize]
r-package/dtatools/src/numeric-arithmetic.h:468:27: remark: the cost-model indicates that interleaving is not beneficial [-Rpass-missed=loop-vectorize]
r-package/dtatools/src/numeric-arithmetic.h:468:27: remark: the cost-model indicates that vectorization is not beneficial [-Rpass-missed=loop-vectorize]
r-package/dtatools/src/numeric-arithmetic.h:468:27: remark: the cost-model indicates that interleaving is not beneficial [-Rpass-missed=loop-vectorize]
r-package/dtatools/src/numeric-arithmetic.h:468:27: remark: the cost-model indicates that vectorization is not beneficial [-Rpass-missed=loop-vectorize]
r-package/dtatools/src/numeric-arithmetic.h:468:27: remark: the cost-model indicates that interleaving is not beneficial [-Rpass-missed=loop-vectorize]
r-package/dtatools/src/numeric-arithmetic.h:468:27: remark: vectorized loop (vectorization width: 4, interleaved count: 4) [-Rpass=loop-vectorize]
r-package/dtatools/src/numeric-arithmetic.h:468:27: remark: the cost-model indicates that vectorization is not beneficial [-Rpass-missed=loop-vectorize]
r-package/dtatools/src/numeric-arithmetic.h:468:27: remark: the cost-model indicates that interleaving is not beneficial [-Rpass-missed=loop-vectorize]
r-package/dtatools/src/numeric-arithmetic.h:468:27: remark: the cost-model indicates that vectorization is not beneficial [-Rpass-missed=loop-vectorize]
r-package/dtatools/src/numeric-arithmetic.h:468:27: remark: the cost-model indicates that interleaving is not beneficial [-Rpass-missed=loop-vectorize]
r-package/dtatools/src/numeric-arithmetic.h:468:27: remark: the cost-model indicates that vectorization is not beneficial [-Rpass-missed=loop-vectorize]
r-package/dtatools/src/numeric-arithmetic.h:468:27: remark: the cost-model indicates that interleaving is not beneficial [-Rpass-missed=loop-vectorize]
r-package/dtatools/src/numeric-arithmetic.h:468:27: remark: vectorized loop (vectorization width: 2, interleaved count: 4) [-Rpass=loop-vectorize]
r-package/dtatools/src/numeric-arithmetic.h:468:27: remark: the cost-model indicates that vectorization is not beneficial [-Rpass-missed=loop-vectorize]
r-package/dtatools/src/numeric-arithmetic.h:468:27: remark: the cost-model indicates that interleaving is not beneficial [-Rpass-missed=loop-vectorize]
r-package/dtatools/src/numeric-arithmetic.h:468:27: remark: the cost-model indicates that vectorization is not beneficial [-Rpass-missed=loop-vectorize]
r-package/dtatools/src/numeric-arithmetic.h:468:27: remark: the cost-model indicates that interleaving is not beneficial [-Rpass-missed=loop-vectorize]
r-package/dtatools/src/numeric-arithmetic.h:468:27: remark: the cost-model indicates that vectorization is not beneficial [-Rpass-missed=loop-vectorize]
r-package/dtatools/src/numeric-arithmetic.h:468:27: remark: the cost-model indicates that interleaving is not beneficial [-Rpass-missed=loop-vectorize]
r-package/dtatools/src/numeric-arithmetic.h:468:27: remark: vectorized loop (vectorization width: 2, interleaved count: 4) [-Rpass=loop-vectorize]
r-package/dtatools/src/numeric-arithmetic.h:468:27: remark: the cost-model indicates that vectorization is not beneficial [-Rpass-missed=loop-vectorize]
r-package/dtatools/src/numeric-arithmetic.h:468:27: remark: the cost-model indicates that interleaving is not beneficial [-Rpass-missed=loop-vectorize]
r-package/dtatools/src/numeric-arithmetic.h:468:27: remark: the cost-model indicates that vectorization is not beneficial [-Rpass-missed=loop-vectorize]
r-package/dtatools/src/numeric-arithmetic.h:468:27: remark: the cost-model indicates that interleaving is not beneficial [-Rpass-missed=loop-vectorize]
r-package/dtatools/src/numeric-arithmetic.h:468:27: remark: the cost-model indicates that vectorization is not beneficial [-Rpass-missed=loop-vectorize]
r-package/dtatools/src/numeric-arithmetic.h:468:27: remark: the cost-model indicates that interleaving is not beneficial [-Rpass-missed=loop-vectorize]
r-package/dtatools/src/numeric-arithmetic.h:468:27: remark: vectorized loop (vectorization width: 2, interleaved count: 4) [-Rpass=loop-vectorize]
r-package/dtatools/src/numeric-arithmetic.h:468:27: remark: loop not vectorized [-Rpass-missed=loop-vectorize]
r-package/dtatools/src/numeric-arithmetic.h:468:27: remark: loop not vectorized [-Rpass-missed=loop-vectorize]
r-package/dtatools/src/numeric-arithmetic.h:468:27: remark: loop not vectorized [-Rpass-missed=loop-vectorize]
r-package/dtatools/src/numeric-arithmetic.h:468:27: remark: loop not vectorized [-Rpass-missed=loop-vectorize]
r-package/dtatools/src/numeric-arithmetic.h:468:27: remark: loop not vectorized [-Rpass-missed=loop-vectorize]
r-package/dtatools/src/numeric-arithmetic.h:468:27: remark: loop not vectorized [-Rpass-missed=loop-vectorize]
r-package/dtatools/src/numeric-arithmetic.h:468:27: remark: loop not vectorized [-Rpass-missed=loop-vectorize]
r-package/dtatools/src/numeric-arithmetic.h:468:27: remark: loop not vectorized [-Rpass-missed=loop-vectorize]
r-package/dtatools/src/numeric-arithmetic.h:468:27: remark: loop not vectorized [-Rpass-missed=loop-vectorize]
r-package/dtatools/src/numeric-arithmetic.h:468:27: remark: loop not vectorized [-Rpass-missed=loop-vectorize]
r-package/dtatools/src/numeric-arithmetic.h:468:27: remark: loop not vectorized [-Rpass-missed=loop-vectorize]
r-package/dtatools/src/numeric-arithmetic.h:468:27: remark: loop not vectorized [-Rpass-missed=loop-vectorize]
r-package/dtatools/src/numeric-arithmetic.h:468:27: remark: loop not vectorized [-Rpass-missed=loop-vectorize]
r-package/dtatools/src/numeric-arithmetic.h:468:27: remark: loop not vectorized [-Rpass-missed=loop-vectorize]
r-package/dtatools/src/numeric-arithmetic.h:468:27: remark: loop not vectorized [-Rpass-missed=loop-vectorize]
r-package/dtatools/src/numeric-arithmetic.h:468:27: remark: loop not vectorized [-Rpass-missed=loop-vectorize]
r-package/dtatools/src/numeric-arithmetic.h:468:27: remark: loop not vectorized [-Rpass-missed=loop-vectorize]
r-package/dtatools/src/numeric-arithmetic.h:468:27: remark: loop not vectorized [-Rpass-missed=loop-vectorize]
r-package/dtatools/src/numeric-arithmetic.h:468:27: remark: loop not vectorized [-Rpass-missed=loop-vectorize]
r-package/dtatools/src/numeric-arithmetic.h:468:27: remark: loop not vectorized [-Rpass-missed=loop-vectorize]
r-package/dtatools/src/numeric-arithmetic.h:468:27: remark: the cost-model indicates that vectorization is not beneficial [-Rpass-missed=loop-vectorize]
r-package/dtatools/src/numeric-arithmetic.h:468:27: remark: the cost-model indicates that interleaving is not beneficial [-Rpass-missed=loop-vectorize]
r-package/dtatools/src/numeric-arithmetic.h:468:27: remark: the cost-model indicates that vectorization is not beneficial [-Rpass-missed=loop-vectorize]
r-package/dtatools/src/numeric-arithmetic.h:468:27: remark: the cost-model indicates that interleaving is not beneficial [-Rpass-missed=loop-vectorize]
r-package/dtatools/src/numeric-arithmetic.h:468:27: remark: the cost-model indicates that vectorization is not beneficial [-Rpass-missed=loop-vectorize]
r-package/dtatools/src/numeric-arithmetic.h:468:27: remark: the cost-model indicates that interleaving is not beneficial [-Rpass-missed=loop-vectorize]
r-package/dtatools/src/numeric-arithmetic.h:468:27: remark: vectorized loop (vectorization width: 8, interleaved count: 4) [-Rpass=loop-vectorize]
r-package/dtatools/src/numeric-arithmetic.h:468:27: remark: loop not vectorized [-Rpass-missed=loop-vectorize]
r-package/dtatools/src/numeric-arithmetic.h:468:27: remark: loop not vectorized [-Rpass-missed=loop-vectorize]
r-package/dtatools/src/numeric-arithmetic.h:468:27: remark: loop not vectorized [-Rpass-missed=loop-vectorize]
r-package/dtatools/src/numeric-arithmetic.h:468:27: remark: loop not vectorized [-Rpass-missed=loop-vectorize]
r-package/dtatools/src/numeric-arithmetic.h:468:27: remark: loop not vectorized [-Rpass-missed=loop-vectorize]
r-package/dtatools/src/numeric-arithmetic.h:468:27: remark: loop not vectorized [-Rpass-missed=loop-vectorize]
r-package/dtatools/src/numeric-arithmetic.h:468:27: remark: loop not vectorized [-Rpass-missed=loop-vectorize]
r-package/dtatools/src/numeric-arithmetic.h:468:27: remark: loop not vectorized [-Rpass-missed=loop-vectorize]
r-package/dtatools/src/numeric-arithmetic.h:468:27: remark: the cost-model indicates that vectorization is not beneficial [-Rpass-missed=loop-vectorize]
r-package/dtatools/src/numeric-arithmetic.h:468:27: remark: the cost-model indicates that interleaving is not beneficial [-Rpass-missed=loop-vectorize]
r-package/dtatools/src/numeric-arithmetic.h:468:27: remark: the cost-model indicates that vectorization is not beneficial [-Rpass-missed=loop-vectorize]
r-package/dtatools/src/numeric-arithmetic.h:468:27: remark: the cost-model indicates that interleaving is not beneficial [-Rpass-missed=loop-vectorize]
r-package/dtatools/src/numeric-arithmetic.h:468:27: remark: the cost-model indicates that vectorization is not beneficial [-Rpass-missed=loop-vectorize]
r-package/dtatools/src/numeric-arithmetic.h:468:27: remark: the cost-model indicates that interleaving is not beneficial [-Rpass-missed=loop-vectorize]
r-package/dtatools/src/numeric-arithmetic.h:468:27: remark: vectorized loop (vectorization width: 4, interleaved count: 4) [-Rpass=loop-vectorize]
r-package/dtatools/src/numeric-arithmetic.h:468:27: remark: loop not vectorized [-Rpass-missed=loop-vectorize]
r-package/dtatools/src/numeric-arithmetic.h:468:27: remark: loop not vectorized [-Rpass-missed=loop-vectorize]
r-package/dtatools/src/numeric-arithmetic.h:468:27: remark: loop not vectorized [-Rpass-missed=loop-vectorize]
r-package/dtatools/src/numeric-arithmetic.h:468:27: remark: loop not vectorized [-Rpass-missed=loop-vectorize]
r-package/dtatools/src/numeric-arithmetic.h:468:27: remark: loop not vectorized [-Rpass-missed=loop-vectorize]
r-package/dtatools/src/numeric-arithmetic.h:468:27: remark: loop not vectorized [-Rpass-missed=loop-vectorize]
r-package/dtatools/src/numeric-arithmetic.h:468:27: remark: loop not vectorized [-Rpass-missed=loop-vectorize]
r-package/dtatools/src/numeric-arithmetic.h:468:27: remark: loop not vectorized [-Rpass-missed=loop-vectorize]
r-package/dtatools/src/numeric-arithmetic.h:468:27: remark: the cost-model indicates that vectorization is not beneficial [-Rpass-missed=loop-vectorize]
r-package/dtatools/src/numeric-arithmetic.h:468:27: remark: the cost-model indicates that interleaving is not beneficial [-Rpass-missed=loop-vectorize]
r-package/dtatools/src/numeric-arithmetic.h:468:27: remark: the cost-model indicates that vectorization is not beneficial [-Rpass-missed=loop-vectorize]
r-package/dtatools/src/numeric-arithmetic.h:468:27: remark: the cost-model indicates that interleaving is not beneficial [-Rpass-missed=loop-vectorize]
r-package/dtatools/src/numeric-arithmetic.h:468:27: remark: the cost-model indicates that vectorization is not beneficial [-Rpass-missed=loop-vectorize]
r-package/dtatools/src/numeric-arithmetic.h:468:27: remark: the cost-model indicates that interleaving is not beneficial [-Rpass-missed=loop-vectorize]
r-package/dtatools/src/numeric-arithmetic.h:468:27: remark: vectorized loop (vectorization width: 4, interleaved count: 4) [-Rpass=loop-vectorize]
r-package/dtatools/src/numeric-arithmetic.h:468:27: remark: the cost-model indicates that vectorization is not beneficial [-Rpass-missed=loop-vectorize]
r-package/dtatools/src/numeric-arithmetic.h:468:27: remark: the cost-model indicates that interleaving is not beneficial [-Rpass-missed=loop-vectorize]
r-package/dtatools/src/numeric-arithmetic.h:468:27: remark: the cost-model indicates that vectorization is not beneficial [-Rpass-missed=loop-vectorize]
r-package/dtatools/src/numeric-arithmetic.h:468:27: remark: the cost-model indicates that interleaving is not beneficial [-Rpass-missed=loop-vectorize]
r-package/dtatools/src/numeric-arithmetic.h:468:27: remark: the cost-model indicates that vectorization is not beneficial [-Rpass-missed=loop-vectorize]
r-package/dtatools/src/numeric-arithmetic.h:468:27: remark: the cost-model indicates that interleaving is not beneficial [-Rpass-missed=loop-vectorize]
r-package/dtatools/src/numeric-arithmetic.h:468:27: remark: vectorized loop (vectorization width: 2, interleaved count: 4) [-Rpass=loop-vectorize]
r-package/dtatools/src/numeric-arithmetic.h:468:27: remark: the cost-model indicates that vectorization is not beneficial [-Rpass-missed=loop-vectorize]
r-package/dtatools/src/numeric-arithmetic.h:468:27: remark: the cost-model indicates that interleaving is not beneficial [-Rpass-missed=loop-vectorize]
r-package/dtatools/src/numeric-arithmetic.h:468:27: remark: the cost-model indicates that vectorization is not beneficial [-Rpass-missed=loop-vectorize]
r-package/dtatools/src/numeric-arithmetic.h:468:27: remark: the cost-model indicates that interleaving is not beneficial [-Rpass-missed=loop-vectorize]
r-package/dtatools/src/numeric-arithmetic.h:468:27: remark: the cost-model indicates that vectorization is not beneficial [-Rpass-missed=loop-vectorize]
r-package/dtatools/src/numeric-arithmetic.h:468:27: remark: the cost-model indicates that interleaving is not beneficial [-Rpass-missed=loop-vectorize]
r-package/dtatools/src/numeric-arithmetic.h:468:27: remark: vectorized loop (vectorization width: 2, interleaved count: 4) [-Rpass=loop-vectorize]
r-package/dtatools/src/numeric-arithmetic.h:468:27: remark: the cost-model indicates that vectorization is not beneficial [-Rpass-missed=loop-vectorize]
r-package/dtatools/src/numeric-arithmetic.h:468:27: remark: the cost-model indicates that interleaving is not beneficial [-Rpass-missed=loop-vectorize]
r-package/dtatools/src/numeric-arithmetic.h:468:27: remark: the cost-model indicates that vectorization is not beneficial [-Rpass-missed=loop-vectorize]
r-package/dtatools/src/numeric-arithmetic.h:468:27: remark: the cost-model indicates that interleaving is not beneficial [-Rpass-missed=loop-vectorize]
r-package/dtatools/src/numeric-arithmetic.h:468:27: remark: the cost-model indicates that vectorization is not beneficial [-Rpass-missed=loop-vectorize]
r-package/dtatools/src/numeric-arithmetic.h:468:27: remark: the cost-model indicates that interleaving is not beneficial [-Rpass-missed=loop-vectorize]
r-package/dtatools/src/numeric-arithmetic.h:468:27: remark: vectorized loop (vectorization width: 2, interleaved count: 4) [-Rpass=loop-vectorize]
r-package/dtatools/src/numeric-arithmetic.h:469:28: remark: loop not vectorized [-Rpass-missed=loop-vectorize]
  469 |         case NUMERIC_LONG: ARITHMETIC_OPERATORS(ARITHMETIC_SPAN_LOOP, int32_t); break;
      |                            ^
r-package/dtatools/src/numeric-arithmetic.h:469:28: remark: loop not vectorized [-Rpass-missed=loop-vectorize]
r-package/dtatools/src/numeric-arithmetic.h:469:28: remark: loop not vectorized [-Rpass-missed=loop-vectorize]
r-package/dtatools/src/numeric-arithmetic.h:469:28: remark: loop not vectorized [-Rpass-missed=loop-vectorize]
r-package/dtatools/src/numeric-arithmetic.h:469:28: remark: loop not vectorized [-Rpass-missed=loop-vectorize]
r-package/dtatools/src/numeric-arithmetic.h:469:28: remark: loop not vectorized [-Rpass-missed=loop-vectorize]
r-package/dtatools/src/numeric-arithmetic.h:469:28: remark: loop not vectorized [-Rpass-missed=loop-vectorize]
r-package/dtatools/src/numeric-arithmetic.h:469:28: remark: loop not vectorized [-Rpass-missed=loop-vectorize]
r-package/dtatools/src/numeric-arithmetic.h:469:28: remark: loop not vectorized [-Rpass-missed=loop-vectorize]
r-package/dtatools/src/numeric-arithmetic.h:469:28: remark: loop not vectorized [-Rpass-missed=loop-vectorize]
r-package/dtatools/src/numeric-arithmetic.h:469:28: remark: loop not vectorized [-Rpass-missed=loop-vectorize]
r-package/dtatools/src/numeric-arithmetic.h:469:28: remark: loop not vectorized [-Rpass-missed=loop-vectorize]
r-package/dtatools/src/numeric-arithmetic.h:469:28: remark: loop not vectorized [-Rpass-missed=loop-vectorize]
r-package/dtatools/src/numeric-arithmetic.h:469:28: remark: loop not vectorized [-Rpass-missed=loop-vectorize]
r-package/dtatools/src/numeric-arithmetic.h:469:28: remark: loop not vectorized [-Rpass-missed=loop-vectorize]
r-package/dtatools/src/numeric-arithmetic.h:469:28: remark: loop not vectorized [-Rpass-missed=loop-vectorize]
r-package/dtatools/src/numeric-arithmetic.h:469:28: remark: loop not vectorized [-Rpass-missed=loop-vectorize]
r-package/dtatools/src/numeric-arithmetic.h:469:28: remark: loop not vectorized [-Rpass-missed=loop-vectorize]
r-package/dtatools/src/numeric-arithmetic.h:469:28: remark: loop not vectorized [-Rpass-missed=loop-vectorize]
r-package/dtatools/src/numeric-arithmetic.h:469:28: remark: loop not vectorized [-Rpass-missed=loop-vectorize]
r-package/dtatools/src/numeric-arithmetic.h:469:28: remark: the cost-model indicates that vectorization is not beneficial [-Rpass-missed=loop-vectorize]
r-package/dtatools/src/numeric-arithmetic.h:469:28: remark: the cost-model indicates that interleaving is not beneficial [-Rpass-missed=loop-vectorize]
r-package/dtatools/src/numeric-arithmetic.h:469:28: remark: the cost-model indicates that vectorization is not beneficial [-Rpass-missed=loop-vectorize]
r-package/dtatools/src/numeric-arithmetic.h:469:28: remark: the cost-model indicates that interleaving is not beneficial [-Rpass-missed=loop-vectorize]
r-package/dtatools/src/numeric-arithmetic.h:469:28: remark: the cost-model indicates that vectorization is not beneficial [-Rpass-missed=loop-vectorize]
r-package/dtatools/src/numeric-arithmetic.h:469:28: remark: the cost-model indicates that interleaving is not beneficial [-Rpass-missed=loop-vectorize]
r-package/dtatools/src/numeric-arithmetic.h:469:28: remark: vectorized loop (vectorization width: 8, interleaved count: 4) [-Rpass=loop-vectorize]
r-package/dtatools/src/numeric-arithmetic.h:469:28: remark: loop not vectorized [-Rpass-missed=loop-vectorize]
r-package/dtatools/src/numeric-arithmetic.h:469:28: remark: loop not vectorized [-Rpass-missed=loop-vectorize]
r-package/dtatools/src/numeric-arithmetic.h:469:28: remark: loop not vectorized [-Rpass-missed=loop-vectorize]
r-package/dtatools/src/numeric-arithmetic.h:469:28: remark: loop not vectorized [-Rpass-missed=loop-vectorize]
r-package/dtatools/src/numeric-arithmetic.h:469:28: remark: loop not vectorized [-Rpass-missed=loop-vectorize]
r-package/dtatools/src/numeric-arithmetic.h:469:28: remark: loop not vectorized [-Rpass-missed=loop-vectorize]
r-package/dtatools/src/numeric-arithmetic.h:469:28: remark: loop not vectorized [-Rpass-missed=loop-vectorize]
r-package/dtatools/src/numeric-arithmetic.h:469:28: remark: loop not vectorized [-Rpass-missed=loop-vectorize]
r-package/dtatools/src/numeric-arithmetic.h:469:28: remark: vectorized loop (vectorization width: 2, interleaved count: 4) [-Rpass=loop-vectorize]
r-package/dtatools/src/numeric-arithmetic.h:469:28: remark: the cost-model indicates that vectorization is not beneficial [-Rpass-missed=loop-vectorize]
r-package/dtatools/src/numeric-arithmetic.h:469:28: remark: the cost-model indicates that interleaving is not beneficial [-Rpass-missed=loop-vectorize]
r-package/dtatools/src/numeric-arithmetic.h:469:28: remark: the cost-model indicates that vectorization is not beneficial [-Rpass-missed=loop-vectorize]
r-package/dtatools/src/numeric-arithmetic.h:469:28: remark: the cost-model indicates that interleaving is not beneficial [-Rpass-missed=loop-vectorize]
r-package/dtatools/src/numeric-arithmetic.h:469:28: remark: vectorized loop (vectorization width: 4, interleaved count: 4) [-Rpass=loop-vectorize]
r-package/dtatools/src/numeric-arithmetic.h:469:28: remark: loop not vectorized [-Rpass-missed=loop-vectorize]
r-package/dtatools/src/numeric-arithmetic.h:469:28: remark: loop not vectorized [-Rpass-missed=loop-vectorize]
r-package/dtatools/src/numeric-arithmetic.h:469:28: remark: loop not vectorized [-Rpass-missed=loop-vectorize]
r-package/dtatools/src/numeric-arithmetic.h:469:28: remark: loop not vectorized [-Rpass-missed=loop-vectorize]
r-package/dtatools/src/numeric-arithmetic.h:469:28: remark: loop not vectorized [-Rpass-missed=loop-vectorize]
r-package/dtatools/src/numeric-arithmetic.h:469:28: remark: loop not vectorized [-Rpass-missed=loop-vectorize]
r-package/dtatools/src/numeric-arithmetic.h:469:28: remark: loop not vectorized [-Rpass-missed=loop-vectorize]
r-package/dtatools/src/numeric-arithmetic.h:469:28: remark: loop not vectorized [-Rpass-missed=loop-vectorize]
r-package/dtatools/src/numeric-arithmetic.h:469:28: remark: vectorized loop (vectorization width: 2, interleaved count: 4) [-Rpass=loop-vectorize]
r-package/dtatools/src/numeric-arithmetic.h:469:28: remark: vectorized loop (vectorization width: 2, interleaved count: 4) [-Rpass=loop-vectorize]
r-package/dtatools/src/numeric-arithmetic.h:469:28: remark: vectorized loop (vectorization width: 2, interleaved count: 4) [-Rpass=loop-vectorize]
r-package/dtatools/src/numeric-arithmetic.h:469:28: remark: vectorized loop (vectorization width: 4, interleaved count: 4) [-Rpass=loop-vectorize]
r-package/dtatools/src/numeric-arithmetic.h:469:28: remark: the cost-model indicates that vectorization is not beneficial [-Rpass-missed=loop-vectorize]
r-package/dtatools/src/numeric-arithmetic.h:469:28: remark: the cost-model indicates that interleaving is not beneficial [-Rpass-missed=loop-vectorize]
r-package/dtatools/src/numeric-arithmetic.h:469:28: remark: the cost-model indicates that vectorization is not beneficial [-Rpass-missed=loop-vectorize]
r-package/dtatools/src/numeric-arithmetic.h:469:28: remark: the cost-model indicates that interleaving is not beneficial [-Rpass-missed=loop-vectorize]
r-package/dtatools/src/numeric-arithmetic.h:469:28: remark: the cost-model indicates that vectorization is not beneficial [-Rpass-missed=loop-vectorize]
r-package/dtatools/src/numeric-arithmetic.h:469:28: remark: the cost-model indicates that interleaving is not beneficial [-Rpass-missed=loop-vectorize]
r-package/dtatools/src/numeric-arithmetic.h:469:28: remark: vectorized loop (vectorization width: 2, interleaved count: 4) [-Rpass=loop-vectorize]
r-package/dtatools/src/numeric-arithmetic.h:469:28: remark: the cost-model indicates that vectorization is not beneficial [-Rpass-missed=loop-vectorize]
r-package/dtatools/src/numeric-arithmetic.h:469:28: remark: the cost-model indicates that interleaving is not beneficial [-Rpass-missed=loop-vectorize]
r-package/dtatools/src/numeric-arithmetic.h:469:28: remark: the cost-model indicates that vectorization is not beneficial [-Rpass-missed=loop-vectorize]
r-package/dtatools/src/numeric-arithmetic.h:469:28: remark: the cost-model indicates that interleaving is not beneficial [-Rpass-missed=loop-vectorize]
r-package/dtatools/src/numeric-arithmetic.h:469:28: remark: the cost-model indicates that vectorization is not beneficial [-Rpass-missed=loop-vectorize]
r-package/dtatools/src/numeric-arithmetic.h:469:28: remark: the cost-model indicates that interleaving is not beneficial [-Rpass-missed=loop-vectorize]
r-package/dtatools/src/numeric-arithmetic.h:469:28: remark: vectorized loop (vectorization width: 2, interleaved count: 4) [-Rpass=loop-vectorize]
r-package/dtatools/src/numeric-arithmetic.h:469:28: remark: the cost-model indicates that vectorization is not beneficial [-Rpass-missed=loop-vectorize]
r-package/dtatools/src/numeric-arithmetic.h:469:28: remark: the cost-model indicates that interleaving is not beneficial [-Rpass-missed=loop-vectorize]
r-package/dtatools/src/numeric-arithmetic.h:469:28: remark: the cost-model indicates that vectorization is not beneficial [-Rpass-missed=loop-vectorize]
r-package/dtatools/src/numeric-arithmetic.h:469:28: remark: the cost-model indicates that interleaving is not beneficial [-Rpass-missed=loop-vectorize]
r-package/dtatools/src/numeric-arithmetic.h:469:28: remark: the cost-model indicates that vectorization is not beneficial [-Rpass-missed=loop-vectorize]
r-package/dtatools/src/numeric-arithmetic.h:469:28: remark: the cost-model indicates that interleaving is not beneficial [-Rpass-missed=loop-vectorize]
r-package/dtatools/src/numeric-arithmetic.h:469:28: remark: vectorized loop (vectorization width: 2, interleaved count: 4) [-Rpass=loop-vectorize]
r-package/dtatools/src/numeric-arithmetic.h:469:28: remark: loop not vectorized [-Rpass-missed=loop-vectorize]
r-package/dtatools/src/numeric-arithmetic.h:469:28: remark: loop not vectorized [-Rpass-missed=loop-vectorize]
r-package/dtatools/src/numeric-arithmetic.h:469:28: remark: loop not vectorized [-Rpass-missed=loop-vectorize]
r-package/dtatools/src/numeric-arithmetic.h:469:28: remark: loop not vectorized [-Rpass-missed=loop-vectorize]
r-package/dtatools/src/numeric-arithmetic.h:469:28: remark: loop not vectorized [-Rpass-missed=loop-vectorize]
r-package/dtatools/src/numeric-arithmetic.h:469:28: remark: loop not vectorized [-Rpass-missed=loop-vectorize]
r-package/dtatools/src/numeric-arithmetic.h:469:28: remark: loop not vectorized [-Rpass-missed=loop-vectorize]
r-package/dtatools/src/numeric-arithmetic.h:469:28: remark: loop not vectorized [-Rpass-missed=loop-vectorize]
r-package/dtatools/src/numeric-arithmetic.h:469:28: remark: loop not vectorized [-Rpass-missed=loop-vectorize]
r-package/dtatools/src/numeric-arithmetic.h:469:28: remark: loop not vectorized [-Rpass-missed=loop-vectorize]
r-package/dtatools/src/numeric-arithmetic.h:469:28: remark: loop not vectorized [-Rpass-missed=loop-vectorize]
r-package/dtatools/src/numeric-arithmetic.h:469:28: remark: loop not vectorized [-Rpass-missed=loop-vectorize]
r-package/dtatools/src/numeric-arithmetic.h:469:28: remark: loop not vectorized [-Rpass-missed=loop-vectorize]
r-package/dtatools/src/numeric-arithmetic.h:469:28: remark: loop not vectorized [-Rpass-missed=loop-vectorize]
r-package/dtatools/src/numeric-arithmetic.h:469:28: remark: loop not vectorized [-Rpass-missed=loop-vectorize]
r-package/dtatools/src/numeric-arithmetic.h:469:28: remark: loop not vectorized [-Rpass-missed=loop-vectorize]
r-package/dtatools/src/numeric-arithmetic.h:469:28: remark: loop not vectorized [-Rpass-missed=loop-vectorize]
r-package/dtatools/src/numeric-arithmetic.h:469:28: remark: loop not vectorized [-Rpass-missed=loop-vectorize]
r-package/dtatools/src/numeric-arithmetic.h:469:28: remark: loop not vectorized [-Rpass-missed=loop-vectorize]
r-package/dtatools/src/numeric-arithmetic.h:469:28: remark: loop not vectorized [-Rpass-missed=loop-vectorize]
r-package/dtatools/src/numeric-arithmetic.h:469:28: remark: the cost-model indicates that vectorization is not beneficial [-Rpass-missed=loop-vectorize]
r-package/dtatools/src/numeric-arithmetic.h:469:28: remark: the cost-model indicates that interleaving is not beneficial [-Rpass-missed=loop-vectorize]
r-package/dtatools/src/numeric-arithmetic.h:469:28: remark: the cost-model indicates that vectorization is not beneficial [-Rpass-missed=loop-vectorize]
r-package/dtatools/src/numeric-arithmetic.h:469:28: remark: the cost-model indicates that interleaving is not beneficial [-Rpass-missed=loop-vectorize]
r-package/dtatools/src/numeric-arithmetic.h:469:28: remark: the cost-model indicates that vectorization is not beneficial [-Rpass-missed=loop-vectorize]
r-package/dtatools/src/numeric-arithmetic.h:469:28: remark: the cost-model indicates that interleaving is not beneficial [-Rpass-missed=loop-vectorize]
r-package/dtatools/src/numeric-arithmetic.h:469:28: remark: vectorized loop (vectorization width: 8, interleaved count: 4) [-Rpass=loop-vectorize]
r-package/dtatools/src/numeric-arithmetic.h:469:28: remark: loop not vectorized [-Rpass-missed=loop-vectorize]
r-package/dtatools/src/numeric-arithmetic.h:469:28: remark: loop not vectorized [-Rpass-missed=loop-vectorize]
r-package/dtatools/src/numeric-arithmetic.h:469:28: remark: loop not vectorized [-Rpass-missed=loop-vectorize]
r-package/dtatools/src/numeric-arithmetic.h:469:28: remark: loop not vectorized [-Rpass-missed=loop-vectorize]
r-package/dtatools/src/numeric-arithmetic.h:469:28: remark: loop not vectorized [-Rpass-missed=loop-vectorize]
r-package/dtatools/src/numeric-arithmetic.h:469:28: remark: loop not vectorized [-Rpass-missed=loop-vectorize]
r-package/dtatools/src/numeric-arithmetic.h:469:28: remark: loop not vectorized [-Rpass-missed=loop-vectorize]
r-package/dtatools/src/numeric-arithmetic.h:469:28: remark: loop not vectorized [-Rpass-missed=loop-vectorize]
r-package/dtatools/src/numeric-arithmetic.h:469:28: remark: vectorized loop (vectorization width: 2, interleaved count: 4) [-Rpass=loop-vectorize]
r-package/dtatools/src/numeric-arithmetic.h:469:28: remark: the cost-model indicates that vectorization is not beneficial [-Rpass-missed=loop-vectorize]
r-package/dtatools/src/numeric-arithmetic.h:469:28: remark: the cost-model indicates that interleaving is not beneficial [-Rpass-missed=loop-vectorize]
r-package/dtatools/src/numeric-arithmetic.h:469:28: remark: the cost-model indicates that vectorization is not beneficial [-Rpass-missed=loop-vectorize]
r-package/dtatools/src/numeric-arithmetic.h:469:28: remark: the cost-model indicates that interleaving is not beneficial [-Rpass-missed=loop-vectorize]
r-package/dtatools/src/numeric-arithmetic.h:469:28: remark: vectorized loop (vectorization width: 4, interleaved count: 4) [-Rpass=loop-vectorize]
r-package/dtatools/src/numeric-arithmetic.h:469:28: remark: loop not vectorized [-Rpass-missed=loop-vectorize]
r-package/dtatools/src/numeric-arithmetic.h:469:28: remark: loop not vectorized [-Rpass-missed=loop-vectorize]
r-package/dtatools/src/numeric-arithmetic.h:469:28: remark: loop not vectorized [-Rpass-missed=loop-vectorize]
r-package/dtatools/src/numeric-arithmetic.h:469:28: remark: loop not vectorized [-Rpass-missed=loop-vectorize]
r-package/dtatools/src/numeric-arithmetic.h:469:28: remark: loop not vectorized [-Rpass-missed=loop-vectorize]
r-package/dtatools/src/numeric-arithmetic.h:469:28: remark: loop not vectorized [-Rpass-missed=loop-vectorize]
r-package/dtatools/src/numeric-arithmetic.h:469:28: remark: loop not vectorized [-Rpass-missed=loop-vectorize]
r-package/dtatools/src/numeric-arithmetic.h:469:28: remark: loop not vectorized [-Rpass-missed=loop-vectorize]
r-package/dtatools/src/numeric-arithmetic.h:469:28: remark: vectorized loop (vectorization width: 2, interleaved count: 4) [-Rpass=loop-vectorize]
r-package/dtatools/src/numeric-arithmetic.h:469:28: remark: vectorized loop (vectorization width: 2, interleaved count: 4) [-Rpass=loop-vectorize]
r-package/dtatools/src/numeric-arithmetic.h:469:28: remark: vectorized loop (vectorization width: 2, interleaved count: 4) [-Rpass=loop-vectorize]
r-package/dtatools/src/numeric-arithmetic.h:469:28: remark: vectorized loop (vectorization width: 4, interleaved count: 4) [-Rpass=loop-vectorize]
r-package/dtatools/src/numeric-arithmetic.h:469:28: remark: the cost-model indicates that vectorization is not beneficial [-Rpass-missed=loop-vectorize]
r-package/dtatools/src/numeric-arithmetic.h:469:28: remark: the cost-model indicates that interleaving is not beneficial [-Rpass-missed=loop-vectorize]
r-package/dtatools/src/numeric-arithmetic.h:469:28: remark: the cost-model indicates that vectorization is not beneficial [-Rpass-missed=loop-vectorize]
r-package/dtatools/src/numeric-arithmetic.h:469:28: remark: the cost-model indicates that interleaving is not beneficial [-Rpass-missed=loop-vectorize]
r-package/dtatools/src/numeric-arithmetic.h:469:28: remark: the cost-model indicates that vectorization is not beneficial [-Rpass-missed=loop-vectorize]
r-package/dtatools/src/numeric-arithmetic.h:469:28: remark: the cost-model indicates that interleaving is not beneficial [-Rpass-missed=loop-vectorize]
r-package/dtatools/src/numeric-arithmetic.h:469:28: remark: vectorized loop (vectorization width: 2, interleaved count: 4) [-Rpass=loop-vectorize]
r-package/dtatools/src/numeric-arithmetic.h:469:28: remark: the cost-model indicates that vectorization is not beneficial [-Rpass-missed=loop-vectorize]
r-package/dtatools/src/numeric-arithmetic.h:469:28: remark: the cost-model indicates that interleaving is not beneficial [-Rpass-missed=loop-vectorize]
r-package/dtatools/src/numeric-arithmetic.h:469:28: remark: the cost-model indicates that vectorization is not beneficial [-Rpass-missed=loop-vectorize]
r-package/dtatools/src/numeric-arithmetic.h:469:28: remark: the cost-model indicates that interleaving is not beneficial [-Rpass-missed=loop-vectorize]
r-package/dtatools/src/numeric-arithmetic.h:469:28: remark: the cost-model indicates that vectorization is not beneficial [-Rpass-missed=loop-vectorize]
r-package/dtatools/src/numeric-arithmetic.h:469:28: remark: the cost-model indicates that interleaving is not beneficial [-Rpass-missed=loop-vectorize]
r-package/dtatools/src/numeric-arithmetic.h:469:28: remark: vectorized loop (vectorization width: 2, interleaved count: 4) [-Rpass=loop-vectorize]
r-package/dtatools/src/numeric-arithmetic.h:469:28: remark: the cost-model indicates that vectorization is not beneficial [-Rpass-missed=loop-vectorize]
r-package/dtatools/src/numeric-arithmetic.h:469:28: remark: the cost-model indicates that interleaving is not beneficial [-Rpass-missed=loop-vectorize]
r-package/dtatools/src/numeric-arithmetic.h:469:28: remark: the cost-model indicates that vectorization is not beneficial [-Rpass-missed=loop-vectorize]
r-package/dtatools/src/numeric-arithmetic.h:469:28: remark: the cost-model indicates that interleaving is not beneficial [-Rpass-missed=loop-vectorize]
r-package/dtatools/src/numeric-arithmetic.h:469:28: remark: the cost-model indicates that vectorization is not beneficial [-Rpass-missed=loop-vectorize]
r-package/dtatools/src/numeric-arithmetic.h:469:28: remark: the cost-model indicates that interleaving is not beneficial [-Rpass-missed=loop-vectorize]
r-package/dtatools/src/numeric-arithmetic.h:469:28: remark: vectorized loop (vectorization width: 2, interleaved count: 4) [-Rpass=loop-vectorize]
r-package/dtatools/src/numeric-arithmetic.h:469:28: remark: loop not vectorized [-Rpass-missed=loop-vectorize]
r-package/dtatools/src/numeric-arithmetic.h:469:28: remark: loop not vectorized [-Rpass-missed=loop-vectorize]
r-package/dtatools/src/numeric-arithmetic.h:469:28: remark: loop not vectorized [-Rpass-missed=loop-vectorize]
r-package/dtatools/src/numeric-arithmetic.h:469:28: remark: loop not vectorized [-Rpass-missed=loop-vectorize]
r-package/dtatools/src/numeric-arithmetic.h:469:28: remark: loop not vectorized [-Rpass-missed=loop-vectorize]
r-package/dtatools/src/numeric-arithmetic.h:469:28: remark: loop not vectorized [-Rpass-missed=loop-vectorize]
r-package/dtatools/src/numeric-arithmetic.h:469:28: remark: loop not vectorized [-Rpass-missed=loop-vectorize]
r-package/dtatools/src/numeric-arithmetic.h:469:28: remark: loop not vectorized [-Rpass-missed=loop-vectorize]
r-package/dtatools/src/numeric-arithmetic.h:469:28: remark: loop not vectorized [-Rpass-missed=loop-vectorize]
r-package/dtatools/src/numeric-arithmetic.h:469:28: remark: loop not vectorized [-Rpass-missed=loop-vectorize]
r-package/dtatools/src/numeric-arithmetic.h:469:28: remark: loop not vectorized [-Rpass-missed=loop-vectorize]
r-package/dtatools/src/numeric-arithmetic.h:469:28: remark: loop not vectorized [-Rpass-missed=loop-vectorize]
r-package/dtatools/src/numeric-arithmetic.h:469:28: remark: loop not vectorized [-Rpass-missed=loop-vectorize]
r-package/dtatools/src/numeric-arithmetic.h:469:28: remark: loop not vectorized [-Rpass-missed=loop-vectorize]
r-package/dtatools/src/numeric-arithmetic.h:469:28: remark: loop not vectorized [-Rpass-missed=loop-vectorize]
r-package/dtatools/src/numeric-arithmetic.h:469:28: remark: loop not vectorized [-Rpass-missed=loop-vectorize]
r-package/dtatools/src/numeric-arithmetic.h:469:28: remark: loop not vectorized [-Rpass-missed=loop-vectorize]
r-package/dtatools/src/numeric-arithmetic.h:469:28: remark: loop not vectorized [-Rpass-missed=loop-vectorize]
r-package/dtatools/src/numeric-arithmetic.h:469:28: remark: loop not vectorized [-Rpass-missed=loop-vectorize]
r-package/dtatools/src/numeric-arithmetic.h:469:28: remark: loop not vectorized [-Rpass-missed=loop-vectorize]
r-package/dtatools/src/numeric-arithmetic.h:469:28: remark: the cost-model indicates that vectorization is not beneficial [-Rpass-missed=loop-vectorize]
r-package/dtatools/src/numeric-arithmetic.h:469:28: remark: the cost-model indicates that interleaving is not beneficial [-Rpass-missed=loop-vectorize]
r-package/dtatools/src/numeric-arithmetic.h:469:28: remark: the cost-model indicates that vectorization is not beneficial [-Rpass-missed=loop-vectorize]
r-package/dtatools/src/numeric-arithmetic.h:469:28: remark: the cost-model indicates that interleaving is not beneficial [-Rpass-missed=loop-vectorize]
r-package/dtatools/src/numeric-arithmetic.h:469:28: remark: the cost-model indicates that vectorization is not beneficial [-Rpass-missed=loop-vectorize]
r-package/dtatools/src/numeric-arithmetic.h:469:28: remark: the cost-model indicates that interleaving is not beneficial [-Rpass-missed=loop-vectorize]
r-package/dtatools/src/numeric-arithmetic.h:469:28: remark: vectorized loop (vectorization width: 8, interleaved count: 4) [-Rpass=loop-vectorize]
r-package/dtatools/src/numeric-arithmetic.h:469:28: remark: loop not vectorized [-Rpass-missed=loop-vectorize]
r-package/dtatools/src/numeric-arithmetic.h:469:28: remark: loop not vectorized [-Rpass-missed=loop-vectorize]
r-package/dtatools/src/numeric-arithmetic.h:469:28: remark: loop not vectorized [-Rpass-missed=loop-vectorize]
r-package/dtatools/src/numeric-arithmetic.h:469:28: remark: loop not vectorized [-Rpass-missed=loop-vectorize]
r-package/dtatools/src/numeric-arithmetic.h:469:28: remark: loop not vectorized [-Rpass-missed=loop-vectorize]
r-package/dtatools/src/numeric-arithmetic.h:469:28: remark: loop not vectorized [-Rpass-missed=loop-vectorize]
r-package/dtatools/src/numeric-arithmetic.h:469:28: remark: loop not vectorized [-Rpass-missed=loop-vectorize]
r-package/dtatools/src/numeric-arithmetic.h:469:28: remark: loop not vectorized [-Rpass-missed=loop-vectorize]
r-package/dtatools/src/numeric-arithmetic.h:469:28: remark: vectorized loop (vectorization width: 2, interleaved count: 4) [-Rpass=loop-vectorize]
r-package/dtatools/src/numeric-arithmetic.h:469:28: remark: the cost-model indicates that vectorization is not beneficial [-Rpass-missed=loop-vectorize]
r-package/dtatools/src/numeric-arithmetic.h:469:28: remark: the cost-model indicates that interleaving is not beneficial [-Rpass-missed=loop-vectorize]
r-package/dtatools/src/numeric-arithmetic.h:469:28: remark: the cost-model indicates that vectorization is not beneficial [-Rpass-missed=loop-vectorize]
r-package/dtatools/src/numeric-arithmetic.h:469:28: remark: the cost-model indicates that interleaving is not beneficial [-Rpass-missed=loop-vectorize]
r-package/dtatools/src/numeric-arithmetic.h:469:28: remark: vectorized loop (vectorization width: 4, interleaved count: 4) [-Rpass=loop-vectorize]
r-package/dtatools/src/numeric-arithmetic.h:469:28: remark: loop not vectorized [-Rpass-missed=loop-vectorize]
r-package/dtatools/src/numeric-arithmetic.h:469:28: remark: loop not vectorized [-Rpass-missed=loop-vectorize]
r-package/dtatools/src/numeric-arithmetic.h:469:28: remark: loop not vectorized [-Rpass-missed=loop-vectorize]
r-package/dtatools/src/numeric-arithmetic.h:469:28: remark: loop not vectorized [-Rpass-missed=loop-vectorize]
r-package/dtatools/src/numeric-arithmetic.h:469:28: remark: loop not vectorized [-Rpass-missed=loop-vectorize]
r-package/dtatools/src/numeric-arithmetic.h:469:28: remark: loop not vectorized [-Rpass-missed=loop-vectorize]
r-package/dtatools/src/numeric-arithmetic.h:469:28: remark: loop not vectorized [-Rpass-missed=loop-vectorize]
r-package/dtatools/src/numeric-arithmetic.h:469:28: remark: loop not vectorized [-Rpass-missed=loop-vectorize]
r-package/dtatools/src/numeric-arithmetic.h:469:28: remark: vectorized loop (vectorization width: 2, interleaved count: 4) [-Rpass=loop-vectorize]
r-package/dtatools/src/numeric-arithmetic.h:469:28: remark: vectorized loop (vectorization width: 2, interleaved count: 4) [-Rpass=loop-vectorize]
r-package/dtatools/src/numeric-arithmetic.h:469:28: remark: vectorized loop (vectorization width: 2, interleaved count: 4) [-Rpass=loop-vectorize]
r-package/dtatools/src/numeric-arithmetic.h:469:28: remark: vectorized loop (vectorization width: 4, interleaved count: 4) [-Rpass=loop-vectorize]
r-package/dtatools/src/numeric-arithmetic.h:469:28: remark: the cost-model indicates that vectorization is not beneficial [-Rpass-missed=loop-vectorize]
r-package/dtatools/src/numeric-arithmetic.h:469:28: remark: the cost-model indicates that interleaving is not beneficial [-Rpass-missed=loop-vectorize]
r-package/dtatools/src/numeric-arithmetic.h:469:28: remark: the cost-model indicates that vectorization is not beneficial [-Rpass-missed=loop-vectorize]
r-package/dtatools/src/numeric-arithmetic.h:469:28: remark: the cost-model indicates that interleaving is not beneficial [-Rpass-missed=loop-vectorize]
r-package/dtatools/src/numeric-arithmetic.h:469:28: remark: the cost-model indicates that vectorization is not beneficial [-Rpass-missed=loop-vectorize]
r-package/dtatools/src/numeric-arithmetic.h:469:28: remark: the cost-model indicates that interleaving is not beneficial [-Rpass-missed=loop-vectorize]
r-package/dtatools/src/numeric-arithmetic.h:469:28: remark: vectorized loop (vectorization width: 2, interleaved count: 4) [-Rpass=loop-vectorize]
r-package/dtatools/src/numeric-arithmetic.h:469:28: remark: the cost-model indicates that vectorization is not beneficial [-Rpass-missed=loop-vectorize]
r-package/dtatools/src/numeric-arithmetic.h:469:28: remark: the cost-model indicates that interleaving is not beneficial [-Rpass-missed=loop-vectorize]
r-package/dtatools/src/numeric-arithmetic.h:469:28: remark: the cost-model indicates that vectorization is not beneficial [-Rpass-missed=loop-vectorize]
r-package/dtatools/src/numeric-arithmetic.h:469:28: remark: the cost-model indicates that interleaving is not beneficial [-Rpass-missed=loop-vectorize]
r-package/dtatools/src/numeric-arithmetic.h:469:28: remark: the cost-model indicates that vectorization is not beneficial [-Rpass-missed=loop-vectorize]
r-package/dtatools/src/numeric-arithmetic.h:469:28: remark: the cost-model indicates that interleaving is not beneficial [-Rpass-missed=loop-vectorize]
r-package/dtatools/src/numeric-arithmetic.h:469:28: remark: vectorized loop (vectorization width: 2, interleaved count: 4) [-Rpass=loop-vectorize]
r-package/dtatools/src/numeric-arithmetic.h:469:28: remark: the cost-model indicates that vectorization is not beneficial [-Rpass-missed=loop-vectorize]
r-package/dtatools/src/numeric-arithmetic.h:469:28: remark: the cost-model indicates that interleaving is not beneficial [-Rpass-missed=loop-vectorize]
r-package/dtatools/src/numeric-arithmetic.h:469:28: remark: the cost-model indicates that vectorization is not beneficial [-Rpass-missed=loop-vectorize]
r-package/dtatools/src/numeric-arithmetic.h:469:28: remark: the cost-model indicates that interleaving is not beneficial [-Rpass-missed=loop-vectorize]
r-package/dtatools/src/numeric-arithmetic.h:469:28: remark: the cost-model indicates that vectorization is not beneficial [-Rpass-missed=loop-vectorize]
r-package/dtatools/src/numeric-arithmetic.h:469:28: remark: the cost-model indicates that interleaving is not beneficial [-Rpass-missed=loop-vectorize]
r-package/dtatools/src/numeric-arithmetic.h:469:28: remark: vectorized loop (vectorization width: 2, interleaved count: 4) [-Rpass=loop-vectorize]
r-package/dtatools/src/numeric-arithmetic.h:469:28: remark: loop not vectorized [-Rpass-missed=loop-vectorize]
r-package/dtatools/src/numeric-arithmetic.h:469:28: remark: loop not vectorized [-Rpass-missed=loop-vectorize]
r-package/dtatools/src/numeric-arithmetic.h:469:28: remark: loop not vectorized [-Rpass-missed=loop-vectorize]
r-package/dtatools/src/numeric-arithmetic.h:469:28: remark: loop not vectorized [-Rpass-missed=loop-vectorize]
r-package/dtatools/src/numeric-arithmetic.h:469:28: remark: loop not vectorized [-Rpass-missed=loop-vectorize]
r-package/dtatools/src/numeric-arithmetic.h:469:28: remark: loop not vectorized [-Rpass-missed=loop-vectorize]
r-package/dtatools/src/numeric-arithmetic.h:469:28: remark: loop not vectorized [-Rpass-missed=loop-vectorize]
r-package/dtatools/src/numeric-arithmetic.h:469:28: remark: loop not vectorized [-Rpass-missed=loop-vectorize]
r-package/dtatools/src/numeric-arithmetic.h:469:28: remark: loop not vectorized [-Rpass-missed=loop-vectorize]
r-package/dtatools/src/numeric-arithmetic.h:469:28: remark: loop not vectorized [-Rpass-missed=loop-vectorize]
r-package/dtatools/src/numeric-arithmetic.h:469:28: remark: loop not vectorized [-Rpass-missed=loop-vectorize]
r-package/dtatools/src/numeric-arithmetic.h:469:28: remark: loop not vectorized [-Rpass-missed=loop-vectorize]
r-package/dtatools/src/numeric-arithmetic.h:469:28: remark: loop not vectorized [-Rpass-missed=loop-vectorize]
r-package/dtatools/src/numeric-arithmetic.h:469:28: remark: loop not vectorized [-Rpass-missed=loop-vectorize]
r-package/dtatools/src/numeric-arithmetic.h:469:28: remark: loop not vectorized [-Rpass-missed=loop-vectorize]
r-package/dtatools/src/numeric-arithmetic.h:469:28: remark: loop not vectorized [-Rpass-missed=loop-vectorize]
r-package/dtatools/src/numeric-arithmetic.h:469:28: remark: loop not vectorized [-Rpass-missed=loop-vectorize]
r-package/dtatools/src/numeric-arithmetic.h:469:28: remark: loop not vectorized [-Rpass-missed=loop-vectorize]
r-package/dtatools/src/numeric-arithmetic.h:469:28: remark: loop not vectorized [-Rpass-missed=loop-vectorize]
r-package/dtatools/src/numeric-arithmetic.h:469:28: remark: loop not vectorized [-Rpass-missed=loop-vectorize]
r-package/dtatools/src/numeric-arithmetic.h:469:28: remark: the cost-model indicates that vectorization is not beneficial [-Rpass-missed=loop-vectorize]
r-package/dtatools/src/numeric-arithmetic.h:469:28: remark: the cost-model indicates that interleaving is not beneficial [-Rpass-missed=loop-vectorize]
r-package/dtatools/src/numeric-arithmetic.h:469:28: remark: the cost-model indicates that vectorization is not beneficial [-Rpass-missed=loop-vectorize]
r-package/dtatools/src/numeric-arithmetic.h:469:28: remark: the cost-model indicates that interleaving is not beneficial [-Rpass-missed=loop-vectorize]
r-package/dtatools/src/numeric-arithmetic.h:469:28: remark: the cost-model indicates that vectorization is not beneficial [-Rpass-missed=loop-vectorize]
r-package/dtatools/src/numeric-arithmetic.h:469:28: remark: the cost-model indicates that interleaving is not beneficial [-Rpass-missed=loop-vectorize]
r-package/dtatools/src/numeric-arithmetic.h:469:28: remark: vectorized loop (vectorization width: 8, interleaved count: 4) [-Rpass=loop-vectorize]
r-package/dtatools/src/numeric-arithmetic.h:469:28: remark: loop not vectorized [-Rpass-missed=loop-vectorize]
r-package/dtatools/src/numeric-arithmetic.h:469:28: remark: loop not vectorized [-Rpass-missed=loop-vectorize]
r-package/dtatools/src/numeric-arithmetic.h:469:28: remark: loop not vectorized [-Rpass-missed=loop-vectorize]
r-package/dtatools/src/numeric-arithmetic.h:469:28: remark: loop not vectorized [-Rpass-missed=loop-vectorize]
r-package/dtatools/src/numeric-arithmetic.h:469:28: remark: loop not vectorized [-Rpass-missed=loop-vectorize]
r-package/dtatools/src/numeric-arithmetic.h:469:28: remark: loop not vectorized [-Rpass-missed=loop-vectorize]
r-package/dtatools/src/numeric-arithmetic.h:469:28: remark: loop not vectorized [-Rpass-missed=loop-vectorize]
r-package/dtatools/src/numeric-arithmetic.h:469:28: remark: loop not vectorized [-Rpass-missed=loop-vectorize]
r-package/dtatools/src/numeric-arithmetic.h:469:28: remark: vectorized loop (vectorization width: 2, interleaved count: 4) [-Rpass=loop-vectorize]
r-package/dtatools/src/numeric-arithmetic.h:469:28: remark: the cost-model indicates that vectorization is not beneficial [-Rpass-missed=loop-vectorize]
r-package/dtatools/src/numeric-arithmetic.h:469:28: remark: the cost-model indicates that interleaving is not beneficial [-Rpass-missed=loop-vectorize]
r-package/dtatools/src/numeric-arithmetic.h:469:28: remark: the cost-model indicates that vectorization is not beneficial [-Rpass-missed=loop-vectorize]
r-package/dtatools/src/numeric-arithmetic.h:469:28: remark: the cost-model indicates that interleaving is not beneficial [-Rpass-missed=loop-vectorize]
r-package/dtatools/src/numeric-arithmetic.h:469:28: remark: vectorized loop (vectorization width: 4, interleaved count: 4) [-Rpass=loop-vectorize]
r-package/dtatools/src/numeric-arithmetic.h:469:28: remark: loop not vectorized [-Rpass-missed=loop-vectorize]
r-package/dtatools/src/numeric-arithmetic.h:469:28: remark: loop not vectorized [-Rpass-missed=loop-vectorize]
r-package/dtatools/src/numeric-arithmetic.h:469:28: remark: loop not vectorized [-Rpass-missed=loop-vectorize]
r-package/dtatools/src/numeric-arithmetic.h:469:28: remark: loop not vectorized [-Rpass-missed=loop-vectorize]
r-package/dtatools/src/numeric-arithmetic.h:469:28: remark: loop not vectorized [-Rpass-missed=loop-vectorize]
r-package/dtatools/src/numeric-arithmetic.h:469:28: remark: loop not vectorized [-Rpass-missed=loop-vectorize]
r-package/dtatools/src/numeric-arithmetic.h:469:28: remark: loop not vectorized [-Rpass-missed=loop-vectorize]
r-package/dtatools/src/numeric-arithmetic.h:469:28: remark: loop not vectorized [-Rpass-missed=loop-vectorize]
r-package/dtatools/src/numeric-arithmetic.h:469:28: remark: vectorized loop (vectorization width: 2, interleaved count: 4) [-Rpass=loop-vectorize]
r-package/dtatools/src/numeric-arithmetic.h:469:28: remark: vectorized loop (vectorization width: 2, interleaved count: 4) [-Rpass=loop-vectorize]
r-package/dtatools/src/numeric-arithmetic.h:469:28: remark: vectorized loop (vectorization width: 2, interleaved count: 4) [-Rpass=loop-vectorize]
r-package/dtatools/src/numeric-arithmetic.h:469:28: remark: vectorized loop (vectorization width: 4, interleaved count: 4) [-Rpass=loop-vectorize]
r-package/dtatools/src/numeric-arithmetic.h:469:28: remark: the cost-model indicates that vectorization is not beneficial [-Rpass-missed=loop-vectorize]
r-package/dtatools/src/numeric-arithmetic.h:469:28: remark: the cost-model indicates that interleaving is not beneficial [-Rpass-missed=loop-vectorize]
r-package/dtatools/src/numeric-arithmetic.h:469:28: remark: the cost-model indicates that vectorization is not beneficial [-Rpass-missed=loop-vectorize]
r-package/dtatools/src/numeric-arithmetic.h:469:28: remark: the cost-model indicates that interleaving is not beneficial [-Rpass-missed=loop-vectorize]
r-package/dtatools/src/numeric-arithmetic.h:469:28: remark: the cost-model indicates that vectorization is not beneficial [-Rpass-missed=loop-vectorize]
r-package/dtatools/src/numeric-arithmetic.h:469:28: remark: the cost-model indicates that interleaving is not beneficial [-Rpass-missed=loop-vectorize]
r-package/dtatools/src/numeric-arithmetic.h:469:28: remark: vectorized loop (vectorization width: 2, interleaved count: 4) [-Rpass=loop-vectorize]
r-package/dtatools/src/numeric-arithmetic.h:469:28: remark: the cost-model indicates that vectorization is not beneficial [-Rpass-missed=loop-vectorize]
r-package/dtatools/src/numeric-arithmetic.h:469:28: remark: the cost-model indicates that interleaving is not beneficial [-Rpass-missed=loop-vectorize]
r-package/dtatools/src/numeric-arithmetic.h:469:28: remark: the cost-model indicates that vectorization is not beneficial [-Rpass-missed=loop-vectorize]
r-package/dtatools/src/numeric-arithmetic.h:469:28: remark: the cost-model indicates that interleaving is not beneficial [-Rpass-missed=loop-vectorize]
r-package/dtatools/src/numeric-arithmetic.h:469:28: remark: the cost-model indicates that vectorization is not beneficial [-Rpass-missed=loop-vectorize]
r-package/dtatools/src/numeric-arithmetic.h:469:28: remark: the cost-model indicates that interleaving is not beneficial [-Rpass-missed=loop-vectorize]
r-package/dtatools/src/numeric-arithmetic.h:469:28: remark: vectorized loop (vectorization width: 2, interleaved count: 4) [-Rpass=loop-vectorize]
r-package/dtatools/src/numeric-arithmetic.h:469:28: remark: the cost-model indicates that vectorization is not beneficial [-Rpass-missed=loop-vectorize]
r-package/dtatools/src/numeric-arithmetic.h:469:28: remark: the cost-model indicates that interleaving is not beneficial [-Rpass-missed=loop-vectorize]
r-package/dtatools/src/numeric-arithmetic.h:469:28: remark: the cost-model indicates that vectorization is not beneficial [-Rpass-missed=loop-vectorize]
r-package/dtatools/src/numeric-arithmetic.h:469:28: remark: the cost-model indicates that interleaving is not beneficial [-Rpass-missed=loop-vectorize]
r-package/dtatools/src/numeric-arithmetic.h:469:28: remark: the cost-model indicates that vectorization is not beneficial [-Rpass-missed=loop-vectorize]
r-package/dtatools/src/numeric-arithmetic.h:469:28: remark: the cost-model indicates that interleaving is not beneficial [-Rpass-missed=loop-vectorize]
r-package/dtatools/src/numeric-arithmetic.h:469:28: remark: vectorized loop (vectorization width: 2, interleaved count: 4) [-Rpass=loop-vectorize]
r-package/dtatools/src/numeric-arithmetic.h:470:29: remark: loop not vectorized [-Rpass-missed=loop-vectorize]
  470 |         case NUMERIC_FLOAT: ARITHMETIC_OPERATORS(ARITHMETIC_SPAN_LOOP, float); break;
      |                             ^
r-package/dtatools/src/numeric-arithmetic.h:470:29: remark: loop not vectorized [-Rpass-missed=loop-vectorize]
r-package/dtatools/src/numeric-arithmetic.h:470:29: remark: loop not vectorized [-Rpass-missed=loop-vectorize]
r-package/dtatools/src/numeric-arithmetic.h:470:29: remark: loop not vectorized [-Rpass-missed=loop-vectorize]
r-package/dtatools/src/numeric-arithmetic.h:470:29: remark: loop not vectorized [-Rpass-missed=loop-vectorize]
r-package/dtatools/src/numeric-arithmetic.h:470:29: remark: loop not vectorized [-Rpass-missed=loop-vectorize]
r-package/dtatools/src/numeric-arithmetic.h:470:29: remark: loop not vectorized [-Rpass-missed=loop-vectorize]
r-package/dtatools/src/numeric-arithmetic.h:470:29: remark: loop not vectorized [-Rpass-missed=loop-vectorize]
r-package/dtatools/src/numeric-arithmetic.h:470:29: remark: loop not vectorized [-Rpass-missed=loop-vectorize]
r-package/dtatools/src/numeric-arithmetic.h:470:29: remark: loop not vectorized [-Rpass-missed=loop-vectorize]
r-package/dtatools/src/numeric-arithmetic.h:470:29: remark: loop not vectorized [-Rpass-missed=loop-vectorize]
r-package/dtatools/src/numeric-arithmetic.h:470:29: remark: loop not vectorized [-Rpass-missed=loop-vectorize]
r-package/dtatools/src/numeric-arithmetic.h:470:29: remark: loop not vectorized [-Rpass-missed=loop-vectorize]
r-package/dtatools/src/numeric-arithmetic.h:470:29: remark: loop not vectorized [-Rpass-missed=loop-vectorize]
r-package/dtatools/src/numeric-arithmetic.h:470:29: remark: loop not vectorized [-Rpass-missed=loop-vectorize]
r-package/dtatools/src/numeric-arithmetic.h:470:29: remark: loop not vectorized [-Rpass-missed=loop-vectorize]
r-package/dtatools/src/numeric-arithmetic.h:470:29: remark: loop not vectorized [-Rpass-missed=loop-vectorize]
r-package/dtatools/src/numeric-arithmetic.h:470:29: remark: loop not vectorized [-Rpass-missed=loop-vectorize]
r-package/dtatools/src/numeric-arithmetic.h:470:29: remark: loop not vectorized [-Rpass-missed=loop-vectorize]
r-package/dtatools/src/numeric-arithmetic.h:470:29: remark: loop not vectorized [-Rpass-missed=loop-vectorize]
r-package/dtatools/src/numeric-arithmetic.h:470:29: remark: vectorized loop (vectorization width: 2, interleaved count: 2) [-Rpass=loop-vectorize]
r-package/dtatools/src/numeric-arithmetic.h:470:29: remark: vectorized loop (vectorization width: 2, interleaved count: 4) [-Rpass=loop-vectorize]
r-package/dtatools/src/numeric-arithmetic.h:470:29: remark: vectorized loop (vectorization width: 2, interleaved count: 4) [-Rpass=loop-vectorize]
r-package/dtatools/src/numeric-arithmetic.h:470:29: remark: vectorized loop (vectorization width: 8, interleaved count: 4) [-Rpass=loop-vectorize]
r-package/dtatools/src/numeric-arithmetic.h:470:29: remark: loop not vectorized [-Rpass-missed=loop-vectorize]
r-package/dtatools/src/numeric-arithmetic.h:470:29: remark: loop not vectorized [-Rpass-missed=loop-vectorize]
r-package/dtatools/src/numeric-arithmetic.h:470:29: remark: loop not vectorized [-Rpass-missed=loop-vectorize]
r-package/dtatools/src/numeric-arithmetic.h:470:29: remark: loop not vectorized [-Rpass-missed=loop-vectorize]
r-package/dtatools/src/numeric-arithmetic.h:470:29: remark: loop not vectorized [-Rpass-missed=loop-vectorize]
r-package/dtatools/src/numeric-arithmetic.h:470:29: remark: loop not vectorized [-Rpass-missed=loop-vectorize]
r-package/dtatools/src/numeric-arithmetic.h:470:29: remark: loop not vectorized [-Rpass-missed=loop-vectorize]
r-package/dtatools/src/numeric-arithmetic.h:470:29: remark: loop not vectorized [-Rpass-missed=loop-vectorize]
r-package/dtatools/src/numeric-arithmetic.h:470:29: remark: vectorized loop (vectorization width: 2, interleaved count: 2) [-Rpass=loop-vectorize]
r-package/dtatools/src/numeric-arithmetic.h:470:29: remark: vectorized loop (vectorization width: 2, interleaved count: 4) [-Rpass=loop-vectorize]
r-package/dtatools/src/numeric-arithmetic.h:470:29: remark: vectorized loop (vectorization width: 2, interleaved count: 4) [-Rpass=loop-vectorize]
r-package/dtatools/src/numeric-arithmetic.h:470:29: remark: vectorized loop (vectorization width: 4, interleaved count: 4) [-Rpass=loop-vectorize]
r-package/dtatools/src/numeric-arithmetic.h:470:29: remark: loop not vectorized [-Rpass-missed=loop-vectorize]
r-package/dtatools/src/numeric-arithmetic.h:470:29: remark: loop not vectorized [-Rpass-missed=loop-vectorize]
r-package/dtatools/src/numeric-arithmetic.h:470:29: remark: loop not vectorized [-Rpass-missed=loop-vectorize]
r-package/dtatools/src/numeric-arithmetic.h:470:29: remark: loop not vectorized [-Rpass-missed=loop-vectorize]
r-package/dtatools/src/numeric-arithmetic.h:470:29: remark: loop not vectorized [-Rpass-missed=loop-vectorize]
r-package/dtatools/src/numeric-arithmetic.h:470:29: remark: loop not vectorized [-Rpass-missed=loop-vectorize]
r-package/dtatools/src/numeric-arithmetic.h:470:29: remark: loop not vectorized [-Rpass-missed=loop-vectorize]
r-package/dtatools/src/numeric-arithmetic.h:470:29: remark: loop not vectorized [-Rpass-missed=loop-vectorize]
r-package/dtatools/src/numeric-arithmetic.h:470:29: remark: vectorized loop (vectorization width: 2, interleaved count: 2) [-Rpass=loop-vectorize]
r-package/dtatools/src/numeric-arithmetic.h:470:29: remark: vectorized loop (vectorization width: 2, interleaved count: 4) [-Rpass=loop-vectorize]
r-package/dtatools/src/numeric-arithmetic.h:470:29: remark: vectorized loop (vectorization width: 2, interleaved count: 4) [-Rpass=loop-vectorize]
r-package/dtatools/src/numeric-arithmetic.h:470:29: remark: vectorized loop (vectorization width: 4, interleaved count: 4) [-Rpass=loop-vectorize]
r-package/dtatools/src/numeric-arithmetic.h:470:29: remark: vectorized loop (vectorization width: 2, interleaved count: 4) [-Rpass=loop-vectorize]
r-package/dtatools/src/numeric-arithmetic.h:470:29: remark: the cost-model indicates that vectorization is not beneficial [-Rpass-missed=loop-vectorize]
r-package/dtatools/src/numeric-arithmetic.h:470:29: remark: the cost-model indicates that interleaving is not beneficial [-Rpass-missed=loop-vectorize]
r-package/dtatools/src/numeric-arithmetic.h:470:29: remark: the cost-model indicates that vectorization is not beneficial [-Rpass-missed=loop-vectorize]
r-package/dtatools/src/numeric-arithmetic.h:470:29: remark: the cost-model indicates that interleaving is not beneficial [-Rpass-missed=loop-vectorize]
r-package/dtatools/src/numeric-arithmetic.h:470:29: remark: vectorized loop (vectorization width: 2, interleaved count: 4) [-Rpass=loop-vectorize]
r-package/dtatools/src/numeric-arithmetic.h:470:29: remark: vectorized loop (vectorization width: 2, interleaved count: 4) [-Rpass=loop-vectorize]
r-package/dtatools/src/numeric-arithmetic.h:470:29: remark: the cost-model indicates that vectorization is not beneficial [-Rpass-missed=loop-vectorize]
r-package/dtatools/src/numeric-arithmetic.h:470:29: remark: the cost-model indicates that interleaving is not beneficial [-Rpass-missed=loop-vectorize]
r-package/dtatools/src/numeric-arithmetic.h:470:29: remark: the cost-model indicates that vectorization is not beneficial [-Rpass-missed=loop-vectorize]
r-package/dtatools/src/numeric-arithmetic.h:470:29: remark: the cost-model indicates that interleaving is not beneficial [-Rpass-missed=loop-vectorize]
r-package/dtatools/src/numeric-arithmetic.h:470:29: remark: vectorized loop (vectorization width: 2, interleaved count: 4) [-Rpass=loop-vectorize]
r-package/dtatools/src/numeric-arithmetic.h:470:29: remark: vectorized loop (vectorization width: 2, interleaved count: 4) [-Rpass=loop-vectorize]
r-package/dtatools/src/numeric-arithmetic.h:470:29: remark: the cost-model indicates that vectorization is not beneficial [-Rpass-missed=loop-vectorize]
r-package/dtatools/src/numeric-arithmetic.h:470:29: remark: the cost-model indicates that interleaving is not beneficial [-Rpass-missed=loop-vectorize]
r-package/dtatools/src/numeric-arithmetic.h:470:29: remark: the cost-model indicates that vectorization is not beneficial [-Rpass-missed=loop-vectorize]
r-package/dtatools/src/numeric-arithmetic.h:470:29: remark: the cost-model indicates that interleaving is not beneficial [-Rpass-missed=loop-vectorize]
r-package/dtatools/src/numeric-arithmetic.h:470:29: remark: vectorized loop (vectorization width: 2, interleaved count: 4) [-Rpass=loop-vectorize]
r-package/dtatools/src/numeric-arithmetic.h:470:29: remark: loop not vectorized [-Rpass-missed=loop-vectorize]
r-package/dtatools/src/numeric-arithmetic.h:470:29: remark: loop not vectorized [-Rpass-missed=loop-vectorize]
r-package/dtatools/src/numeric-arithmetic.h:470:29: remark: loop not vectorized [-Rpass-missed=loop-vectorize]
r-package/dtatools/src/numeric-arithmetic.h:470:29: remark: loop not vectorized [-Rpass-missed=loop-vectorize]
r-package/dtatools/src/numeric-arithmetic.h:470:29: remark: loop not vectorized [-Rpass-missed=loop-vectorize]
r-package/dtatools/src/numeric-arithmetic.h:470:29: remark: loop not vectorized [-Rpass-missed=loop-vectorize]
r-package/dtatools/src/numeric-arithmetic.h:470:29: remark: loop not vectorized [-Rpass-missed=loop-vectorize]
r-package/dtatools/src/numeric-arithmetic.h:470:29: remark: loop not vectorized [-Rpass-missed=loop-vectorize]
r-package/dtatools/src/numeric-arithmetic.h:470:29: remark: loop not vectorized [-Rpass-missed=loop-vectorize]
r-package/dtatools/src/numeric-arithmetic.h:470:29: remark: loop not vectorized [-Rpass-missed=loop-vectorize]
r-package/dtatools/src/numeric-arithmetic.h:470:29: remark: loop not vectorized [-Rpass-missed=loop-vectorize]
r-package/dtatools/src/numeric-arithmetic.h:470:29: remark: loop not vectorized [-Rpass-missed=loop-vectorize]
r-package/dtatools/src/numeric-arithmetic.h:470:29: remark: loop not vectorized [-Rpass-missed=loop-vectorize]
r-package/dtatools/src/numeric-arithmetic.h:470:29: remark: loop not vectorized [-Rpass-missed=loop-vectorize]
r-package/dtatools/src/numeric-arithmetic.h:470:29: remark: loop not vectorized [-Rpass-missed=loop-vectorize]
r-package/dtatools/src/numeric-arithmetic.h:470:29: remark: loop not vectorized [-Rpass-missed=loop-vectorize]
r-package/dtatools/src/numeric-arithmetic.h:470:29: remark: loop not vectorized [-Rpass-missed=loop-vectorize]
r-package/dtatools/src/numeric-arithmetic.h:470:29: remark: loop not vectorized [-Rpass-missed=loop-vectorize]
r-package/dtatools/src/numeric-arithmetic.h:470:29: remark: loop not vectorized [-Rpass-missed=loop-vectorize]
r-package/dtatools/src/numeric-arithmetic.h:470:29: remark: loop not vectorized [-Rpass-missed=loop-vectorize]
r-package/dtatools/src/numeric-arithmetic.h:470:29: remark: vectorized loop (vectorization width: 2, interleaved count: 2) [-Rpass=loop-vectorize]
r-package/dtatools/src/numeric-arithmetic.h:470:29: remark: vectorized loop (vectorization width: 2, interleaved count: 4) [-Rpass=loop-vectorize]
r-package/dtatools/src/numeric-arithmetic.h:470:29: remark: vectorized loop (vectorization width: 2, interleaved count: 4) [-Rpass=loop-vectorize]
r-package/dtatools/src/numeric-arithmetic.h:470:29: remark: vectorized loop (vectorization width: 8, interleaved count: 4) [-Rpass=loop-vectorize]
r-package/dtatools/src/numeric-arithmetic.h:470:29: remark: loop not vectorized [-Rpass-missed=loop-vectorize]
r-package/dtatools/src/numeric-arithmetic.h:470:29: remark: loop not vectorized [-Rpass-missed=loop-vectorize]
r-package/dtatools/src/numeric-arithmetic.h:470:29: remark: loop not vectorized [-Rpass-missed=loop-vectorize]
r-package/dtatools/src/numeric-arithmetic.h:470:29: remark: loop not vectorized [-Rpass-missed=loop-vectorize]
r-package/dtatools/src/numeric-arithmetic.h:470:29: remark: loop not vectorized [-Rpass-missed=loop-vectorize]
r-package/dtatools/src/numeric-arithmetic.h:470:29: remark: loop not vectorized [-Rpass-missed=loop-vectorize]
r-package/dtatools/src/numeric-arithmetic.h:470:29: remark: loop not vectorized [-Rpass-missed=loop-vectorize]
r-package/dtatools/src/numeric-arithmetic.h:470:29: remark: loop not vectorized [-Rpass-missed=loop-vectorize]
r-package/dtatools/src/numeric-arithmetic.h:470:29: remark: vectorized loop (vectorization width: 2, interleaved count: 2) [-Rpass=loop-vectorize]
r-package/dtatools/src/numeric-arithmetic.h:470:29: remark: vectorized loop (vectorization width: 2, interleaved count: 4) [-Rpass=loop-vectorize]
r-package/dtatools/src/numeric-arithmetic.h:470:29: remark: vectorized loop (vectorization width: 2, interleaved count: 4) [-Rpass=loop-vectorize]
r-package/dtatools/src/numeric-arithmetic.h:470:29: remark: vectorized loop (vectorization width: 4, interleaved count: 4) [-Rpass=loop-vectorize]
r-package/dtatools/src/numeric-arithmetic.h:470:29: remark: loop not vectorized [-Rpass-missed=loop-vectorize]
r-package/dtatools/src/numeric-arithmetic.h:470:29: remark: loop not vectorized [-Rpass-missed=loop-vectorize]
r-package/dtatools/src/numeric-arithmetic.h:470:29: remark: loop not vectorized [-Rpass-missed=loop-vectorize]
r-package/dtatools/src/numeric-arithmetic.h:470:29: remark: loop not vectorized [-Rpass-missed=loop-vectorize]
r-package/dtatools/src/numeric-arithmetic.h:470:29: remark: loop not vectorized [-Rpass-missed=loop-vectorize]
r-package/dtatools/src/numeric-arithmetic.h:470:29: remark: loop not vectorized [-Rpass-missed=loop-vectorize]
r-package/dtatools/src/numeric-arithmetic.h:470:29: remark: loop not vectorized [-Rpass-missed=loop-vectorize]
r-package/dtatools/src/numeric-arithmetic.h:470:29: remark: loop not vectorized [-Rpass-missed=loop-vectorize]
r-package/dtatools/src/numeric-arithmetic.h:470:29: remark: vectorized loop (vectorization width: 2, interleaved count: 2) [-Rpass=loop-vectorize]
r-package/dtatools/src/numeric-arithmetic.h:470:29: remark: vectorized loop (vectorization width: 2, interleaved count: 4) [-Rpass=loop-vectorize]
r-package/dtatools/src/numeric-arithmetic.h:470:29: remark: vectorized loop (vectorization width: 2, interleaved count: 4) [-Rpass=loop-vectorize]
r-package/dtatools/src/numeric-arithmetic.h:470:29: remark: vectorized loop (vectorization width: 4, interleaved count: 4) [-Rpass=loop-vectorize]
r-package/dtatools/src/numeric-arithmetic.h:470:29: remark: vectorized loop (vectorization width: 2, interleaved count: 4) [-Rpass=loop-vectorize]
r-package/dtatools/src/numeric-arithmetic.h:470:29: remark: the cost-model indicates that vectorization is not beneficial [-Rpass-missed=loop-vectorize]
r-package/dtatools/src/numeric-arithmetic.h:470:29: remark: the cost-model indicates that interleaving is not beneficial [-Rpass-missed=loop-vectorize]
r-package/dtatools/src/numeric-arithmetic.h:470:29: remark: the cost-model indicates that vectorization is not beneficial [-Rpass-missed=loop-vectorize]
r-package/dtatools/src/numeric-arithmetic.h:470:29: remark: the cost-model indicates that interleaving is not beneficial [-Rpass-missed=loop-vectorize]
r-package/dtatools/src/numeric-arithmetic.h:470:29: remark: vectorized loop (vectorization width: 2, interleaved count: 4) [-Rpass=loop-vectorize]
r-package/dtatools/src/numeric-arithmetic.h:470:29: remark: vectorized loop (vectorization width: 2, interleaved count: 4) [-Rpass=loop-vectorize]
r-package/dtatools/src/numeric-arithmetic.h:470:29: remark: the cost-model indicates that vectorization is not beneficial [-Rpass-missed=loop-vectorize]
r-package/dtatools/src/numeric-arithmetic.h:470:29: remark: the cost-model indicates that interleaving is not beneficial [-Rpass-missed=loop-vectorize]
r-package/dtatools/src/numeric-arithmetic.h:470:29: remark: the cost-model indicates that vectorization is not beneficial [-Rpass-missed=loop-vectorize]
r-package/dtatools/src/numeric-arithmetic.h:470:29: remark: the cost-model indicates that interleaving is not beneficial [-Rpass-missed=loop-vectorize]
r-package/dtatools/src/numeric-arithmetic.h:470:29: remark: vectorized loop (vectorization width: 2, interleaved count: 4) [-Rpass=loop-vectorize]
r-package/dtatools/src/numeric-arithmetic.h:470:29: remark: vectorized loop (vectorization width: 2, interleaved count: 4) [-Rpass=loop-vectorize]
r-package/dtatools/src/numeric-arithmetic.h:470:29: remark: the cost-model indicates that vectorization is not beneficial [-Rpass-missed=loop-vectorize]
r-package/dtatools/src/numeric-arithmetic.h:470:29: remark: the cost-model indicates that interleaving is not beneficial [-Rpass-missed=loop-vectorize]
r-package/dtatools/src/numeric-arithmetic.h:470:29: remark: the cost-model indicates that vectorization is not beneficial [-Rpass-missed=loop-vectorize]
r-package/dtatools/src/numeric-arithmetic.h:470:29: remark: the cost-model indicates that interleaving is not beneficial [-Rpass-missed=loop-vectorize]
r-package/dtatools/src/numeric-arithmetic.h:470:29: remark: vectorized loop (vectorization width: 2, interleaved count: 4) [-Rpass=loop-vectorize]
r-package/dtatools/src/numeric-arithmetic.h:470:29: remark: loop not vectorized [-Rpass-missed=loop-vectorize]
r-package/dtatools/src/numeric-arithmetic.h:470:29: remark: loop not vectorized [-Rpass-missed=loop-vectorize]
r-package/dtatools/src/numeric-arithmetic.h:470:29: remark: loop not vectorized [-Rpass-missed=loop-vectorize]
r-package/dtatools/src/numeric-arithmetic.h:470:29: remark: loop not vectorized [-Rpass-missed=loop-vectorize]
r-package/dtatools/src/numeric-arithmetic.h:470:29: remark: loop not vectorized [-Rpass-missed=loop-vectorize]
r-package/dtatools/src/numeric-arithmetic.h:470:29: remark: loop not vectorized [-Rpass-missed=loop-vectorize]
r-package/dtatools/src/numeric-arithmetic.h:470:29: remark: loop not vectorized [-Rpass-missed=loop-vectorize]
r-package/dtatools/src/numeric-arithmetic.h:470:29: remark: loop not vectorized [-Rpass-missed=loop-vectorize]
r-package/dtatools/src/numeric-arithmetic.h:470:29: remark: loop not vectorized [-Rpass-missed=loop-vectorize]
r-package/dtatools/src/numeric-arithmetic.h:470:29: remark: loop not vectorized [-Rpass-missed=loop-vectorize]
r-package/dtatools/src/numeric-arithmetic.h:470:29: remark: loop not vectorized [-Rpass-missed=loop-vectorize]
r-package/dtatools/src/numeric-arithmetic.h:470:29: remark: loop not vectorized [-Rpass-missed=loop-vectorize]
r-package/dtatools/src/numeric-arithmetic.h:470:29: remark: loop not vectorized [-Rpass-missed=loop-vectorize]
r-package/dtatools/src/numeric-arithmetic.h:470:29: remark: loop not vectorized [-Rpass-missed=loop-vectorize]
r-package/dtatools/src/numeric-arithmetic.h:470:29: remark: loop not vectorized [-Rpass-missed=loop-vectorize]
r-package/dtatools/src/numeric-arithmetic.h:470:29: remark: loop not vectorized [-Rpass-missed=loop-vectorize]
r-package/dtatools/src/numeric-arithmetic.h:470:29: remark: loop not vectorized [-Rpass-missed=loop-vectorize]
r-package/dtatools/src/numeric-arithmetic.h:470:29: remark: loop not vectorized [-Rpass-missed=loop-vectorize]
r-package/dtatools/src/numeric-arithmetic.h:470:29: remark: loop not vectorized [-Rpass-missed=loop-vectorize]
r-package/dtatools/src/numeric-arithmetic.h:470:29: remark: loop not vectorized [-Rpass-missed=loop-vectorize]
r-package/dtatools/src/numeric-arithmetic.h:470:29: remark: vectorized loop (vectorization width: 2, interleaved count: 2) [-Rpass=loop-vectorize]
r-package/dtatools/src/numeric-arithmetic.h:470:29: remark: vectorized loop (vectorization width: 2, interleaved count: 4) [-Rpass=loop-vectorize]
r-package/dtatools/src/numeric-arithmetic.h:470:29: remark: vectorized loop (vectorization width: 2, interleaved count: 4) [-Rpass=loop-vectorize]
r-package/dtatools/src/numeric-arithmetic.h:470:29: remark: vectorized loop (vectorization width: 8, interleaved count: 4) [-Rpass=loop-vectorize]
r-package/dtatools/src/numeric-arithmetic.h:470:29: remark: loop not vectorized [-Rpass-missed=loop-vectorize]
r-package/dtatools/src/numeric-arithmetic.h:470:29: remark: loop not vectorized [-Rpass-missed=loop-vectorize]
r-package/dtatools/src/numeric-arithmetic.h:470:29: remark: loop not vectorized [-Rpass-missed=loop-vectorize]
r-package/dtatools/src/numeric-arithmetic.h:470:29: remark: loop not vectorized [-Rpass-missed=loop-vectorize]
r-package/dtatools/src/numeric-arithmetic.h:470:29: remark: loop not vectorized [-Rpass-missed=loop-vectorize]
r-package/dtatools/src/numeric-arithmetic.h:470:29: remark: loop not vectorized [-Rpass-missed=loop-vectorize]
r-package/dtatools/src/numeric-arithmetic.h:470:29: remark: loop not vectorized [-Rpass-missed=loop-vectorize]
r-package/dtatools/src/numeric-arithmetic.h:470:29: remark: loop not vectorized [-Rpass-missed=loop-vectorize]
r-package/dtatools/src/numeric-arithmetic.h:470:29: remark: vectorized loop (vectorization width: 2, interleaved count: 2) [-Rpass=loop-vectorize]
r-package/dtatools/src/numeric-arithmetic.h:470:29: remark: vectorized loop (vectorization width: 2, interleaved count: 4) [-Rpass=loop-vectorize]
r-package/dtatools/src/numeric-arithmetic.h:470:29: remark: vectorized loop (vectorization width: 2, interleaved count: 4) [-Rpass=loop-vectorize]
r-package/dtatools/src/numeric-arithmetic.h:470:29: remark: vectorized loop (vectorization width: 4, interleaved count: 4) [-Rpass=loop-vectorize]
r-package/dtatools/src/numeric-arithmetic.h:470:29: remark: loop not vectorized [-Rpass-missed=loop-vectorize]
r-package/dtatools/src/numeric-arithmetic.h:470:29: remark: loop not vectorized [-Rpass-missed=loop-vectorize]
r-package/dtatools/src/numeric-arithmetic.h:470:29: remark: loop not vectorized [-Rpass-missed=loop-vectorize]
r-package/dtatools/src/numeric-arithmetic.h:470:29: remark: loop not vectorized [-Rpass-missed=loop-vectorize]
r-package/dtatools/src/numeric-arithmetic.h:470:29: remark: loop not vectorized [-Rpass-missed=loop-vectorize]
r-package/dtatools/src/numeric-arithmetic.h:470:29: remark: loop not vectorized [-Rpass-missed=loop-vectorize]
r-package/dtatools/src/numeric-arithmetic.h:470:29: remark: loop not vectorized [-Rpass-missed=loop-vectorize]
r-package/dtatools/src/numeric-arithmetic.h:470:29: remark: loop not vectorized [-Rpass-missed=loop-vectorize]
r-package/dtatools/src/numeric-arithmetic.h:470:29: remark: vectorized loop (vectorization width: 2, interleaved count: 2) [-Rpass=loop-vectorize]
r-package/dtatools/src/numeric-arithmetic.h:470:29: remark: vectorized loop (vectorization width: 2, interleaved count: 4) [-Rpass=loop-vectorize]
r-package/dtatools/src/numeric-arithmetic.h:470:29: remark: vectorized loop (vectorization width: 2, interleaved count: 4) [-Rpass=loop-vectorize]
r-package/dtatools/src/numeric-arithmetic.h:470:29: remark: vectorized loop (vectorization width: 4, interleaved count: 4) [-Rpass=loop-vectorize]
r-package/dtatools/src/numeric-arithmetic.h:470:29: remark: vectorized loop (vectorization width: 2, interleaved count: 4) [-Rpass=loop-vectorize]
r-package/dtatools/src/numeric-arithmetic.h:470:29: remark: the cost-model indicates that vectorization is not beneficial [-Rpass-missed=loop-vectorize]
r-package/dtatools/src/numeric-arithmetic.h:470:29: remark: the cost-model indicates that interleaving is not beneficial [-Rpass-missed=loop-vectorize]
r-package/dtatools/src/numeric-arithmetic.h:470:29: remark: the cost-model indicates that vectorization is not beneficial [-Rpass-missed=loop-vectorize]
r-package/dtatools/src/numeric-arithmetic.h:470:29: remark: the cost-model indicates that interleaving is not beneficial [-Rpass-missed=loop-vectorize]
r-package/dtatools/src/numeric-arithmetic.h:470:29: remark: vectorized loop (vectorization width: 2, interleaved count: 4) [-Rpass=loop-vectorize]
r-package/dtatools/src/numeric-arithmetic.h:470:29: remark: vectorized loop (vectorization width: 2, interleaved count: 4) [-Rpass=loop-vectorize]
r-package/dtatools/src/numeric-arithmetic.h:470:29: remark: the cost-model indicates that vectorization is not beneficial [-Rpass-missed=loop-vectorize]
r-package/dtatools/src/numeric-arithmetic.h:470:29: remark: the cost-model indicates that interleaving is not beneficial [-Rpass-missed=loop-vectorize]
r-package/dtatools/src/numeric-arithmetic.h:470:29: remark: the cost-model indicates that vectorization is not beneficial [-Rpass-missed=loop-vectorize]
r-package/dtatools/src/numeric-arithmetic.h:470:29: remark: the cost-model indicates that interleaving is not beneficial [-Rpass-missed=loop-vectorize]
r-package/dtatools/src/numeric-arithmetic.h:470:29: remark: vectorized loop (vectorization width: 2, interleaved count: 4) [-Rpass=loop-vectorize]
r-package/dtatools/src/numeric-arithmetic.h:470:29: remark: vectorized loop (vectorization width: 2, interleaved count: 4) [-Rpass=loop-vectorize]
r-package/dtatools/src/numeric-arithmetic.h:470:29: remark: the cost-model indicates that vectorization is not beneficial [-Rpass-missed=loop-vectorize]
r-package/dtatools/src/numeric-arithmetic.h:470:29: remark: the cost-model indicates that interleaving is not beneficial [-Rpass-missed=loop-vectorize]
r-package/dtatools/src/numeric-arithmetic.h:470:29: remark: the cost-model indicates that vectorization is not beneficial [-Rpass-missed=loop-vectorize]
r-package/dtatools/src/numeric-arithmetic.h:470:29: remark: the cost-model indicates that interleaving is not beneficial [-Rpass-missed=loop-vectorize]
r-package/dtatools/src/numeric-arithmetic.h:470:29: remark: vectorized loop (vectorization width: 2, interleaved count: 4) [-Rpass=loop-vectorize]
r-package/dtatools/src/numeric-arithmetic.h:470:29: remark: loop not vectorized [-Rpass-missed=loop-vectorize]
r-package/dtatools/src/numeric-arithmetic.h:470:29: remark: loop not vectorized [-Rpass-missed=loop-vectorize]
r-package/dtatools/src/numeric-arithmetic.h:470:29: remark: loop not vectorized [-Rpass-missed=loop-vectorize]
r-package/dtatools/src/numeric-arithmetic.h:470:29: remark: loop not vectorized [-Rpass-missed=loop-vectorize]
r-package/dtatools/src/numeric-arithmetic.h:470:29: remark: loop not vectorized [-Rpass-missed=loop-vectorize]
r-package/dtatools/src/numeric-arithmetic.h:470:29: remark: loop not vectorized [-Rpass-missed=loop-vectorize]
r-package/dtatools/src/numeric-arithmetic.h:470:29: remark: loop not vectorized [-Rpass-missed=loop-vectorize]
r-package/dtatools/src/numeric-arithmetic.h:470:29: remark: loop not vectorized [-Rpass-missed=loop-vectorize]
r-package/dtatools/src/numeric-arithmetic.h:470:29: remark: loop not vectorized [-Rpass-missed=loop-vectorize]
r-package/dtatools/src/numeric-arithmetic.h:470:29: remark: loop not vectorized [-Rpass-missed=loop-vectorize]
r-package/dtatools/src/numeric-arithmetic.h:470:29: remark: loop not vectorized [-Rpass-missed=loop-vectorize]
r-package/dtatools/src/numeric-arithmetic.h:470:29: remark: loop not vectorized [-Rpass-missed=loop-vectorize]
r-package/dtatools/src/numeric-arithmetic.h:470:29: remark: loop not vectorized [-Rpass-missed=loop-vectorize]
r-package/dtatools/src/numeric-arithmetic.h:470:29: remark: loop not vectorized [-Rpass-missed=loop-vectorize]
r-package/dtatools/src/numeric-arithmetic.h:470:29: remark: loop not vectorized [-Rpass-missed=loop-vectorize]
r-package/dtatools/src/numeric-arithmetic.h:470:29: remark: loop not vectorized [-Rpass-missed=loop-vectorize]
r-package/dtatools/src/numeric-arithmetic.h:470:29: remark: loop not vectorized [-Rpass-missed=loop-vectorize]
r-package/dtatools/src/numeric-arithmetic.h:470:29: remark: loop not vectorized [-Rpass-missed=loop-vectorize]
r-package/dtatools/src/numeric-arithmetic.h:470:29: remark: loop not vectorized [-Rpass-missed=loop-vectorize]
r-package/dtatools/src/numeric-arithmetic.h:470:29: remark: loop not vectorized [-Rpass-missed=loop-vectorize]
r-package/dtatools/src/numeric-arithmetic.h:470:29: remark: vectorized loop (vectorization width: 2, interleaved count: 2) [-Rpass=loop-vectorize]
r-package/dtatools/src/numeric-arithmetic.h:470:29: remark: vectorized loop (vectorization width: 2, interleaved count: 4) [-Rpass=loop-vectorize]
r-package/dtatools/src/numeric-arithmetic.h:470:29: remark: vectorized loop (vectorization width: 2, interleaved count: 4) [-Rpass=loop-vectorize]
r-package/dtatools/src/numeric-arithmetic.h:470:29: remark: vectorized loop (vectorization width: 8, interleaved count: 4) [-Rpass=loop-vectorize]
r-package/dtatools/src/numeric-arithmetic.h:470:29: remark: loop not vectorized [-Rpass-missed=loop-vectorize]
r-package/dtatools/src/numeric-arithmetic.h:470:29: remark: loop not vectorized [-Rpass-missed=loop-vectorize]
r-package/dtatools/src/numeric-arithmetic.h:470:29: remark: loop not vectorized [-Rpass-missed=loop-vectorize]
r-package/dtatools/src/numeric-arithmetic.h:470:29: remark: loop not vectorized [-Rpass-missed=loop-vectorize]
r-package/dtatools/src/numeric-arithmetic.h:470:29: remark: loop not vectorized [-Rpass-missed=loop-vectorize]
r-package/dtatools/src/numeric-arithmetic.h:470:29: remark: loop not vectorized [-Rpass-missed=loop-vectorize]
r-package/dtatools/src/numeric-arithmetic.h:470:29: remark: loop not vectorized [-Rpass-missed=loop-vectorize]
r-package/dtatools/src/numeric-arithmetic.h:470:29: remark: loop not vectorized [-Rpass-missed=loop-vectorize]
r-package/dtatools/src/numeric-arithmetic.h:470:29: remark: vectorized loop (vectorization width: 2, interleaved count: 2) [-Rpass=loop-vectorize]
r-package/dtatools/src/numeric-arithmetic.h:470:29: remark: vectorized loop (vectorization width: 2, interleaved count: 4) [-Rpass=loop-vectorize]
r-package/dtatools/src/numeric-arithmetic.h:470:29: remark: vectorized loop (vectorization width: 2, interleaved count: 4) [-Rpass=loop-vectorize]
r-package/dtatools/src/numeric-arithmetic.h:470:29: remark: vectorized loop (vectorization width: 4, interleaved count: 4) [-Rpass=loop-vectorize]
r-package/dtatools/src/numeric-arithmetic.h:470:29: remark: loop not vectorized [-Rpass-missed=loop-vectorize]
r-package/dtatools/src/numeric-arithmetic.h:470:29: remark: loop not vectorized [-Rpass-missed=loop-vectorize]
r-package/dtatools/src/numeric-arithmetic.h:470:29: remark: loop not vectorized [-Rpass-missed=loop-vectorize]
r-package/dtatools/src/numeric-arithmetic.h:470:29: remark: loop not vectorized [-Rpass-missed=loop-vectorize]
r-package/dtatools/src/numeric-arithmetic.h:470:29: remark: loop not vectorized [-Rpass-missed=loop-vectorize]
r-package/dtatools/src/numeric-arithmetic.h:470:29: remark: loop not vectorized [-Rpass-missed=loop-vectorize]
r-package/dtatools/src/numeric-arithmetic.h:470:29: remark: loop not vectorized [-Rpass-missed=loop-vectorize]
r-package/dtatools/src/numeric-arithmetic.h:470:29: remark: loop not vectorized [-Rpass-missed=loop-vectorize]
r-package/dtatools/src/numeric-arithmetic.h:470:29: remark: vectorized loop (vectorization width: 2, interleaved count: 2) [-Rpass=loop-vectorize]
r-package/dtatools/src/numeric-arithmetic.h:470:29: remark: vectorized loop (vectorization width: 2, interleaved count: 4) [-Rpass=loop-vectorize]
r-package/dtatools/src/numeric-arithmetic.h:470:29: remark: vectorized loop (vectorization width: 2, interleaved count: 4) [-Rpass=loop-vectorize]
r-package/dtatools/src/numeric-arithmetic.h:470:29: remark: vectorized loop (vectorization width: 4, interleaved count: 4) [-Rpass=loop-vectorize]
r-package/dtatools/src/numeric-arithmetic.h:470:29: remark: vectorized loop (vectorization width: 2, interleaved count: 4) [-Rpass=loop-vectorize]
r-package/dtatools/src/numeric-arithmetic.h:470:29: remark: the cost-model indicates that vectorization is not beneficial [-Rpass-missed=loop-vectorize]
r-package/dtatools/src/numeric-arithmetic.h:470:29: remark: the cost-model indicates that interleaving is not beneficial [-Rpass-missed=loop-vectorize]
r-package/dtatools/src/numeric-arithmetic.h:470:29: remark: the cost-model indicates that vectorization is not beneficial [-Rpass-missed=loop-vectorize]
r-package/dtatools/src/numeric-arithmetic.h:470:29: remark: the cost-model indicates that interleaving is not beneficial [-Rpass-missed=loop-vectorize]
r-package/dtatools/src/numeric-arithmetic.h:470:29: remark: vectorized loop (vectorization width: 2, interleaved count: 4) [-Rpass=loop-vectorize]
r-package/dtatools/src/numeric-arithmetic.h:470:29: remark: vectorized loop (vectorization width: 2, interleaved count: 4) [-Rpass=loop-vectorize]
r-package/dtatools/src/numeric-arithmetic.h:470:29: remark: the cost-model indicates that vectorization is not beneficial [-Rpass-missed=loop-vectorize]
r-package/dtatools/src/numeric-arithmetic.h:470:29: remark: the cost-model indicates that interleaving is not beneficial [-Rpass-missed=loop-vectorize]
r-package/dtatools/src/numeric-arithmetic.h:470:29: remark: the cost-model indicates that vectorization is not beneficial [-Rpass-missed=loop-vectorize]
r-package/dtatools/src/numeric-arithmetic.h:470:29: remark: the cost-model indicates that interleaving is not beneficial [-Rpass-missed=loop-vectorize]
r-package/dtatools/src/numeric-arithmetic.h:470:29: remark: vectorized loop (vectorization width: 2, interleaved count: 4) [-Rpass=loop-vectorize]
r-package/dtatools/src/numeric-arithmetic.h:470:29: remark: vectorized loop (vectorization width: 2, interleaved count: 4) [-Rpass=loop-vectorize]
r-package/dtatools/src/numeric-arithmetic.h:470:29: remark: the cost-model indicates that vectorization is not beneficial [-Rpass-missed=loop-vectorize]
r-package/dtatools/src/numeric-arithmetic.h:470:29: remark: the cost-model indicates that interleaving is not beneficial [-Rpass-missed=loop-vectorize]
r-package/dtatools/src/numeric-arithmetic.h:470:29: remark: the cost-model indicates that vectorization is not beneficial [-Rpass-missed=loop-vectorize]
r-package/dtatools/src/numeric-arithmetic.h:470:29: remark: the cost-model indicates that interleaving is not beneficial [-Rpass-missed=loop-vectorize]
r-package/dtatools/src/numeric-arithmetic.h:470:29: remark: vectorized loop (vectorization width: 2, interleaved count: 4) [-Rpass=loop-vectorize]
r-package/dtatools/src/numeric-payload.c:4242:9: remark: loop not vectorized [-Rpass-missed=loop-vectorize]
 4242 |         SCALAR_COMPACT_INTEGER_LOOP(int32_t, -2147483647LL, 2147483620LL); break;
      |         ^
r-package/dtatools/src/numeric-payload.c:4239:9: remark: loop not vectorized [-Rpass-missed=loop-vectorize]
 4239 |         SCALAR_COMPACT_INTEGER_LOOP(int16_t, -32767, 32740); break;
      |         ^
r-package/dtatools/src/numeric-payload.c:4236:9: remark: loop not vectorized [-Rpass-missed=loop-vectorize]
 4236 |         SCALAR_COMPACT_INTEGER_LOOP(int8_t, -127, 100); break;
      |         ^
r-package/dtatools/src/numeric-payload.c:4261:9: remark: loop not vectorized [-Rpass-missed=loop-vectorize]
 4261 |         for (size_t i = start; i < end; i++) {
      |         ^
r-package/dtatools/src/numeric-payload.c:4322:13: remark: loop not vectorized [-Rpass-missed=loop-vectorize]
 4322 |             SCALAR_COMPACT_SAME_LOOP(float, 0.0, float_limit, 1); break;
      |             ^
r-package/dtatools/src/numeric-payload.c:4320:13: remark: loop not vectorized [-Rpass-missed=loop-vectorize]
 4320 |             SCALAR_COMPACT_SAME_LOOP(int32_t, -2147483647.0, 2147483620.0, 0); break;
      |             ^
r-package/dtatools/src/numeric-payload.c:4318:13: remark: loop not vectorized [-Rpass-missed=loop-vectorize]
 4318 |             SCALAR_COMPACT_SAME_LOOP(int16_t, -32767, 32740, 0); break;
      |             ^
r-package/dtatools/src/numeric-payload.c:4316:13: remark: loop not vectorized [-Rpass-missed=loop-vectorize]
 4316 |             SCALAR_COMPACT_SAME_LOOP(int8_t, -127, 100, 0); break;
      |             ^
r-package/dtatools/src/numeric-payload.c:4333:9: remark: loop not vectorized [-Rpass-missed=loop-vectorize]
 4333 |         for (size_t i = 0; i < count; i++) {
      |         ^
r-package/dtatools/src/numeric-payload.c:4176:9: remark: loop not vectorized [-Rpass-missed=loop-vectorize]
 4176 |         for (size_t i = 0; i < count; i++) {
      |         ^
r-package/dtatools/src/numeric-payload.c:5259:5: remark: loop not vectorized [-Rpass-missed=loop-vectorize]
 5259 |     for (int depth = 0; depth < 16 && env != R_EmptyEnv; depth++) {
      |     ^
r-package/dtatools/src/numeric-payload.c:4929:5: remark: loop not vectorized [-Rpass-missed=loop-vectorize]
 4929 |     for (size_t i = 0; i < sizeof(strict_double_predicate_names) /
      |     ^
