variant,round,threads,missing,operation,representation,position,rows,repetitions,cpu,wall,result_hash,input_hash,y_hash,compact_before,compact_after,materialized_before,materialized_after,y_compact_before,y_compact_after,y_materialized_before,y_materialized_after,metadata_x,metadata_y,native_qualified
baseline,1,1,FALSE,pair_less,ordinary,1,1000000,351,0.253,0.253,1c8e3c0969ca721d10f0cff30d1542de0795d4b1afd81dbeab684b22fd53e2e5,7f1c1a27229f7a699fa85ff90b5be1266497c462407b39b11f6d94015af8e8ad,d3066ce6e3c19763df09d2ef9185666a6f96f99e57743c9f8038e3cb90e15c4f,FALSE,FALSE,FALSE,FALSE,FALSE,FALSE,FALSE,FALSE,71557d1c8bac9bbe3cbec8d00bb223a2f372279827064095447e569fbf5a760a,71557d1c8bac9bbe3cbec8d00bb223a2f372279827064095447e569fbf5a760a,FALSE
baseline,1,1,FALSE,pair_less,compact,2,1000000,458,0.313,0.314,1c8e3c0969ca721d10f0cff30d1542de0795d4b1afd81dbeab684b22fd53e2e5,7f1c1a27229f7a699fa85ff90b5be1266497c462407b39b11f6d94015af8e8ad,d3066ce6e3c19763df09d2ef9185666a6f96f99e57743c9f8038e3cb90e15c4f,TRUE,TRUE,FALSE,FALSE,TRUE,TRUE,FALSE,FALSE,0418a77b7087897a0ead6e10b9da2953bfee2ad9da1470ca98b7664e364a3024,0418a77b7087897a0ead6e10b9da2953bfee2ad9da1470ca98b7664e364a3024,TRUE
baseline,1,1,FALSE,pair_less,typed_double,3,1000000,185,0.3,0.301,1c8e3c0969ca721d10f0cff30d1542de0795d4b1afd81dbeab684b22fd53e2e5,7f1c1a27229f7a699fa85ff90b5be1266497c462407b39b11f6d94015af8e8ad,d3066ce6e3c19763df09d2ef9185666a6f96f99e57743c9f8038e3cb90e15c4f,FALSE,FALSE,FALSE,FALSE,FALSE,FALSE,FALSE,FALSE,e8c2c3714dfad8ccb787de83956aff6eadd8f5bf3b515e0083ff8aeca241ab2d,e8c2c3714dfad8ccb787de83956aff6eadd8f5bf3b515e0083ff8aeca241ab2d,TRUE
baseline,1,1,FALSE,scalar_less,compact,1,1000000,982,0.291,0.291,888be2318f047338553582f6247bd3d4f93d26181da856e938a6787f24c386c8,7f1c1a27229f7a699fa85ff90b5be1266497c462407b39b11f6d94015af8e8ad,d3066ce6e3c19763df09d2ef9185666a6f96f99e57743c9f8038e3cb90e15c4f,TRUE,TRUE,FALSE,FALSE,TRUE,TRUE,FALSE,FALSE,0418a77b7087897a0ead6e10b9da2953bfee2ad9da1470ca98b7664e364a3024,0418a77b7087897a0ead6e10b9da2953bfee2ad9da1470ca98b7664e364a3024,TRUE
baseline,1,1,FALSE,scalar_less,typed_double,2,1000000,1195,0.313,0.314,888be2318f047338553582f6247bd3d4f93d26181da856e938a6787f24c386c8,7f1c1a27229f7a699fa85ff90b5be1266497c462407b39b11f6d94015af8e8ad,d3066ce6e3c19763df09d2ef9185666a6f96f99e57743c9f8038e3cb90e15c4f,FALSE,FALSE,FALSE,FALSE,FALSE,FALSE,FALSE,FALSE,e8c2c3714dfad8ccb787de83956aff6eadd8f5bf3b515e0083ff8aeca241ab2d,e8c2c3714dfad8ccb787de83956aff6eadd8f5bf3b515e0083ff8aeca241ab2d,TRUE
baseline,1,1,FALSE,scalar_less,ordinary,3,1000000,372,0.262,0.262,888be2318f047338553582f6247bd3d4f93d26181da856e938a6787f24c386c8,7f1c1a27229f7a699fa85ff90b5be1266497c462407b39b11f6d94015af8e8ad,d3066ce6e3c19763df09d2ef9185666a6f96f99e57743c9f8038e3cb90e15c4f,FALSE,FALSE,FALSE,FALSE,FALSE,FALSE,FALSE,FALSE,71557d1c8bac9bbe3cbec8d00bb223a2f372279827064095447e569fbf5a760a,71557d1c8bac9bbe3cbec8d00bb223a2f372279827064095447e569fbf5a760a,FALSE
baseline,1,1,FALSE,pair_equal,typed_double,1,1000000,165,0.301000000000001,0.300999999999999,3373ec4fcf7f1a2c881385b92a07903da1240202fab5b88ee5d7c2603b3b0428,7f1c1a27229f7a699fa85ff90b5be1266497c462407b39b11f6d94015af8e8ad,d3066ce6e3c19763df09d2ef9185666a6f96f99e57743c9f8038e3cb90e15c4f,FALSE,FALSE,FALSE,FALSE,FALSE,FALSE,FALSE,FALSE,e8c2c3714dfad8ccb787de83956aff6eadd8f5bf3b515e0083ff8aeca241ab2d,e8c2c3714dfad8ccb787de83956aff6eadd8f5bf3b515e0083ff8aeca241ab2d,TRUE
baseline,1,1,FALSE,pair_equal,ordinary,2,1000000,422,0.301,0.302,3373ec4fcf7f1a2c881385b92a07903da1240202fab5b88ee5d7c2603b3b0428,7f1c1a27229f7a699fa85ff90b5be1266497c462407b39b11f6d94015af8e8ad,d3066ce6e3c19763df09d2ef9185666a6f96f99e57743c9f8038e3cb90e15c4f,FALSE,FALSE,FALSE,FALSE,FALSE,FALSE,FALSE,FALSE,71557d1c8bac9bbe3cbec8d00bb223a2f372279827064095447e569fbf5a760a,71557d1c8bac9bbe3cbec8d00bb223a2f372279827064095447e569fbf5a760a,FALSE
baseline,1,1,FALSE,pair_equal,compact,3,1000000,469,0.318,0.318,3373ec4fcf7f1a2c881385b92a07903da1240202fab5b88ee5d7c2603b3b0428,7f1c1a27229f7a699fa85ff90b5be1266497c462407b39b11f6d94015af8e8ad,d3066ce6e3c19763df09d2ef9185666a6f96f99e57743c9f8038e3cb90e15c4f,TRUE,TRUE,FALSE,FALSE,TRUE,TRUE,FALSE,FALSE,0418a77b7087897a0ead6e10b9da2953bfee2ad9da1470ca98b7664e364a3024,0418a77b7087897a0ead6e10b9da2953bfee2ad9da1470ca98b7664e364a3024,TRUE
baseline,1,1,TRUE,pair_less,ordinary,1,1000000,404,0.29,0.289000000000001,dfddb9b2b91b422bcc693ca8234e4127d5ce2bf2fcabb02271713137399f3960,8cb390f4310bb5332e9085281aa52e5236aecd65b982d0e3a7e9174fe845527e,7d3712fb7ae81b29d8c28e354721b4a737f0e878202e5105ef9df6a672d5e6e4,FALSE,FALSE,FALSE,FALSE,FALSE,FALSE,FALSE,FALSE,71557d1c8bac9bbe3cbec8d00bb223a2f372279827064095447e569fbf5a760a,71557d1c8bac9bbe3cbec8d00bb223a2f372279827064095447e569fbf5a760a,FALSE
baseline,1,1,TRUE,pair_less,compact,2,1000000,469,0.317999999999999,0.318,4eb038232aaffe99ba822841a72a1be288b698a16ba15b4e5aef22c587ee61d8,8cb390f4310bb5332e9085281aa52e5236aecd65b982d0e3a7e9174fe845527e,7d3712fb7ae81b29d8c28e354721b4a737f0e878202e5105ef9df6a672d5e6e4,TRUE,TRUE,FALSE,FALSE,TRUE,TRUE,FALSE,FALSE,0418a77b7087897a0ead6e10b9da2953bfee2ad9da1470ca98b7664e364a3024,0418a77b7087897a0ead6e10b9da2953bfee2ad9da1470ca98b7664e364a3024,TRUE
baseline,1,1,TRUE,pair_less,typed_double,3,1000000,177,0.294,0.294,4eb038232aaffe99ba822841a72a1be288b698a16ba15b4e5aef22c587ee61d8,8cb390f4310bb5332e9085281aa52e5236aecd65b982d0e3a7e9174fe845527e,7d3712fb7ae81b29d8c28e354721b4a737f0e878202e5105ef9df6a672d5e6e4,FALSE,FALSE,FALSE,FALSE,FALSE,FALSE,FALSE,FALSE,e8c2c3714dfad8ccb787de83956aff6eadd8f5bf3b515e0083ff8aeca241ab2d,e8c2c3714dfad8ccb787de83956aff6eadd8f5bf3b515e0083ff8aeca241ab2d,TRUE
baseline,1,1,TRUE,scalar_less,compact,1,1000000,1066,0.315000000000001,0.315000000000001,c0fc146f23f813aa8e80aebc4d9d7ac256ddd10f85b65c17173f37c3fe760d8b,8cb390f4310bb5332e9085281aa52e5236aecd65b982d0e3a7e9174fe845527e,7d3712fb7ae81b29d8c28e354721b4a737f0e878202e5105ef9df6a672d5e6e4,TRUE,TRUE,FALSE,FALSE,TRUE,TRUE,FALSE,FALSE,0418a77b7087897a0ead6e10b9da2953bfee2ad9da1470ca98b7664e364a3024,0418a77b7087897a0ead6e10b9da2953bfee2ad9da1470ca98b7664e364a3024,TRUE
baseline,1,1,TRUE,scalar_less,typed_double,2,1000000,972,0.292999999999999,0.293999999999999,c0fc146f23f813aa8e80aebc4d9d7ac256ddd10f85b65c17173f37c3fe760d8b,8cb390f4310bb5332e9085281aa52e5236aecd65b982d0e3a7e9174fe845527e,7d3712fb7ae81b29d8c28e354721b4a737f0e878202e5105ef9df6a672d5e6e4,FALSE,FALSE,FALSE,FALSE,FALSE,FALSE,FALSE,FALSE,e8c2c3714dfad8ccb787de83956aff6eadd8f5bf3b515e0083ff8aeca241ab2d,e8c2c3714dfad8ccb787de83956aff6eadd8f5bf3b515e0083ff8aeca241ab2d,TRUE
baseline,1,1,TRUE,scalar_less,ordinary,3,1000000,427,0.300000000000001,0.301,27468a48d9fd9dc5ba71891904e48c03e2dfcbdc043990f010981b4c4efbdb56,8cb390f4310bb5332e9085281aa52e5236aecd65b982d0e3a7e9174fe845527e,7d3712fb7ae81b29d8c28e354721b4a737f0e878202e5105ef9df6a672d5e6e4,FALSE,FALSE,FALSE,FALSE,FALSE,FALSE,FALSE,FALSE,71557d1c8bac9bbe3cbec8d00bb223a2f372279827064095447e569fbf5a760a,71557d1c8bac9bbe3cbec8d00bb223a2f372279827064095447e569fbf5a760a,FALSE
baseline,1,1,TRUE,pair_equal,typed_double,1,1000000,159,0.290999999999999,0.292,3373ec4fcf7f1a2c881385b92a07903da1240202fab5b88ee5d7c2603b3b0428,8cb390f4310bb5332e9085281aa52e5236aecd65b982d0e3a7e9174fe845527e,7d3712fb7ae81b29d8c28e354721b4a737f0e878202e5105ef9df6a672d5e6e4,FALSE,FALSE,FALSE,FALSE,FALSE,FALSE,FALSE,FALSE,e8c2c3714dfad8ccb787de83956aff6eadd8f5bf3b515e0083ff8aeca241ab2d,e8c2c3714dfad8ccb787de83956aff6eadd8f5bf3b515e0083ff8aeca241ab2d,TRUE
baseline,1,1,TRUE,pair_equal,ordinary,2,1000000,417,0.297000000000001,0.298,c23d64adae593f70407e6f7f1b56406f1d112f7287b7f688c1c2e14458d73483,8cb390f4310bb5332e9085281aa52e5236aecd65b982d0e3a7e9174fe845527e,7d3712fb7ae81b29d8c28e354721b4a737f0e878202e5105ef9df6a672d5e6e4,FALSE,FALSE,FALSE,FALSE,FALSE,FALSE,FALSE,FALSE,71557d1c8bac9bbe3cbec8d00bb223a2f372279827064095447e569fbf5a760a,71557d1c8bac9bbe3cbec8d00bb223a2f372279827064095447e569fbf5a760a,FALSE
baseline,1,1,TRUE,pair_equal,compact,3,1000000,463,0.312999999999999,0.313000000000001,3373ec4fcf7f1a2c881385b92a07903da1240202fab5b88ee5d7c2603b3b0428,8cb390f4310bb5332e9085281aa52e5236aecd65b982d0e3a7e9174fe845527e,7d3712fb7ae81b29d8c28e354721b4a737f0e878202e5105ef9df6a672d5e6e4,TRUE,TRUE,FALSE,FALSE,TRUE,TRUE,FALSE,FALSE,0418a77b7087897a0ead6e10b9da2953bfee2ad9da1470ca98b7664e364a3024,0418a77b7087897a0ead6e10b9da2953bfee2ad9da1470ca98b7664e364a3024,TRUE
baseline,1,0,FALSE,pair_less,ordinary,1,1000000,427,0.303999999999998,0.305,1c8e3c0969ca721d10f0cff30d1542de0795d4b1afd81dbeab684b22fd53e2e5,7f1c1a27229f7a699fa85ff90b5be1266497c462407b39b11f6d94015af8e8ad,d3066ce6e3c19763df09d2ef9185666a6f96f99e57743c9f8038e3cb90e15c4f,FALSE,FALSE,FALSE,FALSE,FALSE,FALSE,FALSE,FALSE,71557d1c8bac9bbe3cbec8d00bb223a2f372279827064095447e569fbf5a760a,71557d1c8bac9bbe3cbec8d00bb223a2f372279827064095447e569fbf5a760a,FALSE
baseline,1,0,FALSE,pair_less,compact,2,1000000,365,0.299,0.0890000000000004,1c8e3c0969ca721d10f0cff30d1542de0795d4b1afd81dbeab684b22fd53e2e5,7f1c1a27229f7a699fa85ff90b5be1266497c462407b39b11f6d94015af8e8ad,d3066ce6e3c19763df09d2ef9185666a6f96f99e57743c9f8038e3cb90e15c4f,TRUE,TRUE,FALSE,FALSE,TRUE,TRUE,FALSE,FALSE,0418a77b7087897a0ead6e10b9da2953bfee2ad9da1470ca98b7664e364a3024,0418a77b7087897a0ead6e10b9da2953bfee2ad9da1470ca98b7664e364a3024,TRUE
baseline,1,0,FALSE,pair_less,typed_double,3,1000000,159,0.301,0.0809999999999995,1c8e3c0969ca721d10f0cff30d1542de0795d4b1afd81dbeab684b22fd53e2e5,7f1c1a27229f7a699fa85ff90b5be1266497c462407b39b11f6d94015af8e8ad,d3066ce6e3c19763df09d2ef9185666a6f96f99e57743c9f8038e3cb90e15c4f,FALSE,FALSE,FALSE,FALSE,FALSE,FALSE,FALSE,FALSE,e8c2c3714dfad8ccb787de83956aff6eadd8f5bf3b515e0083ff8aeca241ab2d,e8c2c3714dfad8ccb787de83956aff6eadd8f5bf3b515e0083ff8aeca241ab2d,TRUE
baseline,1,0,FALSE,scalar_less,compact,1,1000000,736,0.317,0.118,888be2318f047338553582f6247bd3d4f93d26181da856e938a6787f24c386c8,7f1c1a27229f7a699fa85ff90b5be1266497c462407b39b11f6d94015af8e8ad,d3066ce6e3c19763df09d2ef9185666a6f96f99e57743c9f8038e3cb90e15c4f,TRUE,TRUE,FALSE,FALSE,TRUE,TRUE,FALSE,FALSE,0418a77b7087897a0ead6e10b9da2953bfee2ad9da1470ca98b7664e364a3024,0418a77b7087897a0ead6e10b9da2953bfee2ad9da1470ca98b7664e364a3024,TRUE
baseline,1,0,FALSE,scalar_less,typed_double,2,1000000,1210,0.32,0.32,888be2318f047338553582f6247bd3d4f93d26181da856e938a6787f24c386c8,7f1c1a27229f7a699fa85ff90b5be1266497c462407b39b11f6d94015af8e8ad,d3066ce6e3c19763df09d2ef9185666a6f96f99e57743c9f8038e3cb90e15c4f,FALSE,FALSE,FALSE,FALSE,FALSE,FALSE,FALSE,FALSE,e8c2c3714dfad8ccb787de83956aff6eadd8f5bf3b515e0083ff8aeca241ab2d,e8c2c3714dfad8ccb787de83956aff6eadd8f5bf3b515e0083ff8aeca241ab2d,TRUE
baseline,1,0,FALSE,scalar_less,ordinary,3,1000000,427,0.301000000000001,0.301,888be2318f047338553582f6247bd3d4f93d26181da856e938a6787f24c386c8,7f1c1a27229f7a699fa85ff90b5be1266497c462407b39b11f6d94015af8e8ad,d3066ce6e3c19763df09d2ef9185666a6f96f99e57743c9f8038e3cb90e15c4f,FALSE,FALSE,FALSE,FALSE,FALSE,FALSE,FALSE,FALSE,71557d1c8bac9bbe3cbec8d00bb223a2f372279827064095447e569fbf5a760a,71557d1c8bac9bbe3cbec8d00bb223a2f372279827064095447e569fbf5a760a,FALSE
baseline,1,0,FALSE,pair_equal,typed_double,1,1000000,142,0.304000000000001,0.0809999999999995,3373ec4fcf7f1a2c881385b92a07903da1240202fab5b88ee5d7c2603b3b0428,7f1c1a27229f7a699fa85ff90b5be1266497c462407b39b11f6d94015af8e8ad,d3066ce6e3c19763df09d2ef9185666a6f96f99e57743c9f8038e3cb90e15c4f,FALSE,FALSE,FALSE,FALSE,FALSE,FALSE,FALSE,FALSE,e8c2c3714dfad8ccb787de83956aff6eadd8f5bf3b515e0083ff8aeca241ab2d,e8c2c3714dfad8ccb787de83956aff6eadd8f5bf3b515e0083ff8aeca241ab2d,TRUE
baseline,1,0,FALSE,pair_equal,ordinary,2,1000000,422,0.315999999999999,0.317,3373ec4fcf7f1a2c881385b92a07903da1240202fab5b88ee5d7c2603b3b0428,7f1c1a27229f7a699fa85ff90b5be1266497c462407b39b11f6d94015af8e8ad,d3066ce6e3c19763df09d2ef9185666a6f96f99e57743c9f8038e3cb90e15c4f,FALSE,FALSE,FALSE,FALSE,FALSE,FALSE,FALSE,FALSE,71557d1c8bac9bbe3cbec8d00bb223a2f372279827064095447e569fbf5a760a,71557d1c8bac9bbe3cbec8d00bb223a2f372279827064095447e569fbf5a760a,FALSE
baseline,1,0,FALSE,pair_equal,compact,3,1000000,368,0.300999999999999,0.0899999999999999,3373ec4fcf7f1a2c881385b92a07903da1240202fab5b88ee5d7c2603b3b0428,7f1c1a27229f7a699fa85ff90b5be1266497c462407b39b11f6d94015af8e8ad,d3066ce6e3c19763df09d2ef9185666a6f96f99e57743c9f8038e3cb90e15c4f,TRUE,TRUE,FALSE,FALSE,TRUE,TRUE,FALSE,FALSE,0418a77b7087897a0ead6e10b9da2953bfee2ad9da1470ca98b7664e364a3024,0418a77b7087897a0ead6e10b9da2953bfee2ad9da1470ca98b7664e364a3024,TRUE
baseline,1,0,TRUE,pair_less,ordinary,1,1000000,427,0.303000000000001,0.302999999999997,dfddb9b2b91b422bcc693ca8234e4127d5ce2bf2fcabb02271713137399f3960,8cb390f4310bb5332e9085281aa52e5236aecd65b982d0e3a7e9174fe845527e,7d3712fb7ae81b29d8c28e354721b4a737f0e878202e5105ef9df6a672d5e6e4,FALSE,FALSE,FALSE,FALSE,FALSE,FALSE,FALSE,FALSE,71557d1c8bac9bbe3cbec8d00bb223a2f372279827064095447e569fbf5a760a,71557d1c8bac9bbe3cbec8d00bb223a2f372279827064095447e569fbf5a760a,FALSE
baseline,1,0,TRUE,pair_less,compact,2,1000000,365,0.298000000000002,0.0889999999999986,4eb038232aaffe99ba822841a72a1be288b698a16ba15b4e5aef22c587ee61d8,8cb390f4310bb5332e9085281aa52e5236aecd65b982d0e3a7e9174fe845527e,7d3712fb7ae81b29d8c28e354721b4a737f0e878202e5105ef9df6a672d5e6e4,TRUE,TRUE,FALSE,FALSE,TRUE,TRUE,FALSE,FALSE,0418a77b7087897a0ead6e10b9da2953bfee2ad9da1470ca98b7664e364a3024,0418a77b7087897a0ead6e10b9da2953bfee2ad9da1470ca98b7664e364a3024,TRUE
baseline,1,0,TRUE,pair_less,typed_double,3,1000000,156,0.300999999999998,0.0820000000000007,4eb038232aaffe99ba822841a72a1be288b698a16ba15b4e5aef22c587ee61d8,8cb390f4310bb5332e9085281aa52e5236aecd65b982d0e3a7e9174fe845527e,7d3712fb7ae81b29d8c28e354721b4a737f0e878202e5105ef9df6a672d5e6e4,FALSE,FALSE,FALSE,FALSE,FALSE,FALSE,FALSE,FALSE,e8c2c3714dfad8ccb787de83956aff6eadd8f5bf3b515e0083ff8aeca241ab2d,e8c2c3714dfad8ccb787de83956aff6eadd8f5bf3b515e0083ff8aeca241ab2d,TRUE
baseline,1,0,TRUE,scalar_less,compact,1,1000000,736,0.317000000000001,0.116999999999997,c0fc146f23f813aa8e80aebc4d9d7ac256ddd10f85b65c17173f37c3fe760d8b,8cb390f4310bb5332e9085281aa52e5236aecd65b982d0e3a7e9174fe845527e,7d3712fb7ae81b29d8c28e354721b4a737f0e878202e5105ef9df6a672d5e6e4,TRUE,TRUE,FALSE,FALSE,TRUE,TRUE,FALSE,FALSE,0418a77b7087897a0ead6e10b9da2953bfee2ad9da1470ca98b7664e364a3024,0418a77b7087897a0ead6e10b9da2953bfee2ad9da1470ca98b7664e364a3024,TRUE
baseline,1,0,TRUE,scalar_less,typed_double,2,1000000,1060,0.301999999999998,0.300999999999998,c0fc146f23f813aa8e80aebc4d9d7ac256ddd10f85b65c17173f37c3fe760d8b,8cb390f4310bb5332e9085281aa52e5236aecd65b982d0e3a7e9174fe845527e,7d3712fb7ae81b29d8c28e354721b4a737f0e878202e5105ef9df6a672d5e6e4,FALSE,FALSE,FALSE,FALSE,FALSE,FALSE,FALSE,FALSE,e8c2c3714dfad8ccb787de83956aff6eadd8f5bf3b515e0083ff8aeca241ab2d,e8c2c3714dfad8ccb787de83956aff6eadd8f5bf3b515e0083ff8aeca241ab2d,TRUE
baseline,1,0,TRUE,scalar_less,ordinary,3,1000000,432,0.319000000000001,0.318000000000001,27468a48d9fd9dc5ba71891904e48c03e2dfcbdc043990f010981b4c4efbdb56,8cb390f4310bb5332e9085281aa52e5236aecd65b982d0e3a7e9174fe845527e,7d3712fb7ae81b29d8c28e354721b4a737f0e878202e5105ef9df6a672d5e6e4,FALSE,FALSE,FALSE,FALSE,FALSE,FALSE,FALSE,FALSE,71557d1c8bac9bbe3cbec8d00bb223a2f372279827064095447e569fbf5a760a,71557d1c8bac9bbe3cbec8d00bb223a2f372279827064095447e569fbf5a760a,FALSE
baseline,1,0,TRUE,pair_equal,typed_double,1,1000000,134,0.294000000000003,0.0810000000000031,3373ec4fcf7f1a2c881385b92a07903da1240202fab5b88ee5d7c2603b3b0428,8cb390f4310bb5332e9085281aa52e5236aecd65b982d0e3a7e9174fe845527e,7d3712fb7ae81b29d8c28e354721b4a737f0e878202e5105ef9df6a672d5e6e4,FALSE,FALSE,FALSE,FALSE,FALSE,FALSE,FALSE,FALSE,e8c2c3714dfad8ccb787de83956aff6eadd8f5bf3b515e0083ff8aeca241ab2d,e8c2c3714dfad8ccb787de83956aff6eadd8f5bf3b515e0083ff8aeca241ab2d,TRUE
baseline,1,0,TRUE,pair_equal,ordinary,2,1000000,422,0.3,0.299,c23d64adae593f70407e6f7f1b56406f1d112f7287b7f688c1c2e14458d73483,8cb390f4310bb5332e9085281aa52e5236aecd65b982d0e3a7e9174fe845527e,7d3712fb7ae81b29d8c28e354721b4a737f0e878202e5105ef9df6a672d5e6e4,FALSE,FALSE,FALSE,FALSE,FALSE,FALSE,FALSE,FALSE,71557d1c8bac9bbe3cbec8d00bb223a2f372279827064095447e569fbf5a760a,71557d1c8bac9bbe3cbec8d00bb223a2f372279827064095447e569fbf5a760a,FALSE
baseline,1,0,TRUE,pair_equal,compact,3,1000000,368,0.300000000000001,0.0889999999999986,3373ec4fcf7f1a2c881385b92a07903da1240202fab5b88ee5d7c2603b3b0428,8cb390f4310bb5332e9085281aa52e5236aecd65b982d0e3a7e9174fe845527e,7d3712fb7ae81b29d8c28e354721b4a737f0e878202e5105ef9df6a672d5e6e4,TRUE,TRUE,FALSE,FALSE,TRUE,TRUE,FALSE,FALSE,0418a77b7087897a0ead6e10b9da2953bfee2ad9da1470ca98b7664e364a3024,0418a77b7087897a0ead6e10b9da2953bfee2ad9da1470ca98b7664e364a3024,TRUE
candidate,1,1,FALSE,pair_less,ordinary,1,1000000,354,0.256,0.257,1c8e3c0969ca721d10f0cff30d1542de0795d4b1afd81dbeab684b22fd53e2e5,7f1c1a27229f7a699fa85ff90b5be1266497c462407b39b11f6d94015af8e8ad,d3066ce6e3c19763df09d2ef9185666a6f96f99e57743c9f8038e3cb90e15c4f,FALSE,FALSE,FALSE,FALSE,FALSE,FALSE,FALSE,FALSE,71557d1c8bac9bbe3cbec8d00bb223a2f372279827064095447e569fbf5a760a,71557d1c8bac9bbe3cbec8d00bb223a2f372279827064095447e569fbf5a760a,FALSE
candidate,1,1,FALSE,pair_less,compact,2,1000000,463,0.315,0.314,1c8e3c0969ca721d10f0cff30d1542de0795d4b1afd81dbeab684b22fd53e2e5,7f1c1a27229f7a699fa85ff90b5be1266497c462407b39b11f6d94015af8e8ad,d3066ce6e3c19763df09d2ef9185666a6f96f99e57743c9f8038e3cb90e15c4f,TRUE,TRUE,FALSE,FALSE,TRUE,TRUE,FALSE,FALSE,0418a77b7087897a0ead6e10b9da2953bfee2ad9da1470ca98b7664e364a3024,0418a77b7087897a0ead6e10b9da2953bfee2ad9da1470ca98b7664e364a3024,TRUE
candidate,1,1,FALSE,pair_less,typed_double,3,1000000,812,0.311,0.311,1c8e3c0969ca721d10f0cff30d1542de0795d4b1afd81dbeab684b22fd53e2e5,7f1c1a27229f7a699fa85ff90b5be1266497c462407b39b11f6d94015af8e8ad,d3066ce6e3c19763df09d2ef9185666a6f96f99e57743c9f8038e3cb90e15c4f,FALSE,FALSE,FALSE,FALSE,FALSE,FALSE,FALSE,FALSE,e8c2c3714dfad8ccb787de83956aff6eadd8f5bf3b515e0083ff8aeca241ab2d,e8c2c3714dfad8ccb787de83956aff6eadd8f5bf3b515e0083ff8aeca241ab2d,TRUE
candidate,1,1,FALSE,scalar_less,compact,1,1000000,982,0.277,0.276,888be2318f047338553582f6247bd3d4f93d26181da856e938a6787f24c386c8,7f1c1a27229f7a699fa85ff90b5be1266497c462407b39b11f6d94015af8e8ad,d3066ce6e3c19763df09d2ef9185666a6f96f99e57743c9f8038e3cb90e15c4f,TRUE,TRUE,FALSE,FALSE,TRUE,TRUE,FALSE,FALSE,0418a77b7087897a0ead6e10b9da2953bfee2ad9da1470ca98b7664e364a3024,0418a77b7087897a0ead6e10b9da2953bfee2ad9da1470ca98b7664e364a3024,TRUE
candidate,1,1,FALSE,scalar_less,typed_double,2,1000000,1091,0.272,0.271,888be2318f047338553582f6247bd3d4f93d26181da856e938a6787f24c386c8,7f1c1a27229f7a699fa85ff90b5be1266497c462407b39b11f6d94015af8e8ad,d3066ce6e3c19763df09d2ef9185666a6f96f99e57743c9f8038e3cb90e15c4f,FALSE,FALSE,FALSE,FALSE,FALSE,FALSE,FALSE,FALSE,e8c2c3714dfad8ccb787de83956aff6eadd8f5bf3b515e0083ff8aeca241ab2d,e8c2c3714dfad8ccb787de83956aff6eadd8f5bf3b515e0083ff8aeca241ab2d,TRUE
candidate,1,1,FALSE,scalar_less,ordinary,3,1000000,432,0.32,0.319,888be2318f047338553582f6247bd3d4f93d26181da856e938a6787f24c386c8,7f1c1a27229f7a699fa85ff90b5be1266497c462407b39b11f6d94015af8e8ad,d3066ce6e3c19763df09d2ef9185666a6f96f99e57743c9f8038e3cb90e15c4f,FALSE,FALSE,FALSE,FALSE,FALSE,FALSE,FALSE,FALSE,71557d1c8bac9bbe3cbec8d00bb223a2f372279827064095447e569fbf5a760a,71557d1c8bac9bbe3cbec8d00bb223a2f372279827064095447e569fbf5a760a,FALSE
candidate,1,1,FALSE,pair_equal,typed_double,1,1000000,812,0.298,0.298,3373ec4fcf7f1a2c881385b92a07903da1240202fab5b88ee5d7c2603b3b0428,7f1c1a27229f7a699fa85ff90b5be1266497c462407b39b11f6d94015af8e8ad,d3066ce6e3c19763df09d2ef9185666a6f96f99e57743c9f8038e3cb90e15c4f,FALSE,FALSE,FALSE,FALSE,FALSE,FALSE,FALSE,FALSE,e8c2c3714dfad8ccb787de83956aff6eadd8f5bf3b515e0083ff8aeca241ab2d,e8c2c3714dfad8ccb787de83956aff6eadd8f5bf3b515e0083ff8aeca241ab2d,TRUE
candidate,1,1,FALSE,pair_equal,ordinary,2,1000000,422,0.318,0.317,3373ec4fcf7f1a2c881385b92a07903da1240202fab5b88ee5d7c2603b3b0428,7f1c1a27229f7a699fa85ff90b5be1266497c462407b39b11f6d94015af8e8ad,d3066ce6e3c19763df09d2ef9185666a6f96f99e57743c9f8038e3cb90e15c4f,FALSE,FALSE,FALSE,FALSE,FALSE,FALSE,FALSE,FALSE,71557d1c8bac9bbe3cbec8d00bb223a2f372279827064095447e569fbf5a760a,71557d1c8bac9bbe3cbec8d00bb223a2f372279827064095447e569fbf5a760a,FALSE
candidate,1,1,FALSE,pair_equal,compact,3,1000000,469,0.301,0.301,3373ec4fcf7f1a2c881385b92a07903da1240202fab5b88ee5d7c2603b3b0428,7f1c1a27229f7a699fa85ff90b5be1266497c462407b39b11f6d94015af8e8ad,d3066ce6e3c19763df09d2ef9185666a6f96f99e57743c9f8038e3cb90e15c4f,TRUE,TRUE,FALSE,FALSE,TRUE,TRUE,FALSE,FALSE,0418a77b7087897a0ead6e10b9da2953bfee2ad9da1470ca98b7664e364a3024,0418a77b7087897a0ead6e10b9da2953bfee2ad9da1470ca98b7664e364a3024,TRUE
candidate,1,1,TRUE,pair_less,ordinary,1,1000000,427,0.304,0.303,dfddb9b2b91b422bcc693ca8234e4127d5ce2bf2fcabb02271713137399f3960,8cb390f4310bb5332e9085281aa52e5236aecd65b982d0e3a7e9174fe845527e,7d3712fb7ae81b29d8c28e354721b4a737f0e878202e5105ef9df6a672d5e6e4,FALSE,FALSE,FALSE,FALSE,FALSE,FALSE,FALSE,FALSE,71557d1c8bac9bbe3cbec8d00bb223a2f372279827064095447e569fbf5a760a,71557d1c8bac9bbe3cbec8d00bb223a2f372279827064095447e569fbf5a760a,FALSE
candidate,1,1,TRUE,pair_less,compact,2,1000000,475,0.319,0.32,4eb038232aaffe99ba822841a72a1be288b698a16ba15b4e5aef22c587ee61d8,8cb390f4310bb5332e9085281aa52e5236aecd65b982d0e3a7e9174fe845527e,7d3712fb7ae81b29d8c28e354721b4a737f0e878202e5105ef9df6a672d5e6e4,TRUE,TRUE,FALSE,FALSE,TRUE,TRUE,FALSE,FALSE,0418a77b7087897a0ead6e10b9da2953bfee2ad9da1470ca98b7664e364a3024,0418a77b7087897a0ead6e10b9da2953bfee2ad9da1470ca98b7664e364a3024,TRUE
candidate,1,1,TRUE,pair_less,typed_double,3,1000000,733,0.298000000000001,0.298000000000001,4eb038232aaffe99ba822841a72a1be288b698a16ba15b4e5aef22c587ee61d8,8cb390f4310bb5332e9085281aa52e5236aecd65b982d0e3a7e9174fe845527e,7d3712fb7ae81b29d8c28e354721b4a737f0e878202e5105ef9df6a672d5e6e4,FALSE,FALSE,FALSE,FALSE,FALSE,FALSE,FALSE,FALSE,e8c2c3714dfad8ccb787de83956aff6eadd8f5bf3b515e0083ff8aeca241ab2d,e8c2c3714dfad8ccb787de83956aff6eadd8f5bf3b515e0083ff8aeca241ab2d,TRUE
candidate,1,1,TRUE,scalar_less,compact,1,1000000,982,0.275999999999999,0.275,c0fc146f23f813aa8e80aebc4d9d7ac256ddd10f85b65c17173f37c3fe760d8b,8cb390f4310bb5332e9085281aa52e5236aecd65b982d0e3a7e9174fe845527e,7d3712fb7ae81b29d8c28e354721b4a737f0e878202e5105ef9df6a672d5e6e4,TRUE,TRUE,FALSE,FALSE,TRUE,TRUE,FALSE,FALSE,0418a77b7087897a0ead6e10b9da2953bfee2ad9da1470ca98b7664e364a3024,0418a77b7087897a0ead6e10b9da2953bfee2ad9da1470ca98b7664e364a3024,TRUE
candidate,1,1,TRUE,scalar_less,typed_double,2,1000000,1060,0.302,0.301,c0fc146f23f813aa8e80aebc4d9d7ac256ddd10f85b65c17173f37c3fe760d8b,8cb390f4310bb5332e9085281aa52e5236aecd65b982d0e3a7e9174fe845527e,7d3712fb7ae81b29d8c28e354721b4a737f0e878202e5105ef9df6a672d5e6e4,FALSE,FALSE,FALSE,FALSE,FALSE,FALSE,FALSE,FALSE,e8c2c3714dfad8ccb787de83956aff6eadd8f5bf3b515e0083ff8aeca241ab2d,e8c2c3714dfad8ccb787de83956aff6eadd8f5bf3b515e0083ff8aeca241ab2d,TRUE
candidate,1,1,TRUE,scalar_less,ordinary,3,1000000,427,0.315,0.315,27468a48d9fd9dc5ba71891904e48c03e2dfcbdc043990f010981b4c4efbdb56,8cb390f4310bb5332e9085281aa52e5236aecd65b982d0e3a7e9174fe845527e,7d3712fb7ae81b29d8c28e354721b4a737f0e878202e5105ef9df6a672d5e6e4,FALSE,FALSE,FALSE,FALSE,FALSE,FALSE,FALSE,FALSE,71557d1c8bac9bbe3cbec8d00bb223a2f372279827064095447e569fbf5a760a,71557d1c8bac9bbe3cbec8d00bb223a2f372279827064095447e569fbf5a760a,FALSE
candidate,1,1,TRUE,pair_equal,typed_double,1,1000000,736,0.302,0.303000000000001,3373ec4fcf7f1a2c881385b92a07903da1240202fab5b88ee5d7c2603b3b0428,8cb390f4310bb5332e9085281aa52e5236aecd65b982d0e3a7e9174fe845527e,7d3712fb7ae81b29d8c28e354721b4a737f0e878202e5105ef9df6a672d5e6e4,FALSE,FALSE,FALSE,FALSE,FALSE,FALSE,FALSE,FALSE,e8c2c3714dfad8ccb787de83956aff6eadd8f5bf3b515e0083ff8aeca241ab2d,e8c2c3714dfad8ccb787de83956aff6eadd8f5bf3b515e0083ff8aeca241ab2d,TRUE
candidate,1,1,TRUE,pair_equal,ordinary,2,1000000,422,0.299999999999999,0.300000000000001,c23d64adae593f70407e6f7f1b56406f1d112f7287b7f688c1c2e14458d73483,8cb390f4310bb5332e9085281aa52e5236aecd65b982d0e3a7e9174fe845527e,7d3712fb7ae81b29d8c28e354721b4a737f0e878202e5105ef9df6a672d5e6e4,FALSE,FALSE,FALSE,FALSE,FALSE,FALSE,FALSE,FALSE,71557d1c8bac9bbe3cbec8d00bb223a2f372279827064095447e569fbf5a760a,71557d1c8bac9bbe3cbec8d00bb223a2f372279827064095447e569fbf5a760a,FALSE
candidate,1,1,TRUE,pair_equal,compact,3,1000000,469,0.300000000000001,0.300000000000001,3373ec4fcf7f1a2c881385b92a07903da1240202fab5b88ee5d7c2603b3b0428,8cb390f4310bb5332e9085281aa52e5236aecd65b982d0e3a7e9174fe845527e,7d3712fb7ae81b29d8c28e354721b4a737f0e878202e5105ef9df6a672d5e6e4,TRUE,TRUE,FALSE,FALSE,TRUE,TRUE,FALSE,FALSE,0418a77b7087897a0ead6e10b9da2953bfee2ad9da1470ca98b7664e364a3024,0418a77b7087897a0ead6e10b9da2953bfee2ad9da1470ca98b7664e364a3024,TRUE
candidate,1,0,FALSE,pair_less,ordinary,1,1000000,427,0.304000000000001,0.304,1c8e3c0969ca721d10f0cff30d1542de0795d4b1afd81dbeab684b22fd53e2e5,7f1c1a27229f7a699fa85ff90b5be1266497c462407b39b11f6d94015af8e8ad,d3066ce6e3c19763df09d2ef9185666a6f96f99e57743c9f8038e3cb90e15c4f,FALSE,FALSE,FALSE,FALSE,FALSE,FALSE,FALSE,FALSE,71557d1c8bac9bbe3cbec8d00bb223a2f372279827064095447e569fbf5a760a,71557d1c8bac9bbe3cbec8d00bb223a2f372279827064095447e569fbf5a760a,FALSE
candidate,1,0,FALSE,pair_less,compact,2,1000000,475,0.303999999999999,0.302999999999999,1c8e3c0969ca721d10f0cff30d1542de0795d4b1afd81dbeab684b22fd53e2e5,7f1c1a27229f7a699fa85ff90b5be1266497c462407b39b11f6d94015af8e8ad,d3066ce6e3c19763df09d2ef9185666a6f96f99e57743c9f8038e3cb90e15c4f,TRUE,TRUE,FALSE,FALSE,TRUE,TRUE,FALSE,FALSE,0418a77b7087897a0ead6e10b9da2953bfee2ad9da1470ca98b7664e364a3024,0418a77b7087897a0ead6e10b9da2953bfee2ad9da1470ca98b7664e364a3024,TRUE
candidate,1,0,FALSE,pair_less,typed_double,3,1000000,830,0.300999999999998,0.301,1c8e3c0969ca721d10f0cff30d1542de0795d4b1afd81dbeab684b22fd53e2e5,7f1c1a27229f7a699fa85ff90b5be1266497c462407b39b11f6d94015af8e8ad,d3066ce6e3c19763df09d2ef9185666a6f96f99e57743c9f8038e3cb90e15c4f,FALSE,FALSE,FALSE,FALSE,FALSE,FALSE,FALSE,FALSE,e8c2c3714dfad8ccb787de83956aff6eadd8f5bf3b515e0083ff8aeca241ab2d,e8c2c3714dfad8ccb787de83956aff6eadd8f5bf3b515e0083ff8aeca241ab2d,TRUE
candidate,1,0,FALSE,scalar_less,compact,1,1000000,987,0.277999999999999,0.276,888be2318f047338553582f6247bd3d4f93d26181da856e938a6787f24c386c8,7f1c1a27229f7a699fa85ff90b5be1266497c462407b39b11f6d94015af8e8ad,d3066ce6e3c19763df09d2ef9185666a6f96f99e57743c9f8038e3cb90e15c4f,TRUE,TRUE,FALSE,FALSE,TRUE,TRUE,FALSE,FALSE,0418a77b7087897a0ead6e10b9da2953bfee2ad9da1470ca98b7664e364a3024,0418a77b7087897a0ead6e10b9da2953bfee2ad9da1470ca98b7664e364a3024,TRUE
candidate,1,0,FALSE,scalar_less,typed_double,2,1000000,1202,0.313000000000001,0.313000000000001,888be2318f047338553582f6247bd3d4f93d26181da856e938a6787f24c386c8,7f1c1a27229f7a699fa85ff90b5be1266497c462407b39b11f6d94015af8e8ad,d3066ce6e3c19763df09d2ef9185666a6f96f99e57743c9f8038e3cb90e15c4f,FALSE,FALSE,FALSE,FALSE,FALSE,FALSE,FALSE,FALSE,e8c2c3714dfad8ccb787de83956aff6eadd8f5bf3b515e0083ff8aeca241ab2d,e8c2c3714dfad8ccb787de83956aff6eadd8f5bf3b515e0083ff8aeca241ab2d,TRUE
candidate,1,0,FALSE,scalar_less,ordinary,3,1000000,427,0.317000000000001,0.317,888be2318f047338553582f6247bd3d4f93d26181da856e938a6787f24c386c8,7f1c1a27229f7a699fa85ff90b5be1266497c462407b39b11f6d94015af8e8ad,d3066ce6e3c19763df09d2ef9185666a6f96f99e57743c9f8038e3cb90e15c4f,FALSE,FALSE,FALSE,FALSE,FALSE,FALSE,FALSE,FALSE,71557d1c8bac9bbe3cbec8d00bb223a2f372279827064095447e569fbf5a760a,71557d1c8bac9bbe3cbec8d00bb223a2f372279827064095447e569fbf5a760a,FALSE
candidate,1,0,FALSE,pair_equal,typed_double,1,1000000,830,0.304000000000001,0.304000000000002,3373ec4fcf7f1a2c881385b92a07903da1240202fab5b88ee5d7c2603b3b0428,7f1c1a27229f7a699fa85ff90b5be1266497c462407b39b11f6d94015af8e8ad,d3066ce6e3c19763df09d2ef9185666a6f96f99e57743c9f8038e3cb90e15c4f,FALSE,FALSE,FALSE,FALSE,FALSE,FALSE,FALSE,FALSE,e8c2c3714dfad8ccb787de83956aff6eadd8f5bf3b515e0083ff8aeca241ab2d,e8c2c3714dfad8ccb787de83956aff6eadd8f5bf3b515e0083ff8aeca241ab2d,TRUE
candidate,1,0,FALSE,pair_equal,ordinary,2,1000000,422,0.299,0.299,3373ec4fcf7f1a2c881385b92a07903da1240202fab5b88ee5d7c2603b3b0428,7f1c1a27229f7a699fa85ff90b5be1266497c462407b39b11f6d94015af8e8ad,d3066ce6e3c19763df09d2ef9185666a6f96f99e57743c9f8038e3cb90e15c4f,FALSE,FALSE,FALSE,FALSE,FALSE,FALSE,FALSE,FALSE,71557d1c8bac9bbe3cbec8d00bb223a2f372279827064095447e569fbf5a760a,71557d1c8bac9bbe3cbec8d00bb223a2f372279827064095447e569fbf5a760a,FALSE
candidate,1,0,FALSE,pair_equal,compact,3,1000000,469,0.298999999999998,0.298000000000002,3373ec4fcf7f1a2c881385b92a07903da1240202fab5b88ee5d7c2603b3b0428,7f1c1a27229f7a699fa85ff90b5be1266497c462407b39b11f6d94015af8e8ad,d3066ce6e3c19763df09d2ef9185666a6f96f99e57743c9f8038e3cb90e15c4f,TRUE,TRUE,FALSE,FALSE,TRUE,TRUE,FALSE,FALSE,0418a77b7087897a0ead6e10b9da2953bfee2ad9da1470ca98b7664e364a3024,0418a77b7087897a0ead6e10b9da2953bfee2ad9da1470ca98b7664e364a3024,TRUE
candidate,1,0,TRUE,pair_less,ordinary,1,1000000,422,0.299000000000002,0.299,dfddb9b2b91b422bcc693ca8234e4127d5ce2bf2fcabb02271713137399f3960,8cb390f4310bb5332e9085281aa52e5236aecd65b982d0e3a7e9174fe845527e,7d3712fb7ae81b29d8c28e354721b4a737f0e878202e5105ef9df6a672d5e6e4,FALSE,FALSE,FALSE,FALSE,FALSE,FALSE,FALSE,FALSE,71557d1c8bac9bbe3cbec8d00bb223a2f372279827064095447e569fbf5a760a,71557d1c8bac9bbe3cbec8d00bb223a2f372279827064095447e569fbf5a760a,FALSE
candidate,1,0,TRUE,pair_less,compact,2,1000000,475,0.304000000000001,0.303000000000001,4eb038232aaffe99ba822841a72a1be288b698a16ba15b4e5aef22c587ee61d8,8cb390f4310bb5332e9085281aa52e5236aecd65b982d0e3a7e9174fe845527e,7d3712fb7ae81b29d8c28e354721b4a737f0e878202e5105ef9df6a672d5e6e4,TRUE,TRUE,FALSE,FALSE,TRUE,TRUE,FALSE,FALSE,0418a77b7087897a0ead6e10b9da2953bfee2ad9da1470ca98b7664e364a3024,0418a77b7087897a0ead6e10b9da2953bfee2ad9da1470ca98b7664e364a3024,TRUE
candidate,1,0,TRUE,pair_less,typed_double,3,1000000,750,0.302,0.303000000000001,4eb038232aaffe99ba822841a72a1be288b698a16ba15b4e5aef22c587ee61d8,8cb390f4310bb5332e9085281aa52e5236aecd65b982d0e3a7e9174fe845527e,7d3712fb7ae81b29d8c28e354721b4a737f0e878202e5105ef9df6a672d5e6e4,FALSE,FALSE,FALSE,FALSE,FALSE,FALSE,FALSE,FALSE,e8c2c3714dfad8ccb787de83956aff6eadd8f5bf3b515e0083ff8aeca241ab2d,e8c2c3714dfad8ccb787de83956aff6eadd8f5bf3b515e0083ff8aeca241ab2d,TRUE
candidate,1,0,TRUE,scalar_less,compact,1,1000000,1072,0.321999999999999,0.323,c0fc146f23f813aa8e80aebc4d9d7ac256ddd10f85b65c17173f37c3fe760d8b,8cb390f4310bb5332e9085281aa52e5236aecd65b982d0e3a7e9174fe845527e,7d3712fb7ae81b29d8c28e354721b4a737f0e878202e5105ef9df6a672d5e6e4,TRUE,TRUE,FALSE,FALSE,TRUE,TRUE,FALSE,FALSE,0418a77b7087897a0ead6e10b9da2953bfee2ad9da1470ca98b7664e364a3024,0418a77b7087897a0ead6e10b9da2953bfee2ad9da1470ca98b7664e364a3024,TRUE
candidate,1,0,TRUE,scalar_less,typed_double,2,1000000,1054,0.298000000000002,0.299000000000003,c0fc146f23f813aa8e80aebc4d9d7ac256ddd10f85b65c17173f37c3fe760d8b,8cb390f4310bb5332e9085281aa52e5236aecd65b982d0e3a7e9174fe845527e,7d3712fb7ae81b29d8c28e354721b4a737f0e878202e5105ef9df6a672d5e6e4,FALSE,FALSE,FALSE,FALSE,FALSE,FALSE,FALSE,FALSE,e8c2c3714dfad8ccb787de83956aff6eadd8f5bf3b515e0083ff8aeca241ab2d,e8c2c3714dfad8ccb787de83956aff6eadd8f5bf3b515e0083ff8aeca241ab2d,TRUE
candidate,1,0,TRUE,scalar_less,ordinary,3,1000000,427,0.299000000000003,0.299,27468a48d9fd9dc5ba71891904e48c03e2dfcbdc043990f010981b4c4efbdb56,8cb390f4310bb5332e9085281aa52e5236aecd65b982d0e3a7e9174fe845527e,7d3712fb7ae81b29d8c28e354721b4a737f0e878202e5105ef9df6a672d5e6e4,FALSE,FALSE,FALSE,FALSE,FALSE,FALSE,FALSE,FALSE,71557d1c8bac9bbe3cbec8d00bb223a2f372279827064095447e569fbf5a760a,71557d1c8bac9bbe3cbec8d00bb223a2f372279827064095447e569fbf5a760a,FALSE
candidate,1,0,TRUE,pair_equal,typed_double,1,1000000,736,0.301999999999998,0.301000000000002,3373ec4fcf7f1a2c881385b92a07903da1240202fab5b88ee5d7c2603b3b0428,8cb390f4310bb5332e9085281aa52e5236aecd65b982d0e3a7e9174fe845527e,7d3712fb7ae81b29d8c28e354721b4a737f0e878202e5105ef9df6a672d5e6e4,FALSE,FALSE,FALSE,FALSE,FALSE,FALSE,FALSE,FALSE,e8c2c3714dfad8ccb787de83956aff6eadd8f5bf3b515e0083ff8aeca241ab2d,e8c2c3714dfad8ccb787de83956aff6eadd8f5bf3b515e0083ff8aeca241ab2d,TRUE
candidate,1,0,TRUE,pair_equal,ordinary,2,1000000,427,0.302,0.302,c23d64adae593f70407e6f7f1b56406f1d112f7287b7f688c1c2e14458d73483,8cb390f4310bb5332e9085281aa52e5236aecd65b982d0e3a7e9174fe845527e,7d3712fb7ae81b29d8c28e354721b4a737f0e878202e5105ef9df6a672d5e6e4,FALSE,FALSE,FALSE,FALSE,FALSE,FALSE,FALSE,FALSE,71557d1c8bac9bbe3cbec8d00bb223a2f372279827064095447e569fbf5a760a,71557d1c8bac9bbe3cbec8d00bb223a2f372279827064095447e569fbf5a760a,FALSE
candidate,1,0,TRUE,pair_equal,compact,3,1000000,399,0.254000000000001,0.254000000000001,3373ec4fcf7f1a2c881385b92a07903da1240202fab5b88ee5d7c2603b3b0428,8cb390f4310bb5332e9085281aa52e5236aecd65b982d0e3a7e9174fe845527e,7d3712fb7ae81b29d8c28e354721b4a737f0e878202e5105ef9df6a672d5e6e4,TRUE,TRUE,FALSE,FALSE,TRUE,TRUE,FALSE,FALSE,0418a77b7087897a0ead6e10b9da2953bfee2ad9da1470ca98b7664e364a3024,0418a77b7087897a0ead6e10b9da2953bfee2ad9da1470ca98b7664e364a3024,TRUE
candidate,2,1,FALSE,pair_less,ordinary,1,1000000,354,0.255,0.255,1c8e3c0969ca721d10f0cff30d1542de0795d4b1afd81dbeab684b22fd53e2e5,7f1c1a27229f7a699fa85ff90b5be1266497c462407b39b11f6d94015af8e8ad,d3066ce6e3c19763df09d2ef9185666a6f96f99e57743c9f8038e3cb90e15c4f,FALSE,FALSE,FALSE,FALSE,FALSE,FALSE,FALSE,FALSE,71557d1c8bac9bbe3cbec8d00bb223a2f372279827064095447e569fbf5a760a,71557d1c8bac9bbe3cbec8d00bb223a2f372279827064095447e569fbf5a760a,FALSE
candidate,2,1,FALSE,pair_less,typed_double,2,1000000,748,0.309,0.31,1c8e3c0969ca721d10f0cff30d1542de0795d4b1afd81dbeab684b22fd53e2e5,7f1c1a27229f7a699fa85ff90b5be1266497c462407b39b11f6d94015af8e8ad,d3066ce6e3c19763df09d2ef9185666a6f96f99e57743c9f8038e3cb90e15c4f,FALSE,FALSE,FALSE,FALSE,FALSE,FALSE,FALSE,FALSE,e8c2c3714dfad8ccb787de83956aff6eadd8f5bf3b515e0083ff8aeca241ab2d,e8c2c3714dfad8ccb787de83956aff6eadd8f5bf3b515e0083ff8aeca241ab2d,TRUE
candidate,2,1,FALSE,pair_less,compact,3,1000000,463,0.316,0.316,1c8e3c0969ca721d10f0cff30d1542de0795d4b1afd81dbeab684b22fd53e2e5,7f1c1a27229f7a699fa85ff90b5be1266497c462407b39b11f6d94015af8e8ad,d3066ce6e3c19763df09d2ef9185666a6f96f99e57743c9f8038e3cb90e15c4f,TRUE,TRUE,FALSE,FALSE,TRUE,TRUE,FALSE,FALSE,0418a77b7087897a0ead6e10b9da2953bfee2ad9da1470ca98b7664e364a3024,0418a77b7087897a0ead6e10b9da2953bfee2ad9da1470ca98b7664e364a3024,TRUE
candidate,2,1,FALSE,scalar_less,compact,1,1000000,982,0.307,0.308,888be2318f047338553582f6247bd3d4f93d26181da856e938a6787f24c386c8,7f1c1a27229f7a699fa85ff90b5be1266497c462407b39b11f6d94015af8e8ad,d3066ce6e3c19763df09d2ef9185666a6f96f99e57743c9f8038e3cb90e15c4f,TRUE,TRUE,FALSE,FALSE,TRUE,TRUE,FALSE,FALSE,0418a77b7087897a0ead6e10b9da2953bfee2ad9da1470ca98b7664e364a3024,0418a77b7087897a0ead6e10b9da2953bfee2ad9da1470ca98b7664e364a3024,TRUE
candidate,2,1,FALSE,scalar_less,ordinary,2,1000000,422,0.316,0.316,888be2318f047338553582f6247bd3d4f93d26181da856e938a6787f24c386c8,7f1c1a27229f7a699fa85ff90b5be1266497c462407b39b11f6d94015af8e8ad,d3066ce6e3c19763df09d2ef9185666a6f96f99e57743c9f8038e3cb90e15c4f,FALSE,FALSE,FALSE,FALSE,FALSE,FALSE,FALSE,FALSE,71557d1c8bac9bbe3cbec8d00bb223a2f372279827064095447e569fbf5a760a,71557d1c8bac9bbe3cbec8d00bb223a2f372279827064095447e569fbf5a760a,FALSE
candidate,2,1,FALSE,scalar_less,typed_double,3,1000000,1078,0.313,0.314,888be2318f047338553582f6247bd3d4f93d26181da856e938a6787f24c386c8,7f1c1a27229f7a699fa85ff90b5be1266497c462407b39b11f6d94015af8e8ad,d3066ce6e3c19763df09d2ef9185666a6f96f99e57743c9f8038e3cb90e15c4f,FALSE,FALSE,FALSE,FALSE,FALSE,FALSE,FALSE,FALSE,e8c2c3714dfad8ccb787de83956aff6eadd8f5bf3b515e0083ff8aeca241ab2d,e8c2c3714dfad8ccb787de83956aff6eadd8f5bf3b515e0083ff8aeca241ab2d,TRUE
candidate,2,1,FALSE,pair_equal,typed_double,1,1000000,724,0.277,0.276,3373ec4fcf7f1a2c881385b92a07903da1240202fab5b88ee5d7c2603b3b0428,7f1c1a27229f7a699fa85ff90b5be1266497c462407b39b11f6d94015af8e8ad,d3066ce6e3c19763df09d2ef9185666a6f96f99e57743c9f8038e3cb90e15c4f,FALSE,FALSE,FALSE,FALSE,FALSE,FALSE,FALSE,FALSE,e8c2c3714dfad8ccb787de83956aff6eadd8f5bf3b515e0083ff8aeca241ab2d,e8c2c3714dfad8ccb787de83956aff6eadd8f5bf3b515e0083ff8aeca241ab2d,TRUE
candidate,2,1,FALSE,pair_equal,compact,2,1000000,475,0.319999999999999,0.321,3373ec4fcf7f1a2c881385b92a07903da1240202fab5b88ee5d7c2603b3b0428,7f1c1a27229f7a699fa85ff90b5be1266497c462407b39b11f6d94015af8e8ad,d3066ce6e3c19763df09d2ef9185666a6f96f99e57743c9f8038e3cb90e15c4f,TRUE,TRUE,FALSE,FALSE,TRUE,TRUE,FALSE,FALSE,0418a77b7087897a0ead6e10b9da2953bfee2ad9da1470ca98b7664e364a3024,0418a77b7087897a0ead6e10b9da2953bfee2ad9da1470ca98b7664e364a3024,TRUE
candidate,2,1,FALSE,pair_equal,ordinary,3,1000000,422,0.301,0.301,3373ec4fcf7f1a2c881385b92a07903da1240202fab5b88ee5d7c2603b3b0428,7f1c1a27229f7a699fa85ff90b5be1266497c462407b39b11f6d94015af8e8ad,d3066ce6e3c19763df09d2ef9185666a6f96f99e57743c9f8038e3cb90e15c4f,FALSE,FALSE,FALSE,FALSE,FALSE,FALSE,FALSE,FALSE,71557d1c8bac9bbe3cbec8d00bb223a2f372279827064095447e569fbf5a760a,71557d1c8bac9bbe3cbec8d00bb223a2f372279827064095447e569fbf5a760a,FALSE
candidate,2,1,TRUE,pair_less,ordinary,1,1000000,427,0.302,0.303000000000001,dfddb9b2b91b422bcc693ca8234e4127d5ce2bf2fcabb02271713137399f3960,8cb390f4310bb5332e9085281aa52e5236aecd65b982d0e3a7e9174fe845527e,7d3712fb7ae81b29d8c28e354721b4a737f0e878202e5105ef9df6a672d5e6e4,FALSE,FALSE,FALSE,FALSE,FALSE,FALSE,FALSE,FALSE,71557d1c8bac9bbe3cbec8d00bb223a2f372279827064095447e569fbf5a760a,71557d1c8bac9bbe3cbec8d00bb223a2f372279827064095447e569fbf5a760a,FALSE
candidate,2,1,TRUE,pair_less,typed_double,2,1000000,695,0.282,0.282,4eb038232aaffe99ba822841a72a1be288b698a16ba15b4e5aef22c587ee61d8,8cb390f4310bb5332e9085281aa52e5236aecd65b982d0e3a7e9174fe845527e,7d3712fb7ae81b29d8c28e354721b4a737f0e878202e5105ef9df6a672d5e6e4,FALSE,FALSE,FALSE,FALSE,FALSE,FALSE,FALSE,FALSE,e8c2c3714dfad8ccb787de83956aff6eadd8f5bf3b515e0083ff8aeca241ab2d,e8c2c3714dfad8ccb787de83956aff6eadd8f5bf3b515e0083ff8aeca241ab2d,TRUE
candidate,2,1,TRUE,pair_less,compact,3,1000000,469,0.297,0.298,4eb038232aaffe99ba822841a72a1be288b698a16ba15b4e5aef22c587ee61d8,8cb390f4310bb5332e9085281aa52e5236aecd65b982d0e3a7e9174fe845527e,7d3712fb7ae81b29d8c28e354721b4a737f0e878202e5105ef9df6a672d5e6e4,TRUE,TRUE,FALSE,FALSE,TRUE,TRUE,FALSE,FALSE,0418a77b7087897a0ead6e10b9da2953bfee2ad9da1470ca98b7664e364a3024,0418a77b7087897a0ead6e10b9da2953bfee2ad9da1470ca98b7664e364a3024,TRUE
candidate,2,1,TRUE,scalar_less,compact,1,1000000,1091,0.318,0.317,c0fc146f23f813aa8e80aebc4d9d7ac256ddd10f85b65c17173f37c3fe760d8b,8cb390f4310bb5332e9085281aa52e5236aecd65b982d0e3a7e9174fe845527e,7d3712fb7ae81b29d8c28e354721b4a737f0e878202e5105ef9df6a672d5e6e4,TRUE,TRUE,FALSE,FALSE,TRUE,TRUE,FALSE,FALSE,0418a77b7087897a0ead6e10b9da2953bfee2ad9da1470ca98b7664e364a3024,0418a77b7087897a0ead6e10b9da2953bfee2ad9da1470ca98b7664e364a3024,TRUE
candidate,2,1,TRUE,scalar_less,ordinary,2,1000000,432,0.303,0.302,27468a48d9fd9dc5ba71891904e48c03e2dfcbdc043990f010981b4c4efbdb56,8cb390f4310bb5332e9085281aa52e5236aecd65b982d0e3a7e9174fe845527e,7d3712fb7ae81b29d8c28e354721b4a737f0e878202e5105ef9df6a672d5e6e4,FALSE,FALSE,FALSE,FALSE,FALSE,FALSE,FALSE,FALSE,71557d1c8bac9bbe3cbec8d00bb223a2f372279827064095447e569fbf5a760a,71557d1c8bac9bbe3cbec8d00bb223a2f372279827064095447e569fbf5a760a,FALSE
candidate,2,1,TRUE,scalar_less,typed_double,3,1000000,1060,0.3,0.299,c0fc146f23f813aa8e80aebc4d9d7ac256ddd10f85b65c17173f37c3fe760d8b,8cb390f4310bb5332e9085281aa52e5236aecd65b982d0e3a7e9174fe845527e,7d3712fb7ae81b29d8c28e354721b4a737f0e878202e5105ef9df6a672d5e6e4,FALSE,FALSE,FALSE,FALSE,FALSE,FALSE,FALSE,FALSE,e8c2c3714dfad8ccb787de83956aff6eadd8f5bf3b515e0083ff8aeca241ab2d,e8c2c3714dfad8ccb787de83956aff6eadd8f5bf3b515e0083ff8aeca241ab2d,TRUE
candidate,2,1,TRUE,pair_equal,typed_double,1,1000000,722,0.295,0.295,3373ec4fcf7f1a2c881385b92a07903da1240202fab5b88ee5d7c2603b3b0428,8cb390f4310bb5332e9085281aa52e5236aecd65b982d0e3a7e9174fe845527e,7d3712fb7ae81b29d8c28e354721b4a737f0e878202e5105ef9df6a672d5e6e4,FALSE,FALSE,FALSE,FALSE,FALSE,FALSE,FALSE,FALSE,e8c2c3714dfad8ccb787de83956aff6eadd8f5bf3b515e0083ff8aeca241ab2d,e8c2c3714dfad8ccb787de83956aff6eadd8f5bf3b515e0083ff8aeca241ab2d,TRUE
candidate,2,1,TRUE,pair_equal,compact,2,1000000,475,0.302,0.302,3373ec4fcf7f1a2c881385b92a07903da1240202fab5b88ee5d7c2603b3b0428,8cb390f4310bb5332e9085281aa52e5236aecd65b982d0e3a7e9174fe845527e,7d3712fb7ae81b29d8c28e354721b4a737f0e878202e5105ef9df6a672d5e6e4,TRUE,TRUE,FALSE,FALSE,TRUE,TRUE,FALSE,FALSE,0418a77b7087897a0ead6e10b9da2953bfee2ad9da1470ca98b7664e364a3024,0418a77b7087897a0ead6e10b9da2953bfee2ad9da1470ca98b7664e364a3024,TRUE
candidate,2,1,TRUE,pair_equal,ordinary,3,1000000,361,0.256000000000001,0.254999999999999,c23d64adae593f70407e6f7f1b56406f1d112f7287b7f688c1c2e14458d73483,8cb390f4310bb5332e9085281aa52e5236aecd65b982d0e3a7e9174fe845527e,7d3712fb7ae81b29d8c28e354721b4a737f0e878202e5105ef9df6a672d5e6e4,FALSE,FALSE,FALSE,FALSE,FALSE,FALSE,FALSE,FALSE,71557d1c8bac9bbe3cbec8d00bb223a2f372279827064095447e569fbf5a760a,71557d1c8bac9bbe3cbec8d00bb223a2f372279827064095447e569fbf5a760a,FALSE
candidate,2,0,FALSE,pair_less,ordinary,1,1000000,422,0.299,0.299000000000001,1c8e3c0969ca721d10f0cff30d1542de0795d4b1afd81dbeab684b22fd53e2e5,7f1c1a27229f7a699fa85ff90b5be1266497c462407b39b11f6d94015af8e8ad,d3066ce6e3c19763df09d2ef9185666a6f96f99e57743c9f8038e3cb90e15c4f,FALSE,FALSE,FALSE,FALSE,FALSE,FALSE,FALSE,FALSE,71557d1c8bac9bbe3cbec8d00bb223a2f372279827064095447e569fbf5a760a,71557d1c8bac9bbe3cbec8d00bb223a2f372279827064095447e569fbf5a760a,FALSE
candidate,2,0,FALSE,pair_less,typed_double,2,1000000,816,0.298,0.299,1c8e3c0969ca721d10f0cff30d1542de0795d4b1afd81dbeab684b22fd53e2e5,7f1c1a27229f7a699fa85ff90b5be1266497c462407b39b11f6d94015af8e8ad,d3066ce6e3c19763df09d2ef9185666a6f96f99e57743c9f8038e3cb90e15c4f,FALSE,FALSE,FALSE,FALSE,FALSE,FALSE,FALSE,FALSE,e8c2c3714dfad8ccb787de83956aff6eadd8f5bf3b515e0083ff8aeca241ab2d,e8c2c3714dfad8ccb787de83956aff6eadd8f5bf3b515e0083ff8aeca241ab2d,TRUE
candidate,2,0,FALSE,pair_less,compact,3,1000000,475,0.301,0.302000000000001,1c8e3c0969ca721d10f0cff30d1542de0795d4b1afd81dbeab684b22fd53e2e5,7f1c1a27229f7a699fa85ff90b5be1266497c462407b39b11f6d94015af8e8ad,d3066ce6e3c19763df09d2ef9185666a6f96f99e57743c9f8038e3cb90e15c4f,TRUE,TRUE,FALSE,FALSE,TRUE,TRUE,FALSE,FALSE,0418a77b7087897a0ead6e10b9da2953bfee2ad9da1470ca98b7664e364a3024,0418a77b7087897a0ead6e10b9da2953bfee2ad9da1470ca98b7664e364a3024,TRUE
candidate,2,0,FALSE,scalar_less,compact,1,1000000,1091,0.301,0.302,888be2318f047338553582f6247bd3d4f93d26181da856e938a6787f24c386c8,7f1c1a27229f7a699fa85ff90b5be1266497c462407b39b11f6d94015af8e8ad,d3066ce6e3c19763df09d2ef9185666a6f96f99e57743c9f8038e3cb90e15c4f,TRUE,TRUE,FALSE,FALSE,TRUE,TRUE,FALSE,FALSE,0418a77b7087897a0ead6e10b9da2953bfee2ad9da1470ca98b7664e364a3024,0418a77b7087897a0ead6e10b9da2953bfee2ad9da1470ca98b7664e364a3024,TRUE
candidate,2,0,FALSE,scalar_less,ordinary,2,1000000,427,0.299000000000001,0.300000000000001,888be2318f047338553582f6247bd3d4f93d26181da856e938a6787f24c386c8,7f1c1a27229f7a699fa85ff90b5be1266497c462407b39b11f6d94015af8e8ad,d3066ce6e3c19763df09d2ef9185666a6f96f99e57743c9f8038e3cb90e15c4f,FALSE,FALSE,FALSE,FALSE,FALSE,FALSE,FALSE,FALSE,71557d1c8bac9bbe3cbec8d00bb223a2f372279827064095447e569fbf5a760a,71557d1c8bac9bbe3cbec8d00bb223a2f372279827064095447e569fbf5a760a,FALSE
candidate,2,0,FALSE,scalar_less,typed_double,3,1000000,1210,0.314,0.312999999999999,888be2318f047338553582f6247bd3d4f93d26181da856e938a6787f24c386c8,7f1c1a27229f7a699fa85ff90b5be1266497c462407b39b11f6d94015af8e8ad,d3066ce6e3c19763df09d2ef9185666a6f96f99e57743c9f8038e3cb90e15c4f,FALSE,FALSE,FALSE,FALSE,FALSE,FALSE,FALSE,FALSE,e8c2c3714dfad8ccb787de83956aff6eadd8f5bf3b515e0083ff8aeca241ab2d,e8c2c3714dfad8ccb787de83956aff6eadd8f5bf3b515e0083ff8aeca241ab2d,TRUE
candidate,2,0,FALSE,pair_equal,typed_double,1,1000000,826,0.299,0.299,3373ec4fcf7f1a2c881385b92a07903da1240202fab5b88ee5d7c2603b3b0428,7f1c1a27229f7a699fa85ff90b5be1266497c462407b39b11f6d94015af8e8ad,d3066ce6e3c19763df09d2ef9185666a6f96f99e57743c9f8038e3cb90e15c4f,FALSE,FALSE,FALSE,FALSE,FALSE,FALSE,FALSE,FALSE,e8c2c3714dfad8ccb787de83956aff6eadd8f5bf3b515e0083ff8aeca241ab2d,e8c2c3714dfad8ccb787de83956aff6eadd8f5bf3b515e0083ff8aeca241ab2d,TRUE
candidate,2,0,FALSE,pair_equal,compact,2,1000000,475,0.309,0.308,3373ec4fcf7f1a2c881385b92a07903da1240202fab5b88ee5d7c2603b3b0428,7f1c1a27229f7a699fa85ff90b5be1266497c462407b39b11f6d94015af8e8ad,d3066ce6e3c19763df09d2ef9185666a6f96f99e57743c9f8038e3cb90e15c4f,TRUE,TRUE,FALSE,FALSE,TRUE,TRUE,FALSE,FALSE,0418a77b7087897a0ead6e10b9da2953bfee2ad9da1470ca98b7664e364a3024,0418a77b7087897a0ead6e10b9da2953bfee2ad9da1470ca98b7664e364a3024,TRUE
candidate,2,0,FALSE,pair_equal,ordinary,3,1000000,422,0.297999999999998,0.297999999999998,3373ec4fcf7f1a2c881385b92a07903da1240202fab5b88ee5d7c2603b3b0428,7f1c1a27229f7a699fa85ff90b5be1266497c462407b39b11f6d94015af8e8ad,d3066ce6e3c19763df09d2ef9185666a6f96f99e57743c9f8038e3cb90e15c4f,FALSE,FALSE,FALSE,FALSE,FALSE,FALSE,FALSE,FALSE,71557d1c8bac9bbe3cbec8d00bb223a2f372279827064095447e569fbf5a760a,71557d1c8bac9bbe3cbec8d00bb223a2f372279827064095447e569fbf5a760a,FALSE
candidate,2,0,TRUE,pair_less,ordinary,1,1000000,427,0.302,0.303000000000001,dfddb9b2b91b422bcc693ca8234e4127d5ce2bf2fcabb02271713137399f3960,8cb390f4310bb5332e9085281aa52e5236aecd65b982d0e3a7e9174fe845527e,7d3712fb7ae81b29d8c28e354721b4a737f0e878202e5105ef9df6a672d5e6e4,FALSE,FALSE,FALSE,FALSE,FALSE,FALSE,FALSE,FALSE,71557d1c8bac9bbe3cbec8d00bb223a2f372279827064095447e569fbf5a760a,71557d1c8bac9bbe3cbec8d00bb223a2f372279827064095447e569fbf5a760a,FALSE
candidate,2,0,TRUE,pair_less,typed_double,2,1000000,750,0.319000000000001,0.318000000000001,4eb038232aaffe99ba822841a72a1be288b698a16ba15b4e5aef22c587ee61d8,8cb390f4310bb5332e9085281aa52e5236aecd65b982d0e3a7e9174fe845527e,7d3712fb7ae81b29d8c28e354721b4a737f0e878202e5105ef9df6a672d5e6e4,FALSE,FALSE,FALSE,FALSE,FALSE,FALSE,FALSE,FALSE,e8c2c3714dfad8ccb787de83956aff6eadd8f5bf3b515e0083ff8aeca241ab2d,e8c2c3714dfad8ccb787de83956aff6eadd8f5bf3b515e0083ff8aeca241ab2d,TRUE
candidate,2,0,TRUE,pair_less,compact,3,1000000,475,0.302000000000002,0.300999999999998,4eb038232aaffe99ba822841a72a1be288b698a16ba15b4e5aef22c587ee61d8,8cb390f4310bb5332e9085281aa52e5236aecd65b982d0e3a7e9174fe845527e,7d3712fb7ae81b29d8c28e354721b4a737f0e878202e5105ef9df6a672d5e6e4,TRUE,TRUE,FALSE,FALSE,TRUE,TRUE,FALSE,FALSE,0418a77b7087897a0ead6e10b9da2953bfee2ad9da1470ca98b7664e364a3024,0418a77b7087897a0ead6e10b9da2953bfee2ad9da1470ca98b7664e364a3024,TRUE
candidate,2,0,TRUE,scalar_less,compact,1,1000000,1084,0.301000000000001,0.300999999999998,c0fc146f23f813aa8e80aebc4d9d7ac256ddd10f85b65c17173f37c3fe760d8b,8cb390f4310bb5332e9085281aa52e5236aecd65b982d0e3a7e9174fe845527e,7d3712fb7ae81b29d8c28e354721b4a737f0e878202e5105ef9df6a672d5e6e4,TRUE,TRUE,FALSE,FALSE,TRUE,TRUE,FALSE,FALSE,0418a77b7087897a0ead6e10b9da2953bfee2ad9da1470ca98b7664e364a3024,0418a77b7087897a0ead6e10b9da2953bfee2ad9da1470ca98b7664e364a3024,TRUE
candidate,2,0,TRUE,scalar_less,ordinary,2,1000000,427,0.299,0.299,27468a48d9fd9dc5ba71891904e48c03e2dfcbdc043990f010981b4c4efbdb56,8cb390f4310bb5332e9085281aa52e5236aecd65b982d0e3a7e9174fe845527e,7d3712fb7ae81b29d8c28e354721b4a737f0e878202e5105ef9df6a672d5e6e4,FALSE,FALSE,FALSE,FALSE,FALSE,FALSE,FALSE,FALSE,71557d1c8bac9bbe3cbec8d00bb223a2f372279827064095447e569fbf5a760a,71557d1c8bac9bbe3cbec8d00bb223a2f372279827064095447e569fbf5a760a,FALSE
candidate,2,0,TRUE,scalar_less,typed_double,3,1000000,1054,0.312000000000001,0.312000000000001,c0fc146f23f813aa8e80aebc4d9d7ac256ddd10f85b65c17173f37c3fe760d8b,8cb390f4310bb5332e9085281aa52e5236aecd65b982d0e3a7e9174fe845527e,7d3712fb7ae81b29d8c28e354721b4a737f0e878202e5105ef9df6a672d5e6e4,FALSE,FALSE,FALSE,FALSE,FALSE,FALSE,FALSE,FALSE,e8c2c3714dfad8ccb787de83956aff6eadd8f5bf3b515e0083ff8aeca241ab2d,e8c2c3714dfad8ccb787de83956aff6eadd8f5bf3b515e0083ff8aeca241ab2d,TRUE
candidate,2,0,TRUE,pair_equal,typed_double,1,1000000,736,0.299999999999997,0.300000000000001,3373ec4fcf7f1a2c881385b92a07903da1240202fab5b88ee5d7c2603b3b0428,8cb390f4310bb5332e9085281aa52e5236aecd65b982d0e3a7e9174fe845527e,7d3712fb7ae81b29d8c28e354721b4a737f0e878202e5105ef9df6a672d5e6e4,FALSE,FALSE,FALSE,FALSE,FALSE,FALSE,FALSE,FALSE,e8c2c3714dfad8ccb787de83956aff6eadd8f5bf3b515e0083ff8aeca241ab2d,e8c2c3714dfad8ccb787de83956aff6eadd8f5bf3b515e0083ff8aeca241ab2d,TRUE
candidate,2,0,TRUE,pair_equal,compact,2,1000000,469,0.301000000000002,0.300999999999998,3373ec4fcf7f1a2c881385b92a07903da1240202fab5b88ee5d7c2603b3b0428,8cb390f4310bb5332e9085281aa52e5236aecd65b982d0e3a7e9174fe845527e,7d3712fb7ae81b29d8c28e354721b4a737f0e878202e5105ef9df6a672d5e6e4,TRUE,TRUE,FALSE,FALSE,TRUE,TRUE,FALSE,FALSE,0418a77b7087897a0ead6e10b9da2953bfee2ad9da1470ca98b7664e364a3024,0418a77b7087897a0ead6e10b9da2953bfee2ad9da1470ca98b7664e364a3024,TRUE
candidate,2,0,TRUE,pair_equal,ordinary,3,1000000,422,0.298000000000001,0.297999999999998,c23d64adae593f70407e6f7f1b56406f1d112f7287b7f688c1c2e14458d73483,8cb390f4310bb5332e9085281aa52e5236aecd65b982d0e3a7e9174fe845527e,7d3712fb7ae81b29d8c28e354721b4a737f0e878202e5105ef9df6a672d5e6e4,FALSE,FALSE,FALSE,FALSE,FALSE,FALSE,FALSE,FALSE,71557d1c8bac9bbe3cbec8d00bb223a2f372279827064095447e569fbf5a760a,71557d1c8bac9bbe3cbec8d00bb223a2f372279827064095447e569fbf5a760a,FALSE
baseline,2,1,FALSE,pair_less,ordinary,1,1000000,354,0.255,0.255,1c8e3c0969ca721d10f0cff30d1542de0795d4b1afd81dbeab684b22fd53e2e5,7f1c1a27229f7a699fa85ff90b5be1266497c462407b39b11f6d94015af8e8ad,d3066ce6e3c19763df09d2ef9185666a6f96f99e57743c9f8038e3cb90e15c4f,FALSE,FALSE,FALSE,FALSE,FALSE,FALSE,FALSE,FALSE,71557d1c8bac9bbe3cbec8d00bb223a2f372279827064095447e569fbf5a760a,71557d1c8bac9bbe3cbec8d00bb223a2f372279827064095447e569fbf5a760a,FALSE
baseline,2,1,FALSE,pair_less,typed_double,2,1000000,174,0.317,0.317,1c8e3c0969ca721d10f0cff30d1542de0795d4b1afd81dbeab684b22fd53e2e5,7f1c1a27229f7a699fa85ff90b5be1266497c462407b39b11f6d94015af8e8ad,d3066ce6e3c19763df09d2ef9185666a6f96f99e57743c9f8038e3cb90e15c4f,FALSE,FALSE,FALSE,FALSE,FALSE,FALSE,FALSE,FALSE,e8c2c3714dfad8ccb787de83956aff6eadd8f5bf3b515e0083ff8aeca241ab2d,e8c2c3714dfad8ccb787de83956aff6eadd8f5bf3b515e0083ff8aeca241ab2d,TRUE
baseline,2,1,FALSE,pair_less,compact,3,1000000,469,0.3,0.3,1c8e3c0969ca721d10f0cff30d1542de0795d4b1afd81dbeab684b22fd53e2e5,7f1c1a27229f7a699fa85ff90b5be1266497c462407b39b11f6d94015af8e8ad,d3066ce6e3c19763df09d2ef9185666a6f96f99e57743c9f8038e3cb90e15c4f,TRUE,TRUE,FALSE,FALSE,TRUE,TRUE,FALSE,FALSE,0418a77b7087897a0ead6e10b9da2953bfee2ad9da1470ca98b7664e364a3024,0418a77b7087897a0ead6e10b9da2953bfee2ad9da1470ca98b7664e364a3024,TRUE
baseline,2,1,FALSE,scalar_less,compact,1,1000000,1078,0.317,0.316,888be2318f047338553582f6247bd3d4f93d26181da856e938a6787f24c386c8,7f1c1a27229f7a699fa85ff90b5be1266497c462407b39b11f6d94015af8e8ad,d3066ce6e3c19763df09d2ef9185666a6f96f99e57743c9f8038e3cb90e15c4f,TRUE,TRUE,FALSE,FALSE,TRUE,TRUE,FALSE,FALSE,0418a77b7087897a0ead6e10b9da2953bfee2ad9da1470ca98b7664e364a3024,0418a77b7087897a0ead6e10b9da2953bfee2ad9da1470ca98b7664e364a3024,TRUE
baseline,2,1,FALSE,scalar_less,ordinary,2,1000000,427,0.301,0.301,888be2318f047338553582f6247bd3d4f93d26181da856e938a6787f24c386c8,7f1c1a27229f7a699fa85ff90b5be1266497c462407b39b11f6d94015af8e8ad,d3066ce6e3c19763df09d2ef9185666a6f96f99e57743c9f8038e3cb90e15c4f,FALSE,FALSE,FALSE,FALSE,FALSE,FALSE,FALSE,FALSE,71557d1c8bac9bbe3cbec8d00bb223a2f372279827064095447e569fbf5a760a,71557d1c8bac9bbe3cbec8d00bb223a2f372279827064095447e569fbf5a760a,FALSE
baseline,2,1,FALSE,scalar_less,typed_double,3,1000000,1072,0.269,0.269,888be2318f047338553582f6247bd3d4f93d26181da856e938a6787f24c386c8,7f1c1a27229f7a699fa85ff90b5be1266497c462407b39b11f6d94015af8e8ad,d3066ce6e3c19763df09d2ef9185666a6f96f99e57743c9f8038e3cb90e15c4f,FALSE,FALSE,FALSE,FALSE,FALSE,FALSE,FALSE,FALSE,e8c2c3714dfad8ccb787de83956aff6eadd8f5bf3b515e0083ff8aeca241ab2d,e8c2c3714dfad8ccb787de83956aff6eadd8f5bf3b515e0083ff8aeca241ab2d,TRUE
baseline,2,1,FALSE,pair_equal,typed_double,1,1000000,146,0.283,0.283,3373ec4fcf7f1a2c881385b92a07903da1240202fab5b88ee5d7c2603b3b0428,7f1c1a27229f7a699fa85ff90b5be1266497c462407b39b11f6d94015af8e8ad,d3066ce6e3c19763df09d2ef9185666a6f96f99e57743c9f8038e3cb90e15c4f,FALSE,FALSE,FALSE,FALSE,FALSE,FALSE,FALSE,FALSE,e8c2c3714dfad8ccb787de83956aff6eadd8f5bf3b515e0083ff8aeca241ab2d,e8c2c3714dfad8ccb787de83956aff6eadd8f5bf3b515e0083ff8aeca241ab2d,TRUE
baseline,2,1,FALSE,pair_equal,compact,2,1000000,469,0.315,0.315,3373ec4fcf7f1a2c881385b92a07903da1240202fab5b88ee5d7c2603b3b0428,7f1c1a27229f7a699fa85ff90b5be1266497c462407b39b11f6d94015af8e8ad,d3066ce6e3c19763df09d2ef9185666a6f96f99e57743c9f8038e3cb90e15c4f,TRUE,TRUE,FALSE,FALSE,TRUE,TRUE,FALSE,FALSE,0418a77b7087897a0ead6e10b9da2953bfee2ad9da1470ca98b7664e364a3024,0418a77b7087897a0ead6e10b9da2953bfee2ad9da1470ca98b7664e364a3024,TRUE
baseline,2,1,FALSE,pair_equal,ordinary,3,1000000,422,0.302,0.301,3373ec4fcf7f1a2c881385b92a07903da1240202fab5b88ee5d7c2603b3b0428,7f1c1a27229f7a699fa85ff90b5be1266497c462407b39b11f6d94015af8e8ad,d3066ce6e3c19763df09d2ef9185666a6f96f99e57743c9f8038e3cb90e15c4f,FALSE,FALSE,FALSE,FALSE,FALSE,FALSE,FALSE,FALSE,71557d1c8bac9bbe3cbec8d00bb223a2f372279827064095447e569fbf5a760a,71557d1c8bac9bbe3cbec8d00bb223a2f372279827064095447e569fbf5a760a,FALSE
baseline,2,1,TRUE,pair_less,ordinary,1,1000000,422,0.299,0.299,dfddb9b2b91b422bcc693ca8234e4127d5ce2bf2fcabb02271713137399f3960,8cb390f4310bb5332e9085281aa52e5236aecd65b982d0e3a7e9174fe845527e,7d3712fb7ae81b29d8c28e354721b4a737f0e878202e5105ef9df6a672d5e6e4,FALSE,FALSE,FALSE,FALSE,FALSE,FALSE,FALSE,FALSE,71557d1c8bac9bbe3cbec8d00bb223a2f372279827064095447e569fbf5a760a,71557d1c8bac9bbe3cbec8d00bb223a2f372279827064095447e569fbf5a760a,FALSE
baseline,2,1,TRUE,pair_less,typed_double,2,1000000,170,0.294,0.295,4eb038232aaffe99ba822841a72a1be288b698a16ba15b4e5aef22c587ee61d8,8cb390f4310bb5332e9085281aa52e5236aecd65b982d0e3a7e9174fe845527e,7d3712fb7ae81b29d8c28e354721b4a737f0e878202e5105ef9df6a672d5e6e4,FALSE,FALSE,FALSE,FALSE,FALSE,FALSE,FALSE,FALSE,e8c2c3714dfad8ccb787de83956aff6eadd8f5bf3b515e0083ff8aeca241ab2d,e8c2c3714dfad8ccb787de83956aff6eadd8f5bf3b515e0083ff8aeca241ab2d,TRUE
baseline,2,1,TRUE,pair_less,compact,3,1000000,469,0.315,0.315,4eb038232aaffe99ba822841a72a1be288b698a16ba15b4e5aef22c587ee61d8,8cb390f4310bb5332e9085281aa52e5236aecd65b982d0e3a7e9174fe845527e,7d3712fb7ae81b29d8c28e354721b4a737f0e878202e5105ef9df6a672d5e6e4,TRUE,TRUE,FALSE,FALSE,TRUE,TRUE,FALSE,FALSE,0418a77b7087897a0ead6e10b9da2953bfee2ad9da1470ca98b7664e364a3024,0418a77b7087897a0ead6e10b9da2953bfee2ad9da1470ca98b7664e364a3024,TRUE
baseline,2,1,TRUE,scalar_less,compact,1,1000000,1084,0.3,0.300000000000001,c0fc146f23f813aa8e80aebc4d9d7ac256ddd10f85b65c17173f37c3fe760d8b,8cb390f4310bb5332e9085281aa52e5236aecd65b982d0e3a7e9174fe845527e,7d3712fb7ae81b29d8c28e354721b4a737f0e878202e5105ef9df6a672d5e6e4,TRUE,TRUE,FALSE,FALSE,TRUE,TRUE,FALSE,FALSE,0418a77b7087897a0ead6e10b9da2953bfee2ad9da1470ca98b7664e364a3024,0418a77b7087897a0ead6e10b9da2953bfee2ad9da1470ca98b7664e364a3024,TRUE
baseline,2,1,TRUE,scalar_less,ordinary,2,1000000,427,0.300000000000001,0.300000000000001,27468a48d9fd9dc5ba71891904e48c03e2dfcbdc043990f010981b4c4efbdb56,8cb390f4310bb5332e9085281aa52e5236aecd65b982d0e3a7e9174fe845527e,7d3712fb7ae81b29d8c28e354721b4a737f0e878202e5105ef9df6a672d5e6e4,FALSE,FALSE,FALSE,FALSE,FALSE,FALSE,FALSE,FALSE,71557d1c8bac9bbe3cbec8d00bb223a2f372279827064095447e569fbf5a760a,71557d1c8bac9bbe3cbec8d00bb223a2f372279827064095447e569fbf5a760a,FALSE
baseline,2,1,TRUE,scalar_less,typed_double,3,1000000,1060,0.316999999999999,0.316000000000001,c0fc146f23f813aa8e80aebc4d9d7ac256ddd10f85b65c17173f37c3fe760d8b,8cb390f4310bb5332e9085281aa52e5236aecd65b982d0e3a7e9174fe845527e,7d3712fb7ae81b29d8c28e354721b4a737f0e878202e5105ef9df6a672d5e6e4,FALSE,FALSE,FALSE,FALSE,FALSE,FALSE,FALSE,FALSE,e8c2c3714dfad8ccb787de83956aff6eadd8f5bf3b515e0083ff8aeca241ab2d,e8c2c3714dfad8ccb787de83956aff6eadd8f5bf3b515e0083ff8aeca241ab2d,TRUE
baseline,2,1,TRUE,pair_equal,typed_double,1,1000000,148,0.301,0.301,3373ec4fcf7f1a2c881385b92a07903da1240202fab5b88ee5d7c2603b3b0428,8cb390f4310bb5332e9085281aa52e5236aecd65b982d0e3a7e9174fe845527e,7d3712fb7ae81b29d8c28e354721b4a737f0e878202e5105ef9df6a672d5e6e4,FALSE,FALSE,FALSE,FALSE,FALSE,FALSE,FALSE,FALSE,e8c2c3714dfad8ccb787de83956aff6eadd8f5bf3b515e0083ff8aeca241ab2d,e8c2c3714dfad8ccb787de83956aff6eadd8f5bf3b515e0083ff8aeca241ab2d,TRUE
baseline,2,1,TRUE,pair_equal,compact,2,1000000,469,0.299,0.298,3373ec4fcf7f1a2c881385b92a07903da1240202fab5b88ee5d7c2603b3b0428,8cb390f4310bb5332e9085281aa52e5236aecd65b982d0e3a7e9174fe845527e,7d3712fb7ae81b29d8c28e354721b4a737f0e878202e5105ef9df6a672d5e6e4,TRUE,TRUE,FALSE,FALSE,TRUE,TRUE,FALSE,FALSE,0418a77b7087897a0ead6e10b9da2953bfee2ad9da1470ca98b7664e364a3024,0418a77b7087897a0ead6e10b9da2953bfee2ad9da1470ca98b7664e364a3024,TRUE
baseline,2,1,TRUE,pair_equal,ordinary,3,1000000,427,0.302,0.302999999999999,c23d64adae593f70407e6f7f1b56406f1d112f7287b7f688c1c2e14458d73483,8cb390f4310bb5332e9085281aa52e5236aecd65b982d0e3a7e9174fe845527e,7d3712fb7ae81b29d8c28e354721b4a737f0e878202e5105ef9df6a672d5e6e4,FALSE,FALSE,FALSE,FALSE,FALSE,FALSE,FALSE,FALSE,71557d1c8bac9bbe3cbec8d00bb223a2f372279827064095447e569fbf5a760a,71557d1c8bac9bbe3cbec8d00bb223a2f372279827064095447e569fbf5a760a,FALSE
baseline,2,0,FALSE,pair_less,ordinary,1,1000000,422,0.299,0.299000000000001,1c8e3c0969ca721d10f0cff30d1542de0795d4b1afd81dbeab684b22fd53e2e5,7f1c1a27229f7a699fa85ff90b5be1266497c462407b39b11f6d94015af8e8ad,d3066ce6e3c19763df09d2ef9185666a6f96f99e57743c9f8038e3cb90e15c4f,FALSE,FALSE,FALSE,FALSE,FALSE,FALSE,FALSE,FALSE,71557d1c8bac9bbe3cbec8d00bb223a2f372279827064095447e569fbf5a760a,71557d1c8bac9bbe3cbec8d00bb223a2f372279827064095447e569fbf5a760a,FALSE
baseline,2,0,FALSE,pair_less,typed_double,2,1000000,159,0.300999999999999,0.0800000000000001,1c8e3c0969ca721d10f0cff30d1542de0795d4b1afd81dbeab684b22fd53e2e5,7f1c1a27229f7a699fa85ff90b5be1266497c462407b39b11f6d94015af8e8ad,d3066ce6e3c19763df09d2ef9185666a6f96f99e57743c9f8038e3cb90e15c4f,FALSE,FALSE,FALSE,FALSE,FALSE,FALSE,FALSE,FALSE,e8c2c3714dfad8ccb787de83956aff6eadd8f5bf3b515e0083ff8aeca241ab2d,e8c2c3714dfad8ccb787de83956aff6eadd8f5bf3b515e0083ff8aeca241ab2d,TRUE
baseline,2,0,FALSE,pair_less,compact,3,1000000,368,0.3,0.088000000000001,1c8e3c0969ca721d10f0cff30d1542de0795d4b1afd81dbeab684b22fd53e2e5,7f1c1a27229f7a699fa85ff90b5be1266497c462407b39b11f6d94015af8e8ad,d3066ce6e3c19763df09d2ef9185666a6f96f99e57743c9f8038e3cb90e15c4f,TRUE,TRUE,FALSE,FALSE,TRUE,TRUE,FALSE,FALSE,0418a77b7087897a0ead6e10b9da2953bfee2ad9da1470ca98b7664e364a3024,0418a77b7087897a0ead6e10b9da2953bfee2ad9da1470ca98b7664e364a3024,TRUE
baseline,2,0,FALSE,scalar_less,compact,1,1000000,736,0.297,0.0990000000000002,888be2318f047338553582f6247bd3d4f93d26181da856e938a6787f24c386c8,7f1c1a27229f7a699fa85ff90b5be1266497c462407b39b11f6d94015af8e8ad,d3066ce6e3c19763df09d2ef9185666a6f96f99e57743c9f8038e3cb90e15c4f,TRUE,TRUE,FALSE,FALSE,TRUE,TRUE,FALSE,FALSE,0418a77b7087897a0ead6e10b9da2953bfee2ad9da1470ca98b7664e364a3024,0418a77b7087897a0ead6e10b9da2953bfee2ad9da1470ca98b7664e364a3024,TRUE
baseline,2,0,FALSE,scalar_less,ordinary,2,1000000,427,0.316999999999999,0.317,888be2318f047338553582f6247bd3d4f93d26181da856e938a6787f24c386c8,7f1c1a27229f7a699fa85ff90b5be1266497c462407b39b11f6d94015af8e8ad,d3066ce6e3c19763df09d2ef9185666a6f96f99e57743c9f8038e3cb90e15c4f,FALSE,FALSE,FALSE,FALSE,FALSE,FALSE,FALSE,FALSE,71557d1c8bac9bbe3cbec8d00bb223a2f372279827064095447e569fbf5a760a,71557d1c8bac9bbe3cbec8d00bb223a2f372279827064095447e569fbf5a760a,FALSE
baseline,2,0,FALSE,scalar_less,typed_double,3,1000000,1210,0.3,0.300000000000001,888be2318f047338553582f6247bd3d4f93d26181da856e938a6787f24c386c8,7f1c1a27229f7a699fa85ff90b5be1266497c462407b39b11f6d94015af8e8ad,d3066ce6e3c19763df09d2ef9185666a6f96f99e57743c9f8038e3cb90e15c4f,FALSE,FALSE,FALSE,FALSE,FALSE,FALSE,FALSE,FALSE,e8c2c3714dfad8ccb787de83956aff6eadd8f5bf3b515e0083ff8aeca241ab2d,e8c2c3714dfad8ccb787de83956aff6eadd8f5bf3b515e0083ff8aeca241ab2d,TRUE
baseline,2,0,FALSE,pair_equal,typed_double,1,1000000,132,0.296,0.0839999999999996,3373ec4fcf7f1a2c881385b92a07903da1240202fab5b88ee5d7c2603b3b0428,7f1c1a27229f7a699fa85ff90b5be1266497c462407b39b11f6d94015af8e8ad,d3066ce6e3c19763df09d2ef9185666a6f96f99e57743c9f8038e3cb90e15c4f,FALSE,FALSE,FALSE,FALSE,FALSE,FALSE,FALSE,FALSE,e8c2c3714dfad8ccb787de83956aff6eadd8f5bf3b515e0083ff8aeca241ab2d,e8c2c3714dfad8ccb787de83956aff6eadd8f5bf3b515e0083ff8aeca241ab2d,TRUE
baseline,2,0,FALSE,pair_equal,compact,2,1000000,372,0.302999999999999,0.0899999999999999,3373ec4fcf7f1a2c881385b92a07903da1240202fab5b88ee5d7c2603b3b0428,7f1c1a27229f7a699fa85ff90b5be1266497c462407b39b11f6d94015af8e8ad,d3066ce6e3c19763df09d2ef9185666a6f96f99e57743c9f8038e3cb90e15c4f,TRUE,TRUE,FALSE,FALSE,TRUE,TRUE,FALSE,FALSE,0418a77b7087897a0ead6e10b9da2953bfee2ad9da1470ca98b7664e364a3024,0418a77b7087897a0ead6e10b9da2953bfee2ad9da1470ca98b7664e364a3024,TRUE
baseline,2,0,FALSE,pair_equal,ordinary,3,1000000,422,0.299000000000003,0.299,3373ec4fcf7f1a2c881385b92a07903da1240202fab5b88ee5d7c2603b3b0428,7f1c1a27229f7a699fa85ff90b5be1266497c462407b39b11f6d94015af8e8ad,d3066ce6e3c19763df09d2ef9185666a6f96f99e57743c9f8038e3cb90e15c4f,FALSE,FALSE,FALSE,FALSE,FALSE,FALSE,FALSE,FALSE,71557d1c8bac9bbe3cbec8d00bb223a2f372279827064095447e569fbf5a760a,71557d1c8bac9bbe3cbec8d00bb223a2f372279827064095447e569fbf5a760a,FALSE
baseline,2,0,TRUE,pair_less,ordinary,1,1000000,427,0.302,0.303000000000001,dfddb9b2b91b422bcc693ca8234e4127d5ce2bf2fcabb02271713137399f3960,8cb390f4310bb5332e9085281aa52e5236aecd65b982d0e3a7e9174fe845527e,7d3712fb7ae81b29d8c28e354721b4a737f0e878202e5105ef9df6a672d5e6e4,FALSE,FALSE,FALSE,FALSE,FALSE,FALSE,FALSE,FALSE,71557d1c8bac9bbe3cbec8d00bb223a2f372279827064095447e569fbf5a760a,71557d1c8bac9bbe3cbec8d00bb223a2f372279827064095447e569fbf5a760a,FALSE
baseline,2,0,TRUE,pair_less,typed_double,2,1000000,149,0.285,0.0760000000000005,4eb038232aaffe99ba822841a72a1be288b698a16ba15b4e5aef22c587ee61d8,8cb390f4310bb5332e9085281aa52e5236aecd65b982d0e3a7e9174fe845527e,7d3712fb7ae81b29d8c28e354721b4a737f0e878202e5105ef9df6a672d5e6e4,FALSE,FALSE,FALSE,FALSE,FALSE,FALSE,FALSE,FALSE,e8c2c3714dfad8ccb787de83956aff6eadd8f5bf3b515e0083ff8aeca241ab2d,e8c2c3714dfad8ccb787de83956aff6eadd8f5bf3b515e0083ff8aeca241ab2d,TRUE
baseline,2,0,TRUE,pair_less,compact,3,1000000,368,0.301000000000001,0.0889999999999986,4eb038232aaffe99ba822841a72a1be288b698a16ba15b4e5aef22c587ee61d8,8cb390f4310bb5332e9085281aa52e5236aecd65b982d0e3a7e9174fe845527e,7d3712fb7ae81b29d8c28e354721b4a737f0e878202e5105ef9df6a672d5e6e4,TRUE,TRUE,FALSE,FALSE,TRUE,TRUE,FALSE,FALSE,0418a77b7087897a0ead6e10b9da2953bfee2ad9da1470ca98b7664e364a3024,0418a77b7087897a0ead6e10b9da2953bfee2ad9da1470ca98b7664e364a3024,TRUE
baseline,2,0,TRUE,scalar_less,compact,1,1000000,736,0.299000000000003,0.100000000000001,c0fc146f23f813aa8e80aebc4d9d7ac256ddd10f85b65c17173f37c3fe760d8b,8cb390f4310bb5332e9085281aa52e5236aecd65b982d0e3a7e9174fe845527e,7d3712fb7ae81b29d8c28e354721b4a737f0e878202e5105ef9df6a672d5e6e4,TRUE,TRUE,FALSE,FALSE,TRUE,TRUE,FALSE,FALSE,0418a77b7087897a0ead6e10b9da2953bfee2ad9da1470ca98b7664e364a3024,0418a77b7087897a0ead6e10b9da2953bfee2ad9da1470ca98b7664e364a3024,TRUE
baseline,2,0,TRUE,scalar_less,ordinary,2,1000000,427,0.300000000000001,0.301000000000002,27468a48d9fd9dc5ba71891904e48c03e2dfcbdc043990f010981b4c4efbdb56,8cb390f4310bb5332e9085281aa52e5236aecd65b982d0e3a7e9174fe845527e,7d3712fb7ae81b29d8c28e354721b4a737f0e878202e5105ef9df6a672d5e6e4,FALSE,FALSE,FALSE,FALSE,FALSE,FALSE,FALSE,FALSE,71557d1c8bac9bbe3cbec8d00bb223a2f372279827064095447e569fbf5a760a,71557d1c8bac9bbe3cbec8d00bb223a2f372279827064095447e569fbf5a760a,FALSE
baseline,2,0,TRUE,scalar_less,typed_double,3,1000000,1060,0.299,0.300000000000001,c0fc146f23f813aa8e80aebc4d9d7ac256ddd10f85b65c17173f37c3fe760d8b,8cb390f4310bb5332e9085281aa52e5236aecd65b982d0e3a7e9174fe845527e,7d3712fb7ae81b29d8c28e354721b4a737f0e878202e5105ef9df6a672d5e6e4,FALSE,FALSE,FALSE,FALSE,FALSE,FALSE,FALSE,FALSE,e8c2c3714dfad8ccb787de83956aff6eadd8f5bf3b515e0083ff8aeca241ab2d,e8c2c3714dfad8ccb787de83956aff6eadd8f5bf3b515e0083ff8aeca241ab2d,TRUE
baseline,2,0,TRUE,pair_equal,typed_double,1,1000000,137,0.294999999999999,0.0790000000000006,3373ec4fcf7f1a2c881385b92a07903da1240202fab5b88ee5d7c2603b3b0428,8cb390f4310bb5332e9085281aa52e5236aecd65b982d0e3a7e9174fe845527e,7d3712fb7ae81b29d8c28e354721b4a737f0e878202e5105ef9df6a672d5e6e4,FALSE,FALSE,FALSE,FALSE,FALSE,FALSE,FALSE,FALSE,e8c2c3714dfad8ccb787de83956aff6eadd8f5bf3b515e0083ff8aeca241ab2d,e8c2c3714dfad8ccb787de83956aff6eadd8f5bf3b515e0083ff8aeca241ab2d,TRUE
baseline,2,0,TRUE,pair_equal,compact,2,1000000,365,0.297,0.0879999999999974,3373ec4fcf7f1a2c881385b92a07903da1240202fab5b88ee5d7c2603b3b0428,8cb390f4310bb5332e9085281aa52e5236aecd65b982d0e3a7e9174fe845527e,7d3712fb7ae81b29d8c28e354721b4a737f0e878202e5105ef9df6a672d5e6e4,TRUE,TRUE,FALSE,FALSE,TRUE,TRUE,FALSE,FALSE,0418a77b7087897a0ead6e10b9da2953bfee2ad9da1470ca98b7664e364a3024,0418a77b7087897a0ead6e10b9da2953bfee2ad9da1470ca98b7664e364a3024,TRUE
baseline,2,0,TRUE,pair_equal,ordinary,3,1000000,422,0.298000000000002,0.298000000000002,c23d64adae593f70407e6f7f1b56406f1d112f7287b7f688c1c2e14458d73483,8cb390f4310bb5332e9085281aa52e5236aecd65b982d0e3a7e9174fe845527e,7d3712fb7ae81b29d8c28e354721b4a737f0e878202e5105ef9df6a672d5e6e4,FALSE,FALSE,FALSE,FALSE,FALSE,FALSE,FALSE,FALSE,71557d1c8bac9bbe3cbec8d00bb223a2f372279827064095447e569fbf5a760a,71557d1c8bac9bbe3cbec8d00bb223a2f372279827064095447e569fbf5a760a,FALSE
baseline,3,1,FALSE,pair_less,typed_double,1,1000000,170,0.282,0.281,1c8e3c0969ca721d10f0cff30d1542de0795d4b1afd81dbeab684b22fd53e2e5,7f1c1a27229f7a699fa85ff90b5be1266497c462407b39b11f6d94015af8e8ad,d3066ce6e3c19763df09d2ef9185666a6f96f99e57743c9f8038e3cb90e15c4f,FALSE,FALSE,FALSE,FALSE,FALSE,FALSE,FALSE,FALSE,e8c2c3714dfad8ccb787de83956aff6eadd8f5bf3b515e0083ff8aeca241ab2d,e8c2c3714dfad8ccb787de83956aff6eadd8f5bf3b515e0083ff8aeca241ab2d,TRUE
baseline,3,1,FALSE,pair_less,ordinary,2,1000000,422,0.301,0.301,1c8e3c0969ca721d10f0cff30d1542de0795d4b1afd81dbeab684b22fd53e2e5,7f1c1a27229f7a699fa85ff90b5be1266497c462407b39b11f6d94015af8e8ad,d3066ce6e3c19763df09d2ef9185666a6f96f99e57743c9f8038e3cb90e15c4f,FALSE,FALSE,FALSE,FALSE,FALSE,FALSE,FALSE,FALSE,71557d1c8bac9bbe3cbec8d00bb223a2f372279827064095447e569fbf5a760a,71557d1c8bac9bbe3cbec8d00bb223a2f372279827064095447e569fbf5a760a,FALSE
baseline,3,1,FALSE,pair_less,compact,3,1000000,452,0.31,0.311,1c8e3c0969ca721d10f0cff30d1542de0795d4b1afd81dbeab684b22fd53e2e5,7f1c1a27229f7a699fa85ff90b5be1266497c462407b39b11f6d94015af8e8ad,d3066ce6e3c19763df09d2ef9185666a6f96f99e57743c9f8038e3cb90e15c4f,TRUE,TRUE,FALSE,FALSE,TRUE,TRUE,FALSE,FALSE,0418a77b7087897a0ead6e10b9da2953bfee2ad9da1470ca98b7664e364a3024,0418a77b7087897a0ead6e10b9da2953bfee2ad9da1470ca98b7664e364a3024,TRUE
baseline,3,1,FALSE,scalar_less,ordinary,1,1000000,427,0.312,0.312,888be2318f047338553582f6247bd3d4f93d26181da856e938a6787f24c386c8,7f1c1a27229f7a699fa85ff90b5be1266497c462407b39b11f6d94015af8e8ad,d3066ce6e3c19763df09d2ef9185666a6f96f99e57743c9f8038e3cb90e15c4f,FALSE,FALSE,FALSE,FALSE,FALSE,FALSE,FALSE,FALSE,71557d1c8bac9bbe3cbec8d00bb223a2f372279827064095447e569fbf5a760a,71557d1c8bac9bbe3cbec8d00bb223a2f372279827064095447e569fbf5a760a,FALSE
baseline,3,1,FALSE,scalar_less,compact,2,1000000,1066,0.314,0.314,888be2318f047338553582f6247bd3d4f93d26181da856e938a6787f24c386c8,7f1c1a27229f7a699fa85ff90b5be1266497c462407b39b11f6d94015af8e8ad,d3066ce6e3c19763df09d2ef9185666a6f96f99e57743c9f8038e3cb90e15c4f,TRUE,TRUE,FALSE,FALSE,TRUE,TRUE,FALSE,FALSE,0418a77b7087897a0ead6e10b9da2953bfee2ad9da1470ca98b7664e364a3024,0418a77b7087897a0ead6e10b9da2953bfee2ad9da1470ca98b7664e364a3024,TRUE
baseline,3,1,FALSE,scalar_less,typed_double,3,1000000,1078,0.273,0.272,888be2318f047338553582f6247bd3d4f93d26181da856e938a6787f24c386c8,7f1c1a27229f7a699fa85ff90b5be1266497c462407b39b11f6d94015af8e8ad,d3066ce6e3c19763df09d2ef9185666a6f96f99e57743c9f8038e3cb90e15c4f,FALSE,FALSE,FALSE,FALSE,FALSE,FALSE,FALSE,FALSE,e8c2c3714dfad8ccb787de83956aff6eadd8f5bf3b515e0083ff8aeca241ab2d,e8c2c3714dfad8ccb787de83956aff6eadd8f5bf3b515e0083ff8aeca241ab2d,TRUE
baseline,3,1,FALSE,pair_equal,compact,1,1000000,475,0.32,0.32,3373ec4fcf7f1a2c881385b92a07903da1240202fab5b88ee5d7c2603b3b0428,7f1c1a27229f7a699fa85ff90b5be1266497c462407b39b11f6d94015af8e8ad,d3066ce6e3c19763df09d2ef9185666a6f96f99e57743c9f8038e3cb90e15c4f,TRUE,TRUE,FALSE,FALSE,TRUE,TRUE,FALSE,FALSE,0418a77b7087897a0ead6e10b9da2953bfee2ad9da1470ca98b7664e364a3024,0418a77b7087897a0ead6e10b9da2953bfee2ad9da1470ca98b7664e364a3024,TRUE
baseline,3,1,FALSE,pair_equal,typed_double,2,1000000,166,0.301000000000001,0.301,3373ec4fcf7f1a2c881385b92a07903da1240202fab5b88ee5d7c2603b3b0428,7f1c1a27229f7a699fa85ff90b5be1266497c462407b39b11f6d94015af8e8ad,d3066ce6e3c19763df09d2ef9185666a6f96f99e57743c9f8038e3cb90e15c4f,FALSE,FALSE,FALSE,FALSE,FALSE,FALSE,FALSE,FALSE,e8c2c3714dfad8ccb787de83956aff6eadd8f5bf3b515e0083ff8aeca241ab2d,e8c2c3714dfad8ccb787de83956aff6eadd8f5bf3b515e0083ff8aeca241ab2d,TRUE
baseline,3,1,FALSE,pair_equal,ordinary,3,1000000,422,0.3,0.301,3373ec4fcf7f1a2c881385b92a07903da1240202fab5b88ee5d7c2603b3b0428,7f1c1a27229f7a699fa85ff90b5be1266497c462407b39b11f6d94015af8e8ad,d3066ce6e3c19763df09d2ef9185666a6f96f99e57743c9f8038e3cb90e15c4f,FALSE,FALSE,FALSE,FALSE,FALSE,FALSE,FALSE,FALSE,71557d1c8bac9bbe3cbec8d00bb223a2f372279827064095447e569fbf5a760a,71557d1c8bac9bbe3cbec8d00bb223a2f372279827064095447e569fbf5a760a,FALSE
baseline,3,1,TRUE,pair_less,typed_double,1,1000000,174,0.285,0.285,4eb038232aaffe99ba822841a72a1be288b698a16ba15b4e5aef22c587ee61d8,8cb390f4310bb5332e9085281aa52e5236aecd65b982d0e3a7e9174fe845527e,7d3712fb7ae81b29d8c28e354721b4a737f0e878202e5105ef9df6a672d5e6e4,FALSE,FALSE,FALSE,FALSE,FALSE,FALSE,FALSE,FALSE,e8c2c3714dfad8ccb787de83956aff6eadd8f5bf3b515e0083ff8aeca241ab2d,e8c2c3714dfad8ccb787de83956aff6eadd8f5bf3b515e0083ff8aeca241ab2d,TRUE
baseline,3,1,TRUE,pair_less,ordinary,2,1000000,422,0.3,0.299,dfddb9b2b91b422bcc693ca8234e4127d5ce2bf2fcabb02271713137399f3960,8cb390f4310bb5332e9085281aa52e5236aecd65b982d0e3a7e9174fe845527e,7d3712fb7ae81b29d8c28e354721b4a737f0e878202e5105ef9df6a672d5e6e4,FALSE,FALSE,FALSE,FALSE,FALSE,FALSE,FALSE,FALSE,71557d1c8bac9bbe3cbec8d00bb223a2f372279827064095447e569fbf5a760a,71557d1c8bac9bbe3cbec8d00bb223a2f372279827064095447e569fbf5a760a,FALSE
baseline,3,1,TRUE,pair_less,compact,3,1000000,469,0.297,0.298000000000001,4eb038232aaffe99ba822841a72a1be288b698a16ba15b4e5aef22c587ee61d8,8cb390f4310bb5332e9085281aa52e5236aecd65b982d0e3a7e9174fe845527e,7d3712fb7ae81b29d8c28e354721b4a737f0e878202e5105ef9df6a672d5e6e4,TRUE,TRUE,FALSE,FALSE,TRUE,TRUE,FALSE,FALSE,0418a77b7087897a0ead6e10b9da2953bfee2ad9da1470ca98b7664e364a3024,0418a77b7087897a0ead6e10b9da2953bfee2ad9da1470ca98b7664e364a3024,TRUE
baseline,3,1,TRUE,scalar_less,ordinary,1,1000000,427,0.300999999999999,0.300000000000001,27468a48d9fd9dc5ba71891904e48c03e2dfcbdc043990f010981b4c4efbdb56,8cb390f4310bb5332e9085281aa52e5236aecd65b982d0e3a7e9174fe845527e,7d3712fb7ae81b29d8c28e354721b4a737f0e878202e5105ef9df6a672d5e6e4,FALSE,FALSE,FALSE,FALSE,FALSE,FALSE,FALSE,FALSE,71557d1c8bac9bbe3cbec8d00bb223a2f372279827064095447e569fbf5a760a,71557d1c8bac9bbe3cbec8d00bb223a2f372279827064095447e569fbf5a760a,FALSE
baseline,3,1,TRUE,scalar_less,compact,2,1000000,1084,0.301,0.301,c0fc146f23f813aa8e80aebc4d9d7ac256ddd10f85b65c17173f37c3fe760d8b,8cb390f4310bb5332e9085281aa52e5236aecd65b982d0e3a7e9174fe845527e,7d3712fb7ae81b29d8c28e354721b4a737f0e878202e5105ef9df6a672d5e6e4,TRUE,TRUE,FALSE,FALSE,TRUE,TRUE,FALSE,FALSE,0418a77b7087897a0ead6e10b9da2953bfee2ad9da1470ca98b7664e364a3024,0418a77b7087897a0ead6e10b9da2953bfee2ad9da1470ca98b7664e364a3024,TRUE
baseline,3,1,TRUE,scalar_less,typed_double,3,1000000,1060,0.306,0.305,c0fc146f23f813aa8e80aebc4d9d7ac256ddd10f85b65c17173f37c3fe760d8b,8cb390f4310bb5332e9085281aa52e5236aecd65b982d0e3a7e9174fe845527e,7d3712fb7ae81b29d8c28e354721b4a737f0e878202e5105ef9df6a672d5e6e4,FALSE,FALSE,FALSE,FALSE,FALSE,FALSE,FALSE,FALSE,e8c2c3714dfad8ccb787de83956aff6eadd8f5bf3b515e0083ff8aeca241ab2d,e8c2c3714dfad8ccb787de83956aff6eadd8f5bf3b515e0083ff8aeca241ab2d,TRUE
baseline,3,1,TRUE,pair_equal,compact,1,1000000,475,0.303000000000001,0.302,3373ec4fcf7f1a2c881385b92a07903da1240202fab5b88ee5d7c2603b3b0428,8cb390f4310bb5332e9085281aa52e5236aecd65b982d0e3a7e9174fe845527e,7d3712fb7ae81b29d8c28e354721b4a737f0e878202e5105ef9df6a672d5e6e4,TRUE,TRUE,FALSE,FALSE,TRUE,TRUE,FALSE,FALSE,0418a77b7087897a0ead6e10b9da2953bfee2ad9da1470ca98b7664e364a3024,0418a77b7087897a0ead6e10b9da2953bfee2ad9da1470ca98b7664e364a3024,TRUE
baseline,3,1,TRUE,pair_equal,typed_double,2,1000000,164,0.300999999999999,0.301,3373ec4fcf7f1a2c881385b92a07903da1240202fab5b88ee5d7c2603b3b0428,8cb390f4310bb5332e9085281aa52e5236aecd65b982d0e3a7e9174fe845527e,7d3712fb7ae81b29d8c28e354721b4a737f0e878202e5105ef9df6a672d5e6e4,FALSE,FALSE,FALSE,FALSE,FALSE,FALSE,FALSE,FALSE,e8c2c3714dfad8ccb787de83956aff6eadd8f5bf3b515e0083ff8aeca241ab2d,e8c2c3714dfad8ccb787de83956aff6eadd8f5bf3b515e0083ff8aeca241ab2d,TRUE
baseline,3,1,TRUE,pair_equal,ordinary,3,1000000,427,0.303,0.302,c23d64adae593f70407e6f7f1b56406f1d112f7287b7f688c1c2e14458d73483,8cb390f4310bb5332e9085281aa52e5236aecd65b982d0e3a7e9174fe845527e,7d3712fb7ae81b29d8c28e354721b4a737f0e878202e5105ef9df6a672d5e6e4,FALSE,FALSE,FALSE,FALSE,FALSE,FALSE,FALSE,FALSE,71557d1c8bac9bbe3cbec8d00bb223a2f372279827064095447e569fbf5a760a,71557d1c8bac9bbe3cbec8d00bb223a2f372279827064095447e569fbf5a760a,FALSE
baseline,3,0,FALSE,pair_less,typed_double,1,1000000,160,0.302,0.0809999999999995,1c8e3c0969ca721d10f0cff30d1542de0795d4b1afd81dbeab684b22fd53e2e5,7f1c1a27229f7a699fa85ff90b5be1266497c462407b39b11f6d94015af8e8ad,d3066ce6e3c19763df09d2ef9185666a6f96f99e57743c9f8038e3cb90e15c4f,FALSE,FALSE,FALSE,FALSE,FALSE,FALSE,FALSE,FALSE,e8c2c3714dfad8ccb787de83956aff6eadd8f5bf3b515e0083ff8aeca241ab2d,e8c2c3714dfad8ccb787de83956aff6eadd8f5bf3b515e0083ff8aeca241ab2d,TRUE
baseline,3,0,FALSE,pair_less,ordinary,2,1000000,422,0.299,0.298,1c8e3c0969ca721d10f0cff30d1542de0795d4b1afd81dbeab684b22fd53e2e5,7f1c1a27229f7a699fa85ff90b5be1266497c462407b39b11f6d94015af8e8ad,d3066ce6e3c19763df09d2ef9185666a6f96f99e57743c9f8038e3cb90e15c4f,FALSE,FALSE,FALSE,FALSE,FALSE,FALSE,FALSE,FALSE,71557d1c8bac9bbe3cbec8d00bb223a2f372279827064095447e569fbf5a760a,71557d1c8bac9bbe3cbec8d00bb223a2f372279827064095447e569fbf5a760a,FALSE
baseline,3,0,FALSE,pair_less,compact,3,1000000,372,0.319000000000001,0.105,1c8e3c0969ca721d10f0cff30d1542de0795d4b1afd81dbeab684b22fd53e2e5,7f1c1a27229f7a699fa85ff90b5be1266497c462407b39b11f6d94015af8e8ad,d3066ce6e3c19763df09d2ef9185666a6f96f99e57743c9f8038e3cb90e15c4f,TRUE,TRUE,FALSE,FALSE,TRUE,TRUE,FALSE,FALSE,0418a77b7087897a0ead6e10b9da2953bfee2ad9da1470ca98b7664e364a3024,0418a77b7087897a0ead6e10b9da2953bfee2ad9da1470ca98b7664e364a3024,TRUE
baseline,3,0,FALSE,scalar_less,ordinary,1,1000000,432,0.304000000000001,0.304,888be2318f047338553582f6247bd3d4f93d26181da856e938a6787f24c386c8,7f1c1a27229f7a699fa85ff90b5be1266497c462407b39b11f6d94015af8e8ad,d3066ce6e3c19763df09d2ef9185666a6f96f99e57743c9f8038e3cb90e15c4f,FALSE,FALSE,FALSE,FALSE,FALSE,FALSE,FALSE,FALSE,71557d1c8bac9bbe3cbec8d00bb223a2f372279827064095447e569fbf5a760a,71557d1c8bac9bbe3cbec8d00bb223a2f372279827064095447e569fbf5a760a,FALSE
baseline,3,0,FALSE,scalar_less,compact,2,1000000,722,0.290999999999999,0.0969999999999995,888be2318f047338553582f6247bd3d4f93d26181da856e938a6787f24c386c8,7f1c1a27229f7a699fa85ff90b5be1266497c462407b39b11f6d94015af8e8ad,d3066ce6e3c19763df09d2ef9185666a6f96f99e57743c9f8038e3cb90e15c4f,TRUE,TRUE,FALSE,FALSE,TRUE,TRUE,FALSE,FALSE,0418a77b7087897a0ead6e10b9da2953bfee2ad9da1470ca98b7664e364a3024,0418a77b7087897a0ead6e10b9da2953bfee2ad9da1470ca98b7664e364a3024,TRUE
baseline,3,0,FALSE,scalar_less,typed_double,3,1000000,1218,0.302000000000001,0.302000000000001,888be2318f047338553582f6247bd3d4f93d26181da856e938a6787f24c386c8,7f1c1a27229f7a699fa85ff90b5be1266497c462407b39b11f6d94015af8e8ad,d3066ce6e3c19763df09d2ef9185666a6f96f99e57743c9f8038e3cb90e15c4f,FALSE,FALSE,FALSE,FALSE,FALSE,FALSE,FALSE,FALSE,e8c2c3714dfad8ccb787de83956aff6eadd8f5bf3b515e0083ff8aeca241ab2d,e8c2c3714dfad8ccb787de83956aff6eadd8f5bf3b515e0083ff8aeca241ab2d,TRUE
baseline,3,0,FALSE,pair_equal,compact,1,1000000,372,0.304,0.0890000000000004,3373ec4fcf7f1a2c881385b92a07903da1240202fab5b88ee5d7c2603b3b0428,7f1c1a27229f7a699fa85ff90b5be1266497c462407b39b11f6d94015af8e8ad,d3066ce6e3c19763df09d2ef9185666a6f96f99e57743c9f8038e3cb90e15c4f,TRUE,TRUE,FALSE,FALSE,TRUE,TRUE,FALSE,FALSE,0418a77b7087897a0ead6e10b9da2953bfee2ad9da1470ca98b7664e364a3024,0418a77b7087897a0ead6e10b9da2953bfee2ad9da1470ca98b7664e364a3024,TRUE
baseline,3,0,FALSE,pair_equal,typed_double,2,1000000,139,0.297000000000001,0.0790000000000006,3373ec4fcf7f1a2c881385b92a07903da1240202fab5b88ee5d7c2603b3b0428,7f1c1a27229f7a699fa85ff90b5be1266497c462407b39b11f6d94015af8e8ad,d3066ce6e3c19763df09d2ef9185666a6f96f99e57743c9f8038e3cb90e15c4f,FALSE,FALSE,FALSE,FALSE,FALSE,FALSE,FALSE,FALSE,e8c2c3714dfad8ccb787de83956aff6eadd8f5bf3b515e0083ff8aeca241ab2d,e8c2c3714dfad8ccb787de83956aff6eadd8f5bf3b515e0083ff8aeca241ab2d,TRUE
baseline,3,0,FALSE,pair_equal,ordinary,3,1000000,427,0.302000000000002,0.302,3373ec4fcf7f1a2c881385b92a07903da1240202fab5b88ee5d7c2603b3b0428,7f1c1a27229f7a699fa85ff90b5be1266497c462407b39b11f6d94015af8e8ad,d3066ce6e3c19763df09d2ef9185666a6f96f99e57743c9f8038e3cb90e15c4f,FALSE,FALSE,FALSE,FALSE,FALSE,FALSE,FALSE,FALSE,71557d1c8bac9bbe3cbec8d00bb223a2f372279827064095447e569fbf5a760a,71557d1c8bac9bbe3cbec8d00bb223a2f372279827064095447e569fbf5a760a,FALSE
baseline,3,0,TRUE,pair_less,typed_double,1,1000000,159,0.302999999999997,0.0809999999999995,4eb038232aaffe99ba822841a72a1be288b698a16ba15b4e5aef22c587ee61d8,8cb390f4310bb5332e9085281aa52e5236aecd65b982d0e3a7e9174fe845527e,7d3712fb7ae81b29d8c28e354721b4a737f0e878202e5105ef9df6a672d5e6e4,FALSE,FALSE,FALSE,FALSE,FALSE,FALSE,FALSE,FALSE,e8c2c3714dfad8ccb787de83956aff6eadd8f5bf3b515e0083ff8aeca241ab2d,e8c2c3714dfad8ccb787de83956aff6eadd8f5bf3b515e0083ff8aeca241ab2d,TRUE
baseline,3,0,TRUE,pair_less,ordinary,2,1000000,427,0.315000000000001,0.315999999999999,dfddb9b2b91b422bcc693ca8234e4127d5ce2bf2fcabb02271713137399f3960,8cb390f4310bb5332e9085281aa52e5236aecd65b982d0e3a7e9174fe845527e,7d3712fb7ae81b29d8c28e354721b4a737f0e878202e5105ef9df6a672d5e6e4,FALSE,FALSE,FALSE,FALSE,FALSE,FALSE,FALSE,FALSE,71557d1c8bac9bbe3cbec8d00bb223a2f372279827064095447e569fbf5a760a,71557d1c8bac9bbe3cbec8d00bb223a2f372279827064095447e569fbf5a760a,FALSE
baseline,3,0,TRUE,pair_less,compact,3,1000000,368,0.299000000000002,0.0890000000000022,4eb038232aaffe99ba822841a72a1be288b698a16ba15b4e5aef22c587ee61d8,8cb390f4310bb5332e9085281aa52e5236aecd65b982d0e3a7e9174fe845527e,7d3712fb7ae81b29d8c28e354721b4a737f0e878202e5105ef9df6a672d5e6e4,TRUE,TRUE,FALSE,FALSE,TRUE,TRUE,FALSE,FALSE,0418a77b7087897a0ead6e10b9da2953bfee2ad9da1470ca98b7664e364a3024,0418a77b7087897a0ead6e10b9da2953bfee2ad9da1470ca98b7664e364a3024,TRUE
baseline,3,0,TRUE,scalar_less,ordinary,1,1000000,432,0.303000000000001,0.304000000000002,27468a48d9fd9dc5ba71891904e48c03e2dfcbdc043990f010981b4c4efbdb56,8cb390f4310bb5332e9085281aa52e5236aecd65b982d0e3a7e9174fe845527e,7d3712fb7ae81b29d8c28e354721b4a737f0e878202e5105ef9df6a672d5e6e4,FALSE,FALSE,FALSE,FALSE,FALSE,FALSE,FALSE,FALSE,71557d1c8bac9bbe3cbec8d00bb223a2f372279827064095447e569fbf5a760a,71557d1c8bac9bbe3cbec8d00bb223a2f372279827064095447e569fbf5a760a,FALSE
baseline,3,0,TRUE,scalar_less,compact,2,1000000,748,0.299999999999998,0.097999999999999,c0fc146f23f813aa8e80aebc4d9d7ac256ddd10f85b65c17173f37c3fe760d8b,8cb390f4310bb5332e9085281aa52e5236aecd65b982d0e3a7e9174fe845527e,7d3712fb7ae81b29d8c28e354721b4a737f0e878202e5105ef9df6a672d5e6e4,TRUE,TRUE,FALSE,FALSE,TRUE,TRUE,FALSE,FALSE,0418a77b7087897a0ead6e10b9da2953bfee2ad9da1470ca98b7664e364a3024,0418a77b7087897a0ead6e10b9da2953bfee2ad9da1470ca98b7664e364a3024,TRUE
baseline,3,0,TRUE,scalar_less,typed_double,3,1000000,1060,0.315999999999999,0.317,c0fc146f23f813aa8e80aebc4d9d7ac256ddd10f85b65c17173f37c3fe760d8b,8cb390f4310bb5332e9085281aa52e5236aecd65b982d0e3a7e9174fe845527e,7d3712fb7ae81b29d8c28e354721b4a737f0e878202e5105ef9df6a672d5e6e4,FALSE,FALSE,FALSE,FALSE,FALSE,FALSE,FALSE,FALSE,e8c2c3714dfad8ccb787de83956aff6eadd8f5bf3b515e0083ff8aeca241ab2d,e8c2c3714dfad8ccb787de83956aff6eadd8f5bf3b515e0083ff8aeca241ab2d,TRUE
baseline,3,0,TRUE,pair_equal,compact,1,1000000,372,0.301999999999999,0.0889999999999986,3373ec4fcf7f1a2c881385b92a07903da1240202fab5b88ee5d7c2603b3b0428,8cb390f4310bb5332e9085281aa52e5236aecd65b982d0e3a7e9174fe845527e,7d3712fb7ae81b29d8c28e354721b4a737f0e878202e5105ef9df6a672d5e6e4,TRUE,TRUE,FALSE,FALSE,TRUE,TRUE,FALSE,FALSE,0418a77b7087897a0ead6e10b9da2953bfee2ad9da1470ca98b7664e364a3024,0418a77b7087897a0ead6e10b9da2953bfee2ad9da1470ca98b7664e364a3024,TRUE
baseline,3,0,TRUE,pair_equal,typed_double,2,1000000,139,0.300000000000002,0.0800000000000018,3373ec4fcf7f1a2c881385b92a07903da1240202fab5b88ee5d7c2603b3b0428,8cb390f4310bb5332e9085281aa52e5236aecd65b982d0e3a7e9174fe845527e,7d3712fb7ae81b29d8c28e354721b4a737f0e878202e5105ef9df6a672d5e6e4,FALSE,FALSE,FALSE,FALSE,FALSE,FALSE,FALSE,FALSE,e8c2c3714dfad8ccb787de83956aff6eadd8f5bf3b515e0083ff8aeca241ab2d,e8c2c3714dfad8ccb787de83956aff6eadd8f5bf3b515e0083ff8aeca241ab2d,TRUE
baseline,3,0,TRUE,pair_equal,ordinary,3,1000000,422,0.300000000000001,0.300000000000001,c23d64adae593f70407e6f7f1b56406f1d112f7287b7f688c1c2e14458d73483,8cb390f4310bb5332e9085281aa52e5236aecd65b982d0e3a7e9174fe845527e,7d3712fb7ae81b29d8c28e354721b4a737f0e878202e5105ef9df6a672d5e6e4,FALSE,FALSE,FALSE,FALSE,FALSE,FALSE,FALSE,FALSE,71557d1c8bac9bbe3cbec8d00bb223a2f372279827064095447e569fbf5a760a,71557d1c8bac9bbe3cbec8d00bb223a2f372279827064095447e569fbf5a760a,FALSE
candidate,3,1,FALSE,pair_less,typed_double,1,1000000,605,0.245,0.245,1c8e3c0969ca721d10f0cff30d1542de0795d4b1afd81dbeab684b22fd53e2e5,7f1c1a27229f7a699fa85ff90b5be1266497c462407b39b11f6d94015af8e8ad,d3066ce6e3c19763df09d2ef9185666a6f96f99e57743c9f8038e3cb90e15c4f,FALSE,FALSE,FALSE,FALSE,FALSE,FALSE,FALSE,FALSE,e8c2c3714dfad8ccb787de83956aff6eadd8f5bf3b515e0083ff8aeca241ab2d,e8c2c3714dfad8ccb787de83956aff6eadd8f5bf3b515e0083ff8aeca241ab2d,TRUE
candidate,3,1,FALSE,pair_less,ordinary,2,1000000,422,0.322,0.321,1c8e3c0969ca721d10f0cff30d1542de0795d4b1afd81dbeab684b22fd53e2e5,7f1c1a27229f7a699fa85ff90b5be1266497c462407b39b11f6d94015af8e8ad,d3066ce6e3c19763df09d2ef9185666a6f96f99e57743c9f8038e3cb90e15c4f,FALSE,FALSE,FALSE,FALSE,FALSE,FALSE,FALSE,FALSE,71557d1c8bac9bbe3cbec8d00bb223a2f372279827064095447e569fbf5a760a,71557d1c8bac9bbe3cbec8d00bb223a2f372279827064095447e569fbf5a760a,FALSE
candidate,3,1,FALSE,pair_less,compact,3,1000000,463,0.296,0.296,1c8e3c0969ca721d10f0cff30d1542de0795d4b1afd81dbeab684b22fd53e2e5,7f1c1a27229f7a699fa85ff90b5be1266497c462407b39b11f6d94015af8e8ad,d3066ce6e3c19763df09d2ef9185666a6f96f99e57743c9f8038e3cb90e15c4f,TRUE,TRUE,FALSE,FALSE,TRUE,TRUE,FALSE,FALSE,0418a77b7087897a0ead6e10b9da2953bfee2ad9da1470ca98b7664e364a3024,0418a77b7087897a0ead6e10b9da2953bfee2ad9da1470ca98b7664e364a3024,TRUE
candidate,3,1,FALSE,scalar_less,ordinary,1,1000000,427,0.302,0.302,888be2318f047338553582f6247bd3d4f93d26181da856e938a6787f24c386c8,7f1c1a27229f7a699fa85ff90b5be1266497c462407b39b11f6d94015af8e8ad,d3066ce6e3c19763df09d2ef9185666a6f96f99e57743c9f8038e3cb90e15c4f,FALSE,FALSE,FALSE,FALSE,FALSE,FALSE,FALSE,FALSE,71557d1c8bac9bbe3cbec8d00bb223a2f372279827064095447e569fbf5a760a,71557d1c8bac9bbe3cbec8d00bb223a2f372279827064095447e569fbf5a760a,FALSE
candidate,3,1,FALSE,scalar_less,compact,2,1000000,993,0.291,0.291,888be2318f047338553582f6247bd3d4f93d26181da856e938a6787f24c386c8,7f1c1a27229f7a699fa85ff90b5be1266497c462407b39b11f6d94015af8e8ad,d3066ce6e3c19763df09d2ef9185666a6f96f99e57743c9f8038e3cb90e15c4f,TRUE,TRUE,FALSE,FALSE,TRUE,TRUE,FALSE,FALSE,0418a77b7087897a0ead6e10b9da2953bfee2ad9da1470ca98b7664e364a3024,0418a77b7087897a0ead6e10b9da2953bfee2ad9da1470ca98b7664e364a3024,TRUE
candidate,3,1,FALSE,scalar_less,typed_double,3,1000000,1187,0.314,0.315,888be2318f047338553582f6247bd3d4f93d26181da856e938a6787f24c386c8,7f1c1a27229f7a699fa85ff90b5be1266497c462407b39b11f6d94015af8e8ad,d3066ce6e3c19763df09d2ef9185666a6f96f99e57743c9f8038e3cb90e15c4f,FALSE,FALSE,FALSE,FALSE,FALSE,FALSE,FALSE,FALSE,e8c2c3714dfad8ccb787de83956aff6eadd8f5bf3b515e0083ff8aeca241ab2d,e8c2c3714dfad8ccb787de83956aff6eadd8f5bf3b515e0083ff8aeca241ab2d,TRUE
candidate,3,1,FALSE,pair_equal,compact,1,1000000,469,0.3,0.301,3373ec4fcf7f1a2c881385b92a07903da1240202fab5b88ee5d7c2603b3b0428,7f1c1a27229f7a699fa85ff90b5be1266497c462407b39b11f6d94015af8e8ad,d3066ce6e3c19763df09d2ef9185666a6f96f99e57743c9f8038e3cb90e15c4f,TRUE,TRUE,FALSE,FALSE,TRUE,TRUE,FALSE,FALSE,0418a77b7087897a0ead6e10b9da2953bfee2ad9da1470ca98b7664e364a3024,0418a77b7087897a0ead6e10b9da2953bfee2ad9da1470ca98b7664e364a3024,TRUE
candidate,3,1,FALSE,pair_equal,typed_double,2,1000000,819,0.319,0.319,3373ec4fcf7f1a2c881385b92a07903da1240202fab5b88ee5d7c2603b3b0428,7f1c1a27229f7a699fa85ff90b5be1266497c462407b39b11f6d94015af8e8ad,d3066ce6e3c19763df09d2ef9185666a6f96f99e57743c9f8038e3cb90e15c4f,FALSE,FALSE,FALSE,FALSE,FALSE,FALSE,FALSE,FALSE,e8c2c3714dfad8ccb787de83956aff6eadd8f5bf3b515e0083ff8aeca241ab2d,e8c2c3714dfad8ccb787de83956aff6eadd8f5bf3b515e0083ff8aeca241ab2d,TRUE
candidate,3,1,FALSE,pair_equal,ordinary,3,1000000,417,0.295999999999999,0.297,3373ec4fcf7f1a2c881385b92a07903da1240202fab5b88ee5d7c2603b3b0428,7f1c1a27229f7a699fa85ff90b5be1266497c462407b39b11f6d94015af8e8ad,d3066ce6e3c19763df09d2ef9185666a6f96f99e57743c9f8038e3cb90e15c4f,FALSE,FALSE,FALSE,FALSE,FALSE,FALSE,FALSE,FALSE,71557d1c8bac9bbe3cbec8d00bb223a2f372279827064095447e569fbf5a760a,71557d1c8bac9bbe3cbec8d00bb223a2f372279827064095447e569fbf5a760a,FALSE
candidate,3,1,TRUE,pair_less,typed_double,1,1000000,722,0.294,0.294,4eb038232aaffe99ba822841a72a1be288b698a16ba15b4e5aef22c587ee61d8,8cb390f4310bb5332e9085281aa52e5236aecd65b982d0e3a7e9174fe845527e,7d3712fb7ae81b29d8c28e354721b4a737f0e878202e5105ef9df6a672d5e6e4,FALSE,FALSE,FALSE,FALSE,FALSE,FALSE,FALSE,FALSE,e8c2c3714dfad8ccb787de83956aff6eadd8f5bf3b515e0083ff8aeca241ab2d,e8c2c3714dfad8ccb787de83956aff6eadd8f5bf3b515e0083ff8aeca241ab2d,TRUE
candidate,3,1,TRUE,pair_less,ordinary,2,1000000,427,0.303,0.303,dfddb9b2b91b422bcc693ca8234e4127d5ce2bf2fcabb02271713137399f3960,8cb390f4310bb5332e9085281aa52e5236aecd65b982d0e3a7e9174fe845527e,7d3712fb7ae81b29d8c28e354721b4a737f0e878202e5105ef9df6a672d5e6e4,FALSE,FALSE,FALSE,FALSE,FALSE,FALSE,FALSE,FALSE,71557d1c8bac9bbe3cbec8d00bb223a2f372279827064095447e569fbf5a760a,71557d1c8bac9bbe3cbec8d00bb223a2f372279827064095447e569fbf5a760a,FALSE
candidate,3,1,TRUE,pair_less,compact,3,1000000,475,0.302,0.302,4eb038232aaffe99ba822841a72a1be288b698a16ba15b4e5aef22c587ee61d8,8cb390f4310bb5332e9085281aa52e5236aecd65b982d0e3a7e9174fe845527e,7d3712fb7ae81b29d8c28e354721b4a737f0e878202e5105ef9df6a672d5e6e4,TRUE,TRUE,FALSE,FALSE,TRUE,TRUE,FALSE,FALSE,0418a77b7087897a0ead6e10b9da2953bfee2ad9da1470ca98b7664e364a3024,0418a77b7087897a0ead6e10b9da2953bfee2ad9da1470ca98b7664e364a3024,TRUE
candidate,3,1,TRUE,scalar_less,ordinary,1,1000000,432,0.318,0.318,27468a48d9fd9dc5ba71891904e48c03e2dfcbdc043990f010981b4c4efbdb56,8cb390f4310bb5332e9085281aa52e5236aecd65b982d0e3a7e9174fe845527e,7d3712fb7ae81b29d8c28e354721b4a737f0e878202e5105ef9df6a672d5e6e4,FALSE,FALSE,FALSE,FALSE,FALSE,FALSE,FALSE,FALSE,71557d1c8bac9bbe3cbec8d00bb223a2f372279827064095447e569fbf5a760a,71557d1c8bac9bbe3cbec8d00bb223a2f372279827064095447e569fbf5a760a,FALSE
candidate,3,1,TRUE,scalar_less,compact,2,1000000,1091,0.301,0.302,c0fc146f23f813aa8e80aebc4d9d7ac256ddd10f85b65c17173f37c3fe760d8b,8cb390f4310bb5332e9085281aa52e5236aecd65b982d0e3a7e9174fe845527e,7d3712fb7ae81b29d8c28e354721b4a737f0e878202e5105ef9df6a672d5e6e4,TRUE,TRUE,FALSE,FALSE,TRUE,TRUE,FALSE,FALSE,0418a77b7087897a0ead6e10b9da2953bfee2ad9da1470ca98b7664e364a3024,0418a77b7087897a0ead6e10b9da2953bfee2ad9da1470ca98b7664e364a3024,TRUE
candidate,3,1,TRUE,scalar_less,typed_double,3,1000000,1060,0.316,0.315,c0fc146f23f813aa8e80aebc4d9d7ac256ddd10f85b65c17173f37c3fe760d8b,8cb390f4310bb5332e9085281aa52e5236aecd65b982d0e3a7e9174fe845527e,7d3712fb7ae81b29d8c28e354721b4a737f0e878202e5105ef9df6a672d5e6e4,FALSE,FALSE,FALSE,FALSE,FALSE,FALSE,FALSE,FALSE,e8c2c3714dfad8ccb787de83956aff6eadd8f5bf3b515e0083ff8aeca241ab2d,e8c2c3714dfad8ccb787de83956aff6eadd8f5bf3b515e0083ff8aeca241ab2d,TRUE
candidate,3,1,TRUE,pair_equal,compact,1,1000000,475,0.302,0.302,3373ec4fcf7f1a2c881385b92a07903da1240202fab5b88ee5d7c2603b3b0428,8cb390f4310bb5332e9085281aa52e5236aecd65b982d0e3a7e9174fe845527e,7d3712fb7ae81b29d8c28e354721b4a737f0e878202e5105ef9df6a672d5e6e4,TRUE,TRUE,FALSE,FALSE,TRUE,TRUE,FALSE,FALSE,0418a77b7087897a0ead6e10b9da2953bfee2ad9da1470ca98b7664e364a3024,0418a77b7087897a0ead6e10b9da2953bfee2ad9da1470ca98b7664e364a3024,TRUE
candidate,3,1,TRUE,pair_equal,typed_double,2,1000000,736,0.300000000000001,0.301,3373ec4fcf7f1a2c881385b92a07903da1240202fab5b88ee5d7c2603b3b0428,8cb390f4310bb5332e9085281aa52e5236aecd65b982d0e3a7e9174fe845527e,7d3712fb7ae81b29d8c28e354721b4a737f0e878202e5105ef9df6a672d5e6e4,FALSE,FALSE,FALSE,FALSE,FALSE,FALSE,FALSE,FALSE,e8c2c3714dfad8ccb787de83956aff6eadd8f5bf3b515e0083ff8aeca241ab2d,e8c2c3714dfad8ccb787de83956aff6eadd8f5bf3b515e0083ff8aeca241ab2d,TRUE
candidate,3,1,TRUE,pair_equal,ordinary,3,1000000,427,0.300999999999998,0.302000000000001,c23d64adae593f70407e6f7f1b56406f1d112f7287b7f688c1c2e14458d73483,8cb390f4310bb5332e9085281aa52e5236aecd65b982d0e3a7e9174fe845527e,7d3712fb7ae81b29d8c28e354721b4a737f0e878202e5105ef9df6a672d5e6e4,FALSE,FALSE,FALSE,FALSE,FALSE,FALSE,FALSE,FALSE,71557d1c8bac9bbe3cbec8d00bb223a2f372279827064095447e569fbf5a760a,71557d1c8bac9bbe3cbec8d00bb223a2f372279827064095447e569fbf5a760a,FALSE
candidate,3,0,FALSE,pair_less,typed_double,1,1000000,819,0.315,0.315,1c8e3c0969ca721d10f0cff30d1542de0795d4b1afd81dbeab684b22fd53e2e5,7f1c1a27229f7a699fa85ff90b5be1266497c462407b39b11f6d94015af8e8ad,d3066ce6e3c19763df09d2ef9185666a6f96f99e57743c9f8038e3cb90e15c4f,FALSE,FALSE,FALSE,FALSE,FALSE,FALSE,FALSE,FALSE,e8c2c3714dfad8ccb787de83956aff6eadd8f5bf3b515e0083ff8aeca241ab2d,e8c2c3714dfad8ccb787de83956aff6eadd8f5bf3b515e0083ff8aeca241ab2d,TRUE
candidate,3,0,FALSE,pair_less,ordinary,2,1000000,422,0.299,0.300000000000001,1c8e3c0969ca721d10f0cff30d1542de0795d4b1afd81dbeab684b22fd53e2e5,7f1c1a27229f7a699fa85ff90b5be1266497c462407b39b11f6d94015af8e8ad,d3066ce6e3c19763df09d2ef9185666a6f96f99e57743c9f8038e3cb90e15c4f,FALSE,FALSE,FALSE,FALSE,FALSE,FALSE,FALSE,FALSE,71557d1c8bac9bbe3cbec8d00bb223a2f372279827064095447e569fbf5a760a,71557d1c8bac9bbe3cbec8d00bb223a2f372279827064095447e569fbf5a760a,FALSE
candidate,3,0,FALSE,pair_less,compact,3,1000000,475,0.302,0.302,1c8e3c0969ca721d10f0cff30d1542de0795d4b1afd81dbeab684b22fd53e2e5,7f1c1a27229f7a699fa85ff90b5be1266497c462407b39b11f6d94015af8e8ad,d3066ce6e3c19763df09d2ef9185666a6f96f99e57743c9f8038e3cb90e15c4f,TRUE,TRUE,FALSE,FALSE,TRUE,TRUE,FALSE,FALSE,0418a77b7087897a0ead6e10b9da2953bfee2ad9da1470ca98b7664e364a3024,0418a77b7087897a0ead6e10b9da2953bfee2ad9da1470ca98b7664e364a3024,TRUE
candidate,3,0,FALSE,scalar_less,ordinary,1,1000000,427,0.299,0.299999999999999,888be2318f047338553582f6247bd3d4f93d26181da856e938a6787f24c386c8,7f1c1a27229f7a699fa85ff90b5be1266497c462407b39b11f6d94015af8e8ad,d3066ce6e3c19763df09d2ef9185666a6f96f99e57743c9f8038e3cb90e15c4f,FALSE,FALSE,FALSE,FALSE,FALSE,FALSE,FALSE,FALSE,71557d1c8bac9bbe3cbec8d00bb223a2f372279827064095447e569fbf5a760a,71557d1c8bac9bbe3cbec8d00bb223a2f372279827064095447e569fbf5a760a,FALSE
candidate,3,0,FALSE,scalar_less,compact,2,1000000,1084,0.299999999999999,0.300000000000001,888be2318f047338553582f6247bd3d4f93d26181da856e938a6787f24c386c8,7f1c1a27229f7a699fa85ff90b5be1266497c462407b39b11f6d94015af8e8ad,d3066ce6e3c19763df09d2ef9185666a6f96f99e57743c9f8038e3cb90e15c4f,TRUE,TRUE,FALSE,FALSE,TRUE,TRUE,FALSE,FALSE,0418a77b7087897a0ead6e10b9da2953bfee2ad9da1470ca98b7664e364a3024,0418a77b7087897a0ead6e10b9da2953bfee2ad9da1470ca98b7664e364a3024,TRUE
candidate,3,0,FALSE,scalar_less,typed_double,3,1000000,1110,0.278000000000001,0.278,888be2318f047338553582f6247bd3d4f93d26181da856e938a6787f24c386c8,7f1c1a27229f7a699fa85ff90b5be1266497c462407b39b11f6d94015af8e8ad,d3066ce6e3c19763df09d2ef9185666a6f96f99e57743c9f8038e3cb90e15c4f,FALSE,FALSE,FALSE,FALSE,FALSE,FALSE,FALSE,FALSE,e8c2c3714dfad8ccb787de83956aff6eadd8f5bf3b515e0083ff8aeca241ab2d,e8c2c3714dfad8ccb787de83956aff6eadd8f5bf3b515e0083ff8aeca241ab2d,TRUE
candidate,3,0,FALSE,pair_equal,compact,1,1000000,475,0.303,0.303000000000001,3373ec4fcf7f1a2c881385b92a07903da1240202fab5b88ee5d7c2603b3b0428,7f1c1a27229f7a699fa85ff90b5be1266497c462407b39b11f6d94015af8e8ad,d3066ce6e3c19763df09d2ef9185666a6f96f99e57743c9f8038e3cb90e15c4f,TRUE,TRUE,FALSE,FALSE,TRUE,TRUE,FALSE,FALSE,0418a77b7087897a0ead6e10b9da2953bfee2ad9da1470ca98b7664e364a3024,0418a77b7087897a0ead6e10b9da2953bfee2ad9da1470ca98b7664e364a3024,TRUE
candidate,3,0,FALSE,pair_equal,typed_double,2,1000000,819,0.298999999999998,0.299,3373ec4fcf7f1a2c881385b92a07903da1240202fab5b88ee5d7c2603b3b0428,7f1c1a27229f7a699fa85ff90b5be1266497c462407b39b11f6d94015af8e8ad,d3066ce6e3c19763df09d2ef9185666a6f96f99e57743c9f8038e3cb90e15c4f,FALSE,FALSE,FALSE,FALSE,FALSE,FALSE,FALSE,FALSE,e8c2c3714dfad8ccb787de83956aff6eadd8f5bf3b515e0083ff8aeca241ab2d,e8c2c3714dfad8ccb787de83956aff6eadd8f5bf3b515e0083ff8aeca241ab2d,TRUE
candidate,3,0,FALSE,pair_equal,ordinary,3,1000000,427,0.303,0.302,3373ec4fcf7f1a2c881385b92a07903da1240202fab5b88ee5d7c2603b3b0428,7f1c1a27229f7a699fa85ff90b5be1266497c462407b39b11f6d94015af8e8ad,d3066ce6e3c19763df09d2ef9185666a6f96f99e57743c9f8038e3cb90e15c4f,FALSE,FALSE,FALSE,FALSE,FALSE,FALSE,FALSE,FALSE,71557d1c8bac9bbe3cbec8d00bb223a2f372279827064095447e569fbf5a760a,71557d1c8bac9bbe3cbec8d00bb223a2f372279827064095447e569fbf5a760a,FALSE
candidate,3,0,TRUE,pair_less,typed_double,1,1000000,736,0.298000000000001,0.297999999999998,4eb038232aaffe99ba822841a72a1be288b698a16ba15b4e5aef22c587ee61d8,8cb390f4310bb5332e9085281aa52e5236aecd65b982d0e3a7e9174fe845527e,7d3712fb7ae81b29d8c28e354721b4a737f0e878202e5105ef9df6a672d5e6e4,FALSE,FALSE,FALSE,FALSE,FALSE,FALSE,FALSE,FALSE,e8c2c3714dfad8ccb787de83956aff6eadd8f5bf3b515e0083ff8aeca241ab2d,e8c2c3714dfad8ccb787de83956aff6eadd8f5bf3b515e0083ff8aeca241ab2d,TRUE
candidate,3,0,TRUE,pair_less,ordinary,2,1000000,422,0.299,0.299,dfddb9b2b91b422bcc693ca8234e4127d5ce2bf2fcabb02271713137399f3960,8cb390f4310bb5332e9085281aa52e5236aecd65b982d0e3a7e9174fe845527e,7d3712fb7ae81b29d8c28e354721b4a737f0e878202e5105ef9df6a672d5e6e4,FALSE,FALSE,FALSE,FALSE,FALSE,FALSE,FALSE,FALSE,71557d1c8bac9bbe3cbec8d00bb223a2f372279827064095447e569fbf5a760a,71557d1c8bac9bbe3cbec8d00bb223a2f372279827064095447e569fbf5a760a,FALSE
candidate,3,0,TRUE,pair_less,compact,3,1000000,463,0.293999999999997,0.294,4eb038232aaffe99ba822841a72a1be288b698a16ba15b4e5aef22c587ee61d8,8cb390f4310bb5332e9085281aa52e5236aecd65b982d0e3a7e9174fe845527e,7d3712fb7ae81b29d8c28e354721b4a737f0e878202e5105ef9df6a672d5e6e4,TRUE,TRUE,FALSE,FALSE,TRUE,TRUE,FALSE,FALSE,0418a77b7087897a0ead6e10b9da2953bfee2ad9da1470ca98b7664e364a3024,0418a77b7087897a0ead6e10b9da2953bfee2ad9da1470ca98b7664e364a3024,TRUE
candidate,3,0,TRUE,scalar_less,ordinary,1,1000000,422,0.295999999999999,0.295999999999999,27468a48d9fd9dc5ba71891904e48c03e2dfcbdc043990f010981b4c4efbdb56,8cb390f4310bb5332e9085281aa52e5236aecd65b982d0e3a7e9174fe845527e,7d3712fb7ae81b29d8c28e354721b4a737f0e878202e5105ef9df6a672d5e6e4,FALSE,FALSE,FALSE,FALSE,FALSE,FALSE,FALSE,FALSE,71557d1c8bac9bbe3cbec8d00bb223a2f372279827064095447e569fbf5a760a,71557d1c8bac9bbe3cbec8d00bb223a2f372279827064095447e569fbf5a760a,FALSE
candidate,3,0,TRUE,scalar_less,compact,2,1000000,1078,0.317,0.318000000000001,c0fc146f23f813aa8e80aebc4d9d7ac256ddd10f85b65c17173f37c3fe760d8b,8cb390f4310bb5332e9085281aa52e5236aecd65b982d0e3a7e9174fe845527e,7d3712fb7ae81b29d8c28e354721b4a737f0e878202e5105ef9df6a672d5e6e4,TRUE,TRUE,FALSE,FALSE,TRUE,TRUE,FALSE,FALSE,0418a77b7087897a0ead6e10b9da2953bfee2ad9da1470ca98b7664e364a3024,0418a77b7087897a0ead6e10b9da2953bfee2ad9da1470ca98b7664e364a3024,TRUE
candidate,3,0,TRUE,scalar_less,typed_double,3,1000000,1066,0.303,0.302,c0fc146f23f813aa8e80aebc4d9d7ac256ddd10f85b65c17173f37c3fe760d8b,8cb390f4310bb5332e9085281aa52e5236aecd65b982d0e3a7e9174fe845527e,7d3712fb7ae81b29d8c28e354721b4a737f0e878202e5105ef9df6a672d5e6e4,FALSE,FALSE,FALSE,FALSE,FALSE,FALSE,FALSE,FALSE,e8c2c3714dfad8ccb787de83956aff6eadd8f5bf3b515e0083ff8aeca241ab2d,e8c2c3714dfad8ccb787de83956aff6eadd8f5bf3b515e0083ff8aeca241ab2d,TRUE
candidate,3,0,TRUE,pair_equal,compact,1,1000000,469,0.297000000000001,0.298000000000002,3373ec4fcf7f1a2c881385b92a07903da1240202fab5b88ee5d7c2603b3b0428,8cb390f4310bb5332e9085281aa52e5236aecd65b982d0e3a7e9174fe845527e,7d3712fb7ae81b29d8c28e354721b4a737f0e878202e5105ef9df6a672d5e6e4,TRUE,TRUE,FALSE,FALSE,TRUE,TRUE,FALSE,FALSE,0418a77b7087897a0ead6e10b9da2953bfee2ad9da1470ca98b7664e364a3024,0418a77b7087897a0ead6e10b9da2953bfee2ad9da1470ca98b7664e364a3024,TRUE
candidate,3,0,TRUE,pair_equal,typed_double,2,1000000,722,0.294999999999998,0.295999999999999,3373ec4fcf7f1a2c881385b92a07903da1240202fab5b88ee5d7c2603b3b0428,8cb390f4310bb5332e9085281aa52e5236aecd65b982d0e3a7e9174fe845527e,7d3712fb7ae81b29d8c28e354721b4a737f0e878202e5105ef9df6a672d5e6e4,FALSE,FALSE,FALSE,FALSE,FALSE,FALSE,FALSE,FALSE,e8c2c3714dfad8ccb787de83956aff6eadd8f5bf3b515e0083ff8aeca241ab2d,e8c2c3714dfad8ccb787de83956aff6eadd8f5bf3b515e0083ff8aeca241ab2d,TRUE
candidate,3,0,TRUE,pair_equal,ordinary,3,1000000,427,0.301999999999998,0.302000000000003,c23d64adae593f70407e6f7f1b56406f1d112f7287b7f688c1c2e14458d73483,8cb390f4310bb5332e9085281aa52e5236aecd65b982d0e3a7e9174fe845527e,7d3712fb7ae81b29d8c28e354721b4a737f0e878202e5105ef9df6a672d5e6e4,FALSE,FALSE,FALSE,FALSE,FALSE,FALSE,FALSE,FALSE,71557d1c8bac9bbe3cbec8d00bb223a2f372279827064095447e569fbf5a760a,71557d1c8bac9bbe3cbec8d00bb223a2f372279827064095447e569fbf5a760a,FALSE
candidate,4,1,FALSE,pair_less,typed_double,1,1000000,615,0.247,0.248,1c8e3c0969ca721d10f0cff30d1542de0795d4b1afd81dbeab684b22fd53e2e5,7f1c1a27229f7a699fa85ff90b5be1266497c462407b39b11f6d94015af8e8ad,d3066ce6e3c19763df09d2ef9185666a6f96f99e57743c9f8038e3cb90e15c4f,FALSE,FALSE,FALSE,FALSE,FALSE,FALSE,FALSE,FALSE,e8c2c3714dfad8ccb787de83956aff6eadd8f5bf3b515e0083ff8aeca241ab2d,e8c2c3714dfad8ccb787de83956aff6eadd8f5bf3b515e0083ff8aeca241ab2d,TRUE
candidate,4,1,FALSE,pair_less,compact,2,1000000,458,0.296,0.296,1c8e3c0969ca721d10f0cff30d1542de0795d4b1afd81dbeab684b22fd53e2e5,7f1c1a27229f7a699fa85ff90b5be1266497c462407b39b11f6d94015af8e8ad,d3066ce6e3c19763df09d2ef9185666a6f96f99e57743c9f8038e3cb90e15c4f,TRUE,TRUE,FALSE,FALSE,TRUE,TRUE,FALSE,FALSE,0418a77b7087897a0ead6e10b9da2953bfee2ad9da1470ca98b7664e364a3024,0418a77b7087897a0ead6e10b9da2953bfee2ad9da1470ca98b7664e364a3024,TRUE
candidate,4,1,FALSE,pair_less,ordinary,3,1000000,417,0.317,0.316,1c8e3c0969ca721d10f0cff30d1542de0795d4b1afd81dbeab684b22fd53e2e5,7f1c1a27229f7a699fa85ff90b5be1266497c462407b39b11f6d94015af8e8ad,d3066ce6e3c19763df09d2ef9185666a6f96f99e57743c9f8038e3cb90e15c4f,FALSE,FALSE,FALSE,FALSE,FALSE,FALSE,FALSE,FALSE,71557d1c8bac9bbe3cbec8d00bb223a2f372279827064095447e569fbf5a760a,71557d1c8bac9bbe3cbec8d00bb223a2f372279827064095447e569fbf5a760a,FALSE
candidate,4,1,FALSE,scalar_less,ordinary,1,1000000,422,0.315,0.315,888be2318f047338553582f6247bd3d4f93d26181da856e938a6787f24c386c8,7f1c1a27229f7a699fa85ff90b5be1266497c462407b39b11f6d94015af8e8ad,d3066ce6e3c19763df09d2ef9185666a6f96f99e57743c9f8038e3cb90e15c4f,FALSE,FALSE,FALSE,FALSE,FALSE,FALSE,FALSE,FALSE,71557d1c8bac9bbe3cbec8d00bb223a2f372279827064095447e569fbf5a760a,71557d1c8bac9bbe3cbec8d00bb223a2f372279827064095447e569fbf5a760a,FALSE
candidate,4,1,FALSE,scalar_less,typed_double,2,1000000,1066,0.288,0.289,888be2318f047338553582f6247bd3d4f93d26181da856e938a6787f24c386c8,7f1c1a27229f7a699fa85ff90b5be1266497c462407b39b11f6d94015af8e8ad,d3066ce6e3c19763df09d2ef9185666a6f96f99e57743c9f8038e3cb90e15c4f,FALSE,FALSE,FALSE,FALSE,FALSE,FALSE,FALSE,FALSE,e8c2c3714dfad8ccb787de83956aff6eadd8f5bf3b515e0083ff8aeca241ab2d,e8c2c3714dfad8ccb787de83956aff6eadd8f5bf3b515e0083ff8aeca241ab2d,TRUE
candidate,4,1,FALSE,scalar_less,compact,3,1000000,1078,0.316,0.316,888be2318f047338553582f6247bd3d4f93d26181da856e938a6787f24c386c8,7f1c1a27229f7a699fa85ff90b5be1266497c462407b39b11f6d94015af8e8ad,d3066ce6e3c19763df09d2ef9185666a6f96f99e57743c9f8038e3cb90e15c4f,TRUE,TRUE,FALSE,FALSE,TRUE,TRUE,FALSE,FALSE,0418a77b7087897a0ead6e10b9da2953bfee2ad9da1470ca98b7664e364a3024,0418a77b7087897a0ead6e10b9da2953bfee2ad9da1470ca98b7664e364a3024,TRUE
candidate,4,1,FALSE,pair_equal,compact,1,1000000,469,0.3,0.3,3373ec4fcf7f1a2c881385b92a07903da1240202fab5b88ee5d7c2603b3b0428,7f1c1a27229f7a699fa85ff90b5be1266497c462407b39b11f6d94015af8e8ad,d3066ce6e3c19763df09d2ef9185666a6f96f99e57743c9f8038e3cb90e15c4f,TRUE,TRUE,FALSE,FALSE,TRUE,TRUE,FALSE,FALSE,0418a77b7087897a0ead6e10b9da2953bfee2ad9da1470ca98b7664e364a3024,0418a77b7087897a0ead6e10b9da2953bfee2ad9da1470ca98b7664e364a3024,TRUE
candidate,4,1,FALSE,pair_equal,ordinary,2,1000000,422,0.301000000000001,0.301,3373ec4fcf7f1a2c881385b92a07903da1240202fab5b88ee5d7c2603b3b0428,7f1c1a27229f7a699fa85ff90b5be1266497c462407b39b11f6d94015af8e8ad,d3066ce6e3c19763df09d2ef9185666a6f96f99e57743c9f8038e3cb90e15c4f,FALSE,FALSE,FALSE,FALSE,FALSE,FALSE,FALSE,FALSE,71557d1c8bac9bbe3cbec8d00bb223a2f372279827064095447e569fbf5a760a,71557d1c8bac9bbe3cbec8d00bb223a2f372279827064095447e569fbf5a760a,FALSE
candidate,4,1,FALSE,pair_equal,typed_double,3,1000000,816,0.319,0.318,3373ec4fcf7f1a2c881385b92a07903da1240202fab5b88ee5d7c2603b3b0428,7f1c1a27229f7a699fa85ff90b5be1266497c462407b39b11f6d94015af8e8ad,d3066ce6e3c19763df09d2ef9185666a6f96f99e57743c9f8038e3cb90e15c4f,FALSE,FALSE,FALSE,FALSE,FALSE,FALSE,FALSE,FALSE,e8c2c3714dfad8ccb787de83956aff6eadd8f5bf3b515e0083ff8aeca241ab2d,e8c2c3714dfad8ccb787de83956aff6eadd8f5bf3b515e0083ff8aeca241ab2d,TRUE
candidate,4,1,TRUE,pair_less,typed_double,1,1000000,736,0.300000000000001,0.3,4eb038232aaffe99ba822841a72a1be288b698a16ba15b4e5aef22c587ee61d8,8cb390f4310bb5332e9085281aa52e5236aecd65b982d0e3a7e9174fe845527e,7d3712fb7ae81b29d8c28e354721b4a737f0e878202e5105ef9df6a672d5e6e4,FALSE,FALSE,FALSE,FALSE,FALSE,FALSE,FALSE,FALSE,e8c2c3714dfad8ccb787de83956aff6eadd8f5bf3b515e0083ff8aeca241ab2d,e8c2c3714dfad8ccb787de83956aff6eadd8f5bf3b515e0083ff8aeca241ab2d,TRUE
candidate,4,1,TRUE,pair_less,compact,2,1000000,469,0.298,0.299,4eb038232aaffe99ba822841a72a1be288b698a16ba15b4e5aef22c587ee61d8,8cb390f4310bb5332e9085281aa52e5236aecd65b982d0e3a7e9174fe845527e,7d3712fb7ae81b29d8c28e354721b4a737f0e878202e5105ef9df6a672d5e6e4,TRUE,TRUE,FALSE,FALSE,TRUE,TRUE,FALSE,FALSE,0418a77b7087897a0ead6e10b9da2953bfee2ad9da1470ca98b7664e364a3024,0418a77b7087897a0ead6e10b9da2953bfee2ad9da1470ca98b7664e364a3024,TRUE
candidate,4,1,TRUE,pair_less,ordinary,3,1000000,422,0.299,0.300000000000001,dfddb9b2b91b422bcc693ca8234e4127d5ce2bf2fcabb02271713137399f3960,8cb390f4310bb5332e9085281aa52e5236aecd65b982d0e3a7e9174fe845527e,7d3712fb7ae81b29d8c28e354721b4a737f0e878202e5105ef9df6a672d5e6e4,FALSE,FALSE,FALSE,FALSE,FALSE,FALSE,FALSE,FALSE,71557d1c8bac9bbe3cbec8d00bb223a2f372279827064095447e569fbf5a760a,71557d1c8bac9bbe3cbec8d00bb223a2f372279827064095447e569fbf5a760a,FALSE
candidate,4,1,TRUE,scalar_less,ordinary,1,1000000,432,0.303,0.304,27468a48d9fd9dc5ba71891904e48c03e2dfcbdc043990f010981b4c4efbdb56,8cb390f4310bb5332e9085281aa52e5236aecd65b982d0e3a7e9174fe845527e,7d3712fb7ae81b29d8c28e354721b4a737f0e878202e5105ef9df6a672d5e6e4,FALSE,FALSE,FALSE,FALSE,FALSE,FALSE,FALSE,FALSE,71557d1c8bac9bbe3cbec8d00bb223a2f372279827064095447e569fbf5a760a,71557d1c8bac9bbe3cbec8d00bb223a2f372279827064095447e569fbf5a760a,FALSE
candidate,4,1,TRUE,scalar_less,typed_double,2,1000000,1054,0.297000000000001,0.297000000000001,c0fc146f23f813aa8e80aebc4d9d7ac256ddd10f85b65c17173f37c3fe760d8b,8cb390f4310bb5332e9085281aa52e5236aecd65b982d0e3a7e9174fe845527e,7d3712fb7ae81b29d8c28e354721b4a737f0e878202e5105ef9df6a672d5e6e4,FALSE,FALSE,FALSE,FALSE,FALSE,FALSE,FALSE,FALSE,e8c2c3714dfad8ccb787de83956aff6eadd8f5bf3b515e0083ff8aeca241ab2d,e8c2c3714dfad8ccb787de83956aff6eadd8f5bf3b515e0083ff8aeca241ab2d,TRUE
candidate,4,1,TRUE,scalar_less,compact,3,1000000,1091,0.318,0.318,c0fc146f23f813aa8e80aebc4d9d7ac256ddd10f85b65c17173f37c3fe760d8b,8cb390f4310bb5332e9085281aa52e5236aecd65b982d0e3a7e9174fe845527e,7d3712fb7ae81b29d8c28e354721b4a737f0e878202e5105ef9df6a672d5e6e4,TRUE,TRUE,FALSE,FALSE,TRUE,TRUE,FALSE,FALSE,0418a77b7087897a0ead6e10b9da2953bfee2ad9da1470ca98b7664e364a3024,0418a77b7087897a0ead6e10b9da2953bfee2ad9da1470ca98b7664e364a3024,TRUE
candidate,4,1,TRUE,pair_equal,compact,1,1000000,469,0.299,0.300000000000001,3373ec4fcf7f1a2c881385b92a07903da1240202fab5b88ee5d7c2603b3b0428,8cb390f4310bb5332e9085281aa52e5236aecd65b982d0e3a7e9174fe845527e,7d3712fb7ae81b29d8c28e354721b4a737f0e878202e5105ef9df6a672d5e6e4,TRUE,TRUE,FALSE,FALSE,TRUE,TRUE,FALSE,FALSE,0418a77b7087897a0ead6e10b9da2953bfee2ad9da1470ca98b7664e364a3024,0418a77b7087897a0ead6e10b9da2953bfee2ad9da1470ca98b7664e364a3024,TRUE
candidate,4,1,TRUE,pair_equal,ordinary,2,1000000,427,0.315,0.315,c23d64adae593f70407e6f7f1b56406f1d112f7287b7f688c1c2e14458d73483,8cb390f4310bb5332e9085281aa52e5236aecd65b982d0e3a7e9174fe845527e,7d3712fb7ae81b29d8c28e354721b4a737f0e878202e5105ef9df6a672d5e6e4,FALSE,FALSE,FALSE,FALSE,FALSE,FALSE,FALSE,FALSE,71557d1c8bac9bbe3cbec8d00bb223a2f372279827064095447e569fbf5a760a,71557d1c8bac9bbe3cbec8d00bb223a2f372279827064095447e569fbf5a760a,FALSE
candidate,4,1,TRUE,pair_equal,typed_double,3,1000000,736,0.301000000000001,0.301,3373ec4fcf7f1a2c881385b92a07903da1240202fab5b88ee5d7c2603b3b0428,8cb390f4310bb5332e9085281aa52e5236aecd65b982d0e3a7e9174fe845527e,7d3712fb7ae81b29d8c28e354721b4a737f0e878202e5105ef9df6a672d5e6e4,FALSE,FALSE,FALSE,FALSE,FALSE,FALSE,FALSE,FALSE,e8c2c3714dfad8ccb787de83956aff6eadd8f5bf3b515e0083ff8aeca241ab2d,e8c2c3714dfad8ccb787de83956aff6eadd8f5bf3b515e0083ff8aeca241ab2d,TRUE
candidate,4,0,FALSE,pair_less,typed_double,1,1000000,816,0.313000000000001,0.313000000000001,1c8e3c0969ca721d10f0cff30d1542de0795d4b1afd81dbeab684b22fd53e2e5,7f1c1a27229f7a699fa85ff90b5be1266497c462407b39b11f6d94015af8e8ad,d3066ce6e3c19763df09d2ef9185666a6f96f99e57743c9f8038e3cb90e15c4f,FALSE,FALSE,FALSE,FALSE,FALSE,FALSE,FALSE,FALSE,e8c2c3714dfad8ccb787de83956aff6eadd8f5bf3b515e0083ff8aeca241ab2d,e8c2c3714dfad8ccb787de83956aff6eadd8f5bf3b515e0083ff8aeca241ab2d,TRUE
candidate,4,0,FALSE,pair_less,compact,2,1000000,469,0.298000000000001,0.298,1c8e3c0969ca721d10f0cff30d1542de0795d4b1afd81dbeab684b22fd53e2e5,7f1c1a27229f7a699fa85ff90b5be1266497c462407b39b11f6d94015af8e8ad,d3066ce6e3c19763df09d2ef9185666a6f96f99e57743c9f8038e3cb90e15c4f,TRUE,TRUE,FALSE,FALSE,TRUE,TRUE,FALSE,FALSE,0418a77b7087897a0ead6e10b9da2953bfee2ad9da1470ca98b7664e364a3024,0418a77b7087897a0ead6e10b9da2953bfee2ad9da1470ca98b7664e364a3024,TRUE
candidate,4,0,FALSE,pair_less,ordinary,3,1000000,422,0.298,0.299,1c8e3c0969ca721d10f0cff30d1542de0795d4b1afd81dbeab684b22fd53e2e5,7f1c1a27229f7a699fa85ff90b5be1266497c462407b39b11f6d94015af8e8ad,d3066ce6e3c19763df09d2ef9185666a6f96f99e57743c9f8038e3cb90e15c4f,FALSE,FALSE,FALSE,FALSE,FALSE,FALSE,FALSE,FALSE,71557d1c8bac9bbe3cbec8d00bb223a2f372279827064095447e569fbf5a760a,71557d1c8bac9bbe3cbec8d00bb223a2f372279827064095447e569fbf5a760a,FALSE
candidate,4,0,FALSE,scalar_less,ordinary,1,1000000,427,0.298,0.299,888be2318f047338553582f6247bd3d4f93d26181da856e938a6787f24c386c8,7f1c1a27229f7a699fa85ff90b5be1266497c462407b39b11f6d94015af8e8ad,d3066ce6e3c19763df09d2ef9185666a6f96f99e57743c9f8038e3cb90e15c4f,FALSE,FALSE,FALSE,FALSE,FALSE,FALSE,FALSE,FALSE,71557d1c8bac9bbe3cbec8d00bb223a2f372279827064095447e569fbf5a760a,71557d1c8bac9bbe3cbec8d00bb223a2f372279827064095447e569fbf5a760a,FALSE
candidate,4,0,FALSE,scalar_less,typed_double,2,1000000,1202,0.299,0.299999999999999,888be2318f047338553582f6247bd3d4f93d26181da856e938a6787f24c386c8,7f1c1a27229f7a699fa85ff90b5be1266497c462407b39b11f6d94015af8e8ad,d3066ce6e3c19763df09d2ef9185666a6f96f99e57743c9f8038e3cb90e15c4f,FALSE,FALSE,FALSE,FALSE,FALSE,FALSE,FALSE,FALSE,e8c2c3714dfad8ccb787de83956aff6eadd8f5bf3b515e0083ff8aeca241ab2d,e8c2c3714dfad8ccb787de83956aff6eadd8f5bf3b515e0083ff8aeca241ab2d,TRUE
candidate,4,0,FALSE,scalar_less,compact,3,1000000,993,0.275000000000001,0.275,888be2318f047338553582f6247bd3d4f93d26181da856e938a6787f24c386c8,7f1c1a27229f7a699fa85ff90b5be1266497c462407b39b11f6d94015af8e8ad,d3066ce6e3c19763df09d2ef9185666a6f96f99e57743c9f8038e3cb90e15c4f,TRUE,TRUE,FALSE,FALSE,TRUE,TRUE,FALSE,FALSE,0418a77b7087897a0ead6e10b9da2953bfee2ad9da1470ca98b7664e364a3024,0418a77b7087897a0ead6e10b9da2953bfee2ad9da1470ca98b7664e364a3024,TRUE
candidate,4,0,FALSE,pair_equal,compact,1,1000000,475,0.302,0.301,3373ec4fcf7f1a2c881385b92a07903da1240202fab5b88ee5d7c2603b3b0428,7f1c1a27229f7a699fa85ff90b5be1266497c462407b39b11f6d94015af8e8ad,d3066ce6e3c19763df09d2ef9185666a6f96f99e57743c9f8038e3cb90e15c4f,TRUE,TRUE,FALSE,FALSE,TRUE,TRUE,FALSE,FALSE,0418a77b7087897a0ead6e10b9da2953bfee2ad9da1470ca98b7664e364a3024,0418a77b7087897a0ead6e10b9da2953bfee2ad9da1470ca98b7664e364a3024,TRUE
candidate,4,0,FALSE,pair_equal,ordinary,2,1000000,422,0.298999999999998,0.299000000000001,3373ec4fcf7f1a2c881385b92a07903da1240202fab5b88ee5d7c2603b3b0428,7f1c1a27229f7a699fa85ff90b5be1266497c462407b39b11f6d94015af8e8ad,d3066ce6e3c19763df09d2ef9185666a6f96f99e57743c9f8038e3cb90e15c4f,FALSE,FALSE,FALSE,FALSE,FALSE,FALSE,FALSE,FALSE,71557d1c8bac9bbe3cbec8d00bb223a2f372279827064095447e569fbf5a760a,71557d1c8bac9bbe3cbec8d00bb223a2f372279827064095447e569fbf5a760a,FALSE
candidate,4,0,FALSE,pair_equal,typed_double,3,1000000,826,0.307000000000001,0.306999999999999,3373ec4fcf7f1a2c881385b92a07903da1240202fab5b88ee5d7c2603b3b0428,7f1c1a27229f7a699fa85ff90b5be1266497c462407b39b11f6d94015af8e8ad,d3066ce6e3c19763df09d2ef9185666a6f96f99e57743c9f8038e3cb90e15c4f,FALSE,FALSE,FALSE,FALSE,FALSE,FALSE,FALSE,FALSE,e8c2c3714dfad8ccb787de83956aff6eadd8f5bf3b515e0083ff8aeca241ab2d,e8c2c3714dfad8ccb787de83956aff6eadd8f5bf3b515e0083ff8aeca241ab2d,TRUE
candidate,4,0,TRUE,pair_less,typed_double,1,1000000,736,0.342999999999999,0.341999999999999,4eb038232aaffe99ba822841a72a1be288b698a16ba15b4e5aef22c587ee61d8,8cb390f4310bb5332e9085281aa52e5236aecd65b982d0e3a7e9174fe845527e,7d3712fb7ae81b29d8c28e354721b4a737f0e878202e5105ef9df6a672d5e6e4,FALSE,FALSE,FALSE,FALSE,FALSE,FALSE,FALSE,FALSE,e8c2c3714dfad8ccb787de83956aff6eadd8f5bf3b515e0083ff8aeca241ab2d,e8c2c3714dfad8ccb787de83956aff6eadd8f5bf3b515e0083ff8aeca241ab2d,TRUE
candidate,4,0,TRUE,pair_less,compact,2,1000000,475,0.301000000000002,0.302,4eb038232aaffe99ba822841a72a1be288b698a16ba15b4e5aef22c587ee61d8,8cb390f4310bb5332e9085281aa52e5236aecd65b982d0e3a7e9174fe845527e,7d3712fb7ae81b29d8c28e354721b4a737f0e878202e5105ef9df6a672d5e6e4,TRUE,TRUE,FALSE,FALSE,TRUE,TRUE,FALSE,FALSE,0418a77b7087897a0ead6e10b9da2953bfee2ad9da1470ca98b7664e364a3024,0418a77b7087897a0ead6e10b9da2953bfee2ad9da1470ca98b7664e364a3024,TRUE
candidate,4,0,TRUE,pair_less,ordinary,3,1000000,427,0.302,0.303000000000001,dfddb9b2b91b422bcc693ca8234e4127d5ce2bf2fcabb02271713137399f3960,8cb390f4310bb5332e9085281aa52e5236aecd65b982d0e3a7e9174fe845527e,7d3712fb7ae81b29d8c28e354721b4a737f0e878202e5105ef9df6a672d5e6e4,FALSE,FALSE,FALSE,FALSE,FALSE,FALSE,FALSE,FALSE,71557d1c8bac9bbe3cbec8d00bb223a2f372279827064095447e569fbf5a760a,71557d1c8bac9bbe3cbec8d00bb223a2f372279827064095447e569fbf5a760a,FALSE
candidate,4,0,TRUE,scalar_less,ordinary,1,1000000,427,0.299,0.300000000000001,27468a48d9fd9dc5ba71891904e48c03e2dfcbdc043990f010981b4c4efbdb56,8cb390f4310bb5332e9085281aa52e5236aecd65b982d0e3a7e9174fe845527e,7d3712fb7ae81b29d8c28e354721b4a737f0e878202e5105ef9df6a672d5e6e4,FALSE,FALSE,FALSE,FALSE,FALSE,FALSE,FALSE,FALSE,71557d1c8bac9bbe3cbec8d00bb223a2f372279827064095447e569fbf5a760a,71557d1c8bac9bbe3cbec8d00bb223a2f372279827064095447e569fbf5a760a,FALSE
candidate,4,0,TRUE,scalar_less,typed_double,2,1000000,1060,0.300000000000001,0.300000000000001,c0fc146f23f813aa8e80aebc4d9d7ac256ddd10f85b65c17173f37c3fe760d8b,8cb390f4310bb5332e9085281aa52e5236aecd65b982d0e3a7e9174fe845527e,7d3712fb7ae81b29d8c28e354721b4a737f0e878202e5105ef9df6a672d5e6e4,FALSE,FALSE,FALSE,FALSE,FALSE,FALSE,FALSE,FALSE,e8c2c3714dfad8ccb787de83956aff6eadd8f5bf3b515e0083ff8aeca241ab2d,e8c2c3714dfad8ccb787de83956aff6eadd8f5bf3b515e0083ff8aeca241ab2d,TRUE
candidate,4,0,TRUE,scalar_less,compact,3,1000000,1084,0.314,0.314999999999998,c0fc146f23f813aa8e80aebc4d9d7ac256ddd10f85b65c17173f37c3fe760d8b,8cb390f4310bb5332e9085281aa52e5236aecd65b982d0e3a7e9174fe845527e,7d3712fb7ae81b29d8c28e354721b4a737f0e878202e5105ef9df6a672d5e6e4,TRUE,TRUE,FALSE,FALSE,TRUE,TRUE,FALSE,FALSE,0418a77b7087897a0ead6e10b9da2953bfee2ad9da1470ca98b7664e364a3024,0418a77b7087897a0ead6e10b9da2953bfee2ad9da1470ca98b7664e364a3024,TRUE
candidate,4,0,TRUE,pair_equal,compact,1,1000000,469,0.297999999999998,0.298000000000002,3373ec4fcf7f1a2c881385b92a07903da1240202fab5b88ee5d7c2603b3b0428,8cb390f4310bb5332e9085281aa52e5236aecd65b982d0e3a7e9174fe845527e,7d3712fb7ae81b29d8c28e354721b4a737f0e878202e5105ef9df6a672d5e6e4,TRUE,TRUE,FALSE,FALSE,TRUE,TRUE,FALSE,FALSE,0418a77b7087897a0ead6e10b9da2953bfee2ad9da1470ca98b7664e364a3024,0418a77b7087897a0ead6e10b9da2953bfee2ad9da1470ca98b7664e364a3024,TRUE
candidate,4,0,TRUE,pair_equal,ordinary,2,1000000,422,0.298000000000002,0.299,c23d64adae593f70407e6f7f1b56406f1d112f7287b7f688c1c2e14458d73483,8cb390f4310bb5332e9085281aa52e5236aecd65b982d0e3a7e9174fe845527e,7d3712fb7ae81b29d8c28e354721b4a737f0e878202e5105ef9df6a672d5e6e4,FALSE,FALSE,FALSE,FALSE,FALSE,FALSE,FALSE,FALSE,71557d1c8bac9bbe3cbec8d00bb223a2f372279827064095447e569fbf5a760a,71557d1c8bac9bbe3cbec8d00bb223a2f372279827064095447e569fbf5a760a,FALSE
candidate,4,0,TRUE,pair_equal,typed_double,3,1000000,736,0.303,0.303000000000001,3373ec4fcf7f1a2c881385b92a07903da1240202fab5b88ee5d7c2603b3b0428,8cb390f4310bb5332e9085281aa52e5236aecd65b982d0e3a7e9174fe845527e,7d3712fb7ae81b29d8c28e354721b4a737f0e878202e5105ef9df6a672d5e6e4,FALSE,FALSE,FALSE,FALSE,FALSE,FALSE,FALSE,FALSE,e8c2c3714dfad8ccb787de83956aff6eadd8f5bf3b515e0083ff8aeca241ab2d,e8c2c3714dfad8ccb787de83956aff6eadd8f5bf3b515e0083ff8aeca241ab2d,TRUE
baseline,4,1,FALSE,pair_less,typed_double,1,1000000,158,0.268,0.268,1c8e3c0969ca721d10f0cff30d1542de0795d4b1afd81dbeab684b22fd53e2e5,7f1c1a27229f7a699fa85ff90b5be1266497c462407b39b11f6d94015af8e8ad,d3066ce6e3c19763df09d2ef9185666a6f96f99e57743c9f8038e3cb90e15c4f,FALSE,FALSE,FALSE,FALSE,FALSE,FALSE,FALSE,FALSE,e8c2c3714dfad8ccb787de83956aff6eadd8f5bf3b515e0083ff8aeca241ab2d,e8c2c3714dfad8ccb787de83956aff6eadd8f5bf3b515e0083ff8aeca241ab2d,TRUE
baseline,4,1,FALSE,pair_less,compact,2,1000000,469,0.301,0.301,1c8e3c0969ca721d10f0cff30d1542de0795d4b1afd81dbeab684b22fd53e2e5,7f1c1a27229f7a699fa85ff90b5be1266497c462407b39b11f6d94015af8e8ad,d3066ce6e3c19763df09d2ef9185666a6f96f99e57743c9f8038e3cb90e15c4f,TRUE,TRUE,FALSE,FALSE,TRUE,TRUE,FALSE,FALSE,0418a77b7087897a0ead6e10b9da2953bfee2ad9da1470ca98b7664e364a3024,0418a77b7087897a0ead6e10b9da2953bfee2ad9da1470ca98b7664e364a3024,TRUE
baseline,4,1,FALSE,pair_less,ordinary,3,1000000,422,0.319,0.318,1c8e3c0969ca721d10f0cff30d1542de0795d4b1afd81dbeab684b22fd53e2e5,7f1c1a27229f7a699fa85ff90b5be1266497c462407b39b11f6d94015af8e8ad,d3066ce6e3c19763df09d2ef9185666a6f96f99e57743c9f8038e3cb90e15c4f,FALSE,FALSE,FALSE,FALSE,FALSE,FALSE,FALSE,FALSE,71557d1c8bac9bbe3cbec8d00bb223a2f372279827064095447e569fbf5a760a,71557d1c8bac9bbe3cbec8d00bb223a2f372279827064095447e569fbf5a760a,FALSE
baseline,4,1,FALSE,scalar_less,ordinary,1,1000000,432,0.304,0.304,888be2318f047338553582f6247bd3d4f93d26181da856e938a6787f24c386c8,7f1c1a27229f7a699fa85ff90b5be1266497c462407b39b11f6d94015af8e8ad,d3066ce6e3c19763df09d2ef9185666a6f96f99e57743c9f8038e3cb90e15c4f,FALSE,FALSE,FALSE,FALSE,FALSE,FALSE,FALSE,FALSE,71557d1c8bac9bbe3cbec8d00bb223a2f372279827064095447e569fbf5a760a,71557d1c8bac9bbe3cbec8d00bb223a2f372279827064095447e569fbf5a760a,FALSE
baseline,4,1,FALSE,scalar_less,typed_double,2,1000000,1180,0.315,0.314,888be2318f047338553582f6247bd3d4f93d26181da856e938a6787f24c386c8,7f1c1a27229f7a699fa85ff90b5be1266497c462407b39b11f6d94015af8e8ad,d3066ce6e3c19763df09d2ef9185666a6f96f99e57743c9f8038e3cb90e15c4f,FALSE,FALSE,FALSE,FALSE,FALSE,FALSE,FALSE,FALSE,e8c2c3714dfad8ccb787de83956aff6eadd8f5bf3b515e0083ff8aeca241ab2d,e8c2c3714dfad8ccb787de83956aff6eadd8f5bf3b515e0083ff8aeca241ab2d,TRUE
baseline,4,1,FALSE,scalar_less,compact,3,1000000,1072,0.314,0.314,888be2318f047338553582f6247bd3d4f93d26181da856e938a6787f24c386c8,7f1c1a27229f7a699fa85ff90b5be1266497c462407b39b11f6d94015af8e8ad,d3066ce6e3c19763df09d2ef9185666a6f96f99e57743c9f8038e3cb90e15c4f,TRUE,TRUE,FALSE,FALSE,TRUE,TRUE,FALSE,FALSE,0418a77b7087897a0ead6e10b9da2953bfee2ad9da1470ca98b7664e364a3024,0418a77b7087897a0ead6e10b9da2953bfee2ad9da1470ca98b7664e364a3024,TRUE
baseline,4,1,FALSE,pair_equal,compact,1,1000000,463,0.298000000000001,0.297,3373ec4fcf7f1a2c881385b92a07903da1240202fab5b88ee5d7c2603b3b0428,7f1c1a27229f7a699fa85ff90b5be1266497c462407b39b11f6d94015af8e8ad,d3066ce6e3c19763df09d2ef9185666a6f96f99e57743c9f8038e3cb90e15c4f,TRUE,TRUE,FALSE,FALSE,TRUE,TRUE,FALSE,FALSE,0418a77b7087897a0ead6e10b9da2953bfee2ad9da1470ca98b7664e364a3024,0418a77b7087897a0ead6e10b9da2953bfee2ad9da1470ca98b7664e364a3024,TRUE
baseline,4,1,FALSE,pair_equal,ordinary,2,1000000,422,0.3,0.300000000000001,3373ec4fcf7f1a2c881385b92a07903da1240202fab5b88ee5d7c2603b3b0428,7f1c1a27229f7a699fa85ff90b5be1266497c462407b39b11f6d94015af8e8ad,d3066ce6e3c19763df09d2ef9185666a6f96f99e57743c9f8038e3cb90e15c4f,FALSE,FALSE,FALSE,FALSE,FALSE,FALSE,FALSE,FALSE,71557d1c8bac9bbe3cbec8d00bb223a2f372279827064095447e569fbf5a760a,71557d1c8bac9bbe3cbec8d00bb223a2f372279827064095447e569fbf5a760a,FALSE
baseline,4,1,FALSE,pair_equal,typed_double,3,1000000,166,0.302,0.301,3373ec4fcf7f1a2c881385b92a07903da1240202fab5b88ee5d7c2603b3b0428,7f1c1a27229f7a699fa85ff90b5be1266497c462407b39b11f6d94015af8e8ad,d3066ce6e3c19763df09d2ef9185666a6f96f99e57743c9f8038e3cb90e15c4f,FALSE,FALSE,FALSE,FALSE,FALSE,FALSE,FALSE,FALSE,e8c2c3714dfad8ccb787de83956aff6eadd8f5bf3b515e0083ff8aeca241ab2d,e8c2c3714dfad8ccb787de83956aff6eadd8f5bf3b515e0083ff8aeca241ab2d,TRUE
baseline,4,1,TRUE,pair_less,typed_double,1,1000000,180,0.297,0.297000000000001,4eb038232aaffe99ba822841a72a1be288b698a16ba15b4e5aef22c587ee61d8,8cb390f4310bb5332e9085281aa52e5236aecd65b982d0e3a7e9174fe845527e,7d3712fb7ae81b29d8c28e354721b4a737f0e878202e5105ef9df6a672d5e6e4,FALSE,FALSE,FALSE,FALSE,FALSE,FALSE,FALSE,FALSE,e8c2c3714dfad8ccb787de83956aff6eadd8f5bf3b515e0083ff8aeca241ab2d,e8c2c3714dfad8ccb787de83956aff6eadd8f5bf3b515e0083ff8aeca241ab2d,TRUE
baseline,4,1,TRUE,pair_less,compact,2,1000000,475,0.302,0.303,4eb038232aaffe99ba822841a72a1be288b698a16ba15b4e5aef22c587ee61d8,8cb390f4310bb5332e9085281aa52e5236aecd65b982d0e3a7e9174fe845527e,7d3712fb7ae81b29d8c28e354721b4a737f0e878202e5105ef9df6a672d5e6e4,TRUE,TRUE,FALSE,FALSE,TRUE,TRUE,FALSE,FALSE,0418a77b7087897a0ead6e10b9da2953bfee2ad9da1470ca98b7664e364a3024,0418a77b7087897a0ead6e10b9da2953bfee2ad9da1470ca98b7664e364a3024,TRUE
baseline,4,1,TRUE,pair_less,ordinary,3,1000000,422,0.314,0.315,dfddb9b2b91b422bcc693ca8234e4127d5ce2bf2fcabb02271713137399f3960,8cb390f4310bb5332e9085281aa52e5236aecd65b982d0e3a7e9174fe845527e,7d3712fb7ae81b29d8c28e354721b4a737f0e878202e5105ef9df6a672d5e6e4,FALSE,FALSE,FALSE,FALSE,FALSE,FALSE,FALSE,FALSE,71557d1c8bac9bbe3cbec8d00bb223a2f372279827064095447e569fbf5a760a,71557d1c8bac9bbe3cbec8d00bb223a2f372279827064095447e569fbf5a760a,FALSE
baseline,4,1,TRUE,scalar_less,ordinary,1,1000000,427,0.299,0.299999999999999,27468a48d9fd9dc5ba71891904e48c03e2dfcbdc043990f010981b4c4efbdb56,8cb390f4310bb5332e9085281aa52e5236aecd65b982d0e3a7e9174fe845527e,7d3712fb7ae81b29d8c28e354721b4a737f0e878202e5105ef9df6a672d5e6e4,FALSE,FALSE,FALSE,FALSE,FALSE,FALSE,FALSE,FALSE,71557d1c8bac9bbe3cbec8d00bb223a2f372279827064095447e569fbf5a760a,71557d1c8bac9bbe3cbec8d00bb223a2f372279827064095447e569fbf5a760a,FALSE
baseline,4,1,TRUE,scalar_less,typed_double,2,1000000,1060,0.314,0.315,c0fc146f23f813aa8e80aebc4d9d7ac256ddd10f85b65c17173f37c3fe760d8b,8cb390f4310bb5332e9085281aa52e5236aecd65b982d0e3a7e9174fe845527e,7d3712fb7ae81b29d8c28e354721b4a737f0e878202e5105ef9df6a672d5e6e4,FALSE,FALSE,FALSE,FALSE,FALSE,FALSE,FALSE,FALSE,e8c2c3714dfad8ccb787de83956aff6eadd8f5bf3b515e0083ff8aeca241ab2d,e8c2c3714dfad8ccb787de83956aff6eadd8f5bf3b515e0083ff8aeca241ab2d,TRUE
baseline,4,1,TRUE,scalar_less,compact,3,1000000,1084,0.316999999999999,0.316999999999998,c0fc146f23f813aa8e80aebc4d9d7ac256ddd10f85b65c17173f37c3fe760d8b,8cb390f4310bb5332e9085281aa52e5236aecd65b982d0e3a7e9174fe845527e,7d3712fb7ae81b29d8c28e354721b4a737f0e878202e5105ef9df6a672d5e6e4,TRUE,TRUE,FALSE,FALSE,TRUE,TRUE,FALSE,FALSE,0418a77b7087897a0ead6e10b9da2953bfee2ad9da1470ca98b7664e364a3024,0418a77b7087897a0ead6e10b9da2953bfee2ad9da1470ca98b7664e364a3024,TRUE
baseline,4,1,TRUE,pair_equal,compact,1,1000000,469,0.298,0.299,3373ec4fcf7f1a2c881385b92a07903da1240202fab5b88ee5d7c2603b3b0428,8cb390f4310bb5332e9085281aa52e5236aecd65b982d0e3a7e9174fe845527e,7d3712fb7ae81b29d8c28e354721b4a737f0e878202e5105ef9df6a672d5e6e4,TRUE,TRUE,FALSE,FALSE,TRUE,TRUE,FALSE,FALSE,0418a77b7087897a0ead6e10b9da2953bfee2ad9da1470ca98b7664e364a3024,0418a77b7087897a0ead6e10b9da2953bfee2ad9da1470ca98b7664e364a3024,TRUE
baseline,4,1,TRUE,pair_equal,ordinary,2,1000000,427,0.304,0.302999999999999,c23d64adae593f70407e6f7f1b56406f1d112f7287b7f688c1c2e14458d73483,8cb390f4310bb5332e9085281aa52e5236aecd65b982d0e3a7e9174fe845527e,7d3712fb7ae81b29d8c28e354721b4a737f0e878202e5105ef9df6a672d5e6e4,FALSE,FALSE,FALSE,FALSE,FALSE,FALSE,FALSE,FALSE,71557d1c8bac9bbe3cbec8d00bb223a2f372279827064095447e569fbf5a760a,71557d1c8bac9bbe3cbec8d00bb223a2f372279827064095447e569fbf5a760a,FALSE
baseline,4,1,TRUE,pair_equal,typed_double,3,1000000,164,0.301,0.302,3373ec4fcf7f1a2c881385b92a07903da1240202fab5b88ee5d7c2603b3b0428,8cb390f4310bb5332e9085281aa52e5236aecd65b982d0e3a7e9174fe845527e,7d3712fb7ae81b29d8c28e354721b4a737f0e878202e5105ef9df6a672d5e6e4,FALSE,FALSE,FALSE,FALSE,FALSE,FALSE,FALSE,FALSE,e8c2c3714dfad8ccb787de83956aff6eadd8f5bf3b515e0083ff8aeca241ab2d,e8c2c3714dfad8ccb787de83956aff6eadd8f5bf3b515e0083ff8aeca241ab2d,TRUE
baseline,4,0,FALSE,pair_less,typed_double,1,1000000,159,0.301,0.0809999999999995,1c8e3c0969ca721d10f0cff30d1542de0795d4b1afd81dbeab684b22fd53e2e5,7f1c1a27229f7a699fa85ff90b5be1266497c462407b39b11f6d94015af8e8ad,d3066ce6e3c19763df09d2ef9185666a6f96f99e57743c9f8038e3cb90e15c4f,FALSE,FALSE,FALSE,FALSE,FALSE,FALSE,FALSE,FALSE,e8c2c3714dfad8ccb787de83956aff6eadd8f5bf3b515e0083ff8aeca241ab2d,e8c2c3714dfad8ccb787de83956aff6eadd8f5bf3b515e0083ff8aeca241ab2d,TRUE
baseline,4,0,FALSE,pair_less,compact,2,1000000,368,0.316000000000001,0.104000000000001,1c8e3c0969ca721d10f0cff30d1542de0795d4b1afd81dbeab684b22fd53e2e5,7f1c1a27229f7a699fa85ff90b5be1266497c462407b39b11f6d94015af8e8ad,d3066ce6e3c19763df09d2ef9185666a6f96f99e57743c9f8038e3cb90e15c4f,TRUE,TRUE,FALSE,FALSE,TRUE,TRUE,FALSE,FALSE,0418a77b7087897a0ead6e10b9da2953bfee2ad9da1470ca98b7664e364a3024,0418a77b7087897a0ead6e10b9da2953bfee2ad9da1470ca98b7664e364a3024,TRUE
baseline,4,0,FALSE,pair_less,ordinary,3,1000000,422,0.298,0.299000000000001,1c8e3c0969ca721d10f0cff30d1542de0795d4b1afd81dbeab684b22fd53e2e5,7f1c1a27229f7a699fa85ff90b5be1266497c462407b39b11f6d94015af8e8ad,d3066ce6e3c19763df09d2ef9185666a6f96f99e57743c9f8038e3cb90e15c4f,FALSE,FALSE,FALSE,FALSE,FALSE,FALSE,FALSE,FALSE,71557d1c8bac9bbe3cbec8d00bb223a2f372279827064095447e569fbf5a760a,71557d1c8bac9bbe3cbec8d00bb223a2f372279827064095447e569fbf5a760a,FALSE
baseline,4,0,FALSE,scalar_less,ordinary,1,1000000,427,0.300000000000001,0.299,888be2318f047338553582f6247bd3d4f93d26181da856e938a6787f24c386c8,7f1c1a27229f7a699fa85ff90b5be1266497c462407b39b11f6d94015af8e8ad,d3066ce6e3c19763df09d2ef9185666a6f96f99e57743c9f8038e3cb90e15c4f,FALSE,FALSE,FALSE,FALSE,FALSE,FALSE,FALSE,FALSE,71557d1c8bac9bbe3cbec8d00bb223a2f372279827064095447e569fbf5a760a,71557d1c8bac9bbe3cbec8d00bb223a2f372279827064095447e569fbf5a760a,FALSE
baseline,4,0,FALSE,scalar_less,typed_double,2,1000000,1202,0.301,0.301,888be2318f047338553582f6247bd3d4f93d26181da856e938a6787f24c386c8,7f1c1a27229f7a699fa85ff90b5be1266497c462407b39b11f6d94015af8e8ad,d3066ce6e3c19763df09d2ef9185666a6f96f99e57743c9f8038e3cb90e15c4f,FALSE,FALSE,FALSE,FALSE,FALSE,FALSE,FALSE,FALSE,e8c2c3714dfad8ccb787de83956aff6eadd8f5bf3b515e0083ff8aeca241ab2d,e8c2c3714dfad8ccb787de83956aff6eadd8f5bf3b515e0083ff8aeca241ab2d,TRUE
baseline,4,0,FALSE,scalar_less,compact,3,1000000,736,0.315,0.114000000000001,888be2318f047338553582f6247bd3d4f93d26181da856e938a6787f24c386c8,7f1c1a27229f7a699fa85ff90b5be1266497c462407b39b11f6d94015af8e8ad,d3066ce6e3c19763df09d2ef9185666a6f96f99e57743c9f8038e3cb90e15c4f,TRUE,TRUE,FALSE,FALSE,TRUE,TRUE,FALSE,FALSE,0418a77b7087897a0ead6e10b9da2953bfee2ad9da1470ca98b7664e364a3024,0418a77b7087897a0ead6e10b9da2953bfee2ad9da1470ca98b7664e364a3024,TRUE
baseline,4,0,FALSE,pair_equal,compact,1,1000000,365,0.297999999999999,0.088000000000001,3373ec4fcf7f1a2c881385b92a07903da1240202fab5b88ee5d7c2603b3b0428,7f1c1a27229f7a699fa85ff90b5be1266497c462407b39b11f6d94015af8e8ad,d3066ce6e3c19763df09d2ef9185666a6f96f99e57743c9f8038e3cb90e15c4f,TRUE,TRUE,FALSE,FALSE,TRUE,TRUE,FALSE,FALSE,0418a77b7087897a0ead6e10b9da2953bfee2ad9da1470ca98b7664e364a3024,0418a77b7087897a0ead6e10b9da2953bfee2ad9da1470ca98b7664e364a3024,TRUE
baseline,4,0,FALSE,pair_equal,ordinary,2,1000000,427,0.303,0.302,3373ec4fcf7f1a2c881385b92a07903da1240202fab5b88ee5d7c2603b3b0428,7f1c1a27229f7a699fa85ff90b5be1266497c462407b39b11f6d94015af8e8ad,d3066ce6e3c19763df09d2ef9185666a6f96f99e57743c9f8038e3cb90e15c4f,FALSE,FALSE,FALSE,FALSE,FALSE,FALSE,FALSE,FALSE,71557d1c8bac9bbe3cbec8d00bb223a2f372279827064095447e569fbf5a760a,71557d1c8bac9bbe3cbec8d00bb223a2f372279827064095447e569fbf5a760a,FALSE
baseline,4,0,FALSE,pair_equal,typed_double,3,1000000,142,0.303999999999999,0.0809999999999995,3373ec4fcf7f1a2c881385b92a07903da1240202fab5b88ee5d7c2603b3b0428,7f1c1a27229f7a699fa85ff90b5be1266497c462407b39b11f6d94015af8e8ad,d3066ce6e3c19763df09d2ef9185666a6f96f99e57743c9f8038e3cb90e15c4f,FALSE,FALSE,FALSE,FALSE,FALSE,FALSE,FALSE,FALSE,e8c2c3714dfad8ccb787de83956aff6eadd8f5bf3b515e0083ff8aeca241ab2d,e8c2c3714dfad8ccb787de83956aff6eadd8f5bf3b515e0083ff8aeca241ab2d,TRUE
baseline,4,0,TRUE,pair_less,typed_double,1,1000000,157,0.301000000000002,0.0800000000000018,4eb038232aaffe99ba822841a72a1be288b698a16ba15b4e5aef22c587ee61d8,8cb390f4310bb5332e9085281aa52e5236aecd65b982d0e3a7e9174fe845527e,7d3712fb7ae81b29d8c28e354721b4a737f0e878202e5105ef9df6a672d5e6e4,FALSE,FALSE,FALSE,FALSE,FALSE,FALSE,FALSE,FALSE,e8c2c3714dfad8ccb787de83956aff6eadd8f5bf3b515e0083ff8aeca241ab2d,e8c2c3714dfad8ccb787de83956aff6eadd8f5bf3b515e0083ff8aeca241ab2d,TRUE
baseline,4,0,TRUE,pair_less,compact,2,1000000,368,0.300999999999998,0.0890000000000022,4eb038232aaffe99ba822841a72a1be288b698a16ba15b4e5aef22c587ee61d8,8cb390f4310bb5332e9085281aa52e5236aecd65b982d0e3a7e9174fe845527e,7d3712fb7ae81b29d8c28e354721b4a737f0e878202e5105ef9df6a672d5e6e4,TRUE,TRUE,FALSE,FALSE,TRUE,TRUE,FALSE,FALSE,0418a77b7087897a0ead6e10b9da2953bfee2ad9da1470ca98b7664e364a3024,0418a77b7087897a0ead6e10b9da2953bfee2ad9da1470ca98b7664e364a3024,TRUE
baseline,4,0,TRUE,pair_less,ordinary,3,1000000,427,0.316999999999999,0.317,dfddb9b2b91b422bcc693ca8234e4127d5ce2bf2fcabb02271713137399f3960,8cb390f4310bb5332e9085281aa52e5236aecd65b982d0e3a7e9174fe845527e,7d3712fb7ae81b29d8c28e354721b4a737f0e878202e5105ef9df6a672d5e6e4,FALSE,FALSE,FALSE,FALSE,FALSE,FALSE,FALSE,FALSE,71557d1c8bac9bbe3cbec8d00bb223a2f372279827064095447e569fbf5a760a,71557d1c8bac9bbe3cbec8d00bb223a2f372279827064095447e569fbf5a760a,FALSE
baseline,4,0,TRUE,scalar_less,ordinary,1,1000000,432,0.303,0.302,27468a48d9fd9dc5ba71891904e48c03e2dfcbdc043990f010981b4c4efbdb56,8cb390f4310bb5332e9085281aa52e5236aecd65b982d0e3a7e9174fe845527e,7d3712fb7ae81b29d8c28e354721b4a737f0e878202e5105ef9df6a672d5e6e4,FALSE,FALSE,FALSE,FALSE,FALSE,FALSE,FALSE,FALSE,71557d1c8bac9bbe3cbec8d00bb223a2f372279827064095447e569fbf5a760a,71557d1c8bac9bbe3cbec8d00bb223a2f372279827064095447e569fbf5a760a,FALSE
baseline,4,0,TRUE,scalar_less,typed_double,2,1000000,1060,0.299,0.300000000000001,c0fc146f23f813aa8e80aebc4d9d7ac256ddd10f85b65c17173f37c3fe760d8b,8cb390f4310bb5332e9085281aa52e5236aecd65b982d0e3a7e9174fe845527e,7d3712fb7ae81b29d8c28e354721b4a737f0e878202e5105ef9df6a672d5e6e4,FALSE,FALSE,FALSE,FALSE,FALSE,FALSE,FALSE,FALSE,e8c2c3714dfad8ccb787de83956aff6eadd8f5bf3b515e0083ff8aeca241ab2d,e8c2c3714dfad8ccb787de83956aff6eadd8f5bf3b515e0083ff8aeca241ab2d,TRUE
baseline,4,0,TRUE,scalar_less,compact,3,1000000,736,0.295999999999998,0.097999999999999,c0fc146f23f813aa8e80aebc4d9d7ac256ddd10f85b65c17173f37c3fe760d8b,8cb390f4310bb5332e9085281aa52e5236aecd65b982d0e3a7e9174fe845527e,7d3712fb7ae81b29d8c28e354721b4a737f0e878202e5105ef9df6a672d5e6e4,TRUE,TRUE,FALSE,FALSE,TRUE,TRUE,FALSE,FALSE,0418a77b7087897a0ead6e10b9da2953bfee2ad9da1470ca98b7664e364a3024,0418a77b7087897a0ead6e10b9da2953bfee2ad9da1470ca98b7664e364a3024,TRUE
baseline,4,0,TRUE,pair_equal,compact,1,1000000,368,0.314999999999998,0.103999999999999,3373ec4fcf7f1a2c881385b92a07903da1240202fab5b88ee5d7c2603b3b0428,8cb390f4310bb5332e9085281aa52e5236aecd65b982d0e3a7e9174fe845527e,7d3712fb7ae81b29d8c28e354721b4a737f0e878202e5105ef9df6a672d5e6e4,TRUE,TRUE,FALSE,FALSE,TRUE,TRUE,FALSE,FALSE,0418a77b7087897a0ead6e10b9da2953bfee2ad9da1470ca98b7664e364a3024,0418a77b7087897a0ead6e10b9da2953bfee2ad9da1470ca98b7664e364a3024,TRUE
baseline,4,0,TRUE,pair_equal,ordinary,2,1000000,427,0.302,0.302,c23d64adae593f70407e6f7f1b56406f1d112f7287b7f688c1c2e14458d73483,8cb390f4310bb5332e9085281aa52e5236aecd65b982d0e3a7e9174fe845527e,7d3712fb7ae81b29d8c28e354721b4a737f0e878202e5105ef9df6a672d5e6e4,FALSE,FALSE,FALSE,FALSE,FALSE,FALSE,FALSE,FALSE,71557d1c8bac9bbe3cbec8d00bb223a2f372279827064095447e569fbf5a760a,71557d1c8bac9bbe3cbec8d00bb223a2f372279827064095447e569fbf5a760a,FALSE
baseline,4,0,TRUE,pair_equal,typed_double,3,1000000,139,0.299999999999998,0.0800000000000018,3373ec4fcf7f1a2c881385b92a07903da1240202fab5b88ee5d7c2603b3b0428,8cb390f4310bb5332e9085281aa52e5236aecd65b982d0e3a7e9174fe845527e,7d3712fb7ae81b29d8c28e354721b4a737f0e878202e5105ef9df6a672d5e6e4,FALSE,FALSE,FALSE,FALSE,FALSE,FALSE,FALSE,FALSE,e8c2c3714dfad8ccb787de83956aff6eadd8f5bf3b515e0083ff8aeca241ab2d,e8c2c3714dfad8ccb787de83956aff6eadd8f5bf3b515e0083ff8aeca241ab2d,TRUE
baseline,5,1,FALSE,pair_less,compact,1,1000000,391,0.252,0.254,1c8e3c0969ca721d10f0cff30d1542de0795d4b1afd81dbeab684b22fd53e2e5,7f1c1a27229f7a699fa85ff90b5be1266497c462407b39b11f6d94015af8e8ad,d3066ce6e3c19763df09d2ef9185666a6f96f99e57743c9f8038e3cb90e15c4f,TRUE,TRUE,FALSE,FALSE,TRUE,TRUE,FALSE,FALSE,0418a77b7087897a0ead6e10b9da2953bfee2ad9da1470ca98b7664e364a3024,0418a77b7087897a0ead6e10b9da2953bfee2ad9da1470ca98b7664e364a3024,TRUE
baseline,5,1,FALSE,pair_less,typed_double,2,1000000,169,0.317,0.317,1c8e3c0969ca721d10f0cff30d1542de0795d4b1afd81dbeab684b22fd53e2e5,7f1c1a27229f7a699fa85ff90b5be1266497c462407b39b11f6d94015af8e8ad,d3066ce6e3c19763df09d2ef9185666a6f96f99e57743c9f8038e3cb90e15c4f,FALSE,FALSE,FALSE,FALSE,FALSE,FALSE,FALSE,FALSE,e8c2c3714dfad8ccb787de83956aff6eadd8f5bf3b515e0083ff8aeca241ab2d,e8c2c3714dfad8ccb787de83956aff6eadd8f5bf3b515e0083ff8aeca241ab2d,TRUE
baseline,5,1,FALSE,pair_less,ordinary,3,1000000,417,0.299,0.299,1c8e3c0969ca721d10f0cff30d1542de0795d4b1afd81dbeab684b22fd53e2e5,7f1c1a27229f7a699fa85ff90b5be1266497c462407b39b11f6d94015af8e8ad,d3066ce6e3c19763df09d2ef9185666a6f96f99e57743c9f8038e3cb90e15c4f,FALSE,FALSE,FALSE,FALSE,FALSE,FALSE,FALSE,FALSE,71557d1c8bac9bbe3cbec8d00bb223a2f372279827064095447e569fbf5a760a,71557d1c8bac9bbe3cbec8d00bb223a2f372279827064095447e569fbf5a760a,FALSE
baseline,5,1,FALSE,scalar_less,typed_double,1,1000000,1066,0.304,0.304,888be2318f047338553582f6247bd3d4f93d26181da856e938a6787f24c386c8,7f1c1a27229f7a699fa85ff90b5be1266497c462407b39b11f6d94015af8e8ad,d3066ce6e3c19763df09d2ef9185666a6f96f99e57743c9f8038e3cb90e15c4f,FALSE,FALSE,FALSE,FALSE,FALSE,FALSE,FALSE,FALSE,e8c2c3714dfad8ccb787de83956aff6eadd8f5bf3b515e0083ff8aeca241ab2d,e8c2c3714dfad8ccb787de83956aff6eadd8f5bf3b515e0083ff8aeca241ab2d,TRUE
baseline,5,1,FALSE,scalar_less,ordinary,2,1000000,427,0.299,0.3,888be2318f047338553582f6247bd3d4f93d26181da856e938a6787f24c386c8,7f1c1a27229f7a699fa85ff90b5be1266497c462407b39b11f6d94015af8e8ad,d3066ce6e3c19763df09d2ef9185666a6f96f99e57743c9f8038e3cb90e15c4f,FALSE,FALSE,FALSE,FALSE,FALSE,FALSE,FALSE,FALSE,71557d1c8bac9bbe3cbec8d00bb223a2f372279827064095447e569fbf5a760a,71557d1c8bac9bbe3cbec8d00bb223a2f372279827064095447e569fbf5a760a,FALSE
baseline,5,1,FALSE,scalar_less,compact,3,1000000,982,0.275,0.275,888be2318f047338553582f6247bd3d4f93d26181da856e938a6787f24c386c8,7f1c1a27229f7a699fa85ff90b5be1266497c462407b39b11f6d94015af8e8ad,d3066ce6e3c19763df09d2ef9185666a6f96f99e57743c9f8038e3cb90e15c4f,TRUE,TRUE,FALSE,FALSE,TRUE,TRUE,FALSE,FALSE,0418a77b7087897a0ead6e10b9da2953bfee2ad9da1470ca98b7664e364a3024,0418a77b7087897a0ead6e10b9da2953bfee2ad9da1470ca98b7664e364a3024,TRUE
baseline,5,1,FALSE,pair_equal,ordinary,1,1000000,422,0.317,0.317,3373ec4fcf7f1a2c881385b92a07903da1240202fab5b88ee5d7c2603b3b0428,7f1c1a27229f7a699fa85ff90b5be1266497c462407b39b11f6d94015af8e8ad,d3066ce6e3c19763df09d2ef9185666a6f96f99e57743c9f8038e3cb90e15c4f,FALSE,FALSE,FALSE,FALSE,FALSE,FALSE,FALSE,FALSE,71557d1c8bac9bbe3cbec8d00bb223a2f372279827064095447e569fbf5a760a,71557d1c8bac9bbe3cbec8d00bb223a2f372279827064095447e569fbf5a760a,FALSE
baseline,5,1,FALSE,pair_equal,compact,2,1000000,475,0.303,0.303,3373ec4fcf7f1a2c881385b92a07903da1240202fab5b88ee5d7c2603b3b0428,7f1c1a27229f7a699fa85ff90b5be1266497c462407b39b11f6d94015af8e8ad,d3066ce6e3c19763df09d2ef9185666a6f96f99e57743c9f8038e3cb90e15c4f,TRUE,TRUE,FALSE,FALSE,TRUE,TRUE,FALSE,FALSE,0418a77b7087897a0ead6e10b9da2953bfee2ad9da1470ca98b7664e364a3024,0418a77b7087897a0ead6e10b9da2953bfee2ad9da1470ca98b7664e364a3024,TRUE
baseline,5,1,FALSE,pair_equal,typed_double,3,1000000,153,0.299,0.299,3373ec4fcf7f1a2c881385b92a07903da1240202fab5b88ee5d7c2603b3b0428,7f1c1a27229f7a699fa85ff90b5be1266497c462407b39b11f6d94015af8e8ad,d3066ce6e3c19763df09d2ef9185666a6f96f99e57743c9f8038e3cb90e15c4f,FALSE,FALSE,FALSE,FALSE,FALSE,FALSE,FALSE,FALSE,e8c2c3714dfad8ccb787de83956aff6eadd8f5bf3b515e0083ff8aeca241ab2d,e8c2c3714dfad8ccb787de83956aff6eadd8f5bf3b515e0083ff8aeca241ab2d,TRUE
baseline,5,1,TRUE,pair_less,compact,1,1000000,469,0.299,0.298,4eb038232aaffe99ba822841a72a1be288b698a16ba15b4e5aef22c587ee61d8,8cb390f4310bb5332e9085281aa52e5236aecd65b982d0e3a7e9174fe845527e,7d3712fb7ae81b29d8c28e354721b4a737f0e878202e5105ef9df6a672d5e6e4,TRUE,TRUE,FALSE,FALSE,TRUE,TRUE,FALSE,FALSE,0418a77b7087897a0ead6e10b9da2953bfee2ad9da1470ca98b7664e364a3024,0418a77b7087897a0ead6e10b9da2953bfee2ad9da1470ca98b7664e364a3024,TRUE
baseline,5,1,TRUE,pair_less,typed_double,2,1000000,183,0.301,0.301,4eb038232aaffe99ba822841a72a1be288b698a16ba15b4e5aef22c587ee61d8,8cb390f4310bb5332e9085281aa52e5236aecd65b982d0e3a7e9174fe845527e,7d3712fb7ae81b29d8c28e354721b4a737f0e878202e5105ef9df6a672d5e6e4,FALSE,FALSE,FALSE,FALSE,FALSE,FALSE,FALSE,FALSE,e8c2c3714dfad8ccb787de83956aff6eadd8f5bf3b515e0083ff8aeca241ab2d,e8c2c3714dfad8ccb787de83956aff6eadd8f5bf3b515e0083ff8aeca241ab2d,TRUE
baseline,5,1,TRUE,pair_less,ordinary,3,1000000,427,0.304,0.304,dfddb9b2b91b422bcc693ca8234e4127d5ce2bf2fcabb02271713137399f3960,8cb390f4310bb5332e9085281aa52e5236aecd65b982d0e3a7e9174fe845527e,7d3712fb7ae81b29d8c28e354721b4a737f0e878202e5105ef9df6a672d5e6e4,FALSE,FALSE,FALSE,FALSE,FALSE,FALSE,FALSE,FALSE,71557d1c8bac9bbe3cbec8d00bb223a2f372279827064095447e569fbf5a760a,71557d1c8bac9bbe3cbec8d00bb223a2f372279827064095447e569fbf5a760a,FALSE
baseline,5,1,TRUE,scalar_less,typed_double,1,1000000,977,0.276,0.276,c0fc146f23f813aa8e80aebc4d9d7ac256ddd10f85b65c17173f37c3fe760d8b,8cb390f4310bb5332e9085281aa52e5236aecd65b982d0e3a7e9174fe845527e,7d3712fb7ae81b29d8c28e354721b4a737f0e878202e5105ef9df6a672d5e6e4,FALSE,FALSE,FALSE,FALSE,FALSE,FALSE,FALSE,FALSE,e8c2c3714dfad8ccb787de83956aff6eadd8f5bf3b515e0083ff8aeca241ab2d,e8c2c3714dfad8ccb787de83956aff6eadd8f5bf3b515e0083ff8aeca241ab2d,TRUE
baseline,5,1,TRUE,scalar_less,ordinary,2,1000000,432,0.301,0.302,27468a48d9fd9dc5ba71891904e48c03e2dfcbdc043990f010981b4c4efbdb56,8cb390f4310bb5332e9085281aa52e5236aecd65b982d0e3a7e9174fe845527e,7d3712fb7ae81b29d8c28e354721b4a737f0e878202e5105ef9df6a672d5e6e4,FALSE,FALSE,FALSE,FALSE,FALSE,FALSE,FALSE,FALSE,71557d1c8bac9bbe3cbec8d00bb223a2f372279827064095447e569fbf5a760a,71557d1c8bac9bbe3cbec8d00bb223a2f372279827064095447e569fbf5a760a,FALSE
baseline,5,1,TRUE,scalar_less,compact,3,1000000,1084,0.300999999999999,0.300999999999998,c0fc146f23f813aa8e80aebc4d9d7ac256ddd10f85b65c17173f37c3fe760d8b,8cb390f4310bb5332e9085281aa52e5236aecd65b982d0e3a7e9174fe845527e,7d3712fb7ae81b29d8c28e354721b4a737f0e878202e5105ef9df6a672d5e6e4,TRUE,TRUE,FALSE,FALSE,TRUE,TRUE,FALSE,FALSE,0418a77b7087897a0ead6e10b9da2953bfee2ad9da1470ca98b7664e364a3024,0418a77b7087897a0ead6e10b9da2953bfee2ad9da1470ca98b7664e364a3024,TRUE
baseline,5,1,TRUE,pair_equal,ordinary,1,1000000,422,0.299,0.299,c23d64adae593f70407e6f7f1b56406f1d112f7287b7f688c1c2e14458d73483,8cb390f4310bb5332e9085281aa52e5236aecd65b982d0e3a7e9174fe845527e,7d3712fb7ae81b29d8c28e354721b4a737f0e878202e5105ef9df6a672d5e6e4,FALSE,FALSE,FALSE,FALSE,FALSE,FALSE,FALSE,FALSE,71557d1c8bac9bbe3cbec8d00bb223a2f372279827064095447e569fbf5a760a,71557d1c8bac9bbe3cbec8d00bb223a2f372279827064095447e569fbf5a760a,FALSE
baseline,5,1,TRUE,pair_equal,compact,2,1000000,395,0.251999999999999,0.250999999999999,3373ec4fcf7f1a2c881385b92a07903da1240202fab5b88ee5d7c2603b3b0428,8cb390f4310bb5332e9085281aa52e5236aecd65b982d0e3a7e9174fe845527e,7d3712fb7ae81b29d8c28e354721b4a737f0e878202e5105ef9df6a672d5e6e4,TRUE,TRUE,FALSE,FALSE,TRUE,TRUE,FALSE,FALSE,0418a77b7087897a0ead6e10b9da2953bfee2ad9da1470ca98b7664e364a3024,0418a77b7087897a0ead6e10b9da2953bfee2ad9da1470ca98b7664e364a3024,TRUE
baseline,5,1,TRUE,pair_equal,typed_double,3,1000000,152,0.308,0.306999999999999,3373ec4fcf7f1a2c881385b92a07903da1240202fab5b88ee5d7c2603b3b0428,8cb390f4310bb5332e9085281aa52e5236aecd65b982d0e3a7e9174fe845527e,7d3712fb7ae81b29d8c28e354721b4a737f0e878202e5105ef9df6a672d5e6e4,FALSE,FALSE,FALSE,FALSE,FALSE,FALSE,FALSE,FALSE,e8c2c3714dfad8ccb787de83956aff6eadd8f5bf3b515e0083ff8aeca241ab2d,e8c2c3714dfad8ccb787de83956aff6eadd8f5bf3b515e0083ff8aeca241ab2d,TRUE
baseline,5,0,FALSE,pair_less,compact,1,1000000,368,0.300000000000001,0.0879999999999992,1c8e3c0969ca721d10f0cff30d1542de0795d4b1afd81dbeab684b22fd53e2e5,7f1c1a27229f7a699fa85ff90b5be1266497c462407b39b11f6d94015af8e8ad,d3066ce6e3c19763df09d2ef9185666a6f96f99e57743c9f8038e3cb90e15c4f,TRUE,TRUE,FALSE,FALSE,TRUE,TRUE,FALSE,FALSE,0418a77b7087897a0ead6e10b9da2953bfee2ad9da1470ca98b7664e364a3024,0418a77b7087897a0ead6e10b9da2953bfee2ad9da1470ca98b7664e364a3024,TRUE
baseline,5,0,FALSE,pair_less,typed_double,2,1000000,159,0.299,0.0800000000000001,1c8e3c0969ca721d10f0cff30d1542de0795d4b1afd81dbeab684b22fd53e2e5,7f1c1a27229f7a699fa85ff90b5be1266497c462407b39b11f6d94015af8e8ad,d3066ce6e3c19763df09d2ef9185666a6f96f99e57743c9f8038e3cb90e15c4f,FALSE,FALSE,FALSE,FALSE,FALSE,FALSE,FALSE,FALSE,e8c2c3714dfad8ccb787de83956aff6eadd8f5bf3b515e0083ff8aeca241ab2d,e8c2c3714dfad8ccb787de83956aff6eadd8f5bf3b515e0083ff8aeca241ab2d,TRUE
baseline,5,0,FALSE,pair_less,ordinary,3,1000000,427,0.303,0.302999999999999,1c8e3c0969ca721d10f0cff30d1542de0795d4b1afd81dbeab684b22fd53e2e5,7f1c1a27229f7a699fa85ff90b5be1266497c462407b39b11f6d94015af8e8ad,d3066ce6e3c19763df09d2ef9185666a6f96f99e57743c9f8038e3cb90e15c4f,FALSE,FALSE,FALSE,FALSE,FALSE,FALSE,FALSE,FALSE,71557d1c8bac9bbe3cbec8d00bb223a2f372279827064095447e569fbf5a760a,71557d1c8bac9bbe3cbec8d00bb223a2f372279827064095447e569fbf5a760a,FALSE
baseline,5,0,FALSE,scalar_less,typed_double,1,1000000,1202,0.315,0.314,888be2318f047338553582f6247bd3d4f93d26181da856e938a6787f24c386c8,7f1c1a27229f7a699fa85ff90b5be1266497c462407b39b11f6d94015af8e8ad,d3066ce6e3c19763df09d2ef9185666a6f96f99e57743c9f8038e3cb90e15c4f,FALSE,FALSE,FALSE,FALSE,FALSE,FALSE,FALSE,FALSE,e8c2c3714dfad8ccb787de83956aff6eadd8f5bf3b515e0083ff8aeca241ab2d,e8c2c3714dfad8ccb787de83956aff6eadd8f5bf3b515e0083ff8aeca241ab2d,TRUE
baseline,5,0,FALSE,scalar_less,ordinary,2,1000000,432,0.302,0.303000000000001,888be2318f047338553582f6247bd3d4f93d26181da856e938a6787f24c386c8,7f1c1a27229f7a699fa85ff90b5be1266497c462407b39b11f6d94015af8e8ad,d3066ce6e3c19763df09d2ef9185666a6f96f99e57743c9f8038e3cb90e15c4f,FALSE,FALSE,FALSE,FALSE,FALSE,FALSE,FALSE,FALSE,71557d1c8bac9bbe3cbec8d00bb223a2f372279827064095447e569fbf5a760a,71557d1c8bac9bbe3cbec8d00bb223a2f372279827064095447e569fbf5a760a,FALSE
baseline,5,0,FALSE,scalar_less,compact,3,1000000,736,0.295,0.0970000000000013,888be2318f047338553582f6247bd3d4f93d26181da856e938a6787f24c386c8,7f1c1a27229f7a699fa85ff90b5be1266497c462407b39b11f6d94015af8e8ad,d3066ce6e3c19763df09d2ef9185666a6f96f99e57743c9f8038e3cb90e15c4f,TRUE,TRUE,FALSE,FALSE,TRUE,TRUE,FALSE,FALSE,0418a77b7087897a0ead6e10b9da2953bfee2ad9da1470ca98b7664e364a3024,0418a77b7087897a0ead6e10b9da2953bfee2ad9da1470ca98b7664e364a3024,TRUE
baseline,5,0,FALSE,pair_equal,ordinary,1,1000000,422,0.299,0.299000000000001,3373ec4fcf7f1a2c881385b92a07903da1240202fab5b88ee5d7c2603b3b0428,7f1c1a27229f7a699fa85ff90b5be1266497c462407b39b11f6d94015af8e8ad,d3066ce6e3c19763df09d2ef9185666a6f96f99e57743c9f8038e3cb90e15c4f,FALSE,FALSE,FALSE,FALSE,FALSE,FALSE,FALSE,FALSE,71557d1c8bac9bbe3cbec8d00bb223a2f372279827064095447e569fbf5a760a,71557d1c8bac9bbe3cbec8d00bb223a2f372279827064095447e569fbf5a760a,FALSE
baseline,5,0,FALSE,pair_equal,compact,2,1000000,372,0.303,0.0890000000000004,3373ec4fcf7f1a2c881385b92a07903da1240202fab5b88ee5d7c2603b3b0428,7f1c1a27229f7a699fa85ff90b5be1266497c462407b39b11f6d94015af8e8ad,d3066ce6e3c19763df09d2ef9185666a6f96f99e57743c9f8038e3cb90e15c4f,TRUE,TRUE,FALSE,FALSE,TRUE,TRUE,FALSE,FALSE,0418a77b7087897a0ead6e10b9da2953bfee2ad9da1470ca98b7664e364a3024,0418a77b7087897a0ead6e10b9da2953bfee2ad9da1470ca98b7664e364a3024,TRUE
baseline,5,0,FALSE,pair_equal,typed_double,3,1000000,142,0.303999999999999,0.0809999999999995,3373ec4fcf7f1a2c881385b92a07903da1240202fab5b88ee5d7c2603b3b0428,7f1c1a27229f7a699fa85ff90b5be1266497c462407b39b11f6d94015af8e8ad,d3066ce6e3c19763df09d2ef9185666a6f96f99e57743c9f8038e3cb90e15c4f,FALSE,FALSE,FALSE,FALSE,FALSE,FALSE,FALSE,FALSE,e8c2c3714dfad8ccb787de83956aff6eadd8f5bf3b515e0083ff8aeca241ab2d,e8c2c3714dfad8ccb787de83956aff6eadd8f5bf3b515e0083ff8aeca241ab2d,TRUE
baseline,5,0,TRUE,pair_less,compact,1,1000000,372,0.318999999999998,0.106000000000002,4eb038232aaffe99ba822841a72a1be288b698a16ba15b4e5aef22c587ee61d8,8cb390f4310bb5332e9085281aa52e5236aecd65b982d0e3a7e9174fe845527e,7d3712fb7ae81b29d8c28e354721b4a737f0e878202e5105ef9df6a672d5e6e4,TRUE,TRUE,FALSE,FALSE,TRUE,TRUE,FALSE,FALSE,0418a77b7087897a0ead6e10b9da2953bfee2ad9da1470ca98b7664e364a3024,0418a77b7087897a0ead6e10b9da2953bfee2ad9da1470ca98b7664e364a3024,TRUE
baseline,5,0,TRUE,pair_less,typed_double,2,1000000,157,0.3,0.0809999999999995,4eb038232aaffe99ba822841a72a1be288b698a16ba15b4e5aef22c587ee61d8,8cb390f4310bb5332e9085281aa52e5236aecd65b982d0e3a7e9174fe845527e,7d3712fb7ae81b29d8c28e354721b4a737f0e878202e5105ef9df6a672d5e6e4,FALSE,FALSE,FALSE,FALSE,FALSE,FALSE,FALSE,FALSE,e8c2c3714dfad8ccb787de83956aff6eadd8f5bf3b515e0083ff8aeca241ab2d,e8c2c3714dfad8ccb787de83956aff6eadd8f5bf3b515e0083ff8aeca241ab2d,TRUE
baseline,5,0,TRUE,pair_less,ordinary,3,1000000,427,0.303000000000003,0.302,dfddb9b2b91b422bcc693ca8234e4127d5ce2bf2fcabb02271713137399f3960,8cb390f4310bb5332e9085281aa52e5236aecd65b982d0e3a7e9174fe845527e,7d3712fb7ae81b29d8c28e354721b4a737f0e878202e5105ef9df6a672d5e6e4,FALSE,FALSE,FALSE,FALSE,FALSE,FALSE,FALSE,FALSE,71557d1c8bac9bbe3cbec8d00bb223a2f372279827064095447e569fbf5a760a,71557d1c8bac9bbe3cbec8d00bb223a2f372279827064095447e569fbf5a760a,FALSE
baseline,5,0,TRUE,scalar_less,typed_double,1,1000000,1066,0.302,0.302999999999997,c0fc146f23f813aa8e80aebc4d9d7ac256ddd10f85b65c17173f37c3fe760d8b,8cb390f4310bb5332e9085281aa52e5236aecd65b982d0e3a7e9174fe845527e,7d3712fb7ae81b29d8c28e354721b4a737f0e878202e5105ef9df6a672d5e6e4,FALSE,FALSE,FALSE,FALSE,FALSE,FALSE,FALSE,FALSE,e8c2c3714dfad8ccb787de83956aff6eadd8f5bf3b515e0083ff8aeca241ab2d,e8c2c3714dfad8ccb787de83956aff6eadd8f5bf3b515e0083ff8aeca241ab2d,TRUE
baseline,5,0,TRUE,scalar_less,ordinary,2,1000000,432,0.303,0.302,27468a48d9fd9dc5ba71891904e48c03e2dfcbdc043990f010981b4c4efbdb56,8cb390f4310bb5332e9085281aa52e5236aecd65b982d0e3a7e9174fe845527e,7d3712fb7ae81b29d8c28e354721b4a737f0e878202e5105ef9df6a672d5e6e4,FALSE,FALSE,FALSE,FALSE,FALSE,FALSE,FALSE,FALSE,71557d1c8bac9bbe3cbec8d00bb223a2f372279827064095447e569fbf5a760a,71557d1c8bac9bbe3cbec8d00bb223a2f372279827064095447e569fbf5a760a,FALSE
baseline,5,0,TRUE,scalar_less,compact,3,1000000,736,0.313,0.113,c0fc146f23f813aa8e80aebc4d9d7ac256ddd10f85b65c17173f37c3fe760d8b,8cb390f4310bb5332e9085281aa52e5236aecd65b982d0e3a7e9174fe845527e,7d3712fb7ae81b29d8c28e354721b4a737f0e878202e5105ef9df6a672d5e6e4,TRUE,TRUE,FALSE,FALSE,TRUE,TRUE,FALSE,FALSE,0418a77b7087897a0ead6e10b9da2953bfee2ad9da1470ca98b7664e364a3024,0418a77b7087897a0ead6e10b9da2953bfee2ad9da1470ca98b7664e364a3024,TRUE
baseline,5,0,TRUE,pair_equal,ordinary,1,1000000,427,0.303,0.302,c23d64adae593f70407e6f7f1b56406f1d112f7287b7f688c1c2e14458d73483,8cb390f4310bb5332e9085281aa52e5236aecd65b982d0e3a7e9174fe845527e,7d3712fb7ae81b29d8c28e354721b4a737f0e878202e5105ef9df6a672d5e6e4,FALSE,FALSE,FALSE,FALSE,FALSE,FALSE,FALSE,FALSE,71557d1c8bac9bbe3cbec8d00bb223a2f372279827064095447e569fbf5a760a,71557d1c8bac9bbe3cbec8d00bb223a2f372279827064095447e569fbf5a760a,FALSE
baseline,5,0,TRUE,pair_equal,compact,2,1000000,368,0.297999999999999,0.088000000000001,3373ec4fcf7f1a2c881385b92a07903da1240202fab5b88ee5d7c2603b3b0428,8cb390f4310bb5332e9085281aa52e5236aecd65b982d0e3a7e9174fe845527e,7d3712fb7ae81b29d8c28e354721b4a737f0e878202e5105ef9df6a672d5e6e4,TRUE,TRUE,FALSE,FALSE,TRUE,TRUE,FALSE,FALSE,0418a77b7087897a0ead6e10b9da2953bfee2ad9da1470ca98b7664e364a3024,0418a77b7087897a0ead6e10b9da2953bfee2ad9da1470ca98b7664e364a3024,TRUE
baseline,5,0,TRUE,pair_equal,typed_double,3,1000000,139,0.300000000000002,0.0800000000000018,3373ec4fcf7f1a2c881385b92a07903da1240202fab5b88ee5d7c2603b3b0428,8cb390f4310bb5332e9085281aa52e5236aecd65b982d0e3a7e9174fe845527e,7d3712fb7ae81b29d8c28e354721b4a737f0e878202e5105ef9df6a672d5e6e4,FALSE,FALSE,FALSE,FALSE,FALSE,FALSE,FALSE,FALSE,e8c2c3714dfad8ccb787de83956aff6eadd8f5bf3b515e0083ff8aeca241ab2d,e8c2c3714dfad8ccb787de83956aff6eadd8f5bf3b515e0083ff8aeca241ab2d,TRUE
candidate,5,1,FALSE,pair_less,compact,1,1000000,391,0.254,0.253,1c8e3c0969ca721d10f0cff30d1542de0795d4b1afd81dbeab684b22fd53e2e5,7f1c1a27229f7a699fa85ff90b5be1266497c462407b39b11f6d94015af8e8ad,d3066ce6e3c19763df09d2ef9185666a6f96f99e57743c9f8038e3cb90e15c4f,TRUE,TRUE,FALSE,FALSE,TRUE,TRUE,FALSE,FALSE,0418a77b7087897a0ead6e10b9da2953bfee2ad9da1470ca98b7664e364a3024,0418a77b7087897a0ead6e10b9da2953bfee2ad9da1470ca98b7664e364a3024,TRUE
candidate,5,1,FALSE,pair_less,typed_double,2,1000000,748,0.313,0.314,1c8e3c0969ca721d10f0cff30d1542de0795d4b1afd81dbeab684b22fd53e2e5,7f1c1a27229f7a699fa85ff90b5be1266497c462407b39b11f6d94015af8e8ad,d3066ce6e3c19763df09d2ef9185666a6f96f99e57743c9f8038e3cb90e15c4f,FALSE,FALSE,FALSE,FALSE,FALSE,FALSE,FALSE,FALSE,e8c2c3714dfad8ccb787de83956aff6eadd8f5bf3b515e0083ff8aeca241ab2d,e8c2c3714dfad8ccb787de83956aff6eadd8f5bf3b515e0083ff8aeca241ab2d,TRUE
candidate,5,1,FALSE,pair_less,ordinary,3,1000000,417,0.305,0.305,1c8e3c0969ca721d10f0cff30d1542de0795d4b1afd81dbeab684b22fd53e2e5,7f1c1a27229f7a699fa85ff90b5be1266497c462407b39b11f6d94015af8e8ad,d3066ce6e3c19763df09d2ef9185666a6f96f99e57743c9f8038e3cb90e15c4f,FALSE,FALSE,FALSE,FALSE,FALSE,FALSE,FALSE,FALSE,71557d1c8bac9bbe3cbec8d00bb223a2f372279827064095447e569fbf5a760a,71557d1c8bac9bbe3cbec8d00bb223a2f372279827064095447e569fbf5a760a,FALSE
candidate,5,1,FALSE,scalar_less,typed_double,1,1000000,1054,0.304,0.304,888be2318f047338553582f6247bd3d4f93d26181da856e938a6787f24c386c8,7f1c1a27229f7a699fa85ff90b5be1266497c462407b39b11f6d94015af8e8ad,d3066ce6e3c19763df09d2ef9185666a6f96f99e57743c9f8038e3cb90e15c4f,FALSE,FALSE,FALSE,FALSE,FALSE,FALSE,FALSE,FALSE,e8c2c3714dfad8ccb787de83956aff6eadd8f5bf3b515e0083ff8aeca241ab2d,e8c2c3714dfad8ccb787de83956aff6eadd8f5bf3b515e0083ff8aeca241ab2d,TRUE
candidate,5,1,FALSE,scalar_less,ordinary,2,1000000,427,0.302,0.303,888be2318f047338553582f6247bd3d4f93d26181da856e938a6787f24c386c8,7f1c1a27229f7a699fa85ff90b5be1266497c462407b39b11f6d94015af8e8ad,d3066ce6e3c19763df09d2ef9185666a6f96f99e57743c9f8038e3cb90e15c4f,FALSE,FALSE,FALSE,FALSE,FALSE,FALSE,FALSE,FALSE,71557d1c8bac9bbe3cbec8d00bb223a2f372279827064095447e569fbf5a760a,71557d1c8bac9bbe3cbec8d00bb223a2f372279827064095447e569fbf5a760a,FALSE
candidate,5,1,FALSE,scalar_less,compact,3,1000000,1078,0.316,0.317,888be2318f047338553582f6247bd3d4f93d26181da856e938a6787f24c386c8,7f1c1a27229f7a699fa85ff90b5be1266497c462407b39b11f6d94015af8e8ad,d3066ce6e3c19763df09d2ef9185666a6f96f99e57743c9f8038e3cb90e15c4f,TRUE,TRUE,FALSE,FALSE,TRUE,TRUE,FALSE,FALSE,0418a77b7087897a0ead6e10b9da2953bfee2ad9da1470ca98b7664e364a3024,0418a77b7087897a0ead6e10b9da2953bfee2ad9da1470ca98b7664e364a3024,TRUE
candidate,5,1,FALSE,pair_equal,ordinary,1,1000000,422,0.3,0.301,3373ec4fcf7f1a2c881385b92a07903da1240202fab5b88ee5d7c2603b3b0428,7f1c1a27229f7a699fa85ff90b5be1266497c462407b39b11f6d94015af8e8ad,d3066ce6e3c19763df09d2ef9185666a6f96f99e57743c9f8038e3cb90e15c4f,FALSE,FALSE,FALSE,FALSE,FALSE,FALSE,FALSE,FALSE,71557d1c8bac9bbe3cbec8d00bb223a2f372279827064095447e569fbf5a760a,71557d1c8bac9bbe3cbec8d00bb223a2f372279827064095447e569fbf5a760a,FALSE
candidate,5,1,FALSE,pair_equal,compact,2,1000000,475,0.318,0.318,3373ec4fcf7f1a2c881385b92a07903da1240202fab5b88ee5d7c2603b3b0428,7f1c1a27229f7a699fa85ff90b5be1266497c462407b39b11f6d94015af8e8ad,d3066ce6e3c19763df09d2ef9185666a6f96f99e57743c9f8038e3cb90e15c4f,TRUE,TRUE,FALSE,FALSE,TRUE,TRUE,FALSE,FALSE,0418a77b7087897a0ead6e10b9da2953bfee2ad9da1470ca98b7664e364a3024,0418a77b7087897a0ead6e10b9da2953bfee2ad9da1470ca98b7664e364a3024,TRUE
candidate,5,1,FALSE,pair_equal,typed_double,3,1000000,809,0.315,0.315,3373ec4fcf7f1a2c881385b92a07903da1240202fab5b88ee5d7c2603b3b0428,7f1c1a27229f7a699fa85ff90b5be1266497c462407b39b11f6d94015af8e8ad,d3066ce6e3c19763df09d2ef9185666a6f96f99e57743c9f8038e3cb90e15c4f,FALSE,FALSE,FALSE,FALSE,FALSE,FALSE,FALSE,FALSE,e8c2c3714dfad8ccb787de83956aff6eadd8f5bf3b515e0083ff8aeca241ab2d,e8c2c3714dfad8ccb787de83956aff6eadd8f5bf3b515e0083ff8aeca241ab2d,TRUE
candidate,5,1,TRUE,pair_less,compact,1,1000000,469,0.301,0.3,4eb038232aaffe99ba822841a72a1be288b698a16ba15b4e5aef22c587ee61d8,8cb390f4310bb5332e9085281aa52e5236aecd65b982d0e3a7e9174fe845527e,7d3712fb7ae81b29d8c28e354721b4a737f0e878202e5105ef9df6a672d5e6e4,TRUE,TRUE,FALSE,FALSE,TRUE,TRUE,FALSE,FALSE,0418a77b7087897a0ead6e10b9da2953bfee2ad9da1470ca98b7664e364a3024,0418a77b7087897a0ead6e10b9da2953bfee2ad9da1470ca98b7664e364a3024,TRUE
candidate,5,1,TRUE,pair_less,typed_double,2,1000000,736,0.319,0.32,4eb038232aaffe99ba822841a72a1be288b698a16ba15b4e5aef22c587ee61d8,8cb390f4310bb5332e9085281aa52e5236aecd65b982d0e3a7e9174fe845527e,7d3712fb7ae81b29d8c28e354721b4a737f0e878202e5105ef9df6a672d5e6e4,FALSE,FALSE,FALSE,FALSE,FALSE,FALSE,FALSE,FALSE,e8c2c3714dfad8ccb787de83956aff6eadd8f5bf3b515e0083ff8aeca241ab2d,e8c2c3714dfad8ccb787de83956aff6eadd8f5bf3b515e0083ff8aeca241ab2d,TRUE
candidate,5,1,TRUE,pair_less,ordinary,3,1000000,427,0.305,0.303999999999999,dfddb9b2b91b422bcc693ca8234e4127d5ce2bf2fcabb02271713137399f3960,8cb390f4310bb5332e9085281aa52e5236aecd65b982d0e3a7e9174fe845527e,7d3712fb7ae81b29d8c28e354721b4a737f0e878202e5105ef9df6a672d5e6e4,FALSE,FALSE,FALSE,FALSE,FALSE,FALSE,FALSE,FALSE,71557d1c8bac9bbe3cbec8d00bb223a2f372279827064095447e569fbf5a760a,71557d1c8bac9bbe3cbec8d00bb223a2f372279827064095447e569fbf5a760a,FALSE
candidate,5,1,TRUE,scalar_less,typed_double,1,1000000,1054,0.316000000000001,0.317,c0fc146f23f813aa8e80aebc4d9d7ac256ddd10f85b65c17173f37c3fe760d8b,8cb390f4310bb5332e9085281aa52e5236aecd65b982d0e3a7e9174fe845527e,7d3712fb7ae81b29d8c28e354721b4a737f0e878202e5105ef9df6a672d5e6e4,FALSE,FALSE,FALSE,FALSE,FALSE,FALSE,FALSE,FALSE,e8c2c3714dfad8ccb787de83956aff6eadd8f5bf3b515e0083ff8aeca241ab2d,e8c2c3714dfad8ccb787de83956aff6eadd8f5bf3b515e0083ff8aeca241ab2d,TRUE
candidate,5,1,TRUE,scalar_less,ordinary,2,1000000,427,0.316000000000001,0.317,27468a48d9fd9dc5ba71891904e48c03e2dfcbdc043990f010981b4c4efbdb56,8cb390f4310bb5332e9085281aa52e5236aecd65b982d0e3a7e9174fe845527e,7d3712fb7ae81b29d8c28e354721b4a737f0e878202e5105ef9df6a672d5e6e4,FALSE,FALSE,FALSE,FALSE,FALSE,FALSE,FALSE,FALSE,71557d1c8bac9bbe3cbec8d00bb223a2f372279827064095447e569fbf5a760a,71557d1c8bac9bbe3cbec8d00bb223a2f372279827064095447e569fbf5a760a,FALSE
candidate,5,1,TRUE,scalar_less,compact,3,1000000,1078,0.300000000000001,0.300000000000001,c0fc146f23f813aa8e80aebc4d9d7ac256ddd10f85b65c17173f37c3fe760d8b,8cb390f4310bb5332e9085281aa52e5236aecd65b982d0e3a7e9174fe845527e,7d3712fb7ae81b29d8c28e354721b4a737f0e878202e5105ef9df6a672d5e6e4,TRUE,TRUE,FALSE,FALSE,TRUE,TRUE,FALSE,FALSE,0418a77b7087897a0ead6e10b9da2953bfee2ad9da1470ca98b7664e364a3024,0418a77b7087897a0ead6e10b9da2953bfee2ad9da1470ca98b7664e364a3024,TRUE
candidate,5,1,TRUE,pair_equal,ordinary,1,1000000,361,0.258,0.258000000000001,c23d64adae593f70407e6f7f1b56406f1d112f7287b7f688c1c2e14458d73483,8cb390f4310bb5332e9085281aa52e5236aecd65b982d0e3a7e9174fe845527e,7d3712fb7ae81b29d8c28e354721b4a737f0e878202e5105ef9df6a672d5e6e4,FALSE,FALSE,FALSE,FALSE,FALSE,FALSE,FALSE,FALSE,71557d1c8bac9bbe3cbec8d00bb223a2f372279827064095447e569fbf5a760a,71557d1c8bac9bbe3cbec8d00bb223a2f372279827064095447e569fbf5a760a,FALSE
candidate,5,1,TRUE,pair_equal,compact,2,1000000,475,0.302999999999999,0.304,3373ec4fcf7f1a2c881385b92a07903da1240202fab5b88ee5d7c2603b3b0428,8cb390f4310bb5332e9085281aa52e5236aecd65b982d0e3a7e9174fe845527e,7d3712fb7ae81b29d8c28e354721b4a737f0e878202e5105ef9df6a672d5e6e4,TRUE,TRUE,FALSE,FALSE,TRUE,TRUE,FALSE,FALSE,0418a77b7087897a0ead6e10b9da2953bfee2ad9da1470ca98b7664e364a3024,0418a77b7087897a0ead6e10b9da2953bfee2ad9da1470ca98b7664e364a3024,TRUE
candidate,5,1,TRUE,pair_equal,typed_double,3,1000000,736,0.304,0.302999999999999,3373ec4fcf7f1a2c881385b92a07903da1240202fab5b88ee5d7c2603b3b0428,8cb390f4310bb5332e9085281aa52e5236aecd65b982d0e3a7e9174fe845527e,7d3712fb7ae81b29d8c28e354721b4a737f0e878202e5105ef9df6a672d5e6e4,FALSE,FALSE,FALSE,FALSE,FALSE,FALSE,FALSE,FALSE,e8c2c3714dfad8ccb787de83956aff6eadd8f5bf3b515e0083ff8aeca241ab2d,e8c2c3714dfad8ccb787de83956aff6eadd8f5bf3b515e0083ff8aeca241ab2d,TRUE
candidate,5,0,FALSE,pair_less,compact,1,1000000,469,0.3,0.300000000000001,1c8e3c0969ca721d10f0cff30d1542de0795d4b1afd81dbeab684b22fd53e2e5,7f1c1a27229f7a699fa85ff90b5be1266497c462407b39b11f6d94015af8e8ad,d3066ce6e3c19763df09d2ef9185666a6f96f99e57743c9f8038e3cb90e15c4f,TRUE,TRUE,FALSE,FALSE,TRUE,TRUE,FALSE,FALSE,0418a77b7087897a0ead6e10b9da2953bfee2ad9da1470ca98b7664e364a3024,0418a77b7087897a0ead6e10b9da2953bfee2ad9da1470ca98b7664e364a3024,TRUE
candidate,5,0,FALSE,pair_less,typed_double,2,1000000,816,0.316000000000001,0.317,1c8e3c0969ca721d10f0cff30d1542de0795d4b1afd81dbeab684b22fd53e2e5,7f1c1a27229f7a699fa85ff90b5be1266497c462407b39b11f6d94015af8e8ad,d3066ce6e3c19763df09d2ef9185666a6f96f99e57743c9f8038e3cb90e15c4f,FALSE,FALSE,FALSE,FALSE,FALSE,FALSE,FALSE,FALSE,e8c2c3714dfad8ccb787de83956aff6eadd8f5bf3b515e0083ff8aeca241ab2d,e8c2c3714dfad8ccb787de83956aff6eadd8f5bf3b515e0083ff8aeca241ab2d,TRUE
candidate,5,0,FALSE,pair_less,ordinary,3,1000000,422,0.301000000000001,0.299999999999999,1c8e3c0969ca721d10f0cff30d1542de0795d4b1afd81dbeab684b22fd53e2e5,7f1c1a27229f7a699fa85ff90b5be1266497c462407b39b11f6d94015af8e8ad,d3066ce6e3c19763df09d2ef9185666a6f96f99e57743c9f8038e3cb90e15c4f,FALSE,FALSE,FALSE,FALSE,FALSE,FALSE,FALSE,FALSE,71557d1c8bac9bbe3cbec8d00bb223a2f372279827064095447e569fbf5a760a,71557d1c8bac9bbe3cbec8d00bb223a2f372279827064095447e569fbf5a760a,FALSE
candidate,5,0,FALSE,scalar_less,typed_double,1,1000000,1195,0.316000000000001,0.316000000000001,888be2318f047338553582f6247bd3d4f93d26181da856e938a6787f24c386c8,7f1c1a27229f7a699fa85ff90b5be1266497c462407b39b11f6d94015af8e8ad,d3066ce6e3c19763df09d2ef9185666a6f96f99e57743c9f8038e3cb90e15c4f,FALSE,FALSE,FALSE,FALSE,FALSE,FALSE,FALSE,FALSE,e8c2c3714dfad8ccb787de83956aff6eadd8f5bf3b515e0083ff8aeca241ab2d,e8c2c3714dfad8ccb787de83956aff6eadd8f5bf3b515e0083ff8aeca241ab2d,TRUE
candidate,5,0,FALSE,scalar_less,ordinary,2,1000000,413,0.290000000000001,0.291,888be2318f047338553582f6247bd3d4f93d26181da856e938a6787f24c386c8,7f1c1a27229f7a699fa85ff90b5be1266497c462407b39b11f6d94015af8e8ad,d3066ce6e3c19763df09d2ef9185666a6f96f99e57743c9f8038e3cb90e15c4f,FALSE,FALSE,FALSE,FALSE,FALSE,FALSE,FALSE,FALSE,71557d1c8bac9bbe3cbec8d00bb223a2f372279827064095447e569fbf5a760a,71557d1c8bac9bbe3cbec8d00bb223a2f372279827064095447e569fbf5a760a,FALSE
candidate,5,0,FALSE,scalar_less,compact,3,1000000,1084,0.319,0.318,888be2318f047338553582f6247bd3d4f93d26181da856e938a6787f24c386c8,7f1c1a27229f7a699fa85ff90b5be1266497c462407b39b11f6d94015af8e8ad,d3066ce6e3c19763df09d2ef9185666a6f96f99e57743c9f8038e3cb90e15c4f,TRUE,TRUE,FALSE,FALSE,TRUE,TRUE,FALSE,FALSE,0418a77b7087897a0ead6e10b9da2953bfee2ad9da1470ca98b7664e364a3024,0418a77b7087897a0ead6e10b9da2953bfee2ad9da1470ca98b7664e364a3024,TRUE
candidate,5,0,FALSE,pair_equal,ordinary,1,1000000,427,0.302,0.303000000000001,3373ec4fcf7f1a2c881385b92a07903da1240202fab5b88ee5d7c2603b3b0428,7f1c1a27229f7a699fa85ff90b5be1266497c462407b39b11f6d94015af8e8ad,d3066ce6e3c19763df09d2ef9185666a6f96f99e57743c9f8038e3cb90e15c4f,FALSE,FALSE,FALSE,FALSE,FALSE,FALSE,FALSE,FALSE,71557d1c8bac9bbe3cbec8d00bb223a2f372279827064095447e569fbf5a760a,71557d1c8bac9bbe3cbec8d00bb223a2f372279827064095447e569fbf5a760a,FALSE
candidate,5,0,FALSE,pair_equal,compact,2,1000000,475,0.303,0.303000000000001,3373ec4fcf7f1a2c881385b92a07903da1240202fab5b88ee5d7c2603b3b0428,7f1c1a27229f7a699fa85ff90b5be1266497c462407b39b11f6d94015af8e8ad,d3066ce6e3c19763df09d2ef9185666a6f96f99e57743c9f8038e3cb90e15c4f,TRUE,TRUE,FALSE,FALSE,TRUE,TRUE,FALSE,FALSE,0418a77b7087897a0ead6e10b9da2953bfee2ad9da1470ca98b7664e364a3024,0418a77b7087897a0ead6e10b9da2953bfee2ad9da1470ca98b7664e364a3024,TRUE
candidate,5,0,FALSE,pair_equal,typed_double,3,1000000,816,0.300999999999997,0.300999999999998,3373ec4fcf7f1a2c881385b92a07903da1240202fab5b88ee5d7c2603b3b0428,7f1c1a27229f7a699fa85ff90b5be1266497c462407b39b11f6d94015af8e8ad,d3066ce6e3c19763df09d2ef9185666a6f96f99e57743c9f8038e3cb90e15c4f,FALSE,FALSE,FALSE,FALSE,FALSE,FALSE,FALSE,FALSE,e8c2c3714dfad8ccb787de83956aff6eadd8f5bf3b515e0083ff8aeca241ab2d,e8c2c3714dfad8ccb787de83956aff6eadd8f5bf3b515e0083ff8aeca241ab2d,TRUE
candidate,5,0,TRUE,pair_less,compact,1,1000000,469,0.313000000000002,0.312999999999999,4eb038232aaffe99ba822841a72a1be288b698a16ba15b4e5aef22c587ee61d8,8cb390f4310bb5332e9085281aa52e5236aecd65b982d0e3a7e9174fe845527e,7d3712fb7ae81b29d8c28e354721b4a737f0e878202e5105ef9df6a672d5e6e4,TRUE,TRUE,FALSE,FALSE,TRUE,TRUE,FALSE,FALSE,0418a77b7087897a0ead6e10b9da2953bfee2ad9da1470ca98b7664e364a3024,0418a77b7087897a0ead6e10b9da2953bfee2ad9da1470ca98b7664e364a3024,TRUE
candidate,5,0,TRUE,pair_less,typed_double,2,1000000,736,0.3,0.300000000000001,4eb038232aaffe99ba822841a72a1be288b698a16ba15b4e5aef22c587ee61d8,8cb390f4310bb5332e9085281aa52e5236aecd65b982d0e3a7e9174fe845527e,7d3712fb7ae81b29d8c28e354721b4a737f0e878202e5105ef9df6a672d5e6e4,FALSE,FALSE,FALSE,FALSE,FALSE,FALSE,FALSE,FALSE,e8c2c3714dfad8ccb787de83956aff6eadd8f5bf3b515e0083ff8aeca241ab2d,e8c2c3714dfad8ccb787de83956aff6eadd8f5bf3b515e0083ff8aeca241ab2d,TRUE
candidate,5,0,TRUE,pair_less,ordinary,3,1000000,422,0.3,0.300000000000001,dfddb9b2b91b422bcc693ca8234e4127d5ce2bf2fcabb02271713137399f3960,8cb390f4310bb5332e9085281aa52e5236aecd65b982d0e3a7e9174fe845527e,7d3712fb7ae81b29d8c28e354721b4a737f0e878202e5105ef9df6a672d5e6e4,FALSE,FALSE,FALSE,FALSE,FALSE,FALSE,FALSE,FALSE,71557d1c8bac9bbe3cbec8d00bb223a2f372279827064095447e569fbf5a760a,71557d1c8bac9bbe3cbec8d00bb223a2f372279827064095447e569fbf5a760a,FALSE
candidate,5,0,TRUE,scalar_less,typed_double,1,1000000,1060,0.321999999999998,0.321000000000002,c0fc146f23f813aa8e80aebc4d9d7ac256ddd10f85b65c17173f37c3fe760d8b,8cb390f4310bb5332e9085281aa52e5236aecd65b982d0e3a7e9174fe845527e,7d3712fb7ae81b29d8c28e354721b4a737f0e878202e5105ef9df6a672d5e6e4,FALSE,FALSE,FALSE,FALSE,FALSE,FALSE,FALSE,FALSE,e8c2c3714dfad8ccb787de83956aff6eadd8f5bf3b515e0083ff8aeca241ab2d,e8c2c3714dfad8ccb787de83956aff6eadd8f5bf3b515e0083ff8aeca241ab2d,TRUE
candidate,5,0,TRUE,scalar_less,ordinary,2,1000000,427,0.299,0.299,27468a48d9fd9dc5ba71891904e48c03e2dfcbdc043990f010981b4c4efbdb56,8cb390f4310bb5332e9085281aa52e5236aecd65b982d0e3a7e9174fe845527e,7d3712fb7ae81b29d8c28e354721b4a737f0e878202e5105ef9df6a672d5e6e4,FALSE,FALSE,FALSE,FALSE,FALSE,FALSE,FALSE,FALSE,71557d1c8bac9bbe3cbec8d00bb223a2f372279827064095447e569fbf5a760a,71557d1c8bac9bbe3cbec8d00bb223a2f372279827064095447e569fbf5a760a,FALSE
candidate,5,0,TRUE,scalar_less,compact,3,1000000,1078,0.299,0.299,c0fc146f23f813aa8e80aebc4d9d7ac256ddd10f85b65c17173f37c3fe760d8b,8cb390f4310bb5332e9085281aa52e5236aecd65b982d0e3a7e9174fe845527e,7d3712fb7ae81b29d8c28e354721b4a737f0e878202e5105ef9df6a672d5e6e4,TRUE,TRUE,FALSE,FALSE,TRUE,TRUE,FALSE,FALSE,0418a77b7087897a0ead6e10b9da2953bfee2ad9da1470ca98b7664e364a3024,0418a77b7087897a0ead6e10b9da2953bfee2ad9da1470ca98b7664e364a3024,TRUE
candidate,5,0,TRUE,pair_equal,ordinary,1,1000000,427,0.302,0.303000000000001,c23d64adae593f70407e6f7f1b56406f1d112f7287b7f688c1c2e14458d73483,8cb390f4310bb5332e9085281aa52e5236aecd65b982d0e3a7e9174fe845527e,7d3712fb7ae81b29d8c28e354721b4a737f0e878202e5105ef9df6a672d5e6e4,FALSE,FALSE,FALSE,FALSE,FALSE,FALSE,FALSE,FALSE,71557d1c8bac9bbe3cbec8d00bb223a2f372279827064095447e569fbf5a760a,71557d1c8bac9bbe3cbec8d00bb223a2f372279827064095447e569fbf5a760a,FALSE
candidate,5,0,TRUE,pair_equal,compact,2,1000000,404,0.256,0.256999999999998,3373ec4fcf7f1a2c881385b92a07903da1240202fab5b88ee5d7c2603b3b0428,8cb390f4310bb5332e9085281aa52e5236aecd65b982d0e3a7e9174fe845527e,7d3712fb7ae81b29d8c28e354721b4a737f0e878202e5105ef9df6a672d5e6e4,TRUE,TRUE,FALSE,FALSE,TRUE,TRUE,FALSE,FALSE,0418a77b7087897a0ead6e10b9da2953bfee2ad9da1470ca98b7664e364a3024,0418a77b7087897a0ead6e10b9da2953bfee2ad9da1470ca98b7664e364a3024,TRUE
candidate,5,0,TRUE,pair_equal,typed_double,3,1000000,750,0.308,0.308,3373ec4fcf7f1a2c881385b92a07903da1240202fab5b88ee5d7c2603b3b0428,8cb390f4310bb5332e9085281aa52e5236aecd65b982d0e3a7e9174fe845527e,7d3712fb7ae81b29d8c28e354721b4a737f0e878202e5105ef9df6a672d5e6e4,FALSE,FALSE,FALSE,FALSE,FALSE,FALSE,FALSE,FALSE,e8c2c3714dfad8ccb787de83956aff6eadd8f5bf3b515e0083ff8aeca241ab2d,e8c2c3714dfad8ccb787de83956aff6eadd8f5bf3b515e0083ff8aeca241ab2d,TRUE
candidate,6,1,FALSE,pair_less,compact,1,1000000,391,0.254,0.254,1c8e3c0969ca721d10f0cff30d1542de0795d4b1afd81dbeab684b22fd53e2e5,7f1c1a27229f7a699fa85ff90b5be1266497c462407b39b11f6d94015af8e8ad,d3066ce6e3c19763df09d2ef9185666a6f96f99e57743c9f8038e3cb90e15c4f,TRUE,TRUE,FALSE,FALSE,TRUE,TRUE,FALSE,FALSE,0418a77b7087897a0ead6e10b9da2953bfee2ad9da1470ca98b7664e364a3024,0418a77b7087897a0ead6e10b9da2953bfee2ad9da1470ca98b7664e364a3024,TRUE
candidate,6,1,FALSE,pair_less,ordinary,2,1000000,413,0.313,0.313,1c8e3c0969ca721d10f0cff30d1542de0795d4b1afd81dbeab684b22fd53e2e5,7f1c1a27229f7a699fa85ff90b5be1266497c462407b39b11f6d94015af8e8ad,d3066ce6e3c19763df09d2ef9185666a6f96f99e57743c9f8038e3cb90e15c4f,FALSE,FALSE,FALSE,FALSE,FALSE,FALSE,FALSE,FALSE,71557d1c8bac9bbe3cbec8d00bb223a2f372279827064095447e569fbf5a760a,71557d1c8bac9bbe3cbec8d00bb223a2f372279827064095447e569fbf5a760a,FALSE
candidate,6,1,FALSE,pair_less,typed_double,3,1000000,812,0.315,0.315,1c8e3c0969ca721d10f0cff30d1542de0795d4b1afd81dbeab684b22fd53e2e5,7f1c1a27229f7a699fa85ff90b5be1266497c462407b39b11f6d94015af8e8ad,d3066ce6e3c19763df09d2ef9185666a6f96f99e57743c9f8038e3cb90e15c4f,FALSE,FALSE,FALSE,FALSE,FALSE,FALSE,FALSE,FALSE,e8c2c3714dfad8ccb787de83956aff6eadd8f5bf3b515e0083ff8aeca241ab2d,e8c2c3714dfad8ccb787de83956aff6eadd8f5bf3b515e0083ff8aeca241ab2d,TRUE
candidate,6,1,FALSE,scalar_less,typed_double,1,1000000,1078,0.274,0.274,888be2318f047338553582f6247bd3d4f93d26181da856e938a6787f24c386c8,7f1c1a27229f7a699fa85ff90b5be1266497c462407b39b11f6d94015af8e8ad,d3066ce6e3c19763df09d2ef9185666a6f96f99e57743c9f8038e3cb90e15c4f,FALSE,FALSE,FALSE,FALSE,FALSE,FALSE,FALSE,FALSE,e8c2c3714dfad8ccb787de83956aff6eadd8f5bf3b515e0083ff8aeca241ab2d,e8c2c3714dfad8ccb787de83956aff6eadd8f5bf3b515e0083ff8aeca241ab2d,TRUE
candidate,6,1,FALSE,scalar_less,compact,2,1000000,987,0.275,0.275,888be2318f047338553582f6247bd3d4f93d26181da856e938a6787f24c386c8,7f1c1a27229f7a699fa85ff90b5be1266497c462407b39b11f6d94015af8e8ad,d3066ce6e3c19763df09d2ef9185666a6f96f99e57743c9f8038e3cb90e15c4f,TRUE,TRUE,FALSE,FALSE,TRUE,TRUE,FALSE,FALSE,0418a77b7087897a0ead6e10b9da2953bfee2ad9da1470ca98b7664e364a3024,0418a77b7087897a0ead6e10b9da2953bfee2ad9da1470ca98b7664e364a3024,TRUE
candidate,6,1,FALSE,scalar_less,ordinary,3,1000000,365,0.256,0.257,888be2318f047338553582f6247bd3d4f93d26181da856e938a6787f24c386c8,7f1c1a27229f7a699fa85ff90b5be1266497c462407b39b11f6d94015af8e8ad,d3066ce6e3c19763df09d2ef9185666a6f96f99e57743c9f8038e3cb90e15c4f,FALSE,FALSE,FALSE,FALSE,FALSE,FALSE,FALSE,FALSE,71557d1c8bac9bbe3cbec8d00bb223a2f372279827064095447e569fbf5a760a,71557d1c8bac9bbe3cbec8d00bb223a2f372279827064095447e569fbf5a760a,FALSE
candidate,6,1,FALSE,pair_equal,ordinary,1,1000000,422,0.301,0.3,3373ec4fcf7f1a2c881385b92a07903da1240202fab5b88ee5d7c2603b3b0428,7f1c1a27229f7a699fa85ff90b5be1266497c462407b39b11f6d94015af8e8ad,d3066ce6e3c19763df09d2ef9185666a6f96f99e57743c9f8038e3cb90e15c4f,FALSE,FALSE,FALSE,FALSE,FALSE,FALSE,FALSE,FALSE,71557d1c8bac9bbe3cbec8d00bb223a2f372279827064095447e569fbf5a760a,71557d1c8bac9bbe3cbec8d00bb223a2f372279827064095447e569fbf5a760a,FALSE
candidate,6,1,FALSE,pair_equal,typed_double,2,1000000,816,0.317999999999999,0.318,3373ec4fcf7f1a2c881385b92a07903da1240202fab5b88ee5d7c2603b3b0428,7f1c1a27229f7a699fa85ff90b5be1266497c462407b39b11f6d94015af8e8ad,d3066ce6e3c19763df09d2ef9185666a6f96f99e57743c9f8038e3cb90e15c4f,FALSE,FALSE,FALSE,FALSE,FALSE,FALSE,FALSE,FALSE,e8c2c3714dfad8ccb787de83956aff6eadd8f5bf3b515e0083ff8aeca241ab2d,e8c2c3714dfad8ccb787de83956aff6eadd8f5bf3b515e0083ff8aeca241ab2d,TRUE
candidate,6,1,FALSE,pair_equal,compact,3,1000000,475,0.303,0.302,3373ec4fcf7f1a2c881385b92a07903da1240202fab5b88ee5d7c2603b3b0428,7f1c1a27229f7a699fa85ff90b5be1266497c462407b39b11f6d94015af8e8ad,d3066ce6e3c19763df09d2ef9185666a6f96f99e57743c9f8038e3cb90e15c4f,TRUE,TRUE,FALSE,FALSE,TRUE,TRUE,FALSE,FALSE,0418a77b7087897a0ead6e10b9da2953bfee2ad9da1470ca98b7664e364a3024,0418a77b7087897a0ead6e10b9da2953bfee2ad9da1470ca98b7664e364a3024,TRUE
candidate,6,1,TRUE,pair_less,compact,1,1000000,469,0.316,0.316,4eb038232aaffe99ba822841a72a1be288b698a16ba15b4e5aef22c587ee61d8,8cb390f4310bb5332e9085281aa52e5236aecd65b982d0e3a7e9174fe845527e,7d3712fb7ae81b29d8c28e354721b4a737f0e878202e5105ef9df6a672d5e6e4,TRUE,TRUE,FALSE,FALSE,TRUE,TRUE,FALSE,FALSE,0418a77b7087897a0ead6e10b9da2953bfee2ad9da1470ca98b7664e364a3024,0418a77b7087897a0ead6e10b9da2953bfee2ad9da1470ca98b7664e364a3024,TRUE
candidate,6,1,TRUE,pair_less,ordinary,2,1000000,422,0.301,0.301,dfddb9b2b91b422bcc693ca8234e4127d5ce2bf2fcabb02271713137399f3960,8cb390f4310bb5332e9085281aa52e5236aecd65b982d0e3a7e9174fe845527e,7d3712fb7ae81b29d8c28e354721b4a737f0e878202e5105ef9df6a672d5e6e4,FALSE,FALSE,FALSE,FALSE,FALSE,FALSE,FALSE,FALSE,71557d1c8bac9bbe3cbec8d00bb223a2f372279827064095447e569fbf5a760a,71557d1c8bac9bbe3cbec8d00bb223a2f372279827064095447e569fbf5a760a,FALSE
candidate,6,1,TRUE,pair_less,typed_double,3,1000000,730,0.313,0.312999999999999,4eb038232aaffe99ba822841a72a1be288b698a16ba15b4e5aef22c587ee61d8,8cb390f4310bb5332e9085281aa52e5236aecd65b982d0e3a7e9174fe845527e,7d3712fb7ae81b29d8c28e354721b4a737f0e878202e5105ef9df6a672d5e6e4,FALSE,FALSE,FALSE,FALSE,FALSE,FALSE,FALSE,FALSE,e8c2c3714dfad8ccb787de83956aff6eadd8f5bf3b515e0083ff8aeca241ab2d,e8c2c3714dfad8ccb787de83956aff6eadd8f5bf3b515e0083ff8aeca241ab2d,TRUE
candidate,6,1,TRUE,scalar_less,typed_double,1,1000000,1054,0.299999999999999,0.301,c0fc146f23f813aa8e80aebc4d9d7ac256ddd10f85b65c17173f37c3fe760d8b,8cb390f4310bb5332e9085281aa52e5236aecd65b982d0e3a7e9174fe845527e,7d3712fb7ae81b29d8c28e354721b4a737f0e878202e5105ef9df6a672d5e6e4,FALSE,FALSE,FALSE,FALSE,FALSE,FALSE,FALSE,FALSE,e8c2c3714dfad8ccb787de83956aff6eadd8f5bf3b515e0083ff8aeca241ab2d,e8c2c3714dfad8ccb787de83956aff6eadd8f5bf3b515e0083ff8aeca241ab2d,TRUE
candidate,6,1,TRUE,scalar_less,compact,2,1000000,993,0.276,0.276,c0fc146f23f813aa8e80aebc4d9d7ac256ddd10f85b65c17173f37c3fe760d8b,8cb390f4310bb5332e9085281aa52e5236aecd65b982d0e3a7e9174fe845527e,7d3712fb7ae81b29d8c28e354721b4a737f0e878202e5105ef9df6a672d5e6e4,TRUE,TRUE,FALSE,FALSE,TRUE,TRUE,FALSE,FALSE,0418a77b7087897a0ead6e10b9da2953bfee2ad9da1470ca98b7664e364a3024,0418a77b7087897a0ead6e10b9da2953bfee2ad9da1470ca98b7664e364a3024,TRUE
candidate,6,1,TRUE,scalar_less,ordinary,3,1000000,432,0.318,0.318,27468a48d9fd9dc5ba71891904e48c03e2dfcbdc043990f010981b4c4efbdb56,8cb390f4310bb5332e9085281aa52e5236aecd65b982d0e3a7e9174fe845527e,7d3712fb7ae81b29d8c28e354721b4a737f0e878202e5105ef9df6a672d5e6e4,FALSE,FALSE,FALSE,FALSE,FALSE,FALSE,FALSE,FALSE,71557d1c8bac9bbe3cbec8d00bb223a2f372279827064095447e569fbf5a760a,71557d1c8bac9bbe3cbec8d00bb223a2f372279827064095447e569fbf5a760a,FALSE
candidate,6,1,TRUE,pair_equal,ordinary,1,1000000,422,0.300000000000001,0.299,c23d64adae593f70407e6f7f1b56406f1d112f7287b7f688c1c2e14458d73483,8cb390f4310bb5332e9085281aa52e5236aecd65b982d0e3a7e9174fe845527e,7d3712fb7ae81b29d8c28e354721b4a737f0e878202e5105ef9df6a672d5e6e4,FALSE,FALSE,FALSE,FALSE,FALSE,FALSE,FALSE,FALSE,71557d1c8bac9bbe3cbec8d00bb223a2f372279827064095447e569fbf5a760a,71557d1c8bac9bbe3cbec8d00bb223a2f372279827064095447e569fbf5a760a,FALSE
candidate,6,1,TRUE,pair_equal,typed_double,2,1000000,736,0.302999999999999,0.303000000000001,3373ec4fcf7f1a2c881385b92a07903da1240202fab5b88ee5d7c2603b3b0428,8cb390f4310bb5332e9085281aa52e5236aecd65b982d0e3a7e9174fe845527e,7d3712fb7ae81b29d8c28e354721b4a737f0e878202e5105ef9df6a672d5e6e4,FALSE,FALSE,FALSE,FALSE,FALSE,FALSE,FALSE,FALSE,e8c2c3714dfad8ccb787de83956aff6eadd8f5bf3b515e0083ff8aeca241ab2d,e8c2c3714dfad8ccb787de83956aff6eadd8f5bf3b515e0083ff8aeca241ab2d,TRUE
candidate,6,1,TRUE,pair_equal,compact,3,1000000,469,0.3,0.299,3373ec4fcf7f1a2c881385b92a07903da1240202fab5b88ee5d7c2603b3b0428,8cb390f4310bb5332e9085281aa52e5236aecd65b982d0e3a7e9174fe845527e,7d3712fb7ae81b29d8c28e354721b4a737f0e878202e5105ef9df6a672d5e6e4,TRUE,TRUE,FALSE,FALSE,TRUE,TRUE,FALSE,FALSE,0418a77b7087897a0ead6e10b9da2953bfee2ad9da1470ca98b7664e364a3024,0418a77b7087897a0ead6e10b9da2953bfee2ad9da1470ca98b7664e364a3024,TRUE
candidate,6,0,FALSE,pair_less,compact,1,1000000,469,0.299000000000001,0.299,1c8e3c0969ca721d10f0cff30d1542de0795d4b1afd81dbeab684b22fd53e2e5,7f1c1a27229f7a699fa85ff90b5be1266497c462407b39b11f6d94015af8e8ad,d3066ce6e3c19763df09d2ef9185666a6f96f99e57743c9f8038e3cb90e15c4f,TRUE,TRUE,FALSE,FALSE,TRUE,TRUE,FALSE,FALSE,0418a77b7087897a0ead6e10b9da2953bfee2ad9da1470ca98b7664e364a3024,0418a77b7087897a0ead6e10b9da2953bfee2ad9da1470ca98b7664e364a3024,TRUE
candidate,6,0,FALSE,pair_less,ordinary,2,1000000,422,0.303000000000001,0.302999999999999,1c8e3c0969ca721d10f0cff30d1542de0795d4b1afd81dbeab684b22fd53e2e5,7f1c1a27229f7a699fa85ff90b5be1266497c462407b39b11f6d94015af8e8ad,d3066ce6e3c19763df09d2ef9185666a6f96f99e57743c9f8038e3cb90e15c4f,FALSE,FALSE,FALSE,FALSE,FALSE,FALSE,FALSE,FALSE,71557d1c8bac9bbe3cbec8d00bb223a2f372279827064095447e569fbf5a760a,71557d1c8bac9bbe3cbec8d00bb223a2f372279827064095447e569fbf5a760a,FALSE
candidate,6,0,FALSE,pair_less,typed_double,3,1000000,826,0.319999999999999,0.321,1c8e3c0969ca721d10f0cff30d1542de0795d4b1afd81dbeab684b22fd53e2e5,7f1c1a27229f7a699fa85ff90b5be1266497c462407b39b11f6d94015af8e8ad,d3066ce6e3c19763df09d2ef9185666a6f96f99e57743c9f8038e3cb90e15c4f,FALSE,FALSE,FALSE,FALSE,FALSE,FALSE,FALSE,FALSE,e8c2c3714dfad8ccb787de83956aff6eadd8f5bf3b515e0083ff8aeca241ab2d,e8c2c3714dfad8ccb787de83956aff6eadd8f5bf3b515e0083ff8aeca241ab2d,TRUE
candidate,6,0,FALSE,scalar_less,typed_double,1,1000000,1187,0.3,0.299,888be2318f047338553582f6247bd3d4f93d26181da856e938a6787f24c386c8,7f1c1a27229f7a699fa85ff90b5be1266497c462407b39b11f6d94015af8e8ad,d3066ce6e3c19763df09d2ef9185666a6f96f99e57743c9f8038e3cb90e15c4f,FALSE,FALSE,FALSE,FALSE,FALSE,FALSE,FALSE,FALSE,e8c2c3714dfad8ccb787de83956aff6eadd8f5bf3b515e0083ff8aeca241ab2d,e8c2c3714dfad8ccb787de83956aff6eadd8f5bf3b515e0083ff8aeca241ab2d,TRUE
candidate,6,0,FALSE,scalar_less,compact,2,1000000,993,0.277,0.276,888be2318f047338553582f6247bd3d4f93d26181da856e938a6787f24c386c8,7f1c1a27229f7a699fa85ff90b5be1266497c462407b39b11f6d94015af8e8ad,d3066ce6e3c19763df09d2ef9185666a6f96f99e57743c9f8038e3cb90e15c4f,TRUE,TRUE,FALSE,FALSE,TRUE,TRUE,FALSE,FALSE,0418a77b7087897a0ead6e10b9da2953bfee2ad9da1470ca98b7664e364a3024,0418a77b7087897a0ead6e10b9da2953bfee2ad9da1470ca98b7664e364a3024,TRUE
candidate,6,0,FALSE,scalar_less,ordinary,3,1000000,422,0.299,0.301,888be2318f047338553582f6247bd3d4f93d26181da856e938a6787f24c386c8,7f1c1a27229f7a699fa85ff90b5be1266497c462407b39b11f6d94015af8e8ad,d3066ce6e3c19763df09d2ef9185666a6f96f99e57743c9f8038e3cb90e15c4f,FALSE,FALSE,FALSE,FALSE,FALSE,FALSE,FALSE,FALSE,71557d1c8bac9bbe3cbec8d00bb223a2f372279827064095447e569fbf5a760a,71557d1c8bac9bbe3cbec8d00bb223a2f372279827064095447e569fbf5a760a,FALSE
candidate,6,0,FALSE,pair_equal,ordinary,1,1000000,427,0.305999999999999,0.305,3373ec4fcf7f1a2c881385b92a07903da1240202fab5b88ee5d7c2603b3b0428,7f1c1a27229f7a699fa85ff90b5be1266497c462407b39b11f6d94015af8e8ad,d3066ce6e3c19763df09d2ef9185666a6f96f99e57743c9f8038e3cb90e15c4f,FALSE,FALSE,FALSE,FALSE,FALSE,FALSE,FALSE,FALSE,71557d1c8bac9bbe3cbec8d00bb223a2f372279827064095447e569fbf5a760a,71557d1c8bac9bbe3cbec8d00bb223a2f372279827064095447e569fbf5a760a,FALSE
candidate,6,0,FALSE,pair_equal,typed_double,2,1000000,795,0.309999999999999,0.309999999999999,3373ec4fcf7f1a2c881385b92a07903da1240202fab5b88ee5d7c2603b3b0428,7f1c1a27229f7a699fa85ff90b5be1266497c462407b39b11f6d94015af8e8ad,d3066ce6e3c19763df09d2ef9185666a6f96f99e57743c9f8038e3cb90e15c4f,FALSE,FALSE,FALSE,FALSE,FALSE,FALSE,FALSE,FALSE,e8c2c3714dfad8ccb787de83956aff6eadd8f5bf3b515e0083ff8aeca241ab2d,e8c2c3714dfad8ccb787de83956aff6eadd8f5bf3b515e0083ff8aeca241ab2d,TRUE
candidate,6,0,FALSE,pair_equal,compact,3,1000000,475,0.302,0.302000000000003,3373ec4fcf7f1a2c881385b92a07903da1240202fab5b88ee5d7c2603b3b0428,7f1c1a27229f7a699fa85ff90b5be1266497c462407b39b11f6d94015af8e8ad,d3066ce6e3c19763df09d2ef9185666a6f96f99e57743c9f8038e3cb90e15c4f,TRUE,TRUE,FALSE,FALSE,TRUE,TRUE,FALSE,FALSE,0418a77b7087897a0ead6e10b9da2953bfee2ad9da1470ca98b7664e364a3024,0418a77b7087897a0ead6e10b9da2953bfee2ad9da1470ca98b7664e364a3024,TRUE
candidate,6,0,TRUE,pair_less,compact,1,1000000,463,0.294,0.295000000000002,4eb038232aaffe99ba822841a72a1be288b698a16ba15b4e5aef22c587ee61d8,8cb390f4310bb5332e9085281aa52e5236aecd65b982d0e3a7e9174fe845527e,7d3712fb7ae81b29d8c28e354721b4a737f0e878202e5105ef9df6a672d5e6e4,TRUE,TRUE,FALSE,FALSE,TRUE,TRUE,FALSE,FALSE,0418a77b7087897a0ead6e10b9da2953bfee2ad9da1470ca98b7664e364a3024,0418a77b7087897a0ead6e10b9da2953bfee2ad9da1470ca98b7664e364a3024,TRUE
candidate,6,0,TRUE,pair_less,ordinary,2,1000000,422,0.299,0.299,dfddb9b2b91b422bcc693ca8234e4127d5ce2bf2fcabb02271713137399f3960,8cb390f4310bb5332e9085281aa52e5236aecd65b982d0e3a7e9174fe845527e,7d3712fb7ae81b29d8c28e354721b4a737f0e878202e5105ef9df6a672d5e6e4,FALSE,FALSE,FALSE,FALSE,FALSE,FALSE,FALSE,FALSE,71557d1c8bac9bbe3cbec8d00bb223a2f372279827064095447e569fbf5a760a,71557d1c8bac9bbe3cbec8d00bb223a2f372279827064095447e569fbf5a760a,FALSE
candidate,6,0,TRUE,pair_less,typed_double,3,1000000,577,0.236999999999998,0.237000000000002,4eb038232aaffe99ba822841a72a1be288b698a16ba15b4e5aef22c587ee61d8,8cb390f4310bb5332e9085281aa52e5236aecd65b982d0e3a7e9174fe845527e,7d3712fb7ae81b29d8c28e354721b4a737f0e878202e5105ef9df6a672d5e6e4,FALSE,FALSE,FALSE,FALSE,FALSE,FALSE,FALSE,FALSE,e8c2c3714dfad8ccb787de83956aff6eadd8f5bf3b515e0083ff8aeca241ab2d,e8c2c3714dfad8ccb787de83956aff6eadd8f5bf3b515e0083ff8aeca241ab2d,TRUE
candidate,6,0,TRUE,scalar_less,typed_double,1,1000000,1054,0.299,0.299,c0fc146f23f813aa8e80aebc4d9d7ac256ddd10f85b65c17173f37c3fe760d8b,8cb390f4310bb5332e9085281aa52e5236aecd65b982d0e3a7e9174fe845527e,7d3712fb7ae81b29d8c28e354721b4a737f0e878202e5105ef9df6a672d5e6e4,FALSE,FALSE,FALSE,FALSE,FALSE,FALSE,FALSE,FALSE,e8c2c3714dfad8ccb787de83956aff6eadd8f5bf3b515e0083ff8aeca241ab2d,e8c2c3714dfad8ccb787de83956aff6eadd8f5bf3b515e0083ff8aeca241ab2d,TRUE
candidate,6,0,TRUE,scalar_less,compact,2,1000000,1078,0.314,0.315000000000001,c0fc146f23f813aa8e80aebc4d9d7ac256ddd10f85b65c17173f37c3fe760d8b,8cb390f4310bb5332e9085281aa52e5236aecd65b982d0e3a7e9174fe845527e,7d3712fb7ae81b29d8c28e354721b4a737f0e878202e5105ef9df6a672d5e6e4,TRUE,TRUE,FALSE,FALSE,TRUE,TRUE,FALSE,FALSE,0418a77b7087897a0ead6e10b9da2953bfee2ad9da1470ca98b7664e364a3024,0418a77b7087897a0ead6e10b9da2953bfee2ad9da1470ca98b7664e364a3024,TRUE
candidate,6,0,TRUE,scalar_less,ordinary,3,1000000,432,0.304000000000001,0.302000000000003,27468a48d9fd9dc5ba71891904e48c03e2dfcbdc043990f010981b4c4efbdb56,8cb390f4310bb5332e9085281aa52e5236aecd65b982d0e3a7e9174fe845527e,7d3712fb7ae81b29d8c28e354721b4a737f0e878202e5105ef9df6a672d5e6e4,FALSE,FALSE,FALSE,FALSE,FALSE,FALSE,FALSE,FALSE,71557d1c8bac9bbe3cbec8d00bb223a2f372279827064095447e569fbf5a760a,71557d1c8bac9bbe3cbec8d00bb223a2f372279827064095447e569fbf5a760a,FALSE
candidate,6,0,TRUE,pair_equal,ordinary,1,1000000,427,0.303,0.303000000000001,c23d64adae593f70407e6f7f1b56406f1d112f7287b7f688c1c2e14458d73483,8cb390f4310bb5332e9085281aa52e5236aecd65b982d0e3a7e9174fe845527e,7d3712fb7ae81b29d8c28e354721b4a737f0e878202e5105ef9df6a672d5e6e4,FALSE,FALSE,FALSE,FALSE,FALSE,FALSE,FALSE,FALSE,71557d1c8bac9bbe3cbec8d00bb223a2f372279827064095447e569fbf5a760a,71557d1c8bac9bbe3cbec8d00bb223a2f372279827064095447e569fbf5a760a,FALSE
candidate,6,0,TRUE,pair_equal,typed_double,2,1000000,736,0.302,0.302,3373ec4fcf7f1a2c881385b92a07903da1240202fab5b88ee5d7c2603b3b0428,8cb390f4310bb5332e9085281aa52e5236aecd65b982d0e3a7e9174fe845527e,7d3712fb7ae81b29d8c28e354721b4a737f0e878202e5105ef9df6a672d5e6e4,FALSE,FALSE,FALSE,FALSE,FALSE,FALSE,FALSE,FALSE,e8c2c3714dfad8ccb787de83956aff6eadd8f5bf3b515e0083ff8aeca241ab2d,e8c2c3714dfad8ccb787de83956aff6eadd8f5bf3b515e0083ff8aeca241ab2d,TRUE
candidate,6,0,TRUE,pair_equal,compact,3,1000000,463,0.294,0.294,3373ec4fcf7f1a2c881385b92a07903da1240202fab5b88ee5d7c2603b3b0428,8cb390f4310bb5332e9085281aa52e5236aecd65b982d0e3a7e9174fe845527e,7d3712fb7ae81b29d8c28e354721b4a737f0e878202e5105ef9df6a672d5e6e4,TRUE,TRUE,FALSE,FALSE,TRUE,TRUE,FALSE,FALSE,0418a77b7087897a0ead6e10b9da2953bfee2ad9da1470ca98b7664e364a3024,0418a77b7087897a0ead6e10b9da2953bfee2ad9da1470ca98b7664e364a3024,TRUE
baseline,6,1,FALSE,pair_less,compact,1,1000000,391,0.254,0.254,1c8e3c0969ca721d10f0cff30d1542de0795d4b1afd81dbeab684b22fd53e2e5,7f1c1a27229f7a699fa85ff90b5be1266497c462407b39b11f6d94015af8e8ad,d3066ce6e3c19763df09d2ef9185666a6f96f99e57743c9f8038e3cb90e15c4f,TRUE,TRUE,FALSE,FALSE,TRUE,TRUE,FALSE,FALSE,0418a77b7087897a0ead6e10b9da2953bfee2ad9da1470ca98b7664e364a3024,0418a77b7087897a0ead6e10b9da2953bfee2ad9da1470ca98b7664e364a3024,TRUE
baseline,6,1,FALSE,pair_less,ordinary,2,1000000,417,0.315,0.315,1c8e3c0969ca721d10f0cff30d1542de0795d4b1afd81dbeab684b22fd53e2e5,7f1c1a27229f7a699fa85ff90b5be1266497c462407b39b11f6d94015af8e8ad,d3066ce6e3c19763df09d2ef9185666a6f96f99e57743c9f8038e3cb90e15c4f,FALSE,FALSE,FALSE,FALSE,FALSE,FALSE,FALSE,FALSE,71557d1c8bac9bbe3cbec8d00bb223a2f372279827064095447e569fbf5a760a,71557d1c8bac9bbe3cbec8d00bb223a2f372279827064095447e569fbf5a760a,FALSE
baseline,6,1,FALSE,pair_less,typed_double,3,1000000,172,0.296,0.296,1c8e3c0969ca721d10f0cff30d1542de0795d4b1afd81dbeab684b22fd53e2e5,7f1c1a27229f7a699fa85ff90b5be1266497c462407b39b11f6d94015af8e8ad,d3066ce6e3c19763df09d2ef9185666a6f96f99e57743c9f8038e3cb90e15c4f,FALSE,FALSE,FALSE,FALSE,FALSE,FALSE,FALSE,FALSE,e8c2c3714dfad8ccb787de83956aff6eadd8f5bf3b515e0083ff8aeca241ab2d,e8c2c3714dfad8ccb787de83956aff6eadd8f5bf3b515e0083ff8aeca241ab2d,TRUE
baseline,6,1,FALSE,scalar_less,typed_double,1,1000000,1072,0.274,0.275,888be2318f047338553582f6247bd3d4f93d26181da856e938a6787f24c386c8,7f1c1a27229f7a699fa85ff90b5be1266497c462407b39b11f6d94015af8e8ad,d3066ce6e3c19763df09d2ef9185666a6f96f99e57743c9f8038e3cb90e15c4f,FALSE,FALSE,FALSE,FALSE,FALSE,FALSE,FALSE,FALSE,e8c2c3714dfad8ccb787de83956aff6eadd8f5bf3b515e0083ff8aeca241ab2d,e8c2c3714dfad8ccb787de83956aff6eadd8f5bf3b515e0083ff8aeca241ab2d,TRUE
baseline,6,1,FALSE,scalar_less,compact,2,1000000,987,0.277,0.276,888be2318f047338553582f6247bd3d4f93d26181da856e938a6787f24c386c8,7f1c1a27229f7a699fa85ff90b5be1266497c462407b39b11f6d94015af8e8ad,d3066ce6e3c19763df09d2ef9185666a6f96f99e57743c9f8038e3cb90e15c4f,TRUE,TRUE,FALSE,FALSE,TRUE,TRUE,FALSE,FALSE,0418a77b7087897a0ead6e10b9da2953bfee2ad9da1470ca98b7664e364a3024,0418a77b7087897a0ead6e10b9da2953bfee2ad9da1470ca98b7664e364a3024,TRUE
baseline,6,1,FALSE,scalar_less,ordinary,3,1000000,365,0.257,0.258,888be2318f047338553582f6247bd3d4f93d26181da856e938a6787f24c386c8,7f1c1a27229f7a699fa85ff90b5be1266497c462407b39b11f6d94015af8e8ad,d3066ce6e3c19763df09d2ef9185666a6f96f99e57743c9f8038e3cb90e15c4f,FALSE,FALSE,FALSE,FALSE,FALSE,FALSE,FALSE,FALSE,71557d1c8bac9bbe3cbec8d00bb223a2f372279827064095447e569fbf5a760a,71557d1c8bac9bbe3cbec8d00bb223a2f372279827064095447e569fbf5a760a,FALSE
baseline,6,1,FALSE,pair_equal,ordinary,1,1000000,422,0.302,0.300999999999999,3373ec4fcf7f1a2c881385b92a07903da1240202fab5b88ee5d7c2603b3b0428,7f1c1a27229f7a699fa85ff90b5be1266497c462407b39b11f6d94015af8e8ad,d3066ce6e3c19763df09d2ef9185666a6f96f99e57743c9f8038e3cb90e15c4f,FALSE,FALSE,FALSE,FALSE,FALSE,FALSE,FALSE,FALSE,71557d1c8bac9bbe3cbec8d00bb223a2f372279827064095447e569fbf5a760a,71557d1c8bac9bbe3cbec8d00bb223a2f372279827064095447e569fbf5a760a,FALSE
baseline,6,1,FALSE,pair_equal,typed_double,2,1000000,148,0.299,0.299,3373ec4fcf7f1a2c881385b92a07903da1240202fab5b88ee5d7c2603b3b0428,7f1c1a27229f7a699fa85ff90b5be1266497c462407b39b11f6d94015af8e8ad,d3066ce6e3c19763df09d2ef9185666a6f96f99e57743c9f8038e3cb90e15c4f,FALSE,FALSE,FALSE,FALSE,FALSE,FALSE,FALSE,FALSE,e8c2c3714dfad8ccb787de83956aff6eadd8f5bf3b515e0083ff8aeca241ab2d,e8c2c3714dfad8ccb787de83956aff6eadd8f5bf3b515e0083ff8aeca241ab2d,TRUE
baseline,6,1,FALSE,pair_equal,compact,3,1000000,475,0.319,0.32,3373ec4fcf7f1a2c881385b92a07903da1240202fab5b88ee5d7c2603b3b0428,7f1c1a27229f7a699fa85ff90b5be1266497c462407b39b11f6d94015af8e8ad,d3066ce6e3c19763df09d2ef9185666a6f96f99e57743c9f8038e3cb90e15c4f,TRUE,TRUE,FALSE,FALSE,TRUE,TRUE,FALSE,FALSE,0418a77b7087897a0ead6e10b9da2953bfee2ad9da1470ca98b7664e364a3024,0418a77b7087897a0ead6e10b9da2953bfee2ad9da1470ca98b7664e364a3024,TRUE
baseline,6,1,TRUE,pair_less,compact,1,1000000,469,0.301,0.301,4eb038232aaffe99ba822841a72a1be288b698a16ba15b4e5aef22c587ee61d8,8cb390f4310bb5332e9085281aa52e5236aecd65b982d0e3a7e9174fe845527e,7d3712fb7ae81b29d8c28e354721b4a737f0e878202e5105ef9df6a672d5e6e4,TRUE,TRUE,FALSE,FALSE,TRUE,TRUE,FALSE,FALSE,0418a77b7087897a0ead6e10b9da2953bfee2ad9da1470ca98b7664e364a3024,0418a77b7087897a0ead6e10b9da2953bfee2ad9da1470ca98b7664e364a3024,TRUE
baseline,6,1,TRUE,pair_less,ordinary,2,1000000,427,0.304,0.304,dfddb9b2b91b422bcc693ca8234e4127d5ce2bf2fcabb02271713137399f3960,8cb390f4310bb5332e9085281aa52e5236aecd65b982d0e3a7e9174fe845527e,7d3712fb7ae81b29d8c28e354721b4a737f0e878202e5105ef9df6a672d5e6e4,FALSE,FALSE,FALSE,FALSE,FALSE,FALSE,FALSE,FALSE,71557d1c8bac9bbe3cbec8d00bb223a2f372279827064095447e569fbf5a760a,71557d1c8bac9bbe3cbec8d00bb223a2f372279827064095447e569fbf5a760a,FALSE
baseline,6,1,TRUE,pair_less,typed_double,3,1000000,163,0.27,0.27,4eb038232aaffe99ba822841a72a1be288b698a16ba15b4e5aef22c587ee61d8,8cb390f4310bb5332e9085281aa52e5236aecd65b982d0e3a7e9174fe845527e,7d3712fb7ae81b29d8c28e354721b4a737f0e878202e5105ef9df6a672d5e6e4,FALSE,FALSE,FALSE,FALSE,FALSE,FALSE,FALSE,FALSE,e8c2c3714dfad8ccb787de83956aff6eadd8f5bf3b515e0083ff8aeca241ab2d,e8c2c3714dfad8ccb787de83956aff6eadd8f5bf3b515e0083ff8aeca241ab2d,TRUE
baseline,6,1,TRUE,scalar_less,typed_double,1,1000000,972,0.277000000000001,0.278,c0fc146f23f813aa8e80aebc4d9d7ac256ddd10f85b65c17173f37c3fe760d8b,8cb390f4310bb5332e9085281aa52e5236aecd65b982d0e3a7e9174fe845527e,7d3712fb7ae81b29d8c28e354721b4a737f0e878202e5105ef9df6a672d5e6e4,FALSE,FALSE,FALSE,FALSE,FALSE,FALSE,FALSE,FALSE,e8c2c3714dfad8ccb787de83956aff6eadd8f5bf3b515e0083ff8aeca241ab2d,e8c2c3714dfad8ccb787de83956aff6eadd8f5bf3b515e0083ff8aeca241ab2d,TRUE
baseline,6,1,TRUE,scalar_less,compact,2,1000000,1072,0.315,0.315,c0fc146f23f813aa8e80aebc4d9d7ac256ddd10f85b65c17173f37c3fe760d8b,8cb390f4310bb5332e9085281aa52e5236aecd65b982d0e3a7e9174fe845527e,7d3712fb7ae81b29d8c28e354721b4a737f0e878202e5105ef9df6a672d5e6e4,TRUE,TRUE,FALSE,FALSE,TRUE,TRUE,FALSE,FALSE,0418a77b7087897a0ead6e10b9da2953bfee2ad9da1470ca98b7664e364a3024,0418a77b7087897a0ead6e10b9da2953bfee2ad9da1470ca98b7664e364a3024,TRUE
baseline,6,1,TRUE,scalar_less,ordinary,3,1000000,427,0.303,0.303000000000001,27468a48d9fd9dc5ba71891904e48c03e2dfcbdc043990f010981b4c4efbdb56,8cb390f4310bb5332e9085281aa52e5236aecd65b982d0e3a7e9174fe845527e,7d3712fb7ae81b29d8c28e354721b4a737f0e878202e5105ef9df6a672d5e6e4,FALSE,FALSE,FALSE,FALSE,FALSE,FALSE,FALSE,FALSE,71557d1c8bac9bbe3cbec8d00bb223a2f372279827064095447e569fbf5a760a,71557d1c8bac9bbe3cbec8d00bb223a2f372279827064095447e569fbf5a760a,FALSE
baseline,6,1,TRUE,pair_equal,ordinary,1,1000000,422,0.299999999999999,0.300000000000001,c23d64adae593f70407e6f7f1b56406f1d112f7287b7f688c1c2e14458d73483,8cb390f4310bb5332e9085281aa52e5236aecd65b982d0e3a7e9174fe845527e,7d3712fb7ae81b29d8c28e354721b4a737f0e878202e5105ef9df6a672d5e6e4,FALSE,FALSE,FALSE,FALSE,FALSE,FALSE,FALSE,FALSE,71557d1c8bac9bbe3cbec8d00bb223a2f372279827064095447e569fbf5a760a,71557d1c8bac9bbe3cbec8d00bb223a2f372279827064095447e569fbf5a760a,FALSE
baseline,6,1,TRUE,pair_equal,typed_double,2,1000000,156,0.317,0.318,3373ec4fcf7f1a2c881385b92a07903da1240202fab5b88ee5d7c2603b3b0428,8cb390f4310bb5332e9085281aa52e5236aecd65b982d0e3a7e9174fe845527e,7d3712fb7ae81b29d8c28e354721b4a737f0e878202e5105ef9df6a672d5e6e4,FALSE,FALSE,FALSE,FALSE,FALSE,FALSE,FALSE,FALSE,e8c2c3714dfad8ccb787de83956aff6eadd8f5bf3b515e0083ff8aeca241ab2d,e8c2c3714dfad8ccb787de83956aff6eadd8f5bf3b515e0083ff8aeca241ab2d,TRUE
baseline,6,1,TRUE,pair_equal,compact,3,1000000,469,0.299999999999999,0.301,3373ec4fcf7f1a2c881385b92a07903da1240202fab5b88ee5d7c2603b3b0428,8cb390f4310bb5332e9085281aa52e5236aecd65b982d0e3a7e9174fe845527e,7d3712fb7ae81b29d8c28e354721b4a737f0e878202e5105ef9df6a672d5e6e4,TRUE,TRUE,FALSE,FALSE,TRUE,TRUE,FALSE,FALSE,0418a77b7087897a0ead6e10b9da2953bfee2ad9da1470ca98b7664e364a3024,0418a77b7087897a0ead6e10b9da2953bfee2ad9da1470ca98b7664e364a3024,TRUE
baseline,6,0,FALSE,pair_less,compact,1,1000000,324,0.265999999999999,0.0800000000000001,1c8e3c0969ca721d10f0cff30d1542de0795d4b1afd81dbeab684b22fd53e2e5,7f1c1a27229f7a699fa85ff90b5be1266497c462407b39b11f6d94015af8e8ad,d3066ce6e3c19763df09d2ef9185666a6f96f99e57743c9f8038e3cb90e15c4f,TRUE,TRUE,FALSE,FALSE,TRUE,TRUE,FALSE,FALSE,0418a77b7087897a0ead6e10b9da2953bfee2ad9da1470ca98b7664e364a3024,0418a77b7087897a0ead6e10b9da2953bfee2ad9da1470ca98b7664e364a3024,TRUE
baseline,6,0,FALSE,pair_less,ordinary,2,1000000,427,0.305,0.305,1c8e3c0969ca721d10f0cff30d1542de0795d4b1afd81dbeab684b22fd53e2e5,7f1c1a27229f7a699fa85ff90b5be1266497c462407b39b11f6d94015af8e8ad,d3066ce6e3c19763df09d2ef9185666a6f96f99e57743c9f8038e3cb90e15c4f,FALSE,FALSE,FALSE,FALSE,FALSE,FALSE,FALSE,FALSE,71557d1c8bac9bbe3cbec8d00bb223a2f372279827064095447e569fbf5a760a,71557d1c8bac9bbe3cbec8d00bb223a2f372279827064095447e569fbf5a760a,FALSE
baseline,6,0,FALSE,pair_less,typed_double,3,1000000,159,0.301,0.0809999999999995,1c8e3c0969ca721d10f0cff30d1542de0795d4b1afd81dbeab684b22fd53e2e5,7f1c1a27229f7a699fa85ff90b5be1266497c462407b39b11f6d94015af8e8ad,d3066ce6e3c19763df09d2ef9185666a6f96f99e57743c9f8038e3cb90e15c4f,FALSE,FALSE,FALSE,FALSE,FALSE,FALSE,FALSE,FALSE,e8c2c3714dfad8ccb787de83956aff6eadd8f5bf3b515e0083ff8aeca241ab2d,e8c2c3714dfad8ccb787de83956aff6eadd8f5bf3b515e0083ff8aeca241ab2d,TRUE
baseline,6,0,FALSE,scalar_less,typed_double,1,1000000,1187,0.314000000000001,0.312999999999999,888be2318f047338553582f6247bd3d4f93d26181da856e938a6787f24c386c8,7f1c1a27229f7a699fa85ff90b5be1266497c462407b39b11f6d94015af8e8ad,d3066ce6e3c19763df09d2ef9185666a6f96f99e57743c9f8038e3cb90e15c4f,FALSE,FALSE,FALSE,FALSE,FALSE,FALSE,FALSE,FALSE,e8c2c3714dfad8ccb787de83956aff6eadd8f5bf3b515e0083ff8aeca241ab2d,e8c2c3714dfad8ccb787de83956aff6eadd8f5bf3b515e0083ff8aeca241ab2d,TRUE
baseline,6,0,FALSE,scalar_less,compact,2,1000000,736,0.298000000000002,0.0999999999999996,888be2318f047338553582f6247bd3d4f93d26181da856e938a6787f24c386c8,7f1c1a27229f7a699fa85ff90b5be1266497c462407b39b11f6d94015af8e8ad,d3066ce6e3c19763df09d2ef9185666a6f96f99e57743c9f8038e3cb90e15c4f,TRUE,TRUE,FALSE,FALSE,TRUE,TRUE,FALSE,FALSE,0418a77b7087897a0ead6e10b9da2953bfee2ad9da1470ca98b7664e364a3024,0418a77b7087897a0ead6e10b9da2953bfee2ad9da1470ca98b7664e364a3024,TRUE
baseline,6,0,FALSE,scalar_less,ordinary,3,1000000,372,0.260999999999999,0.261999999999999,888be2318f047338553582f6247bd3d4f93d26181da856e938a6787f24c386c8,7f1c1a27229f7a699fa85ff90b5be1266497c462407b39b11f6d94015af8e8ad,d3066ce6e3c19763df09d2ef9185666a6f96f99e57743c9f8038e3cb90e15c4f,FALSE,FALSE,FALSE,FALSE,FALSE,FALSE,FALSE,FALSE,71557d1c8bac9bbe3cbec8d00bb223a2f372279827064095447e569fbf5a760a,71557d1c8bac9bbe3cbec8d00bb223a2f372279827064095447e569fbf5a760a,FALSE
baseline,6,0,FALSE,pair_equal,ordinary,1,1000000,427,0.305,0.303999999999998,3373ec4fcf7f1a2c881385b92a07903da1240202fab5b88ee5d7c2603b3b0428,7f1c1a27229f7a699fa85ff90b5be1266497c462407b39b11f6d94015af8e8ad,d3066ce6e3c19763df09d2ef9185666a6f96f99e57743c9f8038e3cb90e15c4f,FALSE,FALSE,FALSE,FALSE,FALSE,FALSE,FALSE,FALSE,71557d1c8bac9bbe3cbec8d00bb223a2f372279827064095447e569fbf5a760a,71557d1c8bac9bbe3cbec8d00bb223a2f372279827064095447e569fbf5a760a,FALSE
baseline,6,0,FALSE,pair_equal,typed_double,2,1000000,126,0.295999999999998,0.0800000000000001,3373ec4fcf7f1a2c881385b92a07903da1240202fab5b88ee5d7c2603b3b0428,7f1c1a27229f7a699fa85ff90b5be1266497c462407b39b11f6d94015af8e8ad,d3066ce6e3c19763df09d2ef9185666a6f96f99e57743c9f8038e3cb90e15c4f,FALSE,FALSE,FALSE,FALSE,FALSE,FALSE,FALSE,FALSE,e8c2c3714dfad8ccb787de83956aff6eadd8f5bf3b515e0083ff8aeca241ab2d,e8c2c3714dfad8ccb787de83956aff6eadd8f5bf3b515e0083ff8aeca241ab2d,TRUE
baseline,6,0,FALSE,pair_equal,compact,3,1000000,368,0.300000000000001,0.0899999999999999,3373ec4fcf7f1a2c881385b92a07903da1240202fab5b88ee5d7c2603b3b0428,7f1c1a27229f7a699fa85ff90b5be1266497c462407b39b11f6d94015af8e8ad,d3066ce6e3c19763df09d2ef9185666a6f96f99e57743c9f8038e3cb90e15c4f,TRUE,TRUE,FALSE,FALSE,TRUE,TRUE,FALSE,FALSE,0418a77b7087897a0ead6e10b9da2953bfee2ad9da1470ca98b7664e364a3024,0418a77b7087897a0ead6e10b9da2953bfee2ad9da1470ca98b7664e364a3024,TRUE
baseline,6,0,TRUE,pair_less,compact,1,1000000,372,0.304000000000001,0.0899999999999981,4eb038232aaffe99ba822841a72a1be288b698a16ba15b4e5aef22c587ee61d8,8cb390f4310bb5332e9085281aa52e5236aecd65b982d0e3a7e9174fe845527e,7d3712fb7ae81b29d8c28e354721b4a737f0e878202e5105ef9df6a672d5e6e4,TRUE,TRUE,FALSE,FALSE,TRUE,TRUE,FALSE,FALSE,0418a77b7087897a0ead6e10b9da2953bfee2ad9da1470ca98b7664e364a3024,0418a77b7087897a0ead6e10b9da2953bfee2ad9da1470ca98b7664e364a3024,TRUE
baseline,6,0,TRUE,pair_less,ordinary,2,1000000,422,0.300000000000001,0.300000000000001,dfddb9b2b91b422bcc693ca8234e4127d5ce2bf2fcabb02271713137399f3960,8cb390f4310bb5332e9085281aa52e5236aecd65b982d0e3a7e9174fe845527e,7d3712fb7ae81b29d8c28e354721b4a737f0e878202e5105ef9df6a672d5e6e4,FALSE,FALSE,FALSE,FALSE,FALSE,FALSE,FALSE,FALSE,71557d1c8bac9bbe3cbec8d00bb223a2f372279827064095447e569fbf5a760a,71557d1c8bac9bbe3cbec8d00bb223a2f372279827064095447e569fbf5a760a,FALSE
baseline,6,0,TRUE,pair_less,typed_double,3,1000000,157,0.300999999999998,0.0820000000000007,4eb038232aaffe99ba822841a72a1be288b698a16ba15b4e5aef22c587ee61d8,8cb390f4310bb5332e9085281aa52e5236aecd65b982d0e3a7e9174fe845527e,7d3712fb7ae81b29d8c28e354721b4a737f0e878202e5105ef9df6a672d5e6e4,FALSE,FALSE,FALSE,FALSE,FALSE,FALSE,FALSE,FALSE,e8c2c3714dfad8ccb787de83956aff6eadd8f5bf3b515e0083ff8aeca241ab2d,e8c2c3714dfad8ccb787de83956aff6eadd8f5bf3b515e0083ff8aeca241ab2d,TRUE
baseline,6,0,TRUE,scalar_less,typed_double,1,1000000,1060,0.318,0.317,c0fc146f23f813aa8e80aebc4d9d7ac256ddd10f85b65c17173f37c3fe760d8b,8cb390f4310bb5332e9085281aa52e5236aecd65b982d0e3a7e9174fe845527e,7d3712fb7ae81b29d8c28e354721b4a737f0e878202e5105ef9df6a672d5e6e4,FALSE,FALSE,FALSE,FALSE,FALSE,FALSE,FALSE,FALSE,e8c2c3714dfad8ccb787de83956aff6eadd8f5bf3b515e0083ff8aeca241ab2d,e8c2c3714dfad8ccb787de83956aff6eadd8f5bf3b515e0083ff8aeca241ab2d,TRUE
baseline,6,0,TRUE,scalar_less,compact,2,1000000,736,0.297,0.0999999999999979,c0fc146f23f813aa8e80aebc4d9d7ac256ddd10f85b65c17173f37c3fe760d8b,8cb390f4310bb5332e9085281aa52e5236aecd65b982d0e3a7e9174fe845527e,7d3712fb7ae81b29d8c28e354721b4a737f0e878202e5105ef9df6a672d5e6e4,TRUE,TRUE,FALSE,FALSE,TRUE,TRUE,FALSE,FALSE,0418a77b7087897a0ead6e10b9da2953bfee2ad9da1470ca98b7664e364a3024,0418a77b7087897a0ead6e10b9da2953bfee2ad9da1470ca98b7664e364a3024,TRUE
baseline,6,0,TRUE,scalar_less,ordinary,3,1000000,427,0.312999999999999,0.314,27468a48d9fd9dc5ba71891904e48c03e2dfcbdc043990f010981b4c4efbdb56,8cb390f4310bb5332e9085281aa52e5236aecd65b982d0e3a7e9174fe845527e,7d3712fb7ae81b29d8c28e354721b4a737f0e878202e5105ef9df6a672d5e6e4,FALSE,FALSE,FALSE,FALSE,FALSE,FALSE,FALSE,FALSE,71557d1c8bac9bbe3cbec8d00bb223a2f372279827064095447e569fbf5a760a,71557d1c8bac9bbe3cbec8d00bb223a2f372279827064095447e569fbf5a760a,FALSE
baseline,6,0,TRUE,pair_equal,ordinary,1,1000000,427,0.303999999999998,0.304000000000002,c23d64adae593f70407e6f7f1b56406f1d112f7287b7f688c1c2e14458d73483,8cb390f4310bb5332e9085281aa52e5236aecd65b982d0e3a7e9174fe845527e,7d3712fb7ae81b29d8c28e354721b4a737f0e878202e5105ef9df6a672d5e6e4,FALSE,FALSE,FALSE,FALSE,FALSE,FALSE,FALSE,FALSE,71557d1c8bac9bbe3cbec8d00bb223a2f372279827064095447e569fbf5a760a,71557d1c8bac9bbe3cbec8d00bb223a2f372279827064095447e569fbf5a760a,FALSE
baseline,6,0,TRUE,pair_equal,typed_double,2,1000000,132,0.299999999999998,0.0839999999999996,3373ec4fcf7f1a2c881385b92a07903da1240202fab5b88ee5d7c2603b3b0428,8cb390f4310bb5332e9085281aa52e5236aecd65b982d0e3a7e9174fe845527e,7d3712fb7ae81b29d8c28e354721b4a737f0e878202e5105ef9df6a672d5e6e4,FALSE,FALSE,FALSE,FALSE,FALSE,FALSE,FALSE,FALSE,e8c2c3714dfad8ccb787de83956aff6eadd8f5bf3b515e0083ff8aeca241ab2d,e8c2c3714dfad8ccb787de83956aff6eadd8f5bf3b515e0083ff8aeca241ab2d,TRUE
baseline,6,0,TRUE,pair_equal,compact,3,1000000,365,0.297999999999999,0.0889999999999986,3373ec4fcf7f1a2c881385b92a07903da1240202fab5b88ee5d7c2603b3b0428,8cb390f4310bb5332e9085281aa52e5236aecd65b982d0e3a7e9174fe845527e,7d3712fb7ae81b29d8c28e354721b4a737f0e878202e5105ef9df6a672d5e6e4,TRUE,TRUE,FALSE,FALSE,TRUE,TRUE,FALSE,FALSE,0418a77b7087897a0ead6e10b9da2953bfee2ad9da1470ca98b7664e364a3024,0418a77b7087897a0ead6e10b9da2953bfee2ad9da1470ca98b7664e364a3024,TRUE
