variant,round,case,n,width,missing,operation,ywidth,representation,order,iterations,cpu,wall,result_sha256,missing_sha256,missing_count,result_storage,native_calls,compact_before,compact_after,materialized_before,materialized_after,y_compact_before,y_compact_after,y_materialized_before,y_materialized_after,input_sha256,y_sha256
baseline,1,1,1000000,int,FALSE,scale_binary,double,ordinary,1,408,0.137,0.137,43cbc5fa02580f73a834cffb43a5ba0a0f4d7303cec536a2e3c58f1f469eb824,6506614505e113daab08b3f894ca46d4d61867c7b007c413b47a669abe8aae67,0,,0,FALSE,FALSE,FALSE,FALSE,FALSE,FALSE,FALSE,FALSE,8937acbbe87ff127e6567f97e52c6a17dbe3ea7052a39a3b76abe25c8e7eeb13,31d3575e77d9d04b75880bca9e10dbd0e13e61d21795052921dd3f702d909dd7
baseline,1,1,1000000,int,FALSE,scale_binary,double,compact,2,586,0.141,0.141,43cbc5fa02580f73a834cffb43a5ba0a0f4d7303cec536a2e3c58f1f469eb824,6506614505e113daab08b3f894ca46d4d61867c7b007c413b47a669abe8aae67,0,int,586,TRUE,TRUE,FALSE,FALSE,FALSE,FALSE,FALSE,FALSE,8937acbbe87ff127e6567f97e52c6a17dbe3ea7052a39a3b76abe25c8e7eeb13,31d3575e77d9d04b75880bca9e10dbd0e13e61d21795052921dd3f702d909dd7
baseline,1,1,1000000,int,FALSE,scale_binary,double,typed_double,3,552,0.166,0.167,43cbc5fa02580f73a834cffb43a5ba0a0f4d7303cec536a2e3c58f1f469eb824,6506614505e113daab08b3f894ca46d4d61867c7b007c413b47a669abe8aae67,0,double,552,FALSE,FALSE,FALSE,FALSE,FALSE,FALSE,FALSE,FALSE,8937acbbe87ff127e6567f97e52c6a17dbe3ea7052a39a3b76abe25c8e7eeb13,31d3575e77d9d04b75880bca9e10dbd0e13e61d21795052921dd3f702d909dd7
baseline,1,2,1000000,int,FALSE,mixed_add,float,compact,1,265,0.15,0.149,5865d7f437b5487c8061f7274c6507b7ec0fc76362cd655e9259ebb78a28f057,6506614505e113daab08b3f894ca46d4d61867c7b007c413b47a669abe8aae67,0,float,265,TRUE,TRUE,FALSE,FALSE,TRUE,TRUE,FALSE,FALSE,8937acbbe87ff127e6567f97e52c6a17dbe3ea7052a39a3b76abe25c8e7eeb13,31d3575e77d9d04b75880bca9e10dbd0e13e61d21795052921dd3f702d909dd7
baseline,1,2,1000000,int,FALSE,mixed_add,float,typed_double,2,481,0.168,0.168,5865d7f437b5487c8061f7274c6507b7ec0fc76362cd655e9259ebb78a28f057,6506614505e113daab08b3f894ca46d4d61867c7b007c413b47a669abe8aae67,0,double,481,FALSE,FALSE,FALSE,FALSE,FALSE,FALSE,FALSE,FALSE,8937acbbe87ff127e6567f97e52c6a17dbe3ea7052a39a3b76abe25c8e7eeb13,31d3575e77d9d04b75880bca9e10dbd0e13e61d21795052921dd3f702d909dd7
baseline,1,2,1000000,int,FALSE,mixed_add,float,ordinary,3,586,0.166,0.165,5865d7f437b5487c8061f7274c6507b7ec0fc76362cd655e9259ebb78a28f057,6506614505e113daab08b3f894ca46d4d61867c7b007c413b47a669abe8aae67,0,,0,FALSE,FALSE,FALSE,FALSE,FALSE,FALSE,FALSE,FALSE,8937acbbe87ff127e6567f97e52c6a17dbe3ea7052a39a3b76abe25c8e7eeb13,31d3575e77d9d04b75880bca9e10dbd0e13e61d21795052921dd3f702d909dd7
baseline,1,3,1000000,int,FALSE,mixed_multiply,float,typed_double,1,481,0.151000000000001,0.149999999999999,74e198320fcef535d96d5240bf6315c7f048f937cff6728206c4dc3e49c71557,6506614505e113daab08b3f894ca46d4d61867c7b007c413b47a669abe8aae67,0,double,481,FALSE,FALSE,FALSE,FALSE,FALSE,FALSE,FALSE,FALSE,8937acbbe87ff127e6567f97e52c6a17dbe3ea7052a39a3b76abe25c8e7eeb13,31d3575e77d9d04b75880bca9e10dbd0e13e61d21795052921dd3f702d909dd7
baseline,1,3,1000000,int,FALSE,mixed_multiply,float,ordinary,2,605,0.168,0.168,74e198320fcef535d96d5240bf6315c7f048f937cff6728206c4dc3e49c71557,6506614505e113daab08b3f894ca46d4d61867c7b007c413b47a669abe8aae67,0,,0,FALSE,FALSE,FALSE,FALSE,FALSE,FALSE,FALSE,FALSE,8937acbbe87ff127e6567f97e52c6a17dbe3ea7052a39a3b76abe25c8e7eeb13,31d3575e77d9d04b75880bca9e10dbd0e13e61d21795052921dd3f702d909dd7
baseline,1,3,1000000,int,FALSE,mixed_multiply,float,compact,3,417,0.149,0.149,74e198320fcef535d96d5240bf6315c7f048f937cff6728206c4dc3e49c71557,6506614505e113daab08b3f894ca46d4d61867c7b007c413b47a669abe8aae67,0,float,417,TRUE,TRUE,FALSE,FALSE,TRUE,TRUE,FALSE,FALSE,8937acbbe87ff127e6567f97e52c6a17dbe3ea7052a39a3b76abe25c8e7eeb13,31d3575e77d9d04b75880bca9e10dbd0e13e61d21795052921dd3f702d909dd7
baseline,1,4,1000000,int,FALSE,mixed_subtract,float,ordinary,1,605,0.168999999999999,0.168,562820f81b1e6756059905d249b0e791c9497c3738cb3dfcc54116eb0e12b3bb,6506614505e113daab08b3f894ca46d4d61867c7b007c413b47a669abe8aae67,0,,0,FALSE,FALSE,FALSE,FALSE,FALSE,FALSE,FALSE,FALSE,8937acbbe87ff127e6567f97e52c6a17dbe3ea7052a39a3b76abe25c8e7eeb13,31d3575e77d9d04b75880bca9e10dbd0e13e61d21795052921dd3f702d909dd7
baseline,1,4,1000000,int,FALSE,mixed_subtract,float,compact,2,268,0.149,0.15,562820f81b1e6756059905d249b0e791c9497c3738cb3dfcc54116eb0e12b3bb,6506614505e113daab08b3f894ca46d4d61867c7b007c413b47a669abe8aae67,0,float,268,TRUE,TRUE,FALSE,FALSE,TRUE,TRUE,FALSE,FALSE,8937acbbe87ff127e6567f97e52c6a17dbe3ea7052a39a3b76abe25c8e7eeb13,31d3575e77d9d04b75880bca9e10dbd0e13e61d21795052921dd3f702d909dd7
baseline,1,4,1000000,int,FALSE,mixed_subtract,float,typed_double,3,481,0.149999999999999,0.149,562820f81b1e6756059905d249b0e791c9497c3738cb3dfcc54116eb0e12b3bb,6506614505e113daab08b3f894ca46d4d61867c7b007c413b47a669abe8aae67,0,double,481,FALSE,FALSE,FALSE,FALSE,FALSE,FALSE,FALSE,FALSE,8937acbbe87ff127e6567f97e52c6a17dbe3ea7052a39a3b76abe25c8e7eeb13,31d3575e77d9d04b75880bca9e10dbd0e13e61d21795052921dd3f702d909dd7
baseline,1,5,1000000,int,FALSE,mixed_divide,float,compact,1,254,0.149,0.149,6def527056a38d8935fa3283707f7647981cba07bc778f537219dc0819f5a317,e051abed22e2093d2b8ea7b2cfe0c0975a4a6ff84dc00b30fcbf1df31abbb480,999,float,254,TRUE,TRUE,FALSE,FALSE,TRUE,TRUE,FALSE,FALSE,8937acbbe87ff127e6567f97e52c6a17dbe3ea7052a39a3b76abe25c8e7eeb13,31d3575e77d9d04b75880bca9e10dbd0e13e61d21795052921dd3f702d909dd7
baseline,1,5,1000000,int,FALSE,mixed_divide,float,typed_double,2,494,0.170999999999999,0.172,ae7640ea952a6b99ff93c8fb8ca899b28cca71ffc2d089cf8759a799a7092922,e051abed22e2093d2b8ea7b2cfe0c0975a4a6ff84dc00b30fcbf1df31abbb480,999,double,494,FALSE,FALSE,FALSE,FALSE,FALSE,FALSE,FALSE,FALSE,8937acbbe87ff127e6567f97e52c6a17dbe3ea7052a39a3b76abe25c8e7eeb13,31d3575e77d9d04b75880bca9e10dbd0e13e61d21795052921dd3f702d909dd7
baseline,1,5,1000000,int,FALSE,mixed_divide,float,ordinary,3,605,0.170999999999999,0.170999999999999,207f8b8d33a03b1bad310e4aa209e0380ad57e46bce136443d8943534bb38984,6506614505e113daab08b3f894ca46d4d61867c7b007c413b47a669abe8aae67,0,,0,FALSE,FALSE,FALSE,FALSE,FALSE,FALSE,FALSE,FALSE,8937acbbe87ff127e6567f97e52c6a17dbe3ea7052a39a3b76abe25c8e7eeb13,31d3575e77d9d04b75880bca9e10dbd0e13e61d21795052921dd3f702d909dd7
baseline,1,6,1000000,int,TRUE,scale_binary,double,typed_double,1,569,0.153,0.152000000000001,406aa86104df9ebd1e49e25bbc9266cbc0cc152fd09e7d28efa1e3b9f07c7f98,256764253c19afe4b22c7738fb2f83098a03d4dbde3db39ee8c24b205a95942a,1003,double,569,FALSE,FALSE,FALSE,FALSE,FALSE,FALSE,FALSE,FALSE,5af7169f9d20a77a6f06236647a66be1493d6e155163c245a466bda43242d0e7,6a2baa27cd05157233063b825243be4bdf1a2dbc88db2a6cdfd0b2527b28716b
baseline,1,6,1000000,int,TRUE,scale_binary,double,ordinary,2,626,0.165,0.165000000000001,b10ddc1e7177ef92cdb14943c3981218bcd426a31f9c7d156ed4dbd4ea86c948,256764253c19afe4b22c7738fb2f83098a03d4dbde3db39ee8c24b205a95942a,1003,,0,FALSE,FALSE,FALSE,FALSE,FALSE,FALSE,FALSE,FALSE,5af7169f9d20a77a6f06236647a66be1493d6e155163c245a466bda43242d0e7,6a2baa27cd05157233063b825243be4bdf1a2dbc88db2a6cdfd0b2527b28716b
baseline,1,6,1000000,int,TRUE,scale_binary,double,compact,3,552,0.132999999999999,0.132999999999999,406aa86104df9ebd1e49e25bbc9266cbc0cc152fd09e7d28efa1e3b9f07c7f98,256764253c19afe4b22c7738fb2f83098a03d4dbde3db39ee8c24b205a95942a,1003,int,552,TRUE,TRUE,FALSE,FALSE,FALSE,FALSE,FALSE,FALSE,5af7169f9d20a77a6f06236647a66be1493d6e155163c245a466bda43242d0e7,6a2baa27cd05157233063b825243be4bdf1a2dbc88db2a6cdfd0b2527b28716b
baseline,1,7,1000000,int,TRUE,mixed_add,float,ordinary,1,626,0.172000000000001,0.172000000000001,ea5ac2e3896755c3d5082b83561d8673bb4f0147a7690b804a8d74cecbeda4c1,d842a810a046337b5363ff7dafdaa01aa4553912ce2afa4ee95c617158d8e0e7,2011,,0,FALSE,FALSE,FALSE,FALSE,FALSE,FALSE,FALSE,FALSE,5af7169f9d20a77a6f06236647a66be1493d6e155163c245a466bda43242d0e7,6a2baa27cd05157233063b825243be4bdf1a2dbc88db2a6cdfd0b2527b28716b
baseline,1,7,1000000,int,TRUE,mixed_add,float,compact,2,211,0.15,0.151000000000002,087fb12a32e314d333c4287225113c3c6e3a135a9c18c162b3b5753b80f4350c,d842a810a046337b5363ff7dafdaa01aa4553912ce2afa4ee95c617158d8e0e7,2011,float,211,TRUE,TRUE,FALSE,FALSE,TRUE,TRUE,FALSE,FALSE,5af7169f9d20a77a6f06236647a66be1493d6e155163c245a466bda43242d0e7,6a2baa27cd05157233063b825243be4bdf1a2dbc88db2a6cdfd0b2527b28716b
baseline,1,7,1000000,int,TRUE,mixed_add,float,typed_double,3,481,0.148000000000001,0.148000000000001,087fb12a32e314d333c4287225113c3c6e3a135a9c18c162b3b5753b80f4350c,d842a810a046337b5363ff7dafdaa01aa4553912ce2afa4ee95c617158d8e0e7,2011,double,481,FALSE,FALSE,FALSE,FALSE,FALSE,FALSE,FALSE,FALSE,5af7169f9d20a77a6f06236647a66be1493d6e155163c245a466bda43242d0e7,6a2baa27cd05157233063b825243be4bdf1a2dbc88db2a6cdfd0b2527b28716b
baseline,1,8,1000000,int,TRUE,mixed_multiply,float,compact,1,324,0.151,0.151,567cb444c88381ecb7601b5374668c9d2a719ee733326a0fd33b4e0cf98f607d,d842a810a046337b5363ff7dafdaa01aa4553912ce2afa4ee95c617158d8e0e7,2011,float,324,TRUE,TRUE,FALSE,FALSE,TRUE,TRUE,FALSE,FALSE,5af7169f9d20a77a6f06236647a66be1493d6e155163c245a466bda43242d0e7,6a2baa27cd05157233063b825243be4bdf1a2dbc88db2a6cdfd0b2527b28716b
baseline,1,8,1000000,int,TRUE,mixed_multiply,float,typed_double,2,494,0.169000000000001,0.167999999999999,567cb444c88381ecb7601b5374668c9d2a719ee733326a0fd33b4e0cf98f607d,d842a810a046337b5363ff7dafdaa01aa4553912ce2afa4ee95c617158d8e0e7,2011,double,494,FALSE,FALSE,FALSE,FALSE,FALSE,FALSE,FALSE,FALSE,5af7169f9d20a77a6f06236647a66be1493d6e155163c245a466bda43242d0e7,6a2baa27cd05157233063b825243be4bdf1a2dbc88db2a6cdfd0b2527b28716b
baseline,1,8,1000000,int,TRUE,mixed_multiply,float,ordinary,3,626,0.155000000000001,0.154999999999999,4e15a12f73c542a9193d69c8d13f89eb8b7adf975c41c2fdf2ef19e40aa99344,d842a810a046337b5363ff7dafdaa01aa4553912ce2afa4ee95c617158d8e0e7,2011,,0,FALSE,FALSE,FALSE,FALSE,FALSE,FALSE,FALSE,FALSE,5af7169f9d20a77a6f06236647a66be1493d6e155163c245a466bda43242d0e7,6a2baa27cd05157233063b825243be4bdf1a2dbc88db2a6cdfd0b2527b28716b
baseline,1,9,1000000,int,TRUE,mixed_subtract,float,typed_double,1,481,0.164,0.165000000000001,d888f35894142efc1f39ddcef1aefba1a7fd30f7ed69c00c2d2dda247f8581f5,d842a810a046337b5363ff7dafdaa01aa4553912ce2afa4ee95c617158d8e0e7,2011,double,481,FALSE,FALSE,FALSE,FALSE,FALSE,FALSE,FALSE,FALSE,5af7169f9d20a77a6f06236647a66be1493d6e155163c245a466bda43242d0e7,6a2baa27cd05157233063b825243be4bdf1a2dbc88db2a6cdfd0b2527b28716b
baseline,1,9,1000000,int,TRUE,mixed_subtract,float,ordinary,2,605,0.151,0.151,8679b1c92f66dcdd3080bd3788626bcd97f5333387bc5b48a1365f669c13dd17,d842a810a046337b5363ff7dafdaa01aa4553912ce2afa4ee95c617158d8e0e7,2011,,0,FALSE,FALSE,FALSE,FALSE,FALSE,FALSE,FALSE,FALSE,5af7169f9d20a77a6f06236647a66be1493d6e155163c245a466bda43242d0e7,6a2baa27cd05157233063b825243be4bdf1a2dbc88db2a6cdfd0b2527b28716b
baseline,1,9,1000000,int,TRUE,mixed_subtract,float,compact,3,211,0.15,0.148999999999999,d888f35894142efc1f39ddcef1aefba1a7fd30f7ed69c00c2d2dda247f8581f5,d842a810a046337b5363ff7dafdaa01aa4553912ce2afa4ee95c617158d8e0e7,2011,float,211,TRUE,TRUE,FALSE,FALSE,TRUE,TRUE,FALSE,FALSE,5af7169f9d20a77a6f06236647a66be1493d6e155163c245a466bda43242d0e7,6a2baa27cd05157233063b825243be4bdf1a2dbc88db2a6cdfd0b2527b28716b
baseline,1,10,1000000,int,TRUE,mixed_divide,float,ordinary,1,605,0.17,0.17,406400422a4665eaaf4bff6e7465afe5c7d02f62dcaf8521b892a348eb502759,d842a810a046337b5363ff7dafdaa01aa4553912ce2afa4ee95c617158d8e0e7,2011,,0,FALSE,FALSE,FALSE,FALSE,FALSE,FALSE,FALSE,FALSE,5af7169f9d20a77a6f06236647a66be1493d6e155163c245a466bda43242d0e7,6a2baa27cd05157233063b825243be4bdf1a2dbc88db2a6cdfd0b2527b28716b
baseline,1,10,1000000,int,TRUE,mixed_divide,float,compact,2,204,0.150999999999999,0.149999999999999,ed5782b8feabbf0a281d1fa7c54c3046ca6c6b6db4b3a5d51d26e2fbb01b5dbe,8363fa752350497662a4ce583648a56f69556d78062759212ea88bafefafff41,3008,float,204,TRUE,TRUE,FALSE,FALSE,TRUE,TRUE,FALSE,FALSE,5af7169f9d20a77a6f06236647a66be1493d6e155163c245a466bda43242d0e7,6a2baa27cd05157233063b825243be4bdf1a2dbc88db2a6cdfd0b2527b28716b
baseline,1,10,1000000,int,TRUE,mixed_divide,float,typed_double,3,494,0.154,0.154,d9bdbdefafca1f8db32237efaff37c9feb9805d4bb814645e065f847f409fb4d,8363fa752350497662a4ce583648a56f69556d78062759212ea88bafefafff41,3008,double,494,FALSE,FALSE,FALSE,FALSE,FALSE,FALSE,FALSE,FALSE,5af7169f9d20a77a6f06236647a66be1493d6e155163c245a466bda43242d0e7,6a2baa27cd05157233063b825243be4bdf1a2dbc88db2a6cdfd0b2527b28716b
baseline,1,11,1000000,float,FALSE,scale_binary,double,compact,1,469,0.151,0.152000000000001,5e4cb543f32269b2c2218b394ad1c41d44f6b32b3f8be7d200655b3b7d11f177,6506614505e113daab08b3f894ca46d4d61867c7b007c413b47a669abe8aae67,0,float,469,TRUE,TRUE,FALSE,FALSE,FALSE,FALSE,FALSE,FALSE,7f1c1a27229f7a699fa85ff90b5be1266497c462407b39b11f6d94015af8e8ad,31d3575e77d9d04b75880bca9e10dbd0e13e61d21795052921dd3f702d909dd7
baseline,1,11,1000000,float,FALSE,scale_binary,double,typed_double,2,569,0.153000000000001,0.152000000000001,5e4cb543f32269b2c2218b394ad1c41d44f6b32b3f8be7d200655b3b7d11f177,6506614505e113daab08b3f894ca46d4d61867c7b007c413b47a669abe8aae67,0,double,569,FALSE,FALSE,FALSE,FALSE,FALSE,FALSE,FALSE,FALSE,7f1c1a27229f7a699fa85ff90b5be1266497c462407b39b11f6d94015af8e8ad,31d3575e77d9d04b75880bca9e10dbd0e13e61d21795052921dd3f702d909dd7
baseline,1,11,1000000,float,FALSE,scale_binary,double,ordinary,3,626,0.165000000000003,0.164999999999999,5e4cb543f32269b2c2218b394ad1c41d44f6b32b3f8be7d200655b3b7d11f177,6506614505e113daab08b3f894ca46d4d61867c7b007c413b47a669abe8aae67,0,,0,FALSE,FALSE,FALSE,FALSE,FALSE,FALSE,FALSE,FALSE,7f1c1a27229f7a699fa85ff90b5be1266497c462407b39b11f6d94015af8e8ad,31d3575e77d9d04b75880bca9e10dbd0e13e61d21795052921dd3f702d909dd7
baseline,1,12,1000000,float,FALSE,scale_general,double,typed_double,1,552,0.148000000000003,0.146999999999998,f26b519d09797e4f4941392e4b52f307c71832f0aaad54da617e9078fe055e1c,6506614505e113daab08b3f894ca46d4d61867c7b007c413b47a669abe8aae67,0,double,552,FALSE,FALSE,FALSE,FALSE,FALSE,FALSE,FALSE,FALSE,7f1c1a27229f7a699fa85ff90b5be1266497c462407b39b11f6d94015af8e8ad,31d3575e77d9d04b75880bca9e10dbd0e13e61d21795052921dd3f702d909dd7
baseline,1,12,1000000,float,FALSE,scale_general,double,ordinary,2,625,0.164999999999999,0.164999999999999,f26b519d09797e4f4941392e4b52f307c71832f0aaad54da617e9078fe055e1c,6506614505e113daab08b3f894ca46d4d61867c7b007c413b47a669abe8aae67,0,,0,FALSE,FALSE,FALSE,FALSE,FALSE,FALSE,FALSE,FALSE,7f1c1a27229f7a699fa85ff90b5be1266497c462407b39b11f6d94015af8e8ad,31d3575e77d9d04b75880bca9e10dbd0e13e61d21795052921dd3f702d909dd7
baseline,1,12,1000000,float,FALSE,scale_general,double,compact,3,361,0.154,0.155000000000001,72cc5cf98cf5a5166668db2e8420adb3bc862ec1b003fbdd7aeb0a9746f22870,6506614505e113daab08b3f894ca46d4d61867c7b007c413b47a669abe8aae67,0,float,361,TRUE,TRUE,FALSE,FALSE,FALSE,FALSE,FALSE,FALSE,7f1c1a27229f7a699fa85ff90b5be1266497c462407b39b11f6d94015af8e8ad,31d3575e77d9d04b75880bca9e10dbd0e13e61d21795052921dd3f702d909dd7
baseline,1,13,1000000,float,FALSE,float_multiply,float,ordinary,1,605,0.171000000000002,0.170000000000002,0bba0ca591c120cf82ec7fba05e23d81983f377b8aa3fa66f476e26d1dada746,6506614505e113daab08b3f894ca46d4d61867c7b007c413b47a669abe8aae67,0,,0,FALSE,FALSE,FALSE,FALSE,FALSE,FALSE,FALSE,FALSE,7f1c1a27229f7a699fa85ff90b5be1266497c462407b39b11f6d94015af8e8ad,31d3575e77d9d04b75880bca9e10dbd0e13e61d21795052921dd3f702d909dd7
baseline,1,13,1000000,float,FALSE,float_multiply,float,compact,2,552,0.151,0.151,0bba0ca591c120cf82ec7fba05e23d81983f377b8aa3fa66f476e26d1dada746,6506614505e113daab08b3f894ca46d4d61867c7b007c413b47a669abe8aae67,0,float,552,TRUE,TRUE,FALSE,FALSE,TRUE,TRUE,FALSE,FALSE,7f1c1a27229f7a699fa85ff90b5be1266497c462407b39b11f6d94015af8e8ad,31d3575e77d9d04b75880bca9e10dbd0e13e61d21795052921dd3f702d909dd7
baseline,1,13,1000000,float,FALSE,float_multiply,float,typed_double,3,481,0.168999999999999,0.167999999999999,0bba0ca591c120cf82ec7fba05e23d81983f377b8aa3fa66f476e26d1dada746,6506614505e113daab08b3f894ca46d4d61867c7b007c413b47a669abe8aae67,0,double,481,FALSE,FALSE,FALSE,FALSE,FALSE,FALSE,FALSE,FALSE,7f1c1a27229f7a699fa85ff90b5be1266497c462407b39b11f6d94015af8e8ad,31d3575e77d9d04b75880bca9e10dbd0e13e61d21795052921dd3f702d909dd7
baseline,1,14,1000000,float,TRUE,scale_binary,double,compact,1,458,0.149000000000001,0.148999999999997,c2d92a8e75010c0ddb80329b9ca6cc4898ca1d4543392f8c8382c3fbfeeb5b4b,256764253c19afe4b22c7738fb2f83098a03d4dbde3db39ee8c24b205a95942a,1003,float,458,TRUE,TRUE,FALSE,FALSE,FALSE,FALSE,FALSE,FALSE,ee8f1f1d17d164fc3d811ad86cc889d11c328f41d3cd55762069bc2161e48c9f,6a2baa27cd05157233063b825243be4bdf1a2dbc88db2a6cdfd0b2527b28716b
baseline,1,14,1000000,float,TRUE,scale_binary,double,typed_double,2,552,0.165000000000003,0.164999999999999,c2d92a8e75010c0ddb80329b9ca6cc4898ca1d4543392f8c8382c3fbfeeb5b4b,256764253c19afe4b22c7738fb2f83098a03d4dbde3db39ee8c24b205a95942a,1003,double,552,FALSE,FALSE,FALSE,FALSE,FALSE,FALSE,FALSE,FALSE,ee8f1f1d17d164fc3d811ad86cc889d11c328f41d3cd55762069bc2161e48c9f,6a2baa27cd05157233063b825243be4bdf1a2dbc88db2a6cdfd0b2527b28716b
baseline,1,14,1000000,float,TRUE,scale_binary,double,ordinary,3,569,0.140999999999998,0.139999999999997,21fac45dcda0cbc0ba9e1f553d3be3fedd245b921d5e2e4497a8d64f1e038117,256764253c19afe4b22c7738fb2f83098a03d4dbde3db39ee8c24b205a95942a,1003,,0,FALSE,FALSE,FALSE,FALSE,FALSE,FALSE,FALSE,FALSE,ee8f1f1d17d164fc3d811ad86cc889d11c328f41d3cd55762069bc2161e48c9f,6a2baa27cd05157233063b825243be4bdf1a2dbc88db2a6cdfd0b2527b28716b
baseline,1,15,1000000,float,TRUE,scale_general,double,typed_double,1,552,0.164999999999999,0.165000000000003,ea87b3dd63bfda18195aef508608398181a11f876a570f6017c0c100c3497f49,256764253c19afe4b22c7738fb2f83098a03d4dbde3db39ee8c24b205a95942a,1003,double,552,FALSE,FALSE,FALSE,FALSE,FALSE,FALSE,FALSE,FALSE,ee8f1f1d17d164fc3d811ad86cc889d11c328f41d3cd55762069bc2161e48c9f,6a2baa27cd05157233063b825243be4bdf1a2dbc88db2a6cdfd0b2527b28716b
baseline,1,15,1000000,float,TRUE,scale_general,double,ordinary,2,625,0.167000000000002,0.166999999999998,8100d028390097d4a98b44ea0ff4cb617c6204331b80e5c7870832582030541c,256764253c19afe4b22c7738fb2f83098a03d4dbde3db39ee8c24b205a95942a,1003,,0,FALSE,FALSE,FALSE,FALSE,FALSE,FALSE,FALSE,FALSE,ee8f1f1d17d164fc3d811ad86cc889d11c328f41d3cd55762069bc2161e48c9f,6a2baa27cd05157233063b825243be4bdf1a2dbc88db2a6cdfd0b2527b28716b
baseline,1,15,1000000,float,TRUE,scale_general,double,compact,3,276,0.150000000000002,0.149999999999999,c58bc992720c328eca610e60f8c3f93d7d61df77946cf51b8626b0d8b78368ef,256764253c19afe4b22c7738fb2f83098a03d4dbde3db39ee8c24b205a95942a,1003,float,276,TRUE,TRUE,FALSE,FALSE,FALSE,FALSE,FALSE,FALSE,ee8f1f1d17d164fc3d811ad86cc889d11c328f41d3cd55762069bc2161e48c9f,6a2baa27cd05157233063b825243be4bdf1a2dbc88db2a6cdfd0b2527b28716b
baseline,1,16,1000000,float,TRUE,float_multiply,float,ordinary,1,605,0.154,0.154,96b0fd82fdfc837964eddbc19baef0073045dc1bea1ecc4b106e12605eb53860,d842a810a046337b5363ff7dafdaa01aa4553912ce2afa4ee95c617158d8e0e7,2011,,0,FALSE,FALSE,FALSE,FALSE,FALSE,FALSE,FALSE,FALSE,ee8f1f1d17d164fc3d811ad86cc889d11c328f41d3cd55762069bc2161e48c9f,6a2baa27cd05157233063b825243be4bdf1a2dbc88db2a6cdfd0b2527b28716b
baseline,1,16,1000000,float,TRUE,float_multiply,float,compact,2,324,0.150000000000001,0.149000000000001,8290dd7500cd078b2bd5437bf8fe0afa95dd1f1bab5eff045202e84b7d93eed9,d842a810a046337b5363ff7dafdaa01aa4553912ce2afa4ee95c617158d8e0e7,2011,float,324,TRUE,TRUE,FALSE,FALSE,TRUE,TRUE,FALSE,FALSE,ee8f1f1d17d164fc3d811ad86cc889d11c328f41d3cd55762069bc2161e48c9f,6a2baa27cd05157233063b825243be4bdf1a2dbc88db2a6cdfd0b2527b28716b
baseline,1,16,1000000,float,TRUE,float_multiply,float,typed_double,3,481,0.148999999999997,0.150000000000002,8290dd7500cd078b2bd5437bf8fe0afa95dd1f1bab5eff045202e84b7d93eed9,d842a810a046337b5363ff7dafdaa01aa4553912ce2afa4ee95c617158d8e0e7,2011,double,481,FALSE,FALSE,FALSE,FALSE,FALSE,FALSE,FALSE,FALSE,ee8f1f1d17d164fc3d811ad86cc889d11c328f41d3cd55762069bc2161e48c9f,6a2baa27cd05157233063b825243be4bdf1a2dbc88db2a6cdfd0b2527b28716b
baseline,1,17,1000000,long,FALSE,long_float_add,float,compact,1,399,0.164999999999999,0.166,5865d7f437b5487c8061f7274c6507b7ec0fc76362cd655e9259ebb78a28f057,6506614505e113daab08b3f894ca46d4d61867c7b007c413b47a669abe8aae67,0,double,399,TRUE,TRUE,FALSE,FALSE,TRUE,TRUE,FALSE,FALSE,8937acbbe87ff127e6567f97e52c6a17dbe3ea7052a39a3b76abe25c8e7eeb13,31d3575e77d9d04b75880bca9e10dbd0e13e61d21795052921dd3f702d909dd7
baseline,1,17,1000000,long,FALSE,long_float_add,float,typed_double,2,481,0.148999999999997,0.149000000000001,5865d7f437b5487c8061f7274c6507b7ec0fc76362cd655e9259ebb78a28f057,6506614505e113daab08b3f894ca46d4d61867c7b007c413b47a669abe8aae67,0,double,481,FALSE,FALSE,FALSE,FALSE,FALSE,FALSE,FALSE,FALSE,8937acbbe87ff127e6567f97e52c6a17dbe3ea7052a39a3b76abe25c8e7eeb13,31d3575e77d9d04b75880bca9e10dbd0e13e61d21795052921dd3f702d909dd7
baseline,1,17,1000000,long,FALSE,long_float_add,float,ordinary,3,626,0.172999999999998,0.172999999999998,5865d7f437b5487c8061f7274c6507b7ec0fc76362cd655e9259ebb78a28f057,6506614505e113daab08b3f894ca46d4d61867c7b007c413b47a669abe8aae67,0,,0,FALSE,FALSE,FALSE,FALSE,FALSE,FALSE,FALSE,FALSE,8937acbbe87ff127e6567f97e52c6a17dbe3ea7052a39a3b76abe25c8e7eeb13,31d3575e77d9d04b75880bca9e10dbd0e13e61d21795052921dd3f702d909dd7
baseline,1,18,1000000,long,TRUE,long_float_add,float,typed_double,1,494,0.171999999999997,0.172000000000001,087fb12a32e314d333c4287225113c3c6e3a135a9c18c162b3b5753b80f4350c,d842a810a046337b5363ff7dafdaa01aa4553912ce2afa4ee95c617158d8e0e7,2011,double,494,FALSE,FALSE,FALSE,FALSE,FALSE,FALSE,FALSE,FALSE,5af7169f9d20a77a6f06236647a66be1493d6e155163c245a466bda43242d0e7,6a2baa27cd05157233063b825243be4bdf1a2dbc88db2a6cdfd0b2527b28716b
baseline,1,18,1000000,long,TRUE,long_float_add,float,ordinary,2,605,0.152000000000001,0.152000000000001,ea5ac2e3896755c3d5082b83561d8673bb4f0147a7690b804a8d74cecbeda4c1,d842a810a046337b5363ff7dafdaa01aa4553912ce2afa4ee95c617158d8e0e7,2011,,0,FALSE,FALSE,FALSE,FALSE,FALSE,FALSE,FALSE,FALSE,5af7169f9d20a77a6f06236647a66be1493d6e155163c245a466bda43242d0e7,6a2baa27cd05157233063b825243be4bdf1a2dbc88db2a6cdfd0b2527b28716b
baseline,1,18,1000000,long,TRUE,long_float_add,float,compact,3,241,0.126999999999999,0.128,087fb12a32e314d333c4287225113c3c6e3a135a9c18c162b3b5753b80f4350c,d842a810a046337b5363ff7dafdaa01aa4553912ce2afa4ee95c617158d8e0e7,2011,double,241,TRUE,TRUE,FALSE,FALSE,TRUE,TRUE,FALSE,FALSE,5af7169f9d20a77a6f06236647a66be1493d6e155163c245a466bda43242d0e7,6a2baa27cd05157233063b825243be4bdf1a2dbc88db2a6cdfd0b2527b28716b
candidate,1,1,1000000,int,FALSE,scale_binary,double,ordinary,1,399,0.135,0.135,43cbc5fa02580f73a834cffb43a5ba0a0f4d7303cec536a2e3c58f1f469eb824,6506614505e113daab08b3f894ca46d4d61867c7b007c413b47a669abe8aae67,0,,0,FALSE,FALSE,FALSE,FALSE,FALSE,FALSE,FALSE,FALSE,8937acbbe87ff127e6567f97e52c6a17dbe3ea7052a39a3b76abe25c8e7eeb13,31d3575e77d9d04b75880bca9e10dbd0e13e61d21795052921dd3f702d909dd7
candidate,1,1,1000000,int,FALSE,scale_binary,double,compact,2,552,0.133,0.133,43cbc5fa02580f73a834cffb43a5ba0a0f4d7303cec536a2e3c58f1f469eb824,6506614505e113daab08b3f894ca46d4d61867c7b007c413b47a669abe8aae67,0,int,552,TRUE,TRUE,FALSE,FALSE,FALSE,FALSE,FALSE,FALSE,8937acbbe87ff127e6567f97e52c6a17dbe3ea7052a39a3b76abe25c8e7eeb13,31d3575e77d9d04b75880bca9e10dbd0e13e61d21795052921dd3f702d909dd7
candidate,1,1,1000000,int,FALSE,scale_binary,double,typed_double,3,552,0.15,0.15,43cbc5fa02580f73a834cffb43a5ba0a0f4d7303cec536a2e3c58f1f469eb824,6506614505e113daab08b3f894ca46d4d61867c7b007c413b47a669abe8aae67,0,double,552,FALSE,FALSE,FALSE,FALSE,FALSE,FALSE,FALSE,FALSE,8937acbbe87ff127e6567f97e52c6a17dbe3ea7052a39a3b76abe25c8e7eeb13,31d3575e77d9d04b75880bca9e10dbd0e13e61d21795052921dd3f702d909dd7
candidate,1,2,1000000,int,FALSE,mixed_add,float,compact,1,408,0.146,0.146,5865d7f437b5487c8061f7274c6507b7ec0fc76362cd655e9259ebb78a28f057,6506614505e113daab08b3f894ca46d4d61867c7b007c413b47a669abe8aae67,0,float,408,TRUE,TRUE,FALSE,FALSE,TRUE,TRUE,FALSE,FALSE,8937acbbe87ff127e6567f97e52c6a17dbe3ea7052a39a3b76abe25c8e7eeb13,31d3575e77d9d04b75880bca9e10dbd0e13e61d21795052921dd3f702d909dd7
candidate,1,2,1000000,int,FALSE,mixed_add,float,typed_double,2,481,0.151,0.151,5865d7f437b5487c8061f7274c6507b7ec0fc76362cd655e9259ebb78a28f057,6506614505e113daab08b3f894ca46d4d61867c7b007c413b47a669abe8aae67,0,double,481,FALSE,FALSE,FALSE,FALSE,FALSE,FALSE,FALSE,FALSE,8937acbbe87ff127e6567f97e52c6a17dbe3ea7052a39a3b76abe25c8e7eeb13,31d3575e77d9d04b75880bca9e10dbd0e13e61d21795052921dd3f702d909dd7
candidate,1,2,1000000,int,FALSE,mixed_add,float,ordinary,3,586,0.165,0.163,5865d7f437b5487c8061f7274c6507b7ec0fc76362cd655e9259ebb78a28f057,6506614505e113daab08b3f894ca46d4d61867c7b007c413b47a669abe8aae67,0,,0,FALSE,FALSE,FALSE,FALSE,FALSE,FALSE,FALSE,FALSE,8937acbbe87ff127e6567f97e52c6a17dbe3ea7052a39a3b76abe25c8e7eeb13,31d3575e77d9d04b75880bca9e10dbd0e13e61d21795052921dd3f702d909dd7
candidate,1,3,1000000,int,FALSE,mixed_multiply,float,typed_double,1,481,0.167,0.167,74e198320fcef535d96d5240bf6315c7f048f937cff6728206c4dc3e49c71557,6506614505e113daab08b3f894ca46d4d61867c7b007c413b47a669abe8aae67,0,double,481,FALSE,FALSE,FALSE,FALSE,FALSE,FALSE,FALSE,FALSE,8937acbbe87ff127e6567f97e52c6a17dbe3ea7052a39a3b76abe25c8e7eeb13,31d3575e77d9d04b75880bca9e10dbd0e13e61d21795052921dd3f702d909dd7
candidate,1,3,1000000,int,FALSE,mixed_multiply,float,ordinary,2,605,0.17,0.171,74e198320fcef535d96d5240bf6315c7f048f937cff6728206c4dc3e49c71557,6506614505e113daab08b3f894ca46d4d61867c7b007c413b47a669abe8aae67,0,,0,FALSE,FALSE,FALSE,FALSE,FALSE,FALSE,FALSE,FALSE,8937acbbe87ff127e6567f97e52c6a17dbe3ea7052a39a3b76abe25c8e7eeb13,31d3575e77d9d04b75880bca9e10dbd0e13e61d21795052921dd3f702d909dd7
candidate,1,3,1000000,int,FALSE,mixed_multiply,float,compact,3,417,0.149999999999999,0.149,74e198320fcef535d96d5240bf6315c7f048f937cff6728206c4dc3e49c71557,6506614505e113daab08b3f894ca46d4d61867c7b007c413b47a669abe8aae67,0,float,417,TRUE,TRUE,FALSE,FALSE,TRUE,TRUE,FALSE,FALSE,8937acbbe87ff127e6567f97e52c6a17dbe3ea7052a39a3b76abe25c8e7eeb13,31d3575e77d9d04b75880bca9e10dbd0e13e61d21795052921dd3f702d909dd7
candidate,1,4,1000000,int,FALSE,mixed_subtract,float,ordinary,1,605,0.17,0.17,562820f81b1e6756059905d249b0e791c9497c3738cb3dfcc54116eb0e12b3bb,6506614505e113daab08b3f894ca46d4d61867c7b007c413b47a669abe8aae67,0,,0,FALSE,FALSE,FALSE,FALSE,FALSE,FALSE,FALSE,FALSE,8937acbbe87ff127e6567f97e52c6a17dbe3ea7052a39a3b76abe25c8e7eeb13,31d3575e77d9d04b75880bca9e10dbd0e13e61d21795052921dd3f702d909dd7
candidate,1,4,1000000,int,FALSE,mixed_subtract,float,compact,2,417,0.149,0.149999999999999,562820f81b1e6756059905d249b0e791c9497c3738cb3dfcc54116eb0e12b3bb,6506614505e113daab08b3f894ca46d4d61867c7b007c413b47a669abe8aae67,0,float,417,TRUE,TRUE,FALSE,FALSE,TRUE,TRUE,FALSE,FALSE,8937acbbe87ff127e6567f97e52c6a17dbe3ea7052a39a3b76abe25c8e7eeb13,31d3575e77d9d04b75880bca9e10dbd0e13e61d21795052921dd3f702d909dd7
candidate,1,4,1000000,int,FALSE,mixed_subtract,float,typed_double,3,481,0.151,0.151,562820f81b1e6756059905d249b0e791c9497c3738cb3dfcc54116eb0e12b3bb,6506614505e113daab08b3f894ca46d4d61867c7b007c413b47a669abe8aae67,0,double,481,FALSE,FALSE,FALSE,FALSE,FALSE,FALSE,FALSE,FALSE,8937acbbe87ff127e6567f97e52c6a17dbe3ea7052a39a3b76abe25c8e7eeb13,31d3575e77d9d04b75880bca9e10dbd0e13e61d21795052921dd3f702d909dd7
candidate,1,5,1000000,int,FALSE,mixed_divide,float,compact,1,257,0.151,0.152,6def527056a38d8935fa3283707f7647981cba07bc778f537219dc0819f5a317,e051abed22e2093d2b8ea7b2cfe0c0975a4a6ff84dc00b30fcbf1df31abbb480,999,float,257,TRUE,TRUE,FALSE,FALSE,TRUE,TRUE,FALSE,FALSE,8937acbbe87ff127e6567f97e52c6a17dbe3ea7052a39a3b76abe25c8e7eeb13,31d3575e77d9d04b75880bca9e10dbd0e13e61d21795052921dd3f702d909dd7
candidate,1,5,1000000,int,FALSE,mixed_divide,float,typed_double,2,481,0.151000000000001,0.151,ae7640ea952a6b99ff93c8fb8ca899b28cca71ffc2d089cf8759a799a7092922,e051abed22e2093d2b8ea7b2cfe0c0975a4a6ff84dc00b30fcbf1df31abbb480,999,double,481,FALSE,FALSE,FALSE,FALSE,FALSE,FALSE,FALSE,FALSE,8937acbbe87ff127e6567f97e52c6a17dbe3ea7052a39a3b76abe25c8e7eeb13,31d3575e77d9d04b75880bca9e10dbd0e13e61d21795052921dd3f702d909dd7
candidate,1,5,1000000,int,FALSE,mixed_divide,float,ordinary,3,586,0.167,0.167,207f8b8d33a03b1bad310e4aa209e0380ad57e46bce136443d8943534bb38984,6506614505e113daab08b3f894ca46d4d61867c7b007c413b47a669abe8aae67,0,,0,FALSE,FALSE,FALSE,FALSE,FALSE,FALSE,FALSE,FALSE,8937acbbe87ff127e6567f97e52c6a17dbe3ea7052a39a3b76abe25c8e7eeb13,31d3575e77d9d04b75880bca9e10dbd0e13e61d21795052921dd3f702d909dd7
candidate,1,6,1000000,int,TRUE,scale_binary,double,typed_double,1,569,0.153,0.154,406aa86104df9ebd1e49e25bbc9266cbc0cc152fd09e7d28efa1e3b9f07c7f98,256764253c19afe4b22c7738fb2f83098a03d4dbde3db39ee8c24b205a95942a,1003,double,569,FALSE,FALSE,FALSE,FALSE,FALSE,FALSE,FALSE,FALSE,5af7169f9d20a77a6f06236647a66be1493d6e155163c245a466bda43242d0e7,6a2baa27cd05157233063b825243be4bdf1a2dbc88db2a6cdfd0b2527b28716b
candidate,1,6,1000000,int,TRUE,scale_binary,double,ordinary,2,626,0.166,0.167,b10ddc1e7177ef92cdb14943c3981218bcd426a31f9c7d156ed4dbd4ea86c948,256764253c19afe4b22c7738fb2f83098a03d4dbde3db39ee8c24b205a95942a,1003,,0,FALSE,FALSE,FALSE,FALSE,FALSE,FALSE,FALSE,FALSE,5af7169f9d20a77a6f06236647a66be1493d6e155163c245a466bda43242d0e7,6a2baa27cd05157233063b825243be4bdf1a2dbc88db2a6cdfd0b2527b28716b
candidate,1,6,1000000,int,TRUE,scale_binary,double,compact,3,552,0.134000000000001,0.133999999999999,406aa86104df9ebd1e49e25bbc9266cbc0cc152fd09e7d28efa1e3b9f07c7f98,256764253c19afe4b22c7738fb2f83098a03d4dbde3db39ee8c24b205a95942a,1003,int,552,TRUE,TRUE,FALSE,FALSE,FALSE,FALSE,FALSE,FALSE,5af7169f9d20a77a6f06236647a66be1493d6e155163c245a466bda43242d0e7,6a2baa27cd05157233063b825243be4bdf1a2dbc88db2a6cdfd0b2527b28716b
candidate,1,7,1000000,int,TRUE,mixed_add,float,ordinary,1,605,0.169,0.168999999999999,ea5ac2e3896755c3d5082b83561d8673bb4f0147a7690b804a8d74cecbeda4c1,d842a810a046337b5363ff7dafdaa01aa4553912ce2afa4ee95c617158d8e0e7,2011,,0,FALSE,FALSE,FALSE,FALSE,FALSE,FALSE,FALSE,FALSE,5af7169f9d20a77a6f06236647a66be1493d6e155163c245a466bda43242d0e7,6a2baa27cd05157233063b825243be4bdf1a2dbc88db2a6cdfd0b2527b28716b
candidate,1,7,1000000,int,TRUE,mixed_add,float,compact,2,324,0.151,0.151999999999999,087fb12a32e314d333c4287225113c3c6e3a135a9c18c162b3b5753b80f4350c,d842a810a046337b5363ff7dafdaa01aa4553912ce2afa4ee95c617158d8e0e7,2011,float,324,TRUE,TRUE,FALSE,FALSE,TRUE,TRUE,FALSE,FALSE,5af7169f9d20a77a6f06236647a66be1493d6e155163c245a466bda43242d0e7,6a2baa27cd05157233063b825243be4bdf1a2dbc88db2a6cdfd0b2527b28716b
candidate,1,7,1000000,int,TRUE,mixed_add,float,typed_double,3,494,0.17,0.170000000000002,087fb12a32e314d333c4287225113c3c6e3a135a9c18c162b3b5753b80f4350c,d842a810a046337b5363ff7dafdaa01aa4553912ce2afa4ee95c617158d8e0e7,2011,double,494,FALSE,FALSE,FALSE,FALSE,FALSE,FALSE,FALSE,FALSE,5af7169f9d20a77a6f06236647a66be1493d6e155163c245a466bda43242d0e7,6a2baa27cd05157233063b825243be4bdf1a2dbc88db2a6cdfd0b2527b28716b
candidate,1,8,1000000,int,TRUE,mixed_multiply,float,compact,1,318,0.149000000000001,0.148,567cb444c88381ecb7601b5374668c9d2a719ee733326a0fd33b4e0cf98f607d,d842a810a046337b5363ff7dafdaa01aa4553912ce2afa4ee95c617158d8e0e7,2011,float,318,TRUE,TRUE,FALSE,FALSE,TRUE,TRUE,FALSE,FALSE,5af7169f9d20a77a6f06236647a66be1493d6e155163c245a466bda43242d0e7,6a2baa27cd05157233063b825243be4bdf1a2dbc88db2a6cdfd0b2527b28716b
candidate,1,8,1000000,int,TRUE,mixed_multiply,float,typed_double,2,494,0.166,0.167000000000002,567cb444c88381ecb7601b5374668c9d2a719ee733326a0fd33b4e0cf98f607d,d842a810a046337b5363ff7dafdaa01aa4553912ce2afa4ee95c617158d8e0e7,2011,double,494,FALSE,FALSE,FALSE,FALSE,FALSE,FALSE,FALSE,FALSE,5af7169f9d20a77a6f06236647a66be1493d6e155163c245a466bda43242d0e7,6a2baa27cd05157233063b825243be4bdf1a2dbc88db2a6cdfd0b2527b28716b
candidate,1,8,1000000,int,TRUE,mixed_multiply,float,ordinary,3,586,0.165000000000001,0.164999999999999,4e15a12f73c542a9193d69c8d13f89eb8b7adf975c41c2fdf2ef19e40aa99344,d842a810a046337b5363ff7dafdaa01aa4553912ce2afa4ee95c617158d8e0e7,2011,,0,FALSE,FALSE,FALSE,FALSE,FALSE,FALSE,FALSE,FALSE,5af7169f9d20a77a6f06236647a66be1493d6e155163c245a466bda43242d0e7,6a2baa27cd05157233063b825243be4bdf1a2dbc88db2a6cdfd0b2527b28716b
candidate,1,9,1000000,int,TRUE,mixed_subtract,float,typed_double,1,494,0.152000000000001,0.153,d888f35894142efc1f39ddcef1aefba1a7fd30f7ed69c00c2d2dda247f8581f5,d842a810a046337b5363ff7dafdaa01aa4553912ce2afa4ee95c617158d8e0e7,2011,double,494,FALSE,FALSE,FALSE,FALSE,FALSE,FALSE,FALSE,FALSE,5af7169f9d20a77a6f06236647a66be1493d6e155163c245a466bda43242d0e7,6a2baa27cd05157233063b825243be4bdf1a2dbc88db2a6cdfd0b2527b28716b
candidate,1,9,1000000,int,TRUE,mixed_subtract,float,ordinary,2,626,0.175000000000001,0.175000000000001,8679b1c92f66dcdd3080bd3788626bcd97f5333387bc5b48a1365f669c13dd17,d842a810a046337b5363ff7dafdaa01aa4553912ce2afa4ee95c617158d8e0e7,2011,,0,FALSE,FALSE,FALSE,FALSE,FALSE,FALSE,FALSE,FALSE,5af7169f9d20a77a6f06236647a66be1493d6e155163c245a466bda43242d0e7,6a2baa27cd05157233063b825243be4bdf1a2dbc88db2a6cdfd0b2527b28716b
candidate,1,9,1000000,int,TRUE,mixed_subtract,float,compact,3,318,0.149000000000001,0.15,d888f35894142efc1f39ddcef1aefba1a7fd30f7ed69c00c2d2dda247f8581f5,d842a810a046337b5363ff7dafdaa01aa4553912ce2afa4ee95c617158d8e0e7,2011,float,318,TRUE,TRUE,FALSE,FALSE,TRUE,TRUE,FALSE,FALSE,5af7169f9d20a77a6f06236647a66be1493d6e155163c245a466bda43242d0e7,6a2baa27cd05157233063b825243be4bdf1a2dbc88db2a6cdfd0b2527b28716b
candidate,1,10,1000000,int,TRUE,mixed_divide,float,ordinary,1,605,0.155000000000001,0.156000000000001,406400422a4665eaaf4bff6e7465afe5c7d02f62dcaf8521b892a348eb502759,d842a810a046337b5363ff7dafdaa01aa4553912ce2afa4ee95c617158d8e0e7,2011,,0,FALSE,FALSE,FALSE,FALSE,FALSE,FALSE,FALSE,FALSE,5af7169f9d20a77a6f06236647a66be1493d6e155163c245a466bda43242d0e7,6a2baa27cd05157233063b825243be4bdf1a2dbc88db2a6cdfd0b2527b28716b
candidate,1,10,1000000,int,TRUE,mixed_divide,float,compact,2,204,0.149999999999999,0.150000000000002,ed5782b8feabbf0a281d1fa7c54c3046ca6c6b6db4b3a5d51d26e2fbb01b5dbe,8363fa752350497662a4ce583648a56f69556d78062759212ea88bafefafff41,3008,float,204,TRUE,TRUE,FALSE,FALSE,TRUE,TRUE,FALSE,FALSE,5af7169f9d20a77a6f06236647a66be1493d6e155163c245a466bda43242d0e7,6a2baa27cd05157233063b825243be4bdf1a2dbc88db2a6cdfd0b2527b28716b
candidate,1,10,1000000,int,TRUE,mixed_divide,float,typed_double,3,354,0.110000000000002,0.110000000000003,d9bdbdefafca1f8db32237efaff37c9feb9805d4bb814645e065f847f409fb4d,8363fa752350497662a4ce583648a56f69556d78062759212ea88bafefafff41,3008,double,354,FALSE,FALSE,FALSE,FALSE,FALSE,FALSE,FALSE,FALSE,5af7169f9d20a77a6f06236647a66be1493d6e155163c245a466bda43242d0e7,6a2baa27cd05157233063b825243be4bdf1a2dbc88db2a6cdfd0b2527b28716b
candidate,1,11,1000000,float,FALSE,scale_binary,double,compact,1,458,0.150999999999999,0.149999999999999,5e4cb543f32269b2c2218b394ad1c41d44f6b32b3f8be7d200655b3b7d11f177,6506614505e113daab08b3f894ca46d4d61867c7b007c413b47a669abe8aae67,0,float,458,TRUE,TRUE,FALSE,FALSE,FALSE,FALSE,FALSE,FALSE,7f1c1a27229f7a699fa85ff90b5be1266497c462407b39b11f6d94015af8e8ad,31d3575e77d9d04b75880bca9e10dbd0e13e61d21795052921dd3f702d909dd7
candidate,1,11,1000000,float,FALSE,scale_binary,double,typed_double,2,569,0.151,0.152000000000001,5e4cb543f32269b2c2218b394ad1c41d44f6b32b3f8be7d200655b3b7d11f177,6506614505e113daab08b3f894ca46d4d61867c7b007c413b47a669abe8aae67,0,double,569,FALSE,FALSE,FALSE,FALSE,FALSE,FALSE,FALSE,FALSE,7f1c1a27229f7a699fa85ff90b5be1266497c462407b39b11f6d94015af8e8ad,31d3575e77d9d04b75880bca9e10dbd0e13e61d21795052921dd3f702d909dd7
candidate,1,11,1000000,float,FALSE,scale_binary,double,ordinary,3,647,0.169999999999998,0.170999999999999,5e4cb543f32269b2c2218b394ad1c41d44f6b32b3f8be7d200655b3b7d11f177,6506614505e113daab08b3f894ca46d4d61867c7b007c413b47a669abe8aae67,0,,0,FALSE,FALSE,FALSE,FALSE,FALSE,FALSE,FALSE,FALSE,7f1c1a27229f7a699fa85ff90b5be1266497c462407b39b11f6d94015af8e8ad,31d3575e77d9d04b75880bca9e10dbd0e13e61d21795052921dd3f702d909dd7
candidate,1,12,1000000,float,FALSE,scale_general,double,typed_double,1,569,0.152000000000001,0.152999999999999,f26b519d09797e4f4941392e4b52f307c71832f0aaad54da617e9078fe055e1c,6506614505e113daab08b3f894ca46d4d61867c7b007c413b47a669abe8aae67,0,double,569,FALSE,FALSE,FALSE,FALSE,FALSE,FALSE,FALSE,FALSE,7f1c1a27229f7a699fa85ff90b5be1266497c462407b39b11f6d94015af8e8ad,31d3575e77d9d04b75880bca9e10dbd0e13e61d21795052921dd3f702d909dd7
candidate,1,12,1000000,float,FALSE,scale_general,double,ordinary,2,626,0.165999999999997,0.166,f26b519d09797e4f4941392e4b52f307c71832f0aaad54da617e9078fe055e1c,6506614505e113daab08b3f894ca46d4d61867c7b007c413b47a669abe8aae67,0,,0,FALSE,FALSE,FALSE,FALSE,FALSE,FALSE,FALSE,FALSE,7f1c1a27229f7a699fa85ff90b5be1266497c462407b39b11f6d94015af8e8ad,31d3575e77d9d04b75880bca9e10dbd0e13e61d21795052921dd3f702d909dd7
candidate,1,12,1000000,float,FALSE,scale_general,double,compact,3,361,0.148999999999997,0.149999999999999,72cc5cf98cf5a5166668db2e8420adb3bc862ec1b003fbdd7aeb0a9746f22870,6506614505e113daab08b3f894ca46d4d61867c7b007c413b47a669abe8aae67,0,float,361,TRUE,TRUE,FALSE,FALSE,FALSE,FALSE,FALSE,FALSE,7f1c1a27229f7a699fa85ff90b5be1266497c462407b39b11f6d94015af8e8ad,31d3575e77d9d04b75880bca9e10dbd0e13e61d21795052921dd3f702d909dd7
candidate,1,13,1000000,float,FALSE,float_multiply,float,ordinary,1,586,0.165999999999999,0.165000000000003,0bba0ca591c120cf82ec7fba05e23d81983f377b8aa3fa66f476e26d1dada746,6506614505e113daab08b3f894ca46d4d61867c7b007c413b47a669abe8aae67,0,,0,FALSE,FALSE,FALSE,FALSE,FALSE,FALSE,FALSE,FALSE,7f1c1a27229f7a699fa85ff90b5be1266497c462407b39b11f6d94015af8e8ad,31d3575e77d9d04b75880bca9e10dbd0e13e61d21795052921dd3f702d909dd7
candidate,1,13,1000000,float,FALSE,float_multiply,float,compact,2,552,0.151000000000003,0.152000000000001,0bba0ca591c120cf82ec7fba05e23d81983f377b8aa3fa66f476e26d1dada746,6506614505e113daab08b3f894ca46d4d61867c7b007c413b47a669abe8aae67,0,float,552,TRUE,TRUE,FALSE,FALSE,TRUE,TRUE,FALSE,FALSE,7f1c1a27229f7a699fa85ff90b5be1266497c462407b39b11f6d94015af8e8ad,31d3575e77d9d04b75880bca9e10dbd0e13e61d21795052921dd3f702d909dd7
candidate,1,13,1000000,float,FALSE,float_multiply,float,typed_double,3,481,0.167000000000002,0.168000000000003,0bba0ca591c120cf82ec7fba05e23d81983f377b8aa3fa66f476e26d1dada746,6506614505e113daab08b3f894ca46d4d61867c7b007c413b47a669abe8aae67,0,double,481,FALSE,FALSE,FALSE,FALSE,FALSE,FALSE,FALSE,FALSE,7f1c1a27229f7a699fa85ff90b5be1266497c462407b39b11f6d94015af8e8ad,31d3575e77d9d04b75880bca9e10dbd0e13e61d21795052921dd3f702d909dd7
candidate,1,14,1000000,float,TRUE,scale_binary,double,compact,1,458,0.149000000000001,0.149000000000001,c2d92a8e75010c0ddb80329b9ca6cc4898ca1d4543392f8c8382c3fbfeeb5b4b,256764253c19afe4b22c7738fb2f83098a03d4dbde3db39ee8c24b205a95942a,1003,float,458,TRUE,TRUE,FALSE,FALSE,FALSE,FALSE,FALSE,FALSE,ee8f1f1d17d164fc3d811ad86cc889d11c328f41d3cd55762069bc2161e48c9f,6a2baa27cd05157233063b825243be4bdf1a2dbc88db2a6cdfd0b2527b28716b
candidate,1,14,1000000,float,TRUE,scale_binary,double,typed_double,2,569,0.170000000000002,0.169999999999998,c2d92a8e75010c0ddb80329b9ca6cc4898ca1d4543392f8c8382c3fbfeeb5b4b,256764253c19afe4b22c7738fb2f83098a03d4dbde3db39ee8c24b205a95942a,1003,double,569,FALSE,FALSE,FALSE,FALSE,FALSE,FALSE,FALSE,FALSE,ee8f1f1d17d164fc3d811ad86cc889d11c328f41d3cd55762069bc2161e48c9f,6a2baa27cd05157233063b825243be4bdf1a2dbc88db2a6cdfd0b2527b28716b
candidate,1,14,1000000,float,TRUE,scale_binary,double,ordinary,3,626,0.151999999999997,0.151999999999997,21fac45dcda0cbc0ba9e1f553d3be3fedd245b921d5e2e4497a8d64f1e038117,256764253c19afe4b22c7738fb2f83098a03d4dbde3db39ee8c24b205a95942a,1003,,0,FALSE,FALSE,FALSE,FALSE,FALSE,FALSE,FALSE,FALSE,ee8f1f1d17d164fc3d811ad86cc889d11c328f41d3cd55762069bc2161e48c9f,6a2baa27cd05157233063b825243be4bdf1a2dbc88db2a6cdfd0b2527b28716b
candidate,1,15,1000000,float,TRUE,scale_general,double,typed_double,1,383,0.102999999999998,0.103000000000002,ea87b3dd63bfda18195aef508608398181a11f876a570f6017c0c100c3497f49,256764253c19afe4b22c7738fb2f83098a03d4dbde3db39ee8c24b205a95942a,1003,double,383,FALSE,FALSE,FALSE,FALSE,FALSE,FALSE,FALSE,FALSE,ee8f1f1d17d164fc3d811ad86cc889d11c328f41d3cd55762069bc2161e48c9f,6a2baa27cd05157233063b825243be4bdf1a2dbc88db2a6cdfd0b2527b28716b
candidate,1,15,1000000,float,TRUE,scale_general,double,ordinary,2,647,0.157,0.158000000000001,8100d028390097d4a98b44ea0ff4cb617c6204331b80e5c7870832582030541c,256764253c19afe4b22c7738fb2f83098a03d4dbde3db39ee8c24b205a95942a,1003,,0,FALSE,FALSE,FALSE,FALSE,FALSE,FALSE,FALSE,FALSE,ee8f1f1d17d164fc3d811ad86cc889d11c328f41d3cd55762069bc2161e48c9f,6a2baa27cd05157233063b825243be4bdf1a2dbc88db2a6cdfd0b2527b28716b
candidate,1,15,1000000,float,TRUE,scale_general,double,compact,3,276,0.150000000000002,0.149999999999999,c58bc992720c328eca610e60f8c3f93d7d61df77946cf51b8626b0d8b78368ef,256764253c19afe4b22c7738fb2f83098a03d4dbde3db39ee8c24b205a95942a,1003,float,276,TRUE,TRUE,FALSE,FALSE,FALSE,FALSE,FALSE,FALSE,ee8f1f1d17d164fc3d811ad86cc889d11c328f41d3cd55762069bc2161e48c9f,6a2baa27cd05157233063b825243be4bdf1a2dbc88db2a6cdfd0b2527b28716b
candidate,1,16,1000000,float,TRUE,float_multiply,float,ordinary,1,605,0.151,0.152000000000001,96b0fd82fdfc837964eddbc19baef0073045dc1bea1ecc4b106e12605eb53860,d842a810a046337b5363ff7dafdaa01aa4553912ce2afa4ee95c617158d8e0e7,2011,,0,FALSE,FALSE,FALSE,FALSE,FALSE,FALSE,FALSE,FALSE,ee8f1f1d17d164fc3d811ad86cc889d11c328f41d3cd55762069bc2161e48c9f,6a2baa27cd05157233063b825243be4bdf1a2dbc88db2a6cdfd0b2527b28716b
candidate,1,16,1000000,float,TRUE,float_multiply,float,compact,2,329,0.151,0.152000000000001,8290dd7500cd078b2bd5437bf8fe0afa95dd1f1bab5eff045202e84b7d93eed9,d842a810a046337b5363ff7dafdaa01aa4553912ce2afa4ee95c617158d8e0e7,2011,float,329,TRUE,TRUE,FALSE,FALSE,TRUE,TRUE,FALSE,FALSE,ee8f1f1d17d164fc3d811ad86cc889d11c328f41d3cd55762069bc2161e48c9f,6a2baa27cd05157233063b825243be4bdf1a2dbc88db2a6cdfd0b2527b28716b
candidate,1,16,1000000,float,TRUE,float_multiply,float,typed_double,3,348,0.106999999999999,0.106999999999999,8290dd7500cd078b2bd5437bf8fe0afa95dd1f1bab5eff045202e84b7d93eed9,d842a810a046337b5363ff7dafdaa01aa4553912ce2afa4ee95c617158d8e0e7,2011,double,348,FALSE,FALSE,FALSE,FALSE,FALSE,FALSE,FALSE,FALSE,ee8f1f1d17d164fc3d811ad86cc889d11c328f41d3cd55762069bc2161e48c9f,6a2baa27cd05157233063b825243be4bdf1a2dbc88db2a6cdfd0b2527b28716b
candidate,1,17,1000000,long,FALSE,long_float_add,float,compact,1,399,0.167,0.166,5865d7f437b5487c8061f7274c6507b7ec0fc76362cd655e9259ebb78a28f057,6506614505e113daab08b3f894ca46d4d61867c7b007c413b47a669abe8aae67,0,double,399,TRUE,TRUE,FALSE,FALSE,TRUE,TRUE,FALSE,FALSE,8937acbbe87ff127e6567f97e52c6a17dbe3ea7052a39a3b76abe25c8e7eeb13,31d3575e77d9d04b75880bca9e10dbd0e13e61d21795052921dd3f702d909dd7
candidate,1,17,1000000,long,FALSE,long_float_add,float,typed_double,2,481,0.149000000000001,0.149999999999999,5865d7f437b5487c8061f7274c6507b7ec0fc76362cd655e9259ebb78a28f057,6506614505e113daab08b3f894ca46d4d61867c7b007c413b47a669abe8aae67,0,double,481,FALSE,FALSE,FALSE,FALSE,FALSE,FALSE,FALSE,FALSE,8937acbbe87ff127e6567f97e52c6a17dbe3ea7052a39a3b76abe25c8e7eeb13,31d3575e77d9d04b75880bca9e10dbd0e13e61d21795052921dd3f702d909dd7
candidate,1,17,1000000,long,FALSE,long_float_add,float,ordinary,3,605,0.167999999999999,0.169,5865d7f437b5487c8061f7274c6507b7ec0fc76362cd655e9259ebb78a28f057,6506614505e113daab08b3f894ca46d4d61867c7b007c413b47a669abe8aae67,0,,0,FALSE,FALSE,FALSE,FALSE,FALSE,FALSE,FALSE,FALSE,8937acbbe87ff127e6567f97e52c6a17dbe3ea7052a39a3b76abe25c8e7eeb13,31d3575e77d9d04b75880bca9e10dbd0e13e61d21795052921dd3f702d909dd7
candidate,1,18,1000000,long,TRUE,long_float_add,float,typed_double,1,494,0.153000000000002,0.152999999999999,087fb12a32e314d333c4287225113c3c6e3a135a9c18c162b3b5753b80f4350c,d842a810a046337b5363ff7dafdaa01aa4553912ce2afa4ee95c617158d8e0e7,2011,double,494,FALSE,FALSE,FALSE,FALSE,FALSE,FALSE,FALSE,FALSE,5af7169f9d20a77a6f06236647a66be1493d6e155163c245a466bda43242d0e7,6a2baa27cd05157233063b825243be4bdf1a2dbc88db2a6cdfd0b2527b28716b
candidate,1,18,1000000,long,TRUE,long_float_add,float,ordinary,2,417,0.104999999999997,0.105,ea5ac2e3896755c3d5082b83561d8673bb4f0147a7690b804a8d74cecbeda4c1,d842a810a046337b5363ff7dafdaa01aa4553912ce2afa4ee95c617158d8e0e7,2011,,0,FALSE,FALSE,FALSE,FALSE,FALSE,FALSE,FALSE,FALSE,5af7169f9d20a77a6f06236647a66be1493d6e155163c245a466bda43242d0e7,6a2baa27cd05157233063b825243be4bdf1a2dbc88db2a6cdfd0b2527b28716b
candidate,1,18,1000000,long,TRUE,long_float_add,float,compact,3,285,0.152000000000003,0.151,087fb12a32e314d333c4287225113c3c6e3a135a9c18c162b3b5753b80f4350c,d842a810a046337b5363ff7dafdaa01aa4553912ce2afa4ee95c617158d8e0e7,2011,double,285,TRUE,TRUE,FALSE,FALSE,TRUE,TRUE,FALSE,FALSE,5af7169f9d20a77a6f06236647a66be1493d6e155163c245a466bda43242d0e7,6a2baa27cd05157233063b825243be4bdf1a2dbc88db2a6cdfd0b2527b28716b
candidate,2,1,1000000,int,FALSE,scale_binary,double,ordinary,1,391,0.134,0.132,43cbc5fa02580f73a834cffb43a5ba0a0f4d7303cec536a2e3c58f1f469eb824,6506614505e113daab08b3f894ca46d4d61867c7b007c413b47a669abe8aae67,0,,0,FALSE,FALSE,FALSE,FALSE,FALSE,FALSE,FALSE,FALSE,8937acbbe87ff127e6567f97e52c6a17dbe3ea7052a39a3b76abe25c8e7eeb13,31d3575e77d9d04b75880bca9e10dbd0e13e61d21795052921dd3f702d909dd7
candidate,2,1,1000000,int,FALSE,scale_binary,double,typed_double,2,536,0.163,0.164,43cbc5fa02580f73a834cffb43a5ba0a0f4d7303cec536a2e3c58f1f469eb824,6506614505e113daab08b3f894ca46d4d61867c7b007c413b47a669abe8aae67,0,double,536,FALSE,FALSE,FALSE,FALSE,FALSE,FALSE,FALSE,FALSE,8937acbbe87ff127e6567f97e52c6a17dbe3ea7052a39a3b76abe25c8e7eeb13,31d3575e77d9d04b75880bca9e10dbd0e13e61d21795052921dd3f702d909dd7
candidate,2,1,1000000,int,FALSE,scale_binary,double,compact,3,569,0.137,0.137,43cbc5fa02580f73a834cffb43a5ba0a0f4d7303cec536a2e3c58f1f469eb824,6506614505e113daab08b3f894ca46d4d61867c7b007c413b47a669abe8aae67,0,int,569,TRUE,TRUE,FALSE,FALSE,FALSE,FALSE,FALSE,FALSE,8937acbbe87ff127e6567f97e52c6a17dbe3ea7052a39a3b76abe25c8e7eeb13,31d3575e77d9d04b75880bca9e10dbd0e13e61d21795052921dd3f702d909dd7
candidate,2,2,1000000,int,FALSE,mixed_add,float,compact,1,408,0.147,0.146,5865d7f437b5487c8061f7274c6507b7ec0fc76362cd655e9259ebb78a28f057,6506614505e113daab08b3f894ca46d4d61867c7b007c413b47a669abe8aae67,0,float,408,TRUE,TRUE,FALSE,FALSE,TRUE,TRUE,FALSE,FALSE,8937acbbe87ff127e6567f97e52c6a17dbe3ea7052a39a3b76abe25c8e7eeb13,31d3575e77d9d04b75880bca9e10dbd0e13e61d21795052921dd3f702d909dd7
candidate,2,2,1000000,int,FALSE,mixed_add,float,ordinary,2,383,0.101,0.101,5865d7f437b5487c8061f7274c6507b7ec0fc76362cd655e9259ebb78a28f057,6506614505e113daab08b3f894ca46d4d61867c7b007c413b47a669abe8aae67,0,,0,FALSE,FALSE,FALSE,FALSE,FALSE,FALSE,FALSE,FALSE,8937acbbe87ff127e6567f97e52c6a17dbe3ea7052a39a3b76abe25c8e7eeb13,31d3575e77d9d04b75880bca9e10dbd0e13e61d21795052921dd3f702d909dd7
candidate,2,2,1000000,int,FALSE,mixed_add,float,typed_double,3,458,0.164,0.165,5865d7f437b5487c8061f7274c6507b7ec0fc76362cd655e9259ebb78a28f057,6506614505e113daab08b3f894ca46d4d61867c7b007c413b47a669abe8aae67,0,double,458,FALSE,FALSE,FALSE,FALSE,FALSE,FALSE,FALSE,FALSE,8937acbbe87ff127e6567f97e52c6a17dbe3ea7052a39a3b76abe25c8e7eeb13,31d3575e77d9d04b75880bca9e10dbd0e13e61d21795052921dd3f702d909dd7
candidate,2,3,1000000,int,FALSE,mixed_multiply,float,typed_double,1,329,0.106,0.106,74e198320fcef535d96d5240bf6315c7f048f937cff6728206c4dc3e49c71557,6506614505e113daab08b3f894ca46d4d61867c7b007c413b47a669abe8aae67,0,double,329,FALSE,FALSE,FALSE,FALSE,FALSE,FALSE,FALSE,FALSE,8937acbbe87ff127e6567f97e52c6a17dbe3ea7052a39a3b76abe25c8e7eeb13,31d3575e77d9d04b75880bca9e10dbd0e13e61d21795052921dd3f702d909dd7
candidate,2,3,1000000,int,FALSE,mixed_multiply,float,compact,2,417,0.151,0.149999999999999,74e198320fcef535d96d5240bf6315c7f048f937cff6728206c4dc3e49c71557,6506614505e113daab08b3f894ca46d4d61867c7b007c413b47a669abe8aae67,0,float,417,TRUE,TRUE,FALSE,FALSE,TRUE,TRUE,FALSE,FALSE,8937acbbe87ff127e6567f97e52c6a17dbe3ea7052a39a3b76abe25c8e7eeb13,31d3575e77d9d04b75880bca9e10dbd0e13e61d21795052921dd3f702d909dd7
candidate,2,3,1000000,int,FALSE,mixed_multiply,float,ordinary,3,586,0.168,0.168,74e198320fcef535d96d5240bf6315c7f048f937cff6728206c4dc3e49c71557,6506614505e113daab08b3f894ca46d4d61867c7b007c413b47a669abe8aae67,0,,0,FALSE,FALSE,FALSE,FALSE,FALSE,FALSE,FALSE,FALSE,8937acbbe87ff127e6567f97e52c6a17dbe3ea7052a39a3b76abe25c8e7eeb13,31d3575e77d9d04b75880bca9e10dbd0e13e61d21795052921dd3f702d909dd7
candidate,2,4,1000000,int,FALSE,mixed_subtract,float,ordinary,1,586,0.167,0.167,562820f81b1e6756059905d249b0e791c9497c3738cb3dfcc54116eb0e12b3bb,6506614505e113daab08b3f894ca46d4d61867c7b007c413b47a669abe8aae67,0,,0,FALSE,FALSE,FALSE,FALSE,FALSE,FALSE,FALSE,FALSE,8937acbbe87ff127e6567f97e52c6a17dbe3ea7052a39a3b76abe25c8e7eeb13,31d3575e77d9d04b75880bca9e10dbd0e13e61d21795052921dd3f702d909dd7
candidate,2,4,1000000,int,FALSE,mixed_subtract,float,typed_double,2,458,0.166,0.166,562820f81b1e6756059905d249b0e791c9497c3738cb3dfcc54116eb0e12b3bb,6506614505e113daab08b3f894ca46d4d61867c7b007c413b47a669abe8aae67,0,double,458,FALSE,FALSE,FALSE,FALSE,FALSE,FALSE,FALSE,FALSE,8937acbbe87ff127e6567f97e52c6a17dbe3ea7052a39a3b76abe25c8e7eeb13,31d3575e77d9d04b75880bca9e10dbd0e13e61d21795052921dd3f702d909dd7
candidate,2,4,1000000,int,FALSE,mixed_subtract,float,compact,3,417,0.15,0.15,562820f81b1e6756059905d249b0e791c9497c3738cb3dfcc54116eb0e12b3bb,6506614505e113daab08b3f894ca46d4d61867c7b007c413b47a669abe8aae67,0,float,417,TRUE,TRUE,FALSE,FALSE,TRUE,TRUE,FALSE,FALSE,8937acbbe87ff127e6567f97e52c6a17dbe3ea7052a39a3b76abe25c8e7eeb13,31d3575e77d9d04b75880bca9e10dbd0e13e61d21795052921dd3f702d909dd7
candidate,2,5,1000000,int,FALSE,mixed_divide,float,compact,1,254,0.15,0.15,6def527056a38d8935fa3283707f7647981cba07bc778f537219dc0819f5a317,e051abed22e2093d2b8ea7b2cfe0c0975a4a6ff84dc00b30fcbf1df31abbb480,999,float,254,TRUE,TRUE,FALSE,FALSE,TRUE,TRUE,FALSE,FALSE,8937acbbe87ff127e6567f97e52c6a17dbe3ea7052a39a3b76abe25c8e7eeb13,31d3575e77d9d04b75880bca9e10dbd0e13e61d21795052921dd3f702d909dd7
candidate,2,5,1000000,int,FALSE,mixed_divide,float,ordinary,2,569,0.165,0.165,207f8b8d33a03b1bad310e4aa209e0380ad57e46bce136443d8943534bb38984,6506614505e113daab08b3f894ca46d4d61867c7b007c413b47a669abe8aae67,0,,0,FALSE,FALSE,FALSE,FALSE,FALSE,FALSE,FALSE,FALSE,8937acbbe87ff127e6567f97e52c6a17dbe3ea7052a39a3b76abe25c8e7eeb13,31d3575e77d9d04b75880bca9e10dbd0e13e61d21795052921dd3f702d909dd7
candidate,2,5,1000000,int,FALSE,mixed_divide,float,typed_double,3,458,0.165000000000001,0.164000000000001,ae7640ea952a6b99ff93c8fb8ca899b28cca71ffc2d089cf8759a799a7092922,e051abed22e2093d2b8ea7b2cfe0c0975a4a6ff84dc00b30fcbf1df31abbb480,999,double,458,FALSE,FALSE,FALSE,FALSE,FALSE,FALSE,FALSE,FALSE,8937acbbe87ff127e6567f97e52c6a17dbe3ea7052a39a3b76abe25c8e7eeb13,31d3575e77d9d04b75880bca9e10dbd0e13e61d21795052921dd3f702d909dd7
candidate,2,6,1000000,int,TRUE,scale_binary,double,typed_double,1,552,0.167,0.167,406aa86104df9ebd1e49e25bbc9266cbc0cc152fd09e7d28efa1e3b9f07c7f98,256764253c19afe4b22c7738fb2f83098a03d4dbde3db39ee8c24b205a95942a,1003,double,552,FALSE,FALSE,FALSE,FALSE,FALSE,FALSE,FALSE,FALSE,5af7169f9d20a77a6f06236647a66be1493d6e155163c245a466bda43242d0e7,6a2baa27cd05157233063b825243be4bdf1a2dbc88db2a6cdfd0b2527b28716b
candidate,2,6,1000000,int,TRUE,scale_binary,double,compact,2,569,0.136999999999999,0.136000000000001,406aa86104df9ebd1e49e25bbc9266cbc0cc152fd09e7d28efa1e3b9f07c7f98,256764253c19afe4b22c7738fb2f83098a03d4dbde3db39ee8c24b205a95942a,1003,int,569,TRUE,TRUE,FALSE,FALSE,FALSE,FALSE,FALSE,FALSE,5af7169f9d20a77a6f06236647a66be1493d6e155163c245a466bda43242d0e7,6a2baa27cd05157233063b825243be4bdf1a2dbc88db2a6cdfd0b2527b28716b
candidate,2,6,1000000,int,TRUE,scale_binary,double,ordinary,3,605,0.164,0.163,b10ddc1e7177ef92cdb14943c3981218bcd426a31f9c7d156ed4dbd4ea86c948,256764253c19afe4b22c7738fb2f83098a03d4dbde3db39ee8c24b205a95942a,1003,,0,FALSE,FALSE,FALSE,FALSE,FALSE,FALSE,FALSE,FALSE,5af7169f9d20a77a6f06236647a66be1493d6e155163c245a466bda43242d0e7,6a2baa27cd05157233063b825243be4bdf1a2dbc88db2a6cdfd0b2527b28716b
candidate,2,7,1000000,int,TRUE,mixed_add,float,ordinary,1,605,0.17,0.169,ea5ac2e3896755c3d5082b83561d8673bb4f0147a7690b804a8d74cecbeda4c1,d842a810a046337b5363ff7dafdaa01aa4553912ce2afa4ee95c617158d8e0e7,2011,,0,FALSE,FALSE,FALSE,FALSE,FALSE,FALSE,FALSE,FALSE,5af7169f9d20a77a6f06236647a66be1493d6e155163c245a466bda43242d0e7,6a2baa27cd05157233063b825243be4bdf1a2dbc88db2a6cdfd0b2527b28716b
candidate,2,7,1000000,int,TRUE,mixed_add,float,typed_double,2,481,0.15,0.149999999999999,087fb12a32e314d333c4287225113c3c6e3a135a9c18c162b3b5753b80f4350c,d842a810a046337b5363ff7dafdaa01aa4553912ce2afa4ee95c617158d8e0e7,2011,double,481,FALSE,FALSE,FALSE,FALSE,FALSE,FALSE,FALSE,FALSE,5af7169f9d20a77a6f06236647a66be1493d6e155163c245a466bda43242d0e7,6a2baa27cd05157233063b825243be4bdf1a2dbc88db2a6cdfd0b2527b28716b
candidate,2,7,1000000,int,TRUE,mixed_add,float,compact,3,318,0.149000000000001,0.148,087fb12a32e314d333c4287225113c3c6e3a135a9c18c162b3b5753b80f4350c,d842a810a046337b5363ff7dafdaa01aa4553912ce2afa4ee95c617158d8e0e7,2011,float,318,TRUE,TRUE,FALSE,FALSE,TRUE,TRUE,FALSE,FALSE,5af7169f9d20a77a6f06236647a66be1493d6e155163c245a466bda43242d0e7,6a2baa27cd05157233063b825243be4bdf1a2dbc88db2a6cdfd0b2527b28716b
candidate,2,8,1000000,int,TRUE,mixed_multiply,float,compact,1,318,0.148,0.148,567cb444c88381ecb7601b5374668c9d2a719ee733326a0fd33b4e0cf98f607d,d842a810a046337b5363ff7dafdaa01aa4553912ce2afa4ee95c617158d8e0e7,2011,float,318,TRUE,TRUE,FALSE,FALSE,TRUE,TRUE,FALSE,FALSE,5af7169f9d20a77a6f06236647a66be1493d6e155163c245a466bda43242d0e7,6a2baa27cd05157233063b825243be4bdf1a2dbc88db2a6cdfd0b2527b28716b
candidate,2,8,1000000,int,TRUE,mixed_multiply,float,ordinary,2,605,0.154,0.154999999999999,4e15a12f73c542a9193d69c8d13f89eb8b7adf975c41c2fdf2ef19e40aa99344,d842a810a046337b5363ff7dafdaa01aa4553912ce2afa4ee95c617158d8e0e7,2011,,0,FALSE,FALSE,FALSE,FALSE,FALSE,FALSE,FALSE,FALSE,5af7169f9d20a77a6f06236647a66be1493d6e155163c245a466bda43242d0e7,6a2baa27cd05157233063b825243be4bdf1a2dbc88db2a6cdfd0b2527b28716b
candidate,2,8,1000000,int,TRUE,mixed_multiply,float,typed_double,3,341,0.106,0.106,567cb444c88381ecb7601b5374668c9d2a719ee733326a0fd33b4e0cf98f607d,d842a810a046337b5363ff7dafdaa01aa4553912ce2afa4ee95c617158d8e0e7,2011,double,341,FALSE,FALSE,FALSE,FALSE,FALSE,FALSE,FALSE,FALSE,5af7169f9d20a77a6f06236647a66be1493d6e155163c245a466bda43242d0e7,6a2baa27cd05157233063b825243be4bdf1a2dbc88db2a6cdfd0b2527b28716b
candidate,2,9,1000000,int,TRUE,mixed_subtract,float,typed_double,1,481,0.15,0.149999999999999,d888f35894142efc1f39ddcef1aefba1a7fd30f7ed69c00c2d2dda247f8581f5,d842a810a046337b5363ff7dafdaa01aa4553912ce2afa4ee95c617158d8e0e7,2011,double,481,FALSE,FALSE,FALSE,FALSE,FALSE,FALSE,FALSE,FALSE,5af7169f9d20a77a6f06236647a66be1493d6e155163c245a466bda43242d0e7,6a2baa27cd05157233063b825243be4bdf1a2dbc88db2a6cdfd0b2527b28716b
candidate,2,9,1000000,int,TRUE,mixed_subtract,float,compact,2,318,0.148999999999999,0.148999999999999,d888f35894142efc1f39ddcef1aefba1a7fd30f7ed69c00c2d2dda247f8581f5,d842a810a046337b5363ff7dafdaa01aa4553912ce2afa4ee95c617158d8e0e7,2011,float,318,TRUE,TRUE,FALSE,FALSE,TRUE,TRUE,FALSE,FALSE,5af7169f9d20a77a6f06236647a66be1493d6e155163c245a466bda43242d0e7,6a2baa27cd05157233063b825243be4bdf1a2dbc88db2a6cdfd0b2527b28716b
candidate,2,9,1000000,int,TRUE,mixed_subtract,float,ordinary,3,586,0.151,0.15,8679b1c92f66dcdd3080bd3788626bcd97f5333387bc5b48a1365f669c13dd17,d842a810a046337b5363ff7dafdaa01aa4553912ce2afa4ee95c617158d8e0e7,2011,,0,FALSE,FALSE,FALSE,FALSE,FALSE,FALSE,FALSE,FALSE,5af7169f9d20a77a6f06236647a66be1493d6e155163c245a466bda43242d0e7,6a2baa27cd05157233063b825243be4bdf1a2dbc88db2a6cdfd0b2527b28716b
candidate,2,10,1000000,int,TRUE,mixed_divide,float,ordinary,1,586,0.166,0.167,406400422a4665eaaf4bff6e7465afe5c7d02f62dcaf8521b892a348eb502759,d842a810a046337b5363ff7dafdaa01aa4553912ce2afa4ee95c617158d8e0e7,2011,,0,FALSE,FALSE,FALSE,FALSE,FALSE,FALSE,FALSE,FALSE,5af7169f9d20a77a6f06236647a66be1493d6e155163c245a466bda43242d0e7,6a2baa27cd05157233063b825243be4bdf1a2dbc88db2a6cdfd0b2527b28716b
candidate,2,10,1000000,int,TRUE,mixed_divide,float,typed_double,2,494,0.154999999999999,0.155000000000001,d9bdbdefafca1f8db32237efaff37c9feb9805d4bb814645e065f847f409fb4d,8363fa752350497662a4ce583648a56f69556d78062759212ea88bafefafff41,3008,double,494,FALSE,FALSE,FALSE,FALSE,FALSE,FALSE,FALSE,FALSE,5af7169f9d20a77a6f06236647a66be1493d6e155163c245a466bda43242d0e7,6a2baa27cd05157233063b825243be4bdf1a2dbc88db2a6cdfd0b2527b28716b
candidate,2,10,1000000,int,TRUE,mixed_divide,float,compact,3,202,0.148,0.148,ed5782b8feabbf0a281d1fa7c54c3046ca6c6b6db4b3a5d51d26e2fbb01b5dbe,8363fa752350497662a4ce583648a56f69556d78062759212ea88bafefafff41,3008,float,202,TRUE,TRUE,FALSE,FALSE,TRUE,TRUE,FALSE,FALSE,5af7169f9d20a77a6f06236647a66be1493d6e155163c245a466bda43242d0e7,6a2baa27cd05157233063b825243be4bdf1a2dbc88db2a6cdfd0b2527b28716b
candidate,2,11,1000000,float,FALSE,scale_binary,double,compact,1,354,0.114000000000001,0.114999999999998,5e4cb543f32269b2c2218b394ad1c41d44f6b32b3f8be7d200655b3b7d11f177,6506614505e113daab08b3f894ca46d4d61867c7b007c413b47a669abe8aae67,0,float,354,TRUE,TRUE,FALSE,FALSE,FALSE,FALSE,FALSE,FALSE,7f1c1a27229f7a699fa85ff90b5be1266497c462407b39b11f6d94015af8e8ad,31d3575e77d9d04b75880bca9e10dbd0e13e61d21795052921dd3f702d909dd7
candidate,2,11,1000000,float,FALSE,scale_binary,double,ordinary,2,625,0.152000000000001,0.151999999999997,5e4cb543f32269b2c2218b394ad1c41d44f6b32b3f8be7d200655b3b7d11f177,6506614505e113daab08b3f894ca46d4d61867c7b007c413b47a669abe8aae67,0,,0,FALSE,FALSE,FALSE,FALSE,FALSE,FALSE,FALSE,FALSE,7f1c1a27229f7a699fa85ff90b5be1266497c462407b39b11f6d94015af8e8ad,31d3575e77d9d04b75880bca9e10dbd0e13e61d21795052921dd3f702d909dd7
candidate,2,11,1000000,float,FALSE,scale_binary,double,typed_double,3,569,0.175999999999998,0.175999999999998,5e4cb543f32269b2c2218b394ad1c41d44f6b32b3f8be7d200655b3b7d11f177,6506614505e113daab08b3f894ca46d4d61867c7b007c413b47a669abe8aae67,0,double,569,FALSE,FALSE,FALSE,FALSE,FALSE,FALSE,FALSE,FALSE,7f1c1a27229f7a699fa85ff90b5be1266497c462407b39b11f6d94015af8e8ad,31d3575e77d9d04b75880bca9e10dbd0e13e61d21795052921dd3f702d909dd7
candidate,2,12,1000000,float,FALSE,scale_general,double,typed_double,1,569,0.17,0.169,f26b519d09797e4f4941392e4b52f307c71832f0aaad54da617e9078fe055e1c,6506614505e113daab08b3f894ca46d4d61867c7b007c413b47a669abe8aae67,0,double,569,FALSE,FALSE,FALSE,FALSE,FALSE,FALSE,FALSE,FALSE,7f1c1a27229f7a699fa85ff90b5be1266497c462407b39b11f6d94015af8e8ad,31d3575e77d9d04b75880bca9e10dbd0e13e61d21795052921dd3f702d909dd7
candidate,2,12,1000000,float,FALSE,scale_general,double,compact,2,361,0.149999999999999,0.148999999999997,72cc5cf98cf5a5166668db2e8420adb3bc862ec1b003fbdd7aeb0a9746f22870,6506614505e113daab08b3f894ca46d4d61867c7b007c413b47a669abe8aae67,0,float,361,TRUE,TRUE,FALSE,FALSE,FALSE,FALSE,FALSE,FALSE,7f1c1a27229f7a699fa85ff90b5be1266497c462407b39b11f6d94015af8e8ad,31d3575e77d9d04b75880bca9e10dbd0e13e61d21795052921dd3f702d909dd7
candidate,2,12,1000000,float,FALSE,scale_general,double,ordinary,3,626,0.149999999999999,0.149999999999999,f26b519d09797e4f4941392e4b52f307c71832f0aaad54da617e9078fe055e1c,6506614505e113daab08b3f894ca46d4d61867c7b007c413b47a669abe8aae67,0,,0,FALSE,FALSE,FALSE,FALSE,FALSE,FALSE,FALSE,FALSE,7f1c1a27229f7a699fa85ff90b5be1266497c462407b39b11f6d94015af8e8ad,31d3575e77d9d04b75880bca9e10dbd0e13e61d21795052921dd3f702d909dd7
candidate,2,13,1000000,float,FALSE,float_multiply,float,ordinary,1,586,0.163,0.163,0bba0ca591c120cf82ec7fba05e23d81983f377b8aa3fa66f476e26d1dada746,6506614505e113daab08b3f894ca46d4d61867c7b007c413b47a669abe8aae67,0,,0,FALSE,FALSE,FALSE,FALSE,FALSE,FALSE,FALSE,FALSE,7f1c1a27229f7a699fa85ff90b5be1266497c462407b39b11f6d94015af8e8ad,31d3575e77d9d04b75880bca9e10dbd0e13e61d21795052921dd3f702d909dd7
candidate,2,13,1000000,float,FALSE,float_multiply,float,typed_double,2,494,0.152000000000001,0.151999999999997,0bba0ca591c120cf82ec7fba05e23d81983f377b8aa3fa66f476e26d1dada746,6506614505e113daab08b3f894ca46d4d61867c7b007c413b47a669abe8aae67,0,double,494,FALSE,FALSE,FALSE,FALSE,FALSE,FALSE,FALSE,FALSE,7f1c1a27229f7a699fa85ff90b5be1266497c462407b39b11f6d94015af8e8ad,31d3575e77d9d04b75880bca9e10dbd0e13e61d21795052921dd3f702d909dd7
candidate,2,13,1000000,float,FALSE,float_multiply,float,compact,3,536,0.144999999999998,0.143999999999998,0bba0ca591c120cf82ec7fba05e23d81983f377b8aa3fa66f476e26d1dada746,6506614505e113daab08b3f894ca46d4d61867c7b007c413b47a669abe8aae67,0,float,536,TRUE,TRUE,FALSE,FALSE,TRUE,TRUE,FALSE,FALSE,7f1c1a27229f7a699fa85ff90b5be1266497c462407b39b11f6d94015af8e8ad,31d3575e77d9d04b75880bca9e10dbd0e13e61d21795052921dd3f702d909dd7
candidate,2,14,1000000,float,TRUE,scale_binary,double,compact,1,469,0.152,0.151999999999997,c2d92a8e75010c0ddb80329b9ca6cc4898ca1d4543392f8c8382c3fbfeeb5b4b,256764253c19afe4b22c7738fb2f83098a03d4dbde3db39ee8c24b205a95942a,1003,float,469,TRUE,TRUE,FALSE,FALSE,FALSE,FALSE,FALSE,FALSE,ee8f1f1d17d164fc3d811ad86cc889d11c328f41d3cd55762069bc2161e48c9f,6a2baa27cd05157233063b825243be4bdf1a2dbc88db2a6cdfd0b2527b28716b
candidate,2,14,1000000,float,TRUE,scale_binary,double,ordinary,2,647,0.154,0.155000000000001,21fac45dcda0cbc0ba9e1f553d3be3fedd245b921d5e2e4497a8d64f1e038117,256764253c19afe4b22c7738fb2f83098a03d4dbde3db39ee8c24b205a95942a,1003,,0,FALSE,FALSE,FALSE,FALSE,FALSE,FALSE,FALSE,FALSE,ee8f1f1d17d164fc3d811ad86cc889d11c328f41d3cd55762069bc2161e48c9f,6a2baa27cd05157233063b825243be4bdf1a2dbc88db2a6cdfd0b2527b28716b
candidate,2,14,1000000,float,TRUE,scale_binary,double,typed_double,3,375,0.100999999999998,0.0999999999999979,c2d92a8e75010c0ddb80329b9ca6cc4898ca1d4543392f8c8382c3fbfeeb5b4b,256764253c19afe4b22c7738fb2f83098a03d4dbde3db39ee8c24b205a95942a,1003,double,375,FALSE,FALSE,FALSE,FALSE,FALSE,FALSE,FALSE,FALSE,ee8f1f1d17d164fc3d811ad86cc889d11c328f41d3cd55762069bc2161e48c9f,6a2baa27cd05157233063b825243be4bdf1a2dbc88db2a6cdfd0b2527b28716b
candidate,2,15,1000000,float,TRUE,scale_general,double,typed_double,1,569,0.152000000000001,0.152000000000001,ea87b3dd63bfda18195aef508608398181a11f876a570f6017c0c100c3497f49,256764253c19afe4b22c7738fb2f83098a03d4dbde3db39ee8c24b205a95942a,1003,double,569,FALSE,FALSE,FALSE,FALSE,FALSE,FALSE,FALSE,FALSE,ee8f1f1d17d164fc3d811ad86cc889d11c328f41d3cd55762069bc2161e48c9f,6a2baa27cd05157233063b825243be4bdf1a2dbc88db2a6cdfd0b2527b28716b
candidate,2,15,1000000,float,TRUE,scale_general,double,compact,2,272,0.146000000000001,0.147000000000002,c58bc992720c328eca610e60f8c3f93d7d61df77946cf51b8626b0d8b78368ef,256764253c19afe4b22c7738fb2f83098a03d4dbde3db39ee8c24b205a95942a,1003,float,272,TRUE,TRUE,FALSE,FALSE,FALSE,FALSE,FALSE,FALSE,ee8f1f1d17d164fc3d811ad86cc889d11c328f41d3cd55762069bc2161e48c9f,6a2baa27cd05157233063b825243be4bdf1a2dbc88db2a6cdfd0b2527b28716b
candidate,2,15,1000000,float,TRUE,scale_general,double,ordinary,3,647,0.169,0.169,8100d028390097d4a98b44ea0ff4cb617c6204331b80e5c7870832582030541c,256764253c19afe4b22c7738fb2f83098a03d4dbde3db39ee8c24b205a95942a,1003,,0,FALSE,FALSE,FALSE,FALSE,FALSE,FALSE,FALSE,FALSE,ee8f1f1d17d164fc3d811ad86cc889d11c328f41d3cd55762069bc2161e48c9f,6a2baa27cd05157233063b825243be4bdf1a2dbc88db2a6cdfd0b2527b28716b
candidate,2,16,1000000,float,TRUE,float_multiply,float,ordinary,1,586,0.167,0.166,96b0fd82fdfc837964eddbc19baef0073045dc1bea1ecc4b106e12605eb53860,d842a810a046337b5363ff7dafdaa01aa4553912ce2afa4ee95c617158d8e0e7,2011,,0,FALSE,FALSE,FALSE,FALSE,FALSE,FALSE,FALSE,FALSE,ee8f1f1d17d164fc3d811ad86cc889d11c328f41d3cd55762069bc2161e48c9f,6a2baa27cd05157233063b825243be4bdf1a2dbc88db2a6cdfd0b2527b28716b
candidate,2,16,1000000,float,TRUE,float_multiply,float,typed_double,2,469,0.149000000000001,0.149000000000001,8290dd7500cd078b2bd5437bf8fe0afa95dd1f1bab5eff045202e84b7d93eed9,d842a810a046337b5363ff7dafdaa01aa4553912ce2afa4ee95c617158d8e0e7,2011,double,469,FALSE,FALSE,FALSE,FALSE,FALSE,FALSE,FALSE,FALSE,ee8f1f1d17d164fc3d811ad86cc889d11c328f41d3cd55762069bc2161e48c9f,6a2baa27cd05157233063b825243be4bdf1a2dbc88db2a6cdfd0b2527b28716b
candidate,2,16,1000000,float,TRUE,float_multiply,float,compact,3,324,0.148999999999997,0.150000000000002,8290dd7500cd078b2bd5437bf8fe0afa95dd1f1bab5eff045202e84b7d93eed9,d842a810a046337b5363ff7dafdaa01aa4553912ce2afa4ee95c617158d8e0e7,2011,float,324,TRUE,TRUE,FALSE,FALSE,TRUE,TRUE,FALSE,FALSE,ee8f1f1d17d164fc3d811ad86cc889d11c328f41d3cd55762069bc2161e48c9f,6a2baa27cd05157233063b825243be4bdf1a2dbc88db2a6cdfd0b2527b28716b
candidate,2,17,1000000,long,FALSE,long_float_add,float,compact,1,399,0.151,0.151,5865d7f437b5487c8061f7274c6507b7ec0fc76362cd655e9259ebb78a28f057,6506614505e113daab08b3f894ca46d4d61867c7b007c413b47a669abe8aae67,0,double,399,TRUE,TRUE,FALSE,FALSE,TRUE,TRUE,FALSE,FALSE,8937acbbe87ff127e6567f97e52c6a17dbe3ea7052a39a3b76abe25c8e7eeb13,31d3575e77d9d04b75880bca9e10dbd0e13e61d21795052921dd3f702d909dd7
candidate,2,17,1000000,long,FALSE,long_float_add,float,ordinary,2,586,0.164999999999999,0.166,5865d7f437b5487c8061f7274c6507b7ec0fc76362cd655e9259ebb78a28f057,6506614505e113daab08b3f894ca46d4d61867c7b007c413b47a669abe8aae67,0,,0,FALSE,FALSE,FALSE,FALSE,FALSE,FALSE,FALSE,FALSE,8937acbbe87ff127e6567f97e52c6a17dbe3ea7052a39a3b76abe25c8e7eeb13,31d3575e77d9d04b75880bca9e10dbd0e13e61d21795052921dd3f702d909dd7
candidate,2,17,1000000,long,FALSE,long_float_add,float,typed_double,3,481,0.149999999999999,0.151,5865d7f437b5487c8061f7274c6507b7ec0fc76362cd655e9259ebb78a28f057,6506614505e113daab08b3f894ca46d4d61867c7b007c413b47a669abe8aae67,0,double,481,FALSE,FALSE,FALSE,FALSE,FALSE,FALSE,FALSE,FALSE,8937acbbe87ff127e6567f97e52c6a17dbe3ea7052a39a3b76abe25c8e7eeb13,31d3575e77d9d04b75880bca9e10dbd0e13e61d21795052921dd3f702d909dd7
candidate,2,18,1000000,long,TRUE,long_float_add,float,typed_double,1,481,0.166000000000003,0.164999999999999,087fb12a32e314d333c4287225113c3c6e3a135a9c18c162b3b5753b80f4350c,d842a810a046337b5363ff7dafdaa01aa4553912ce2afa4ee95c617158d8e0e7,2011,double,481,FALSE,FALSE,FALSE,FALSE,FALSE,FALSE,FALSE,FALSE,5af7169f9d20a77a6f06236647a66be1493d6e155163c245a466bda43242d0e7,6a2baa27cd05157233063b825243be4bdf1a2dbc88db2a6cdfd0b2527b28716b
candidate,2,18,1000000,long,TRUE,long_float_add,float,compact,2,285,0.151,0.151,087fb12a32e314d333c4287225113c3c6e3a135a9c18c162b3b5753b80f4350c,d842a810a046337b5363ff7dafdaa01aa4553912ce2afa4ee95c617158d8e0e7,2011,double,285,TRUE,TRUE,FALSE,FALSE,TRUE,TRUE,FALSE,FALSE,5af7169f9d20a77a6f06236647a66be1493d6e155163c245a466bda43242d0e7,6a2baa27cd05157233063b825243be4bdf1a2dbc88db2a6cdfd0b2527b28716b
candidate,2,18,1000000,long,TRUE,long_float_add,float,ordinary,3,605,0.169999999999998,0.169999999999998,ea5ac2e3896755c3d5082b83561d8673bb4f0147a7690b804a8d74cecbeda4c1,d842a810a046337b5363ff7dafdaa01aa4553912ce2afa4ee95c617158d8e0e7,2011,,0,FALSE,FALSE,FALSE,FALSE,FALSE,FALSE,FALSE,FALSE,5af7169f9d20a77a6f06236647a66be1493d6e155163c245a466bda43242d0e7,6a2baa27cd05157233063b825243be4bdf1a2dbc88db2a6cdfd0b2527b28716b
baseline,2,1,1000000,int,FALSE,scale_binary,double,ordinary,1,399,0.136,0.137,43cbc5fa02580f73a834cffb43a5ba0a0f4d7303cec536a2e3c58f1f469eb824,6506614505e113daab08b3f894ca46d4d61867c7b007c413b47a669abe8aae67,0,,0,FALSE,FALSE,FALSE,FALSE,FALSE,FALSE,FALSE,FALSE,8937acbbe87ff127e6567f97e52c6a17dbe3ea7052a39a3b76abe25c8e7eeb13,31d3575e77d9d04b75880bca9e10dbd0e13e61d21795052921dd3f702d909dd7
baseline,2,1,1000000,int,FALSE,scale_binary,double,typed_double,2,375,0.122,0.122,43cbc5fa02580f73a834cffb43a5ba0a0f4d7303cec536a2e3c58f1f469eb824,6506614505e113daab08b3f894ca46d4d61867c7b007c413b47a669abe8aae67,0,double,375,FALSE,FALSE,FALSE,FALSE,FALSE,FALSE,FALSE,FALSE,8937acbbe87ff127e6567f97e52c6a17dbe3ea7052a39a3b76abe25c8e7eeb13,31d3575e77d9d04b75880bca9e10dbd0e13e61d21795052921dd3f702d909dd7
baseline,2,1,1000000,int,FALSE,scale_binary,double,compact,3,569,0.139,0.138,43cbc5fa02580f73a834cffb43a5ba0a0f4d7303cec536a2e3c58f1f469eb824,6506614505e113daab08b3f894ca46d4d61867c7b007c413b47a669abe8aae67,0,int,569,TRUE,TRUE,FALSE,FALSE,FALSE,FALSE,FALSE,FALSE,8937acbbe87ff127e6567f97e52c6a17dbe3ea7052a39a3b76abe25c8e7eeb13,31d3575e77d9d04b75880bca9e10dbd0e13e61d21795052921dd3f702d909dd7
baseline,2,2,1000000,int,FALSE,mixed_add,float,compact,1,265,0.148,0.148,5865d7f437b5487c8061f7274c6507b7ec0fc76362cd655e9259ebb78a28f057,6506614505e113daab08b3f894ca46d4d61867c7b007c413b47a669abe8aae67,0,float,265,TRUE,TRUE,FALSE,FALSE,TRUE,TRUE,FALSE,FALSE,8937acbbe87ff127e6567f97e52c6a17dbe3ea7052a39a3b76abe25c8e7eeb13,31d3575e77d9d04b75880bca9e10dbd0e13e61d21795052921dd3f702d909dd7
baseline,2,2,1000000,int,FALSE,mixed_add,float,ordinary,2,586,0.17,0.169,5865d7f437b5487c8061f7274c6507b7ec0fc76362cd655e9259ebb78a28f057,6506614505e113daab08b3f894ca46d4d61867c7b007c413b47a669abe8aae67,0,,0,FALSE,FALSE,FALSE,FALSE,FALSE,FALSE,FALSE,FALSE,8937acbbe87ff127e6567f97e52c6a17dbe3ea7052a39a3b76abe25c8e7eeb13,31d3575e77d9d04b75880bca9e10dbd0e13e61d21795052921dd3f702d909dd7
baseline,2,2,1000000,int,FALSE,mixed_add,float,typed_double,3,458,0.165,0.165,5865d7f437b5487c8061f7274c6507b7ec0fc76362cd655e9259ebb78a28f057,6506614505e113daab08b3f894ca46d4d61867c7b007c413b47a669abe8aae67,0,double,458,FALSE,FALSE,FALSE,FALSE,FALSE,FALSE,FALSE,FALSE,8937acbbe87ff127e6567f97e52c6a17dbe3ea7052a39a3b76abe25c8e7eeb13,31d3575e77d9d04b75880bca9e10dbd0e13e61d21795052921dd3f702d909dd7
baseline,2,3,1000000,int,FALSE,mixed_multiply,float,typed_double,1,335,0.108000000000001,0.108000000000001,74e198320fcef535d96d5240bf6315c7f048f937cff6728206c4dc3e49c71557,6506614505e113daab08b3f894ca46d4d61867c7b007c413b47a669abe8aae67,0,double,335,FALSE,FALSE,FALSE,FALSE,FALSE,FALSE,FALSE,FALSE,8937acbbe87ff127e6567f97e52c6a17dbe3ea7052a39a3b76abe25c8e7eeb13,31d3575e77d9d04b75880bca9e10dbd0e13e61d21795052921dd3f702d909dd7
baseline,2,3,1000000,int,FALSE,mixed_multiply,float,compact,2,417,0.151,0.151,74e198320fcef535d96d5240bf6315c7f048f937cff6728206c4dc3e49c71557,6506614505e113daab08b3f894ca46d4d61867c7b007c413b47a669abe8aae67,0,float,417,TRUE,TRUE,FALSE,FALSE,TRUE,TRUE,FALSE,FALSE,8937acbbe87ff127e6567f97e52c6a17dbe3ea7052a39a3b76abe25c8e7eeb13,31d3575e77d9d04b75880bca9e10dbd0e13e61d21795052921dd3f702d909dd7
baseline,2,3,1000000,int,FALSE,mixed_multiply,float,ordinary,3,586,0.17,0.169,74e198320fcef535d96d5240bf6315c7f048f937cff6728206c4dc3e49c71557,6506614505e113daab08b3f894ca46d4d61867c7b007c413b47a669abe8aae67,0,,0,FALSE,FALSE,FALSE,FALSE,FALSE,FALSE,FALSE,FALSE,8937acbbe87ff127e6567f97e52c6a17dbe3ea7052a39a3b76abe25c8e7eeb13,31d3575e77d9d04b75880bca9e10dbd0e13e61d21795052921dd3f702d909dd7
baseline,2,4,1000000,int,FALSE,mixed_subtract,float,ordinary,1,605,0.173,0.173,562820f81b1e6756059905d249b0e791c9497c3738cb3dfcc54116eb0e12b3bb,6506614505e113daab08b3f894ca46d4d61867c7b007c413b47a669abe8aae67,0,,0,FALSE,FALSE,FALSE,FALSE,FALSE,FALSE,FALSE,FALSE,8937acbbe87ff127e6567f97e52c6a17dbe3ea7052a39a3b76abe25c8e7eeb13,31d3575e77d9d04b75880bca9e10dbd0e13e61d21795052921dd3f702d909dd7
baseline,2,4,1000000,int,FALSE,mixed_subtract,float,typed_double,2,458,0.164000000000001,0.165,562820f81b1e6756059905d249b0e791c9497c3738cb3dfcc54116eb0e12b3bb,6506614505e113daab08b3f894ca46d4d61867c7b007c413b47a669abe8aae67,0,double,458,FALSE,FALSE,FALSE,FALSE,FALSE,FALSE,FALSE,FALSE,8937acbbe87ff127e6567f97e52c6a17dbe3ea7052a39a3b76abe25c8e7eeb13,31d3575e77d9d04b75880bca9e10dbd0e13e61d21795052921dd3f702d909dd7
baseline,2,4,1000000,int,FALSE,mixed_subtract,float,compact,3,268,0.149999999999999,0.151,562820f81b1e6756059905d249b0e791c9497c3738cb3dfcc54116eb0e12b3bb,6506614505e113daab08b3f894ca46d4d61867c7b007c413b47a669abe8aae67,0,float,268,TRUE,TRUE,FALSE,FALSE,TRUE,TRUE,FALSE,FALSE,8937acbbe87ff127e6567f97e52c6a17dbe3ea7052a39a3b76abe25c8e7eeb13,31d3575e77d9d04b75880bca9e10dbd0e13e61d21795052921dd3f702d909dd7
baseline,2,5,1000000,int,FALSE,mixed_divide,float,compact,1,254,0.151,0.149999999999999,6def527056a38d8935fa3283707f7647981cba07bc778f537219dc0819f5a317,e051abed22e2093d2b8ea7b2cfe0c0975a4a6ff84dc00b30fcbf1df31abbb480,999,float,254,TRUE,TRUE,FALSE,FALSE,TRUE,TRUE,FALSE,FALSE,8937acbbe87ff127e6567f97e52c6a17dbe3ea7052a39a3b76abe25c8e7eeb13,31d3575e77d9d04b75880bca9e10dbd0e13e61d21795052921dd3f702d909dd7
baseline,2,5,1000000,int,FALSE,mixed_divide,float,ordinary,2,586,0.170999999999999,0.171999999999999,207f8b8d33a03b1bad310e4aa209e0380ad57e46bce136443d8943534bb38984,6506614505e113daab08b3f894ca46d4d61867c7b007c413b47a669abe8aae67,0,,0,FALSE,FALSE,FALSE,FALSE,FALSE,FALSE,FALSE,FALSE,8937acbbe87ff127e6567f97e52c6a17dbe3ea7052a39a3b76abe25c8e7eeb13,31d3575e77d9d04b75880bca9e10dbd0e13e61d21795052921dd3f702d909dd7
baseline,2,5,1000000,int,FALSE,mixed_divide,float,typed_double,3,481,0.171999999999999,0.173,ae7640ea952a6b99ff93c8fb8ca899b28cca71ffc2d089cf8759a799a7092922,e051abed22e2093d2b8ea7b2cfe0c0975a4a6ff84dc00b30fcbf1df31abbb480,999,double,481,FALSE,FALSE,FALSE,FALSE,FALSE,FALSE,FALSE,FALSE,8937acbbe87ff127e6567f97e52c6a17dbe3ea7052a39a3b76abe25c8e7eeb13,31d3575e77d9d04b75880bca9e10dbd0e13e61d21795052921dd3f702d909dd7
baseline,2,6,1000000,int,TRUE,scale_binary,double,typed_double,1,469,0.159000000000001,0.159000000000001,406aa86104df9ebd1e49e25bbc9266cbc0cc152fd09e7d28efa1e3b9f07c7f98,256764253c19afe4b22c7738fb2f83098a03d4dbde3db39ee8c24b205a95942a,1003,double,469,FALSE,FALSE,FALSE,FALSE,FALSE,FALSE,FALSE,FALSE,5af7169f9d20a77a6f06236647a66be1493d6e155163c245a466bda43242d0e7,6a2baa27cd05157233063b825243be4bdf1a2dbc88db2a6cdfd0b2527b28716b
baseline,2,6,1000000,int,TRUE,scale_binary,double,compact,2,521,0.127000000000001,0.126000000000001,406aa86104df9ebd1e49e25bbc9266cbc0cc152fd09e7d28efa1e3b9f07c7f98,256764253c19afe4b22c7738fb2f83098a03d4dbde3db39ee8c24b205a95942a,1003,int,521,TRUE,TRUE,FALSE,FALSE,FALSE,FALSE,FALSE,FALSE,5af7169f9d20a77a6f06236647a66be1493d6e155163c245a466bda43242d0e7,6a2baa27cd05157233063b825243be4bdf1a2dbc88db2a6cdfd0b2527b28716b
baseline,2,6,1000000,int,TRUE,scale_binary,double,ordinary,3,626,0.17,0.17,b10ddc1e7177ef92cdb14943c3981218bcd426a31f9c7d156ed4dbd4ea86c948,256764253c19afe4b22c7738fb2f83098a03d4dbde3db39ee8c24b205a95942a,1003,,0,FALSE,FALSE,FALSE,FALSE,FALSE,FALSE,FALSE,FALSE,5af7169f9d20a77a6f06236647a66be1493d6e155163c245a466bda43242d0e7,6a2baa27cd05157233063b825243be4bdf1a2dbc88db2a6cdfd0b2527b28716b
baseline,2,7,1000000,int,TRUE,mixed_add,float,ordinary,1,586,0.151999999999999,0.152000000000001,ea5ac2e3896755c3d5082b83561d8673bb4f0147a7690b804a8d74cecbeda4c1,d842a810a046337b5363ff7dafdaa01aa4553912ce2afa4ee95c617158d8e0e7,2011,,0,FALSE,FALSE,FALSE,FALSE,FALSE,FALSE,FALSE,FALSE,5af7169f9d20a77a6f06236647a66be1493d6e155163c245a466bda43242d0e7,6a2baa27cd05157233063b825243be4bdf1a2dbc88db2a6cdfd0b2527b28716b
baseline,2,7,1000000,int,TRUE,mixed_add,float,typed_double,2,481,0.166000000000001,0.165000000000001,087fb12a32e314d333c4287225113c3c6e3a135a9c18c162b3b5753b80f4350c,d842a810a046337b5363ff7dafdaa01aa4553912ce2afa4ee95c617158d8e0e7,2011,double,481,FALSE,FALSE,FALSE,FALSE,FALSE,FALSE,FALSE,FALSE,5af7169f9d20a77a6f06236647a66be1493d6e155163c245a466bda43242d0e7,6a2baa27cd05157233063b825243be4bdf1a2dbc88db2a6cdfd0b2527b28716b
baseline,2,7,1000000,int,TRUE,mixed_add,float,compact,3,211,0.149999999999999,0.15,087fb12a32e314d333c4287225113c3c6e3a135a9c18c162b3b5753b80f4350c,d842a810a046337b5363ff7dafdaa01aa4553912ce2afa4ee95c617158d8e0e7,2011,float,211,TRUE,TRUE,FALSE,FALSE,TRUE,TRUE,FALSE,FALSE,5af7169f9d20a77a6f06236647a66be1493d6e155163c245a466bda43242d0e7,6a2baa27cd05157233063b825243be4bdf1a2dbc88db2a6cdfd0b2527b28716b
baseline,2,8,1000000,int,TRUE,mixed_multiply,float,compact,1,318,0.148999999999999,0.149000000000001,567cb444c88381ecb7601b5374668c9d2a719ee733326a0fd33b4e0cf98f607d,d842a810a046337b5363ff7dafdaa01aa4553912ce2afa4ee95c617158d8e0e7,2011,float,318,TRUE,TRUE,FALSE,FALSE,TRUE,TRUE,FALSE,FALSE,5af7169f9d20a77a6f06236647a66be1493d6e155163c245a466bda43242d0e7,6a2baa27cd05157233063b825243be4bdf1a2dbc88db2a6cdfd0b2527b28716b
baseline,2,8,1000000,int,TRUE,mixed_multiply,float,ordinary,2,586,0.154,0.154999999999999,4e15a12f73c542a9193d69c8d13f89eb8b7adf975c41c2fdf2ef19e40aa99344,d842a810a046337b5363ff7dafdaa01aa4553912ce2afa4ee95c617158d8e0e7,2011,,0,FALSE,FALSE,FALSE,FALSE,FALSE,FALSE,FALSE,FALSE,5af7169f9d20a77a6f06236647a66be1493d6e155163c245a466bda43242d0e7,6a2baa27cd05157233063b825243be4bdf1a2dbc88db2a6cdfd0b2527b28716b
baseline,2,8,1000000,int,TRUE,mixed_multiply,float,typed_double,3,481,0.165999999999999,0.167000000000002,567cb444c88381ecb7601b5374668c9d2a719ee733326a0fd33b4e0cf98f607d,d842a810a046337b5363ff7dafdaa01aa4553912ce2afa4ee95c617158d8e0e7,2011,double,481,FALSE,FALSE,FALSE,FALSE,FALSE,FALSE,FALSE,FALSE,5af7169f9d20a77a6f06236647a66be1493d6e155163c245a466bda43242d0e7,6a2baa27cd05157233063b825243be4bdf1a2dbc88db2a6cdfd0b2527b28716b
baseline,2,9,1000000,int,TRUE,mixed_subtract,float,typed_double,1,481,0.151,0.151,d888f35894142efc1f39ddcef1aefba1a7fd30f7ed69c00c2d2dda247f8581f5,d842a810a046337b5363ff7dafdaa01aa4553912ce2afa4ee95c617158d8e0e7,2011,double,481,FALSE,FALSE,FALSE,FALSE,FALSE,FALSE,FALSE,FALSE,5af7169f9d20a77a6f06236647a66be1493d6e155163c245a466bda43242d0e7,6a2baa27cd05157233063b825243be4bdf1a2dbc88db2a6cdfd0b2527b28716b
baseline,2,9,1000000,int,TRUE,mixed_subtract,float,compact,2,209,0.149000000000001,0.149000000000001,d888f35894142efc1f39ddcef1aefba1a7fd30f7ed69c00c2d2dda247f8581f5,d842a810a046337b5363ff7dafdaa01aa4553912ce2afa4ee95c617158d8e0e7,2011,float,209,TRUE,TRUE,FALSE,FALSE,TRUE,TRUE,FALSE,FALSE,5af7169f9d20a77a6f06236647a66be1493d6e155163c245a466bda43242d0e7,6a2baa27cd05157233063b825243be4bdf1a2dbc88db2a6cdfd0b2527b28716b
baseline,2,9,1000000,int,TRUE,mixed_subtract,float,ordinary,3,605,0.155,0.154,8679b1c92f66dcdd3080bd3788626bcd97f5333387bc5b48a1365f669c13dd17,d842a810a046337b5363ff7dafdaa01aa4553912ce2afa4ee95c617158d8e0e7,2011,,0,FALSE,FALSE,FALSE,FALSE,FALSE,FALSE,FALSE,FALSE,5af7169f9d20a77a6f06236647a66be1493d6e155163c245a466bda43242d0e7,6a2baa27cd05157233063b825243be4bdf1a2dbc88db2a6cdfd0b2527b28716b
baseline,2,10,1000000,int,TRUE,mixed_divide,float,ordinary,1,586,0.168000000000001,0.167999999999999,406400422a4665eaaf4bff6e7465afe5c7d02f62dcaf8521b892a348eb502759,d842a810a046337b5363ff7dafdaa01aa4553912ce2afa4ee95c617158d8e0e7,2011,,0,FALSE,FALSE,FALSE,FALSE,FALSE,FALSE,FALSE,FALSE,5af7169f9d20a77a6f06236647a66be1493d6e155163c245a466bda43242d0e7,6a2baa27cd05157233063b825243be4bdf1a2dbc88db2a6cdfd0b2527b28716b
baseline,2,10,1000000,int,TRUE,mixed_divide,float,typed_double,2,481,0.151999999999997,0.151999999999997,d9bdbdefafca1f8db32237efaff37c9feb9805d4bb814645e065f847f409fb4d,8363fa752350497662a4ce583648a56f69556d78062759212ea88bafefafff41,3008,double,481,FALSE,FALSE,FALSE,FALSE,FALSE,FALSE,FALSE,FALSE,5af7169f9d20a77a6f06236647a66be1493d6e155163c245a466bda43242d0e7,6a2baa27cd05157233063b825243be4bdf1a2dbc88db2a6cdfd0b2527b28716b
baseline,2,10,1000000,int,TRUE,mixed_divide,float,compact,3,202,0.149000000000001,0.148999999999997,ed5782b8feabbf0a281d1fa7c54c3046ca6c6b6db4b3a5d51d26e2fbb01b5dbe,8363fa752350497662a4ce583648a56f69556d78062759212ea88bafefafff41,3008,float,202,TRUE,TRUE,FALSE,FALSE,TRUE,TRUE,FALSE,FALSE,5af7169f9d20a77a6f06236647a66be1493d6e155163c245a466bda43242d0e7,6a2baa27cd05157233063b825243be4bdf1a2dbc88db2a6cdfd0b2527b28716b
baseline,2,11,1000000,float,FALSE,scale_binary,double,compact,1,469,0.152999999999999,0.152999999999999,5e4cb543f32269b2c2218b394ad1c41d44f6b32b3f8be7d200655b3b7d11f177,6506614505e113daab08b3f894ca46d4d61867c7b007c413b47a669abe8aae67,0,float,469,TRUE,TRUE,FALSE,FALSE,FALSE,FALSE,FALSE,FALSE,7f1c1a27229f7a699fa85ff90b5be1266497c462407b39b11f6d94015af8e8ad,31d3575e77d9d04b75880bca9e10dbd0e13e61d21795052921dd3f702d909dd7
baseline,2,11,1000000,float,FALSE,scale_binary,double,ordinary,2,625,0.151,0.149999999999999,5e4cb543f32269b2c2218b394ad1c41d44f6b32b3f8be7d200655b3b7d11f177,6506614505e113daab08b3f894ca46d4d61867c7b007c413b47a669abe8aae67,0,,0,FALSE,FALSE,FALSE,FALSE,FALSE,FALSE,FALSE,FALSE,7f1c1a27229f7a699fa85ff90b5be1266497c462407b39b11f6d94015af8e8ad,31d3575e77d9d04b75880bca9e10dbd0e13e61d21795052921dd3f702d909dd7
baseline,2,11,1000000,float,FALSE,scale_binary,double,typed_double,3,569,0.167999999999999,0.169,5e4cb543f32269b2c2218b394ad1c41d44f6b32b3f8be7d200655b3b7d11f177,6506614505e113daab08b3f894ca46d4d61867c7b007c413b47a669abe8aae67,0,double,569,FALSE,FALSE,FALSE,FALSE,FALSE,FALSE,FALSE,FALSE,7f1c1a27229f7a699fa85ff90b5be1266497c462407b39b11f6d94015af8e8ad,31d3575e77d9d04b75880bca9e10dbd0e13e61d21795052921dd3f702d909dd7
baseline,2,12,1000000,float,FALSE,scale_general,double,typed_double,1,552,0.148999999999997,0.149000000000001,f26b519d09797e4f4941392e4b52f307c71832f0aaad54da617e9078fe055e1c,6506614505e113daab08b3f894ca46d4d61867c7b007c413b47a669abe8aae67,0,double,552,FALSE,FALSE,FALSE,FALSE,FALSE,FALSE,FALSE,FALSE,7f1c1a27229f7a699fa85ff90b5be1266497c462407b39b11f6d94015af8e8ad,31d3575e77d9d04b75880bca9e10dbd0e13e61d21795052921dd3f702d909dd7
baseline,2,12,1000000,float,FALSE,scale_general,double,compact,2,361,0.151,0.151,72cc5cf98cf5a5166668db2e8420adb3bc862ec1b003fbdd7aeb0a9746f22870,6506614505e113daab08b3f894ca46d4d61867c7b007c413b47a669abe8aae67,0,float,361,TRUE,TRUE,FALSE,FALSE,FALSE,FALSE,FALSE,FALSE,7f1c1a27229f7a699fa85ff90b5be1266497c462407b39b11f6d94015af8e8ad,31d3575e77d9d04b75880bca9e10dbd0e13e61d21795052921dd3f702d909dd7
baseline,2,12,1000000,float,FALSE,scale_general,double,ordinary,3,586,0.155999999999999,0.155999999999999,f26b519d09797e4f4941392e4b52f307c71832f0aaad54da617e9078fe055e1c,6506614505e113daab08b3f894ca46d4d61867c7b007c413b47a669abe8aae67,0,,0,FALSE,FALSE,FALSE,FALSE,FALSE,FALSE,FALSE,FALSE,7f1c1a27229f7a699fa85ff90b5be1266497c462407b39b11f6d94015af8e8ad,31d3575e77d9d04b75880bca9e10dbd0e13e61d21795052921dd3f702d909dd7
baseline,2,13,1000000,float,FALSE,float_multiply,float,ordinary,1,605,0.152000000000001,0.152999999999999,0bba0ca591c120cf82ec7fba05e23d81983f377b8aa3fa66f476e26d1dada746,6506614505e113daab08b3f894ca46d4d61867c7b007c413b47a669abe8aae67,0,,0,FALSE,FALSE,FALSE,FALSE,FALSE,FALSE,FALSE,FALSE,7f1c1a27229f7a699fa85ff90b5be1266497c462407b39b11f6d94015af8e8ad,31d3575e77d9d04b75880bca9e10dbd0e13e61d21795052921dd3f702d909dd7
baseline,2,13,1000000,float,FALSE,float_multiply,float,typed_double,2,481,0.167,0.165000000000003,0bba0ca591c120cf82ec7fba05e23d81983f377b8aa3fa66f476e26d1dada746,6506614505e113daab08b3f894ca46d4d61867c7b007c413b47a669abe8aae67,0,double,481,FALSE,FALSE,FALSE,FALSE,FALSE,FALSE,FALSE,FALSE,7f1c1a27229f7a699fa85ff90b5be1266497c462407b39b11f6d94015af8e8ad,31d3575e77d9d04b75880bca9e10dbd0e13e61d21795052921dd3f702d909dd7
baseline,2,13,1000000,float,FALSE,float_multiply,float,compact,3,536,0.144000000000002,0.144000000000002,0bba0ca591c120cf82ec7fba05e23d81983f377b8aa3fa66f476e26d1dada746,6506614505e113daab08b3f894ca46d4d61867c7b007c413b47a669abe8aae67,0,float,536,TRUE,TRUE,FALSE,FALSE,TRUE,TRUE,FALSE,FALSE,7f1c1a27229f7a699fa85ff90b5be1266497c462407b39b11f6d94015af8e8ad,31d3575e77d9d04b75880bca9e10dbd0e13e61d21795052921dd3f702d909dd7
baseline,2,14,1000000,float,TRUE,scale_binary,double,compact,1,469,0.152000000000001,0.152000000000001,c2d92a8e75010c0ddb80329b9ca6cc4898ca1d4543392f8c8382c3fbfeeb5b4b,256764253c19afe4b22c7738fb2f83098a03d4dbde3db39ee8c24b205a95942a,1003,float,469,TRUE,TRUE,FALSE,FALSE,FALSE,FALSE,FALSE,FALSE,ee8f1f1d17d164fc3d811ad86cc889d11c328f41d3cd55762069bc2161e48c9f,6a2baa27cd05157233063b825243be4bdf1a2dbc88db2a6cdfd0b2527b28716b
baseline,2,14,1000000,float,TRUE,scale_binary,double,ordinary,2,626,0.164000000000001,0.163999999999998,21fac45dcda0cbc0ba9e1f553d3be3fedd245b921d5e2e4497a8d64f1e038117,256764253c19afe4b22c7738fb2f83098a03d4dbde3db39ee8c24b205a95942a,1003,,0,FALSE,FALSE,FALSE,FALSE,FALSE,FALSE,FALSE,FALSE,ee8f1f1d17d164fc3d811ad86cc889d11c328f41d3cd55762069bc2161e48c9f,6a2baa27cd05157233063b825243be4bdf1a2dbc88db2a6cdfd0b2527b28716b
baseline,2,14,1000000,float,TRUE,scale_binary,double,typed_double,3,552,0.148,0.148,c2d92a8e75010c0ddb80329b9ca6cc4898ca1d4543392f8c8382c3fbfeeb5b4b,256764253c19afe4b22c7738fb2f83098a03d4dbde3db39ee8c24b205a95942a,1003,double,552,FALSE,FALSE,FALSE,FALSE,FALSE,FALSE,FALSE,FALSE,ee8f1f1d17d164fc3d811ad86cc889d11c328f41d3cd55762069bc2161e48c9f,6a2baa27cd05157233063b825243be4bdf1a2dbc88db2a6cdfd0b2527b28716b
baseline,2,15,1000000,float,TRUE,scale_general,double,typed_double,1,569,0.167999999999999,0.167999999999999,ea87b3dd63bfda18195aef508608398181a11f876a570f6017c0c100c3497f49,256764253c19afe4b22c7738fb2f83098a03d4dbde3db39ee8c24b205a95942a,1003,double,569,FALSE,FALSE,FALSE,FALSE,FALSE,FALSE,FALSE,FALSE,ee8f1f1d17d164fc3d811ad86cc889d11c328f41d3cd55762069bc2161e48c9f,6a2baa27cd05157233063b825243be4bdf1a2dbc88db2a6cdfd0b2527b28716b
baseline,2,15,1000000,float,TRUE,scale_general,double,compact,2,276,0.149000000000001,0.149000000000001,c58bc992720c328eca610e60f8c3f93d7d61df77946cf51b8626b0d8b78368ef,256764253c19afe4b22c7738fb2f83098a03d4dbde3db39ee8c24b205a95942a,1003,float,276,TRUE,TRUE,FALSE,FALSE,FALSE,FALSE,FALSE,FALSE,ee8f1f1d17d164fc3d811ad86cc889d11c328f41d3cd55762069bc2161e48c9f,6a2baa27cd05157233063b825243be4bdf1a2dbc88db2a6cdfd0b2527b28716b
baseline,2,15,1000000,float,TRUE,scale_general,double,ordinary,3,647,0.155000000000001,0.155000000000001,8100d028390097d4a98b44ea0ff4cb617c6204331b80e5c7870832582030541c,256764253c19afe4b22c7738fb2f83098a03d4dbde3db39ee8c24b205a95942a,1003,,0,FALSE,FALSE,FALSE,FALSE,FALSE,FALSE,FALSE,FALSE,ee8f1f1d17d164fc3d811ad86cc889d11c328f41d3cd55762069bc2161e48c9f,6a2baa27cd05157233063b825243be4bdf1a2dbc88db2a6cdfd0b2527b28716b
baseline,2,16,1000000,float,TRUE,float_multiply,float,ordinary,1,586,0.150999999999999,0.151,96b0fd82fdfc837964eddbc19baef0073045dc1bea1ecc4b106e12605eb53860,d842a810a046337b5363ff7dafdaa01aa4553912ce2afa4ee95c617158d8e0e7,2011,,0,FALSE,FALSE,FALSE,FALSE,FALSE,FALSE,FALSE,FALSE,ee8f1f1d17d164fc3d811ad86cc889d11c328f41d3cd55762069bc2161e48c9f,6a2baa27cd05157233063b825243be4bdf1a2dbc88db2a6cdfd0b2527b28716b
baseline,2,16,1000000,float,TRUE,float_multiply,float,typed_double,2,481,0.166999999999998,0.166999999999998,8290dd7500cd078b2bd5437bf8fe0afa95dd1f1bab5eff045202e84b7d93eed9,d842a810a046337b5363ff7dafdaa01aa4553912ce2afa4ee95c617158d8e0e7,2011,double,481,FALSE,FALSE,FALSE,FALSE,FALSE,FALSE,FALSE,FALSE,ee8f1f1d17d164fc3d811ad86cc889d11c328f41d3cd55762069bc2161e48c9f,6a2baa27cd05157233063b825243be4bdf1a2dbc88db2a6cdfd0b2527b28716b
baseline,2,16,1000000,float,TRUE,float_multiply,float,compact,3,324,0.149000000000001,0.149999999999999,8290dd7500cd078b2bd5437bf8fe0afa95dd1f1bab5eff045202e84b7d93eed9,d842a810a046337b5363ff7dafdaa01aa4553912ce2afa4ee95c617158d8e0e7,2011,float,324,TRUE,TRUE,FALSE,FALSE,TRUE,TRUE,FALSE,FALSE,ee8f1f1d17d164fc3d811ad86cc889d11c328f41d3cd55762069bc2161e48c9f,6a2baa27cd05157233063b825243be4bdf1a2dbc88db2a6cdfd0b2527b28716b
baseline,2,17,1000000,long,FALSE,long_float_add,float,compact,1,391,0.164,0.163999999999998,5865d7f437b5487c8061f7274c6507b7ec0fc76362cd655e9259ebb78a28f057,6506614505e113daab08b3f894ca46d4d61867c7b007c413b47a669abe8aae67,0,double,391,TRUE,TRUE,FALSE,FALSE,TRUE,TRUE,FALSE,FALSE,8937acbbe87ff127e6567f97e52c6a17dbe3ea7052a39a3b76abe25c8e7eeb13,31d3575e77d9d04b75880bca9e10dbd0e13e61d21795052921dd3f702d909dd7
baseline,2,17,1000000,long,FALSE,long_float_add,float,ordinary,2,586,0.150000000000002,0.151,5865d7f437b5487c8061f7274c6507b7ec0fc76362cd655e9259ebb78a28f057,6506614505e113daab08b3f894ca46d4d61867c7b007c413b47a669abe8aae67,0,,0,FALSE,FALSE,FALSE,FALSE,FALSE,FALSE,FALSE,FALSE,8937acbbe87ff127e6567f97e52c6a17dbe3ea7052a39a3b76abe25c8e7eeb13,31d3575e77d9d04b75880bca9e10dbd0e13e61d21795052921dd3f702d909dd7
baseline,2,17,1000000,long,FALSE,long_float_add,float,typed_double,3,481,0.167000000000002,0.167000000000002,5865d7f437b5487c8061f7274c6507b7ec0fc76362cd655e9259ebb78a28f057,6506614505e113daab08b3f894ca46d4d61867c7b007c413b47a669abe8aae67,0,double,481,FALSE,FALSE,FALSE,FALSE,FALSE,FALSE,FALSE,FALSE,8937acbbe87ff127e6567f97e52c6a17dbe3ea7052a39a3b76abe25c8e7eeb13,31d3575e77d9d04b75880bca9e10dbd0e13e61d21795052921dd3f702d909dd7
baseline,2,18,1000000,long,TRUE,long_float_add,float,typed_double,1,481,0.167000000000002,0.167000000000002,087fb12a32e314d333c4287225113c3c6e3a135a9c18c162b3b5753b80f4350c,d842a810a046337b5363ff7dafdaa01aa4553912ce2afa4ee95c617158d8e0e7,2011,double,481,FALSE,FALSE,FALSE,FALSE,FALSE,FALSE,FALSE,FALSE,5af7169f9d20a77a6f06236647a66be1493d6e155163c245a466bda43242d0e7,6a2baa27cd05157233063b825243be4bdf1a2dbc88db2a6cdfd0b2527b28716b
baseline,2,18,1000000,long,TRUE,long_float_add,float,compact,2,285,0.153000000000001,0.151999999999997,087fb12a32e314d333c4287225113c3c6e3a135a9c18c162b3b5753b80f4350c,d842a810a046337b5363ff7dafdaa01aa4553912ce2afa4ee95c617158d8e0e7,2011,double,285,TRUE,TRUE,FALSE,FALSE,TRUE,TRUE,FALSE,FALSE,5af7169f9d20a77a6f06236647a66be1493d6e155163c245a466bda43242d0e7,6a2baa27cd05157233063b825243be4bdf1a2dbc88db2a6cdfd0b2527b28716b
baseline,2,18,1000000,long,TRUE,long_float_add,float,ordinary,3,586,0.168000000000002,0.167999999999999,ea5ac2e3896755c3d5082b83561d8673bb4f0147a7690b804a8d74cecbeda4c1,d842a810a046337b5363ff7dafdaa01aa4553912ce2afa4ee95c617158d8e0e7,2011,,0,FALSE,FALSE,FALSE,FALSE,FALSE,FALSE,FALSE,FALSE,5af7169f9d20a77a6f06236647a66be1493d6e155163c245a466bda43242d0e7,6a2baa27cd05157233063b825243be4bdf1a2dbc88db2a6cdfd0b2527b28716b
baseline,3,1,1000000,int,FALSE,scale_binary,double,typed_double,1,383,0.124,0.124,43cbc5fa02580f73a834cffb43a5ba0a0f4d7303cec536a2e3c58f1f469eb824,6506614505e113daab08b3f894ca46d4d61867c7b007c413b47a669abe8aae67,0,double,383,FALSE,FALSE,FALSE,FALSE,FALSE,FALSE,FALSE,FALSE,8937acbbe87ff127e6567f97e52c6a17dbe3ea7052a39a3b76abe25c8e7eeb13,31d3575e77d9d04b75880bca9e10dbd0e13e61d21795052921dd3f702d909dd7
baseline,3,1,1000000,int,FALSE,scale_binary,double,ordinary,2,605,0.168,0.168,43cbc5fa02580f73a834cffb43a5ba0a0f4d7303cec536a2e3c58f1f469eb824,6506614505e113daab08b3f894ca46d4d61867c7b007c413b47a669abe8aae67,0,,0,FALSE,FALSE,FALSE,FALSE,FALSE,FALSE,FALSE,FALSE,8937acbbe87ff127e6567f97e52c6a17dbe3ea7052a39a3b76abe25c8e7eeb13,31d3575e77d9d04b75880bca9e10dbd0e13e61d21795052921dd3f702d909dd7
baseline,3,1,1000000,int,FALSE,scale_binary,double,compact,3,586,0.156,0.157,43cbc5fa02580f73a834cffb43a5ba0a0f4d7303cec536a2e3c58f1f469eb824,6506614505e113daab08b3f894ca46d4d61867c7b007c413b47a669abe8aae67,0,int,586,TRUE,TRUE,FALSE,FALSE,FALSE,FALSE,FALSE,FALSE,8937acbbe87ff127e6567f97e52c6a17dbe3ea7052a39a3b76abe25c8e7eeb13,31d3575e77d9d04b75880bca9e10dbd0e13e61d21795052921dd3f702d909dd7
baseline,3,2,1000000,int,FALSE,mixed_add,float,ordinary,1,569,0.168,0.168,5865d7f437b5487c8061f7274c6507b7ec0fc76362cd655e9259ebb78a28f057,6506614505e113daab08b3f894ca46d4d61867c7b007c413b47a669abe8aae67,0,,0,FALSE,FALSE,FALSE,FALSE,FALSE,FALSE,FALSE,FALSE,8937acbbe87ff127e6567f97e52c6a17dbe3ea7052a39a3b76abe25c8e7eeb13,31d3575e77d9d04b75880bca9e10dbd0e13e61d21795052921dd3f702d909dd7
baseline,3,2,1000000,int,FALSE,mixed_add,float,compact,2,226,0.128,0.128,5865d7f437b5487c8061f7274c6507b7ec0fc76362cd655e9259ebb78a28f057,6506614505e113daab08b3f894ca46d4d61867c7b007c413b47a669abe8aae67,0,float,226,TRUE,TRUE,FALSE,FALSE,TRUE,TRUE,FALSE,FALSE,8937acbbe87ff127e6567f97e52c6a17dbe3ea7052a39a3b76abe25c8e7eeb13,31d3575e77d9d04b75880bca9e10dbd0e13e61d21795052921dd3f702d909dd7
baseline,3,2,1000000,int,FALSE,mixed_add,float,typed_double,3,447,0.163,0.163,5865d7f437b5487c8061f7274c6507b7ec0fc76362cd655e9259ebb78a28f057,6506614505e113daab08b3f894ca46d4d61867c7b007c413b47a669abe8aae67,0,double,447,FALSE,FALSE,FALSE,FALSE,FALSE,FALSE,FALSE,FALSE,8937acbbe87ff127e6567f97e52c6a17dbe3ea7052a39a3b76abe25c8e7eeb13,31d3575e77d9d04b75880bca9e10dbd0e13e61d21795052921dd3f702d909dd7
baseline,3,3,1000000,int,FALSE,mixed_multiply,float,compact,1,417,0.151,0.152,74e198320fcef535d96d5240bf6315c7f048f937cff6728206c4dc3e49c71557,6506614505e113daab08b3f894ca46d4d61867c7b007c413b47a669abe8aae67,0,float,417,TRUE,TRUE,FALSE,FALSE,TRUE,TRUE,FALSE,FALSE,8937acbbe87ff127e6567f97e52c6a17dbe3ea7052a39a3b76abe25c8e7eeb13,31d3575e77d9d04b75880bca9e10dbd0e13e61d21795052921dd3f702d909dd7
baseline,3,3,1000000,int,FALSE,mixed_multiply,float,typed_double,2,458,0.165,0.166,74e198320fcef535d96d5240bf6315c7f048f937cff6728206c4dc3e49c71557,6506614505e113daab08b3f894ca46d4d61867c7b007c413b47a669abe8aae67,0,double,458,FALSE,FALSE,FALSE,FALSE,FALSE,FALSE,FALSE,FALSE,8937acbbe87ff127e6567f97e52c6a17dbe3ea7052a39a3b76abe25c8e7eeb13,31d3575e77d9d04b75880bca9e10dbd0e13e61d21795052921dd3f702d909dd7
baseline,3,3,1000000,int,FALSE,mixed_multiply,float,ordinary,3,569,0.165,0.165,74e198320fcef535d96d5240bf6315c7f048f937cff6728206c4dc3e49c71557,6506614505e113daab08b3f894ca46d4d61867c7b007c413b47a669abe8aae67,0,,0,FALSE,FALSE,FALSE,FALSE,FALSE,FALSE,FALSE,FALSE,8937acbbe87ff127e6567f97e52c6a17dbe3ea7052a39a3b76abe25c8e7eeb13,31d3575e77d9d04b75880bca9e10dbd0e13e61d21795052921dd3f702d909dd7
baseline,3,4,1000000,int,FALSE,mixed_subtract,float,typed_double,1,469,0.17,0.169,562820f81b1e6756059905d249b0e791c9497c3738cb3dfcc54116eb0e12b3bb,6506614505e113daab08b3f894ca46d4d61867c7b007c413b47a669abe8aae67,0,double,469,FALSE,FALSE,FALSE,FALSE,FALSE,FALSE,FALSE,FALSE,8937acbbe87ff127e6567f97e52c6a17dbe3ea7052a39a3b76abe25c8e7eeb13,31d3575e77d9d04b75880bca9e10dbd0e13e61d21795052921dd3f702d909dd7
baseline,3,4,1000000,int,FALSE,mixed_subtract,float,ordinary,2,569,0.163999999999999,0.164,562820f81b1e6756059905d249b0e791c9497c3738cb3dfcc54116eb0e12b3bb,6506614505e113daab08b3f894ca46d4d61867c7b007c413b47a669abe8aae67,0,,0,FALSE,FALSE,FALSE,FALSE,FALSE,FALSE,FALSE,FALSE,8937acbbe87ff127e6567f97e52c6a17dbe3ea7052a39a3b76abe25c8e7eeb13,31d3575e77d9d04b75880bca9e10dbd0e13e61d21795052921dd3f702d909dd7
baseline,3,4,1000000,int,FALSE,mixed_subtract,float,compact,3,265,0.148000000000001,0.149,562820f81b1e6756059905d249b0e791c9497c3738cb3dfcc54116eb0e12b3bb,6506614505e113daab08b3f894ca46d4d61867c7b007c413b47a669abe8aae67,0,float,265,TRUE,TRUE,FALSE,FALSE,TRUE,TRUE,FALSE,FALSE,8937acbbe87ff127e6567f97e52c6a17dbe3ea7052a39a3b76abe25c8e7eeb13,31d3575e77d9d04b75880bca9e10dbd0e13e61d21795052921dd3f702d909dd7
baseline,3,5,1000000,int,FALSE,mixed_divide,float,ordinary,1,586,0.171,0.172,207f8b8d33a03b1bad310e4aa209e0380ad57e46bce136443d8943534bb38984,6506614505e113daab08b3f894ca46d4d61867c7b007c413b47a669abe8aae67,0,,0,FALSE,FALSE,FALSE,FALSE,FALSE,FALSE,FALSE,FALSE,8937acbbe87ff127e6567f97e52c6a17dbe3ea7052a39a3b76abe25c8e7eeb13,31d3575e77d9d04b75880bca9e10dbd0e13e61d21795052921dd3f702d909dd7
baseline,3,5,1000000,int,FALSE,mixed_divide,float,compact,2,254,0.149999999999999,0.15,6def527056a38d8935fa3283707f7647981cba07bc778f537219dc0819f5a317,e051abed22e2093d2b8ea7b2cfe0c0975a4a6ff84dc00b30fcbf1df31abbb480,999,float,254,TRUE,TRUE,FALSE,FALSE,TRUE,TRUE,FALSE,FALSE,8937acbbe87ff127e6567f97e52c6a17dbe3ea7052a39a3b76abe25c8e7eeb13,31d3575e77d9d04b75880bca9e10dbd0e13e61d21795052921dd3f702d909dd7
baseline,3,5,1000000,int,FALSE,mixed_divide,float,typed_double,3,469,0.166,0.167,ae7640ea952a6b99ff93c8fb8ca899b28cca71ffc2d089cf8759a799a7092922,e051abed22e2093d2b8ea7b2cfe0c0975a4a6ff84dc00b30fcbf1df31abbb480,999,double,469,FALSE,FALSE,FALSE,FALSE,FALSE,FALSE,FALSE,FALSE,8937acbbe87ff127e6567f97e52c6a17dbe3ea7052a39a3b76abe25c8e7eeb13,31d3575e77d9d04b75880bca9e10dbd0e13e61d21795052921dd3f702d909dd7
baseline,3,6,1000000,int,TRUE,scale_binary,double,compact,1,569,0.137,0.137,406aa86104df9ebd1e49e25bbc9266cbc0cc152fd09e7d28efa1e3b9f07c7f98,256764253c19afe4b22c7738fb2f83098a03d4dbde3db39ee8c24b205a95942a,1003,int,569,TRUE,TRUE,FALSE,FALSE,FALSE,FALSE,FALSE,FALSE,5af7169f9d20a77a6f06236647a66be1493d6e155163c245a466bda43242d0e7,6a2baa27cd05157233063b825243be4bdf1a2dbc88db2a6cdfd0b2527b28716b
baseline,3,6,1000000,int,TRUE,scale_binary,double,typed_double,2,552,0.166,0.166,406aa86104df9ebd1e49e25bbc9266cbc0cc152fd09e7d28efa1e3b9f07c7f98,256764253c19afe4b22c7738fb2f83098a03d4dbde3db39ee8c24b205a95942a,1003,double,552,FALSE,FALSE,FALSE,FALSE,FALSE,FALSE,FALSE,FALSE,5af7169f9d20a77a6f06236647a66be1493d6e155163c245a466bda43242d0e7,6a2baa27cd05157233063b825243be4bdf1a2dbc88db2a6cdfd0b2527b28716b
baseline,3,6,1000000,int,TRUE,scale_binary,double,ordinary,3,625,0.167,0.167999999999999,b10ddc1e7177ef92cdb14943c3981218bcd426a31f9c7d156ed4dbd4ea86c948,256764253c19afe4b22c7738fb2f83098a03d4dbde3db39ee8c24b205a95942a,1003,,0,FALSE,FALSE,FALSE,FALSE,FALSE,FALSE,FALSE,FALSE,5af7169f9d20a77a6f06236647a66be1493d6e155163c245a466bda43242d0e7,6a2baa27cd05157233063b825243be4bdf1a2dbc88db2a6cdfd0b2527b28716b
baseline,3,7,1000000,int,TRUE,mixed_add,float,typed_double,1,481,0.153,0.153,087fb12a32e314d333c4287225113c3c6e3a135a9c18c162b3b5753b80f4350c,d842a810a046337b5363ff7dafdaa01aa4553912ce2afa4ee95c617158d8e0e7,2011,double,481,FALSE,FALSE,FALSE,FALSE,FALSE,FALSE,FALSE,FALSE,5af7169f9d20a77a6f06236647a66be1493d6e155163c245a466bda43242d0e7,6a2baa27cd05157233063b825243be4bdf1a2dbc88db2a6cdfd0b2527b28716b
baseline,3,7,1000000,int,TRUE,mixed_add,float,ordinary,2,605,0.172999999999999,0.172000000000001,ea5ac2e3896755c3d5082b83561d8673bb4f0147a7690b804a8d74cecbeda4c1,d842a810a046337b5363ff7dafdaa01aa4553912ce2afa4ee95c617158d8e0e7,2011,,0,FALSE,FALSE,FALSE,FALSE,FALSE,FALSE,FALSE,FALSE,5af7169f9d20a77a6f06236647a66be1493d6e155163c245a466bda43242d0e7,6a2baa27cd05157233063b825243be4bdf1a2dbc88db2a6cdfd0b2527b28716b
baseline,3,7,1000000,int,TRUE,mixed_add,float,compact,3,209,0.148,0.148999999999999,087fb12a32e314d333c4287225113c3c6e3a135a9c18c162b3b5753b80f4350c,d842a810a046337b5363ff7dafdaa01aa4553912ce2afa4ee95c617158d8e0e7,2011,float,209,TRUE,TRUE,FALSE,FALSE,TRUE,TRUE,FALSE,FALSE,5af7169f9d20a77a6f06236647a66be1493d6e155163c245a466bda43242d0e7,6a2baa27cd05157233063b825243be4bdf1a2dbc88db2a6cdfd0b2527b28716b
baseline,3,8,1000000,int,TRUE,mixed_multiply,float,ordinary,1,391,0.100999999999999,0.0999999999999996,4e15a12f73c542a9193d69c8d13f89eb8b7adf975c41c2fdf2ef19e40aa99344,d842a810a046337b5363ff7dafdaa01aa4553912ce2afa4ee95c617158d8e0e7,2011,,0,FALSE,FALSE,FALSE,FALSE,FALSE,FALSE,FALSE,FALSE,5af7169f9d20a77a6f06236647a66be1493d6e155163c245a466bda43242d0e7,6a2baa27cd05157233063b825243be4bdf1a2dbc88db2a6cdfd0b2527b28716b
baseline,3,8,1000000,int,TRUE,mixed_multiply,float,compact,2,318,0.148,0.149000000000001,567cb444c88381ecb7601b5374668c9d2a719ee733326a0fd33b4e0cf98f607d,d842a810a046337b5363ff7dafdaa01aa4553912ce2afa4ee95c617158d8e0e7,2011,float,318,TRUE,TRUE,FALSE,FALSE,TRUE,TRUE,FALSE,FALSE,5af7169f9d20a77a6f06236647a66be1493d6e155163c245a466bda43242d0e7,6a2baa27cd05157233063b825243be4bdf1a2dbc88db2a6cdfd0b2527b28716b
baseline,3,8,1000000,int,TRUE,mixed_multiply,float,typed_double,3,481,0.167,0.168000000000001,567cb444c88381ecb7601b5374668c9d2a719ee733326a0fd33b4e0cf98f607d,d842a810a046337b5363ff7dafdaa01aa4553912ce2afa4ee95c617158d8e0e7,2011,double,481,FALSE,FALSE,FALSE,FALSE,FALSE,FALSE,FALSE,FALSE,5af7169f9d20a77a6f06236647a66be1493d6e155163c245a466bda43242d0e7,6a2baa27cd05157233063b825243be4bdf1a2dbc88db2a6cdfd0b2527b28716b
baseline,3,9,1000000,int,TRUE,mixed_subtract,float,compact,1,214,0.152000000000001,0.151999999999999,d888f35894142efc1f39ddcef1aefba1a7fd30f7ed69c00c2d2dda247f8581f5,d842a810a046337b5363ff7dafdaa01aa4553912ce2afa4ee95c617158d8e0e7,2011,float,214,TRUE,TRUE,FALSE,FALSE,TRUE,TRUE,FALSE,FALSE,5af7169f9d20a77a6f06236647a66be1493d6e155163c245a466bda43242d0e7,6a2baa27cd05157233063b825243be4bdf1a2dbc88db2a6cdfd0b2527b28716b
baseline,3,9,1000000,int,TRUE,mixed_subtract,float,typed_double,2,494,0.154,0.154,d888f35894142efc1f39ddcef1aefba1a7fd30f7ed69c00c2d2dda247f8581f5,d842a810a046337b5363ff7dafdaa01aa4553912ce2afa4ee95c617158d8e0e7,2011,double,494,FALSE,FALSE,FALSE,FALSE,FALSE,FALSE,FALSE,FALSE,5af7169f9d20a77a6f06236647a66be1493d6e155163c245a466bda43242d0e7,6a2baa27cd05157233063b825243be4bdf1a2dbc88db2a6cdfd0b2527b28716b
baseline,3,9,1000000,int,TRUE,mixed_subtract,float,ordinary,3,605,0.17,0.17,8679b1c92f66dcdd3080bd3788626bcd97f5333387bc5b48a1365f669c13dd17,d842a810a046337b5363ff7dafdaa01aa4553912ce2afa4ee95c617158d8e0e7,2011,,0,FALSE,FALSE,FALSE,FALSE,FALSE,FALSE,FALSE,FALSE,5af7169f9d20a77a6f06236647a66be1493d6e155163c245a466bda43242d0e7,6a2baa27cd05157233063b825243be4bdf1a2dbc88db2a6cdfd0b2527b28716b
baseline,3,10,1000000,int,TRUE,mixed_divide,float,typed_double,1,481,0.15,0.151,d9bdbdefafca1f8db32237efaff37c9feb9805d4bb814645e065f847f409fb4d,8363fa752350497662a4ce583648a56f69556d78062759212ea88bafefafff41,3008,double,481,FALSE,FALSE,FALSE,FALSE,FALSE,FALSE,FALSE,FALSE,5af7169f9d20a77a6f06236647a66be1493d6e155163c245a466bda43242d0e7,6a2baa27cd05157233063b825243be4bdf1a2dbc88db2a6cdfd0b2527b28716b
baseline,3,10,1000000,int,TRUE,mixed_divide,float,ordinary,2,586,0.167000000000002,0.167000000000002,406400422a4665eaaf4bff6e7465afe5c7d02f62dcaf8521b892a348eb502759,d842a810a046337b5363ff7dafdaa01aa4553912ce2afa4ee95c617158d8e0e7,2011,,0,FALSE,FALSE,FALSE,FALSE,FALSE,FALSE,FALSE,FALSE,5af7169f9d20a77a6f06236647a66be1493d6e155163c245a466bda43242d0e7,6a2baa27cd05157233063b825243be4bdf1a2dbc88db2a6cdfd0b2527b28716b
baseline,3,10,1000000,int,TRUE,mixed_divide,float,compact,3,202,0.149000000000001,0.149000000000001,ed5782b8feabbf0a281d1fa7c54c3046ca6c6b6db4b3a5d51d26e2fbb01b5dbe,8363fa752350497662a4ce583648a56f69556d78062759212ea88bafefafff41,3008,float,202,TRUE,TRUE,FALSE,FALSE,TRUE,TRUE,FALSE,FALSE,5af7169f9d20a77a6f06236647a66be1493d6e155163c245a466bda43242d0e7,6a2baa27cd05157233063b825243be4bdf1a2dbc88db2a6cdfd0b2527b28716b
baseline,3,11,1000000,float,FALSE,scale_binary,double,ordinary,1,626,0.167000000000002,0.166999999999998,5e4cb543f32269b2c2218b394ad1c41d44f6b32b3f8be7d200655b3b7d11f177,6506614505e113daab08b3f894ca46d4d61867c7b007c413b47a669abe8aae67,0,,0,FALSE,FALSE,FALSE,FALSE,FALSE,FALSE,FALSE,FALSE,7f1c1a27229f7a699fa85ff90b5be1266497c462407b39b11f6d94015af8e8ad,31d3575e77d9d04b75880bca9e10dbd0e13e61d21795052921dd3f702d909dd7
baseline,3,11,1000000,float,FALSE,scale_binary,double,compact,2,458,0.150000000000001,0.149000000000001,5e4cb543f32269b2c2218b394ad1c41d44f6b32b3f8be7d200655b3b7d11f177,6506614505e113daab08b3f894ca46d4d61867c7b007c413b47a669abe8aae67,0,float,458,TRUE,TRUE,FALSE,FALSE,FALSE,FALSE,FALSE,FALSE,7f1c1a27229f7a699fa85ff90b5be1266497c462407b39b11f6d94015af8e8ad,31d3575e77d9d04b75880bca9e10dbd0e13e61d21795052921dd3f702d909dd7
baseline,3,11,1000000,float,FALSE,scale_binary,double,typed_double,3,569,0.169,0.169999999999998,5e4cb543f32269b2c2218b394ad1c41d44f6b32b3f8be7d200655b3b7d11f177,6506614505e113daab08b3f894ca46d4d61867c7b007c413b47a669abe8aae67,0,double,569,FALSE,FALSE,FALSE,FALSE,FALSE,FALSE,FALSE,FALSE,7f1c1a27229f7a699fa85ff90b5be1266497c462407b39b11f6d94015af8e8ad,31d3575e77d9d04b75880bca9e10dbd0e13e61d21795052921dd3f702d909dd7
baseline,3,12,1000000,float,FALSE,scale_general,double,compact,1,361,0.149999999999999,0.151,72cc5cf98cf5a5166668db2e8420adb3bc862ec1b003fbdd7aeb0a9746f22870,6506614505e113daab08b3f894ca46d4d61867c7b007c413b47a669abe8aae67,0,float,361,TRUE,TRUE,FALSE,FALSE,FALSE,FALSE,FALSE,FALSE,7f1c1a27229f7a699fa85ff90b5be1266497c462407b39b11f6d94015af8e8ad,31d3575e77d9d04b75880bca9e10dbd0e13e61d21795052921dd3f702d909dd7
baseline,3,12,1000000,float,FALSE,scale_general,double,typed_double,2,569,0.152000000000001,0.152000000000001,f26b519d09797e4f4941392e4b52f307c71832f0aaad54da617e9078fe055e1c,6506614505e113daab08b3f894ca46d4d61867c7b007c413b47a669abe8aae67,0,double,569,FALSE,FALSE,FALSE,FALSE,FALSE,FALSE,FALSE,FALSE,7f1c1a27229f7a699fa85ff90b5be1266497c462407b39b11f6d94015af8e8ad,31d3575e77d9d04b75880bca9e10dbd0e13e61d21795052921dd3f702d909dd7
baseline,3,12,1000000,float,FALSE,scale_general,double,ordinary,3,647,0.172000000000002,0.171999999999997,f26b519d09797e4f4941392e4b52f307c71832f0aaad54da617e9078fe055e1c,6506614505e113daab08b3f894ca46d4d61867c7b007c413b47a669abe8aae67,0,,0,FALSE,FALSE,FALSE,FALSE,FALSE,FALSE,FALSE,FALSE,7f1c1a27229f7a699fa85ff90b5be1266497c462407b39b11f6d94015af8e8ad,31d3575e77d9d04b75880bca9e10dbd0e13e61d21795052921dd3f702d909dd7
baseline,3,13,1000000,float,FALSE,float_multiply,float,typed_double,1,494,0.155,0.154,0bba0ca591c120cf82ec7fba05e23d81983f377b8aa3fa66f476e26d1dada746,6506614505e113daab08b3f894ca46d4d61867c7b007c413b47a669abe8aae67,0,double,494,FALSE,FALSE,FALSE,FALSE,FALSE,FALSE,FALSE,FALSE,7f1c1a27229f7a699fa85ff90b5be1266497c462407b39b11f6d94015af8e8ad,31d3575e77d9d04b75880bca9e10dbd0e13e61d21795052921dd3f702d909dd7
baseline,3,13,1000000,float,FALSE,float_multiply,float,ordinary,2,605,0.169999999999998,0.169999999999998,0bba0ca591c120cf82ec7fba05e23d81983f377b8aa3fa66f476e26d1dada746,6506614505e113daab08b3f894ca46d4d61867c7b007c413b47a669abe8aae67,0,,0,FALSE,FALSE,FALSE,FALSE,FALSE,FALSE,FALSE,FALSE,7f1c1a27229f7a699fa85ff90b5be1266497c462407b39b11f6d94015af8e8ad,31d3575e77d9d04b75880bca9e10dbd0e13e61d21795052921dd3f702d909dd7
baseline,3,13,1000000,float,FALSE,float_multiply,float,compact,3,536,0.145,0.145,0bba0ca591c120cf82ec7fba05e23d81983f377b8aa3fa66f476e26d1dada746,6506614505e113daab08b3f894ca46d4d61867c7b007c413b47a669abe8aae67,0,float,536,TRUE,TRUE,FALSE,FALSE,TRUE,TRUE,FALSE,FALSE,7f1c1a27229f7a699fa85ff90b5be1266497c462407b39b11f6d94015af8e8ad,31d3575e77d9d04b75880bca9e10dbd0e13e61d21795052921dd3f702d909dd7
baseline,3,14,1000000,float,TRUE,scale_binary,double,ordinary,1,626,0.150000000000002,0.151,21fac45dcda0cbc0ba9e1f553d3be3fedd245b921d5e2e4497a8d64f1e038117,256764253c19afe4b22c7738fb2f83098a03d4dbde3db39ee8c24b205a95942a,1003,,0,FALSE,FALSE,FALSE,FALSE,FALSE,FALSE,FALSE,FALSE,ee8f1f1d17d164fc3d811ad86cc889d11c328f41d3cd55762069bc2161e48c9f,6a2baa27cd05157233063b825243be4bdf1a2dbc88db2a6cdfd0b2527b28716b
baseline,3,14,1000000,float,TRUE,scale_binary,double,compact,2,458,0.163,0.163,c2d92a8e75010c0ddb80329b9ca6cc4898ca1d4543392f8c8382c3fbfeeb5b4b,256764253c19afe4b22c7738fb2f83098a03d4dbde3db39ee8c24b205a95942a,1003,float,458,TRUE,TRUE,FALSE,FALSE,FALSE,FALSE,FALSE,FALSE,ee8f1f1d17d164fc3d811ad86cc889d11c328f41d3cd55762069bc2161e48c9f,6a2baa27cd05157233063b825243be4bdf1a2dbc88db2a6cdfd0b2527b28716b
baseline,3,14,1000000,float,TRUE,scale_binary,double,typed_double,3,569,0.151,0.152000000000001,c2d92a8e75010c0ddb80329b9ca6cc4898ca1d4543392f8c8382c3fbfeeb5b4b,256764253c19afe4b22c7738fb2f83098a03d4dbde3db39ee8c24b205a95942a,1003,double,569,FALSE,FALSE,FALSE,FALSE,FALSE,FALSE,FALSE,FALSE,ee8f1f1d17d164fc3d811ad86cc889d11c328f41d3cd55762069bc2161e48c9f,6a2baa27cd05157233063b825243be4bdf1a2dbc88db2a6cdfd0b2527b28716b
baseline,3,15,1000000,float,TRUE,scale_general,double,compact,1,276,0.149000000000001,0.148999999999997,c58bc992720c328eca610e60f8c3f93d7d61df77946cf51b8626b0d8b78368ef,256764253c19afe4b22c7738fb2f83098a03d4dbde3db39ee8c24b205a95942a,1003,float,276,TRUE,TRUE,FALSE,FALSE,FALSE,FALSE,FALSE,FALSE,ee8f1f1d17d164fc3d811ad86cc889d11c328f41d3cd55762069bc2161e48c9f,6a2baa27cd05157233063b825243be4bdf1a2dbc88db2a6cdfd0b2527b28716b
baseline,3,15,1000000,float,TRUE,scale_general,double,typed_double,2,569,0.166999999999998,0.167999999999999,ea87b3dd63bfda18195aef508608398181a11f876a570f6017c0c100c3497f49,256764253c19afe4b22c7738fb2f83098a03d4dbde3db39ee8c24b205a95942a,1003,double,569,FALSE,FALSE,FALSE,FALSE,FALSE,FALSE,FALSE,FALSE,ee8f1f1d17d164fc3d811ad86cc889d11c328f41d3cd55762069bc2161e48c9f,6a2baa27cd05157233063b825243be4bdf1a2dbc88db2a6cdfd0b2527b28716b
baseline,3,15,1000000,float,TRUE,scale_general,double,ordinary,3,625,0.149999999999999,0.149999999999999,8100d028390097d4a98b44ea0ff4cb617c6204331b80e5c7870832582030541c,256764253c19afe4b22c7738fb2f83098a03d4dbde3db39ee8c24b205a95942a,1003,,0,FALSE,FALSE,FALSE,FALSE,FALSE,FALSE,FALSE,FALSE,ee8f1f1d17d164fc3d811ad86cc889d11c328f41d3cd55762069bc2161e48c9f,6a2baa27cd05157233063b825243be4bdf1a2dbc88db2a6cdfd0b2527b28716b
baseline,3,16,1000000,float,TRUE,float_multiply,float,typed_double,1,494,0.148999999999997,0.149000000000001,8290dd7500cd078b2bd5437bf8fe0afa95dd1f1bab5eff045202e84b7d93eed9,d842a810a046337b5363ff7dafdaa01aa4553912ce2afa4ee95c617158d8e0e7,2011,double,494,FALSE,FALSE,FALSE,FALSE,FALSE,FALSE,FALSE,FALSE,ee8f1f1d17d164fc3d811ad86cc889d11c328f41d3cd55762069bc2161e48c9f,6a2baa27cd05157233063b825243be4bdf1a2dbc88db2a6cdfd0b2527b28716b
baseline,3,16,1000000,float,TRUE,float_multiply,float,ordinary,2,586,0.164999999999999,0.166,96b0fd82fdfc837964eddbc19baef0073045dc1bea1ecc4b106e12605eb53860,d842a810a046337b5363ff7dafdaa01aa4553912ce2afa4ee95c617158d8e0e7,2011,,0,FALSE,FALSE,FALSE,FALSE,FALSE,FALSE,FALSE,FALSE,ee8f1f1d17d164fc3d811ad86cc889d11c328f41d3cd55762069bc2161e48c9f,6a2baa27cd05157233063b825243be4bdf1a2dbc88db2a6cdfd0b2527b28716b
baseline,3,16,1000000,float,TRUE,float_multiply,float,compact,3,324,0.149999999999999,0.150000000000002,8290dd7500cd078b2bd5437bf8fe0afa95dd1f1bab5eff045202e84b7d93eed9,d842a810a046337b5363ff7dafdaa01aa4553912ce2afa4ee95c617158d8e0e7,2011,float,324,TRUE,TRUE,FALSE,FALSE,TRUE,TRUE,FALSE,FALSE,ee8f1f1d17d164fc3d811ad86cc889d11c328f41d3cd55762069bc2161e48c9f,6a2baa27cd05157233063b825243be4bdf1a2dbc88db2a6cdfd0b2527b28716b
baseline,3,17,1000000,long,FALSE,long_float_add,float,ordinary,1,605,0.169999999999998,0.170999999999999,5865d7f437b5487c8061f7274c6507b7ec0fc76362cd655e9259ebb78a28f057,6506614505e113daab08b3f894ca46d4d61867c7b007c413b47a669abe8aae67,0,,0,FALSE,FALSE,FALSE,FALSE,FALSE,FALSE,FALSE,FALSE,8937acbbe87ff127e6567f97e52c6a17dbe3ea7052a39a3b76abe25c8e7eeb13,31d3575e77d9d04b75880bca9e10dbd0e13e61d21795052921dd3f702d909dd7
baseline,3,17,1000000,long,FALSE,long_float_add,float,compact,2,399,0.167,0.166,5865d7f437b5487c8061f7274c6507b7ec0fc76362cd655e9259ebb78a28f057,6506614505e113daab08b3f894ca46d4d61867c7b007c413b47a669abe8aae67,0,double,399,TRUE,TRUE,FALSE,FALSE,TRUE,TRUE,FALSE,FALSE,8937acbbe87ff127e6567f97e52c6a17dbe3ea7052a39a3b76abe25c8e7eeb13,31d3575e77d9d04b75880bca9e10dbd0e13e61d21795052921dd3f702d909dd7
baseline,3,17,1000000,long,FALSE,long_float_add,float,typed_double,3,481,0.150999999999999,0.151,5865d7f437b5487c8061f7274c6507b7ec0fc76362cd655e9259ebb78a28f057,6506614505e113daab08b3f894ca46d4d61867c7b007c413b47a669abe8aae67,0,double,481,FALSE,FALSE,FALSE,FALSE,FALSE,FALSE,FALSE,FALSE,8937acbbe87ff127e6567f97e52c6a17dbe3ea7052a39a3b76abe25c8e7eeb13,31d3575e77d9d04b75880bca9e10dbd0e13e61d21795052921dd3f702d909dd7
baseline,3,18,1000000,long,TRUE,long_float_add,float,compact,1,285,0.166,0.167000000000002,087fb12a32e314d333c4287225113c3c6e3a135a9c18c162b3b5753b80f4350c,d842a810a046337b5363ff7dafdaa01aa4553912ce2afa4ee95c617158d8e0e7,2011,double,285,TRUE,TRUE,FALSE,FALSE,TRUE,TRUE,FALSE,FALSE,5af7169f9d20a77a6f06236647a66be1493d6e155163c245a466bda43242d0e7,6a2baa27cd05157233063b825243be4bdf1a2dbc88db2a6cdfd0b2527b28716b
baseline,3,18,1000000,long,TRUE,long_float_add,float,typed_double,2,494,0.154,0.154,087fb12a32e314d333c4287225113c3c6e3a135a9c18c162b3b5753b80f4350c,d842a810a046337b5363ff7dafdaa01aa4553912ce2afa4ee95c617158d8e0e7,2011,double,494,FALSE,FALSE,FALSE,FALSE,FALSE,FALSE,FALSE,FALSE,5af7169f9d20a77a6f06236647a66be1493d6e155163c245a466bda43242d0e7,6a2baa27cd05157233063b825243be4bdf1a2dbc88db2a6cdfd0b2527b28716b
baseline,3,18,1000000,long,TRUE,long_float_add,float,ordinary,3,605,0.170000000000002,0.169999999999998,ea5ac2e3896755c3d5082b83561d8673bb4f0147a7690b804a8d74cecbeda4c1,d842a810a046337b5363ff7dafdaa01aa4553912ce2afa4ee95c617158d8e0e7,2011,,0,FALSE,FALSE,FALSE,FALSE,FALSE,FALSE,FALSE,FALSE,5af7169f9d20a77a6f06236647a66be1493d6e155163c245a466bda43242d0e7,6a2baa27cd05157233063b825243be4bdf1a2dbc88db2a6cdfd0b2527b28716b
candidate,3,1,1000000,int,FALSE,scale_binary,double,typed_double,1,383,0.123,0.123,43cbc5fa02580f73a834cffb43a5ba0a0f4d7303cec536a2e3c58f1f469eb824,6506614505e113daab08b3f894ca46d4d61867c7b007c413b47a669abe8aae67,0,double,383,FALSE,FALSE,FALSE,FALSE,FALSE,FALSE,FALSE,FALSE,8937acbbe87ff127e6567f97e52c6a17dbe3ea7052a39a3b76abe25c8e7eeb13,31d3575e77d9d04b75880bca9e10dbd0e13e61d21795052921dd3f702d909dd7
candidate,3,1,1000000,int,FALSE,scale_binary,double,ordinary,2,605,0.17,0.169,43cbc5fa02580f73a834cffb43a5ba0a0f4d7303cec536a2e3c58f1f469eb824,6506614505e113daab08b3f894ca46d4d61867c7b007c413b47a669abe8aae67,0,,0,FALSE,FALSE,FALSE,FALSE,FALSE,FALSE,FALSE,FALSE,8937acbbe87ff127e6567f97e52c6a17dbe3ea7052a39a3b76abe25c8e7eeb13,31d3575e77d9d04b75880bca9e10dbd0e13e61d21795052921dd3f702d909dd7
candidate,3,1,1000000,int,FALSE,scale_binary,double,compact,3,586,0.157,0.156,43cbc5fa02580f73a834cffb43a5ba0a0f4d7303cec536a2e3c58f1f469eb824,6506614505e113daab08b3f894ca46d4d61867c7b007c413b47a669abe8aae67,0,int,586,TRUE,TRUE,FALSE,FALSE,FALSE,FALSE,FALSE,FALSE,8937acbbe87ff127e6567f97e52c6a17dbe3ea7052a39a3b76abe25c8e7eeb13,31d3575e77d9d04b75880bca9e10dbd0e13e61d21795052921dd3f702d909dd7
candidate,3,2,1000000,int,FALSE,mixed_add,float,ordinary,1,569,0.166,0.167,5865d7f437b5487c8061f7274c6507b7ec0fc76362cd655e9259ebb78a28f057,6506614505e113daab08b3f894ca46d4d61867c7b007c413b47a669abe8aae67,0,,0,FALSE,FALSE,FALSE,FALSE,FALSE,FALSE,FALSE,FALSE,8937acbbe87ff127e6567f97e52c6a17dbe3ea7052a39a3b76abe25c8e7eeb13,31d3575e77d9d04b75880bca9e10dbd0e13e61d21795052921dd3f702d909dd7
candidate,3,2,1000000,int,FALSE,mixed_add,float,compact,2,324,0.118,0.118,5865d7f437b5487c8061f7274c6507b7ec0fc76362cd655e9259ebb78a28f057,6506614505e113daab08b3f894ca46d4d61867c7b007c413b47a669abe8aae67,0,float,324,TRUE,TRUE,FALSE,FALSE,TRUE,TRUE,FALSE,FALSE,8937acbbe87ff127e6567f97e52c6a17dbe3ea7052a39a3b76abe25c8e7eeb13,31d3575e77d9d04b75880bca9e10dbd0e13e61d21795052921dd3f702d909dd7
candidate,3,2,1000000,int,FALSE,mixed_add,float,typed_double,3,469,0.169,0.169,5865d7f437b5487c8061f7274c6507b7ec0fc76362cd655e9259ebb78a28f057,6506614505e113daab08b3f894ca46d4d61867c7b007c413b47a669abe8aae67,0,double,469,FALSE,FALSE,FALSE,FALSE,FALSE,FALSE,FALSE,FALSE,8937acbbe87ff127e6567f97e52c6a17dbe3ea7052a39a3b76abe25c8e7eeb13,31d3575e77d9d04b75880bca9e10dbd0e13e61d21795052921dd3f702d909dd7
candidate,3,3,1000000,int,FALSE,mixed_multiply,float,compact,1,417,0.151,0.151,74e198320fcef535d96d5240bf6315c7f048f937cff6728206c4dc3e49c71557,6506614505e113daab08b3f894ca46d4d61867c7b007c413b47a669abe8aae67,0,float,417,TRUE,TRUE,FALSE,FALSE,TRUE,TRUE,FALSE,FALSE,8937acbbe87ff127e6567f97e52c6a17dbe3ea7052a39a3b76abe25c8e7eeb13,31d3575e77d9d04b75880bca9e10dbd0e13e61d21795052921dd3f702d909dd7
candidate,3,3,1000000,int,FALSE,mixed_multiply,float,typed_double,2,329,0.105,0.105,74e198320fcef535d96d5240bf6315c7f048f937cff6728206c4dc3e49c71557,6506614505e113daab08b3f894ca46d4d61867c7b007c413b47a669abe8aae67,0,double,329,FALSE,FALSE,FALSE,FALSE,FALSE,FALSE,FALSE,FALSE,8937acbbe87ff127e6567f97e52c6a17dbe3ea7052a39a3b76abe25c8e7eeb13,31d3575e77d9d04b75880bca9e10dbd0e13e61d21795052921dd3f702d909dd7
candidate,3,3,1000000,int,FALSE,mixed_multiply,float,ordinary,3,569,0.164,0.164,74e198320fcef535d96d5240bf6315c7f048f937cff6728206c4dc3e49c71557,6506614505e113daab08b3f894ca46d4d61867c7b007c413b47a669abe8aae67,0,,0,FALSE,FALSE,FALSE,FALSE,FALSE,FALSE,FALSE,FALSE,8937acbbe87ff127e6567f97e52c6a17dbe3ea7052a39a3b76abe25c8e7eeb13,31d3575e77d9d04b75880bca9e10dbd0e13e61d21795052921dd3f702d909dd7
candidate,3,4,1000000,int,FALSE,mixed_subtract,float,typed_double,1,329,0.105,0.105,562820f81b1e6756059905d249b0e791c9497c3738cb3dfcc54116eb0e12b3bb,6506614505e113daab08b3f894ca46d4d61867c7b007c413b47a669abe8aae67,0,double,329,FALSE,FALSE,FALSE,FALSE,FALSE,FALSE,FALSE,FALSE,8937acbbe87ff127e6567f97e52c6a17dbe3ea7052a39a3b76abe25c8e7eeb13,31d3575e77d9d04b75880bca9e10dbd0e13e61d21795052921dd3f702d909dd7
candidate,3,4,1000000,int,FALSE,mixed_subtract,float,ordinary,2,586,0.17,0.169,562820f81b1e6756059905d249b0e791c9497c3738cb3dfcc54116eb0e12b3bb,6506614505e113daab08b3f894ca46d4d61867c7b007c413b47a669abe8aae67,0,,0,FALSE,FALSE,FALSE,FALSE,FALSE,FALSE,FALSE,FALSE,8937acbbe87ff127e6567f97e52c6a17dbe3ea7052a39a3b76abe25c8e7eeb13,31d3575e77d9d04b75880bca9e10dbd0e13e61d21795052921dd3f702d909dd7
candidate,3,4,1000000,int,FALSE,mixed_subtract,float,compact,3,417,0.149999999999999,0.151,562820f81b1e6756059905d249b0e791c9497c3738cb3dfcc54116eb0e12b3bb,6506614505e113daab08b3f894ca46d4d61867c7b007c413b47a669abe8aae67,0,float,417,TRUE,TRUE,FALSE,FALSE,TRUE,TRUE,FALSE,FALSE,8937acbbe87ff127e6567f97e52c6a17dbe3ea7052a39a3b76abe25c8e7eeb13,31d3575e77d9d04b75880bca9e10dbd0e13e61d21795052921dd3f702d909dd7
candidate,3,5,1000000,int,FALSE,mixed_divide,float,ordinary,1,569,0.165,0.166,207f8b8d33a03b1bad310e4aa209e0380ad57e46bce136443d8943534bb38984,6506614505e113daab08b3f894ca46d4d61867c7b007c413b47a669abe8aae67,0,,0,FALSE,FALSE,FALSE,FALSE,FALSE,FALSE,FALSE,FALSE,8937acbbe87ff127e6567f97e52c6a17dbe3ea7052a39a3b76abe25c8e7eeb13,31d3575e77d9d04b75880bca9e10dbd0e13e61d21795052921dd3f702d909dd7
candidate,3,5,1000000,int,FALSE,mixed_divide,float,compact,2,254,0.15,0.149999999999999,6def527056a38d8935fa3283707f7647981cba07bc778f537219dc0819f5a317,e051abed22e2093d2b8ea7b2cfe0c0975a4a6ff84dc00b30fcbf1df31abbb480,999,float,254,TRUE,TRUE,FALSE,FALSE,TRUE,TRUE,FALSE,FALSE,8937acbbe87ff127e6567f97e52c6a17dbe3ea7052a39a3b76abe25c8e7eeb13,31d3575e77d9d04b75880bca9e10dbd0e13e61d21795052921dd3f702d909dd7
candidate,3,5,1000000,int,FALSE,mixed_divide,float,typed_double,3,469,0.164000000000001,0.164,ae7640ea952a6b99ff93c8fb8ca899b28cca71ffc2d089cf8759a799a7092922,e051abed22e2093d2b8ea7b2cfe0c0975a4a6ff84dc00b30fcbf1df31abbb480,999,double,469,FALSE,FALSE,FALSE,FALSE,FALSE,FALSE,FALSE,FALSE,8937acbbe87ff127e6567f97e52c6a17dbe3ea7052a39a3b76abe25c8e7eeb13,31d3575e77d9d04b75880bca9e10dbd0e13e61d21795052921dd3f702d909dd7
candidate,3,6,1000000,int,TRUE,scale_binary,double,compact,1,569,0.15,0.15,406aa86104df9ebd1e49e25bbc9266cbc0cc152fd09e7d28efa1e3b9f07c7f98,256764253c19afe4b22c7738fb2f83098a03d4dbde3db39ee8c24b205a95942a,1003,int,569,TRUE,TRUE,FALSE,FALSE,FALSE,FALSE,FALSE,FALSE,5af7169f9d20a77a6f06236647a66be1493d6e155163c245a466bda43242d0e7,6a2baa27cd05157233063b825243be4bdf1a2dbc88db2a6cdfd0b2527b28716b
candidate,3,6,1000000,int,TRUE,scale_binary,double,typed_double,2,536,0.163,0.164000000000001,406aa86104df9ebd1e49e25bbc9266cbc0cc152fd09e7d28efa1e3b9f07c7f98,256764253c19afe4b22c7738fb2f83098a03d4dbde3db39ee8c24b205a95942a,1003,double,536,FALSE,FALSE,FALSE,FALSE,FALSE,FALSE,FALSE,FALSE,5af7169f9d20a77a6f06236647a66be1493d6e155163c245a466bda43242d0e7,6a2baa27cd05157233063b825243be4bdf1a2dbc88db2a6cdfd0b2527b28716b
candidate,3,6,1000000,int,TRUE,scale_binary,double,ordinary,3,626,0.154999999999999,0.154,b10ddc1e7177ef92cdb14943c3981218bcd426a31f9c7d156ed4dbd4ea86c948,256764253c19afe4b22c7738fb2f83098a03d4dbde3db39ee8c24b205a95942a,1003,,0,FALSE,FALSE,FALSE,FALSE,FALSE,FALSE,FALSE,FALSE,5af7169f9d20a77a6f06236647a66be1493d6e155163c245a466bda43242d0e7,6a2baa27cd05157233063b825243be4bdf1a2dbc88db2a6cdfd0b2527b28716b
candidate,3,7,1000000,int,TRUE,mixed_add,float,typed_double,1,354,0.111000000000001,0.112,087fb12a32e314d333c4287225113c3c6e3a135a9c18c162b3b5753b80f4350c,d842a810a046337b5363ff7dafdaa01aa4553912ce2afa4ee95c617158d8e0e7,2011,double,354,FALSE,FALSE,FALSE,FALSE,FALSE,FALSE,FALSE,FALSE,5af7169f9d20a77a6f06236647a66be1493d6e155163c245a466bda43242d0e7,6a2baa27cd05157233063b825243be4bdf1a2dbc88db2a6cdfd0b2527b28716b
candidate,3,7,1000000,int,TRUE,mixed_add,float,ordinary,2,586,0.166,0.165999999999999,ea5ac2e3896755c3d5082b83561d8673bb4f0147a7690b804a8d74cecbeda4c1,d842a810a046337b5363ff7dafdaa01aa4553912ce2afa4ee95c617158d8e0e7,2011,,0,FALSE,FALSE,FALSE,FALSE,FALSE,FALSE,FALSE,FALSE,5af7169f9d20a77a6f06236647a66be1493d6e155163c245a466bda43242d0e7,6a2baa27cd05157233063b825243be4bdf1a2dbc88db2a6cdfd0b2527b28716b
candidate,3,7,1000000,int,TRUE,mixed_add,float,compact,3,324,0.152000000000001,0.151,087fb12a32e314d333c4287225113c3c6e3a135a9c18c162b3b5753b80f4350c,d842a810a046337b5363ff7dafdaa01aa4553912ce2afa4ee95c617158d8e0e7,2011,float,324,TRUE,TRUE,FALSE,FALSE,TRUE,TRUE,FALSE,FALSE,5af7169f9d20a77a6f06236647a66be1493d6e155163c245a466bda43242d0e7,6a2baa27cd05157233063b825243be4bdf1a2dbc88db2a6cdfd0b2527b28716b
candidate,3,8,1000000,int,TRUE,mixed_multiply,float,ordinary,1,605,0.168999999999999,0.169,4e15a12f73c542a9193d69c8d13f89eb8b7adf975c41c2fdf2ef19e40aa99344,d842a810a046337b5363ff7dafdaa01aa4553912ce2afa4ee95c617158d8e0e7,2011,,0,FALSE,FALSE,FALSE,FALSE,FALSE,FALSE,FALSE,FALSE,5af7169f9d20a77a6f06236647a66be1493d6e155163c245a466bda43242d0e7,6a2baa27cd05157233063b825243be4bdf1a2dbc88db2a6cdfd0b2527b28716b
candidate,3,8,1000000,int,TRUE,mixed_multiply,float,compact,2,318,0.148999999999999,0.148999999999999,567cb444c88381ecb7601b5374668c9d2a719ee733326a0fd33b4e0cf98f607d,d842a810a046337b5363ff7dafdaa01aa4553912ce2afa4ee95c617158d8e0e7,2011,float,318,TRUE,TRUE,FALSE,FALSE,TRUE,TRUE,FALSE,FALSE,5af7169f9d20a77a6f06236647a66be1493d6e155163c245a466bda43242d0e7,6a2baa27cd05157233063b825243be4bdf1a2dbc88db2a6cdfd0b2527b28716b
candidate,3,8,1000000,int,TRUE,mixed_multiply,float,typed_double,3,481,0.18,0.180000000000001,567cb444c88381ecb7601b5374668c9d2a719ee733326a0fd33b4e0cf98f607d,d842a810a046337b5363ff7dafdaa01aa4553912ce2afa4ee95c617158d8e0e7,2011,double,481,FALSE,FALSE,FALSE,FALSE,FALSE,FALSE,FALSE,FALSE,5af7169f9d20a77a6f06236647a66be1493d6e155163c245a466bda43242d0e7,6a2baa27cd05157233063b825243be4bdf1a2dbc88db2a6cdfd0b2527b28716b
candidate,3,9,1000000,int,TRUE,mixed_subtract,float,compact,1,318,0.150000000000001,0.149000000000001,d888f35894142efc1f39ddcef1aefba1a7fd30f7ed69c00c2d2dda247f8581f5,d842a810a046337b5363ff7dafdaa01aa4553912ce2afa4ee95c617158d8e0e7,2011,float,318,TRUE,TRUE,FALSE,FALSE,TRUE,TRUE,FALSE,FALSE,5af7169f9d20a77a6f06236647a66be1493d6e155163c245a466bda43242d0e7,6a2baa27cd05157233063b825243be4bdf1a2dbc88db2a6cdfd0b2527b28716b
candidate,3,9,1000000,int,TRUE,mixed_subtract,float,typed_double,2,469,0.163000000000001,0.161999999999999,d888f35894142efc1f39ddcef1aefba1a7fd30f7ed69c00c2d2dda247f8581f5,d842a810a046337b5363ff7dafdaa01aa4553912ce2afa4ee95c617158d8e0e7,2011,double,469,FALSE,FALSE,FALSE,FALSE,FALSE,FALSE,FALSE,FALSE,5af7169f9d20a77a6f06236647a66be1493d6e155163c245a466bda43242d0e7,6a2baa27cd05157233063b825243be4bdf1a2dbc88db2a6cdfd0b2527b28716b
candidate,3,9,1000000,int,TRUE,mixed_subtract,float,ordinary,3,605,0.168999999999999,0.17,8679b1c92f66dcdd3080bd3788626bcd97f5333387bc5b48a1365f669c13dd17,d842a810a046337b5363ff7dafdaa01aa4553912ce2afa4ee95c617158d8e0e7,2011,,0,FALSE,FALSE,FALSE,FALSE,FALSE,FALSE,FALSE,FALSE,5af7169f9d20a77a6f06236647a66be1493d6e155163c245a466bda43242d0e7,6a2baa27cd05157233063b825243be4bdf1a2dbc88db2a6cdfd0b2527b28716b
candidate,3,10,1000000,int,TRUE,mixed_divide,float,typed_double,1,481,0.151,0.151,d9bdbdefafca1f8db32237efaff37c9feb9805d4bb814645e065f847f409fb4d,8363fa752350497662a4ce583648a56f69556d78062759212ea88bafefafff41,3008,double,481,FALSE,FALSE,FALSE,FALSE,FALSE,FALSE,FALSE,FALSE,5af7169f9d20a77a6f06236647a66be1493d6e155163c245a466bda43242d0e7,6a2baa27cd05157233063b825243be4bdf1a2dbc88db2a6cdfd0b2527b28716b
candidate,3,10,1000000,int,TRUE,mixed_divide,float,ordinary,2,569,0.164999999999999,0.164999999999999,406400422a4665eaaf4bff6e7465afe5c7d02f62dcaf8521b892a348eb502759,d842a810a046337b5363ff7dafdaa01aa4553912ce2afa4ee95c617158d8e0e7,2011,,0,FALSE,FALSE,FALSE,FALSE,FALSE,FALSE,FALSE,FALSE,5af7169f9d20a77a6f06236647a66be1493d6e155163c245a466bda43242d0e7,6a2baa27cd05157233063b825243be4bdf1a2dbc88db2a6cdfd0b2527b28716b
candidate,3,10,1000000,int,TRUE,mixed_divide,float,compact,3,202,0.149,0.148,ed5782b8feabbf0a281d1fa7c54c3046ca6c6b6db4b3a5d51d26e2fbb01b5dbe,8363fa752350497662a4ce583648a56f69556d78062759212ea88bafefafff41,3008,float,202,TRUE,TRUE,FALSE,FALSE,TRUE,TRUE,FALSE,FALSE,5af7169f9d20a77a6f06236647a66be1493d6e155163c245a466bda43242d0e7,6a2baa27cd05157233063b825243be4bdf1a2dbc88db2a6cdfd0b2527b28716b
candidate,3,11,1000000,float,FALSE,scale_binary,double,ordinary,1,626,0.166999999999998,0.166999999999998,5e4cb543f32269b2c2218b394ad1c41d44f6b32b3f8be7d200655b3b7d11f177,6506614505e113daab08b3f894ca46d4d61867c7b007c413b47a669abe8aae67,0,,0,FALSE,FALSE,FALSE,FALSE,FALSE,FALSE,FALSE,FALSE,7f1c1a27229f7a699fa85ff90b5be1266497c462407b39b11f6d94015af8e8ad,31d3575e77d9d04b75880bca9e10dbd0e13e61d21795052921dd3f702d909dd7
candidate,3,11,1000000,float,FALSE,scale_binary,double,compact,2,469,0.153000000000001,0.152000000000001,5e4cb543f32269b2c2218b394ad1c41d44f6b32b3f8be7d200655b3b7d11f177,6506614505e113daab08b3f894ca46d4d61867c7b007c413b47a669abe8aae67,0,float,469,TRUE,TRUE,FALSE,FALSE,FALSE,FALSE,FALSE,FALSE,7f1c1a27229f7a699fa85ff90b5be1266497c462407b39b11f6d94015af8e8ad,31d3575e77d9d04b75880bca9e10dbd0e13e61d21795052921dd3f702d909dd7
candidate,3,11,1000000,float,FALSE,scale_binary,double,typed_double,3,569,0.167999999999999,0.169,5e4cb543f32269b2c2218b394ad1c41d44f6b32b3f8be7d200655b3b7d11f177,6506614505e113daab08b3f894ca46d4d61867c7b007c413b47a669abe8aae67,0,double,569,FALSE,FALSE,FALSE,FALSE,FALSE,FALSE,FALSE,FALSE,7f1c1a27229f7a699fa85ff90b5be1266497c462407b39b11f6d94015af8e8ad,31d3575e77d9d04b75880bca9e10dbd0e13e61d21795052921dd3f702d909dd7
candidate,3,12,1000000,float,FALSE,scale_general,double,compact,1,354,0.146999999999998,0.148,72cc5cf98cf5a5166668db2e8420adb3bc862ec1b003fbdd7aeb0a9746f22870,6506614505e113daab08b3f894ca46d4d61867c7b007c413b47a669abe8aae67,0,float,354,TRUE,TRUE,FALSE,FALSE,FALSE,FALSE,FALSE,FALSE,7f1c1a27229f7a699fa85ff90b5be1266497c462407b39b11f6d94015af8e8ad,31d3575e77d9d04b75880bca9e10dbd0e13e61d21795052921dd3f702d909dd7
candidate,3,12,1000000,float,FALSE,scale_general,double,typed_double,2,569,0.169,0.168999999999997,f26b519d09797e4f4941392e4b52f307c71832f0aaad54da617e9078fe055e1c,6506614505e113daab08b3f894ca46d4d61867c7b007c413b47a669abe8aae67,0,double,569,FALSE,FALSE,FALSE,FALSE,FALSE,FALSE,FALSE,FALSE,7f1c1a27229f7a699fa85ff90b5be1266497c462407b39b11f6d94015af8e8ad,31d3575e77d9d04b75880bca9e10dbd0e13e61d21795052921dd3f702d909dd7
candidate,3,12,1000000,float,FALSE,scale_general,double,ordinary,3,626,0.153000000000001,0.152000000000001,f26b519d09797e4f4941392e4b52f307c71832f0aaad54da617e9078fe055e1c,6506614505e113daab08b3f894ca46d4d61867c7b007c413b47a669abe8aae67,0,,0,FALSE,FALSE,FALSE,FALSE,FALSE,FALSE,FALSE,FALSE,7f1c1a27229f7a699fa85ff90b5be1266497c462407b39b11f6d94015af8e8ad,31d3575e77d9d04b75880bca9e10dbd0e13e61d21795052921dd3f702d909dd7
candidate,3,13,1000000,float,FALSE,float_multiply,float,typed_double,1,481,0.164999999999999,0.163999999999998,0bba0ca591c120cf82ec7fba05e23d81983f377b8aa3fa66f476e26d1dada746,6506614505e113daab08b3f894ca46d4d61867c7b007c413b47a669abe8aae67,0,double,481,FALSE,FALSE,FALSE,FALSE,FALSE,FALSE,FALSE,FALSE,7f1c1a27229f7a699fa85ff90b5be1266497c462407b39b11f6d94015af8e8ad,31d3575e77d9d04b75880bca9e10dbd0e13e61d21795052921dd3f702d909dd7
candidate,3,13,1000000,float,FALSE,float_multiply,float,ordinary,2,605,0.157,0.157,0bba0ca591c120cf82ec7fba05e23d81983f377b8aa3fa66f476e26d1dada746,6506614505e113daab08b3f894ca46d4d61867c7b007c413b47a669abe8aae67,0,,0,FALSE,FALSE,FALSE,FALSE,FALSE,FALSE,FALSE,FALSE,7f1c1a27229f7a699fa85ff90b5be1266497c462407b39b11f6d94015af8e8ad,31d3575e77d9d04b75880bca9e10dbd0e13e61d21795052921dd3f702d909dd7
candidate,3,13,1000000,float,FALSE,float_multiply,float,compact,3,536,0.146,0.145999999999997,0bba0ca591c120cf82ec7fba05e23d81983f377b8aa3fa66f476e26d1dada746,6506614505e113daab08b3f894ca46d4d61867c7b007c413b47a669abe8aae67,0,float,536,TRUE,TRUE,FALSE,FALSE,TRUE,TRUE,FALSE,FALSE,7f1c1a27229f7a699fa85ff90b5be1266497c462407b39b11f6d94015af8e8ad,31d3575e77d9d04b75880bca9e10dbd0e13e61d21795052921dd3f702d909dd7
candidate,3,14,1000000,float,TRUE,scale_binary,double,ordinary,1,605,0.16,0.16,21fac45dcda0cbc0ba9e1f553d3be3fedd245b921d5e2e4497a8d64f1e038117,256764253c19afe4b22c7738fb2f83098a03d4dbde3db39ee8c24b205a95942a,1003,,0,FALSE,FALSE,FALSE,FALSE,FALSE,FALSE,FALSE,FALSE,ee8f1f1d17d164fc3d811ad86cc889d11c328f41d3cd55762069bc2161e48c9f,6a2baa27cd05157233063b825243be4bdf1a2dbc88db2a6cdfd0b2527b28716b
candidate,3,14,1000000,float,TRUE,scale_binary,double,compact,2,447,0.145,0.146000000000001,c2d92a8e75010c0ddb80329b9ca6cc4898ca1d4543392f8c8382c3fbfeeb5b4b,256764253c19afe4b22c7738fb2f83098a03d4dbde3db39ee8c24b205a95942a,1003,float,447,TRUE,TRUE,FALSE,FALSE,FALSE,FALSE,FALSE,FALSE,ee8f1f1d17d164fc3d811ad86cc889d11c328f41d3cd55762069bc2161e48c9f,6a2baa27cd05157233063b825243be4bdf1a2dbc88db2a6cdfd0b2527b28716b
candidate,3,14,1000000,float,TRUE,scale_binary,double,typed_double,3,569,0.168999999999997,0.167999999999999,c2d92a8e75010c0ddb80329b9ca6cc4898ca1d4543392f8c8382c3fbfeeb5b4b,256764253c19afe4b22c7738fb2f83098a03d4dbde3db39ee8c24b205a95942a,1003,double,569,FALSE,FALSE,FALSE,FALSE,FALSE,FALSE,FALSE,FALSE,ee8f1f1d17d164fc3d811ad86cc889d11c328f41d3cd55762069bc2161e48c9f,6a2baa27cd05157233063b825243be4bdf1a2dbc88db2a6cdfd0b2527b28716b
candidate,3,15,1000000,float,TRUE,scale_general,double,compact,1,276,0.149000000000001,0.148999999999997,c58bc992720c328eca610e60f8c3f93d7d61df77946cf51b8626b0d8b78368ef,256764253c19afe4b22c7738fb2f83098a03d4dbde3db39ee8c24b205a95942a,1003,float,276,TRUE,TRUE,FALSE,FALSE,FALSE,FALSE,FALSE,FALSE,ee8f1f1d17d164fc3d811ad86cc889d11c328f41d3cd55762069bc2161e48c9f,6a2baa27cd05157233063b825243be4bdf1a2dbc88db2a6cdfd0b2527b28716b
candidate,3,15,1000000,float,TRUE,scale_general,double,typed_double,2,552,0.163,0.164000000000001,ea87b3dd63bfda18195aef508608398181a11f876a570f6017c0c100c3497f49,256764253c19afe4b22c7738fb2f83098a03d4dbde3db39ee8c24b205a95942a,1003,double,552,FALSE,FALSE,FALSE,FALSE,FALSE,FALSE,FALSE,FALSE,ee8f1f1d17d164fc3d811ad86cc889d11c328f41d3cd55762069bc2161e48c9f,6a2baa27cd05157233063b825243be4bdf1a2dbc88db2a6cdfd0b2527b28716b
candidate,3,15,1000000,float,TRUE,scale_general,double,ordinary,3,625,0.151000000000002,0.151,8100d028390097d4a98b44ea0ff4cb617c6204331b80e5c7870832582030541c,256764253c19afe4b22c7738fb2f83098a03d4dbde3db39ee8c24b205a95942a,1003,,0,FALSE,FALSE,FALSE,FALSE,FALSE,FALSE,FALSE,FALSE,ee8f1f1d17d164fc3d811ad86cc889d11c328f41d3cd55762069bc2161e48c9f,6a2baa27cd05157233063b825243be4bdf1a2dbc88db2a6cdfd0b2527b28716b
candidate,3,16,1000000,float,TRUE,float_multiply,float,typed_double,1,481,0.164999999999998,0.163,8290dd7500cd078b2bd5437bf8fe0afa95dd1f1bab5eff045202e84b7d93eed9,d842a810a046337b5363ff7dafdaa01aa4553912ce2afa4ee95c617158d8e0e7,2011,double,481,FALSE,FALSE,FALSE,FALSE,FALSE,FALSE,FALSE,FALSE,ee8f1f1d17d164fc3d811ad86cc889d11c328f41d3cd55762069bc2161e48c9f,6a2baa27cd05157233063b825243be4bdf1a2dbc88db2a6cdfd0b2527b28716b
candidate,3,16,1000000,float,TRUE,float_multiply,float,ordinary,2,605,0.152999999999999,0.152999999999999,96b0fd82fdfc837964eddbc19baef0073045dc1bea1ecc4b106e12605eb53860,d842a810a046337b5363ff7dafdaa01aa4553912ce2afa4ee95c617158d8e0e7,2011,,0,FALSE,FALSE,FALSE,FALSE,FALSE,FALSE,FALSE,FALSE,ee8f1f1d17d164fc3d811ad86cc889d11c328f41d3cd55762069bc2161e48c9f,6a2baa27cd05157233063b825243be4bdf1a2dbc88db2a6cdfd0b2527b28716b
candidate,3,16,1000000,float,TRUE,float_multiply,float,compact,3,324,0.149000000000001,0.149000000000001,8290dd7500cd078b2bd5437bf8fe0afa95dd1f1bab5eff045202e84b7d93eed9,d842a810a046337b5363ff7dafdaa01aa4553912ce2afa4ee95c617158d8e0e7,2011,float,324,TRUE,TRUE,FALSE,FALSE,TRUE,TRUE,FALSE,FALSE,ee8f1f1d17d164fc3d811ad86cc889d11c328f41d3cd55762069bc2161e48c9f,6a2baa27cd05157233063b825243be4bdf1a2dbc88db2a6cdfd0b2527b28716b
candidate,3,17,1000000,long,FALSE,long_float_add,float,ordinary,1,605,0.170999999999998,0.170999999999999,5865d7f437b5487c8061f7274c6507b7ec0fc76362cd655e9259ebb78a28f057,6506614505e113daab08b3f894ca46d4d61867c7b007c413b47a669abe8aae67,0,,0,FALSE,FALSE,FALSE,FALSE,FALSE,FALSE,FALSE,FALSE,8937acbbe87ff127e6567f97e52c6a17dbe3ea7052a39a3b76abe25c8e7eeb13,31d3575e77d9d04b75880bca9e10dbd0e13e61d21795052921dd3f702d909dd7
candidate,3,17,1000000,long,FALSE,long_float_add,float,compact,2,399,0.148,0.148,5865d7f437b5487c8061f7274c6507b7ec0fc76362cd655e9259ebb78a28f057,6506614505e113daab08b3f894ca46d4d61867c7b007c413b47a669abe8aae67,0,double,399,TRUE,TRUE,FALSE,FALSE,TRUE,TRUE,FALSE,FALSE,8937acbbe87ff127e6567f97e52c6a17dbe3ea7052a39a3b76abe25c8e7eeb13,31d3575e77d9d04b75880bca9e10dbd0e13e61d21795052921dd3f702d909dd7
candidate,3,17,1000000,long,FALSE,long_float_add,float,typed_double,3,494,0.166,0.166,5865d7f437b5487c8061f7274c6507b7ec0fc76362cd655e9259ebb78a28f057,6506614505e113daab08b3f894ca46d4d61867c7b007c413b47a669abe8aae67,0,double,494,FALSE,FALSE,FALSE,FALSE,FALSE,FALSE,FALSE,FALSE,8937acbbe87ff127e6567f97e52c6a17dbe3ea7052a39a3b76abe25c8e7eeb13,31d3575e77d9d04b75880bca9e10dbd0e13e61d21795052921dd3f702d909dd7
candidate,3,18,1000000,long,TRUE,long_float_add,float,compact,1,276,0.146000000000001,0.146000000000001,087fb12a32e314d333c4287225113c3c6e3a135a9c18c162b3b5753b80f4350c,d842a810a046337b5363ff7dafdaa01aa4553912ce2afa4ee95c617158d8e0e7,2011,double,276,TRUE,TRUE,FALSE,FALSE,TRUE,TRUE,FALSE,FALSE,5af7169f9d20a77a6f06236647a66be1493d6e155163c245a466bda43242d0e7,6a2baa27cd05157233063b825243be4bdf1a2dbc88db2a6cdfd0b2527b28716b
candidate,3,18,1000000,long,TRUE,long_float_add,float,typed_double,2,507,0.154000000000002,0.154,087fb12a32e314d333c4287225113c3c6e3a135a9c18c162b3b5753b80f4350c,d842a810a046337b5363ff7dafdaa01aa4553912ce2afa4ee95c617158d8e0e7,2011,double,507,FALSE,FALSE,FALSE,FALSE,FALSE,FALSE,FALSE,FALSE,5af7169f9d20a77a6f06236647a66be1493d6e155163c245a466bda43242d0e7,6a2baa27cd05157233063b825243be4bdf1a2dbc88db2a6cdfd0b2527b28716b
candidate,3,18,1000000,long,TRUE,long_float_add,float,ordinary,3,586,0.162000000000003,0.161999999999999,ea5ac2e3896755c3d5082b83561d8673bb4f0147a7690b804a8d74cecbeda4c1,d842a810a046337b5363ff7dafdaa01aa4553912ce2afa4ee95c617158d8e0e7,2011,,0,FALSE,FALSE,FALSE,FALSE,FALSE,FALSE,FALSE,FALSE,5af7169f9d20a77a6f06236647a66be1493d6e155163c245a466bda43242d0e7,6a2baa27cd05157233063b825243be4bdf1a2dbc88db2a6cdfd0b2527b28716b
candidate,4,1,1000000,int,FALSE,scale_binary,double,typed_double,1,375,0.122,0.122,43cbc5fa02580f73a834cffb43a5ba0a0f4d7303cec536a2e3c58f1f469eb824,6506614505e113daab08b3f894ca46d4d61867c7b007c413b47a669abe8aae67,0,double,375,FALSE,FALSE,FALSE,FALSE,FALSE,FALSE,FALSE,FALSE,8937acbbe87ff127e6567f97e52c6a17dbe3ea7052a39a3b76abe25c8e7eeb13,31d3575e77d9d04b75880bca9e10dbd0e13e61d21795052921dd3f702d909dd7
candidate,4,1,1000000,int,FALSE,scale_binary,double,compact,2,586,0.142,0.142,43cbc5fa02580f73a834cffb43a5ba0a0f4d7303cec536a2e3c58f1f469eb824,6506614505e113daab08b3f894ca46d4d61867c7b007c413b47a669abe8aae67,0,int,586,TRUE,TRUE,FALSE,FALSE,FALSE,FALSE,FALSE,FALSE,8937acbbe87ff127e6567f97e52c6a17dbe3ea7052a39a3b76abe25c8e7eeb13,31d3575e77d9d04b75880bca9e10dbd0e13e61d21795052921dd3f702d909dd7
candidate,4,1,1000000,int,FALSE,scale_binary,double,ordinary,3,605,0.167,0.166,43cbc5fa02580f73a834cffb43a5ba0a0f4d7303cec536a2e3c58f1f469eb824,6506614505e113daab08b3f894ca46d4d61867c7b007c413b47a669abe8aae67,0,,0,FALSE,FALSE,FALSE,FALSE,FALSE,FALSE,FALSE,FALSE,8937acbbe87ff127e6567f97e52c6a17dbe3ea7052a39a3b76abe25c8e7eeb13,31d3575e77d9d04b75880bca9e10dbd0e13e61d21795052921dd3f702d909dd7
candidate,4,2,1000000,int,FALSE,mixed_add,float,ordinary,1,399,0.105,0.106,5865d7f437b5487c8061f7274c6507b7ec0fc76362cd655e9259ebb78a28f057,6506614505e113daab08b3f894ca46d4d61867c7b007c413b47a669abe8aae67,0,,0,FALSE,FALSE,FALSE,FALSE,FALSE,FALSE,FALSE,FALSE,8937acbbe87ff127e6567f97e52c6a17dbe3ea7052a39a3b76abe25c8e7eeb13,31d3575e77d9d04b75880bca9e10dbd0e13e61d21795052921dd3f702d909dd7
candidate,4,2,1000000,int,FALSE,mixed_add,float,typed_double,2,329,0.107,0.108,5865d7f437b5487c8061f7274c6507b7ec0fc76362cd655e9259ebb78a28f057,6506614505e113daab08b3f894ca46d4d61867c7b007c413b47a669abe8aae67,0,double,329,FALSE,FALSE,FALSE,FALSE,FALSE,FALSE,FALSE,FALSE,8937acbbe87ff127e6567f97e52c6a17dbe3ea7052a39a3b76abe25c8e7eeb13,31d3575e77d9d04b75880bca9e10dbd0e13e61d21795052921dd3f702d909dd7
candidate,4,2,1000000,int,FALSE,mixed_add,float,compact,3,408,0.148,0.148,5865d7f437b5487c8061f7274c6507b7ec0fc76362cd655e9259ebb78a28f057,6506614505e113daab08b3f894ca46d4d61867c7b007c413b47a669abe8aae67,0,float,408,TRUE,TRUE,FALSE,FALSE,TRUE,TRUE,FALSE,FALSE,8937acbbe87ff127e6567f97e52c6a17dbe3ea7052a39a3b76abe25c8e7eeb13,31d3575e77d9d04b75880bca9e10dbd0e13e61d21795052921dd3f702d909dd7
candidate,4,3,1000000,int,FALSE,mixed_multiply,float,compact,1,417,0.150999999999999,0.151,74e198320fcef535d96d5240bf6315c7f048f937cff6728206c4dc3e49c71557,6506614505e113daab08b3f894ca46d4d61867c7b007c413b47a669abe8aae67,0,float,417,TRUE,TRUE,FALSE,FALSE,TRUE,TRUE,FALSE,FALSE,8937acbbe87ff127e6567f97e52c6a17dbe3ea7052a39a3b76abe25c8e7eeb13,31d3575e77d9d04b75880bca9e10dbd0e13e61d21795052921dd3f702d909dd7
candidate,4,3,1000000,int,FALSE,mixed_multiply,float,ordinary,2,569,0.179,0.178,74e198320fcef535d96d5240bf6315c7f048f937cff6728206c4dc3e49c71557,6506614505e113daab08b3f894ca46d4d61867c7b007c413b47a669abe8aae67,0,,0,FALSE,FALSE,FALSE,FALSE,FALSE,FALSE,FALSE,FALSE,8937acbbe87ff127e6567f97e52c6a17dbe3ea7052a39a3b76abe25c8e7eeb13,31d3575e77d9d04b75880bca9e10dbd0e13e61d21795052921dd3f702d909dd7
candidate,4,3,1000000,int,FALSE,mixed_multiply,float,typed_double,3,458,0.164000000000001,0.164000000000001,74e198320fcef535d96d5240bf6315c7f048f937cff6728206c4dc3e49c71557,6506614505e113daab08b3f894ca46d4d61867c7b007c413b47a669abe8aae67,0,double,458,FALSE,FALSE,FALSE,FALSE,FALSE,FALSE,FALSE,FALSE,8937acbbe87ff127e6567f97e52c6a17dbe3ea7052a39a3b76abe25c8e7eeb13,31d3575e77d9d04b75880bca9e10dbd0e13e61d21795052921dd3f702d909dd7
candidate,4,4,1000000,int,FALSE,mixed_subtract,float,typed_double,1,458,0.164,0.164,562820f81b1e6756059905d249b0e791c9497c3738cb3dfcc54116eb0e12b3bb,6506614505e113daab08b3f894ca46d4d61867c7b007c413b47a669abe8aae67,0,double,458,FALSE,FALSE,FALSE,FALSE,FALSE,FALSE,FALSE,FALSE,8937acbbe87ff127e6567f97e52c6a17dbe3ea7052a39a3b76abe25c8e7eeb13,31d3575e77d9d04b75880bca9e10dbd0e13e61d21795052921dd3f702d909dd7
candidate,4,4,1000000,int,FALSE,mixed_subtract,float,compact,2,408,0.148,0.147,562820f81b1e6756059905d249b0e791c9497c3738cb3dfcc54116eb0e12b3bb,6506614505e113daab08b3f894ca46d4d61867c7b007c413b47a669abe8aae67,0,float,408,TRUE,TRUE,FALSE,FALSE,TRUE,TRUE,FALSE,FALSE,8937acbbe87ff127e6567f97e52c6a17dbe3ea7052a39a3b76abe25c8e7eeb13,31d3575e77d9d04b75880bca9e10dbd0e13e61d21795052921dd3f702d909dd7
candidate,4,4,1000000,int,FALSE,mixed_subtract,float,ordinary,3,569,0.148,0.148,562820f81b1e6756059905d249b0e791c9497c3738cb3dfcc54116eb0e12b3bb,6506614505e113daab08b3f894ca46d4d61867c7b007c413b47a669abe8aae67,0,,0,FALSE,FALSE,FALSE,FALSE,FALSE,FALSE,FALSE,FALSE,8937acbbe87ff127e6567f97e52c6a17dbe3ea7052a39a3b76abe25c8e7eeb13,31d3575e77d9d04b75880bca9e10dbd0e13e61d21795052921dd3f702d909dd7
candidate,4,5,1000000,int,FALSE,mixed_divide,float,ordinary,1,569,0.169,0.167999999999999,207f8b8d33a03b1bad310e4aa209e0380ad57e46bce136443d8943534bb38984,6506614505e113daab08b3f894ca46d4d61867c7b007c413b47a669abe8aae67,0,,0,FALSE,FALSE,FALSE,FALSE,FALSE,FALSE,FALSE,FALSE,8937acbbe87ff127e6567f97e52c6a17dbe3ea7052a39a3b76abe25c8e7eeb13,31d3575e77d9d04b75880bca9e10dbd0e13e61d21795052921dd3f702d909dd7
candidate,4,5,1000000,int,FALSE,mixed_divide,float,typed_double,2,458,0.164,0.164,ae7640ea952a6b99ff93c8fb8ca899b28cca71ffc2d089cf8759a799a7092922,e051abed22e2093d2b8ea7b2cfe0c0975a4a6ff84dc00b30fcbf1df31abbb480,999,double,458,FALSE,FALSE,FALSE,FALSE,FALSE,FALSE,FALSE,FALSE,8937acbbe87ff127e6567f97e52c6a17dbe3ea7052a39a3b76abe25c8e7eeb13,31d3575e77d9d04b75880bca9e10dbd0e13e61d21795052921dd3f702d909dd7
candidate,4,5,1000000,int,FALSE,mixed_divide,float,compact,3,254,0.151,0.151,6def527056a38d8935fa3283707f7647981cba07bc778f537219dc0819f5a317,e051abed22e2093d2b8ea7b2cfe0c0975a4a6ff84dc00b30fcbf1df31abbb480,999,float,254,TRUE,TRUE,FALSE,FALSE,TRUE,TRUE,FALSE,FALSE,8937acbbe87ff127e6567f97e52c6a17dbe3ea7052a39a3b76abe25c8e7eeb13,31d3575e77d9d04b75880bca9e10dbd0e13e61d21795052921dd3f702d909dd7
candidate,4,6,1000000,int,TRUE,scale_binary,double,compact,1,625,0.151,0.15,406aa86104df9ebd1e49e25bbc9266cbc0cc152fd09e7d28efa1e3b9f07c7f98,256764253c19afe4b22c7738fb2f83098a03d4dbde3db39ee8c24b205a95942a,1003,int,625,TRUE,TRUE,FALSE,FALSE,FALSE,FALSE,FALSE,FALSE,5af7169f9d20a77a6f06236647a66be1493d6e155163c245a466bda43242d0e7,6a2baa27cd05157233063b825243be4bdf1a2dbc88db2a6cdfd0b2527b28716b
candidate,4,6,1000000,int,TRUE,scale_binary,double,ordinary,2,605,0.165000000000001,0.164999999999999,b10ddc1e7177ef92cdb14943c3981218bcd426a31f9c7d156ed4dbd4ea86c948,256764253c19afe4b22c7738fb2f83098a03d4dbde3db39ee8c24b205a95942a,1003,,0,FALSE,FALSE,FALSE,FALSE,FALSE,FALSE,FALSE,FALSE,5af7169f9d20a77a6f06236647a66be1493d6e155163c245a466bda43242d0e7,6a2baa27cd05157233063b825243be4bdf1a2dbc88db2a6cdfd0b2527b28716b
candidate,4,6,1000000,int,TRUE,scale_binary,double,typed_double,3,375,0.103999999999999,0.104999999999999,406aa86104df9ebd1e49e25bbc9266cbc0cc152fd09e7d28efa1e3b9f07c7f98,256764253c19afe4b22c7738fb2f83098a03d4dbde3db39ee8c24b205a95942a,1003,double,375,FALSE,FALSE,FALSE,FALSE,FALSE,FALSE,FALSE,FALSE,5af7169f9d20a77a6f06236647a66be1493d6e155163c245a466bda43242d0e7,6a2baa27cd05157233063b825243be4bdf1a2dbc88db2a6cdfd0b2527b28716b
candidate,4,7,1000000,int,TRUE,mixed_add,float,typed_double,1,329,0.105,0.104999999999999,087fb12a32e314d333c4287225113c3c6e3a135a9c18c162b3b5753b80f4350c,d842a810a046337b5363ff7dafdaa01aa4553912ce2afa4ee95c617158d8e0e7,2011,double,329,FALSE,FALSE,FALSE,FALSE,FALSE,FALSE,FALSE,FALSE,5af7169f9d20a77a6f06236647a66be1493d6e155163c245a466bda43242d0e7,6a2baa27cd05157233063b825243be4bdf1a2dbc88db2a6cdfd0b2527b28716b
candidate,4,7,1000000,int,TRUE,mixed_add,float,compact,2,324,0.152999999999999,0.151999999999999,087fb12a32e314d333c4287225113c3c6e3a135a9c18c162b3b5753b80f4350c,d842a810a046337b5363ff7dafdaa01aa4553912ce2afa4ee95c617158d8e0e7,2011,float,324,TRUE,TRUE,FALSE,FALSE,TRUE,TRUE,FALSE,FALSE,5af7169f9d20a77a6f06236647a66be1493d6e155163c245a466bda43242d0e7,6a2baa27cd05157233063b825243be4bdf1a2dbc88db2a6cdfd0b2527b28716b
candidate,4,7,1000000,int,TRUE,mixed_add,float,ordinary,3,605,0.170999999999999,0.171999999999999,ea5ac2e3896755c3d5082b83561d8673bb4f0147a7690b804a8d74cecbeda4c1,d842a810a046337b5363ff7dafdaa01aa4553912ce2afa4ee95c617158d8e0e7,2011,,0,FALSE,FALSE,FALSE,FALSE,FALSE,FALSE,FALSE,FALSE,5af7169f9d20a77a6f06236647a66be1493d6e155163c245a466bda43242d0e7,6a2baa27cd05157233063b825243be4bdf1a2dbc88db2a6cdfd0b2527b28716b
candidate,4,8,1000000,int,TRUE,mixed_multiply,float,ordinary,1,586,0.167,0.167999999999999,4e15a12f73c542a9193d69c8d13f89eb8b7adf975c41c2fdf2ef19e40aa99344,d842a810a046337b5363ff7dafdaa01aa4553912ce2afa4ee95c617158d8e0e7,2011,,0,FALSE,FALSE,FALSE,FALSE,FALSE,FALSE,FALSE,FALSE,5af7169f9d20a77a6f06236647a66be1493d6e155163c245a466bda43242d0e7,6a2baa27cd05157233063b825243be4bdf1a2dbc88db2a6cdfd0b2527b28716b
candidate,4,8,1000000,int,TRUE,mixed_multiply,float,typed_double,2,481,0.169,0.169,567cb444c88381ecb7601b5374668c9d2a719ee733326a0fd33b4e0cf98f607d,d842a810a046337b5363ff7dafdaa01aa4553912ce2afa4ee95c617158d8e0e7,2011,double,481,FALSE,FALSE,FALSE,FALSE,FALSE,FALSE,FALSE,FALSE,5af7169f9d20a77a6f06236647a66be1493d6e155163c245a466bda43242d0e7,6a2baa27cd05157233063b825243be4bdf1a2dbc88db2a6cdfd0b2527b28716b
candidate,4,8,1000000,int,TRUE,mixed_multiply,float,compact,3,324,0.151999999999999,0.152000000000001,567cb444c88381ecb7601b5374668c9d2a719ee733326a0fd33b4e0cf98f607d,d842a810a046337b5363ff7dafdaa01aa4553912ce2afa4ee95c617158d8e0e7,2011,float,324,TRUE,TRUE,FALSE,FALSE,TRUE,TRUE,FALSE,FALSE,5af7169f9d20a77a6f06236647a66be1493d6e155163c245a466bda43242d0e7,6a2baa27cd05157233063b825243be4bdf1a2dbc88db2a6cdfd0b2527b28716b
candidate,4,9,1000000,int,TRUE,mixed_subtract,float,compact,1,318,0.151,0.15,d888f35894142efc1f39ddcef1aefba1a7fd30f7ed69c00c2d2dda247f8581f5,d842a810a046337b5363ff7dafdaa01aa4553912ce2afa4ee95c617158d8e0e7,2011,float,318,TRUE,TRUE,FALSE,FALSE,TRUE,TRUE,FALSE,FALSE,5af7169f9d20a77a6f06236647a66be1493d6e155163c245a466bda43242d0e7,6a2baa27cd05157233063b825243be4bdf1a2dbc88db2a6cdfd0b2527b28716b
candidate,4,9,1000000,int,TRUE,mixed_subtract,float,ordinary,2,586,0.151,0.151,8679b1c92f66dcdd3080bd3788626bcd97f5333387bc5b48a1365f669c13dd17,d842a810a046337b5363ff7dafdaa01aa4553912ce2afa4ee95c617158d8e0e7,2011,,0,FALSE,FALSE,FALSE,FALSE,FALSE,FALSE,FALSE,FALSE,5af7169f9d20a77a6f06236647a66be1493d6e155163c245a466bda43242d0e7,6a2baa27cd05157233063b825243be4bdf1a2dbc88db2a6cdfd0b2527b28716b
candidate,4,9,1000000,int,TRUE,mixed_subtract,float,typed_double,3,494,0.17,0.17,d888f35894142efc1f39ddcef1aefba1a7fd30f7ed69c00c2d2dda247f8581f5,d842a810a046337b5363ff7dafdaa01aa4553912ce2afa4ee95c617158d8e0e7,2011,double,494,FALSE,FALSE,FALSE,FALSE,FALSE,FALSE,FALSE,FALSE,5af7169f9d20a77a6f06236647a66be1493d6e155163c245a466bda43242d0e7,6a2baa27cd05157233063b825243be4bdf1a2dbc88db2a6cdfd0b2527b28716b
candidate,4,10,1000000,int,TRUE,mixed_divide,float,typed_double,1,481,0.167999999999999,0.167999999999999,d9bdbdefafca1f8db32237efaff37c9feb9805d4bb814645e065f847f409fb4d,8363fa752350497662a4ce583648a56f69556d78062759212ea88bafefafff41,3008,double,481,FALSE,FALSE,FALSE,FALSE,FALSE,FALSE,FALSE,FALSE,5af7169f9d20a77a6f06236647a66be1493d6e155163c245a466bda43242d0e7,6a2baa27cd05157233063b825243be4bdf1a2dbc88db2a6cdfd0b2527b28716b
candidate,4,10,1000000,int,TRUE,mixed_divide,float,compact,2,202,0.148999999999999,0.148999999999997,ed5782b8feabbf0a281d1fa7c54c3046ca6c6b6db4b3a5d51d26e2fbb01b5dbe,8363fa752350497662a4ce583648a56f69556d78062759212ea88bafefafff41,3008,float,202,TRUE,TRUE,FALSE,FALSE,TRUE,TRUE,FALSE,FALSE,5af7169f9d20a77a6f06236647a66be1493d6e155163c245a466bda43242d0e7,6a2baa27cd05157233063b825243be4bdf1a2dbc88db2a6cdfd0b2527b28716b
candidate,4,10,1000000,int,TRUE,mixed_divide,float,ordinary,3,586,0.152999999999999,0.154,406400422a4665eaaf4bff6e7465afe5c7d02f62dcaf8521b892a348eb502759,d842a810a046337b5363ff7dafdaa01aa4553912ce2afa4ee95c617158d8e0e7,2011,,0,FALSE,FALSE,FALSE,FALSE,FALSE,FALSE,FALSE,FALSE,5af7169f9d20a77a6f06236647a66be1493d6e155163c245a466bda43242d0e7,6a2baa27cd05157233063b825243be4bdf1a2dbc88db2a6cdfd0b2527b28716b
candidate,4,11,1000000,float,FALSE,scale_binary,double,ordinary,1,626,0.152000000000001,0.152999999999999,5e4cb543f32269b2c2218b394ad1c41d44f6b32b3f8be7d200655b3b7d11f177,6506614505e113daab08b3f894ca46d4d61867c7b007c413b47a669abe8aae67,0,,0,FALSE,FALSE,FALSE,FALSE,FALSE,FALSE,FALSE,FALSE,7f1c1a27229f7a699fa85ff90b5be1266497c462407b39b11f6d94015af8e8ad,31d3575e77d9d04b75880bca9e10dbd0e13e61d21795052921dd3f702d909dd7
candidate,4,11,1000000,float,FALSE,scale_binary,double,typed_double,2,552,0.164,0.163,5e4cb543f32269b2c2218b394ad1c41d44f6b32b3f8be7d200655b3b7d11f177,6506614505e113daab08b3f894ca46d4d61867c7b007c413b47a669abe8aae67,0,double,552,FALSE,FALSE,FALSE,FALSE,FALSE,FALSE,FALSE,FALSE,7f1c1a27229f7a699fa85ff90b5be1266497c462407b39b11f6d94015af8e8ad,31d3575e77d9d04b75880bca9e10dbd0e13e61d21795052921dd3f702d909dd7
candidate,4,11,1000000,float,FALSE,scale_binary,double,compact,3,458,0.148,0.149000000000001,5e4cb543f32269b2c2218b394ad1c41d44f6b32b3f8be7d200655b3b7d11f177,6506614505e113daab08b3f894ca46d4d61867c7b007c413b47a669abe8aae67,0,float,458,TRUE,TRUE,FALSE,FALSE,FALSE,FALSE,FALSE,FALSE,7f1c1a27229f7a699fa85ff90b5be1266497c462407b39b11f6d94015af8e8ad,31d3575e77d9d04b75880bca9e10dbd0e13e61d21795052921dd3f702d909dd7
candidate,4,12,1000000,float,FALSE,scale_general,double,compact,1,354,0.146999999999998,0.146999999999998,72cc5cf98cf5a5166668db2e8420adb3bc862ec1b003fbdd7aeb0a9746f22870,6506614505e113daab08b3f894ca46d4d61867c7b007c413b47a669abe8aae67,0,float,354,TRUE,TRUE,FALSE,FALSE,FALSE,FALSE,FALSE,FALSE,7f1c1a27229f7a699fa85ff90b5be1266497c462407b39b11f6d94015af8e8ad,31d3575e77d9d04b75880bca9e10dbd0e13e61d21795052921dd3f702d909dd7
candidate,4,12,1000000,float,FALSE,scale_general,double,ordinary,2,647,0.170999999999999,0.171999999999997,f26b519d09797e4f4941392e4b52f307c71832f0aaad54da617e9078fe055e1c,6506614505e113daab08b3f894ca46d4d61867c7b007c413b47a669abe8aae67,0,,0,FALSE,FALSE,FALSE,FALSE,FALSE,FALSE,FALSE,FALSE,7f1c1a27229f7a699fa85ff90b5be1266497c462407b39b11f6d94015af8e8ad,31d3575e77d9d04b75880bca9e10dbd0e13e61d21795052921dd3f702d909dd7
candidate,4,12,1000000,float,FALSE,scale_general,double,typed_double,3,569,0.169,0.169,f26b519d09797e4f4941392e4b52f307c71832f0aaad54da617e9078fe055e1c,6506614505e113daab08b3f894ca46d4d61867c7b007c413b47a669abe8aae67,0,double,569,FALSE,FALSE,FALSE,FALSE,FALSE,FALSE,FALSE,FALSE,7f1c1a27229f7a699fa85ff90b5be1266497c462407b39b11f6d94015af8e8ad,31d3575e77d9d04b75880bca9e10dbd0e13e61d21795052921dd3f702d909dd7
candidate,4,13,1000000,float,FALSE,float_multiply,float,typed_double,1,494,0.152999999999997,0.152999999999999,0bba0ca591c120cf82ec7fba05e23d81983f377b8aa3fa66f476e26d1dada746,6506614505e113daab08b3f894ca46d4d61867c7b007c413b47a669abe8aae67,0,double,494,FALSE,FALSE,FALSE,FALSE,FALSE,FALSE,FALSE,FALSE,7f1c1a27229f7a699fa85ff90b5be1266497c462407b39b11f6d94015af8e8ad,31d3575e77d9d04b75880bca9e10dbd0e13e61d21795052921dd3f702d909dd7
candidate,4,13,1000000,float,FALSE,float_multiply,float,compact,2,552,0.148000000000003,0.148,0bba0ca591c120cf82ec7fba05e23d81983f377b8aa3fa66f476e26d1dada746,6506614505e113daab08b3f894ca46d4d61867c7b007c413b47a669abe8aae67,0,float,552,TRUE,TRUE,FALSE,FALSE,TRUE,TRUE,FALSE,FALSE,7f1c1a27229f7a699fa85ff90b5be1266497c462407b39b11f6d94015af8e8ad,31d3575e77d9d04b75880bca9e10dbd0e13e61d21795052921dd3f702d909dd7
candidate,4,13,1000000,float,FALSE,float_multiply,float,ordinary,3,605,0.169999999999997,0.170000000000002,0bba0ca591c120cf82ec7fba05e23d81983f377b8aa3fa66f476e26d1dada746,6506614505e113daab08b3f894ca46d4d61867c7b007c413b47a669abe8aae67,0,,0,FALSE,FALSE,FALSE,FALSE,FALSE,FALSE,FALSE,FALSE,7f1c1a27229f7a699fa85ff90b5be1266497c462407b39b11f6d94015af8e8ad,31d3575e77d9d04b75880bca9e10dbd0e13e61d21795052921dd3f702d909dd7
candidate,4,14,1000000,float,TRUE,scale_binary,double,ordinary,1,626,0.149999999999999,0.151,21fac45dcda0cbc0ba9e1f553d3be3fedd245b921d5e2e4497a8d64f1e038117,256764253c19afe4b22c7738fb2f83098a03d4dbde3db39ee8c24b205a95942a,1003,,0,FALSE,FALSE,FALSE,FALSE,FALSE,FALSE,FALSE,FALSE,ee8f1f1d17d164fc3d811ad86cc889d11c328f41d3cd55762069bc2161e48c9f,6a2baa27cd05157233063b825243be4bdf1a2dbc88db2a6cdfd0b2527b28716b
candidate,4,14,1000000,float,TRUE,scale_binary,double,typed_double,2,569,0.166,0.167000000000002,c2d92a8e75010c0ddb80329b9ca6cc4898ca1d4543392f8c8382c3fbfeeb5b4b,256764253c19afe4b22c7738fb2f83098a03d4dbde3db39ee8c24b205a95942a,1003,double,569,FALSE,FALSE,FALSE,FALSE,FALSE,FALSE,FALSE,FALSE,ee8f1f1d17d164fc3d811ad86cc889d11c328f41d3cd55762069bc2161e48c9f,6a2baa27cd05157233063b825243be4bdf1a2dbc88db2a6cdfd0b2527b28716b
candidate,4,14,1000000,float,TRUE,scale_binary,double,compact,3,458,0.148,0.148,c2d92a8e75010c0ddb80329b9ca6cc4898ca1d4543392f8c8382c3fbfeeb5b4b,256764253c19afe4b22c7738fb2f83098a03d4dbde3db39ee8c24b205a95942a,1003,float,458,TRUE,TRUE,FALSE,FALSE,FALSE,FALSE,FALSE,FALSE,ee8f1f1d17d164fc3d811ad86cc889d11c328f41d3cd55762069bc2161e48c9f,6a2baa27cd05157233063b825243be4bdf1a2dbc88db2a6cdfd0b2527b28716b
candidate,4,15,1000000,float,TRUE,scale_general,double,compact,1,276,0.149999999999999,0.149000000000001,c58bc992720c328eca610e60f8c3f93d7d61df77946cf51b8626b0d8b78368ef,256764253c19afe4b22c7738fb2f83098a03d4dbde3db39ee8c24b205a95942a,1003,float,276,TRUE,TRUE,FALSE,FALSE,FALSE,FALSE,FALSE,FALSE,ee8f1f1d17d164fc3d811ad86cc889d11c328f41d3cd55762069bc2161e48c9f,6a2baa27cd05157233063b825243be4bdf1a2dbc88db2a6cdfd0b2527b28716b
candidate,4,15,1000000,float,TRUE,scale_general,double,ordinary,2,427,0.103000000000002,0.103000000000002,8100d028390097d4a98b44ea0ff4cb617c6204331b80e5c7870832582030541c,256764253c19afe4b22c7738fb2f83098a03d4dbde3db39ee8c24b205a95942a,1003,,0,FALSE,FALSE,FALSE,FALSE,FALSE,FALSE,FALSE,FALSE,ee8f1f1d17d164fc3d811ad86cc889d11c328f41d3cd55762069bc2161e48c9f,6a2baa27cd05157233063b825243be4bdf1a2dbc88db2a6cdfd0b2527b28716b
candidate,4,15,1000000,float,TRUE,scale_general,double,typed_double,3,569,0.152,0.151,ea87b3dd63bfda18195aef508608398181a11f876a570f6017c0c100c3497f49,256764253c19afe4b22c7738fb2f83098a03d4dbde3db39ee8c24b205a95942a,1003,double,569,FALSE,FALSE,FALSE,FALSE,FALSE,FALSE,FALSE,FALSE,ee8f1f1d17d164fc3d811ad86cc889d11c328f41d3cd55762069bc2161e48c9f,6a2baa27cd05157233063b825243be4bdf1a2dbc88db2a6cdfd0b2527b28716b
candidate,4,16,1000000,float,TRUE,float_multiply,float,typed_double,1,494,0.151,0.151,8290dd7500cd078b2bd5437bf8fe0afa95dd1f1bab5eff045202e84b7d93eed9,d842a810a046337b5363ff7dafdaa01aa4553912ce2afa4ee95c617158d8e0e7,2011,double,494,FALSE,FALSE,FALSE,FALSE,FALSE,FALSE,FALSE,FALSE,ee8f1f1d17d164fc3d811ad86cc889d11c328f41d3cd55762069bc2161e48c9f,6a2baa27cd05157233063b825243be4bdf1a2dbc88db2a6cdfd0b2527b28716b
candidate,4,16,1000000,float,TRUE,float_multiply,float,compact,2,329,0.151,0.151999999999997,8290dd7500cd078b2bd5437bf8fe0afa95dd1f1bab5eff045202e84b7d93eed9,d842a810a046337b5363ff7dafdaa01aa4553912ce2afa4ee95c617158d8e0e7,2011,float,329,TRUE,TRUE,FALSE,FALSE,TRUE,TRUE,FALSE,FALSE,ee8f1f1d17d164fc3d811ad86cc889d11c328f41d3cd55762069bc2161e48c9f,6a2baa27cd05157233063b825243be4bdf1a2dbc88db2a6cdfd0b2527b28716b
candidate,4,16,1000000,float,TRUE,float_multiply,float,ordinary,3,625,0.176000000000002,0.177,96b0fd82fdfc837964eddbc19baef0073045dc1bea1ecc4b106e12605eb53860,d842a810a046337b5363ff7dafdaa01aa4553912ce2afa4ee95c617158d8e0e7,2011,,0,FALSE,FALSE,FALSE,FALSE,FALSE,FALSE,FALSE,FALSE,ee8f1f1d17d164fc3d811ad86cc889d11c328f41d3cd55762069bc2161e48c9f,6a2baa27cd05157233063b825243be4bdf1a2dbc88db2a6cdfd0b2527b28716b
candidate,4,17,1000000,long,FALSE,long_float_add,float,ordinary,1,626,0.158,0.157,5865d7f437b5487c8061f7274c6507b7ec0fc76362cd655e9259ebb78a28f057,6506614505e113daab08b3f894ca46d4d61867c7b007c413b47a669abe8aae67,0,,0,FALSE,FALSE,FALSE,FALSE,FALSE,FALSE,FALSE,FALSE,8937acbbe87ff127e6567f97e52c6a17dbe3ea7052a39a3b76abe25c8e7eeb13,31d3575e77d9d04b75880bca9e10dbd0e13e61d21795052921dd3f702d909dd7
candidate,4,17,1000000,long,FALSE,long_float_add,float,typed_double,2,494,0.169,0.169,5865d7f437b5487c8061f7274c6507b7ec0fc76362cd655e9259ebb78a28f057,6506614505e113daab08b3f894ca46d4d61867c7b007c413b47a669abe8aae67,0,double,494,FALSE,FALSE,FALSE,FALSE,FALSE,FALSE,FALSE,FALSE,8937acbbe87ff127e6567f97e52c6a17dbe3ea7052a39a3b76abe25c8e7eeb13,31d3575e77d9d04b75880bca9e10dbd0e13e61d21795052921dd3f702d909dd7
candidate,4,17,1000000,long,FALSE,long_float_add,float,compact,3,399,0.149000000000001,0.149000000000001,5865d7f437b5487c8061f7274c6507b7ec0fc76362cd655e9259ebb78a28f057,6506614505e113daab08b3f894ca46d4d61867c7b007c413b47a669abe8aae67,0,double,399,TRUE,TRUE,FALSE,FALSE,TRUE,TRUE,FALSE,FALSE,8937acbbe87ff127e6567f97e52c6a17dbe3ea7052a39a3b76abe25c8e7eeb13,31d3575e77d9d04b75880bca9e10dbd0e13e61d21795052921dd3f702d909dd7
candidate,4,18,1000000,long,TRUE,long_float_add,float,compact,1,285,0.149000000000001,0.149000000000001,087fb12a32e314d333c4287225113c3c6e3a135a9c18c162b3b5753b80f4350c,d842a810a046337b5363ff7dafdaa01aa4553912ce2afa4ee95c617158d8e0e7,2011,double,285,TRUE,TRUE,FALSE,FALSE,TRUE,TRUE,FALSE,FALSE,5af7169f9d20a77a6f06236647a66be1493d6e155163c245a466bda43242d0e7,6a2baa27cd05157233063b825243be4bdf1a2dbc88db2a6cdfd0b2527b28716b
candidate,4,18,1000000,long,TRUE,long_float_add,float,ordinary,2,586,0.166000000000003,0.164999999999999,ea5ac2e3896755c3d5082b83561d8673bb4f0147a7690b804a8d74cecbeda4c1,d842a810a046337b5363ff7dafdaa01aa4553912ce2afa4ee95c617158d8e0e7,2011,,0,FALSE,FALSE,FALSE,FALSE,FALSE,FALSE,FALSE,FALSE,5af7169f9d20a77a6f06236647a66be1493d6e155163c245a466bda43242d0e7,6a2baa27cd05157233063b825243be4bdf1a2dbc88db2a6cdfd0b2527b28716b
candidate,4,18,1000000,long,TRUE,long_float_add,float,typed_double,3,481,0.167999999999999,0.167999999999999,087fb12a32e314d333c4287225113c3c6e3a135a9c18c162b3b5753b80f4350c,d842a810a046337b5363ff7dafdaa01aa4553912ce2afa4ee95c617158d8e0e7,2011,double,481,FALSE,FALSE,FALSE,FALSE,FALSE,FALSE,FALSE,FALSE,5af7169f9d20a77a6f06236647a66be1493d6e155163c245a466bda43242d0e7,6a2baa27cd05157233063b825243be4bdf1a2dbc88db2a6cdfd0b2527b28716b
baseline,4,1,1000000,int,FALSE,scale_binary,double,typed_double,1,383,0.128,0.128,43cbc5fa02580f73a834cffb43a5ba0a0f4d7303cec536a2e3c58f1f469eb824,6506614505e113daab08b3f894ca46d4d61867c7b007c413b47a669abe8aae67,0,double,383,FALSE,FALSE,FALSE,FALSE,FALSE,FALSE,FALSE,FALSE,8937acbbe87ff127e6567f97e52c6a17dbe3ea7052a39a3b76abe25c8e7eeb13,31d3575e77d9d04b75880bca9e10dbd0e13e61d21795052921dd3f702d909dd7
baseline,4,1,1000000,int,FALSE,scale_binary,double,compact,2,586,0.143,0.142,43cbc5fa02580f73a834cffb43a5ba0a0f4d7303cec536a2e3c58f1f469eb824,6506614505e113daab08b3f894ca46d4d61867c7b007c413b47a669abe8aae67,0,int,586,TRUE,TRUE,FALSE,FALSE,FALSE,FALSE,FALSE,FALSE,8937acbbe87ff127e6567f97e52c6a17dbe3ea7052a39a3b76abe25c8e7eeb13,31d3575e77d9d04b75880bca9e10dbd0e13e61d21795052921dd3f702d909dd7
baseline,4,1,1000000,int,FALSE,scale_binary,double,ordinary,3,586,0.178,0.178,43cbc5fa02580f73a834cffb43a5ba0a0f4d7303cec536a2e3c58f1f469eb824,6506614505e113daab08b3f894ca46d4d61867c7b007c413b47a669abe8aae67,0,,0,FALSE,FALSE,FALSE,FALSE,FALSE,FALSE,FALSE,FALSE,8937acbbe87ff127e6567f97e52c6a17dbe3ea7052a39a3b76abe25c8e7eeb13,31d3575e77d9d04b75880bca9e10dbd0e13e61d21795052921dd3f702d909dd7
baseline,4,2,1000000,int,FALSE,mixed_add,float,ordinary,1,569,0.182,0.182,5865d7f437b5487c8061f7274c6507b7ec0fc76362cd655e9259ebb78a28f057,6506614505e113daab08b3f894ca46d4d61867c7b007c413b47a669abe8aae67,0,,0,FALSE,FALSE,FALSE,FALSE,FALSE,FALSE,FALSE,FALSE,8937acbbe87ff127e6567f97e52c6a17dbe3ea7052a39a3b76abe25c8e7eeb13,31d3575e77d9d04b75880bca9e10dbd0e13e61d21795052921dd3f702d909dd7
baseline,4,2,1000000,int,FALSE,mixed_add,float,typed_double,2,458,0.167,0.167,5865d7f437b5487c8061f7274c6507b7ec0fc76362cd655e9259ebb78a28f057,6506614505e113daab08b3f894ca46d4d61867c7b007c413b47a669abe8aae67,0,double,458,FALSE,FALSE,FALSE,FALSE,FALSE,FALSE,FALSE,FALSE,8937acbbe87ff127e6567f97e52c6a17dbe3ea7052a39a3b76abe25c8e7eeb13,31d3575e77d9d04b75880bca9e10dbd0e13e61d21795052921dd3f702d909dd7
baseline,4,2,1000000,int,FALSE,mixed_add,float,compact,3,268,0.152,0.151,5865d7f437b5487c8061f7274c6507b7ec0fc76362cd655e9259ebb78a28f057,6506614505e113daab08b3f894ca46d4d61867c7b007c413b47a669abe8aae67,0,float,268,TRUE,TRUE,FALSE,FALSE,TRUE,TRUE,FALSE,FALSE,8937acbbe87ff127e6567f97e52c6a17dbe3ea7052a39a3b76abe25c8e7eeb13,31d3575e77d9d04b75880bca9e10dbd0e13e61d21795052921dd3f702d909dd7
baseline,4,3,1000000,int,FALSE,mixed_multiply,float,compact,1,329,0.117999999999999,0.119,74e198320fcef535d96d5240bf6315c7f048f937cff6728206c4dc3e49c71557,6506614505e113daab08b3f894ca46d4d61867c7b007c413b47a669abe8aae67,0,float,329,TRUE,TRUE,FALSE,FALSE,TRUE,TRUE,FALSE,FALSE,8937acbbe87ff127e6567f97e52c6a17dbe3ea7052a39a3b76abe25c8e7eeb13,31d3575e77d9d04b75880bca9e10dbd0e13e61d21795052921dd3f702d909dd7
baseline,4,3,1000000,int,FALSE,mixed_multiply,float,ordinary,2,586,0.17,0.169,74e198320fcef535d96d5240bf6315c7f048f937cff6728206c4dc3e49c71557,6506614505e113daab08b3f894ca46d4d61867c7b007c413b47a669abe8aae67,0,,0,FALSE,FALSE,FALSE,FALSE,FALSE,FALSE,FALSE,FALSE,8937acbbe87ff127e6567f97e52c6a17dbe3ea7052a39a3b76abe25c8e7eeb13,31d3575e77d9d04b75880bca9e10dbd0e13e61d21795052921dd3f702d909dd7
baseline,4,3,1000000,int,FALSE,mixed_multiply,float,typed_double,3,481,0.154,0.154,74e198320fcef535d96d5240bf6315c7f048f937cff6728206c4dc3e49c71557,6506614505e113daab08b3f894ca46d4d61867c7b007c413b47a669abe8aae67,0,double,481,FALSE,FALSE,FALSE,FALSE,FALSE,FALSE,FALSE,FALSE,8937acbbe87ff127e6567f97e52c6a17dbe3ea7052a39a3b76abe25c8e7eeb13,31d3575e77d9d04b75880bca9e10dbd0e13e61d21795052921dd3f702d909dd7
baseline,4,4,1000000,int,FALSE,mixed_subtract,float,typed_double,1,469,0.149,0.148,562820f81b1e6756059905d249b0e791c9497c3738cb3dfcc54116eb0e12b3bb,6506614505e113daab08b3f894ca46d4d61867c7b007c413b47a669abe8aae67,0,double,469,FALSE,FALSE,FALSE,FALSE,FALSE,FALSE,FALSE,FALSE,8937acbbe87ff127e6567f97e52c6a17dbe3ea7052a39a3b76abe25c8e7eeb13,31d3575e77d9d04b75880bca9e10dbd0e13e61d21795052921dd3f702d909dd7
baseline,4,4,1000000,int,FALSE,mixed_subtract,float,compact,2,261,0.146,0.146,562820f81b1e6756059905d249b0e791c9497c3738cb3dfcc54116eb0e12b3bb,6506614505e113daab08b3f894ca46d4d61867c7b007c413b47a669abe8aae67,0,float,261,TRUE,TRUE,FALSE,FALSE,TRUE,TRUE,FALSE,FALSE,8937acbbe87ff127e6567f97e52c6a17dbe3ea7052a39a3b76abe25c8e7eeb13,31d3575e77d9d04b75880bca9e10dbd0e13e61d21795052921dd3f702d909dd7
baseline,4,4,1000000,int,FALSE,mixed_subtract,float,ordinary,3,605,0.172,0.173,562820f81b1e6756059905d249b0e791c9497c3738cb3dfcc54116eb0e12b3bb,6506614505e113daab08b3f894ca46d4d61867c7b007c413b47a669abe8aae67,0,,0,FALSE,FALSE,FALSE,FALSE,FALSE,FALSE,FALSE,FALSE,8937acbbe87ff127e6567f97e52c6a17dbe3ea7052a39a3b76abe25c8e7eeb13,31d3575e77d9d04b75880bca9e10dbd0e13e61d21795052921dd3f702d909dd7
baseline,4,5,1000000,int,FALSE,mixed_divide,float,ordinary,1,586,0.17,0.17,207f8b8d33a03b1bad310e4aa209e0380ad57e46bce136443d8943534bb38984,6506614505e113daab08b3f894ca46d4d61867c7b007c413b47a669abe8aae67,0,,0,FALSE,FALSE,FALSE,FALSE,FALSE,FALSE,FALSE,FALSE,8937acbbe87ff127e6567f97e52c6a17dbe3ea7052a39a3b76abe25c8e7eeb13,31d3575e77d9d04b75880bca9e10dbd0e13e61d21795052921dd3f702d909dd7
baseline,4,5,1000000,int,FALSE,mixed_divide,float,typed_double,2,469,0.150999999999999,0.149999999999999,ae7640ea952a6b99ff93c8fb8ca899b28cca71ffc2d089cf8759a799a7092922,e051abed22e2093d2b8ea7b2cfe0c0975a4a6ff84dc00b30fcbf1df31abbb480,999,double,469,FALSE,FALSE,FALSE,FALSE,FALSE,FALSE,FALSE,FALSE,8937acbbe87ff127e6567f97e52c6a17dbe3ea7052a39a3b76abe25c8e7eeb13,31d3575e77d9d04b75880bca9e10dbd0e13e61d21795052921dd3f702d909dd7
baseline,4,5,1000000,int,FALSE,mixed_divide,float,compact,3,254,0.15,0.15,6def527056a38d8935fa3283707f7647981cba07bc778f537219dc0819f5a317,e051abed22e2093d2b8ea7b2cfe0c0975a4a6ff84dc00b30fcbf1df31abbb480,999,float,254,TRUE,TRUE,FALSE,FALSE,TRUE,TRUE,FALSE,FALSE,8937acbbe87ff127e6567f97e52c6a17dbe3ea7052a39a3b76abe25c8e7eeb13,31d3575e77d9d04b75880bca9e10dbd0e13e61d21795052921dd3f702d909dd7
baseline,4,6,1000000,int,TRUE,scale_binary,double,compact,1,605,0.164,0.164000000000001,406aa86104df9ebd1e49e25bbc9266cbc0cc152fd09e7d28efa1e3b9f07c7f98,256764253c19afe4b22c7738fb2f83098a03d4dbde3db39ee8c24b205a95942a,1003,int,605,TRUE,TRUE,FALSE,FALSE,FALSE,FALSE,FALSE,FALSE,5af7169f9d20a77a6f06236647a66be1493d6e155163c245a466bda43242d0e7,6a2baa27cd05157233063b825243be4bdf1a2dbc88db2a6cdfd0b2527b28716b
baseline,4,6,1000000,int,TRUE,scale_binary,double,ordinary,2,569,0.151,0.15,b10ddc1e7177ef92cdb14943c3981218bcd426a31f9c7d156ed4dbd4ea86c948,256764253c19afe4b22c7738fb2f83098a03d4dbde3db39ee8c24b205a95942a,1003,,0,FALSE,FALSE,FALSE,FALSE,FALSE,FALSE,FALSE,FALSE,5af7169f9d20a77a6f06236647a66be1493d6e155163c245a466bda43242d0e7,6a2baa27cd05157233063b825243be4bdf1a2dbc88db2a6cdfd0b2527b28716b
baseline,4,6,1000000,int,TRUE,scale_binary,double,typed_double,3,569,0.169,0.169,406aa86104df9ebd1e49e25bbc9266cbc0cc152fd09e7d28efa1e3b9f07c7f98,256764253c19afe4b22c7738fb2f83098a03d4dbde3db39ee8c24b205a95942a,1003,double,569,FALSE,FALSE,FALSE,FALSE,FALSE,FALSE,FALSE,FALSE,5af7169f9d20a77a6f06236647a66be1493d6e155163c245a466bda43242d0e7,6a2baa27cd05157233063b825243be4bdf1a2dbc88db2a6cdfd0b2527b28716b
baseline,4,7,1000000,int,TRUE,mixed_add,float,typed_double,1,481,0.168,0.168000000000001,087fb12a32e314d333c4287225113c3c6e3a135a9c18c162b3b5753b80f4350c,d842a810a046337b5363ff7dafdaa01aa4553912ce2afa4ee95c617158d8e0e7,2011,double,481,FALSE,FALSE,FALSE,FALSE,FALSE,FALSE,FALSE,FALSE,5af7169f9d20a77a6f06236647a66be1493d6e155163c245a466bda43242d0e7,6a2baa27cd05157233063b825243be4bdf1a2dbc88db2a6cdfd0b2527b28716b
baseline,4,7,1000000,int,TRUE,mixed_add,float,compact,2,211,0.149999999999999,0.15,087fb12a32e314d333c4287225113c3c6e3a135a9c18c162b3b5753b80f4350c,d842a810a046337b5363ff7dafdaa01aa4553912ce2afa4ee95c617158d8e0e7,2011,float,211,TRUE,TRUE,FALSE,FALSE,TRUE,TRUE,FALSE,FALSE,5af7169f9d20a77a6f06236647a66be1493d6e155163c245a466bda43242d0e7,6a2baa27cd05157233063b825243be4bdf1a2dbc88db2a6cdfd0b2527b28716b
baseline,4,7,1000000,int,TRUE,mixed_add,float,ordinary,3,605,0.155999999999999,0.156000000000001,ea5ac2e3896755c3d5082b83561d8673bb4f0147a7690b804a8d74cecbeda4c1,d842a810a046337b5363ff7dafdaa01aa4553912ce2afa4ee95c617158d8e0e7,2011,,0,FALSE,FALSE,FALSE,FALSE,FALSE,FALSE,FALSE,FALSE,5af7169f9d20a77a6f06236647a66be1493d6e155163c245a466bda43242d0e7,6a2baa27cd05157233063b825243be4bdf1a2dbc88db2a6cdfd0b2527b28716b
baseline,4,8,1000000,int,TRUE,mixed_multiply,float,ordinary,1,408,0.104999999999999,0.103999999999999,4e15a12f73c542a9193d69c8d13f89eb8b7adf975c41c2fdf2ef19e40aa99344,d842a810a046337b5363ff7dafdaa01aa4553912ce2afa4ee95c617158d8e0e7,2011,,0,FALSE,FALSE,FALSE,FALSE,FALSE,FALSE,FALSE,FALSE,5af7169f9d20a77a6f06236647a66be1493d6e155163c245a466bda43242d0e7,6a2baa27cd05157233063b825243be4bdf1a2dbc88db2a6cdfd0b2527b28716b
baseline,4,8,1000000,int,TRUE,mixed_multiply,float,typed_double,2,481,0.152000000000002,0.151,567cb444c88381ecb7601b5374668c9d2a719ee733326a0fd33b4e0cf98f607d,d842a810a046337b5363ff7dafdaa01aa4553912ce2afa4ee95c617158d8e0e7,2011,double,481,FALSE,FALSE,FALSE,FALSE,FALSE,FALSE,FALSE,FALSE,5af7169f9d20a77a6f06236647a66be1493d6e155163c245a466bda43242d0e7,6a2baa27cd05157233063b825243be4bdf1a2dbc88db2a6cdfd0b2527b28716b
baseline,4,8,1000000,int,TRUE,mixed_multiply,float,compact,3,318,0.150000000000001,0.148999999999999,567cb444c88381ecb7601b5374668c9d2a719ee733326a0fd33b4e0cf98f607d,d842a810a046337b5363ff7dafdaa01aa4553912ce2afa4ee95c617158d8e0e7,2011,float,318,TRUE,TRUE,FALSE,FALSE,TRUE,TRUE,FALSE,FALSE,5af7169f9d20a77a6f06236647a66be1493d6e155163c245a466bda43242d0e7,6a2baa27cd05157233063b825243be4bdf1a2dbc88db2a6cdfd0b2527b28716b
baseline,4,9,1000000,int,TRUE,mixed_subtract,float,compact,1,211,0.15,0.15,d888f35894142efc1f39ddcef1aefba1a7fd30f7ed69c00c2d2dda247f8581f5,d842a810a046337b5363ff7dafdaa01aa4553912ce2afa4ee95c617158d8e0e7,2011,float,211,TRUE,TRUE,FALSE,FALSE,TRUE,TRUE,FALSE,FALSE,5af7169f9d20a77a6f06236647a66be1493d6e155163c245a466bda43242d0e7,6a2baa27cd05157233063b825243be4bdf1a2dbc88db2a6cdfd0b2527b28716b
baseline,4,9,1000000,int,TRUE,mixed_subtract,float,ordinary,2,586,0.165999999999999,0.166,8679b1c92f66dcdd3080bd3788626bcd97f5333387bc5b48a1365f669c13dd17,d842a810a046337b5363ff7dafdaa01aa4553912ce2afa4ee95c617158d8e0e7,2011,,0,FALSE,FALSE,FALSE,FALSE,FALSE,FALSE,FALSE,FALSE,5af7169f9d20a77a6f06236647a66be1493d6e155163c245a466bda43242d0e7,6a2baa27cd05157233063b825243be4bdf1a2dbc88db2a6cdfd0b2527b28716b
baseline,4,9,1000000,int,TRUE,mixed_subtract,float,typed_double,3,494,0.155000000000001,0.155999999999999,d888f35894142efc1f39ddcef1aefba1a7fd30f7ed69c00c2d2dda247f8581f5,d842a810a046337b5363ff7dafdaa01aa4553912ce2afa4ee95c617158d8e0e7,2011,double,494,FALSE,FALSE,FALSE,FALSE,FALSE,FALSE,FALSE,FALSE,5af7169f9d20a77a6f06236647a66be1493d6e155163c245a466bda43242d0e7,6a2baa27cd05157233063b825243be4bdf1a2dbc88db2a6cdfd0b2527b28716b
baseline,4,10,1000000,int,TRUE,mixed_divide,float,typed_double,1,494,0.153,0.154,d9bdbdefafca1f8db32237efaff37c9feb9805d4bb814645e065f847f409fb4d,8363fa752350497662a4ce583648a56f69556d78062759212ea88bafefafff41,3008,double,494,FALSE,FALSE,FALSE,FALSE,FALSE,FALSE,FALSE,FALSE,5af7169f9d20a77a6f06236647a66be1493d6e155163c245a466bda43242d0e7,6a2baa27cd05157233063b825243be4bdf1a2dbc88db2a6cdfd0b2527b28716b
baseline,4,10,1000000,int,TRUE,mixed_divide,float,compact,2,204,0.164000000000001,0.163999999999998,ed5782b8feabbf0a281d1fa7c54c3046ca6c6b6db4b3a5d51d26e2fbb01b5dbe,8363fa752350497662a4ce583648a56f69556d78062759212ea88bafefafff41,3008,float,204,TRUE,TRUE,FALSE,FALSE,TRUE,TRUE,FALSE,FALSE,5af7169f9d20a77a6f06236647a66be1493d6e155163c245a466bda43242d0e7,6a2baa27cd05157233063b825243be4bdf1a2dbc88db2a6cdfd0b2527b28716b
baseline,4,10,1000000,int,TRUE,mixed_divide,float,ordinary,3,569,0.152000000000001,0.152000000000001,406400422a4665eaaf4bff6e7465afe5c7d02f62dcaf8521b892a348eb502759,d842a810a046337b5363ff7dafdaa01aa4553912ce2afa4ee95c617158d8e0e7,2011,,0,FALSE,FALSE,FALSE,FALSE,FALSE,FALSE,FALSE,FALSE,5af7169f9d20a77a6f06236647a66be1493d6e155163c245a466bda43242d0e7,6a2baa27cd05157233063b825243be4bdf1a2dbc88db2a6cdfd0b2527b28716b
baseline,4,11,1000000,float,FALSE,scale_binary,double,ordinary,1,605,0.164000000000001,0.164000000000001,5e4cb543f32269b2c2218b394ad1c41d44f6b32b3f8be7d200655b3b7d11f177,6506614505e113daab08b3f894ca46d4d61867c7b007c413b47a669abe8aae67,0,,0,FALSE,FALSE,FALSE,FALSE,FALSE,FALSE,FALSE,FALSE,7f1c1a27229f7a699fa85ff90b5be1266497c462407b39b11f6d94015af8e8ad,31d3575e77d9d04b75880bca9e10dbd0e13e61d21795052921dd3f702d909dd7
baseline,4,11,1000000,float,FALSE,scale_binary,double,typed_double,2,383,0.103999999999999,0.103999999999999,5e4cb543f32269b2c2218b394ad1c41d44f6b32b3f8be7d200655b3b7d11f177,6506614505e113daab08b3f894ca46d4d61867c7b007c413b47a669abe8aae67,0,double,383,FALSE,FALSE,FALSE,FALSE,FALSE,FALSE,FALSE,FALSE,7f1c1a27229f7a699fa85ff90b5be1266497c462407b39b11f6d94015af8e8ad,31d3575e77d9d04b75880bca9e10dbd0e13e61d21795052921dd3f702d909dd7
baseline,4,11,1000000,float,FALSE,scale_binary,double,compact,3,458,0.152000000000001,0.152000000000001,5e4cb543f32269b2c2218b394ad1c41d44f6b32b3f8be7d200655b3b7d11f177,6506614505e113daab08b3f894ca46d4d61867c7b007c413b47a669abe8aae67,0,float,458,TRUE,TRUE,FALSE,FALSE,FALSE,FALSE,FALSE,FALSE,7f1c1a27229f7a699fa85ff90b5be1266497c462407b39b11f6d94015af8e8ad,31d3575e77d9d04b75880bca9e10dbd0e13e61d21795052921dd3f702d909dd7
baseline,4,12,1000000,float,FALSE,scale_general,double,compact,1,354,0.161999999999999,0.162000000000003,72cc5cf98cf5a5166668db2e8420adb3bc862ec1b003fbdd7aeb0a9746f22870,6506614505e113daab08b3f894ca46d4d61867c7b007c413b47a669abe8aae67,0,float,354,TRUE,TRUE,FALSE,FALSE,FALSE,FALSE,FALSE,FALSE,7f1c1a27229f7a699fa85ff90b5be1266497c462407b39b11f6d94015af8e8ad,31d3575e77d9d04b75880bca9e10dbd0e13e61d21795052921dd3f702d909dd7
baseline,4,12,1000000,float,FALSE,scale_general,double,ordinary,2,625,0.153000000000002,0.152999999999999,f26b519d09797e4f4941392e4b52f307c71832f0aaad54da617e9078fe055e1c,6506614505e113daab08b3f894ca46d4d61867c7b007c413b47a669abe8aae67,0,,0,FALSE,FALSE,FALSE,FALSE,FALSE,FALSE,FALSE,FALSE,7f1c1a27229f7a699fa85ff90b5be1266497c462407b39b11f6d94015af8e8ad,31d3575e77d9d04b75880bca9e10dbd0e13e61d21795052921dd3f702d909dd7
baseline,4,12,1000000,float,FALSE,scale_general,double,typed_double,3,569,0.168999999999999,0.168999999999997,f26b519d09797e4f4941392e4b52f307c71832f0aaad54da617e9078fe055e1c,6506614505e113daab08b3f894ca46d4d61867c7b007c413b47a669abe8aae67,0,double,569,FALSE,FALSE,FALSE,FALSE,FALSE,FALSE,FALSE,FALSE,7f1c1a27229f7a699fa85ff90b5be1266497c462407b39b11f6d94015af8e8ad,31d3575e77d9d04b75880bca9e10dbd0e13e61d21795052921dd3f702d909dd7
baseline,4,13,1000000,float,FALSE,float_multiply,float,typed_double,1,494,0.169999999999998,0.170999999999999,0bba0ca591c120cf82ec7fba05e23d81983f377b8aa3fa66f476e26d1dada746,6506614505e113daab08b3f894ca46d4d61867c7b007c413b47a669abe8aae67,0,double,494,FALSE,FALSE,FALSE,FALSE,FALSE,FALSE,FALSE,FALSE,7f1c1a27229f7a699fa85ff90b5be1266497c462407b39b11f6d94015af8e8ad,31d3575e77d9d04b75880bca9e10dbd0e13e61d21795052921dd3f702d909dd7
baseline,4,13,1000000,float,FALSE,float_multiply,float,compact,2,536,0.145,0.145,0bba0ca591c120cf82ec7fba05e23d81983f377b8aa3fa66f476e26d1dada746,6506614505e113daab08b3f894ca46d4d61867c7b007c413b47a669abe8aae67,0,float,536,TRUE,TRUE,FALSE,FALSE,TRUE,TRUE,FALSE,FALSE,7f1c1a27229f7a699fa85ff90b5be1266497c462407b39b11f6d94015af8e8ad,31d3575e77d9d04b75880bca9e10dbd0e13e61d21795052921dd3f702d909dd7
baseline,4,13,1000000,float,FALSE,float_multiply,float,ordinary,3,605,0.154,0.154,0bba0ca591c120cf82ec7fba05e23d81983f377b8aa3fa66f476e26d1dada746,6506614505e113daab08b3f894ca46d4d61867c7b007c413b47a669abe8aae67,0,,0,FALSE,FALSE,FALSE,FALSE,FALSE,FALSE,FALSE,FALSE,7f1c1a27229f7a699fa85ff90b5be1266497c462407b39b11f6d94015af8e8ad,31d3575e77d9d04b75880bca9e10dbd0e13e61d21795052921dd3f702d909dd7
baseline,4,14,1000000,float,TRUE,scale_binary,double,ordinary,1,626,0.168000000000002,0.166,21fac45dcda0cbc0ba9e1f553d3be3fedd245b921d5e2e4497a8d64f1e038117,256764253c19afe4b22c7738fb2f83098a03d4dbde3db39ee8c24b205a95942a,1003,,0,FALSE,FALSE,FALSE,FALSE,FALSE,FALSE,FALSE,FALSE,ee8f1f1d17d164fc3d811ad86cc889d11c328f41d3cd55762069bc2161e48c9f,6a2baa27cd05157233063b825243be4bdf1a2dbc88db2a6cdfd0b2527b28716b
baseline,4,14,1000000,float,TRUE,scale_binary,double,typed_double,2,569,0.169999999999998,0.170000000000002,c2d92a8e75010c0ddb80329b9ca6cc4898ca1d4543392f8c8382c3fbfeeb5b4b,256764253c19afe4b22c7738fb2f83098a03d4dbde3db39ee8c24b205a95942a,1003,double,569,FALSE,FALSE,FALSE,FALSE,FALSE,FALSE,FALSE,FALSE,ee8f1f1d17d164fc3d811ad86cc889d11c328f41d3cd55762069bc2161e48c9f,6a2baa27cd05157233063b825243be4bdf1a2dbc88db2a6cdfd0b2527b28716b
baseline,4,14,1000000,float,TRUE,scale_binary,double,compact,3,458,0.149000000000001,0.149000000000001,c2d92a8e75010c0ddb80329b9ca6cc4898ca1d4543392f8c8382c3fbfeeb5b4b,256764253c19afe4b22c7738fb2f83098a03d4dbde3db39ee8c24b205a95942a,1003,float,458,TRUE,TRUE,FALSE,FALSE,FALSE,FALSE,FALSE,FALSE,ee8f1f1d17d164fc3d811ad86cc889d11c328f41d3cd55762069bc2161e48c9f,6a2baa27cd05157233063b825243be4bdf1a2dbc88db2a6cdfd0b2527b28716b
baseline,4,15,1000000,float,TRUE,scale_general,double,compact,1,276,0.150000000000002,0.149999999999999,c58bc992720c328eca610e60f8c3f93d7d61df77946cf51b8626b0d8b78368ef,256764253c19afe4b22c7738fb2f83098a03d4dbde3db39ee8c24b205a95942a,1003,float,276,TRUE,TRUE,FALSE,FALSE,FALSE,FALSE,FALSE,FALSE,ee8f1f1d17d164fc3d811ad86cc889d11c328f41d3cd55762069bc2161e48c9f,6a2baa27cd05157233063b825243be4bdf1a2dbc88db2a6cdfd0b2527b28716b
baseline,4,15,1000000,float,TRUE,scale_general,double,ordinary,2,626,0.165000000000003,0.164999999999999,8100d028390097d4a98b44ea0ff4cb617c6204331b80e5c7870832582030541c,256764253c19afe4b22c7738fb2f83098a03d4dbde3db39ee8c24b205a95942a,1003,,0,FALSE,FALSE,FALSE,FALSE,FALSE,FALSE,FALSE,FALSE,ee8f1f1d17d164fc3d811ad86cc889d11c328f41d3cd55762069bc2161e48c9f,6a2baa27cd05157233063b825243be4bdf1a2dbc88db2a6cdfd0b2527b28716b
baseline,4,15,1000000,float,TRUE,scale_general,double,typed_double,3,569,0.152999999999999,0.154,ea87b3dd63bfda18195aef508608398181a11f876a570f6017c0c100c3497f49,256764253c19afe4b22c7738fb2f83098a03d4dbde3db39ee8c24b205a95942a,1003,double,569,FALSE,FALSE,FALSE,FALSE,FALSE,FALSE,FALSE,FALSE,ee8f1f1d17d164fc3d811ad86cc889d11c328f41d3cd55762069bc2161e48c9f,6a2baa27cd05157233063b825243be4bdf1a2dbc88db2a6cdfd0b2527b28716b
baseline,4,16,1000000,float,TRUE,float_multiply,float,typed_double,1,481,0.166,0.166,8290dd7500cd078b2bd5437bf8fe0afa95dd1f1bab5eff045202e84b7d93eed9,d842a810a046337b5363ff7dafdaa01aa4553912ce2afa4ee95c617158d8e0e7,2011,double,481,FALSE,FALSE,FALSE,FALSE,FALSE,FALSE,FALSE,FALSE,ee8f1f1d17d164fc3d811ad86cc889d11c328f41d3cd55762069bc2161e48c9f,6a2baa27cd05157233063b825243be4bdf1a2dbc88db2a6cdfd0b2527b28716b
baseline,4,16,1000000,float,TRUE,float_multiply,float,compact,2,324,0.151,0.151,8290dd7500cd078b2bd5437bf8fe0afa95dd1f1bab5eff045202e84b7d93eed9,d842a810a046337b5363ff7dafdaa01aa4553912ce2afa4ee95c617158d8e0e7,2011,float,324,TRUE,TRUE,FALSE,FALSE,TRUE,TRUE,FALSE,FALSE,ee8f1f1d17d164fc3d811ad86cc889d11c328f41d3cd55762069bc2161e48c9f,6a2baa27cd05157233063b825243be4bdf1a2dbc88db2a6cdfd0b2527b28716b
baseline,4,16,1000000,float,TRUE,float_multiply,float,ordinary,3,605,0.170999999999998,0.170000000000002,96b0fd82fdfc837964eddbc19baef0073045dc1bea1ecc4b106e12605eb53860,d842a810a046337b5363ff7dafdaa01aa4553912ce2afa4ee95c617158d8e0e7,2011,,0,FALSE,FALSE,FALSE,FALSE,FALSE,FALSE,FALSE,FALSE,ee8f1f1d17d164fc3d811ad86cc889d11c328f41d3cd55762069bc2161e48c9f,6a2baa27cd05157233063b825243be4bdf1a2dbc88db2a6cdfd0b2527b28716b
baseline,4,17,1000000,long,FALSE,long_float_add,float,ordinary,1,605,0.154999999999998,0.155000000000001,5865d7f437b5487c8061f7274c6507b7ec0fc76362cd655e9259ebb78a28f057,6506614505e113daab08b3f894ca46d4d61867c7b007c413b47a669abe8aae67,0,,0,FALSE,FALSE,FALSE,FALSE,FALSE,FALSE,FALSE,FALSE,8937acbbe87ff127e6567f97e52c6a17dbe3ea7052a39a3b76abe25c8e7eeb13,31d3575e77d9d04b75880bca9e10dbd0e13e61d21795052921dd3f702d909dd7
baseline,4,17,1000000,long,FALSE,long_float_add,float,typed_double,2,494,0.152999999999999,0.152999999999999,5865d7f437b5487c8061f7274c6507b7ec0fc76362cd655e9259ebb78a28f057,6506614505e113daab08b3f894ca46d4d61867c7b007c413b47a669abe8aae67,0,double,494,FALSE,FALSE,FALSE,FALSE,FALSE,FALSE,FALSE,FALSE,8937acbbe87ff127e6567f97e52c6a17dbe3ea7052a39a3b76abe25c8e7eeb13,31d3575e77d9d04b75880bca9e10dbd0e13e61d21795052921dd3f702d909dd7
baseline,4,17,1000000,long,FALSE,long_float_add,float,compact,3,308,0.115000000000002,0.114999999999998,5865d7f437b5487c8061f7274c6507b7ec0fc76362cd655e9259ebb78a28f057,6506614505e113daab08b3f894ca46d4d61867c7b007c413b47a669abe8aae67,0,double,308,TRUE,TRUE,FALSE,FALSE,TRUE,TRUE,FALSE,FALSE,8937acbbe87ff127e6567f97e52c6a17dbe3ea7052a39a3b76abe25c8e7eeb13,31d3575e77d9d04b75880bca9e10dbd0e13e61d21795052921dd3f702d909dd7
baseline,4,18,1000000,long,TRUE,long_float_add,float,compact,1,289,0.152000000000001,0.152000000000001,087fb12a32e314d333c4287225113c3c6e3a135a9c18c162b3b5753b80f4350c,d842a810a046337b5363ff7dafdaa01aa4553912ce2afa4ee95c617158d8e0e7,2011,double,289,TRUE,TRUE,FALSE,FALSE,TRUE,TRUE,FALSE,FALSE,5af7169f9d20a77a6f06236647a66be1493d6e155163c245a466bda43242d0e7,6a2baa27cd05157233063b825243be4bdf1a2dbc88db2a6cdfd0b2527b28716b
baseline,4,18,1000000,long,TRUE,long_float_add,float,ordinary,2,605,0.152999999999999,0.153000000000002,ea5ac2e3896755c3d5082b83561d8673bb4f0147a7690b804a8d74cecbeda4c1,d842a810a046337b5363ff7dafdaa01aa4553912ce2afa4ee95c617158d8e0e7,2011,,0,FALSE,FALSE,FALSE,FALSE,FALSE,FALSE,FALSE,FALSE,5af7169f9d20a77a6f06236647a66be1493d6e155163c245a466bda43242d0e7,6a2baa27cd05157233063b825243be4bdf1a2dbc88db2a6cdfd0b2527b28716b
baseline,4,18,1000000,long,TRUE,long_float_add,float,typed_double,3,494,0.154,0.155000000000001,087fb12a32e314d333c4287225113c3c6e3a135a9c18c162b3b5753b80f4350c,d842a810a046337b5363ff7dafdaa01aa4553912ce2afa4ee95c617158d8e0e7,2011,double,494,FALSE,FALSE,FALSE,FALSE,FALSE,FALSE,FALSE,FALSE,5af7169f9d20a77a6f06236647a66be1493d6e155163c245a466bda43242d0e7,6a2baa27cd05157233063b825243be4bdf1a2dbc88db2a6cdfd0b2527b28716b
baseline,5,1,1000000,int,FALSE,scale_binary,double,compact,1,569,0.137,0.138,43cbc5fa02580f73a834cffb43a5ba0a0f4d7303cec536a2e3c58f1f469eb824,6506614505e113daab08b3f894ca46d4d61867c7b007c413b47a669abe8aae67,0,int,569,TRUE,TRUE,FALSE,FALSE,FALSE,FALSE,FALSE,FALSE,8937acbbe87ff127e6567f97e52c6a17dbe3ea7052a39a3b76abe25c8e7eeb13,31d3575e77d9d04b75880bca9e10dbd0e13e61d21795052921dd3f702d909dd7
baseline,5,1,1000000,int,FALSE,scale_binary,double,typed_double,2,536,0.165,0.164,43cbc5fa02580f73a834cffb43a5ba0a0f4d7303cec536a2e3c58f1f469eb824,6506614505e113daab08b3f894ca46d4d61867c7b007c413b47a669abe8aae67,0,double,536,FALSE,FALSE,FALSE,FALSE,FALSE,FALSE,FALSE,FALSE,8937acbbe87ff127e6567f97e52c6a17dbe3ea7052a39a3b76abe25c8e7eeb13,31d3575e77d9d04b75880bca9e10dbd0e13e61d21795052921dd3f702d909dd7
baseline,5,1,1000000,int,FALSE,scale_binary,double,ordinary,3,408,0.119,0.118,43cbc5fa02580f73a834cffb43a5ba0a0f4d7303cec536a2e3c58f1f469eb824,6506614505e113daab08b3f894ca46d4d61867c7b007c413b47a669abe8aae67,0,,0,FALSE,FALSE,FALSE,FALSE,FALSE,FALSE,FALSE,FALSE,8937acbbe87ff127e6567f97e52c6a17dbe3ea7052a39a3b76abe25c8e7eeb13,31d3575e77d9d04b75880bca9e10dbd0e13e61d21795052921dd3f702d909dd7
baseline,5,2,1000000,int,FALSE,mixed_add,float,typed_double,1,458,0.165,0.166,5865d7f437b5487c8061f7274c6507b7ec0fc76362cd655e9259ebb78a28f057,6506614505e113daab08b3f894ca46d4d61867c7b007c413b47a669abe8aae67,0,double,458,FALSE,FALSE,FALSE,FALSE,FALSE,FALSE,FALSE,FALSE,8937acbbe87ff127e6567f97e52c6a17dbe3ea7052a39a3b76abe25c8e7eeb13,31d3575e77d9d04b75880bca9e10dbd0e13e61d21795052921dd3f702d909dd7
baseline,5,2,1000000,int,FALSE,mixed_add,float,ordinary,2,383,0.102,0.102,5865d7f437b5487c8061f7274c6507b7ec0fc76362cd655e9259ebb78a28f057,6506614505e113daab08b3f894ca46d4d61867c7b007c413b47a669abe8aae67,0,,0,FALSE,FALSE,FALSE,FALSE,FALSE,FALSE,FALSE,FALSE,8937acbbe87ff127e6567f97e52c6a17dbe3ea7052a39a3b76abe25c8e7eeb13,31d3575e77d9d04b75880bca9e10dbd0e13e61d21795052921dd3f702d909dd7
baseline,5,2,1000000,int,FALSE,mixed_add,float,compact,3,268,0.153,0.153,5865d7f437b5487c8061f7274c6507b7ec0fc76362cd655e9259ebb78a28f057,6506614505e113daab08b3f894ca46d4d61867c7b007c413b47a669abe8aae67,0,float,268,TRUE,TRUE,FALSE,FALSE,TRUE,TRUE,FALSE,FALSE,8937acbbe87ff127e6567f97e52c6a17dbe3ea7052a39a3b76abe25c8e7eeb13,31d3575e77d9d04b75880bca9e10dbd0e13e61d21795052921dd3f702d909dd7
baseline,5,3,1000000,int,FALSE,mixed_multiply,float,ordinary,1,552,0.163,0.163,74e198320fcef535d96d5240bf6315c7f048f937cff6728206c4dc3e49c71557,6506614505e113daab08b3f894ca46d4d61867c7b007c413b47a669abe8aae67,0,,0,FALSE,FALSE,FALSE,FALSE,FALSE,FALSE,FALSE,FALSE,8937acbbe87ff127e6567f97e52c6a17dbe3ea7052a39a3b76abe25c8e7eeb13,31d3575e77d9d04b75880bca9e10dbd0e13e61d21795052921dd3f702d909dd7
baseline,5,3,1000000,int,FALSE,mixed_multiply,float,compact,2,417,0.154000000000001,0.154,74e198320fcef535d96d5240bf6315c7f048f937cff6728206c4dc3e49c71557,6506614505e113daab08b3f894ca46d4d61867c7b007c413b47a669abe8aae67,0,float,417,TRUE,TRUE,FALSE,FALSE,TRUE,TRUE,FALSE,FALSE,8937acbbe87ff127e6567f97e52c6a17dbe3ea7052a39a3b76abe25c8e7eeb13,31d3575e77d9d04b75880bca9e10dbd0e13e61d21795052921dd3f702d909dd7
baseline,5,3,1000000,int,FALSE,mixed_multiply,float,typed_double,3,458,0.164000000000001,0.164,74e198320fcef535d96d5240bf6315c7f048f937cff6728206c4dc3e49c71557,6506614505e113daab08b3f894ca46d4d61867c7b007c413b47a669abe8aae67,0,double,458,FALSE,FALSE,FALSE,FALSE,FALSE,FALSE,FALSE,FALSE,8937acbbe87ff127e6567f97e52c6a17dbe3ea7052a39a3b76abe25c8e7eeb13,31d3575e77d9d04b75880bca9e10dbd0e13e61d21795052921dd3f702d909dd7
baseline,5,4,1000000,int,FALSE,mixed_subtract,float,compact,1,268,0.15,0.151,562820f81b1e6756059905d249b0e791c9497c3738cb3dfcc54116eb0e12b3bb,6506614505e113daab08b3f894ca46d4d61867c7b007c413b47a669abe8aae67,0,float,268,TRUE,TRUE,FALSE,FALSE,TRUE,TRUE,FALSE,FALSE,8937acbbe87ff127e6567f97e52c6a17dbe3ea7052a39a3b76abe25c8e7eeb13,31d3575e77d9d04b75880bca9e10dbd0e13e61d21795052921dd3f702d909dd7
baseline,5,4,1000000,int,FALSE,mixed_subtract,float,typed_double,2,329,0.106,0.106,562820f81b1e6756059905d249b0e791c9497c3738cb3dfcc54116eb0e12b3bb,6506614505e113daab08b3f894ca46d4d61867c7b007c413b47a669abe8aae67,0,double,329,FALSE,FALSE,FALSE,FALSE,FALSE,FALSE,FALSE,FALSE,8937acbbe87ff127e6567f97e52c6a17dbe3ea7052a39a3b76abe25c8e7eeb13,31d3575e77d9d04b75880bca9e10dbd0e13e61d21795052921dd3f702d909dd7
baseline,5,4,1000000,int,FALSE,mixed_subtract,float,ordinary,3,569,0.18,0.180000000000001,562820f81b1e6756059905d249b0e791c9497c3738cb3dfcc54116eb0e12b3bb,6506614505e113daab08b3f894ca46d4d61867c7b007c413b47a669abe8aae67,0,,0,FALSE,FALSE,FALSE,FALSE,FALSE,FALSE,FALSE,FALSE,8937acbbe87ff127e6567f97e52c6a17dbe3ea7052a39a3b76abe25c8e7eeb13,31d3575e77d9d04b75880bca9e10dbd0e13e61d21795052921dd3f702d909dd7
baseline,5,5,1000000,int,FALSE,mixed_divide,float,typed_double,1,458,0.164,0.164,ae7640ea952a6b99ff93c8fb8ca899b28cca71ffc2d089cf8759a799a7092922,e051abed22e2093d2b8ea7b2cfe0c0975a4a6ff84dc00b30fcbf1df31abbb480,999,double,458,FALSE,FALSE,FALSE,FALSE,FALSE,FALSE,FALSE,FALSE,8937acbbe87ff127e6567f97e52c6a17dbe3ea7052a39a3b76abe25c8e7eeb13,31d3575e77d9d04b75880bca9e10dbd0e13e61d21795052921dd3f702d909dd7
baseline,5,5,1000000,int,FALSE,mixed_divide,float,ordinary,2,552,0.178,0.178999999999999,207f8b8d33a03b1bad310e4aa209e0380ad57e46bce136443d8943534bb38984,6506614505e113daab08b3f894ca46d4d61867c7b007c413b47a669abe8aae67,0,,0,FALSE,FALSE,FALSE,FALSE,FALSE,FALSE,FALSE,FALSE,8937acbbe87ff127e6567f97e52c6a17dbe3ea7052a39a3b76abe25c8e7eeb13,31d3575e77d9d04b75880bca9e10dbd0e13e61d21795052921dd3f702d909dd7
baseline,5,5,1000000,int,FALSE,mixed_divide,float,compact,3,254,0.150999999999999,0.15,6def527056a38d8935fa3283707f7647981cba07bc778f537219dc0819f5a317,e051abed22e2093d2b8ea7b2cfe0c0975a4a6ff84dc00b30fcbf1df31abbb480,999,float,254,TRUE,TRUE,FALSE,FALSE,TRUE,TRUE,FALSE,FALSE,8937acbbe87ff127e6567f97e52c6a17dbe3ea7052a39a3b76abe25c8e7eeb13,31d3575e77d9d04b75880bca9e10dbd0e13e61d21795052921dd3f702d909dd7
baseline,5,6,1000000,int,TRUE,scale_binary,double,ordinary,1,586,0.161,0.162000000000001,b10ddc1e7177ef92cdb14943c3981218bcd426a31f9c7d156ed4dbd4ea86c948,256764253c19afe4b22c7738fb2f83098a03d4dbde3db39ee8c24b205a95942a,1003,,0,FALSE,FALSE,FALSE,FALSE,FALSE,FALSE,FALSE,FALSE,5af7169f9d20a77a6f06236647a66be1493d6e155163c245a466bda43242d0e7,6a2baa27cd05157233063b825243be4bdf1a2dbc88db2a6cdfd0b2527b28716b
baseline,5,6,1000000,int,TRUE,scale_binary,double,compact,2,586,0.141,0.141,406aa86104df9ebd1e49e25bbc9266cbc0cc152fd09e7d28efa1e3b9f07c7f98,256764253c19afe4b22c7738fb2f83098a03d4dbde3db39ee8c24b205a95942a,1003,int,586,TRUE,TRUE,FALSE,FALSE,FALSE,FALSE,FALSE,FALSE,5af7169f9d20a77a6f06236647a66be1493d6e155163c245a466bda43242d0e7,6a2baa27cd05157233063b825243be4bdf1a2dbc88db2a6cdfd0b2527b28716b
baseline,5,6,1000000,int,TRUE,scale_binary,double,typed_double,3,383,0.106,0.106,406aa86104df9ebd1e49e25bbc9266cbc0cc152fd09e7d28efa1e3b9f07c7f98,256764253c19afe4b22c7738fb2f83098a03d4dbde3db39ee8c24b205a95942a,1003,double,383,FALSE,FALSE,FALSE,FALSE,FALSE,FALSE,FALSE,FALSE,5af7169f9d20a77a6f06236647a66be1493d6e155163c245a466bda43242d0e7,6a2baa27cd05157233063b825243be4bdf1a2dbc88db2a6cdfd0b2527b28716b
baseline,5,7,1000000,int,TRUE,mixed_add,float,compact,1,168,0.120000000000001,0.119999999999999,087fb12a32e314d333c4287225113c3c6e3a135a9c18c162b3b5753b80f4350c,d842a810a046337b5363ff7dafdaa01aa4553912ce2afa4ee95c617158d8e0e7,2011,float,168,TRUE,TRUE,FALSE,FALSE,TRUE,TRUE,FALSE,FALSE,5af7169f9d20a77a6f06236647a66be1493d6e155163c245a466bda43242d0e7,6a2baa27cd05157233063b825243be4bdf1a2dbc88db2a6cdfd0b2527b28716b
baseline,5,7,1000000,int,TRUE,mixed_add,float,typed_double,2,481,0.152000000000001,0.152999999999999,087fb12a32e314d333c4287225113c3c6e3a135a9c18c162b3b5753b80f4350c,d842a810a046337b5363ff7dafdaa01aa4553912ce2afa4ee95c617158d8e0e7,2011,double,481,FALSE,FALSE,FALSE,FALSE,FALSE,FALSE,FALSE,FALSE,5af7169f9d20a77a6f06236647a66be1493d6e155163c245a466bda43242d0e7,6a2baa27cd05157233063b825243be4bdf1a2dbc88db2a6cdfd0b2527b28716b
baseline,5,7,1000000,int,TRUE,mixed_add,float,ordinary,3,427,0.111000000000001,0.110000000000001,ea5ac2e3896755c3d5082b83561d8673bb4f0147a7690b804a8d74cecbeda4c1,d842a810a046337b5363ff7dafdaa01aa4553912ce2afa4ee95c617158d8e0e7,2011,,0,FALSE,FALSE,FALSE,FALSE,FALSE,FALSE,FALSE,FALSE,5af7169f9d20a77a6f06236647a66be1493d6e155163c245a466bda43242d0e7,6a2baa27cd05157233063b825243be4bdf1a2dbc88db2a6cdfd0b2527b28716b
baseline,5,8,1000000,int,TRUE,mixed_multiply,float,typed_double,1,469,0.164,0.164,567cb444c88381ecb7601b5374668c9d2a719ee733326a0fd33b4e0cf98f607d,d842a810a046337b5363ff7dafdaa01aa4553912ce2afa4ee95c617158d8e0e7,2011,double,469,FALSE,FALSE,FALSE,FALSE,FALSE,FALSE,FALSE,FALSE,5af7169f9d20a77a6f06236647a66be1493d6e155163c245a466bda43242d0e7,6a2baa27cd05157233063b825243be4bdf1a2dbc88db2a6cdfd0b2527b28716b
baseline,5,8,1000000,int,TRUE,mixed_multiply,float,ordinary,2,586,0.17,0.168999999999999,4e15a12f73c542a9193d69c8d13f89eb8b7adf975c41c2fdf2ef19e40aa99344,d842a810a046337b5363ff7dafdaa01aa4553912ce2afa4ee95c617158d8e0e7,2011,,0,FALSE,FALSE,FALSE,FALSE,FALSE,FALSE,FALSE,FALSE,5af7169f9d20a77a6f06236647a66be1493d6e155163c245a466bda43242d0e7,6a2baa27cd05157233063b825243be4bdf1a2dbc88db2a6cdfd0b2527b28716b
baseline,5,8,1000000,int,TRUE,mixed_multiply,float,compact,3,318,0.148999999999999,0.149000000000001,567cb444c88381ecb7601b5374668c9d2a719ee733326a0fd33b4e0cf98f607d,d842a810a046337b5363ff7dafdaa01aa4553912ce2afa4ee95c617158d8e0e7,2011,float,318,TRUE,TRUE,FALSE,FALSE,TRUE,TRUE,FALSE,FALSE,5af7169f9d20a77a6f06236647a66be1493d6e155163c245a466bda43242d0e7,6a2baa27cd05157233063b825243be4bdf1a2dbc88db2a6cdfd0b2527b28716b
baseline,5,9,1000000,int,TRUE,mixed_subtract,float,ordinary,1,605,0.174,0.173,8679b1c92f66dcdd3080bd3788626bcd97f5333387bc5b48a1365f669c13dd17,d842a810a046337b5363ff7dafdaa01aa4553912ce2afa4ee95c617158d8e0e7,2011,,0,FALSE,FALSE,FALSE,FALSE,FALSE,FALSE,FALSE,FALSE,5af7169f9d20a77a6f06236647a66be1493d6e155163c245a466bda43242d0e7,6a2baa27cd05157233063b825243be4bdf1a2dbc88db2a6cdfd0b2527b28716b
baseline,5,9,1000000,int,TRUE,mixed_subtract,float,compact,2,211,0.15,0.151,d888f35894142efc1f39ddcef1aefba1a7fd30f7ed69c00c2d2dda247f8581f5,d842a810a046337b5363ff7dafdaa01aa4553912ce2afa4ee95c617158d8e0e7,2011,float,211,TRUE,TRUE,FALSE,FALSE,TRUE,TRUE,FALSE,FALSE,5af7169f9d20a77a6f06236647a66be1493d6e155163c245a466bda43242d0e7,6a2baa27cd05157233063b825243be4bdf1a2dbc88db2a6cdfd0b2527b28716b
baseline,5,9,1000000,int,TRUE,mixed_subtract,float,typed_double,3,494,0.154,0.154999999999999,d888f35894142efc1f39ddcef1aefba1a7fd30f7ed69c00c2d2dda247f8581f5,d842a810a046337b5363ff7dafdaa01aa4553912ce2afa4ee95c617158d8e0e7,2011,double,494,FALSE,FALSE,FALSE,FALSE,FALSE,FALSE,FALSE,FALSE,5af7169f9d20a77a6f06236647a66be1493d6e155163c245a466bda43242d0e7,6a2baa27cd05157233063b825243be4bdf1a2dbc88db2a6cdfd0b2527b28716b
baseline,5,10,1000000,int,TRUE,mixed_divide,float,compact,1,202,0.149000000000001,0.148999999999999,ed5782b8feabbf0a281d1fa7c54c3046ca6c6b6db4b3a5d51d26e2fbb01b5dbe,8363fa752350497662a4ce583648a56f69556d78062759212ea88bafefafff41,3008,float,202,TRUE,TRUE,FALSE,FALSE,TRUE,TRUE,FALSE,FALSE,5af7169f9d20a77a6f06236647a66be1493d6e155163c245a466bda43242d0e7,6a2baa27cd05157233063b825243be4bdf1a2dbc88db2a6cdfd0b2527b28716b
baseline,5,10,1000000,int,TRUE,mixed_divide,float,typed_double,2,481,0.150999999999999,0.150000000000002,d9bdbdefafca1f8db32237efaff37c9feb9805d4bb814645e065f847f409fb4d,8363fa752350497662a4ce583648a56f69556d78062759212ea88bafefafff41,3008,double,481,FALSE,FALSE,FALSE,FALSE,FALSE,FALSE,FALSE,FALSE,5af7169f9d20a77a6f06236647a66be1493d6e155163c245a466bda43242d0e7,6a2baa27cd05157233063b825243be4bdf1a2dbc88db2a6cdfd0b2527b28716b
baseline,5,10,1000000,int,TRUE,mixed_divide,float,ordinary,3,586,0.166999999999998,0.167000000000002,406400422a4665eaaf4bff6e7465afe5c7d02f62dcaf8521b892a348eb502759,d842a810a046337b5363ff7dafdaa01aa4553912ce2afa4ee95c617158d8e0e7,2011,,0,FALSE,FALSE,FALSE,FALSE,FALSE,FALSE,FALSE,FALSE,5af7169f9d20a77a6f06236647a66be1493d6e155163c245a466bda43242d0e7,6a2baa27cd05157233063b825243be4bdf1a2dbc88db2a6cdfd0b2527b28716b
baseline,5,11,1000000,float,FALSE,scale_binary,double,typed_double,1,569,0.154,0.154,5e4cb543f32269b2c2218b394ad1c41d44f6b32b3f8be7d200655b3b7d11f177,6506614505e113daab08b3f894ca46d4d61867c7b007c413b47a669abe8aae67,0,double,569,FALSE,FALSE,FALSE,FALSE,FALSE,FALSE,FALSE,FALSE,7f1c1a27229f7a699fa85ff90b5be1266497c462407b39b11f6d94015af8e8ad,31d3575e77d9d04b75880bca9e10dbd0e13e61d21795052921dd3f702d909dd7
baseline,5,11,1000000,float,FALSE,scale_binary,double,ordinary,2,427,0.103999999999999,0.103999999999999,5e4cb543f32269b2c2218b394ad1c41d44f6b32b3f8be7d200655b3b7d11f177,6506614505e113daab08b3f894ca46d4d61867c7b007c413b47a669abe8aae67,0,,0,FALSE,FALSE,FALSE,FALSE,FALSE,FALSE,FALSE,FALSE,7f1c1a27229f7a699fa85ff90b5be1266497c462407b39b11f6d94015af8e8ad,31d3575e77d9d04b75880bca9e10dbd0e13e61d21795052921dd3f702d909dd7
baseline,5,11,1000000,float,FALSE,scale_binary,double,compact,3,458,0.150000000000001,0.148999999999997,5e4cb543f32269b2c2218b394ad1c41d44f6b32b3f8be7d200655b3b7d11f177,6506614505e113daab08b3f894ca46d4d61867c7b007c413b47a669abe8aae67,0,float,458,TRUE,TRUE,FALSE,FALSE,FALSE,FALSE,FALSE,FALSE,7f1c1a27229f7a699fa85ff90b5be1266497c462407b39b11f6d94015af8e8ad,31d3575e77d9d04b75880bca9e10dbd0e13e61d21795052921dd3f702d909dd7
baseline,5,12,1000000,float,FALSE,scale_general,double,ordinary,1,626,0.166999999999998,0.166999999999998,f26b519d09797e4f4941392e4b52f307c71832f0aaad54da617e9078fe055e1c,6506614505e113daab08b3f894ca46d4d61867c7b007c413b47a669abe8aae67,0,,0,FALSE,FALSE,FALSE,FALSE,FALSE,FALSE,FALSE,FALSE,7f1c1a27229f7a699fa85ff90b5be1266497c462407b39b11f6d94015af8e8ad,31d3575e77d9d04b75880bca9e10dbd0e13e61d21795052921dd3f702d909dd7
baseline,5,12,1000000,float,FALSE,scale_general,double,compact,2,361,0.152,0.151,72cc5cf98cf5a5166668db2e8420adb3bc862ec1b003fbdd7aeb0a9746f22870,6506614505e113daab08b3f894ca46d4d61867c7b007c413b47a669abe8aae67,0,float,361,TRUE,TRUE,FALSE,FALSE,FALSE,FALSE,FALSE,FALSE,7f1c1a27229f7a699fa85ff90b5be1266497c462407b39b11f6d94015af8e8ad,31d3575e77d9d04b75880bca9e10dbd0e13e61d21795052921dd3f702d909dd7
baseline,5,12,1000000,float,FALSE,scale_general,double,typed_double,3,569,0.17,0.168999999999997,f26b519d09797e4f4941392e4b52f307c71832f0aaad54da617e9078fe055e1c,6506614505e113daab08b3f894ca46d4d61867c7b007c413b47a669abe8aae67,0,double,569,FALSE,FALSE,FALSE,FALSE,FALSE,FALSE,FALSE,FALSE,7f1c1a27229f7a699fa85ff90b5be1266497c462407b39b11f6d94015af8e8ad,31d3575e77d9d04b75880bca9e10dbd0e13e61d21795052921dd3f702d909dd7
baseline,5,13,1000000,float,FALSE,float_multiply,float,compact,1,536,0.144000000000002,0.143999999999998,0bba0ca591c120cf82ec7fba05e23d81983f377b8aa3fa66f476e26d1dada746,6506614505e113daab08b3f894ca46d4d61867c7b007c413b47a669abe8aae67,0,float,536,TRUE,TRUE,FALSE,FALSE,TRUE,TRUE,FALSE,FALSE,7f1c1a27229f7a699fa85ff90b5be1266497c462407b39b11f6d94015af8e8ad,31d3575e77d9d04b75880bca9e10dbd0e13e61d21795052921dd3f702d909dd7
baseline,5,13,1000000,float,FALSE,float_multiply,float,typed_double,2,481,0.167,0.166,0bba0ca591c120cf82ec7fba05e23d81983f377b8aa3fa66f476e26d1dada746,6506614505e113daab08b3f894ca46d4d61867c7b007c413b47a669abe8aae67,0,double,481,FALSE,FALSE,FALSE,FALSE,FALSE,FALSE,FALSE,FALSE,7f1c1a27229f7a699fa85ff90b5be1266497c462407b39b11f6d94015af8e8ad,31d3575e77d9d04b75880bca9e10dbd0e13e61d21795052921dd3f702d909dd7
baseline,5,13,1000000,float,FALSE,float_multiply,float,ordinary,3,586,0.149999999999999,0.149999999999999,0bba0ca591c120cf82ec7fba05e23d81983f377b8aa3fa66f476e26d1dada746,6506614505e113daab08b3f894ca46d4d61867c7b007c413b47a669abe8aae67,0,,0,FALSE,FALSE,FALSE,FALSE,FALSE,FALSE,FALSE,FALSE,7f1c1a27229f7a699fa85ff90b5be1266497c462407b39b11f6d94015af8e8ad,31d3575e77d9d04b75880bca9e10dbd0e13e61d21795052921dd3f702d909dd7
baseline,5,14,1000000,float,TRUE,scale_binary,double,typed_double,1,552,0.163,0.163999999999998,c2d92a8e75010c0ddb80329b9ca6cc4898ca1d4543392f8c8382c3fbfeeb5b4b,256764253c19afe4b22c7738fb2f83098a03d4dbde3db39ee8c24b205a95942a,1003,double,552,FALSE,FALSE,FALSE,FALSE,FALSE,FALSE,FALSE,FALSE,ee8f1f1d17d164fc3d811ad86cc889d11c328f41d3cd55762069bc2161e48c9f,6a2baa27cd05157233063b825243be4bdf1a2dbc88db2a6cdfd0b2527b28716b
baseline,5,14,1000000,float,TRUE,scale_binary,double,ordinary,2,625,0.152000000000001,0.151,21fac45dcda0cbc0ba9e1f553d3be3fedd245b921d5e2e4497a8d64f1e038117,256764253c19afe4b22c7738fb2f83098a03d4dbde3db39ee8c24b205a95942a,1003,,0,FALSE,FALSE,FALSE,FALSE,FALSE,FALSE,FALSE,FALSE,ee8f1f1d17d164fc3d811ad86cc889d11c328f41d3cd55762069bc2161e48c9f,6a2baa27cd05157233063b825243be4bdf1a2dbc88db2a6cdfd0b2527b28716b
baseline,5,14,1000000,float,TRUE,scale_binary,double,compact,3,458,0.160999999999998,0.161000000000001,c2d92a8e75010c0ddb80329b9ca6cc4898ca1d4543392f8c8382c3fbfeeb5b4b,256764253c19afe4b22c7738fb2f83098a03d4dbde3db39ee8c24b205a95942a,1003,float,458,TRUE,TRUE,FALSE,FALSE,FALSE,FALSE,FALSE,FALSE,ee8f1f1d17d164fc3d811ad86cc889d11c328f41d3cd55762069bc2161e48c9f,6a2baa27cd05157233063b825243be4bdf1a2dbc88db2a6cdfd0b2527b28716b
baseline,5,15,1000000,float,TRUE,scale_general,double,ordinary,1,625,0.152,0.151,8100d028390097d4a98b44ea0ff4cb617c6204331b80e5c7870832582030541c,256764253c19afe4b22c7738fb2f83098a03d4dbde3db39ee8c24b205a95942a,1003,,0,FALSE,FALSE,FALSE,FALSE,FALSE,FALSE,FALSE,FALSE,ee8f1f1d17d164fc3d811ad86cc889d11c328f41d3cd55762069bc2161e48c9f,6a2baa27cd05157233063b825243be4bdf1a2dbc88db2a6cdfd0b2527b28716b
baseline,5,15,1000000,float,TRUE,scale_general,double,compact,2,276,0.161999999999999,0.161999999999999,c58bc992720c328eca610e60f8c3f93d7d61df77946cf51b8626b0d8b78368ef,256764253c19afe4b22c7738fb2f83098a03d4dbde3db39ee8c24b205a95942a,1003,float,276,TRUE,TRUE,FALSE,FALSE,FALSE,FALSE,FALSE,FALSE,ee8f1f1d17d164fc3d811ad86cc889d11c328f41d3cd55762069bc2161e48c9f,6a2baa27cd05157233063b825243be4bdf1a2dbc88db2a6cdfd0b2527b28716b
baseline,5,15,1000000,float,TRUE,scale_general,double,typed_double,3,569,0.152000000000001,0.152999999999999,ea87b3dd63bfda18195aef508608398181a11f876a570f6017c0c100c3497f49,256764253c19afe4b22c7738fb2f83098a03d4dbde3db39ee8c24b205a95942a,1003,double,569,FALSE,FALSE,FALSE,FALSE,FALSE,FALSE,FALSE,FALSE,ee8f1f1d17d164fc3d811ad86cc889d11c328f41d3cd55762069bc2161e48c9f,6a2baa27cd05157233063b825243be4bdf1a2dbc88db2a6cdfd0b2527b28716b
baseline,5,16,1000000,float,TRUE,float_multiply,float,compact,1,324,0.148999999999997,0.149000000000001,8290dd7500cd078b2bd5437bf8fe0afa95dd1f1bab5eff045202e84b7d93eed9,d842a810a046337b5363ff7dafdaa01aa4553912ce2afa4ee95c617158d8e0e7,2011,float,324,TRUE,TRUE,FALSE,FALSE,TRUE,TRUE,FALSE,FALSE,ee8f1f1d17d164fc3d811ad86cc889d11c328f41d3cd55762069bc2161e48c9f,6a2baa27cd05157233063b825243be4bdf1a2dbc88db2a6cdfd0b2527b28716b
baseline,5,16,1000000,float,TRUE,float_multiply,float,typed_double,2,494,0.166,0.166999999999998,8290dd7500cd078b2bd5437bf8fe0afa95dd1f1bab5eff045202e84b7d93eed9,d842a810a046337b5363ff7dafdaa01aa4553912ce2afa4ee95c617158d8e0e7,2011,double,494,FALSE,FALSE,FALSE,FALSE,FALSE,FALSE,FALSE,FALSE,ee8f1f1d17d164fc3d811ad86cc889d11c328f41d3cd55762069bc2161e48c9f,6a2baa27cd05157233063b825243be4bdf1a2dbc88db2a6cdfd0b2527b28716b
baseline,5,16,1000000,float,TRUE,float_multiply,float,ordinary,3,605,0.152999999999999,0.152999999999999,96b0fd82fdfc837964eddbc19baef0073045dc1bea1ecc4b106e12605eb53860,d842a810a046337b5363ff7dafdaa01aa4553912ce2afa4ee95c617158d8e0e7,2011,,0,FALSE,FALSE,FALSE,FALSE,FALSE,FALSE,FALSE,FALSE,ee8f1f1d17d164fc3d811ad86cc889d11c328f41d3cd55762069bc2161e48c9f,6a2baa27cd05157233063b825243be4bdf1a2dbc88db2a6cdfd0b2527b28716b
baseline,5,17,1000000,long,FALSE,long_float_add,float,typed_double,1,494,0.167999999999999,0.169,5865d7f437b5487c8061f7274c6507b7ec0fc76362cd655e9259ebb78a28f057,6506614505e113daab08b3f894ca46d4d61867c7b007c413b47a669abe8aae67,0,double,494,FALSE,FALSE,FALSE,FALSE,FALSE,FALSE,FALSE,FALSE,8937acbbe87ff127e6567f97e52c6a17dbe3ea7052a39a3b76abe25c8e7eeb13,31d3575e77d9d04b75880bca9e10dbd0e13e61d21795052921dd3f702d909dd7
baseline,5,17,1000000,long,FALSE,long_float_add,float,ordinary,2,586,0.150000000000002,0.152000000000001,5865d7f437b5487c8061f7274c6507b7ec0fc76362cd655e9259ebb78a28f057,6506614505e113daab08b3f894ca46d4d61867c7b007c413b47a669abe8aae67,0,,0,FALSE,FALSE,FALSE,FALSE,FALSE,FALSE,FALSE,FALSE,8937acbbe87ff127e6567f97e52c6a17dbe3ea7052a39a3b76abe25c8e7eeb13,31d3575e77d9d04b75880bca9e10dbd0e13e61d21795052921dd3f702d909dd7
baseline,5,17,1000000,long,FALSE,long_float_add,float,compact,3,399,0.151,0.151,5865d7f437b5487c8061f7274c6507b7ec0fc76362cd655e9259ebb78a28f057,6506614505e113daab08b3f894ca46d4d61867c7b007c413b47a669abe8aae67,0,double,399,TRUE,TRUE,FALSE,FALSE,TRUE,TRUE,FALSE,FALSE,8937acbbe87ff127e6567f97e52c6a17dbe3ea7052a39a3b76abe25c8e7eeb13,31d3575e77d9d04b75880bca9e10dbd0e13e61d21795052921dd3f702d909dd7
baseline,5,18,1000000,long,TRUE,long_float_add,float,ordinary,1,605,0.171999999999999,0.170000000000002,ea5ac2e3896755c3d5082b83561d8673bb4f0147a7690b804a8d74cecbeda4c1,d842a810a046337b5363ff7dafdaa01aa4553912ce2afa4ee95c617158d8e0e7,2011,,0,FALSE,FALSE,FALSE,FALSE,FALSE,FALSE,FALSE,FALSE,5af7169f9d20a77a6f06236647a66be1493d6e155163c245a466bda43242d0e7,6a2baa27cd05157233063b825243be4bdf1a2dbc88db2a6cdfd0b2527b28716b
baseline,5,18,1000000,long,TRUE,long_float_add,float,compact,2,285,0.152,0.151,087fb12a32e314d333c4287225113c3c6e3a135a9c18c162b3b5753b80f4350c,d842a810a046337b5363ff7dafdaa01aa4553912ce2afa4ee95c617158d8e0e7,2011,double,285,TRUE,TRUE,FALSE,FALSE,TRUE,TRUE,FALSE,FALSE,5af7169f9d20a77a6f06236647a66be1493d6e155163c245a466bda43242d0e7,6a2baa27cd05157233063b825243be4bdf1a2dbc88db2a6cdfd0b2527b28716b
baseline,5,18,1000000,long,TRUE,long_float_add,float,typed_double,3,481,0.166,0.166,087fb12a32e314d333c4287225113c3c6e3a135a9c18c162b3b5753b80f4350c,d842a810a046337b5363ff7dafdaa01aa4553912ce2afa4ee95c617158d8e0e7,2011,double,481,FALSE,FALSE,FALSE,FALSE,FALSE,FALSE,FALSE,FALSE,5af7169f9d20a77a6f06236647a66be1493d6e155163c245a466bda43242d0e7,6a2baa27cd05157233063b825243be4bdf1a2dbc88db2a6cdfd0b2527b28716b
candidate,5,1,1000000,int,FALSE,scale_binary,double,compact,1,569,0.137,0.138,43cbc5fa02580f73a834cffb43a5ba0a0f4d7303cec536a2e3c58f1f469eb824,6506614505e113daab08b3f894ca46d4d61867c7b007c413b47a669abe8aae67,0,int,569,TRUE,TRUE,FALSE,FALSE,FALSE,FALSE,FALSE,FALSE,8937acbbe87ff127e6567f97e52c6a17dbe3ea7052a39a3b76abe25c8e7eeb13,31d3575e77d9d04b75880bca9e10dbd0e13e61d21795052921dd3f702d909dd7
candidate,5,1,1000000,int,FALSE,scale_binary,double,typed_double,2,536,0.165,0.166,43cbc5fa02580f73a834cffb43a5ba0a0f4d7303cec536a2e3c58f1f469eb824,6506614505e113daab08b3f894ca46d4d61867c7b007c413b47a669abe8aae67,0,double,536,FALSE,FALSE,FALSE,FALSE,FALSE,FALSE,FALSE,FALSE,8937acbbe87ff127e6567f97e52c6a17dbe3ea7052a39a3b76abe25c8e7eeb13,31d3575e77d9d04b75880bca9e10dbd0e13e61d21795052921dd3f702d909dd7
candidate,5,1,1000000,int,FALSE,scale_binary,double,ordinary,3,391,0.114,0.114,43cbc5fa02580f73a834cffb43a5ba0a0f4d7303cec536a2e3c58f1f469eb824,6506614505e113daab08b3f894ca46d4d61867c7b007c413b47a669abe8aae67,0,,0,FALSE,FALSE,FALSE,FALSE,FALSE,FALSE,FALSE,FALSE,8937acbbe87ff127e6567f97e52c6a17dbe3ea7052a39a3b76abe25c8e7eeb13,31d3575e77d9d04b75880bca9e10dbd0e13e61d21795052921dd3f702d909dd7
candidate,5,2,1000000,int,FALSE,mixed_add,float,typed_double,1,469,0.167,0.168,5865d7f437b5487c8061f7274c6507b7ec0fc76362cd655e9259ebb78a28f057,6506614505e113daab08b3f894ca46d4d61867c7b007c413b47a669abe8aae67,0,double,469,FALSE,FALSE,FALSE,FALSE,FALSE,FALSE,FALSE,FALSE,8937acbbe87ff127e6567f97e52c6a17dbe3ea7052a39a3b76abe25c8e7eeb13,31d3575e77d9d04b75880bca9e10dbd0e13e61d21795052921dd3f702d909dd7
candidate,5,2,1000000,int,FALSE,mixed_add,float,ordinary,2,569,0.165,0.166,5865d7f437b5487c8061f7274c6507b7ec0fc76362cd655e9259ebb78a28f057,6506614505e113daab08b3f894ca46d4d61867c7b007c413b47a669abe8aae67,0,,0,FALSE,FALSE,FALSE,FALSE,FALSE,FALSE,FALSE,FALSE,8937acbbe87ff127e6567f97e52c6a17dbe3ea7052a39a3b76abe25c8e7eeb13,31d3575e77d9d04b75880bca9e10dbd0e13e61d21795052921dd3f702d909dd7
candidate,5,2,1000000,int,FALSE,mixed_add,float,compact,3,417,0.151,0.151,5865d7f437b5487c8061f7274c6507b7ec0fc76362cd655e9259ebb78a28f057,6506614505e113daab08b3f894ca46d4d61867c7b007c413b47a669abe8aae67,0,float,417,TRUE,TRUE,FALSE,FALSE,TRUE,TRUE,FALSE,FALSE,8937acbbe87ff127e6567f97e52c6a17dbe3ea7052a39a3b76abe25c8e7eeb13,31d3575e77d9d04b75880bca9e10dbd0e13e61d21795052921dd3f702d909dd7
candidate,5,3,1000000,int,FALSE,mixed_multiply,float,ordinary,1,569,0.165,0.164,74e198320fcef535d96d5240bf6315c7f048f937cff6728206c4dc3e49c71557,6506614505e113daab08b3f894ca46d4d61867c7b007c413b47a669abe8aae67,0,,0,FALSE,FALSE,FALSE,FALSE,FALSE,FALSE,FALSE,FALSE,8937acbbe87ff127e6567f97e52c6a17dbe3ea7052a39a3b76abe25c8e7eeb13,31d3575e77d9d04b75880bca9e10dbd0e13e61d21795052921dd3f702d909dd7
candidate,5,3,1000000,int,FALSE,mixed_multiply,float,compact,2,417,0.165000000000001,0.165,74e198320fcef535d96d5240bf6315c7f048f937cff6728206c4dc3e49c71557,6506614505e113daab08b3f894ca46d4d61867c7b007c413b47a669abe8aae67,0,float,417,TRUE,TRUE,FALSE,FALSE,TRUE,TRUE,FALSE,FALSE,8937acbbe87ff127e6567f97e52c6a17dbe3ea7052a39a3b76abe25c8e7eeb13,31d3575e77d9d04b75880bca9e10dbd0e13e61d21795052921dd3f702d909dd7
candidate,5,3,1000000,int,FALSE,mixed_multiply,float,typed_double,3,458,0.166,0.166,74e198320fcef535d96d5240bf6315c7f048f937cff6728206c4dc3e49c71557,6506614505e113daab08b3f894ca46d4d61867c7b007c413b47a669abe8aae67,0,double,458,FALSE,FALSE,FALSE,FALSE,FALSE,FALSE,FALSE,FALSE,8937acbbe87ff127e6567f97e52c6a17dbe3ea7052a39a3b76abe25c8e7eeb13,31d3575e77d9d04b75880bca9e10dbd0e13e61d21795052921dd3f702d909dd7
candidate,5,4,1000000,int,FALSE,mixed_subtract,float,compact,1,408,0.148,0.147,562820f81b1e6756059905d249b0e791c9497c3738cb3dfcc54116eb0e12b3bb,6506614505e113daab08b3f894ca46d4d61867c7b007c413b47a669abe8aae67,0,float,408,TRUE,TRUE,FALSE,FALSE,TRUE,TRUE,FALSE,FALSE,8937acbbe87ff127e6567f97e52c6a17dbe3ea7052a39a3b76abe25c8e7eeb13,31d3575e77d9d04b75880bca9e10dbd0e13e61d21795052921dd3f702d909dd7
candidate,5,4,1000000,int,FALSE,mixed_subtract,float,typed_double,2,469,0.164,0.165,562820f81b1e6756059905d249b0e791c9497c3738cb3dfcc54116eb0e12b3bb,6506614505e113daab08b3f894ca46d4d61867c7b007c413b47a669abe8aae67,0,double,469,FALSE,FALSE,FALSE,FALSE,FALSE,FALSE,FALSE,FALSE,8937acbbe87ff127e6567f97e52c6a17dbe3ea7052a39a3b76abe25c8e7eeb13,31d3575e77d9d04b75880bca9e10dbd0e13e61d21795052921dd3f702d909dd7
candidate,5,4,1000000,int,FALSE,mixed_subtract,float,ordinary,3,586,0.166,0.166,562820f81b1e6756059905d249b0e791c9497c3738cb3dfcc54116eb0e12b3bb,6506614505e113daab08b3f894ca46d4d61867c7b007c413b47a669abe8aae67,0,,0,FALSE,FALSE,FALSE,FALSE,FALSE,FALSE,FALSE,FALSE,8937acbbe87ff127e6567f97e52c6a17dbe3ea7052a39a3b76abe25c8e7eeb13,31d3575e77d9d04b75880bca9e10dbd0e13e61d21795052921dd3f702d909dd7
candidate,5,5,1000000,int,FALSE,mixed_divide,float,typed_double,1,335,0.106999999999999,0.108,ae7640ea952a6b99ff93c8fb8ca899b28cca71ffc2d089cf8759a799a7092922,e051abed22e2093d2b8ea7b2cfe0c0975a4a6ff84dc00b30fcbf1df31abbb480,999,double,335,FALSE,FALSE,FALSE,FALSE,FALSE,FALSE,FALSE,FALSE,8937acbbe87ff127e6567f97e52c6a17dbe3ea7052a39a3b76abe25c8e7eeb13,31d3575e77d9d04b75880bca9e10dbd0e13e61d21795052921dd3f702d909dd7
candidate,5,5,1000000,int,FALSE,mixed_divide,float,ordinary,2,586,0.171,0.171,207f8b8d33a03b1bad310e4aa209e0380ad57e46bce136443d8943534bb38984,6506614505e113daab08b3f894ca46d4d61867c7b007c413b47a669abe8aae67,0,,0,FALSE,FALSE,FALSE,FALSE,FALSE,FALSE,FALSE,FALSE,8937acbbe87ff127e6567f97e52c6a17dbe3ea7052a39a3b76abe25c8e7eeb13,31d3575e77d9d04b75880bca9e10dbd0e13e61d21795052921dd3f702d909dd7
candidate,5,5,1000000,int,FALSE,mixed_divide,float,compact,3,257,0.166,0.166,6def527056a38d8935fa3283707f7647981cba07bc778f537219dc0819f5a317,e051abed22e2093d2b8ea7b2cfe0c0975a4a6ff84dc00b30fcbf1df31abbb480,999,float,257,TRUE,TRUE,FALSE,FALSE,TRUE,TRUE,FALSE,FALSE,8937acbbe87ff127e6567f97e52c6a17dbe3ea7052a39a3b76abe25c8e7eeb13,31d3575e77d9d04b75880bca9e10dbd0e13e61d21795052921dd3f702d909dd7
candidate,5,6,1000000,int,TRUE,scale_binary,double,ordinary,1,605,0.151,0.15,b10ddc1e7177ef92cdb14943c3981218bcd426a31f9c7d156ed4dbd4ea86c948,256764253c19afe4b22c7738fb2f83098a03d4dbde3db39ee8c24b205a95942a,1003,,0,FALSE,FALSE,FALSE,FALSE,FALSE,FALSE,FALSE,FALSE,5af7169f9d20a77a6f06236647a66be1493d6e155163c245a466bda43242d0e7,6a2baa27cd05157233063b825243be4bdf1a2dbc88db2a6cdfd0b2527b28716b
candidate,5,6,1000000,int,TRUE,scale_binary,double,compact,2,569,0.136999999999999,0.136000000000001,406aa86104df9ebd1e49e25bbc9266cbc0cc152fd09e7d28efa1e3b9f07c7f98,256764253c19afe4b22c7738fb2f83098a03d4dbde3db39ee8c24b205a95942a,1003,int,569,TRUE,TRUE,FALSE,FALSE,FALSE,FALSE,FALSE,FALSE,5af7169f9d20a77a6f06236647a66be1493d6e155163c245a466bda43242d0e7,6a2baa27cd05157233063b825243be4bdf1a2dbc88db2a6cdfd0b2527b28716b
candidate,5,6,1000000,int,TRUE,scale_binary,double,typed_double,3,383,0.104,0.103999999999999,406aa86104df9ebd1e49e25bbc9266cbc0cc152fd09e7d28efa1e3b9f07c7f98,256764253c19afe4b22c7738fb2f83098a03d4dbde3db39ee8c24b205a95942a,1003,double,383,FALSE,FALSE,FALSE,FALSE,FALSE,FALSE,FALSE,FALSE,5af7169f9d20a77a6f06236647a66be1493d6e155163c245a466bda43242d0e7,6a2baa27cd05157233063b825243be4bdf1a2dbc88db2a6cdfd0b2527b28716b
candidate,5,7,1000000,int,TRUE,mixed_add,float,compact,1,318,0.149,0.148,087fb12a32e314d333c4287225113c3c6e3a135a9c18c162b3b5753b80f4350c,d842a810a046337b5363ff7dafdaa01aa4553912ce2afa4ee95c617158d8e0e7,2011,float,318,TRUE,TRUE,FALSE,FALSE,TRUE,TRUE,FALSE,FALSE,5af7169f9d20a77a6f06236647a66be1493d6e155163c245a466bda43242d0e7,6a2baa27cd05157233063b825243be4bdf1a2dbc88db2a6cdfd0b2527b28716b
candidate,5,7,1000000,int,TRUE,mixed_add,float,typed_double,2,481,0.165000000000001,0.164,087fb12a32e314d333c4287225113c3c6e3a135a9c18c162b3b5753b80f4350c,d842a810a046337b5363ff7dafdaa01aa4553912ce2afa4ee95c617158d8e0e7,2011,double,481,FALSE,FALSE,FALSE,FALSE,FALSE,FALSE,FALSE,FALSE,5af7169f9d20a77a6f06236647a66be1493d6e155163c245a466bda43242d0e7,6a2baa27cd05157233063b825243be4bdf1a2dbc88db2a6cdfd0b2527b28716b
candidate,5,7,1000000,int,TRUE,mixed_add,float,ordinary,3,586,0.152,0.151999999999999,ea5ac2e3896755c3d5082b83561d8673bb4f0147a7690b804a8d74cecbeda4c1,d842a810a046337b5363ff7dafdaa01aa4553912ce2afa4ee95c617158d8e0e7,2011,,0,FALSE,FALSE,FALSE,FALSE,FALSE,FALSE,FALSE,FALSE,5af7169f9d20a77a6f06236647a66be1493d6e155163c245a466bda43242d0e7,6a2baa27cd05157233063b825243be4bdf1a2dbc88db2a6cdfd0b2527b28716b
candidate,5,8,1000000,int,TRUE,mixed_multiply,float,typed_double,1,481,0.164999999999999,0.165000000000001,567cb444c88381ecb7601b5374668c9d2a719ee733326a0fd33b4e0cf98f607d,d842a810a046337b5363ff7dafdaa01aa4553912ce2afa4ee95c617158d8e0e7,2011,double,481,FALSE,FALSE,FALSE,FALSE,FALSE,FALSE,FALSE,FALSE,5af7169f9d20a77a6f06236647a66be1493d6e155163c245a466bda43242d0e7,6a2baa27cd05157233063b825243be4bdf1a2dbc88db2a6cdfd0b2527b28716b
candidate,5,8,1000000,int,TRUE,mixed_multiply,float,ordinary,2,605,0.155999999999999,0.156000000000001,4e15a12f73c542a9193d69c8d13f89eb8b7adf975c41c2fdf2ef19e40aa99344,d842a810a046337b5363ff7dafdaa01aa4553912ce2afa4ee95c617158d8e0e7,2011,,0,FALSE,FALSE,FALSE,FALSE,FALSE,FALSE,FALSE,FALSE,5af7169f9d20a77a6f06236647a66be1493d6e155163c245a466bda43242d0e7,6a2baa27cd05157233063b825243be4bdf1a2dbc88db2a6cdfd0b2527b28716b
candidate,5,8,1000000,int,TRUE,mixed_multiply,float,compact,3,318,0.163,0.163,567cb444c88381ecb7601b5374668c9d2a719ee733326a0fd33b4e0cf98f607d,d842a810a046337b5363ff7dafdaa01aa4553912ce2afa4ee95c617158d8e0e7,2011,float,318,TRUE,TRUE,FALSE,FALSE,TRUE,TRUE,FALSE,FALSE,5af7169f9d20a77a6f06236647a66be1493d6e155163c245a466bda43242d0e7,6a2baa27cd05157233063b825243be4bdf1a2dbc88db2a6cdfd0b2527b28716b
candidate,5,9,1000000,int,TRUE,mixed_subtract,float,ordinary,1,605,0.154,0.154999999999999,8679b1c92f66dcdd3080bd3788626bcd97f5333387bc5b48a1365f669c13dd17,d842a810a046337b5363ff7dafdaa01aa4553912ce2afa4ee95c617158d8e0e7,2011,,0,FALSE,FALSE,FALSE,FALSE,FALSE,FALSE,FALSE,FALSE,5af7169f9d20a77a6f06236647a66be1493d6e155163c245a466bda43242d0e7,6a2baa27cd05157233063b825243be4bdf1a2dbc88db2a6cdfd0b2527b28716b
candidate,5,9,1000000,int,TRUE,mixed_subtract,float,compact,2,318,0.149999999999999,0.149000000000001,d888f35894142efc1f39ddcef1aefba1a7fd30f7ed69c00c2d2dda247f8581f5,d842a810a046337b5363ff7dafdaa01aa4553912ce2afa4ee95c617158d8e0e7,2011,float,318,TRUE,TRUE,FALSE,FALSE,TRUE,TRUE,FALSE,FALSE,5af7169f9d20a77a6f06236647a66be1493d6e155163c245a466bda43242d0e7,6a2baa27cd05157233063b825243be4bdf1a2dbc88db2a6cdfd0b2527b28716b
candidate,5,9,1000000,int,TRUE,mixed_subtract,float,typed_double,3,494,0.17,0.169,d888f35894142efc1f39ddcef1aefba1a7fd30f7ed69c00c2d2dda247f8581f5,d842a810a046337b5363ff7dafdaa01aa4553912ce2afa4ee95c617158d8e0e7,2011,double,494,FALSE,FALSE,FALSE,FALSE,FALSE,FALSE,FALSE,FALSE,5af7169f9d20a77a6f06236647a66be1493d6e155163c245a466bda43242d0e7,6a2baa27cd05157233063b825243be4bdf1a2dbc88db2a6cdfd0b2527b28716b
candidate,5,10,1000000,int,TRUE,mixed_divide,float,compact,1,204,0.15,0.15,ed5782b8feabbf0a281d1fa7c54c3046ca6c6b6db4b3a5d51d26e2fbb01b5dbe,8363fa752350497662a4ce583648a56f69556d78062759212ea88bafefafff41,3008,float,204,TRUE,TRUE,FALSE,FALSE,TRUE,TRUE,FALSE,FALSE,5af7169f9d20a77a6f06236647a66be1493d6e155163c245a466bda43242d0e7,6a2baa27cd05157233063b825243be4bdf1a2dbc88db2a6cdfd0b2527b28716b
candidate,5,10,1000000,int,TRUE,mixed_divide,float,typed_double,2,481,0.166999999999998,0.166,d9bdbdefafca1f8db32237efaff37c9feb9805d4bb814645e065f847f409fb4d,8363fa752350497662a4ce583648a56f69556d78062759212ea88bafefafff41,3008,double,481,FALSE,FALSE,FALSE,FALSE,FALSE,FALSE,FALSE,FALSE,5af7169f9d20a77a6f06236647a66be1493d6e155163c245a466bda43242d0e7,6a2baa27cd05157233063b825243be4bdf1a2dbc88db2a6cdfd0b2527b28716b
candidate,5,10,1000000,int,TRUE,mixed_divide,float,ordinary,3,569,0.149999999999997,0.149000000000001,406400422a4665eaaf4bff6e7465afe5c7d02f62dcaf8521b892a348eb502759,d842a810a046337b5363ff7dafdaa01aa4553912ce2afa4ee95c617158d8e0e7,2011,,0,FALSE,FALSE,FALSE,FALSE,FALSE,FALSE,FALSE,FALSE,5af7169f9d20a77a6f06236647a66be1493d6e155163c245a466bda43242d0e7,6a2baa27cd05157233063b825243be4bdf1a2dbc88db2a6cdfd0b2527b28716b
candidate,5,11,1000000,float,FALSE,scale_binary,double,typed_double,1,569,0.167999999999999,0.168000000000003,5e4cb543f32269b2c2218b394ad1c41d44f6b32b3f8be7d200655b3b7d11f177,6506614505e113daab08b3f894ca46d4d61867c7b007c413b47a669abe8aae67,0,double,569,FALSE,FALSE,FALSE,FALSE,FALSE,FALSE,FALSE,FALSE,7f1c1a27229f7a699fa85ff90b5be1266497c462407b39b11f6d94015af8e8ad,31d3575e77d9d04b75880bca9e10dbd0e13e61d21795052921dd3f702d909dd7
candidate,5,11,1000000,float,FALSE,scale_binary,double,ordinary,2,605,0.145,0.145999999999997,5e4cb543f32269b2c2218b394ad1c41d44f6b32b3f8be7d200655b3b7d11f177,6506614505e113daab08b3f894ca46d4d61867c7b007c413b47a669abe8aae67,0,,0,FALSE,FALSE,FALSE,FALSE,FALSE,FALSE,FALSE,FALSE,7f1c1a27229f7a699fa85ff90b5be1266497c462407b39b11f6d94015af8e8ad,31d3575e77d9d04b75880bca9e10dbd0e13e61d21795052921dd3f702d909dd7
candidate,5,11,1000000,float,FALSE,scale_binary,double,compact,3,469,0.152,0.151,5e4cb543f32269b2c2218b394ad1c41d44f6b32b3f8be7d200655b3b7d11f177,6506614505e113daab08b3f894ca46d4d61867c7b007c413b47a669abe8aae67,0,float,469,TRUE,TRUE,FALSE,FALSE,FALSE,FALSE,FALSE,FALSE,7f1c1a27229f7a699fa85ff90b5be1266497c462407b39b11f6d94015af8e8ad,31d3575e77d9d04b75880bca9e10dbd0e13e61d21795052921dd3f702d909dd7
candidate,5,12,1000000,float,FALSE,scale_general,double,ordinary,1,647,0.155999999999999,0.157,f26b519d09797e4f4941392e4b52f307c71832f0aaad54da617e9078fe055e1c,6506614505e113daab08b3f894ca46d4d61867c7b007c413b47a669abe8aae67,0,,0,FALSE,FALSE,FALSE,FALSE,FALSE,FALSE,FALSE,FALSE,7f1c1a27229f7a699fa85ff90b5be1266497c462407b39b11f6d94015af8e8ad,31d3575e77d9d04b75880bca9e10dbd0e13e61d21795052921dd3f702d909dd7
candidate,5,12,1000000,float,FALSE,scale_general,double,compact,2,361,0.150000000000002,0.150000000000002,72cc5cf98cf5a5166668db2e8420adb3bc862ec1b003fbdd7aeb0a9746f22870,6506614505e113daab08b3f894ca46d4d61867c7b007c413b47a669abe8aae67,0,float,361,TRUE,TRUE,FALSE,FALSE,FALSE,FALSE,FALSE,FALSE,7f1c1a27229f7a699fa85ff90b5be1266497c462407b39b11f6d94015af8e8ad,31d3575e77d9d04b75880bca9e10dbd0e13e61d21795052921dd3f702d909dd7
candidate,5,12,1000000,float,FALSE,scale_general,double,typed_double,3,569,0.168999999999999,0.167999999999999,f26b519d09797e4f4941392e4b52f307c71832f0aaad54da617e9078fe055e1c,6506614505e113daab08b3f894ca46d4d61867c7b007c413b47a669abe8aae67,0,double,569,FALSE,FALSE,FALSE,FALSE,FALSE,FALSE,FALSE,FALSE,7f1c1a27229f7a699fa85ff90b5be1266497c462407b39b11f6d94015af8e8ad,31d3575e77d9d04b75880bca9e10dbd0e13e61d21795052921dd3f702d909dd7
candidate,5,13,1000000,float,FALSE,float_multiply,float,compact,1,552,0.149000000000001,0.149000000000001,0bba0ca591c120cf82ec7fba05e23d81983f377b8aa3fa66f476e26d1dada746,6506614505e113daab08b3f894ca46d4d61867c7b007c413b47a669abe8aae67,0,float,552,TRUE,TRUE,FALSE,FALSE,TRUE,TRUE,FALSE,FALSE,7f1c1a27229f7a699fa85ff90b5be1266497c462407b39b11f6d94015af8e8ad,31d3575e77d9d04b75880bca9e10dbd0e13e61d21795052921dd3f702d909dd7
candidate,5,13,1000000,float,FALSE,float_multiply,float,typed_double,2,494,0.152000000000001,0.152000000000001,0bba0ca591c120cf82ec7fba05e23d81983f377b8aa3fa66f476e26d1dada746,6506614505e113daab08b3f894ca46d4d61867c7b007c413b47a669abe8aae67,0,double,494,FALSE,FALSE,FALSE,FALSE,FALSE,FALSE,FALSE,FALSE,7f1c1a27229f7a699fa85ff90b5be1266497c462407b39b11f6d94015af8e8ad,31d3575e77d9d04b75880bca9e10dbd0e13e61d21795052921dd3f702d909dd7
candidate,5,13,1000000,float,FALSE,float_multiply,float,ordinary,3,437,0.110999999999997,0.111000000000001,0bba0ca591c120cf82ec7fba05e23d81983f377b8aa3fa66f476e26d1dada746,6506614505e113daab08b3f894ca46d4d61867c7b007c413b47a669abe8aae67,0,,0,FALSE,FALSE,FALSE,FALSE,FALSE,FALSE,FALSE,FALSE,7f1c1a27229f7a699fa85ff90b5be1266497c462407b39b11f6d94015af8e8ad,31d3575e77d9d04b75880bca9e10dbd0e13e61d21795052921dd3f702d909dd7
candidate,5,14,1000000,float,TRUE,scale_binary,double,typed_double,1,569,0.152000000000001,0.151999999999997,c2d92a8e75010c0ddb80329b9ca6cc4898ca1d4543392f8c8382c3fbfeeb5b4b,256764253c19afe4b22c7738fb2f83098a03d4dbde3db39ee8c24b205a95942a,1003,double,569,FALSE,FALSE,FALSE,FALSE,FALSE,FALSE,FALSE,FALSE,ee8f1f1d17d164fc3d811ad86cc889d11c328f41d3cd55762069bc2161e48c9f,6a2baa27cd05157233063b825243be4bdf1a2dbc88db2a6cdfd0b2527b28716b
candidate,5,14,1000000,float,TRUE,scale_binary,double,ordinary,2,427,0.102999999999998,0.102,21fac45dcda0cbc0ba9e1f553d3be3fedd245b921d5e2e4497a8d64f1e038117,256764253c19afe4b22c7738fb2f83098a03d4dbde3db39ee8c24b205a95942a,1003,,0,FALSE,FALSE,FALSE,FALSE,FALSE,FALSE,FALSE,FALSE,ee8f1f1d17d164fc3d811ad86cc889d11c328f41d3cd55762069bc2161e48c9f,6a2baa27cd05157233063b825243be4bdf1a2dbc88db2a6cdfd0b2527b28716b
candidate,5,14,1000000,float,TRUE,scale_binary,double,compact,3,469,0.151999999999997,0.152999999999999,c2d92a8e75010c0ddb80329b9ca6cc4898ca1d4543392f8c8382c3fbfeeb5b4b,256764253c19afe4b22c7738fb2f83098a03d4dbde3db39ee8c24b205a95942a,1003,float,469,TRUE,TRUE,FALSE,FALSE,FALSE,FALSE,FALSE,FALSE,ee8f1f1d17d164fc3d811ad86cc889d11c328f41d3cd55762069bc2161e48c9f,6a2baa27cd05157233063b825243be4bdf1a2dbc88db2a6cdfd0b2527b28716b
candidate,5,15,1000000,float,TRUE,scale_general,double,ordinary,1,625,0.166,0.166,8100d028390097d4a98b44ea0ff4cb617c6204331b80e5c7870832582030541c,256764253c19afe4b22c7738fb2f83098a03d4dbde3db39ee8c24b205a95942a,1003,,0,FALSE,FALSE,FALSE,FALSE,FALSE,FALSE,FALSE,FALSE,ee8f1f1d17d164fc3d811ad86cc889d11c328f41d3cd55762069bc2161e48c9f,6a2baa27cd05157233063b825243be4bdf1a2dbc88db2a6cdfd0b2527b28716b
candidate,5,15,1000000,float,TRUE,scale_general,double,compact,2,280,0.151,0.151,c58bc992720c328eca610e60f8c3f93d7d61df77946cf51b8626b0d8b78368ef,256764253c19afe4b22c7738fb2f83098a03d4dbde3db39ee8c24b205a95942a,1003,float,280,TRUE,TRUE,FALSE,FALSE,FALSE,FALSE,FALSE,FALSE,ee8f1f1d17d164fc3d811ad86cc889d11c328f41d3cd55762069bc2161e48c9f,6a2baa27cd05157233063b825243be4bdf1a2dbc88db2a6cdfd0b2527b28716b
candidate,5,15,1000000,float,TRUE,scale_general,double,typed_double,3,569,0.167,0.166999999999998,ea87b3dd63bfda18195aef508608398181a11f876a570f6017c0c100c3497f49,256764253c19afe4b22c7738fb2f83098a03d4dbde3db39ee8c24b205a95942a,1003,double,569,FALSE,FALSE,FALSE,FALSE,FALSE,FALSE,FALSE,FALSE,ee8f1f1d17d164fc3d811ad86cc889d11c328f41d3cd55762069bc2161e48c9f,6a2baa27cd05157233063b825243be4bdf1a2dbc88db2a6cdfd0b2527b28716b
candidate,5,16,1000000,float,TRUE,float_multiply,float,compact,1,318,0.148000000000003,0.149000000000001,8290dd7500cd078b2bd5437bf8fe0afa95dd1f1bab5eff045202e84b7d93eed9,d842a810a046337b5363ff7dafdaa01aa4553912ce2afa4ee95c617158d8e0e7,2011,float,318,TRUE,TRUE,FALSE,FALSE,TRUE,TRUE,FALSE,FALSE,ee8f1f1d17d164fc3d811ad86cc889d11c328f41d3cd55762069bc2161e48c9f,6a2baa27cd05157233063b825243be4bdf1a2dbc88db2a6cdfd0b2527b28716b
candidate,5,16,1000000,float,TRUE,float_multiply,float,typed_double,2,494,0.152000000000001,0.151999999999997,8290dd7500cd078b2bd5437bf8fe0afa95dd1f1bab5eff045202e84b7d93eed9,d842a810a046337b5363ff7dafdaa01aa4553912ce2afa4ee95c617158d8e0e7,2011,double,494,FALSE,FALSE,FALSE,FALSE,FALSE,FALSE,FALSE,FALSE,ee8f1f1d17d164fc3d811ad86cc889d11c328f41d3cd55762069bc2161e48c9f,6a2baa27cd05157233063b825243be4bdf1a2dbc88db2a6cdfd0b2527b28716b
candidate,5,16,1000000,float,TRUE,float_multiply,float,ordinary,3,605,0.170000000000002,0.170000000000002,96b0fd82fdfc837964eddbc19baef0073045dc1bea1ecc4b106e12605eb53860,d842a810a046337b5363ff7dafdaa01aa4553912ce2afa4ee95c617158d8e0e7,2011,,0,FALSE,FALSE,FALSE,FALSE,FALSE,FALSE,FALSE,FALSE,ee8f1f1d17d164fc3d811ad86cc889d11c328f41d3cd55762069bc2161e48c9f,6a2baa27cd05157233063b825243be4bdf1a2dbc88db2a6cdfd0b2527b28716b
candidate,5,17,1000000,long,FALSE,long_float_add,float,typed_double,1,494,0.151,0.151,5865d7f437b5487c8061f7274c6507b7ec0fc76362cd655e9259ebb78a28f057,6506614505e113daab08b3f894ca46d4d61867c7b007c413b47a669abe8aae67,0,double,494,FALSE,FALSE,FALSE,FALSE,FALSE,FALSE,FALSE,FALSE,8937acbbe87ff127e6567f97e52c6a17dbe3ea7052a39a3b76abe25c8e7eeb13,31d3575e77d9d04b75880bca9e10dbd0e13e61d21795052921dd3f702d909dd7
candidate,5,17,1000000,long,FALSE,long_float_add,float,ordinary,2,625,0.174999999999997,0.175000000000001,5865d7f437b5487c8061f7274c6507b7ec0fc76362cd655e9259ebb78a28f057,6506614505e113daab08b3f894ca46d4d61867c7b007c413b47a669abe8aae67,0,,0,FALSE,FALSE,FALSE,FALSE,FALSE,FALSE,FALSE,FALSE,8937acbbe87ff127e6567f97e52c6a17dbe3ea7052a39a3b76abe25c8e7eeb13,31d3575e77d9d04b75880bca9e10dbd0e13e61d21795052921dd3f702d909dd7
candidate,5,17,1000000,long,FALSE,long_float_add,float,compact,3,408,0.152000000000001,0.152999999999999,5865d7f437b5487c8061f7274c6507b7ec0fc76362cd655e9259ebb78a28f057,6506614505e113daab08b3f894ca46d4d61867c7b007c413b47a669abe8aae67,0,double,408,TRUE,TRUE,FALSE,FALSE,TRUE,TRUE,FALSE,FALSE,8937acbbe87ff127e6567f97e52c6a17dbe3ea7052a39a3b76abe25c8e7eeb13,31d3575e77d9d04b75880bca9e10dbd0e13e61d21795052921dd3f702d909dd7
candidate,5,18,1000000,long,TRUE,long_float_add,float,ordinary,1,586,0.166,0.167000000000002,ea5ac2e3896755c3d5082b83561d8673bb4f0147a7690b804a8d74cecbeda4c1,d842a810a046337b5363ff7dafdaa01aa4553912ce2afa4ee95c617158d8e0e7,2011,,0,FALSE,FALSE,FALSE,FALSE,FALSE,FALSE,FALSE,FALSE,5af7169f9d20a77a6f06236647a66be1493d6e155163c245a466bda43242d0e7,6a2baa27cd05157233063b825243be4bdf1a2dbc88db2a6cdfd0b2527b28716b
candidate,5,18,1000000,long,TRUE,long_float_add,float,compact,2,285,0.152000000000001,0.151,087fb12a32e314d333c4287225113c3c6e3a135a9c18c162b3b5753b80f4350c,d842a810a046337b5363ff7dafdaa01aa4553912ce2afa4ee95c617158d8e0e7,2011,double,285,TRUE,TRUE,FALSE,FALSE,TRUE,TRUE,FALSE,FALSE,5af7169f9d20a77a6f06236647a66be1493d6e155163c245a466bda43242d0e7,6a2baa27cd05157233063b825243be4bdf1a2dbc88db2a6cdfd0b2527b28716b
candidate,5,18,1000000,long,TRUE,long_float_add,float,typed_double,3,481,0.165999999999999,0.166,087fb12a32e314d333c4287225113c3c6e3a135a9c18c162b3b5753b80f4350c,d842a810a046337b5363ff7dafdaa01aa4553912ce2afa4ee95c617158d8e0e7,2011,double,481,FALSE,FALSE,FALSE,FALSE,FALSE,FALSE,FALSE,FALSE,5af7169f9d20a77a6f06236647a66be1493d6e155163c245a466bda43242d0e7,6a2baa27cd05157233063b825243be4bdf1a2dbc88db2a6cdfd0b2527b28716b
candidate,6,1,1000000,int,FALSE,scale_binary,double,compact,1,586,0.142,0.142,43cbc5fa02580f73a834cffb43a5ba0a0f4d7303cec536a2e3c58f1f469eb824,6506614505e113daab08b3f894ca46d4d61867c7b007c413b47a669abe8aae67,0,int,586,TRUE,TRUE,FALSE,FALSE,FALSE,FALSE,FALSE,FALSE,8937acbbe87ff127e6567f97e52c6a17dbe3ea7052a39a3b76abe25c8e7eeb13,31d3575e77d9d04b75880bca9e10dbd0e13e61d21795052921dd3f702d909dd7
candidate,6,1,1000000,int,FALSE,scale_binary,double,ordinary,2,586,0.164,0.164,43cbc5fa02580f73a834cffb43a5ba0a0f4d7303cec536a2e3c58f1f469eb824,6506614505e113daab08b3f894ca46d4d61867c7b007c413b47a669abe8aae67,0,,0,FALSE,FALSE,FALSE,FALSE,FALSE,FALSE,FALSE,FALSE,8937acbbe87ff127e6567f97e52c6a17dbe3ea7052a39a3b76abe25c8e7eeb13,31d3575e77d9d04b75880bca9e10dbd0e13e61d21795052921dd3f702d909dd7
candidate,6,1,1000000,int,FALSE,scale_binary,double,typed_double,3,536,0.179,0.181,43cbc5fa02580f73a834cffb43a5ba0a0f4d7303cec536a2e3c58f1f469eb824,6506614505e113daab08b3f894ca46d4d61867c7b007c413b47a669abe8aae67,0,double,536,FALSE,FALSE,FALSE,FALSE,FALSE,FALSE,FALSE,FALSE,8937acbbe87ff127e6567f97e52c6a17dbe3ea7052a39a3b76abe25c8e7eeb13,31d3575e77d9d04b75880bca9e10dbd0e13e61d21795052921dd3f702d909dd7
candidate,6,2,1000000,int,FALSE,mixed_add,float,typed_double,1,458,0.165,0.165,5865d7f437b5487c8061f7274c6507b7ec0fc76362cd655e9259ebb78a28f057,6506614505e113daab08b3f894ca46d4d61867c7b007c413b47a669abe8aae67,0,double,458,FALSE,FALSE,FALSE,FALSE,FALSE,FALSE,FALSE,FALSE,8937acbbe87ff127e6567f97e52c6a17dbe3ea7052a39a3b76abe25c8e7eeb13,31d3575e77d9d04b75880bca9e10dbd0e13e61d21795052921dd3f702d909dd7
candidate,6,2,1000000,int,FALSE,mixed_add,float,compact,2,417,0.15,0.15,5865d7f437b5487c8061f7274c6507b7ec0fc76362cd655e9259ebb78a28f057,6506614505e113daab08b3f894ca46d4d61867c7b007c413b47a669abe8aae67,0,float,417,TRUE,TRUE,FALSE,FALSE,TRUE,TRUE,FALSE,FALSE,8937acbbe87ff127e6567f97e52c6a17dbe3ea7052a39a3b76abe25c8e7eeb13,31d3575e77d9d04b75880bca9e10dbd0e13e61d21795052921dd3f702d909dd7
candidate,6,2,1000000,int,FALSE,mixed_add,float,ordinary,3,569,0.165,0.165,5865d7f437b5487c8061f7274c6507b7ec0fc76362cd655e9259ebb78a28f057,6506614505e113daab08b3f894ca46d4d61867c7b007c413b47a669abe8aae67,0,,0,FALSE,FALSE,FALSE,FALSE,FALSE,FALSE,FALSE,FALSE,8937acbbe87ff127e6567f97e52c6a17dbe3ea7052a39a3b76abe25c8e7eeb13,31d3575e77d9d04b75880bca9e10dbd0e13e61d21795052921dd3f702d909dd7
candidate,6,3,1000000,int,FALSE,mixed_multiply,float,ordinary,1,569,0.164,0.165,74e198320fcef535d96d5240bf6315c7f048f937cff6728206c4dc3e49c71557,6506614505e113daab08b3f894ca46d4d61867c7b007c413b47a669abe8aae67,0,,0,FALSE,FALSE,FALSE,FALSE,FALSE,FALSE,FALSE,FALSE,8937acbbe87ff127e6567f97e52c6a17dbe3ea7052a39a3b76abe25c8e7eeb13,31d3575e77d9d04b75880bca9e10dbd0e13e61d21795052921dd3f702d909dd7
candidate,6,3,1000000,int,FALSE,mixed_multiply,float,typed_double,2,458,0.163,0.162999999999999,74e198320fcef535d96d5240bf6315c7f048f937cff6728206c4dc3e49c71557,6506614505e113daab08b3f894ca46d4d61867c7b007c413b47a669abe8aae67,0,double,458,FALSE,FALSE,FALSE,FALSE,FALSE,FALSE,FALSE,FALSE,8937acbbe87ff127e6567f97e52c6a17dbe3ea7052a39a3b76abe25c8e7eeb13,31d3575e77d9d04b75880bca9e10dbd0e13e61d21795052921dd3f702d909dd7
candidate,6,3,1000000,int,FALSE,mixed_multiply,float,compact,3,417,0.149999999999999,0.15,74e198320fcef535d96d5240bf6315c7f048f937cff6728206c4dc3e49c71557,6506614505e113daab08b3f894ca46d4d61867c7b007c413b47a669abe8aae67,0,float,417,TRUE,TRUE,FALSE,FALSE,TRUE,TRUE,FALSE,FALSE,8937acbbe87ff127e6567f97e52c6a17dbe3ea7052a39a3b76abe25c8e7eeb13,31d3575e77d9d04b75880bca9e10dbd0e13e61d21795052921dd3f702d909dd7
candidate,6,4,1000000,int,FALSE,mixed_subtract,float,compact,1,417,0.149,0.15,562820f81b1e6756059905d249b0e791c9497c3738cb3dfcc54116eb0e12b3bb,6506614505e113daab08b3f894ca46d4d61867c7b007c413b47a669abe8aae67,0,float,417,TRUE,TRUE,FALSE,FALSE,TRUE,TRUE,FALSE,FALSE,8937acbbe87ff127e6567f97e52c6a17dbe3ea7052a39a3b76abe25c8e7eeb13,31d3575e77d9d04b75880bca9e10dbd0e13e61d21795052921dd3f702d909dd7
candidate,6,4,1000000,int,FALSE,mixed_subtract,float,ordinary,2,586,0.168,0.168,562820f81b1e6756059905d249b0e791c9497c3738cb3dfcc54116eb0e12b3bb,6506614505e113daab08b3f894ca46d4d61867c7b007c413b47a669abe8aae67,0,,0,FALSE,FALSE,FALSE,FALSE,FALSE,FALSE,FALSE,FALSE,8937acbbe87ff127e6567f97e52c6a17dbe3ea7052a39a3b76abe25c8e7eeb13,31d3575e77d9d04b75880bca9e10dbd0e13e61d21795052921dd3f702d909dd7
candidate,6,4,1000000,int,FALSE,mixed_subtract,float,typed_double,3,481,0.17,0.171,562820f81b1e6756059905d249b0e791c9497c3738cb3dfcc54116eb0e12b3bb,6506614505e113daab08b3f894ca46d4d61867c7b007c413b47a669abe8aae67,0,double,481,FALSE,FALSE,FALSE,FALSE,FALSE,FALSE,FALSE,FALSE,8937acbbe87ff127e6567f97e52c6a17dbe3ea7052a39a3b76abe25c8e7eeb13,31d3575e77d9d04b75880bca9e10dbd0e13e61d21795052921dd3f702d909dd7
candidate,6,5,1000000,int,FALSE,mixed_divide,float,typed_double,1,481,0.153,0.154,ae7640ea952a6b99ff93c8fb8ca899b28cca71ffc2d089cf8759a799a7092922,e051abed22e2093d2b8ea7b2cfe0c0975a4a6ff84dc00b30fcbf1df31abbb480,999,double,481,FALSE,FALSE,FALSE,FALSE,FALSE,FALSE,FALSE,FALSE,8937acbbe87ff127e6567f97e52c6a17dbe3ea7052a39a3b76abe25c8e7eeb13,31d3575e77d9d04b75880bca9e10dbd0e13e61d21795052921dd3f702d909dd7
candidate,6,5,1000000,int,FALSE,mixed_divide,float,compact,2,214,0.126,0.126,6def527056a38d8935fa3283707f7647981cba07bc778f537219dc0819f5a317,e051abed22e2093d2b8ea7b2cfe0c0975a4a6ff84dc00b30fcbf1df31abbb480,999,float,214,TRUE,TRUE,FALSE,FALSE,TRUE,TRUE,FALSE,FALSE,8937acbbe87ff127e6567f97e52c6a17dbe3ea7052a39a3b76abe25c8e7eeb13,31d3575e77d9d04b75880bca9e10dbd0e13e61d21795052921dd3f702d909dd7
candidate,6,5,1000000,int,FALSE,mixed_divide,float,ordinary,3,569,0.15,0.151,207f8b8d33a03b1bad310e4aa209e0380ad57e46bce136443d8943534bb38984,6506614505e113daab08b3f894ca46d4d61867c7b007c413b47a669abe8aae67,0,,0,FALSE,FALSE,FALSE,FALSE,FALSE,FALSE,FALSE,FALSE,8937acbbe87ff127e6567f97e52c6a17dbe3ea7052a39a3b76abe25c8e7eeb13,31d3575e77d9d04b75880bca9e10dbd0e13e61d21795052921dd3f702d909dd7
candidate,6,6,1000000,int,TRUE,scale_binary,double,ordinary,1,626,0.168,0.167,b10ddc1e7177ef92cdb14943c3981218bcd426a31f9c7d156ed4dbd4ea86c948,256764253c19afe4b22c7738fb2f83098a03d4dbde3db39ee8c24b205a95942a,1003,,0,FALSE,FALSE,FALSE,FALSE,FALSE,FALSE,FALSE,FALSE,5af7169f9d20a77a6f06236647a66be1493d6e155163c245a466bda43242d0e7,6a2baa27cd05157233063b825243be4bdf1a2dbc88db2a6cdfd0b2527b28716b
candidate,6,6,1000000,int,TRUE,scale_binary,double,typed_double,2,552,0.165000000000001,0.164999999999999,406aa86104df9ebd1e49e25bbc9266cbc0cc152fd09e7d28efa1e3b9f07c7f98,256764253c19afe4b22c7738fb2f83098a03d4dbde3db39ee8c24b205a95942a,1003,double,552,FALSE,FALSE,FALSE,FALSE,FALSE,FALSE,FALSE,FALSE,5af7169f9d20a77a6f06236647a66be1493d6e155163c245a466bda43242d0e7,6a2baa27cd05157233063b825243be4bdf1a2dbc88db2a6cdfd0b2527b28716b
candidate,6,6,1000000,int,TRUE,scale_binary,double,compact,3,552,0.134000000000001,0.135,406aa86104df9ebd1e49e25bbc9266cbc0cc152fd09e7d28efa1e3b9f07c7f98,256764253c19afe4b22c7738fb2f83098a03d4dbde3db39ee8c24b205a95942a,1003,int,552,TRUE,TRUE,FALSE,FALSE,FALSE,FALSE,FALSE,FALSE,5af7169f9d20a77a6f06236647a66be1493d6e155163c245a466bda43242d0e7,6a2baa27cd05157233063b825243be4bdf1a2dbc88db2a6cdfd0b2527b28716b
candidate,6,7,1000000,int,TRUE,mixed_add,float,compact,1,318,0.148999999999999,0.149000000000001,087fb12a32e314d333c4287225113c3c6e3a135a9c18c162b3b5753b80f4350c,d842a810a046337b5363ff7dafdaa01aa4553912ce2afa4ee95c617158d8e0e7,2011,float,318,TRUE,TRUE,FALSE,FALSE,TRUE,TRUE,FALSE,FALSE,5af7169f9d20a77a6f06236647a66be1493d6e155163c245a466bda43242d0e7,6a2baa27cd05157233063b825243be4bdf1a2dbc88db2a6cdfd0b2527b28716b
candidate,6,7,1000000,int,TRUE,mixed_add,float,ordinary,2,586,0.166000000000001,0.165000000000001,ea5ac2e3896755c3d5082b83561d8673bb4f0147a7690b804a8d74cecbeda4c1,d842a810a046337b5363ff7dafdaa01aa4553912ce2afa4ee95c617158d8e0e7,2011,,0,FALSE,FALSE,FALSE,FALSE,FALSE,FALSE,FALSE,FALSE,5af7169f9d20a77a6f06236647a66be1493d6e155163c245a466bda43242d0e7,6a2baa27cd05157233063b825243be4bdf1a2dbc88db2a6cdfd0b2527b28716b
candidate,6,7,1000000,int,TRUE,mixed_add,float,typed_double,3,469,0.147,0.147,087fb12a32e314d333c4287225113c3c6e3a135a9c18c162b3b5753b80f4350c,d842a810a046337b5363ff7dafdaa01aa4553912ce2afa4ee95c617158d8e0e7,2011,double,469,FALSE,FALSE,FALSE,FALSE,FALSE,FALSE,FALSE,FALSE,5af7169f9d20a77a6f06236647a66be1493d6e155163c245a466bda43242d0e7,6a2baa27cd05157233063b825243be4bdf1a2dbc88db2a6cdfd0b2527b28716b
candidate,6,8,1000000,int,TRUE,mixed_multiply,float,typed_double,1,494,0.171000000000001,0.170999999999999,567cb444c88381ecb7601b5374668c9d2a719ee733326a0fd33b4e0cf98f607d,d842a810a046337b5363ff7dafdaa01aa4553912ce2afa4ee95c617158d8e0e7,2011,double,494,FALSE,FALSE,FALSE,FALSE,FALSE,FALSE,FALSE,FALSE,5af7169f9d20a77a6f06236647a66be1493d6e155163c245a466bda43242d0e7,6a2baa27cd05157233063b825243be4bdf1a2dbc88db2a6cdfd0b2527b28716b
candidate,6,8,1000000,int,TRUE,mixed_multiply,float,compact,2,318,0.148,0.149000000000001,567cb444c88381ecb7601b5374668c9d2a719ee733326a0fd33b4e0cf98f607d,d842a810a046337b5363ff7dafdaa01aa4553912ce2afa4ee95c617158d8e0e7,2011,float,318,TRUE,TRUE,FALSE,FALSE,TRUE,TRUE,FALSE,FALSE,5af7169f9d20a77a6f06236647a66be1493d6e155163c245a466bda43242d0e7,6a2baa27cd05157233063b825243be4bdf1a2dbc88db2a6cdfd0b2527b28716b
candidate,6,8,1000000,int,TRUE,mixed_multiply,float,ordinary,3,605,0.156000000000001,0.155999999999999,4e15a12f73c542a9193d69c8d13f89eb8b7adf975c41c2fdf2ef19e40aa99344,d842a810a046337b5363ff7dafdaa01aa4553912ce2afa4ee95c617158d8e0e7,2011,,0,FALSE,FALSE,FALSE,FALSE,FALSE,FALSE,FALSE,FALSE,5af7169f9d20a77a6f06236647a66be1493d6e155163c245a466bda43242d0e7,6a2baa27cd05157233063b825243be4bdf1a2dbc88db2a6cdfd0b2527b28716b
candidate,6,9,1000000,int,TRUE,mixed_subtract,float,ordinary,1,605,0.167999999999999,0.168000000000001,8679b1c92f66dcdd3080bd3788626bcd97f5333387bc5b48a1365f669c13dd17,d842a810a046337b5363ff7dafdaa01aa4553912ce2afa4ee95c617158d8e0e7,2011,,0,FALSE,FALSE,FALSE,FALSE,FALSE,FALSE,FALSE,FALSE,5af7169f9d20a77a6f06236647a66be1493d6e155163c245a466bda43242d0e7,6a2baa27cd05157233063b825243be4bdf1a2dbc88db2a6cdfd0b2527b28716b
candidate,6,9,1000000,int,TRUE,mixed_subtract,float,typed_double,2,481,0.153,0.151999999999999,d888f35894142efc1f39ddcef1aefba1a7fd30f7ed69c00c2d2dda247f8581f5,d842a810a046337b5363ff7dafdaa01aa4553912ce2afa4ee95c617158d8e0e7,2011,double,481,FALSE,FALSE,FALSE,FALSE,FALSE,FALSE,FALSE,FALSE,5af7169f9d20a77a6f06236647a66be1493d6e155163c245a466bda43242d0e7,6a2baa27cd05157233063b825243be4bdf1a2dbc88db2a6cdfd0b2527b28716b
candidate,6,9,1000000,int,TRUE,mixed_subtract,float,compact,3,318,0.149000000000001,0.15,d888f35894142efc1f39ddcef1aefba1a7fd30f7ed69c00c2d2dda247f8581f5,d842a810a046337b5363ff7dafdaa01aa4553912ce2afa4ee95c617158d8e0e7,2011,float,318,TRUE,TRUE,FALSE,FALSE,TRUE,TRUE,FALSE,FALSE,5af7169f9d20a77a6f06236647a66be1493d6e155163c245a466bda43242d0e7,6a2baa27cd05157233063b825243be4bdf1a2dbc88db2a6cdfd0b2527b28716b
candidate,6,10,1000000,int,TRUE,mixed_divide,float,compact,1,204,0.15,0.15,ed5782b8feabbf0a281d1fa7c54c3046ca6c6b6db4b3a5d51d26e2fbb01b5dbe,8363fa752350497662a4ce583648a56f69556d78062759212ea88bafefafff41,3008,float,204,TRUE,TRUE,FALSE,FALSE,TRUE,TRUE,FALSE,FALSE,5af7169f9d20a77a6f06236647a66be1493d6e155163c245a466bda43242d0e7,6a2baa27cd05157233063b825243be4bdf1a2dbc88db2a6cdfd0b2527b28716b
candidate,6,10,1000000,int,TRUE,mixed_divide,float,ordinary,2,586,0.169999999999997,0.167999999999999,406400422a4665eaaf4bff6e7465afe5c7d02f62dcaf8521b892a348eb502759,d842a810a046337b5363ff7dafdaa01aa4553912ce2afa4ee95c617158d8e0e7,2011,,0,FALSE,FALSE,FALSE,FALSE,FALSE,FALSE,FALSE,FALSE,5af7169f9d20a77a6f06236647a66be1493d6e155163c245a466bda43242d0e7,6a2baa27cd05157233063b825243be4bdf1a2dbc88db2a6cdfd0b2527b28716b
candidate,6,10,1000000,int,TRUE,mixed_divide,float,typed_double,3,481,0.151,0.151,d9bdbdefafca1f8db32237efaff37c9feb9805d4bb814645e065f847f409fb4d,8363fa752350497662a4ce583648a56f69556d78062759212ea88bafefafff41,3008,double,481,FALSE,FALSE,FALSE,FALSE,FALSE,FALSE,FALSE,FALSE,5af7169f9d20a77a6f06236647a66be1493d6e155163c245a466bda43242d0e7,6a2baa27cd05157233063b825243be4bdf1a2dbc88db2a6cdfd0b2527b28716b
candidate,6,11,1000000,float,FALSE,scale_binary,double,typed_double,1,552,0.164000000000001,0.163999999999998,5e4cb543f32269b2c2218b394ad1c41d44f6b32b3f8be7d200655b3b7d11f177,6506614505e113daab08b3f894ca46d4d61867c7b007c413b47a669abe8aae67,0,double,552,FALSE,FALSE,FALSE,FALSE,FALSE,FALSE,FALSE,FALSE,7f1c1a27229f7a699fa85ff90b5be1266497c462407b39b11f6d94015af8e8ad,31d3575e77d9d04b75880bca9e10dbd0e13e61d21795052921dd3f702d909dd7
candidate,6,11,1000000,float,FALSE,scale_binary,double,compact,2,427,0.138999999999999,0.138999999999999,5e4cb543f32269b2c2218b394ad1c41d44f6b32b3f8be7d200655b3b7d11f177,6506614505e113daab08b3f894ca46d4d61867c7b007c413b47a669abe8aae67,0,float,427,TRUE,TRUE,FALSE,FALSE,FALSE,FALSE,FALSE,FALSE,7f1c1a27229f7a699fa85ff90b5be1266497c462407b39b11f6d94015af8e8ad,31d3575e77d9d04b75880bca9e10dbd0e13e61d21795052921dd3f702d909dd7
candidate,6,11,1000000,float,FALSE,scale_binary,double,ordinary,3,626,0.151,0.151,5e4cb543f32269b2c2218b394ad1c41d44f6b32b3f8be7d200655b3b7d11f177,6506614505e113daab08b3f894ca46d4d61867c7b007c413b47a669abe8aae67,0,,0,FALSE,FALSE,FALSE,FALSE,FALSE,FALSE,FALSE,FALSE,7f1c1a27229f7a699fa85ff90b5be1266497c462407b39b11f6d94015af8e8ad,31d3575e77d9d04b75880bca9e10dbd0e13e61d21795052921dd3f702d909dd7
candidate,6,12,1000000,float,FALSE,scale_general,double,ordinary,1,626,0.152,0.151,f26b519d09797e4f4941392e4b52f307c71832f0aaad54da617e9078fe055e1c,6506614505e113daab08b3f894ca46d4d61867c7b007c413b47a669abe8aae67,0,,0,FALSE,FALSE,FALSE,FALSE,FALSE,FALSE,FALSE,FALSE,7f1c1a27229f7a699fa85ff90b5be1266497c462407b39b11f6d94015af8e8ad,31d3575e77d9d04b75880bca9e10dbd0e13e61d21795052921dd3f702d909dd7
candidate,6,12,1000000,float,FALSE,scale_general,double,typed_double,2,569,0.169,0.169,f26b519d09797e4f4941392e4b52f307c71832f0aaad54da617e9078fe055e1c,6506614505e113daab08b3f894ca46d4d61867c7b007c413b47a669abe8aae67,0,double,569,FALSE,FALSE,FALSE,FALSE,FALSE,FALSE,FALSE,FALSE,7f1c1a27229f7a699fa85ff90b5be1266497c462407b39b11f6d94015af8e8ad,31d3575e77d9d04b75880bca9e10dbd0e13e61d21795052921dd3f702d909dd7
candidate,6,12,1000000,float,FALSE,scale_general,double,compact,3,354,0.149000000000002,0.149000000000001,72cc5cf98cf5a5166668db2e8420adb3bc862ec1b003fbdd7aeb0a9746f22870,6506614505e113daab08b3f894ca46d4d61867c7b007c413b47a669abe8aae67,0,float,354,TRUE,TRUE,FALSE,FALSE,FALSE,FALSE,FALSE,FALSE,7f1c1a27229f7a699fa85ff90b5be1266497c462407b39b11f6d94015af8e8ad,31d3575e77d9d04b75880bca9e10dbd0e13e61d21795052921dd3f702d909dd7
candidate,6,13,1000000,float,FALSE,float_multiply,float,compact,1,552,0.149999999999997,0.149000000000001,0bba0ca591c120cf82ec7fba05e23d81983f377b8aa3fa66f476e26d1dada746,6506614505e113daab08b3f894ca46d4d61867c7b007c413b47a669abe8aae67,0,float,552,TRUE,TRUE,FALSE,FALSE,TRUE,TRUE,FALSE,FALSE,7f1c1a27229f7a699fa85ff90b5be1266497c462407b39b11f6d94015af8e8ad,31d3575e77d9d04b75880bca9e10dbd0e13e61d21795052921dd3f702d909dd7
candidate,6,13,1000000,float,FALSE,float_multiply,float,ordinary,2,605,0.155999999999999,0.155999999999999,0bba0ca591c120cf82ec7fba05e23d81983f377b8aa3fa66f476e26d1dada746,6506614505e113daab08b3f894ca46d4d61867c7b007c413b47a669abe8aae67,0,,0,FALSE,FALSE,FALSE,FALSE,FALSE,FALSE,FALSE,FALSE,7f1c1a27229f7a699fa85ff90b5be1266497c462407b39b11f6d94015af8e8ad,31d3575e77d9d04b75880bca9e10dbd0e13e61d21795052921dd3f702d909dd7
candidate,6,13,1000000,float,FALSE,float_multiply,float,typed_double,3,481,0.163,0.163,0bba0ca591c120cf82ec7fba05e23d81983f377b8aa3fa66f476e26d1dada746,6506614505e113daab08b3f894ca46d4d61867c7b007c413b47a669abe8aae67,0,double,481,FALSE,FALSE,FALSE,FALSE,FALSE,FALSE,FALSE,FALSE,7f1c1a27229f7a699fa85ff90b5be1266497c462407b39b11f6d94015af8e8ad,31d3575e77d9d04b75880bca9e10dbd0e13e61d21795052921dd3f702d909dd7
candidate,6,14,1000000,float,TRUE,scale_binary,double,typed_double,1,569,0.167999999999999,0.167999999999999,c2d92a8e75010c0ddb80329b9ca6cc4898ca1d4543392f8c8382c3fbfeeb5b4b,256764253c19afe4b22c7738fb2f83098a03d4dbde3db39ee8c24b205a95942a,1003,double,569,FALSE,FALSE,FALSE,FALSE,FALSE,FALSE,FALSE,FALSE,ee8f1f1d17d164fc3d811ad86cc889d11c328f41d3cd55762069bc2161e48c9f,6a2baa27cd05157233063b825243be4bdf1a2dbc88db2a6cdfd0b2527b28716b
candidate,6,14,1000000,float,TRUE,scale_binary,double,compact,2,469,0.151999999999997,0.151999999999997,c2d92a8e75010c0ddb80329b9ca6cc4898ca1d4543392f8c8382c3fbfeeb5b4b,256764253c19afe4b22c7738fb2f83098a03d4dbde3db39ee8c24b205a95942a,1003,float,469,TRUE,TRUE,FALSE,FALSE,FALSE,FALSE,FALSE,FALSE,ee8f1f1d17d164fc3d811ad86cc889d11c328f41d3cd55762069bc2161e48c9f,6a2baa27cd05157233063b825243be4bdf1a2dbc88db2a6cdfd0b2527b28716b
candidate,6,14,1000000,float,TRUE,scale_binary,double,ordinary,3,647,0.155999999999999,0.156000000000002,21fac45dcda0cbc0ba9e1f553d3be3fedd245b921d5e2e4497a8d64f1e038117,256764253c19afe4b22c7738fb2f83098a03d4dbde3db39ee8c24b205a95942a,1003,,0,FALSE,FALSE,FALSE,FALSE,FALSE,FALSE,FALSE,FALSE,ee8f1f1d17d164fc3d811ad86cc889d11c328f41d3cd55762069bc2161e48c9f,6a2baa27cd05157233063b825243be4bdf1a2dbc88db2a6cdfd0b2527b28716b
candidate,6,15,1000000,float,TRUE,scale_general,double,ordinary,1,625,0.167,0.166,8100d028390097d4a98b44ea0ff4cb617c6204331b80e5c7870832582030541c,256764253c19afe4b22c7738fb2f83098a03d4dbde3db39ee8c24b205a95942a,1003,,0,FALSE,FALSE,FALSE,FALSE,FALSE,FALSE,FALSE,FALSE,ee8f1f1d17d164fc3d811ad86cc889d11c328f41d3cd55762069bc2161e48c9f,6a2baa27cd05157233063b825243be4bdf1a2dbc88db2a6cdfd0b2527b28716b
candidate,6,15,1000000,float,TRUE,scale_general,double,typed_double,2,569,0.152,0.152000000000001,ea87b3dd63bfda18195aef508608398181a11f876a570f6017c0c100c3497f49,256764253c19afe4b22c7738fb2f83098a03d4dbde3db39ee8c24b205a95942a,1003,double,569,FALSE,FALSE,FALSE,FALSE,FALSE,FALSE,FALSE,FALSE,ee8f1f1d17d164fc3d811ad86cc889d11c328f41d3cd55762069bc2161e48c9f,6a2baa27cd05157233063b825243be4bdf1a2dbc88db2a6cdfd0b2527b28716b
candidate,6,15,1000000,float,TRUE,scale_general,double,compact,3,276,0.149000000000001,0.149000000000001,c58bc992720c328eca610e60f8c3f93d7d61df77946cf51b8626b0d8b78368ef,256764253c19afe4b22c7738fb2f83098a03d4dbde3db39ee8c24b205a95942a,1003,float,276,TRUE,TRUE,FALSE,FALSE,FALSE,FALSE,FALSE,FALSE,ee8f1f1d17d164fc3d811ad86cc889d11c328f41d3cd55762069bc2161e48c9f,6a2baa27cd05157233063b825243be4bdf1a2dbc88db2a6cdfd0b2527b28716b
candidate,6,16,1000000,float,TRUE,float_multiply,float,compact,1,324,0.148,0.148,8290dd7500cd078b2bd5437bf8fe0afa95dd1f1bab5eff045202e84b7d93eed9,d842a810a046337b5363ff7dafdaa01aa4553912ce2afa4ee95c617158d8e0e7,2011,float,324,TRUE,TRUE,FALSE,FALSE,TRUE,TRUE,FALSE,FALSE,ee8f1f1d17d164fc3d811ad86cc889d11c328f41d3cd55762069bc2161e48c9f,6a2baa27cd05157233063b825243be4bdf1a2dbc88db2a6cdfd0b2527b28716b
candidate,6,16,1000000,float,TRUE,float_multiply,float,ordinary,2,586,0.153000000000001,0.152999999999999,96b0fd82fdfc837964eddbc19baef0073045dc1bea1ecc4b106e12605eb53860,d842a810a046337b5363ff7dafdaa01aa4553912ce2afa4ee95c617158d8e0e7,2011,,0,FALSE,FALSE,FALSE,FALSE,FALSE,FALSE,FALSE,FALSE,ee8f1f1d17d164fc3d811ad86cc889d11c328f41d3cd55762069bc2161e48c9f,6a2baa27cd05157233063b825243be4bdf1a2dbc88db2a6cdfd0b2527b28716b
candidate,6,16,1000000,float,TRUE,float_multiply,float,typed_double,3,481,0.151,0.152000000000001,8290dd7500cd078b2bd5437bf8fe0afa95dd1f1bab5eff045202e84b7d93eed9,d842a810a046337b5363ff7dafdaa01aa4553912ce2afa4ee95c617158d8e0e7,2011,double,481,FALSE,FALSE,FALSE,FALSE,FALSE,FALSE,FALSE,FALSE,ee8f1f1d17d164fc3d811ad86cc889d11c328f41d3cd55762069bc2161e48c9f,6a2baa27cd05157233063b825243be4bdf1a2dbc88db2a6cdfd0b2527b28716b
candidate,6,17,1000000,long,FALSE,long_float_add,float,typed_double,1,341,0.106999999999999,0.108000000000001,5865d7f437b5487c8061f7274c6507b7ec0fc76362cd655e9259ebb78a28f057,6506614505e113daab08b3f894ca46d4d61867c7b007c413b47a669abe8aae67,0,double,341,FALSE,FALSE,FALSE,FALSE,FALSE,FALSE,FALSE,FALSE,8937acbbe87ff127e6567f97e52c6a17dbe3ea7052a39a3b76abe25c8e7eeb13,31d3575e77d9d04b75880bca9e10dbd0e13e61d21795052921dd3f702d909dd7
candidate,6,17,1000000,long,FALSE,long_float_add,float,compact,2,399,0.151,0.151,5865d7f437b5487c8061f7274c6507b7ec0fc76362cd655e9259ebb78a28f057,6506614505e113daab08b3f894ca46d4d61867c7b007c413b47a669abe8aae67,0,double,399,TRUE,TRUE,FALSE,FALSE,TRUE,TRUE,FALSE,FALSE,8937acbbe87ff127e6567f97e52c6a17dbe3ea7052a39a3b76abe25c8e7eeb13,31d3575e77d9d04b75880bca9e10dbd0e13e61d21795052921dd3f702d909dd7
candidate,6,17,1000000,long,FALSE,long_float_add,float,ordinary,3,586,0.151,0.151,5865d7f437b5487c8061f7274c6507b7ec0fc76362cd655e9259ebb78a28f057,6506614505e113daab08b3f894ca46d4d61867c7b007c413b47a669abe8aae67,0,,0,FALSE,FALSE,FALSE,FALSE,FALSE,FALSE,FALSE,FALSE,8937acbbe87ff127e6567f97e52c6a17dbe3ea7052a39a3b76abe25c8e7eeb13,31d3575e77d9d04b75880bca9e10dbd0e13e61d21795052921dd3f702d909dd7
candidate,6,18,1000000,long,TRUE,long_float_add,float,ordinary,1,586,0.167000000000002,0.168000000000003,ea5ac2e3896755c3d5082b83561d8673bb4f0147a7690b804a8d74cecbeda4c1,d842a810a046337b5363ff7dafdaa01aa4553912ce2afa4ee95c617158d8e0e7,2011,,0,FALSE,FALSE,FALSE,FALSE,FALSE,FALSE,FALSE,FALSE,5af7169f9d20a77a6f06236647a66be1493d6e155163c245a466bda43242d0e7,6a2baa27cd05157233063b825243be4bdf1a2dbc88db2a6cdfd0b2527b28716b
candidate,6,18,1000000,long,TRUE,long_float_add,float,typed_double,2,481,0.169,0.169,087fb12a32e314d333c4287225113c3c6e3a135a9c18c162b3b5753b80f4350c,d842a810a046337b5363ff7dafdaa01aa4553912ce2afa4ee95c617158d8e0e7,2011,double,481,FALSE,FALSE,FALSE,FALSE,FALSE,FALSE,FALSE,FALSE,5af7169f9d20a77a6f06236647a66be1493d6e155163c245a466bda43242d0e7,6a2baa27cd05157233063b825243be4bdf1a2dbc88db2a6cdfd0b2527b28716b
candidate,6,18,1000000,long,TRUE,long_float_add,float,compact,3,285,0.151,0.151,087fb12a32e314d333c4287225113c3c6e3a135a9c18c162b3b5753b80f4350c,d842a810a046337b5363ff7dafdaa01aa4553912ce2afa4ee95c617158d8e0e7,2011,double,285,TRUE,TRUE,FALSE,FALSE,TRUE,TRUE,FALSE,FALSE,5af7169f9d20a77a6f06236647a66be1493d6e155163c245a466bda43242d0e7,6a2baa27cd05157233063b825243be4bdf1a2dbc88db2a6cdfd0b2527b28716b
baseline,6,1,1000000,int,FALSE,scale_binary,double,compact,1,586,0.143,0.142,43cbc5fa02580f73a834cffb43a5ba0a0f4d7303cec536a2e3c58f1f469eb824,6506614505e113daab08b3f894ca46d4d61867c7b007c413b47a669abe8aae67,0,int,586,TRUE,TRUE,FALSE,FALSE,FALSE,FALSE,FALSE,FALSE,8937acbbe87ff127e6567f97e52c6a17dbe3ea7052a39a3b76abe25c8e7eeb13,31d3575e77d9d04b75880bca9e10dbd0e13e61d21795052921dd3f702d909dd7
baseline,6,1,1000000,int,FALSE,scale_binary,double,ordinary,2,605,0.169,0.169,43cbc5fa02580f73a834cffb43a5ba0a0f4d7303cec536a2e3c58f1f469eb824,6506614505e113daab08b3f894ca46d4d61867c7b007c413b47a669abe8aae67,0,,0,FALSE,FALSE,FALSE,FALSE,FALSE,FALSE,FALSE,FALSE,8937acbbe87ff127e6567f97e52c6a17dbe3ea7052a39a3b76abe25c8e7eeb13,31d3575e77d9d04b75880bca9e10dbd0e13e61d21795052921dd3f702d909dd7
baseline,6,1,1000000,int,FALSE,scale_binary,double,typed_double,3,536,0.178,0.179,43cbc5fa02580f73a834cffb43a5ba0a0f4d7303cec536a2e3c58f1f469eb824,6506614505e113daab08b3f894ca46d4d61867c7b007c413b47a669abe8aae67,0,double,536,FALSE,FALSE,FALSE,FALSE,FALSE,FALSE,FALSE,FALSE,8937acbbe87ff127e6567f97e52c6a17dbe3ea7052a39a3b76abe25c8e7eeb13,31d3575e77d9d04b75880bca9e10dbd0e13e61d21795052921dd3f702d909dd7
baseline,6,2,1000000,int,FALSE,mixed_add,float,typed_double,1,458,0.164,0.163,5865d7f437b5487c8061f7274c6507b7ec0fc76362cd655e9259ebb78a28f057,6506614505e113daab08b3f894ca46d4d61867c7b007c413b47a669abe8aae67,0,double,458,FALSE,FALSE,FALSE,FALSE,FALSE,FALSE,FALSE,FALSE,8937acbbe87ff127e6567f97e52c6a17dbe3ea7052a39a3b76abe25c8e7eeb13,31d3575e77d9d04b75880bca9e10dbd0e13e61d21795052921dd3f702d909dd7
baseline,6,2,1000000,int,FALSE,mixed_add,float,compact,2,265,0.148,0.148,5865d7f437b5487c8061f7274c6507b7ec0fc76362cd655e9259ebb78a28f057,6506614505e113daab08b3f894ca46d4d61867c7b007c413b47a669abe8aae67,0,float,265,TRUE,TRUE,FALSE,FALSE,TRUE,TRUE,FALSE,FALSE,8937acbbe87ff127e6567f97e52c6a17dbe3ea7052a39a3b76abe25c8e7eeb13,31d3575e77d9d04b75880bca9e10dbd0e13e61d21795052921dd3f702d909dd7
baseline,6,2,1000000,int,FALSE,mixed_add,float,ordinary,3,586,0.168,0.169,5865d7f437b5487c8061f7274c6507b7ec0fc76362cd655e9259ebb78a28f057,6506614505e113daab08b3f894ca46d4d61867c7b007c413b47a669abe8aae67,0,,0,FALSE,FALSE,FALSE,FALSE,FALSE,FALSE,FALSE,FALSE,8937acbbe87ff127e6567f97e52c6a17dbe3ea7052a39a3b76abe25c8e7eeb13,31d3575e77d9d04b75880bca9e10dbd0e13e61d21795052921dd3f702d909dd7
baseline,6,3,1000000,int,FALSE,mixed_multiply,float,ordinary,1,586,0.168,0.167999999999999,74e198320fcef535d96d5240bf6315c7f048f937cff6728206c4dc3e49c71557,6506614505e113daab08b3f894ca46d4d61867c7b007c413b47a669abe8aae67,0,,0,FALSE,FALSE,FALSE,FALSE,FALSE,FALSE,FALSE,FALSE,8937acbbe87ff127e6567f97e52c6a17dbe3ea7052a39a3b76abe25c8e7eeb13,31d3575e77d9d04b75880bca9e10dbd0e13e61d21795052921dd3f702d909dd7
baseline,6,3,1000000,int,FALSE,mixed_multiply,float,typed_double,2,469,0.164999999999999,0.166,74e198320fcef535d96d5240bf6315c7f048f937cff6728206c4dc3e49c71557,6506614505e113daab08b3f894ca46d4d61867c7b007c413b47a669abe8aae67,0,double,469,FALSE,FALSE,FALSE,FALSE,FALSE,FALSE,FALSE,FALSE,8937acbbe87ff127e6567f97e52c6a17dbe3ea7052a39a3b76abe25c8e7eeb13,31d3575e77d9d04b75880bca9e10dbd0e13e61d21795052921dd3f702d909dd7
baseline,6,3,1000000,int,FALSE,mixed_multiply,float,compact,3,417,0.15,0.15,74e198320fcef535d96d5240bf6315c7f048f937cff6728206c4dc3e49c71557,6506614505e113daab08b3f894ca46d4d61867c7b007c413b47a669abe8aae67,0,float,417,TRUE,TRUE,FALSE,FALSE,TRUE,TRUE,FALSE,FALSE,8937acbbe87ff127e6567f97e52c6a17dbe3ea7052a39a3b76abe25c8e7eeb13,31d3575e77d9d04b75880bca9e10dbd0e13e61d21795052921dd3f702d909dd7
baseline,6,4,1000000,int,FALSE,mixed_subtract,float,compact,1,268,0.149,0.149,562820f81b1e6756059905d249b0e791c9497c3738cb3dfcc54116eb0e12b3bb,6506614505e113daab08b3f894ca46d4d61867c7b007c413b47a669abe8aae67,0,float,268,TRUE,TRUE,FALSE,FALSE,TRUE,TRUE,FALSE,FALSE,8937acbbe87ff127e6567f97e52c6a17dbe3ea7052a39a3b76abe25c8e7eeb13,31d3575e77d9d04b75880bca9e10dbd0e13e61d21795052921dd3f702d909dd7
baseline,6,4,1000000,int,FALSE,mixed_subtract,float,ordinary,2,399,0.101,0.101,562820f81b1e6756059905d249b0e791c9497c3738cb3dfcc54116eb0e12b3bb,6506614505e113daab08b3f894ca46d4d61867c7b007c413b47a669abe8aae67,0,,0,FALSE,FALSE,FALSE,FALSE,FALSE,FALSE,FALSE,FALSE,8937acbbe87ff127e6567f97e52c6a17dbe3ea7052a39a3b76abe25c8e7eeb13,31d3575e77d9d04b75880bca9e10dbd0e13e61d21795052921dd3f702d909dd7
baseline,6,4,1000000,int,FALSE,mixed_subtract,float,typed_double,3,481,0.17,0.170000000000001,562820f81b1e6756059905d249b0e791c9497c3738cb3dfcc54116eb0e12b3bb,6506614505e113daab08b3f894ca46d4d61867c7b007c413b47a669abe8aae67,0,double,481,FALSE,FALSE,FALSE,FALSE,FALSE,FALSE,FALSE,FALSE,8937acbbe87ff127e6567f97e52c6a17dbe3ea7052a39a3b76abe25c8e7eeb13,31d3575e77d9d04b75880bca9e10dbd0e13e61d21795052921dd3f702d909dd7
baseline,6,5,1000000,int,FALSE,mixed_divide,float,typed_double,1,481,0.151,0.151,ae7640ea952a6b99ff93c8fb8ca899b28cca71ffc2d089cf8759a799a7092922,e051abed22e2093d2b8ea7b2cfe0c0975a4a6ff84dc00b30fcbf1df31abbb480,999,double,481,FALSE,FALSE,FALSE,FALSE,FALSE,FALSE,FALSE,FALSE,8937acbbe87ff127e6567f97e52c6a17dbe3ea7052a39a3b76abe25c8e7eeb13,31d3575e77d9d04b75880bca9e10dbd0e13e61d21795052921dd3f702d909dd7
baseline,6,5,1000000,int,FALSE,mixed_divide,float,compact,2,254,0.163,0.163,6def527056a38d8935fa3283707f7647981cba07bc778f537219dc0819f5a317,e051abed22e2093d2b8ea7b2cfe0c0975a4a6ff84dc00b30fcbf1df31abbb480,999,float,254,TRUE,TRUE,FALSE,FALSE,TRUE,TRUE,FALSE,FALSE,8937acbbe87ff127e6567f97e52c6a17dbe3ea7052a39a3b76abe25c8e7eeb13,31d3575e77d9d04b75880bca9e10dbd0e13e61d21795052921dd3f702d909dd7
baseline,6,5,1000000,int,FALSE,mixed_divide,float,ordinary,3,586,0.152,0.152000000000001,207f8b8d33a03b1bad310e4aa209e0380ad57e46bce136443d8943534bb38984,6506614505e113daab08b3f894ca46d4d61867c7b007c413b47a669abe8aae67,0,,0,FALSE,FALSE,FALSE,FALSE,FALSE,FALSE,FALSE,FALSE,8937acbbe87ff127e6567f97e52c6a17dbe3ea7052a39a3b76abe25c8e7eeb13,31d3575e77d9d04b75880bca9e10dbd0e13e61d21795052921dd3f702d909dd7
baseline,6,6,1000000,int,TRUE,scale_binary,double,ordinary,1,626,0.167,0.166,b10ddc1e7177ef92cdb14943c3981218bcd426a31f9c7d156ed4dbd4ea86c948,256764253c19afe4b22c7738fb2f83098a03d4dbde3db39ee8c24b205a95942a,1003,,0,FALSE,FALSE,FALSE,FALSE,FALSE,FALSE,FALSE,FALSE,5af7169f9d20a77a6f06236647a66be1493d6e155163c245a466bda43242d0e7,6a2baa27cd05157233063b825243be4bdf1a2dbc88db2a6cdfd0b2527b28716b
baseline,6,6,1000000,int,TRUE,scale_binary,double,typed_double,2,569,0.154,0.155000000000001,406aa86104df9ebd1e49e25bbc9266cbc0cc152fd09e7d28efa1e3b9f07c7f98,256764253c19afe4b22c7738fb2f83098a03d4dbde3db39ee8c24b205a95942a,1003,double,569,FALSE,FALSE,FALSE,FALSE,FALSE,FALSE,FALSE,FALSE,5af7169f9d20a77a6f06236647a66be1493d6e155163c245a466bda43242d0e7,6a2baa27cd05157233063b825243be4bdf1a2dbc88db2a6cdfd0b2527b28716b
baseline,6,6,1000000,int,TRUE,scale_binary,double,compact,3,586,0.139999999999999,0.141,406aa86104df9ebd1e49e25bbc9266cbc0cc152fd09e7d28efa1e3b9f07c7f98,256764253c19afe4b22c7738fb2f83098a03d4dbde3db39ee8c24b205a95942a,1003,int,586,TRUE,TRUE,FALSE,FALSE,FALSE,FALSE,FALSE,FALSE,5af7169f9d20a77a6f06236647a66be1493d6e155163c245a466bda43242d0e7,6a2baa27cd05157233063b825243be4bdf1a2dbc88db2a6cdfd0b2527b28716b
baseline,6,7,1000000,int,TRUE,mixed_add,float,compact,1,209,0.149000000000001,0.149000000000001,087fb12a32e314d333c4287225113c3c6e3a135a9c18c162b3b5753b80f4350c,d842a810a046337b5363ff7dafdaa01aa4553912ce2afa4ee95c617158d8e0e7,2011,float,209,TRUE,TRUE,FALSE,FALSE,TRUE,TRUE,FALSE,FALSE,5af7169f9d20a77a6f06236647a66be1493d6e155163c245a466bda43242d0e7,6a2baa27cd05157233063b825243be4bdf1a2dbc88db2a6cdfd0b2527b28716b
baseline,6,7,1000000,int,TRUE,mixed_add,float,ordinary,2,605,0.154,0.154,ea5ac2e3896755c3d5082b83561d8673bb4f0147a7690b804a8d74cecbeda4c1,d842a810a046337b5363ff7dafdaa01aa4553912ce2afa4ee95c617158d8e0e7,2011,,0,FALSE,FALSE,FALSE,FALSE,FALSE,FALSE,FALSE,FALSE,5af7169f9d20a77a6f06236647a66be1493d6e155163c245a466bda43242d0e7,6a2baa27cd05157233063b825243be4bdf1a2dbc88db2a6cdfd0b2527b28716b
baseline,6,7,1000000,int,TRUE,mixed_add,float,typed_double,3,494,0.164999999999999,0.165000000000001,087fb12a32e314d333c4287225113c3c6e3a135a9c18c162b3b5753b80f4350c,d842a810a046337b5363ff7dafdaa01aa4553912ce2afa4ee95c617158d8e0e7,2011,double,494,FALSE,FALSE,FALSE,FALSE,FALSE,FALSE,FALSE,FALSE,5af7169f9d20a77a6f06236647a66be1493d6e155163c245a466bda43242d0e7,6a2baa27cd05157233063b825243be4bdf1a2dbc88db2a6cdfd0b2527b28716b
baseline,6,8,1000000,int,TRUE,mixed_multiply,float,typed_double,1,481,0.149000000000001,0.149000000000001,567cb444c88381ecb7601b5374668c9d2a719ee733326a0fd33b4e0cf98f607d,d842a810a046337b5363ff7dafdaa01aa4553912ce2afa4ee95c617158d8e0e7,2011,double,481,FALSE,FALSE,FALSE,FALSE,FALSE,FALSE,FALSE,FALSE,5af7169f9d20a77a6f06236647a66be1493d6e155163c245a466bda43242d0e7,6a2baa27cd05157233063b825243be4bdf1a2dbc88db2a6cdfd0b2527b28716b
baseline,6,8,1000000,int,TRUE,mixed_multiply,float,compact,2,318,0.149000000000001,0.149000000000001,567cb444c88381ecb7601b5374668c9d2a719ee733326a0fd33b4e0cf98f607d,d842a810a046337b5363ff7dafdaa01aa4553912ce2afa4ee95c617158d8e0e7,2011,float,318,TRUE,TRUE,FALSE,FALSE,TRUE,TRUE,FALSE,FALSE,5af7169f9d20a77a6f06236647a66be1493d6e155163c245a466bda43242d0e7,6a2baa27cd05157233063b825243be4bdf1a2dbc88db2a6cdfd0b2527b28716b
baseline,6,8,1000000,int,TRUE,mixed_multiply,float,ordinary,3,605,0.154,0.154000000000002,4e15a12f73c542a9193d69c8d13f89eb8b7adf975c41c2fdf2ef19e40aa99344,d842a810a046337b5363ff7dafdaa01aa4553912ce2afa4ee95c617158d8e0e7,2011,,0,FALSE,FALSE,FALSE,FALSE,FALSE,FALSE,FALSE,FALSE,5af7169f9d20a77a6f06236647a66be1493d6e155163c245a466bda43242d0e7,6a2baa27cd05157233063b825243be4bdf1a2dbc88db2a6cdfd0b2527b28716b
baseline,6,9,1000000,int,TRUE,mixed_subtract,float,ordinary,1,605,0.171,0.17,8679b1c92f66dcdd3080bd3788626bcd97f5333387bc5b48a1365f669c13dd17,d842a810a046337b5363ff7dafdaa01aa4553912ce2afa4ee95c617158d8e0e7,2011,,0,FALSE,FALSE,FALSE,FALSE,FALSE,FALSE,FALSE,FALSE,5af7169f9d20a77a6f06236647a66be1493d6e155163c245a466bda43242d0e7,6a2baa27cd05157233063b825243be4bdf1a2dbc88db2a6cdfd0b2527b28716b
baseline,6,9,1000000,int,TRUE,mixed_subtract,float,typed_double,2,494,0.152000000000001,0.152000000000001,d888f35894142efc1f39ddcef1aefba1a7fd30f7ed69c00c2d2dda247f8581f5,d842a810a046337b5363ff7dafdaa01aa4553912ce2afa4ee95c617158d8e0e7,2011,double,494,FALSE,FALSE,FALSE,FALSE,FALSE,FALSE,FALSE,FALSE,5af7169f9d20a77a6f06236647a66be1493d6e155163c245a466bda43242d0e7,6a2baa27cd05157233063b825243be4bdf1a2dbc88db2a6cdfd0b2527b28716b
baseline,6,9,1000000,int,TRUE,mixed_subtract,float,compact,3,211,0.148999999999999,0.15,d888f35894142efc1f39ddcef1aefba1a7fd30f7ed69c00c2d2dda247f8581f5,d842a810a046337b5363ff7dafdaa01aa4553912ce2afa4ee95c617158d8e0e7,2011,float,211,TRUE,TRUE,FALSE,FALSE,TRUE,TRUE,FALSE,FALSE,5af7169f9d20a77a6f06236647a66be1493d6e155163c245a466bda43242d0e7,6a2baa27cd05157233063b825243be4bdf1a2dbc88db2a6cdfd0b2527b28716b
baseline,6,10,1000000,int,TRUE,mixed_divide,float,compact,1,204,0.151,0.15,ed5782b8feabbf0a281d1fa7c54c3046ca6c6b6db4b3a5d51d26e2fbb01b5dbe,8363fa752350497662a4ce583648a56f69556d78062759212ea88bafefafff41,3008,float,204,TRUE,TRUE,FALSE,FALSE,TRUE,TRUE,FALSE,FALSE,5af7169f9d20a77a6f06236647a66be1493d6e155163c245a466bda43242d0e7,6a2baa27cd05157233063b825243be4bdf1a2dbc88db2a6cdfd0b2527b28716b
baseline,6,10,1000000,int,TRUE,mixed_divide,float,ordinary,2,586,0.171000000000002,0.169,406400422a4665eaaf4bff6e7465afe5c7d02f62dcaf8521b892a348eb502759,d842a810a046337b5363ff7dafdaa01aa4553912ce2afa4ee95c617158d8e0e7,2011,,0,FALSE,FALSE,FALSE,FALSE,FALSE,FALSE,FALSE,FALSE,5af7169f9d20a77a6f06236647a66be1493d6e155163c245a466bda43242d0e7,6a2baa27cd05157233063b825243be4bdf1a2dbc88db2a6cdfd0b2527b28716b
baseline,6,10,1000000,int,TRUE,mixed_divide,float,typed_double,3,469,0.165999999999997,0.167000000000002,d9bdbdefafca1f8db32237efaff37c9feb9805d4bb814645e065f847f409fb4d,8363fa752350497662a4ce583648a56f69556d78062759212ea88bafefafff41,3008,double,469,FALSE,FALSE,FALSE,FALSE,FALSE,FALSE,FALSE,FALSE,5af7169f9d20a77a6f06236647a66be1493d6e155163c245a466bda43242d0e7,6a2baa27cd05157233063b825243be4bdf1a2dbc88db2a6cdfd0b2527b28716b
baseline,6,11,1000000,float,FALSE,scale_binary,double,typed_double,1,552,0.150000000000002,0.150000000000002,5e4cb543f32269b2c2218b394ad1c41d44f6b32b3f8be7d200655b3b7d11f177,6506614505e113daab08b3f894ca46d4d61867c7b007c413b47a669abe8aae67,0,double,552,FALSE,FALSE,FALSE,FALSE,FALSE,FALSE,FALSE,FALSE,7f1c1a27229f7a699fa85ff90b5be1266497c462407b39b11f6d94015af8e8ad,31d3575e77d9d04b75880bca9e10dbd0e13e61d21795052921dd3f702d909dd7
baseline,6,11,1000000,float,FALSE,scale_binary,double,compact,2,469,0.153000000000001,0.152999999999999,5e4cb543f32269b2c2218b394ad1c41d44f6b32b3f8be7d200655b3b7d11f177,6506614505e113daab08b3f894ca46d4d61867c7b007c413b47a669abe8aae67,0,float,469,TRUE,TRUE,FALSE,FALSE,FALSE,FALSE,FALSE,FALSE,7f1c1a27229f7a699fa85ff90b5be1266497c462407b39b11f6d94015af8e8ad,31d3575e77d9d04b75880bca9e10dbd0e13e61d21795052921dd3f702d909dd7
baseline,6,11,1000000,float,FALSE,scale_binary,double,ordinary,3,605,0.147000000000002,0.146999999999998,5e4cb543f32269b2c2218b394ad1c41d44f6b32b3f8be7d200655b3b7d11f177,6506614505e113daab08b3f894ca46d4d61867c7b007c413b47a669abe8aae67,0,,0,FALSE,FALSE,FALSE,FALSE,FALSE,FALSE,FALSE,FALSE,7f1c1a27229f7a699fa85ff90b5be1266497c462407b39b11f6d94015af8e8ad,31d3575e77d9d04b75880bca9e10dbd0e13e61d21795052921dd3f702d909dd7
baseline,6,12,1000000,float,FALSE,scale_general,double,ordinary,1,625,0.152000000000001,0.152000000000001,f26b519d09797e4f4941392e4b52f307c71832f0aaad54da617e9078fe055e1c,6506614505e113daab08b3f894ca46d4d61867c7b007c413b47a669abe8aae67,0,,0,FALSE,FALSE,FALSE,FALSE,FALSE,FALSE,FALSE,FALSE,7f1c1a27229f7a699fa85ff90b5be1266497c462407b39b11f6d94015af8e8ad,31d3575e77d9d04b75880bca9e10dbd0e13e61d21795052921dd3f702d909dd7
baseline,6,12,1000000,float,FALSE,scale_general,double,typed_double,2,569,0.169000000000003,0.169,f26b519d09797e4f4941392e4b52f307c71832f0aaad54da617e9078fe055e1c,6506614505e113daab08b3f894ca46d4d61867c7b007c413b47a669abe8aae67,0,double,569,FALSE,FALSE,FALSE,FALSE,FALSE,FALSE,FALSE,FALSE,7f1c1a27229f7a699fa85ff90b5be1266497c462407b39b11f6d94015af8e8ad,31d3575e77d9d04b75880bca9e10dbd0e13e61d21795052921dd3f702d909dd7
baseline,6,12,1000000,float,FALSE,scale_general,double,compact,3,348,0.146,0.145,72cc5cf98cf5a5166668db2e8420adb3bc862ec1b003fbdd7aeb0a9746f22870,6506614505e113daab08b3f894ca46d4d61867c7b007c413b47a669abe8aae67,0,float,348,TRUE,TRUE,FALSE,FALSE,FALSE,FALSE,FALSE,FALSE,7f1c1a27229f7a699fa85ff90b5be1266497c462407b39b11f6d94015af8e8ad,31d3575e77d9d04b75880bca9e10dbd0e13e61d21795052921dd3f702d909dd7
baseline,6,13,1000000,float,FALSE,float_multiply,float,compact,1,399,0.108000000000001,0.109000000000002,0bba0ca591c120cf82ec7fba05e23d81983f377b8aa3fa66f476e26d1dada746,6506614505e113daab08b3f894ca46d4d61867c7b007c413b47a669abe8aae67,0,float,399,TRUE,TRUE,FALSE,FALSE,TRUE,TRUE,FALSE,FALSE,7f1c1a27229f7a699fa85ff90b5be1266497c462407b39b11f6d94015af8e8ad,31d3575e77d9d04b75880bca9e10dbd0e13e61d21795052921dd3f702d909dd7
baseline,6,13,1000000,float,FALSE,float_multiply,float,ordinary,2,605,0.154999999999998,0.155000000000001,0bba0ca591c120cf82ec7fba05e23d81983f377b8aa3fa66f476e26d1dada746,6506614505e113daab08b3f894ca46d4d61867c7b007c413b47a669abe8aae67,0,,0,FALSE,FALSE,FALSE,FALSE,FALSE,FALSE,FALSE,FALSE,7f1c1a27229f7a699fa85ff90b5be1266497c462407b39b11f6d94015af8e8ad,31d3575e77d9d04b75880bca9e10dbd0e13e61d21795052921dd3f702d909dd7
baseline,6,13,1000000,float,FALSE,float_multiply,float,typed_double,3,494,0.170999999999999,0.172000000000001,0bba0ca591c120cf82ec7fba05e23d81983f377b8aa3fa66f476e26d1dada746,6506614505e113daab08b3f894ca46d4d61867c7b007c413b47a669abe8aae67,0,double,494,FALSE,FALSE,FALSE,FALSE,FALSE,FALSE,FALSE,FALSE,7f1c1a27229f7a699fa85ff90b5be1266497c462407b39b11f6d94015af8e8ad,31d3575e77d9d04b75880bca9e10dbd0e13e61d21795052921dd3f702d909dd7
baseline,6,14,1000000,float,TRUE,scale_binary,double,typed_double,1,569,0.169,0.170000000000002,c2d92a8e75010c0ddb80329b9ca6cc4898ca1d4543392f8c8382c3fbfeeb5b4b,256764253c19afe4b22c7738fb2f83098a03d4dbde3db39ee8c24b205a95942a,1003,double,569,FALSE,FALSE,FALSE,FALSE,FALSE,FALSE,FALSE,FALSE,ee8f1f1d17d164fc3d811ad86cc889d11c328f41d3cd55762069bc2161e48c9f,6a2baa27cd05157233063b825243be4bdf1a2dbc88db2a6cdfd0b2527b28716b
baseline,6,14,1000000,float,TRUE,scale_binary,double,compact,2,469,0.151999999999997,0.152000000000001,c2d92a8e75010c0ddb80329b9ca6cc4898ca1d4543392f8c8382c3fbfeeb5b4b,256764253c19afe4b22c7738fb2f83098a03d4dbde3db39ee8c24b205a95942a,1003,float,469,TRUE,TRUE,FALSE,FALSE,FALSE,FALSE,FALSE,FALSE,ee8f1f1d17d164fc3d811ad86cc889d11c328f41d3cd55762069bc2161e48c9f,6a2baa27cd05157233063b825243be4bdf1a2dbc88db2a6cdfd0b2527b28716b
baseline,6,14,1000000,float,TRUE,scale_binary,double,ordinary,3,625,0.167000000000002,0.166999999999998,21fac45dcda0cbc0ba9e1f553d3be3fedd245b921d5e2e4497a8d64f1e038117,256764253c19afe4b22c7738fb2f83098a03d4dbde3db39ee8c24b205a95942a,1003,,0,FALSE,FALSE,FALSE,FALSE,FALSE,FALSE,FALSE,FALSE,ee8f1f1d17d164fc3d811ad86cc889d11c328f41d3cd55762069bc2161e48c9f,6a2baa27cd05157233063b825243be4bdf1a2dbc88db2a6cdfd0b2527b28716b
baseline,6,15,1000000,float,TRUE,scale_general,double,ordinary,1,626,0.151,0.151,8100d028390097d4a98b44ea0ff4cb617c6204331b80e5c7870832582030541c,256764253c19afe4b22c7738fb2f83098a03d4dbde3db39ee8c24b205a95942a,1003,,0,FALSE,FALSE,FALSE,FALSE,FALSE,FALSE,FALSE,FALSE,ee8f1f1d17d164fc3d811ad86cc889d11c328f41d3cd55762069bc2161e48c9f,6a2baa27cd05157233063b825243be4bdf1a2dbc88db2a6cdfd0b2527b28716b
baseline,6,15,1000000,float,TRUE,scale_general,double,typed_double,2,569,0.167999999999998,0.167999999999999,ea87b3dd63bfda18195aef508608398181a11f876a570f6017c0c100c3497f49,256764253c19afe4b22c7738fb2f83098a03d4dbde3db39ee8c24b205a95942a,1003,double,569,FALSE,FALSE,FALSE,FALSE,FALSE,FALSE,FALSE,FALSE,ee8f1f1d17d164fc3d811ad86cc889d11c328f41d3cd55762069bc2161e48c9f,6a2baa27cd05157233063b825243be4bdf1a2dbc88db2a6cdfd0b2527b28716b
baseline,6,15,1000000,float,TRUE,scale_general,double,compact,3,276,0.149000000000001,0.150000000000002,c58bc992720c328eca610e60f8c3f93d7d61df77946cf51b8626b0d8b78368ef,256764253c19afe4b22c7738fb2f83098a03d4dbde3db39ee8c24b205a95942a,1003,float,276,TRUE,TRUE,FALSE,FALSE,FALSE,FALSE,FALSE,FALSE,ee8f1f1d17d164fc3d811ad86cc889d11c328f41d3cd55762069bc2161e48c9f,6a2baa27cd05157233063b825243be4bdf1a2dbc88db2a6cdfd0b2527b28716b
baseline,6,16,1000000,float,TRUE,float_multiply,float,compact,1,329,0.151999999999997,0.151,8290dd7500cd078b2bd5437bf8fe0afa95dd1f1bab5eff045202e84b7d93eed9,d842a810a046337b5363ff7dafdaa01aa4553912ce2afa4ee95c617158d8e0e7,2011,float,329,TRUE,TRUE,FALSE,FALSE,TRUE,TRUE,FALSE,FALSE,ee8f1f1d17d164fc3d811ad86cc889d11c328f41d3cd55762069bc2161e48c9f,6a2baa27cd05157233063b825243be4bdf1a2dbc88db2a6cdfd0b2527b28716b
baseline,6,16,1000000,float,TRUE,float_multiply,float,ordinary,2,586,0.164999999999999,0.165000000000003,96b0fd82fdfc837964eddbc19baef0073045dc1bea1ecc4b106e12605eb53860,d842a810a046337b5363ff7dafdaa01aa4553912ce2afa4ee95c617158d8e0e7,2011,,0,FALSE,FALSE,FALSE,FALSE,FALSE,FALSE,FALSE,FALSE,ee8f1f1d17d164fc3d811ad86cc889d11c328f41d3cd55762069bc2161e48c9f,6a2baa27cd05157233063b825243be4bdf1a2dbc88db2a6cdfd0b2527b28716b
baseline,6,16,1000000,float,TRUE,float_multiply,float,typed_double,3,481,0.150000000000002,0.150000000000002,8290dd7500cd078b2bd5437bf8fe0afa95dd1f1bab5eff045202e84b7d93eed9,d842a810a046337b5363ff7dafdaa01aa4553912ce2afa4ee95c617158d8e0e7,2011,double,481,FALSE,FALSE,FALSE,FALSE,FALSE,FALSE,FALSE,FALSE,ee8f1f1d17d164fc3d811ad86cc889d11c328f41d3cd55762069bc2161e48c9f,6a2baa27cd05157233063b825243be4bdf1a2dbc88db2a6cdfd0b2527b28716b
baseline,6,17,1000000,long,FALSE,long_float_add,float,typed_double,1,494,0.169,0.169,5865d7f437b5487c8061f7274c6507b7ec0fc76362cd655e9259ebb78a28f057,6506614505e113daab08b3f894ca46d4d61867c7b007c413b47a669abe8aae67,0,double,494,FALSE,FALSE,FALSE,FALSE,FALSE,FALSE,FALSE,FALSE,8937acbbe87ff127e6567f97e52c6a17dbe3ea7052a39a3b76abe25c8e7eeb13,31d3575e77d9d04b75880bca9e10dbd0e13e61d21795052921dd3f702d909dd7
baseline,6,17,1000000,long,FALSE,long_float_add,float,compact,2,399,0.149000000000001,0.148999999999997,5865d7f437b5487c8061f7274c6507b7ec0fc76362cd655e9259ebb78a28f057,6506614505e113daab08b3f894ca46d4d61867c7b007c413b47a669abe8aae67,0,double,399,TRUE,TRUE,FALSE,FALSE,TRUE,TRUE,FALSE,FALSE,8937acbbe87ff127e6567f97e52c6a17dbe3ea7052a39a3b76abe25c8e7eeb13,31d3575e77d9d04b75880bca9e10dbd0e13e61d21795052921dd3f702d909dd7
baseline,6,17,1000000,long,FALSE,long_float_add,float,ordinary,3,605,0.169,0.170000000000002,5865d7f437b5487c8061f7274c6507b7ec0fc76362cd655e9259ebb78a28f057,6506614505e113daab08b3f894ca46d4d61867c7b007c413b47a669abe8aae67,0,,0,FALSE,FALSE,FALSE,FALSE,FALSE,FALSE,FALSE,FALSE,8937acbbe87ff127e6567f97e52c6a17dbe3ea7052a39a3b76abe25c8e7eeb13,31d3575e77d9d04b75880bca9e10dbd0e13e61d21795052921dd3f702d909dd7
baseline,6,18,1000000,long,TRUE,long_float_add,float,ordinary,1,625,0.158999999999999,0.158999999999999,ea5ac2e3896755c3d5082b83561d8673bb4f0147a7690b804a8d74cecbeda4c1,d842a810a046337b5363ff7dafdaa01aa4553912ce2afa4ee95c617158d8e0e7,2011,,0,FALSE,FALSE,FALSE,FALSE,FALSE,FALSE,FALSE,FALSE,5af7169f9d20a77a6f06236647a66be1493d6e155163c245a466bda43242d0e7,6a2baa27cd05157233063b825243be4bdf1a2dbc88db2a6cdfd0b2527b28716b
baseline,6,18,1000000,long,TRUE,long_float_add,float,typed_double,2,494,0.152999999999999,0.153000000000002,087fb12a32e314d333c4287225113c3c6e3a135a9c18c162b3b5753b80f4350c,d842a810a046337b5363ff7dafdaa01aa4553912ce2afa4ee95c617158d8e0e7,2011,double,494,FALSE,FALSE,FALSE,FALSE,FALSE,FALSE,FALSE,FALSE,5af7169f9d20a77a6f06236647a66be1493d6e155163c245a466bda43242d0e7,6a2baa27cd05157233063b825243be4bdf1a2dbc88db2a6cdfd0b2527b28716b
baseline,6,18,1000000,long,TRUE,long_float_add,float,compact,3,289,0.151999999999997,0.153000000000002,087fb12a32e314d333c4287225113c3c6e3a135a9c18c162b3b5753b80f4350c,d842a810a046337b5363ff7dafdaa01aa4553912ce2afa4ee95c617158d8e0e7,2011,double,289,TRUE,TRUE,FALSE,FALSE,TRUE,TRUE,FALSE,FALSE,5af7169f9d20a77a6f06236647a66be1493d6e155163c245a466bda43242d0e7,6a2baa27cd05157233063b825243be4bdf1a2dbc88db2a6cdfd0b2527b28716b
