variant,round,threads,missing,operation,representation,position,rows,repetitions,cpu,wall,result_hash,input_hash,y_hash,compact_before,compact_after,materialized_before,materialized_after,y_compact_before,y_compact_after,y_materialized_before,y_materialized_after,metadata_x,metadata_y,native_qualified
baseline,1,1,FALSE,pair_less,ordinary,1,1000000,358,0.259,0.258,1c8e3c0969ca721d10f0cff30d1542de0795d4b1afd81dbeab684b22fd53e2e5,7f1c1a27229f7a699fa85ff90b5be1266497c462407b39b11f6d94015af8e8ad,d3066ce6e3c19763df09d2ef9185666a6f96f99e57743c9f8038e3cb90e15c4f,FALSE,FALSE,FALSE,FALSE,FALSE,FALSE,FALSE,FALSE,71557d1c8bac9bbe3cbec8d00bb223a2f372279827064095447e569fbf5a760a,71557d1c8bac9bbe3cbec8d00bb223a2f372279827064095447e569fbf5a760a,FALSE
baseline,1,1,FALSE,pair_less,compact,2,1000000,1631,0.304,0.304,1c8e3c0969ca721d10f0cff30d1542de0795d4b1afd81dbeab684b22fd53e2e5,7f1c1a27229f7a699fa85ff90b5be1266497c462407b39b11f6d94015af8e8ad,d3066ce6e3c19763df09d2ef9185666a6f96f99e57743c9f8038e3cb90e15c4f,TRUE,TRUE,FALSE,FALSE,TRUE,TRUE,FALSE,FALSE,0418a77b7087897a0ead6e10b9da2953bfee2ad9da1470ca98b7664e364a3024,0418a77b7087897a0ead6e10b9da2953bfee2ad9da1470ca98b7664e364a3024,TRUE
baseline,1,1,FALSE,pair_less,typed_double,3,1000000,760,0.312,0.311,1c8e3c0969ca721d10f0cff30d1542de0795d4b1afd81dbeab684b22fd53e2e5,7f1c1a27229f7a699fa85ff90b5be1266497c462407b39b11f6d94015af8e8ad,d3066ce6e3c19763df09d2ef9185666a6f96f99e57743c9f8038e3cb90e15c4f,FALSE,FALSE,FALSE,FALSE,FALSE,FALSE,FALSE,FALSE,e8c2c3714dfad8ccb787de83956aff6eadd8f5bf3b515e0083ff8aeca241ab2d,e8c2c3714dfad8ccb787de83956aff6eadd8f5bf3b515e0083ff8aeca241ab2d,TRUE
baseline,1,1,FALSE,scalar_less,compact,1,1000000,987,0.31,0.309,888be2318f047338553582f6247bd3d4f93d26181da856e938a6787f24c386c8,7f1c1a27229f7a699fa85ff90b5be1266497c462407b39b11f6d94015af8e8ad,d3066ce6e3c19763df09d2ef9185666a6f96f99e57743c9f8038e3cb90e15c4f,TRUE,TRUE,FALSE,FALSE,TRUE,TRUE,FALSE,FALSE,0418a77b7087897a0ead6e10b9da2953bfee2ad9da1470ca98b7664e364a3024,0418a77b7087897a0ead6e10b9da2953bfee2ad9da1470ca98b7664e364a3024,TRUE
baseline,1,1,FALSE,scalar_less,typed_double,2,1000000,1195,0.313,0.313,888be2318f047338553582f6247bd3d4f93d26181da856e938a6787f24c386c8,7f1c1a27229f7a699fa85ff90b5be1266497c462407b39b11f6d94015af8e8ad,d3066ce6e3c19763df09d2ef9185666a6f96f99e57743c9f8038e3cb90e15c4f,FALSE,FALSE,FALSE,FALSE,FALSE,FALSE,FALSE,FALSE,e8c2c3714dfad8ccb787de83956aff6eadd8f5bf3b515e0083ff8aeca241ab2d,e8c2c3714dfad8ccb787de83956aff6eadd8f5bf3b515e0083ff8aeca241ab2d,TRUE
baseline,1,1,FALSE,scalar_less,ordinary,3,1000000,427,0.301,0.3,888be2318f047338553582f6247bd3d4f93d26181da856e938a6787f24c386c8,7f1c1a27229f7a699fa85ff90b5be1266497c462407b39b11f6d94015af8e8ad,d3066ce6e3c19763df09d2ef9185666a6f96f99e57743c9f8038e3cb90e15c4f,FALSE,FALSE,FALSE,FALSE,FALSE,FALSE,FALSE,FALSE,71557d1c8bac9bbe3cbec8d00bb223a2f372279827064095447e569fbf5a760a,71557d1c8bac9bbe3cbec8d00bb223a2f372279827064095447e569fbf5a760a,FALSE
baseline,1,1,FALSE,pair_equal,typed_double,1,1000000,775,0.282,0.282,3373ec4fcf7f1a2c881385b92a07903da1240202fab5b88ee5d7c2603b3b0428,7f1c1a27229f7a699fa85ff90b5be1266497c462407b39b11f6d94015af8e8ad,d3066ce6e3c19763df09d2ef9185666a6f96f99e57743c9f8038e3cb90e15c4f,FALSE,FALSE,FALSE,FALSE,FALSE,FALSE,FALSE,FALSE,e8c2c3714dfad8ccb787de83956aff6eadd8f5bf3b515e0083ff8aeca241ab2d,e8c2c3714dfad8ccb787de83956aff6eadd8f5bf3b515e0083ff8aeca241ab2d,TRUE
baseline,1,1,FALSE,pair_equal,ordinary,2,1000000,422,0.3,0.3,3373ec4fcf7f1a2c881385b92a07903da1240202fab5b88ee5d7c2603b3b0428,7f1c1a27229f7a699fa85ff90b5be1266497c462407b39b11f6d94015af8e8ad,d3066ce6e3c19763df09d2ef9185666a6f96f99e57743c9f8038e3cb90e15c4f,FALSE,FALSE,FALSE,FALSE,FALSE,FALSE,FALSE,FALSE,71557d1c8bac9bbe3cbec8d00bb223a2f372279827064095447e569fbf5a760a,71557d1c8bac9bbe3cbec8d00bb223a2f372279827064095447e569fbf5a760a,FALSE
baseline,1,1,FALSE,pair_equal,compact,3,1000000,1617,0.274000000000001,0.274,3373ec4fcf7f1a2c881385b92a07903da1240202fab5b88ee5d7c2603b3b0428,7f1c1a27229f7a699fa85ff90b5be1266497c462407b39b11f6d94015af8e8ad,d3066ce6e3c19763df09d2ef9185666a6f96f99e57743c9f8038e3cb90e15c4f,TRUE,TRUE,FALSE,FALSE,TRUE,TRUE,FALSE,FALSE,0418a77b7087897a0ead6e10b9da2953bfee2ad9da1470ca98b7664e364a3024,0418a77b7087897a0ead6e10b9da2953bfee2ad9da1470ca98b7664e364a3024,TRUE
baseline,1,1,TRUE,pair_less,ordinary,1,1000000,427,0.321,0.321,dfddb9b2b91b422bcc693ca8234e4127d5ce2bf2fcabb02271713137399f3960,8cb390f4310bb5332e9085281aa52e5236aecd65b982d0e3a7e9174fe845527e,7d3712fb7ae81b29d8c28e354721b4a737f0e878202e5105ef9df6a672d5e6e4,FALSE,FALSE,FALSE,FALSE,FALSE,FALSE,FALSE,FALSE,71557d1c8bac9bbe3cbec8d00bb223a2f372279827064095447e569fbf5a760a,71557d1c8bac9bbe3cbec8d00bb223a2f372279827064095447e569fbf5a760a,FALSE
baseline,1,1,TRUE,pair_less,compact,2,1000000,1400,0.317,0.316000000000001,4eb038232aaffe99ba822841a72a1be288b698a16ba15b4e5aef22c587ee61d8,8cb390f4310bb5332e9085281aa52e5236aecd65b982d0e3a7e9174fe845527e,7d3712fb7ae81b29d8c28e354721b4a737f0e878202e5105ef9df6a672d5e6e4,TRUE,TRUE,FALSE,FALSE,TRUE,TRUE,FALSE,FALSE,0418a77b7087897a0ead6e10b9da2953bfee2ad9da1470ca98b7664e364a3024,0418a77b7087897a0ead6e10b9da2953bfee2ad9da1470ca98b7664e364a3024,TRUE
baseline,1,1,TRUE,pair_less,typed_double,3,1000000,736,0.311999999999999,0.313000000000001,4eb038232aaffe99ba822841a72a1be288b698a16ba15b4e5aef22c587ee61d8,8cb390f4310bb5332e9085281aa52e5236aecd65b982d0e3a7e9174fe845527e,7d3712fb7ae81b29d8c28e354721b4a737f0e878202e5105ef9df6a672d5e6e4,FALSE,FALSE,FALSE,FALSE,FALSE,FALSE,FALSE,FALSE,e8c2c3714dfad8ccb787de83956aff6eadd8f5bf3b515e0083ff8aeca241ab2d,e8c2c3714dfad8ccb787de83956aff6eadd8f5bf3b515e0083ff8aeca241ab2d,TRUE
baseline,1,1,TRUE,scalar_less,compact,1,1000000,1078,0.315,0.315999999999999,c0fc146f23f813aa8e80aebc4d9d7ac256ddd10f85b65c17173f37c3fe760d8b,8cb390f4310bb5332e9085281aa52e5236aecd65b982d0e3a7e9174fe845527e,7d3712fb7ae81b29d8c28e354721b4a737f0e878202e5105ef9df6a672d5e6e4,TRUE,TRUE,FALSE,FALSE,TRUE,TRUE,FALSE,FALSE,0418a77b7087897a0ead6e10b9da2953bfee2ad9da1470ca98b7664e364a3024,0418a77b7087897a0ead6e10b9da2953bfee2ad9da1470ca98b7664e364a3024,TRUE
baseline,1,1,TRUE,scalar_less,typed_double,2,1000000,1060,0.315,0.315999999999999,c0fc146f23f813aa8e80aebc4d9d7ac256ddd10f85b65c17173f37c3fe760d8b,8cb390f4310bb5332e9085281aa52e5236aecd65b982d0e3a7e9174fe845527e,7d3712fb7ae81b29d8c28e354721b4a737f0e878202e5105ef9df6a672d5e6e4,FALSE,FALSE,FALSE,FALSE,FALSE,FALSE,FALSE,FALSE,e8c2c3714dfad8ccb787de83956aff6eadd8f5bf3b515e0083ff8aeca241ab2d,e8c2c3714dfad8ccb787de83956aff6eadd8f5bf3b515e0083ff8aeca241ab2d,TRUE
baseline,1,1,TRUE,scalar_less,ordinary,3,1000000,379,0.300000000000001,0.300000000000001,27468a48d9fd9dc5ba71891904e48c03e2dfcbdc043990f010981b4c4efbdb56,8cb390f4310bb5332e9085281aa52e5236aecd65b982d0e3a7e9174fe845527e,7d3712fb7ae81b29d8c28e354721b4a737f0e878202e5105ef9df6a672d5e6e4,FALSE,FALSE,FALSE,FALSE,FALSE,FALSE,FALSE,FALSE,71557d1c8bac9bbe3cbec8d00bb223a2f372279827064095447e569fbf5a760a,71557d1c8bac9bbe3cbec8d00bb223a2f372279827064095447e569fbf5a760a,FALSE
baseline,1,1,TRUE,pair_equal,typed_double,1,1000000,750,0.307999999999999,0.307,3373ec4fcf7f1a2c881385b92a07903da1240202fab5b88ee5d7c2603b3b0428,8cb390f4310bb5332e9085281aa52e5236aecd65b982d0e3a7e9174fe845527e,7d3712fb7ae81b29d8c28e354721b4a737f0e878202e5105ef9df6a672d5e6e4,FALSE,FALSE,FALSE,FALSE,FALSE,FALSE,FALSE,FALSE,e8c2c3714dfad8ccb787de83956aff6eadd8f5bf3b515e0083ff8aeca241ab2d,e8c2c3714dfad8ccb787de83956aff6eadd8f5bf3b515e0083ff8aeca241ab2d,TRUE
baseline,1,1,TRUE,pair_equal,ordinary,2,1000000,368,0.263,0.262,c23d64adae593f70407e6f7f1b56406f1d112f7287b7f688c1c2e14458d73483,8cb390f4310bb5332e9085281aa52e5236aecd65b982d0e3a7e9174fe845527e,7d3712fb7ae81b29d8c28e354721b4a737f0e878202e5105ef9df6a672d5e6e4,FALSE,FALSE,FALSE,FALSE,FALSE,FALSE,FALSE,FALSE,71557d1c8bac9bbe3cbec8d00bb223a2f372279827064095447e569fbf5a760a,71557d1c8bac9bbe3cbec8d00bb223a2f372279827064095447e569fbf5a760a,FALSE
baseline,1,1,TRUE,pair_equal,compact,3,1000000,1400,0.316,0.316000000000001,3373ec4fcf7f1a2c881385b92a07903da1240202fab5b88ee5d7c2603b3b0428,8cb390f4310bb5332e9085281aa52e5236aecd65b982d0e3a7e9174fe845527e,7d3712fb7ae81b29d8c28e354721b4a737f0e878202e5105ef9df6a672d5e6e4,TRUE,TRUE,FALSE,FALSE,TRUE,TRUE,FALSE,FALSE,0418a77b7087897a0ead6e10b9da2953bfee2ad9da1470ca98b7664e364a3024,0418a77b7087897a0ead6e10b9da2953bfee2ad9da1470ca98b7664e364a3024,TRUE
baseline,1,0,FALSE,pair_less,ordinary,1,1000000,422,0.300000000000001,0.300000000000001,1c8e3c0969ca721d10f0cff30d1542de0795d4b1afd81dbeab684b22fd53e2e5,7f1c1a27229f7a699fa85ff90b5be1266497c462407b39b11f6d94015af8e8ad,d3066ce6e3c19763df09d2ef9185666a6f96f99e57743c9f8038e3cb90e15c4f,FALSE,FALSE,FALSE,FALSE,FALSE,FALSE,FALSE,FALSE,71557d1c8bac9bbe3cbec8d00bb223a2f372279827064095447e569fbf5a760a,71557d1c8bac9bbe3cbec8d00bb223a2f372279827064095447e569fbf5a760a,FALSE
baseline,1,0,FALSE,pair_less,compact,2,1000000,1631,0.276000000000002,0.275,1c8e3c0969ca721d10f0cff30d1542de0795d4b1afd81dbeab684b22fd53e2e5,7f1c1a27229f7a699fa85ff90b5be1266497c462407b39b11f6d94015af8e8ad,d3066ce6e3c19763df09d2ef9185666a6f96f99e57743c9f8038e3cb90e15c4f,TRUE,TRUE,FALSE,FALSE,TRUE,TRUE,FALSE,FALSE,0418a77b7087897a0ead6e10b9da2953bfee2ad9da1470ca98b7664e364a3024,0418a77b7087897a0ead6e10b9da2953bfee2ad9da1470ca98b7664e364a3024,TRUE
baseline,1,0,FALSE,pair_less,typed_double,3,1000000,830,0.301,0.301,1c8e3c0969ca721d10f0cff30d1542de0795d4b1afd81dbeab684b22fd53e2e5,7f1c1a27229f7a699fa85ff90b5be1266497c462407b39b11f6d94015af8e8ad,d3066ce6e3c19763df09d2ef9185666a6f96f99e57743c9f8038e3cb90e15c4f,FALSE,FALSE,FALSE,FALSE,FALSE,FALSE,FALSE,FALSE,e8c2c3714dfad8ccb787de83956aff6eadd8f5bf3b515e0083ff8aeca241ab2d,e8c2c3714dfad8ccb787de83956aff6eadd8f5bf3b515e0083ff8aeca241ab2d,TRUE
baseline,1,0,FALSE,scalar_less,compact,1,1000000,998,0.279999999999999,0.279,888be2318f047338553582f6247bd3d4f93d26181da856e938a6787f24c386c8,7f1c1a27229f7a699fa85ff90b5be1266497c462407b39b11f6d94015af8e8ad,d3066ce6e3c19763df09d2ef9185666a6f96f99e57743c9f8038e3cb90e15c4f,TRUE,TRUE,FALSE,FALSE,TRUE,TRUE,FALSE,FALSE,0418a77b7087897a0ead6e10b9da2953bfee2ad9da1470ca98b7664e364a3024,0418a77b7087897a0ead6e10b9da2953bfee2ad9da1470ca98b7664e364a3024,TRUE
baseline,1,0,FALSE,scalar_less,typed_double,2,1000000,1218,0.315000000000001,0.315000000000001,888be2318f047338553582f6247bd3d4f93d26181da856e938a6787f24c386c8,7f1c1a27229f7a699fa85ff90b5be1266497c462407b39b11f6d94015af8e8ad,d3066ce6e3c19763df09d2ef9185666a6f96f99e57743c9f8038e3cb90e15c4f,FALSE,FALSE,FALSE,FALSE,FALSE,FALSE,FALSE,FALSE,e8c2c3714dfad8ccb787de83956aff6eadd8f5bf3b515e0083ff8aeca241ab2d,e8c2c3714dfad8ccb787de83956aff6eadd8f5bf3b515e0083ff8aeca241ab2d,TRUE
baseline,1,0,FALSE,scalar_less,ordinary,3,1000000,427,0.3,0.300000000000001,888be2318f047338553582f6247bd3d4f93d26181da856e938a6787f24c386c8,7f1c1a27229f7a699fa85ff90b5be1266497c462407b39b11f6d94015af8e8ad,d3066ce6e3c19763df09d2ef9185666a6f96f99e57743c9f8038e3cb90e15c4f,FALSE,FALSE,FALSE,FALSE,FALSE,FALSE,FALSE,FALSE,71557d1c8bac9bbe3cbec8d00bb223a2f372279827064095447e569fbf5a760a,71557d1c8bac9bbe3cbec8d00bb223a2f372279827064095447e569fbf5a760a,FALSE
baseline,1,0,FALSE,pair_equal,typed_double,1,1000000,782,0.291000000000003,0.289999999999999,3373ec4fcf7f1a2c881385b92a07903da1240202fab5b88ee5d7c2603b3b0428,7f1c1a27229f7a699fa85ff90b5be1266497c462407b39b11f6d94015af8e8ad,d3066ce6e3c19763df09d2ef9185666a6f96f99e57743c9f8038e3cb90e15c4f,FALSE,FALSE,FALSE,FALSE,FALSE,FALSE,FALSE,FALSE,e8c2c3714dfad8ccb787de83956aff6eadd8f5bf3b515e0083ff8aeca241ab2d,e8c2c3714dfad8ccb787de83956aff6eadd8f5bf3b515e0083ff8aeca241ab2d,TRUE
baseline,1,0,FALSE,pair_equal,ordinary,2,1000000,422,0.301000000000001,0.300999999999998,3373ec4fcf7f1a2c881385b92a07903da1240202fab5b88ee5d7c2603b3b0428,7f1c1a27229f7a699fa85ff90b5be1266497c462407b39b11f6d94015af8e8ad,d3066ce6e3c19763df09d2ef9185666a6f96f99e57743c9f8038e3cb90e15c4f,FALSE,FALSE,FALSE,FALSE,FALSE,FALSE,FALSE,FALSE,71557d1c8bac9bbe3cbec8d00bb223a2f372279827064095447e569fbf5a760a,71557d1c8bac9bbe3cbec8d00bb223a2f372279827064095447e569fbf5a760a,FALSE
baseline,1,0,FALSE,pair_equal,compact,3,1000000,1857,0.329999999999997,0.329000000000001,3373ec4fcf7f1a2c881385b92a07903da1240202fab5b88ee5d7c2603b3b0428,7f1c1a27229f7a699fa85ff90b5be1266497c462407b39b11f6d94015af8e8ad,d3066ce6e3c19763df09d2ef9185666a6f96f99e57743c9f8038e3cb90e15c4f,TRUE,TRUE,FALSE,FALSE,TRUE,TRUE,FALSE,FALSE,0418a77b7087897a0ead6e10b9da2953bfee2ad9da1470ca98b7664e364a3024,0418a77b7087897a0ead6e10b9da2953bfee2ad9da1470ca98b7664e364a3024,TRUE
baseline,1,0,TRUE,pair_less,ordinary,1,1000000,422,0.299,0.299,dfddb9b2b91b422bcc693ca8234e4127d5ce2bf2fcabb02271713137399f3960,8cb390f4310bb5332e9085281aa52e5236aecd65b982d0e3a7e9174fe845527e,7d3712fb7ae81b29d8c28e354721b4a737f0e878202e5105ef9df6a672d5e6e4,FALSE,FALSE,FALSE,FALSE,FALSE,FALSE,FALSE,FALSE,71557d1c8bac9bbe3cbec8d00bb223a2f372279827064095447e569fbf5a760a,71557d1c8bac9bbe3cbec8d00bb223a2f372279827064095447e569fbf5a760a,FALSE
baseline,1,0,TRUE,pair_less,compact,2,1000000,1349,0.306000000000001,0.306000000000001,4eb038232aaffe99ba822841a72a1be288b698a16ba15b4e5aef22c587ee61d8,8cb390f4310bb5332e9085281aa52e5236aecd65b982d0e3a7e9174fe845527e,7d3712fb7ae81b29d8c28e354721b4a737f0e878202e5105ef9df6a672d5e6e4,TRUE,TRUE,FALSE,FALSE,TRUE,TRUE,FALSE,FALSE,0418a77b7087897a0ead6e10b9da2953bfee2ad9da1470ca98b7664e364a3024,0418a77b7087897a0ead6e10b9da2953bfee2ad9da1470ca98b7664e364a3024,TRUE
baseline,1,0,TRUE,pair_less,typed_double,3,1000000,750,0.305000000000002,0.303999999999998,4eb038232aaffe99ba822841a72a1be288b698a16ba15b4e5aef22c587ee61d8,8cb390f4310bb5332e9085281aa52e5236aecd65b982d0e3a7e9174fe845527e,7d3712fb7ae81b29d8c28e354721b4a737f0e878202e5105ef9df6a672d5e6e4,FALSE,FALSE,FALSE,FALSE,FALSE,FALSE,FALSE,FALSE,e8c2c3714dfad8ccb787de83956aff6eadd8f5bf3b515e0083ff8aeca241ab2d,e8c2c3714dfad8ccb787de83956aff6eadd8f5bf3b515e0083ff8aeca241ab2d,TRUE
baseline,1,0,TRUE,scalar_less,compact,1,1000000,998,0.277000000000001,0.277999999999999,c0fc146f23f813aa8e80aebc4d9d7ac256ddd10f85b65c17173f37c3fe760d8b,8cb390f4310bb5332e9085281aa52e5236aecd65b982d0e3a7e9174fe845527e,7d3712fb7ae81b29d8c28e354721b4a737f0e878202e5105ef9df6a672d5e6e4,TRUE,TRUE,FALSE,FALSE,TRUE,TRUE,FALSE,FALSE,0418a77b7087897a0ead6e10b9da2953bfee2ad9da1470ca98b7664e364a3024,0418a77b7087897a0ead6e10b9da2953bfee2ad9da1470ca98b7664e364a3024,TRUE
baseline,1,0,TRUE,scalar_less,typed_double,2,1000000,1060,0.313999999999997,0.315000000000001,c0fc146f23f813aa8e80aebc4d9d7ac256ddd10f85b65c17173f37c3fe760d8b,8cb390f4310bb5332e9085281aa52e5236aecd65b982d0e3a7e9174fe845527e,7d3712fb7ae81b29d8c28e354721b4a737f0e878202e5105ef9df6a672d5e6e4,FALSE,FALSE,FALSE,FALSE,FALSE,FALSE,FALSE,FALSE,e8c2c3714dfad8ccb787de83956aff6eadd8f5bf3b515e0083ff8aeca241ab2d,e8c2c3714dfad8ccb787de83956aff6eadd8f5bf3b515e0083ff8aeca241ab2d,TRUE
baseline,1,0,TRUE,scalar_less,ordinary,3,1000000,427,0.301000000000001,0.300999999999998,27468a48d9fd9dc5ba71891904e48c03e2dfcbdc043990f010981b4c4efbdb56,8cb390f4310bb5332e9085281aa52e5236aecd65b982d0e3a7e9174fe845527e,7d3712fb7ae81b29d8c28e354721b4a737f0e878202e5105ef9df6a672d5e6e4,FALSE,FALSE,FALSE,FALSE,FALSE,FALSE,FALSE,FALSE,71557d1c8bac9bbe3cbec8d00bb223a2f372279827064095447e569fbf5a760a,71557d1c8bac9bbe3cbec8d00bb223a2f372279827064095447e569fbf5a760a,FALSE
baseline,1,0,TRUE,pair_equal,typed_double,1,1000000,750,0.305,0.305,3373ec4fcf7f1a2c881385b92a07903da1240202fab5b88ee5d7c2603b3b0428,8cb390f4310bb5332e9085281aa52e5236aecd65b982d0e3a7e9174fe845527e,7d3712fb7ae81b29d8c28e354721b4a737f0e878202e5105ef9df6a672d5e6e4,FALSE,FALSE,FALSE,FALSE,FALSE,FALSE,FALSE,FALSE,e8c2c3714dfad8ccb787de83956aff6eadd8f5bf3b515e0083ff8aeca241ab2d,e8c2c3714dfad8ccb787de83956aff6eadd8f5bf3b515e0083ff8aeca241ab2d,TRUE
baseline,1,0,TRUE,pair_equal,ordinary,2,1000000,427,0.304000000000002,0.304000000000002,c23d64adae593f70407e6f7f1b56406f1d112f7287b7f688c1c2e14458d73483,8cb390f4310bb5332e9085281aa52e5236aecd65b982d0e3a7e9174fe845527e,7d3712fb7ae81b29d8c28e354721b4a737f0e878202e5105ef9df6a672d5e6e4,FALSE,FALSE,FALSE,FALSE,FALSE,FALSE,FALSE,FALSE,71557d1c8bac9bbe3cbec8d00bb223a2f372279827064095447e569fbf5a760a,71557d1c8bac9bbe3cbec8d00bb223a2f372279827064095447e569fbf5a760a,FALSE
baseline,1,0,TRUE,pair_equal,compact,3,1000000,1389,0.297999999999998,0.298000000000002,3373ec4fcf7f1a2c881385b92a07903da1240202fab5b88ee5d7c2603b3b0428,8cb390f4310bb5332e9085281aa52e5236aecd65b982d0e3a7e9174fe845527e,7d3712fb7ae81b29d8c28e354721b4a737f0e878202e5105ef9df6a672d5e6e4,TRUE,TRUE,FALSE,FALSE,TRUE,TRUE,FALSE,FALSE,0418a77b7087897a0ead6e10b9da2953bfee2ad9da1470ca98b7664e364a3024,0418a77b7087897a0ead6e10b9da2953bfee2ad9da1470ca98b7664e364a3024,TRUE
candidate,1,1,FALSE,pair_less,ordinary,1,1000000,354,0.255,0.255,1c8e3c0969ca721d10f0cff30d1542de0795d4b1afd81dbeab684b22fd53e2e5,7f1c1a27229f7a699fa85ff90b5be1266497c462407b39b11f6d94015af8e8ad,d3066ce6e3c19763df09d2ef9185666a6f96f99e57743c9f8038e3cb90e15c4f,FALSE,FALSE,FALSE,FALSE,FALSE,FALSE,FALSE,FALSE,71557d1c8bac9bbe3cbec8d00bb223a2f372279827064095447e569fbf5a760a,71557d1c8bac9bbe3cbec8d00bb223a2f372279827064095447e569fbf5a760a,FALSE
candidate,1,1,FALSE,pair_less,compact,2,1000000,1631,0.306,0.306,1c8e3c0969ca721d10f0cff30d1542de0795d4b1afd81dbeab684b22fd53e2e5,7f1c1a27229f7a699fa85ff90b5be1266497c462407b39b11f6d94015af8e8ad,d3066ce6e3c19763df09d2ef9185666a6f96f99e57743c9f8038e3cb90e15c4f,TRUE,TRUE,FALSE,FALSE,TRUE,TRUE,FALSE,FALSE,0418a77b7087897a0ead6e10b9da2953bfee2ad9da1470ca98b7664e364a3024,0418a77b7087897a0ead6e10b9da2953bfee2ad9da1470ca98b7664e364a3024,TRUE
candidate,1,1,FALSE,pair_less,typed_double,3,1000000,943,0.295,0.294,1c8e3c0969ca721d10f0cff30d1542de0795d4b1afd81dbeab684b22fd53e2e5,7f1c1a27229f7a699fa85ff90b5be1266497c462407b39b11f6d94015af8e8ad,d3066ce6e3c19763df09d2ef9185666a6f96f99e57743c9f8038e3cb90e15c4f,FALSE,FALSE,FALSE,FALSE,FALSE,FALSE,FALSE,FALSE,e8c2c3714dfad8ccb787de83956aff6eadd8f5bf3b515e0083ff8aeca241ab2d,e8c2c3714dfad8ccb787de83956aff6eadd8f5bf3b515e0083ff8aeca241ab2d,TRUE
candidate,1,1,FALSE,scalar_less,compact,1,1000000,1078,0.315,0.316,888be2318f047338553582f6247bd3d4f93d26181da856e938a6787f24c386c8,7f1c1a27229f7a699fa85ff90b5be1266497c462407b39b11f6d94015af8e8ad,d3066ce6e3c19763df09d2ef9185666a6f96f99e57743c9f8038e3cb90e15c4f,TRUE,TRUE,FALSE,FALSE,TRUE,TRUE,FALSE,FALSE,0418a77b7087897a0ead6e10b9da2953bfee2ad9da1470ca98b7664e364a3024,0418a77b7087897a0ead6e10b9da2953bfee2ad9da1470ca98b7664e364a3024,TRUE
candidate,1,1,FALSE,scalar_less,typed_double,2,1000000,1202,0.314,0.314,888be2318f047338553582f6247bd3d4f93d26181da856e938a6787f24c386c8,7f1c1a27229f7a699fa85ff90b5be1266497c462407b39b11f6d94015af8e8ad,d3066ce6e3c19763df09d2ef9185666a6f96f99e57743c9f8038e3cb90e15c4f,FALSE,FALSE,FALSE,FALSE,FALSE,FALSE,FALSE,FALSE,e8c2c3714dfad8ccb787de83956aff6eadd8f5bf3b515e0083ff8aeca241ab2d,e8c2c3714dfad8ccb787de83956aff6eadd8f5bf3b515e0083ff8aeca241ab2d,TRUE
candidate,1,1,FALSE,scalar_less,ordinary,3,1000000,427,0.302,0.301,888be2318f047338553582f6247bd3d4f93d26181da856e938a6787f24c386c8,7f1c1a27229f7a699fa85ff90b5be1266497c462407b39b11f6d94015af8e8ad,d3066ce6e3c19763df09d2ef9185666a6f96f99e57743c9f8038e3cb90e15c4f,FALSE,FALSE,FALSE,FALSE,FALSE,FALSE,FALSE,FALSE,71557d1c8bac9bbe3cbec8d00bb223a2f372279827064095447e569fbf5a760a,71557d1c8bac9bbe3cbec8d00bb223a2f372279827064095447e569fbf5a760a,FALSE
candidate,1,1,FALSE,pair_equal,typed_double,1,1000000,957,0.279,0.278,3373ec4fcf7f1a2c881385b92a07903da1240202fab5b88ee5d7c2603b3b0428,7f1c1a27229f7a699fa85ff90b5be1266497c462407b39b11f6d94015af8e8ad,d3066ce6e3c19763df09d2ef9185666a6f96f99e57743c9f8038e3cb90e15c4f,FALSE,FALSE,FALSE,FALSE,FALSE,FALSE,FALSE,FALSE,e8c2c3714dfad8ccb787de83956aff6eadd8f5bf3b515e0083ff8aeca241ab2d,e8c2c3714dfad8ccb787de83956aff6eadd8f5bf3b515e0083ff8aeca241ab2d,TRUE
candidate,1,1,FALSE,pair_equal,ordinary,2,1000000,365,0.261,0.261,3373ec4fcf7f1a2c881385b92a07903da1240202fab5b88ee5d7c2603b3b0428,7f1c1a27229f7a699fa85ff90b5be1266497c462407b39b11f6d94015af8e8ad,d3066ce6e3c19763df09d2ef9185666a6f96f99e57743c9f8038e3cb90e15c4f,FALSE,FALSE,FALSE,FALSE,FALSE,FALSE,FALSE,FALSE,71557d1c8bac9bbe3cbec8d00bb223a2f372279827064095447e569fbf5a760a,71557d1c8bac9bbe3cbec8d00bb223a2f372279827064095447e569fbf5a760a,FALSE
candidate,1,1,FALSE,pair_equal,compact,3,1000000,1914,0.335,0.335,3373ec4fcf7f1a2c881385b92a07903da1240202fab5b88ee5d7c2603b3b0428,7f1c1a27229f7a699fa85ff90b5be1266497c462407b39b11f6d94015af8e8ad,d3066ce6e3c19763df09d2ef9185666a6f96f99e57743c9f8038e3cb90e15c4f,TRUE,TRUE,FALSE,FALSE,TRUE,TRUE,FALSE,FALSE,0418a77b7087897a0ead6e10b9da2953bfee2ad9da1470ca98b7664e364a3024,0418a77b7087897a0ead6e10b9da2953bfee2ad9da1470ca98b7664e364a3024,TRUE
candidate,1,1,TRUE,pair_less,ordinary,1,1000000,422,0.302,0.303,dfddb9b2b91b422bcc693ca8234e4127d5ce2bf2fcabb02271713137399f3960,8cb390f4310bb5332e9085281aa52e5236aecd65b982d0e3a7e9174fe845527e,7d3712fb7ae81b29d8c28e354721b4a737f0e878202e5105ef9df6a672d5e6e4,FALSE,FALSE,FALSE,FALSE,FALSE,FALSE,FALSE,FALSE,71557d1c8bac9bbe3cbec8d00bb223a2f372279827064095447e569fbf5a760a,71557d1c8bac9bbe3cbec8d00bb223a2f372279827064095447e569fbf5a760a,FALSE
candidate,1,1,TRUE,pair_less,compact,2,1000000,1259,0.267999999999999,0.266999999999999,4eb038232aaffe99ba822841a72a1be288b698a16ba15b4e5aef22c587ee61d8,8cb390f4310bb5332e9085281aa52e5236aecd65b982d0e3a7e9174fe845527e,7d3712fb7ae81b29d8c28e354721b4a737f0e878202e5105ef9df6a672d5e6e4,TRUE,TRUE,FALSE,FALSE,TRUE,TRUE,FALSE,FALSE,0418a77b7087897a0ead6e10b9da2953bfee2ad9da1470ca98b7664e364a3024,0418a77b7087897a0ead6e10b9da2953bfee2ad9da1470ca98b7664e364a3024,TRUE
candidate,1,1,TRUE,pair_less,typed_double,3,1000000,763,0.3,0.300000000000001,4eb038232aaffe99ba822841a72a1be288b698a16ba15b4e5aef22c587ee61d8,8cb390f4310bb5332e9085281aa52e5236aecd65b982d0e3a7e9174fe845527e,7d3712fb7ae81b29d8c28e354721b4a737f0e878202e5105ef9df6a672d5e6e4,FALSE,FALSE,FALSE,FALSE,FALSE,FALSE,FALSE,FALSE,e8c2c3714dfad8ccb787de83956aff6eadd8f5bf3b515e0083ff8aeca241ab2d,e8c2c3714dfad8ccb787de83956aff6eadd8f5bf3b515e0083ff8aeca241ab2d,TRUE
candidate,1,1,TRUE,scalar_less,compact,1,1000000,993,0.275,0.275,c0fc146f23f813aa8e80aebc4d9d7ac256ddd10f85b65c17173f37c3fe760d8b,8cb390f4310bb5332e9085281aa52e5236aecd65b982d0e3a7e9174fe845527e,7d3712fb7ae81b29d8c28e354721b4a737f0e878202e5105ef9df6a672d5e6e4,TRUE,TRUE,FALSE,FALSE,TRUE,TRUE,FALSE,FALSE,0418a77b7087897a0ead6e10b9da2953bfee2ad9da1470ca98b7664e364a3024,0418a77b7087897a0ead6e10b9da2953bfee2ad9da1470ca98b7664e364a3024,TRUE
candidate,1,1,TRUE,scalar_less,typed_double,2,1000000,1066,0.316999999999999,0.317,c0fc146f23f813aa8e80aebc4d9d7ac256ddd10f85b65c17173f37c3fe760d8b,8cb390f4310bb5332e9085281aa52e5236aecd65b982d0e3a7e9174fe845527e,7d3712fb7ae81b29d8c28e354721b4a737f0e878202e5105ef9df6a672d5e6e4,FALSE,FALSE,FALSE,FALSE,FALSE,FALSE,FALSE,FALSE,e8c2c3714dfad8ccb787de83956aff6eadd8f5bf3b515e0083ff8aeca241ab2d,e8c2c3714dfad8ccb787de83956aff6eadd8f5bf3b515e0083ff8aeca241ab2d,TRUE
candidate,1,1,TRUE,scalar_less,ordinary,3,1000000,422,0.297000000000001,0.297000000000001,27468a48d9fd9dc5ba71891904e48c03e2dfcbdc043990f010981b4c4efbdb56,8cb390f4310bb5332e9085281aa52e5236aecd65b982d0e3a7e9174fe845527e,7d3712fb7ae81b29d8c28e354721b4a737f0e878202e5105ef9df6a672d5e6e4,FALSE,FALSE,FALSE,FALSE,FALSE,FALSE,FALSE,FALSE,71557d1c8bac9bbe3cbec8d00bb223a2f372279827064095447e569fbf5a760a,71557d1c8bac9bbe3cbec8d00bb223a2f372279827064095447e569fbf5a760a,FALSE
candidate,1,1,TRUE,pair_equal,typed_double,1,1000000,730,0.309000000000001,0.309000000000001,3373ec4fcf7f1a2c881385b92a07903da1240202fab5b88ee5d7c2603b3b0428,8cb390f4310bb5332e9085281aa52e5236aecd65b982d0e3a7e9174fe845527e,7d3712fb7ae81b29d8c28e354721b4a737f0e878202e5105ef9df6a672d5e6e4,FALSE,FALSE,FALSE,FALSE,FALSE,FALSE,FALSE,FALSE,e8c2c3714dfad8ccb787de83956aff6eadd8f5bf3b515e0083ff8aeca241ab2d,e8c2c3714dfad8ccb787de83956aff6eadd8f5bf3b515e0083ff8aeca241ab2d,TRUE
candidate,1,1,TRUE,pair_equal,ordinary,2,1000000,422,0.299,0.300000000000001,c23d64adae593f70407e6f7f1b56406f1d112f7287b7f688c1c2e14458d73483,8cb390f4310bb5332e9085281aa52e5236aecd65b982d0e3a7e9174fe845527e,7d3712fb7ae81b29d8c28e354721b4a737f0e878202e5105ef9df6a672d5e6e4,FALSE,FALSE,FALSE,FALSE,FALSE,FALSE,FALSE,FALSE,71557d1c8bac9bbe3cbec8d00bb223a2f372279827064095447e569fbf5a760a,71557d1c8bac9bbe3cbec8d00bb223a2f372279827064095447e569fbf5a760a,FALSE
candidate,1,1,TRUE,pair_equal,compact,3,1000000,1400,0.296999999999999,0.299000000000001,3373ec4fcf7f1a2c881385b92a07903da1240202fab5b88ee5d7c2603b3b0428,8cb390f4310bb5332e9085281aa52e5236aecd65b982d0e3a7e9174fe845527e,7d3712fb7ae81b29d8c28e354721b4a737f0e878202e5105ef9df6a672d5e6e4,TRUE,TRUE,FALSE,FALSE,TRUE,TRUE,FALSE,FALSE,0418a77b7087897a0ead6e10b9da2953bfee2ad9da1470ca98b7664e364a3024,0418a77b7087897a0ead6e10b9da2953bfee2ad9da1470ca98b7664e364a3024,TRUE
candidate,1,0,FALSE,pair_less,ordinary,1,1000000,427,0.302999999999999,0.302999999999999,1c8e3c0969ca721d10f0cff30d1542de0795d4b1afd81dbeab684b22fd53e2e5,7f1c1a27229f7a699fa85ff90b5be1266497c462407b39b11f6d94015af8e8ad,d3066ce6e3c19763df09d2ef9185666a6f96f99e57743c9f8038e3cb90e15c4f,FALSE,FALSE,FALSE,FALSE,FALSE,FALSE,FALSE,FALSE,71557d1c8bac9bbe3cbec8d00bb223a2f372279827064095447e569fbf5a760a,71557d1c8bac9bbe3cbec8d00bb223a2f372279827064095447e569fbf5a760a,FALSE
candidate,1,0,FALSE,pair_less,compact,2,1000000,1875,0.319999999999999,0.319000000000001,1c8e3c0969ca721d10f0cff30d1542de0795d4b1afd81dbeab684b22fd53e2e5,7f1c1a27229f7a699fa85ff90b5be1266497c462407b39b11f6d94015af8e8ad,d3066ce6e3c19763df09d2ef9185666a6f96f99e57743c9f8038e3cb90e15c4f,TRUE,TRUE,FALSE,FALSE,TRUE,TRUE,FALSE,FALSE,0418a77b7087897a0ead6e10b9da2953bfee2ad9da1470ca98b7664e364a3024,0418a77b7087897a0ead6e10b9da2953bfee2ad9da1470ca98b7664e364a3024,TRUE
candidate,1,0,FALSE,pair_less,typed_double,3,1000000,1042,0.298,0.299,1c8e3c0969ca721d10f0cff30d1542de0795d4b1afd81dbeab684b22fd53e2e5,7f1c1a27229f7a699fa85ff90b5be1266497c462407b39b11f6d94015af8e8ad,d3066ce6e3c19763df09d2ef9185666a6f96f99e57743c9f8038e3cb90e15c4f,FALSE,FALSE,FALSE,FALSE,FALSE,FALSE,FALSE,FALSE,e8c2c3714dfad8ccb787de83956aff6eadd8f5bf3b515e0083ff8aeca241ab2d,e8c2c3714dfad8ccb787de83956aff6eadd8f5bf3b515e0083ff8aeca241ab2d,TRUE
candidate,1,0,FALSE,scalar_less,compact,1,1000000,987,0.279,0.278,888be2318f047338553582f6247bd3d4f93d26181da856e938a6787f24c386c8,7f1c1a27229f7a699fa85ff90b5be1266497c462407b39b11f6d94015af8e8ad,d3066ce6e3c19763df09d2ef9185666a6f96f99e57743c9f8038e3cb90e15c4f,TRUE,TRUE,FALSE,FALSE,TRUE,TRUE,FALSE,FALSE,0418a77b7087897a0ead6e10b9da2953bfee2ad9da1470ca98b7664e364a3024,0418a77b7087897a0ead6e10b9da2953bfee2ad9da1470ca98b7664e364a3024,TRUE
candidate,1,0,FALSE,scalar_less,typed_double,2,1000000,1218,0.301999999999998,0.301,888be2318f047338553582f6247bd3d4f93d26181da856e938a6787f24c386c8,7f1c1a27229f7a699fa85ff90b5be1266497c462407b39b11f6d94015af8e8ad,d3066ce6e3c19763df09d2ef9185666a6f96f99e57743c9f8038e3cb90e15c4f,FALSE,FALSE,FALSE,FALSE,FALSE,FALSE,FALSE,FALSE,e8c2c3714dfad8ccb787de83956aff6eadd8f5bf3b515e0083ff8aeca241ab2d,e8c2c3714dfad8ccb787de83956aff6eadd8f5bf3b515e0083ff8aeca241ab2d,TRUE
candidate,1,0,FALSE,scalar_less,ordinary,3,1000000,427,0.316000000000001,0.316000000000001,888be2318f047338553582f6247bd3d4f93d26181da856e938a6787f24c386c8,7f1c1a27229f7a699fa85ff90b5be1266497c462407b39b11f6d94015af8e8ad,d3066ce6e3c19763df09d2ef9185666a6f96f99e57743c9f8038e3cb90e15c4f,FALSE,FALSE,FALSE,FALSE,FALSE,FALSE,FALSE,FALSE,71557d1c8bac9bbe3cbec8d00bb223a2f372279827064095447e569fbf5a760a,71557d1c8bac9bbe3cbec8d00bb223a2f372279827064095447e569fbf5a760a,FALSE
candidate,1,0,FALSE,pair_equal,typed_double,1,1000000,1054,0.303999999999998,0.304000000000002,3373ec4fcf7f1a2c881385b92a07903da1240202fab5b88ee5d7c2603b3b0428,7f1c1a27229f7a699fa85ff90b5be1266497c462407b39b11f6d94015af8e8ad,d3066ce6e3c19763df09d2ef9185666a6f96f99e57743c9f8038e3cb90e15c4f,FALSE,FALSE,FALSE,FALSE,FALSE,FALSE,FALSE,FALSE,e8c2c3714dfad8ccb787de83956aff6eadd8f5bf3b515e0083ff8aeca241ab2d,e8c2c3714dfad8ccb787de83956aff6eadd8f5bf3b515e0083ff8aeca241ab2d,TRUE
candidate,1,0,FALSE,pair_equal,ordinary,2,1000000,422,0.299,0.299000000000003,3373ec4fcf7f1a2c881385b92a07903da1240202fab5b88ee5d7c2603b3b0428,7f1c1a27229f7a699fa85ff90b5be1266497c462407b39b11f6d94015af8e8ad,d3066ce6e3c19763df09d2ef9185666a6f96f99e57743c9f8038e3cb90e15c4f,FALSE,FALSE,FALSE,FALSE,FALSE,FALSE,FALSE,FALSE,71557d1c8bac9bbe3cbec8d00bb223a2f372279827064095447e569fbf5a760a,71557d1c8bac9bbe3cbec8d00bb223a2f372279827064095447e569fbf5a760a,FALSE
candidate,1,0,FALSE,pair_equal,compact,3,1000000,1617,0.257999999999999,0.258000000000003,3373ec4fcf7f1a2c881385b92a07903da1240202fab5b88ee5d7c2603b3b0428,7f1c1a27229f7a699fa85ff90b5be1266497c462407b39b11f6d94015af8e8ad,d3066ce6e3c19763df09d2ef9185666a6f96f99e57743c9f8038e3cb90e15c4f,TRUE,TRUE,FALSE,FALSE,TRUE,TRUE,FALSE,FALSE,0418a77b7087897a0ead6e10b9da2953bfee2ad9da1470ca98b7664e364a3024,0418a77b7087897a0ead6e10b9da2953bfee2ad9da1470ca98b7664e364a3024,TRUE
candidate,1,0,TRUE,pair_less,ordinary,1,1000000,422,0.297999999999998,0.297999999999998,dfddb9b2b91b422bcc693ca8234e4127d5ce2bf2fcabb02271713137399f3960,8cb390f4310bb5332e9085281aa52e5236aecd65b982d0e3a7e9174fe845527e,7d3712fb7ae81b29d8c28e354721b4a737f0e878202e5105ef9df6a672d5e6e4,FALSE,FALSE,FALSE,FALSE,FALSE,FALSE,FALSE,FALSE,71557d1c8bac9bbe3cbec8d00bb223a2f372279827064095447e569fbf5a760a,71557d1c8bac9bbe3cbec8d00bb223a2f372279827064095447e569fbf5a760a,FALSE
candidate,1,0,TRUE,pair_less,compact,2,1000000,1251,0.266999999999999,0.266999999999999,4eb038232aaffe99ba822841a72a1be288b698a16ba15b4e5aef22c587ee61d8,8cb390f4310bb5332e9085281aa52e5236aecd65b982d0e3a7e9174fe845527e,7d3712fb7ae81b29d8c28e354721b4a737f0e878202e5105ef9df6a672d5e6e4,TRUE,TRUE,FALSE,FALSE,TRUE,TRUE,FALSE,FALSE,0418a77b7087897a0ead6e10b9da2953bfee2ad9da1470ca98b7664e364a3024,0418a77b7087897a0ead6e10b9da2953bfee2ad9da1470ca98b7664e364a3024,TRUE
candidate,1,0,TRUE,pair_less,typed_double,3,1000000,760,0.297999999999998,0.297999999999998,4eb038232aaffe99ba822841a72a1be288b698a16ba15b4e5aef22c587ee61d8,8cb390f4310bb5332e9085281aa52e5236aecd65b982d0e3a7e9174fe845527e,7d3712fb7ae81b29d8c28e354721b4a737f0e878202e5105ef9df6a672d5e6e4,FALSE,FALSE,FALSE,FALSE,FALSE,FALSE,FALSE,FALSE,e8c2c3714dfad8ccb787de83956aff6eadd8f5bf3b515e0083ff8aeca241ab2d,e8c2c3714dfad8ccb787de83956aff6eadd8f5bf3b515e0083ff8aeca241ab2d,TRUE
candidate,1,0,TRUE,scalar_less,compact,1,1000000,993,0.275000000000002,0.274999999999999,c0fc146f23f813aa8e80aebc4d9d7ac256ddd10f85b65c17173f37c3fe760d8b,8cb390f4310bb5332e9085281aa52e5236aecd65b982d0e3a7e9174fe845527e,7d3712fb7ae81b29d8c28e354721b4a737f0e878202e5105ef9df6a672d5e6e4,TRUE,TRUE,FALSE,FALSE,TRUE,TRUE,FALSE,FALSE,0418a77b7087897a0ead6e10b9da2953bfee2ad9da1470ca98b7664e364a3024,0418a77b7087897a0ead6e10b9da2953bfee2ad9da1470ca98b7664e364a3024,TRUE
candidate,1,0,TRUE,scalar_less,typed_double,2,1000000,1060,0.315,0.315000000000001,c0fc146f23f813aa8e80aebc4d9d7ac256ddd10f85b65c17173f37c3fe760d8b,8cb390f4310bb5332e9085281aa52e5236aecd65b982d0e3a7e9174fe845527e,7d3712fb7ae81b29d8c28e354721b4a737f0e878202e5105ef9df6a672d5e6e4,FALSE,FALSE,FALSE,FALSE,FALSE,FALSE,FALSE,FALSE,e8c2c3714dfad8ccb787de83956aff6eadd8f5bf3b515e0083ff8aeca241ab2d,e8c2c3714dfad8ccb787de83956aff6eadd8f5bf3b515e0083ff8aeca241ab2d,TRUE
candidate,1,0,TRUE,scalar_less,ordinary,3,1000000,432,0.302,0.302,27468a48d9fd9dc5ba71891904e48c03e2dfcbdc043990f010981b4c4efbdb56,8cb390f4310bb5332e9085281aa52e5236aecd65b982d0e3a7e9174fe845527e,7d3712fb7ae81b29d8c28e354721b4a737f0e878202e5105ef9df6a672d5e6e4,FALSE,FALSE,FALSE,FALSE,FALSE,FALSE,FALSE,FALSE,71557d1c8bac9bbe3cbec8d00bb223a2f372279827064095447e569fbf5a760a,71557d1c8bac9bbe3cbec8d00bb223a2f372279827064095447e569fbf5a760a,FALSE
candidate,1,0,TRUE,pair_equal,typed_double,1,1000000,750,0.300000000000001,0.301000000000002,3373ec4fcf7f1a2c881385b92a07903da1240202fab5b88ee5d7c2603b3b0428,8cb390f4310bb5332e9085281aa52e5236aecd65b982d0e3a7e9174fe845527e,7d3712fb7ae81b29d8c28e354721b4a737f0e878202e5105ef9df6a672d5e6e4,FALSE,FALSE,FALSE,FALSE,FALSE,FALSE,FALSE,FALSE,e8c2c3714dfad8ccb787de83956aff6eadd8f5bf3b515e0083ff8aeca241ab2d,e8c2c3714dfad8ccb787de83956aff6eadd8f5bf3b515e0083ff8aeca241ab2d,TRUE
candidate,1,0,TRUE,pair_equal,ordinary,2,1000000,422,0.298000000000002,0.299,c23d64adae593f70407e6f7f1b56406f1d112f7287b7f688c1c2e14458d73483,8cb390f4310bb5332e9085281aa52e5236aecd65b982d0e3a7e9174fe845527e,7d3712fb7ae81b29d8c28e354721b4a737f0e878202e5105ef9df6a672d5e6e4,FALSE,FALSE,FALSE,FALSE,FALSE,FALSE,FALSE,FALSE,71557d1c8bac9bbe3cbec8d00bb223a2f372279827064095447e569fbf5a760a,71557d1c8bac9bbe3cbec8d00bb223a2f372279827064095447e569fbf5a760a,FALSE
candidate,1,0,TRUE,pair_equal,compact,3,1000000,1410,0.315999999999998,0.316000000000003,3373ec4fcf7f1a2c881385b92a07903da1240202fab5b88ee5d7c2603b3b0428,8cb390f4310bb5332e9085281aa52e5236aecd65b982d0e3a7e9174fe845527e,7d3712fb7ae81b29d8c28e354721b4a737f0e878202e5105ef9df6a672d5e6e4,TRUE,TRUE,FALSE,FALSE,TRUE,TRUE,FALSE,FALSE,0418a77b7087897a0ead6e10b9da2953bfee2ad9da1470ca98b7664e364a3024,0418a77b7087897a0ead6e10b9da2953bfee2ad9da1470ca98b7664e364a3024,TRUE
candidate,2,1,FALSE,pair_less,ordinary,1,1000000,354,0.255,0.255,1c8e3c0969ca721d10f0cff30d1542de0795d4b1afd81dbeab684b22fd53e2e5,7f1c1a27229f7a699fa85ff90b5be1266497c462407b39b11f6d94015af8e8ad,d3066ce6e3c19763df09d2ef9185666a6f96f99e57743c9f8038e3cb90e15c4f,FALSE,FALSE,FALSE,FALSE,FALSE,FALSE,FALSE,FALSE,71557d1c8bac9bbe3cbec8d00bb223a2f372279827064095447e569fbf5a760a,71557d1c8bac9bbe3cbec8d00bb223a2f372279827064095447e569fbf5a760a,FALSE
candidate,2,1,FALSE,pair_less,typed_double,2,1000000,933,0.31,0.309,1c8e3c0969ca721d10f0cff30d1542de0795d4b1afd81dbeab684b22fd53e2e5,7f1c1a27229f7a699fa85ff90b5be1266497c462407b39b11f6d94015af8e8ad,d3066ce6e3c19763df09d2ef9185666a6f96f99e57743c9f8038e3cb90e15c4f,FALSE,FALSE,FALSE,FALSE,FALSE,FALSE,FALSE,FALSE,e8c2c3714dfad8ccb787de83956aff6eadd8f5bf3b515e0083ff8aeca241ab2d,e8c2c3714dfad8ccb787de83956aff6eadd8f5bf3b515e0083ff8aeca241ab2d,TRUE
candidate,2,1,FALSE,pair_less,compact,3,1000000,1631,0.307,0.307,1c8e3c0969ca721d10f0cff30d1542de0795d4b1afd81dbeab684b22fd53e2e5,7f1c1a27229f7a699fa85ff90b5be1266497c462407b39b11f6d94015af8e8ad,d3066ce6e3c19763df09d2ef9185666a6f96f99e57743c9f8038e3cb90e15c4f,TRUE,TRUE,FALSE,FALSE,TRUE,TRUE,FALSE,FALSE,0418a77b7087897a0ead6e10b9da2953bfee2ad9da1470ca98b7664e364a3024,0418a77b7087897a0ead6e10b9da2953bfee2ad9da1470ca98b7664e364a3024,TRUE
candidate,2,1,FALSE,scalar_less,compact,1,1000000,987,0.308,0.307,888be2318f047338553582f6247bd3d4f93d26181da856e938a6787f24c386c8,7f1c1a27229f7a699fa85ff90b5be1266497c462407b39b11f6d94015af8e8ad,d3066ce6e3c19763df09d2ef9185666a6f96f99e57743c9f8038e3cb90e15c4f,TRUE,TRUE,FALSE,FALSE,TRUE,TRUE,FALSE,FALSE,0418a77b7087897a0ead6e10b9da2953bfee2ad9da1470ca98b7664e364a3024,0418a77b7087897a0ead6e10b9da2953bfee2ad9da1470ca98b7664e364a3024,TRUE
candidate,2,1,FALSE,scalar_less,ordinary,2,1000000,422,0.3,0.3,888be2318f047338553582f6247bd3d4f93d26181da856e938a6787f24c386c8,7f1c1a27229f7a699fa85ff90b5be1266497c462407b39b11f6d94015af8e8ad,d3066ce6e3c19763df09d2ef9185666a6f96f99e57743c9f8038e3cb90e15c4f,FALSE,FALSE,FALSE,FALSE,FALSE,FALSE,FALSE,FALSE,71557d1c8bac9bbe3cbec8d00bb223a2f372279827064095447e569fbf5a760a,71557d1c8bac9bbe3cbec8d00bb223a2f372279827064095447e569fbf5a760a,FALSE
candidate,2,1,FALSE,scalar_less,typed_double,3,1000000,1048,0.298,0.299,888be2318f047338553582f6247bd3d4f93d26181da856e938a6787f24c386c8,7f1c1a27229f7a699fa85ff90b5be1266497c462407b39b11f6d94015af8e8ad,d3066ce6e3c19763df09d2ef9185666a6f96f99e57743c9f8038e3cb90e15c4f,FALSE,FALSE,FALSE,FALSE,FALSE,FALSE,FALSE,FALSE,e8c2c3714dfad8ccb787de83956aff6eadd8f5bf3b515e0083ff8aeca241ab2d,e8c2c3714dfad8ccb787de83956aff6eadd8f5bf3b515e0083ff8aeca241ab2d,TRUE
candidate,2,1,FALSE,pair_equal,typed_double,1,1000000,938,0.292000000000001,0.292,3373ec4fcf7f1a2c881385b92a07903da1240202fab5b88ee5d7c2603b3b0428,7f1c1a27229f7a699fa85ff90b5be1266497c462407b39b11f6d94015af8e8ad,d3066ce6e3c19763df09d2ef9185666a6f96f99e57743c9f8038e3cb90e15c4f,FALSE,FALSE,FALSE,FALSE,FALSE,FALSE,FALSE,FALSE,e8c2c3714dfad8ccb787de83956aff6eadd8f5bf3b515e0083ff8aeca241ab2d,e8c2c3714dfad8ccb787de83956aff6eadd8f5bf3b515e0083ff8aeca241ab2d,TRUE
candidate,2,1,FALSE,pair_equal,compact,2,1000000,1876,0.333,0.332999999999999,3373ec4fcf7f1a2c881385b92a07903da1240202fab5b88ee5d7c2603b3b0428,7f1c1a27229f7a699fa85ff90b5be1266497c462407b39b11f6d94015af8e8ad,d3066ce6e3c19763df09d2ef9185666a6f96f99e57743c9f8038e3cb90e15c4f,TRUE,TRUE,FALSE,FALSE,TRUE,TRUE,FALSE,FALSE,0418a77b7087897a0ead6e10b9da2953bfee2ad9da1470ca98b7664e364a3024,0418a77b7087897a0ead6e10b9da2953bfee2ad9da1470ca98b7664e364a3024,TRUE
candidate,2,1,FALSE,pair_equal,ordinary,3,1000000,417,0.295999999999999,0.297,3373ec4fcf7f1a2c881385b92a07903da1240202fab5b88ee5d7c2603b3b0428,7f1c1a27229f7a699fa85ff90b5be1266497c462407b39b11f6d94015af8e8ad,d3066ce6e3c19763df09d2ef9185666a6f96f99e57743c9f8038e3cb90e15c4f,FALSE,FALSE,FALSE,FALSE,FALSE,FALSE,FALSE,FALSE,71557d1c8bac9bbe3cbec8d00bb223a2f372279827064095447e569fbf5a760a,71557d1c8bac9bbe3cbec8d00bb223a2f372279827064095447e569fbf5a760a,FALSE
candidate,2,1,TRUE,pair_less,ordinary,1,1000000,417,0.296,0.295,dfddb9b2b91b422bcc693ca8234e4127d5ce2bf2fcabb02271713137399f3960,8cb390f4310bb5332e9085281aa52e5236aecd65b982d0e3a7e9174fe845527e,7d3712fb7ae81b29d8c28e354721b4a737f0e878202e5105ef9df6a672d5e6e4,FALSE,FALSE,FALSE,FALSE,FALSE,FALSE,FALSE,FALSE,71557d1c8bac9bbe3cbec8d00bb223a2f372279827064095447e569fbf5a760a,71557d1c8bac9bbe3cbec8d00bb223a2f372279827064095447e569fbf5a760a,FALSE
candidate,2,1,TRUE,pair_less,typed_double,2,1000000,766,0.315,0.316000000000001,4eb038232aaffe99ba822841a72a1be288b698a16ba15b4e5aef22c587ee61d8,8cb390f4310bb5332e9085281aa52e5236aecd65b982d0e3a7e9174fe845527e,7d3712fb7ae81b29d8c28e354721b4a737f0e878202e5105ef9df6a672d5e6e4,FALSE,FALSE,FALSE,FALSE,FALSE,FALSE,FALSE,FALSE,e8c2c3714dfad8ccb787de83956aff6eadd8f5bf3b515e0083ff8aeca241ab2d,e8c2c3714dfad8ccb787de83956aff6eadd8f5bf3b515e0083ff8aeca241ab2d,TRUE
candidate,2,1,TRUE,pair_less,compact,3,1000000,1410,0.299,0.298,4eb038232aaffe99ba822841a72a1be288b698a16ba15b4e5aef22c587ee61d8,8cb390f4310bb5332e9085281aa52e5236aecd65b982d0e3a7e9174fe845527e,7d3712fb7ae81b29d8c28e354721b4a737f0e878202e5105ef9df6a672d5e6e4,TRUE,TRUE,FALSE,FALSE,TRUE,TRUE,FALSE,FALSE,0418a77b7087897a0ead6e10b9da2953bfee2ad9da1470ca98b7664e364a3024,0418a77b7087897a0ead6e10b9da2953bfee2ad9da1470ca98b7664e364a3024,TRUE
candidate,2,1,TRUE,scalar_less,compact,1,1000000,1084,0.333000000000001,0.333,c0fc146f23f813aa8e80aebc4d9d7ac256ddd10f85b65c17173f37c3fe760d8b,8cb390f4310bb5332e9085281aa52e5236aecd65b982d0e3a7e9174fe845527e,7d3712fb7ae81b29d8c28e354721b4a737f0e878202e5105ef9df6a672d5e6e4,TRUE,TRUE,FALSE,FALSE,TRUE,TRUE,FALSE,FALSE,0418a77b7087897a0ead6e10b9da2953bfee2ad9da1470ca98b7664e364a3024,0418a77b7087897a0ead6e10b9da2953bfee2ad9da1470ca98b7664e364a3024,TRUE
candidate,2,1,TRUE,scalar_less,ordinary,2,1000000,399,0.317,0.317,27468a48d9fd9dc5ba71891904e48c03e2dfcbdc043990f010981b4c4efbdb56,8cb390f4310bb5332e9085281aa52e5236aecd65b982d0e3a7e9174fe845527e,7d3712fb7ae81b29d8c28e354721b4a737f0e878202e5105ef9df6a672d5e6e4,FALSE,FALSE,FALSE,FALSE,FALSE,FALSE,FALSE,FALSE,71557d1c8bac9bbe3cbec8d00bb223a2f372279827064095447e569fbf5a760a,71557d1c8bac9bbe3cbec8d00bb223a2f372279827064095447e569fbf5a760a,FALSE
candidate,2,1,TRUE,scalar_less,typed_double,3,1000000,1060,0.303999999999999,0.304,c0fc146f23f813aa8e80aebc4d9d7ac256ddd10f85b65c17173f37c3fe760d8b,8cb390f4310bb5332e9085281aa52e5236aecd65b982d0e3a7e9174fe845527e,7d3712fb7ae81b29d8c28e354721b4a737f0e878202e5105ef9df6a672d5e6e4,FALSE,FALSE,FALSE,FALSE,FALSE,FALSE,FALSE,FALSE,e8c2c3714dfad8ccb787de83956aff6eadd8f5bf3b515e0083ff8aeca241ab2d,e8c2c3714dfad8ccb787de83956aff6eadd8f5bf3b515e0083ff8aeca241ab2d,TRUE
candidate,2,1,TRUE,pair_equal,typed_double,1,1000000,750,0.301,0.301,3373ec4fcf7f1a2c881385b92a07903da1240202fab5b88ee5d7c2603b3b0428,8cb390f4310bb5332e9085281aa52e5236aecd65b982d0e3a7e9174fe845527e,7d3712fb7ae81b29d8c28e354721b4a737f0e878202e5105ef9df6a672d5e6e4,FALSE,FALSE,FALSE,FALSE,FALSE,FALSE,FALSE,FALSE,e8c2c3714dfad8ccb787de83956aff6eadd8f5bf3b515e0083ff8aeca241ab2d,e8c2c3714dfad8ccb787de83956aff6eadd8f5bf3b515e0083ff8aeca241ab2d,TRUE
candidate,2,1,TRUE,pair_equal,compact,2,1000000,1267,0.267000000000001,0.268000000000001,3373ec4fcf7f1a2c881385b92a07903da1240202fab5b88ee5d7c2603b3b0428,8cb390f4310bb5332e9085281aa52e5236aecd65b982d0e3a7e9174fe845527e,7d3712fb7ae81b29d8c28e354721b4a737f0e878202e5105ef9df6a672d5e6e4,TRUE,TRUE,FALSE,FALSE,TRUE,TRUE,FALSE,FALSE,0418a77b7087897a0ead6e10b9da2953bfee2ad9da1470ca98b7664e364a3024,0418a77b7087897a0ead6e10b9da2953bfee2ad9da1470ca98b7664e364a3024,TRUE
candidate,2,1,TRUE,pair_equal,ordinary,3,1000000,422,0.299,0.299,c23d64adae593f70407e6f7f1b56406f1d112f7287b7f688c1c2e14458d73483,8cb390f4310bb5332e9085281aa52e5236aecd65b982d0e3a7e9174fe845527e,7d3712fb7ae81b29d8c28e354721b4a737f0e878202e5105ef9df6a672d5e6e4,FALSE,FALSE,FALSE,FALSE,FALSE,FALSE,FALSE,FALSE,71557d1c8bac9bbe3cbec8d00bb223a2f372279827064095447e569fbf5a760a,71557d1c8bac9bbe3cbec8d00bb223a2f372279827064095447e569fbf5a760a,FALSE
candidate,2,0,FALSE,pair_less,ordinary,1,1000000,427,0.303,0.303000000000001,1c8e3c0969ca721d10f0cff30d1542de0795d4b1afd81dbeab684b22fd53e2e5,7f1c1a27229f7a699fa85ff90b5be1266497c462407b39b11f6d94015af8e8ad,d3066ce6e3c19763df09d2ef9185666a6f96f99e57743c9f8038e3cb90e15c4f,FALSE,FALSE,FALSE,FALSE,FALSE,FALSE,FALSE,FALSE,71557d1c8bac9bbe3cbec8d00bb223a2f372279827064095447e569fbf5a760a,71557d1c8bac9bbe3cbec8d00bb223a2f372279827064095447e569fbf5a760a,FALSE
candidate,2,0,FALSE,pair_less,typed_double,2,1000000,1048,0.313000000000001,0.313000000000001,1c8e3c0969ca721d10f0cff30d1542de0795d4b1afd81dbeab684b22fd53e2e5,7f1c1a27229f7a699fa85ff90b5be1266497c462407b39b11f6d94015af8e8ad,d3066ce6e3c19763df09d2ef9185666a6f96f99e57743c9f8038e3cb90e15c4f,FALSE,FALSE,FALSE,FALSE,FALSE,FALSE,FALSE,FALSE,e8c2c3714dfad8ccb787de83956aff6eadd8f5bf3b515e0083ff8aeca241ab2d,e8c2c3714dfad8ccb787de83956aff6eadd8f5bf3b515e0083ff8aeca241ab2d,TRUE
candidate,2,0,FALSE,pair_less,compact,3,1000000,1894,0.299000000000001,0.300000000000001,1c8e3c0969ca721d10f0cff30d1542de0795d4b1afd81dbeab684b22fd53e2e5,7f1c1a27229f7a699fa85ff90b5be1266497c462407b39b11f6d94015af8e8ad,d3066ce6e3c19763df09d2ef9185666a6f96f99e57743c9f8038e3cb90e15c4f,TRUE,TRUE,FALSE,FALSE,TRUE,TRUE,FALSE,FALSE,0418a77b7087897a0ead6e10b9da2953bfee2ad9da1470ca98b7664e364a3024,0418a77b7087897a0ead6e10b9da2953bfee2ad9da1470ca98b7664e364a3024,TRUE
candidate,2,0,FALSE,scalar_less,compact,1,1000000,1003,0.276,0.276999999999999,888be2318f047338553582f6247bd3d4f93d26181da856e938a6787f24c386c8,7f1c1a27229f7a699fa85ff90b5be1266497c462407b39b11f6d94015af8e8ad,d3066ce6e3c19763df09d2ef9185666a6f96f99e57743c9f8038e3cb90e15c4f,TRUE,TRUE,FALSE,FALSE,TRUE,TRUE,FALSE,FALSE,0418a77b7087897a0ead6e10b9da2953bfee2ad9da1470ca98b7664e364a3024,0418a77b7087897a0ead6e10b9da2953bfee2ad9da1470ca98b7664e364a3024,TRUE
candidate,2,0,FALSE,scalar_less,ordinary,2,1000000,427,0.305,0.305,888be2318f047338553582f6247bd3d4f93d26181da856e938a6787f24c386c8,7f1c1a27229f7a699fa85ff90b5be1266497c462407b39b11f6d94015af8e8ad,d3066ce6e3c19763df09d2ef9185666a6f96f99e57743c9f8038e3cb90e15c4f,FALSE,FALSE,FALSE,FALSE,FALSE,FALSE,FALSE,FALSE,71557d1c8bac9bbe3cbec8d00bb223a2f372279827064095447e569fbf5a760a,71557d1c8bac9bbe3cbec8d00bb223a2f372279827064095447e569fbf5a760a,FALSE
candidate,2,0,FALSE,scalar_less,typed_double,3,1000000,1210,0.314,0.314,888be2318f047338553582f6247bd3d4f93d26181da856e938a6787f24c386c8,7f1c1a27229f7a699fa85ff90b5be1266497c462407b39b11f6d94015af8e8ad,d3066ce6e3c19763df09d2ef9185666a6f96f99e57743c9f8038e3cb90e15c4f,FALSE,FALSE,FALSE,FALSE,FALSE,FALSE,FALSE,FALSE,e8c2c3714dfad8ccb787de83956aff6eadd8f5bf3b515e0083ff8aeca241ab2d,e8c2c3714dfad8ccb787de83956aff6eadd8f5bf3b515e0083ff8aeca241ab2d,TRUE
candidate,2,0,FALSE,pair_equal,typed_double,1,1000000,1054,0.301000000000001,0.301000000000002,3373ec4fcf7f1a2c881385b92a07903da1240202fab5b88ee5d7c2603b3b0428,7f1c1a27229f7a699fa85ff90b5be1266497c462407b39b11f6d94015af8e8ad,d3066ce6e3c19763df09d2ef9185666a6f96f99e57743c9f8038e3cb90e15c4f,FALSE,FALSE,FALSE,FALSE,FALSE,FALSE,FALSE,FALSE,e8c2c3714dfad8ccb787de83956aff6eadd8f5bf3b515e0083ff8aeca241ab2d,e8c2c3714dfad8ccb787de83956aff6eadd8f5bf3b515e0083ff8aeca241ab2d,TRUE
candidate,2,0,FALSE,pair_equal,compact,2,1000000,1894,0.317,0.315999999999999,3373ec4fcf7f1a2c881385b92a07903da1240202fab5b88ee5d7c2603b3b0428,7f1c1a27229f7a699fa85ff90b5be1266497c462407b39b11f6d94015af8e8ad,d3066ce6e3c19763df09d2ef9185666a6f96f99e57743c9f8038e3cb90e15c4f,TRUE,TRUE,FALSE,FALSE,TRUE,TRUE,FALSE,FALSE,0418a77b7087897a0ead6e10b9da2953bfee2ad9da1470ca98b7664e364a3024,0418a77b7087897a0ead6e10b9da2953bfee2ad9da1470ca98b7664e364a3024,TRUE
candidate,2,0,FALSE,pair_equal,ordinary,3,1000000,422,0.297999999999997,0.299,3373ec4fcf7f1a2c881385b92a07903da1240202fab5b88ee5d7c2603b3b0428,7f1c1a27229f7a699fa85ff90b5be1266497c462407b39b11f6d94015af8e8ad,d3066ce6e3c19763df09d2ef9185666a6f96f99e57743c9f8038e3cb90e15c4f,FALSE,FALSE,FALSE,FALSE,FALSE,FALSE,FALSE,FALSE,71557d1c8bac9bbe3cbec8d00bb223a2f372279827064095447e569fbf5a760a,71557d1c8bac9bbe3cbec8d00bb223a2f372279827064095447e569fbf5a760a,FALSE
candidate,2,0,TRUE,pair_less,ordinary,1,1000000,422,0.298000000000002,0.298000000000002,dfddb9b2b91b422bcc693ca8234e4127d5ce2bf2fcabb02271713137399f3960,8cb390f4310bb5332e9085281aa52e5236aecd65b982d0e3a7e9174fe845527e,7d3712fb7ae81b29d8c28e354721b4a737f0e878202e5105ef9df6a672d5e6e4,FALSE,FALSE,FALSE,FALSE,FALSE,FALSE,FALSE,FALSE,71557d1c8bac9bbe3cbec8d00bb223a2f372279827064095447e569fbf5a760a,71557d1c8bac9bbe3cbec8d00bb223a2f372279827064095447e569fbf5a760a,FALSE
candidate,2,0,TRUE,pair_less,typed_double,2,1000000,769,0.300000000000001,0.299999999999997,4eb038232aaffe99ba822841a72a1be288b698a16ba15b4e5aef22c587ee61d8,8cb390f4310bb5332e9085281aa52e5236aecd65b982d0e3a7e9174fe845527e,7d3712fb7ae81b29d8c28e354721b4a737f0e878202e5105ef9df6a672d5e6e4,FALSE,FALSE,FALSE,FALSE,FALSE,FALSE,FALSE,FALSE,e8c2c3714dfad8ccb787de83956aff6eadd8f5bf3b515e0083ff8aeca241ab2d,e8c2c3714dfad8ccb787de83956aff6eadd8f5bf3b515e0083ff8aeca241ab2d,TRUE
candidate,2,0,TRUE,pair_less,compact,3,1000000,1259,0.266000000000002,0.266000000000002,4eb038232aaffe99ba822841a72a1be288b698a16ba15b4e5aef22c587ee61d8,8cb390f4310bb5332e9085281aa52e5236aecd65b982d0e3a7e9174fe845527e,7d3712fb7ae81b29d8c28e354721b4a737f0e878202e5105ef9df6a672d5e6e4,TRUE,TRUE,FALSE,FALSE,TRUE,TRUE,FALSE,FALSE,0418a77b7087897a0ead6e10b9da2953bfee2ad9da1470ca98b7664e364a3024,0418a77b7087897a0ead6e10b9da2953bfee2ad9da1470ca98b7664e364a3024,TRUE
candidate,2,0,TRUE,scalar_less,compact,1,1000000,1084,0.299999999999997,0.299000000000003,c0fc146f23f813aa8e80aebc4d9d7ac256ddd10f85b65c17173f37c3fe760d8b,8cb390f4310bb5332e9085281aa52e5236aecd65b982d0e3a7e9174fe845527e,7d3712fb7ae81b29d8c28e354721b4a737f0e878202e5105ef9df6a672d5e6e4,TRUE,TRUE,FALSE,FALSE,TRUE,TRUE,FALSE,FALSE,0418a77b7087897a0ead6e10b9da2953bfee2ad9da1470ca98b7664e364a3024,0418a77b7087897a0ead6e10b9da2953bfee2ad9da1470ca98b7664e364a3024,TRUE
candidate,2,0,TRUE,scalar_less,ordinary,2,1000000,427,0.315,0.314999999999998,27468a48d9fd9dc5ba71891904e48c03e2dfcbdc043990f010981b4c4efbdb56,8cb390f4310bb5332e9085281aa52e5236aecd65b982d0e3a7e9174fe845527e,7d3712fb7ae81b29d8c28e354721b4a737f0e878202e5105ef9df6a672d5e6e4,FALSE,FALSE,FALSE,FALSE,FALSE,FALSE,FALSE,FALSE,71557d1c8bac9bbe3cbec8d00bb223a2f372279827064095447e569fbf5a760a,71557d1c8bac9bbe3cbec8d00bb223a2f372279827064095447e569fbf5a760a,FALSE
candidate,2,0,TRUE,scalar_less,typed_double,3,1000000,1066,0.301000000000001,0.300000000000001,c0fc146f23f813aa8e80aebc4d9d7ac256ddd10f85b65c17173f37c3fe760d8b,8cb390f4310bb5332e9085281aa52e5236aecd65b982d0e3a7e9174fe845527e,7d3712fb7ae81b29d8c28e354721b4a737f0e878202e5105ef9df6a672d5e6e4,FALSE,FALSE,FALSE,FALSE,FALSE,FALSE,FALSE,FALSE,e8c2c3714dfad8ccb787de83956aff6eadd8f5bf3b515e0083ff8aeca241ab2d,e8c2c3714dfad8ccb787de83956aff6eadd8f5bf3b515e0083ff8aeca241ab2d,TRUE
candidate,2,0,TRUE,pair_equal,typed_double,1,1000000,750,0.300000000000003,0.299999999999997,3373ec4fcf7f1a2c881385b92a07903da1240202fab5b88ee5d7c2603b3b0428,8cb390f4310bb5332e9085281aa52e5236aecd65b982d0e3a7e9174fe845527e,7d3712fb7ae81b29d8c28e354721b4a737f0e878202e5105ef9df6a672d5e6e4,FALSE,FALSE,FALSE,FALSE,FALSE,FALSE,FALSE,FALSE,e8c2c3714dfad8ccb787de83956aff6eadd8f5bf3b515e0083ff8aeca241ab2d,e8c2c3714dfad8ccb787de83956aff6eadd8f5bf3b515e0083ff8aeca241ab2d,TRUE
candidate,2,0,TRUE,pair_equal,compact,2,1000000,1410,0.315,0.314,3373ec4fcf7f1a2c881385b92a07903da1240202fab5b88ee5d7c2603b3b0428,8cb390f4310bb5332e9085281aa52e5236aecd65b982d0e3a7e9174fe845527e,7d3712fb7ae81b29d8c28e354721b4a737f0e878202e5105ef9df6a672d5e6e4,TRUE,TRUE,FALSE,FALSE,TRUE,TRUE,FALSE,FALSE,0418a77b7087897a0ead6e10b9da2953bfee2ad9da1470ca98b7664e364a3024,0418a77b7087897a0ead6e10b9da2953bfee2ad9da1470ca98b7664e364a3024,TRUE
candidate,2,0,TRUE,pair_equal,ordinary,3,1000000,422,0.297999999999998,0.298000000000002,c23d64adae593f70407e6f7f1b56406f1d112f7287b7f688c1c2e14458d73483,8cb390f4310bb5332e9085281aa52e5236aecd65b982d0e3a7e9174fe845527e,7d3712fb7ae81b29d8c28e354721b4a737f0e878202e5105ef9df6a672d5e6e4,FALSE,FALSE,FALSE,FALSE,FALSE,FALSE,FALSE,FALSE,71557d1c8bac9bbe3cbec8d00bb223a2f372279827064095447e569fbf5a760a,71557d1c8bac9bbe3cbec8d00bb223a2f372279827064095447e569fbf5a760a,FALSE
baseline,2,1,FALSE,pair_less,ordinary,1,1000000,351,0.252,0.253,1c8e3c0969ca721d10f0cff30d1542de0795d4b1afd81dbeab684b22fd53e2e5,7f1c1a27229f7a699fa85ff90b5be1266497c462407b39b11f6d94015af8e8ad,d3066ce6e3c19763df09d2ef9185666a6f96f99e57743c9f8038e3cb90e15c4f,FALSE,FALSE,FALSE,FALSE,FALSE,FALSE,FALSE,FALSE,71557d1c8bac9bbe3cbec8d00bb223a2f372279827064095447e569fbf5a760a,71557d1c8bac9bbe3cbec8d00bb223a2f372279827064095447e569fbf5a760a,FALSE
baseline,2,1,FALSE,pair_less,typed_double,2,1000000,819,0.316,0.316,1c8e3c0969ca721d10f0cff30d1542de0795d4b1afd81dbeab684b22fd53e2e5,7f1c1a27229f7a699fa85ff90b5be1266497c462407b39b11f6d94015af8e8ad,d3066ce6e3c19763df09d2ef9185666a6f96f99e57743c9f8038e3cb90e15c4f,FALSE,FALSE,FALSE,FALSE,FALSE,FALSE,FALSE,FALSE,e8c2c3714dfad8ccb787de83956aff6eadd8f5bf3b515e0083ff8aeca241ab2d,e8c2c3714dfad8ccb787de83956aff6eadd8f5bf3b515e0083ff8aeca241ab2d,TRUE
baseline,2,1,FALSE,pair_less,compact,3,1000000,1603,0.27,0.27,1c8e3c0969ca721d10f0cff30d1542de0795d4b1afd81dbeab684b22fd53e2e5,7f1c1a27229f7a699fa85ff90b5be1266497c462407b39b11f6d94015af8e8ad,d3066ce6e3c19763df09d2ef9185666a6f96f99e57743c9f8038e3cb90e15c4f,TRUE,TRUE,FALSE,FALSE,TRUE,TRUE,FALSE,FALSE,0418a77b7087897a0ead6e10b9da2953bfee2ad9da1470ca98b7664e364a3024,0418a77b7087897a0ead6e10b9da2953bfee2ad9da1470ca98b7664e364a3024,TRUE
baseline,2,1,FALSE,scalar_less,compact,1,1000000,1072,0.315,0.314,888be2318f047338553582f6247bd3d4f93d26181da856e938a6787f24c386c8,7f1c1a27229f7a699fa85ff90b5be1266497c462407b39b11f6d94015af8e8ad,d3066ce6e3c19763df09d2ef9185666a6f96f99e57743c9f8038e3cb90e15c4f,TRUE,TRUE,FALSE,FALSE,TRUE,TRUE,FALSE,FALSE,0418a77b7087897a0ead6e10b9da2953bfee2ad9da1470ca98b7664e364a3024,0418a77b7087897a0ead6e10b9da2953bfee2ad9da1470ca98b7664e364a3024,TRUE
baseline,2,1,FALSE,scalar_less,ordinary,2,1000000,427,0.3,0.301,888be2318f047338553582f6247bd3d4f93d26181da856e938a6787f24c386c8,7f1c1a27229f7a699fa85ff90b5be1266497c462407b39b11f6d94015af8e8ad,d3066ce6e3c19763df09d2ef9185666a6f96f99e57743c9f8038e3cb90e15c4f,FALSE,FALSE,FALSE,FALSE,FALSE,FALSE,FALSE,FALSE,71557d1c8bac9bbe3cbec8d00bb223a2f372279827064095447e569fbf5a760a,71557d1c8bac9bbe3cbec8d00bb223a2f372279827064095447e569fbf5a760a,FALSE
baseline,2,1,FALSE,scalar_less,typed_double,3,1000000,1091,0.277,0.277,888be2318f047338553582f6247bd3d4f93d26181da856e938a6787f24c386c8,7f1c1a27229f7a699fa85ff90b5be1266497c462407b39b11f6d94015af8e8ad,d3066ce6e3c19763df09d2ef9185666a6f96f99e57743c9f8038e3cb90e15c4f,FALSE,FALSE,FALSE,FALSE,FALSE,FALSE,FALSE,FALSE,e8c2c3714dfad8ccb787de83956aff6eadd8f5bf3b515e0083ff8aeca241ab2d,e8c2c3714dfad8ccb787de83956aff6eadd8f5bf3b515e0083ff8aeca241ab2d,TRUE
baseline,2,1,FALSE,pair_equal,typed_double,1,1000000,766,0.282,0.283,3373ec4fcf7f1a2c881385b92a07903da1240202fab5b88ee5d7c2603b3b0428,7f1c1a27229f7a699fa85ff90b5be1266497c462407b39b11f6d94015af8e8ad,d3066ce6e3c19763df09d2ef9185666a6f96f99e57743c9f8038e3cb90e15c4f,FALSE,FALSE,FALSE,FALSE,FALSE,FALSE,FALSE,FALSE,e8c2c3714dfad8ccb787de83956aff6eadd8f5bf3b515e0083ff8aeca241ab2d,e8c2c3714dfad8ccb787de83956aff6eadd8f5bf3b515e0083ff8aeca241ab2d,TRUE
baseline,2,1,FALSE,pair_equal,compact,2,1000000,1631,0.275,0.274,3373ec4fcf7f1a2c881385b92a07903da1240202fab5b88ee5d7c2603b3b0428,7f1c1a27229f7a699fa85ff90b5be1266497c462407b39b11f6d94015af8e8ad,d3066ce6e3c19763df09d2ef9185666a6f96f99e57743c9f8038e3cb90e15c4f,TRUE,TRUE,FALSE,FALSE,TRUE,TRUE,FALSE,FALSE,0418a77b7087897a0ead6e10b9da2953bfee2ad9da1470ca98b7664e364a3024,0418a77b7087897a0ead6e10b9da2953bfee2ad9da1470ca98b7664e364a3024,TRUE
baseline,2,1,FALSE,pair_equal,ordinary,3,1000000,422,0.301,0.302,3373ec4fcf7f1a2c881385b92a07903da1240202fab5b88ee5d7c2603b3b0428,7f1c1a27229f7a699fa85ff90b5be1266497c462407b39b11f6d94015af8e8ad,d3066ce6e3c19763df09d2ef9185666a6f96f99e57743c9f8038e3cb90e15c4f,FALSE,FALSE,FALSE,FALSE,FALSE,FALSE,FALSE,FALSE,71557d1c8bac9bbe3cbec8d00bb223a2f372279827064095447e569fbf5a760a,71557d1c8bac9bbe3cbec8d00bb223a2f372279827064095447e569fbf5a760a,FALSE
baseline,2,1,TRUE,pair_less,ordinary,1,1000000,417,0.308,0.309,dfddb9b2b91b422bcc693ca8234e4127d5ce2bf2fcabb02271713137399f3960,8cb390f4310bb5332e9085281aa52e5236aecd65b982d0e3a7e9174fe845527e,7d3712fb7ae81b29d8c28e354721b4a737f0e878202e5105ef9df6a672d5e6e4,FALSE,FALSE,FALSE,FALSE,FALSE,FALSE,FALSE,FALSE,71557d1c8bac9bbe3cbec8d00bb223a2f372279827064095447e569fbf5a760a,71557d1c8bac9bbe3cbec8d00bb223a2f372279827064095447e569fbf5a760a,FALSE
baseline,2,1,TRUE,pair_less,typed_double,2,1000000,736,0.297999999999999,0.299,4eb038232aaffe99ba822841a72a1be288b698a16ba15b4e5aef22c587ee61d8,8cb390f4310bb5332e9085281aa52e5236aecd65b982d0e3a7e9174fe845527e,7d3712fb7ae81b29d8c28e354721b4a737f0e878202e5105ef9df6a672d5e6e4,FALSE,FALSE,FALSE,FALSE,FALSE,FALSE,FALSE,FALSE,e8c2c3714dfad8ccb787de83956aff6eadd8f5bf3b515e0083ff8aeca241ab2d,e8c2c3714dfad8ccb787de83956aff6eadd8f5bf3b515e0083ff8aeca241ab2d,TRUE
baseline,2,1,TRUE,pair_less,compact,3,1000000,1421,0.316999999999999,0.317,4eb038232aaffe99ba822841a72a1be288b698a16ba15b4e5aef22c587ee61d8,8cb390f4310bb5332e9085281aa52e5236aecd65b982d0e3a7e9174fe845527e,7d3712fb7ae81b29d8c28e354721b4a737f0e878202e5105ef9df6a672d5e6e4,TRUE,TRUE,FALSE,FALSE,TRUE,TRUE,FALSE,FALSE,0418a77b7087897a0ead6e10b9da2953bfee2ad9da1470ca98b7664e364a3024,0418a77b7087897a0ead6e10b9da2953bfee2ad9da1470ca98b7664e364a3024,TRUE
baseline,2,1,TRUE,scalar_less,compact,1,1000000,1084,0.299999999999999,0.300000000000001,c0fc146f23f813aa8e80aebc4d9d7ac256ddd10f85b65c17173f37c3fe760d8b,8cb390f4310bb5332e9085281aa52e5236aecd65b982d0e3a7e9174fe845527e,7d3712fb7ae81b29d8c28e354721b4a737f0e878202e5105ef9df6a672d5e6e4,TRUE,TRUE,FALSE,FALSE,TRUE,TRUE,FALSE,FALSE,0418a77b7087897a0ead6e10b9da2953bfee2ad9da1470ca98b7664e364a3024,0418a77b7087897a0ead6e10b9da2953bfee2ad9da1470ca98b7664e364a3024,TRUE
baseline,2,1,TRUE,scalar_less,ordinary,2,1000000,427,0.299,0.299999999999999,27468a48d9fd9dc5ba71891904e48c03e2dfcbdc043990f010981b4c4efbdb56,8cb390f4310bb5332e9085281aa52e5236aecd65b982d0e3a7e9174fe845527e,7d3712fb7ae81b29d8c28e354721b4a737f0e878202e5105ef9df6a672d5e6e4,FALSE,FALSE,FALSE,FALSE,FALSE,FALSE,FALSE,FALSE,71557d1c8bac9bbe3cbec8d00bb223a2f372279827064095447e569fbf5a760a,71557d1c8bac9bbe3cbec8d00bb223a2f372279827064095447e569fbf5a760a,FALSE
baseline,2,1,TRUE,scalar_less,typed_double,3,1000000,1066,0.315,0.315,c0fc146f23f813aa8e80aebc4d9d7ac256ddd10f85b65c17173f37c3fe760d8b,8cb390f4310bb5332e9085281aa52e5236aecd65b982d0e3a7e9174fe845527e,7d3712fb7ae81b29d8c28e354721b4a737f0e878202e5105ef9df6a672d5e6e4,FALSE,FALSE,FALSE,FALSE,FALSE,FALSE,FALSE,FALSE,e8c2c3714dfad8ccb787de83956aff6eadd8f5bf3b515e0083ff8aeca241ab2d,e8c2c3714dfad8ccb787de83956aff6eadd8f5bf3b515e0083ff8aeca241ab2d,TRUE
baseline,2,1,TRUE,pair_equal,typed_double,1,1000000,739,0.298,0.298,3373ec4fcf7f1a2c881385b92a07903da1240202fab5b88ee5d7c2603b3b0428,8cb390f4310bb5332e9085281aa52e5236aecd65b982d0e3a7e9174fe845527e,7d3712fb7ae81b29d8c28e354721b4a737f0e878202e5105ef9df6a672d5e6e4,FALSE,FALSE,FALSE,FALSE,FALSE,FALSE,FALSE,FALSE,e8c2c3714dfad8ccb787de83956aff6eadd8f5bf3b515e0083ff8aeca241ab2d,e8c2c3714dfad8ccb787de83956aff6eadd8f5bf3b515e0083ff8aeca241ab2d,TRUE
baseline,2,1,TRUE,pair_equal,compact,2,1000000,1389,0.294,0.295,3373ec4fcf7f1a2c881385b92a07903da1240202fab5b88ee5d7c2603b3b0428,8cb390f4310bb5332e9085281aa52e5236aecd65b982d0e3a7e9174fe845527e,7d3712fb7ae81b29d8c28e354721b4a737f0e878202e5105ef9df6a672d5e6e4,TRUE,TRUE,FALSE,FALSE,TRUE,TRUE,FALSE,FALSE,0418a77b7087897a0ead6e10b9da2953bfee2ad9da1470ca98b7664e364a3024,0418a77b7087897a0ead6e10b9da2953bfee2ad9da1470ca98b7664e364a3024,TRUE
baseline,2,1,TRUE,pair_equal,ordinary,3,1000000,422,0.315,0.315,c23d64adae593f70407e6f7f1b56406f1d112f7287b7f688c1c2e14458d73483,8cb390f4310bb5332e9085281aa52e5236aecd65b982d0e3a7e9174fe845527e,7d3712fb7ae81b29d8c28e354721b4a737f0e878202e5105ef9df6a672d5e6e4,FALSE,FALSE,FALSE,FALSE,FALSE,FALSE,FALSE,FALSE,71557d1c8bac9bbe3cbec8d00bb223a2f372279827064095447e569fbf5a760a,71557d1c8bac9bbe3cbec8d00bb223a2f372279827064095447e569fbf5a760a,FALSE
baseline,2,0,FALSE,pair_less,ordinary,1,1000000,427,0.302999999999999,0.303000000000001,1c8e3c0969ca721d10f0cff30d1542de0795d4b1afd81dbeab684b22fd53e2e5,7f1c1a27229f7a699fa85ff90b5be1266497c462407b39b11f6d94015af8e8ad,d3066ce6e3c19763df09d2ef9185666a6f96f99e57743c9f8038e3cb90e15c4f,FALSE,FALSE,FALSE,FALSE,FALSE,FALSE,FALSE,FALSE,71557d1c8bac9bbe3cbec8d00bb223a2f372279827064095447e569fbf5a760a,71557d1c8bac9bbe3cbec8d00bb223a2f372279827064095447e569fbf5a760a,FALSE
baseline,2,0,FALSE,pair_less,typed_double,2,1000000,826,0.300000000000001,0.299000000000001,1c8e3c0969ca721d10f0cff30d1542de0795d4b1afd81dbeab684b22fd53e2e5,7f1c1a27229f7a699fa85ff90b5be1266497c462407b39b11f6d94015af8e8ad,d3066ce6e3c19763df09d2ef9185666a6f96f99e57743c9f8038e3cb90e15c4f,FALSE,FALSE,FALSE,FALSE,FALSE,FALSE,FALSE,FALSE,e8c2c3714dfad8ccb787de83956aff6eadd8f5bf3b515e0083ff8aeca241ab2d,e8c2c3714dfad8ccb787de83956aff6eadd8f5bf3b515e0083ff8aeca241ab2d,TRUE
baseline,2,0,FALSE,pair_less,compact,3,1000000,1857,0.313000000000001,0.313000000000001,1c8e3c0969ca721d10f0cff30d1542de0795d4b1afd81dbeab684b22fd53e2e5,7f1c1a27229f7a699fa85ff90b5be1266497c462407b39b11f6d94015af8e8ad,d3066ce6e3c19763df09d2ef9185666a6f96f99e57743c9f8038e3cb90e15c4f,TRUE,TRUE,FALSE,FALSE,TRUE,TRUE,FALSE,FALSE,0418a77b7087897a0ead6e10b9da2953bfee2ad9da1470ca98b7664e364a3024,0418a77b7087897a0ead6e10b9da2953bfee2ad9da1470ca98b7664e364a3024,TRUE
baseline,2,0,FALSE,scalar_less,compact,1,1000000,1091,0.301,0.302,888be2318f047338553582f6247bd3d4f93d26181da856e938a6787f24c386c8,7f1c1a27229f7a699fa85ff90b5be1266497c462407b39b11f6d94015af8e8ad,d3066ce6e3c19763df09d2ef9185666a6f96f99e57743c9f8038e3cb90e15c4f,TRUE,TRUE,FALSE,FALSE,TRUE,TRUE,FALSE,FALSE,0418a77b7087897a0ead6e10b9da2953bfee2ad9da1470ca98b7664e364a3024,0418a77b7087897a0ead6e10b9da2953bfee2ad9da1470ca98b7664e364a3024,TRUE
baseline,2,0,FALSE,scalar_less,ordinary,2,1000000,427,0.299,0.299000000000001,888be2318f047338553582f6247bd3d4f93d26181da856e938a6787f24c386c8,7f1c1a27229f7a699fa85ff90b5be1266497c462407b39b11f6d94015af8e8ad,d3066ce6e3c19763df09d2ef9185666a6f96f99e57743c9f8038e3cb90e15c4f,FALSE,FALSE,FALSE,FALSE,FALSE,FALSE,FALSE,FALSE,71557d1c8bac9bbe3cbec8d00bb223a2f372279827064095447e569fbf5a760a,71557d1c8bac9bbe3cbec8d00bb223a2f372279827064095447e569fbf5a760a,FALSE
baseline,2,0,FALSE,scalar_less,typed_double,3,1000000,1218,0.314,0.315,888be2318f047338553582f6247bd3d4f93d26181da856e938a6787f24c386c8,7f1c1a27229f7a699fa85ff90b5be1266497c462407b39b11f6d94015af8e8ad,d3066ce6e3c19763df09d2ef9185666a6f96f99e57743c9f8038e3cb90e15c4f,FALSE,FALSE,FALSE,FALSE,FALSE,FALSE,FALSE,FALSE,e8c2c3714dfad8ccb787de83956aff6eadd8f5bf3b515e0083ff8aeca241ab2d,e8c2c3714dfad8ccb787de83956aff6eadd8f5bf3b515e0083ff8aeca241ab2d,TRUE
baseline,2,0,FALSE,pair_equal,typed_double,1,1000000,830,0.300999999999998,0.300999999999998,3373ec4fcf7f1a2c881385b92a07903da1240202fab5b88ee5d7c2603b3b0428,7f1c1a27229f7a699fa85ff90b5be1266497c462407b39b11f6d94015af8e8ad,d3066ce6e3c19763df09d2ef9185666a6f96f99e57743c9f8038e3cb90e15c4f,FALSE,FALSE,FALSE,FALSE,FALSE,FALSE,FALSE,FALSE,e8c2c3714dfad8ccb787de83956aff6eadd8f5bf3b515e0083ff8aeca241ab2d,e8c2c3714dfad8ccb787de83956aff6eadd8f5bf3b515e0083ff8aeca241ab2d,TRUE
baseline,2,0,FALSE,pair_equal,compact,2,1000000,1857,0.313999999999999,0.313000000000002,3373ec4fcf7f1a2c881385b92a07903da1240202fab5b88ee5d7c2603b3b0428,7f1c1a27229f7a699fa85ff90b5be1266497c462407b39b11f6d94015af8e8ad,d3066ce6e3c19763df09d2ef9185666a6f96f99e57743c9f8038e3cb90e15c4f,TRUE,TRUE,FALSE,FALSE,TRUE,TRUE,FALSE,FALSE,0418a77b7087897a0ead6e10b9da2953bfee2ad9da1470ca98b7664e364a3024,0418a77b7087897a0ead6e10b9da2953bfee2ad9da1470ca98b7664e364a3024,TRUE
baseline,2,0,FALSE,pair_equal,ordinary,3,1000000,427,0.301999999999998,0.302000000000003,3373ec4fcf7f1a2c881385b92a07903da1240202fab5b88ee5d7c2603b3b0428,7f1c1a27229f7a699fa85ff90b5be1266497c462407b39b11f6d94015af8e8ad,d3066ce6e3c19763df09d2ef9185666a6f96f99e57743c9f8038e3cb90e15c4f,FALSE,FALSE,FALSE,FALSE,FALSE,FALSE,FALSE,FALSE,71557d1c8bac9bbe3cbec8d00bb223a2f372279827064095447e569fbf5a760a,71557d1c8bac9bbe3cbec8d00bb223a2f372279827064095447e569fbf5a760a,FALSE
baseline,2,0,TRUE,pair_less,ordinary,1,1000000,427,0.302000000000002,0.302,dfddb9b2b91b422bcc693ca8234e4127d5ce2bf2fcabb02271713137399f3960,8cb390f4310bb5332e9085281aa52e5236aecd65b982d0e3a7e9174fe845527e,7d3712fb7ae81b29d8c28e354721b4a737f0e878202e5105ef9df6a672d5e6e4,FALSE,FALSE,FALSE,FALSE,FALSE,FALSE,FALSE,FALSE,71557d1c8bac9bbe3cbec8d00bb223a2f372279827064095447e569fbf5a760a,71557d1c8bac9bbe3cbec8d00bb223a2f372279827064095447e569fbf5a760a,FALSE
baseline,2,0,TRUE,pair_less,typed_double,2,1000000,750,0.305999999999998,0.306000000000001,4eb038232aaffe99ba822841a72a1be288b698a16ba15b4e5aef22c587ee61d8,8cb390f4310bb5332e9085281aa52e5236aecd65b982d0e3a7e9174fe845527e,7d3712fb7ae81b29d8c28e354721b4a737f0e878202e5105ef9df6a672d5e6e4,FALSE,FALSE,FALSE,FALSE,FALSE,FALSE,FALSE,FALSE,e8c2c3714dfad8ccb787de83956aff6eadd8f5bf3b515e0083ff8aeca241ab2d,e8c2c3714dfad8ccb787de83956aff6eadd8f5bf3b515e0083ff8aeca241ab2d,TRUE
baseline,2,0,TRUE,pair_less,compact,3,1000000,1259,0.267000000000002,0.266999999999999,4eb038232aaffe99ba822841a72a1be288b698a16ba15b4e5aef22c587ee61d8,8cb390f4310bb5332e9085281aa52e5236aecd65b982d0e3a7e9174fe845527e,7d3712fb7ae81b29d8c28e354721b4a737f0e878202e5105ef9df6a672d5e6e4,TRUE,TRUE,FALSE,FALSE,TRUE,TRUE,FALSE,FALSE,0418a77b7087897a0ead6e10b9da2953bfee2ad9da1470ca98b7664e364a3024,0418a77b7087897a0ead6e10b9da2953bfee2ad9da1470ca98b7664e364a3024,TRUE
baseline,2,0,TRUE,scalar_less,compact,1,1000000,1084,0.301000000000001,0.301000000000002,c0fc146f23f813aa8e80aebc4d9d7ac256ddd10f85b65c17173f37c3fe760d8b,8cb390f4310bb5332e9085281aa52e5236aecd65b982d0e3a7e9174fe845527e,7d3712fb7ae81b29d8c28e354721b4a737f0e878202e5105ef9df6a672d5e6e4,TRUE,TRUE,FALSE,FALSE,TRUE,TRUE,FALSE,FALSE,0418a77b7087897a0ead6e10b9da2953bfee2ad9da1470ca98b7664e364a3024,0418a77b7087897a0ead6e10b9da2953bfee2ad9da1470ca98b7664e364a3024,TRUE
baseline,2,0,TRUE,scalar_less,ordinary,2,1000000,427,0.299999999999997,0.299999999999997,27468a48d9fd9dc5ba71891904e48c03e2dfcbdc043990f010981b4c4efbdb56,8cb390f4310bb5332e9085281aa52e5236aecd65b982d0e3a7e9174fe845527e,7d3712fb7ae81b29d8c28e354721b4a737f0e878202e5105ef9df6a672d5e6e4,FALSE,FALSE,FALSE,FALSE,FALSE,FALSE,FALSE,FALSE,71557d1c8bac9bbe3cbec8d00bb223a2f372279827064095447e569fbf5a760a,71557d1c8bac9bbe3cbec8d00bb223a2f372279827064095447e569fbf5a760a,FALSE
baseline,2,0,TRUE,scalar_less,typed_double,3,1000000,1072,0.300000000000001,0.300999999999998,c0fc146f23f813aa8e80aebc4d9d7ac256ddd10f85b65c17173f37c3fe760d8b,8cb390f4310bb5332e9085281aa52e5236aecd65b982d0e3a7e9174fe845527e,7d3712fb7ae81b29d8c28e354721b4a737f0e878202e5105ef9df6a672d5e6e4,FALSE,FALSE,FALSE,FALSE,FALSE,FALSE,FALSE,FALSE,e8c2c3714dfad8ccb787de83956aff6eadd8f5bf3b515e0083ff8aeca241ab2d,e8c2c3714dfad8ccb787de83956aff6eadd8f5bf3b515e0083ff8aeca241ab2d,TRUE
baseline,2,0,TRUE,pair_equal,typed_double,1,1000000,736,0.298000000000002,0.299000000000003,3373ec4fcf7f1a2c881385b92a07903da1240202fab5b88ee5d7c2603b3b0428,8cb390f4310bb5332e9085281aa52e5236aecd65b982d0e3a7e9174fe845527e,7d3712fb7ae81b29d8c28e354721b4a737f0e878202e5105ef9df6a672d5e6e4,FALSE,FALSE,FALSE,FALSE,FALSE,FALSE,FALSE,FALSE,e8c2c3714dfad8ccb787de83956aff6eadd8f5bf3b515e0083ff8aeca241ab2d,e8c2c3714dfad8ccb787de83956aff6eadd8f5bf3b515e0083ff8aeca241ab2d,TRUE
baseline,2,0,TRUE,pair_equal,compact,2,1000000,1410,0.316000000000003,0.316000000000003,3373ec4fcf7f1a2c881385b92a07903da1240202fab5b88ee5d7c2603b3b0428,8cb390f4310bb5332e9085281aa52e5236aecd65b982d0e3a7e9174fe845527e,7d3712fb7ae81b29d8c28e354721b4a737f0e878202e5105ef9df6a672d5e6e4,TRUE,TRUE,FALSE,FALSE,TRUE,TRUE,FALSE,FALSE,0418a77b7087897a0ead6e10b9da2953bfee2ad9da1470ca98b7664e364a3024,0418a77b7087897a0ead6e10b9da2953bfee2ad9da1470ca98b7664e364a3024,TRUE
baseline,2,0,TRUE,pair_equal,ordinary,3,1000000,417,0.294999999999998,0.295999999999999,c23d64adae593f70407e6f7f1b56406f1d112f7287b7f688c1c2e14458d73483,8cb390f4310bb5332e9085281aa52e5236aecd65b982d0e3a7e9174fe845527e,7d3712fb7ae81b29d8c28e354721b4a737f0e878202e5105ef9df6a672d5e6e4,FALSE,FALSE,FALSE,FALSE,FALSE,FALSE,FALSE,FALSE,71557d1c8bac9bbe3cbec8d00bb223a2f372279827064095447e569fbf5a760a,71557d1c8bac9bbe3cbec8d00bb223a2f372279827064095447e569fbf5a760a,FALSE
baseline,3,1,FALSE,pair_less,typed_double,1,1000000,605,0.243,0.243,1c8e3c0969ca721d10f0cff30d1542de0795d4b1afd81dbeab684b22fd53e2e5,7f1c1a27229f7a699fa85ff90b5be1266497c462407b39b11f6d94015af8e8ad,d3066ce6e3c19763df09d2ef9185666a6f96f99e57743c9f8038e3cb90e15c4f,FALSE,FALSE,FALSE,FALSE,FALSE,FALSE,FALSE,FALSE,e8c2c3714dfad8ccb787de83956aff6eadd8f5bf3b515e0083ff8aeca241ab2d,e8c2c3714dfad8ccb787de83956aff6eadd8f5bf3b515e0083ff8aeca241ab2d,TRUE
baseline,3,1,FALSE,pair_less,ordinary,2,1000000,417,0.318,0.318,1c8e3c0969ca721d10f0cff30d1542de0795d4b1afd81dbeab684b22fd53e2e5,7f1c1a27229f7a699fa85ff90b5be1266497c462407b39b11f6d94015af8e8ad,d3066ce6e3c19763df09d2ef9185666a6f96f99e57743c9f8038e3cb90e15c4f,FALSE,FALSE,FALSE,FALSE,FALSE,FALSE,FALSE,FALSE,71557d1c8bac9bbe3cbec8d00bb223a2f372279827064095447e569fbf5a760a,71557d1c8bac9bbe3cbec8d00bb223a2f372279827064095447e569fbf5a760a,FALSE
baseline,3,1,FALSE,pair_less,compact,3,1000000,1876,0.33,0.33,1c8e3c0969ca721d10f0cff30d1542de0795d4b1afd81dbeab684b22fd53e2e5,7f1c1a27229f7a699fa85ff90b5be1266497c462407b39b11f6d94015af8e8ad,d3066ce6e3c19763df09d2ef9185666a6f96f99e57743c9f8038e3cb90e15c4f,TRUE,TRUE,FALSE,FALSE,TRUE,TRUE,FALSE,FALSE,0418a77b7087897a0ead6e10b9da2953bfee2ad9da1470ca98b7664e364a3024,0418a77b7087897a0ead6e10b9da2953bfee2ad9da1470ca98b7664e364a3024,TRUE
baseline,3,1,FALSE,scalar_less,ordinary,1,1000000,432,0.305,0.305,888be2318f047338553582f6247bd3d4f93d26181da856e938a6787f24c386c8,7f1c1a27229f7a699fa85ff90b5be1266497c462407b39b11f6d94015af8e8ad,d3066ce6e3c19763df09d2ef9185666a6f96f99e57743c9f8038e3cb90e15c4f,FALSE,FALSE,FALSE,FALSE,FALSE,FALSE,FALSE,FALSE,71557d1c8bac9bbe3cbec8d00bb223a2f372279827064095447e569fbf5a760a,71557d1c8bac9bbe3cbec8d00bb223a2f372279827064095447e569fbf5a760a,FALSE
baseline,3,1,FALSE,scalar_less,compact,2,1000000,987,0.275,0.275,888be2318f047338553582f6247bd3d4f93d26181da856e938a6787f24c386c8,7f1c1a27229f7a699fa85ff90b5be1266497c462407b39b11f6d94015af8e8ad,d3066ce6e3c19763df09d2ef9185666a6f96f99e57743c9f8038e3cb90e15c4f,TRUE,TRUE,FALSE,FALSE,TRUE,TRUE,FALSE,FALSE,0418a77b7087897a0ead6e10b9da2953bfee2ad9da1470ca98b7664e364a3024,0418a77b7087897a0ead6e10b9da2953bfee2ad9da1470ca98b7664e364a3024,TRUE
baseline,3,1,FALSE,scalar_less,typed_double,3,1000000,1097,0.292,0.293,888be2318f047338553582f6247bd3d4f93d26181da856e938a6787f24c386c8,7f1c1a27229f7a699fa85ff90b5be1266497c462407b39b11f6d94015af8e8ad,d3066ce6e3c19763df09d2ef9185666a6f96f99e57743c9f8038e3cb90e15c4f,FALSE,FALSE,FALSE,FALSE,FALSE,FALSE,FALSE,FALSE,e8c2c3714dfad8ccb787de83956aff6eadd8f5bf3b515e0083ff8aeca241ab2d,e8c2c3714dfad8ccb787de83956aff6eadd8f5bf3b515e0083ff8aeca241ab2d,TRUE
baseline,3,1,FALSE,pair_equal,compact,1,1000000,1894,0.332,0.331,3373ec4fcf7f1a2c881385b92a07903da1240202fab5b88ee5d7c2603b3b0428,7f1c1a27229f7a699fa85ff90b5be1266497c462407b39b11f6d94015af8e8ad,d3066ce6e3c19763df09d2ef9185666a6f96f99e57743c9f8038e3cb90e15c4f,TRUE,TRUE,FALSE,FALSE,TRUE,TRUE,FALSE,FALSE,0418a77b7087897a0ead6e10b9da2953bfee2ad9da1470ca98b7664e364a3024,0418a77b7087897a0ead6e10b9da2953bfee2ad9da1470ca98b7664e364a3024,TRUE
baseline,3,1,FALSE,pair_equal,typed_double,2,1000000,816,0.316,0.315,3373ec4fcf7f1a2c881385b92a07903da1240202fab5b88ee5d7c2603b3b0428,7f1c1a27229f7a699fa85ff90b5be1266497c462407b39b11f6d94015af8e8ad,d3066ce6e3c19763df09d2ef9185666a6f96f99e57743c9f8038e3cb90e15c4f,FALSE,FALSE,FALSE,FALSE,FALSE,FALSE,FALSE,FALSE,e8c2c3714dfad8ccb787de83956aff6eadd8f5bf3b515e0083ff8aeca241ab2d,e8c2c3714dfad8ccb787de83956aff6eadd8f5bf3b515e0083ff8aeca241ab2d,TRUE
baseline,3,1,FALSE,pair_equal,ordinary,3,1000000,427,0.306,0.307,3373ec4fcf7f1a2c881385b92a07903da1240202fab5b88ee5d7c2603b3b0428,7f1c1a27229f7a699fa85ff90b5be1266497c462407b39b11f6d94015af8e8ad,d3066ce6e3c19763df09d2ef9185666a6f96f99e57743c9f8038e3cb90e15c4f,FALSE,FALSE,FALSE,FALSE,FALSE,FALSE,FALSE,FALSE,71557d1c8bac9bbe3cbec8d00bb223a2f372279827064095447e569fbf5a760a,71557d1c8bac9bbe3cbec8d00bb223a2f372279827064095447e569fbf5a760a,FALSE
baseline,3,1,TRUE,pair_less,typed_double,1,1000000,739,0.316,0.316,4eb038232aaffe99ba822841a72a1be288b698a16ba15b4e5aef22c587ee61d8,8cb390f4310bb5332e9085281aa52e5236aecd65b982d0e3a7e9174fe845527e,7d3712fb7ae81b29d8c28e354721b4a737f0e878202e5105ef9df6a672d5e6e4,FALSE,FALSE,FALSE,FALSE,FALSE,FALSE,FALSE,FALSE,e8c2c3714dfad8ccb787de83956aff6eadd8f5bf3b515e0083ff8aeca241ab2d,e8c2c3714dfad8ccb787de83956aff6eadd8f5bf3b515e0083ff8aeca241ab2d,TRUE
baseline,3,1,TRUE,pair_less,ordinary,2,1000000,427,0.302,0.302,dfddb9b2b91b422bcc693ca8234e4127d5ce2bf2fcabb02271713137399f3960,8cb390f4310bb5332e9085281aa52e5236aecd65b982d0e3a7e9174fe845527e,7d3712fb7ae81b29d8c28e354721b4a737f0e878202e5105ef9df6a672d5e6e4,FALSE,FALSE,FALSE,FALSE,FALSE,FALSE,FALSE,FALSE,71557d1c8bac9bbe3cbec8d00bb223a2f372279827064095447e569fbf5a760a,71557d1c8bac9bbe3cbec8d00bb223a2f372279827064095447e569fbf5a760a,FALSE
baseline,3,1,TRUE,pair_less,compact,3,1000000,1410,0.3,0.299,4eb038232aaffe99ba822841a72a1be288b698a16ba15b4e5aef22c587ee61d8,8cb390f4310bb5332e9085281aa52e5236aecd65b982d0e3a7e9174fe845527e,7d3712fb7ae81b29d8c28e354721b4a737f0e878202e5105ef9df6a672d5e6e4,TRUE,TRUE,FALSE,FALSE,TRUE,TRUE,FALSE,FALSE,0418a77b7087897a0ead6e10b9da2953bfee2ad9da1470ca98b7664e364a3024,0418a77b7087897a0ead6e10b9da2953bfee2ad9da1470ca98b7664e364a3024,TRUE
baseline,3,1,TRUE,scalar_less,ordinary,1,1000000,432,0.303999999999999,0.302999999999999,27468a48d9fd9dc5ba71891904e48c03e2dfcbdc043990f010981b4c4efbdb56,8cb390f4310bb5332e9085281aa52e5236aecd65b982d0e3a7e9174fe845527e,7d3712fb7ae81b29d8c28e354721b4a737f0e878202e5105ef9df6a672d5e6e4,FALSE,FALSE,FALSE,FALSE,FALSE,FALSE,FALSE,FALSE,71557d1c8bac9bbe3cbec8d00bb223a2f372279827064095447e569fbf5a760a,71557d1c8bac9bbe3cbec8d00bb223a2f372279827064095447e569fbf5a760a,FALSE
baseline,3,1,TRUE,scalar_less,compact,2,1000000,993,0.275,0.275,c0fc146f23f813aa8e80aebc4d9d7ac256ddd10f85b65c17173f37c3fe760d8b,8cb390f4310bb5332e9085281aa52e5236aecd65b982d0e3a7e9174fe845527e,7d3712fb7ae81b29d8c28e354721b4a737f0e878202e5105ef9df6a672d5e6e4,TRUE,TRUE,FALSE,FALSE,TRUE,TRUE,FALSE,FALSE,0418a77b7087897a0ead6e10b9da2953bfee2ad9da1470ca98b7664e364a3024,0418a77b7087897a0ead6e10b9da2953bfee2ad9da1470ca98b7664e364a3024,TRUE
baseline,3,1,TRUE,scalar_less,typed_double,3,1000000,1060,0.299,0.299,c0fc146f23f813aa8e80aebc4d9d7ac256ddd10f85b65c17173f37c3fe760d8b,8cb390f4310bb5332e9085281aa52e5236aecd65b982d0e3a7e9174fe845527e,7d3712fb7ae81b29d8c28e354721b4a737f0e878202e5105ef9df6a672d5e6e4,FALSE,FALSE,FALSE,FALSE,FALSE,FALSE,FALSE,FALSE,e8c2c3714dfad8ccb787de83956aff6eadd8f5bf3b515e0083ff8aeca241ab2d,e8c2c3714dfad8ccb787de83956aff6eadd8f5bf3b515e0083ff8aeca241ab2d,TRUE
baseline,3,1,TRUE,pair_equal,compact,1,1000000,1251,0.266,0.267000000000001,3373ec4fcf7f1a2c881385b92a07903da1240202fab5b88ee5d7c2603b3b0428,8cb390f4310bb5332e9085281aa52e5236aecd65b982d0e3a7e9174fe845527e,7d3712fb7ae81b29d8c28e354721b4a737f0e878202e5105ef9df6a672d5e6e4,TRUE,TRUE,FALSE,FALSE,TRUE,TRUE,FALSE,FALSE,0418a77b7087897a0ead6e10b9da2953bfee2ad9da1470ca98b7664e364a3024,0418a77b7087897a0ead6e10b9da2953bfee2ad9da1470ca98b7664e364a3024,TRUE
baseline,3,1,TRUE,pair_equal,typed_double,2,1000000,736,0.3,0.299000000000001,3373ec4fcf7f1a2c881385b92a07903da1240202fab5b88ee5d7c2603b3b0428,8cb390f4310bb5332e9085281aa52e5236aecd65b982d0e3a7e9174fe845527e,7d3712fb7ae81b29d8c28e354721b4a737f0e878202e5105ef9df6a672d5e6e4,FALSE,FALSE,FALSE,FALSE,FALSE,FALSE,FALSE,FALSE,e8c2c3714dfad8ccb787de83956aff6eadd8f5bf3b515e0083ff8aeca241ab2d,e8c2c3714dfad8ccb787de83956aff6eadd8f5bf3b515e0083ff8aeca241ab2d,TRUE
baseline,3,1,TRUE,pair_equal,ordinary,3,1000000,422,0.299,0.299,c23d64adae593f70407e6f7f1b56406f1d112f7287b7f688c1c2e14458d73483,8cb390f4310bb5332e9085281aa52e5236aecd65b982d0e3a7e9174fe845527e,7d3712fb7ae81b29d8c28e354721b4a737f0e878202e5105ef9df6a672d5e6e4,FALSE,FALSE,FALSE,FALSE,FALSE,FALSE,FALSE,FALSE,71557d1c8bac9bbe3cbec8d00bb223a2f372279827064095447e569fbf5a760a,71557d1c8bac9bbe3cbec8d00bb223a2f372279827064095447e569fbf5a760a,FALSE
baseline,3,0,FALSE,pair_less,typed_double,1,1000000,826,0.316999999999999,0.315999999999999,1c8e3c0969ca721d10f0cff30d1542de0795d4b1afd81dbeab684b22fd53e2e5,7f1c1a27229f7a699fa85ff90b5be1266497c462407b39b11f6d94015af8e8ad,d3066ce6e3c19763df09d2ef9185666a6f96f99e57743c9f8038e3cb90e15c4f,FALSE,FALSE,FALSE,FALSE,FALSE,FALSE,FALSE,FALSE,e8c2c3714dfad8ccb787de83956aff6eadd8f5bf3b515e0083ff8aeca241ab2d,e8c2c3714dfad8ccb787de83956aff6eadd8f5bf3b515e0083ff8aeca241ab2d,TRUE
baseline,3,0,FALSE,pair_less,ordinary,2,1000000,427,0.303,0.302999999999999,1c8e3c0969ca721d10f0cff30d1542de0795d4b1afd81dbeab684b22fd53e2e5,7f1c1a27229f7a699fa85ff90b5be1266497c462407b39b11f6d94015af8e8ad,d3066ce6e3c19763df09d2ef9185666a6f96f99e57743c9f8038e3cb90e15c4f,FALSE,FALSE,FALSE,FALSE,FALSE,FALSE,FALSE,FALSE,71557d1c8bac9bbe3cbec8d00bb223a2f372279827064095447e569fbf5a760a,71557d1c8bac9bbe3cbec8d00bb223a2f372279827064095447e569fbf5a760a,FALSE
baseline,3,0,FALSE,pair_less,compact,3,1000000,1875,0.299,0.299,1c8e3c0969ca721d10f0cff30d1542de0795d4b1afd81dbeab684b22fd53e2e5,7f1c1a27229f7a699fa85ff90b5be1266497c462407b39b11f6d94015af8e8ad,d3066ce6e3c19763df09d2ef9185666a6f96f99e57743c9f8038e3cb90e15c4f,TRUE,TRUE,FALSE,FALSE,TRUE,TRUE,FALSE,FALSE,0418a77b7087897a0ead6e10b9da2953bfee2ad9da1470ca98b7664e364a3024,0418a77b7087897a0ead6e10b9da2953bfee2ad9da1470ca98b7664e364a3024,TRUE
baseline,3,0,FALSE,scalar_less,ordinary,1,1000000,432,0.302,0.303000000000001,888be2318f047338553582f6247bd3d4f93d26181da856e938a6787f24c386c8,7f1c1a27229f7a699fa85ff90b5be1266497c462407b39b11f6d94015af8e8ad,d3066ce6e3c19763df09d2ef9185666a6f96f99e57743c9f8038e3cb90e15c4f,FALSE,FALSE,FALSE,FALSE,FALSE,FALSE,FALSE,FALSE,71557d1c8bac9bbe3cbec8d00bb223a2f372279827064095447e569fbf5a760a,71557d1c8bac9bbe3cbec8d00bb223a2f372279827064095447e569fbf5a760a,FALSE
baseline,3,0,FALSE,scalar_less,compact,2,1000000,1078,0.296999999999999,0.298,888be2318f047338553582f6247bd3d4f93d26181da856e938a6787f24c386c8,7f1c1a27229f7a699fa85ff90b5be1266497c462407b39b11f6d94015af8e8ad,d3066ce6e3c19763df09d2ef9185666a6f96f99e57743c9f8038e3cb90e15c4f,TRUE,TRUE,FALSE,FALSE,TRUE,TRUE,FALSE,FALSE,0418a77b7087897a0ead6e10b9da2953bfee2ad9da1470ca98b7664e364a3024,0418a77b7087897a0ead6e10b9da2953bfee2ad9da1470ca98b7664e364a3024,TRUE
baseline,3,0,FALSE,scalar_less,typed_double,3,1000000,1226,0.318000000000001,0.318999999999999,888be2318f047338553582f6247bd3d4f93d26181da856e938a6787f24c386c8,7f1c1a27229f7a699fa85ff90b5be1266497c462407b39b11f6d94015af8e8ad,d3066ce6e3c19763df09d2ef9185666a6f96f99e57743c9f8038e3cb90e15c4f,FALSE,FALSE,FALSE,FALSE,FALSE,FALSE,FALSE,FALSE,e8c2c3714dfad8ccb787de83956aff6eadd8f5bf3b515e0083ff8aeca241ab2d,e8c2c3714dfad8ccb787de83956aff6eadd8f5bf3b515e0083ff8aeca241ab2d,TRUE
baseline,3,0,FALSE,pair_equal,compact,1,1000000,1857,0.295999999999998,0.296999999999999,3373ec4fcf7f1a2c881385b92a07903da1240202fab5b88ee5d7c2603b3b0428,7f1c1a27229f7a699fa85ff90b5be1266497c462407b39b11f6d94015af8e8ad,d3066ce6e3c19763df09d2ef9185666a6f96f99e57743c9f8038e3cb90e15c4f,TRUE,TRUE,FALSE,FALSE,TRUE,TRUE,FALSE,FALSE,0418a77b7087897a0ead6e10b9da2953bfee2ad9da1470ca98b7664e364a3024,0418a77b7087897a0ead6e10b9da2953bfee2ad9da1470ca98b7664e364a3024,TRUE
baseline,3,0,FALSE,pair_equal,typed_double,2,1000000,830,0.316999999999999,0.316000000000003,3373ec4fcf7f1a2c881385b92a07903da1240202fab5b88ee5d7c2603b3b0428,7f1c1a27229f7a699fa85ff90b5be1266497c462407b39b11f6d94015af8e8ad,d3066ce6e3c19763df09d2ef9185666a6f96f99e57743c9f8038e3cb90e15c4f,FALSE,FALSE,FALSE,FALSE,FALSE,FALSE,FALSE,FALSE,e8c2c3714dfad8ccb787de83956aff6eadd8f5bf3b515e0083ff8aeca241ab2d,e8c2c3714dfad8ccb787de83956aff6eadd8f5bf3b515e0083ff8aeca241ab2d,TRUE
baseline,3,0,FALSE,pair_equal,ordinary,3,1000000,422,0.297999999999998,0.299,3373ec4fcf7f1a2c881385b92a07903da1240202fab5b88ee5d7c2603b3b0428,7f1c1a27229f7a699fa85ff90b5be1266497c462407b39b11f6d94015af8e8ad,d3066ce6e3c19763df09d2ef9185666a6f96f99e57743c9f8038e3cb90e15c4f,FALSE,FALSE,FALSE,FALSE,FALSE,FALSE,FALSE,FALSE,71557d1c8bac9bbe3cbec8d00bb223a2f372279827064095447e569fbf5a760a,71557d1c8bac9bbe3cbec8d00bb223a2f372279827064095447e569fbf5a760a,FALSE
baseline,3,0,TRUE,pair_less,typed_double,1,1000000,750,0.303000000000001,0.304000000000002,4eb038232aaffe99ba822841a72a1be288b698a16ba15b4e5aef22c587ee61d8,8cb390f4310bb5332e9085281aa52e5236aecd65b982d0e3a7e9174fe845527e,7d3712fb7ae81b29d8c28e354721b4a737f0e878202e5105ef9df6a672d5e6e4,FALSE,FALSE,FALSE,FALSE,FALSE,FALSE,FALSE,FALSE,e8c2c3714dfad8ccb787de83956aff6eadd8f5bf3b515e0083ff8aeca241ab2d,e8c2c3714dfad8ccb787de83956aff6eadd8f5bf3b515e0083ff8aeca241ab2d,TRUE
baseline,3,0,TRUE,pair_less,ordinary,2,1000000,427,0.303,0.303000000000001,dfddb9b2b91b422bcc693ca8234e4127d5ce2bf2fcabb02271713137399f3960,8cb390f4310bb5332e9085281aa52e5236aecd65b982d0e3a7e9174fe845527e,7d3712fb7ae81b29d8c28e354721b4a737f0e878202e5105ef9df6a672d5e6e4,FALSE,FALSE,FALSE,FALSE,FALSE,FALSE,FALSE,FALSE,71557d1c8bac9bbe3cbec8d00bb223a2f372279827064095447e569fbf5a760a,71557d1c8bac9bbe3cbec8d00bb223a2f372279827064095447e569fbf5a760a,FALSE
baseline,3,0,TRUE,pair_less,compact,3,1000000,1267,0.271,0.27,4eb038232aaffe99ba822841a72a1be288b698a16ba15b4e5aef22c587ee61d8,8cb390f4310bb5332e9085281aa52e5236aecd65b982d0e3a7e9174fe845527e,7d3712fb7ae81b29d8c28e354721b4a737f0e878202e5105ef9df6a672d5e6e4,TRUE,TRUE,FALSE,FALSE,TRUE,TRUE,FALSE,FALSE,0418a77b7087897a0ead6e10b9da2953bfee2ad9da1470ca98b7664e364a3024,0418a77b7087897a0ead6e10b9da2953bfee2ad9da1470ca98b7664e364a3024,TRUE
baseline,3,0,TRUE,scalar_less,ordinary,1,1000000,432,0.312,0.311000000000003,27468a48d9fd9dc5ba71891904e48c03e2dfcbdc043990f010981b4c4efbdb56,8cb390f4310bb5332e9085281aa52e5236aecd65b982d0e3a7e9174fe845527e,7d3712fb7ae81b29d8c28e354721b4a737f0e878202e5105ef9df6a672d5e6e4,FALSE,FALSE,FALSE,FALSE,FALSE,FALSE,FALSE,FALSE,71557d1c8bac9bbe3cbec8d00bb223a2f372279827064095447e569fbf5a760a,71557d1c8bac9bbe3cbec8d00bb223a2f372279827064095447e569fbf5a760a,FALSE
baseline,3,0,TRUE,scalar_less,compact,2,1000000,1084,0.315,0.314999999999998,c0fc146f23f813aa8e80aebc4d9d7ac256ddd10f85b65c17173f37c3fe760d8b,8cb390f4310bb5332e9085281aa52e5236aecd65b982d0e3a7e9174fe845527e,7d3712fb7ae81b29d8c28e354721b4a737f0e878202e5105ef9df6a672d5e6e4,TRUE,TRUE,FALSE,FALSE,TRUE,TRUE,FALSE,FALSE,0418a77b7087897a0ead6e10b9da2953bfee2ad9da1470ca98b7664e364a3024,0418a77b7087897a0ead6e10b9da2953bfee2ad9da1470ca98b7664e364a3024,TRUE
baseline,3,0,TRUE,scalar_less,typed_double,3,1000000,1060,0.302000000000003,0.303000000000001,c0fc146f23f813aa8e80aebc4d9d7ac256ddd10f85b65c17173f37c3fe760d8b,8cb390f4310bb5332e9085281aa52e5236aecd65b982d0e3a7e9174fe845527e,7d3712fb7ae81b29d8c28e354721b4a737f0e878202e5105ef9df6a672d5e6e4,FALSE,FALSE,FALSE,FALSE,FALSE,FALSE,FALSE,FALSE,e8c2c3714dfad8ccb787de83956aff6eadd8f5bf3b515e0083ff8aeca241ab2d,e8c2c3714dfad8ccb787de83956aff6eadd8f5bf3b515e0083ff8aeca241ab2d,TRUE
baseline,3,0,TRUE,pair_equal,compact,1,1000000,1410,0.299,0.300000000000001,3373ec4fcf7f1a2c881385b92a07903da1240202fab5b88ee5d7c2603b3b0428,8cb390f4310bb5332e9085281aa52e5236aecd65b982d0e3a7e9174fe845527e,7d3712fb7ae81b29d8c28e354721b4a737f0e878202e5105ef9df6a672d5e6e4,TRUE,TRUE,FALSE,FALSE,TRUE,TRUE,FALSE,FALSE,0418a77b7087897a0ead6e10b9da2953bfee2ad9da1470ca98b7664e364a3024,0418a77b7087897a0ead6e10b9da2953bfee2ad9da1470ca98b7664e364a3024,TRUE
baseline,3,0,TRUE,pair_equal,typed_double,2,1000000,736,0.313000000000002,0.314,3373ec4fcf7f1a2c881385b92a07903da1240202fab5b88ee5d7c2603b3b0428,8cb390f4310bb5332e9085281aa52e5236aecd65b982d0e3a7e9174fe845527e,7d3712fb7ae81b29d8c28e354721b4a737f0e878202e5105ef9df6a672d5e6e4,FALSE,FALSE,FALSE,FALSE,FALSE,FALSE,FALSE,FALSE,e8c2c3714dfad8ccb787de83956aff6eadd8f5bf3b515e0083ff8aeca241ab2d,e8c2c3714dfad8ccb787de83956aff6eadd8f5bf3b515e0083ff8aeca241ab2d,TRUE
baseline,3,0,TRUE,pair_equal,ordinary,3,1000000,427,0.303000000000003,0.302,c23d64adae593f70407e6f7f1b56406f1d112f7287b7f688c1c2e14458d73483,8cb390f4310bb5332e9085281aa52e5236aecd65b982d0e3a7e9174fe845527e,7d3712fb7ae81b29d8c28e354721b4a737f0e878202e5105ef9df6a672d5e6e4,FALSE,FALSE,FALSE,FALSE,FALSE,FALSE,FALSE,FALSE,71557d1c8bac9bbe3cbec8d00bb223a2f372279827064095447e569fbf5a760a,71557d1c8bac9bbe3cbec8d00bb223a2f372279827064095447e569fbf5a760a,FALSE
candidate,3,1,FALSE,pair_less,typed_double,1,1000000,722,0.23,0.23,1c8e3c0969ca721d10f0cff30d1542de0795d4b1afd81dbeab684b22fd53e2e5,7f1c1a27229f7a699fa85ff90b5be1266497c462407b39b11f6d94015af8e8ad,d3066ce6e3c19763df09d2ef9185666a6f96f99e57743c9f8038e3cb90e15c4f,FALSE,FALSE,FALSE,FALSE,FALSE,FALSE,FALSE,FALSE,e8c2c3714dfad8ccb787de83956aff6eadd8f5bf3b515e0083ff8aeca241ab2d,e8c2c3714dfad8ccb787de83956aff6eadd8f5bf3b515e0083ff8aeca241ab2d,TRUE
candidate,3,1,FALSE,pair_less,ordinary,2,1000000,417,0.317,0.316,1c8e3c0969ca721d10f0cff30d1542de0795d4b1afd81dbeab684b22fd53e2e5,7f1c1a27229f7a699fa85ff90b5be1266497c462407b39b11f6d94015af8e8ad,d3066ce6e3c19763df09d2ef9185666a6f96f99e57743c9f8038e3cb90e15c4f,FALSE,FALSE,FALSE,FALSE,FALSE,FALSE,FALSE,FALSE,71557d1c8bac9bbe3cbec8d00bb223a2f372279827064095447e569fbf5a760a,71557d1c8bac9bbe3cbec8d00bb223a2f372279827064095447e569fbf5a760a,FALSE
candidate,3,1,FALSE,pair_less,compact,3,1000000,1876,0.332,0.333,1c8e3c0969ca721d10f0cff30d1542de0795d4b1afd81dbeab684b22fd53e2e5,7f1c1a27229f7a699fa85ff90b5be1266497c462407b39b11f6d94015af8e8ad,d3066ce6e3c19763df09d2ef9185666a6f96f99e57743c9f8038e3cb90e15c4f,TRUE,TRUE,FALSE,FALSE,TRUE,TRUE,FALSE,FALSE,0418a77b7087897a0ead6e10b9da2953bfee2ad9da1470ca98b7664e364a3024,0418a77b7087897a0ead6e10b9da2953bfee2ad9da1470ca98b7664e364a3024,TRUE
candidate,3,1,FALSE,scalar_less,ordinary,1,1000000,427,0.308,0.308,888be2318f047338553582f6247bd3d4f93d26181da856e938a6787f24c386c8,7f1c1a27229f7a699fa85ff90b5be1266497c462407b39b11f6d94015af8e8ad,d3066ce6e3c19763df09d2ef9185666a6f96f99e57743c9f8038e3cb90e15c4f,FALSE,FALSE,FALSE,FALSE,FALSE,FALSE,FALSE,FALSE,71557d1c8bac9bbe3cbec8d00bb223a2f372279827064095447e569fbf5a760a,71557d1c8bac9bbe3cbec8d00bb223a2f372279827064095447e569fbf5a760a,FALSE
candidate,3,1,FALSE,scalar_less,compact,2,1000000,1072,0.317,0.318,888be2318f047338553582f6247bd3d4f93d26181da856e938a6787f24c386c8,7f1c1a27229f7a699fa85ff90b5be1266497c462407b39b11f6d94015af8e8ad,d3066ce6e3c19763df09d2ef9185666a6f96f99e57743c9f8038e3cb90e15c4f,TRUE,TRUE,FALSE,FALSE,TRUE,TRUE,FALSE,FALSE,0418a77b7087897a0ead6e10b9da2953bfee2ad9da1470ca98b7664e364a3024,0418a77b7087897a0ead6e10b9da2953bfee2ad9da1470ca98b7664e364a3024,TRUE
candidate,3,1,FALSE,scalar_less,typed_double,3,1000000,1091,0.277,0.278,888be2318f047338553582f6247bd3d4f93d26181da856e938a6787f24c386c8,7f1c1a27229f7a699fa85ff90b5be1266497c462407b39b11f6d94015af8e8ad,d3066ce6e3c19763df09d2ef9185666a6f96f99e57743c9f8038e3cb90e15c4f,FALSE,FALSE,FALSE,FALSE,FALSE,FALSE,FALSE,FALSE,e8c2c3714dfad8ccb787de83956aff6eadd8f5bf3b515e0083ff8aeca241ab2d,e8c2c3714dfad8ccb787de83956aff6eadd8f5bf3b515e0083ff8aeca241ab2d,TRUE
candidate,3,1,FALSE,pair_equal,compact,1,1000000,1631,0.277,0.277,3373ec4fcf7f1a2c881385b92a07903da1240202fab5b88ee5d7c2603b3b0428,7f1c1a27229f7a699fa85ff90b5be1266497c462407b39b11f6d94015af8e8ad,d3066ce6e3c19763df09d2ef9185666a6f96f99e57743c9f8038e3cb90e15c4f,TRUE,TRUE,FALSE,FALSE,TRUE,TRUE,FALSE,FALSE,0418a77b7087897a0ead6e10b9da2953bfee2ad9da1470ca98b7664e364a3024,0418a77b7087897a0ead6e10b9da2953bfee2ad9da1470ca98b7664e364a3024,TRUE
candidate,3,1,FALSE,pair_equal,typed_double,2,1000000,1036,0.315,0.315,3373ec4fcf7f1a2c881385b92a07903da1240202fab5b88ee5d7c2603b3b0428,7f1c1a27229f7a699fa85ff90b5be1266497c462407b39b11f6d94015af8e8ad,d3066ce6e3c19763df09d2ef9185666a6f96f99e57743c9f8038e3cb90e15c4f,FALSE,FALSE,FALSE,FALSE,FALSE,FALSE,FALSE,FALSE,e8c2c3714dfad8ccb787de83956aff6eadd8f5bf3b515e0083ff8aeca241ab2d,e8c2c3714dfad8ccb787de83956aff6eadd8f5bf3b515e0083ff8aeca241ab2d,TRUE
candidate,3,1,FALSE,pair_equal,ordinary,3,1000000,417,0.314,0.313000000000001,3373ec4fcf7f1a2c881385b92a07903da1240202fab5b88ee5d7c2603b3b0428,7f1c1a27229f7a699fa85ff90b5be1266497c462407b39b11f6d94015af8e8ad,d3066ce6e3c19763df09d2ef9185666a6f96f99e57743c9f8038e3cb90e15c4f,FALSE,FALSE,FALSE,FALSE,FALSE,FALSE,FALSE,FALSE,71557d1c8bac9bbe3cbec8d00bb223a2f372279827064095447e569fbf5a760a,71557d1c8bac9bbe3cbec8d00bb223a2f372279827064095447e569fbf5a760a,FALSE
candidate,3,1,TRUE,pair_less,typed_double,1,1000000,769,0.302,0.301,4eb038232aaffe99ba822841a72a1be288b698a16ba15b4e5aef22c587ee61d8,8cb390f4310bb5332e9085281aa52e5236aecd65b982d0e3a7e9174fe845527e,7d3712fb7ae81b29d8c28e354721b4a737f0e878202e5105ef9df6a672d5e6e4,FALSE,FALSE,FALSE,FALSE,FALSE,FALSE,FALSE,FALSE,e8c2c3714dfad8ccb787de83956aff6eadd8f5bf3b515e0083ff8aeca241ab2d,e8c2c3714dfad8ccb787de83956aff6eadd8f5bf3b515e0083ff8aeca241ab2d,TRUE
candidate,3,1,TRUE,pair_less,ordinary,2,1000000,427,0.301,0.302,dfddb9b2b91b422bcc693ca8234e4127d5ce2bf2fcabb02271713137399f3960,8cb390f4310bb5332e9085281aa52e5236aecd65b982d0e3a7e9174fe845527e,7d3712fb7ae81b29d8c28e354721b4a737f0e878202e5105ef9df6a672d5e6e4,FALSE,FALSE,FALSE,FALSE,FALSE,FALSE,FALSE,FALSE,71557d1c8bac9bbe3cbec8d00bb223a2f372279827064095447e569fbf5a760a,71557d1c8bac9bbe3cbec8d00bb223a2f372279827064095447e569fbf5a760a,FALSE
candidate,3,1,TRUE,pair_less,compact,3,1000000,1250,0.265000000000001,0.266,4eb038232aaffe99ba822841a72a1be288b698a16ba15b4e5aef22c587ee61d8,8cb390f4310bb5332e9085281aa52e5236aecd65b982d0e3a7e9174fe845527e,7d3712fb7ae81b29d8c28e354721b4a737f0e878202e5105ef9df6a672d5e6e4,TRUE,TRUE,FALSE,FALSE,TRUE,TRUE,FALSE,FALSE,0418a77b7087897a0ead6e10b9da2953bfee2ad9da1470ca98b7664e364a3024,0418a77b7087897a0ead6e10b9da2953bfee2ad9da1470ca98b7664e364a3024,TRUE
candidate,3,1,TRUE,scalar_less,ordinary,1,1000000,413,0.294000000000001,0.293999999999999,27468a48d9fd9dc5ba71891904e48c03e2dfcbdc043990f010981b4c4efbdb56,8cb390f4310bb5332e9085281aa52e5236aecd65b982d0e3a7e9174fe845527e,7d3712fb7ae81b29d8c28e354721b4a737f0e878202e5105ef9df6a672d5e6e4,FALSE,FALSE,FALSE,FALSE,FALSE,FALSE,FALSE,FALSE,71557d1c8bac9bbe3cbec8d00bb223a2f372279827064095447e569fbf5a760a,71557d1c8bac9bbe3cbec8d00bb223a2f372279827064095447e569fbf5a760a,FALSE
candidate,3,1,TRUE,scalar_less,compact,2,1000000,1084,0.309,0.308,c0fc146f23f813aa8e80aebc4d9d7ac256ddd10f85b65c17173f37c3fe760d8b,8cb390f4310bb5332e9085281aa52e5236aecd65b982d0e3a7e9174fe845527e,7d3712fb7ae81b29d8c28e354721b4a737f0e878202e5105ef9df6a672d5e6e4,TRUE,TRUE,FALSE,FALSE,TRUE,TRUE,FALSE,FALSE,0418a77b7087897a0ead6e10b9da2953bfee2ad9da1470ca98b7664e364a3024,0418a77b7087897a0ead6e10b9da2953bfee2ad9da1470ca98b7664e364a3024,TRUE
candidate,3,1,TRUE,scalar_less,typed_double,3,1000000,1066,0.299999999999999,0.300000000000001,c0fc146f23f813aa8e80aebc4d9d7ac256ddd10f85b65c17173f37c3fe760d8b,8cb390f4310bb5332e9085281aa52e5236aecd65b982d0e3a7e9174fe845527e,7d3712fb7ae81b29d8c28e354721b4a737f0e878202e5105ef9df6a672d5e6e4,FALSE,FALSE,FALSE,FALSE,FALSE,FALSE,FALSE,FALSE,e8c2c3714dfad8ccb787de83956aff6eadd8f5bf3b515e0083ff8aeca241ab2d,e8c2c3714dfad8ccb787de83956aff6eadd8f5bf3b515e0083ff8aeca241ab2d,TRUE
candidate,3,1,TRUE,pair_equal,compact,1,1000000,1410,0.316000000000001,0.317,3373ec4fcf7f1a2c881385b92a07903da1240202fab5b88ee5d7c2603b3b0428,8cb390f4310bb5332e9085281aa52e5236aecd65b982d0e3a7e9174fe845527e,7d3712fb7ae81b29d8c28e354721b4a737f0e878202e5105ef9df6a672d5e6e4,TRUE,TRUE,FALSE,FALSE,TRUE,TRUE,FALSE,FALSE,0418a77b7087897a0ead6e10b9da2953bfee2ad9da1470ca98b7664e364a3024,0418a77b7087897a0ead6e10b9da2953bfee2ad9da1470ca98b7664e364a3024,TRUE
candidate,3,1,TRUE,pair_equal,typed_double,2,1000000,750,0.3,0.299000000000001,3373ec4fcf7f1a2c881385b92a07903da1240202fab5b88ee5d7c2603b3b0428,8cb390f4310bb5332e9085281aa52e5236aecd65b982d0e3a7e9174fe845527e,7d3712fb7ae81b29d8c28e354721b4a737f0e878202e5105ef9df6a672d5e6e4,FALSE,FALSE,FALSE,FALSE,FALSE,FALSE,FALSE,FALSE,e8c2c3714dfad8ccb787de83956aff6eadd8f5bf3b515e0083ff8aeca241ab2d,e8c2c3714dfad8ccb787de83956aff6eadd8f5bf3b515e0083ff8aeca241ab2d,TRUE
candidate,3,1,TRUE,pair_equal,ordinary,3,1000000,427,0.302,0.302,c23d64adae593f70407e6f7f1b56406f1d112f7287b7f688c1c2e14458d73483,8cb390f4310bb5332e9085281aa52e5236aecd65b982d0e3a7e9174fe845527e,7d3712fb7ae81b29d8c28e354721b4a737f0e878202e5105ef9df6a672d5e6e4,FALSE,FALSE,FALSE,FALSE,FALSE,FALSE,FALSE,FALSE,71557d1c8bac9bbe3cbec8d00bb223a2f372279827064095447e569fbf5a760a,71557d1c8bac9bbe3cbec8d00bb223a2f372279827064095447e569fbf5a760a,FALSE
candidate,3,0,FALSE,pair_less,typed_double,1,1000000,1048,0.298,0.299000000000001,1c8e3c0969ca721d10f0cff30d1542de0795d4b1afd81dbeab684b22fd53e2e5,7f1c1a27229f7a699fa85ff90b5be1266497c462407b39b11f6d94015af8e8ad,d3066ce6e3c19763df09d2ef9185666a6f96f99e57743c9f8038e3cb90e15c4f,FALSE,FALSE,FALSE,FALSE,FALSE,FALSE,FALSE,FALSE,e8c2c3714dfad8ccb787de83956aff6eadd8f5bf3b515e0083ff8aeca241ab2d,e8c2c3714dfad8ccb787de83956aff6eadd8f5bf3b515e0083ff8aeca241ab2d,TRUE
candidate,3,0,FALSE,pair_less,ordinary,2,1000000,361,0.254999999999999,0.256,1c8e3c0969ca721d10f0cff30d1542de0795d4b1afd81dbeab684b22fd53e2e5,7f1c1a27229f7a699fa85ff90b5be1266497c462407b39b11f6d94015af8e8ad,d3066ce6e3c19763df09d2ef9185666a6f96f99e57743c9f8038e3cb90e15c4f,FALSE,FALSE,FALSE,FALSE,FALSE,FALSE,FALSE,FALSE,71557d1c8bac9bbe3cbec8d00bb223a2f372279827064095447e569fbf5a760a,71557d1c8bac9bbe3cbec8d00bb223a2f372279827064095447e569fbf5a760a,FALSE
candidate,3,0,FALSE,pair_less,compact,3,1000000,1875,0.3,0.300000000000001,1c8e3c0969ca721d10f0cff30d1542de0795d4b1afd81dbeab684b22fd53e2e5,7f1c1a27229f7a699fa85ff90b5be1266497c462407b39b11f6d94015af8e8ad,d3066ce6e3c19763df09d2ef9185666a6f96f99e57743c9f8038e3cb90e15c4f,TRUE,TRUE,FALSE,FALSE,TRUE,TRUE,FALSE,FALSE,0418a77b7087897a0ead6e10b9da2953bfee2ad9da1470ca98b7664e364a3024,0418a77b7087897a0ead6e10b9da2953bfee2ad9da1470ca98b7664e364a3024,TRUE
candidate,3,0,FALSE,scalar_less,ordinary,1,1000000,432,0.303000000000001,0.302999999999999,888be2318f047338553582f6247bd3d4f93d26181da856e938a6787f24c386c8,7f1c1a27229f7a699fa85ff90b5be1266497c462407b39b11f6d94015af8e8ad,d3066ce6e3c19763df09d2ef9185666a6f96f99e57743c9f8038e3cb90e15c4f,FALSE,FALSE,FALSE,FALSE,FALSE,FALSE,FALSE,FALSE,71557d1c8bac9bbe3cbec8d00bb223a2f372279827064095447e569fbf5a760a,71557d1c8bac9bbe3cbec8d00bb223a2f372279827064095447e569fbf5a760a,FALSE
candidate,3,0,FALSE,scalar_less,compact,2,1000000,987,0.273,0.273,888be2318f047338553582f6247bd3d4f93d26181da856e938a6787f24c386c8,7f1c1a27229f7a699fa85ff90b5be1266497c462407b39b11f6d94015af8e8ad,d3066ce6e3c19763df09d2ef9185666a6f96f99e57743c9f8038e3cb90e15c4f,TRUE,TRUE,FALSE,FALSE,TRUE,TRUE,FALSE,FALSE,0418a77b7087897a0ead6e10b9da2953bfee2ad9da1470ca98b7664e364a3024,0418a77b7087897a0ead6e10b9da2953bfee2ad9da1470ca98b7664e364a3024,TRUE
candidate,3,0,FALSE,scalar_less,typed_double,3,1000000,1218,0.303,0.303000000000001,888be2318f047338553582f6247bd3d4f93d26181da856e938a6787f24c386c8,7f1c1a27229f7a699fa85ff90b5be1266497c462407b39b11f6d94015af8e8ad,d3066ce6e3c19763df09d2ef9185666a6f96f99e57743c9f8038e3cb90e15c4f,FALSE,FALSE,FALSE,FALSE,FALSE,FALSE,FALSE,FALSE,e8c2c3714dfad8ccb787de83956aff6eadd8f5bf3b515e0083ff8aeca241ab2d,e8c2c3714dfad8ccb787de83956aff6eadd8f5bf3b515e0083ff8aeca241ab2d,TRUE
candidate,3,0,FALSE,pair_equal,compact,1,1000000,1876,0.301,0.301,3373ec4fcf7f1a2c881385b92a07903da1240202fab5b88ee5d7c2603b3b0428,7f1c1a27229f7a699fa85ff90b5be1266497c462407b39b11f6d94015af8e8ad,d3066ce6e3c19763df09d2ef9185666a6f96f99e57743c9f8038e3cb90e15c4f,TRUE,TRUE,FALSE,FALSE,TRUE,TRUE,FALSE,FALSE,0418a77b7087897a0ead6e10b9da2953bfee2ad9da1470ca98b7664e364a3024,0418a77b7087897a0ead6e10b9da2953bfee2ad9da1470ca98b7664e364a3024,TRUE
candidate,3,0,FALSE,pair_equal,typed_double,2,1000000,1060,0.317,0.317,3373ec4fcf7f1a2c881385b92a07903da1240202fab5b88ee5d7c2603b3b0428,7f1c1a27229f7a699fa85ff90b5be1266497c462407b39b11f6d94015af8e8ad,d3066ce6e3c19763df09d2ef9185666a6f96f99e57743c9f8038e3cb90e15c4f,FALSE,FALSE,FALSE,FALSE,FALSE,FALSE,FALSE,FALSE,e8c2c3714dfad8ccb787de83956aff6eadd8f5bf3b515e0083ff8aeca241ab2d,e8c2c3714dfad8ccb787de83956aff6eadd8f5bf3b515e0083ff8aeca241ab2d,TRUE
candidate,3,0,FALSE,pair_equal,ordinary,3,1000000,427,0.301000000000002,0.300999999999998,3373ec4fcf7f1a2c881385b92a07903da1240202fab5b88ee5d7c2603b3b0428,7f1c1a27229f7a699fa85ff90b5be1266497c462407b39b11f6d94015af8e8ad,d3066ce6e3c19763df09d2ef9185666a6f96f99e57743c9f8038e3cb90e15c4f,FALSE,FALSE,FALSE,FALSE,FALSE,FALSE,FALSE,FALSE,71557d1c8bac9bbe3cbec8d00bb223a2f372279827064095447e569fbf5a760a,71557d1c8bac9bbe3cbec8d00bb223a2f372279827064095447e569fbf5a760a,FALSE
candidate,3,0,TRUE,pair_less,typed_double,1,1000000,769,0.300999999999998,0.300999999999998,4eb038232aaffe99ba822841a72a1be288b698a16ba15b4e5aef22c587ee61d8,8cb390f4310bb5332e9085281aa52e5236aecd65b982d0e3a7e9174fe845527e,7d3712fb7ae81b29d8c28e354721b4a737f0e878202e5105ef9df6a672d5e6e4,FALSE,FALSE,FALSE,FALSE,FALSE,FALSE,FALSE,FALSE,e8c2c3714dfad8ccb787de83956aff6eadd8f5bf3b515e0083ff8aeca241ab2d,e8c2c3714dfad8ccb787de83956aff6eadd8f5bf3b515e0083ff8aeca241ab2d,TRUE
candidate,3,0,TRUE,pair_less,ordinary,2,1000000,427,0.303,0.302,dfddb9b2b91b422bcc693ca8234e4127d5ce2bf2fcabb02271713137399f3960,8cb390f4310bb5332e9085281aa52e5236aecd65b982d0e3a7e9174fe845527e,7d3712fb7ae81b29d8c28e354721b4a737f0e878202e5105ef9df6a672d5e6e4,FALSE,FALSE,FALSE,FALSE,FALSE,FALSE,FALSE,FALSE,71557d1c8bac9bbe3cbec8d00bb223a2f372279827064095447e569fbf5a760a,71557d1c8bac9bbe3cbec8d00bb223a2f372279827064095447e569fbf5a760a,FALSE
candidate,3,0,TRUE,pair_less,compact,3,1000000,1410,0.309000000000003,0.308,4eb038232aaffe99ba822841a72a1be288b698a16ba15b4e5aef22c587ee61d8,8cb390f4310bb5332e9085281aa52e5236aecd65b982d0e3a7e9174fe845527e,7d3712fb7ae81b29d8c28e354721b4a737f0e878202e5105ef9df6a672d5e6e4,TRUE,TRUE,FALSE,FALSE,TRUE,TRUE,FALSE,FALSE,0418a77b7087897a0ead6e10b9da2953bfee2ad9da1470ca98b7664e364a3024,0418a77b7087897a0ead6e10b9da2953bfee2ad9da1470ca98b7664e364a3024,TRUE
candidate,3,0,TRUE,scalar_less,ordinary,1,1000000,427,0.301999999999998,0.300999999999998,27468a48d9fd9dc5ba71891904e48c03e2dfcbdc043990f010981b4c4efbdb56,8cb390f4310bb5332e9085281aa52e5236aecd65b982d0e3a7e9174fe845527e,7d3712fb7ae81b29d8c28e354721b4a737f0e878202e5105ef9df6a672d5e6e4,FALSE,FALSE,FALSE,FALSE,FALSE,FALSE,FALSE,FALSE,71557d1c8bac9bbe3cbec8d00bb223a2f372279827064095447e569fbf5a760a,71557d1c8bac9bbe3cbec8d00bb223a2f372279827064095447e569fbf5a760a,FALSE
candidate,3,0,TRUE,scalar_less,compact,2,1000000,1054,0.310999999999999,0.311,c0fc146f23f813aa8e80aebc4d9d7ac256ddd10f85b65c17173f37c3fe760d8b,8cb390f4310bb5332e9085281aa52e5236aecd65b982d0e3a7e9174fe845527e,7d3712fb7ae81b29d8c28e354721b4a737f0e878202e5105ef9df6a672d5e6e4,TRUE,TRUE,FALSE,FALSE,TRUE,TRUE,FALSE,FALSE,0418a77b7087897a0ead6e10b9da2953bfee2ad9da1470ca98b7664e364a3024,0418a77b7087897a0ead6e10b9da2953bfee2ad9da1470ca98b7664e364a3024,TRUE
candidate,3,0,TRUE,scalar_less,typed_double,3,1000000,1066,0.300000000000001,0.300000000000001,c0fc146f23f813aa8e80aebc4d9d7ac256ddd10f85b65c17173f37c3fe760d8b,8cb390f4310bb5332e9085281aa52e5236aecd65b982d0e3a7e9174fe845527e,7d3712fb7ae81b29d8c28e354721b4a737f0e878202e5105ef9df6a672d5e6e4,FALSE,FALSE,FALSE,FALSE,FALSE,FALSE,FALSE,FALSE,e8c2c3714dfad8ccb787de83956aff6eadd8f5bf3b515e0083ff8aeca241ab2d,e8c2c3714dfad8ccb787de83956aff6eadd8f5bf3b515e0083ff8aeca241ab2d,TRUE
candidate,3,0,TRUE,pair_equal,compact,1,1000000,1410,0.316000000000001,0.315999999999999,3373ec4fcf7f1a2c881385b92a07903da1240202fab5b88ee5d7c2603b3b0428,8cb390f4310bb5332e9085281aa52e5236aecd65b982d0e3a7e9174fe845527e,7d3712fb7ae81b29d8c28e354721b4a737f0e878202e5105ef9df6a672d5e6e4,TRUE,TRUE,FALSE,FALSE,TRUE,TRUE,FALSE,FALSE,0418a77b7087897a0ead6e10b9da2953bfee2ad9da1470ca98b7664e364a3024,0418a77b7087897a0ead6e10b9da2953bfee2ad9da1470ca98b7664e364a3024,TRUE
candidate,3,0,TRUE,pair_equal,typed_double,2,1000000,750,0.299000000000003,0.299,3373ec4fcf7f1a2c881385b92a07903da1240202fab5b88ee5d7c2603b3b0428,8cb390f4310bb5332e9085281aa52e5236aecd65b982d0e3a7e9174fe845527e,7d3712fb7ae81b29d8c28e354721b4a737f0e878202e5105ef9df6a672d5e6e4,FALSE,FALSE,FALSE,FALSE,FALSE,FALSE,FALSE,FALSE,e8c2c3714dfad8ccb787de83956aff6eadd8f5bf3b515e0083ff8aeca241ab2d,e8c2c3714dfad8ccb787de83956aff6eadd8f5bf3b515e0083ff8aeca241ab2d,TRUE
candidate,3,0,TRUE,pair_equal,ordinary,3,1000000,417,0.295000000000002,0.294999999999998,c23d64adae593f70407e6f7f1b56406f1d112f7287b7f688c1c2e14458d73483,8cb390f4310bb5332e9085281aa52e5236aecd65b982d0e3a7e9174fe845527e,7d3712fb7ae81b29d8c28e354721b4a737f0e878202e5105ef9df6a672d5e6e4,FALSE,FALSE,FALSE,FALSE,FALSE,FALSE,FALSE,FALSE,71557d1c8bac9bbe3cbec8d00bb223a2f372279827064095447e569fbf5a760a,71557d1c8bac9bbe3cbec8d00bb223a2f372279827064095447e569fbf5a760a,FALSE
candidate,4,1,FALSE,pair_less,typed_double,1,1000000,708,0.226,0.226,1c8e3c0969ca721d10f0cff30d1542de0795d4b1afd81dbeab684b22fd53e2e5,7f1c1a27229f7a699fa85ff90b5be1266497c462407b39b11f6d94015af8e8ad,d3066ce6e3c19763df09d2ef9185666a6f96f99e57743c9f8038e3cb90e15c4f,FALSE,FALSE,FALSE,FALSE,FALSE,FALSE,FALSE,FALSE,e8c2c3714dfad8ccb787de83956aff6eadd8f5bf3b515e0083ff8aeca241ab2d,e8c2c3714dfad8ccb787de83956aff6eadd8f5bf3b515e0083ff8aeca241ab2d,TRUE
candidate,4,1,FALSE,pair_less,compact,2,1000000,1603,0.307,0.307,1c8e3c0969ca721d10f0cff30d1542de0795d4b1afd81dbeab684b22fd53e2e5,7f1c1a27229f7a699fa85ff90b5be1266497c462407b39b11f6d94015af8e8ad,d3066ce6e3c19763df09d2ef9185666a6f96f99e57743c9f8038e3cb90e15c4f,TRUE,TRUE,FALSE,FALSE,TRUE,TRUE,FALSE,FALSE,0418a77b7087897a0ead6e10b9da2953bfee2ad9da1470ca98b7664e364a3024,0418a77b7087897a0ead6e10b9da2953bfee2ad9da1470ca98b7664e364a3024,TRUE
candidate,4,1,FALSE,pair_less,ordinary,3,1000000,417,0.317,0.317,1c8e3c0969ca721d10f0cff30d1542de0795d4b1afd81dbeab684b22fd53e2e5,7f1c1a27229f7a699fa85ff90b5be1266497c462407b39b11f6d94015af8e8ad,d3066ce6e3c19763df09d2ef9185666a6f96f99e57743c9f8038e3cb90e15c4f,FALSE,FALSE,FALSE,FALSE,FALSE,FALSE,FALSE,FALSE,71557d1c8bac9bbe3cbec8d00bb223a2f372279827064095447e569fbf5a760a,71557d1c8bac9bbe3cbec8d00bb223a2f372279827064095447e569fbf5a760a,FALSE
candidate,4,1,FALSE,scalar_less,ordinary,1,1000000,422,0.299,0.3,888be2318f047338553582f6247bd3d4f93d26181da856e938a6787f24c386c8,7f1c1a27229f7a699fa85ff90b5be1266497c462407b39b11f6d94015af8e8ad,d3066ce6e3c19763df09d2ef9185666a6f96f99e57743c9f8038e3cb90e15c4f,FALSE,FALSE,FALSE,FALSE,FALSE,FALSE,FALSE,FALSE,71557d1c8bac9bbe3cbec8d00bb223a2f372279827064095447e569fbf5a760a,71557d1c8bac9bbe3cbec8d00bb223a2f372279827064095447e569fbf5a760a,FALSE
candidate,4,1,FALSE,scalar_less,typed_double,2,1000000,1187,0.313,0.313,888be2318f047338553582f6247bd3d4f93d26181da856e938a6787f24c386c8,7f1c1a27229f7a699fa85ff90b5be1266497c462407b39b11f6d94015af8e8ad,d3066ce6e3c19763df09d2ef9185666a6f96f99e57743c9f8038e3cb90e15c4f,FALSE,FALSE,FALSE,FALSE,FALSE,FALSE,FALSE,FALSE,e8c2c3714dfad8ccb787de83956aff6eadd8f5bf3b515e0083ff8aeca241ab2d,e8c2c3714dfad8ccb787de83956aff6eadd8f5bf3b515e0083ff8aeca241ab2d,TRUE
candidate,4,1,FALSE,scalar_less,compact,3,1000000,982,0.289,0.289,888be2318f047338553582f6247bd3d4f93d26181da856e938a6787f24c386c8,7f1c1a27229f7a699fa85ff90b5be1266497c462407b39b11f6d94015af8e8ad,d3066ce6e3c19763df09d2ef9185666a6f96f99e57743c9f8038e3cb90e15c4f,TRUE,TRUE,FALSE,FALSE,TRUE,TRUE,FALSE,FALSE,0418a77b7087897a0ead6e10b9da2953bfee2ad9da1470ca98b7664e364a3024,0418a77b7087897a0ead6e10b9da2953bfee2ad9da1470ca98b7664e364a3024,TRUE
candidate,4,1,FALSE,pair_equal,compact,1,1000000,1894,0.333999999999999,0.334,3373ec4fcf7f1a2c881385b92a07903da1240202fab5b88ee5d7c2603b3b0428,7f1c1a27229f7a699fa85ff90b5be1266497c462407b39b11f6d94015af8e8ad,d3066ce6e3c19763df09d2ef9185666a6f96f99e57743c9f8038e3cb90e15c4f,TRUE,TRUE,FALSE,FALSE,TRUE,TRUE,FALSE,FALSE,0418a77b7087897a0ead6e10b9da2953bfee2ad9da1470ca98b7664e364a3024,0418a77b7087897a0ead6e10b9da2953bfee2ad9da1470ca98b7664e364a3024,TRUE
candidate,4,1,FALSE,pair_equal,ordinary,2,1000000,427,0.304,0.303999999999999,3373ec4fcf7f1a2c881385b92a07903da1240202fab5b88ee5d7c2603b3b0428,7f1c1a27229f7a699fa85ff90b5be1266497c462407b39b11f6d94015af8e8ad,d3066ce6e3c19763df09d2ef9185666a6f96f99e57743c9f8038e3cb90e15c4f,FALSE,FALSE,FALSE,FALSE,FALSE,FALSE,FALSE,FALSE,71557d1c8bac9bbe3cbec8d00bb223a2f372279827064095447e569fbf5a760a,71557d1c8bac9bbe3cbec8d00bb223a2f372279827064095447e569fbf5a760a,FALSE
candidate,4,1,FALSE,pair_equal,typed_double,3,1000000,1042,0.317,0.316000000000001,3373ec4fcf7f1a2c881385b92a07903da1240202fab5b88ee5d7c2603b3b0428,7f1c1a27229f7a699fa85ff90b5be1266497c462407b39b11f6d94015af8e8ad,d3066ce6e3c19763df09d2ef9185666a6f96f99e57743c9f8038e3cb90e15c4f,FALSE,FALSE,FALSE,FALSE,FALSE,FALSE,FALSE,FALSE,e8c2c3714dfad8ccb787de83956aff6eadd8f5bf3b515e0083ff8aeca241ab2d,e8c2c3714dfad8ccb787de83956aff6eadd8f5bf3b515e0083ff8aeca241ab2d,TRUE
candidate,4,1,TRUE,pair_less,typed_double,1,1000000,760,0.314,0.314,4eb038232aaffe99ba822841a72a1be288b698a16ba15b4e5aef22c587ee61d8,8cb390f4310bb5332e9085281aa52e5236aecd65b982d0e3a7e9174fe845527e,7d3712fb7ae81b29d8c28e354721b4a737f0e878202e5105ef9df6a672d5e6e4,FALSE,FALSE,FALSE,FALSE,FALSE,FALSE,FALSE,FALSE,e8c2c3714dfad8ccb787de83956aff6eadd8f5bf3b515e0083ff8aeca241ab2d,e8c2c3714dfad8ccb787de83956aff6eadd8f5bf3b515e0083ff8aeca241ab2d,TRUE
candidate,4,1,TRUE,pair_less,compact,2,1000000,1400,0.315,0.315,4eb038232aaffe99ba822841a72a1be288b698a16ba15b4e5aef22c587ee61d8,8cb390f4310bb5332e9085281aa52e5236aecd65b982d0e3a7e9174fe845527e,7d3712fb7ae81b29d8c28e354721b4a737f0e878202e5105ef9df6a672d5e6e4,TRUE,TRUE,FALSE,FALSE,TRUE,TRUE,FALSE,FALSE,0418a77b7087897a0ead6e10b9da2953bfee2ad9da1470ca98b7664e364a3024,0418a77b7087897a0ead6e10b9da2953bfee2ad9da1470ca98b7664e364a3024,TRUE
candidate,4,1,TRUE,pair_less,ordinary,3,1000000,422,0.300000000000001,0.3,dfddb9b2b91b422bcc693ca8234e4127d5ce2bf2fcabb02271713137399f3960,8cb390f4310bb5332e9085281aa52e5236aecd65b982d0e3a7e9174fe845527e,7d3712fb7ae81b29d8c28e354721b4a737f0e878202e5105ef9df6a672d5e6e4,FALSE,FALSE,FALSE,FALSE,FALSE,FALSE,FALSE,FALSE,71557d1c8bac9bbe3cbec8d00bb223a2f372279827064095447e569fbf5a760a,71557d1c8bac9bbe3cbec8d00bb223a2f372279827064095447e569fbf5a760a,FALSE
candidate,4,1,TRUE,scalar_less,ordinary,1,1000000,427,0.302,0.302,27468a48d9fd9dc5ba71891904e48c03e2dfcbdc043990f010981b4c4efbdb56,8cb390f4310bb5332e9085281aa52e5236aecd65b982d0e3a7e9174fe845527e,7d3712fb7ae81b29d8c28e354721b4a737f0e878202e5105ef9df6a672d5e6e4,FALSE,FALSE,FALSE,FALSE,FALSE,FALSE,FALSE,FALSE,71557d1c8bac9bbe3cbec8d00bb223a2f372279827064095447e569fbf5a760a,71557d1c8bac9bbe3cbec8d00bb223a2f372279827064095447e569fbf5a760a,FALSE
candidate,4,1,TRUE,scalar_less,typed_double,2,1000000,1060,0.314,0.314,c0fc146f23f813aa8e80aebc4d9d7ac256ddd10f85b65c17173f37c3fe760d8b,8cb390f4310bb5332e9085281aa52e5236aecd65b982d0e3a7e9174fe845527e,7d3712fb7ae81b29d8c28e354721b4a737f0e878202e5105ef9df6a672d5e6e4,FALSE,FALSE,FALSE,FALSE,FALSE,FALSE,FALSE,FALSE,e8c2c3714dfad8ccb787de83956aff6eadd8f5bf3b515e0083ff8aeca241ab2d,e8c2c3714dfad8ccb787de83956aff6eadd8f5bf3b515e0083ff8aeca241ab2d,TRUE
candidate,4,1,TRUE,scalar_less,compact,3,1000000,993,0.275,0.275,c0fc146f23f813aa8e80aebc4d9d7ac256ddd10f85b65c17173f37c3fe760d8b,8cb390f4310bb5332e9085281aa52e5236aecd65b982d0e3a7e9174fe845527e,7d3712fb7ae81b29d8c28e354721b4a737f0e878202e5105ef9df6a672d5e6e4,TRUE,TRUE,FALSE,FALSE,TRUE,TRUE,FALSE,FALSE,0418a77b7087897a0ead6e10b9da2953bfee2ad9da1470ca98b7664e364a3024,0418a77b7087897a0ead6e10b9da2953bfee2ad9da1470ca98b7664e364a3024,TRUE
candidate,4,1,TRUE,pair_equal,compact,1,1000000,1410,0.316,0.315000000000001,3373ec4fcf7f1a2c881385b92a07903da1240202fab5b88ee5d7c2603b3b0428,8cb390f4310bb5332e9085281aa52e5236aecd65b982d0e3a7e9174fe845527e,7d3712fb7ae81b29d8c28e354721b4a737f0e878202e5105ef9df6a672d5e6e4,TRUE,TRUE,FALSE,FALSE,TRUE,TRUE,FALSE,FALSE,0418a77b7087897a0ead6e10b9da2953bfee2ad9da1470ca98b7664e364a3024,0418a77b7087897a0ead6e10b9da2953bfee2ad9da1470ca98b7664e364a3024,TRUE
candidate,4,1,TRUE,pair_equal,ordinary,2,1000000,422,0.300000000000001,0.299,c23d64adae593f70407e6f7f1b56406f1d112f7287b7f688c1c2e14458d73483,8cb390f4310bb5332e9085281aa52e5236aecd65b982d0e3a7e9174fe845527e,7d3712fb7ae81b29d8c28e354721b4a737f0e878202e5105ef9df6a672d5e6e4,FALSE,FALSE,FALSE,FALSE,FALSE,FALSE,FALSE,FALSE,71557d1c8bac9bbe3cbec8d00bb223a2f372279827064095447e569fbf5a760a,71557d1c8bac9bbe3cbec8d00bb223a2f372279827064095447e569fbf5a760a,FALSE
candidate,4,1,TRUE,pair_equal,typed_double,3,1000000,750,0.315999999999999,0.315,3373ec4fcf7f1a2c881385b92a07903da1240202fab5b88ee5d7c2603b3b0428,8cb390f4310bb5332e9085281aa52e5236aecd65b982d0e3a7e9174fe845527e,7d3712fb7ae81b29d8c28e354721b4a737f0e878202e5105ef9df6a672d5e6e4,FALSE,FALSE,FALSE,FALSE,FALSE,FALSE,FALSE,FALSE,e8c2c3714dfad8ccb787de83956aff6eadd8f5bf3b515e0083ff8aeca241ab2d,e8c2c3714dfad8ccb787de83956aff6eadd8f5bf3b515e0083ff8aeca241ab2d,TRUE
candidate,4,0,FALSE,pair_less,typed_double,1,1000000,1054,0.319000000000001,0.319999999999999,1c8e3c0969ca721d10f0cff30d1542de0795d4b1afd81dbeab684b22fd53e2e5,7f1c1a27229f7a699fa85ff90b5be1266497c462407b39b11f6d94015af8e8ad,d3066ce6e3c19763df09d2ef9185666a6f96f99e57743c9f8038e3cb90e15c4f,FALSE,FALSE,FALSE,FALSE,FALSE,FALSE,FALSE,FALSE,e8c2c3714dfad8ccb787de83956aff6eadd8f5bf3b515e0083ff8aeca241ab2d,e8c2c3714dfad8ccb787de83956aff6eadd8f5bf3b515e0083ff8aeca241ab2d,TRUE
candidate,4,0,FALSE,pair_less,compact,2,1000000,1876,0.317,0.317,1c8e3c0969ca721d10f0cff30d1542de0795d4b1afd81dbeab684b22fd53e2e5,7f1c1a27229f7a699fa85ff90b5be1266497c462407b39b11f6d94015af8e8ad,d3066ce6e3c19763df09d2ef9185666a6f96f99e57743c9f8038e3cb90e15c4f,TRUE,TRUE,FALSE,FALSE,TRUE,TRUE,FALSE,FALSE,0418a77b7087897a0ead6e10b9da2953bfee2ad9da1470ca98b7664e364a3024,0418a77b7087897a0ead6e10b9da2953bfee2ad9da1470ca98b7664e364a3024,TRUE
candidate,4,0,FALSE,pair_less,ordinary,3,1000000,417,0.31,0.31,1c8e3c0969ca721d10f0cff30d1542de0795d4b1afd81dbeab684b22fd53e2e5,7f1c1a27229f7a699fa85ff90b5be1266497c462407b39b11f6d94015af8e8ad,d3066ce6e3c19763df09d2ef9185666a6f96f99e57743c9f8038e3cb90e15c4f,FALSE,FALSE,FALSE,FALSE,FALSE,FALSE,FALSE,FALSE,71557d1c8bac9bbe3cbec8d00bb223a2f372279827064095447e569fbf5a760a,71557d1c8bac9bbe3cbec8d00bb223a2f372279827064095447e569fbf5a760a,FALSE
candidate,4,0,FALSE,scalar_less,ordinary,1,1000000,427,0.301,0.301,888be2318f047338553582f6247bd3d4f93d26181da856e938a6787f24c386c8,7f1c1a27229f7a699fa85ff90b5be1266497c462407b39b11f6d94015af8e8ad,d3066ce6e3c19763df09d2ef9185666a6f96f99e57743c9f8038e3cb90e15c4f,FALSE,FALSE,FALSE,FALSE,FALSE,FALSE,FALSE,FALSE,71557d1c8bac9bbe3cbec8d00bb223a2f372279827064095447e569fbf5a760a,71557d1c8bac9bbe3cbec8d00bb223a2f372279827064095447e569fbf5a760a,FALSE
candidate,4,0,FALSE,scalar_less,typed_double,2,1000000,1210,0.300999999999999,0.299999999999999,888be2318f047338553582f6247bd3d4f93d26181da856e938a6787f24c386c8,7f1c1a27229f7a699fa85ff90b5be1266497c462407b39b11f6d94015af8e8ad,d3066ce6e3c19763df09d2ef9185666a6f96f99e57743c9f8038e3cb90e15c4f,FALSE,FALSE,FALSE,FALSE,FALSE,FALSE,FALSE,FALSE,e8c2c3714dfad8ccb787de83956aff6eadd8f5bf3b515e0083ff8aeca241ab2d,e8c2c3714dfad8ccb787de83956aff6eadd8f5bf3b515e0083ff8aeca241ab2d,TRUE
candidate,4,0,FALSE,scalar_less,compact,3,1000000,998,0.276,0.277000000000001,888be2318f047338553582f6247bd3d4f93d26181da856e938a6787f24c386c8,7f1c1a27229f7a699fa85ff90b5be1266497c462407b39b11f6d94015af8e8ad,d3066ce6e3c19763df09d2ef9185666a6f96f99e57743c9f8038e3cb90e15c4f,TRUE,TRUE,FALSE,FALSE,TRUE,TRUE,FALSE,FALSE,0418a77b7087897a0ead6e10b9da2953bfee2ad9da1470ca98b7664e364a3024,0418a77b7087897a0ead6e10b9da2953bfee2ad9da1470ca98b7664e364a3024,TRUE
candidate,4,0,FALSE,pair_equal,compact,1,1000000,1876,0.316000000000001,0.316000000000001,3373ec4fcf7f1a2c881385b92a07903da1240202fab5b88ee5d7c2603b3b0428,7f1c1a27229f7a699fa85ff90b5be1266497c462407b39b11f6d94015af8e8ad,d3066ce6e3c19763df09d2ef9185666a6f96f99e57743c9f8038e3cb90e15c4f,TRUE,TRUE,FALSE,FALSE,TRUE,TRUE,FALSE,FALSE,0418a77b7087897a0ead6e10b9da2953bfee2ad9da1470ca98b7664e364a3024,0418a77b7087897a0ead6e10b9da2953bfee2ad9da1470ca98b7664e364a3024,TRUE
candidate,4,0,FALSE,pair_equal,ordinary,2,1000000,422,0.299,0.299,3373ec4fcf7f1a2c881385b92a07903da1240202fab5b88ee5d7c2603b3b0428,7f1c1a27229f7a699fa85ff90b5be1266497c462407b39b11f6d94015af8e8ad,d3066ce6e3c19763df09d2ef9185666a6f96f99e57743c9f8038e3cb90e15c4f,FALSE,FALSE,FALSE,FALSE,FALSE,FALSE,FALSE,FALSE,71557d1c8bac9bbe3cbec8d00bb223a2f372279827064095447e569fbf5a760a,71557d1c8bac9bbe3cbec8d00bb223a2f372279827064095447e569fbf5a760a,FALSE
candidate,4,0,FALSE,pair_equal,typed_double,3,1000000,1036,0.296999999999999,0.295999999999999,3373ec4fcf7f1a2c881385b92a07903da1240202fab5b88ee5d7c2603b3b0428,7f1c1a27229f7a699fa85ff90b5be1266497c462407b39b11f6d94015af8e8ad,d3066ce6e3c19763df09d2ef9185666a6f96f99e57743c9f8038e3cb90e15c4f,FALSE,FALSE,FALSE,FALSE,FALSE,FALSE,FALSE,FALSE,e8c2c3714dfad8ccb787de83956aff6eadd8f5bf3b515e0083ff8aeca241ab2d,e8c2c3714dfad8ccb787de83956aff6eadd8f5bf3b515e0083ff8aeca241ab2d,TRUE
candidate,4,0,TRUE,pair_less,typed_double,1,1000000,766,0.300999999999998,0.302,4eb038232aaffe99ba822841a72a1be288b698a16ba15b4e5aef22c587ee61d8,8cb390f4310bb5332e9085281aa52e5236aecd65b982d0e3a7e9174fe845527e,7d3712fb7ae81b29d8c28e354721b4a737f0e878202e5105ef9df6a672d5e6e4,FALSE,FALSE,FALSE,FALSE,FALSE,FALSE,FALSE,FALSE,e8c2c3714dfad8ccb787de83956aff6eadd8f5bf3b515e0083ff8aeca241ab2d,e8c2c3714dfad8ccb787de83956aff6eadd8f5bf3b515e0083ff8aeca241ab2d,TRUE
candidate,4,0,TRUE,pair_less,compact,2,1000000,1400,0.314,0.314999999999998,4eb038232aaffe99ba822841a72a1be288b698a16ba15b4e5aef22c587ee61d8,8cb390f4310bb5332e9085281aa52e5236aecd65b982d0e3a7e9174fe845527e,7d3712fb7ae81b29d8c28e354721b4a737f0e878202e5105ef9df6a672d5e6e4,TRUE,TRUE,FALSE,FALSE,TRUE,TRUE,FALSE,FALSE,0418a77b7087897a0ead6e10b9da2953bfee2ad9da1470ca98b7664e364a3024,0418a77b7087897a0ead6e10b9da2953bfee2ad9da1470ca98b7664e364a3024,TRUE
candidate,4,0,TRUE,pair_less,ordinary,3,1000000,427,0.304000000000001,0.303999999999998,dfddb9b2b91b422bcc693ca8234e4127d5ce2bf2fcabb02271713137399f3960,8cb390f4310bb5332e9085281aa52e5236aecd65b982d0e3a7e9174fe845527e,7d3712fb7ae81b29d8c28e354721b4a737f0e878202e5105ef9df6a672d5e6e4,FALSE,FALSE,FALSE,FALSE,FALSE,FALSE,FALSE,FALSE,71557d1c8bac9bbe3cbec8d00bb223a2f372279827064095447e569fbf5a760a,71557d1c8bac9bbe3cbec8d00bb223a2f372279827064095447e569fbf5a760a,FALSE
candidate,4,0,TRUE,scalar_less,ordinary,1,1000000,427,0.301000000000002,0.302,27468a48d9fd9dc5ba71891904e48c03e2dfcbdc043990f010981b4c4efbdb56,8cb390f4310bb5332e9085281aa52e5236aecd65b982d0e3a7e9174fe845527e,7d3712fb7ae81b29d8c28e354721b4a737f0e878202e5105ef9df6a672d5e6e4,FALSE,FALSE,FALSE,FALSE,FALSE,FALSE,FALSE,FALSE,71557d1c8bac9bbe3cbec8d00bb223a2f372279827064095447e569fbf5a760a,71557d1c8bac9bbe3cbec8d00bb223a2f372279827064095447e569fbf5a760a,FALSE
candidate,4,0,TRUE,scalar_less,typed_double,2,1000000,1060,0.299,0.299,c0fc146f23f813aa8e80aebc4d9d7ac256ddd10f85b65c17173f37c3fe760d8b,8cb390f4310bb5332e9085281aa52e5236aecd65b982d0e3a7e9174fe845527e,7d3712fb7ae81b29d8c28e354721b4a737f0e878202e5105ef9df6a672d5e6e4,FALSE,FALSE,FALSE,FALSE,FALSE,FALSE,FALSE,FALSE,e8c2c3714dfad8ccb787de83956aff6eadd8f5bf3b515e0083ff8aeca241ab2d,e8c2c3714dfad8ccb787de83956aff6eadd8f5bf3b515e0083ff8aeca241ab2d,TRUE
candidate,4,0,TRUE,scalar_less,compact,3,1000000,962,0.268999999999997,0.267999999999997,c0fc146f23f813aa8e80aebc4d9d7ac256ddd10f85b65c17173f37c3fe760d8b,8cb390f4310bb5332e9085281aa52e5236aecd65b982d0e3a7e9174fe845527e,7d3712fb7ae81b29d8c28e354721b4a737f0e878202e5105ef9df6a672d5e6e4,TRUE,TRUE,FALSE,FALSE,TRUE,TRUE,FALSE,FALSE,0418a77b7087897a0ead6e10b9da2953bfee2ad9da1470ca98b7664e364a3024,0418a77b7087897a0ead6e10b9da2953bfee2ad9da1470ca98b7664e364a3024,TRUE
candidate,4,0,TRUE,pair_equal,compact,1,1000000,1400,0.297000000000001,0.297000000000001,3373ec4fcf7f1a2c881385b92a07903da1240202fab5b88ee5d7c2603b3b0428,8cb390f4310bb5332e9085281aa52e5236aecd65b982d0e3a7e9174fe845527e,7d3712fb7ae81b29d8c28e354721b4a737f0e878202e5105ef9df6a672d5e6e4,TRUE,TRUE,FALSE,FALSE,TRUE,TRUE,FALSE,FALSE,0418a77b7087897a0ead6e10b9da2953bfee2ad9da1470ca98b7664e364a3024,0418a77b7087897a0ead6e10b9da2953bfee2ad9da1470ca98b7664e364a3024,TRUE
candidate,4,0,TRUE,pair_equal,ordinary,2,1000000,365,0.257999999999999,0.259,c23d64adae593f70407e6f7f1b56406f1d112f7287b7f688c1c2e14458d73483,8cb390f4310bb5332e9085281aa52e5236aecd65b982d0e3a7e9174fe845527e,7d3712fb7ae81b29d8c28e354721b4a737f0e878202e5105ef9df6a672d5e6e4,FALSE,FALSE,FALSE,FALSE,FALSE,FALSE,FALSE,FALSE,71557d1c8bac9bbe3cbec8d00bb223a2f372279827064095447e569fbf5a760a,71557d1c8bac9bbe3cbec8d00bb223a2f372279827064095447e569fbf5a760a,FALSE
candidate,4,0,TRUE,pair_equal,typed_double,3,1000000,750,0.302000000000002,0.301000000000002,3373ec4fcf7f1a2c881385b92a07903da1240202fab5b88ee5d7c2603b3b0428,8cb390f4310bb5332e9085281aa52e5236aecd65b982d0e3a7e9174fe845527e,7d3712fb7ae81b29d8c28e354721b4a737f0e878202e5105ef9df6a672d5e6e4,FALSE,FALSE,FALSE,FALSE,FALSE,FALSE,FALSE,FALSE,e8c2c3714dfad8ccb787de83956aff6eadd8f5bf3b515e0083ff8aeca241ab2d,e8c2c3714dfad8ccb787de83956aff6eadd8f5bf3b515e0083ff8aeca241ab2d,TRUE
baseline,4,1,FALSE,pair_less,typed_double,1,1000000,615,0.247,0.247,1c8e3c0969ca721d10f0cff30d1542de0795d4b1afd81dbeab684b22fd53e2e5,7f1c1a27229f7a699fa85ff90b5be1266497c462407b39b11f6d94015af8e8ad,d3066ce6e3c19763df09d2ef9185666a6f96f99e57743c9f8038e3cb90e15c4f,FALSE,FALSE,FALSE,FALSE,FALSE,FALSE,FALSE,FALSE,e8c2c3714dfad8ccb787de83956aff6eadd8f5bf3b515e0083ff8aeca241ab2d,e8c2c3714dfad8ccb787de83956aff6eadd8f5bf3b515e0083ff8aeca241ab2d,TRUE
baseline,4,1,FALSE,pair_less,compact,2,1000000,1617,0.289,0.29,1c8e3c0969ca721d10f0cff30d1542de0795d4b1afd81dbeab684b22fd53e2e5,7f1c1a27229f7a699fa85ff90b5be1266497c462407b39b11f6d94015af8e8ad,d3066ce6e3c19763df09d2ef9185666a6f96f99e57743c9f8038e3cb90e15c4f,TRUE,TRUE,FALSE,FALSE,TRUE,TRUE,FALSE,FALSE,0418a77b7087897a0ead6e10b9da2953bfee2ad9da1470ca98b7664e364a3024,0418a77b7087897a0ead6e10b9da2953bfee2ad9da1470ca98b7664e364a3024,TRUE
baseline,4,1,FALSE,pair_less,ordinary,3,1000000,417,0.316,0.316,1c8e3c0969ca721d10f0cff30d1542de0795d4b1afd81dbeab684b22fd53e2e5,7f1c1a27229f7a699fa85ff90b5be1266497c462407b39b11f6d94015af8e8ad,d3066ce6e3c19763df09d2ef9185666a6f96f99e57743c9f8038e3cb90e15c4f,FALSE,FALSE,FALSE,FALSE,FALSE,FALSE,FALSE,FALSE,71557d1c8bac9bbe3cbec8d00bb223a2f372279827064095447e569fbf5a760a,71557d1c8bac9bbe3cbec8d00bb223a2f372279827064095447e569fbf5a760a,FALSE
baseline,4,1,FALSE,scalar_less,ordinary,1,1000000,422,0.3,0.3,888be2318f047338553582f6247bd3d4f93d26181da856e938a6787f24c386c8,7f1c1a27229f7a699fa85ff90b5be1266497c462407b39b11f6d94015af8e8ad,d3066ce6e3c19763df09d2ef9185666a6f96f99e57743c9f8038e3cb90e15c4f,FALSE,FALSE,FALSE,FALSE,FALSE,FALSE,FALSE,FALSE,71557d1c8bac9bbe3cbec8d00bb223a2f372279827064095447e569fbf5a760a,71557d1c8bac9bbe3cbec8d00bb223a2f372279827064095447e569fbf5a760a,FALSE
baseline,4,1,FALSE,scalar_less,typed_double,2,1000000,1091,0.274,0.274,888be2318f047338553582f6247bd3d4f93d26181da856e938a6787f24c386c8,7f1c1a27229f7a699fa85ff90b5be1266497c462407b39b11f6d94015af8e8ad,d3066ce6e3c19763df09d2ef9185666a6f96f99e57743c9f8038e3cb90e15c4f,FALSE,FALSE,FALSE,FALSE,FALSE,FALSE,FALSE,FALSE,e8c2c3714dfad8ccb787de83956aff6eadd8f5bf3b515e0083ff8aeca241ab2d,e8c2c3714dfad8ccb787de83956aff6eadd8f5bf3b515e0083ff8aeca241ab2d,TRUE
baseline,4,1,FALSE,scalar_less,compact,3,1000000,993,0.277,0.277,888be2318f047338553582f6247bd3d4f93d26181da856e938a6787f24c386c8,7f1c1a27229f7a699fa85ff90b5be1266497c462407b39b11f6d94015af8e8ad,d3066ce6e3c19763df09d2ef9185666a6f96f99e57743c9f8038e3cb90e15c4f,TRUE,TRUE,FALSE,FALSE,TRUE,TRUE,FALSE,FALSE,0418a77b7087897a0ead6e10b9da2953bfee2ad9da1470ca98b7664e364a3024,0418a77b7087897a0ead6e10b9da2953bfee2ad9da1470ca98b7664e364a3024,TRUE
baseline,4,1,FALSE,pair_equal,compact,1,1000000,1876,0.331,0.33,3373ec4fcf7f1a2c881385b92a07903da1240202fab5b88ee5d7c2603b3b0428,7f1c1a27229f7a699fa85ff90b5be1266497c462407b39b11f6d94015af8e8ad,d3066ce6e3c19763df09d2ef9185666a6f96f99e57743c9f8038e3cb90e15c4f,TRUE,TRUE,FALSE,FALSE,TRUE,TRUE,FALSE,FALSE,0418a77b7087897a0ead6e10b9da2953bfee2ad9da1470ca98b7664e364a3024,0418a77b7087897a0ead6e10b9da2953bfee2ad9da1470ca98b7664e364a3024,TRUE
baseline,4,1,FALSE,pair_equal,ordinary,2,1000000,422,0.299,0.299,3373ec4fcf7f1a2c881385b92a07903da1240202fab5b88ee5d7c2603b3b0428,7f1c1a27229f7a699fa85ff90b5be1266497c462407b39b11f6d94015af8e8ad,d3066ce6e3c19763df09d2ef9185666a6f96f99e57743c9f8038e3cb90e15c4f,FALSE,FALSE,FALSE,FALSE,FALSE,FALSE,FALSE,FALSE,71557d1c8bac9bbe3cbec8d00bb223a2f372279827064095447e569fbf5a760a,71557d1c8bac9bbe3cbec8d00bb223a2f372279827064095447e569fbf5a760a,FALSE
baseline,4,1,FALSE,pair_equal,typed_double,3,1000000,823,0.317,0.318,3373ec4fcf7f1a2c881385b92a07903da1240202fab5b88ee5d7c2603b3b0428,7f1c1a27229f7a699fa85ff90b5be1266497c462407b39b11f6d94015af8e8ad,d3066ce6e3c19763df09d2ef9185666a6f96f99e57743c9f8038e3cb90e15c4f,FALSE,FALSE,FALSE,FALSE,FALSE,FALSE,FALSE,FALSE,e8c2c3714dfad8ccb787de83956aff6eadd8f5bf3b515e0083ff8aeca241ab2d,e8c2c3714dfad8ccb787de83956aff6eadd8f5bf3b515e0083ff8aeca241ab2d,TRUE
baseline,4,1,TRUE,pair_less,typed_double,1,1000000,736,0.299,0.299,4eb038232aaffe99ba822841a72a1be288b698a16ba15b4e5aef22c587ee61d8,8cb390f4310bb5332e9085281aa52e5236aecd65b982d0e3a7e9174fe845527e,7d3712fb7ae81b29d8c28e354721b4a737f0e878202e5105ef9df6a672d5e6e4,FALSE,FALSE,FALSE,FALSE,FALSE,FALSE,FALSE,FALSE,e8c2c3714dfad8ccb787de83956aff6eadd8f5bf3b515e0083ff8aeca241ab2d,e8c2c3714dfad8ccb787de83956aff6eadd8f5bf3b515e0083ff8aeca241ab2d,TRUE
baseline,4,1,TRUE,pair_less,compact,2,1000000,1400,0.313,0.313999999999999,4eb038232aaffe99ba822841a72a1be288b698a16ba15b4e5aef22c587ee61d8,8cb390f4310bb5332e9085281aa52e5236aecd65b982d0e3a7e9174fe845527e,7d3712fb7ae81b29d8c28e354721b4a737f0e878202e5105ef9df6a672d5e6e4,TRUE,TRUE,FALSE,FALSE,TRUE,TRUE,FALSE,FALSE,0418a77b7087897a0ead6e10b9da2953bfee2ad9da1470ca98b7664e364a3024,0418a77b7087897a0ead6e10b9da2953bfee2ad9da1470ca98b7664e364a3024,TRUE
baseline,4,1,TRUE,pair_less,ordinary,3,1000000,422,0.3,0.299,dfddb9b2b91b422bcc693ca8234e4127d5ce2bf2fcabb02271713137399f3960,8cb390f4310bb5332e9085281aa52e5236aecd65b982d0e3a7e9174fe845527e,7d3712fb7ae81b29d8c28e354721b4a737f0e878202e5105ef9df6a672d5e6e4,FALSE,FALSE,FALSE,FALSE,FALSE,FALSE,FALSE,FALSE,71557d1c8bac9bbe3cbec8d00bb223a2f372279827064095447e569fbf5a760a,71557d1c8bac9bbe3cbec8d00bb223a2f372279827064095447e569fbf5a760a,FALSE
baseline,4,1,TRUE,scalar_less,ordinary,1,1000000,432,0.306,0.305,27468a48d9fd9dc5ba71891904e48c03e2dfcbdc043990f010981b4c4efbdb56,8cb390f4310bb5332e9085281aa52e5236aecd65b982d0e3a7e9174fe845527e,7d3712fb7ae81b29d8c28e354721b4a737f0e878202e5105ef9df6a672d5e6e4,FALSE,FALSE,FALSE,FALSE,FALSE,FALSE,FALSE,FALSE,71557d1c8bac9bbe3cbec8d00bb223a2f372279827064095447e569fbf5a760a,71557d1c8bac9bbe3cbec8d00bb223a2f372279827064095447e569fbf5a760a,FALSE
baseline,4,1,TRUE,scalar_less,typed_double,2,1000000,1020,0.311,0.311,c0fc146f23f813aa8e80aebc4d9d7ac256ddd10f85b65c17173f37c3fe760d8b,8cb390f4310bb5332e9085281aa52e5236aecd65b982d0e3a7e9174fe845527e,7d3712fb7ae81b29d8c28e354721b4a737f0e878202e5105ef9df6a672d5e6e4,FALSE,FALSE,FALSE,FALSE,FALSE,FALSE,FALSE,FALSE,e8c2c3714dfad8ccb787de83956aff6eadd8f5bf3b515e0083ff8aeca241ab2d,e8c2c3714dfad8ccb787de83956aff6eadd8f5bf3b515e0083ff8aeca241ab2d,TRUE
baseline,4,1,TRUE,scalar_less,compact,3,1000000,1066,0.296000000000001,0.296999999999999,c0fc146f23f813aa8e80aebc4d9d7ac256ddd10f85b65c17173f37c3fe760d8b,8cb390f4310bb5332e9085281aa52e5236aecd65b982d0e3a7e9174fe845527e,7d3712fb7ae81b29d8c28e354721b4a737f0e878202e5105ef9df6a672d5e6e4,TRUE,TRUE,FALSE,FALSE,TRUE,TRUE,FALSE,FALSE,0418a77b7087897a0ead6e10b9da2953bfee2ad9da1470ca98b7664e364a3024,0418a77b7087897a0ead6e10b9da2953bfee2ad9da1470ca98b7664e364a3024,TRUE
baseline,4,1,TRUE,pair_equal,compact,1,1000000,1259,0.269000000000001,0.269,3373ec4fcf7f1a2c881385b92a07903da1240202fab5b88ee5d7c2603b3b0428,8cb390f4310bb5332e9085281aa52e5236aecd65b982d0e3a7e9174fe845527e,7d3712fb7ae81b29d8c28e354721b4a737f0e878202e5105ef9df6a672d5e6e4,TRUE,TRUE,FALSE,FALSE,TRUE,TRUE,FALSE,FALSE,0418a77b7087897a0ead6e10b9da2953bfee2ad9da1470ca98b7664e364a3024,0418a77b7087897a0ead6e10b9da2953bfee2ad9da1470ca98b7664e364a3024,TRUE
baseline,4,1,TRUE,pair_equal,ordinary,2,1000000,427,0.302,0.303000000000001,c23d64adae593f70407e6f7f1b56406f1d112f7287b7f688c1c2e14458d73483,8cb390f4310bb5332e9085281aa52e5236aecd65b982d0e3a7e9174fe845527e,7d3712fb7ae81b29d8c28e354721b4a737f0e878202e5105ef9df6a672d5e6e4,FALSE,FALSE,FALSE,FALSE,FALSE,FALSE,FALSE,FALSE,71557d1c8bac9bbe3cbec8d00bb223a2f372279827064095447e569fbf5a760a,71557d1c8bac9bbe3cbec8d00bb223a2f372279827064095447e569fbf5a760a,FALSE
baseline,4,1,TRUE,pair_equal,typed_double,3,1000000,736,0.301,0.302,3373ec4fcf7f1a2c881385b92a07903da1240202fab5b88ee5d7c2603b3b0428,8cb390f4310bb5332e9085281aa52e5236aecd65b982d0e3a7e9174fe845527e,7d3712fb7ae81b29d8c28e354721b4a737f0e878202e5105ef9df6a672d5e6e4,FALSE,FALSE,FALSE,FALSE,FALSE,FALSE,FALSE,FALSE,e8c2c3714dfad8ccb787de83956aff6eadd8f5bf3b515e0083ff8aeca241ab2d,e8c2c3714dfad8ccb787de83956aff6eadd8f5bf3b515e0083ff8aeca241ab2d,TRUE
baseline,4,0,FALSE,pair_less,typed_double,1,1000000,736,0.282,0.282,1c8e3c0969ca721d10f0cff30d1542de0795d4b1afd81dbeab684b22fd53e2e5,7f1c1a27229f7a699fa85ff90b5be1266497c462407b39b11f6d94015af8e8ad,d3066ce6e3c19763df09d2ef9185666a6f96f99e57743c9f8038e3cb90e15c4f,FALSE,FALSE,FALSE,FALSE,FALSE,FALSE,FALSE,FALSE,e8c2c3714dfad8ccb787de83956aff6eadd8f5bf3b515e0083ff8aeca241ab2d,e8c2c3714dfad8ccb787de83956aff6eadd8f5bf3b515e0083ff8aeca241ab2d,TRUE
baseline,4,0,FALSE,pair_less,compact,2,1000000,1737,0.308,0.307,1c8e3c0969ca721d10f0cff30d1542de0795d4b1afd81dbeab684b22fd53e2e5,7f1c1a27229f7a699fa85ff90b5be1266497c462407b39b11f6d94015af8e8ad,d3066ce6e3c19763df09d2ef9185666a6f96f99e57743c9f8038e3cb90e15c4f,TRUE,TRUE,FALSE,FALSE,TRUE,TRUE,FALSE,FALSE,0418a77b7087897a0ead6e10b9da2953bfee2ad9da1470ca98b7664e364a3024,0418a77b7087897a0ead6e10b9da2953bfee2ad9da1470ca98b7664e364a3024,TRUE
baseline,4,0,FALSE,pair_less,ordinary,3,1000000,422,0.299,0.299000000000001,1c8e3c0969ca721d10f0cff30d1542de0795d4b1afd81dbeab684b22fd53e2e5,7f1c1a27229f7a699fa85ff90b5be1266497c462407b39b11f6d94015af8e8ad,d3066ce6e3c19763df09d2ef9185666a6f96f99e57743c9f8038e3cb90e15c4f,FALSE,FALSE,FALSE,FALSE,FALSE,FALSE,FALSE,FALSE,71557d1c8bac9bbe3cbec8d00bb223a2f372279827064095447e569fbf5a760a,71557d1c8bac9bbe3cbec8d00bb223a2f372279827064095447e569fbf5a760a,FALSE
baseline,4,0,FALSE,scalar_less,ordinary,1,1000000,427,0.301,0.301,888be2318f047338553582f6247bd3d4f93d26181da856e938a6787f24c386c8,7f1c1a27229f7a699fa85ff90b5be1266497c462407b39b11f6d94015af8e8ad,d3066ce6e3c19763df09d2ef9185666a6f96f99e57743c9f8038e3cb90e15c4f,FALSE,FALSE,FALSE,FALSE,FALSE,FALSE,FALSE,FALSE,71557d1c8bac9bbe3cbec8d00bb223a2f372279827064095447e569fbf5a760a,71557d1c8bac9bbe3cbec8d00bb223a2f372279827064095447e569fbf5a760a,FALSE
baseline,4,0,FALSE,scalar_less,typed_double,2,1000000,1202,0.299,0.300000000000001,888be2318f047338553582f6247bd3d4f93d26181da856e938a6787f24c386c8,7f1c1a27229f7a699fa85ff90b5be1266497c462407b39b11f6d94015af8e8ad,d3066ce6e3c19763df09d2ef9185666a6f96f99e57743c9f8038e3cb90e15c4f,FALSE,FALSE,FALSE,FALSE,FALSE,FALSE,FALSE,FALSE,e8c2c3714dfad8ccb787de83956aff6eadd8f5bf3b515e0083ff8aeca241ab2d,e8c2c3714dfad8ccb787de83956aff6eadd8f5bf3b515e0083ff8aeca241ab2d,TRUE
baseline,4,0,FALSE,scalar_less,compact,3,1000000,998,0.283000000000001,0.283,888be2318f047338553582f6247bd3d4f93d26181da856e938a6787f24c386c8,7f1c1a27229f7a699fa85ff90b5be1266497c462407b39b11f6d94015af8e8ad,d3066ce6e3c19763df09d2ef9185666a6f96f99e57743c9f8038e3cb90e15c4f,TRUE,TRUE,FALSE,FALSE,TRUE,TRUE,FALSE,FALSE,0418a77b7087897a0ead6e10b9da2953bfee2ad9da1470ca98b7664e364a3024,0418a77b7087897a0ead6e10b9da2953bfee2ad9da1470ca98b7664e364a3024,TRUE
baseline,4,0,FALSE,pair_equal,compact,1,1000000,1876,0.318,0.317,3373ec4fcf7f1a2c881385b92a07903da1240202fab5b88ee5d7c2603b3b0428,7f1c1a27229f7a699fa85ff90b5be1266497c462407b39b11f6d94015af8e8ad,d3066ce6e3c19763df09d2ef9185666a6f96f99e57743c9f8038e3cb90e15c4f,TRUE,TRUE,FALSE,FALSE,TRUE,TRUE,FALSE,FALSE,0418a77b7087897a0ead6e10b9da2953bfee2ad9da1470ca98b7664e364a3024,0418a77b7087897a0ead6e10b9da2953bfee2ad9da1470ca98b7664e364a3024,TRUE
baseline,4,0,FALSE,pair_equal,ordinary,2,1000000,427,0.303,0.302999999999999,3373ec4fcf7f1a2c881385b92a07903da1240202fab5b88ee5d7c2603b3b0428,7f1c1a27229f7a699fa85ff90b5be1266497c462407b39b11f6d94015af8e8ad,d3066ce6e3c19763df09d2ef9185666a6f96f99e57743c9f8038e3cb90e15c4f,FALSE,FALSE,FALSE,FALSE,FALSE,FALSE,FALSE,FALSE,71557d1c8bac9bbe3cbec8d00bb223a2f372279827064095447e569fbf5a760a,71557d1c8bac9bbe3cbec8d00bb223a2f372279827064095447e569fbf5a760a,FALSE
baseline,4,0,FALSE,pair_equal,typed_double,3,1000000,823,0.299000000000003,0.299,3373ec4fcf7f1a2c881385b92a07903da1240202fab5b88ee5d7c2603b3b0428,7f1c1a27229f7a699fa85ff90b5be1266497c462407b39b11f6d94015af8e8ad,d3066ce6e3c19763df09d2ef9185666a6f96f99e57743c9f8038e3cb90e15c4f,FALSE,FALSE,FALSE,FALSE,FALSE,FALSE,FALSE,FALSE,e8c2c3714dfad8ccb787de83956aff6eadd8f5bf3b515e0083ff8aeca241ab2d,e8c2c3714dfad8ccb787de83956aff6eadd8f5bf3b515e0083ff8aeca241ab2d,TRUE
baseline,4,0,TRUE,pair_less,typed_double,1,1000000,736,0.298000000000002,0.299,4eb038232aaffe99ba822841a72a1be288b698a16ba15b4e5aef22c587ee61d8,8cb390f4310bb5332e9085281aa52e5236aecd65b982d0e3a7e9174fe845527e,7d3712fb7ae81b29d8c28e354721b4a737f0e878202e5105ef9df6a672d5e6e4,FALSE,FALSE,FALSE,FALSE,FALSE,FALSE,FALSE,FALSE,e8c2c3714dfad8ccb787de83956aff6eadd8f5bf3b515e0083ff8aeca241ab2d,e8c2c3714dfad8ccb787de83956aff6eadd8f5bf3b515e0083ff8aeca241ab2d,TRUE
baseline,4,0,TRUE,pair_less,compact,2,1000000,1410,0.315000000000001,0.315000000000001,4eb038232aaffe99ba822841a72a1be288b698a16ba15b4e5aef22c587ee61d8,8cb390f4310bb5332e9085281aa52e5236aecd65b982d0e3a7e9174fe845527e,7d3712fb7ae81b29d8c28e354721b4a737f0e878202e5105ef9df6a672d5e6e4,TRUE,TRUE,FALSE,FALSE,TRUE,TRUE,FALSE,FALSE,0418a77b7087897a0ead6e10b9da2953bfee2ad9da1470ca98b7664e364a3024,0418a77b7087897a0ead6e10b9da2953bfee2ad9da1470ca98b7664e364a3024,TRUE
baseline,4,0,TRUE,pair_less,ordinary,3,1000000,422,0.301000000000001,0.300000000000001,dfddb9b2b91b422bcc693ca8234e4127d5ce2bf2fcabb02271713137399f3960,8cb390f4310bb5332e9085281aa52e5236aecd65b982d0e3a7e9174fe845527e,7d3712fb7ae81b29d8c28e354721b4a737f0e878202e5105ef9df6a672d5e6e4,FALSE,FALSE,FALSE,FALSE,FALSE,FALSE,FALSE,FALSE,71557d1c8bac9bbe3cbec8d00bb223a2f372279827064095447e569fbf5a760a,71557d1c8bac9bbe3cbec8d00bb223a2f372279827064095447e569fbf5a760a,FALSE
baseline,4,0,TRUE,scalar_less,ordinary,1,1000000,427,0.301999999999998,0.301000000000002,27468a48d9fd9dc5ba71891904e48c03e2dfcbdc043990f010981b4c4efbdb56,8cb390f4310bb5332e9085281aa52e5236aecd65b982d0e3a7e9174fe845527e,7d3712fb7ae81b29d8c28e354721b4a737f0e878202e5105ef9df6a672d5e6e4,FALSE,FALSE,FALSE,FALSE,FALSE,FALSE,FALSE,FALSE,71557d1c8bac9bbe3cbec8d00bb223a2f372279827064095447e569fbf5a760a,71557d1c8bac9bbe3cbec8d00bb223a2f372279827064095447e569fbf5a760a,FALSE
baseline,4,0,TRUE,scalar_less,typed_double,2,1000000,1060,0.3,0.298000000000002,c0fc146f23f813aa8e80aebc4d9d7ac256ddd10f85b65c17173f37c3fe760d8b,8cb390f4310bb5332e9085281aa52e5236aecd65b982d0e3a7e9174fe845527e,7d3712fb7ae81b29d8c28e354721b4a737f0e878202e5105ef9df6a672d5e6e4,FALSE,FALSE,FALSE,FALSE,FALSE,FALSE,FALSE,FALSE,e8c2c3714dfad8ccb787de83956aff6eadd8f5bf3b515e0083ff8aeca241ab2d,e8c2c3714dfad8ccb787de83956aff6eadd8f5bf3b515e0083ff8aeca241ab2d,TRUE
baseline,4,0,TRUE,scalar_less,compact,3,1000000,998,0.277,0.276,c0fc146f23f813aa8e80aebc4d9d7ac256ddd10f85b65c17173f37c3fe760d8b,8cb390f4310bb5332e9085281aa52e5236aecd65b982d0e3a7e9174fe845527e,7d3712fb7ae81b29d8c28e354721b4a737f0e878202e5105ef9df6a672d5e6e4,TRUE,TRUE,FALSE,FALSE,TRUE,TRUE,FALSE,FALSE,0418a77b7087897a0ead6e10b9da2953bfee2ad9da1470ca98b7664e364a3024,0418a77b7087897a0ead6e10b9da2953bfee2ad9da1470ca98b7664e364a3024,TRUE
baseline,4,0,TRUE,pair_equal,compact,1,1000000,1410,0.299999999999997,0.301000000000002,3373ec4fcf7f1a2c881385b92a07903da1240202fab5b88ee5d7c2603b3b0428,8cb390f4310bb5332e9085281aa52e5236aecd65b982d0e3a7e9174fe845527e,7d3712fb7ae81b29d8c28e354721b4a737f0e878202e5105ef9df6a672d5e6e4,TRUE,TRUE,FALSE,FALSE,TRUE,TRUE,FALSE,FALSE,0418a77b7087897a0ead6e10b9da2953bfee2ad9da1470ca98b7664e364a3024,0418a77b7087897a0ead6e10b9da2953bfee2ad9da1470ca98b7664e364a3024,TRUE
baseline,4,0,TRUE,pair_equal,ordinary,2,1000000,427,0.303,0.302,c23d64adae593f70407e6f7f1b56406f1d112f7287b7f688c1c2e14458d73483,8cb390f4310bb5332e9085281aa52e5236aecd65b982d0e3a7e9174fe845527e,7d3712fb7ae81b29d8c28e354721b4a737f0e878202e5105ef9df6a672d5e6e4,FALSE,FALSE,FALSE,FALSE,FALSE,FALSE,FALSE,FALSE,71557d1c8bac9bbe3cbec8d00bb223a2f372279827064095447e569fbf5a760a,71557d1c8bac9bbe3cbec8d00bb223a2f372279827064095447e569fbf5a760a,FALSE
baseline,4,0,TRUE,pair_equal,typed_double,3,1000000,586,0.239,0.238,3373ec4fcf7f1a2c881385b92a07903da1240202fab5b88ee5d7c2603b3b0428,8cb390f4310bb5332e9085281aa52e5236aecd65b982d0e3a7e9174fe845527e,7d3712fb7ae81b29d8c28e354721b4a737f0e878202e5105ef9df6a672d5e6e4,FALSE,FALSE,FALSE,FALSE,FALSE,FALSE,FALSE,FALSE,e8c2c3714dfad8ccb787de83956aff6eadd8f5bf3b515e0083ff8aeca241ab2d,e8c2c3714dfad8ccb787de83956aff6eadd8f5bf3b515e0083ff8aeca241ab2d,TRUE
baseline,5,1,FALSE,pair_less,compact,1,1000000,1617,0.294,0.294,1c8e3c0969ca721d10f0cff30d1542de0795d4b1afd81dbeab684b22fd53e2e5,7f1c1a27229f7a699fa85ff90b5be1266497c462407b39b11f6d94015af8e8ad,d3066ce6e3c19763df09d2ef9185666a6f96f99e57743c9f8038e3cb90e15c4f,TRUE,TRUE,FALSE,FALSE,TRUE,TRUE,FALSE,FALSE,0418a77b7087897a0ead6e10b9da2953bfee2ad9da1470ca98b7664e364a3024,0418a77b7087897a0ead6e10b9da2953bfee2ad9da1470ca98b7664e364a3024,TRUE
baseline,5,1,FALSE,pair_less,typed_double,2,1000000,605,0.244,0.244,1c8e3c0969ca721d10f0cff30d1542de0795d4b1afd81dbeab684b22fd53e2e5,7f1c1a27229f7a699fa85ff90b5be1266497c462407b39b11f6d94015af8e8ad,d3066ce6e3c19763df09d2ef9185666a6f96f99e57743c9f8038e3cb90e15c4f,FALSE,FALSE,FALSE,FALSE,FALSE,FALSE,FALSE,FALSE,e8c2c3714dfad8ccb787de83956aff6eadd8f5bf3b515e0083ff8aeca241ab2d,e8c2c3714dfad8ccb787de83956aff6eadd8f5bf3b515e0083ff8aeca241ab2d,TRUE
baseline,5,1,FALSE,pair_less,ordinary,3,1000000,417,0.3,0.3,1c8e3c0969ca721d10f0cff30d1542de0795d4b1afd81dbeab684b22fd53e2e5,7f1c1a27229f7a699fa85ff90b5be1266497c462407b39b11f6d94015af8e8ad,d3066ce6e3c19763df09d2ef9185666a6f96f99e57743c9f8038e3cb90e15c4f,FALSE,FALSE,FALSE,FALSE,FALSE,FALSE,FALSE,FALSE,71557d1c8bac9bbe3cbec8d00bb223a2f372279827064095447e569fbf5a760a,71557d1c8bac9bbe3cbec8d00bb223a2f372279827064095447e569fbf5a760a,FALSE
baseline,5,1,FALSE,scalar_less,typed_double,1,1000000,1084,0.288,0.288,888be2318f047338553582f6247bd3d4f93d26181da856e938a6787f24c386c8,7f1c1a27229f7a699fa85ff90b5be1266497c462407b39b11f6d94015af8e8ad,d3066ce6e3c19763df09d2ef9185666a6f96f99e57743c9f8038e3cb90e15c4f,FALSE,FALSE,FALSE,FALSE,FALSE,FALSE,FALSE,FALSE,e8c2c3714dfad8ccb787de83956aff6eadd8f5bf3b515e0083ff8aeca241ab2d,e8c2c3714dfad8ccb787de83956aff6eadd8f5bf3b515e0083ff8aeca241ab2d,TRUE
baseline,5,1,FALSE,scalar_less,ordinary,2,1000000,427,0.301,0.301,888be2318f047338553582f6247bd3d4f93d26181da856e938a6787f24c386c8,7f1c1a27229f7a699fa85ff90b5be1266497c462407b39b11f6d94015af8e8ad,d3066ce6e3c19763df09d2ef9185666a6f96f99e57743c9f8038e3cb90e15c4f,FALSE,FALSE,FALSE,FALSE,FALSE,FALSE,FALSE,FALSE,71557d1c8bac9bbe3cbec8d00bb223a2f372279827064095447e569fbf5a760a,71557d1c8bac9bbe3cbec8d00bb223a2f372279827064095447e569fbf5a760a,FALSE
baseline,5,1,FALSE,scalar_less,compact,3,1000000,1078,0.316,0.316,888be2318f047338553582f6247bd3d4f93d26181da856e938a6787f24c386c8,7f1c1a27229f7a699fa85ff90b5be1266497c462407b39b11f6d94015af8e8ad,d3066ce6e3c19763df09d2ef9185666a6f96f99e57743c9f8038e3cb90e15c4f,TRUE,TRUE,FALSE,FALSE,TRUE,TRUE,FALSE,FALSE,0418a77b7087897a0ead6e10b9da2953bfee2ad9da1470ca98b7664e364a3024,0418a77b7087897a0ead6e10b9da2953bfee2ad9da1470ca98b7664e364a3024,TRUE
baseline,5,1,FALSE,pair_equal,ordinary,1,1000000,417,0.297,0.297,3373ec4fcf7f1a2c881385b92a07903da1240202fab5b88ee5d7c2603b3b0428,7f1c1a27229f7a699fa85ff90b5be1266497c462407b39b11f6d94015af8e8ad,d3066ce6e3c19763df09d2ef9185666a6f96f99e57743c9f8038e3cb90e15c4f,FALSE,FALSE,FALSE,FALSE,FALSE,FALSE,FALSE,FALSE,71557d1c8bac9bbe3cbec8d00bb223a2f372279827064095447e569fbf5a760a,71557d1c8bac9bbe3cbec8d00bb223a2f372279827064095447e569fbf5a760a,FALSE
baseline,5,1,FALSE,pair_equal,compact,2,1000000,1603,0.272,0.272,3373ec4fcf7f1a2c881385b92a07903da1240202fab5b88ee5d7c2603b3b0428,7f1c1a27229f7a699fa85ff90b5be1266497c462407b39b11f6d94015af8e8ad,d3066ce6e3c19763df09d2ef9185666a6f96f99e57743c9f8038e3cb90e15c4f,TRUE,TRUE,FALSE,FALSE,TRUE,TRUE,FALSE,FALSE,0418a77b7087897a0ead6e10b9da2953bfee2ad9da1470ca98b7664e364a3024,0418a77b7087897a0ead6e10b9da2953bfee2ad9da1470ca98b7664e364a3024,TRUE
baseline,5,1,FALSE,pair_equal,typed_double,3,1000000,819,0.317000000000001,0.316,3373ec4fcf7f1a2c881385b92a07903da1240202fab5b88ee5d7c2603b3b0428,7f1c1a27229f7a699fa85ff90b5be1266497c462407b39b11f6d94015af8e8ad,d3066ce6e3c19763df09d2ef9185666a6f96f99e57743c9f8038e3cb90e15c4f,FALSE,FALSE,FALSE,FALSE,FALSE,FALSE,FALSE,FALSE,e8c2c3714dfad8ccb787de83956aff6eadd8f5bf3b515e0083ff8aeca241ab2d,e8c2c3714dfad8ccb787de83956aff6eadd8f5bf3b515e0083ff8aeca241ab2d,TRUE
baseline,5,1,TRUE,pair_less,compact,1,1000000,1400,0.313,0.314,4eb038232aaffe99ba822841a72a1be288b698a16ba15b4e5aef22c587ee61d8,8cb390f4310bb5332e9085281aa52e5236aecd65b982d0e3a7e9174fe845527e,7d3712fb7ae81b29d8c28e354721b4a737f0e878202e5105ef9df6a672d5e6e4,TRUE,TRUE,FALSE,FALSE,TRUE,TRUE,FALSE,FALSE,0418a77b7087897a0ead6e10b9da2953bfee2ad9da1470ca98b7664e364a3024,0418a77b7087897a0ead6e10b9da2953bfee2ad9da1470ca98b7664e364a3024,TRUE
baseline,5,1,TRUE,pair_less,typed_double,2,1000000,736,0.316,0.316,4eb038232aaffe99ba822841a72a1be288b698a16ba15b4e5aef22c587ee61d8,8cb390f4310bb5332e9085281aa52e5236aecd65b982d0e3a7e9174fe845527e,7d3712fb7ae81b29d8c28e354721b4a737f0e878202e5105ef9df6a672d5e6e4,FALSE,FALSE,FALSE,FALSE,FALSE,FALSE,FALSE,FALSE,e8c2c3714dfad8ccb787de83956aff6eadd8f5bf3b515e0083ff8aeca241ab2d,e8c2c3714dfad8ccb787de83956aff6eadd8f5bf3b515e0083ff8aeca241ab2d,TRUE
baseline,5,1,TRUE,pair_less,ordinary,3,1000000,422,0.299,0.3,dfddb9b2b91b422bcc693ca8234e4127d5ce2bf2fcabb02271713137399f3960,8cb390f4310bb5332e9085281aa52e5236aecd65b982d0e3a7e9174fe845527e,7d3712fb7ae81b29d8c28e354721b4a737f0e878202e5105ef9df6a672d5e6e4,FALSE,FALSE,FALSE,FALSE,FALSE,FALSE,FALSE,FALSE,71557d1c8bac9bbe3cbec8d00bb223a2f372279827064095447e569fbf5a760a,71557d1c8bac9bbe3cbec8d00bb223a2f372279827064095447e569fbf5a760a,FALSE
baseline,5,1,TRUE,scalar_less,typed_double,1,1000000,1060,0.321,0.321999999999999,c0fc146f23f813aa8e80aebc4d9d7ac256ddd10f85b65c17173f37c3fe760d8b,8cb390f4310bb5332e9085281aa52e5236aecd65b982d0e3a7e9174fe845527e,7d3712fb7ae81b29d8c28e354721b4a737f0e878202e5105ef9df6a672d5e6e4,FALSE,FALSE,FALSE,FALSE,FALSE,FALSE,FALSE,FALSE,e8c2c3714dfad8ccb787de83956aff6eadd8f5bf3b515e0083ff8aeca241ab2d,e8c2c3714dfad8ccb787de83956aff6eadd8f5bf3b515e0083ff8aeca241ab2d,TRUE
baseline,5,1,TRUE,scalar_less,ordinary,2,1000000,427,0.300000000000001,0.299999999999999,27468a48d9fd9dc5ba71891904e48c03e2dfcbdc043990f010981b4c4efbdb56,8cb390f4310bb5332e9085281aa52e5236aecd65b982d0e3a7e9174fe845527e,7d3712fb7ae81b29d8c28e354721b4a737f0e878202e5105ef9df6a672d5e6e4,FALSE,FALSE,FALSE,FALSE,FALSE,FALSE,FALSE,FALSE,71557d1c8bac9bbe3cbec8d00bb223a2f372279827064095447e569fbf5a760a,71557d1c8bac9bbe3cbec8d00bb223a2f372279827064095447e569fbf5a760a,FALSE
baseline,5,1,TRUE,scalar_less,compact,3,1000000,1072,0.314,0.314,c0fc146f23f813aa8e80aebc4d9d7ac256ddd10f85b65c17173f37c3fe760d8b,8cb390f4310bb5332e9085281aa52e5236aecd65b982d0e3a7e9174fe845527e,7d3712fb7ae81b29d8c28e354721b4a737f0e878202e5105ef9df6a672d5e6e4,TRUE,TRUE,FALSE,FALSE,TRUE,TRUE,FALSE,FALSE,0418a77b7087897a0ead6e10b9da2953bfee2ad9da1470ca98b7664e364a3024,0418a77b7087897a0ead6e10b9da2953bfee2ad9da1470ca98b7664e364a3024,TRUE
baseline,5,1,TRUE,pair_equal,ordinary,1,1000000,427,0.304000000000001,0.302,c23d64adae593f70407e6f7f1b56406f1d112f7287b7f688c1c2e14458d73483,8cb390f4310bb5332e9085281aa52e5236aecd65b982d0e3a7e9174fe845527e,7d3712fb7ae81b29d8c28e354721b4a737f0e878202e5105ef9df6a672d5e6e4,FALSE,FALSE,FALSE,FALSE,FALSE,FALSE,FALSE,FALSE,71557d1c8bac9bbe3cbec8d00bb223a2f372279827064095447e569fbf5a760a,71557d1c8bac9bbe3cbec8d00bb223a2f372279827064095447e569fbf5a760a,FALSE
baseline,5,1,TRUE,pair_equal,compact,2,1000000,1400,0.315,0.315,3373ec4fcf7f1a2c881385b92a07903da1240202fab5b88ee5d7c2603b3b0428,8cb390f4310bb5332e9085281aa52e5236aecd65b982d0e3a7e9174fe845527e,7d3712fb7ae81b29d8c28e354721b4a737f0e878202e5105ef9df6a672d5e6e4,TRUE,TRUE,FALSE,FALSE,TRUE,TRUE,FALSE,FALSE,0418a77b7087897a0ead6e10b9da2953bfee2ad9da1470ca98b7664e364a3024,0418a77b7087897a0ead6e10b9da2953bfee2ad9da1470ca98b7664e364a3024,TRUE
baseline,5,1,TRUE,pair_equal,typed_double,3,1000000,750,0.305,0.306000000000001,3373ec4fcf7f1a2c881385b92a07903da1240202fab5b88ee5d7c2603b3b0428,8cb390f4310bb5332e9085281aa52e5236aecd65b982d0e3a7e9174fe845527e,7d3712fb7ae81b29d8c28e354721b4a737f0e878202e5105ef9df6a672d5e6e4,FALSE,FALSE,FALSE,FALSE,FALSE,FALSE,FALSE,FALSE,e8c2c3714dfad8ccb787de83956aff6eadd8f5bf3b515e0083ff8aeca241ab2d,e8c2c3714dfad8ccb787de83956aff6eadd8f5bf3b515e0083ff8aeca241ab2d,TRUE
baseline,5,0,FALSE,pair_less,compact,1,1000000,1857,0.315,0.314,1c8e3c0969ca721d10f0cff30d1542de0795d4b1afd81dbeab684b22fd53e2e5,7f1c1a27229f7a699fa85ff90b5be1266497c462407b39b11f6d94015af8e8ad,d3066ce6e3c19763df09d2ef9185666a6f96f99e57743c9f8038e3cb90e15c4f,TRUE,TRUE,FALSE,FALSE,TRUE,TRUE,FALSE,FALSE,0418a77b7087897a0ead6e10b9da2953bfee2ad9da1470ca98b7664e364a3024,0418a77b7087897a0ead6e10b9da2953bfee2ad9da1470ca98b7664e364a3024,TRUE
baseline,5,0,FALSE,pair_less,typed_double,2,1000000,816,0.296999999999999,0.296999999999999,1c8e3c0969ca721d10f0cff30d1542de0795d4b1afd81dbeab684b22fd53e2e5,7f1c1a27229f7a699fa85ff90b5be1266497c462407b39b11f6d94015af8e8ad,d3066ce6e3c19763df09d2ef9185666a6f96f99e57743c9f8038e3cb90e15c4f,FALSE,FALSE,FALSE,FALSE,FALSE,FALSE,FALSE,FALSE,e8c2c3714dfad8ccb787de83956aff6eadd8f5bf3b515e0083ff8aeca241ab2d,e8c2c3714dfad8ccb787de83956aff6eadd8f5bf3b515e0083ff8aeca241ab2d,TRUE
baseline,5,0,FALSE,pair_less,ordinary,3,1000000,427,0.319000000000001,0.318999999999999,1c8e3c0969ca721d10f0cff30d1542de0795d4b1afd81dbeab684b22fd53e2e5,7f1c1a27229f7a699fa85ff90b5be1266497c462407b39b11f6d94015af8e8ad,d3066ce6e3c19763df09d2ef9185666a6f96f99e57743c9f8038e3cb90e15c4f,FALSE,FALSE,FALSE,FALSE,FALSE,FALSE,FALSE,FALSE,71557d1c8bac9bbe3cbec8d00bb223a2f372279827064095447e569fbf5a760a,71557d1c8bac9bbe3cbec8d00bb223a2f372279827064095447e569fbf5a760a,FALSE
baseline,5,0,FALSE,scalar_less,typed_double,1,1000000,1210,0.302000000000001,0.302999999999999,888be2318f047338553582f6247bd3d4f93d26181da856e938a6787f24c386c8,7f1c1a27229f7a699fa85ff90b5be1266497c462407b39b11f6d94015af8e8ad,d3066ce6e3c19763df09d2ef9185666a6f96f99e57743c9f8038e3cb90e15c4f,FALSE,FALSE,FALSE,FALSE,FALSE,FALSE,FALSE,FALSE,e8c2c3714dfad8ccb787de83956aff6eadd8f5bf3b515e0083ff8aeca241ab2d,e8c2c3714dfad8ccb787de83956aff6eadd8f5bf3b515e0083ff8aeca241ab2d,TRUE
baseline,5,0,FALSE,scalar_less,ordinary,2,1000000,427,0.299999999999999,0.300000000000001,888be2318f047338553582f6247bd3d4f93d26181da856e938a6787f24c386c8,7f1c1a27229f7a699fa85ff90b5be1266497c462407b39b11f6d94015af8e8ad,d3066ce6e3c19763df09d2ef9185666a6f96f99e57743c9f8038e3cb90e15c4f,FALSE,FALSE,FALSE,FALSE,FALSE,FALSE,FALSE,FALSE,71557d1c8bac9bbe3cbec8d00bb223a2f372279827064095447e569fbf5a760a,71557d1c8bac9bbe3cbec8d00bb223a2f372279827064095447e569fbf5a760a,FALSE
baseline,5,0,FALSE,scalar_less,compact,3,1000000,1078,0.300000000000001,0.300000000000001,888be2318f047338553582f6247bd3d4f93d26181da856e938a6787f24c386c8,7f1c1a27229f7a699fa85ff90b5be1266497c462407b39b11f6d94015af8e8ad,d3066ce6e3c19763df09d2ef9185666a6f96f99e57743c9f8038e3cb90e15c4f,TRUE,TRUE,FALSE,FALSE,TRUE,TRUE,FALSE,FALSE,0418a77b7087897a0ead6e10b9da2953bfee2ad9da1470ca98b7664e364a3024,0418a77b7087897a0ead6e10b9da2953bfee2ad9da1470ca98b7664e364a3024,TRUE
baseline,5,0,FALSE,pair_equal,ordinary,1,1000000,427,0.303000000000001,0.303000000000001,3373ec4fcf7f1a2c881385b92a07903da1240202fab5b88ee5d7c2603b3b0428,7f1c1a27229f7a699fa85ff90b5be1266497c462407b39b11f6d94015af8e8ad,d3066ce6e3c19763df09d2ef9185666a6f96f99e57743c9f8038e3cb90e15c4f,FALSE,FALSE,FALSE,FALSE,FALSE,FALSE,FALSE,FALSE,71557d1c8bac9bbe3cbec8d00bb223a2f372279827064095447e569fbf5a760a,71557d1c8bac9bbe3cbec8d00bb223a2f372279827064095447e569fbf5a760a,FALSE
baseline,5,0,FALSE,pair_equal,compact,2,1000000,1857,0.297000000000001,0.297999999999998,3373ec4fcf7f1a2c881385b92a07903da1240202fab5b88ee5d7c2603b3b0428,7f1c1a27229f7a699fa85ff90b5be1266497c462407b39b11f6d94015af8e8ad,d3066ce6e3c19763df09d2ef9185666a6f96f99e57743c9f8038e3cb90e15c4f,TRUE,TRUE,FALSE,FALSE,TRUE,TRUE,FALSE,FALSE,0418a77b7087897a0ead6e10b9da2953bfee2ad9da1470ca98b7664e364a3024,0418a77b7087897a0ead6e10b9da2953bfee2ad9da1470ca98b7664e364a3024,TRUE
baseline,5,0,FALSE,pair_equal,typed_double,3,1000000,647,0.236000000000001,0.234999999999999,3373ec4fcf7f1a2c881385b92a07903da1240202fab5b88ee5d7c2603b3b0428,7f1c1a27229f7a699fa85ff90b5be1266497c462407b39b11f6d94015af8e8ad,d3066ce6e3c19763df09d2ef9185666a6f96f99e57743c9f8038e3cb90e15c4f,FALSE,FALSE,FALSE,FALSE,FALSE,FALSE,FALSE,FALSE,e8c2c3714dfad8ccb787de83956aff6eadd8f5bf3b515e0083ff8aeca241ab2d,e8c2c3714dfad8ccb787de83956aff6eadd8f5bf3b515e0083ff8aeca241ab2d,TRUE
baseline,5,0,TRUE,pair_less,compact,1,1000000,1400,0.315,0.314,4eb038232aaffe99ba822841a72a1be288b698a16ba15b4e5aef22c587ee61d8,8cb390f4310bb5332e9085281aa52e5236aecd65b982d0e3a7e9174fe845527e,7d3712fb7ae81b29d8c28e354721b4a737f0e878202e5105ef9df6a672d5e6e4,TRUE,TRUE,FALSE,FALSE,TRUE,TRUE,FALSE,FALSE,0418a77b7087897a0ead6e10b9da2953bfee2ad9da1470ca98b7664e364a3024,0418a77b7087897a0ead6e10b9da2953bfee2ad9da1470ca98b7664e364a3024,TRUE
baseline,5,0,TRUE,pair_less,typed_double,2,1000000,736,0.301000000000001,0.300999999999998,4eb038232aaffe99ba822841a72a1be288b698a16ba15b4e5aef22c587ee61d8,8cb390f4310bb5332e9085281aa52e5236aecd65b982d0e3a7e9174fe845527e,7d3712fb7ae81b29d8c28e354721b4a737f0e878202e5105ef9df6a672d5e6e4,FALSE,FALSE,FALSE,FALSE,FALSE,FALSE,FALSE,FALSE,e8c2c3714dfad8ccb787de83956aff6eadd8f5bf3b515e0083ff8aeca241ab2d,e8c2c3714dfad8ccb787de83956aff6eadd8f5bf3b515e0083ff8aeca241ab2d,TRUE
baseline,5,0,TRUE,pair_less,ordinary,3,1000000,422,0.299,0.299,dfddb9b2b91b422bcc693ca8234e4127d5ce2bf2fcabb02271713137399f3960,8cb390f4310bb5332e9085281aa52e5236aecd65b982d0e3a7e9174fe845527e,7d3712fb7ae81b29d8c28e354721b4a737f0e878202e5105ef9df6a672d5e6e4,FALSE,FALSE,FALSE,FALSE,FALSE,FALSE,FALSE,FALSE,71557d1c8bac9bbe3cbec8d00bb223a2f372279827064095447e569fbf5a760a,71557d1c8bac9bbe3cbec8d00bb223a2f372279827064095447e569fbf5a760a,FALSE
baseline,5,0,TRUE,scalar_less,typed_double,1,1000000,1066,0.315999999999999,0.315999999999999,c0fc146f23f813aa8e80aebc4d9d7ac256ddd10f85b65c17173f37c3fe760d8b,8cb390f4310bb5332e9085281aa52e5236aecd65b982d0e3a7e9174fe845527e,7d3712fb7ae81b29d8c28e354721b4a737f0e878202e5105ef9df6a672d5e6e4,FALSE,FALSE,FALSE,FALSE,FALSE,FALSE,FALSE,FALSE,e8c2c3714dfad8ccb787de83956aff6eadd8f5bf3b515e0083ff8aeca241ab2d,e8c2c3714dfad8ccb787de83956aff6eadd8f5bf3b515e0083ff8aeca241ab2d,TRUE
baseline,5,0,TRUE,scalar_less,ordinary,2,1000000,422,0.295999999999999,0.295999999999999,27468a48d9fd9dc5ba71891904e48c03e2dfcbdc043990f010981b4c4efbdb56,8cb390f4310bb5332e9085281aa52e5236aecd65b982d0e3a7e9174fe845527e,7d3712fb7ae81b29d8c28e354721b4a737f0e878202e5105ef9df6a672d5e6e4,FALSE,FALSE,FALSE,FALSE,FALSE,FALSE,FALSE,FALSE,71557d1c8bac9bbe3cbec8d00bb223a2f372279827064095447e569fbf5a760a,71557d1c8bac9bbe3cbec8d00bb223a2f372279827064095447e569fbf5a760a,FALSE
baseline,5,0,TRUE,scalar_less,compact,3,1000000,1084,0.301999999999998,0.301000000000002,c0fc146f23f813aa8e80aebc4d9d7ac256ddd10f85b65c17173f37c3fe760d8b,8cb390f4310bb5332e9085281aa52e5236aecd65b982d0e3a7e9174fe845527e,7d3712fb7ae81b29d8c28e354721b4a737f0e878202e5105ef9df6a672d5e6e4,TRUE,TRUE,FALSE,FALSE,TRUE,TRUE,FALSE,FALSE,0418a77b7087897a0ead6e10b9da2953bfee2ad9da1470ca98b7664e364a3024,0418a77b7087897a0ead6e10b9da2953bfee2ad9da1470ca98b7664e364a3024,TRUE
baseline,5,0,TRUE,pair_equal,ordinary,1,1000000,427,0.318999999999998,0.318999999999999,c23d64adae593f70407e6f7f1b56406f1d112f7287b7f688c1c2e14458d73483,8cb390f4310bb5332e9085281aa52e5236aecd65b982d0e3a7e9174fe845527e,7d3712fb7ae81b29d8c28e354721b4a737f0e878202e5105ef9df6a672d5e6e4,FALSE,FALSE,FALSE,FALSE,FALSE,FALSE,FALSE,FALSE,71557d1c8bac9bbe3cbec8d00bb223a2f372279827064095447e569fbf5a760a,71557d1c8bac9bbe3cbec8d00bb223a2f372279827064095447e569fbf5a760a,FALSE
baseline,5,0,TRUE,pair_equal,compact,2,1000000,1389,0.297000000000001,0.296999999999997,3373ec4fcf7f1a2c881385b92a07903da1240202fab5b88ee5d7c2603b3b0428,8cb390f4310bb5332e9085281aa52e5236aecd65b982d0e3a7e9174fe845527e,7d3712fb7ae81b29d8c28e354721b4a737f0e878202e5105ef9df6a672d5e6e4,TRUE,TRUE,FALSE,FALSE,TRUE,TRUE,FALSE,FALSE,0418a77b7087897a0ead6e10b9da2953bfee2ad9da1470ca98b7664e364a3024,0418a77b7087897a0ead6e10b9da2953bfee2ad9da1470ca98b7664e364a3024,TRUE
baseline,5,0,TRUE,pair_equal,typed_double,3,1000000,736,0.315999999999999,0.315999999999999,3373ec4fcf7f1a2c881385b92a07903da1240202fab5b88ee5d7c2603b3b0428,8cb390f4310bb5332e9085281aa52e5236aecd65b982d0e3a7e9174fe845527e,7d3712fb7ae81b29d8c28e354721b4a737f0e878202e5105ef9df6a672d5e6e4,FALSE,FALSE,FALSE,FALSE,FALSE,FALSE,FALSE,FALSE,e8c2c3714dfad8ccb787de83956aff6eadd8f5bf3b515e0083ff8aeca241ab2d,e8c2c3714dfad8ccb787de83956aff6eadd8f5bf3b515e0083ff8aeca241ab2d,TRUE
candidate,5,1,FALSE,pair_less,compact,1,1000000,1617,0.289,0.289,1c8e3c0969ca721d10f0cff30d1542de0795d4b1afd81dbeab684b22fd53e2e5,7f1c1a27229f7a699fa85ff90b5be1266497c462407b39b11f6d94015af8e8ad,d3066ce6e3c19763df09d2ef9185666a6f96f99e57743c9f8038e3cb90e15c4f,TRUE,TRUE,FALSE,FALSE,TRUE,TRUE,FALSE,FALSE,0418a77b7087897a0ead6e10b9da2953bfee2ad9da1470ca98b7664e364a3024,0418a77b7087897a0ead6e10b9da2953bfee2ad9da1470ca98b7664e364a3024,TRUE
candidate,5,1,FALSE,pair_less,typed_double,2,1000000,722,0.229,0.229,1c8e3c0969ca721d10f0cff30d1542de0795d4b1afd81dbeab684b22fd53e2e5,7f1c1a27229f7a699fa85ff90b5be1266497c462407b39b11f6d94015af8e8ad,d3066ce6e3c19763df09d2ef9185666a6f96f99e57743c9f8038e3cb90e15c4f,FALSE,FALSE,FALSE,FALSE,FALSE,FALSE,FALSE,FALSE,e8c2c3714dfad8ccb787de83956aff6eadd8f5bf3b515e0083ff8aeca241ab2d,e8c2c3714dfad8ccb787de83956aff6eadd8f5bf3b515e0083ff8aeca241ab2d,TRUE
candidate,5,1,FALSE,pair_less,ordinary,3,1000000,417,0.299,0.299,1c8e3c0969ca721d10f0cff30d1542de0795d4b1afd81dbeab684b22fd53e2e5,7f1c1a27229f7a699fa85ff90b5be1266497c462407b39b11f6d94015af8e8ad,d3066ce6e3c19763df09d2ef9185666a6f96f99e57743c9f8038e3cb90e15c4f,FALSE,FALSE,FALSE,FALSE,FALSE,FALSE,FALSE,FALSE,71557d1c8bac9bbe3cbec8d00bb223a2f372279827064095447e569fbf5a760a,71557d1c8bac9bbe3cbec8d00bb223a2f372279827064095447e569fbf5a760a,FALSE
candidate,5,1,FALSE,scalar_less,typed_double,1,1000000,1103,0.292,0.292,888be2318f047338553582f6247bd3d4f93d26181da856e938a6787f24c386c8,7f1c1a27229f7a699fa85ff90b5be1266497c462407b39b11f6d94015af8e8ad,d3066ce6e3c19763df09d2ef9185666a6f96f99e57743c9f8038e3cb90e15c4f,FALSE,FALSE,FALSE,FALSE,FALSE,FALSE,FALSE,FALSE,e8c2c3714dfad8ccb787de83956aff6eadd8f5bf3b515e0083ff8aeca241ab2d,e8c2c3714dfad8ccb787de83956aff6eadd8f5bf3b515e0083ff8aeca241ab2d,TRUE
candidate,5,1,FALSE,scalar_less,ordinary,2,1000000,427,0.301,0.3,888be2318f047338553582f6247bd3d4f93d26181da856e938a6787f24c386c8,7f1c1a27229f7a699fa85ff90b5be1266497c462407b39b11f6d94015af8e8ad,d3066ce6e3c19763df09d2ef9185666a6f96f99e57743c9f8038e3cb90e15c4f,FALSE,FALSE,FALSE,FALSE,FALSE,FALSE,FALSE,FALSE,71557d1c8bac9bbe3cbec8d00bb223a2f372279827064095447e569fbf5a760a,71557d1c8bac9bbe3cbec8d00bb223a2f372279827064095447e569fbf5a760a,FALSE
candidate,5,1,FALSE,scalar_less,compact,3,1000000,1072,0.315,0.316,888be2318f047338553582f6247bd3d4f93d26181da856e938a6787f24c386c8,7f1c1a27229f7a699fa85ff90b5be1266497c462407b39b11f6d94015af8e8ad,d3066ce6e3c19763df09d2ef9185666a6f96f99e57743c9f8038e3cb90e15c4f,TRUE,TRUE,FALSE,FALSE,TRUE,TRUE,FALSE,FALSE,0418a77b7087897a0ead6e10b9da2953bfee2ad9da1470ca98b7664e364a3024,0418a77b7087897a0ead6e10b9da2953bfee2ad9da1470ca98b7664e364a3024,TRUE
candidate,5,1,FALSE,pair_equal,ordinary,1,1000000,417,0.296,0.296,3373ec4fcf7f1a2c881385b92a07903da1240202fab5b88ee5d7c2603b3b0428,7f1c1a27229f7a699fa85ff90b5be1266497c462407b39b11f6d94015af8e8ad,d3066ce6e3c19763df09d2ef9185666a6f96f99e57743c9f8038e3cb90e15c4f,FALSE,FALSE,FALSE,FALSE,FALSE,FALSE,FALSE,FALSE,71557d1c8bac9bbe3cbec8d00bb223a2f372279827064095447e569fbf5a760a,71557d1c8bac9bbe3cbec8d00bb223a2f372279827064095447e569fbf5a760a,FALSE
candidate,5,1,FALSE,pair_equal,compact,2,1000000,1603,0.273,0.273000000000001,3373ec4fcf7f1a2c881385b92a07903da1240202fab5b88ee5d7c2603b3b0428,7f1c1a27229f7a699fa85ff90b5be1266497c462407b39b11f6d94015af8e8ad,d3066ce6e3c19763df09d2ef9185666a6f96f99e57743c9f8038e3cb90e15c4f,TRUE,TRUE,FALSE,FALSE,TRUE,TRUE,FALSE,FALSE,0418a77b7087897a0ead6e10b9da2953bfee2ad9da1470ca98b7664e364a3024,0418a77b7087897a0ead6e10b9da2953bfee2ad9da1470ca98b7664e364a3024,TRUE
candidate,5,1,FALSE,pair_equal,typed_double,3,1000000,1048,0.318,0.318,3373ec4fcf7f1a2c881385b92a07903da1240202fab5b88ee5d7c2603b3b0428,7f1c1a27229f7a699fa85ff90b5be1266497c462407b39b11f6d94015af8e8ad,d3066ce6e3c19763df09d2ef9185666a6f96f99e57743c9f8038e3cb90e15c4f,FALSE,FALSE,FALSE,FALSE,FALSE,FALSE,FALSE,FALSE,e8c2c3714dfad8ccb787de83956aff6eadd8f5bf3b515e0083ff8aeca241ab2d,e8c2c3714dfad8ccb787de83956aff6eadd8f5bf3b515e0083ff8aeca241ab2d,TRUE
candidate,5,1,TRUE,pair_less,compact,1,1000000,1410,0.32,0.319,4eb038232aaffe99ba822841a72a1be288b698a16ba15b4e5aef22c587ee61d8,8cb390f4310bb5332e9085281aa52e5236aecd65b982d0e3a7e9174fe845527e,7d3712fb7ae81b29d8c28e354721b4a737f0e878202e5105ef9df6a672d5e6e4,TRUE,TRUE,FALSE,FALSE,TRUE,TRUE,FALSE,FALSE,0418a77b7087897a0ead6e10b9da2953bfee2ad9da1470ca98b7664e364a3024,0418a77b7087897a0ead6e10b9da2953bfee2ad9da1470ca98b7664e364a3024,TRUE
candidate,5,1,TRUE,pair_less,typed_double,2,1000000,772,0.302,0.301,4eb038232aaffe99ba822841a72a1be288b698a16ba15b4e5aef22c587ee61d8,8cb390f4310bb5332e9085281aa52e5236aecd65b982d0e3a7e9174fe845527e,7d3712fb7ae81b29d8c28e354721b4a737f0e878202e5105ef9df6a672d5e6e4,FALSE,FALSE,FALSE,FALSE,FALSE,FALSE,FALSE,FALSE,e8c2c3714dfad8ccb787de83956aff6eadd8f5bf3b515e0083ff8aeca241ab2d,e8c2c3714dfad8ccb787de83956aff6eadd8f5bf3b515e0083ff8aeca241ab2d,TRUE
candidate,5,1,TRUE,pair_less,ordinary,3,1000000,427,0.300999999999999,0.302,dfddb9b2b91b422bcc693ca8234e4127d5ce2bf2fcabb02271713137399f3960,8cb390f4310bb5332e9085281aa52e5236aecd65b982d0e3a7e9174fe845527e,7d3712fb7ae81b29d8c28e354721b4a737f0e878202e5105ef9df6a672d5e6e4,FALSE,FALSE,FALSE,FALSE,FALSE,FALSE,FALSE,FALSE,71557d1c8bac9bbe3cbec8d00bb223a2f372279827064095447e569fbf5a760a,71557d1c8bac9bbe3cbec8d00bb223a2f372279827064095447e569fbf5a760a,FALSE
candidate,5,1,TRUE,scalar_less,typed_double,1,1000000,1054,0.311,0.311999999999999,c0fc146f23f813aa8e80aebc4d9d7ac256ddd10f85b65c17173f37c3fe760d8b,8cb390f4310bb5332e9085281aa52e5236aecd65b982d0e3a7e9174fe845527e,7d3712fb7ae81b29d8c28e354721b4a737f0e878202e5105ef9df6a672d5e6e4,FALSE,FALSE,FALSE,FALSE,FALSE,FALSE,FALSE,FALSE,e8c2c3714dfad8ccb787de83956aff6eadd8f5bf3b515e0083ff8aeca241ab2d,e8c2c3714dfad8ccb787de83956aff6eadd8f5bf3b515e0083ff8aeca241ab2d,TRUE
candidate,5,1,TRUE,scalar_less,ordinary,2,1000000,432,0.302000000000001,0.303000000000001,27468a48d9fd9dc5ba71891904e48c03e2dfcbdc043990f010981b4c4efbdb56,8cb390f4310bb5332e9085281aa52e5236aecd65b982d0e3a7e9174fe845527e,7d3712fb7ae81b29d8c28e354721b4a737f0e878202e5105ef9df6a672d5e6e4,FALSE,FALSE,FALSE,FALSE,FALSE,FALSE,FALSE,FALSE,71557d1c8bac9bbe3cbec8d00bb223a2f372279827064095447e569fbf5a760a,71557d1c8bac9bbe3cbec8d00bb223a2f372279827064095447e569fbf5a760a,FALSE
candidate,5,1,TRUE,scalar_less,compact,3,1000000,1078,0.298,0.298,c0fc146f23f813aa8e80aebc4d9d7ac256ddd10f85b65c17173f37c3fe760d8b,8cb390f4310bb5332e9085281aa52e5236aecd65b982d0e3a7e9174fe845527e,7d3712fb7ae81b29d8c28e354721b4a737f0e878202e5105ef9df6a672d5e6e4,TRUE,TRUE,FALSE,FALSE,TRUE,TRUE,FALSE,FALSE,0418a77b7087897a0ead6e10b9da2953bfee2ad9da1470ca98b7664e364a3024,0418a77b7087897a0ead6e10b9da2953bfee2ad9da1470ca98b7664e364a3024,TRUE
candidate,5,1,TRUE,pair_equal,ordinary,1,1000000,427,0.303,0.301,c23d64adae593f70407e6f7f1b56406f1d112f7287b7f688c1c2e14458d73483,8cb390f4310bb5332e9085281aa52e5236aecd65b982d0e3a7e9174fe845527e,7d3712fb7ae81b29d8c28e354721b4a737f0e878202e5105ef9df6a672d5e6e4,FALSE,FALSE,FALSE,FALSE,FALSE,FALSE,FALSE,FALSE,71557d1c8bac9bbe3cbec8d00bb223a2f372279827064095447e569fbf5a760a,71557d1c8bac9bbe3cbec8d00bb223a2f372279827064095447e569fbf5a760a,FALSE
candidate,5,1,TRUE,pair_equal,compact,2,1000000,1410,0.319000000000001,0.318999999999999,3373ec4fcf7f1a2c881385b92a07903da1240202fab5b88ee5d7c2603b3b0428,8cb390f4310bb5332e9085281aa52e5236aecd65b982d0e3a7e9174fe845527e,7d3712fb7ae81b29d8c28e354721b4a737f0e878202e5105ef9df6a672d5e6e4,TRUE,TRUE,FALSE,FALSE,TRUE,TRUE,FALSE,FALSE,0418a77b7087897a0ead6e10b9da2953bfee2ad9da1470ca98b7664e364a3024,0418a77b7087897a0ead6e10b9da2953bfee2ad9da1470ca98b7664e364a3024,TRUE
candidate,5,1,TRUE,pair_equal,typed_double,3,1000000,750,0.299,0.300000000000001,3373ec4fcf7f1a2c881385b92a07903da1240202fab5b88ee5d7c2603b3b0428,8cb390f4310bb5332e9085281aa52e5236aecd65b982d0e3a7e9174fe845527e,7d3712fb7ae81b29d8c28e354721b4a737f0e878202e5105ef9df6a672d5e6e4,FALSE,FALSE,FALSE,FALSE,FALSE,FALSE,FALSE,FALSE,e8c2c3714dfad8ccb787de83956aff6eadd8f5bf3b515e0083ff8aeca241ab2d,e8c2c3714dfad8ccb787de83956aff6eadd8f5bf3b515e0083ff8aeca241ab2d,TRUE
candidate,5,0,FALSE,pair_less,compact,1,1000000,1839,0.31,0.31,1c8e3c0969ca721d10f0cff30d1542de0795d4b1afd81dbeab684b22fd53e2e5,7f1c1a27229f7a699fa85ff90b5be1266497c462407b39b11f6d94015af8e8ad,d3066ce6e3c19763df09d2ef9185666a6f96f99e57743c9f8038e3cb90e15c4f,TRUE,TRUE,FALSE,FALSE,TRUE,TRUE,FALSE,FALSE,0418a77b7087897a0ead6e10b9da2953bfee2ad9da1470ca98b7664e364a3024,0418a77b7087897a0ead6e10b9da2953bfee2ad9da1470ca98b7664e364a3024,TRUE
candidate,5,0,FALSE,pair_less,typed_double,2,1000000,1054,0.298,0.298,1c8e3c0969ca721d10f0cff30d1542de0795d4b1afd81dbeab684b22fd53e2e5,7f1c1a27229f7a699fa85ff90b5be1266497c462407b39b11f6d94015af8e8ad,d3066ce6e3c19763df09d2ef9185666a6f96f99e57743c9f8038e3cb90e15c4f,FALSE,FALSE,FALSE,FALSE,FALSE,FALSE,FALSE,FALSE,e8c2c3714dfad8ccb787de83956aff6eadd8f5bf3b515e0083ff8aeca241ab2d,e8c2c3714dfad8ccb787de83956aff6eadd8f5bf3b515e0083ff8aeca241ab2d,TRUE
candidate,5,0,FALSE,pair_less,ordinary,3,1000000,427,0.301,0.302,1c8e3c0969ca721d10f0cff30d1542de0795d4b1afd81dbeab684b22fd53e2e5,7f1c1a27229f7a699fa85ff90b5be1266497c462407b39b11f6d94015af8e8ad,d3066ce6e3c19763df09d2ef9185666a6f96f99e57743c9f8038e3cb90e15c4f,FALSE,FALSE,FALSE,FALSE,FALSE,FALSE,FALSE,FALSE,71557d1c8bac9bbe3cbec8d00bb223a2f372279827064095447e569fbf5a760a,71557d1c8bac9bbe3cbec8d00bb223a2f372279827064095447e569fbf5a760a,FALSE
candidate,5,0,FALSE,scalar_less,typed_double,1,1000000,1218,0.315,0.316000000000001,888be2318f047338553582f6247bd3d4f93d26181da856e938a6787f24c386c8,7f1c1a27229f7a699fa85ff90b5be1266497c462407b39b11f6d94015af8e8ad,d3066ce6e3c19763df09d2ef9185666a6f96f99e57743c9f8038e3cb90e15c4f,FALSE,FALSE,FALSE,FALSE,FALSE,FALSE,FALSE,FALSE,e8c2c3714dfad8ccb787de83956aff6eadd8f5bf3b515e0083ff8aeca241ab2d,e8c2c3714dfad8ccb787de83956aff6eadd8f5bf3b515e0083ff8aeca241ab2d,TRUE
candidate,5,0,FALSE,scalar_less,ordinary,2,1000000,427,0.3,0.299,888be2318f047338553582f6247bd3d4f93d26181da856e938a6787f24c386c8,7f1c1a27229f7a699fa85ff90b5be1266497c462407b39b11f6d94015af8e8ad,d3066ce6e3c19763df09d2ef9185666a6f96f99e57743c9f8038e3cb90e15c4f,FALSE,FALSE,FALSE,FALSE,FALSE,FALSE,FALSE,FALSE,71557d1c8bac9bbe3cbec8d00bb223a2f372279827064095447e569fbf5a760a,71557d1c8bac9bbe3cbec8d00bb223a2f372279827064095447e569fbf5a760a,FALSE
candidate,5,0,FALSE,scalar_less,compact,3,1000000,1084,0.299,0.299,888be2318f047338553582f6247bd3d4f93d26181da856e938a6787f24c386c8,7f1c1a27229f7a699fa85ff90b5be1266497c462407b39b11f6d94015af8e8ad,d3066ce6e3c19763df09d2ef9185666a6f96f99e57743c9f8038e3cb90e15c4f,TRUE,TRUE,FALSE,FALSE,TRUE,TRUE,FALSE,FALSE,0418a77b7087897a0ead6e10b9da2953bfee2ad9da1470ca98b7664e364a3024,0418a77b7087897a0ead6e10b9da2953bfee2ad9da1470ca98b7664e364a3024,TRUE
candidate,5,0,FALSE,pair_equal,ordinary,1,1000000,422,0.298,0.297999999999998,3373ec4fcf7f1a2c881385b92a07903da1240202fab5b88ee5d7c2603b3b0428,7f1c1a27229f7a699fa85ff90b5be1266497c462407b39b11f6d94015af8e8ad,d3066ce6e3c19763df09d2ef9185666a6f96f99e57743c9f8038e3cb90e15c4f,FALSE,FALSE,FALSE,FALSE,FALSE,FALSE,FALSE,FALSE,71557d1c8bac9bbe3cbec8d00bb223a2f372279827064095447e569fbf5a760a,71557d1c8bac9bbe3cbec8d00bb223a2f372279827064095447e569fbf5a760a,FALSE
candidate,5,0,FALSE,pair_equal,compact,2,1000000,1617,0.259,0.259999999999998,3373ec4fcf7f1a2c881385b92a07903da1240202fab5b88ee5d7c2603b3b0428,7f1c1a27229f7a699fa85ff90b5be1266497c462407b39b11f6d94015af8e8ad,d3066ce6e3c19763df09d2ef9185666a6f96f99e57743c9f8038e3cb90e15c4f,TRUE,TRUE,FALSE,FALSE,TRUE,TRUE,FALSE,FALSE,0418a77b7087897a0ead6e10b9da2953bfee2ad9da1470ca98b7664e364a3024,0418a77b7087897a0ead6e10b9da2953bfee2ad9da1470ca98b7664e364a3024,TRUE
candidate,5,0,FALSE,pair_equal,typed_double,3,1000000,1066,0.299999999999997,0.301000000000002,3373ec4fcf7f1a2c881385b92a07903da1240202fab5b88ee5d7c2603b3b0428,7f1c1a27229f7a699fa85ff90b5be1266497c462407b39b11f6d94015af8e8ad,d3066ce6e3c19763df09d2ef9185666a6f96f99e57743c9f8038e3cb90e15c4f,FALSE,FALSE,FALSE,FALSE,FALSE,FALSE,FALSE,FALSE,e8c2c3714dfad8ccb787de83956aff6eadd8f5bf3b515e0083ff8aeca241ab2d,e8c2c3714dfad8ccb787de83956aff6eadd8f5bf3b515e0083ff8aeca241ab2d,TRUE
candidate,5,0,TRUE,pair_less,compact,1,1000000,1267,0.269000000000002,0.269000000000002,4eb038232aaffe99ba822841a72a1be288b698a16ba15b4e5aef22c587ee61d8,8cb390f4310bb5332e9085281aa52e5236aecd65b982d0e3a7e9174fe845527e,7d3712fb7ae81b29d8c28e354721b4a737f0e878202e5105ef9df6a672d5e6e4,TRUE,TRUE,FALSE,FALSE,TRUE,TRUE,FALSE,FALSE,0418a77b7087897a0ead6e10b9da2953bfee2ad9da1470ca98b7664e364a3024,0418a77b7087897a0ead6e10b9da2953bfee2ad9da1470ca98b7664e364a3024,TRUE
candidate,5,0,TRUE,pair_less,typed_double,2,1000000,748,0.292,0.291999999999998,4eb038232aaffe99ba822841a72a1be288b698a16ba15b4e5aef22c587ee61d8,8cb390f4310bb5332e9085281aa52e5236aecd65b982d0e3a7e9174fe845527e,7d3712fb7ae81b29d8c28e354721b4a737f0e878202e5105ef9df6a672d5e6e4,FALSE,FALSE,FALSE,FALSE,FALSE,FALSE,FALSE,FALSE,e8c2c3714dfad8ccb787de83956aff6eadd8f5bf3b515e0083ff8aeca241ab2d,e8c2c3714dfad8ccb787de83956aff6eadd8f5bf3b515e0083ff8aeca241ab2d,TRUE
candidate,5,0,TRUE,pair_less,ordinary,3,1000000,427,0.301000000000002,0.302,dfddb9b2b91b422bcc693ca8234e4127d5ce2bf2fcabb02271713137399f3960,8cb390f4310bb5332e9085281aa52e5236aecd65b982d0e3a7e9174fe845527e,7d3712fb7ae81b29d8c28e354721b4a737f0e878202e5105ef9df6a672d5e6e4,FALSE,FALSE,FALSE,FALSE,FALSE,FALSE,FALSE,FALSE,71557d1c8bac9bbe3cbec8d00bb223a2f372279827064095447e569fbf5a760a,71557d1c8bac9bbe3cbec8d00bb223a2f372279827064095447e569fbf5a760a,FALSE
candidate,5,0,TRUE,scalar_less,typed_double,1,1000000,1060,0.312999999999999,0.314,c0fc146f23f813aa8e80aebc4d9d7ac256ddd10f85b65c17173f37c3fe760d8b,8cb390f4310bb5332e9085281aa52e5236aecd65b982d0e3a7e9174fe845527e,7d3712fb7ae81b29d8c28e354721b4a737f0e878202e5105ef9df6a672d5e6e4,FALSE,FALSE,FALSE,FALSE,FALSE,FALSE,FALSE,FALSE,e8c2c3714dfad8ccb787de83956aff6eadd8f5bf3b515e0083ff8aeca241ab2d,e8c2c3714dfad8ccb787de83956aff6eadd8f5bf3b515e0083ff8aeca241ab2d,TRUE
candidate,5,0,TRUE,scalar_less,ordinary,2,1000000,432,0.303000000000001,0.303999999999998,27468a48d9fd9dc5ba71891904e48c03e2dfcbdc043990f010981b4c4efbdb56,8cb390f4310bb5332e9085281aa52e5236aecd65b982d0e3a7e9174fe845527e,7d3712fb7ae81b29d8c28e354721b4a737f0e878202e5105ef9df6a672d5e6e4,FALSE,FALSE,FALSE,FALSE,FALSE,FALSE,FALSE,FALSE,71557d1c8bac9bbe3cbec8d00bb223a2f372279827064095447e569fbf5a760a,71557d1c8bac9bbe3cbec8d00bb223a2f372279827064095447e569fbf5a760a,FALSE
candidate,5,0,TRUE,scalar_less,compact,3,1000000,1091,0.302,0.302,c0fc146f23f813aa8e80aebc4d9d7ac256ddd10f85b65c17173f37c3fe760d8b,8cb390f4310bb5332e9085281aa52e5236aecd65b982d0e3a7e9174fe845527e,7d3712fb7ae81b29d8c28e354721b4a737f0e878202e5105ef9df6a672d5e6e4,TRUE,TRUE,FALSE,FALSE,TRUE,TRUE,FALSE,FALSE,0418a77b7087897a0ead6e10b9da2953bfee2ad9da1470ca98b7664e364a3024,0418a77b7087897a0ead6e10b9da2953bfee2ad9da1470ca98b7664e364a3024,TRUE
candidate,5,0,TRUE,pair_equal,ordinary,1,1000000,417,0.294,0.293999999999997,c23d64adae593f70407e6f7f1b56406f1d112f7287b7f688c1c2e14458d73483,8cb390f4310bb5332e9085281aa52e5236aecd65b982d0e3a7e9174fe845527e,7d3712fb7ae81b29d8c28e354721b4a737f0e878202e5105ef9df6a672d5e6e4,FALSE,FALSE,FALSE,FALSE,FALSE,FALSE,FALSE,FALSE,71557d1c8bac9bbe3cbec8d00bb223a2f372279827064095447e569fbf5a760a,71557d1c8bac9bbe3cbec8d00bb223a2f372279827064095447e569fbf5a760a,FALSE
candidate,5,0,TRUE,pair_equal,compact,2,1000000,1410,0.314,0.315000000000001,3373ec4fcf7f1a2c881385b92a07903da1240202fab5b88ee5d7c2603b3b0428,8cb390f4310bb5332e9085281aa52e5236aecd65b982d0e3a7e9174fe845527e,7d3712fb7ae81b29d8c28e354721b4a737f0e878202e5105ef9df6a672d5e6e4,TRUE,TRUE,FALSE,FALSE,TRUE,TRUE,FALSE,FALSE,0418a77b7087897a0ead6e10b9da2953bfee2ad9da1470ca98b7664e364a3024,0418a77b7087897a0ead6e10b9da2953bfee2ad9da1470ca98b7664e364a3024,TRUE
candidate,5,0,TRUE,pair_equal,typed_double,3,1000000,750,0.297999999999998,0.299,3373ec4fcf7f1a2c881385b92a07903da1240202fab5b88ee5d7c2603b3b0428,8cb390f4310bb5332e9085281aa52e5236aecd65b982d0e3a7e9174fe845527e,7d3712fb7ae81b29d8c28e354721b4a737f0e878202e5105ef9df6a672d5e6e4,FALSE,FALSE,FALSE,FALSE,FALSE,FALSE,FALSE,FALSE,e8c2c3714dfad8ccb787de83956aff6eadd8f5bf3b515e0083ff8aeca241ab2d,e8c2c3714dfad8ccb787de83956aff6eadd8f5bf3b515e0083ff8aeca241ab2d,TRUE
candidate,6,1,FALSE,pair_less,compact,1,1000000,1617,0.289,0.289,1c8e3c0969ca721d10f0cff30d1542de0795d4b1afd81dbeab684b22fd53e2e5,7f1c1a27229f7a699fa85ff90b5be1266497c462407b39b11f6d94015af8e8ad,d3066ce6e3c19763df09d2ef9185666a6f96f99e57743c9f8038e3cb90e15c4f,TRUE,TRUE,FALSE,FALSE,TRUE,TRUE,FALSE,FALSE,0418a77b7087897a0ead6e10b9da2953bfee2ad9da1470ca98b7664e364a3024,0418a77b7087897a0ead6e10b9da2953bfee2ad9da1470ca98b7664e364a3024,TRUE
candidate,6,1,FALSE,pair_less,ordinary,2,1000000,354,0.255,0.255,1c8e3c0969ca721d10f0cff30d1542de0795d4b1afd81dbeab684b22fd53e2e5,7f1c1a27229f7a699fa85ff90b5be1266497c462407b39b11f6d94015af8e8ad,d3066ce6e3c19763df09d2ef9185666a6f96f99e57743c9f8038e3cb90e15c4f,FALSE,FALSE,FALSE,FALSE,FALSE,FALSE,FALSE,FALSE,71557d1c8bac9bbe3cbec8d00bb223a2f372279827064095447e569fbf5a760a,71557d1c8bac9bbe3cbec8d00bb223a2f372279827064095447e569fbf5a760a,FALSE
candidate,6,1,FALSE,pair_less,typed_double,3,1000000,938,0.293,0.292,1c8e3c0969ca721d10f0cff30d1542de0795d4b1afd81dbeab684b22fd53e2e5,7f1c1a27229f7a699fa85ff90b5be1266497c462407b39b11f6d94015af8e8ad,d3066ce6e3c19763df09d2ef9185666a6f96f99e57743c9f8038e3cb90e15c4f,FALSE,FALSE,FALSE,FALSE,FALSE,FALSE,FALSE,FALSE,e8c2c3714dfad8ccb787de83956aff6eadd8f5bf3b515e0083ff8aeca241ab2d,e8c2c3714dfad8ccb787de83956aff6eadd8f5bf3b515e0083ff8aeca241ab2d,TRUE
candidate,6,1,FALSE,scalar_less,typed_double,1,1000000,1020,0.258,0.257,888be2318f047338553582f6247bd3d4f93d26181da856e938a6787f24c386c8,7f1c1a27229f7a699fa85ff90b5be1266497c462407b39b11f6d94015af8e8ad,d3066ce6e3c19763df09d2ef9185666a6f96f99e57743c9f8038e3cb90e15c4f,FALSE,FALSE,FALSE,FALSE,FALSE,FALSE,FALSE,FALSE,e8c2c3714dfad8ccb787de83956aff6eadd8f5bf3b515e0083ff8aeca241ab2d,e8c2c3714dfad8ccb787de83956aff6eadd8f5bf3b515e0083ff8aeca241ab2d,TRUE
candidate,6,1,FALSE,scalar_less,compact,2,1000000,977,0.275,0.275,888be2318f047338553582f6247bd3d4f93d26181da856e938a6787f24c386c8,7f1c1a27229f7a699fa85ff90b5be1266497c462407b39b11f6d94015af8e8ad,d3066ce6e3c19763df09d2ef9185666a6f96f99e57743c9f8038e3cb90e15c4f,TRUE,TRUE,FALSE,FALSE,TRUE,TRUE,FALSE,FALSE,0418a77b7087897a0ead6e10b9da2953bfee2ad9da1470ca98b7664e364a3024,0418a77b7087897a0ead6e10b9da2953bfee2ad9da1470ca98b7664e364a3024,TRUE
candidate,6,1,FALSE,scalar_less,ordinary,3,1000000,427,0.315,0.315,888be2318f047338553582f6247bd3d4f93d26181da856e938a6787f24c386c8,7f1c1a27229f7a699fa85ff90b5be1266497c462407b39b11f6d94015af8e8ad,d3066ce6e3c19763df09d2ef9185666a6f96f99e57743c9f8038e3cb90e15c4f,FALSE,FALSE,FALSE,FALSE,FALSE,FALSE,FALSE,FALSE,71557d1c8bac9bbe3cbec8d00bb223a2f372279827064095447e569fbf5a760a,71557d1c8bac9bbe3cbec8d00bb223a2f372279827064095447e569fbf5a760a,FALSE
candidate,6,1,FALSE,pair_equal,ordinary,1,1000000,422,0.3,0.3,3373ec4fcf7f1a2c881385b92a07903da1240202fab5b88ee5d7c2603b3b0428,7f1c1a27229f7a699fa85ff90b5be1266497c462407b39b11f6d94015af8e8ad,d3066ce6e3c19763df09d2ef9185666a6f96f99e57743c9f8038e3cb90e15c4f,FALSE,FALSE,FALSE,FALSE,FALSE,FALSE,FALSE,FALSE,71557d1c8bac9bbe3cbec8d00bb223a2f372279827064095447e569fbf5a760a,71557d1c8bac9bbe3cbec8d00bb223a2f372279827064095447e569fbf5a760a,FALSE
candidate,6,1,FALSE,pair_equal,typed_double,2,1000000,1042,0.316000000000001,0.315,3373ec4fcf7f1a2c881385b92a07903da1240202fab5b88ee5d7c2603b3b0428,7f1c1a27229f7a699fa85ff90b5be1266497c462407b39b11f6d94015af8e8ad,d3066ce6e3c19763df09d2ef9185666a6f96f99e57743c9f8038e3cb90e15c4f,FALSE,FALSE,FALSE,FALSE,FALSE,FALSE,FALSE,FALSE,e8c2c3714dfad8ccb787de83956aff6eadd8f5bf3b515e0083ff8aeca241ab2d,e8c2c3714dfad8ccb787de83956aff6eadd8f5bf3b515e0083ff8aeca241ab2d,TRUE
candidate,6,1,FALSE,pair_equal,compact,3,1000000,1876,0.32,0.319,3373ec4fcf7f1a2c881385b92a07903da1240202fab5b88ee5d7c2603b3b0428,7f1c1a27229f7a699fa85ff90b5be1266497c462407b39b11f6d94015af8e8ad,d3066ce6e3c19763df09d2ef9185666a6f96f99e57743c9f8038e3cb90e15c4f,TRUE,TRUE,FALSE,FALSE,TRUE,TRUE,FALSE,FALSE,0418a77b7087897a0ead6e10b9da2953bfee2ad9da1470ca98b7664e364a3024,0418a77b7087897a0ead6e10b9da2953bfee2ad9da1470ca98b7664e364a3024,TRUE
candidate,6,1,TRUE,pair_less,compact,1,1000000,1267,0.286,0.286,4eb038232aaffe99ba822841a72a1be288b698a16ba15b4e5aef22c587ee61d8,8cb390f4310bb5332e9085281aa52e5236aecd65b982d0e3a7e9174fe845527e,7d3712fb7ae81b29d8c28e354721b4a737f0e878202e5105ef9df6a672d5e6e4,TRUE,TRUE,FALSE,FALSE,TRUE,TRUE,FALSE,FALSE,0418a77b7087897a0ead6e10b9da2953bfee2ad9da1470ca98b7664e364a3024,0418a77b7087897a0ead6e10b9da2953bfee2ad9da1470ca98b7664e364a3024,TRUE
candidate,6,1,TRUE,pair_less,ordinary,2,1000000,427,0.304,0.303999999999999,dfddb9b2b91b422bcc693ca8234e4127d5ce2bf2fcabb02271713137399f3960,8cb390f4310bb5332e9085281aa52e5236aecd65b982d0e3a7e9174fe845527e,7d3712fb7ae81b29d8c28e354721b4a737f0e878202e5105ef9df6a672d5e6e4,FALSE,FALSE,FALSE,FALSE,FALSE,FALSE,FALSE,FALSE,71557d1c8bac9bbe3cbec8d00bb223a2f372279827064095447e569fbf5a760a,71557d1c8bac9bbe3cbec8d00bb223a2f372279827064095447e569fbf5a760a,FALSE
candidate,6,1,TRUE,pair_less,typed_double,3,1000000,763,0.299,0.3,4eb038232aaffe99ba822841a72a1be288b698a16ba15b4e5aef22c587ee61d8,8cb390f4310bb5332e9085281aa52e5236aecd65b982d0e3a7e9174fe845527e,7d3712fb7ae81b29d8c28e354721b4a737f0e878202e5105ef9df6a672d5e6e4,FALSE,FALSE,FALSE,FALSE,FALSE,FALSE,FALSE,FALSE,e8c2c3714dfad8ccb787de83956aff6eadd8f5bf3b515e0083ff8aeca241ab2d,e8c2c3714dfad8ccb787de83956aff6eadd8f5bf3b515e0083ff8aeca241ab2d,TRUE
candidate,6,1,TRUE,scalar_less,typed_double,1,1000000,1054,0.298,0.298,c0fc146f23f813aa8e80aebc4d9d7ac256ddd10f85b65c17173f37c3fe760d8b,8cb390f4310bb5332e9085281aa52e5236aecd65b982d0e3a7e9174fe845527e,7d3712fb7ae81b29d8c28e354721b4a737f0e878202e5105ef9df6a672d5e6e4,FALSE,FALSE,FALSE,FALSE,FALSE,FALSE,FALSE,FALSE,e8c2c3714dfad8ccb787de83956aff6eadd8f5bf3b515e0083ff8aeca241ab2d,e8c2c3714dfad8ccb787de83956aff6eadd8f5bf3b515e0083ff8aeca241ab2d,TRUE
candidate,6,1,TRUE,scalar_less,compact,2,1000000,1072,0.316,0.315000000000001,c0fc146f23f813aa8e80aebc4d9d7ac256ddd10f85b65c17173f37c3fe760d8b,8cb390f4310bb5332e9085281aa52e5236aecd65b982d0e3a7e9174fe845527e,7d3712fb7ae81b29d8c28e354721b4a737f0e878202e5105ef9df6a672d5e6e4,TRUE,TRUE,FALSE,FALSE,TRUE,TRUE,FALSE,FALSE,0418a77b7087897a0ead6e10b9da2953bfee2ad9da1470ca98b7664e364a3024,0418a77b7087897a0ead6e10b9da2953bfee2ad9da1470ca98b7664e364a3024,TRUE
candidate,6,1,TRUE,scalar_less,ordinary,3,1000000,432,0.303000000000001,0.304,27468a48d9fd9dc5ba71891904e48c03e2dfcbdc043990f010981b4c4efbdb56,8cb390f4310bb5332e9085281aa52e5236aecd65b982d0e3a7e9174fe845527e,7d3712fb7ae81b29d8c28e354721b4a737f0e878202e5105ef9df6a672d5e6e4,FALSE,FALSE,FALSE,FALSE,FALSE,FALSE,FALSE,FALSE,71557d1c8bac9bbe3cbec8d00bb223a2f372279827064095447e569fbf5a760a,71557d1c8bac9bbe3cbec8d00bb223a2f372279827064095447e569fbf5a760a,FALSE
candidate,6,1,TRUE,pair_equal,ordinary,1,1000000,422,0.298,0.299,c23d64adae593f70407e6f7f1b56406f1d112f7287b7f688c1c2e14458d73483,8cb390f4310bb5332e9085281aa52e5236aecd65b982d0e3a7e9174fe845527e,7d3712fb7ae81b29d8c28e354721b4a737f0e878202e5105ef9df6a672d5e6e4,FALSE,FALSE,FALSE,FALSE,FALSE,FALSE,FALSE,FALSE,71557d1c8bac9bbe3cbec8d00bb223a2f372279827064095447e569fbf5a760a,71557d1c8bac9bbe3cbec8d00bb223a2f372279827064095447e569fbf5a760a,FALSE
candidate,6,1,TRUE,pair_equal,typed_double,2,1000000,750,0.317000000000001,0.316000000000001,3373ec4fcf7f1a2c881385b92a07903da1240202fab5b88ee5d7c2603b3b0428,8cb390f4310bb5332e9085281aa52e5236aecd65b982d0e3a7e9174fe845527e,7d3712fb7ae81b29d8c28e354721b4a737f0e878202e5105ef9df6a672d5e6e4,FALSE,FALSE,FALSE,FALSE,FALSE,FALSE,FALSE,FALSE,e8c2c3714dfad8ccb787de83956aff6eadd8f5bf3b515e0083ff8aeca241ab2d,e8c2c3714dfad8ccb787de83956aff6eadd8f5bf3b515e0083ff8aeca241ab2d,TRUE
candidate,6,1,TRUE,pair_equal,compact,3,1000000,1410,0.300999999999999,0.300000000000001,3373ec4fcf7f1a2c881385b92a07903da1240202fab5b88ee5d7c2603b3b0428,8cb390f4310bb5332e9085281aa52e5236aecd65b982d0e3a7e9174fe845527e,7d3712fb7ae81b29d8c28e354721b4a737f0e878202e5105ef9df6a672d5e6e4,TRUE,TRUE,FALSE,FALSE,TRUE,TRUE,FALSE,FALSE,0418a77b7087897a0ead6e10b9da2953bfee2ad9da1470ca98b7664e364a3024,0418a77b7087897a0ead6e10b9da2953bfee2ad9da1470ca98b7664e364a3024,TRUE
candidate,6,0,FALSE,pair_less,compact,1,1000000,1875,0.3,0.300000000000001,1c8e3c0969ca721d10f0cff30d1542de0795d4b1afd81dbeab684b22fd53e2e5,7f1c1a27229f7a699fa85ff90b5be1266497c462407b39b11f6d94015af8e8ad,d3066ce6e3c19763df09d2ef9185666a6f96f99e57743c9f8038e3cb90e15c4f,TRUE,TRUE,FALSE,FALSE,TRUE,TRUE,FALSE,FALSE,0418a77b7087897a0ead6e10b9da2953bfee2ad9da1470ca98b7664e364a3024,0418a77b7087897a0ead6e10b9da2953bfee2ad9da1470ca98b7664e364a3024,TRUE
candidate,6,0,FALSE,pair_less,ordinary,2,1000000,422,0.316000000000001,0.316000000000001,1c8e3c0969ca721d10f0cff30d1542de0795d4b1afd81dbeab684b22fd53e2e5,7f1c1a27229f7a699fa85ff90b5be1266497c462407b39b11f6d94015af8e8ad,d3066ce6e3c19763df09d2ef9185666a6f96f99e57743c9f8038e3cb90e15c4f,FALSE,FALSE,FALSE,FALSE,FALSE,FALSE,FALSE,FALSE,71557d1c8bac9bbe3cbec8d00bb223a2f372279827064095447e569fbf5a760a,71557d1c8bac9bbe3cbec8d00bb223a2f372279827064095447e569fbf5a760a,FALSE
candidate,6,0,FALSE,pair_less,typed_double,3,1000000,1048,0.299000000000001,0.299,1c8e3c0969ca721d10f0cff30d1542de0795d4b1afd81dbeab684b22fd53e2e5,7f1c1a27229f7a699fa85ff90b5be1266497c462407b39b11f6d94015af8e8ad,d3066ce6e3c19763df09d2ef9185666a6f96f99e57743c9f8038e3cb90e15c4f,FALSE,FALSE,FALSE,FALSE,FALSE,FALSE,FALSE,FALSE,e8c2c3714dfad8ccb787de83956aff6eadd8f5bf3b515e0083ff8aeca241ab2d,e8c2c3714dfad8ccb787de83956aff6eadd8f5bf3b515e0083ff8aeca241ab2d,TRUE
candidate,6,0,FALSE,scalar_less,typed_double,1,1000000,1226,0.327,0.326,888be2318f047338553582f6247bd3d4f93d26181da856e938a6787f24c386c8,7f1c1a27229f7a699fa85ff90b5be1266497c462407b39b11f6d94015af8e8ad,d3066ce6e3c19763df09d2ef9185666a6f96f99e57743c9f8038e3cb90e15c4f,FALSE,FALSE,FALSE,FALSE,FALSE,FALSE,FALSE,FALSE,e8c2c3714dfad8ccb787de83956aff6eadd8f5bf3b515e0083ff8aeca241ab2d,e8c2c3714dfad8ccb787de83956aff6eadd8f5bf3b515e0083ff8aeca241ab2d,TRUE
candidate,6,0,FALSE,scalar_less,compact,2,1000000,1060,0.296999999999999,0.297000000000001,888be2318f047338553582f6247bd3d4f93d26181da856e938a6787f24c386c8,7f1c1a27229f7a699fa85ff90b5be1266497c462407b39b11f6d94015af8e8ad,d3066ce6e3c19763df09d2ef9185666a6f96f99e57743c9f8038e3cb90e15c4f,TRUE,TRUE,FALSE,FALSE,TRUE,TRUE,FALSE,FALSE,0418a77b7087897a0ead6e10b9da2953bfee2ad9da1470ca98b7664e364a3024,0418a77b7087897a0ead6e10b9da2953bfee2ad9da1470ca98b7664e364a3024,TRUE
candidate,6,0,FALSE,scalar_less,ordinary,3,1000000,427,0.301000000000001,0.300000000000001,888be2318f047338553582f6247bd3d4f93d26181da856e938a6787f24c386c8,7f1c1a27229f7a699fa85ff90b5be1266497c462407b39b11f6d94015af8e8ad,d3066ce6e3c19763df09d2ef9185666a6f96f99e57743c9f8038e3cb90e15c4f,FALSE,FALSE,FALSE,FALSE,FALSE,FALSE,FALSE,FALSE,71557d1c8bac9bbe3cbec8d00bb223a2f372279827064095447e569fbf5a760a,71557d1c8bac9bbe3cbec8d00bb223a2f372279827064095447e569fbf5a760a,FALSE
candidate,6,0,FALSE,pair_equal,ordinary,1,1000000,422,0.300000000000001,0.299,3373ec4fcf7f1a2c881385b92a07903da1240202fab5b88ee5d7c2603b3b0428,7f1c1a27229f7a699fa85ff90b5be1266497c462407b39b11f6d94015af8e8ad,d3066ce6e3c19763df09d2ef9185666a6f96f99e57743c9f8038e3cb90e15c4f,FALSE,FALSE,FALSE,FALSE,FALSE,FALSE,FALSE,FALSE,71557d1c8bac9bbe3cbec8d00bb223a2f372279827064095447e569fbf5a760a,71557d1c8bac9bbe3cbec8d00bb223a2f372279827064095447e569fbf5a760a,FALSE
candidate,6,0,FALSE,pair_equal,typed_double,2,1000000,1054,0.300000000000001,0.299999999999997,3373ec4fcf7f1a2c881385b92a07903da1240202fab5b88ee5d7c2603b3b0428,7f1c1a27229f7a699fa85ff90b5be1266497c462407b39b11f6d94015af8e8ad,d3066ce6e3c19763df09d2ef9185666a6f96f99e57743c9f8038e3cb90e15c4f,FALSE,FALSE,FALSE,FALSE,FALSE,FALSE,FALSE,FALSE,e8c2c3714dfad8ccb787de83956aff6eadd8f5bf3b515e0083ff8aeca241ab2d,e8c2c3714dfad8ccb787de83956aff6eadd8f5bf3b515e0083ff8aeca241ab2d,TRUE
candidate,6,0,FALSE,pair_equal,compact,3,1000000,1876,0.316999999999999,0.317,3373ec4fcf7f1a2c881385b92a07903da1240202fab5b88ee5d7c2603b3b0428,7f1c1a27229f7a699fa85ff90b5be1266497c462407b39b11f6d94015af8e8ad,d3066ce6e3c19763df09d2ef9185666a6f96f99e57743c9f8038e3cb90e15c4f,TRUE,TRUE,FALSE,FALSE,TRUE,TRUE,FALSE,FALSE,0418a77b7087897a0ead6e10b9da2953bfee2ad9da1470ca98b7664e364a3024,0418a77b7087897a0ead6e10b9da2953bfee2ad9da1470ca98b7664e364a3024,TRUE
candidate,6,0,TRUE,pair_less,compact,1,1000000,1410,0.317,0.317,4eb038232aaffe99ba822841a72a1be288b698a16ba15b4e5aef22c587ee61d8,8cb390f4310bb5332e9085281aa52e5236aecd65b982d0e3a7e9174fe845527e,7d3712fb7ae81b29d8c28e354721b4a737f0e878202e5105ef9df6a672d5e6e4,TRUE,TRUE,FALSE,FALSE,TRUE,TRUE,FALSE,FALSE,0418a77b7087897a0ead6e10b9da2953bfee2ad9da1470ca98b7664e364a3024,0418a77b7087897a0ead6e10b9da2953bfee2ad9da1470ca98b7664e364a3024,TRUE
candidate,6,0,TRUE,pair_less,ordinary,2,1000000,427,0.303000000000001,0.303000000000001,dfddb9b2b91b422bcc693ca8234e4127d5ce2bf2fcabb02271713137399f3960,8cb390f4310bb5332e9085281aa52e5236aecd65b982d0e3a7e9174fe845527e,7d3712fb7ae81b29d8c28e354721b4a737f0e878202e5105ef9df6a672d5e6e4,FALSE,FALSE,FALSE,FALSE,FALSE,FALSE,FALSE,FALSE,71557d1c8bac9bbe3cbec8d00bb223a2f372279827064095447e569fbf5a760a,71557d1c8bac9bbe3cbec8d00bb223a2f372279827064095447e569fbf5a760a,FALSE
candidate,6,0,TRUE,pair_less,typed_double,3,1000000,766,0.301999999999998,0.301000000000002,4eb038232aaffe99ba822841a72a1be288b698a16ba15b4e5aef22c587ee61d8,8cb390f4310bb5332e9085281aa52e5236aecd65b982d0e3a7e9174fe845527e,7d3712fb7ae81b29d8c28e354721b4a737f0e878202e5105ef9df6a672d5e6e4,FALSE,FALSE,FALSE,FALSE,FALSE,FALSE,FALSE,FALSE,e8c2c3714dfad8ccb787de83956aff6eadd8f5bf3b515e0083ff8aeca241ab2d,e8c2c3714dfad8ccb787de83956aff6eadd8f5bf3b515e0083ff8aeca241ab2d,TRUE
candidate,6,0,TRUE,scalar_less,typed_double,1,1000000,977,0.277000000000001,0.277000000000001,c0fc146f23f813aa8e80aebc4d9d7ac256ddd10f85b65c17173f37c3fe760d8b,8cb390f4310bb5332e9085281aa52e5236aecd65b982d0e3a7e9174fe845527e,7d3712fb7ae81b29d8c28e354721b4a737f0e878202e5105ef9df6a672d5e6e4,FALSE,FALSE,FALSE,FALSE,FALSE,FALSE,FALSE,FALSE,e8c2c3714dfad8ccb787de83956aff6eadd8f5bf3b515e0083ff8aeca241ab2d,e8c2c3714dfad8ccb787de83956aff6eadd8f5bf3b515e0083ff8aeca241ab2d,TRUE
candidate,6,0,TRUE,scalar_less,compact,2,1000000,1072,0.302,0.302999999999997,c0fc146f23f813aa8e80aebc4d9d7ac256ddd10f85b65c17173f37c3fe760d8b,8cb390f4310bb5332e9085281aa52e5236aecd65b982d0e3a7e9174fe845527e,7d3712fb7ae81b29d8c28e354721b4a737f0e878202e5105ef9df6a672d5e6e4,TRUE,TRUE,FALSE,FALSE,TRUE,TRUE,FALSE,FALSE,0418a77b7087897a0ead6e10b9da2953bfee2ad9da1470ca98b7664e364a3024,0418a77b7087897a0ead6e10b9da2953bfee2ad9da1470ca98b7664e364a3024,TRUE
candidate,6,0,TRUE,scalar_less,ordinary,3,1000000,427,0.316000000000001,0.315000000000001,27468a48d9fd9dc5ba71891904e48c03e2dfcbdc043990f010981b4c4efbdb56,8cb390f4310bb5332e9085281aa52e5236aecd65b982d0e3a7e9174fe845527e,7d3712fb7ae81b29d8c28e354721b4a737f0e878202e5105ef9df6a672d5e6e4,FALSE,FALSE,FALSE,FALSE,FALSE,FALSE,FALSE,FALSE,71557d1c8bac9bbe3cbec8d00bb223a2f372279827064095447e569fbf5a760a,71557d1c8bac9bbe3cbec8d00bb223a2f372279827064095447e569fbf5a760a,FALSE
candidate,6,0,TRUE,pair_equal,ordinary,1,1000000,427,0.302000000000003,0.302,c23d64adae593f70407e6f7f1b56406f1d112f7287b7f688c1c2e14458d73483,8cb390f4310bb5332e9085281aa52e5236aecd65b982d0e3a7e9174fe845527e,7d3712fb7ae81b29d8c28e354721b4a737f0e878202e5105ef9df6a672d5e6e4,FALSE,FALSE,FALSE,FALSE,FALSE,FALSE,FALSE,FALSE,71557d1c8bac9bbe3cbec8d00bb223a2f372279827064095447e569fbf5a760a,71557d1c8bac9bbe3cbec8d00bb223a2f372279827064095447e569fbf5a760a,FALSE
candidate,6,0,TRUE,pair_equal,typed_double,2,1000000,736,0.294,0.294,3373ec4fcf7f1a2c881385b92a07903da1240202fab5b88ee5d7c2603b3b0428,8cb390f4310bb5332e9085281aa52e5236aecd65b982d0e3a7e9174fe845527e,7d3712fb7ae81b29d8c28e354721b4a737f0e878202e5105ef9df6a672d5e6e4,FALSE,FALSE,FALSE,FALSE,FALSE,FALSE,FALSE,FALSE,e8c2c3714dfad8ccb787de83956aff6eadd8f5bf3b515e0083ff8aeca241ab2d,e8c2c3714dfad8ccb787de83956aff6eadd8f5bf3b515e0083ff8aeca241ab2d,TRUE
candidate,6,0,TRUE,pair_equal,compact,3,1000000,1410,0.316000000000003,0.317,3373ec4fcf7f1a2c881385b92a07903da1240202fab5b88ee5d7c2603b3b0428,8cb390f4310bb5332e9085281aa52e5236aecd65b982d0e3a7e9174fe845527e,7d3712fb7ae81b29d8c28e354721b4a737f0e878202e5105ef9df6a672d5e6e4,TRUE,TRUE,FALSE,FALSE,TRUE,TRUE,FALSE,FALSE,0418a77b7087897a0ead6e10b9da2953bfee2ad9da1470ca98b7664e364a3024,0418a77b7087897a0ead6e10b9da2953bfee2ad9da1470ca98b7664e364a3024,TRUE
baseline,6,1,FALSE,pair_less,compact,1,1000000,1631,0.294,0.294,1c8e3c0969ca721d10f0cff30d1542de0795d4b1afd81dbeab684b22fd53e2e5,7f1c1a27229f7a699fa85ff90b5be1266497c462407b39b11f6d94015af8e8ad,d3066ce6e3c19763df09d2ef9185666a6f96f99e57743c9f8038e3cb90e15c4f,TRUE,TRUE,FALSE,FALSE,TRUE,TRUE,FALSE,FALSE,0418a77b7087897a0ead6e10b9da2953bfee2ad9da1470ca98b7664e364a3024,0418a77b7087897a0ead6e10b9da2953bfee2ad9da1470ca98b7664e364a3024,TRUE
baseline,6,1,FALSE,pair_less,ordinary,2,1000000,354,0.256,0.255,1c8e3c0969ca721d10f0cff30d1542de0795d4b1afd81dbeab684b22fd53e2e5,7f1c1a27229f7a699fa85ff90b5be1266497c462407b39b11f6d94015af8e8ad,d3066ce6e3c19763df09d2ef9185666a6f96f99e57743c9f8038e3cb90e15c4f,FALSE,FALSE,FALSE,FALSE,FALSE,FALSE,FALSE,FALSE,71557d1c8bac9bbe3cbec8d00bb223a2f372279827064095447e569fbf5a760a,71557d1c8bac9bbe3cbec8d00bb223a2f372279827064095447e569fbf5a760a,FALSE
baseline,6,1,FALSE,pair_less,typed_double,3,1000000,809,0.312,0.312,1c8e3c0969ca721d10f0cff30d1542de0795d4b1afd81dbeab684b22fd53e2e5,7f1c1a27229f7a699fa85ff90b5be1266497c462407b39b11f6d94015af8e8ad,d3066ce6e3c19763df09d2ef9185666a6f96f99e57743c9f8038e3cb90e15c4f,FALSE,FALSE,FALSE,FALSE,FALSE,FALSE,FALSE,FALSE,e8c2c3714dfad8ccb787de83956aff6eadd8f5bf3b515e0083ff8aeca241ab2d,e8c2c3714dfad8ccb787de83956aff6eadd8f5bf3b515e0083ff8aeca241ab2d,TRUE
baseline,6,1,FALSE,scalar_less,typed_double,1,1000000,1202,0.321,0.322,888be2318f047338553582f6247bd3d4f93d26181da856e938a6787f24c386c8,7f1c1a27229f7a699fa85ff90b5be1266497c462407b39b11f6d94015af8e8ad,d3066ce6e3c19763df09d2ef9185666a6f96f99e57743c9f8038e3cb90e15c4f,FALSE,FALSE,FALSE,FALSE,FALSE,FALSE,FALSE,FALSE,e8c2c3714dfad8ccb787de83956aff6eadd8f5bf3b515e0083ff8aeca241ab2d,e8c2c3714dfad8ccb787de83956aff6eadd8f5bf3b515e0083ff8aeca241ab2d,TRUE
baseline,6,1,FALSE,scalar_less,compact,2,1000000,1078,0.315,0.315,888be2318f047338553582f6247bd3d4f93d26181da856e938a6787f24c386c8,7f1c1a27229f7a699fa85ff90b5be1266497c462407b39b11f6d94015af8e8ad,d3066ce6e3c19763df09d2ef9185666a6f96f99e57743c9f8038e3cb90e15c4f,TRUE,TRUE,FALSE,FALSE,TRUE,TRUE,FALSE,FALSE,0418a77b7087897a0ead6e10b9da2953bfee2ad9da1470ca98b7664e364a3024,0418a77b7087897a0ead6e10b9da2953bfee2ad9da1470ca98b7664e364a3024,TRUE
baseline,6,1,FALSE,scalar_less,ordinary,3,1000000,432,0.303,0.303,888be2318f047338553582f6247bd3d4f93d26181da856e938a6787f24c386c8,7f1c1a27229f7a699fa85ff90b5be1266497c462407b39b11f6d94015af8e8ad,d3066ce6e3c19763df09d2ef9185666a6f96f99e57743c9f8038e3cb90e15c4f,FALSE,FALSE,FALSE,FALSE,FALSE,FALSE,FALSE,FALSE,71557d1c8bac9bbe3cbec8d00bb223a2f372279827064095447e569fbf5a760a,71557d1c8bac9bbe3cbec8d00bb223a2f372279827064095447e569fbf5a760a,FALSE
baseline,6,1,FALSE,pair_equal,ordinary,1,1000000,427,0.321,0.321,3373ec4fcf7f1a2c881385b92a07903da1240202fab5b88ee5d7c2603b3b0428,7f1c1a27229f7a699fa85ff90b5be1266497c462407b39b11f6d94015af8e8ad,d3066ce6e3c19763df09d2ef9185666a6f96f99e57743c9f8038e3cb90e15c4f,FALSE,FALSE,FALSE,FALSE,FALSE,FALSE,FALSE,FALSE,71557d1c8bac9bbe3cbec8d00bb223a2f372279827064095447e569fbf5a760a,71557d1c8bac9bbe3cbec8d00bb223a2f372279827064095447e569fbf5a760a,FALSE
baseline,6,1,FALSE,pair_equal,typed_double,2,1000000,816,0.298,0.298,3373ec4fcf7f1a2c881385b92a07903da1240202fab5b88ee5d7c2603b3b0428,7f1c1a27229f7a699fa85ff90b5be1266497c462407b39b11f6d94015af8e8ad,d3066ce6e3c19763df09d2ef9185666a6f96f99e57743c9f8038e3cb90e15c4f,FALSE,FALSE,FALSE,FALSE,FALSE,FALSE,FALSE,FALSE,e8c2c3714dfad8ccb787de83956aff6eadd8f5bf3b515e0083ff8aeca241ab2d,e8c2c3714dfad8ccb787de83956aff6eadd8f5bf3b515e0083ff8aeca241ab2d,TRUE
baseline,6,1,FALSE,pair_equal,compact,3,1000000,1857,0.328,0.329000000000001,3373ec4fcf7f1a2c881385b92a07903da1240202fab5b88ee5d7c2603b3b0428,7f1c1a27229f7a699fa85ff90b5be1266497c462407b39b11f6d94015af8e8ad,d3066ce6e3c19763df09d2ef9185666a6f96f99e57743c9f8038e3cb90e15c4f,TRUE,TRUE,FALSE,FALSE,TRUE,TRUE,FALSE,FALSE,0418a77b7087897a0ead6e10b9da2953bfee2ad9da1470ca98b7664e364a3024,0418a77b7087897a0ead6e10b9da2953bfee2ad9da1470ca98b7664e364a3024,TRUE
baseline,6,1,TRUE,pair_less,compact,1,1000000,1410,0.32,0.319999999999999,4eb038232aaffe99ba822841a72a1be288b698a16ba15b4e5aef22c587ee61d8,8cb390f4310bb5332e9085281aa52e5236aecd65b982d0e3a7e9174fe845527e,7d3712fb7ae81b29d8c28e354721b4a737f0e878202e5105ef9df6a672d5e6e4,TRUE,TRUE,FALSE,FALSE,TRUE,TRUE,FALSE,FALSE,0418a77b7087897a0ead6e10b9da2953bfee2ad9da1470ca98b7664e364a3024,0418a77b7087897a0ead6e10b9da2953bfee2ad9da1470ca98b7664e364a3024,TRUE
baseline,6,1,TRUE,pair_less,ordinary,2,1000000,422,0.299,0.3,dfddb9b2b91b422bcc693ca8234e4127d5ce2bf2fcabb02271713137399f3960,8cb390f4310bb5332e9085281aa52e5236aecd65b982d0e3a7e9174fe845527e,7d3712fb7ae81b29d8c28e354721b4a737f0e878202e5105ef9df6a672d5e6e4,FALSE,FALSE,FALSE,FALSE,FALSE,FALSE,FALSE,FALSE,71557d1c8bac9bbe3cbec8d00bb223a2f372279827064095447e569fbf5a760a,71557d1c8bac9bbe3cbec8d00bb223a2f372279827064095447e569fbf5a760a,FALSE
baseline,6,1,TRUE,pair_less,typed_double,3,1000000,733,0.314,0.315,4eb038232aaffe99ba822841a72a1be288b698a16ba15b4e5aef22c587ee61d8,8cb390f4310bb5332e9085281aa52e5236aecd65b982d0e3a7e9174fe845527e,7d3712fb7ae81b29d8c28e354721b4a737f0e878202e5105ef9df6a672d5e6e4,FALSE,FALSE,FALSE,FALSE,FALSE,FALSE,FALSE,FALSE,e8c2c3714dfad8ccb787de83956aff6eadd8f5bf3b515e0083ff8aeca241ab2d,e8c2c3714dfad8ccb787de83956aff6eadd8f5bf3b515e0083ff8aeca241ab2d,TRUE
baseline,6,1,TRUE,scalar_less,typed_double,1,1000000,1060,0.316,0.316000000000001,c0fc146f23f813aa8e80aebc4d9d7ac256ddd10f85b65c17173f37c3fe760d8b,8cb390f4310bb5332e9085281aa52e5236aecd65b982d0e3a7e9174fe845527e,7d3712fb7ae81b29d8c28e354721b4a737f0e878202e5105ef9df6a672d5e6e4,FALSE,FALSE,FALSE,FALSE,FALSE,FALSE,FALSE,FALSE,e8c2c3714dfad8ccb787de83956aff6eadd8f5bf3b515e0083ff8aeca241ab2d,e8c2c3714dfad8ccb787de83956aff6eadd8f5bf3b515e0083ff8aeca241ab2d,TRUE
baseline,6,1,TRUE,scalar_less,compact,2,1000000,1078,0.314,0.315,c0fc146f23f813aa8e80aebc4d9d7ac256ddd10f85b65c17173f37c3fe760d8b,8cb390f4310bb5332e9085281aa52e5236aecd65b982d0e3a7e9174fe845527e,7d3712fb7ae81b29d8c28e354721b4a737f0e878202e5105ef9df6a672d5e6e4,TRUE,TRUE,FALSE,FALSE,TRUE,TRUE,FALSE,FALSE,0418a77b7087897a0ead6e10b9da2953bfee2ad9da1470ca98b7664e364a3024,0418a77b7087897a0ead6e10b9da2953bfee2ad9da1470ca98b7664e364a3024,TRUE
baseline,6,1,TRUE,scalar_less,ordinary,3,1000000,432,0.303000000000001,0.303000000000001,27468a48d9fd9dc5ba71891904e48c03e2dfcbdc043990f010981b4c4efbdb56,8cb390f4310bb5332e9085281aa52e5236aecd65b982d0e3a7e9174fe845527e,7d3712fb7ae81b29d8c28e354721b4a737f0e878202e5105ef9df6a672d5e6e4,FALSE,FALSE,FALSE,FALSE,FALSE,FALSE,FALSE,FALSE,71557d1c8bac9bbe3cbec8d00bb223a2f372279827064095447e569fbf5a760a,71557d1c8bac9bbe3cbec8d00bb223a2f372279827064095447e569fbf5a760a,FALSE
baseline,6,1,TRUE,pair_equal,ordinary,1,1000000,427,0.304000000000001,0.302,c23d64adae593f70407e6f7f1b56406f1d112f7287b7f688c1c2e14458d73483,8cb390f4310bb5332e9085281aa52e5236aecd65b982d0e3a7e9174fe845527e,7d3712fb7ae81b29d8c28e354721b4a737f0e878202e5105ef9df6a672d5e6e4,FALSE,FALSE,FALSE,FALSE,FALSE,FALSE,FALSE,FALSE,71557d1c8bac9bbe3cbec8d00bb223a2f372279827064095447e569fbf5a760a,71557d1c8bac9bbe3cbec8d00bb223a2f372279827064095447e569fbf5a760a,FALSE
baseline,6,1,TRUE,pair_equal,typed_double,2,1000000,736,0.304000000000001,0.302999999999999,3373ec4fcf7f1a2c881385b92a07903da1240202fab5b88ee5d7c2603b3b0428,8cb390f4310bb5332e9085281aa52e5236aecd65b982d0e3a7e9174fe845527e,7d3712fb7ae81b29d8c28e354721b4a737f0e878202e5105ef9df6a672d5e6e4,FALSE,FALSE,FALSE,FALSE,FALSE,FALSE,FALSE,FALSE,e8c2c3714dfad8ccb787de83956aff6eadd8f5bf3b515e0083ff8aeca241ab2d,e8c2c3714dfad8ccb787de83956aff6eadd8f5bf3b515e0083ff8aeca241ab2d,TRUE
baseline,6,1,TRUE,pair_equal,compact,3,1000000,1259,0.268999999999999,0.269,3373ec4fcf7f1a2c881385b92a07903da1240202fab5b88ee5d7c2603b3b0428,8cb390f4310bb5332e9085281aa52e5236aecd65b982d0e3a7e9174fe845527e,7d3712fb7ae81b29d8c28e354721b4a737f0e878202e5105ef9df6a672d5e6e4,TRUE,TRUE,FALSE,FALSE,TRUE,TRUE,FALSE,FALSE,0418a77b7087897a0ead6e10b9da2953bfee2ad9da1470ca98b7664e364a3024,0418a77b7087897a0ead6e10b9da2953bfee2ad9da1470ca98b7664e364a3024,TRUE
baseline,6,0,FALSE,pair_less,compact,1,1000000,1875,0.314,0.315000000000001,1c8e3c0969ca721d10f0cff30d1542de0795d4b1afd81dbeab684b22fd53e2e5,7f1c1a27229f7a699fa85ff90b5be1266497c462407b39b11f6d94015af8e8ad,d3066ce6e3c19763df09d2ef9185666a6f96f99e57743c9f8038e3cb90e15c4f,TRUE,TRUE,FALSE,FALSE,TRUE,TRUE,FALSE,FALSE,0418a77b7087897a0ead6e10b9da2953bfee2ad9da1470ca98b7664e364a3024,0418a77b7087897a0ead6e10b9da2953bfee2ad9da1470ca98b7664e364a3024,TRUE
baseline,6,0,FALSE,pair_less,ordinary,2,1000000,422,0.308,0.308000000000002,1c8e3c0969ca721d10f0cff30d1542de0795d4b1afd81dbeab684b22fd53e2e5,7f1c1a27229f7a699fa85ff90b5be1266497c462407b39b11f6d94015af8e8ad,d3066ce6e3c19763df09d2ef9185666a6f96f99e57743c9f8038e3cb90e15c4f,FALSE,FALSE,FALSE,FALSE,FALSE,FALSE,FALSE,FALSE,71557d1c8bac9bbe3cbec8d00bb223a2f372279827064095447e569fbf5a760a,71557d1c8bac9bbe3cbec8d00bb223a2f372279827064095447e569fbf5a760a,FALSE
baseline,6,0,FALSE,pair_less,typed_double,3,1000000,819,0.315999999999999,0.317,1c8e3c0969ca721d10f0cff30d1542de0795d4b1afd81dbeab684b22fd53e2e5,7f1c1a27229f7a699fa85ff90b5be1266497c462407b39b11f6d94015af8e8ad,d3066ce6e3c19763df09d2ef9185666a6f96f99e57743c9f8038e3cb90e15c4f,FALSE,FALSE,FALSE,FALSE,FALSE,FALSE,FALSE,FALSE,e8c2c3714dfad8ccb787de83956aff6eadd8f5bf3b515e0083ff8aeca241ab2d,e8c2c3714dfad8ccb787de83956aff6eadd8f5bf3b515e0083ff8aeca241ab2d,TRUE
baseline,6,0,FALSE,scalar_less,typed_double,1,1000000,1195,0.317,0.318,888be2318f047338553582f6247bd3d4f93d26181da856e938a6787f24c386c8,7f1c1a27229f7a699fa85ff90b5be1266497c462407b39b11f6d94015af8e8ad,d3066ce6e3c19763df09d2ef9185666a6f96f99e57743c9f8038e3cb90e15c4f,FALSE,FALSE,FALSE,FALSE,FALSE,FALSE,FALSE,FALSE,e8c2c3714dfad8ccb787de83956aff6eadd8f5bf3b515e0083ff8aeca241ab2d,e8c2c3714dfad8ccb787de83956aff6eadd8f5bf3b515e0083ff8aeca241ab2d,TRUE
baseline,6,0,FALSE,scalar_less,compact,2,1000000,1072,0.311999999999999,0.312999999999999,888be2318f047338553582f6247bd3d4f93d26181da856e938a6787f24c386c8,7f1c1a27229f7a699fa85ff90b5be1266497c462407b39b11f6d94015af8e8ad,d3066ce6e3c19763df09d2ef9185666a6f96f99e57743c9f8038e3cb90e15c4f,TRUE,TRUE,FALSE,FALSE,TRUE,TRUE,FALSE,FALSE,0418a77b7087897a0ead6e10b9da2953bfee2ad9da1470ca98b7664e364a3024,0418a77b7087897a0ead6e10b9da2953bfee2ad9da1470ca98b7664e364a3024,TRUE
baseline,6,0,FALSE,scalar_less,ordinary,3,1000000,432,0.303999999999999,0.302999999999999,888be2318f047338553582f6247bd3d4f93d26181da856e938a6787f24c386c8,7f1c1a27229f7a699fa85ff90b5be1266497c462407b39b11f6d94015af8e8ad,d3066ce6e3c19763df09d2ef9185666a6f96f99e57743c9f8038e3cb90e15c4f,FALSE,FALSE,FALSE,FALSE,FALSE,FALSE,FALSE,FALSE,71557d1c8bac9bbe3cbec8d00bb223a2f372279827064095447e569fbf5a760a,71557d1c8bac9bbe3cbec8d00bb223a2f372279827064095447e569fbf5a760a,FALSE
baseline,6,0,FALSE,pair_equal,ordinary,1,1000000,427,0.303000000000001,0.303000000000001,3373ec4fcf7f1a2c881385b92a07903da1240202fab5b88ee5d7c2603b3b0428,7f1c1a27229f7a699fa85ff90b5be1266497c462407b39b11f6d94015af8e8ad,d3066ce6e3c19763df09d2ef9185666a6f96f99e57743c9f8038e3cb90e15c4f,FALSE,FALSE,FALSE,FALSE,FALSE,FALSE,FALSE,FALSE,71557d1c8bac9bbe3cbec8d00bb223a2f372279827064095447e569fbf5a760a,71557d1c8bac9bbe3cbec8d00bb223a2f372279827064095447e569fbf5a760a,FALSE
baseline,6,0,FALSE,pair_equal,typed_double,2,1000000,816,0.301000000000002,0.301000000000002,3373ec4fcf7f1a2c881385b92a07903da1240202fab5b88ee5d7c2603b3b0428,7f1c1a27229f7a699fa85ff90b5be1266497c462407b39b11f6d94015af8e8ad,d3066ce6e3c19763df09d2ef9185666a6f96f99e57743c9f8038e3cb90e15c4f,FALSE,FALSE,FALSE,FALSE,FALSE,FALSE,FALSE,FALSE,e8c2c3714dfad8ccb787de83956aff6eadd8f5bf3b515e0083ff8aeca241ab2d,e8c2c3714dfad8ccb787de83956aff6eadd8f5bf3b515e0083ff8aeca241ab2d,TRUE
baseline,6,0,FALSE,pair_equal,compact,3,1000000,1617,0.259000000000003,0.259,3373ec4fcf7f1a2c881385b92a07903da1240202fab5b88ee5d7c2603b3b0428,7f1c1a27229f7a699fa85ff90b5be1266497c462407b39b11f6d94015af8e8ad,d3066ce6e3c19763df09d2ef9185666a6f96f99e57743c9f8038e3cb90e15c4f,TRUE,TRUE,FALSE,FALSE,TRUE,TRUE,FALSE,FALSE,0418a77b7087897a0ead6e10b9da2953bfee2ad9da1470ca98b7664e364a3024,0418a77b7087897a0ead6e10b9da2953bfee2ad9da1470ca98b7664e364a3024,TRUE
baseline,6,0,TRUE,pair_less,compact,1,1000000,1410,0.315999999999999,0.316999999999997,4eb038232aaffe99ba822841a72a1be288b698a16ba15b4e5aef22c587ee61d8,8cb390f4310bb5332e9085281aa52e5236aecd65b982d0e3a7e9174fe845527e,7d3712fb7ae81b29d8c28e354721b4a737f0e878202e5105ef9df6a672d5e6e4,TRUE,TRUE,FALSE,FALSE,TRUE,TRUE,FALSE,FALSE,0418a77b7087897a0ead6e10b9da2953bfee2ad9da1470ca98b7664e364a3024,0418a77b7087897a0ead6e10b9da2953bfee2ad9da1470ca98b7664e364a3024,TRUE
baseline,6,0,TRUE,pair_less,ordinary,2,1000000,422,0.301000000000001,0.299999999999997,dfddb9b2b91b422bcc693ca8234e4127d5ce2bf2fcabb02271713137399f3960,8cb390f4310bb5332e9085281aa52e5236aecd65b982d0e3a7e9174fe845527e,7d3712fb7ae81b29d8c28e354721b4a737f0e878202e5105ef9df6a672d5e6e4,FALSE,FALSE,FALSE,FALSE,FALSE,FALSE,FALSE,FALSE,71557d1c8bac9bbe3cbec8d00bb223a2f372279827064095447e569fbf5a760a,71557d1c8bac9bbe3cbec8d00bb223a2f372279827064095447e569fbf5a760a,FALSE
baseline,6,0,TRUE,pair_less,typed_double,3,1000000,736,0.299,0.299,4eb038232aaffe99ba822841a72a1be288b698a16ba15b4e5aef22c587ee61d8,8cb390f4310bb5332e9085281aa52e5236aecd65b982d0e3a7e9174fe845527e,7d3712fb7ae81b29d8c28e354721b4a737f0e878202e5105ef9df6a672d5e6e4,FALSE,FALSE,FALSE,FALSE,FALSE,FALSE,FALSE,FALSE,e8c2c3714dfad8ccb787de83956aff6eadd8f5bf3b515e0083ff8aeca241ab2d,e8c2c3714dfad8ccb787de83956aff6eadd8f5bf3b515e0083ff8aeca241ab2d,TRUE
baseline,6,0,TRUE,scalar_less,typed_double,1,1000000,1060,0.315000000000001,0.315999999999999,c0fc146f23f813aa8e80aebc4d9d7ac256ddd10f85b65c17173f37c3fe760d8b,8cb390f4310bb5332e9085281aa52e5236aecd65b982d0e3a7e9174fe845527e,7d3712fb7ae81b29d8c28e354721b4a737f0e878202e5105ef9df6a672d5e6e4,FALSE,FALSE,FALSE,FALSE,FALSE,FALSE,FALSE,FALSE,e8c2c3714dfad8ccb787de83956aff6eadd8f5bf3b515e0083ff8aeca241ab2d,e8c2c3714dfad8ccb787de83956aff6eadd8f5bf3b515e0083ff8aeca241ab2d,TRUE
baseline,6,0,TRUE,scalar_less,compact,2,1000000,1078,0.314,0.315000000000001,c0fc146f23f813aa8e80aebc4d9d7ac256ddd10f85b65c17173f37c3fe760d8b,8cb390f4310bb5332e9085281aa52e5236aecd65b982d0e3a7e9174fe845527e,7d3712fb7ae81b29d8c28e354721b4a737f0e878202e5105ef9df6a672d5e6e4,TRUE,TRUE,FALSE,FALSE,TRUE,TRUE,FALSE,FALSE,0418a77b7087897a0ead6e10b9da2953bfee2ad9da1470ca98b7664e364a3024,0418a77b7087897a0ead6e10b9da2953bfee2ad9da1470ca98b7664e364a3024,TRUE
baseline,6,0,TRUE,scalar_less,ordinary,3,1000000,427,0.298999999999998,0.299,27468a48d9fd9dc5ba71891904e48c03e2dfcbdc043990f010981b4c4efbdb56,8cb390f4310bb5332e9085281aa52e5236aecd65b982d0e3a7e9174fe845527e,7d3712fb7ae81b29d8c28e354721b4a737f0e878202e5105ef9df6a672d5e6e4,FALSE,FALSE,FALSE,FALSE,FALSE,FALSE,FALSE,FALSE,71557d1c8bac9bbe3cbec8d00bb223a2f372279827064095447e569fbf5a760a,71557d1c8bac9bbe3cbec8d00bb223a2f372279827064095447e569fbf5a760a,FALSE
baseline,6,0,TRUE,pair_equal,ordinary,1,1000000,422,0.3,0.299999999999997,c23d64adae593f70407e6f7f1b56406f1d112f7287b7f688c1c2e14458d73483,8cb390f4310bb5332e9085281aa52e5236aecd65b982d0e3a7e9174fe845527e,7d3712fb7ae81b29d8c28e354721b4a737f0e878202e5105ef9df6a672d5e6e4,FALSE,FALSE,FALSE,FALSE,FALSE,FALSE,FALSE,FALSE,71557d1c8bac9bbe3cbec8d00bb223a2f372279827064095447e569fbf5a760a,71557d1c8bac9bbe3cbec8d00bb223a2f372279827064095447e569fbf5a760a,FALSE
baseline,6,0,TRUE,pair_equal,typed_double,2,1000000,750,0.306999999999999,0.306999999999999,3373ec4fcf7f1a2c881385b92a07903da1240202fab5b88ee5d7c2603b3b0428,8cb390f4310bb5332e9085281aa52e5236aecd65b982d0e3a7e9174fe845527e,7d3712fb7ae81b29d8c28e354721b4a737f0e878202e5105ef9df6a672d5e6e4,FALSE,FALSE,FALSE,FALSE,FALSE,FALSE,FALSE,FALSE,e8c2c3714dfad8ccb787de83956aff6eadd8f5bf3b515e0083ff8aeca241ab2d,e8c2c3714dfad8ccb787de83956aff6eadd8f5bf3b515e0083ff8aeca241ab2d,TRUE
baseline,6,0,TRUE,pair_equal,compact,3,1000000,1400,0.314,0.314999999999998,3373ec4fcf7f1a2c881385b92a07903da1240202fab5b88ee5d7c2603b3b0428,8cb390f4310bb5332e9085281aa52e5236aecd65b982d0e3a7e9174fe845527e,7d3712fb7ae81b29d8c28e354721b4a737f0e878202e5105ef9df6a672d5e6e4,TRUE,TRUE,FALSE,FALSE,TRUE,TRUE,FALSE,FALSE,0418a77b7087897a0ead6e10b9da2953bfee2ad9da1470ca98b7664e364a3024,0418a77b7087897a0ead6e10b9da2953bfee2ad9da1470ca98b7664e364a3024,TRUE
