variant,round,case,n,width,missing,operation,ywidth,representation,order,iterations,cpu,wall,result_sha256,missing_sha256,missing_count,result_storage,native_calls,compact_before,compact_after,materialized_before,materialized_after,y_compact_before,y_compact_after,y_materialized_before,y_materialized_after,input_sha256,y_sha256
baseline,1,1,1000000,int,FALSE,scale_binary,double,ordinary,1,399,0.134,0.135,43cbc5fa02580f73a834cffb43a5ba0a0f4d7303cec536a2e3c58f1f469eb824,6506614505e113daab08b3f894ca46d4d61867c7b007c413b47a669abe8aae67,0,,0,FALSE,FALSE,FALSE,FALSE,FALSE,FALSE,FALSE,FALSE,8937acbbe87ff127e6567f97e52c6a17dbe3ea7052a39a3b76abe25c8e7eeb13,31d3575e77d9d04b75880bca9e10dbd0e13e61d21795052921dd3f702d909dd7
baseline,1,1,1000000,int,FALSE,scale_binary,double,compact,2,569,0.137,0.136,43cbc5fa02580f73a834cffb43a5ba0a0f4d7303cec536a2e3c58f1f469eb824,6506614505e113daab08b3f894ca46d4d61867c7b007c413b47a669abe8aae67,0,int,569,TRUE,TRUE,FALSE,FALSE,FALSE,FALSE,FALSE,FALSE,8937acbbe87ff127e6567f97e52c6a17dbe3ea7052a39a3b76abe25c8e7eeb13,31d3575e77d9d04b75880bca9e10dbd0e13e61d21795052921dd3f702d909dd7
baseline,1,1,1000000,int,FALSE,scale_binary,double,typed_double,3,569,0.169,0.169,43cbc5fa02580f73a834cffb43a5ba0a0f4d7303cec536a2e3c58f1f469eb824,6506614505e113daab08b3f894ca46d4d61867c7b007c413b47a669abe8aae67,0,double,569,FALSE,FALSE,FALSE,FALSE,FALSE,FALSE,FALSE,FALSE,8937acbbe87ff127e6567f97e52c6a17dbe3ea7052a39a3b76abe25c8e7eeb13,31d3575e77d9d04b75880bca9e10dbd0e13e61d21795052921dd3f702d909dd7
baseline,1,2,1000000,int,FALSE,scale_general,double,compact,1,97,0.151,0.151,5b22560fab6c3b27f5e82592f7a486b943278dbe0e1d82a8c99735d3ee13430b,6506614505e113daab08b3f894ca46d4d61867c7b007c413b47a669abe8aae67,0,float,97,TRUE,TRUE,FALSE,FALSE,FALSE,FALSE,FALSE,FALSE,8937acbbe87ff127e6567f97e52c6a17dbe3ea7052a39a3b76abe25c8e7eeb13,31d3575e77d9d04b75880bca9e10dbd0e13e61d21795052921dd3f702d909dd7
baseline,1,2,1000000,int,FALSE,scale_general,double,typed_double,2,569,0.153,0.153,98c11364f9b15cf1e1696537d86d727f3e1efaa44f5b303a15ed033179b4e86a,6506614505e113daab08b3f894ca46d4d61867c7b007c413b47a669abe8aae67,0,double,569,FALSE,FALSE,FALSE,FALSE,FALSE,FALSE,FALSE,FALSE,8937acbbe87ff127e6567f97e52c6a17dbe3ea7052a39a3b76abe25c8e7eeb13,31d3575e77d9d04b75880bca9e10dbd0e13e61d21795052921dd3f702d909dd7
baseline,1,2,1000000,int,FALSE,scale_general,double,ordinary,3,625,0.166,0.167,98c11364f9b15cf1e1696537d86d727f3e1efaa44f5b303a15ed033179b4e86a,6506614505e113daab08b3f894ca46d4d61867c7b007c413b47a669abe8aae67,0,,0,FALSE,FALSE,FALSE,FALSE,FALSE,FALSE,FALSE,FALSE,8937acbbe87ff127e6567f97e52c6a17dbe3ea7052a39a3b76abe25c8e7eeb13,31d3575e77d9d04b75880bca9e10dbd0e13e61d21795052921dd3f702d909dd7
baseline,1,3,1000000,int,FALSE,pair_compact_double,double,typed_double,1,494,0.17,0.17,5865d7f437b5487c8061f7274c6507b7ec0fc76362cd655e9259ebb78a28f057,6506614505e113daab08b3f894ca46d4d61867c7b007c413b47a669abe8aae67,0,double,494,FALSE,FALSE,FALSE,FALSE,FALSE,FALSE,FALSE,FALSE,8937acbbe87ff127e6567f97e52c6a17dbe3ea7052a39a3b76abe25c8e7eeb13,31d3575e77d9d04b75880bca9e10dbd0e13e61d21795052921dd3f702d909dd7
baseline,1,3,1000000,int,FALSE,pair_compact_double,double,ordinary,2,605,0.153,0.153,5865d7f437b5487c8061f7274c6507b7ec0fc76362cd655e9259ebb78a28f057,6506614505e113daab08b3f894ca46d4d61867c7b007c413b47a669abe8aae67,0,,0,FALSE,FALSE,FALSE,FALSE,FALSE,FALSE,FALSE,FALSE,8937acbbe87ff127e6567f97e52c6a17dbe3ea7052a39a3b76abe25c8e7eeb13,31d3575e77d9d04b75880bca9e10dbd0e13e61d21795052921dd3f702d909dd7
baseline,1,3,1000000,int,FALSE,pair_compact_double,double,compact,3,108,0.147,0.148,5865d7f437b5487c8061f7274c6507b7ec0fc76362cd655e9259ebb78a28f057,6506614505e113daab08b3f894ca46d4d61867c7b007c413b47a669abe8aae67,0,double,108,TRUE,TRUE,FALSE,FALSE,FALSE,FALSE,FALSE,FALSE,8937acbbe87ff127e6567f97e52c6a17dbe3ea7052a39a3b76abe25c8e7eeb13,31d3575e77d9d04b75880bca9e10dbd0e13e61d21795052921dd3f702d909dd7
baseline,1,4,1000000,int,FALSE,add_scalar,double,ordinary,1,625,0.166,0.165999999999999,1439f7f16fb3a12c3e378be19f4f968bfd8ba0b13d49fd661b844b18b3b58d40,6506614505e113daab08b3f894ca46d4d61867c7b007c413b47a669abe8aae67,0,,0,FALSE,FALSE,FALSE,FALSE,FALSE,FALSE,FALSE,FALSE,8937acbbe87ff127e6567f97e52c6a17dbe3ea7052a39a3b76abe25c8e7eeb13,31d3575e77d9d04b75880bca9e10dbd0e13e61d21795052921dd3f702d909dd7
baseline,1,4,1000000,int,FALSE,add_scalar,double,compact,2,33,0.156,0.155,c71ccca92de640a85316ddcd6d7a40e76d086d97708e3a6315956ca169418a51,6506614505e113daab08b3f894ca46d4d61867c7b007c413b47a669abe8aae67,0,float,33,TRUE,TRUE,FALSE,FALSE,FALSE,FALSE,FALSE,FALSE,8937acbbe87ff127e6567f97e52c6a17dbe3ea7052a39a3b76abe25c8e7eeb13,31d3575e77d9d04b75880bca9e10dbd0e13e61d21795052921dd3f702d909dd7
baseline,1,4,1000000,int,FALSE,add_scalar,double,typed_double,3,361,0.146,0.147,1439f7f16fb3a12c3e378be19f4f968bfd8ba0b13d49fd661b844b18b3b58d40,6506614505e113daab08b3f894ca46d4d61867c7b007c413b47a669abe8aae67,0,double,361,FALSE,FALSE,FALSE,FALSE,FALSE,FALSE,FALSE,FALSE,8937acbbe87ff127e6567f97e52c6a17dbe3ea7052a39a3b76abe25c8e7eeb13,31d3575e77d9d04b75880bca9e10dbd0e13e61d21795052921dd3f702d909dd7
baseline,1,5,1000000,int,FALSE,subtract_scalar,double,compact,1,33,0.176000000000001,0.175,ac41a62f122b430ac56496c53bc2efc0f8e7b183de1fa7f57d32683c2f951555,6506614505e113daab08b3f894ca46d4d61867c7b007c413b47a669abe8aae67,0,float,33,TRUE,TRUE,FALSE,FALSE,FALSE,FALSE,FALSE,FALSE,8937acbbe87ff127e6567f97e52c6a17dbe3ea7052a39a3b76abe25c8e7eeb13,31d3575e77d9d04b75880bca9e10dbd0e13e61d21795052921dd3f702d909dd7
baseline,1,5,1000000,int,FALSE,subtract_scalar,double,typed_double,2,368,0.152,0.151999999999999,4d7fa72c39df54d095261c83239d5980d0a1ff94839d263f9a7dfea5049791fe,6506614505e113daab08b3f894ca46d4d61867c7b007c413b47a669abe8aae67,0,double,368,FALSE,FALSE,FALSE,FALSE,FALSE,FALSE,FALSE,FALSE,8937acbbe87ff127e6567f97e52c6a17dbe3ea7052a39a3b76abe25c8e7eeb13,31d3575e77d9d04b75880bca9e10dbd0e13e61d21795052921dd3f702d909dd7
baseline,1,5,1000000,int,FALSE,subtract_scalar,double,ordinary,3,625,0.151,0.151999999999999,4d7fa72c39df54d095261c83239d5980d0a1ff94839d263f9a7dfea5049791fe,6506614505e113daab08b3f894ca46d4d61867c7b007c413b47a669abe8aae67,0,,0,FALSE,FALSE,FALSE,FALSE,FALSE,FALSE,FALSE,FALSE,8937acbbe87ff127e6567f97e52c6a17dbe3ea7052a39a3b76abe25c8e7eeb13,31d3575e77d9d04b75880bca9e10dbd0e13e61d21795052921dd3f702d909dd7
baseline,1,6,1000000,int,FALSE,reverse_subtract,double,typed_double,1,361,0.148,0.148,c10b10b4e2f1f397fc6fe7eaa9e5b4584cc0a290911e13c8fea846c487bfa36d,6506614505e113daab08b3f894ca46d4d61867c7b007c413b47a669abe8aae67,0,double,361,FALSE,FALSE,FALSE,FALSE,FALSE,FALSE,FALSE,FALSE,8937acbbe87ff127e6567f97e52c6a17dbe3ea7052a39a3b76abe25c8e7eeb13,31d3575e77d9d04b75880bca9e10dbd0e13e61d21795052921dd3f702d909dd7
baseline,1,6,1000000,int,FALSE,reverse_subtract,double,ordinary,2,626,0.15,0.149999999999999,c10b10b4e2f1f397fc6fe7eaa9e5b4584cc0a290911e13c8fea846c487bfa36d,6506614505e113daab08b3f894ca46d4d61867c7b007c413b47a669abe8aae67,0,,0,FALSE,FALSE,FALSE,FALSE,FALSE,FALSE,FALSE,FALSE,8937acbbe87ff127e6567f97e52c6a17dbe3ea7052a39a3b76abe25c8e7eeb13,31d3575e77d9d04b75880bca9e10dbd0e13e61d21795052921dd3f702d909dd7
baseline,1,6,1000000,int,FALSE,reverse_subtract,double,compact,3,33,0.153,0.153,4e06bb9d84e68d2b3176d8d9d719b5bb97dc463a99c72430d73baf543d93b6fd,6506614505e113daab08b3f894ca46d4d61867c7b007c413b47a669abe8aae67,0,float,33,TRUE,TRUE,FALSE,FALSE,FALSE,FALSE,FALSE,FALSE,8937acbbe87ff127e6567f97e52c6a17dbe3ea7052a39a3b76abe25c8e7eeb13,31d3575e77d9d04b75880bca9e10dbd0e13e61d21795052921dd3f702d909dd7
baseline,1,7,1000000,int,FALSE,reverse_divide,double,ordinary,1,417,0.101000000000001,0.0999999999999996,286e6f4fcb574961d21ee0ffc03c2d1c268671051cddf977b0eb1236cc5ce88a,6506614505e113daab08b3f894ca46d4d61867c7b007c413b47a669abe8aae67,0,,0,FALSE,FALSE,FALSE,FALSE,FALSE,FALSE,FALSE,FALSE,8937acbbe87ff127e6567f97e52c6a17dbe3ea7052a39a3b76abe25c8e7eeb13,31d3575e77d9d04b75880bca9e10dbd0e13e61d21795052921dd3f702d909dd7
baseline,1,7,1000000,int,FALSE,reverse_divide,double,compact,2,102,0.151999999999999,0.151999999999999,cbafe8b44fab1872729be2227cecddc875873c3653e6ebf01ce53e917fceee0e,8dca1eb700a45aaace59ea0c206000bfb6345887d8c82d9a5f1f6a86211aeab4,100,float,102,TRUE,TRUE,FALSE,FALSE,FALSE,FALSE,FALSE,FALSE,8937acbbe87ff127e6567f97e52c6a17dbe3ea7052a39a3b76abe25c8e7eeb13,31d3575e77d9d04b75880bca9e10dbd0e13e61d21795052921dd3f702d909dd7
baseline,1,7,1000000,int,FALSE,reverse_divide,double,typed_double,3,507,0.165000000000001,0.166,edabd46066f8ec30bbc81fe8d9a4c7ef506d3d9a77408a1b0c6a5be7df3e4721,8dca1eb700a45aaace59ea0c206000bfb6345887d8c82d9a5f1f6a86211aeab4,100,double,507,FALSE,FALSE,FALSE,FALSE,FALSE,FALSE,FALSE,FALSE,8937acbbe87ff127e6567f97e52c6a17dbe3ea7052a39a3b76abe25c8e7eeb13,31d3575e77d9d04b75880bca9e10dbd0e13e61d21795052921dd3f702d909dd7
baseline,1,8,1000000,int,FALSE,mixed_add,float,compact,1,84,0.155,0.154,5865d7f437b5487c8061f7274c6507b7ec0fc76362cd655e9259ebb78a28f057,6506614505e113daab08b3f894ca46d4d61867c7b007c413b47a669abe8aae67,0,float,84,TRUE,TRUE,FALSE,FALSE,TRUE,TRUE,FALSE,FALSE,8937acbbe87ff127e6567f97e52c6a17dbe3ea7052a39a3b76abe25c8e7eeb13,31d3575e77d9d04b75880bca9e10dbd0e13e61d21795052921dd3f702d909dd7
baseline,1,8,1000000,int,FALSE,mixed_add,float,typed_double,2,494,0.152000000000001,0.151999999999999,5865d7f437b5487c8061f7274c6507b7ec0fc76362cd655e9259ebb78a28f057,6506614505e113daab08b3f894ca46d4d61867c7b007c413b47a669abe8aae67,0,double,494,FALSE,FALSE,FALSE,FALSE,FALSE,FALSE,FALSE,FALSE,8937acbbe87ff127e6567f97e52c6a17dbe3ea7052a39a3b76abe25c8e7eeb13,31d3575e77d9d04b75880bca9e10dbd0e13e61d21795052921dd3f702d909dd7
baseline,1,8,1000000,int,FALSE,mixed_add,float,ordinary,3,605,0.168000000000001,0.167,5865d7f437b5487c8061f7274c6507b7ec0fc76362cd655e9259ebb78a28f057,6506614505e113daab08b3f894ca46d4d61867c7b007c413b47a669abe8aae67,0,,0,FALSE,FALSE,FALSE,FALSE,FALSE,FALSE,FALSE,FALSE,8937acbbe87ff127e6567f97e52c6a17dbe3ea7052a39a3b76abe25c8e7eeb13,31d3575e77d9d04b75880bca9e10dbd0e13e61d21795052921dd3f702d909dd7
baseline,1,9,1000000,int,FALSE,mixed_multiply,float,typed_double,1,494,0.164,0.164,74e198320fcef535d96d5240bf6315c7f048f937cff6728206c4dc3e49c71557,6506614505e113daab08b3f894ca46d4d61867c7b007c413b47a669abe8aae67,0,double,494,FALSE,FALSE,FALSE,FALSE,FALSE,FALSE,FALSE,FALSE,8937acbbe87ff127e6567f97e52c6a17dbe3ea7052a39a3b76abe25c8e7eeb13,31d3575e77d9d04b75880bca9e10dbd0e13e61d21795052921dd3f702d909dd7
baseline,1,9,1000000,int,FALSE,mixed_multiply,float,ordinary,2,625,0.157999999999999,0.157999999999999,74e198320fcef535d96d5240bf6315c7f048f937cff6728206c4dc3e49c71557,6506614505e113daab08b3f894ca46d4d61867c7b007c413b47a669abe8aae67,0,,0,FALSE,FALSE,FALSE,FALSE,FALSE,FALSE,FALSE,FALSE,8937acbbe87ff127e6567f97e52c6a17dbe3ea7052a39a3b76abe25c8e7eeb13,31d3575e77d9d04b75880bca9e10dbd0e13e61d21795052921dd3f702d909dd7
baseline,1,9,1000000,int,FALSE,mixed_multiply,float,compact,3,82,0.15,0.15,74e198320fcef535d96d5240bf6315c7f048f937cff6728206c4dc3e49c71557,6506614505e113daab08b3f894ca46d4d61867c7b007c413b47a669abe8aae67,0,float,82,TRUE,TRUE,FALSE,FALSE,TRUE,TRUE,FALSE,FALSE,8937acbbe87ff127e6567f97e52c6a17dbe3ea7052a39a3b76abe25c8e7eeb13,31d3575e77d9d04b75880bca9e10dbd0e13e61d21795052921dd3f702d909dd7
baseline,1,10,1000000,int,TRUE,scale_binary,double,ordinary,1,626,0.15,0.15,b10ddc1e7177ef92cdb14943c3981218bcd426a31f9c7d156ed4dbd4ea86c948,256764253c19afe4b22c7738fb2f83098a03d4dbde3db39ee8c24b205a95942a,1003,,0,FALSE,FALSE,FALSE,FALSE,FALSE,FALSE,FALSE,FALSE,5af7169f9d20a77a6f06236647a66be1493d6e155163c245a466bda43242d0e7,6a2baa27cd05157233063b825243be4bdf1a2dbc88db2a6cdfd0b2527b28716b
baseline,1,10,1000000,int,TRUE,scale_binary,double,compact,2,536,0.129000000000002,0.129000000000001,406aa86104df9ebd1e49e25bbc9266cbc0cc152fd09e7d28efa1e3b9f07c7f98,256764253c19afe4b22c7738fb2f83098a03d4dbde3db39ee8c24b205a95942a,1003,int,536,TRUE,TRUE,FALSE,FALSE,FALSE,FALSE,FALSE,FALSE,5af7169f9d20a77a6f06236647a66be1493d6e155163c245a466bda43242d0e7,6a2baa27cd05157233063b825243be4bdf1a2dbc88db2a6cdfd0b2527b28716b
baseline,1,10,1000000,int,TRUE,scale_binary,double,typed_double,3,569,0.164999999999999,0.166,406aa86104df9ebd1e49e25bbc9266cbc0cc152fd09e7d28efa1e3b9f07c7f98,256764253c19afe4b22c7738fb2f83098a03d4dbde3db39ee8c24b205a95942a,1003,double,569,FALSE,FALSE,FALSE,FALSE,FALSE,FALSE,FALSE,FALSE,5af7169f9d20a77a6f06236647a66be1493d6e155163c245a466bda43242d0e7,6a2baa27cd05157233063b825243be4bdf1a2dbc88db2a6cdfd0b2527b28716b
baseline,1,11,1000000,int,TRUE,scale_general,double,compact,1,88,0.151999999999997,0.152000000000001,38447e334649e5d7eda33f0001bed517c428980c028a15d2e1699be9ef65cf3a,256764253c19afe4b22c7738fb2f83098a03d4dbde3db39ee8c24b205a95942a,1003,float,88,TRUE,TRUE,FALSE,FALSE,FALSE,FALSE,FALSE,FALSE,5af7169f9d20a77a6f06236647a66be1493d6e155163c245a466bda43242d0e7,6a2baa27cd05157233063b825243be4bdf1a2dbc88db2a6cdfd0b2527b28716b
baseline,1,11,1000000,int,TRUE,scale_general,double,typed_double,2,586,0.155,0.154,69569d7d3b174986a7ae48d2c2f67dcea32be4e102725873e2cfa7cf5e4f9d02,256764253c19afe4b22c7738fb2f83098a03d4dbde3db39ee8c24b205a95942a,1003,double,586,FALSE,FALSE,FALSE,FALSE,FALSE,FALSE,FALSE,FALSE,5af7169f9d20a77a6f06236647a66be1493d6e155163c245a466bda43242d0e7,6a2baa27cd05157233063b825243be4bdf1a2dbc88db2a6cdfd0b2527b28716b
baseline,1,11,1000000,int,TRUE,scale_general,double,ordinary,3,647,0.169,0.168999999999997,ea5220c4891c83ca4d6c555d28f6502adbaf6141ce7d6cf4825e9d27d0d51944,256764253c19afe4b22c7738fb2f83098a03d4dbde3db39ee8c24b205a95942a,1003,,0,FALSE,FALSE,FALSE,FALSE,FALSE,FALSE,FALSE,FALSE,5af7169f9d20a77a6f06236647a66be1493d6e155163c245a466bda43242d0e7,6a2baa27cd05157233063b825243be4bdf1a2dbc88db2a6cdfd0b2527b28716b
baseline,1,12,1000000,int,TRUE,pair_compact_double,double,typed_double,1,494,0.152000000000001,0.152000000000001,087fb12a32e314d333c4287225113c3c6e3a135a9c18c162b3b5753b80f4350c,d842a810a046337b5363ff7dafdaa01aa4553912ce2afa4ee95c617158d8e0e7,2011,double,494,FALSE,FALSE,FALSE,FALSE,FALSE,FALSE,FALSE,FALSE,5af7169f9d20a77a6f06236647a66be1493d6e155163c245a466bda43242d0e7,6a2baa27cd05157233063b825243be4bdf1a2dbc88db2a6cdfd0b2527b28716b
baseline,1,12,1000000,int,TRUE,pair_compact_double,double,ordinary,2,605,0.167000000000002,0.168000000000003,ea5ac2e3896755c3d5082b83561d8673bb4f0147a7690b804a8d74cecbeda4c1,d842a810a046337b5363ff7dafdaa01aa4553912ce2afa4ee95c617158d8e0e7,2011,,0,FALSE,FALSE,FALSE,FALSE,FALSE,FALSE,FALSE,FALSE,5af7169f9d20a77a6f06236647a66be1493d6e155163c245a466bda43242d0e7,6a2baa27cd05157233063b825243be4bdf1a2dbc88db2a6cdfd0b2527b28716b
baseline,1,12,1000000,int,TRUE,pair_compact_double,double,compact,3,114,0.155000000000001,0.155999999999999,087fb12a32e314d333c4287225113c3c6e3a135a9c18c162b3b5753b80f4350c,d842a810a046337b5363ff7dafdaa01aa4553912ce2afa4ee95c617158d8e0e7,2011,double,114,TRUE,TRUE,FALSE,FALSE,FALSE,FALSE,FALSE,FALSE,5af7169f9d20a77a6f06236647a66be1493d6e155163c245a466bda43242d0e7,6a2baa27cd05157233063b825243be4bdf1a2dbc88db2a6cdfd0b2527b28716b
baseline,1,13,1000000,int,TRUE,add_scalar,double,ordinary,1,625,0.150000000000001,0.149000000000001,a05775d63d44cef2dc1fafd0012e87fb382790e3551020edeb65dba214805f6a,256764253c19afe4b22c7738fb2f83098a03d4dbde3db39ee8c24b205a95942a,1003,,0,FALSE,FALSE,FALSE,FALSE,FALSE,FALSE,FALSE,FALSE,5af7169f9d20a77a6f06236647a66be1493d6e155163c245a466bda43242d0e7,6a2baa27cd05157233063b825243be4bdf1a2dbc88db2a6cdfd0b2527b28716b
baseline,1,13,1000000,int,TRUE,add_scalar,double,compact,2,20,0.149999999999997,0.150000000000002,9298ae1fd450cae2b62dc96ace3bab841bc59b30cfc46e1ecc19a5d300510c90,256764253c19afe4b22c7738fb2f83098a03d4dbde3db39ee8c24b205a95942a,1003,float,20,TRUE,TRUE,FALSE,FALSE,FALSE,FALSE,FALSE,FALSE,5af7169f9d20a77a6f06236647a66be1493d6e155163c245a466bda43242d0e7,6a2baa27cd05157233063b825243be4bdf1a2dbc88db2a6cdfd0b2527b28716b
baseline,1,13,1000000,int,TRUE,add_scalar,double,typed_double,3,368,0.152,0.151,3c99edfd213a70ad9e7387e7d2693e7278b2f41d1da572a7c0f2c136c10a0f54,256764253c19afe4b22c7738fb2f83098a03d4dbde3db39ee8c24b205a95942a,1003,double,368,FALSE,FALSE,FALSE,FALSE,FALSE,FALSE,FALSE,FALSE,5af7169f9d20a77a6f06236647a66be1493d6e155163c245a466bda43242d0e7,6a2baa27cd05157233063b825243be4bdf1a2dbc88db2a6cdfd0b2527b28716b
baseline,1,14,1000000,int,TRUE,subtract_scalar,double,compact,1,20,0.158,0.157,d1a2fd6c5ab8d0e4a10c61dbb097a7ab3009923cb6ed72a793f42244b3f68ec6,256764253c19afe4b22c7738fb2f83098a03d4dbde3db39ee8c24b205a95942a,1003,float,20,TRUE,TRUE,FALSE,FALSE,FALSE,FALSE,FALSE,FALSE,5af7169f9d20a77a6f06236647a66be1493d6e155163c245a466bda43242d0e7,6a2baa27cd05157233063b825243be4bdf1a2dbc88db2a6cdfd0b2527b28716b
baseline,1,14,1000000,int,TRUE,subtract_scalar,double,typed_double,2,375,0.155,0.155000000000001,0834dd898be45a06c2b25b69b1eaac5c18492a3f92f29fe34d2ee1bca21c6c24,256764253c19afe4b22c7738fb2f83098a03d4dbde3db39ee8c24b205a95942a,1003,double,375,FALSE,FALSE,FALSE,FALSE,FALSE,FALSE,FALSE,FALSE,5af7169f9d20a77a6f06236647a66be1493d6e155163c245a466bda43242d0e7,6a2baa27cd05157233063b825243be4bdf1a2dbc88db2a6cdfd0b2527b28716b
baseline,1,14,1000000,int,TRUE,subtract_scalar,double,ordinary,3,626,0.166999999999998,0.166999999999998,66c6c50fe1b9ab56178355238f6fb6b10837cc4c6935acaf14868f2895baa864,256764253c19afe4b22c7738fb2f83098a03d4dbde3db39ee8c24b205a95942a,1003,,0,FALSE,FALSE,FALSE,FALSE,FALSE,FALSE,FALSE,FALSE,5af7169f9d20a77a6f06236647a66be1493d6e155163c245a466bda43242d0e7,6a2baa27cd05157233063b825243be4bdf1a2dbc88db2a6cdfd0b2527b28716b
baseline,1,15,1000000,int,TRUE,reverse_subtract,double,typed_double,1,368,0.152000000000001,0.153000000000002,7772556aaab7540c9cbc83fbef93b5ce837a74b5f0bfbf9f4d7e1d6c2f9d6aca,256764253c19afe4b22c7738fb2f83098a03d4dbde3db39ee8c24b205a95942a,1003,double,368,FALSE,FALSE,FALSE,FALSE,FALSE,FALSE,FALSE,FALSE,5af7169f9d20a77a6f06236647a66be1493d6e155163c245a466bda43242d0e7,6a2baa27cd05157233063b825243be4bdf1a2dbc88db2a6cdfd0b2527b28716b
baseline,1,15,1000000,int,TRUE,reverse_subtract,double,ordinary,2,417,0.100999999999999,0.102,eeadc1ac8a182c5e9ac0af8ed545484b93cc60cd2781d423e67e76b038bbb02f,256764253c19afe4b22c7738fb2f83098a03d4dbde3db39ee8c24b205a95942a,1003,,0,FALSE,FALSE,FALSE,FALSE,FALSE,FALSE,FALSE,FALSE,5af7169f9d20a77a6f06236647a66be1493d6e155163c245a466bda43242d0e7,6a2baa27cd05157233063b825243be4bdf1a2dbc88db2a6cdfd0b2527b28716b
baseline,1,15,1000000,int,TRUE,reverse_subtract,double,compact,3,21,0.156999999999999,0.156000000000002,ce55a919f3651ad54050585ceac6df58ade9a7234536c53b2e30cf24dc97456a,256764253c19afe4b22c7738fb2f83098a03d4dbde3db39ee8c24b205a95942a,1003,float,21,TRUE,TRUE,FALSE,FALSE,FALSE,FALSE,FALSE,FALSE,5af7169f9d20a77a6f06236647a66be1493d6e155163c245a466bda43242d0e7,6a2baa27cd05157233063b825243be4bdf1a2dbc88db2a6cdfd0b2527b28716b
baseline,1,16,1000000,int,TRUE,reverse_divide,double,ordinary,1,625,0.166,0.165999999999997,5919a3b9c611a609b75579ae435ea59e6a6602e36aae9ea52a62df3f56ed00e9,256764253c19afe4b22c7738fb2f83098a03d4dbde3db39ee8c24b205a95942a,1003,,0,FALSE,FALSE,FALSE,FALSE,FALSE,FALSE,FALSE,FALSE,5af7169f9d20a77a6f06236647a66be1493d6e155163c245a466bda43242d0e7,6a2baa27cd05157233063b825243be4bdf1a2dbc88db2a6cdfd0b2527b28716b
baseline,1,16,1000000,int,TRUE,reverse_divide,double,compact,2,80,0.148999999999997,0.148999999999997,8e2880166f67afb3324288a562f812ea1ac87aa63f348f9c4373df1017394a64,e18be1b0e89b4a0c64a4b1d8acff45284e54d26e14e2d4cbb5f3b282ba9e2bbf,1103,float,80,TRUE,TRUE,FALSE,FALSE,FALSE,FALSE,FALSE,FALSE,5af7169f9d20a77a6f06236647a66be1493d6e155163c245a466bda43242d0e7,6a2baa27cd05157233063b825243be4bdf1a2dbc88db2a6cdfd0b2527b28716b
baseline,1,16,1000000,int,TRUE,reverse_divide,double,typed_double,3,507,0.168000000000002,0.168000000000003,46c9fedb1b90dde4d28d485b133b143f17d4c7ef7b2ba3baae533c5a3d0656ea,e18be1b0e89b4a0c64a4b1d8acff45284e54d26e14e2d4cbb5f3b282ba9e2bbf,1103,double,507,FALSE,FALSE,FALSE,FALSE,FALSE,FALSE,FALSE,FALSE,5af7169f9d20a77a6f06236647a66be1493d6e155163c245a466bda43242d0e7,6a2baa27cd05157233063b825243be4bdf1a2dbc88db2a6cdfd0b2527b28716b
baseline,1,17,1000000,int,TRUE,mixed_add,float,compact,1,82,0.161999999999998,0.162000000000003,087fb12a32e314d333c4287225113c3c6e3a135a9c18c162b3b5753b80f4350c,d842a810a046337b5363ff7dafdaa01aa4553912ce2afa4ee95c617158d8e0e7,2011,float,82,TRUE,TRUE,FALSE,FALSE,TRUE,TRUE,FALSE,FALSE,5af7169f9d20a77a6f06236647a66be1493d6e155163c245a466bda43242d0e7,6a2baa27cd05157233063b825243be4bdf1a2dbc88db2a6cdfd0b2527b28716b
baseline,1,17,1000000,int,TRUE,mixed_add,float,typed_double,2,494,0.154,0.155000000000001,087fb12a32e314d333c4287225113c3c6e3a135a9c18c162b3b5753b80f4350c,d842a810a046337b5363ff7dafdaa01aa4553912ce2afa4ee95c617158d8e0e7,2011,double,494,FALSE,FALSE,FALSE,FALSE,FALSE,FALSE,FALSE,FALSE,5af7169f9d20a77a6f06236647a66be1493d6e155163c245a466bda43242d0e7,6a2baa27cd05157233063b825243be4bdf1a2dbc88db2a6cdfd0b2527b28716b
baseline,1,17,1000000,int,TRUE,mixed_add,float,ordinary,3,605,0.166999999999998,0.166999999999998,ea5ac2e3896755c3d5082b83561d8673bb4f0147a7690b804a8d74cecbeda4c1,d842a810a046337b5363ff7dafdaa01aa4553912ce2afa4ee95c617158d8e0e7,2011,,0,FALSE,FALSE,FALSE,FALSE,FALSE,FALSE,FALSE,FALSE,5af7169f9d20a77a6f06236647a66be1493d6e155163c245a466bda43242d0e7,6a2baa27cd05157233063b825243be4bdf1a2dbc88db2a6cdfd0b2527b28716b
baseline,1,18,1000000,int,TRUE,mixed_multiply,float,typed_double,1,481,0.147000000000002,0.148,567cb444c88381ecb7601b5374668c9d2a719ee733326a0fd33b4e0cf98f607d,d842a810a046337b5363ff7dafdaa01aa4553912ce2afa4ee95c617158d8e0e7,2011,double,481,FALSE,FALSE,FALSE,FALSE,FALSE,FALSE,FALSE,FALSE,5af7169f9d20a77a6f06236647a66be1493d6e155163c245a466bda43242d0e7,6a2baa27cd05157233063b825243be4bdf1a2dbc88db2a6cdfd0b2527b28716b
baseline,1,18,1000000,int,TRUE,mixed_multiply,float,ordinary,2,605,0.167999999999999,0.167000000000002,4e15a12f73c542a9193d69c8d13f89eb8b7adf975c41c2fdf2ef19e40aa99344,d842a810a046337b5363ff7dafdaa01aa4553912ce2afa4ee95c617158d8e0e7,2011,,0,FALSE,FALSE,FALSE,FALSE,FALSE,FALSE,FALSE,FALSE,5af7169f9d20a77a6f06236647a66be1493d6e155163c245a466bda43242d0e7,6a2baa27cd05157233063b825243be4bdf1a2dbc88db2a6cdfd0b2527b28716b
baseline,1,18,1000000,int,TRUE,mixed_multiply,float,compact,3,82,0.152000000000001,0.152000000000001,567cb444c88381ecb7601b5374668c9d2a719ee733326a0fd33b4e0cf98f607d,d842a810a046337b5363ff7dafdaa01aa4553912ce2afa4ee95c617158d8e0e7,2011,float,82,TRUE,TRUE,FALSE,FALSE,TRUE,TRUE,FALSE,FALSE,5af7169f9d20a77a6f06236647a66be1493d6e155163c245a466bda43242d0e7,6a2baa27cd05157233063b825243be4bdf1a2dbc88db2a6cdfd0b2527b28716b
baseline,1,19,1000000,float,FALSE,scale_binary,double,ordinary,1,625,0.169000000000002,0.167999999999999,5e4cb543f32269b2c2218b394ad1c41d44f6b32b3f8be7d200655b3b7d11f177,6506614505e113daab08b3f894ca46d4d61867c7b007c413b47a669abe8aae67,0,,0,FALSE,FALSE,FALSE,FALSE,FALSE,FALSE,FALSE,FALSE,7f1c1a27229f7a699fa85ff90b5be1266497c462407b39b11f6d94015af8e8ad,31d3575e77d9d04b75880bca9e10dbd0e13e61d21795052921dd3f702d909dd7
baseline,1,19,1000000,float,FALSE,scale_binary,double,compact,2,437,0.142000000000002,0.141000000000002,5e4cb543f32269b2c2218b394ad1c41d44f6b32b3f8be7d200655b3b7d11f177,6506614505e113daab08b3f894ca46d4d61867c7b007c413b47a669abe8aae67,0,float,437,TRUE,TRUE,FALSE,FALSE,FALSE,FALSE,FALSE,FALSE,7f1c1a27229f7a699fa85ff90b5be1266497c462407b39b11f6d94015af8e8ad,31d3575e77d9d04b75880bca9e10dbd0e13e61d21795052921dd3f702d909dd7
baseline,1,19,1000000,float,FALSE,scale_binary,double,typed_double,3,569,0.150000000000002,0.149999999999999,5e4cb543f32269b2c2218b394ad1c41d44f6b32b3f8be7d200655b3b7d11f177,6506614505e113daab08b3f894ca46d4d61867c7b007c413b47a669abe8aae67,0,double,569,FALSE,FALSE,FALSE,FALSE,FALSE,FALSE,FALSE,FALSE,7f1c1a27229f7a699fa85ff90b5be1266497c462407b39b11f6d94015af8e8ad,31d3575e77d9d04b75880bca9e10dbd0e13e61d21795052921dd3f702d909dd7
baseline,1,20,1000000,float,FALSE,scale_general,double,compact,1,192,0.122,0.122,72cc5cf98cf5a5166668db2e8420adb3bc862ec1b003fbdd7aeb0a9746f22870,6506614505e113daab08b3f894ca46d4d61867c7b007c413b47a669abe8aae67,0,float,192,TRUE,TRUE,FALSE,FALSE,FALSE,FALSE,FALSE,FALSE,7f1c1a27229f7a699fa85ff90b5be1266497c462407b39b11f6d94015af8e8ad,31d3575e77d9d04b75880bca9e10dbd0e13e61d21795052921dd3f702d909dd7
baseline,1,20,1000000,float,FALSE,scale_general,double,typed_double,2,569,0.150000000000002,0.149000000000001,f26b519d09797e4f4941392e4b52f307c71832f0aaad54da617e9078fe055e1c,6506614505e113daab08b3f894ca46d4d61867c7b007c413b47a669abe8aae67,0,double,569,FALSE,FALSE,FALSE,FALSE,FALSE,FALSE,FALSE,FALSE,7f1c1a27229f7a699fa85ff90b5be1266497c462407b39b11f6d94015af8e8ad,31d3575e77d9d04b75880bca9e10dbd0e13e61d21795052921dd3f702d909dd7
baseline,1,20,1000000,float,FALSE,scale_general,double,ordinary,3,625,0.165000000000001,0.163999999999994,f26b519d09797e4f4941392e4b52f307c71832f0aaad54da617e9078fe055e1c,6506614505e113daab08b3f894ca46d4d61867c7b007c413b47a669abe8aae67,0,,0,FALSE,FALSE,FALSE,FALSE,FALSE,FALSE,FALSE,FALSE,7f1c1a27229f7a699fa85ff90b5be1266497c462407b39b11f6d94015af8e8ad,31d3575e77d9d04b75880bca9e10dbd0e13e61d21795052921dd3f702d909dd7
baseline,1,21,1000000,float,FALSE,pair_compact_double,double,typed_double,1,481,0.146999999999998,0.147000000000006,d0adc5c3f77a8c464e25cdf403e40486acf05d6b089dad00367eb8620a0a608e,6506614505e113daab08b3f894ca46d4d61867c7b007c413b47a669abe8aae67,0,double,481,FALSE,FALSE,FALSE,FALSE,FALSE,FALSE,FALSE,FALSE,7f1c1a27229f7a699fa85ff90b5be1266497c462407b39b11f6d94015af8e8ad,31d3575e77d9d04b75880bca9e10dbd0e13e61d21795052921dd3f702d909dd7
baseline,1,21,1000000,float,FALSE,pair_compact_double,double,ordinary,2,605,0.168999999999997,0.169000000000004,d0adc5c3f77a8c464e25cdf403e40486acf05d6b089dad00367eb8620a0a608e,6506614505e113daab08b3f894ca46d4d61867c7b007c413b47a669abe8aae67,0,,0,FALSE,FALSE,FALSE,FALSE,FALSE,FALSE,FALSE,FALSE,7f1c1a27229f7a699fa85ff90b5be1266497c462407b39b11f6d94015af8e8ad,31d3575e77d9d04b75880bca9e10dbd0e13e61d21795052921dd3f702d909dd7
baseline,1,21,1000000,float,FALSE,pair_compact_double,double,compact,3,105,0.148000000000003,0.149000000000001,d0adc5c3f77a8c464e25cdf403e40486acf05d6b089dad00367eb8620a0a608e,6506614505e113daab08b3f894ca46d4d61867c7b007c413b47a669abe8aae67,0,double,105,TRUE,TRUE,FALSE,FALSE,FALSE,FALSE,FALSE,FALSE,7f1c1a27229f7a699fa85ff90b5be1266497c462407b39b11f6d94015af8e8ad,31d3575e77d9d04b75880bca9e10dbd0e13e61d21795052921dd3f702d909dd7
baseline,1,22,1000000,float,FALSE,add_scalar,double,ordinary,1,605,0.146999999999998,0.148000000000003,292e89d47e6240bb2914ef7ad37d7e757276712199771e9df56100a008a8cb8c,6506614505e113daab08b3f894ca46d4d61867c7b007c413b47a669abe8aae67,0,,0,FALSE,FALSE,FALSE,FALSE,FALSE,FALSE,FALSE,FALSE,7f1c1a27229f7a699fa85ff90b5be1266497c462407b39b11f6d94015af8e8ad,31d3575e77d9d04b75880bca9e10dbd0e13e61d21795052921dd3f702d909dd7
baseline,1,22,1000000,float,FALSE,add_scalar,double,compact,2,146,0.131999999999995,0.131,6f4e6deefcbd4cb8847d97ac43d7047c827b45b8a7d41e59355544434442b07b,6506614505e113daab08b3f894ca46d4d61867c7b007c413b47a669abe8aae67,0,float,146,TRUE,TRUE,FALSE,FALSE,FALSE,FALSE,FALSE,FALSE,7f1c1a27229f7a699fa85ff90b5be1266497c462407b39b11f6d94015af8e8ad,31d3575e77d9d04b75880bca9e10dbd0e13e61d21795052921dd3f702d909dd7
baseline,1,22,1000000,float,FALSE,add_scalar,double,typed_double,3,368,0.151000000000003,0.151000000000003,292e89d47e6240bb2914ef7ad37d7e757276712199771e9df56100a008a8cb8c,6506614505e113daab08b3f894ca46d4d61867c7b007c413b47a669abe8aae67,0,double,368,FALSE,FALSE,FALSE,FALSE,FALSE,FALSE,FALSE,FALSE,7f1c1a27229f7a699fa85ff90b5be1266497c462407b39b11f6d94015af8e8ad,31d3575e77d9d04b75880bca9e10dbd0e13e61d21795052921dd3f702d909dd7
baseline,1,23,1000000,float,FALSE,subtract_scalar,double,compact,1,149,0.147000000000001,0.146000000000001,73750801b993e37ef9c262c8c6c20433be5d4f8f21bfd0757cae3f70c74eda3f,6506614505e113daab08b3f894ca46d4d61867c7b007c413b47a669abe8aae67,0,float,149,TRUE,TRUE,FALSE,FALSE,FALSE,FALSE,FALSE,FALSE,7f1c1a27229f7a699fa85ff90b5be1266497c462407b39b11f6d94015af8e8ad,31d3575e77d9d04b75880bca9e10dbd0e13e61d21795052921dd3f702d909dd7
baseline,1,23,1000000,float,FALSE,subtract_scalar,double,typed_double,2,368,0.149999999999999,0.149999999999999,13a3239df0a7d9c4766e9cb1022fe126007afc38c9539ef233ed4bf785d961fa,6506614505e113daab08b3f894ca46d4d61867c7b007c413b47a669abe8aae67,0,double,368,FALSE,FALSE,FALSE,FALSE,FALSE,FALSE,FALSE,FALSE,7f1c1a27229f7a699fa85ff90b5be1266497c462407b39b11f6d94015af8e8ad,31d3575e77d9d04b75880bca9e10dbd0e13e61d21795052921dd3f702d909dd7
baseline,1,23,1000000,float,FALSE,subtract_scalar,double,ordinary,3,625,0.165999999999997,0.165999999999997,13a3239df0a7d9c4766e9cb1022fe126007afc38c9539ef233ed4bf785d961fa,6506614505e113daab08b3f894ca46d4d61867c7b007c413b47a669abe8aae67,0,,0,FALSE,FALSE,FALSE,FALSE,FALSE,FALSE,FALSE,FALSE,7f1c1a27229f7a699fa85ff90b5be1266497c462407b39b11f6d94015af8e8ad,31d3575e77d9d04b75880bca9e10dbd0e13e61d21795052921dd3f702d909dd7
baseline,1,24,1000000,float,FALSE,reverse_subtract,double,typed_double,1,361,0.163999999999994,0.164999999999999,391f82ff13066d79bb9813a2dd5b66c086c00b72de2d0e201e0f4f7b85274c2e,6506614505e113daab08b3f894ca46d4d61867c7b007c413b47a669abe8aae67,0,double,361,FALSE,FALSE,FALSE,FALSE,FALSE,FALSE,FALSE,FALSE,7f1c1a27229f7a699fa85ff90b5be1266497c462407b39b11f6d94015af8e8ad,31d3575e77d9d04b75880bca9e10dbd0e13e61d21795052921dd3f702d909dd7
baseline,1,24,1000000,float,FALSE,reverse_subtract,double,ordinary,2,625,0.152000000000001,0.152000000000001,391f82ff13066d79bb9813a2dd5b66c086c00b72de2d0e201e0f4f7b85274c2e,6506614505e113daab08b3f894ca46d4d61867c7b007c413b47a669abe8aae67,0,,0,FALSE,FALSE,FALSE,FALSE,FALSE,FALSE,FALSE,FALSE,7f1c1a27229f7a699fa85ff90b5be1266497c462407b39b11f6d94015af8e8ad,31d3575e77d9d04b75880bca9e10dbd0e13e61d21795052921dd3f702d909dd7
baseline,1,24,1000000,float,FALSE,reverse_subtract,double,compact,3,154,0.160000000000004,0.159999999999997,8505db92c32dc0b74614f948c8784986a3d42738b9f7afa126ec04569b48eaee,6506614505e113daab08b3f894ca46d4d61867c7b007c413b47a669abe8aae67,0,float,154,TRUE,TRUE,FALSE,FALSE,FALSE,FALSE,FALSE,FALSE,7f1c1a27229f7a699fa85ff90b5be1266497c462407b39b11f6d94015af8e8ad,31d3575e77d9d04b75880bca9e10dbd0e13e61d21795052921dd3f702d909dd7
baseline,1,25,1000000,float,FALSE,reverse_divide,double,ordinary,1,647,0.153999999999996,0.154000000000003,c250debf3d2a27908112bc09ce59d257ab86068363b108d2b491520e8193453e,6506614505e113daab08b3f894ca46d4d61867c7b007c413b47a669abe8aae67,0,,0,FALSE,FALSE,FALSE,FALSE,FALSE,FALSE,FALSE,FALSE,7f1c1a27229f7a699fa85ff90b5be1266497c462407b39b11f6d94015af8e8ad,31d3575e77d9d04b75880bca9e10dbd0e13e61d21795052921dd3f702d909dd7
baseline,1,25,1000000,float,FALSE,reverse_divide,double,compact,2,232,0.149000000000001,0.148999999999994,00373f8d5dc76e6b2961c6a8330b8894595f6e122b305a6913901d94ac47d968,8dca1eb700a45aaace59ea0c206000bfb6345887d8c82d9a5f1f6a86211aeab4,100,float,232,TRUE,TRUE,FALSE,FALSE,FALSE,FALSE,FALSE,FALSE,7f1c1a27229f7a699fa85ff90b5be1266497c462407b39b11f6d94015af8e8ad,31d3575e77d9d04b75880bca9e10dbd0e13e61d21795052921dd3f702d909dd7
baseline,1,25,1000000,float,FALSE,reverse_divide,double,typed_double,3,521,0.170999999999995,0.170000000000002,15a9dee60e7ad6b7bfec0a17ebb879c1d0b34de12d63f490ed9b30d95ad74ac9,8dca1eb700a45aaace59ea0c206000bfb6345887d8c82d9a5f1f6a86211aeab4,100,double,521,FALSE,FALSE,FALSE,FALSE,FALSE,FALSE,FALSE,FALSE,7f1c1a27229f7a699fa85ff90b5be1266497c462407b39b11f6d94015af8e8ad,31d3575e77d9d04b75880bca9e10dbd0e13e61d21795052921dd3f702d909dd7
baseline,1,26,1000000,float,TRUE,scale_binary,double,compact,1,458,0.148000000000003,0.147999999999996,c2d92a8e75010c0ddb80329b9ca6cc4898ca1d4543392f8c8382c3fbfeeb5b4b,256764253c19afe4b22c7738fb2f83098a03d4dbde3db39ee8c24b205a95942a,1003,float,458,TRUE,TRUE,FALSE,FALSE,FALSE,FALSE,FALSE,FALSE,ee8f1f1d17d164fc3d811ad86cc889d11c328f41d3cd55762069bc2161e48c9f,6a2baa27cd05157233063b825243be4bdf1a2dbc88db2a6cdfd0b2527b28716b
baseline,1,26,1000000,float,TRUE,scale_binary,double,typed_double,2,569,0.149999999999999,0.149999999999999,c2d92a8e75010c0ddb80329b9ca6cc4898ca1d4543392f8c8382c3fbfeeb5b4b,256764253c19afe4b22c7738fb2f83098a03d4dbde3db39ee8c24b205a95942a,1003,double,569,FALSE,FALSE,FALSE,FALSE,FALSE,FALSE,FALSE,FALSE,ee8f1f1d17d164fc3d811ad86cc889d11c328f41d3cd55762069bc2161e48c9f,6a2baa27cd05157233063b825243be4bdf1a2dbc88db2a6cdfd0b2527b28716b
baseline,1,26,1000000,float,TRUE,scale_binary,double,ordinary,3,625,0.150999999999999,0.150999999999996,21fac45dcda0cbc0ba9e1f553d3be3fedd245b921d5e2e4497a8d64f1e038117,256764253c19afe4b22c7738fb2f83098a03d4dbde3db39ee8c24b205a95942a,1003,,0,FALSE,FALSE,FALSE,FALSE,FALSE,FALSE,FALSE,FALSE,ee8f1f1d17d164fc3d811ad86cc889d11c328f41d3cd55762069bc2161e48c9f,6a2baa27cd05157233063b825243be4bdf1a2dbc88db2a6cdfd0b2527b28716b
baseline,1,27,1000000,float,TRUE,scale_general,double,typed_double,1,586,0.154000000000003,0.153999999999996,ea87b3dd63bfda18195aef508608398181a11f876a570f6017c0c100c3497f49,256764253c19afe4b22c7738fb2f83098a03d4dbde3db39ee8c24b205a95942a,1003,double,586,FALSE,FALSE,FALSE,FALSE,FALSE,FALSE,FALSE,FALSE,ee8f1f1d17d164fc3d811ad86cc889d11c328f41d3cd55762069bc2161e48c9f,6a2baa27cd05157233063b825243be4bdf1a2dbc88db2a6cdfd0b2527b28716b
baseline,1,27,1000000,float,TRUE,scale_general,double,ordinary,2,625,0.167999999999999,0.168999999999997,8100d028390097d4a98b44ea0ff4cb617c6204331b80e5c7870832582030541c,256764253c19afe4b22c7738fb2f83098a03d4dbde3db39ee8c24b205a95942a,1003,,0,FALSE,FALSE,FALSE,FALSE,FALSE,FALSE,FALSE,FALSE,ee8f1f1d17d164fc3d811ad86cc889d11c328f41d3cd55762069bc2161e48c9f,6a2baa27cd05157233063b825243be4bdf1a2dbc88db2a6cdfd0b2527b28716b
baseline,1,27,1000000,float,TRUE,scale_general,double,compact,3,150,0.149999999999999,0.150000000000006,c58bc992720c328eca610e60f8c3f93d7d61df77946cf51b8626b0d8b78368ef,256764253c19afe4b22c7738fb2f83098a03d4dbde3db39ee8c24b205a95942a,1003,float,150,TRUE,TRUE,FALSE,FALSE,FALSE,FALSE,FALSE,FALSE,ee8f1f1d17d164fc3d811ad86cc889d11c328f41d3cd55762069bc2161e48c9f,6a2baa27cd05157233063b825243be4bdf1a2dbc88db2a6cdfd0b2527b28716b
baseline,1,28,1000000,float,TRUE,pair_compact_double,double,ordinary,1,605,0.170000000000004,0.170000000000002,d8927aedee8fcfee16a2d8b73448110e471dbaa24a570b3a223eaaa8fa336e58,d842a810a046337b5363ff7dafdaa01aa4553912ce2afa4ee95c617158d8e0e7,2011,,0,FALSE,FALSE,FALSE,FALSE,FALSE,FALSE,FALSE,FALSE,ee8f1f1d17d164fc3d811ad86cc889d11c328f41d3cd55762069bc2161e48c9f,6a2baa27cd05157233063b825243be4bdf1a2dbc88db2a6cdfd0b2527b28716b
baseline,1,28,1000000,float,TRUE,pair_compact_double,double,compact,2,105,0.147999999999996,0.147999999999996,9778eddf855170d4c4702501b5240fa491a475187859f9e29c120edb42c46621,d842a810a046337b5363ff7dafdaa01aa4553912ce2afa4ee95c617158d8e0e7,2011,double,105,TRUE,TRUE,FALSE,FALSE,FALSE,FALSE,FALSE,FALSE,ee8f1f1d17d164fc3d811ad86cc889d11c328f41d3cd55762069bc2161e48c9f,6a2baa27cd05157233063b825243be4bdf1a2dbc88db2a6cdfd0b2527b28716b
baseline,1,28,1000000,float,TRUE,pair_compact_double,double,typed_double,3,481,0.149000000000001,0.150000000000006,9778eddf855170d4c4702501b5240fa491a475187859f9e29c120edb42c46621,d842a810a046337b5363ff7dafdaa01aa4553912ce2afa4ee95c617158d8e0e7,2011,double,481,FALSE,FALSE,FALSE,FALSE,FALSE,FALSE,FALSE,FALSE,ee8f1f1d17d164fc3d811ad86cc889d11c328f41d3cd55762069bc2161e48c9f,6a2baa27cd05157233063b825243be4bdf1a2dbc88db2a6cdfd0b2527b28716b
baseline,1,29,1000000,float,TRUE,add_scalar,double,compact,1,53,0.153999999999994,0.154000000000003,9c2be51cd37c2d7977f794fada049c7c9ccc4011c9f81b26e042008f01cdd93e,256764253c19afe4b22c7738fb2f83098a03d4dbde3db39ee8c24b205a95942a,1003,float,53,TRUE,TRUE,FALSE,FALSE,FALSE,FALSE,FALSE,FALSE,ee8f1f1d17d164fc3d811ad86cc889d11c328f41d3cd55762069bc2161e48c9f,6a2baa27cd05157233063b825243be4bdf1a2dbc88db2a6cdfd0b2527b28716b
baseline,1,29,1000000,float,TRUE,add_scalar,double,typed_double,2,368,0.152000000000001,0.152000000000001,c79c2ec291260c6f8d03c327d90d493416937a3f3bc9b85742b51e17a8fb7647,256764253c19afe4b22c7738fb2f83098a03d4dbde3db39ee8c24b205a95942a,1003,double,368,FALSE,FALSE,FALSE,FALSE,FALSE,FALSE,FALSE,FALSE,ee8f1f1d17d164fc3d811ad86cc889d11c328f41d3cd55762069bc2161e48c9f,6a2baa27cd05157233063b825243be4bdf1a2dbc88db2a6cdfd0b2527b28716b
baseline,1,29,1000000,float,TRUE,add_scalar,double,ordinary,3,625,0.166000000000004,0.165999999999997,eea8177113c0d60b0ac4b300317d7673334b9c1e86f37a3c57e9519b022f9d21,256764253c19afe4b22c7738fb2f83098a03d4dbde3db39ee8c24b205a95942a,1003,,0,FALSE,FALSE,FALSE,FALSE,FALSE,FALSE,FALSE,FALSE,ee8f1f1d17d164fc3d811ad86cc889d11c328f41d3cd55762069bc2161e48c9f,6a2baa27cd05157233063b825243be4bdf1a2dbc88db2a6cdfd0b2527b28716b
baseline,1,30,1000000,float,TRUE,subtract_scalar,double,typed_double,1,368,0.152999999999994,0.152000000000001,5dbef6a14bd33ea02b60ee3c940050585fc891f61a49d29253c64524c4390951,256764253c19afe4b22c7738fb2f83098a03d4dbde3db39ee8c24b205a95942a,1003,double,368,FALSE,FALSE,FALSE,FALSE,FALSE,FALSE,FALSE,FALSE,ee8f1f1d17d164fc3d811ad86cc889d11c328f41d3cd55762069bc2161e48c9f,6a2baa27cd05157233063b825243be4bdf1a2dbc88db2a6cdfd0b2527b28716b
baseline,1,30,1000000,float,TRUE,subtract_scalar,double,ordinary,2,625,0.168000000000002,0.166000000000004,6c2a6fd31fe3ea0da9f40037c0de77776efc81cd73d193a8ace88fee2b5b635c,256764253c19afe4b22c7738fb2f83098a03d4dbde3db39ee8c24b205a95942a,1003,,0,FALSE,FALSE,FALSE,FALSE,FALSE,FALSE,FALSE,FALSE,ee8f1f1d17d164fc3d811ad86cc889d11c328f41d3cd55762069bc2161e48c9f,6a2baa27cd05157233063b825243be4bdf1a2dbc88db2a6cdfd0b2527b28716b
baseline,1,30,1000000,float,TRUE,subtract_scalar,double,compact,3,50,0.152000000000001,0.152000000000001,7125e60e6e7d4c92d9ed561efe37cfccac1593072e770a4f8d2a58f04113d3ae,256764253c19afe4b22c7738fb2f83098a03d4dbde3db39ee8c24b205a95942a,1003,float,50,TRUE,TRUE,FALSE,FALSE,FALSE,FALSE,FALSE,FALSE,ee8f1f1d17d164fc3d811ad86cc889d11c328f41d3cd55762069bc2161e48c9f,6a2baa27cd05157233063b825243be4bdf1a2dbc88db2a6cdfd0b2527b28716b
baseline,1,31,1000000,float,TRUE,reverse_subtract,double,ordinary,1,626,0.167000000000002,0.167999999999999,96030f5d24b08e1ab9b8a2ffa4e31e33a89cd6cbabe88555e164d01758947f47,256764253c19afe4b22c7738fb2f83098a03d4dbde3db39ee8c24b205a95942a,1003,,0,FALSE,FALSE,FALSE,FALSE,FALSE,FALSE,FALSE,FALSE,ee8f1f1d17d164fc3d811ad86cc889d11c328f41d3cd55762069bc2161e48c9f,6a2baa27cd05157233063b825243be4bdf1a2dbc88db2a6cdfd0b2527b28716b
baseline,1,31,1000000,float,TRUE,reverse_subtract,double,compact,2,54,0.153999999999999,0.153999999999996,dad17b9a33695dc668a39e44c085af08afb1a2c7d0c49d2f0b645e18b67308a7,256764253c19afe4b22c7738fb2f83098a03d4dbde3db39ee8c24b205a95942a,1003,float,54,TRUE,TRUE,FALSE,FALSE,FALSE,FALSE,FALSE,FALSE,ee8f1f1d17d164fc3d811ad86cc889d11c328f41d3cd55762069bc2161e48c9f,6a2baa27cd05157233063b825243be4bdf1a2dbc88db2a6cdfd0b2527b28716b
baseline,1,31,1000000,float,TRUE,reverse_subtract,double,typed_double,3,375,0.151999999999994,0.152000000000001,e3656220b598004f8cce68737d35a090279632fb58c8ef4b30d6940c65beb9cb,256764253c19afe4b22c7738fb2f83098a03d4dbde3db39ee8c24b205a95942a,1003,double,375,FALSE,FALSE,FALSE,FALSE,FALSE,FALSE,FALSE,FALSE,ee8f1f1d17d164fc3d811ad86cc889d11c328f41d3cd55762069bc2161e48c9f,6a2baa27cd05157233063b825243be4bdf1a2dbc88db2a6cdfd0b2527b28716b
baseline,1,32,1000000,float,TRUE,reverse_divide,double,compact,1,174,0.152000000000001,0.151999999999994,fd1eff5142c284b6c07eab1dafc2d8ac526155178019f828b5505195b8837d7f,e18be1b0e89b4a0c64a4b1d8acff45284e54d26e14e2d4cbb5f3b282ba9e2bbf,1103,float,174,TRUE,TRUE,FALSE,FALSE,FALSE,FALSE,FALSE,FALSE,ee8f1f1d17d164fc3d811ad86cc889d11c328f41d3cd55762069bc2161e48c9f,6a2baa27cd05157233063b825243be4bdf1a2dbc88db2a6cdfd0b2527b28716b
baseline,1,32,1000000,float,TRUE,reverse_divide,double,typed_double,2,507,0.166000000000004,0.166000000000004,27389f6d40427639c8a912484d0249b1c9fab719ac17ee977d76419105918595,e18be1b0e89b4a0c64a4b1d8acff45284e54d26e14e2d4cbb5f3b282ba9e2bbf,1103,double,507,FALSE,FALSE,FALSE,FALSE,FALSE,FALSE,FALSE,FALSE,ee8f1f1d17d164fc3d811ad86cc889d11c328f41d3cd55762069bc2161e48c9f,6a2baa27cd05157233063b825243be4bdf1a2dbc88db2a6cdfd0b2527b28716b
baseline,1,32,1000000,float,TRUE,reverse_divide,double,ordinary,3,605,0.146000000000001,0.146000000000001,53731942d799d1e23d351c412d455100c092173e72bb3ad15061a952b94a6c1e,256764253c19afe4b22c7738fb2f83098a03d4dbde3db39ee8c24b205a95942a,1003,,0,FALSE,FALSE,FALSE,FALSE,FALSE,FALSE,FALSE,FALSE,ee8f1f1d17d164fc3d811ad86cc889d11c328f41d3cd55762069bc2161e48c9f,6a2baa27cd05157233063b825243be4bdf1a2dbc88db2a6cdfd0b2527b28716b
baseline,1,33,1000000,long,FALSE,long_float_add,float,typed_double,1,494,0.169000000000004,0.168999999999997,5865d7f437b5487c8061f7274c6507b7ec0fc76362cd655e9259ebb78a28f057,6506614505e113daab08b3f894ca46d4d61867c7b007c413b47a669abe8aae67,0,double,494,FALSE,FALSE,FALSE,FALSE,FALSE,FALSE,FALSE,FALSE,8937acbbe87ff127e6567f97e52c6a17dbe3ea7052a39a3b76abe25c8e7eeb13,31d3575e77d9d04b75880bca9e10dbd0e13e61d21795052921dd3f702d909dd7
baseline,1,33,1000000,long,FALSE,long_float_add,float,ordinary,2,605,0.152000000000001,0.151999999999994,5865d7f437b5487c8061f7274c6507b7ec0fc76362cd655e9259ebb78a28f057,6506614505e113daab08b3f894ca46d4d61867c7b007c413b47a669abe8aae67,0,,0,FALSE,FALSE,FALSE,FALSE,FALSE,FALSE,FALSE,FALSE,8937acbbe87ff127e6567f97e52c6a17dbe3ea7052a39a3b76abe25c8e7eeb13,31d3575e77d9d04b75880bca9e10dbd0e13e61d21795052921dd3f702d909dd7
baseline,1,33,1000000,long,FALSE,long_float_add,float,compact,3,125,0.151000000000003,0.152000000000001,5865d7f437b5487c8061f7274c6507b7ec0fc76362cd655e9259ebb78a28f057,6506614505e113daab08b3f894ca46d4d61867c7b007c413b47a669abe8aae67,0,double,125,TRUE,TRUE,FALSE,FALSE,TRUE,TRUE,FALSE,FALSE,8937acbbe87ff127e6567f97e52c6a17dbe3ea7052a39a3b76abe25c8e7eeb13,31d3575e77d9d04b75880bca9e10dbd0e13e61d21795052921dd3f702d909dd7
baseline,1,34,1000000,long,TRUE,long_float_add,float,ordinary,1,507,0.138999999999998,0.137999999999998,ea5ac2e3896755c3d5082b83561d8673bb4f0147a7690b804a8d74cecbeda4c1,d842a810a046337b5363ff7dafdaa01aa4553912ce2afa4ee95c617158d8e0e7,2011,,0,FALSE,FALSE,FALSE,FALSE,FALSE,FALSE,FALSE,FALSE,5af7169f9d20a77a6f06236647a66be1493d6e155163c245a466bda43242d0e7,6a2baa27cd05157233063b825243be4bdf1a2dbc88db2a6cdfd0b2527b28716b
baseline,1,34,1000000,long,TRUE,long_float_add,float,compact,2,121,0.146000000000001,0.146000000000001,087fb12a32e314d333c4287225113c3c6e3a135a9c18c162b3b5753b80f4350c,d842a810a046337b5363ff7dafdaa01aa4553912ce2afa4ee95c617158d8e0e7,2011,double,121,TRUE,TRUE,FALSE,FALSE,TRUE,TRUE,FALSE,FALSE,5af7169f9d20a77a6f06236647a66be1493d6e155163c245a466bda43242d0e7,6a2baa27cd05157233063b825243be4bdf1a2dbc88db2a6cdfd0b2527b28716b
baseline,1,34,1000000,long,TRUE,long_float_add,float,typed_double,3,469,0.181,0.18,087fb12a32e314d333c4287225113c3c6e3a135a9c18c162b3b5753b80f4350c,d842a810a046337b5363ff7dafdaa01aa4553912ce2afa4ee95c617158d8e0e7,2011,double,469,FALSE,FALSE,FALSE,FALSE,FALSE,FALSE,FALSE,FALSE,5af7169f9d20a77a6f06236647a66be1493d6e155163c245a466bda43242d0e7,6a2baa27cd05157233063b825243be4bdf1a2dbc88db2a6cdfd0b2527b28716b
candidate,1,1,1000000,int,FALSE,scale_binary,double,ordinary,1,399,0.136,0.135,43cbc5fa02580f73a834cffb43a5ba0a0f4d7303cec536a2e3c58f1f469eb824,6506614505e113daab08b3f894ca46d4d61867c7b007c413b47a669abe8aae67,0,,0,FALSE,FALSE,FALSE,FALSE,FALSE,FALSE,FALSE,FALSE,8937acbbe87ff127e6567f97e52c6a17dbe3ea7052a39a3b76abe25c8e7eeb13,31d3575e77d9d04b75880bca9e10dbd0e13e61d21795052921dd3f702d909dd7
candidate,1,1,1000000,int,FALSE,scale_binary,double,compact,2,552,0.132,0.133,43cbc5fa02580f73a834cffb43a5ba0a0f4d7303cec536a2e3c58f1f469eb824,6506614505e113daab08b3f894ca46d4d61867c7b007c413b47a669abe8aae67,0,int,552,TRUE,TRUE,FALSE,FALSE,FALSE,FALSE,FALSE,FALSE,8937acbbe87ff127e6567f97e52c6a17dbe3ea7052a39a3b76abe25c8e7eeb13,31d3575e77d9d04b75880bca9e10dbd0e13e61d21795052921dd3f702d909dd7
candidate,1,1,1000000,int,FALSE,scale_binary,double,typed_double,3,552,0.15,0.151,43cbc5fa02580f73a834cffb43a5ba0a0f4d7303cec536a2e3c58f1f469eb824,6506614505e113daab08b3f894ca46d4d61867c7b007c413b47a669abe8aae67,0,double,552,FALSE,FALSE,FALSE,FALSE,FALSE,FALSE,FALSE,FALSE,8937acbbe87ff127e6567f97e52c6a17dbe3ea7052a39a3b76abe25c8e7eeb13,31d3575e77d9d04b75880bca9e10dbd0e13e61d21795052921dd3f702d909dd7
candidate,1,2,1000000,int,FALSE,scale_general,double,compact,1,552,0.144,0.144,5b22560fab6c3b27f5e82592f7a486b943278dbe0e1d82a8c99735d3ee13430b,6506614505e113daab08b3f894ca46d4d61867c7b007c413b47a669abe8aae67,0,float,552,TRUE,TRUE,FALSE,FALSE,FALSE,FALSE,FALSE,FALSE,8937acbbe87ff127e6567f97e52c6a17dbe3ea7052a39a3b76abe25c8e7eeb13,31d3575e77d9d04b75880bca9e10dbd0e13e61d21795052921dd3f702d909dd7
candidate,1,2,1000000,int,FALSE,scale_general,double,typed_double,2,552,0.165,0.166,98c11364f9b15cf1e1696537d86d727f3e1efaa44f5b303a15ed033179b4e86a,6506614505e113daab08b3f894ca46d4d61867c7b007c413b47a669abe8aae67,0,double,552,FALSE,FALSE,FALSE,FALSE,FALSE,FALSE,FALSE,FALSE,8937acbbe87ff127e6567f97e52c6a17dbe3ea7052a39a3b76abe25c8e7eeb13,31d3575e77d9d04b75880bca9e10dbd0e13e61d21795052921dd3f702d909dd7
candidate,1,2,1000000,int,FALSE,scale_general,double,ordinary,3,626,0.169,0.168,98c11364f9b15cf1e1696537d86d727f3e1efaa44f5b303a15ed033179b4e86a,6506614505e113daab08b3f894ca46d4d61867c7b007c413b47a669abe8aae67,0,,0,FALSE,FALSE,FALSE,FALSE,FALSE,FALSE,FALSE,FALSE,8937acbbe87ff127e6567f97e52c6a17dbe3ea7052a39a3b76abe25c8e7eeb13,31d3575e77d9d04b75880bca9e10dbd0e13e61d21795052921dd3f702d909dd7
candidate,1,3,1000000,int,FALSE,pair_compact_double,double,typed_double,1,481,0.151,0.15,5865d7f437b5487c8061f7274c6507b7ec0fc76362cd655e9259ebb78a28f057,6506614505e113daab08b3f894ca46d4d61867c7b007c413b47a669abe8aae67,0,double,481,FALSE,FALSE,FALSE,FALSE,FALSE,FALSE,FALSE,FALSE,8937acbbe87ff127e6567f97e52c6a17dbe3ea7052a39a3b76abe25c8e7eeb13,31d3575e77d9d04b75880bca9e10dbd0e13e61d21795052921dd3f702d909dd7
candidate,1,3,1000000,int,FALSE,pair_compact_double,double,ordinary,2,605,0.171,0.170999999999999,5865d7f437b5487c8061f7274c6507b7ec0fc76362cd655e9259ebb78a28f057,6506614505e113daab08b3f894ca46d4d61867c7b007c413b47a669abe8aae67,0,,0,FALSE,FALSE,FALSE,FALSE,FALSE,FALSE,FALSE,FALSE,8937acbbe87ff127e6567f97e52c6a17dbe3ea7052a39a3b76abe25c8e7eeb13,31d3575e77d9d04b75880bca9e10dbd0e13e61d21795052921dd3f702d909dd7
candidate,1,3,1000000,int,FALSE,pair_compact_double,double,compact,3,368,0.15,0.149999999999999,5865d7f437b5487c8061f7274c6507b7ec0fc76362cd655e9259ebb78a28f057,6506614505e113daab08b3f894ca46d4d61867c7b007c413b47a669abe8aae67,0,double,368,TRUE,TRUE,FALSE,FALSE,FALSE,FALSE,FALSE,FALSE,8937acbbe87ff127e6567f97e52c6a17dbe3ea7052a39a3b76abe25c8e7eeb13,31d3575e77d9d04b75880bca9e10dbd0e13e61d21795052921dd3f702d909dd7
candidate,1,4,1000000,int,FALSE,add_scalar,double,ordinary,1,605,0.161,0.161,1439f7f16fb3a12c3e378be19f4f968bfd8ba0b13d49fd661b844b18b3b58d40,6506614505e113daab08b3f894ca46d4d61867c7b007c413b47a669abe8aae67,0,,0,FALSE,FALSE,FALSE,FALSE,FALSE,FALSE,FALSE,FALSE,8937acbbe87ff127e6567f97e52c6a17dbe3ea7052a39a3b76abe25c8e7eeb13,31d3575e77d9d04b75880bca9e10dbd0e13e61d21795052921dd3f702d909dd7
candidate,1,4,1000000,int,FALSE,add_scalar,double,compact,2,586,0.154,0.153,c71ccca92de640a85316ddcd6d7a40e76d086d97708e3a6315956ca169418a51,6506614505e113daab08b3f894ca46d4d61867c7b007c413b47a669abe8aae67,0,float,586,TRUE,TRUE,FALSE,FALSE,FALSE,FALSE,FALSE,FALSE,8937acbbe87ff127e6567f97e52c6a17dbe3ea7052a39a3b76abe25c8e7eeb13,31d3575e77d9d04b75880bca9e10dbd0e13e61d21795052921dd3f702d909dd7
candidate,1,4,1000000,int,FALSE,add_scalar,double,typed_double,3,552,0.166,0.164000000000001,1439f7f16fb3a12c3e378be19f4f968bfd8ba0b13d49fd661b844b18b3b58d40,6506614505e113daab08b3f894ca46d4d61867c7b007c413b47a669abe8aae67,0,double,552,FALSE,FALSE,FALSE,FALSE,FALSE,FALSE,FALSE,FALSE,8937acbbe87ff127e6567f97e52c6a17dbe3ea7052a39a3b76abe25c8e7eeb13,31d3575e77d9d04b75880bca9e10dbd0e13e61d21795052921dd3f702d909dd7
candidate,1,5,1000000,int,FALSE,subtract_scalar,double,compact,1,569,0.148,0.149,ac41a62f122b430ac56496c53bc2efc0f8e7b183de1fa7f57d32683c2f951555,6506614505e113daab08b3f894ca46d4d61867c7b007c413b47a669abe8aae67,0,float,569,TRUE,TRUE,FALSE,FALSE,FALSE,FALSE,FALSE,FALSE,8937acbbe87ff127e6567f97e52c6a17dbe3ea7052a39a3b76abe25c8e7eeb13,31d3575e77d9d04b75880bca9e10dbd0e13e61d21795052921dd3f702d909dd7
candidate,1,5,1000000,int,FALSE,subtract_scalar,double,typed_double,2,552,0.175999999999999,0.176,4d7fa72c39df54d095261c83239d5980d0a1ff94839d263f9a7dfea5049791fe,6506614505e113daab08b3f894ca46d4d61867c7b007c413b47a669abe8aae67,0,double,552,FALSE,FALSE,FALSE,FALSE,FALSE,FALSE,FALSE,FALSE,8937acbbe87ff127e6567f97e52c6a17dbe3ea7052a39a3b76abe25c8e7eeb13,31d3575e77d9d04b75880bca9e10dbd0e13e61d21795052921dd3f702d909dd7
candidate,1,5,1000000,int,FALSE,subtract_scalar,double,ordinary,3,626,0.151999999999999,0.152000000000001,4d7fa72c39df54d095261c83239d5980d0a1ff94839d263f9a7dfea5049791fe,6506614505e113daab08b3f894ca46d4d61867c7b007c413b47a669abe8aae67,0,,0,FALSE,FALSE,FALSE,FALSE,FALSE,FALSE,FALSE,FALSE,8937acbbe87ff127e6567f97e52c6a17dbe3ea7052a39a3b76abe25c8e7eeb13,31d3575e77d9d04b75880bca9e10dbd0e13e61d21795052921dd3f702d909dd7
candidate,1,6,1000000,int,FALSE,reverse_subtract,double,typed_double,1,391,0.106,0.105,c10b10b4e2f1f397fc6fe7eaa9e5b4584cc0a290911e13c8fea846c487bfa36d,6506614505e113daab08b3f894ca46d4d61867c7b007c413b47a669abe8aae67,0,double,391,FALSE,FALSE,FALSE,FALSE,FALSE,FALSE,FALSE,FALSE,8937acbbe87ff127e6567f97e52c6a17dbe3ea7052a39a3b76abe25c8e7eeb13,31d3575e77d9d04b75880bca9e10dbd0e13e61d21795052921dd3f702d909dd7
candidate,1,6,1000000,int,FALSE,reverse_subtract,double,ordinary,2,626,0.151,0.151,c10b10b4e2f1f397fc6fe7eaa9e5b4584cc0a290911e13c8fea846c487bfa36d,6506614505e113daab08b3f894ca46d4d61867c7b007c413b47a669abe8aae67,0,,0,FALSE,FALSE,FALSE,FALSE,FALSE,FALSE,FALSE,FALSE,8937acbbe87ff127e6567f97e52c6a17dbe3ea7052a39a3b76abe25c8e7eeb13,31d3575e77d9d04b75880bca9e10dbd0e13e61d21795052921dd3f702d909dd7
candidate,1,6,1000000,int,FALSE,reverse_subtract,double,compact,3,569,0.161999999999999,0.162000000000001,4e06bb9d84e68d2b3176d8d9d719b5bb97dc463a99c72430d73baf543d93b6fd,6506614505e113daab08b3f894ca46d4d61867c7b007c413b47a669abe8aae67,0,float,569,TRUE,TRUE,FALSE,FALSE,FALSE,FALSE,FALSE,FALSE,8937acbbe87ff127e6567f97e52c6a17dbe3ea7052a39a3b76abe25c8e7eeb13,31d3575e77d9d04b75880bca9e10dbd0e13e61d21795052921dd3f702d909dd7
candidate,1,7,1000000,int,FALSE,reverse_divide,double,ordinary,1,626,0.151,0.151,286e6f4fcb574961d21ee0ffc03c2d1c268671051cddf977b0eb1236cc5ce88a,6506614505e113daab08b3f894ca46d4d61867c7b007c413b47a669abe8aae67,0,,0,FALSE,FALSE,FALSE,FALSE,FALSE,FALSE,FALSE,FALSE,8937acbbe87ff127e6567f97e52c6a17dbe3ea7052a39a3b76abe25c8e7eeb13,31d3575e77d9d04b75880bca9e10dbd0e13e61d21795052921dd3f702d909dd7
candidate,1,7,1000000,int,FALSE,reverse_divide,double,compact,2,229,0.152,0.151,cbafe8b44fab1872729be2227cecddc875873c3653e6ebf01ce53e917fceee0e,8dca1eb700a45aaace59ea0c206000bfb6345887d8c82d9a5f1f6a86211aeab4,100,float,229,TRUE,TRUE,FALSE,FALSE,FALSE,FALSE,FALSE,FALSE,8937acbbe87ff127e6567f97e52c6a17dbe3ea7052a39a3b76abe25c8e7eeb13,31d3575e77d9d04b75880bca9e10dbd0e13e61d21795052921dd3f702d909dd7
candidate,1,7,1000000,int,FALSE,reverse_divide,double,typed_double,3,521,0.165999999999999,0.166,edabd46066f8ec30bbc81fe8d9a4c7ef506d3d9a77408a1b0c6a5be7df3e4721,8dca1eb700a45aaace59ea0c206000bfb6345887d8c82d9a5f1f6a86211aeab4,100,double,521,FALSE,FALSE,FALSE,FALSE,FALSE,FALSE,FALSE,FALSE,8937acbbe87ff127e6567f97e52c6a17dbe3ea7052a39a3b76abe25c8e7eeb13,31d3575e77d9d04b75880bca9e10dbd0e13e61d21795052921dd3f702d909dd7
candidate,1,8,1000000,int,FALSE,mixed_add,float,compact,1,244,0.15,0.151,5865d7f437b5487c8061f7274c6507b7ec0fc76362cd655e9259ebb78a28f057,6506614505e113daab08b3f894ca46d4d61867c7b007c413b47a669abe8aae67,0,float,244,TRUE,TRUE,FALSE,FALSE,TRUE,TRUE,FALSE,FALSE,8937acbbe87ff127e6567f97e52c6a17dbe3ea7052a39a3b76abe25c8e7eeb13,31d3575e77d9d04b75880bca9e10dbd0e13e61d21795052921dd3f702d909dd7
candidate,1,8,1000000,int,FALSE,mixed_add,float,typed_double,2,494,0.17,0.167999999999999,5865d7f437b5487c8061f7274c6507b7ec0fc76362cd655e9259ebb78a28f057,6506614505e113daab08b3f894ca46d4d61867c7b007c413b47a669abe8aae67,0,double,494,FALSE,FALSE,FALSE,FALSE,FALSE,FALSE,FALSE,FALSE,8937acbbe87ff127e6567f97e52c6a17dbe3ea7052a39a3b76abe25c8e7eeb13,31d3575e77d9d04b75880bca9e10dbd0e13e61d21795052921dd3f702d909dd7
candidate,1,8,1000000,int,FALSE,mixed_add,float,ordinary,3,605,0.152999999999999,0.153,5865d7f437b5487c8061f7274c6507b7ec0fc76362cd655e9259ebb78a28f057,6506614505e113daab08b3f894ca46d4d61867c7b007c413b47a669abe8aae67,0,,0,FALSE,FALSE,FALSE,FALSE,FALSE,FALSE,FALSE,FALSE,8937acbbe87ff127e6567f97e52c6a17dbe3ea7052a39a3b76abe25c8e7eeb13,31d3575e77d9d04b75880bca9e10dbd0e13e61d21795052921dd3f702d909dd7
candidate,1,9,1000000,int,FALSE,mixed_multiply,float,typed_double,1,481,0.149999999999999,0.149000000000001,74e198320fcef535d96d5240bf6315c7f048f937cff6728206c4dc3e49c71557,6506614505e113daab08b3f894ca46d4d61867c7b007c413b47a669abe8aae67,0,double,481,FALSE,FALSE,FALSE,FALSE,FALSE,FALSE,FALSE,FALSE,8937acbbe87ff127e6567f97e52c6a17dbe3ea7052a39a3b76abe25c8e7eeb13,31d3575e77d9d04b75880bca9e10dbd0e13e61d21795052921dd3f702d909dd7
candidate,1,9,1000000,int,FALSE,mixed_multiply,float,ordinary,2,408,0.103,0.103,74e198320fcef535d96d5240bf6315c7f048f937cff6728206c4dc3e49c71557,6506614505e113daab08b3f894ca46d4d61867c7b007c413b47a669abe8aae67,0,,0,FALSE,FALSE,FALSE,FALSE,FALSE,FALSE,FALSE,FALSE,8937acbbe87ff127e6567f97e52c6a17dbe3ea7052a39a3b76abe25c8e7eeb13,31d3575e77d9d04b75880bca9e10dbd0e13e61d21795052921dd3f702d909dd7
candidate,1,9,1000000,int,FALSE,mixed_multiply,float,compact,3,244,0.149999999999999,0.15,74e198320fcef535d96d5240bf6315c7f048f937cff6728206c4dc3e49c71557,6506614505e113daab08b3f894ca46d4d61867c7b007c413b47a669abe8aae67,0,float,244,TRUE,TRUE,FALSE,FALSE,TRUE,TRUE,FALSE,FALSE,8937acbbe87ff127e6567f97e52c6a17dbe3ea7052a39a3b76abe25c8e7eeb13,31d3575e77d9d04b75880bca9e10dbd0e13e61d21795052921dd3f702d909dd7
candidate,1,10,1000000,int,TRUE,scale_binary,double,ordinary,1,625,0.167,0.167,b10ddc1e7177ef92cdb14943c3981218bcd426a31f9c7d156ed4dbd4ea86c948,256764253c19afe4b22c7738fb2f83098a03d4dbde3db39ee8c24b205a95942a,1003,,0,FALSE,FALSE,FALSE,FALSE,FALSE,FALSE,FALSE,FALSE,5af7169f9d20a77a6f06236647a66be1493d6e155163c245a466bda43242d0e7,6a2baa27cd05157233063b825243be4bdf1a2dbc88db2a6cdfd0b2527b28716b
candidate,1,10,1000000,int,TRUE,scale_binary,double,compact,2,586,0.141,0.141,406aa86104df9ebd1e49e25bbc9266cbc0cc152fd09e7d28efa1e3b9f07c7f98,256764253c19afe4b22c7738fb2f83098a03d4dbde3db39ee8c24b205a95942a,1003,int,586,TRUE,TRUE,FALSE,FALSE,FALSE,FALSE,FALSE,FALSE,5af7169f9d20a77a6f06236647a66be1493d6e155163c245a466bda43242d0e7,6a2baa27cd05157233063b825243be4bdf1a2dbc88db2a6cdfd0b2527b28716b
candidate,1,10,1000000,int,TRUE,scale_binary,double,typed_double,3,569,0.152999999999999,0.153000000000002,406aa86104df9ebd1e49e25bbc9266cbc0cc152fd09e7d28efa1e3b9f07c7f98,256764253c19afe4b22c7738fb2f83098a03d4dbde3db39ee8c24b205a95942a,1003,double,569,FALSE,FALSE,FALSE,FALSE,FALSE,FALSE,FALSE,FALSE,5af7169f9d20a77a6f06236647a66be1493d6e155163c245a466bda43242d0e7,6a2baa27cd05157233063b825243be4bdf1a2dbc88db2a6cdfd0b2527b28716b
candidate,1,11,1000000,int,TRUE,scale_general,double,compact,1,521,0.149999999999999,0.151,38447e334649e5d7eda33f0001bed517c428980c028a15d2e1699be9ef65cf3a,256764253c19afe4b22c7738fb2f83098a03d4dbde3db39ee8c24b205a95942a,1003,float,521,TRUE,TRUE,FALSE,FALSE,FALSE,FALSE,FALSE,FALSE,5af7169f9d20a77a6f06236647a66be1493d6e155163c245a466bda43242d0e7,6a2baa27cd05157233063b825243be4bdf1a2dbc88db2a6cdfd0b2527b28716b
candidate,1,11,1000000,int,TRUE,scale_general,double,typed_double,2,569,0.166,0.167000000000002,69569d7d3b174986a7ae48d2c2f67dcea32be4e102725873e2cfa7cf5e4f9d02,256764253c19afe4b22c7738fb2f83098a03d4dbde3db39ee8c24b205a95942a,1003,double,569,FALSE,FALSE,FALSE,FALSE,FALSE,FALSE,FALSE,FALSE,5af7169f9d20a77a6f06236647a66be1493d6e155163c245a466bda43242d0e7,6a2baa27cd05157233063b825243be4bdf1a2dbc88db2a6cdfd0b2527b28716b
candidate,1,11,1000000,int,TRUE,scale_general,double,ordinary,3,625,0.150000000000002,0.149999999999999,ea5220c4891c83ca4d6c555d28f6502adbaf6141ce7d6cf4825e9d27d0d51944,256764253c19afe4b22c7738fb2f83098a03d4dbde3db39ee8c24b205a95942a,1003,,0,FALSE,FALSE,FALSE,FALSE,FALSE,FALSE,FALSE,FALSE,5af7169f9d20a77a6f06236647a66be1493d6e155163c245a466bda43242d0e7,6a2baa27cd05157233063b825243be4bdf1a2dbc88db2a6cdfd0b2527b28716b
candidate,1,12,1000000,int,TRUE,pair_compact_double,double,typed_double,1,494,0.152,0.151999999999997,087fb12a32e314d333c4287225113c3c6e3a135a9c18c162b3b5753b80f4350c,d842a810a046337b5363ff7dafdaa01aa4553912ce2afa4ee95c617158d8e0e7,2011,double,494,FALSE,FALSE,FALSE,FALSE,FALSE,FALSE,FALSE,FALSE,5af7169f9d20a77a6f06236647a66be1493d6e155163c245a466bda43242d0e7,6a2baa27cd05157233063b825243be4bdf1a2dbc88db2a6cdfd0b2527b28716b
candidate,1,12,1000000,int,TRUE,pair_compact_double,double,ordinary,2,605,0.151,0.149999999999999,ea5ac2e3896755c3d5082b83561d8673bb4f0147a7690b804a8d74cecbeda4c1,d842a810a046337b5363ff7dafdaa01aa4553912ce2afa4ee95c617158d8e0e7,2011,,0,FALSE,FALSE,FALSE,FALSE,FALSE,FALSE,FALSE,FALSE,5af7169f9d20a77a6f06236647a66be1493d6e155163c245a466bda43242d0e7,6a2baa27cd05157233063b825243be4bdf1a2dbc88db2a6cdfd0b2527b28716b
candidate,1,12,1000000,int,TRUE,pair_compact_double,double,compact,3,375,0.150000000000001,0.151000000000003,087fb12a32e314d333c4287225113c3c6e3a135a9c18c162b3b5753b80f4350c,d842a810a046337b5363ff7dafdaa01aa4553912ce2afa4ee95c617158d8e0e7,2011,double,375,TRUE,TRUE,FALSE,FALSE,FALSE,FALSE,FALSE,FALSE,5af7169f9d20a77a6f06236647a66be1493d6e155163c245a466bda43242d0e7,6a2baa27cd05157233063b825243be4bdf1a2dbc88db2a6cdfd0b2527b28716b
candidate,1,13,1000000,int,TRUE,add_scalar,double,ordinary,1,605,0.160999999999998,0.161999999999999,a05775d63d44cef2dc1fafd0012e87fb382790e3551020edeb65dba214805f6a,256764253c19afe4b22c7738fb2f83098a03d4dbde3db39ee8c24b205a95942a,1003,,0,FALSE,FALSE,FALSE,FALSE,FALSE,FALSE,FALSE,FALSE,5af7169f9d20a77a6f06236647a66be1493d6e155163c245a466bda43242d0e7,6a2baa27cd05157233063b825243be4bdf1a2dbc88db2a6cdfd0b2527b28716b
candidate,1,13,1000000,int,TRUE,add_scalar,double,compact,2,494,0.144000000000001,0.143000000000001,9298ae1fd450cae2b62dc96ace3bab841bc59b30cfc46e1ecc19a5d300510c90,256764253c19afe4b22c7738fb2f83098a03d4dbde3db39ee8c24b205a95942a,1003,float,494,TRUE,TRUE,FALSE,FALSE,FALSE,FALSE,FALSE,FALSE,5af7169f9d20a77a6f06236647a66be1493d6e155163c245a466bda43242d0e7,6a2baa27cd05157233063b825243be4bdf1a2dbc88db2a6cdfd0b2527b28716b
candidate,1,13,1000000,int,TRUE,add_scalar,double,typed_double,3,552,0.151,0.151999999999997,3c99edfd213a70ad9e7387e7d2693e7278b2f41d1da572a7c0f2c136c10a0f54,256764253c19afe4b22c7738fb2f83098a03d4dbde3db39ee8c24b205a95942a,1003,double,552,FALSE,FALSE,FALSE,FALSE,FALSE,FALSE,FALSE,FALSE,5af7169f9d20a77a6f06236647a66be1493d6e155163c245a466bda43242d0e7,6a2baa27cd05157233063b825243be4bdf1a2dbc88db2a6cdfd0b2527b28716b
candidate,1,14,1000000,int,TRUE,subtract_scalar,double,compact,1,521,0.151,0.151,d1a2fd6c5ab8d0e4a10c61dbb097a7ab3009923cb6ed72a793f42244b3f68ec6,256764253c19afe4b22c7738fb2f83098a03d4dbde3db39ee8c24b205a95942a,1003,float,521,TRUE,TRUE,FALSE,FALSE,FALSE,FALSE,FALSE,FALSE,5af7169f9d20a77a6f06236647a66be1493d6e155163c245a466bda43242d0e7,6a2baa27cd05157233063b825243be4bdf1a2dbc88db2a6cdfd0b2527b28716b
candidate,1,14,1000000,int,TRUE,subtract_scalar,double,typed_double,2,375,0.101999999999997,0.102,0834dd898be45a06c2b25b69b1eaac5c18492a3f92f29fe34d2ee1bca21c6c24,256764253c19afe4b22c7738fb2f83098a03d4dbde3db39ee8c24b205a95942a,1003,double,375,FALSE,FALSE,FALSE,FALSE,FALSE,FALSE,FALSE,FALSE,5af7169f9d20a77a6f06236647a66be1493d6e155163c245a466bda43242d0e7,6a2baa27cd05157233063b825243be4bdf1a2dbc88db2a6cdfd0b2527b28716b
candidate,1,14,1000000,int,TRUE,subtract_scalar,double,ordinary,3,626,0.167999999999999,0.167999999999999,66c6c50fe1b9ab56178355238f6fb6b10837cc4c6935acaf14868f2895baa864,256764253c19afe4b22c7738fb2f83098a03d4dbde3db39ee8c24b205a95942a,1003,,0,FALSE,FALSE,FALSE,FALSE,FALSE,FALSE,FALSE,FALSE,5af7169f9d20a77a6f06236647a66be1493d6e155163c245a466bda43242d0e7,6a2baa27cd05157233063b825243be4bdf1a2dbc88db2a6cdfd0b2527b28716b
candidate,1,15,1000000,int,TRUE,reverse_subtract,double,typed_double,1,569,0.155000000000001,0.154999999999998,7772556aaab7540c9cbc83fbef93b5ce837a74b5f0bfbf9f4d7e1d6c2f9d6aca,256764253c19afe4b22c7738fb2f83098a03d4dbde3db39ee8c24b205a95942a,1003,double,569,FALSE,FALSE,FALSE,FALSE,FALSE,FALSE,FALSE,FALSE,5af7169f9d20a77a6f06236647a66be1493d6e155163c245a466bda43242d0e7,6a2baa27cd05157233063b825243be4bdf1a2dbc88db2a6cdfd0b2527b28716b
candidate,1,15,1000000,int,TRUE,reverse_subtract,double,ordinary,2,626,0.167000000000002,0.166999999999998,eeadc1ac8a182c5e9ac0af8ed545484b93cc60cd2781d423e67e76b038bbb02f,256764253c19afe4b22c7738fb2f83098a03d4dbde3db39ee8c24b205a95942a,1003,,0,FALSE,FALSE,FALSE,FALSE,FALSE,FALSE,FALSE,FALSE,5af7169f9d20a77a6f06236647a66be1493d6e155163c245a466bda43242d0e7,6a2baa27cd05157233063b825243be4bdf1a2dbc88db2a6cdfd0b2527b28716b
candidate,1,15,1000000,int,TRUE,reverse_subtract,double,compact,3,521,0.149999999999999,0.151000000000003,ce55a919f3651ad54050585ceac6df58ade9a7234536c53b2e30cf24dc97456a,256764253c19afe4b22c7738fb2f83098a03d4dbde3db39ee8c24b205a95942a,1003,float,521,TRUE,TRUE,FALSE,FALSE,FALSE,FALSE,FALSE,FALSE,5af7169f9d20a77a6f06236647a66be1493d6e155163c245a466bda43242d0e7,6a2baa27cd05157233063b825243be4bdf1a2dbc88db2a6cdfd0b2527b28716b
candidate,1,16,1000000,int,TRUE,reverse_divide,double,ordinary,1,626,0.164999999999999,0.166,5919a3b9c611a609b75579ae435ea59e6a6602e36aae9ea52a62df3f56ed00e9,256764253c19afe4b22c7738fb2f83098a03d4dbde3db39ee8c24b205a95942a,1003,,0,FALSE,FALSE,FALSE,FALSE,FALSE,FALSE,FALSE,FALSE,5af7169f9d20a77a6f06236647a66be1493d6e155163c245a466bda43242d0e7,6a2baa27cd05157233063b825243be4bdf1a2dbc88db2a6cdfd0b2527b28716b
candidate,1,16,1000000,int,TRUE,reverse_divide,double,compact,2,226,0.161999999999999,0.163,8e2880166f67afb3324288a562f812ea1ac87aa63f348f9c4373df1017394a64,e18be1b0e89b4a0c64a4b1d8acff45284e54d26e14e2d4cbb5f3b282ba9e2bbf,1103,float,226,TRUE,TRUE,FALSE,FALSE,FALSE,FALSE,FALSE,FALSE,5af7169f9d20a77a6f06236647a66be1493d6e155163c245a466bda43242d0e7,6a2baa27cd05157233063b825243be4bdf1a2dbc88db2a6cdfd0b2527b28716b
candidate,1,16,1000000,int,TRUE,reverse_divide,double,typed_double,3,536,0.155000000000001,0.155000000000001,46c9fedb1b90dde4d28d485b133b143f17d4c7ef7b2ba3baae533c5a3d0656ea,e18be1b0e89b4a0c64a4b1d8acff45284e54d26e14e2d4cbb5f3b282ba9e2bbf,1103,double,536,FALSE,FALSE,FALSE,FALSE,FALSE,FALSE,FALSE,FALSE,5af7169f9d20a77a6f06236647a66be1493d6e155163c245a466bda43242d0e7,6a2baa27cd05157233063b825243be4bdf1a2dbc88db2a6cdfd0b2527b28716b
candidate,1,17,1000000,int,TRUE,mixed_add,float,compact,1,173,0.148,0.149000000000001,087fb12a32e314d333c4287225113c3c6e3a135a9c18c162b3b5753b80f4350c,d842a810a046337b5363ff7dafdaa01aa4553912ce2afa4ee95c617158d8e0e7,2011,float,173,TRUE,TRUE,FALSE,FALSE,TRUE,TRUE,FALSE,FALSE,5af7169f9d20a77a6f06236647a66be1493d6e155163c245a466bda43242d0e7,6a2baa27cd05157233063b825243be4bdf1a2dbc88db2a6cdfd0b2527b28716b
candidate,1,17,1000000,int,TRUE,mixed_add,float,typed_double,2,494,0.167999999999999,0.167999999999999,087fb12a32e314d333c4287225113c3c6e3a135a9c18c162b3b5753b80f4350c,d842a810a046337b5363ff7dafdaa01aa4553912ce2afa4ee95c617158d8e0e7,2011,double,494,FALSE,FALSE,FALSE,FALSE,FALSE,FALSE,FALSE,FALSE,5af7169f9d20a77a6f06236647a66be1493d6e155163c245a466bda43242d0e7,6a2baa27cd05157233063b825243be4bdf1a2dbc88db2a6cdfd0b2527b28716b
candidate,1,17,1000000,int,TRUE,mixed_add,float,ordinary,3,586,0.166,0.166,ea5ac2e3896755c3d5082b83561d8673bb4f0147a7690b804a8d74cecbeda4c1,d842a810a046337b5363ff7dafdaa01aa4553912ce2afa4ee95c617158d8e0e7,2011,,0,FALSE,FALSE,FALSE,FALSE,FALSE,FALSE,FALSE,FALSE,5af7169f9d20a77a6f06236647a66be1493d6e155163c245a466bda43242d0e7,6a2baa27cd05157233063b825243be4bdf1a2dbc88db2a6cdfd0b2527b28716b
candidate,1,18,1000000,int,TRUE,mixed_multiply,float,typed_double,1,481,0.151,0.151,567cb444c88381ecb7601b5374668c9d2a719ee733326a0fd33b4e0cf98f607d,d842a810a046337b5363ff7dafdaa01aa4553912ce2afa4ee95c617158d8e0e7,2011,double,481,FALSE,FALSE,FALSE,FALSE,FALSE,FALSE,FALSE,FALSE,5af7169f9d20a77a6f06236647a66be1493d6e155163c245a466bda43242d0e7,6a2baa27cd05157233063b825243be4bdf1a2dbc88db2a6cdfd0b2527b28716b
candidate,1,18,1000000,int,TRUE,mixed_multiply,float,ordinary,2,605,0.169,0.169999999999998,4e15a12f73c542a9193d69c8d13f89eb8b7adf975c41c2fdf2ef19e40aa99344,d842a810a046337b5363ff7dafdaa01aa4553912ce2afa4ee95c617158d8e0e7,2011,,0,FALSE,FALSE,FALSE,FALSE,FALSE,FALSE,FALSE,FALSE,5af7169f9d20a77a6f06236647a66be1493d6e155163c245a466bda43242d0e7,6a2baa27cd05157233063b825243be4bdf1a2dbc88db2a6cdfd0b2527b28716b
candidate,1,18,1000000,int,TRUE,mixed_multiply,float,compact,3,174,0.152,0.151,567cb444c88381ecb7601b5374668c9d2a719ee733326a0fd33b4e0cf98f607d,d842a810a046337b5363ff7dafdaa01aa4553912ce2afa4ee95c617158d8e0e7,2011,float,174,TRUE,TRUE,FALSE,FALSE,TRUE,TRUE,FALSE,FALSE,5af7169f9d20a77a6f06236647a66be1493d6e155163c245a466bda43242d0e7,6a2baa27cd05157233063b825243be4bdf1a2dbc88db2a6cdfd0b2527b28716b
candidate,1,19,1000000,float,FALSE,scale_binary,double,ordinary,1,626,0.168000000000002,0.167999999999999,5e4cb543f32269b2c2218b394ad1c41d44f6b32b3f8be7d200655b3b7d11f177,6506614505e113daab08b3f894ca46d4d61867c7b007c413b47a669abe8aae67,0,,0,FALSE,FALSE,FALSE,FALSE,FALSE,FALSE,FALSE,FALSE,7f1c1a27229f7a699fa85ff90b5be1266497c462407b39b11f6d94015af8e8ad,31d3575e77d9d04b75880bca9e10dbd0e13e61d21795052921dd3f702d909dd7
candidate,1,19,1000000,float,FALSE,scale_binary,double,compact,2,458,0.150000000000001,0.150000000000002,5e4cb543f32269b2c2218b394ad1c41d44f6b32b3f8be7d200655b3b7d11f177,6506614505e113daab08b3f894ca46d4d61867c7b007c413b47a669abe8aae67,0,float,458,TRUE,TRUE,FALSE,FALSE,FALSE,FALSE,FALSE,FALSE,7f1c1a27229f7a699fa85ff90b5be1266497c462407b39b11f6d94015af8e8ad,31d3575e77d9d04b75880bca9e10dbd0e13e61d21795052921dd3f702d909dd7
candidate,1,19,1000000,float,FALSE,scale_binary,double,typed_double,3,569,0.168999999999997,0.169,5e4cb543f32269b2c2218b394ad1c41d44f6b32b3f8be7d200655b3b7d11f177,6506614505e113daab08b3f894ca46d4d61867c7b007c413b47a669abe8aae67,0,double,569,FALSE,FALSE,FALSE,FALSE,FALSE,FALSE,FALSE,FALSE,7f1c1a27229f7a699fa85ff90b5be1266497c462407b39b11f6d94015af8e8ad,31d3575e77d9d04b75880bca9e10dbd0e13e61d21795052921dd3f702d909dd7
candidate,1,20,1000000,float,FALSE,scale_general,double,compact,1,354,0.148,0.148,72cc5cf98cf5a5166668db2e8420adb3bc862ec1b003fbdd7aeb0a9746f22870,6506614505e113daab08b3f894ca46d4d61867c7b007c413b47a669abe8aae67,0,float,354,TRUE,TRUE,FALSE,FALSE,FALSE,FALSE,FALSE,FALSE,7f1c1a27229f7a699fa85ff90b5be1266497c462407b39b11f6d94015af8e8ad,31d3575e77d9d04b75880bca9e10dbd0e13e61d21795052921dd3f702d909dd7
candidate,1,20,1000000,float,FALSE,scale_general,double,typed_double,2,552,0.164999999999996,0.164999999999999,f26b519d09797e4f4941392e4b52f307c71832f0aaad54da617e9078fe055e1c,6506614505e113daab08b3f894ca46d4d61867c7b007c413b47a669abe8aae67,0,double,552,FALSE,FALSE,FALSE,FALSE,FALSE,FALSE,FALSE,FALSE,7f1c1a27229f7a699fa85ff90b5be1266497c462407b39b11f6d94015af8e8ad,31d3575e77d9d04b75880bca9e10dbd0e13e61d21795052921dd3f702d909dd7
candidate,1,20,1000000,float,FALSE,scale_general,double,ordinary,3,625,0.149999999999999,0.150000000000006,f26b519d09797e4f4941392e4b52f307c71832f0aaad54da617e9078fe055e1c,6506614505e113daab08b3f894ca46d4d61867c7b007c413b47a669abe8aae67,0,,0,FALSE,FALSE,FALSE,FALSE,FALSE,FALSE,FALSE,FALSE,7f1c1a27229f7a699fa85ff90b5be1266497c462407b39b11f6d94015af8e8ad,31d3575e77d9d04b75880bca9e10dbd0e13e61d21795052921dd3f702d909dd7
candidate,1,21,1000000,float,FALSE,pair_compact_double,double,typed_double,1,481,0.172999999999997,0.173000000000002,d0adc5c3f77a8c464e25cdf403e40486acf05d6b089dad00367eb8620a0a608e,6506614505e113daab08b3f894ca46d4d61867c7b007c413b47a669abe8aae67,0,double,481,FALSE,FALSE,FALSE,FALSE,FALSE,FALSE,FALSE,FALSE,7f1c1a27229f7a699fa85ff90b5be1266497c462407b39b11f6d94015af8e8ad,31d3575e77d9d04b75880bca9e10dbd0e13e61d21795052921dd3f702d909dd7
candidate,1,21,1000000,float,FALSE,pair_compact_double,double,ordinary,2,605,0.152999999999999,0.153000000000006,d0adc5c3f77a8c464e25cdf403e40486acf05d6b089dad00367eb8620a0a608e,6506614505e113daab08b3f894ca46d4d61867c7b007c413b47a669abe8aae67,0,,0,FALSE,FALSE,FALSE,FALSE,FALSE,FALSE,FALSE,FALSE,7f1c1a27229f7a699fa85ff90b5be1266497c462407b39b11f6d94015af8e8ad,31d3575e77d9d04b75880bca9e10dbd0e13e61d21795052921dd3f702d909dd7
candidate,1,21,1000000,float,FALSE,pair_compact_double,double,compact,3,481,0.149999999999999,0.150999999999996,d0adc5c3f77a8c464e25cdf403e40486acf05d6b089dad00367eb8620a0a608e,6506614505e113daab08b3f894ca46d4d61867c7b007c413b47a669abe8aae67,0,double,481,TRUE,TRUE,FALSE,FALSE,FALSE,FALSE,FALSE,FALSE,7f1c1a27229f7a699fa85ff90b5be1266497c462407b39b11f6d94015af8e8ad,31d3575e77d9d04b75880bca9e10dbd0e13e61d21795052921dd3f702d909dd7
candidate,1,22,1000000,float,FALSE,add_scalar,double,ordinary,1,626,0.165999999999997,0.166000000000004,292e89d47e6240bb2914ef7ad37d7e757276712199771e9df56100a008a8cb8c,6506614505e113daab08b3f894ca46d4d61867c7b007c413b47a669abe8aae67,0,,0,FALSE,FALSE,FALSE,FALSE,FALSE,FALSE,FALSE,FALSE,7f1c1a27229f7a699fa85ff90b5be1266497c462407b39b11f6d94015af8e8ad,31d3575e77d9d04b75880bca9e10dbd0e13e61d21795052921dd3f702d909dd7
candidate,1,22,1000000,float,FALSE,add_scalar,double,compact,2,361,0.150999999999996,0.150999999999996,6f4e6deefcbd4cb8847d97ac43d7047c827b45b8a7d41e59355544434442b07b,6506614505e113daab08b3f894ca46d4d61867c7b007c413b47a669abe8aae67,0,float,361,TRUE,TRUE,FALSE,FALSE,FALSE,FALSE,FALSE,FALSE,7f1c1a27229f7a699fa85ff90b5be1266497c462407b39b11f6d94015af8e8ad,31d3575e77d9d04b75880bca9e10dbd0e13e61d21795052921dd3f702d909dd7
candidate,1,22,1000000,float,FALSE,add_scalar,double,typed_double,3,569,0.152999999999999,0.153000000000006,292e89d47e6240bb2914ef7ad37d7e757276712199771e9df56100a008a8cb8c,6506614505e113daab08b3f894ca46d4d61867c7b007c413b47a669abe8aae67,0,double,569,FALSE,FALSE,FALSE,FALSE,FALSE,FALSE,FALSE,FALSE,7f1c1a27229f7a699fa85ff90b5be1266497c462407b39b11f6d94015af8e8ad,31d3575e77d9d04b75880bca9e10dbd0e13e61d21795052921dd3f702d909dd7
candidate,1,23,1000000,float,FALSE,subtract_scalar,double,compact,1,361,0.150999999999999,0.150999999999996,73750801b993e37ef9c262c8c6c20433be5d4f8f21bfd0757cae3f70c74eda3f,6506614505e113daab08b3f894ca46d4d61867c7b007c413b47a669abe8aae67,0,float,361,TRUE,TRUE,FALSE,FALSE,FALSE,FALSE,FALSE,FALSE,7f1c1a27229f7a699fa85ff90b5be1266497c462407b39b11f6d94015af8e8ad,31d3575e77d9d04b75880bca9e10dbd0e13e61d21795052921dd3f702d909dd7
candidate,1,23,1000000,float,FALSE,subtract_scalar,double,typed_double,2,569,0.154999999999994,0.155000000000001,13a3239df0a7d9c4766e9cb1022fe126007afc38c9539ef233ed4bf785d961fa,6506614505e113daab08b3f894ca46d4d61867c7b007c413b47a669abe8aae67,0,double,569,FALSE,FALSE,FALSE,FALSE,FALSE,FALSE,FALSE,FALSE,7f1c1a27229f7a699fa85ff90b5be1266497c462407b39b11f6d94015af8e8ad,31d3575e77d9d04b75880bca9e10dbd0e13e61d21795052921dd3f702d909dd7
candidate,1,23,1000000,float,FALSE,subtract_scalar,double,ordinary,3,625,0.167000000000004,0.164999999999999,13a3239df0a7d9c4766e9cb1022fe126007afc38c9539ef233ed4bf785d961fa,6506614505e113daab08b3f894ca46d4d61867c7b007c413b47a669abe8aae67,0,,0,FALSE,FALSE,FALSE,FALSE,FALSE,FALSE,FALSE,FALSE,7f1c1a27229f7a699fa85ff90b5be1266497c462407b39b11f6d94015af8e8ad,31d3575e77d9d04b75880bca9e10dbd0e13e61d21795052921dd3f702d909dd7
candidate,1,24,1000000,float,FALSE,reverse_subtract,double,typed_double,1,569,0.152999999999999,0.153000000000006,391f82ff13066d79bb9813a2dd5b66c086c00b72de2d0e201e0f4f7b85274c2e,6506614505e113daab08b3f894ca46d4d61867c7b007c413b47a669abe8aae67,0,double,569,FALSE,FALSE,FALSE,FALSE,FALSE,FALSE,FALSE,FALSE,7f1c1a27229f7a699fa85ff90b5be1266497c462407b39b11f6d94015af8e8ad,31d3575e77d9d04b75880bca9e10dbd0e13e61d21795052921dd3f702d909dd7
candidate,1,24,1000000,float,FALSE,reverse_subtract,double,ordinary,2,626,0.166999999999997,0.165999999999997,391f82ff13066d79bb9813a2dd5b66c086c00b72de2d0e201e0f4f7b85274c2e,6506614505e113daab08b3f894ca46d4d61867c7b007c413b47a669abe8aae67,0,,0,FALSE,FALSE,FALSE,FALSE,FALSE,FALSE,FALSE,FALSE,7f1c1a27229f7a699fa85ff90b5be1266497c462407b39b11f6d94015af8e8ad,31d3575e77d9d04b75880bca9e10dbd0e13e61d21795052921dd3f702d909dd7
candidate,1,24,1000000,float,FALSE,reverse_subtract,double,compact,3,361,0.149999999999999,0.149999999999999,8505db92c32dc0b74614f948c8784986a3d42738b9f7afa126ec04569b48eaee,6506614505e113daab08b3f894ca46d4d61867c7b007c413b47a669abe8aae67,0,float,361,TRUE,TRUE,FALSE,FALSE,FALSE,FALSE,FALSE,FALSE,7f1c1a27229f7a699fa85ff90b5be1266497c462407b39b11f6d94015af8e8ad,31d3575e77d9d04b75880bca9e10dbd0e13e61d21795052921dd3f702d909dd7
candidate,1,25,1000000,float,FALSE,reverse_divide,double,ordinary,1,625,0.150999999999996,0.150999999999996,c250debf3d2a27908112bc09ce59d257ab86068363b108d2b491520e8193453e,6506614505e113daab08b3f894ca46d4d61867c7b007c413b47a669abe8aae67,0,,0,FALSE,FALSE,FALSE,FALSE,FALSE,FALSE,FALSE,FALSE,7f1c1a27229f7a699fa85ff90b5be1266497c462407b39b11f6d94015af8e8ad,31d3575e77d9d04b75880bca9e10dbd0e13e61d21795052921dd3f702d909dd7
candidate,1,25,1000000,float,FALSE,reverse_divide,double,compact,2,293,0.147999999999996,0.146999999999998,00373f8d5dc76e6b2961c6a8330b8894595f6e122b305a6913901d94ac47d968,8dca1eb700a45aaace59ea0c206000bfb6345887d8c82d9a5f1f6a86211aeab4,100,float,293,TRUE,TRUE,FALSE,FALSE,FALSE,FALSE,FALSE,FALSE,7f1c1a27229f7a699fa85ff90b5be1266497c462407b39b11f6d94015af8e8ad,31d3575e77d9d04b75880bca9e10dbd0e13e61d21795052921dd3f702d909dd7
candidate,1,25,1000000,float,FALSE,reverse_divide,double,typed_double,3,521,0.150999999999996,0.151000000000003,15a9dee60e7ad6b7bfec0a17ebb879c1d0b34de12d63f490ed9b30d95ad74ac9,8dca1eb700a45aaace59ea0c206000bfb6345887d8c82d9a5f1f6a86211aeab4,100,double,521,FALSE,FALSE,FALSE,FALSE,FALSE,FALSE,FALSE,FALSE,7f1c1a27229f7a699fa85ff90b5be1266497c462407b39b11f6d94015af8e8ad,31d3575e77d9d04b75880bca9e10dbd0e13e61d21795052921dd3f702d909dd7
candidate,1,26,1000000,float,TRUE,scale_binary,double,compact,1,469,0.152000000000001,0.152999999999999,c2d92a8e75010c0ddb80329b9ca6cc4898ca1d4543392f8c8382c3fbfeeb5b4b,256764253c19afe4b22c7738fb2f83098a03d4dbde3db39ee8c24b205a95942a,1003,float,469,TRUE,TRUE,FALSE,FALSE,FALSE,FALSE,FALSE,FALSE,ee8f1f1d17d164fc3d811ad86cc889d11c328f41d3cd55762069bc2161e48c9f,6a2baa27cd05157233063b825243be4bdf1a2dbc88db2a6cdfd0b2527b28716b
candidate,1,26,1000000,float,TRUE,scale_binary,double,typed_double,2,569,0.174000000000002,0.172999999999995,c2d92a8e75010c0ddb80329b9ca6cc4898ca1d4543392f8c8382c3fbfeeb5b4b,256764253c19afe4b22c7738fb2f83098a03d4dbde3db39ee8c24b205a95942a,1003,double,569,FALSE,FALSE,FALSE,FALSE,FALSE,FALSE,FALSE,FALSE,ee8f1f1d17d164fc3d811ad86cc889d11c328f41d3cd55762069bc2161e48c9f,6a2baa27cd05157233063b825243be4bdf1a2dbc88db2a6cdfd0b2527b28716b
candidate,1,26,1000000,float,TRUE,scale_binary,double,ordinary,3,625,0.149999999999999,0.150000000000006,21fac45dcda0cbc0ba9e1f553d3be3fedd245b921d5e2e4497a8d64f1e038117,256764253c19afe4b22c7738fb2f83098a03d4dbde3db39ee8c24b205a95942a,1003,,0,FALSE,FALSE,FALSE,FALSE,FALSE,FALSE,FALSE,FALSE,ee8f1f1d17d164fc3d811ad86cc889d11c328f41d3cd55762069bc2161e48c9f,6a2baa27cd05157233063b825243be4bdf1a2dbc88db2a6cdfd0b2527b28716b
candidate,1,27,1000000,float,TRUE,scale_general,double,typed_double,1,569,0.165999999999997,0.166000000000004,ea87b3dd63bfda18195aef508608398181a11f876a570f6017c0c100c3497f49,256764253c19afe4b22c7738fb2f83098a03d4dbde3db39ee8c24b205a95942a,1003,double,569,FALSE,FALSE,FALSE,FALSE,FALSE,FALSE,FALSE,FALSE,ee8f1f1d17d164fc3d811ad86cc889d11c328f41d3cd55762069bc2161e48c9f,6a2baa27cd05157233063b825243be4bdf1a2dbc88db2a6cdfd0b2527b28716b
candidate,1,27,1000000,float,TRUE,scale_general,double,ordinary,2,625,0.149000000000001,0.149000000000001,8100d028390097d4a98b44ea0ff4cb617c6204331b80e5c7870832582030541c,256764253c19afe4b22c7738fb2f83098a03d4dbde3db39ee8c24b205a95942a,1003,,0,FALSE,FALSE,FALSE,FALSE,FALSE,FALSE,FALSE,FALSE,ee8f1f1d17d164fc3d811ad86cc889d11c328f41d3cd55762069bc2161e48c9f,6a2baa27cd05157233063b825243be4bdf1a2dbc88db2a6cdfd0b2527b28716b
candidate,1,27,1000000,float,TRUE,scale_general,double,compact,3,276,0.149000000000001,0.149999999999999,c58bc992720c328eca610e60f8c3f93d7d61df77946cf51b8626b0d8b78368ef,256764253c19afe4b22c7738fb2f83098a03d4dbde3db39ee8c24b205a95942a,1003,float,276,TRUE,TRUE,FALSE,FALSE,FALSE,FALSE,FALSE,FALSE,ee8f1f1d17d164fc3d811ad86cc889d11c328f41d3cd55762069bc2161e48c9f,6a2baa27cd05157233063b825243be4bdf1a2dbc88db2a6cdfd0b2527b28716b
candidate,1,28,1000000,float,TRUE,pair_compact_double,double,ordinary,1,626,0.159000000000001,0.158999999999999,d8927aedee8fcfee16a2d8b73448110e471dbaa24a570b3a223eaaa8fa336e58,d842a810a046337b5363ff7dafdaa01aa4553912ce2afa4ee95c617158d8e0e7,2011,,0,FALSE,FALSE,FALSE,FALSE,FALSE,FALSE,FALSE,FALSE,ee8f1f1d17d164fc3d811ad86cc889d11c328f41d3cd55762069bc2161e48c9f,6a2baa27cd05157233063b825243be4bdf1a2dbc88db2a6cdfd0b2527b28716b
candidate,1,28,1000000,float,TRUE,pair_compact_double,double,compact,2,324,0.164999999999999,0.164999999999999,9778eddf855170d4c4702501b5240fa491a475187859f9e29c120edb42c46621,d842a810a046337b5363ff7dafdaa01aa4553912ce2afa4ee95c617158d8e0e7,2011,double,324,TRUE,TRUE,FALSE,FALSE,FALSE,FALSE,FALSE,FALSE,ee8f1f1d17d164fc3d811ad86cc889d11c328f41d3cd55762069bc2161e48c9f,6a2baa27cd05157233063b825243be4bdf1a2dbc88db2a6cdfd0b2527b28716b
candidate,1,28,1000000,float,TRUE,pair_compact_double,double,typed_double,3,481,0.148000000000003,0.148000000000003,9778eddf855170d4c4702501b5240fa491a475187859f9e29c120edb42c46621,d842a810a046337b5363ff7dafdaa01aa4553912ce2afa4ee95c617158d8e0e7,2011,double,481,FALSE,FALSE,FALSE,FALSE,FALSE,FALSE,FALSE,FALSE,ee8f1f1d17d164fc3d811ad86cc889d11c328f41d3cd55762069bc2161e48c9f,6a2baa27cd05157233063b825243be4bdf1a2dbc88db2a6cdfd0b2527b28716b
candidate,1,29,1000000,float,TRUE,add_scalar,double,compact,1,276,0.149000000000001,0.148999999999994,9c2be51cd37c2d7977f794fada049c7c9ccc4011c9f81b26e042008f01cdd93e,256764253c19afe4b22c7738fb2f83098a03d4dbde3db39ee8c24b205a95942a,1003,float,276,TRUE,TRUE,FALSE,FALSE,FALSE,FALSE,FALSE,FALSE,ee8f1f1d17d164fc3d811ad86cc889d11c328f41d3cd55762069bc2161e48c9f,6a2baa27cd05157233063b825243be4bdf1a2dbc88db2a6cdfd0b2527b28716b
candidate,1,29,1000000,float,TRUE,add_scalar,double,typed_double,2,569,0.168999999999999,0.167999999999999,c79c2ec291260c6f8d03c327d90d493416937a3f3bc9b85742b51e17a8fb7647,256764253c19afe4b22c7738fb2f83098a03d4dbde3db39ee8c24b205a95942a,1003,double,569,FALSE,FALSE,FALSE,FALSE,FALSE,FALSE,FALSE,FALSE,ee8f1f1d17d164fc3d811ad86cc889d11c328f41d3cd55762069bc2161e48c9f,6a2baa27cd05157233063b825243be4bdf1a2dbc88db2a6cdfd0b2527b28716b
candidate,1,29,1000000,float,TRUE,add_scalar,double,ordinary,3,625,0.150999999999996,0.151000000000003,eea8177113c0d60b0ac4b300317d7673334b9c1e86f37a3c57e9519b022f9d21,256764253c19afe4b22c7738fb2f83098a03d4dbde3db39ee8c24b205a95942a,1003,,0,FALSE,FALSE,FALSE,FALSE,FALSE,FALSE,FALSE,FALSE,ee8f1f1d17d164fc3d811ad86cc889d11c328f41d3cd55762069bc2161e48c9f,6a2baa27cd05157233063b825243be4bdf1a2dbc88db2a6cdfd0b2527b28716b
candidate,1,30,1000000,float,TRUE,subtract_scalar,double,typed_double,1,552,0.165999999999997,0.165999999999997,5dbef6a14bd33ea02b60ee3c940050585fc891f61a49d29253c64524c4390951,256764253c19afe4b22c7738fb2f83098a03d4dbde3db39ee8c24b205a95942a,1003,double,552,FALSE,FALSE,FALSE,FALSE,FALSE,FALSE,FALSE,FALSE,ee8f1f1d17d164fc3d811ad86cc889d11c328f41d3cd55762069bc2161e48c9f,6a2baa27cd05157233063b825243be4bdf1a2dbc88db2a6cdfd0b2527b28716b
candidate,1,30,1000000,float,TRUE,subtract_scalar,double,ordinary,2,625,0.150999999999999,0.149999999999999,6c2a6fd31fe3ea0da9f40037c0de77776efc81cd73d193a8ace88fee2b5b635c,256764253c19afe4b22c7738fb2f83098a03d4dbde3db39ee8c24b205a95942a,1003,,0,FALSE,FALSE,FALSE,FALSE,FALSE,FALSE,FALSE,FALSE,ee8f1f1d17d164fc3d811ad86cc889d11c328f41d3cd55762069bc2161e48c9f,6a2baa27cd05157233063b825243be4bdf1a2dbc88db2a6cdfd0b2527b28716b
candidate,1,30,1000000,float,TRUE,subtract_scalar,double,compact,3,276,0.149999999999999,0.148999999999994,7125e60e6e7d4c92d9ed561efe37cfccac1593072e770a4f8d2a58f04113d3ae,256764253c19afe4b22c7738fb2f83098a03d4dbde3db39ee8c24b205a95942a,1003,float,276,TRUE,TRUE,FALSE,FALSE,FALSE,FALSE,FALSE,FALSE,ee8f1f1d17d164fc3d811ad86cc889d11c328f41d3cd55762069bc2161e48c9f,6a2baa27cd05157233063b825243be4bdf1a2dbc88db2a6cdfd0b2527b28716b
candidate,1,31,1000000,float,TRUE,reverse_subtract,double,ordinary,1,626,0.164999999999999,0.164999999999999,96030f5d24b08e1ab9b8a2ffa4e31e33a89cd6cbabe88555e164d01758947f47,256764253c19afe4b22c7738fb2f83098a03d4dbde3db39ee8c24b205a95942a,1003,,0,FALSE,FALSE,FALSE,FALSE,FALSE,FALSE,FALSE,FALSE,ee8f1f1d17d164fc3d811ad86cc889d11c328f41d3cd55762069bc2161e48c9f,6a2baa27cd05157233063b825243be4bdf1a2dbc88db2a6cdfd0b2527b28716b
candidate,1,31,1000000,float,TRUE,reverse_subtract,double,compact,2,276,0.149000000000001,0.149000000000001,dad17b9a33695dc668a39e44c085af08afb1a2c7d0c49d2f0b645e18b67308a7,256764253c19afe4b22c7738fb2f83098a03d4dbde3db39ee8c24b205a95942a,1003,float,276,TRUE,TRUE,FALSE,FALSE,FALSE,FALSE,FALSE,FALSE,ee8f1f1d17d164fc3d811ad86cc889d11c328f41d3cd55762069bc2161e48c9f,6a2baa27cd05157233063b825243be4bdf1a2dbc88db2a6cdfd0b2527b28716b
candidate,1,31,1000000,float,TRUE,reverse_subtract,double,typed_double,3,569,0.153000000000001,0.152000000000001,e3656220b598004f8cce68737d35a090279632fb58c8ef4b30d6940c65beb9cb,256764253c19afe4b22c7738fb2f83098a03d4dbde3db39ee8c24b205a95942a,1003,double,569,FALSE,FALSE,FALSE,FALSE,FALSE,FALSE,FALSE,FALSE,ee8f1f1d17d164fc3d811ad86cc889d11c328f41d3cd55762069bc2161e48c9f,6a2baa27cd05157233063b825243be4bdf1a2dbc88db2a6cdfd0b2527b28716b
candidate,1,32,1000000,float,TRUE,reverse_divide,double,compact,1,211,0.149000000000001,0.149000000000001,fd1eff5142c284b6c07eab1dafc2d8ac526155178019f828b5505195b8837d7f,e18be1b0e89b4a0c64a4b1d8acff45284e54d26e14e2d4cbb5f3b282ba9e2bbf,1103,float,211,TRUE,TRUE,FALSE,FALSE,FALSE,FALSE,FALSE,FALSE,ee8f1f1d17d164fc3d811ad86cc889d11c328f41d3cd55762069bc2161e48c9f,6a2baa27cd05157233063b825243be4bdf1a2dbc88db2a6cdfd0b2527b28716b
candidate,1,32,1000000,float,TRUE,reverse_divide,double,typed_double,2,521,0.164000000000001,0.164999999999999,27389f6d40427639c8a912484d0249b1c9fab719ac17ee977d76419105918595,e18be1b0e89b4a0c64a4b1d8acff45284e54d26e14e2d4cbb5f3b282ba9e2bbf,1103,double,521,FALSE,FALSE,FALSE,FALSE,FALSE,FALSE,FALSE,FALSE,ee8f1f1d17d164fc3d811ad86cc889d11c328f41d3cd55762069bc2161e48c9f,6a2baa27cd05157233063b825243be4bdf1a2dbc88db2a6cdfd0b2527b28716b
candidate,1,32,1000000,float,TRUE,reverse_divide,double,ordinary,3,605,0.164000000000001,0.163999999999994,53731942d799d1e23d351c412d455100c092173e72bb3ad15061a952b94a6c1e,256764253c19afe4b22c7738fb2f83098a03d4dbde3db39ee8c24b205a95942a,1003,,0,FALSE,FALSE,FALSE,FALSE,FALSE,FALSE,FALSE,FALSE,ee8f1f1d17d164fc3d811ad86cc889d11c328f41d3cd55762069bc2161e48c9f,6a2baa27cd05157233063b825243be4bdf1a2dbc88db2a6cdfd0b2527b28716b
candidate,1,33,1000000,long,FALSE,long_float_add,float,typed_double,1,481,0.153000000000001,0.151000000000003,5865d7f437b5487c8061f7274c6507b7ec0fc76362cd655e9259ebb78a28f057,6506614505e113daab08b3f894ca46d4d61867c7b007c413b47a669abe8aae67,0,double,481,FALSE,FALSE,FALSE,FALSE,FALSE,FALSE,FALSE,FALSE,8937acbbe87ff127e6567f97e52c6a17dbe3ea7052a39a3b76abe25c8e7eeb13,31d3575e77d9d04b75880bca9e10dbd0e13e61d21795052921dd3f702d909dd7
candidate,1,33,1000000,long,FALSE,long_float_add,float,ordinary,2,408,0.102999999999994,0.103999999999999,5865d7f437b5487c8061f7274c6507b7ec0fc76362cd655e9259ebb78a28f057,6506614505e113daab08b3f894ca46d4d61867c7b007c413b47a669abe8aae67,0,,0,FALSE,FALSE,FALSE,FALSE,FALSE,FALSE,FALSE,FALSE,8937acbbe87ff127e6567f97e52c6a17dbe3ea7052a39a3b76abe25c8e7eeb13,31d3575e77d9d04b75880bca9e10dbd0e13e61d21795052921dd3f702d909dd7
candidate,1,33,1000000,long,FALSE,long_float_add,float,compact,3,354,0.149000000000001,0.148000000000003,5865d7f437b5487c8061f7274c6507b7ec0fc76362cd655e9259ebb78a28f057,6506614505e113daab08b3f894ca46d4d61867c7b007c413b47a669abe8aae67,0,double,354,TRUE,TRUE,FALSE,FALSE,TRUE,TRUE,FALSE,FALSE,8937acbbe87ff127e6567f97e52c6a17dbe3ea7052a39a3b76abe25c8e7eeb13,31d3575e77d9d04b75880bca9e10dbd0e13e61d21795052921dd3f702d909dd7
candidate,1,34,1000000,long,TRUE,long_float_add,float,ordinary,1,605,0.168999999999997,0.168999999999997,ea5ac2e3896755c3d5082b83561d8673bb4f0147a7690b804a8d74cecbeda4c1,d842a810a046337b5363ff7dafdaa01aa4553912ce2afa4ee95c617158d8e0e7,2011,,0,FALSE,FALSE,FALSE,FALSE,FALSE,FALSE,FALSE,FALSE,5af7169f9d20a77a6f06236647a66be1493d6e155163c245a466bda43242d0e7,6a2baa27cd05157233063b825243be4bdf1a2dbc88db2a6cdfd0b2527b28716b
candidate,1,34,1000000,long,TRUE,long_float_add,float,compact,2,261,0.148000000000003,0.149000000000001,087fb12a32e314d333c4287225113c3c6e3a135a9c18c162b3b5753b80f4350c,d842a810a046337b5363ff7dafdaa01aa4553912ce2afa4ee95c617158d8e0e7,2011,double,261,TRUE,TRUE,FALSE,FALSE,TRUE,TRUE,FALSE,FALSE,5af7169f9d20a77a6f06236647a66be1493d6e155163c245a466bda43242d0e7,6a2baa27cd05157233063b825243be4bdf1a2dbc88db2a6cdfd0b2527b28716b
candidate,1,34,1000000,long,TRUE,long_float_add,float,typed_double,3,481,0.166000000000004,0.167000000000002,087fb12a32e314d333c4287225113c3c6e3a135a9c18c162b3b5753b80f4350c,d842a810a046337b5363ff7dafdaa01aa4553912ce2afa4ee95c617158d8e0e7,2011,double,481,FALSE,FALSE,FALSE,FALSE,FALSE,FALSE,FALSE,FALSE,5af7169f9d20a77a6f06236647a66be1493d6e155163c245a466bda43242d0e7,6a2baa27cd05157233063b825243be4bdf1a2dbc88db2a6cdfd0b2527b28716b
candidate,2,1,1000000,int,FALSE,scale_binary,double,ordinary,1,399,0.135,0.135,43cbc5fa02580f73a834cffb43a5ba0a0f4d7303cec536a2e3c58f1f469eb824,6506614505e113daab08b3f894ca46d4d61867c7b007c413b47a669abe8aae67,0,,0,FALSE,FALSE,FALSE,FALSE,FALSE,FALSE,FALSE,FALSE,8937acbbe87ff127e6567f97e52c6a17dbe3ea7052a39a3b76abe25c8e7eeb13,31d3575e77d9d04b75880bca9e10dbd0e13e61d21795052921dd3f702d909dd7
candidate,2,1,1000000,int,FALSE,scale_binary,double,typed_double,2,375,0.121,0.121,43cbc5fa02580f73a834cffb43a5ba0a0f4d7303cec536a2e3c58f1f469eb824,6506614505e113daab08b3f894ca46d4d61867c7b007c413b47a669abe8aae67,0,double,375,FALSE,FALSE,FALSE,FALSE,FALSE,FALSE,FALSE,FALSE,8937acbbe87ff127e6567f97e52c6a17dbe3ea7052a39a3b76abe25c8e7eeb13,31d3575e77d9d04b75880bca9e10dbd0e13e61d21795052921dd3f702d909dd7
candidate,2,1,1000000,int,FALSE,scale_binary,double,compact,3,569,0.138,0.138,43cbc5fa02580f73a834cffb43a5ba0a0f4d7303cec536a2e3c58f1f469eb824,6506614505e113daab08b3f894ca46d4d61867c7b007c413b47a669abe8aae67,0,int,569,TRUE,TRUE,FALSE,FALSE,FALSE,FALSE,FALSE,FALSE,8937acbbe87ff127e6567f97e52c6a17dbe3ea7052a39a3b76abe25c8e7eeb13,31d3575e77d9d04b75880bca9e10dbd0e13e61d21795052921dd3f702d909dd7
candidate,2,2,1000000,int,FALSE,scale_general,double,compact,1,552,0.147,0.146,5b22560fab6c3b27f5e82592f7a486b943278dbe0e1d82a8c99735d3ee13430b,6506614505e113daab08b3f894ca46d4d61867c7b007c413b47a669abe8aae67,0,float,552,TRUE,TRUE,FALSE,FALSE,FALSE,FALSE,FALSE,FALSE,8937acbbe87ff127e6567f97e52c6a17dbe3ea7052a39a3b76abe25c8e7eeb13,31d3575e77d9d04b75880bca9e10dbd0e13e61d21795052921dd3f702d909dd7
candidate,2,2,1000000,int,FALSE,scale_general,double,ordinary,2,408,0.102,0.103,98c11364f9b15cf1e1696537d86d727f3e1efaa44f5b303a15ed033179b4e86a,6506614505e113daab08b3f894ca46d4d61867c7b007c413b47a669abe8aae67,0,,0,FALSE,FALSE,FALSE,FALSE,FALSE,FALSE,FALSE,FALSE,8937acbbe87ff127e6567f97e52c6a17dbe3ea7052a39a3b76abe25c8e7eeb13,31d3575e77d9d04b75880bca9e10dbd0e13e61d21795052921dd3f702d909dd7
candidate,2,2,1000000,int,FALSE,scale_general,double,typed_double,3,375,0.105,0.105,98c11364f9b15cf1e1696537d86d727f3e1efaa44f5b303a15ed033179b4e86a,6506614505e113daab08b3f894ca46d4d61867c7b007c413b47a669abe8aae67,0,double,375,FALSE,FALSE,FALSE,FALSE,FALSE,FALSE,FALSE,FALSE,8937acbbe87ff127e6567f97e52c6a17dbe3ea7052a39a3b76abe25c8e7eeb13,31d3575e77d9d04b75880bca9e10dbd0e13e61d21795052921dd3f702d909dd7
candidate,2,3,1000000,int,FALSE,pair_compact_double,double,typed_double,1,458,0.166,0.166,5865d7f437b5487c8061f7274c6507b7ec0fc76362cd655e9259ebb78a28f057,6506614505e113daab08b3f894ca46d4d61867c7b007c413b47a669abe8aae67,0,double,458,FALSE,FALSE,FALSE,FALSE,FALSE,FALSE,FALSE,FALSE,8937acbbe87ff127e6567f97e52c6a17dbe3ea7052a39a3b76abe25c8e7eeb13,31d3575e77d9d04b75880bca9e10dbd0e13e61d21795052921dd3f702d909dd7
candidate,2,3,1000000,int,FALSE,pair_compact_double,double,compact,2,361,0.164000000000001,0.165,5865d7f437b5487c8061f7274c6507b7ec0fc76362cd655e9259ebb78a28f057,6506614505e113daab08b3f894ca46d4d61867c7b007c413b47a669abe8aae67,0,double,361,TRUE,TRUE,FALSE,FALSE,FALSE,FALSE,FALSE,FALSE,8937acbbe87ff127e6567f97e52c6a17dbe3ea7052a39a3b76abe25c8e7eeb13,31d3575e77d9d04b75880bca9e10dbd0e13e61d21795052921dd3f702d909dd7
candidate,2,3,1000000,int,FALSE,pair_compact_double,double,ordinary,3,569,0.164,0.164000000000001,5865d7f437b5487c8061f7274c6507b7ec0fc76362cd655e9259ebb78a28f057,6506614505e113daab08b3f894ca46d4d61867c7b007c413b47a669abe8aae67,0,,0,FALSE,FALSE,FALSE,FALSE,FALSE,FALSE,FALSE,FALSE,8937acbbe87ff127e6567f97e52c6a17dbe3ea7052a39a3b76abe25c8e7eeb13,31d3575e77d9d04b75880bca9e10dbd0e13e61d21795052921dd3f702d909dd7
candidate,2,4,1000000,int,FALSE,add_scalar,double,ordinary,1,408,0.103000000000001,0.103,1439f7f16fb3a12c3e378be19f4f968bfd8ba0b13d49fd661b844b18b3b58d40,6506614505e113daab08b3f894ca46d4d61867c7b007c413b47a669abe8aae67,0,,0,FALSE,FALSE,FALSE,FALSE,FALSE,FALSE,FALSE,FALSE,8937acbbe87ff127e6567f97e52c6a17dbe3ea7052a39a3b76abe25c8e7eeb13,31d3575e77d9d04b75880bca9e10dbd0e13e61d21795052921dd3f702d909dd7
candidate,2,4,1000000,int,FALSE,add_scalar,double,typed_double,2,376,0.105,0.105,1439f7f16fb3a12c3e378be19f4f968bfd8ba0b13d49fd661b844b18b3b58d40,6506614505e113daab08b3f894ca46d4d61867c7b007c413b47a669abe8aae67,0,double,376,FALSE,FALSE,FALSE,FALSE,FALSE,FALSE,FALSE,FALSE,8937acbbe87ff127e6567f97e52c6a17dbe3ea7052a39a3b76abe25c8e7eeb13,31d3575e77d9d04b75880bca9e10dbd0e13e61d21795052921dd3f702d909dd7
candidate,2,4,1000000,int,FALSE,add_scalar,double,compact,3,552,0.145,0.146,c71ccca92de640a85316ddcd6d7a40e76d086d97708e3a6315956ca169418a51,6506614505e113daab08b3f894ca46d4d61867c7b007c413b47a669abe8aae67,0,float,552,TRUE,TRUE,FALSE,FALSE,FALSE,FALSE,FALSE,FALSE,8937acbbe87ff127e6567f97e52c6a17dbe3ea7052a39a3b76abe25c8e7eeb13,31d3575e77d9d04b75880bca9e10dbd0e13e61d21795052921dd3f702d909dd7
candidate,2,5,1000000,int,FALSE,subtract_scalar,double,compact,1,569,0.15,0.15,ac41a62f122b430ac56496c53bc2efc0f8e7b183de1fa7f57d32683c2f951555,6506614505e113daab08b3f894ca46d4d61867c7b007c413b47a669abe8aae67,0,float,569,TRUE,TRUE,FALSE,FALSE,FALSE,FALSE,FALSE,FALSE,8937acbbe87ff127e6567f97e52c6a17dbe3ea7052a39a3b76abe25c8e7eeb13,31d3575e77d9d04b75880bca9e10dbd0e13e61d21795052921dd3f702d909dd7
candidate,2,5,1000000,int,FALSE,subtract_scalar,double,ordinary,2,605,0.164,0.164000000000001,4d7fa72c39df54d095261c83239d5980d0a1ff94839d263f9a7dfea5049791fe,6506614505e113daab08b3f894ca46d4d61867c7b007c413b47a669abe8aae67,0,,0,FALSE,FALSE,FALSE,FALSE,FALSE,FALSE,FALSE,FALSE,8937acbbe87ff127e6567f97e52c6a17dbe3ea7052a39a3b76abe25c8e7eeb13,31d3575e77d9d04b75880bca9e10dbd0e13e61d21795052921dd3f702d909dd7
candidate,2,5,1000000,int,FALSE,subtract_scalar,double,typed_double,3,536,0.162,0.163,4d7fa72c39df54d095261c83239d5980d0a1ff94839d263f9a7dfea5049791fe,6506614505e113daab08b3f894ca46d4d61867c7b007c413b47a669abe8aae67,0,double,536,FALSE,FALSE,FALSE,FALSE,FALSE,FALSE,FALSE,FALSE,8937acbbe87ff127e6567f97e52c6a17dbe3ea7052a39a3b76abe25c8e7eeb13,31d3575e77d9d04b75880bca9e10dbd0e13e61d21795052921dd3f702d909dd7
candidate,2,6,1000000,int,FALSE,reverse_subtract,double,typed_double,1,536,0.165,0.164,c10b10b4e2f1f397fc6fe7eaa9e5b4584cc0a290911e13c8fea846c487bfa36d,6506614505e113daab08b3f894ca46d4d61867c7b007c413b47a669abe8aae67,0,double,536,FALSE,FALSE,FALSE,FALSE,FALSE,FALSE,FALSE,FALSE,8937acbbe87ff127e6567f97e52c6a17dbe3ea7052a39a3b76abe25c8e7eeb13,31d3575e77d9d04b75880bca9e10dbd0e13e61d21795052921dd3f702d909dd7
candidate,2,6,1000000,int,FALSE,reverse_subtract,double,compact,2,569,0.149000000000001,0.149000000000001,4e06bb9d84e68d2b3176d8d9d719b5bb97dc463a99c72430d73baf543d93b6fd,6506614505e113daab08b3f894ca46d4d61867c7b007c413b47a669abe8aae67,0,float,569,TRUE,TRUE,FALSE,FALSE,FALSE,FALSE,FALSE,FALSE,8937acbbe87ff127e6567f97e52c6a17dbe3ea7052a39a3b76abe25c8e7eeb13,31d3575e77d9d04b75880bca9e10dbd0e13e61d21795052921dd3f702d909dd7
candidate,2,6,1000000,int,FALSE,reverse_subtract,double,ordinary,3,605,0.164,0.164000000000001,c10b10b4e2f1f397fc6fe7eaa9e5b4584cc0a290911e13c8fea846c487bfa36d,6506614505e113daab08b3f894ca46d4d61867c7b007c413b47a669abe8aae67,0,,0,FALSE,FALSE,FALSE,FALSE,FALSE,FALSE,FALSE,FALSE,8937acbbe87ff127e6567f97e52c6a17dbe3ea7052a39a3b76abe25c8e7eeb13,31d3575e77d9d04b75880bca9e10dbd0e13e61d21795052921dd3f702d909dd7
candidate,2,7,1000000,int,FALSE,reverse_divide,double,ordinary,1,605,0.164,0.164,286e6f4fcb574961d21ee0ffc03c2d1c268671051cddf977b0eb1236cc5ce88a,6506614505e113daab08b3f894ca46d4d61867c7b007c413b47a669abe8aae67,0,,0,FALSE,FALSE,FALSE,FALSE,FALSE,FALSE,FALSE,FALSE,8937acbbe87ff127e6567f97e52c6a17dbe3ea7052a39a3b76abe25c8e7eeb13,31d3575e77d9d04b75880bca9e10dbd0e13e61d21795052921dd3f702d909dd7
candidate,2,7,1000000,int,FALSE,reverse_divide,double,typed_double,2,507,0.165000000000001,0.166,edabd46066f8ec30bbc81fe8d9a4c7ef506d3d9a77408a1b0c6a5be7df3e4721,8dca1eb700a45aaace59ea0c206000bfb6345887d8c82d9a5f1f6a86211aeab4,100,double,507,FALSE,FALSE,FALSE,FALSE,FALSE,FALSE,FALSE,FALSE,8937acbbe87ff127e6567f97e52c6a17dbe3ea7052a39a3b76abe25c8e7eeb13,31d3575e77d9d04b75880bca9e10dbd0e13e61d21795052921dd3f702d909dd7
candidate,2,7,1000000,int,FALSE,reverse_divide,double,compact,3,226,0.15,0.15,cbafe8b44fab1872729be2227cecddc875873c3653e6ebf01ce53e917fceee0e,8dca1eb700a45aaace59ea0c206000bfb6345887d8c82d9a5f1f6a86211aeab4,100,float,226,TRUE,TRUE,FALSE,FALSE,FALSE,FALSE,FALSE,FALSE,8937acbbe87ff127e6567f97e52c6a17dbe3ea7052a39a3b76abe25c8e7eeb13,31d3575e77d9d04b75880bca9e10dbd0e13e61d21795052921dd3f702d909dd7
candidate,2,8,1000000,int,FALSE,mixed_add,float,compact,1,244,0.15,0.151,5865d7f437b5487c8061f7274c6507b7ec0fc76362cd655e9259ebb78a28f057,6506614505e113daab08b3f894ca46d4d61867c7b007c413b47a669abe8aae67,0,float,244,TRUE,TRUE,FALSE,FALSE,TRUE,TRUE,FALSE,FALSE,8937acbbe87ff127e6567f97e52c6a17dbe3ea7052a39a3b76abe25c8e7eeb13,31d3575e77d9d04b75880bca9e10dbd0e13e61d21795052921dd3f702d909dd7
candidate,2,8,1000000,int,FALSE,mixed_add,float,ordinary,2,605,0.169999999999999,0.169,5865d7f437b5487c8061f7274c6507b7ec0fc76362cd655e9259ebb78a28f057,6506614505e113daab08b3f894ca46d4d61867c7b007c413b47a669abe8aae67,0,,0,FALSE,FALSE,FALSE,FALSE,FALSE,FALSE,FALSE,FALSE,8937acbbe87ff127e6567f97e52c6a17dbe3ea7052a39a3b76abe25c8e7eeb13,31d3575e77d9d04b75880bca9e10dbd0e13e61d21795052921dd3f702d909dd7
candidate,2,8,1000000,int,FALSE,mixed_add,float,typed_double,3,469,0.164,0.164,5865d7f437b5487c8061f7274c6507b7ec0fc76362cd655e9259ebb78a28f057,6506614505e113daab08b3f894ca46d4d61867c7b007c413b47a669abe8aae67,0,double,469,FALSE,FALSE,FALSE,FALSE,FALSE,FALSE,FALSE,FALSE,8937acbbe87ff127e6567f97e52c6a17dbe3ea7052a39a3b76abe25c8e7eeb13,31d3575e77d9d04b75880bca9e10dbd0e13e61d21795052921dd3f702d909dd7
candidate,2,9,1000000,int,FALSE,mixed_multiply,float,typed_double,1,447,0.148999999999999,0.148,74e198320fcef535d96d5240bf6315c7f048f937cff6728206c4dc3e49c71557,6506614505e113daab08b3f894ca46d4d61867c7b007c413b47a669abe8aae67,0,double,447,FALSE,FALSE,FALSE,FALSE,FALSE,FALSE,FALSE,FALSE,8937acbbe87ff127e6567f97e52c6a17dbe3ea7052a39a3b76abe25c8e7eeb13,31d3575e77d9d04b75880bca9e10dbd0e13e61d21795052921dd3f702d909dd7
candidate,2,9,1000000,int,FALSE,mixed_multiply,float,compact,2,244,0.149999999999999,0.151,74e198320fcef535d96d5240bf6315c7f048f937cff6728206c4dc3e49c71557,6506614505e113daab08b3f894ca46d4d61867c7b007c413b47a669abe8aae67,0,float,244,TRUE,TRUE,FALSE,FALSE,TRUE,TRUE,FALSE,FALSE,8937acbbe87ff127e6567f97e52c6a17dbe3ea7052a39a3b76abe25c8e7eeb13,31d3575e77d9d04b75880bca9e10dbd0e13e61d21795052921dd3f702d909dd7
candidate,2,9,1000000,int,FALSE,mixed_multiply,float,ordinary,3,586,0.15,0.15,74e198320fcef535d96d5240bf6315c7f048f937cff6728206c4dc3e49c71557,6506614505e113daab08b3f894ca46d4d61867c7b007c413b47a669abe8aae67,0,,0,FALSE,FALSE,FALSE,FALSE,FALSE,FALSE,FALSE,FALSE,8937acbbe87ff127e6567f97e52c6a17dbe3ea7052a39a3b76abe25c8e7eeb13,31d3575e77d9d04b75880bca9e10dbd0e13e61d21795052921dd3f702d909dd7
candidate,2,10,1000000,int,TRUE,scale_binary,double,ordinary,1,625,0.166,0.166,b10ddc1e7177ef92cdb14943c3981218bcd426a31f9c7d156ed4dbd4ea86c948,256764253c19afe4b22c7738fb2f83098a03d4dbde3db39ee8c24b205a95942a,1003,,0,FALSE,FALSE,FALSE,FALSE,FALSE,FALSE,FALSE,FALSE,5af7169f9d20a77a6f06236647a66be1493d6e155163c245a466bda43242d0e7,6a2baa27cd05157233063b825243be4bdf1a2dbc88db2a6cdfd0b2527b28716b
candidate,2,10,1000000,int,TRUE,scale_binary,double,typed_double,2,552,0.165000000000001,0.164999999999999,406aa86104df9ebd1e49e25bbc9266cbc0cc152fd09e7d28efa1e3b9f07c7f98,256764253c19afe4b22c7738fb2f83098a03d4dbde3db39ee8c24b205a95942a,1003,double,552,FALSE,FALSE,FALSE,FALSE,FALSE,FALSE,FALSE,FALSE,5af7169f9d20a77a6f06236647a66be1493d6e155163c245a466bda43242d0e7,6a2baa27cd05157233063b825243be4bdf1a2dbc88db2a6cdfd0b2527b28716b
candidate,2,10,1000000,int,TRUE,scale_binary,double,compact,3,605,0.146000000000001,0.146000000000001,406aa86104df9ebd1e49e25bbc9266cbc0cc152fd09e7d28efa1e3b9f07c7f98,256764253c19afe4b22c7738fb2f83098a03d4dbde3db39ee8c24b205a95942a,1003,int,605,TRUE,TRUE,FALSE,FALSE,FALSE,FALSE,FALSE,FALSE,5af7169f9d20a77a6f06236647a66be1493d6e155163c245a466bda43242d0e7,6a2baa27cd05157233063b825243be4bdf1a2dbc88db2a6cdfd0b2527b28716b
candidate,2,11,1000000,int,TRUE,scale_general,double,compact,1,521,0.151,0.151,38447e334649e5d7eda33f0001bed517c428980c028a15d2e1699be9ef65cf3a,256764253c19afe4b22c7738fb2f83098a03d4dbde3db39ee8c24b205a95942a,1003,float,521,TRUE,TRUE,FALSE,FALSE,FALSE,FALSE,FALSE,FALSE,5af7169f9d20a77a6f06236647a66be1493d6e155163c245a466bda43242d0e7,6a2baa27cd05157233063b825243be4bdf1a2dbc88db2a6cdfd0b2527b28716b
candidate,2,11,1000000,int,TRUE,scale_general,double,ordinary,2,625,0.168000000000002,0.167000000000002,ea5220c4891c83ca4d6c555d28f6502adbaf6141ce7d6cf4825e9d27d0d51944,256764253c19afe4b22c7738fb2f83098a03d4dbde3db39ee8c24b205a95942a,1003,,0,FALSE,FALSE,FALSE,FALSE,FALSE,FALSE,FALSE,FALSE,5af7169f9d20a77a6f06236647a66be1493d6e155163c245a466bda43242d0e7,6a2baa27cd05157233063b825243be4bdf1a2dbc88db2a6cdfd0b2527b28716b
candidate,2,11,1000000,int,TRUE,scale_general,double,typed_double,3,552,0.167000000000002,0.166,69569d7d3b174986a7ae48d2c2f67dcea32be4e102725873e2cfa7cf5e4f9d02,256764253c19afe4b22c7738fb2f83098a03d4dbde3db39ee8c24b205a95942a,1003,double,552,FALSE,FALSE,FALSE,FALSE,FALSE,FALSE,FALSE,FALSE,5af7169f9d20a77a6f06236647a66be1493d6e155163c245a466bda43242d0e7,6a2baa27cd05157233063b825243be4bdf1a2dbc88db2a6cdfd0b2527b28716b
candidate,2,12,1000000,int,TRUE,pair_compact_double,double,typed_double,1,481,0.152000000000001,0.152000000000001,087fb12a32e314d333c4287225113c3c6e3a135a9c18c162b3b5753b80f4350c,d842a810a046337b5363ff7dafdaa01aa4553912ce2afa4ee95c617158d8e0e7,2011,double,481,FALSE,FALSE,FALSE,FALSE,FALSE,FALSE,FALSE,FALSE,5af7169f9d20a77a6f06236647a66be1493d6e155163c245a466bda43242d0e7,6a2baa27cd05157233063b825243be4bdf1a2dbc88db2a6cdfd0b2527b28716b
candidate,2,12,1000000,int,TRUE,pair_compact_double,double,compact,2,368,0.164999999999999,0.164999999999999,087fb12a32e314d333c4287225113c3c6e3a135a9c18c162b3b5753b80f4350c,d842a810a046337b5363ff7dafdaa01aa4553912ce2afa4ee95c617158d8e0e7,2011,double,368,TRUE,TRUE,FALSE,FALSE,FALSE,FALSE,FALSE,FALSE,5af7169f9d20a77a6f06236647a66be1493d6e155163c245a466bda43242d0e7,6a2baa27cd05157233063b825243be4bdf1a2dbc88db2a6cdfd0b2527b28716b
candidate,2,12,1000000,int,TRUE,pair_compact_double,double,ordinary,3,605,0.16,0.16,ea5ac2e3896755c3d5082b83561d8673bb4f0147a7690b804a8d74cecbeda4c1,d842a810a046337b5363ff7dafdaa01aa4553912ce2afa4ee95c617158d8e0e7,2011,,0,FALSE,FALSE,FALSE,FALSE,FALSE,FALSE,FALSE,FALSE,5af7169f9d20a77a6f06236647a66be1493d6e155163c245a466bda43242d0e7,6a2baa27cd05157233063b825243be4bdf1a2dbc88db2a6cdfd0b2527b28716b
candidate,2,13,1000000,int,TRUE,add_scalar,double,ordinary,1,417,0.100999999999999,0.0999999999999979,a05775d63d44cef2dc1fafd0012e87fb382790e3551020edeb65dba214805f6a,256764253c19afe4b22c7738fb2f83098a03d4dbde3db39ee8c24b205a95942a,1003,,0,FALSE,FALSE,FALSE,FALSE,FALSE,FALSE,FALSE,FALSE,5af7169f9d20a77a6f06236647a66be1493d6e155163c245a466bda43242d0e7,6a2baa27cd05157233063b825243be4bdf1a2dbc88db2a6cdfd0b2527b28716b
candidate,2,13,1000000,int,TRUE,add_scalar,double,typed_double,2,552,0.166,0.166999999999998,3c99edfd213a70ad9e7387e7d2693e7278b2f41d1da572a7c0f2c136c10a0f54,256764253c19afe4b22c7738fb2f83098a03d4dbde3db39ee8c24b205a95942a,1003,double,552,FALSE,FALSE,FALSE,FALSE,FALSE,FALSE,FALSE,FALSE,5af7169f9d20a77a6f06236647a66be1493d6e155163c245a466bda43242d0e7,6a2baa27cd05157233063b825243be4bdf1a2dbc88db2a6cdfd0b2527b28716b
candidate,2,13,1000000,int,TRUE,add_scalar,double,compact,3,494,0.141999999999999,0.143000000000001,9298ae1fd450cae2b62dc96ace3bab841bc59b30cfc46e1ecc19a5d300510c90,256764253c19afe4b22c7738fb2f83098a03d4dbde3db39ee8c24b205a95942a,1003,float,494,TRUE,TRUE,FALSE,FALSE,FALSE,FALSE,FALSE,FALSE,5af7169f9d20a77a6f06236647a66be1493d6e155163c245a466bda43242d0e7,6a2baa27cd05157233063b825243be4bdf1a2dbc88db2a6cdfd0b2527b28716b
candidate,2,14,1000000,int,TRUE,subtract_scalar,double,compact,1,521,0.152000000000001,0.151,d1a2fd6c5ab8d0e4a10c61dbb097a7ab3009923cb6ed72a793f42244b3f68ec6,256764253c19afe4b22c7738fb2f83098a03d4dbde3db39ee8c24b205a95942a,1003,float,521,TRUE,TRUE,FALSE,FALSE,FALSE,FALSE,FALSE,FALSE,5af7169f9d20a77a6f06236647a66be1493d6e155163c245a466bda43242d0e7,6a2baa27cd05157233063b825243be4bdf1a2dbc88db2a6cdfd0b2527b28716b
candidate,2,14,1000000,int,TRUE,subtract_scalar,double,ordinary,2,625,0.165999999999999,0.164999999999999,66c6c50fe1b9ab56178355238f6fb6b10837cc4c6935acaf14868f2895baa864,256764253c19afe4b22c7738fb2f83098a03d4dbde3db39ee8c24b205a95942a,1003,,0,FALSE,FALSE,FALSE,FALSE,FALSE,FALSE,FALSE,FALSE,5af7169f9d20a77a6f06236647a66be1493d6e155163c245a466bda43242d0e7,6a2baa27cd05157233063b825243be4bdf1a2dbc88db2a6cdfd0b2527b28716b
candidate,2,14,1000000,int,TRUE,subtract_scalar,double,typed_double,3,569,0.152000000000001,0.152000000000001,0834dd898be45a06c2b25b69b1eaac5c18492a3f92f29fe34d2ee1bca21c6c24,256764253c19afe4b22c7738fb2f83098a03d4dbde3db39ee8c24b205a95942a,1003,double,569,FALSE,FALSE,FALSE,FALSE,FALSE,FALSE,FALSE,FALSE,5af7169f9d20a77a6f06236647a66be1493d6e155163c245a466bda43242d0e7,6a2baa27cd05157233063b825243be4bdf1a2dbc88db2a6cdfd0b2527b28716b
candidate,2,15,1000000,int,TRUE,reverse_subtract,double,typed_double,1,569,0.166999999999998,0.167999999999999,7772556aaab7540c9cbc83fbef93b5ce837a74b5f0bfbf9f4d7e1d6c2f9d6aca,256764253c19afe4b22c7738fb2f83098a03d4dbde3db39ee8c24b205a95942a,1003,double,569,FALSE,FALSE,FALSE,FALSE,FALSE,FALSE,FALSE,FALSE,5af7169f9d20a77a6f06236647a66be1493d6e155163c245a466bda43242d0e7,6a2baa27cd05157233063b825243be4bdf1a2dbc88db2a6cdfd0b2527b28716b
candidate,2,15,1000000,int,TRUE,reverse_subtract,double,compact,2,521,0.149999999999999,0.150000000000002,ce55a919f3651ad54050585ceac6df58ade9a7234536c53b2e30cf24dc97456a,256764253c19afe4b22c7738fb2f83098a03d4dbde3db39ee8c24b205a95942a,1003,float,521,TRUE,TRUE,FALSE,FALSE,FALSE,FALSE,FALSE,FALSE,5af7169f9d20a77a6f06236647a66be1493d6e155163c245a466bda43242d0e7,6a2baa27cd05157233063b825243be4bdf1a2dbc88db2a6cdfd0b2527b28716b
candidate,2,15,1000000,int,TRUE,reverse_subtract,double,ordinary,3,647,0.155999999999999,0.155999999999999,eeadc1ac8a182c5e9ac0af8ed545484b93cc60cd2781d423e67e76b038bbb02f,256764253c19afe4b22c7738fb2f83098a03d4dbde3db39ee8c24b205a95942a,1003,,0,FALSE,FALSE,FALSE,FALSE,FALSE,FALSE,FALSE,FALSE,5af7169f9d20a77a6f06236647a66be1493d6e155163c245a466bda43242d0e7,6a2baa27cd05157233063b825243be4bdf1a2dbc88db2a6cdfd0b2527b28716b
candidate,2,16,1000000,int,TRUE,reverse_divide,double,ordinary,1,647,0.170999999999998,0.170999999999999,5919a3b9c611a609b75579ae435ea59e6a6602e36aae9ea52a62df3f56ed00e9,256764253c19afe4b22c7738fb2f83098a03d4dbde3db39ee8c24b205a95942a,1003,,0,FALSE,FALSE,FALSE,FALSE,FALSE,FALSE,FALSE,FALSE,5af7169f9d20a77a6f06236647a66be1493d6e155163c245a466bda43242d0e7,6a2baa27cd05157233063b825243be4bdf1a2dbc88db2a6cdfd0b2527b28716b
candidate,2,16,1000000,int,TRUE,reverse_divide,double,typed_double,2,521,0.149999999999999,0.151,46c9fedb1b90dde4d28d485b133b143f17d4c7ef7b2ba3baae533c5a3d0656ea,e18be1b0e89b4a0c64a4b1d8acff45284e54d26e14e2d4cbb5f3b282ba9e2bbf,1103,double,521,FALSE,FALSE,FALSE,FALSE,FALSE,FALSE,FALSE,FALSE,5af7169f9d20a77a6f06236647a66be1493d6e155163c245a466bda43242d0e7,6a2baa27cd05157233063b825243be4bdf1a2dbc88db2a6cdfd0b2527b28716b
candidate,2,16,1000000,int,TRUE,reverse_divide,double,compact,3,226,0.148,0.149000000000001,8e2880166f67afb3324288a562f812ea1ac87aa63f348f9c4373df1017394a64,e18be1b0e89b4a0c64a4b1d8acff45284e54d26e14e2d4cbb5f3b282ba9e2bbf,1103,float,226,TRUE,TRUE,FALSE,FALSE,FALSE,FALSE,FALSE,FALSE,5af7169f9d20a77a6f06236647a66be1493d6e155163c245a466bda43242d0e7,6a2baa27cd05157233063b825243be4bdf1a2dbc88db2a6cdfd0b2527b28716b
candidate,2,17,1000000,int,TRUE,mixed_add,float,compact,1,174,0.149999999999999,0.149999999999999,087fb12a32e314d333c4287225113c3c6e3a135a9c18c162b3b5753b80f4350c,d842a810a046337b5363ff7dafdaa01aa4553912ce2afa4ee95c617158d8e0e7,2011,float,174,TRUE,TRUE,FALSE,FALSE,TRUE,TRUE,FALSE,FALSE,5af7169f9d20a77a6f06236647a66be1493d6e155163c245a466bda43242d0e7,6a2baa27cd05157233063b825243be4bdf1a2dbc88db2a6cdfd0b2527b28716b
candidate,2,17,1000000,int,TRUE,mixed_add,float,ordinary,2,586,0.168000000000002,0.166999999999998,ea5ac2e3896755c3d5082b83561d8673bb4f0147a7690b804a8d74cecbeda4c1,d842a810a046337b5363ff7dafdaa01aa4553912ce2afa4ee95c617158d8e0e7,2011,,0,FALSE,FALSE,FALSE,FALSE,FALSE,FALSE,FALSE,FALSE,5af7169f9d20a77a6f06236647a66be1493d6e155163c245a466bda43242d0e7,6a2baa27cd05157233063b825243be4bdf1a2dbc88db2a6cdfd0b2527b28716b
candidate,2,17,1000000,int,TRUE,mixed_add,float,typed_double,3,469,0.164000000000001,0.164999999999999,087fb12a32e314d333c4287225113c3c6e3a135a9c18c162b3b5753b80f4350c,d842a810a046337b5363ff7dafdaa01aa4553912ce2afa4ee95c617158d8e0e7,2011,double,469,FALSE,FALSE,FALSE,FALSE,FALSE,FALSE,FALSE,FALSE,5af7169f9d20a77a6f06236647a66be1493d6e155163c245a466bda43242d0e7,6a2baa27cd05157233063b825243be4bdf1a2dbc88db2a6cdfd0b2527b28716b
candidate,2,18,1000000,int,TRUE,mixed_multiply,float,typed_double,1,481,0.148,0.148999999999997,567cb444c88381ecb7601b5374668c9d2a719ee733326a0fd33b4e0cf98f607d,d842a810a046337b5363ff7dafdaa01aa4553912ce2afa4ee95c617158d8e0e7,2011,double,481,FALSE,FALSE,FALSE,FALSE,FALSE,FALSE,FALSE,FALSE,5af7169f9d20a77a6f06236647a66be1493d6e155163c245a466bda43242d0e7,6a2baa27cd05157233063b825243be4bdf1a2dbc88db2a6cdfd0b2527b28716b
candidate,2,18,1000000,int,TRUE,mixed_multiply,float,compact,2,174,0.152,0.151,567cb444c88381ecb7601b5374668c9d2a719ee733326a0fd33b4e0cf98f607d,d842a810a046337b5363ff7dafdaa01aa4553912ce2afa4ee95c617158d8e0e7,2011,float,174,TRUE,TRUE,FALSE,FALSE,TRUE,TRUE,FALSE,FALSE,5af7169f9d20a77a6f06236647a66be1493d6e155163c245a466bda43242d0e7,6a2baa27cd05157233063b825243be4bdf1a2dbc88db2a6cdfd0b2527b28716b
candidate,2,18,1000000,int,TRUE,mixed_multiply,float,ordinary,3,586,0.166,0.164999999999999,4e15a12f73c542a9193d69c8d13f89eb8b7adf975c41c2fdf2ef19e40aa99344,d842a810a046337b5363ff7dafdaa01aa4553912ce2afa4ee95c617158d8e0e7,2011,,0,FALSE,FALSE,FALSE,FALSE,FALSE,FALSE,FALSE,FALSE,5af7169f9d20a77a6f06236647a66be1493d6e155163c245a466bda43242d0e7,6a2baa27cd05157233063b825243be4bdf1a2dbc88db2a6cdfd0b2527b28716b
candidate,2,19,1000000,float,FALSE,scale_binary,double,ordinary,1,626,0.17,0.169,5e4cb543f32269b2c2218b394ad1c41d44f6b32b3f8be7d200655b3b7d11f177,6506614505e113daab08b3f894ca46d4d61867c7b007c413b47a669abe8aae67,0,,0,FALSE,FALSE,FALSE,FALSE,FALSE,FALSE,FALSE,FALSE,7f1c1a27229f7a699fa85ff90b5be1266497c462407b39b11f6d94015af8e8ad,31d3575e77d9d04b75880bca9e10dbd0e13e61d21795052921dd3f702d909dd7
candidate,2,19,1000000,float,FALSE,scale_binary,double,typed_double,2,552,0.149999999999999,0.149999999999999,5e4cb543f32269b2c2218b394ad1c41d44f6b32b3f8be7d200655b3b7d11f177,6506614505e113daab08b3f894ca46d4d61867c7b007c413b47a669abe8aae67,0,double,552,FALSE,FALSE,FALSE,FALSE,FALSE,FALSE,FALSE,FALSE,7f1c1a27229f7a699fa85ff90b5be1266497c462407b39b11f6d94015af8e8ad,31d3575e77d9d04b75880bca9e10dbd0e13e61d21795052921dd3f702d909dd7
candidate,2,19,1000000,float,FALSE,scale_binary,double,compact,3,458,0.150000000000001,0.150000000000002,5e4cb543f32269b2c2218b394ad1c41d44f6b32b3f8be7d200655b3b7d11f177,6506614505e113daab08b3f894ca46d4d61867c7b007c413b47a669abe8aae67,0,float,458,TRUE,TRUE,FALSE,FALSE,FALSE,FALSE,FALSE,FALSE,7f1c1a27229f7a699fa85ff90b5be1266497c462407b39b11f6d94015af8e8ad,31d3575e77d9d04b75880bca9e10dbd0e13e61d21795052921dd3f702d909dd7
candidate,2,20,1000000,float,FALSE,scale_general,double,compact,1,348,0.145,0.145,72cc5cf98cf5a5166668db2e8420adb3bc862ec1b003fbdd7aeb0a9746f22870,6506614505e113daab08b3f894ca46d4d61867c7b007c413b47a669abe8aae67,0,float,348,TRUE,TRUE,FALSE,FALSE,FALSE,FALSE,FALSE,FALSE,7f1c1a27229f7a699fa85ff90b5be1266497c462407b39b11f6d94015af8e8ad,31d3575e77d9d04b75880bca9e10dbd0e13e61d21795052921dd3f702d909dd7
candidate,2,20,1000000,float,FALSE,scale_general,double,ordinary,2,625,0.167999999999999,0.167000000000002,f26b519d09797e4f4941392e4b52f307c71832f0aaad54da617e9078fe055e1c,6506614505e113daab08b3f894ca46d4d61867c7b007c413b47a669abe8aae67,0,,0,FALSE,FALSE,FALSE,FALSE,FALSE,FALSE,FALSE,FALSE,7f1c1a27229f7a699fa85ff90b5be1266497c462407b39b11f6d94015af8e8ad,31d3575e77d9d04b75880bca9e10dbd0e13e61d21795052921dd3f702d909dd7
candidate,2,20,1000000,float,FALSE,scale_general,double,typed_double,3,569,0.154000000000003,0.153999999999996,f26b519d09797e4f4941392e4b52f307c71832f0aaad54da617e9078fe055e1c,6506614505e113daab08b3f894ca46d4d61867c7b007c413b47a669abe8aae67,0,double,569,FALSE,FALSE,FALSE,FALSE,FALSE,FALSE,FALSE,FALSE,7f1c1a27229f7a699fa85ff90b5be1266497c462407b39b11f6d94015af8e8ad,31d3575e77d9d04b75880bca9e10dbd0e13e61d21795052921dd3f702d909dd7
candidate,2,21,1000000,float,FALSE,pair_compact_double,double,typed_double,1,481,0.167000000000002,0.167000000000002,d0adc5c3f77a8c464e25cdf403e40486acf05d6b089dad00367eb8620a0a608e,6506614505e113daab08b3f894ca46d4d61867c7b007c413b47a669abe8aae67,0,double,481,FALSE,FALSE,FALSE,FALSE,FALSE,FALSE,FALSE,FALSE,7f1c1a27229f7a699fa85ff90b5be1266497c462407b39b11f6d94015af8e8ad,31d3575e77d9d04b75880bca9e10dbd0e13e61d21795052921dd3f702d909dd7
candidate,2,21,1000000,float,FALSE,pair_compact_double,double,compact,2,481,0.152000000000001,0.152000000000001,d0adc5c3f77a8c464e25cdf403e40486acf05d6b089dad00367eb8620a0a608e,6506614505e113daab08b3f894ca46d4d61867c7b007c413b47a669abe8aae67,0,double,481,TRUE,TRUE,FALSE,FALSE,FALSE,FALSE,FALSE,FALSE,7f1c1a27229f7a699fa85ff90b5be1266497c462407b39b11f6d94015af8e8ad,31d3575e77d9d04b75880bca9e10dbd0e13e61d21795052921dd3f702d909dd7
candidate,2,21,1000000,float,FALSE,pair_compact_double,double,ordinary,3,605,0.167999999999999,0.167999999999999,d0adc5c3f77a8c464e25cdf403e40486acf05d6b089dad00367eb8620a0a608e,6506614505e113daab08b3f894ca46d4d61867c7b007c413b47a669abe8aae67,0,,0,FALSE,FALSE,FALSE,FALSE,FALSE,FALSE,FALSE,FALSE,7f1c1a27229f7a699fa85ff90b5be1266497c462407b39b11f6d94015af8e8ad,31d3575e77d9d04b75880bca9e10dbd0e13e61d21795052921dd3f702d909dd7
candidate,2,22,1000000,float,FALSE,add_scalar,double,ordinary,1,625,0.152000000000001,0.152000000000001,292e89d47e6240bb2914ef7ad37d7e757276712199771e9df56100a008a8cb8c,6506614505e113daab08b3f894ca46d4d61867c7b007c413b47a669abe8aae67,0,,0,FALSE,FALSE,FALSE,FALSE,FALSE,FALSE,FALSE,FALSE,7f1c1a27229f7a699fa85ff90b5be1266497c462407b39b11f6d94015af8e8ad,31d3575e77d9d04b75880bca9e10dbd0e13e61d21795052921dd3f702d909dd7
candidate,2,22,1000000,float,FALSE,add_scalar,double,typed_double,2,569,0.156000000000001,0.155000000000001,292e89d47e6240bb2914ef7ad37d7e757276712199771e9df56100a008a8cb8c,6506614505e113daab08b3f894ca46d4d61867c7b007c413b47a669abe8aae67,0,double,569,FALSE,FALSE,FALSE,FALSE,FALSE,FALSE,FALSE,FALSE,7f1c1a27229f7a699fa85ff90b5be1266497c462407b39b11f6d94015af8e8ad,31d3575e77d9d04b75880bca9e10dbd0e13e61d21795052921dd3f702d909dd7
candidate,2,22,1000000,float,FALSE,add_scalar,double,compact,3,361,0.149999999999999,0.150999999999996,6f4e6deefcbd4cb8847d97ac43d7047c827b45b8a7d41e59355544434442b07b,6506614505e113daab08b3f894ca46d4d61867c7b007c413b47a669abe8aae67,0,float,361,TRUE,TRUE,FALSE,FALSE,FALSE,FALSE,FALSE,FALSE,7f1c1a27229f7a699fa85ff90b5be1266497c462407b39b11f6d94015af8e8ad,31d3575e77d9d04b75880bca9e10dbd0e13e61d21795052921dd3f702d909dd7
candidate,2,23,1000000,float,FALSE,subtract_scalar,double,compact,1,354,0.146999999999998,0.146999999999998,73750801b993e37ef9c262c8c6c20433be5d4f8f21bfd0757cae3f70c74eda3f,6506614505e113daab08b3f894ca46d4d61867c7b007c413b47a669abe8aae67,0,float,354,TRUE,TRUE,FALSE,FALSE,FALSE,FALSE,FALSE,FALSE,7f1c1a27229f7a699fa85ff90b5be1266497c462407b39b11f6d94015af8e8ad,31d3575e77d9d04b75880bca9e10dbd0e13e61d21795052921dd3f702d909dd7
candidate,2,23,1000000,float,FALSE,subtract_scalar,double,ordinary,2,647,0.174,0.174,13a3239df0a7d9c4766e9cb1022fe126007afc38c9539ef233ed4bf785d961fa,6506614505e113daab08b3f894ca46d4d61867c7b007c413b47a669abe8aae67,0,,0,FALSE,FALSE,FALSE,FALSE,FALSE,FALSE,FALSE,FALSE,7f1c1a27229f7a699fa85ff90b5be1266497c462407b39b11f6d94015af8e8ad,31d3575e77d9d04b75880bca9e10dbd0e13e61d21795052921dd3f702d909dd7
candidate,2,23,1000000,float,FALSE,subtract_scalar,double,typed_double,3,569,0.153999999999996,0.153999999999996,13a3239df0a7d9c4766e9cb1022fe126007afc38c9539ef233ed4bf785d961fa,6506614505e113daab08b3f894ca46d4d61867c7b007c413b47a669abe8aae67,0,double,569,FALSE,FALSE,FALSE,FALSE,FALSE,FALSE,FALSE,FALSE,7f1c1a27229f7a699fa85ff90b5be1266497c462407b39b11f6d94015af8e8ad,31d3575e77d9d04b75880bca9e10dbd0e13e61d21795052921dd3f702d909dd7
candidate,2,24,1000000,float,FALSE,reverse_subtract,double,typed_double,1,552,0.162999999999997,0.163999999999994,391f82ff13066d79bb9813a2dd5b66c086c00b72de2d0e201e0f4f7b85274c2e,6506614505e113daab08b3f894ca46d4d61867c7b007c413b47a669abe8aae67,0,double,552,FALSE,FALSE,FALSE,FALSE,FALSE,FALSE,FALSE,FALSE,7f1c1a27229f7a699fa85ff90b5be1266497c462407b39b11f6d94015af8e8ad,31d3575e77d9d04b75880bca9e10dbd0e13e61d21795052921dd3f702d909dd7
candidate,2,24,1000000,float,FALSE,reverse_subtract,double,compact,2,361,0.149999999999999,0.149999999999999,8505db92c32dc0b74614f948c8784986a3d42738b9f7afa126ec04569b48eaee,6506614505e113daab08b3f894ca46d4d61867c7b007c413b47a669abe8aae67,0,float,361,TRUE,TRUE,FALSE,FALSE,FALSE,FALSE,FALSE,FALSE,7f1c1a27229f7a699fa85ff90b5be1266497c462407b39b11f6d94015af8e8ad,31d3575e77d9d04b75880bca9e10dbd0e13e61d21795052921dd3f702d909dd7
candidate,2,24,1000000,float,FALSE,reverse_subtract,double,ordinary,3,626,0.150999999999999,0.149999999999999,391f82ff13066d79bb9813a2dd5b66c086c00b72de2d0e201e0f4f7b85274c2e,6506614505e113daab08b3f894ca46d4d61867c7b007c413b47a669abe8aae67,0,,0,FALSE,FALSE,FALSE,FALSE,FALSE,FALSE,FALSE,FALSE,7f1c1a27229f7a699fa85ff90b5be1266497c462407b39b11f6d94015af8e8ad,31d3575e77d9d04b75880bca9e10dbd0e13e61d21795052921dd3f702d909dd7
candidate,2,25,1000000,float,FALSE,reverse_divide,double,ordinary,1,647,0.169000000000004,0.170000000000002,c250debf3d2a27908112bc09ce59d257ab86068363b108d2b491520e8193453e,6506614505e113daab08b3f894ca46d4d61867c7b007c413b47a669abe8aae67,0,,0,FALSE,FALSE,FALSE,FALSE,FALSE,FALSE,FALSE,FALSE,7f1c1a27229f7a699fa85ff90b5be1266497c462407b39b11f6d94015af8e8ad,31d3575e77d9d04b75880bca9e10dbd0e13e61d21795052921dd3f702d909dd7
candidate,2,25,1000000,float,FALSE,reverse_divide,double,typed_double,2,521,0.150000000000006,0.149999999999999,15a9dee60e7ad6b7bfec0a17ebb879c1d0b34de12d63f490ed9b30d95ad74ac9,8dca1eb700a45aaace59ea0c206000bfb6345887d8c82d9a5f1f6a86211aeab4,100,double,521,FALSE,FALSE,FALSE,FALSE,FALSE,FALSE,FALSE,FALSE,7f1c1a27229f7a699fa85ff90b5be1266497c462407b39b11f6d94015af8e8ad,31d3575e77d9d04b75880bca9e10dbd0e13e61d21795052921dd3f702d909dd7
candidate,2,25,1000000,float,FALSE,reverse_divide,double,compact,3,293,0.148999999999996,0.149000000000001,00373f8d5dc76e6b2961c6a8330b8894595f6e122b305a6913901d94ac47d968,8dca1eb700a45aaace59ea0c206000bfb6345887d8c82d9a5f1f6a86211aeab4,100,float,293,TRUE,TRUE,FALSE,FALSE,FALSE,FALSE,FALSE,FALSE,7f1c1a27229f7a699fa85ff90b5be1266497c462407b39b11f6d94015af8e8ad,31d3575e77d9d04b75880bca9e10dbd0e13e61d21795052921dd3f702d909dd7
candidate,2,26,1000000,float,TRUE,scale_binary,double,compact,1,469,0.151999999999994,0.152000000000001,c2d92a8e75010c0ddb80329b9ca6cc4898ca1d4543392f8c8382c3fbfeeb5b4b,256764253c19afe4b22c7738fb2f83098a03d4dbde3db39ee8c24b205a95942a,1003,float,469,TRUE,TRUE,FALSE,FALSE,FALSE,FALSE,FALSE,FALSE,ee8f1f1d17d164fc3d811ad86cc889d11c328f41d3cd55762069bc2161e48c9f,6a2baa27cd05157233063b825243be4bdf1a2dbc88db2a6cdfd0b2527b28716b
candidate,2,26,1000000,float,TRUE,scale_binary,double,ordinary,2,625,0.150999999999999,0.149000000000001,21fac45dcda0cbc0ba9e1f553d3be3fedd245b921d5e2e4497a8d64f1e038117,256764253c19afe4b22c7738fb2f83098a03d4dbde3db39ee8c24b205a95942a,1003,,0,FALSE,FALSE,FALSE,FALSE,FALSE,FALSE,FALSE,FALSE,ee8f1f1d17d164fc3d811ad86cc889d11c328f41d3cd55762069bc2161e48c9f,6a2baa27cd05157233063b825243be4bdf1a2dbc88db2a6cdfd0b2527b28716b
candidate,2,26,1000000,float,TRUE,scale_binary,double,typed_double,3,569,0.167000000000002,0.167000000000002,c2d92a8e75010c0ddb80329b9ca6cc4898ca1d4543392f8c8382c3fbfeeb5b4b,256764253c19afe4b22c7738fb2f83098a03d4dbde3db39ee8c24b205a95942a,1003,double,569,FALSE,FALSE,FALSE,FALSE,FALSE,FALSE,FALSE,FALSE,ee8f1f1d17d164fc3d811ad86cc889d11c328f41d3cd55762069bc2161e48c9f,6a2baa27cd05157233063b825243be4bdf1a2dbc88db2a6cdfd0b2527b28716b
candidate,2,27,1000000,float,TRUE,scale_general,double,typed_double,1,569,0.152000000000001,0.152999999999999,ea87b3dd63bfda18195aef508608398181a11f876a570f6017c0c100c3497f49,256764253c19afe4b22c7738fb2f83098a03d4dbde3db39ee8c24b205a95942a,1003,double,569,FALSE,FALSE,FALSE,FALSE,FALSE,FALSE,FALSE,FALSE,ee8f1f1d17d164fc3d811ad86cc889d11c328f41d3cd55762069bc2161e48c9f,6a2baa27cd05157233063b825243be4bdf1a2dbc88db2a6cdfd0b2527b28716b
candidate,2,27,1000000,float,TRUE,scale_general,double,compact,2,276,0.149000000000001,0.149000000000001,c58bc992720c328eca610e60f8c3f93d7d61df77946cf51b8626b0d8b78368ef,256764253c19afe4b22c7738fb2f83098a03d4dbde3db39ee8c24b205a95942a,1003,float,276,TRUE,TRUE,FALSE,FALSE,FALSE,FALSE,FALSE,FALSE,ee8f1f1d17d164fc3d811ad86cc889d11c328f41d3cd55762069bc2161e48c9f,6a2baa27cd05157233063b825243be4bdf1a2dbc88db2a6cdfd0b2527b28716b
candidate,2,27,1000000,float,TRUE,scale_general,double,ordinary,3,625,0.164999999999994,0.163000000000004,8100d028390097d4a98b44ea0ff4cb617c6204331b80e5c7870832582030541c,256764253c19afe4b22c7738fb2f83098a03d4dbde3db39ee8c24b205a95942a,1003,,0,FALSE,FALSE,FALSE,FALSE,FALSE,FALSE,FALSE,FALSE,ee8f1f1d17d164fc3d811ad86cc889d11c328f41d3cd55762069bc2161e48c9f,6a2baa27cd05157233063b825243be4bdf1a2dbc88db2a6cdfd0b2527b28716b
candidate,2,28,1000000,float,TRUE,pair_compact_double,double,ordinary,1,605,0.151999999999994,0.152000000000001,d8927aedee8fcfee16a2d8b73448110e471dbaa24a570b3a223eaaa8fa336e58,d842a810a046337b5363ff7dafdaa01aa4553912ce2afa4ee95c617158d8e0e7,2011,,0,FALSE,FALSE,FALSE,FALSE,FALSE,FALSE,FALSE,FALSE,ee8f1f1d17d164fc3d811ad86cc889d11c328f41d3cd55762069bc2161e48c9f,6a2baa27cd05157233063b825243be4bdf1a2dbc88db2a6cdfd0b2527b28716b
candidate,2,28,1000000,float,TRUE,pair_compact_double,double,typed_double,2,494,0.167999999999999,0.167999999999999,9778eddf855170d4c4702501b5240fa491a475187859f9e29c120edb42c46621,d842a810a046337b5363ff7dafdaa01aa4553912ce2afa4ee95c617158d8e0e7,2011,double,494,FALSE,FALSE,FALSE,FALSE,FALSE,FALSE,FALSE,FALSE,ee8f1f1d17d164fc3d811ad86cc889d11c328f41d3cd55762069bc2161e48c9f,6a2baa27cd05157233063b825243be4bdf1a2dbc88db2a6cdfd0b2527b28716b
candidate,2,28,1000000,float,TRUE,pair_compact_double,double,compact,3,329,0.155000000000003,0.154000000000003,9778eddf855170d4c4702501b5240fa491a475187859f9e29c120edb42c46621,d842a810a046337b5363ff7dafdaa01aa4553912ce2afa4ee95c617158d8e0e7,2011,double,329,TRUE,TRUE,FALSE,FALSE,FALSE,FALSE,FALSE,FALSE,ee8f1f1d17d164fc3d811ad86cc889d11c328f41d3cd55762069bc2161e48c9f,6a2baa27cd05157233063b825243be4bdf1a2dbc88db2a6cdfd0b2527b28716b
candidate,2,29,1000000,float,TRUE,add_scalar,double,compact,1,276,0.149000000000001,0.149999999999999,9c2be51cd37c2d7977f794fada049c7c9ccc4011c9f81b26e042008f01cdd93e,256764253c19afe4b22c7738fb2f83098a03d4dbde3db39ee8c24b205a95942a,1003,float,276,TRUE,TRUE,FALSE,FALSE,FALSE,FALSE,FALSE,FALSE,ee8f1f1d17d164fc3d811ad86cc889d11c328f41d3cd55762069bc2161e48c9f,6a2baa27cd05157233063b825243be4bdf1a2dbc88db2a6cdfd0b2527b28716b
candidate,2,29,1000000,float,TRUE,add_scalar,double,ordinary,2,626,0.152999999999999,0.152999999999999,eea8177113c0d60b0ac4b300317d7673334b9c1e86f37a3c57e9519b022f9d21,256764253c19afe4b22c7738fb2f83098a03d4dbde3db39ee8c24b205a95942a,1003,,0,FALSE,FALSE,FALSE,FALSE,FALSE,FALSE,FALSE,FALSE,ee8f1f1d17d164fc3d811ad86cc889d11c328f41d3cd55762069bc2161e48c9f,6a2baa27cd05157233063b825243be4bdf1a2dbc88db2a6cdfd0b2527b28716b
candidate,2,29,1000000,float,TRUE,add_scalar,double,typed_double,3,569,0.162000000000001,0.161999999999999,c79c2ec291260c6f8d03c327d90d493416937a3f3bc9b85742b51e17a8fb7647,256764253c19afe4b22c7738fb2f83098a03d4dbde3db39ee8c24b205a95942a,1003,double,569,FALSE,FALSE,FALSE,FALSE,FALSE,FALSE,FALSE,FALSE,ee8f1f1d17d164fc3d811ad86cc889d11c328f41d3cd55762069bc2161e48c9f,6a2baa27cd05157233063b825243be4bdf1a2dbc88db2a6cdfd0b2527b28716b
candidate,2,30,1000000,float,TRUE,subtract_scalar,double,typed_double,1,552,0.167000000000004,0.165999999999997,5dbef6a14bd33ea02b60ee3c940050585fc891f61a49d29253c64524c4390951,256764253c19afe4b22c7738fb2f83098a03d4dbde3db39ee8c24b205a95942a,1003,double,552,FALSE,FALSE,FALSE,FALSE,FALSE,FALSE,FALSE,FALSE,ee8f1f1d17d164fc3d811ad86cc889d11c328f41d3cd55762069bc2161e48c9f,6a2baa27cd05157233063b825243be4bdf1a2dbc88db2a6cdfd0b2527b28716b
candidate,2,30,1000000,float,TRUE,subtract_scalar,double,compact,2,276,0.155999999999999,0.155999999999999,7125e60e6e7d4c92d9ed561efe37cfccac1593072e770a4f8d2a58f04113d3ae,256764253c19afe4b22c7738fb2f83098a03d4dbde3db39ee8c24b205a95942a,1003,float,276,TRUE,TRUE,FALSE,FALSE,FALSE,FALSE,FALSE,FALSE,ee8f1f1d17d164fc3d811ad86cc889d11c328f41d3cd55762069bc2161e48c9f,6a2baa27cd05157233063b825243be4bdf1a2dbc88db2a6cdfd0b2527b28716b
candidate,2,30,1000000,float,TRUE,subtract_scalar,double,ordinary,3,625,0.167000000000002,0.167999999999999,6c2a6fd31fe3ea0da9f40037c0de77776efc81cd73d193a8ace88fee2b5b635c,256764253c19afe4b22c7738fb2f83098a03d4dbde3db39ee8c24b205a95942a,1003,,0,FALSE,FALSE,FALSE,FALSE,FALSE,FALSE,FALSE,FALSE,ee8f1f1d17d164fc3d811ad86cc889d11c328f41d3cd55762069bc2161e48c9f,6a2baa27cd05157233063b825243be4bdf1a2dbc88db2a6cdfd0b2527b28716b
candidate,2,31,1000000,float,TRUE,reverse_subtract,double,ordinary,1,605,0.162999999999997,0.162999999999997,96030f5d24b08e1ab9b8a2ffa4e31e33a89cd6cbabe88555e164d01758947f47,256764253c19afe4b22c7738fb2f83098a03d4dbde3db39ee8c24b205a95942a,1003,,0,FALSE,FALSE,FALSE,FALSE,FALSE,FALSE,FALSE,FALSE,ee8f1f1d17d164fc3d811ad86cc889d11c328f41d3cd55762069bc2161e48c9f,6a2baa27cd05157233063b825243be4bdf1a2dbc88db2a6cdfd0b2527b28716b
candidate,2,31,1000000,float,TRUE,reverse_subtract,double,typed_double,2,507,0.140000000000001,0.140000000000001,e3656220b598004f8cce68737d35a090279632fb58c8ef4b30d6940c65beb9cb,256764253c19afe4b22c7738fb2f83098a03d4dbde3db39ee8c24b205a95942a,1003,double,507,FALSE,FALSE,FALSE,FALSE,FALSE,FALSE,FALSE,FALSE,ee8f1f1d17d164fc3d811ad86cc889d11c328f41d3cd55762069bc2161e48c9f,6a2baa27cd05157233063b825243be4bdf1a2dbc88db2a6cdfd0b2527b28716b
candidate,2,31,1000000,float,TRUE,reverse_subtract,double,compact,3,232,0.125999999999998,0.125999999999998,dad17b9a33695dc668a39e44c085af08afb1a2c7d0c49d2f0b645e18b67308a7,256764253c19afe4b22c7738fb2f83098a03d4dbde3db39ee8c24b205a95942a,1003,float,232,TRUE,TRUE,FALSE,FALSE,FALSE,FALSE,FALSE,FALSE,ee8f1f1d17d164fc3d811ad86cc889d11c328f41d3cd55762069bc2161e48c9f,6a2baa27cd05157233063b825243be4bdf1a2dbc88db2a6cdfd0b2527b28716b
candidate,2,32,1000000,float,TRUE,reverse_divide,double,compact,1,211,0.149000000000001,0.149000000000001,fd1eff5142c284b6c07eab1dafc2d8ac526155178019f828b5505195b8837d7f,e18be1b0e89b4a0c64a4b1d8acff45284e54d26e14e2d4cbb5f3b282ba9e2bbf,1103,float,211,TRUE,TRUE,FALSE,FALSE,FALSE,FALSE,FALSE,FALSE,ee8f1f1d17d164fc3d811ad86cc889d11c328f41d3cd55762069bc2161e48c9f,6a2baa27cd05157233063b825243be4bdf1a2dbc88db2a6cdfd0b2527b28716b
candidate,2,32,1000000,float,TRUE,reverse_divide,double,ordinary,2,625,0.166999999999994,0.167000000000002,53731942d799d1e23d351c412d455100c092173e72bb3ad15061a952b94a6c1e,256764253c19afe4b22c7738fb2f83098a03d4dbde3db39ee8c24b205a95942a,1003,,0,FALSE,FALSE,FALSE,FALSE,FALSE,FALSE,FALSE,FALSE,ee8f1f1d17d164fc3d811ad86cc889d11c328f41d3cd55762069bc2161e48c9f,6a2baa27cd05157233063b825243be4bdf1a2dbc88db2a6cdfd0b2527b28716b
candidate,2,32,1000000,float,TRUE,reverse_divide,double,typed_double,3,521,0.151000000000003,0.150999999999996,27389f6d40427639c8a912484d0249b1c9fab719ac17ee977d76419105918595,e18be1b0e89b4a0c64a4b1d8acff45284e54d26e14e2d4cbb5f3b282ba9e2bbf,1103,double,521,FALSE,FALSE,FALSE,FALSE,FALSE,FALSE,FALSE,FALSE,ee8f1f1d17d164fc3d811ad86cc889d11c328f41d3cd55762069bc2161e48c9f,6a2baa27cd05157233063b825243be4bdf1a2dbc88db2a6cdfd0b2527b28716b
candidate,2,33,1000000,long,FALSE,long_float_add,float,typed_double,1,481,0.149999999999999,0.149999999999999,5865d7f437b5487c8061f7274c6507b7ec0fc76362cd655e9259ebb78a28f057,6506614505e113daab08b3f894ca46d4d61867c7b007c413b47a669abe8aae67,0,double,481,FALSE,FALSE,FALSE,FALSE,FALSE,FALSE,FALSE,FALSE,8937acbbe87ff127e6567f97e52c6a17dbe3ea7052a39a3b76abe25c8e7eeb13,31d3575e77d9d04b75880bca9e10dbd0e13e61d21795052921dd3f702d909dd7
candidate,2,33,1000000,long,FALSE,long_float_add,float,compact,2,361,0.165999999999997,0.166999999999994,5865d7f437b5487c8061f7274c6507b7ec0fc76362cd655e9259ebb78a28f057,6506614505e113daab08b3f894ca46d4d61867c7b007c413b47a669abe8aae67,0,double,361,TRUE,TRUE,FALSE,FALSE,TRUE,TRUE,FALSE,FALSE,8937acbbe87ff127e6567f97e52c6a17dbe3ea7052a39a3b76abe25c8e7eeb13,31d3575e77d9d04b75880bca9e10dbd0e13e61d21795052921dd3f702d909dd7
candidate,2,33,1000000,long,FALSE,long_float_add,float,ordinary,3,605,0.154999999999996,0.154999999999994,5865d7f437b5487c8061f7274c6507b7ec0fc76362cd655e9259ebb78a28f057,6506614505e113daab08b3f894ca46d4d61867c7b007c413b47a669abe8aae67,0,,0,FALSE,FALSE,FALSE,FALSE,FALSE,FALSE,FALSE,FALSE,8937acbbe87ff127e6567f97e52c6a17dbe3ea7052a39a3b76abe25c8e7eeb13,31d3575e77d9d04b75880bca9e10dbd0e13e61d21795052921dd3f702d909dd7
candidate,2,34,1000000,long,TRUE,long_float_add,float,ordinary,1,625,0.174999999999997,0.174999999999997,ea5ac2e3896755c3d5082b83561d8673bb4f0147a7690b804a8d74cecbeda4c1,d842a810a046337b5363ff7dafdaa01aa4553912ce2afa4ee95c617158d8e0e7,2011,,0,FALSE,FALSE,FALSE,FALSE,FALSE,FALSE,FALSE,FALSE,5af7169f9d20a77a6f06236647a66be1493d6e155163c245a466bda43242d0e7,6a2baa27cd05157233063b825243be4bdf1a2dbc88db2a6cdfd0b2527b28716b
candidate,2,34,1000000,long,TRUE,long_float_add,float,typed_double,2,494,0.153999999999999,0.154000000000003,087fb12a32e314d333c4287225113c3c6e3a135a9c18c162b3b5753b80f4350c,d842a810a046337b5363ff7dafdaa01aa4553912ce2afa4ee95c617158d8e0e7,2011,double,494,FALSE,FALSE,FALSE,FALSE,FALSE,FALSE,FALSE,FALSE,5af7169f9d20a77a6f06236647a66be1493d6e155163c245a466bda43242d0e7,6a2baa27cd05157233063b825243be4bdf1a2dbc88db2a6cdfd0b2527b28716b
candidate,2,34,1000000,long,TRUE,long_float_add,float,compact,3,265,0.153999999999999,0.155000000000001,087fb12a32e314d333c4287225113c3c6e3a135a9c18c162b3b5753b80f4350c,d842a810a046337b5363ff7dafdaa01aa4553912ce2afa4ee95c617158d8e0e7,2011,double,265,TRUE,TRUE,FALSE,FALSE,TRUE,TRUE,FALSE,FALSE,5af7169f9d20a77a6f06236647a66be1493d6e155163c245a466bda43242d0e7,6a2baa27cd05157233063b825243be4bdf1a2dbc88db2a6cdfd0b2527b28716b
baseline,2,1,1000000,int,FALSE,scale_binary,double,ordinary,1,383,0.137,0.137,43cbc5fa02580f73a834cffb43a5ba0a0f4d7303cec536a2e3c58f1f469eb824,6506614505e113daab08b3f894ca46d4d61867c7b007c413b47a669abe8aae67,0,,0,FALSE,FALSE,FALSE,FALSE,FALSE,FALSE,FALSE,FALSE,8937acbbe87ff127e6567f97e52c6a17dbe3ea7052a39a3b76abe25c8e7eeb13,31d3575e77d9d04b75880bca9e10dbd0e13e61d21795052921dd3f702d909dd7
baseline,2,1,1000000,int,FALSE,scale_binary,double,typed_double,2,375,0.103,0.104,43cbc5fa02580f73a834cffb43a5ba0a0f4d7303cec536a2e3c58f1f469eb824,6506614505e113daab08b3f894ca46d4d61867c7b007c413b47a669abe8aae67,0,double,375,FALSE,FALSE,FALSE,FALSE,FALSE,FALSE,FALSE,FALSE,8937acbbe87ff127e6567f97e52c6a17dbe3ea7052a39a3b76abe25c8e7eeb13,31d3575e77d9d04b75880bca9e10dbd0e13e61d21795052921dd3f702d909dd7
baseline,2,1,1000000,int,FALSE,scale_binary,double,compact,3,569,0.137,0.137,43cbc5fa02580f73a834cffb43a5ba0a0f4d7303cec536a2e3c58f1f469eb824,6506614505e113daab08b3f894ca46d4d61867c7b007c413b47a669abe8aae67,0,int,569,TRUE,TRUE,FALSE,FALSE,FALSE,FALSE,FALSE,FALSE,8937acbbe87ff127e6567f97e52c6a17dbe3ea7052a39a3b76abe25c8e7eeb13,31d3575e77d9d04b75880bca9e10dbd0e13e61d21795052921dd3f702d909dd7
baseline,2,2,1000000,int,FALSE,scale_general,double,compact,1,97,0.151,0.151,5b22560fab6c3b27f5e82592f7a486b943278dbe0e1d82a8c99735d3ee13430b,6506614505e113daab08b3f894ca46d4d61867c7b007c413b47a669abe8aae67,0,float,97,TRUE,TRUE,FALSE,FALSE,FALSE,FALSE,FALSE,FALSE,8937acbbe87ff127e6567f97e52c6a17dbe3ea7052a39a3b76abe25c8e7eeb13,31d3575e77d9d04b75880bca9e10dbd0e13e61d21795052921dd3f702d909dd7
baseline,2,2,1000000,int,FALSE,scale_general,double,ordinary,2,605,0.164,0.164,98c11364f9b15cf1e1696537d86d727f3e1efaa44f5b303a15ed033179b4e86a,6506614505e113daab08b3f894ca46d4d61867c7b007c413b47a669abe8aae67,0,,0,FALSE,FALSE,FALSE,FALSE,FALSE,FALSE,FALSE,FALSE,8937acbbe87ff127e6567f97e52c6a17dbe3ea7052a39a3b76abe25c8e7eeb13,31d3575e77d9d04b75880bca9e10dbd0e13e61d21795052921dd3f702d909dd7
baseline,2,2,1000000,int,FALSE,scale_general,double,typed_double,3,569,0.169,0.17,98c11364f9b15cf1e1696537d86d727f3e1efaa44f5b303a15ed033179b4e86a,6506614505e113daab08b3f894ca46d4d61867c7b007c413b47a669abe8aae67,0,double,569,FALSE,FALSE,FALSE,FALSE,FALSE,FALSE,FALSE,FALSE,8937acbbe87ff127e6567f97e52c6a17dbe3ea7052a39a3b76abe25c8e7eeb13,31d3575e77d9d04b75880bca9e10dbd0e13e61d21795052921dd3f702d909dd7
baseline,2,3,1000000,int,FALSE,pair_compact_double,double,typed_double,1,341,0.109,0.109,5865d7f437b5487c8061f7274c6507b7ec0fc76362cd655e9259ebb78a28f057,6506614505e113daab08b3f894ca46d4d61867c7b007c413b47a669abe8aae67,0,double,341,FALSE,FALSE,FALSE,FALSE,FALSE,FALSE,FALSE,FALSE,8937acbbe87ff127e6567f97e52c6a17dbe3ea7052a39a3b76abe25c8e7eeb13,31d3575e77d9d04b75880bca9e10dbd0e13e61d21795052921dd3f702d909dd7
baseline,2,3,1000000,int,FALSE,pair_compact_double,double,compact,2,108,0.148,0.148,5865d7f437b5487c8061f7274c6507b7ec0fc76362cd655e9259ebb78a28f057,6506614505e113daab08b3f894ca46d4d61867c7b007c413b47a669abe8aae67,0,double,108,TRUE,TRUE,FALSE,FALSE,FALSE,FALSE,FALSE,FALSE,8937acbbe87ff127e6567f97e52c6a17dbe3ea7052a39a3b76abe25c8e7eeb13,31d3575e77d9d04b75880bca9e10dbd0e13e61d21795052921dd3f702d909dd7
baseline,2,3,1000000,int,FALSE,pair_compact_double,double,ordinary,3,586,0.168,0.168,5865d7f437b5487c8061f7274c6507b7ec0fc76362cd655e9259ebb78a28f057,6506614505e113daab08b3f894ca46d4d61867c7b007c413b47a669abe8aae67,0,,0,FALSE,FALSE,FALSE,FALSE,FALSE,FALSE,FALSE,FALSE,8937acbbe87ff127e6567f97e52c6a17dbe3ea7052a39a3b76abe25c8e7eeb13,31d3575e77d9d04b75880bca9e10dbd0e13e61d21795052921dd3f702d909dd7
baseline,2,4,1000000,int,FALSE,add_scalar,double,ordinary,1,625,0.169,0.168,1439f7f16fb3a12c3e378be19f4f968bfd8ba0b13d49fd661b844b18b3b58d40,6506614505e113daab08b3f894ca46d4d61867c7b007c413b47a669abe8aae67,0,,0,FALSE,FALSE,FALSE,FALSE,FALSE,FALSE,FALSE,FALSE,8937acbbe87ff127e6567f97e52c6a17dbe3ea7052a39a3b76abe25c8e7eeb13,31d3575e77d9d04b75880bca9e10dbd0e13e61d21795052921dd3f702d909dd7
baseline,2,4,1000000,int,FALSE,add_scalar,double,typed_double,2,361,0.15,0.149,1439f7f16fb3a12c3e378be19f4f968bfd8ba0b13d49fd661b844b18b3b58d40,6506614505e113daab08b3f894ca46d4d61867c7b007c413b47a669abe8aae67,0,double,361,FALSE,FALSE,FALSE,FALSE,FALSE,FALSE,FALSE,FALSE,8937acbbe87ff127e6567f97e52c6a17dbe3ea7052a39a3b76abe25c8e7eeb13,31d3575e77d9d04b75880bca9e10dbd0e13e61d21795052921dd3f702d909dd7
baseline,2,4,1000000,int,FALSE,add_scalar,double,compact,3,32,0.153,0.153,c71ccca92de640a85316ddcd6d7a40e76d086d97708e3a6315956ca169418a51,6506614505e113daab08b3f894ca46d4d61867c7b007c413b47a669abe8aae67,0,float,32,TRUE,TRUE,FALSE,FALSE,FALSE,FALSE,FALSE,FALSE,8937acbbe87ff127e6567f97e52c6a17dbe3ea7052a39a3b76abe25c8e7eeb13,31d3575e77d9d04b75880bca9e10dbd0e13e61d21795052921dd3f702d909dd7
baseline,2,5,1000000,int,FALSE,subtract_scalar,double,compact,1,32,0.17,0.170999999999999,ac41a62f122b430ac56496c53bc2efc0f8e7b183de1fa7f57d32683c2f951555,6506614505e113daab08b3f894ca46d4d61867c7b007c413b47a669abe8aae67,0,float,32,TRUE,TRUE,FALSE,FALSE,FALSE,FALSE,FALSE,FALSE,8937acbbe87ff127e6567f97e52c6a17dbe3ea7052a39a3b76abe25c8e7eeb13,31d3575e77d9d04b75880bca9e10dbd0e13e61d21795052921dd3f702d909dd7
baseline,2,5,1000000,int,FALSE,subtract_scalar,double,ordinary,2,625,0.168,0.168000000000001,4d7fa72c39df54d095261c83239d5980d0a1ff94839d263f9a7dfea5049791fe,6506614505e113daab08b3f894ca46d4d61867c7b007c413b47a669abe8aae67,0,,0,FALSE,FALSE,FALSE,FALSE,FALSE,FALSE,FALSE,FALSE,8937acbbe87ff127e6567f97e52c6a17dbe3ea7052a39a3b76abe25c8e7eeb13,31d3575e77d9d04b75880bca9e10dbd0e13e61d21795052921dd3f702d909dd7
baseline,2,5,1000000,int,FALSE,subtract_scalar,double,typed_double,3,368,0.152999999999999,0.151999999999999,4d7fa72c39df54d095261c83239d5980d0a1ff94839d263f9a7dfea5049791fe,6506614505e113daab08b3f894ca46d4d61867c7b007c413b47a669abe8aae67,0,double,368,FALSE,FALSE,FALSE,FALSE,FALSE,FALSE,FALSE,FALSE,8937acbbe87ff127e6567f97e52c6a17dbe3ea7052a39a3b76abe25c8e7eeb13,31d3575e77d9d04b75880bca9e10dbd0e13e61d21795052921dd3f702d909dd7
baseline,2,6,1000000,int,FALSE,reverse_subtract,double,typed_double,1,361,0.165000000000001,0.164,c10b10b4e2f1f397fc6fe7eaa9e5b4584cc0a290911e13c8fea846c487bfa36d,6506614505e113daab08b3f894ca46d4d61867c7b007c413b47a669abe8aae67,0,double,361,FALSE,FALSE,FALSE,FALSE,FALSE,FALSE,FALSE,FALSE,8937acbbe87ff127e6567f97e52c6a17dbe3ea7052a39a3b76abe25c8e7eeb13,31d3575e77d9d04b75880bca9e10dbd0e13e61d21795052921dd3f702d909dd7
baseline,2,6,1000000,int,FALSE,reverse_subtract,double,compact,2,32,0.152000000000001,0.151,4e06bb9d84e68d2b3176d8d9d719b5bb97dc463a99c72430d73baf543d93b6fd,6506614505e113daab08b3f894ca46d4d61867c7b007c413b47a669abe8aae67,0,float,32,TRUE,TRUE,FALSE,FALSE,FALSE,FALSE,FALSE,FALSE,8937acbbe87ff127e6567f97e52c6a17dbe3ea7052a39a3b76abe25c8e7eeb13,31d3575e77d9d04b75880bca9e10dbd0e13e61d21795052921dd3f702d909dd7
baseline,2,6,1000000,int,FALSE,reverse_subtract,double,ordinary,3,625,0.168,0.168000000000001,c10b10b4e2f1f397fc6fe7eaa9e5b4584cc0a290911e13c8fea846c487bfa36d,6506614505e113daab08b3f894ca46d4d61867c7b007c413b47a669abe8aae67,0,,0,FALSE,FALSE,FALSE,FALSE,FALSE,FALSE,FALSE,FALSE,8937acbbe87ff127e6567f97e52c6a17dbe3ea7052a39a3b76abe25c8e7eeb13,31d3575e77d9d04b75880bca9e10dbd0e13e61d21795052921dd3f702d909dd7
baseline,2,7,1000000,int,FALSE,reverse_divide,double,ordinary,1,626,0.151999999999999,0.153,286e6f4fcb574961d21ee0ffc03c2d1c268671051cddf977b0eb1236cc5ce88a,6506614505e113daab08b3f894ca46d4d61867c7b007c413b47a669abe8aae67,0,,0,FALSE,FALSE,FALSE,FALSE,FALSE,FALSE,FALSE,FALSE,8937acbbe87ff127e6567f97e52c6a17dbe3ea7052a39a3b76abe25c8e7eeb13,31d3575e77d9d04b75880bca9e10dbd0e13e61d21795052921dd3f702d909dd7
baseline,2,7,1000000,int,FALSE,reverse_divide,double,typed_double,2,354,0.105,0.105,edabd46066f8ec30bbc81fe8d9a4c7ef506d3d9a77408a1b0c6a5be7df3e4721,8dca1eb700a45aaace59ea0c206000bfb6345887d8c82d9a5f1f6a86211aeab4,100,double,354,FALSE,FALSE,FALSE,FALSE,FALSE,FALSE,FALSE,FALSE,8937acbbe87ff127e6567f97e52c6a17dbe3ea7052a39a3b76abe25c8e7eeb13,31d3575e77d9d04b75880bca9e10dbd0e13e61d21795052921dd3f702d909dd7
baseline,2,7,1000000,int,FALSE,reverse_divide,double,compact,3,102,0.151,0.151999999999999,cbafe8b44fab1872729be2227cecddc875873c3653e6ebf01ce53e917fceee0e,8dca1eb700a45aaace59ea0c206000bfb6345887d8c82d9a5f1f6a86211aeab4,100,float,102,TRUE,TRUE,FALSE,FALSE,FALSE,FALSE,FALSE,FALSE,8937acbbe87ff127e6567f97e52c6a17dbe3ea7052a39a3b76abe25c8e7eeb13,31d3575e77d9d04b75880bca9e10dbd0e13e61d21795052921dd3f702d909dd7
baseline,2,8,1000000,int,FALSE,mixed_add,float,compact,1,82,0.151000000000002,0.151000000000002,5865d7f437b5487c8061f7274c6507b7ec0fc76362cd655e9259ebb78a28f057,6506614505e113daab08b3f894ca46d4d61867c7b007c413b47a669abe8aae67,0,float,82,TRUE,TRUE,FALSE,FALSE,TRUE,TRUE,FALSE,FALSE,8937acbbe87ff127e6567f97e52c6a17dbe3ea7052a39a3b76abe25c8e7eeb13,31d3575e77d9d04b75880bca9e10dbd0e13e61d21795052921dd3f702d909dd7
baseline,2,8,1000000,int,FALSE,mixed_add,float,ordinary,2,586,0.165999999999999,0.165999999999999,5865d7f437b5487c8061f7274c6507b7ec0fc76362cd655e9259ebb78a28f057,6506614505e113daab08b3f894ca46d4d61867c7b007c413b47a669abe8aae67,0,,0,FALSE,FALSE,FALSE,FALSE,FALSE,FALSE,FALSE,FALSE,8937acbbe87ff127e6567f97e52c6a17dbe3ea7052a39a3b76abe25c8e7eeb13,31d3575e77d9d04b75880bca9e10dbd0e13e61d21795052921dd3f702d909dd7
baseline,2,8,1000000,int,FALSE,mixed_add,float,typed_double,3,494,0.154999999999999,0.155000000000001,5865d7f437b5487c8061f7274c6507b7ec0fc76362cd655e9259ebb78a28f057,6506614505e113daab08b3f894ca46d4d61867c7b007c413b47a669abe8aae67,0,double,494,FALSE,FALSE,FALSE,FALSE,FALSE,FALSE,FALSE,FALSE,8937acbbe87ff127e6567f97e52c6a17dbe3ea7052a39a3b76abe25c8e7eeb13,31d3575e77d9d04b75880bca9e10dbd0e13e61d21795052921dd3f702d909dd7
baseline,2,9,1000000,int,FALSE,mixed_multiply,float,typed_double,1,494,0.154999999999999,0.156000000000001,74e198320fcef535d96d5240bf6315c7f048f937cff6728206c4dc3e49c71557,6506614505e113daab08b3f894ca46d4d61867c7b007c413b47a669abe8aae67,0,double,494,FALSE,FALSE,FALSE,FALSE,FALSE,FALSE,FALSE,FALSE,8937acbbe87ff127e6567f97e52c6a17dbe3ea7052a39a3b76abe25c8e7eeb13,31d3575e77d9d04b75880bca9e10dbd0e13e61d21795052921dd3f702d909dd7
baseline,2,9,1000000,int,FALSE,mixed_multiply,float,compact,2,84,0.154,0.154,74e198320fcef535d96d5240bf6315c7f048f937cff6728206c4dc3e49c71557,6506614505e113daab08b3f894ca46d4d61867c7b007c413b47a669abe8aae67,0,float,84,TRUE,TRUE,FALSE,FALSE,TRUE,TRUE,FALSE,FALSE,8937acbbe87ff127e6567f97e52c6a17dbe3ea7052a39a3b76abe25c8e7eeb13,31d3575e77d9d04b75880bca9e10dbd0e13e61d21795052921dd3f702d909dd7
baseline,2,9,1000000,int,FALSE,mixed_multiply,float,ordinary,3,586,0.166,0.167,74e198320fcef535d96d5240bf6315c7f048f937cff6728206c4dc3e49c71557,6506614505e113daab08b3f894ca46d4d61867c7b007c413b47a669abe8aae67,0,,0,FALSE,FALSE,FALSE,FALSE,FALSE,FALSE,FALSE,FALSE,8937acbbe87ff127e6567f97e52c6a17dbe3ea7052a39a3b76abe25c8e7eeb13,31d3575e77d9d04b75880bca9e10dbd0e13e61d21795052921dd3f702d909dd7
baseline,2,10,1000000,int,TRUE,scale_binary,double,ordinary,1,625,0.151,0.151000000000002,b10ddc1e7177ef92cdb14943c3981218bcd426a31f9c7d156ed4dbd4ea86c948,256764253c19afe4b22c7738fb2f83098a03d4dbde3db39ee8c24b205a95942a,1003,,0,FALSE,FALSE,FALSE,FALSE,FALSE,FALSE,FALSE,FALSE,5af7169f9d20a77a6f06236647a66be1493d6e155163c245a466bda43242d0e7,6a2baa27cd05157233063b825243be4bdf1a2dbc88db2a6cdfd0b2527b28716b
baseline,2,10,1000000,int,TRUE,scale_binary,double,typed_double,2,586,0.169000000000002,0.169,406aa86104df9ebd1e49e25bbc9266cbc0cc152fd09e7d28efa1e3b9f07c7f98,256764253c19afe4b22c7738fb2f83098a03d4dbde3db39ee8c24b205a95942a,1003,double,586,FALSE,FALSE,FALSE,FALSE,FALSE,FALSE,FALSE,FALSE,5af7169f9d20a77a6f06236647a66be1493d6e155163c245a466bda43242d0e7,6a2baa27cd05157233063b825243be4bdf1a2dbc88db2a6cdfd0b2527b28716b
baseline,2,10,1000000,int,TRUE,scale_binary,double,compact,3,552,0.132000000000001,0.132000000000001,406aa86104df9ebd1e49e25bbc9266cbc0cc152fd09e7d28efa1e3b9f07c7f98,256764253c19afe4b22c7738fb2f83098a03d4dbde3db39ee8c24b205a95942a,1003,int,552,TRUE,TRUE,FALSE,FALSE,FALSE,FALSE,FALSE,FALSE,5af7169f9d20a77a6f06236647a66be1493d6e155163c245a466bda43242d0e7,6a2baa27cd05157233063b825243be4bdf1a2dbc88db2a6cdfd0b2527b28716b
baseline,2,11,1000000,int,TRUE,scale_general,double,compact,1,86,0.150000000000002,0.151,38447e334649e5d7eda33f0001bed517c428980c028a15d2e1699be9ef65cf3a,256764253c19afe4b22c7738fb2f83098a03d4dbde3db39ee8c24b205a95942a,1003,float,86,TRUE,TRUE,FALSE,FALSE,FALSE,FALSE,FALSE,FALSE,5af7169f9d20a77a6f06236647a66be1493d6e155163c245a466bda43242d0e7,6a2baa27cd05157233063b825243be4bdf1a2dbc88db2a6cdfd0b2527b28716b
baseline,2,11,1000000,int,TRUE,scale_general,double,ordinary,2,625,0.166000000000003,0.164999999999999,ea5220c4891c83ca4d6c555d28f6502adbaf6141ce7d6cf4825e9d27d0d51944,256764253c19afe4b22c7738fb2f83098a03d4dbde3db39ee8c24b205a95942a,1003,,0,FALSE,FALSE,FALSE,FALSE,FALSE,FALSE,FALSE,FALSE,5af7169f9d20a77a6f06236647a66be1493d6e155163c245a466bda43242d0e7,6a2baa27cd05157233063b825243be4bdf1a2dbc88db2a6cdfd0b2527b28716b
baseline,2,11,1000000,int,TRUE,scale_general,double,typed_double,3,569,0.149999999999999,0.151,69569d7d3b174986a7ae48d2c2f67dcea32be4e102725873e2cfa7cf5e4f9d02,256764253c19afe4b22c7738fb2f83098a03d4dbde3db39ee8c24b205a95942a,1003,double,569,FALSE,FALSE,FALSE,FALSE,FALSE,FALSE,FALSE,FALSE,5af7169f9d20a77a6f06236647a66be1493d6e155163c245a466bda43242d0e7,6a2baa27cd05157233063b825243be4bdf1a2dbc88db2a6cdfd0b2527b28716b
baseline,2,12,1000000,int,TRUE,pair_compact_double,double,typed_double,1,494,0.170000000000002,0.171000000000003,087fb12a32e314d333c4287225113c3c6e3a135a9c18c162b3b5753b80f4350c,d842a810a046337b5363ff7dafdaa01aa4553912ce2afa4ee95c617158d8e0e7,2011,double,494,FALSE,FALSE,FALSE,FALSE,FALSE,FALSE,FALSE,FALSE,5af7169f9d20a77a6f06236647a66be1493d6e155163c245a466bda43242d0e7,6a2baa27cd05157233063b825243be4bdf1a2dbc88db2a6cdfd0b2527b28716b
baseline,2,12,1000000,int,TRUE,pair_compact_double,double,compact,2,111,0.151,0.151,087fb12a32e314d333c4287225113c3c6e3a135a9c18c162b3b5753b80f4350c,d842a810a046337b5363ff7dafdaa01aa4553912ce2afa4ee95c617158d8e0e7,2011,double,111,TRUE,TRUE,FALSE,FALSE,FALSE,FALSE,FALSE,FALSE,5af7169f9d20a77a6f06236647a66be1493d6e155163c245a466bda43242d0e7,6a2baa27cd05157233063b825243be4bdf1a2dbc88db2a6cdfd0b2527b28716b
baseline,2,12,1000000,int,TRUE,pair_compact_double,double,ordinary,3,605,0.170999999999998,0.171000000000003,ea5ac2e3896755c3d5082b83561d8673bb4f0147a7690b804a8d74cecbeda4c1,d842a810a046337b5363ff7dafdaa01aa4553912ce2afa4ee95c617158d8e0e7,2011,,0,FALSE,FALSE,FALSE,FALSE,FALSE,FALSE,FALSE,FALSE,5af7169f9d20a77a6f06236647a66be1493d6e155163c245a466bda43242d0e7,6a2baa27cd05157233063b825243be4bdf1a2dbc88db2a6cdfd0b2527b28716b
baseline,2,13,1000000,int,TRUE,add_scalar,double,ordinary,1,626,0.152000000000001,0.151,a05775d63d44cef2dc1fafd0012e87fb382790e3551020edeb65dba214805f6a,256764253c19afe4b22c7738fb2f83098a03d4dbde3db39ee8c24b205a95942a,1003,,0,FALSE,FALSE,FALSE,FALSE,FALSE,FALSE,FALSE,FALSE,5af7169f9d20a77a6f06236647a66be1493d6e155163c245a466bda43242d0e7,6a2baa27cd05157233063b825243be4bdf1a2dbc88db2a6cdfd0b2527b28716b
baseline,2,13,1000000,int,TRUE,add_scalar,double,typed_double,2,368,0.166999999999998,0.167000000000002,3c99edfd213a70ad9e7387e7d2693e7278b2f41d1da572a7c0f2c136c10a0f54,256764253c19afe4b22c7738fb2f83098a03d4dbde3db39ee8c24b205a95942a,1003,double,368,FALSE,FALSE,FALSE,FALSE,FALSE,FALSE,FALSE,FALSE,5af7169f9d20a77a6f06236647a66be1493d6e155163c245a466bda43242d0e7,6a2baa27cd05157233063b825243be4bdf1a2dbc88db2a6cdfd0b2527b28716b
baseline,2,13,1000000,int,TRUE,add_scalar,double,compact,3,20,0.150000000000001,0.151,9298ae1fd450cae2b62dc96ace3bab841bc59b30cfc46e1ecc19a5d300510c90,256764253c19afe4b22c7738fb2f83098a03d4dbde3db39ee8c24b205a95942a,1003,float,20,TRUE,TRUE,FALSE,FALSE,FALSE,FALSE,FALSE,FALSE,5af7169f9d20a77a6f06236647a66be1493d6e155163c245a466bda43242d0e7,6a2baa27cd05157233063b825243be4bdf1a2dbc88db2a6cdfd0b2527b28716b
baseline,2,14,1000000,int,TRUE,subtract_scalar,double,compact,1,20,0.158999999999999,0.159000000000002,d1a2fd6c5ab8d0e4a10c61dbb097a7ab3009923cb6ed72a793f42244b3f68ec6,256764253c19afe4b22c7738fb2f83098a03d4dbde3db39ee8c24b205a95942a,1003,float,20,TRUE,TRUE,FALSE,FALSE,FALSE,FALSE,FALSE,FALSE,5af7169f9d20a77a6f06236647a66be1493d6e155163c245a466bda43242d0e7,6a2baa27cd05157233063b825243be4bdf1a2dbc88db2a6cdfd0b2527b28716b
baseline,2,14,1000000,int,TRUE,subtract_scalar,double,ordinary,2,625,0.152000000000001,0.151,66c6c50fe1b9ab56178355238f6fb6b10837cc4c6935acaf14868f2895baa864,256764253c19afe4b22c7738fb2f83098a03d4dbde3db39ee8c24b205a95942a,1003,,0,FALSE,FALSE,FALSE,FALSE,FALSE,FALSE,FALSE,FALSE,5af7169f9d20a77a6f06236647a66be1493d6e155163c245a466bda43242d0e7,6a2baa27cd05157233063b825243be4bdf1a2dbc88db2a6cdfd0b2527b28716b
baseline,2,14,1000000,int,TRUE,subtract_scalar,double,typed_double,3,289,0.119,0.119,0834dd898be45a06c2b25b69b1eaac5c18492a3f92f29fe34d2ee1bca21c6c24,256764253c19afe4b22c7738fb2f83098a03d4dbde3db39ee8c24b205a95942a,1003,double,289,FALSE,FALSE,FALSE,FALSE,FALSE,FALSE,FALSE,FALSE,5af7169f9d20a77a6f06236647a66be1493d6e155163c245a466bda43242d0e7,6a2baa27cd05157233063b825243be4bdf1a2dbc88db2a6cdfd0b2527b28716b
baseline,2,15,1000000,int,TRUE,reverse_subtract,double,typed_double,1,368,0.151,0.151,7772556aaab7540c9cbc83fbef93b5ce837a74b5f0bfbf9f4d7e1d6c2f9d6aca,256764253c19afe4b22c7738fb2f83098a03d4dbde3db39ee8c24b205a95942a,1003,double,368,FALSE,FALSE,FALSE,FALSE,FALSE,FALSE,FALSE,FALSE,5af7169f9d20a77a6f06236647a66be1493d6e155163c245a466bda43242d0e7,6a2baa27cd05157233063b825243be4bdf1a2dbc88db2a6cdfd0b2527b28716b
baseline,2,15,1000000,int,TRUE,reverse_subtract,double,compact,2,21,0.157000000000002,0.155999999999999,ce55a919f3651ad54050585ceac6df58ade9a7234536c53b2e30cf24dc97456a,256764253c19afe4b22c7738fb2f83098a03d4dbde3db39ee8c24b205a95942a,1003,float,21,TRUE,TRUE,FALSE,FALSE,FALSE,FALSE,FALSE,FALSE,5af7169f9d20a77a6f06236647a66be1493d6e155163c245a466bda43242d0e7,6a2baa27cd05157233063b825243be4bdf1a2dbc88db2a6cdfd0b2527b28716b
baseline,2,15,1000000,int,TRUE,reverse_subtract,double,ordinary,3,625,0.167000000000002,0.165999999999997,eeadc1ac8a182c5e9ac0af8ed545484b93cc60cd2781d423e67e76b038bbb02f,256764253c19afe4b22c7738fb2f83098a03d4dbde3db39ee8c24b205a95942a,1003,,0,FALSE,FALSE,FALSE,FALSE,FALSE,FALSE,FALSE,FALSE,5af7169f9d20a77a6f06236647a66be1493d6e155163c245a466bda43242d0e7,6a2baa27cd05157233063b825243be4bdf1a2dbc88db2a6cdfd0b2527b28716b
baseline,2,16,1000000,int,TRUE,reverse_divide,double,ordinary,1,625,0.151,0.151,5919a3b9c611a609b75579ae435ea59e6a6602e36aae9ea52a62df3f56ed00e9,256764253c19afe4b22c7738fb2f83098a03d4dbde3db39ee8c24b205a95942a,1003,,0,FALSE,FALSE,FALSE,FALSE,FALSE,FALSE,FALSE,FALSE,5af7169f9d20a77a6f06236647a66be1493d6e155163c245a466bda43242d0e7,6a2baa27cd05157233063b825243be4bdf1a2dbc88db2a6cdfd0b2527b28716b
baseline,2,16,1000000,int,TRUE,reverse_divide,double,typed_double,2,507,0.166000000000003,0.165000000000003,46c9fedb1b90dde4d28d485b133b143f17d4c7ef7b2ba3baae533c5a3d0656ea,e18be1b0e89b4a0c64a4b1d8acff45284e54d26e14e2d4cbb5f3b282ba9e2bbf,1103,double,507,FALSE,FALSE,FALSE,FALSE,FALSE,FALSE,FALSE,FALSE,5af7169f9d20a77a6f06236647a66be1493d6e155163c245a466bda43242d0e7,6a2baa27cd05157233063b825243be4bdf1a2dbc88db2a6cdfd0b2527b28716b
baseline,2,16,1000000,int,TRUE,reverse_divide,double,compact,3,82,0.153000000000002,0.152999999999999,8e2880166f67afb3324288a562f812ea1ac87aa63f348f9c4373df1017394a64,e18be1b0e89b4a0c64a4b1d8acff45284e54d26e14e2d4cbb5f3b282ba9e2bbf,1103,float,82,TRUE,TRUE,FALSE,FALSE,FALSE,FALSE,FALSE,FALSE,5af7169f9d20a77a6f06236647a66be1493d6e155163c245a466bda43242d0e7,6a2baa27cd05157233063b825243be4bdf1a2dbc88db2a6cdfd0b2527b28716b
baseline,2,17,1000000,int,TRUE,mixed_add,float,compact,1,82,0.151,0.152000000000001,087fb12a32e314d333c4287225113c3c6e3a135a9c18c162b3b5753b80f4350c,d842a810a046337b5363ff7dafdaa01aa4553912ce2afa4ee95c617158d8e0e7,2011,float,82,TRUE,TRUE,FALSE,FALSE,TRUE,TRUE,FALSE,FALSE,5af7169f9d20a77a6f06236647a66be1493d6e155163c245a466bda43242d0e7,6a2baa27cd05157233063b825243be4bdf1a2dbc88db2a6cdfd0b2527b28716b
baseline,2,17,1000000,int,TRUE,mixed_add,float,ordinary,2,605,0.169999999999998,0.169999999999998,ea5ac2e3896755c3d5082b83561d8673bb4f0147a7690b804a8d74cecbeda4c1,d842a810a046337b5363ff7dafdaa01aa4553912ce2afa4ee95c617158d8e0e7,2011,,0,FALSE,FALSE,FALSE,FALSE,FALSE,FALSE,FALSE,FALSE,5af7169f9d20a77a6f06236647a66be1493d6e155163c245a466bda43242d0e7,6a2baa27cd05157233063b825243be4bdf1a2dbc88db2a6cdfd0b2527b28716b
baseline,2,17,1000000,int,TRUE,mixed_add,float,typed_double,3,481,0.149,0.149000000000001,087fb12a32e314d333c4287225113c3c6e3a135a9c18c162b3b5753b80f4350c,d842a810a046337b5363ff7dafdaa01aa4553912ce2afa4ee95c617158d8e0e7,2011,double,481,FALSE,FALSE,FALSE,FALSE,FALSE,FALSE,FALSE,FALSE,5af7169f9d20a77a6f06236647a66be1493d6e155163c245a466bda43242d0e7,6a2baa27cd05157233063b825243be4bdf1a2dbc88db2a6cdfd0b2527b28716b
baseline,2,18,1000000,int,TRUE,mixed_multiply,float,typed_double,1,494,0.177000000000002,0.175999999999998,567cb444c88381ecb7601b5374668c9d2a719ee733326a0fd33b4e0cf98f607d,d842a810a046337b5363ff7dafdaa01aa4553912ce2afa4ee95c617158d8e0e7,2011,double,494,FALSE,FALSE,FALSE,FALSE,FALSE,FALSE,FALSE,FALSE,5af7169f9d20a77a6f06236647a66be1493d6e155163c245a466bda43242d0e7,6a2baa27cd05157233063b825243be4bdf1a2dbc88db2a6cdfd0b2527b28716b
baseline,2,18,1000000,int,TRUE,mixed_multiply,float,compact,2,82,0.151,0.151,567cb444c88381ecb7601b5374668c9d2a719ee733326a0fd33b4e0cf98f607d,d842a810a046337b5363ff7dafdaa01aa4553912ce2afa4ee95c617158d8e0e7,2011,float,82,TRUE,TRUE,FALSE,FALSE,TRUE,TRUE,FALSE,FALSE,5af7169f9d20a77a6f06236647a66be1493d6e155163c245a466bda43242d0e7,6a2baa27cd05157233063b825243be4bdf1a2dbc88db2a6cdfd0b2527b28716b
baseline,2,18,1000000,int,TRUE,mixed_multiply,float,ordinary,3,605,0.155000000000001,0.155000000000001,4e15a12f73c542a9193d69c8d13f89eb8b7adf975c41c2fdf2ef19e40aa99344,d842a810a046337b5363ff7dafdaa01aa4553912ce2afa4ee95c617158d8e0e7,2011,,0,FALSE,FALSE,FALSE,FALSE,FALSE,FALSE,FALSE,FALSE,5af7169f9d20a77a6f06236647a66be1493d6e155163c245a466bda43242d0e7,6a2baa27cd05157233063b825243be4bdf1a2dbc88db2a6cdfd0b2527b28716b
baseline,2,19,1000000,float,FALSE,scale_binary,double,ordinary,1,625,0.165999999999999,0.166,5e4cb543f32269b2c2218b394ad1c41d44f6b32b3f8be7d200655b3b7d11f177,6506614505e113daab08b3f894ca46d4d61867c7b007c413b47a669abe8aae67,0,,0,FALSE,FALSE,FALSE,FALSE,FALSE,FALSE,FALSE,FALSE,7f1c1a27229f7a699fa85ff90b5be1266497c462407b39b11f6d94015af8e8ad,31d3575e77d9d04b75880bca9e10dbd0e13e61d21795052921dd3f702d909dd7
baseline,2,19,1000000,float,FALSE,scale_binary,double,typed_double,2,569,0.149999999999999,0.150000000000002,5e4cb543f32269b2c2218b394ad1c41d44f6b32b3f8be7d200655b3b7d11f177,6506614505e113daab08b3f894ca46d4d61867c7b007c413b47a669abe8aae67,0,double,569,FALSE,FALSE,FALSE,FALSE,FALSE,FALSE,FALSE,FALSE,7f1c1a27229f7a699fa85ff90b5be1266497c462407b39b11f6d94015af8e8ad,31d3575e77d9d04b75880bca9e10dbd0e13e61d21795052921dd3f702d909dd7
baseline,2,19,1000000,float,FALSE,scale_binary,double,compact,3,458,0.148,0.148,5e4cb543f32269b2c2218b394ad1c41d44f6b32b3f8be7d200655b3b7d11f177,6506614505e113daab08b3f894ca46d4d61867c7b007c413b47a669abe8aae67,0,float,458,TRUE,TRUE,FALSE,FALSE,FALSE,FALSE,FALSE,FALSE,7f1c1a27229f7a699fa85ff90b5be1266497c462407b39b11f6d94015af8e8ad,31d3575e77d9d04b75880bca9e10dbd0e13e61d21795052921dd3f702d909dd7
baseline,2,20,1000000,float,FALSE,scale_general,double,compact,1,186,0.162000000000001,0.160999999999998,72cc5cf98cf5a5166668db2e8420adb3bc862ec1b003fbdd7aeb0a9746f22870,6506614505e113daab08b3f894ca46d4d61867c7b007c413b47a669abe8aae67,0,float,186,TRUE,TRUE,FALSE,FALSE,FALSE,FALSE,FALSE,FALSE,7f1c1a27229f7a699fa85ff90b5be1266497c462407b39b11f6d94015af8e8ad,31d3575e77d9d04b75880bca9e10dbd0e13e61d21795052921dd3f702d909dd7
baseline,2,20,1000000,float,FALSE,scale_general,double,ordinary,2,647,0.159000000000001,0.158000000000001,f26b519d09797e4f4941392e4b52f307c71832f0aaad54da617e9078fe055e1c,6506614505e113daab08b3f894ca46d4d61867c7b007c413b47a669abe8aae67,0,,0,FALSE,FALSE,FALSE,FALSE,FALSE,FALSE,FALSE,FALSE,7f1c1a27229f7a699fa85ff90b5be1266497c462407b39b11f6d94015af8e8ad,31d3575e77d9d04b75880bca9e10dbd0e13e61d21795052921dd3f702d909dd7
baseline,2,20,1000000,float,FALSE,scale_general,double,typed_double,3,569,0.167000000000002,0.166999999999994,f26b519d09797e4f4941392e4b52f307c71832f0aaad54da617e9078fe055e1c,6506614505e113daab08b3f894ca46d4d61867c7b007c413b47a669abe8aae67,0,double,569,FALSE,FALSE,FALSE,FALSE,FALSE,FALSE,FALSE,FALSE,7f1c1a27229f7a699fa85ff90b5be1266497c462407b39b11f6d94015af8e8ad,31d3575e77d9d04b75880bca9e10dbd0e13e61d21795052921dd3f702d909dd7
baseline,2,21,1000000,float,FALSE,pair_compact_double,double,typed_double,1,494,0.151999999999994,0.152000000000001,d0adc5c3f77a8c464e25cdf403e40486acf05d6b089dad00367eb8620a0a608e,6506614505e113daab08b3f894ca46d4d61867c7b007c413b47a669abe8aae67,0,double,494,FALSE,FALSE,FALSE,FALSE,FALSE,FALSE,FALSE,FALSE,7f1c1a27229f7a699fa85ff90b5be1266497c462407b39b11f6d94015af8e8ad,31d3575e77d9d04b75880bca9e10dbd0e13e61d21795052921dd3f702d909dd7
baseline,2,21,1000000,float,FALSE,pair_compact_double,double,compact,2,102,0.150999999999996,0.151000000000003,d0adc5c3f77a8c464e25cdf403e40486acf05d6b089dad00367eb8620a0a608e,6506614505e113daab08b3f894ca46d4d61867c7b007c413b47a669abe8aae67,0,double,102,TRUE,TRUE,FALSE,FALSE,FALSE,FALSE,FALSE,FALSE,7f1c1a27229f7a699fa85ff90b5be1266497c462407b39b11f6d94015af8e8ad,31d3575e77d9d04b75880bca9e10dbd0e13e61d21795052921dd3f702d909dd7
baseline,2,21,1000000,float,FALSE,pair_compact_double,double,ordinary,3,605,0.153999999999996,0.153999999999996,d0adc5c3f77a8c464e25cdf403e40486acf05d6b089dad00367eb8620a0a608e,6506614505e113daab08b3f894ca46d4d61867c7b007c413b47a669abe8aae67,0,,0,FALSE,FALSE,FALSE,FALSE,FALSE,FALSE,FALSE,FALSE,7f1c1a27229f7a699fa85ff90b5be1266497c462407b39b11f6d94015af8e8ad,31d3575e77d9d04b75880bca9e10dbd0e13e61d21795052921dd3f702d909dd7
baseline,2,22,1000000,float,FALSE,add_scalar,double,ordinary,1,427,0.103000000000004,0.102000000000004,292e89d47e6240bb2914ef7ad37d7e757276712199771e9df56100a008a8cb8c,6506614505e113daab08b3f894ca46d4d61867c7b007c413b47a669abe8aae67,0,,0,FALSE,FALSE,FALSE,FALSE,FALSE,FALSE,FALSE,FALSE,7f1c1a27229f7a699fa85ff90b5be1266497c462407b39b11f6d94015af8e8ad,31d3575e77d9d04b75880bca9e10dbd0e13e61d21795052921dd3f702d909dd7
baseline,2,22,1000000,float,FALSE,add_scalar,double,typed_double,2,376,0.152000000000001,0.152999999999999,292e89d47e6240bb2914ef7ad37d7e757276712199771e9df56100a008a8cb8c,6506614505e113daab08b3f894ca46d4d61867c7b007c413b47a669abe8aae67,0,double,376,FALSE,FALSE,FALSE,FALSE,FALSE,FALSE,FALSE,FALSE,7f1c1a27229f7a699fa85ff90b5be1266497c462407b39b11f6d94015af8e8ad,31d3575e77d9d04b75880bca9e10dbd0e13e61d21795052921dd3f702d909dd7
baseline,2,22,1000000,float,FALSE,add_scalar,double,compact,3,183,0.188000000000002,0.188000000000002,6f4e6deefcbd4cb8847d97ac43d7047c827b45b8a7d41e59355544434442b07b,6506614505e113daab08b3f894ca46d4d61867c7b007c413b47a669abe8aae67,0,float,183,TRUE,TRUE,FALSE,FALSE,FALSE,FALSE,FALSE,FALSE,7f1c1a27229f7a699fa85ff90b5be1266497c462407b39b11f6d94015af8e8ad,31d3575e77d9d04b75880bca9e10dbd0e13e61d21795052921dd3f702d909dd7
baseline,2,23,1000000,float,FALSE,subtract_scalar,double,compact,1,147,0.144999999999998,0.145000000000003,73750801b993e37ef9c262c8c6c20433be5d4f8f21bfd0757cae3f70c74eda3f,6506614505e113daab08b3f894ca46d4d61867c7b007c413b47a669abe8aae67,0,float,147,TRUE,TRUE,FALSE,FALSE,FALSE,FALSE,FALSE,FALSE,7f1c1a27229f7a699fa85ff90b5be1266497c462407b39b11f6d94015af8e8ad,31d3575e77d9d04b75880bca9e10dbd0e13e61d21795052921dd3f702d909dd7
baseline,2,23,1000000,float,FALSE,subtract_scalar,double,ordinary,2,605,0.147999999999996,0.148000000000003,13a3239df0a7d9c4766e9cb1022fe126007afc38c9539ef233ed4bf785d961fa,6506614505e113daab08b3f894ca46d4d61867c7b007c413b47a669abe8aae67,0,,0,FALSE,FALSE,FALSE,FALSE,FALSE,FALSE,FALSE,FALSE,7f1c1a27229f7a699fa85ff90b5be1266497c462407b39b11f6d94015af8e8ad,31d3575e77d9d04b75880bca9e10dbd0e13e61d21795052921dd3f702d909dd7
baseline,2,23,1000000,float,FALSE,subtract_scalar,double,typed_double,3,280,0.116,0.116,13a3239df0a7d9c4766e9cb1022fe126007afc38c9539ef233ed4bf785d961fa,6506614505e113daab08b3f894ca46d4d61867c7b007c413b47a669abe8aae67,0,double,280,FALSE,FALSE,FALSE,FALSE,FALSE,FALSE,FALSE,FALSE,7f1c1a27229f7a699fa85ff90b5be1266497c462407b39b11f6d94015af8e8ad,31d3575e77d9d04b75880bca9e10dbd0e13e61d21795052921dd3f702d909dd7
baseline,2,24,1000000,float,FALSE,reverse_subtract,double,typed_double,1,361,0.149000000000001,0.148999999999994,391f82ff13066d79bb9813a2dd5b66c086c00b72de2d0e201e0f4f7b85274c2e,6506614505e113daab08b3f894ca46d4d61867c7b007c413b47a669abe8aae67,0,double,361,FALSE,FALSE,FALSE,FALSE,FALSE,FALSE,FALSE,FALSE,7f1c1a27229f7a699fa85ff90b5be1266497c462407b39b11f6d94015af8e8ad,31d3575e77d9d04b75880bca9e10dbd0e13e61d21795052921dd3f702d909dd7
baseline,2,24,1000000,float,FALSE,reverse_subtract,double,compact,2,135,0.131,0.131,8505db92c32dc0b74614f948c8784986a3d42738b9f7afa126ec04569b48eaee,6506614505e113daab08b3f894ca46d4d61867c7b007c413b47a669abe8aae67,0,float,135,TRUE,TRUE,FALSE,FALSE,FALSE,FALSE,FALSE,FALSE,7f1c1a27229f7a699fa85ff90b5be1266497c462407b39b11f6d94015af8e8ad,31d3575e77d9d04b75880bca9e10dbd0e13e61d21795052921dd3f702d909dd7
baseline,2,24,1000000,float,FALSE,reverse_subtract,double,ordinary,3,605,0.155000000000001,0.155000000000001,391f82ff13066d79bb9813a2dd5b66c086c00b72de2d0e201e0f4f7b85274c2e,6506614505e113daab08b3f894ca46d4d61867c7b007c413b47a669abe8aae67,0,,0,FALSE,FALSE,FALSE,FALSE,FALSE,FALSE,FALSE,FALSE,7f1c1a27229f7a699fa85ff90b5be1266497c462407b39b11f6d94015af8e8ad,31d3575e77d9d04b75880bca9e10dbd0e13e61d21795052921dd3f702d909dd7
baseline,2,25,1000000,float,FALSE,reverse_divide,double,ordinary,1,605,0.179,0.178000000000004,c250debf3d2a27908112bc09ce59d257ab86068363b108d2b491520e8193453e,6506614505e113daab08b3f894ca46d4d61867c7b007c413b47a669abe8aae67,0,,0,FALSE,FALSE,FALSE,FALSE,FALSE,FALSE,FALSE,FALSE,7f1c1a27229f7a699fa85ff90b5be1266497c462407b39b11f6d94015af8e8ad,31d3575e77d9d04b75880bca9e10dbd0e13e61d21795052921dd3f702d909dd7
baseline,2,25,1000000,float,FALSE,reverse_divide,double,typed_double,2,521,0.154000000000003,0.152999999999999,15a9dee60e7ad6b7bfec0a17ebb879c1d0b34de12d63f490ed9b30d95ad74ac9,8dca1eb700a45aaace59ea0c206000bfb6345887d8c82d9a5f1f6a86211aeab4,100,double,521,FALSE,FALSE,FALSE,FALSE,FALSE,FALSE,FALSE,FALSE,7f1c1a27229f7a699fa85ff90b5be1266497c462407b39b11f6d94015af8e8ad,31d3575e77d9d04b75880bca9e10dbd0e13e61d21795052921dd3f702d909dd7
baseline,2,25,1000000,float,FALSE,reverse_divide,double,compact,3,250,0.157999999999994,0.158000000000001,00373f8d5dc76e6b2961c6a8330b8894595f6e122b305a6913901d94ac47d968,8dca1eb700a45aaace59ea0c206000bfb6345887d8c82d9a5f1f6a86211aeab4,100,float,250,TRUE,TRUE,FALSE,FALSE,FALSE,FALSE,FALSE,FALSE,7f1c1a27229f7a699fa85ff90b5be1266497c462407b39b11f6d94015af8e8ad,31d3575e77d9d04b75880bca9e10dbd0e13e61d21795052921dd3f702d909dd7
baseline,2,26,1000000,float,TRUE,scale_binary,double,compact,1,469,0.166999999999997,0.165999999999997,c2d92a8e75010c0ddb80329b9ca6cc4898ca1d4543392f8c8382c3fbfeeb5b4b,256764253c19afe4b22c7738fb2f83098a03d4dbde3db39ee8c24b205a95942a,1003,float,469,TRUE,TRUE,FALSE,FALSE,FALSE,FALSE,FALSE,FALSE,ee8f1f1d17d164fc3d811ad86cc889d11c328f41d3cd55762069bc2161e48c9f,6a2baa27cd05157233063b825243be4bdf1a2dbc88db2a6cdfd0b2527b28716b
baseline,2,26,1000000,float,TRUE,scale_binary,double,ordinary,2,625,0.149999999999999,0.149999999999999,21fac45dcda0cbc0ba9e1f553d3be3fedd245b921d5e2e4497a8d64f1e038117,256764253c19afe4b22c7738fb2f83098a03d4dbde3db39ee8c24b205a95942a,1003,,0,FALSE,FALSE,FALSE,FALSE,FALSE,FALSE,FALSE,FALSE,ee8f1f1d17d164fc3d811ad86cc889d11c328f41d3cd55762069bc2161e48c9f,6a2baa27cd05157233063b825243be4bdf1a2dbc88db2a6cdfd0b2527b28716b
baseline,2,26,1000000,float,TRUE,scale_binary,double,typed_double,3,586,0.155000000000001,0.154999999999994,c2d92a8e75010c0ddb80329b9ca6cc4898ca1d4543392f8c8382c3fbfeeb5b4b,256764253c19afe4b22c7738fb2f83098a03d4dbde3db39ee8c24b205a95942a,1003,double,586,FALSE,FALSE,FALSE,FALSE,FALSE,FALSE,FALSE,FALSE,ee8f1f1d17d164fc3d811ad86cc889d11c328f41d3cd55762069bc2161e48c9f,6a2baa27cd05157233063b825243be4bdf1a2dbc88db2a6cdfd0b2527b28716b
baseline,2,27,1000000,float,TRUE,scale_general,double,typed_double,1,569,0.149999999999999,0.149999999999999,ea87b3dd63bfda18195aef508608398181a11f876a570f6017c0c100c3497f49,256764253c19afe4b22c7738fb2f83098a03d4dbde3db39ee8c24b205a95942a,1003,double,569,FALSE,FALSE,FALSE,FALSE,FALSE,FALSE,FALSE,FALSE,ee8f1f1d17d164fc3d811ad86cc889d11c328f41d3cd55762069bc2161e48c9f,6a2baa27cd05157233063b825243be4bdf1a2dbc88db2a6cdfd0b2527b28716b
baseline,2,27,1000000,float,TRUE,scale_general,double,compact,2,152,0.152000000000001,0.153000000000006,c58bc992720c328eca610e60f8c3f93d7d61df77946cf51b8626b0d8b78368ef,256764253c19afe4b22c7738fb2f83098a03d4dbde3db39ee8c24b205a95942a,1003,float,152,TRUE,TRUE,FALSE,FALSE,FALSE,FALSE,FALSE,FALSE,ee8f1f1d17d164fc3d811ad86cc889d11c328f41d3cd55762069bc2161e48c9f,6a2baa27cd05157233063b825243be4bdf1a2dbc88db2a6cdfd0b2527b28716b
baseline,2,27,1000000,float,TRUE,scale_general,double,ordinary,3,625,0.164999999999999,0.164999999999999,8100d028390097d4a98b44ea0ff4cb617c6204331b80e5c7870832582030541c,256764253c19afe4b22c7738fb2f83098a03d4dbde3db39ee8c24b205a95942a,1003,,0,FALSE,FALSE,FALSE,FALSE,FALSE,FALSE,FALSE,FALSE,ee8f1f1d17d164fc3d811ad86cc889d11c328f41d3cd55762069bc2161e48c9f,6a2baa27cd05157233063b825243be4bdf1a2dbc88db2a6cdfd0b2527b28716b
baseline,2,28,1000000,float,TRUE,pair_compact_double,double,ordinary,1,605,0.153999999999999,0.152999999999999,d8927aedee8fcfee16a2d8b73448110e471dbaa24a570b3a223eaaa8fa336e58,d842a810a046337b5363ff7dafdaa01aa4553912ce2afa4ee95c617158d8e0e7,2011,,0,FALSE,FALSE,FALSE,FALSE,FALSE,FALSE,FALSE,FALSE,ee8f1f1d17d164fc3d811ad86cc889d11c328f41d3cd55762069bc2161e48c9f,6a2baa27cd05157233063b825243be4bdf1a2dbc88db2a6cdfd0b2527b28716b
baseline,2,28,1000000,float,TRUE,pair_compact_double,double,typed_double,2,494,0.152000000000001,0.152999999999999,9778eddf855170d4c4702501b5240fa491a475187859f9e29c120edb42c46621,d842a810a046337b5363ff7dafdaa01aa4553912ce2afa4ee95c617158d8e0e7,2011,double,494,FALSE,FALSE,FALSE,FALSE,FALSE,FALSE,FALSE,FALSE,ee8f1f1d17d164fc3d811ad86cc889d11c328f41d3cd55762069bc2161e48c9f,6a2baa27cd05157233063b825243be4bdf1a2dbc88db2a6cdfd0b2527b28716b
baseline,2,28,1000000,float,TRUE,pair_compact_double,double,compact,3,105,0.163000000000004,0.163000000000004,9778eddf855170d4c4702501b5240fa491a475187859f9e29c120edb42c46621,d842a810a046337b5363ff7dafdaa01aa4553912ce2afa4ee95c617158d8e0e7,2011,double,105,TRUE,TRUE,FALSE,FALSE,FALSE,FALSE,FALSE,FALSE,ee8f1f1d17d164fc3d811ad86cc889d11c328f41d3cd55762069bc2161e48c9f,6a2baa27cd05157233063b825243be4bdf1a2dbc88db2a6cdfd0b2527b28716b
baseline,2,29,1000000,float,TRUE,add_scalar,double,compact,1,49,0.152000000000001,0.152000000000001,9c2be51cd37c2d7977f794fada049c7c9ccc4011c9f81b26e042008f01cdd93e,256764253c19afe4b22c7738fb2f83098a03d4dbde3db39ee8c24b205a95942a,1003,float,49,TRUE,TRUE,FALSE,FALSE,FALSE,FALSE,FALSE,FALSE,ee8f1f1d17d164fc3d811ad86cc889d11c328f41d3cd55762069bc2161e48c9f,6a2baa27cd05157233063b825243be4bdf1a2dbc88db2a6cdfd0b2527b28716b
baseline,2,29,1000000,float,TRUE,add_scalar,double,ordinary,2,625,0.150000000000001,0.149999999999999,eea8177113c0d60b0ac4b300317d7673334b9c1e86f37a3c57e9519b022f9d21,256764253c19afe4b22c7738fb2f83098a03d4dbde3db39ee8c24b205a95942a,1003,,0,FALSE,FALSE,FALSE,FALSE,FALSE,FALSE,FALSE,FALSE,ee8f1f1d17d164fc3d811ad86cc889d11c328f41d3cd55762069bc2161e48c9f,6a2baa27cd05157233063b825243be4bdf1a2dbc88db2a6cdfd0b2527b28716b
baseline,2,29,1000000,float,TRUE,add_scalar,double,typed_double,3,368,0.149000000000001,0.149999999999999,c79c2ec291260c6f8d03c327d90d493416937a3f3bc9b85742b51e17a8fb7647,256764253c19afe4b22c7738fb2f83098a03d4dbde3db39ee8c24b205a95942a,1003,double,368,FALSE,FALSE,FALSE,FALSE,FALSE,FALSE,FALSE,FALSE,ee8f1f1d17d164fc3d811ad86cc889d11c328f41d3cd55762069bc2161e48c9f,6a2baa27cd05157233063b825243be4bdf1a2dbc88db2a6cdfd0b2527b28716b
baseline,2,30,1000000,float,TRUE,subtract_scalar,double,typed_double,1,368,0.164000000000001,0.164999999999999,5dbef6a14bd33ea02b60ee3c940050585fc891f61a49d29253c64524c4390951,256764253c19afe4b22c7738fb2f83098a03d4dbde3db39ee8c24b205a95942a,1003,double,368,FALSE,FALSE,FALSE,FALSE,FALSE,FALSE,FALSE,FALSE,ee8f1f1d17d164fc3d811ad86cc889d11c328f41d3cd55762069bc2161e48c9f,6a2baa27cd05157233063b825243be4bdf1a2dbc88db2a6cdfd0b2527b28716b
baseline,2,30,1000000,float,TRUE,subtract_scalar,double,compact,2,50,0.162000000000001,0.160999999999994,7125e60e6e7d4c92d9ed561efe37cfccac1593072e770a4f8d2a58f04113d3ae,256764253c19afe4b22c7738fb2f83098a03d4dbde3db39ee8c24b205a95942a,1003,float,50,TRUE,TRUE,FALSE,FALSE,FALSE,FALSE,FALSE,FALSE,ee8f1f1d17d164fc3d811ad86cc889d11c328f41d3cd55762069bc2161e48c9f,6a2baa27cd05157233063b825243be4bdf1a2dbc88db2a6cdfd0b2527b28716b
baseline,2,30,1000000,float,TRUE,subtract_scalar,double,ordinary,3,647,0.153999999999996,0.155000000000001,6c2a6fd31fe3ea0da9f40037c0de77776efc81cd73d193a8ace88fee2b5b635c,256764253c19afe4b22c7738fb2f83098a03d4dbde3db39ee8c24b205a95942a,1003,,0,FALSE,FALSE,FALSE,FALSE,FALSE,FALSE,FALSE,FALSE,ee8f1f1d17d164fc3d811ad86cc889d11c328f41d3cd55762069bc2161e48c9f,6a2baa27cd05157233063b825243be4bdf1a2dbc88db2a6cdfd0b2527b28716b
baseline,2,31,1000000,float,TRUE,reverse_subtract,double,ordinary,1,625,0.149999999999999,0.148999999999994,96030f5d24b08e1ab9b8a2ffa4e31e33a89cd6cbabe88555e164d01758947f47,256764253c19afe4b22c7738fb2f83098a03d4dbde3db39ee8c24b205a95942a,1003,,0,FALSE,FALSE,FALSE,FALSE,FALSE,FALSE,FALSE,FALSE,ee8f1f1d17d164fc3d811ad86cc889d11c328f41d3cd55762069bc2161e48c9f,6a2baa27cd05157233063b825243be4bdf1a2dbc88db2a6cdfd0b2527b28716b
baseline,2,31,1000000,float,TRUE,reverse_subtract,double,typed_double,2,368,0.149000000000001,0.149999999999999,e3656220b598004f8cce68737d35a090279632fb58c8ef4b30d6940c65beb9cb,256764253c19afe4b22c7738fb2f83098a03d4dbde3db39ee8c24b205a95942a,1003,double,368,FALSE,FALSE,FALSE,FALSE,FALSE,FALSE,FALSE,FALSE,ee8f1f1d17d164fc3d811ad86cc889d11c328f41d3cd55762069bc2161e48c9f,6a2baa27cd05157233063b825243be4bdf1a2dbc88db2a6cdfd0b2527b28716b
baseline,2,31,1000000,float,TRUE,reverse_subtract,double,compact,3,50,0.147999999999996,0.148999999999994,dad17b9a33695dc668a39e44c085af08afb1a2c7d0c49d2f0b645e18b67308a7,256764253c19afe4b22c7738fb2f83098a03d4dbde3db39ee8c24b205a95942a,1003,float,50,TRUE,TRUE,FALSE,FALSE,FALSE,FALSE,FALSE,FALSE,ee8f1f1d17d164fc3d811ad86cc889d11c328f41d3cd55762069bc2161e48c9f,6a2baa27cd05157233063b825243be4bdf1a2dbc88db2a6cdfd0b2527b28716b
baseline,2,32,1000000,float,TRUE,reverse_divide,double,compact,1,171,0.151999999999996,0.151000000000003,fd1eff5142c284b6c07eab1dafc2d8ac526155178019f828b5505195b8837d7f,e18be1b0e89b4a0c64a4b1d8acff45284e54d26e14e2d4cbb5f3b282ba9e2bbf,1103,float,171,TRUE,TRUE,FALSE,FALSE,FALSE,FALSE,FALSE,FALSE,ee8f1f1d17d164fc3d811ad86cc889d11c328f41d3cd55762069bc2161e48c9f,6a2baa27cd05157233063b825243be4bdf1a2dbc88db2a6cdfd0b2527b28716b
baseline,2,32,1000000,float,TRUE,reverse_divide,double,ordinary,2,626,0.152999999999999,0.152999999999999,53731942d799d1e23d351c412d455100c092173e72bb3ad15061a952b94a6c1e,256764253c19afe4b22c7738fb2f83098a03d4dbde3db39ee8c24b205a95942a,1003,,0,FALSE,FALSE,FALSE,FALSE,FALSE,FALSE,FALSE,FALSE,ee8f1f1d17d164fc3d811ad86cc889d11c328f41d3cd55762069bc2161e48c9f,6a2baa27cd05157233063b825243be4bdf1a2dbc88db2a6cdfd0b2527b28716b
baseline,2,32,1000000,float,TRUE,reverse_divide,double,typed_double,3,361,0.106999999999999,0.107999999999997,27389f6d40427639c8a912484d0249b1c9fab719ac17ee977d76419105918595,e18be1b0e89b4a0c64a4b1d8acff45284e54d26e14e2d4cbb5f3b282ba9e2bbf,1103,double,361,FALSE,FALSE,FALSE,FALSE,FALSE,FALSE,FALSE,FALSE,ee8f1f1d17d164fc3d811ad86cc889d11c328f41d3cd55762069bc2161e48c9f,6a2baa27cd05157233063b825243be4bdf1a2dbc88db2a6cdfd0b2527b28716b
baseline,2,33,1000000,long,FALSE,long_float_add,float,typed_double,1,481,0.150000000000001,0.148999999999994,5865d7f437b5487c8061f7274c6507b7ec0fc76362cd655e9259ebb78a28f057,6506614505e113daab08b3f894ca46d4d61867c7b007c413b47a669abe8aae67,0,double,481,FALSE,FALSE,FALSE,FALSE,FALSE,FALSE,FALSE,FALSE,8937acbbe87ff127e6567f97e52c6a17dbe3ea7052a39a3b76abe25c8e7eeb13,31d3575e77d9d04b75880bca9e10dbd0e13e61d21795052921dd3f702d909dd7
baseline,2,33,1000000,long,FALSE,long_float_add,float,compact,2,121,0.146999999999998,0.147000000000006,5865d7f437b5487c8061f7274c6507b7ec0fc76362cd655e9259ebb78a28f057,6506614505e113daab08b3f894ca46d4d61867c7b007c413b47a669abe8aae67,0,double,121,TRUE,TRUE,FALSE,FALSE,TRUE,TRUE,FALSE,FALSE,8937acbbe87ff127e6567f97e52c6a17dbe3ea7052a39a3b76abe25c8e7eeb13,31d3575e77d9d04b75880bca9e10dbd0e13e61d21795052921dd3f702d909dd7
baseline,2,33,1000000,long,FALSE,long_float_add,float,ordinary,3,605,0.167999999999999,0.167999999999999,5865d7f437b5487c8061f7274c6507b7ec0fc76362cd655e9259ebb78a28f057,6506614505e113daab08b3f894ca46d4d61867c7b007c413b47a669abe8aae67,0,,0,FALSE,FALSE,FALSE,FALSE,FALSE,FALSE,FALSE,FALSE,8937acbbe87ff127e6567f97e52c6a17dbe3ea7052a39a3b76abe25c8e7eeb13,31d3575e77d9d04b75880bca9e10dbd0e13e61d21795052921dd3f702d909dd7
baseline,2,34,1000000,long,TRUE,long_float_add,float,ordinary,1,586,0.164000000000001,0.164000000000001,ea5ac2e3896755c3d5082b83561d8673bb4f0147a7690b804a8d74cecbeda4c1,d842a810a046337b5363ff7dafdaa01aa4553912ce2afa4ee95c617158d8e0e7,2011,,0,FALSE,FALSE,FALSE,FALSE,FALSE,FALSE,FALSE,FALSE,5af7169f9d20a77a6f06236647a66be1493d6e155163c245a466bda43242d0e7,6a2baa27cd05157233063b825243be4bdf1a2dbc88db2a6cdfd0b2527b28716b
baseline,2,34,1000000,long,TRUE,long_float_add,float,typed_double,2,494,0.153999999999996,0.155000000000001,087fb12a32e314d333c4287225113c3c6e3a135a9c18c162b3b5753b80f4350c,d842a810a046337b5363ff7dafdaa01aa4553912ce2afa4ee95c617158d8e0e7,2011,double,494,FALSE,FALSE,FALSE,FALSE,FALSE,FALSE,FALSE,FALSE,5af7169f9d20a77a6f06236647a66be1493d6e155163c245a466bda43242d0e7,6a2baa27cd05157233063b825243be4bdf1a2dbc88db2a6cdfd0b2527b28716b
baseline,2,34,1000000,long,TRUE,long_float_add,float,compact,3,125,0.150999999999999,0.150999999999996,087fb12a32e314d333c4287225113c3c6e3a135a9c18c162b3b5753b80f4350c,d842a810a046337b5363ff7dafdaa01aa4553912ce2afa4ee95c617158d8e0e7,2011,double,125,TRUE,TRUE,FALSE,FALSE,TRUE,TRUE,FALSE,FALSE,5af7169f9d20a77a6f06236647a66be1493d6e155163c245a466bda43242d0e7,6a2baa27cd05157233063b825243be4bdf1a2dbc88db2a6cdfd0b2527b28716b
baseline,3,1,1000000,int,FALSE,scale_binary,double,typed_double,1,391,0.124,0.125,43cbc5fa02580f73a834cffb43a5ba0a0f4d7303cec536a2e3c58f1f469eb824,6506614505e113daab08b3f894ca46d4d61867c7b007c413b47a669abe8aae67,0,double,391,FALSE,FALSE,FALSE,FALSE,FALSE,FALSE,FALSE,FALSE,8937acbbe87ff127e6567f97e52c6a17dbe3ea7052a39a3b76abe25c8e7eeb13,31d3575e77d9d04b75880bca9e10dbd0e13e61d21795052921dd3f702d909dd7
baseline,3,1,1000000,int,FALSE,scale_binary,double,ordinary,2,586,0.164,0.164,43cbc5fa02580f73a834cffb43a5ba0a0f4d7303cec536a2e3c58f1f469eb824,6506614505e113daab08b3f894ca46d4d61867c7b007c413b47a669abe8aae67,0,,0,FALSE,FALSE,FALSE,FALSE,FALSE,FALSE,FALSE,FALSE,8937acbbe87ff127e6567f97e52c6a17dbe3ea7052a39a3b76abe25c8e7eeb13,31d3575e77d9d04b75880bca9e10dbd0e13e61d21795052921dd3f702d909dd7
baseline,3,1,1000000,int,FALSE,scale_binary,double,compact,3,586,0.156,0.156,43cbc5fa02580f73a834cffb43a5ba0a0f4d7303cec536a2e3c58f1f469eb824,6506614505e113daab08b3f894ca46d4d61867c7b007c413b47a669abe8aae67,0,int,586,TRUE,TRUE,FALSE,FALSE,FALSE,FALSE,FALSE,FALSE,8937acbbe87ff127e6567f97e52c6a17dbe3ea7052a39a3b76abe25c8e7eeb13,31d3575e77d9d04b75880bca9e10dbd0e13e61d21795052921dd3f702d909dd7
baseline,3,2,1000000,int,FALSE,scale_general,double,ordinary,1,586,0.165,0.165,98c11364f9b15cf1e1696537d86d727f3e1efaa44f5b303a15ed033179b4e86a,6506614505e113daab08b3f894ca46d4d61867c7b007c413b47a669abe8aae67,0,,0,FALSE,FALSE,FALSE,FALSE,FALSE,FALSE,FALSE,FALSE,8937acbbe87ff127e6567f97e52c6a17dbe3ea7052a39a3b76abe25c8e7eeb13,31d3575e77d9d04b75880bca9e10dbd0e13e61d21795052921dd3f702d909dd7
baseline,3,2,1000000,int,FALSE,scale_general,double,compact,2,74,0.116,0.115,5b22560fab6c3b27f5e82592f7a486b943278dbe0e1d82a8c99735d3ee13430b,6506614505e113daab08b3f894ca46d4d61867c7b007c413b47a669abe8aae67,0,float,74,TRUE,TRUE,FALSE,FALSE,FALSE,FALSE,FALSE,FALSE,8937acbbe87ff127e6567f97e52c6a17dbe3ea7052a39a3b76abe25c8e7eeb13,31d3575e77d9d04b75880bca9e10dbd0e13e61d21795052921dd3f702d909dd7
baseline,3,2,1000000,int,FALSE,scale_general,double,typed_double,3,552,0.168,0.168,98c11364f9b15cf1e1696537d86d727f3e1efaa44f5b303a15ed033179b4e86a,6506614505e113daab08b3f894ca46d4d61867c7b007c413b47a669abe8aae67,0,double,552,FALSE,FALSE,FALSE,FALSE,FALSE,FALSE,FALSE,FALSE,8937acbbe87ff127e6567f97e52c6a17dbe3ea7052a39a3b76abe25c8e7eeb13,31d3575e77d9d04b75880bca9e10dbd0e13e61d21795052921dd3f702d909dd7
baseline,3,3,1000000,int,FALSE,pair_compact_double,double,compact,1,111,0.167,0.167,5865d7f437b5487c8061f7274c6507b7ec0fc76362cd655e9259ebb78a28f057,6506614505e113daab08b3f894ca46d4d61867c7b007c413b47a669abe8aae67,0,double,111,TRUE,TRUE,FALSE,FALSE,FALSE,FALSE,FALSE,FALSE,8937acbbe87ff127e6567f97e52c6a17dbe3ea7052a39a3b76abe25c8e7eeb13,31d3575e77d9d04b75880bca9e10dbd0e13e61d21795052921dd3f702d909dd7
baseline,3,3,1000000,int,FALSE,pair_compact_double,double,typed_double,2,458,0.166,0.165,5865d7f437b5487c8061f7274c6507b7ec0fc76362cd655e9259ebb78a28f057,6506614505e113daab08b3f894ca46d4d61867c7b007c413b47a669abe8aae67,0,double,458,FALSE,FALSE,FALSE,FALSE,FALSE,FALSE,FALSE,FALSE,8937acbbe87ff127e6567f97e52c6a17dbe3ea7052a39a3b76abe25c8e7eeb13,31d3575e77d9d04b75880bca9e10dbd0e13e61d21795052921dd3f702d909dd7
baseline,3,3,1000000,int,FALSE,pair_compact_double,double,ordinary,3,586,0.169,0.169,5865d7f437b5487c8061f7274c6507b7ec0fc76362cd655e9259ebb78a28f057,6506614505e113daab08b3f894ca46d4d61867c7b007c413b47a669abe8aae67,0,,0,FALSE,FALSE,FALSE,FALSE,FALSE,FALSE,FALSE,FALSE,8937acbbe87ff127e6567f97e52c6a17dbe3ea7052a39a3b76abe25c8e7eeb13,31d3575e77d9d04b75880bca9e10dbd0e13e61d21795052921dd3f702d909dd7
baseline,3,4,1000000,int,FALSE,add_scalar,double,typed_double,1,354,0.162,0.163,1439f7f16fb3a12c3e378be19f4f968bfd8ba0b13d49fd661b844b18b3b58d40,6506614505e113daab08b3f894ca46d4d61867c7b007c413b47a669abe8aae67,0,double,354,FALSE,FALSE,FALSE,FALSE,FALSE,FALSE,FALSE,FALSE,8937acbbe87ff127e6567f97e52c6a17dbe3ea7052a39a3b76abe25c8e7eeb13,31d3575e77d9d04b75880bca9e10dbd0e13e61d21795052921dd3f702d909dd7
baseline,3,4,1000000,int,FALSE,add_scalar,double,ordinary,2,605,0.165,0.164999999999999,1439f7f16fb3a12c3e378be19f4f968bfd8ba0b13d49fd661b844b18b3b58d40,6506614505e113daab08b3f894ca46d4d61867c7b007c413b47a669abe8aae67,0,,0,FALSE,FALSE,FALSE,FALSE,FALSE,FALSE,FALSE,FALSE,8937acbbe87ff127e6567f97e52c6a17dbe3ea7052a39a3b76abe25c8e7eeb13,31d3575e77d9d04b75880bca9e10dbd0e13e61d21795052921dd3f702d909dd7
baseline,3,4,1000000,int,FALSE,add_scalar,double,compact,3,32,0.168,0.167,c71ccca92de640a85316ddcd6d7a40e76d086d97708e3a6315956ca169418a51,6506614505e113daab08b3f894ca46d4d61867c7b007c413b47a669abe8aae67,0,float,32,TRUE,TRUE,FALSE,FALSE,FALSE,FALSE,FALSE,FALSE,8937acbbe87ff127e6567f97e52c6a17dbe3ea7052a39a3b76abe25c8e7eeb13,31d3575e77d9d04b75880bca9e10dbd0e13e61d21795052921dd3f702d909dd7
baseline,3,5,1000000,int,FALSE,subtract_scalar,double,ordinary,1,625,0.15,0.15,4d7fa72c39df54d095261c83239d5980d0a1ff94839d263f9a7dfea5049791fe,6506614505e113daab08b3f894ca46d4d61867c7b007c413b47a669abe8aae67,0,,0,FALSE,FALSE,FALSE,FALSE,FALSE,FALSE,FALSE,FALSE,8937acbbe87ff127e6567f97e52c6a17dbe3ea7052a39a3b76abe25c8e7eeb13,31d3575e77d9d04b75880bca9e10dbd0e13e61d21795052921dd3f702d909dd7
baseline,3,5,1000000,int,FALSE,subtract_scalar,double,compact,2,31,0.148999999999999,0.148999999999999,ac41a62f122b430ac56496c53bc2efc0f8e7b183de1fa7f57d32683c2f951555,6506614505e113daab08b3f894ca46d4d61867c7b007c413b47a669abe8aae67,0,float,31,TRUE,TRUE,FALSE,FALSE,FALSE,FALSE,FALSE,FALSE,8937acbbe87ff127e6567f97e52c6a17dbe3ea7052a39a3b76abe25c8e7eeb13,31d3575e77d9d04b75880bca9e10dbd0e13e61d21795052921dd3f702d909dd7
baseline,3,5,1000000,int,FALSE,subtract_scalar,double,typed_double,3,268,0.117000000000001,0.116,4d7fa72c39df54d095261c83239d5980d0a1ff94839d263f9a7dfea5049791fe,6506614505e113daab08b3f894ca46d4d61867c7b007c413b47a669abe8aae67,0,double,268,FALSE,FALSE,FALSE,FALSE,FALSE,FALSE,FALSE,FALSE,8937acbbe87ff127e6567f97e52c6a17dbe3ea7052a39a3b76abe25c8e7eeb13,31d3575e77d9d04b75880bca9e10dbd0e13e61d21795052921dd3f702d909dd7
baseline,3,6,1000000,int,FALSE,reverse_subtract,double,compact,1,32,0.151,0.151,4e06bb9d84e68d2b3176d8d9d719b5bb97dc463a99c72430d73baf543d93b6fd,6506614505e113daab08b3f894ca46d4d61867c7b007c413b47a669abe8aae67,0,float,32,TRUE,TRUE,FALSE,FALSE,FALSE,FALSE,FALSE,FALSE,8937acbbe87ff127e6567f97e52c6a17dbe3ea7052a39a3b76abe25c8e7eeb13,31d3575e77d9d04b75880bca9e10dbd0e13e61d21795052921dd3f702d909dd7
baseline,3,6,1000000,int,FALSE,reverse_subtract,double,typed_double,2,368,0.151,0.151,c10b10b4e2f1f397fc6fe7eaa9e5b4584cc0a290911e13c8fea846c487bfa36d,6506614505e113daab08b3f894ca46d4d61867c7b007c413b47a669abe8aae67,0,double,368,FALSE,FALSE,FALSE,FALSE,FALSE,FALSE,FALSE,FALSE,8937acbbe87ff127e6567f97e52c6a17dbe3ea7052a39a3b76abe25c8e7eeb13,31d3575e77d9d04b75880bca9e10dbd0e13e61d21795052921dd3f702d909dd7
baseline,3,6,1000000,int,FALSE,reverse_subtract,double,ordinary,3,626,0.166,0.165000000000001,c10b10b4e2f1f397fc6fe7eaa9e5b4584cc0a290911e13c8fea846c487bfa36d,6506614505e113daab08b3f894ca46d4d61867c7b007c413b47a669abe8aae67,0,,0,FALSE,FALSE,FALSE,FALSE,FALSE,FALSE,FALSE,FALSE,8937acbbe87ff127e6567f97e52c6a17dbe3ea7052a39a3b76abe25c8e7eeb13,31d3575e77d9d04b75880bca9e10dbd0e13e61d21795052921dd3f702d909dd7
baseline,3,7,1000000,int,FALSE,reverse_divide,double,typed_double,1,507,0.15,0.15,edabd46066f8ec30bbc81fe8d9a4c7ef506d3d9a77408a1b0c6a5be7df3e4721,8dca1eb700a45aaace59ea0c206000bfb6345887d8c82d9a5f1f6a86211aeab4,100,double,507,FALSE,FALSE,FALSE,FALSE,FALSE,FALSE,FALSE,FALSE,8937acbbe87ff127e6567f97e52c6a17dbe3ea7052a39a3b76abe25c8e7eeb13,31d3575e77d9d04b75880bca9e10dbd0e13e61d21795052921dd3f702d909dd7
baseline,3,7,1000000,int,FALSE,reverse_divide,double,ordinary,2,626,0.164999999999999,0.165000000000001,286e6f4fcb574961d21ee0ffc03c2d1c268671051cddf977b0eb1236cc5ce88a,6506614505e113daab08b3f894ca46d4d61867c7b007c413b47a669abe8aae67,0,,0,FALSE,FALSE,FALSE,FALSE,FALSE,FALSE,FALSE,FALSE,8937acbbe87ff127e6567f97e52c6a17dbe3ea7052a39a3b76abe25c8e7eeb13,31d3575e77d9d04b75880bca9e10dbd0e13e61d21795052921dd3f702d909dd7
baseline,3,7,1000000,int,FALSE,reverse_divide,double,compact,3,102,0.151999999999999,0.151000000000002,cbafe8b44fab1872729be2227cecddc875873c3653e6ebf01ce53e917fceee0e,8dca1eb700a45aaace59ea0c206000bfb6345887d8c82d9a5f1f6a86211aeab4,100,float,102,TRUE,TRUE,FALSE,FALSE,FALSE,FALSE,FALSE,FALSE,8937acbbe87ff127e6567f97e52c6a17dbe3ea7052a39a3b76abe25c8e7eeb13,31d3575e77d9d04b75880bca9e10dbd0e13e61d21795052921dd3f702d909dd7
baseline,3,8,1000000,int,FALSE,mixed_add,float,ordinary,1,605,0.168999999999999,0.17,5865d7f437b5487c8061f7274c6507b7ec0fc76362cd655e9259ebb78a28f057,6506614505e113daab08b3f894ca46d4d61867c7b007c413b47a669abe8aae67,0,,0,FALSE,FALSE,FALSE,FALSE,FALSE,FALSE,FALSE,FALSE,8937acbbe87ff127e6567f97e52c6a17dbe3ea7052a39a3b76abe25c8e7eeb13,31d3575e77d9d04b75880bca9e10dbd0e13e61d21795052921dd3f702d909dd7
baseline,3,8,1000000,int,FALSE,mixed_add,float,compact,2,82,0.15,0.15,5865d7f437b5487c8061f7274c6507b7ec0fc76362cd655e9259ebb78a28f057,6506614505e113daab08b3f894ca46d4d61867c7b007c413b47a669abe8aae67,0,float,82,TRUE,TRUE,FALSE,FALSE,TRUE,TRUE,FALSE,FALSE,8937acbbe87ff127e6567f97e52c6a17dbe3ea7052a39a3b76abe25c8e7eeb13,31d3575e77d9d04b75880bca9e10dbd0e13e61d21795052921dd3f702d909dd7
baseline,3,8,1000000,int,FALSE,mixed_add,float,typed_double,3,481,0.148,0.148,5865d7f437b5487c8061f7274c6507b7ec0fc76362cd655e9259ebb78a28f057,6506614505e113daab08b3f894ca46d4d61867c7b007c413b47a669abe8aae67,0,double,481,FALSE,FALSE,FALSE,FALSE,FALSE,FALSE,FALSE,FALSE,8937acbbe87ff127e6567f97e52c6a17dbe3ea7052a39a3b76abe25c8e7eeb13,31d3575e77d9d04b75880bca9e10dbd0e13e61d21795052921dd3f702d909dd7
baseline,3,9,1000000,int,FALSE,mixed_multiply,float,compact,1,82,0.149999999999999,0.15,74e198320fcef535d96d5240bf6315c7f048f937cff6728206c4dc3e49c71557,6506614505e113daab08b3f894ca46d4d61867c7b007c413b47a669abe8aae67,0,float,82,TRUE,TRUE,FALSE,FALSE,TRUE,TRUE,FALSE,FALSE,8937acbbe87ff127e6567f97e52c6a17dbe3ea7052a39a3b76abe25c8e7eeb13,31d3575e77d9d04b75880bca9e10dbd0e13e61d21795052921dd3f702d909dd7
baseline,3,9,1000000,int,FALSE,mixed_multiply,float,typed_double,2,494,0.151999999999999,0.151999999999999,74e198320fcef535d96d5240bf6315c7f048f937cff6728206c4dc3e49c71557,6506614505e113daab08b3f894ca46d4d61867c7b007c413b47a669abe8aae67,0,double,494,FALSE,FALSE,FALSE,FALSE,FALSE,FALSE,FALSE,FALSE,8937acbbe87ff127e6567f97e52c6a17dbe3ea7052a39a3b76abe25c8e7eeb13,31d3575e77d9d04b75880bca9e10dbd0e13e61d21795052921dd3f702d909dd7
baseline,3,9,1000000,int,FALSE,mixed_multiply,float,ordinary,3,586,0.167999999999999,0.169,74e198320fcef535d96d5240bf6315c7f048f937cff6728206c4dc3e49c71557,6506614505e113daab08b3f894ca46d4d61867c7b007c413b47a669abe8aae67,0,,0,FALSE,FALSE,FALSE,FALSE,FALSE,FALSE,FALSE,FALSE,8937acbbe87ff127e6567f97e52c6a17dbe3ea7052a39a3b76abe25c8e7eeb13,31d3575e77d9d04b75880bca9e10dbd0e13e61d21795052921dd3f702d909dd7
baseline,3,10,1000000,int,TRUE,scale_binary,double,typed_double,1,569,0.171,0.17,406aa86104df9ebd1e49e25bbc9266cbc0cc152fd09e7d28efa1e3b9f07c7f98,256764253c19afe4b22c7738fb2f83098a03d4dbde3db39ee8c24b205a95942a,1003,double,569,FALSE,FALSE,FALSE,FALSE,FALSE,FALSE,FALSE,FALSE,5af7169f9d20a77a6f06236647a66be1493d6e155163c245a466bda43242d0e7,6a2baa27cd05157233063b825243be4bdf1a2dbc88db2a6cdfd0b2527b28716b
baseline,3,10,1000000,int,TRUE,scale_binary,double,ordinary,2,625,0.154,0.154,b10ddc1e7177ef92cdb14943c3981218bcd426a31f9c7d156ed4dbd4ea86c948,256764253c19afe4b22c7738fb2f83098a03d4dbde3db39ee8c24b205a95942a,1003,,0,FALSE,FALSE,FALSE,FALSE,FALSE,FALSE,FALSE,FALSE,5af7169f9d20a77a6f06236647a66be1493d6e155163c245a466bda43242d0e7,6a2baa27cd05157233063b825243be4bdf1a2dbc88db2a6cdfd0b2527b28716b
baseline,3,10,1000000,int,TRUE,scale_binary,double,compact,3,569,0.148,0.149000000000001,406aa86104df9ebd1e49e25bbc9266cbc0cc152fd09e7d28efa1e3b9f07c7f98,256764253c19afe4b22c7738fb2f83098a03d4dbde3db39ee8c24b205a95942a,1003,int,569,TRUE,TRUE,FALSE,FALSE,FALSE,FALSE,FALSE,FALSE,5af7169f9d20a77a6f06236647a66be1493d6e155163c245a466bda43242d0e7,6a2baa27cd05157233063b825243be4bdf1a2dbc88db2a6cdfd0b2527b28716b
baseline,3,11,1000000,int,TRUE,scale_general,double,ordinary,1,625,0.154,0.154,ea5220c4891c83ca4d6c555d28f6502adbaf6141ce7d6cf4825e9d27d0d51944,256764253c19afe4b22c7738fb2f83098a03d4dbde3db39ee8c24b205a95942a,1003,,0,FALSE,FALSE,FALSE,FALSE,FALSE,FALSE,FALSE,FALSE,5af7169f9d20a77a6f06236647a66be1493d6e155163c245a466bda43242d0e7,6a2baa27cd05157233063b825243be4bdf1a2dbc88db2a6cdfd0b2527b28716b
baseline,3,11,1000000,int,TRUE,scale_general,double,compact,2,86,0.151,0.151,38447e334649e5d7eda33f0001bed517c428980c028a15d2e1699be9ef65cf3a,256764253c19afe4b22c7738fb2f83098a03d4dbde3db39ee8c24b205a95942a,1003,float,86,TRUE,TRUE,FALSE,FALSE,FALSE,FALSE,FALSE,FALSE,5af7169f9d20a77a6f06236647a66be1493d6e155163c245a466bda43242d0e7,6a2baa27cd05157233063b825243be4bdf1a2dbc88db2a6cdfd0b2527b28716b
baseline,3,11,1000000,int,TRUE,scale_general,double,typed_double,3,383,0.103000000000002,0.102999999999998,69569d7d3b174986a7ae48d2c2f67dcea32be4e102725873e2cfa7cf5e4f9d02,256764253c19afe4b22c7738fb2f83098a03d4dbde3db39ee8c24b205a95942a,1003,double,383,FALSE,FALSE,FALSE,FALSE,FALSE,FALSE,FALSE,FALSE,5af7169f9d20a77a6f06236647a66be1493d6e155163c245a466bda43242d0e7,6a2baa27cd05157233063b825243be4bdf1a2dbc88db2a6cdfd0b2527b28716b
baseline,3,12,1000000,int,TRUE,pair_compact_double,double,compact,1,111,0.151999999999997,0.152000000000001,087fb12a32e314d333c4287225113c3c6e3a135a9c18c162b3b5753b80f4350c,d842a810a046337b5363ff7dafdaa01aa4553912ce2afa4ee95c617158d8e0e7,2011,double,111,TRUE,TRUE,FALSE,FALSE,FALSE,FALSE,FALSE,FALSE,5af7169f9d20a77a6f06236647a66be1493d6e155163c245a466bda43242d0e7,6a2baa27cd05157233063b825243be4bdf1a2dbc88db2a6cdfd0b2527b28716b
baseline,3,12,1000000,int,TRUE,pair_compact_double,double,typed_double,2,481,0.169,0.169,087fb12a32e314d333c4287225113c3c6e3a135a9c18c162b3b5753b80f4350c,d842a810a046337b5363ff7dafdaa01aa4553912ce2afa4ee95c617158d8e0e7,2011,double,481,FALSE,FALSE,FALSE,FALSE,FALSE,FALSE,FALSE,FALSE,5af7169f9d20a77a6f06236647a66be1493d6e155163c245a466bda43242d0e7,6a2baa27cd05157233063b825243be4bdf1a2dbc88db2a6cdfd0b2527b28716b
baseline,3,12,1000000,int,TRUE,pair_compact_double,double,ordinary,3,552,0.145,0.145,ea5ac2e3896755c3d5082b83561d8673bb4f0147a7690b804a8d74cecbeda4c1,d842a810a046337b5363ff7dafdaa01aa4553912ce2afa4ee95c617158d8e0e7,2011,,0,FALSE,FALSE,FALSE,FALSE,FALSE,FALSE,FALSE,FALSE,5af7169f9d20a77a6f06236647a66be1493d6e155163c245a466bda43242d0e7,6a2baa27cd05157233063b825243be4bdf1a2dbc88db2a6cdfd0b2527b28716b
baseline,3,13,1000000,int,TRUE,add_scalar,double,typed_double,1,361,0.163999999999998,0.164999999999999,3c99edfd213a70ad9e7387e7d2693e7278b2f41d1da572a7c0f2c136c10a0f54,256764253c19afe4b22c7738fb2f83098a03d4dbde3db39ee8c24b205a95942a,1003,double,361,FALSE,FALSE,FALSE,FALSE,FALSE,FALSE,FALSE,FALSE,5af7169f9d20a77a6f06236647a66be1493d6e155163c245a466bda43242d0e7,6a2baa27cd05157233063b825243be4bdf1a2dbc88db2a6cdfd0b2527b28716b
baseline,3,13,1000000,int,TRUE,add_scalar,double,ordinary,2,625,0.152999999999999,0.153000000000002,a05775d63d44cef2dc1fafd0012e87fb382790e3551020edeb65dba214805f6a,256764253c19afe4b22c7738fb2f83098a03d4dbde3db39ee8c24b205a95942a,1003,,0,FALSE,FALSE,FALSE,FALSE,FALSE,FALSE,FALSE,FALSE,5af7169f9d20a77a6f06236647a66be1493d6e155163c245a466bda43242d0e7,6a2baa27cd05157233063b825243be4bdf1a2dbc88db2a6cdfd0b2527b28716b
baseline,3,13,1000000,int,TRUE,add_scalar,double,compact,3,19,0.154999999999998,0.154999999999998,9298ae1fd450cae2b62dc96ace3bab841bc59b30cfc46e1ecc19a5d300510c90,256764253c19afe4b22c7738fb2f83098a03d4dbde3db39ee8c24b205a95942a,1003,float,19,TRUE,TRUE,FALSE,FALSE,FALSE,FALSE,FALSE,FALSE,5af7169f9d20a77a6f06236647a66be1493d6e155163c245a466bda43242d0e7,6a2baa27cd05157233063b825243be4bdf1a2dbc88db2a6cdfd0b2527b28716b
baseline,3,14,1000000,int,TRUE,subtract_scalar,double,ordinary,1,625,0.152999999999999,0.152000000000001,66c6c50fe1b9ab56178355238f6fb6b10837cc4c6935acaf14868f2895baa864,256764253c19afe4b22c7738fb2f83098a03d4dbde3db39ee8c24b205a95942a,1003,,0,FALSE,FALSE,FALSE,FALSE,FALSE,FALSE,FALSE,FALSE,5af7169f9d20a77a6f06236647a66be1493d6e155163c245a466bda43242d0e7,6a2baa27cd05157233063b825243be4bdf1a2dbc88db2a6cdfd0b2527b28716b
baseline,3,14,1000000,int,TRUE,subtract_scalar,double,compact,2,21,0.157,0.157,d1a2fd6c5ab8d0e4a10c61dbb097a7ab3009923cb6ed72a793f42244b3f68ec6,256764253c19afe4b22c7738fb2f83098a03d4dbde3db39ee8c24b205a95942a,1003,float,21,TRUE,TRUE,FALSE,FALSE,FALSE,FALSE,FALSE,FALSE,5af7169f9d20a77a6f06236647a66be1493d6e155163c245a466bda43242d0e7,6a2baa27cd05157233063b825243be4bdf1a2dbc88db2a6cdfd0b2527b28716b
baseline,3,14,1000000,int,TRUE,subtract_scalar,double,typed_double,3,368,0.152000000000003,0.152000000000001,0834dd898be45a06c2b25b69b1eaac5c18492a3f92f29fe34d2ee1bca21c6c24,256764253c19afe4b22c7738fb2f83098a03d4dbde3db39ee8c24b205a95942a,1003,double,368,FALSE,FALSE,FALSE,FALSE,FALSE,FALSE,FALSE,FALSE,5af7169f9d20a77a6f06236647a66be1493d6e155163c245a466bda43242d0e7,6a2baa27cd05157233063b825243be4bdf1a2dbc88db2a6cdfd0b2527b28716b
baseline,3,15,1000000,int,TRUE,reverse_subtract,double,compact,1,20,0.152000000000001,0.152000000000001,ce55a919f3651ad54050585ceac6df58ade9a7234536c53b2e30cf24dc97456a,256764253c19afe4b22c7738fb2f83098a03d4dbde3db39ee8c24b205a95942a,1003,float,20,TRUE,TRUE,FALSE,FALSE,FALSE,FALSE,FALSE,FALSE,5af7169f9d20a77a6f06236647a66be1493d6e155163c245a466bda43242d0e7,6a2baa27cd05157233063b825243be4bdf1a2dbc88db2a6cdfd0b2527b28716b
baseline,3,15,1000000,int,TRUE,reverse_subtract,double,typed_double,2,368,0.165999999999997,0.166,7772556aaab7540c9cbc83fbef93b5ce837a74b5f0bfbf9f4d7e1d6c2f9d6aca,256764253c19afe4b22c7738fb2f83098a03d4dbde3db39ee8c24b205a95942a,1003,double,368,FALSE,FALSE,FALSE,FALSE,FALSE,FALSE,FALSE,FALSE,5af7169f9d20a77a6f06236647a66be1493d6e155163c245a466bda43242d0e7,6a2baa27cd05157233063b825243be4bdf1a2dbc88db2a6cdfd0b2527b28716b
baseline,3,15,1000000,int,TRUE,reverse_subtract,double,ordinary,3,605,0.148,0.148,eeadc1ac8a182c5e9ac0af8ed545484b93cc60cd2781d423e67e76b038bbb02f,256764253c19afe4b22c7738fb2f83098a03d4dbde3db39ee8c24b205a95942a,1003,,0,FALSE,FALSE,FALSE,FALSE,FALSE,FALSE,FALSE,FALSE,5af7169f9d20a77a6f06236647a66be1493d6e155163c245a466bda43242d0e7,6a2baa27cd05157233063b825243be4bdf1a2dbc88db2a6cdfd0b2527b28716b
baseline,3,16,1000000,int,TRUE,reverse_divide,double,typed_double,1,507,0.151999999999997,0.151999999999997,46c9fedb1b90dde4d28d485b133b143f17d4c7ef7b2ba3baae533c5a3d0656ea,e18be1b0e89b4a0c64a4b1d8acff45284e54d26e14e2d4cbb5f3b282ba9e2bbf,1103,double,507,FALSE,FALSE,FALSE,FALSE,FALSE,FALSE,FALSE,FALSE,5af7169f9d20a77a6f06236647a66be1493d6e155163c245a466bda43242d0e7,6a2baa27cd05157233063b825243be4bdf1a2dbc88db2a6cdfd0b2527b28716b
baseline,3,16,1000000,int,TRUE,reverse_divide,double,ordinary,2,626,0.167000000000002,0.166999999999998,5919a3b9c611a609b75579ae435ea59e6a6602e36aae9ea52a62df3f56ed00e9,256764253c19afe4b22c7738fb2f83098a03d4dbde3db39ee8c24b205a95942a,1003,,0,FALSE,FALSE,FALSE,FALSE,FALSE,FALSE,FALSE,FALSE,5af7169f9d20a77a6f06236647a66be1493d6e155163c245a466bda43242d0e7,6a2baa27cd05157233063b825243be4bdf1a2dbc88db2a6cdfd0b2527b28716b
baseline,3,16,1000000,int,TRUE,reverse_divide,double,compact,3,82,0.153000000000002,0.154,8e2880166f67afb3324288a562f812ea1ac87aa63f348f9c4373df1017394a64,e18be1b0e89b4a0c64a4b1d8acff45284e54d26e14e2d4cbb5f3b282ba9e2bbf,1103,float,82,TRUE,TRUE,FALSE,FALSE,FALSE,FALSE,FALSE,FALSE,5af7169f9d20a77a6f06236647a66be1493d6e155163c245a466bda43242d0e7,6a2baa27cd05157233063b825243be4bdf1a2dbc88db2a6cdfd0b2527b28716b
baseline,3,17,1000000,int,TRUE,mixed_add,float,ordinary,1,605,0.171999999999999,0.170999999999999,ea5ac2e3896755c3d5082b83561d8673bb4f0147a7690b804a8d74cecbeda4c1,d842a810a046337b5363ff7dafdaa01aa4553912ce2afa4ee95c617158d8e0e7,2011,,0,FALSE,FALSE,FALSE,FALSE,FALSE,FALSE,FALSE,FALSE,5af7169f9d20a77a6f06236647a66be1493d6e155163c245a466bda43242d0e7,6a2baa27cd05157233063b825243be4bdf1a2dbc88db2a6cdfd0b2527b28716b
baseline,3,17,1000000,int,TRUE,mixed_add,float,compact,2,82,0.151,0.151999999999997,087fb12a32e314d333c4287225113c3c6e3a135a9c18c162b3b5753b80f4350c,d842a810a046337b5363ff7dafdaa01aa4553912ce2afa4ee95c617158d8e0e7,2011,float,82,TRUE,TRUE,FALSE,FALSE,TRUE,TRUE,FALSE,FALSE,5af7169f9d20a77a6f06236647a66be1493d6e155163c245a466bda43242d0e7,6a2baa27cd05157233063b825243be4bdf1a2dbc88db2a6cdfd0b2527b28716b
baseline,3,17,1000000,int,TRUE,mixed_add,float,typed_double,3,494,0.152999999999999,0.154,087fb12a32e314d333c4287225113c3c6e3a135a9c18c162b3b5753b80f4350c,d842a810a046337b5363ff7dafdaa01aa4553912ce2afa4ee95c617158d8e0e7,2011,double,494,FALSE,FALSE,FALSE,FALSE,FALSE,FALSE,FALSE,FALSE,5af7169f9d20a77a6f06236647a66be1493d6e155163c245a466bda43242d0e7,6a2baa27cd05157233063b825243be4bdf1a2dbc88db2a6cdfd0b2527b28716b
baseline,3,18,1000000,int,TRUE,mixed_multiply,float,compact,1,82,0.151,0.151,567cb444c88381ecb7601b5374668c9d2a719ee733326a0fd33b4e0cf98f607d,d842a810a046337b5363ff7dafdaa01aa4553912ce2afa4ee95c617158d8e0e7,2011,float,82,TRUE,TRUE,FALSE,FALSE,TRUE,TRUE,FALSE,FALSE,5af7169f9d20a77a6f06236647a66be1493d6e155163c245a466bda43242d0e7,6a2baa27cd05157233063b825243be4bdf1a2dbc88db2a6cdfd0b2527b28716b
baseline,3,18,1000000,int,TRUE,mixed_multiply,float,typed_double,2,494,0.171000000000002,0.172000000000001,567cb444c88381ecb7601b5374668c9d2a719ee733326a0fd33b4e0cf98f607d,d842a810a046337b5363ff7dafdaa01aa4553912ce2afa4ee95c617158d8e0e7,2011,double,494,FALSE,FALSE,FALSE,FALSE,FALSE,FALSE,FALSE,FALSE,5af7169f9d20a77a6f06236647a66be1493d6e155163c245a466bda43242d0e7,6a2baa27cd05157233063b825243be4bdf1a2dbc88db2a6cdfd0b2527b28716b
baseline,3,18,1000000,int,TRUE,mixed_multiply,float,ordinary,3,586,0.167999999999999,0.167999999999999,4e15a12f73c542a9193d69c8d13f89eb8b7adf975c41c2fdf2ef19e40aa99344,d842a810a046337b5363ff7dafdaa01aa4553912ce2afa4ee95c617158d8e0e7,2011,,0,FALSE,FALSE,FALSE,FALSE,FALSE,FALSE,FALSE,FALSE,5af7169f9d20a77a6f06236647a66be1493d6e155163c245a466bda43242d0e7,6a2baa27cd05157233063b825243be4bdf1a2dbc88db2a6cdfd0b2527b28716b
baseline,3,19,1000000,float,FALSE,scale_binary,double,typed_double,1,569,0.151,0.152000000000001,5e4cb543f32269b2c2218b394ad1c41d44f6b32b3f8be7d200655b3b7d11f177,6506614505e113daab08b3f894ca46d4d61867c7b007c413b47a669abe8aae67,0,double,569,FALSE,FALSE,FALSE,FALSE,FALSE,FALSE,FALSE,FALSE,7f1c1a27229f7a699fa85ff90b5be1266497c462407b39b11f6d94015af8e8ad,31d3575e77d9d04b75880bca9e10dbd0e13e61d21795052921dd3f702d909dd7
baseline,3,19,1000000,float,FALSE,scale_binary,double,ordinary,2,647,0.172000000000001,0.172000000000001,5e4cb543f32269b2c2218b394ad1c41d44f6b32b3f8be7d200655b3b7d11f177,6506614505e113daab08b3f894ca46d4d61867c7b007c413b47a669abe8aae67,0,,0,FALSE,FALSE,FALSE,FALSE,FALSE,FALSE,FALSE,FALSE,7f1c1a27229f7a699fa85ff90b5be1266497c462407b39b11f6d94015af8e8ad,31d3575e77d9d04b75880bca9e10dbd0e13e61d21795052921dd3f702d909dd7
baseline,3,19,1000000,float,FALSE,scale_binary,double,compact,3,447,0.144999999999998,0.145,5e4cb543f32269b2c2218b394ad1c41d44f6b32b3f8be7d200655b3b7d11f177,6506614505e113daab08b3f894ca46d4d61867c7b007c413b47a669abe8aae67,0,float,447,TRUE,TRUE,FALSE,FALSE,FALSE,FALSE,FALSE,FALSE,7f1c1a27229f7a699fa85ff90b5be1266497c462407b39b11f6d94015af8e8ad,31d3575e77d9d04b75880bca9e10dbd0e13e61d21795052921dd3f702d909dd7
baseline,3,20,1000000,float,FALSE,scale_general,double,ordinary,1,625,0.166,0.167000000000002,f26b519d09797e4f4941392e4b52f307c71832f0aaad54da617e9078fe055e1c,6506614505e113daab08b3f894ca46d4d61867c7b007c413b47a669abe8aae67,0,,0,FALSE,FALSE,FALSE,FALSE,FALSE,FALSE,FALSE,FALSE,7f1c1a27229f7a699fa85ff90b5be1266497c462407b39b11f6d94015af8e8ad,31d3575e77d9d04b75880bca9e10dbd0e13e61d21795052921dd3f702d909dd7
baseline,3,20,1000000,float,FALSE,scale_general,double,compact,2,192,0.149999999999999,0.149000000000001,72cc5cf98cf5a5166668db2e8420adb3bc862ec1b003fbdd7aeb0a9746f22870,6506614505e113daab08b3f894ca46d4d61867c7b007c413b47a669abe8aae67,0,float,192,TRUE,TRUE,FALSE,FALSE,FALSE,FALSE,FALSE,FALSE,7f1c1a27229f7a699fa85ff90b5be1266497c462407b39b11f6d94015af8e8ad,31d3575e77d9d04b75880bca9e10dbd0e13e61d21795052921dd3f702d909dd7
baseline,3,20,1000000,float,FALSE,scale_general,double,typed_double,3,536,0.142999999999996,0.141999999999996,f26b519d09797e4f4941392e4b52f307c71832f0aaad54da617e9078fe055e1c,6506614505e113daab08b3f894ca46d4d61867c7b007c413b47a669abe8aae67,0,double,536,FALSE,FALSE,FALSE,FALSE,FALSE,FALSE,FALSE,FALSE,7f1c1a27229f7a699fa85ff90b5be1266497c462407b39b11f6d94015af8e8ad,31d3575e77d9d04b75880bca9e10dbd0e13e61d21795052921dd3f702d909dd7
baseline,3,21,1000000,float,FALSE,pair_compact_double,double,compact,1,105,0.148999999999996,0.148000000000003,d0adc5c3f77a8c464e25cdf403e40486acf05d6b089dad00367eb8620a0a608e,6506614505e113daab08b3f894ca46d4d61867c7b007c413b47a669abe8aae67,0,double,105,TRUE,TRUE,FALSE,FALSE,FALSE,FALSE,FALSE,FALSE,7f1c1a27229f7a699fa85ff90b5be1266497c462407b39b11f6d94015af8e8ad,31d3575e77d9d04b75880bca9e10dbd0e13e61d21795052921dd3f702d909dd7
baseline,3,21,1000000,float,FALSE,pair_compact_double,double,typed_double,2,335,0.104999999999997,0.103999999999999,d0adc5c3f77a8c464e25cdf403e40486acf05d6b089dad00367eb8620a0a608e,6506614505e113daab08b3f894ca46d4d61867c7b007c413b47a669abe8aae67,0,double,335,FALSE,FALSE,FALSE,FALSE,FALSE,FALSE,FALSE,FALSE,7f1c1a27229f7a699fa85ff90b5be1266497c462407b39b11f6d94015af8e8ad,31d3575e77d9d04b75880bca9e10dbd0e13e61d21795052921dd3f702d909dd7
baseline,3,21,1000000,float,FALSE,pair_compact_double,double,ordinary,3,605,0.152999999999999,0.153999999999996,d0adc5c3f77a8c464e25cdf403e40486acf05d6b089dad00367eb8620a0a608e,6506614505e113daab08b3f894ca46d4d61867c7b007c413b47a669abe8aae67,0,,0,FALSE,FALSE,FALSE,FALSE,FALSE,FALSE,FALSE,FALSE,7f1c1a27229f7a699fa85ff90b5be1266497c462407b39b11f6d94015af8e8ad,31d3575e77d9d04b75880bca9e10dbd0e13e61d21795052921dd3f702d909dd7
baseline,3,22,1000000,float,FALSE,add_scalar,double,typed_double,1,368,0.166999999999997,0.166000000000004,292e89d47e6240bb2914ef7ad37d7e757276712199771e9df56100a008a8cb8c,6506614505e113daab08b3f894ca46d4d61867c7b007c413b47a669abe8aae67,0,double,368,FALSE,FALSE,FALSE,FALSE,FALSE,FALSE,FALSE,FALSE,7f1c1a27229f7a699fa85ff90b5be1266497c462407b39b11f6d94015af8e8ad,31d3575e77d9d04b75880bca9e10dbd0e13e61d21795052921dd3f702d909dd7
baseline,3,22,1000000,float,FALSE,add_scalar,double,ordinary,2,647,0.155000000000001,0.155000000000001,292e89d47e6240bb2914ef7ad37d7e757276712199771e9df56100a008a8cb8c,6506614505e113daab08b3f894ca46d4d61867c7b007c413b47a669abe8aae67,0,,0,FALSE,FALSE,FALSE,FALSE,FALSE,FALSE,FALSE,FALSE,7f1c1a27229f7a699fa85ff90b5be1266497c462407b39b11f6d94015af8e8ad,31d3575e77d9d04b75880bca9e10dbd0e13e61d21795052921dd3f702d909dd7
baseline,3,22,1000000,float,FALSE,add_scalar,double,compact,3,159,0.148999999999996,0.149000000000001,6f4e6deefcbd4cb8847d97ac43d7047c827b45b8a7d41e59355544434442b07b,6506614505e113daab08b3f894ca46d4d61867c7b007c413b47a669abe8aae67,0,float,159,TRUE,TRUE,FALSE,FALSE,FALSE,FALSE,FALSE,FALSE,7f1c1a27229f7a699fa85ff90b5be1266497c462407b39b11f6d94015af8e8ad,31d3575e77d9d04b75880bca9e10dbd0e13e61d21795052921dd3f702d909dd7
baseline,3,23,1000000,float,FALSE,subtract_scalar,double,ordinary,1,625,0.152999999999999,0.151999999999994,13a3239df0a7d9c4766e9cb1022fe126007afc38c9539ef233ed4bf785d961fa,6506614505e113daab08b3f894ca46d4d61867c7b007c413b47a669abe8aae67,0,,0,FALSE,FALSE,FALSE,FALSE,FALSE,FALSE,FALSE,FALSE,7f1c1a27229f7a699fa85ff90b5be1266497c462407b39b11f6d94015af8e8ad,31d3575e77d9d04b75880bca9e10dbd0e13e61d21795052921dd3f702d909dd7
baseline,3,23,1000000,float,FALSE,subtract_scalar,double,compact,2,133,0.132999999999998,0.133000000000003,73750801b993e37ef9c262c8c6c20433be5d4f8f21bfd0757cae3f70c74eda3f,6506614505e113daab08b3f894ca46d4d61867c7b007c413b47a669abe8aae67,0,float,133,TRUE,TRUE,FALSE,FALSE,FALSE,FALSE,FALSE,FALSE,7f1c1a27229f7a699fa85ff90b5be1266497c462407b39b11f6d94015af8e8ad,31d3575e77d9d04b75880bca9e10dbd0e13e61d21795052921dd3f702d909dd7
baseline,3,23,1000000,float,FALSE,subtract_scalar,double,typed_double,3,368,0.167000000000002,0.167999999999999,13a3239df0a7d9c4766e9cb1022fe126007afc38c9539ef233ed4bf785d961fa,6506614505e113daab08b3f894ca46d4d61867c7b007c413b47a669abe8aae67,0,double,368,FALSE,FALSE,FALSE,FALSE,FALSE,FALSE,FALSE,FALSE,7f1c1a27229f7a699fa85ff90b5be1266497c462407b39b11f6d94015af8e8ad,31d3575e77d9d04b75880bca9e10dbd0e13e61d21795052921dd3f702d909dd7
baseline,3,24,1000000,float,FALSE,reverse_subtract,double,compact,1,149,0.144000000000001,0.144999999999996,8505db92c32dc0b74614f948c8784986a3d42738b9f7afa126ec04569b48eaee,6506614505e113daab08b3f894ca46d4d61867c7b007c413b47a669abe8aae67,0,float,149,TRUE,TRUE,FALSE,FALSE,FALSE,FALSE,FALSE,FALSE,7f1c1a27229f7a699fa85ff90b5be1266497c462407b39b11f6d94015af8e8ad,31d3575e77d9d04b75880bca9e10dbd0e13e61d21795052921dd3f702d909dd7
baseline,3,24,1000000,float,FALSE,reverse_subtract,double,typed_double,2,368,0.150000000000006,0.149999999999999,391f82ff13066d79bb9813a2dd5b66c086c00b72de2d0e201e0f4f7b85274c2e,6506614505e113daab08b3f894ca46d4d61867c7b007c413b47a669abe8aae67,0,double,368,FALSE,FALSE,FALSE,FALSE,FALSE,FALSE,FALSE,FALSE,7f1c1a27229f7a699fa85ff90b5be1266497c462407b39b11f6d94015af8e8ad,31d3575e77d9d04b75880bca9e10dbd0e13e61d21795052921dd3f702d909dd7
baseline,3,24,1000000,float,FALSE,reverse_subtract,double,ordinary,3,626,0.167000000000002,0.167000000000002,391f82ff13066d79bb9813a2dd5b66c086c00b72de2d0e201e0f4f7b85274c2e,6506614505e113daab08b3f894ca46d4d61867c7b007c413b47a669abe8aae67,0,,0,FALSE,FALSE,FALSE,FALSE,FALSE,FALSE,FALSE,FALSE,7f1c1a27229f7a699fa85ff90b5be1266497c462407b39b11f6d94015af8e8ad,31d3575e77d9d04b75880bca9e10dbd0e13e61d21795052921dd3f702d909dd7
baseline,3,25,1000000,float,FALSE,reverse_divide,double,typed_double,1,521,0.171999999999999,0.170999999999999,15a9dee60e7ad6b7bfec0a17ebb879c1d0b34de12d63f490ed9b30d95ad74ac9,8dca1eb700a45aaace59ea0c206000bfb6345887d8c82d9a5f1f6a86211aeab4,100,double,521,FALSE,FALSE,FALSE,FALSE,FALSE,FALSE,FALSE,FALSE,7f1c1a27229f7a699fa85ff90b5be1266497c462407b39b11f6d94015af8e8ad,31d3575e77d9d04b75880bca9e10dbd0e13e61d21795052921dd3f702d909dd7
baseline,3,25,1000000,float,FALSE,reverse_divide,double,ordinary,2,625,0.150999999999996,0.151000000000003,c250debf3d2a27908112bc09ce59d257ab86068363b108d2b491520e8193453e,6506614505e113daab08b3f894ca46d4d61867c7b007c413b47a669abe8aae67,0,,0,FALSE,FALSE,FALSE,FALSE,FALSE,FALSE,FALSE,FALSE,7f1c1a27229f7a699fa85ff90b5be1266497c462407b39b11f6d94015af8e8ad,31d3575e77d9d04b75880bca9e10dbd0e13e61d21795052921dd3f702d909dd7
baseline,3,25,1000000,float,FALSE,reverse_divide,double,compact,3,247,0.161000000000001,0.161000000000001,00373f8d5dc76e6b2961c6a8330b8894595f6e122b305a6913901d94ac47d968,8dca1eb700a45aaace59ea0c206000bfb6345887d8c82d9a5f1f6a86211aeab4,100,float,247,TRUE,TRUE,FALSE,FALSE,FALSE,FALSE,FALSE,FALSE,7f1c1a27229f7a699fa85ff90b5be1266497c462407b39b11f6d94015af8e8ad,31d3575e77d9d04b75880bca9e10dbd0e13e61d21795052921dd3f702d909dd7
baseline,3,26,1000000,float,TRUE,scale_binary,double,ordinary,1,625,0.166000000000004,0.167000000000002,21fac45dcda0cbc0ba9e1f553d3be3fedd245b921d5e2e4497a8d64f1e038117,256764253c19afe4b22c7738fb2f83098a03d4dbde3db39ee8c24b205a95942a,1003,,0,FALSE,FALSE,FALSE,FALSE,FALSE,FALSE,FALSE,FALSE,ee8f1f1d17d164fc3d811ad86cc889d11c328f41d3cd55762069bc2161e48c9f,6a2baa27cd05157233063b825243be4bdf1a2dbc88db2a6cdfd0b2527b28716b
baseline,3,26,1000000,float,TRUE,scale_binary,double,compact,2,469,0.151000000000003,0.151999999999994,c2d92a8e75010c0ddb80329b9ca6cc4898ca1d4543392f8c8382c3fbfeeb5b4b,256764253c19afe4b22c7738fb2f83098a03d4dbde3db39ee8c24b205a95942a,1003,float,469,TRUE,TRUE,FALSE,FALSE,FALSE,FALSE,FALSE,FALSE,ee8f1f1d17d164fc3d811ad86cc889d11c328f41d3cd55762069bc2161e48c9f,6a2baa27cd05157233063b825243be4bdf1a2dbc88db2a6cdfd0b2527b28716b
baseline,3,26,1000000,float,TRUE,scale_binary,double,typed_double,3,586,0.170000000000002,0.170000000000002,c2d92a8e75010c0ddb80329b9ca6cc4898ca1d4543392f8c8382c3fbfeeb5b4b,256764253c19afe4b22c7738fb2f83098a03d4dbde3db39ee8c24b205a95942a,1003,double,586,FALSE,FALSE,FALSE,FALSE,FALSE,FALSE,FALSE,FALSE,ee8f1f1d17d164fc3d811ad86cc889d11c328f41d3cd55762069bc2161e48c9f,6a2baa27cd05157233063b825243be4bdf1a2dbc88db2a6cdfd0b2527b28716b
baseline,3,27,1000000,float,TRUE,scale_general,double,compact,1,150,0.150000000000001,0.149000000000001,c58bc992720c328eca610e60f8c3f93d7d61df77946cf51b8626b0d8b78368ef,256764253c19afe4b22c7738fb2f83098a03d4dbde3db39ee8c24b205a95942a,1003,float,150,TRUE,TRUE,FALSE,FALSE,FALSE,FALSE,FALSE,FALSE,ee8f1f1d17d164fc3d811ad86cc889d11c328f41d3cd55762069bc2161e48c9f,6a2baa27cd05157233063b825243be4bdf1a2dbc88db2a6cdfd0b2527b28716b
baseline,3,27,1000000,float,TRUE,scale_general,double,typed_double,2,586,0.156000000000001,0.155000000000001,ea87b3dd63bfda18195aef508608398181a11f876a570f6017c0c100c3497f49,256764253c19afe4b22c7738fb2f83098a03d4dbde3db39ee8c24b205a95942a,1003,double,586,FALSE,FALSE,FALSE,FALSE,FALSE,FALSE,FALSE,FALSE,ee8f1f1d17d164fc3d811ad86cc889d11c328f41d3cd55762069bc2161e48c9f,6a2baa27cd05157233063b825243be4bdf1a2dbc88db2a6cdfd0b2527b28716b
baseline,3,27,1000000,float,TRUE,scale_general,double,ordinary,3,625,0.164999999999999,0.165999999999997,8100d028390097d4a98b44ea0ff4cb617c6204331b80e5c7870832582030541c,256764253c19afe4b22c7738fb2f83098a03d4dbde3db39ee8c24b205a95942a,1003,,0,FALSE,FALSE,FALSE,FALSE,FALSE,FALSE,FALSE,FALSE,ee8f1f1d17d164fc3d811ad86cc889d11c328f41d3cd55762069bc2161e48c9f,6a2baa27cd05157233063b825243be4bdf1a2dbc88db2a6cdfd0b2527b28716b
baseline,3,28,1000000,float,TRUE,pair_compact_double,double,typed_double,1,494,0.151999999999994,0.152000000000001,9778eddf855170d4c4702501b5240fa491a475187859f9e29c120edb42c46621,d842a810a046337b5363ff7dafdaa01aa4553912ce2afa4ee95c617158d8e0e7,2011,double,494,FALSE,FALSE,FALSE,FALSE,FALSE,FALSE,FALSE,FALSE,ee8f1f1d17d164fc3d811ad86cc889d11c328f41d3cd55762069bc2161e48c9f,6a2baa27cd05157233063b825243be4bdf1a2dbc88db2a6cdfd0b2527b28716b
baseline,3,28,1000000,float,TRUE,pair_compact_double,double,ordinary,2,605,0.169999999999997,0.167999999999999,d8927aedee8fcfee16a2d8b73448110e471dbaa24a570b3a223eaaa8fa336e58,d842a810a046337b5363ff7dafdaa01aa4553912ce2afa4ee95c617158d8e0e7,2011,,0,FALSE,FALSE,FALSE,FALSE,FALSE,FALSE,FALSE,FALSE,ee8f1f1d17d164fc3d811ad86cc889d11c328f41d3cd55762069bc2161e48c9f,6a2baa27cd05157233063b825243be4bdf1a2dbc88db2a6cdfd0b2527b28716b
baseline,3,28,1000000,float,TRUE,pair_compact_double,double,compact,3,105,0.148999999999996,0.147999999999996,9778eddf855170d4c4702501b5240fa491a475187859f9e29c120edb42c46621,d842a810a046337b5363ff7dafdaa01aa4553912ce2afa4ee95c617158d8e0e7,2011,double,105,TRUE,TRUE,FALSE,FALSE,FALSE,FALSE,FALSE,FALSE,ee8f1f1d17d164fc3d811ad86cc889d11c328f41d3cd55762069bc2161e48c9f,6a2baa27cd05157233063b825243be4bdf1a2dbc88db2a6cdfd0b2527b28716b
baseline,3,29,1000000,float,TRUE,add_scalar,double,ordinary,1,625,0.149999999999999,0.151000000000003,eea8177113c0d60b0ac4b300317d7673334b9c1e86f37a3c57e9519b022f9d21,256764253c19afe4b22c7738fb2f83098a03d4dbde3db39ee8c24b205a95942a,1003,,0,FALSE,FALSE,FALSE,FALSE,FALSE,FALSE,FALSE,FALSE,ee8f1f1d17d164fc3d811ad86cc889d11c328f41d3cd55762069bc2161e48c9f,6a2baa27cd05157233063b825243be4bdf1a2dbc88db2a6cdfd0b2527b28716b
baseline,3,29,1000000,float,TRUE,add_scalar,double,compact,2,50,0.159999999999997,0.160000000000004,9c2be51cd37c2d7977f794fada049c7c9ccc4011c9f81b26e042008f01cdd93e,256764253c19afe4b22c7738fb2f83098a03d4dbde3db39ee8c24b205a95942a,1003,float,50,TRUE,TRUE,FALSE,FALSE,FALSE,FALSE,FALSE,FALSE,ee8f1f1d17d164fc3d811ad86cc889d11c328f41d3cd55762069bc2161e48c9f,6a2baa27cd05157233063b825243be4bdf1a2dbc88db2a6cdfd0b2527b28716b
baseline,3,29,1000000,float,TRUE,add_scalar,double,typed_double,3,368,0.150000000000006,0.150000000000006,c79c2ec291260c6f8d03c327d90d493416937a3f3bc9b85742b51e17a8fb7647,256764253c19afe4b22c7738fb2f83098a03d4dbde3db39ee8c24b205a95942a,1003,double,368,FALSE,FALSE,FALSE,FALSE,FALSE,FALSE,FALSE,FALSE,ee8f1f1d17d164fc3d811ad86cc889d11c328f41d3cd55762069bc2161e48c9f,6a2baa27cd05157233063b825243be4bdf1a2dbc88db2a6cdfd0b2527b28716b
baseline,3,30,1000000,float,TRUE,subtract_scalar,double,compact,1,53,0.167000000000004,0.165999999999997,7125e60e6e7d4c92d9ed561efe37cfccac1593072e770a4f8d2a58f04113d3ae,256764253c19afe4b22c7738fb2f83098a03d4dbde3db39ee8c24b205a95942a,1003,float,53,TRUE,TRUE,FALSE,FALSE,FALSE,FALSE,FALSE,FALSE,ee8f1f1d17d164fc3d811ad86cc889d11c328f41d3cd55762069bc2161e48c9f,6a2baa27cd05157233063b825243be4bdf1a2dbc88db2a6cdfd0b2527b28716b
baseline,3,30,1000000,float,TRUE,subtract_scalar,double,typed_double,2,368,0.149999999999999,0.149999999999999,5dbef6a14bd33ea02b60ee3c940050585fc891f61a49d29253c64524c4390951,256764253c19afe4b22c7738fb2f83098a03d4dbde3db39ee8c24b205a95942a,1003,double,368,FALSE,FALSE,FALSE,FALSE,FALSE,FALSE,FALSE,FALSE,ee8f1f1d17d164fc3d811ad86cc889d11c328f41d3cd55762069bc2161e48c9f,6a2baa27cd05157233063b825243be4bdf1a2dbc88db2a6cdfd0b2527b28716b
baseline,3,30,1000000,float,TRUE,subtract_scalar,double,ordinary,3,417,0.103000000000002,0.103000000000002,6c2a6fd31fe3ea0da9f40037c0de77776efc81cd73d193a8ace88fee2b5b635c,256764253c19afe4b22c7738fb2f83098a03d4dbde3db39ee8c24b205a95942a,1003,,0,FALSE,FALSE,FALSE,FALSE,FALSE,FALSE,FALSE,FALSE,ee8f1f1d17d164fc3d811ad86cc889d11c328f41d3cd55762069bc2161e48c9f,6a2baa27cd05157233063b825243be4bdf1a2dbc88db2a6cdfd0b2527b28716b
baseline,3,31,1000000,float,TRUE,reverse_subtract,double,typed_double,1,361,0.164999999999999,0.164999999999999,e3656220b598004f8cce68737d35a090279632fb58c8ef4b30d6940c65beb9cb,256764253c19afe4b22c7738fb2f83098a03d4dbde3db39ee8c24b205a95942a,1003,double,361,FALSE,FALSE,FALSE,FALSE,FALSE,FALSE,FALSE,FALSE,ee8f1f1d17d164fc3d811ad86cc889d11c328f41d3cd55762069bc2161e48c9f,6a2baa27cd05157233063b825243be4bdf1a2dbc88db2a6cdfd0b2527b28716b
baseline,3,31,1000000,float,TRUE,reverse_subtract,double,ordinary,2,625,0.152999999999999,0.153000000000006,96030f5d24b08e1ab9b8a2ffa4e31e33a89cd6cbabe88555e164d01758947f47,256764253c19afe4b22c7738fb2f83098a03d4dbde3db39ee8c24b205a95942a,1003,,0,FALSE,FALSE,FALSE,FALSE,FALSE,FALSE,FALSE,FALSE,ee8f1f1d17d164fc3d811ad86cc889d11c328f41d3cd55762069bc2161e48c9f,6a2baa27cd05157233063b825243be4bdf1a2dbc88db2a6cdfd0b2527b28716b
baseline,3,31,1000000,float,TRUE,reverse_subtract,double,compact,3,53,0.177000000000002,0.175999999999995,dad17b9a33695dc668a39e44c085af08afb1a2c7d0c49d2f0b645e18b67308a7,256764253c19afe4b22c7738fb2f83098a03d4dbde3db39ee8c24b205a95942a,1003,float,53,TRUE,TRUE,FALSE,FALSE,FALSE,FALSE,FALSE,FALSE,ee8f1f1d17d164fc3d811ad86cc889d11c328f41d3cd55762069bc2161e48c9f,6a2baa27cd05157233063b825243be4bdf1a2dbc88db2a6cdfd0b2527b28716b
baseline,3,32,1000000,float,TRUE,reverse_divide,double,ordinary,1,626,0.149999999999999,0.151000000000003,53731942d799d1e23d351c412d455100c092173e72bb3ad15061a952b94a6c1e,256764253c19afe4b22c7738fb2f83098a03d4dbde3db39ee8c24b205a95942a,1003,,0,FALSE,FALSE,FALSE,FALSE,FALSE,FALSE,FALSE,FALSE,ee8f1f1d17d164fc3d811ad86cc889d11c328f41d3cd55762069bc2161e48c9f,6a2baa27cd05157233063b825243be4bdf1a2dbc88db2a6cdfd0b2527b28716b
baseline,3,32,1000000,float,TRUE,reverse_divide,double,compact,2,173,0.152000000000001,0.152000000000001,fd1eff5142c284b6c07eab1dafc2d8ac526155178019f828b5505195b8837d7f,e18be1b0e89b4a0c64a4b1d8acff45284e54d26e14e2d4cbb5f3b282ba9e2bbf,1103,float,173,TRUE,TRUE,FALSE,FALSE,FALSE,FALSE,FALSE,FALSE,ee8f1f1d17d164fc3d811ad86cc889d11c328f41d3cd55762069bc2161e48c9f,6a2baa27cd05157233063b825243be4bdf1a2dbc88db2a6cdfd0b2527b28716b
baseline,3,32,1000000,float,TRUE,reverse_divide,double,typed_double,3,507,0.162999999999997,0.164000000000001,27389f6d40427639c8a912484d0249b1c9fab719ac17ee977d76419105918595,e18be1b0e89b4a0c64a4b1d8acff45284e54d26e14e2d4cbb5f3b282ba9e2bbf,1103,double,507,FALSE,FALSE,FALSE,FALSE,FALSE,FALSE,FALSE,FALSE,ee8f1f1d17d164fc3d811ad86cc889d11c328f41d3cd55762069bc2161e48c9f,6a2baa27cd05157233063b825243be4bdf1a2dbc88db2a6cdfd0b2527b28716b
baseline,3,33,1000000,long,FALSE,long_float_add,float,compact,1,126,0.153999999999999,0.152999999999999,5865d7f437b5487c8061f7274c6507b7ec0fc76362cd655e9259ebb78a28f057,6506614505e113daab08b3f894ca46d4d61867c7b007c413b47a669abe8aae67,0,double,126,TRUE,TRUE,FALSE,FALSE,TRUE,TRUE,FALSE,FALSE,8937acbbe87ff127e6567f97e52c6a17dbe3ea7052a39a3b76abe25c8e7eeb13,31d3575e77d9d04b75880bca9e10dbd0e13e61d21795052921dd3f702d909dd7
baseline,3,33,1000000,long,FALSE,long_float_add,float,typed_double,2,494,0.149000000000001,0.148999999999994,5865d7f437b5487c8061f7274c6507b7ec0fc76362cd655e9259ebb78a28f057,6506614505e113daab08b3f894ca46d4d61867c7b007c413b47a669abe8aae67,0,double,494,FALSE,FALSE,FALSE,FALSE,FALSE,FALSE,FALSE,FALSE,8937acbbe87ff127e6567f97e52c6a17dbe3ea7052a39a3b76abe25c8e7eeb13,31d3575e77d9d04b75880bca9e10dbd0e13e61d21795052921dd3f702d909dd7
baseline,3,33,1000000,long,FALSE,long_float_add,float,ordinary,3,586,0.164999999999999,0.166000000000004,5865d7f437b5487c8061f7274c6507b7ec0fc76362cd655e9259ebb78a28f057,6506614505e113daab08b3f894ca46d4d61867c7b007c413b47a669abe8aae67,0,,0,FALSE,FALSE,FALSE,FALSE,FALSE,FALSE,FALSE,FALSE,8937acbbe87ff127e6567f97e52c6a17dbe3ea7052a39a3b76abe25c8e7eeb13,31d3575e77d9d04b75880bca9e10dbd0e13e61d21795052921dd3f702d909dd7
baseline,3,34,1000000,long,TRUE,long_float_add,float,typed_double,1,469,0.164000000000001,0.164000000000001,087fb12a32e314d333c4287225113c3c6e3a135a9c18c162b3b5753b80f4350c,d842a810a046337b5363ff7dafdaa01aa4553912ce2afa4ee95c617158d8e0e7,2011,double,469,FALSE,FALSE,FALSE,FALSE,FALSE,FALSE,FALSE,FALSE,5af7169f9d20a77a6f06236647a66be1493d6e155163c245a466bda43242d0e7,6a2baa27cd05157233063b825243be4bdf1a2dbc88db2a6cdfd0b2527b28716b
baseline,3,34,1000000,long,TRUE,long_float_add,float,ordinary,2,586,0.167000000000002,0.167000000000002,ea5ac2e3896755c3d5082b83561d8673bb4f0147a7690b804a8d74cecbeda4c1,d842a810a046337b5363ff7dafdaa01aa4553912ce2afa4ee95c617158d8e0e7,2011,,0,FALSE,FALSE,FALSE,FALSE,FALSE,FALSE,FALSE,FALSE,5af7169f9d20a77a6f06236647a66be1493d6e155163c245a466bda43242d0e7,6a2baa27cd05157233063b825243be4bdf1a2dbc88db2a6cdfd0b2527b28716b
baseline,3,34,1000000,long,TRUE,long_float_add,float,compact,3,125,0.151999999999996,0.149999999999999,087fb12a32e314d333c4287225113c3c6e3a135a9c18c162b3b5753b80f4350c,d842a810a046337b5363ff7dafdaa01aa4553912ce2afa4ee95c617158d8e0e7,2011,double,125,TRUE,TRUE,FALSE,FALSE,TRUE,TRUE,FALSE,FALSE,5af7169f9d20a77a6f06236647a66be1493d6e155163c245a466bda43242d0e7,6a2baa27cd05157233063b825243be4bdf1a2dbc88db2a6cdfd0b2527b28716b
candidate,3,1,1000000,int,FALSE,scale_binary,double,typed_double,1,375,0.123,0.123,43cbc5fa02580f73a834cffb43a5ba0a0f4d7303cec536a2e3c58f1f469eb824,6506614505e113daab08b3f894ca46d4d61867c7b007c413b47a669abe8aae67,0,double,375,FALSE,FALSE,FALSE,FALSE,FALSE,FALSE,FALSE,FALSE,8937acbbe87ff127e6567f97e52c6a17dbe3ea7052a39a3b76abe25c8e7eeb13,31d3575e77d9d04b75880bca9e10dbd0e13e61d21795052921dd3f702d909dd7
candidate,3,1,1000000,int,FALSE,scale_binary,double,ordinary,2,586,0.164,0.163,43cbc5fa02580f73a834cffb43a5ba0a0f4d7303cec536a2e3c58f1f469eb824,6506614505e113daab08b3f894ca46d4d61867c7b007c413b47a669abe8aae67,0,,0,FALSE,FALSE,FALSE,FALSE,FALSE,FALSE,FALSE,FALSE,8937acbbe87ff127e6567f97e52c6a17dbe3ea7052a39a3b76abe25c8e7eeb13,31d3575e77d9d04b75880bca9e10dbd0e13e61d21795052921dd3f702d909dd7
candidate,3,1,1000000,int,FALSE,scale_binary,double,compact,3,569,0.151,0.151,43cbc5fa02580f73a834cffb43a5ba0a0f4d7303cec536a2e3c58f1f469eb824,6506614505e113daab08b3f894ca46d4d61867c7b007c413b47a669abe8aae67,0,int,569,TRUE,TRUE,FALSE,FALSE,FALSE,FALSE,FALSE,FALSE,8937acbbe87ff127e6567f97e52c6a17dbe3ea7052a39a3b76abe25c8e7eeb13,31d3575e77d9d04b75880bca9e10dbd0e13e61d21795052921dd3f702d909dd7
candidate,3,2,1000000,int,FALSE,scale_general,double,ordinary,1,605,0.168,0.169,98c11364f9b15cf1e1696537d86d727f3e1efaa44f5b303a15ed033179b4e86a,6506614505e113daab08b3f894ca46d4d61867c7b007c413b47a669abe8aae67,0,,0,FALSE,FALSE,FALSE,FALSE,FALSE,FALSE,FALSE,FALSE,8937acbbe87ff127e6567f97e52c6a17dbe3ea7052a39a3b76abe25c8e7eeb13,31d3575e77d9d04b75880bca9e10dbd0e13e61d21795052921dd3f702d909dd7
candidate,3,2,1000000,int,FALSE,scale_general,double,compact,2,569,0.151,0.152,5b22560fab6c3b27f5e82592f7a486b943278dbe0e1d82a8c99735d3ee13430b,6506614505e113daab08b3f894ca46d4d61867c7b007c413b47a669abe8aae67,0,float,569,TRUE,TRUE,FALSE,FALSE,FALSE,FALSE,FALSE,FALSE,8937acbbe87ff127e6567f97e52c6a17dbe3ea7052a39a3b76abe25c8e7eeb13,31d3575e77d9d04b75880bca9e10dbd0e13e61d21795052921dd3f702d909dd7
candidate,3,2,1000000,int,FALSE,scale_general,double,typed_double,3,481,0.153,0.152,98c11364f9b15cf1e1696537d86d727f3e1efaa44f5b303a15ed033179b4e86a,6506614505e113daab08b3f894ca46d4d61867c7b007c413b47a669abe8aae67,0,double,481,FALSE,FALSE,FALSE,FALSE,FALSE,FALSE,FALSE,FALSE,8937acbbe87ff127e6567f97e52c6a17dbe3ea7052a39a3b76abe25c8e7eeb13,31d3575e77d9d04b75880bca9e10dbd0e13e61d21795052921dd3f702d909dd7
candidate,3,3,1000000,int,FALSE,pair_compact_double,double,compact,1,361,0.168,0.167,5865d7f437b5487c8061f7274c6507b7ec0fc76362cd655e9259ebb78a28f057,6506614505e113daab08b3f894ca46d4d61867c7b007c413b47a669abe8aae67,0,double,361,TRUE,TRUE,FALSE,FALSE,FALSE,FALSE,FALSE,FALSE,8937acbbe87ff127e6567f97e52c6a17dbe3ea7052a39a3b76abe25c8e7eeb13,31d3575e77d9d04b75880bca9e10dbd0e13e61d21795052921dd3f702d909dd7
candidate,3,3,1000000,int,FALSE,pair_compact_double,double,typed_double,2,458,0.165,0.166,5865d7f437b5487c8061f7274c6507b7ec0fc76362cd655e9259ebb78a28f057,6506614505e113daab08b3f894ca46d4d61867c7b007c413b47a669abe8aae67,0,double,458,FALSE,FALSE,FALSE,FALSE,FALSE,FALSE,FALSE,FALSE,8937acbbe87ff127e6567f97e52c6a17dbe3ea7052a39a3b76abe25c8e7eeb13,31d3575e77d9d04b75880bca9e10dbd0e13e61d21795052921dd3f702d909dd7
candidate,3,3,1000000,int,FALSE,pair_compact_double,double,ordinary,3,586,0.167,0.168,5865d7f437b5487c8061f7274c6507b7ec0fc76362cd655e9259ebb78a28f057,6506614505e113daab08b3f894ca46d4d61867c7b007c413b47a669abe8aae67,0,,0,FALSE,FALSE,FALSE,FALSE,FALSE,FALSE,FALSE,FALSE,8937acbbe87ff127e6567f97e52c6a17dbe3ea7052a39a3b76abe25c8e7eeb13,31d3575e77d9d04b75880bca9e10dbd0e13e61d21795052921dd3f702d909dd7
candidate,3,4,1000000,int,FALSE,add_scalar,double,typed_double,1,552,0.167,0.168,1439f7f16fb3a12c3e378be19f4f968bfd8ba0b13d49fd661b844b18b3b58d40,6506614505e113daab08b3f894ca46d4d61867c7b007c413b47a669abe8aae67,0,double,552,FALSE,FALSE,FALSE,FALSE,FALSE,FALSE,FALSE,FALSE,8937acbbe87ff127e6567f97e52c6a17dbe3ea7052a39a3b76abe25c8e7eeb13,31d3575e77d9d04b75880bca9e10dbd0e13e61d21795052921dd3f702d909dd7
candidate,3,4,1000000,int,FALSE,add_scalar,double,ordinary,2,625,0.17,0.17,1439f7f16fb3a12c3e378be19f4f968bfd8ba0b13d49fd661b844b18b3b58d40,6506614505e113daab08b3f894ca46d4d61867c7b007c413b47a669abe8aae67,0,,0,FALSE,FALSE,FALSE,FALSE,FALSE,FALSE,FALSE,FALSE,8937acbbe87ff127e6567f97e52c6a17dbe3ea7052a39a3b76abe25c8e7eeb13,31d3575e77d9d04b75880bca9e10dbd0e13e61d21795052921dd3f702d909dd7
candidate,3,4,1000000,int,FALSE,add_scalar,double,compact,3,569,0.151,0.151,c71ccca92de640a85316ddcd6d7a40e76d086d97708e3a6315956ca169418a51,6506614505e113daab08b3f894ca46d4d61867c7b007c413b47a669abe8aae67,0,float,569,TRUE,TRUE,FALSE,FALSE,FALSE,FALSE,FALSE,FALSE,8937acbbe87ff127e6567f97e52c6a17dbe3ea7052a39a3b76abe25c8e7eeb13,31d3575e77d9d04b75880bca9e10dbd0e13e61d21795052921dd3f702d909dd7
candidate,3,5,1000000,int,FALSE,subtract_scalar,double,ordinary,1,605,0.15,0.151000000000001,4d7fa72c39df54d095261c83239d5980d0a1ff94839d263f9a7dfea5049791fe,6506614505e113daab08b3f894ca46d4d61867c7b007c413b47a669abe8aae67,0,,0,FALSE,FALSE,FALSE,FALSE,FALSE,FALSE,FALSE,FALSE,8937acbbe87ff127e6567f97e52c6a17dbe3ea7052a39a3b76abe25c8e7eeb13,31d3575e77d9d04b75880bca9e10dbd0e13e61d21795052921dd3f702d909dd7
candidate,3,5,1000000,int,FALSE,subtract_scalar,double,compact,2,569,0.165,0.165,ac41a62f122b430ac56496c53bc2efc0f8e7b183de1fa7f57d32683c2f951555,6506614505e113daab08b3f894ca46d4d61867c7b007c413b47a669abe8aae67,0,float,569,TRUE,TRUE,FALSE,FALSE,FALSE,FALSE,FALSE,FALSE,8937acbbe87ff127e6567f97e52c6a17dbe3ea7052a39a3b76abe25c8e7eeb13,31d3575e77d9d04b75880bca9e10dbd0e13e61d21795052921dd3f702d909dd7
candidate,3,5,1000000,int,FALSE,subtract_scalar,double,typed_double,3,536,0.165,0.164,4d7fa72c39df54d095261c83239d5980d0a1ff94839d263f9a7dfea5049791fe,6506614505e113daab08b3f894ca46d4d61867c7b007c413b47a669abe8aae67,0,double,536,FALSE,FALSE,FALSE,FALSE,FALSE,FALSE,FALSE,FALSE,8937acbbe87ff127e6567f97e52c6a17dbe3ea7052a39a3b76abe25c8e7eeb13,31d3575e77d9d04b75880bca9e10dbd0e13e61d21795052921dd3f702d909dd7
candidate,3,6,1000000,int,FALSE,reverse_subtract,double,compact,1,569,0.149999999999999,0.15,4e06bb9d84e68d2b3176d8d9d719b5bb97dc463a99c72430d73baf543d93b6fd,6506614505e113daab08b3f894ca46d4d61867c7b007c413b47a669abe8aae67,0,float,569,TRUE,TRUE,FALSE,FALSE,FALSE,FALSE,FALSE,FALSE,8937acbbe87ff127e6567f97e52c6a17dbe3ea7052a39a3b76abe25c8e7eeb13,31d3575e77d9d04b75880bca9e10dbd0e13e61d21795052921dd3f702d909dd7
candidate,3,6,1000000,int,FALSE,reverse_subtract,double,typed_double,2,552,0.167,0.167,c10b10b4e2f1f397fc6fe7eaa9e5b4584cc0a290911e13c8fea846c487bfa36d,6506614505e113daab08b3f894ca46d4d61867c7b007c413b47a669abe8aae67,0,double,552,FALSE,FALSE,FALSE,FALSE,FALSE,FALSE,FALSE,FALSE,8937acbbe87ff127e6567f97e52c6a17dbe3ea7052a39a3b76abe25c8e7eeb13,31d3575e77d9d04b75880bca9e10dbd0e13e61d21795052921dd3f702d909dd7
candidate,3,6,1000000,int,FALSE,reverse_subtract,double,ordinary,3,605,0.165000000000001,0.164999999999999,c10b10b4e2f1f397fc6fe7eaa9e5b4584cc0a290911e13c8fea846c487bfa36d,6506614505e113daab08b3f894ca46d4d61867c7b007c413b47a669abe8aae67,0,,0,FALSE,FALSE,FALSE,FALSE,FALSE,FALSE,FALSE,FALSE,8937acbbe87ff127e6567f97e52c6a17dbe3ea7052a39a3b76abe25c8e7eeb13,31d3575e77d9d04b75880bca9e10dbd0e13e61d21795052921dd3f702d909dd7
candidate,3,7,1000000,int,FALSE,reverse_divide,double,typed_double,1,507,0.166,0.167,edabd46066f8ec30bbc81fe8d9a4c7ef506d3d9a77408a1b0c6a5be7df3e4721,8dca1eb700a45aaace59ea0c206000bfb6345887d8c82d9a5f1f6a86211aeab4,100,double,507,FALSE,FALSE,FALSE,FALSE,FALSE,FALSE,FALSE,FALSE,8937acbbe87ff127e6567f97e52c6a17dbe3ea7052a39a3b76abe25c8e7eeb13,31d3575e77d9d04b75880bca9e10dbd0e13e61d21795052921dd3f702d909dd7
candidate,3,7,1000000,int,FALSE,reverse_divide,double,ordinary,2,626,0.154000000000002,0.154000000000002,286e6f4fcb574961d21ee0ffc03c2d1c268671051cddf977b0eb1236cc5ce88a,6506614505e113daab08b3f894ca46d4d61867c7b007c413b47a669abe8aae67,0,,0,FALSE,FALSE,FALSE,FALSE,FALSE,FALSE,FALSE,FALSE,8937acbbe87ff127e6567f97e52c6a17dbe3ea7052a39a3b76abe25c8e7eeb13,31d3575e77d9d04b75880bca9e10dbd0e13e61d21795052921dd3f702d909dd7
candidate,3,7,1000000,int,FALSE,reverse_divide,double,compact,3,226,0.148999999999999,0.149000000000001,cbafe8b44fab1872729be2227cecddc875873c3653e6ebf01ce53e917fceee0e,8dca1eb700a45aaace59ea0c206000bfb6345887d8c82d9a5f1f6a86211aeab4,100,float,226,TRUE,TRUE,FALSE,FALSE,FALSE,FALSE,FALSE,FALSE,8937acbbe87ff127e6567f97e52c6a17dbe3ea7052a39a3b76abe25c8e7eeb13,31d3575e77d9d04b75880bca9e10dbd0e13e61d21795052921dd3f702d909dd7
candidate,3,8,1000000,int,FALSE,mixed_add,float,ordinary,1,605,0.157,0.157,5865d7f437b5487c8061f7274c6507b7ec0fc76362cd655e9259ebb78a28f057,6506614505e113daab08b3f894ca46d4d61867c7b007c413b47a669abe8aae67,0,,0,FALSE,FALSE,FALSE,FALSE,FALSE,FALSE,FALSE,FALSE,8937acbbe87ff127e6567f97e52c6a17dbe3ea7052a39a3b76abe25c8e7eeb13,31d3575e77d9d04b75880bca9e10dbd0e13e61d21795052921dd3f702d909dd7
candidate,3,8,1000000,int,FALSE,mixed_add,float,compact,2,244,0.151,0.15,5865d7f437b5487c8061f7274c6507b7ec0fc76362cd655e9259ebb78a28f057,6506614505e113daab08b3f894ca46d4d61867c7b007c413b47a669abe8aae67,0,float,244,TRUE,TRUE,FALSE,FALSE,TRUE,TRUE,FALSE,FALSE,8937acbbe87ff127e6567f97e52c6a17dbe3ea7052a39a3b76abe25c8e7eeb13,31d3575e77d9d04b75880bca9e10dbd0e13e61d21795052921dd3f702d909dd7
candidate,3,8,1000000,int,FALSE,mixed_add,float,typed_double,3,469,0.150000000000001,0.148,5865d7f437b5487c8061f7274c6507b7ec0fc76362cd655e9259ebb78a28f057,6506614505e113daab08b3f894ca46d4d61867c7b007c413b47a669abe8aae67,0,double,469,FALSE,FALSE,FALSE,FALSE,FALSE,FALSE,FALSE,FALSE,8937acbbe87ff127e6567f97e52c6a17dbe3ea7052a39a3b76abe25c8e7eeb13,31d3575e77d9d04b75880bca9e10dbd0e13e61d21795052921dd3f702d909dd7
candidate,3,9,1000000,int,FALSE,mixed_multiply,float,compact,1,244,0.152,0.151,74e198320fcef535d96d5240bf6315c7f048f937cff6728206c4dc3e49c71557,6506614505e113daab08b3f894ca46d4d61867c7b007c413b47a669abe8aae67,0,float,244,TRUE,TRUE,FALSE,FALSE,TRUE,TRUE,FALSE,FALSE,8937acbbe87ff127e6567f97e52c6a17dbe3ea7052a39a3b76abe25c8e7eeb13,31d3575e77d9d04b75880bca9e10dbd0e13e61d21795052921dd3f702d909dd7
candidate,3,9,1000000,int,FALSE,mixed_multiply,float,typed_double,2,481,0.151,0.151,74e198320fcef535d96d5240bf6315c7f048f937cff6728206c4dc3e49c71557,6506614505e113daab08b3f894ca46d4d61867c7b007c413b47a669abe8aae67,0,double,481,FALSE,FALSE,FALSE,FALSE,FALSE,FALSE,FALSE,FALSE,8937acbbe87ff127e6567f97e52c6a17dbe3ea7052a39a3b76abe25c8e7eeb13,31d3575e77d9d04b75880bca9e10dbd0e13e61d21795052921dd3f702d909dd7
candidate,3,9,1000000,int,FALSE,mixed_multiply,float,ordinary,3,605,0.169,0.17,74e198320fcef535d96d5240bf6315c7f048f937cff6728206c4dc3e49c71557,6506614505e113daab08b3f894ca46d4d61867c7b007c413b47a669abe8aae67,0,,0,FALSE,FALSE,FALSE,FALSE,FALSE,FALSE,FALSE,FALSE,8937acbbe87ff127e6567f97e52c6a17dbe3ea7052a39a3b76abe25c8e7eeb13,31d3575e77d9d04b75880bca9e10dbd0e13e61d21795052921dd3f702d909dd7
candidate,3,10,1000000,int,TRUE,scale_binary,double,typed_double,1,552,0.149000000000001,0.149000000000001,406aa86104df9ebd1e49e25bbc9266cbc0cc152fd09e7d28efa1e3b9f07c7f98,256764253c19afe4b22c7738fb2f83098a03d4dbde3db39ee8c24b205a95942a,1003,double,552,FALSE,FALSE,FALSE,FALSE,FALSE,FALSE,FALSE,FALSE,5af7169f9d20a77a6f06236647a66be1493d6e155163c245a466bda43242d0e7,6a2baa27cd05157233063b825243be4bdf1a2dbc88db2a6cdfd0b2527b28716b
candidate,3,10,1000000,int,TRUE,scale_binary,double,ordinary,2,586,0.161,0.161000000000001,b10ddc1e7177ef92cdb14943c3981218bcd426a31f9c7d156ed4dbd4ea86c948,256764253c19afe4b22c7738fb2f83098a03d4dbde3db39ee8c24b205a95942a,1003,,0,FALSE,FALSE,FALSE,FALSE,FALSE,FALSE,FALSE,FALSE,5af7169f9d20a77a6f06236647a66be1493d6e155163c245a466bda43242d0e7,6a2baa27cd05157233063b825243be4bdf1a2dbc88db2a6cdfd0b2527b28716b
candidate,3,10,1000000,int,TRUE,scale_binary,double,compact,3,552,0.134000000000003,0.133000000000003,406aa86104df9ebd1e49e25bbc9266cbc0cc152fd09e7d28efa1e3b9f07c7f98,256764253c19afe4b22c7738fb2f83098a03d4dbde3db39ee8c24b205a95942a,1003,int,552,TRUE,TRUE,FALSE,FALSE,FALSE,FALSE,FALSE,FALSE,5af7169f9d20a77a6f06236647a66be1493d6e155163c245a466bda43242d0e7,6a2baa27cd05157233063b825243be4bdf1a2dbc88db2a6cdfd0b2527b28716b
candidate,3,11,1000000,int,TRUE,scale_general,double,ordinary,1,626,0.167000000000002,0.166,ea5220c4891c83ca4d6c555d28f6502adbaf6141ce7d6cf4825e9d27d0d51944,256764253c19afe4b22c7738fb2f83098a03d4dbde3db39ee8c24b205a95942a,1003,,0,FALSE,FALSE,FALSE,FALSE,FALSE,FALSE,FALSE,FALSE,5af7169f9d20a77a6f06236647a66be1493d6e155163c245a466bda43242d0e7,6a2baa27cd05157233063b825243be4bdf1a2dbc88db2a6cdfd0b2527b28716b
candidate,3,11,1000000,int,TRUE,scale_general,double,compact,2,521,0.150000000000002,0.151,38447e334649e5d7eda33f0001bed517c428980c028a15d2e1699be9ef65cf3a,256764253c19afe4b22c7738fb2f83098a03d4dbde3db39ee8c24b205a95942a,1003,float,521,TRUE,TRUE,FALSE,FALSE,FALSE,FALSE,FALSE,FALSE,5af7169f9d20a77a6f06236647a66be1493d6e155163c245a466bda43242d0e7,6a2baa27cd05157233063b825243be4bdf1a2dbc88db2a6cdfd0b2527b28716b
candidate,3,11,1000000,int,TRUE,scale_general,double,typed_double,3,552,0.148999999999997,0.148999999999997,69569d7d3b174986a7ae48d2c2f67dcea32be4e102725873e2cfa7cf5e4f9d02,256764253c19afe4b22c7738fb2f83098a03d4dbde3db39ee8c24b205a95942a,1003,double,552,FALSE,FALSE,FALSE,FALSE,FALSE,FALSE,FALSE,FALSE,5af7169f9d20a77a6f06236647a66be1493d6e155163c245a466bda43242d0e7,6a2baa27cd05157233063b825243be4bdf1a2dbc88db2a6cdfd0b2527b28716b
candidate,3,12,1000000,int,TRUE,pair_compact_double,double,compact,1,361,0.146999999999997,0.145999999999997,087fb12a32e314d333c4287225113c3c6e3a135a9c18c162b3b5753b80f4350c,d842a810a046337b5363ff7dafdaa01aa4553912ce2afa4ee95c617158d8e0e7,2011,double,361,TRUE,TRUE,FALSE,FALSE,FALSE,FALSE,FALSE,FALSE,5af7169f9d20a77a6f06236647a66be1493d6e155163c245a466bda43242d0e7,6a2baa27cd05157233063b825243be4bdf1a2dbc88db2a6cdfd0b2527b28716b
candidate,3,12,1000000,int,TRUE,pair_compact_double,double,typed_double,2,481,0.150999999999999,0.149999999999999,087fb12a32e314d333c4287225113c3c6e3a135a9c18c162b3b5753b80f4350c,d842a810a046337b5363ff7dafdaa01aa4553912ce2afa4ee95c617158d8e0e7,2011,double,481,FALSE,FALSE,FALSE,FALSE,FALSE,FALSE,FALSE,FALSE,5af7169f9d20a77a6f06236647a66be1493d6e155163c245a466bda43242d0e7,6a2baa27cd05157233063b825243be4bdf1a2dbc88db2a6cdfd0b2527b28716b
candidate,3,12,1000000,int,TRUE,pair_compact_double,double,ordinary,3,605,0.169,0.170000000000002,ea5ac2e3896755c3d5082b83561d8673bb4f0147a7690b804a8d74cecbeda4c1,d842a810a046337b5363ff7dafdaa01aa4553912ce2afa4ee95c617158d8e0e7,2011,,0,FALSE,FALSE,FALSE,FALSE,FALSE,FALSE,FALSE,FALSE,5af7169f9d20a77a6f06236647a66be1493d6e155163c245a466bda43242d0e7,6a2baa27cd05157233063b825243be4bdf1a2dbc88db2a6cdfd0b2527b28716b
candidate,3,13,1000000,int,TRUE,add_scalar,double,typed_double,1,569,0.152000000000001,0.152999999999999,3c99edfd213a70ad9e7387e7d2693e7278b2f41d1da572a7c0f2c136c10a0f54,256764253c19afe4b22c7738fb2f83098a03d4dbde3db39ee8c24b205a95942a,1003,double,569,FALSE,FALSE,FALSE,FALSE,FALSE,FALSE,FALSE,FALSE,5af7169f9d20a77a6f06236647a66be1493d6e155163c245a466bda43242d0e7,6a2baa27cd05157233063b825243be4bdf1a2dbc88db2a6cdfd0b2527b28716b
candidate,3,13,1000000,int,TRUE,add_scalar,double,ordinary,2,625,0.166,0.166,a05775d63d44cef2dc1fafd0012e87fb382790e3551020edeb65dba214805f6a,256764253c19afe4b22c7738fb2f83098a03d4dbde3db39ee8c24b205a95942a,1003,,0,FALSE,FALSE,FALSE,FALSE,FALSE,FALSE,FALSE,FALSE,5af7169f9d20a77a6f06236647a66be1493d6e155163c245a466bda43242d0e7,6a2baa27cd05157233063b825243be4bdf1a2dbc88db2a6cdfd0b2527b28716b
candidate,3,13,1000000,int,TRUE,add_scalar,double,compact,3,507,0.146000000000001,0.146000000000001,9298ae1fd450cae2b62dc96ace3bab841bc59b30cfc46e1ecc19a5d300510c90,256764253c19afe4b22c7738fb2f83098a03d4dbde3db39ee8c24b205a95942a,1003,float,507,TRUE,TRUE,FALSE,FALSE,FALSE,FALSE,FALSE,FALSE,5af7169f9d20a77a6f06236647a66be1493d6e155163c245a466bda43242d0e7,6a2baa27cd05157233063b825243be4bdf1a2dbc88db2a6cdfd0b2527b28716b
candidate,3,14,1000000,int,TRUE,subtract_scalar,double,ordinary,1,625,0.151,0.151,66c6c50fe1b9ab56178355238f6fb6b10837cc4c6935acaf14868f2895baa864,256764253c19afe4b22c7738fb2f83098a03d4dbde3db39ee8c24b205a95942a,1003,,0,FALSE,FALSE,FALSE,FALSE,FALSE,FALSE,FALSE,FALSE,5af7169f9d20a77a6f06236647a66be1493d6e155163c245a466bda43242d0e7,6a2baa27cd05157233063b825243be4bdf1a2dbc88db2a6cdfd0b2527b28716b
candidate,3,14,1000000,int,TRUE,subtract_scalar,double,compact,2,521,0.151,0.151,d1a2fd6c5ab8d0e4a10c61dbb097a7ab3009923cb6ed72a793f42244b3f68ec6,256764253c19afe4b22c7738fb2f83098a03d4dbde3db39ee8c24b205a95942a,1003,float,521,TRUE,TRUE,FALSE,FALSE,FALSE,FALSE,FALSE,FALSE,5af7169f9d20a77a6f06236647a66be1493d6e155163c245a466bda43242d0e7,6a2baa27cd05157233063b825243be4bdf1a2dbc88db2a6cdfd0b2527b28716b
candidate,3,14,1000000,int,TRUE,subtract_scalar,double,typed_double,3,569,0.168000000000002,0.167000000000002,0834dd898be45a06c2b25b69b1eaac5c18492a3f92f29fe34d2ee1bca21c6c24,256764253c19afe4b22c7738fb2f83098a03d4dbde3db39ee8c24b205a95942a,1003,double,569,FALSE,FALSE,FALSE,FALSE,FALSE,FALSE,FALSE,FALSE,5af7169f9d20a77a6f06236647a66be1493d6e155163c245a466bda43242d0e7,6a2baa27cd05157233063b825243be4bdf1a2dbc88db2a6cdfd0b2527b28716b
candidate,3,15,1000000,int,TRUE,reverse_subtract,double,compact,1,521,0.151000000000002,0.150000000000002,ce55a919f3651ad54050585ceac6df58ade9a7234536c53b2e30cf24dc97456a,256764253c19afe4b22c7738fb2f83098a03d4dbde3db39ee8c24b205a95942a,1003,float,521,TRUE,TRUE,FALSE,FALSE,FALSE,FALSE,FALSE,FALSE,5af7169f9d20a77a6f06236647a66be1493d6e155163c245a466bda43242d0e7,6a2baa27cd05157233063b825243be4bdf1a2dbc88db2a6cdfd0b2527b28716b
candidate,3,15,1000000,int,TRUE,reverse_subtract,double,typed_double,2,569,0.169999999999997,0.170000000000002,7772556aaab7540c9cbc83fbef93b5ce837a74b5f0bfbf9f4d7e1d6c2f9d6aca,256764253c19afe4b22c7738fb2f83098a03d4dbde3db39ee8c24b205a95942a,1003,double,569,FALSE,FALSE,FALSE,FALSE,FALSE,FALSE,FALSE,FALSE,5af7169f9d20a77a6f06236647a66be1493d6e155163c245a466bda43242d0e7,6a2baa27cd05157233063b825243be4bdf1a2dbc88db2a6cdfd0b2527b28716b
candidate,3,15,1000000,int,TRUE,reverse_subtract,double,ordinary,3,625,0.149000000000001,0.149000000000001,eeadc1ac8a182c5e9ac0af8ed545484b93cc60cd2781d423e67e76b038bbb02f,256764253c19afe4b22c7738fb2f83098a03d4dbde3db39ee8c24b205a95942a,1003,,0,FALSE,FALSE,FALSE,FALSE,FALSE,FALSE,FALSE,FALSE,5af7169f9d20a77a6f06236647a66be1493d6e155163c245a466bda43242d0e7,6a2baa27cd05157233063b825243be4bdf1a2dbc88db2a6cdfd0b2527b28716b
candidate,3,16,1000000,int,TRUE,reverse_divide,double,typed_double,1,536,0.169999999999998,0.171000000000003,46c9fedb1b90dde4d28d485b133b143f17d4c7ef7b2ba3baae533c5a3d0656ea,e18be1b0e89b4a0c64a4b1d8acff45284e54d26e14e2d4cbb5f3b282ba9e2bbf,1103,double,536,FALSE,FALSE,FALSE,FALSE,FALSE,FALSE,FALSE,FALSE,5af7169f9d20a77a6f06236647a66be1493d6e155163c245a466bda43242d0e7,6a2baa27cd05157233063b825243be4bdf1a2dbc88db2a6cdfd0b2527b28716b
candidate,3,16,1000000,int,TRUE,reverse_divide,double,ordinary,2,626,0.153999999999999,0.152000000000001,5919a3b9c611a609b75579ae435ea59e6a6602e36aae9ea52a62df3f56ed00e9,256764253c19afe4b22c7738fb2f83098a03d4dbde3db39ee8c24b205a95942a,1003,,0,FALSE,FALSE,FALSE,FALSE,FALSE,FALSE,FALSE,FALSE,5af7169f9d20a77a6f06236647a66be1493d6e155163c245a466bda43242d0e7,6a2baa27cd05157233063b825243be4bdf1a2dbc88db2a6cdfd0b2527b28716b
candidate,3,16,1000000,int,TRUE,reverse_divide,double,compact,3,226,0.149999999999999,0.148999999999997,8e2880166f67afb3324288a562f812ea1ac87aa63f348f9c4373df1017394a64,e18be1b0e89b4a0c64a4b1d8acff45284e54d26e14e2d4cbb5f3b282ba9e2bbf,1103,float,226,TRUE,TRUE,FALSE,FALSE,FALSE,FALSE,FALSE,FALSE,5af7169f9d20a77a6f06236647a66be1493d6e155163c245a466bda43242d0e7,6a2baa27cd05157233063b825243be4bdf1a2dbc88db2a6cdfd0b2527b28716b
candidate,3,17,1000000,int,TRUE,mixed_add,float,ordinary,1,605,0.154,0.154,ea5ac2e3896755c3d5082b83561d8673bb4f0147a7690b804a8d74cecbeda4c1,d842a810a046337b5363ff7dafdaa01aa4553912ce2afa4ee95c617158d8e0e7,2011,,0,FALSE,FALSE,FALSE,FALSE,FALSE,FALSE,FALSE,FALSE,5af7169f9d20a77a6f06236647a66be1493d6e155163c245a466bda43242d0e7,6a2baa27cd05157233063b825243be4bdf1a2dbc88db2a6cdfd0b2527b28716b
candidate,3,17,1000000,int,TRUE,mixed_add,float,compact,2,174,0.149999999999999,0.150000000000002,087fb12a32e314d333c4287225113c3c6e3a135a9c18c162b3b5753b80f4350c,d842a810a046337b5363ff7dafdaa01aa4553912ce2afa4ee95c617158d8e0e7,2011,float,174,TRUE,TRUE,FALSE,FALSE,TRUE,TRUE,FALSE,FALSE,5af7169f9d20a77a6f06236647a66be1493d6e155163c245a466bda43242d0e7,6a2baa27cd05157233063b825243be4bdf1a2dbc88db2a6cdfd0b2527b28716b
candidate,3,17,1000000,int,TRUE,mixed_add,float,typed_double,3,481,0.152999999999997,0.152000000000001,087fb12a32e314d333c4287225113c3c6e3a135a9c18c162b3b5753b80f4350c,d842a810a046337b5363ff7dafdaa01aa4553912ce2afa4ee95c617158d8e0e7,2011,double,481,FALSE,FALSE,FALSE,FALSE,FALSE,FALSE,FALSE,FALSE,5af7169f9d20a77a6f06236647a66be1493d6e155163c245a466bda43242d0e7,6a2baa27cd05157233063b825243be4bdf1a2dbc88db2a6cdfd0b2527b28716b
candidate,3,18,1000000,int,TRUE,mixed_multiply,float,compact,1,174,0.152999999999997,0.152000000000001,567cb444c88381ecb7601b5374668c9d2a719ee733326a0fd33b4e0cf98f607d,d842a810a046337b5363ff7dafdaa01aa4553912ce2afa4ee95c617158d8e0e7,2011,float,174,TRUE,TRUE,FALSE,FALSE,TRUE,TRUE,FALSE,FALSE,5af7169f9d20a77a6f06236647a66be1493d6e155163c245a466bda43242d0e7,6a2baa27cd05157233063b825243be4bdf1a2dbc88db2a6cdfd0b2527b28716b
candidate,3,18,1000000,int,TRUE,mixed_multiply,float,typed_double,2,481,0.165000000000003,0.164999999999999,567cb444c88381ecb7601b5374668c9d2a719ee733326a0fd33b4e0cf98f607d,d842a810a046337b5363ff7dafdaa01aa4553912ce2afa4ee95c617158d8e0e7,2011,double,481,FALSE,FALSE,FALSE,FALSE,FALSE,FALSE,FALSE,FALSE,5af7169f9d20a77a6f06236647a66be1493d6e155163c245a466bda43242d0e7,6a2baa27cd05157233063b825243be4bdf1a2dbc88db2a6cdfd0b2527b28716b
candidate,3,18,1000000,int,TRUE,mixed_multiply,float,ordinary,3,605,0.155000000000001,0.154999999999998,4e15a12f73c542a9193d69c8d13f89eb8b7adf975c41c2fdf2ef19e40aa99344,d842a810a046337b5363ff7dafdaa01aa4553912ce2afa4ee95c617158d8e0e7,2011,,0,FALSE,FALSE,FALSE,FALSE,FALSE,FALSE,FALSE,FALSE,5af7169f9d20a77a6f06236647a66be1493d6e155163c245a466bda43242d0e7,6a2baa27cd05157233063b825243be4bdf1a2dbc88db2a6cdfd0b2527b28716b
candidate,3,19,1000000,float,FALSE,scale_binary,double,typed_double,1,569,0.155000000000001,0.154999999999998,5e4cb543f32269b2c2218b394ad1c41d44f6b32b3f8be7d200655b3b7d11f177,6506614505e113daab08b3f894ca46d4d61867c7b007c413b47a669abe8aae67,0,double,569,FALSE,FALSE,FALSE,FALSE,FALSE,FALSE,FALSE,FALSE,7f1c1a27229f7a699fa85ff90b5be1266497c462407b39b11f6d94015af8e8ad,31d3575e77d9d04b75880bca9e10dbd0e13e61d21795052921dd3f702d909dd7
candidate,3,19,1000000,float,FALSE,scale_binary,double,ordinary,2,625,0.166,0.166999999999998,5e4cb543f32269b2c2218b394ad1c41d44f6b32b3f8be7d200655b3b7d11f177,6506614505e113daab08b3f894ca46d4d61867c7b007c413b47a669abe8aae67,0,,0,FALSE,FALSE,FALSE,FALSE,FALSE,FALSE,FALSE,FALSE,7f1c1a27229f7a699fa85ff90b5be1266497c462407b39b11f6d94015af8e8ad,31d3575e77d9d04b75880bca9e10dbd0e13e61d21795052921dd3f702d909dd7
candidate,3,19,1000000,float,FALSE,scale_binary,double,compact,3,458,0.148,0.149000000000001,5e4cb543f32269b2c2218b394ad1c41d44f6b32b3f8be7d200655b3b7d11f177,6506614505e113daab08b3f894ca46d4d61867c7b007c413b47a669abe8aae67,0,float,458,TRUE,TRUE,FALSE,FALSE,FALSE,FALSE,FALSE,FALSE,7f1c1a27229f7a699fa85ff90b5be1266497c462407b39b11f6d94015af8e8ad,31d3575e77d9d04b75880bca9e10dbd0e13e61d21795052921dd3f702d909dd7
candidate,3,20,1000000,float,FALSE,scale_general,double,ordinary,1,625,0.166,0.166,f26b519d09797e4f4941392e4b52f307c71832f0aaad54da617e9078fe055e1c,6506614505e113daab08b3f894ca46d4d61867c7b007c413b47a669abe8aae67,0,,0,FALSE,FALSE,FALSE,FALSE,FALSE,FALSE,FALSE,FALSE,7f1c1a27229f7a699fa85ff90b5be1266497c462407b39b11f6d94015af8e8ad,31d3575e77d9d04b75880bca9e10dbd0e13e61d21795052921dd3f702d909dd7
candidate,3,20,1000000,float,FALSE,scale_general,double,compact,2,354,0.147999999999996,0.148000000000003,72cc5cf98cf5a5166668db2e8420adb3bc862ec1b003fbdd7aeb0a9746f22870,6506614505e113daab08b3f894ca46d4d61867c7b007c413b47a669abe8aae67,0,float,354,TRUE,TRUE,FALSE,FALSE,FALSE,FALSE,FALSE,FALSE,7f1c1a27229f7a699fa85ff90b5be1266497c462407b39b11f6d94015af8e8ad,31d3575e77d9d04b75880bca9e10dbd0e13e61d21795052921dd3f702d909dd7
candidate,3,20,1000000,float,FALSE,scale_general,double,typed_double,3,552,0.150000000000006,0.149999999999999,f26b519d09797e4f4941392e4b52f307c71832f0aaad54da617e9078fe055e1c,6506614505e113daab08b3f894ca46d4d61867c7b007c413b47a669abe8aae67,0,double,552,FALSE,FALSE,FALSE,FALSE,FALSE,FALSE,FALSE,FALSE,7f1c1a27229f7a699fa85ff90b5be1266497c462407b39b11f6d94015af8e8ad,31d3575e77d9d04b75880bca9e10dbd0e13e61d21795052921dd3f702d909dd7
candidate,3,21,1000000,float,FALSE,pair_compact_double,double,compact,1,469,0.146999999999998,0.147999999999996,d0adc5c3f77a8c464e25cdf403e40486acf05d6b089dad00367eb8620a0a608e,6506614505e113daab08b3f894ca46d4d61867c7b007c413b47a669abe8aae67,0,double,469,TRUE,TRUE,FALSE,FALSE,FALSE,FALSE,FALSE,FALSE,7f1c1a27229f7a699fa85ff90b5be1266497c462407b39b11f6d94015af8e8ad,31d3575e77d9d04b75880bca9e10dbd0e13e61d21795052921dd3f702d909dd7
candidate,3,21,1000000,float,FALSE,pair_compact_double,double,typed_double,2,481,0.168999999999999,0.168000000000006,d0adc5c3f77a8c464e25cdf403e40486acf05d6b089dad00367eb8620a0a608e,6506614505e113daab08b3f894ca46d4d61867c7b007c413b47a669abe8aae67,0,double,481,FALSE,FALSE,FALSE,FALSE,FALSE,FALSE,FALSE,FALSE,7f1c1a27229f7a699fa85ff90b5be1266497c462407b39b11f6d94015af8e8ad,31d3575e77d9d04b75880bca9e10dbd0e13e61d21795052921dd3f702d909dd7
candidate,3,21,1000000,float,FALSE,pair_compact_double,double,ordinary,3,605,0.162000000000001,0.161000000000001,d0adc5c3f77a8c464e25cdf403e40486acf05d6b089dad00367eb8620a0a608e,6506614505e113daab08b3f894ca46d4d61867c7b007c413b47a669abe8aae67,0,,0,FALSE,FALSE,FALSE,FALSE,FALSE,FALSE,FALSE,FALSE,7f1c1a27229f7a699fa85ff90b5be1266497c462407b39b11f6d94015af8e8ad,31d3575e77d9d04b75880bca9e10dbd0e13e61d21795052921dd3f702d909dd7
candidate,3,22,1000000,float,FALSE,add_scalar,double,typed_double,1,552,0.167000000000002,0.166999999999994,292e89d47e6240bb2914ef7ad37d7e757276712199771e9df56100a008a8cb8c,6506614505e113daab08b3f894ca46d4d61867c7b007c413b47a669abe8aae67,0,double,552,FALSE,FALSE,FALSE,FALSE,FALSE,FALSE,FALSE,FALSE,7f1c1a27229f7a699fa85ff90b5be1266497c462407b39b11f6d94015af8e8ad,31d3575e77d9d04b75880bca9e10dbd0e13e61d21795052921dd3f702d909dd7
candidate,3,22,1000000,float,FALSE,add_scalar,double,ordinary,2,625,0.151000000000003,0.151000000000003,292e89d47e6240bb2914ef7ad37d7e757276712199771e9df56100a008a8cb8c,6506614505e113daab08b3f894ca46d4d61867c7b007c413b47a669abe8aae67,0,,0,FALSE,FALSE,FALSE,FALSE,FALSE,FALSE,FALSE,FALSE,7f1c1a27229f7a699fa85ff90b5be1266497c462407b39b11f6d94015af8e8ad,31d3575e77d9d04b75880bca9e10dbd0e13e61d21795052921dd3f702d909dd7
candidate,3,22,1000000,float,FALSE,add_scalar,double,compact,3,361,0.150999999999996,0.151000000000003,6f4e6deefcbd4cb8847d97ac43d7047c827b45b8a7d41e59355544434442b07b,6506614505e113daab08b3f894ca46d4d61867c7b007c413b47a669abe8aae67,0,float,361,TRUE,TRUE,FALSE,FALSE,FALSE,FALSE,FALSE,FALSE,7f1c1a27229f7a699fa85ff90b5be1266497c462407b39b11f6d94015af8e8ad,31d3575e77d9d04b75880bca9e10dbd0e13e61d21795052921dd3f702d909dd7
candidate,3,23,1000000,float,FALSE,subtract_scalar,double,ordinary,1,625,0.149999999999999,0.151000000000003,13a3239df0a7d9c4766e9cb1022fe126007afc38c9539ef233ed4bf785d961fa,6506614505e113daab08b3f894ca46d4d61867c7b007c413b47a669abe8aae67,0,,0,FALSE,FALSE,FALSE,FALSE,FALSE,FALSE,FALSE,FALSE,7f1c1a27229f7a699fa85ff90b5be1266497c462407b39b11f6d94015af8e8ad,31d3575e77d9d04b75880bca9e10dbd0e13e61d21795052921dd3f702d909dd7
candidate,3,23,1000000,float,FALSE,subtract_scalar,double,compact,2,361,0.149999999999999,0.150999999999996,73750801b993e37ef9c262c8c6c20433be5d4f8f21bfd0757cae3f70c74eda3f,6506614505e113daab08b3f894ca46d4d61867c7b007c413b47a669abe8aae67,0,float,361,TRUE,TRUE,FALSE,FALSE,FALSE,FALSE,FALSE,FALSE,7f1c1a27229f7a699fa85ff90b5be1266497c462407b39b11f6d94015af8e8ad,31d3575e77d9d04b75880bca9e10dbd0e13e61d21795052921dd3f702d909dd7
candidate,3,23,1000000,float,FALSE,subtract_scalar,double,typed_double,3,552,0.165999999999997,0.165999999999997,13a3239df0a7d9c4766e9cb1022fe126007afc38c9539ef233ed4bf785d961fa,6506614505e113daab08b3f894ca46d4d61867c7b007c413b47a669abe8aae67,0,double,552,FALSE,FALSE,FALSE,FALSE,FALSE,FALSE,FALSE,FALSE,7f1c1a27229f7a699fa85ff90b5be1266497c462407b39b11f6d94015af8e8ad,31d3575e77d9d04b75880bca9e10dbd0e13e61d21795052921dd3f702d909dd7
candidate,3,24,1000000,float,FALSE,reverse_subtract,double,compact,1,361,0.150000000000006,0.150999999999996,8505db92c32dc0b74614f948c8784986a3d42738b9f7afa126ec04569b48eaee,6506614505e113daab08b3f894ca46d4d61867c7b007c413b47a669abe8aae67,0,float,361,TRUE,TRUE,FALSE,FALSE,FALSE,FALSE,FALSE,FALSE,7f1c1a27229f7a699fa85ff90b5be1266497c462407b39b11f6d94015af8e8ad,31d3575e77d9d04b75880bca9e10dbd0e13e61d21795052921dd3f702d909dd7
candidate,3,24,1000000,float,FALSE,reverse_subtract,double,typed_double,2,569,0.171000000000002,0.170999999999999,391f82ff13066d79bb9813a2dd5b66c086c00b72de2d0e201e0f4f7b85274c2e,6506614505e113daab08b3f894ca46d4d61867c7b007c413b47a669abe8aae67,0,double,569,FALSE,FALSE,FALSE,FALSE,FALSE,FALSE,FALSE,FALSE,7f1c1a27229f7a699fa85ff90b5be1266497c462407b39b11f6d94015af8e8ad,31d3575e77d9d04b75880bca9e10dbd0e13e61d21795052921dd3f702d909dd7
candidate,3,24,1000000,float,FALSE,reverse_subtract,double,ordinary,3,625,0.151999999999996,0.150999999999996,391f82ff13066d79bb9813a2dd5b66c086c00b72de2d0e201e0f4f7b85274c2e,6506614505e113daab08b3f894ca46d4d61867c7b007c413b47a669abe8aae67,0,,0,FALSE,FALSE,FALSE,FALSE,FALSE,FALSE,FALSE,FALSE,7f1c1a27229f7a699fa85ff90b5be1266497c462407b39b11f6d94015af8e8ad,31d3575e77d9d04b75880bca9e10dbd0e13e61d21795052921dd3f702d909dd7
candidate,3,25,1000000,float,FALSE,reverse_divide,double,typed_double,1,507,0.165000000000001,0.166000000000004,15a9dee60e7ad6b7bfec0a17ebb879c1d0b34de12d63f490ed9b30d95ad74ac9,8dca1eb700a45aaace59ea0c206000bfb6345887d8c82d9a5f1f6a86211aeab4,100,double,507,FALSE,FALSE,FALSE,FALSE,FALSE,FALSE,FALSE,FALSE,7f1c1a27229f7a699fa85ff90b5be1266497c462407b39b11f6d94015af8e8ad,31d3575e77d9d04b75880bca9e10dbd0e13e61d21795052921dd3f702d909dd7
candidate,3,25,1000000,float,FALSE,reverse_divide,double,ordinary,2,625,0.152000000000001,0.151000000000003,c250debf3d2a27908112bc09ce59d257ab86068363b108d2b491520e8193453e,6506614505e113daab08b3f894ca46d4d61867c7b007c413b47a669abe8aae67,0,,0,FALSE,FALSE,FALSE,FALSE,FALSE,FALSE,FALSE,FALSE,7f1c1a27229f7a699fa85ff90b5be1266497c462407b39b11f6d94015af8e8ad,31d3575e77d9d04b75880bca9e10dbd0e13e61d21795052921dd3f702d909dd7
candidate,3,25,1000000,float,FALSE,reverse_divide,double,compact,3,293,0.148999999999996,0.148000000000003,00373f8d5dc76e6b2961c6a8330b8894595f6e122b305a6913901d94ac47d968,8dca1eb700a45aaace59ea0c206000bfb6345887d8c82d9a5f1f6a86211aeab4,100,float,293,TRUE,TRUE,FALSE,FALSE,FALSE,FALSE,FALSE,FALSE,7f1c1a27229f7a699fa85ff90b5be1266497c462407b39b11f6d94015af8e8ad,31d3575e77d9d04b75880bca9e10dbd0e13e61d21795052921dd3f702d909dd7
candidate,3,26,1000000,float,TRUE,scale_binary,double,ordinary,1,647,0.170000000000002,0.169999999999995,21fac45dcda0cbc0ba9e1f553d3be3fedd245b921d5e2e4497a8d64f1e038117,256764253c19afe4b22c7738fb2f83098a03d4dbde3db39ee8c24b205a95942a,1003,,0,FALSE,FALSE,FALSE,FALSE,FALSE,FALSE,FALSE,FALSE,ee8f1f1d17d164fc3d811ad86cc889d11c328f41d3cd55762069bc2161e48c9f,6a2baa27cd05157233063b825243be4bdf1a2dbc88db2a6cdfd0b2527b28716b
candidate,3,26,1000000,float,TRUE,scale_binary,double,compact,2,458,0.147999999999998,0.147999999999996,c2d92a8e75010c0ddb80329b9ca6cc4898ca1d4543392f8c8382c3fbfeeb5b4b,256764253c19afe4b22c7738fb2f83098a03d4dbde3db39ee8c24b205a95942a,1003,float,458,TRUE,TRUE,FALSE,FALSE,FALSE,FALSE,FALSE,FALSE,ee8f1f1d17d164fc3d811ad86cc889d11c328f41d3cd55762069bc2161e48c9f,6a2baa27cd05157233063b825243be4bdf1a2dbc88db2a6cdfd0b2527b28716b
candidate,3,26,1000000,float,TRUE,scale_binary,double,typed_double,3,569,0.167999999999999,0.167000000000002,c2d92a8e75010c0ddb80329b9ca6cc4898ca1d4543392f8c8382c3fbfeeb5b4b,256764253c19afe4b22c7738fb2f83098a03d4dbde3db39ee8c24b205a95942a,1003,double,569,FALSE,FALSE,FALSE,FALSE,FALSE,FALSE,FALSE,FALSE,ee8f1f1d17d164fc3d811ad86cc889d11c328f41d3cd55762069bc2161e48c9f,6a2baa27cd05157233063b825243be4bdf1a2dbc88db2a6cdfd0b2527b28716b
candidate,3,27,1000000,float,TRUE,scale_general,double,compact,1,276,0.149999999999999,0.149999999999999,c58bc992720c328eca610e60f8c3f93d7d61df77946cf51b8626b0d8b78368ef,256764253c19afe4b22c7738fb2f83098a03d4dbde3db39ee8c24b205a95942a,1003,float,276,TRUE,TRUE,FALSE,FALSE,FALSE,FALSE,FALSE,FALSE,ee8f1f1d17d164fc3d811ad86cc889d11c328f41d3cd55762069bc2161e48c9f,6a2baa27cd05157233063b825243be4bdf1a2dbc88db2a6cdfd0b2527b28716b
candidate,3,27,1000000,float,TRUE,scale_general,double,typed_double,2,569,0.151000000000003,0.152000000000001,ea87b3dd63bfda18195aef508608398181a11f876a570f6017c0c100c3497f49,256764253c19afe4b22c7738fb2f83098a03d4dbde3db39ee8c24b205a95942a,1003,double,569,FALSE,FALSE,FALSE,FALSE,FALSE,FALSE,FALSE,FALSE,ee8f1f1d17d164fc3d811ad86cc889d11c328f41d3cd55762069bc2161e48c9f,6a2baa27cd05157233063b825243be4bdf1a2dbc88db2a6cdfd0b2527b28716b
candidate,3,27,1000000,float,TRUE,scale_general,double,ordinary,3,626,0.152999999999999,0.152999999999999,8100d028390097d4a98b44ea0ff4cb617c6204331b80e5c7870832582030541c,256764253c19afe4b22c7738fb2f83098a03d4dbde3db39ee8c24b205a95942a,1003,,0,FALSE,FALSE,FALSE,FALSE,FALSE,FALSE,FALSE,FALSE,ee8f1f1d17d164fc3d811ad86cc889d11c328f41d3cd55762069bc2161e48c9f,6a2baa27cd05157233063b825243be4bdf1a2dbc88db2a6cdfd0b2527b28716b
candidate,3,28,1000000,float,TRUE,pair_compact_double,double,typed_double,1,481,0.167999999999999,0.169000000000004,9778eddf855170d4c4702501b5240fa491a475187859f9e29c120edb42c46621,d842a810a046337b5363ff7dafdaa01aa4553912ce2afa4ee95c617158d8e0e7,2011,double,481,FALSE,FALSE,FALSE,FALSE,FALSE,FALSE,FALSE,FALSE,ee8f1f1d17d164fc3d811ad86cc889d11c328f41d3cd55762069bc2161e48c9f,6a2baa27cd05157233063b825243be4bdf1a2dbc88db2a6cdfd0b2527b28716b
candidate,3,28,1000000,float,TRUE,pair_compact_double,double,ordinary,2,605,0.154999999999996,0.154000000000003,d8927aedee8fcfee16a2d8b73448110e471dbaa24a570b3a223eaaa8fa336e58,d842a810a046337b5363ff7dafdaa01aa4553912ce2afa4ee95c617158d8e0e7,2011,,0,FALSE,FALSE,FALSE,FALSE,FALSE,FALSE,FALSE,FALSE,ee8f1f1d17d164fc3d811ad86cc889d11c328f41d3cd55762069bc2161e48c9f,6a2baa27cd05157233063b825243be4bdf1a2dbc88db2a6cdfd0b2527b28716b
candidate,3,28,1000000,float,TRUE,pair_compact_double,double,compact,3,257,0.121000000000005,0.119999999999997,9778eddf855170d4c4702501b5240fa491a475187859f9e29c120edb42c46621,d842a810a046337b5363ff7dafdaa01aa4553912ce2afa4ee95c617158d8e0e7,2011,double,257,TRUE,TRUE,FALSE,FALSE,FALSE,FALSE,FALSE,FALSE,ee8f1f1d17d164fc3d811ad86cc889d11c328f41d3cd55762069bc2161e48c9f,6a2baa27cd05157233063b825243be4bdf1a2dbc88db2a6cdfd0b2527b28716b
candidate,3,29,1000000,float,TRUE,add_scalar,double,ordinary,1,625,0.153000000000001,0.153000000000006,eea8177113c0d60b0ac4b300317d7673334b9c1e86f37a3c57e9519b022f9d21,256764253c19afe4b22c7738fb2f83098a03d4dbde3db39ee8c24b205a95942a,1003,,0,FALSE,FALSE,FALSE,FALSE,FALSE,FALSE,FALSE,FALSE,ee8f1f1d17d164fc3d811ad86cc889d11c328f41d3cd55762069bc2161e48c9f,6a2baa27cd05157233063b825243be4bdf1a2dbc88db2a6cdfd0b2527b28716b
candidate,3,29,1000000,float,TRUE,add_scalar,double,compact,2,265,0.155999999999999,0.154999999999994,9c2be51cd37c2d7977f794fada049c7c9ccc4011c9f81b26e042008f01cdd93e,256764253c19afe4b22c7738fb2f83098a03d4dbde3db39ee8c24b205a95942a,1003,float,265,TRUE,TRUE,FALSE,FALSE,FALSE,FALSE,FALSE,FALSE,ee8f1f1d17d164fc3d811ad86cc889d11c328f41d3cd55762069bc2161e48c9f,6a2baa27cd05157233063b825243be4bdf1a2dbc88db2a6cdfd0b2527b28716b
candidate,3,29,1000000,float,TRUE,add_scalar,double,typed_double,3,536,0.144999999999996,0.144999999999996,c79c2ec291260c6f8d03c327d90d493416937a3f3bc9b85742b51e17a8fb7647,256764253c19afe4b22c7738fb2f83098a03d4dbde3db39ee8c24b205a95942a,1003,double,536,FALSE,FALSE,FALSE,FALSE,FALSE,FALSE,FALSE,FALSE,ee8f1f1d17d164fc3d811ad86cc889d11c328f41d3cd55762069bc2161e48c9f,6a2baa27cd05157233063b825243be4bdf1a2dbc88db2a6cdfd0b2527b28716b
candidate,3,30,1000000,float,TRUE,subtract_scalar,double,compact,1,276,0.162999999999997,0.164000000000001,7125e60e6e7d4c92d9ed561efe37cfccac1593072e770a4f8d2a58f04113d3ae,256764253c19afe4b22c7738fb2f83098a03d4dbde3db39ee8c24b205a95942a,1003,float,276,TRUE,TRUE,FALSE,FALSE,FALSE,FALSE,FALSE,FALSE,ee8f1f1d17d164fc3d811ad86cc889d11c328f41d3cd55762069bc2161e48c9f,6a2baa27cd05157233063b825243be4bdf1a2dbc88db2a6cdfd0b2527b28716b
candidate,3,30,1000000,float,TRUE,subtract_scalar,double,typed_double,2,552,0.147999999999996,0.148000000000003,5dbef6a14bd33ea02b60ee3c940050585fc891f61a49d29253c64524c4390951,256764253c19afe4b22c7738fb2f83098a03d4dbde3db39ee8c24b205a95942a,1003,double,552,FALSE,FALSE,FALSE,FALSE,FALSE,FALSE,FALSE,FALSE,ee8f1f1d17d164fc3d811ad86cc889d11c328f41d3cd55762069bc2161e48c9f,6a2baa27cd05157233063b825243be4bdf1a2dbc88db2a6cdfd0b2527b28716b
candidate,3,30,1000000,float,TRUE,subtract_scalar,double,ordinary,3,625,0.166000000000004,0.166000000000004,6c2a6fd31fe3ea0da9f40037c0de77776efc81cd73d193a8ace88fee2b5b635c,256764253c19afe4b22c7738fb2f83098a03d4dbde3db39ee8c24b205a95942a,1003,,0,FALSE,FALSE,FALSE,FALSE,FALSE,FALSE,FALSE,FALSE,ee8f1f1d17d164fc3d811ad86cc889d11c328f41d3cd55762069bc2161e48c9f,6a2baa27cd05157233063b825243be4bdf1a2dbc88db2a6cdfd0b2527b28716b
candidate,3,31,1000000,float,TRUE,reverse_subtract,double,typed_double,1,552,0.150000000000001,0.149000000000001,e3656220b598004f8cce68737d35a090279632fb58c8ef4b30d6940c65beb9cb,256764253c19afe4b22c7738fb2f83098a03d4dbde3db39ee8c24b205a95942a,1003,double,552,FALSE,FALSE,FALSE,FALSE,FALSE,FALSE,FALSE,FALSE,ee8f1f1d17d164fc3d811ad86cc889d11c328f41d3cd55762069bc2161e48c9f,6a2baa27cd05157233063b825243be4bdf1a2dbc88db2a6cdfd0b2527b28716b
candidate,3,31,1000000,float,TRUE,reverse_subtract,double,ordinary,2,626,0.171999999999999,0.170999999999999,96030f5d24b08e1ab9b8a2ffa4e31e33a89cd6cbabe88555e164d01758947f47,256764253c19afe4b22c7738fb2f83098a03d4dbde3db39ee8c24b205a95942a,1003,,0,FALSE,FALSE,FALSE,FALSE,FALSE,FALSE,FALSE,FALSE,ee8f1f1d17d164fc3d811ad86cc889d11c328f41d3cd55762069bc2161e48c9f,6a2baa27cd05157233063b825243be4bdf1a2dbc88db2a6cdfd0b2527b28716b
candidate,3,31,1000000,float,TRUE,reverse_subtract,double,compact,3,280,0.152000000000001,0.152000000000001,dad17b9a33695dc668a39e44c085af08afb1a2c7d0c49d2f0b645e18b67308a7,256764253c19afe4b22c7738fb2f83098a03d4dbde3db39ee8c24b205a95942a,1003,float,280,TRUE,TRUE,FALSE,FALSE,FALSE,FALSE,FALSE,FALSE,ee8f1f1d17d164fc3d811ad86cc889d11c328f41d3cd55762069bc2161e48c9f,6a2baa27cd05157233063b825243be4bdf1a2dbc88db2a6cdfd0b2527b28716b
candidate,3,32,1000000,float,TRUE,reverse_divide,double,ordinary,1,626,0.149999999999999,0.149999999999999,53731942d799d1e23d351c412d455100c092173e72bb3ad15061a952b94a6c1e,256764253c19afe4b22c7738fb2f83098a03d4dbde3db39ee8c24b205a95942a,1003,,0,FALSE,FALSE,FALSE,FALSE,FALSE,FALSE,FALSE,FALSE,ee8f1f1d17d164fc3d811ad86cc889d11c328f41d3cd55762069bc2161e48c9f,6a2baa27cd05157233063b825243be4bdf1a2dbc88db2a6cdfd0b2527b28716b
candidate,3,32,1000000,float,TRUE,reverse_divide,double,compact,2,214,0.152000000000003,0.152000000000001,fd1eff5142c284b6c07eab1dafc2d8ac526155178019f828b5505195b8837d7f,e18be1b0e89b4a0c64a4b1d8acff45284e54d26e14e2d4cbb5f3b282ba9e2bbf,1103,float,214,TRUE,TRUE,FALSE,FALSE,FALSE,FALSE,FALSE,FALSE,ee8f1f1d17d164fc3d811ad86cc889d11c328f41d3cd55762069bc2161e48c9f,6a2baa27cd05157233063b825243be4bdf1a2dbc88db2a6cdfd0b2527b28716b
candidate,3,32,1000000,float,TRUE,reverse_divide,double,typed_double,3,521,0.167999999999999,0.168999999999997,27389f6d40427639c8a912484d0249b1c9fab719ac17ee977d76419105918595,e18be1b0e89b4a0c64a4b1d8acff45284e54d26e14e2d4cbb5f3b282ba9e2bbf,1103,double,521,FALSE,FALSE,FALSE,FALSE,FALSE,FALSE,FALSE,FALSE,ee8f1f1d17d164fc3d811ad86cc889d11c328f41d3cd55762069bc2161e48c9f,6a2baa27cd05157233063b825243be4bdf1a2dbc88db2a6cdfd0b2527b28716b
candidate,3,33,1000000,long,FALSE,long_float_add,float,compact,1,361,0.149999999999999,0.151000000000003,5865d7f437b5487c8061f7274c6507b7ec0fc76362cd655e9259ebb78a28f057,6506614505e113daab08b3f894ca46d4d61867c7b007c413b47a669abe8aae67,0,double,361,TRUE,TRUE,FALSE,FALSE,TRUE,TRUE,FALSE,FALSE,8937acbbe87ff127e6567f97e52c6a17dbe3ea7052a39a3b76abe25c8e7eeb13,31d3575e77d9d04b75880bca9e10dbd0e13e61d21795052921dd3f702d909dd7
candidate,3,33,1000000,long,FALSE,long_float_add,float,typed_double,2,494,0.151000000000003,0.152000000000001,5865d7f437b5487c8061f7274c6507b7ec0fc76362cd655e9259ebb78a28f057,6506614505e113daab08b3f894ca46d4d61867c7b007c413b47a669abe8aae67,0,double,494,FALSE,FALSE,FALSE,FALSE,FALSE,FALSE,FALSE,FALSE,8937acbbe87ff127e6567f97e52c6a17dbe3ea7052a39a3b76abe25c8e7eeb13,31d3575e77d9d04b75880bca9e10dbd0e13e61d21795052921dd3f702d909dd7
candidate,3,33,1000000,long,FALSE,long_float_add,float,ordinary,3,586,0.153000000000001,0.151999999999994,5865d7f437b5487c8061f7274c6507b7ec0fc76362cd655e9259ebb78a28f057,6506614505e113daab08b3f894ca46d4d61867c7b007c413b47a669abe8aae67,0,,0,FALSE,FALSE,FALSE,FALSE,FALSE,FALSE,FALSE,FALSE,8937acbbe87ff127e6567f97e52c6a17dbe3ea7052a39a3b76abe25c8e7eeb13,31d3575e77d9d04b75880bca9e10dbd0e13e61d21795052921dd3f702d909dd7
candidate,3,34,1000000,long,TRUE,long_float_add,float,typed_double,1,481,0.152000000000001,0.150999999999996,087fb12a32e314d333c4287225113c3c6e3a135a9c18c162b3b5753b80f4350c,d842a810a046337b5363ff7dafdaa01aa4553912ce2afa4ee95c617158d8e0e7,2011,double,481,FALSE,FALSE,FALSE,FALSE,FALSE,FALSE,FALSE,FALSE,5af7169f9d20a77a6f06236647a66be1493d6e155163c245a466bda43242d0e7,6a2baa27cd05157233063b825243be4bdf1a2dbc88db2a6cdfd0b2527b28716b
candidate,3,34,1000000,long,TRUE,long_float_add,float,ordinary,2,586,0.169999999999995,0.170000000000002,ea5ac2e3896755c3d5082b83561d8673bb4f0147a7690b804a8d74cecbeda4c1,d842a810a046337b5363ff7dafdaa01aa4553912ce2afa4ee95c617158d8e0e7,2011,,0,FALSE,FALSE,FALSE,FALSE,FALSE,FALSE,FALSE,FALSE,5af7169f9d20a77a6f06236647a66be1493d6e155163c245a466bda43242d0e7,6a2baa27cd05157233063b825243be4bdf1a2dbc88db2a6cdfd0b2527b28716b
candidate,3,34,1000000,long,TRUE,long_float_add,float,compact,3,265,0.152000000000003,0.152000000000001,087fb12a32e314d333c4287225113c3c6e3a135a9c18c162b3b5753b80f4350c,d842a810a046337b5363ff7dafdaa01aa4553912ce2afa4ee95c617158d8e0e7,2011,double,265,TRUE,TRUE,FALSE,FALSE,TRUE,TRUE,FALSE,FALSE,5af7169f9d20a77a6f06236647a66be1493d6e155163c245a466bda43242d0e7,6a2baa27cd05157233063b825243be4bdf1a2dbc88db2a6cdfd0b2527b28716b
candidate,4,1,1000000,int,FALSE,scale_binary,double,typed_double,1,375,0.123,0.123,43cbc5fa02580f73a834cffb43a5ba0a0f4d7303cec536a2e3c58f1f469eb824,6506614505e113daab08b3f894ca46d4d61867c7b007c413b47a669abe8aae67,0,double,375,FALSE,FALSE,FALSE,FALSE,FALSE,FALSE,FALSE,FALSE,8937acbbe87ff127e6567f97e52c6a17dbe3ea7052a39a3b76abe25c8e7eeb13,31d3575e77d9d04b75880bca9e10dbd0e13e61d21795052921dd3f702d909dd7
candidate,4,1,1000000,int,FALSE,scale_binary,double,compact,2,569,0.137,0.138,43cbc5fa02580f73a834cffb43a5ba0a0f4d7303cec536a2e3c58f1f469eb824,6506614505e113daab08b3f894ca46d4d61867c7b007c413b47a669abe8aae67,0,int,569,TRUE,TRUE,FALSE,FALSE,FALSE,FALSE,FALSE,FALSE,8937acbbe87ff127e6567f97e52c6a17dbe3ea7052a39a3b76abe25c8e7eeb13,31d3575e77d9d04b75880bca9e10dbd0e13e61d21795052921dd3f702d909dd7
candidate,4,1,1000000,int,FALSE,scale_binary,double,ordinary,3,605,0.166,0.167,43cbc5fa02580f73a834cffb43a5ba0a0f4d7303cec536a2e3c58f1f469eb824,6506614505e113daab08b3f894ca46d4d61867c7b007c413b47a669abe8aae67,0,,0,FALSE,FALSE,FALSE,FALSE,FALSE,FALSE,FALSE,FALSE,8937acbbe87ff127e6567f97e52c6a17dbe3ea7052a39a3b76abe25c8e7eeb13,31d3575e77d9d04b75880bca9e10dbd0e13e61d21795052921dd3f702d909dd7
candidate,4,2,1000000,int,FALSE,scale_general,double,ordinary,1,586,0.169,0.169,98c11364f9b15cf1e1696537d86d727f3e1efaa44f5b303a15ed033179b4e86a,6506614505e113daab08b3f894ca46d4d61867c7b007c413b47a669abe8aae67,0,,0,FALSE,FALSE,FALSE,FALSE,FALSE,FALSE,FALSE,FALSE,8937acbbe87ff127e6567f97e52c6a17dbe3ea7052a39a3b76abe25c8e7eeb13,31d3575e77d9d04b75880bca9e10dbd0e13e61d21795052921dd3f702d909dd7
candidate,4,2,1000000,int,FALSE,scale_general,double,typed_double,2,536,0.166,0.166,98c11364f9b15cf1e1696537d86d727f3e1efaa44f5b303a15ed033179b4e86a,6506614505e113daab08b3f894ca46d4d61867c7b007c413b47a669abe8aae67,0,double,536,FALSE,FALSE,FALSE,FALSE,FALSE,FALSE,FALSE,FALSE,8937acbbe87ff127e6567f97e52c6a17dbe3ea7052a39a3b76abe25c8e7eeb13,31d3575e77d9d04b75880bca9e10dbd0e13e61d21795052921dd3f702d909dd7
candidate,4,2,1000000,int,FALSE,scale_general,double,compact,3,569,0.154,0.153,5b22560fab6c3b27f5e82592f7a486b943278dbe0e1d82a8c99735d3ee13430b,6506614505e113daab08b3f894ca46d4d61867c7b007c413b47a669abe8aae67,0,float,569,TRUE,TRUE,FALSE,FALSE,FALSE,FALSE,FALSE,FALSE,8937acbbe87ff127e6567f97e52c6a17dbe3ea7052a39a3b76abe25c8e7eeb13,31d3575e77d9d04b75880bca9e10dbd0e13e61d21795052921dd3f702d909dd7
candidate,4,3,1000000,int,FALSE,pair_compact_double,double,compact,1,361,0.164,0.164,5865d7f437b5487c8061f7274c6507b7ec0fc76362cd655e9259ebb78a28f057,6506614505e113daab08b3f894ca46d4d61867c7b007c413b47a669abe8aae67,0,double,361,TRUE,TRUE,FALSE,FALSE,FALSE,FALSE,FALSE,FALSE,8937acbbe87ff127e6567f97e52c6a17dbe3ea7052a39a3b76abe25c8e7eeb13,31d3575e77d9d04b75880bca9e10dbd0e13e61d21795052921dd3f702d909dd7
candidate,4,3,1000000,int,FALSE,pair_compact_double,double,ordinary,2,569,0.165,0.165,5865d7f437b5487c8061f7274c6507b7ec0fc76362cd655e9259ebb78a28f057,6506614505e113daab08b3f894ca46d4d61867c7b007c413b47a669abe8aae67,0,,0,FALSE,FALSE,FALSE,FALSE,FALSE,FALSE,FALSE,FALSE,8937acbbe87ff127e6567f97e52c6a17dbe3ea7052a39a3b76abe25c8e7eeb13,31d3575e77d9d04b75880bca9e10dbd0e13e61d21795052921dd3f702d909dd7
candidate,4,3,1000000,int,FALSE,pair_compact_double,double,typed_double,3,447,0.162,0.163,5865d7f437b5487c8061f7274c6507b7ec0fc76362cd655e9259ebb78a28f057,6506614505e113daab08b3f894ca46d4d61867c7b007c413b47a669abe8aae67,0,double,447,FALSE,FALSE,FALSE,FALSE,FALSE,FALSE,FALSE,FALSE,8937acbbe87ff127e6567f97e52c6a17dbe3ea7052a39a3b76abe25c8e7eeb13,31d3575e77d9d04b75880bca9e10dbd0e13e61d21795052921dd3f702d909dd7
candidate,4,4,1000000,int,FALSE,add_scalar,double,typed_double,1,536,0.162999999999999,0.164000000000001,1439f7f16fb3a12c3e378be19f4f968bfd8ba0b13d49fd661b844b18b3b58d40,6506614505e113daab08b3f894ca46d4d61867c7b007c413b47a669abe8aae67,0,double,536,FALSE,FALSE,FALSE,FALSE,FALSE,FALSE,FALSE,FALSE,8937acbbe87ff127e6567f97e52c6a17dbe3ea7052a39a3b76abe25c8e7eeb13,31d3575e77d9d04b75880bca9e10dbd0e13e61d21795052921dd3f702d909dd7
candidate,4,4,1000000,int,FALSE,add_scalar,double,compact,2,552,0.16,0.161,c71ccca92de640a85316ddcd6d7a40e76d086d97708e3a6315956ca169418a51,6506614505e113daab08b3f894ca46d4d61867c7b007c413b47a669abe8aae67,0,float,552,TRUE,TRUE,FALSE,FALSE,FALSE,FALSE,FALSE,FALSE,8937acbbe87ff127e6567f97e52c6a17dbe3ea7052a39a3b76abe25c8e7eeb13,31d3575e77d9d04b75880bca9e10dbd0e13e61d21795052921dd3f702d909dd7
candidate,4,4,1000000,int,FALSE,add_scalar,double,ordinary,3,605,0.166,0.167,1439f7f16fb3a12c3e378be19f4f968bfd8ba0b13d49fd661b844b18b3b58d40,6506614505e113daab08b3f894ca46d4d61867c7b007c413b47a669abe8aae67,0,,0,FALSE,FALSE,FALSE,FALSE,FALSE,FALSE,FALSE,FALSE,8937acbbe87ff127e6567f97e52c6a17dbe3ea7052a39a3b76abe25c8e7eeb13,31d3575e77d9d04b75880bca9e10dbd0e13e61d21795052921dd3f702d909dd7
candidate,4,5,1000000,int,FALSE,subtract_scalar,double,ordinary,1,605,0.166,0.165999999999999,4d7fa72c39df54d095261c83239d5980d0a1ff94839d263f9a7dfea5049791fe,6506614505e113daab08b3f894ca46d4d61867c7b007c413b47a669abe8aae67,0,,0,FALSE,FALSE,FALSE,FALSE,FALSE,FALSE,FALSE,FALSE,8937acbbe87ff127e6567f97e52c6a17dbe3ea7052a39a3b76abe25c8e7eeb13,31d3575e77d9d04b75880bca9e10dbd0e13e61d21795052921dd3f702d909dd7
candidate,4,5,1000000,int,FALSE,subtract_scalar,double,typed_double,2,552,0.167,0.167,4d7fa72c39df54d095261c83239d5980d0a1ff94839d263f9a7dfea5049791fe,6506614505e113daab08b3f894ca46d4d61867c7b007c413b47a669abe8aae67,0,double,552,FALSE,FALSE,FALSE,FALSE,FALSE,FALSE,FALSE,FALSE,8937acbbe87ff127e6567f97e52c6a17dbe3ea7052a39a3b76abe25c8e7eeb13,31d3575e77d9d04b75880bca9e10dbd0e13e61d21795052921dd3f702d909dd7
candidate,4,5,1000000,int,FALSE,subtract_scalar,double,compact,3,569,0.164999999999999,0.164999999999999,ac41a62f122b430ac56496c53bc2efc0f8e7b183de1fa7f57d32683c2f951555,6506614505e113daab08b3f894ca46d4d61867c7b007c413b47a669abe8aae67,0,float,569,TRUE,TRUE,FALSE,FALSE,FALSE,FALSE,FALSE,FALSE,8937acbbe87ff127e6567f97e52c6a17dbe3ea7052a39a3b76abe25c8e7eeb13,31d3575e77d9d04b75880bca9e10dbd0e13e61d21795052921dd3f702d909dd7
candidate,4,6,1000000,int,FALSE,reverse_subtract,double,compact,1,586,0.155,0.154,4e06bb9d84e68d2b3176d8d9d719b5bb97dc463a99c72430d73baf543d93b6fd,6506614505e113daab08b3f894ca46d4d61867c7b007c413b47a669abe8aae67,0,float,586,TRUE,TRUE,FALSE,FALSE,FALSE,FALSE,FALSE,FALSE,8937acbbe87ff127e6567f97e52c6a17dbe3ea7052a39a3b76abe25c8e7eeb13,31d3575e77d9d04b75880bca9e10dbd0e13e61d21795052921dd3f702d909dd7
candidate,4,6,1000000,int,FALSE,reverse_subtract,double,ordinary,2,605,0.164,0.165000000000001,c10b10b4e2f1f397fc6fe7eaa9e5b4584cc0a290911e13c8fea846c487bfa36d,6506614505e113daab08b3f894ca46d4d61867c7b007c413b47a669abe8aae67,0,,0,FALSE,FALSE,FALSE,FALSE,FALSE,FALSE,FALSE,FALSE,8937acbbe87ff127e6567f97e52c6a17dbe3ea7052a39a3b76abe25c8e7eeb13,31d3575e77d9d04b75880bca9e10dbd0e13e61d21795052921dd3f702d909dd7
candidate,4,6,1000000,int,FALSE,reverse_subtract,double,typed_double,3,552,0.165999999999999,0.167,c10b10b4e2f1f397fc6fe7eaa9e5b4584cc0a290911e13c8fea846c487bfa36d,6506614505e113daab08b3f894ca46d4d61867c7b007c413b47a669abe8aae67,0,double,552,FALSE,FALSE,FALSE,FALSE,FALSE,FALSE,FALSE,FALSE,8937acbbe87ff127e6567f97e52c6a17dbe3ea7052a39a3b76abe25c8e7eeb13,31d3575e77d9d04b75880bca9e10dbd0e13e61d21795052921dd3f702d909dd7
candidate,4,7,1000000,int,FALSE,reverse_divide,double,typed_double,1,507,0.148,0.148999999999999,edabd46066f8ec30bbc81fe8d9a4c7ef506d3d9a77408a1b0c6a5be7df3e4721,8dca1eb700a45aaace59ea0c206000bfb6345887d8c82d9a5f1f6a86211aeab4,100,double,507,FALSE,FALSE,FALSE,FALSE,FALSE,FALSE,FALSE,FALSE,8937acbbe87ff127e6567f97e52c6a17dbe3ea7052a39a3b76abe25c8e7eeb13,31d3575e77d9d04b75880bca9e10dbd0e13e61d21795052921dd3f702d909dd7
candidate,4,7,1000000,int,FALSE,reverse_divide,double,compact,2,226,0.151,0.15,cbafe8b44fab1872729be2227cecddc875873c3653e6ebf01ce53e917fceee0e,8dca1eb700a45aaace59ea0c206000bfb6345887d8c82d9a5f1f6a86211aeab4,100,float,226,TRUE,TRUE,FALSE,FALSE,FALSE,FALSE,FALSE,FALSE,8937acbbe87ff127e6567f97e52c6a17dbe3ea7052a39a3b76abe25c8e7eeb13,31d3575e77d9d04b75880bca9e10dbd0e13e61d21795052921dd3f702d909dd7
candidate,4,7,1000000,int,FALSE,reverse_divide,double,ordinary,3,605,0.148,0.148999999999999,286e6f4fcb574961d21ee0ffc03c2d1c268671051cddf977b0eb1236cc5ce88a,6506614505e113daab08b3f894ca46d4d61867c7b007c413b47a669abe8aae67,0,,0,FALSE,FALSE,FALSE,FALSE,FALSE,FALSE,FALSE,FALSE,8937acbbe87ff127e6567f97e52c6a17dbe3ea7052a39a3b76abe25c8e7eeb13,31d3575e77d9d04b75880bca9e10dbd0e13e61d21795052921dd3f702d909dd7
candidate,4,8,1000000,int,FALSE,mixed_add,float,ordinary,1,391,0.102,0.102,5865d7f437b5487c8061f7274c6507b7ec0fc76362cd655e9259ebb78a28f057,6506614505e113daab08b3f894ca46d4d61867c7b007c413b47a669abe8aae67,0,,0,FALSE,FALSE,FALSE,FALSE,FALSE,FALSE,FALSE,FALSE,8937acbbe87ff127e6567f97e52c6a17dbe3ea7052a39a3b76abe25c8e7eeb13,31d3575e77d9d04b75880bca9e10dbd0e13e61d21795052921dd3f702d909dd7
candidate,4,8,1000000,int,FALSE,mixed_add,float,typed_double,2,469,0.166,0.165999999999999,5865d7f437b5487c8061f7274c6507b7ec0fc76362cd655e9259ebb78a28f057,6506614505e113daab08b3f894ca46d4d61867c7b007c413b47a669abe8aae67,0,double,469,FALSE,FALSE,FALSE,FALSE,FALSE,FALSE,FALSE,FALSE,8937acbbe87ff127e6567f97e52c6a17dbe3ea7052a39a3b76abe25c8e7eeb13,31d3575e77d9d04b75880bca9e10dbd0e13e61d21795052921dd3f702d909dd7
candidate,4,8,1000000,int,FALSE,mixed_add,float,compact,3,244,0.15,0.15,5865d7f437b5487c8061f7274c6507b7ec0fc76362cd655e9259ebb78a28f057,6506614505e113daab08b3f894ca46d4d61867c7b007c413b47a669abe8aae67,0,float,244,TRUE,TRUE,FALSE,FALSE,TRUE,TRUE,FALSE,FALSE,8937acbbe87ff127e6567f97e52c6a17dbe3ea7052a39a3b76abe25c8e7eeb13,31d3575e77d9d04b75880bca9e10dbd0e13e61d21795052921dd3f702d909dd7
candidate,4,9,1000000,int,FALSE,mixed_multiply,float,compact,1,241,0.148999999999999,0.149000000000001,74e198320fcef535d96d5240bf6315c7f048f937cff6728206c4dc3e49c71557,6506614505e113daab08b3f894ca46d4d61867c7b007c413b47a669abe8aae67,0,float,241,TRUE,TRUE,FALSE,FALSE,TRUE,TRUE,FALSE,FALSE,8937acbbe87ff127e6567f97e52c6a17dbe3ea7052a39a3b76abe25c8e7eeb13,31d3575e77d9d04b75880bca9e10dbd0e13e61d21795052921dd3f702d909dd7
candidate,4,9,1000000,int,FALSE,mixed_multiply,float,ordinary,2,605,0.171,0.17,74e198320fcef535d96d5240bf6315c7f048f937cff6728206c4dc3e49c71557,6506614505e113daab08b3f894ca46d4d61867c7b007c413b47a669abe8aae67,0,,0,FALSE,FALSE,FALSE,FALSE,FALSE,FALSE,FALSE,FALSE,8937acbbe87ff127e6567f97e52c6a17dbe3ea7052a39a3b76abe25c8e7eeb13,31d3575e77d9d04b75880bca9e10dbd0e13e61d21795052921dd3f702d909dd7
candidate,4,9,1000000,int,FALSE,mixed_multiply,float,typed_double,3,481,0.151,0.151999999999999,74e198320fcef535d96d5240bf6315c7f048f937cff6728206c4dc3e49c71557,6506614505e113daab08b3f894ca46d4d61867c7b007c413b47a669abe8aae67,0,double,481,FALSE,FALSE,FALSE,FALSE,FALSE,FALSE,FALSE,FALSE,8937acbbe87ff127e6567f97e52c6a17dbe3ea7052a39a3b76abe25c8e7eeb13,31d3575e77d9d04b75880bca9e10dbd0e13e61d21795052921dd3f702d909dd7
candidate,4,10,1000000,int,TRUE,scale_binary,double,typed_double,1,569,0.155000000000001,0.155000000000001,406aa86104df9ebd1e49e25bbc9266cbc0cc152fd09e7d28efa1e3b9f07c7f98,256764253c19afe4b22c7738fb2f83098a03d4dbde3db39ee8c24b205a95942a,1003,double,569,FALSE,FALSE,FALSE,FALSE,FALSE,FALSE,FALSE,FALSE,5af7169f9d20a77a6f06236647a66be1493d6e155163c245a466bda43242d0e7,6a2baa27cd05157233063b825243be4bdf1a2dbc88db2a6cdfd0b2527b28716b
candidate,4,10,1000000,int,TRUE,scale_binary,double,compact,2,586,0.141000000000002,0.141,406aa86104df9ebd1e49e25bbc9266cbc0cc152fd09e7d28efa1e3b9f07c7f98,256764253c19afe4b22c7738fb2f83098a03d4dbde3db39ee8c24b205a95942a,1003,int,586,TRUE,TRUE,FALSE,FALSE,FALSE,FALSE,FALSE,FALSE,5af7169f9d20a77a6f06236647a66be1493d6e155163c245a466bda43242d0e7,6a2baa27cd05157233063b825243be4bdf1a2dbc88db2a6cdfd0b2527b28716b
candidate,4,10,1000000,int,TRUE,scale_binary,double,ordinary,3,625,0.164999999999999,0.164999999999999,b10ddc1e7177ef92cdb14943c3981218bcd426a31f9c7d156ed4dbd4ea86c948,256764253c19afe4b22c7738fb2f83098a03d4dbde3db39ee8c24b205a95942a,1003,,0,FALSE,FALSE,FALSE,FALSE,FALSE,FALSE,FALSE,FALSE,5af7169f9d20a77a6f06236647a66be1493d6e155163c245a466bda43242d0e7,6a2baa27cd05157233063b825243be4bdf1a2dbc88db2a6cdfd0b2527b28716b
candidate,4,11,1000000,int,TRUE,scale_general,double,ordinary,1,625,0.166999999999998,0.167999999999999,ea5220c4891c83ca4d6c555d28f6502adbaf6141ce7d6cf4825e9d27d0d51944,256764253c19afe4b22c7738fb2f83098a03d4dbde3db39ee8c24b205a95942a,1003,,0,FALSE,FALSE,FALSE,FALSE,FALSE,FALSE,FALSE,FALSE,5af7169f9d20a77a6f06236647a66be1493d6e155163c245a466bda43242d0e7,6a2baa27cd05157233063b825243be4bdf1a2dbc88db2a6cdfd0b2527b28716b
candidate,4,11,1000000,int,TRUE,scale_general,double,typed_double,2,569,0.155,0.154,69569d7d3b174986a7ae48d2c2f67dcea32be4e102725873e2cfa7cf5e4f9d02,256764253c19afe4b22c7738fb2f83098a03d4dbde3db39ee8c24b205a95942a,1003,double,569,FALSE,FALSE,FALSE,FALSE,FALSE,FALSE,FALSE,FALSE,5af7169f9d20a77a6f06236647a66be1493d6e155163c245a466bda43242d0e7,6a2baa27cd05157233063b825243be4bdf1a2dbc88db2a6cdfd0b2527b28716b
candidate,4,11,1000000,int,TRUE,scale_general,double,compact,3,521,0.151,0.152000000000001,38447e334649e5d7eda33f0001bed517c428980c028a15d2e1699be9ef65cf3a,256764253c19afe4b22c7738fb2f83098a03d4dbde3db39ee8c24b205a95942a,1003,float,521,TRUE,TRUE,FALSE,FALSE,FALSE,FALSE,FALSE,FALSE,5af7169f9d20a77a6f06236647a66be1493d6e155163c245a466bda43242d0e7,6a2baa27cd05157233063b825243be4bdf1a2dbc88db2a6cdfd0b2527b28716b
candidate,4,12,1000000,int,TRUE,pair_compact_double,double,compact,1,354,0.144000000000002,0.143999999999998,087fb12a32e314d333c4287225113c3c6e3a135a9c18c162b3b5753b80f4350c,d842a810a046337b5363ff7dafdaa01aa4553912ce2afa4ee95c617158d8e0e7,2011,double,354,TRUE,TRUE,FALSE,FALSE,FALSE,FALSE,FALSE,FALSE,5af7169f9d20a77a6f06236647a66be1493d6e155163c245a466bda43242d0e7,6a2baa27cd05157233063b825243be4bdf1a2dbc88db2a6cdfd0b2527b28716b
candidate,4,12,1000000,int,TRUE,pair_compact_double,double,ordinary,2,586,0.164999999999999,0.165000000000003,ea5ac2e3896755c3d5082b83561d8673bb4f0147a7690b804a8d74cecbeda4c1,d842a810a046337b5363ff7dafdaa01aa4553912ce2afa4ee95c617158d8e0e7,2011,,0,FALSE,FALSE,FALSE,FALSE,FALSE,FALSE,FALSE,FALSE,5af7169f9d20a77a6f06236647a66be1493d6e155163c245a466bda43242d0e7,6a2baa27cd05157233063b825243be4bdf1a2dbc88db2a6cdfd0b2527b28716b
candidate,4,12,1000000,int,TRUE,pair_compact_double,double,typed_double,3,481,0.149999999999999,0.150000000000002,087fb12a32e314d333c4287225113c3c6e3a135a9c18c162b3b5753b80f4350c,d842a810a046337b5363ff7dafdaa01aa4553912ce2afa4ee95c617158d8e0e7,2011,double,481,FALSE,FALSE,FALSE,FALSE,FALSE,FALSE,FALSE,FALSE,5af7169f9d20a77a6f06236647a66be1493d6e155163c245a466bda43242d0e7,6a2baa27cd05157233063b825243be4bdf1a2dbc88db2a6cdfd0b2527b28716b
candidate,4,13,1000000,int,TRUE,add_scalar,double,typed_double,1,552,0.148,0.148,3c99edfd213a70ad9e7387e7d2693e7278b2f41d1da572a7c0f2c136c10a0f54,256764253c19afe4b22c7738fb2f83098a03d4dbde3db39ee8c24b205a95942a,1003,double,552,FALSE,FALSE,FALSE,FALSE,FALSE,FALSE,FALSE,FALSE,5af7169f9d20a77a6f06236647a66be1493d6e155163c245a466bda43242d0e7,6a2baa27cd05157233063b825243be4bdf1a2dbc88db2a6cdfd0b2527b28716b
candidate,4,13,1000000,int,TRUE,add_scalar,double,compact,2,494,0.141999999999999,0.141999999999999,9298ae1fd450cae2b62dc96ace3bab841bc59b30cfc46e1ecc19a5d300510c90,256764253c19afe4b22c7738fb2f83098a03d4dbde3db39ee8c24b205a95942a,1003,float,494,TRUE,TRUE,FALSE,FALSE,FALSE,FALSE,FALSE,FALSE,5af7169f9d20a77a6f06236647a66be1493d6e155163c245a466bda43242d0e7,6a2baa27cd05157233063b825243be4bdf1a2dbc88db2a6cdfd0b2527b28716b
candidate,4,13,1000000,int,TRUE,add_scalar,double,ordinary,3,625,0.164999999999999,0.165000000000003,a05775d63d44cef2dc1fafd0012e87fb382790e3551020edeb65dba214805f6a,256764253c19afe4b22c7738fb2f83098a03d4dbde3db39ee8c24b205a95942a,1003,,0,FALSE,FALSE,FALSE,FALSE,FALSE,FALSE,FALSE,FALSE,5af7169f9d20a77a6f06236647a66be1493d6e155163c245a466bda43242d0e7,6a2baa27cd05157233063b825243be4bdf1a2dbc88db2a6cdfd0b2527b28716b
candidate,4,14,1000000,int,TRUE,subtract_scalar,double,ordinary,1,625,0.150000000000002,0.149999999999999,66c6c50fe1b9ab56178355238f6fb6b10837cc4c6935acaf14868f2895baa864,256764253c19afe4b22c7738fb2f83098a03d4dbde3db39ee8c24b205a95942a,1003,,0,FALSE,FALSE,FALSE,FALSE,FALSE,FALSE,FALSE,FALSE,5af7169f9d20a77a6f06236647a66be1493d6e155163c245a466bda43242d0e7,6a2baa27cd05157233063b825243be4bdf1a2dbc88db2a6cdfd0b2527b28716b
candidate,4,14,1000000,int,TRUE,subtract_scalar,double,typed_double,2,569,0.168999999999999,0.169,0834dd898be45a06c2b25b69b1eaac5c18492a3f92f29fe34d2ee1bca21c6c24,256764253c19afe4b22c7738fb2f83098a03d4dbde3db39ee8c24b205a95942a,1003,double,569,FALSE,FALSE,FALSE,FALSE,FALSE,FALSE,FALSE,FALSE,5af7169f9d20a77a6f06236647a66be1493d6e155163c245a466bda43242d0e7,6a2baa27cd05157233063b825243be4bdf1a2dbc88db2a6cdfd0b2527b28716b
candidate,4,14,1000000,int,TRUE,subtract_scalar,double,compact,3,521,0.151,0.151,d1a2fd6c5ab8d0e4a10c61dbb097a7ab3009923cb6ed72a793f42244b3f68ec6,256764253c19afe4b22c7738fb2f83098a03d4dbde3db39ee8c24b205a95942a,1003,float,521,TRUE,TRUE,FALSE,FALSE,FALSE,FALSE,FALSE,FALSE,5af7169f9d20a77a6f06236647a66be1493d6e155163c245a466bda43242d0e7,6a2baa27cd05157233063b825243be4bdf1a2dbc88db2a6cdfd0b2527b28716b
candidate,4,15,1000000,int,TRUE,reverse_subtract,double,compact,1,521,0.151000000000003,0.151,ce55a919f3651ad54050585ceac6df58ade9a7234536c53b2e30cf24dc97456a,256764253c19afe4b22c7738fb2f83098a03d4dbde3db39ee8c24b205a95942a,1003,float,521,TRUE,TRUE,FALSE,FALSE,FALSE,FALSE,FALSE,FALSE,5af7169f9d20a77a6f06236647a66be1493d6e155163c245a466bda43242d0e7,6a2baa27cd05157233063b825243be4bdf1a2dbc88db2a6cdfd0b2527b28716b
candidate,4,15,1000000,int,TRUE,reverse_subtract,double,ordinary,2,626,0.173999999999998,0.175000000000001,eeadc1ac8a182c5e9ac0af8ed545484b93cc60cd2781d423e67e76b038bbb02f,256764253c19afe4b22c7738fb2f83098a03d4dbde3db39ee8c24b205a95942a,1003,,0,FALSE,FALSE,FALSE,FALSE,FALSE,FALSE,FALSE,FALSE,5af7169f9d20a77a6f06236647a66be1493d6e155163c245a466bda43242d0e7,6a2baa27cd05157233063b825243be4bdf1a2dbc88db2a6cdfd0b2527b28716b
candidate,4,15,1000000,int,TRUE,reverse_subtract,double,typed_double,3,552,0.148,0.148,7772556aaab7540c9cbc83fbef93b5ce837a74b5f0bfbf9f4d7e1d6c2f9d6aca,256764253c19afe4b22c7738fb2f83098a03d4dbde3db39ee8c24b205a95942a,1003,double,552,FALSE,FALSE,FALSE,FALSE,FALSE,FALSE,FALSE,FALSE,5af7169f9d20a77a6f06236647a66be1493d6e155163c245a466bda43242d0e7,6a2baa27cd05157233063b825243be4bdf1a2dbc88db2a6cdfd0b2527b28716b
candidate,4,16,1000000,int,TRUE,reverse_divide,double,typed_double,1,521,0.167000000000002,0.166999999999998,46c9fedb1b90dde4d28d485b133b143f17d4c7ef7b2ba3baae533c5a3d0656ea,e18be1b0e89b4a0c64a4b1d8acff45284e54d26e14e2d4cbb5f3b282ba9e2bbf,1103,double,521,FALSE,FALSE,FALSE,FALSE,FALSE,FALSE,FALSE,FALSE,5af7169f9d20a77a6f06236647a66be1493d6e155163c245a466bda43242d0e7,6a2baa27cd05157233063b825243be4bdf1a2dbc88db2a6cdfd0b2527b28716b
candidate,4,16,1000000,int,TRUE,reverse_divide,double,compact,2,226,0.149000000000001,0.148,8e2880166f67afb3324288a562f812ea1ac87aa63f348f9c4373df1017394a64,e18be1b0e89b4a0c64a4b1d8acff45284e54d26e14e2d4cbb5f3b282ba9e2bbf,1103,float,226,TRUE,TRUE,FALSE,FALSE,FALSE,FALSE,FALSE,FALSE,5af7169f9d20a77a6f06236647a66be1493d6e155163c245a466bda43242d0e7,6a2baa27cd05157233063b825243be4bdf1a2dbc88db2a6cdfd0b2527b28716b
candidate,4,16,1000000,int,TRUE,reverse_divide,double,ordinary,3,625,0.150000000000002,0.151000000000003,5919a3b9c611a609b75579ae435ea59e6a6602e36aae9ea52a62df3f56ed00e9,256764253c19afe4b22c7738fb2f83098a03d4dbde3db39ee8c24b205a95942a,1003,,0,FALSE,FALSE,FALSE,FALSE,FALSE,FALSE,FALSE,FALSE,5af7169f9d20a77a6f06236647a66be1493d6e155163c245a466bda43242d0e7,6a2baa27cd05157233063b825243be4bdf1a2dbc88db2a6cdfd0b2527b28716b
candidate,4,17,1000000,int,TRUE,mixed_add,float,ordinary,1,605,0.169999999999998,0.169999999999998,ea5ac2e3896755c3d5082b83561d8673bb4f0147a7690b804a8d74cecbeda4c1,d842a810a046337b5363ff7dafdaa01aa4553912ce2afa4ee95c617158d8e0e7,2011,,0,FALSE,FALSE,FALSE,FALSE,FALSE,FALSE,FALSE,FALSE,5af7169f9d20a77a6f06236647a66be1493d6e155163c245a466bda43242d0e7,6a2baa27cd05157233063b825243be4bdf1a2dbc88db2a6cdfd0b2527b28716b
candidate,4,17,1000000,int,TRUE,mixed_add,float,typed_double,2,494,0.152999999999999,0.153000000000002,087fb12a32e314d333c4287225113c3c6e3a135a9c18c162b3b5753b80f4350c,d842a810a046337b5363ff7dafdaa01aa4553912ce2afa4ee95c617158d8e0e7,2011,double,494,FALSE,FALSE,FALSE,FALSE,FALSE,FALSE,FALSE,FALSE,5af7169f9d20a77a6f06236647a66be1493d6e155163c245a466bda43242d0e7,6a2baa27cd05157233063b825243be4bdf1a2dbc88db2a6cdfd0b2527b28716b
candidate,4,17,1000000,int,TRUE,mixed_add,float,compact,3,174,0.149000000000001,0.150000000000002,087fb12a32e314d333c4287225113c3c6e3a135a9c18c162b3b5753b80f4350c,d842a810a046337b5363ff7dafdaa01aa4553912ce2afa4ee95c617158d8e0e7,2011,float,174,TRUE,TRUE,FALSE,FALSE,TRUE,TRUE,FALSE,FALSE,5af7169f9d20a77a6f06236647a66be1493d6e155163c245a466bda43242d0e7,6a2baa27cd05157233063b825243be4bdf1a2dbc88db2a6cdfd0b2527b28716b
candidate,4,18,1000000,int,TRUE,mixed_multiply,float,compact,1,173,0.149999999999999,0.150000000000002,567cb444c88381ecb7601b5374668c9d2a719ee733326a0fd33b4e0cf98f607d,d842a810a046337b5363ff7dafdaa01aa4553912ce2afa4ee95c617158d8e0e7,2011,float,173,TRUE,TRUE,FALSE,FALSE,TRUE,TRUE,FALSE,FALSE,5af7169f9d20a77a6f06236647a66be1493d6e155163c245a466bda43242d0e7,6a2baa27cd05157233063b825243be4bdf1a2dbc88db2a6cdfd0b2527b28716b
candidate,4,18,1000000,int,TRUE,mixed_multiply,float,ordinary,2,586,0.167999999999999,0.168000000000003,4e15a12f73c542a9193d69c8d13f89eb8b7adf975c41c2fdf2ef19e40aa99344,d842a810a046337b5363ff7dafdaa01aa4553912ce2afa4ee95c617158d8e0e7,2011,,0,FALSE,FALSE,FALSE,FALSE,FALSE,FALSE,FALSE,FALSE,5af7169f9d20a77a6f06236647a66be1493d6e155163c245a466bda43242d0e7,6a2baa27cd05157233063b825243be4bdf1a2dbc88db2a6cdfd0b2527b28716b
candidate,4,18,1000000,int,TRUE,mixed_multiply,float,typed_double,3,469,0.147999999999998,0.146999999999998,567cb444c88381ecb7601b5374668c9d2a719ee733326a0fd33b4e0cf98f607d,d842a810a046337b5363ff7dafdaa01aa4553912ce2afa4ee95c617158d8e0e7,2011,double,469,FALSE,FALSE,FALSE,FALSE,FALSE,FALSE,FALSE,FALSE,5af7169f9d20a77a6f06236647a66be1493d6e155163c245a466bda43242d0e7,6a2baa27cd05157233063b825243be4bdf1a2dbc88db2a6cdfd0b2527b28716b
candidate,4,19,1000000,float,FALSE,scale_binary,double,typed_double,1,552,0.166,0.166,5e4cb543f32269b2c2218b394ad1c41d44f6b32b3f8be7d200655b3b7d11f177,6506614505e113daab08b3f894ca46d4d61867c7b007c413b47a669abe8aae67,0,double,552,FALSE,FALSE,FALSE,FALSE,FALSE,FALSE,FALSE,FALSE,7f1c1a27229f7a699fa85ff90b5be1266497c462407b39b11f6d94015af8e8ad,31d3575e77d9d04b75880bca9e10dbd0e13e61d21795052921dd3f702d909dd7
candidate,4,19,1000000,float,FALSE,scale_binary,double,compact,2,458,0.150000000000001,0.149000000000001,5e4cb543f32269b2c2218b394ad1c41d44f6b32b3f8be7d200655b3b7d11f177,6506614505e113daab08b3f894ca46d4d61867c7b007c413b47a669abe8aae67,0,float,458,TRUE,TRUE,FALSE,FALSE,FALSE,FALSE,FALSE,FALSE,7f1c1a27229f7a699fa85ff90b5be1266497c462407b39b11f6d94015af8e8ad,31d3575e77d9d04b75880bca9e10dbd0e13e61d21795052921dd3f702d909dd7
candidate,4,19,1000000,float,FALSE,scale_binary,double,ordinary,3,605,0.160999999999998,0.161999999999999,5e4cb543f32269b2c2218b394ad1c41d44f6b32b3f8be7d200655b3b7d11f177,6506614505e113daab08b3f894ca46d4d61867c7b007c413b47a669abe8aae67,0,,0,FALSE,FALSE,FALSE,FALSE,FALSE,FALSE,FALSE,FALSE,7f1c1a27229f7a699fa85ff90b5be1266497c462407b39b11f6d94015af8e8ad,31d3575e77d9d04b75880bca9e10dbd0e13e61d21795052921dd3f702d909dd7
candidate,4,20,1000000,float,FALSE,scale_general,double,ordinary,1,626,0.167999999999999,0.167999999999999,f26b519d09797e4f4941392e4b52f307c71832f0aaad54da617e9078fe055e1c,6506614505e113daab08b3f894ca46d4d61867c7b007c413b47a669abe8aae67,0,,0,FALSE,FALSE,FALSE,FALSE,FALSE,FALSE,FALSE,FALSE,7f1c1a27229f7a699fa85ff90b5be1266497c462407b39b11f6d94015af8e8ad,31d3575e77d9d04b75880bca9e10dbd0e13e61d21795052921dd3f702d909dd7
candidate,4,20,1000000,float,FALSE,scale_general,double,typed_double,2,552,0.149000000000001,0.150000000000006,f26b519d09797e4f4941392e4b52f307c71832f0aaad54da617e9078fe055e1c,6506614505e113daab08b3f894ca46d4d61867c7b007c413b47a669abe8aae67,0,double,552,FALSE,FALSE,FALSE,FALSE,FALSE,FALSE,FALSE,FALSE,7f1c1a27229f7a699fa85ff90b5be1266497c462407b39b11f6d94015af8e8ad,31d3575e77d9d04b75880bca9e10dbd0e13e61d21795052921dd3f702d909dd7
candidate,4,20,1000000,float,FALSE,scale_general,double,compact,3,354,0.148999999999996,0.148000000000003,72cc5cf98cf5a5166668db2e8420adb3bc862ec1b003fbdd7aeb0a9746f22870,6506614505e113daab08b3f894ca46d4d61867c7b007c413b47a669abe8aae67,0,float,354,TRUE,TRUE,FALSE,FALSE,FALSE,FALSE,FALSE,FALSE,7f1c1a27229f7a699fa85ff90b5be1266497c462407b39b11f6d94015af8e8ad,31d3575e77d9d04b75880bca9e10dbd0e13e61d21795052921dd3f702d909dd7
candidate,4,21,1000000,float,FALSE,pair_compact_double,double,compact,1,481,0.151000000000003,0.151000000000003,d0adc5c3f77a8c464e25cdf403e40486acf05d6b089dad00367eb8620a0a608e,6506614505e113daab08b3f894ca46d4d61867c7b007c413b47a669abe8aae67,0,double,481,TRUE,TRUE,FALSE,FALSE,FALSE,FALSE,FALSE,FALSE,7f1c1a27229f7a699fa85ff90b5be1266497c462407b39b11f6d94015af8e8ad,31d3575e77d9d04b75880bca9e10dbd0e13e61d21795052921dd3f702d909dd7
candidate,4,21,1000000,float,FALSE,pair_compact_double,double,ordinary,2,586,0.167000000000002,0.168999999999997,d0adc5c3f77a8c464e25cdf403e40486acf05d6b089dad00367eb8620a0a608e,6506614505e113daab08b3f894ca46d4d61867c7b007c413b47a669abe8aae67,0,,0,FALSE,FALSE,FALSE,FALSE,FALSE,FALSE,FALSE,FALSE,7f1c1a27229f7a699fa85ff90b5be1266497c462407b39b11f6d94015af8e8ad,31d3575e77d9d04b75880bca9e10dbd0e13e61d21795052921dd3f702d909dd7
candidate,4,21,1000000,float,FALSE,pair_compact_double,double,typed_double,3,481,0.150999999999996,0.150999999999996,d0adc5c3f77a8c464e25cdf403e40486acf05d6b089dad00367eb8620a0a608e,6506614505e113daab08b3f894ca46d4d61867c7b007c413b47a669abe8aae67,0,double,481,FALSE,FALSE,FALSE,FALSE,FALSE,FALSE,FALSE,FALSE,7f1c1a27229f7a699fa85ff90b5be1266497c462407b39b11f6d94015af8e8ad,31d3575e77d9d04b75880bca9e10dbd0e13e61d21795052921dd3f702d909dd7
candidate,4,22,1000000,float,FALSE,add_scalar,double,typed_double,1,569,0.167999999999999,0.167999999999999,292e89d47e6240bb2914ef7ad37d7e757276712199771e9df56100a008a8cb8c,6506614505e113daab08b3f894ca46d4d61867c7b007c413b47a669abe8aae67,0,double,569,FALSE,FALSE,FALSE,FALSE,FALSE,FALSE,FALSE,FALSE,7f1c1a27229f7a699fa85ff90b5be1266497c462407b39b11f6d94015af8e8ad,31d3575e77d9d04b75880bca9e10dbd0e13e61d21795052921dd3f702d909dd7
candidate,4,22,1000000,float,FALSE,add_scalar,double,compact,2,361,0.149999999999999,0.150999999999996,6f4e6deefcbd4cb8847d97ac43d7047c827b45b8a7d41e59355544434442b07b,6506614505e113daab08b3f894ca46d4d61867c7b007c413b47a669abe8aae67,0,float,361,TRUE,TRUE,FALSE,FALSE,FALSE,FALSE,FALSE,FALSE,7f1c1a27229f7a699fa85ff90b5be1266497c462407b39b11f6d94015af8e8ad,31d3575e77d9d04b75880bca9e10dbd0e13e61d21795052921dd3f702d909dd7
candidate,4,22,1000000,float,FALSE,add_scalar,double,ordinary,3,625,0.170999999999999,0.170999999999999,292e89d47e6240bb2914ef7ad37d7e757276712199771e9df56100a008a8cb8c,6506614505e113daab08b3f894ca46d4d61867c7b007c413b47a669abe8aae67,0,,0,FALSE,FALSE,FALSE,FALSE,FALSE,FALSE,FALSE,FALSE,7f1c1a27229f7a699fa85ff90b5be1266497c462407b39b11f6d94015af8e8ad,31d3575e77d9d04b75880bca9e10dbd0e13e61d21795052921dd3f702d909dd7
candidate,4,23,1000000,float,FALSE,subtract_scalar,double,ordinary,1,625,0.149999999999999,0.150999999999996,13a3239df0a7d9c4766e9cb1022fe126007afc38c9539ef233ed4bf785d961fa,6506614505e113daab08b3f894ca46d4d61867c7b007c413b47a669abe8aae67,0,,0,FALSE,FALSE,FALSE,FALSE,FALSE,FALSE,FALSE,FALSE,7f1c1a27229f7a699fa85ff90b5be1266497c462407b39b11f6d94015af8e8ad,31d3575e77d9d04b75880bca9e10dbd0e13e61d21795052921dd3f702d909dd7
candidate,4,23,1000000,float,FALSE,subtract_scalar,double,typed_double,2,569,0.168999999999997,0.169999999999995,13a3239df0a7d9c4766e9cb1022fe126007afc38c9539ef233ed4bf785d961fa,6506614505e113daab08b3f894ca46d4d61867c7b007c413b47a669abe8aae67,0,double,569,FALSE,FALSE,FALSE,FALSE,FALSE,FALSE,FALSE,FALSE,7f1c1a27229f7a699fa85ff90b5be1266497c462407b39b11f6d94015af8e8ad,31d3575e77d9d04b75880bca9e10dbd0e13e61d21795052921dd3f702d909dd7
candidate,4,23,1000000,float,FALSE,subtract_scalar,double,compact,3,361,0.149999999999999,0.149999999999999,73750801b993e37ef9c262c8c6c20433be5d4f8f21bfd0757cae3f70c74eda3f,6506614505e113daab08b3f894ca46d4d61867c7b007c413b47a669abe8aae67,0,float,361,TRUE,TRUE,FALSE,FALSE,FALSE,FALSE,FALSE,FALSE,7f1c1a27229f7a699fa85ff90b5be1266497c462407b39b11f6d94015af8e8ad,31d3575e77d9d04b75880bca9e10dbd0e13e61d21795052921dd3f702d909dd7
candidate,4,24,1000000,float,FALSE,reverse_subtract,double,compact,1,361,0.150999999999996,0.149999999999999,8505db92c32dc0b74614f948c8784986a3d42738b9f7afa126ec04569b48eaee,6506614505e113daab08b3f894ca46d4d61867c7b007c413b47a669abe8aae67,0,float,361,TRUE,TRUE,FALSE,FALSE,FALSE,FALSE,FALSE,FALSE,7f1c1a27229f7a699fa85ff90b5be1266497c462407b39b11f6d94015af8e8ad,31d3575e77d9d04b75880bca9e10dbd0e13e61d21795052921dd3f702d909dd7
candidate,4,24,1000000,float,FALSE,reverse_subtract,double,ordinary,2,647,0.170000000000002,0.169999999999995,391f82ff13066d79bb9813a2dd5b66c086c00b72de2d0e201e0f4f7b85274c2e,6506614505e113daab08b3f894ca46d4d61867c7b007c413b47a669abe8aae67,0,,0,FALSE,FALSE,FALSE,FALSE,FALSE,FALSE,FALSE,FALSE,7f1c1a27229f7a699fa85ff90b5be1266497c462407b39b11f6d94015af8e8ad,31d3575e77d9d04b75880bca9e10dbd0e13e61d21795052921dd3f702d909dd7
candidate,4,24,1000000,float,FALSE,reverse_subtract,double,typed_double,3,552,0.148000000000003,0.148000000000003,391f82ff13066d79bb9813a2dd5b66c086c00b72de2d0e201e0f4f7b85274c2e,6506614505e113daab08b3f894ca46d4d61867c7b007c413b47a669abe8aae67,0,double,552,FALSE,FALSE,FALSE,FALSE,FALSE,FALSE,FALSE,FALSE,7f1c1a27229f7a699fa85ff90b5be1266497c462407b39b11f6d94015af8e8ad,31d3575e77d9d04b75880bca9e10dbd0e13e61d21795052921dd3f702d909dd7
candidate,4,25,1000000,float,FALSE,reverse_divide,double,typed_double,1,521,0.167000000000004,0.164999999999999,15a9dee60e7ad6b7bfec0a17ebb879c1d0b34de12d63f490ed9b30d95ad74ac9,8dca1eb700a45aaace59ea0c206000bfb6345887d8c82d9a5f1f6a86211aeab4,100,double,521,FALSE,FALSE,FALSE,FALSE,FALSE,FALSE,FALSE,FALSE,7f1c1a27229f7a699fa85ff90b5be1266497c462407b39b11f6d94015af8e8ad,31d3575e77d9d04b75880bca9e10dbd0e13e61d21795052921dd3f702d909dd7
candidate,4,25,1000000,float,FALSE,reverse_divide,double,compact,2,293,0.148000000000003,0.146999999999998,00373f8d5dc76e6b2961c6a8330b8894595f6e122b305a6913901d94ac47d968,8dca1eb700a45aaace59ea0c206000bfb6345887d8c82d9a5f1f6a86211aeab4,100,float,293,TRUE,TRUE,FALSE,FALSE,FALSE,FALSE,FALSE,FALSE,7f1c1a27229f7a699fa85ff90b5be1266497c462407b39b11f6d94015af8e8ad,31d3575e77d9d04b75880bca9e10dbd0e13e61d21795052921dd3f702d909dd7
candidate,4,25,1000000,float,FALSE,reverse_divide,double,ordinary,3,625,0.151000000000003,0.150999999999996,c250debf3d2a27908112bc09ce59d257ab86068363b108d2b491520e8193453e,6506614505e113daab08b3f894ca46d4d61867c7b007c413b47a669abe8aae67,0,,0,FALSE,FALSE,FALSE,FALSE,FALSE,FALSE,FALSE,FALSE,7f1c1a27229f7a699fa85ff90b5be1266497c462407b39b11f6d94015af8e8ad,31d3575e77d9d04b75880bca9e10dbd0e13e61d21795052921dd3f702d909dd7
candidate,4,26,1000000,float,TRUE,scale_binary,double,ordinary,1,647,0.155999999999999,0.155000000000001,21fac45dcda0cbc0ba9e1f553d3be3fedd245b921d5e2e4497a8d64f1e038117,256764253c19afe4b22c7738fb2f83098a03d4dbde3db39ee8c24b205a95942a,1003,,0,FALSE,FALSE,FALSE,FALSE,FALSE,FALSE,FALSE,FALSE,ee8f1f1d17d164fc3d811ad86cc889d11c328f41d3cd55762069bc2161e48c9f,6a2baa27cd05157233063b825243be4bdf1a2dbc88db2a6cdfd0b2527b28716b
candidate,4,26,1000000,float,TRUE,scale_binary,double,typed_double,2,569,0.168000000000006,0.168999999999997,c2d92a8e75010c0ddb80329b9ca6cc4898ca1d4543392f8c8382c3fbfeeb5b4b,256764253c19afe4b22c7738fb2f83098a03d4dbde3db39ee8c24b205a95942a,1003,double,569,FALSE,FALSE,FALSE,FALSE,FALSE,FALSE,FALSE,FALSE,ee8f1f1d17d164fc3d811ad86cc889d11c328f41d3cd55762069bc2161e48c9f,6a2baa27cd05157233063b825243be4bdf1a2dbc88db2a6cdfd0b2527b28716b
candidate,4,26,1000000,float,TRUE,scale_binary,double,compact,3,458,0.147999999999996,0.148000000000003,c2d92a8e75010c0ddb80329b9ca6cc4898ca1d4543392f8c8382c3fbfeeb5b4b,256764253c19afe4b22c7738fb2f83098a03d4dbde3db39ee8c24b205a95942a,1003,float,458,TRUE,TRUE,FALSE,FALSE,FALSE,FALSE,FALSE,FALSE,ee8f1f1d17d164fc3d811ad86cc889d11c328f41d3cd55762069bc2161e48c9f,6a2baa27cd05157233063b825243be4bdf1a2dbc88db2a6cdfd0b2527b28716b
candidate,4,27,1000000,float,TRUE,scale_general,double,compact,1,276,0.149999999999999,0.149999999999999,c58bc992720c328eca610e60f8c3f93d7d61df77946cf51b8626b0d8b78368ef,256764253c19afe4b22c7738fb2f83098a03d4dbde3db39ee8c24b205a95942a,1003,float,276,TRUE,TRUE,FALSE,FALSE,FALSE,FALSE,FALSE,FALSE,ee8f1f1d17d164fc3d811ad86cc889d11c328f41d3cd55762069bc2161e48c9f,6a2baa27cd05157233063b825243be4bdf1a2dbc88db2a6cdfd0b2527b28716b
candidate,4,27,1000000,float,TRUE,scale_general,double,ordinary,2,625,0.167999999999994,0.167000000000002,8100d028390097d4a98b44ea0ff4cb617c6204331b80e5c7870832582030541c,256764253c19afe4b22c7738fb2f83098a03d4dbde3db39ee8c24b205a95942a,1003,,0,FALSE,FALSE,FALSE,FALSE,FALSE,FALSE,FALSE,FALSE,ee8f1f1d17d164fc3d811ad86cc889d11c328f41d3cd55762069bc2161e48c9f,6a2baa27cd05157233063b825243be4bdf1a2dbc88db2a6cdfd0b2527b28716b
candidate,4,27,1000000,float,TRUE,scale_general,double,typed_double,3,536,0.162999999999999,0.162000000000006,ea87b3dd63bfda18195aef508608398181a11f876a570f6017c0c100c3497f49,256764253c19afe4b22c7738fb2f83098a03d4dbde3db39ee8c24b205a95942a,1003,double,536,FALSE,FALSE,FALSE,FALSE,FALSE,FALSE,FALSE,FALSE,ee8f1f1d17d164fc3d811ad86cc889d11c328f41d3cd55762069bc2161e48c9f,6a2baa27cd05157233063b825243be4bdf1a2dbc88db2a6cdfd0b2527b28716b
candidate,4,28,1000000,float,TRUE,pair_compact_double,double,typed_double,1,481,0.158999999999999,0.159000000000006,9778eddf855170d4c4702501b5240fa491a475187859f9e29c120edb42c46621,d842a810a046337b5363ff7dafdaa01aa4553912ce2afa4ee95c617158d8e0e7,2011,double,481,FALSE,FALSE,FALSE,FALSE,FALSE,FALSE,FALSE,FALSE,ee8f1f1d17d164fc3d811ad86cc889d11c328f41d3cd55762069bc2161e48c9f,6a2baa27cd05157233063b825243be4bdf1a2dbc88db2a6cdfd0b2527b28716b
candidate,4,28,1000000,float,TRUE,pair_compact_double,double,compact,2,324,0.152000000000001,0.152000000000001,9778eddf855170d4c4702501b5240fa491a475187859f9e29c120edb42c46621,d842a810a046337b5363ff7dafdaa01aa4553912ce2afa4ee95c617158d8e0e7,2011,double,324,TRUE,TRUE,FALSE,FALSE,FALSE,FALSE,FALSE,FALSE,ee8f1f1d17d164fc3d811ad86cc889d11c328f41d3cd55762069bc2161e48c9f,6a2baa27cd05157233063b825243be4bdf1a2dbc88db2a6cdfd0b2527b28716b
candidate,4,28,1000000,float,TRUE,pair_compact_double,double,ordinary,3,586,0.167999999999999,0.167999999999999,d8927aedee8fcfee16a2d8b73448110e471dbaa24a570b3a223eaaa8fa336e58,d842a810a046337b5363ff7dafdaa01aa4553912ce2afa4ee95c617158d8e0e7,2011,,0,FALSE,FALSE,FALSE,FALSE,FALSE,FALSE,FALSE,FALSE,ee8f1f1d17d164fc3d811ad86cc889d11c328f41d3cd55762069bc2161e48c9f,6a2baa27cd05157233063b825243be4bdf1a2dbc88db2a6cdfd0b2527b28716b
candidate,4,29,1000000,float,TRUE,add_scalar,double,ordinary,1,605,0.149999999999994,0.148999999999994,eea8177113c0d60b0ac4b300317d7673334b9c1e86f37a3c57e9519b022f9d21,256764253c19afe4b22c7738fb2f83098a03d4dbde3db39ee8c24b205a95942a,1003,,0,FALSE,FALSE,FALSE,FALSE,FALSE,FALSE,FALSE,FALSE,ee8f1f1d17d164fc3d811ad86cc889d11c328f41d3cd55762069bc2161e48c9f,6a2baa27cd05157233063b825243be4bdf1a2dbc88db2a6cdfd0b2527b28716b
candidate,4,29,1000000,float,TRUE,add_scalar,double,typed_double,2,383,0.106000000000002,0.106999999999999,c79c2ec291260c6f8d03c327d90d493416937a3f3bc9b85742b51e17a8fb7647,256764253c19afe4b22c7738fb2f83098a03d4dbde3db39ee8c24b205a95942a,1003,double,383,FALSE,FALSE,FALSE,FALSE,FALSE,FALSE,FALSE,FALSE,ee8f1f1d17d164fc3d811ad86cc889d11c328f41d3cd55762069bc2161e48c9f,6a2baa27cd05157233063b825243be4bdf1a2dbc88db2a6cdfd0b2527b28716b
candidate,4,29,1000000,float,TRUE,add_scalar,double,compact,3,276,0.149000000000001,0.150000000000006,9c2be51cd37c2d7977f794fada049c7c9ccc4011c9f81b26e042008f01cdd93e,256764253c19afe4b22c7738fb2f83098a03d4dbde3db39ee8c24b205a95942a,1003,float,276,TRUE,TRUE,FALSE,FALSE,FALSE,FALSE,FALSE,FALSE,ee8f1f1d17d164fc3d811ad86cc889d11c328f41d3cd55762069bc2161e48c9f,6a2baa27cd05157233063b825243be4bdf1a2dbc88db2a6cdfd0b2527b28716b
candidate,4,30,1000000,float,TRUE,subtract_scalar,double,compact,1,276,0.150999999999999,0.151000000000003,7125e60e6e7d4c92d9ed561efe37cfccac1593072e770a4f8d2a58f04113d3ae,256764253c19afe4b22c7738fb2f83098a03d4dbde3db39ee8c24b205a95942a,1003,float,276,TRUE,TRUE,FALSE,FALSE,FALSE,FALSE,FALSE,FALSE,ee8f1f1d17d164fc3d811ad86cc889d11c328f41d3cd55762069bc2161e48c9f,6a2baa27cd05157233063b825243be4bdf1a2dbc88db2a6cdfd0b2527b28716b
candidate,4,30,1000000,float,TRUE,subtract_scalar,double,ordinary,2,427,0.103999999999999,0.103999999999999,6c2a6fd31fe3ea0da9f40037c0de77776efc81cd73d193a8ace88fee2b5b635c,256764253c19afe4b22c7738fb2f83098a03d4dbde3db39ee8c24b205a95942a,1003,,0,FALSE,FALSE,FALSE,FALSE,FALSE,FALSE,FALSE,FALSE,ee8f1f1d17d164fc3d811ad86cc889d11c328f41d3cd55762069bc2161e48c9f,6a2baa27cd05157233063b825243be4bdf1a2dbc88db2a6cdfd0b2527b28716b
candidate,4,30,1000000,float,TRUE,subtract_scalar,double,typed_double,3,569,0.169999999999997,0.169000000000004,5dbef6a14bd33ea02b60ee3c940050585fc891f61a49d29253c64524c4390951,256764253c19afe4b22c7738fb2f83098a03d4dbde3db39ee8c24b205a95942a,1003,double,569,FALSE,FALSE,FALSE,FALSE,FALSE,FALSE,FALSE,FALSE,ee8f1f1d17d164fc3d811ad86cc889d11c328f41d3cd55762069bc2161e48c9f,6a2baa27cd05157233063b825243be4bdf1a2dbc88db2a6cdfd0b2527b28716b
candidate,4,31,1000000,float,TRUE,reverse_subtract,double,typed_double,1,569,0.170999999999995,0.170999999999999,e3656220b598004f8cce68737d35a090279632fb58c8ef4b30d6940c65beb9cb,256764253c19afe4b22c7738fb2f83098a03d4dbde3db39ee8c24b205a95942a,1003,double,569,FALSE,FALSE,FALSE,FALSE,FALSE,FALSE,FALSE,FALSE,ee8f1f1d17d164fc3d811ad86cc889d11c328f41d3cd55762069bc2161e48c9f,6a2baa27cd05157233063b825243be4bdf1a2dbc88db2a6cdfd0b2527b28716b
candidate,4,31,1000000,float,TRUE,reverse_subtract,double,compact,2,276,0.149000000000001,0.149999999999999,dad17b9a33695dc668a39e44c085af08afb1a2c7d0c49d2f0b645e18b67308a7,256764253c19afe4b22c7738fb2f83098a03d4dbde3db39ee8c24b205a95942a,1003,float,276,TRUE,TRUE,FALSE,FALSE,FALSE,FALSE,FALSE,FALSE,ee8f1f1d17d164fc3d811ad86cc889d11c328f41d3cd55762069bc2161e48c9f,6a2baa27cd05157233063b825243be4bdf1a2dbc88db2a6cdfd0b2527b28716b
candidate,4,31,1000000,float,TRUE,reverse_subtract,double,ordinary,3,625,0.150999999999996,0.150999999999996,96030f5d24b08e1ab9b8a2ffa4e31e33a89cd6cbabe88555e164d01758947f47,256764253c19afe4b22c7738fb2f83098a03d4dbde3db39ee8c24b205a95942a,1003,,0,FALSE,FALSE,FALSE,FALSE,FALSE,FALSE,FALSE,FALSE,ee8f1f1d17d164fc3d811ad86cc889d11c328f41d3cd55762069bc2161e48c9f,6a2baa27cd05157233063b825243be4bdf1a2dbc88db2a6cdfd0b2527b28716b
candidate,4,32,1000000,float,TRUE,reverse_divide,double,ordinary,1,447,0.107999999999997,0.108000000000004,53731942d799d1e23d351c412d455100c092173e72bb3ad15061a952b94a6c1e,256764253c19afe4b22c7738fb2f83098a03d4dbde3db39ee8c24b205a95942a,1003,,0,FALSE,FALSE,FALSE,FALSE,FALSE,FALSE,FALSE,FALSE,ee8f1f1d17d164fc3d811ad86cc889d11c328f41d3cd55762069bc2161e48c9f,6a2baa27cd05157233063b825243be4bdf1a2dbc88db2a6cdfd0b2527b28716b
candidate,4,32,1000000,float,TRUE,reverse_divide,double,typed_double,2,521,0.168000000000006,0.167999999999999,27389f6d40427639c8a912484d0249b1c9fab719ac17ee977d76419105918595,e18be1b0e89b4a0c64a4b1d8acff45284e54d26e14e2d4cbb5f3b282ba9e2bbf,1103,double,521,FALSE,FALSE,FALSE,FALSE,FALSE,FALSE,FALSE,FALSE,ee8f1f1d17d164fc3d811ad86cc889d11c328f41d3cd55762069bc2161e48c9f,6a2baa27cd05157233063b825243be4bdf1a2dbc88db2a6cdfd0b2527b28716b
candidate,4,32,1000000,float,TRUE,reverse_divide,double,compact,3,214,0.151999999999994,0.152000000000001,fd1eff5142c284b6c07eab1dafc2d8ac526155178019f828b5505195b8837d7f,e18be1b0e89b4a0c64a4b1d8acff45284e54d26e14e2d4cbb5f3b282ba9e2bbf,1103,float,214,TRUE,TRUE,FALSE,FALSE,FALSE,FALSE,FALSE,FALSE,ee8f1f1d17d164fc3d811ad86cc889d11c328f41d3cd55762069bc2161e48c9f,6a2baa27cd05157233063b825243be4bdf1a2dbc88db2a6cdfd0b2527b28716b
candidate,4,33,1000000,long,FALSE,long_float_add,float,compact,1,361,0.150999999999999,0.151000000000003,5865d7f437b5487c8061f7274c6507b7ec0fc76362cd655e9259ebb78a28f057,6506614505e113daab08b3f894ca46d4d61867c7b007c413b47a669abe8aae67,0,double,361,TRUE,TRUE,FALSE,FALSE,TRUE,TRUE,FALSE,FALSE,8937acbbe87ff127e6567f97e52c6a17dbe3ea7052a39a3b76abe25c8e7eeb13,31d3575e77d9d04b75880bca9e10dbd0e13e61d21795052921dd3f702d909dd7
candidate,4,33,1000000,long,FALSE,long_float_add,float,ordinary,2,552,0.156999999999996,0.156999999999996,5865d7f437b5487c8061f7274c6507b7ec0fc76362cd655e9259ebb78a28f057,6506614505e113daab08b3f894ca46d4d61867c7b007c413b47a669abe8aae67,0,,0,FALSE,FALSE,FALSE,FALSE,FALSE,FALSE,FALSE,FALSE,8937acbbe87ff127e6567f97e52c6a17dbe3ea7052a39a3b76abe25c8e7eeb13,31d3575e77d9d04b75880bca9e10dbd0e13e61d21795052921dd3f702d909dd7
candidate,4,33,1000000,long,FALSE,long_float_add,float,typed_double,3,494,0.152000000000001,0.152000000000001,5865d7f437b5487c8061f7274c6507b7ec0fc76362cd655e9259ebb78a28f057,6506614505e113daab08b3f894ca46d4d61867c7b007c413b47a669abe8aae67,0,double,494,FALSE,FALSE,FALSE,FALSE,FALSE,FALSE,FALSE,FALSE,8937acbbe87ff127e6567f97e52c6a17dbe3ea7052a39a3b76abe25c8e7eeb13,31d3575e77d9d04b75880bca9e10dbd0e13e61d21795052921dd3f702d909dd7
candidate,4,34,1000000,long,TRUE,long_float_add,float,typed_double,1,494,0.170000000000002,0.170999999999999,087fb12a32e314d333c4287225113c3c6e3a135a9c18c162b3b5753b80f4350c,d842a810a046337b5363ff7dafdaa01aa4553912ce2afa4ee95c617158d8e0e7,2011,double,494,FALSE,FALSE,FALSE,FALSE,FALSE,FALSE,FALSE,FALSE,5af7169f9d20a77a6f06236647a66be1493d6e155163c245a466bda43242d0e7,6a2baa27cd05157233063b825243be4bdf1a2dbc88db2a6cdfd0b2527b28716b
candidate,4,34,1000000,long,TRUE,long_float_add,float,compact,2,265,0.149999999999999,0.149999999999999,087fb12a32e314d333c4287225113c3c6e3a135a9c18c162b3b5753b80f4350c,d842a810a046337b5363ff7dafdaa01aa4553912ce2afa4ee95c617158d8e0e7,2011,double,265,TRUE,TRUE,FALSE,FALSE,TRUE,TRUE,FALSE,FALSE,5af7169f9d20a77a6f06236647a66be1493d6e155163c245a466bda43242d0e7,6a2baa27cd05157233063b825243be4bdf1a2dbc88db2a6cdfd0b2527b28716b
candidate,4,34,1000000,long,TRUE,long_float_add,float,ordinary,3,586,0.150999999999996,0.152000000000001,ea5ac2e3896755c3d5082b83561d8673bb4f0147a7690b804a8d74cecbeda4c1,d842a810a046337b5363ff7dafdaa01aa4553912ce2afa4ee95c617158d8e0e7,2011,,0,FALSE,FALSE,FALSE,FALSE,FALSE,FALSE,FALSE,FALSE,5af7169f9d20a77a6f06236647a66be1493d6e155163c245a466bda43242d0e7,6a2baa27cd05157233063b825243be4bdf1a2dbc88db2a6cdfd0b2527b28716b
baseline,4,1,1000000,int,FALSE,scale_binary,double,typed_double,1,383,0.123,0.123,43cbc5fa02580f73a834cffb43a5ba0a0f4d7303cec536a2e3c58f1f469eb824,6506614505e113daab08b3f894ca46d4d61867c7b007c413b47a669abe8aae67,0,double,383,FALSE,FALSE,FALSE,FALSE,FALSE,FALSE,FALSE,FALSE,8937acbbe87ff127e6567f97e52c6a17dbe3ea7052a39a3b76abe25c8e7eeb13,31d3575e77d9d04b75880bca9e10dbd0e13e61d21795052921dd3f702d909dd7
baseline,4,1,1000000,int,FALSE,scale_binary,double,compact,2,586,0.142,0.141,43cbc5fa02580f73a834cffb43a5ba0a0f4d7303cec536a2e3c58f1f469eb824,6506614505e113daab08b3f894ca46d4d61867c7b007c413b47a669abe8aae67,0,int,586,TRUE,TRUE,FALSE,FALSE,FALSE,FALSE,FALSE,FALSE,8937acbbe87ff127e6567f97e52c6a17dbe3ea7052a39a3b76abe25c8e7eeb13,31d3575e77d9d04b75880bca9e10dbd0e13e61d21795052921dd3f702d909dd7
baseline,4,1,1000000,int,FALSE,scale_binary,double,ordinary,3,586,0.176,0.176,43cbc5fa02580f73a834cffb43a5ba0a0f4d7303cec536a2e3c58f1f469eb824,6506614505e113daab08b3f894ca46d4d61867c7b007c413b47a669abe8aae67,0,,0,FALSE,FALSE,FALSE,FALSE,FALSE,FALSE,FALSE,FALSE,8937acbbe87ff127e6567f97e52c6a17dbe3ea7052a39a3b76abe25c8e7eeb13,31d3575e77d9d04b75880bca9e10dbd0e13e61d21795052921dd3f702d909dd7
baseline,4,2,1000000,int,FALSE,scale_general,double,ordinary,1,586,0.179,0.179,98c11364f9b15cf1e1696537d86d727f3e1efaa44f5b303a15ed033179b4e86a,6506614505e113daab08b3f894ca46d4d61867c7b007c413b47a669abe8aae67,0,,0,FALSE,FALSE,FALSE,FALSE,FALSE,FALSE,FALSE,FALSE,8937acbbe87ff127e6567f97e52c6a17dbe3ea7052a39a3b76abe25c8e7eeb13,31d3575e77d9d04b75880bca9e10dbd0e13e61d21795052921dd3f702d909dd7
baseline,4,2,1000000,int,FALSE,scale_general,double,typed_double,2,536,0.164,0.164,98c11364f9b15cf1e1696537d86d727f3e1efaa44f5b303a15ed033179b4e86a,6506614505e113daab08b3f894ca46d4d61867c7b007c413b47a669abe8aae67,0,double,536,FALSE,FALSE,FALSE,FALSE,FALSE,FALSE,FALSE,FALSE,8937acbbe87ff127e6567f97e52c6a17dbe3ea7052a39a3b76abe25c8e7eeb13,31d3575e77d9d04b75880bca9e10dbd0e13e61d21795052921dd3f702d909dd7
baseline,4,2,1000000,int,FALSE,scale_general,double,compact,3,94,0.147,0.147,5b22560fab6c3b27f5e82592f7a486b943278dbe0e1d82a8c99735d3ee13430b,6506614505e113daab08b3f894ca46d4d61867c7b007c413b47a669abe8aae67,0,float,94,TRUE,TRUE,FALSE,FALSE,FALSE,FALSE,FALSE,FALSE,8937acbbe87ff127e6567f97e52c6a17dbe3ea7052a39a3b76abe25c8e7eeb13,31d3575e77d9d04b75880bca9e10dbd0e13e61d21795052921dd3f702d909dd7
baseline,4,3,1000000,int,FALSE,pair_compact_double,double,compact,1,108,0.147,0.148,5865d7f437b5487c8061f7274c6507b7ec0fc76362cd655e9259ebb78a28f057,6506614505e113daab08b3f894ca46d4d61867c7b007c413b47a669abe8aae67,0,double,108,TRUE,TRUE,FALSE,FALSE,FALSE,FALSE,FALSE,FALSE,8937acbbe87ff127e6567f97e52c6a17dbe3ea7052a39a3b76abe25c8e7eeb13,31d3575e77d9d04b75880bca9e10dbd0e13e61d21795052921dd3f702d909dd7
baseline,4,3,1000000,int,FALSE,pair_compact_double,double,ordinary,2,586,0.168,0.169,5865d7f437b5487c8061f7274c6507b7ec0fc76362cd655e9259ebb78a28f057,6506614505e113daab08b3f894ca46d4d61867c7b007c413b47a669abe8aae67,0,,0,FALSE,FALSE,FALSE,FALSE,FALSE,FALSE,FALSE,FALSE,8937acbbe87ff127e6567f97e52c6a17dbe3ea7052a39a3b76abe25c8e7eeb13,31d3575e77d9d04b75880bca9e10dbd0e13e61d21795052921dd3f702d909dd7
baseline,4,3,1000000,int,FALSE,pair_compact_double,double,typed_double,3,329,0.106,0.107,5865d7f437b5487c8061f7274c6507b7ec0fc76362cd655e9259ebb78a28f057,6506614505e113daab08b3f894ca46d4d61867c7b007c413b47a669abe8aae67,0,double,329,FALSE,FALSE,FALSE,FALSE,FALSE,FALSE,FALSE,FALSE,8937acbbe87ff127e6567f97e52c6a17dbe3ea7052a39a3b76abe25c8e7eeb13,31d3575e77d9d04b75880bca9e10dbd0e13e61d21795052921dd3f702d909dd7
baseline,4,4,1000000,int,FALSE,add_scalar,double,typed_double,1,280,0.117,0.117999999999999,1439f7f16fb3a12c3e378be19f4f968bfd8ba0b13d49fd661b844b18b3b58d40,6506614505e113daab08b3f894ca46d4d61867c7b007c413b47a669abe8aae67,0,double,280,FALSE,FALSE,FALSE,FALSE,FALSE,FALSE,FALSE,FALSE,8937acbbe87ff127e6567f97e52c6a17dbe3ea7052a39a3b76abe25c8e7eeb13,31d3575e77d9d04b75880bca9e10dbd0e13e61d21795052921dd3f702d909dd7
baseline,4,4,1000000,int,FALSE,add_scalar,double,compact,2,29,0.138,0.137,c71ccca92de640a85316ddcd6d7a40e76d086d97708e3a6315956ca169418a51,6506614505e113daab08b3f894ca46d4d61867c7b007c413b47a669abe8aae67,0,float,29,TRUE,TRUE,FALSE,FALSE,FALSE,FALSE,FALSE,FALSE,8937acbbe87ff127e6567f97e52c6a17dbe3ea7052a39a3b76abe25c8e7eeb13,31d3575e77d9d04b75880bca9e10dbd0e13e61d21795052921dd3f702d909dd7
baseline,4,4,1000000,int,FALSE,add_scalar,double,ordinary,3,605,0.165,0.166,1439f7f16fb3a12c3e378be19f4f968bfd8ba0b13d49fd661b844b18b3b58d40,6506614505e113daab08b3f894ca46d4d61867c7b007c413b47a669abe8aae67,0,,0,FALSE,FALSE,FALSE,FALSE,FALSE,FALSE,FALSE,FALSE,8937acbbe87ff127e6567f97e52c6a17dbe3ea7052a39a3b76abe25c8e7eeb13,31d3575e77d9d04b75880bca9e10dbd0e13e61d21795052921dd3f702d909dd7
baseline,4,5,1000000,int,FALSE,subtract_scalar,double,ordinary,1,586,0.16,0.16,4d7fa72c39df54d095261c83239d5980d0a1ff94839d263f9a7dfea5049791fe,6506614505e113daab08b3f894ca46d4d61867c7b007c413b47a669abe8aae67,0,,0,FALSE,FALSE,FALSE,FALSE,FALSE,FALSE,FALSE,FALSE,8937acbbe87ff127e6567f97e52c6a17dbe3ea7052a39a3b76abe25c8e7eeb13,31d3575e77d9d04b75880bca9e10dbd0e13e61d21795052921dd3f702d909dd7
baseline,4,5,1000000,int,FALSE,subtract_scalar,double,typed_double,2,276,0.116,0.116000000000001,4d7fa72c39df54d095261c83239d5980d0a1ff94839d263f9a7dfea5049791fe,6506614505e113daab08b3f894ca46d4d61867c7b007c413b47a669abe8aae67,0,double,276,FALSE,FALSE,FALSE,FALSE,FALSE,FALSE,FALSE,FALSE,8937acbbe87ff127e6567f97e52c6a17dbe3ea7052a39a3b76abe25c8e7eeb13,31d3575e77d9d04b75880bca9e10dbd0e13e61d21795052921dd3f702d909dd7
baseline,4,5,1000000,int,FALSE,subtract_scalar,double,compact,3,30,0.16,0.16,ac41a62f122b430ac56496c53bc2efc0f8e7b183de1fa7f57d32683c2f951555,6506614505e113daab08b3f894ca46d4d61867c7b007c413b47a669abe8aae67,0,float,30,TRUE,TRUE,FALSE,FALSE,FALSE,FALSE,FALSE,FALSE,8937acbbe87ff127e6567f97e52c6a17dbe3ea7052a39a3b76abe25c8e7eeb13,31d3575e77d9d04b75880bca9e10dbd0e13e61d21795052921dd3f702d909dd7
baseline,4,6,1000000,int,FALSE,reverse_subtract,double,compact,1,32,0.169,0.169,4e06bb9d84e68d2b3176d8d9d719b5bb97dc463a99c72430d73baf543d93b6fd,6506614505e113daab08b3f894ca46d4d61867c7b007c413b47a669abe8aae67,0,float,32,TRUE,TRUE,FALSE,FALSE,FALSE,FALSE,FALSE,FALSE,8937acbbe87ff127e6567f97e52c6a17dbe3ea7052a39a3b76abe25c8e7eeb13,31d3575e77d9d04b75880bca9e10dbd0e13e61d21795052921dd3f702d909dd7
baseline,4,6,1000000,int,FALSE,reverse_subtract,double,ordinary,2,647,0.173,0.173,c10b10b4e2f1f397fc6fe7eaa9e5b4584cc0a290911e13c8fea846c487bfa36d,6506614505e113daab08b3f894ca46d4d61867c7b007c413b47a669abe8aae67,0,,0,FALSE,FALSE,FALSE,FALSE,FALSE,FALSE,FALSE,FALSE,8937acbbe87ff127e6567f97e52c6a17dbe3ea7052a39a3b76abe25c8e7eeb13,31d3575e77d9d04b75880bca9e10dbd0e13e61d21795052921dd3f702d909dd7
baseline,4,6,1000000,int,FALSE,reverse_subtract,double,typed_double,3,361,0.15,0.148999999999999,c10b10b4e2f1f397fc6fe7eaa9e5b4584cc0a290911e13c8fea846c487bfa36d,6506614505e113daab08b3f894ca46d4d61867c7b007c413b47a669abe8aae67,0,double,361,FALSE,FALSE,FALSE,FALSE,FALSE,FALSE,FALSE,FALSE,8937acbbe87ff127e6567f97e52c6a17dbe3ea7052a39a3b76abe25c8e7eeb13,31d3575e77d9d04b75880bca9e10dbd0e13e61d21795052921dd3f702d909dd7
baseline,4,7,1000000,int,FALSE,reverse_divide,double,typed_double,1,507,0.167,0.167,edabd46066f8ec30bbc81fe8d9a4c7ef506d3d9a77408a1b0c6a5be7df3e4721,8dca1eb700a45aaace59ea0c206000bfb6345887d8c82d9a5f1f6a86211aeab4,100,double,507,FALSE,FALSE,FALSE,FALSE,FALSE,FALSE,FALSE,FALSE,8937acbbe87ff127e6567f97e52c6a17dbe3ea7052a39a3b76abe25c8e7eeb13,31d3575e77d9d04b75880bca9e10dbd0e13e61d21795052921dd3f702d909dd7
baseline,4,7,1000000,int,FALSE,reverse_divide,double,compact,2,102,0.155000000000001,0.154999999999999,cbafe8b44fab1872729be2227cecddc875873c3653e6ebf01ce53e917fceee0e,8dca1eb700a45aaace59ea0c206000bfb6345887d8c82d9a5f1f6a86211aeab4,100,float,102,TRUE,TRUE,FALSE,FALSE,FALSE,FALSE,FALSE,FALSE,8937acbbe87ff127e6567f97e52c6a17dbe3ea7052a39a3b76abe25c8e7eeb13,31d3575e77d9d04b75880bca9e10dbd0e13e61d21795052921dd3f702d909dd7
baseline,4,7,1000000,int,FALSE,reverse_divide,double,ordinary,3,625,0.149999999999999,0.149999999999999,286e6f4fcb574961d21ee0ffc03c2d1c268671051cddf977b0eb1236cc5ce88a,6506614505e113daab08b3f894ca46d4d61867c7b007c413b47a669abe8aae67,0,,0,FALSE,FALSE,FALSE,FALSE,FALSE,FALSE,FALSE,FALSE,8937acbbe87ff127e6567f97e52c6a17dbe3ea7052a39a3b76abe25c8e7eeb13,31d3575e77d9d04b75880bca9e10dbd0e13e61d21795052921dd3f702d909dd7
baseline,4,8,1000000,int,FALSE,mixed_add,float,ordinary,1,605,0.167999999999999,0.169,5865d7f437b5487c8061f7274c6507b7ec0fc76362cd655e9259ebb78a28f057,6506614505e113daab08b3f894ca46d4d61867c7b007c413b47a669abe8aae67,0,,0,FALSE,FALSE,FALSE,FALSE,FALSE,FALSE,FALSE,FALSE,8937acbbe87ff127e6567f97e52c6a17dbe3ea7052a39a3b76abe25c8e7eeb13,31d3575e77d9d04b75880bca9e10dbd0e13e61d21795052921dd3f702d909dd7
baseline,4,8,1000000,int,FALSE,mixed_add,float,typed_double,2,494,0.154,0.152999999999999,5865d7f437b5487c8061f7274c6507b7ec0fc76362cd655e9259ebb78a28f057,6506614505e113daab08b3f894ca46d4d61867c7b007c413b47a669abe8aae67,0,double,494,FALSE,FALSE,FALSE,FALSE,FALSE,FALSE,FALSE,FALSE,8937acbbe87ff127e6567f97e52c6a17dbe3ea7052a39a3b76abe25c8e7eeb13,31d3575e77d9d04b75880bca9e10dbd0e13e61d21795052921dd3f702d909dd7
baseline,4,8,1000000,int,FALSE,mixed_add,float,compact,3,84,0.154,0.154,5865d7f437b5487c8061f7274c6507b7ec0fc76362cd655e9259ebb78a28f057,6506614505e113daab08b3f894ca46d4d61867c7b007c413b47a669abe8aae67,0,float,84,TRUE,TRUE,FALSE,FALSE,TRUE,TRUE,FALSE,FALSE,8937acbbe87ff127e6567f97e52c6a17dbe3ea7052a39a3b76abe25c8e7eeb13,31d3575e77d9d04b75880bca9e10dbd0e13e61d21795052921dd3f702d909dd7
baseline,4,9,1000000,int,FALSE,mixed_multiply,float,compact,1,82,0.15,0.151000000000002,74e198320fcef535d96d5240bf6315c7f048f937cff6728206c4dc3e49c71557,6506614505e113daab08b3f894ca46d4d61867c7b007c413b47a669abe8aae67,0,float,82,TRUE,TRUE,FALSE,FALSE,TRUE,TRUE,FALSE,FALSE,8937acbbe87ff127e6567f97e52c6a17dbe3ea7052a39a3b76abe25c8e7eeb13,31d3575e77d9d04b75880bca9e10dbd0e13e61d21795052921dd3f702d909dd7
baseline,4,9,1000000,int,FALSE,mixed_multiply,float,ordinary,2,586,0.149999999999999,0.149999999999999,74e198320fcef535d96d5240bf6315c7f048f937cff6728206c4dc3e49c71557,6506614505e113daab08b3f894ca46d4d61867c7b007c413b47a669abe8aae67,0,,0,FALSE,FALSE,FALSE,FALSE,FALSE,FALSE,FALSE,FALSE,8937acbbe87ff127e6567f97e52c6a17dbe3ea7052a39a3b76abe25c8e7eeb13,31d3575e77d9d04b75880bca9e10dbd0e13e61d21795052921dd3f702d909dd7
baseline,4,9,1000000,int,FALSE,mixed_multiply,float,typed_double,3,354,0.109,0.109,74e198320fcef535d96d5240bf6315c7f048f937cff6728206c4dc3e49c71557,6506614505e113daab08b3f894ca46d4d61867c7b007c413b47a669abe8aae67,0,double,354,FALSE,FALSE,FALSE,FALSE,FALSE,FALSE,FALSE,FALSE,8937acbbe87ff127e6567f97e52c6a17dbe3ea7052a39a3b76abe25c8e7eeb13,31d3575e77d9d04b75880bca9e10dbd0e13e61d21795052921dd3f702d909dd7
baseline,4,10,1000000,int,TRUE,scale_binary,double,typed_double,1,569,0.166999999999999,0.166,406aa86104df9ebd1e49e25bbc9266cbc0cc152fd09e7d28efa1e3b9f07c7f98,256764253c19afe4b22c7738fb2f83098a03d4dbde3db39ee8c24b205a95942a,1003,double,569,FALSE,FALSE,FALSE,FALSE,FALSE,FALSE,FALSE,FALSE,5af7169f9d20a77a6f06236647a66be1493d6e155163c245a466bda43242d0e7,6a2baa27cd05157233063b825243be4bdf1a2dbc88db2a6cdfd0b2527b28716b
baseline,4,10,1000000,int,TRUE,scale_binary,double,compact,2,536,0.127999999999998,0.128999999999998,406aa86104df9ebd1e49e25bbc9266cbc0cc152fd09e7d28efa1e3b9f07c7f98,256764253c19afe4b22c7738fb2f83098a03d4dbde3db39ee8c24b205a95942a,1003,int,536,TRUE,TRUE,FALSE,FALSE,FALSE,FALSE,FALSE,FALSE,5af7169f9d20a77a6f06236647a66be1493d6e155163c245a466bda43242d0e7,6a2baa27cd05157233063b825243be4bdf1a2dbc88db2a6cdfd0b2527b28716b
baseline,4,10,1000000,int,TRUE,scale_binary,double,ordinary,3,626,0.150000000000002,0.149999999999999,b10ddc1e7177ef92cdb14943c3981218bcd426a31f9c7d156ed4dbd4ea86c948,256764253c19afe4b22c7738fb2f83098a03d4dbde3db39ee8c24b205a95942a,1003,,0,FALSE,FALSE,FALSE,FALSE,FALSE,FALSE,FALSE,FALSE,5af7169f9d20a77a6f06236647a66be1493d6e155163c245a466bda43242d0e7,6a2baa27cd05157233063b825243be4bdf1a2dbc88db2a6cdfd0b2527b28716b
baseline,4,11,1000000,int,TRUE,scale_general,double,ordinary,1,647,0.170999999999998,0.170000000000002,ea5220c4891c83ca4d6c555d28f6502adbaf6141ce7d6cf4825e9d27d0d51944,256764253c19afe4b22c7738fb2f83098a03d4dbde3db39ee8c24b205a95942a,1003,,0,FALSE,FALSE,FALSE,FALSE,FALSE,FALSE,FALSE,FALSE,5af7169f9d20a77a6f06236647a66be1493d6e155163c245a466bda43242d0e7,6a2baa27cd05157233063b825243be4bdf1a2dbc88db2a6cdfd0b2527b28716b
baseline,4,11,1000000,int,TRUE,scale_general,double,typed_double,2,569,0.151,0.151,69569d7d3b174986a7ae48d2c2f67dcea32be4e102725873e2cfa7cf5e4f9d02,256764253c19afe4b22c7738fb2f83098a03d4dbde3db39ee8c24b205a95942a,1003,double,569,FALSE,FALSE,FALSE,FALSE,FALSE,FALSE,FALSE,FALSE,5af7169f9d20a77a6f06236647a66be1493d6e155163c245a466bda43242d0e7,6a2baa27cd05157233063b825243be4bdf1a2dbc88db2a6cdfd0b2527b28716b
baseline,4,11,1000000,int,TRUE,scale_general,double,compact,3,86,0.149999999999999,0.151,38447e334649e5d7eda33f0001bed517c428980c028a15d2e1699be9ef65cf3a,256764253c19afe4b22c7738fb2f83098a03d4dbde3db39ee8c24b205a95942a,1003,float,86,TRUE,TRUE,FALSE,FALSE,FALSE,FALSE,FALSE,FALSE,5af7169f9d20a77a6f06236647a66be1493d6e155163c245a466bda43242d0e7,6a2baa27cd05157233063b825243be4bdf1a2dbc88db2a6cdfd0b2527b28716b
baseline,4,12,1000000,int,TRUE,pair_compact_double,double,compact,1,79,0.106999999999999,0.106999999999999,087fb12a32e314d333c4287225113c3c6e3a135a9c18c162b3b5753b80f4350c,d842a810a046337b5363ff7dafdaa01aa4553912ce2afa4ee95c617158d8e0e7,2011,double,79,TRUE,TRUE,FALSE,FALSE,FALSE,FALSE,FALSE,FALSE,5af7169f9d20a77a6f06236647a66be1493d6e155163c245a466bda43242d0e7,6a2baa27cd05157233063b825243be4bdf1a2dbc88db2a6cdfd0b2527b28716b
baseline,4,12,1000000,int,TRUE,pair_compact_double,double,ordinary,2,605,0.153000000000002,0.154,ea5ac2e3896755c3d5082b83561d8673bb4f0147a7690b804a8d74cecbeda4c1,d842a810a046337b5363ff7dafdaa01aa4553912ce2afa4ee95c617158d8e0e7,2011,,0,FALSE,FALSE,FALSE,FALSE,FALSE,FALSE,FALSE,FALSE,5af7169f9d20a77a6f06236647a66be1493d6e155163c245a466bda43242d0e7,6a2baa27cd05157233063b825243be4bdf1a2dbc88db2a6cdfd0b2527b28716b
baseline,4,12,1000000,int,TRUE,pair_compact_double,double,typed_double,3,494,0.152999999999999,0.152999999999999,087fb12a32e314d333c4287225113c3c6e3a135a9c18c162b3b5753b80f4350c,d842a810a046337b5363ff7dafdaa01aa4553912ce2afa4ee95c617158d8e0e7,2011,double,494,FALSE,FALSE,FALSE,FALSE,FALSE,FALSE,FALSE,FALSE,5af7169f9d20a77a6f06236647a66be1493d6e155163c245a466bda43242d0e7,6a2baa27cd05157233063b825243be4bdf1a2dbc88db2a6cdfd0b2527b28716b
baseline,4,13,1000000,int,TRUE,add_scalar,double,typed_double,1,285,0.117000000000001,0.117000000000001,3c99edfd213a70ad9e7387e7d2693e7278b2f41d1da572a7c0f2c136c10a0f54,256764253c19afe4b22c7738fb2f83098a03d4dbde3db39ee8c24b205a95942a,1003,double,285,FALSE,FALSE,FALSE,FALSE,FALSE,FALSE,FALSE,FALSE,5af7169f9d20a77a6f06236647a66be1493d6e155163c245a466bda43242d0e7,6a2baa27cd05157233063b825243be4bdf1a2dbc88db2a6cdfd0b2527b28716b
baseline,4,13,1000000,int,TRUE,add_scalar,double,compact,2,20,0.152,0.151,9298ae1fd450cae2b62dc96ace3bab841bc59b30cfc46e1ecc19a5d300510c90,256764253c19afe4b22c7738fb2f83098a03d4dbde3db39ee8c24b205a95942a,1003,float,20,TRUE,TRUE,FALSE,FALSE,FALSE,FALSE,FALSE,FALSE,5af7169f9d20a77a6f06236647a66be1493d6e155163c245a466bda43242d0e7,6a2baa27cd05157233063b825243be4bdf1a2dbc88db2a6cdfd0b2527b28716b
baseline,4,13,1000000,int,TRUE,add_scalar,double,ordinary,3,625,0.150000000000001,0.149999999999999,a05775d63d44cef2dc1fafd0012e87fb382790e3551020edeb65dba214805f6a,256764253c19afe4b22c7738fb2f83098a03d4dbde3db39ee8c24b205a95942a,1003,,0,FALSE,FALSE,FALSE,FALSE,FALSE,FALSE,FALSE,FALSE,5af7169f9d20a77a6f06236647a66be1493d6e155163c245a466bda43242d0e7,6a2baa27cd05157233063b825243be4bdf1a2dbc88db2a6cdfd0b2527b28716b
baseline,4,14,1000000,int,TRUE,subtract_scalar,double,ordinary,1,647,0.170000000000002,0.169999999999998,66c6c50fe1b9ab56178355238f6fb6b10837cc4c6935acaf14868f2895baa864,256764253c19afe4b22c7738fb2f83098a03d4dbde3db39ee8c24b205a95942a,1003,,0,FALSE,FALSE,FALSE,FALSE,FALSE,FALSE,FALSE,FALSE,5af7169f9d20a77a6f06236647a66be1493d6e155163c245a466bda43242d0e7,6a2baa27cd05157233063b825243be4bdf1a2dbc88db2a6cdfd0b2527b28716b
baseline,4,14,1000000,int,TRUE,subtract_scalar,double,typed_double,2,368,0.149999999999999,0.149999999999999,0834dd898be45a06c2b25b69b1eaac5c18492a3f92f29fe34d2ee1bca21c6c24,256764253c19afe4b22c7738fb2f83098a03d4dbde3db39ee8c24b205a95942a,1003,double,368,FALSE,FALSE,FALSE,FALSE,FALSE,FALSE,FALSE,FALSE,5af7169f9d20a77a6f06236647a66be1493d6e155163c245a466bda43242d0e7,6a2baa27cd05157233063b825243be4bdf1a2dbc88db2a6cdfd0b2527b28716b
baseline,4,14,1000000,int,TRUE,subtract_scalar,double,compact,3,18,0.145,0.145,d1a2fd6c5ab8d0e4a10c61dbb097a7ab3009923cb6ed72a793f42244b3f68ec6,256764253c19afe4b22c7738fb2f83098a03d4dbde3db39ee8c24b205a95942a,1003,float,18,TRUE,TRUE,FALSE,FALSE,FALSE,FALSE,FALSE,FALSE,5af7169f9d20a77a6f06236647a66be1493d6e155163c245a466bda43242d0e7,6a2baa27cd05157233063b825243be4bdf1a2dbc88db2a6cdfd0b2527b28716b
baseline,4,15,1000000,int,TRUE,reverse_subtract,double,compact,1,19,0.155,0.154,ce55a919f3651ad54050585ceac6df58ade9a7234536c53b2e30cf24dc97456a,256764253c19afe4b22c7738fb2f83098a03d4dbde3db39ee8c24b205a95942a,1003,float,19,TRUE,TRUE,FALSE,FALSE,FALSE,FALSE,FALSE,FALSE,5af7169f9d20a77a6f06236647a66be1493d6e155163c245a466bda43242d0e7,6a2baa27cd05157233063b825243be4bdf1a2dbc88db2a6cdfd0b2527b28716b
baseline,4,15,1000000,int,TRUE,reverse_subtract,double,ordinary,2,625,0.152999999999999,0.153000000000002,eeadc1ac8a182c5e9ac0af8ed545484b93cc60cd2781d423e67e76b038bbb02f,256764253c19afe4b22c7738fb2f83098a03d4dbde3db39ee8c24b205a95942a,1003,,0,FALSE,FALSE,FALSE,FALSE,FALSE,FALSE,FALSE,FALSE,5af7169f9d20a77a6f06236647a66be1493d6e155163c245a466bda43242d0e7,6a2baa27cd05157233063b825243be4bdf1a2dbc88db2a6cdfd0b2527b28716b
baseline,4,15,1000000,int,TRUE,reverse_subtract,double,typed_double,3,361,0.165999999999999,0.164999999999999,7772556aaab7540c9cbc83fbef93b5ce837a74b5f0bfbf9f4d7e1d6c2f9d6aca,256764253c19afe4b22c7738fb2f83098a03d4dbde3db39ee8c24b205a95942a,1003,double,361,FALSE,FALSE,FALSE,FALSE,FALSE,FALSE,FALSE,FALSE,5af7169f9d20a77a6f06236647a66be1493d6e155163c245a466bda43242d0e7,6a2baa27cd05157233063b825243be4bdf1a2dbc88db2a6cdfd0b2527b28716b
baseline,4,16,1000000,int,TRUE,reverse_divide,double,typed_double,1,507,0.152000000000001,0.151999999999997,46c9fedb1b90dde4d28d485b133b143f17d4c7ef7b2ba3baae533c5a3d0656ea,e18be1b0e89b4a0c64a4b1d8acff45284e54d26e14e2d4cbb5f3b282ba9e2bbf,1103,double,507,FALSE,FALSE,FALSE,FALSE,FALSE,FALSE,FALSE,FALSE,5af7169f9d20a77a6f06236647a66be1493d6e155163c245a466bda43242d0e7,6a2baa27cd05157233063b825243be4bdf1a2dbc88db2a6cdfd0b2527b28716b
baseline,4,16,1000000,int,TRUE,reverse_divide,double,compact,2,80,0.149000000000001,0.150000000000002,8e2880166f67afb3324288a562f812ea1ac87aa63f348f9c4373df1017394a64,e18be1b0e89b4a0c64a4b1d8acff45284e54d26e14e2d4cbb5f3b282ba9e2bbf,1103,float,80,TRUE,TRUE,FALSE,FALSE,FALSE,FALSE,FALSE,FALSE,5af7169f9d20a77a6f06236647a66be1493d6e155163c245a466bda43242d0e7,6a2baa27cd05157233063b825243be4bdf1a2dbc88db2a6cdfd0b2527b28716b
baseline,4,16,1000000,int,TRUE,reverse_divide,double,ordinary,3,626,0.152000000000001,0.152000000000001,5919a3b9c611a609b75579ae435ea59e6a6602e36aae9ea52a62df3f56ed00e9,256764253c19afe4b22c7738fb2f83098a03d4dbde3db39ee8c24b205a95942a,1003,,0,FALSE,FALSE,FALSE,FALSE,FALSE,FALSE,FALSE,FALSE,5af7169f9d20a77a6f06236647a66be1493d6e155163c245a466bda43242d0e7,6a2baa27cd05157233063b825243be4bdf1a2dbc88db2a6cdfd0b2527b28716b
baseline,4,17,1000000,int,TRUE,mixed_add,float,ordinary,1,605,0.169999999999998,0.169,ea5ac2e3896755c3d5082b83561d8673bb4f0147a7690b804a8d74cecbeda4c1,d842a810a046337b5363ff7dafdaa01aa4553912ce2afa4ee95c617158d8e0e7,2011,,0,FALSE,FALSE,FALSE,FALSE,FALSE,FALSE,FALSE,FALSE,5af7169f9d20a77a6f06236647a66be1493d6e155163c245a466bda43242d0e7,6a2baa27cd05157233063b825243be4bdf1a2dbc88db2a6cdfd0b2527b28716b
baseline,4,17,1000000,int,TRUE,mixed_add,float,typed_double,2,481,0.167,0.167000000000002,087fb12a32e314d333c4287225113c3c6e3a135a9c18c162b3b5753b80f4350c,d842a810a046337b5363ff7dafdaa01aa4553912ce2afa4ee95c617158d8e0e7,2011,double,481,FALSE,FALSE,FALSE,FALSE,FALSE,FALSE,FALSE,FALSE,5af7169f9d20a77a6f06236647a66be1493d6e155163c245a466bda43242d0e7,6a2baa27cd05157233063b825243be4bdf1a2dbc88db2a6cdfd0b2527b28716b
baseline,4,17,1000000,int,TRUE,mixed_add,float,compact,3,82,0.151,0.151,087fb12a32e314d333c4287225113c3c6e3a135a9c18c162b3b5753b80f4350c,d842a810a046337b5363ff7dafdaa01aa4553912ce2afa4ee95c617158d8e0e7,2011,float,82,TRUE,TRUE,FALSE,FALSE,TRUE,TRUE,FALSE,FALSE,5af7169f9d20a77a6f06236647a66be1493d6e155163c245a466bda43242d0e7,6a2baa27cd05157233063b825243be4bdf1a2dbc88db2a6cdfd0b2527b28716b
baseline,4,18,1000000,int,TRUE,mixed_multiply,float,compact,1,82,0.151,0.151,567cb444c88381ecb7601b5374668c9d2a719ee733326a0fd33b4e0cf98f607d,d842a810a046337b5363ff7dafdaa01aa4553912ce2afa4ee95c617158d8e0e7,2011,float,82,TRUE,TRUE,FALSE,FALSE,TRUE,TRUE,FALSE,FALSE,5af7169f9d20a77a6f06236647a66be1493d6e155163c245a466bda43242d0e7,6a2baa27cd05157233063b825243be4bdf1a2dbc88db2a6cdfd0b2527b28716b
baseline,4,18,1000000,int,TRUE,mixed_multiply,float,ordinary,2,586,0.150000000000002,0.149999999999999,4e15a12f73c542a9193d69c8d13f89eb8b7adf975c41c2fdf2ef19e40aa99344,d842a810a046337b5363ff7dafdaa01aa4553912ce2afa4ee95c617158d8e0e7,2011,,0,FALSE,FALSE,FALSE,FALSE,FALSE,FALSE,FALSE,FALSE,5af7169f9d20a77a6f06236647a66be1493d6e155163c245a466bda43242d0e7,6a2baa27cd05157233063b825243be4bdf1a2dbc88db2a6cdfd0b2527b28716b
baseline,4,18,1000000,int,TRUE,mixed_multiply,float,typed_double,3,494,0.168999999999997,0.169999999999998,567cb444c88381ecb7601b5374668c9d2a719ee733326a0fd33b4e0cf98f607d,d842a810a046337b5363ff7dafdaa01aa4553912ce2afa4ee95c617158d8e0e7,2011,double,494,FALSE,FALSE,FALSE,FALSE,FALSE,FALSE,FALSE,FALSE,5af7169f9d20a77a6f06236647a66be1493d6e155163c245a466bda43242d0e7,6a2baa27cd05157233063b825243be4bdf1a2dbc88db2a6cdfd0b2527b28716b
baseline,4,19,1000000,float,FALSE,scale_binary,double,typed_double,1,569,0.166999999999998,0.166999999999998,5e4cb543f32269b2c2218b394ad1c41d44f6b32b3f8be7d200655b3b7d11f177,6506614505e113daab08b3f894ca46d4d61867c7b007c413b47a669abe8aae67,0,double,569,FALSE,FALSE,FALSE,FALSE,FALSE,FALSE,FALSE,FALSE,7f1c1a27229f7a699fa85ff90b5be1266497c462407b39b11f6d94015af8e8ad,31d3575e77d9d04b75880bca9e10dbd0e13e61d21795052921dd3f702d909dd7
baseline,4,19,1000000,float,FALSE,scale_binary,double,compact,2,447,0.146,0.145,5e4cb543f32269b2c2218b394ad1c41d44f6b32b3f8be7d200655b3b7d11f177,6506614505e113daab08b3f894ca46d4d61867c7b007c413b47a669abe8aae67,0,float,447,TRUE,TRUE,FALSE,FALSE,FALSE,FALSE,FALSE,FALSE,7f1c1a27229f7a699fa85ff90b5be1266497c462407b39b11f6d94015af8e8ad,31d3575e77d9d04b75880bca9e10dbd0e13e61d21795052921dd3f702d909dd7
baseline,4,19,1000000,float,FALSE,scale_binary,double,ordinary,3,625,0.152,0.151,5e4cb543f32269b2c2218b394ad1c41d44f6b32b3f8be7d200655b3b7d11f177,6506614505e113daab08b3f894ca46d4d61867c7b007c413b47a669abe8aae67,0,,0,FALSE,FALSE,FALSE,FALSE,FALSE,FALSE,FALSE,FALSE,7f1c1a27229f7a699fa85ff90b5be1266497c462407b39b11f6d94015af8e8ad,31d3575e77d9d04b75880bca9e10dbd0e13e61d21795052921dd3f702d909dd7
baseline,4,20,1000000,float,FALSE,scale_general,double,ordinary,1,626,0.166999999999998,0.166,f26b519d09797e4f4941392e4b52f307c71832f0aaad54da617e9078fe055e1c,6506614505e113daab08b3f894ca46d4d61867c7b007c413b47a669abe8aae67,0,,0,FALSE,FALSE,FALSE,FALSE,FALSE,FALSE,FALSE,FALSE,7f1c1a27229f7a699fa85ff90b5be1266497c462407b39b11f6d94015af8e8ad,31d3575e77d9d04b75880bca9e10dbd0e13e61d21795052921dd3f702d909dd7
baseline,4,20,1000000,float,FALSE,scale_general,double,typed_double,2,569,0.166999999999998,0.167999999999999,f26b519d09797e4f4941392e4b52f307c71832f0aaad54da617e9078fe055e1c,6506614505e113daab08b3f894ca46d4d61867c7b007c413b47a669abe8aae67,0,double,569,FALSE,FALSE,FALSE,FALSE,FALSE,FALSE,FALSE,FALSE,7f1c1a27229f7a699fa85ff90b5be1266497c462407b39b11f6d94015af8e8ad,31d3575e77d9d04b75880bca9e10dbd0e13e61d21795052921dd3f702d909dd7
baseline,4,20,1000000,float,FALSE,scale_general,double,compact,3,194,0.151000000000003,0.151000000000003,72cc5cf98cf5a5166668db2e8420adb3bc862ec1b003fbdd7aeb0a9746f22870,6506614505e113daab08b3f894ca46d4d61867c7b007c413b47a669abe8aae67,0,float,194,TRUE,TRUE,FALSE,FALSE,FALSE,FALSE,FALSE,FALSE,7f1c1a27229f7a699fa85ff90b5be1266497c462407b39b11f6d94015af8e8ad,31d3575e77d9d04b75880bca9e10dbd0e13e61d21795052921dd3f702d909dd7
baseline,4,21,1000000,float,FALSE,pair_compact_double,double,compact,1,108,0.152000000000001,0.152999999999999,d0adc5c3f77a8c464e25cdf403e40486acf05d6b089dad00367eb8620a0a608e,6506614505e113daab08b3f894ca46d4d61867c7b007c413b47a669abe8aae67,0,double,108,TRUE,TRUE,FALSE,FALSE,FALSE,FALSE,FALSE,FALSE,7f1c1a27229f7a699fa85ff90b5be1266497c462407b39b11f6d94015af8e8ad,31d3575e77d9d04b75880bca9e10dbd0e13e61d21795052921dd3f702d909dd7
baseline,4,21,1000000,float,FALSE,pair_compact_double,double,ordinary,2,605,0.173000000000004,0.171999999999997,d0adc5c3f77a8c464e25cdf403e40486acf05d6b089dad00367eb8620a0a608e,6506614505e113daab08b3f894ca46d4d61867c7b007c413b47a669abe8aae67,0,,0,FALSE,FALSE,FALSE,FALSE,FALSE,FALSE,FALSE,FALSE,7f1c1a27229f7a699fa85ff90b5be1266497c462407b39b11f6d94015af8e8ad,31d3575e77d9d04b75880bca9e10dbd0e13e61d21795052921dd3f702d909dd7
baseline,4,21,1000000,float,FALSE,pair_compact_double,double,typed_double,3,494,0.153999999999996,0.154000000000003,d0adc5c3f77a8c464e25cdf403e40486acf05d6b089dad00367eb8620a0a608e,6506614505e113daab08b3f894ca46d4d61867c7b007c413b47a669abe8aae67,0,double,494,FALSE,FALSE,FALSE,FALSE,FALSE,FALSE,FALSE,FALSE,7f1c1a27229f7a699fa85ff90b5be1266497c462407b39b11f6d94015af8e8ad,31d3575e77d9d04b75880bca9e10dbd0e13e61d21795052921dd3f702d909dd7
baseline,4,22,1000000,float,FALSE,add_scalar,double,typed_double,1,368,0.165999999999997,0.165999999999997,292e89d47e6240bb2914ef7ad37d7e757276712199771e9df56100a008a8cb8c,6506614505e113daab08b3f894ca46d4d61867c7b007c413b47a669abe8aae67,0,double,368,FALSE,FALSE,FALSE,FALSE,FALSE,FALSE,FALSE,FALSE,7f1c1a27229f7a699fa85ff90b5be1266497c462407b39b11f6d94015af8e8ad,31d3575e77d9d04b75880bca9e10dbd0e13e61d21795052921dd3f702d909dd7
baseline,4,22,1000000,float,FALSE,add_scalar,double,compact,2,158,0.153999999999999,0.153999999999996,6f4e6deefcbd4cb8847d97ac43d7047c827b45b8a7d41e59355544434442b07b,6506614505e113daab08b3f894ca46d4d61867c7b007c413b47a669abe8aae67,0,float,158,TRUE,TRUE,FALSE,FALSE,FALSE,FALSE,FALSE,FALSE,7f1c1a27229f7a699fa85ff90b5be1266497c462407b39b11f6d94015af8e8ad,31d3575e77d9d04b75880bca9e10dbd0e13e61d21795052921dd3f702d909dd7
baseline,4,22,1000000,float,FALSE,add_scalar,double,ordinary,3,625,0.174,0.174,292e89d47e6240bb2914ef7ad37d7e757276712199771e9df56100a008a8cb8c,6506614505e113daab08b3f894ca46d4d61867c7b007c413b47a669abe8aae67,0,,0,FALSE,FALSE,FALSE,FALSE,FALSE,FALSE,FALSE,FALSE,7f1c1a27229f7a699fa85ff90b5be1266497c462407b39b11f6d94015af8e8ad,31d3575e77d9d04b75880bca9e10dbd0e13e61d21795052921dd3f702d909dd7
baseline,4,23,1000000,float,FALSE,subtract_scalar,double,ordinary,1,647,0.156999999999996,0.158000000000001,13a3239df0a7d9c4766e9cb1022fe126007afc38c9539ef233ed4bf785d961fa,6506614505e113daab08b3f894ca46d4d61867c7b007c413b47a669abe8aae67,0,,0,FALSE,FALSE,FALSE,FALSE,FALSE,FALSE,FALSE,FALSE,7f1c1a27229f7a699fa85ff90b5be1266497c462407b39b11f6d94015af8e8ad,31d3575e77d9d04b75880bca9e10dbd0e13e61d21795052921dd3f702d909dd7
baseline,4,23,1000000,float,FALSE,subtract_scalar,double,typed_double,2,368,0.152000000000001,0.152000000000001,13a3239df0a7d9c4766e9cb1022fe126007afc38c9539ef233ed4bf785d961fa,6506614505e113daab08b3f894ca46d4d61867c7b007c413b47a669abe8aae67,0,double,368,FALSE,FALSE,FALSE,FALSE,FALSE,FALSE,FALSE,FALSE,7f1c1a27229f7a699fa85ff90b5be1266497c462407b39b11f6d94015af8e8ad,31d3575e77d9d04b75880bca9e10dbd0e13e61d21795052921dd3f702d909dd7
baseline,4,23,1000000,float,FALSE,subtract_scalar,double,compact,3,146,0.156999999999999,0.156999999999996,73750801b993e37ef9c262c8c6c20433be5d4f8f21bfd0757cae3f70c74eda3f,6506614505e113daab08b3f894ca46d4d61867c7b007c413b47a669abe8aae67,0,float,146,TRUE,TRUE,FALSE,FALSE,FALSE,FALSE,FALSE,FALSE,7f1c1a27229f7a699fa85ff90b5be1266497c462407b39b11f6d94015af8e8ad,31d3575e77d9d04b75880bca9e10dbd0e13e61d21795052921dd3f702d909dd7
baseline,4,24,1000000,float,FALSE,reverse_subtract,double,compact,1,136,0.148000000000001,0.148000000000003,8505db92c32dc0b74614f948c8784986a3d42738b9f7afa126ec04569b48eaee,6506614505e113daab08b3f894ca46d4d61867c7b007c413b47a669abe8aae67,0,float,136,TRUE,TRUE,FALSE,FALSE,FALSE,FALSE,FALSE,FALSE,7f1c1a27229f7a699fa85ff90b5be1266497c462407b39b11f6d94015af8e8ad,31d3575e77d9d04b75880bca9e10dbd0e13e61d21795052921dd3f702d909dd7
baseline,4,24,1000000,float,FALSE,reverse_subtract,double,ordinary,2,647,0.155999999999999,0.155999999999999,391f82ff13066d79bb9813a2dd5b66c086c00b72de2d0e201e0f4f7b85274c2e,6506614505e113daab08b3f894ca46d4d61867c7b007c413b47a669abe8aae67,0,,0,FALSE,FALSE,FALSE,FALSE,FALSE,FALSE,FALSE,FALSE,7f1c1a27229f7a699fa85ff90b5be1266497c462407b39b11f6d94015af8e8ad,31d3575e77d9d04b75880bca9e10dbd0e13e61d21795052921dd3f702d909dd7
baseline,4,24,1000000,float,FALSE,reverse_subtract,double,typed_double,3,298,0.122,0.123000000000005,391f82ff13066d79bb9813a2dd5b66c086c00b72de2d0e201e0f4f7b85274c2e,6506614505e113daab08b3f894ca46d4d61867c7b007c413b47a669abe8aae67,0,double,298,FALSE,FALSE,FALSE,FALSE,FALSE,FALSE,FALSE,FALSE,7f1c1a27229f7a699fa85ff90b5be1266497c462407b39b11f6d94015af8e8ad,31d3575e77d9d04b75880bca9e10dbd0e13e61d21795052921dd3f702d909dd7
baseline,4,25,1000000,float,FALSE,reverse_divide,double,typed_double,1,507,0.149999999999999,0.149000000000001,15a9dee60e7ad6b7bfec0a17ebb879c1d0b34de12d63f490ed9b30d95ad74ac9,8dca1eb700a45aaace59ea0c206000bfb6345887d8c82d9a5f1f6a86211aeab4,100,double,507,FALSE,FALSE,FALSE,FALSE,FALSE,FALSE,FALSE,FALSE,7f1c1a27229f7a699fa85ff90b5be1266497c462407b39b11f6d94015af8e8ad,31d3575e77d9d04b75880bca9e10dbd0e13e61d21795052921dd3f702d909dd7
baseline,4,25,1000000,float,FALSE,reverse_divide,double,compact,2,204,0.152000000000001,0.151000000000003,00373f8d5dc76e6b2961c6a8330b8894595f6e122b305a6913901d94ac47d968,8dca1eb700a45aaace59ea0c206000bfb6345887d8c82d9a5f1f6a86211aeab4,100,float,204,TRUE,TRUE,FALSE,FALSE,FALSE,FALSE,FALSE,FALSE,7f1c1a27229f7a699fa85ff90b5be1266497c462407b39b11f6d94015af8e8ad,31d3575e77d9d04b75880bca9e10dbd0e13e61d21795052921dd3f702d909dd7
baseline,4,25,1000000,float,FALSE,reverse_divide,double,ordinary,3,625,0.164999999999999,0.164999999999999,c250debf3d2a27908112bc09ce59d257ab86068363b108d2b491520e8193453e,6506614505e113daab08b3f894ca46d4d61867c7b007c413b47a669abe8aae67,0,,0,FALSE,FALSE,FALSE,FALSE,FALSE,FALSE,FALSE,FALSE,7f1c1a27229f7a699fa85ff90b5be1266497c462407b39b11f6d94015af8e8ad,31d3575e77d9d04b75880bca9e10dbd0e13e61d21795052921dd3f702d909dd7
baseline,4,26,1000000,float,TRUE,scale_binary,double,ordinary,1,647,0.155000000000001,0.154999999999994,21fac45dcda0cbc0ba9e1f553d3be3fedd245b921d5e2e4497a8d64f1e038117,256764253c19afe4b22c7738fb2f83098a03d4dbde3db39ee8c24b205a95942a,1003,,0,FALSE,FALSE,FALSE,FALSE,FALSE,FALSE,FALSE,FALSE,ee8f1f1d17d164fc3d811ad86cc889d11c328f41d3cd55762069bc2161e48c9f,6a2baa27cd05157233063b825243be4bdf1a2dbc88db2a6cdfd0b2527b28716b
baseline,4,26,1000000,float,TRUE,scale_binary,double,typed_double,2,586,0.171000000000002,0.170999999999999,c2d92a8e75010c0ddb80329b9ca6cc4898ca1d4543392f8c8382c3fbfeeb5b4b,256764253c19afe4b22c7738fb2f83098a03d4dbde3db39ee8c24b205a95942a,1003,double,586,FALSE,FALSE,FALSE,FALSE,FALSE,FALSE,FALSE,FALSE,ee8f1f1d17d164fc3d811ad86cc889d11c328f41d3cd55762069bc2161e48c9f,6a2baa27cd05157233063b825243be4bdf1a2dbc88db2a6cdfd0b2527b28716b
baseline,4,26,1000000,float,TRUE,scale_binary,double,compact,3,458,0.148999999999996,0.148000000000003,c2d92a8e75010c0ddb80329b9ca6cc4898ca1d4543392f8c8382c3fbfeeb5b4b,256764253c19afe4b22c7738fb2f83098a03d4dbde3db39ee8c24b205a95942a,1003,float,458,TRUE,TRUE,FALSE,FALSE,FALSE,FALSE,FALSE,FALSE,ee8f1f1d17d164fc3d811ad86cc889d11c328f41d3cd55762069bc2161e48c9f,6a2baa27cd05157233063b825243be4bdf1a2dbc88db2a6cdfd0b2527b28716b
baseline,4,27,1000000,float,TRUE,scale_general,double,compact,1,153,0.155000000000001,0.155000000000001,c58bc992720c328eca610e60f8c3f93d7d61df77946cf51b8626b0d8b78368ef,256764253c19afe4b22c7738fb2f83098a03d4dbde3db39ee8c24b205a95942a,1003,float,153,TRUE,TRUE,FALSE,FALSE,FALSE,FALSE,FALSE,FALSE,ee8f1f1d17d164fc3d811ad86cc889d11c328f41d3cd55762069bc2161e48c9f,6a2baa27cd05157233063b825243be4bdf1a2dbc88db2a6cdfd0b2527b28716b
baseline,4,27,1000000,float,TRUE,scale_general,double,ordinary,2,626,0.167000000000002,0.166999999999994,8100d028390097d4a98b44ea0ff4cb617c6204331b80e5c7870832582030541c,256764253c19afe4b22c7738fb2f83098a03d4dbde3db39ee8c24b205a95942a,1003,,0,FALSE,FALSE,FALSE,FALSE,FALSE,FALSE,FALSE,FALSE,ee8f1f1d17d164fc3d811ad86cc889d11c328f41d3cd55762069bc2161e48c9f,6a2baa27cd05157233063b825243be4bdf1a2dbc88db2a6cdfd0b2527b28716b
baseline,4,27,1000000,float,TRUE,scale_general,double,typed_double,3,552,0.162999999999997,0.163999999999994,ea87b3dd63bfda18195aef508608398181a11f876a570f6017c0c100c3497f49,256764253c19afe4b22c7738fb2f83098a03d4dbde3db39ee8c24b205a95942a,1003,double,552,FALSE,FALSE,FALSE,FALSE,FALSE,FALSE,FALSE,FALSE,ee8f1f1d17d164fc3d811ad86cc889d11c328f41d3cd55762069bc2161e48c9f,6a2baa27cd05157233063b825243be4bdf1a2dbc88db2a6cdfd0b2527b28716b
baseline,4,28,1000000,float,TRUE,pair_compact_double,double,typed_double,1,481,0.151000000000003,0.149999999999999,9778eddf855170d4c4702501b5240fa491a475187859f9e29c120edb42c46621,d842a810a046337b5363ff7dafdaa01aa4553912ce2afa4ee95c617158d8e0e7,2011,double,481,FALSE,FALSE,FALSE,FALSE,FALSE,FALSE,FALSE,FALSE,ee8f1f1d17d164fc3d811ad86cc889d11c328f41d3cd55762069bc2161e48c9f,6a2baa27cd05157233063b825243be4bdf1a2dbc88db2a6cdfd0b2527b28716b
baseline,4,28,1000000,float,TRUE,pair_compact_double,double,compact,2,108,0.163999999999997,0.163000000000004,9778eddf855170d4c4702501b5240fa491a475187859f9e29c120edb42c46621,d842a810a046337b5363ff7dafdaa01aa4553912ce2afa4ee95c617158d8e0e7,2011,double,108,TRUE,TRUE,FALSE,FALSE,FALSE,FALSE,FALSE,FALSE,ee8f1f1d17d164fc3d811ad86cc889d11c328f41d3cd55762069bc2161e48c9f,6a2baa27cd05157233063b825243be4bdf1a2dbc88db2a6cdfd0b2527b28716b
baseline,4,28,1000000,float,TRUE,pair_compact_double,double,ordinary,3,569,0.161000000000001,0.161000000000001,d8927aedee8fcfee16a2d8b73448110e471dbaa24a570b3a223eaaa8fa336e58,d842a810a046337b5363ff7dafdaa01aa4553912ce2afa4ee95c617158d8e0e7,2011,,0,FALSE,FALSE,FALSE,FALSE,FALSE,FALSE,FALSE,FALSE,ee8f1f1d17d164fc3d811ad86cc889d11c328f41d3cd55762069bc2161e48c9f,6a2baa27cd05157233063b825243be4bdf1a2dbc88db2a6cdfd0b2527b28716b
baseline,4,29,1000000,float,TRUE,add_scalar,double,ordinary,1,625,0.167999999999999,0.167999999999999,eea8177113c0d60b0ac4b300317d7673334b9c1e86f37a3c57e9519b022f9d21,256764253c19afe4b22c7738fb2f83098a03d4dbde3db39ee8c24b205a95942a,1003,,0,FALSE,FALSE,FALSE,FALSE,FALSE,FALSE,FALSE,FALSE,ee8f1f1d17d164fc3d811ad86cc889d11c328f41d3cd55762069bc2161e48c9f,6a2baa27cd05157233063b825243be4bdf1a2dbc88db2a6cdfd0b2527b28716b
baseline,4,29,1000000,float,TRUE,add_scalar,double,typed_double,2,361,0.149999999999999,0.149999999999999,c79c2ec291260c6f8d03c327d90d493416937a3f3bc9b85742b51e17a8fb7647,256764253c19afe4b22c7738fb2f83098a03d4dbde3db39ee8c24b205a95942a,1003,double,361,FALSE,FALSE,FALSE,FALSE,FALSE,FALSE,FALSE,FALSE,ee8f1f1d17d164fc3d811ad86cc889d11c328f41d3cd55762069bc2161e48c9f,6a2baa27cd05157233063b825243be4bdf1a2dbc88db2a6cdfd0b2527b28716b
baseline,4,29,1000000,float,TRUE,add_scalar,double,compact,3,50,0.143000000000001,0.143999999999998,9c2be51cd37c2d7977f794fada049c7c9ccc4011c9f81b26e042008f01cdd93e,256764253c19afe4b22c7738fb2f83098a03d4dbde3db39ee8c24b205a95942a,1003,float,50,TRUE,TRUE,FALSE,FALSE,FALSE,FALSE,FALSE,FALSE,ee8f1f1d17d164fc3d811ad86cc889d11c328f41d3cd55762069bc2161e48c9f,6a2baa27cd05157233063b825243be4bdf1a2dbc88db2a6cdfd0b2527b28716b
baseline,4,30,1000000,float,TRUE,subtract_scalar,double,compact,1,50,0.151000000000006,0.151000000000003,7125e60e6e7d4c92d9ed561efe37cfccac1593072e770a4f8d2a58f04113d3ae,256764253c19afe4b22c7738fb2f83098a03d4dbde3db39ee8c24b205a95942a,1003,float,50,TRUE,TRUE,FALSE,FALSE,FALSE,FALSE,FALSE,FALSE,ee8f1f1d17d164fc3d811ad86cc889d11c328f41d3cd55762069bc2161e48c9f,6a2baa27cd05157233063b825243be4bdf1a2dbc88db2a6cdfd0b2527b28716b
baseline,4,30,1000000,float,TRUE,subtract_scalar,double,ordinary,2,625,0.152000000000001,0.152000000000001,6c2a6fd31fe3ea0da9f40037c0de77776efc81cd73d193a8ace88fee2b5b635c,256764253c19afe4b22c7738fb2f83098a03d4dbde3db39ee8c24b205a95942a,1003,,0,FALSE,FALSE,FALSE,FALSE,FALSE,FALSE,FALSE,FALSE,ee8f1f1d17d164fc3d811ad86cc889d11c328f41d3cd55762069bc2161e48c9f,6a2baa27cd05157233063b825243be4bdf1a2dbc88db2a6cdfd0b2527b28716b
baseline,4,30,1000000,float,TRUE,subtract_scalar,double,typed_double,3,361,0.163000000000004,0.162999999999997,5dbef6a14bd33ea02b60ee3c940050585fc891f61a49d29253c64524c4390951,256764253c19afe4b22c7738fb2f83098a03d4dbde3db39ee8c24b205a95942a,1003,double,361,FALSE,FALSE,FALSE,FALSE,FALSE,FALSE,FALSE,FALSE,ee8f1f1d17d164fc3d811ad86cc889d11c328f41d3cd55762069bc2161e48c9f,6a2baa27cd05157233063b825243be4bdf1a2dbc88db2a6cdfd0b2527b28716b
baseline,4,31,1000000,float,TRUE,reverse_subtract,double,typed_double,1,368,0.153000000000001,0.152000000000001,e3656220b598004f8cce68737d35a090279632fb58c8ef4b30d6940c65beb9cb,256764253c19afe4b22c7738fb2f83098a03d4dbde3db39ee8c24b205a95942a,1003,double,368,FALSE,FALSE,FALSE,FALSE,FALSE,FALSE,FALSE,FALSE,ee8f1f1d17d164fc3d811ad86cc889d11c328f41d3cd55762069bc2161e48c9f,6a2baa27cd05157233063b825243be4bdf1a2dbc88db2a6cdfd0b2527b28716b
baseline,4,31,1000000,float,TRUE,reverse_subtract,double,compact,2,49,0.145999999999994,0.147000000000006,dad17b9a33695dc668a39e44c085af08afb1a2c7d0c49d2f0b645e18b67308a7,256764253c19afe4b22c7738fb2f83098a03d4dbde3db39ee8c24b205a95942a,1003,float,49,TRUE,TRUE,FALSE,FALSE,FALSE,FALSE,FALSE,FALSE,ee8f1f1d17d164fc3d811ad86cc889d11c328f41d3cd55762069bc2161e48c9f,6a2baa27cd05157233063b825243be4bdf1a2dbc88db2a6cdfd0b2527b28716b
baseline,4,31,1000000,float,TRUE,reverse_subtract,double,ordinary,3,447,0.109000000000002,0.108999999999995,96030f5d24b08e1ab9b8a2ffa4e31e33a89cd6cbabe88555e164d01758947f47,256764253c19afe4b22c7738fb2f83098a03d4dbde3db39ee8c24b205a95942a,1003,,0,FALSE,FALSE,FALSE,FALSE,FALSE,FALSE,FALSE,FALSE,ee8f1f1d17d164fc3d811ad86cc889d11c328f41d3cd55762069bc2161e48c9f,6a2baa27cd05157233063b825243be4bdf1a2dbc88db2a6cdfd0b2527b28716b
baseline,4,32,1000000,float,TRUE,reverse_divide,double,ordinary,1,625,0.167000000000002,0.166999999999994,53731942d799d1e23d351c412d455100c092173e72bb3ad15061a952b94a6c1e,256764253c19afe4b22c7738fb2f83098a03d4dbde3db39ee8c24b205a95942a,1003,,0,FALSE,FALSE,FALSE,FALSE,FALSE,FALSE,FALSE,FALSE,ee8f1f1d17d164fc3d811ad86cc889d11c328f41d3cd55762069bc2161e48c9f,6a2baa27cd05157233063b825243be4bdf1a2dbc88db2a6cdfd0b2527b28716b
baseline,4,32,1000000,float,TRUE,reverse_divide,double,typed_double,2,507,0.150000000000006,0.150999999999996,27389f6d40427639c8a912484d0249b1c9fab719ac17ee977d76419105918595,e18be1b0e89b4a0c64a4b1d8acff45284e54d26e14e2d4cbb5f3b282ba9e2bbf,1103,double,507,FALSE,FALSE,FALSE,FALSE,FALSE,FALSE,FALSE,FALSE,ee8f1f1d17d164fc3d811ad86cc889d11c328f41d3cd55762069bc2161e48c9f,6a2baa27cd05157233063b825243be4bdf1a2dbc88db2a6cdfd0b2527b28716b
baseline,4,32,1000000,float,TRUE,reverse_divide,double,compact,3,171,0.149999999999999,0.149999999999999,fd1eff5142c284b6c07eab1dafc2d8ac526155178019f828b5505195b8837d7f,e18be1b0e89b4a0c64a4b1d8acff45284e54d26e14e2d4cbb5f3b282ba9e2bbf,1103,float,171,TRUE,TRUE,FALSE,FALSE,FALSE,FALSE,FALSE,FALSE,ee8f1f1d17d164fc3d811ad86cc889d11c328f41d3cd55762069bc2161e48c9f,6a2baa27cd05157233063b825243be4bdf1a2dbc88db2a6cdfd0b2527b28716b
baseline,4,33,1000000,long,FALSE,long_float_add,float,compact,1,121,0.146999999999998,0.146999999999998,5865d7f437b5487c8061f7274c6507b7ec0fc76362cd655e9259ebb78a28f057,6506614505e113daab08b3f894ca46d4d61867c7b007c413b47a669abe8aae67,0,double,121,TRUE,TRUE,FALSE,FALSE,TRUE,TRUE,FALSE,FALSE,8937acbbe87ff127e6567f97e52c6a17dbe3ea7052a39a3b76abe25c8e7eeb13,31d3575e77d9d04b75880bca9e10dbd0e13e61d21795052921dd3f702d909dd7
baseline,4,33,1000000,long,FALSE,long_float_add,float,ordinary,2,586,0.153000000000001,0.151999999999994,5865d7f437b5487c8061f7274c6507b7ec0fc76362cd655e9259ebb78a28f057,6506614505e113daab08b3f894ca46d4d61867c7b007c413b47a669abe8aae67,0,,0,FALSE,FALSE,FALSE,FALSE,FALSE,FALSE,FALSE,FALSE,8937acbbe87ff127e6567f97e52c6a17dbe3ea7052a39a3b76abe25c8e7eeb13,31d3575e77d9d04b75880bca9e10dbd0e13e61d21795052921dd3f702d909dd7
baseline,4,33,1000000,long,FALSE,long_float_add,float,typed_double,3,481,0.165999999999997,0.165999999999997,5865d7f437b5487c8061f7274c6507b7ec0fc76362cd655e9259ebb78a28f057,6506614505e113daab08b3f894ca46d4d61867c7b007c413b47a669abe8aae67,0,double,481,FALSE,FALSE,FALSE,FALSE,FALSE,FALSE,FALSE,FALSE,8937acbbe87ff127e6567f97e52c6a17dbe3ea7052a39a3b76abe25c8e7eeb13,31d3575e77d9d04b75880bca9e10dbd0e13e61d21795052921dd3f702d909dd7
baseline,4,34,1000000,long,TRUE,long_float_add,float,typed_double,1,494,0.152999999999999,0.152999999999999,087fb12a32e314d333c4287225113c3c6e3a135a9c18c162b3b5753b80f4350c,d842a810a046337b5363ff7dafdaa01aa4553912ce2afa4ee95c617158d8e0e7,2011,double,494,FALSE,FALSE,FALSE,FALSE,FALSE,FALSE,FALSE,FALSE,5af7169f9d20a77a6f06236647a66be1493d6e155163c245a466bda43242d0e7,6a2baa27cd05157233063b825243be4bdf1a2dbc88db2a6cdfd0b2527b28716b
baseline,4,34,1000000,long,TRUE,long_float_add,float,compact,2,125,0.152000000000001,0.152000000000001,087fb12a32e314d333c4287225113c3c6e3a135a9c18c162b3b5753b80f4350c,d842a810a046337b5363ff7dafdaa01aa4553912ce2afa4ee95c617158d8e0e7,2011,double,125,TRUE,TRUE,FALSE,FALSE,TRUE,TRUE,FALSE,FALSE,5af7169f9d20a77a6f06236647a66be1493d6e155163c245a466bda43242d0e7,6a2baa27cd05157233063b825243be4bdf1a2dbc88db2a6cdfd0b2527b28716b
baseline,4,34,1000000,long,TRUE,long_float_add,float,ordinary,3,586,0.164999999999999,0.166000000000004,ea5ac2e3896755c3d5082b83561d8673bb4f0147a7690b804a8d74cecbeda4c1,d842a810a046337b5363ff7dafdaa01aa4553912ce2afa4ee95c617158d8e0e7,2011,,0,FALSE,FALSE,FALSE,FALSE,FALSE,FALSE,FALSE,FALSE,5af7169f9d20a77a6f06236647a66be1493d6e155163c245a466bda43242d0e7,6a2baa27cd05157233063b825243be4bdf1a2dbc88db2a6cdfd0b2527b28716b
baseline,5,1,1000000,int,FALSE,scale_binary,double,compact,1,586,0.143,0.142,43cbc5fa02580f73a834cffb43a5ba0a0f4d7303cec536a2e3c58f1f469eb824,6506614505e113daab08b3f894ca46d4d61867c7b007c413b47a669abe8aae67,0,int,586,TRUE,TRUE,FALSE,FALSE,FALSE,FALSE,FALSE,FALSE,8937acbbe87ff127e6567f97e52c6a17dbe3ea7052a39a3b76abe25c8e7eeb13,31d3575e77d9d04b75880bca9e10dbd0e13e61d21795052921dd3f702d909dd7
baseline,5,1,1000000,int,FALSE,scale_binary,double,typed_double,2,552,0.165,0.166,43cbc5fa02580f73a834cffb43a5ba0a0f4d7303cec536a2e3c58f1f469eb824,6506614505e113daab08b3f894ca46d4d61867c7b007c413b47a669abe8aae67,0,double,552,FALSE,FALSE,FALSE,FALSE,FALSE,FALSE,FALSE,FALSE,8937acbbe87ff127e6567f97e52c6a17dbe3ea7052a39a3b76abe25c8e7eeb13,31d3575e77d9d04b75880bca9e10dbd0e13e61d21795052921dd3f702d909dd7
baseline,5,1,1000000,int,FALSE,scale_binary,double,ordinary,3,605,0.165,0.165,43cbc5fa02580f73a834cffb43a5ba0a0f4d7303cec536a2e3c58f1f469eb824,6506614505e113daab08b3f894ca46d4d61867c7b007c413b47a669abe8aae67,0,,0,FALSE,FALSE,FALSE,FALSE,FALSE,FALSE,FALSE,FALSE,8937acbbe87ff127e6567f97e52c6a17dbe3ea7052a39a3b76abe25c8e7eeb13,31d3575e77d9d04b75880bca9e10dbd0e13e61d21795052921dd3f702d909dd7
baseline,5,2,1000000,int,FALSE,scale_general,double,typed_double,1,376,0.104,0.105,98c11364f9b15cf1e1696537d86d727f3e1efaa44f5b303a15ed033179b4e86a,6506614505e113daab08b3f894ca46d4d61867c7b007c413b47a669abe8aae67,0,double,376,FALSE,FALSE,FALSE,FALSE,FALSE,FALSE,FALSE,FALSE,8937acbbe87ff127e6567f97e52c6a17dbe3ea7052a39a3b76abe25c8e7eeb13,31d3575e77d9d04b75880bca9e10dbd0e13e61d21795052921dd3f702d909dd7
baseline,5,2,1000000,int,FALSE,scale_general,double,ordinary,2,605,0.166,0.164,98c11364f9b15cf1e1696537d86d727f3e1efaa44f5b303a15ed033179b4e86a,6506614505e113daab08b3f894ca46d4d61867c7b007c413b47a669abe8aae67,0,,0,FALSE,FALSE,FALSE,FALSE,FALSE,FALSE,FALSE,FALSE,8937acbbe87ff127e6567f97e52c6a17dbe3ea7052a39a3b76abe25c8e7eeb13,31d3575e77d9d04b75880bca9e10dbd0e13e61d21795052921dd3f702d909dd7
baseline,5,2,1000000,int,FALSE,scale_general,double,compact,3,94,0.146,0.146,5b22560fab6c3b27f5e82592f7a486b943278dbe0e1d82a8c99735d3ee13430b,6506614505e113daab08b3f894ca46d4d61867c7b007c413b47a669abe8aae67,0,float,94,TRUE,TRUE,FALSE,FALSE,FALSE,FALSE,FALSE,FALSE,8937acbbe87ff127e6567f97e52c6a17dbe3ea7052a39a3b76abe25c8e7eeb13,31d3575e77d9d04b75880bca9e10dbd0e13e61d21795052921dd3f702d909dd7
baseline,5,3,1000000,int,FALSE,pair_compact_double,double,ordinary,1,569,0.164,0.165,5865d7f437b5487c8061f7274c6507b7ec0fc76362cd655e9259ebb78a28f057,6506614505e113daab08b3f894ca46d4d61867c7b007c413b47a669abe8aae67,0,,0,FALSE,FALSE,FALSE,FALSE,FALSE,FALSE,FALSE,FALSE,8937acbbe87ff127e6567f97e52c6a17dbe3ea7052a39a3b76abe25c8e7eeb13,31d3575e77d9d04b75880bca9e10dbd0e13e61d21795052921dd3f702d909dd7
baseline,5,3,1000000,int,FALSE,pair_compact_double,double,compact,2,111,0.152,0.152,5865d7f437b5487c8061f7274c6507b7ec0fc76362cd655e9259ebb78a28f057,6506614505e113daab08b3f894ca46d4d61867c7b007c413b47a669abe8aae67,0,double,111,TRUE,TRUE,FALSE,FALSE,FALSE,FALSE,FALSE,FALSE,8937acbbe87ff127e6567f97e52c6a17dbe3ea7052a39a3b76abe25c8e7eeb13,31d3575e77d9d04b75880bca9e10dbd0e13e61d21795052921dd3f702d909dd7
baseline,5,3,1000000,int,FALSE,pair_compact_double,double,typed_double,3,469,0.167,0.167,5865d7f437b5487c8061f7274c6507b7ec0fc76362cd655e9259ebb78a28f057,6506614505e113daab08b3f894ca46d4d61867c7b007c413b47a669abe8aae67,0,double,469,FALSE,FALSE,FALSE,FALSE,FALSE,FALSE,FALSE,FALSE,8937acbbe87ff127e6567f97e52c6a17dbe3ea7052a39a3b76abe25c8e7eeb13,31d3575e77d9d04b75880bca9e10dbd0e13e61d21795052921dd3f702d909dd7
baseline,5,4,1000000,int,FALSE,add_scalar,double,compact,1,32,0.168,0.168,c71ccca92de640a85316ddcd6d7a40e76d086d97708e3a6315956ca169418a51,6506614505e113daab08b3f894ca46d4d61867c7b007c413b47a669abe8aae67,0,float,32,TRUE,TRUE,FALSE,FALSE,FALSE,FALSE,FALSE,FALSE,8937acbbe87ff127e6567f97e52c6a17dbe3ea7052a39a3b76abe25c8e7eeb13,31d3575e77d9d04b75880bca9e10dbd0e13e61d21795052921dd3f702d909dd7
baseline,5,4,1000000,int,FALSE,add_scalar,double,typed_double,2,285,0.117,0.117999999999999,1439f7f16fb3a12c3e378be19f4f968bfd8ba0b13d49fd661b844b18b3b58d40,6506614505e113daab08b3f894ca46d4d61867c7b007c413b47a669abe8aae67,0,double,285,FALSE,FALSE,FALSE,FALSE,FALSE,FALSE,FALSE,FALSE,8937acbbe87ff127e6567f97e52c6a17dbe3ea7052a39a3b76abe25c8e7eeb13,31d3575e77d9d04b75880bca9e10dbd0e13e61d21795052921dd3f702d909dd7
baseline,5,4,1000000,int,FALSE,add_scalar,double,ordinary,3,647,0.155999999999999,0.154999999999999,1439f7f16fb3a12c3e378be19f4f968bfd8ba0b13d49fd661b844b18b3b58d40,6506614505e113daab08b3f894ca46d4d61867c7b007c413b47a669abe8aae67,0,,0,FALSE,FALSE,FALSE,FALSE,FALSE,FALSE,FALSE,FALSE,8937acbbe87ff127e6567f97e52c6a17dbe3ea7052a39a3b76abe25c8e7eeb13,31d3575e77d9d04b75880bca9e10dbd0e13e61d21795052921dd3f702d909dd7
baseline,5,5,1000000,int,FALSE,subtract_scalar,double,typed_double,1,375,0.169,0.169,4d7fa72c39df54d095261c83239d5980d0a1ff94839d263f9a7dfea5049791fe,6506614505e113daab08b3f894ca46d4d61867c7b007c413b47a669abe8aae67,0,double,375,FALSE,FALSE,FALSE,FALSE,FALSE,FALSE,FALSE,FALSE,8937acbbe87ff127e6567f97e52c6a17dbe3ea7052a39a3b76abe25c8e7eeb13,31d3575e77d9d04b75880bca9e10dbd0e13e61d21795052921dd3f702d909dd7
baseline,5,5,1000000,int,FALSE,subtract_scalar,double,ordinary,2,647,0.155,0.154,4d7fa72c39df54d095261c83239d5980d0a1ff94839d263f9a7dfea5049791fe,6506614505e113daab08b3f894ca46d4d61867c7b007c413b47a669abe8aae67,0,,0,FALSE,FALSE,FALSE,FALSE,FALSE,FALSE,FALSE,FALSE,8937acbbe87ff127e6567f97e52c6a17dbe3ea7052a39a3b76abe25c8e7eeb13,31d3575e77d9d04b75880bca9e10dbd0e13e61d21795052921dd3f702d909dd7
baseline,5,5,1000000,int,FALSE,subtract_scalar,double,compact,3,31,0.157999999999999,0.158000000000001,ac41a62f122b430ac56496c53bc2efc0f8e7b183de1fa7f57d32683c2f951555,6506614505e113daab08b3f894ca46d4d61867c7b007c413b47a669abe8aae67,0,float,31,TRUE,TRUE,FALSE,FALSE,FALSE,FALSE,FALSE,FALSE,8937acbbe87ff127e6567f97e52c6a17dbe3ea7052a39a3b76abe25c8e7eeb13,31d3575e77d9d04b75880bca9e10dbd0e13e61d21795052921dd3f702d909dd7
baseline,5,6,1000000,int,FALSE,reverse_subtract,double,ordinary,1,626,0.164999999999999,0.165000000000001,c10b10b4e2f1f397fc6fe7eaa9e5b4584cc0a290911e13c8fea846c487bfa36d,6506614505e113daab08b3f894ca46d4d61867c7b007c413b47a669abe8aae67,0,,0,FALSE,FALSE,FALSE,FALSE,FALSE,FALSE,FALSE,FALSE,8937acbbe87ff127e6567f97e52c6a17dbe3ea7052a39a3b76abe25c8e7eeb13,31d3575e77d9d04b75880bca9e10dbd0e13e61d21795052921dd3f702d909dd7
baseline,5,6,1000000,int,FALSE,reverse_subtract,double,compact,2,32,0.151,0.151,4e06bb9d84e68d2b3176d8d9d719b5bb97dc463a99c72430d73baf543d93b6fd,6506614505e113daab08b3f894ca46d4d61867c7b007c413b47a669abe8aae67,0,float,32,TRUE,TRUE,FALSE,FALSE,FALSE,FALSE,FALSE,FALSE,8937acbbe87ff127e6567f97e52c6a17dbe3ea7052a39a3b76abe25c8e7eeb13,31d3575e77d9d04b75880bca9e10dbd0e13e61d21795052921dd3f702d909dd7
baseline,5,6,1000000,int,FALSE,reverse_subtract,double,typed_double,3,375,0.152999999999999,0.154,c10b10b4e2f1f397fc6fe7eaa9e5b4584cc0a290911e13c8fea846c487bfa36d,6506614505e113daab08b3f894ca46d4d61867c7b007c413b47a669abe8aae67,0,double,375,FALSE,FALSE,FALSE,FALSE,FALSE,FALSE,FALSE,FALSE,8937acbbe87ff127e6567f97e52c6a17dbe3ea7052a39a3b76abe25c8e7eeb13,31d3575e77d9d04b75880bca9e10dbd0e13e61d21795052921dd3f702d909dd7
baseline,5,7,1000000,int,FALSE,reverse_divide,double,compact,1,102,0.151,0.151999999999999,cbafe8b44fab1872729be2227cecddc875873c3653e6ebf01ce53e917fceee0e,8dca1eb700a45aaace59ea0c206000bfb6345887d8c82d9a5f1f6a86211aeab4,100,float,102,TRUE,TRUE,FALSE,FALSE,FALSE,FALSE,FALSE,FALSE,8937acbbe87ff127e6567f97e52c6a17dbe3ea7052a39a3b76abe25c8e7eeb13,31d3575e77d9d04b75880bca9e10dbd0e13e61d21795052921dd3f702d909dd7
baseline,5,7,1000000,int,FALSE,reverse_divide,double,typed_double,2,521,0.154,0.154,edabd46066f8ec30bbc81fe8d9a4c7ef506d3d9a77408a1b0c6a5be7df3e4721,8dca1eb700a45aaace59ea0c206000bfb6345887d8c82d9a5f1f6a86211aeab4,100,double,521,FALSE,FALSE,FALSE,FALSE,FALSE,FALSE,FALSE,FALSE,8937acbbe87ff127e6567f97e52c6a17dbe3ea7052a39a3b76abe25c8e7eeb13,31d3575e77d9d04b75880bca9e10dbd0e13e61d21795052921dd3f702d909dd7
baseline,5,7,1000000,int,FALSE,reverse_divide,double,ordinary,3,626,0.165000000000001,0.165000000000001,286e6f4fcb574961d21ee0ffc03c2d1c268671051cddf977b0eb1236cc5ce88a,6506614505e113daab08b3f894ca46d4d61867c7b007c413b47a669abe8aae67,0,,0,FALSE,FALSE,FALSE,FALSE,FALSE,FALSE,FALSE,FALSE,8937acbbe87ff127e6567f97e52c6a17dbe3ea7052a39a3b76abe25c8e7eeb13,31d3575e77d9d04b75880bca9e10dbd0e13e61d21795052921dd3f702d909dd7
baseline,5,8,1000000,int,FALSE,mixed_add,float,typed_double,1,494,0.152000000000001,0.152000000000001,5865d7f437b5487c8061f7274c6507b7ec0fc76362cd655e9259ebb78a28f057,6506614505e113daab08b3f894ca46d4d61867c7b007c413b47a669abe8aae67,0,double,494,FALSE,FALSE,FALSE,FALSE,FALSE,FALSE,FALSE,FALSE,8937acbbe87ff127e6567f97e52c6a17dbe3ea7052a39a3b76abe25c8e7eeb13,31d3575e77d9d04b75880bca9e10dbd0e13e61d21795052921dd3f702d909dd7
baseline,5,8,1000000,int,FALSE,mixed_add,float,ordinary,2,586,0.168,0.167,5865d7f437b5487c8061f7274c6507b7ec0fc76362cd655e9259ebb78a28f057,6506614505e113daab08b3f894ca46d4d61867c7b007c413b47a669abe8aae67,0,,0,FALSE,FALSE,FALSE,FALSE,FALSE,FALSE,FALSE,FALSE,8937acbbe87ff127e6567f97e52c6a17dbe3ea7052a39a3b76abe25c8e7eeb13,31d3575e77d9d04b75880bca9e10dbd0e13e61d21795052921dd3f702d909dd7
baseline,5,8,1000000,int,FALSE,mixed_add,float,compact,3,82,0.152000000000002,0.151000000000002,5865d7f437b5487c8061f7274c6507b7ec0fc76362cd655e9259ebb78a28f057,6506614505e113daab08b3f894ca46d4d61867c7b007c413b47a669abe8aae67,0,float,82,TRUE,TRUE,FALSE,FALSE,TRUE,TRUE,FALSE,FALSE,8937acbbe87ff127e6567f97e52c6a17dbe3ea7052a39a3b76abe25c8e7eeb13,31d3575e77d9d04b75880bca9e10dbd0e13e61d21795052921dd3f702d909dd7
baseline,5,9,1000000,int,FALSE,mixed_multiply,float,ordinary,1,586,0.168000000000001,0.169,74e198320fcef535d96d5240bf6315c7f048f937cff6728206c4dc3e49c71557,6506614505e113daab08b3f894ca46d4d61867c7b007c413b47a669abe8aae67,0,,0,FALSE,FALSE,FALSE,FALSE,FALSE,FALSE,FALSE,FALSE,8937acbbe87ff127e6567f97e52c6a17dbe3ea7052a39a3b76abe25c8e7eeb13,31d3575e77d9d04b75880bca9e10dbd0e13e61d21795052921dd3f702d909dd7
baseline,5,9,1000000,int,FALSE,mixed_multiply,float,compact,2,82,0.149999999999999,0.15,74e198320fcef535d96d5240bf6315c7f048f937cff6728206c4dc3e49c71557,6506614505e113daab08b3f894ca46d4d61867c7b007c413b47a669abe8aae67,0,float,82,TRUE,TRUE,FALSE,FALSE,TRUE,TRUE,FALSE,FALSE,8937acbbe87ff127e6567f97e52c6a17dbe3ea7052a39a3b76abe25c8e7eeb13,31d3575e77d9d04b75880bca9e10dbd0e13e61d21795052921dd3f702d909dd7
baseline,5,9,1000000,int,FALSE,mixed_multiply,float,typed_double,3,481,0.155999999999999,0.156000000000001,74e198320fcef535d96d5240bf6315c7f048f937cff6728206c4dc3e49c71557,6506614505e113daab08b3f894ca46d4d61867c7b007c413b47a669abe8aae67,0,double,481,FALSE,FALSE,FALSE,FALSE,FALSE,FALSE,FALSE,FALSE,8937acbbe87ff127e6567f97e52c6a17dbe3ea7052a39a3b76abe25c8e7eeb13,31d3575e77d9d04b75880bca9e10dbd0e13e61d21795052921dd3f702d909dd7
baseline,5,10,1000000,int,TRUE,scale_binary,double,compact,1,552,0.132999999999999,0.133000000000001,406aa86104df9ebd1e49e25bbc9266cbc0cc152fd09e7d28efa1e3b9f07c7f98,256764253c19afe4b22c7738fb2f83098a03d4dbde3db39ee8c24b205a95942a,1003,int,552,TRUE,TRUE,FALSE,FALSE,FALSE,FALSE,FALSE,FALSE,5af7169f9d20a77a6f06236647a66be1493d6e155163c245a466bda43242d0e7,6a2baa27cd05157233063b825243be4bdf1a2dbc88db2a6cdfd0b2527b28716b
baseline,5,10,1000000,int,TRUE,scale_binary,double,typed_double,2,569,0.153,0.152999999999999,406aa86104df9ebd1e49e25bbc9266cbc0cc152fd09e7d28efa1e3b9f07c7f98,256764253c19afe4b22c7738fb2f83098a03d4dbde3db39ee8c24b205a95942a,1003,double,569,FALSE,FALSE,FALSE,FALSE,FALSE,FALSE,FALSE,FALSE,5af7169f9d20a77a6f06236647a66be1493d6e155163c245a466bda43242d0e7,6a2baa27cd05157233063b825243be4bdf1a2dbc88db2a6cdfd0b2527b28716b
baseline,5,10,1000000,int,TRUE,scale_binary,double,ordinary,3,625,0.151999999999997,0.151999999999997,b10ddc1e7177ef92cdb14943c3981218bcd426a31f9c7d156ed4dbd4ea86c948,256764253c19afe4b22c7738fb2f83098a03d4dbde3db39ee8c24b205a95942a,1003,,0,FALSE,FALSE,FALSE,FALSE,FALSE,FALSE,FALSE,FALSE,5af7169f9d20a77a6f06236647a66be1493d6e155163c245a466bda43242d0e7,6a2baa27cd05157233063b825243be4bdf1a2dbc88db2a6cdfd0b2527b28716b
baseline,5,11,1000000,int,TRUE,scale_general,double,typed_double,1,569,0.168000000000002,0.166999999999998,69569d7d3b174986a7ae48d2c2f67dcea32be4e102725873e2cfa7cf5e4f9d02,256764253c19afe4b22c7738fb2f83098a03d4dbde3db39ee8c24b205a95942a,1003,double,569,FALSE,FALSE,FALSE,FALSE,FALSE,FALSE,FALSE,FALSE,5af7169f9d20a77a6f06236647a66be1493d6e155163c245a466bda43242d0e7,6a2baa27cd05157233063b825243be4bdf1a2dbc88db2a6cdfd0b2527b28716b
baseline,5,11,1000000,int,TRUE,scale_general,double,ordinary,2,626,0.169,0.167999999999999,ea5220c4891c83ca4d6c555d28f6502adbaf6141ce7d6cf4825e9d27d0d51944,256764253c19afe4b22c7738fb2f83098a03d4dbde3db39ee8c24b205a95942a,1003,,0,FALSE,FALSE,FALSE,FALSE,FALSE,FALSE,FALSE,FALSE,5af7169f9d20a77a6f06236647a66be1493d6e155163c245a466bda43242d0e7,6a2baa27cd05157233063b825243be4bdf1a2dbc88db2a6cdfd0b2527b28716b
baseline,5,11,1000000,int,TRUE,scale_general,double,compact,3,86,0.151,0.152000000000001,38447e334649e5d7eda33f0001bed517c428980c028a15d2e1699be9ef65cf3a,256764253c19afe4b22c7738fb2f83098a03d4dbde3db39ee8c24b205a95942a,1003,float,86,TRUE,TRUE,FALSE,FALSE,FALSE,FALSE,FALSE,FALSE,5af7169f9d20a77a6f06236647a66be1493d6e155163c245a466bda43242d0e7,6a2baa27cd05157233063b825243be4bdf1a2dbc88db2a6cdfd0b2527b28716b
baseline,5,12,1000000,int,TRUE,pair_compact_double,double,ordinary,1,605,0.181000000000001,0.181000000000001,ea5ac2e3896755c3d5082b83561d8673bb4f0147a7690b804a8d74cecbeda4c1,d842a810a046337b5363ff7dafdaa01aa4553912ce2afa4ee95c617158d8e0e7,2011,,0,FALSE,FALSE,FALSE,FALSE,FALSE,FALSE,FALSE,FALSE,5af7169f9d20a77a6f06236647a66be1493d6e155163c245a466bda43242d0e7,6a2baa27cd05157233063b825243be4bdf1a2dbc88db2a6cdfd0b2527b28716b
baseline,5,12,1000000,int,TRUE,pair_compact_double,double,compact,2,94,0.132000000000001,0.132999999999999,087fb12a32e314d333c4287225113c3c6e3a135a9c18c162b3b5753b80f4350c,d842a810a046337b5363ff7dafdaa01aa4553912ce2afa4ee95c617158d8e0e7,2011,double,94,TRUE,TRUE,FALSE,FALSE,FALSE,FALSE,FALSE,FALSE,5af7169f9d20a77a6f06236647a66be1493d6e155163c245a466bda43242d0e7,6a2baa27cd05157233063b825243be4bdf1a2dbc88db2a6cdfd0b2527b28716b
baseline,5,12,1000000,int,TRUE,pair_compact_double,double,typed_double,3,481,0.153000000000001,0.153000000000002,087fb12a32e314d333c4287225113c3c6e3a135a9c18c162b3b5753b80f4350c,d842a810a046337b5363ff7dafdaa01aa4553912ce2afa4ee95c617158d8e0e7,2011,double,481,FALSE,FALSE,FALSE,FALSE,FALSE,FALSE,FALSE,FALSE,5af7169f9d20a77a6f06236647a66be1493d6e155163c245a466bda43242d0e7,6a2baa27cd05157233063b825243be4bdf1a2dbc88db2a6cdfd0b2527b28716b
baseline,5,13,1000000,int,TRUE,add_scalar,double,compact,1,21,0.158000000000001,0.158999999999999,9298ae1fd450cae2b62dc96ace3bab841bc59b30cfc46e1ecc19a5d300510c90,256764253c19afe4b22c7738fb2f83098a03d4dbde3db39ee8c24b205a95942a,1003,float,21,TRUE,TRUE,FALSE,FALSE,FALSE,FALSE,FALSE,FALSE,5af7169f9d20a77a6f06236647a66be1493d6e155163c245a466bda43242d0e7,6a2baa27cd05157233063b825243be4bdf1a2dbc88db2a6cdfd0b2527b28716b
baseline,5,13,1000000,int,TRUE,add_scalar,double,typed_double,2,368,0.151,0.151,3c99edfd213a70ad9e7387e7d2693e7278b2f41d1da572a7c0f2c136c10a0f54,256764253c19afe4b22c7738fb2f83098a03d4dbde3db39ee8c24b205a95942a,1003,double,368,FALSE,FALSE,FALSE,FALSE,FALSE,FALSE,FALSE,FALSE,5af7169f9d20a77a6f06236647a66be1493d6e155163c245a466bda43242d0e7,6a2baa27cd05157233063b825243be4bdf1a2dbc88db2a6cdfd0b2527b28716b
baseline,5,13,1000000,int,TRUE,add_scalar,double,ordinary,3,625,0.164999999999999,0.164999999999999,a05775d63d44cef2dc1fafd0012e87fb382790e3551020edeb65dba214805f6a,256764253c19afe4b22c7738fb2f83098a03d4dbde3db39ee8c24b205a95942a,1003,,0,FALSE,FALSE,FALSE,FALSE,FALSE,FALSE,FALSE,FALSE,5af7169f9d20a77a6f06236647a66be1493d6e155163c245a466bda43242d0e7,6a2baa27cd05157233063b825243be4bdf1a2dbc88db2a6cdfd0b2527b28716b
baseline,5,14,1000000,int,TRUE,subtract_scalar,double,typed_double,1,368,0.151,0.151,0834dd898be45a06c2b25b69b1eaac5c18492a3f92f29fe34d2ee1bca21c6c24,256764253c19afe4b22c7738fb2f83098a03d4dbde3db39ee8c24b205a95942a,1003,double,368,FALSE,FALSE,FALSE,FALSE,FALSE,FALSE,FALSE,FALSE,5af7169f9d20a77a6f06236647a66be1493d6e155163c245a466bda43242d0e7,6a2baa27cd05157233063b825243be4bdf1a2dbc88db2a6cdfd0b2527b28716b
baseline,5,14,1000000,int,TRUE,subtract_scalar,double,ordinary,2,625,0.166,0.165999999999997,66c6c50fe1b9ab56178355238f6fb6b10837cc4c6935acaf14868f2895baa864,256764253c19afe4b22c7738fb2f83098a03d4dbde3db39ee8c24b205a95942a,1003,,0,FALSE,FALSE,FALSE,FALSE,FALSE,FALSE,FALSE,FALSE,5af7169f9d20a77a6f06236647a66be1493d6e155163c245a466bda43242d0e7,6a2baa27cd05157233063b825243be4bdf1a2dbc88db2a6cdfd0b2527b28716b
baseline,5,14,1000000,int,TRUE,subtract_scalar,double,compact,3,20,0.156999999999999,0.156000000000002,d1a2fd6c5ab8d0e4a10c61dbb097a7ab3009923cb6ed72a793f42244b3f68ec6,256764253c19afe4b22c7738fb2f83098a03d4dbde3db39ee8c24b205a95942a,1003,float,20,TRUE,TRUE,FALSE,FALSE,FALSE,FALSE,FALSE,FALSE,5af7169f9d20a77a6f06236647a66be1493d6e155163c245a466bda43242d0e7,6a2baa27cd05157233063b825243be4bdf1a2dbc88db2a6cdfd0b2527b28716b
baseline,5,15,1000000,int,TRUE,reverse_subtract,double,ordinary,1,625,0.149999999999999,0.151,eeadc1ac8a182c5e9ac0af8ed545484b93cc60cd2781d423e67e76b038bbb02f,256764253c19afe4b22c7738fb2f83098a03d4dbde3db39ee8c24b205a95942a,1003,,0,FALSE,FALSE,FALSE,FALSE,FALSE,FALSE,FALSE,FALSE,5af7169f9d20a77a6f06236647a66be1493d6e155163c245a466bda43242d0e7,6a2baa27cd05157233063b825243be4bdf1a2dbc88db2a6cdfd0b2527b28716b
baseline,5,15,1000000,int,TRUE,reverse_subtract,double,compact,2,21,0.156000000000002,0.157,ce55a919f3651ad54050585ceac6df58ade9a7234536c53b2e30cf24dc97456a,256764253c19afe4b22c7738fb2f83098a03d4dbde3db39ee8c24b205a95942a,1003,float,21,TRUE,TRUE,FALSE,FALSE,FALSE,FALSE,FALSE,FALSE,5af7169f9d20a77a6f06236647a66be1493d6e155163c245a466bda43242d0e7,6a2baa27cd05157233063b825243be4bdf1a2dbc88db2a6cdfd0b2527b28716b
baseline,5,15,1000000,int,TRUE,reverse_subtract,double,typed_double,3,368,0.165000000000003,0.166,7772556aaab7540c9cbc83fbef93b5ce837a74b5f0bfbf9f4d7e1d6c2f9d6aca,256764253c19afe4b22c7738fb2f83098a03d4dbde3db39ee8c24b205a95942a,1003,double,368,FALSE,FALSE,FALSE,FALSE,FALSE,FALSE,FALSE,FALSE,5af7169f9d20a77a6f06236647a66be1493d6e155163c245a466bda43242d0e7,6a2baa27cd05157233063b825243be4bdf1a2dbc88db2a6cdfd0b2527b28716b
baseline,5,16,1000000,int,TRUE,reverse_divide,double,compact,1,80,0.152000000000003,0.152000000000001,8e2880166f67afb3324288a562f812ea1ac87aa63f348f9c4373df1017394a64,e18be1b0e89b4a0c64a4b1d8acff45284e54d26e14e2d4cbb5f3b282ba9e2bbf,1103,float,80,TRUE,TRUE,FALSE,FALSE,FALSE,FALSE,FALSE,FALSE,5af7169f9d20a77a6f06236647a66be1493d6e155163c245a466bda43242d0e7,6a2baa27cd05157233063b825243be4bdf1a2dbc88db2a6cdfd0b2527b28716b
baseline,5,16,1000000,int,TRUE,reverse_divide,double,typed_double,2,507,0.151000000000002,0.150000000000002,46c9fedb1b90dde4d28d485b133b143f17d4c7ef7b2ba3baae533c5a3d0656ea,e18be1b0e89b4a0c64a4b1d8acff45284e54d26e14e2d4cbb5f3b282ba9e2bbf,1103,double,507,FALSE,FALSE,FALSE,FALSE,FALSE,FALSE,FALSE,FALSE,5af7169f9d20a77a6f06236647a66be1493d6e155163c245a466bda43242d0e7,6a2baa27cd05157233063b825243be4bdf1a2dbc88db2a6cdfd0b2527b28716b
baseline,5,16,1000000,int,TRUE,reverse_divide,double,ordinary,3,427,0.103000000000002,0.102999999999998,5919a3b9c611a609b75579ae435ea59e6a6602e36aae9ea52a62df3f56ed00e9,256764253c19afe4b22c7738fb2f83098a03d4dbde3db39ee8c24b205a95942a,1003,,0,FALSE,FALSE,FALSE,FALSE,FALSE,FALSE,FALSE,FALSE,5af7169f9d20a77a6f06236647a66be1493d6e155163c245a466bda43242d0e7,6a2baa27cd05157233063b825243be4bdf1a2dbc88db2a6cdfd0b2527b28716b
baseline,5,17,1000000,int,TRUE,mixed_add,float,typed_double,1,494,0.151,0.151,087fb12a32e314d333c4287225113c3c6e3a135a9c18c162b3b5753b80f4350c,d842a810a046337b5363ff7dafdaa01aa4553912ce2afa4ee95c617158d8e0e7,2011,double,494,FALSE,FALSE,FALSE,FALSE,FALSE,FALSE,FALSE,FALSE,5af7169f9d20a77a6f06236647a66be1493d6e155163c245a466bda43242d0e7,6a2baa27cd05157233063b825243be4bdf1a2dbc88db2a6cdfd0b2527b28716b
baseline,5,17,1000000,int,TRUE,mixed_add,float,ordinary,2,605,0.167999999999999,0.167999999999999,ea5ac2e3896755c3d5082b83561d8673bb4f0147a7690b804a8d74cecbeda4c1,d842a810a046337b5363ff7dafdaa01aa4553912ce2afa4ee95c617158d8e0e7,2011,,0,FALSE,FALSE,FALSE,FALSE,FALSE,FALSE,FALSE,FALSE,5af7169f9d20a77a6f06236647a66be1493d6e155163c245a466bda43242d0e7,6a2baa27cd05157233063b825243be4bdf1a2dbc88db2a6cdfd0b2527b28716b
baseline,5,17,1000000,int,TRUE,mixed_add,float,compact,3,84,0.155000000000001,0.154999999999998,087fb12a32e314d333c4287225113c3c6e3a135a9c18c162b3b5753b80f4350c,d842a810a046337b5363ff7dafdaa01aa4553912ce2afa4ee95c617158d8e0e7,2011,float,84,TRUE,TRUE,FALSE,FALSE,TRUE,TRUE,FALSE,FALSE,5af7169f9d20a77a6f06236647a66be1493d6e155163c245a466bda43242d0e7,6a2baa27cd05157233063b825243be4bdf1a2dbc88db2a6cdfd0b2527b28716b
baseline,5,18,1000000,int,TRUE,mixed_multiply,float,ordinary,1,605,0.153000000000002,0.152999999999999,4e15a12f73c542a9193d69c8d13f89eb8b7adf975c41c2fdf2ef19e40aa99344,d842a810a046337b5363ff7dafdaa01aa4553912ce2afa4ee95c617158d8e0e7,2011,,0,FALSE,FALSE,FALSE,FALSE,FALSE,FALSE,FALSE,FALSE,5af7169f9d20a77a6f06236647a66be1493d6e155163c245a466bda43242d0e7,6a2baa27cd05157233063b825243be4bdf1a2dbc88db2a6cdfd0b2527b28716b
baseline,5,18,1000000,int,TRUE,mixed_multiply,float,compact,2,82,0.152,0.151,567cb444c88381ecb7601b5374668c9d2a719ee733326a0fd33b4e0cf98f607d,d842a810a046337b5363ff7dafdaa01aa4553912ce2afa4ee95c617158d8e0e7,2011,float,82,TRUE,TRUE,FALSE,FALSE,TRUE,TRUE,FALSE,FALSE,5af7169f9d20a77a6f06236647a66be1493d6e155163c245a466bda43242d0e7,6a2baa27cd05157233063b825243be4bdf1a2dbc88db2a6cdfd0b2527b28716b
baseline,5,18,1000000,int,TRUE,mixed_multiply,float,typed_double,3,494,0.152999999999997,0.153000000000002,567cb444c88381ecb7601b5374668c9d2a719ee733326a0fd33b4e0cf98f607d,d842a810a046337b5363ff7dafdaa01aa4553912ce2afa4ee95c617158d8e0e7,2011,double,494,FALSE,FALSE,FALSE,FALSE,FALSE,FALSE,FALSE,FALSE,5af7169f9d20a77a6f06236647a66be1493d6e155163c245a466bda43242d0e7,6a2baa27cd05157233063b825243be4bdf1a2dbc88db2a6cdfd0b2527b28716b
baseline,5,19,1000000,float,FALSE,scale_binary,double,compact,1,458,0.155,0.155000000000001,5e4cb543f32269b2c2218b394ad1c41d44f6b32b3f8be7d200655b3b7d11f177,6506614505e113daab08b3f894ca46d4d61867c7b007c413b47a669abe8aae67,0,float,458,TRUE,TRUE,FALSE,FALSE,FALSE,FALSE,FALSE,FALSE,7f1c1a27229f7a699fa85ff90b5be1266497c462407b39b11f6d94015af8e8ad,31d3575e77d9d04b75880bca9e10dbd0e13e61d21795052921dd3f702d909dd7
baseline,5,19,1000000,float,FALSE,scale_binary,double,typed_double,2,521,0.164999999999999,0.164999999999999,5e4cb543f32269b2c2218b394ad1c41d44f6b32b3f8be7d200655b3b7d11f177,6506614505e113daab08b3f894ca46d4d61867c7b007c413b47a669abe8aae67,0,double,521,FALSE,FALSE,FALSE,FALSE,FALSE,FALSE,FALSE,FALSE,7f1c1a27229f7a699fa85ff90b5be1266497c462407b39b11f6d94015af8e8ad,31d3575e77d9d04b75880bca9e10dbd0e13e61d21795052921dd3f702d909dd7
baseline,5,19,1000000,float,FALSE,scale_binary,double,ordinary,3,625,0.150000000000001,0.149000000000001,5e4cb543f32269b2c2218b394ad1c41d44f6b32b3f8be7d200655b3b7d11f177,6506614505e113daab08b3f894ca46d4d61867c7b007c413b47a669abe8aae67,0,,0,FALSE,FALSE,FALSE,FALSE,FALSE,FALSE,FALSE,FALSE,7f1c1a27229f7a699fa85ff90b5be1266497c462407b39b11f6d94015af8e8ad,31d3575e77d9d04b75880bca9e10dbd0e13e61d21795052921dd3f702d909dd7
baseline,5,20,1000000,float,FALSE,scale_general,double,typed_double,1,569,0.166,0.166,f26b519d09797e4f4941392e4b52f307c71832f0aaad54da617e9078fe055e1c,6506614505e113daab08b3f894ca46d4d61867c7b007c413b47a669abe8aae67,0,double,569,FALSE,FALSE,FALSE,FALSE,FALSE,FALSE,FALSE,FALSE,7f1c1a27229f7a699fa85ff90b5be1266497c462407b39b11f6d94015af8e8ad,31d3575e77d9d04b75880bca9e10dbd0e13e61d21795052921dd3f702d909dd7
baseline,5,20,1000000,float,FALSE,scale_general,double,ordinary,2,647,0.154999999999998,0.155999999999999,f26b519d09797e4f4941392e4b52f307c71832f0aaad54da617e9078fe055e1c,6506614505e113daab08b3f894ca46d4d61867c7b007c413b47a669abe8aae67,0,,0,FALSE,FALSE,FALSE,FALSE,FALSE,FALSE,FALSE,FALSE,7f1c1a27229f7a699fa85ff90b5be1266497c462407b39b11f6d94015af8e8ad,31d3575e77d9d04b75880bca9e10dbd0e13e61d21795052921dd3f702d909dd7
baseline,5,20,1000000,float,FALSE,scale_general,double,compact,3,194,0.151000000000003,0.149999999999999,72cc5cf98cf5a5166668db2e8420adb3bc862ec1b003fbdd7aeb0a9746f22870,6506614505e113daab08b3f894ca46d4d61867c7b007c413b47a669abe8aae67,0,float,194,TRUE,TRUE,FALSE,FALSE,FALSE,FALSE,FALSE,FALSE,7f1c1a27229f7a699fa85ff90b5be1266497c462407b39b11f6d94015af8e8ad,31d3575e77d9d04b75880bca9e10dbd0e13e61d21795052921dd3f702d909dd7
baseline,5,21,1000000,float,FALSE,pair_compact_double,double,ordinary,1,586,0.165000000000001,0.164999999999999,d0adc5c3f77a8c464e25cdf403e40486acf05d6b089dad00367eb8620a0a608e,6506614505e113daab08b3f894ca46d4d61867c7b007c413b47a669abe8aae67,0,,0,FALSE,FALSE,FALSE,FALSE,FALSE,FALSE,FALSE,FALSE,7f1c1a27229f7a699fa85ff90b5be1266497c462407b39b11f6d94015af8e8ad,31d3575e77d9d04b75880bca9e10dbd0e13e61d21795052921dd3f702d909dd7
baseline,5,21,1000000,float,FALSE,pair_compact_double,double,compact,2,105,0.147999999999996,0.148000000000003,d0adc5c3f77a8c464e25cdf403e40486acf05d6b089dad00367eb8620a0a608e,6506614505e113daab08b3f894ca46d4d61867c7b007c413b47a669abe8aae67,0,double,105,TRUE,TRUE,FALSE,FALSE,FALSE,FALSE,FALSE,FALSE,7f1c1a27229f7a699fa85ff90b5be1266497c462407b39b11f6d94015af8e8ad,31d3575e77d9d04b75880bca9e10dbd0e13e61d21795052921dd3f702d909dd7
baseline,5,21,1000000,float,FALSE,pair_compact_double,double,typed_double,3,494,0.150999999999996,0.152000000000001,d0adc5c3f77a8c464e25cdf403e40486acf05d6b089dad00367eb8620a0a608e,6506614505e113daab08b3f894ca46d4d61867c7b007c413b47a669abe8aae67,0,double,494,FALSE,FALSE,FALSE,FALSE,FALSE,FALSE,FALSE,FALSE,7f1c1a27229f7a699fa85ff90b5be1266497c462407b39b11f6d94015af8e8ad,31d3575e77d9d04b75880bca9e10dbd0e13e61d21795052921dd3f702d909dd7
baseline,5,22,1000000,float,FALSE,add_scalar,double,compact,1,143,0.116000000000002,0.116,6f4e6deefcbd4cb8847d97ac43d7047c827b45b8a7d41e59355544434442b07b,6506614505e113daab08b3f894ca46d4d61867c7b007c413b47a669abe8aae67,0,float,143,TRUE,TRUE,FALSE,FALSE,FALSE,FALSE,FALSE,FALSE,7f1c1a27229f7a699fa85ff90b5be1266497c462407b39b11f6d94015af8e8ad,31d3575e77d9d04b75880bca9e10dbd0e13e61d21795052921dd3f702d909dd7
baseline,5,22,1000000,float,FALSE,add_scalar,double,typed_double,2,368,0.150999999999999,0.151000000000003,292e89d47e6240bb2914ef7ad37d7e757276712199771e9df56100a008a8cb8c,6506614505e113daab08b3f894ca46d4d61867c7b007c413b47a669abe8aae67,0,double,368,FALSE,FALSE,FALSE,FALSE,FALSE,FALSE,FALSE,FALSE,7f1c1a27229f7a699fa85ff90b5be1266497c462407b39b11f6d94015af8e8ad,31d3575e77d9d04b75880bca9e10dbd0e13e61d21795052921dd3f702d909dd7
baseline,5,22,1000000,float,FALSE,add_scalar,double,ordinary,3,625,0.165999999999997,0.166000000000004,292e89d47e6240bb2914ef7ad37d7e757276712199771e9df56100a008a8cb8c,6506614505e113daab08b3f894ca46d4d61867c7b007c413b47a669abe8aae67,0,,0,FALSE,FALSE,FALSE,FALSE,FALSE,FALSE,FALSE,FALSE,7f1c1a27229f7a699fa85ff90b5be1266497c462407b39b11f6d94015af8e8ad,31d3575e77d9d04b75880bca9e10dbd0e13e61d21795052921dd3f702d909dd7
baseline,5,23,1000000,float,FALSE,subtract_scalar,double,typed_double,1,368,0.151000000000003,0.150999999999996,13a3239df0a7d9c4766e9cb1022fe126007afc38c9539ef233ed4bf785d961fa,6506614505e113daab08b3f894ca46d4d61867c7b007c413b47a669abe8aae67,0,double,368,FALSE,FALSE,FALSE,FALSE,FALSE,FALSE,FALSE,FALSE,7f1c1a27229f7a699fa85ff90b5be1266497c462407b39b11f6d94015af8e8ad,31d3575e77d9d04b75880bca9e10dbd0e13e61d21795052921dd3f702d909dd7
baseline,5,23,1000000,float,FALSE,subtract_scalar,double,ordinary,2,626,0.167000000000004,0.165999999999997,13a3239df0a7d9c4766e9cb1022fe126007afc38c9539ef233ed4bf785d961fa,6506614505e113daab08b3f894ca46d4d61867c7b007c413b47a669abe8aae67,0,,0,FALSE,FALSE,FALSE,FALSE,FALSE,FALSE,FALSE,FALSE,7f1c1a27229f7a699fa85ff90b5be1266497c462407b39b11f6d94015af8e8ad,31d3575e77d9d04b75880bca9e10dbd0e13e61d21795052921dd3f702d909dd7
baseline,5,23,1000000,float,FALSE,subtract_scalar,double,compact,3,149,0.145999999999996,0.146999999999998,73750801b993e37ef9c262c8c6c20433be5d4f8f21bfd0757cae3f70c74eda3f,6506614505e113daab08b3f894ca46d4d61867c7b007c413b47a669abe8aae67,0,float,149,TRUE,TRUE,FALSE,FALSE,FALSE,FALSE,FALSE,FALSE,7f1c1a27229f7a699fa85ff90b5be1266497c462407b39b11f6d94015af8e8ad,31d3575e77d9d04b75880bca9e10dbd0e13e61d21795052921dd3f702d909dd7
baseline,5,24,1000000,float,FALSE,reverse_subtract,double,ordinary,1,647,0.156999999999996,0.158000000000001,391f82ff13066d79bb9813a2dd5b66c086c00b72de2d0e201e0f4f7b85274c2e,6506614505e113daab08b3f894ca46d4d61867c7b007c413b47a669abe8aae67,0,,0,FALSE,FALSE,FALSE,FALSE,FALSE,FALSE,FALSE,FALSE,7f1c1a27229f7a699fa85ff90b5be1266497c462407b39b11f6d94015af8e8ad,31d3575e77d9d04b75880bca9e10dbd0e13e61d21795052921dd3f702d909dd7
baseline,5,24,1000000,float,FALSE,reverse_subtract,double,compact,2,150,0.143999999999996,0.144000000000005,8505db92c32dc0b74614f948c8784986a3d42738b9f7afa126ec04569b48eaee,6506614505e113daab08b3f894ca46d4d61867c7b007c413b47a669abe8aae67,0,float,150,TRUE,TRUE,FALSE,FALSE,FALSE,FALSE,FALSE,FALSE,7f1c1a27229f7a699fa85ff90b5be1266497c462407b39b11f6d94015af8e8ad,31d3575e77d9d04b75880bca9e10dbd0e13e61d21795052921dd3f702d909dd7
baseline,5,24,1000000,float,FALSE,reverse_subtract,double,typed_double,3,368,0.150000000000006,0.150000000000006,391f82ff13066d79bb9813a2dd5b66c086c00b72de2d0e201e0f4f7b85274c2e,6506614505e113daab08b3f894ca46d4d61867c7b007c413b47a669abe8aae67,0,double,368,FALSE,FALSE,FALSE,FALSE,FALSE,FALSE,FALSE,FALSE,7f1c1a27229f7a699fa85ff90b5be1266497c462407b39b11f6d94015af8e8ad,31d3575e77d9d04b75880bca9e10dbd0e13e61d21795052921dd3f702d909dd7
baseline,5,25,1000000,float,FALSE,reverse_divide,double,compact,1,247,0.150000000000001,0.149999999999999,00373f8d5dc76e6b2961c6a8330b8894595f6e122b305a6913901d94ac47d968,8dca1eb700a45aaace59ea0c206000bfb6345887d8c82d9a5f1f6a86211aeab4,100,float,247,TRUE,TRUE,FALSE,FALSE,FALSE,FALSE,FALSE,FALSE,7f1c1a27229f7a699fa85ff90b5be1266497c462407b39b11f6d94015af8e8ad,31d3575e77d9d04b75880bca9e10dbd0e13e61d21795052921dd3f702d909dd7
baseline,5,25,1000000,float,FALSE,reverse_divide,double,typed_double,2,507,0.164000000000001,0.164000000000001,15a9dee60e7ad6b7bfec0a17ebb879c1d0b34de12d63f490ed9b30d95ad74ac9,8dca1eb700a45aaace59ea0c206000bfb6345887d8c82d9a5f1f6a86211aeab4,100,double,507,FALSE,FALSE,FALSE,FALSE,FALSE,FALSE,FALSE,FALSE,7f1c1a27229f7a699fa85ff90b5be1266497c462407b39b11f6d94015af8e8ad,31d3575e77d9d04b75880bca9e10dbd0e13e61d21795052921dd3f702d909dd7
baseline,5,25,1000000,float,FALSE,reverse_divide,double,ordinary,3,647,0.155000000000003,0.154000000000003,c250debf3d2a27908112bc09ce59d257ab86068363b108d2b491520e8193453e,6506614505e113daab08b3f894ca46d4d61867c7b007c413b47a669abe8aae67,0,,0,FALSE,FALSE,FALSE,FALSE,FALSE,FALSE,FALSE,FALSE,7f1c1a27229f7a699fa85ff90b5be1266497c462407b39b11f6d94015af8e8ad,31d3575e77d9d04b75880bca9e10dbd0e13e61d21795052921dd3f702d909dd7
baseline,5,26,1000000,float,TRUE,scale_binary,double,typed_double,1,586,0.169000000000004,0.170000000000002,c2d92a8e75010c0ddb80329b9ca6cc4898ca1d4543392f8c8382c3fbfeeb5b4b,256764253c19afe4b22c7738fb2f83098a03d4dbde3db39ee8c24b205a95942a,1003,double,586,FALSE,FALSE,FALSE,FALSE,FALSE,FALSE,FALSE,FALSE,ee8f1f1d17d164fc3d811ad86cc889d11c328f41d3cd55762069bc2161e48c9f,6a2baa27cd05157233063b825243be4bdf1a2dbc88db2a6cdfd0b2527b28716b
baseline,5,26,1000000,float,TRUE,scale_binary,double,ordinary,2,625,0.149000000000001,0.150000000000006,21fac45dcda0cbc0ba9e1f553d3be3fedd245b921d5e2e4497a8d64f1e038117,256764253c19afe4b22c7738fb2f83098a03d4dbde3db39ee8c24b205a95942a,1003,,0,FALSE,FALSE,FALSE,FALSE,FALSE,FALSE,FALSE,FALSE,ee8f1f1d17d164fc3d811ad86cc889d11c328f41d3cd55762069bc2161e48c9f,6a2baa27cd05157233063b825243be4bdf1a2dbc88db2a6cdfd0b2527b28716b
baseline,5,26,1000000,float,TRUE,scale_binary,double,compact,3,469,0.151000000000003,0.151000000000003,c2d92a8e75010c0ddb80329b9ca6cc4898ca1d4543392f8c8382c3fbfeeb5b4b,256764253c19afe4b22c7738fb2f83098a03d4dbde3db39ee8c24b205a95942a,1003,float,469,TRUE,TRUE,FALSE,FALSE,FALSE,FALSE,FALSE,FALSE,ee8f1f1d17d164fc3d811ad86cc889d11c328f41d3cd55762069bc2161e48c9f,6a2baa27cd05157233063b825243be4bdf1a2dbc88db2a6cdfd0b2527b28716b
baseline,5,27,1000000,float,TRUE,scale_general,double,ordinary,1,605,0.160999999999997,0.158999999999999,8100d028390097d4a98b44ea0ff4cb617c6204331b80e5c7870832582030541c,256764253c19afe4b22c7738fb2f83098a03d4dbde3db39ee8c24b205a95942a,1003,,0,FALSE,FALSE,FALSE,FALSE,FALSE,FALSE,FALSE,FALSE,ee8f1f1d17d164fc3d811ad86cc889d11c328f41d3cd55762069bc2161e48c9f,6a2baa27cd05157233063b825243be4bdf1a2dbc88db2a6cdfd0b2527b28716b
baseline,5,27,1000000,float,TRUE,scale_general,double,compact,2,148,0.150999999999996,0.151000000000003,c58bc992720c328eca610e60f8c3f93d7d61df77946cf51b8626b0d8b78368ef,256764253c19afe4b22c7738fb2f83098a03d4dbde3db39ee8c24b205a95942a,1003,float,148,TRUE,TRUE,FALSE,FALSE,FALSE,FALSE,FALSE,FALSE,ee8f1f1d17d164fc3d811ad86cc889d11c328f41d3cd55762069bc2161e48c9f,6a2baa27cd05157233063b825243be4bdf1a2dbc88db2a6cdfd0b2527b28716b
baseline,5,27,1000000,float,TRUE,scale_general,double,typed_double,3,569,0.167000000000002,0.166999999999994,ea87b3dd63bfda18195aef508608398181a11f876a570f6017c0c100c3497f49,256764253c19afe4b22c7738fb2f83098a03d4dbde3db39ee8c24b205a95942a,1003,double,569,FALSE,FALSE,FALSE,FALSE,FALSE,FALSE,FALSE,FALSE,ee8f1f1d17d164fc3d811ad86cc889d11c328f41d3cd55762069bc2161e48c9f,6a2baa27cd05157233063b825243be4bdf1a2dbc88db2a6cdfd0b2527b28716b
baseline,5,28,1000000,float,TRUE,pair_compact_double,double,compact,1,105,0.147999999999996,0.149000000000001,9778eddf855170d4c4702501b5240fa491a475187859f9e29c120edb42c46621,d842a810a046337b5363ff7dafdaa01aa4553912ce2afa4ee95c617158d8e0e7,2011,double,105,TRUE,TRUE,FALSE,FALSE,FALSE,FALSE,FALSE,FALSE,ee8f1f1d17d164fc3d811ad86cc889d11c328f41d3cd55762069bc2161e48c9f,6a2baa27cd05157233063b825243be4bdf1a2dbc88db2a6cdfd0b2527b28716b
baseline,5,28,1000000,float,TRUE,pair_compact_double,double,typed_double,2,481,0.169000000000004,0.167999999999999,9778eddf855170d4c4702501b5240fa491a475187859f9e29c120edb42c46621,d842a810a046337b5363ff7dafdaa01aa4553912ce2afa4ee95c617158d8e0e7,2011,double,481,FALSE,FALSE,FALSE,FALSE,FALSE,FALSE,FALSE,FALSE,ee8f1f1d17d164fc3d811ad86cc889d11c328f41d3cd55762069bc2161e48c9f,6a2baa27cd05157233063b825243be4bdf1a2dbc88db2a6cdfd0b2527b28716b
baseline,5,28,1000000,float,TRUE,pair_compact_double,double,ordinary,3,586,0.149999999999999,0.150999999999996,d8927aedee8fcfee16a2d8b73448110e471dbaa24a570b3a223eaaa8fa336e58,d842a810a046337b5363ff7dafdaa01aa4553912ce2afa4ee95c617158d8e0e7,2011,,0,FALSE,FALSE,FALSE,FALSE,FALSE,FALSE,FALSE,FALSE,ee8f1f1d17d164fc3d811ad86cc889d11c328f41d3cd55762069bc2161e48c9f,6a2baa27cd05157233063b825243be4bdf1a2dbc88db2a6cdfd0b2527b28716b
baseline,5,29,1000000,float,TRUE,add_scalar,double,typed_double,1,368,0.152000000000001,0.151999999999994,c79c2ec291260c6f8d03c327d90d493416937a3f3bc9b85742b51e17a8fb7647,256764253c19afe4b22c7738fb2f83098a03d4dbde3db39ee8c24b205a95942a,1003,double,368,FALSE,FALSE,FALSE,FALSE,FALSE,FALSE,FALSE,FALSE,ee8f1f1d17d164fc3d811ad86cc889d11c328f41d3cd55762069bc2161e48c9f,6a2baa27cd05157233063b825243be4bdf1a2dbc88db2a6cdfd0b2527b28716b
baseline,5,29,1000000,float,TRUE,add_scalar,double,ordinary,2,625,0.168999999999999,0.168999999999997,eea8177113c0d60b0ac4b300317d7673334b9c1e86f37a3c57e9519b022f9d21,256764253c19afe4b22c7738fb2f83098a03d4dbde3db39ee8c24b205a95942a,1003,,0,FALSE,FALSE,FALSE,FALSE,FALSE,FALSE,FALSE,FALSE,ee8f1f1d17d164fc3d811ad86cc889d11c328f41d3cd55762069bc2161e48c9f,6a2baa27cd05157233063b825243be4bdf1a2dbc88db2a6cdfd0b2527b28716b
baseline,5,29,1000000,float,TRUE,add_scalar,double,compact,3,51,0.151000000000006,0.149000000000001,9c2be51cd37c2d7977f794fada049c7c9ccc4011c9f81b26e042008f01cdd93e,256764253c19afe4b22c7738fb2f83098a03d4dbde3db39ee8c24b205a95942a,1003,float,51,TRUE,TRUE,FALSE,FALSE,FALSE,FALSE,FALSE,FALSE,ee8f1f1d17d164fc3d811ad86cc889d11c328f41d3cd55762069bc2161e48c9f,6a2baa27cd05157233063b825243be4bdf1a2dbc88db2a6cdfd0b2527b28716b
baseline,5,30,1000000,float,TRUE,subtract_scalar,double,ordinary,1,625,0.166999999999994,0.167999999999999,6c2a6fd31fe3ea0da9f40037c0de77776efc81cd73d193a8ace88fee2b5b635c,256764253c19afe4b22c7738fb2f83098a03d4dbde3db39ee8c24b205a95942a,1003,,0,FALSE,FALSE,FALSE,FALSE,FALSE,FALSE,FALSE,FALSE,ee8f1f1d17d164fc3d811ad86cc889d11c328f41d3cd55762069bc2161e48c9f,6a2baa27cd05157233063b825243be4bdf1a2dbc88db2a6cdfd0b2527b28716b
baseline,5,30,1000000,float,TRUE,subtract_scalar,double,compact,2,53,0.176000000000002,0.175999999999995,7125e60e6e7d4c92d9ed561efe37cfccac1593072e770a4f8d2a58f04113d3ae,256764253c19afe4b22c7738fb2f83098a03d4dbde3db39ee8c24b205a95942a,1003,float,53,TRUE,TRUE,FALSE,FALSE,FALSE,FALSE,FALSE,FALSE,ee8f1f1d17d164fc3d811ad86cc889d11c328f41d3cd55762069bc2161e48c9f,6a2baa27cd05157233063b825243be4bdf1a2dbc88db2a6cdfd0b2527b28716b
baseline,5,30,1000000,float,TRUE,subtract_scalar,double,typed_double,3,376,0.153999999999999,0.154000000000003,5dbef6a14bd33ea02b60ee3c940050585fc891f61a49d29253c64524c4390951,256764253c19afe4b22c7738fb2f83098a03d4dbde3db39ee8c24b205a95942a,1003,double,376,FALSE,FALSE,FALSE,FALSE,FALSE,FALSE,FALSE,FALSE,ee8f1f1d17d164fc3d811ad86cc889d11c328f41d3cd55762069bc2161e48c9f,6a2baa27cd05157233063b825243be4bdf1a2dbc88db2a6cdfd0b2527b28716b
baseline,5,31,1000000,float,TRUE,reverse_subtract,double,compact,1,53,0.166999999999994,0.167999999999999,dad17b9a33695dc668a39e44c085af08afb1a2c7d0c49d2f0b645e18b67308a7,256764253c19afe4b22c7738fb2f83098a03d4dbde3db39ee8c24b205a95942a,1003,float,53,TRUE,TRUE,FALSE,FALSE,FALSE,FALSE,FALSE,FALSE,ee8f1f1d17d164fc3d811ad86cc889d11c328f41d3cd55762069bc2161e48c9f,6a2baa27cd05157233063b825243be4bdf1a2dbc88db2a6cdfd0b2527b28716b
baseline,5,31,1000000,float,TRUE,reverse_subtract,double,typed_double,2,368,0.149999999999999,0.150000000000006,e3656220b598004f8cce68737d35a090279632fb58c8ef4b30d6940c65beb9cb,256764253c19afe4b22c7738fb2f83098a03d4dbde3db39ee8c24b205a95942a,1003,double,368,FALSE,FALSE,FALSE,FALSE,FALSE,FALSE,FALSE,FALSE,ee8f1f1d17d164fc3d811ad86cc889d11c328f41d3cd55762069bc2161e48c9f,6a2baa27cd05157233063b825243be4bdf1a2dbc88db2a6cdfd0b2527b28716b
baseline,5,31,1000000,float,TRUE,reverse_subtract,double,ordinary,3,417,0.102000000000004,0.102000000000004,96030f5d24b08e1ab9b8a2ffa4e31e33a89cd6cbabe88555e164d01758947f47,256764253c19afe4b22c7738fb2f83098a03d4dbde3db39ee8c24b205a95942a,1003,,0,FALSE,FALSE,FALSE,FALSE,FALSE,FALSE,FALSE,FALSE,ee8f1f1d17d164fc3d811ad86cc889d11c328f41d3cd55762069bc2161e48c9f,6a2baa27cd05157233063b825243be4bdf1a2dbc88db2a6cdfd0b2527b28716b
baseline,5,32,1000000,float,TRUE,reverse_divide,double,typed_double,1,507,0.167999999999999,0.166999999999994,27389f6d40427639c8a912484d0249b1c9fab719ac17ee977d76419105918595,e18be1b0e89b4a0c64a4b1d8acff45284e54d26e14e2d4cbb5f3b282ba9e2bbf,1103,double,507,FALSE,FALSE,FALSE,FALSE,FALSE,FALSE,FALSE,FALSE,ee8f1f1d17d164fc3d811ad86cc889d11c328f41d3cd55762069bc2161e48c9f,6a2baa27cd05157233063b825243be4bdf1a2dbc88db2a6cdfd0b2527b28716b
baseline,5,32,1000000,float,TRUE,reverse_divide,double,ordinary,2,605,0.163000000000004,0.162999999999997,53731942d799d1e23d351c412d455100c092173e72bb3ad15061a952b94a6c1e,256764253c19afe4b22c7738fb2f83098a03d4dbde3db39ee8c24b205a95942a,1003,,0,FALSE,FALSE,FALSE,FALSE,FALSE,FALSE,FALSE,FALSE,ee8f1f1d17d164fc3d811ad86cc889d11c328f41d3cd55762069bc2161e48c9f,6a2baa27cd05157233063b825243be4bdf1a2dbc88db2a6cdfd0b2527b28716b
baseline,5,32,1000000,float,TRUE,reverse_divide,double,compact,3,171,0.149999999999999,0.149999999999999,fd1eff5142c284b6c07eab1dafc2d8ac526155178019f828b5505195b8837d7f,e18be1b0e89b4a0c64a4b1d8acff45284e54d26e14e2d4cbb5f3b282ba9e2bbf,1103,float,171,TRUE,TRUE,FALSE,FALSE,FALSE,FALSE,FALSE,FALSE,ee8f1f1d17d164fc3d811ad86cc889d11c328f41d3cd55762069bc2161e48c9f,6a2baa27cd05157233063b825243be4bdf1a2dbc88db2a6cdfd0b2527b28716b
baseline,5,33,1000000,long,FALSE,long_float_add,float,ordinary,1,586,0.150000000000001,0.150000000000006,5865d7f437b5487c8061f7274c6507b7ec0fc76362cd655e9259ebb78a28f057,6506614505e113daab08b3f894ca46d4d61867c7b007c413b47a669abe8aae67,0,,0,FALSE,FALSE,FALSE,FALSE,FALSE,FALSE,FALSE,FALSE,8937acbbe87ff127e6567f97e52c6a17dbe3ea7052a39a3b76abe25c8e7eeb13,31d3575e77d9d04b75880bca9e10dbd0e13e61d21795052921dd3f702d909dd7
baseline,5,33,1000000,long,FALSE,long_float_add,float,compact,2,125,0.159999999999999,0.158999999999999,5865d7f437b5487c8061f7274c6507b7ec0fc76362cd655e9259ebb78a28f057,6506614505e113daab08b3f894ca46d4d61867c7b007c413b47a669abe8aae67,0,double,125,TRUE,TRUE,FALSE,FALSE,TRUE,TRUE,FALSE,FALSE,8937acbbe87ff127e6567f97e52c6a17dbe3ea7052a39a3b76abe25c8e7eeb13,31d3575e77d9d04b75880bca9e10dbd0e13e61d21795052921dd3f702d909dd7
baseline,5,33,1000000,long,FALSE,long_float_add,float,typed_double,3,469,0.153000000000006,0.152999999999999,5865d7f437b5487c8061f7274c6507b7ec0fc76362cd655e9259ebb78a28f057,6506614505e113daab08b3f894ca46d4d61867c7b007c413b47a669abe8aae67,0,double,469,FALSE,FALSE,FALSE,FALSE,FALSE,FALSE,FALSE,FALSE,8937acbbe87ff127e6567f97e52c6a17dbe3ea7052a39a3b76abe25c8e7eeb13,31d3575e77d9d04b75880bca9e10dbd0e13e61d21795052921dd3f702d909dd7
baseline,5,34,1000000,long,TRUE,long_float_add,float,compact,1,121,0.146000000000001,0.146000000000001,087fb12a32e314d333c4287225113c3c6e3a135a9c18c162b3b5753b80f4350c,d842a810a046337b5363ff7dafdaa01aa4553912ce2afa4ee95c617158d8e0e7,2011,double,121,TRUE,TRUE,FALSE,FALSE,TRUE,TRUE,FALSE,FALSE,5af7169f9d20a77a6f06236647a66be1493d6e155163c245a466bda43242d0e7,6a2baa27cd05157233063b825243be4bdf1a2dbc88db2a6cdfd0b2527b28716b
baseline,5,34,1000000,long,TRUE,long_float_add,float,typed_double,2,494,0.171999999999999,0.171999999999997,087fb12a32e314d333c4287225113c3c6e3a135a9c18c162b3b5753b80f4350c,d842a810a046337b5363ff7dafdaa01aa4553912ce2afa4ee95c617158d8e0e7,2011,double,494,FALSE,FALSE,FALSE,FALSE,FALSE,FALSE,FALSE,FALSE,5af7169f9d20a77a6f06236647a66be1493d6e155163c245a466bda43242d0e7,6a2baa27cd05157233063b825243be4bdf1a2dbc88db2a6cdfd0b2527b28716b
baseline,5,34,1000000,long,TRUE,long_float_add,float,ordinary,3,586,0.167999999999999,0.169000000000004,ea5ac2e3896755c3d5082b83561d8673bb4f0147a7690b804a8d74cecbeda4c1,d842a810a046337b5363ff7dafdaa01aa4553912ce2afa4ee95c617158d8e0e7,2011,,0,FALSE,FALSE,FALSE,FALSE,FALSE,FALSE,FALSE,FALSE,5af7169f9d20a77a6f06236647a66be1493d6e155163c245a466bda43242d0e7,6a2baa27cd05157233063b825243be4bdf1a2dbc88db2a6cdfd0b2527b28716b
candidate,5,1,1000000,int,FALSE,scale_binary,double,compact,1,569,0.14,0.138,43cbc5fa02580f73a834cffb43a5ba0a0f4d7303cec536a2e3c58f1f469eb824,6506614505e113daab08b3f894ca46d4d61867c7b007c413b47a669abe8aae67,0,int,569,TRUE,TRUE,FALSE,FALSE,FALSE,FALSE,FALSE,FALSE,8937acbbe87ff127e6567f97e52c6a17dbe3ea7052a39a3b76abe25c8e7eeb13,31d3575e77d9d04b75880bca9e10dbd0e13e61d21795052921dd3f702d909dd7
candidate,5,1,1000000,int,FALSE,scale_binary,double,typed_double,2,536,0.164,0.165,43cbc5fa02580f73a834cffb43a5ba0a0f4d7303cec536a2e3c58f1f469eb824,6506614505e113daab08b3f894ca46d4d61867c7b007c413b47a669abe8aae67,0,double,536,FALSE,FALSE,FALSE,FALSE,FALSE,FALSE,FALSE,FALSE,8937acbbe87ff127e6567f97e52c6a17dbe3ea7052a39a3b76abe25c8e7eeb13,31d3575e77d9d04b75880bca9e10dbd0e13e61d21795052921dd3f702d909dd7
candidate,5,1,1000000,int,FALSE,scale_binary,double,ordinary,3,417,0.12,0.12,43cbc5fa02580f73a834cffb43a5ba0a0f4d7303cec536a2e3c58f1f469eb824,6506614505e113daab08b3f894ca46d4d61867c7b007c413b47a669abe8aae67,0,,0,FALSE,FALSE,FALSE,FALSE,FALSE,FALSE,FALSE,FALSE,8937acbbe87ff127e6567f97e52c6a17dbe3ea7052a39a3b76abe25c8e7eeb13,31d3575e77d9d04b75880bca9e10dbd0e13e61d21795052921dd3f702d909dd7
candidate,5,2,1000000,int,FALSE,scale_general,double,typed_double,1,536,0.165,0.165,98c11364f9b15cf1e1696537d86d727f3e1efaa44f5b303a15ed033179b4e86a,6506614505e113daab08b3f894ca46d4d61867c7b007c413b47a669abe8aae67,0,double,536,FALSE,FALSE,FALSE,FALSE,FALSE,FALSE,FALSE,FALSE,8937acbbe87ff127e6567f97e52c6a17dbe3ea7052a39a3b76abe25c8e7eeb13,31d3575e77d9d04b75880bca9e10dbd0e13e61d21795052921dd3f702d909dd7
candidate,5,2,1000000,int,FALSE,scale_general,double,ordinary,2,399,0.101,0.101,98c11364f9b15cf1e1696537d86d727f3e1efaa44f5b303a15ed033179b4e86a,6506614505e113daab08b3f894ca46d4d61867c7b007c413b47a669abe8aae67,0,,0,FALSE,FALSE,FALSE,FALSE,FALSE,FALSE,FALSE,FALSE,8937acbbe87ff127e6567f97e52c6a17dbe3ea7052a39a3b76abe25c8e7eeb13,31d3575e77d9d04b75880bca9e10dbd0e13e61d21795052921dd3f702d909dd7
candidate,5,2,1000000,int,FALSE,scale_general,double,compact,3,569,0.164,0.165,5b22560fab6c3b27f5e82592f7a486b943278dbe0e1d82a8c99735d3ee13430b,6506614505e113daab08b3f894ca46d4d61867c7b007c413b47a669abe8aae67,0,float,569,TRUE,TRUE,FALSE,FALSE,FALSE,FALSE,FALSE,FALSE,8937acbbe87ff127e6567f97e52c6a17dbe3ea7052a39a3b76abe25c8e7eeb13,31d3575e77d9d04b75880bca9e10dbd0e13e61d21795052921dd3f702d909dd7
candidate,5,3,1000000,int,FALSE,pair_compact_double,double,ordinary,1,586,0.169,0.17,5865d7f437b5487c8061f7274c6507b7ec0fc76362cd655e9259ebb78a28f057,6506614505e113daab08b3f894ca46d4d61867c7b007c413b47a669abe8aae67,0,,0,FALSE,FALSE,FALSE,FALSE,FALSE,FALSE,FALSE,FALSE,8937acbbe87ff127e6567f97e52c6a17dbe3ea7052a39a3b76abe25c8e7eeb13,31d3575e77d9d04b75880bca9e10dbd0e13e61d21795052921dd3f702d909dd7
candidate,5,3,1000000,int,FALSE,pair_compact_double,double,compact,2,361,0.165,0.165,5865d7f437b5487c8061f7274c6507b7ec0fc76362cd655e9259ebb78a28f057,6506614505e113daab08b3f894ca46d4d61867c7b007c413b47a669abe8aae67,0,double,361,TRUE,TRUE,FALSE,FALSE,FALSE,FALSE,FALSE,FALSE,8937acbbe87ff127e6567f97e52c6a17dbe3ea7052a39a3b76abe25c8e7eeb13,31d3575e77d9d04b75880bca9e10dbd0e13e61d21795052921dd3f702d909dd7
candidate,5,3,1000000,int,FALSE,pair_compact_double,double,typed_double,3,458,0.164,0.164,5865d7f437b5487c8061f7274c6507b7ec0fc76362cd655e9259ebb78a28f057,6506614505e113daab08b3f894ca46d4d61867c7b007c413b47a669abe8aae67,0,double,458,FALSE,FALSE,FALSE,FALSE,FALSE,FALSE,FALSE,FALSE,8937acbbe87ff127e6567f97e52c6a17dbe3ea7052a39a3b76abe25c8e7eeb13,31d3575e77d9d04b75880bca9e10dbd0e13e61d21795052921dd3f702d909dd7
candidate,5,4,1000000,int,FALSE,add_scalar,double,compact,1,569,0.151000000000001,0.151000000000001,c71ccca92de640a85316ddcd6d7a40e76d086d97708e3a6315956ca169418a51,6506614505e113daab08b3f894ca46d4d61867c7b007c413b47a669abe8aae67,0,float,569,TRUE,TRUE,FALSE,FALSE,FALSE,FALSE,FALSE,FALSE,8937acbbe87ff127e6567f97e52c6a17dbe3ea7052a39a3b76abe25c8e7eeb13,31d3575e77d9d04b75880bca9e10dbd0e13e61d21795052921dd3f702d909dd7
candidate,5,4,1000000,int,FALSE,add_scalar,double,typed_double,2,536,0.162999999999999,0.164000000000001,1439f7f16fb3a12c3e378be19f4f968bfd8ba0b13d49fd661b844b18b3b58d40,6506614505e113daab08b3f894ca46d4d61867c7b007c413b47a669abe8aae67,0,double,536,FALSE,FALSE,FALSE,FALSE,FALSE,FALSE,FALSE,FALSE,8937acbbe87ff127e6567f97e52c6a17dbe3ea7052a39a3b76abe25c8e7eeb13,31d3575e77d9d04b75880bca9e10dbd0e13e61d21795052921dd3f702d909dd7
candidate,5,4,1000000,int,FALSE,add_scalar,double,ordinary,3,586,0.145,0.146,1439f7f16fb3a12c3e378be19f4f968bfd8ba0b13d49fd661b844b18b3b58d40,6506614505e113daab08b3f894ca46d4d61867c7b007c413b47a669abe8aae67,0,,0,FALSE,FALSE,FALSE,FALSE,FALSE,FALSE,FALSE,FALSE,8937acbbe87ff127e6567f97e52c6a17dbe3ea7052a39a3b76abe25c8e7eeb13,31d3575e77d9d04b75880bca9e10dbd0e13e61d21795052921dd3f702d909dd7
candidate,5,5,1000000,int,FALSE,subtract_scalar,double,typed_double,1,552,0.153,0.152,4d7fa72c39df54d095261c83239d5980d0a1ff94839d263f9a7dfea5049791fe,6506614505e113daab08b3f894ca46d4d61867c7b007c413b47a669abe8aae67,0,double,552,FALSE,FALSE,FALSE,FALSE,FALSE,FALSE,FALSE,FALSE,8937acbbe87ff127e6567f97e52c6a17dbe3ea7052a39a3b76abe25c8e7eeb13,31d3575e77d9d04b75880bca9e10dbd0e13e61d21795052921dd3f702d909dd7
candidate,5,5,1000000,int,FALSE,subtract_scalar,double,ordinary,2,417,0.103000000000001,0.102,4d7fa72c39df54d095261c83239d5980d0a1ff94839d263f9a7dfea5049791fe,6506614505e113daab08b3f894ca46d4d61867c7b007c413b47a669abe8aae67,0,,0,FALSE,FALSE,FALSE,FALSE,FALSE,FALSE,FALSE,FALSE,8937acbbe87ff127e6567f97e52c6a17dbe3ea7052a39a3b76abe25c8e7eeb13,31d3575e77d9d04b75880bca9e10dbd0e13e61d21795052921dd3f702d909dd7
candidate,5,5,1000000,int,FALSE,subtract_scalar,double,compact,3,569,0.149999999999999,0.149999999999999,ac41a62f122b430ac56496c53bc2efc0f8e7b183de1fa7f57d32683c2f951555,6506614505e113daab08b3f894ca46d4d61867c7b007c413b47a669abe8aae67,0,float,569,TRUE,TRUE,FALSE,FALSE,FALSE,FALSE,FALSE,FALSE,8937acbbe87ff127e6567f97e52c6a17dbe3ea7052a39a3b76abe25c8e7eeb13,31d3575e77d9d04b75880bca9e10dbd0e13e61d21795052921dd3f702d909dd7
candidate,5,6,1000000,int,FALSE,reverse_subtract,double,ordinary,1,437,0.108000000000001,0.107999999999999,c10b10b4e2f1f397fc6fe7eaa9e5b4584cc0a290911e13c8fea846c487bfa36d,6506614505e113daab08b3f894ca46d4d61867c7b007c413b47a669abe8aae67,0,,0,FALSE,FALSE,FALSE,FALSE,FALSE,FALSE,FALSE,FALSE,8937acbbe87ff127e6567f97e52c6a17dbe3ea7052a39a3b76abe25c8e7eeb13,31d3575e77d9d04b75880bca9e10dbd0e13e61d21795052921dd3f702d909dd7
candidate,5,6,1000000,int,FALSE,reverse_subtract,double,compact,2,552,0.160000000000001,0.158999999999999,4e06bb9d84e68d2b3176d8d9d719b5bb97dc463a99c72430d73baf543d93b6fd,6506614505e113daab08b3f894ca46d4d61867c7b007c413b47a669abe8aae67,0,float,552,TRUE,TRUE,FALSE,FALSE,FALSE,FALSE,FALSE,FALSE,8937acbbe87ff127e6567f97e52c6a17dbe3ea7052a39a3b76abe25c8e7eeb13,31d3575e77d9d04b75880bca9e10dbd0e13e61d21795052921dd3f702d909dd7
candidate,5,6,1000000,int,FALSE,reverse_subtract,double,typed_double,3,569,0.154999999999999,0.155000000000001,c10b10b4e2f1f397fc6fe7eaa9e5b4584cc0a290911e13c8fea846c487bfa36d,6506614505e113daab08b3f894ca46d4d61867c7b007c413b47a669abe8aae67,0,double,569,FALSE,FALSE,FALSE,FALSE,FALSE,FALSE,FALSE,FALSE,8937acbbe87ff127e6567f97e52c6a17dbe3ea7052a39a3b76abe25c8e7eeb13,31d3575e77d9d04b75880bca9e10dbd0e13e61d21795052921dd3f702d909dd7
candidate,5,7,1000000,int,FALSE,reverse_divide,double,compact,1,226,0.161999999999999,0.161999999999999,cbafe8b44fab1872729be2227cecddc875873c3653e6ebf01ce53e917fceee0e,8dca1eb700a45aaace59ea0c206000bfb6345887d8c82d9a5f1f6a86211aeab4,100,float,226,TRUE,TRUE,FALSE,FALSE,FALSE,FALSE,FALSE,FALSE,8937acbbe87ff127e6567f97e52c6a17dbe3ea7052a39a3b76abe25c8e7eeb13,31d3575e77d9d04b75880bca9e10dbd0e13e61d21795052921dd3f702d909dd7
candidate,5,7,1000000,int,FALSE,reverse_divide,double,typed_double,2,507,0.149,0.148000000000001,edabd46066f8ec30bbc81fe8d9a4c7ef506d3d9a77408a1b0c6a5be7df3e4721,8dca1eb700a45aaace59ea0c206000bfb6345887d8c82d9a5f1f6a86211aeab4,100,double,507,FALSE,FALSE,FALSE,FALSE,FALSE,FALSE,FALSE,FALSE,8937acbbe87ff127e6567f97e52c6a17dbe3ea7052a39a3b76abe25c8e7eeb13,31d3575e77d9d04b75880bca9e10dbd0e13e61d21795052921dd3f702d909dd7
candidate,5,7,1000000,int,FALSE,reverse_divide,double,ordinary,3,626,0.166,0.166,286e6f4fcb574961d21ee0ffc03c2d1c268671051cddf977b0eb1236cc5ce88a,6506614505e113daab08b3f894ca46d4d61867c7b007c413b47a669abe8aae67,0,,0,FALSE,FALSE,FALSE,FALSE,FALSE,FALSE,FALSE,FALSE,8937acbbe87ff127e6567f97e52c6a17dbe3ea7052a39a3b76abe25c8e7eeb13,31d3575e77d9d04b75880bca9e10dbd0e13e61d21795052921dd3f702d909dd7
candidate,5,8,1000000,int,FALSE,mixed_add,float,typed_double,1,494,0.154,0.153,5865d7f437b5487c8061f7274c6507b7ec0fc76362cd655e9259ebb78a28f057,6506614505e113daab08b3f894ca46d4d61867c7b007c413b47a669abe8aae67,0,double,494,FALSE,FALSE,FALSE,FALSE,FALSE,FALSE,FALSE,FALSE,8937acbbe87ff127e6567f97e52c6a17dbe3ea7052a39a3b76abe25c8e7eeb13,31d3575e77d9d04b75880bca9e10dbd0e13e61d21795052921dd3f702d909dd7
candidate,5,8,1000000,int,FALSE,mixed_add,float,ordinary,2,605,0.17,0.17,5865d7f437b5487c8061f7274c6507b7ec0fc76362cd655e9259ebb78a28f057,6506614505e113daab08b3f894ca46d4d61867c7b007c413b47a669abe8aae67,0,,0,FALSE,FALSE,FALSE,FALSE,FALSE,FALSE,FALSE,FALSE,8937acbbe87ff127e6567f97e52c6a17dbe3ea7052a39a3b76abe25c8e7eeb13,31d3575e77d9d04b75880bca9e10dbd0e13e61d21795052921dd3f702d909dd7
candidate,5,8,1000000,int,FALSE,mixed_add,float,compact,3,244,0.15,0.15,5865d7f437b5487c8061f7274c6507b7ec0fc76362cd655e9259ebb78a28f057,6506614505e113daab08b3f894ca46d4d61867c7b007c413b47a669abe8aae67,0,float,244,TRUE,TRUE,FALSE,FALSE,TRUE,TRUE,FALSE,FALSE,8937acbbe87ff127e6567f97e52c6a17dbe3ea7052a39a3b76abe25c8e7eeb13,31d3575e77d9d04b75880bca9e10dbd0e13e61d21795052921dd3f702d909dd7
candidate,5,9,1000000,int,FALSE,mixed_multiply,float,ordinary,1,605,0.157000000000001,0.155999999999999,74e198320fcef535d96d5240bf6315c7f048f937cff6728206c4dc3e49c71557,6506614505e113daab08b3f894ca46d4d61867c7b007c413b47a669abe8aae67,0,,0,FALSE,FALSE,FALSE,FALSE,FALSE,FALSE,FALSE,FALSE,8937acbbe87ff127e6567f97e52c6a17dbe3ea7052a39a3b76abe25c8e7eeb13,31d3575e77d9d04b75880bca9e10dbd0e13e61d21795052921dd3f702d909dd7
candidate,5,9,1000000,int,FALSE,mixed_multiply,float,compact,2,244,0.151,0.15,74e198320fcef535d96d5240bf6315c7f048f937cff6728206c4dc3e49c71557,6506614505e113daab08b3f894ca46d4d61867c7b007c413b47a669abe8aae67,0,float,244,TRUE,TRUE,FALSE,FALSE,TRUE,TRUE,FALSE,FALSE,8937acbbe87ff127e6567f97e52c6a17dbe3ea7052a39a3b76abe25c8e7eeb13,31d3575e77d9d04b75880bca9e10dbd0e13e61d21795052921dd3f702d909dd7
candidate,5,9,1000000,int,FALSE,mixed_multiply,float,typed_double,3,341,0.105999999999999,0.105,74e198320fcef535d96d5240bf6315c7f048f937cff6728206c4dc3e49c71557,6506614505e113daab08b3f894ca46d4d61867c7b007c413b47a669abe8aae67,0,double,341,FALSE,FALSE,FALSE,FALSE,FALSE,FALSE,FALSE,FALSE,8937acbbe87ff127e6567f97e52c6a17dbe3ea7052a39a3b76abe25c8e7eeb13,31d3575e77d9d04b75880bca9e10dbd0e13e61d21795052921dd3f702d909dd7
candidate,5,10,1000000,int,TRUE,scale_binary,double,compact,1,569,0.136999999999999,0.137,406aa86104df9ebd1e49e25bbc9266cbc0cc152fd09e7d28efa1e3b9f07c7f98,256764253c19afe4b22c7738fb2f83098a03d4dbde3db39ee8c24b205a95942a,1003,int,569,TRUE,TRUE,FALSE,FALSE,FALSE,FALSE,FALSE,FALSE,5af7169f9d20a77a6f06236647a66be1493d6e155163c245a466bda43242d0e7,6a2baa27cd05157233063b825243be4bdf1a2dbc88db2a6cdfd0b2527b28716b
candidate,5,10,1000000,int,TRUE,scale_binary,double,typed_double,2,569,0.17,0.170000000000002,406aa86104df9ebd1e49e25bbc9266cbc0cc152fd09e7d28efa1e3b9f07c7f98,256764253c19afe4b22c7738fb2f83098a03d4dbde3db39ee8c24b205a95942a,1003,double,569,FALSE,FALSE,FALSE,FALSE,FALSE,FALSE,FALSE,FALSE,5af7169f9d20a77a6f06236647a66be1493d6e155163c245a466bda43242d0e7,6a2baa27cd05157233063b825243be4bdf1a2dbc88db2a6cdfd0b2527b28716b
candidate,5,10,1000000,int,TRUE,scale_binary,double,ordinary,3,625,0.166999999999998,0.167000000000002,b10ddc1e7177ef92cdb14943c3981218bcd426a31f9c7d156ed4dbd4ea86c948,256764253c19afe4b22c7738fb2f83098a03d4dbde3db39ee8c24b205a95942a,1003,,0,FALSE,FALSE,FALSE,FALSE,FALSE,FALSE,FALSE,FALSE,5af7169f9d20a77a6f06236647a66be1493d6e155163c245a466bda43242d0e7,6a2baa27cd05157233063b825243be4bdf1a2dbc88db2a6cdfd0b2527b28716b
candidate,5,11,1000000,int,TRUE,scale_general,double,typed_double,1,569,0.154000000000002,0.152999999999999,69569d7d3b174986a7ae48d2c2f67dcea32be4e102725873e2cfa7cf5e4f9d02,256764253c19afe4b22c7738fb2f83098a03d4dbde3db39ee8c24b205a95942a,1003,double,569,FALSE,FALSE,FALSE,FALSE,FALSE,FALSE,FALSE,FALSE,5af7169f9d20a77a6f06236647a66be1493d6e155163c245a466bda43242d0e7,6a2baa27cd05157233063b825243be4bdf1a2dbc88db2a6cdfd0b2527b28716b
candidate,5,11,1000000,int,TRUE,scale_general,double,ordinary,2,626,0.166,0.166,ea5220c4891c83ca4d6c555d28f6502adbaf6141ce7d6cf4825e9d27d0d51944,256764253c19afe4b22c7738fb2f83098a03d4dbde3db39ee8c24b205a95942a,1003,,0,FALSE,FALSE,FALSE,FALSE,FALSE,FALSE,FALSE,FALSE,5af7169f9d20a77a6f06236647a66be1493d6e155163c245a466bda43242d0e7,6a2baa27cd05157233063b825243be4bdf1a2dbc88db2a6cdfd0b2527b28716b
candidate,5,11,1000000,int,TRUE,scale_general,double,compact,3,507,0.146000000000001,0.145,38447e334649e5d7eda33f0001bed517c428980c028a15d2e1699be9ef65cf3a,256764253c19afe4b22c7738fb2f83098a03d4dbde3db39ee8c24b205a95942a,1003,float,507,TRUE,TRUE,FALSE,FALSE,FALSE,FALSE,FALSE,FALSE,5af7169f9d20a77a6f06236647a66be1493d6e155163c245a466bda43242d0e7,6a2baa27cd05157233063b825243be4bdf1a2dbc88db2a6cdfd0b2527b28716b
candidate,5,12,1000000,int,TRUE,pair_compact_double,double,ordinary,1,586,0.148999999999997,0.148,ea5ac2e3896755c3d5082b83561d8673bb4f0147a7690b804a8d74cecbeda4c1,d842a810a046337b5363ff7dafdaa01aa4553912ce2afa4ee95c617158d8e0e7,2011,,0,FALSE,FALSE,FALSE,FALSE,FALSE,FALSE,FALSE,FALSE,5af7169f9d20a77a6f06236647a66be1493d6e155163c245a466bda43242d0e7,6a2baa27cd05157233063b825243be4bdf1a2dbc88db2a6cdfd0b2527b28716b
candidate,5,12,1000000,int,TRUE,pair_compact_double,double,compact,2,376,0.151000000000003,0.152000000000001,087fb12a32e314d333c4287225113c3c6e3a135a9c18c162b3b5753b80f4350c,d842a810a046337b5363ff7dafdaa01aa4553912ce2afa4ee95c617158d8e0e7,2011,double,376,TRUE,TRUE,FALSE,FALSE,FALSE,FALSE,FALSE,FALSE,5af7169f9d20a77a6f06236647a66be1493d6e155163c245a466bda43242d0e7,6a2baa27cd05157233063b825243be4bdf1a2dbc88db2a6cdfd0b2527b28716b
candidate,5,12,1000000,int,TRUE,pair_compact_double,double,typed_double,3,494,0.153000000000002,0.153000000000002,087fb12a32e314d333c4287225113c3c6e3a135a9c18c162b3b5753b80f4350c,d842a810a046337b5363ff7dafdaa01aa4553912ce2afa4ee95c617158d8e0e7,2011,double,494,FALSE,FALSE,FALSE,FALSE,FALSE,FALSE,FALSE,FALSE,5af7169f9d20a77a6f06236647a66be1493d6e155163c245a466bda43242d0e7,6a2baa27cd05157233063b825243be4bdf1a2dbc88db2a6cdfd0b2527b28716b
candidate,5,13,1000000,int,TRUE,add_scalar,double,compact,1,507,0.145,0.145,9298ae1fd450cae2b62dc96ace3bab841bc59b30cfc46e1ecc19a5d300510c90,256764253c19afe4b22c7738fb2f83098a03d4dbde3db39ee8c24b205a95942a,1003,float,507,TRUE,TRUE,FALSE,FALSE,FALSE,FALSE,FALSE,FALSE,5af7169f9d20a77a6f06236647a66be1493d6e155163c245a466bda43242d0e7,6a2baa27cd05157233063b825243be4bdf1a2dbc88db2a6cdfd0b2527b28716b
candidate,5,13,1000000,int,TRUE,add_scalar,double,typed_double,2,552,0.147000000000002,0.148,3c99edfd213a70ad9e7387e7d2693e7278b2f41d1da572a7c0f2c136c10a0f54,256764253c19afe4b22c7738fb2f83098a03d4dbde3db39ee8c24b205a95942a,1003,double,552,FALSE,FALSE,FALSE,FALSE,FALSE,FALSE,FALSE,FALSE,5af7169f9d20a77a6f06236647a66be1493d6e155163c245a466bda43242d0e7,6a2baa27cd05157233063b825243be4bdf1a2dbc88db2a6cdfd0b2527b28716b
candidate,5,13,1000000,int,TRUE,add_scalar,double,ordinary,3,647,0.170000000000002,0.170999999999999,a05775d63d44cef2dc1fafd0012e87fb382790e3551020edeb65dba214805f6a,256764253c19afe4b22c7738fb2f83098a03d4dbde3db39ee8c24b205a95942a,1003,,0,FALSE,FALSE,FALSE,FALSE,FALSE,FALSE,FALSE,FALSE,5af7169f9d20a77a6f06236647a66be1493d6e155163c245a466bda43242d0e7,6a2baa27cd05157233063b825243be4bdf1a2dbc88db2a6cdfd0b2527b28716b
candidate,5,14,1000000,int,TRUE,subtract_scalar,double,typed_double,1,569,0.151,0.152000000000001,0834dd898be45a06c2b25b69b1eaac5c18492a3f92f29fe34d2ee1bca21c6c24,256764253c19afe4b22c7738fb2f83098a03d4dbde3db39ee8c24b205a95942a,1003,double,569,FALSE,FALSE,FALSE,FALSE,FALSE,FALSE,FALSE,FALSE,5af7169f9d20a77a6f06236647a66be1493d6e155163c245a466bda43242d0e7,6a2baa27cd05157233063b825243be4bdf1a2dbc88db2a6cdfd0b2527b28716b
candidate,5,14,1000000,int,TRUE,subtract_scalar,double,ordinary,2,625,0.164999999999999,0.164999999999999,66c6c50fe1b9ab56178355238f6fb6b10837cc4c6935acaf14868f2895baa864,256764253c19afe4b22c7738fb2f83098a03d4dbde3db39ee8c24b205a95942a,1003,,0,FALSE,FALSE,FALSE,FALSE,FALSE,FALSE,FALSE,FALSE,5af7169f9d20a77a6f06236647a66be1493d6e155163c245a466bda43242d0e7,6a2baa27cd05157233063b825243be4bdf1a2dbc88db2a6cdfd0b2527b28716b
candidate,5,14,1000000,int,TRUE,subtract_scalar,double,compact,3,521,0.149999999999999,0.149999999999999,d1a2fd6c5ab8d0e4a10c61dbb097a7ab3009923cb6ed72a793f42244b3f68ec6,256764253c19afe4b22c7738fb2f83098a03d4dbde3db39ee8c24b205a95942a,1003,float,521,TRUE,TRUE,FALSE,FALSE,FALSE,FALSE,FALSE,FALSE,5af7169f9d20a77a6f06236647a66be1493d6e155163c245a466bda43242d0e7,6a2baa27cd05157233063b825243be4bdf1a2dbc88db2a6cdfd0b2527b28716b
candidate,5,15,1000000,int,TRUE,reverse_subtract,double,ordinary,1,625,0.150000000000001,0.148999999999997,eeadc1ac8a182c5e9ac0af8ed545484b93cc60cd2781d423e67e76b038bbb02f,256764253c19afe4b22c7738fb2f83098a03d4dbde3db39ee8c24b205a95942a,1003,,0,FALSE,FALSE,FALSE,FALSE,FALSE,FALSE,FALSE,FALSE,5af7169f9d20a77a6f06236647a66be1493d6e155163c245a466bda43242d0e7,6a2baa27cd05157233063b825243be4bdf1a2dbc88db2a6cdfd0b2527b28716b
candidate,5,15,1000000,int,TRUE,reverse_subtract,double,compact,2,521,0.149000000000001,0.150000000000002,ce55a919f3651ad54050585ceac6df58ade9a7234536c53b2e30cf24dc97456a,256764253c19afe4b22c7738fb2f83098a03d4dbde3db39ee8c24b205a95942a,1003,float,521,TRUE,TRUE,FALSE,FALSE,FALSE,FALSE,FALSE,FALSE,5af7169f9d20a77a6f06236647a66be1493d6e155163c245a466bda43242d0e7,6a2baa27cd05157233063b825243be4bdf1a2dbc88db2a6cdfd0b2527b28716b
candidate,5,15,1000000,int,TRUE,reverse_subtract,double,typed_double,3,569,0.152000000000001,0.152000000000001,7772556aaab7540c9cbc83fbef93b5ce837a74b5f0bfbf9f4d7e1d6c2f9d6aca,256764253c19afe4b22c7738fb2f83098a03d4dbde3db39ee8c24b205a95942a,1003,double,569,FALSE,FALSE,FALSE,FALSE,FALSE,FALSE,FALSE,FALSE,5af7169f9d20a77a6f06236647a66be1493d6e155163c245a466bda43242d0e7,6a2baa27cd05157233063b825243be4bdf1a2dbc88db2a6cdfd0b2527b28716b
candidate,5,16,1000000,int,TRUE,reverse_divide,double,compact,1,229,0.152,0.151,8e2880166f67afb3324288a562f812ea1ac87aa63f348f9c4373df1017394a64,e18be1b0e89b4a0c64a4b1d8acff45284e54d26e14e2d4cbb5f3b282ba9e2bbf,1103,float,229,TRUE,TRUE,FALSE,FALSE,FALSE,FALSE,FALSE,FALSE,5af7169f9d20a77a6f06236647a66be1493d6e155163c245a466bda43242d0e7,6a2baa27cd05157233063b825243be4bdf1a2dbc88db2a6cdfd0b2527b28716b
candidate,5,16,1000000,int,TRUE,reverse_divide,double,typed_double,2,521,0.150000000000002,0.149999999999999,46c9fedb1b90dde4d28d485b133b143f17d4c7ef7b2ba3baae533c5a3d0656ea,e18be1b0e89b4a0c64a4b1d8acff45284e54d26e14e2d4cbb5f3b282ba9e2bbf,1103,double,521,FALSE,FALSE,FALSE,FALSE,FALSE,FALSE,FALSE,FALSE,5af7169f9d20a77a6f06236647a66be1493d6e155163c245a466bda43242d0e7,6a2baa27cd05157233063b825243be4bdf1a2dbc88db2a6cdfd0b2527b28716b
candidate,5,16,1000000,int,TRUE,reverse_divide,double,ordinary,3,626,0.167000000000002,0.166999999999998,5919a3b9c611a609b75579ae435ea59e6a6602e36aae9ea52a62df3f56ed00e9,256764253c19afe4b22c7738fb2f83098a03d4dbde3db39ee8c24b205a95942a,1003,,0,FALSE,FALSE,FALSE,FALSE,FALSE,FALSE,FALSE,FALSE,5af7169f9d20a77a6f06236647a66be1493d6e155163c245a466bda43242d0e7,6a2baa27cd05157233063b825243be4bdf1a2dbc88db2a6cdfd0b2527b28716b
candidate,5,17,1000000,int,TRUE,mixed_add,float,typed_double,1,494,0.152999999999999,0.154,087fb12a32e314d333c4287225113c3c6e3a135a9c18c162b3b5753b80f4350c,d842a810a046337b5363ff7dafdaa01aa4553912ce2afa4ee95c617158d8e0e7,2011,double,494,FALSE,FALSE,FALSE,FALSE,FALSE,FALSE,FALSE,FALSE,5af7169f9d20a77a6f06236647a66be1493d6e155163c245a466bda43242d0e7,6a2baa27cd05157233063b825243be4bdf1a2dbc88db2a6cdfd0b2527b28716b
candidate,5,17,1000000,int,TRUE,mixed_add,float,ordinary,2,605,0.171000000000002,0.169999999999998,ea5ac2e3896755c3d5082b83561d8673bb4f0147a7690b804a8d74cecbeda4c1,d842a810a046337b5363ff7dafdaa01aa4553912ce2afa4ee95c617158d8e0e7,2011,,0,FALSE,FALSE,FALSE,FALSE,FALSE,FALSE,FALSE,FALSE,5af7169f9d20a77a6f06236647a66be1493d6e155163c245a466bda43242d0e7,6a2baa27cd05157233063b825243be4bdf1a2dbc88db2a6cdfd0b2527b28716b
candidate,5,17,1000000,int,TRUE,mixed_add,float,compact,3,174,0.150999999999999,0.151,087fb12a32e314d333c4287225113c3c6e3a135a9c18c162b3b5753b80f4350c,d842a810a046337b5363ff7dafdaa01aa4553912ce2afa4ee95c617158d8e0e7,2011,float,174,TRUE,TRUE,FALSE,FALSE,TRUE,TRUE,FALSE,FALSE,5af7169f9d20a77a6f06236647a66be1493d6e155163c245a466bda43242d0e7,6a2baa27cd05157233063b825243be4bdf1a2dbc88db2a6cdfd0b2527b28716b
candidate,5,18,1000000,int,TRUE,mixed_multiply,float,ordinary,1,605,0.171999999999999,0.170999999999999,4e15a12f73c542a9193d69c8d13f89eb8b7adf975c41c2fdf2ef19e40aa99344,d842a810a046337b5363ff7dafdaa01aa4553912ce2afa4ee95c617158d8e0e7,2011,,0,FALSE,FALSE,FALSE,FALSE,FALSE,FALSE,FALSE,FALSE,5af7169f9d20a77a6f06236647a66be1493d6e155163c245a466bda43242d0e7,6a2baa27cd05157233063b825243be4bdf1a2dbc88db2a6cdfd0b2527b28716b
candidate,5,18,1000000,int,TRUE,mixed_multiply,float,compact,2,174,0.151,0.151,567cb444c88381ecb7601b5374668c9d2a719ee733326a0fd33b4e0cf98f607d,d842a810a046337b5363ff7dafdaa01aa4553912ce2afa4ee95c617158d8e0e7,2011,float,174,TRUE,TRUE,FALSE,FALSE,TRUE,TRUE,FALSE,FALSE,5af7169f9d20a77a6f06236647a66be1493d6e155163c245a466bda43242d0e7,6a2baa27cd05157233063b825243be4bdf1a2dbc88db2a6cdfd0b2527b28716b
candidate,5,18,1000000,int,TRUE,mixed_multiply,float,typed_double,3,481,0.165000000000003,0.164999999999999,567cb444c88381ecb7601b5374668c9d2a719ee733326a0fd33b4e0cf98f607d,d842a810a046337b5363ff7dafdaa01aa4553912ce2afa4ee95c617158d8e0e7,2011,double,481,FALSE,FALSE,FALSE,FALSE,FALSE,FALSE,FALSE,FALSE,5af7169f9d20a77a6f06236647a66be1493d6e155163c245a466bda43242d0e7,6a2baa27cd05157233063b825243be4bdf1a2dbc88db2a6cdfd0b2527b28716b
candidate,5,19,1000000,float,FALSE,scale_binary,double,compact,1,469,0.153000000000001,0.152000000000001,5e4cb543f32269b2c2218b394ad1c41d44f6b32b3f8be7d200655b3b7d11f177,6506614505e113daab08b3f894ca46d4d61867c7b007c413b47a669abe8aae67,0,float,469,TRUE,TRUE,FALSE,FALSE,FALSE,FALSE,FALSE,FALSE,7f1c1a27229f7a699fa85ff90b5be1266497c462407b39b11f6d94015af8e8ad,31d3575e77d9d04b75880bca9e10dbd0e13e61d21795052921dd3f702d909dd7
candidate,5,19,1000000,float,FALSE,scale_binary,double,typed_double,2,569,0.176000000000002,0.175999999999998,5e4cb543f32269b2c2218b394ad1c41d44f6b32b3f8be7d200655b3b7d11f177,6506614505e113daab08b3f894ca46d4d61867c7b007c413b47a669abe8aae67,0,double,569,FALSE,FALSE,FALSE,FALSE,FALSE,FALSE,FALSE,FALSE,7f1c1a27229f7a699fa85ff90b5be1266497c462407b39b11f6d94015af8e8ad,31d3575e77d9d04b75880bca9e10dbd0e13e61d21795052921dd3f702d909dd7
candidate,5,19,1000000,float,FALSE,scale_binary,double,ordinary,3,647,0.155000000000001,0.155000000000001,5e4cb543f32269b2c2218b394ad1c41d44f6b32b3f8be7d200655b3b7d11f177,6506614505e113daab08b3f894ca46d4d61867c7b007c413b47a669abe8aae67,0,,0,FALSE,FALSE,FALSE,FALSE,FALSE,FALSE,FALSE,FALSE,7f1c1a27229f7a699fa85ff90b5be1266497c462407b39b11f6d94015af8e8ad,31d3575e77d9d04b75880bca9e10dbd0e13e61d21795052921dd3f702d909dd7
candidate,5,20,1000000,float,FALSE,scale_general,double,typed_double,1,569,0.167999999999999,0.167999999999999,f26b519d09797e4f4941392e4b52f307c71832f0aaad54da617e9078fe055e1c,6506614505e113daab08b3f894ca46d4d61867c7b007c413b47a669abe8aae67,0,double,569,FALSE,FALSE,FALSE,FALSE,FALSE,FALSE,FALSE,FALSE,7f1c1a27229f7a699fa85ff90b5be1266497c462407b39b11f6d94015af8e8ad,31d3575e77d9d04b75880bca9e10dbd0e13e61d21795052921dd3f702d909dd7
candidate,5,20,1000000,float,FALSE,scale_general,double,ordinary,2,626,0.149999999999999,0.151000000000003,f26b519d09797e4f4941392e4b52f307c71832f0aaad54da617e9078fe055e1c,6506614505e113daab08b3f894ca46d4d61867c7b007c413b47a669abe8aae67,0,,0,FALSE,FALSE,FALSE,FALSE,FALSE,FALSE,FALSE,FALSE,7f1c1a27229f7a699fa85ff90b5be1266497c462407b39b11f6d94015af8e8ad,31d3575e77d9d04b75880bca9e10dbd0e13e61d21795052921dd3f702d909dd7
candidate,5,20,1000000,float,FALSE,scale_general,double,compact,3,361,0.150999999999999,0.149999999999999,72cc5cf98cf5a5166668db2e8420adb3bc862ec1b003fbdd7aeb0a9746f22870,6506614505e113daab08b3f894ca46d4d61867c7b007c413b47a669abe8aae67,0,float,361,TRUE,TRUE,FALSE,FALSE,FALSE,FALSE,FALSE,FALSE,7f1c1a27229f7a699fa85ff90b5be1266497c462407b39b11f6d94015af8e8ad,31d3575e77d9d04b75880bca9e10dbd0e13e61d21795052921dd3f702d909dd7
candidate,5,21,1000000,float,FALSE,pair_compact_double,double,ordinary,1,605,0.169000000000004,0.170000000000002,d0adc5c3f77a8c464e25cdf403e40486acf05d6b089dad00367eb8620a0a608e,6506614505e113daab08b3f894ca46d4d61867c7b007c413b47a669abe8aae67,0,,0,FALSE,FALSE,FALSE,FALSE,FALSE,FALSE,FALSE,FALSE,7f1c1a27229f7a699fa85ff90b5be1266497c462407b39b11f6d94015af8e8ad,31d3575e77d9d04b75880bca9e10dbd0e13e61d21795052921dd3f702d909dd7
candidate,5,21,1000000,float,FALSE,pair_compact_double,double,compact,2,494,0.152999999999999,0.152999999999999,d0adc5c3f77a8c464e25cdf403e40486acf05d6b089dad00367eb8620a0a608e,6506614505e113daab08b3f894ca46d4d61867c7b007c413b47a669abe8aae67,0,double,494,TRUE,TRUE,FALSE,FALSE,FALSE,FALSE,FALSE,FALSE,7f1c1a27229f7a699fa85ff90b5be1266497c462407b39b11f6d94015af8e8ad,31d3575e77d9d04b75880bca9e10dbd0e13e61d21795052921dd3f702d909dd7
candidate,5,21,1000000,float,FALSE,pair_compact_double,double,typed_double,3,481,0.146999999999998,0.148000000000003,d0adc5c3f77a8c464e25cdf403e40486acf05d6b089dad00367eb8620a0a608e,6506614505e113daab08b3f894ca46d4d61867c7b007c413b47a669abe8aae67,0,double,481,FALSE,FALSE,FALSE,FALSE,FALSE,FALSE,FALSE,FALSE,7f1c1a27229f7a699fa85ff90b5be1266497c462407b39b11f6d94015af8e8ad,31d3575e77d9d04b75880bca9e10dbd0e13e61d21795052921dd3f702d909dd7
candidate,5,22,1000000,float,FALSE,add_scalar,double,compact,1,361,0.149000000000001,0.149999999999999,6f4e6deefcbd4cb8847d97ac43d7047c827b45b8a7d41e59355544434442b07b,6506614505e113daab08b3f894ca46d4d61867c7b007c413b47a669abe8aae67,0,float,361,TRUE,TRUE,FALSE,FALSE,FALSE,FALSE,FALSE,FALSE,7f1c1a27229f7a699fa85ff90b5be1266497c462407b39b11f6d94015af8e8ad,31d3575e77d9d04b75880bca9e10dbd0e13e61d21795052921dd3f702d909dd7
candidate,5,22,1000000,float,FALSE,add_scalar,double,typed_double,2,569,0.152000000000003,0.150999999999996,292e89d47e6240bb2914ef7ad37d7e757276712199771e9df56100a008a8cb8c,6506614505e113daab08b3f894ca46d4d61867c7b007c413b47a669abe8aae67,0,double,569,FALSE,FALSE,FALSE,FALSE,FALSE,FALSE,FALSE,FALSE,7f1c1a27229f7a699fa85ff90b5be1266497c462407b39b11f6d94015af8e8ad,31d3575e77d9d04b75880bca9e10dbd0e13e61d21795052921dd3f702d909dd7
candidate,5,22,1000000,float,FALSE,add_scalar,double,ordinary,3,625,0.167000000000002,0.167999999999999,292e89d47e6240bb2914ef7ad37d7e757276712199771e9df56100a008a8cb8c,6506614505e113daab08b3f894ca46d4d61867c7b007c413b47a669abe8aae67,0,,0,FALSE,FALSE,FALSE,FALSE,FALSE,FALSE,FALSE,FALSE,7f1c1a27229f7a699fa85ff90b5be1266497c462407b39b11f6d94015af8e8ad,31d3575e77d9d04b75880bca9e10dbd0e13e61d21795052921dd3f702d909dd7
candidate,5,23,1000000,float,FALSE,subtract_scalar,double,typed_double,1,552,0.164999999999999,0.164999999999999,13a3239df0a7d9c4766e9cb1022fe126007afc38c9539ef233ed4bf785d961fa,6506614505e113daab08b3f894ca46d4d61867c7b007c413b47a669abe8aae67,0,double,552,FALSE,FALSE,FALSE,FALSE,FALSE,FALSE,FALSE,FALSE,7f1c1a27229f7a699fa85ff90b5be1266497c462407b39b11f6d94015af8e8ad,31d3575e77d9d04b75880bca9e10dbd0e13e61d21795052921dd3f702d909dd7
candidate,5,23,1000000,float,FALSE,subtract_scalar,double,ordinary,2,625,0.168999999999999,0.167999999999999,13a3239df0a7d9c4766e9cb1022fe126007afc38c9539ef233ed4bf785d961fa,6506614505e113daab08b3f894ca46d4d61867c7b007c413b47a669abe8aae67,0,,0,FALSE,FALSE,FALSE,FALSE,FALSE,FALSE,FALSE,FALSE,7f1c1a27229f7a699fa85ff90b5be1266497c462407b39b11f6d94015af8e8ad,31d3575e77d9d04b75880bca9e10dbd0e13e61d21795052921dd3f702d909dd7
candidate,5,23,1000000,float,FALSE,subtract_scalar,double,compact,3,361,0.149999999999999,0.151000000000003,73750801b993e37ef9c262c8c6c20433be5d4f8f21bfd0757cae3f70c74eda3f,6506614505e113daab08b3f894ca46d4d61867c7b007c413b47a669abe8aae67,0,float,361,TRUE,TRUE,FALSE,FALSE,FALSE,FALSE,FALSE,FALSE,7f1c1a27229f7a699fa85ff90b5be1266497c462407b39b11f6d94015af8e8ad,31d3575e77d9d04b75880bca9e10dbd0e13e61d21795052921dd3f702d909dd7
candidate,5,24,1000000,float,FALSE,reverse_subtract,double,ordinary,1,625,0.152000000000001,0.152999999999999,391f82ff13066d79bb9813a2dd5b66c086c00b72de2d0e201e0f4f7b85274c2e,6506614505e113daab08b3f894ca46d4d61867c7b007c413b47a669abe8aae67,0,,0,FALSE,FALSE,FALSE,FALSE,FALSE,FALSE,FALSE,FALSE,7f1c1a27229f7a699fa85ff90b5be1266497c462407b39b11f6d94015af8e8ad,31d3575e77d9d04b75880bca9e10dbd0e13e61d21795052921dd3f702d909dd7
candidate,5,24,1000000,float,FALSE,reverse_subtract,double,compact,2,361,0.151000000000006,0.149999999999999,8505db92c32dc0b74614f948c8784986a3d42738b9f7afa126ec04569b48eaee,6506614505e113daab08b3f894ca46d4d61867c7b007c413b47a669abe8aae67,0,float,361,TRUE,TRUE,FALSE,FALSE,FALSE,FALSE,FALSE,FALSE,7f1c1a27229f7a699fa85ff90b5be1266497c462407b39b11f6d94015af8e8ad,31d3575e77d9d04b75880bca9e10dbd0e13e61d21795052921dd3f702d909dd7
candidate,5,24,1000000,float,FALSE,reverse_subtract,double,typed_double,3,552,0.150000000000006,0.150000000000006,391f82ff13066d79bb9813a2dd5b66c086c00b72de2d0e201e0f4f7b85274c2e,6506614505e113daab08b3f894ca46d4d61867c7b007c413b47a669abe8aae67,0,double,552,FALSE,FALSE,FALSE,FALSE,FALSE,FALSE,FALSE,FALSE,7f1c1a27229f7a699fa85ff90b5be1266497c462407b39b11f6d94015af8e8ad,31d3575e77d9d04b75880bca9e10dbd0e13e61d21795052921dd3f702d909dd7
candidate,5,25,1000000,float,FALSE,reverse_divide,double,compact,1,298,0.149999999999999,0.149999999999999,00373f8d5dc76e6b2961c6a8330b8894595f6e122b305a6913901d94ac47d968,8dca1eb700a45aaace59ea0c206000bfb6345887d8c82d9a5f1f6a86211aeab4,100,float,298,TRUE,TRUE,FALSE,FALSE,FALSE,FALSE,FALSE,FALSE,7f1c1a27229f7a699fa85ff90b5be1266497c462407b39b11f6d94015af8e8ad,31d3575e77d9d04b75880bca9e10dbd0e13e61d21795052921dd3f702d909dd7
candidate,5,25,1000000,float,FALSE,reverse_divide,double,typed_double,2,376,0.109999999999999,0.109999999999999,15a9dee60e7ad6b7bfec0a17ebb879c1d0b34de12d63f490ed9b30d95ad74ac9,8dca1eb700a45aaace59ea0c206000bfb6345887d8c82d9a5f1f6a86211aeab4,100,double,376,FALSE,FALSE,FALSE,FALSE,FALSE,FALSE,FALSE,FALSE,7f1c1a27229f7a699fa85ff90b5be1266497c462407b39b11f6d94015af8e8ad,31d3575e77d9d04b75880bca9e10dbd0e13e61d21795052921dd3f702d909dd7
candidate,5,25,1000000,float,FALSE,reverse_divide,double,ordinary,3,647,0.156999999999996,0.157999999999994,c250debf3d2a27908112bc09ce59d257ab86068363b108d2b491520e8193453e,6506614505e113daab08b3f894ca46d4d61867c7b007c413b47a669abe8aae67,0,,0,FALSE,FALSE,FALSE,FALSE,FALSE,FALSE,FALSE,FALSE,7f1c1a27229f7a699fa85ff90b5be1266497c462407b39b11f6d94015af8e8ad,31d3575e77d9d04b75880bca9e10dbd0e13e61d21795052921dd3f702d909dd7
candidate,5,26,1000000,float,TRUE,scale_binary,double,typed_double,1,569,0.152999999999999,0.153999999999996,c2d92a8e75010c0ddb80329b9ca6cc4898ca1d4543392f8c8382c3fbfeeb5b4b,256764253c19afe4b22c7738fb2f83098a03d4dbde3db39ee8c24b205a95942a,1003,double,569,FALSE,FALSE,FALSE,FALSE,FALSE,FALSE,FALSE,FALSE,ee8f1f1d17d164fc3d811ad86cc889d11c328f41d3cd55762069bc2161e48c9f,6a2baa27cd05157233063b825243be4bdf1a2dbc88db2a6cdfd0b2527b28716b
candidate,5,26,1000000,float,TRUE,scale_binary,double,ordinary,2,625,0.166999999999997,0.164999999999999,21fac45dcda0cbc0ba9e1f553d3be3fedd245b921d5e2e4497a8d64f1e038117,256764253c19afe4b22c7738fb2f83098a03d4dbde3db39ee8c24b205a95942a,1003,,0,FALSE,FALSE,FALSE,FALSE,FALSE,FALSE,FALSE,FALSE,ee8f1f1d17d164fc3d811ad86cc889d11c328f41d3cd55762069bc2161e48c9f,6a2baa27cd05157233063b825243be4bdf1a2dbc88db2a6cdfd0b2527b28716b
candidate,5,26,1000000,float,TRUE,scale_binary,double,compact,3,458,0.150000000000001,0.149000000000001,c2d92a8e75010c0ddb80329b9ca6cc4898ca1d4543392f8c8382c3fbfeeb5b4b,256764253c19afe4b22c7738fb2f83098a03d4dbde3db39ee8c24b205a95942a,1003,float,458,TRUE,TRUE,FALSE,FALSE,FALSE,FALSE,FALSE,FALSE,ee8f1f1d17d164fc3d811ad86cc889d11c328f41d3cd55762069bc2161e48c9f,6a2baa27cd05157233063b825243be4bdf1a2dbc88db2a6cdfd0b2527b28716b
candidate,5,27,1000000,float,TRUE,scale_general,double,ordinary,1,625,0.167000000000004,0.167000000000002,8100d028390097d4a98b44ea0ff4cb617c6204331b80e5c7870832582030541c,256764253c19afe4b22c7738fb2f83098a03d4dbde3db39ee8c24b205a95942a,1003,,0,FALSE,FALSE,FALSE,FALSE,FALSE,FALSE,FALSE,FALSE,ee8f1f1d17d164fc3d811ad86cc889d11c328f41d3cd55762069bc2161e48c9f,6a2baa27cd05157233063b825243be4bdf1a2dbc88db2a6cdfd0b2527b28716b
candidate,5,27,1000000,float,TRUE,scale_general,double,compact,2,272,0.148000000000006,0.147999999999996,c58bc992720c328eca610e60f8c3f93d7d61df77946cf51b8626b0d8b78368ef,256764253c19afe4b22c7738fb2f83098a03d4dbde3db39ee8c24b205a95942a,1003,float,272,TRUE,TRUE,FALSE,FALSE,FALSE,FALSE,FALSE,FALSE,ee8f1f1d17d164fc3d811ad86cc889d11c328f41d3cd55762069bc2161e48c9f,6a2baa27cd05157233063b825243be4bdf1a2dbc88db2a6cdfd0b2527b28716b
candidate,5,27,1000000,float,TRUE,scale_general,double,typed_double,3,569,0.154000000000003,0.153999999999996,ea87b3dd63bfda18195aef508608398181a11f876a570f6017c0c100c3497f49,256764253c19afe4b22c7738fb2f83098a03d4dbde3db39ee8c24b205a95942a,1003,double,569,FALSE,FALSE,FALSE,FALSE,FALSE,FALSE,FALSE,FALSE,ee8f1f1d17d164fc3d811ad86cc889d11c328f41d3cd55762069bc2161e48c9f,6a2baa27cd05157233063b825243be4bdf1a2dbc88db2a6cdfd0b2527b28716b
candidate,5,28,1000000,float,TRUE,pair_compact_double,double,compact,1,324,0.164999999999999,0.164999999999999,9778eddf855170d4c4702501b5240fa491a475187859f9e29c120edb42c46621,d842a810a046337b5363ff7dafdaa01aa4553912ce2afa4ee95c617158d8e0e7,2011,double,324,TRUE,TRUE,FALSE,FALSE,FALSE,FALSE,FALSE,FALSE,ee8f1f1d17d164fc3d811ad86cc889d11c328f41d3cd55762069bc2161e48c9f,6a2baa27cd05157233063b825243be4bdf1a2dbc88db2a6cdfd0b2527b28716b
candidate,5,28,1000000,float,TRUE,pair_compact_double,double,typed_double,2,494,0.153000000000001,0.152999999999999,9778eddf855170d4c4702501b5240fa491a475187859f9e29c120edb42c46621,d842a810a046337b5363ff7dafdaa01aa4553912ce2afa4ee95c617158d8e0e7,2011,double,494,FALSE,FALSE,FALSE,FALSE,FALSE,FALSE,FALSE,FALSE,ee8f1f1d17d164fc3d811ad86cc889d11c328f41d3cd55762069bc2161e48c9f,6a2baa27cd05157233063b825243be4bdf1a2dbc88db2a6cdfd0b2527b28716b
candidate,5,28,1000000,float,TRUE,pair_compact_double,double,ordinary,3,586,0.149000000000001,0.149000000000001,d8927aedee8fcfee16a2d8b73448110e471dbaa24a570b3a223eaaa8fa336e58,d842a810a046337b5363ff7dafdaa01aa4553912ce2afa4ee95c617158d8e0e7,2011,,0,FALSE,FALSE,FALSE,FALSE,FALSE,FALSE,FALSE,FALSE,ee8f1f1d17d164fc3d811ad86cc889d11c328f41d3cd55762069bc2161e48c9f,6a2baa27cd05157233063b825243be4bdf1a2dbc88db2a6cdfd0b2527b28716b
candidate,5,29,1000000,float,TRUE,add_scalar,double,typed_double,1,552,0.147000000000006,0.148999999999994,c79c2ec291260c6f8d03c327d90d493416937a3f3bc9b85742b51e17a8fb7647,256764253c19afe4b22c7738fb2f83098a03d4dbde3db39ee8c24b205a95942a,1003,double,552,FALSE,FALSE,FALSE,FALSE,FALSE,FALSE,FALSE,FALSE,ee8f1f1d17d164fc3d811ad86cc889d11c328f41d3cd55762069bc2161e48c9f,6a2baa27cd05157233063b825243be4bdf1a2dbc88db2a6cdfd0b2527b28716b
candidate,5,29,1000000,float,TRUE,add_scalar,double,ordinary,2,647,0.172000000000004,0.171999999999997,eea8177113c0d60b0ac4b300317d7673334b9c1e86f37a3c57e9519b022f9d21,256764253c19afe4b22c7738fb2f83098a03d4dbde3db39ee8c24b205a95942a,1003,,0,FALSE,FALSE,FALSE,FALSE,FALSE,FALSE,FALSE,FALSE,ee8f1f1d17d164fc3d811ad86cc889d11c328f41d3cd55762069bc2161e48c9f,6a2baa27cd05157233063b825243be4bdf1a2dbc88db2a6cdfd0b2527b28716b
candidate,5,29,1000000,float,TRUE,add_scalar,double,compact,3,280,0.151000000000003,0.151000000000003,9c2be51cd37c2d7977f794fada049c7c9ccc4011c9f81b26e042008f01cdd93e,256764253c19afe4b22c7738fb2f83098a03d4dbde3db39ee8c24b205a95942a,1003,float,280,TRUE,TRUE,FALSE,FALSE,FALSE,FALSE,FALSE,FALSE,ee8f1f1d17d164fc3d811ad86cc889d11c328f41d3cd55762069bc2161e48c9f,6a2baa27cd05157233063b825243be4bdf1a2dbc88db2a6cdfd0b2527b28716b
candidate,5,30,1000000,float,TRUE,subtract_scalar,double,ordinary,1,626,0.150999999999999,0.149999999999999,6c2a6fd31fe3ea0da9f40037c0de77776efc81cd73d193a8ace88fee2b5b635c,256764253c19afe4b22c7738fb2f83098a03d4dbde3db39ee8c24b205a95942a,1003,,0,FALSE,FALSE,FALSE,FALSE,FALSE,FALSE,FALSE,FALSE,ee8f1f1d17d164fc3d811ad86cc889d11c328f41d3cd55762069bc2161e48c9f,6a2baa27cd05157233063b825243be4bdf1a2dbc88db2a6cdfd0b2527b28716b
candidate,5,30,1000000,float,TRUE,subtract_scalar,double,compact,2,280,0.151999999999996,0.152000000000001,7125e60e6e7d4c92d9ed561efe37cfccac1593072e770a4f8d2a58f04113d3ae,256764253c19afe4b22c7738fb2f83098a03d4dbde3db39ee8c24b205a95942a,1003,float,280,TRUE,TRUE,FALSE,FALSE,FALSE,FALSE,FALSE,FALSE,ee8f1f1d17d164fc3d811ad86cc889d11c328f41d3cd55762069bc2161e48c9f,6a2baa27cd05157233063b825243be4bdf1a2dbc88db2a6cdfd0b2527b28716b
candidate,5,30,1000000,float,TRUE,subtract_scalar,double,typed_double,3,569,0.169000000000004,0.167999999999999,5dbef6a14bd33ea02b60ee3c940050585fc891f61a49d29253c64524c4390951,256764253c19afe4b22c7738fb2f83098a03d4dbde3db39ee8c24b205a95942a,1003,double,569,FALSE,FALSE,FALSE,FALSE,FALSE,FALSE,FALSE,FALSE,ee8f1f1d17d164fc3d811ad86cc889d11c328f41d3cd55762069bc2161e48c9f,6a2baa27cd05157233063b825243be4bdf1a2dbc88db2a6cdfd0b2527b28716b
candidate,5,31,1000000,float,TRUE,reverse_subtract,double,compact,1,276,0.149000000000001,0.149999999999999,dad17b9a33695dc668a39e44c085af08afb1a2c7d0c49d2f0b645e18b67308a7,256764253c19afe4b22c7738fb2f83098a03d4dbde3db39ee8c24b205a95942a,1003,float,276,TRUE,TRUE,FALSE,FALSE,FALSE,FALSE,FALSE,FALSE,ee8f1f1d17d164fc3d811ad86cc889d11c328f41d3cd55762069bc2161e48c9f,6a2baa27cd05157233063b825243be4bdf1a2dbc88db2a6cdfd0b2527b28716b
candidate,5,31,1000000,float,TRUE,reverse_subtract,double,typed_double,2,569,0.151000000000003,0.152000000000001,e3656220b598004f8cce68737d35a090279632fb58c8ef4b30d6940c65beb9cb,256764253c19afe4b22c7738fb2f83098a03d4dbde3db39ee8c24b205a95942a,1003,double,569,FALSE,FALSE,FALSE,FALSE,FALSE,FALSE,FALSE,FALSE,ee8f1f1d17d164fc3d811ad86cc889d11c328f41d3cd55762069bc2161e48c9f,6a2baa27cd05157233063b825243be4bdf1a2dbc88db2a6cdfd0b2527b28716b
candidate,5,31,1000000,float,TRUE,reverse_subtract,double,ordinary,3,647,0.170000000000002,0.170000000000002,96030f5d24b08e1ab9b8a2ffa4e31e33a89cd6cbabe88555e164d01758947f47,256764253c19afe4b22c7738fb2f83098a03d4dbde3db39ee8c24b205a95942a,1003,,0,FALSE,FALSE,FALSE,FALSE,FALSE,FALSE,FALSE,FALSE,ee8f1f1d17d164fc3d811ad86cc889d11c328f41d3cd55762069bc2161e48c9f,6a2baa27cd05157233063b825243be4bdf1a2dbc88db2a6cdfd0b2527b28716b
candidate,5,32,1000000,float,TRUE,reverse_divide,double,typed_double,1,521,0.149999999999999,0.151000000000003,27389f6d40427639c8a912484d0249b1c9fab719ac17ee977d76419105918595,e18be1b0e89b4a0c64a4b1d8acff45284e54d26e14e2d4cbb5f3b282ba9e2bbf,1103,double,521,FALSE,FALSE,FALSE,FALSE,FALSE,FALSE,FALSE,FALSE,ee8f1f1d17d164fc3d811ad86cc889d11c328f41d3cd55762069bc2161e48c9f,6a2baa27cd05157233063b825243be4bdf1a2dbc88db2a6cdfd0b2527b28716b
candidate,5,32,1000000,float,TRUE,reverse_divide,double,ordinary,2,626,0.169000000000004,0.167999999999999,53731942d799d1e23d351c412d455100c092173e72bb3ad15061a952b94a6c1e,256764253c19afe4b22c7738fb2f83098a03d4dbde3db39ee8c24b205a95942a,1003,,0,FALSE,FALSE,FALSE,FALSE,FALSE,FALSE,FALSE,FALSE,ee8f1f1d17d164fc3d811ad86cc889d11c328f41d3cd55762069bc2161e48c9f,6a2baa27cd05157233063b825243be4bdf1a2dbc88db2a6cdfd0b2527b28716b
candidate,5,32,1000000,float,TRUE,reverse_divide,double,compact,3,211,0.148999999999994,0.149000000000001,fd1eff5142c284b6c07eab1dafc2d8ac526155178019f828b5505195b8837d7f,e18be1b0e89b4a0c64a4b1d8acff45284e54d26e14e2d4cbb5f3b282ba9e2bbf,1103,float,211,TRUE,TRUE,FALSE,FALSE,FALSE,FALSE,FALSE,FALSE,ee8f1f1d17d164fc3d811ad86cc889d11c328f41d3cd55762069bc2161e48c9f,6a2baa27cd05157233063b825243be4bdf1a2dbc88db2a6cdfd0b2527b28716b
candidate,5,33,1000000,long,FALSE,long_float_add,float,ordinary,1,605,0.173000000000004,0.172000000000004,5865d7f437b5487c8061f7274c6507b7ec0fc76362cd655e9259ebb78a28f057,6506614505e113daab08b3f894ca46d4d61867c7b007c413b47a669abe8aae67,0,,0,FALSE,FALSE,FALSE,FALSE,FALSE,FALSE,FALSE,FALSE,8937acbbe87ff127e6567f97e52c6a17dbe3ea7052a39a3b76abe25c8e7eeb13,31d3575e77d9d04b75880bca9e10dbd0e13e61d21795052921dd3f702d909dd7
candidate,5,33,1000000,long,FALSE,long_float_add,float,compact,2,361,0.151999999999996,0.152000000000001,5865d7f437b5487c8061f7274c6507b7ec0fc76362cd655e9259ebb78a28f057,6506614505e113daab08b3f894ca46d4d61867c7b007c413b47a669abe8aae67,0,double,361,TRUE,TRUE,FALSE,FALSE,TRUE,TRUE,FALSE,FALSE,8937acbbe87ff127e6567f97e52c6a17dbe3ea7052a39a3b76abe25c8e7eeb13,31d3575e77d9d04b75880bca9e10dbd0e13e61d21795052921dd3f702d909dd7
candidate,5,33,1000000,long,FALSE,long_float_add,float,typed_double,3,494,0.153000000000006,0.152999999999999,5865d7f437b5487c8061f7274c6507b7ec0fc76362cd655e9259ebb78a28f057,6506614505e113daab08b3f894ca46d4d61867c7b007c413b47a669abe8aae67,0,double,494,FALSE,FALSE,FALSE,FALSE,FALSE,FALSE,FALSE,FALSE,8937acbbe87ff127e6567f97e52c6a17dbe3ea7052a39a3b76abe25c8e7eeb13,31d3575e77d9d04b75880bca9e10dbd0e13e61d21795052921dd3f702d909dd7
candidate,5,34,1000000,long,TRUE,long_float_add,float,compact,1,261,0.149000000000001,0.149000000000001,087fb12a32e314d333c4287225113c3c6e3a135a9c18c162b3b5753b80f4350c,d842a810a046337b5363ff7dafdaa01aa4553912ce2afa4ee95c617158d8e0e7,2011,double,261,TRUE,TRUE,FALSE,FALSE,TRUE,TRUE,FALSE,FALSE,5af7169f9d20a77a6f06236647a66be1493d6e155163c245a466bda43242d0e7,6a2baa27cd05157233063b825243be4bdf1a2dbc88db2a6cdfd0b2527b28716b
candidate,5,34,1000000,long,TRUE,long_float_add,float,typed_double,2,481,0.164999999999999,0.164999999999999,087fb12a32e314d333c4287225113c3c6e3a135a9c18c162b3b5753b80f4350c,d842a810a046337b5363ff7dafdaa01aa4553912ce2afa4ee95c617158d8e0e7,2011,double,481,FALSE,FALSE,FALSE,FALSE,FALSE,FALSE,FALSE,FALSE,5af7169f9d20a77a6f06236647a66be1493d6e155163c245a466bda43242d0e7,6a2baa27cd05157233063b825243be4bdf1a2dbc88db2a6cdfd0b2527b28716b
candidate,5,34,1000000,long,TRUE,long_float_add,float,ordinary,3,605,0.153999999999999,0.153999999999996,ea5ac2e3896755c3d5082b83561d8673bb4f0147a7690b804a8d74cecbeda4c1,d842a810a046337b5363ff7dafdaa01aa4553912ce2afa4ee95c617158d8e0e7,2011,,0,FALSE,FALSE,FALSE,FALSE,FALSE,FALSE,FALSE,FALSE,5af7169f9d20a77a6f06236647a66be1493d6e155163c245a466bda43242d0e7,6a2baa27cd05157233063b825243be4bdf1a2dbc88db2a6cdfd0b2527b28716b
candidate,6,1,1000000,int,FALSE,scale_binary,double,compact,1,586,0.142,0.142,43cbc5fa02580f73a834cffb43a5ba0a0f4d7303cec536a2e3c58f1f469eb824,6506614505e113daab08b3f894ca46d4d61867c7b007c413b47a669abe8aae67,0,int,586,TRUE,TRUE,FALSE,FALSE,FALSE,FALSE,FALSE,FALSE,8937acbbe87ff127e6567f97e52c6a17dbe3ea7052a39a3b76abe25c8e7eeb13,31d3575e77d9d04b75880bca9e10dbd0e13e61d21795052921dd3f702d909dd7
candidate,6,1,1000000,int,FALSE,scale_binary,double,ordinary,2,605,0.168,0.168,43cbc5fa02580f73a834cffb43a5ba0a0f4d7303cec536a2e3c58f1f469eb824,6506614505e113daab08b3f894ca46d4d61867c7b007c413b47a669abe8aae67,0,,0,FALSE,FALSE,FALSE,FALSE,FALSE,FALSE,FALSE,FALSE,8937acbbe87ff127e6567f97e52c6a17dbe3ea7052a39a3b76abe25c8e7eeb13,31d3575e77d9d04b75880bca9e10dbd0e13e61d21795052921dd3f702d909dd7
candidate,6,1,1000000,int,FALSE,scale_binary,double,typed_double,3,552,0.183,0.183,43cbc5fa02580f73a834cffb43a5ba0a0f4d7303cec536a2e3c58f1f469eb824,6506614505e113daab08b3f894ca46d4d61867c7b007c413b47a669abe8aae67,0,double,552,FALSE,FALSE,FALSE,FALSE,FALSE,FALSE,FALSE,FALSE,8937acbbe87ff127e6567f97e52c6a17dbe3ea7052a39a3b76abe25c8e7eeb13,31d3575e77d9d04b75880bca9e10dbd0e13e61d21795052921dd3f702d909dd7
candidate,6,2,1000000,int,FALSE,scale_general,double,typed_double,1,507,0.163,0.163,98c11364f9b15cf1e1696537d86d727f3e1efaa44f5b303a15ed033179b4e86a,6506614505e113daab08b3f894ca46d4d61867c7b007c413b47a669abe8aae67,0,double,507,FALSE,FALSE,FALSE,FALSE,FALSE,FALSE,FALSE,FALSE,8937acbbe87ff127e6567f97e52c6a17dbe3ea7052a39a3b76abe25c8e7eeb13,31d3575e77d9d04b75880bca9e10dbd0e13e61d21795052921dd3f702d909dd7
candidate,6,2,1000000,int,FALSE,scale_general,double,compact,2,552,0.145,0.146,5b22560fab6c3b27f5e82592f7a486b943278dbe0e1d82a8c99735d3ee13430b,6506614505e113daab08b3f894ca46d4d61867c7b007c413b47a669abe8aae67,0,float,552,TRUE,TRUE,FALSE,FALSE,FALSE,FALSE,FALSE,FALSE,8937acbbe87ff127e6567f97e52c6a17dbe3ea7052a39a3b76abe25c8e7eeb13,31d3575e77d9d04b75880bca9e10dbd0e13e61d21795052921dd3f702d909dd7
candidate,6,2,1000000,int,FALSE,scale_general,double,ordinary,3,586,0.161,0.161,98c11364f9b15cf1e1696537d86d727f3e1efaa44f5b303a15ed033179b4e86a,6506614505e113daab08b3f894ca46d4d61867c7b007c413b47a669abe8aae67,0,,0,FALSE,FALSE,FALSE,FALSE,FALSE,FALSE,FALSE,FALSE,8937acbbe87ff127e6567f97e52c6a17dbe3ea7052a39a3b76abe25c8e7eeb13,31d3575e77d9d04b75880bca9e10dbd0e13e61d21795052921dd3f702d909dd7
candidate,6,3,1000000,int,FALSE,pair_compact_double,double,ordinary,1,586,0.169,0.169,5865d7f437b5487c8061f7274c6507b7ec0fc76362cd655e9259ebb78a28f057,6506614505e113daab08b3f894ca46d4d61867c7b007c413b47a669abe8aae67,0,,0,FALSE,FALSE,FALSE,FALSE,FALSE,FALSE,FALSE,FALSE,8937acbbe87ff127e6567f97e52c6a17dbe3ea7052a39a3b76abe25c8e7eeb13,31d3575e77d9d04b75880bca9e10dbd0e13e61d21795052921dd3f702d909dd7
candidate,6,3,1000000,int,FALSE,pair_compact_double,double,typed_double,2,481,0.172000000000001,0.172,5865d7f437b5487c8061f7274c6507b7ec0fc76362cd655e9259ebb78a28f057,6506614505e113daab08b3f894ca46d4d61867c7b007c413b47a669abe8aae67,0,double,481,FALSE,FALSE,FALSE,FALSE,FALSE,FALSE,FALSE,FALSE,8937acbbe87ff127e6567f97e52c6a17dbe3ea7052a39a3b76abe25c8e7eeb13,31d3575e77d9d04b75880bca9e10dbd0e13e61d21795052921dd3f702d909dd7
candidate,6,3,1000000,int,FALSE,pair_compact_double,double,compact,3,361,0.165,0.165,5865d7f437b5487c8061f7274c6507b7ec0fc76362cd655e9259ebb78a28f057,6506614505e113daab08b3f894ca46d4d61867c7b007c413b47a669abe8aae67,0,double,361,TRUE,TRUE,FALSE,FALSE,FALSE,FALSE,FALSE,FALSE,8937acbbe87ff127e6567f97e52c6a17dbe3ea7052a39a3b76abe25c8e7eeb13,31d3575e77d9d04b75880bca9e10dbd0e13e61d21795052921dd3f702d909dd7
candidate,6,4,1000000,int,FALSE,add_scalar,double,compact,1,507,0.141999999999999,0.141999999999999,c71ccca92de640a85316ddcd6d7a40e76d086d97708e3a6315956ca169418a51,6506614505e113daab08b3f894ca46d4d61867c7b007c413b47a669abe8aae67,0,float,507,TRUE,TRUE,FALSE,FALSE,FALSE,FALSE,FALSE,FALSE,8937acbbe87ff127e6567f97e52c6a17dbe3ea7052a39a3b76abe25c8e7eeb13,31d3575e77d9d04b75880bca9e10dbd0e13e61d21795052921dd3f702d909dd7
candidate,6,4,1000000,int,FALSE,add_scalar,double,ordinary,2,625,0.169,0.169,1439f7f16fb3a12c3e378be19f4f968bfd8ba0b13d49fd661b844b18b3b58d40,6506614505e113daab08b3f894ca46d4d61867c7b007c413b47a669abe8aae67,0,,0,FALSE,FALSE,FALSE,FALSE,FALSE,FALSE,FALSE,FALSE,8937acbbe87ff127e6567f97e52c6a17dbe3ea7052a39a3b76abe25c8e7eeb13,31d3575e77d9d04b75880bca9e10dbd0e13e61d21795052921dd3f702d909dd7
candidate,6,4,1000000,int,FALSE,add_scalar,double,typed_double,3,552,0.168,0.168,1439f7f16fb3a12c3e378be19f4f968bfd8ba0b13d49fd661b844b18b3b58d40,6506614505e113daab08b3f894ca46d4d61867c7b007c413b47a669abe8aae67,0,double,552,FALSE,FALSE,FALSE,FALSE,FALSE,FALSE,FALSE,FALSE,8937acbbe87ff127e6567f97e52c6a17dbe3ea7052a39a3b76abe25c8e7eeb13,31d3575e77d9d04b75880bca9e10dbd0e13e61d21795052921dd3f702d909dd7
candidate,6,5,1000000,int,FALSE,subtract_scalar,double,typed_double,1,569,0.171,0.171,4d7fa72c39df54d095261c83239d5980d0a1ff94839d263f9a7dfea5049791fe,6506614505e113daab08b3f894ca46d4d61867c7b007c413b47a669abe8aae67,0,double,569,FALSE,FALSE,FALSE,FALSE,FALSE,FALSE,FALSE,FALSE,8937acbbe87ff127e6567f97e52c6a17dbe3ea7052a39a3b76abe25c8e7eeb13,31d3575e77d9d04b75880bca9e10dbd0e13e61d21795052921dd3f702d909dd7
candidate,6,5,1000000,int,FALSE,subtract_scalar,double,compact,2,569,0.149,0.149000000000001,ac41a62f122b430ac56496c53bc2efc0f8e7b183de1fa7f57d32683c2f951555,6506614505e113daab08b3f894ca46d4d61867c7b007c413b47a669abe8aae67,0,float,569,TRUE,TRUE,FALSE,FALSE,FALSE,FALSE,FALSE,FALSE,8937acbbe87ff127e6567f97e52c6a17dbe3ea7052a39a3b76abe25c8e7eeb13,31d3575e77d9d04b75880bca9e10dbd0e13e61d21795052921dd3f702d909dd7
candidate,6,5,1000000,int,FALSE,subtract_scalar,double,ordinary,3,626,0.152000000000001,0.151,4d7fa72c39df54d095261c83239d5980d0a1ff94839d263f9a7dfea5049791fe,6506614505e113daab08b3f894ca46d4d61867c7b007c413b47a669abe8aae67,0,,0,FALSE,FALSE,FALSE,FALSE,FALSE,FALSE,FALSE,FALSE,8937acbbe87ff127e6567f97e52c6a17dbe3ea7052a39a3b76abe25c8e7eeb13,31d3575e77d9d04b75880bca9e10dbd0e13e61d21795052921dd3f702d909dd7
candidate,6,6,1000000,int,FALSE,reverse_subtract,double,ordinary,1,647,0.170999999999999,0.170999999999999,c10b10b4e2f1f397fc6fe7eaa9e5b4584cc0a290911e13c8fea846c487bfa36d,6506614505e113daab08b3f894ca46d4d61867c7b007c413b47a669abe8aae67,0,,0,FALSE,FALSE,FALSE,FALSE,FALSE,FALSE,FALSE,FALSE,8937acbbe87ff127e6567f97e52c6a17dbe3ea7052a39a3b76abe25c8e7eeb13,31d3575e77d9d04b75880bca9e10dbd0e13e61d21795052921dd3f702d909dd7
candidate,6,6,1000000,int,FALSE,reverse_subtract,double,typed_double,2,569,0.17,0.17,c10b10b4e2f1f397fc6fe7eaa9e5b4584cc0a290911e13c8fea846c487bfa36d,6506614505e113daab08b3f894ca46d4d61867c7b007c413b47a669abe8aae67,0,double,569,FALSE,FALSE,FALSE,FALSE,FALSE,FALSE,FALSE,FALSE,8937acbbe87ff127e6567f97e52c6a17dbe3ea7052a39a3b76abe25c8e7eeb13,31d3575e77d9d04b75880bca9e10dbd0e13e61d21795052921dd3f702d909dd7
candidate,6,6,1000000,int,FALSE,reverse_subtract,double,compact,3,569,0.148,0.148,4e06bb9d84e68d2b3176d8d9d719b5bb97dc463a99c72430d73baf543d93b6fd,6506614505e113daab08b3f894ca46d4d61867c7b007c413b47a669abe8aae67,0,float,569,TRUE,TRUE,FALSE,FALSE,FALSE,FALSE,FALSE,FALSE,8937acbbe87ff127e6567f97e52c6a17dbe3ea7052a39a3b76abe25c8e7eeb13,31d3575e77d9d04b75880bca9e10dbd0e13e61d21795052921dd3f702d909dd7
candidate,6,7,1000000,int,FALSE,reverse_divide,double,compact,1,226,0.149000000000001,0.15,cbafe8b44fab1872729be2227cecddc875873c3653e6ebf01ce53e917fceee0e,8dca1eb700a45aaace59ea0c206000bfb6345887d8c82d9a5f1f6a86211aeab4,100,float,226,TRUE,TRUE,FALSE,FALSE,FALSE,FALSE,FALSE,FALSE,8937acbbe87ff127e6567f97e52c6a17dbe3ea7052a39a3b76abe25c8e7eeb13,31d3575e77d9d04b75880bca9e10dbd0e13e61d21795052921dd3f702d909dd7
candidate,6,7,1000000,int,FALSE,reverse_divide,double,ordinary,2,605,0.163,0.163,286e6f4fcb574961d21ee0ffc03c2d1c268671051cddf977b0eb1236cc5ce88a,6506614505e113daab08b3f894ca46d4d61867c7b007c413b47a669abe8aae67,0,,0,FALSE,FALSE,FALSE,FALSE,FALSE,FALSE,FALSE,FALSE,8937acbbe87ff127e6567f97e52c6a17dbe3ea7052a39a3b76abe25c8e7eeb13,31d3575e77d9d04b75880bca9e10dbd0e13e61d21795052921dd3f702d909dd7
candidate,6,7,1000000,int,FALSE,reverse_divide,double,typed_double,3,521,0.168000000000001,0.167999999999999,edabd46066f8ec30bbc81fe8d9a4c7ef506d3d9a77408a1b0c6a5be7df3e4721,8dca1eb700a45aaace59ea0c206000bfb6345887d8c82d9a5f1f6a86211aeab4,100,double,521,FALSE,FALSE,FALSE,FALSE,FALSE,FALSE,FALSE,FALSE,8937acbbe87ff127e6567f97e52c6a17dbe3ea7052a39a3b76abe25c8e7eeb13,31d3575e77d9d04b75880bca9e10dbd0e13e61d21795052921dd3f702d909dd7
candidate,6,8,1000000,int,FALSE,mixed_add,float,typed_double,1,481,0.15,0.149999999999999,5865d7f437b5487c8061f7274c6507b7ec0fc76362cd655e9259ebb78a28f057,6506614505e113daab08b3f894ca46d4d61867c7b007c413b47a669abe8aae67,0,double,481,FALSE,FALSE,FALSE,FALSE,FALSE,FALSE,FALSE,FALSE,8937acbbe87ff127e6567f97e52c6a17dbe3ea7052a39a3b76abe25c8e7eeb13,31d3575e77d9d04b75880bca9e10dbd0e13e61d21795052921dd3f702d909dd7
candidate,6,8,1000000,int,FALSE,mixed_add,float,compact,2,241,0.148,0.148,5865d7f437b5487c8061f7274c6507b7ec0fc76362cd655e9259ebb78a28f057,6506614505e113daab08b3f894ca46d4d61867c7b007c413b47a669abe8aae67,0,float,241,TRUE,TRUE,FALSE,FALSE,TRUE,TRUE,FALSE,FALSE,8937acbbe87ff127e6567f97e52c6a17dbe3ea7052a39a3b76abe25c8e7eeb13,31d3575e77d9d04b75880bca9e10dbd0e13e61d21795052921dd3f702d909dd7
candidate,6,8,1000000,int,FALSE,mixed_add,float,ordinary,3,586,0.149999999999999,0.149000000000001,5865d7f437b5487c8061f7274c6507b7ec0fc76362cd655e9259ebb78a28f057,6506614505e113daab08b3f894ca46d4d61867c7b007c413b47a669abe8aae67,0,,0,FALSE,FALSE,FALSE,FALSE,FALSE,FALSE,FALSE,FALSE,8937acbbe87ff127e6567f97e52c6a17dbe3ea7052a39a3b76abe25c8e7eeb13,31d3575e77d9d04b75880bca9e10dbd0e13e61d21795052921dd3f702d909dd7
candidate,6,9,1000000,int,FALSE,mixed_multiply,float,ordinary,1,586,0.164999999999999,0.166,74e198320fcef535d96d5240bf6315c7f048f937cff6728206c4dc3e49c71557,6506614505e113daab08b3f894ca46d4d61867c7b007c413b47a669abe8aae67,0,,0,FALSE,FALSE,FALSE,FALSE,FALSE,FALSE,FALSE,FALSE,8937acbbe87ff127e6567f97e52c6a17dbe3ea7052a39a3b76abe25c8e7eeb13,31d3575e77d9d04b75880bca9e10dbd0e13e61d21795052921dd3f702d909dd7
candidate,6,9,1000000,int,FALSE,mixed_multiply,float,typed_double,2,481,0.15,0.15,74e198320fcef535d96d5240bf6315c7f048f937cff6728206c4dc3e49c71557,6506614505e113daab08b3f894ca46d4d61867c7b007c413b47a669abe8aae67,0,double,481,FALSE,FALSE,FALSE,FALSE,FALSE,FALSE,FALSE,FALSE,8937acbbe87ff127e6567f97e52c6a17dbe3ea7052a39a3b76abe25c8e7eeb13,31d3575e77d9d04b75880bca9e10dbd0e13e61d21795052921dd3f702d909dd7
candidate,6,9,1000000,int,FALSE,mixed_multiply,float,compact,3,244,0.150999999999999,0.149999999999999,74e198320fcef535d96d5240bf6315c7f048f937cff6728206c4dc3e49c71557,6506614505e113daab08b3f894ca46d4d61867c7b007c413b47a669abe8aae67,0,float,244,TRUE,TRUE,FALSE,FALSE,TRUE,TRUE,FALSE,FALSE,8937acbbe87ff127e6567f97e52c6a17dbe3ea7052a39a3b76abe25c8e7eeb13,31d3575e77d9d04b75880bca9e10dbd0e13e61d21795052921dd3f702d909dd7
candidate,6,10,1000000,int,TRUE,scale_binary,double,compact,1,586,0.140000000000001,0.141,406aa86104df9ebd1e49e25bbc9266cbc0cc152fd09e7d28efa1e3b9f07c7f98,256764253c19afe4b22c7738fb2f83098a03d4dbde3db39ee8c24b205a95942a,1003,int,586,TRUE,TRUE,FALSE,FALSE,FALSE,FALSE,FALSE,FALSE,5af7169f9d20a77a6f06236647a66be1493d6e155163c245a466bda43242d0e7,6a2baa27cd05157233063b825243be4bdf1a2dbc88db2a6cdfd0b2527b28716b
candidate,6,10,1000000,int,TRUE,scale_binary,double,ordinary,2,626,0.168000000000002,0.167,b10ddc1e7177ef92cdb14943c3981218bcd426a31f9c7d156ed4dbd4ea86c948,256764253c19afe4b22c7738fb2f83098a03d4dbde3db39ee8c24b205a95942a,1003,,0,FALSE,FALSE,FALSE,FALSE,FALSE,FALSE,FALSE,FALSE,5af7169f9d20a77a6f06236647a66be1493d6e155163c245a466bda43242d0e7,6a2baa27cd05157233063b825243be4bdf1a2dbc88db2a6cdfd0b2527b28716b
candidate,6,10,1000000,int,TRUE,scale_binary,double,typed_double,3,569,0.152999999999999,0.152999999999999,406aa86104df9ebd1e49e25bbc9266cbc0cc152fd09e7d28efa1e3b9f07c7f98,256764253c19afe4b22c7738fb2f83098a03d4dbde3db39ee8c24b205a95942a,1003,double,569,FALSE,FALSE,FALSE,FALSE,FALSE,FALSE,FALSE,FALSE,5af7169f9d20a77a6f06236647a66be1493d6e155163c245a466bda43242d0e7,6a2baa27cd05157233063b825243be4bdf1a2dbc88db2a6cdfd0b2527b28716b
candidate,6,11,1000000,int,TRUE,scale_general,double,typed_double,1,408,0.108999999999998,0.109999999999999,69569d7d3b174986a7ae48d2c2f67dcea32be4e102725873e2cfa7cf5e4f9d02,256764253c19afe4b22c7738fb2f83098a03d4dbde3db39ee8c24b205a95942a,1003,double,408,FALSE,FALSE,FALSE,FALSE,FALSE,FALSE,FALSE,FALSE,5af7169f9d20a77a6f06236647a66be1493d6e155163c245a466bda43242d0e7,6a2baa27cd05157233063b825243be4bdf1a2dbc88db2a6cdfd0b2527b28716b
candidate,6,11,1000000,int,TRUE,scale_general,double,compact,2,521,0.151000000000002,0.150000000000002,38447e334649e5d7eda33f0001bed517c428980c028a15d2e1699be9ef65cf3a,256764253c19afe4b22c7738fb2f83098a03d4dbde3db39ee8c24b205a95942a,1003,float,521,TRUE,TRUE,FALSE,FALSE,FALSE,FALSE,FALSE,FALSE,5af7169f9d20a77a6f06236647a66be1493d6e155163c245a466bda43242d0e7,6a2baa27cd05157233063b825243be4bdf1a2dbc88db2a6cdfd0b2527b28716b
candidate,6,11,1000000,int,TRUE,scale_general,double,ordinary,3,625,0.150000000000002,0.149999999999999,ea5220c4891c83ca4d6c555d28f6502adbaf6141ce7d6cf4825e9d27d0d51944,256764253c19afe4b22c7738fb2f83098a03d4dbde3db39ee8c24b205a95942a,1003,,0,FALSE,FALSE,FALSE,FALSE,FALSE,FALSE,FALSE,FALSE,5af7169f9d20a77a6f06236647a66be1493d6e155163c245a466bda43242d0e7,6a2baa27cd05157233063b825243be4bdf1a2dbc88db2a6cdfd0b2527b28716b
candidate,6,12,1000000,int,TRUE,pair_compact_double,double,ordinary,1,586,0.164999999999999,0.164999999999999,ea5ac2e3896755c3d5082b83561d8673bb4f0147a7690b804a8d74cecbeda4c1,d842a810a046337b5363ff7dafdaa01aa4553912ce2afa4ee95c617158d8e0e7,2011,,0,FALSE,FALSE,FALSE,FALSE,FALSE,FALSE,FALSE,FALSE,5af7169f9d20a77a6f06236647a66be1493d6e155163c245a466bda43242d0e7,6a2baa27cd05157233063b825243be4bdf1a2dbc88db2a6cdfd0b2527b28716b
candidate,6,12,1000000,int,TRUE,pair_compact_double,double,typed_double,2,494,0.154,0.155000000000001,087fb12a32e314d333c4287225113c3c6e3a135a9c18c162b3b5753b80f4350c,d842a810a046337b5363ff7dafdaa01aa4553912ce2afa4ee95c617158d8e0e7,2011,double,494,FALSE,FALSE,FALSE,FALSE,FALSE,FALSE,FALSE,FALSE,5af7169f9d20a77a6f06236647a66be1493d6e155163c245a466bda43242d0e7,6a2baa27cd05157233063b825243be4bdf1a2dbc88db2a6cdfd0b2527b28716b
candidate,6,12,1000000,int,TRUE,pair_compact_double,double,compact,3,368,0.164000000000001,0.164000000000001,087fb12a32e314d333c4287225113c3c6e3a135a9c18c162b3b5753b80f4350c,d842a810a046337b5363ff7dafdaa01aa4553912ce2afa4ee95c617158d8e0e7,2011,double,368,TRUE,TRUE,FALSE,FALSE,FALSE,FALSE,FALSE,FALSE,5af7169f9d20a77a6f06236647a66be1493d6e155163c245a466bda43242d0e7,6a2baa27cd05157233063b825243be4bdf1a2dbc88db2a6cdfd0b2527b28716b
candidate,6,13,1000000,int,TRUE,add_scalar,double,compact,1,521,0.150000000000002,0.149999999999999,9298ae1fd450cae2b62dc96ace3bab841bc59b30cfc46e1ecc19a5d300510c90,256764253c19afe4b22c7738fb2f83098a03d4dbde3db39ee8c24b205a95942a,1003,float,521,TRUE,TRUE,FALSE,FALSE,FALSE,FALSE,FALSE,FALSE,5af7169f9d20a77a6f06236647a66be1493d6e155163c245a466bda43242d0e7,6a2baa27cd05157233063b825243be4bdf1a2dbc88db2a6cdfd0b2527b28716b
candidate,6,13,1000000,int,TRUE,add_scalar,double,ordinary,2,647,0.156999999999999,0.154999999999998,a05775d63d44cef2dc1fafd0012e87fb382790e3551020edeb65dba214805f6a,256764253c19afe4b22c7738fb2f83098a03d4dbde3db39ee8c24b205a95942a,1003,,0,FALSE,FALSE,FALSE,FALSE,FALSE,FALSE,FALSE,FALSE,5af7169f9d20a77a6f06236647a66be1493d6e155163c245a466bda43242d0e7,6a2baa27cd05157233063b825243be4bdf1a2dbc88db2a6cdfd0b2527b28716b
candidate,6,13,1000000,int,TRUE,add_scalar,double,typed_double,3,569,0.167999999999999,0.169,3c99edfd213a70ad9e7387e7d2693e7278b2f41d1da572a7c0f2c136c10a0f54,256764253c19afe4b22c7738fb2f83098a03d4dbde3db39ee8c24b205a95942a,1003,double,569,FALSE,FALSE,FALSE,FALSE,FALSE,FALSE,FALSE,FALSE,5af7169f9d20a77a6f06236647a66be1493d6e155163c245a466bda43242d0e7,6a2baa27cd05157233063b825243be4bdf1a2dbc88db2a6cdfd0b2527b28716b
candidate,6,14,1000000,int,TRUE,subtract_scalar,double,typed_double,1,569,0.151999999999997,0.152000000000001,0834dd898be45a06c2b25b69b1eaac5c18492a3f92f29fe34d2ee1bca21c6c24,256764253c19afe4b22c7738fb2f83098a03d4dbde3db39ee8c24b205a95942a,1003,double,569,FALSE,FALSE,FALSE,FALSE,FALSE,FALSE,FALSE,FALSE,5af7169f9d20a77a6f06236647a66be1493d6e155163c245a466bda43242d0e7,6a2baa27cd05157233063b825243be4bdf1a2dbc88db2a6cdfd0b2527b28716b
candidate,6,14,1000000,int,TRUE,subtract_scalar,double,compact,2,507,0.146000000000001,0.147000000000002,d1a2fd6c5ab8d0e4a10c61dbb097a7ab3009923cb6ed72a793f42244b3f68ec6,256764253c19afe4b22c7738fb2f83098a03d4dbde3db39ee8c24b205a95942a,1003,float,507,TRUE,TRUE,FALSE,FALSE,FALSE,FALSE,FALSE,FALSE,5af7169f9d20a77a6f06236647a66be1493d6e155163c245a466bda43242d0e7,6a2baa27cd05157233063b825243be4bdf1a2dbc88db2a6cdfd0b2527b28716b
candidate,6,14,1000000,int,TRUE,subtract_scalar,double,ordinary,3,605,0.161000000000001,0.161999999999999,66c6c50fe1b9ab56178355238f6fb6b10837cc4c6935acaf14868f2895baa864,256764253c19afe4b22c7738fb2f83098a03d4dbde3db39ee8c24b205a95942a,1003,,0,FALSE,FALSE,FALSE,FALSE,FALSE,FALSE,FALSE,FALSE,5af7169f9d20a77a6f06236647a66be1493d6e155163c245a466bda43242d0e7,6a2baa27cd05157233063b825243be4bdf1a2dbc88db2a6cdfd0b2527b28716b
candidate,6,15,1000000,int,TRUE,reverse_subtract,double,ordinary,1,625,0.167999999999999,0.167999999999999,eeadc1ac8a182c5e9ac0af8ed545484b93cc60cd2781d423e67e76b038bbb02f,256764253c19afe4b22c7738fb2f83098a03d4dbde3db39ee8c24b205a95942a,1003,,0,FALSE,FALSE,FALSE,FALSE,FALSE,FALSE,FALSE,FALSE,5af7169f9d20a77a6f06236647a66be1493d6e155163c245a466bda43242d0e7,6a2baa27cd05157233063b825243be4bdf1a2dbc88db2a6cdfd0b2527b28716b
candidate,6,15,1000000,int,TRUE,reverse_subtract,double,typed_double,2,552,0.167,0.166999999999998,7772556aaab7540c9cbc83fbef93b5ce837a74b5f0bfbf9f4d7e1d6c2f9d6aca,256764253c19afe4b22c7738fb2f83098a03d4dbde3db39ee8c24b205a95942a,1003,double,552,FALSE,FALSE,FALSE,FALSE,FALSE,FALSE,FALSE,FALSE,5af7169f9d20a77a6f06236647a66be1493d6e155163c245a466bda43242d0e7,6a2baa27cd05157233063b825243be4bdf1a2dbc88db2a6cdfd0b2527b28716b
candidate,6,15,1000000,int,TRUE,reverse_subtract,double,compact,3,521,0.150000000000002,0.151000000000003,ce55a919f3651ad54050585ceac6df58ade9a7234536c53b2e30cf24dc97456a,256764253c19afe4b22c7738fb2f83098a03d4dbde3db39ee8c24b205a95942a,1003,float,521,TRUE,TRUE,FALSE,FALSE,FALSE,FALSE,FALSE,FALSE,5af7169f9d20a77a6f06236647a66be1493d6e155163c245a466bda43242d0e7,6a2baa27cd05157233063b825243be4bdf1a2dbc88db2a6cdfd0b2527b28716b
candidate,6,16,1000000,int,TRUE,reverse_divide,double,compact,1,226,0.148999999999997,0.149000000000001,8e2880166f67afb3324288a562f812ea1ac87aa63f348f9c4373df1017394a64,e18be1b0e89b4a0c64a4b1d8acff45284e54d26e14e2d4cbb5f3b282ba9e2bbf,1103,float,226,TRUE,TRUE,FALSE,FALSE,FALSE,FALSE,FALSE,FALSE,5af7169f9d20a77a6f06236647a66be1493d6e155163c245a466bda43242d0e7,6a2baa27cd05157233063b825243be4bdf1a2dbc88db2a6cdfd0b2527b28716b
candidate,6,16,1000000,int,TRUE,reverse_divide,double,ordinary,2,647,0.155000000000001,0.157,5919a3b9c611a609b75579ae435ea59e6a6602e36aae9ea52a62df3f56ed00e9,256764253c19afe4b22c7738fb2f83098a03d4dbde3db39ee8c24b205a95942a,1003,,0,FALSE,FALSE,FALSE,FALSE,FALSE,FALSE,FALSE,FALSE,5af7169f9d20a77a6f06236647a66be1493d6e155163c245a466bda43242d0e7,6a2baa27cd05157233063b825243be4bdf1a2dbc88db2a6cdfd0b2527b28716b
candidate,6,16,1000000,int,TRUE,reverse_divide,double,typed_double,3,521,0.151,0.152000000000001,46c9fedb1b90dde4d28d485b133b143f17d4c7ef7b2ba3baae533c5a3d0656ea,e18be1b0e89b4a0c64a4b1d8acff45284e54d26e14e2d4cbb5f3b282ba9e2bbf,1103,double,521,FALSE,FALSE,FALSE,FALSE,FALSE,FALSE,FALSE,FALSE,5af7169f9d20a77a6f06236647a66be1493d6e155163c245a466bda43242d0e7,6a2baa27cd05157233063b825243be4bdf1a2dbc88db2a6cdfd0b2527b28716b
candidate,6,17,1000000,int,TRUE,mixed_add,float,typed_double,1,494,0.154,0.155000000000001,087fb12a32e314d333c4287225113c3c6e3a135a9c18c162b3b5753b80f4350c,d842a810a046337b5363ff7dafdaa01aa4553912ce2afa4ee95c617158d8e0e7,2011,double,494,FALSE,FALSE,FALSE,FALSE,FALSE,FALSE,FALSE,FALSE,5af7169f9d20a77a6f06236647a66be1493d6e155163c245a466bda43242d0e7,6a2baa27cd05157233063b825243be4bdf1a2dbc88db2a6cdfd0b2527b28716b
candidate,6,17,1000000,int,TRUE,mixed_add,float,compact,2,174,0.151000000000002,0.149999999999999,087fb12a32e314d333c4287225113c3c6e3a135a9c18c162b3b5753b80f4350c,d842a810a046337b5363ff7dafdaa01aa4553912ce2afa4ee95c617158d8e0e7,2011,float,174,TRUE,TRUE,FALSE,FALSE,TRUE,TRUE,FALSE,FALSE,5af7169f9d20a77a6f06236647a66be1493d6e155163c245a466bda43242d0e7,6a2baa27cd05157233063b825243be4bdf1a2dbc88db2a6cdfd0b2527b28716b
candidate,6,17,1000000,int,TRUE,mixed_add,float,ordinary,3,586,0.152,0.152000000000001,ea5ac2e3896755c3d5082b83561d8673bb4f0147a7690b804a8d74cecbeda4c1,d842a810a046337b5363ff7dafdaa01aa4553912ce2afa4ee95c617158d8e0e7,2011,,0,FALSE,FALSE,FALSE,FALSE,FALSE,FALSE,FALSE,FALSE,5af7169f9d20a77a6f06236647a66be1493d6e155163c245a466bda43242d0e7,6a2baa27cd05157233063b825243be4bdf1a2dbc88db2a6cdfd0b2527b28716b
candidate,6,18,1000000,int,TRUE,mixed_multiply,float,ordinary,1,605,0.172000000000001,0.172000000000001,4e15a12f73c542a9193d69c8d13f89eb8b7adf975c41c2fdf2ef19e40aa99344,d842a810a046337b5363ff7dafdaa01aa4553912ce2afa4ee95c617158d8e0e7,2011,,0,FALSE,FALSE,FALSE,FALSE,FALSE,FALSE,FALSE,FALSE,5af7169f9d20a77a6f06236647a66be1493d6e155163c245a466bda43242d0e7,6a2baa27cd05157233063b825243be4bdf1a2dbc88db2a6cdfd0b2527b28716b
candidate,6,18,1000000,int,TRUE,mixed_multiply,float,typed_double,2,481,0.149000000000001,0.149000000000001,567cb444c88381ecb7601b5374668c9d2a719ee733326a0fd33b4e0cf98f607d,d842a810a046337b5363ff7dafdaa01aa4553912ce2afa4ee95c617158d8e0e7,2011,double,481,FALSE,FALSE,FALSE,FALSE,FALSE,FALSE,FALSE,FALSE,5af7169f9d20a77a6f06236647a66be1493d6e155163c245a466bda43242d0e7,6a2baa27cd05157233063b825243be4bdf1a2dbc88db2a6cdfd0b2527b28716b
candidate,6,18,1000000,int,TRUE,mixed_multiply,float,compact,3,173,0.148999999999997,0.150000000000002,567cb444c88381ecb7601b5374668c9d2a719ee733326a0fd33b4e0cf98f607d,d842a810a046337b5363ff7dafdaa01aa4553912ce2afa4ee95c617158d8e0e7,2011,float,173,TRUE,TRUE,FALSE,FALSE,TRUE,TRUE,FALSE,FALSE,5af7169f9d20a77a6f06236647a66be1493d6e155163c245a466bda43242d0e7,6a2baa27cd05157233063b825243be4bdf1a2dbc88db2a6cdfd0b2527b28716b
candidate,6,19,1000000,float,FALSE,scale_binary,double,compact,1,458,0.148,0.148,5e4cb543f32269b2c2218b394ad1c41d44f6b32b3f8be7d200655b3b7d11f177,6506614505e113daab08b3f894ca46d4d61867c7b007c413b47a669abe8aae67,0,float,458,TRUE,TRUE,FALSE,FALSE,FALSE,FALSE,FALSE,FALSE,7f1c1a27229f7a699fa85ff90b5be1266497c462407b39b11f6d94015af8e8ad,31d3575e77d9d04b75880bca9e10dbd0e13e61d21795052921dd3f702d909dd7
candidate,6,19,1000000,float,FALSE,scale_binary,double,ordinary,2,417,0.100000000000001,0.100000000000001,5e4cb543f32269b2c2218b394ad1c41d44f6b32b3f8be7d200655b3b7d11f177,6506614505e113daab08b3f894ca46d4d61867c7b007c413b47a669abe8aae67,0,,0,FALSE,FALSE,FALSE,FALSE,FALSE,FALSE,FALSE,FALSE,7f1c1a27229f7a699fa85ff90b5be1266497c462407b39b11f6d94015af8e8ad,31d3575e77d9d04b75880bca9e10dbd0e13e61d21795052921dd3f702d909dd7
candidate,6,19,1000000,float,FALSE,scale_binary,double,typed_double,3,552,0.163,0.163,5e4cb543f32269b2c2218b394ad1c41d44f6b32b3f8be7d200655b3b7d11f177,6506614505e113daab08b3f894ca46d4d61867c7b007c413b47a669abe8aae67,0,double,552,FALSE,FALSE,FALSE,FALSE,FALSE,FALSE,FALSE,FALSE,7f1c1a27229f7a699fa85ff90b5be1266497c462407b39b11f6d94015af8e8ad,31d3575e77d9d04b75880bca9e10dbd0e13e61d21795052921dd3f702d909dd7
candidate,6,20,1000000,float,FALSE,scale_general,double,typed_double,1,552,0.147000000000002,0.148,f26b519d09797e4f4941392e4b52f307c71832f0aaad54da617e9078fe055e1c,6506614505e113daab08b3f894ca46d4d61867c7b007c413b47a669abe8aae67,0,double,552,FALSE,FALSE,FALSE,FALSE,FALSE,FALSE,FALSE,FALSE,7f1c1a27229f7a699fa85ff90b5be1266497c462407b39b11f6d94015af8e8ad,31d3575e77d9d04b75880bca9e10dbd0e13e61d21795052921dd3f702d909dd7
candidate,6,20,1000000,float,FALSE,scale_general,double,compact,2,361,0.151000000000006,0.149999999999999,72cc5cf98cf5a5166668db2e8420adb3bc862ec1b003fbdd7aeb0a9746f22870,6506614505e113daab08b3f894ca46d4d61867c7b007c413b47a669abe8aae67,0,float,361,TRUE,TRUE,FALSE,FALSE,FALSE,FALSE,FALSE,FALSE,7f1c1a27229f7a699fa85ff90b5be1266497c462407b39b11f6d94015af8e8ad,31d3575e77d9d04b75880bca9e10dbd0e13e61d21795052921dd3f702d909dd7
candidate,6,20,1000000,float,FALSE,scale_general,double,ordinary,3,625,0.164000000000001,0.164999999999999,f26b519d09797e4f4941392e4b52f307c71832f0aaad54da617e9078fe055e1c,6506614505e113daab08b3f894ca46d4d61867c7b007c413b47a669abe8aae67,0,,0,FALSE,FALSE,FALSE,FALSE,FALSE,FALSE,FALSE,FALSE,7f1c1a27229f7a699fa85ff90b5be1266497c462407b39b11f6d94015af8e8ad,31d3575e77d9d04b75880bca9e10dbd0e13e61d21795052921dd3f702d909dd7
candidate,6,21,1000000,float,FALSE,pair_compact_double,double,ordinary,1,605,0.154000000000003,0.154000000000003,d0adc5c3f77a8c464e25cdf403e40486acf05d6b089dad00367eb8620a0a608e,6506614505e113daab08b3f894ca46d4d61867c7b007c413b47a669abe8aae67,0,,0,FALSE,FALSE,FALSE,FALSE,FALSE,FALSE,FALSE,FALSE,7f1c1a27229f7a699fa85ff90b5be1266497c462407b39b11f6d94015af8e8ad,31d3575e77d9d04b75880bca9e10dbd0e13e61d21795052921dd3f702d909dd7
candidate,6,21,1000000,float,FALSE,pair_compact_double,double,typed_double,2,494,0.169999999999995,0.168999999999997,d0adc5c3f77a8c464e25cdf403e40486acf05d6b089dad00367eb8620a0a608e,6506614505e113daab08b3f894ca46d4d61867c7b007c413b47a669abe8aae67,0,double,494,FALSE,FALSE,FALSE,FALSE,FALSE,FALSE,FALSE,FALSE,7f1c1a27229f7a699fa85ff90b5be1266497c462407b39b11f6d94015af8e8ad,31d3575e77d9d04b75880bca9e10dbd0e13e61d21795052921dd3f702d909dd7
candidate,6,21,1000000,float,FALSE,pair_compact_double,double,compact,3,494,0.152999999999999,0.152000000000001,d0adc5c3f77a8c464e25cdf403e40486acf05d6b089dad00367eb8620a0a608e,6506614505e113daab08b3f894ca46d4d61867c7b007c413b47a669abe8aae67,0,double,494,TRUE,TRUE,FALSE,FALSE,FALSE,FALSE,FALSE,FALSE,7f1c1a27229f7a699fa85ff90b5be1266497c462407b39b11f6d94015af8e8ad,31d3575e77d9d04b75880bca9e10dbd0e13e61d21795052921dd3f702d909dd7
candidate,6,22,1000000,float,FALSE,add_scalar,double,compact,1,354,0.147999999999998,0.148000000000003,6f4e6deefcbd4cb8847d97ac43d7047c827b45b8a7d41e59355544434442b07b,6506614505e113daab08b3f894ca46d4d61867c7b007c413b47a669abe8aae67,0,float,354,TRUE,TRUE,FALSE,FALSE,FALSE,FALSE,FALSE,FALSE,7f1c1a27229f7a699fa85ff90b5be1266497c462407b39b11f6d94015af8e8ad,31d3575e77d9d04b75880bca9e10dbd0e13e61d21795052921dd3f702d909dd7
candidate,6,22,1000000,float,FALSE,add_scalar,double,ordinary,2,427,0.101999999999997,0.102000000000004,292e89d47e6240bb2914ef7ad37d7e757276712199771e9df56100a008a8cb8c,6506614505e113daab08b3f894ca46d4d61867c7b007c413b47a669abe8aae67,0,,0,FALSE,FALSE,FALSE,FALSE,FALSE,FALSE,FALSE,FALSE,7f1c1a27229f7a699fa85ff90b5be1266497c462407b39b11f6d94015af8e8ad,31d3575e77d9d04b75880bca9e10dbd0e13e61d21795052921dd3f702d909dd7
candidate,6,22,1000000,float,FALSE,add_scalar,double,typed_double,3,569,0.150999999999996,0.152000000000001,292e89d47e6240bb2914ef7ad37d7e757276712199771e9df56100a008a8cb8c,6506614505e113daab08b3f894ca46d4d61867c7b007c413b47a669abe8aae67,0,double,569,FALSE,FALSE,FALSE,FALSE,FALSE,FALSE,FALSE,FALSE,7f1c1a27229f7a699fa85ff90b5be1266497c462407b39b11f6d94015af8e8ad,31d3575e77d9d04b75880bca9e10dbd0e13e61d21795052921dd3f702d909dd7
candidate,6,23,1000000,float,FALSE,subtract_scalar,double,typed_double,1,569,0.167999999999999,0.167999999999999,13a3239df0a7d9c4766e9cb1022fe126007afc38c9539ef233ed4bf785d961fa,6506614505e113daab08b3f894ca46d4d61867c7b007c413b47a669abe8aae67,0,double,569,FALSE,FALSE,FALSE,FALSE,FALSE,FALSE,FALSE,FALSE,7f1c1a27229f7a699fa85ff90b5be1266497c462407b39b11f6d94015af8e8ad,31d3575e77d9d04b75880bca9e10dbd0e13e61d21795052921dd3f702d909dd7
candidate,6,23,1000000,float,FALSE,subtract_scalar,double,compact,2,354,0.147999999999996,0.147999999999996,73750801b993e37ef9c262c8c6c20433be5d4f8f21bfd0757cae3f70c74eda3f,6506614505e113daab08b3f894ca46d4d61867c7b007c413b47a669abe8aae67,0,float,354,TRUE,TRUE,FALSE,FALSE,FALSE,FALSE,FALSE,FALSE,7f1c1a27229f7a699fa85ff90b5be1266497c462407b39b11f6d94015af8e8ad,31d3575e77d9d04b75880bca9e10dbd0e13e61d21795052921dd3f702d909dd7
candidate,6,23,1000000,float,FALSE,subtract_scalar,double,ordinary,3,605,0.148000000000003,0.148999999999994,13a3239df0a7d9c4766e9cb1022fe126007afc38c9539ef233ed4bf785d961fa,6506614505e113daab08b3f894ca46d4d61867c7b007c413b47a669abe8aae67,0,,0,FALSE,FALSE,FALSE,FALSE,FALSE,FALSE,FALSE,FALSE,7f1c1a27229f7a699fa85ff90b5be1266497c462407b39b11f6d94015af8e8ad,31d3575e77d9d04b75880bca9e10dbd0e13e61d21795052921dd3f702d909dd7
candidate,6,24,1000000,float,FALSE,reverse_subtract,double,ordinary,1,408,0.106999999999999,0.106999999999999,391f82ff13066d79bb9813a2dd5b66c086c00b72de2d0e201e0f4f7b85274c2e,6506614505e113daab08b3f894ca46d4d61867c7b007c413b47a669abe8aae67,0,,0,FALSE,FALSE,FALSE,FALSE,FALSE,FALSE,FALSE,FALSE,7f1c1a27229f7a699fa85ff90b5be1266497c462407b39b11f6d94015af8e8ad,31d3575e77d9d04b75880bca9e10dbd0e13e61d21795052921dd3f702d909dd7
candidate,6,24,1000000,float,FALSE,reverse_subtract,double,typed_double,2,536,0.167999999999999,0.167999999999999,391f82ff13066d79bb9813a2dd5b66c086c00b72de2d0e201e0f4f7b85274c2e,6506614505e113daab08b3f894ca46d4d61867c7b007c413b47a669abe8aae67,0,double,536,FALSE,FALSE,FALSE,FALSE,FALSE,FALSE,FALSE,FALSE,7f1c1a27229f7a699fa85ff90b5be1266497c462407b39b11f6d94015af8e8ad,31d3575e77d9d04b75880bca9e10dbd0e13e61d21795052921dd3f702d909dd7
candidate,6,24,1000000,float,FALSE,reverse_subtract,double,compact,3,361,0.151000000000003,0.150999999999996,8505db92c32dc0b74614f948c8784986a3d42738b9f7afa126ec04569b48eaee,6506614505e113daab08b3f894ca46d4d61867c7b007c413b47a669abe8aae67,0,float,361,TRUE,TRUE,FALSE,FALSE,FALSE,FALSE,FALSE,FALSE,7f1c1a27229f7a699fa85ff90b5be1266497c462407b39b11f6d94015af8e8ad,31d3575e77d9d04b75880bca9e10dbd0e13e61d21795052921dd3f702d909dd7
candidate,6,25,1000000,float,FALSE,reverse_divide,double,compact,1,298,0.150999999999999,0.151000000000003,00373f8d5dc76e6b2961c6a8330b8894595f6e122b305a6913901d94ac47d968,8dca1eb700a45aaace59ea0c206000bfb6345887d8c82d9a5f1f6a86211aeab4,100,float,298,TRUE,TRUE,FALSE,FALSE,FALSE,FALSE,FALSE,FALSE,7f1c1a27229f7a699fa85ff90b5be1266497c462407b39b11f6d94015af8e8ad,31d3575e77d9d04b75880bca9e10dbd0e13e61d21795052921dd3f702d909dd7
candidate,6,25,1000000,float,FALSE,reverse_divide,double,ordinary,2,625,0.171999999999997,0.171999999999997,c250debf3d2a27908112bc09ce59d257ab86068363b108d2b491520e8193453e,6506614505e113daab08b3f894ca46d4d61867c7b007c413b47a669abe8aae67,0,,0,FALSE,FALSE,FALSE,FALSE,FALSE,FALSE,FALSE,FALSE,7f1c1a27229f7a699fa85ff90b5be1266497c462407b39b11f6d94015af8e8ad,31d3575e77d9d04b75880bca9e10dbd0e13e61d21795052921dd3f702d909dd7
candidate,6,25,1000000,float,FALSE,reverse_divide,double,typed_double,3,521,0.168999999999997,0.170000000000002,15a9dee60e7ad6b7bfec0a17ebb879c1d0b34de12d63f490ed9b30d95ad74ac9,8dca1eb700a45aaace59ea0c206000bfb6345887d8c82d9a5f1f6a86211aeab4,100,double,521,FALSE,FALSE,FALSE,FALSE,FALSE,FALSE,FALSE,FALSE,7f1c1a27229f7a699fa85ff90b5be1266497c462407b39b11f6d94015af8e8ad,31d3575e77d9d04b75880bca9e10dbd0e13e61d21795052921dd3f702d909dd7
candidate,6,26,1000000,float,TRUE,scale_binary,double,typed_double,1,552,0.151000000000006,0.150000000000006,c2d92a8e75010c0ddb80329b9ca6cc4898ca1d4543392f8c8382c3fbfeeb5b4b,256764253c19afe4b22c7738fb2f83098a03d4dbde3db39ee8c24b205a95942a,1003,double,552,FALSE,FALSE,FALSE,FALSE,FALSE,FALSE,FALSE,FALSE,ee8f1f1d17d164fc3d811ad86cc889d11c328f41d3cd55762069bc2161e48c9f,6a2baa27cd05157233063b825243be4bdf1a2dbc88db2a6cdfd0b2527b28716b
candidate,6,26,1000000,float,TRUE,scale_binary,double,compact,2,447,0.145000000000003,0.146000000000001,c2d92a8e75010c0ddb80329b9ca6cc4898ca1d4543392f8c8382c3fbfeeb5b4b,256764253c19afe4b22c7738fb2f83098a03d4dbde3db39ee8c24b205a95942a,1003,float,447,TRUE,TRUE,FALSE,FALSE,FALSE,FALSE,FALSE,FALSE,ee8f1f1d17d164fc3d811ad86cc889d11c328f41d3cd55762069bc2161e48c9f,6a2baa27cd05157233063b825243be4bdf1a2dbc88db2a6cdfd0b2527b28716b
candidate,6,26,1000000,float,TRUE,scale_binary,double,ordinary,3,437,0.106999999999999,0.106999999999999,21fac45dcda0cbc0ba9e1f553d3be3fedd245b921d5e2e4497a8d64f1e038117,256764253c19afe4b22c7738fb2f83098a03d4dbde3db39ee8c24b205a95942a,1003,,0,FALSE,FALSE,FALSE,FALSE,FALSE,FALSE,FALSE,FALSE,ee8f1f1d17d164fc3d811ad86cc889d11c328f41d3cd55762069bc2161e48c9f,6a2baa27cd05157233063b825243be4bdf1a2dbc88db2a6cdfd0b2527b28716b
candidate,6,27,1000000,float,TRUE,scale_general,double,ordinary,1,626,0.166000000000004,0.167000000000002,8100d028390097d4a98b44ea0ff4cb617c6204331b80e5c7870832582030541c,256764253c19afe4b22c7738fb2f83098a03d4dbde3db39ee8c24b205a95942a,1003,,0,FALSE,FALSE,FALSE,FALSE,FALSE,FALSE,FALSE,FALSE,ee8f1f1d17d164fc3d811ad86cc889d11c328f41d3cd55762069bc2161e48c9f,6a2baa27cd05157233063b825243be4bdf1a2dbc88db2a6cdfd0b2527b28716b
candidate,6,27,1000000,float,TRUE,scale_general,double,typed_double,2,569,0.152999999999999,0.152999999999999,ea87b3dd63bfda18195aef508608398181a11f876a570f6017c0c100c3497f49,256764253c19afe4b22c7738fb2f83098a03d4dbde3db39ee8c24b205a95942a,1003,double,569,FALSE,FALSE,FALSE,FALSE,FALSE,FALSE,FALSE,FALSE,ee8f1f1d17d164fc3d811ad86cc889d11c328f41d3cd55762069bc2161e48c9f,6a2baa27cd05157233063b825243be4bdf1a2dbc88db2a6cdfd0b2527b28716b
candidate,6,27,1000000,float,TRUE,scale_general,double,compact,3,276,0.149000000000001,0.149999999999999,c58bc992720c328eca610e60f8c3f93d7d61df77946cf51b8626b0d8b78368ef,256764253c19afe4b22c7738fb2f83098a03d4dbde3db39ee8c24b205a95942a,1003,float,276,TRUE,TRUE,FALSE,FALSE,FALSE,FALSE,FALSE,FALSE,ee8f1f1d17d164fc3d811ad86cc889d11c328f41d3cd55762069bc2161e48c9f,6a2baa27cd05157233063b825243be4bdf1a2dbc88db2a6cdfd0b2527b28716b
candidate,6,28,1000000,float,TRUE,pair_compact_double,double,compact,1,324,0.149999999999999,0.149000000000001,9778eddf855170d4c4702501b5240fa491a475187859f9e29c120edb42c46621,d842a810a046337b5363ff7dafdaa01aa4553912ce2afa4ee95c617158d8e0e7,2011,double,324,TRUE,TRUE,FALSE,FALSE,FALSE,FALSE,FALSE,FALSE,ee8f1f1d17d164fc3d811ad86cc889d11c328f41d3cd55762069bc2161e48c9f,6a2baa27cd05157233063b825243be4bdf1a2dbc88db2a6cdfd0b2527b28716b
candidate,6,28,1000000,float,TRUE,pair_compact_double,double,ordinary,2,605,0.18,0.18,d8927aedee8fcfee16a2d8b73448110e471dbaa24a570b3a223eaaa8fa336e58,d842a810a046337b5363ff7dafdaa01aa4553912ce2afa4ee95c617158d8e0e7,2011,,0,FALSE,FALSE,FALSE,FALSE,FALSE,FALSE,FALSE,FALSE,ee8f1f1d17d164fc3d811ad86cc889d11c328f41d3cd55762069bc2161e48c9f,6a2baa27cd05157233063b825243be4bdf1a2dbc88db2a6cdfd0b2527b28716b
candidate,6,28,1000000,float,TRUE,pair_compact_double,double,typed_double,3,481,0.150999999999999,0.151000000000003,9778eddf855170d4c4702501b5240fa491a475187859f9e29c120edb42c46621,d842a810a046337b5363ff7dafdaa01aa4553912ce2afa4ee95c617158d8e0e7,2011,double,481,FALSE,FALSE,FALSE,FALSE,FALSE,FALSE,FALSE,FALSE,ee8f1f1d17d164fc3d811ad86cc889d11c328f41d3cd55762069bc2161e48c9f,6a2baa27cd05157233063b825243be4bdf1a2dbc88db2a6cdfd0b2527b28716b
candidate,6,29,1000000,float,TRUE,add_scalar,double,typed_double,1,552,0.164000000000001,0.164000000000001,c79c2ec291260c6f8d03c327d90d493416937a3f3bc9b85742b51e17a8fb7647,256764253c19afe4b22c7738fb2f83098a03d4dbde3db39ee8c24b205a95942a,1003,double,552,FALSE,FALSE,FALSE,FALSE,FALSE,FALSE,FALSE,FALSE,ee8f1f1d17d164fc3d811ad86cc889d11c328f41d3cd55762069bc2161e48c9f,6a2baa27cd05157233063b825243be4bdf1a2dbc88db2a6cdfd0b2527b28716b
candidate,6,29,1000000,float,TRUE,add_scalar,double,compact,2,276,0.150999999999999,0.150000000000006,9c2be51cd37c2d7977f794fada049c7c9ccc4011c9f81b26e042008f01cdd93e,256764253c19afe4b22c7738fb2f83098a03d4dbde3db39ee8c24b205a95942a,1003,float,276,TRUE,TRUE,FALSE,FALSE,FALSE,FALSE,FALSE,FALSE,ee8f1f1d17d164fc3d811ad86cc889d11c328f41d3cd55762069bc2161e48c9f,6a2baa27cd05157233063b825243be4bdf1a2dbc88db2a6cdfd0b2527b28716b
candidate,6,29,1000000,float,TRUE,add_scalar,double,ordinary,3,626,0.152000000000001,0.152000000000001,eea8177113c0d60b0ac4b300317d7673334b9c1e86f37a3c57e9519b022f9d21,256764253c19afe4b22c7738fb2f83098a03d4dbde3db39ee8c24b205a95942a,1003,,0,FALSE,FALSE,FALSE,FALSE,FALSE,FALSE,FALSE,FALSE,ee8f1f1d17d164fc3d811ad86cc889d11c328f41d3cd55762069bc2161e48c9f,6a2baa27cd05157233063b825243be4bdf1a2dbc88db2a6cdfd0b2527b28716b
candidate,6,30,1000000,float,TRUE,subtract_scalar,double,ordinary,1,417,0.101000000000001,0.100000000000001,6c2a6fd31fe3ea0da9f40037c0de77776efc81cd73d193a8ace88fee2b5b635c,256764253c19afe4b22c7738fb2f83098a03d4dbde3db39ee8c24b205a95942a,1003,,0,FALSE,FALSE,FALSE,FALSE,FALSE,FALSE,FALSE,FALSE,ee8f1f1d17d164fc3d811ad86cc889d11c328f41d3cd55762069bc2161e48c9f,6a2baa27cd05157233063b825243be4bdf1a2dbc88db2a6cdfd0b2527b28716b
candidate,6,30,1000000,float,TRUE,subtract_scalar,double,typed_double,2,569,0.152000000000001,0.152000000000001,5dbef6a14bd33ea02b60ee3c940050585fc891f61a49d29253c64524c4390951,256764253c19afe4b22c7738fb2f83098a03d4dbde3db39ee8c24b205a95942a,1003,double,569,FALSE,FALSE,FALSE,FALSE,FALSE,FALSE,FALSE,FALSE,ee8f1f1d17d164fc3d811ad86cc889d11c328f41d3cd55762069bc2161e48c9f,6a2baa27cd05157233063b825243be4bdf1a2dbc88db2a6cdfd0b2527b28716b
candidate,6,30,1000000,float,TRUE,subtract_scalar,double,compact,3,272,0.146999999999998,0.147000000000006,7125e60e6e7d4c92d9ed561efe37cfccac1593072e770a4f8d2a58f04113d3ae,256764253c19afe4b22c7738fb2f83098a03d4dbde3db39ee8c24b205a95942a,1003,float,272,TRUE,TRUE,FALSE,FALSE,FALSE,FALSE,FALSE,FALSE,ee8f1f1d17d164fc3d811ad86cc889d11c328f41d3cd55762069bc2161e48c9f,6a2baa27cd05157233063b825243be4bdf1a2dbc88db2a6cdfd0b2527b28716b
candidate,6,31,1000000,float,TRUE,reverse_subtract,double,compact,1,276,0.149000000000001,0.149000000000001,dad17b9a33695dc668a39e44c085af08afb1a2c7d0c49d2f0b645e18b67308a7,256764253c19afe4b22c7738fb2f83098a03d4dbde3db39ee8c24b205a95942a,1003,float,276,TRUE,TRUE,FALSE,FALSE,FALSE,FALSE,FALSE,FALSE,ee8f1f1d17d164fc3d811ad86cc889d11c328f41d3cd55762069bc2161e48c9f,6a2baa27cd05157233063b825243be4bdf1a2dbc88db2a6cdfd0b2527b28716b
candidate,6,31,1000000,float,TRUE,reverse_subtract,double,ordinary,2,625,0.166000000000004,0.165999999999997,96030f5d24b08e1ab9b8a2ffa4e31e33a89cd6cbabe88555e164d01758947f47,256764253c19afe4b22c7738fb2f83098a03d4dbde3db39ee8c24b205a95942a,1003,,0,FALSE,FALSE,FALSE,FALSE,FALSE,FALSE,FALSE,FALSE,ee8f1f1d17d164fc3d811ad86cc889d11c328f41d3cd55762069bc2161e48c9f,6a2baa27cd05157233063b825243be4bdf1a2dbc88db2a6cdfd0b2527b28716b
candidate,6,31,1000000,float,TRUE,reverse_subtract,double,typed_double,3,569,0.152000000000001,0.152000000000001,e3656220b598004f8cce68737d35a090279632fb58c8ef4b30d6940c65beb9cb,256764253c19afe4b22c7738fb2f83098a03d4dbde3db39ee8c24b205a95942a,1003,double,569,FALSE,FALSE,FALSE,FALSE,FALSE,FALSE,FALSE,FALSE,ee8f1f1d17d164fc3d811ad86cc889d11c328f41d3cd55762069bc2161e48c9f,6a2baa27cd05157233063b825243be4bdf1a2dbc88db2a6cdfd0b2527b28716b
candidate,6,32,1000000,float,TRUE,reverse_divide,double,typed_double,1,521,0.167000000000002,0.167000000000002,27389f6d40427639c8a912484d0249b1c9fab719ac17ee977d76419105918595,e18be1b0e89b4a0c64a4b1d8acff45284e54d26e14e2d4cbb5f3b282ba9e2bbf,1103,double,521,FALSE,FALSE,FALSE,FALSE,FALSE,FALSE,FALSE,FALSE,ee8f1f1d17d164fc3d811ad86cc889d11c328f41d3cd55762069bc2161e48c9f,6a2baa27cd05157233063b825243be4bdf1a2dbc88db2a6cdfd0b2527b28716b
candidate,6,32,1000000,float,TRUE,reverse_divide,double,compact,2,211,0.149999999999999,0.149999999999999,fd1eff5142c284b6c07eab1dafc2d8ac526155178019f828b5505195b8837d7f,e18be1b0e89b4a0c64a4b1d8acff45284e54d26e14e2d4cbb5f3b282ba9e2bbf,1103,float,211,TRUE,TRUE,FALSE,FALSE,FALSE,FALSE,FALSE,FALSE,ee8f1f1d17d164fc3d811ad86cc889d11c328f41d3cd55762069bc2161e48c9f,6a2baa27cd05157233063b825243be4bdf1a2dbc88db2a6cdfd0b2527b28716b
candidate,6,32,1000000,float,TRUE,reverse_divide,double,ordinary,3,625,0.149999999999999,0.149999999999999,53731942d799d1e23d351c412d455100c092173e72bb3ad15061a952b94a6c1e,256764253c19afe4b22c7738fb2f83098a03d4dbde3db39ee8c24b205a95942a,1003,,0,FALSE,FALSE,FALSE,FALSE,FALSE,FALSE,FALSE,FALSE,ee8f1f1d17d164fc3d811ad86cc889d11c328f41d3cd55762069bc2161e48c9f,6a2baa27cd05157233063b825243be4bdf1a2dbc88db2a6cdfd0b2527b28716b
candidate,6,33,1000000,long,FALSE,long_float_add,float,ordinary,1,586,0.168000000000002,0.167999999999999,5865d7f437b5487c8061f7274c6507b7ec0fc76362cd655e9259ebb78a28f057,6506614505e113daab08b3f894ca46d4d61867c7b007c413b47a669abe8aae67,0,,0,FALSE,FALSE,FALSE,FALSE,FALSE,FALSE,FALSE,FALSE,8937acbbe87ff127e6567f97e52c6a17dbe3ea7052a39a3b76abe25c8e7eeb13,31d3575e77d9d04b75880bca9e10dbd0e13e61d21795052921dd3f702d909dd7
candidate,6,33,1000000,long,FALSE,long_float_add,float,typed_double,2,481,0.168999999999997,0.170000000000002,5865d7f437b5487c8061f7274c6507b7ec0fc76362cd655e9259ebb78a28f057,6506614505e113daab08b3f894ca46d4d61867c7b007c413b47a669abe8aae67,0,double,481,FALSE,FALSE,FALSE,FALSE,FALSE,FALSE,FALSE,FALSE,8937acbbe87ff127e6567f97e52c6a17dbe3ea7052a39a3b76abe25c8e7eeb13,31d3575e77d9d04b75880bca9e10dbd0e13e61d21795052921dd3f702d909dd7
candidate,6,33,1000000,long,FALSE,long_float_add,float,compact,3,361,0.152999999999999,0.152999999999999,5865d7f437b5487c8061f7274c6507b7ec0fc76362cd655e9259ebb78a28f057,6506614505e113daab08b3f894ca46d4d61867c7b007c413b47a669abe8aae67,0,double,361,TRUE,TRUE,FALSE,FALSE,TRUE,TRUE,FALSE,FALSE,8937acbbe87ff127e6567f97e52c6a17dbe3ea7052a39a3b76abe25c8e7eeb13,31d3575e77d9d04b75880bca9e10dbd0e13e61d21795052921dd3f702d909dd7
candidate,6,34,1000000,long,TRUE,long_float_add,float,compact,1,261,0.164999999999999,0.164999999999999,087fb12a32e314d333c4287225113c3c6e3a135a9c18c162b3b5753b80f4350c,d842a810a046337b5363ff7dafdaa01aa4553912ce2afa4ee95c617158d8e0e7,2011,double,261,TRUE,TRUE,FALSE,FALSE,TRUE,TRUE,FALSE,FALSE,5af7169f9d20a77a6f06236647a66be1493d6e155163c245a466bda43242d0e7,6a2baa27cd05157233063b825243be4bdf1a2dbc88db2a6cdfd0b2527b28716b
candidate,6,34,1000000,long,TRUE,long_float_add,float,ordinary,2,605,0.172000000000004,0.171999999999997,ea5ac2e3896755c3d5082b83561d8673bb4f0147a7690b804a8d74cecbeda4c1,d842a810a046337b5363ff7dafdaa01aa4553912ce2afa4ee95c617158d8e0e7,2011,,0,FALSE,FALSE,FALSE,FALSE,FALSE,FALSE,FALSE,FALSE,5af7169f9d20a77a6f06236647a66be1493d6e155163c245a466bda43242d0e7,6a2baa27cd05157233063b825243be4bdf1a2dbc88db2a6cdfd0b2527b28716b
candidate,6,34,1000000,long,TRUE,long_float_add,float,typed_double,3,494,0.155000000000001,0.155000000000001,087fb12a32e314d333c4287225113c3c6e3a135a9c18c162b3b5753b80f4350c,d842a810a046337b5363ff7dafdaa01aa4553912ce2afa4ee95c617158d8e0e7,2011,double,494,FALSE,FALSE,FALSE,FALSE,FALSE,FALSE,FALSE,FALSE,5af7169f9d20a77a6f06236647a66be1493d6e155163c245a466bda43242d0e7,6a2baa27cd05157233063b825243be4bdf1a2dbc88db2a6cdfd0b2527b28716b
baseline,6,1,1000000,int,FALSE,scale_binary,double,compact,1,586,0.141,0.142,43cbc5fa02580f73a834cffb43a5ba0a0f4d7303cec536a2e3c58f1f469eb824,6506614505e113daab08b3f894ca46d4d61867c7b007c413b47a669abe8aae67,0,int,586,TRUE,TRUE,FALSE,FALSE,FALSE,FALSE,FALSE,FALSE,8937acbbe87ff127e6567f97e52c6a17dbe3ea7052a39a3b76abe25c8e7eeb13,31d3575e77d9d04b75880bca9e10dbd0e13e61d21795052921dd3f702d909dd7
baseline,6,1,1000000,int,FALSE,scale_binary,double,ordinary,2,586,0.164,0.164,43cbc5fa02580f73a834cffb43a5ba0a0f4d7303cec536a2e3c58f1f469eb824,6506614505e113daab08b3f894ca46d4d61867c7b007c413b47a669abe8aae67,0,,0,FALSE,FALSE,FALSE,FALSE,FALSE,FALSE,FALSE,FALSE,8937acbbe87ff127e6567f97e52c6a17dbe3ea7052a39a3b76abe25c8e7eeb13,31d3575e77d9d04b75880bca9e10dbd0e13e61d21795052921dd3f702d909dd7
baseline,6,1,1000000,int,FALSE,scale_binary,double,typed_double,3,552,0.182,0.183,43cbc5fa02580f73a834cffb43a5ba0a0f4d7303cec536a2e3c58f1f469eb824,6506614505e113daab08b3f894ca46d4d61867c7b007c413b47a669abe8aae67,0,double,552,FALSE,FALSE,FALSE,FALSE,FALSE,FALSE,FALSE,FALSE,8937acbbe87ff127e6567f97e52c6a17dbe3ea7052a39a3b76abe25c8e7eeb13,31d3575e77d9d04b75880bca9e10dbd0e13e61d21795052921dd3f702d909dd7
baseline,6,2,1000000,int,FALSE,scale_general,double,typed_double,1,536,0.163,0.164,98c11364f9b15cf1e1696537d86d727f3e1efaa44f5b303a15ed033179b4e86a,6506614505e113daab08b3f894ca46d4d61867c7b007c413b47a669abe8aae67,0,double,536,FALSE,FALSE,FALSE,FALSE,FALSE,FALSE,FALSE,FALSE,8937acbbe87ff127e6567f97e52c6a17dbe3ea7052a39a3b76abe25c8e7eeb13,31d3575e77d9d04b75880bca9e10dbd0e13e61d21795052921dd3f702d909dd7
baseline,6,2,1000000,int,FALSE,scale_general,double,compact,2,94,0.146,0.146,5b22560fab6c3b27f5e82592f7a486b943278dbe0e1d82a8c99735d3ee13430b,6506614505e113daab08b3f894ca46d4d61867c7b007c413b47a669abe8aae67,0,float,94,TRUE,TRUE,FALSE,FALSE,FALSE,FALSE,FALSE,FALSE,8937acbbe87ff127e6567f97e52c6a17dbe3ea7052a39a3b76abe25c8e7eeb13,31d3575e77d9d04b75880bca9e10dbd0e13e61d21795052921dd3f702d909dd7
baseline,6,2,1000000,int,FALSE,scale_general,double,ordinary,3,605,0.164,0.163,98c11364f9b15cf1e1696537d86d727f3e1efaa44f5b303a15ed033179b4e86a,6506614505e113daab08b3f894ca46d4d61867c7b007c413b47a669abe8aae67,0,,0,FALSE,FALSE,FALSE,FALSE,FALSE,FALSE,FALSE,FALSE,8937acbbe87ff127e6567f97e52c6a17dbe3ea7052a39a3b76abe25c8e7eeb13,31d3575e77d9d04b75880bca9e10dbd0e13e61d21795052921dd3f702d909dd7
baseline,6,3,1000000,int,FALSE,pair_compact_double,double,ordinary,1,569,0.166,0.165999999999999,5865d7f437b5487c8061f7274c6507b7ec0fc76362cd655e9259ebb78a28f057,6506614505e113daab08b3f894ca46d4d61867c7b007c413b47a669abe8aae67,0,,0,FALSE,FALSE,FALSE,FALSE,FALSE,FALSE,FALSE,FALSE,8937acbbe87ff127e6567f97e52c6a17dbe3ea7052a39a3b76abe25c8e7eeb13,31d3575e77d9d04b75880bca9e10dbd0e13e61d21795052921dd3f702d909dd7
baseline,6,3,1000000,int,FALSE,pair_compact_double,double,typed_double,2,469,0.168999999999999,0.167999999999999,5865d7f437b5487c8061f7274c6507b7ec0fc76362cd655e9259ebb78a28f057,6506614505e113daab08b3f894ca46d4d61867c7b007c413b47a669abe8aae67,0,double,469,FALSE,FALSE,FALSE,FALSE,FALSE,FALSE,FALSE,FALSE,8937acbbe87ff127e6567f97e52c6a17dbe3ea7052a39a3b76abe25c8e7eeb13,31d3575e77d9d04b75880bca9e10dbd0e13e61d21795052921dd3f702d909dd7
baseline,6,3,1000000,int,FALSE,pair_compact_double,double,compact,3,97,0.138999999999999,0.139,5865d7f437b5487c8061f7274c6507b7ec0fc76362cd655e9259ebb78a28f057,6506614505e113daab08b3f894ca46d4d61867c7b007c413b47a669abe8aae67,0,double,97,TRUE,TRUE,FALSE,FALSE,FALSE,FALSE,FALSE,FALSE,8937acbbe87ff127e6567f97e52c6a17dbe3ea7052a39a3b76abe25c8e7eeb13,31d3575e77d9d04b75880bca9e10dbd0e13e61d21795052921dd3f702d909dd7
baseline,6,4,1000000,int,FALSE,add_scalar,double,compact,1,32,0.152,0.153,c71ccca92de640a85316ddcd6d7a40e76d086d97708e3a6315956ca169418a51,6506614505e113daab08b3f894ca46d4d61867c7b007c413b47a669abe8aae67,0,float,32,TRUE,TRUE,FALSE,FALSE,FALSE,FALSE,FALSE,FALSE,8937acbbe87ff127e6567f97e52c6a17dbe3ea7052a39a3b76abe25c8e7eeb13,31d3575e77d9d04b75880bca9e10dbd0e13e61d21795052921dd3f702d909dd7
baseline,6,4,1000000,int,FALSE,add_scalar,double,ordinary,2,625,0.167,0.168,1439f7f16fb3a12c3e378be19f4f968bfd8ba0b13d49fd661b844b18b3b58d40,6506614505e113daab08b3f894ca46d4d61867c7b007c413b47a669abe8aae67,0,,0,FALSE,FALSE,FALSE,FALSE,FALSE,FALSE,FALSE,FALSE,8937acbbe87ff127e6567f97e52c6a17dbe3ea7052a39a3b76abe25c8e7eeb13,31d3575e77d9d04b75880bca9e10dbd0e13e61d21795052921dd3f702d909dd7
baseline,6,4,1000000,int,FALSE,add_scalar,double,typed_double,3,361,0.149,0.149,1439f7f16fb3a12c3e378be19f4f968bfd8ba0b13d49fd661b844b18b3b58d40,6506614505e113daab08b3f894ca46d4d61867c7b007c413b47a669abe8aae67,0,double,361,FALSE,FALSE,FALSE,FALSE,FALSE,FALSE,FALSE,FALSE,8937acbbe87ff127e6567f97e52c6a17dbe3ea7052a39a3b76abe25c8e7eeb13,31d3575e77d9d04b75880bca9e10dbd0e13e61d21795052921dd3f702d909dd7
baseline,6,5,1000000,int,FALSE,subtract_scalar,double,typed_double,1,361,0.149999999999999,0.15,4d7fa72c39df54d095261c83239d5980d0a1ff94839d263f9a7dfea5049791fe,6506614505e113daab08b3f894ca46d4d61867c7b007c413b47a669abe8aae67,0,double,361,FALSE,FALSE,FALSE,FALSE,FALSE,FALSE,FALSE,FALSE,8937acbbe87ff127e6567f97e52c6a17dbe3ea7052a39a3b76abe25c8e7eeb13,31d3575e77d9d04b75880bca9e10dbd0e13e61d21795052921dd3f702d909dd7
baseline,6,5,1000000,int,FALSE,subtract_scalar,double,compact,2,31,0.162999999999999,0.164,ac41a62f122b430ac56496c53bc2efc0f8e7b183de1fa7f57d32683c2f951555,6506614505e113daab08b3f894ca46d4d61867c7b007c413b47a669abe8aae67,0,float,31,TRUE,TRUE,FALSE,FALSE,FALSE,FALSE,FALSE,FALSE,8937acbbe87ff127e6567f97e52c6a17dbe3ea7052a39a3b76abe25c8e7eeb13,31d3575e77d9d04b75880bca9e10dbd0e13e61d21795052921dd3f702d909dd7
baseline,6,5,1000000,int,FALSE,subtract_scalar,double,ordinary,3,626,0.164000000000001,0.164000000000001,4d7fa72c39df54d095261c83239d5980d0a1ff94839d263f9a7dfea5049791fe,6506614505e113daab08b3f894ca46d4d61867c7b007c413b47a669abe8aae67,0,,0,FALSE,FALSE,FALSE,FALSE,FALSE,FALSE,FALSE,FALSE,8937acbbe87ff127e6567f97e52c6a17dbe3ea7052a39a3b76abe25c8e7eeb13,31d3575e77d9d04b75880bca9e10dbd0e13e61d21795052921dd3f702d909dd7
baseline,6,6,1000000,int,FALSE,reverse_subtract,double,ordinary,1,626,0.166,0.166,c10b10b4e2f1f397fc6fe7eaa9e5b4584cc0a290911e13c8fea846c487bfa36d,6506614505e113daab08b3f894ca46d4d61867c7b007c413b47a669abe8aae67,0,,0,FALSE,FALSE,FALSE,FALSE,FALSE,FALSE,FALSE,FALSE,8937acbbe87ff127e6567f97e52c6a17dbe3ea7052a39a3b76abe25c8e7eeb13,31d3575e77d9d04b75880bca9e10dbd0e13e61d21795052921dd3f702d909dd7
baseline,6,6,1000000,int,FALSE,reverse_subtract,double,typed_double,2,368,0.15,0.151,c10b10b4e2f1f397fc6fe7eaa9e5b4584cc0a290911e13c8fea846c487bfa36d,6506614505e113daab08b3f894ca46d4d61867c7b007c413b47a669abe8aae67,0,double,368,FALSE,FALSE,FALSE,FALSE,FALSE,FALSE,FALSE,FALSE,8937acbbe87ff127e6567f97e52c6a17dbe3ea7052a39a3b76abe25c8e7eeb13,31d3575e77d9d04b75880bca9e10dbd0e13e61d21795052921dd3f702d909dd7
baseline,6,6,1000000,int,FALSE,reverse_subtract,double,compact,3,32,0.153000000000001,0.152999999999999,4e06bb9d84e68d2b3176d8d9d719b5bb97dc463a99c72430d73baf543d93b6fd,6506614505e113daab08b3f894ca46d4d61867c7b007c413b47a669abe8aae67,0,float,32,TRUE,TRUE,FALSE,FALSE,FALSE,FALSE,FALSE,FALSE,8937acbbe87ff127e6567f97e52c6a17dbe3ea7052a39a3b76abe25c8e7eeb13,31d3575e77d9d04b75880bca9e10dbd0e13e61d21795052921dd3f702d909dd7
baseline,6,7,1000000,int,FALSE,reverse_divide,double,compact,1,105,0.157000000000001,0.157,cbafe8b44fab1872729be2227cecddc875873c3653e6ebf01ce53e917fceee0e,8dca1eb700a45aaace59ea0c206000bfb6345887d8c82d9a5f1f6a86211aeab4,100,float,105,TRUE,TRUE,FALSE,FALSE,FALSE,FALSE,FALSE,FALSE,8937acbbe87ff127e6567f97e52c6a17dbe3ea7052a39a3b76abe25c8e7eeb13,31d3575e77d9d04b75880bca9e10dbd0e13e61d21795052921dd3f702d909dd7
baseline,6,7,1000000,int,FALSE,reverse_divide,double,ordinary,2,626,0.151,0.152000000000001,286e6f4fcb574961d21ee0ffc03c2d1c268671051cddf977b0eb1236cc5ce88a,6506614505e113daab08b3f894ca46d4d61867c7b007c413b47a669abe8aae67,0,,0,FALSE,FALSE,FALSE,FALSE,FALSE,FALSE,FALSE,FALSE,8937acbbe87ff127e6567f97e52c6a17dbe3ea7052a39a3b76abe25c8e7eeb13,31d3575e77d9d04b75880bca9e10dbd0e13e61d21795052921dd3f702d909dd7
baseline,6,7,1000000,int,FALSE,reverse_divide,double,typed_double,3,521,0.171,0.17,edabd46066f8ec30bbc81fe8d9a4c7ef506d3d9a77408a1b0c6a5be7df3e4721,8dca1eb700a45aaace59ea0c206000bfb6345887d8c82d9a5f1f6a86211aeab4,100,double,521,FALSE,FALSE,FALSE,FALSE,FALSE,FALSE,FALSE,FALSE,8937acbbe87ff127e6567f97e52c6a17dbe3ea7052a39a3b76abe25c8e7eeb13,31d3575e77d9d04b75880bca9e10dbd0e13e61d21795052921dd3f702d909dd7
baseline,6,8,1000000,int,FALSE,mixed_add,float,typed_double,1,494,0.153,0.152999999999999,5865d7f437b5487c8061f7274c6507b7ec0fc76362cd655e9259ebb78a28f057,6506614505e113daab08b3f894ca46d4d61867c7b007c413b47a669abe8aae67,0,double,494,FALSE,FALSE,FALSE,FALSE,FALSE,FALSE,FALSE,FALSE,8937acbbe87ff127e6567f97e52c6a17dbe3ea7052a39a3b76abe25c8e7eeb13,31d3575e77d9d04b75880bca9e10dbd0e13e61d21795052921dd3f702d909dd7
baseline,6,8,1000000,int,FALSE,mixed_add,float,compact,2,82,0.15,0.15,5865d7f437b5487c8061f7274c6507b7ec0fc76362cd655e9259ebb78a28f057,6506614505e113daab08b3f894ca46d4d61867c7b007c413b47a669abe8aae67,0,float,82,TRUE,TRUE,FALSE,FALSE,TRUE,TRUE,FALSE,FALSE,8937acbbe87ff127e6567f97e52c6a17dbe3ea7052a39a3b76abe25c8e7eeb13,31d3575e77d9d04b75880bca9e10dbd0e13e61d21795052921dd3f702d909dd7
baseline,6,8,1000000,int,FALSE,mixed_add,float,ordinary,3,399,0.103999999999999,0.105,5865d7f437b5487c8061f7274c6507b7ec0fc76362cd655e9259ebb78a28f057,6506614505e113daab08b3f894ca46d4d61867c7b007c413b47a669abe8aae67,0,,0,FALSE,FALSE,FALSE,FALSE,FALSE,FALSE,FALSE,FALSE,8937acbbe87ff127e6567f97e52c6a17dbe3ea7052a39a3b76abe25c8e7eeb13,31d3575e77d9d04b75880bca9e10dbd0e13e61d21795052921dd3f702d909dd7
baseline,6,9,1000000,int,FALSE,mixed_multiply,float,ordinary,1,586,0.167999999999999,0.167999999999999,74e198320fcef535d96d5240bf6315c7f048f937cff6728206c4dc3e49c71557,6506614505e113daab08b3f894ca46d4d61867c7b007c413b47a669abe8aae67,0,,0,FALSE,FALSE,FALSE,FALSE,FALSE,FALSE,FALSE,FALSE,8937acbbe87ff127e6567f97e52c6a17dbe3ea7052a39a3b76abe25c8e7eeb13,31d3575e77d9d04b75880bca9e10dbd0e13e61d21795052921dd3f702d909dd7
baseline,6,9,1000000,int,FALSE,mixed_multiply,float,typed_double,2,469,0.166,0.165000000000001,74e198320fcef535d96d5240bf6315c7f048f937cff6728206c4dc3e49c71557,6506614505e113daab08b3f894ca46d4d61867c7b007c413b47a669abe8aae67,0,double,469,FALSE,FALSE,FALSE,FALSE,FALSE,FALSE,FALSE,FALSE,8937acbbe87ff127e6567f97e52c6a17dbe3ea7052a39a3b76abe25c8e7eeb13,31d3575e77d9d04b75880bca9e10dbd0e13e61d21795052921dd3f702d909dd7
baseline,6,9,1000000,int,FALSE,mixed_multiply,float,compact,3,82,0.152000000000001,0.152999999999999,74e198320fcef535d96d5240bf6315c7f048f937cff6728206c4dc3e49c71557,6506614505e113daab08b3f894ca46d4d61867c7b007c413b47a669abe8aae67,0,float,82,TRUE,TRUE,FALSE,FALSE,TRUE,TRUE,FALSE,FALSE,8937acbbe87ff127e6567f97e52c6a17dbe3ea7052a39a3b76abe25c8e7eeb13,31d3575e77d9d04b75880bca9e10dbd0e13e61d21795052921dd3f702d909dd7
baseline,6,10,1000000,int,TRUE,scale_binary,double,compact,1,569,0.136999999999999,0.136000000000001,406aa86104df9ebd1e49e25bbc9266cbc0cc152fd09e7d28efa1e3b9f07c7f98,256764253c19afe4b22c7738fb2f83098a03d4dbde3db39ee8c24b205a95942a,1003,int,569,TRUE,TRUE,FALSE,FALSE,FALSE,FALSE,FALSE,FALSE,5af7169f9d20a77a6f06236647a66be1493d6e155163c245a466bda43242d0e7,6a2baa27cd05157233063b825243be4bdf1a2dbc88db2a6cdfd0b2527b28716b
baseline,6,10,1000000,int,TRUE,scale_binary,double,ordinary,2,569,0.155000000000001,0.154999999999998,b10ddc1e7177ef92cdb14943c3981218bcd426a31f9c7d156ed4dbd4ea86c948,256764253c19afe4b22c7738fb2f83098a03d4dbde3db39ee8c24b205a95942a,1003,,0,FALSE,FALSE,FALSE,FALSE,FALSE,FALSE,FALSE,FALSE,5af7169f9d20a77a6f06236647a66be1493d6e155163c245a466bda43242d0e7,6a2baa27cd05157233063b825243be4bdf1a2dbc88db2a6cdfd0b2527b28716b
baseline,6,10,1000000,int,TRUE,scale_binary,double,typed_double,3,569,0.154000000000003,0.154,406aa86104df9ebd1e49e25bbc9266cbc0cc152fd09e7d28efa1e3b9f07c7f98,256764253c19afe4b22c7738fb2f83098a03d4dbde3db39ee8c24b205a95942a,1003,double,569,FALSE,FALSE,FALSE,FALSE,FALSE,FALSE,FALSE,FALSE,5af7169f9d20a77a6f06236647a66be1493d6e155163c245a466bda43242d0e7,6a2baa27cd05157233063b825243be4bdf1a2dbc88db2a6cdfd0b2527b28716b
baseline,6,11,1000000,int,TRUE,scale_general,double,typed_double,1,569,0.170000000000002,0.169,69569d7d3b174986a7ae48d2c2f67dcea32be4e102725873e2cfa7cf5e4f9d02,256764253c19afe4b22c7738fb2f83098a03d4dbde3db39ee8c24b205a95942a,1003,double,569,FALSE,FALSE,FALSE,FALSE,FALSE,FALSE,FALSE,FALSE,5af7169f9d20a77a6f06236647a66be1493d6e155163c245a466bda43242d0e7,6a2baa27cd05157233063b825243be4bdf1a2dbc88db2a6cdfd0b2527b28716b
baseline,6,11,1000000,int,TRUE,scale_general,double,compact,2,84,0.151,0.151000000000003,38447e334649e5d7eda33f0001bed517c428980c028a15d2e1699be9ef65cf3a,256764253c19afe4b22c7738fb2f83098a03d4dbde3db39ee8c24b205a95942a,1003,float,84,TRUE,TRUE,FALSE,FALSE,FALSE,FALSE,FALSE,FALSE,5af7169f9d20a77a6f06236647a66be1493d6e155163c245a466bda43242d0e7,6a2baa27cd05157233063b825243be4bdf1a2dbc88db2a6cdfd0b2527b28716b
baseline,6,11,1000000,int,TRUE,scale_general,double,ordinary,3,625,0.167000000000002,0.167000000000002,ea5220c4891c83ca4d6c555d28f6502adbaf6141ce7d6cf4825e9d27d0d51944,256764253c19afe4b22c7738fb2f83098a03d4dbde3db39ee8c24b205a95942a,1003,,0,FALSE,FALSE,FALSE,FALSE,FALSE,FALSE,FALSE,FALSE,5af7169f9d20a77a6f06236647a66be1493d6e155163c245a466bda43242d0e7,6a2baa27cd05157233063b825243be4bdf1a2dbc88db2a6cdfd0b2527b28716b
baseline,6,12,1000000,int,TRUE,pair_compact_double,double,ordinary,1,586,0.166,0.167000000000002,ea5ac2e3896755c3d5082b83561d8673bb4f0147a7690b804a8d74cecbeda4c1,d842a810a046337b5363ff7dafdaa01aa4553912ce2afa4ee95c617158d8e0e7,2011,,0,FALSE,FALSE,FALSE,FALSE,FALSE,FALSE,FALSE,FALSE,5af7169f9d20a77a6f06236647a66be1493d6e155163c245a466bda43242d0e7,6a2baa27cd05157233063b825243be4bdf1a2dbc88db2a6cdfd0b2527b28716b
baseline,6,12,1000000,int,TRUE,pair_compact_double,double,typed_double,2,481,0.152,0.152000000000001,087fb12a32e314d333c4287225113c3c6e3a135a9c18c162b3b5753b80f4350c,d842a810a046337b5363ff7dafdaa01aa4553912ce2afa4ee95c617158d8e0e7,2011,double,481,FALSE,FALSE,FALSE,FALSE,FALSE,FALSE,FALSE,FALSE,5af7169f9d20a77a6f06236647a66be1493d6e155163c245a466bda43242d0e7,6a2baa27cd05157233063b825243be4bdf1a2dbc88db2a6cdfd0b2527b28716b
baseline,6,12,1000000,int,TRUE,pair_compact_double,double,compact,3,111,0.152,0.152999999999999,087fb12a32e314d333c4287225113c3c6e3a135a9c18c162b3b5753b80f4350c,d842a810a046337b5363ff7dafdaa01aa4553912ce2afa4ee95c617158d8e0e7,2011,double,111,TRUE,TRUE,FALSE,FALSE,FALSE,FALSE,FALSE,FALSE,5af7169f9d20a77a6f06236647a66be1493d6e155163c245a466bda43242d0e7,6a2baa27cd05157233063b825243be4bdf1a2dbc88db2a6cdfd0b2527b28716b
baseline,6,13,1000000,int,TRUE,add_scalar,double,compact,1,21,0.157,0.157,9298ae1fd450cae2b62dc96ace3bab841bc59b30cfc46e1ecc19a5d300510c90,256764253c19afe4b22c7738fb2f83098a03d4dbde3db39ee8c24b205a95942a,1003,float,21,TRUE,TRUE,FALSE,FALSE,FALSE,FALSE,FALSE,FALSE,5af7169f9d20a77a6f06236647a66be1493d6e155163c245a466bda43242d0e7,6a2baa27cd05157233063b825243be4bdf1a2dbc88db2a6cdfd0b2527b28716b
baseline,6,13,1000000,int,TRUE,add_scalar,double,ordinary,2,626,0.151999999999997,0.151999999999997,a05775d63d44cef2dc1fafd0012e87fb382790e3551020edeb65dba214805f6a,256764253c19afe4b22c7738fb2f83098a03d4dbde3db39ee8c24b205a95942a,1003,,0,FALSE,FALSE,FALSE,FALSE,FALSE,FALSE,FALSE,FALSE,5af7169f9d20a77a6f06236647a66be1493d6e155163c245a466bda43242d0e7,6a2baa27cd05157233063b825243be4bdf1a2dbc88db2a6cdfd0b2527b28716b
baseline,6,13,1000000,int,TRUE,add_scalar,double,typed_double,3,293,0.121000000000001,0.120000000000001,3c99edfd213a70ad9e7387e7d2693e7278b2f41d1da572a7c0f2c136c10a0f54,256764253c19afe4b22c7738fb2f83098a03d4dbde3db39ee8c24b205a95942a,1003,double,293,FALSE,FALSE,FALSE,FALSE,FALSE,FALSE,FALSE,FALSE,5af7169f9d20a77a6f06236647a66be1493d6e155163c245a466bda43242d0e7,6a2baa27cd05157233063b825243be4bdf1a2dbc88db2a6cdfd0b2527b28716b
baseline,6,14,1000000,int,TRUE,subtract_scalar,double,typed_double,1,361,0.149,0.149000000000001,0834dd898be45a06c2b25b69b1eaac5c18492a3f92f29fe34d2ee1bca21c6c24,256764253c19afe4b22c7738fb2f83098a03d4dbde3db39ee8c24b205a95942a,1003,double,361,FALSE,FALSE,FALSE,FALSE,FALSE,FALSE,FALSE,FALSE,5af7169f9d20a77a6f06236647a66be1493d6e155163c245a466bda43242d0e7,6a2baa27cd05157233063b825243be4bdf1a2dbc88db2a6cdfd0b2527b28716b
baseline,6,14,1000000,int,TRUE,subtract_scalar,double,compact,2,21,0.161999999999999,0.163,d1a2fd6c5ab8d0e4a10c61dbb097a7ab3009923cb6ed72a793f42244b3f68ec6,256764253c19afe4b22c7738fb2f83098a03d4dbde3db39ee8c24b205a95942a,1003,float,21,TRUE,TRUE,FALSE,FALSE,FALSE,FALSE,FALSE,FALSE,5af7169f9d20a77a6f06236647a66be1493d6e155163c245a466bda43242d0e7,6a2baa27cd05157233063b825243be4bdf1a2dbc88db2a6cdfd0b2527b28716b
baseline,6,14,1000000,int,TRUE,subtract_scalar,double,ordinary,3,647,0.170999999999999,0.170999999999999,66c6c50fe1b9ab56178355238f6fb6b10837cc4c6935acaf14868f2895baa864,256764253c19afe4b22c7738fb2f83098a03d4dbde3db39ee8c24b205a95942a,1003,,0,FALSE,FALSE,FALSE,FALSE,FALSE,FALSE,FALSE,FALSE,5af7169f9d20a77a6f06236647a66be1493d6e155163c245a466bda43242d0e7,6a2baa27cd05157233063b825243be4bdf1a2dbc88db2a6cdfd0b2527b28716b
baseline,6,15,1000000,int,TRUE,reverse_subtract,double,ordinary,1,647,0.154,0.154,eeadc1ac8a182c5e9ac0af8ed545484b93cc60cd2781d423e67e76b038bbb02f,256764253c19afe4b22c7738fb2f83098a03d4dbde3db39ee8c24b205a95942a,1003,,0,FALSE,FALSE,FALSE,FALSE,FALSE,FALSE,FALSE,FALSE,5af7169f9d20a77a6f06236647a66be1493d6e155163c245a466bda43242d0e7,6a2baa27cd05157233063b825243be4bdf1a2dbc88db2a6cdfd0b2527b28716b
baseline,6,15,1000000,int,TRUE,reverse_subtract,double,typed_double,2,368,0.149999999999999,0.149999999999999,7772556aaab7540c9cbc83fbef93b5ce837a74b5f0bfbf9f4d7e1d6c2f9d6aca,256764253c19afe4b22c7738fb2f83098a03d4dbde3db39ee8c24b205a95942a,1003,double,368,FALSE,FALSE,FALSE,FALSE,FALSE,FALSE,FALSE,FALSE,5af7169f9d20a77a6f06236647a66be1493d6e155163c245a466bda43242d0e7,6a2baa27cd05157233063b825243be4bdf1a2dbc88db2a6cdfd0b2527b28716b
baseline,6,15,1000000,int,TRUE,reverse_subtract,double,compact,3,19,0.154,0.154,ce55a919f3651ad54050585ceac6df58ade9a7234536c53b2e30cf24dc97456a,256764253c19afe4b22c7738fb2f83098a03d4dbde3db39ee8c24b205a95942a,1003,float,19,TRUE,TRUE,FALSE,FALSE,FALSE,FALSE,FALSE,FALSE,5af7169f9d20a77a6f06236647a66be1493d6e155163c245a466bda43242d0e7,6a2baa27cd05157233063b825243be4bdf1a2dbc88db2a6cdfd0b2527b28716b
baseline,6,16,1000000,int,TRUE,reverse_divide,double,compact,1,80,0.150999999999999,0.150000000000002,8e2880166f67afb3324288a562f812ea1ac87aa63f348f9c4373df1017394a64,e18be1b0e89b4a0c64a4b1d8acff45284e54d26e14e2d4cbb5f3b282ba9e2bbf,1103,float,80,TRUE,TRUE,FALSE,FALSE,FALSE,FALSE,FALSE,FALSE,5af7169f9d20a77a6f06236647a66be1493d6e155163c245a466bda43242d0e7,6a2baa27cd05157233063b825243be4bdf1a2dbc88db2a6cdfd0b2527b28716b
baseline,6,16,1000000,int,TRUE,reverse_divide,double,ordinary,2,625,0.152999999999999,0.153000000000002,5919a3b9c611a609b75579ae435ea59e6a6602e36aae9ea52a62df3f56ed00e9,256764253c19afe4b22c7738fb2f83098a03d4dbde3db39ee8c24b205a95942a,1003,,0,FALSE,FALSE,FALSE,FALSE,FALSE,FALSE,FALSE,FALSE,5af7169f9d20a77a6f06236647a66be1493d6e155163c245a466bda43242d0e7,6a2baa27cd05157233063b825243be4bdf1a2dbc88db2a6cdfd0b2527b28716b
baseline,6,16,1000000,int,TRUE,reverse_divide,double,typed_double,3,494,0.162000000000003,0.161000000000001,46c9fedb1b90dde4d28d485b133b143f17d4c7ef7b2ba3baae533c5a3d0656ea,e18be1b0e89b4a0c64a4b1d8acff45284e54d26e14e2d4cbb5f3b282ba9e2bbf,1103,double,494,FALSE,FALSE,FALSE,FALSE,FALSE,FALSE,FALSE,FALSE,5af7169f9d20a77a6f06236647a66be1493d6e155163c245a466bda43242d0e7,6a2baa27cd05157233063b825243be4bdf1a2dbc88db2a6cdfd0b2527b28716b
baseline,6,17,1000000,int,TRUE,mixed_add,float,typed_double,1,481,0.165999999999997,0.166,087fb12a32e314d333c4287225113c3c6e3a135a9c18c162b3b5753b80f4350c,d842a810a046337b5363ff7dafdaa01aa4553912ce2afa4ee95c617158d8e0e7,2011,double,481,FALSE,FALSE,FALSE,FALSE,FALSE,FALSE,FALSE,FALSE,5af7169f9d20a77a6f06236647a66be1493d6e155163c245a466bda43242d0e7,6a2baa27cd05157233063b825243be4bdf1a2dbc88db2a6cdfd0b2527b28716b
baseline,6,17,1000000,int,TRUE,mixed_add,float,compact,2,82,0.151999999999997,0.151999999999997,087fb12a32e314d333c4287225113c3c6e3a135a9c18c162b3b5753b80f4350c,d842a810a046337b5363ff7dafdaa01aa4553912ce2afa4ee95c617158d8e0e7,2011,float,82,TRUE,TRUE,FALSE,FALSE,TRUE,TRUE,FALSE,FALSE,5af7169f9d20a77a6f06236647a66be1493d6e155163c245a466bda43242d0e7,6a2baa27cd05157233063b825243be4bdf1a2dbc88db2a6cdfd0b2527b28716b
baseline,6,17,1000000,int,TRUE,mixed_add,float,ordinary,3,586,0.152000000000001,0.152000000000001,ea5ac2e3896755c3d5082b83561d8673bb4f0147a7690b804a8d74cecbeda4c1,d842a810a046337b5363ff7dafdaa01aa4553912ce2afa4ee95c617158d8e0e7,2011,,0,FALSE,FALSE,FALSE,FALSE,FALSE,FALSE,FALSE,FALSE,5af7169f9d20a77a6f06236647a66be1493d6e155163c245a466bda43242d0e7,6a2baa27cd05157233063b825243be4bdf1a2dbc88db2a6cdfd0b2527b28716b
baseline,6,18,1000000,int,TRUE,mixed_multiply,float,ordinary,1,399,0.103999999999999,0.103999999999999,4e15a12f73c542a9193d69c8d13f89eb8b7adf975c41c2fdf2ef19e40aa99344,d842a810a046337b5363ff7dafdaa01aa4553912ce2afa4ee95c617158d8e0e7,2011,,0,FALSE,FALSE,FALSE,FALSE,FALSE,FALSE,FALSE,FALSE,5af7169f9d20a77a6f06236647a66be1493d6e155163c245a466bda43242d0e7,6a2baa27cd05157233063b825243be4bdf1a2dbc88db2a6cdfd0b2527b28716b
baseline,6,18,1000000,int,TRUE,mixed_multiply,float,typed_double,2,408,0.128,0.128,567cb444c88381ecb7601b5374668c9d2a719ee733326a0fd33b4e0cf98f607d,d842a810a046337b5363ff7dafdaa01aa4553912ce2afa4ee95c617158d8e0e7,2011,double,408,FALSE,FALSE,FALSE,FALSE,FALSE,FALSE,FALSE,FALSE,5af7169f9d20a77a6f06236647a66be1493d6e155163c245a466bda43242d0e7,6a2baa27cd05157233063b825243be4bdf1a2dbc88db2a6cdfd0b2527b28716b
baseline,6,18,1000000,int,TRUE,mixed_multiply,float,compact,3,82,0.152,0.151,567cb444c88381ecb7601b5374668c9d2a719ee733326a0fd33b4e0cf98f607d,d842a810a046337b5363ff7dafdaa01aa4553912ce2afa4ee95c617158d8e0e7,2011,float,82,TRUE,TRUE,FALSE,FALSE,TRUE,TRUE,FALSE,FALSE,5af7169f9d20a77a6f06236647a66be1493d6e155163c245a466bda43242d0e7,6a2baa27cd05157233063b825243be4bdf1a2dbc88db2a6cdfd0b2527b28716b
baseline,6,19,1000000,float,FALSE,scale_binary,double,compact,1,458,0.15,0.149999999999999,5e4cb543f32269b2c2218b394ad1c41d44f6b32b3f8be7d200655b3b7d11f177,6506614505e113daab08b3f894ca46d4d61867c7b007c413b47a669abe8aae67,0,float,458,TRUE,TRUE,FALSE,FALSE,FALSE,FALSE,FALSE,FALSE,7f1c1a27229f7a699fa85ff90b5be1266497c462407b39b11f6d94015af8e8ad,31d3575e77d9d04b75880bca9e10dbd0e13e61d21795052921dd3f702d909dd7
baseline,6,19,1000000,float,FALSE,scale_binary,double,ordinary,2,626,0.17,0.169999999999998,5e4cb543f32269b2c2218b394ad1c41d44f6b32b3f8be7d200655b3b7d11f177,6506614505e113daab08b3f894ca46d4d61867c7b007c413b47a669abe8aae67,0,,0,FALSE,FALSE,FALSE,FALSE,FALSE,FALSE,FALSE,FALSE,7f1c1a27229f7a699fa85ff90b5be1266497c462407b39b11f6d94015af8e8ad,31d3575e77d9d04b75880bca9e10dbd0e13e61d21795052921dd3f702d909dd7
baseline,6,19,1000000,float,FALSE,scale_binary,double,typed_double,3,569,0.156,0.155000000000001,5e4cb543f32269b2c2218b394ad1c41d44f6b32b3f8be7d200655b3b7d11f177,6506614505e113daab08b3f894ca46d4d61867c7b007c413b47a669abe8aae67,0,double,569,FALSE,FALSE,FALSE,FALSE,FALSE,FALSE,FALSE,FALSE,7f1c1a27229f7a699fa85ff90b5be1266497c462407b39b11f6d94015af8e8ad,31d3575e77d9d04b75880bca9e10dbd0e13e61d21795052921dd3f702d909dd7
baseline,6,20,1000000,float,FALSE,scale_general,double,typed_double,1,569,0.152999999999999,0.151999999999997,f26b519d09797e4f4941392e4b52f307c71832f0aaad54da617e9078fe055e1c,6506614505e113daab08b3f894ca46d4d61867c7b007c413b47a669abe8aae67,0,double,569,FALSE,FALSE,FALSE,FALSE,FALSE,FALSE,FALSE,FALSE,7f1c1a27229f7a699fa85ff90b5be1266497c462407b39b11f6d94015af8e8ad,31d3575e77d9d04b75880bca9e10dbd0e13e61d21795052921dd3f702d909dd7
baseline,6,20,1000000,float,FALSE,scale_general,double,compact,2,184,0.142999999999993,0.141999999999996,72cc5cf98cf5a5166668db2e8420adb3bc862ec1b003fbdd7aeb0a9746f22870,6506614505e113daab08b3f894ca46d4d61867c7b007c413b47a669abe8aae67,0,float,184,TRUE,TRUE,FALSE,FALSE,FALSE,FALSE,FALSE,FALSE,7f1c1a27229f7a699fa85ff90b5be1266497c462407b39b11f6d94015af8e8ad,31d3575e77d9d04b75880bca9e10dbd0e13e61d21795052921dd3f702d909dd7
baseline,6,20,1000000,float,FALSE,scale_general,double,ordinary,3,625,0.153000000000001,0.154000000000003,f26b519d09797e4f4941392e4b52f307c71832f0aaad54da617e9078fe055e1c,6506614505e113daab08b3f894ca46d4d61867c7b007c413b47a669abe8aae67,0,,0,FALSE,FALSE,FALSE,FALSE,FALSE,FALSE,FALSE,FALSE,7f1c1a27229f7a699fa85ff90b5be1266497c462407b39b11f6d94015af8e8ad,31d3575e77d9d04b75880bca9e10dbd0e13e61d21795052921dd3f702d909dd7
baseline,6,21,1000000,float,FALSE,pair_compact_double,double,ordinary,1,586,0.152000000000001,0.152999999999999,d0adc5c3f77a8c464e25cdf403e40486acf05d6b089dad00367eb8620a0a608e,6506614505e113daab08b3f894ca46d4d61867c7b007c413b47a669abe8aae67,0,,0,FALSE,FALSE,FALSE,FALSE,FALSE,FALSE,FALSE,FALSE,7f1c1a27229f7a699fa85ff90b5be1266497c462407b39b11f6d94015af8e8ad,31d3575e77d9d04b75880bca9e10dbd0e13e61d21795052921dd3f702d909dd7
baseline,6,21,1000000,float,FALSE,pair_compact_double,double,typed_double,2,348,0.109999999999999,0.109999999999999,d0adc5c3f77a8c464e25cdf403e40486acf05d6b089dad00367eb8620a0a608e,6506614505e113daab08b3f894ca46d4d61867c7b007c413b47a669abe8aae67,0,double,348,FALSE,FALSE,FALSE,FALSE,FALSE,FALSE,FALSE,FALSE,7f1c1a27229f7a699fa85ff90b5be1266497c462407b39b11f6d94015af8e8ad,31d3575e77d9d04b75880bca9e10dbd0e13e61d21795052921dd3f702d909dd7
baseline,6,21,1000000,float,FALSE,pair_compact_double,double,compact,3,108,0.158000000000006,0.157000000000004,d0adc5c3f77a8c464e25cdf403e40486acf05d6b089dad00367eb8620a0a608e,6506614505e113daab08b3f894ca46d4d61867c7b007c413b47a669abe8aae67,0,double,108,TRUE,TRUE,FALSE,FALSE,FALSE,FALSE,FALSE,FALSE,7f1c1a27229f7a699fa85ff90b5be1266497c462407b39b11f6d94015af8e8ad,31d3575e77d9d04b75880bca9e10dbd0e13e61d21795052921dd3f702d909dd7
baseline,6,22,1000000,float,FALSE,add_scalar,double,compact,1,157,0.157000000000001,0.156999999999996,6f4e6deefcbd4cb8847d97ac43d7047c827b45b8a7d41e59355544434442b07b,6506614505e113daab08b3f894ca46d4d61867c7b007c413b47a669abe8aae67,0,float,157,TRUE,TRUE,FALSE,FALSE,FALSE,FALSE,FALSE,FALSE,7f1c1a27229f7a699fa85ff90b5be1266497c462407b39b11f6d94015af8e8ad,31d3575e77d9d04b75880bca9e10dbd0e13e61d21795052921dd3f702d909dd7
baseline,6,22,1000000,float,FALSE,add_scalar,double,ordinary,2,586,0.145999999999998,0.146000000000001,292e89d47e6240bb2914ef7ad37d7e757276712199771e9df56100a008a8cb8c,6506614505e113daab08b3f894ca46d4d61867c7b007c413b47a669abe8aae67,0,,0,FALSE,FALSE,FALSE,FALSE,FALSE,FALSE,FALSE,FALSE,7f1c1a27229f7a699fa85ff90b5be1266497c462407b39b11f6d94015af8e8ad,31d3575e77d9d04b75880bca9e10dbd0e13e61d21795052921dd3f702d909dd7
baseline,6,22,1000000,float,FALSE,add_scalar,double,typed_double,3,354,0.147999999999998,0.147999999999996,292e89d47e6240bb2914ef7ad37d7e757276712199771e9df56100a008a8cb8c,6506614505e113daab08b3f894ca46d4d61867c7b007c413b47a669abe8aae67,0,double,354,FALSE,FALSE,FALSE,FALSE,FALSE,FALSE,FALSE,FALSE,7f1c1a27229f7a699fa85ff90b5be1266497c462407b39b11f6d94015af8e8ad,31d3575e77d9d04b75880bca9e10dbd0e13e61d21795052921dd3f702d909dd7
baseline,6,23,1000000,float,FALSE,subtract_scalar,double,typed_double,1,361,0.155999999999996,0.156000000000006,13a3239df0a7d9c4766e9cb1022fe126007afc38c9539ef233ed4bf785d961fa,6506614505e113daab08b3f894ca46d4d61867c7b007c413b47a669abe8aae67,0,double,361,FALSE,FALSE,FALSE,FALSE,FALSE,FALSE,FALSE,FALSE,7f1c1a27229f7a699fa85ff90b5be1266497c462407b39b11f6d94015af8e8ad,31d3575e77d9d04b75880bca9e10dbd0e13e61d21795052921dd3f702d909dd7
baseline,6,23,1000000,float,FALSE,subtract_scalar,double,compact,2,129,0.134,0.134,73750801b993e37ef9c262c8c6c20433be5d4f8f21bfd0757cae3f70c74eda3f,6506614505e113daab08b3f894ca46d4d61867c7b007c413b47a669abe8aae67,0,float,129,TRUE,TRUE,FALSE,FALSE,FALSE,FALSE,FALSE,FALSE,7f1c1a27229f7a699fa85ff90b5be1266497c462407b39b11f6d94015af8e8ad,31d3575e77d9d04b75880bca9e10dbd0e13e61d21795052921dd3f702d909dd7
baseline,6,23,1000000,float,FALSE,subtract_scalar,double,ordinary,3,625,0.155000000000001,0.153999999999996,13a3239df0a7d9c4766e9cb1022fe126007afc38c9539ef233ed4bf785d961fa,6506614505e113daab08b3f894ca46d4d61867c7b007c413b47a669abe8aae67,0,,0,FALSE,FALSE,FALSE,FALSE,FALSE,FALSE,FALSE,FALSE,7f1c1a27229f7a699fa85ff90b5be1266497c462407b39b11f6d94015af8e8ad,31d3575e77d9d04b75880bca9e10dbd0e13e61d21795052921dd3f702d909dd7
baseline,6,24,1000000,float,FALSE,reverse_subtract,double,ordinary,1,605,0.165000000000001,0.164999999999999,391f82ff13066d79bb9813a2dd5b66c086c00b72de2d0e201e0f4f7b85274c2e,6506614505e113daab08b3f894ca46d4d61867c7b007c413b47a669abe8aae67,0,,0,FALSE,FALSE,FALSE,FALSE,FALSE,FALSE,FALSE,FALSE,7f1c1a27229f7a699fa85ff90b5be1266497c462407b39b11f6d94015af8e8ad,31d3575e77d9d04b75880bca9e10dbd0e13e61d21795052921dd3f702d909dd7
baseline,6,24,1000000,float,FALSE,reverse_subtract,double,typed_double,2,368,0.153000000000006,0.153999999999996,391f82ff13066d79bb9813a2dd5b66c086c00b72de2d0e201e0f4f7b85274c2e,6506614505e113daab08b3f894ca46d4d61867c7b007c413b47a669abe8aae67,0,double,368,FALSE,FALSE,FALSE,FALSE,FALSE,FALSE,FALSE,FALSE,7f1c1a27229f7a699fa85ff90b5be1266497c462407b39b11f6d94015af8e8ad,31d3575e77d9d04b75880bca9e10dbd0e13e61d21795052921dd3f702d909dd7
baseline,6,24,1000000,float,FALSE,reverse_subtract,double,compact,3,148,0.147999999999998,0.147000000000006,8505db92c32dc0b74614f948c8784986a3d42738b9f7afa126ec04569b48eaee,6506614505e113daab08b3f894ca46d4d61867c7b007c413b47a669abe8aae67,0,float,148,TRUE,TRUE,FALSE,FALSE,FALSE,FALSE,FALSE,FALSE,7f1c1a27229f7a699fa85ff90b5be1266497c462407b39b11f6d94015af8e8ad,31d3575e77d9d04b75880bca9e10dbd0e13e61d21795052921dd3f702d909dd7
baseline,6,25,1000000,float,FALSE,reverse_divide,double,compact,1,188,0.149999999999998,0.150000000000006,00373f8d5dc76e6b2961c6a8330b8894595f6e122b305a6913901d94ac47d968,8dca1eb700a45aaace59ea0c206000bfb6345887d8c82d9a5f1f6a86211aeab4,100,float,188,TRUE,TRUE,FALSE,FALSE,FALSE,FALSE,FALSE,FALSE,7f1c1a27229f7a699fa85ff90b5be1266497c462407b39b11f6d94015af8e8ad,31d3575e77d9d04b75880bca9e10dbd0e13e61d21795052921dd3f702d909dd7
baseline,6,25,1000000,float,FALSE,reverse_divide,double,ordinary,2,586,0.161000000000004,0.161000000000001,c250debf3d2a27908112bc09ce59d257ab86068363b108d2b491520e8193453e,6506614505e113daab08b3f894ca46d4d61867c7b007c413b47a669abe8aae67,0,,0,FALSE,FALSE,FALSE,FALSE,FALSE,FALSE,FALSE,FALSE,7f1c1a27229f7a699fa85ff90b5be1266497c462407b39b11f6d94015af8e8ad,31d3575e77d9d04b75880bca9e10dbd0e13e61d21795052921dd3f702d909dd7
baseline,6,25,1000000,float,FALSE,reverse_divide,double,typed_double,3,494,0.169000000000001,0.169000000000004,15a9dee60e7ad6b7bfec0a17ebb879c1d0b34de12d63f490ed9b30d95ad74ac9,8dca1eb700a45aaace59ea0c206000bfb6345887d8c82d9a5f1f6a86211aeab4,100,double,494,FALSE,FALSE,FALSE,FALSE,FALSE,FALSE,FALSE,FALSE,7f1c1a27229f7a699fa85ff90b5be1266497c462407b39b11f6d94015af8e8ad,31d3575e77d9d04b75880bca9e10dbd0e13e61d21795052921dd3f702d909dd7
baseline,6,26,1000000,float,TRUE,scale_binary,double,typed_double,1,569,0.155000000000006,0.157000000000004,c2d92a8e75010c0ddb80329b9ca6cc4898ca1d4543392f8c8382c3fbfeeb5b4b,256764253c19afe4b22c7738fb2f83098a03d4dbde3db39ee8c24b205a95942a,1003,double,569,FALSE,FALSE,FALSE,FALSE,FALSE,FALSE,FALSE,FALSE,ee8f1f1d17d164fc3d811ad86cc889d11c328f41d3cd55762069bc2161e48c9f,6a2baa27cd05157233063b825243be4bdf1a2dbc88db2a6cdfd0b2527b28716b
baseline,6,26,1000000,float,TRUE,scale_binary,double,compact,2,447,0.155999999999996,0.155999999999999,c2d92a8e75010c0ddb80329b9ca6cc4898ca1d4543392f8c8382c3fbfeeb5b4b,256764253c19afe4b22c7738fb2f83098a03d4dbde3db39ee8c24b205a95942a,1003,float,447,TRUE,TRUE,FALSE,FALSE,FALSE,FALSE,FALSE,FALSE,ee8f1f1d17d164fc3d811ad86cc889d11c328f41d3cd55762069bc2161e48c9f,6a2baa27cd05157233063b825243be4bdf1a2dbc88db2a6cdfd0b2527b28716b
baseline,6,26,1000000,float,TRUE,scale_binary,double,ordinary,3,625,0.156999999999999,0.157000000000004,21fac45dcda0cbc0ba9e1f553d3be3fedd245b921d5e2e4497a8d64f1e038117,256764253c19afe4b22c7738fb2f83098a03d4dbde3db39ee8c24b205a95942a,1003,,0,FALSE,FALSE,FALSE,FALSE,FALSE,FALSE,FALSE,FALSE,ee8f1f1d17d164fc3d811ad86cc889d11c328f41d3cd55762069bc2161e48c9f,6a2baa27cd05157233063b825243be4bdf1a2dbc88db2a6cdfd0b2527b28716b
baseline,6,27,1000000,float,TRUE,scale_general,double,ordinary,1,625,0.169999999999997,0.169000000000004,8100d028390097d4a98b44ea0ff4cb617c6204331b80e5c7870832582030541c,256764253c19afe4b22c7738fb2f83098a03d4dbde3db39ee8c24b205a95942a,1003,,0,FALSE,FALSE,FALSE,FALSE,FALSE,FALSE,FALSE,FALSE,ee8f1f1d17d164fc3d811ad86cc889d11c328f41d3cd55762069bc2161e48c9f,6a2baa27cd05157233063b825243be4bdf1a2dbc88db2a6cdfd0b2527b28716b
baseline,6,27,1000000,float,TRUE,scale_general,double,typed_double,2,552,0.149999999999998,0.149999999999999,ea87b3dd63bfda18195aef508608398181a11f876a570f6017c0c100c3497f49,256764253c19afe4b22c7738fb2f83098a03d4dbde3db39ee8c24b205a95942a,1003,double,552,FALSE,FALSE,FALSE,FALSE,FALSE,FALSE,FALSE,FALSE,ee8f1f1d17d164fc3d811ad86cc889d11c328f41d3cd55762069bc2161e48c9f,6a2baa27cd05157233063b825243be4bdf1a2dbc88db2a6cdfd0b2527b28716b
baseline,6,27,1000000,float,TRUE,scale_general,double,compact,3,148,0.153000000000001,0.152999999999999,c58bc992720c328eca610e60f8c3f93d7d61df77946cf51b8626b0d8b78368ef,256764253c19afe4b22c7738fb2f83098a03d4dbde3db39ee8c24b205a95942a,1003,float,148,TRUE,TRUE,FALSE,FALSE,FALSE,FALSE,FALSE,FALSE,ee8f1f1d17d164fc3d811ad86cc889d11c328f41d3cd55762069bc2161e48c9f,6a2baa27cd05157233063b825243be4bdf1a2dbc88db2a6cdfd0b2527b28716b
baseline,6,28,1000000,float,TRUE,pair_compact_double,double,compact,1,105,0.160000000000004,0.158999999999999,9778eddf855170d4c4702501b5240fa491a475187859f9e29c120edb42c46621,d842a810a046337b5363ff7dafdaa01aa4553912ce2afa4ee95c617158d8e0e7,2011,double,105,TRUE,TRUE,FALSE,FALSE,FALSE,FALSE,FALSE,FALSE,ee8f1f1d17d164fc3d811ad86cc889d11c328f41d3cd55762069bc2161e48c9f,6a2baa27cd05157233063b825243be4bdf1a2dbc88db2a6cdfd0b2527b28716b
baseline,6,28,1000000,float,TRUE,pair_compact_double,double,ordinary,2,586,0.151000000000003,0.151000000000003,d8927aedee8fcfee16a2d8b73448110e471dbaa24a570b3a223eaaa8fa336e58,d842a810a046337b5363ff7dafdaa01aa4553912ce2afa4ee95c617158d8e0e7,2011,,0,FALSE,FALSE,FALSE,FALSE,FALSE,FALSE,FALSE,FALSE,ee8f1f1d17d164fc3d811ad86cc889d11c328f41d3cd55762069bc2161e48c9f,6a2baa27cd05157233063b825243be4bdf1a2dbc88db2a6cdfd0b2527b28716b
baseline,6,28,1000000,float,TRUE,pair_compact_double,double,typed_double,3,494,0.174000000000002,0.174,9778eddf855170d4c4702501b5240fa491a475187859f9e29c120edb42c46621,d842a810a046337b5363ff7dafdaa01aa4553912ce2afa4ee95c617158d8e0e7,2011,double,494,FALSE,FALSE,FALSE,FALSE,FALSE,FALSE,FALSE,FALSE,ee8f1f1d17d164fc3d811ad86cc889d11c328f41d3cd55762069bc2161e48c9f,6a2baa27cd05157233063b825243be4bdf1a2dbc88db2a6cdfd0b2527b28716b
baseline,6,29,1000000,float,TRUE,add_scalar,double,typed_double,1,361,0.150999999999996,0.150999999999996,c79c2ec291260c6f8d03c327d90d493416937a3f3bc9b85742b51e17a8fb7647,256764253c19afe4b22c7738fb2f83098a03d4dbde3db39ee8c24b205a95942a,1003,double,361,FALSE,FALSE,FALSE,FALSE,FALSE,FALSE,FALSE,FALSE,ee8f1f1d17d164fc3d811ad86cc889d11c328f41d3cd55762069bc2161e48c9f,6a2baa27cd05157233063b825243be4bdf1a2dbc88db2a6cdfd0b2527b28716b
baseline,6,29,1000000,float,TRUE,add_scalar,double,compact,2,47,0.148999999999998,0.149999999999999,9c2be51cd37c2d7977f794fada049c7c9ccc4011c9f81b26e042008f01cdd93e,256764253c19afe4b22c7738fb2f83098a03d4dbde3db39ee8c24b205a95942a,1003,float,47,TRUE,TRUE,FALSE,FALSE,FALSE,FALSE,FALSE,FALSE,ee8f1f1d17d164fc3d811ad86cc889d11c328f41d3cd55762069bc2161e48c9f,6a2baa27cd05157233063b825243be4bdf1a2dbc88db2a6cdfd0b2527b28716b
baseline,6,29,1000000,float,TRUE,add_scalar,double,ordinary,3,605,0.166999999999999,0.167000000000002,eea8177113c0d60b0ac4b300317d7673334b9c1e86f37a3c57e9519b022f9d21,256764253c19afe4b22c7738fb2f83098a03d4dbde3db39ee8c24b205a95942a,1003,,0,FALSE,FALSE,FALSE,FALSE,FALSE,FALSE,FALSE,FALSE,ee8f1f1d17d164fc3d811ad86cc889d11c328f41d3cd55762069bc2161e48c9f,6a2baa27cd05157233063b825243be4bdf1a2dbc88db2a6cdfd0b2527b28716b
baseline,6,30,1000000,float,TRUE,subtract_scalar,double,ordinary,1,605,0.166000000000004,0.165999999999997,6c2a6fd31fe3ea0da9f40037c0de77776efc81cd73d193a8ace88fee2b5b635c,256764253c19afe4b22c7738fb2f83098a03d4dbde3db39ee8c24b205a95942a,1003,,0,FALSE,FALSE,FALSE,FALSE,FALSE,FALSE,FALSE,FALSE,ee8f1f1d17d164fc3d811ad86cc889d11c328f41d3cd55762069bc2161e48c9f,6a2baa27cd05157233063b825243be4bdf1a2dbc88db2a6cdfd0b2527b28716b
baseline,6,30,1000000,float,TRUE,subtract_scalar,double,typed_double,2,368,0.153999999999994,0.152999999999999,5dbef6a14bd33ea02b60ee3c940050585fc891f61a49d29253c64524c4390951,256764253c19afe4b22c7738fb2f83098a03d4dbde3db39ee8c24b205a95942a,1003,double,368,FALSE,FALSE,FALSE,FALSE,FALSE,FALSE,FALSE,FALSE,ee8f1f1d17d164fc3d811ad86cc889d11c328f41d3cd55762069bc2161e48c9f,6a2baa27cd05157233063b825243be4bdf1a2dbc88db2a6cdfd0b2527b28716b
baseline,6,30,1000000,float,TRUE,subtract_scalar,double,compact,3,49,0.143999999999998,0.144999999999996,7125e60e6e7d4c92d9ed561efe37cfccac1593072e770a4f8d2a58f04113d3ae,256764253c19afe4b22c7738fb2f83098a03d4dbde3db39ee8c24b205a95942a,1003,float,49,TRUE,TRUE,FALSE,FALSE,FALSE,FALSE,FALSE,FALSE,ee8f1f1d17d164fc3d811ad86cc889d11c328f41d3cd55762069bc2161e48c9f,6a2baa27cd05157233063b825243be4bdf1a2dbc88db2a6cdfd0b2527b28716b
baseline,6,31,1000000,float,TRUE,reverse_subtract,double,compact,1,53,0.155000000000001,0.154999999999994,dad17b9a33695dc668a39e44c085af08afb1a2c7d0c49d2f0b645e18b67308a7,256764253c19afe4b22c7738fb2f83098a03d4dbde3db39ee8c24b205a95942a,1003,float,53,TRUE,TRUE,FALSE,FALSE,FALSE,FALSE,FALSE,FALSE,ee8f1f1d17d164fc3d811ad86cc889d11c328f41d3cd55762069bc2161e48c9f,6a2baa27cd05157233063b825243be4bdf1a2dbc88db2a6cdfd0b2527b28716b
baseline,6,31,1000000,float,TRUE,reverse_subtract,double,ordinary,2,605,0.150000000000003,0.149000000000001,96030f5d24b08e1ab9b8a2ffa4e31e33a89cd6cbabe88555e164d01758947f47,256764253c19afe4b22c7738fb2f83098a03d4dbde3db39ee8c24b205a95942a,1003,,0,FALSE,FALSE,FALSE,FALSE,FALSE,FALSE,FALSE,FALSE,ee8f1f1d17d164fc3d811ad86cc889d11c328f41d3cd55762069bc2161e48c9f,6a2baa27cd05157233063b825243be4bdf1a2dbc88db2a6cdfd0b2527b28716b
baseline,6,31,1000000,float,TRUE,reverse_subtract,double,typed_double,3,361,0.170999999999997,0.170999999999999,e3656220b598004f8cce68737d35a090279632fb58c8ef4b30d6940c65beb9cb,256764253c19afe4b22c7738fb2f83098a03d4dbde3db39ee8c24b205a95942a,1003,double,361,FALSE,FALSE,FALSE,FALSE,FALSE,FALSE,FALSE,FALSE,ee8f1f1d17d164fc3d811ad86cc889d11c328f41d3cd55762069bc2161e48c9f,6a2baa27cd05157233063b825243be4bdf1a2dbc88db2a6cdfd0b2527b28716b
baseline,6,32,1000000,float,TRUE,reverse_divide,double,typed_double,1,507,0.153999999999996,0.153999999999996,27389f6d40427639c8a912484d0249b1c9fab719ac17ee977d76419105918595,e18be1b0e89b4a0c64a4b1d8acff45284e54d26e14e2d4cbb5f3b282ba9e2bbf,1103,double,507,FALSE,FALSE,FALSE,FALSE,FALSE,FALSE,FALSE,FALSE,ee8f1f1d17d164fc3d811ad86cc889d11c328f41d3cd55762069bc2161e48c9f,6a2baa27cd05157233063b825243be4bdf1a2dbc88db2a6cdfd0b2527b28716b
baseline,6,32,1000000,float,TRUE,reverse_divide,double,compact,2,148,0.133000000000003,0.134,fd1eff5142c284b6c07eab1dafc2d8ac526155178019f828b5505195b8837d7f,e18be1b0e89b4a0c64a4b1d8acff45284e54d26e14e2d4cbb5f3b282ba9e2bbf,1103,float,148,TRUE,TRUE,FALSE,FALSE,FALSE,FALSE,FALSE,FALSE,ee8f1f1d17d164fc3d811ad86cc889d11c328f41d3cd55762069bc2161e48c9f,6a2baa27cd05157233063b825243be4bdf1a2dbc88db2a6cdfd0b2527b28716b
baseline,6,32,1000000,float,TRUE,reverse_divide,double,ordinary,3,625,0.155999999999999,0.155999999999999,53731942d799d1e23d351c412d455100c092173e72bb3ad15061a952b94a6c1e,256764253c19afe4b22c7738fb2f83098a03d4dbde3db39ee8c24b205a95942a,1003,,0,FALSE,FALSE,FALSE,FALSE,FALSE,FALSE,FALSE,FALSE,ee8f1f1d17d164fc3d811ad86cc889d11c328f41d3cd55762069bc2161e48c9f,6a2baa27cd05157233063b825243be4bdf1a2dbc88db2a6cdfd0b2527b28716b
baseline,6,33,1000000,long,FALSE,long_float_add,float,ordinary,1,586,0.171000000000004,0.170999999999999,5865d7f437b5487c8061f7274c6507b7ec0fc76362cd655e9259ebb78a28f057,6506614505e113daab08b3f894ca46d4d61867c7b007c413b47a669abe8aae67,0,,0,FALSE,FALSE,FALSE,FALSE,FALSE,FALSE,FALSE,FALSE,8937acbbe87ff127e6567f97e52c6a17dbe3ea7052a39a3b76abe25c8e7eeb13,31d3575e77d9d04b75880bca9e10dbd0e13e61d21795052921dd3f702d909dd7
baseline,6,33,1000000,long,FALSE,long_float_add,float,typed_double,2,469,0.147999999999996,0.147999999999996,5865d7f437b5487c8061f7274c6507b7ec0fc76362cd655e9259ebb78a28f057,6506614505e113daab08b3f894ca46d4d61867c7b007c413b47a669abe8aae67,0,double,469,FALSE,FALSE,FALSE,FALSE,FALSE,FALSE,FALSE,FALSE,8937acbbe87ff127e6567f97e52c6a17dbe3ea7052a39a3b76abe25c8e7eeb13,31d3575e77d9d04b75880bca9e10dbd0e13e61d21795052921dd3f702d909dd7
baseline,6,33,1000000,long,FALSE,long_float_add,float,compact,3,121,0.150999999999998,0.151000000000003,5865d7f437b5487c8061f7274c6507b7ec0fc76362cd655e9259ebb78a28f057,6506614505e113daab08b3f894ca46d4d61867c7b007c413b47a669abe8aae67,0,double,121,TRUE,TRUE,FALSE,FALSE,TRUE,TRUE,FALSE,FALSE,8937acbbe87ff127e6567f97e52c6a17dbe3ea7052a39a3b76abe25c8e7eeb13,31d3575e77d9d04b75880bca9e10dbd0e13e61d21795052921dd3f702d909dd7
baseline,6,34,1000000,long,TRUE,long_float_add,float,compact,1,121,0.149000000000001,0.150000000000006,087fb12a32e314d333c4287225113c3c6e3a135a9c18c162b3b5753b80f4350c,d842a810a046337b5363ff7dafdaa01aa4553912ce2afa4ee95c617158d8e0e7,2011,double,121,TRUE,TRUE,FALSE,FALSE,TRUE,TRUE,FALSE,FALSE,5af7169f9d20a77a6f06236647a66be1493d6e155163c245a466bda43242d0e7,6a2baa27cd05157233063b825243be4bdf1a2dbc88db2a6cdfd0b2527b28716b
baseline,6,34,1000000,long,TRUE,long_float_add,float,ordinary,2,586,0.168999999999999,0.168999999999997,ea5ac2e3896755c3d5082b83561d8673bb4f0147a7690b804a8d74cecbeda4c1,d842a810a046337b5363ff7dafdaa01aa4553912ce2afa4ee95c617158d8e0e7,2011,,0,FALSE,FALSE,FALSE,FALSE,FALSE,FALSE,FALSE,FALSE,5af7169f9d20a77a6f06236647a66be1493d6e155163c245a466bda43242d0e7,6a2baa27cd05157233063b825243be4bdf1a2dbc88db2a6cdfd0b2527b28716b
baseline,6,34,1000000,long,TRUE,long_float_add,float,typed_double,3,481,0.149000000000006,0.150000000000006,087fb12a32e314d333c4287225113c3c6e3a135a9c18c162b3b5753b80f4350c,d842a810a046337b5363ff7dafdaa01aa4553912ce2afa4ee95c617158d8e0e7,2011,double,481,FALSE,FALSE,FALSE,FALSE,FALSE,FALSE,FALSE,FALSE,5af7169f9d20a77a6f06236647a66be1493d6e155163c245a466bda43242d0e7,6a2baa27cd05157233063b825243be4bdf1a2dbc88db2a6cdfd0b2527b28716b
