domain,length,pattern,scalar,legacy,chunk,minimum,rounding,output,preflight_rows,generic_output_rows,preflight_result_checks,output_result_checks,float_fit_rows,float_loads,preflight_span_rows,output_span_rows,result_missing,semantic_failure,work_failure,reciprocal_proof_rows,reciprocal_fast_rows,reciprocal_exact_rows,reciprocal_fit_rows,reciprocal_threshold_calls,reciprocal_prepare_rows,reciprocal_scratch_bytes,reciprocal_prepared_rows,reciprocal_prepared_divisions,reciprocal_fill_rows,reciprocal_all_missing_rows,canonical_attempt_rows,canonical_committed_rows,whole_write_rows
0,16384,8,0x1.028f5c28f5c29p+0,0,0,3,0,3,0,0,0,64,0,0,0,16384,8192,0,0,0,0,0,0,0,16384,81920,0,0,0,0,0,0,0
0,16385,8,0x1.028f5c28f5c29p+0,0,7,3,0,3,0,0,0,64,0,0,0,16385,8192,0,0,0,0,0,0,0,16385,81925,0,0,0,0,0,0,0
0,16385,11,0x1.028f5c28f5c29p+0,0,0,3,0,3,0,0,0,64,0,0,0,16385,256,0,0,0,0,0,0,0,16384,81920,0,0,0,0,0,0,0
0,16385,12,0x1.028f5c28f5c29p+0,0,0,3,0,3,0,0,0,64,0,0,0,16385,8192,0,0,0,0,0,0,0,16384,81920,0,0,0,0,0,0,0
0,1025,9,0x1.028f5c28f5c29p+0,0,0,3,0,3,0,0,0,0,0,0,0,0,1025,0,0,0,0,0,0,0,0,0,0,0,1025,0,0,0,0
0,1025,13,0x0p+0,0,0,3,0,3,0,0,0,64,0,0,0,1025,614,0,0,0,0,0,0,0,1025,5125,0,0,0,0,0,0,0
0,1025,14,0x0p+0,0,0,3,0,3,0,0,0,64,0,0,0,1025,512,0,0,0,0,0,0,0,1025,5125,0,0,0,0,0,0,0
0,1025,13,-0x0p+0,0,0,3,0,3,0,0,0,64,0,0,0,1025,614,0,0,0,0,0,0,0,1025,5125,0,0,0,0,0,0,0
0,1025,14,-0x0p+0,0,0,3,0,3,0,0,0,64,0,0,0,1025,512,0,0,0,0,0,0,0,1025,5125,0,0,0,0,0,0,0
0,1025,13,0x1.028f5c28f5c29p+0,0,0,3,0,4,0,0,0,1153,0,0,0,2050,614,0,0,0,0,0,0,0,1281,6405,0,0,0,0,0,0,0
0,1025,14,0x1.028f5c28f5c29p+0,0,0,3,0,4,0,0,0,129,0,0,0,2050,512,0,0,0,0,0,0,0,2050,10250,0,0,0,0,0,0,0
0,1025,13,-0x1.028f5c28f5c29p+0,0,0,3,0,4,0,0,0,1153,0,0,0,2050,614,0,0,0,0,0,0,0,1281,6405,0,0,0,0,0,0,0
0,1025,14,-0x1.028f5c28f5c29p+0,0,0,3,0,4,0,0,0,129,0,0,0,2050,512,0,0,0,0,0,0,0,2050,10250,0,0,0,0,0,0,0
0,1025,13,0x1.0000000000001p+0,0,0,3,0,4,0,0,0,1153,0,0,0,2050,614,0,0,0,0,0,0,0,1281,6405,0,0,0,0,0,0,0
0,1025,14,0x1.0000000000001p+0,0,0,3,0,4,0,0,0,129,0,0,0,2050,512,0,0,0,0,0,0,0,2050,10250,0,0,0,0,0,0,0
0,1025,13,0x1p-1074,0,0,3,0,3,0,0,0,64,0,0,0,1025,614,0,0,0,0,0,0,0,1025,5125,0,0,0,0,0,0,0
0,1025,14,0x1p-1074,0,0,3,0,3,0,0,0,64,0,0,0,1025,512,0,0,0,0,0,0,0,1025,5125,0,0,0,0,0,0,0
0,1025,13,-0x1p-1074,0,0,3,0,3,0,0,0,64,0,0,0,1025,614,0,0,0,0,0,0,0,1025,5125,0,0,0,0,0,0,0
0,1025,14,-0x1p-1074,0,0,3,0,3,0,0,0,64,0,0,0,1025,512,0,0,0,0,0,0,0,1025,5125,0,0,0,0,0,0,0
0,1025,13,0x1.fffffep+126,0,0,3,0,4,0,0,0,1151,0,0,0,2050,614,0,0,0,0,0,0,0,1281,6405,0,0,0,0,0,0,0
0,1025,14,0x1.fffffep+126,0,0,3,0,4,0,0,0,1151,0,0,0,2050,512,0,0,0,0,0,0,0,1281,6405,0,0,0,0,0,0,0
0,1025,13,-0x1.fffffep+126,0,0,3,0,4,0,0,0,1151,0,0,0,2050,614,0,0,0,0,0,0,0,1281,6405,0,0,0,0,0,0,0
0,1025,14,-0x1.fffffep+126,0,0,3,0,4,0,0,0,1151,0,0,0,2050,512,0,0,0,0,0,0,0,1281,6405,0,0,0,0,0,0,0
0,1025,13,0x1p+127,0,0,3,0,4,0,0,0,1153,0,0,0,2050,614,0,0,0,0,0,0,0,1281,6405,0,0,0,0,0,0,0
0,1025,14,0x1p+127,0,0,3,0,4,0,0,0,1153,0,0,0,2050,512,0,0,0,0,0,0,0,1281,6405,0,0,0,0,0,0,0
0,1025,13,-0x1p+127,0,0,3,0,4,0,0,0,1153,0,0,0,2050,614,0,0,0,0,0,0,0,1281,6405,0,0,0,0,0,0,0
0,1025,14,-0x1p+127,0,0,3,0,4,0,0,0,1153,0,0,0,2050,512,0,0,0,0,0,0,0,1281,6405,0,0,0,0,0,0,0
0,1025,13,0x1.fffffffffffffp+1022,0,0,3,0,4,0,0,0,2085,0,0,0,2050,820,0,0,0,0,0,0,0,256,1280,0,0,0,0,0,0,0
0,1025,14,0x1.fffffffffffffp+1022,0,0,3,0,3,0,0,0,1027,0,0,0,1025,1025,0,0,0,0,0,0,0,0,0,0,0,0,0,0,0,0
0,1025,13,-0x1.fffffffffffffp+1022,0,0,3,0,4,0,0,0,2085,0,0,0,2050,820,0,0,0,0,0,0,0,256,1280,0,0,0,0,0,0,0
0,1025,14,-0x1.fffffffffffffp+1022,0,0,3,0,3,0,0,0,1027,0,0,0,1025,1025,0,0,0,0,0,0,0,0,0,0,0,0,0,0,0,0
0,1025,13,0x1.fffffffffffffp+1023,0,0,3,0,4,0,0,0,2110,0,0,0,2050,922,0,0,0,0,0,0,0,256,1280,0,0,0,0,0,0,0
0,1025,14,0x1.fffffffffffffp+1023,0,0,3,0,3,0,0,0,1027,0,0,0,1025,1025,0,0,0,0,0,0,0,0,0,0,0,0,0,0,0,0
0,1025,13,-0x1.fffffffffffffp+1023,0,0,3,0,4,0,0,0,2110,0,0,0,2050,922,0,0,0,0,0,0,0,256,1280,0,0,0,0,0,0,0
0,1025,14,-0x1.fffffffffffffp+1023,0,0,3,0,3,0,0,0,1027,0,0,0,1025,1025,0,0,0,0,0,0,0,0,0,0,0,0,0,0,0,0
0,16384,8,0x1.028f5c28f5c29p+0,0,0,4,0,4,0,0,0,64,0,0,0,16384,8192,0,0,0,0,0,0,0,16384,81920,0,0,0,0,0,0,0
0,16385,8,0x1.028f5c28f5c29p+0,0,7,4,0,4,0,0,0,64,0,0,0,16385,8192,0,0,0,0,0,0,0,16385,81925,0,0,0,0,0,0,0
0,16385,11,0x1.028f5c28f5c29p+0,0,0,4,0,4,0,0,0,64,0,0,0,16385,256,0,0,0,0,0,0,0,16384,81920,0,0,0,0,0,0,0
0,16385,12,0x1.028f5c28f5c29p+0,0,0,4,0,4,0,0,0,64,0,0,0,16385,8192,0,0,0,0,0,0,0,16384,81920,0,0,0,0,0,0,0
0,1025,9,0x1.028f5c28f5c29p+0,0,0,4,0,4,0,0,0,0,0,0,0,0,1025,0,0,0,0,0,0,0,0,0,0,0,1025,0,0,0,0
0,1025,13,0x0p+0,0,0,4,0,4,0,0,0,64,0,0,0,1025,614,0,0,0,0,0,0,0,1025,5125,0,0,0,0,0,0,0
0,1025,14,0x0p+0,0,0,4,0,4,0,0,0,64,0,0,0,1025,512,0,0,0,0,0,0,0,1025,5125,0,0,0,0,0,0,0
0,1025,13,-0x0p+0,0,0,4,0,4,0,0,0,64,0,0,0,1025,614,0,0,0,0,0,0,0,1025,5125,0,0,0,0,0,0,0
0,1025,14,-0x0p+0,0,0,4,0,4,0,0,0,64,0,0,0,1025,512,0,0,0,0,0,0,0,1025,5125,0,0,0,0,0,0,0
0,1025,13,0x1.028f5c28f5c29p+0,0,0,4,0,4,0,0,0,64,0,0,0,1025,614,0,0,0,0,0,0,0,1025,5125,0,0,0,0,0,0,0
0,1025,14,0x1.028f5c28f5c29p+0,0,0,4,0,4,0,0,0,64,0,0,0,1025,512,0,0,0,0,0,0,0,1025,5125,0,0,0,0,0,0,0
0,1025,13,-0x1.028f5c28f5c29p+0,0,0,4,0,4,0,0,0,64,0,0,0,1025,614,0,0,0,0,0,0,0,1025,5125,0,0,0,0,0,0,0
0,1025,14,-0x1.028f5c28f5c29p+0,0,0,4,0,4,0,0,0,64,0,0,0,1025,512,0,0,0,0,0,0,0,1025,5125,0,0,0,0,0,0,0
0,1025,13,0x1.0000000000001p+0,0,0,4,0,4,0,0,0,64,0,0,0,1025,614,0,0,0,0,0,0,0,1025,5125,0,0,0,0,0,0,0
0,1025,14,0x1.0000000000001p+0,0,0,4,0,4,0,0,0,64,0,0,0,1025,512,0,0,0,0,0,0,0,1025,5125,0,0,0,0,0,0,0
0,1025,13,0x1p-1074,0,0,4,0,4,0,0,0,64,0,0,0,1025,614,0,0,0,0,0,0,0,1025,5125,0,0,0,0,0,0,0
0,1025,14,0x1p-1074,0,0,4,0,4,0,0,0,64,0,0,0,1025,512,0,0,0,0,0,0,0,1025,5125,0,0,0,0,0,0,0
0,1025,13,-0x1p-1074,0,0,4,0,4,0,0,0,64,0,0,0,1025,614,0,0,0,0,0,0,0,1025,5125,0,0,0,0,0,0,0
0,1025,14,-0x1p-1074,0,0,4,0,4,0,0,0,64,0,0,0,1025,512,0,0,0,0,0,0,0,1025,5125,0,0,0,0,0,0,0
0,1025,13,0x1.fffffep+126,0,0,4,0,4,0,0,0,64,0,0,0,1025,614,0,0,0,0,0,0,0,1025,5125,0,0,0,0,0,0,0
0,1025,14,0x1.fffffep+126,0,0,4,0,4,0,0,0,64,0,0,0,1025,512,0,0,0,0,0,0,0,1025,5125,0,0,0,0,0,0,0
0,1025,13,-0x1.fffffep+126,0,0,4,0,4,0,0,0,64,0,0,0,1025,614,0,0,0,0,0,0,0,1025,5125,0,0,0,0,0,0,0
0,1025,14,-0x1.fffffep+126,0,0,4,0,4,0,0,0,64,0,0,0,1025,512,0,0,0,0,0,0,0,1025,5125,0,0,0,0,0,0,0
0,1025,13,0x1p+127,0,0,4,0,4,0,0,0,64,0,0,0,1025,614,0,0,0,0,0,0,0,1025,5125,0,0,0,0,0,0,0
0,1025,14,0x1p+127,0,0,4,0,4,0,0,0,64,0,0,0,1025,512,0,0,0,0,0,0,0,1025,5125,0,0,0,0,0,0,0
0,1025,13,-0x1p+127,0,0,4,0,4,0,0,0,64,0,0,0,1025,614,0,0,0,0,0,0,0,1025,5125,0,0,0,0,0,0,0
0,1025,14,-0x1p+127,0,0,4,0,4,0,0,0,64,0,0,0,1025,512,0,0,0,0,0,0,0,1025,5125,0,0,0,0,0,0,0
0,1025,13,0x1.fffffffffffffp+1022,0,0,4,0,4,0,0,0,1058,0,0,0,1025,820,0,0,0,0,0,0,0,256,1280,0,0,0,0,0,0,0
0,1025,14,0x1.fffffffffffffp+1022,0,0,4,0,4,0,0,0,1058,0,0,0,1025,1025,0,0,0,0,0,0,0,256,1280,0,0,0,0,0,0,0
0,1025,13,-0x1.fffffffffffffp+1022,0,0,4,0,4,0,0,0,1058,0,0,0,1025,820,0,0,0,0,0,0,0,256,1280,0,0,0,0,0,0,0
0,1025,14,-0x1.fffffffffffffp+1022,0,0,4,0,4,0,0,0,1058,0,0,0,1025,1025,0,0,0,0,0,0,0,256,1280,0,0,0,0,0,0,0
0,1025,13,0x1.fffffffffffffp+1023,0,0,4,0,4,0,0,0,1083,0,0,0,1025,922,0,0,0,0,0,0,0,256,1280,0,0,0,0,0,0,0
0,1025,14,0x1.fffffffffffffp+1023,0,0,4,0,4,0,0,0,1083,0,0,0,1025,1025,0,0,0,0,0,0,0,256,1280,0,0,0,0,0,0,0
0,1025,13,-0x1.fffffffffffffp+1023,0,0,4,0,4,0,0,0,1083,0,0,0,1025,922,0,0,0,0,0,0,0,256,1280,0,0,0,0,0,0,0
0,1025,14,-0x1.fffffffffffffp+1023,0,0,4,0,4,0,0,0,1083,0,0,0,1025,1025,0,0,0,0,0,0,0,256,1280,0,0,0,0,0,0,0
0,16384,8,0x1.028f5c28f5c29p+0,1,0,3,0,3,0,0,0,64,0,0,0,16384,8192,0,0,0,0,0,0,0,16384,81920,0,0,0,0,0,0,0
0,16385,8,0x1.028f5c28f5c29p+0,1,7,3,0,3,0,0,0,64,0,0,0,16385,8192,0,0,0,0,0,0,0,16385,81925,0,0,0,0,0,0,0
0,16385,11,0x1.028f5c28f5c29p+0,1,0,3,0,3,0,0,0,64,0,0,0,16385,256,0,0,0,0,0,0,0,16384,81920,0,0,0,0,0,0,0
0,16385,12,0x1.028f5c28f5c29p+0,1,0,3,0,3,0,0,0,64,0,0,0,16385,8192,0,0,0,0,0,0,0,16384,81920,0,0,0,0,0,0,0
0,1025,9,0x1.028f5c28f5c29p+0,1,0,3,0,3,0,0,0,0,0,0,0,0,1025,0,0,0,0,0,0,0,0,0,0,0,1025,0,0,0,0
0,1025,13,0x0p+0,1,0,3,0,3,0,0,0,64,0,0,0,1025,614,0,0,0,0,0,0,0,1025,5125,0,0,0,0,0,0,0
0,1025,14,0x0p+0,1,0,3,0,3,0,0,0,64,0,0,0,1025,512,0,0,0,0,0,0,0,1025,5125,0,0,0,0,0,0,0
0,1025,13,-0x0p+0,1,0,3,0,3,0,0,0,64,0,0,0,1025,614,0,0,0,0,0,0,0,1025,5125,0,0,0,0,0,0,0
0,1025,14,-0x0p+0,1,0,3,0,3,0,0,0,64,0,0,0,1025,512,0,0,0,0,0,0,0,1025,5125,0,0,0,0,0,0,0
0,1025,13,0x1.028f5c28f5c29p+0,1,0,3,0,4,0,0,0,1153,0,0,0,2050,614,0,0,0,0,0,0,0,1281,6405,0,0,0,0,0,0,0
0,1025,14,0x1.028f5c28f5c29p+0,1,0,3,0,4,0,0,0,129,0,0,0,2050,512,0,0,0,0,0,0,0,2050,10250,0,0,0,0,0,0,0
0,1025,13,-0x1.028f5c28f5c29p+0,1,0,3,0,4,0,0,0,1153,0,0,0,2050,614,0,0,0,0,0,0,0,1281,6405,0,0,0,0,0,0,0
0,1025,14,-0x1.028f5c28f5c29p+0,1,0,3,0,4,0,0,0,129,0,0,0,2050,512,0,0,0,0,0,0,0,2050,10250,0,0,0,0,0,0,0
0,1025,13,0x1.0000000000001p+0,1,0,3,0,4,0,0,0,1153,0,0,0,2050,614,0,0,0,0,0,0,0,1281,6405,0,0,0,0,0,0,0
0,1025,14,0x1.0000000000001p+0,1,0,3,0,4,0,0,0,129,0,0,0,2050,512,0,0,0,0,0,0,0,2050,10250,0,0,0,0,0,0,0
0,1025,13,0x1p-1074,1,0,3,0,3,0,0,0,64,0,0,0,1025,614,0,0,0,0,0,0,0,1025,5125,0,0,0,0,0,0,0
0,1025,14,0x1p-1074,1,0,3,0,3,0,0,0,64,0,0,0,1025,512,0,0,0,0,0,0,0,1025,5125,0,0,0,0,0,0,0
0,1025,13,-0x1p-1074,1,0,3,0,3,0,0,0,64,0,0,0,1025,614,0,0,0,0,0,0,0,1025,5125,0,0,0,0,0,0,0
0,1025,14,-0x1p-1074,1,0,3,0,3,0,0,0,64,0,0,0,1025,512,0,0,0,0,0,0,0,1025,5125,0,0,0,0,0,0,0
0,1025,13,0x1.fffffep+126,1,0,3,0,4,0,0,0,1151,0,0,0,2050,614,0,0,0,0,0,0,0,1281,6405,0,0,0,0,0,0,0
0,1025,14,0x1.fffffep+126,1,0,3,0,4,0,0,0,1151,0,0,0,2050,512,0,0,0,0,0,0,0,1281,6405,0,0,0,0,0,0,0
0,1025,13,-0x1.fffffep+126,1,0,3,0,4,0,0,0,1151,0,0,0,2050,614,0,0,0,0,0,0,0,1281,6405,0,0,0,0,0,0,0
0,1025,14,-0x1.fffffep+126,1,0,3,0,4,0,0,0,1151,0,0,0,2050,512,0,0,0,0,0,0,0,1281,6405,0,0,0,0,0,0,0
0,1025,13,0x1p+127,1,0,3,0,4,0,0,0,1153,0,0,0,2050,614,0,0,0,0,0,0,0,1281,6405,0,0,0,0,0,0,0
0,1025,14,0x1p+127,1,0,3,0,4,0,0,0,1153,0,0,0,2050,512,0,0,0,0,0,0,0,1281,6405,0,0,0,0,0,0,0
0,1025,13,-0x1p+127,1,0,3,0,4,0,0,0,1153,0,0,0,2050,614,0,0,0,0,0,0,0,1281,6405,0,0,0,0,0,0,0
0,1025,14,-0x1p+127,1,0,3,0,4,0,0,0,1153,0,0,0,2050,512,0,0,0,0,0,0,0,1281,6405,0,0,0,0,0,0,0
0,1025,13,0x1.fffffffffffffp+1022,1,0,3,0,4,0,0,0,2085,0,0,0,2050,820,0,0,0,0,0,0,0,256,1280,0,0,0,0,0,0,0
0,1025,14,0x1.fffffffffffffp+1022,1,0,3,0,3,0,0,0,1027,0,0,0,1025,1025,0,0,0,0,0,0,0,0,0,0,0,0,0,0,0,0
0,1025,13,-0x1.fffffffffffffp+1022,1,0,3,0,4,0,0,0,2085,0,0,0,2050,820,0,0,0,0,0,0,0,256,1280,0,0,0,0,0,0,0
0,1025,14,-0x1.fffffffffffffp+1022,1,0,3,0,3,0,0,0,1027,0,0,0,1025,1025,0,0,0,0,0,0,0,0,0,0,0,0,0,0,0,0
0,1025,13,0x1.fffffffffffffp+1023,1,0,3,0,4,0,0,0,2110,0,0,0,2050,922,0,0,0,0,0,0,0,256,1280,0,0,0,0,0,0,0
0,1025,14,0x1.fffffffffffffp+1023,1,0,3,0,3,0,0,0,1027,0,0,0,1025,1025,0,0,0,0,0,0,0,0,0,0,0,0,0,0,0,0
0,1025,13,-0x1.fffffffffffffp+1023,1,0,3,0,4,0,0,0,2110,0,0,0,2050,922,0,0,0,0,0,0,0,256,1280,0,0,0,0,0,0,0
0,1025,14,-0x1.fffffffffffffp+1023,1,0,3,0,3,0,0,0,1027,0,0,0,1025,1025,0,0,0,0,0,0,0,0,0,0,0,0,0,0,0,0
0,16384,8,0x1.028f5c28f5c29p+0,1,0,4,0,4,0,0,0,64,0,0,0,16384,8192,0,0,0,0,0,0,0,16384,81920,0,0,0,0,0,0,0
0,16385,8,0x1.028f5c28f5c29p+0,1,7,4,0,4,0,0,0,64,0,0,0,16385,8192,0,0,0,0,0,0,0,16385,81925,0,0,0,0,0,0,0
0,16385,11,0x1.028f5c28f5c29p+0,1,0,4,0,4,0,0,0,64,0,0,0,16385,256,0,0,0,0,0,0,0,16384,81920,0,0,0,0,0,0,0
0,16385,12,0x1.028f5c28f5c29p+0,1,0,4,0,4,0,0,0,64,0,0,0,16385,8192,0,0,0,0,0,0,0,16384,81920,0,0,0,0,0,0,0
0,1025,9,0x1.028f5c28f5c29p+0,1,0,4,0,4,0,0,0,0,0,0,0,0,1025,0,0,0,0,0,0,0,0,0,0,0,1025,0,0,0,0
0,1025,13,0x0p+0,1,0,4,0,4,0,0,0,64,0,0,0,1025,614,0,0,0,0,0,0,0,1025,5125,0,0,0,0,0,0,0
0,1025,14,0x0p+0,1,0,4,0,4,0,0,0,64,0,0,0,1025,512,0,0,0,0,0,0,0,1025,5125,0,0,0,0,0,0,0
0,1025,13,-0x0p+0,1,0,4,0,4,0,0,0,64,0,0,0,1025,614,0,0,0,0,0,0,0,1025,5125,0,0,0,0,0,0,0
0,1025,14,-0x0p+0,1,0,4,0,4,0,0,0,64,0,0,0,1025,512,0,0,0,0,0,0,0,1025,5125,0,0,0,0,0,0,0
0,1025,13,0x1.028f5c28f5c29p+0,1,0,4,0,4,0,0,0,64,0,0,0,1025,614,0,0,0,0,0,0,0,1025,5125,0,0,0,0,0,0,0
0,1025,14,0x1.028f5c28f5c29p+0,1,0,4,0,4,0,0,0,64,0,0,0,1025,512,0,0,0,0,0,0,0,1025,5125,0,0,0,0,0,0,0
0,1025,13,-0x1.028f5c28f5c29p+0,1,0,4,0,4,0,0,0,64,0,0,0,1025,614,0,0,0,0,0,0,0,1025,5125,0,0,0,0,0,0,0
0,1025,14,-0x1.028f5c28f5c29p+0,1,0,4,0,4,0,0,0,64,0,0,0,1025,512,0,0,0,0,0,0,0,1025,5125,0,0,0,0,0,0,0
0,1025,13,0x1.0000000000001p+0,1,0,4,0,4,0,0,0,64,0,0,0,1025,614,0,0,0,0,0,0,0,1025,5125,0,0,0,0,0,0,0
0,1025,14,0x1.0000000000001p+0,1,0,4,0,4,0,0,0,64,0,0,0,1025,512,0,0,0,0,0,0,0,1025,5125,0,0,0,0,0,0,0
0,1025,13,0x1p-1074,1,0,4,0,4,0,0,0,64,0,0,0,1025,614,0,0,0,0,0,0,0,1025,5125,0,0,0,0,0,0,0
0,1025,14,0x1p-1074,1,0,4,0,4,0,0,0,64,0,0,0,1025,512,0,0,0,0,0,0,0,1025,5125,0,0,0,0,0,0,0
0,1025,13,-0x1p-1074,1,0,4,0,4,0,0,0,64,0,0,0,1025,614,0,0,0,0,0,0,0,1025,5125,0,0,0,0,0,0,0
0,1025,14,-0x1p-1074,1,0,4,0,4,0,0,0,64,0,0,0,1025,512,0,0,0,0,0,0,0,1025,5125,0,0,0,0,0,0,0
0,1025,13,0x1.fffffep+126,1,0,4,0,4,0,0,0,64,0,0,0,1025,614,0,0,0,0,0,0,0,1025,5125,0,0,0,0,0,0,0
0,1025,14,0x1.fffffep+126,1,0,4,0,4,0,0,0,64,0,0,0,1025,512,0,0,0,0,0,0,0,1025,5125,0,0,0,0,0,0,0
0,1025,13,-0x1.fffffep+126,1,0,4,0,4,0,0,0,64,0,0,0,1025,614,0,0,0,0,0,0,0,1025,5125,0,0,0,0,0,0,0
0,1025,14,-0x1.fffffep+126,1,0,4,0,4,0,0,0,64,0,0,0,1025,512,0,0,0,0,0,0,0,1025,5125,0,0,0,0,0,0,0
0,1025,13,0x1p+127,1,0,4,0,4,0,0,0,64,0,0,0,1025,614,0,0,0,0,0,0,0,1025,5125,0,0,0,0,0,0,0
0,1025,14,0x1p+127,1,0,4,0,4,0,0,0,64,0,0,0,1025,512,0,0,0,0,0,0,0,1025,5125,0,0,0,0,0,0,0
0,1025,13,-0x1p+127,1,0,4,0,4,0,0,0,64,0,0,0,1025,614,0,0,0,0,0,0,0,1025,5125,0,0,0,0,0,0,0
0,1025,14,-0x1p+127,1,0,4,0,4,0,0,0,64,0,0,0,1025,512,0,0,0,0,0,0,0,1025,5125,0,0,0,0,0,0,0
0,1025,13,0x1.fffffffffffffp+1022,1,0,4,0,4,0,0,0,1058,0,0,0,1025,820,0,0,0,0,0,0,0,256,1280,0,0,0,0,0,0,0
0,1025,14,0x1.fffffffffffffp+1022,1,0,4,0,4,0,0,0,1058,0,0,0,1025,1025,0,0,0,0,0,0,0,256,1280,0,0,0,0,0,0,0
0,1025,13,-0x1.fffffffffffffp+1022,1,0,4,0,4,0,0,0,1058,0,0,0,1025,820,0,0,0,0,0,0,0,256,1280,0,0,0,0,0,0,0
0,1025,14,-0x1.fffffffffffffp+1022,1,0,4,0,4,0,0,0,1058,0,0,0,1025,1025,0,0,0,0,0,0,0,256,1280,0,0,0,0,0,0,0
0,1025,13,0x1.fffffffffffffp+1023,1,0,4,0,4,0,0,0,1083,0,0,0,1025,922,0,0,0,0,0,0,0,256,1280,0,0,0,0,0,0,0
0,1025,14,0x1.fffffffffffffp+1023,1,0,4,0,4,0,0,0,1083,0,0,0,1025,1025,0,0,0,0,0,0,0,256,1280,0,0,0,0,0,0,0
0,1025,13,-0x1.fffffffffffffp+1023,1,0,4,0,4,0,0,0,1083,0,0,0,1025,922,0,0,0,0,0,0,0,256,1280,0,0,0,0,0,0,0
0,1025,14,-0x1.fffffffffffffp+1023,1,0,4,0,4,0,0,0,1083,0,0,0,1025,1025,0,0,0,0,0,0,0,256,1280,0,0,0,0,0,0,0
1,16384,8,0x1.028f5c28f5c29p+0,0,0,3,0,3,0,0,0,64,0,0,0,16384,8192,0,0,0,0,0,0,0,256,1280,0,0,0,0,16128,16128,0
1,16385,8,0x1.028f5c28f5c29p+0,0,7,3,0,3,0,0,0,64,0,0,0,16385,8192,0,0,0,0,0,0,0,16385,81925,0,0,0,0,0,0,0
1,16385,11,0x1.028f5c28f5c29p+0,0,0,3,0,3,0,0,0,64,0,0,0,16385,256,0,0,0,0,0,0,0,256,1280,0,0,0,0,16128,16128,0
1,16385,12,0x1.028f5c28f5c29p+0,0,0,3,0,3,0,0,0,64,0,0,0,16385,8192,0,0,0,0,0,0,0,256,1280,0,0,0,0,16128,16128,0
1,1025,9,0x1.028f5c28f5c29p+0,0,0,3,0,3,0,0,0,0,0,0,0,0,1025,0,0,0,0,0,0,0,0,0,0,0,1025,0,0,0,0
1,1025,13,0x0p+0,0,0,3,0,3,0,0,0,64,0,0,0,1025,614,0,0,0,0,0,0,0,256,1280,0,0,0,0,769,769,0
1,1025,14,0x0p+0,0,0,3,0,3,0,0,0,64,0,0,0,1025,512,0,0,0,0,0,0,0,256,1280,0,0,0,0,769,769,0
1,1025,13,-0x0p+0,0,0,3,0,3,0,0,0,64,0,0,0,1025,614,0,0,0,0,0,0,0,256,1280,0,0,0,0,769,769,0
1,1025,14,-0x0p+0,0,0,3,0,3,0,0,0,64,0,0,0,1025,512,0,0,0,0,0,0,0,256,1280,0,0,0,0,769,769,0
1,1025,13,0x1.028f5c28f5c29p+0,0,0,3,0,4,0,0,0,1153,0,0,0,2050,614,0,0,0,0,0,0,0,512,2560,0,0,0,0,769,769,0
1,1025,14,0x1.028f5c28f5c29p+0,0,0,3,0,4,0,0,0,897,0,0,0,2050,512,0,0,0,0,0,0,0,512,2560,0,0,0,0,1538,769,0
1,1025,13,-0x1.028f5c28f5c29p+0,0,0,3,0,4,0,0,0,1153,0,0,0,2050,614,0,0,0,0,0,0,0,512,2560,0,0,0,0,769,769,0
1,1025,14,-0x1.028f5c28f5c29p+0,0,0,3,0,4,0,0,0,897,0,0,0,2050,512,0,0,0,0,0,0,0,512,2560,0,0,0,0,1538,769,0
1,1025,13,0x1.0000000000001p+0,0,0,3,0,4,0,0,0,1153,0,0,0,2050,614,0,0,0,0,0,0,0,512,2560,0,0,0,0,769,769,0
1,1025,14,0x1.0000000000001p+0,0,0,3,0,4,0,0,0,897,0,0,0,2050,512,0,0,0,0,0,0,0,512,2560,0,0,0,0,1538,769,0
1,1025,13,0x1p-1074,0,0,3,0,3,0,0,0,64,0,0,0,1025,614,0,0,0,0,0,0,0,256,1280,0,0,0,0,769,769,0
1,1025,14,0x1p-1074,0,0,3,0,3,0,0,0,64,0,0,0,1025,512,0,0,0,0,0,0,0,256,1280,0,0,0,0,769,769,0
1,1025,13,-0x1p-1074,0,0,3,0,3,0,0,0,64,0,0,0,1025,614,0,0,0,0,0,0,0,256,1280,0,0,0,0,769,769,0
1,1025,14,-0x1p-1074,0,0,3,0,3,0,0,0,64,0,0,0,1025,512,0,0,0,0,0,0,0,256,1280,0,0,0,0,769,769,0
1,1025,13,0x1.fffffep+126,0,0,3,0,4,0,0,0,1151,0,0,0,2050,614,0,0,0,0,0,0,0,512,2560,0,0,0,0,769,769,0
1,1025,14,0x1.fffffep+126,0,0,3,0,4,0,0,0,1151,0,0,0,2050,512,0,0,0,0,0,0,0,512,2560,0,0,0,0,769,769,0
1,1025,13,-0x1.fffffep+126,0,0,3,0,4,0,0,0,1151,0,0,0,2050,614,0,0,0,0,0,0,0,512,2560,0,0,0,0,769,769,0
1,1025,14,-0x1.fffffep+126,0,0,3,0,4,0,0,0,1151,0,0,0,2050,512,0,0,0,0,0,0,0,512,2560,0,0,0,0,769,769,0
1,1025,13,0x1p+127,0,0,3,0,4,0,0,0,1153,0,0,0,2050,614,0,0,0,0,0,0,0,512,2560,0,0,0,0,769,769,0
1,1025,14,0x1p+127,0,0,3,0,4,0,0,0,1153,0,0,0,2050,512,0,0,0,0,0,0,0,512,2560,0,0,0,0,769,769,0
1,1025,13,-0x1p+127,0,0,3,0,4,0,0,0,1153,0,0,0,2050,614,0,0,0,0,0,0,0,512,2560,0,0,0,0,769,769,0
1,1025,14,-0x1p+127,0,0,3,0,4,0,0,0,1153,0,0,0,2050,512,0,0,0,0,0,0,0,512,2560,0,0,0,0,769,769,0
1,1025,13,0x1.fffffffffffffp+1022,0,0,3,0,4,0,0,0,2085,0,0,0,2050,820,0,0,0,0,0,0,0,256,1280,0,0,0,0,0,0,0
1,1025,14,0x1.fffffffffffffp+1022,0,0,3,0,3,0,0,0,1027,0,0,0,1025,1025,0,0,0,0,0,0,0,0,0,0,0,0,0,0,0,0
1,1025,13,-0x1.fffffffffffffp+1022,0,0,3,0,4,0,0,0,2085,0,0,0,2050,820,0,0,0,0,0,0,0,256,1280,0,0,0,0,0,0,0
1,1025,14,-0x1.fffffffffffffp+1022,0,0,3,0,3,0,0,0,1027,0,0,0,1025,1025,0,0,0,0,0,0,0,0,0,0,0,0,0,0,0,0
1,1025,13,0x1.fffffffffffffp+1023,0,0,3,0,4,0,0,0,2110,0,0,0,2050,922,0,0,0,0,0,0,0,256,1280,0,0,0,0,0,0,0
1,1025,14,0x1.fffffffffffffp+1023,0,0,3,0,3,0,0,0,1027,0,0,0,1025,1025,0,0,0,0,0,0,0,0,0,0,0,0,0,0,0,0
1,1025,13,-0x1.fffffffffffffp+1023,0,0,3,0,4,0,0,0,2110,0,0,0,2050,922,0,0,0,0,0,0,0,256,1280,0,0,0,0,0,0,0
1,1025,14,-0x1.fffffffffffffp+1023,0,0,3,0,3,0,0,0,1027,0,0,0,1025,1025,0,0,0,0,0,0,0,0,0,0,0,0,0,0,0,0
1,16384,8,0x1.028f5c28f5c29p+0,0,0,4,0,4,0,0,0,64,0,0,0,16384,8192,0,0,0,0,0,0,0,256,1280,0,0,0,0,16128,16128,0
1,16385,8,0x1.028f5c28f5c29p+0,0,7,4,0,4,0,0,0,64,0,0,0,16385,8192,0,0,0,0,0,0,0,16385,81925,0,0,0,0,0,0,0
1,16385,11,0x1.028f5c28f5c29p+0,0,0,4,0,4,0,0,0,64,0,0,0,16385,256,0,0,0,0,0,0,0,256,1280,0,0,0,0,16128,16128,0
1,16385,12,0x1.028f5c28f5c29p+0,0,0,4,0,4,0,0,0,64,0,0,0,16385,8192,0,0,0,0,0,0,0,256,1280,0,0,0,0,16128,16128,0
1,1025,9,0x1.028f5c28f5c29p+0,0,0,4,0,4,0,0,0,0,0,0,0,0,1025,0,0,0,0,0,0,0,0,0,0,0,1025,0,0,0,0
1,1025,13,0x0p+0,0,0,4,0,4,0,0,0,64,0,0,0,1025,614,0,0,0,0,0,0,0,256,1280,0,0,0,0,769,769,0
1,1025,14,0x0p+0,0,0,4,0,4,0,0,0,64,0,0,0,1025,512,0,0,0,0,0,0,0,256,1280,0,0,0,0,769,769,0
1,1025,13,-0x0p+0,0,0,4,0,4,0,0,0,64,0,0,0,1025,614,0,0,0,0,0,0,0,256,1280,0,0,0,0,769,769,0
1,1025,14,-0x0p+0,0,0,4,0,4,0,0,0,64,0,0,0,1025,512,0,0,0,0,0,0,0,256,1280,0,0,0,0,769,769,0
1,1025,13,0x1.028f5c28f5c29p+0,0,0,4,0,4,0,0,0,64,0,0,0,1025,614,0,0,0,0,0,0,0,256,1280,0,0,0,0,769,769,0
1,1025,14,0x1.028f5c28f5c29p+0,0,0,4,0,4,0,0,0,64,0,0,0,1025,512,0,0,0,0,0,0,0,256,1280,0,0,0,0,769,769,0
1,1025,13,-0x1.028f5c28f5c29p+0,0,0,4,0,4,0,0,0,64,0,0,0,1025,614,0,0,0,0,0,0,0,256,1280,0,0,0,0,769,769,0
1,1025,14,-0x1.028f5c28f5c29p+0,0,0,4,0,4,0,0,0,64,0,0,0,1025,512,0,0,0,0,0,0,0,256,1280,0,0,0,0,769,769,0
1,1025,13,0x1.0000000000001p+0,0,0,4,0,4,0,0,0,64,0,0,0,1025,614,0,0,0,0,0,0,0,256,1280,0,0,0,0,769,769,0
1,1025,14,0x1.0000000000001p+0,0,0,4,0,4,0,0,0,64,0,0,0,1025,512,0,0,0,0,0,0,0,256,1280,0,0,0,0,769,769,0
1,1025,13,0x1p-1074,0,0,4,0,4,0,0,0,64,0,0,0,1025,614,0,0,0,0,0,0,0,256,1280,0,0,0,0,769,769,0
1,1025,14,0x1p-1074,0,0,4,0,4,0,0,0,64,0,0,0,1025,512,0,0,0,0,0,0,0,256,1280,0,0,0,0,769,769,0
1,1025,13,-0x1p-1074,0,0,4,0,4,0,0,0,64,0,0,0,1025,614,0,0,0,0,0,0,0,256,1280,0,0,0,0,769,769,0
1,1025,14,-0x1p-1074,0,0,4,0,4,0,0,0,64,0,0,0,1025,512,0,0,0,0,0,0,0,256,1280,0,0,0,0,769,769,0
1,1025,13,0x1.fffffep+126,0,0,4,0,4,0,0,0,64,0,0,0,1025,614,0,0,0,0,0,0,0,256,1280,0,0,0,0,769,769,0
1,1025,14,0x1.fffffep+126,0,0,4,0,4,0,0,0,64,0,0,0,1025,512,0,0,0,0,0,0,0,256,1280,0,0,0,0,769,769,0
1,1025,13,-0x1.fffffep+126,0,0,4,0,4,0,0,0,64,0,0,0,1025,614,0,0,0,0,0,0,0,256,1280,0,0,0,0,769,769,0
1,1025,14,-0x1.fffffep+126,0,0,4,0,4,0,0,0,64,0,0,0,1025,512,0,0,0,0,0,0,0,256,1280,0,0,0,0,769,769,0
1,1025,13,0x1p+127,0,0,4,0,4,0,0,0,64,0,0,0,1025,614,0,0,0,0,0,0,0,256,1280,0,0,0,0,769,769,0
1,1025,14,0x1p+127,0,0,4,0,4,0,0,0,64,0,0,0,1025,512,0,0,0,0,0,0,0,256,1280,0,0,0,0,769,769,0
1,1025,13,-0x1p+127,0,0,4,0,4,0,0,0,64,0,0,0,1025,614,0,0,0,0,0,0,0,256,1280,0,0,0,0,769,769,0
1,1025,14,-0x1p+127,0,0,4,0,4,0,0,0,64,0,0,0,1025,512,0,0,0,0,0,0,0,256,1280,0,0,0,0,769,769,0
1,1025,13,0x1.fffffffffffffp+1022,0,0,4,0,4,0,0,0,1058,0,0,0,1025,820,0,0,0,0,0,0,0,256,1280,0,0,0,0,0,0,0
1,1025,14,0x1.fffffffffffffp+1022,0,0,4,0,4,0,0,0,1058,0,0,0,1025,1025,0,0,0,0,0,0,0,256,1280,0,0,0,0,0,0,0
1,1025,13,-0x1.fffffffffffffp+1022,0,0,4,0,4,0,0,0,1058,0,0,0,1025,820,0,0,0,0,0,0,0,256,1280,0,0,0,0,0,0,0
1,1025,14,-0x1.fffffffffffffp+1022,0,0,4,0,4,0,0,0,1058,0,0,0,1025,1025,0,0,0,0,0,0,0,256,1280,0,0,0,0,0,0,0
1,1025,13,0x1.fffffffffffffp+1023,0,0,4,0,4,0,0,0,1083,0,0,0,1025,922,0,0,0,0,0,0,0,256,1280,0,0,0,0,0,0,0
1,1025,14,0x1.fffffffffffffp+1023,0,0,4,0,4,0,0,0,1083,0,0,0,1025,1025,0,0,0,0,0,0,0,256,1280,0,0,0,0,0,0,0
1,1025,13,-0x1.fffffffffffffp+1023,0,0,4,0,4,0,0,0,1083,0,0,0,1025,922,0,0,0,0,0,0,0,256,1280,0,0,0,0,0,0,0
1,1025,14,-0x1.fffffffffffffp+1023,0,0,4,0,4,0,0,0,1083,0,0,0,1025,1025,0,0,0,0,0,0,0,256,1280,0,0,0,0,0,0,0
1,16384,8,0x1.028f5c28f5c29p+0,1,0,3,0,3,0,0,0,64,0,0,0,16384,8192,0,0,0,0,0,0,0,16384,81920,0,0,0,0,0,0,0
1,16385,8,0x1.028f5c28f5c29p+0,1,7,3,0,3,0,0,0,64,0,0,0,16385,8192,0,0,0,0,0,0,0,16385,81925,0,0,0,0,0,0,0
1,16385,11,0x1.028f5c28f5c29p+0,1,0,3,0,3,0,0,0,64,0,0,0,16385,256,0,0,0,0,0,0,0,16384,81920,0,0,0,0,0,0,0
1,16385,12,0x1.028f5c28f5c29p+0,1,0,3,0,3,0,0,0,64,0,0,0,16385,8192,0,0,0,0,0,0,0,16384,81920,0,0,0,0,0,0,0
1,1025,9,0x1.028f5c28f5c29p+0,1,0,3,0,3,0,0,0,0,0,0,0,0,1025,0,0,0,0,0,0,0,0,0,0,0,1025,0,0,0,0
1,1025,13,0x0p+0,1,0,3,0,3,0,0,0,64,0,0,0,1025,614,0,0,0,0,0,0,0,1025,5125,0,0,0,0,0,0,0
1,1025,14,0x0p+0,1,0,3,0,3,0,0,0,64,0,0,0,1025,512,0,0,0,0,0,0,0,1025,5125,0,0,0,0,0,0,0
1,1025,13,-0x0p+0,1,0,3,0,3,0,0,0,64,0,0,0,1025,614,0,0,0,0,0,0,0,1025,5125,0,0,0,0,0,0,0
1,1025,14,-0x0p+0,1,0,3,0,3,0,0,0,64,0,0,0,1025,512,0,0,0,0,0,0,0,1025,5125,0,0,0,0,0,0,0
1,1025,13,0x1.028f5c28f5c29p+0,1,0,3,0,4,0,0,0,1153,0,0,0,2050,614,0,0,0,0,0,0,0,1281,6405,0,0,0,0,0,0,0
1,1025,14,0x1.028f5c28f5c29p+0,1,0,3,0,4,0,0,0,129,0,0,0,2050,512,0,0,0,0,0,0,0,2050,10250,0,0,0,0,0,0,0
1,1025,13,-0x1.028f5c28f5c29p+0,1,0,3,0,4,0,0,0,1153,0,0,0,2050,614,0,0,0,0,0,0,0,1281,6405,0,0,0,0,0,0,0
1,1025,14,-0x1.028f5c28f5c29p+0,1,0,3,0,4,0,0,0,129,0,0,0,2050,512,0,0,0,0,0,0,0,2050,10250,0,0,0,0,0,0,0
1,1025,13,0x1.0000000000001p+0,1,0,3,0,4,0,0,0,1153,0,0,0,2050,614,0,0,0,0,0,0,0,1281,6405,0,0,0,0,0,0,0
1,1025,14,0x1.0000000000001p+0,1,0,3,0,4,0,0,0,129,0,0,0,2050,512,0,0,0,0,0,0,0,2050,10250,0,0,0,0,0,0,0
1,1025,13,0x1p-1074,1,0,3,0,3,0,0,0,64,0,0,0,1025,614,0,0,0,0,0,0,0,1025,5125,0,0,0,0,0,0,0
1,1025,14,0x1p-1074,1,0,3,0,3,0,0,0,64,0,0,0,1025,512,0,0,0,0,0,0,0,1025,5125,0,0,0,0,0,0,0
1,1025,13,-0x1p-1074,1,0,3,0,3,0,0,0,64,0,0,0,1025,614,0,0,0,0,0,0,0,1025,5125,0,0,0,0,0,0,0
1,1025,14,-0x1p-1074,1,0,3,0,3,0,0,0,64,0,0,0,1025,512,0,0,0,0,0,0,0,1025,5125,0,0,0,0,0,0,0
1,1025,13,0x1.fffffep+126,1,0,3,0,4,0,0,0,1151,0,0,0,2050,614,0,0,0,0,0,0,0,1281,6405,0,0,0,0,0,0,0
1,1025,14,0x1.fffffep+126,1,0,3,0,4,0,0,0,1151,0,0,0,2050,512,0,0,0,0,0,0,0,1281,6405,0,0,0,0,0,0,0
1,1025,13,-0x1.fffffep+126,1,0,3,0,4,0,0,0,1151,0,0,0,2050,614,0,0,0,0,0,0,0,1281,6405,0,0,0,0,0,0,0
1,1025,14,-0x1.fffffep+126,1,0,3,0,4,0,0,0,1151,0,0,0,2050,512,0,0,0,0,0,0,0,1281,6405,0,0,0,0,0,0,0
1,1025,13,0x1p+127,1,0,3,0,4,0,0,0,1153,0,0,0,2050,614,0,0,0,0,0,0,0,1281,6405,0,0,0,0,0,0,0
1,1025,14,0x1p+127,1,0,3,0,4,0,0,0,1153,0,0,0,2050,512,0,0,0,0,0,0,0,1281,6405,0,0,0,0,0,0,0
1,1025,13,-0x1p+127,1,0,3,0,4,0,0,0,1153,0,0,0,2050,614,0,0,0,0,0,0,0,1281,6405,0,0,0,0,0,0,0
1,1025,14,-0x1p+127,1,0,3,0,4,0,0,0,1153,0,0,0,2050,512,0,0,0,0,0,0,0,1281,6405,0,0,0,0,0,0,0
1,1025,13,0x1.fffffffffffffp+1022,1,0,3,0,4,0,0,0,2085,0,0,0,2050,820,0,0,0,0,0,0,0,256,1280,0,0,0,0,0,0,0
1,1025,14,0x1.fffffffffffffp+1022,1,0,3,0,3,0,0,0,1027,0,0,0,1025,1025,0,0,0,0,0,0,0,0,0,0,0,0,0,0,0,0
1,1025,13,-0x1.fffffffffffffp+1022,1,0,3,0,4,0,0,0,2085,0,0,0,2050,820,0,0,0,0,0,0,0,256,1280,0,0,0,0,0,0,0
1,1025,14,-0x1.fffffffffffffp+1022,1,0,3,0,3,0,0,0,1027,0,0,0,1025,1025,0,0,0,0,0,0,0,0,0,0,0,0,0,0,0,0
1,1025,13,0x1.fffffffffffffp+1023,1,0,3,0,4,0,0,0,2110,0,0,0,2050,922,0,0,0,0,0,0,0,256,1280,0,0,0,0,0,0,0
1,1025,14,0x1.fffffffffffffp+1023,1,0,3,0,3,0,0,0,1027,0,0,0,1025,1025,0,0,0,0,0,0,0,0,0,0,0,0,0,0,0,0
1,1025,13,-0x1.fffffffffffffp+1023,1,0,3,0,4,0,0,0,2110,0,0,0,2050,922,0,0,0,0,0,0,0,256,1280,0,0,0,0,0,0,0
1,1025,14,-0x1.fffffffffffffp+1023,1,0,3,0,3,0,0,0,1027,0,0,0,1025,1025,0,0,0,0,0,0,0,0,0,0,0,0,0,0,0,0
1,16384,8,0x1.028f5c28f5c29p+0,1,0,4,0,4,0,0,0,64,0,0,0,16384,8192,0,0,0,0,0,0,0,16384,81920,0,0,0,0,0,0,0
1,16385,8,0x1.028f5c28f5c29p+0,1,7,4,0,4,0,0,0,64,0,0,0,16385,8192,0,0,0,0,0,0,0,16385,81925,0,0,0,0,0,0,0
1,16385,11,0x1.028f5c28f5c29p+0,1,0,4,0,4,0,0,0,64,0,0,0,16385,256,0,0,0,0,0,0,0,16384,81920,0,0,0,0,0,0,0
1,16385,12,0x1.028f5c28f5c29p+0,1,0,4,0,4,0,0,0,64,0,0,0,16385,8192,0,0,0,0,0,0,0,16384,81920,0,0,0,0,0,0,0
1,1025,9,0x1.028f5c28f5c29p+0,1,0,4,0,4,0,0,0,0,0,0,0,0,1025,0,0,0,0,0,0,0,0,0,0,0,1025,0,0,0,0
1,1025,13,0x0p+0,1,0,4,0,4,0,0,0,64,0,0,0,1025,614,0,0,0,0,0,0,0,1025,5125,0,0,0,0,0,0,0
1,1025,14,0x0p+0,1,0,4,0,4,0,0,0,64,0,0,0,1025,512,0,0,0,0,0,0,0,1025,5125,0,0,0,0,0,0,0
1,1025,13,-0x0p+0,1,0,4,0,4,0,0,0,64,0,0,0,1025,614,0,0,0,0,0,0,0,1025,5125,0,0,0,0,0,0,0
1,1025,14,-0x0p+0,1,0,4,0,4,0,0,0,64,0,0,0,1025,512,0,0,0,0,0,0,0,1025,5125,0,0,0,0,0,0,0
1,1025,13,0x1.028f5c28f5c29p+0,1,0,4,0,4,0,0,0,64,0,0,0,1025,614,0,0,0,0,0,0,0,1025,5125,0,0,0,0,0,0,0
1,1025,14,0x1.028f5c28f5c29p+0,1,0,4,0,4,0,0,0,64,0,0,0,1025,512,0,0,0,0,0,0,0,1025,5125,0,0,0,0,0,0,0
1,1025,13,-0x1.028f5c28f5c29p+0,1,0,4,0,4,0,0,0,64,0,0,0,1025,614,0,0,0,0,0,0,0,1025,5125,0,0,0,0,0,0,0
1,1025,14,-0x1.028f5c28f5c29p+0,1,0,4,0,4,0,0,0,64,0,0,0,1025,512,0,0,0,0,0,0,0,1025,5125,0,0,0,0,0,0,0
1,1025,13,0x1.0000000000001p+0,1,0,4,0,4,0,0,0,64,0,0,0,1025,614,0,0,0,0,0,0,0,1025,5125,0,0,0,0,0,0,0
1,1025,14,0x1.0000000000001p+0,1,0,4,0,4,0,0,0,64,0,0,0,1025,512,0,0,0,0,0,0,0,1025,5125,0,0,0,0,0,0,0
1,1025,13,0x1p-1074,1,0,4,0,4,0,0,0,64,0,0,0,1025,614,0,0,0,0,0,0,0,1025,5125,0,0,0,0,0,0,0
1,1025,14,0x1p-1074,1,0,4,0,4,0,0,0,64,0,0,0,1025,512,0,0,0,0,0,0,0,1025,5125,0,0,0,0,0,0,0
1,1025,13,-0x1p-1074,1,0,4,0,4,0,0,0,64,0,0,0,1025,614,0,0,0,0,0,0,0,1025,5125,0,0,0,0,0,0,0
1,1025,14,-0x1p-1074,1,0,4,0,4,0,0,0,64,0,0,0,1025,512,0,0,0,0,0,0,0,1025,5125,0,0,0,0,0,0,0
1,1025,13,0x1.fffffep+126,1,0,4,0,4,0,0,0,64,0,0,0,1025,614,0,0,0,0,0,0,0,1025,5125,0,0,0,0,0,0,0
1,1025,14,0x1.fffffep+126,1,0,4,0,4,0,0,0,64,0,0,0,1025,512,0,0,0,0,0,0,0,1025,5125,0,0,0,0,0,0,0
1,1025,13,-0x1.fffffep+126,1,0,4,0,4,0,0,0,64,0,0,0,1025,614,0,0,0,0,0,0,0,1025,5125,0,0,0,0,0,0,0
1,1025,14,-0x1.fffffep+126,1,0,4,0,4,0,0,0,64,0,0,0,1025,512,0,0,0,0,0,0,0,1025,5125,0,0,0,0,0,0,0
1,1025,13,0x1p+127,1,0,4,0,4,0,0,0,64,0,0,0,1025,614,0,0,0,0,0,0,0,1025,5125,0,0,0,0,0,0,0
1,1025,14,0x1p+127,1,0,4,0,4,0,0,0,64,0,0,0,1025,512,0,0,0,0,0,0,0,1025,5125,0,0,0,0,0,0,0
1,1025,13,-0x1p+127,1,0,4,0,4,0,0,0,64,0,0,0,1025,614,0,0,0,0,0,0,0,1025,5125,0,0,0,0,0,0,0
1,1025,14,-0x1p+127,1,0,4,0,4,0,0,0,64,0,0,0,1025,512,0,0,0,0,0,0,0,1025,5125,0,0,0,0,0,0,0
1,1025,13,0x1.fffffffffffffp+1022,1,0,4,0,4,0,0,0,1058,0,0,0,1025,820,0,0,0,0,0,0,0,256,1280,0,0,0,0,0,0,0
1,1025,14,0x1.fffffffffffffp+1022,1,0,4,0,4,0,0,0,1058,0,0,0,1025,1025,0,0,0,0,0,0,0,256,1280,0,0,0,0,0,0,0
1,1025,13,-0x1.fffffffffffffp+1022,1,0,4,0,4,0,0,0,1058,0,0,0,1025,820,0,0,0,0,0,0,0,256,1280,0,0,0,0,0,0,0
1,1025,14,-0x1.fffffffffffffp+1022,1,0,4,0,4,0,0,0,1058,0,0,0,1025,1025,0,0,0,0,0,0,0,256,1280,0,0,0,0,0,0,0
1,1025,13,0x1.fffffffffffffp+1023,1,0,4,0,4,0,0,0,1083,0,0,0,1025,922,0,0,0,0,0,0,0,256,1280,0,0,0,0,0,0,0
1,1025,14,0x1.fffffffffffffp+1023,1,0,4,0,4,0,0,0,1083,0,0,0,1025,1025,0,0,0,0,0,0,0,256,1280,0,0,0,0,0,0,0
1,1025,13,-0x1.fffffffffffffp+1023,1,0,4,0,4,0,0,0,1083,0,0,0,1025,922,0,0,0,0,0,0,0,256,1280,0,0,0,0,0,0,0
1,1025,14,-0x1.fffffffffffffp+1023,1,0,4,0,4,0,0,0,1083,0,0,0,1025,1025,0,0,0,0,0,0,0,256,1280,0,0,0,0,0,0,0
0,1025,2,0x1.028f5c28f5c29p+0,0,0,3,0,4,0,0,0,1153,0,0,0,2050,749,0,0,0,0,0,0,0,1281,6405,0,0,0,0,0,0,0
0,1025,10,0x1.028f5c28f5c29p+0,1,0,3,0,3,0,0,0,64,0,0,0,1025,660,0,0,0,0,0,0,0,1025,5125,0,0,0,0,0,0,0
0,1025,2,0x1.028f5c28f5c29p+0,0,0,4,0,4,0,0,0,64,0,0,0,1025,749,0,0,0,0,0,0,0,1025,5125,0,0,0,0,0,0,0
0,1025,10,0x1.028f5c28f5c29p+0,1,0,4,0,4,0,0,0,64,0,0,0,1025,660,0,0,0,0,0,0,0,1025,5125,0,0,0,0,0,0,0
3,1025,7,0x1.028f5c28f5c29p+0,0,0,3,0,3,0,0,0,64,0,0,0,1025,0,0,0,0,0,0,0,0,0,0,0,0,0,0,0,0,0
3,1025,7,-0x0p+0,0,0,3,0,3,0,0,0,64,0,0,0,1025,0,0,0,0,0,0,0,0,0,0,0,0,0,0,0,0,0
3,1025,7,0x1.fffffffffffffp+1022,0,0,3,0,3,0,0,0,1027,0,0,0,1025,1025,0,0,0,0,0,0,0,0,0,0,0,0,0,0,0,0
3,1025,7,0x1.fffffffffffffp+1023,0,0,3,0,3,0,0,0,1027,0,0,0,1025,1025,0,0,0,0,0,0,0,0,0,0,0,0,0,0,0,0
3,1025,8,0x1.028f5c28f5c29p+0,0,0,3,0,3,0,0,0,64,0,0,0,1025,512,0,0,0,0,0,0,0,256,1280,0,0,0,0,769,769,0
3,1025,8,-0x0p+0,0,0,3,0,3,0,0,0,64,0,0,0,1025,512,0,0,0,0,0,0,0,256,1280,0,0,0,0,769,769,0
3,1025,8,0x1.fffffffffffffp+1022,0,0,3,0,3,0,0,0,1027,0,0,0,1025,1025,0,0,0,0,0,0,0,0,0,0,0,0,0,0,0,0
3,1025,8,0x1.fffffffffffffp+1023,0,0,3,0,3,0,0,0,1027,0,0,0,1025,1025,0,0,0,0,0,0,0,0,0,0,0,0,0,0,0,0
3,1025,14,0x1.028f5c28f5c29p+0,0,0,3,0,4,0,0,0,897,0,0,0,2050,512,0,0,0,0,0,0,0,512,2560,0,0,0,0,1538,769,0
3,1025,14,-0x0p+0,0,0,3,0,3,0,0,0,64,0,0,0,1025,512,0,0,0,0,0,0,0,256,1280,0,0,0,0,769,769,0
3,1025,14,0x1.fffffffffffffp+1022,0,0,3,0,3,0,0,0,1027,0,0,0,1025,1025,0,0,0,0,0,0,0,0,0,0,0,0,0,0,0,0
3,1025,14,0x1.fffffffffffffp+1023,0,0,3,0,3,0,0,0,1027,0,0,0,1025,1025,0,0,0,0,0,0,0,0,0,0,0,0,0,0,0,0
3,1025,15,0x1.028f5c28f5c29p+0,0,0,3,0,3,0,0,0,1089,0,0,0,1025,512,0,0,0,0,0,0,0,0,0,0,0,0,0,0,0,0
3,1025,15,-0x0p+0,0,0,3,0,3,0,0,0,1089,0,0,0,1025,512,0,0,0,0,0,0,0,0,0,0,0,0,0,0,0,0
3,1025,15,0x1.fffffffffffffp+1022,0,0,3,0,3,0,0,0,1027,0,0,0,1025,1025,0,0,0,0,0,0,0,0,0,0,0,0,0,0,0,0
3,1025,15,0x1.fffffffffffffp+1023,0,0,3,0,3,0,0,0,1027,0,0,0,1025,1025,0,0,0,0,0,0,0,0,0,0,0,0,0,0,0,0
3,1025,16,0x1.028f5c28f5c29p+0,0,0,3,0,3,0,0,0,64,0,0,0,1025,512,0,0,0,0,0,0,0,256,1280,0,0,0,0,769,769,0
3,1025,16,-0x0p+0,0,0,3,0,3,0,0,0,64,0,0,0,1025,512,0,0,0,0,0,0,0,256,1280,0,0,0,0,769,769,0
3,1025,16,0x1.fffffffffffffp+1022,0,0,3,0,3,0,0,0,1027,0,0,0,1025,1025,0,0,0,0,0,0,0,0,0,0,0,0,0,0,0,0
3,1025,16,0x1.fffffffffffffp+1023,0,0,3,0,3,0,0,0,1027,0,0,0,1025,1025,0,0,0,0,0,0,0,0,0,0,0,0,0,0,0,0
3,1025,17,0x1.028f5c28f5c29p+0,0,0,3,0,3,0,0,0,64,0,0,0,1025,1025,0,0,0,0,0,0,0,256,1280,0,0,0,0,769,769,0
3,1025,17,-0x0p+0,0,0,3,0,3,0,0,0,64,0,0,0,1025,1025,0,0,0,0,0,0,0,256,1280,0,0,0,0,769,769,0
3,1025,17,0x1.fffffffffffffp+1022,0,0,3,0,3,0,0,0,1027,0,0,0,1025,1025,0,0,0,0,0,0,0,0,0,0,0,0,0,0,0,0
3,1025,17,0x1.fffffffffffffp+1023,0,0,3,0,3,0,0,0,1027,0,0,0,1025,1025,0,0,0,0,0,0,0,0,0,0,0,0,0,0,0,0
3,1025,7,0x1.028f5c28f5c29p+0,0,7,3,0,3,0,0,0,64,0,0,0,1025,0,0,0,0,0,0,0,0,0,0,0,0,0,0,0,0,0
3,1025,7,-0x0p+0,0,7,3,0,3,0,0,0,64,0,0,0,1025,0,0,0,0,0,0,0,0,0,0,0,0,0,0,0,0,0
3,1025,7,0x1.fffffffffffffp+1022,0,7,3,0,3,0,0,0,1027,0,0,0,1025,1025,0,0,0,0,0,0,0,0,0,0,0,0,0,0,0,0
3,1025,7,0x1.fffffffffffffp+1023,0,7,3,0,3,0,0,0,1027,0,0,0,1025,1025,0,0,0,0,0,0,0,0,0,0,0,0,0,0,0,0
3,1025,8,0x1.028f5c28f5c29p+0,0,7,3,0,3,0,0,0,64,0,0,0,1025,512,0,0,0,0,0,0,0,1025,5125,0,0,0,0,0,0,0
3,1025,8,-0x0p+0,0,7,3,0,3,0,0,0,64,0,0,0,1025,512,0,0,0,0,0,0,0,1025,5125,0,0,0,0,0,0,0
3,1025,8,0x1.fffffffffffffp+1022,0,7,3,0,3,0,0,0,1027,0,0,0,1025,1025,0,0,0,0,0,0,0,0,0,0,0,0,0,0,0,0
3,1025,8,0x1.fffffffffffffp+1023,0,7,3,0,3,0,0,0,1027,0,0,0,1025,1025,0,0,0,0,0,0,0,0,0,0,0,0,0,0,0,0
3,1025,14,0x1.028f5c28f5c29p+0,0,7,3,0,4,0,0,0,131,0,0,0,2050,512,0,0,0,0,0,0,0,2050,10250,0,0,0,0,0,0,0
3,1025,14,-0x0p+0,0,7,3,0,3,0,0,0,64,0,0,0,1025,512,0,0,0,0,0,0,0,1025,5125,0,0,0,0,0,0,0
3,1025,14,0x1.fffffffffffffp+1022,0,7,3,0,3,0,0,0,1027,0,0,0,1025,1025,0,0,0,0,0,0,0,0,0,0,0,0,0,0,0,0
3,1025,14,0x1.fffffffffffffp+1023,0,7,3,0,3,0,0,0,1027,0,0,0,1025,1025,0,0,0,0,0,0,0,0,0,0,0,0,0,0,0,0
3,1025,15,0x1.028f5c28f5c29p+0,0,7,3,0,3,0,0,0,1089,0,0,0,1025,512,0,0,0,0,0,0,0,0,0,0,0,0,0,0,0,0
3,1025,15,-0x0p+0,0,7,3,0,3,0,0,0,1089,0,0,0,1025,512,0,0,0,0,0,0,0,0,0,0,0,0,0,0,0,0
3,1025,15,0x1.fffffffffffffp+1022,0,7,3,0,3,0,0,0,1027,0,0,0,1025,1025,0,0,0,0,0,0,0,0,0,0,0,0,0,0,0,0
3,1025,15,0x1.fffffffffffffp+1023,0,7,3,0,3,0,0,0,1027,0,0,0,1025,1025,0,0,0,0,0,0,0,0,0,0,0,0,0,0,0,0
3,1025,16,0x1.028f5c28f5c29p+0,0,7,3,0,3,0,0,0,64,0,0,0,1025,512,0,0,0,0,0,0,0,1025,5125,0,0,0,0,0,0,0
3,1025,16,-0x0p+0,0,7,3,0,3,0,0,0,64,0,0,0,1025,512,0,0,0,0,0,0,0,1025,5125,0,0,0,0,0,0,0
3,1025,16,0x1.fffffffffffffp+1022,0,7,3,0,3,0,0,0,1027,0,0,0,1025,1025,0,0,0,0,0,0,0,0,0,0,0,0,0,0,0,0
3,1025,16,0x1.fffffffffffffp+1023,0,7,3,0,3,0,0,0,1027,0,0,0,1025,1025,0,0,0,0,0,0,0,0,0,0,0,0,0,0,0,0
3,1025,17,0x1.028f5c28f5c29p+0,0,7,3,0,3,0,0,0,64,0,0,0,1025,1025,0,0,0,0,0,0,0,1025,5125,0,0,0,0,0,0,0
3,1025,17,-0x0p+0,0,7,3,0,3,0,0,0,64,0,0,0,1025,1025,0,0,0,0,0,0,0,1025,5125,0,0,0,0,0,0,0
3,1025,17,0x1.fffffffffffffp+1022,0,7,3,0,3,0,0,0,1027,0,0,0,1025,1025,0,0,0,0,0,0,0,0,0,0,0,0,0,0,0,0
3,1025,17,0x1.fffffffffffffp+1023,0,7,3,0,3,0,0,0,1027,0,0,0,1025,1025,0,0,0,0,0,0,0,0,0,0,0,0,0,0,0,0
3,1025,7,0x1.028f5c28f5c29p+0,0,0,4,0,4,0,0,0,64,0,0,0,1025,0,0,0,0,0,0,0,0,0,0,0,0,0,0,0,0,0
3,1025,7,-0x0p+0,0,0,4,0,4,0,0,0,64,0,0,0,1025,0,0,0,0,0,0,0,0,0,0,0,0,0,0,0,0,0
3,1025,7,0x1.fffffffffffffp+1022,0,0,4,0,4,0,0,0,1058,0,0,0,1025,1025,0,0,0,0,0,0,0,0,0,0,0,0,0,0,0,0
3,1025,7,0x1.fffffffffffffp+1023,0,0,4,0,4,0,0,0,1083,0,0,0,1025,1025,0,0,0,0,0,0,0,0,0,0,0,0,0,0,0,0
3,1025,8,0x1.028f5c28f5c29p+0,0,0,4,0,4,0,0,0,64,0,0,0,1025,512,0,0,0,0,0,0,0,256,1280,0,0,0,0,769,769,0
3,1025,8,-0x0p+0,0,0,4,0,4,0,0,0,64,0,0,0,1025,512,0,0,0,0,0,0,0,256,1280,0,0,0,0,769,769,0
3,1025,8,0x1.fffffffffffffp+1022,0,0,4,0,4,0,0,0,1058,0,0,0,1025,1025,0,0,0,0,0,0,0,256,1280,0,0,0,0,0,0,0
3,1025,8,0x1.fffffffffffffp+1023,0,0,4,0,4,0,0,0,1083,0,0,0,1025,1025,0,0,0,0,0,0,0,256,1280,0,0,0,0,0,0,0
3,1025,14,0x1.028f5c28f5c29p+0,0,0,4,0,4,0,0,0,64,0,0,0,1025,512,0,0,0,0,0,0,0,256,1280,0,0,0,0,769,769,0
3,1025,14,-0x0p+0,0,0,4,0,4,0,0,0,64,0,0,0,1025,512,0,0,0,0,0,0,0,256,1280,0,0,0,0,769,769,0
3,1025,14,0x1.fffffffffffffp+1022,0,0,4,0,4,0,0,0,1058,0,0,0,1025,1025,0,0,0,0,0,0,0,256,1280,0,0,0,0,0,0,0
3,1025,14,0x1.fffffffffffffp+1023,0,0,4,0,4,0,0,0,1083,0,0,0,1025,1025,0,0,0,0,0,0,0,256,1280,0,0,0,0,0,0,0
3,1025,15,0x1.028f5c28f5c29p+0,0,0,4,0,4,0,0,0,1089,0,0,0,1025,512,0,0,0,0,0,0,0,0,0,0,0,0,0,0,0,0
3,1025,15,-0x0p+0,0,0,4,0,4,0,0,0,1089,0,0,0,1025,512,0,0,0,0,0,0,0,0,0,0,0,0,0,0,0,0
3,1025,15,0x1.fffffffffffffp+1022,0,0,4,0,4,0,0,0,1058,0,0,0,1025,1025,0,0,0,0,0,0,0,0,0,0,0,0,0,0,0,0
3,1025,15,0x1.fffffffffffffp+1023,0,0,4,0,4,0,0,0,1083,0,0,0,1025,1025,0,0,0,0,0,0,0,0,0,0,0,0,0,0,0,0
3,1025,16,0x1.028f5c28f5c29p+0,0,0,4,0,4,0,0,0,64,0,0,0,1025,512,0,0,0,0,0,0,0,256,1280,0,0,0,0,769,769,0
3,1025,16,-0x0p+0,0,0,4,0,4,0,0,0,64,0,0,0,1025,512,0,0,0,0,0,0,0,256,1280,0,0,0,0,769,769,0
3,1025,16,0x1.fffffffffffffp+1022,0,0,4,0,4,0,0,0,1058,0,0,0,1025,1025,0,0,0,0,0,0,0,256,1280,0,0,0,0,0,0,0
3,1025,16,0x1.fffffffffffffp+1023,0,0,4,0,4,0,0,0,1083,0,0,0,1025,1025,0,0,0,0,0,0,0,256,1280,0,0,0,0,0,0,0
3,1025,17,0x1.028f5c28f5c29p+0,0,0,4,0,4,0,0,0,64,0,0,0,1025,1025,0,0,0,0,0,0,0,256,1280,0,0,0,0,769,769,0
3,1025,17,-0x0p+0,0,0,4,0,4,0,0,0,64,0,0,0,1025,1025,0,0,0,0,0,0,0,256,1280,0,0,0,0,769,769,0
3,1025,17,0x1.fffffffffffffp+1022,0,0,4,0,4,0,0,0,33,0,0,0,1025,1025,0,0,0,0,0,0,0,256,1280,0,0,0,0,769,769,0
3,1025,17,0x1.fffffffffffffp+1023,0,0,4,0,4,0,0,0,58,0,0,0,1025,1025,0,0,0,0,0,0,0,256,1280,0,0,0,0,769,769,0
3,1025,7,0x1.028f5c28f5c29p+0,0,7,4,0,4,0,0,0,64,0,0,0,1025,0,0,0,0,0,0,0,0,0,0,0,0,0,0,0,0,0
3,1025,7,-0x0p+0,0,7,4,0,4,0,0,0,64,0,0,0,1025,0,0,0,0,0,0,0,0,0,0,0,0,0,0,0,0,0
3,1025,7,0x1.fffffffffffffp+1022,0,7,4,0,4,0,0,0,1058,0,0,0,1025,1025,0,0,0,0,0,0,0,0,0,0,0,0,0,0,0,0
3,1025,7,0x1.fffffffffffffp+1023,0,7,4,0,4,0,0,0,1083,0,0,0,1025,1025,0,0,0,0,0,0,0,0,0,0,0,0,0,0,0,0
3,1025,8,0x1.028f5c28f5c29p+0,0,7,4,0,4,0,0,0,64,0,0,0,1025,512,0,0,0,0,0,0,0,1025,5125,0,0,0,0,0,0,0
3,1025,8,-0x0p+0,0,7,4,0,4,0,0,0,64,0,0,0,1025,512,0,0,0,0,0,0,0,1025,5125,0,0,0,0,0,0,0
3,1025,8,0x1.fffffffffffffp+1022,0,7,4,0,4,0,0,0,1058,0,0,0,1025,1025,0,0,0,0,0,0,0,1025,5125,0,0,0,0,0,0,0
3,1025,8,0x1.fffffffffffffp+1023,0,7,4,0,4,0,0,0,1083,0,0,0,1025,1025,0,0,0,0,0,0,0,1025,5125,0,0,0,0,0,0,0
3,1025,14,0x1.028f5c28f5c29p+0,0,7,4,0,4,0,0,0,64,0,0,0,1025,512,0,0,0,0,0,0,0,1025,5125,0,0,0,0,0,0,0
3,1025,14,-0x0p+0,0,7,4,0,4,0,0,0,64,0,0,0,1025,512,0,0,0,0,0,0,0,1025,5125,0,0,0,0,0,0,0
3,1025,14,0x1.fffffffffffffp+1022,0,7,4,0,4,0,0,0,1058,0,0,0,1025,1025,0,0,0,0,0,0,0,1025,5125,0,0,0,0,0,0,0
3,1025,14,0x1.fffffffffffffp+1023,0,7,4,0,4,0,0,0,1083,0,0,0,1025,1025,0,0,0,0,0,0,0,1025,5125,0,0,0,0,0,0,0
3,1025,15,0x1.028f5c28f5c29p+0,0,7,4,0,4,0,0,0,1089,0,0,0,1025,512,0,0,0,0,0,0,0,0,0,0,0,0,0,0,0,0
3,1025,15,-0x0p+0,0,7,4,0,4,0,0,0,1089,0,0,0,1025,512,0,0,0,0,0,0,0,0,0,0,0,0,0,0,0,0
3,1025,15,0x1.fffffffffffffp+1022,0,7,4,0,4,0,0,0,1058,0,0,0,1025,1025,0,0,0,0,0,0,0,0,0,0,0,0,0,0,0,0
3,1025,15,0x1.fffffffffffffp+1023,0,7,4,0,4,0,0,0,1083,0,0,0,1025,1025,0,0,0,0,0,0,0,0,0,0,0,0,0,0,0,0
3,1025,16,0x1.028f5c28f5c29p+0,0,7,4,0,4,0,0,0,64,0,0,0,1025,512,0,0,0,0,0,0,0,1025,5125,0,0,0,0,0,0,0
3,1025,16,-0x0p+0,0,7,4,0,4,0,0,0,64,0,0,0,1025,512,0,0,0,0,0,0,0,1025,5125,0,0,0,0,0,0,0
3,1025,16,0x1.fffffffffffffp+1022,0,7,4,0,4,0,0,0,1058,0,0,0,1025,1025,0,0,0,0,0,0,0,1025,5125,0,0,0,0,0,0,0
3,1025,16,0x1.fffffffffffffp+1023,0,7,4,0,4,0,0,0,1083,0,0,0,1025,1025,0,0,0,0,0,0,0,1025,5125,0,0,0,0,0,0,0
3,1025,17,0x1.028f5c28f5c29p+0,0,7,4,0,4,0,0,0,64,0,0,0,1025,1025,0,0,0,0,0,0,0,1025,5125,0,0,0,0,0,0,0
3,1025,17,-0x0p+0,0,7,4,0,4,0,0,0,64,0,0,0,1025,1025,0,0,0,0,0,0,0,1025,5125,0,0,0,0,0,0,0
3,1025,17,0x1.fffffffffffffp+1022,0,7,4,0,4,0,0,0,33,0,0,0,1025,1025,0,0,0,0,0,0,0,1025,5125,0,0,0,0,0,0,0
3,1025,17,0x1.fffffffffffffp+1023,0,7,4,0,4,0,0,0,58,0,0,0,1025,1025,0,0,0,0,0,0,0,1025,5125,0,0,0,0,0,0,0
5,1025,7,0x1.028f5c28f5c29p+0,0,0,3,0,3,0,0,0,64,0,0,0,1025,0,0,0,0,0,0,0,0,0,0,0,0,0,0,0,0,0
5,1025,7,-0x0p+0,0,0,3,0,3,0,0,0,64,0,0,0,1025,0,0,0,0,0,0,0,0,0,0,0,0,0,0,0,0,0
5,1025,7,0x1.fffffffffffffp+1022,0,0,3,0,3,0,0,0,1027,0,0,0,1025,1025,0,0,0,0,0,0,0,0,0,0,0,0,0,0,0,0
5,1025,7,0x1.fffffffffffffp+1023,0,0,3,0,3,0,0,0,1027,0,0,0,1025,1025,0,0,0,0,0,0,0,0,0,0,0,0,0,0,0,0
5,1025,8,0x1.028f5c28f5c29p+0,0,0,3,0,3,0,0,0,64,0,0,0,1025,512,0,0,0,0,0,0,0,256,1280,0,0,0,0,769,769,0
5,1025,8,-0x0p+0,0,0,3,0,3,0,0,0,64,0,0,0,1025,512,0,0,0,0,0,0,0,256,1280,0,0,0,0,769,769,0
5,1025,8,0x1.fffffffffffffp+1022,0,0,3,0,3,0,0,0,1027,0,0,0,1025,1025,0,0,0,0,0,0,0,0,0,0,0,0,0,0,0,0
5,1025,8,0x1.fffffffffffffp+1023,0,0,3,0,3,0,0,0,1027,0,0,0,1025,1025,0,0,0,0,0,0,0,0,0,0,0,0,0,0,0,0
5,1025,14,0x1.028f5c28f5c29p+0,0,0,3,0,4,0,0,0,897,0,0,0,2050,512,0,0,0,0,0,0,0,512,2560,0,0,0,0,1538,769,0
5,1025,14,-0x0p+0,0,0,3,0,3,0,0,0,64,0,0,0,1025,512,0,0,0,0,0,0,0,256,1280,0,0,0,0,769,769,0
5,1025,14,0x1.fffffffffffffp+1022,0,0,3,0,3,0,0,0,1027,0,0,0,1025,1025,0,0,0,0,0,0,0,0,0,0,0,0,0,0,0,0
5,1025,14,0x1.fffffffffffffp+1023,0,0,3,0,3,0,0,0,1027,0,0,0,1025,1025,0,0,0,0,0,0,0,0,0,0,0,0,0,0,0,0
5,1025,15,0x1.028f5c28f5c29p+0,0,0,3,0,3,0,0,0,1089,0,0,0,1025,512,0,0,0,0,0,0,0,0,0,0,0,0,0,0,0,0
5,1025,15,-0x0p+0,0,0,3,0,3,0,0,0,1089,0,0,0,1025,512,0,0,0,0,0,0,0,0,0,0,0,0,0,0,0,0
5,1025,15,0x1.fffffffffffffp+1022,0,0,3,0,3,0,0,0,1027,0,0,0,1025,1025,0,0,0,0,0,0,0,0,0,0,0,0,0,0,0,0
5,1025,15,0x1.fffffffffffffp+1023,0,0,3,0,3,0,0,0,1027,0,0,0,1025,1025,0,0,0,0,0,0,0,0,0,0,0,0,0,0,0,0
5,1025,16,0x1.028f5c28f5c29p+0,0,0,3,0,3,0,0,0,64,0,0,0,1025,512,0,0,0,0,0,0,0,256,1280,0,0,0,0,769,769,0
5,1025,16,-0x0p+0,0,0,3,0,3,0,0,0,64,0,0,0,1025,512,0,0,0,0,0,0,0,256,1280,0,0,0,0,769,769,0
5,1025,16,0x1.fffffffffffffp+1022,0,0,3,0,3,0,0,0,1027,0,0,0,1025,1025,0,0,0,0,0,0,0,0,0,0,0,0,0,0,0,0
5,1025,16,0x1.fffffffffffffp+1023,0,0,3,0,3,0,0,0,1027,0,0,0,1025,1025,0,0,0,0,0,0,0,0,0,0,0,0,0,0,0,0
5,1025,17,0x1.028f5c28f5c29p+0,0,0,3,0,3,0,0,0,64,0,0,0,1025,1025,0,0,0,0,0,0,0,256,1280,0,0,0,0,769,769,0
5,1025,17,-0x0p+0,0,0,3,0,3,0,0,0,64,0,0,0,1025,1025,0,0,0,0,0,0,0,256,1280,0,0,0,0,769,769,0
5,1025,17,0x1.fffffffffffffp+1022,0,0,3,0,3,0,0,0,1027,0,0,0,1025,1025,0,0,0,0,0,0,0,0,0,0,0,0,0,0,0,0
5,1025,17,0x1.fffffffffffffp+1023,0,0,3,0,3,0,0,0,1027,0,0,0,1025,1025,0,0,0,0,0,0,0,0,0,0,0,0,0,0,0,0
5,1025,7,0x1.028f5c28f5c29p+0,0,7,3,0,3,0,0,0,64,0,0,0,1025,0,0,0,0,0,0,0,0,0,0,0,0,0,0,0,0,0
5,1025,7,-0x0p+0,0,7,3,0,3,0,0,0,64,0,0,0,1025,0,0,0,0,0,0,0,0,0,0,0,0,0,0,0,0,0
5,1025,7,0x1.fffffffffffffp+1022,0,7,3,0,3,0,0,0,1027,0,0,0,1025,1025,0,0,0,0,0,0,0,0,0,0,0,0,0,0,0,0
5,1025,7,0x1.fffffffffffffp+1023,0,7,3,0,3,0,0,0,1027,0,0,0,1025,1025,0,0,0,0,0,0,0,0,0,0,0,0,0,0,0,0
5,1025,8,0x1.028f5c28f5c29p+0,0,7,3,0,3,0,0,0,64,0,0,0,1025,512,0,0,0,0,0,0,0,1025,5125,0,0,0,0,0,0,0
5,1025,8,-0x0p+0,0,7,3,0,3,0,0,0,64,0,0,0,1025,512,0,0,0,0,0,0,0,1025,5125,0,0,0,0,0,0,0
5,1025,8,0x1.fffffffffffffp+1022,0,7,3,0,3,0,0,0,1027,0,0,0,1025,1025,0,0,0,0,0,0,0,0,0,0,0,0,0,0,0,0
5,1025,8,0x1.fffffffffffffp+1023,0,7,3,0,3,0,0,0,1027,0,0,0,1025,1025,0,0,0,0,0,0,0,0,0,0,0,0,0,0,0,0
5,1025,14,0x1.028f5c28f5c29p+0,0,7,3,0,4,0,0,0,131,0,0,0,2050,512,0,0,0,0,0,0,0,2050,10250,0,0,0,0,0,0,0
5,1025,14,-0x0p+0,0,7,3,0,3,0,0,0,64,0,0,0,1025,512,0,0,0,0,0,0,0,1025,5125,0,0,0,0,0,0,0
5,1025,14,0x1.fffffffffffffp+1022,0,7,3,0,3,0,0,0,1027,0,0,0,1025,1025,0,0,0,0,0,0,0,0,0,0,0,0,0,0,0,0
5,1025,14,0x1.fffffffffffffp+1023,0,7,3,0,3,0,0,0,1027,0,0,0,1025,1025,0,0,0,0,0,0,0,0,0,0,0,0,0,0,0,0
5,1025,15,0x1.028f5c28f5c29p+0,0,7,3,0,3,0,0,0,1089,0,0,0,1025,512,0,0,0,0,0,0,0,0,0,0,0,0,0,0,0,0
5,1025,15,-0x0p+0,0,7,3,0,3,0,0,0,1089,0,0,0,1025,512,0,0,0,0,0,0,0,0,0,0,0,0,0,0,0,0
5,1025,15,0x1.fffffffffffffp+1022,0,7,3,0,3,0,0,0,1027,0,0,0,1025,1025,0,0,0,0,0,0,0,0,0,0,0,0,0,0,0,0
5,1025,15,0x1.fffffffffffffp+1023,0,7,3,0,3,0,0,0,1027,0,0,0,1025,1025,0,0,0,0,0,0,0,0,0,0,0,0,0,0,0,0
5,1025,16,0x1.028f5c28f5c29p+0,0,7,3,0,3,0,0,0,64,0,0,0,1025,512,0,0,0,0,0,0,0,1025,5125,0,0,0,0,0,0,0
5,1025,16,-0x0p+0,0,7,3,0,3,0,0,0,64,0,0,0,1025,512,0,0,0,0,0,0,0,1025,5125,0,0,0,0,0,0,0
5,1025,16,0x1.fffffffffffffp+1022,0,7,3,0,3,0,0,0,1027,0,0,0,1025,1025,0,0,0,0,0,0,0,0,0,0,0,0,0,0,0,0
5,1025,16,0x1.fffffffffffffp+1023,0,7,3,0,3,0,0,0,1027,0,0,0,1025,1025,0,0,0,0,0,0,0,0,0,0,0,0,0,0,0,0
5,1025,17,0x1.028f5c28f5c29p+0,0,7,3,0,3,0,0,0,64,0,0,0,1025,1025,0,0,0,0,0,0,0,1025,5125,0,0,0,0,0,0,0
5,1025,17,-0x0p+0,0,7,3,0,3,0,0,0,64,0,0,0,1025,1025,0,0,0,0,0,0,0,1025,5125,0,0,0,0,0,0,0
5,1025,17,0x1.fffffffffffffp+1022,0,7,3,0,3,0,0,0,1027,0,0,0,1025,1025,0,0,0,0,0,0,0,0,0,0,0,0,0,0,0,0
5,1025,17,0x1.fffffffffffffp+1023,0,7,3,0,3,0,0,0,1027,0,0,0,1025,1025,0,0,0,0,0,0,0,0,0,0,0,0,0,0,0,0
5,1025,7,0x1.028f5c28f5c29p+0,0,0,4,0,4,0,0,0,64,0,0,0,1025,0,0,0,0,0,0,0,0,0,0,0,0,0,0,0,0,0
5,1025,7,-0x0p+0,0,0,4,0,4,0,0,0,64,0,0,0,1025,0,0,0,0,0,0,0,0,0,0,0,0,0,0,0,0,0
5,1025,7,0x1.fffffffffffffp+1022,0,0,4,0,4,0,0,0,1058,0,0,0,1025,1025,0,0,0,0,0,0,0,0,0,0,0,0,0,0,0,0
5,1025,7,0x1.fffffffffffffp+1023,0,0,4,0,4,0,0,0,1083,0,0,0,1025,1025,0,0,0,0,0,0,0,0,0,0,0,0,0,0,0,0
5,1025,8,0x1.028f5c28f5c29p+0,0,0,4,0,4,0,0,0,64,0,0,0,1025,512,0,0,0,0,0,0,0,256,1280,0,0,0,0,769,769,0
5,1025,8,-0x0p+0,0,0,4,0,4,0,0,0,64,0,0,0,1025,512,0,0,0,0,0,0,0,256,1280,0,0,0,0,769,769,0
5,1025,8,0x1.fffffffffffffp+1022,0,0,4,0,4,0,0,0,1058,0,0,0,1025,1025,0,0,0,0,0,0,0,256,1280,0,0,0,0,0,0,0
5,1025,8,0x1.fffffffffffffp+1023,0,0,4,0,4,0,0,0,1083,0,0,0,1025,1025,0,0,0,0,0,0,0,256,1280,0,0,0,0,0,0,0
5,1025,14,0x1.028f5c28f5c29p+0,0,0,4,0,4,0,0,0,64,0,0,0,1025,512,0,0,0,0,0,0,0,256,1280,0,0,0,0,769,769,0
5,1025,14,-0x0p+0,0,0,4,0,4,0,0,0,64,0,0,0,1025,512,0,0,0,0,0,0,0,256,1280,0,0,0,0,769,769,0
5,1025,14,0x1.fffffffffffffp+1022,0,0,4,0,4,0,0,0,1058,0,0,0,1025,1025,0,0,0,0,0,0,0,256,1280,0,0,0,0,0,0,0
5,1025,14,0x1.fffffffffffffp+1023,0,0,4,0,4,0,0,0,1083,0,0,0,1025,1025,0,0,0,0,0,0,0,256,1280,0,0,0,0,0,0,0
5,1025,15,0x1.028f5c28f5c29p+0,0,0,4,0,4,0,0,0,1089,0,0,0,1025,512,0,0,0,0,0,0,0,0,0,0,0,0,0,0,0,0
5,1025,15,-0x0p+0,0,0,4,0,4,0,0,0,1089,0,0,0,1025,512,0,0,0,0,0,0,0,0,0,0,0,0,0,0,0,0
5,1025,15,0x1.fffffffffffffp+1022,0,0,4,0,4,0,0,0,1058,0,0,0,1025,1025,0,0,0,0,0,0,0,0,0,0,0,0,0,0,0,0
5,1025,15,0x1.fffffffffffffp+1023,0,0,4,0,4,0,0,0,1083,0,0,0,1025,1025,0,0,0,0,0,0,0,0,0,0,0,0,0,0,0,0
5,1025,16,0x1.028f5c28f5c29p+0,0,0,4,0,4,0,0,0,64,0,0,0,1025,512,0,0,0,0,0,0,0,256,1280,0,0,0,0,769,769,0
5,1025,16,-0x0p+0,0,0,4,0,4,0,0,0,64,0,0,0,1025,512,0,0,0,0,0,0,0,256,1280,0,0,0,0,769,769,0
5,1025,16,0x1.fffffffffffffp+1022,0,0,4,0,4,0,0,0,1058,0,0,0,1025,1025,0,0,0,0,0,0,0,256,1280,0,0,0,0,0,0,0
5,1025,16,0x1.fffffffffffffp+1023,0,0,4,0,4,0,0,0,1083,0,0,0,1025,1025,0,0,0,0,0,0,0,256,1280,0,0,0,0,0,0,0
5,1025,17,0x1.028f5c28f5c29p+0,0,0,4,0,4,0,0,0,64,0,0,0,1025,1025,0,0,0,0,0,0,0,256,1280,0,0,0,0,769,769,0
5,1025,17,-0x0p+0,0,0,4,0,4,0,0,0,64,0,0,0,1025,1025,0,0,0,0,0,0,0,256,1280,0,0,0,0,769,769,0
5,1025,17,0x1.fffffffffffffp+1022,0,0,4,0,4,0,0,0,33,0,0,0,1025,1025,0,0,0,0,0,0,0,256,1280,0,0,0,0,769,769,0
5,1025,17,0x1.fffffffffffffp+1023,0,0,4,0,4,0,0,0,58,0,0,0,1025,1025,0,0,0,0,0,0,0,256,1280,0,0,0,0,769,769,0
5,1025,7,0x1.028f5c28f5c29p+0,0,7,4,0,4,0,0,0,64,0,0,0,1025,0,0,0,0,0,0,0,0,0,0,0,0,0,0,0,0,0
5,1025,7,-0x0p+0,0,7,4,0,4,0,0,0,64,0,0,0,1025,0,0,0,0,0,0,0,0,0,0,0,0,0,0,0,0,0
5,1025,7,0x1.fffffffffffffp+1022,0,7,4,0,4,0,0,0,1058,0,0,0,1025,1025,0,0,0,0,0,0,0,0,0,0,0,0,0,0,0,0
5,1025,7,0x1.fffffffffffffp+1023,0,7,4,0,4,0,0,0,1083,0,0,0,1025,1025,0,0,0,0,0,0,0,0,0,0,0,0,0,0,0,0
5,1025,8,0x1.028f5c28f5c29p+0,0,7,4,0,4,0,0,0,64,0,0,0,1025,512,0,0,0,0,0,0,0,1025,5125,0,0,0,0,0,0,0
5,1025,8,-0x0p+0,0,7,4,0,4,0,0,0,64,0,0,0,1025,512,0,0,0,0,0,0,0,1025,5125,0,0,0,0,0,0,0
5,1025,8,0x1.fffffffffffffp+1022,0,7,4,0,4,0,0,0,1058,0,0,0,1025,1025,0,0,0,0,0,0,0,1025,5125,0,0,0,0,0,0,0
5,1025,8,0x1.fffffffffffffp+1023,0,7,4,0,4,0,0,0,1083,0,0,0,1025,1025,0,0,0,0,0,0,0,1025,5125,0,0,0,0,0,0,0
5,1025,14,0x1.028f5c28f5c29p+0,0,7,4,0,4,0,0,0,64,0,0,0,1025,512,0,0,0,0,0,0,0,1025,5125,0,0,0,0,0,0,0
5,1025,14,-0x0p+0,0,7,4,0,4,0,0,0,64,0,0,0,1025,512,0,0,0,0,0,0,0,1025,5125,0,0,0,0,0,0,0
5,1025,14,0x1.fffffffffffffp+1022,0,7,4,0,4,0,0,0,1058,0,0,0,1025,1025,0,0,0,0,0,0,0,1025,5125,0,0,0,0,0,0,0
5,1025,14,0x1.fffffffffffffp+1023,0,7,4,0,4,0,0,0,1083,0,0,0,1025,1025,0,0,0,0,0,0,0,1025,5125,0,0,0,0,0,0,0
5,1025,15,0x1.028f5c28f5c29p+0,0,7,4,0,4,0,0,0,1089,0,0,0,1025,512,0,0,0,0,0,0,0,0,0,0,0,0,0,0,0,0
5,1025,15,-0x0p+0,0,7,4,0,4,0,0,0,1089,0,0,0,1025,512,0,0,0,0,0,0,0,0,0,0,0,0,0,0,0,0
5,1025,15,0x1.fffffffffffffp+1022,0,7,4,0,4,0,0,0,1058,0,0,0,1025,1025,0,0,0,0,0,0,0,0,0,0,0,0,0,0,0,0
5,1025,15,0x1.fffffffffffffp+1023,0,7,4,0,4,0,0,0,1083,0,0,0,1025,1025,0,0,0,0,0,0,0,0,0,0,0,0,0,0,0,0
5,1025,16,0x1.028f5c28f5c29p+0,0,7,4,0,4,0,0,0,64,0,0,0,1025,512,0,0,0,0,0,0,0,1025,5125,0,0,0,0,0,0,0
5,1025,16,-0x0p+0,0,7,4,0,4,0,0,0,64,0,0,0,1025,512,0,0,0,0,0,0,0,1025,5125,0,0,0,0,0,0,0
5,1025,16,0x1.fffffffffffffp+1022,0,7,4,0,4,0,0,0,1058,0,0,0,1025,1025,0,0,0,0,0,0,0,1025,5125,0,0,0,0,0,0,0
5,1025,16,0x1.fffffffffffffp+1023,0,7,4,0,4,0,0,0,1083,0,0,0,1025,1025,0,0,0,0,0,0,0,1025,5125,0,0,0,0,0,0,0
5,1025,17,0x1.028f5c28f5c29p+0,0,7,4,0,4,0,0,0,64,0,0,0,1025,1025,0,0,0,0,0,0,0,1025,5125,0,0,0,0,0,0,0
5,1025,17,-0x0p+0,0,7,4,0,4,0,0,0,64,0,0,0,1025,1025,0,0,0,0,0,0,0,1025,5125,0,0,0,0,0,0,0
5,1025,17,0x1.fffffffffffffp+1022,0,7,4,0,4,0,0,0,33,0,0,0,1025,1025,0,0,0,0,0,0,0,1025,5125,0,0,0,0,0,0,0
5,1025,17,0x1.fffffffffffffp+1023,0,7,4,0,4,0,0,0,58,0,0,0,1025,1025,0,0,0,0,0,0,0,1025,5125,0,0,0,0,0,0,0
7,1025,7,0x1.028f5c28f5c29p+0,0,0,3,0,3,0,0,0,64,0,0,0,1025,0,0,0,0,0,0,0,0,0,0,0,0,0,0,0,0,1025
7,1025,7,-0x0p+0,0,0,3,0,3,0,0,0,64,0,0,0,1025,0,0,0,0,0,0,0,0,0,0,0,0,0,0,0,0,1025
7,1025,7,0x1.fffffffffffffp+1022,0,0,3,0,3,0,0,0,1027,0,0,0,1025,1025,0,0,0,0,0,0,0,0,0,0,0,0,0,0,0,0
7,1025,7,0x1.fffffffffffffp+1023,0,0,3,0,3,0,0,0,1027,0,0,0,1025,1025,0,0,0,0,0,0,0,0,0,0,0,0,0,0,0,0
7,1025,8,0x1.028f5c28f5c29p+0,0,0,3,0,3,0,0,0,64,0,0,0,1025,512,0,0,0,0,0,0,0,0,0,0,0,0,0,0,0,1025
7,1025,8,-0x0p+0,0,0,3,0,3,0,0,0,64,0,0,0,1025,512,0,0,0,0,0,0,0,0,0,0,0,0,0,0,0,1025
7,1025,8,0x1.fffffffffffffp+1022,0,0,3,0,3,0,0,0,1027,0,0,0,1025,1025,0,0,0,0,0,0,0,0,0,0,0,0,0,0,0,0
7,1025,8,0x1.fffffffffffffp+1023,0,0,3,0,3,0,0,0,1027,0,0,0,1025,1025,0,0,0,0,0,0,0,0,0,0,0,0,0,0,0,0
7,1025,14,0x1.028f5c28f5c29p+0,0,0,3,0,4,0,0,0,897,0,0,0,2050,512,0,0,0,0,0,0,0,256,1280,0,0,0,0,769,0,1025
7,1025,14,-0x0p+0,0,0,3,0,3,0,0,0,64,0,0,0,1025,512,0,0,0,0,0,0,0,0,0,0,0,0,0,0,0,1025
7,1025,14,0x1.fffffffffffffp+1022,0,0,3,0,3,0,0,0,1027,0,0,0,1025,1025,0,0,0,0,0,0,0,0,0,0,0,0,0,0,0,0
7,1025,14,0x1.fffffffffffffp+1023,0,0,3,0,3,0,0,0,1027,0,0,0,1025,1025,0,0,0,0,0,0,0,0,0,0,0,0,0,0,0,0
7,1025,15,0x1.028f5c28f5c29p+0,0,0,3,0,3,0,0,0,64,0,0,0,1025,512,0,0,0,0,0,0,0,0,0,0,0,0,0,0,0,1025
7,1025,15,-0x0p+0,0,0,3,0,3,0,0,0,64,0,0,0,1025,512,0,0,0,0,0,0,0,0,0,0,0,0,0,0,0,1025
7,1025,15,0x1.fffffffffffffp+1022,0,0,3,0,3,0,0,0,1027,0,0,0,1025,1025,0,0,0,0,0,0,0,0,0,0,0,0,0,0,0,0
7,1025,15,0x1.fffffffffffffp+1023,0,0,3,0,3,0,0,0,1027,0,0,0,1025,1025,0,0,0,0,0,0,0,0,0,0,0,0,0,0,0,0
7,1025,16,0x1.028f5c28f5c29p+0,0,0,3,0,3,0,0,0,64,0,0,0,1025,512,0,0,0,0,0,0,0,0,0,0,0,0,0,0,0,1025
7,1025,16,-0x0p+0,0,0,3,0,3,0,0,0,64,0,0,0,1025,512,0,0,0,0,0,0,0,0,0,0,0,0,0,0,0,1025
7,1025,16,0x1.fffffffffffffp+1022,0,0,3,0,3,0,0,0,1027,0,0,0,1025,1025,0,0,0,0,0,0,0,0,0,0,0,0,0,0,0,0
7,1025,16,0x1.fffffffffffffp+1023,0,0,3,0,3,0,0,0,1027,0,0,0,1025,1025,0,0,0,0,0,0,0,0,0,0,0,0,0,0,0,0
7,1025,17,0x1.028f5c28f5c29p+0,0,0,3,0,3,0,0,0,0,0,0,0,0,1025,0,0,0,0,0,0,0,0,0,0,0,1025,0,0,0,0
7,1025,17,-0x0p+0,0,0,3,0,3,0,0,0,0,0,0,0,0,1025,0,0,0,0,0,0,0,0,0,0,0,1025,0,0,0,0
7,1025,17,0x1.fffffffffffffp+1022,0,0,3,0,3,0,0,0,0,0,0,0,0,1025,0,0,0,0,0,0,0,0,0,0,0,1025,0,0,0,0
7,1025,17,0x1.fffffffffffffp+1023,0,0,3,0,3,0,0,0,0,0,0,0,0,1025,0,0,0,0,0,0,0,0,0,0,0,1025,0,0,0,0
7,1025,7,0x1.028f5c28f5c29p+0,0,7,3,0,3,0,0,0,64,0,0,0,1025,0,0,0,0,0,0,0,0,0,0,0,0,0,0,0,0,1025
7,1025,7,-0x0p+0,0,7,3,0,3,0,0,0,64,0,0,0,1025,0,0,0,0,0,0,0,0,0,0,0,0,0,0,0,0,1025
7,1025,7,0x1.fffffffffffffp+1022,0,7,3,0,3,0,0,0,1027,0,0,0,1025,1025,0,0,0,0,0,0,0,0,0,0,0,0,0,0,0,0
7,1025,7,0x1.fffffffffffffp+1023,0,7,3,0,3,0,0,0,1027,0,0,0,1025,1025,0,0,0,0,0,0,0,0,0,0,0,0,0,0,0,0
7,1025,8,0x1.028f5c28f5c29p+0,0,7,3,0,3,0,0,0,64,0,0,0,1025,512,0,0,0,0,0,0,0,0,0,0,0,0,0,0,0,1025
7,1025,8,-0x0p+0,0,7,3,0,3,0,0,0,64,0,0,0,1025,512,0,0,0,0,0,0,0,0,0,0,0,0,0,0,0,1025
7,1025,8,0x1.fffffffffffffp+1022,0,7,3,0,3,0,0,0,1027,0,0,0,1025,1025,0,0,0,0,0,0,0,0,0,0,0,0,0,0,0,0
7,1025,8,0x1.fffffffffffffp+1023,0,7,3,0,3,0,0,0,1027,0,0,0,1025,1025,0,0,0,0,0,0,0,0,0,0,0,0,0,0,0,0
7,1025,14,0x1.028f5c28f5c29p+0,0,7,3,0,4,0,0,0,131,0,0,0,2050,512,0,0,0,0,0,0,0,1025,5125,0,0,0,0,0,0,1025
7,1025,14,-0x0p+0,0,7,3,0,3,0,0,0,64,0,0,0,1025,512,0,0,0,0,0,0,0,0,0,0,0,0,0,0,0,1025
7,1025,14,0x1.fffffffffffffp+1022,0,7,3,0,3,0,0,0,1027,0,0,0,1025,1025,0,0,0,0,0,0,0,0,0,0,0,0,0,0,0,0
7,1025,14,0x1.fffffffffffffp+1023,0,7,3,0,3,0,0,0,1027,0,0,0,1025,1025,0,0,0,0,0,0,0,0,0,0,0,0,0,0,0,0
7,1025,15,0x1.028f5c28f5c29p+0,0,7,3,0,3,0,0,0,64,0,0,0,1025,512,0,0,0,0,0,0,0,0,0,0,0,0,0,0,0,1025
7,1025,15,-0x0p+0,0,7,3,0,3,0,0,0,64,0,0,0,1025,512,0,0,0,0,0,0,0,0,0,0,0,0,0,0,0,1025
7,1025,15,0x1.fffffffffffffp+1022,0,7,3,0,3,0,0,0,1027,0,0,0,1025,1025,0,0,0,0,0,0,0,0,0,0,0,0,0,0,0,0
7,1025,15,0x1.fffffffffffffp+1023,0,7,3,0,3,0,0,0,1027,0,0,0,1025,1025,0,0,0,0,0,0,0,0,0,0,0,0,0,0,0,0
7,1025,16,0x1.028f5c28f5c29p+0,0,7,3,0,3,0,0,0,64,0,0,0,1025,512,0,0,0,0,0,0,0,0,0,0,0,0,0,0,0,1025
7,1025,16,-0x0p+0,0,7,3,0,3,0,0,0,64,0,0,0,1025,512,0,0,0,0,0,0,0,0,0,0,0,0,0,0,0,1025
7,1025,16,0x1.fffffffffffffp+1022,0,7,3,0,3,0,0,0,1027,0,0,0,1025,1025,0,0,0,0,0,0,0,0,0,0,0,0,0,0,0,0
7,1025,16,0x1.fffffffffffffp+1023,0,7,3,0,3,0,0,0,1027,0,0,0,1025,1025,0,0,0,0,0,0,0,0,0,0,0,0,0,0,0,0
7,1025,17,0x1.028f5c28f5c29p+0,0,7,3,0,3,0,0,0,0,0,0,0,0,1025,0,0,0,0,0,0,0,0,0,0,0,1025,0,0,0,0
7,1025,17,-0x0p+0,0,7,3,0,3,0,0,0,0,0,0,0,0,1025,0,0,0,0,0,0,0,0,0,0,0,1025,0,0,0,0
7,1025,17,0x1.fffffffffffffp+1022,0,7,3,0,3,0,0,0,0,0,0,0,0,1025,0,0,0,0,0,0,0,0,0,0,0,1025,0,0,0,0
7,1025,17,0x1.fffffffffffffp+1023,0,7,3,0,3,0,0,0,0,0,0,0,0,1025,0,0,0,0,0,0,0,0,0,0,0,1025,0,0,0,0
7,1025,7,0x1.028f5c28f5c29p+0,0,0,4,0,4,0,0,0,64,0,0,0,1025,0,0,0,0,0,0,0,0,0,0,0,0,0,0,0,0,1025
7,1025,7,-0x0p+0,0,0,4,0,4,0,0,0,64,0,0,0,1025,0,0,0,0,0,0,0,0,0,0,0,0,0,0,0,0,1025
7,1025,7,0x1.fffffffffffffp+1022,0,0,4,0,4,0,0,0,1058,0,0,0,1025,1025,0,0,0,0,0,0,0,0,0,0,0,0,0,0,0,0
7,1025,7,0x1.fffffffffffffp+1023,0,0,4,0,4,0,0,0,1083,0,0,0,1025,1025,0,0,0,0,0,0,0,0,0,0,0,0,0,0,0,0
7,1025,8,0x1.028f5c28f5c29p+0,0,0,4,0,4,0,0,0,64,0,0,0,1025,512,0,0,0,0,0,0,0,0,0,0,0,0,0,0,0,1025
7,1025,8,-0x0p+0,0,0,4,0,4,0,0,0,64,0,0,0,1025,512,0,0,0,0,0,0,0,0,0,0,0,0,0,0,0,1025
7,1025,8,0x1.fffffffffffffp+1022,0,0,4,0,4,0,0,0,1058,0,0,0,1025,1025,0,0,0,0,0,0,0,256,1280,0,0,0,0,0,0,0
7,1025,8,0x1.fffffffffffffp+1023,0,0,4,0,4,0,0,0,1083,0,0,0,1025,1025,0,0,0,0,0,0,0,256,1280,0,0,0,0,0,0,0
7,1025,14,0x1.028f5c28f5c29p+0,0,0,4,0,4,0,0,0,64,0,0,0,1025,512,0,0,0,0,0,0,0,0,0,0,0,0,0,0,0,1025
7,1025,14,-0x0p+0,0,0,4,0,4,0,0,0,64,0,0,0,1025,512,0,0,0,0,0,0,0,0,0,0,0,0,0,0,0,1025
7,1025,14,0x1.fffffffffffffp+1022,0,0,4,0,4,0,0,0,1058,0,0,0,1025,1025,0,0,0,0,0,0,0,256,1280,0,0,0,0,0,0,0
7,1025,14,0x1.fffffffffffffp+1023,0,0,4,0,4,0,0,0,1083,0,0,0,1025,1025,0,0,0,0,0,0,0,256,1280,0,0,0,0,0,0,0
7,1025,15,0x1.028f5c28f5c29p+0,0,0,4,0,4,0,0,0,64,0,0,0,1025,512,0,0,0,0,0,0,0,0,0,0,0,0,0,0,0,1025
7,1025,15,-0x0p+0,0,0,4,0,4,0,0,0,64,0,0,0,1025,512,0,0,0,0,0,0,0,0,0,0,0,0,0,0,0,1025
7,1025,15,0x1.fffffffffffffp+1022,0,0,4,0,4,0,0,0,1058,0,0,0,1025,1025,0,0,0,0,0,0,0,0,0,0,0,0,0,0,0,0
7,1025,15,0x1.fffffffffffffp+1023,0,0,4,0,4,0,0,0,1083,0,0,0,1025,1025,0,0,0,0,0,0,0,0,0,0,0,0,0,0,0,0
7,1025,16,0x1.028f5c28f5c29p+0,0,0,4,0,4,0,0,0,64,0,0,0,1025,512,0,0,0,0,0,0,0,0,0,0,0,0,0,0,0,1025
7,1025,16,-0x0p+0,0,0,4,0,4,0,0,0,64,0,0,0,1025,512,0,0,0,0,0,0,0,0,0,0,0,0,0,0,0,1025
7,1025,16,0x1.fffffffffffffp+1022,0,0,4,0,4,0,0,0,1058,0,0,0,1025,1025,0,0,0,0,0,0,0,256,1280,0,0,0,0,0,0,0
7,1025,16,0x1.fffffffffffffp+1023,0,0,4,0,4,0,0,0,1083,0,0,0,1025,1025,0,0,0,0,0,0,0,256,1280,0,0,0,0,0,0,0
7,1025,17,0x1.028f5c28f5c29p+0,0,0,4,0,4,0,0,0,0,0,0,0,0,1025,0,0,0,0,0,0,0,0,0,0,0,1025,0,0,0,0
7,1025,17,-0x0p+0,0,0,4,0,4,0,0,0,0,0,0,0,0,1025,0,0,0,0,0,0,0,0,0,0,0,1025,0,0,0,0
7,1025,17,0x1.fffffffffffffp+1022,0,0,4,0,4,0,0,0,0,0,0,0,0,1025,0,0,0,0,0,0,0,0,0,0,0,1025,0,0,0,0
7,1025,17,0x1.fffffffffffffp+1023,0,0,4,0,4,0,0,0,0,0,0,0,0,1025,0,0,0,0,0,0,0,0,0,0,0,1025,0,0,0,0
7,1025,7,0x1.028f5c28f5c29p+0,0,7,4,0,4,0,0,0,64,0,0,0,1025,0,0,0,0,0,0,0,0,0,0,0,0,0,0,0,0,1025
7,1025,7,-0x0p+0,0,7,4,0,4,0,0,0,64,0,0,0,1025,0,0,0,0,0,0,0,0,0,0,0,0,0,0,0,0,1025
7,1025,7,0x1.fffffffffffffp+1022,0,7,4,0,4,0,0,0,1058,0,0,0,1025,1025,0,0,0,0,0,0,0,0,0,0,0,0,0,0,0,0
7,1025,7,0x1.fffffffffffffp+1023,0,7,4,0,4,0,0,0,1083,0,0,0,1025,1025,0,0,0,0,0,0,0,0,0,0,0,0,0,0,0,0
7,1025,8,0x1.028f5c28f5c29p+0,0,7,4,0,4,0,0,0,64,0,0,0,1025,512,0,0,0,0,0,0,0,0,0,0,0,0,0,0,0,1025
7,1025,8,-0x0p+0,0,7,4,0,4,0,0,0,64,0,0,0,1025,512,0,0,0,0,0,0,0,0,0,0,0,0,0,0,0,1025
7,1025,8,0x1.fffffffffffffp+1022,0,7,4,0,4,0,0,0,1058,0,0,0,1025,1025,0,0,0,0,0,0,0,1025,5125,0,0,0,0,0,0,0
7,1025,8,0x1.fffffffffffffp+1023,0,7,4,0,4,0,0,0,1083,0,0,0,1025,1025,0,0,0,0,0,0,0,1025,5125,0,0,0,0,0,0,0
7,1025,14,0x1.028f5c28f5c29p+0,0,7,4,0,4,0,0,0,64,0,0,0,1025,512,0,0,0,0,0,0,0,0,0,0,0,0,0,0,0,1025
7,1025,14,-0x0p+0,0,7,4,0,4,0,0,0,64,0,0,0,1025,512,0,0,0,0,0,0,0,0,0,0,0,0,0,0,0,1025
7,1025,14,0x1.fffffffffffffp+1022,0,7,4,0,4,0,0,0,1058,0,0,0,1025,1025,0,0,0,0,0,0,0,1025,5125,0,0,0,0,0,0,0
7,1025,14,0x1.fffffffffffffp+1023,0,7,4,0,4,0,0,0,1083,0,0,0,1025,1025,0,0,0,0,0,0,0,1025,5125,0,0,0,0,0,0,0
7,1025,15,0x1.028f5c28f5c29p+0,0,7,4,0,4,0,0,0,64,0,0,0,1025,512,0,0,0,0,0,0,0,0,0,0,0,0,0,0,0,1025
7,1025,15,-0x0p+0,0,7,4,0,4,0,0,0,64,0,0,0,1025,512,0,0,0,0,0,0,0,0,0,0,0,0,0,0,0,1025
7,1025,15,0x1.fffffffffffffp+1022,0,7,4,0,4,0,0,0,1058,0,0,0,1025,1025,0,0,0,0,0,0,0,0,0,0,0,0,0,0,0,0
7,1025,15,0x1.fffffffffffffp+1023,0,7,4,0,4,0,0,0,1083,0,0,0,1025,1025,0,0,0,0,0,0,0,0,0,0,0,0,0,0,0,0
7,1025,16,0x1.028f5c28f5c29p+0,0,7,4,0,4,0,0,0,64,0,0,0,1025,512,0,0,0,0,0,0,0,0,0,0,0,0,0,0,0,1025
7,1025,16,-0x0p+0,0,7,4,0,4,0,0,0,64,0,0,0,1025,512,0,0,0,0,0,0,0,0,0,0,0,0,0,0,0,1025
7,1025,16,0x1.fffffffffffffp+1022,0,7,4,0,4,0,0,0,1058,0,0,0,1025,1025,0,0,0,0,0,0,0,1025,5125,0,0,0,0,0,0,0
7,1025,16,0x1.fffffffffffffp+1023,0,7,4,0,4,0,0,0,1083,0,0,0,1025,1025,0,0,0,0,0,0,0,1025,5125,0,0,0,0,0,0,0
7,1025,17,0x1.028f5c28f5c29p+0,0,7,4,0,4,0,0,0,0,0,0,0,0,1025,0,0,0,0,0,0,0,0,0,0,0,1025,0,0,0,0
7,1025,17,-0x0p+0,0,7,4,0,4,0,0,0,0,0,0,0,0,1025,0,0,0,0,0,0,0,0,0,0,0,1025,0,0,0,0
7,1025,17,0x1.fffffffffffffp+1022,0,7,4,0,4,0,0,0,0,0,0,0,0,1025,0,0,0,0,0,0,0,0,0,0,0,1025,0,0,0,0
7,1025,17,0x1.fffffffffffffp+1023,0,7,4,0,4,0,0,0,0,0,0,0,0,1025,0,0,0,0,0,0,0,0,0,0,0,1025,0,0,0,0
15,1025,7,0x1.028f5c28f5c29p+0,0,0,3,0,3,0,0,0,64,0,0,0,1025,0,0,0,0,0,0,0,0,0,0,0,0,0,0,0,0,0
15,1025,7,-0x0p+0,0,0,3,0,3,0,0,0,64,0,0,0,1025,0,0,0,0,0,0,0,0,0,0,0,0,0,0,0,0,1025
15,1025,7,0x1.fffffffffffffp+1022,0,0,3,0,3,0,0,0,1027,0,0,0,1025,1025,0,0,0,0,0,0,0,0,0,0,0,0,0,0,0,0
15,1025,7,0x1.fffffffffffffp+1023,0,0,3,0,3,0,0,0,1027,0,0,0,1025,1025,0,0,0,0,0,0,0,0,0,0,0,0,0,0,0,0
15,1025,8,0x1.028f5c28f5c29p+0,0,0,3,0,3,0,0,0,64,0,0,0,1025,512,0,0,0,0,0,0,0,256,1280,0,0,0,0,769,769,0
15,1025,8,-0x0p+0,0,0,3,0,3,0,0,0,64,0,0,0,1025,512,0,0,0,0,0,0,0,0,0,0,0,0,0,0,0,1025
15,1025,8,0x1.fffffffffffffp+1022,0,0,3,0,3,0,0,0,1027,0,0,0,1025,1025,0,0,0,0,0,0,0,0,0,0,0,0,0,0,0,0
15,1025,8,0x1.fffffffffffffp+1023,0,0,3,0,3,0,0,0,1027,0,0,0,1025,1025,0,0,0,0,0,0,0,0,0,0,0,0,0,0,0,0
15,1025,14,0x1.028f5c28f5c29p+0,0,0,3,0,4,0,0,0,897,0,0,0,2050,512,0,0,0,0,0,0,0,256,1280,0,0,0,0,769,0,1025
15,1025,14,-0x0p+0,0,0,3,0,3,0,0,0,64,0,0,0,1025,512,0,0,0,0,0,0,0,0,0,0,0,0,0,0,0,1025
15,1025,14,0x1.fffffffffffffp+1022,0,0,3,0,3,0,0,0,1027,0,0,0,1025,1025,0,0,0,0,0,0,0,0,0,0,0,0,0,0,0,0
15,1025,14,0x1.fffffffffffffp+1023,0,0,3,0,3,0,0,0,1027,0,0,0,1025,1025,0,0,0,0,0,0,0,0,0,0,0,0,0,0,0,0
15,1025,15,0x1.028f5c28f5c29p+0,0,0,3,0,3,0,0,0,1089,0,0,0,1025,512,0,0,0,0,0,0,0,0,0,0,0,0,0,0,0,0
15,1025,15,-0x0p+0,0,0,3,0,3,0,0,0,64,0,0,0,1025,512,0,0,0,0,0,0,0,0,0,0,0,0,0,0,0,1025
15,1025,15,0x1.fffffffffffffp+1022,0,0,3,0,3,0,0,0,1027,0,0,0,1025,1025,0,0,0,0,0,0,0,0,0,0,0,0,0,0,0,0
15,1025,15,0x1.fffffffffffffp+1023,0,0,3,0,3,0,0,0,1027,0,0,0,1025,1025,0,0,0,0,0,0,0,0,0,0,0,0,0,0,0,0
15,1025,16,0x1.028f5c28f5c29p+0,0,0,3,0,3,0,0,0,64,0,0,0,1025,512,0,0,0,0,0,0,0,256,1280,0,0,0,0,769,769,0
15,1025,16,-0x0p+0,0,0,3,0,3,0,0,0,64,0,0,0,1025,512,0,0,0,0,0,0,0,0,0,0,0,0,0,0,0,1025
15,1025,16,0x1.fffffffffffffp+1022,0,0,3,0,3,0,0,0,1027,0,0,0,1025,1025,0,0,0,0,0,0,0,0,0,0,0,0,0,0,0,0
15,1025,16,0x1.fffffffffffffp+1023,0,0,3,0,3,0,0,0,1027,0,0,0,1025,1025,0,0,0,0,0,0,0,0,0,0,0,0,0,0,0,0
15,1025,17,0x1.028f5c28f5c29p+0,0,0,3,0,3,0,0,0,0,0,0,0,0,1025,0,0,0,0,0,0,0,0,0,0,0,1025,0,0,0,0
15,1025,17,-0x0p+0,0,0,3,0,3,0,0,0,0,0,0,0,0,1025,0,0,0,0,0,0,0,0,0,0,0,1025,0,0,0,0
15,1025,17,0x1.fffffffffffffp+1022,0,0,3,0,3,0,0,0,0,0,0,0,0,1025,0,0,0,0,0,0,0,0,0,0,0,1025,0,0,0,0
15,1025,17,0x1.fffffffffffffp+1023,0,0,3,0,3,0,0,0,0,0,0,0,0,1025,0,0,0,0,0,0,0,0,0,0,0,1025,0,0,0,0
15,1025,7,0x1.028f5c28f5c29p+0,0,7,3,0,3,0,0,0,64,0,0,0,1025,0,0,0,0,0,0,0,0,0,0,0,0,0,0,0,0,0
15,1025,7,-0x0p+0,0,7,3,0,3,0,0,0,64,0,0,0,1025,0,0,0,0,0,0,0,0,0,0,0,0,0,0,0,0,1025
15,1025,7,0x1.fffffffffffffp+1022,0,7,3,0,3,0,0,0,1027,0,0,0,1025,1025,0,0,0,0,0,0,0,0,0,0,0,0,0,0,0,0
15,1025,7,0x1.fffffffffffffp+1023,0,7,3,0,3,0,0,0,1027,0,0,0,1025,1025,0,0,0,0,0,0,0,0,0,0,0,0,0,0,0,0
15,1025,8,0x1.028f5c28f5c29p+0,0,7,3,0,3,0,0,0,64,0,0,0,1025,512,0,0,0,0,0,0,0,1025,5125,0,0,0,0,0,0,0
15,1025,8,-0x0p+0,0,7,3,0,3,0,0,0,64,0,0,0,1025,512,0,0,0,0,0,0,0,0,0,0,0,0,0,0,0,1025
15,1025,8,0x1.fffffffffffffp+1022,0,7,3,0,3,0,0,0,1027,0,0,0,1025,1025,0,0,0,0,0,0,0,0,0,0,0,0,0,0,0,0
15,1025,8,0x1.fffffffffffffp+1023,0,7,3,0,3,0,0,0,1027,0,0,0,1025,1025,0,0,0,0,0,0,0,0,0,0,0,0,0,0,0,0
15,1025,14,0x1.028f5c28f5c29p+0,0,7,3,0,4,0,0,0,131,0,0,0,2050,512,0,0,0,0,0,0,0,1025,5125,0,0,0,0,0,0,1025
15,1025,14,-0x0p+0,0,7,3,0,3,0,0,0,64,0,0,0,1025,512,0,0,0,0,0,0,0,0,0,0,0,0,0,0,0,1025
15,1025,14,0x1.fffffffffffffp+1022,0,7,3,0,3,0,0,0,1027,0,0,0,1025,1025,0,0,0,0,0,0,0,0,0,0,0,0,0,0,0,0
15,1025,14,0x1.fffffffffffffp+1023,0,7,3,0,3,0,0,0,1027,0,0,0,1025,1025,0,0,0,0,0,0,0,0,0,0,0,0,0,0,0,0
15,1025,15,0x1.028f5c28f5c29p+0,0,7,3,0,3,0,0,0,1089,0,0,0,1025,512,0,0,0,0,0,0,0,0,0,0,0,0,0,0,0,0
15,1025,15,-0x0p+0,0,7,3,0,3,0,0,0,64,0,0,0,1025,512,0,0,0,0,0,0,0,0,0,0,0,0,0,0,0,1025
15,1025,15,0x1.fffffffffffffp+1022,0,7,3,0,3,0,0,0,1027,0,0,0,1025,1025,0,0,0,0,0,0,0,0,0,0,0,0,0,0,0,0
15,1025,15,0x1.fffffffffffffp+1023,0,7,3,0,3,0,0,0,1027,0,0,0,1025,1025,0,0,0,0,0,0,0,0,0,0,0,0,0,0,0,0
15,1025,16,0x1.028f5c28f5c29p+0,0,7,3,0,3,0,0,0,64,0,0,0,1025,512,0,0,0,0,0,0,0,1025,5125,0,0,0,0,0,0,0
15,1025,16,-0x0p+0,0,7,3,0,3,0,0,0,64,0,0,0,1025,512,0,0,0,0,0,0,0,0,0,0,0,0,0,0,0,1025
15,1025,16,0x1.fffffffffffffp+1022,0,7,3,0,3,0,0,0,1027,0,0,0,1025,1025,0,0,0,0,0,0,0,0,0,0,0,0,0,0,0,0
15,1025,16,0x1.fffffffffffffp+1023,0,7,3,0,3,0,0,0,1027,0,0,0,1025,1025,0,0,0,0,0,0,0,0,0,0,0,0,0,0,0,0
15,1025,17,0x1.028f5c28f5c29p+0,0,7,3,0,3,0,0,0,0,0,0,0,0,1025,0,0,0,0,0,0,0,0,0,0,0,1025,0,0,0,0
15,1025,17,-0x0p+0,0,7,3,0,3,0,0,0,0,0,0,0,0,1025,0,0,0,0,0,0,0,0,0,0,0,1025,0,0,0,0
15,1025,17,0x1.fffffffffffffp+1022,0,7,3,0,3,0,0,0,0,0,0,0,0,1025,0,0,0,0,0,0,0,0,0,0,0,1025,0,0,0,0
15,1025,17,0x1.fffffffffffffp+1023,0,7,3,0,3,0,0,0,0,0,0,0,0,1025,0,0,0,0,0,0,0,0,0,0,0,1025,0,0,0,0
15,1025,7,0x1.028f5c28f5c29p+0,0,0,4,0,4,0,0,0,64,0,0,0,1025,0,0,0,0,0,0,0,0,0,0,0,0,0,0,0,0,1025
15,1025,7,-0x0p+0,0,0,4,0,4,0,0,0,64,0,0,0,1025,0,0,0,0,0,0,0,0,0,0,0,0,0,0,0,0,1025
15,1025,7,0x1.fffffffffffffp+1022,0,0,4,0,4,0,0,0,1058,0,0,0,1025,1025,0,0,0,0,0,0,0,0,0,0,0,0,0,0,0,0
15,1025,7,0x1.fffffffffffffp+1023,0,0,4,0,4,0,0,0,1083,0,0,0,1025,1025,0,0,0,0,0,0,0,0,0,0,0,0,0,0,0,0
15,1025,8,0x1.028f5c28f5c29p+0,0,0,4,0,4,0,0,0,64,0,0,0,1025,512,0,0,0,0,0,0,0,0,0,0,0,0,0,0,0,1025
15,1025,8,-0x0p+0,0,0,4,0,4,0,0,0,64,0,0,0,1025,512,0,0,0,0,0,0,0,0,0,0,0,0,0,0,0,1025
15,1025,8,0x1.fffffffffffffp+1022,0,0,4,0,4,0,0,0,1058,0,0,0,1025,1025,0,0,0,0,0,0,0,256,1280,0,0,0,0,0,0,0
15,1025,8,0x1.fffffffffffffp+1023,0,0,4,0,4,0,0,0,1083,0,0,0,1025,1025,0,0,0,0,0,0,0,256,1280,0,0,0,0,0,0,0
15,1025,14,0x1.028f5c28f5c29p+0,0,0,4,0,4,0,0,0,64,0,0,0,1025,512,0,0,0,0,0,0,0,0,0,0,0,0,0,0,0,1025
15,1025,14,-0x0p+0,0,0,4,0,4,0,0,0,64,0,0,0,1025,512,0,0,0,0,0,0,0,0,0,0,0,0,0,0,0,1025
15,1025,14,0x1.fffffffffffffp+1022,0,0,4,0,4,0,0,0,1058,0,0,0,1025,1025,0,0,0,0,0,0,0,256,1280,0,0,0,0,0,0,0
15,1025,14,0x1.fffffffffffffp+1023,0,0,4,0,4,0,0,0,1083,0,0,0,1025,1025,0,0,0,0,0,0,0,256,1280,0,0,0,0,0,0,0
15,1025,15,0x1.028f5c28f5c29p+0,0,0,4,0,4,0,0,0,64,0,0,0,1025,512,0,0,0,0,0,0,0,0,0,0,0,0,0,0,0,1025
15,1025,15,-0x0p+0,0,0,4,0,4,0,0,0,64,0,0,0,1025,512,0,0,0,0,0,0,0,0,0,0,0,0,0,0,0,1025
15,1025,15,0x1.fffffffffffffp+1022,0,0,4,0,4,0,0,0,1058,0,0,0,1025,1025,0,0,0,0,0,0,0,0,0,0,0,0,0,0,0,0
15,1025,15,0x1.fffffffffffffp+1023,0,0,4,0,4,0,0,0,1083,0,0,0,1025,1025,0,0,0,0,0,0,0,0,0,0,0,0,0,0,0,0
15,1025,16,0x1.028f5c28f5c29p+0,0,0,4,0,4,0,0,0,64,0,0,0,1025,512,0,0,0,0,0,0,0,0,0,0,0,0,0,0,0,1025
15,1025,16,-0x0p+0,0,0,4,0,4,0,0,0,64,0,0,0,1025,512,0,0,0,0,0,0,0,0,0,0,0,0,0,0,0,1025
15,1025,16,0x1.fffffffffffffp+1022,0,0,4,0,4,0,0,0,1058,0,0,0,1025,1025,0,0,0,0,0,0,0,256,1280,0,0,0,0,0,0,0
15,1025,16,0x1.fffffffffffffp+1023,0,0,4,0,4,0,0,0,1083,0,0,0,1025,1025,0,0,0,0,0,0,0,256,1280,0,0,0,0,0,0,0
15,1025,17,0x1.028f5c28f5c29p+0,0,0,4,0,4,0,0,0,0,0,0,0,0,1025,0,0,0,0,0,0,0,0,0,0,0,1025,0,0,0,0
15,1025,17,-0x0p+0,0,0,4,0,4,0,0,0,0,0,0,0,0,1025,0,0,0,0,0,0,0,0,0,0,0,1025,0,0,0,0
15,1025,17,0x1.fffffffffffffp+1022,0,0,4,0,4,0,0,0,0,0,0,0,0,1025,0,0,0,0,0,0,0,0,0,0,0,1025,0,0,0,0
15,1025,17,0x1.fffffffffffffp+1023,0,0,4,0,4,0,0,0,0,0,0,0,0,1025,0,0,0,0,0,0,0,0,0,0,0,1025,0,0,0,0
15,1025,7,0x1.028f5c28f5c29p+0,0,7,4,0,4,0,0,0,64,0,0,0,1025,0,0,0,0,0,0,0,0,0,0,0,0,0,0,0,0,1025
15,1025,7,-0x0p+0,0,7,4,0,4,0,0,0,64,0,0,0,1025,0,0,0,0,0,0,0,0,0,0,0,0,0,0,0,0,1025
15,1025,7,0x1.fffffffffffffp+1022,0,7,4,0,4,0,0,0,1058,0,0,0,1025,1025,0,0,0,0,0,0,0,0,0,0,0,0,0,0,0,0
15,1025,7,0x1.fffffffffffffp+1023,0,7,4,0,4,0,0,0,1083,0,0,0,1025,1025,0,0,0,0,0,0,0,0,0,0,0,0,0,0,0,0
15,1025,8,0x1.028f5c28f5c29p+0,0,7,4,0,4,0,0,0,64,0,0,0,1025,512,0,0,0,0,0,0,0,0,0,0,0,0,0,0,0,1025
15,1025,8,-0x0p+0,0,7,4,0,4,0,0,0,64,0,0,0,1025,512,0,0,0,0,0,0,0,0,0,0,0,0,0,0,0,1025
15,1025,8,0x1.fffffffffffffp+1022,0,7,4,0,4,0,0,0,1058,0,0,0,1025,1025,0,0,0,0,0,0,0,1025,5125,0,0,0,0,0,0,0
15,1025,8,0x1.fffffffffffffp+1023,0,7,4,0,4,0,0,0,1083,0,0,0,1025,1025,0,0,0,0,0,0,0,1025,5125,0,0,0,0,0,0,0
15,1025,14,0x1.028f5c28f5c29p+0,0,7,4,0,4,0,0,0,64,0,0,0,1025,512,0,0,0,0,0,0,0,0,0,0,0,0,0,0,0,1025
15,1025,14,-0x0p+0,0,7,4,0,4,0,0,0,64,0,0,0,1025,512,0,0,0,0,0,0,0,0,0,0,0,0,0,0,0,1025
15,1025,14,0x1.fffffffffffffp+1022,0,7,4,0,4,0,0,0,1058,0,0,0,1025,1025,0,0,0,0,0,0,0,1025,5125,0,0,0,0,0,0,0
15,1025,14,0x1.fffffffffffffp+1023,0,7,4,0,4,0,0,0,1083,0,0,0,1025,1025,0,0,0,0,0,0,0,1025,5125,0,0,0,0,0,0,0
15,1025,15,0x1.028f5c28f5c29p+0,0,7,4,0,4,0,0,0,64,0,0,0,1025,512,0,0,0,0,0,0,0,0,0,0,0,0,0,0,0,1025
15,1025,15,-0x0p+0,0,7,4,0,4,0,0,0,64,0,0,0,1025,512,0,0,0,0,0,0,0,0,0,0,0,0,0,0,0,1025
15,1025,15,0x1.fffffffffffffp+1022,0,7,4,0,4,0,0,0,1058,0,0,0,1025,1025,0,0,0,0,0,0,0,0,0,0,0,0,0,0,0,0
15,1025,15,0x1.fffffffffffffp+1023,0,7,4,0,4,0,0,0,1083,0,0,0,1025,1025,0,0,0,0,0,0,0,0,0,0,0,0,0,0,0,0
15,1025,16,0x1.028f5c28f5c29p+0,0,7,4,0,4,0,0,0,64,0,0,0,1025,512,0,0,0,0,0,0,0,0,0,0,0,0,0,0,0,1025
15,1025,16,-0x0p+0,0,7,4,0,4,0,0,0,64,0,0,0,1025,512,0,0,0,0,0,0,0,0,0,0,0,0,0,0,0,1025
15,1025,16,0x1.fffffffffffffp+1022,0,7,4,0,4,0,0,0,1058,0,0,0,1025,1025,0,0,0,0,0,0,0,1025,5125,0,0,0,0,0,0,0
15,1025,16,0x1.fffffffffffffp+1023,0,7,4,0,4,0,0,0,1083,0,0,0,1025,1025,0,0,0,0,0,0,0,1025,5125,0,0,0,0,0,0,0
15,1025,17,0x1.028f5c28f5c29p+0,0,7,4,0,4,0,0,0,0,0,0,0,0,1025,0,0,0,0,0,0,0,0,0,0,0,1025,0,0,0,0
15,1025,17,-0x0p+0,0,7,4,0,4,0,0,0,0,0,0,0,0,1025,0,0,0,0,0,0,0,0,0,0,0,1025,0,0,0,0
15,1025,17,0x1.fffffffffffffp+1022,0,7,4,0,4,0,0,0,0,0,0,0,0,1025,0,0,0,0,0,0,0,0,0,0,0,1025,0,0,0,0
15,1025,17,0x1.fffffffffffffp+1023,0,7,4,0,4,0,0,0,0,0,0,0,0,1025,0,0,0,0,0,0,0,0,0,0,0,1025,0,0,0,0
0,16384,8,0x1.028f5c28f5c29p+0,0,0,3,8388608,3,0,0,0,64,0,0,0,16384,8192,0,0,0,0,0,0,0,16384,81920,0,0,0,0,0,0,0
0,16385,8,0x1.028f5c28f5c29p+0,0,7,3,8388608,3,0,0,0,64,0,0,0,16385,8192,0,0,0,0,0,0,0,16385,81925,0,0,0,0,0,0,0
0,16385,11,0x1.028f5c28f5c29p+0,0,0,3,8388608,3,0,0,0,64,0,0,0,16385,256,0,0,0,0,0,0,0,16384,81920,0,0,0,0,0,0,0
0,16385,12,0x1.028f5c28f5c29p+0,0,0,3,8388608,3,0,0,0,64,0,0,0,16385,8192,0,0,0,0,0,0,0,16384,81920,0,0,0,0,0,0,0
0,1025,9,0x1.028f5c28f5c29p+0,0,0,3,8388608,3,0,0,0,0,0,0,0,0,1025,0,0,0,0,0,0,0,0,0,0,0,1025,0,0,0,0
0,1025,13,0x0p+0,0,0,3,8388608,3,0,0,0,64,0,0,0,1025,614,0,0,0,0,0,0,0,1025,5125,0,0,0,0,0,0,0
0,1025,14,0x0p+0,0,0,3,8388608,3,0,0,0,64,0,0,0,1025,512,0,0,0,0,0,0,0,1025,5125,0,0,0,0,0,0,0
0,1025,13,-0x0p+0,0,0,3,8388608,3,0,0,0,64,0,0,0,1025,614,0,0,0,0,0,0,0,1025,5125,0,0,0,0,0,0,0
0,1025,14,-0x0p+0,0,0,3,8388608,3,0,0,0,64,0,0,0,1025,512,0,0,0,0,0,0,0,1025,5125,0,0,0,0,0,0,0
0,1025,13,0x1.028f5c28f5c29p+0,0,0,3,8388608,4,0,0,0,1153,0,0,0,2050,614,0,0,0,0,0,0,0,1281,6405,0,0,0,0,0,0,0
0,1025,14,0x1.028f5c28f5c29p+0,0,0,3,8388608,4,0,0,0,129,0,0,0,2050,512,0,0,0,0,0,0,0,2050,10250,0,0,0,0,0,0,0
0,1025,13,-0x1.028f5c28f5c29p+0,0,0,3,8388608,4,0,0,0,1153,0,0,0,2050,614,0,0,0,0,0,0,0,1281,6405,0,0,0,0,0,0,0
0,1025,14,-0x1.028f5c28f5c29p+0,0,0,3,8388608,4,0,0,0,129,0,0,0,2050,512,0,0,0,0,0,0,0,2050,10250,0,0,0,0,0,0,0
0,1025,13,0x1.0000000000001p+0,0,0,3,8388608,4,0,0,0,1153,0,0,0,2050,614,0,0,0,0,0,0,0,1281,6405,0,0,0,0,0,0,0
0,1025,14,0x1.0000000000001p+0,0,0,3,8388608,4,0,0,0,129,0,0,0,2050,512,0,0,0,0,0,0,0,2050,10250,0,0,0,0,0,0,0
0,1025,13,0x1p-1074,0,0,3,8388608,3,0,0,0,64,0,0,0,1025,614,0,0,0,0,0,0,0,1025,5125,0,0,0,0,0,0,0
0,1025,14,0x1p-1074,0,0,3,8388608,3,0,0,0,64,0,0,0,1025,512,0,0,0,0,0,0,0,1025,5125,0,0,0,0,0,0,0
0,1025,13,-0x1p-1074,0,0,3,8388608,3,0,0,0,64,0,0,0,1025,614,0,0,0,0,0,0,0,1025,5125,0,0,0,0,0,0,0
0,1025,14,-0x1p-1074,0,0,3,8388608,3,0,0,0,64,0,0,0,1025,512,0,0,0,0,0,0,0,1025,5125,0,0,0,0,0,0,0
0,1025,13,0x1.fffffep+126,0,0,3,8388608,4,0,0,0,1151,0,0,0,2050,614,0,0,0,0,0,0,0,1281,6405,0,0,0,0,0,0,0
0,1025,14,0x1.fffffep+126,0,0,3,8388608,4,0,0,0,1151,0,0,0,2050,512,0,0,0,0,0,0,0,1281,6405,0,0,0,0,0,0,0
0,1025,13,-0x1.fffffep+126,0,0,3,8388608,4,0,0,0,1151,0,0,0,2050,614,0,0,0,0,0,0,0,1281,6405,0,0,0,0,0,0,0
0,1025,14,-0x1.fffffep+126,0,0,3,8388608,4,0,0,0,1151,0,0,0,2050,512,0,0,0,0,0,0,0,1281,6405,0,0,0,0,0,0,0
0,1025,13,0x1p+127,0,0,3,8388608,4,0,0,0,1153,0,0,0,2050,614,0,0,0,0,0,0,0,1281,6405,0,0,0,0,0,0,0
0,1025,14,0x1p+127,0,0,3,8388608,4,0,0,0,1153,0,0,0,2050,512,0,0,0,0,0,0,0,1281,6405,0,0,0,0,0,0,0
0,1025,13,-0x1p+127,0,0,3,8388608,4,0,0,0,1153,0,0,0,2050,614,0,0,0,0,0,0,0,1281,6405,0,0,0,0,0,0,0
0,1025,14,-0x1p+127,0,0,3,8388608,4,0,0,0,1153,0,0,0,2050,512,0,0,0,0,0,0,0,1281,6405,0,0,0,0,0,0,0
0,1025,13,0x1.fffffffffffffp+1022,0,0,3,8388608,4,0,0,0,2085,0,0,0,2050,820,0,0,0,0,0,0,0,256,1280,0,0,0,0,0,0,0
0,1025,14,0x1.fffffffffffffp+1022,0,0,3,8388608,3,0,0,0,1027,0,0,0,1025,1025,0,0,0,0,0,0,0,0,0,0,0,0,0,0,0,0
0,1025,13,-0x1.fffffffffffffp+1022,0,0,3,8388608,4,0,0,0,2085,0,0,0,2050,820,0,0,0,0,0,0,0,256,1280,0,0,0,0,0,0,0
0,1025,14,-0x1.fffffffffffffp+1022,0,0,3,8388608,3,0,0,0,1027,0,0,0,1025,1025,0,0,0,0,0,0,0,0,0,0,0,0,0,0,0,0
0,1025,13,0x1.fffffffffffffp+1023,0,0,3,8388608,4,0,0,0,2110,0,0,0,2050,922,0,0,0,0,0,0,0,256,1280,0,0,0,0,0,0,0
0,1025,14,0x1.fffffffffffffp+1023,0,0,3,8388608,3,0,0,0,1027,0,0,0,1025,1025,0,0,0,0,0,0,0,0,0,0,0,0,0,0,0,0
0,1025,13,-0x1.fffffffffffffp+1023,0,0,3,8388608,4,0,0,0,2110,0,0,0,2050,922,0,0,0,0,0,0,0,256,1280,0,0,0,0,0,0,0
0,1025,14,-0x1.fffffffffffffp+1023,0,0,3,8388608,3,0,0,0,1027,0,0,0,1025,1025,0,0,0,0,0,0,0,0,0,0,0,0,0,0,0,0
0,16384,8,0x1.028f5c28f5c29p+0,0,0,4,8388608,4,0,0,0,64,0,0,0,16384,8192,0,0,0,0,0,0,0,16384,81920,0,0,0,0,0,0,0
0,16385,8,0x1.028f5c28f5c29p+0,0,7,4,8388608,4,0,0,0,64,0,0,0,16385,8192,0,0,0,0,0,0,0,16385,81925,0,0,0,0,0,0,0
0,16385,11,0x1.028f5c28f5c29p+0,0,0,4,8388608,4,0,0,0,64,0,0,0,16385,256,0,0,0,0,0,0,0,16384,81920,0,0,0,0,0,0,0
0,16385,12,0x1.028f5c28f5c29p+0,0,0,4,8388608,4,0,0,0,64,0,0,0,16385,8192,0,0,0,0,0,0,0,16384,81920,0,0,0,0,0,0,0
0,1025,9,0x1.028f5c28f5c29p+0,0,0,4,8388608,4,0,0,0,0,0,0,0,0,1025,0,0,0,0,0,0,0,0,0,0,0,1025,0,0,0,0
0,1025,13,0x0p+0,0,0,4,8388608,4,0,0,0,64,0,0,0,1025,614,0,0,0,0,0,0,0,1025,5125,0,0,0,0,0,0,0
0,1025,14,0x0p+0,0,0,4,8388608,4,0,0,0,64,0,0,0,1025,512,0,0,0,0,0,0,0,1025,5125,0,0,0,0,0,0,0
0,1025,13,-0x0p+0,0,0,4,8388608,4,0,0,0,64,0,0,0,1025,614,0,0,0,0,0,0,0,1025,5125,0,0,0,0,0,0,0
0,1025,14,-0x0p+0,0,0,4,8388608,4,0,0,0,64,0,0,0,1025,512,0,0,0,0,0,0,0,1025,5125,0,0,0,0,0,0,0
0,1025,13,0x1.028f5c28f5c29p+0,0,0,4,8388608,4,0,0,0,64,0,0,0,1025,614,0,0,0,0,0,0,0,1025,5125,0,0,0,0,0,0,0
0,1025,14,0x1.028f5c28f5c29p+0,0,0,4,8388608,4,0,0,0,64,0,0,0,1025,512,0,0,0,0,0,0,0,1025,5125,0,0,0,0,0,0,0
0,1025,13,-0x1.028f5c28f5c29p+0,0,0,4,8388608,4,0,0,0,64,0,0,0,1025,614,0,0,0,0,0,0,0,1025,5125,0,0,0,0,0,0,0
0,1025,14,-0x1.028f5c28f5c29p+0,0,0,4,8388608,4,0,0,0,64,0,0,0,1025,512,0,0,0,0,0,0,0,1025,5125,0,0,0,0,0,0,0
0,1025,13,0x1.0000000000001p+0,0,0,4,8388608,4,0,0,0,64,0,0,0,1025,614,0,0,0,0,0,0,0,1025,5125,0,0,0,0,0,0,0
0,1025,14,0x1.0000000000001p+0,0,0,4,8388608,4,0,0,0,64,0,0,0,1025,512,0,0,0,0,0,0,0,1025,5125,0,0,0,0,0,0,0
0,1025,13,0x1p-1074,0,0,4,8388608,4,0,0,0,64,0,0,0,1025,614,0,0,0,0,0,0,0,1025,5125,0,0,0,0,0,0,0
0,1025,14,0x1p-1074,0,0,4,8388608,4,0,0,0,64,0,0,0,1025,512,0,0,0,0,0,0,0,1025,5125,0,0,0,0,0,0,0
0,1025,13,-0x1p-1074,0,0,4,8388608,4,0,0,0,64,0,0,0,1025,614,0,0,0,0,0,0,0,1025,5125,0,0,0,0,0,0,0
0,1025,14,-0x1p-1074,0,0,4,8388608,4,0,0,0,64,0,0,0,1025,512,0,0,0,0,0,0,0,1025,5125,0,0,0,0,0,0,0
0,1025,13,0x1.fffffep+126,0,0,4,8388608,4,0,0,0,64,0,0,0,1025,614,0,0,0,0,0,0,0,1025,5125,0,0,0,0,0,0,0
0,1025,14,0x1.fffffep+126,0,0,4,8388608,4,0,0,0,64,0,0,0,1025,512,0,0,0,0,0,0,0,1025,5125,0,0,0,0,0,0,0
0,1025,13,-0x1.fffffep+126,0,0,4,8388608,4,0,0,0,64,0,0,0,1025,614,0,0,0,0,0,0,0,1025,5125,0,0,0,0,0,0,0
0,1025,14,-0x1.fffffep+126,0,0,4,8388608,4,0,0,0,64,0,0,0,1025,512,0,0,0,0,0,0,0,1025,5125,0,0,0,0,0,0,0
0,1025,13,0x1p+127,0,0,4,8388608,4,0,0,0,64,0,0,0,1025,614,0,0,0,0,0,0,0,1025,5125,0,0,0,0,0,0,0
0,1025,14,0x1p+127,0,0,4,8388608,4,0,0,0,64,0,0,0,1025,512,0,0,0,0,0,0,0,1025,5125,0,0,0,0,0,0,0
0,1025,13,-0x1p+127,0,0,4,8388608,4,0,0,0,64,0,0,0,1025,614,0,0,0,0,0,0,0,1025,5125,0,0,0,0,0,0,0
0,1025,14,-0x1p+127,0,0,4,8388608,4,0,0,0,64,0,0,0,1025,512,0,0,0,0,0,0,0,1025,5125,0,0,0,0,0,0,0
0,1025,13,0x1.fffffffffffffp+1022,0,0,4,8388608,4,0,0,0,1058,0,0,0,1025,820,0,0,0,0,0,0,0,256,1280,0,0,0,0,0,0,0
0,1025,14,0x1.fffffffffffffp+1022,0,0,4,8388608,4,0,0,0,1058,0,0,0,1025,1025,0,0,0,0,0,0,0,256,1280,0,0,0,0,0,0,0
0,1025,13,-0x1.fffffffffffffp+1022,0,0,4,8388608,4,0,0,0,1058,0,0,0,1025,820,0,0,0,0,0,0,0,256,1280,0,0,0,0,0,0,0
0,1025,14,-0x1.fffffffffffffp+1022,0,0,4,8388608,4,0,0,0,1058,0,0,0,1025,1025,0,0,0,0,0,0,0,256,1280,0,0,0,0,0,0,0
0,1025,13,0x1.fffffffffffffp+1023,0,0,4,8388608,4,0,0,0,1083,0,0,0,1025,922,0,0,0,0,0,0,0,256,1280,0,0,0,0,0,0,0
0,1025,14,0x1.fffffffffffffp+1023,0,0,4,8388608,4,0,0,0,1083,0,0,0,1025,1025,0,0,0,0,0,0,0,256,1280,0,0,0,0,0,0,0
0,1025,13,-0x1.fffffffffffffp+1023,0,0,4,8388608,4,0,0,0,1083,0,0,0,1025,922,0,0,0,0,0,0,0,256,1280,0,0,0,0,0,0,0
0,1025,14,-0x1.fffffffffffffp+1023,0,0,4,8388608,4,0,0,0,1083,0,0,0,1025,1025,0,0,0,0,0,0,0,256,1280,0,0,0,0,0,0,0
0,16384,8,0x1.028f5c28f5c29p+0,1,0,3,8388608,3,0,0,0,64,0,0,0,16384,8192,0,0,0,0,0,0,0,16384,81920,0,0,0,0,0,0,0
0,16385,8,0x1.028f5c28f5c29p+0,1,7,3,8388608,3,0,0,0,64,0,0,0,16385,8192,0,0,0,0,0,0,0,16385,81925,0,0,0,0,0,0,0
0,16385,11,0x1.028f5c28f5c29p+0,1,0,3,8388608,3,0,0,0,64,0,0,0,16385,256,0,0,0,0,0,0,0,16384,81920,0,0,0,0,0,0,0
0,16385,12,0x1.028f5c28f5c29p+0,1,0,3,8388608,3,0,0,0,64,0,0,0,16385,8192,0,0,0,0,0,0,0,16384,81920,0,0,0,0,0,0,0
0,1025,9,0x1.028f5c28f5c29p+0,1,0,3,8388608,3,0,0,0,0,0,0,0,0,1025,0,0,0,0,0,0,0,0,0,0,0,1025,0,0,0,0
0,1025,13,0x0p+0,1,0,3,8388608,3,0,0,0,64,0,0,0,1025,614,0,0,0,0,0,0,0,1025,5125,0,0,0,0,0,0,0
0,1025,14,0x0p+0,1,0,3,8388608,3,0,0,0,64,0,0,0,1025,512,0,0,0,0,0,0,0,1025,5125,0,0,0,0,0,0,0
0,1025,13,-0x0p+0,1,0,3,8388608,3,0,0,0,64,0,0,0,1025,614,0,0,0,0,0,0,0,1025,5125,0,0,0,0,0,0,0
0,1025,14,-0x0p+0,1,0,3,8388608,3,0,0,0,64,0,0,0,1025,512,0,0,0,0,0,0,0,1025,5125,0,0,0,0,0,0,0
0,1025,13,0x1.028f5c28f5c29p+0,1,0,3,8388608,4,0,0,0,1153,0,0,0,2050,614,0,0,0,0,0,0,0,1281,6405,0,0,0,0,0,0,0
0,1025,14,0x1.028f5c28f5c29p+0,1,0,3,8388608,4,0,0,0,129,0,0,0,2050,512,0,0,0,0,0,0,0,2050,10250,0,0,0,0,0,0,0
0,1025,13,-0x1.028f5c28f5c29p+0,1,0,3,8388608,4,0,0,0,1153,0,0,0,2050,614,0,0,0,0,0,0,0,1281,6405,0,0,0,0,0,0,0
0,1025,14,-0x1.028f5c28f5c29p+0,1,0,3,8388608,4,0,0,0,129,0,0,0,2050,512,0,0,0,0,0,0,0,2050,10250,0,0,0,0,0,0,0
0,1025,13,0x1.0000000000001p+0,1,0,3,8388608,4,0,0,0,1153,0,0,0,2050,614,0,0,0,0,0,0,0,1281,6405,0,0,0,0,0,0,0
0,1025,14,0x1.0000000000001p+0,1,0,3,8388608,4,0,0,0,129,0,0,0,2050,512,0,0,0,0,0,0,0,2050,10250,0,0,0,0,0,0,0
0,1025,13,0x1p-1074,1,0,3,8388608,3,0,0,0,64,0,0,0,1025,614,0,0,0,0,0,0,0,1025,5125,0,0,0,0,0,0,0
0,1025,14,0x1p-1074,1,0,3,8388608,3,0,0,0,64,0,0,0,1025,512,0,0,0,0,0,0,0,1025,5125,0,0,0,0,0,0,0
0,1025,13,-0x1p-1074,1,0,3,8388608,3,0,0,0,64,0,0,0,1025,614,0,0,0,0,0,0,0,1025,5125,0,0,0,0,0,0,0
0,1025,14,-0x1p-1074,1,0,3,8388608,3,0,0,0,64,0,0,0,1025,512,0,0,0,0,0,0,0,1025,5125,0,0,0,0,0,0,0
0,1025,13,0x1.fffffep+126,1,0,3,8388608,4,0,0,0,1151,0,0,0,2050,614,0,0,0,0,0,0,0,1281,6405,0,0,0,0,0,0,0
0,1025,14,0x1.fffffep+126,1,0,3,8388608,4,0,0,0,1151,0,0,0,2050,512,0,0,0,0,0,0,0,1281,6405,0,0,0,0,0,0,0
0,1025,13,-0x1.fffffep+126,1,0,3,8388608,4,0,0,0,1151,0,0,0,2050,614,0,0,0,0,0,0,0,1281,6405,0,0,0,0,0,0,0
0,1025,14,-0x1.fffffep+126,1,0,3,8388608,4,0,0,0,1151,0,0,0,2050,512,0,0,0,0,0,0,0,1281,6405,0,0,0,0,0,0,0
0,1025,13,0x1p+127,1,0,3,8388608,4,0,0,0,1153,0,0,0,2050,614,0,0,0,0,0,0,0,1281,6405,0,0,0,0,0,0,0
0,1025,14,0x1p+127,1,0,3,8388608,4,0,0,0,1153,0,0,0,2050,512,0,0,0,0,0,0,0,1281,6405,0,0,0,0,0,0,0
0,1025,13,-0x1p+127,1,0,3,8388608,4,0,0,0,1153,0,0,0,2050,614,0,0,0,0,0,0,0,1281,6405,0,0,0,0,0,0,0
0,1025,14,-0x1p+127,1,0,3,8388608,4,0,0,0,1153,0,0,0,2050,512,0,0,0,0,0,0,0,1281,6405,0,0,0,0,0,0,0
0,1025,13,0x1.fffffffffffffp+1022,1,0,3,8388608,4,0,0,0,2085,0,0,0,2050,820,0,0,0,0,0,0,0,256,1280,0,0,0,0,0,0,0
0,1025,14,0x1.fffffffffffffp+1022,1,0,3,8388608,3,0,0,0,1027,0,0,0,1025,1025,0,0,0,0,0,0,0,0,0,0,0,0,0,0,0,0
0,1025,13,-0x1.fffffffffffffp+1022,1,0,3,8388608,4,0,0,0,2085,0,0,0,2050,820,0,0,0,0,0,0,0,256,1280,0,0,0,0,0,0,0
0,1025,14,-0x1.fffffffffffffp+1022,1,0,3,8388608,3,0,0,0,1027,0,0,0,1025,1025,0,0,0,0,0,0,0,0,0,0,0,0,0,0,0,0
0,1025,13,0x1.fffffffffffffp+1023,1,0,3,8388608,4,0,0,0,2110,0,0,0,2050,922,0,0,0,0,0,0,0,256,1280,0,0,0,0,0,0,0
0,1025,14,0x1.fffffffffffffp+1023,1,0,3,8388608,3,0,0,0,1027,0,0,0,1025,1025,0,0,0,0,0,0,0,0,0,0,0,0,0,0,0,0
0,1025,13,-0x1.fffffffffffffp+1023,1,0,3,8388608,4,0,0,0,2110,0,0,0,2050,922,0,0,0,0,0,0,0,256,1280,0,0,0,0,0,0,0
0,1025,14,-0x1.fffffffffffffp+1023,1,0,3,8388608,3,0,0,0,1027,0,0,0,1025,1025,0,0,0,0,0,0,0,0,0,0,0,0,0,0,0,0
0,16384,8,0x1.028f5c28f5c29p+0,1,0,4,8388608,4,0,0,0,64,0,0,0,16384,8192,0,0,0,0,0,0,0,16384,81920,0,0,0,0,0,0,0
0,16385,8,0x1.028f5c28f5c29p+0,1,7,4,8388608,4,0,0,0,64,0,0,0,16385,8192,0,0,0,0,0,0,0,16385,81925,0,0,0,0,0,0,0
0,16385,11,0x1.028f5c28f5c29p+0,1,0,4,8388608,4,0,0,0,64,0,0,0,16385,256,0,0,0,0,0,0,0,16384,81920,0,0,0,0,0,0,0
0,16385,12,0x1.028f5c28f5c29p+0,1,0,4,8388608,4,0,0,0,64,0,0,0,16385,8192,0,0,0,0,0,0,0,16384,81920,0,0,0,0,0,0,0
0,1025,9,0x1.028f5c28f5c29p+0,1,0,4,8388608,4,0,0,0,0,0,0,0,0,1025,0,0,0,0,0,0,0,0,0,0,0,1025,0,0,0,0
0,1025,13,0x0p+0,1,0,4,8388608,4,0,0,0,64,0,0,0,1025,614,0,0,0,0,0,0,0,1025,5125,0,0,0,0,0,0,0
0,1025,14,0x0p+0,1,0,4,8388608,4,0,0,0,64,0,0,0,1025,512,0,0,0,0,0,0,0,1025,5125,0,0,0,0,0,0,0
0,1025,13,-0x0p+0,1,0,4,8388608,4,0,0,0,64,0,0,0,1025,614,0,0,0,0,0,0,0,1025,5125,0,0,0,0,0,0,0
0,1025,14,-0x0p+0,1,0,4,8388608,4,0,0,0,64,0,0,0,1025,512,0,0,0,0,0,0,0,1025,5125,0,0,0,0,0,0,0
0,1025,13,0x1.028f5c28f5c29p+0,1,0,4,8388608,4,0,0,0,64,0,0,0,1025,614,0,0,0,0,0,0,0,1025,5125,0,0,0,0,0,0,0
0,1025,14,0x1.028f5c28f5c29p+0,1,0,4,8388608,4,0,0,0,64,0,0,0,1025,512,0,0,0,0,0,0,0,1025,5125,0,0,0,0,0,0,0
0,1025,13,-0x1.028f5c28f5c29p+0,1,0,4,8388608,4,0,0,0,64,0,0,0,1025,614,0,0,0,0,0,0,0,1025,5125,0,0,0,0,0,0,0
0,1025,14,-0x1.028f5c28f5c29p+0,1,0,4,8388608,4,0,0,0,64,0,0,0,1025,512,0,0,0,0,0,0,0,1025,5125,0,0,0,0,0,0,0
0,1025,13,0x1.0000000000001p+0,1,0,4,8388608,4,0,0,0,64,0,0,0,1025,614,0,0,0,0,0,0,0,1025,5125,0,0,0,0,0,0,0
0,1025,14,0x1.0000000000001p+0,1,0,4,8388608,4,0,0,0,64,0,0,0,1025,512,0,0,0,0,0,0,0,1025,5125,0,0,0,0,0,0,0
0,1025,13,0x1p-1074,1,0,4,8388608,4,0,0,0,64,0,0,0,1025,614,0,0,0,0,0,0,0,1025,5125,0,0,0,0,0,0,0
0,1025,14,0x1p-1074,1,0,4,8388608,4,0,0,0,64,0,0,0,1025,512,0,0,0,0,0,0,0,1025,5125,0,0,0,0,0,0,0
0,1025,13,-0x1p-1074,1,0,4,8388608,4,0,0,0,64,0,0,0,1025,614,0,0,0,0,0,0,0,1025,5125,0,0,0,0,0,0,0
0,1025,14,-0x1p-1074,1,0,4,8388608,4,0,0,0,64,0,0,0,1025,512,0,0,0,0,0,0,0,1025,5125,0,0,0,0,0,0,0
0,1025,13,0x1.fffffep+126,1,0,4,8388608,4,0,0,0,64,0,0,0,1025,614,0,0,0,0,0,0,0,1025,5125,0,0,0,0,0,0,0
0,1025,14,0x1.fffffep+126,1,0,4,8388608,4,0,0,0,64,0,0,0,1025,512,0,0,0,0,0,0,0,1025,5125,0,0,0,0,0,0,0
0,1025,13,-0x1.fffffep+126,1,0,4,8388608,4,0,0,0,64,0,0,0,1025,614,0,0,0,0,0,0,0,1025,5125,0,0,0,0,0,0,0
0,1025,14,-0x1.fffffep+126,1,0,4,8388608,4,0,0,0,64,0,0,0,1025,512,0,0,0,0,0,0,0,1025,5125,0,0,0,0,0,0,0
0,1025,13,0x1p+127,1,0,4,8388608,4,0,0,0,64,0,0,0,1025,614,0,0,0,0,0,0,0,1025,5125,0,0,0,0,0,0,0
0,1025,14,0x1p+127,1,0,4,8388608,4,0,0,0,64,0,0,0,1025,512,0,0,0,0,0,0,0,1025,5125,0,0,0,0,0,0,0
0,1025,13,-0x1p+127,1,0,4,8388608,4,0,0,0,64,0,0,0,1025,614,0,0,0,0,0,0,0,1025,5125,0,0,0,0,0,0,0
0,1025,14,-0x1p+127,1,0,4,8388608,4,0,0,0,64,0,0,0,1025,512,0,0,0,0,0,0,0,1025,5125,0,0,0,0,0,0,0
0,1025,13,0x1.fffffffffffffp+1022,1,0,4,8388608,4,0,0,0,1058,0,0,0,1025,820,0,0,0,0,0,0,0,256,1280,0,0,0,0,0,0,0
0,1025,14,0x1.fffffffffffffp+1022,1,0,4,8388608,4,0,0,0,1058,0,0,0,1025,1025,0,0,0,0,0,0,0,256,1280,0,0,0,0,0,0,0
0,1025,13,-0x1.fffffffffffffp+1022,1,0,4,8388608,4,0,0,0,1058,0,0,0,1025,820,0,0,0,0,0,0,0,256,1280,0,0,0,0,0,0,0
0,1025,14,-0x1.fffffffffffffp+1022,1,0,4,8388608,4,0,0,0,1058,0,0,0,1025,1025,0,0,0,0,0,0,0,256,1280,0,0,0,0,0,0,0
0,1025,13,0x1.fffffffffffffp+1023,1,0,4,8388608,4,0,0,0,1083,0,0,0,1025,922,0,0,0,0,0,0,0,256,1280,0,0,0,0,0,0,0
0,1025,14,0x1.fffffffffffffp+1023,1,0,4,8388608,4,0,0,0,1083,0,0,0,1025,1025,0,0,0,0,0,0,0,256,1280,0,0,0,0,0,0,0
0,1025,13,-0x1.fffffffffffffp+1023,1,0,4,8388608,4,0,0,0,1083,0,0,0,1025,922,0,0,0,0,0,0,0,256,1280,0,0,0,0,0,0,0
0,1025,14,-0x1.fffffffffffffp+1023,1,0,4,8388608,4,0,0,0,1083,0,0,0,1025,1025,0,0,0,0,0,0,0,256,1280,0,0,0,0,0,0,0
1,16384,8,0x1.028f5c28f5c29p+0,0,0,3,8388608,3,0,0,0,64,0,0,0,16384,8192,0,0,0,0,0,0,0,256,1280,0,0,0,0,16128,16128,0
1,16385,8,0x1.028f5c28f5c29p+0,0,7,3,8388608,3,0,0,0,64,0,0,0,16385,8192,0,0,0,0,0,0,0,16385,81925,0,0,0,0,0,0,0
1,16385,11,0x1.028f5c28f5c29p+0,0,0,3,8388608,3,0,0,0,64,0,0,0,16385,256,0,0,0,0,0,0,0,256,1280,0,0,0,0,16128,16128,0
1,16385,12,0x1.028f5c28f5c29p+0,0,0,3,8388608,3,0,0,0,64,0,0,0,16385,8192,0,0,0,0,0,0,0,256,1280,0,0,0,0,16128,16128,0
1,1025,9,0x1.028f5c28f5c29p+0,0,0,3,8388608,3,0,0,0,0,0,0,0,0,1025,0,0,0,0,0,0,0,0,0,0,0,1025,0,0,0,0
1,1025,13,0x0p+0,0,0,3,8388608,3,0,0,0,64,0,0,0,1025,614,0,0,0,0,0,0,0,256,1280,0,0,0,0,769,769,0
1,1025,14,0x0p+0,0,0,3,8388608,3,0,0,0,64,0,0,0,1025,512,0,0,0,0,0,0,0,256,1280,0,0,0,0,769,769,0
1,1025,13,-0x0p+0,0,0,3,8388608,3,0,0,0,64,0,0,0,1025,614,0,0,0,0,0,0,0,256,1280,0,0,0,0,769,769,0
1,1025,14,-0x0p+0,0,0,3,8388608,3,0,0,0,64,0,0,0,1025,512,0,0,0,0,0,0,0,256,1280,0,0,0,0,769,769,0
1,1025,13,0x1.028f5c28f5c29p+0,0,0,3,8388608,4,0,0,0,1153,0,0,0,2050,614,0,0,0,0,0,0,0,512,2560,0,0,0,0,769,769,0
1,1025,14,0x1.028f5c28f5c29p+0,0,0,3,8388608,4,0,0,0,897,0,0,0,2050,512,0,0,0,0,0,0,0,512,2560,0,0,0,0,1538,769,0
1,1025,13,-0x1.028f5c28f5c29p+0,0,0,3,8388608,4,0,0,0,1153,0,0,0,2050,614,0,0,0,0,0,0,0,512,2560,0,0,0,0,769,769,0
1,1025,14,-0x1.028f5c28f5c29p+0,0,0,3,8388608,4,0,0,0,897,0,0,0,2050,512,0,0,0,0,0,0,0,512,2560,0,0,0,0,1538,769,0
1,1025,13,0x1.0000000000001p+0,0,0,3,8388608,4,0,0,0,1153,0,0,0,2050,614,0,0,0,0,0,0,0,512,2560,0,0,0,0,769,769,0
1,1025,14,0x1.0000000000001p+0,0,0,3,8388608,4,0,0,0,897,0,0,0,2050,512,0,0,0,0,0,0,0,512,2560,0,0,0,0,1538,769,0
1,1025,13,0x1p-1074,0,0,3,8388608,3,0,0,0,64,0,0,0,1025,614,0,0,0,0,0,0,0,256,1280,0,0,0,0,769,769,0
1,1025,14,0x1p-1074,0,0,3,8388608,3,0,0,0,64,0,0,0,1025,512,0,0,0,0,0,0,0,256,1280,0,0,0,0,769,769,0
1,1025,13,-0x1p-1074,0,0,3,8388608,3,0,0,0,64,0,0,0,1025,614,0,0,0,0,0,0,0,256,1280,0,0,0,0,769,769,0
1,1025,14,-0x1p-1074,0,0,3,8388608,3,0,0,0,64,0,0,0,1025,512,0,0,0,0,0,0,0,256,1280,0,0,0,0,769,769,0
1,1025,13,0x1.fffffep+126,0,0,3,8388608,4,0,0,0,1151,0,0,0,2050,614,0,0,0,0,0,0,0,512,2560,0,0,0,0,769,769,0
1,1025,14,0x1.fffffep+126,0,0,3,8388608,4,0,0,0,1151,0,0,0,2050,512,0,0,0,0,0,0,0,512,2560,0,0,0,0,769,769,0
1,1025,13,-0x1.fffffep+126,0,0,3,8388608,4,0,0,0,1151,0,0,0,2050,614,0,0,0,0,0,0,0,512,2560,0,0,0,0,769,769,0
1,1025,14,-0x1.fffffep+126,0,0,3,8388608,4,0,0,0,1151,0,0,0,2050,512,0,0,0,0,0,0,0,512,2560,0,0,0,0,769,769,0
1,1025,13,0x1p+127,0,0,3,8388608,4,0,0,0,1153,0,0,0,2050,614,0,0,0,0,0,0,0,512,2560,0,0,0,0,769,769,0
1,1025,14,0x1p+127,0,0,3,8388608,4,0,0,0,1153,0,0,0,2050,512,0,0,0,0,0,0,0,512,2560,0,0,0,0,769,769,0
1,1025,13,-0x1p+127,0,0,3,8388608,4,0,0,0,1153,0,0,0,2050,614,0,0,0,0,0,0,0,512,2560,0,0,0,0,769,769,0
1,1025,14,-0x1p+127,0,0,3,8388608,4,0,0,0,1153,0,0,0,2050,512,0,0,0,0,0,0,0,512,2560,0,0,0,0,769,769,0
1,1025,13,0x1.fffffffffffffp+1022,0,0,3,8388608,4,0,0,0,2085,0,0,0,2050,820,0,0,0,0,0,0,0,256,1280,0,0,0,0,0,0,0
1,1025,14,0x1.fffffffffffffp+1022,0,0,3,8388608,3,0,0,0,1027,0,0,0,1025,1025,0,0,0,0,0,0,0,0,0,0,0,0,0,0,0,0
1,1025,13,-0x1.fffffffffffffp+1022,0,0,3,8388608,4,0,0,0,2085,0,0,0,2050,820,0,0,0,0,0,0,0,256,1280,0,0,0,0,0,0,0
1,1025,14,-0x1.fffffffffffffp+1022,0,0,3,8388608,3,0,0,0,1027,0,0,0,1025,1025,0,0,0,0,0,0,0,0,0,0,0,0,0,0,0,0
1,1025,13,0x1.fffffffffffffp+1023,0,0,3,8388608,4,0,0,0,2110,0,0,0,2050,922,0,0,0,0,0,0,0,256,1280,0,0,0,0,0,0,0
1,1025,14,0x1.fffffffffffffp+1023,0,0,3,8388608,3,0,0,0,1027,0,0,0,1025,1025,0,0,0,0,0,0,0,0,0,0,0,0,0,0,0,0
1,1025,13,-0x1.fffffffffffffp+1023,0,0,3,8388608,4,0,0,0,2110,0,0,0,2050,922,0,0,0,0,0,0,0,256,1280,0,0,0,0,0,0,0
1,1025,14,-0x1.fffffffffffffp+1023,0,0,3,8388608,3,0,0,0,1027,0,0,0,1025,1025,0,0,0,0,0,0,0,0,0,0,0,0,0,0,0,0
1,16384,8,0x1.028f5c28f5c29p+0,0,0,4,8388608,4,0,0,0,64,0,0,0,16384,8192,0,0,0,0,0,0,0,256,1280,0,0,0,0,16128,16128,0
1,16385,8,0x1.028f5c28f5c29p+0,0,7,4,8388608,4,0,0,0,64,0,0,0,16385,8192,0,0,0,0,0,0,0,16385,81925,0,0,0,0,0,0,0
1,16385,11,0x1.028f5c28f5c29p+0,0,0,4,8388608,4,0,0,0,64,0,0,0,16385,256,0,0,0,0,0,0,0,256,1280,0,0,0,0,16128,16128,0
1,16385,12,0x1.028f5c28f5c29p+0,0,0,4,8388608,4,0,0,0,64,0,0,0,16385,8192,0,0,0,0,0,0,0,256,1280,0,0,0,0,16128,16128,0
1,1025,9,0x1.028f5c28f5c29p+0,0,0,4,8388608,4,0,0,0,0,0,0,0,0,1025,0,0,0,0,0,0,0,0,0,0,0,1025,0,0,0,0
1,1025,13,0x0p+0,0,0,4,8388608,4,0,0,0,64,0,0,0,1025,614,0,0,0,0,0,0,0,256,1280,0,0,0,0,769,769,0
1,1025,14,0x0p+0,0,0,4,8388608,4,0,0,0,64,0,0,0,1025,512,0,0,0,0,0,0,0,256,1280,0,0,0,0,769,769,0
1,1025,13,-0x0p+0,0,0,4,8388608,4,0,0,0,64,0,0,0,1025,614,0,0,0,0,0,0,0,256,1280,0,0,0,0,769,769,0
1,1025,14,-0x0p+0,0,0,4,8388608,4,0,0,0,64,0,0,0,1025,512,0,0,0,0,0,0,0,256,1280,0,0,0,0,769,769,0
1,1025,13,0x1.028f5c28f5c29p+0,0,0,4,8388608,4,0,0,0,64,0,0,0,1025,614,0,0,0,0,0,0,0,256,1280,0,0,0,0,769,769,0
1,1025,14,0x1.028f5c28f5c29p+0,0,0,4,8388608,4,0,0,0,64,0,0,0,1025,512,0,0,0,0,0,0,0,256,1280,0,0,0,0,769,769,0
1,1025,13,-0x1.028f5c28f5c29p+0,0,0,4,8388608,4,0,0,0,64,0,0,0,1025,614,0,0,0,0,0,0,0,256,1280,0,0,0,0,769,769,0
1,1025,14,-0x1.028f5c28f5c29p+0,0,0,4,8388608,4,0,0,0,64,0,0,0,1025,512,0,0,0,0,0,0,0,256,1280,0,0,0,0,769,769,0
1,1025,13,0x1.0000000000001p+0,0,0,4,8388608,4,0,0,0,64,0,0,0,1025,614,0,0,0,0,0,0,0,256,1280,0,0,0,0,769,769,0
1,1025,14,0x1.0000000000001p+0,0,0,4,8388608,4,0,0,0,64,0,0,0,1025,512,0,0,0,0,0,0,0,256,1280,0,0,0,0,769,769,0
1,1025,13,0x1p-1074,0,0,4,8388608,4,0,0,0,64,0,0,0,1025,614,0,0,0,0,0,0,0,256,1280,0,0,0,0,769,769,0
1,1025,14,0x1p-1074,0,0,4,8388608,4,0,0,0,64,0,0,0,1025,512,0,0,0,0,0,0,0,256,1280,0,0,0,0,769,769,0
1,1025,13,-0x1p-1074,0,0,4,8388608,4,0,0,0,64,0,0,0,1025,614,0,0,0,0,0,0,0,256,1280,0,0,0,0,769,769,0
1,1025,14,-0x1p-1074,0,0,4,8388608,4,0,0,0,64,0,0,0,1025,512,0,0,0,0,0,0,0,256,1280,0,0,0,0,769,769,0
1,1025,13,0x1.fffffep+126,0,0,4,8388608,4,0,0,0,64,0,0,0,1025,614,0,0,0,0,0,0,0,256,1280,0,0,0,0,769,769,0
1,1025,14,0x1.fffffep+126,0,0,4,8388608,4,0,0,0,64,0,0,0,1025,512,0,0,0,0,0,0,0,256,1280,0,0,0,0,769,769,0
1,1025,13,-0x1.fffffep+126,0,0,4,8388608,4,0,0,0,64,0,0,0,1025,614,0,0,0,0,0,0,0,256,1280,0,0,0,0,769,769,0
1,1025,14,-0x1.fffffep+126,0,0,4,8388608,4,0,0,0,64,0,0,0,1025,512,0,0,0,0,0,0,0,256,1280,0,0,0,0,769,769,0
1,1025,13,0x1p+127,0,0,4,8388608,4,0,0,0,64,0,0,0,1025,614,0,0,0,0,0,0,0,256,1280,0,0,0,0,769,769,0
1,1025,14,0x1p+127,0,0,4,8388608,4,0,0,0,64,0,0,0,1025,512,0,0,0,0,0,0,0,256,1280,0,0,0,0,769,769,0
1,1025,13,-0x1p+127,0,0,4,8388608,4,0,0,0,64,0,0,0,1025,614,0,0,0,0,0,0,0,256,1280,0,0,0,0,769,769,0
1,1025,14,-0x1p+127,0,0,4,8388608,4,0,0,0,64,0,0,0,1025,512,0,0,0,0,0,0,0,256,1280,0,0,0,0,769,769,0
1,1025,13,0x1.fffffffffffffp+1022,0,0,4,8388608,4,0,0,0,1058,0,0,0,1025,820,0,0,0,0,0,0,0,256,1280,0,0,0,0,0,0,0
1,1025,14,0x1.fffffffffffffp+1022,0,0,4,8388608,4,0,0,0,1058,0,0,0,1025,1025,0,0,0,0,0,0,0,256,1280,0,0,0,0,0,0,0
1,1025,13,-0x1.fffffffffffffp+1022,0,0,4,8388608,4,0,0,0,1058,0,0,0,1025,820,0,0,0,0,0,0,0,256,1280,0,0,0,0,0,0,0
1,1025,14,-0x1.fffffffffffffp+1022,0,0,4,8388608,4,0,0,0,1058,0,0,0,1025,1025,0,0,0,0,0,0,0,256,1280,0,0,0,0,0,0,0
1,1025,13,0x1.fffffffffffffp+1023,0,0,4,8388608,4,0,0,0,1083,0,0,0,1025,922,0,0,0,0,0,0,0,256,1280,0,0,0,0,0,0,0
1,1025,14,0x1.fffffffffffffp+1023,0,0,4,8388608,4,0,0,0,1083,0,0,0,1025,1025,0,0,0,0,0,0,0,256,1280,0,0,0,0,0,0,0
1,1025,13,-0x1.fffffffffffffp+1023,0,0,4,8388608,4,0,0,0,1083,0,0,0,1025,922,0,0,0,0,0,0,0,256,1280,0,0,0,0,0,0,0
1,1025,14,-0x1.fffffffffffffp+1023,0,0,4,8388608,4,0,0,0,1083,0,0,0,1025,1025,0,0,0,0,0,0,0,256,1280,0,0,0,0,0,0,0
1,16384,8,0x1.028f5c28f5c29p+0,1,0,3,8388608,3,0,0,0,64,0,0,0,16384,8192,0,0,0,0,0,0,0,16384,81920,0,0,0,0,0,0,0
1,16385,8,0x1.028f5c28f5c29p+0,1,7,3,8388608,3,0,0,0,64,0,0,0,16385,8192,0,0,0,0,0,0,0,16385,81925,0,0,0,0,0,0,0
1,16385,11,0x1.028f5c28f5c29p+0,1,0,3,8388608,3,0,0,0,64,0,0,0,16385,256,0,0,0,0,0,0,0,16384,81920,0,0,0,0,0,0,0
1,16385,12,0x1.028f5c28f5c29p+0,1,0,3,8388608,3,0,0,0,64,0,0,0,16385,8192,0,0,0,0,0,0,0,16384,81920,0,0,0,0,0,0,0
1,1025,9,0x1.028f5c28f5c29p+0,1,0,3,8388608,3,0,0,0,0,0,0,0,0,1025,0,0,0,0,0,0,0,0,0,0,0,1025,0,0,0,0
1,1025,13,0x0p+0,1,0,3,8388608,3,0,0,0,64,0,0,0,1025,614,0,0,0,0,0,0,0,1025,5125,0,0,0,0,0,0,0
1,1025,14,0x0p+0,1,0,3,8388608,3,0,0,0,64,0,0,0,1025,512,0,0,0,0,0,0,0,1025,5125,0,0,0,0,0,0,0
1,1025,13,-0x0p+0,1,0,3,8388608,3,0,0,0,64,0,0,0,1025,614,0,0,0,0,0,0,0,1025,5125,0,0,0,0,0,0,0
1,1025,14,-0x0p+0,1,0,3,8388608,3,0,0,0,64,0,0,0,1025,512,0,0,0,0,0,0,0,1025,5125,0,0,0,0,0,0,0
1,1025,13,0x1.028f5c28f5c29p+0,1,0,3,8388608,4,0,0,0,1153,0,0,0,2050,614,0,0,0,0,0,0,0,1281,6405,0,0,0,0,0,0,0
1,1025,14,0x1.028f5c28f5c29p+0,1,0,3,8388608,4,0,0,0,129,0,0,0,2050,512,0,0,0,0,0,0,0,2050,10250,0,0,0,0,0,0,0
1,1025,13,-0x1.028f5c28f5c29p+0,1,0,3,8388608,4,0,0,0,1153,0,0,0,2050,614,0,0,0,0,0,0,0,1281,6405,0,0,0,0,0,0,0
1,1025,14,-0x1.028f5c28f5c29p+0,1,0,3,8388608,4,0,0,0,129,0,0,0,2050,512,0,0,0,0,0,0,0,2050,10250,0,0,0,0,0,0,0
1,1025,13,0x1.0000000000001p+0,1,0,3,8388608,4,0,0,0,1153,0,0,0,2050,614,0,0,0,0,0,0,0,1281,6405,0,0,0,0,0,0,0
1,1025,14,0x1.0000000000001p+0,1,0,3,8388608,4,0,0,0,129,0,0,0,2050,512,0,0,0,0,0,0,0,2050,10250,0,0,0,0,0,0,0
1,1025,13,0x1p-1074,1,0,3,8388608,3,0,0,0,64,0,0,0,1025,614,0,0,0,0,0,0,0,1025,5125,0,0,0,0,0,0,0
1,1025,14,0x1p-1074,1,0,3,8388608,3,0,0,0,64,0,0,0,1025,512,0,0,0,0,0,0,0,1025,5125,0,0,0,0,0,0,0
1,1025,13,-0x1p-1074,1,0,3,8388608,3,0,0,0,64,0,0,0,1025,614,0,0,0,0,0,0,0,1025,5125,0,0,0,0,0,0,0
1,1025,14,-0x1p-1074,1,0,3,8388608,3,0,0,0,64,0,0,0,1025,512,0,0,0,0,0,0,0,1025,5125,0,0,0,0,0,0,0
1,1025,13,0x1.fffffep+126,1,0,3,8388608,4,0,0,0,1151,0,0,0,2050,614,0,0,0,0,0,0,0,1281,6405,0,0,0,0,0,0,0
1,1025,14,0x1.fffffep+126,1,0,3,8388608,4,0,0,0,1151,0,0,0,2050,512,0,0,0,0,0,0,0,1281,6405,0,0,0,0,0,0,0
1,1025,13,-0x1.fffffep+126,1,0,3,8388608,4,0,0,0,1151,0,0,0,2050,614,0,0,0,0,0,0,0,1281,6405,0,0,0,0,0,0,0
1,1025,14,-0x1.fffffep+126,1,0,3,8388608,4,0,0,0,1151,0,0,0,2050,512,0,0,0,0,0,0,0,1281,6405,0,0,0,0,0,0,0
1,1025,13,0x1p+127,1,0,3,8388608,4,0,0,0,1153,0,0,0,2050,614,0,0,0,0,0,0,0,1281,6405,0,0,0,0,0,0,0
1,1025,14,0x1p+127,1,0,3,8388608,4,0,0,0,1153,0,0,0,2050,512,0,0,0,0,0,0,0,1281,6405,0,0,0,0,0,0,0
1,1025,13,-0x1p+127,1,0,3,8388608,4,0,0,0,1153,0,0,0,2050,614,0,0,0,0,0,0,0,1281,6405,0,0,0,0,0,0,0
1,1025,14,-0x1p+127,1,0,3,8388608,4,0,0,0,1153,0,0,0,2050,512,0,0,0,0,0,0,0,1281,6405,0,0,0,0,0,0,0
1,1025,13,0x1.fffffffffffffp+1022,1,0,3,8388608,4,0,0,0,2085,0,0,0,2050,820,0,0,0,0,0,0,0,256,1280,0,0,0,0,0,0,0
1,1025,14,0x1.fffffffffffffp+1022,1,0,3,8388608,3,0,0,0,1027,0,0,0,1025,1025,0,0,0,0,0,0,0,0,0,0,0,0,0,0,0,0
1,1025,13,-0x1.fffffffffffffp+1022,1,0,3,8388608,4,0,0,0,2085,0,0,0,2050,820,0,0,0,0,0,0,0,256,1280,0,0,0,0,0,0,0
1,1025,14,-0x1.fffffffffffffp+1022,1,0,3,8388608,3,0,0,0,1027,0,0,0,1025,1025,0,0,0,0,0,0,0,0,0,0,0,0,0,0,0,0
1,1025,13,0x1.fffffffffffffp+1023,1,0,3,8388608,4,0,0,0,2110,0,0,0,2050,922,0,0,0,0,0,0,0,256,1280,0,0,0,0,0,0,0
1,1025,14,0x1.fffffffffffffp+1023,1,0,3,8388608,3,0,0,0,1027,0,0,0,1025,1025,0,0,0,0,0,0,0,0,0,0,0,0,0,0,0,0
1,1025,13,-0x1.fffffffffffffp+1023,1,0,3,8388608,4,0,0,0,2110,0,0,0,2050,922,0,0,0,0,0,0,0,256,1280,0,0,0,0,0,0,0
1,1025,14,-0x1.fffffffffffffp+1023,1,0,3,8388608,3,0,0,0,1027,0,0,0,1025,1025,0,0,0,0,0,0,0,0,0,0,0,0,0,0,0,0
1,16384,8,0x1.028f5c28f5c29p+0,1,0,4,8388608,4,0,0,0,64,0,0,0,16384,8192,0,0,0,0,0,0,0,16384,81920,0,0,0,0,0,0,0
1,16385,8,0x1.028f5c28f5c29p+0,1,7,4,8388608,4,0,0,0,64,0,0,0,16385,8192,0,0,0,0,0,0,0,16385,81925,0,0,0,0,0,0,0
1,16385,11,0x1.028f5c28f5c29p+0,1,0,4,8388608,4,0,0,0,64,0,0,0,16385,256,0,0,0,0,0,0,0,16384,81920,0,0,0,0,0,0,0
1,16385,12,0x1.028f5c28f5c29p+0,1,0,4,8388608,4,0,0,0,64,0,0,0,16385,8192,0,0,0,0,0,0,0,16384,81920,0,0,0,0,0,0,0
1,1025,9,0x1.028f5c28f5c29p+0,1,0,4,8388608,4,0,0,0,0,0,0,0,0,1025,0,0,0,0,0,0,0,0,0,0,0,1025,0,0,0,0
1,1025,13,0x0p+0,1,0,4,8388608,4,0,0,0,64,0,0,0,1025,614,0,0,0,0,0,0,0,1025,5125,0,0,0,0,0,0,0
1,1025,14,0x0p+0,1,0,4,8388608,4,0,0,0,64,0,0,0,1025,512,0,0,0,0,0,0,0,1025,5125,0,0,0,0,0,0,0
1,1025,13,-0x0p+0,1,0,4,8388608,4,0,0,0,64,0,0,0,1025,614,0,0,0,0,0,0,0,1025,5125,0,0,0,0,0,0,0
1,1025,14,-0x0p+0,1,0,4,8388608,4,0,0,0,64,0,0,0,1025,512,0,0,0,0,0,0,0,1025,5125,0,0,0,0,0,0,0
1,1025,13,0x1.028f5c28f5c29p+0,1,0,4,8388608,4,0,0,0,64,0,0,0,1025,614,0,0,0,0,0,0,0,1025,5125,0,0,0,0,0,0,0
1,1025,14,0x1.028f5c28f5c29p+0,1,0,4,8388608,4,0,0,0,64,0,0,0,1025,512,0,0,0,0,0,0,0,1025,5125,0,0,0,0,0,0,0
1,1025,13,-0x1.028f5c28f5c29p+0,1,0,4,8388608,4,0,0,0,64,0,0,0,1025,614,0,0,0,0,0,0,0,1025,5125,0,0,0,0,0,0,0
1,1025,14,-0x1.028f5c28f5c29p+0,1,0,4,8388608,4,0,0,0,64,0,0,0,1025,512,0,0,0,0,0,0,0,1025,5125,0,0,0,0,0,0,0
1,1025,13,0x1.0000000000001p+0,1,0,4,8388608,4,0,0,0,64,0,0,0,1025,614,0,0,0,0,0,0,0,1025,5125,0,0,0,0,0,0,0
1,1025,14,0x1.0000000000001p+0,1,0,4,8388608,4,0,0,0,64,0,0,0,1025,512,0,0,0,0,0,0,0,1025,5125,0,0,0,0,0,0,0
1,1025,13,0x1p-1074,1,0,4,8388608,4,0,0,0,64,0,0,0,1025,614,0,0,0,0,0,0,0,1025,5125,0,0,0,0,0,0,0
1,1025,14,0x1p-1074,1,0,4,8388608,4,0,0,0,64,0,0,0,1025,512,0,0,0,0,0,0,0,1025,5125,0,0,0,0,0,0,0
1,1025,13,-0x1p-1074,1,0,4,8388608,4,0,0,0,64,0,0,0,1025,614,0,0,0,0,0,0,0,1025,5125,0,0,0,0,0,0,0
1,1025,14,-0x1p-1074,1,0,4,8388608,4,0,0,0,64,0,0,0,1025,512,0,0,0,0,0,0,0,1025,5125,0,0,0,0,0,0,0
1,1025,13,0x1.fffffep+126,1,0,4,8388608,4,0,0,0,64,0,0,0,1025,614,0,0,0,0,0,0,0,1025,5125,0,0,0,0,0,0,0
1,1025,14,0x1.fffffep+126,1,0,4,8388608,4,0,0,0,64,0,0,0,1025,512,0,0,0,0,0,0,0,1025,5125,0,0,0,0,0,0,0
1,1025,13,-0x1.fffffep+126,1,0,4,8388608,4,0,0,0,64,0,0,0,1025,614,0,0,0,0,0,0,0,1025,5125,0,0,0,0,0,0,0
1,1025,14,-0x1.fffffep+126,1,0,4,8388608,4,0,0,0,64,0,0,0,1025,512,0,0,0,0,0,0,0,1025,5125,0,0,0,0,0,0,0
1,1025,13,0x1p+127,1,0,4,8388608,4,0,0,0,64,0,0,0,1025,614,0,0,0,0,0,0,0,1025,5125,0,0,0,0,0,0,0
1,1025,14,0x1p+127,1,0,4,8388608,4,0,0,0,64,0,0,0,1025,512,0,0,0,0,0,0,0,1025,5125,0,0,0,0,0,0,0
1,1025,13,-0x1p+127,1,0,4,8388608,4,0,0,0,64,0,0,0,1025,614,0,0,0,0,0,0,0,1025,5125,0,0,0,0,0,0,0
1,1025,14,-0x1p+127,1,0,4,8388608,4,0,0,0,64,0,0,0,1025,512,0,0,0,0,0,0,0,1025,5125,0,0,0,0,0,0,0
1,1025,13,0x1.fffffffffffffp+1022,1,0,4,8388608,4,0,0,0,1058,0,0,0,1025,820,0,0,0,0,0,0,0,256,1280,0,0,0,0,0,0,0
1,1025,14,0x1.fffffffffffffp+1022,1,0,4,8388608,4,0,0,0,1058,0,0,0,1025,1025,0,0,0,0,0,0,0,256,1280,0,0,0,0,0,0,0
1,1025,13,-0x1.fffffffffffffp+1022,1,0,4,8388608,4,0,0,0,1058,0,0,0,1025,820,0,0,0,0,0,0,0,256,1280,0,0,0,0,0,0,0
1,1025,14,-0x1.fffffffffffffp+1022,1,0,4,8388608,4,0,0,0,1058,0,0,0,1025,1025,0,0,0,0,0,0,0,256,1280,0,0,0,0,0,0,0
1,1025,13,0x1.fffffffffffffp+1023,1,0,4,8388608,4,0,0,0,1083,0,0,0,1025,922,0,0,0,0,0,0,0,256,1280,0,0,0,0,0,0,0
1,1025,14,0x1.fffffffffffffp+1023,1,0,4,8388608,4,0,0,0,1083,0,0,0,1025,1025,0,0,0,0,0,0,0,256,1280,0,0,0,0,0,0,0
1,1025,13,-0x1.fffffffffffffp+1023,1,0,4,8388608,4,0,0,0,1083,0,0,0,1025,922,0,0,0,0,0,0,0,256,1280,0,0,0,0,0,0,0
1,1025,14,-0x1.fffffffffffffp+1023,1,0,4,8388608,4,0,0,0,1083,0,0,0,1025,1025,0,0,0,0,0,0,0,256,1280,0,0,0,0,0,0,0
0,1025,2,0x1.028f5c28f5c29p+0,0,0,3,8388608,4,0,0,0,1153,0,0,0,2050,749,0,0,0,0,0,0,0,1281,6405,0,0,0,0,0,0,0
0,1025,10,0x1.028f5c28f5c29p+0,1,0,3,8388608,3,0,0,0,64,0,0,0,1025,660,0,0,0,0,0,0,0,1025,5125,0,0,0,0,0,0,0
0,1025,2,0x1.028f5c28f5c29p+0,0,0,4,8388608,4,0,0,0,64,0,0,0,1025,749,0,0,0,0,0,0,0,1025,5125,0,0,0,0,0,0,0
0,1025,10,0x1.028f5c28f5c29p+0,1,0,4,8388608,4,0,0,0,64,0,0,0,1025,660,0,0,0,0,0,0,0,1025,5125,0,0,0,0,0,0,0
3,1025,7,0x1.028f5c28f5c29p+0,0,0,3,8388608,3,0,0,0,64,0,0,0,1025,0,0,0,0,0,0,0,0,0,0,0,0,0,0,0,0,0
3,1025,7,-0x0p+0,0,0,3,8388608,3,0,0,0,64,0,0,0,1025,0,0,0,0,0,0,0,0,0,0,0,0,0,0,0,0,0
3,1025,7,0x1.fffffffffffffp+1022,0,0,3,8388608,3,0,0,0,1027,0,0,0,1025,1025,0,0,0,0,0,0,0,0,0,0,0,0,0,0,0,0
3,1025,7,0x1.fffffffffffffp+1023,0,0,3,8388608,3,0,0,0,1027,0,0,0,1025,1025,0,0,0,0,0,0,0,0,0,0,0,0,0,0,0,0
3,1025,8,0x1.028f5c28f5c29p+0,0,0,3,8388608,3,0,0,0,64,0,0,0,1025,512,0,0,0,0,0,0,0,256,1280,0,0,0,0,769,769,0
3,1025,8,-0x0p+0,0,0,3,8388608,3,0,0,0,64,0,0,0,1025,512,0,0,0,0,0,0,0,256,1280,0,0,0,0,769,769,0
3,1025,8,0x1.fffffffffffffp+1022,0,0,3,8388608,3,0,0,0,1027,0,0,0,1025,1025,0,0,0,0,0,0,0,0,0,0,0,0,0,0,0,0
3,1025,8,0x1.fffffffffffffp+1023,0,0,3,8388608,3,0,0,0,1027,0,0,0,1025,1025,0,0,0,0,0,0,0,0,0,0,0,0,0,0,0,0
3,1025,14,0x1.028f5c28f5c29p+0,0,0,3,8388608,4,0,0,0,897,0,0,0,2050,512,0,0,0,0,0,0,0,512,2560,0,0,0,0,1538,769,0
3,1025,14,-0x0p+0,0,0,3,8388608,3,0,0,0,64,0,0,0,1025,512,0,0,0,0,0,0,0,256,1280,0,0,0,0,769,769,0
3,1025,14,0x1.fffffffffffffp+1022,0,0,3,8388608,3,0,0,0,1027,0,0,0,1025,1025,0,0,0,0,0,0,0,0,0,0,0,0,0,0,0,0
3,1025,14,0x1.fffffffffffffp+1023,0,0,3,8388608,3,0,0,0,1027,0,0,0,1025,1025,0,0,0,0,0,0,0,0,0,0,0,0,0,0,0,0
3,1025,15,0x1.028f5c28f5c29p+0,0,0,3,8388608,3,0,0,0,1089,0,0,0,1025,512,0,0,0,0,0,0,0,0,0,0,0,0,0,0,0,0
3,1025,15,-0x0p+0,0,0,3,8388608,3,0,0,0,1089,0,0,0,1025,512,0,0,0,0,0,0,0,0,0,0,0,0,0,0,0,0
3,1025,15,0x1.fffffffffffffp+1022,0,0,3,8388608,3,0,0,0,1027,0,0,0,1025,1025,0,0,0,0,0,0,0,0,0,0,0,0,0,0,0,0
3,1025,15,0x1.fffffffffffffp+1023,0,0,3,8388608,3,0,0,0,1027,0,0,0,1025,1025,0,0,0,0,0,0,0,0,0,0,0,0,0,0,0,0
3,1025,16,0x1.028f5c28f5c29p+0,0,0,3,8388608,3,0,0,0,64,0,0,0,1025,512,0,0,0,0,0,0,0,256,1280,0,0,0,0,769,769,0
3,1025,16,-0x0p+0,0,0,3,8388608,3,0,0,0,64,0,0,0,1025,512,0,0,0,0,0,0,0,256,1280,0,0,0,0,769,769,0
3,1025,16,0x1.fffffffffffffp+1022,0,0,3,8388608,3,0,0,0,1027,0,0,0,1025,1025,0,0,0,0,0,0,0,0,0,0,0,0,0,0,0,0
3,1025,16,0x1.fffffffffffffp+1023,0,0,3,8388608,3,0,0,0,1027,0,0,0,1025,1025,0,0,0,0,0,0,0,0,0,0,0,0,0,0,0,0
3,1025,17,0x1.028f5c28f5c29p+0,0,0,3,8388608,3,0,0,0,64,0,0,0,1025,1025,0,0,0,0,0,0,0,256,1280,0,0,0,0,769,769,0
3,1025,17,-0x0p+0,0,0,3,8388608,3,0,0,0,64,0,0,0,1025,1025,0,0,0,0,0,0,0,256,1280,0,0,0,0,769,769,0
3,1025,17,0x1.fffffffffffffp+1022,0,0,3,8388608,3,0,0,0,1027,0,0,0,1025,1025,0,0,0,0,0,0,0,0,0,0,0,0,0,0,0,0
3,1025,17,0x1.fffffffffffffp+1023,0,0,3,8388608,3,0,0,0,1027,0,0,0,1025,1025,0,0,0,0,0,0,0,0,0,0,0,0,0,0,0,0
3,1025,7,0x1.028f5c28f5c29p+0,0,7,3,8388608,3,0,0,0,64,0,0,0,1025,0,0,0,0,0,0,0,0,0,0,0,0,0,0,0,0,0
3,1025,7,-0x0p+0,0,7,3,8388608,3,0,0,0,64,0,0,0,1025,0,0,0,0,0,0,0,0,0,0,0,0,0,0,0,0,0
3,1025,7,0x1.fffffffffffffp+1022,0,7,3,8388608,3,0,0,0,1027,0,0,0,1025,1025,0,0,0,0,0,0,0,0,0,0,0,0,0,0,0,0
3,1025,7,0x1.fffffffffffffp+1023,0,7,3,8388608,3,0,0,0,1027,0,0,0,1025,1025,0,0,0,0,0,0,0,0,0,0,0,0,0,0,0,0
3,1025,8,0x1.028f5c28f5c29p+0,0,7,3,8388608,3,0,0,0,64,0,0,0,1025,512,0,0,0,0,0,0,0,1025,5125,0,0,0,0,0,0,0
3,1025,8,-0x0p+0,0,7,3,8388608,3,0,0,0,64,0,0,0,1025,512,0,0,0,0,0,0,0,1025,5125,0,0,0,0,0,0,0
3,1025,8,0x1.fffffffffffffp+1022,0,7,3,8388608,3,0,0,0,1027,0,0,0,1025,1025,0,0,0,0,0,0,0,0,0,0,0,0,0,0,0,0
3,1025,8,0x1.fffffffffffffp+1023,0,7,3,8388608,3,0,0,0,1027,0,0,0,1025,1025,0,0,0,0,0,0,0,0,0,0,0,0,0,0,0,0
3,1025,14,0x1.028f5c28f5c29p+0,0,7,3,8388608,4,0,0,0,131,0,0,0,2050,512,0,0,0,0,0,0,0,2050,10250,0,0,0,0,0,0,0
3,1025,14,-0x0p+0,0,7,3,8388608,3,0,0,0,64,0,0,0,1025,512,0,0,0,0,0,0,0,1025,5125,0,0,0,0,0,0,0
3,1025,14,0x1.fffffffffffffp+1022,0,7,3,8388608,3,0,0,0,1027,0,0,0,1025,1025,0,0,0,0,0,0,0,0,0,0,0,0,0,0,0,0
3,1025,14,0x1.fffffffffffffp+1023,0,7,3,8388608,3,0,0,0,1027,0,0,0,1025,1025,0,0,0,0,0,0,0,0,0,0,0,0,0,0,0,0
3,1025,15,0x1.028f5c28f5c29p+0,0,7,3,8388608,3,0,0,0,1089,0,0,0,1025,512,0,0,0,0,0,0,0,0,0,0,0,0,0,0,0,0
3,1025,15,-0x0p+0,0,7,3,8388608,3,0,0,0,1089,0,0,0,1025,512,0,0,0,0,0,0,0,0,0,0,0,0,0,0,0,0
3,1025,15,0x1.fffffffffffffp+1022,0,7,3,8388608,3,0,0,0,1027,0,0,0,1025,1025,0,0,0,0,0,0,0,0,0,0,0,0,0,0,0,0
3,1025,15,0x1.fffffffffffffp+1023,0,7,3,8388608,3,0,0,0,1027,0,0,0,1025,1025,0,0,0,0,0,0,0,0,0,0,0,0,0,0,0,0
3,1025,16,0x1.028f5c28f5c29p+0,0,7,3,8388608,3,0,0,0,64,0,0,0,1025,512,0,0,0,0,0,0,0,1025,5125,0,0,0,0,0,0,0
3,1025,16,-0x0p+0,0,7,3,8388608,3,0,0,0,64,0,0,0,1025,512,0,0,0,0,0,0,0,1025,5125,0,0,0,0,0,0,0
3,1025,16,0x1.fffffffffffffp+1022,0,7,3,8388608,3,0,0,0,1027,0,0,0,1025,1025,0,0,0,0,0,0,0,0,0,0,0,0,0,0,0,0
3,1025,16,0x1.fffffffffffffp+1023,0,7,3,8388608,3,0,0,0,1027,0,0,0,1025,1025,0,0,0,0,0,0,0,0,0,0,0,0,0,0,0,0
3,1025,17,0x1.028f5c28f5c29p+0,0,7,3,8388608,3,0,0,0,64,0,0,0,1025,1025,0,0,0,0,0,0,0,1025,5125,0,0,0,0,0,0,0
3,1025,17,-0x0p+0,0,7,3,8388608,3,0,0,0,64,0,0,0,1025,1025,0,0,0,0,0,0,0,1025,5125,0,0,0,0,0,0,0
3,1025,17,0x1.fffffffffffffp+1022,0,7,3,8388608,3,0,0,0,1027,0,0,0,1025,1025,0,0,0,0,0,0,0,0,0,0,0,0,0,0,0,0
3,1025,17,0x1.fffffffffffffp+1023,0,7,3,8388608,3,0,0,0,1027,0,0,0,1025,1025,0,0,0,0,0,0,0,0,0,0,0,0,0,0,0,0
3,1025,7,0x1.028f5c28f5c29p+0,0,0,4,8388608,4,0,0,0,64,0,0,0,1025,0,0,0,0,0,0,0,0,0,0,0,0,0,0,0,0,0
3,1025,7,-0x0p+0,0,0,4,8388608,4,0,0,0,64,0,0,0,1025,0,0,0,0,0,0,0,0,0,0,0,0,0,0,0,0,0
3,1025,7,0x1.fffffffffffffp+1022,0,0,4,8388608,4,0,0,0,1058,0,0,0,1025,1025,0,0,0,0,0,0,0,0,0,0,0,0,0,0,0,0
3,1025,7,0x1.fffffffffffffp+1023,0,0,4,8388608,4,0,0,0,1083,0,0,0,1025,1025,0,0,0,0,0,0,0,0,0,0,0,0,0,0,0,0
3,1025,8,0x1.028f5c28f5c29p+0,0,0,4,8388608,4,0,0,0,64,0,0,0,1025,512,0,0,0,0,0,0,0,256,1280,0,0,0,0,769,769,0
3,1025,8,-0x0p+0,0,0,4,8388608,4,0,0,0,64,0,0,0,1025,512,0,0,0,0,0,0,0,256,1280,0,0,0,0,769,769,0
3,1025,8,0x1.fffffffffffffp+1022,0,0,4,8388608,4,0,0,0,1058,0,0,0,1025,1025,0,0,0,0,0,0,0,256,1280,0,0,0,0,0,0,0
3,1025,8,0x1.fffffffffffffp+1023,0,0,4,8388608,4,0,0,0,1083,0,0,0,1025,1025,0,0,0,0,0,0,0,256,1280,0,0,0,0,0,0,0
3,1025,14,0x1.028f5c28f5c29p+0,0,0,4,8388608,4,0,0,0,64,0,0,0,1025,512,0,0,0,0,0,0,0,256,1280,0,0,0,0,769,769,0
3,1025,14,-0x0p+0,0,0,4,8388608,4,0,0,0,64,0,0,0,1025,512,0,0,0,0,0,0,0,256,1280,0,0,0,0,769,769,0
3,1025,14,0x1.fffffffffffffp+1022,0,0,4,8388608,4,0,0,0,1058,0,0,0,1025,1025,0,0,0,0,0,0,0,256,1280,0,0,0,0,0,0,0
3,1025,14,0x1.fffffffffffffp+1023,0,0,4,8388608,4,0,0,0,1083,0,0,0,1025,1025,0,0,0,0,0,0,0,256,1280,0,0,0,0,0,0,0
3,1025,15,0x1.028f5c28f5c29p+0,0,0,4,8388608,4,0,0,0,1089,0,0,0,1025,512,0,0,0,0,0,0,0,0,0,0,0,0,0,0,0,0
3,1025,15,-0x0p+0,0,0,4,8388608,4,0,0,0,1089,0,0,0,1025,512,0,0,0,0,0,0,0,0,0,0,0,0,0,0,0,0
3,1025,15,0x1.fffffffffffffp+1022,0,0,4,8388608,4,0,0,0,1058,0,0,0,1025,1025,0,0,0,0,0,0,0,0,0,0,0,0,0,0,0,0
3,1025,15,0x1.fffffffffffffp+1023,0,0,4,8388608,4,0,0,0,1083,0,0,0,1025,1025,0,0,0,0,0,0,0,0,0,0,0,0,0,0,0,0
3,1025,16,0x1.028f5c28f5c29p+0,0,0,4,8388608,4,0,0,0,64,0,0,0,1025,512,0,0,0,0,0,0,0,256,1280,0,0,0,0,769,769,0
3,1025,16,-0x0p+0,0,0,4,8388608,4,0,0,0,64,0,0,0,1025,512,0,0,0,0,0,0,0,256,1280,0,0,0,0,769,769,0
3,1025,16,0x1.fffffffffffffp+1022,0,0,4,8388608,4,0,0,0,1058,0,0,0,1025,1025,0,0,0,0,0,0,0,256,1280,0,0,0,0,0,0,0
3,1025,16,0x1.fffffffffffffp+1023,0,0,4,8388608,4,0,0,0,1083,0,0,0,1025,1025,0,0,0,0,0,0,0,256,1280,0,0,0,0,0,0,0
3,1025,17,0x1.028f5c28f5c29p+0,0,0,4,8388608,4,0,0,0,64,0,0,0,1025,1025,0,0,0,0,0,0,0,256,1280,0,0,0,0,769,769,0
3,1025,17,-0x0p+0,0,0,4,8388608,4,0,0,0,64,0,0,0,1025,1025,0,0,0,0,0,0,0,256,1280,0,0,0,0,769,769,0
3,1025,17,0x1.fffffffffffffp+1022,0,0,4,8388608,4,0,0,0,33,0,0,0,1025,1025,0,0,0,0,0,0,0,256,1280,0,0,0,0,769,769,0
3,1025,17,0x1.fffffffffffffp+1023,0,0,4,8388608,4,0,0,0,58,0,0,0,1025,1025,0,0,0,0,0,0,0,256,1280,0,0,0,0,769,769,0
3,1025,7,0x1.028f5c28f5c29p+0,0,7,4,8388608,4,0,0,0,64,0,0,0,1025,0,0,0,0,0,0,0,0,0,0,0,0,0,0,0,0,0
3,1025,7,-0x0p+0,0,7,4,8388608,4,0,0,0,64,0,0,0,1025,0,0,0,0,0,0,0,0,0,0,0,0,0,0,0,0,0
3,1025,7,0x1.fffffffffffffp+1022,0,7,4,8388608,4,0,0,0,1058,0,0,0,1025,1025,0,0,0,0,0,0,0,0,0,0,0,0,0,0,0,0
3,1025,7,0x1.fffffffffffffp+1023,0,7,4,8388608,4,0,0,0,1083,0,0,0,1025,1025,0,0,0,0,0,0,0,0,0,0,0,0,0,0,0,0
3,1025,8,0x1.028f5c28f5c29p+0,0,7,4,8388608,4,0,0,0,64,0,0,0,1025,512,0,0,0,0,0,0,0,1025,5125,0,0,0,0,0,0,0
3,1025,8,-0x0p+0,0,7,4,8388608,4,0,0,0,64,0,0,0,1025,512,0,0,0,0,0,0,0,1025,5125,0,0,0,0,0,0,0
3,1025,8,0x1.fffffffffffffp+1022,0,7,4,8388608,4,0,0,0,1058,0,0,0,1025,1025,0,0,0,0,0,0,0,1025,5125,0,0,0,0,0,0,0
3,1025,8,0x1.fffffffffffffp+1023,0,7,4,8388608,4,0,0,0,1083,0,0,0,1025,1025,0,0,0,0,0,0,0,1025,5125,0,0,0,0,0,0,0
3,1025,14,0x1.028f5c28f5c29p+0,0,7,4,8388608,4,0,0,0,64,0,0,0,1025,512,0,0,0,0,0,0,0,1025,5125,0,0,0,0,0,0,0
3,1025,14,-0x0p+0,0,7,4,8388608,4,0,0,0,64,0,0,0,1025,512,0,0,0,0,0,0,0,1025,5125,0,0,0,0,0,0,0
3,1025,14,0x1.fffffffffffffp+1022,0,7,4,8388608,4,0,0,0,1058,0,0,0,1025,1025,0,0,0,0,0,0,0,1025,5125,0,0,0,0,0,0,0
3,1025,14,0x1.fffffffffffffp+1023,0,7,4,8388608,4,0,0,0,1083,0,0,0,1025,1025,0,0,0,0,0,0,0,1025,5125,0,0,0,0,0,0,0
3,1025,15,0x1.028f5c28f5c29p+0,0,7,4,8388608,4,0,0,0,1089,0,0,0,1025,512,0,0,0,0,0,0,0,0,0,0,0,0,0,0,0,0
3,1025,15,-0x0p+0,0,7,4,8388608,4,0,0,0,1089,0,0,0,1025,512,0,0,0,0,0,0,0,0,0,0,0,0,0,0,0,0
3,1025,15,0x1.fffffffffffffp+1022,0,7,4,8388608,4,0,0,0,1058,0,0,0,1025,1025,0,0,0,0,0,0,0,0,0,0,0,0,0,0,0,0
3,1025,15,0x1.fffffffffffffp+1023,0,7,4,8388608,4,0,0,0,1083,0,0,0,1025,1025,0,0,0,0,0,0,0,0,0,0,0,0,0,0,0,0
3,1025,16,0x1.028f5c28f5c29p+0,0,7,4,8388608,4,0,0,0,64,0,0,0,1025,512,0,0,0,0,0,0,0,1025,5125,0,0,0,0,0,0,0
3,1025,16,-0x0p+0,0,7,4,8388608,4,0,0,0,64,0,0,0,1025,512,0,0,0,0,0,0,0,1025,5125,0,0,0,0,0,0,0
3,1025,16,0x1.fffffffffffffp+1022,0,7,4,8388608,4,0,0,0,1058,0,0,0,1025,1025,0,0,0,0,0,0,0,1025,5125,0,0,0,0,0,0,0
3,1025,16,0x1.fffffffffffffp+1023,0,7,4,8388608,4,0,0,0,1083,0,0,0,1025,1025,0,0,0,0,0,0,0,1025,5125,0,0,0,0,0,0,0
3,1025,17,0x1.028f5c28f5c29p+0,0,7,4,8388608,4,0,0,0,64,0,0,0,1025,1025,0,0,0,0,0,0,0,1025,5125,0,0,0,0,0,0,0
3,1025,17,-0x0p+0,0,7,4,8388608,4,0,0,0,64,0,0,0,1025,1025,0,0,0,0,0,0,0,1025,5125,0,0,0,0,0,0,0
3,1025,17,0x1.fffffffffffffp+1022,0,7,4,8388608,4,0,0,0,33,0,0,0,1025,1025,0,0,0,0,0,0,0,1025,5125,0,0,0,0,0,0,0
3,1025,17,0x1.fffffffffffffp+1023,0,7,4,8388608,4,0,0,0,58,0,0,0,1025,1025,0,0,0,0,0,0,0,1025,5125,0,0,0,0,0,0,0
5,1025,7,0x1.028f5c28f5c29p+0,0,0,3,8388608,3,0,0,0,64,0,0,0,1025,0,0,0,0,0,0,0,0,0,0,0,0,0,0,0,0,0
5,1025,7,-0x0p+0,0,0,3,8388608,3,0,0,0,64,0,0,0,1025,0,0,0,0,0,0,0,0,0,0,0,0,0,0,0,0,0
5,1025,7,0x1.fffffffffffffp+1022,0,0,3,8388608,3,0,0,0,1027,0,0,0,1025,1025,0,0,0,0,0,0,0,0,0,0,0,0,0,0,0,0
5,1025,7,0x1.fffffffffffffp+1023,0,0,3,8388608,3,0,0,0,1027,0,0,0,1025,1025,0,0,0,0,0,0,0,0,0,0,0,0,0,0,0,0
5,1025,8,0x1.028f5c28f5c29p+0,0,0,3,8388608,3,0,0,0,64,0,0,0,1025,512,0,0,0,0,0,0,0,256,1280,0,0,0,0,769,769,0
5,1025,8,-0x0p+0,0,0,3,8388608,3,0,0,0,64,0,0,0,1025,512,0,0,0,0,0,0,0,256,1280,0,0,0,0,769,769,0
5,1025,8,0x1.fffffffffffffp+1022,0,0,3,8388608,3,0,0,0,1027,0,0,0,1025,1025,0,0,0,0,0,0,0,0,0,0,0,0,0,0,0,0
5,1025,8,0x1.fffffffffffffp+1023,0,0,3,8388608,3,0,0,0,1027,0,0,0,1025,1025,0,0,0,0,0,0,0,0,0,0,0,0,0,0,0,0
5,1025,14,0x1.028f5c28f5c29p+0,0,0,3,8388608,4,0,0,0,897,0,0,0,2050,512,0,0,0,0,0,0,0,512,2560,0,0,0,0,1538,769,0
5,1025,14,-0x0p+0,0,0,3,8388608,3,0,0,0,64,0,0,0,1025,512,0,0,0,0,0,0,0,256,1280,0,0,0,0,769,769,0
5,1025,14,0x1.fffffffffffffp+1022,0,0,3,8388608,3,0,0,0,1027,0,0,0,1025,1025,0,0,0,0,0,0,0,0,0,0,0,0,0,0,0,0
5,1025,14,0x1.fffffffffffffp+1023,0,0,3,8388608,3,0,0,0,1027,0,0,0,1025,1025,0,0,0,0,0,0,0,0,0,0,0,0,0,0,0,0
5,1025,15,0x1.028f5c28f5c29p+0,0,0,3,8388608,3,0,0,0,1089,0,0,0,1025,512,0,0,0,0,0,0,0,0,0,0,0,0,0,0,0,0
5,1025,15,-0x0p+0,0,0,3,8388608,3,0,0,0,1089,0,0,0,1025,512,0,0,0,0,0,0,0,0,0,0,0,0,0,0,0,0
5,1025,15,0x1.fffffffffffffp+1022,0,0,3,8388608,3,0,0,0,1027,0,0,0,1025,1025,0,0,0,0,0,0,0,0,0,0,0,0,0,0,0,0
5,1025,15,0x1.fffffffffffffp+1023,0,0,3,8388608,3,0,0,0,1027,0,0,0,1025,1025,0,0,0,0,0,0,0,0,0,0,0,0,0,0,0,0
5,1025,16,0x1.028f5c28f5c29p+0,0,0,3,8388608,3,0,0,0,64,0,0,0,1025,512,0,0,0,0,0,0,0,256,1280,0,0,0,0,769,769,0
5,1025,16,-0x0p+0,0,0,3,8388608,3,0,0,0,64,0,0,0,1025,512,0,0,0,0,0,0,0,256,1280,0,0,0,0,769,769,0
5,1025,16,0x1.fffffffffffffp+1022,0,0,3,8388608,3,0,0,0,1027,0,0,0,1025,1025,0,0,0,0,0,0,0,0,0,0,0,0,0,0,0,0
5,1025,16,0x1.fffffffffffffp+1023,0,0,3,8388608,3,0,0,0,1027,0,0,0,1025,1025,0,0,0,0,0,0,0,0,0,0,0,0,0,0,0,0
5,1025,17,0x1.028f5c28f5c29p+0,0,0,3,8388608,3,0,0,0,64,0,0,0,1025,1025,0,0,0,0,0,0,0,256,1280,0,0,0,0,769,769,0
5,1025,17,-0x0p+0,0,0,3,8388608,3,0,0,0,64,0,0,0,1025,1025,0,0,0,0,0,0,0,256,1280,0,0,0,0,769,769,0
5,1025,17,0x1.fffffffffffffp+1022,0,0,3,8388608,3,0,0,0,1027,0,0,0,1025,1025,0,0,0,0,0,0,0,0,0,0,0,0,0,0,0,0
5,1025,17,0x1.fffffffffffffp+1023,0,0,3,8388608,3,0,0,0,1027,0,0,0,1025,1025,0,0,0,0,0,0,0,0,0,0,0,0,0,0,0,0
5,1025,7,0x1.028f5c28f5c29p+0,0,7,3,8388608,3,0,0,0,64,0,0,0,1025,0,0,0,0,0,0,0,0,0,0,0,0,0,0,0,0,0
5,1025,7,-0x0p+0,0,7,3,8388608,3,0,0,0,64,0,0,0,1025,0,0,0,0,0,0,0,0,0,0,0,0,0,0,0,0,0
5,1025,7,0x1.fffffffffffffp+1022,0,7,3,8388608,3,0,0,0,1027,0,0,0,1025,1025,0,0,0,0,0,0,0,0,0,0,0,0,0,0,0,0
5,1025,7,0x1.fffffffffffffp+1023,0,7,3,8388608,3,0,0,0,1027,0,0,0,1025,1025,0,0,0,0,0,0,0,0,0,0,0,0,0,0,0,0
5,1025,8,0x1.028f5c28f5c29p+0,0,7,3,8388608,3,0,0,0,64,0,0,0,1025,512,0,0,0,0,0,0,0,1025,5125,0,0,0,0,0,0,0
5,1025,8,-0x0p+0,0,7,3,8388608,3,0,0,0,64,0,0,0,1025,512,0,0,0,0,0,0,0,1025,5125,0,0,0,0,0,0,0
5,1025,8,0x1.fffffffffffffp+1022,0,7,3,8388608,3,0,0,0,1027,0,0,0,1025,1025,0,0,0,0,0,0,0,0,0,0,0,0,0,0,0,0
5,1025,8,0x1.fffffffffffffp+1023,0,7,3,8388608,3,0,0,0,1027,0,0,0,1025,1025,0,0,0,0,0,0,0,0,0,0,0,0,0,0,0,0
5,1025,14,0x1.028f5c28f5c29p+0,0,7,3,8388608,4,0,0,0,131,0,0,0,2050,512,0,0,0,0,0,0,0,2050,10250,0,0,0,0,0,0,0
5,1025,14,-0x0p+0,0,7,3,8388608,3,0,0,0,64,0,0,0,1025,512,0,0,0,0,0,0,0,1025,5125,0,0,0,0,0,0,0
5,1025,14,0x1.fffffffffffffp+1022,0,7,3,8388608,3,0,0,0,1027,0,0,0,1025,1025,0,0,0,0,0,0,0,0,0,0,0,0,0,0,0,0
5,1025,14,0x1.fffffffffffffp+1023,0,7,3,8388608,3,0,0,0,1027,0,0,0,1025,1025,0,0,0,0,0,0,0,0,0,0,0,0,0,0,0,0
5,1025,15,0x1.028f5c28f5c29p+0,0,7,3,8388608,3,0,0,0,1089,0,0,0,1025,512,0,0,0,0,0,0,0,0,0,0,0,0,0,0,0,0
5,1025,15,-0x0p+0,0,7,3,8388608,3,0,0,0,1089,0,0,0,1025,512,0,0,0,0,0,0,0,0,0,0,0,0,0,0,0,0
5,1025,15,0x1.fffffffffffffp+1022,0,7,3,8388608,3,0,0,0,1027,0,0,0,1025,1025,0,0,0,0,0,0,0,0,0,0,0,0,0,0,0,0
5,1025,15,0x1.fffffffffffffp+1023,0,7,3,8388608,3,0,0,0,1027,0,0,0,1025,1025,0,0,0,0,0,0,0,0,0,0,0,0,0,0,0,0
5,1025,16,0x1.028f5c28f5c29p+0,0,7,3,8388608,3,0,0,0,64,0,0,0,1025,512,0,0,0,0,0,0,0,1025,5125,0,0,0,0,0,0,0
5,1025,16,-0x0p+0,0,7,3,8388608,3,0,0,0,64,0,0,0,1025,512,0,0,0,0,0,0,0,1025,5125,0,0,0,0,0,0,0
5,1025,16,0x1.fffffffffffffp+1022,0,7,3,8388608,3,0,0,0,1027,0,0,0,1025,1025,0,0,0,0,0,0,0,0,0,0,0,0,0,0,0,0
5,1025,16,0x1.fffffffffffffp+1023,0,7,3,8388608,3,0,0,0,1027,0,0,0,1025,1025,0,0,0,0,0,0,0,0,0,0,0,0,0,0,0,0
5,1025,17,0x1.028f5c28f5c29p+0,0,7,3,8388608,3,0,0,0,64,0,0,0,1025,1025,0,0,0,0,0,0,0,1025,5125,0,0,0,0,0,0,0
5,1025,17,-0x0p+0,0,7,3,8388608,3,0,0,0,64,0,0,0,1025,1025,0,0,0,0,0,0,0,1025,5125,0,0,0,0,0,0,0
5,1025,17,0x1.fffffffffffffp+1022,0,7,3,8388608,3,0,0,0,1027,0,0,0,1025,1025,0,0,0,0,0,0,0,0,0,0,0,0,0,0,0,0
5,1025,17,0x1.fffffffffffffp+1023,0,7,3,8388608,3,0,0,0,1027,0,0,0,1025,1025,0,0,0,0,0,0,0,0,0,0,0,0,0,0,0,0
5,1025,7,0x1.028f5c28f5c29p+0,0,0,4,8388608,4,0,0,0,64,0,0,0,1025,0,0,0,0,0,0,0,0,0,0,0,0,0,0,0,0,0
5,1025,7,-0x0p+0,0,0,4,8388608,4,0,0,0,64,0,0,0,1025,0,0,0,0,0,0,0,0,0,0,0,0,0,0,0,0,0
5,1025,7,0x1.fffffffffffffp+1022,0,0,4,8388608,4,0,0,0,1058,0,0,0,1025,1025,0,0,0,0,0,0,0,0,0,0,0,0,0,0,0,0
5,1025,7,0x1.fffffffffffffp+1023,0,0,4,8388608,4,0,0,0,1083,0,0,0,1025,1025,0,0,0,0,0,0,0,0,0,0,0,0,0,0,0,0
5,1025,8,0x1.028f5c28f5c29p+0,0,0,4,8388608,4,0,0,0,64,0,0,0,1025,512,0,0,0,0,0,0,0,256,1280,0,0,0,0,769,769,0
5,1025,8,-0x0p+0,0,0,4,8388608,4,0,0,0,64,0,0,0,1025,512,0,0,0,0,0,0,0,256,1280,0,0,0,0,769,769,0
5,1025,8,0x1.fffffffffffffp+1022,0,0,4,8388608,4,0,0,0,1058,0,0,0,1025,1025,0,0,0,0,0,0,0,256,1280,0,0,0,0,0,0,0
5,1025,8,0x1.fffffffffffffp+1023,0,0,4,8388608,4,0,0,0,1083,0,0,0,1025,1025,0,0,0,0,0,0,0,256,1280,0,0,0,0,0,0,0
5,1025,14,0x1.028f5c28f5c29p+0,0,0,4,8388608,4,0,0,0,64,0,0,0,1025,512,0,0,0,0,0,0,0,256,1280,0,0,0,0,769,769,0
5,1025,14,-0x0p+0,0,0,4,8388608,4,0,0,0,64,0,0,0,1025,512,0,0,0,0,0,0,0,256,1280,0,0,0,0,769,769,0
5,1025,14,0x1.fffffffffffffp+1022,0,0,4,8388608,4,0,0,0,1058,0,0,0,1025,1025,0,0,0,0,0,0,0,256,1280,0,0,0,0,0,0,0
5,1025,14,0x1.fffffffffffffp+1023,0,0,4,8388608,4,0,0,0,1083,0,0,0,1025,1025,0,0,0,0,0,0,0,256,1280,0,0,0,0,0,0,0
5,1025,15,0x1.028f5c28f5c29p+0,0,0,4,8388608,4,0,0,0,1089,0,0,0,1025,512,0,0,0,0,0,0,0,0,0,0,0,0,0,0,0,0
5,1025,15,-0x0p+0,0,0,4,8388608,4,0,0,0,1089,0,0,0,1025,512,0,0,0,0,0,0,0,0,0,0,0,0,0,0,0,0
5,1025,15,0x1.fffffffffffffp+1022,0,0,4,8388608,4,0,0,0,1058,0,0,0,1025,1025,0,0,0,0,0,0,0,0,0,0,0,0,0,0,0,0
5,1025,15,0x1.fffffffffffffp+1023,0,0,4,8388608,4,0,0,0,1083,0,0,0,1025,1025,0,0,0,0,0,0,0,0,0,0,0,0,0,0,0,0
5,1025,16,0x1.028f5c28f5c29p+0,0,0,4,8388608,4,0,0,0,64,0,0,0,1025,512,0,0,0,0,0,0,0,256,1280,0,0,0,0,769,769,0
5,1025,16,-0x0p+0,0,0,4,8388608,4,0,0,0,64,0,0,0,1025,512,0,0,0,0,0,0,0,256,1280,0,0,0,0,769,769,0
5,1025,16,0x1.fffffffffffffp+1022,0,0,4,8388608,4,0,0,0,1058,0,0,0,1025,1025,0,0,0,0,0,0,0,256,1280,0,0,0,0,0,0,0
5,1025,16,0x1.fffffffffffffp+1023,0,0,4,8388608,4,0,0,0,1083,0,0,0,1025,1025,0,0,0,0,0,0,0,256,1280,0,0,0,0,0,0,0
5,1025,17,0x1.028f5c28f5c29p+0,0,0,4,8388608,4,0,0,0,64,0,0,0,1025,1025,0,0,0,0,0,0,0,256,1280,0,0,0,0,769,769,0
5,1025,17,-0x0p+0,0,0,4,8388608,4,0,0,0,64,0,0,0,1025,1025,0,0,0,0,0,0,0,256,1280,0,0,0,0,769,769,0
5,1025,17,0x1.fffffffffffffp+1022,0,0,4,8388608,4,0,0,0,33,0,0,0,1025,1025,0,0,0,0,0,0,0,256,1280,0,0,0,0,769,769,0
5,1025,17,0x1.fffffffffffffp+1023,0,0,4,8388608,4,0,0,0,58,0,0,0,1025,1025,0,0,0,0,0,0,0,256,1280,0,0,0,0,769,769,0
5,1025,7,0x1.028f5c28f5c29p+0,0,7,4,8388608,4,0,0,0,64,0,0,0,1025,0,0,0,0,0,0,0,0,0,0,0,0,0,0,0,0,0
5,1025,7,-0x0p+0,0,7,4,8388608,4,0,0,0,64,0,0,0,1025,0,0,0,0,0,0,0,0,0,0,0,0,0,0,0,0,0
5,1025,7,0x1.fffffffffffffp+1022,0,7,4,8388608,4,0,0,0,1058,0,0,0,1025,1025,0,0,0,0,0,0,0,0,0,0,0,0,0,0,0,0
5,1025,7,0x1.fffffffffffffp+1023,0,7,4,8388608,4,0,0,0,1083,0,0,0,1025,1025,0,0,0,0,0,0,0,0,0,0,0,0,0,0,0,0
5,1025,8,0x1.028f5c28f5c29p+0,0,7,4,8388608,4,0,0,0,64,0,0,0,1025,512,0,0,0,0,0,0,0,1025,5125,0,0,0,0,0,0,0
5,1025,8,-0x0p+0,0,7,4,8388608,4,0,0,0,64,0,0,0,1025,512,0,0,0,0,0,0,0,1025,5125,0,0,0,0,0,0,0
5,1025,8,0x1.fffffffffffffp+1022,0,7,4,8388608,4,0,0,0,1058,0,0,0,1025,1025,0,0,0,0,0,0,0,1025,5125,0,0,0,0,0,0,0
5,1025,8,0x1.fffffffffffffp+1023,0,7,4,8388608,4,0,0,0,1083,0,0,0,1025,1025,0,0,0,0,0,0,0,1025,5125,0,0,0,0,0,0,0
5,1025,14,0x1.028f5c28f5c29p+0,0,7,4,8388608,4,0,0,0,64,0,0,0,1025,512,0,0,0,0,0,0,0,1025,5125,0,0,0,0,0,0,0
5,1025,14,-0x0p+0,0,7,4,8388608,4,0,0,0,64,0,0,0,1025,512,0,0,0,0,0,0,0,1025,5125,0,0,0,0,0,0,0
5,1025,14,0x1.fffffffffffffp+1022,0,7,4,8388608,4,0,0,0,1058,0,0,0,1025,1025,0,0,0,0,0,0,0,1025,5125,0,0,0,0,0,0,0
5,1025,14,0x1.fffffffffffffp+1023,0,7,4,8388608,4,0,0,0,1083,0,0,0,1025,1025,0,0,0,0,0,0,0,1025,5125,0,0,0,0,0,0,0
5,1025,15,0x1.028f5c28f5c29p+0,0,7,4,8388608,4,0,0,0,1089,0,0,0,1025,512,0,0,0,0,0,0,0,0,0,0,0,0,0,0,0,0
5,1025,15,-0x0p+0,0,7,4,8388608,4,0,0,0,1089,0,0,0,1025,512,0,0,0,0,0,0,0,0,0,0,0,0,0,0,0,0
5,1025,15,0x1.fffffffffffffp+1022,0,7,4,8388608,4,0,0,0,1058,0,0,0,1025,1025,0,0,0,0,0,0,0,0,0,0,0,0,0,0,0,0
5,1025,15,0x1.fffffffffffffp+1023,0,7,4,8388608,4,0,0,0,1083,0,0,0,1025,1025,0,0,0,0,0,0,0,0,0,0,0,0,0,0,0,0
5,1025,16,0x1.028f5c28f5c29p+0,0,7,4,8388608,4,0,0,0,64,0,0,0,1025,512,0,0,0,0,0,0,0,1025,5125,0,0,0,0,0,0,0
5,1025,16,-0x0p+0,0,7,4,8388608,4,0,0,0,64,0,0,0,1025,512,0,0,0,0,0,0,0,1025,5125,0,0,0,0,0,0,0
5,1025,16,0x1.fffffffffffffp+1022,0,7,4,8388608,4,0,0,0,1058,0,0,0,1025,1025,0,0,0,0,0,0,0,1025,5125,0,0,0,0,0,0,0
5,1025,16,0x1.fffffffffffffp+1023,0,7,4,8388608,4,0,0,0,1083,0,0,0,1025,1025,0,0,0,0,0,0,0,1025,5125,0,0,0,0,0,0,0
5,1025,17,0x1.028f5c28f5c29p+0,0,7,4,8388608,4,0,0,0,64,0,0,0,1025,1025,0,0,0,0,0,0,0,1025,5125,0,0,0,0,0,0,0
5,1025,17,-0x0p+0,0,7,4,8388608,4,0,0,0,64,0,0,0,1025,1025,0,0,0,0,0,0,0,1025,5125,0,0,0,0,0,0,0
5,1025,17,0x1.fffffffffffffp+1022,0,7,4,8388608,4,0,0,0,33,0,0,0,1025,1025,0,0,0,0,0,0,0,1025,5125,0,0,0,0,0,0,0
5,1025,17,0x1.fffffffffffffp+1023,0,7,4,8388608,4,0,0,0,58,0,0,0,1025,1025,0,0,0,0,0,0,0,1025,5125,0,0,0,0,0,0,0
7,1025,7,0x1.028f5c28f5c29p+0,0,0,3,8388608,3,0,0,0,64,0,0,0,1025,0,0,0,0,0,0,0,0,0,0,0,0,0,0,0,0,1025
7,1025,7,-0x0p+0,0,0,3,8388608,3,0,0,0,64,0,0,0,1025,0,0,0,0,0,0,0,0,0,0,0,0,0,0,0,0,1025
7,1025,7,0x1.fffffffffffffp+1022,0,0,3,8388608,3,0,0,0,1027,0,0,0,1025,1025,0,0,0,0,0,0,0,0,0,0,0,0,0,0,0,0
7,1025,7,0x1.fffffffffffffp+1023,0,0,3,8388608,3,0,0,0,1027,0,0,0,1025,1025,0,0,0,0,0,0,0,0,0,0,0,0,0,0,0,0
7,1025,8,0x1.028f5c28f5c29p+0,0,0,3,8388608,3,0,0,0,64,0,0,0,1025,512,0,0,0,0,0,0,0,0,0,0,0,0,0,0,0,1025
7,1025,8,-0x0p+0,0,0,3,8388608,3,0,0,0,64,0,0,0,1025,512,0,0,0,0,0,0,0,0,0,0,0,0,0,0,0,1025
7,1025,8,0x1.fffffffffffffp+1022,0,0,3,8388608,3,0,0,0,1027,0,0,0,1025,1025,0,0,0,0,0,0,0,0,0,0,0,0,0,0,0,0
7,1025,8,0x1.fffffffffffffp+1023,0,0,3,8388608,3,0,0,0,1027,0,0,0,1025,1025,0,0,0,0,0,0,0,0,0,0,0,0,0,0,0,0
7,1025,14,0x1.028f5c28f5c29p+0,0,0,3,8388608,4,0,0,0,897,0,0,0,2050,512,0,0,0,0,0,0,0,256,1280,0,0,0,0,769,0,1025
7,1025,14,-0x0p+0,0,0,3,8388608,3,0,0,0,64,0,0,0,1025,512,0,0,0,0,0,0,0,0,0,0,0,0,0,0,0,1025
7,1025,14,0x1.fffffffffffffp+1022,0,0,3,8388608,3,0,0,0,1027,0,0,0,1025,1025,0,0,0,0,0,0,0,0,0,0,0,0,0,0,0,0
7,1025,14,0x1.fffffffffffffp+1023,0,0,3,8388608,3,0,0,0,1027,0,0,0,1025,1025,0,0,0,0,0,0,0,0,0,0,0,0,0,0,0,0
7,1025,15,0x1.028f5c28f5c29p+0,0,0,3,8388608,3,0,0,0,64,0,0,0,1025,512,0,0,0,0,0,0,0,0,0,0,0,0,0,0,0,1025
7,1025,15,-0x0p+0,0,0,3,8388608,3,0,0,0,64,0,0,0,1025,512,0,0,0,0,0,0,0,0,0,0,0,0,0,0,0,1025
7,1025,15,0x1.fffffffffffffp+1022,0,0,3,8388608,3,0,0,0,1027,0,0,0,1025,1025,0,0,0,0,0,0,0,0,0,0,0,0,0,0,0,0
7,1025,15,0x1.fffffffffffffp+1023,0,0,3,8388608,3,0,0,0,1027,0,0,0,1025,1025,0,0,0,0,0,0,0,0,0,0,0,0,0,0,0,0
7,1025,16,0x1.028f5c28f5c29p+0,0,0,3,8388608,3,0,0,0,64,0,0,0,1025,512,0,0,0,0,0,0,0,0,0,0,0,0,0,0,0,1025
7,1025,16,-0x0p+0,0,0,3,8388608,3,0,0,0,64,0,0,0,1025,512,0,0,0,0,0,0,0,0,0,0,0,0,0,0,0,1025
7,1025,16,0x1.fffffffffffffp+1022,0,0,3,8388608,3,0,0,0,1027,0,0,0,1025,1025,0,0,0,0,0,0,0,0,0,0,0,0,0,0,0,0
7,1025,16,0x1.fffffffffffffp+1023,0,0,3,8388608,3,0,0,0,1027,0,0,0,1025,1025,0,0,0,0,0,0,0,0,0,0,0,0,0,0,0,0
7,1025,17,0x1.028f5c28f5c29p+0,0,0,3,8388608,3,0,0,0,0,0,0,0,0,1025,0,0,0,0,0,0,0,0,0,0,0,1025,0,0,0,0
7,1025,17,-0x0p+0,0,0,3,8388608,3,0,0,0,0,0,0,0,0,1025,0,0,0,0,0,0,0,0,0,0,0,1025,0,0,0,0
7,1025,17,0x1.fffffffffffffp+1022,0,0,3,8388608,3,0,0,0,0,0,0,0,0,1025,0,0,0,0,0,0,0,0,0,0,0,1025,0,0,0,0
7,1025,17,0x1.fffffffffffffp+1023,0,0,3,8388608,3,0,0,0,0,0,0,0,0,1025,0,0,0,0,0,0,0,0,0,0,0,1025,0,0,0,0
7,1025,7,0x1.028f5c28f5c29p+0,0,7,3,8388608,3,0,0,0,64,0,0,0,1025,0,0,0,0,0,0,0,0,0,0,0,0,0,0,0,0,1025
7,1025,7,-0x0p+0,0,7,3,8388608,3,0,0,0,64,0,0,0,1025,0,0,0,0,0,0,0,0,0,0,0,0,0,0,0,0,1025
7,1025,7,0x1.fffffffffffffp+1022,0,7,3,8388608,3,0,0,0,1027,0,0,0,1025,1025,0,0,0,0,0,0,0,0,0,0,0,0,0,0,0,0
7,1025,7,0x1.fffffffffffffp+1023,0,7,3,8388608,3,0,0,0,1027,0,0,0,1025,1025,0,0,0,0,0,0,0,0,0,0,0,0,0,0,0,0
7,1025,8,0x1.028f5c28f5c29p+0,0,7,3,8388608,3,0,0,0,64,0,0,0,1025,512,0,0,0,0,0,0,0,0,0,0,0,0,0,0,0,1025
7,1025,8,-0x0p+0,0,7,3,8388608,3,0,0,0,64,0,0,0,1025,512,0,0,0,0,0,0,0,0,0,0,0,0,0,0,0,1025
7,1025,8,0x1.fffffffffffffp+1022,0,7,3,8388608,3,0,0,0,1027,0,0,0,1025,1025,0,0,0,0,0,0,0,0,0,0,0,0,0,0,0,0
7,1025,8,0x1.fffffffffffffp+1023,0,7,3,8388608,3,0,0,0,1027,0,0,0,1025,1025,0,0,0,0,0,0,0,0,0,0,0,0,0,0,0,0
7,1025,14,0x1.028f5c28f5c29p+0,0,7,3,8388608,4,0,0,0,131,0,0,0,2050,512,0,0,0,0,0,0,0,1025,5125,0,0,0,0,0,0,1025
7,1025,14,-0x0p+0,0,7,3,8388608,3,0,0,0,64,0,0,0,1025,512,0,0,0,0,0,0,0,0,0,0,0,0,0,0,0,1025
7,1025,14,0x1.fffffffffffffp+1022,0,7,3,8388608,3,0,0,0,1027,0,0,0,1025,1025,0,0,0,0,0,0,0,0,0,0,0,0,0,0,0,0
7,1025,14,0x1.fffffffffffffp+1023,0,7,3,8388608,3,0,0,0,1027,0,0,0,1025,1025,0,0,0,0,0,0,0,0,0,0,0,0,0,0,0,0
7,1025,15,0x1.028f5c28f5c29p+0,0,7,3,8388608,3,0,0,0,64,0,0,0,1025,512,0,0,0,0,0,0,0,0,0,0,0,0,0,0,0,1025
7,1025,15,-0x0p+0,0,7,3,8388608,3,0,0,0,64,0,0,0,1025,512,0,0,0,0,0,0,0,0,0,0,0,0,0,0,0,1025
7,1025,15,0x1.fffffffffffffp+1022,0,7,3,8388608,3,0,0,0,1027,0,0,0,1025,1025,0,0,0,0,0,0,0,0,0,0,0,0,0,0,0,0
7,1025,15,0x1.fffffffffffffp+1023,0,7,3,8388608,3,0,0,0,1027,0,0,0,1025,1025,0,0,0,0,0,0,0,0,0,0,0,0,0,0,0,0
7,1025,16,0x1.028f5c28f5c29p+0,0,7,3,8388608,3,0,0,0,64,0,0,0,1025,512,0,0,0,0,0,0,0,0,0,0,0,0,0,0,0,1025
7,1025,16,-0x0p+0,0,7,3,8388608,3,0,0,0,64,0,0,0,1025,512,0,0,0,0,0,0,0,0,0,0,0,0,0,0,0,1025
7,1025,16,0x1.fffffffffffffp+1022,0,7,3,8388608,3,0,0,0,1027,0,0,0,1025,1025,0,0,0,0,0,0,0,0,0,0,0,0,0,0,0,0
7,1025,16,0x1.fffffffffffffp+1023,0,7,3,8388608,3,0,0,0,1027,0,0,0,1025,1025,0,0,0,0,0,0,0,0,0,0,0,0,0,0,0,0
7,1025,17,0x1.028f5c28f5c29p+0,0,7,3,8388608,3,0,0,0,0,0,0,0,0,1025,0,0,0,0,0,0,0,0,0,0,0,1025,0,0,0,0
7,1025,17,-0x0p+0,0,7,3,8388608,3,0,0,0,0,0,0,0,0,1025,0,0,0,0,0,0,0,0,0,0,0,1025,0,0,0,0
7,1025,17,0x1.fffffffffffffp+1022,0,7,3,8388608,3,0,0,0,0,0,0,0,0,1025,0,0,0,0,0,0,0,0,0,0,0,1025,0,0,0,0
7,1025,17,0x1.fffffffffffffp+1023,0,7,3,8388608,3,0,0,0,0,0,0,0,0,1025,0,0,0,0,0,0,0,0,0,0,0,1025,0,0,0,0
7,1025,7,0x1.028f5c28f5c29p+0,0,0,4,8388608,4,0,0,0,64,0,0,0,1025,0,0,0,0,0,0,0,0,0,0,0,0,0,0,0,0,1025
7,1025,7,-0x0p+0,0,0,4,8388608,4,0,0,0,64,0,0,0,1025,0,0,0,0,0,0,0,0,0,0,0,0,0,0,0,0,1025
7,1025,7,0x1.fffffffffffffp+1022,0,0,4,8388608,4,0,0,0,1058,0,0,0,1025,1025,0,0,0,0,0,0,0,0,0,0,0,0,0,0,0,0
7,1025,7,0x1.fffffffffffffp+1023,0,0,4,8388608,4,0,0,0,1083,0,0,0,1025,1025,0,0,0,0,0,0,0,0,0,0,0,0,0,0,0,0
7,1025,8,0x1.028f5c28f5c29p+0,0,0,4,8388608,4,0,0,0,64,0,0,0,1025,512,0,0,0,0,0,0,0,0,0,0,0,0,0,0,0,1025
7,1025,8,-0x0p+0,0,0,4,8388608,4,0,0,0,64,0,0,0,1025,512,0,0,0,0,0,0,0,0,0,0,0,0,0,0,0,1025
7,1025,8,0x1.fffffffffffffp+1022,0,0,4,8388608,4,0,0,0,1058,0,0,0,1025,1025,0,0,0,0,0,0,0,256,1280,0,0,0,0,0,0,0
7,1025,8,0x1.fffffffffffffp+1023,0,0,4,8388608,4,0,0,0,1083,0,0,0,1025,1025,0,0,0,0,0,0,0,256,1280,0,0,0,0,0,0,0
7,1025,14,0x1.028f5c28f5c29p+0,0,0,4,8388608,4,0,0,0,64,0,0,0,1025,512,0,0,0,0,0,0,0,0,0,0,0,0,0,0,0,1025
7,1025,14,-0x0p+0,0,0,4,8388608,4,0,0,0,64,0,0,0,1025,512,0,0,0,0,0,0,0,0,0,0,0,0,0,0,0,1025
7,1025,14,0x1.fffffffffffffp+1022,0,0,4,8388608,4,0,0,0,1058,0,0,0,1025,1025,0,0,0,0,0,0,0,256,1280,0,0,0,0,0,0,0
7,1025,14,0x1.fffffffffffffp+1023,0,0,4,8388608,4,0,0,0,1083,0,0,0,1025,1025,0,0,0,0,0,0,0,256,1280,0,0,0,0,0,0,0
7,1025,15,0x1.028f5c28f5c29p+0,0,0,4,8388608,4,0,0,0,64,0,0,0,1025,512,0,0,0,0,0,0,0,0,0,0,0,0,0,0,0,1025
7,1025,15,-0x0p+0,0,0,4,8388608,4,0,0,0,64,0,0,0,1025,512,0,0,0,0,0,0,0,0,0,0,0,0,0,0,0,1025
7,1025,15,0x1.fffffffffffffp+1022,0,0,4,8388608,4,0,0,0,1058,0,0,0,1025,1025,0,0,0,0,0,0,0,0,0,0,0,0,0,0,0,0
7,1025,15,0x1.fffffffffffffp+1023,0,0,4,8388608,4,0,0,0,1083,0,0,0,1025,1025,0,0,0,0,0,0,0,0,0,0,0,0,0,0,0,0
7,1025,16,0x1.028f5c28f5c29p+0,0,0,4,8388608,4,0,0,0,64,0,0,0,1025,512,0,0,0,0,0,0,0,0,0,0,0,0,0,0,0,1025
7,1025,16,-0x0p+0,0,0,4,8388608,4,0,0,0,64,0,0,0,1025,512,0,0,0,0,0,0,0,0,0,0,0,0,0,0,0,1025
7,1025,16,0x1.fffffffffffffp+1022,0,0,4,8388608,4,0,0,0,1058,0,0,0,1025,1025,0,0,0,0,0,0,0,256,1280,0,0,0,0,0,0,0
7,1025,16,0x1.fffffffffffffp+1023,0,0,4,8388608,4,0,0,0,1083,0,0,0,1025,1025,0,0,0,0,0,0,0,256,1280,0,0,0,0,0,0,0
7,1025,17,0x1.028f5c28f5c29p+0,0,0,4,8388608,4,0,0,0,0,0,0,0,0,1025,0,0,0,0,0,0,0,0,0,0,0,1025,0,0,0,0
7,1025,17,-0x0p+0,0,0,4,8388608,4,0,0,0,0,0,0,0,0,1025,0,0,0,0,0,0,0,0,0,0,0,1025,0,0,0,0
7,1025,17,0x1.fffffffffffffp+1022,0,0,4,8388608,4,0,0,0,0,0,0,0,0,1025,0,0,0,0,0,0,0,0,0,0,0,1025,0,0,0,0
7,1025,17,0x1.fffffffffffffp+1023,0,0,4,8388608,4,0,0,0,0,0,0,0,0,1025,0,0,0,0,0,0,0,0,0,0,0,1025,0,0,0,0
7,1025,7,0x1.028f5c28f5c29p+0,0,7,4,8388608,4,0,0,0,64,0,0,0,1025,0,0,0,0,0,0,0,0,0,0,0,0,0,0,0,0,1025
7,1025,7,-0x0p+0,0,7,4,8388608,4,0,0,0,64,0,0,0,1025,0,0,0,0,0,0,0,0,0,0,0,0,0,0,0,0,1025
7,1025,7,0x1.fffffffffffffp+1022,0,7,4,8388608,4,0,0,0,1058,0,0,0,1025,1025,0,0,0,0,0,0,0,0,0,0,0,0,0,0,0,0
7,1025,7,0x1.fffffffffffffp+1023,0,7,4,8388608,4,0,0,0,1083,0,0,0,1025,1025,0,0,0,0,0,0,0,0,0,0,0,0,0,0,0,0
7,1025,8,0x1.028f5c28f5c29p+0,0,7,4,8388608,4,0,0,0,64,0,0,0,1025,512,0,0,0,0,0,0,0,0,0,0,0,0,0,0,0,1025
7,1025,8,-0x0p+0,0,7,4,8388608,4,0,0,0,64,0,0,0,1025,512,0,0,0,0,0,0,0,0,0,0,0,0,0,0,0,1025
7,1025,8,0x1.fffffffffffffp+1022,0,7,4,8388608,4,0,0,0,1058,0,0,0,1025,1025,0,0,0,0,0,0,0,1025,5125,0,0,0,0,0,0,0
7,1025,8,0x1.fffffffffffffp+1023,0,7,4,8388608,4,0,0,0,1083,0,0,0,1025,1025,0,0,0,0,0,0,0,1025,5125,0,0,0,0,0,0,0
7,1025,14,0x1.028f5c28f5c29p+0,0,7,4,8388608,4,0,0,0,64,0,0,0,1025,512,0,0,0,0,0,0,0,0,0,0,0,0,0,0,0,1025
7,1025,14,-0x0p+0,0,7,4,8388608,4,0,0,0,64,0,0,0,1025,512,0,0,0,0,0,0,0,0,0,0,0,0,0,0,0,1025
7,1025,14,0x1.fffffffffffffp+1022,0,7,4,8388608,4,0,0,0,1058,0,0,0,1025,1025,0,0,0,0,0,0,0,1025,5125,0,0,0,0,0,0,0
7,1025,14,0x1.fffffffffffffp+1023,0,7,4,8388608,4,0,0,0,1083,0,0,0,1025,1025,0,0,0,0,0,0,0,1025,5125,0,0,0,0,0,0,0
7,1025,15,0x1.028f5c28f5c29p+0,0,7,4,8388608,4,0,0,0,64,0,0,0,1025,512,0,0,0,0,0,0,0,0,0,0,0,0,0,0,0,1025
7,1025,15,-0x0p+0,0,7,4,8388608,4,0,0,0,64,0,0,0,1025,512,0,0,0,0,0,0,0,0,0,0,0,0,0,0,0,1025
7,1025,15,0x1.fffffffffffffp+1022,0,7,4,8388608,4,0,0,0,1058,0,0,0,1025,1025,0,0,0,0,0,0,0,0,0,0,0,0,0,0,0,0
7,1025,15,0x1.fffffffffffffp+1023,0,7,4,8388608,4,0,0,0,1083,0,0,0,1025,1025,0,0,0,0,0,0,0,0,0,0,0,0,0,0,0,0
7,1025,16,0x1.028f5c28f5c29p+0,0,7,4,8388608,4,0,0,0,64,0,0,0,1025,512,0,0,0,0,0,0,0,0,0,0,0,0,0,0,0,1025
7,1025,16,-0x0p+0,0,7,4,8388608,4,0,0,0,64,0,0,0,1025,512,0,0,0,0,0,0,0,0,0,0,0,0,0,0,0,1025
7,1025,16,0x1.fffffffffffffp+1022,0,7,4,8388608,4,0,0,0,1058,0,0,0,1025,1025,0,0,0,0,0,0,0,1025,5125,0,0,0,0,0,0,0
7,1025,16,0x1.fffffffffffffp+1023,0,7,4,8388608,4,0,0,0,1083,0,0,0,1025,1025,0,0,0,0,0,0,0,1025,5125,0,0,0,0,0,0,0
7,1025,17,0x1.028f5c28f5c29p+0,0,7,4,8388608,4,0,0,0,0,0,0,0,0,1025,0,0,0,0,0,0,0,0,0,0,0,1025,0,0,0,0
7,1025,17,-0x0p+0,0,7,4,8388608,4,0,0,0,0,0,0,0,0,1025,0,0,0,0,0,0,0,0,0,0,0,1025,0,0,0,0
7,1025,17,0x1.fffffffffffffp+1022,0,7,4,8388608,4,0,0,0,0,0,0,0,0,1025,0,0,0,0,0,0,0,0,0,0,0,1025,0,0,0,0
7,1025,17,0x1.fffffffffffffp+1023,0,7,4,8388608,4,0,0,0,0,0,0,0,0,1025,0,0,0,0,0,0,0,0,0,0,0,1025,0,0,0,0
15,1025,7,0x1.028f5c28f5c29p+0,0,0,3,8388608,3,0,0,0,64,0,0,0,1025,0,0,0,0,0,0,0,0,0,0,0,0,0,0,0,0,0
15,1025,7,-0x0p+0,0,0,3,8388608,3,0,0,0,64,0,0,0,1025,0,0,0,0,0,0,0,0,0,0,0,0,0,0,0,0,1025
15,1025,7,0x1.fffffffffffffp+1022,0,0,3,8388608,3,0,0,0,1027,0,0,0,1025,1025,0,0,0,0,0,0,0,0,0,0,0,0,0,0,0,0
15,1025,7,0x1.fffffffffffffp+1023,0,0,3,8388608,3,0,0,0,1027,0,0,0,1025,1025,0,0,0,0,0,0,0,0,0,0,0,0,0,0,0,0
15,1025,8,0x1.028f5c28f5c29p+0,0,0,3,8388608,3,0,0,0,64,0,0,0,1025,512,0,0,0,0,0,0,0,256,1280,0,0,0,0,769,769,0
15,1025,8,-0x0p+0,0,0,3,8388608,3,0,0,0,64,0,0,0,1025,512,0,0,0,0,0,0,0,0,0,0,0,0,0,0,0,1025
15,1025,8,0x1.fffffffffffffp+1022,0,0,3,8388608,3,0,0,0,1027,0,0,0,1025,1025,0,0,0,0,0,0,0,0,0,0,0,0,0,0,0,0
15,1025,8,0x1.fffffffffffffp+1023,0,0,3,8388608,3,0,0,0,1027,0,0,0,1025,1025,0,0,0,0,0,0,0,0,0,0,0,0,0,0,0,0
15,1025,14,0x1.028f5c28f5c29p+0,0,0,3,8388608,4,0,0,0,897,0,0,0,2050,512,0,0,0,0,0,0,0,256,1280,0,0,0,0,769,0,1025
15,1025,14,-0x0p+0,0,0,3,8388608,3,0,0,0,64,0,0,0,1025,512,0,0,0,0,0,0,0,0,0,0,0,0,0,0,0,1025
15,1025,14,0x1.fffffffffffffp+1022,0,0,3,8388608,3,0,0,0,1027,0,0,0,1025,1025,0,0,0,0,0,0,0,0,0,0,0,0,0,0,0,0
15,1025,14,0x1.fffffffffffffp+1023,0,0,3,8388608,3,0,0,0,1027,0,0,0,1025,1025,0,0,0,0,0,0,0,0,0,0,0,0,0,0,0,0
15,1025,15,0x1.028f5c28f5c29p+0,0,0,3,8388608,3,0,0,0,1089,0,0,0,1025,512,0,0,0,0,0,0,0,0,0,0,0,0,0,0,0,0
15,1025,15,-0x0p+0,0,0,3,8388608,3,0,0,0,64,0,0,0,1025,512,0,0,0,0,0,0,0,0,0,0,0,0,0,0,0,1025
15,1025,15,0x1.fffffffffffffp+1022,0,0,3,8388608,3,0,0,0,1027,0,0,0,1025,1025,0,0,0,0,0,0,0,0,0,0,0,0,0,0,0,0
15,1025,15,0x1.fffffffffffffp+1023,0,0,3,8388608,3,0,0,0,1027,0,0,0,1025,1025,0,0,0,0,0,0,0,0,0,0,0,0,0,0,0,0
15,1025,16,0x1.028f5c28f5c29p+0,0,0,3,8388608,3,0,0,0,64,0,0,0,1025,512,0,0,0,0,0,0,0,256,1280,0,0,0,0,769,769,0
15,1025,16,-0x0p+0,0,0,3,8388608,3,0,0,0,64,0,0,0,1025,512,0,0,0,0,0,0,0,0,0,0,0,0,0,0,0,1025
15,1025,16,0x1.fffffffffffffp+1022,0,0,3,8388608,3,0,0,0,1027,0,0,0,1025,1025,0,0,0,0,0,0,0,0,0,0,0,0,0,0,0,0
15,1025,16,0x1.fffffffffffffp+1023,0,0,3,8388608,3,0,0,0,1027,0,0,0,1025,1025,0,0,0,0,0,0,0,0,0,0,0,0,0,0,0,0
15,1025,17,0x1.028f5c28f5c29p+0,0,0,3,8388608,3,0,0,0,0,0,0,0,0,1025,0,0,0,0,0,0,0,0,0,0,0,1025,0,0,0,0
15,1025,17,-0x0p+0,0,0,3,8388608,3,0,0,0,0,0,0,0,0,1025,0,0,0,0,0,0,0,0,0,0,0,1025,0,0,0,0
15,1025,17,0x1.fffffffffffffp+1022,0,0,3,8388608,3,0,0,0,0,0,0,0,0,1025,0,0,0,0,0,0,0,0,0,0,0,1025,0,0,0,0
15,1025,17,0x1.fffffffffffffp+1023,0,0,3,8388608,3,0,0,0,0,0,0,0,0,1025,0,0,0,0,0,0,0,0,0,0,0,1025,0,0,0,0
15,1025,7,0x1.028f5c28f5c29p+0,0,7,3,8388608,3,0,0,0,64,0,0,0,1025,0,0,0,0,0,0,0,0,0,0,0,0,0,0,0,0,0
15,1025,7,-0x0p+0,0,7,3,8388608,3,0,0,0,64,0,0,0,1025,0,0,0,0,0,0,0,0,0,0,0,0,0,0,0,0,1025
15,1025,7,0x1.fffffffffffffp+1022,0,7,3,8388608,3,0,0,0,1027,0,0,0,1025,1025,0,0,0,0,0,0,0,0,0,0,0,0,0,0,0,0
15,1025,7,0x1.fffffffffffffp+1023,0,7,3,8388608,3,0,0,0,1027,0,0,0,1025,1025,0,0,0,0,0,0,0,0,0,0,0,0,0,0,0,0
15,1025,8,0x1.028f5c28f5c29p+0,0,7,3,8388608,3,0,0,0,64,0,0,0,1025,512,0,0,0,0,0,0,0,1025,5125,0,0,0,0,0,0,0
15,1025,8,-0x0p+0,0,7,3,8388608,3,0,0,0,64,0,0,0,1025,512,0,0,0,0,0,0,0,0,0,0,0,0,0,0,0,1025
15,1025,8,0x1.fffffffffffffp+1022,0,7,3,8388608,3,0,0,0,1027,0,0,0,1025,1025,0,0,0,0,0,0,0,0,0,0,0,0,0,0,0,0
15,1025,8,0x1.fffffffffffffp+1023,0,7,3,8388608,3,0,0,0,1027,0,0,0,1025,1025,0,0,0,0,0,0,0,0,0,0,0,0,0,0,0,0
15,1025,14,0x1.028f5c28f5c29p+0,0,7,3,8388608,4,0,0,0,131,0,0,0,2050,512,0,0,0,0,0,0,0,1025,5125,0,0,0,0,0,0,1025
15,1025,14,-0x0p+0,0,7,3,8388608,3,0,0,0,64,0,0,0,1025,512,0,0,0,0,0,0,0,0,0,0,0,0,0,0,0,1025
15,1025,14,0x1.fffffffffffffp+1022,0,7,3,8388608,3,0,0,0,1027,0,0,0,1025,1025,0,0,0,0,0,0,0,0,0,0,0,0,0,0,0,0
15,1025,14,0x1.fffffffffffffp+1023,0,7,3,8388608,3,0,0,0,1027,0,0,0,1025,1025,0,0,0,0,0,0,0,0,0,0,0,0,0,0,0,0
15,1025,15,0x1.028f5c28f5c29p+0,0,7,3,8388608,3,0,0,0,1089,0,0,0,1025,512,0,0,0,0,0,0,0,0,0,0,0,0,0,0,0,0
15,1025,15,-0x0p+0,0,7,3,8388608,3,0,0,0,64,0,0,0,1025,512,0,0,0,0,0,0,0,0,0,0,0,0,0,0,0,1025
15,1025,15,0x1.fffffffffffffp+1022,0,7,3,8388608,3,0,0,0,1027,0,0,0,1025,1025,0,0,0,0,0,0,0,0,0,0,0,0,0,0,0,0
15,1025,15,0x1.fffffffffffffp+1023,0,7,3,8388608,3,0,0,0,1027,0,0,0,1025,1025,0,0,0,0,0,0,0,0,0,0,0,0,0,0,0,0
15,1025,16,0x1.028f5c28f5c29p+0,0,7,3,8388608,3,0,0,0,64,0,0,0,1025,512,0,0,0,0,0,0,0,1025,5125,0,0,0,0,0,0,0
15,1025,16,-0x0p+0,0,7,3,8388608,3,0,0,0,64,0,0,0,1025,512,0,0,0,0,0,0,0,0,0,0,0,0,0,0,0,1025
15,1025,16,0x1.fffffffffffffp+1022,0,7,3,8388608,3,0,0,0,1027,0,0,0,1025,1025,0,0,0,0,0,0,0,0,0,0,0,0,0,0,0,0
15,1025,16,0x1.fffffffffffffp+1023,0,7,3,8388608,3,0,0,0,1027,0,0,0,1025,1025,0,0,0,0,0,0,0,0,0,0,0,0,0,0,0,0
15,1025,17,0x1.028f5c28f5c29p+0,0,7,3,8388608,3,0,0,0,0,0,0,0,0,1025,0,0,0,0,0,0,0,0,0,0,0,1025,0,0,0,0
15,1025,17,-0x0p+0,0,7,3,8388608,3,0,0,0,0,0,0,0,0,1025,0,0,0,0,0,0,0,0,0,0,0,1025,0,0,0,0
15,1025,17,0x1.fffffffffffffp+1022,0,7,3,8388608,3,0,0,0,0,0,0,0,0,1025,0,0,0,0,0,0,0,0,0,0,0,1025,0,0,0,0
15,1025,17,0x1.fffffffffffffp+1023,0,7,3,8388608,3,0,0,0,0,0,0,0,0,1025,0,0,0,0,0,0,0,0,0,0,0,1025,0,0,0,0
15,1025,7,0x1.028f5c28f5c29p+0,0,0,4,8388608,4,0,0,0,64,0,0,0,1025,0,0,0,0,0,0,0,0,0,0,0,0,0,0,0,0,1025
15,1025,7,-0x0p+0,0,0,4,8388608,4,0,0,0,64,0,0,0,1025,0,0,0,0,0,0,0,0,0,0,0,0,0,0,0,0,1025
15,1025,7,0x1.fffffffffffffp+1022,0,0,4,8388608,4,0,0,0,1058,0,0,0,1025,1025,0,0,0,0,0,0,0,0,0,0,0,0,0,0,0,0
15,1025,7,0x1.fffffffffffffp+1023,0,0,4,8388608,4,0,0,0,1083,0,0,0,1025,1025,0,0,0,0,0,0,0,0,0,0,0,0,0,0,0,0
15,1025,8,0x1.028f5c28f5c29p+0,0,0,4,8388608,4,0,0,0,64,0,0,0,1025,512,0,0,0,0,0,0,0,0,0,0,0,0,0,0,0,1025
15,1025,8,-0x0p+0,0,0,4,8388608,4,0,0,0,64,0,0,0,1025,512,0,0,0,0,0,0,0,0,0,0,0,0,0,0,0,1025
15,1025,8,0x1.fffffffffffffp+1022,0,0,4,8388608,4,0,0,0,1058,0,0,0,1025,1025,0,0,0,0,0,0,0,256,1280,0,0,0,0,0,0,0
15,1025,8,0x1.fffffffffffffp+1023,0,0,4,8388608,4,0,0,0,1083,0,0,0,1025,1025,0,0,0,0,0,0,0,256,1280,0,0,0,0,0,0,0
15,1025,14,0x1.028f5c28f5c29p+0,0,0,4,8388608,4,0,0,0,64,0,0,0,1025,512,0,0,0,0,0,0,0,0,0,0,0,0,0,0,0,1025
15,1025,14,-0x0p+0,0,0,4,8388608,4,0,0,0,64,0,0,0,1025,512,0,0,0,0,0,0,0,0,0,0,0,0,0,0,0,1025
15,1025,14,0x1.fffffffffffffp+1022,0,0,4,8388608,4,0,0,0,1058,0,0,0,1025,1025,0,0,0,0,0,0,0,256,1280,0,0,0,0,0,0,0
15,1025,14,0x1.fffffffffffffp+1023,0,0,4,8388608,4,0,0,0,1083,0,0,0,1025,1025,0,0,0,0,0,0,0,256,1280,0,0,0,0,0,0,0
15,1025,15,0x1.028f5c28f5c29p+0,0,0,4,8388608,4,0,0,0,64,0,0,0,1025,512,0,0,0,0,0,0,0,0,0,0,0,0,0,0,0,1025
15,1025,15,-0x0p+0,0,0,4,8388608,4,0,0,0,64,0,0,0,1025,512,0,0,0,0,0,0,0,0,0,0,0,0,0,0,0,1025
15,1025,15,0x1.fffffffffffffp+1022,0,0,4,8388608,4,0,0,0,1058,0,0,0,1025,1025,0,0,0,0,0,0,0,0,0,0,0,0,0,0,0,0
15,1025,15,0x1.fffffffffffffp+1023,0,0,4,8388608,4,0,0,0,1083,0,0,0,1025,1025,0,0,0,0,0,0,0,0,0,0,0,0,0,0,0,0
15,1025,16,0x1.028f5c28f5c29p+0,0,0,4,8388608,4,0,0,0,64,0,0,0,1025,512,0,0,0,0,0,0,0,0,0,0,0,0,0,0,0,1025
15,1025,16,-0x0p+0,0,0,4,8388608,4,0,0,0,64,0,0,0,1025,512,0,0,0,0,0,0,0,0,0,0,0,0,0,0,0,1025
15,1025,16,0x1.fffffffffffffp+1022,0,0,4,8388608,4,0,0,0,1058,0,0,0,1025,1025,0,0,0,0,0,0,0,256,1280,0,0,0,0,0,0,0
15,1025,16,0x1.fffffffffffffp+1023,0,0,4,8388608,4,0,0,0,1083,0,0,0,1025,1025,0,0,0,0,0,0,0,256,1280,0,0,0,0,0,0,0
15,1025,17,0x1.028f5c28f5c29p+0,0,0,4,8388608,4,0,0,0,0,0,0,0,0,1025,0,0,0,0,0,0,0,0,0,0,0,1025,0,0,0,0
15,1025,17,-0x0p+0,0,0,4,8388608,4,0,0,0,0,0,0,0,0,1025,0,0,0,0,0,0,0,0,0,0,0,1025,0,0,0,0
15,1025,17,0x1.fffffffffffffp+1022,0,0,4,8388608,4,0,0,0,0,0,0,0,0,1025,0,0,0,0,0,0,0,0,0,0,0,1025,0,0,0,0
15,1025,17,0x1.fffffffffffffp+1023,0,0,4,8388608,4,0,0,0,0,0,0,0,0,1025,0,0,0,0,0,0,0,0,0,0,0,1025,0,0,0,0
15,1025,7,0x1.028f5c28f5c29p+0,0,7,4,8388608,4,0,0,0,64,0,0,0,1025,0,0,0,0,0,0,0,0,0,0,0,0,0,0,0,0,1025
15,1025,7,-0x0p+0,0,7,4,8388608,4,0,0,0,64,0,0,0,1025,0,0,0,0,0,0,0,0,0,0,0,0,0,0,0,0,1025
15,1025,7,0x1.fffffffffffffp+1022,0,7,4,8388608,4,0,0,0,1058,0,0,0,1025,1025,0,0,0,0,0,0,0,0,0,0,0,0,0,0,0,0
15,1025,7,0x1.fffffffffffffp+1023,0,7,4,8388608,4,0,0,0,1083,0,0,0,1025,1025,0,0,0,0,0,0,0,0,0,0,0,0,0,0,0,0
15,1025,8,0x1.028f5c28f5c29p+0,0,7,4,8388608,4,0,0,0,64,0,0,0,1025,512,0,0,0,0,0,0,0,0,0,0,0,0,0,0,0,1025
15,1025,8,-0x0p+0,0,7,4,8388608,4,0,0,0,64,0,0,0,1025,512,0,0,0,0,0,0,0,0,0,0,0,0,0,0,0,1025
15,1025,8,0x1.fffffffffffffp+1022,0,7,4,8388608,4,0,0,0,1058,0,0,0,1025,1025,0,0,0,0,0,0,0,1025,5125,0,0,0,0,0,0,0
15,1025,8,0x1.fffffffffffffp+1023,0,7,4,8388608,4,0,0,0,1083,0,0,0,1025,1025,0,0,0,0,0,0,0,1025,5125,0,0,0,0,0,0,0
15,1025,14,0x1.028f5c28f5c29p+0,0,7,4,8388608,4,0,0,0,64,0,0,0,1025,512,0,0,0,0,0,0,0,0,0,0,0,0,0,0,0,1025
15,1025,14,-0x0p+0,0,7,4,8388608,4,0,0,0,64,0,0,0,1025,512,0,0,0,0,0,0,0,0,0,0,0,0,0,0,0,1025
15,1025,14,0x1.fffffffffffffp+1022,0,7,4,8388608,4,0,0,0,1058,0,0,0,1025,1025,0,0,0,0,0,0,0,1025,5125,0,0,0,0,0,0,0
15,1025,14,0x1.fffffffffffffp+1023,0,7,4,8388608,4,0,0,0,1083,0,0,0,1025,1025,0,0,0,0,0,0,0,1025,5125,0,0,0,0,0,0,0
15,1025,15,0x1.028f5c28f5c29p+0,0,7,4,8388608,4,0,0,0,64,0,0,0,1025,512,0,0,0,0,0,0,0,0,0,0,0,0,0,0,0,1025
15,1025,15,-0x0p+0,0,7,4,8388608,4,0,0,0,64,0,0,0,1025,512,0,0,0,0,0,0,0,0,0,0,0,0,0,0,0,1025
15,1025,15,0x1.fffffffffffffp+1022,0,7,4,8388608,4,0,0,0,1058,0,0,0,1025,1025,0,0,0,0,0,0,0,0,0,0,0,0,0,0,0,0
15,1025,15,0x1.fffffffffffffp+1023,0,7,4,8388608,4,0,0,0,1083,0,0,0,1025,1025,0,0,0,0,0,0,0,0,0,0,0,0,0,0,0,0
15,1025,16,0x1.028f5c28f5c29p+0,0,7,4,8388608,4,0,0,0,64,0,0,0,1025,512,0,0,0,0,0,0,0,0,0,0,0,0,0,0,0,1025
15,1025,16,-0x0p+0,0,7,4,8388608,4,0,0,0,64,0,0,0,1025,512,0,0,0,0,0,0,0,0,0,0,0,0,0,0,0,1025
15,1025,16,0x1.fffffffffffffp+1022,0,7,4,8388608,4,0,0,0,1058,0,0,0,1025,1025,0,0,0,0,0,0,0,1025,5125,0,0,0,0,0,0,0
15,1025,16,0x1.fffffffffffffp+1023,0,7,4,8388608,4,0,0,0,1083,0,0,0,1025,1025,0,0,0,0,0,0,0,1025,5125,0,0,0,0,0,0,0
15,1025,17,0x1.028f5c28f5c29p+0,0,7,4,8388608,4,0,0,0,0,0,0,0,0,1025,0,0,0,0,0,0,0,0,0,0,0,1025,0,0,0,0
15,1025,17,-0x0p+0,0,7,4,8388608,4,0,0,0,0,0,0,0,0,1025,0,0,0,0,0,0,0,0,0,0,0,1025,0,0,0,0
15,1025,17,0x1.fffffffffffffp+1022,0,7,4,8388608,4,0,0,0,0,0,0,0,0,1025,0,0,0,0,0,0,0,0,0,0,0,1025,0,0,0,0
15,1025,17,0x1.fffffffffffffp+1023,0,7,4,8388608,4,0,0,0,0,0,0,0,0,1025,0,0,0,0,0,0,0,0,0,0,0,1025,0,0,0,0
0,16384,8,0x1.028f5c28f5c29p+0,0,0,3,4194304,3,0,0,0,64,0,0,0,16384,8192,0,0,0,0,0,0,0,16384,81920,0,0,0,0,0,0,0
0,16385,8,0x1.028f5c28f5c29p+0,0,7,3,4194304,3,0,0,0,64,0,0,0,16385,8192,0,0,0,0,0,0,0,16385,81925,0,0,0,0,0,0,0
0,16385,11,0x1.028f5c28f5c29p+0,0,0,3,4194304,3,0,0,0,64,0,0,0,16385,256,0,0,0,0,0,0,0,16384,81920,0,0,0,0,0,0,0
0,16385,12,0x1.028f5c28f5c29p+0,0,0,3,4194304,3,0,0,0,64,0,0,0,16385,8192,0,0,0,0,0,0,0,16384,81920,0,0,0,0,0,0,0
0,1025,9,0x1.028f5c28f5c29p+0,0,0,3,4194304,3,0,0,0,0,0,0,0,0,1025,0,0,0,0,0,0,0,0,0,0,0,1025,0,0,0,0
0,1025,13,0x0p+0,0,0,3,4194304,3,0,0,0,64,0,0,0,1025,614,0,0,0,0,0,0,0,1025,5125,0,0,0,0,0,0,0
0,1025,14,0x0p+0,0,0,3,4194304,3,0,0,0,64,0,0,0,1025,512,0,0,0,0,0,0,0,1025,5125,0,0,0,0,0,0,0
0,1025,13,-0x0p+0,0,0,3,4194304,3,0,0,0,64,0,0,0,1025,614,0,0,0,0,0,0,0,1025,5125,0,0,0,0,0,0,0
0,1025,14,-0x0p+0,0,0,3,4194304,3,0,0,0,64,0,0,0,1025,512,0,0,0,0,0,0,0,1025,5125,0,0,0,0,0,0,0
0,1025,13,0x1.028f5c28f5c29p+0,0,0,3,4194304,4,0,0,0,1153,0,0,0,2050,614,0,0,0,0,0,0,0,1281,6405,0,0,0,0,0,0,0
0,1025,14,0x1.028f5c28f5c29p+0,0,0,3,4194304,4,0,0,0,129,0,0,0,2050,512,0,0,0,0,0,0,0,2050,10250,0,0,0,0,0,0,0
0,1025,13,-0x1.028f5c28f5c29p+0,0,0,3,4194304,4,0,0,0,1153,0,0,0,2050,614,0,0,0,0,0,0,0,1281,6405,0,0,0,0,0,0,0
0,1025,14,-0x1.028f5c28f5c29p+0,0,0,3,4194304,4,0,0,0,129,0,0,0,2050,512,0,0,0,0,0,0,0,2050,10250,0,0,0,0,0,0,0
0,1025,13,0x1.0000000000001p+0,0,0,3,4194304,4,0,0,0,1153,0,0,0,2050,614,0,0,0,0,0,0,0,1281,6405,0,0,0,0,0,0,0
0,1025,14,0x1.0000000000001p+0,0,0,3,4194304,4,0,0,0,129,0,0,0,2050,512,0,0,0,0,0,0,0,2050,10250,0,0,0,0,0,0,0
0,1025,13,0x1p-1074,0,0,3,4194304,3,0,0,0,64,0,0,0,1025,614,0,0,0,0,0,0,0,1025,5125,0,0,0,0,0,0,0
0,1025,14,0x1p-1074,0,0,3,4194304,3,0,0,0,64,0,0,0,1025,512,0,0,0,0,0,0,0,1025,5125,0,0,0,0,0,0,0
0,1025,13,-0x1p-1074,0,0,3,4194304,3,0,0,0,64,0,0,0,1025,614,0,0,0,0,0,0,0,1025,5125,0,0,0,0,0,0,0
0,1025,14,-0x1p-1074,0,0,3,4194304,3,0,0,0,64,0,0,0,1025,512,0,0,0,0,0,0,0,1025,5125,0,0,0,0,0,0,0
0,1025,13,0x1.fffffep+126,0,0,3,4194304,4,0,0,0,1151,0,0,0,2050,614,0,0,0,0,0,0,0,1281,6405,0,0,0,0,0,0,0
0,1025,14,0x1.fffffep+126,0,0,3,4194304,4,0,0,0,1151,0,0,0,2050,512,0,0,0,0,0,0,0,1281,6405,0,0,0,0,0,0,0
0,1025,13,-0x1.fffffep+126,0,0,3,4194304,4,0,0,0,1151,0,0,0,2050,614,0,0,0,0,0,0,0,1281,6405,0,0,0,0,0,0,0
0,1025,14,-0x1.fffffep+126,0,0,3,4194304,4,0,0,0,1151,0,0,0,2050,512,0,0,0,0,0,0,0,1281,6405,0,0,0,0,0,0,0
0,1025,13,0x1p+127,0,0,3,4194304,4,0,0,0,1153,0,0,0,2050,614,0,0,0,0,0,0,0,1281,6405,0,0,0,0,0,0,0
0,1025,14,0x1p+127,0,0,3,4194304,4,0,0,0,1153,0,0,0,2050,512,0,0,0,0,0,0,0,1281,6405,0,0,0,0,0,0,0
0,1025,13,-0x1p+127,0,0,3,4194304,4,0,0,0,1153,0,0,0,2050,614,0,0,0,0,0,0,0,1281,6405,0,0,0,0,0,0,0
0,1025,14,-0x1p+127,0,0,3,4194304,4,0,0,0,1153,0,0,0,2050,512,0,0,0,0,0,0,0,1281,6405,0,0,0,0,0,0,0
0,1025,13,0x1.fffffffffffffp+1022,0,0,3,4194304,4,0,0,0,2085,0,0,0,2050,820,0,0,0,0,0,0,0,256,1280,0,0,0,0,0,0,0
0,1025,14,0x1.fffffffffffffp+1022,0,0,3,4194304,3,0,0,0,1027,0,0,0,1025,1025,0,0,0,0,0,0,0,0,0,0,0,0,0,0,0,0
0,1025,13,-0x1.fffffffffffffp+1022,0,0,3,4194304,4,0,0,0,2085,0,0,0,2050,820,0,0,0,0,0,0,0,256,1280,0,0,0,0,0,0,0
0,1025,14,-0x1.fffffffffffffp+1022,0,0,3,4194304,3,0,0,0,1027,0,0,0,1025,1025,0,0,0,0,0,0,0,0,0,0,0,0,0,0,0,0
0,1025,13,0x1.fffffffffffffp+1023,0,0,3,4194304,4,0,0,0,2110,0,0,0,2050,922,0,0,0,0,0,0,0,256,1280,0,0,0,0,0,0,0
0,1025,14,0x1.fffffffffffffp+1023,0,0,3,4194304,3,0,0,0,1027,0,0,0,1025,1025,0,0,0,0,0,0,0,0,0,0,0,0,0,0,0,0
0,1025,13,-0x1.fffffffffffffp+1023,0,0,3,4194304,4,0,0,0,2110,0,0,0,2050,922,0,0,0,0,0,0,0,256,1280,0,0,0,0,0,0,0
0,1025,14,-0x1.fffffffffffffp+1023,0,0,3,4194304,3,0,0,0,1027,0,0,0,1025,1025,0,0,0,0,0,0,0,0,0,0,0,0,0,0,0,0
0,16384,8,0x1.028f5c28f5c29p+0,0,0,4,4194304,4,0,0,0,64,0,0,0,16384,8192,0,0,0,0,0,0,0,16384,81920,0,0,0,0,0,0,0
0,16385,8,0x1.028f5c28f5c29p+0,0,7,4,4194304,4,0,0,0,64,0,0,0,16385,8192,0,0,0,0,0,0,0,16385,81925,0,0,0,0,0,0,0
0,16385,11,0x1.028f5c28f5c29p+0,0,0,4,4194304,4,0,0,0,64,0,0,0,16385,256,0,0,0,0,0,0,0,16384,81920,0,0,0,0,0,0,0
0,16385,12,0x1.028f5c28f5c29p+0,0,0,4,4194304,4,0,0,0,64,0,0,0,16385,8192,0,0,0,0,0,0,0,16384,81920,0,0,0,0,0,0,0
0,1025,9,0x1.028f5c28f5c29p+0,0,0,4,4194304,4,0,0,0,0,0,0,0,0,1025,0,0,0,0,0,0,0,0,0,0,0,1025,0,0,0,0
0,1025,13,0x0p+0,0,0,4,4194304,4,0,0,0,64,0,0,0,1025,614,0,0,0,0,0,0,0,1025,5125,0,0,0,0,0,0,0
0,1025,14,0x0p+0,0,0,4,4194304,4,0,0,0,64,0,0,0,1025,512,0,0,0,0,0,0,0,1025,5125,0,0,0,0,0,0,0
0,1025,13,-0x0p+0,0,0,4,4194304,4,0,0,0,64,0,0,0,1025,614,0,0,0,0,0,0,0,1025,5125,0,0,0,0,0,0,0
0,1025,14,-0x0p+0,0,0,4,4194304,4,0,0,0,64,0,0,0,1025,512,0,0,0,0,0,0,0,1025,5125,0,0,0,0,0,0,0
0,1025,13,0x1.028f5c28f5c29p+0,0,0,4,4194304,4,0,0,0,64,0,0,0,1025,614,0,0,0,0,0,0,0,1025,5125,0,0,0,0,0,0,0
0,1025,14,0x1.028f5c28f5c29p+0,0,0,4,4194304,4,0,0,0,64,0,0,0,1025,512,0,0,0,0,0,0,0,1025,5125,0,0,0,0,0,0,0
0,1025,13,-0x1.028f5c28f5c29p+0,0,0,4,4194304,4,0,0,0,64,0,0,0,1025,614,0,0,0,0,0,0,0,1025,5125,0,0,0,0,0,0,0
0,1025,14,-0x1.028f5c28f5c29p+0,0,0,4,4194304,4,0,0,0,64,0,0,0,1025,512,0,0,0,0,0,0,0,1025,5125,0,0,0,0,0,0,0
0,1025,13,0x1.0000000000001p+0,0,0,4,4194304,4,0,0,0,64,0,0,0,1025,614,0,0,0,0,0,0,0,1025,5125,0,0,0,0,0,0,0
0,1025,14,0x1.0000000000001p+0,0,0,4,4194304,4,0,0,0,64,0,0,0,1025,512,0,0,0,0,0,0,0,1025,5125,0,0,0,0,0,0,0
0,1025,13,0x1p-1074,0,0,4,4194304,4,0,0,0,64,0,0,0,1025,614,0,0,0,0,0,0,0,1025,5125,0,0,0,0,0,0,0
0,1025,14,0x1p-1074,0,0,4,4194304,4,0,0,0,64,0,0,0,1025,512,0,0,0,0,0,0,0,1025,5125,0,0,0,0,0,0,0
0,1025,13,-0x1p-1074,0,0,4,4194304,4,0,0,0,64,0,0,0,1025,614,0,0,0,0,0,0,0,1025,5125,0,0,0,0,0,0,0
0,1025,14,-0x1p-1074,0,0,4,4194304,4,0,0,0,64,0,0,0,1025,512,0,0,0,0,0,0,0,1025,5125,0,0,0,0,0,0,0
0,1025,13,0x1.fffffep+126,0,0,4,4194304,4,0,0,0,64,0,0,0,1025,614,0,0,0,0,0,0,0,1025,5125,0,0,0,0,0,0,0
0,1025,14,0x1.fffffep+126,0,0,4,4194304,4,0,0,0,64,0,0,0,1025,512,0,0,0,0,0,0,0,1025,5125,0,0,0,0,0,0,0
0,1025,13,-0x1.fffffep+126,0,0,4,4194304,4,0,0,0,64,0,0,0,1025,614,0,0,0,0,0,0,0,1025,5125,0,0,0,0,0,0,0
0,1025,14,-0x1.fffffep+126,0,0,4,4194304,4,0,0,0,64,0,0,0,1025,512,0,0,0,0,0,0,0,1025,5125,0,0,0,0,0,0,0
0,1025,13,0x1p+127,0,0,4,4194304,4,0,0,0,64,0,0,0,1025,614,0,0,0,0,0,0,0,1025,5125,0,0,0,0,0,0,0
0,1025,14,0x1p+127,0,0,4,4194304,4,0,0,0,64,0,0,0,1025,512,0,0,0,0,0,0,0,1025,5125,0,0,0,0,0,0,0
0,1025,13,-0x1p+127,0,0,4,4194304,4,0,0,0,64,0,0,0,1025,614,0,0,0,0,0,0,0,1025,5125,0,0,0,0,0,0,0
0,1025,14,-0x1p+127,0,0,4,4194304,4,0,0,0,64,0,0,0,1025,512,0,0,0,0,0,0,0,1025,5125,0,0,0,0,0,0,0
0,1025,13,0x1.fffffffffffffp+1022,0,0,4,4194304,4,0,0,0,1058,0,0,0,1025,820,0,0,0,0,0,0,0,256,1280,0,0,0,0,0,0,0
0,1025,14,0x1.fffffffffffffp+1022,0,0,4,4194304,4,0,0,0,1058,0,0,0,1025,1025,0,0,0,0,0,0,0,256,1280,0,0,0,0,0,0,0
0,1025,13,-0x1.fffffffffffffp+1022,0,0,4,4194304,4,0,0,0,1058,0,0,0,1025,820,0,0,0,0,0,0,0,256,1280,0,0,0,0,0,0,0
0,1025,14,-0x1.fffffffffffffp+1022,0,0,4,4194304,4,0,0,0,1058,0,0,0,1025,1025,0,0,0,0,0,0,0,256,1280,0,0,0,0,0,0,0
0,1025,13,0x1.fffffffffffffp+1023,0,0,4,4194304,4,0,0,0,1083,0,0,0,1025,922,0,0,0,0,0,0,0,256,1280,0,0,0,0,0,0,0
0,1025,14,0x1.fffffffffffffp+1023,0,0,4,4194304,4,0,0,0,1083,0,0,0,1025,1025,0,0,0,0,0,0,0,256,1280,0,0,0,0,0,0,0
0,1025,13,-0x1.fffffffffffffp+1023,0,0,4,4194304,4,0,0,0,1083,0,0,0,1025,922,0,0,0,0,0,0,0,256,1280,0,0,0,0,0,0,0
0,1025,14,-0x1.fffffffffffffp+1023,0,0,4,4194304,4,0,0,0,1083,0,0,0,1025,1025,0,0,0,0,0,0,0,256,1280,0,0,0,0,0,0,0
0,16384,8,0x1.028f5c28f5c29p+0,1,0,3,4194304,3,0,0,0,64,0,0,0,16384,8192,0,0,0,0,0,0,0,16384,81920,0,0,0,0,0,0,0
0,16385,8,0x1.028f5c28f5c29p+0,1,7,3,4194304,3,0,0,0,64,0,0,0,16385,8192,0,0,0,0,0,0,0,16385,81925,0,0,0,0,0,0,0
0,16385,11,0x1.028f5c28f5c29p+0,1,0,3,4194304,3,0,0,0,64,0,0,0,16385,256,0,0,0,0,0,0,0,16384,81920,0,0,0,0,0,0,0
0,16385,12,0x1.028f5c28f5c29p+0,1,0,3,4194304,3,0,0,0,64,0,0,0,16385,8192,0,0,0,0,0,0,0,16384,81920,0,0,0,0,0,0,0
0,1025,9,0x1.028f5c28f5c29p+0,1,0,3,4194304,3,0,0,0,0,0,0,0,0,1025,0,0,0,0,0,0,0,0,0,0,0,1025,0,0,0,0
0,1025,13,0x0p+0,1,0,3,4194304,3,0,0,0,64,0,0,0,1025,614,0,0,0,0,0,0,0,1025,5125,0,0,0,0,0,0,0
0,1025,14,0x0p+0,1,0,3,4194304,3,0,0,0,64,0,0,0,1025,512,0,0,0,0,0,0,0,1025,5125,0,0,0,0,0,0,0
0,1025,13,-0x0p+0,1,0,3,4194304,3,0,0,0,64,0,0,0,1025,614,0,0,0,0,0,0,0,1025,5125,0,0,0,0,0,0,0
0,1025,14,-0x0p+0,1,0,3,4194304,3,0,0,0,64,0,0,0,1025,512,0,0,0,0,0,0,0,1025,5125,0,0,0,0,0,0,0
0,1025,13,0x1.028f5c28f5c29p+0,1,0,3,4194304,4,0,0,0,1153,0,0,0,2050,614,0,0,0,0,0,0,0,1281,6405,0,0,0,0,0,0,0
0,1025,14,0x1.028f5c28f5c29p+0,1,0,3,4194304,4,0,0,0,129,0,0,0,2050,512,0,0,0,0,0,0,0,2050,10250,0,0,0,0,0,0,0
0,1025,13,-0x1.028f5c28f5c29p+0,1,0,3,4194304,4,0,0,0,1153,0,0,0,2050,614,0,0,0,0,0,0,0,1281,6405,0,0,0,0,0,0,0
0,1025,14,-0x1.028f5c28f5c29p+0,1,0,3,4194304,4,0,0,0,129,0,0,0,2050,512,0,0,0,0,0,0,0,2050,10250,0,0,0,0,0,0,0
0,1025,13,0x1.0000000000001p+0,1,0,3,4194304,4,0,0,0,1153,0,0,0,2050,614,0,0,0,0,0,0,0,1281,6405,0,0,0,0,0,0,0
0,1025,14,0x1.0000000000001p+0,1,0,3,4194304,4,0,0,0,129,0,0,0,2050,512,0,0,0,0,0,0,0,2050,10250,0,0,0,0,0,0,0
0,1025,13,0x1p-1074,1,0,3,4194304,3,0,0,0,64,0,0,0,1025,614,0,0,0,0,0,0,0,1025,5125,0,0,0,0,0,0,0
0,1025,14,0x1p-1074,1,0,3,4194304,3,0,0,0,64,0,0,0,1025,512,0,0,0,0,0,0,0,1025,5125,0,0,0,0,0,0,0
0,1025,13,-0x1p-1074,1,0,3,4194304,3,0,0,0,64,0,0,0,1025,614,0,0,0,0,0,0,0,1025,5125,0,0,0,0,0,0,0
0,1025,14,-0x1p-1074,1,0,3,4194304,3,0,0,0,64,0,0,0,1025,512,0,0,0,0,0,0,0,1025,5125,0,0,0,0,0,0,0
0,1025,13,0x1.fffffep+126,1,0,3,4194304,4,0,0,0,1151,0,0,0,2050,614,0,0,0,0,0,0,0,1281,6405,0,0,0,0,0,0,0
0,1025,14,0x1.fffffep+126,1,0,3,4194304,4,0,0,0,1151,0,0,0,2050,512,0,0,0,0,0,0,0,1281,6405,0,0,0,0,0,0,0
0,1025,13,-0x1.fffffep+126,1,0,3,4194304,4,0,0,0,1151,0,0,0,2050,614,0,0,0,0,0,0,0,1281,6405,0,0,0,0,0,0,0
0,1025,14,-0x1.fffffep+126,1,0,3,4194304,4,0,0,0,1151,0,0,0,2050,512,0,0,0,0,0,0,0,1281,6405,0,0,0,0,0,0,0
0,1025,13,0x1p+127,1,0,3,4194304,4,0,0,0,1153,0,0,0,2050,614,0,0,0,0,0,0,0,1281,6405,0,0,0,0,0,0,0
0,1025,14,0x1p+127,1,0,3,4194304,4,0,0,0,1153,0,0,0,2050,512,0,0,0,0,0,0,0,1281,6405,0,0,0,0,0,0,0
0,1025,13,-0x1p+127,1,0,3,4194304,4,0,0,0,1153,0,0,0,2050,614,0,0,0,0,0,0,0,1281,6405,0,0,0,0,0,0,0
0,1025,14,-0x1p+127,1,0,3,4194304,4,0,0,0,1153,0,0,0,2050,512,0,0,0,0,0,0,0,1281,6405,0,0,0,0,0,0,0
0,1025,13,0x1.fffffffffffffp+1022,1,0,3,4194304,4,0,0,0,2085,0,0,0,2050,820,0,0,0,0,0,0,0,256,1280,0,0,0,0,0,0,0
0,1025,14,0x1.fffffffffffffp+1022,1,0,3,4194304,3,0,0,0,1027,0,0,0,1025,1025,0,0,0,0,0,0,0,0,0,0,0,0,0,0,0,0
0,1025,13,-0x1.fffffffffffffp+1022,1,0,3,4194304,4,0,0,0,2085,0,0,0,2050,820,0,0,0,0,0,0,0,256,1280,0,0,0,0,0,0,0
0,1025,14,-0x1.fffffffffffffp+1022,1,0,3,4194304,3,0,0,0,1027,0,0,0,1025,1025,0,0,0,0,0,0,0,0,0,0,0,0,0,0,0,0
0,1025,13,0x1.fffffffffffffp+1023,1,0,3,4194304,4,0,0,0,2110,0,0,0,2050,922,0,0,0,0,0,0,0,256,1280,0,0,0,0,0,0,0
0,1025,14,0x1.fffffffffffffp+1023,1,0,3,4194304,3,0,0,0,1027,0,0,0,1025,1025,0,0,0,0,0,0,0,0,0,0,0,0,0,0,0,0
0,1025,13,-0x1.fffffffffffffp+1023,1,0,3,4194304,4,0,0,0,2110,0,0,0,2050,922,0,0,0,0,0,0,0,256,1280,0,0,0,0,0,0,0
0,1025,14,-0x1.fffffffffffffp+1023,1,0,3,4194304,3,0,0,0,1027,0,0,0,1025,1025,0,0,0,0,0,0,0,0,0,0,0,0,0,0,0,0
0,16384,8,0x1.028f5c28f5c29p+0,1,0,4,4194304,4,0,0,0,64,0,0,0,16384,8192,0,0,0,0,0,0,0,16384,81920,0,0,0,0,0,0,0
0,16385,8,0x1.028f5c28f5c29p+0,1,7,4,4194304,4,0,0,0,64,0,0,0,16385,8192,0,0,0,0,0,0,0,16385,81925,0,0,0,0,0,0,0
0,16385,11,0x1.028f5c28f5c29p+0,1,0,4,4194304,4,0,0,0,64,0,0,0,16385,256,0,0,0,0,0,0,0,16384,81920,0,0,0,0,0,0,0
0,16385,12,0x1.028f5c28f5c29p+0,1,0,4,4194304,4,0,0,0,64,0,0,0,16385,8192,0,0,0,0,0,0,0,16384,81920,0,0,0,0,0,0,0
0,1025,9,0x1.028f5c28f5c29p+0,1,0,4,4194304,4,0,0,0,0,0,0,0,0,1025,0,0,0,0,0,0,0,0,0,0,0,1025,0,0,0,0
0,1025,13,0x0p+0,1,0,4,4194304,4,0,0,0,64,0,0,0,1025,614,0,0,0,0,0,0,0,1025,5125,0,0,0,0,0,0,0
0,1025,14,0x0p+0,1,0,4,4194304,4,0,0,0,64,0,0,0,1025,512,0,0,0,0,0,0,0,1025,5125,0,0,0,0,0,0,0
0,1025,13,-0x0p+0,1,0,4,4194304,4,0,0,0,64,0,0,0,1025,614,0,0,0,0,0,0,0,1025,5125,0,0,0,0,0,0,0
0,1025,14,-0x0p+0,1,0,4,4194304,4,0,0,0,64,0,0,0,1025,512,0,0,0,0,0,0,0,1025,5125,0,0,0,0,0,0,0
0,1025,13,0x1.028f5c28f5c29p+0,1,0,4,4194304,4,0,0,0,64,0,0,0,1025,614,0,0,0,0,0,0,0,1025,5125,0,0,0,0,0,0,0
0,1025,14,0x1.028f5c28f5c29p+0,1,0,4,4194304,4,0,0,0,64,0,0,0,1025,512,0,0,0,0,0,0,0,1025,5125,0,0,0,0,0,0,0
0,1025,13,-0x1.028f5c28f5c29p+0,1,0,4,4194304,4,0,0,0,64,0,0,0,1025,614,0,0,0,0,0,0,0,1025,5125,0,0,0,0,0,0,0
0,1025,14,-0x1.028f5c28f5c29p+0,1,0,4,4194304,4,0,0,0,64,0,0,0,1025,512,0,0,0,0,0,0,0,1025,5125,0,0,0,0,0,0,0
0,1025,13,0x1.0000000000001p+0,1,0,4,4194304,4,0,0,0,64,0,0,0,1025,614,0,0,0,0,0,0,0,1025,5125,0,0,0,0,0,0,0
0,1025,14,0x1.0000000000001p+0,1,0,4,4194304,4,0,0,0,64,0,0,0,1025,512,0,0,0,0,0,0,0,1025,5125,0,0,0,0,0,0,0
0,1025,13,0x1p-1074,1,0,4,4194304,4,0,0,0,64,0,0,0,1025,614,0,0,0,0,0,0,0,1025,5125,0,0,0,0,0,0,0
0,1025,14,0x1p-1074,1,0,4,4194304,4,0,0,0,64,0,0,0,1025,512,0,0,0,0,0,0,0,1025,5125,0,0,0,0,0,0,0
0,1025,13,-0x1p-1074,1,0,4,4194304,4,0,0,0,64,0,0,0,1025,614,0,0,0,0,0,0,0,1025,5125,0,0,0,0,0,0,0
0,1025,14,-0x1p-1074,1,0,4,4194304,4,0,0,0,64,0,0,0,1025,512,0,0,0,0,0,0,0,1025,5125,0,0,0,0,0,0,0
0,1025,13,0x1.fffffep+126,1,0,4,4194304,4,0,0,0,64,0,0,0,1025,614,0,0,0,0,0,0,0,1025,5125,0,0,0,0,0,0,0
0,1025,14,0x1.fffffep+126,1,0,4,4194304,4,0,0,0,64,0,0,0,1025,512,0,0,0,0,0,0,0,1025,5125,0,0,0,0,0,0,0
0,1025,13,-0x1.fffffep+126,1,0,4,4194304,4,0,0,0,64,0,0,0,1025,614,0,0,0,0,0,0,0,1025,5125,0,0,0,0,0,0,0
0,1025,14,-0x1.fffffep+126,1,0,4,4194304,4,0,0,0,64,0,0,0,1025,512,0,0,0,0,0,0,0,1025,5125,0,0,0,0,0,0,0
0,1025,13,0x1p+127,1,0,4,4194304,4,0,0,0,64,0,0,0,1025,614,0,0,0,0,0,0,0,1025,5125,0,0,0,0,0,0,0
0,1025,14,0x1p+127,1,0,4,4194304,4,0,0,0,64,0,0,0,1025,512,0,0,0,0,0,0,0,1025,5125,0,0,0,0,0,0,0
0,1025,13,-0x1p+127,1,0,4,4194304,4,0,0,0,64,0,0,0,1025,614,0,0,0,0,0,0,0,1025,5125,0,0,0,0,0,0,0
0,1025,14,-0x1p+127,1,0,4,4194304,4,0,0,0,64,0,0,0,1025,512,0,0,0,0,0,0,0,1025,5125,0,0,0,0,0,0,0
0,1025,13,0x1.fffffffffffffp+1022,1,0,4,4194304,4,0,0,0,1058,0,0,0,1025,820,0,0,0,0,0,0,0,256,1280,0,0,0,0,0,0,0
0,1025,14,0x1.fffffffffffffp+1022,1,0,4,4194304,4,0,0,0,1058,0,0,0,1025,1025,0,0,0,0,0,0,0,256,1280,0,0,0,0,0,0,0
0,1025,13,-0x1.fffffffffffffp+1022,1,0,4,4194304,4,0,0,0,1058,0,0,0,1025,820,0,0,0,0,0,0,0,256,1280,0,0,0,0,0,0,0
0,1025,14,-0x1.fffffffffffffp+1022,1,0,4,4194304,4,0,0,0,1058,0,0,0,1025,1025,0,0,0,0,0,0,0,256,1280,0,0,0,0,0,0,0
0,1025,13,0x1.fffffffffffffp+1023,1,0,4,4194304,4,0,0,0,1083,0,0,0,1025,922,0,0,0,0,0,0,0,256,1280,0,0,0,0,0,0,0
0,1025,14,0x1.fffffffffffffp+1023,1,0,4,4194304,4,0,0,0,1083,0,0,0,1025,1025,0,0,0,0,0,0,0,256,1280,0,0,0,0,0,0,0
0,1025,13,-0x1.fffffffffffffp+1023,1,0,4,4194304,4,0,0,0,1083,0,0,0,1025,922,0,0,0,0,0,0,0,256,1280,0,0,0,0,0,0,0
0,1025,14,-0x1.fffffffffffffp+1023,1,0,4,4194304,4,0,0,0,1083,0,0,0,1025,1025,0,0,0,0,0,0,0,256,1280,0,0,0,0,0,0,0
1,16384,8,0x1.028f5c28f5c29p+0,0,0,3,4194304,3,0,0,0,64,0,0,0,16384,8192,0,0,0,0,0,0,0,256,1280,0,0,0,0,16128,16128,0
1,16385,8,0x1.028f5c28f5c29p+0,0,7,3,4194304,3,0,0,0,64,0,0,0,16385,8192,0,0,0,0,0,0,0,16385,81925,0,0,0,0,0,0,0
1,16385,11,0x1.028f5c28f5c29p+0,0,0,3,4194304,3,0,0,0,64,0,0,0,16385,256,0,0,0,0,0,0,0,256,1280,0,0,0,0,16128,16128,0
1,16385,12,0x1.028f5c28f5c29p+0,0,0,3,4194304,3,0,0,0,64,0,0,0,16385,8192,0,0,0,0,0,0,0,256,1280,0,0,0,0,16128,16128,0
1,1025,9,0x1.028f5c28f5c29p+0,0,0,3,4194304,3,0,0,0,0,0,0,0,0,1025,0,0,0,0,0,0,0,0,0,0,0,1025,0,0,0,0
1,1025,13,0x0p+0,0,0,3,4194304,3,0,0,0,64,0,0,0,1025,614,0,0,0,0,0,0,0,256,1280,0,0,0,0,769,769,0
1,1025,14,0x0p+0,0,0,3,4194304,3,0,0,0,64,0,0,0,1025,512,0,0,0,0,0,0,0,256,1280,0,0,0,0,769,769,0
1,1025,13,-0x0p+0,0,0,3,4194304,3,0,0,0,64,0,0,0,1025,614,0,0,0,0,0,0,0,256,1280,0,0,0,0,769,769,0
1,1025,14,-0x0p+0,0,0,3,4194304,3,0,0,0,64,0,0,0,1025,512,0,0,0,0,0,0,0,256,1280,0,0,0,0,769,769,0
1,1025,13,0x1.028f5c28f5c29p+0,0,0,3,4194304,4,0,0,0,1153,0,0,0,2050,614,0,0,0,0,0,0,0,512,2560,0,0,0,0,769,769,0
1,1025,14,0x1.028f5c28f5c29p+0,0,0,3,4194304,4,0,0,0,897,0,0,0,2050,512,0,0,0,0,0,0,0,512,2560,0,0,0,0,1538,769,0
1,1025,13,-0x1.028f5c28f5c29p+0,0,0,3,4194304,4,0,0,0,1153,0,0,0,2050,614,0,0,0,0,0,0,0,512,2560,0,0,0,0,769,769,0
1,1025,14,-0x1.028f5c28f5c29p+0,0,0,3,4194304,4,0,0,0,897,0,0,0,2050,512,0,0,0,0,0,0,0,512,2560,0,0,0,0,1538,769,0
1,1025,13,0x1.0000000000001p+0,0,0,3,4194304,4,0,0,0,1153,0,0,0,2050,614,0,0,0,0,0,0,0,512,2560,0,0,0,0,769,769,0
1,1025,14,0x1.0000000000001p+0,0,0,3,4194304,4,0,0,0,897,0,0,0,2050,512,0,0,0,0,0,0,0,512,2560,0,0,0,0,1538,769,0
1,1025,13,0x1p-1074,0,0,3,4194304,3,0,0,0,64,0,0,0,1025,614,0,0,0,0,0,0,0,256,1280,0,0,0,0,769,769,0
1,1025,14,0x1p-1074,0,0,3,4194304,3,0,0,0,64,0,0,0,1025,512,0,0,0,0,0,0,0,256,1280,0,0,0,0,769,769,0
1,1025,13,-0x1p-1074,0,0,3,4194304,3,0,0,0,64,0,0,0,1025,614,0,0,0,0,0,0,0,256,1280,0,0,0,0,769,769,0
1,1025,14,-0x1p-1074,0,0,3,4194304,3,0,0,0,64,0,0,0,1025,512,0,0,0,0,0,0,0,256,1280,0,0,0,0,769,769,0
1,1025,13,0x1.fffffep+126,0,0,3,4194304,4,0,0,0,1151,0,0,0,2050,614,0,0,0,0,0,0,0,512,2560,0,0,0,0,769,769,0
1,1025,14,0x1.fffffep+126,0,0,3,4194304,4,0,0,0,1151,0,0,0,2050,512,0,0,0,0,0,0,0,512,2560,0,0,0,0,769,769,0
1,1025,13,-0x1.fffffep+126,0,0,3,4194304,4,0,0,0,1151,0,0,0,2050,614,0,0,0,0,0,0,0,512,2560,0,0,0,0,769,769,0
1,1025,14,-0x1.fffffep+126,0,0,3,4194304,4,0,0,0,1151,0,0,0,2050,512,0,0,0,0,0,0,0,512,2560,0,0,0,0,769,769,0
1,1025,13,0x1p+127,0,0,3,4194304,4,0,0,0,1153,0,0,0,2050,614,0,0,0,0,0,0,0,512,2560,0,0,0,0,769,769,0
1,1025,14,0x1p+127,0,0,3,4194304,4,0,0,0,1153,0,0,0,2050,512,0,0,0,0,0,0,0,512,2560,0,0,0,0,769,769,0
1,1025,13,-0x1p+127,0,0,3,4194304,4,0,0,0,1153,0,0,0,2050,614,0,0,0,0,0,0,0,512,2560,0,0,0,0,769,769,0
1,1025,14,-0x1p+127,0,0,3,4194304,4,0,0,0,1153,0,0,0,2050,512,0,0,0,0,0,0,0,512,2560,0,0,0,0,769,769,0
1,1025,13,0x1.fffffffffffffp+1022,0,0,3,4194304,4,0,0,0,2085,0,0,0,2050,820,0,0,0,0,0,0,0,256,1280,0,0,0,0,0,0,0
1,1025,14,0x1.fffffffffffffp+1022,0,0,3,4194304,3,0,0,0,1027,0,0,0,1025,1025,0,0,0,0,0,0,0,0,0,0,0,0,0,0,0,0
1,1025,13,-0x1.fffffffffffffp+1022,0,0,3,4194304,4,0,0,0,2085,0,0,0,2050,820,0,0,0,0,0,0,0,256,1280,0,0,0,0,0,0,0
1,1025,14,-0x1.fffffffffffffp+1022,0,0,3,4194304,3,0,0,0,1027,0,0,0,1025,1025,0,0,0,0,0,0,0,0,0,0,0,0,0,0,0,0
1,1025,13,0x1.fffffffffffffp+1023,0,0,3,4194304,4,0,0,0,2110,0,0,0,2050,922,0,0,0,0,0,0,0,256,1280,0,0,0,0,0,0,0
1,1025,14,0x1.fffffffffffffp+1023,0,0,3,4194304,3,0,0,0,1027,0,0,0,1025,1025,0,0,0,0,0,0,0,0,0,0,0,0,0,0,0,0
1,1025,13,-0x1.fffffffffffffp+1023,0,0,3,4194304,4,0,0,0,2110,0,0,0,2050,922,0,0,0,0,0,0,0,256,1280,0,0,0,0,0,0,0
1,1025,14,-0x1.fffffffffffffp+1023,0,0,3,4194304,3,0,0,0,1027,0,0,0,1025,1025,0,0,0,0,0,0,0,0,0,0,0,0,0,0,0,0
1,16384,8,0x1.028f5c28f5c29p+0,0,0,4,4194304,4,0,0,0,64,0,0,0,16384,8192,0,0,0,0,0,0,0,256,1280,0,0,0,0,16128,16128,0
1,16385,8,0x1.028f5c28f5c29p+0,0,7,4,4194304,4,0,0,0,64,0,0,0,16385,8192,0,0,0,0,0,0,0,16385,81925,0,0,0,0,0,0,0
1,16385,11,0x1.028f5c28f5c29p+0,0,0,4,4194304,4,0,0,0,64,0,0,0,16385,256,0,0,0,0,0,0,0,256,1280,0,0,0,0,16128,16128,0
1,16385,12,0x1.028f5c28f5c29p+0,0,0,4,4194304,4,0,0,0,64,0,0,0,16385,8192,0,0,0,0,0,0,0,256,1280,0,0,0,0,16128,16128,0
1,1025,9,0x1.028f5c28f5c29p+0,0,0,4,4194304,4,0,0,0,0,0,0,0,0,1025,0,0,0,0,0,0,0,0,0,0,0,1025,0,0,0,0
1,1025,13,0x0p+0,0,0,4,4194304,4,0,0,0,64,0,0,0,1025,614,0,0,0,0,0,0,0,256,1280,0,0,0,0,769,769,0
1,1025,14,0x0p+0,0,0,4,4194304,4,0,0,0,64,0,0,0,1025,512,0,0,0,0,0,0,0,256,1280,0,0,0,0,769,769,0
1,1025,13,-0x0p+0,0,0,4,4194304,4,0,0,0,64,0,0,0,1025,614,0,0,0,0,0,0,0,256,1280,0,0,0,0,769,769,0
1,1025,14,-0x0p+0,0,0,4,4194304,4,0,0,0,64,0,0,0,1025,512,0,0,0,0,0,0,0,256,1280,0,0,0,0,769,769,0
1,1025,13,0x1.028f5c28f5c29p+0,0,0,4,4194304,4,0,0,0,64,0,0,0,1025,614,0,0,0,0,0,0,0,256,1280,0,0,0,0,769,769,0
1,1025,14,0x1.028f5c28f5c29p+0,0,0,4,4194304,4,0,0,0,64,0,0,0,1025,512,0,0,0,0,0,0,0,256,1280,0,0,0,0,769,769,0
1,1025,13,-0x1.028f5c28f5c29p+0,0,0,4,4194304,4,0,0,0,64,0,0,0,1025,614,0,0,0,0,0,0,0,256,1280,0,0,0,0,769,769,0
1,1025,14,-0x1.028f5c28f5c29p+0,0,0,4,4194304,4,0,0,0,64,0,0,0,1025,512,0,0,0,0,0,0,0,256,1280,0,0,0,0,769,769,0
1,1025,13,0x1.0000000000001p+0,0,0,4,4194304,4,0,0,0,64,0,0,0,1025,614,0,0,0,0,0,0,0,256,1280,0,0,0,0,769,769,0
1,1025,14,0x1.0000000000001p+0,0,0,4,4194304,4,0,0,0,64,0,0,0,1025,512,0,0,0,0,0,0,0,256,1280,0,0,0,0,769,769,0
1,1025,13,0x1p-1074,0,0,4,4194304,4,0,0,0,64,0,0,0,1025,614,0,0,0,0,0,0,0,256,1280,0,0,0,0,769,769,0
1,1025,14,0x1p-1074,0,0,4,4194304,4,0,0,0,64,0,0,0,1025,512,0,0,0,0,0,0,0,256,1280,0,0,0,0,769,769,0
1,1025,13,-0x1p-1074,0,0,4,4194304,4,0,0,0,64,0,0,0,1025,614,0,0,0,0,0,0,0,256,1280,0,0,0,0,769,769,0
1,1025,14,-0x1p-1074,0,0,4,4194304,4,0,0,0,64,0,0,0,1025,512,0,0,0,0,0,0,0,256,1280,0,0,0,0,769,769,0
1,1025,13,0x1.fffffep+126,0,0,4,4194304,4,0,0,0,64,0,0,0,1025,614,0,0,0,0,0,0,0,256,1280,0,0,0,0,769,769,0
1,1025,14,0x1.fffffep+126,0,0,4,4194304,4,0,0,0,64,0,0,0,1025,512,0,0,0,0,0,0,0,256,1280,0,0,0,0,769,769,0
1,1025,13,-0x1.fffffep+126,0,0,4,4194304,4,0,0,0,64,0,0,0,1025,614,0,0,0,0,0,0,0,256,1280,0,0,0,0,769,769,0
1,1025,14,-0x1.fffffep+126,0,0,4,4194304,4,0,0,0,64,0,0,0,1025,512,0,0,0,0,0,0,0,256,1280,0,0,0,0,769,769,0
1,1025,13,0x1p+127,0,0,4,4194304,4,0,0,0,64,0,0,0,1025,614,0,0,0,0,0,0,0,256,1280,0,0,0,0,769,769,0
1,1025,14,0x1p+127,0,0,4,4194304,4,0,0,0,64,0,0,0,1025,512,0,0,0,0,0,0,0,256,1280,0,0,0,0,769,769,0
1,1025,13,-0x1p+127,0,0,4,4194304,4,0,0,0,64,0,0,0,1025,614,0,0,0,0,0,0,0,256,1280,0,0,0,0,769,769,0
1,1025,14,-0x1p+127,0,0,4,4194304,4,0,0,0,64,0,0,0,1025,512,0,0,0,0,0,0,0,256,1280,0,0,0,0,769,769,0
1,1025,13,0x1.fffffffffffffp+1022,0,0,4,4194304,4,0,0,0,1058,0,0,0,1025,820,0,0,0,0,0,0,0,256,1280,0,0,0,0,0,0,0
1,1025,14,0x1.fffffffffffffp+1022,0,0,4,4194304,4,0,0,0,1058,0,0,0,1025,1025,0,0,0,0,0,0,0,256,1280,0,0,0,0,0,0,0
1,1025,13,-0x1.fffffffffffffp+1022,0,0,4,4194304,4,0,0,0,1058,0,0,0,1025,820,0,0,0,0,0,0,0,256,1280,0,0,0,0,0,0,0
1,1025,14,-0x1.fffffffffffffp+1022,0,0,4,4194304,4,0,0,0,1058,0,0,0,1025,1025,0,0,0,0,0,0,0,256,1280,0,0,0,0,0,0,0
1,1025,13,0x1.fffffffffffffp+1023,0,0,4,4194304,4,0,0,0,1083,0,0,0,1025,922,0,0,0,0,0,0,0,256,1280,0,0,0,0,0,0,0
1,1025,14,0x1.fffffffffffffp+1023,0,0,4,4194304,4,0,0,0,1083,0,0,0,1025,1025,0,0,0,0,0,0,0,256,1280,0,0,0,0,0,0,0
1,1025,13,-0x1.fffffffffffffp+1023,0,0,4,4194304,4,0,0,0,1083,0,0,0,1025,922,0,0,0,0,0,0,0,256,1280,0,0,0,0,0,0,0
1,1025,14,-0x1.fffffffffffffp+1023,0,0,4,4194304,4,0,0,0,1083,0,0,0,1025,1025,0,0,0,0,0,0,0,256,1280,0,0,0,0,0,0,0
1,16384,8,0x1.028f5c28f5c29p+0,1,0,3,4194304,3,0,0,0,64,0,0,0,16384,8192,0,0,0,0,0,0,0,16384,81920,0,0,0,0,0,0,0
1,16385,8,0x1.028f5c28f5c29p+0,1,7,3,4194304,3,0,0,0,64,0,0,0,16385,8192,0,0,0,0,0,0,0,16385,81925,0,0,0,0,0,0,0
1,16385,11,0x1.028f5c28f5c29p+0,1,0,3,4194304,3,0,0,0,64,0,0,0,16385,256,0,0,0,0,0,0,0,16384,81920,0,0,0,0,0,0,0
1,16385,12,0x1.028f5c28f5c29p+0,1,0,3,4194304,3,0,0,0,64,0,0,0,16385,8192,0,0,0,0,0,0,0,16384,81920,0,0,0,0,0,0,0
1,1025,9,0x1.028f5c28f5c29p+0,1,0,3,4194304,3,0,0,0,0,0,0,0,0,1025,0,0,0,0,0,0,0,0,0,0,0,1025,0,0,0,0
1,1025,13,0x0p+0,1,0,3,4194304,3,0,0,0,64,0,0,0,1025,614,0,0,0,0,0,0,0,1025,5125,0,0,0,0,0,0,0
1,1025,14,0x0p+0,1,0,3,4194304,3,0,0,0,64,0,0,0,1025,512,0,0,0,0,0,0,0,1025,5125,0,0,0,0,0,0,0
1,1025,13,-0x0p+0,1,0,3,4194304,3,0,0,0,64,0,0,0,1025,614,0,0,0,0,0,0,0,1025,5125,0,0,0,0,0,0,0
1,1025,14,-0x0p+0,1,0,3,4194304,3,0,0,0,64,0,0,0,1025,512,0,0,0,0,0,0,0,1025,5125,0,0,0,0,0,0,0
1,1025,13,0x1.028f5c28f5c29p+0,1,0,3,4194304,4,0,0,0,1153,0,0,0,2050,614,0,0,0,0,0,0,0,1281,6405,0,0,0,0,0,0,0
1,1025,14,0x1.028f5c28f5c29p+0,1,0,3,4194304,4,0,0,0,129,0,0,0,2050,512,0,0,0,0,0,0,0,2050,10250,0,0,0,0,0,0,0
1,1025,13,-0x1.028f5c28f5c29p+0,1,0,3,4194304,4,0,0,0,1153,0,0,0,2050,614,0,0,0,0,0,0,0,1281,6405,0,0,0,0,0,0,0
1,1025,14,-0x1.028f5c28f5c29p+0,1,0,3,4194304,4,0,0,0,129,0,0,0,2050,512,0,0,0,0,0,0,0,2050,10250,0,0,0,0,0,0,0
1,1025,13,0x1.0000000000001p+0,1,0,3,4194304,4,0,0,0,1153,0,0,0,2050,614,0,0,0,0,0,0,0,1281,6405,0,0,0,0,0,0,0
1,1025,14,0x1.0000000000001p+0,1,0,3,4194304,4,0,0,0,129,0,0,0,2050,512,0,0,0,0,0,0,0,2050,10250,0,0,0,0,0,0,0
1,1025,13,0x1p-1074,1,0,3,4194304,3,0,0,0,64,0,0,0,1025,614,0,0,0,0,0,0,0,1025,5125,0,0,0,0,0,0,0
1,1025,14,0x1p-1074,1,0,3,4194304,3,0,0,0,64,0,0,0,1025,512,0,0,0,0,0,0,0,1025,5125,0,0,0,0,0,0,0
1,1025,13,-0x1p-1074,1,0,3,4194304,3,0,0,0,64,0,0,0,1025,614,0,0,0,0,0,0,0,1025,5125,0,0,0,0,0,0,0
1,1025,14,-0x1p-1074,1,0,3,4194304,3,0,0,0,64,0,0,0,1025,512,0,0,0,0,0,0,0,1025,5125,0,0,0,0,0,0,0
1,1025,13,0x1.fffffep+126,1,0,3,4194304,4,0,0,0,1151,0,0,0,2050,614,0,0,0,0,0,0,0,1281,6405,0,0,0,0,0,0,0
1,1025,14,0x1.fffffep+126,1,0,3,4194304,4,0,0,0,1151,0,0,0,2050,512,0,0,0,0,0,0,0,1281,6405,0,0,0,0,0,0,0
1,1025,13,-0x1.fffffep+126,1,0,3,4194304,4,0,0,0,1151,0,0,0,2050,614,0,0,0,0,0,0,0,1281,6405,0,0,0,0,0,0,0
1,1025,14,-0x1.fffffep+126,1,0,3,4194304,4,0,0,0,1151,0,0,0,2050,512,0,0,0,0,0,0,0,1281,6405,0,0,0,0,0,0,0
1,1025,13,0x1p+127,1,0,3,4194304,4,0,0,0,1153,0,0,0,2050,614,0,0,0,0,0,0,0,1281,6405,0,0,0,0,0,0,0
1,1025,14,0x1p+127,1,0,3,4194304,4,0,0,0,1153,0,0,0,2050,512,0,0,0,0,0,0,0,1281,6405,0,0,0,0,0,0,0
1,1025,13,-0x1p+127,1,0,3,4194304,4,0,0,0,1153,0,0,0,2050,614,0,0,0,0,0,0,0,1281,6405,0,0,0,0,0,0,0
1,1025,14,-0x1p+127,1,0,3,4194304,4,0,0,0,1153,0,0,0,2050,512,0,0,0,0,0,0,0,1281,6405,0,0,0,0,0,0,0
1,1025,13,0x1.fffffffffffffp+1022,1,0,3,4194304,4,0,0,0,2085,0,0,0,2050,820,0,0,0,0,0,0,0,256,1280,0,0,0,0,0,0,0
1,1025,14,0x1.fffffffffffffp+1022,1,0,3,4194304,3,0,0,0,1027,0,0,0,1025,1025,0,0,0,0,0,0,0,0,0,0,0,0,0,0,0,0
1,1025,13,-0x1.fffffffffffffp+1022,1,0,3,4194304,4,0,0,0,2085,0,0,0,2050,820,0,0,0,0,0,0,0,256,1280,0,0,0,0,0,0,0
1,1025,14,-0x1.fffffffffffffp+1022,1,0,3,4194304,3,0,0,0,1027,0,0,0,1025,1025,0,0,0,0,0,0,0,0,0,0,0,0,0,0,0,0
1,1025,13,0x1.fffffffffffffp+1023,1,0,3,4194304,4,0,0,0,2110,0,0,0,2050,922,0,0,0,0,0,0,0,256,1280,0,0,0,0,0,0,0
1,1025,14,0x1.fffffffffffffp+1023,1,0,3,4194304,3,0,0,0,1027,0,0,0,1025,1025,0,0,0,0,0,0,0,0,0,0,0,0,0,0,0,0
1,1025,13,-0x1.fffffffffffffp+1023,1,0,3,4194304,4,0,0,0,2110,0,0,0,2050,922,0,0,0,0,0,0,0,256,1280,0,0,0,0,0,0,0
1,1025,14,-0x1.fffffffffffffp+1023,1,0,3,4194304,3,0,0,0,1027,0,0,0,1025,1025,0,0,0,0,0,0,0,0,0,0,0,0,0,0,0,0
1,16384,8,0x1.028f5c28f5c29p+0,1,0,4,4194304,4,0,0,0,64,0,0,0,16384,8192,0,0,0,0,0,0,0,16384,81920,0,0,0,0,0,0,0
1,16385,8,0x1.028f5c28f5c29p+0,1,7,4,4194304,4,0,0,0,64,0,0,0,16385,8192,0,0,0,0,0,0,0,16385,81925,0,0,0,0,0,0,0
1,16385,11,0x1.028f5c28f5c29p+0,1,0,4,4194304,4,0,0,0,64,0,0,0,16385,256,0,0,0,0,0,0,0,16384,81920,0,0,0,0,0,0,0
1,16385,12,0x1.028f5c28f5c29p+0,1,0,4,4194304,4,0,0,0,64,0,0,0,16385,8192,0,0,0,0,0,0,0,16384,81920,0,0,0,0,0,0,0
1,1025,9,0x1.028f5c28f5c29p+0,1,0,4,4194304,4,0,0,0,0,0,0,0,0,1025,0,0,0,0,0,0,0,0,0,0,0,1025,0,0,0,0
1,1025,13,0x0p+0,1,0,4,4194304,4,0,0,0,64,0,0,0,1025,614,0,0,0,0,0,0,0,1025,5125,0,0,0,0,0,0,0
1,1025,14,0x0p+0,1,0,4,4194304,4,0,0,0,64,0,0,0,1025,512,0,0,0,0,0,0,0,1025,5125,0,0,0,0,0,0,0
1,1025,13,-0x0p+0,1,0,4,4194304,4,0,0,0,64,0,0,0,1025,614,0,0,0,0,0,0,0,1025,5125,0,0,0,0,0,0,0
1,1025,14,-0x0p+0,1,0,4,4194304,4,0,0,0,64,0,0,0,1025,512,0,0,0,0,0,0,0,1025,5125,0,0,0,0,0,0,0
1,1025,13,0x1.028f5c28f5c29p+0,1,0,4,4194304,4,0,0,0,64,0,0,0,1025,614,0,0,0,0,0,0,0,1025,5125,0,0,0,0,0,0,0
1,1025,14,0x1.028f5c28f5c29p+0,1,0,4,4194304,4,0,0,0,64,0,0,0,1025,512,0,0,0,0,0,0,0,1025,5125,0,0,0,0,0,0,0
1,1025,13,-0x1.028f5c28f5c29p+0,1,0,4,4194304,4,0,0,0,64,0,0,0,1025,614,0,0,0,0,0,0,0,1025,5125,0,0,0,0,0,0,0
1,1025,14,-0x1.028f5c28f5c29p+0,1,0,4,4194304,4,0,0,0,64,0,0,0,1025,512,0,0,0,0,0,0,0,1025,5125,0,0,0,0,0,0,0
1,1025,13,0x1.0000000000001p+0,1,0,4,4194304,4,0,0,0,64,0,0,0,1025,614,0,0,0,0,0,0,0,1025,5125,0,0,0,0,0,0,0
1,1025,14,0x1.0000000000001p+0,1,0,4,4194304,4,0,0,0,64,0,0,0,1025,512,0,0,0,0,0,0,0,1025,5125,0,0,0,0,0,0,0
1,1025,13,0x1p-1074,1,0,4,4194304,4,0,0,0,64,0,0,0,1025,614,0,0,0,0,0,0,0,1025,5125,0,0,0,0,0,0,0
1,1025,14,0x1p-1074,1,0,4,4194304,4,0,0,0,64,0,0,0,1025,512,0,0,0,0,0,0,0,1025,5125,0,0,0,0,0,0,0
1,1025,13,-0x1p-1074,1,0,4,4194304,4,0,0,0,64,0,0,0,1025,614,0,0,0,0,0,0,0,1025,5125,0,0,0,0,0,0,0
1,1025,14,-0x1p-1074,1,0,4,4194304,4,0,0,0,64,0,0,0,1025,512,0,0,0,0,0,0,0,1025,5125,0,0,0,0,0,0,0
1,1025,13,0x1.fffffep+126,1,0,4,4194304,4,0,0,0,64,0,0,0,1025,614,0,0,0,0,0,0,0,1025,5125,0,0,0,0,0,0,0
1,1025,14,0x1.fffffep+126,1,0,4,4194304,4,0,0,0,64,0,0,0,1025,512,0,0,0,0,0,0,0,1025,5125,0,0,0,0,0,0,0
1,1025,13,-0x1.fffffep+126,1,0,4,4194304,4,0,0,0,64,0,0,0,1025,614,0,0,0,0,0,0,0,1025,5125,0,0,0,0,0,0,0
1,1025,14,-0x1.fffffep+126,1,0,4,4194304,4,0,0,0,64,0,0,0,1025,512,0,0,0,0,0,0,0,1025,5125,0,0,0,0,0,0,0
1,1025,13,0x1p+127,1,0,4,4194304,4,0,0,0,64,0,0,0,1025,614,0,0,0,0,0,0,0,1025,5125,0,0,0,0,0,0,0
1,1025,14,0x1p+127,1,0,4,4194304,4,0,0,0,64,0,0,0,1025,512,0,0,0,0,0,0,0,1025,5125,0,0,0,0,0,0,0
1,1025,13,-0x1p+127,1,0,4,4194304,4,0,0,0,64,0,0,0,1025,614,0,0,0,0,0,0,0,1025,5125,0,0,0,0,0,0,0
1,1025,14,-0x1p+127,1,0,4,4194304,4,0,0,0,64,0,0,0,1025,512,0,0,0,0,0,0,0,1025,5125,0,0,0,0,0,0,0
1,1025,13,0x1.fffffffffffffp+1022,1,0,4,4194304,4,0,0,0,1058,0,0,0,1025,820,0,0,0,0,0,0,0,256,1280,0,0,0,0,0,0,0
1,1025,14,0x1.fffffffffffffp+1022,1,0,4,4194304,4,0,0,0,1058,0,0,0,1025,1025,0,0,0,0,0,0,0,256,1280,0,0,0,0,0,0,0
1,1025,13,-0x1.fffffffffffffp+1022,1,0,4,4194304,4,0,0,0,1058,0,0,0,1025,820,0,0,0,0,0,0,0,256,1280,0,0,0,0,0,0,0
1,1025,14,-0x1.fffffffffffffp+1022,1,0,4,4194304,4,0,0,0,1058,0,0,0,1025,1025,0,0,0,0,0,0,0,256,1280,0,0,0,0,0,0,0
1,1025,13,0x1.fffffffffffffp+1023,1,0,4,4194304,4,0,0,0,1083,0,0,0,1025,922,0,0,0,0,0,0,0,256,1280,0,0,0,0,0,0,0
1,1025,14,0x1.fffffffffffffp+1023,1,0,4,4194304,4,0,0,0,1083,0,0,0,1025,1025,0,0,0,0,0,0,0,256,1280,0,0,0,0,0,0,0
1,1025,13,-0x1.fffffffffffffp+1023,1,0,4,4194304,4,0,0,0,1083,0,0,0,1025,922,0,0,0,0,0,0,0,256,1280,0,0,0,0,0,0,0
1,1025,14,-0x1.fffffffffffffp+1023,1,0,4,4194304,4,0,0,0,1083,0,0,0,1025,1025,0,0,0,0,0,0,0,256,1280,0,0,0,0,0,0,0
0,1025,2,0x1.028f5c28f5c29p+0,0,0,3,4194304,4,0,0,0,1153,0,0,0,2050,749,0,0,0,0,0,0,0,1281,6405,0,0,0,0,0,0,0
0,1025,10,0x1.028f5c28f5c29p+0,1,0,3,4194304,3,0,0,0,64,0,0,0,1025,660,0,0,0,0,0,0,0,1025,5125,0,0,0,0,0,0,0
0,1025,2,0x1.028f5c28f5c29p+0,0,0,4,4194304,4,0,0,0,64,0,0,0,1025,749,0,0,0,0,0,0,0,1025,5125,0,0,0,0,0,0,0
0,1025,10,0x1.028f5c28f5c29p+0,1,0,4,4194304,4,0,0,0,64,0,0,0,1025,660,0,0,0,0,0,0,0,1025,5125,0,0,0,0,0,0,0
3,1025,7,0x1.028f5c28f5c29p+0,0,0,3,4194304,3,0,0,0,64,0,0,0,1025,0,0,0,0,0,0,0,0,0,0,0,0,0,0,0,0,0
3,1025,7,-0x0p+0,0,0,3,4194304,3,0,0,0,64,0,0,0,1025,0,0,0,0,0,0,0,0,0,0,0,0,0,0,0,0,0
3,1025,7,0x1.fffffffffffffp+1022,0,0,3,4194304,3,0,0,0,1027,0,0,0,1025,1025,0,0,0,0,0,0,0,0,0,0,0,0,0,0,0,0
3,1025,7,0x1.fffffffffffffp+1023,0,0,3,4194304,3,0,0,0,1027,0,0,0,1025,1025,0,0,0,0,0,0,0,0,0,0,0,0,0,0,0,0
3,1025,8,0x1.028f5c28f5c29p+0,0,0,3,4194304,3,0,0,0,64,0,0,0,1025,512,0,0,0,0,0,0,0,256,1280,0,0,0,0,769,769,0
3,1025,8,-0x0p+0,0,0,3,4194304,3,0,0,0,64,0,0,0,1025,512,0,0,0,0,0,0,0,256,1280,0,0,0,0,769,769,0
3,1025,8,0x1.fffffffffffffp+1022,0,0,3,4194304,3,0,0,0,1027,0,0,0,1025,1025,0,0,0,0,0,0,0,0,0,0,0,0,0,0,0,0
3,1025,8,0x1.fffffffffffffp+1023,0,0,3,4194304,3,0,0,0,1027,0,0,0,1025,1025,0,0,0,0,0,0,0,0,0,0,0,0,0,0,0,0
3,1025,14,0x1.028f5c28f5c29p+0,0,0,3,4194304,4,0,0,0,897,0,0,0,2050,512,0,0,0,0,0,0,0,512,2560,0,0,0,0,1538,769,0
3,1025,14,-0x0p+0,0,0,3,4194304,3,0,0,0,64,0,0,0,1025,512,0,0,0,0,0,0,0,256,1280,0,0,0,0,769,769,0
3,1025,14,0x1.fffffffffffffp+1022,0,0,3,4194304,3,0,0,0,1027,0,0,0,1025,1025,0,0,0,0,0,0,0,0,0,0,0,0,0,0,0,0
3,1025,14,0x1.fffffffffffffp+1023,0,0,3,4194304,3,0,0,0,1027,0,0,0,1025,1025,0,0,0,0,0,0,0,0,0,0,0,0,0,0,0,0
3,1025,15,0x1.028f5c28f5c29p+0,0,0,3,4194304,3,0,0,0,1089,0,0,0,1025,512,0,0,0,0,0,0,0,0,0,0,0,0,0,0,0,0
3,1025,15,-0x0p+0,0,0,3,4194304,3,0,0,0,1089,0,0,0,1025,512,0,0,0,0,0,0,0,0,0,0,0,0,0,0,0,0
3,1025,15,0x1.fffffffffffffp+1022,0,0,3,4194304,3,0,0,0,1027,0,0,0,1025,1025,0,0,0,0,0,0,0,0,0,0,0,0,0,0,0,0
3,1025,15,0x1.fffffffffffffp+1023,0,0,3,4194304,3,0,0,0,1027,0,0,0,1025,1025,0,0,0,0,0,0,0,0,0,0,0,0,0,0,0,0
3,1025,16,0x1.028f5c28f5c29p+0,0,0,3,4194304,3,0,0,0,64,0,0,0,1025,512,0,0,0,0,0,0,0,256,1280,0,0,0,0,769,769,0
3,1025,16,-0x0p+0,0,0,3,4194304,3,0,0,0,64,0,0,0,1025,512,0,0,0,0,0,0,0,256,1280,0,0,0,0,769,769,0
3,1025,16,0x1.fffffffffffffp+1022,0,0,3,4194304,3,0,0,0,1027,0,0,0,1025,1025,0,0,0,0,0,0,0,0,0,0,0,0,0,0,0,0
3,1025,16,0x1.fffffffffffffp+1023,0,0,3,4194304,3,0,0,0,1027,0,0,0,1025,1025,0,0,0,0,0,0,0,0,0,0,0,0,0,0,0,0
3,1025,17,0x1.028f5c28f5c29p+0,0,0,3,4194304,3,0,0,0,64,0,0,0,1025,1025,0,0,0,0,0,0,0,256,1280,0,0,0,0,769,769,0
3,1025,17,-0x0p+0,0,0,3,4194304,3,0,0,0,64,0,0,0,1025,1025,0,0,0,0,0,0,0,256,1280,0,0,0,0,769,769,0
3,1025,17,0x1.fffffffffffffp+1022,0,0,3,4194304,3,0,0,0,1027,0,0,0,1025,1025,0,0,0,0,0,0,0,0,0,0,0,0,0,0,0,0
3,1025,17,0x1.fffffffffffffp+1023,0,0,3,4194304,3,0,0,0,1027,0,0,0,1025,1025,0,0,0,0,0,0,0,0,0,0,0,0,0,0,0,0
3,1025,7,0x1.028f5c28f5c29p+0,0,7,3,4194304,3,0,0,0,64,0,0,0,1025,0,0,0,0,0,0,0,0,0,0,0,0,0,0,0,0,0
3,1025,7,-0x0p+0,0,7,3,4194304,3,0,0,0,64,0,0,0,1025,0,0,0,0,0,0,0,0,0,0,0,0,0,0,0,0,0
3,1025,7,0x1.fffffffffffffp+1022,0,7,3,4194304,3,0,0,0,1027,0,0,0,1025,1025,0,0,0,0,0,0,0,0,0,0,0,0,0,0,0,0
3,1025,7,0x1.fffffffffffffp+1023,0,7,3,4194304,3,0,0,0,1027,0,0,0,1025,1025,0,0,0,0,0,0,0,0,0,0,0,0,0,0,0,0
3,1025,8,0x1.028f5c28f5c29p+0,0,7,3,4194304,3,0,0,0,64,0,0,0,1025,512,0,0,0,0,0,0,0,1025,5125,0,0,0,0,0,0,0
3,1025,8,-0x0p+0,0,7,3,4194304,3,0,0,0,64,0,0,0,1025,512,0,0,0,0,0,0,0,1025,5125,0,0,0,0,0,0,0
3,1025,8,0x1.fffffffffffffp+1022,0,7,3,4194304,3,0,0,0,1027,0,0,0,1025,1025,0,0,0,0,0,0,0,0,0,0,0,0,0,0,0,0
3,1025,8,0x1.fffffffffffffp+1023,0,7,3,4194304,3,0,0,0,1027,0,0,0,1025,1025,0,0,0,0,0,0,0,0,0,0,0,0,0,0,0,0
3,1025,14,0x1.028f5c28f5c29p+0,0,7,3,4194304,4,0,0,0,131,0,0,0,2050,512,0,0,0,0,0,0,0,2050,10250,0,0,0,0,0,0,0
3,1025,14,-0x0p+0,0,7,3,4194304,3,0,0,0,64,0,0,0,1025,512,0,0,0,0,0,0,0,1025,5125,0,0,0,0,0,0,0
3,1025,14,0x1.fffffffffffffp+1022,0,7,3,4194304,3,0,0,0,1027,0,0,0,1025,1025,0,0,0,0,0,0,0,0,0,0,0,0,0,0,0,0
3,1025,14,0x1.fffffffffffffp+1023,0,7,3,4194304,3,0,0,0,1027,0,0,0,1025,1025,0,0,0,0,0,0,0,0,0,0,0,0,0,0,0,0
3,1025,15,0x1.028f5c28f5c29p+0,0,7,3,4194304,3,0,0,0,1089,0,0,0,1025,512,0,0,0,0,0,0,0,0,0,0,0,0,0,0,0,0
3,1025,15,-0x0p+0,0,7,3,4194304,3,0,0,0,1089,0,0,0,1025,512,0,0,0,0,0,0,0,0,0,0,0,0,0,0,0,0
3,1025,15,0x1.fffffffffffffp+1022,0,7,3,4194304,3,0,0,0,1027,0,0,0,1025,1025,0,0,0,0,0,0,0,0,0,0,0,0,0,0,0,0
3,1025,15,0x1.fffffffffffffp+1023,0,7,3,4194304,3,0,0,0,1027,0,0,0,1025,1025,0,0,0,0,0,0,0,0,0,0,0,0,0,0,0,0
3,1025,16,0x1.028f5c28f5c29p+0,0,7,3,4194304,3,0,0,0,64,0,0,0,1025,512,0,0,0,0,0,0,0,1025,5125,0,0,0,0,0,0,0
3,1025,16,-0x0p+0,0,7,3,4194304,3,0,0,0,64,0,0,0,1025,512,0,0,0,0,0,0,0,1025,5125,0,0,0,0,0,0,0
3,1025,16,0x1.fffffffffffffp+1022,0,7,3,4194304,3,0,0,0,1027,0,0,0,1025,1025,0,0,0,0,0,0,0,0,0,0,0,0,0,0,0,0
3,1025,16,0x1.fffffffffffffp+1023,0,7,3,4194304,3,0,0,0,1027,0,0,0,1025,1025,0,0,0,0,0,0,0,0,0,0,0,0,0,0,0,0
3,1025,17,0x1.028f5c28f5c29p+0,0,7,3,4194304,3,0,0,0,64,0,0,0,1025,1025,0,0,0,0,0,0,0,1025,5125,0,0,0,0,0,0,0
3,1025,17,-0x0p+0,0,7,3,4194304,3,0,0,0,64,0,0,0,1025,1025,0,0,0,0,0,0,0,1025,5125,0,0,0,0,0,0,0
3,1025,17,0x1.fffffffffffffp+1022,0,7,3,4194304,3,0,0,0,1027,0,0,0,1025,1025,0,0,0,0,0,0,0,0,0,0,0,0,0,0,0,0
3,1025,17,0x1.fffffffffffffp+1023,0,7,3,4194304,3,0,0,0,1027,0,0,0,1025,1025,0,0,0,0,0,0,0,0,0,0,0,0,0,0,0,0
3,1025,7,0x1.028f5c28f5c29p+0,0,0,4,4194304,4,0,0,0,64,0,0,0,1025,0,0,0,0,0,0,0,0,0,0,0,0,0,0,0,0,0
3,1025,7,-0x0p+0,0,0,4,4194304,4,0,0,0,64,0,0,0,1025,0,0,0,0,0,0,0,0,0,0,0,0,0,0,0,0,0
3,1025,7,0x1.fffffffffffffp+1022,0,0,4,4194304,4,0,0,0,1058,0,0,0,1025,1025,0,0,0,0,0,0,0,0,0,0,0,0,0,0,0,0
3,1025,7,0x1.fffffffffffffp+1023,0,0,4,4194304,4,0,0,0,1083,0,0,0,1025,1025,0,0,0,0,0,0,0,0,0,0,0,0,0,0,0,0
3,1025,8,0x1.028f5c28f5c29p+0,0,0,4,4194304,4,0,0,0,64,0,0,0,1025,512,0,0,0,0,0,0,0,256,1280,0,0,0,0,769,769,0
3,1025,8,-0x0p+0,0,0,4,4194304,4,0,0,0,64,0,0,0,1025,512,0,0,0,0,0,0,0,256,1280,0,0,0,0,769,769,0
3,1025,8,0x1.fffffffffffffp+1022,0,0,4,4194304,4,0,0,0,1058,0,0,0,1025,1025,0,0,0,0,0,0,0,256,1280,0,0,0,0,0,0,0
3,1025,8,0x1.fffffffffffffp+1023,0,0,4,4194304,4,0,0,0,1083,0,0,0,1025,1025,0,0,0,0,0,0,0,256,1280,0,0,0,0,0,0,0
3,1025,14,0x1.028f5c28f5c29p+0,0,0,4,4194304,4,0,0,0,64,0,0,0,1025,512,0,0,0,0,0,0,0,256,1280,0,0,0,0,769,769,0
3,1025,14,-0x0p+0,0,0,4,4194304,4,0,0,0,64,0,0,0,1025,512,0,0,0,0,0,0,0,256,1280,0,0,0,0,769,769,0
3,1025,14,0x1.fffffffffffffp+1022,0,0,4,4194304,4,0,0,0,1058,0,0,0,1025,1025,0,0,0,0,0,0,0,256,1280,0,0,0,0,0,0,0
3,1025,14,0x1.fffffffffffffp+1023,0,0,4,4194304,4,0,0,0,1083,0,0,0,1025,1025,0,0,0,0,0,0,0,256,1280,0,0,0,0,0,0,0
3,1025,15,0x1.028f5c28f5c29p+0,0,0,4,4194304,4,0,0,0,1089,0,0,0,1025,512,0,0,0,0,0,0,0,0,0,0,0,0,0,0,0,0
3,1025,15,-0x0p+0,0,0,4,4194304,4,0,0,0,1089,0,0,0,1025,512,0,0,0,0,0,0,0,0,0,0,0,0,0,0,0,0
3,1025,15,0x1.fffffffffffffp+1022,0,0,4,4194304,4,0,0,0,1058,0,0,0,1025,1025,0,0,0,0,0,0,0,0,0,0,0,0,0,0,0,0
3,1025,15,0x1.fffffffffffffp+1023,0,0,4,4194304,4,0,0,0,1083,0,0,0,1025,1025,0,0,0,0,0,0,0,0,0,0,0,0,0,0,0,0
3,1025,16,0x1.028f5c28f5c29p+0,0,0,4,4194304,4,0,0,0,64,0,0,0,1025,512,0,0,0,0,0,0,0,256,1280,0,0,0,0,769,769,0
3,1025,16,-0x0p+0,0,0,4,4194304,4,0,0,0,64,0,0,0,1025,512,0,0,0,0,0,0,0,256,1280,0,0,0,0,769,769,0
3,1025,16,0x1.fffffffffffffp+1022,0,0,4,4194304,4,0,0,0,1058,0,0,0,1025,1025,0,0,0,0,0,0,0,256,1280,0,0,0,0,0,0,0
3,1025,16,0x1.fffffffffffffp+1023,0,0,4,4194304,4,0,0,0,1083,0,0,0,1025,1025,0,0,0,0,0,0,0,256,1280,0,0,0,0,0,0,0
3,1025,17,0x1.028f5c28f5c29p+0,0,0,4,4194304,4,0,0,0,64,0,0,0,1025,1025,0,0,0,0,0,0,0,256,1280,0,0,0,0,769,769,0
3,1025,17,-0x0p+0,0,0,4,4194304,4,0,0,0,64,0,0,0,1025,1025,0,0,0,0,0,0,0,256,1280,0,0,0,0,769,769,0
3,1025,17,0x1.fffffffffffffp+1022,0,0,4,4194304,4,0,0,0,33,0,0,0,1025,1025,0,0,0,0,0,0,0,256,1280,0,0,0,0,769,769,0
3,1025,17,0x1.fffffffffffffp+1023,0,0,4,4194304,4,0,0,0,58,0,0,0,1025,1025,0,0,0,0,0,0,0,256,1280,0,0,0,0,769,769,0
3,1025,7,0x1.028f5c28f5c29p+0,0,7,4,4194304,4,0,0,0,64,0,0,0,1025,0,0,0,0,0,0,0,0,0,0,0,0,0,0,0,0,0
3,1025,7,-0x0p+0,0,7,4,4194304,4,0,0,0,64,0,0,0,1025,0,0,0,0,0,0,0,0,0,0,0,0,0,0,0,0,0
3,1025,7,0x1.fffffffffffffp+1022,0,7,4,4194304,4,0,0,0,1058,0,0,0,1025,1025,0,0,0,0,0,0,0,0,0,0,0,0,0,0,0,0
3,1025,7,0x1.fffffffffffffp+1023,0,7,4,4194304,4,0,0,0,1083,0,0,0,1025,1025,0,0,0,0,0,0,0,0,0,0,0,0,0,0,0,0
3,1025,8,0x1.028f5c28f5c29p+0,0,7,4,4194304,4,0,0,0,64,0,0,0,1025,512,0,0,0,0,0,0,0,1025,5125,0,0,0,0,0,0,0
3,1025,8,-0x0p+0,0,7,4,4194304,4,0,0,0,64,0,0,0,1025,512,0,0,0,0,0,0,0,1025,5125,0,0,0,0,0,0,0
3,1025,8,0x1.fffffffffffffp+1022,0,7,4,4194304,4,0,0,0,1058,0,0,0,1025,1025,0,0,0,0,0,0,0,1025,5125,0,0,0,0,0,0,0
3,1025,8,0x1.fffffffffffffp+1023,0,7,4,4194304,4,0,0,0,1083,0,0,0,1025,1025,0,0,0,0,0,0,0,1025,5125,0,0,0,0,0,0,0
3,1025,14,0x1.028f5c28f5c29p+0,0,7,4,4194304,4,0,0,0,64,0,0,0,1025,512,0,0,0,0,0,0,0,1025,5125,0,0,0,0,0,0,0
3,1025,14,-0x0p+0,0,7,4,4194304,4,0,0,0,64,0,0,0,1025,512,0,0,0,0,0,0,0,1025,5125,0,0,0,0,0,0,0
3,1025,14,0x1.fffffffffffffp+1022,0,7,4,4194304,4,0,0,0,1058,0,0,0,1025,1025,0,0,0,0,0,0,0,1025,5125,0,0,0,0,0,0,0
3,1025,14,0x1.fffffffffffffp+1023,0,7,4,4194304,4,0,0,0,1083,0,0,0,1025,1025,0,0,0,0,0,0,0,1025,5125,0,0,0,0,0,0,0
3,1025,15,0x1.028f5c28f5c29p+0,0,7,4,4194304,4,0,0,0,1089,0,0,0,1025,512,0,0,0,0,0,0,0,0,0,0,0,0,0,0,0,0
3,1025,15,-0x0p+0,0,7,4,4194304,4,0,0,0,1089,0,0,0,1025,512,0,0,0,0,0,0,0,0,0,0,0,0,0,0,0,0
3,1025,15,0x1.fffffffffffffp+1022,0,7,4,4194304,4,0,0,0,1058,0,0,0,1025,1025,0,0,0,0,0,0,0,0,0,0,0,0,0,0,0,0
3,1025,15,0x1.fffffffffffffp+1023,0,7,4,4194304,4,0,0,0,1083,0,0,0,1025,1025,0,0,0,0,0,0,0,0,0,0,0,0,0,0,0,0
3,1025,16,0x1.028f5c28f5c29p+0,0,7,4,4194304,4,0,0,0,64,0,0,0,1025,512,0,0,0,0,0,0,0,1025,5125,0,0,0,0,0,0,0
3,1025,16,-0x0p+0,0,7,4,4194304,4,0,0,0,64,0,0,0,1025,512,0,0,0,0,0,0,0,1025,5125,0,0,0,0,0,0,0
3,1025,16,0x1.fffffffffffffp+1022,0,7,4,4194304,4,0,0,0,1058,0,0,0,1025,1025,0,0,0,0,0,0,0,1025,5125,0,0,0,0,0,0,0
3,1025,16,0x1.fffffffffffffp+1023,0,7,4,4194304,4,0,0,0,1083,0,0,0,1025,1025,0,0,0,0,0,0,0,1025,5125,0,0,0,0,0,0,0
3,1025,17,0x1.028f5c28f5c29p+0,0,7,4,4194304,4,0,0,0,64,0,0,0,1025,1025,0,0,0,0,0,0,0,1025,5125,0,0,0,0,0,0,0
3,1025,17,-0x0p+0,0,7,4,4194304,4,0,0,0,64,0,0,0,1025,1025,0,0,0,0,0,0,0,1025,5125,0,0,0,0,0,0,0
3,1025,17,0x1.fffffffffffffp+1022,0,7,4,4194304,4,0,0,0,33,0,0,0,1025,1025,0,0,0,0,0,0,0,1025,5125,0,0,0,0,0,0,0
3,1025,17,0x1.fffffffffffffp+1023,0,7,4,4194304,4,0,0,0,58,0,0,0,1025,1025,0,0,0,0,0,0,0,1025,5125,0,0,0,0,0,0,0
5,1025,7,0x1.028f5c28f5c29p+0,0,0,3,4194304,3,0,0,0,64,0,0,0,1025,0,0,0,0,0,0,0,0,0,0,0,0,0,0,0,0,0
5,1025,7,-0x0p+0,0,0,3,4194304,3,0,0,0,64,0,0,0,1025,0,0,0,0,0,0,0,0,0,0,0,0,0,0,0,0,0
5,1025,7,0x1.fffffffffffffp+1022,0,0,3,4194304,3,0,0,0,1027,0,0,0,1025,1025,0,0,0,0,0,0,0,0,0,0,0,0,0,0,0,0
5,1025,7,0x1.fffffffffffffp+1023,0,0,3,4194304,3,0,0,0,1027,0,0,0,1025,1025,0,0,0,0,0,0,0,0,0,0,0,0,0,0,0,0
5,1025,8,0x1.028f5c28f5c29p+0,0,0,3,4194304,3,0,0,0,64,0,0,0,1025,512,0,0,0,0,0,0,0,256,1280,0,0,0,0,769,769,0
5,1025,8,-0x0p+0,0,0,3,4194304,3,0,0,0,64,0,0,0,1025,512,0,0,0,0,0,0,0,256,1280,0,0,0,0,769,769,0
5,1025,8,0x1.fffffffffffffp+1022,0,0,3,4194304,3,0,0,0,1027,0,0,0,1025,1025,0,0,0,0,0,0,0,0,0,0,0,0,0,0,0,0
5,1025,8,0x1.fffffffffffffp+1023,0,0,3,4194304,3,0,0,0,1027,0,0,0,1025,1025,0,0,0,0,0,0,0,0,0,0,0,0,0,0,0,0
5,1025,14,0x1.028f5c28f5c29p+0,0,0,3,4194304,4,0,0,0,897,0,0,0,2050,512,0,0,0,0,0,0,0,512,2560,0,0,0,0,1538,769,0
5,1025,14,-0x0p+0,0,0,3,4194304,3,0,0,0,64,0,0,0,1025,512,0,0,0,0,0,0,0,256,1280,0,0,0,0,769,769,0
5,1025,14,0x1.fffffffffffffp+1022,0,0,3,4194304,3,0,0,0,1027,0,0,0,1025,1025,0,0,0,0,0,0,0,0,0,0,0,0,0,0,0,0
5,1025,14,0x1.fffffffffffffp+1023,0,0,3,4194304,3,0,0,0,1027,0,0,0,1025,1025,0,0,0,0,0,0,0,0,0,0,0,0,0,0,0,0
5,1025,15,0x1.028f5c28f5c29p+0,0,0,3,4194304,3,0,0,0,1089,0,0,0,1025,512,0,0,0,0,0,0,0,0,0,0,0,0,0,0,0,0
5,1025,15,-0x0p+0,0,0,3,4194304,3,0,0,0,1089,0,0,0,1025,512,0,0,0,0,0,0,0,0,0,0,0,0,0,0,0,0
5,1025,15,0x1.fffffffffffffp+1022,0,0,3,4194304,3,0,0,0,1027,0,0,0,1025,1025,0,0,0,0,0,0,0,0,0,0,0,0,0,0,0,0
5,1025,15,0x1.fffffffffffffp+1023,0,0,3,4194304,3,0,0,0,1027,0,0,0,1025,1025,0,0,0,0,0,0,0,0,0,0,0,0,0,0,0,0
5,1025,16,0x1.028f5c28f5c29p+0,0,0,3,4194304,3,0,0,0,64,0,0,0,1025,512,0,0,0,0,0,0,0,256,1280,0,0,0,0,769,769,0
5,1025,16,-0x0p+0,0,0,3,4194304,3,0,0,0,64,0,0,0,1025,512,0,0,0,0,0,0,0,256,1280,0,0,0,0,769,769,0
5,1025,16,0x1.fffffffffffffp+1022,0,0,3,4194304,3,0,0,0,1027,0,0,0,1025,1025,0,0,0,0,0,0,0,0,0,0,0,0,0,0,0,0
5,1025,16,0x1.fffffffffffffp+1023,0,0,3,4194304,3,0,0,0,1027,0,0,0,1025,1025,0,0,0,0,0,0,0,0,0,0,0,0,0,0,0,0
5,1025,17,0x1.028f5c28f5c29p+0,0,0,3,4194304,3,0,0,0,64,0,0,0,1025,1025,0,0,0,0,0,0,0,256,1280,0,0,0,0,769,769,0
5,1025,17,-0x0p+0,0,0,3,4194304,3,0,0,0,64,0,0,0,1025,1025,0,0,0,0,0,0,0,256,1280,0,0,0,0,769,769,0
5,1025,17,0x1.fffffffffffffp+1022,0,0,3,4194304,3,0,0,0,1027,0,0,0,1025,1025,0,0,0,0,0,0,0,0,0,0,0,0,0,0,0,0
5,1025,17,0x1.fffffffffffffp+1023,0,0,3,4194304,3,0,0,0,1027,0,0,0,1025,1025,0,0,0,0,0,0,0,0,0,0,0,0,0,0,0,0
5,1025,7,0x1.028f5c28f5c29p+0,0,7,3,4194304,3,0,0,0,64,0,0,0,1025,0,0,0,0,0,0,0,0,0,0,0,0,0,0,0,0,0
5,1025,7,-0x0p+0,0,7,3,4194304,3,0,0,0,64,0,0,0,1025,0,0,0,0,0,0,0,0,0,0,0,0,0,0,0,0,0
5,1025,7,0x1.fffffffffffffp+1022,0,7,3,4194304,3,0,0,0,1027,0,0,0,1025,1025,0,0,0,0,0,0,0,0,0,0,0,0,0,0,0,0
5,1025,7,0x1.fffffffffffffp+1023,0,7,3,4194304,3,0,0,0,1027,0,0,0,1025,1025,0,0,0,0,0,0,0,0,0,0,0,0,0,0,0,0
5,1025,8,0x1.028f5c28f5c29p+0,0,7,3,4194304,3,0,0,0,64,0,0,0,1025,512,0,0,0,0,0,0,0,1025,5125,0,0,0,0,0,0,0
5,1025,8,-0x0p+0,0,7,3,4194304,3,0,0,0,64,0,0,0,1025,512,0,0,0,0,0,0,0,1025,5125,0,0,0,0,0,0,0
5,1025,8,0x1.fffffffffffffp+1022,0,7,3,4194304,3,0,0,0,1027,0,0,0,1025,1025,0,0,0,0,0,0,0,0,0,0,0,0,0,0,0,0
5,1025,8,0x1.fffffffffffffp+1023,0,7,3,4194304,3,0,0,0,1027,0,0,0,1025,1025,0,0,0,0,0,0,0,0,0,0,0,0,0,0,0,0
5,1025,14,0x1.028f5c28f5c29p+0,0,7,3,4194304,4,0,0,0,131,0,0,0,2050,512,0,0,0,0,0,0,0,2050,10250,0,0,0,0,0,0,0
5,1025,14,-0x0p+0,0,7,3,4194304,3,0,0,0,64,0,0,0,1025,512,0,0,0,0,0,0,0,1025,5125,0,0,0,0,0,0,0
5,1025,14,0x1.fffffffffffffp+1022,0,7,3,4194304,3,0,0,0,1027,0,0,0,1025,1025,0,0,0,0,0,0,0,0,0,0,0,0,0,0,0,0
5,1025,14,0x1.fffffffffffffp+1023,0,7,3,4194304,3,0,0,0,1027,0,0,0,1025,1025,0,0,0,0,0,0,0,0,0,0,0,0,0,0,0,0
5,1025,15,0x1.028f5c28f5c29p+0,0,7,3,4194304,3,0,0,0,1089,0,0,0,1025,512,0,0,0,0,0,0,0,0,0,0,0,0,0,0,0,0
5,1025,15,-0x0p+0,0,7,3,4194304,3,0,0,0,1089,0,0,0,1025,512,0,0,0,0,0,0,0,0,0,0,0,0,0,0,0,0
5,1025,15,0x1.fffffffffffffp+1022,0,7,3,4194304,3,0,0,0,1027,0,0,0,1025,1025,0,0,0,0,0,0,0,0,0,0,0,0,0,0,0,0
5,1025,15,0x1.fffffffffffffp+1023,0,7,3,4194304,3,0,0,0,1027,0,0,0,1025,1025,0,0,0,0,0,0,0,0,0,0,0,0,0,0,0,0
5,1025,16,0x1.028f5c28f5c29p+0,0,7,3,4194304,3,0,0,0,64,0,0,0,1025,512,0,0,0,0,0,0,0,1025,5125,0,0,0,0,0,0,0
5,1025,16,-0x0p+0,0,7,3,4194304,3,0,0,0,64,0,0,0,1025,512,0,0,0,0,0,0,0,1025,5125,0,0,0,0,0,0,0
5,1025,16,0x1.fffffffffffffp+1022,0,7,3,4194304,3,0,0,0,1027,0,0,0,1025,1025,0,0,0,0,0,0,0,0,0,0,0,0,0,0,0,0
5,1025,16,0x1.fffffffffffffp+1023,0,7,3,4194304,3,0,0,0,1027,0,0,0,1025,1025,0,0,0,0,0,0,0,0,0,0,0,0,0,0,0,0
5,1025,17,0x1.028f5c28f5c29p+0,0,7,3,4194304,3,0,0,0,64,0,0,0,1025,1025,0,0,0,0,0,0,0,1025,5125,0,0,0,0,0,0,0
5,1025,17,-0x0p+0,0,7,3,4194304,3,0,0,0,64,0,0,0,1025,1025,0,0,0,0,0,0,0,1025,5125,0,0,0,0,0,0,0
5,1025,17,0x1.fffffffffffffp+1022,0,7,3,4194304,3,0,0,0,1027,0,0,0,1025,1025,0,0,0,0,0,0,0,0,0,0,0,0,0,0,0,0
5,1025,17,0x1.fffffffffffffp+1023,0,7,3,4194304,3,0,0,0,1027,0,0,0,1025,1025,0,0,0,0,0,0,0,0,0,0,0,0,0,0,0,0
5,1025,7,0x1.028f5c28f5c29p+0,0,0,4,4194304,4,0,0,0,64,0,0,0,1025,0,0,0,0,0,0,0,0,0,0,0,0,0,0,0,0,0
5,1025,7,-0x0p+0,0,0,4,4194304,4,0,0,0,64,0,0,0,1025,0,0,0,0,0,0,0,0,0,0,0,0,0,0,0,0,0
5,1025,7,0x1.fffffffffffffp+1022,0,0,4,4194304,4,0,0,0,1058,0,0,0,1025,1025,0,0,0,0,0,0,0,0,0,0,0,0,0,0,0,0
5,1025,7,0x1.fffffffffffffp+1023,0,0,4,4194304,4,0,0,0,1083,0,0,0,1025,1025,0,0,0,0,0,0,0,0,0,0,0,0,0,0,0,0
5,1025,8,0x1.028f5c28f5c29p+0,0,0,4,4194304,4,0,0,0,64,0,0,0,1025,512,0,0,0,0,0,0,0,256,1280,0,0,0,0,769,769,0
5,1025,8,-0x0p+0,0,0,4,4194304,4,0,0,0,64,0,0,0,1025,512,0,0,0,0,0,0,0,256,1280,0,0,0,0,769,769,0
5,1025,8,0x1.fffffffffffffp+1022,0,0,4,4194304,4,0,0,0,1058,0,0,0,1025,1025,0,0,0,0,0,0,0,256,1280,0,0,0,0,0,0,0
5,1025,8,0x1.fffffffffffffp+1023,0,0,4,4194304,4,0,0,0,1083,0,0,0,1025,1025,0,0,0,0,0,0,0,256,1280,0,0,0,0,0,0,0
5,1025,14,0x1.028f5c28f5c29p+0,0,0,4,4194304,4,0,0,0,64,0,0,0,1025,512,0,0,0,0,0,0,0,256,1280,0,0,0,0,769,769,0
5,1025,14,-0x0p+0,0,0,4,4194304,4,0,0,0,64,0,0,0,1025,512,0,0,0,0,0,0,0,256,1280,0,0,0,0,769,769,0
5,1025,14,0x1.fffffffffffffp+1022,0,0,4,4194304,4,0,0,0,1058,0,0,0,1025,1025,0,0,0,0,0,0,0,256,1280,0,0,0,0,0,0,0
5,1025,14,0x1.fffffffffffffp+1023,0,0,4,4194304,4,0,0,0,1083,0,0,0,1025,1025,0,0,0,0,0,0,0,256,1280,0,0,0,0,0,0,0
5,1025,15,0x1.028f5c28f5c29p+0,0,0,4,4194304,4,0,0,0,1089,0,0,0,1025,512,0,0,0,0,0,0,0,0,0,0,0,0,0,0,0,0
5,1025,15,-0x0p+0,0,0,4,4194304,4,0,0,0,1089,0,0,0,1025,512,0,0,0,0,0,0,0,0,0,0,0,0,0,0,0,0
5,1025,15,0x1.fffffffffffffp+1022,0,0,4,4194304,4,0,0,0,1058,0,0,0,1025,1025,0,0,0,0,0,0,0,0,0,0,0,0,0,0,0,0
5,1025,15,0x1.fffffffffffffp+1023,0,0,4,4194304,4,0,0,0,1083,0,0,0,1025,1025,0,0,0,0,0,0,0,0,0,0,0,0,0,0,0,0
5,1025,16,0x1.028f5c28f5c29p+0,0,0,4,4194304,4,0,0,0,64,0,0,0,1025,512,0,0,0,0,0,0,0,256,1280,0,0,0,0,769,769,0
5,1025,16,-0x0p+0,0,0,4,4194304,4,0,0,0,64,0,0,0,1025,512,0,0,0,0,0,0,0,256,1280,0,0,0,0,769,769,0
5,1025,16,0x1.fffffffffffffp+1022,0,0,4,4194304,4,0,0,0,1058,0,0,0,1025,1025,0,0,0,0,0,0,0,256,1280,0,0,0,0,0,0,0
5,1025,16,0x1.fffffffffffffp+1023,0,0,4,4194304,4,0,0,0,1083,0,0,0,1025,1025,0,0,0,0,0,0,0,256,1280,0,0,0,0,0,0,0
5,1025,17,0x1.028f5c28f5c29p+0,0,0,4,4194304,4,0,0,0,64,0,0,0,1025,1025,0,0,0,0,0,0,0,256,1280,0,0,0,0,769,769,0
5,1025,17,-0x0p+0,0,0,4,4194304,4,0,0,0,64,0,0,0,1025,1025,0,0,0,0,0,0,0,256,1280,0,0,0,0,769,769,0
5,1025,17,0x1.fffffffffffffp+1022,0,0,4,4194304,4,0,0,0,33,0,0,0,1025,1025,0,0,0,0,0,0,0,256,1280,0,0,0,0,769,769,0
5,1025,17,0x1.fffffffffffffp+1023,0,0,4,4194304,4,0,0,0,58,0,0,0,1025,1025,0,0,0,0,0,0,0,256,1280,0,0,0,0,769,769,0
5,1025,7,0x1.028f5c28f5c29p+0,0,7,4,4194304,4,0,0,0,64,0,0,0,1025,0,0,0,0,0,0,0,0,0,0,0,0,0,0,0,0,0
5,1025,7,-0x0p+0,0,7,4,4194304,4,0,0,0,64,0,0,0,1025,0,0,0,0,0,0,0,0,0,0,0,0,0,0,0,0,0
5,1025,7,0x1.fffffffffffffp+1022,0,7,4,4194304,4,0,0,0,1058,0,0,0,1025,1025,0,0,0,0,0,0,0,0,0,0,0,0,0,0,0,0
5,1025,7,0x1.fffffffffffffp+1023,0,7,4,4194304,4,0,0,0,1083,0,0,0,1025,1025,0,0,0,0,0,0,0,0,0,0,0,0,0,0,0,0
5,1025,8,0x1.028f5c28f5c29p+0,0,7,4,4194304,4,0,0,0,64,0,0,0,1025,512,0,0,0,0,0,0,0,1025,5125,0,0,0,0,0,0,0
5,1025,8,-0x0p+0,0,7,4,4194304,4,0,0,0,64,0,0,0,1025,512,0,0,0,0,0,0,0,1025,5125,0,0,0,0,0,0,0
5,1025,8,0x1.fffffffffffffp+1022,0,7,4,4194304,4,0,0,0,1058,0,0,0,1025,1025,0,0,0,0,0,0,0,1025,5125,0,0,0,0,0,0,0
5,1025,8,0x1.fffffffffffffp+1023,0,7,4,4194304,4,0,0,0,1083,0,0,0,1025,1025,0,0,0,0,0,0,0,1025,5125,0,0,0,0,0,0,0
5,1025,14,0x1.028f5c28f5c29p+0,0,7,4,4194304,4,0,0,0,64,0,0,0,1025,512,0,0,0,0,0,0,0,1025,5125,0,0,0,0,0,0,0
5,1025,14,-0x0p+0,0,7,4,4194304,4,0,0,0,64,0,0,0,1025,512,0,0,0,0,0,0,0,1025,5125,0,0,0,0,0,0,0
5,1025,14,0x1.fffffffffffffp+1022,0,7,4,4194304,4,0,0,0,1058,0,0,0,1025,1025,0,0,0,0,0,0,0,1025,5125,0,0,0,0,0,0,0
5,1025,14,0x1.fffffffffffffp+1023,0,7,4,4194304,4,0,0,0,1083,0,0,0,1025,1025,0,0,0,0,0,0,0,1025,5125,0,0,0,0,0,0,0
5,1025,15,0x1.028f5c28f5c29p+0,0,7,4,4194304,4,0,0,0,1089,0,0,0,1025,512,0,0,0,0,0,0,0,0,0,0,0,0,0,0,0,0
5,1025,15,-0x0p+0,0,7,4,4194304,4,0,0,0,1089,0,0,0,1025,512,0,0,0,0,0,0,0,0,0,0,0,0,0,0,0,0
5,1025,15,0x1.fffffffffffffp+1022,0,7,4,4194304,4,0,0,0,1058,0,0,0,1025,1025,0,0,0,0,0,0,0,0,0,0,0,0,0,0,0,0
5,1025,15,0x1.fffffffffffffp+1023,0,7,4,4194304,4,0,0,0,1083,0,0,0,1025,1025,0,0,0,0,0,0,0,0,0,0,0,0,0,0,0,0
5,1025,16,0x1.028f5c28f5c29p+0,0,7,4,4194304,4,0,0,0,64,0,0,0,1025,512,0,0,0,0,0,0,0,1025,5125,0,0,0,0,0,0,0
5,1025,16,-0x0p+0,0,7,4,4194304,4,0,0,0,64,0,0,0,1025,512,0,0,0,0,0,0,0,1025,5125,0,0,0,0,0,0,0
5,1025,16,0x1.fffffffffffffp+1022,0,7,4,4194304,4,0,0,0,1058,0,0,0,1025,1025,0,0,0,0,0,0,0,1025,5125,0,0,0,0,0,0,0
5,1025,16,0x1.fffffffffffffp+1023,0,7,4,4194304,4,0,0,0,1083,0,0,0,1025,1025,0,0,0,0,0,0,0,1025,5125,0,0,0,0,0,0,0
5,1025,17,0x1.028f5c28f5c29p+0,0,7,4,4194304,4,0,0,0,64,0,0,0,1025,1025,0,0,0,0,0,0,0,1025,5125,0,0,0,0,0,0,0
5,1025,17,-0x0p+0,0,7,4,4194304,4,0,0,0,64,0,0,0,1025,1025,0,0,0,0,0,0,0,1025,5125,0,0,0,0,0,0,0
5,1025,17,0x1.fffffffffffffp+1022,0,7,4,4194304,4,0,0,0,33,0,0,0,1025,1025,0,0,0,0,0,0,0,1025,5125,0,0,0,0,0,0,0
5,1025,17,0x1.fffffffffffffp+1023,0,7,4,4194304,4,0,0,0,58,0,0,0,1025,1025,0,0,0,0,0,0,0,1025,5125,0,0,0,0,0,0,0
7,1025,7,0x1.028f5c28f5c29p+0,0,0,3,4194304,3,0,0,0,64,0,0,0,1025,0,0,0,0,0,0,0,0,0,0,0,0,0,0,0,0,1025
7,1025,7,-0x0p+0,0,0,3,4194304,3,0,0,0,64,0,0,0,1025,0,0,0,0,0,0,0,0,0,0,0,0,0,0,0,0,1025
7,1025,7,0x1.fffffffffffffp+1022,0,0,3,4194304,3,0,0,0,1027,0,0,0,1025,1025,0,0,0,0,0,0,0,0,0,0,0,0,0,0,0,0
7,1025,7,0x1.fffffffffffffp+1023,0,0,3,4194304,3,0,0,0,1027,0,0,0,1025,1025,0,0,0,0,0,0,0,0,0,0,0,0,0,0,0,0
7,1025,8,0x1.028f5c28f5c29p+0,0,0,3,4194304,3,0,0,0,64,0,0,0,1025,512,0,0,0,0,0,0,0,0,0,0,0,0,0,0,0,1025
7,1025,8,-0x0p+0,0,0,3,4194304,3,0,0,0,64,0,0,0,1025,512,0,0,0,0,0,0,0,0,0,0,0,0,0,0,0,1025
7,1025,8,0x1.fffffffffffffp+1022,0,0,3,4194304,3,0,0,0,1027,0,0,0,1025,1025,0,0,0,0,0,0,0,0,0,0,0,0,0,0,0,0
7,1025,8,0x1.fffffffffffffp+1023,0,0,3,4194304,3,0,0,0,1027,0,0,0,1025,1025,0,0,0,0,0,0,0,0,0,0,0,0,0,0,0,0
7,1025,14,0x1.028f5c28f5c29p+0,0,0,3,4194304,4,0,0,0,897,0,0,0,2050,512,0,0,0,0,0,0,0,256,1280,0,0,0,0,769,0,1025
7,1025,14,-0x0p+0,0,0,3,4194304,3,0,0,0,64,0,0,0,1025,512,0,0,0,0,0,0,0,0,0,0,0,0,0,0,0,1025
7,1025,14,0x1.fffffffffffffp+1022,0,0,3,4194304,3,0,0,0,1027,0,0,0,1025,1025,0,0,0,0,0,0,0,0,0,0,0,0,0,0,0,0
7,1025,14,0x1.fffffffffffffp+1023,0,0,3,4194304,3,0,0,0,1027,0,0,0,1025,1025,0,0,0,0,0,0,0,0,0,0,0,0,0,0,0,0
7,1025,15,0x1.028f5c28f5c29p+0,0,0,3,4194304,3,0,0,0,64,0,0,0,1025,512,0,0,0,0,0,0,0,0,0,0,0,0,0,0,0,1025
7,1025,15,-0x0p+0,0,0,3,4194304,3,0,0,0,64,0,0,0,1025,512,0,0,0,0,0,0,0,0,0,0,0,0,0,0,0,1025
7,1025,15,0x1.fffffffffffffp+1022,0,0,3,4194304,3,0,0,0,1027,0,0,0,1025,1025,0,0,0,0,0,0,0,0,0,0,0,0,0,0,0,0
7,1025,15,0x1.fffffffffffffp+1023,0,0,3,4194304,3,0,0,0,1027,0,0,0,1025,1025,0,0,0,0,0,0,0,0,0,0,0,0,0,0,0,0
7,1025,16,0x1.028f5c28f5c29p+0,0,0,3,4194304,3,0,0,0,64,0,0,0,1025,512,0,0,0,0,0,0,0,0,0,0,0,0,0,0,0,1025
7,1025,16,-0x0p+0,0,0,3,4194304,3,0,0,0,64,0,0,0,1025,512,0,0,0,0,0,0,0,0,0,0,0,0,0,0,0,1025
7,1025,16,0x1.fffffffffffffp+1022,0,0,3,4194304,3,0,0,0,1027,0,0,0,1025,1025,0,0,0,0,0,0,0,0,0,0,0,0,0,0,0,0
7,1025,16,0x1.fffffffffffffp+1023,0,0,3,4194304,3,0,0,0,1027,0,0,0,1025,1025,0,0,0,0,0,0,0,0,0,0,0,0,0,0,0,0
7,1025,17,0x1.028f5c28f5c29p+0,0,0,3,4194304,3,0,0,0,0,0,0,0,0,1025,0,0,0,0,0,0,0,0,0,0,0,1025,0,0,0,0
7,1025,17,-0x0p+0,0,0,3,4194304,3,0,0,0,0,0,0,0,0,1025,0,0,0,0,0,0,0,0,0,0,0,1025,0,0,0,0
7,1025,17,0x1.fffffffffffffp+1022,0,0,3,4194304,3,0,0,0,0,0,0,0,0,1025,0,0,0,0,0,0,0,0,0,0,0,1025,0,0,0,0
7,1025,17,0x1.fffffffffffffp+1023,0,0,3,4194304,3,0,0,0,0,0,0,0,0,1025,0,0,0,0,0,0,0,0,0,0,0,1025,0,0,0,0
7,1025,7,0x1.028f5c28f5c29p+0,0,7,3,4194304,3,0,0,0,64,0,0,0,1025,0,0,0,0,0,0,0,0,0,0,0,0,0,0,0,0,1025
7,1025,7,-0x0p+0,0,7,3,4194304,3,0,0,0,64,0,0,0,1025,0,0,0,0,0,0,0,0,0,0,0,0,0,0,0,0,1025
7,1025,7,0x1.fffffffffffffp+1022,0,7,3,4194304,3,0,0,0,1027,0,0,0,1025,1025,0,0,0,0,0,0,0,0,0,0,0,0,0,0,0,0
7,1025,7,0x1.fffffffffffffp+1023,0,7,3,4194304,3,0,0,0,1027,0,0,0,1025,1025,0,0,0,0,0,0,0,0,0,0,0,0,0,0,0,0
7,1025,8,0x1.028f5c28f5c29p+0,0,7,3,4194304,3,0,0,0,64,0,0,0,1025,512,0,0,0,0,0,0,0,0,0,0,0,0,0,0,0,1025
7,1025,8,-0x0p+0,0,7,3,4194304,3,0,0,0,64,0,0,0,1025,512,0,0,0,0,0,0,0,0,0,0,0,0,0,0,0,1025
7,1025,8,0x1.fffffffffffffp+1022,0,7,3,4194304,3,0,0,0,1027,0,0,0,1025,1025,0,0,0,0,0,0,0,0,0,0,0,0,0,0,0,0
7,1025,8,0x1.fffffffffffffp+1023,0,7,3,4194304,3,0,0,0,1027,0,0,0,1025,1025,0,0,0,0,0,0,0,0,0,0,0,0,0,0,0,0
7,1025,14,0x1.028f5c28f5c29p+0,0,7,3,4194304,4,0,0,0,131,0,0,0,2050,512,0,0,0,0,0,0,0,1025,5125,0,0,0,0,0,0,1025
7,1025,14,-0x0p+0,0,7,3,4194304,3,0,0,0,64,0,0,0,1025,512,0,0,0,0,0,0,0,0,0,0,0,0,0,0,0,1025
7,1025,14,0x1.fffffffffffffp+1022,0,7,3,4194304,3,0,0,0,1027,0,0,0,1025,1025,0,0,0,0,0,0,0,0,0,0,0,0,0,0,0,0
7,1025,14,0x1.fffffffffffffp+1023,0,7,3,4194304,3,0,0,0,1027,0,0,0,1025,1025,0,0,0,0,0,0,0,0,0,0,0,0,0,0,0,0
7,1025,15,0x1.028f5c28f5c29p+0,0,7,3,4194304,3,0,0,0,64,0,0,0,1025,512,0,0,0,0,0,0,0,0,0,0,0,0,0,0,0,1025
7,1025,15,-0x0p+0,0,7,3,4194304,3,0,0,0,64,0,0,0,1025,512,0,0,0,0,0,0,0,0,0,0,0,0,0,0,0,1025
7,1025,15,0x1.fffffffffffffp+1022,0,7,3,4194304,3,0,0,0,1027,0,0,0,1025,1025,0,0,0,0,0,0,0,0,0,0,0,0,0,0,0,0
7,1025,15,0x1.fffffffffffffp+1023,0,7,3,4194304,3,0,0,0,1027,0,0,0,1025,1025,0,0,0,0,0,0,0,0,0,0,0,0,0,0,0,0
7,1025,16,0x1.028f5c28f5c29p+0,0,7,3,4194304,3,0,0,0,64,0,0,0,1025,512,0,0,0,0,0,0,0,0,0,0,0,0,0,0,0,1025
7,1025,16,-0x0p+0,0,7,3,4194304,3,0,0,0,64,0,0,0,1025,512,0,0,0,0,0,0,0,0,0,0,0,0,0,0,0,1025
7,1025,16,0x1.fffffffffffffp+1022,0,7,3,4194304,3,0,0,0,1027,0,0,0,1025,1025,0,0,0,0,0,0,0,0,0,0,0,0,0,0,0,0
7,1025,16,0x1.fffffffffffffp+1023,0,7,3,4194304,3,0,0,0,1027,0,0,0,1025,1025,0,0,0,0,0,0,0,0,0,0,0,0,0,0,0,0
7,1025,17,0x1.028f5c28f5c29p+0,0,7,3,4194304,3,0,0,0,0,0,0,0,0,1025,0,0,0,0,0,0,0,0,0,0,0,1025,0,0,0,0
7,1025,17,-0x0p+0,0,7,3,4194304,3,0,0,0,0,0,0,0,0,1025,0,0,0,0,0,0,0,0,0,0,0,1025,0,0,0,0
7,1025,17,0x1.fffffffffffffp+1022,0,7,3,4194304,3,0,0,0,0,0,0,0,0,1025,0,0,0,0,0,0,0,0,0,0,0,1025,0,0,0,0
7,1025,17,0x1.fffffffffffffp+1023,0,7,3,4194304,3,0,0,0,0,0,0,0,0,1025,0,0,0,0,0,0,0,0,0,0,0,1025,0,0,0,0
7,1025,7,0x1.028f5c28f5c29p+0,0,0,4,4194304,4,0,0,0,64,0,0,0,1025,0,0,0,0,0,0,0,0,0,0,0,0,0,0,0,0,1025
7,1025,7,-0x0p+0,0,0,4,4194304,4,0,0,0,64,0,0,0,1025,0,0,0,0,0,0,0,0,0,0,0,0,0,0,0,0,1025
7,1025,7,0x1.fffffffffffffp+1022,0,0,4,4194304,4,0,0,0,1058,0,0,0,1025,1025,0,0,0,0,0,0,0,0,0,0,0,0,0,0,0,0
7,1025,7,0x1.fffffffffffffp+1023,0,0,4,4194304,4,0,0,0,1083,0,0,0,1025,1025,0,0,0,0,0,0,0,0,0,0,0,0,0,0,0,0
7,1025,8,0x1.028f5c28f5c29p+0,0,0,4,4194304,4,0,0,0,64,0,0,0,1025,512,0,0,0,0,0,0,0,0,0,0,0,0,0,0,0,1025
7,1025,8,-0x0p+0,0,0,4,4194304,4,0,0,0,64,0,0,0,1025,512,0,0,0,0,0,0,0,0,0,0,0,0,0,0,0,1025
7,1025,8,0x1.fffffffffffffp+1022,0,0,4,4194304,4,0,0,0,1058,0,0,0,1025,1025,0,0,0,0,0,0,0,256,1280,0,0,0,0,0,0,0
7,1025,8,0x1.fffffffffffffp+1023,0,0,4,4194304,4,0,0,0,1083,0,0,0,1025,1025,0,0,0,0,0,0,0,256,1280,0,0,0,0,0,0,0
7,1025,14,0x1.028f5c28f5c29p+0,0,0,4,4194304,4,0,0,0,64,0,0,0,1025,512,0,0,0,0,0,0,0,0,0,0,0,0,0,0,0,1025
7,1025,14,-0x0p+0,0,0,4,4194304,4,0,0,0,64,0,0,0,1025,512,0,0,0,0,0,0,0,0,0,0,0,0,0,0,0,1025
7,1025,14,0x1.fffffffffffffp+1022,0,0,4,4194304,4,0,0,0,1058,0,0,0,1025,1025,0,0,0,0,0,0,0,256,1280,0,0,0,0,0,0,0
7,1025,14,0x1.fffffffffffffp+1023,0,0,4,4194304,4,0,0,0,1083,0,0,0,1025,1025,0,0,0,0,0,0,0,256,1280,0,0,0,0,0,0,0
7,1025,15,0x1.028f5c28f5c29p+0,0,0,4,4194304,4,0,0,0,64,0,0,0,1025,512,0,0,0,0,0,0,0,0,0,0,0,0,0,0,0,1025
7,1025,15,-0x0p+0,0,0,4,4194304,4,0,0,0,64,0,0,0,1025,512,0,0,0,0,0,0,0,0,0,0,0,0,0,0,0,1025
7,1025,15,0x1.fffffffffffffp+1022,0,0,4,4194304,4,0,0,0,1058,0,0,0,1025,1025,0,0,0,0,0,0,0,0,0,0,0,0,0,0,0,0
7,1025,15,0x1.fffffffffffffp+1023,0,0,4,4194304,4,0,0,0,1083,0,0,0,1025,1025,0,0,0,0,0,0,0,0,0,0,0,0,0,0,0,0
7,1025,16,0x1.028f5c28f5c29p+0,0,0,4,4194304,4,0,0,0,64,0,0,0,1025,512,0,0,0,0,0,0,0,0,0,0,0,0,0,0,0,1025
7,1025,16,-0x0p+0,0,0,4,4194304,4,0,0,0,64,0,0,0,1025,512,0,0,0,0,0,0,0,0,0,0,0,0,0,0,0,1025
7,1025,16,0x1.fffffffffffffp+1022,0,0,4,4194304,4,0,0,0,1058,0,0,0,1025,1025,0,0,0,0,0,0,0,256,1280,0,0,0,0,0,0,0
7,1025,16,0x1.fffffffffffffp+1023,0,0,4,4194304,4,0,0,0,1083,0,0,0,1025,1025,0,0,0,0,0,0,0,256,1280,0,0,0,0,0,0,0
7,1025,17,0x1.028f5c28f5c29p+0,0,0,4,4194304,4,0,0,0,0,0,0,0,0,1025,0,0,0,0,0,0,0,0,0,0,0,1025,0,0,0,0
7,1025,17,-0x0p+0,0,0,4,4194304,4,0,0,0,0,0,0,0,0,1025,0,0,0,0,0,0,0,0,0,0,0,1025,0,0,0,0
7,1025,17,0x1.fffffffffffffp+1022,0,0,4,4194304,4,0,0,0,0,0,0,0,0,1025,0,0,0,0,0,0,0,0,0,0,0,1025,0,0,0,0
7,1025,17,0x1.fffffffffffffp+1023,0,0,4,4194304,4,0,0,0,0,0,0,0,0,1025,0,0,0,0,0,0,0,0,0,0,0,1025,0,0,0,0
7,1025,7,0x1.028f5c28f5c29p+0,0,7,4,4194304,4,0,0,0,64,0,0,0,1025,0,0,0,0,0,0,0,0,0,0,0,0,0,0,0,0,1025
7,1025,7,-0x0p+0,0,7,4,4194304,4,0,0,0,64,0,0,0,1025,0,0,0,0,0,0,0,0,0,0,0,0,0,0,0,0,1025
7,1025,7,0x1.fffffffffffffp+1022,0,7,4,4194304,4,0,0,0,1058,0,0,0,1025,1025,0,0,0,0,0,0,0,0,0,0,0,0,0,0,0,0
7,1025,7,0x1.fffffffffffffp+1023,0,7,4,4194304,4,0,0,0,1083,0,0,0,1025,1025,0,0,0,0,0,0,0,0,0,0,0,0,0,0,0,0
7,1025,8,0x1.028f5c28f5c29p+0,0,7,4,4194304,4,0,0,0,64,0,0,0,1025,512,0,0,0,0,0,0,0,0,0,0,0,0,0,0,0,1025
7,1025,8,-0x0p+0,0,7,4,4194304,4,0,0,0,64,0,0,0,1025,512,0,0,0,0,0,0,0,0,0,0,0,0,0,0,0,1025
7,1025,8,0x1.fffffffffffffp+1022,0,7,4,4194304,4,0,0,0,1058,0,0,0,1025,1025,0,0,0,0,0,0,0,1025,5125,0,0,0,0,0,0,0
7,1025,8,0x1.fffffffffffffp+1023,0,7,4,4194304,4,0,0,0,1083,0,0,0,1025,1025,0,0,0,0,0,0,0,1025,5125,0,0,0,0,0,0,0
7,1025,14,0x1.028f5c28f5c29p+0,0,7,4,4194304,4,0,0,0,64,0,0,0,1025,512,0,0,0,0,0,0,0,0,0,0,0,0,0,0,0,1025
7,1025,14,-0x0p+0,0,7,4,4194304,4,0,0,0,64,0,0,0,1025,512,0,0,0,0,0,0,0,0,0,0,0,0,0,0,0,1025
7,1025,14,0x1.fffffffffffffp+1022,0,7,4,4194304,4,0,0,0,1058,0,0,0,1025,1025,0,0,0,0,0,0,0,1025,5125,0,0,0,0,0,0,0
7,1025,14,0x1.fffffffffffffp+1023,0,7,4,4194304,4,0,0,0,1083,0,0,0,1025,1025,0,0,0,0,0,0,0,1025,5125,0,0,0,0,0,0,0
7,1025,15,0x1.028f5c28f5c29p+0,0,7,4,4194304,4,0,0,0,64,0,0,0,1025,512,0,0,0,0,0,0,0,0,0,0,0,0,0,0,0,1025
7,1025,15,-0x0p+0,0,7,4,4194304,4,0,0,0,64,0,0,0,1025,512,0,0,0,0,0,0,0,0,0,0,0,0,0,0,0,1025
7,1025,15,0x1.fffffffffffffp+1022,0,7,4,4194304,4,0,0,0,1058,0,0,0,1025,1025,0,0,0,0,0,0,0,0,0,0,0,0,0,0,0,0
7,1025,15,0x1.fffffffffffffp+1023,0,7,4,4194304,4,0,0,0,1083,0,0,0,1025,1025,0,0,0,0,0,0,0,0,0,0,0,0,0,0,0,0
7,1025,16,0x1.028f5c28f5c29p+0,0,7,4,4194304,4,0,0,0,64,0,0,0,1025,512,0,0,0,0,0,0,0,0,0,0,0,0,0,0,0,1025
7,1025,16,-0x0p+0,0,7,4,4194304,4,0,0,0,64,0,0,0,1025,512,0,0,0,0,0,0,0,0,0,0,0,0,0,0,0,1025
7,1025,16,0x1.fffffffffffffp+1022,0,7,4,4194304,4,0,0,0,1058,0,0,0,1025,1025,0,0,0,0,0,0,0,1025,5125,0,0,0,0,0,0,0
7,1025,16,0x1.fffffffffffffp+1023,0,7,4,4194304,4,0,0,0,1083,0,0,0,1025,1025,0,0,0,0,0,0,0,1025,5125,0,0,0,0,0,0,0
7,1025,17,0x1.028f5c28f5c29p+0,0,7,4,4194304,4,0,0,0,0,0,0,0,0,1025,0,0,0,0,0,0,0,0,0,0,0,1025,0,0,0,0
7,1025,17,-0x0p+0,0,7,4,4194304,4,0,0,0,0,0,0,0,0,1025,0,0,0,0,0,0,0,0,0,0,0,1025,0,0,0,0
7,1025,17,0x1.fffffffffffffp+1022,0,7,4,4194304,4,0,0,0,0,0,0,0,0,1025,0,0,0,0,0,0,0,0,0,0,0,1025,0,0,0,0
7,1025,17,0x1.fffffffffffffp+1023,0,7,4,4194304,4,0,0,0,0,0,0,0,0,1025,0,0,0,0,0,0,0,0,0,0,0,1025,0,0,0,0
15,1025,7,0x1.028f5c28f5c29p+0,0,0,3,4194304,3,0,0,0,64,0,0,0,1025,0,0,0,0,0,0,0,0,0,0,0,0,0,0,0,0,0
15,1025,7,-0x0p+0,0,0,3,4194304,3,0,0,0,64,0,0,0,1025,0,0,0,0,0,0,0,0,0,0,0,0,0,0,0,0,1025
15,1025,7,0x1.fffffffffffffp+1022,0,0,3,4194304,3,0,0,0,1027,0,0,0,1025,1025,0,0,0,0,0,0,0,0,0,0,0,0,0,0,0,0
15,1025,7,0x1.fffffffffffffp+1023,0,0,3,4194304,3,0,0,0,1027,0,0,0,1025,1025,0,0,0,0,0,0,0,0,0,0,0,0,0,0,0,0
15,1025,8,0x1.028f5c28f5c29p+0,0,0,3,4194304,3,0,0,0,64,0,0,0,1025,512,0,0,0,0,0,0,0,256,1280,0,0,0,0,769,769,0
15,1025,8,-0x0p+0,0,0,3,4194304,3,0,0,0,64,0,0,0,1025,512,0,0,0,0,0,0,0,0,0,0,0,0,0,0,0,1025
15,1025,8,0x1.fffffffffffffp+1022,0,0,3,4194304,3,0,0,0,1027,0,0,0,1025,1025,0,0,0,0,0,0,0,0,0,0,0,0,0,0,0,0
15,1025,8,0x1.fffffffffffffp+1023,0,0,3,4194304,3,0,0,0,1027,0,0,0,1025,1025,0,0,0,0,0,0,0,0,0,0,0,0,0,0,0,0
15,1025,14,0x1.028f5c28f5c29p+0,0,0,3,4194304,4,0,0,0,897,0,0,0,2050,512,0,0,0,0,0,0,0,256,1280,0,0,0,0,769,0,1025
15,1025,14,-0x0p+0,0,0,3,4194304,3,0,0,0,64,0,0,0,1025,512,0,0,0,0,0,0,0,0,0,0,0,0,0,0,0,1025
15,1025,14,0x1.fffffffffffffp+1022,0,0,3,4194304,3,0,0,0,1027,0,0,0,1025,1025,0,0,0,0,0,0,0,0,0,0,0,0,0,0,0,0
15,1025,14,0x1.fffffffffffffp+1023,0,0,3,4194304,3,0,0,0,1027,0,0,0,1025,1025,0,0,0,0,0,0,0,0,0,0,0,0,0,0,0,0
15,1025,15,0x1.028f5c28f5c29p+0,0,0,3,4194304,3,0,0,0,1089,0,0,0,1025,512,0,0,0,0,0,0,0,0,0,0,0,0,0,0,0,0
15,1025,15,-0x0p+0,0,0,3,4194304,3,0,0,0,64,0,0,0,1025,512,0,0,0,0,0,0,0,0,0,0,0,0,0,0,0,1025
15,1025,15,0x1.fffffffffffffp+1022,0,0,3,4194304,3,0,0,0,1027,0,0,0,1025,1025,0,0,0,0,0,0,0,0,0,0,0,0,0,0,0,0
15,1025,15,0x1.fffffffffffffp+1023,0,0,3,4194304,3,0,0,0,1027,0,0,0,1025,1025,0,0,0,0,0,0,0,0,0,0,0,0,0,0,0,0
15,1025,16,0x1.028f5c28f5c29p+0,0,0,3,4194304,3,0,0,0,64,0,0,0,1025,512,0,0,0,0,0,0,0,256,1280,0,0,0,0,769,769,0
15,1025,16,-0x0p+0,0,0,3,4194304,3,0,0,0,64,0,0,0,1025,512,0,0,0,0,0,0,0,0,0,0,0,0,0,0,0,1025
15,1025,16,0x1.fffffffffffffp+1022,0,0,3,4194304,3,0,0,0,1027,0,0,0,1025,1025,0,0,0,0,0,0,0,0,0,0,0,0,0,0,0,0
15,1025,16,0x1.fffffffffffffp+1023,0,0,3,4194304,3,0,0,0,1027,0,0,0,1025,1025,0,0,0,0,0,0,0,0,0,0,0,0,0,0,0,0
15,1025,17,0x1.028f5c28f5c29p+0,0,0,3,4194304,3,0,0,0,0,0,0,0,0,1025,0,0,0,0,0,0,0,0,0,0,0,1025,0,0,0,0
15,1025,17,-0x0p+0,0,0,3,4194304,3,0,0,0,0,0,0,0,0,1025,0,0,0,0,0,0,0,0,0,0,0,1025,0,0,0,0
15,1025,17,0x1.fffffffffffffp+1022,0,0,3,4194304,3,0,0,0,0,0,0,0,0,1025,0,0,0,0,0,0,0,0,0,0,0,1025,0,0,0,0
15,1025,17,0x1.fffffffffffffp+1023,0,0,3,4194304,3,0,0,0,0,0,0,0,0,1025,0,0,0,0,0,0,0,0,0,0,0,1025,0,0,0,0
15,1025,7,0x1.028f5c28f5c29p+0,0,7,3,4194304,3,0,0,0,64,0,0,0,1025,0,0,0,0,0,0,0,0,0,0,0,0,0,0,0,0,0
15,1025,7,-0x0p+0,0,7,3,4194304,3,0,0,0,64,0,0,0,1025,0,0,0,0,0,0,0,0,0,0,0,0,0,0,0,0,1025
15,1025,7,0x1.fffffffffffffp+1022,0,7,3,4194304,3,0,0,0,1027,0,0,0,1025,1025,0,0,0,0,0,0,0,0,0,0,0,0,0,0,0,0
15,1025,7,0x1.fffffffffffffp+1023,0,7,3,4194304,3,0,0,0,1027,0,0,0,1025,1025,0,0,0,0,0,0,0,0,0,0,0,0,0,0,0,0
15,1025,8,0x1.028f5c28f5c29p+0,0,7,3,4194304,3,0,0,0,64,0,0,0,1025,512,0,0,0,0,0,0,0,1025,5125,0,0,0,0,0,0,0
15,1025,8,-0x0p+0,0,7,3,4194304,3,0,0,0,64,0,0,0,1025,512,0,0,0,0,0,0,0,0,0,0,0,0,0,0,0,1025
15,1025,8,0x1.fffffffffffffp+1022,0,7,3,4194304,3,0,0,0,1027,0,0,0,1025,1025,0,0,0,0,0,0,0,0,0,0,0,0,0,0,0,0
15,1025,8,0x1.fffffffffffffp+1023,0,7,3,4194304,3,0,0,0,1027,0,0,0,1025,1025,0,0,0,0,0,0,0,0,0,0,0,0,0,0,0,0
15,1025,14,0x1.028f5c28f5c29p+0,0,7,3,4194304,4,0,0,0,131,0,0,0,2050,512,0,0,0,0,0,0,0,1025,5125,0,0,0,0,0,0,1025
15,1025,14,-0x0p+0,0,7,3,4194304,3,0,0,0,64,0,0,0,1025,512,0,0,0,0,0,0,0,0,0,0,0,0,0,0,0,1025
15,1025,14,0x1.fffffffffffffp+1022,0,7,3,4194304,3,0,0,0,1027,0,0,0,1025,1025,0,0,0,0,0,0,0,0,0,0,0,0,0,0,0,0
15,1025,14,0x1.fffffffffffffp+1023,0,7,3,4194304,3,0,0,0,1027,0,0,0,1025,1025,0,0,0,0,0,0,0,0,0,0,0,0,0,0,0,0
15,1025,15,0x1.028f5c28f5c29p+0,0,7,3,4194304,3,0,0,0,1089,0,0,0,1025,512,0,0,0,0,0,0,0,0,0,0,0,0,0,0,0,0
15,1025,15,-0x0p+0,0,7,3,4194304,3,0,0,0,64,0,0,0,1025,512,0,0,0,0,0,0,0,0,0,0,0,0,0,0,0,1025
15,1025,15,0x1.fffffffffffffp+1022,0,7,3,4194304,3,0,0,0,1027,0,0,0,1025,1025,0,0,0,0,0,0,0,0,0,0,0,0,0,0,0,0
15,1025,15,0x1.fffffffffffffp+1023,0,7,3,4194304,3,0,0,0,1027,0,0,0,1025,1025,0,0,0,0,0,0,0,0,0,0,0,0,0,0,0,0
15,1025,16,0x1.028f5c28f5c29p+0,0,7,3,4194304,3,0,0,0,64,0,0,0,1025,512,0,0,0,0,0,0,0,1025,5125,0,0,0,0,0,0,0
15,1025,16,-0x0p+0,0,7,3,4194304,3,0,0,0,64,0,0,0,1025,512,0,0,0,0,0,0,0,0,0,0,0,0,0,0,0,1025
15,1025,16,0x1.fffffffffffffp+1022,0,7,3,4194304,3,0,0,0,1027,0,0,0,1025,1025,0,0,0,0,0,0,0,0,0,0,0,0,0,0,0,0
15,1025,16,0x1.fffffffffffffp+1023,0,7,3,4194304,3,0,0,0,1027,0,0,0,1025,1025,0,0,0,0,0,0,0,0,0,0,0,0,0,0,0,0
15,1025,17,0x1.028f5c28f5c29p+0,0,7,3,4194304,3,0,0,0,0,0,0,0,0,1025,0,0,0,0,0,0,0,0,0,0,0,1025,0,0,0,0
15,1025,17,-0x0p+0,0,7,3,4194304,3,0,0,0,0,0,0,0,0,1025,0,0,0,0,0,0,0,0,0,0,0,1025,0,0,0,0
15,1025,17,0x1.fffffffffffffp+1022,0,7,3,4194304,3,0,0,0,0,0,0,0,0,1025,0,0,0,0,0,0,0,0,0,0,0,1025,0,0,0,0
15,1025,17,0x1.fffffffffffffp+1023,0,7,3,4194304,3,0,0,0,0,0,0,0,0,1025,0,0,0,0,0,0,0,0,0,0,0,1025,0,0,0,0
15,1025,7,0x1.028f5c28f5c29p+0,0,0,4,4194304,4,0,0,0,64,0,0,0,1025,0,0,0,0,0,0,0,0,0,0,0,0,0,0,0,0,1025
15,1025,7,-0x0p+0,0,0,4,4194304,4,0,0,0,64,0,0,0,1025,0,0,0,0,0,0,0,0,0,0,0,0,0,0,0,0,1025
15,1025,7,0x1.fffffffffffffp+1022,0,0,4,4194304,4,0,0,0,1058,0,0,0,1025,1025,0,0,0,0,0,0,0,0,0,0,0,0,0,0,0,0
15,1025,7,0x1.fffffffffffffp+1023,0,0,4,4194304,4,0,0,0,1083,0,0,0,1025,1025,0,0,0,0,0,0,0,0,0,0,0,0,0,0,0,0
15,1025,8,0x1.028f5c28f5c29p+0,0,0,4,4194304,4,0,0,0,64,0,0,0,1025,512,0,0,0,0,0,0,0,0,0,0,0,0,0,0,0,1025
15,1025,8,-0x0p+0,0,0,4,4194304,4,0,0,0,64,0,0,0,1025,512,0,0,0,0,0,0,0,0,0,0,0,0,0,0,0,1025
15,1025,8,0x1.fffffffffffffp+1022,0,0,4,4194304,4,0,0,0,1058,0,0,0,1025,1025,0,0,0,0,0,0,0,256,1280,0,0,0,0,0,0,0
15,1025,8,0x1.fffffffffffffp+1023,0,0,4,4194304,4,0,0,0,1083,0,0,0,1025,1025,0,0,0,0,0,0,0,256,1280,0,0,0,0,0,0,0
15,1025,14,0x1.028f5c28f5c29p+0,0,0,4,4194304,4,0,0,0,64,0,0,0,1025,512,0,0,0,0,0,0,0,0,0,0,0,0,0,0,0,1025
15,1025,14,-0x0p+0,0,0,4,4194304,4,0,0,0,64,0,0,0,1025,512,0,0,0,0,0,0,0,0,0,0,0,0,0,0,0,1025
15,1025,14,0x1.fffffffffffffp+1022,0,0,4,4194304,4,0,0,0,1058,0,0,0,1025,1025,0,0,0,0,0,0,0,256,1280,0,0,0,0,0,0,0
15,1025,14,0x1.fffffffffffffp+1023,0,0,4,4194304,4,0,0,0,1083,0,0,0,1025,1025,0,0,0,0,0,0,0,256,1280,0,0,0,0,0,0,0
15,1025,15,0x1.028f5c28f5c29p+0,0,0,4,4194304,4,0,0,0,64,0,0,0,1025,512,0,0,0,0,0,0,0,0,0,0,0,0,0,0,0,1025
15,1025,15,-0x0p+0,0,0,4,4194304,4,0,0,0,64,0,0,0,1025,512,0,0,0,0,0,0,0,0,0,0,0,0,0,0,0,1025
15,1025,15,0x1.fffffffffffffp+1022,0,0,4,4194304,4,0,0,0,1058,0,0,0,1025,1025,0,0,0,0,0,0,0,0,0,0,0,0,0,0,0,0
15,1025,15,0x1.fffffffffffffp+1023,0,0,4,4194304,4,0,0,0,1083,0,0,0,1025,1025,0,0,0,0,0,0,0,0,0,0,0,0,0,0,0,0
15,1025,16,0x1.028f5c28f5c29p+0,0,0,4,4194304,4,0,0,0,64,0,0,0,1025,512,0,0,0,0,0,0,0,0,0,0,0,0,0,0,0,1025
15,1025,16,-0x0p+0,0,0,4,4194304,4,0,0,0,64,0,0,0,1025,512,0,0,0,0,0,0,0,0,0,0,0,0,0,0,0,1025
15,1025,16,0x1.fffffffffffffp+1022,0,0,4,4194304,4,0,0,0,1058,0,0,0,1025,1025,0,0,0,0,0,0,0,256,1280,0,0,0,0,0,0,0
15,1025,16,0x1.fffffffffffffp+1023,0,0,4,4194304,4,0,0,0,1083,0,0,0,1025,1025,0,0,0,0,0,0,0,256,1280,0,0,0,0,0,0,0
15,1025,17,0x1.028f5c28f5c29p+0,0,0,4,4194304,4,0,0,0,0,0,0,0,0,1025,0,0,0,0,0,0,0,0,0,0,0,1025,0,0,0,0
15,1025,17,-0x0p+0,0,0,4,4194304,4,0,0,0,0,0,0,0,0,1025,0,0,0,0,0,0,0,0,0,0,0,1025,0,0,0,0
15,1025,17,0x1.fffffffffffffp+1022,0,0,4,4194304,4,0,0,0,0,0,0,0,0,1025,0,0,0,0,0,0,0,0,0,0,0,1025,0,0,0,0
15,1025,17,0x1.fffffffffffffp+1023,0,0,4,4194304,4,0,0,0,0,0,0,0,0,1025,0,0,0,0,0,0,0,0,0,0,0,1025,0,0,0,0
15,1025,7,0x1.028f5c28f5c29p+0,0,7,4,4194304,4,0,0,0,64,0,0,0,1025,0,0,0,0,0,0,0,0,0,0,0,0,0,0,0,0,1025
15,1025,7,-0x0p+0,0,7,4,4194304,4,0,0,0,64,0,0,0,1025,0,0,0,0,0,0,0,0,0,0,0,0,0,0,0,0,1025
15,1025,7,0x1.fffffffffffffp+1022,0,7,4,4194304,4,0,0,0,1058,0,0,0,1025,1025,0,0,0,0,0,0,0,0,0,0,0,0,0,0,0,0
15,1025,7,0x1.fffffffffffffp+1023,0,7,4,4194304,4,0,0,0,1083,0,0,0,1025,1025,0,0,0,0,0,0,0,0,0,0,0,0,0,0,0,0
15,1025,8,0x1.028f5c28f5c29p+0,0,7,4,4194304,4,0,0,0,64,0,0,0,1025,512,0,0,0,0,0,0,0,0,0,0,0,0,0,0,0,1025
15,1025,8,-0x0p+0,0,7,4,4194304,4,0,0,0,64,0,0,0,1025,512,0,0,0,0,0,0,0,0,0,0,0,0,0,0,0,1025
15,1025,8,0x1.fffffffffffffp+1022,0,7,4,4194304,4,0,0,0,1058,0,0,0,1025,1025,0,0,0,0,0,0,0,1025,5125,0,0,0,0,0,0,0
15,1025,8,0x1.fffffffffffffp+1023,0,7,4,4194304,4,0,0,0,1083,0,0,0,1025,1025,0,0,0,0,0,0,0,1025,5125,0,0,0,0,0,0,0
15,1025,14,0x1.028f5c28f5c29p+0,0,7,4,4194304,4,0,0,0,64,0,0,0,1025,512,0,0,0,0,0,0,0,0,0,0,0,0,0,0,0,1025
15,1025,14,-0x0p+0,0,7,4,4194304,4,0,0,0,64,0,0,0,1025,512,0,0,0,0,0,0,0,0,0,0,0,0,0,0,0,1025
15,1025,14,0x1.fffffffffffffp+1022,0,7,4,4194304,4,0,0,0,1058,0,0,0,1025,1025,0,0,0,0,0,0,0,1025,5125,0,0,0,0,0,0,0
15,1025,14,0x1.fffffffffffffp+1023,0,7,4,4194304,4,0,0,0,1083,0,0,0,1025,1025,0,0,0,0,0,0,0,1025,5125,0,0,0,0,0,0,0
15,1025,15,0x1.028f5c28f5c29p+0,0,7,4,4194304,4,0,0,0,64,0,0,0,1025,512,0,0,0,0,0,0,0,0,0,0,0,0,0,0,0,1025
15,1025,15,-0x0p+0,0,7,4,4194304,4,0,0,0,64,0,0,0,1025,512,0,0,0,0,0,0,0,0,0,0,0,0,0,0,0,1025
15,1025,15,0x1.fffffffffffffp+1022,0,7,4,4194304,4,0,0,0,1058,0,0,0,1025,1025,0,0,0,0,0,0,0,0,0,0,0,0,0,0,0,0
15,1025,15,0x1.fffffffffffffp+1023,0,7,4,4194304,4,0,0,0,1083,0,0,0,1025,1025,0,0,0,0,0,0,0,0,0,0,0,0,0,0,0,0
15,1025,16,0x1.028f5c28f5c29p+0,0,7,4,4194304,4,0,0,0,64,0,0,0,1025,512,0,0,0,0,0,0,0,0,0,0,0,0,0,0,0,1025
15,1025,16,-0x0p+0,0,7,4,4194304,4,0,0,0,64,0,0,0,1025,512,0,0,0,0,0,0,0,0,0,0,0,0,0,0,0,1025
15,1025,16,0x1.fffffffffffffp+1022,0,7,4,4194304,4,0,0,0,1058,0,0,0,1025,1025,0,0,0,0,0,0,0,1025,5125,0,0,0,0,0,0,0
15,1025,16,0x1.fffffffffffffp+1023,0,7,4,4194304,4,0,0,0,1083,0,0,0,1025,1025,0,0,0,0,0,0,0,1025,5125,0,0,0,0,0,0,0
15,1025,17,0x1.028f5c28f5c29p+0,0,7,4,4194304,4,0,0,0,0,0,0,0,0,1025,0,0,0,0,0,0,0,0,0,0,0,1025,0,0,0,0
15,1025,17,-0x0p+0,0,7,4,4194304,4,0,0,0,0,0,0,0,0,1025,0,0,0,0,0,0,0,0,0,0,0,1025,0,0,0,0
15,1025,17,0x1.fffffffffffffp+1022,0,7,4,4194304,4,0,0,0,0,0,0,0,0,1025,0,0,0,0,0,0,0,0,0,0,0,1025,0,0,0,0
15,1025,17,0x1.fffffffffffffp+1023,0,7,4,4194304,4,0,0,0,0,0,0,0,0,1025,0,0,0,0,0,0,0,0,0,0,0,1025,0,0,0,0
0,16384,8,0x1.028f5c28f5c29p+0,0,0,3,12582912,3,0,0,0,64,0,0,0,16384,8192,0,0,0,0,0,0,0,16384,81920,0,0,0,0,0,0,0
0,16385,8,0x1.028f5c28f5c29p+0,0,7,3,12582912,3,0,0,0,64,0,0,0,16385,8192,0,0,0,0,0,0,0,16385,81925,0,0,0,0,0,0,0
0,16385,11,0x1.028f5c28f5c29p+0,0,0,3,12582912,3,0,0,0,64,0,0,0,16385,256,0,0,0,0,0,0,0,16384,81920,0,0,0,0,0,0,0
0,16385,12,0x1.028f5c28f5c29p+0,0,0,3,12582912,3,0,0,0,64,0,0,0,16385,8192,0,0,0,0,0,0,0,16384,81920,0,0,0,0,0,0,0
0,1025,9,0x1.028f5c28f5c29p+0,0,0,3,12582912,3,0,0,0,0,0,0,0,0,1025,0,0,0,0,0,0,0,0,0,0,0,1025,0,0,0,0
0,1025,13,0x0p+0,0,0,3,12582912,3,0,0,0,64,0,0,0,1025,614,0,0,0,0,0,0,0,1025,5125,0,0,0,0,0,0,0
0,1025,14,0x0p+0,0,0,3,12582912,3,0,0,0,64,0,0,0,1025,512,0,0,0,0,0,0,0,1025,5125,0,0,0,0,0,0,0
0,1025,13,-0x0p+0,0,0,3,12582912,3,0,0,0,64,0,0,0,1025,614,0,0,0,0,0,0,0,1025,5125,0,0,0,0,0,0,0
0,1025,14,-0x0p+0,0,0,3,12582912,3,0,0,0,64,0,0,0,1025,512,0,0,0,0,0,0,0,1025,5125,0,0,0,0,0,0,0
0,1025,13,0x1.028f5c28f5c29p+0,0,0,3,12582912,4,0,0,0,1153,0,0,0,2050,614,0,0,0,0,0,0,0,1281,6405,0,0,0,0,0,0,0
0,1025,14,0x1.028f5c28f5c29p+0,0,0,3,12582912,4,0,0,0,129,0,0,0,2050,512,0,0,0,0,0,0,0,2050,10250,0,0,0,0,0,0,0
0,1025,13,-0x1.028f5c28f5c29p+0,0,0,3,12582912,4,0,0,0,1153,0,0,0,2050,614,0,0,0,0,0,0,0,1281,6405,0,0,0,0,0,0,0
0,1025,14,-0x1.028f5c28f5c29p+0,0,0,3,12582912,4,0,0,0,129,0,0,0,2050,512,0,0,0,0,0,0,0,2050,10250,0,0,0,0,0,0,0
0,1025,13,0x1.0000000000001p+0,0,0,3,12582912,4,0,0,0,1153,0,0,0,2050,614,0,0,0,0,0,0,0,1281,6405,0,0,0,0,0,0,0
0,1025,14,0x1.0000000000001p+0,0,0,3,12582912,4,0,0,0,129,0,0,0,2050,512,0,0,0,0,0,0,0,2050,10250,0,0,0,0,0,0,0
0,1025,13,0x1p-1074,0,0,3,12582912,3,0,0,0,64,0,0,0,1025,614,0,0,0,0,0,0,0,1025,5125,0,0,0,0,0,0,0
0,1025,14,0x1p-1074,0,0,3,12582912,3,0,0,0,64,0,0,0,1025,512,0,0,0,0,0,0,0,1025,5125,0,0,0,0,0,0,0
0,1025,13,-0x1p-1074,0,0,3,12582912,3,0,0,0,64,0,0,0,1025,614,0,0,0,0,0,0,0,1025,5125,0,0,0,0,0,0,0
0,1025,14,-0x1p-1074,0,0,3,12582912,3,0,0,0,64,0,0,0,1025,512,0,0,0,0,0,0,0,1025,5125,0,0,0,0,0,0,0
0,1025,13,0x1.fffffep+126,0,0,3,12582912,4,0,0,0,1151,0,0,0,2050,614,0,0,0,0,0,0,0,1281,6405,0,0,0,0,0,0,0
0,1025,14,0x1.fffffep+126,0,0,3,12582912,4,0,0,0,1151,0,0,0,2050,512,0,0,0,0,0,0,0,1281,6405,0,0,0,0,0,0,0
0,1025,13,-0x1.fffffep+126,0,0,3,12582912,4,0,0,0,1151,0,0,0,2050,614,0,0,0,0,0,0,0,1281,6405,0,0,0,0,0,0,0
0,1025,14,-0x1.fffffep+126,0,0,3,12582912,4,0,0,0,1151,0,0,0,2050,512,0,0,0,0,0,0,0,1281,6405,0,0,0,0,0,0,0
0,1025,13,0x1p+127,0,0,3,12582912,4,0,0,0,1153,0,0,0,2050,614,0,0,0,0,0,0,0,1281,6405,0,0,0,0,0,0,0
0,1025,14,0x1p+127,0,0,3,12582912,4,0,0,0,1153,0,0,0,2050,512,0,0,0,0,0,0,0,1281,6405,0,0,0,0,0,0,0
0,1025,13,-0x1p+127,0,0,3,12582912,4,0,0,0,1153,0,0,0,2050,614,0,0,0,0,0,0,0,1281,6405,0,0,0,0,0,0,0
0,1025,14,-0x1p+127,0,0,3,12582912,4,0,0,0,1153,0,0,0,2050,512,0,0,0,0,0,0,0,1281,6405,0,0,0,0,0,0,0
0,1025,13,0x1.fffffffffffffp+1022,0,0,3,12582912,4,0,0,0,2085,0,0,0,2050,820,0,0,0,0,0,0,0,256,1280,0,0,0,0,0,0,0
0,1025,14,0x1.fffffffffffffp+1022,0,0,3,12582912,3,0,0,0,1027,0,0,0,1025,1025,0,0,0,0,0,0,0,0,0,0,0,0,0,0,0,0
0,1025,13,-0x1.fffffffffffffp+1022,0,0,3,12582912,4,0,0,0,2085,0,0,0,2050,820,0,0,0,0,0,0,0,256,1280,0,0,0,0,0,0,0
0,1025,14,-0x1.fffffffffffffp+1022,0,0,3,12582912,3,0,0,0,1027,0,0,0,1025,1025,0,0,0,0,0,0,0,0,0,0,0,0,0,0,0,0
0,1025,13,0x1.fffffffffffffp+1023,0,0,3,12582912,4,0,0,0,2110,0,0,0,2050,922,0,0,0,0,0,0,0,256,1280,0,0,0,0,0,0,0
0,1025,14,0x1.fffffffffffffp+1023,0,0,3,12582912,3,0,0,0,1027,0,0,0,1025,1025,0,0,0,0,0,0,0,0,0,0,0,0,0,0,0,0
0,1025,13,-0x1.fffffffffffffp+1023,0,0,3,12582912,4,0,0,0,2110,0,0,0,2050,922,0,0,0,0,0,0,0,256,1280,0,0,0,0,0,0,0
0,1025,14,-0x1.fffffffffffffp+1023,0,0,3,12582912,3,0,0,0,1027,0,0,0,1025,1025,0,0,0,0,0,0,0,0,0,0,0,0,0,0,0,0
0,16384,8,0x1.028f5c28f5c29p+0,0,0,4,12582912,4,0,0,0,64,0,0,0,16384,8192,0,0,0,0,0,0,0,16384,81920,0,0,0,0,0,0,0
0,16385,8,0x1.028f5c28f5c29p+0,0,7,4,12582912,4,0,0,0,64,0,0,0,16385,8192,0,0,0,0,0,0,0,16385,81925,0,0,0,0,0,0,0
0,16385,11,0x1.028f5c28f5c29p+0,0,0,4,12582912,4,0,0,0,64,0,0,0,16385,256,0,0,0,0,0,0,0,16384,81920,0,0,0,0,0,0,0
0,16385,12,0x1.028f5c28f5c29p+0,0,0,4,12582912,4,0,0,0,64,0,0,0,16385,8192,0,0,0,0,0,0,0,16384,81920,0,0,0,0,0,0,0
0,1025,9,0x1.028f5c28f5c29p+0,0,0,4,12582912,4,0,0,0,0,0,0,0,0,1025,0,0,0,0,0,0,0,0,0,0,0,1025,0,0,0,0
0,1025,13,0x0p+0,0,0,4,12582912,4,0,0,0,64,0,0,0,1025,614,0,0,0,0,0,0,0,1025,5125,0,0,0,0,0,0,0
0,1025,14,0x0p+0,0,0,4,12582912,4,0,0,0,64,0,0,0,1025,512,0,0,0,0,0,0,0,1025,5125,0,0,0,0,0,0,0
0,1025,13,-0x0p+0,0,0,4,12582912,4,0,0,0,64,0,0,0,1025,614,0,0,0,0,0,0,0,1025,5125,0,0,0,0,0,0,0
0,1025,14,-0x0p+0,0,0,4,12582912,4,0,0,0,64,0,0,0,1025,512,0,0,0,0,0,0,0,1025,5125,0,0,0,0,0,0,0
0,1025,13,0x1.028f5c28f5c29p+0,0,0,4,12582912,4,0,0,0,64,0,0,0,1025,614,0,0,0,0,0,0,0,1025,5125,0,0,0,0,0,0,0
0,1025,14,0x1.028f5c28f5c29p+0,0,0,4,12582912,4,0,0,0,64,0,0,0,1025,512,0,0,0,0,0,0,0,1025,5125,0,0,0,0,0,0,0
0,1025,13,-0x1.028f5c28f5c29p+0,0,0,4,12582912,4,0,0,0,64,0,0,0,1025,614,0,0,0,0,0,0,0,1025,5125,0,0,0,0,0,0,0
0,1025,14,-0x1.028f5c28f5c29p+0,0,0,4,12582912,4,0,0,0,64,0,0,0,1025,512,0,0,0,0,0,0,0,1025,5125,0,0,0,0,0,0,0
0,1025,13,0x1.0000000000001p+0,0,0,4,12582912,4,0,0,0,64,0,0,0,1025,614,0,0,0,0,0,0,0,1025,5125,0,0,0,0,0,0,0
0,1025,14,0x1.0000000000001p+0,0,0,4,12582912,4,0,0,0,64,0,0,0,1025,512,0,0,0,0,0,0,0,1025,5125,0,0,0,0,0,0,0
0,1025,13,0x1p-1074,0,0,4,12582912,4,0,0,0,64,0,0,0,1025,614,0,0,0,0,0,0,0,1025,5125,0,0,0,0,0,0,0
0,1025,14,0x1p-1074,0,0,4,12582912,4,0,0,0,64,0,0,0,1025,512,0,0,0,0,0,0,0,1025,5125,0,0,0,0,0,0,0
0,1025,13,-0x1p-1074,0,0,4,12582912,4,0,0,0,64,0,0,0,1025,614,0,0,0,0,0,0,0,1025,5125,0,0,0,0,0,0,0
0,1025,14,-0x1p-1074,0,0,4,12582912,4,0,0,0,64,0,0,0,1025,512,0,0,0,0,0,0,0,1025,5125,0,0,0,0,0,0,0
0,1025,13,0x1.fffffep+126,0,0,4,12582912,4,0,0,0,64,0,0,0,1025,614,0,0,0,0,0,0,0,1025,5125,0,0,0,0,0,0,0
0,1025,14,0x1.fffffep+126,0,0,4,12582912,4,0,0,0,64,0,0,0,1025,512,0,0,0,0,0,0,0,1025,5125,0,0,0,0,0,0,0
0,1025,13,-0x1.fffffep+126,0,0,4,12582912,4,0,0,0,64,0,0,0,1025,614,0,0,0,0,0,0,0,1025,5125,0,0,0,0,0,0,0
0,1025,14,-0x1.fffffep+126,0,0,4,12582912,4,0,0,0,64,0,0,0,1025,512,0,0,0,0,0,0,0,1025,5125,0,0,0,0,0,0,0
0,1025,13,0x1p+127,0,0,4,12582912,4,0,0,0,64,0,0,0,1025,614,0,0,0,0,0,0,0,1025,5125,0,0,0,0,0,0,0
0,1025,14,0x1p+127,0,0,4,12582912,4,0,0,0,64,0,0,0,1025,512,0,0,0,0,0,0,0,1025,5125,0,0,0,0,0,0,0
0,1025,13,-0x1p+127,0,0,4,12582912,4,0,0,0,64,0,0,0,1025,614,0,0,0,0,0,0,0,1025,5125,0,0,0,0,0,0,0
0,1025,14,-0x1p+127,0,0,4,12582912,4,0,0,0,64,0,0,0,1025,512,0,0,0,0,0,0,0,1025,5125,0,0,0,0,0,0,0
0,1025,13,0x1.fffffffffffffp+1022,0,0,4,12582912,4,0,0,0,1058,0,0,0,1025,820,0,0,0,0,0,0,0,256,1280,0,0,0,0,0,0,0
0,1025,14,0x1.fffffffffffffp+1022,0,0,4,12582912,4,0,0,0,1058,0,0,0,1025,1025,0,0,0,0,0,0,0,256,1280,0,0,0,0,0,0,0
0,1025,13,-0x1.fffffffffffffp+1022,0,0,4,12582912,4,0,0,0,1058,0,0,0,1025,820,0,0,0,0,0,0,0,256,1280,0,0,0,0,0,0,0
0,1025,14,-0x1.fffffffffffffp+1022,0,0,4,12582912,4,0,0,0,1058,0,0,0,1025,1025,0,0,0,0,0,0,0,256,1280,0,0,0,0,0,0,0
0,1025,13,0x1.fffffffffffffp+1023,0,0,4,12582912,4,0,0,0,1083,0,0,0,1025,922,0,0,0,0,0,0,0,256,1280,0,0,0,0,0,0,0
0,1025,14,0x1.fffffffffffffp+1023,0,0,4,12582912,4,0,0,0,1083,0,0,0,1025,1025,0,0,0,0,0,0,0,256,1280,0,0,0,0,0,0,0
0,1025,13,-0x1.fffffffffffffp+1023,0,0,4,12582912,4,0,0,0,1083,0,0,0,1025,922,0,0,0,0,0,0,0,256,1280,0,0,0,0,0,0,0
0,1025,14,-0x1.fffffffffffffp+1023,0,0,4,12582912,4,0,0,0,1083,0,0,0,1025,1025,0,0,0,0,0,0,0,256,1280,0,0,0,0,0,0,0
0,16384,8,0x1.028f5c28f5c29p+0,1,0,3,12582912,3,0,0,0,64,0,0,0,16384,8192,0,0,0,0,0,0,0,16384,81920,0,0,0,0,0,0,0
0,16385,8,0x1.028f5c28f5c29p+0,1,7,3,12582912,3,0,0,0,64,0,0,0,16385,8192,0,0,0,0,0,0,0,16385,81925,0,0,0,0,0,0,0
0,16385,11,0x1.028f5c28f5c29p+0,1,0,3,12582912,3,0,0,0,64,0,0,0,16385,256,0,0,0,0,0,0,0,16384,81920,0,0,0,0,0,0,0
0,16385,12,0x1.028f5c28f5c29p+0,1,0,3,12582912,3,0,0,0,64,0,0,0,16385,8192,0,0,0,0,0,0,0,16384,81920,0,0,0,0,0,0,0
0,1025,9,0x1.028f5c28f5c29p+0,1,0,3,12582912,3,0,0,0,0,0,0,0,0,1025,0,0,0,0,0,0,0,0,0,0,0,1025,0,0,0,0
0,1025,13,0x0p+0,1,0,3,12582912,3,0,0,0,64,0,0,0,1025,614,0,0,0,0,0,0,0,1025,5125,0,0,0,0,0,0,0
0,1025,14,0x0p+0,1,0,3,12582912,3,0,0,0,64,0,0,0,1025,512,0,0,0,0,0,0,0,1025,5125,0,0,0,0,0,0,0
0,1025,13,-0x0p+0,1,0,3,12582912,3,0,0,0,64,0,0,0,1025,614,0,0,0,0,0,0,0,1025,5125,0,0,0,0,0,0,0
0,1025,14,-0x0p+0,1,0,3,12582912,3,0,0,0,64,0,0,0,1025,512,0,0,0,0,0,0,0,1025,5125,0,0,0,0,0,0,0
0,1025,13,0x1.028f5c28f5c29p+0,1,0,3,12582912,4,0,0,0,1153,0,0,0,2050,614,0,0,0,0,0,0,0,1281,6405,0,0,0,0,0,0,0
0,1025,14,0x1.028f5c28f5c29p+0,1,0,3,12582912,4,0,0,0,129,0,0,0,2050,512,0,0,0,0,0,0,0,2050,10250,0,0,0,0,0,0,0
0,1025,13,-0x1.028f5c28f5c29p+0,1,0,3,12582912,4,0,0,0,1153,0,0,0,2050,614,0,0,0,0,0,0,0,1281,6405,0,0,0,0,0,0,0
0,1025,14,-0x1.028f5c28f5c29p+0,1,0,3,12582912,4,0,0,0,129,0,0,0,2050,512,0,0,0,0,0,0,0,2050,10250,0,0,0,0,0,0,0
0,1025,13,0x1.0000000000001p+0,1,0,3,12582912,4,0,0,0,1153,0,0,0,2050,614,0,0,0,0,0,0,0,1281,6405,0,0,0,0,0,0,0
0,1025,14,0x1.0000000000001p+0,1,0,3,12582912,4,0,0,0,129,0,0,0,2050,512,0,0,0,0,0,0,0,2050,10250,0,0,0,0,0,0,0
0,1025,13,0x1p-1074,1,0,3,12582912,3,0,0,0,64,0,0,0,1025,614,0,0,0,0,0,0,0,1025,5125,0,0,0,0,0,0,0
0,1025,14,0x1p-1074,1,0,3,12582912,3,0,0,0,64,0,0,0,1025,512,0,0,0,0,0,0,0,1025,5125,0,0,0,0,0,0,0
0,1025,13,-0x1p-1074,1,0,3,12582912,3,0,0,0,64,0,0,0,1025,614,0,0,0,0,0,0,0,1025,5125,0,0,0,0,0,0,0
0,1025,14,-0x1p-1074,1,0,3,12582912,3,0,0,0,64,0,0,0,1025,512,0,0,0,0,0,0,0,1025,5125,0,0,0,0,0,0,0
0,1025,13,0x1.fffffep+126,1,0,3,12582912,4,0,0,0,1151,0,0,0,2050,614,0,0,0,0,0,0,0,1281,6405,0,0,0,0,0,0,0
0,1025,14,0x1.fffffep+126,1,0,3,12582912,4,0,0,0,1151,0,0,0,2050,512,0,0,0,0,0,0,0,1281,6405,0,0,0,0,0,0,0
0,1025,13,-0x1.fffffep+126,1,0,3,12582912,4,0,0,0,1151,0,0,0,2050,614,0,0,0,0,0,0,0,1281,6405,0,0,0,0,0,0,0
0,1025,14,-0x1.fffffep+126,1,0,3,12582912,4,0,0,0,1151,0,0,0,2050,512,0,0,0,0,0,0,0,1281,6405,0,0,0,0,0,0,0
0,1025,13,0x1p+127,1,0,3,12582912,4,0,0,0,1153,0,0,0,2050,614,0,0,0,0,0,0,0,1281,6405,0,0,0,0,0,0,0
0,1025,14,0x1p+127,1,0,3,12582912,4,0,0,0,1153,0,0,0,2050,512,0,0,0,0,0,0,0,1281,6405,0,0,0,0,0,0,0
0,1025,13,-0x1p+127,1,0,3,12582912,4,0,0,0,1153,0,0,0,2050,614,0,0,0,0,0,0,0,1281,6405,0,0,0,0,0,0,0
0,1025,14,-0x1p+127,1,0,3,12582912,4,0,0,0,1153,0,0,0,2050,512,0,0,0,0,0,0,0,1281,6405,0,0,0,0,0,0,0
0,1025,13,0x1.fffffffffffffp+1022,1,0,3,12582912,4,0,0,0,2085,0,0,0,2050,820,0,0,0,0,0,0,0,256,1280,0,0,0,0,0,0,0
0,1025,14,0x1.fffffffffffffp+1022,1,0,3,12582912,3,0,0,0,1027,0,0,0,1025,1025,0,0,0,0,0,0,0,0,0,0,0,0,0,0,0,0
0,1025,13,-0x1.fffffffffffffp+1022,1,0,3,12582912,4,0,0,0,2085,0,0,0,2050,820,0,0,0,0,0,0,0,256,1280,0,0,0,0,0,0,0
0,1025,14,-0x1.fffffffffffffp+1022,1,0,3,12582912,3,0,0,0,1027,0,0,0,1025,1025,0,0,0,0,0,0,0,0,0,0,0,0,0,0,0,0
0,1025,13,0x1.fffffffffffffp+1023,1,0,3,12582912,4,0,0,0,2110,0,0,0,2050,922,0,0,0,0,0,0,0,256,1280,0,0,0,0,0,0,0
0,1025,14,0x1.fffffffffffffp+1023,1,0,3,12582912,3,0,0,0,1027,0,0,0,1025,1025,0,0,0,0,0,0,0,0,0,0,0,0,0,0,0,0
0,1025,13,-0x1.fffffffffffffp+1023,1,0,3,12582912,4,0,0,0,2110,0,0,0,2050,922,0,0,0,0,0,0,0,256,1280,0,0,0,0,0,0,0
0,1025,14,-0x1.fffffffffffffp+1023,1,0,3,12582912,3,0,0,0,1027,0,0,0,1025,1025,0,0,0,0,0,0,0,0,0,0,0,0,0,0,0,0
0,16384,8,0x1.028f5c28f5c29p+0,1,0,4,12582912,4,0,0,0,64,0,0,0,16384,8192,0,0,0,0,0,0,0,16384,81920,0,0,0,0,0,0,0
0,16385,8,0x1.028f5c28f5c29p+0,1,7,4,12582912,4,0,0,0,64,0,0,0,16385,8192,0,0,0,0,0,0,0,16385,81925,0,0,0,0,0,0,0
0,16385,11,0x1.028f5c28f5c29p+0,1,0,4,12582912,4,0,0,0,64,0,0,0,16385,256,0,0,0,0,0,0,0,16384,81920,0,0,0,0,0,0,0
0,16385,12,0x1.028f5c28f5c29p+0,1,0,4,12582912,4,0,0,0,64,0,0,0,16385,8192,0,0,0,0,0,0,0,16384,81920,0,0,0,0,0,0,0
0,1025,9,0x1.028f5c28f5c29p+0,1,0,4,12582912,4,0,0,0,0,0,0,0,0,1025,0,0,0,0,0,0,0,0,0,0,0,1025,0,0,0,0
0,1025,13,0x0p+0,1,0,4,12582912,4,0,0,0,64,0,0,0,1025,614,0,0,0,0,0,0,0,1025,5125,0,0,0,0,0,0,0
0,1025,14,0x0p+0,1,0,4,12582912,4,0,0,0,64,0,0,0,1025,512,0,0,0,0,0,0,0,1025,5125,0,0,0,0,0,0,0
0,1025,13,-0x0p+0,1,0,4,12582912,4,0,0,0,64,0,0,0,1025,614,0,0,0,0,0,0,0,1025,5125,0,0,0,0,0,0,0
0,1025,14,-0x0p+0,1,0,4,12582912,4,0,0,0,64,0,0,0,1025,512,0,0,0,0,0,0,0,1025,5125,0,0,0,0,0,0,0
0,1025,13,0x1.028f5c28f5c29p+0,1,0,4,12582912,4,0,0,0,64,0,0,0,1025,614,0,0,0,0,0,0,0,1025,5125,0,0,0,0,0,0,0
0,1025,14,0x1.028f5c28f5c29p+0,1,0,4,12582912,4,0,0,0,64,0,0,0,1025,512,0,0,0,0,0,0,0,1025,5125,0,0,0,0,0,0,0
0,1025,13,-0x1.028f5c28f5c29p+0,1,0,4,12582912,4,0,0,0,64,0,0,0,1025,614,0,0,0,0,0,0,0,1025,5125,0,0,0,0,0,0,0
0,1025,14,-0x1.028f5c28f5c29p+0,1,0,4,12582912,4,0,0,0,64,0,0,0,1025,512,0,0,0,0,0,0,0,1025,5125,0,0,0,0,0,0,0
0,1025,13,0x1.0000000000001p+0,1,0,4,12582912,4,0,0,0,64,0,0,0,1025,614,0,0,0,0,0,0,0,1025,5125,0,0,0,0,0,0,0
0,1025,14,0x1.0000000000001p+0,1,0,4,12582912,4,0,0,0,64,0,0,0,1025,512,0,0,0,0,0,0,0,1025,5125,0,0,0,0,0,0,0
0,1025,13,0x1p-1074,1,0,4,12582912,4,0,0,0,64,0,0,0,1025,614,0,0,0,0,0,0,0,1025,5125,0,0,0,0,0,0,0
0,1025,14,0x1p-1074,1,0,4,12582912,4,0,0,0,64,0,0,0,1025,512,0,0,0,0,0,0,0,1025,5125,0,0,0,0,0,0,0
0,1025,13,-0x1p-1074,1,0,4,12582912,4,0,0,0,64,0,0,0,1025,614,0,0,0,0,0,0,0,1025,5125,0,0,0,0,0,0,0
0,1025,14,-0x1p-1074,1,0,4,12582912,4,0,0,0,64,0,0,0,1025,512,0,0,0,0,0,0,0,1025,5125,0,0,0,0,0,0,0
0,1025,13,0x1.fffffep+126,1,0,4,12582912,4,0,0,0,64,0,0,0,1025,614,0,0,0,0,0,0,0,1025,5125,0,0,0,0,0,0,0
0,1025,14,0x1.fffffep+126,1,0,4,12582912,4,0,0,0,64,0,0,0,1025,512,0,0,0,0,0,0,0,1025,5125,0,0,0,0,0,0,0
0,1025,13,-0x1.fffffep+126,1,0,4,12582912,4,0,0,0,64,0,0,0,1025,614,0,0,0,0,0,0,0,1025,5125,0,0,0,0,0,0,0
0,1025,14,-0x1.fffffep+126,1,0,4,12582912,4,0,0,0,64,0,0,0,1025,512,0,0,0,0,0,0,0,1025,5125,0,0,0,0,0,0,0
0,1025,13,0x1p+127,1,0,4,12582912,4,0,0,0,64,0,0,0,1025,614,0,0,0,0,0,0,0,1025,5125,0,0,0,0,0,0,0
0,1025,14,0x1p+127,1,0,4,12582912,4,0,0,0,64,0,0,0,1025,512,0,0,0,0,0,0,0,1025,5125,0,0,0,0,0,0,0
0,1025,13,-0x1p+127,1,0,4,12582912,4,0,0,0,64,0,0,0,1025,614,0,0,0,0,0,0,0,1025,5125,0,0,0,0,0,0,0
0,1025,14,-0x1p+127,1,0,4,12582912,4,0,0,0,64,0,0,0,1025,512,0,0,0,0,0,0,0,1025,5125,0,0,0,0,0,0,0
0,1025,13,0x1.fffffffffffffp+1022,1,0,4,12582912,4,0,0,0,1058,0,0,0,1025,820,0,0,0,0,0,0,0,256,1280,0,0,0,0,0,0,0
0,1025,14,0x1.fffffffffffffp+1022,1,0,4,12582912,4,0,0,0,1058,0,0,0,1025,1025,0,0,0,0,0,0,0,256,1280,0,0,0,0,0,0,0
0,1025,13,-0x1.fffffffffffffp+1022,1,0,4,12582912,4,0,0,0,1058,0,0,0,1025,820,0,0,0,0,0,0,0,256,1280,0,0,0,0,0,0,0
0,1025,14,-0x1.fffffffffffffp+1022,1,0,4,12582912,4,0,0,0,1058,0,0,0,1025,1025,0,0,0,0,0,0,0,256,1280,0,0,0,0,0,0,0
0,1025,13,0x1.fffffffffffffp+1023,1,0,4,12582912,4,0,0,0,1083,0,0,0,1025,922,0,0,0,0,0,0,0,256,1280,0,0,0,0,0,0,0
0,1025,14,0x1.fffffffffffffp+1023,1,0,4,12582912,4,0,0,0,1083,0,0,0,1025,1025,0,0,0,0,0,0,0,256,1280,0,0,0,0,0,0,0
0,1025,13,-0x1.fffffffffffffp+1023,1,0,4,12582912,4,0,0,0,1083,0,0,0,1025,922,0,0,0,0,0,0,0,256,1280,0,0,0,0,0,0,0
0,1025,14,-0x1.fffffffffffffp+1023,1,0,4,12582912,4,0,0,0,1083,0,0,0,1025,1025,0,0,0,0,0,0,0,256,1280,0,0,0,0,0,0,0
1,16384,8,0x1.028f5c28f5c29p+0,0,0,3,12582912,3,0,0,0,64,0,0,0,16384,8192,0,0,0,0,0,0,0,256,1280,0,0,0,0,16128,16128,0
1,16385,8,0x1.028f5c28f5c29p+0,0,7,3,12582912,3,0,0,0,64,0,0,0,16385,8192,0,0,0,0,0,0,0,16385,81925,0,0,0,0,0,0,0
1,16385,11,0x1.028f5c28f5c29p+0,0,0,3,12582912,3,0,0,0,64,0,0,0,16385,256,0,0,0,0,0,0,0,256,1280,0,0,0,0,16128,16128,0
1,16385,12,0x1.028f5c28f5c29p+0,0,0,3,12582912,3,0,0,0,64,0,0,0,16385,8192,0,0,0,0,0,0,0,256,1280,0,0,0,0,16128,16128,0
1,1025,9,0x1.028f5c28f5c29p+0,0,0,3,12582912,3,0,0,0,0,0,0,0,0,1025,0,0,0,0,0,0,0,0,0,0,0,1025,0,0,0,0
1,1025,13,0x0p+0,0,0,3,12582912,3,0,0,0,64,0,0,0,1025,614,0,0,0,0,0,0,0,256,1280,0,0,0,0,769,769,0
1,1025,14,0x0p+0,0,0,3,12582912,3,0,0,0,64,0,0,0,1025,512,0,0,0,0,0,0,0,256,1280,0,0,0,0,769,769,0
1,1025,13,-0x0p+0,0,0,3,12582912,3,0,0,0,64,0,0,0,1025,614,0,0,0,0,0,0,0,256,1280,0,0,0,0,769,769,0
1,1025,14,-0x0p+0,0,0,3,12582912,3,0,0,0,64,0,0,0,1025,512,0,0,0,0,0,0,0,256,1280,0,0,0,0,769,769,0
1,1025,13,0x1.028f5c28f5c29p+0,0,0,3,12582912,4,0,0,0,1153,0,0,0,2050,614,0,0,0,0,0,0,0,512,2560,0,0,0,0,769,769,0
1,1025,14,0x1.028f5c28f5c29p+0,0,0,3,12582912,4,0,0,0,897,0,0,0,2050,512,0,0,0,0,0,0,0,512,2560,0,0,0,0,1538,769,0
1,1025,13,-0x1.028f5c28f5c29p+0,0,0,3,12582912,4,0,0,0,1153,0,0,0,2050,614,0,0,0,0,0,0,0,512,2560,0,0,0,0,769,769,0
1,1025,14,-0x1.028f5c28f5c29p+0,0,0,3,12582912,4,0,0,0,897,0,0,0,2050,512,0,0,0,0,0,0,0,512,2560,0,0,0,0,1538,769,0
1,1025,13,0x1.0000000000001p+0,0,0,3,12582912,4,0,0,0,1153,0,0,0,2050,614,0,0,0,0,0,0,0,512,2560,0,0,0,0,769,769,0
1,1025,14,0x1.0000000000001p+0,0,0,3,12582912,4,0,0,0,897,0,0,0,2050,512,0,0,0,0,0,0,0,512,2560,0,0,0,0,1538,769,0
1,1025,13,0x1p-1074,0,0,3,12582912,3,0,0,0,64,0,0,0,1025,614,0,0,0,0,0,0,0,256,1280,0,0,0,0,769,769,0
1,1025,14,0x1p-1074,0,0,3,12582912,3,0,0,0,64,0,0,0,1025,512,0,0,0,0,0,0,0,256,1280,0,0,0,0,769,769,0
1,1025,13,-0x1p-1074,0,0,3,12582912,3,0,0,0,64,0,0,0,1025,614,0,0,0,0,0,0,0,256,1280,0,0,0,0,769,769,0
1,1025,14,-0x1p-1074,0,0,3,12582912,3,0,0,0,64,0,0,0,1025,512,0,0,0,0,0,0,0,256,1280,0,0,0,0,769,769,0
1,1025,13,0x1.fffffep+126,0,0,3,12582912,4,0,0,0,1151,0,0,0,2050,614,0,0,0,0,0,0,0,512,2560,0,0,0,0,769,769,0
1,1025,14,0x1.fffffep+126,0,0,3,12582912,4,0,0,0,1151,0,0,0,2050,512,0,0,0,0,0,0,0,512,2560,0,0,0,0,769,769,0
1,1025,13,-0x1.fffffep+126,0,0,3,12582912,4,0,0,0,1151,0,0,0,2050,614,0,0,0,0,0,0,0,512,2560,0,0,0,0,769,769,0
1,1025,14,-0x1.fffffep+126,0,0,3,12582912,4,0,0,0,1151,0,0,0,2050,512,0,0,0,0,0,0,0,512,2560,0,0,0,0,769,769,0
1,1025,13,0x1p+127,0,0,3,12582912,4,0,0,0,1153,0,0,0,2050,614,0,0,0,0,0,0,0,512,2560,0,0,0,0,769,769,0
1,1025,14,0x1p+127,0,0,3,12582912,4,0,0,0,1153,0,0,0,2050,512,0,0,0,0,0,0,0,512,2560,0,0,0,0,769,769,0
1,1025,13,-0x1p+127,0,0,3,12582912,4,0,0,0,1153,0,0,0,2050,614,0,0,0,0,0,0,0,512,2560,0,0,0,0,769,769,0
1,1025,14,-0x1p+127,0,0,3,12582912,4,0,0,0,1153,0,0,0,2050,512,0,0,0,0,0,0,0,512,2560,0,0,0,0,769,769,0
1,1025,13,0x1.fffffffffffffp+1022,0,0,3,12582912,4,0,0,0,2085,0,0,0,2050,820,0,0,0,0,0,0,0,256,1280,0,0,0,0,0,0,0
1,1025,14,0x1.fffffffffffffp+1022,0,0,3,12582912,3,0,0,0,1027,0,0,0,1025,1025,0,0,0,0,0,0,0,0,0,0,0,0,0,0,0,0
1,1025,13,-0x1.fffffffffffffp+1022,0,0,3,12582912,4,0,0,0,2085,0,0,0,2050,820,0,0,0,0,0,0,0,256,1280,0,0,0,0,0,0,0
1,1025,14,-0x1.fffffffffffffp+1022,0,0,3,12582912,3,0,0,0,1027,0,0,0,1025,1025,0,0,0,0,0,0,0,0,0,0,0,0,0,0,0,0
1,1025,13,0x1.fffffffffffffp+1023,0,0,3,12582912,4,0,0,0,2110,0,0,0,2050,922,0,0,0,0,0,0,0,256,1280,0,0,0,0,0,0,0
1,1025,14,0x1.fffffffffffffp+1023,0,0,3,12582912,3,0,0,0,1027,0,0,0,1025,1025,0,0,0,0,0,0,0,0,0,0,0,0,0,0,0,0
1,1025,13,-0x1.fffffffffffffp+1023,0,0,3,12582912,4,0,0,0,2110,0,0,0,2050,922,0,0,0,0,0,0,0,256,1280,0,0,0,0,0,0,0
1,1025,14,-0x1.fffffffffffffp+1023,0,0,3,12582912,3,0,0,0,1027,0,0,0,1025,1025,0,0,0,0,0,0,0,0,0,0,0,0,0,0,0,0
1,16384,8,0x1.028f5c28f5c29p+0,0,0,4,12582912,4,0,0,0,64,0,0,0,16384,8192,0,0,0,0,0,0,0,256,1280,0,0,0,0,16128,16128,0
1,16385,8,0x1.028f5c28f5c29p+0,0,7,4,12582912,4,0,0,0,64,0,0,0,16385,8192,0,0,0,0,0,0,0,16385,81925,0,0,0,0,0,0,0
1,16385,11,0x1.028f5c28f5c29p+0,0,0,4,12582912,4,0,0,0,64,0,0,0,16385,256,0,0,0,0,0,0,0,256,1280,0,0,0,0,16128,16128,0
1,16385,12,0x1.028f5c28f5c29p+0,0,0,4,12582912,4,0,0,0,64,0,0,0,16385,8192,0,0,0,0,0,0,0,256,1280,0,0,0,0,16128,16128,0
1,1025,9,0x1.028f5c28f5c29p+0,0,0,4,12582912,4,0,0,0,0,0,0,0,0,1025,0,0,0,0,0,0,0,0,0,0,0,1025,0,0,0,0
1,1025,13,0x0p+0,0,0,4,12582912,4,0,0,0,64,0,0,0,1025,614,0,0,0,0,0,0,0,256,1280,0,0,0,0,769,769,0
1,1025,14,0x0p+0,0,0,4,12582912,4,0,0,0,64,0,0,0,1025,512,0,0,0,0,0,0,0,256,1280,0,0,0,0,769,769,0
1,1025,13,-0x0p+0,0,0,4,12582912,4,0,0,0,64,0,0,0,1025,614,0,0,0,0,0,0,0,256,1280,0,0,0,0,769,769,0
1,1025,14,-0x0p+0,0,0,4,12582912,4,0,0,0,64,0,0,0,1025,512,0,0,0,0,0,0,0,256,1280,0,0,0,0,769,769,0
1,1025,13,0x1.028f5c28f5c29p+0,0,0,4,12582912,4,0,0,0,64,0,0,0,1025,614,0,0,0,0,0,0,0,256,1280,0,0,0,0,769,769,0
1,1025,14,0x1.028f5c28f5c29p+0,0,0,4,12582912,4,0,0,0,64,0,0,0,1025,512,0,0,0,0,0,0,0,256,1280,0,0,0,0,769,769,0
1,1025,13,-0x1.028f5c28f5c29p+0,0,0,4,12582912,4,0,0,0,64,0,0,0,1025,614,0,0,0,0,0,0,0,256,1280,0,0,0,0,769,769,0
1,1025,14,-0x1.028f5c28f5c29p+0,0,0,4,12582912,4,0,0,0,64,0,0,0,1025,512,0,0,0,0,0,0,0,256,1280,0,0,0,0,769,769,0
1,1025,13,0x1.0000000000001p+0,0,0,4,12582912,4,0,0,0,64,0,0,0,1025,614,0,0,0,0,0,0,0,256,1280,0,0,0,0,769,769,0
1,1025,14,0x1.0000000000001p+0,0,0,4,12582912,4,0,0,0,64,0,0,0,1025,512,0,0,0,0,0,0,0,256,1280,0,0,0,0,769,769,0
1,1025,13,0x1p-1074,0,0,4,12582912,4,0,0,0,64,0,0,0,1025,614,0,0,0,0,0,0,0,256,1280,0,0,0,0,769,769,0
1,1025,14,0x1p-1074,0,0,4,12582912,4,0,0,0,64,0,0,0,1025,512,0,0,0,0,0,0,0,256,1280,0,0,0,0,769,769,0
1,1025,13,-0x1p-1074,0,0,4,12582912,4,0,0,0,64,0,0,0,1025,614,0,0,0,0,0,0,0,256,1280,0,0,0,0,769,769,0
1,1025,14,-0x1p-1074,0,0,4,12582912,4,0,0,0,64,0,0,0,1025,512,0,0,0,0,0,0,0,256,1280,0,0,0,0,769,769,0
1,1025,13,0x1.fffffep+126,0,0,4,12582912,4,0,0,0,64,0,0,0,1025,614,0,0,0,0,0,0,0,256,1280,0,0,0,0,769,769,0
1,1025,14,0x1.fffffep+126,0,0,4,12582912,4,0,0,0,64,0,0,0,1025,512,0,0,0,0,0,0,0,256,1280,0,0,0,0,769,769,0
1,1025,13,-0x1.fffffep+126,0,0,4,12582912,4,0,0,0,64,0,0,0,1025,614,0,0,0,0,0,0,0,256,1280,0,0,0,0,769,769,0
1,1025,14,-0x1.fffffep+126,0,0,4,12582912,4,0,0,0,64,0,0,0,1025,512,0,0,0,0,0,0,0,256,1280,0,0,0,0,769,769,0
1,1025,13,0x1p+127,0,0,4,12582912,4,0,0,0,64,0,0,0,1025,614,0,0,0,0,0,0,0,256,1280,0,0,0,0,769,769,0
1,1025,14,0x1p+127,0,0,4,12582912,4,0,0,0,64,0,0,0,1025,512,0,0,0,0,0,0,0,256,1280,0,0,0,0,769,769,0
1,1025,13,-0x1p+127,0,0,4,12582912,4,0,0,0,64,0,0,0,1025,614,0,0,0,0,0,0,0,256,1280,0,0,0,0,769,769,0
1,1025,14,-0x1p+127,0,0,4,12582912,4,0,0,0,64,0,0,0,1025,512,0,0,0,0,0,0,0,256,1280,0,0,0,0,769,769,0
1,1025,13,0x1.fffffffffffffp+1022,0,0,4,12582912,4,0,0,0,1058,0,0,0,1025,820,0,0,0,0,0,0,0,256,1280,0,0,0,0,0,0,0
1,1025,14,0x1.fffffffffffffp+1022,0,0,4,12582912,4,0,0,0,1058,0,0,0,1025,1025,0,0,0,0,0,0,0,256,1280,0,0,0,0,0,0,0
1,1025,13,-0x1.fffffffffffffp+1022,0,0,4,12582912,4,0,0,0,1058,0,0,0,1025,820,0,0,0,0,0,0,0,256,1280,0,0,0,0,0,0,0
1,1025,14,-0x1.fffffffffffffp+1022,0,0,4,12582912,4,0,0,0,1058,0,0,0,1025,1025,0,0,0,0,0,0,0,256,1280,0,0,0,0,0,0,0
1,1025,13,0x1.fffffffffffffp+1023,0,0,4,12582912,4,0,0,0,1083,0,0,0,1025,922,0,0,0,0,0,0,0,256,1280,0,0,0,0,0,0,0
1,1025,14,0x1.fffffffffffffp+1023,0,0,4,12582912,4,0,0,0,1083,0,0,0,1025,1025,0,0,0,0,0,0,0,256,1280,0,0,0,0,0,0,0
1,1025,13,-0x1.fffffffffffffp+1023,0,0,4,12582912,4,0,0,0,1083,0,0,0,1025,922,0,0,0,0,0,0,0,256,1280,0,0,0,0,0,0,0
1,1025,14,-0x1.fffffffffffffp+1023,0,0,4,12582912,4,0,0,0,1083,0,0,0,1025,1025,0,0,0,0,0,0,0,256,1280,0,0,0,0,0,0,0
1,16384,8,0x1.028f5c28f5c29p+0,1,0,3,12582912,3,0,0,0,64,0,0,0,16384,8192,0,0,0,0,0,0,0,16384,81920,0,0,0,0,0,0,0
1,16385,8,0x1.028f5c28f5c29p+0,1,7,3,12582912,3,0,0,0,64,0,0,0,16385,8192,0,0,0,0,0,0,0,16385,81925,0,0,0,0,0,0,0
1,16385,11,0x1.028f5c28f5c29p+0,1,0,3,12582912,3,0,0,0,64,0,0,0,16385,256,0,0,0,0,0,0,0,16384,81920,0,0,0,0,0,0,0
1,16385,12,0x1.028f5c28f5c29p+0,1,0,3,12582912,3,0,0,0,64,0,0,0,16385,8192,0,0,0,0,0,0,0,16384,81920,0,0,0,0,0,0,0
1,1025,9,0x1.028f5c28f5c29p+0,1,0,3,12582912,3,0,0,0,0,0,0,0,0,1025,0,0,0,0,0,0,0,0,0,0,0,1025,0,0,0,0
1,1025,13,0x0p+0,1,0,3,12582912,3,0,0,0,64,0,0,0,1025,614,0,0,0,0,0,0,0,1025,5125,0,0,0,0,0,0,0
1,1025,14,0x0p+0,1,0,3,12582912,3,0,0,0,64,0,0,0,1025,512,0,0,0,0,0,0,0,1025,5125,0,0,0,0,0,0,0
1,1025,13,-0x0p+0,1,0,3,12582912,3,0,0,0,64,0,0,0,1025,614,0,0,0,0,0,0,0,1025,5125,0,0,0,0,0,0,0
1,1025,14,-0x0p+0,1,0,3,12582912,3,0,0,0,64,0,0,0,1025,512,0,0,0,0,0,0,0,1025,5125,0,0,0,0,0,0,0
1,1025,13,0x1.028f5c28f5c29p+0,1,0,3,12582912,4,0,0,0,1153,0,0,0,2050,614,0,0,0,0,0,0,0,1281,6405,0,0,0,0,0,0,0
1,1025,14,0x1.028f5c28f5c29p+0,1,0,3,12582912,4,0,0,0,129,0,0,0,2050,512,0,0,0,0,0,0,0,2050,10250,0,0,0,0,0,0,0
1,1025,13,-0x1.028f5c28f5c29p+0,1,0,3,12582912,4,0,0,0,1153,0,0,0,2050,614,0,0,0,0,0,0,0,1281,6405,0,0,0,0,0,0,0
1,1025,14,-0x1.028f5c28f5c29p+0,1,0,3,12582912,4,0,0,0,129,0,0,0,2050,512,0,0,0,0,0,0,0,2050,10250,0,0,0,0,0,0,0
1,1025,13,0x1.0000000000001p+0,1,0,3,12582912,4,0,0,0,1153,0,0,0,2050,614,0,0,0,0,0,0,0,1281,6405,0,0,0,0,0,0,0
1,1025,14,0x1.0000000000001p+0,1,0,3,12582912,4,0,0,0,129,0,0,0,2050,512,0,0,0,0,0,0,0,2050,10250,0,0,0,0,0,0,0
1,1025,13,0x1p-1074,1,0,3,12582912,3,0,0,0,64,0,0,0,1025,614,0,0,0,0,0,0,0,1025,5125,0,0,0,0,0,0,0
1,1025,14,0x1p-1074,1,0,3,12582912,3,0,0,0,64,0,0,0,1025,512,0,0,0,0,0,0,0,1025,5125,0,0,0,0,0,0,0
1,1025,13,-0x1p-1074,1,0,3,12582912,3,0,0,0,64,0,0,0,1025,614,0,0,0,0,0,0,0,1025,5125,0,0,0,0,0,0,0
1,1025,14,-0x1p-1074,1,0,3,12582912,3,0,0,0,64,0,0,0,1025,512,0,0,0,0,0,0,0,1025,5125,0,0,0,0,0,0,0
1,1025,13,0x1.fffffep+126,1,0,3,12582912,4,0,0,0,1151,0,0,0,2050,614,0,0,0,0,0,0,0,1281,6405,0,0,0,0,0,0,0
1,1025,14,0x1.fffffep+126,1,0,3,12582912,4,0,0,0,1151,0,0,0,2050,512,0,0,0,0,0,0,0,1281,6405,0,0,0,0,0,0,0
1,1025,13,-0x1.fffffep+126,1,0,3,12582912,4,0,0,0,1151,0,0,0,2050,614,0,0,0,0,0,0,0,1281,6405,0,0,0,0,0,0,0
1,1025,14,-0x1.fffffep+126,1,0,3,12582912,4,0,0,0,1151,0,0,0,2050,512,0,0,0,0,0,0,0,1281,6405,0,0,0,0,0,0,0
1,1025,13,0x1p+127,1,0,3,12582912,4,0,0,0,1153,0,0,0,2050,614,0,0,0,0,0,0,0,1281,6405,0,0,0,0,0,0,0
1,1025,14,0x1p+127,1,0,3,12582912,4,0,0,0,1153,0,0,0,2050,512,0,0,0,0,0,0,0,1281,6405,0,0,0,0,0,0,0
1,1025,13,-0x1p+127,1,0,3,12582912,4,0,0,0,1153,0,0,0,2050,614,0,0,0,0,0,0,0,1281,6405,0,0,0,0,0,0,0
1,1025,14,-0x1p+127,1,0,3,12582912,4,0,0,0,1153,0,0,0,2050,512,0,0,0,0,0,0,0,1281,6405,0,0,0,0,0,0,0
1,1025,13,0x1.fffffffffffffp+1022,1,0,3,12582912,4,0,0,0,2085,0,0,0,2050,820,0,0,0,0,0,0,0,256,1280,0,0,0,0,0,0,0
1,1025,14,0x1.fffffffffffffp+1022,1,0,3,12582912,3,0,0,0,1027,0,0,0,1025,1025,0,0,0,0,0,0,0,0,0,0,0,0,0,0,0,0
1,1025,13,-0x1.fffffffffffffp+1022,1,0,3,12582912,4,0,0,0,2085,0,0,0,2050,820,0,0,0,0,0,0,0,256,1280,0,0,0,0,0,0,0
1,1025,14,-0x1.fffffffffffffp+1022,1,0,3,12582912,3,0,0,0,1027,0,0,0,1025,1025,0,0,0,0,0,0,0,0,0,0,0,0,0,0,0,0
1,1025,13,0x1.fffffffffffffp+1023,1,0,3,12582912,4,0,0,0,2110,0,0,0,2050,922,0,0,0,0,0,0,0,256,1280,0,0,0,0,0,0,0
1,1025,14,0x1.fffffffffffffp+1023,1,0,3,12582912,3,0,0,0,1027,0,0,0,1025,1025,0,0,0,0,0,0,0,0,0,0,0,0,0,0,0,0
1,1025,13,-0x1.fffffffffffffp+1023,1,0,3,12582912,4,0,0,0,2110,0,0,0,2050,922,0,0,0,0,0,0,0,256,1280,0,0,0,0,0,0,0
1,1025,14,-0x1.fffffffffffffp+1023,1,0,3,12582912,3,0,0,0,1027,0,0,0,1025,1025,0,0,0,0,0,0,0,0,0,0,0,0,0,0,0,0
1,16384,8,0x1.028f5c28f5c29p+0,1,0,4,12582912,4,0,0,0,64,0,0,0,16384,8192,0,0,0,0,0,0,0,16384,81920,0,0,0,0,0,0,0
1,16385,8,0x1.028f5c28f5c29p+0,1,7,4,12582912,4,0,0,0,64,0,0,0,16385,8192,0,0,0,0,0,0,0,16385,81925,0,0,0,0,0,0,0
1,16385,11,0x1.028f5c28f5c29p+0,1,0,4,12582912,4,0,0,0,64,0,0,0,16385,256,0,0,0,0,0,0,0,16384,81920,0,0,0,0,0,0,0
1,16385,12,0x1.028f5c28f5c29p+0,1,0,4,12582912,4,0,0,0,64,0,0,0,16385,8192,0,0,0,0,0,0,0,16384,81920,0,0,0,0,0,0,0
1,1025,9,0x1.028f5c28f5c29p+0,1,0,4,12582912,4,0,0,0,0,0,0,0,0,1025,0,0,0,0,0,0,0,0,0,0,0,1025,0,0,0,0
1,1025,13,0x0p+0,1,0,4,12582912,4,0,0,0,64,0,0,0,1025,614,0,0,0,0,0,0,0,1025,5125,0,0,0,0,0,0,0
1,1025,14,0x0p+0,1,0,4,12582912,4,0,0,0,64,0,0,0,1025,512,0,0,0,0,0,0,0,1025,5125,0,0,0,0,0,0,0
1,1025,13,-0x0p+0,1,0,4,12582912,4,0,0,0,64,0,0,0,1025,614,0,0,0,0,0,0,0,1025,5125,0,0,0,0,0,0,0
1,1025,14,-0x0p+0,1,0,4,12582912,4,0,0,0,64,0,0,0,1025,512,0,0,0,0,0,0,0,1025,5125,0,0,0,0,0,0,0
1,1025,13,0x1.028f5c28f5c29p+0,1,0,4,12582912,4,0,0,0,64,0,0,0,1025,614,0,0,0,0,0,0,0,1025,5125,0,0,0,0,0,0,0
1,1025,14,0x1.028f5c28f5c29p+0,1,0,4,12582912,4,0,0,0,64,0,0,0,1025,512,0,0,0,0,0,0,0,1025,5125,0,0,0,0,0,0,0
1,1025,13,-0x1.028f5c28f5c29p+0,1,0,4,12582912,4,0,0,0,64,0,0,0,1025,614,0,0,0,0,0,0,0,1025,5125,0,0,0,0,0,0,0
1,1025,14,-0x1.028f5c28f5c29p+0,1,0,4,12582912,4,0,0,0,64,0,0,0,1025,512,0,0,0,0,0,0,0,1025,5125,0,0,0,0,0,0,0
1,1025,13,0x1.0000000000001p+0,1,0,4,12582912,4,0,0,0,64,0,0,0,1025,614,0,0,0,0,0,0,0,1025,5125,0,0,0,0,0,0,0
1,1025,14,0x1.0000000000001p+0,1,0,4,12582912,4,0,0,0,64,0,0,0,1025,512,0,0,0,0,0,0,0,1025,5125,0,0,0,0,0,0,0
1,1025,13,0x1p-1074,1,0,4,12582912,4,0,0,0,64,0,0,0,1025,614,0,0,0,0,0,0,0,1025,5125,0,0,0,0,0,0,0
1,1025,14,0x1p-1074,1,0,4,12582912,4,0,0,0,64,0,0,0,1025,512,0,0,0,0,0,0,0,1025,5125,0,0,0,0,0,0,0
1,1025,13,-0x1p-1074,1,0,4,12582912,4,0,0,0,64,0,0,0,1025,614,0,0,0,0,0,0,0,1025,5125,0,0,0,0,0,0,0
1,1025,14,-0x1p-1074,1,0,4,12582912,4,0,0,0,64,0,0,0,1025,512,0,0,0,0,0,0,0,1025,5125,0,0,0,0,0,0,0
1,1025,13,0x1.fffffep+126,1,0,4,12582912,4,0,0,0,64,0,0,0,1025,614,0,0,0,0,0,0,0,1025,5125,0,0,0,0,0,0,0
1,1025,14,0x1.fffffep+126,1,0,4,12582912,4,0,0,0,64,0,0,0,1025,512,0,0,0,0,0,0,0,1025,5125,0,0,0,0,0,0,0
1,1025,13,-0x1.fffffep+126,1,0,4,12582912,4,0,0,0,64,0,0,0,1025,614,0,0,0,0,0,0,0,1025,5125,0,0,0,0,0,0,0
1,1025,14,-0x1.fffffep+126,1,0,4,12582912,4,0,0,0,64,0,0,0,1025,512,0,0,0,0,0,0,0,1025,5125,0,0,0,0,0,0,0
1,1025,13,0x1p+127,1,0,4,12582912,4,0,0,0,64,0,0,0,1025,614,0,0,0,0,0,0,0,1025,5125,0,0,0,0,0,0,0
1,1025,14,0x1p+127,1,0,4,12582912,4,0,0,0,64,0,0,0,1025,512,0,0,0,0,0,0,0,1025,5125,0,0,0,0,0,0,0
1,1025,13,-0x1p+127,1,0,4,12582912,4,0,0,0,64,0,0,0,1025,614,0,0,0,0,0,0,0,1025,5125,0,0,0,0,0,0,0
1,1025,14,-0x1p+127,1,0,4,12582912,4,0,0,0,64,0,0,0,1025,512,0,0,0,0,0,0,0,1025,5125,0,0,0,0,0,0,0
1,1025,13,0x1.fffffffffffffp+1022,1,0,4,12582912,4,0,0,0,1058,0,0,0,1025,820,0,0,0,0,0,0,0,256,1280,0,0,0,0,0,0,0
1,1025,14,0x1.fffffffffffffp+1022,1,0,4,12582912,4,0,0,0,1058,0,0,0,1025,1025,0,0,0,0,0,0,0,256,1280,0,0,0,0,0,0,0
1,1025,13,-0x1.fffffffffffffp+1022,1,0,4,12582912,4,0,0,0,1058,0,0,0,1025,820,0,0,0,0,0,0,0,256,1280,0,0,0,0,0,0,0
1,1025,14,-0x1.fffffffffffffp+1022,1,0,4,12582912,4,0,0,0,1058,0,0,0,1025,1025,0,0,0,0,0,0,0,256,1280,0,0,0,0,0,0,0
1,1025,13,0x1.fffffffffffffp+1023,1,0,4,12582912,4,0,0,0,1083,0,0,0,1025,922,0,0,0,0,0,0,0,256,1280,0,0,0,0,0,0,0
1,1025,14,0x1.fffffffffffffp+1023,1,0,4,12582912,4,0,0,0,1083,0,0,0,1025,1025,0,0,0,0,0,0,0,256,1280,0,0,0,0,0,0,0
1,1025,13,-0x1.fffffffffffffp+1023,1,0,4,12582912,4,0,0,0,1083,0,0,0,1025,922,0,0,0,0,0,0,0,256,1280,0,0,0,0,0,0,0
1,1025,14,-0x1.fffffffffffffp+1023,1,0,4,12582912,4,0,0,0,1083,0,0,0,1025,1025,0,0,0,0,0,0,0,256,1280,0,0,0,0,0,0,0
0,1025,2,0x1.028f5c28f5c29p+0,0,0,3,12582912,4,0,0,0,1153,0,0,0,2050,749,0,0,0,0,0,0,0,1281,6405,0,0,0,0,0,0,0
0,1025,10,0x1.028f5c28f5c29p+0,1,0,3,12582912,3,0,0,0,64,0,0,0,1025,660,0,0,0,0,0,0,0,1025,5125,0,0,0,0,0,0,0
0,1025,2,0x1.028f5c28f5c29p+0,0,0,4,12582912,4,0,0,0,64,0,0,0,1025,749,0,0,0,0,0,0,0,1025,5125,0,0,0,0,0,0,0
0,1025,10,0x1.028f5c28f5c29p+0,1,0,4,12582912,4,0,0,0,64,0,0,0,1025,660,0,0,0,0,0,0,0,1025,5125,0,0,0,0,0,0,0
3,1025,7,0x1.028f5c28f5c29p+0,0,0,3,12582912,3,0,0,0,64,0,0,0,1025,0,0,0,0,0,0,0,0,0,0,0,0,0,0,0,0,0
3,1025,7,-0x0p+0,0,0,3,12582912,3,0,0,0,64,0,0,0,1025,0,0,0,0,0,0,0,0,0,0,0,0,0,0,0,0,0
3,1025,7,0x1.fffffffffffffp+1022,0,0,3,12582912,3,0,0,0,1027,0,0,0,1025,1025,0,0,0,0,0,0,0,0,0,0,0,0,0,0,0,0
3,1025,7,0x1.fffffffffffffp+1023,0,0,3,12582912,3,0,0,0,1027,0,0,0,1025,1025,0,0,0,0,0,0,0,0,0,0,0,0,0,0,0,0
3,1025,8,0x1.028f5c28f5c29p+0,0,0,3,12582912,3,0,0,0,64,0,0,0,1025,512,0,0,0,0,0,0,0,256,1280,0,0,0,0,769,769,0
3,1025,8,-0x0p+0,0,0,3,12582912,3,0,0,0,64,0,0,0,1025,512,0,0,0,0,0,0,0,256,1280,0,0,0,0,769,769,0
3,1025,8,0x1.fffffffffffffp+1022,0,0,3,12582912,3,0,0,0,1027,0,0,0,1025,1025,0,0,0,0,0,0,0,0,0,0,0,0,0,0,0,0
3,1025,8,0x1.fffffffffffffp+1023,0,0,3,12582912,3,0,0,0,1027,0,0,0,1025,1025,0,0,0,0,0,0,0,0,0,0,0,0,0,0,0,0
3,1025,14,0x1.028f5c28f5c29p+0,0,0,3,12582912,4,0,0,0,897,0,0,0,2050,512,0,0,0,0,0,0,0,512,2560,0,0,0,0,1538,769,0
3,1025,14,-0x0p+0,0,0,3,12582912,3,0,0,0,64,0,0,0,1025,512,0,0,0,0,0,0,0,256,1280,0,0,0,0,769,769,0
3,1025,14,0x1.fffffffffffffp+1022,0,0,3,12582912,3,0,0,0,1027,0,0,0,1025,1025,0,0,0,0,0,0,0,0,0,0,0,0,0,0,0,0
3,1025,14,0x1.fffffffffffffp+1023,0,0,3,12582912,3,0,0,0,1027,0,0,0,1025,1025,0,0,0,0,0,0,0,0,0,0,0,0,0,0,0,0
3,1025,15,0x1.028f5c28f5c29p+0,0,0,3,12582912,3,0,0,0,1089,0,0,0,1025,512,0,0,0,0,0,0,0,0,0,0,0,0,0,0,0,0
3,1025,15,-0x0p+0,0,0,3,12582912,3,0,0,0,1089,0,0,0,1025,512,0,0,0,0,0,0,0,0,0,0,0,0,0,0,0,0
3,1025,15,0x1.fffffffffffffp+1022,0,0,3,12582912,3,0,0,0,1027,0,0,0,1025,1025,0,0,0,0,0,0,0,0,0,0,0,0,0,0,0,0
3,1025,15,0x1.fffffffffffffp+1023,0,0,3,12582912,3,0,0,0,1027,0,0,0,1025,1025,0,0,0,0,0,0,0,0,0,0,0,0,0,0,0,0
3,1025,16,0x1.028f5c28f5c29p+0,0,0,3,12582912,3,0,0,0,64,0,0,0,1025,512,0,0,0,0,0,0,0,256,1280,0,0,0,0,769,769,0
3,1025,16,-0x0p+0,0,0,3,12582912,3,0,0,0,64,0,0,0,1025,512,0,0,0,0,0,0,0,256,1280,0,0,0,0,769,769,0
3,1025,16,0x1.fffffffffffffp+1022,0,0,3,12582912,3,0,0,0,1027,0,0,0,1025,1025,0,0,0,0,0,0,0,0,0,0,0,0,0,0,0,0
3,1025,16,0x1.fffffffffffffp+1023,0,0,3,12582912,3,0,0,0,1027,0,0,0,1025,1025,0,0,0,0,0,0,0,0,0,0,0,0,0,0,0,0
3,1025,17,0x1.028f5c28f5c29p+0,0,0,3,12582912,3,0,0,0,64,0,0,0,1025,1025,0,0,0,0,0,0,0,256,1280,0,0,0,0,769,769,0
3,1025,17,-0x0p+0,0,0,3,12582912,3,0,0,0,64,0,0,0,1025,1025,0,0,0,0,0,0,0,256,1280,0,0,0,0,769,769,0
3,1025,17,0x1.fffffffffffffp+1022,0,0,3,12582912,3,0,0,0,1027,0,0,0,1025,1025,0,0,0,0,0,0,0,0,0,0,0,0,0,0,0,0
3,1025,17,0x1.fffffffffffffp+1023,0,0,3,12582912,3,0,0,0,1027,0,0,0,1025,1025,0,0,0,0,0,0,0,0,0,0,0,0,0,0,0,0
3,1025,7,0x1.028f5c28f5c29p+0,0,7,3,12582912,3,0,0,0,64,0,0,0,1025,0,0,0,0,0,0,0,0,0,0,0,0,0,0,0,0,0
3,1025,7,-0x0p+0,0,7,3,12582912,3,0,0,0,64,0,0,0,1025,0,0,0,0,0,0,0,0,0,0,0,0,0,0,0,0,0
3,1025,7,0x1.fffffffffffffp+1022,0,7,3,12582912,3,0,0,0,1027,0,0,0,1025,1025,0,0,0,0,0,0,0,0,0,0,0,0,0,0,0,0
3,1025,7,0x1.fffffffffffffp+1023,0,7,3,12582912,3,0,0,0,1027,0,0,0,1025,1025,0,0,0,0,0,0,0,0,0,0,0,0,0,0,0,0
3,1025,8,0x1.028f5c28f5c29p+0,0,7,3,12582912,3,0,0,0,64,0,0,0,1025,512,0,0,0,0,0,0,0,1025,5125,0,0,0,0,0,0,0
3,1025,8,-0x0p+0,0,7,3,12582912,3,0,0,0,64,0,0,0,1025,512,0,0,0,0,0,0,0,1025,5125,0,0,0,0,0,0,0
3,1025,8,0x1.fffffffffffffp+1022,0,7,3,12582912,3,0,0,0,1027,0,0,0,1025,1025,0,0,0,0,0,0,0,0,0,0,0,0,0,0,0,0
3,1025,8,0x1.fffffffffffffp+1023,0,7,3,12582912,3,0,0,0,1027,0,0,0,1025,1025,0,0,0,0,0,0,0,0,0,0,0,0,0,0,0,0
3,1025,14,0x1.028f5c28f5c29p+0,0,7,3,12582912,4,0,0,0,131,0,0,0,2050,512,0,0,0,0,0,0,0,2050,10250,0,0,0,0,0,0,0
3,1025,14,-0x0p+0,0,7,3,12582912,3,0,0,0,64,0,0,0,1025,512,0,0,0,0,0,0,0,1025,5125,0,0,0,0,0,0,0
3,1025,14,0x1.fffffffffffffp+1022,0,7,3,12582912,3,0,0,0,1027,0,0,0,1025,1025,0,0,0,0,0,0,0,0,0,0,0,0,0,0,0,0
3,1025,14,0x1.fffffffffffffp+1023,0,7,3,12582912,3,0,0,0,1027,0,0,0,1025,1025,0,0,0,0,0,0,0,0,0,0,0,0,0,0,0,0
3,1025,15,0x1.028f5c28f5c29p+0,0,7,3,12582912,3,0,0,0,1089,0,0,0,1025,512,0,0,0,0,0,0,0,0,0,0,0,0,0,0,0,0
3,1025,15,-0x0p+0,0,7,3,12582912,3,0,0,0,1089,0,0,0,1025,512,0,0,0,0,0,0,0,0,0,0,0,0,0,0,0,0
3,1025,15,0x1.fffffffffffffp+1022,0,7,3,12582912,3,0,0,0,1027,0,0,0,1025,1025,0,0,0,0,0,0,0,0,0,0,0,0,0,0,0,0
3,1025,15,0x1.fffffffffffffp+1023,0,7,3,12582912,3,0,0,0,1027,0,0,0,1025,1025,0,0,0,0,0,0,0,0,0,0,0,0,0,0,0,0
3,1025,16,0x1.028f5c28f5c29p+0,0,7,3,12582912,3,0,0,0,64,0,0,0,1025,512,0,0,0,0,0,0,0,1025,5125,0,0,0,0,0,0,0
3,1025,16,-0x0p+0,0,7,3,12582912,3,0,0,0,64,0,0,0,1025,512,0,0,0,0,0,0,0,1025,5125,0,0,0,0,0,0,0
3,1025,16,0x1.fffffffffffffp+1022,0,7,3,12582912,3,0,0,0,1027,0,0,0,1025,1025,0,0,0,0,0,0,0,0,0,0,0,0,0,0,0,0
3,1025,16,0x1.fffffffffffffp+1023,0,7,3,12582912,3,0,0,0,1027,0,0,0,1025,1025,0,0,0,0,0,0,0,0,0,0,0,0,0,0,0,0
3,1025,17,0x1.028f5c28f5c29p+0,0,7,3,12582912,3,0,0,0,64,0,0,0,1025,1025,0,0,0,0,0,0,0,1025,5125,0,0,0,0,0,0,0
3,1025,17,-0x0p+0,0,7,3,12582912,3,0,0,0,64,0,0,0,1025,1025,0,0,0,0,0,0,0,1025,5125,0,0,0,0,0,0,0
3,1025,17,0x1.fffffffffffffp+1022,0,7,3,12582912,3,0,0,0,1027,0,0,0,1025,1025,0,0,0,0,0,0,0,0,0,0,0,0,0,0,0,0
3,1025,17,0x1.fffffffffffffp+1023,0,7,3,12582912,3,0,0,0,1027,0,0,0,1025,1025,0,0,0,0,0,0,0,0,0,0,0,0,0,0,0,0
3,1025,7,0x1.028f5c28f5c29p+0,0,0,4,12582912,4,0,0,0,64,0,0,0,1025,0,0,0,0,0,0,0,0,0,0,0,0,0,0,0,0,0
3,1025,7,-0x0p+0,0,0,4,12582912,4,0,0,0,64,0,0,0,1025,0,0,0,0,0,0,0,0,0,0,0,0,0,0,0,0,0
3,1025,7,0x1.fffffffffffffp+1022,0,0,4,12582912,4,0,0,0,1058,0,0,0,1025,1025,0,0,0,0,0,0,0,0,0,0,0,0,0,0,0,0
3,1025,7,0x1.fffffffffffffp+1023,0,0,4,12582912,4,0,0,0,1083,0,0,0,1025,1025,0,0,0,0,0,0,0,0,0,0,0,0,0,0,0,0
3,1025,8,0x1.028f5c28f5c29p+0,0,0,4,12582912,4,0,0,0,64,0,0,0,1025,512,0,0,0,0,0,0,0,256,1280,0,0,0,0,769,769,0
3,1025,8,-0x0p+0,0,0,4,12582912,4,0,0,0,64,0,0,0,1025,512,0,0,0,0,0,0,0,256,1280,0,0,0,0,769,769,0
3,1025,8,0x1.fffffffffffffp+1022,0,0,4,12582912,4,0,0,0,1058,0,0,0,1025,1025,0,0,0,0,0,0,0,256,1280,0,0,0,0,0,0,0
3,1025,8,0x1.fffffffffffffp+1023,0,0,4,12582912,4,0,0,0,1083,0,0,0,1025,1025,0,0,0,0,0,0,0,256,1280,0,0,0,0,0,0,0
3,1025,14,0x1.028f5c28f5c29p+0,0,0,4,12582912,4,0,0,0,64,0,0,0,1025,512,0,0,0,0,0,0,0,256,1280,0,0,0,0,769,769,0
3,1025,14,-0x0p+0,0,0,4,12582912,4,0,0,0,64,0,0,0,1025,512,0,0,0,0,0,0,0,256,1280,0,0,0,0,769,769,0
3,1025,14,0x1.fffffffffffffp+1022,0,0,4,12582912,4,0,0,0,1058,0,0,0,1025,1025,0,0,0,0,0,0,0,256,1280,0,0,0,0,0,0,0
3,1025,14,0x1.fffffffffffffp+1023,0,0,4,12582912,4,0,0,0,1083,0,0,0,1025,1025,0,0,0,0,0,0,0,256,1280,0,0,0,0,0,0,0
3,1025,15,0x1.028f5c28f5c29p+0,0,0,4,12582912,4,0,0,0,1089,0,0,0,1025,512,0,0,0,0,0,0,0,0,0,0,0,0,0,0,0,0
3,1025,15,-0x0p+0,0,0,4,12582912,4,0,0,0,1089,0,0,0,1025,512,0,0,0,0,0,0,0,0,0,0,0,0,0,0,0,0
3,1025,15,0x1.fffffffffffffp+1022,0,0,4,12582912,4,0,0,0,1058,0,0,0,1025,1025,0,0,0,0,0,0,0,0,0,0,0,0,0,0,0,0
3,1025,15,0x1.fffffffffffffp+1023,0,0,4,12582912,4,0,0,0,1083,0,0,0,1025,1025,0,0,0,0,0,0,0,0,0,0,0,0,0,0,0,0
3,1025,16,0x1.028f5c28f5c29p+0,0,0,4,12582912,4,0,0,0,64,0,0,0,1025,512,0,0,0,0,0,0,0,256,1280,0,0,0,0,769,769,0
3,1025,16,-0x0p+0,0,0,4,12582912,4,0,0,0,64,0,0,0,1025,512,0,0,0,0,0,0,0,256,1280,0,0,0,0,769,769,0
3,1025,16,0x1.fffffffffffffp+1022,0,0,4,12582912,4,0,0,0,1058,0,0,0,1025,1025,0,0,0,0,0,0,0,256,1280,0,0,0,0,0,0,0
3,1025,16,0x1.fffffffffffffp+1023,0,0,4,12582912,4,0,0,0,1083,0,0,0,1025,1025,0,0,0,0,0,0,0,256,1280,0,0,0,0,0,0,0
3,1025,17,0x1.028f5c28f5c29p+0,0,0,4,12582912,4,0,0,0,64,0,0,0,1025,1025,0,0,0,0,0,0,0,256,1280,0,0,0,0,769,769,0
3,1025,17,-0x0p+0,0,0,4,12582912,4,0,0,0,64,0,0,0,1025,1025,0,0,0,0,0,0,0,256,1280,0,0,0,0,769,769,0
3,1025,17,0x1.fffffffffffffp+1022,0,0,4,12582912,4,0,0,0,33,0,0,0,1025,1025,0,0,0,0,0,0,0,256,1280,0,0,0,0,769,769,0
3,1025,17,0x1.fffffffffffffp+1023,0,0,4,12582912,4,0,0,0,58,0,0,0,1025,1025,0,0,0,0,0,0,0,256,1280,0,0,0,0,769,769,0
3,1025,7,0x1.028f5c28f5c29p+0,0,7,4,12582912,4,0,0,0,64,0,0,0,1025,0,0,0,0,0,0,0,0,0,0,0,0,0,0,0,0,0
3,1025,7,-0x0p+0,0,7,4,12582912,4,0,0,0,64,0,0,0,1025,0,0,0,0,0,0,0,0,0,0,0,0,0,0,0,0,0
3,1025,7,0x1.fffffffffffffp+1022,0,7,4,12582912,4,0,0,0,1058,0,0,0,1025,1025,0,0,0,0,0,0,0,0,0,0,0,0,0,0,0,0
3,1025,7,0x1.fffffffffffffp+1023,0,7,4,12582912,4,0,0,0,1083,0,0,0,1025,1025,0,0,0,0,0,0,0,0,0,0,0,0,0,0,0,0
3,1025,8,0x1.028f5c28f5c29p+0,0,7,4,12582912,4,0,0,0,64,0,0,0,1025,512,0,0,0,0,0,0,0,1025,5125,0,0,0,0,0,0,0
3,1025,8,-0x0p+0,0,7,4,12582912,4,0,0,0,64,0,0,0,1025,512,0,0,0,0,0,0,0,1025,5125,0,0,0,0,0,0,0
3,1025,8,0x1.fffffffffffffp+1022,0,7,4,12582912,4,0,0,0,1058,0,0,0,1025,1025,0,0,0,0,0,0,0,1025,5125,0,0,0,0,0,0,0
3,1025,8,0x1.fffffffffffffp+1023,0,7,4,12582912,4,0,0,0,1083,0,0,0,1025,1025,0,0,0,0,0,0,0,1025,5125,0,0,0,0,0,0,0
3,1025,14,0x1.028f5c28f5c29p+0,0,7,4,12582912,4,0,0,0,64,0,0,0,1025,512,0,0,0,0,0,0,0,1025,5125,0,0,0,0,0,0,0
3,1025,14,-0x0p+0,0,7,4,12582912,4,0,0,0,64,0,0,0,1025,512,0,0,0,0,0,0,0,1025,5125,0,0,0,0,0,0,0
3,1025,14,0x1.fffffffffffffp+1022,0,7,4,12582912,4,0,0,0,1058,0,0,0,1025,1025,0,0,0,0,0,0,0,1025,5125,0,0,0,0,0,0,0
3,1025,14,0x1.fffffffffffffp+1023,0,7,4,12582912,4,0,0,0,1083,0,0,0,1025,1025,0,0,0,0,0,0,0,1025,5125,0,0,0,0,0,0,0
3,1025,15,0x1.028f5c28f5c29p+0,0,7,4,12582912,4,0,0,0,1089,0,0,0,1025,512,0,0,0,0,0,0,0,0,0,0,0,0,0,0,0,0
3,1025,15,-0x0p+0,0,7,4,12582912,4,0,0,0,1089,0,0,0,1025,512,0,0,0,0,0,0,0,0,0,0,0,0,0,0,0,0
3,1025,15,0x1.fffffffffffffp+1022,0,7,4,12582912,4,0,0,0,1058,0,0,0,1025,1025,0,0,0,0,0,0,0,0,0,0,0,0,0,0,0,0
3,1025,15,0x1.fffffffffffffp+1023,0,7,4,12582912,4,0,0,0,1083,0,0,0,1025,1025,0,0,0,0,0,0,0,0,0,0,0,0,0,0,0,0
3,1025,16,0x1.028f5c28f5c29p+0,0,7,4,12582912,4,0,0,0,64,0,0,0,1025,512,0,0,0,0,0,0,0,1025,5125,0,0,0,0,0,0,0
3,1025,16,-0x0p+0,0,7,4,12582912,4,0,0,0,64,0,0,0,1025,512,0,0,0,0,0,0,0,1025,5125,0,0,0,0,0,0,0
3,1025,16,0x1.fffffffffffffp+1022,0,7,4,12582912,4,0,0,0,1058,0,0,0,1025,1025,0,0,0,0,0,0,0,1025,5125,0,0,0,0,0,0,0
3,1025,16,0x1.fffffffffffffp+1023,0,7,4,12582912,4,0,0,0,1083,0,0,0,1025,1025,0,0,0,0,0,0,0,1025,5125,0,0,0,0,0,0,0
3,1025,17,0x1.028f5c28f5c29p+0,0,7,4,12582912,4,0,0,0,64,0,0,0,1025,1025,0,0,0,0,0,0,0,1025,5125,0,0,0,0,0,0,0
3,1025,17,-0x0p+0,0,7,4,12582912,4,0,0,0,64,0,0,0,1025,1025,0,0,0,0,0,0,0,1025,5125,0,0,0,0,0,0,0
3,1025,17,0x1.fffffffffffffp+1022,0,7,4,12582912,4,0,0,0,33,0,0,0,1025,1025,0,0,0,0,0,0,0,1025,5125,0,0,0,0,0,0,0
3,1025,17,0x1.fffffffffffffp+1023,0,7,4,12582912,4,0,0,0,58,0,0,0,1025,1025,0,0,0,0,0,0,0,1025,5125,0,0,0,0,0,0,0
5,1025,7,0x1.028f5c28f5c29p+0,0,0,3,12582912,3,0,0,0,64,0,0,0,1025,0,0,0,0,0,0,0,0,0,0,0,0,0,0,0,0,0
5,1025,7,-0x0p+0,0,0,3,12582912,3,0,0,0,64,0,0,0,1025,0,0,0,0,0,0,0,0,0,0,0,0,0,0,0,0,0
5,1025,7,0x1.fffffffffffffp+1022,0,0,3,12582912,3,0,0,0,1027,0,0,0,1025,1025,0,0,0,0,0,0,0,0,0,0,0,0,0,0,0,0
5,1025,7,0x1.fffffffffffffp+1023,0,0,3,12582912,3,0,0,0,1027,0,0,0,1025,1025,0,0,0,0,0,0,0,0,0,0,0,0,0,0,0,0
5,1025,8,0x1.028f5c28f5c29p+0,0,0,3,12582912,3,0,0,0,64,0,0,0,1025,512,0,0,0,0,0,0,0,256,1280,0,0,0,0,769,769,0
5,1025,8,-0x0p+0,0,0,3,12582912,3,0,0,0,64,0,0,0,1025,512,0,0,0,0,0,0,0,256,1280,0,0,0,0,769,769,0
5,1025,8,0x1.fffffffffffffp+1022,0,0,3,12582912,3,0,0,0,1027,0,0,0,1025,1025,0,0,0,0,0,0,0,0,0,0,0,0,0,0,0,0
5,1025,8,0x1.fffffffffffffp+1023,0,0,3,12582912,3,0,0,0,1027,0,0,0,1025,1025,0,0,0,0,0,0,0,0,0,0,0,0,0,0,0,0
5,1025,14,0x1.028f5c28f5c29p+0,0,0,3,12582912,4,0,0,0,897,0,0,0,2050,512,0,0,0,0,0,0,0,512,2560,0,0,0,0,1538,769,0
5,1025,14,-0x0p+0,0,0,3,12582912,3,0,0,0,64,0,0,0,1025,512,0,0,0,0,0,0,0,256,1280,0,0,0,0,769,769,0
5,1025,14,0x1.fffffffffffffp+1022,0,0,3,12582912,3,0,0,0,1027,0,0,0,1025,1025,0,0,0,0,0,0,0,0,0,0,0,0,0,0,0,0
5,1025,14,0x1.fffffffffffffp+1023,0,0,3,12582912,3,0,0,0,1027,0,0,0,1025,1025,0,0,0,0,0,0,0,0,0,0,0,0,0,0,0,0
5,1025,15,0x1.028f5c28f5c29p+0,0,0,3,12582912,3,0,0,0,1089,0,0,0,1025,512,0,0,0,0,0,0,0,0,0,0,0,0,0,0,0,0
5,1025,15,-0x0p+0,0,0,3,12582912,3,0,0,0,1089,0,0,0,1025,512,0,0,0,0,0,0,0,0,0,0,0,0,0,0,0,0
5,1025,15,0x1.fffffffffffffp+1022,0,0,3,12582912,3,0,0,0,1027,0,0,0,1025,1025,0,0,0,0,0,0,0,0,0,0,0,0,0,0,0,0
5,1025,15,0x1.fffffffffffffp+1023,0,0,3,12582912,3,0,0,0,1027,0,0,0,1025,1025,0,0,0,0,0,0,0,0,0,0,0,0,0,0,0,0
5,1025,16,0x1.028f5c28f5c29p+0,0,0,3,12582912,3,0,0,0,64,0,0,0,1025,512,0,0,0,0,0,0,0,256,1280,0,0,0,0,769,769,0
5,1025,16,-0x0p+0,0,0,3,12582912,3,0,0,0,64,0,0,0,1025,512,0,0,0,0,0,0,0,256,1280,0,0,0,0,769,769,0
5,1025,16,0x1.fffffffffffffp+1022,0,0,3,12582912,3,0,0,0,1027,0,0,0,1025,1025,0,0,0,0,0,0,0,0,0,0,0,0,0,0,0,0
5,1025,16,0x1.fffffffffffffp+1023,0,0,3,12582912,3,0,0,0,1027,0,0,0,1025,1025,0,0,0,0,0,0,0,0,0,0,0,0,0,0,0,0
5,1025,17,0x1.028f5c28f5c29p+0,0,0,3,12582912,3,0,0,0,64,0,0,0,1025,1025,0,0,0,0,0,0,0,256,1280,0,0,0,0,769,769,0
5,1025,17,-0x0p+0,0,0,3,12582912,3,0,0,0,64,0,0,0,1025,1025,0,0,0,0,0,0,0,256,1280,0,0,0,0,769,769,0
5,1025,17,0x1.fffffffffffffp+1022,0,0,3,12582912,3,0,0,0,1027,0,0,0,1025,1025,0,0,0,0,0,0,0,0,0,0,0,0,0,0,0,0
5,1025,17,0x1.fffffffffffffp+1023,0,0,3,12582912,3,0,0,0,1027,0,0,0,1025,1025,0,0,0,0,0,0,0,0,0,0,0,0,0,0,0,0
5,1025,7,0x1.028f5c28f5c29p+0,0,7,3,12582912,3,0,0,0,64,0,0,0,1025,0,0,0,0,0,0,0,0,0,0,0,0,0,0,0,0,0
5,1025,7,-0x0p+0,0,7,3,12582912,3,0,0,0,64,0,0,0,1025,0,0,0,0,0,0,0,0,0,0,0,0,0,0,0,0,0
5,1025,7,0x1.fffffffffffffp+1022,0,7,3,12582912,3,0,0,0,1027,0,0,0,1025,1025,0,0,0,0,0,0,0,0,0,0,0,0,0,0,0,0
5,1025,7,0x1.fffffffffffffp+1023,0,7,3,12582912,3,0,0,0,1027,0,0,0,1025,1025,0,0,0,0,0,0,0,0,0,0,0,0,0,0,0,0
5,1025,8,0x1.028f5c28f5c29p+0,0,7,3,12582912,3,0,0,0,64,0,0,0,1025,512,0,0,0,0,0,0,0,1025,5125,0,0,0,0,0,0,0
5,1025,8,-0x0p+0,0,7,3,12582912,3,0,0,0,64,0,0,0,1025,512,0,0,0,0,0,0,0,1025,5125,0,0,0,0,0,0,0
5,1025,8,0x1.fffffffffffffp+1022,0,7,3,12582912,3,0,0,0,1027,0,0,0,1025,1025,0,0,0,0,0,0,0,0,0,0,0,0,0,0,0,0
5,1025,8,0x1.fffffffffffffp+1023,0,7,3,12582912,3,0,0,0,1027,0,0,0,1025,1025,0,0,0,0,0,0,0,0,0,0,0,0,0,0,0,0
5,1025,14,0x1.028f5c28f5c29p+0,0,7,3,12582912,4,0,0,0,131,0,0,0,2050,512,0,0,0,0,0,0,0,2050,10250,0,0,0,0,0,0,0
5,1025,14,-0x0p+0,0,7,3,12582912,3,0,0,0,64,0,0,0,1025,512,0,0,0,0,0,0,0,1025,5125,0,0,0,0,0,0,0
5,1025,14,0x1.fffffffffffffp+1022,0,7,3,12582912,3,0,0,0,1027,0,0,0,1025,1025,0,0,0,0,0,0,0,0,0,0,0,0,0,0,0,0
5,1025,14,0x1.fffffffffffffp+1023,0,7,3,12582912,3,0,0,0,1027,0,0,0,1025,1025,0,0,0,0,0,0,0,0,0,0,0,0,0,0,0,0
5,1025,15,0x1.028f5c28f5c29p+0,0,7,3,12582912,3,0,0,0,1089,0,0,0,1025,512,0,0,0,0,0,0,0,0,0,0,0,0,0,0,0,0
5,1025,15,-0x0p+0,0,7,3,12582912,3,0,0,0,1089,0,0,0,1025,512,0,0,0,0,0,0,0,0,0,0,0,0,0,0,0,0
5,1025,15,0x1.fffffffffffffp+1022,0,7,3,12582912,3,0,0,0,1027,0,0,0,1025,1025,0,0,0,0,0,0,0,0,0,0,0,0,0,0,0,0
5,1025,15,0x1.fffffffffffffp+1023,0,7,3,12582912,3,0,0,0,1027,0,0,0,1025,1025,0,0,0,0,0,0,0,0,0,0,0,0,0,0,0,0
5,1025,16,0x1.028f5c28f5c29p+0,0,7,3,12582912,3,0,0,0,64,0,0,0,1025,512,0,0,0,0,0,0,0,1025,5125,0,0,0,0,0,0,0
5,1025,16,-0x0p+0,0,7,3,12582912,3,0,0,0,64,0,0,0,1025,512,0,0,0,0,0,0,0,1025,5125,0,0,0,0,0,0,0
5,1025,16,0x1.fffffffffffffp+1022,0,7,3,12582912,3,0,0,0,1027,0,0,0,1025,1025,0,0,0,0,0,0,0,0,0,0,0,0,0,0,0,0
5,1025,16,0x1.fffffffffffffp+1023,0,7,3,12582912,3,0,0,0,1027,0,0,0,1025,1025,0,0,0,0,0,0,0,0,0,0,0,0,0,0,0,0
5,1025,17,0x1.028f5c28f5c29p+0,0,7,3,12582912,3,0,0,0,64,0,0,0,1025,1025,0,0,0,0,0,0,0,1025,5125,0,0,0,0,0,0,0
5,1025,17,-0x0p+0,0,7,3,12582912,3,0,0,0,64,0,0,0,1025,1025,0,0,0,0,0,0,0,1025,5125,0,0,0,0,0,0,0
5,1025,17,0x1.fffffffffffffp+1022,0,7,3,12582912,3,0,0,0,1027,0,0,0,1025,1025,0,0,0,0,0,0,0,0,0,0,0,0,0,0,0,0
5,1025,17,0x1.fffffffffffffp+1023,0,7,3,12582912,3,0,0,0,1027,0,0,0,1025,1025,0,0,0,0,0,0,0,0,0,0,0,0,0,0,0,0
5,1025,7,0x1.028f5c28f5c29p+0,0,0,4,12582912,4,0,0,0,64,0,0,0,1025,0,0,0,0,0,0,0,0,0,0,0,0,0,0,0,0,0
5,1025,7,-0x0p+0,0,0,4,12582912,4,0,0,0,64,0,0,0,1025,0,0,0,0,0,0,0,0,0,0,0,0,0,0,0,0,0
5,1025,7,0x1.fffffffffffffp+1022,0,0,4,12582912,4,0,0,0,1058,0,0,0,1025,1025,0,0,0,0,0,0,0,0,0,0,0,0,0,0,0,0
5,1025,7,0x1.fffffffffffffp+1023,0,0,4,12582912,4,0,0,0,1083,0,0,0,1025,1025,0,0,0,0,0,0,0,0,0,0,0,0,0,0,0,0
5,1025,8,0x1.028f5c28f5c29p+0,0,0,4,12582912,4,0,0,0,64,0,0,0,1025,512,0,0,0,0,0,0,0,256,1280,0,0,0,0,769,769,0
5,1025,8,-0x0p+0,0,0,4,12582912,4,0,0,0,64,0,0,0,1025,512,0,0,0,0,0,0,0,256,1280,0,0,0,0,769,769,0
5,1025,8,0x1.fffffffffffffp+1022,0,0,4,12582912,4,0,0,0,1058,0,0,0,1025,1025,0,0,0,0,0,0,0,256,1280,0,0,0,0,0,0,0
5,1025,8,0x1.fffffffffffffp+1023,0,0,4,12582912,4,0,0,0,1083,0,0,0,1025,1025,0,0,0,0,0,0,0,256,1280,0,0,0,0,0,0,0
5,1025,14,0x1.028f5c28f5c29p+0,0,0,4,12582912,4,0,0,0,64,0,0,0,1025,512,0,0,0,0,0,0,0,256,1280,0,0,0,0,769,769,0
5,1025,14,-0x0p+0,0,0,4,12582912,4,0,0,0,64,0,0,0,1025,512,0,0,0,0,0,0,0,256,1280,0,0,0,0,769,769,0
5,1025,14,0x1.fffffffffffffp+1022,0,0,4,12582912,4,0,0,0,1058,0,0,0,1025,1025,0,0,0,0,0,0,0,256,1280,0,0,0,0,0,0,0
5,1025,14,0x1.fffffffffffffp+1023,0,0,4,12582912,4,0,0,0,1083,0,0,0,1025,1025,0,0,0,0,0,0,0,256,1280,0,0,0,0,0,0,0
5,1025,15,0x1.028f5c28f5c29p+0,0,0,4,12582912,4,0,0,0,1089,0,0,0,1025,512,0,0,0,0,0,0,0,0,0,0,0,0,0,0,0,0
5,1025,15,-0x0p+0,0,0,4,12582912,4,0,0,0,1089,0,0,0,1025,512,0,0,0,0,0,0,0,0,0,0,0,0,0,0,0,0
5,1025,15,0x1.fffffffffffffp+1022,0,0,4,12582912,4,0,0,0,1058,0,0,0,1025,1025,0,0,0,0,0,0,0,0,0,0,0,0,0,0,0,0
5,1025,15,0x1.fffffffffffffp+1023,0,0,4,12582912,4,0,0,0,1083,0,0,0,1025,1025,0,0,0,0,0,0,0,0,0,0,0,0,0,0,0,0
5,1025,16,0x1.028f5c28f5c29p+0,0,0,4,12582912,4,0,0,0,64,0,0,0,1025,512,0,0,0,0,0,0,0,256,1280,0,0,0,0,769,769,0
5,1025,16,-0x0p+0,0,0,4,12582912,4,0,0,0,64,0,0,0,1025,512,0,0,0,0,0,0,0,256,1280,0,0,0,0,769,769,0
5,1025,16,0x1.fffffffffffffp+1022,0,0,4,12582912,4,0,0,0,1058,0,0,0,1025,1025,0,0,0,0,0,0,0,256,1280,0,0,0,0,0,0,0
5,1025,16,0x1.fffffffffffffp+1023,0,0,4,12582912,4,0,0,0,1083,0,0,0,1025,1025,0,0,0,0,0,0,0,256,1280,0,0,0,0,0,0,0
5,1025,17,0x1.028f5c28f5c29p+0,0,0,4,12582912,4,0,0,0,64,0,0,0,1025,1025,0,0,0,0,0,0,0,256,1280,0,0,0,0,769,769,0
5,1025,17,-0x0p+0,0,0,4,12582912,4,0,0,0,64,0,0,0,1025,1025,0,0,0,0,0,0,0,256,1280,0,0,0,0,769,769,0
5,1025,17,0x1.fffffffffffffp+1022,0,0,4,12582912,4,0,0,0,33,0,0,0,1025,1025,0,0,0,0,0,0,0,256,1280,0,0,0,0,769,769,0
5,1025,17,0x1.fffffffffffffp+1023,0,0,4,12582912,4,0,0,0,58,0,0,0,1025,1025,0,0,0,0,0,0,0,256,1280,0,0,0,0,769,769,0
5,1025,7,0x1.028f5c28f5c29p+0,0,7,4,12582912,4,0,0,0,64,0,0,0,1025,0,0,0,0,0,0,0,0,0,0,0,0,0,0,0,0,0
5,1025,7,-0x0p+0,0,7,4,12582912,4,0,0,0,64,0,0,0,1025,0,0,0,0,0,0,0,0,0,0,0,0,0,0,0,0,0
5,1025,7,0x1.fffffffffffffp+1022,0,7,4,12582912,4,0,0,0,1058,0,0,0,1025,1025,0,0,0,0,0,0,0,0,0,0,0,0,0,0,0,0
5,1025,7,0x1.fffffffffffffp+1023,0,7,4,12582912,4,0,0,0,1083,0,0,0,1025,1025,0,0,0,0,0,0,0,0,0,0,0,0,0,0,0,0
5,1025,8,0x1.028f5c28f5c29p+0,0,7,4,12582912,4,0,0,0,64,0,0,0,1025,512,0,0,0,0,0,0,0,1025,5125,0,0,0,0,0,0,0
5,1025,8,-0x0p+0,0,7,4,12582912,4,0,0,0,64,0,0,0,1025,512,0,0,0,0,0,0,0,1025,5125,0,0,0,0,0,0,0
5,1025,8,0x1.fffffffffffffp+1022,0,7,4,12582912,4,0,0,0,1058,0,0,0,1025,1025,0,0,0,0,0,0,0,1025,5125,0,0,0,0,0,0,0
5,1025,8,0x1.fffffffffffffp+1023,0,7,4,12582912,4,0,0,0,1083,0,0,0,1025,1025,0,0,0,0,0,0,0,1025,5125,0,0,0,0,0,0,0
5,1025,14,0x1.028f5c28f5c29p+0,0,7,4,12582912,4,0,0,0,64,0,0,0,1025,512,0,0,0,0,0,0,0,1025,5125,0,0,0,0,0,0,0
5,1025,14,-0x0p+0,0,7,4,12582912,4,0,0,0,64,0,0,0,1025,512,0,0,0,0,0,0,0,1025,5125,0,0,0,0,0,0,0
5,1025,14,0x1.fffffffffffffp+1022,0,7,4,12582912,4,0,0,0,1058,0,0,0,1025,1025,0,0,0,0,0,0,0,1025,5125,0,0,0,0,0,0,0
5,1025,14,0x1.fffffffffffffp+1023,0,7,4,12582912,4,0,0,0,1083,0,0,0,1025,1025,0,0,0,0,0,0,0,1025,5125,0,0,0,0,0,0,0
5,1025,15,0x1.028f5c28f5c29p+0,0,7,4,12582912,4,0,0,0,1089,0,0,0,1025,512,0,0,0,0,0,0,0,0,0,0,0,0,0,0,0,0
5,1025,15,-0x0p+0,0,7,4,12582912,4,0,0,0,1089,0,0,0,1025,512,0,0,0,0,0,0,0,0,0,0,0,0,0,0,0,0
5,1025,15,0x1.fffffffffffffp+1022,0,7,4,12582912,4,0,0,0,1058,0,0,0,1025,1025,0,0,0,0,0,0,0,0,0,0,0,0,0,0,0,0
5,1025,15,0x1.fffffffffffffp+1023,0,7,4,12582912,4,0,0,0,1083,0,0,0,1025,1025,0,0,0,0,0,0,0,0,0,0,0,0,0,0,0,0
5,1025,16,0x1.028f5c28f5c29p+0,0,7,4,12582912,4,0,0,0,64,0,0,0,1025,512,0,0,0,0,0,0,0,1025,5125,0,0,0,0,0,0,0
5,1025,16,-0x0p+0,0,7,4,12582912,4,0,0,0,64,0,0,0,1025,512,0,0,0,0,0,0,0,1025,5125,0,0,0,0,0,0,0
5,1025,16,0x1.fffffffffffffp+1022,0,7,4,12582912,4,0,0,0,1058,0,0,0,1025,1025,0,0,0,0,0,0,0,1025,5125,0,0,0,0,0,0,0
5,1025,16,0x1.fffffffffffffp+1023,0,7,4,12582912,4,0,0,0,1083,0,0,0,1025,1025,0,0,0,0,0,0,0,1025,5125,0,0,0,0,0,0,0
5,1025,17,0x1.028f5c28f5c29p+0,0,7,4,12582912,4,0,0,0,64,0,0,0,1025,1025,0,0,0,0,0,0,0,1025,5125,0,0,0,0,0,0,0
5,1025,17,-0x0p+0,0,7,4,12582912,4,0,0,0,64,0,0,0,1025,1025,0,0,0,0,0,0,0,1025,5125,0,0,0,0,0,0,0
5,1025,17,0x1.fffffffffffffp+1022,0,7,4,12582912,4,0,0,0,33,0,0,0,1025,1025,0,0,0,0,0,0,0,1025,5125,0,0,0,0,0,0,0
5,1025,17,0x1.fffffffffffffp+1023,0,7,4,12582912,4,0,0,0,58,0,0,0,1025,1025,0,0,0,0,0,0,0,1025,5125,0,0,0,0,0,0,0
7,1025,7,0x1.028f5c28f5c29p+0,0,0,3,12582912,3,0,0,0,64,0,0,0,1025,0,0,0,0,0,0,0,0,0,0,0,0,0,0,0,0,1025
7,1025,7,-0x0p+0,0,0,3,12582912,3,0,0,0,64,0,0,0,1025,0,0,0,0,0,0,0,0,0,0,0,0,0,0,0,0,1025
7,1025,7,0x1.fffffffffffffp+1022,0,0,3,12582912,3,0,0,0,1027,0,0,0,1025,1025,0,0,0,0,0,0,0,0,0,0,0,0,0,0,0,0
7,1025,7,0x1.fffffffffffffp+1023,0,0,3,12582912,3,0,0,0,1027,0,0,0,1025,1025,0,0,0,0,0,0,0,0,0,0,0,0,0,0,0,0
7,1025,8,0x1.028f5c28f5c29p+0,0,0,3,12582912,3,0,0,0,64,0,0,0,1025,512,0,0,0,0,0,0,0,0,0,0,0,0,0,0,0,1025
7,1025,8,-0x0p+0,0,0,3,12582912,3,0,0,0,64,0,0,0,1025,512,0,0,0,0,0,0,0,0,0,0,0,0,0,0,0,1025
7,1025,8,0x1.fffffffffffffp+1022,0,0,3,12582912,3,0,0,0,1027,0,0,0,1025,1025,0,0,0,0,0,0,0,0,0,0,0,0,0,0,0,0
7,1025,8,0x1.fffffffffffffp+1023,0,0,3,12582912,3,0,0,0,1027,0,0,0,1025,1025,0,0,0,0,0,0,0,0,0,0,0,0,0,0,0,0
7,1025,14,0x1.028f5c28f5c29p+0,0,0,3,12582912,4,0,0,0,897,0,0,0,2050,512,0,0,0,0,0,0,0,256,1280,0,0,0,0,769,0,1025
7,1025,14,-0x0p+0,0,0,3,12582912,3,0,0,0,64,0,0,0,1025,512,0,0,0,0,0,0,0,0,0,0,0,0,0,0,0,1025
7,1025,14,0x1.fffffffffffffp+1022,0,0,3,12582912,3,0,0,0,1027,0,0,0,1025,1025,0,0,0,0,0,0,0,0,0,0,0,0,0,0,0,0
7,1025,14,0x1.fffffffffffffp+1023,0,0,3,12582912,3,0,0,0,1027,0,0,0,1025,1025,0,0,0,0,0,0,0,0,0,0,0,0,0,0,0,0
7,1025,15,0x1.028f5c28f5c29p+0,0,0,3,12582912,3,0,0,0,64,0,0,0,1025,512,0,0,0,0,0,0,0,0,0,0,0,0,0,0,0,1025
7,1025,15,-0x0p+0,0,0,3,12582912,3,0,0,0,64,0,0,0,1025,512,0,0,0,0,0,0,0,0,0,0,0,0,0,0,0,1025
7,1025,15,0x1.fffffffffffffp+1022,0,0,3,12582912,3,0,0,0,1027,0,0,0,1025,1025,0,0,0,0,0,0,0,0,0,0,0,0,0,0,0,0
7,1025,15,0x1.fffffffffffffp+1023,0,0,3,12582912,3,0,0,0,1027,0,0,0,1025,1025,0,0,0,0,0,0,0,0,0,0,0,0,0,0,0,0
7,1025,16,0x1.028f5c28f5c29p+0,0,0,3,12582912,3,0,0,0,64,0,0,0,1025,512,0,0,0,0,0,0,0,0,0,0,0,0,0,0,0,1025
7,1025,16,-0x0p+0,0,0,3,12582912,3,0,0,0,64,0,0,0,1025,512,0,0,0,0,0,0,0,0,0,0,0,0,0,0,0,1025
7,1025,16,0x1.fffffffffffffp+1022,0,0,3,12582912,3,0,0,0,1027,0,0,0,1025,1025,0,0,0,0,0,0,0,0,0,0,0,0,0,0,0,0
7,1025,16,0x1.fffffffffffffp+1023,0,0,3,12582912,3,0,0,0,1027,0,0,0,1025,1025,0,0,0,0,0,0,0,0,0,0,0,0,0,0,0,0
7,1025,17,0x1.028f5c28f5c29p+0,0,0,3,12582912,3,0,0,0,0,0,0,0,0,1025,0,0,0,0,0,0,0,0,0,0,0,1025,0,0,0,0
7,1025,17,-0x0p+0,0,0,3,12582912,3,0,0,0,0,0,0,0,0,1025,0,0,0,0,0,0,0,0,0,0,0,1025,0,0,0,0
7,1025,17,0x1.fffffffffffffp+1022,0,0,3,12582912,3,0,0,0,0,0,0,0,0,1025,0,0,0,0,0,0,0,0,0,0,0,1025,0,0,0,0
7,1025,17,0x1.fffffffffffffp+1023,0,0,3,12582912,3,0,0,0,0,0,0,0,0,1025,0,0,0,0,0,0,0,0,0,0,0,1025,0,0,0,0
7,1025,7,0x1.028f5c28f5c29p+0,0,7,3,12582912,3,0,0,0,64,0,0,0,1025,0,0,0,0,0,0,0,0,0,0,0,0,0,0,0,0,1025
7,1025,7,-0x0p+0,0,7,3,12582912,3,0,0,0,64,0,0,0,1025,0,0,0,0,0,0,0,0,0,0,0,0,0,0,0,0,1025
7,1025,7,0x1.fffffffffffffp+1022,0,7,3,12582912,3,0,0,0,1027,0,0,0,1025,1025,0,0,0,0,0,0,0,0,0,0,0,0,0,0,0,0
7,1025,7,0x1.fffffffffffffp+1023,0,7,3,12582912,3,0,0,0,1027,0,0,0,1025,1025,0,0,0,0,0,0,0,0,0,0,0,0,0,0,0,0
7,1025,8,0x1.028f5c28f5c29p+0,0,7,3,12582912,3,0,0,0,64,0,0,0,1025,512,0,0,0,0,0,0,0,0,0,0,0,0,0,0,0,1025
7,1025,8,-0x0p+0,0,7,3,12582912,3,0,0,0,64,0,0,0,1025,512,0,0,0,0,0,0,0,0,0,0,0,0,0,0,0,1025
7,1025,8,0x1.fffffffffffffp+1022,0,7,3,12582912,3,0,0,0,1027,0,0,0,1025,1025,0,0,0,0,0,0,0,0,0,0,0,0,0,0,0,0
7,1025,8,0x1.fffffffffffffp+1023,0,7,3,12582912,3,0,0,0,1027,0,0,0,1025,1025,0,0,0,0,0,0,0,0,0,0,0,0,0,0,0,0
7,1025,14,0x1.028f5c28f5c29p+0,0,7,3,12582912,4,0,0,0,131,0,0,0,2050,512,0,0,0,0,0,0,0,1025,5125,0,0,0,0,0,0,1025
7,1025,14,-0x0p+0,0,7,3,12582912,3,0,0,0,64,0,0,0,1025,512,0,0,0,0,0,0,0,0,0,0,0,0,0,0,0,1025
7,1025,14,0x1.fffffffffffffp+1022,0,7,3,12582912,3,0,0,0,1027,0,0,0,1025,1025,0,0,0,0,0,0,0,0,0,0,0,0,0,0,0,0
7,1025,14,0x1.fffffffffffffp+1023,0,7,3,12582912,3,0,0,0,1027,0,0,0,1025,1025,0,0,0,0,0,0,0,0,0,0,0,0,0,0,0,0
7,1025,15,0x1.028f5c28f5c29p+0,0,7,3,12582912,3,0,0,0,64,0,0,0,1025,512,0,0,0,0,0,0,0,0,0,0,0,0,0,0,0,1025
7,1025,15,-0x0p+0,0,7,3,12582912,3,0,0,0,64,0,0,0,1025,512,0,0,0,0,0,0,0,0,0,0,0,0,0,0,0,1025
7,1025,15,0x1.fffffffffffffp+1022,0,7,3,12582912,3,0,0,0,1027,0,0,0,1025,1025,0,0,0,0,0,0,0,0,0,0,0,0,0,0,0,0
7,1025,15,0x1.fffffffffffffp+1023,0,7,3,12582912,3,0,0,0,1027,0,0,0,1025,1025,0,0,0,0,0,0,0,0,0,0,0,0,0,0,0,0
7,1025,16,0x1.028f5c28f5c29p+0,0,7,3,12582912,3,0,0,0,64,0,0,0,1025,512,0,0,0,0,0,0,0,0,0,0,0,0,0,0,0,1025
7,1025,16,-0x0p+0,0,7,3,12582912,3,0,0,0,64,0,0,0,1025,512,0,0,0,0,0,0,0,0,0,0,0,0,0,0,0,1025
7,1025,16,0x1.fffffffffffffp+1022,0,7,3,12582912,3,0,0,0,1027,0,0,0,1025,1025,0,0,0,0,0,0,0,0,0,0,0,0,0,0,0,0
7,1025,16,0x1.fffffffffffffp+1023,0,7,3,12582912,3,0,0,0,1027,0,0,0,1025,1025,0,0,0,0,0,0,0,0,0,0,0,0,0,0,0,0
7,1025,17,0x1.028f5c28f5c29p+0,0,7,3,12582912,3,0,0,0,0,0,0,0,0,1025,0,0,0,0,0,0,0,0,0,0,0,1025,0,0,0,0
7,1025,17,-0x0p+0,0,7,3,12582912,3,0,0,0,0,0,0,0,0,1025,0,0,0,0,0,0,0,0,0,0,0,1025,0,0,0,0
7,1025,17,0x1.fffffffffffffp+1022,0,7,3,12582912,3,0,0,0,0,0,0,0,0,1025,0,0,0,0,0,0,0,0,0,0,0,1025,0,0,0,0
7,1025,17,0x1.fffffffffffffp+1023,0,7,3,12582912,3,0,0,0,0,0,0,0,0,1025,0,0,0,0,0,0,0,0,0,0,0,1025,0,0,0,0
7,1025,7,0x1.028f5c28f5c29p+0,0,0,4,12582912,4,0,0,0,64,0,0,0,1025,0,0,0,0,0,0,0,0,0,0,0,0,0,0,0,0,1025
7,1025,7,-0x0p+0,0,0,4,12582912,4,0,0,0,64,0,0,0,1025,0,0,0,0,0,0,0,0,0,0,0,0,0,0,0,0,1025
7,1025,7,0x1.fffffffffffffp+1022,0,0,4,12582912,4,0,0,0,1058,0,0,0,1025,1025,0,0,0,0,0,0,0,0,0,0,0,0,0,0,0,0
7,1025,7,0x1.fffffffffffffp+1023,0,0,4,12582912,4,0,0,0,1083,0,0,0,1025,1025,0,0,0,0,0,0,0,0,0,0,0,0,0,0,0,0
7,1025,8,0x1.028f5c28f5c29p+0,0,0,4,12582912,4,0,0,0,64,0,0,0,1025,512,0,0,0,0,0,0,0,0,0,0,0,0,0,0,0,1025
7,1025,8,-0x0p+0,0,0,4,12582912,4,0,0,0,64,0,0,0,1025,512,0,0,0,0,0,0,0,0,0,0,0,0,0,0,0,1025
7,1025,8,0x1.fffffffffffffp+1022,0,0,4,12582912,4,0,0,0,1058,0,0,0,1025,1025,0,0,0,0,0,0,0,256,1280,0,0,0,0,0,0,0
7,1025,8,0x1.fffffffffffffp+1023,0,0,4,12582912,4,0,0,0,1083,0,0,0,1025,1025,0,0,0,0,0,0,0,256,1280,0,0,0,0,0,0,0
7,1025,14,0x1.028f5c28f5c29p+0,0,0,4,12582912,4,0,0,0,64,0,0,0,1025,512,0,0,0,0,0,0,0,0,0,0,0,0,0,0,0,1025
7,1025,14,-0x0p+0,0,0,4,12582912,4,0,0,0,64,0,0,0,1025,512,0,0,0,0,0,0,0,0,0,0,0,0,0,0,0,1025
7,1025,14,0x1.fffffffffffffp+1022,0,0,4,12582912,4,0,0,0,1058,0,0,0,1025,1025,0,0,0,0,0,0,0,256,1280,0,0,0,0,0,0,0
7,1025,14,0x1.fffffffffffffp+1023,0,0,4,12582912,4,0,0,0,1083,0,0,0,1025,1025,0,0,0,0,0,0,0,256,1280,0,0,0,0,0,0,0
7,1025,15,0x1.028f5c28f5c29p+0,0,0,4,12582912,4,0,0,0,64,0,0,0,1025,512,0,0,0,0,0,0,0,0,0,0,0,0,0,0,0,1025
7,1025,15,-0x0p+0,0,0,4,12582912,4,0,0,0,64,0,0,0,1025,512,0,0,0,0,0,0,0,0,0,0,0,0,0,0,0,1025
7,1025,15,0x1.fffffffffffffp+1022,0,0,4,12582912,4,0,0,0,1058,0,0,0,1025,1025,0,0,0,0,0,0,0,0,0,0,0,0,0,0,0,0
7,1025,15,0x1.fffffffffffffp+1023,0,0,4,12582912,4,0,0,0,1083,0,0,0,1025,1025,0,0,0,0,0,0,0,0,0,0,0,0,0,0,0,0
7,1025,16,0x1.028f5c28f5c29p+0,0,0,4,12582912,4,0,0,0,64,0,0,0,1025,512,0,0,0,0,0,0,0,0,0,0,0,0,0,0,0,1025
7,1025,16,-0x0p+0,0,0,4,12582912,4,0,0,0,64,0,0,0,1025,512,0,0,0,0,0,0,0,0,0,0,0,0,0,0,0,1025
7,1025,16,0x1.fffffffffffffp+1022,0,0,4,12582912,4,0,0,0,1058,0,0,0,1025,1025,0,0,0,0,0,0,0,256,1280,0,0,0,0,0,0,0
7,1025,16,0x1.fffffffffffffp+1023,0,0,4,12582912,4,0,0,0,1083,0,0,0,1025,1025,0,0,0,0,0,0,0,256,1280,0,0,0,0,0,0,0
7,1025,17,0x1.028f5c28f5c29p+0,0,0,4,12582912,4,0,0,0,0,0,0,0,0,1025,0,0,0,0,0,0,0,0,0,0,0,1025,0,0,0,0
7,1025,17,-0x0p+0,0,0,4,12582912,4,0,0,0,0,0,0,0,0,1025,0,0,0,0,0,0,0,0,0,0,0,1025,0,0,0,0
7,1025,17,0x1.fffffffffffffp+1022,0,0,4,12582912,4,0,0,0,0,0,0,0,0,1025,0,0,0,0,0,0,0,0,0,0,0,1025,0,0,0,0
7,1025,17,0x1.fffffffffffffp+1023,0,0,4,12582912,4,0,0,0,0,0,0,0,0,1025,0,0,0,0,0,0,0,0,0,0,0,1025,0,0,0,0
7,1025,7,0x1.028f5c28f5c29p+0,0,7,4,12582912,4,0,0,0,64,0,0,0,1025,0,0,0,0,0,0,0,0,0,0,0,0,0,0,0,0,1025
7,1025,7,-0x0p+0,0,7,4,12582912,4,0,0,0,64,0,0,0,1025,0,0,0,0,0,0,0,0,0,0,0,0,0,0,0,0,1025
7,1025,7,0x1.fffffffffffffp+1022,0,7,4,12582912,4,0,0,0,1058,0,0,0,1025,1025,0,0,0,0,0,0,0,0,0,0,0,0,0,0,0,0
7,1025,7,0x1.fffffffffffffp+1023,0,7,4,12582912,4,0,0,0,1083,0,0,0,1025,1025,0,0,0,0,0,0,0,0,0,0,0,0,0,0,0,0
7,1025,8,0x1.028f5c28f5c29p+0,0,7,4,12582912,4,0,0,0,64,0,0,0,1025,512,0,0,0,0,0,0,0,0,0,0,0,0,0,0,0,1025
7,1025,8,-0x0p+0,0,7,4,12582912,4,0,0,0,64,0,0,0,1025,512,0,0,0,0,0,0,0,0,0,0,0,0,0,0,0,1025
7,1025,8,0x1.fffffffffffffp+1022,0,7,4,12582912,4,0,0,0,1058,0,0,0,1025,1025,0,0,0,0,0,0,0,1025,5125,0,0,0,0,0,0,0
7,1025,8,0x1.fffffffffffffp+1023,0,7,4,12582912,4,0,0,0,1083,0,0,0,1025,1025,0,0,0,0,0,0,0,1025,5125,0,0,0,0,0,0,0
7,1025,14,0x1.028f5c28f5c29p+0,0,7,4,12582912,4,0,0,0,64,0,0,0,1025,512,0,0,0,0,0,0,0,0,0,0,0,0,0,0,0,1025
7,1025,14,-0x0p+0,0,7,4,12582912,4,0,0,0,64,0,0,0,1025,512,0,0,0,0,0,0,0,0,0,0,0,0,0,0,0,1025
7,1025,14,0x1.fffffffffffffp+1022,0,7,4,12582912,4,0,0,0,1058,0,0,0,1025,1025,0,0,0,0,0,0,0,1025,5125,0,0,0,0,0,0,0
7,1025,14,0x1.fffffffffffffp+1023,0,7,4,12582912,4,0,0,0,1083,0,0,0,1025,1025,0,0,0,0,0,0,0,1025,5125,0,0,0,0,0,0,0
7,1025,15,0x1.028f5c28f5c29p+0,0,7,4,12582912,4,0,0,0,64,0,0,0,1025,512,0,0,0,0,0,0,0,0,0,0,0,0,0,0,0,1025
7,1025,15,-0x0p+0,0,7,4,12582912,4,0,0,0,64,0,0,0,1025,512,0,0,0,0,0,0,0,0,0,0,0,0,0,0,0,1025
7,1025,15,0x1.fffffffffffffp+1022,0,7,4,12582912,4,0,0,0,1058,0,0,0,1025,1025,0,0,0,0,0,0,0,0,0,0,0,0,0,0,0,0
7,1025,15,0x1.fffffffffffffp+1023,0,7,4,12582912,4,0,0,0,1083,0,0,0,1025,1025,0,0,0,0,0,0,0,0,0,0,0,0,0,0,0,0
7,1025,16,0x1.028f5c28f5c29p+0,0,7,4,12582912,4,0,0,0,64,0,0,0,1025,512,0,0,0,0,0,0,0,0,0,0,0,0,0,0,0,1025
7,1025,16,-0x0p+0,0,7,4,12582912,4,0,0,0,64,0,0,0,1025,512,0,0,0,0,0,0,0,0,0,0,0,0,0,0,0,1025
7,1025,16,0x1.fffffffffffffp+1022,0,7,4,12582912,4,0,0,0,1058,0,0,0,1025,1025,0,0,0,0,0,0,0,1025,5125,0,0,0,0,0,0,0
7,1025,16,0x1.fffffffffffffp+1023,0,7,4,12582912,4,0,0,0,1083,0,0,0,1025,1025,0,0,0,0,0,0,0,1025,5125,0,0,0,0,0,0,0
7,1025,17,0x1.028f5c28f5c29p+0,0,7,4,12582912,4,0,0,0,0,0,0,0,0,1025,0,0,0,0,0,0,0,0,0,0,0,1025,0,0,0,0
7,1025,17,-0x0p+0,0,7,4,12582912,4,0,0,0,0,0,0,0,0,1025,0,0,0,0,0,0,0,0,0,0,0,1025,0,0,0,0
7,1025,17,0x1.fffffffffffffp+1022,0,7,4,12582912,4,0,0,0,0,0,0,0,0,1025,0,0,0,0,0,0,0,0,0,0,0,1025,0,0,0,0
7,1025,17,0x1.fffffffffffffp+1023,0,7,4,12582912,4,0,0,0,0,0,0,0,0,1025,0,0,0,0,0,0,0,0,0,0,0,1025,0,0,0,0
15,1025,7,0x1.028f5c28f5c29p+0,0,0,3,12582912,3,0,0,0,64,0,0,0,1025,0,0,0,0,0,0,0,0,0,0,0,0,0,0,0,0,0
15,1025,7,-0x0p+0,0,0,3,12582912,3,0,0,0,64,0,0,0,1025,0,0,0,0,0,0,0,0,0,0,0,0,0,0,0,0,1025
15,1025,7,0x1.fffffffffffffp+1022,0,0,3,12582912,3,0,0,0,1027,0,0,0,1025,1025,0,0,0,0,0,0,0,0,0,0,0,0,0,0,0,0
15,1025,7,0x1.fffffffffffffp+1023,0,0,3,12582912,3,0,0,0,1027,0,0,0,1025,1025,0,0,0,0,0,0,0,0,0,0,0,0,0,0,0,0
15,1025,8,0x1.028f5c28f5c29p+0,0,0,3,12582912,3,0,0,0,64,0,0,0,1025,512,0,0,0,0,0,0,0,256,1280,0,0,0,0,769,769,0
15,1025,8,-0x0p+0,0,0,3,12582912,3,0,0,0,64,0,0,0,1025,512,0,0,0,0,0,0,0,0,0,0,0,0,0,0,0,1025
15,1025,8,0x1.fffffffffffffp+1022,0,0,3,12582912,3,0,0,0,1027,0,0,0,1025,1025,0,0,0,0,0,0,0,0,0,0,0,0,0,0,0,0
15,1025,8,0x1.fffffffffffffp+1023,0,0,3,12582912,3,0,0,0,1027,0,0,0,1025,1025,0,0,0,0,0,0,0,0,0,0,0,0,0,0,0,0
15,1025,14,0x1.028f5c28f5c29p+0,0,0,3,12582912,4,0,0,0,897,0,0,0,2050,512,0,0,0,0,0,0,0,256,1280,0,0,0,0,769,0,1025
15,1025,14,-0x0p+0,0,0,3,12582912,3,0,0,0,64,0,0,0,1025,512,0,0,0,0,0,0,0,0,0,0,0,0,0,0,0,1025
15,1025,14,0x1.fffffffffffffp+1022,0,0,3,12582912,3,0,0,0,1027,0,0,0,1025,1025,0,0,0,0,0,0,0,0,0,0,0,0,0,0,0,0
15,1025,14,0x1.fffffffffffffp+1023,0,0,3,12582912,3,0,0,0,1027,0,0,0,1025,1025,0,0,0,0,0,0,0,0,0,0,0,0,0,0,0,0
15,1025,15,0x1.028f5c28f5c29p+0,0,0,3,12582912,3,0,0,0,1089,0,0,0,1025,512,0,0,0,0,0,0,0,0,0,0,0,0,0,0,0,0
15,1025,15,-0x0p+0,0,0,3,12582912,3,0,0,0,64,0,0,0,1025,512,0,0,0,0,0,0,0,0,0,0,0,0,0,0,0,1025
15,1025,15,0x1.fffffffffffffp+1022,0,0,3,12582912,3,0,0,0,1027,0,0,0,1025,1025,0,0,0,0,0,0,0,0,0,0,0,0,0,0,0,0
15,1025,15,0x1.fffffffffffffp+1023,0,0,3,12582912,3,0,0,0,1027,0,0,0,1025,1025,0,0,0,0,0,0,0,0,0,0,0,0,0,0,0,0
15,1025,16,0x1.028f5c28f5c29p+0,0,0,3,12582912,3,0,0,0,64,0,0,0,1025,512,0,0,0,0,0,0,0,256,1280,0,0,0,0,769,769,0
15,1025,16,-0x0p+0,0,0,3,12582912,3,0,0,0,64,0,0,0,1025,512,0,0,0,0,0,0,0,0,0,0,0,0,0,0,0,1025
15,1025,16,0x1.fffffffffffffp+1022,0,0,3,12582912,3,0,0,0,1027,0,0,0,1025,1025,0,0,0,0,0,0,0,0,0,0,0,0,0,0,0,0
15,1025,16,0x1.fffffffffffffp+1023,0,0,3,12582912,3,0,0,0,1027,0,0,0,1025,1025,0,0,0,0,0,0,0,0,0,0,0,0,0,0,0,0
15,1025,17,0x1.028f5c28f5c29p+0,0,0,3,12582912,3,0,0,0,0,0,0,0,0,1025,0,0,0,0,0,0,0,0,0,0,0,1025,0,0,0,0
15,1025,17,-0x0p+0,0,0,3,12582912,3,0,0,0,0,0,0,0,0,1025,0,0,0,0,0,0,0,0,0,0,0,1025,0,0,0,0
15,1025,17,0x1.fffffffffffffp+1022,0,0,3,12582912,3,0,0,0,0,0,0,0,0,1025,0,0,0,0,0,0,0,0,0,0,0,1025,0,0,0,0
15,1025,17,0x1.fffffffffffffp+1023,0,0,3,12582912,3,0,0,0,0,0,0,0,0,1025,0,0,0,0,0,0,0,0,0,0,0,1025,0,0,0,0
15,1025,7,0x1.028f5c28f5c29p+0,0,7,3,12582912,3,0,0,0,64,0,0,0,1025,0,0,0,0,0,0,0,0,0,0,0,0,0,0,0,0,0
15,1025,7,-0x0p+0,0,7,3,12582912,3,0,0,0,64,0,0,0,1025,0,0,0,0,0,0,0,0,0,0,0,0,0,0,0,0,1025
15,1025,7,0x1.fffffffffffffp+1022,0,7,3,12582912,3,0,0,0,1027,0,0,0,1025,1025,0,0,0,0,0,0,0,0,0,0,0,0,0,0,0,0
15,1025,7,0x1.fffffffffffffp+1023,0,7,3,12582912,3,0,0,0,1027,0,0,0,1025,1025,0,0,0,0,0,0,0,0,0,0,0,0,0,0,0,0
15,1025,8,0x1.028f5c28f5c29p+0,0,7,3,12582912,3,0,0,0,64,0,0,0,1025,512,0,0,0,0,0,0,0,1025,5125,0,0,0,0,0,0,0
15,1025,8,-0x0p+0,0,7,3,12582912,3,0,0,0,64,0,0,0,1025,512,0,0,0,0,0,0,0,0,0,0,0,0,0,0,0,1025
15,1025,8,0x1.fffffffffffffp+1022,0,7,3,12582912,3,0,0,0,1027,0,0,0,1025,1025,0,0,0,0,0,0,0,0,0,0,0,0,0,0,0,0
15,1025,8,0x1.fffffffffffffp+1023,0,7,3,12582912,3,0,0,0,1027,0,0,0,1025,1025,0,0,0,0,0,0,0,0,0,0,0,0,0,0,0,0
15,1025,14,0x1.028f5c28f5c29p+0,0,7,3,12582912,4,0,0,0,131,0,0,0,2050,512,0,0,0,0,0,0,0,1025,5125,0,0,0,0,0,0,1025
15,1025,14,-0x0p+0,0,7,3,12582912,3,0,0,0,64,0,0,0,1025,512,0,0,0,0,0,0,0,0,0,0,0,0,0,0,0,1025
15,1025,14,0x1.fffffffffffffp+1022,0,7,3,12582912,3,0,0,0,1027,0,0,0,1025,1025,0,0,0,0,0,0,0,0,0,0,0,0,0,0,0,0
15,1025,14,0x1.fffffffffffffp+1023,0,7,3,12582912,3,0,0,0,1027,0,0,0,1025,1025,0,0,0,0,0,0,0,0,0,0,0,0,0,0,0,0
15,1025,15,0x1.028f5c28f5c29p+0,0,7,3,12582912,3,0,0,0,1089,0,0,0,1025,512,0,0,0,0,0,0,0,0,0,0,0,0,0,0,0,0
15,1025,15,-0x0p+0,0,7,3,12582912,3,0,0,0,64,0,0,0,1025,512,0,0,0,0,0,0,0,0,0,0,0,0,0,0,0,1025
15,1025,15,0x1.fffffffffffffp+1022,0,7,3,12582912,3,0,0,0,1027,0,0,0,1025,1025,0,0,0,0,0,0,0,0,0,0,0,0,0,0,0,0
15,1025,15,0x1.fffffffffffffp+1023,0,7,3,12582912,3,0,0,0,1027,0,0,0,1025,1025,0,0,0,0,0,0,0,0,0,0,0,0,0,0,0,0
15,1025,16,0x1.028f5c28f5c29p+0,0,7,3,12582912,3,0,0,0,64,0,0,0,1025,512,0,0,0,0,0,0,0,1025,5125,0,0,0,0,0,0,0
15,1025,16,-0x0p+0,0,7,3,12582912,3,0,0,0,64,0,0,0,1025,512,0,0,0,0,0,0,0,0,0,0,0,0,0,0,0,1025
15,1025,16,0x1.fffffffffffffp+1022,0,7,3,12582912,3,0,0,0,1027,0,0,0,1025,1025,0,0,0,0,0,0,0,0,0,0,0,0,0,0,0,0
15,1025,16,0x1.fffffffffffffp+1023,0,7,3,12582912,3,0,0,0,1027,0,0,0,1025,1025,0,0,0,0,0,0,0,0,0,0,0,0,0,0,0,0
15,1025,17,0x1.028f5c28f5c29p+0,0,7,3,12582912,3,0,0,0,0,0,0,0,0,1025,0,0,0,0,0,0,0,0,0,0,0,1025,0,0,0,0
15,1025,17,-0x0p+0,0,7,3,12582912,3,0,0,0,0,0,0,0,0,1025,0,0,0,0,0,0,0,0,0,0,0,1025,0,0,0,0
15,1025,17,0x1.fffffffffffffp+1022,0,7,3,12582912,3,0,0,0,0,0,0,0,0,1025,0,0,0,0,0,0,0,0,0,0,0,1025,0,0,0,0
15,1025,17,0x1.fffffffffffffp+1023,0,7,3,12582912,3,0,0,0,0,0,0,0,0,1025,0,0,0,0,0,0,0,0,0,0,0,1025,0,0,0,0
15,1025,7,0x1.028f5c28f5c29p+0,0,0,4,12582912,4,0,0,0,64,0,0,0,1025,0,0,0,0,0,0,0,0,0,0,0,0,0,0,0,0,1025
15,1025,7,-0x0p+0,0,0,4,12582912,4,0,0,0,64,0,0,0,1025,0,0,0,0,0,0,0,0,0,0,0,0,0,0,0,0,1025
15,1025,7,0x1.fffffffffffffp+1022,0,0,4,12582912,4,0,0,0,1058,0,0,0,1025,1025,0,0,0,0,0,0,0,0,0,0,0,0,0,0,0,0
15,1025,7,0x1.fffffffffffffp+1023,0,0,4,12582912,4,0,0,0,1083,0,0,0,1025,1025,0,0,0,0,0,0,0,0,0,0,0,0,0,0,0,0
15,1025,8,0x1.028f5c28f5c29p+0,0,0,4,12582912,4,0,0,0,64,0,0,0,1025,512,0,0,0,0,0,0,0,0,0,0,0,0,0,0,0,1025
15,1025,8,-0x0p+0,0,0,4,12582912,4,0,0,0,64,0,0,0,1025,512,0,0,0,0,0,0,0,0,0,0,0,0,0,0,0,1025
15,1025,8,0x1.fffffffffffffp+1022,0,0,4,12582912,4,0,0,0,1058,0,0,0,1025,1025,0,0,0,0,0,0,0,256,1280,0,0,0,0,0,0,0
15,1025,8,0x1.fffffffffffffp+1023,0,0,4,12582912,4,0,0,0,1083,0,0,0,1025,1025,0,0,0,0,0,0,0,256,1280,0,0,0,0,0,0,0
15,1025,14,0x1.028f5c28f5c29p+0,0,0,4,12582912,4,0,0,0,64,0,0,0,1025,512,0,0,0,0,0,0,0,0,0,0,0,0,0,0,0,1025
15,1025,14,-0x0p+0,0,0,4,12582912,4,0,0,0,64,0,0,0,1025,512,0,0,0,0,0,0,0,0,0,0,0,0,0,0,0,1025
15,1025,14,0x1.fffffffffffffp+1022,0,0,4,12582912,4,0,0,0,1058,0,0,0,1025,1025,0,0,0,0,0,0,0,256,1280,0,0,0,0,0,0,0
15,1025,14,0x1.fffffffffffffp+1023,0,0,4,12582912,4,0,0,0,1083,0,0,0,1025,1025,0,0,0,0,0,0,0,256,1280,0,0,0,0,0,0,0
15,1025,15,0x1.028f5c28f5c29p+0,0,0,4,12582912,4,0,0,0,64,0,0,0,1025,512,0,0,0,0,0,0,0,0,0,0,0,0,0,0,0,1025
15,1025,15,-0x0p+0,0,0,4,12582912,4,0,0,0,64,0,0,0,1025,512,0,0,0,0,0,0,0,0,0,0,0,0,0,0,0,1025
15,1025,15,0x1.fffffffffffffp+1022,0,0,4,12582912,4,0,0,0,1058,0,0,0,1025,1025,0,0,0,0,0,0,0,0,0,0,0,0,0,0,0,0
15,1025,15,0x1.fffffffffffffp+1023,0,0,4,12582912,4,0,0,0,1083,0,0,0,1025,1025,0,0,0,0,0,0,0,0,0,0,0,0,0,0,0,0
15,1025,16,0x1.028f5c28f5c29p+0,0,0,4,12582912,4,0,0,0,64,0,0,0,1025,512,0,0,0,0,0,0,0,0,0,0,0,0,0,0,0,1025
15,1025,16,-0x0p+0,0,0,4,12582912,4,0,0,0,64,0,0,0,1025,512,0,0,0,0,0,0,0,0,0,0,0,0,0,0,0,1025
15,1025,16,0x1.fffffffffffffp+1022,0,0,4,12582912,4,0,0,0,1058,0,0,0,1025,1025,0,0,0,0,0,0,0,256,1280,0,0,0,0,0,0,0
15,1025,16,0x1.fffffffffffffp+1023,0,0,4,12582912,4,0,0,0,1083,0,0,0,1025,1025,0,0,0,0,0,0,0,256,1280,0,0,0,0,0,0,0
15,1025,17,0x1.028f5c28f5c29p+0,0,0,4,12582912,4,0,0,0,0,0,0,0,0,1025,0,0,0,0,0,0,0,0,0,0,0,1025,0,0,0,0
15,1025,17,-0x0p+0,0,0,4,12582912,4,0,0,0,0,0,0,0,0,1025,0,0,0,0,0,0,0,0,0,0,0,1025,0,0,0,0
15,1025,17,0x1.fffffffffffffp+1022,0,0,4,12582912,4,0,0,0,0,0,0,0,0,1025,0,0,0,0,0,0,0,0,0,0,0,1025,0,0,0,0
15,1025,17,0x1.fffffffffffffp+1023,0,0,4,12582912,4,0,0,0,0,0,0,0,0,1025,0,0,0,0,0,0,0,0,0,0,0,1025,0,0,0,0
15,1025,7,0x1.028f5c28f5c29p+0,0,7,4,12582912,4,0,0,0,64,0,0,0,1025,0,0,0,0,0,0,0,0,0,0,0,0,0,0,0,0,1025
15,1025,7,-0x0p+0,0,7,4,12582912,4,0,0,0,64,0,0,0,1025,0,0,0,0,0,0,0,0,0,0,0,0,0,0,0,0,1025
15,1025,7,0x1.fffffffffffffp+1022,0,7,4,12582912,4,0,0,0,1058,0,0,0,1025,1025,0,0,0,0,0,0,0,0,0,0,0,0,0,0,0,0
15,1025,7,0x1.fffffffffffffp+1023,0,7,4,12582912,4,0,0,0,1083,0,0,0,1025,1025,0,0,0,0,0,0,0,0,0,0,0,0,0,0,0,0
15,1025,8,0x1.028f5c28f5c29p+0,0,7,4,12582912,4,0,0,0,64,0,0,0,1025,512,0,0,0,0,0,0,0,0,0,0,0,0,0,0,0,1025
15,1025,8,-0x0p+0,0,7,4,12582912,4,0,0,0,64,0,0,0,1025,512,0,0,0,0,0,0,0,0,0,0,0,0,0,0,0,1025
15,1025,8,0x1.fffffffffffffp+1022,0,7,4,12582912,4,0,0,0,1058,0,0,0,1025,1025,0,0,0,0,0,0,0,1025,5125,0,0,0,0,0,0,0
15,1025,8,0x1.fffffffffffffp+1023,0,7,4,12582912,4,0,0,0,1083,0,0,0,1025,1025,0,0,0,0,0,0,0,1025,5125,0,0,0,0,0,0,0
15,1025,14,0x1.028f5c28f5c29p+0,0,7,4,12582912,4,0,0,0,64,0,0,0,1025,512,0,0,0,0,0,0,0,0,0,0,0,0,0,0,0,1025
15,1025,14,-0x0p+0,0,7,4,12582912,4,0,0,0,64,0,0,0,1025,512,0,0,0,0,0,0,0,0,0,0,0,0,0,0,0,1025
15,1025,14,0x1.fffffffffffffp+1022,0,7,4,12582912,4,0,0,0,1058,0,0,0,1025,1025,0,0,0,0,0,0,0,1025,5125,0,0,0,0,0,0,0
15,1025,14,0x1.fffffffffffffp+1023,0,7,4,12582912,4,0,0,0,1083,0,0,0,1025,1025,0,0,0,0,0,0,0,1025,5125,0,0,0,0,0,0,0
15,1025,15,0x1.028f5c28f5c29p+0,0,7,4,12582912,4,0,0,0,64,0,0,0,1025,512,0,0,0,0,0,0,0,0,0,0,0,0,0,0,0,1025
15,1025,15,-0x0p+0,0,7,4,12582912,4,0,0,0,64,0,0,0,1025,512,0,0,0,0,0,0,0,0,0,0,0,0,0,0,0,1025
15,1025,15,0x1.fffffffffffffp+1022,0,7,4,12582912,4,0,0,0,1058,0,0,0,1025,1025,0,0,0,0,0,0,0,0,0,0,0,0,0,0,0,0
15,1025,15,0x1.fffffffffffffp+1023,0,7,4,12582912,4,0,0,0,1083,0,0,0,1025,1025,0,0,0,0,0,0,0,0,0,0,0,0,0,0,0,0
15,1025,16,0x1.028f5c28f5c29p+0,0,7,4,12582912,4,0,0,0,64,0,0,0,1025,512,0,0,0,0,0,0,0,0,0,0,0,0,0,0,0,1025
15,1025,16,-0x0p+0,0,7,4,12582912,4,0,0,0,64,0,0,0,1025,512,0,0,0,0,0,0,0,0,0,0,0,0,0,0,0,1025
15,1025,16,0x1.fffffffffffffp+1022,0,7,4,12582912,4,0,0,0,1058,0,0,0,1025,1025,0,0,0,0,0,0,0,1025,5125,0,0,0,0,0,0,0
15,1025,16,0x1.fffffffffffffp+1023,0,7,4,12582912,4,0,0,0,1083,0,0,0,1025,1025,0,0,0,0,0,0,0,1025,5125,0,0,0,0,0,0,0
15,1025,17,0x1.028f5c28f5c29p+0,0,7,4,12582912,4,0,0,0,0,0,0,0,0,1025,0,0,0,0,0,0,0,0,0,0,0,1025,0,0,0,0
15,1025,17,-0x0p+0,0,7,4,12582912,4,0,0,0,0,0,0,0,0,1025,0,0,0,0,0,0,0,0,0,0,0,1025,0,0,0,0
15,1025,17,0x1.fffffffffffffp+1022,0,7,4,12582912,4,0,0,0,0,0,0,0,0,1025,0,0,0,0,0,0,0,0,0,0,0,1025,0,0,0,0
15,1025,17,0x1.fffffffffffffp+1023,0,7,4,12582912,4,0,0,0,0,0,0,0,0,1025,0,0,0,0,0,0,0,0,0,0,0,1025,0,0,0,0
