mode,pattern,strict,chunked,reverse,op,length,output,missing,broad_rows,canonical_rows,semantic_failures,work_failure,left_kind,facts,range_proved_rows,maximum_rows
0,ordinary,0,0,0,+,4097,3,0,4097,0,0,0,1,legacy,0,4097
0,ordinary,0,0,0,-,4097,3,0,4097,0,0,0,1,legacy,0,4097
0,ordinary,0,0,0,*,4097,3,0,4097,0,0,0,1,legacy,0,4097
0,ordinary,0,0,1,+,4097,3,0,4097,0,0,0,1,legacy,0,4097
0,ordinary,0,0,1,-,4097,3,0,4097,0,0,0,1,legacy,0,4097
0,ordinary,0,0,1,*,4097,3,0,4097,0,0,0,1,legacy,0,4097
0,ordinary,0,1,0,+,4097,3,0,4097,0,0,0,1,legacy,0,4097
0,ordinary,0,1,0,-,4097,3,0,4097,0,0,0,1,legacy,0,4097
0,ordinary,0,1,0,*,4097,3,0,4097,0,0,0,1,legacy,0,4097
0,ordinary,0,1,1,+,4097,3,0,4097,0,0,0,1,legacy,0,4097
0,ordinary,0,1,1,-,4097,3,0,4097,0,0,0,1,legacy,0,4097
0,ordinary,0,1,1,*,4097,3,0,4097,0,0,0,1,legacy,0,4097
0,ordinary,1,0,0,+,4097,3,0,0,4097,0,0,1,legacy,0,4097
0,ordinary,1,0,0,-,4097,3,0,0,4097,0,0,1,legacy,0,4097
0,ordinary,1,0,0,*,4097,3,0,0,4097,0,0,1,legacy,0,4097
0,ordinary,1,0,1,+,4097,3,0,0,4097,0,0,1,legacy,0,4097
0,ordinary,1,0,1,-,4097,3,0,0,4097,0,0,1,legacy,0,4097
0,ordinary,1,0,1,*,4097,3,0,0,4097,0,0,1,legacy,0,4097
0,ordinary,1,1,0,+,4097,3,0,0,4097,0,0,1,legacy,0,4097
0,ordinary,1,1,0,-,4097,3,0,0,4097,0,0,1,legacy,0,4097
0,ordinary,1,1,0,*,4097,3,0,0,4097,0,0,1,legacy,0,4097
0,ordinary,1,1,1,+,4097,3,0,0,4097,0,0,1,legacy,0,4097
0,ordinary,1,1,1,-,4097,3,0,0,4097,0,0,1,legacy,0,4097
0,ordinary,1,1,1,*,4097,3,0,0,4097,0,0,1,legacy,0,4097
0,sparse,0,0,0,+,4097,3,9,4097,0,0,0,1,legacy,0,4097
0,sparse,0,0,0,-,4097,3,9,4097,0,0,0,1,legacy,0,4097
0,sparse,0,0,0,*,4097,3,9,4097,0,0,0,1,legacy,0,4097
0,sparse,0,0,1,+,4097,3,9,4097,0,0,0,1,legacy,0,4097
0,sparse,0,0,1,-,4097,3,9,4097,0,0,0,1,legacy,0,4097
0,sparse,0,0,1,*,4097,3,9,4097,0,0,0,1,legacy,0,4097
0,sparse,0,1,0,+,4097,3,9,4097,0,0,0,1,legacy,0,4097
0,sparse,0,1,0,-,4097,3,9,4097,0,0,0,1,legacy,0,4097
0,sparse,0,1,0,*,4097,3,9,4097,0,0,0,1,legacy,0,4097
0,sparse,0,1,1,+,4097,3,9,4097,0,0,0,1,legacy,0,4097
0,sparse,0,1,1,-,4097,3,9,4097,0,0,0,1,legacy,0,4097
0,sparse,0,1,1,*,4097,3,9,4097,0,0,0,1,legacy,0,4097
0,sparse,1,0,0,+,4097,3,9,0,4097,0,0,1,legacy,0,4097
0,sparse,1,0,0,-,4097,3,9,0,4097,0,0,1,legacy,0,4097
0,sparse,1,0,0,*,4097,3,9,0,4097,0,0,1,legacy,0,4097
0,sparse,1,0,1,+,4097,3,9,0,4097,0,0,1,legacy,0,4097
0,sparse,1,0,1,-,4097,3,9,0,4097,0,0,1,legacy,0,4097
0,sparse,1,0,1,*,4097,3,9,0,4097,0,0,1,legacy,0,4097
0,sparse,1,1,0,+,4097,3,9,0,4097,0,0,1,legacy,0,4097
0,sparse,1,1,0,-,4097,3,9,0,4097,0,0,1,legacy,0,4097
0,sparse,1,1,0,*,4097,3,9,0,4097,0,0,1,legacy,0,4097
0,sparse,1,1,1,+,4097,3,9,0,4097,0,0,1,legacy,0,4097
0,sparse,1,1,1,-,4097,3,9,0,4097,0,0,1,legacy,0,4097
0,sparse,1,1,1,*,4097,3,9,0,4097,0,0,1,legacy,0,4097
0,tags,0,0,0,+,259,3,121,259,0,0,0,1,legacy,0,259
0,tags,0,0,0,-,259,3,121,259,0,0,0,1,legacy,0,259
0,tags,0,0,0,*,259,3,121,259,0,0,0,1,legacy,0,259
0,tags,0,0,1,+,259,3,121,259,0,0,0,1,legacy,0,259
0,tags,0,0,1,-,259,3,121,259,0,0,0,1,legacy,0,259
0,tags,0,0,1,*,259,3,121,259,0,0,0,1,legacy,0,259
0,tags,0,1,0,+,259,3,121,259,0,0,0,1,legacy,0,259
0,tags,0,1,0,-,259,3,121,259,0,0,0,1,legacy,0,259
0,tags,0,1,0,*,259,3,121,259,0,0,0,1,legacy,0,259
0,tags,0,1,1,+,259,3,121,259,0,0,0,1,legacy,0,259
0,tags,0,1,1,-,259,3,121,259,0,0,0,1,legacy,0,259
0,tags,0,1,1,*,259,3,121,259,0,0,0,1,legacy,0,259
0,tags,1,0,0,+,259,3,121,0,259,0,0,1,legacy,0,259
0,tags,1,0,0,-,259,3,121,0,259,0,0,1,legacy,0,259
0,tags,1,0,0,*,259,3,121,0,259,0,0,1,legacy,0,259
0,tags,1,0,1,+,259,3,121,0,259,0,0,1,legacy,0,259
0,tags,1,0,1,-,259,3,121,0,259,0,0,1,legacy,0,259
0,tags,1,0,1,*,259,3,121,0,259,0,0,1,legacy,0,259
0,tags,1,1,0,+,259,3,121,0,259,0,0,1,legacy,0,259
0,tags,1,1,0,-,259,3,121,0,259,0,0,1,legacy,0,259
0,tags,1,1,0,*,259,3,121,0,259,0,0,1,legacy,0,259
0,tags,1,1,1,+,259,3,121,0,259,0,0,1,legacy,0,259
0,tags,1,1,1,-,259,3,121,0,259,0,0,1,legacy,0,259
0,tags,1,1,1,*,259,3,121,0,259,0,0,1,legacy,0,259
0,edges,0,0,0,+,259,4,103,518,0,0,0,1,legacy,0,259
0,edges,0,0,0,-,259,4,103,518,0,0,0,1,legacy,0,259
0,edges,0,0,0,*,259,4,103,518,0,0,0,1,legacy,0,259
0,edges,0,0,1,+,259,4,103,518,0,0,0,1,legacy,0,259
0,edges,0,0,1,-,259,4,103,518,0,0,0,1,legacy,0,259
0,edges,0,0,1,*,259,4,103,518,0,0,0,1,legacy,0,259
0,edges,0,1,0,+,259,4,103,518,0,0,0,1,legacy,0,259
0,edges,0,1,0,-,259,4,103,518,0,0,0,1,legacy,0,259
0,edges,0,1,0,*,259,4,103,518,0,0,0,1,legacy,0,259
0,edges,0,1,1,+,259,4,103,518,0,0,0,1,legacy,0,259
0,edges,0,1,1,-,259,4,103,518,0,0,0,1,legacy,0,259
0,edges,0,1,1,*,259,4,103,518,0,0,0,1,legacy,0,259
0,limit_above,0,0,0,+,259,3,0,259,0,0,0,1,legacy,0,259
0,limit_above,0,0,0,-,259,3,0,259,0,0,0,1,legacy,0,259
0,limit_above,0,0,0,*,259,4,0,777,0,0,0,1,legacy,0,259
0,limit_above,0,0,1,+,259,3,0,259,0,0,0,1,legacy,0,259
0,limit_above,0,0,1,-,259,3,0,259,0,0,0,1,legacy,0,259
0,limit_above,0,0,1,*,259,4,0,777,0,0,0,1,legacy,0,259
0,limit_above,0,1,0,+,259,3,0,259,0,0,0,1,legacy,0,259
0,limit_above,0,1,0,-,259,3,0,259,0,0,0,1,legacy,0,259
0,limit_above,0,1,0,*,259,4,0,777,0,0,0,1,legacy,0,259
0,limit_above,0,1,1,+,259,3,0,259,0,0,0,1,legacy,0,259
0,limit_above,0,1,1,-,259,3,0,259,0,0,0,1,legacy,0,259
0,limit_above,0,1,1,*,259,4,0,777,0,0,0,1,legacy,0,259
0,limit_above,1,0,0,+,259,3,0,0,259,0,0,1,legacy,0,259
0,limit_above,1,0,0,-,259,3,0,0,259,0,0,1,legacy,0,259
0,limit_above,1,0,0,*,259,4,0,518,259,0,0,1,legacy,0,259
0,limit_above,1,0,1,+,259,3,0,0,259,0,0,1,legacy,0,259
0,limit_above,1,0,1,-,259,3,0,0,259,0,0,1,legacy,0,259
0,limit_above,1,0,1,*,259,4,0,518,259,0,0,1,legacy,0,259
0,limit_above,1,1,0,+,259,3,0,0,259,0,0,1,legacy,0,259
0,limit_above,1,1,0,-,259,3,0,0,259,0,0,1,legacy,0,259
0,limit_above,1,1,0,*,259,4,0,518,259,0,0,1,legacy,0,259
0,limit_above,1,1,1,+,259,3,0,0,259,0,0,1,legacy,0,259
0,limit_above,1,1,1,-,259,3,0,0,259,0,0,1,legacy,0,259
0,limit_above,1,1,1,*,259,4,0,518,259,0,0,1,legacy,0,259
0,limit_below,0,0,0,+,259,3,0,259,0,0,0,1,legacy,0,259
0,limit_below,0,0,0,-,259,3,0,259,0,0,0,1,legacy,0,259
0,limit_below,0,0,0,*,259,3,0,518,0,0,0,1,legacy,0,259
0,limit_below,0,0,1,+,259,3,0,259,0,0,0,1,legacy,0,259
0,limit_below,0,0,1,-,259,3,0,259,0,0,0,1,legacy,0,259
0,limit_below,0,0,1,*,259,3,0,518,0,0,0,1,legacy,0,259
0,limit_below,0,1,0,+,259,3,0,259,0,0,0,1,legacy,0,259
0,limit_below,0,1,0,-,259,3,0,259,0,0,0,1,legacy,0,259
0,limit_below,0,1,0,*,259,3,0,518,0,0,0,1,legacy,0,259
0,limit_below,0,1,1,+,259,3,0,259,0,0,0,1,legacy,0,259
0,limit_below,0,1,1,-,259,3,0,259,0,0,0,1,legacy,0,259
0,limit_below,0,1,1,*,259,3,0,518,0,0,0,1,legacy,0,259
0,limit_below,1,0,0,+,259,3,0,0,259,0,0,1,legacy,0,259
0,limit_below,1,0,0,-,259,3,0,0,259,0,0,1,legacy,0,259
0,limit_below,1,0,0,*,259,3,0,259,259,0,0,1,legacy,0,259
0,limit_below,1,0,1,+,259,3,0,0,259,0,0,1,legacy,0,259
0,limit_below,1,0,1,-,259,3,0,0,259,0,0,1,legacy,0,259
0,limit_below,1,0,1,*,259,3,0,259,259,0,0,1,legacy,0,259
0,limit_below,1,1,0,+,259,3,0,0,259,0,0,1,legacy,0,259
0,limit_below,1,1,0,-,259,3,0,0,259,0,0,1,legacy,0,259
0,limit_below,1,1,0,*,259,3,0,259,259,0,0,1,legacy,0,259
0,limit_below,1,1,1,+,259,3,0,0,259,0,0,1,legacy,0,259
0,limit_below,1,1,1,-,259,3,0,0,259,0,0,1,legacy,0,259
0,limit_below,1,1,1,*,259,3,0,259,259,0,0,1,legacy,0,259
0,cancel,0,0,0,+,259,3,0,259,0,0,0,1,legacy,0,259
0,cancel,0,0,0,-,259,3,0,259,0,0,0,1,legacy,0,259
0,cancel,0,0,0,*,259,3,0,259,0,0,0,1,legacy,0,259
0,cancel,0,0,1,+,259,3,0,259,0,0,0,1,legacy,0,259
0,cancel,0,0,1,-,259,3,0,259,0,0,0,1,legacy,0,259
0,cancel,0,0,1,*,259,3,0,259,0,0,0,1,legacy,0,259
0,cancel,0,1,0,+,259,3,0,259,0,0,0,1,legacy,0,259
0,cancel,0,1,0,-,259,3,0,259,0,0,0,1,legacy,0,259
0,cancel,0,1,0,*,259,3,0,259,0,0,0,1,legacy,0,259
0,cancel,0,1,1,+,259,3,0,259,0,0,0,1,legacy,0,259
0,cancel,0,1,1,-,259,3,0,259,0,0,0,1,legacy,0,259
0,cancel,0,1,1,*,259,3,0,259,0,0,0,1,legacy,0,259
0,cancel,1,0,0,+,259,3,0,0,259,0,0,1,legacy,0,259
0,cancel,1,0,0,-,259,3,0,0,259,0,0,1,legacy,0,259
0,cancel,1,0,0,*,259,3,0,0,259,0,0,1,legacy,0,259
0,cancel,1,0,1,+,259,3,0,0,259,0,0,1,legacy,0,259
0,cancel,1,0,1,-,259,3,0,0,259,0,0,1,legacy,0,259
0,cancel,1,0,1,*,259,3,0,0,259,0,0,1,legacy,0,259
0,cancel,1,1,0,+,259,3,0,0,259,0,0,1,legacy,0,259
0,cancel,1,1,0,-,259,3,0,0,259,0,0,1,legacy,0,259
0,cancel,1,1,0,*,259,3,0,0,259,0,0,1,legacy,0,259
0,cancel,1,1,1,+,259,3,0,0,259,0,0,1,legacy,0,259
0,cancel,1,1,1,-,259,3,0,0,259,0,0,1,legacy,0,259
0,cancel,1,1,1,*,259,3,0,0,259,0,0,1,legacy,0,259
1,ordinary,0,0,0,+,4097,3,0,4097,0,0,0,1,legacy,0,4097
1,ordinary,0,0,0,-,4097,3,0,4097,0,0,0,1,legacy,0,4097
1,ordinary,0,0,0,*,4097,3,0,4097,0,0,0,1,legacy,0,4097
1,ordinary,0,0,1,+,4097,3,0,4097,0,0,0,1,legacy,0,4097
1,ordinary,0,0,1,-,4097,3,0,4097,0,0,0,1,legacy,0,4097
1,ordinary,0,0,1,*,4097,3,0,4097,0,0,0,1,legacy,0,4097
1,ordinary,0,1,0,+,4097,3,0,4097,0,0,0,1,legacy,0,4097
1,ordinary,0,1,0,-,4097,3,0,4097,0,0,0,1,legacy,0,4097
1,ordinary,0,1,0,*,4097,3,0,4097,0,0,0,1,legacy,0,4097
1,ordinary,0,1,1,+,4097,3,0,4097,0,0,0,1,legacy,0,4097
1,ordinary,0,1,1,-,4097,3,0,4097,0,0,0,1,legacy,0,4097
1,ordinary,0,1,1,*,4097,3,0,4097,0,0,0,1,legacy,0,4097
1,ordinary,1,0,0,+,4097,3,0,0,4097,0,0,1,legacy,0,4097
1,ordinary,1,0,0,-,4097,3,0,0,4097,0,0,1,legacy,0,4097
1,ordinary,1,0,0,*,4097,3,0,0,4097,0,0,1,legacy,0,4097
1,ordinary,1,0,1,+,4097,3,0,0,4097,0,0,1,legacy,0,4097
1,ordinary,1,0,1,-,4097,3,0,0,4097,0,0,1,legacy,0,4097
1,ordinary,1,0,1,*,4097,3,0,0,4097,0,0,1,legacy,0,4097
1,ordinary,1,1,0,+,4097,3,0,0,4097,0,0,1,legacy,0,4097
1,ordinary,1,1,0,-,4097,3,0,0,4097,0,0,1,legacy,0,4097
1,ordinary,1,1,0,*,4097,3,0,0,4097,0,0,1,legacy,0,4097
1,ordinary,1,1,1,+,4097,3,0,0,4097,0,0,1,legacy,0,4097
1,ordinary,1,1,1,-,4097,3,0,0,4097,0,0,1,legacy,0,4097
1,ordinary,1,1,1,*,4097,3,0,0,4097,0,0,1,legacy,0,4097
1,sparse,0,0,0,+,4097,3,9,4097,0,0,0,1,legacy,0,4097
1,sparse,0,0,0,-,4097,3,9,4097,0,0,0,1,legacy,0,4097
1,sparse,0,0,0,*,4097,3,9,4097,0,0,0,1,legacy,0,4097
1,sparse,0,0,1,+,4097,3,9,4097,0,0,0,1,legacy,0,4097
1,sparse,0,0,1,-,4097,3,9,4097,0,0,0,1,legacy,0,4097
1,sparse,0,0,1,*,4097,3,9,4097,0,0,0,1,legacy,0,4097
1,sparse,0,1,0,+,4097,3,9,4097,0,0,0,1,legacy,0,4097
1,sparse,0,1,0,-,4097,3,9,4097,0,0,0,1,legacy,0,4097
1,sparse,0,1,0,*,4097,3,9,4097,0,0,0,1,legacy,0,4097
1,sparse,0,1,1,+,4097,3,9,4097,0,0,0,1,legacy,0,4097
1,sparse,0,1,1,-,4097,3,9,4097,0,0,0,1,legacy,0,4097
1,sparse,0,1,1,*,4097,3,9,4097,0,0,0,1,legacy,0,4097
1,sparse,1,0,0,+,4097,3,9,0,4097,0,0,1,legacy,0,4097
1,sparse,1,0,0,-,4097,3,9,0,4097,0,0,1,legacy,0,4097
1,sparse,1,0,0,*,4097,3,9,0,4097,0,0,1,legacy,0,4097
1,sparse,1,0,1,+,4097,3,9,0,4097,0,0,1,legacy,0,4097
1,sparse,1,0,1,-,4097,3,9,0,4097,0,0,1,legacy,0,4097
1,sparse,1,0,1,*,4097,3,9,0,4097,0,0,1,legacy,0,4097
1,sparse,1,1,0,+,4097,3,9,0,4097,0,0,1,legacy,0,4097
1,sparse,1,1,0,-,4097,3,9,0,4097,0,0,1,legacy,0,4097
1,sparse,1,1,0,*,4097,3,9,0,4097,0,0,1,legacy,0,4097
1,sparse,1,1,1,+,4097,3,9,0,4097,0,0,1,legacy,0,4097
1,sparse,1,1,1,-,4097,3,9,0,4097,0,0,1,legacy,0,4097
1,sparse,1,1,1,*,4097,3,9,0,4097,0,0,1,legacy,0,4097
1,tags,0,0,0,+,259,3,121,259,0,0,0,1,legacy,0,259
1,tags,0,0,0,-,259,3,121,259,0,0,0,1,legacy,0,259
1,tags,0,0,0,*,259,3,121,259,0,0,0,1,legacy,0,259
1,tags,0,0,1,+,259,3,121,259,0,0,0,1,legacy,0,259
1,tags,0,0,1,-,259,3,121,259,0,0,0,1,legacy,0,259
1,tags,0,0,1,*,259,3,121,259,0,0,0,1,legacy,0,259
1,tags,0,1,0,+,259,3,121,259,0,0,0,1,legacy,0,259
1,tags,0,1,0,-,259,3,121,259,0,0,0,1,legacy,0,259
1,tags,0,1,0,*,259,3,121,259,0,0,0,1,legacy,0,259
1,tags,0,1,1,+,259,3,121,259,0,0,0,1,legacy,0,259
1,tags,0,1,1,-,259,3,121,259,0,0,0,1,legacy,0,259
1,tags,0,1,1,*,259,3,121,259,0,0,0,1,legacy,0,259
1,tags,1,0,0,+,259,3,121,0,259,0,0,1,legacy,0,259
1,tags,1,0,0,-,259,3,121,0,259,0,0,1,legacy,0,259
1,tags,1,0,0,*,259,3,121,0,259,0,0,1,legacy,0,259
1,tags,1,0,1,+,259,3,121,0,259,0,0,1,legacy,0,259
1,tags,1,0,1,-,259,3,121,0,259,0,0,1,legacy,0,259
1,tags,1,0,1,*,259,3,121,0,259,0,0,1,legacy,0,259
1,tags,1,1,0,+,259,3,121,0,259,0,0,1,legacy,0,259
1,tags,1,1,0,-,259,3,121,0,259,0,0,1,legacy,0,259
1,tags,1,1,0,*,259,3,121,0,259,0,0,1,legacy,0,259
1,tags,1,1,1,+,259,3,121,0,259,0,0,1,legacy,0,259
1,tags,1,1,1,-,259,3,121,0,259,0,0,1,legacy,0,259
1,tags,1,1,1,*,259,3,121,0,259,0,0,1,legacy,0,259
1,edges,0,0,0,+,259,4,103,518,0,0,0,1,legacy,0,259
1,edges,0,0,0,-,259,4,103,518,0,0,0,1,legacy,0,259
1,edges,0,0,0,*,259,4,103,518,0,0,0,1,legacy,0,259
1,edges,0,0,1,+,259,4,103,518,0,0,0,1,legacy,0,259
1,edges,0,0,1,-,259,4,103,518,0,0,0,1,legacy,0,259
1,edges,0,0,1,*,259,4,103,518,0,0,0,1,legacy,0,259
1,edges,0,1,0,+,259,4,103,518,0,0,0,1,legacy,0,259
1,edges,0,1,0,-,259,4,103,518,0,0,0,1,legacy,0,259
1,edges,0,1,0,*,259,4,103,518,0,0,0,1,legacy,0,259
1,edges,0,1,1,+,259,4,103,518,0,0,0,1,legacy,0,259
1,edges,0,1,1,-,259,4,103,518,0,0,0,1,legacy,0,259
1,edges,0,1,1,*,259,4,103,518,0,0,0,1,legacy,0,259
1,limit_above,0,0,0,+,259,3,0,259,0,0,0,1,legacy,0,259
1,limit_above,0,0,0,-,259,3,0,259,0,0,0,1,legacy,0,259
1,limit_above,0,0,0,*,259,4,0,777,0,0,0,1,legacy,0,259
1,limit_above,0,0,1,+,259,3,0,259,0,0,0,1,legacy,0,259
1,limit_above,0,0,1,-,259,3,0,259,0,0,0,1,legacy,0,259
1,limit_above,0,0,1,*,259,4,0,777,0,0,0,1,legacy,0,259
1,limit_above,0,1,0,+,259,3,0,259,0,0,0,1,legacy,0,259
1,limit_above,0,1,0,-,259,3,0,259,0,0,0,1,legacy,0,259
1,limit_above,0,1,0,*,259,4,0,777,0,0,0,1,legacy,0,259
1,limit_above,0,1,1,+,259,3,0,259,0,0,0,1,legacy,0,259
1,limit_above,0,1,1,-,259,3,0,259,0,0,0,1,legacy,0,259
1,limit_above,0,1,1,*,259,4,0,777,0,0,0,1,legacy,0,259
1,limit_above,1,0,0,+,259,3,0,0,259,0,0,1,legacy,0,259
1,limit_above,1,0,0,-,259,3,0,0,259,0,0,1,legacy,0,259
1,limit_above,1,0,0,*,259,4,0,518,259,0,0,1,legacy,0,259
1,limit_above,1,0,1,+,259,3,0,0,259,0,0,1,legacy,0,259
1,limit_above,1,0,1,-,259,3,0,0,259,0,0,1,legacy,0,259
1,limit_above,1,0,1,*,259,4,0,518,259,0,0,1,legacy,0,259
1,limit_above,1,1,0,+,259,3,0,0,259,0,0,1,legacy,0,259
1,limit_above,1,1,0,-,259,3,0,0,259,0,0,1,legacy,0,259
1,limit_above,1,1,0,*,259,4,0,518,259,0,0,1,legacy,0,259
1,limit_above,1,1,1,+,259,3,0,0,259,0,0,1,legacy,0,259
1,limit_above,1,1,1,-,259,3,0,0,259,0,0,1,legacy,0,259
1,limit_above,1,1,1,*,259,4,0,518,259,0,0,1,legacy,0,259
1,limit_below,0,0,0,+,259,3,0,259,0,0,0,1,legacy,0,259
1,limit_below,0,0,0,-,259,3,0,259,0,0,0,1,legacy,0,259
1,limit_below,0,0,0,*,259,3,0,259,0,0,0,1,legacy,0,259
1,limit_below,0,0,1,+,259,3,0,259,0,0,0,1,legacy,0,259
1,limit_below,0,0,1,-,259,3,0,259,0,0,0,1,legacy,0,259
1,limit_below,0,0,1,*,259,3,0,259,0,0,0,1,legacy,0,259
1,limit_below,0,1,0,+,259,3,0,259,0,0,0,1,legacy,0,259
1,limit_below,0,1,0,-,259,3,0,259,0,0,0,1,legacy,0,259
1,limit_below,0,1,0,*,259,3,0,259,0,0,0,1,legacy,0,259
1,limit_below,0,1,1,+,259,3,0,259,0,0,0,1,legacy,0,259
1,limit_below,0,1,1,-,259,3,0,259,0,0,0,1,legacy,0,259
1,limit_below,0,1,1,*,259,3,0,259,0,0,0,1,legacy,0,259
1,limit_below,1,0,0,+,259,3,0,0,259,0,0,1,legacy,0,259
1,limit_below,1,0,0,-,259,3,0,0,259,0,0,1,legacy,0,259
1,limit_below,1,0,0,*,259,3,0,0,259,0,0,1,legacy,0,259
1,limit_below,1,0,1,+,259,3,0,0,259,0,0,1,legacy,0,259
1,limit_below,1,0,1,-,259,3,0,0,259,0,0,1,legacy,0,259
1,limit_below,1,0,1,*,259,3,0,0,259,0,0,1,legacy,0,259
1,limit_below,1,1,0,+,259,3,0,0,259,0,0,1,legacy,0,259
1,limit_below,1,1,0,-,259,3,0,0,259,0,0,1,legacy,0,259
1,limit_below,1,1,0,*,259,3,0,0,259,0,0,1,legacy,0,259
1,limit_below,1,1,1,+,259,3,0,0,259,0,0,1,legacy,0,259
1,limit_below,1,1,1,-,259,3,0,0,259,0,0,1,legacy,0,259
1,limit_below,1,1,1,*,259,3,0,0,259,0,0,1,legacy,0,259
1,cancel,0,0,0,+,259,3,0,259,0,0,0,1,legacy,0,259
1,cancel,0,0,0,-,259,3,0,259,0,0,0,1,legacy,0,259
1,cancel,0,0,0,*,259,3,0,259,0,0,0,1,legacy,0,259
1,cancel,0,0,1,+,259,3,0,259,0,0,0,1,legacy,0,259
1,cancel,0,0,1,-,259,3,0,259,0,0,0,1,legacy,0,259
1,cancel,0,0,1,*,259,3,0,259,0,0,0,1,legacy,0,259
1,cancel,0,1,0,+,259,3,0,259,0,0,0,1,legacy,0,259
1,cancel,0,1,0,-,259,3,0,259,0,0,0,1,legacy,0,259
1,cancel,0,1,0,*,259,3,0,259,0,0,0,1,legacy,0,259
1,cancel,0,1,1,+,259,3,0,259,0,0,0,1,legacy,0,259
1,cancel,0,1,1,-,259,3,0,259,0,0,0,1,legacy,0,259
1,cancel,0,1,1,*,259,3,0,259,0,0,0,1,legacy,0,259
1,cancel,1,0,0,+,259,3,0,0,259,0,0,1,legacy,0,259
1,cancel,1,0,0,-,259,3,0,0,259,0,0,1,legacy,0,259
1,cancel,1,0,0,*,259,3,0,0,259,0,0,1,legacy,0,259
1,cancel,1,0,1,+,259,3,0,0,259,0,0,1,legacy,0,259
1,cancel,1,0,1,-,259,3,0,0,259,0,0,1,legacy,0,259
1,cancel,1,0,1,*,259,3,0,0,259,0,0,1,legacy,0,259
1,cancel,1,1,0,+,259,3,0,0,259,0,0,1,legacy,0,259
1,cancel,1,1,0,-,259,3,0,0,259,0,0,1,legacy,0,259
1,cancel,1,1,0,*,259,3,0,0,259,0,0,1,legacy,0,259
1,cancel,1,1,1,+,259,3,0,0,259,0,0,1,legacy,0,259
1,cancel,1,1,1,-,259,3,0,0,259,0,0,1,legacy,0,259
1,cancel,1,1,1,*,259,3,0,0,259,0,0,1,legacy,0,259
2,ordinary,0,0,0,+,4097,3,0,4097,0,0,0,1,legacy,0,4097
2,ordinary,0,0,0,-,4097,3,0,4097,0,0,0,1,legacy,0,4097
2,ordinary,0,0,0,*,4097,3,0,4097,0,0,0,1,legacy,0,4097
2,ordinary,0,0,1,+,4097,3,0,4097,0,0,0,1,legacy,0,4097
2,ordinary,0,0,1,-,4097,3,0,4097,0,0,0,1,legacy,0,4097
2,ordinary,0,0,1,*,4097,3,0,4097,0,0,0,1,legacy,0,4097
2,ordinary,0,1,0,+,4097,3,0,4097,0,0,0,1,legacy,0,4097
2,ordinary,0,1,0,-,4097,3,0,4097,0,0,0,1,legacy,0,4097
2,ordinary,0,1,0,*,4097,3,0,4097,0,0,0,1,legacy,0,4097
2,ordinary,0,1,1,+,4097,3,0,4097,0,0,0,1,legacy,0,4097
2,ordinary,0,1,1,-,4097,3,0,4097,0,0,0,1,legacy,0,4097
2,ordinary,0,1,1,*,4097,3,0,4097,0,0,0,1,legacy,0,4097
2,ordinary,1,0,0,+,4097,3,0,0,4097,0,0,1,legacy,0,4097
2,ordinary,1,0,0,-,4097,3,0,0,4097,0,0,1,legacy,0,4097
2,ordinary,1,0,0,*,4097,3,0,0,4097,0,0,1,legacy,0,4097
2,ordinary,1,0,1,+,4097,3,0,0,4097,0,0,1,legacy,0,4097
2,ordinary,1,0,1,-,4097,3,0,0,4097,0,0,1,legacy,0,4097
2,ordinary,1,0,1,*,4097,3,0,0,4097,0,0,1,legacy,0,4097
2,ordinary,1,1,0,+,4097,3,0,0,4097,0,0,1,legacy,0,4097
2,ordinary,1,1,0,-,4097,3,0,0,4097,0,0,1,legacy,0,4097
2,ordinary,1,1,0,*,4097,3,0,0,4097,0,0,1,legacy,0,4097
2,ordinary,1,1,1,+,4097,3,0,0,4097,0,0,1,legacy,0,4097
2,ordinary,1,1,1,-,4097,3,0,0,4097,0,0,1,legacy,0,4097
2,ordinary,1,1,1,*,4097,3,0,0,4097,0,0,1,legacy,0,4097
2,sparse,0,0,0,+,4097,3,9,4097,0,0,0,1,legacy,0,4097
2,sparse,0,0,0,-,4097,3,9,4097,0,0,0,1,legacy,0,4097
2,sparse,0,0,0,*,4097,3,9,4097,0,0,0,1,legacy,0,4097
2,sparse,0,0,1,+,4097,3,9,4097,0,0,0,1,legacy,0,4097
2,sparse,0,0,1,-,4097,3,9,4097,0,0,0,1,legacy,0,4097
2,sparse,0,0,1,*,4097,3,9,4097,0,0,0,1,legacy,0,4097
2,sparse,0,1,0,+,4097,3,9,4097,0,0,0,1,legacy,0,4097
2,sparse,0,1,0,-,4097,3,9,4097,0,0,0,1,legacy,0,4097
2,sparse,0,1,0,*,4097,3,9,4097,0,0,0,1,legacy,0,4097
2,sparse,0,1,1,+,4097,3,9,4097,0,0,0,1,legacy,0,4097
2,sparse,0,1,1,-,4097,3,9,4097,0,0,0,1,legacy,0,4097
2,sparse,0,1,1,*,4097,3,9,4097,0,0,0,1,legacy,0,4097
2,sparse,1,0,0,+,4097,3,9,0,4097,0,0,1,legacy,0,4097
2,sparse,1,0,0,-,4097,3,9,0,4097,0,0,1,legacy,0,4097
2,sparse,1,0,0,*,4097,3,9,0,4097,0,0,1,legacy,0,4097
2,sparse,1,0,1,+,4097,3,9,0,4097,0,0,1,legacy,0,4097
2,sparse,1,0,1,-,4097,3,9,0,4097,0,0,1,legacy,0,4097
2,sparse,1,0,1,*,4097,3,9,0,4097,0,0,1,legacy,0,4097
2,sparse,1,1,0,+,4097,3,9,0,4097,0,0,1,legacy,0,4097
2,sparse,1,1,0,-,4097,3,9,0,4097,0,0,1,legacy,0,4097
2,sparse,1,1,0,*,4097,3,9,0,4097,0,0,1,legacy,0,4097
2,sparse,1,1,1,+,4097,3,9,0,4097,0,0,1,legacy,0,4097
2,sparse,1,1,1,-,4097,3,9,0,4097,0,0,1,legacy,0,4097
2,sparse,1,1,1,*,4097,3,9,0,4097,0,0,1,legacy,0,4097
2,tags,0,0,0,+,259,3,121,259,0,0,0,1,legacy,0,259
2,tags,0,0,0,-,259,3,121,259,0,0,0,1,legacy,0,259
2,tags,0,0,0,*,259,3,121,259,0,0,0,1,legacy,0,259
2,tags,0,0,1,+,259,3,121,259,0,0,0,1,legacy,0,259
2,tags,0,0,1,-,259,3,121,259,0,0,0,1,legacy,0,259
2,tags,0,0,1,*,259,3,121,259,0,0,0,1,legacy,0,259
2,tags,0,1,0,+,259,3,121,259,0,0,0,1,legacy,0,259
2,tags,0,1,0,-,259,3,121,259,0,0,0,1,legacy,0,259
2,tags,0,1,0,*,259,3,121,259,0,0,0,1,legacy,0,259
2,tags,0,1,1,+,259,3,121,259,0,0,0,1,legacy,0,259
2,tags,0,1,1,-,259,3,121,259,0,0,0,1,legacy,0,259
2,tags,0,1,1,*,259,3,121,259,0,0,0,1,legacy,0,259
2,tags,1,0,0,+,259,3,121,0,259,0,0,1,legacy,0,259
2,tags,1,0,0,-,259,3,121,0,259,0,0,1,legacy,0,259
2,tags,1,0,0,*,259,3,121,0,259,0,0,1,legacy,0,259
2,tags,1,0,1,+,259,3,121,0,259,0,0,1,legacy,0,259
2,tags,1,0,1,-,259,3,121,0,259,0,0,1,legacy,0,259
2,tags,1,0,1,*,259,3,121,0,259,0,0,1,legacy,0,259
2,tags,1,1,0,+,259,3,121,0,259,0,0,1,legacy,0,259
2,tags,1,1,0,-,259,3,121,0,259,0,0,1,legacy,0,259
2,tags,1,1,0,*,259,3,121,0,259,0,0,1,legacy,0,259
2,tags,1,1,1,+,259,3,121,0,259,0,0,1,legacy,0,259
2,tags,1,1,1,-,259,3,121,0,259,0,0,1,legacy,0,259
2,tags,1,1,1,*,259,3,121,0,259,0,0,1,legacy,0,259
2,edges,0,0,0,+,259,4,103,518,0,0,0,1,legacy,0,259
2,edges,0,0,0,-,259,4,103,518,0,0,0,1,legacy,0,259
2,edges,0,0,0,*,259,4,103,518,0,0,0,1,legacy,0,259
2,edges,0,0,1,+,259,4,103,518,0,0,0,1,legacy,0,259
2,edges,0,0,1,-,259,4,103,518,0,0,0,1,legacy,0,259
2,edges,0,0,1,*,259,4,103,518,0,0,0,1,legacy,0,259
2,edges,0,1,0,+,259,4,103,518,0,0,0,1,legacy,0,259
2,edges,0,1,0,-,259,4,103,518,0,0,0,1,legacy,0,259
2,edges,0,1,0,*,259,4,103,518,0,0,0,1,legacy,0,259
2,edges,0,1,1,+,259,4,103,518,0,0,0,1,legacy,0,259
2,edges,0,1,1,-,259,4,103,518,0,0,0,1,legacy,0,259
2,edges,0,1,1,*,259,4,103,518,0,0,0,1,legacy,0,259
2,limit_above,0,0,0,+,259,3,0,259,0,0,0,1,legacy,0,259
2,limit_above,0,0,0,-,259,3,0,259,0,0,0,1,legacy,0,259
2,limit_above,0,0,0,*,259,4,0,518,0,0,0,1,legacy,0,259
2,limit_above,0,0,1,+,259,3,0,259,0,0,0,1,legacy,0,259
2,limit_above,0,0,1,-,259,3,0,259,0,0,0,1,legacy,0,259
2,limit_above,0,0,1,*,259,4,0,518,0,0,0,1,legacy,0,259
2,limit_above,0,1,0,+,259,3,0,259,0,0,0,1,legacy,0,259
2,limit_above,0,1,0,-,259,3,0,259,0,0,0,1,legacy,0,259
2,limit_above,0,1,0,*,259,4,0,518,0,0,0,1,legacy,0,259
2,limit_above,0,1,1,+,259,3,0,259,0,0,0,1,legacy,0,259
2,limit_above,0,1,1,-,259,3,0,259,0,0,0,1,legacy,0,259
2,limit_above,0,1,1,*,259,4,0,518,0,0,0,1,legacy,0,259
2,limit_above,1,0,0,+,259,3,0,0,259,0,0,1,legacy,0,259
2,limit_above,1,0,0,-,259,3,0,0,259,0,0,1,legacy,0,259
2,limit_above,1,0,0,*,259,4,0,259,259,0,0,1,legacy,0,259
2,limit_above,1,0,1,+,259,3,0,0,259,0,0,1,legacy,0,259
2,limit_above,1,0,1,-,259,3,0,0,259,0,0,1,legacy,0,259
2,limit_above,1,0,1,*,259,4,0,259,259,0,0,1,legacy,0,259
2,limit_above,1,1,0,+,259,3,0,0,259,0,0,1,legacy,0,259
2,limit_above,1,1,0,-,259,3,0,0,259,0,0,1,legacy,0,259
2,limit_above,1,1,0,*,259,4,0,259,259,0,0,1,legacy,0,259
2,limit_above,1,1,1,+,259,3,0,0,259,0,0,1,legacy,0,259
2,limit_above,1,1,1,-,259,3,0,0,259,0,0,1,legacy,0,259
2,limit_above,1,1,1,*,259,4,0,259,259,0,0,1,legacy,0,259
2,limit_below,0,0,0,+,259,3,0,259,0,0,0,1,legacy,0,259
2,limit_below,0,0,0,-,259,3,0,259,0,0,0,1,legacy,0,259
2,limit_below,0,0,0,*,259,3,0,518,0,0,0,1,legacy,0,259
2,limit_below,0,0,1,+,259,3,0,259,0,0,0,1,legacy,0,259
2,limit_below,0,0,1,-,259,3,0,259,0,0,0,1,legacy,0,259
2,limit_below,0,0,1,*,259,3,0,518,0,0,0,1,legacy,0,259
2,limit_below,0,1,0,+,259,3,0,259,0,0,0,1,legacy,0,259
2,limit_below,0,1,0,-,259,3,0,259,0,0,0,1,legacy,0,259
2,limit_below,0,1,0,*,259,3,0,518,0,0,0,1,legacy,0,259
2,limit_below,0,1,1,+,259,3,0,259,0,0,0,1,legacy,0,259
2,limit_below,0,1,1,-,259,3,0,259,0,0,0,1,legacy,0,259
2,limit_below,0,1,1,*,259,3,0,518,0,0,0,1,legacy,0,259
2,limit_below,1,0,0,+,259,3,0,0,259,0,0,1,legacy,0,259
2,limit_below,1,0,0,-,259,3,0,0,259,0,0,1,legacy,0,259
2,limit_below,1,0,0,*,259,3,0,259,259,0,0,1,legacy,0,259
2,limit_below,1,0,1,+,259,3,0,0,259,0,0,1,legacy,0,259
2,limit_below,1,0,1,-,259,3,0,0,259,0,0,1,legacy,0,259
2,limit_below,1,0,1,*,259,3,0,259,259,0,0,1,legacy,0,259
2,limit_below,1,1,0,+,259,3,0,0,259,0,0,1,legacy,0,259
2,limit_below,1,1,0,-,259,3,0,0,259,0,0,1,legacy,0,259
2,limit_below,1,1,0,*,259,3,0,259,259,0,0,1,legacy,0,259
2,limit_below,1,1,1,+,259,3,0,0,259,0,0,1,legacy,0,259
2,limit_below,1,1,1,-,259,3,0,0,259,0,0,1,legacy,0,259
2,limit_below,1,1,1,*,259,3,0,259,259,0,0,1,legacy,0,259
2,cancel,0,0,0,+,259,3,0,259,0,0,0,1,legacy,0,259
2,cancel,0,0,0,-,259,3,0,259,0,0,0,1,legacy,0,259
2,cancel,0,0,0,*,259,3,0,259,0,0,0,1,legacy,0,259
2,cancel,0,0,1,+,259,3,0,259,0,0,0,1,legacy,0,259
2,cancel,0,0,1,-,259,3,0,259,0,0,0,1,legacy,0,259
2,cancel,0,0,1,*,259,3,0,259,0,0,0,1,legacy,0,259
2,cancel,0,1,0,+,259,3,0,259,0,0,0,1,legacy,0,259
2,cancel,0,1,0,-,259,3,0,259,0,0,0,1,legacy,0,259
2,cancel,0,1,0,*,259,3,0,259,0,0,0,1,legacy,0,259
2,cancel,0,1,1,+,259,3,0,259,0,0,0,1,legacy,0,259
2,cancel,0,1,1,-,259,3,0,259,0,0,0,1,legacy,0,259
2,cancel,0,1,1,*,259,3,0,259,0,0,0,1,legacy,0,259
2,cancel,1,0,0,+,259,3,0,0,259,0,0,1,legacy,0,259
2,cancel,1,0,0,-,259,3,0,0,259,0,0,1,legacy,0,259
2,cancel,1,0,0,*,259,3,0,0,259,0,0,1,legacy,0,259
2,cancel,1,0,1,+,259,3,0,0,259,0,0,1,legacy,0,259
2,cancel,1,0,1,-,259,3,0,0,259,0,0,1,legacy,0,259
2,cancel,1,0,1,*,259,3,0,0,259,0,0,1,legacy,0,259
2,cancel,1,1,0,+,259,3,0,0,259,0,0,1,legacy,0,259
2,cancel,1,1,0,-,259,3,0,0,259,0,0,1,legacy,0,259
2,cancel,1,1,0,*,259,3,0,0,259,0,0,1,legacy,0,259
2,cancel,1,1,1,+,259,3,0,0,259,0,0,1,legacy,0,259
2,cancel,1,1,1,-,259,3,0,0,259,0,0,1,legacy,0,259
2,cancel,1,1,1,*,259,3,0,0,259,0,0,1,legacy,0,259
3,ordinary,0,0,0,+,4097,3,0,4097,0,0,0,1,legacy,0,4097
3,ordinary,0,0,0,-,4097,3,0,4097,0,0,0,1,legacy,0,4097
3,ordinary,0,0,0,*,4097,3,0,4097,0,0,0,1,legacy,0,4097
3,ordinary,0,0,1,+,4097,3,0,4097,0,0,0,1,legacy,0,4097
3,ordinary,0,0,1,-,4097,3,0,4097,0,0,0,1,legacy,0,4097
3,ordinary,0,0,1,*,4097,3,0,4097,0,0,0,1,legacy,0,4097
3,ordinary,0,1,0,+,4097,3,0,4097,0,0,0,1,legacy,0,4097
3,ordinary,0,1,0,-,4097,3,0,4097,0,0,0,1,legacy,0,4097
3,ordinary,0,1,0,*,4097,3,0,4097,0,0,0,1,legacy,0,4097
3,ordinary,0,1,1,+,4097,3,0,4097,0,0,0,1,legacy,0,4097
3,ordinary,0,1,1,-,4097,3,0,4097,0,0,0,1,legacy,0,4097
3,ordinary,0,1,1,*,4097,3,0,4097,0,0,0,1,legacy,0,4097
3,ordinary,1,0,0,+,4097,3,0,0,4097,0,0,1,legacy,0,4097
3,ordinary,1,0,0,-,4097,3,0,0,4097,0,0,1,legacy,0,4097
3,ordinary,1,0,0,*,4097,3,0,0,4097,0,0,1,legacy,0,4097
3,ordinary,1,0,1,+,4097,3,0,0,4097,0,0,1,legacy,0,4097
3,ordinary,1,0,1,-,4097,3,0,0,4097,0,0,1,legacy,0,4097
3,ordinary,1,0,1,*,4097,3,0,0,4097,0,0,1,legacy,0,4097
3,ordinary,1,1,0,+,4097,3,0,0,4097,0,0,1,legacy,0,4097
3,ordinary,1,1,0,-,4097,3,0,0,4097,0,0,1,legacy,0,4097
3,ordinary,1,1,0,*,4097,3,0,0,4097,0,0,1,legacy,0,4097
3,ordinary,1,1,1,+,4097,3,0,0,4097,0,0,1,legacy,0,4097
3,ordinary,1,1,1,-,4097,3,0,0,4097,0,0,1,legacy,0,4097
3,ordinary,1,1,1,*,4097,3,0,0,4097,0,0,1,legacy,0,4097
3,sparse,0,0,0,+,4097,3,9,4097,0,0,0,1,legacy,0,4097
3,sparse,0,0,0,-,4097,3,9,4097,0,0,0,1,legacy,0,4097
3,sparse,0,0,0,*,4097,3,9,4097,0,0,0,1,legacy,0,4097
3,sparse,0,0,1,+,4097,3,9,4097,0,0,0,1,legacy,0,4097
3,sparse,0,0,1,-,4097,3,9,4097,0,0,0,1,legacy,0,4097
3,sparse,0,0,1,*,4097,3,9,4097,0,0,0,1,legacy,0,4097
3,sparse,0,1,0,+,4097,3,9,4097,0,0,0,1,legacy,0,4097
3,sparse,0,1,0,-,4097,3,9,4097,0,0,0,1,legacy,0,4097
3,sparse,0,1,0,*,4097,3,9,4097,0,0,0,1,legacy,0,4097
3,sparse,0,1,1,+,4097,3,9,4097,0,0,0,1,legacy,0,4097
3,sparse,0,1,1,-,4097,3,9,4097,0,0,0,1,legacy,0,4097
3,sparse,0,1,1,*,4097,3,9,4097,0,0,0,1,legacy,0,4097
3,sparse,1,0,0,+,4097,3,9,0,4097,0,0,1,legacy,0,4097
3,sparse,1,0,0,-,4097,3,9,0,4097,0,0,1,legacy,0,4097
3,sparse,1,0,0,*,4097,3,9,0,4097,0,0,1,legacy,0,4097
3,sparse,1,0,1,+,4097,3,9,0,4097,0,0,1,legacy,0,4097
3,sparse,1,0,1,-,4097,3,9,0,4097,0,0,1,legacy,0,4097
3,sparse,1,0,1,*,4097,3,9,0,4097,0,0,1,legacy,0,4097
3,sparse,1,1,0,+,4097,3,9,0,4097,0,0,1,legacy,0,4097
3,sparse,1,1,0,-,4097,3,9,0,4097,0,0,1,legacy,0,4097
3,sparse,1,1,0,*,4097,3,9,0,4097,0,0,1,legacy,0,4097
3,sparse,1,1,1,+,4097,3,9,0,4097,0,0,1,legacy,0,4097
3,sparse,1,1,1,-,4097,3,9,0,4097,0,0,1,legacy,0,4097
3,sparse,1,1,1,*,4097,3,9,0,4097,0,0,1,legacy,0,4097
3,tags,0,0,0,+,259,3,121,259,0,0,0,1,legacy,0,259
3,tags,0,0,0,-,259,3,121,259,0,0,0,1,legacy,0,259
3,tags,0,0,0,*,259,3,121,259,0,0,0,1,legacy,0,259
3,tags,0,0,1,+,259,3,121,259,0,0,0,1,legacy,0,259
3,tags,0,0,1,-,259,3,121,259,0,0,0,1,legacy,0,259
3,tags,0,0,1,*,259,3,121,259,0,0,0,1,legacy,0,259
3,tags,0,1,0,+,259,3,121,259,0,0,0,1,legacy,0,259
3,tags,0,1,0,-,259,3,121,259,0,0,0,1,legacy,0,259
3,tags,0,1,0,*,259,3,121,259,0,0,0,1,legacy,0,259
3,tags,0,1,1,+,259,3,121,259,0,0,0,1,legacy,0,259
3,tags,0,1,1,-,259,3,121,259,0,0,0,1,legacy,0,259
3,tags,0,1,1,*,259,3,121,259,0,0,0,1,legacy,0,259
3,tags,1,0,0,+,259,3,121,0,259,0,0,1,legacy,0,259
3,tags,1,0,0,-,259,3,121,0,259,0,0,1,legacy,0,259
3,tags,1,0,0,*,259,3,121,0,259,0,0,1,legacy,0,259
3,tags,1,0,1,+,259,3,121,0,259,0,0,1,legacy,0,259
3,tags,1,0,1,-,259,3,121,0,259,0,0,1,legacy,0,259
3,tags,1,0,1,*,259,3,121,0,259,0,0,1,legacy,0,259
3,tags,1,1,0,+,259,3,121,0,259,0,0,1,legacy,0,259
3,tags,1,1,0,-,259,3,121,0,259,0,0,1,legacy,0,259
3,tags,1,1,0,*,259,3,121,0,259,0,0,1,legacy,0,259
3,tags,1,1,1,+,259,3,121,0,259,0,0,1,legacy,0,259
3,tags,1,1,1,-,259,3,121,0,259,0,0,1,legacy,0,259
3,tags,1,1,1,*,259,3,121,0,259,0,0,1,legacy,0,259
3,edges,0,0,0,+,259,4,103,518,0,0,0,1,legacy,0,259
3,edges,0,0,0,-,259,4,103,518,0,0,0,1,legacy,0,259
3,edges,0,0,0,*,259,4,103,518,0,0,0,1,legacy,0,259
3,edges,0,0,1,+,259,4,103,518,0,0,0,1,legacy,0,259
3,edges,0,0,1,-,259,4,103,518,0,0,0,1,legacy,0,259
3,edges,0,0,1,*,259,4,103,518,0,0,0,1,legacy,0,259
3,edges,0,1,0,+,259,4,103,518,0,0,0,1,legacy,0,259
3,edges,0,1,0,-,259,4,103,518,0,0,0,1,legacy,0,259
3,edges,0,1,0,*,259,4,103,518,0,0,0,1,legacy,0,259
3,edges,0,1,1,+,259,4,103,518,0,0,0,1,legacy,0,259
3,edges,0,1,1,-,259,4,103,518,0,0,0,1,legacy,0,259
3,edges,0,1,1,*,259,4,103,518,0,0,0,1,legacy,0,259
3,limit_above,0,0,0,+,259,3,0,259,0,0,0,1,legacy,0,259
3,limit_above,0,0,0,-,259,3,0,259,0,0,0,1,legacy,0,259
3,limit_above,0,0,0,*,259,4,0,777,0,0,0,1,legacy,0,259
3,limit_above,0,0,1,+,259,3,0,259,0,0,0,1,legacy,0,259
3,limit_above,0,0,1,-,259,3,0,259,0,0,0,1,legacy,0,259
3,limit_above,0,0,1,*,259,4,0,777,0,0,0,1,legacy,0,259
3,limit_above,0,1,0,+,259,3,0,259,0,0,0,1,legacy,0,259
3,limit_above,0,1,0,-,259,3,0,259,0,0,0,1,legacy,0,259
3,limit_above,0,1,0,*,259,4,0,777,0,0,0,1,legacy,0,259
3,limit_above,0,1,1,+,259,3,0,259,0,0,0,1,legacy,0,259
3,limit_above,0,1,1,-,259,3,0,259,0,0,0,1,legacy,0,259
3,limit_above,0,1,1,*,259,4,0,777,0,0,0,1,legacy,0,259
3,limit_above,1,0,0,+,259,3,0,0,259,0,0,1,legacy,0,259
3,limit_above,1,0,0,-,259,3,0,0,259,0,0,1,legacy,0,259
3,limit_above,1,0,0,*,259,4,0,518,259,0,0,1,legacy,0,259
3,limit_above,1,0,1,+,259,3,0,0,259,0,0,1,legacy,0,259
3,limit_above,1,0,1,-,259,3,0,0,259,0,0,1,legacy,0,259
3,limit_above,1,0,1,*,259,4,0,518,259,0,0,1,legacy,0,259
3,limit_above,1,1,0,+,259,3,0,0,259,0,0,1,legacy,0,259
3,limit_above,1,1,0,-,259,3,0,0,259,0,0,1,legacy,0,259
3,limit_above,1,1,0,*,259,4,0,518,259,0,0,1,legacy,0,259
3,limit_above,1,1,1,+,259,3,0,0,259,0,0,1,legacy,0,259
3,limit_above,1,1,1,-,259,3,0,0,259,0,0,1,legacy,0,259
3,limit_above,1,1,1,*,259,4,0,518,259,0,0,1,legacy,0,259
3,limit_below,0,0,0,+,259,3,0,259,0,0,0,1,legacy,0,259
3,limit_below,0,0,0,-,259,3,0,259,0,0,0,1,legacy,0,259
3,limit_below,0,0,0,*,259,3,0,259,0,0,0,1,legacy,0,259
3,limit_below,0,0,1,+,259,3,0,259,0,0,0,1,legacy,0,259
3,limit_below,0,0,1,-,259,3,0,259,0,0,0,1,legacy,0,259
3,limit_below,0,0,1,*,259,3,0,259,0,0,0,1,legacy,0,259
3,limit_below,0,1,0,+,259,3,0,259,0,0,0,1,legacy,0,259
3,limit_below,0,1,0,-,259,3,0,259,0,0,0,1,legacy,0,259
3,limit_below,0,1,0,*,259,3,0,259,0,0,0,1,legacy,0,259
3,limit_below,0,1,1,+,259,3,0,259,0,0,0,1,legacy,0,259
3,limit_below,0,1,1,-,259,3,0,259,0,0,0,1,legacy,0,259
3,limit_below,0,1,1,*,259,3,0,259,0,0,0,1,legacy,0,259
3,limit_below,1,0,0,+,259,3,0,0,259,0,0,1,legacy,0,259
3,limit_below,1,0,0,-,259,3,0,0,259,0,0,1,legacy,0,259
3,limit_below,1,0,0,*,259,3,0,0,259,0,0,1,legacy,0,259
3,limit_below,1,0,1,+,259,3,0,0,259,0,0,1,legacy,0,259
3,limit_below,1,0,1,-,259,3,0,0,259,0,0,1,legacy,0,259
3,limit_below,1,0,1,*,259,3,0,0,259,0,0,1,legacy,0,259
3,limit_below,1,1,0,+,259,3,0,0,259,0,0,1,legacy,0,259
3,limit_below,1,1,0,-,259,3,0,0,259,0,0,1,legacy,0,259
3,limit_below,1,1,0,*,259,3,0,0,259,0,0,1,legacy,0,259
3,limit_below,1,1,1,+,259,3,0,0,259,0,0,1,legacy,0,259
3,limit_below,1,1,1,-,259,3,0,0,259,0,0,1,legacy,0,259
3,limit_below,1,1,1,*,259,3,0,0,259,0,0,1,legacy,0,259
3,cancel,0,0,0,+,259,3,0,259,0,0,0,1,legacy,0,259
3,cancel,0,0,0,-,259,3,0,259,0,0,0,1,legacy,0,259
3,cancel,0,0,0,*,259,3,0,259,0,0,0,1,legacy,0,259
3,cancel,0,0,1,+,259,3,0,259,0,0,0,1,legacy,0,259
3,cancel,0,0,1,-,259,3,0,259,0,0,0,1,legacy,0,259
3,cancel,0,0,1,*,259,3,0,259,0,0,0,1,legacy,0,259
3,cancel,0,1,0,+,259,3,0,259,0,0,0,1,legacy,0,259
3,cancel,0,1,0,-,259,3,0,259,0,0,0,1,legacy,0,259
3,cancel,0,1,0,*,259,3,0,259,0,0,0,1,legacy,0,259
3,cancel,0,1,1,+,259,3,0,259,0,0,0,1,legacy,0,259
3,cancel,0,1,1,-,259,3,0,259,0,0,0,1,legacy,0,259
3,cancel,0,1,1,*,259,3,0,259,0,0,0,1,legacy,0,259
3,cancel,1,0,0,+,259,3,0,0,259,0,0,1,legacy,0,259
3,cancel,1,0,0,-,259,3,0,0,259,0,0,1,legacy,0,259
3,cancel,1,0,0,*,259,3,0,0,259,0,0,1,legacy,0,259
3,cancel,1,0,1,+,259,3,0,0,259,0,0,1,legacy,0,259
3,cancel,1,0,1,-,259,3,0,0,259,0,0,1,legacy,0,259
3,cancel,1,0,1,*,259,3,0,0,259,0,0,1,legacy,0,259
3,cancel,1,1,0,+,259,3,0,0,259,0,0,1,legacy,0,259
3,cancel,1,1,0,-,259,3,0,0,259,0,0,1,legacy,0,259
3,cancel,1,1,0,*,259,3,0,0,259,0,0,1,legacy,0,259
3,cancel,1,1,1,+,259,3,0,0,259,0,0,1,legacy,0,259
3,cancel,1,1,1,-,259,3,0,0,259,0,0,1,legacy,0,259
3,cancel,1,1,1,*,259,3,0,0,259,0,0,1,legacy,0,259
0,ordinary,1,0,0,+,4097,3,0,0,4097,0,0,0,known,4097,0
0,ordinary,1,0,0,-,4097,3,0,0,4097,0,0,0,known,4097,0
0,ordinary,1,0,0,*,4097,3,0,0,4097,0,0,0,known,4097,0
0,ordinary,1,0,1,+,4097,3,0,0,4097,0,0,0,known,4097,0
0,ordinary,1,0,1,-,4097,3,0,0,4097,0,0,0,known,4097,0
0,ordinary,1,0,1,*,4097,3,0,0,4097,0,0,0,known,4097,0
0,ordinary,1,1,0,+,4097,3,0,0,4097,0,0,0,known,4097,0
0,ordinary,1,1,0,-,4097,3,0,0,4097,0,0,0,known,4097,0
0,ordinary,1,1,0,*,4097,3,0,0,4097,0,0,0,known,4097,0
0,ordinary,1,1,1,+,4097,3,0,0,4097,0,0,0,known,4097,0
0,ordinary,1,1,1,-,4097,3,0,0,4097,0,0,0,known,4097,0
0,ordinary,1,1,1,*,4097,3,0,0,4097,0,0,0,known,4097,0
0,ordinary,1,0,0,+,4097,3,0,0,4097,0,0,0,conservative,4097,0
0,ordinary,1,0,0,-,4097,3,0,0,4097,0,0,0,conservative,4097,0
0,ordinary,1,0,0,*,4097,3,0,0,4097,0,0,0,conservative,4097,0
0,ordinary,1,0,1,+,4097,3,0,0,4097,0,0,0,conservative,4097,0
0,ordinary,1,0,1,-,4097,3,0,0,4097,0,0,0,conservative,4097,0
0,ordinary,1,0,1,*,4097,3,0,0,4097,0,0,0,conservative,4097,0
0,ordinary,1,1,0,+,4097,3,0,0,4097,0,0,0,conservative,4097,0
0,ordinary,1,1,0,-,4097,3,0,0,4097,0,0,0,conservative,4097,0
0,ordinary,1,1,0,*,4097,3,0,0,4097,0,0,0,conservative,4097,0
0,ordinary,1,1,1,+,4097,3,0,0,4097,0,0,0,conservative,4097,0
0,ordinary,1,1,1,-,4097,3,0,0,4097,0,0,0,conservative,4097,0
0,ordinary,1,1,1,*,4097,3,0,0,4097,0,0,0,conservative,4097,0
0,ordinary,1,0,0,+,4097,3,0,0,4097,0,0,0,subset,4097,0
0,ordinary,1,0,0,-,4097,3,0,0,4097,0,0,0,subset,4097,0
0,ordinary,1,0,0,*,4097,3,0,0,4097,0,0,0,subset,4097,0
0,ordinary,1,0,1,+,4097,3,0,0,4097,0,0,0,subset,4097,0
0,ordinary,1,0,1,-,4097,3,0,0,4097,0,0,0,subset,4097,0
0,ordinary,1,0,1,*,4097,3,0,0,4097,0,0,0,subset,4097,0
0,ordinary,1,1,0,+,4097,3,0,0,4097,0,0,0,subset,4097,0
0,ordinary,1,1,0,-,4097,3,0,0,4097,0,0,0,subset,4097,0
0,ordinary,1,1,0,*,4097,3,0,0,4097,0,0,0,subset,4097,0
0,ordinary,1,1,1,+,4097,3,0,0,4097,0,0,0,subset,4097,0
0,ordinary,1,1,1,-,4097,3,0,0,4097,0,0,0,subset,4097,0
0,ordinary,1,1,1,*,4097,3,0,0,4097,0,0,0,subset,4097,0
0,ordinary,1,0,0,+,4097,3,0,0,4097,0,0,0,unknown,0,4097
0,ordinary,1,0,0,-,4097,3,0,0,4097,0,0,0,unknown,0,4097
0,ordinary,1,0,0,*,4097,3,0,0,4097,0,0,0,unknown,0,4097
0,ordinary,1,0,1,+,4097,3,0,0,4097,0,0,0,unknown,0,4097
0,ordinary,1,0,1,-,4097,3,0,0,4097,0,0,0,unknown,0,4097
0,ordinary,1,0,1,*,4097,3,0,0,4097,0,0,0,unknown,0,4097
0,ordinary,1,1,0,+,4097,3,0,0,4097,0,0,0,unknown,0,4097
0,ordinary,1,1,0,-,4097,3,0,0,4097,0,0,0,unknown,0,4097
0,ordinary,1,1,0,*,4097,3,0,0,4097,0,0,0,unknown,0,4097
0,ordinary,1,1,1,+,4097,3,0,0,4097,0,0,0,unknown,0,4097
0,ordinary,1,1,1,-,4097,3,0,0,4097,0,0,0,unknown,0,4097
0,ordinary,1,1,1,*,4097,3,0,0,4097,0,0,0,unknown,0,4097
0,ordinary,1,0,0,+,4097,3,0,0,4097,0,0,0,outside,0,4097
0,ordinary,1,0,0,-,4097,3,0,0,4097,0,0,0,outside,0,4097
0,ordinary,1,0,0,*,4097,3,0,0,4097,0,0,0,outside,0,4097
0,ordinary,1,0,1,+,4097,3,0,0,4097,0,0,0,outside,0,4097
0,ordinary,1,0,1,-,4097,3,0,0,4097,0,0,0,outside,0,4097
0,ordinary,1,0,1,*,4097,3,0,0,4097,0,0,0,outside,0,4097
0,ordinary,1,1,0,+,4097,3,0,0,4097,0,0,0,outside,0,4097
0,ordinary,1,1,0,-,4097,3,0,0,4097,0,0,0,outside,0,4097
0,ordinary,1,1,0,*,4097,3,0,0,4097,0,0,0,outside,0,4097
0,ordinary,1,1,1,+,4097,3,0,0,4097,0,0,0,outside,0,4097
0,ordinary,1,1,1,-,4097,3,0,0,4097,0,0,0,outside,0,4097
0,ordinary,1,1,1,*,4097,3,0,0,4097,0,0,0,outside,0,4097
0,sparse,1,0,0,+,4097,3,9,0,4097,0,0,0,known,4097,0
0,sparse,1,0,0,-,4097,3,9,0,4097,0,0,0,known,4097,0
0,sparse,1,0,0,*,4097,3,9,0,4097,0,0,0,known,4097,0
0,sparse,1,0,1,+,4097,3,9,0,4097,0,0,0,known,4097,0
0,sparse,1,0,1,-,4097,3,9,0,4097,0,0,0,known,4097,0
0,sparse,1,0,1,*,4097,3,9,0,4097,0,0,0,known,4097,0
0,sparse,1,1,0,+,4097,3,9,0,4097,0,0,0,known,4097,0
0,sparse,1,1,0,-,4097,3,9,0,4097,0,0,0,known,4097,0
0,sparse,1,1,0,*,4097,3,9,0,4097,0,0,0,known,4097,0
0,sparse,1,1,1,+,4097,3,9,0,4097,0,0,0,known,4097,0
0,sparse,1,1,1,-,4097,3,9,0,4097,0,0,0,known,4097,0
0,sparse,1,1,1,*,4097,3,9,0,4097,0,0,0,known,4097,0
0,tags,1,0,0,+,259,3,121,0,259,0,0,0,known,259,0
0,tags,1,0,0,-,259,3,121,0,259,0,0,0,known,259,0
0,tags,1,0,0,*,259,3,121,0,259,0,0,0,known,259,0
0,tags,1,0,1,+,259,3,121,0,259,0,0,0,known,259,0
0,tags,1,0,1,-,259,3,121,0,259,0,0,0,known,259,0
0,tags,1,0,1,*,259,3,121,0,259,0,0,0,known,259,0
0,tags,1,1,0,+,259,3,121,0,259,0,0,0,known,259,0
0,tags,1,1,0,-,259,3,121,0,259,0,0,0,known,259,0
0,tags,1,1,0,*,259,3,121,0,259,0,0,0,known,259,0
0,tags,1,1,1,+,259,3,121,0,259,0,0,0,known,259,0
0,tags,1,1,1,-,259,3,121,0,259,0,0,0,known,259,0
0,tags,1,1,1,*,259,3,121,0,259,0,0,0,known,259,0
0,tags,1,0,0,+,259,3,121,0,259,0,0,0,conservative,259,0
0,tags,1,0,0,-,259,3,121,0,259,0,0,0,conservative,259,0
0,tags,1,0,0,*,259,3,121,0,259,0,0,0,conservative,259,0
0,tags,1,0,1,+,259,3,121,0,259,0,0,0,conservative,259,0
0,tags,1,0,1,-,259,3,121,0,259,0,0,0,conservative,259,0
0,tags,1,0,1,*,259,3,121,0,259,0,0,0,conservative,259,0
0,tags,1,1,0,+,259,3,121,0,259,0,0,0,conservative,259,0
0,tags,1,1,0,-,259,3,121,0,259,0,0,0,conservative,259,0
0,tags,1,1,0,*,259,3,121,0,259,0,0,0,conservative,259,0
0,tags,1,1,1,+,259,3,121,0,259,0,0,0,conservative,259,0
0,tags,1,1,1,-,259,3,121,0,259,0,0,0,conservative,259,0
0,tags,1,1,1,*,259,3,121,0,259,0,0,0,conservative,259,0
0,tags,1,0,0,+,259,3,121,0,259,0,0,0,subset,259,0
0,tags,1,0,0,-,259,3,121,0,259,0,0,0,subset,259,0
0,tags,1,0,0,*,259,3,121,0,259,0,0,0,subset,259,0
0,tags,1,0,1,+,259,3,121,0,259,0,0,0,subset,259,0
0,tags,1,0,1,-,259,3,121,0,259,0,0,0,subset,259,0
0,tags,1,0,1,*,259,3,121,0,259,0,0,0,subset,259,0
0,tags,1,1,0,+,259,3,121,0,259,0,0,0,subset,259,0
0,tags,1,1,0,-,259,3,121,0,259,0,0,0,subset,259,0
0,tags,1,1,0,*,259,3,121,0,259,0,0,0,subset,259,0
0,tags,1,1,1,+,259,3,121,0,259,0,0,0,subset,259,0
0,tags,1,1,1,-,259,3,121,0,259,0,0,0,subset,259,0
0,tags,1,1,1,*,259,3,121,0,259,0,0,0,subset,259,0
0,tags,1,0,0,+,259,3,121,0,259,0,0,0,unknown,0,259
0,tags,1,0,0,-,259,3,121,0,259,0,0,0,unknown,0,259
0,tags,1,0,0,*,259,3,121,0,259,0,0,0,unknown,0,259
0,tags,1,0,1,+,259,3,121,0,259,0,0,0,unknown,0,259
0,tags,1,0,1,-,259,3,121,0,259,0,0,0,unknown,0,259
0,tags,1,0,1,*,259,3,121,0,259,0,0,0,unknown,0,259
0,tags,1,1,0,+,259,3,121,0,259,0,0,0,unknown,0,259
0,tags,1,1,0,-,259,3,121,0,259,0,0,0,unknown,0,259
0,tags,1,1,0,*,259,3,121,0,259,0,0,0,unknown,0,259
0,tags,1,1,1,+,259,3,121,0,259,0,0,0,unknown,0,259
0,tags,1,1,1,-,259,3,121,0,259,0,0,0,unknown,0,259
0,tags,1,1,1,*,259,3,121,0,259,0,0,0,unknown,0,259
0,tags,1,0,0,+,259,3,121,0,259,0,0,0,outside,0,259
0,tags,1,0,0,-,259,3,121,0,259,0,0,0,outside,0,259
0,tags,1,0,0,*,259,3,121,0,259,0,0,0,outside,0,259
0,tags,1,0,1,+,259,3,121,0,259,0,0,0,outside,0,259
0,tags,1,0,1,-,259,3,121,0,259,0,0,0,outside,0,259
0,tags,1,0,1,*,259,3,121,0,259,0,0,0,outside,0,259
0,tags,1,1,0,+,259,3,121,0,259,0,0,0,outside,0,259
0,tags,1,1,0,-,259,3,121,0,259,0,0,0,outside,0,259
0,tags,1,1,0,*,259,3,121,0,259,0,0,0,outside,0,259
0,tags,1,1,1,+,259,3,121,0,259,0,0,0,outside,0,259
0,tags,1,1,1,-,259,3,121,0,259,0,0,0,outside,0,259
0,tags,1,1,1,*,259,3,121,0,259,0,0,0,outside,0,259
0,cancel,1,0,0,+,259,3,0,0,259,0,0,0,known,259,0
0,cancel,1,0,0,-,259,3,0,0,259,0,0,0,known,259,0
0,cancel,1,0,0,*,259,3,0,0,259,0,0,0,known,259,0
0,cancel,1,0,1,+,259,3,0,0,259,0,0,0,known,259,0
0,cancel,1,0,1,-,259,3,0,0,259,0,0,0,known,259,0
0,cancel,1,0,1,*,259,3,0,0,259,0,0,0,known,259,0
0,cancel,1,1,0,+,259,3,0,0,259,0,0,0,known,259,0
0,cancel,1,1,0,-,259,3,0,0,259,0,0,0,known,259,0
0,cancel,1,1,0,*,259,3,0,0,259,0,0,0,known,259,0
0,cancel,1,1,1,+,259,3,0,0,259,0,0,0,known,259,0
0,cancel,1,1,1,-,259,3,0,0,259,0,0,0,known,259,0
0,cancel,1,1,1,*,259,3,0,0,259,0,0,0,known,259,0
0,ordinary,1,0,0,+,4097,3,0,0,4097,0,0,1,known,4097,0
0,ordinary,1,0,0,-,4097,3,0,0,4097,0,0,1,known,4097,0
0,ordinary,1,0,0,*,4097,3,0,0,4097,0,0,1,known,4097,0
0,ordinary,1,0,1,+,4097,3,0,0,4097,0,0,1,known,4097,0
0,ordinary,1,0,1,-,4097,3,0,0,4097,0,0,1,known,4097,0
0,ordinary,1,0,1,*,4097,3,0,0,4097,0,0,1,known,4097,0
0,ordinary,1,1,0,+,4097,3,0,0,4097,0,0,1,known,4097,0
0,ordinary,1,1,0,-,4097,3,0,0,4097,0,0,1,known,4097,0
0,ordinary,1,1,0,*,4097,3,0,0,4097,0,0,1,known,4097,0
0,ordinary,1,1,1,+,4097,3,0,0,4097,0,0,1,known,4097,0
0,ordinary,1,1,1,-,4097,3,0,0,4097,0,0,1,known,4097,0
0,ordinary,1,1,1,*,4097,3,0,0,4097,0,0,1,known,4097,0
0,ordinary,1,0,0,+,4097,3,0,0,4097,0,0,1,conservative,4097,0
0,ordinary,1,0,0,-,4097,3,0,0,4097,0,0,1,conservative,4097,0
0,ordinary,1,0,0,*,4097,3,0,0,4097,0,0,1,conservative,4097,0
0,ordinary,1,0,1,+,4097,3,0,0,4097,0,0,1,conservative,4097,0
0,ordinary,1,0,1,-,4097,3,0,0,4097,0,0,1,conservative,4097,0
0,ordinary,1,0,1,*,4097,3,0,0,4097,0,0,1,conservative,4097,0
0,ordinary,1,1,0,+,4097,3,0,0,4097,0,0,1,conservative,4097,0
0,ordinary,1,1,0,-,4097,3,0,0,4097,0,0,1,conservative,4097,0
0,ordinary,1,1,0,*,4097,3,0,0,4097,0,0,1,conservative,4097,0
0,ordinary,1,1,1,+,4097,3,0,0,4097,0,0,1,conservative,4097,0
0,ordinary,1,1,1,-,4097,3,0,0,4097,0,0,1,conservative,4097,0
0,ordinary,1,1,1,*,4097,3,0,0,4097,0,0,1,conservative,4097,0
0,ordinary,1,0,0,+,4097,3,0,0,4097,0,0,1,subset,4097,0
0,ordinary,1,0,0,-,4097,3,0,0,4097,0,0,1,subset,4097,0
0,ordinary,1,0,0,*,4097,3,0,0,4097,0,0,1,subset,4097,0
0,ordinary,1,0,1,+,4097,3,0,0,4097,0,0,1,subset,4097,0
0,ordinary,1,0,1,-,4097,3,0,0,4097,0,0,1,subset,4097,0
0,ordinary,1,0,1,*,4097,3,0,0,4097,0,0,1,subset,4097,0
0,ordinary,1,1,0,+,4097,3,0,0,4097,0,0,1,subset,4097,0
0,ordinary,1,1,0,-,4097,3,0,0,4097,0,0,1,subset,4097,0
0,ordinary,1,1,0,*,4097,3,0,0,4097,0,0,1,subset,4097,0
0,ordinary,1,1,1,+,4097,3,0,0,4097,0,0,1,subset,4097,0
0,ordinary,1,1,1,-,4097,3,0,0,4097,0,0,1,subset,4097,0
0,ordinary,1,1,1,*,4097,3,0,0,4097,0,0,1,subset,4097,0
0,ordinary,1,0,0,+,4097,3,0,0,4097,0,0,1,unknown,0,4097
0,ordinary,1,0,0,-,4097,3,0,0,4097,0,0,1,unknown,0,4097
0,ordinary,1,0,0,*,4097,3,0,0,4097,0,0,1,unknown,0,4097
0,ordinary,1,0,1,+,4097,3,0,0,4097,0,0,1,unknown,0,4097
0,ordinary,1,0,1,-,4097,3,0,0,4097,0,0,1,unknown,0,4097
0,ordinary,1,0,1,*,4097,3,0,0,4097,0,0,1,unknown,0,4097
0,ordinary,1,1,0,+,4097,3,0,0,4097,0,0,1,unknown,0,4097
0,ordinary,1,1,0,-,4097,3,0,0,4097,0,0,1,unknown,0,4097
0,ordinary,1,1,0,*,4097,3,0,0,4097,0,0,1,unknown,0,4097
0,ordinary,1,1,1,+,4097,3,0,0,4097,0,0,1,unknown,0,4097
0,ordinary,1,1,1,-,4097,3,0,0,4097,0,0,1,unknown,0,4097
0,ordinary,1,1,1,*,4097,3,0,0,4097,0,0,1,unknown,0,4097
0,ordinary,1,0,0,+,4097,3,0,0,4097,0,0,1,outside,0,4097
0,ordinary,1,0,0,-,4097,3,0,0,4097,0,0,1,outside,0,4097
0,ordinary,1,0,0,*,4097,3,0,0,4097,0,0,1,outside,0,4097
0,ordinary,1,0,1,+,4097,3,0,0,4097,0,0,1,outside,0,4097
0,ordinary,1,0,1,-,4097,3,0,0,4097,0,0,1,outside,0,4097
0,ordinary,1,0,1,*,4097,3,0,0,4097,0,0,1,outside,0,4097
0,ordinary,1,1,0,+,4097,3,0,0,4097,0,0,1,outside,0,4097
0,ordinary,1,1,0,-,4097,3,0,0,4097,0,0,1,outside,0,4097
0,ordinary,1,1,0,*,4097,3,0,0,4097,0,0,1,outside,0,4097
0,ordinary,1,1,1,+,4097,3,0,0,4097,0,0,1,outside,0,4097
0,ordinary,1,1,1,-,4097,3,0,0,4097,0,0,1,outside,0,4097
0,ordinary,1,1,1,*,4097,3,0,0,4097,0,0,1,outside,0,4097
0,sparse,1,0,0,+,4097,3,9,0,4097,0,0,1,known,4097,0
0,sparse,1,0,0,-,4097,3,9,0,4097,0,0,1,known,4097,0
0,sparse,1,0,0,*,4097,3,9,0,4097,0,0,1,known,4097,0
0,sparse,1,0,1,+,4097,3,9,0,4097,0,0,1,known,4097,0
0,sparse,1,0,1,-,4097,3,9,0,4097,0,0,1,known,4097,0
0,sparse,1,0,1,*,4097,3,9,0,4097,0,0,1,known,4097,0
0,sparse,1,1,0,+,4097,3,9,0,4097,0,0,1,known,4097,0
0,sparse,1,1,0,-,4097,3,9,0,4097,0,0,1,known,4097,0
0,sparse,1,1,0,*,4097,3,9,0,4097,0,0,1,known,4097,0
0,sparse,1,1,1,+,4097,3,9,0,4097,0,0,1,known,4097,0
0,sparse,1,1,1,-,4097,3,9,0,4097,0,0,1,known,4097,0
0,sparse,1,1,1,*,4097,3,9,0,4097,0,0,1,known,4097,0
0,tags,1,0,0,+,259,3,121,0,259,0,0,1,known,259,0
0,tags,1,0,0,-,259,3,121,0,259,0,0,1,known,259,0
0,tags,1,0,0,*,259,3,121,0,259,0,0,1,known,259,0
0,tags,1,0,1,+,259,3,121,0,259,0,0,1,known,259,0
0,tags,1,0,1,-,259,3,121,0,259,0,0,1,known,259,0
0,tags,1,0,1,*,259,3,121,0,259,0,0,1,known,259,0
0,tags,1,1,0,+,259,3,121,0,259,0,0,1,known,259,0
0,tags,1,1,0,-,259,3,121,0,259,0,0,1,known,259,0
0,tags,1,1,0,*,259,3,121,0,259,0,0,1,known,259,0
0,tags,1,1,1,+,259,3,121,0,259,0,0,1,known,259,0
0,tags,1,1,1,-,259,3,121,0,259,0,0,1,known,259,0
0,tags,1,1,1,*,259,3,121,0,259,0,0,1,known,259,0
0,tags,1,0,0,+,259,3,121,0,259,0,0,1,conservative,259,0
0,tags,1,0,0,-,259,3,121,0,259,0,0,1,conservative,259,0
0,tags,1,0,0,*,259,3,121,0,259,0,0,1,conservative,259,0
0,tags,1,0,1,+,259,3,121,0,259,0,0,1,conservative,259,0
0,tags,1,0,1,-,259,3,121,0,259,0,0,1,conservative,259,0
0,tags,1,0,1,*,259,3,121,0,259,0,0,1,conservative,259,0
0,tags,1,1,0,+,259,3,121,0,259,0,0,1,conservative,259,0
0,tags,1,1,0,-,259,3,121,0,259,0,0,1,conservative,259,0
0,tags,1,1,0,*,259,3,121,0,259,0,0,1,conservative,259,0
0,tags,1,1,1,+,259,3,121,0,259,0,0,1,conservative,259,0
0,tags,1,1,1,-,259,3,121,0,259,0,0,1,conservative,259,0
0,tags,1,1,1,*,259,3,121,0,259,0,0,1,conservative,259,0
0,tags,1,0,0,+,259,3,121,0,259,0,0,1,subset,259,0
0,tags,1,0,0,-,259,3,121,0,259,0,0,1,subset,259,0
0,tags,1,0,0,*,259,3,121,0,259,0,0,1,subset,259,0
0,tags,1,0,1,+,259,3,121,0,259,0,0,1,subset,259,0
0,tags,1,0,1,-,259,3,121,0,259,0,0,1,subset,259,0
0,tags,1,0,1,*,259,3,121,0,259,0,0,1,subset,259,0
0,tags,1,1,0,+,259,3,121,0,259,0,0,1,subset,259,0
0,tags,1,1,0,-,259,3,121,0,259,0,0,1,subset,259,0
0,tags,1,1,0,*,259,3,121,0,259,0,0,1,subset,259,0
0,tags,1,1,1,+,259,3,121,0,259,0,0,1,subset,259,0
0,tags,1,1,1,-,259,3,121,0,259,0,0,1,subset,259,0
0,tags,1,1,1,*,259,3,121,0,259,0,0,1,subset,259,0
0,tags,1,0,0,+,259,3,121,0,259,0,0,1,unknown,0,259
0,tags,1,0,0,-,259,3,121,0,259,0,0,1,unknown,0,259
0,tags,1,0,0,*,259,3,121,0,259,0,0,1,unknown,0,259
0,tags,1,0,1,+,259,3,121,0,259,0,0,1,unknown,0,259
0,tags,1,0,1,-,259,3,121,0,259,0,0,1,unknown,0,259
0,tags,1,0,1,*,259,3,121,0,259,0,0,1,unknown,0,259
0,tags,1,1,0,+,259,3,121,0,259,0,0,1,unknown,0,259
0,tags,1,1,0,-,259,3,121,0,259,0,0,1,unknown,0,259
0,tags,1,1,0,*,259,3,121,0,259,0,0,1,unknown,0,259
0,tags,1,1,1,+,259,3,121,0,259,0,0,1,unknown,0,259
0,tags,1,1,1,-,259,3,121,0,259,0,0,1,unknown,0,259
0,tags,1,1,1,*,259,3,121,0,259,0,0,1,unknown,0,259
0,tags,1,0,0,+,259,3,121,0,259,0,0,1,outside,0,259
0,tags,1,0,0,-,259,3,121,0,259,0,0,1,outside,0,259
0,tags,1,0,0,*,259,3,121,0,259,0,0,1,outside,0,259
0,tags,1,0,1,+,259,3,121,0,259,0,0,1,outside,0,259
0,tags,1,0,1,-,259,3,121,0,259,0,0,1,outside,0,259
0,tags,1,0,1,*,259,3,121,0,259,0,0,1,outside,0,259
0,tags,1,1,0,+,259,3,121,0,259,0,0,1,outside,0,259
0,tags,1,1,0,-,259,3,121,0,259,0,0,1,outside,0,259
0,tags,1,1,0,*,259,3,121,0,259,0,0,1,outside,0,259
0,tags,1,1,1,+,259,3,121,0,259,0,0,1,outside,0,259
0,tags,1,1,1,-,259,3,121,0,259,0,0,1,outside,0,259
0,tags,1,1,1,*,259,3,121,0,259,0,0,1,outside,0,259
0,cancel,1,0,0,+,259,3,0,0,259,0,0,1,known,259,0
0,cancel,1,0,0,-,259,3,0,0,259,0,0,1,known,259,0
0,cancel,1,0,0,*,259,3,0,0,259,0,0,1,known,259,0
0,cancel,1,0,1,+,259,3,0,0,259,0,0,1,known,259,0
0,cancel,1,0,1,-,259,3,0,0,259,0,0,1,known,259,0
0,cancel,1,0,1,*,259,3,0,0,259,0,0,1,known,259,0
0,cancel,1,1,0,+,259,3,0,0,259,0,0,1,known,259,0
0,cancel,1,1,0,-,259,3,0,0,259,0,0,1,known,259,0
0,cancel,1,1,0,*,259,3,0,0,259,0,0,1,known,259,0
0,cancel,1,1,1,+,259,3,0,0,259,0,0,1,known,259,0
0,cancel,1,1,1,-,259,3,0,0,259,0,0,1,known,259,0
0,cancel,1,1,1,*,259,3,0,0,259,0,0,1,known,259,0
0,ordinary,1,0,0,+,4097,3,0,0,8194,0,0,3,known,4097,0
0,ordinary,1,0,0,-,4097,3,0,0,8194,0,0,3,known,4097,0
0,ordinary,1,0,0,*,4097,3,0,0,8194,0,0,3,known,4097,0
0,ordinary,1,0,1,+,4097,3,0,0,8194,0,0,3,known,4097,0
0,ordinary,1,0,1,-,4097,3,0,0,8194,0,0,3,known,4097,0
0,ordinary,1,0,1,*,4097,3,0,0,8194,0,0,3,known,4097,0
0,ordinary,1,1,0,+,4097,3,0,0,8194,0,0,3,known,4097,0
0,ordinary,1,1,0,-,4097,3,0,0,8194,0,0,3,known,4097,0
0,ordinary,1,1,0,*,4097,3,0,0,8194,0,0,3,known,4097,0
0,ordinary,1,1,1,+,4097,3,0,0,8194,0,0,3,known,4097,0
0,ordinary,1,1,1,-,4097,3,0,0,8194,0,0,3,known,4097,0
0,ordinary,1,1,1,*,4097,3,0,0,8194,0,0,3,known,4097,0
0,ordinary,1,0,0,+,4097,3,0,0,8194,0,0,3,conservative,4097,0
0,ordinary,1,0,0,-,4097,3,0,0,8194,0,0,3,conservative,4097,0
0,ordinary,1,0,0,*,4097,3,0,0,8194,0,0,3,conservative,4097,0
0,ordinary,1,0,1,+,4097,3,0,0,8194,0,0,3,conservative,4097,0
0,ordinary,1,0,1,-,4097,3,0,0,8194,0,0,3,conservative,4097,0
0,ordinary,1,0,1,*,4097,3,0,0,8194,0,0,3,conservative,4097,0
0,ordinary,1,1,0,+,4097,3,0,0,8194,0,0,3,conservative,4097,0
0,ordinary,1,1,0,-,4097,3,0,0,8194,0,0,3,conservative,4097,0
0,ordinary,1,1,0,*,4097,3,0,0,8194,0,0,3,conservative,4097,0
0,ordinary,1,1,1,+,4097,3,0,0,8194,0,0,3,conservative,4097,0
0,ordinary,1,1,1,-,4097,3,0,0,8194,0,0,3,conservative,4097,0
0,ordinary,1,1,1,*,4097,3,0,0,8194,0,0,3,conservative,4097,0
0,ordinary,1,0,0,+,4097,3,0,0,8194,0,0,3,subset,4097,0
0,ordinary,1,0,0,-,4097,3,0,0,8194,0,0,3,subset,4097,0
0,ordinary,1,0,0,*,4097,3,0,0,8194,0,0,3,subset,4097,0
0,ordinary,1,0,1,+,4097,3,0,0,8194,0,0,3,subset,4097,0
0,ordinary,1,0,1,-,4097,3,0,0,8194,0,0,3,subset,4097,0
0,ordinary,1,0,1,*,4097,3,0,0,8194,0,0,3,subset,4097,0
0,ordinary,1,1,0,+,4097,3,0,0,8194,0,0,3,subset,4097,0
0,ordinary,1,1,0,-,4097,3,0,0,8194,0,0,3,subset,4097,0
0,ordinary,1,1,0,*,4097,3,0,0,8194,0,0,3,subset,4097,0
0,ordinary,1,1,1,+,4097,3,0,0,8194,0,0,3,subset,4097,0
0,ordinary,1,1,1,-,4097,3,0,0,8194,0,0,3,subset,4097,0
0,ordinary,1,1,1,*,4097,3,0,0,8194,0,0,3,subset,4097,0
0,ordinary,1,0,0,+,4097,3,0,0,8194,0,0,3,unknown,0,4097
0,ordinary,1,0,0,-,4097,3,0,0,8194,0,0,3,unknown,0,4097
0,ordinary,1,0,0,*,4097,3,0,0,8194,0,0,3,unknown,0,4097
0,ordinary,1,0,1,+,4097,3,0,0,8194,0,0,3,unknown,0,4097
0,ordinary,1,0,1,-,4097,3,0,0,8194,0,0,3,unknown,0,4097
0,ordinary,1,0,1,*,4097,3,0,0,8194,0,0,3,unknown,0,4097
0,ordinary,1,1,0,+,4097,3,0,0,8194,0,0,3,unknown,0,4097
0,ordinary,1,1,0,-,4097,3,0,0,8194,0,0,3,unknown,0,4097
0,ordinary,1,1,0,*,4097,3,0,0,8194,0,0,3,unknown,0,4097
0,ordinary,1,1,1,+,4097,3,0,0,8194,0,0,3,unknown,0,4097
0,ordinary,1,1,1,-,4097,3,0,0,8194,0,0,3,unknown,0,4097
0,ordinary,1,1,1,*,4097,3,0,0,8194,0,0,3,unknown,0,4097
0,ordinary,1,0,0,+,4097,3,0,0,8194,0,0,3,outside,0,4097
0,ordinary,1,0,0,-,4097,3,0,0,8194,0,0,3,outside,0,4097
0,ordinary,1,0,0,*,4097,3,0,0,8194,0,0,3,outside,0,4097
0,ordinary,1,0,1,+,4097,3,0,0,8194,0,0,3,outside,0,4097
0,ordinary,1,0,1,-,4097,3,0,0,8194,0,0,3,outside,0,4097
0,ordinary,1,0,1,*,4097,3,0,0,8194,0,0,3,outside,0,4097
0,ordinary,1,1,0,+,4097,3,0,0,8194,0,0,3,outside,0,4097
0,ordinary,1,1,0,-,4097,3,0,0,8194,0,0,3,outside,0,4097
0,ordinary,1,1,0,*,4097,3,0,0,8194,0,0,3,outside,0,4097
0,ordinary,1,1,1,+,4097,3,0,0,8194,0,0,3,outside,0,4097
0,ordinary,1,1,1,-,4097,3,0,0,8194,0,0,3,outside,0,4097
0,ordinary,1,1,1,*,4097,3,0,0,8194,0,0,3,outside,0,4097
0,sparse,1,0,0,+,4097,3,9,0,8194,0,0,3,known,4097,0
0,sparse,1,0,0,-,4097,3,9,0,8194,0,0,3,known,4097,0
0,sparse,1,0,0,*,4097,3,9,0,8194,0,0,3,known,4097,0
0,sparse,1,0,1,+,4097,3,9,0,8194,0,0,3,known,4097,0
0,sparse,1,0,1,-,4097,3,9,0,8194,0,0,3,known,4097,0
0,sparse,1,0,1,*,4097,3,9,0,8194,0,0,3,known,4097,0
0,sparse,1,1,0,+,4097,3,9,0,8194,0,0,3,known,4097,0
0,sparse,1,1,0,-,4097,3,9,0,8194,0,0,3,known,4097,0
0,sparse,1,1,0,*,4097,3,9,0,8194,0,0,3,known,4097,0
0,sparse,1,1,1,+,4097,3,9,0,8194,0,0,3,known,4097,0
0,sparse,1,1,1,-,4097,3,9,0,8194,0,0,3,known,4097,0
0,sparse,1,1,1,*,4097,3,9,0,8194,0,0,3,known,4097,0
0,tags,1,0,0,+,259,3,121,0,518,0,0,3,known,259,0
0,tags,1,0,0,-,259,3,121,0,518,0,0,3,known,259,0
0,tags,1,0,0,*,259,3,121,0,518,0,0,3,known,259,0
0,tags,1,0,1,+,259,3,121,0,518,0,0,3,known,259,0
0,tags,1,0,1,-,259,3,121,0,518,0,0,3,known,259,0
0,tags,1,0,1,*,259,3,121,0,518,0,0,3,known,259,0
0,tags,1,1,0,+,259,3,121,0,518,0,0,3,known,259,0
0,tags,1,1,0,-,259,3,121,0,518,0,0,3,known,259,0
0,tags,1,1,0,*,259,3,121,0,518,0,0,3,known,259,0
0,tags,1,1,1,+,259,3,121,0,518,0,0,3,known,259,0
0,tags,1,1,1,-,259,3,121,0,518,0,0,3,known,259,0
0,tags,1,1,1,*,259,3,121,0,518,0,0,3,known,259,0
0,tags,1,0,0,+,259,3,121,0,518,0,0,3,conservative,259,0
0,tags,1,0,0,-,259,3,121,0,518,0,0,3,conservative,259,0
0,tags,1,0,0,*,259,3,121,0,518,0,0,3,conservative,259,0
0,tags,1,0,1,+,259,3,121,0,518,0,0,3,conservative,259,0
0,tags,1,0,1,-,259,3,121,0,518,0,0,3,conservative,259,0
0,tags,1,0,1,*,259,3,121,0,518,0,0,3,conservative,259,0
0,tags,1,1,0,+,259,3,121,0,518,0,0,3,conservative,259,0
0,tags,1,1,0,-,259,3,121,0,518,0,0,3,conservative,259,0
0,tags,1,1,0,*,259,3,121,0,518,0,0,3,conservative,259,0
0,tags,1,1,1,+,259,3,121,0,518,0,0,3,conservative,259,0
0,tags,1,1,1,-,259,3,121,0,518,0,0,3,conservative,259,0
0,tags,1,1,1,*,259,3,121,0,518,0,0,3,conservative,259,0
0,tags,1,0,0,+,259,3,121,0,518,0,0,3,subset,259,0
0,tags,1,0,0,-,259,3,121,0,518,0,0,3,subset,259,0
0,tags,1,0,0,*,259,3,121,0,518,0,0,3,subset,259,0
0,tags,1,0,1,+,259,3,121,0,518,0,0,3,subset,259,0
0,tags,1,0,1,-,259,3,121,0,518,0,0,3,subset,259,0
0,tags,1,0,1,*,259,3,121,0,518,0,0,3,subset,259,0
0,tags,1,1,0,+,259,3,121,0,518,0,0,3,subset,259,0
0,tags,1,1,0,-,259,3,121,0,518,0,0,3,subset,259,0
0,tags,1,1,0,*,259,3,121,0,518,0,0,3,subset,259,0
0,tags,1,1,1,+,259,3,121,0,518,0,0,3,subset,259,0
0,tags,1,1,1,-,259,3,121,0,518,0,0,3,subset,259,0
0,tags,1,1,1,*,259,3,121,0,518,0,0,3,subset,259,0
0,tags,1,0,0,+,259,3,121,0,518,0,0,3,unknown,0,259
0,tags,1,0,0,-,259,3,121,0,518,0,0,3,unknown,0,259
0,tags,1,0,0,*,259,3,121,0,518,0,0,3,unknown,0,259
0,tags,1,0,1,+,259,3,121,0,518,0,0,3,unknown,0,259
0,tags,1,0,1,-,259,3,121,0,518,0,0,3,unknown,0,259
0,tags,1,0,1,*,259,3,121,0,518,0,0,3,unknown,0,259
0,tags,1,1,0,+,259,3,121,0,518,0,0,3,unknown,0,259
0,tags,1,1,0,-,259,3,121,0,518,0,0,3,unknown,0,259
0,tags,1,1,0,*,259,3,121,0,518,0,0,3,unknown,0,259
0,tags,1,1,1,+,259,3,121,0,518,0,0,3,unknown,0,259
0,tags,1,1,1,-,259,3,121,0,518,0,0,3,unknown,0,259
0,tags,1,1,1,*,259,3,121,0,518,0,0,3,unknown,0,259
0,tags,1,0,0,+,259,3,121,0,518,0,0,3,outside,0,259
0,tags,1,0,0,-,259,3,121,0,518,0,0,3,outside,0,259
0,tags,1,0,0,*,259,3,121,0,518,0,0,3,outside,0,259
0,tags,1,0,1,+,259,3,121,0,518,0,0,3,outside,0,259
0,tags,1,0,1,-,259,3,121,0,518,0,0,3,outside,0,259
0,tags,1,0,1,*,259,3,121,0,518,0,0,3,outside,0,259
0,tags,1,1,0,+,259,3,121,0,518,0,0,3,outside,0,259
0,tags,1,1,0,-,259,3,121,0,518,0,0,3,outside,0,259
0,tags,1,1,0,*,259,3,121,0,518,0,0,3,outside,0,259
0,tags,1,1,1,+,259,3,121,0,518,0,0,3,outside,0,259
0,tags,1,1,1,-,259,3,121,0,518,0,0,3,outside,0,259
0,tags,1,1,1,*,259,3,121,0,518,0,0,3,outside,0,259
0,cancel,1,0,0,+,259,3,0,0,518,0,0,3,known,259,0
0,cancel,1,0,0,-,259,3,0,0,518,0,0,3,known,259,0
0,cancel,1,0,0,*,259,3,0,0,518,0,0,3,known,259,0
0,cancel,1,0,1,+,259,3,0,0,518,0,0,3,known,259,0
0,cancel,1,0,1,-,259,3,0,0,518,0,0,3,known,259,0
0,cancel,1,0,1,*,259,3,0,0,518,0,0,3,known,259,0
0,cancel,1,1,0,+,259,3,0,0,518,0,0,3,known,259,0
0,cancel,1,1,0,-,259,3,0,0,518,0,0,3,known,259,0
0,cancel,1,1,0,*,259,3,0,0,518,0,0,3,known,259,0
0,cancel,1,1,1,+,259,3,0,0,518,0,0,3,known,259,0
0,cancel,1,1,1,-,259,3,0,0,518,0,0,3,known,259,0
0,cancel,1,1,1,*,259,3,0,0,518,0,0,3,known,259,0
0,limit_above,1,0,0,+,259,3,0,0,259,0,0,1,known,259,0
0,limit_above,1,0,0,-,259,3,0,0,259,0,0,1,known,259,0
0,limit_above,1,0,0,*,259,4,0,518,259,0,0,1,known,0,259
0,limit_above,1,0,1,+,259,3,0,0,259,0,0,1,known,259,0
0,limit_above,1,0,1,-,259,3,0,0,259,0,0,1,known,259,0
0,limit_above,1,0,1,*,259,4,0,518,259,0,0,1,known,0,259
0,limit_above,1,1,0,+,259,3,0,0,259,0,0,1,known,259,0
0,limit_above,1,1,0,-,259,3,0,0,259,0,0,1,known,259,0
0,limit_above,1,1,0,*,259,4,0,518,259,0,0,1,known,0,259
0,limit_above,1,1,1,+,259,3,0,0,259,0,0,1,known,259,0
0,limit_above,1,1,1,-,259,3,0,0,259,0,0,1,known,259,0
0,limit_above,1,1,1,*,259,4,0,518,259,0,0,1,known,0,259
0,limit_above,1,0,0,+,259,3,0,0,259,0,0,1,unknown,0,259
0,limit_above,1,0,0,-,259,3,0,0,259,0,0,1,unknown,0,259
0,limit_above,1,0,0,*,259,4,0,518,259,0,0,1,unknown,0,259
0,limit_above,1,0,1,+,259,3,0,0,259,0,0,1,unknown,0,259
0,limit_above,1,0,1,-,259,3,0,0,259,0,0,1,unknown,0,259
0,limit_above,1,0,1,*,259,4,0,518,259,0,0,1,unknown,0,259
0,limit_above,1,1,0,+,259,3,0,0,259,0,0,1,unknown,0,259
0,limit_above,1,1,0,-,259,3,0,0,259,0,0,1,unknown,0,259
0,limit_above,1,1,0,*,259,4,0,518,259,0,0,1,unknown,0,259
0,limit_above,1,1,1,+,259,3,0,0,259,0,0,1,unknown,0,259
0,limit_above,1,1,1,-,259,3,0,0,259,0,0,1,unknown,0,259
0,limit_above,1,1,1,*,259,4,0,518,259,0,0,1,unknown,0,259
0,limit_below,1,0,0,+,259,3,0,0,259,0,0,1,known,259,0
0,limit_below,1,0,0,-,259,3,0,0,259,0,0,1,known,259,0
0,limit_below,1,0,0,*,259,3,0,259,259,0,0,1,known,0,259
0,limit_below,1,0,1,+,259,3,0,0,259,0,0,1,known,259,0
0,limit_below,1,0,1,-,259,3,0,0,259,0,0,1,known,259,0
0,limit_below,1,0,1,*,259,3,0,259,259,0,0,1,known,0,259
0,limit_below,1,1,0,+,259,3,0,0,259,0,0,1,known,259,0
0,limit_below,1,1,0,-,259,3,0,0,259,0,0,1,known,259,0
0,limit_below,1,1,0,*,259,3,0,259,259,0,0,1,known,0,259
0,limit_below,1,1,1,+,259,3,0,0,259,0,0,1,known,259,0
0,limit_below,1,1,1,-,259,3,0,0,259,0,0,1,known,259,0
0,limit_below,1,1,1,*,259,3,0,259,259,0,0,1,known,0,259
0,limit_below,1,0,0,+,259,3,0,0,259,0,0,1,unknown,0,259
0,limit_below,1,0,0,-,259,3,0,0,259,0,0,1,unknown,0,259
0,limit_below,1,0,0,*,259,3,0,259,259,0,0,1,unknown,0,259
0,limit_below,1,0,1,+,259,3,0,0,259,0,0,1,unknown,0,259
0,limit_below,1,0,1,-,259,3,0,0,259,0,0,1,unknown,0,259
0,limit_below,1,0,1,*,259,3,0,259,259,0,0,1,unknown,0,259
0,limit_below,1,1,0,+,259,3,0,0,259,0,0,1,unknown,0,259
0,limit_below,1,1,0,-,259,3,0,0,259,0,0,1,unknown,0,259
0,limit_below,1,1,0,*,259,3,0,259,259,0,0,1,unknown,0,259
0,limit_below,1,1,1,+,259,3,0,0,259,0,0,1,unknown,0,259
0,limit_below,1,1,1,-,259,3,0,0,259,0,0,1,unknown,0,259
0,limit_below,1,1,1,*,259,3,0,259,259,0,0,1,unknown,0,259
0,physical_min,1,0,0,+,259,3,0,0,259,0,0,1,known,259,0
0,physical_min,1,0,0,-,259,3,0,0,259,0,0,1,known,259,0
0,physical_min,1,0,0,*,259,3,0,0,259,0,0,1,known,259,0
0,physical_min,1,0,1,+,259,3,0,0,259,0,0,1,known,259,0
0,physical_min,1,0,1,-,259,3,0,0,259,0,0,1,known,259,0
0,physical_min,1,0,1,*,259,3,0,0,259,0,0,1,known,259,0
0,physical_min,1,1,0,+,259,3,0,0,259,0,0,1,known,259,0
0,physical_min,1,1,0,-,259,3,0,0,259,0,0,1,known,259,0
0,physical_min,1,1,0,*,259,3,0,0,259,0,0,1,known,259,0
0,physical_min,1,1,1,+,259,3,0,0,259,0,0,1,known,259,0
0,physical_min,1,1,1,-,259,3,0,0,259,0,0,1,known,259,0
0,physical_min,1,1,1,*,259,3,0,0,259,0,0,1,known,259,0
0,physical_min,1,0,0,+,259,3,0,0,259,0,0,1,unknown,0,259
0,physical_min,1,0,0,-,259,3,0,0,259,0,0,1,unknown,0,259
0,physical_min,1,0,0,*,259,3,0,0,259,0,0,1,unknown,0,259
0,physical_min,1,0,1,+,259,3,0,0,259,0,0,1,unknown,0,259
0,physical_min,1,0,1,-,259,3,0,0,259,0,0,1,unknown,0,259
0,physical_min,1,0,1,*,259,3,0,0,259,0,0,1,unknown,0,259
0,physical_min,1,1,0,+,259,3,0,0,259,0,0,1,unknown,0,259
0,physical_min,1,1,0,-,259,3,0,0,259,0,0,1,unknown,0,259
0,physical_min,1,1,0,*,259,3,0,0,259,0,0,1,unknown,0,259
0,physical_min,1,1,1,+,259,3,0,0,259,0,0,1,unknown,0,259
0,physical_min,1,1,1,-,259,3,0,0,259,0,0,1,unknown,0,259
0,physical_min,1,1,1,*,259,3,0,0,259,0,0,1,unknown,0,259
0,endpoint,1,0,0,+,259,3,0,259,259,0,0,1,known,0,259
0,endpoint,1,0,0,-,259,3,0,259,259,0,0,1,known,0,259
0,endpoint,1,0,0,*,259,3,0,259,259,0,0,1,known,0,259
0,endpoint,1,0,1,+,259,3,0,259,259,0,0,1,known,0,259
0,endpoint,1,0,1,-,259,3,0,259,259,0,0,1,known,0,259
0,endpoint,1,0,1,*,259,3,0,259,259,0,0,1,known,0,259
0,endpoint,1,1,0,+,259,3,0,259,259,0,0,1,known,0,259
0,endpoint,1,1,0,-,259,3,0,259,259,0,0,1,known,0,259
0,endpoint,1,1,0,*,259,3,0,259,259,0,0,1,known,0,259
0,endpoint,1,1,1,+,259,3,0,259,259,0,0,1,known,0,259
0,endpoint,1,1,1,-,259,3,0,259,259,0,0,1,known,0,259
0,endpoint,1,1,1,*,259,3,0,259,259,0,0,1,known,0,259
0,endpoint,1,0,0,+,259,3,0,259,259,0,0,1,unknown,0,259
0,endpoint,1,0,0,-,259,3,0,259,259,0,0,1,unknown,0,259
0,endpoint,1,0,0,*,259,3,0,259,259,0,0,1,unknown,0,259
0,endpoint,1,0,1,+,259,3,0,259,259,0,0,1,unknown,0,259
0,endpoint,1,0,1,-,259,3,0,259,259,0,0,1,unknown,0,259
0,endpoint,1,0,1,*,259,3,0,259,259,0,0,1,unknown,0,259
0,endpoint,1,1,0,+,259,3,0,259,259,0,0,1,unknown,0,259
0,endpoint,1,1,0,-,259,3,0,259,259,0,0,1,unknown,0,259
0,endpoint,1,1,0,*,259,3,0,259,259,0,0,1,unknown,0,259
0,endpoint,1,1,1,+,259,3,0,259,259,0,0,1,unknown,0,259
0,endpoint,1,1,1,-,259,3,0,259,259,0,0,1,unknown,0,259
0,endpoint,1,1,1,*,259,3,0,259,259,0,0,1,unknown,0,259
0,sum_inside,1,0,0,+,259,3,0,0,518,0,0,3,known,259,0
0,sum_inside,1,0,0,-,259,3,0,0,518,0,0,3,known,259,0
0,sum_inside,1,0,0,*,259,4,0,518,518,0,0,3,known,0,259
0,sum_inside,1,0,1,+,259,3,0,0,518,0,0,3,known,259,0
0,sum_inside,1,0,1,-,259,3,0,0,518,0,0,3,known,259,0
0,sum_inside,1,0,1,*,259,4,0,518,518,0,0,3,known,0,259
0,sum_inside,1,1,0,+,259,3,0,0,518,0,0,3,known,259,0
0,sum_inside,1,1,0,-,259,3,0,0,518,0,0,3,known,259,0
0,sum_inside,1,1,0,*,259,4,0,518,518,0,0,3,known,0,259
0,sum_inside,1,1,1,+,259,3,0,0,518,0,0,3,known,259,0
0,sum_inside,1,1,1,-,259,3,0,0,518,0,0,3,known,259,0
0,sum_inside,1,1,1,*,259,4,0,518,518,0,0,3,known,0,259
0,sum_inside,1,0,0,+,259,3,0,0,518,0,0,3,unknown,0,259
0,sum_inside,1,0,0,-,259,3,0,0,518,0,0,3,unknown,0,259
0,sum_inside,1,0,0,*,259,4,0,518,518,0,0,3,unknown,0,259
0,sum_inside,1,0,1,+,259,3,0,0,518,0,0,3,unknown,0,259
0,sum_inside,1,0,1,-,259,3,0,0,518,0,0,3,unknown,0,259
0,sum_inside,1,0,1,*,259,4,0,518,518,0,0,3,unknown,0,259
0,sum_inside,1,1,0,+,259,3,0,0,518,0,0,3,unknown,0,259
0,sum_inside,1,1,0,-,259,3,0,0,518,0,0,3,unknown,0,259
0,sum_inside,1,1,0,*,259,4,0,518,518,0,0,3,unknown,0,259
0,sum_inside,1,1,1,+,259,3,0,0,518,0,0,3,unknown,0,259
0,sum_inside,1,1,1,-,259,3,0,0,518,0,0,3,unknown,0,259
0,sum_inside,1,1,1,*,259,4,0,518,518,0,0,3,unknown,0,259
0,product_inside,1,0,0,+,259,3,0,0,518,0,0,3,known,259,0
0,product_inside,1,0,0,-,259,3,0,0,518,0,0,3,known,259,0
0,product_inside,1,0,0,*,259,3,0,0,518,0,0,3,known,259,0
0,product_inside,1,0,1,+,259,3,0,0,518,0,0,3,known,259,0
0,product_inside,1,0,1,-,259,3,0,0,518,0,0,3,known,259,0
0,product_inside,1,0,1,*,259,3,0,0,518,0,0,3,known,259,0
0,product_inside,1,1,0,+,259,3,0,0,518,0,0,3,known,259,0
0,product_inside,1,1,0,-,259,3,0,0,518,0,0,3,known,259,0
0,product_inside,1,1,0,*,259,3,0,0,518,0,0,3,known,259,0
0,product_inside,1,1,1,+,259,3,0,0,518,0,0,3,known,259,0
0,product_inside,1,1,1,-,259,3,0,0,518,0,0,3,known,259,0
0,product_inside,1,1,1,*,259,3,0,0,518,0,0,3,known,259,0
0,product_inside,1,0,0,+,259,3,0,0,518,0,0,3,unknown,0,259
0,product_inside,1,0,0,-,259,3,0,0,518,0,0,3,unknown,0,259
0,product_inside,1,0,0,*,259,3,0,0,518,0,0,3,unknown,0,259
0,product_inside,1,0,1,+,259,3,0,0,518,0,0,3,unknown,0,259
0,product_inside,1,0,1,-,259,3,0,0,518,0,0,3,unknown,0,259
0,product_inside,1,0,1,*,259,3,0,0,518,0,0,3,unknown,0,259
0,product_inside,1,1,0,+,259,3,0,0,518,0,0,3,unknown,0,259
0,product_inside,1,1,0,-,259,3,0,0,518,0,0,3,unknown,0,259
0,product_inside,1,1,0,*,259,3,0,0,518,0,0,3,unknown,0,259
0,product_inside,1,1,1,+,259,3,0,0,518,0,0,3,unknown,0,259
0,product_inside,1,1,1,-,259,3,0,0,518,0,0,3,unknown,0,259
0,product_inside,1,1,1,*,259,3,0,0,518,0,0,3,unknown,0,259
0,product_endpoint,1,0,0,+,259,3,0,0,518,0,0,3,known,259,0
0,product_endpoint,1,0,0,-,259,3,0,0,518,0,0,3,known,259,0
0,product_endpoint,1,0,0,*,259,3,0,518,518,0,0,3,known,0,259
0,product_endpoint,1,0,1,+,259,3,0,0,518,0,0,3,known,259,0
0,product_endpoint,1,0,1,-,259,3,0,0,518,0,0,3,known,259,0
0,product_endpoint,1,0,1,*,259,3,0,518,518,0,0,3,known,0,259
0,product_endpoint,1,1,0,+,259,3,0,0,518,0,0,3,known,259,0
0,product_endpoint,1,1,0,-,259,3,0,0,518,0,0,3,known,259,0
0,product_endpoint,1,1,0,*,259,3,0,518,518,0,0,3,known,0,259
0,product_endpoint,1,1,1,+,259,3,0,0,518,0,0,3,known,259,0
0,product_endpoint,1,1,1,-,259,3,0,0,518,0,0,3,known,259,0
0,product_endpoint,1,1,1,*,259,3,0,518,518,0,0,3,known,0,259
0,product_endpoint,1,0,0,+,259,3,0,0,518,0,0,3,unknown,0,259
0,product_endpoint,1,0,0,-,259,3,0,0,518,0,0,3,unknown,0,259
0,product_endpoint,1,0,0,*,259,3,0,518,518,0,0,3,unknown,0,259
0,product_endpoint,1,0,1,+,259,3,0,0,518,0,0,3,unknown,0,259
0,product_endpoint,1,0,1,-,259,3,0,0,518,0,0,3,unknown,0,259
0,product_endpoint,1,0,1,*,259,3,0,518,518,0,0,3,unknown,0,259
0,product_endpoint,1,1,0,+,259,3,0,0,518,0,0,3,unknown,0,259
0,product_endpoint,1,1,0,-,259,3,0,0,518,0,0,3,unknown,0,259
0,product_endpoint,1,1,0,*,259,3,0,518,518,0,0,3,unknown,0,259
0,product_endpoint,1,1,1,+,259,3,0,0,518,0,0,3,unknown,0,259
0,product_endpoint,1,1,1,-,259,3,0,0,518,0,0,3,unknown,0,259
0,product_endpoint,1,1,1,*,259,3,0,518,518,0,0,3,unknown,0,259
0,product_outside,1,0,0,+,259,3,0,0,518,0,0,3,known,259,0
0,product_outside,1,0,0,-,259,3,0,0,518,0,0,3,known,259,0
0,product_outside,1,0,0,*,259,4,0,518,518,0,0,3,known,0,259
0,product_outside,1,0,1,+,259,3,0,0,518,0,0,3,known,259,0
0,product_outside,1,0,1,-,259,3,0,0,518,0,0,3,known,259,0
0,product_outside,1,0,1,*,259,4,0,518,518,0,0,3,known,0,259
0,product_outside,1,1,0,+,259,3,0,0,518,0,0,3,known,259,0
0,product_outside,1,1,0,-,259,3,0,0,518,0,0,3,known,259,0
0,product_outside,1,1,0,*,259,4,0,518,518,0,0,3,known,0,259
0,product_outside,1,1,1,+,259,3,0,0,518,0,0,3,known,259,0
0,product_outside,1,1,1,-,259,3,0,0,518,0,0,3,known,259,0
0,product_outside,1,1,1,*,259,4,0,518,518,0,0,3,known,0,259
0,product_outside,1,0,0,+,259,3,0,0,518,0,0,3,unknown,0,259
0,product_outside,1,0,0,-,259,3,0,0,518,0,0,3,unknown,0,259
0,product_outside,1,0,0,*,259,4,0,518,518,0,0,3,unknown,0,259
0,product_outside,1,0,1,+,259,3,0,0,518,0,0,3,unknown,0,259
0,product_outside,1,0,1,-,259,3,0,0,518,0,0,3,unknown,0,259
0,product_outside,1,0,1,*,259,4,0,518,518,0,0,3,unknown,0,259
0,product_outside,1,1,0,+,259,3,0,0,518,0,0,3,unknown,0,259
0,product_outside,1,1,0,-,259,3,0,0,518,0,0,3,unknown,0,259
0,product_outside,1,1,0,*,259,4,0,518,518,0,0,3,unknown,0,259
0,product_outside,1,1,1,+,259,3,0,0,518,0,0,3,unknown,0,259
0,product_outside,1,1,1,-,259,3,0,0,518,0,0,3,unknown,0,259
0,product_outside,1,1,1,*,259,4,0,518,518,0,0,3,unknown,0,259
0,endpoint,1,0,0,+,259,3,0,518,518,0,0,3,known,0,259
0,endpoint,1,0,0,-,259,3,0,518,518,0,0,3,known,0,259
0,endpoint,1,0,0,*,259,3,0,518,518,0,0,3,known,0,259
0,endpoint,1,0,1,+,259,3,0,518,518,0,0,3,known,0,259
0,endpoint,1,0,1,-,259,3,0,518,518,0,0,3,known,0,259
0,endpoint,1,0,1,*,259,3,0,518,518,0,0,3,known,0,259
0,endpoint,1,1,0,+,259,3,0,518,518,0,0,3,known,0,259
0,endpoint,1,1,0,-,259,3,0,518,518,0,0,3,known,0,259
0,endpoint,1,1,0,*,259,3,0,518,518,0,0,3,known,0,259
0,endpoint,1,1,1,+,259,3,0,518,518,0,0,3,known,0,259
0,endpoint,1,1,1,-,259,3,0,518,518,0,0,3,known,0,259
0,endpoint,1,1,1,*,259,3,0,518,518,0,0,3,known,0,259
0,endpoint,1,0,0,+,259,3,0,518,518,0,0,3,unknown,0,259
0,endpoint,1,0,0,-,259,3,0,518,518,0,0,3,unknown,0,259
0,endpoint,1,0,0,*,259,3,0,518,518,0,0,3,unknown,0,259
0,endpoint,1,0,1,+,259,3,0,518,518,0,0,3,unknown,0,259
0,endpoint,1,0,1,-,259,3,0,518,518,0,0,3,unknown,0,259
0,endpoint,1,0,1,*,259,3,0,518,518,0,0,3,unknown,0,259
0,endpoint,1,1,0,+,259,3,0,518,518,0,0,3,unknown,0,259
0,endpoint,1,1,0,-,259,3,0,518,518,0,0,3,unknown,0,259
0,endpoint,1,1,0,*,259,3,0,518,518,0,0,3,unknown,0,259
0,endpoint,1,1,1,+,259,3,0,518,518,0,0,3,unknown,0,259
0,endpoint,1,1,1,-,259,3,0,518,518,0,0,3,unknown,0,259
0,endpoint,1,1,1,*,259,3,0,518,518,0,0,3,unknown,0,259
1,ordinary,1,0,0,+,4097,3,0,0,4097,0,0,0,known,4097,0
1,ordinary,1,0,0,-,4097,3,0,0,4097,0,0,0,known,4097,0
1,ordinary,1,0,0,*,4097,3,0,0,4097,0,0,0,known,4097,0
1,ordinary,1,0,1,+,4097,3,0,0,4097,0,0,0,known,4097,0
1,ordinary,1,0,1,-,4097,3,0,0,4097,0,0,0,known,4097,0
1,ordinary,1,0,1,*,4097,3,0,0,4097,0,0,0,known,4097,0
1,ordinary,1,1,0,+,4097,3,0,0,4097,0,0,0,known,4097,0
1,ordinary,1,1,0,-,4097,3,0,0,4097,0,0,0,known,4097,0
1,ordinary,1,1,0,*,4097,3,0,0,4097,0,0,0,known,4097,0
1,ordinary,1,1,1,+,4097,3,0,0,4097,0,0,0,known,4097,0
1,ordinary,1,1,1,-,4097,3,0,0,4097,0,0,0,known,4097,0
1,ordinary,1,1,1,*,4097,3,0,0,4097,0,0,0,known,4097,0
1,ordinary,1,0,0,+,4097,3,0,0,4097,0,0,0,conservative,4097,0
1,ordinary,1,0,0,-,4097,3,0,0,4097,0,0,0,conservative,4097,0
1,ordinary,1,0,0,*,4097,3,0,0,4097,0,0,0,conservative,4097,0
1,ordinary,1,0,1,+,4097,3,0,0,4097,0,0,0,conservative,4097,0
1,ordinary,1,0,1,-,4097,3,0,0,4097,0,0,0,conservative,4097,0
1,ordinary,1,0,1,*,4097,3,0,0,4097,0,0,0,conservative,4097,0
1,ordinary,1,1,0,+,4097,3,0,0,4097,0,0,0,conservative,4097,0
1,ordinary,1,1,0,-,4097,3,0,0,4097,0,0,0,conservative,4097,0
1,ordinary,1,1,0,*,4097,3,0,0,4097,0,0,0,conservative,4097,0
1,ordinary,1,1,1,+,4097,3,0,0,4097,0,0,0,conservative,4097,0
1,ordinary,1,1,1,-,4097,3,0,0,4097,0,0,0,conservative,4097,0
1,ordinary,1,1,1,*,4097,3,0,0,4097,0,0,0,conservative,4097,0
1,ordinary,1,0,0,+,4097,3,0,0,4097,0,0,0,subset,4097,0
1,ordinary,1,0,0,-,4097,3,0,0,4097,0,0,0,subset,4097,0
1,ordinary,1,0,0,*,4097,3,0,0,4097,0,0,0,subset,4097,0
1,ordinary,1,0,1,+,4097,3,0,0,4097,0,0,0,subset,4097,0
1,ordinary,1,0,1,-,4097,3,0,0,4097,0,0,0,subset,4097,0
1,ordinary,1,0,1,*,4097,3,0,0,4097,0,0,0,subset,4097,0
1,ordinary,1,1,0,+,4097,3,0,0,4097,0,0,0,subset,4097,0
1,ordinary,1,1,0,-,4097,3,0,0,4097,0,0,0,subset,4097,0
1,ordinary,1,1,0,*,4097,3,0,0,4097,0,0,0,subset,4097,0
1,ordinary,1,1,1,+,4097,3,0,0,4097,0,0,0,subset,4097,0
1,ordinary,1,1,1,-,4097,3,0,0,4097,0,0,0,subset,4097,0
1,ordinary,1,1,1,*,4097,3,0,0,4097,0,0,0,subset,4097,0
1,ordinary,1,0,0,+,4097,3,0,0,4097,0,0,0,unknown,0,4097
1,ordinary,1,0,0,-,4097,3,0,0,4097,0,0,0,unknown,0,4097
1,ordinary,1,0,0,*,4097,3,0,0,4097,0,0,0,unknown,0,4097
1,ordinary,1,0,1,+,4097,3,0,0,4097,0,0,0,unknown,0,4097
1,ordinary,1,0,1,-,4097,3,0,0,4097,0,0,0,unknown,0,4097
1,ordinary,1,0,1,*,4097,3,0,0,4097,0,0,0,unknown,0,4097
1,ordinary,1,1,0,+,4097,3,0,0,4097,0,0,0,unknown,0,4097
1,ordinary,1,1,0,-,4097,3,0,0,4097,0,0,0,unknown,0,4097
1,ordinary,1,1,0,*,4097,3,0,0,4097,0,0,0,unknown,0,4097
1,ordinary,1,1,1,+,4097,3,0,0,4097,0,0,0,unknown,0,4097
1,ordinary,1,1,1,-,4097,3,0,0,4097,0,0,0,unknown,0,4097
1,ordinary,1,1,1,*,4097,3,0,0,4097,0,0,0,unknown,0,4097
1,ordinary,1,0,0,+,4097,3,0,0,4097,0,0,0,outside,0,4097
1,ordinary,1,0,0,-,4097,3,0,0,4097,0,0,0,outside,0,4097
1,ordinary,1,0,0,*,4097,3,0,0,4097,0,0,0,outside,0,4097
1,ordinary,1,0,1,+,4097,3,0,0,4097,0,0,0,outside,0,4097
1,ordinary,1,0,1,-,4097,3,0,0,4097,0,0,0,outside,0,4097
1,ordinary,1,0,1,*,4097,3,0,0,4097,0,0,0,outside,0,4097
1,ordinary,1,1,0,+,4097,3,0,0,4097,0,0,0,outside,0,4097
1,ordinary,1,1,0,-,4097,3,0,0,4097,0,0,0,outside,0,4097
1,ordinary,1,1,0,*,4097,3,0,0,4097,0,0,0,outside,0,4097
1,ordinary,1,1,1,+,4097,3,0,0,4097,0,0,0,outside,0,4097
1,ordinary,1,1,1,-,4097,3,0,0,4097,0,0,0,outside,0,4097
1,ordinary,1,1,1,*,4097,3,0,0,4097,0,0,0,outside,0,4097
1,sparse,1,0,0,+,4097,3,9,0,4097,0,0,0,known,4097,0
1,sparse,1,0,0,-,4097,3,9,0,4097,0,0,0,known,4097,0
1,sparse,1,0,0,*,4097,3,9,0,4097,0,0,0,known,4097,0
1,sparse,1,0,1,+,4097,3,9,0,4097,0,0,0,known,4097,0
1,sparse,1,0,1,-,4097,3,9,0,4097,0,0,0,known,4097,0
1,sparse,1,0,1,*,4097,3,9,0,4097,0,0,0,known,4097,0
1,sparse,1,1,0,+,4097,3,9,0,4097,0,0,0,known,4097,0
1,sparse,1,1,0,-,4097,3,9,0,4097,0,0,0,known,4097,0
1,sparse,1,1,0,*,4097,3,9,0,4097,0,0,0,known,4097,0
1,sparse,1,1,1,+,4097,3,9,0,4097,0,0,0,known,4097,0
1,sparse,1,1,1,-,4097,3,9,0,4097,0,0,0,known,4097,0
1,sparse,1,1,1,*,4097,3,9,0,4097,0,0,0,known,4097,0
1,tags,1,0,0,+,259,3,121,0,259,0,0,0,known,259,0
1,tags,1,0,0,-,259,3,121,0,259,0,0,0,known,259,0
1,tags,1,0,0,*,259,3,121,0,259,0,0,0,known,259,0
1,tags,1,0,1,+,259,3,121,0,259,0,0,0,known,259,0
1,tags,1,0,1,-,259,3,121,0,259,0,0,0,known,259,0
1,tags,1,0,1,*,259,3,121,0,259,0,0,0,known,259,0
1,tags,1,1,0,+,259,3,121,0,259,0,0,0,known,259,0
1,tags,1,1,0,-,259,3,121,0,259,0,0,0,known,259,0
1,tags,1,1,0,*,259,3,121,0,259,0,0,0,known,259,0
1,tags,1,1,1,+,259,3,121,0,259,0,0,0,known,259,0
1,tags,1,1,1,-,259,3,121,0,259,0,0,0,known,259,0
1,tags,1,1,1,*,259,3,121,0,259,0,0,0,known,259,0
1,tags,1,0,0,+,259,3,121,0,259,0,0,0,conservative,259,0
1,tags,1,0,0,-,259,3,121,0,259,0,0,0,conservative,259,0
1,tags,1,0,0,*,259,3,121,0,259,0,0,0,conservative,259,0
1,tags,1,0,1,+,259,3,121,0,259,0,0,0,conservative,259,0
1,tags,1,0,1,-,259,3,121,0,259,0,0,0,conservative,259,0
1,tags,1,0,1,*,259,3,121,0,259,0,0,0,conservative,259,0
1,tags,1,1,0,+,259,3,121,0,259,0,0,0,conservative,259,0
1,tags,1,1,0,-,259,3,121,0,259,0,0,0,conservative,259,0
1,tags,1,1,0,*,259,3,121,0,259,0,0,0,conservative,259,0
1,tags,1,1,1,+,259,3,121,0,259,0,0,0,conservative,259,0
1,tags,1,1,1,-,259,3,121,0,259,0,0,0,conservative,259,0
1,tags,1,1,1,*,259,3,121,0,259,0,0,0,conservative,259,0
1,tags,1,0,0,+,259,3,121,0,259,0,0,0,subset,259,0
1,tags,1,0,0,-,259,3,121,0,259,0,0,0,subset,259,0
1,tags,1,0,0,*,259,3,121,0,259,0,0,0,subset,259,0
1,tags,1,0,1,+,259,3,121,0,259,0,0,0,subset,259,0
1,tags,1,0,1,-,259,3,121,0,259,0,0,0,subset,259,0
1,tags,1,0,1,*,259,3,121,0,259,0,0,0,subset,259,0
1,tags,1,1,0,+,259,3,121,0,259,0,0,0,subset,259,0
1,tags,1,1,0,-,259,3,121,0,259,0,0,0,subset,259,0
1,tags,1,1,0,*,259,3,121,0,259,0,0,0,subset,259,0
1,tags,1,1,1,+,259,3,121,0,259,0,0,0,subset,259,0
1,tags,1,1,1,-,259,3,121,0,259,0,0,0,subset,259,0
1,tags,1,1,1,*,259,3,121,0,259,0,0,0,subset,259,0
1,tags,1,0,0,+,259,3,121,0,259,0,0,0,unknown,0,259
1,tags,1,0,0,-,259,3,121,0,259,0,0,0,unknown,0,259
1,tags,1,0,0,*,259,3,121,0,259,0,0,0,unknown,0,259
1,tags,1,0,1,+,259,3,121,0,259,0,0,0,unknown,0,259
1,tags,1,0,1,-,259,3,121,0,259,0,0,0,unknown,0,259
1,tags,1,0,1,*,259,3,121,0,259,0,0,0,unknown,0,259
1,tags,1,1,0,+,259,3,121,0,259,0,0,0,unknown,0,259
1,tags,1,1,0,-,259,3,121,0,259,0,0,0,unknown,0,259
1,tags,1,1,0,*,259,3,121,0,259,0,0,0,unknown,0,259
1,tags,1,1,1,+,259,3,121,0,259,0,0,0,unknown,0,259
1,tags,1,1,1,-,259,3,121,0,259,0,0,0,unknown,0,259
1,tags,1,1,1,*,259,3,121,0,259,0,0,0,unknown,0,259
1,tags,1,0,0,+,259,3,121,0,259,0,0,0,outside,0,259
1,tags,1,0,0,-,259,3,121,0,259,0,0,0,outside,0,259
1,tags,1,0,0,*,259,3,121,0,259,0,0,0,outside,0,259
1,tags,1,0,1,+,259,3,121,0,259,0,0,0,outside,0,259
1,tags,1,0,1,-,259,3,121,0,259,0,0,0,outside,0,259
1,tags,1,0,1,*,259,3,121,0,259,0,0,0,outside,0,259
1,tags,1,1,0,+,259,3,121,0,259,0,0,0,outside,0,259
1,tags,1,1,0,-,259,3,121,0,259,0,0,0,outside,0,259
1,tags,1,1,0,*,259,3,121,0,259,0,0,0,outside,0,259
1,tags,1,1,1,+,259,3,121,0,259,0,0,0,outside,0,259
1,tags,1,1,1,-,259,3,121,0,259,0,0,0,outside,0,259
1,tags,1,1,1,*,259,3,121,0,259,0,0,0,outside,0,259
1,cancel,1,0,0,+,259,3,0,0,259,0,0,0,known,259,0
1,cancel,1,0,0,-,259,3,0,0,259,0,0,0,known,259,0
1,cancel,1,0,0,*,259,3,0,0,259,0,0,0,known,259,0
1,cancel,1,0,1,+,259,3,0,0,259,0,0,0,known,259,0
1,cancel,1,0,1,-,259,3,0,0,259,0,0,0,known,259,0
1,cancel,1,0,1,*,259,3,0,0,259,0,0,0,known,259,0
1,cancel,1,1,0,+,259,3,0,0,259,0,0,0,known,259,0
1,cancel,1,1,0,-,259,3,0,0,259,0,0,0,known,259,0
1,cancel,1,1,0,*,259,3,0,0,259,0,0,0,known,259,0
1,cancel,1,1,1,+,259,3,0,0,259,0,0,0,known,259,0
1,cancel,1,1,1,-,259,3,0,0,259,0,0,0,known,259,0
1,cancel,1,1,1,*,259,3,0,0,259,0,0,0,known,259,0
1,ordinary,1,0,0,+,4097,3,0,0,4097,0,0,1,known,4097,0
1,ordinary,1,0,0,-,4097,3,0,0,4097,0,0,1,known,4097,0
1,ordinary,1,0,0,*,4097,3,0,0,4097,0,0,1,known,4097,0
1,ordinary,1,0,1,+,4097,3,0,0,4097,0,0,1,known,4097,0
1,ordinary,1,0,1,-,4097,3,0,0,4097,0,0,1,known,4097,0
1,ordinary,1,0,1,*,4097,3,0,0,4097,0,0,1,known,4097,0
1,ordinary,1,1,0,+,4097,3,0,0,4097,0,0,1,known,4097,0
1,ordinary,1,1,0,-,4097,3,0,0,4097,0,0,1,known,4097,0
1,ordinary,1,1,0,*,4097,3,0,0,4097,0,0,1,known,4097,0
1,ordinary,1,1,1,+,4097,3,0,0,4097,0,0,1,known,4097,0
1,ordinary,1,1,1,-,4097,3,0,0,4097,0,0,1,known,4097,0
1,ordinary,1,1,1,*,4097,3,0,0,4097,0,0,1,known,4097,0
1,ordinary,1,0,0,+,4097,3,0,0,4097,0,0,1,conservative,4097,0
1,ordinary,1,0,0,-,4097,3,0,0,4097,0,0,1,conservative,4097,0
1,ordinary,1,0,0,*,4097,3,0,0,4097,0,0,1,conservative,4097,0
1,ordinary,1,0,1,+,4097,3,0,0,4097,0,0,1,conservative,4097,0
1,ordinary,1,0,1,-,4097,3,0,0,4097,0,0,1,conservative,4097,0
1,ordinary,1,0,1,*,4097,3,0,0,4097,0,0,1,conservative,4097,0
1,ordinary,1,1,0,+,4097,3,0,0,4097,0,0,1,conservative,4097,0
1,ordinary,1,1,0,-,4097,3,0,0,4097,0,0,1,conservative,4097,0
1,ordinary,1,1,0,*,4097,3,0,0,4097,0,0,1,conservative,4097,0
1,ordinary,1,1,1,+,4097,3,0,0,4097,0,0,1,conservative,4097,0
1,ordinary,1,1,1,-,4097,3,0,0,4097,0,0,1,conservative,4097,0
1,ordinary,1,1,1,*,4097,3,0,0,4097,0,0,1,conservative,4097,0
1,ordinary,1,0,0,+,4097,3,0,0,4097,0,0,1,subset,4097,0
1,ordinary,1,0,0,-,4097,3,0,0,4097,0,0,1,subset,4097,0
1,ordinary,1,0,0,*,4097,3,0,0,4097,0,0,1,subset,4097,0
1,ordinary,1,0,1,+,4097,3,0,0,4097,0,0,1,subset,4097,0
1,ordinary,1,0,1,-,4097,3,0,0,4097,0,0,1,subset,4097,0
1,ordinary,1,0,1,*,4097,3,0,0,4097,0,0,1,subset,4097,0
1,ordinary,1,1,0,+,4097,3,0,0,4097,0,0,1,subset,4097,0
1,ordinary,1,1,0,-,4097,3,0,0,4097,0,0,1,subset,4097,0
1,ordinary,1,1,0,*,4097,3,0,0,4097,0,0,1,subset,4097,0
1,ordinary,1,1,1,+,4097,3,0,0,4097,0,0,1,subset,4097,0
1,ordinary,1,1,1,-,4097,3,0,0,4097,0,0,1,subset,4097,0
1,ordinary,1,1,1,*,4097,3,0,0,4097,0,0,1,subset,4097,0
1,ordinary,1,0,0,+,4097,3,0,0,4097,0,0,1,unknown,0,4097
1,ordinary,1,0,0,-,4097,3,0,0,4097,0,0,1,unknown,0,4097
1,ordinary,1,0,0,*,4097,3,0,0,4097,0,0,1,unknown,0,4097
1,ordinary,1,0,1,+,4097,3,0,0,4097,0,0,1,unknown,0,4097
1,ordinary,1,0,1,-,4097,3,0,0,4097,0,0,1,unknown,0,4097
1,ordinary,1,0,1,*,4097,3,0,0,4097,0,0,1,unknown,0,4097
1,ordinary,1,1,0,+,4097,3,0,0,4097,0,0,1,unknown,0,4097
1,ordinary,1,1,0,-,4097,3,0,0,4097,0,0,1,unknown,0,4097
1,ordinary,1,1,0,*,4097,3,0,0,4097,0,0,1,unknown,0,4097
1,ordinary,1,1,1,+,4097,3,0,0,4097,0,0,1,unknown,0,4097
1,ordinary,1,1,1,-,4097,3,0,0,4097,0,0,1,unknown,0,4097
1,ordinary,1,1,1,*,4097,3,0,0,4097,0,0,1,unknown,0,4097
1,ordinary,1,0,0,+,4097,3,0,0,4097,0,0,1,outside,0,4097
1,ordinary,1,0,0,-,4097,3,0,0,4097,0,0,1,outside,0,4097
1,ordinary,1,0,0,*,4097,3,0,0,4097,0,0,1,outside,0,4097
1,ordinary,1,0,1,+,4097,3,0,0,4097,0,0,1,outside,0,4097
1,ordinary,1,0,1,-,4097,3,0,0,4097,0,0,1,outside,0,4097
1,ordinary,1,0,1,*,4097,3,0,0,4097,0,0,1,outside,0,4097
1,ordinary,1,1,0,+,4097,3,0,0,4097,0,0,1,outside,0,4097
1,ordinary,1,1,0,-,4097,3,0,0,4097,0,0,1,outside,0,4097
1,ordinary,1,1,0,*,4097,3,0,0,4097,0,0,1,outside,0,4097
1,ordinary,1,1,1,+,4097,3,0,0,4097,0,0,1,outside,0,4097
1,ordinary,1,1,1,-,4097,3,0,0,4097,0,0,1,outside,0,4097
1,ordinary,1,1,1,*,4097,3,0,0,4097,0,0,1,outside,0,4097
1,sparse,1,0,0,+,4097,3,9,0,4097,0,0,1,known,4097,0
1,sparse,1,0,0,-,4097,3,9,0,4097,0,0,1,known,4097,0
1,sparse,1,0,0,*,4097,3,9,0,4097,0,0,1,known,4097,0
1,sparse,1,0,1,+,4097,3,9,0,4097,0,0,1,known,4097,0
1,sparse,1,0,1,-,4097,3,9,0,4097,0,0,1,known,4097,0
1,sparse,1,0,1,*,4097,3,9,0,4097,0,0,1,known,4097,0
1,sparse,1,1,0,+,4097,3,9,0,4097,0,0,1,known,4097,0
1,sparse,1,1,0,-,4097,3,9,0,4097,0,0,1,known,4097,0
1,sparse,1,1,0,*,4097,3,9,0,4097,0,0,1,known,4097,0
1,sparse,1,1,1,+,4097,3,9,0,4097,0,0,1,known,4097,0
1,sparse,1,1,1,-,4097,3,9,0,4097,0,0,1,known,4097,0
1,sparse,1,1,1,*,4097,3,9,0,4097,0,0,1,known,4097,0
1,tags,1,0,0,+,259,3,121,0,259,0,0,1,known,259,0
1,tags,1,0,0,-,259,3,121,0,259,0,0,1,known,259,0
1,tags,1,0,0,*,259,3,121,0,259,0,0,1,known,259,0
1,tags,1,0,1,+,259,3,121,0,259,0,0,1,known,259,0
1,tags,1,0,1,-,259,3,121,0,259,0,0,1,known,259,0
1,tags,1,0,1,*,259,3,121,0,259,0,0,1,known,259,0
1,tags,1,1,0,+,259,3,121,0,259,0,0,1,known,259,0
1,tags,1,1,0,-,259,3,121,0,259,0,0,1,known,259,0
1,tags,1,1,0,*,259,3,121,0,259,0,0,1,known,259,0
1,tags,1,1,1,+,259,3,121,0,259,0,0,1,known,259,0
1,tags,1,1,1,-,259,3,121,0,259,0,0,1,known,259,0
1,tags,1,1,1,*,259,3,121,0,259,0,0,1,known,259,0
1,tags,1,0,0,+,259,3,121,0,259,0,0,1,conservative,259,0
1,tags,1,0,0,-,259,3,121,0,259,0,0,1,conservative,259,0
1,tags,1,0,0,*,259,3,121,0,259,0,0,1,conservative,259,0
1,tags,1,0,1,+,259,3,121,0,259,0,0,1,conservative,259,0
1,tags,1,0,1,-,259,3,121,0,259,0,0,1,conservative,259,0
1,tags,1,0,1,*,259,3,121,0,259,0,0,1,conservative,259,0
1,tags,1,1,0,+,259,3,121,0,259,0,0,1,conservative,259,0
1,tags,1,1,0,-,259,3,121,0,259,0,0,1,conservative,259,0
1,tags,1,1,0,*,259,3,121,0,259,0,0,1,conservative,259,0
1,tags,1,1,1,+,259,3,121,0,259,0,0,1,conservative,259,0
1,tags,1,1,1,-,259,3,121,0,259,0,0,1,conservative,259,0
1,tags,1,1,1,*,259,3,121,0,259,0,0,1,conservative,259,0
1,tags,1,0,0,+,259,3,121,0,259,0,0,1,subset,259,0
1,tags,1,0,0,-,259,3,121,0,259,0,0,1,subset,259,0
1,tags,1,0,0,*,259,3,121,0,259,0,0,1,subset,259,0
1,tags,1,0,1,+,259,3,121,0,259,0,0,1,subset,259,0
1,tags,1,0,1,-,259,3,121,0,259,0,0,1,subset,259,0
1,tags,1,0,1,*,259,3,121,0,259,0,0,1,subset,259,0
1,tags,1,1,0,+,259,3,121,0,259,0,0,1,subset,259,0
1,tags,1,1,0,-,259,3,121,0,259,0,0,1,subset,259,0
1,tags,1,1,0,*,259,3,121,0,259,0,0,1,subset,259,0
1,tags,1,1,1,+,259,3,121,0,259,0,0,1,subset,259,0
1,tags,1,1,1,-,259,3,121,0,259,0,0,1,subset,259,0
1,tags,1,1,1,*,259,3,121,0,259,0,0,1,subset,259,0
1,tags,1,0,0,+,259,3,121,0,259,0,0,1,unknown,0,259
1,tags,1,0,0,-,259,3,121,0,259,0,0,1,unknown,0,259
1,tags,1,0,0,*,259,3,121,0,259,0,0,1,unknown,0,259
1,tags,1,0,1,+,259,3,121,0,259,0,0,1,unknown,0,259
1,tags,1,0,1,-,259,3,121,0,259,0,0,1,unknown,0,259
1,tags,1,0,1,*,259,3,121,0,259,0,0,1,unknown,0,259
1,tags,1,1,0,+,259,3,121,0,259,0,0,1,unknown,0,259
1,tags,1,1,0,-,259,3,121,0,259,0,0,1,unknown,0,259
1,tags,1,1,0,*,259,3,121,0,259,0,0,1,unknown,0,259
1,tags,1,1,1,+,259,3,121,0,259,0,0,1,unknown,0,259
1,tags,1,1,1,-,259,3,121,0,259,0,0,1,unknown,0,259
1,tags,1,1,1,*,259,3,121,0,259,0,0,1,unknown,0,259
1,tags,1,0,0,+,259,3,121,0,259,0,0,1,outside,0,259
1,tags,1,0,0,-,259,3,121,0,259,0,0,1,outside,0,259
1,tags,1,0,0,*,259,3,121,0,259,0,0,1,outside,0,259
1,tags,1,0,1,+,259,3,121,0,259,0,0,1,outside,0,259
1,tags,1,0,1,-,259,3,121,0,259,0,0,1,outside,0,259
1,tags,1,0,1,*,259,3,121,0,259,0,0,1,outside,0,259
1,tags,1,1,0,+,259,3,121,0,259,0,0,1,outside,0,259
1,tags,1,1,0,-,259,3,121,0,259,0,0,1,outside,0,259
1,tags,1,1,0,*,259,3,121,0,259,0,0,1,outside,0,259
1,tags,1,1,1,+,259,3,121,0,259,0,0,1,outside,0,259
1,tags,1,1,1,-,259,3,121,0,259,0,0,1,outside,0,259
1,tags,1,1,1,*,259,3,121,0,259,0,0,1,outside,0,259
1,cancel,1,0,0,+,259,3,0,0,259,0,0,1,known,259,0
1,cancel,1,0,0,-,259,3,0,0,259,0,0,1,known,259,0
1,cancel,1,0,0,*,259,3,0,0,259,0,0,1,known,259,0
1,cancel,1,0,1,+,259,3,0,0,259,0,0,1,known,259,0
1,cancel,1,0,1,-,259,3,0,0,259,0,0,1,known,259,0
1,cancel,1,0,1,*,259,3,0,0,259,0,0,1,known,259,0
1,cancel,1,1,0,+,259,3,0,0,259,0,0,1,known,259,0
1,cancel,1,1,0,-,259,3,0,0,259,0,0,1,known,259,0
1,cancel,1,1,0,*,259,3,0,0,259,0,0,1,known,259,0
1,cancel,1,1,1,+,259,3,0,0,259,0,0,1,known,259,0
1,cancel,1,1,1,-,259,3,0,0,259,0,0,1,known,259,0
1,cancel,1,1,1,*,259,3,0,0,259,0,0,1,known,259,0
1,ordinary,1,0,0,+,4097,3,0,0,8194,0,0,3,known,4097,0
1,ordinary,1,0,0,-,4097,3,0,0,8194,0,0,3,known,4097,0
1,ordinary,1,0,0,*,4097,3,0,0,8194,0,0,3,known,4097,0
1,ordinary,1,0,1,+,4097,3,0,0,8194,0,0,3,known,4097,0
1,ordinary,1,0,1,-,4097,3,0,0,8194,0,0,3,known,4097,0
1,ordinary,1,0,1,*,4097,3,0,0,8194,0,0,3,known,4097,0
1,ordinary,1,1,0,+,4097,3,0,0,8194,0,0,3,known,4097,0
1,ordinary,1,1,0,-,4097,3,0,0,8194,0,0,3,known,4097,0
1,ordinary,1,1,0,*,4097,3,0,0,8194,0,0,3,known,4097,0
1,ordinary,1,1,1,+,4097,3,0,0,8194,0,0,3,known,4097,0
1,ordinary,1,1,1,-,4097,3,0,0,8194,0,0,3,known,4097,0
1,ordinary,1,1,1,*,4097,3,0,0,8194,0,0,3,known,4097,0
1,ordinary,1,0,0,+,4097,3,0,0,8194,0,0,3,conservative,4097,0
1,ordinary,1,0,0,-,4097,3,0,0,8194,0,0,3,conservative,4097,0
1,ordinary,1,0,0,*,4097,3,0,0,8194,0,0,3,conservative,4097,0
1,ordinary,1,0,1,+,4097,3,0,0,8194,0,0,3,conservative,4097,0
1,ordinary,1,0,1,-,4097,3,0,0,8194,0,0,3,conservative,4097,0
1,ordinary,1,0,1,*,4097,3,0,0,8194,0,0,3,conservative,4097,0
1,ordinary,1,1,0,+,4097,3,0,0,8194,0,0,3,conservative,4097,0
1,ordinary,1,1,0,-,4097,3,0,0,8194,0,0,3,conservative,4097,0
1,ordinary,1,1,0,*,4097,3,0,0,8194,0,0,3,conservative,4097,0
1,ordinary,1,1,1,+,4097,3,0,0,8194,0,0,3,conservative,4097,0
1,ordinary,1,1,1,-,4097,3,0,0,8194,0,0,3,conservative,4097,0
1,ordinary,1,1,1,*,4097,3,0,0,8194,0,0,3,conservative,4097,0
1,ordinary,1,0,0,+,4097,3,0,0,8194,0,0,3,subset,4097,0
1,ordinary,1,0,0,-,4097,3,0,0,8194,0,0,3,subset,4097,0
1,ordinary,1,0,0,*,4097,3,0,0,8194,0,0,3,subset,4097,0
1,ordinary,1,0,1,+,4097,3,0,0,8194,0,0,3,subset,4097,0
1,ordinary,1,0,1,-,4097,3,0,0,8194,0,0,3,subset,4097,0
1,ordinary,1,0,1,*,4097,3,0,0,8194,0,0,3,subset,4097,0
1,ordinary,1,1,0,+,4097,3,0,0,8194,0,0,3,subset,4097,0
1,ordinary,1,1,0,-,4097,3,0,0,8194,0,0,3,subset,4097,0
1,ordinary,1,1,0,*,4097,3,0,0,8194,0,0,3,subset,4097,0
1,ordinary,1,1,1,+,4097,3,0,0,8194,0,0,3,subset,4097,0
1,ordinary,1,1,1,-,4097,3,0,0,8194,0,0,3,subset,4097,0
1,ordinary,1,1,1,*,4097,3,0,0,8194,0,0,3,subset,4097,0
1,ordinary,1,0,0,+,4097,3,0,0,8194,0,0,3,unknown,0,4097
1,ordinary,1,0,0,-,4097,3,0,0,8194,0,0,3,unknown,0,4097
1,ordinary,1,0,0,*,4097,3,0,0,8194,0,0,3,unknown,0,4097
1,ordinary,1,0,1,+,4097,3,0,0,8194,0,0,3,unknown,0,4097
1,ordinary,1,0,1,-,4097,3,0,0,8194,0,0,3,unknown,0,4097
1,ordinary,1,0,1,*,4097,3,0,0,8194,0,0,3,unknown,0,4097
1,ordinary,1,1,0,+,4097,3,0,0,8194,0,0,3,unknown,0,4097
1,ordinary,1,1,0,-,4097,3,0,0,8194,0,0,3,unknown,0,4097
1,ordinary,1,1,0,*,4097,3,0,0,8194,0,0,3,unknown,0,4097
1,ordinary,1,1,1,+,4097,3,0,0,8194,0,0,3,unknown,0,4097
1,ordinary,1,1,1,-,4097,3,0,0,8194,0,0,3,unknown,0,4097
1,ordinary,1,1,1,*,4097,3,0,0,8194,0,0,3,unknown,0,4097
1,ordinary,1,0,0,+,4097,3,0,0,8194,0,0,3,outside,0,4097
1,ordinary,1,0,0,-,4097,3,0,0,8194,0,0,3,outside,0,4097
1,ordinary,1,0,0,*,4097,3,0,0,8194,0,0,3,outside,0,4097
1,ordinary,1,0,1,+,4097,3,0,0,8194,0,0,3,outside,0,4097
1,ordinary,1,0,1,-,4097,3,0,0,8194,0,0,3,outside,0,4097
1,ordinary,1,0,1,*,4097,3,0,0,8194,0,0,3,outside,0,4097
1,ordinary,1,1,0,+,4097,3,0,0,8194,0,0,3,outside,0,4097
1,ordinary,1,1,0,-,4097,3,0,0,8194,0,0,3,outside,0,4097
1,ordinary,1,1,0,*,4097,3,0,0,8194,0,0,3,outside,0,4097
1,ordinary,1,1,1,+,4097,3,0,0,8194,0,0,3,outside,0,4097
1,ordinary,1,1,1,-,4097,3,0,0,8194,0,0,3,outside,0,4097
1,ordinary,1,1,1,*,4097,3,0,0,8194,0,0,3,outside,0,4097
1,sparse,1,0,0,+,4097,3,9,0,8194,0,0,3,known,4097,0
1,sparse,1,0,0,-,4097,3,9,0,8194,0,0,3,known,4097,0
1,sparse,1,0,0,*,4097,3,9,0,8194,0,0,3,known,4097,0
1,sparse,1,0,1,+,4097,3,9,0,8194,0,0,3,known,4097,0
1,sparse,1,0,1,-,4097,3,9,0,8194,0,0,3,known,4097,0
1,sparse,1,0,1,*,4097,3,9,0,8194,0,0,3,known,4097,0
1,sparse,1,1,0,+,4097,3,9,0,8194,0,0,3,known,4097,0
1,sparse,1,1,0,-,4097,3,9,0,8194,0,0,3,known,4097,0
1,sparse,1,1,0,*,4097,3,9,0,8194,0,0,3,known,4097,0
1,sparse,1,1,1,+,4097,3,9,0,8194,0,0,3,known,4097,0
1,sparse,1,1,1,-,4097,3,9,0,8194,0,0,3,known,4097,0
1,sparse,1,1,1,*,4097,3,9,0,8194,0,0,3,known,4097,0
1,tags,1,0,0,+,259,3,121,0,518,0,0,3,known,259,0
1,tags,1,0,0,-,259,3,121,0,518,0,0,3,known,259,0
1,tags,1,0,0,*,259,3,121,0,518,0,0,3,known,259,0
1,tags,1,0,1,+,259,3,121,0,518,0,0,3,known,259,0
1,tags,1,0,1,-,259,3,121,0,518,0,0,3,known,259,0
1,tags,1,0,1,*,259,3,121,0,518,0,0,3,known,259,0
1,tags,1,1,0,+,259,3,121,0,518,0,0,3,known,259,0
1,tags,1,1,0,-,259,3,121,0,518,0,0,3,known,259,0
1,tags,1,1,0,*,259,3,121,0,518,0,0,3,known,259,0
1,tags,1,1,1,+,259,3,121,0,518,0,0,3,known,259,0
1,tags,1,1,1,-,259,3,121,0,518,0,0,3,known,259,0
1,tags,1,1,1,*,259,3,121,0,518,0,0,3,known,259,0
1,tags,1,0,0,+,259,3,121,0,518,0,0,3,conservative,259,0
1,tags,1,0,0,-,259,3,121,0,518,0,0,3,conservative,259,0
1,tags,1,0,0,*,259,3,121,0,518,0,0,3,conservative,259,0
1,tags,1,0,1,+,259,3,121,0,518,0,0,3,conservative,259,0
1,tags,1,0,1,-,259,3,121,0,518,0,0,3,conservative,259,0
1,tags,1,0,1,*,259,3,121,0,518,0,0,3,conservative,259,0
1,tags,1,1,0,+,259,3,121,0,518,0,0,3,conservative,259,0
1,tags,1,1,0,-,259,3,121,0,518,0,0,3,conservative,259,0
1,tags,1,1,0,*,259,3,121,0,518,0,0,3,conservative,259,0
1,tags,1,1,1,+,259,3,121,0,518,0,0,3,conservative,259,0
1,tags,1,1,1,-,259,3,121,0,518,0,0,3,conservative,259,0
1,tags,1,1,1,*,259,3,121,0,518,0,0,3,conservative,259,0
1,tags,1,0,0,+,259,3,121,0,518,0,0,3,subset,259,0
1,tags,1,0,0,-,259,3,121,0,518,0,0,3,subset,259,0
1,tags,1,0,0,*,259,3,121,0,518,0,0,3,subset,259,0
1,tags,1,0,1,+,259,3,121,0,518,0,0,3,subset,259,0
1,tags,1,0,1,-,259,3,121,0,518,0,0,3,subset,259,0
1,tags,1,0,1,*,259,3,121,0,518,0,0,3,subset,259,0
1,tags,1,1,0,+,259,3,121,0,518,0,0,3,subset,259,0
1,tags,1,1,0,-,259,3,121,0,518,0,0,3,subset,259,0
1,tags,1,1,0,*,259,3,121,0,518,0,0,3,subset,259,0
1,tags,1,1,1,+,259,3,121,0,518,0,0,3,subset,259,0
1,tags,1,1,1,-,259,3,121,0,518,0,0,3,subset,259,0
1,tags,1,1,1,*,259,3,121,0,518,0,0,3,subset,259,0
1,tags,1,0,0,+,259,3,121,0,518,0,0,3,unknown,0,259
1,tags,1,0,0,-,259,3,121,0,518,0,0,3,unknown,0,259
1,tags,1,0,0,*,259,3,121,0,518,0,0,3,unknown,0,259
1,tags,1,0,1,+,259,3,121,0,518,0,0,3,unknown,0,259
1,tags,1,0,1,-,259,3,121,0,518,0,0,3,unknown,0,259
1,tags,1,0,1,*,259,3,121,0,518,0,0,3,unknown,0,259
1,tags,1,1,0,+,259,3,121,0,518,0,0,3,unknown,0,259
1,tags,1,1,0,-,259,3,121,0,518,0,0,3,unknown,0,259
1,tags,1,1,0,*,259,3,121,0,518,0,0,3,unknown,0,259
1,tags,1,1,1,+,259,3,121,0,518,0,0,3,unknown,0,259
1,tags,1,1,1,-,259,3,121,0,518,0,0,3,unknown,0,259
1,tags,1,1,1,*,259,3,121,0,518,0,0,3,unknown,0,259
1,tags,1,0,0,+,259,3,121,0,518,0,0,3,outside,0,259
1,tags,1,0,0,-,259,3,121,0,518,0,0,3,outside,0,259
1,tags,1,0,0,*,259,3,121,0,518,0,0,3,outside,0,259
1,tags,1,0,1,+,259,3,121,0,518,0,0,3,outside,0,259
1,tags,1,0,1,-,259,3,121,0,518,0,0,3,outside,0,259
1,tags,1,0,1,*,259,3,121,0,518,0,0,3,outside,0,259
1,tags,1,1,0,+,259,3,121,0,518,0,0,3,outside,0,259
1,tags,1,1,0,-,259,3,121,0,518,0,0,3,outside,0,259
1,tags,1,1,0,*,259,3,121,0,518,0,0,3,outside,0,259
1,tags,1,1,1,+,259,3,121,0,518,0,0,3,outside,0,259
1,tags,1,1,1,-,259,3,121,0,518,0,0,3,outside,0,259
1,tags,1,1,1,*,259,3,121,0,518,0,0,3,outside,0,259
1,cancel,1,0,0,+,259,3,0,0,518,0,0,3,known,259,0
1,cancel,1,0,0,-,259,3,0,0,518,0,0,3,known,259,0
1,cancel,1,0,0,*,259,3,0,0,518,0,0,3,known,259,0
1,cancel,1,0,1,+,259,3,0,0,518,0,0,3,known,259,0
1,cancel,1,0,1,-,259,3,0,0,518,0,0,3,known,259,0
1,cancel,1,0,1,*,259,3,0,0,518,0,0,3,known,259,0
1,cancel,1,1,0,+,259,3,0,0,518,0,0,3,known,259,0
1,cancel,1,1,0,-,259,3,0,0,518,0,0,3,known,259,0
1,cancel,1,1,0,*,259,3,0,0,518,0,0,3,known,259,0
1,cancel,1,1,1,+,259,3,0,0,518,0,0,3,known,259,0
1,cancel,1,1,1,-,259,3,0,0,518,0,0,3,known,259,0
1,cancel,1,1,1,*,259,3,0,0,518,0,0,3,known,259,0
1,limit_above,1,0,0,+,259,3,0,0,259,0,0,1,known,259,0
1,limit_above,1,0,0,-,259,3,0,0,259,0,0,1,known,259,0
1,limit_above,1,0,0,*,259,4,0,518,259,0,0,1,known,0,259
1,limit_above,1,0,1,+,259,3,0,0,259,0,0,1,known,259,0
1,limit_above,1,0,1,-,259,3,0,0,259,0,0,1,known,259,0
1,limit_above,1,0,1,*,259,4,0,518,259,0,0,1,known,0,259
1,limit_above,1,1,0,+,259,3,0,0,259,0,0,1,known,259,0
1,limit_above,1,1,0,-,259,3,0,0,259,0,0,1,known,259,0
1,limit_above,1,1,0,*,259,4,0,518,259,0,0,1,known,0,259
1,limit_above,1,1,1,+,259,3,0,0,259,0,0,1,known,259,0
1,limit_above,1,1,1,-,259,3,0,0,259,0,0,1,known,259,0
1,limit_above,1,1,1,*,259,4,0,518,259,0,0,1,known,0,259
1,limit_above,1,0,0,+,259,3,0,0,259,0,0,1,unknown,0,259
1,limit_above,1,0,0,-,259,3,0,0,259,0,0,1,unknown,0,259
1,limit_above,1,0,0,*,259,4,0,518,259,0,0,1,unknown,0,259
1,limit_above,1,0,1,+,259,3,0,0,259,0,0,1,unknown,0,259
1,limit_above,1,0,1,-,259,3,0,0,259,0,0,1,unknown,0,259
1,limit_above,1,0,1,*,259,4,0,518,259,0,0,1,unknown,0,259
1,limit_above,1,1,0,+,259,3,0,0,259,0,0,1,unknown,0,259
1,limit_above,1,1,0,-,259,3,0,0,259,0,0,1,unknown,0,259
1,limit_above,1,1,0,*,259,4,0,518,259,0,0,1,unknown,0,259
1,limit_above,1,1,1,+,259,3,0,0,259,0,0,1,unknown,0,259
1,limit_above,1,1,1,-,259,3,0,0,259,0,0,1,unknown,0,259
1,limit_above,1,1,1,*,259,4,0,518,259,0,0,1,unknown,0,259
1,limit_below,1,0,0,+,259,3,0,0,259,0,0,1,known,259,0
1,limit_below,1,0,0,-,259,3,0,0,259,0,0,1,known,259,0
1,limit_below,1,0,0,*,259,3,0,0,259,0,0,1,known,0,259
1,limit_below,1,0,1,+,259,3,0,0,259,0,0,1,known,259,0
1,limit_below,1,0,1,-,259,3,0,0,259,0,0,1,known,259,0
1,limit_below,1,0,1,*,259,3,0,0,259,0,0,1,known,0,259
1,limit_below,1,1,0,+,259,3,0,0,259,0,0,1,known,259,0
1,limit_below,1,1,0,-,259,3,0,0,259,0,0,1,known,259,0
1,limit_below,1,1,0,*,259,3,0,0,259,0,0,1,known,0,259
1,limit_below,1,1,1,+,259,3,0,0,259,0,0,1,known,259,0
1,limit_below,1,1,1,-,259,3,0,0,259,0,0,1,known,259,0
1,limit_below,1,1,1,*,259,3,0,0,259,0,0,1,known,0,259
1,limit_below,1,0,0,+,259,3,0,0,259,0,0,1,unknown,0,259
1,limit_below,1,0,0,-,259,3,0,0,259,0,0,1,unknown,0,259
1,limit_below,1,0,0,*,259,3,0,0,259,0,0,1,unknown,0,259
1,limit_below,1,0,1,+,259,3,0,0,259,0,0,1,unknown,0,259
1,limit_below,1,0,1,-,259,3,0,0,259,0,0,1,unknown,0,259
1,limit_below,1,0,1,*,259,3,0,0,259,0,0,1,unknown,0,259
1,limit_below,1,1,0,+,259,3,0,0,259,0,0,1,unknown,0,259
1,limit_below,1,1,0,-,259,3,0,0,259,0,0,1,unknown,0,259
1,limit_below,1,1,0,*,259,3,0,0,259,0,0,1,unknown,0,259
1,limit_below,1,1,1,+,259,3,0,0,259,0,0,1,unknown,0,259
1,limit_below,1,1,1,-,259,3,0,0,259,0,0,1,unknown,0,259
1,limit_below,1,1,1,*,259,3,0,0,259,0,0,1,unknown,0,259
1,physical_min,1,0,0,+,259,3,0,0,259,0,0,1,known,259,0
1,physical_min,1,0,0,-,259,3,0,0,259,0,0,1,known,259,0
1,physical_min,1,0,0,*,259,3,0,0,259,0,0,1,known,259,0
1,physical_min,1,0,1,+,259,3,0,0,259,0,0,1,known,259,0
1,physical_min,1,0,1,-,259,3,0,0,259,0,0,1,known,259,0
1,physical_min,1,0,1,*,259,3,0,0,259,0,0,1,known,259,0
1,physical_min,1,1,0,+,259,3,0,0,259,0,0,1,known,259,0
1,physical_min,1,1,0,-,259,3,0,0,259,0,0,1,known,259,0
1,physical_min,1,1,0,*,259,3,0,0,259,0,0,1,known,259,0
1,physical_min,1,1,1,+,259,3,0,0,259,0,0,1,known,259,0
1,physical_min,1,1,1,-,259,3,0,0,259,0,0,1,known,259,0
1,physical_min,1,1,1,*,259,3,0,0,259,0,0,1,known,259,0
1,physical_min,1,0,0,+,259,3,0,0,259,0,0,1,unknown,0,259
1,physical_min,1,0,0,-,259,3,0,0,259,0,0,1,unknown,0,259
1,physical_min,1,0,0,*,259,3,0,0,259,0,0,1,unknown,0,259
1,physical_min,1,0,1,+,259,3,0,0,259,0,0,1,unknown,0,259
1,physical_min,1,0,1,-,259,3,0,0,259,0,0,1,unknown,0,259
1,physical_min,1,0,1,*,259,3,0,0,259,0,0,1,unknown,0,259
1,physical_min,1,1,0,+,259,3,0,0,259,0,0,1,unknown,0,259
1,physical_min,1,1,0,-,259,3,0,0,259,0,0,1,unknown,0,259
1,physical_min,1,1,0,*,259,3,0,0,259,0,0,1,unknown,0,259
1,physical_min,1,1,1,+,259,3,0,0,259,0,0,1,unknown,0,259
1,physical_min,1,1,1,-,259,3,0,0,259,0,0,1,unknown,0,259
1,physical_min,1,1,1,*,259,3,0,0,259,0,0,1,unknown,0,259
1,endpoint,1,0,0,+,259,3,0,259,259,0,0,1,known,0,259
1,endpoint,1,0,0,-,259,3,0,259,259,0,0,1,known,0,259
1,endpoint,1,0,0,*,259,3,0,259,259,0,0,1,known,0,259
1,endpoint,1,0,1,+,259,3,0,259,259,0,0,1,known,0,259
1,endpoint,1,0,1,-,259,3,0,0,259,0,0,1,known,0,259
1,endpoint,1,0,1,*,259,3,0,259,259,0,0,1,known,0,259
1,endpoint,1,1,0,+,259,3,0,259,259,0,0,1,known,0,259
1,endpoint,1,1,0,-,259,3,0,259,259,0,0,1,known,0,259
1,endpoint,1,1,0,*,259,3,0,259,259,0,0,1,known,0,259
1,endpoint,1,1,1,+,259,3,0,259,259,0,0,1,known,0,259
1,endpoint,1,1,1,-,259,3,0,0,259,0,0,1,known,0,259
1,endpoint,1,1,1,*,259,3,0,259,259,0,0,1,known,0,259
1,endpoint,1,0,0,+,259,3,0,259,259,0,0,1,unknown,0,259
1,endpoint,1,0,0,-,259,3,0,259,259,0,0,1,unknown,0,259
1,endpoint,1,0,0,*,259,3,0,259,259,0,0,1,unknown,0,259
1,endpoint,1,0,1,+,259,3,0,259,259,0,0,1,unknown,0,259
1,endpoint,1,0,1,-,259,3,0,0,259,0,0,1,unknown,0,259
1,endpoint,1,0,1,*,259,3,0,259,259,0,0,1,unknown,0,259
1,endpoint,1,1,0,+,259,3,0,259,259,0,0,1,unknown,0,259
1,endpoint,1,1,0,-,259,3,0,259,259,0,0,1,unknown,0,259
1,endpoint,1,1,0,*,259,3,0,259,259,0,0,1,unknown,0,259
1,endpoint,1,1,1,+,259,3,0,259,259,0,0,1,unknown,0,259
1,endpoint,1,1,1,-,259,3,0,0,259,0,0,1,unknown,0,259
1,endpoint,1,1,1,*,259,3,0,259,259,0,0,1,unknown,0,259
1,sum_inside,1,0,0,+,259,3,0,0,518,0,0,3,known,259,0
1,sum_inside,1,0,0,-,259,3,0,0,518,0,0,3,known,259,0
1,sum_inside,1,0,0,*,259,4,0,518,518,0,0,3,known,0,259
1,sum_inside,1,0,1,+,259,3,0,0,518,0,0,3,known,259,0
1,sum_inside,1,0,1,-,259,3,0,0,518,0,0,3,known,259,0
1,sum_inside,1,0,1,*,259,4,0,518,518,0,0,3,known,0,259
1,sum_inside,1,1,0,+,259,3,0,0,518,0,0,3,known,259,0
1,sum_inside,1,1,0,-,259,3,0,0,518,0,0,3,known,259,0
1,sum_inside,1,1,0,*,259,4,0,518,518,0,0,3,known,0,259
1,sum_inside,1,1,1,+,259,3,0,0,518,0,0,3,known,259,0
1,sum_inside,1,1,1,-,259,3,0,0,518,0,0,3,known,259,0
1,sum_inside,1,1,1,*,259,4,0,518,518,0,0,3,known,0,259
1,sum_inside,1,0,0,+,259,3,0,0,518,0,0,3,unknown,0,259
1,sum_inside,1,0,0,-,259,3,0,0,518,0,0,3,unknown,0,259
1,sum_inside,1,0,0,*,259,4,0,518,518,0,0,3,unknown,0,259
1,sum_inside,1,0,1,+,259,3,0,0,518,0,0,3,unknown,0,259
1,sum_inside,1,0,1,-,259,3,0,0,518,0,0,3,unknown,0,259
1,sum_inside,1,0,1,*,259,4,0,518,518,0,0,3,unknown,0,259
1,sum_inside,1,1,0,+,259,3,0,0,518,0,0,3,unknown,0,259
1,sum_inside,1,1,0,-,259,3,0,0,518,0,0,3,unknown,0,259
1,sum_inside,1,1,0,*,259,4,0,518,518,0,0,3,unknown,0,259
1,sum_inside,1,1,1,+,259,3,0,0,518,0,0,3,unknown,0,259
1,sum_inside,1,1,1,-,259,3,0,0,518,0,0,3,unknown,0,259
1,sum_inside,1,1,1,*,259,4,0,518,518,0,0,3,unknown,0,259
1,product_inside,1,0,0,+,259,3,0,0,518,0,0,3,known,259,0
1,product_inside,1,0,0,-,259,3,0,0,518,0,0,3,known,259,0
1,product_inside,1,0,0,*,259,3,0,0,518,0,0,3,known,259,0
1,product_inside,1,0,1,+,259,3,0,0,518,0,0,3,known,259,0
1,product_inside,1,0,1,-,259,3,0,0,518,0,0,3,known,259,0
1,product_inside,1,0,1,*,259,3,0,0,518,0,0,3,known,259,0
1,product_inside,1,1,0,+,259,3,0,0,518,0,0,3,known,259,0
1,product_inside,1,1,0,-,259,3,0,0,518,0,0,3,known,259,0
1,product_inside,1,1,0,*,259,3,0,0,518,0,0,3,known,259,0
1,product_inside,1,1,1,+,259,3,0,0,518,0,0,3,known,259,0
1,product_inside,1,1,1,-,259,3,0,0,518,0,0,3,known,259,0
1,product_inside,1,1,1,*,259,3,0,0,518,0,0,3,known,259,0
1,product_inside,1,0,0,+,259,3,0,0,518,0,0,3,unknown,0,259
1,product_inside,1,0,0,-,259,3,0,0,518,0,0,3,unknown,0,259
1,product_inside,1,0,0,*,259,3,0,0,518,0,0,3,unknown,0,259
1,product_inside,1,0,1,+,259,3,0,0,518,0,0,3,unknown,0,259
1,product_inside,1,0,1,-,259,3,0,0,518,0,0,3,unknown,0,259
1,product_inside,1,0,1,*,259,3,0,0,518,0,0,3,unknown,0,259
1,product_inside,1,1,0,+,259,3,0,0,518,0,0,3,unknown,0,259
1,product_inside,1,1,0,-,259,3,0,0,518,0,0,3,unknown,0,259
1,product_inside,1,1,0,*,259,3,0,0,518,0,0,3,unknown,0,259
1,product_inside,1,1,1,+,259,3,0,0,518,0,0,3,unknown,0,259
1,product_inside,1,1,1,-,259,3,0,0,518,0,0,3,unknown,0,259
1,product_inside,1,1,1,*,259,3,0,0,518,0,0,3,unknown,0,259
1,product_endpoint,1,0,0,+,259,3,0,0,518,0,0,3,known,259,0
1,product_endpoint,1,0,0,-,259,3,0,0,518,0,0,3,known,259,0
1,product_endpoint,1,0,0,*,259,3,0,518,518,0,0,3,known,0,259
1,product_endpoint,1,0,1,+,259,3,0,0,518,0,0,3,known,259,0
1,product_endpoint,1,0,1,-,259,3,0,0,518,0,0,3,known,259,0
1,product_endpoint,1,0,1,*,259,3,0,518,518,0,0,3,known,0,259
1,product_endpoint,1,1,0,+,259,3,0,0,518,0,0,3,known,259,0
1,product_endpoint,1,1,0,-,259,3,0,0,518,0,0,3,known,259,0
1,product_endpoint,1,1,0,*,259,3,0,518,518,0,0,3,known,0,259
1,product_endpoint,1,1,1,+,259,3,0,0,518,0,0,3,known,259,0
1,product_endpoint,1,1,1,-,259,3,0,0,518,0,0,3,known,259,0
1,product_endpoint,1,1,1,*,259,3,0,518,518,0,0,3,known,0,259
1,product_endpoint,1,0,0,+,259,3,0,0,518,0,0,3,unknown,0,259
1,product_endpoint,1,0,0,-,259,3,0,0,518,0,0,3,unknown,0,259
1,product_endpoint,1,0,0,*,259,3,0,518,518,0,0,3,unknown,0,259
1,product_endpoint,1,0,1,+,259,3,0,0,518,0,0,3,unknown,0,259
1,product_endpoint,1,0,1,-,259,3,0,0,518,0,0,3,unknown,0,259
1,product_endpoint,1,0,1,*,259,3,0,518,518,0,0,3,unknown,0,259
1,product_endpoint,1,1,0,+,259,3,0,0,518,0,0,3,unknown,0,259
1,product_endpoint,1,1,0,-,259,3,0,0,518,0,0,3,unknown,0,259
1,product_endpoint,1,1,0,*,259,3,0,518,518,0,0,3,unknown,0,259
1,product_endpoint,1,1,1,+,259,3,0,0,518,0,0,3,unknown,0,259
1,product_endpoint,1,1,1,-,259,3,0,0,518,0,0,3,unknown,0,259
1,product_endpoint,1,1,1,*,259,3,0,518,518,0,0,3,unknown,0,259
1,product_outside,1,0,0,+,259,3,0,0,518,0,0,3,known,259,0
1,product_outside,1,0,0,-,259,3,0,0,518,0,0,3,known,259,0
1,product_outside,1,0,0,*,259,4,0,518,518,0,0,3,known,0,259
1,product_outside,1,0,1,+,259,3,0,0,518,0,0,3,known,259,0
1,product_outside,1,0,1,-,259,3,0,0,518,0,0,3,known,259,0
1,product_outside,1,0,1,*,259,4,0,518,518,0,0,3,known,0,259
1,product_outside,1,1,0,+,259,3,0,0,518,0,0,3,known,259,0
1,product_outside,1,1,0,-,259,3,0,0,518,0,0,3,known,259,0
1,product_outside,1,1,0,*,259,4,0,518,518,0,0,3,known,0,259
1,product_outside,1,1,1,+,259,3,0,0,518,0,0,3,known,259,0
1,product_outside,1,1,1,-,259,3,0,0,518,0,0,3,known,259,0
1,product_outside,1,1,1,*,259,4,0,518,518,0,0,3,known,0,259
1,product_outside,1,0,0,+,259,3,0,0,518,0,0,3,unknown,0,259
1,product_outside,1,0,0,-,259,3,0,0,518,0,0,3,unknown,0,259
1,product_outside,1,0,0,*,259,4,0,518,518,0,0,3,unknown,0,259
1,product_outside,1,0,1,+,259,3,0,0,518,0,0,3,unknown,0,259
1,product_outside,1,0,1,-,259,3,0,0,518,0,0,3,unknown,0,259
1,product_outside,1,0,1,*,259,4,0,518,518,0,0,3,unknown,0,259
1,product_outside,1,1,0,+,259,3,0,0,518,0,0,3,unknown,0,259
1,product_outside,1,1,0,-,259,3,0,0,518,0,0,3,unknown,0,259
1,product_outside,1,1,0,*,259,4,0,518,518,0,0,3,unknown,0,259
1,product_outside,1,1,1,+,259,3,0,0,518,0,0,3,unknown,0,259
1,product_outside,1,1,1,-,259,3,0,0,518,0,0,3,unknown,0,259
1,product_outside,1,1,1,*,259,4,0,518,518,0,0,3,unknown,0,259
1,endpoint,1,0,0,+,259,3,0,518,518,0,0,3,known,0,259
1,endpoint,1,0,0,-,259,3,0,518,518,0,0,3,known,0,259
1,endpoint,1,0,0,*,259,3,0,518,518,0,0,3,known,0,259
1,endpoint,1,0,1,+,259,3,0,518,518,0,0,3,known,0,259
1,endpoint,1,0,1,-,259,3,0,0,518,0,0,3,known,0,259
1,endpoint,1,0,1,*,259,3,0,518,518,0,0,3,known,0,259
1,endpoint,1,1,0,+,259,3,0,518,518,0,0,3,known,0,259
1,endpoint,1,1,0,-,259,3,0,518,518,0,0,3,known,0,259
1,endpoint,1,1,0,*,259,3,0,518,518,0,0,3,known,0,259
1,endpoint,1,1,1,+,259,3,0,518,518,0,0,3,known,0,259
1,endpoint,1,1,1,-,259,3,0,0,518,0,0,3,known,0,259
1,endpoint,1,1,1,*,259,3,0,518,518,0,0,3,known,0,259
1,endpoint,1,0,0,+,259,3,0,518,518,0,0,3,unknown,0,259
1,endpoint,1,0,0,-,259,3,0,518,518,0,0,3,unknown,0,259
1,endpoint,1,0,0,*,259,3,0,518,518,0,0,3,unknown,0,259
1,endpoint,1,0,1,+,259,3,0,518,518,0,0,3,unknown,0,259
1,endpoint,1,0,1,-,259,3,0,0,518,0,0,3,unknown,0,259
1,endpoint,1,0,1,*,259,3,0,518,518,0,0,3,unknown,0,259
1,endpoint,1,1,0,+,259,3,0,518,518,0,0,3,unknown,0,259
1,endpoint,1,1,0,-,259,3,0,518,518,0,0,3,unknown,0,259
1,endpoint,1,1,0,*,259,3,0,518,518,0,0,3,unknown,0,259
1,endpoint,1,1,1,+,259,3,0,518,518,0,0,3,unknown,0,259
1,endpoint,1,1,1,-,259,3,0,0,518,0,0,3,unknown,0,259
1,endpoint,1,1,1,*,259,3,0,518,518,0,0,3,unknown,0,259
2,ordinary,1,0,0,+,4097,3,0,0,4097,0,0,0,known,4097,0
2,ordinary,1,0,0,-,4097,3,0,0,4097,0,0,0,known,4097,0
2,ordinary,1,0,0,*,4097,3,0,0,4097,0,0,0,known,4097,0
2,ordinary,1,0,1,+,4097,3,0,0,4097,0,0,0,known,4097,0
2,ordinary,1,0,1,-,4097,3,0,0,4097,0,0,0,known,4097,0
2,ordinary,1,0,1,*,4097,3,0,0,4097,0,0,0,known,4097,0
2,ordinary,1,1,0,+,4097,3,0,0,4097,0,0,0,known,4097,0
2,ordinary,1,1,0,-,4097,3,0,0,4097,0,0,0,known,4097,0
2,ordinary,1,1,0,*,4097,3,0,0,4097,0,0,0,known,4097,0
2,ordinary,1,1,1,+,4097,3,0,0,4097,0,0,0,known,4097,0
2,ordinary,1,1,1,-,4097,3,0,0,4097,0,0,0,known,4097,0
2,ordinary,1,1,1,*,4097,3,0,0,4097,0,0,0,known,4097,0
2,ordinary,1,0,0,+,4097,3,0,0,4097,0,0,0,conservative,4097,0
2,ordinary,1,0,0,-,4097,3,0,0,4097,0,0,0,conservative,4097,0
2,ordinary,1,0,0,*,4097,3,0,0,4097,0,0,0,conservative,4097,0
2,ordinary,1,0,1,+,4097,3,0,0,4097,0,0,0,conservative,4097,0
2,ordinary,1,0,1,-,4097,3,0,0,4097,0,0,0,conservative,4097,0
2,ordinary,1,0,1,*,4097,3,0,0,4097,0,0,0,conservative,4097,0
2,ordinary,1,1,0,+,4097,3,0,0,4097,0,0,0,conservative,4097,0
2,ordinary,1,1,0,-,4097,3,0,0,4097,0,0,0,conservative,4097,0
2,ordinary,1,1,0,*,4097,3,0,0,4097,0,0,0,conservative,4097,0
2,ordinary,1,1,1,+,4097,3,0,0,4097,0,0,0,conservative,4097,0
2,ordinary,1,1,1,-,4097,3,0,0,4097,0,0,0,conservative,4097,0
2,ordinary,1,1,1,*,4097,3,0,0,4097,0,0,0,conservative,4097,0
2,ordinary,1,0,0,+,4097,3,0,0,4097,0,0,0,subset,4097,0
2,ordinary,1,0,0,-,4097,3,0,0,4097,0,0,0,subset,4097,0
2,ordinary,1,0,0,*,4097,3,0,0,4097,0,0,0,subset,4097,0
2,ordinary,1,0,1,+,4097,3,0,0,4097,0,0,0,subset,4097,0
2,ordinary,1,0,1,-,4097,3,0,0,4097,0,0,0,subset,4097,0
2,ordinary,1,0,1,*,4097,3,0,0,4097,0,0,0,subset,4097,0
2,ordinary,1,1,0,+,4097,3,0,0,4097,0,0,0,subset,4097,0
2,ordinary,1,1,0,-,4097,3,0,0,4097,0,0,0,subset,4097,0
2,ordinary,1,1,0,*,4097,3,0,0,4097,0,0,0,subset,4097,0
2,ordinary,1,1,1,+,4097,3,0,0,4097,0,0,0,subset,4097,0
2,ordinary,1,1,1,-,4097,3,0,0,4097,0,0,0,subset,4097,0
2,ordinary,1,1,1,*,4097,3,0,0,4097,0,0,0,subset,4097,0
2,ordinary,1,0,0,+,4097,3,0,0,4097,0,0,0,unknown,0,4097
2,ordinary,1,0,0,-,4097,3,0,0,4097,0,0,0,unknown,0,4097
2,ordinary,1,0,0,*,4097,3,0,0,4097,0,0,0,unknown,0,4097
2,ordinary,1,0,1,+,4097,3,0,0,4097,0,0,0,unknown,0,4097
2,ordinary,1,0,1,-,4097,3,0,0,4097,0,0,0,unknown,0,4097
2,ordinary,1,0,1,*,4097,3,0,0,4097,0,0,0,unknown,0,4097
2,ordinary,1,1,0,+,4097,3,0,0,4097,0,0,0,unknown,0,4097
2,ordinary,1,1,0,-,4097,3,0,0,4097,0,0,0,unknown,0,4097
2,ordinary,1,1,0,*,4097,3,0,0,4097,0,0,0,unknown,0,4097
2,ordinary,1,1,1,+,4097,3,0,0,4097,0,0,0,unknown,0,4097
2,ordinary,1,1,1,-,4097,3,0,0,4097,0,0,0,unknown,0,4097
2,ordinary,1,1,1,*,4097,3,0,0,4097,0,0,0,unknown,0,4097
2,ordinary,1,0,0,+,4097,3,0,0,4097,0,0,0,outside,0,4097
2,ordinary,1,0,0,-,4097,3,0,0,4097,0,0,0,outside,0,4097
2,ordinary,1,0,0,*,4097,3,0,0,4097,0,0,0,outside,0,4097
2,ordinary,1,0,1,+,4097,3,0,0,4097,0,0,0,outside,0,4097
2,ordinary,1,0,1,-,4097,3,0,0,4097,0,0,0,outside,0,4097
2,ordinary,1,0,1,*,4097,3,0,0,4097,0,0,0,outside,0,4097
2,ordinary,1,1,0,+,4097,3,0,0,4097,0,0,0,outside,0,4097
2,ordinary,1,1,0,-,4097,3,0,0,4097,0,0,0,outside,0,4097
2,ordinary,1,1,0,*,4097,3,0,0,4097,0,0,0,outside,0,4097
2,ordinary,1,1,1,+,4097,3,0,0,4097,0,0,0,outside,0,4097
2,ordinary,1,1,1,-,4097,3,0,0,4097,0,0,0,outside,0,4097
2,ordinary,1,1,1,*,4097,3,0,0,4097,0,0,0,outside,0,4097
2,sparse,1,0,0,+,4097,3,9,0,4097,0,0,0,known,4097,0
2,sparse,1,0,0,-,4097,3,9,0,4097,0,0,0,known,4097,0
2,sparse,1,0,0,*,4097,3,9,0,4097,0,0,0,known,4097,0
2,sparse,1,0,1,+,4097,3,9,0,4097,0,0,0,known,4097,0
2,sparse,1,0,1,-,4097,3,9,0,4097,0,0,0,known,4097,0
2,sparse,1,0,1,*,4097,3,9,0,4097,0,0,0,known,4097,0
2,sparse,1,1,0,+,4097,3,9,0,4097,0,0,0,known,4097,0
2,sparse,1,1,0,-,4097,3,9,0,4097,0,0,0,known,4097,0
2,sparse,1,1,0,*,4097,3,9,0,4097,0,0,0,known,4097,0
2,sparse,1,1,1,+,4097,3,9,0,4097,0,0,0,known,4097,0
2,sparse,1,1,1,-,4097,3,9,0,4097,0,0,0,known,4097,0
2,sparse,1,1,1,*,4097,3,9,0,4097,0,0,0,known,4097,0
2,tags,1,0,0,+,259,3,121,0,259,0,0,0,known,259,0
2,tags,1,0,0,-,259,3,121,0,259,0,0,0,known,259,0
2,tags,1,0,0,*,259,3,121,0,259,0,0,0,known,259,0
2,tags,1,0,1,+,259,3,121,0,259,0,0,0,known,259,0
2,tags,1,0,1,-,259,3,121,0,259,0,0,0,known,259,0
2,tags,1,0,1,*,259,3,121,0,259,0,0,0,known,259,0
2,tags,1,1,0,+,259,3,121,0,259,0,0,0,known,259,0
2,tags,1,1,0,-,259,3,121,0,259,0,0,0,known,259,0
2,tags,1,1,0,*,259,3,121,0,259,0,0,0,known,259,0
2,tags,1,1,1,+,259,3,121,0,259,0,0,0,known,259,0
2,tags,1,1,1,-,259,3,121,0,259,0,0,0,known,259,0
2,tags,1,1,1,*,259,3,121,0,259,0,0,0,known,259,0
2,tags,1,0,0,+,259,3,121,0,259,0,0,0,conservative,259,0
2,tags,1,0,0,-,259,3,121,0,259,0,0,0,conservative,259,0
2,tags,1,0,0,*,259,3,121,0,259,0,0,0,conservative,259,0
2,tags,1,0,1,+,259,3,121,0,259,0,0,0,conservative,259,0
2,tags,1,0,1,-,259,3,121,0,259,0,0,0,conservative,259,0
2,tags,1,0,1,*,259,3,121,0,259,0,0,0,conservative,259,0
2,tags,1,1,0,+,259,3,121,0,259,0,0,0,conservative,259,0
2,tags,1,1,0,-,259,3,121,0,259,0,0,0,conservative,259,0
2,tags,1,1,0,*,259,3,121,0,259,0,0,0,conservative,259,0
2,tags,1,1,1,+,259,3,121,0,259,0,0,0,conservative,259,0
2,tags,1,1,1,-,259,3,121,0,259,0,0,0,conservative,259,0
2,tags,1,1,1,*,259,3,121,0,259,0,0,0,conservative,259,0
2,tags,1,0,0,+,259,3,121,0,259,0,0,0,subset,259,0
2,tags,1,0,0,-,259,3,121,0,259,0,0,0,subset,259,0
2,tags,1,0,0,*,259,3,121,0,259,0,0,0,subset,259,0
2,tags,1,0,1,+,259,3,121,0,259,0,0,0,subset,259,0
2,tags,1,0,1,-,259,3,121,0,259,0,0,0,subset,259,0
2,tags,1,0,1,*,259,3,121,0,259,0,0,0,subset,259,0
2,tags,1,1,0,+,259,3,121,0,259,0,0,0,subset,259,0
2,tags,1,1,0,-,259,3,121,0,259,0,0,0,subset,259,0
2,tags,1,1,0,*,259,3,121,0,259,0,0,0,subset,259,0
2,tags,1,1,1,+,259,3,121,0,259,0,0,0,subset,259,0
2,tags,1,1,1,-,259,3,121,0,259,0,0,0,subset,259,0
2,tags,1,1,1,*,259,3,121,0,259,0,0,0,subset,259,0
2,tags,1,0,0,+,259,3,121,0,259,0,0,0,unknown,0,259
2,tags,1,0,0,-,259,3,121,0,259,0,0,0,unknown,0,259
2,tags,1,0,0,*,259,3,121,0,259,0,0,0,unknown,0,259
2,tags,1,0,1,+,259,3,121,0,259,0,0,0,unknown,0,259
2,tags,1,0,1,-,259,3,121,0,259,0,0,0,unknown,0,259
2,tags,1,0,1,*,259,3,121,0,259,0,0,0,unknown,0,259
2,tags,1,1,0,+,259,3,121,0,259,0,0,0,unknown,0,259
2,tags,1,1,0,-,259,3,121,0,259,0,0,0,unknown,0,259
2,tags,1,1,0,*,259,3,121,0,259,0,0,0,unknown,0,259
2,tags,1,1,1,+,259,3,121,0,259,0,0,0,unknown,0,259
2,tags,1,1,1,-,259,3,121,0,259,0,0,0,unknown,0,259
2,tags,1,1,1,*,259,3,121,0,259,0,0,0,unknown,0,259
2,tags,1,0,0,+,259,3,121,0,259,0,0,0,outside,0,259
2,tags,1,0,0,-,259,3,121,0,259,0,0,0,outside,0,259
2,tags,1,0,0,*,259,3,121,0,259,0,0,0,outside,0,259
2,tags,1,0,1,+,259,3,121,0,259,0,0,0,outside,0,259
2,tags,1,0,1,-,259,3,121,0,259,0,0,0,outside,0,259
2,tags,1,0,1,*,259,3,121,0,259,0,0,0,outside,0,259
2,tags,1,1,0,+,259,3,121,0,259,0,0,0,outside,0,259
2,tags,1,1,0,-,259,3,121,0,259,0,0,0,outside,0,259
2,tags,1,1,0,*,259,3,121,0,259,0,0,0,outside,0,259
2,tags,1,1,1,+,259,3,121,0,259,0,0,0,outside,0,259
2,tags,1,1,1,-,259,3,121,0,259,0,0,0,outside,0,259
2,tags,1,1,1,*,259,3,121,0,259,0,0,0,outside,0,259
2,cancel,1,0,0,+,259,3,0,0,259,0,0,0,known,259,0
2,cancel,1,0,0,-,259,3,0,0,259,0,0,0,known,259,0
2,cancel,1,0,0,*,259,3,0,0,259,0,0,0,known,259,0
2,cancel,1,0,1,+,259,3,0,0,259,0,0,0,known,259,0
2,cancel,1,0,1,-,259,3,0,0,259,0,0,0,known,259,0
2,cancel,1,0,1,*,259,3,0,0,259,0,0,0,known,259,0
2,cancel,1,1,0,+,259,3,0,0,259,0,0,0,known,259,0
2,cancel,1,1,0,-,259,3,0,0,259,0,0,0,known,259,0
2,cancel,1,1,0,*,259,3,0,0,259,0,0,0,known,259,0
2,cancel,1,1,1,+,259,3,0,0,259,0,0,0,known,259,0
2,cancel,1,1,1,-,259,3,0,0,259,0,0,0,known,259,0
2,cancel,1,1,1,*,259,3,0,0,259,0,0,0,known,259,0
2,ordinary,1,0,0,+,4097,3,0,0,4097,0,0,1,known,4097,0
2,ordinary,1,0,0,-,4097,3,0,0,4097,0,0,1,known,4097,0
2,ordinary,1,0,0,*,4097,3,0,0,4097,0,0,1,known,4097,0
2,ordinary,1,0,1,+,4097,3,0,0,4097,0,0,1,known,4097,0
2,ordinary,1,0,1,-,4097,3,0,0,4097,0,0,1,known,4097,0
2,ordinary,1,0,1,*,4097,3,0,0,4097,0,0,1,known,4097,0
2,ordinary,1,1,0,+,4097,3,0,0,4097,0,0,1,known,4097,0
2,ordinary,1,1,0,-,4097,3,0,0,4097,0,0,1,known,4097,0
2,ordinary,1,1,0,*,4097,3,0,0,4097,0,0,1,known,4097,0
2,ordinary,1,1,1,+,4097,3,0,0,4097,0,0,1,known,4097,0
2,ordinary,1,1,1,-,4097,3,0,0,4097,0,0,1,known,4097,0
2,ordinary,1,1,1,*,4097,3,0,0,4097,0,0,1,known,4097,0
2,ordinary,1,0,0,+,4097,3,0,0,4097,0,0,1,conservative,4097,0
2,ordinary,1,0,0,-,4097,3,0,0,4097,0,0,1,conservative,4097,0
2,ordinary,1,0,0,*,4097,3,0,0,4097,0,0,1,conservative,4097,0
2,ordinary,1,0,1,+,4097,3,0,0,4097,0,0,1,conservative,4097,0
2,ordinary,1,0,1,-,4097,3,0,0,4097,0,0,1,conservative,4097,0
2,ordinary,1,0,1,*,4097,3,0,0,4097,0,0,1,conservative,4097,0
2,ordinary,1,1,0,+,4097,3,0,0,4097,0,0,1,conservative,4097,0
2,ordinary,1,1,0,-,4097,3,0,0,4097,0,0,1,conservative,4097,0
2,ordinary,1,1,0,*,4097,3,0,0,4097,0,0,1,conservative,4097,0
2,ordinary,1,1,1,+,4097,3,0,0,4097,0,0,1,conservative,4097,0
2,ordinary,1,1,1,-,4097,3,0,0,4097,0,0,1,conservative,4097,0
2,ordinary,1,1,1,*,4097,3,0,0,4097,0,0,1,conservative,4097,0
2,ordinary,1,0,0,+,4097,3,0,0,4097,0,0,1,subset,4097,0
2,ordinary,1,0,0,-,4097,3,0,0,4097,0,0,1,subset,4097,0
2,ordinary,1,0,0,*,4097,3,0,0,4097,0,0,1,subset,4097,0
2,ordinary,1,0,1,+,4097,3,0,0,4097,0,0,1,subset,4097,0
2,ordinary,1,0,1,-,4097,3,0,0,4097,0,0,1,subset,4097,0
2,ordinary,1,0,1,*,4097,3,0,0,4097,0,0,1,subset,4097,0
2,ordinary,1,1,0,+,4097,3,0,0,4097,0,0,1,subset,4097,0
2,ordinary,1,1,0,-,4097,3,0,0,4097,0,0,1,subset,4097,0
2,ordinary,1,1,0,*,4097,3,0,0,4097,0,0,1,subset,4097,0
2,ordinary,1,1,1,+,4097,3,0,0,4097,0,0,1,subset,4097,0
2,ordinary,1,1,1,-,4097,3,0,0,4097,0,0,1,subset,4097,0
2,ordinary,1,1,1,*,4097,3,0,0,4097,0,0,1,subset,4097,0
2,ordinary,1,0,0,+,4097,3,0,0,4097,0,0,1,unknown,0,4097
2,ordinary,1,0,0,-,4097,3,0,0,4097,0,0,1,unknown,0,4097
2,ordinary,1,0,0,*,4097,3,0,0,4097,0,0,1,unknown,0,4097
2,ordinary,1,0,1,+,4097,3,0,0,4097,0,0,1,unknown,0,4097
2,ordinary,1,0,1,-,4097,3,0,0,4097,0,0,1,unknown,0,4097
2,ordinary,1,0,1,*,4097,3,0,0,4097,0,0,1,unknown,0,4097
2,ordinary,1,1,0,+,4097,3,0,0,4097,0,0,1,unknown,0,4097
2,ordinary,1,1,0,-,4097,3,0,0,4097,0,0,1,unknown,0,4097
2,ordinary,1,1,0,*,4097,3,0,0,4097,0,0,1,unknown,0,4097
2,ordinary,1,1,1,+,4097,3,0,0,4097,0,0,1,unknown,0,4097
2,ordinary,1,1,1,-,4097,3,0,0,4097,0,0,1,unknown,0,4097
2,ordinary,1,1,1,*,4097,3,0,0,4097,0,0,1,unknown,0,4097
2,ordinary,1,0,0,+,4097,3,0,0,4097,0,0,1,outside,0,4097
2,ordinary,1,0,0,-,4097,3,0,0,4097,0,0,1,outside,0,4097
2,ordinary,1,0,0,*,4097,3,0,0,4097,0,0,1,outside,0,4097
2,ordinary,1,0,1,+,4097,3,0,0,4097,0,0,1,outside,0,4097
2,ordinary,1,0,1,-,4097,3,0,0,4097,0,0,1,outside,0,4097
2,ordinary,1,0,1,*,4097,3,0,0,4097,0,0,1,outside,0,4097
2,ordinary,1,1,0,+,4097,3,0,0,4097,0,0,1,outside,0,4097
2,ordinary,1,1,0,-,4097,3,0,0,4097,0,0,1,outside,0,4097
2,ordinary,1,1,0,*,4097,3,0,0,4097,0,0,1,outside,0,4097
2,ordinary,1,1,1,+,4097,3,0,0,4097,0,0,1,outside,0,4097
2,ordinary,1,1,1,-,4097,3,0,0,4097,0,0,1,outside,0,4097
2,ordinary,1,1,1,*,4097,3,0,0,4097,0,0,1,outside,0,4097
2,sparse,1,0,0,+,4097,3,9,0,4097,0,0,1,known,4097,0
2,sparse,1,0,0,-,4097,3,9,0,4097,0,0,1,known,4097,0
2,sparse,1,0,0,*,4097,3,9,0,4097,0,0,1,known,4097,0
2,sparse,1,0,1,+,4097,3,9,0,4097,0,0,1,known,4097,0
2,sparse,1,0,1,-,4097,3,9,0,4097,0,0,1,known,4097,0
2,sparse,1,0,1,*,4097,3,9,0,4097,0,0,1,known,4097,0
2,sparse,1,1,0,+,4097,3,9,0,4097,0,0,1,known,4097,0
2,sparse,1,1,0,-,4097,3,9,0,4097,0,0,1,known,4097,0
2,sparse,1,1,0,*,4097,3,9,0,4097,0,0,1,known,4097,0
2,sparse,1,1,1,+,4097,3,9,0,4097,0,0,1,known,4097,0
2,sparse,1,1,1,-,4097,3,9,0,4097,0,0,1,known,4097,0
2,sparse,1,1,1,*,4097,3,9,0,4097,0,0,1,known,4097,0
2,tags,1,0,0,+,259,3,121,0,259,0,0,1,known,259,0
2,tags,1,0,0,-,259,3,121,0,259,0,0,1,known,259,0
2,tags,1,0,0,*,259,3,121,0,259,0,0,1,known,259,0
2,tags,1,0,1,+,259,3,121,0,259,0,0,1,known,259,0
2,tags,1,0,1,-,259,3,121,0,259,0,0,1,known,259,0
2,tags,1,0,1,*,259,3,121,0,259,0,0,1,known,259,0
2,tags,1,1,0,+,259,3,121,0,259,0,0,1,known,259,0
2,tags,1,1,0,-,259,3,121,0,259,0,0,1,known,259,0
2,tags,1,1,0,*,259,3,121,0,259,0,0,1,known,259,0
2,tags,1,1,1,+,259,3,121,0,259,0,0,1,known,259,0
2,tags,1,1,1,-,259,3,121,0,259,0,0,1,known,259,0
2,tags,1,1,1,*,259,3,121,0,259,0,0,1,known,259,0
2,tags,1,0,0,+,259,3,121,0,259,0,0,1,conservative,259,0
2,tags,1,0,0,-,259,3,121,0,259,0,0,1,conservative,259,0
2,tags,1,0,0,*,259,3,121,0,259,0,0,1,conservative,259,0
2,tags,1,0,1,+,259,3,121,0,259,0,0,1,conservative,259,0
2,tags,1,0,1,-,259,3,121,0,259,0,0,1,conservative,259,0
2,tags,1,0,1,*,259,3,121,0,259,0,0,1,conservative,259,0
2,tags,1,1,0,+,259,3,121,0,259,0,0,1,conservative,259,0
2,tags,1,1,0,-,259,3,121,0,259,0,0,1,conservative,259,0
2,tags,1,1,0,*,259,3,121,0,259,0,0,1,conservative,259,0
2,tags,1,1,1,+,259,3,121,0,259,0,0,1,conservative,259,0
2,tags,1,1,1,-,259,3,121,0,259,0,0,1,conservative,259,0
2,tags,1,1,1,*,259,3,121,0,259,0,0,1,conservative,259,0
2,tags,1,0,0,+,259,3,121,0,259,0,0,1,subset,259,0
2,tags,1,0,0,-,259,3,121,0,259,0,0,1,subset,259,0
2,tags,1,0,0,*,259,3,121,0,259,0,0,1,subset,259,0
2,tags,1,0,1,+,259,3,121,0,259,0,0,1,subset,259,0
2,tags,1,0,1,-,259,3,121,0,259,0,0,1,subset,259,0
2,tags,1,0,1,*,259,3,121,0,259,0,0,1,subset,259,0
2,tags,1,1,0,+,259,3,121,0,259,0,0,1,subset,259,0
2,tags,1,1,0,-,259,3,121,0,259,0,0,1,subset,259,0
2,tags,1,1,0,*,259,3,121,0,259,0,0,1,subset,259,0
2,tags,1,1,1,+,259,3,121,0,259,0,0,1,subset,259,0
2,tags,1,1,1,-,259,3,121,0,259,0,0,1,subset,259,0
2,tags,1,1,1,*,259,3,121,0,259,0,0,1,subset,259,0
2,tags,1,0,0,+,259,3,121,0,259,0,0,1,unknown,0,259
2,tags,1,0,0,-,259,3,121,0,259,0,0,1,unknown,0,259
2,tags,1,0,0,*,259,3,121,0,259,0,0,1,unknown,0,259
2,tags,1,0,1,+,259,3,121,0,259,0,0,1,unknown,0,259
2,tags,1,0,1,-,259,3,121,0,259,0,0,1,unknown,0,259
2,tags,1,0,1,*,259,3,121,0,259,0,0,1,unknown,0,259
2,tags,1,1,0,+,259,3,121,0,259,0,0,1,unknown,0,259
2,tags,1,1,0,-,259,3,121,0,259,0,0,1,unknown,0,259
2,tags,1,1,0,*,259,3,121,0,259,0,0,1,unknown,0,259
2,tags,1,1,1,+,259,3,121,0,259,0,0,1,unknown,0,259
2,tags,1,1,1,-,259,3,121,0,259,0,0,1,unknown,0,259
2,tags,1,1,1,*,259,3,121,0,259,0,0,1,unknown,0,259
2,tags,1,0,0,+,259,3,121,0,259,0,0,1,outside,0,259
2,tags,1,0,0,-,259,3,121,0,259,0,0,1,outside,0,259
2,tags,1,0,0,*,259,3,121,0,259,0,0,1,outside,0,259
2,tags,1,0,1,+,259,3,121,0,259,0,0,1,outside,0,259
2,tags,1,0,1,-,259,3,121,0,259,0,0,1,outside,0,259
2,tags,1,0,1,*,259,3,121,0,259,0,0,1,outside,0,259
2,tags,1,1,0,+,259,3,121,0,259,0,0,1,outside,0,259
2,tags,1,1,0,-,259,3,121,0,259,0,0,1,outside,0,259
2,tags,1,1,0,*,259,3,121,0,259,0,0,1,outside,0,259
2,tags,1,1,1,+,259,3,121,0,259,0,0,1,outside,0,259
2,tags,1,1,1,-,259,3,121,0,259,0,0,1,outside,0,259
2,tags,1,1,1,*,259,3,121,0,259,0,0,1,outside,0,259
2,cancel,1,0,0,+,259,3,0,0,259,0,0,1,known,259,0
2,cancel,1,0,0,-,259,3,0,0,259,0,0,1,known,259,0
2,cancel,1,0,0,*,259,3,0,0,259,0,0,1,known,259,0
2,cancel,1,0,1,+,259,3,0,0,259,0,0,1,known,259,0
2,cancel,1,0,1,-,259,3,0,0,259,0,0,1,known,259,0
2,cancel,1,0,1,*,259,3,0,0,259,0,0,1,known,259,0
2,cancel,1,1,0,+,259,3,0,0,259,0,0,1,known,259,0
2,cancel,1,1,0,-,259,3,0,0,259,0,0,1,known,259,0
2,cancel,1,1,0,*,259,3,0,0,259,0,0,1,known,259,0
2,cancel,1,1,1,+,259,3,0,0,259,0,0,1,known,259,0
2,cancel,1,1,1,-,259,3,0,0,259,0,0,1,known,259,0
2,cancel,1,1,1,*,259,3,0,0,259,0,0,1,known,259,0
2,ordinary,1,0,0,+,4097,3,0,0,8194,0,0,3,known,4097,0
2,ordinary,1,0,0,-,4097,3,0,0,8194,0,0,3,known,4097,0
2,ordinary,1,0,0,*,4097,3,0,0,8194,0,0,3,known,4097,0
2,ordinary,1,0,1,+,4097,3,0,0,8194,0,0,3,known,4097,0
2,ordinary,1,0,1,-,4097,3,0,0,8194,0,0,3,known,4097,0
2,ordinary,1,0,1,*,4097,3,0,0,8194,0,0,3,known,4097,0
2,ordinary,1,1,0,+,4097,3,0,0,8194,0,0,3,known,4097,0
2,ordinary,1,1,0,-,4097,3,0,0,8194,0,0,3,known,4097,0
2,ordinary,1,1,0,*,4097,3,0,0,8194,0,0,3,known,4097,0
2,ordinary,1,1,1,+,4097,3,0,0,8194,0,0,3,known,4097,0
2,ordinary,1,1,1,-,4097,3,0,0,8194,0,0,3,known,4097,0
2,ordinary,1,1,1,*,4097,3,0,0,8194,0,0,3,known,4097,0
2,ordinary,1,0,0,+,4097,3,0,0,8194,0,0,3,conservative,4097,0
2,ordinary,1,0,0,-,4097,3,0,0,8194,0,0,3,conservative,4097,0
2,ordinary,1,0,0,*,4097,3,0,0,8194,0,0,3,conservative,4097,0
2,ordinary,1,0,1,+,4097,3,0,0,8194,0,0,3,conservative,4097,0
2,ordinary,1,0,1,-,4097,3,0,0,8194,0,0,3,conservative,4097,0
2,ordinary,1,0,1,*,4097,3,0,0,8194,0,0,3,conservative,4097,0
2,ordinary,1,1,0,+,4097,3,0,0,8194,0,0,3,conservative,4097,0
2,ordinary,1,1,0,-,4097,3,0,0,8194,0,0,3,conservative,4097,0
2,ordinary,1,1,0,*,4097,3,0,0,8194,0,0,3,conservative,4097,0
2,ordinary,1,1,1,+,4097,3,0,0,8194,0,0,3,conservative,4097,0
2,ordinary,1,1,1,-,4097,3,0,0,8194,0,0,3,conservative,4097,0
2,ordinary,1,1,1,*,4097,3,0,0,8194,0,0,3,conservative,4097,0
2,ordinary,1,0,0,+,4097,3,0,0,8194,0,0,3,subset,4097,0
2,ordinary,1,0,0,-,4097,3,0,0,8194,0,0,3,subset,4097,0
2,ordinary,1,0,0,*,4097,3,0,0,8194,0,0,3,subset,4097,0
2,ordinary,1,0,1,+,4097,3,0,0,8194,0,0,3,subset,4097,0
2,ordinary,1,0,1,-,4097,3,0,0,8194,0,0,3,subset,4097,0
2,ordinary,1,0,1,*,4097,3,0,0,8194,0,0,3,subset,4097,0
2,ordinary,1,1,0,+,4097,3,0,0,8194,0,0,3,subset,4097,0
2,ordinary,1,1,0,-,4097,3,0,0,8194,0,0,3,subset,4097,0
2,ordinary,1,1,0,*,4097,3,0,0,8194,0,0,3,subset,4097,0
2,ordinary,1,1,1,+,4097,3,0,0,8194,0,0,3,subset,4097,0
2,ordinary,1,1,1,-,4097,3,0,0,8194,0,0,3,subset,4097,0
2,ordinary,1,1,1,*,4097,3,0,0,8194,0,0,3,subset,4097,0
2,ordinary,1,0,0,+,4097,3,0,0,8194,0,0,3,unknown,0,4097
2,ordinary,1,0,0,-,4097,3,0,0,8194,0,0,3,unknown,0,4097
2,ordinary,1,0,0,*,4097,3,0,0,8194,0,0,3,unknown,0,4097
2,ordinary,1,0,1,+,4097,3,0,0,8194,0,0,3,unknown,0,4097
2,ordinary,1,0,1,-,4097,3,0,0,8194,0,0,3,unknown,0,4097
2,ordinary,1,0,1,*,4097,3,0,0,8194,0,0,3,unknown,0,4097
2,ordinary,1,1,0,+,4097,3,0,0,8194,0,0,3,unknown,0,4097
2,ordinary,1,1,0,-,4097,3,0,0,8194,0,0,3,unknown,0,4097
2,ordinary,1,1,0,*,4097,3,0,0,8194,0,0,3,unknown,0,4097
2,ordinary,1,1,1,+,4097,3,0,0,8194,0,0,3,unknown,0,4097
2,ordinary,1,1,1,-,4097,3,0,0,8194,0,0,3,unknown,0,4097
2,ordinary,1,1,1,*,4097,3,0,0,8194,0,0,3,unknown,0,4097
2,ordinary,1,0,0,+,4097,3,0,0,8194,0,0,3,outside,0,4097
2,ordinary,1,0,0,-,4097,3,0,0,8194,0,0,3,outside,0,4097
2,ordinary,1,0,0,*,4097,3,0,0,8194,0,0,3,outside,0,4097
2,ordinary,1,0,1,+,4097,3,0,0,8194,0,0,3,outside,0,4097
2,ordinary,1,0,1,-,4097,3,0,0,8194,0,0,3,outside,0,4097
2,ordinary,1,0,1,*,4097,3,0,0,8194,0,0,3,outside,0,4097
2,ordinary,1,1,0,+,4097,3,0,0,8194,0,0,3,outside,0,4097
2,ordinary,1,1,0,-,4097,3,0,0,8194,0,0,3,outside,0,4097
2,ordinary,1,1,0,*,4097,3,0,0,8194,0,0,3,outside,0,4097
2,ordinary,1,1,1,+,4097,3,0,0,8194,0,0,3,outside,0,4097
2,ordinary,1,1,1,-,4097,3,0,0,8194,0,0,3,outside,0,4097
2,ordinary,1,1,1,*,4097,3,0,0,8194,0,0,3,outside,0,4097
2,sparse,1,0,0,+,4097,3,9,0,8194,0,0,3,known,4097,0
2,sparse,1,0,0,-,4097,3,9,0,8194,0,0,3,known,4097,0
2,sparse,1,0,0,*,4097,3,9,0,8194,0,0,3,known,4097,0
2,sparse,1,0,1,+,4097,3,9,0,8194,0,0,3,known,4097,0
2,sparse,1,0,1,-,4097,3,9,0,8194,0,0,3,known,4097,0
2,sparse,1,0,1,*,4097,3,9,0,8194,0,0,3,known,4097,0
2,sparse,1,1,0,+,4097,3,9,0,8194,0,0,3,known,4097,0
2,sparse,1,1,0,-,4097,3,9,0,8194,0,0,3,known,4097,0
2,sparse,1,1,0,*,4097,3,9,0,8194,0,0,3,known,4097,0
2,sparse,1,1,1,+,4097,3,9,0,8194,0,0,3,known,4097,0
2,sparse,1,1,1,-,4097,3,9,0,8194,0,0,3,known,4097,0
2,sparse,1,1,1,*,4097,3,9,0,8194,0,0,3,known,4097,0
2,tags,1,0,0,+,259,3,121,0,518,0,0,3,known,259,0
2,tags,1,0,0,-,259,3,121,0,518,0,0,3,known,259,0
2,tags,1,0,0,*,259,3,121,0,518,0,0,3,known,259,0
2,tags,1,0,1,+,259,3,121,0,518,0,0,3,known,259,0
2,tags,1,0,1,-,259,3,121,0,518,0,0,3,known,259,0
2,tags,1,0,1,*,259,3,121,0,518,0,0,3,known,259,0
2,tags,1,1,0,+,259,3,121,0,518,0,0,3,known,259,0
2,tags,1,1,0,-,259,3,121,0,518,0,0,3,known,259,0
2,tags,1,1,0,*,259,3,121,0,518,0,0,3,known,259,0
2,tags,1,1,1,+,259,3,121,0,518,0,0,3,known,259,0
2,tags,1,1,1,-,259,3,121,0,518,0,0,3,known,259,0
2,tags,1,1,1,*,259,3,121,0,518,0,0,3,known,259,0
2,tags,1,0,0,+,259,3,121,0,518,0,0,3,conservative,259,0
2,tags,1,0,0,-,259,3,121,0,518,0,0,3,conservative,259,0
2,tags,1,0,0,*,259,3,121,0,518,0,0,3,conservative,259,0
2,tags,1,0,1,+,259,3,121,0,518,0,0,3,conservative,259,0
2,tags,1,0,1,-,259,3,121,0,518,0,0,3,conservative,259,0
2,tags,1,0,1,*,259,3,121,0,518,0,0,3,conservative,259,0
2,tags,1,1,0,+,259,3,121,0,518,0,0,3,conservative,259,0
2,tags,1,1,0,-,259,3,121,0,518,0,0,3,conservative,259,0
2,tags,1,1,0,*,259,3,121,0,518,0,0,3,conservative,259,0
2,tags,1,1,1,+,259,3,121,0,518,0,0,3,conservative,259,0
2,tags,1,1,1,-,259,3,121,0,518,0,0,3,conservative,259,0
2,tags,1,1,1,*,259,3,121,0,518,0,0,3,conservative,259,0
2,tags,1,0,0,+,259,3,121,0,518,0,0,3,subset,259,0
2,tags,1,0,0,-,259,3,121,0,518,0,0,3,subset,259,0
2,tags,1,0,0,*,259,3,121,0,518,0,0,3,subset,259,0
2,tags,1,0,1,+,259,3,121,0,518,0,0,3,subset,259,0
2,tags,1,0,1,-,259,3,121,0,518,0,0,3,subset,259,0
2,tags,1,0,1,*,259,3,121,0,518,0,0,3,subset,259,0
2,tags,1,1,0,+,259,3,121,0,518,0,0,3,subset,259,0
2,tags,1,1,0,-,259,3,121,0,518,0,0,3,subset,259,0
2,tags,1,1,0,*,259,3,121,0,518,0,0,3,subset,259,0
2,tags,1,1,1,+,259,3,121,0,518,0,0,3,subset,259,0
2,tags,1,1,1,-,259,3,121,0,518,0,0,3,subset,259,0
2,tags,1,1,1,*,259,3,121,0,518,0,0,3,subset,259,0
2,tags,1,0,0,+,259,3,121,0,518,0,0,3,unknown,0,259
2,tags,1,0,0,-,259,3,121,0,518,0,0,3,unknown,0,259
2,tags,1,0,0,*,259,3,121,0,518,0,0,3,unknown,0,259
2,tags,1,0,1,+,259,3,121,0,518,0,0,3,unknown,0,259
2,tags,1,0,1,-,259,3,121,0,518,0,0,3,unknown,0,259
2,tags,1,0,1,*,259,3,121,0,518,0,0,3,unknown,0,259
2,tags,1,1,0,+,259,3,121,0,518,0,0,3,unknown,0,259
2,tags,1,1,0,-,259,3,121,0,518,0,0,3,unknown,0,259
2,tags,1,1,0,*,259,3,121,0,518,0,0,3,unknown,0,259
2,tags,1,1,1,+,259,3,121,0,518,0,0,3,unknown,0,259
2,tags,1,1,1,-,259,3,121,0,518,0,0,3,unknown,0,259
2,tags,1,1,1,*,259,3,121,0,518,0,0,3,unknown,0,259
2,tags,1,0,0,+,259,3,121,0,518,0,0,3,outside,0,259
2,tags,1,0,0,-,259,3,121,0,518,0,0,3,outside,0,259
2,tags,1,0,0,*,259,3,121,0,518,0,0,3,outside,0,259
2,tags,1,0,1,+,259,3,121,0,518,0,0,3,outside,0,259
2,tags,1,0,1,-,259,3,121,0,518,0,0,3,outside,0,259
2,tags,1,0,1,*,259,3,121,0,518,0,0,3,outside,0,259
2,tags,1,1,0,+,259,3,121,0,518,0,0,3,outside,0,259
2,tags,1,1,0,-,259,3,121,0,518,0,0,3,outside,0,259
2,tags,1,1,0,*,259,3,121,0,518,0,0,3,outside,0,259
2,tags,1,1,1,+,259,3,121,0,518,0,0,3,outside,0,259
2,tags,1,1,1,-,259,3,121,0,518,0,0,3,outside,0,259
2,tags,1,1,1,*,259,3,121,0,518,0,0,3,outside,0,259
2,cancel,1,0,0,+,259,3,0,0,518,0,0,3,known,259,0
2,cancel,1,0,0,-,259,3,0,0,518,0,0,3,known,259,0
2,cancel,1,0,0,*,259,3,0,0,518,0,0,3,known,259,0
2,cancel,1,0,1,+,259,3,0,0,518,0,0,3,known,259,0
2,cancel,1,0,1,-,259,3,0,0,518,0,0,3,known,259,0
2,cancel,1,0,1,*,259,3,0,0,518,0,0,3,known,259,0
2,cancel,1,1,0,+,259,3,0,0,518,0,0,3,known,259,0
2,cancel,1,1,0,-,259,3,0,0,518,0,0,3,known,259,0
2,cancel,1,1,0,*,259,3,0,0,518,0,0,3,known,259,0
2,cancel,1,1,1,+,259,3,0,0,518,0,0,3,known,259,0
2,cancel,1,1,1,-,259,3,0,0,518,0,0,3,known,259,0
2,cancel,1,1,1,*,259,3,0,0,518,0,0,3,known,259,0
2,limit_above,1,0,0,+,259,3,0,0,259,0,0,1,known,259,0
2,limit_above,1,0,0,-,259,3,0,0,259,0,0,1,known,259,0
2,limit_above,1,0,0,*,259,4,0,259,259,0,0,1,known,0,259
2,limit_above,1,0,1,+,259,3,0,0,259,0,0,1,known,259,0
2,limit_above,1,0,1,-,259,3,0,0,259,0,0,1,known,259,0
2,limit_above,1,0,1,*,259,4,0,259,259,0,0,1,known,0,259
2,limit_above,1,1,0,+,259,3,0,0,259,0,0,1,known,259,0
2,limit_above,1,1,0,-,259,3,0,0,259,0,0,1,known,259,0
2,limit_above,1,1,0,*,259,4,0,259,259,0,0,1,known,0,259
2,limit_above,1,1,1,+,259,3,0,0,259,0,0,1,known,259,0
2,limit_above,1,1,1,-,259,3,0,0,259,0,0,1,known,259,0
2,limit_above,1,1,1,*,259,4,0,259,259,0,0,1,known,0,259
2,limit_above,1,0,0,+,259,3,0,0,259,0,0,1,unknown,0,259
2,limit_above,1,0,0,-,259,3,0,0,259,0,0,1,unknown,0,259
2,limit_above,1,0,0,*,259,4,0,259,259,0,0,1,unknown,0,259
2,limit_above,1,0,1,+,259,3,0,0,259,0,0,1,unknown,0,259
2,limit_above,1,0,1,-,259,3,0,0,259,0,0,1,unknown,0,259
2,limit_above,1,0,1,*,259,4,0,259,259,0,0,1,unknown,0,259
2,limit_above,1,1,0,+,259,3,0,0,259,0,0,1,unknown,0,259
2,limit_above,1,1,0,-,259,3,0,0,259,0,0,1,unknown,0,259
2,limit_above,1,1,0,*,259,4,0,259,259,0,0,1,unknown,0,259
2,limit_above,1,1,1,+,259,3,0,0,259,0,0,1,unknown,0,259
2,limit_above,1,1,1,-,259,3,0,0,259,0,0,1,unknown,0,259
2,limit_above,1,1,1,*,259,4,0,259,259,0,0,1,unknown,0,259
2,limit_below,1,0,0,+,259,3,0,0,259,0,0,1,known,259,0
2,limit_below,1,0,0,-,259,3,0,0,259,0,0,1,known,259,0
2,limit_below,1,0,0,*,259,3,0,259,259,0,0,1,known,0,259
2,limit_below,1,0,1,+,259,3,0,0,259,0,0,1,known,259,0
2,limit_below,1,0,1,-,259,3,0,0,259,0,0,1,known,259,0
2,limit_below,1,0,1,*,259,3,0,259,259,0,0,1,known,0,259
2,limit_below,1,1,0,+,259,3,0,0,259,0,0,1,known,259,0
2,limit_below,1,1,0,-,259,3,0,0,259,0,0,1,known,259,0
2,limit_below,1,1,0,*,259,3,0,259,259,0,0,1,known,0,259
2,limit_below,1,1,1,+,259,3,0,0,259,0,0,1,known,259,0
2,limit_below,1,1,1,-,259,3,0,0,259,0,0,1,known,259,0
2,limit_below,1,1,1,*,259,3,0,259,259,0,0,1,known,0,259
2,limit_below,1,0,0,+,259,3,0,0,259,0,0,1,unknown,0,259
2,limit_below,1,0,0,-,259,3,0,0,259,0,0,1,unknown,0,259
2,limit_below,1,0,0,*,259,3,0,259,259,0,0,1,unknown,0,259
2,limit_below,1,0,1,+,259,3,0,0,259,0,0,1,unknown,0,259
2,limit_below,1,0,1,-,259,3,0,0,259,0,0,1,unknown,0,259
2,limit_below,1,0,1,*,259,3,0,259,259,0,0,1,unknown,0,259
2,limit_below,1,1,0,+,259,3,0,0,259,0,0,1,unknown,0,259
2,limit_below,1,1,0,-,259,3,0,0,259,0,0,1,unknown,0,259
2,limit_below,1,1,0,*,259,3,0,259,259,0,0,1,unknown,0,259
2,limit_below,1,1,1,+,259,3,0,0,259,0,0,1,unknown,0,259
2,limit_below,1,1,1,-,259,3,0,0,259,0,0,1,unknown,0,259
2,limit_below,1,1,1,*,259,3,0,259,259,0,0,1,unknown,0,259
2,physical_min,1,0,0,+,259,3,0,0,259,0,0,1,known,259,0
2,physical_min,1,0,0,-,259,3,0,0,259,0,0,1,known,259,0
2,physical_min,1,0,0,*,259,3,0,0,259,0,0,1,known,259,0
2,physical_min,1,0,1,+,259,3,0,0,259,0,0,1,known,259,0
2,physical_min,1,0,1,-,259,3,0,0,259,0,0,1,known,259,0
2,physical_min,1,0,1,*,259,3,0,0,259,0,0,1,known,259,0
2,physical_min,1,1,0,+,259,3,0,0,259,0,0,1,known,259,0
2,physical_min,1,1,0,-,259,3,0,0,259,0,0,1,known,259,0
2,physical_min,1,1,0,*,259,3,0,0,259,0,0,1,known,259,0
2,physical_min,1,1,1,+,259,3,0,0,259,0,0,1,known,259,0
2,physical_min,1,1,1,-,259,3,0,0,259,0,0,1,known,259,0
2,physical_min,1,1,1,*,259,3,0,0,259,0,0,1,known,259,0
2,physical_min,1,0,0,+,259,3,0,0,259,0,0,1,unknown,0,259
2,physical_min,1,0,0,-,259,3,0,0,259,0,0,1,unknown,0,259
2,physical_min,1,0,0,*,259,3,0,0,259,0,0,1,unknown,0,259
2,physical_min,1,0,1,+,259,3,0,0,259,0,0,1,unknown,0,259
2,physical_min,1,0,1,-,259,3,0,0,259,0,0,1,unknown,0,259
2,physical_min,1,0,1,*,259,3,0,0,259,0,0,1,unknown,0,259
2,physical_min,1,1,0,+,259,3,0,0,259,0,0,1,unknown,0,259
2,physical_min,1,1,0,-,259,3,0,0,259,0,0,1,unknown,0,259
2,physical_min,1,1,0,*,259,3,0,0,259,0,0,1,unknown,0,259
2,physical_min,1,1,1,+,259,3,0,0,259,0,0,1,unknown,0,259
2,physical_min,1,1,1,-,259,3,0,0,259,0,0,1,unknown,0,259
2,physical_min,1,1,1,*,259,3,0,0,259,0,0,1,unknown,0,259
2,endpoint,1,0,0,+,259,4,0,259,259,0,0,1,known,0,259
2,endpoint,1,0,0,-,259,3,0,0,259,0,0,1,known,0,259
2,endpoint,1,0,0,*,259,3,0,259,259,0,0,1,known,0,259
2,endpoint,1,0,1,+,259,4,0,259,259,0,0,1,known,0,259
2,endpoint,1,0,1,-,259,3,0,259,259,0,0,1,known,0,259
2,endpoint,1,0,1,*,259,3,0,259,259,0,0,1,known,0,259
2,endpoint,1,1,0,+,259,4,0,259,259,0,0,1,known,0,259
2,endpoint,1,1,0,-,259,3,0,0,259,0,0,1,known,0,259
2,endpoint,1,1,0,*,259,3,0,259,259,0,0,1,known,0,259
2,endpoint,1,1,1,+,259,4,0,259,259,0,0,1,known,0,259
2,endpoint,1,1,1,-,259,3,0,259,259,0,0,1,known,0,259
2,endpoint,1,1,1,*,259,3,0,259,259,0,0,1,known,0,259
2,endpoint,1,0,0,+,259,4,0,259,259,0,0,1,unknown,0,259
2,endpoint,1,0,0,-,259,3,0,0,259,0,0,1,unknown,0,259
2,endpoint,1,0,0,*,259,3,0,259,259,0,0,1,unknown,0,259
2,endpoint,1,0,1,+,259,4,0,259,259,0,0,1,unknown,0,259
2,endpoint,1,0,1,-,259,3,0,259,259,0,0,1,unknown,0,259
2,endpoint,1,0,1,*,259,3,0,259,259,0,0,1,unknown,0,259
2,endpoint,1,1,0,+,259,4,0,259,259,0,0,1,unknown,0,259
2,endpoint,1,1,0,-,259,3,0,0,259,0,0,1,unknown,0,259
2,endpoint,1,1,0,*,259,3,0,259,259,0,0,1,unknown,0,259
2,endpoint,1,1,1,+,259,4,0,259,259,0,0,1,unknown,0,259
2,endpoint,1,1,1,-,259,3,0,259,259,0,0,1,unknown,0,259
2,endpoint,1,1,1,*,259,3,0,259,259,0,0,1,unknown,0,259
2,sum_inside,1,0,0,+,259,3,0,0,518,0,0,3,known,259,0
2,sum_inside,1,0,0,-,259,3,0,0,518,0,0,3,known,259,0
2,sum_inside,1,0,0,*,259,4,0,518,518,0,0,3,known,0,259
2,sum_inside,1,0,1,+,259,3,0,0,518,0,0,3,known,259,0
2,sum_inside,1,0,1,-,259,3,0,0,518,0,0,3,known,259,0
2,sum_inside,1,0,1,*,259,4,0,518,518,0,0,3,known,0,259
2,sum_inside,1,1,0,+,259,3,0,0,518,0,0,3,known,259,0
2,sum_inside,1,1,0,-,259,3,0,0,518,0,0,3,known,259,0
2,sum_inside,1,1,0,*,259,4,0,518,518,0,0,3,known,0,259
2,sum_inside,1,1,1,+,259,3,0,0,518,0,0,3,known,259,0
2,sum_inside,1,1,1,-,259,3,0,0,518,0,0,3,known,259,0
2,sum_inside,1,1,1,*,259,4,0,518,518,0,0,3,known,0,259
2,sum_inside,1,0,0,+,259,3,0,518,518,0,0,3,unknown,0,259
2,sum_inside,1,0,0,-,259,3,0,0,518,0,0,3,unknown,0,259
2,sum_inside,1,0,0,*,259,4,0,518,518,0,0,3,unknown,0,259
2,sum_inside,1,0,1,+,259,3,0,518,518,0,0,3,unknown,0,259
2,sum_inside,1,0,1,-,259,3,0,0,518,0,0,3,unknown,0,259
2,sum_inside,1,0,1,*,259,4,0,518,518,0,0,3,unknown,0,259
2,sum_inside,1,1,0,+,259,3,0,518,518,0,0,3,unknown,0,259
2,sum_inside,1,1,0,-,259,3,0,0,518,0,0,3,unknown,0,259
2,sum_inside,1,1,0,*,259,4,0,518,518,0,0,3,unknown,0,259
2,sum_inside,1,1,1,+,259,3,0,518,518,0,0,3,unknown,0,259
2,sum_inside,1,1,1,-,259,3,0,0,518,0,0,3,unknown,0,259
2,sum_inside,1,1,1,*,259,4,0,518,518,0,0,3,unknown,0,259
2,product_inside,1,0,0,+,259,3,0,0,518,0,0,3,known,259,0
2,product_inside,1,0,0,-,259,3,0,0,518,0,0,3,known,259,0
2,product_inside,1,0,0,*,259,3,0,0,518,0,0,3,known,259,0
2,product_inside,1,0,1,+,259,3,0,0,518,0,0,3,known,259,0
2,product_inside,1,0,1,-,259,3,0,0,518,0,0,3,known,259,0
2,product_inside,1,0,1,*,259,3,0,0,518,0,0,3,known,259,0
2,product_inside,1,1,0,+,259,3,0,0,518,0,0,3,known,259,0
2,product_inside,1,1,0,-,259,3,0,0,518,0,0,3,known,259,0
2,product_inside,1,1,0,*,259,3,0,0,518,0,0,3,known,259,0
2,product_inside,1,1,1,+,259,3,0,0,518,0,0,3,known,259,0
2,product_inside,1,1,1,-,259,3,0,0,518,0,0,3,known,259,0
2,product_inside,1,1,1,*,259,3,0,0,518,0,0,3,known,259,0
2,product_inside,1,0,0,+,259,3,0,0,518,0,0,3,unknown,0,259
2,product_inside,1,0,0,-,259,3,0,0,518,0,0,3,unknown,0,259
2,product_inside,1,0,0,*,259,3,0,0,518,0,0,3,unknown,0,259
2,product_inside,1,0,1,+,259,3,0,0,518,0,0,3,unknown,0,259
2,product_inside,1,0,1,-,259,3,0,0,518,0,0,3,unknown,0,259
2,product_inside,1,0,1,*,259,3,0,0,518,0,0,3,unknown,0,259
2,product_inside,1,1,0,+,259,3,0,0,518,0,0,3,unknown,0,259
2,product_inside,1,1,0,-,259,3,0,0,518,0,0,3,unknown,0,259
2,product_inside,1,1,0,*,259,3,0,0,518,0,0,3,unknown,0,259
2,product_inside,1,1,1,+,259,3,0,0,518,0,0,3,unknown,0,259
2,product_inside,1,1,1,-,259,3,0,0,518,0,0,3,unknown,0,259
2,product_inside,1,1,1,*,259,3,0,0,518,0,0,3,unknown,0,259
2,product_endpoint,1,0,0,+,259,3,0,0,518,0,0,3,known,259,0
2,product_endpoint,1,0,0,-,259,3,0,0,518,0,0,3,known,259,0
2,product_endpoint,1,0,0,*,259,3,0,518,518,0,0,3,known,0,259
2,product_endpoint,1,0,1,+,259,3,0,0,518,0,0,3,known,259,0
2,product_endpoint,1,0,1,-,259,3,0,0,518,0,0,3,known,259,0
2,product_endpoint,1,0,1,*,259,3,0,518,518,0,0,3,known,0,259
2,product_endpoint,1,1,0,+,259,3,0,0,518,0,0,3,known,259,0
2,product_endpoint,1,1,0,-,259,3,0,0,518,0,0,3,known,259,0
2,product_endpoint,1,1,0,*,259,3,0,518,518,0,0,3,known,0,259
2,product_endpoint,1,1,1,+,259,3,0,0,518,0,0,3,known,259,0
2,product_endpoint,1,1,1,-,259,3,0,0,518,0,0,3,known,259,0
2,product_endpoint,1,1,1,*,259,3,0,518,518,0,0,3,known,0,259
2,product_endpoint,1,0,0,+,259,3,0,0,518,0,0,3,unknown,0,259
2,product_endpoint,1,0,0,-,259,3,0,0,518,0,0,3,unknown,0,259
2,product_endpoint,1,0,0,*,259,3,0,518,518,0,0,3,unknown,0,259
2,product_endpoint,1,0,1,+,259,3,0,0,518,0,0,3,unknown,0,259
2,product_endpoint,1,0,1,-,259,3,0,0,518,0,0,3,unknown,0,259
2,product_endpoint,1,0,1,*,259,3,0,518,518,0,0,3,unknown,0,259
2,product_endpoint,1,1,0,+,259,3,0,0,518,0,0,3,unknown,0,259
2,product_endpoint,1,1,0,-,259,3,0,0,518,0,0,3,unknown,0,259
2,product_endpoint,1,1,0,*,259,3,0,518,518,0,0,3,unknown,0,259
2,product_endpoint,1,1,1,+,259,3,0,0,518,0,0,3,unknown,0,259
2,product_endpoint,1,1,1,-,259,3,0,0,518,0,0,3,unknown,0,259
2,product_endpoint,1,1,1,*,259,3,0,518,518,0,0,3,unknown,0,259
2,product_outside,1,0,0,+,259,3,0,0,518,0,0,3,known,259,0
2,product_outside,1,0,0,-,259,3,0,0,518,0,0,3,known,259,0
2,product_outside,1,0,0,*,259,4,0,518,518,0,0,3,known,0,259
2,product_outside,1,0,1,+,259,3,0,0,518,0,0,3,known,259,0
2,product_outside,1,0,1,-,259,3,0,0,518,0,0,3,known,259,0
2,product_outside,1,0,1,*,259,4,0,518,518,0,0,3,known,0,259
2,product_outside,1,1,0,+,259,3,0,0,518,0,0,3,known,259,0
2,product_outside,1,1,0,-,259,3,0,0,518,0,0,3,known,259,0
2,product_outside,1,1,0,*,259,4,0,518,518,0,0,3,known,0,259
2,product_outside,1,1,1,+,259,3,0,0,518,0,0,3,known,259,0
2,product_outside,1,1,1,-,259,3,0,0,518,0,0,3,known,259,0
2,product_outside,1,1,1,*,259,4,0,518,518,0,0,3,known,0,259
2,product_outside,1,0,0,+,259,3,0,0,518,0,0,3,unknown,0,259
2,product_outside,1,0,0,-,259,3,0,0,518,0,0,3,unknown,0,259
2,product_outside,1,0,0,*,259,4,0,518,518,0,0,3,unknown,0,259
2,product_outside,1,0,1,+,259,3,0,0,518,0,0,3,unknown,0,259
2,product_outside,1,0,1,-,259,3,0,0,518,0,0,3,unknown,0,259
2,product_outside,1,0,1,*,259,4,0,518,518,0,0,3,unknown,0,259
2,product_outside,1,1,0,+,259,3,0,0,518,0,0,3,unknown,0,259
2,product_outside,1,1,0,-,259,3,0,0,518,0,0,3,unknown,0,259
2,product_outside,1,1,0,*,259,4,0,518,518,0,0,3,unknown,0,259
2,product_outside,1,1,1,+,259,3,0,0,518,0,0,3,unknown,0,259
2,product_outside,1,1,1,-,259,3,0,0,518,0,0,3,unknown,0,259
2,product_outside,1,1,1,*,259,4,0,518,518,0,0,3,unknown,0,259
2,endpoint,1,0,0,+,259,4,0,518,518,0,0,3,known,0,259
2,endpoint,1,0,0,-,259,3,0,0,518,0,0,3,known,0,259
2,endpoint,1,0,0,*,259,3,0,518,518,0,0,3,known,0,259
2,endpoint,1,0,1,+,259,4,0,518,518,0,0,3,known,0,259
2,endpoint,1,0,1,-,259,3,0,518,518,0,0,3,known,0,259
2,endpoint,1,0,1,*,259,3,0,518,518,0,0,3,known,0,259
2,endpoint,1,1,0,+,259,4,0,518,518,0,0,3,known,0,259
2,endpoint,1,1,0,-,259,3,0,0,518,0,0,3,known,0,259
2,endpoint,1,1,0,*,259,3,0,518,518,0,0,3,known,0,259
2,endpoint,1,1,1,+,259,4,0,518,518,0,0,3,known,0,259
2,endpoint,1,1,1,-,259,3,0,518,518,0,0,3,known,0,259
2,endpoint,1,1,1,*,259,3,0,518,518,0,0,3,known,0,259
2,endpoint,1,0,0,+,259,4,0,518,518,0,0,3,unknown,0,259
2,endpoint,1,0,0,-,259,3,0,0,518,0,0,3,unknown,0,259
2,endpoint,1,0,0,*,259,3,0,518,518,0,0,3,unknown,0,259
2,endpoint,1,0,1,+,259,4,0,518,518,0,0,3,unknown,0,259
2,endpoint,1,0,1,-,259,3,0,518,518,0,0,3,unknown,0,259
2,endpoint,1,0,1,*,259,3,0,518,518,0,0,3,unknown,0,259
2,endpoint,1,1,0,+,259,4,0,518,518,0,0,3,unknown,0,259
2,endpoint,1,1,0,-,259,3,0,0,518,0,0,3,unknown,0,259
2,endpoint,1,1,0,*,259,3,0,518,518,0,0,3,unknown,0,259
2,endpoint,1,1,1,+,259,4,0,518,518,0,0,3,unknown,0,259
2,endpoint,1,1,1,-,259,3,0,518,518,0,0,3,unknown,0,259
2,endpoint,1,1,1,*,259,3,0,518,518,0,0,3,unknown,0,259
3,ordinary,1,0,0,+,4097,3,0,0,4097,0,0,0,known,4097,0
3,ordinary,1,0,0,-,4097,3,0,0,4097,0,0,0,known,4097,0
3,ordinary,1,0,0,*,4097,3,0,0,4097,0,0,0,known,4097,0
3,ordinary,1,0,1,+,4097,3,0,0,4097,0,0,0,known,4097,0
3,ordinary,1,0,1,-,4097,3,0,0,4097,0,0,0,known,4097,0
3,ordinary,1,0,1,*,4097,3,0,0,4097,0,0,0,known,4097,0
3,ordinary,1,1,0,+,4097,3,0,0,4097,0,0,0,known,4097,0
3,ordinary,1,1,0,-,4097,3,0,0,4097,0,0,0,known,4097,0
3,ordinary,1,1,0,*,4097,3,0,0,4097,0,0,0,known,4097,0
3,ordinary,1,1,1,+,4097,3,0,0,4097,0,0,0,known,4097,0
3,ordinary,1,1,1,-,4097,3,0,0,4097,0,0,0,known,4097,0
3,ordinary,1,1,1,*,4097,3,0,0,4097,0,0,0,known,4097,0
3,ordinary,1,0,0,+,4097,3,0,0,4097,0,0,0,conservative,4097,0
3,ordinary,1,0,0,-,4097,3,0,0,4097,0,0,0,conservative,4097,0
3,ordinary,1,0,0,*,4097,3,0,0,4097,0,0,0,conservative,4097,0
3,ordinary,1,0,1,+,4097,3,0,0,4097,0,0,0,conservative,4097,0
3,ordinary,1,0,1,-,4097,3,0,0,4097,0,0,0,conservative,4097,0
3,ordinary,1,0,1,*,4097,3,0,0,4097,0,0,0,conservative,4097,0
3,ordinary,1,1,0,+,4097,3,0,0,4097,0,0,0,conservative,4097,0
3,ordinary,1,1,0,-,4097,3,0,0,4097,0,0,0,conservative,4097,0
3,ordinary,1,1,0,*,4097,3,0,0,4097,0,0,0,conservative,4097,0
3,ordinary,1,1,1,+,4097,3,0,0,4097,0,0,0,conservative,4097,0
3,ordinary,1,1,1,-,4097,3,0,0,4097,0,0,0,conservative,4097,0
3,ordinary,1,1,1,*,4097,3,0,0,4097,0,0,0,conservative,4097,0
3,ordinary,1,0,0,+,4097,3,0,0,4097,0,0,0,subset,4097,0
3,ordinary,1,0,0,-,4097,3,0,0,4097,0,0,0,subset,4097,0
3,ordinary,1,0,0,*,4097,3,0,0,4097,0,0,0,subset,4097,0
3,ordinary,1,0,1,+,4097,3,0,0,4097,0,0,0,subset,4097,0
3,ordinary,1,0,1,-,4097,3,0,0,4097,0,0,0,subset,4097,0
3,ordinary,1,0,1,*,4097,3,0,0,4097,0,0,0,subset,4097,0
3,ordinary,1,1,0,+,4097,3,0,0,4097,0,0,0,subset,4097,0
3,ordinary,1,1,0,-,4097,3,0,0,4097,0,0,0,subset,4097,0
3,ordinary,1,1,0,*,4097,3,0,0,4097,0,0,0,subset,4097,0
3,ordinary,1,1,1,+,4097,3,0,0,4097,0,0,0,subset,4097,0
3,ordinary,1,1,1,-,4097,3,0,0,4097,0,0,0,subset,4097,0
3,ordinary,1,1,1,*,4097,3,0,0,4097,0,0,0,subset,4097,0
3,ordinary,1,0,0,+,4097,3,0,0,4097,0,0,0,unknown,0,4097
3,ordinary,1,0,0,-,4097,3,0,0,4097,0,0,0,unknown,0,4097
3,ordinary,1,0,0,*,4097,3,0,0,4097,0,0,0,unknown,0,4097
3,ordinary,1,0,1,+,4097,3,0,0,4097,0,0,0,unknown,0,4097
3,ordinary,1,0,1,-,4097,3,0,0,4097,0,0,0,unknown,0,4097
3,ordinary,1,0,1,*,4097,3,0,0,4097,0,0,0,unknown,0,4097
3,ordinary,1,1,0,+,4097,3,0,0,4097,0,0,0,unknown,0,4097
3,ordinary,1,1,0,-,4097,3,0,0,4097,0,0,0,unknown,0,4097
3,ordinary,1,1,0,*,4097,3,0,0,4097,0,0,0,unknown,0,4097
3,ordinary,1,1,1,+,4097,3,0,0,4097,0,0,0,unknown,0,4097
3,ordinary,1,1,1,-,4097,3,0,0,4097,0,0,0,unknown,0,4097
3,ordinary,1,1,1,*,4097,3,0,0,4097,0,0,0,unknown,0,4097
3,ordinary,1,0,0,+,4097,3,0,0,4097,0,0,0,outside,0,4097
3,ordinary,1,0,0,-,4097,3,0,0,4097,0,0,0,outside,0,4097
3,ordinary,1,0,0,*,4097,3,0,0,4097,0,0,0,outside,0,4097
3,ordinary,1,0,1,+,4097,3,0,0,4097,0,0,0,outside,0,4097
3,ordinary,1,0,1,-,4097,3,0,0,4097,0,0,0,outside,0,4097
3,ordinary,1,0,1,*,4097,3,0,0,4097,0,0,0,outside,0,4097
3,ordinary,1,1,0,+,4097,3,0,0,4097,0,0,0,outside,0,4097
3,ordinary,1,1,0,-,4097,3,0,0,4097,0,0,0,outside,0,4097
3,ordinary,1,1,0,*,4097,3,0,0,4097,0,0,0,outside,0,4097
3,ordinary,1,1,1,+,4097,3,0,0,4097,0,0,0,outside,0,4097
3,ordinary,1,1,1,-,4097,3,0,0,4097,0,0,0,outside,0,4097
3,ordinary,1,1,1,*,4097,3,0,0,4097,0,0,0,outside,0,4097
3,sparse,1,0,0,+,4097,3,9,0,4097,0,0,0,known,4097,0
3,sparse,1,0,0,-,4097,3,9,0,4097,0,0,0,known,4097,0
3,sparse,1,0,0,*,4097,3,9,0,4097,0,0,0,known,4097,0
3,sparse,1,0,1,+,4097,3,9,0,4097,0,0,0,known,4097,0
3,sparse,1,0,1,-,4097,3,9,0,4097,0,0,0,known,4097,0
3,sparse,1,0,1,*,4097,3,9,0,4097,0,0,0,known,4097,0
3,sparse,1,1,0,+,4097,3,9,0,4097,0,0,0,known,4097,0
3,sparse,1,1,0,-,4097,3,9,0,4097,0,0,0,known,4097,0
3,sparse,1,1,0,*,4097,3,9,0,4097,0,0,0,known,4097,0
3,sparse,1,1,1,+,4097,3,9,0,4097,0,0,0,known,4097,0
3,sparse,1,1,1,-,4097,3,9,0,4097,0,0,0,known,4097,0
3,sparse,1,1,1,*,4097,3,9,0,4097,0,0,0,known,4097,0
3,tags,1,0,0,+,259,3,121,0,259,0,0,0,known,259,0
3,tags,1,0,0,-,259,3,121,0,259,0,0,0,known,259,0
3,tags,1,0,0,*,259,3,121,0,259,0,0,0,known,259,0
3,tags,1,0,1,+,259,3,121,0,259,0,0,0,known,259,0
3,tags,1,0,1,-,259,3,121,0,259,0,0,0,known,259,0
3,tags,1,0,1,*,259,3,121,0,259,0,0,0,known,259,0
3,tags,1,1,0,+,259,3,121,0,259,0,0,0,known,259,0
3,tags,1,1,0,-,259,3,121,0,259,0,0,0,known,259,0
3,tags,1,1,0,*,259,3,121,0,259,0,0,0,known,259,0
3,tags,1,1,1,+,259,3,121,0,259,0,0,0,known,259,0
3,tags,1,1,1,-,259,3,121,0,259,0,0,0,known,259,0
3,tags,1,1,1,*,259,3,121,0,259,0,0,0,known,259,0
3,tags,1,0,0,+,259,3,121,0,259,0,0,0,conservative,259,0
3,tags,1,0,0,-,259,3,121,0,259,0,0,0,conservative,259,0
3,tags,1,0,0,*,259,3,121,0,259,0,0,0,conservative,259,0
3,tags,1,0,1,+,259,3,121,0,259,0,0,0,conservative,259,0
3,tags,1,0,1,-,259,3,121,0,259,0,0,0,conservative,259,0
3,tags,1,0,1,*,259,3,121,0,259,0,0,0,conservative,259,0
3,tags,1,1,0,+,259,3,121,0,259,0,0,0,conservative,259,0
3,tags,1,1,0,-,259,3,121,0,259,0,0,0,conservative,259,0
3,tags,1,1,0,*,259,3,121,0,259,0,0,0,conservative,259,0
3,tags,1,1,1,+,259,3,121,0,259,0,0,0,conservative,259,0
3,tags,1,1,1,-,259,3,121,0,259,0,0,0,conservative,259,0
3,tags,1,1,1,*,259,3,121,0,259,0,0,0,conservative,259,0
3,tags,1,0,0,+,259,3,121,0,259,0,0,0,subset,259,0
3,tags,1,0,0,-,259,3,121,0,259,0,0,0,subset,259,0
3,tags,1,0,0,*,259,3,121,0,259,0,0,0,subset,259,0
3,tags,1,0,1,+,259,3,121,0,259,0,0,0,subset,259,0
3,tags,1,0,1,-,259,3,121,0,259,0,0,0,subset,259,0
3,tags,1,0,1,*,259,3,121,0,259,0,0,0,subset,259,0
3,tags,1,1,0,+,259,3,121,0,259,0,0,0,subset,259,0
3,tags,1,1,0,-,259,3,121,0,259,0,0,0,subset,259,0
3,tags,1,1,0,*,259,3,121,0,259,0,0,0,subset,259,0
3,tags,1,1,1,+,259,3,121,0,259,0,0,0,subset,259,0
3,tags,1,1,1,-,259,3,121,0,259,0,0,0,subset,259,0
3,tags,1,1,1,*,259,3,121,0,259,0,0,0,subset,259,0
3,tags,1,0,0,+,259,3,121,0,259,0,0,0,unknown,0,259
3,tags,1,0,0,-,259,3,121,0,259,0,0,0,unknown,0,259
3,tags,1,0,0,*,259,3,121,0,259,0,0,0,unknown,0,259
3,tags,1,0,1,+,259,3,121,0,259,0,0,0,unknown,0,259
3,tags,1,0,1,-,259,3,121,0,259,0,0,0,unknown,0,259
3,tags,1,0,1,*,259,3,121,0,259,0,0,0,unknown,0,259
3,tags,1,1,0,+,259,3,121,0,259,0,0,0,unknown,0,259
3,tags,1,1,0,-,259,3,121,0,259,0,0,0,unknown,0,259
3,tags,1,1,0,*,259,3,121,0,259,0,0,0,unknown,0,259
3,tags,1,1,1,+,259,3,121,0,259,0,0,0,unknown,0,259
3,tags,1,1,1,-,259,3,121,0,259,0,0,0,unknown,0,259
3,tags,1,1,1,*,259,3,121,0,259,0,0,0,unknown,0,259
3,tags,1,0,0,+,259,3,121,0,259,0,0,0,outside,0,259
3,tags,1,0,0,-,259,3,121,0,259,0,0,0,outside,0,259
3,tags,1,0,0,*,259,3,121,0,259,0,0,0,outside,0,259
3,tags,1,0,1,+,259,3,121,0,259,0,0,0,outside,0,259
3,tags,1,0,1,-,259,3,121,0,259,0,0,0,outside,0,259
3,tags,1,0,1,*,259,3,121,0,259,0,0,0,outside,0,259
3,tags,1,1,0,+,259,3,121,0,259,0,0,0,outside,0,259
3,tags,1,1,0,-,259,3,121,0,259,0,0,0,outside,0,259
3,tags,1,1,0,*,259,3,121,0,259,0,0,0,outside,0,259
3,tags,1,1,1,+,259,3,121,0,259,0,0,0,outside,0,259
3,tags,1,1,1,-,259,3,121,0,259,0,0,0,outside,0,259
3,tags,1,1,1,*,259,3,121,0,259,0,0,0,outside,0,259
3,cancel,1,0,0,+,259,3,0,0,259,0,0,0,known,259,0
3,cancel,1,0,0,-,259,3,0,0,259,0,0,0,known,259,0
3,cancel,1,0,0,*,259,3,0,0,259,0,0,0,known,259,0
3,cancel,1,0,1,+,259,3,0,0,259,0,0,0,known,259,0
3,cancel,1,0,1,-,259,3,0,0,259,0,0,0,known,259,0
3,cancel,1,0,1,*,259,3,0,0,259,0,0,0,known,259,0
3,cancel,1,1,0,+,259,3,0,0,259,0,0,0,known,259,0
3,cancel,1,1,0,-,259,3,0,0,259,0,0,0,known,259,0
3,cancel,1,1,0,*,259,3,0,0,259,0,0,0,known,259,0
3,cancel,1,1,1,+,259,3,0,0,259,0,0,0,known,259,0
3,cancel,1,1,1,-,259,3,0,0,259,0,0,0,known,259,0
3,cancel,1,1,1,*,259,3,0,0,259,0,0,0,known,259,0
3,ordinary,1,0,0,+,4097,3,0,0,4097,0,0,1,known,4097,0
3,ordinary,1,0,0,-,4097,3,0,0,4097,0,0,1,known,4097,0
3,ordinary,1,0,0,*,4097,3,0,0,4097,0,0,1,known,4097,0
3,ordinary,1,0,1,+,4097,3,0,0,4097,0,0,1,known,4097,0
3,ordinary,1,0,1,-,4097,3,0,0,4097,0,0,1,known,4097,0
3,ordinary,1,0,1,*,4097,3,0,0,4097,0,0,1,known,4097,0
3,ordinary,1,1,0,+,4097,3,0,0,4097,0,0,1,known,4097,0
3,ordinary,1,1,0,-,4097,3,0,0,4097,0,0,1,known,4097,0
3,ordinary,1,1,0,*,4097,3,0,0,4097,0,0,1,known,4097,0
3,ordinary,1,1,1,+,4097,3,0,0,4097,0,0,1,known,4097,0
3,ordinary,1,1,1,-,4097,3,0,0,4097,0,0,1,known,4097,0
3,ordinary,1,1,1,*,4097,3,0,0,4097,0,0,1,known,4097,0
3,ordinary,1,0,0,+,4097,3,0,0,4097,0,0,1,conservative,4097,0
3,ordinary,1,0,0,-,4097,3,0,0,4097,0,0,1,conservative,4097,0
3,ordinary,1,0,0,*,4097,3,0,0,4097,0,0,1,conservative,4097,0
3,ordinary,1,0,1,+,4097,3,0,0,4097,0,0,1,conservative,4097,0
3,ordinary,1,0,1,-,4097,3,0,0,4097,0,0,1,conservative,4097,0
3,ordinary,1,0,1,*,4097,3,0,0,4097,0,0,1,conservative,4097,0
3,ordinary,1,1,0,+,4097,3,0,0,4097,0,0,1,conservative,4097,0
3,ordinary,1,1,0,-,4097,3,0,0,4097,0,0,1,conservative,4097,0
3,ordinary,1,1,0,*,4097,3,0,0,4097,0,0,1,conservative,4097,0
3,ordinary,1,1,1,+,4097,3,0,0,4097,0,0,1,conservative,4097,0
3,ordinary,1,1,1,-,4097,3,0,0,4097,0,0,1,conservative,4097,0
3,ordinary,1,1,1,*,4097,3,0,0,4097,0,0,1,conservative,4097,0
3,ordinary,1,0,0,+,4097,3,0,0,4097,0,0,1,subset,4097,0
3,ordinary,1,0,0,-,4097,3,0,0,4097,0,0,1,subset,4097,0
3,ordinary,1,0,0,*,4097,3,0,0,4097,0,0,1,subset,4097,0
3,ordinary,1,0,1,+,4097,3,0,0,4097,0,0,1,subset,4097,0
3,ordinary,1,0,1,-,4097,3,0,0,4097,0,0,1,subset,4097,0
3,ordinary,1,0,1,*,4097,3,0,0,4097,0,0,1,subset,4097,0
3,ordinary,1,1,0,+,4097,3,0,0,4097,0,0,1,subset,4097,0
3,ordinary,1,1,0,-,4097,3,0,0,4097,0,0,1,subset,4097,0
3,ordinary,1,1,0,*,4097,3,0,0,4097,0,0,1,subset,4097,0
3,ordinary,1,1,1,+,4097,3,0,0,4097,0,0,1,subset,4097,0
3,ordinary,1,1,1,-,4097,3,0,0,4097,0,0,1,subset,4097,0
3,ordinary,1,1,1,*,4097,3,0,0,4097,0,0,1,subset,4097,0
3,ordinary,1,0,0,+,4097,3,0,0,4097,0,0,1,unknown,0,4097
3,ordinary,1,0,0,-,4097,3,0,0,4097,0,0,1,unknown,0,4097
3,ordinary,1,0,0,*,4097,3,0,0,4097,0,0,1,unknown,0,4097
3,ordinary,1,0,1,+,4097,3,0,0,4097,0,0,1,unknown,0,4097
3,ordinary,1,0,1,-,4097,3,0,0,4097,0,0,1,unknown,0,4097
3,ordinary,1,0,1,*,4097,3,0,0,4097,0,0,1,unknown,0,4097
3,ordinary,1,1,0,+,4097,3,0,0,4097,0,0,1,unknown,0,4097
3,ordinary,1,1,0,-,4097,3,0,0,4097,0,0,1,unknown,0,4097
3,ordinary,1,1,0,*,4097,3,0,0,4097,0,0,1,unknown,0,4097
3,ordinary,1,1,1,+,4097,3,0,0,4097,0,0,1,unknown,0,4097
3,ordinary,1,1,1,-,4097,3,0,0,4097,0,0,1,unknown,0,4097
3,ordinary,1,1,1,*,4097,3,0,0,4097,0,0,1,unknown,0,4097
3,ordinary,1,0,0,+,4097,3,0,0,4097,0,0,1,outside,0,4097
3,ordinary,1,0,0,-,4097,3,0,0,4097,0,0,1,outside,0,4097
3,ordinary,1,0,0,*,4097,3,0,0,4097,0,0,1,outside,0,4097
3,ordinary,1,0,1,+,4097,3,0,0,4097,0,0,1,outside,0,4097
3,ordinary,1,0,1,-,4097,3,0,0,4097,0,0,1,outside,0,4097
3,ordinary,1,0,1,*,4097,3,0,0,4097,0,0,1,outside,0,4097
3,ordinary,1,1,0,+,4097,3,0,0,4097,0,0,1,outside,0,4097
3,ordinary,1,1,0,-,4097,3,0,0,4097,0,0,1,outside,0,4097
3,ordinary,1,1,0,*,4097,3,0,0,4097,0,0,1,outside,0,4097
3,ordinary,1,1,1,+,4097,3,0,0,4097,0,0,1,outside,0,4097
3,ordinary,1,1,1,-,4097,3,0,0,4097,0,0,1,outside,0,4097
3,ordinary,1,1,1,*,4097,3,0,0,4097,0,0,1,outside,0,4097
3,sparse,1,0,0,+,4097,3,9,0,4097,0,0,1,known,4097,0
3,sparse,1,0,0,-,4097,3,9,0,4097,0,0,1,known,4097,0
3,sparse,1,0,0,*,4097,3,9,0,4097,0,0,1,known,4097,0
3,sparse,1,0,1,+,4097,3,9,0,4097,0,0,1,known,4097,0
3,sparse,1,0,1,-,4097,3,9,0,4097,0,0,1,known,4097,0
3,sparse,1,0,1,*,4097,3,9,0,4097,0,0,1,known,4097,0
3,sparse,1,1,0,+,4097,3,9,0,4097,0,0,1,known,4097,0
3,sparse,1,1,0,-,4097,3,9,0,4097,0,0,1,known,4097,0
3,sparse,1,1,0,*,4097,3,9,0,4097,0,0,1,known,4097,0
3,sparse,1,1,1,+,4097,3,9,0,4097,0,0,1,known,4097,0
3,sparse,1,1,1,-,4097,3,9,0,4097,0,0,1,known,4097,0
3,sparse,1,1,1,*,4097,3,9,0,4097,0,0,1,known,4097,0
3,tags,1,0,0,+,259,3,121,0,259,0,0,1,known,259,0
3,tags,1,0,0,-,259,3,121,0,259,0,0,1,known,259,0
3,tags,1,0,0,*,259,3,121,0,259,0,0,1,known,259,0
3,tags,1,0,1,+,259,3,121,0,259,0,0,1,known,259,0
3,tags,1,0,1,-,259,3,121,0,259,0,0,1,known,259,0
3,tags,1,0,1,*,259,3,121,0,259,0,0,1,known,259,0
3,tags,1,1,0,+,259,3,121,0,259,0,0,1,known,259,0
3,tags,1,1,0,-,259,3,121,0,259,0,0,1,known,259,0
3,tags,1,1,0,*,259,3,121,0,259,0,0,1,known,259,0
3,tags,1,1,1,+,259,3,121,0,259,0,0,1,known,259,0
3,tags,1,1,1,-,259,3,121,0,259,0,0,1,known,259,0
3,tags,1,1,1,*,259,3,121,0,259,0,0,1,known,259,0
3,tags,1,0,0,+,259,3,121,0,259,0,0,1,conservative,259,0
3,tags,1,0,0,-,259,3,121,0,259,0,0,1,conservative,259,0
3,tags,1,0,0,*,259,3,121,0,259,0,0,1,conservative,259,0
3,tags,1,0,1,+,259,3,121,0,259,0,0,1,conservative,259,0
3,tags,1,0,1,-,259,3,121,0,259,0,0,1,conservative,259,0
3,tags,1,0,1,*,259,3,121,0,259,0,0,1,conservative,259,0
3,tags,1,1,0,+,259,3,121,0,259,0,0,1,conservative,259,0
3,tags,1,1,0,-,259,3,121,0,259,0,0,1,conservative,259,0
3,tags,1,1,0,*,259,3,121,0,259,0,0,1,conservative,259,0
3,tags,1,1,1,+,259,3,121,0,259,0,0,1,conservative,259,0
3,tags,1,1,1,-,259,3,121,0,259,0,0,1,conservative,259,0
3,tags,1,1,1,*,259,3,121,0,259,0,0,1,conservative,259,0
3,tags,1,0,0,+,259,3,121,0,259,0,0,1,subset,259,0
3,tags,1,0,0,-,259,3,121,0,259,0,0,1,subset,259,0
3,tags,1,0,0,*,259,3,121,0,259,0,0,1,subset,259,0
3,tags,1,0,1,+,259,3,121,0,259,0,0,1,subset,259,0
3,tags,1,0,1,-,259,3,121,0,259,0,0,1,subset,259,0
3,tags,1,0,1,*,259,3,121,0,259,0,0,1,subset,259,0
3,tags,1,1,0,+,259,3,121,0,259,0,0,1,subset,259,0
3,tags,1,1,0,-,259,3,121,0,259,0,0,1,subset,259,0
3,tags,1,1,0,*,259,3,121,0,259,0,0,1,subset,259,0
3,tags,1,1,1,+,259,3,121,0,259,0,0,1,subset,259,0
3,tags,1,1,1,-,259,3,121,0,259,0,0,1,subset,259,0
3,tags,1,1,1,*,259,3,121,0,259,0,0,1,subset,259,0
3,tags,1,0,0,+,259,3,121,0,259,0,0,1,unknown,0,259
3,tags,1,0,0,-,259,3,121,0,259,0,0,1,unknown,0,259
3,tags,1,0,0,*,259,3,121,0,259,0,0,1,unknown,0,259
3,tags,1,0,1,+,259,3,121,0,259,0,0,1,unknown,0,259
3,tags,1,0,1,-,259,3,121,0,259,0,0,1,unknown,0,259
3,tags,1,0,1,*,259,3,121,0,259,0,0,1,unknown,0,259
3,tags,1,1,0,+,259,3,121,0,259,0,0,1,unknown,0,259
3,tags,1,1,0,-,259,3,121,0,259,0,0,1,unknown,0,259
3,tags,1,1,0,*,259,3,121,0,259,0,0,1,unknown,0,259
3,tags,1,1,1,+,259,3,121,0,259,0,0,1,unknown,0,259
3,tags,1,1,1,-,259,3,121,0,259,0,0,1,unknown,0,259
3,tags,1,1,1,*,259,3,121,0,259,0,0,1,unknown,0,259
3,tags,1,0,0,+,259,3,121,0,259,0,0,1,outside,0,259
3,tags,1,0,0,-,259,3,121,0,259,0,0,1,outside,0,259
3,tags,1,0,0,*,259,3,121,0,259,0,0,1,outside,0,259
3,tags,1,0,1,+,259,3,121,0,259,0,0,1,outside,0,259
3,tags,1,0,1,-,259,3,121,0,259,0,0,1,outside,0,259
3,tags,1,0,1,*,259,3,121,0,259,0,0,1,outside,0,259
3,tags,1,1,0,+,259,3,121,0,259,0,0,1,outside,0,259
3,tags,1,1,0,-,259,3,121,0,259,0,0,1,outside,0,259
3,tags,1,1,0,*,259,3,121,0,259,0,0,1,outside,0,259
3,tags,1,1,1,+,259,3,121,0,259,0,0,1,outside,0,259
3,tags,1,1,1,-,259,3,121,0,259,0,0,1,outside,0,259
3,tags,1,1,1,*,259,3,121,0,259,0,0,1,outside,0,259
3,cancel,1,0,0,+,259,3,0,0,259,0,0,1,known,259,0
3,cancel,1,0,0,-,259,3,0,0,259,0,0,1,known,259,0
3,cancel,1,0,0,*,259,3,0,0,259,0,0,1,known,259,0
3,cancel,1,0,1,+,259,3,0,0,259,0,0,1,known,259,0
3,cancel,1,0,1,-,259,3,0,0,259,0,0,1,known,259,0
3,cancel,1,0,1,*,259,3,0,0,259,0,0,1,known,259,0
3,cancel,1,1,0,+,259,3,0,0,259,0,0,1,known,259,0
3,cancel,1,1,0,-,259,3,0,0,259,0,0,1,known,259,0
3,cancel,1,1,0,*,259,3,0,0,259,0,0,1,known,259,0
3,cancel,1,1,1,+,259,3,0,0,259,0,0,1,known,259,0
3,cancel,1,1,1,-,259,3,0,0,259,0,0,1,known,259,0
3,cancel,1,1,1,*,259,3,0,0,259,0,0,1,known,259,0
3,ordinary,1,0,0,+,4097,3,0,0,8194,0,0,3,known,4097,0
3,ordinary,1,0,0,-,4097,3,0,0,8194,0,0,3,known,4097,0
3,ordinary,1,0,0,*,4097,3,0,0,8194,0,0,3,known,4097,0
3,ordinary,1,0,1,+,4097,3,0,0,8194,0,0,3,known,4097,0
3,ordinary,1,0,1,-,4097,3,0,0,8194,0,0,3,known,4097,0
3,ordinary,1,0,1,*,4097,3,0,0,8194,0,0,3,known,4097,0
3,ordinary,1,1,0,+,4097,3,0,0,8194,0,0,3,known,4097,0
3,ordinary,1,1,0,-,4097,3,0,0,8194,0,0,3,known,4097,0
3,ordinary,1,1,0,*,4097,3,0,0,8194,0,0,3,known,4097,0
3,ordinary,1,1,1,+,4097,3,0,0,8194,0,0,3,known,4097,0
3,ordinary,1,1,1,-,4097,3,0,0,8194,0,0,3,known,4097,0
3,ordinary,1,1,1,*,4097,3,0,0,8194,0,0,3,known,4097,0
3,ordinary,1,0,0,+,4097,3,0,0,8194,0,0,3,conservative,4097,0
3,ordinary,1,0,0,-,4097,3,0,0,8194,0,0,3,conservative,4097,0
3,ordinary,1,0,0,*,4097,3,0,0,8194,0,0,3,conservative,4097,0
3,ordinary,1,0,1,+,4097,3,0,0,8194,0,0,3,conservative,4097,0
3,ordinary,1,0,1,-,4097,3,0,0,8194,0,0,3,conservative,4097,0
3,ordinary,1,0,1,*,4097,3,0,0,8194,0,0,3,conservative,4097,0
3,ordinary,1,1,0,+,4097,3,0,0,8194,0,0,3,conservative,4097,0
3,ordinary,1,1,0,-,4097,3,0,0,8194,0,0,3,conservative,4097,0
3,ordinary,1,1,0,*,4097,3,0,0,8194,0,0,3,conservative,4097,0
3,ordinary,1,1,1,+,4097,3,0,0,8194,0,0,3,conservative,4097,0
3,ordinary,1,1,1,-,4097,3,0,0,8194,0,0,3,conservative,4097,0
3,ordinary,1,1,1,*,4097,3,0,0,8194,0,0,3,conservative,4097,0
3,ordinary,1,0,0,+,4097,3,0,0,8194,0,0,3,subset,4097,0
3,ordinary,1,0,0,-,4097,3,0,0,8194,0,0,3,subset,4097,0
3,ordinary,1,0,0,*,4097,3,0,0,8194,0,0,3,subset,4097,0
3,ordinary,1,0,1,+,4097,3,0,0,8194,0,0,3,subset,4097,0
3,ordinary,1,0,1,-,4097,3,0,0,8194,0,0,3,subset,4097,0
3,ordinary,1,0,1,*,4097,3,0,0,8194,0,0,3,subset,4097,0
3,ordinary,1,1,0,+,4097,3,0,0,8194,0,0,3,subset,4097,0
3,ordinary,1,1,0,-,4097,3,0,0,8194,0,0,3,subset,4097,0
3,ordinary,1,1,0,*,4097,3,0,0,8194,0,0,3,subset,4097,0
3,ordinary,1,1,1,+,4097,3,0,0,8194,0,0,3,subset,4097,0
3,ordinary,1,1,1,-,4097,3,0,0,8194,0,0,3,subset,4097,0
3,ordinary,1,1,1,*,4097,3,0,0,8194,0,0,3,subset,4097,0
3,ordinary,1,0,0,+,4097,3,0,0,8194,0,0,3,unknown,0,4097
3,ordinary,1,0,0,-,4097,3,0,0,8194,0,0,3,unknown,0,4097
3,ordinary,1,0,0,*,4097,3,0,0,8194,0,0,3,unknown,0,4097
3,ordinary,1,0,1,+,4097,3,0,0,8194,0,0,3,unknown,0,4097
3,ordinary,1,0,1,-,4097,3,0,0,8194,0,0,3,unknown,0,4097
3,ordinary,1,0,1,*,4097,3,0,0,8194,0,0,3,unknown,0,4097
3,ordinary,1,1,0,+,4097,3,0,0,8194,0,0,3,unknown,0,4097
3,ordinary,1,1,0,-,4097,3,0,0,8194,0,0,3,unknown,0,4097
3,ordinary,1,1,0,*,4097,3,0,0,8194,0,0,3,unknown,0,4097
3,ordinary,1,1,1,+,4097,3,0,0,8194,0,0,3,unknown,0,4097
3,ordinary,1,1,1,-,4097,3,0,0,8194,0,0,3,unknown,0,4097
3,ordinary,1,1,1,*,4097,3,0,0,8194,0,0,3,unknown,0,4097
3,ordinary,1,0,0,+,4097,3,0,0,8194,0,0,3,outside,0,4097
3,ordinary,1,0,0,-,4097,3,0,0,8194,0,0,3,outside,0,4097
3,ordinary,1,0,0,*,4097,3,0,0,8194,0,0,3,outside,0,4097
3,ordinary,1,0,1,+,4097,3,0,0,8194,0,0,3,outside,0,4097
3,ordinary,1,0,1,-,4097,3,0,0,8194,0,0,3,outside,0,4097
3,ordinary,1,0,1,*,4097,3,0,0,8194,0,0,3,outside,0,4097
3,ordinary,1,1,0,+,4097,3,0,0,8194,0,0,3,outside,0,4097
3,ordinary,1,1,0,-,4097,3,0,0,8194,0,0,3,outside,0,4097
3,ordinary,1,1,0,*,4097,3,0,0,8194,0,0,3,outside,0,4097
3,ordinary,1,1,1,+,4097,3,0,0,8194,0,0,3,outside,0,4097
3,ordinary,1,1,1,-,4097,3,0,0,8194,0,0,3,outside,0,4097
3,ordinary,1,1,1,*,4097,3,0,0,8194,0,0,3,outside,0,4097
3,sparse,1,0,0,+,4097,3,9,0,8194,0,0,3,known,4097,0
3,sparse,1,0,0,-,4097,3,9,0,8194,0,0,3,known,4097,0
3,sparse,1,0,0,*,4097,3,9,0,8194,0,0,3,known,4097,0
3,sparse,1,0,1,+,4097,3,9,0,8194,0,0,3,known,4097,0
3,sparse,1,0,1,-,4097,3,9,0,8194,0,0,3,known,4097,0
3,sparse,1,0,1,*,4097,3,9,0,8194,0,0,3,known,4097,0
3,sparse,1,1,0,+,4097,3,9,0,8194,0,0,3,known,4097,0
3,sparse,1,1,0,-,4097,3,9,0,8194,0,0,3,known,4097,0
3,sparse,1,1,0,*,4097,3,9,0,8194,0,0,3,known,4097,0
3,sparse,1,1,1,+,4097,3,9,0,8194,0,0,3,known,4097,0
3,sparse,1,1,1,-,4097,3,9,0,8194,0,0,3,known,4097,0
3,sparse,1,1,1,*,4097,3,9,0,8194,0,0,3,known,4097,0
3,tags,1,0,0,+,259,3,121,0,518,0,0,3,known,259,0
3,tags,1,0,0,-,259,3,121,0,518,0,0,3,known,259,0
3,tags,1,0,0,*,259,3,121,0,518,0,0,3,known,259,0
3,tags,1,0,1,+,259,3,121,0,518,0,0,3,known,259,0
3,tags,1,0,1,-,259,3,121,0,518,0,0,3,known,259,0
3,tags,1,0,1,*,259,3,121,0,518,0,0,3,known,259,0
3,tags,1,1,0,+,259,3,121,0,518,0,0,3,known,259,0
3,tags,1,1,0,-,259,3,121,0,518,0,0,3,known,259,0
3,tags,1,1,0,*,259,3,121,0,518,0,0,3,known,259,0
3,tags,1,1,1,+,259,3,121,0,518,0,0,3,known,259,0
3,tags,1,1,1,-,259,3,121,0,518,0,0,3,known,259,0
3,tags,1,1,1,*,259,3,121,0,518,0,0,3,known,259,0
3,tags,1,0,0,+,259,3,121,0,518,0,0,3,conservative,259,0
3,tags,1,0,0,-,259,3,121,0,518,0,0,3,conservative,259,0
3,tags,1,0,0,*,259,3,121,0,518,0,0,3,conservative,259,0
3,tags,1,0,1,+,259,3,121,0,518,0,0,3,conservative,259,0
3,tags,1,0,1,-,259,3,121,0,518,0,0,3,conservative,259,0
3,tags,1,0,1,*,259,3,121,0,518,0,0,3,conservative,259,0
3,tags,1,1,0,+,259,3,121,0,518,0,0,3,conservative,259,0
3,tags,1,1,0,-,259,3,121,0,518,0,0,3,conservative,259,0
3,tags,1,1,0,*,259,3,121,0,518,0,0,3,conservative,259,0
3,tags,1,1,1,+,259,3,121,0,518,0,0,3,conservative,259,0
3,tags,1,1,1,-,259,3,121,0,518,0,0,3,conservative,259,0
3,tags,1,1,1,*,259,3,121,0,518,0,0,3,conservative,259,0
3,tags,1,0,0,+,259,3,121,0,518,0,0,3,subset,259,0
3,tags,1,0,0,-,259,3,121,0,518,0,0,3,subset,259,0
3,tags,1,0,0,*,259,3,121,0,518,0,0,3,subset,259,0
3,tags,1,0,1,+,259,3,121,0,518,0,0,3,subset,259,0
3,tags,1,0,1,-,259,3,121,0,518,0,0,3,subset,259,0
3,tags,1,0,1,*,259,3,121,0,518,0,0,3,subset,259,0
3,tags,1,1,0,+,259,3,121,0,518,0,0,3,subset,259,0
3,tags,1,1,0,-,259,3,121,0,518,0,0,3,subset,259,0
3,tags,1,1,0,*,259,3,121,0,518,0,0,3,subset,259,0
3,tags,1,1,1,+,259,3,121,0,518,0,0,3,subset,259,0
3,tags,1,1,1,-,259,3,121,0,518,0,0,3,subset,259,0
3,tags,1,1,1,*,259,3,121,0,518,0,0,3,subset,259,0
3,tags,1,0,0,+,259,3,121,0,518,0,0,3,unknown,0,259
3,tags,1,0,0,-,259,3,121,0,518,0,0,3,unknown,0,259
3,tags,1,0,0,*,259,3,121,0,518,0,0,3,unknown,0,259
3,tags,1,0,1,+,259,3,121,0,518,0,0,3,unknown,0,259
3,tags,1,0,1,-,259,3,121,0,518,0,0,3,unknown,0,259
3,tags,1,0,1,*,259,3,121,0,518,0,0,3,unknown,0,259
3,tags,1,1,0,+,259,3,121,0,518,0,0,3,unknown,0,259
3,tags,1,1,0,-,259,3,121,0,518,0,0,3,unknown,0,259
3,tags,1,1,0,*,259,3,121,0,518,0,0,3,unknown,0,259
3,tags,1,1,1,+,259,3,121,0,518,0,0,3,unknown,0,259
3,tags,1,1,1,-,259,3,121,0,518,0,0,3,unknown,0,259
3,tags,1,1,1,*,259,3,121,0,518,0,0,3,unknown,0,259
3,tags,1,0,0,+,259,3,121,0,518,0,0,3,outside,0,259
3,tags,1,0,0,-,259,3,121,0,518,0,0,3,outside,0,259
3,tags,1,0,0,*,259,3,121,0,518,0,0,3,outside,0,259
3,tags,1,0,1,+,259,3,121,0,518,0,0,3,outside,0,259
3,tags,1,0,1,-,259,3,121,0,518,0,0,3,outside,0,259
3,tags,1,0,1,*,259,3,121,0,518,0,0,3,outside,0,259
3,tags,1,1,0,+,259,3,121,0,518,0,0,3,outside,0,259
3,tags,1,1,0,-,259,3,121,0,518,0,0,3,outside,0,259
3,tags,1,1,0,*,259,3,121,0,518,0,0,3,outside,0,259
3,tags,1,1,1,+,259,3,121,0,518,0,0,3,outside,0,259
3,tags,1,1,1,-,259,3,121,0,518,0,0,3,outside,0,259
3,tags,1,1,1,*,259,3,121,0,518,0,0,3,outside,0,259
3,cancel,1,0,0,+,259,3,0,0,518,0,0,3,known,259,0
3,cancel,1,0,0,-,259,3,0,0,518,0,0,3,known,259,0
3,cancel,1,0,0,*,259,3,0,0,518,0,0,3,known,259,0
3,cancel,1,0,1,+,259,3,0,0,518,0,0,3,known,259,0
3,cancel,1,0,1,-,259,3,0,0,518,0,0,3,known,259,0
3,cancel,1,0,1,*,259,3,0,0,518,0,0,3,known,259,0
3,cancel,1,1,0,+,259,3,0,0,518,0,0,3,known,259,0
3,cancel,1,1,0,-,259,3,0,0,518,0,0,3,known,259,0
3,cancel,1,1,0,*,259,3,0,0,518,0,0,3,known,259,0
3,cancel,1,1,1,+,259,3,0,0,518,0,0,3,known,259,0
3,cancel,1,1,1,-,259,3,0,0,518,0,0,3,known,259,0
3,cancel,1,1,1,*,259,3,0,0,518,0,0,3,known,259,0
3,limit_above,1,0,0,+,259,3,0,0,259,0,0,1,known,259,0
3,limit_above,1,0,0,-,259,3,0,0,259,0,0,1,known,259,0
3,limit_above,1,0,0,*,259,4,0,518,259,0,0,1,known,0,259
3,limit_above,1,0,1,+,259,3,0,0,259,0,0,1,known,259,0
3,limit_above,1,0,1,-,259,3,0,0,259,0,0,1,known,259,0
3,limit_above,1,0,1,*,259,4,0,518,259,0,0,1,known,0,259
3,limit_above,1,1,0,+,259,3,0,0,259,0,0,1,known,259,0
3,limit_above,1,1,0,-,259,3,0,0,259,0,0,1,known,259,0
3,limit_above,1,1,0,*,259,4,0,518,259,0,0,1,known,0,259
3,limit_above,1,1,1,+,259,3,0,0,259,0,0,1,known,259,0
3,limit_above,1,1,1,-,259,3,0,0,259,0,0,1,known,259,0
3,limit_above,1,1,1,*,259,4,0,518,259,0,0,1,known,0,259
3,limit_above,1,0,0,+,259,3,0,0,259,0,0,1,unknown,0,259
3,limit_above,1,0,0,-,259,3,0,0,259,0,0,1,unknown,0,259
3,limit_above,1,0,0,*,259,4,0,518,259,0,0,1,unknown,0,259
3,limit_above,1,0,1,+,259,3,0,0,259,0,0,1,unknown,0,259
3,limit_above,1,0,1,-,259,3,0,0,259,0,0,1,unknown,0,259
3,limit_above,1,0,1,*,259,4,0,518,259,0,0,1,unknown,0,259
3,limit_above,1,1,0,+,259,3,0,0,259,0,0,1,unknown,0,259
3,limit_above,1,1,0,-,259,3,0,0,259,0,0,1,unknown,0,259
3,limit_above,1,1,0,*,259,4,0,518,259,0,0,1,unknown,0,259
3,limit_above,1,1,1,+,259,3,0,0,259,0,0,1,unknown,0,259
3,limit_above,1,1,1,-,259,3,0,0,259,0,0,1,unknown,0,259
3,limit_above,1,1,1,*,259,4,0,518,259,0,0,1,unknown,0,259
3,limit_below,1,0,0,+,259,3,0,0,259,0,0,1,known,259,0
3,limit_below,1,0,0,-,259,3,0,0,259,0,0,1,known,259,0
3,limit_below,1,0,0,*,259,3,0,0,259,0,0,1,known,0,259
3,limit_below,1,0,1,+,259,3,0,0,259,0,0,1,known,259,0
3,limit_below,1,0,1,-,259,3,0,0,259,0,0,1,known,259,0
3,limit_below,1,0,1,*,259,3,0,0,259,0,0,1,known,0,259
3,limit_below,1,1,0,+,259,3,0,0,259,0,0,1,known,259,0
3,limit_below,1,1,0,-,259,3,0,0,259,0,0,1,known,259,0
3,limit_below,1,1,0,*,259,3,0,0,259,0,0,1,known,0,259
3,limit_below,1,1,1,+,259,3,0,0,259,0,0,1,known,259,0
3,limit_below,1,1,1,-,259,3,0,0,259,0,0,1,known,259,0
3,limit_below,1,1,1,*,259,3,0,0,259,0,0,1,known,0,259
3,limit_below,1,0,0,+,259,3,0,0,259,0,0,1,unknown,0,259
3,limit_below,1,0,0,-,259,3,0,0,259,0,0,1,unknown,0,259
3,limit_below,1,0,0,*,259,3,0,0,259,0,0,1,unknown,0,259
3,limit_below,1,0,1,+,259,3,0,0,259,0,0,1,unknown,0,259
3,limit_below,1,0,1,-,259,3,0,0,259,0,0,1,unknown,0,259
3,limit_below,1,0,1,*,259,3,0,0,259,0,0,1,unknown,0,259
3,limit_below,1,1,0,+,259,3,0,0,259,0,0,1,unknown,0,259
3,limit_below,1,1,0,-,259,3,0,0,259,0,0,1,unknown,0,259
3,limit_below,1,1,0,*,259,3,0,0,259,0,0,1,unknown,0,259
3,limit_below,1,1,1,+,259,3,0,0,259,0,0,1,unknown,0,259
3,limit_below,1,1,1,-,259,3,0,0,259,0,0,1,unknown,0,259
3,limit_below,1,1,1,*,259,3,0,0,259,0,0,1,unknown,0,259
3,physical_min,1,0,0,+,259,3,0,0,259,0,0,1,known,259,0
3,physical_min,1,0,0,-,259,3,0,0,259,0,0,1,known,259,0
3,physical_min,1,0,0,*,259,3,0,0,259,0,0,1,known,259,0
3,physical_min,1,0,1,+,259,3,0,0,259,0,0,1,known,259,0
3,physical_min,1,0,1,-,259,3,0,0,259,0,0,1,known,259,0
3,physical_min,1,0,1,*,259,3,0,0,259,0,0,1,known,259,0
3,physical_min,1,1,0,+,259,3,0,0,259,0,0,1,known,259,0
3,physical_min,1,1,0,-,259,3,0,0,259,0,0,1,known,259,0
3,physical_min,1,1,0,*,259,3,0,0,259,0,0,1,known,259,0
3,physical_min,1,1,1,+,259,3,0,0,259,0,0,1,known,259,0
3,physical_min,1,1,1,-,259,3,0,0,259,0,0,1,known,259,0
3,physical_min,1,1,1,*,259,3,0,0,259,0,0,1,known,259,0
3,physical_min,1,0,0,+,259,3,0,0,259,0,0,1,unknown,0,259
3,physical_min,1,0,0,-,259,3,0,0,259,0,0,1,unknown,0,259
3,physical_min,1,0,0,*,259,3,0,0,259,0,0,1,unknown,0,259
3,physical_min,1,0,1,+,259,3,0,0,259,0,0,1,unknown,0,259
3,physical_min,1,0,1,-,259,3,0,0,259,0,0,1,unknown,0,259
3,physical_min,1,0,1,*,259,3,0,0,259,0,0,1,unknown,0,259
3,physical_min,1,1,0,+,259,3,0,0,259,0,0,1,unknown,0,259
3,physical_min,1,1,0,-,259,3,0,0,259,0,0,1,unknown,0,259
3,physical_min,1,1,0,*,259,3,0,0,259,0,0,1,unknown,0,259
3,physical_min,1,1,1,+,259,3,0,0,259,0,0,1,unknown,0,259
3,physical_min,1,1,1,-,259,3,0,0,259,0,0,1,unknown,0,259
3,physical_min,1,1,1,*,259,3,0,0,259,0,0,1,unknown,0,259
3,endpoint,1,0,0,+,259,3,0,259,259,0,0,1,known,0,259
3,endpoint,1,0,0,-,259,3,0,0,259,0,0,1,known,0,259
3,endpoint,1,0,0,*,259,3,0,259,259,0,0,1,known,0,259
3,endpoint,1,0,1,+,259,3,0,259,259,0,0,1,known,0,259
3,endpoint,1,0,1,-,259,3,0,0,259,0,0,1,known,0,259
3,endpoint,1,0,1,*,259,3,0,259,259,0,0,1,known,0,259
3,endpoint,1,1,0,+,259,3,0,259,259,0,0,1,known,0,259
3,endpoint,1,1,0,-,259,3,0,0,259,0,0,1,known,0,259
3,endpoint,1,1,0,*,259,3,0,259,259,0,0,1,known,0,259
3,endpoint,1,1,1,+,259,3,0,259,259,0,0,1,known,0,259
3,endpoint,1,1,1,-,259,3,0,0,259,0,0,1,known,0,259
3,endpoint,1,1,1,*,259,3,0,259,259,0,0,1,known,0,259
3,endpoint,1,0,0,+,259,3,0,259,259,0,0,1,unknown,0,259
3,endpoint,1,0,0,-,259,3,0,0,259,0,0,1,unknown,0,259
3,endpoint,1,0,0,*,259,3,0,259,259,0,0,1,unknown,0,259
3,endpoint,1,0,1,+,259,3,0,259,259,0,0,1,unknown,0,259
3,endpoint,1,0,1,-,259,3,0,0,259,0,0,1,unknown,0,259
3,endpoint,1,0,1,*,259,3,0,259,259,0,0,1,unknown,0,259
3,endpoint,1,1,0,+,259,3,0,259,259,0,0,1,unknown,0,259
3,endpoint,1,1,0,-,259,3,0,0,259,0,0,1,unknown,0,259
3,endpoint,1,1,0,*,259,3,0,259,259,0,0,1,unknown,0,259
3,endpoint,1,1,1,+,259,3,0,259,259,0,0,1,unknown,0,259
3,endpoint,1,1,1,-,259,3,0,0,259,0,0,1,unknown,0,259
3,endpoint,1,1,1,*,259,3,0,259,259,0,0,1,unknown,0,259
3,sum_inside,1,0,0,+,259,3,0,0,518,0,0,3,known,259,0
3,sum_inside,1,0,0,-,259,3,0,0,518,0,0,3,known,259,0
3,sum_inside,1,0,0,*,259,4,0,518,518,0,0,3,known,0,259
3,sum_inside,1,0,1,+,259,3,0,0,518,0,0,3,known,259,0
3,sum_inside,1,0,1,-,259,3,0,0,518,0,0,3,known,259,0
3,sum_inside,1,0,1,*,259,4,0,518,518,0,0,3,known,0,259
3,sum_inside,1,1,0,+,259,3,0,0,518,0,0,3,known,259,0
3,sum_inside,1,1,0,-,259,3,0,0,518,0,0,3,known,259,0
3,sum_inside,1,1,0,*,259,4,0,518,518,0,0,3,known,0,259
3,sum_inside,1,1,1,+,259,3,0,0,518,0,0,3,known,259,0
3,sum_inside,1,1,1,-,259,3,0,0,518,0,0,3,known,259,0
3,sum_inside,1,1,1,*,259,4,0,518,518,0,0,3,known,0,259
3,sum_inside,1,0,0,+,259,3,0,0,518,0,0,3,unknown,0,259
3,sum_inside,1,0,0,-,259,3,0,0,518,0,0,3,unknown,0,259
3,sum_inside,1,0,0,*,259,4,0,518,518,0,0,3,unknown,0,259
3,sum_inside,1,0,1,+,259,3,0,0,518,0,0,3,unknown,0,259
3,sum_inside,1,0,1,-,259,3,0,0,518,0,0,3,unknown,0,259
3,sum_inside,1,0,1,*,259,4,0,518,518,0,0,3,unknown,0,259
3,sum_inside,1,1,0,+,259,3,0,0,518,0,0,3,unknown,0,259
3,sum_inside,1,1,0,-,259,3,0,0,518,0,0,3,unknown,0,259
3,sum_inside,1,1,0,*,259,4,0,518,518,0,0,3,unknown,0,259
3,sum_inside,1,1,1,+,259,3,0,0,518,0,0,3,unknown,0,259
3,sum_inside,1,1,1,-,259,3,0,0,518,0,0,3,unknown,0,259
3,sum_inside,1,1,1,*,259,4,0,518,518,0,0,3,unknown,0,259
3,product_inside,1,0,0,+,259,3,0,0,518,0,0,3,known,259,0
3,product_inside,1,0,0,-,259,3,0,0,518,0,0,3,known,259,0
3,product_inside,1,0,0,*,259,3,0,0,518,0,0,3,known,259,0
3,product_inside,1,0,1,+,259,3,0,0,518,0,0,3,known,259,0
3,product_inside,1,0,1,-,259,3,0,0,518,0,0,3,known,259,0
3,product_inside,1,0,1,*,259,3,0,0,518,0,0,3,known,259,0
3,product_inside,1,1,0,+,259,3,0,0,518,0,0,3,known,259,0
3,product_inside,1,1,0,-,259,3,0,0,518,0,0,3,known,259,0
3,product_inside,1,1,0,*,259,3,0,0,518,0,0,3,known,259,0
3,product_inside,1,1,1,+,259,3,0,0,518,0,0,3,known,259,0
3,product_inside,1,1,1,-,259,3,0,0,518,0,0,3,known,259,0
3,product_inside,1,1,1,*,259,3,0,0,518,0,0,3,known,259,0
3,product_inside,1,0,0,+,259,3,0,0,518,0,0,3,unknown,0,259
3,product_inside,1,0,0,-,259,3,0,0,518,0,0,3,unknown,0,259
3,product_inside,1,0,0,*,259,3,0,0,518,0,0,3,unknown,0,259
3,product_inside,1,0,1,+,259,3,0,0,518,0,0,3,unknown,0,259
3,product_inside,1,0,1,-,259,3,0,0,518,0,0,3,unknown,0,259
3,product_inside,1,0,1,*,259,3,0,0,518,0,0,3,unknown,0,259
3,product_inside,1,1,0,+,259,3,0,0,518,0,0,3,unknown,0,259
3,product_inside,1,1,0,-,259,3,0,0,518,0,0,3,unknown,0,259
3,product_inside,1,1,0,*,259,3,0,0,518,0,0,3,unknown,0,259
3,product_inside,1,1,1,+,259,3,0,0,518,0,0,3,unknown,0,259
3,product_inside,1,1,1,-,259,3,0,0,518,0,0,3,unknown,0,259
3,product_inside,1,1,1,*,259,3,0,0,518,0,0,3,unknown,0,259
3,product_endpoint,1,0,0,+,259,3,0,0,518,0,0,3,known,259,0
3,product_endpoint,1,0,0,-,259,3,0,0,518,0,0,3,known,259,0
3,product_endpoint,1,0,0,*,259,3,0,518,518,0,0,3,known,0,259
3,product_endpoint,1,0,1,+,259,3,0,0,518,0,0,3,known,259,0
3,product_endpoint,1,0,1,-,259,3,0,0,518,0,0,3,known,259,0
3,product_endpoint,1,0,1,*,259,3,0,518,518,0,0,3,known,0,259
3,product_endpoint,1,1,0,+,259,3,0,0,518,0,0,3,known,259,0
3,product_endpoint,1,1,0,-,259,3,0,0,518,0,0,3,known,259,0
3,product_endpoint,1,1,0,*,259,3,0,518,518,0,0,3,known,0,259
3,product_endpoint,1,1,1,+,259,3,0,0,518,0,0,3,known,259,0
3,product_endpoint,1,1,1,-,259,3,0,0,518,0,0,3,known,259,0
3,product_endpoint,1,1,1,*,259,3,0,518,518,0,0,3,known,0,259
3,product_endpoint,1,0,0,+,259,3,0,0,518,0,0,3,unknown,0,259
3,product_endpoint,1,0,0,-,259,3,0,0,518,0,0,3,unknown,0,259
3,product_endpoint,1,0,0,*,259,3,0,518,518,0,0,3,unknown,0,259
3,product_endpoint,1,0,1,+,259,3,0,0,518,0,0,3,unknown,0,259
3,product_endpoint,1,0,1,-,259,3,0,0,518,0,0,3,unknown,0,259
3,product_endpoint,1,0,1,*,259,3,0,518,518,0,0,3,unknown,0,259
3,product_endpoint,1,1,0,+,259,3,0,0,518,0,0,3,unknown,0,259
3,product_endpoint,1,1,0,-,259,3,0,0,518,0,0,3,unknown,0,259
3,product_endpoint,1,1,0,*,259,3,0,518,518,0,0,3,unknown,0,259
3,product_endpoint,1,1,1,+,259,3,0,0,518,0,0,3,unknown,0,259
3,product_endpoint,1,1,1,-,259,3,0,0,518,0,0,3,unknown,0,259
3,product_endpoint,1,1,1,*,259,3,0,518,518,0,0,3,unknown,0,259
3,product_outside,1,0,0,+,259,3,0,0,518,0,0,3,known,259,0
3,product_outside,1,0,0,-,259,3,0,0,518,0,0,3,known,259,0
3,product_outside,1,0,0,*,259,4,0,518,518,0,0,3,known,0,259
3,product_outside,1,0,1,+,259,3,0,0,518,0,0,3,known,259,0
3,product_outside,1,0,1,-,259,3,0,0,518,0,0,3,known,259,0
3,product_outside,1,0,1,*,259,4,0,518,518,0,0,3,known,0,259
3,product_outside,1,1,0,+,259,3,0,0,518,0,0,3,known,259,0
3,product_outside,1,1,0,-,259,3,0,0,518,0,0,3,known,259,0
3,product_outside,1,1,0,*,259,4,0,518,518,0,0,3,known,0,259
3,product_outside,1,1,1,+,259,3,0,0,518,0,0,3,known,259,0
3,product_outside,1,1,1,-,259,3,0,0,518,0,0,3,known,259,0
3,product_outside,1,1,1,*,259,4,0,518,518,0,0,3,known,0,259
3,product_outside,1,0,0,+,259,3,0,0,518,0,0,3,unknown,0,259
3,product_outside,1,0,0,-,259,3,0,0,518,0,0,3,unknown,0,259
3,product_outside,1,0,0,*,259,4,0,518,518,0,0,3,unknown,0,259
3,product_outside,1,0,1,+,259,3,0,0,518,0,0,3,unknown,0,259
3,product_outside,1,0,1,-,259,3,0,0,518,0,0,3,unknown,0,259
3,product_outside,1,0,1,*,259,4,0,518,518,0,0,3,unknown,0,259
3,product_outside,1,1,0,+,259,3,0,0,518,0,0,3,unknown,0,259
3,product_outside,1,1,0,-,259,3,0,0,518,0,0,3,unknown,0,259
3,product_outside,1,1,0,*,259,4,0,518,518,0,0,3,unknown,0,259
3,product_outside,1,1,1,+,259,3,0,0,518,0,0,3,unknown,0,259
3,product_outside,1,1,1,-,259,3,0,0,518,0,0,3,unknown,0,259
3,product_outside,1,1,1,*,259,4,0,518,518,0,0,3,unknown,0,259
3,endpoint,1,0,0,+,259,3,0,518,518,0,0,3,known,0,259
3,endpoint,1,0,0,-,259,3,0,0,518,0,0,3,known,0,259
3,endpoint,1,0,0,*,259,3,0,518,518,0,0,3,known,0,259
3,endpoint,1,0,1,+,259,3,0,518,518,0,0,3,known,0,259
3,endpoint,1,0,1,-,259,3,0,0,518,0,0,3,known,0,259
3,endpoint,1,0,1,*,259,3,0,518,518,0,0,3,known,0,259
3,endpoint,1,1,0,+,259,3,0,518,518,0,0,3,known,0,259
3,endpoint,1,1,0,-,259,3,0,0,518,0,0,3,known,0,259
3,endpoint,1,1,0,*,259,3,0,518,518,0,0,3,known,0,259
3,endpoint,1,1,1,+,259,3,0,518,518,0,0,3,known,0,259
3,endpoint,1,1,1,-,259,3,0,0,518,0,0,3,known,0,259
3,endpoint,1,1,1,*,259,3,0,518,518,0,0,3,known,0,259
3,endpoint,1,0,0,+,259,3,0,518,518,0,0,3,unknown,0,259
3,endpoint,1,0,0,-,259,3,0,0,518,0,0,3,unknown,0,259
3,endpoint,1,0,0,*,259,3,0,518,518,0,0,3,unknown,0,259
3,endpoint,1,0,1,+,259,3,0,518,518,0,0,3,unknown,0,259
3,endpoint,1,0,1,-,259,3,0,0,518,0,0,3,unknown,0,259
3,endpoint,1,0,1,*,259,3,0,518,518,0,0,3,unknown,0,259
3,endpoint,1,1,0,+,259,3,0,518,518,0,0,3,unknown,0,259
3,endpoint,1,1,0,-,259,3,0,0,518,0,0,3,unknown,0,259
3,endpoint,1,1,0,*,259,3,0,518,518,0,0,3,unknown,0,259
3,endpoint,1,1,1,+,259,3,0,518,518,0,0,3,unknown,0,259
3,endpoint,1,1,1,-,259,3,0,0,518,0,0,3,unknown,0,259
3,endpoint,1,1,1,*,259,3,0,518,518,0,0,3,unknown,0,259
