variant,round,phase,threads,panel,pattern,pattern_position,layout,layout_position,operation,operation_position,representation,position,rows,repetitions,x_missing,y_missing,pair_missing,rank_x_hash,rank_y_hash,cpu,wall,result_hash,input_hash,y_hash,compact_before,compact_after,materialized_before,materialized_after,y_compact_before,y_compact_after,y_materialized_before,y_materialized_after,retained_before,retained_after,y_retained_before,y_retained_after,chunks_before,chunks_after,y_chunks_before,y_chunks_after,metadata_x,metadata_y,native_qualified
baseline,1,measure,1,pattern,dense_prefix256,1,retained,1,pair_less,1,typed_double,1,1000000,993,256,256,256,4f6a42db5f898f2e6efd550a2d023a17ce9371fa2066ce4c64161c3c65910d42,8e7d65946f89b9de8cc4ad79f7b41348385676a0e384783713e3c574e5a973e1,0.333,0.333,b030522d8463f26081839ac76baf882c6b1df334d2181db64107e72c14bee064,7672490e19c58995dd8bc09ade0a2a8bcde6085cc76a95e6a2a68b700e661547,7ad9ebcd9fd58eff5f70a27811844becf76962710b946a5e3414bd2a554f6e91,FALSE,FALSE,FALSE,FALSE,FALSE,FALSE,FALSE,FALSE,0,0,0,0,0,0,0,0,e8c2c3714dfad8ccb787de83956aff6eadd8f5bf3b515e0083ff8aeca241ab2d,e8c2c3714dfad8ccb787de83956aff6eadd8f5bf3b515e0083ff8aeca241ab2d,TRUE
baseline,1,measure,1,pattern,dense_prefix256,1,retained,1,pair_less,1,compact,2,1000000,1857,256,256,256,4f6a42db5f898f2e6efd550a2d023a17ce9371fa2066ce4c64161c3c65910d42,8e7d65946f89b9de8cc4ad79f7b41348385676a0e384783713e3c574e5a973e1,0.346,0.346,b030522d8463f26081839ac76baf882c6b1df334d2181db64107e72c14bee064,7672490e19c58995dd8bc09ade0a2a8bcde6085cc76a95e6a2a68b700e661547,7ad9ebcd9fd58eff5f70a27811844becf76962710b946a5e3414bd2a554f6e91,TRUE,TRUE,FALSE,FALSE,TRUE,TRUE,FALSE,FALSE,1,1,1,1,123,123,62,62,0418a77b7087897a0ead6e10b9da2953bfee2ad9da1470ca98b7664e364a3024,0418a77b7087897a0ead6e10b9da2953bfee2ad9da1470ca98b7664e364a3024,TRUE
baseline,1,measure,1,pattern,dense_prefix256,1,retained,1,pair_equal,2,compact,1,1000000,1589,256,256,256,4f6a42db5f898f2e6efd550a2d023a17ce9371fa2066ce4c64161c3c65910d42,8e7d65946f89b9de8cc4ad79f7b41348385676a0e384783713e3c574e5a973e1,0.289,0.29,5d23c30edb36be379a1183ab160899e39eb289b4ed2e7bad429d4d587093acf9,7672490e19c58995dd8bc09ade0a2a8bcde6085cc76a95e6a2a68b700e661547,7ad9ebcd9fd58eff5f70a27811844becf76962710b946a5e3414bd2a554f6e91,TRUE,TRUE,FALSE,FALSE,TRUE,TRUE,FALSE,FALSE,1,1,1,1,123,123,62,62,0418a77b7087897a0ead6e10b9da2953bfee2ad9da1470ca98b7664e364a3024,0418a77b7087897a0ead6e10b9da2953bfee2ad9da1470ca98b7664e364a3024,TRUE
baseline,1,measure,1,pattern,dense_prefix256,1,retained,1,pair_equal,2,typed_double,2,1000000,929,256,256,256,4f6a42db5f898f2e6efd550a2d023a17ce9371fa2066ce4c64161c3c65910d42,8e7d65946f89b9de8cc4ad79f7b41348385676a0e384783713e3c574e5a973e1,0.292,0.292,5d23c30edb36be379a1183ab160899e39eb289b4ed2e7bad429d4d587093acf9,7672490e19c58995dd8bc09ade0a2a8bcde6085cc76a95e6a2a68b700e661547,7ad9ebcd9fd58eff5f70a27811844becf76962710b946a5e3414bd2a554f6e91,FALSE,FALSE,FALSE,FALSE,FALSE,FALSE,FALSE,FALSE,0,0,0,0,0,0,0,0,e8c2c3714dfad8ccb787de83956aff6eadd8f5bf3b515e0083ff8aeca241ab2d,e8c2c3714dfad8ccb787de83956aff6eadd8f5bf3b515e0083ff8aeca241ab2d,TRUE
baseline,1,measure,1,pattern,dense_prefix256,1,plain,2,pair_less,1,typed_double,1,1000000,911,256,256,256,4f6a42db5f898f2e6efd550a2d023a17ce9371fa2066ce4c64161c3c65910d42,8e7d65946f89b9de8cc4ad79f7b41348385676a0e384783713e3c574e5a973e1,0.292,0.292,b030522d8463f26081839ac76baf882c6b1df334d2181db64107e72c14bee064,7672490e19c58995dd8bc09ade0a2a8bcde6085cc76a95e6a2a68b700e661547,7ad9ebcd9fd58eff5f70a27811844becf76962710b946a5e3414bd2a554f6e91,FALSE,FALSE,FALSE,FALSE,FALSE,FALSE,FALSE,FALSE,0,0,0,0,0,0,0,0,e8c2c3714dfad8ccb787de83956aff6eadd8f5bf3b515e0083ff8aeca241ab2d,e8c2c3714dfad8ccb787de83956aff6eadd8f5bf3b515e0083ff8aeca241ab2d,TRUE
baseline,1,measure,1,pattern,dense_prefix256,1,plain,2,pair_less,1,compact,2,1000000,682,256,256,256,4f6a42db5f898f2e6efd550a2d023a17ce9371fa2066ce4c64161c3c65910d42,8e7d65946f89b9de8cc4ad79f7b41348385676a0e384783713e3c574e5a973e1,0.32,0.319,b030522d8463f26081839ac76baf882c6b1df334d2181db64107e72c14bee064,7672490e19c58995dd8bc09ade0a2a8bcde6085cc76a95e6a2a68b700e661547,7ad9ebcd9fd58eff5f70a27811844becf76962710b946a5e3414bd2a554f6e91,TRUE,TRUE,FALSE,FALSE,TRUE,TRUE,FALSE,FALSE,0,0,0,0,0,0,0,0,0418a77b7087897a0ead6e10b9da2953bfee2ad9da1470ca98b7664e364a3024,0418a77b7087897a0ead6e10b9da2953bfee2ad9da1470ca98b7664e364a3024,TRUE
baseline,1,measure,1,pattern,dense_prefix256,1,plain,2,pair_equal,2,compact,1,1000000,670,256,256,256,4f6a42db5f898f2e6efd550a2d023a17ce9371fa2066ce4c64161c3c65910d42,8e7d65946f89b9de8cc4ad79f7b41348385676a0e384783713e3c574e5a973e1,0.312,0.313000000000001,5d23c30edb36be379a1183ab160899e39eb289b4ed2e7bad429d4d587093acf9,7672490e19c58995dd8bc09ade0a2a8bcde6085cc76a95e6a2a68b700e661547,7ad9ebcd9fd58eff5f70a27811844becf76962710b946a5e3414bd2a554f6e91,TRUE,TRUE,FALSE,FALSE,TRUE,TRUE,FALSE,FALSE,0,0,0,0,0,0,0,0,0418a77b7087897a0ead6e10b9da2953bfee2ad9da1470ca98b7664e364a3024,0418a77b7087897a0ead6e10b9da2953bfee2ad9da1470ca98b7664e364a3024,TRUE
baseline,1,measure,1,pattern,dense_prefix256,1,plain,2,pair_equal,2,typed_double,2,1000000,938,256,256,256,4f6a42db5f898f2e6efd550a2d023a17ce9371fa2066ce4c64161c3c65910d42,8e7d65946f89b9de8cc4ad79f7b41348385676a0e384783713e3c574e5a973e1,0.294,0.294,5d23c30edb36be379a1183ab160899e39eb289b4ed2e7bad429d4d587093acf9,7672490e19c58995dd8bc09ade0a2a8bcde6085cc76a95e6a2a68b700e661547,7ad9ebcd9fd58eff5f70a27811844becf76962710b946a5e3414bd2a554f6e91,FALSE,FALSE,FALSE,FALSE,FALSE,FALSE,FALSE,FALSE,0,0,0,0,0,0,0,0,e8c2c3714dfad8ccb787de83956aff6eadd8f5bf3b515e0083ff8aeca241ab2d,e8c2c3714dfad8ccb787de83956aff6eadd8f5bf3b515e0083ff8aeca241ab2d,TRUE
baseline,1,measure,1,pattern,dense_suffix256,2,plain,1,pair_less,1,typed_double,1,1000000,943,256,256,256,9381174d5a5c0056365a99d2e08f017e8e0fb6180967a7e6d7598196faa41fe2,4adf2390d7d2014e5ffa38462029cccd9eb5d08c60aced7e63aef1d325349cfc,0.292999999999999,0.293,5b135f6c76754b36c0058612b0d3d10b0623f25d9553b7787a45eacba537f21c,b38da76a0bf8f72e59074e4463b94231f873a1ddf7c027778214fc73daff29f4,c2aa0aff5c68e774e7479b08e154497a8dd8a2570112001ddc9d703ee9a70fea,FALSE,FALSE,FALSE,FALSE,FALSE,FALSE,FALSE,FALSE,0,0,0,0,0,0,0,0,e8c2c3714dfad8ccb787de83956aff6eadd8f5bf3b515e0083ff8aeca241ab2d,e8c2c3714dfad8ccb787de83956aff6eadd8f5bf3b515e0083ff8aeca241ab2d,TRUE
baseline,1,measure,1,pattern,dense_suffix256,2,plain,1,pair_less,1,compact,2,1000000,2436,256,256,256,9381174d5a5c0056365a99d2e08f017e8e0fb6180967a7e6d7598196faa41fe2,4adf2390d7d2014e5ffa38462029cccd9eb5d08c60aced7e63aef1d325349cfc,0.354,0.354,5b135f6c76754b36c0058612b0d3d10b0623f25d9553b7787a45eacba537f21c,b38da76a0bf8f72e59074e4463b94231f873a1ddf7c027778214fc73daff29f4,c2aa0aff5c68e774e7479b08e154497a8dd8a2570112001ddc9d703ee9a70fea,TRUE,TRUE,FALSE,FALSE,TRUE,TRUE,FALSE,FALSE,0,0,0,0,0,0,0,0,0418a77b7087897a0ead6e10b9da2953bfee2ad9da1470ca98b7664e364a3024,0418a77b7087897a0ead6e10b9da2953bfee2ad9da1470ca98b7664e364a3024,TRUE
baseline,1,measure,1,pattern,dense_suffix256,2,plain,1,pair_equal,2,compact,1,1000000,2374,256,256,256,9381174d5a5c0056365a99d2e08f017e8e0fb6180967a7e6d7598196faa41fe2,4adf2390d7d2014e5ffa38462029cccd9eb5d08c60aced7e63aef1d325349cfc,0.347,0.347,8355ee3a7328986cdf138af94ec134e1f480f883973eeb98807b9973492b5cc7,b38da76a0bf8f72e59074e4463b94231f873a1ddf7c027778214fc73daff29f4,c2aa0aff5c68e774e7479b08e154497a8dd8a2570112001ddc9d703ee9a70fea,TRUE,TRUE,FALSE,FALSE,TRUE,TRUE,FALSE,FALSE,0,0,0,0,0,0,0,0,0418a77b7087897a0ead6e10b9da2953bfee2ad9da1470ca98b7664e364a3024,0418a77b7087897a0ead6e10b9da2953bfee2ad9da1470ca98b7664e364a3024,TRUE
baseline,1,measure,1,pattern,dense_suffix256,2,plain,1,pair_equal,2,typed_double,2,1000000,1054,256,256,256,9381174d5a5c0056365a99d2e08f017e8e0fb6180967a7e6d7598196faa41fe2,4adf2390d7d2014e5ffa38462029cccd9eb5d08c60aced7e63aef1d325349cfc,0.316,0.315,8355ee3a7328986cdf138af94ec134e1f480f883973eeb98807b9973492b5cc7,b38da76a0bf8f72e59074e4463b94231f873a1ddf7c027778214fc73daff29f4,c2aa0aff5c68e774e7479b08e154497a8dd8a2570112001ddc9d703ee9a70fea,FALSE,FALSE,FALSE,FALSE,FALSE,FALSE,FALSE,FALSE,0,0,0,0,0,0,0,0,e8c2c3714dfad8ccb787de83956aff6eadd8f5bf3b515e0083ff8aeca241ab2d,e8c2c3714dfad8ccb787de83956aff6eadd8f5bf3b515e0083ff8aeca241ab2d,TRUE
baseline,1,measure,1,pattern,dense_suffix256,2,retained,2,pair_less,1,typed_double,1,1000000,1048,256,256,256,9381174d5a5c0056365a99d2e08f017e8e0fb6180967a7e6d7598196faa41fe2,4adf2390d7d2014e5ffa38462029cccd9eb5d08c60aced7e63aef1d325349cfc,0.318,0.318,5b135f6c76754b36c0058612b0d3d10b0623f25d9553b7787a45eacba537f21c,b38da76a0bf8f72e59074e4463b94231f873a1ddf7c027778214fc73daff29f4,c2aa0aff5c68e774e7479b08e154497a8dd8a2570112001ddc9d703ee9a70fea,FALSE,FALSE,FALSE,FALSE,FALSE,FALSE,FALSE,FALSE,0,0,0,0,0,0,0,0,e8c2c3714dfad8ccb787de83956aff6eadd8f5bf3b515e0083ff8aeca241ab2d,e8c2c3714dfad8ccb787de83956aff6eadd8f5bf3b515e0083ff8aeca241ab2d,TRUE
baseline,1,measure,1,pattern,dense_suffix256,2,retained,2,pair_less,1,compact,2,1000000,1737,256,256,256,9381174d5a5c0056365a99d2e08f017e8e0fb6180967a7e6d7598196faa41fe2,4adf2390d7d2014e5ffa38462029cccd9eb5d08c60aced7e63aef1d325349cfc,0.316,0.315000000000001,5b135f6c76754b36c0058612b0d3d10b0623f25d9553b7787a45eacba537f21c,b38da76a0bf8f72e59074e4463b94231f873a1ddf7c027778214fc73daff29f4,c2aa0aff5c68e774e7479b08e154497a8dd8a2570112001ddc9d703ee9a70fea,TRUE,TRUE,FALSE,FALSE,TRUE,TRUE,FALSE,FALSE,1,1,1,1,123,123,62,62,0418a77b7087897a0ead6e10b9da2953bfee2ad9da1470ca98b7664e364a3024,0418a77b7087897a0ead6e10b9da2953bfee2ad9da1470ca98b7664e364a3024,TRUE
baseline,1,measure,1,pattern,dense_suffix256,2,retained,2,pair_equal,2,compact,1,1000000,1769,256,256,256,9381174d5a5c0056365a99d2e08f017e8e0fb6180967a7e6d7598196faa41fe2,4adf2390d7d2014e5ffa38462029cccd9eb5d08c60aced7e63aef1d325349cfc,0.295,0.295,8355ee3a7328986cdf138af94ec134e1f480f883973eeb98807b9973492b5cc7,b38da76a0bf8f72e59074e4463b94231f873a1ddf7c027778214fc73daff29f4,c2aa0aff5c68e774e7479b08e154497a8dd8a2570112001ddc9d703ee9a70fea,TRUE,TRUE,FALSE,FALSE,TRUE,TRUE,FALSE,FALSE,1,1,1,1,123,123,62,62,0418a77b7087897a0ead6e10b9da2953bfee2ad9da1470ca98b7664e364a3024,0418a77b7087897a0ead6e10b9da2953bfee2ad9da1470ca98b7664e364a3024,TRUE
baseline,1,measure,1,pattern,dense_suffix256,2,retained,2,pair_equal,2,typed_double,2,1000000,987,256,256,256,9381174d5a5c0056365a99d2e08f017e8e0fb6180967a7e6d7598196faa41fe2,4adf2390d7d2014e5ffa38462029cccd9eb5d08c60aced7e63aef1d325349cfc,0.276,0.276,8355ee3a7328986cdf138af94ec134e1f480f883973eeb98807b9973492b5cc7,b38da76a0bf8f72e59074e4463b94231f873a1ddf7c027778214fc73daff29f4,c2aa0aff5c68e774e7479b08e154497a8dd8a2570112001ddc9d703ee9a70fea,FALSE,FALSE,FALSE,FALSE,FALSE,FALSE,FALSE,FALSE,0,0,0,0,0,0,0,0,e8c2c3714dfad8ccb787de83956aff6eadd8f5bf3b515e0083ff8aeca241ab2d,e8c2c3714dfad8ccb787de83956aff6eadd8f5bf3b515e0083ff8aeca241ab2d,TRUE
baseline,1,measure,1,pattern,alternating64,3,retained,1,pair_less,1,typed_double,1,1000000,494,500032,500032,500032,1682e50519c39e20ec73d311cfa7aa489a3c47fc736c77327945a71ddd43692c,1dfca270c18c81168bbc33ba5a5af04d5b0774edc64dc596f58860df56fc6bf0,0.298,0.299000000000001,fea3a0c37b9da2e4cba4a29520bbd89d3892e1ce9fd8ac43b87fe680ae163cd6,d76bb99d8569756afc3037340cd537fe570c8640b3de270bc21954b6511dea41,a91324783d1b7796e4fd78557e66a82bd4d09b9b371f847a9d4a5272bd3aa99a,FALSE,FALSE,FALSE,FALSE,FALSE,FALSE,FALSE,FALSE,0,0,0,0,0,0,0,0,e8c2c3714dfad8ccb787de83956aff6eadd8f5bf3b515e0083ff8aeca241ab2d,e8c2c3714dfad8ccb787de83956aff6eadd8f5bf3b515e0083ff8aeca241ab2d,TRUE
baseline,1,measure,1,pattern,alternating64,3,retained,1,pair_less,1,compact,2,1000000,529,500032,500032,500032,1682e50519c39e20ec73d311cfa7aa489a3c47fc736c77327945a71ddd43692c,1dfca270c18c81168bbc33ba5a5af04d5b0774edc64dc596f58860df56fc6bf0,0.241,0.241000000000001,fea3a0c37b9da2e4cba4a29520bbd89d3892e1ce9fd8ac43b87fe680ae163cd6,d76bb99d8569756afc3037340cd537fe570c8640b3de270bc21954b6511dea41,a91324783d1b7796e4fd78557e66a82bd4d09b9b371f847a9d4a5272bd3aa99a,TRUE,TRUE,FALSE,FALSE,TRUE,TRUE,FALSE,FALSE,1,1,1,1,123,123,62,62,0418a77b7087897a0ead6e10b9da2953bfee2ad9da1470ca98b7664e364a3024,0418a77b7087897a0ead6e10b9da2953bfee2ad9da1470ca98b7664e364a3024,TRUE
baseline,1,measure,1,pattern,alternating64,3,retained,1,pair_equal,2,compact,1,1000000,658,500032,500032,500032,1682e50519c39e20ec73d311cfa7aa489a3c47fc736c77327945a71ddd43692c,1dfca270c18c81168bbc33ba5a5af04d5b0774edc64dc596f58860df56fc6bf0,0.299,0.299,e1e3b56690bef3056ca9f14d5f0d35de2f27f5a263ba2bd045796d4f543d1dd9,d76bb99d8569756afc3037340cd537fe570c8640b3de270bc21954b6511dea41,a91324783d1b7796e4fd78557e66a82bd4d09b9b371f847a9d4a5272bd3aa99a,TRUE,TRUE,FALSE,FALSE,TRUE,TRUE,FALSE,FALSE,1,1,1,1,123,123,62,62,0418a77b7087897a0ead6e10b9da2953bfee2ad9da1470ca98b7664e364a3024,0418a77b7087897a0ead6e10b9da2953bfee2ad9da1470ca98b7664e364a3024,TRUE
baseline,1,measure,1,pattern,alternating64,3,retained,1,pair_equal,2,typed_double,2,1000000,488,500032,500032,500032,1682e50519c39e20ec73d311cfa7aa489a3c47fc736c77327945a71ddd43692c,1dfca270c18c81168bbc33ba5a5af04d5b0774edc64dc596f58860df56fc6bf0,0.303999999999999,0.302,e1e3b56690bef3056ca9f14d5f0d35de2f27f5a263ba2bd045796d4f543d1dd9,d76bb99d8569756afc3037340cd537fe570c8640b3de270bc21954b6511dea41,a91324783d1b7796e4fd78557e66a82bd4d09b9b371f847a9d4a5272bd3aa99a,FALSE,FALSE,FALSE,FALSE,FALSE,FALSE,FALSE,FALSE,0,0,0,0,0,0,0,0,e8c2c3714dfad8ccb787de83956aff6eadd8f5bf3b515e0083ff8aeca241ab2d,e8c2c3714dfad8ccb787de83956aff6eadd8f5bf3b515e0083ff8aeca241ab2d,TRUE
baseline,1,measure,1,pattern,alternating64,3,plain,2,pair_less,1,typed_double,1,1000000,501,500032,500032,500032,1682e50519c39e20ec73d311cfa7aa489a3c47fc736c77327945a71ddd43692c,1dfca270c18c81168bbc33ba5a5af04d5b0774edc64dc596f58860df56fc6bf0,0.302,0.301,fea3a0c37b9da2e4cba4a29520bbd89d3892e1ce9fd8ac43b87fe680ae163cd6,d76bb99d8569756afc3037340cd537fe570c8640b3de270bc21954b6511dea41,a91324783d1b7796e4fd78557e66a82bd4d09b9b371f847a9d4a5272bd3aa99a,FALSE,FALSE,FALSE,FALSE,FALSE,FALSE,FALSE,FALSE,0,0,0,0,0,0,0,0,e8c2c3714dfad8ccb787de83956aff6eadd8f5bf3b515e0083ff8aeca241ab2d,e8c2c3714dfad8ccb787de83956aff6eadd8f5bf3b515e0083ff8aeca241ab2d,TRUE
baseline,1,measure,1,pattern,alternating64,3,plain,2,pair_less,1,compact,2,1000000,993,500032,500032,500032,1682e50519c39e20ec73d311cfa7aa489a3c47fc736c77327945a71ddd43692c,1dfca270c18c81168bbc33ba5a5af04d5b0774edc64dc596f58860df56fc6bf0,0.318,0.318999999999999,fea3a0c37b9da2e4cba4a29520bbd89d3892e1ce9fd8ac43b87fe680ae163cd6,d76bb99d8569756afc3037340cd537fe570c8640b3de270bc21954b6511dea41,a91324783d1b7796e4fd78557e66a82bd4d09b9b371f847a9d4a5272bd3aa99a,TRUE,TRUE,FALSE,FALSE,TRUE,TRUE,FALSE,FALSE,0,0,0,0,0,0,0,0,0418a77b7087897a0ead6e10b9da2953bfee2ad9da1470ca98b7664e364a3024,0418a77b7087897a0ead6e10b9da2953bfee2ad9da1470ca98b7664e364a3024,TRUE
baseline,1,measure,1,pattern,alternating64,3,plain,2,pair_equal,2,compact,1,1000000,987,500032,500032,500032,1682e50519c39e20ec73d311cfa7aa489a3c47fc736c77327945a71ddd43692c,1dfca270c18c81168bbc33ba5a5af04d5b0774edc64dc596f58860df56fc6bf0,0.300000000000001,0.300000000000001,e1e3b56690bef3056ca9f14d5f0d35de2f27f5a263ba2bd045796d4f543d1dd9,d76bb99d8569756afc3037340cd537fe570c8640b3de270bc21954b6511dea41,a91324783d1b7796e4fd78557e66a82bd4d09b9b371f847a9d4a5272bd3aa99a,TRUE,TRUE,FALSE,FALSE,TRUE,TRUE,FALSE,FALSE,0,0,0,0,0,0,0,0,0418a77b7087897a0ead6e10b9da2953bfee2ad9da1470ca98b7664e364a3024,0418a77b7087897a0ead6e10b9da2953bfee2ad9da1470ca98b7664e364a3024,TRUE
baseline,1,measure,1,pattern,alternating64,3,plain,2,pair_equal,2,typed_double,2,1000000,481,500032,500032,500032,1682e50519c39e20ec73d311cfa7aa489a3c47fc736c77327945a71ddd43692c,1dfca270c18c81168bbc33ba5a5af04d5b0774edc64dc596f58860df56fc6bf0,0.299,0.299000000000001,e1e3b56690bef3056ca9f14d5f0d35de2f27f5a263ba2bd045796d4f543d1dd9,d76bb99d8569756afc3037340cd537fe570c8640b3de270bc21954b6511dea41,a91324783d1b7796e4fd78557e66a82bd4d09b9b371f847a9d4a5272bd3aa99a,FALSE,FALSE,FALSE,FALSE,FALSE,FALSE,FALSE,FALSE,0,0,0,0,0,0,0,0,e8c2c3714dfad8ccb787de83956aff6eadd8f5bf3b515e0083ff8aeca241ab2d,e8c2c3714dfad8ccb787de83956aff6eadd8f5bf3b515e0083ff8aeca241ab2d,TRUE
candidate,1,measure,1,pattern,dense_prefix256,1,retained,1,pair_less,1,typed_double,1,1000000,998,256,256,256,4f6a42db5f898f2e6efd550a2d023a17ce9371fa2066ce4c64161c3c65910d42,8e7d65946f89b9de8cc4ad79f7b41348385676a0e384783713e3c574e5a973e1,0.334,0.333,b030522d8463f26081839ac76baf882c6b1df334d2181db64107e72c14bee064,7672490e19c58995dd8bc09ade0a2a8bcde6085cc76a95e6a2a68b700e661547,7ad9ebcd9fd58eff5f70a27811844becf76962710b946a5e3414bd2a554f6e91,FALSE,FALSE,FALSE,FALSE,FALSE,FALSE,FALSE,FALSE,0,0,0,0,0,0,0,0,e8c2c3714dfad8ccb787de83956aff6eadd8f5bf3b515e0083ff8aeca241ab2d,e8c2c3714dfad8ccb787de83956aff6eadd8f5bf3b515e0083ff8aeca241ab2d,TRUE
candidate,1,measure,1,pattern,dense_prefix256,1,retained,1,pair_less,1,compact,2,1000000,1875,256,256,256,4f6a42db5f898f2e6efd550a2d023a17ce9371fa2066ce4c64161c3c65910d42,8e7d65946f89b9de8cc4ad79f7b41348385676a0e384783713e3c574e5a973e1,0.346,0.347,b030522d8463f26081839ac76baf882c6b1df334d2181db64107e72c14bee064,7672490e19c58995dd8bc09ade0a2a8bcde6085cc76a95e6a2a68b700e661547,7ad9ebcd9fd58eff5f70a27811844becf76962710b946a5e3414bd2a554f6e91,TRUE,TRUE,FALSE,FALSE,TRUE,TRUE,FALSE,FALSE,1,1,1,1,123,123,62,62,0418a77b7087897a0ead6e10b9da2953bfee2ad9da1470ca98b7664e364a3024,0418a77b7087897a0ead6e10b9da2953bfee2ad9da1470ca98b7664e364a3024,TRUE
candidate,1,measure,1,pattern,dense_prefix256,1,retained,1,pair_equal,2,compact,1,1000000,1617,256,256,256,4f6a42db5f898f2e6efd550a2d023a17ce9371fa2066ce4c64161c3c65910d42,8e7d65946f89b9de8cc4ad79f7b41348385676a0e384783713e3c574e5a973e1,0.276,0.277,5d23c30edb36be379a1183ab160899e39eb289b4ed2e7bad429d4d587093acf9,7672490e19c58995dd8bc09ade0a2a8bcde6085cc76a95e6a2a68b700e661547,7ad9ebcd9fd58eff5f70a27811844becf76962710b946a5e3414bd2a554f6e91,TRUE,TRUE,FALSE,FALSE,TRUE,TRUE,FALSE,FALSE,1,1,1,1,123,123,62,62,0418a77b7087897a0ead6e10b9da2953bfee2ad9da1470ca98b7664e364a3024,0418a77b7087897a0ead6e10b9da2953bfee2ad9da1470ca98b7664e364a3024,TRUE
candidate,1,measure,1,pattern,dense_prefix256,1,retained,1,pair_equal,2,typed_double,2,1000000,929,256,256,256,4f6a42db5f898f2e6efd550a2d023a17ce9371fa2066ce4c64161c3c65910d42,8e7d65946f89b9de8cc4ad79f7b41348385676a0e384783713e3c574e5a973e1,0.296,0.295,5d23c30edb36be379a1183ab160899e39eb289b4ed2e7bad429d4d587093acf9,7672490e19c58995dd8bc09ade0a2a8bcde6085cc76a95e6a2a68b700e661547,7ad9ebcd9fd58eff5f70a27811844becf76962710b946a5e3414bd2a554f6e91,FALSE,FALSE,FALSE,FALSE,FALSE,FALSE,FALSE,FALSE,0,0,0,0,0,0,0,0,e8c2c3714dfad8ccb787de83956aff6eadd8f5bf3b515e0083ff8aeca241ab2d,e8c2c3714dfad8ccb787de83956aff6eadd8f5bf3b515e0083ff8aeca241ab2d,TRUE
candidate,1,measure,1,pattern,dense_prefix256,1,plain,2,pair_less,1,typed_double,1,1000000,1003,256,256,256,4f6a42db5f898f2e6efd550a2d023a17ce9371fa2066ce4c64161c3c65910d42,8e7d65946f89b9de8cc4ad79f7b41348385676a0e384783713e3c574e5a973e1,0.317,0.317,b030522d8463f26081839ac76baf882c6b1df334d2181db64107e72c14bee064,7672490e19c58995dd8bc09ade0a2a8bcde6085cc76a95e6a2a68b700e661547,7ad9ebcd9fd58eff5f70a27811844becf76962710b946a5e3414bd2a554f6e91,FALSE,FALSE,FALSE,FALSE,FALSE,FALSE,FALSE,FALSE,0,0,0,0,0,0,0,0,e8c2c3714dfad8ccb787de83956aff6eadd8f5bf3b515e0083ff8aeca241ab2d,e8c2c3714dfad8ccb787de83956aff6eadd8f5bf3b515e0083ff8aeca241ab2d,TRUE
candidate,1,measure,1,pattern,dense_prefix256,1,plain,2,pair_less,1,compact,2,1000000,1974,256,256,256,4f6a42db5f898f2e6efd550a2d023a17ce9371fa2066ce4c64161c3c65910d42,8e7d65946f89b9de8cc4ad79f7b41348385676a0e384783713e3c574e5a973e1,0.288999999999999,0.289,b030522d8463f26081839ac76baf882c6b1df334d2181db64107e72c14bee064,7672490e19c58995dd8bc09ade0a2a8bcde6085cc76a95e6a2a68b700e661547,7ad9ebcd9fd58eff5f70a27811844becf76962710b946a5e3414bd2a554f6e91,TRUE,TRUE,FALSE,FALSE,TRUE,TRUE,FALSE,FALSE,0,0,0,0,0,0,0,0,0418a77b7087897a0ead6e10b9da2953bfee2ad9da1470ca98b7664e364a3024,0418a77b7087897a0ead6e10b9da2953bfee2ad9da1470ca98b7664e364a3024,TRUE
candidate,1,measure,1,pattern,dense_prefix256,1,plain,2,pair_equal,2,compact,1,1000000,1933,256,256,256,4f6a42db5f898f2e6efd550a2d023a17ce9371fa2066ce4c64161c3c65910d42,8e7d65946f89b9de8cc4ad79f7b41348385676a0e384783713e3c574e5a973e1,0.265999999999999,0.266,5d23c30edb36be379a1183ab160899e39eb289b4ed2e7bad429d4d587093acf9,7672490e19c58995dd8bc09ade0a2a8bcde6085cc76a95e6a2a68b700e661547,7ad9ebcd9fd58eff5f70a27811844becf76962710b946a5e3414bd2a554f6e91,TRUE,TRUE,FALSE,FALSE,TRUE,TRUE,FALSE,FALSE,0,0,0,0,0,0,0,0,0418a77b7087897a0ead6e10b9da2953bfee2ad9da1470ca98b7664e364a3024,0418a77b7087897a0ead6e10b9da2953bfee2ad9da1470ca98b7664e364a3024,TRUE
candidate,1,measure,1,pattern,dense_prefix256,1,plain,2,pair_equal,2,typed_double,2,1000000,924,256,256,256,4f6a42db5f898f2e6efd550a2d023a17ce9371fa2066ce4c64161c3c65910d42,8e7d65946f89b9de8cc4ad79f7b41348385676a0e384783713e3c574e5a973e1,0.293,0.292000000000001,5d23c30edb36be379a1183ab160899e39eb289b4ed2e7bad429d4d587093acf9,7672490e19c58995dd8bc09ade0a2a8bcde6085cc76a95e6a2a68b700e661547,7ad9ebcd9fd58eff5f70a27811844becf76962710b946a5e3414bd2a554f6e91,FALSE,FALSE,FALSE,FALSE,FALSE,FALSE,FALSE,FALSE,0,0,0,0,0,0,0,0,e8c2c3714dfad8ccb787de83956aff6eadd8f5bf3b515e0083ff8aeca241ab2d,e8c2c3714dfad8ccb787de83956aff6eadd8f5bf3b515e0083ff8aeca241ab2d,TRUE
candidate,1,measure,1,pattern,dense_suffix256,2,plain,1,pair_less,1,typed_double,1,1000000,957,256,256,256,9381174d5a5c0056365a99d2e08f017e8e0fb6180967a7e6d7598196faa41fe2,4adf2390d7d2014e5ffa38462029cccd9eb5d08c60aced7e63aef1d325349cfc,0.277,0.278,5b135f6c76754b36c0058612b0d3d10b0623f25d9553b7787a45eacba537f21c,b38da76a0bf8f72e59074e4463b94231f873a1ddf7c027778214fc73daff29f4,c2aa0aff5c68e774e7479b08e154497a8dd8a2570112001ddc9d703ee9a70fea,FALSE,FALSE,FALSE,FALSE,FALSE,FALSE,FALSE,FALSE,0,0,0,0,0,0,0,0,e8c2c3714dfad8ccb787de83956aff6eadd8f5bf3b515e0083ff8aeca241ab2d,e8c2c3714dfad8ccb787de83956aff6eadd8f5bf3b515e0083ff8aeca241ab2d,TRUE
candidate,1,measure,1,pattern,dense_suffix256,2,plain,1,pair_less,1,compact,2,1000000,1995,256,256,256,9381174d5a5c0056365a99d2e08f017e8e0fb6180967a7e6d7598196faa41fe2,4adf2390d7d2014e5ffa38462029cccd9eb5d08c60aced7e63aef1d325349cfc,0.266,0.265,5b135f6c76754b36c0058612b0d3d10b0623f25d9553b7787a45eacba537f21c,b38da76a0bf8f72e59074e4463b94231f873a1ddf7c027778214fc73daff29f4,c2aa0aff5c68e774e7479b08e154497a8dd8a2570112001ddc9d703ee9a70fea,TRUE,TRUE,FALSE,FALSE,TRUE,TRUE,FALSE,FALSE,0,0,0,0,0,0,0,0,0418a77b7087897a0ead6e10b9da2953bfee2ad9da1470ca98b7664e364a3024,0418a77b7087897a0ead6e10b9da2953bfee2ad9da1470ca98b7664e364a3024,TRUE
candidate,1,measure,1,pattern,dense_suffix256,2,plain,1,pair_equal,2,compact,1,1000000,2061,256,256,256,9381174d5a5c0056365a99d2e08f017e8e0fb6180967a7e6d7598196faa41fe2,4adf2390d7d2014e5ffa38462029cccd9eb5d08c60aced7e63aef1d325349cfc,0.274,0.274,8355ee3a7328986cdf138af94ec134e1f480f883973eeb98807b9973492b5cc7,b38da76a0bf8f72e59074e4463b94231f873a1ddf7c027778214fc73daff29f4,c2aa0aff5c68e774e7479b08e154497a8dd8a2570112001ddc9d703ee9a70fea,TRUE,TRUE,FALSE,FALSE,TRUE,TRUE,FALSE,FALSE,0,0,0,0,0,0,0,0,0418a77b7087897a0ead6e10b9da2953bfee2ad9da1470ca98b7664e364a3024,0418a77b7087897a0ead6e10b9da2953bfee2ad9da1470ca98b7664e364a3024,TRUE
candidate,1,measure,1,pattern,dense_suffix256,2,plain,1,pair_equal,2,typed_double,2,1000000,957,256,256,256,9381174d5a5c0056365a99d2e08f017e8e0fb6180967a7e6d7598196faa41fe2,4adf2390d7d2014e5ffa38462029cccd9eb5d08c60aced7e63aef1d325349cfc,0.292999999999999,0.292999999999999,8355ee3a7328986cdf138af94ec134e1f480f883973eeb98807b9973492b5cc7,b38da76a0bf8f72e59074e4463b94231f873a1ddf7c027778214fc73daff29f4,c2aa0aff5c68e774e7479b08e154497a8dd8a2570112001ddc9d703ee9a70fea,FALSE,FALSE,FALSE,FALSE,FALSE,FALSE,FALSE,FALSE,0,0,0,0,0,0,0,0,e8c2c3714dfad8ccb787de83956aff6eadd8f5bf3b515e0083ff8aeca241ab2d,e8c2c3714dfad8ccb787de83956aff6eadd8f5bf3b515e0083ff8aeca241ab2d,TRUE
candidate,1,measure,1,pattern,dense_suffix256,2,retained,2,pair_less,1,typed_double,1,1000000,1042,256,256,256,9381174d5a5c0056365a99d2e08f017e8e0fb6180967a7e6d7598196faa41fe2,4adf2390d7d2014e5ffa38462029cccd9eb5d08c60aced7e63aef1d325349cfc,0.316000000000001,0.317,5b135f6c76754b36c0058612b0d3d10b0623f25d9553b7787a45eacba537f21c,b38da76a0bf8f72e59074e4463b94231f873a1ddf7c027778214fc73daff29f4,c2aa0aff5c68e774e7479b08e154497a8dd8a2570112001ddc9d703ee9a70fea,FALSE,FALSE,FALSE,FALSE,FALSE,FALSE,FALSE,FALSE,0,0,0,0,0,0,0,0,e8c2c3714dfad8ccb787de83956aff6eadd8f5bf3b515e0083ff8aeca241ab2d,e8c2c3714dfad8ccb787de83956aff6eadd8f5bf3b515e0083ff8aeca241ab2d,TRUE
candidate,1,measure,1,pattern,dense_suffix256,2,retained,2,pair_less,1,compact,2,1000000,1876,256,256,256,9381174d5a5c0056365a99d2e08f017e8e0fb6180967a7e6d7598196faa41fe2,4adf2390d7d2014e5ffa38462029cccd9eb5d08c60aced7e63aef1d325349cfc,0.316000000000001,0.315999999999999,5b135f6c76754b36c0058612b0d3d10b0623f25d9553b7787a45eacba537f21c,b38da76a0bf8f72e59074e4463b94231f873a1ddf7c027778214fc73daff29f4,c2aa0aff5c68e774e7479b08e154497a8dd8a2570112001ddc9d703ee9a70fea,TRUE,TRUE,FALSE,FALSE,TRUE,TRUE,FALSE,FALSE,1,1,1,1,123,123,62,62,0418a77b7087897a0ead6e10b9da2953bfee2ad9da1470ca98b7664e364a3024,0418a77b7087897a0ead6e10b9da2953bfee2ad9da1470ca98b7664e364a3024,TRUE
candidate,1,measure,1,pattern,dense_suffix256,2,retained,2,pair_equal,2,compact,1,1000000,1839,256,256,256,9381174d5a5c0056365a99d2e08f017e8e0fb6180967a7e6d7598196faa41fe2,4adf2390d7d2014e5ffa38462029cccd9eb5d08c60aced7e63aef1d325349cfc,0.315,0.315000000000001,8355ee3a7328986cdf138af94ec134e1f480f883973eeb98807b9973492b5cc7,b38da76a0bf8f72e59074e4463b94231f873a1ddf7c027778214fc73daff29f4,c2aa0aff5c68e774e7479b08e154497a8dd8a2570112001ddc9d703ee9a70fea,TRUE,TRUE,FALSE,FALSE,TRUE,TRUE,FALSE,FALSE,1,1,1,1,123,123,62,62,0418a77b7087897a0ead6e10b9da2953bfee2ad9da1470ca98b7664e364a3024,0418a77b7087897a0ead6e10b9da2953bfee2ad9da1470ca98b7664e364a3024,TRUE
candidate,1,measure,1,pattern,dense_suffix256,2,retained,2,pair_equal,2,typed_double,2,1000000,1042,256,256,256,9381174d5a5c0056365a99d2e08f017e8e0fb6180967a7e6d7598196faa41fe2,4adf2390d7d2014e5ffa38462029cccd9eb5d08c60aced7e63aef1d325349cfc,0.312999999999999,0.312999999999999,8355ee3a7328986cdf138af94ec134e1f480f883973eeb98807b9973492b5cc7,b38da76a0bf8f72e59074e4463b94231f873a1ddf7c027778214fc73daff29f4,c2aa0aff5c68e774e7479b08e154497a8dd8a2570112001ddc9d703ee9a70fea,FALSE,FALSE,FALSE,FALSE,FALSE,FALSE,FALSE,FALSE,0,0,0,0,0,0,0,0,e8c2c3714dfad8ccb787de83956aff6eadd8f5bf3b515e0083ff8aeca241ab2d,e8c2c3714dfad8ccb787de83956aff6eadd8f5bf3b515e0083ff8aeca241ab2d,TRUE
candidate,1,measure,1,pattern,alternating64,3,retained,1,pair_less,1,typed_double,1,1000000,500,500032,500032,500032,1682e50519c39e20ec73d311cfa7aa489a3c47fc736c77327945a71ddd43692c,1dfca270c18c81168bbc33ba5a5af04d5b0774edc64dc596f58860df56fc6bf0,0.317,0.318999999999999,fea3a0c37b9da2e4cba4a29520bbd89d3892e1ce9fd8ac43b87fe680ae163cd6,d76bb99d8569756afc3037340cd537fe570c8640b3de270bc21954b6511dea41,a91324783d1b7796e4fd78557e66a82bd4d09b9b371f847a9d4a5272bd3aa99a,FALSE,FALSE,FALSE,FALSE,FALSE,FALSE,FALSE,FALSE,0,0,0,0,0,0,0,0,e8c2c3714dfad8ccb787de83956aff6eadd8f5bf3b515e0083ff8aeca241ab2d,e8c2c3714dfad8ccb787de83956aff6eadd8f5bf3b515e0083ff8aeca241ab2d,TRUE
candidate,1,measure,1,pattern,alternating64,3,retained,1,pair_less,1,compact,2,1000000,658,500032,500032,500032,1682e50519c39e20ec73d311cfa7aa489a3c47fc736c77327945a71ddd43692c,1dfca270c18c81168bbc33ba5a5af04d5b0774edc64dc596f58860df56fc6bf0,0.300000000000001,0.300000000000001,fea3a0c37b9da2e4cba4a29520bbd89d3892e1ce9fd8ac43b87fe680ae163cd6,d76bb99d8569756afc3037340cd537fe570c8640b3de270bc21954b6511dea41,a91324783d1b7796e4fd78557e66a82bd4d09b9b371f847a9d4a5272bd3aa99a,TRUE,TRUE,FALSE,FALSE,TRUE,TRUE,FALSE,FALSE,1,1,1,1,123,123,62,62,0418a77b7087897a0ead6e10b9da2953bfee2ad9da1470ca98b7664e364a3024,0418a77b7087897a0ead6e10b9da2953bfee2ad9da1470ca98b7664e364a3024,TRUE
candidate,1,measure,1,pattern,alternating64,3,retained,1,pair_equal,2,compact,1,1000000,658,500032,500032,500032,1682e50519c39e20ec73d311cfa7aa489a3c47fc736c77327945a71ddd43692c,1dfca270c18c81168bbc33ba5a5af04d5b0774edc64dc596f58860df56fc6bf0,0.299,0.299999999999999,e1e3b56690bef3056ca9f14d5f0d35de2f27f5a263ba2bd045796d4f543d1dd9,d76bb99d8569756afc3037340cd537fe570c8640b3de270bc21954b6511dea41,a91324783d1b7796e4fd78557e66a82bd4d09b9b371f847a9d4a5272bd3aa99a,TRUE,TRUE,FALSE,FALSE,TRUE,TRUE,FALSE,FALSE,1,1,1,1,123,123,62,62,0418a77b7087897a0ead6e10b9da2953bfee2ad9da1470ca98b7664e364a3024,0418a77b7087897a0ead6e10b9da2953bfee2ad9da1470ca98b7664e364a3024,TRUE
candidate,1,measure,1,pattern,alternating64,3,retained,1,pair_equal,2,typed_double,2,1000000,481,500032,500032,500032,1682e50519c39e20ec73d311cfa7aa489a3c47fc736c77327945a71ddd43692c,1dfca270c18c81168bbc33ba5a5af04d5b0774edc64dc596f58860df56fc6bf0,0.300999999999998,0.302,e1e3b56690bef3056ca9f14d5f0d35de2f27f5a263ba2bd045796d4f543d1dd9,d76bb99d8569756afc3037340cd537fe570c8640b3de270bc21954b6511dea41,a91324783d1b7796e4fd78557e66a82bd4d09b9b371f847a9d4a5272bd3aa99a,FALSE,FALSE,FALSE,FALSE,FALSE,FALSE,FALSE,FALSE,0,0,0,0,0,0,0,0,e8c2c3714dfad8ccb787de83956aff6eadd8f5bf3b515e0083ff8aeca241ab2d,e8c2c3714dfad8ccb787de83956aff6eadd8f5bf3b515e0083ff8aeca241ab2d,TRUE
candidate,1,measure,1,pattern,alternating64,3,plain,2,pair_less,1,typed_double,1,1000000,500,500032,500032,500032,1682e50519c39e20ec73d311cfa7aa489a3c47fc736c77327945a71ddd43692c,1dfca270c18c81168bbc33ba5a5af04d5b0774edc64dc596f58860df56fc6bf0,0.302,0.302,fea3a0c37b9da2e4cba4a29520bbd89d3892e1ce9fd8ac43b87fe680ae163cd6,d76bb99d8569756afc3037340cd537fe570c8640b3de270bc21954b6511dea41,a91324783d1b7796e4fd78557e66a82bd4d09b9b371f847a9d4a5272bd3aa99a,FALSE,FALSE,FALSE,FALSE,FALSE,FALSE,FALSE,FALSE,0,0,0,0,0,0,0,0,e8c2c3714dfad8ccb787de83956aff6eadd8f5bf3b515e0083ff8aeca241ab2d,e8c2c3714dfad8ccb787de83956aff6eadd8f5bf3b515e0083ff8aeca241ab2d,TRUE
candidate,1,measure,1,pattern,alternating64,3,plain,2,pair_less,1,compact,2,1000000,911,500032,500032,500032,1682e50519c39e20ec73d311cfa7aa489a3c47fc736c77327945a71ddd43692c,1dfca270c18c81168bbc33ba5a5af04d5b0774edc64dc596f58860df56fc6bf0,0.277,0.278,fea3a0c37b9da2e4cba4a29520bbd89d3892e1ce9fd8ac43b87fe680ae163cd6,d76bb99d8569756afc3037340cd537fe570c8640b3de270bc21954b6511dea41,a91324783d1b7796e4fd78557e66a82bd4d09b9b371f847a9d4a5272bd3aa99a,TRUE,TRUE,FALSE,FALSE,TRUE,TRUE,FALSE,FALSE,0,0,0,0,0,0,0,0,0418a77b7087897a0ead6e10b9da2953bfee2ad9da1470ca98b7664e364a3024,0418a77b7087897a0ead6e10b9da2953bfee2ad9da1470ca98b7664e364a3024,TRUE
candidate,1,measure,1,pattern,alternating64,3,plain,2,pair_equal,2,compact,1,1000000,893,500032,500032,500032,1682e50519c39e20ec73d311cfa7aa489a3c47fc736c77327945a71ddd43692c,1dfca270c18c81168bbc33ba5a5af04d5b0774edc64dc596f58860df56fc6bf0,0.274000000000001,0.274999999999999,e1e3b56690bef3056ca9f14d5f0d35de2f27f5a263ba2bd045796d4f543d1dd9,d76bb99d8569756afc3037340cd537fe570c8640b3de270bc21954b6511dea41,a91324783d1b7796e4fd78557e66a82bd4d09b9b371f847a9d4a5272bd3aa99a,TRUE,TRUE,FALSE,FALSE,TRUE,TRUE,FALSE,FALSE,0,0,0,0,0,0,0,0,0418a77b7087897a0ead6e10b9da2953bfee2ad9da1470ca98b7664e364a3024,0418a77b7087897a0ead6e10b9da2953bfee2ad9da1470ca98b7664e364a3024,TRUE
candidate,1,measure,1,pattern,alternating64,3,plain,2,pair_equal,2,typed_double,2,1000000,475,500032,500032,500032,1682e50519c39e20ec73d311cfa7aa489a3c47fc736c77327945a71ddd43692c,1dfca270c18c81168bbc33ba5a5af04d5b0774edc64dc596f58860df56fc6bf0,0.300000000000001,0.299,e1e3b56690bef3056ca9f14d5f0d35de2f27f5a263ba2bd045796d4f543d1dd9,d76bb99d8569756afc3037340cd537fe570c8640b3de270bc21954b6511dea41,a91324783d1b7796e4fd78557e66a82bd4d09b9b371f847a9d4a5272bd3aa99a,FALSE,FALSE,FALSE,FALSE,FALSE,FALSE,FALSE,FALSE,0,0,0,0,0,0,0,0,e8c2c3714dfad8ccb787de83956aff6eadd8f5bf3b515e0083ff8aeca241ab2d,e8c2c3714dfad8ccb787de83956aff6eadd8f5bf3b515e0083ff8aeca241ab2d,TRUE
candidate,2,measure,1,pattern,dense_prefix256,1,plain,1,pair_equal,1,typed_double,1,1000000,906,256,256,256,4f6a42db5f898f2e6efd550a2d023a17ce9371fa2066ce4c64161c3c65910d42,8e7d65946f89b9de8cc4ad79f7b41348385676a0e384783713e3c574e5a973e1,0.292,0.292,5d23c30edb36be379a1183ab160899e39eb289b4ed2e7bad429d4d587093acf9,7672490e19c58995dd8bc09ade0a2a8bcde6085cc76a95e6a2a68b700e661547,7ad9ebcd9fd58eff5f70a27811844becf76962710b946a5e3414bd2a554f6e91,FALSE,FALSE,FALSE,FALSE,FALSE,FALSE,FALSE,FALSE,0,0,0,0,0,0,0,0,e8c2c3714dfad8ccb787de83956aff6eadd8f5bf3b515e0083ff8aeca241ab2d,e8c2c3714dfad8ccb787de83956aff6eadd8f5bf3b515e0083ff8aeca241ab2d,TRUE
candidate,2,measure,1,pattern,dense_prefix256,1,plain,1,pair_equal,1,compact,2,1000000,1914,256,256,256,4f6a42db5f898f2e6efd550a2d023a17ce9371fa2066ce4c64161c3c65910d42,8e7d65946f89b9de8cc4ad79f7b41348385676a0e384783713e3c574e5a973e1,0.302,0.302,5d23c30edb36be379a1183ab160899e39eb289b4ed2e7bad429d4d587093acf9,7672490e19c58995dd8bc09ade0a2a8bcde6085cc76a95e6a2a68b700e661547,7ad9ebcd9fd58eff5f70a27811844becf76962710b946a5e3414bd2a554f6e91,TRUE,TRUE,FALSE,FALSE,TRUE,TRUE,FALSE,FALSE,0,0,0,0,0,0,0,0,0418a77b7087897a0ead6e10b9da2953bfee2ad9da1470ca98b7664e364a3024,0418a77b7087897a0ead6e10b9da2953bfee2ad9da1470ca98b7664e364a3024,TRUE
candidate,2,measure,1,pattern,dense_prefix256,1,plain,1,pair_less,2,compact,1,1000000,1914,256,256,256,4f6a42db5f898f2e6efd550a2d023a17ce9371fa2066ce4c64161c3c65910d42,8e7d65946f89b9de8cc4ad79f7b41348385676a0e384783713e3c574e5a973e1,0.3,0.3,b030522d8463f26081839ac76baf882c6b1df334d2181db64107e72c14bee064,7672490e19c58995dd8bc09ade0a2a8bcde6085cc76a95e6a2a68b700e661547,7ad9ebcd9fd58eff5f70a27811844becf76962710b946a5e3414bd2a554f6e91,TRUE,TRUE,FALSE,FALSE,TRUE,TRUE,FALSE,FALSE,0,0,0,0,0,0,0,0,0418a77b7087897a0ead6e10b9da2953bfee2ad9da1470ca98b7664e364a3024,0418a77b7087897a0ead6e10b9da2953bfee2ad9da1470ca98b7664e364a3024,TRUE
candidate,2,measure,1,pattern,dense_prefix256,1,plain,1,pair_less,2,typed_double,2,1000000,915,256,256,256,4f6a42db5f898f2e6efd550a2d023a17ce9371fa2066ce4c64161c3c65910d42,8e7d65946f89b9de8cc4ad79f7b41348385676a0e384783713e3c574e5a973e1,0.309,0.309,b030522d8463f26081839ac76baf882c6b1df334d2181db64107e72c14bee064,7672490e19c58995dd8bc09ade0a2a8bcde6085cc76a95e6a2a68b700e661547,7ad9ebcd9fd58eff5f70a27811844becf76962710b946a5e3414bd2a554f6e91,FALSE,FALSE,FALSE,FALSE,FALSE,FALSE,FALSE,FALSE,0,0,0,0,0,0,0,0,e8c2c3714dfad8ccb787de83956aff6eadd8f5bf3b515e0083ff8aeca241ab2d,e8c2c3714dfad8ccb787de83956aff6eadd8f5bf3b515e0083ff8aeca241ab2d,TRUE
candidate,2,measure,1,pattern,dense_prefix256,1,retained,2,pair_equal,1,typed_double,1,1000000,1009,256,256,256,4f6a42db5f898f2e6efd550a2d023a17ce9371fa2066ce4c64161c3c65910d42,8e7d65946f89b9de8cc4ad79f7b41348385676a0e384783713e3c574e5a973e1,0.315,0.316,5d23c30edb36be379a1183ab160899e39eb289b4ed2e7bad429d4d587093acf9,7672490e19c58995dd8bc09ade0a2a8bcde6085cc76a95e6a2a68b700e661547,7ad9ebcd9fd58eff5f70a27811844becf76962710b946a5e3414bd2a554f6e91,FALSE,FALSE,FALSE,FALSE,FALSE,FALSE,FALSE,FALSE,0,0,0,0,0,0,0,0,e8c2c3714dfad8ccb787de83956aff6eadd8f5bf3b515e0083ff8aeca241ab2d,e8c2c3714dfad8ccb787de83956aff6eadd8f5bf3b515e0083ff8aeca241ab2d,TRUE
candidate,2,measure,1,pattern,dense_prefix256,1,retained,2,pair_equal,1,compact,2,1000000,1857,256,256,256,4f6a42db5f898f2e6efd550a2d023a17ce9371fa2066ce4c64161c3c65910d42,8e7d65946f89b9de8cc4ad79f7b41348385676a0e384783713e3c574e5a973e1,0.318,0.317,5d23c30edb36be379a1183ab160899e39eb289b4ed2e7bad429d4d587093acf9,7672490e19c58995dd8bc09ade0a2a8bcde6085cc76a95e6a2a68b700e661547,7ad9ebcd9fd58eff5f70a27811844becf76962710b946a5e3414bd2a554f6e91,TRUE,TRUE,FALSE,FALSE,TRUE,TRUE,FALSE,FALSE,1,1,1,1,123,123,62,62,0418a77b7087897a0ead6e10b9da2953bfee2ad9da1470ca98b7664e364a3024,0418a77b7087897a0ead6e10b9da2953bfee2ad9da1470ca98b7664e364a3024,TRUE
candidate,2,measure,1,pattern,dense_prefix256,1,retained,2,pair_less,2,compact,1,1000000,1589,256,256,256,4f6a42db5f898f2e6efd550a2d023a17ce9371fa2066ce4c64161c3c65910d42,8e7d65946f89b9de8cc4ad79f7b41348385676a0e384783713e3c574e5a973e1,0.273,0.274,b030522d8463f26081839ac76baf882c6b1df334d2181db64107e72c14bee064,7672490e19c58995dd8bc09ade0a2a8bcde6085cc76a95e6a2a68b700e661547,7ad9ebcd9fd58eff5f70a27811844becf76962710b946a5e3414bd2a554f6e91,TRUE,TRUE,FALSE,FALSE,TRUE,TRUE,FALSE,FALSE,1,1,1,1,123,123,62,62,0418a77b7087897a0ead6e10b9da2953bfee2ad9da1470ca98b7664e364a3024,0418a77b7087897a0ead6e10b9da2953bfee2ad9da1470ca98b7664e364a3024,TRUE
candidate,2,measure,1,pattern,dense_prefix256,1,retained,2,pair_less,2,typed_double,2,1000000,1025,256,256,256,4f6a42db5f898f2e6efd550a2d023a17ce9371fa2066ce4c64161c3c65910d42,8e7d65946f89b9de8cc4ad79f7b41348385676a0e384783713e3c574e5a973e1,0.319,0.319,b030522d8463f26081839ac76baf882c6b1df334d2181db64107e72c14bee064,7672490e19c58995dd8bc09ade0a2a8bcde6085cc76a95e6a2a68b700e661547,7ad9ebcd9fd58eff5f70a27811844becf76962710b946a5e3414bd2a554f6e91,FALSE,FALSE,FALSE,FALSE,FALSE,FALSE,FALSE,FALSE,0,0,0,0,0,0,0,0,e8c2c3714dfad8ccb787de83956aff6eadd8f5bf3b515e0083ff8aeca241ab2d,e8c2c3714dfad8ccb787de83956aff6eadd8f5bf3b515e0083ff8aeca241ab2d,TRUE
candidate,2,measure,1,pattern,alternating64,2,plain,1,pair_equal,1,typed_double,1,1000000,481,500032,500032,500032,1682e50519c39e20ec73d311cfa7aa489a3c47fc736c77327945a71ddd43692c,1dfca270c18c81168bbc33ba5a5af04d5b0774edc64dc596f58860df56fc6bf0,0.303,0.302,e1e3b56690bef3056ca9f14d5f0d35de2f27f5a263ba2bd045796d4f543d1dd9,d76bb99d8569756afc3037340cd537fe570c8640b3de270bc21954b6511dea41,a91324783d1b7796e4fd78557e66a82bd4d09b9b371f847a9d4a5272bd3aa99a,FALSE,FALSE,FALSE,FALSE,FALSE,FALSE,FALSE,FALSE,0,0,0,0,0,0,0,0,e8c2c3714dfad8ccb787de83956aff6eadd8f5bf3b515e0083ff8aeca241ab2d,e8c2c3714dfad8ccb787de83956aff6eadd8f5bf3b515e0083ff8aeca241ab2d,TRUE
candidate,2,measure,1,pattern,alternating64,2,plain,1,pair_equal,1,compact,2,1000000,906,500032,500032,500032,1682e50519c39e20ec73d311cfa7aa489a3c47fc736c77327945a71ddd43692c,1dfca270c18c81168bbc33ba5a5af04d5b0774edc64dc596f58860df56fc6bf0,0.277,0.277,e1e3b56690bef3056ca9f14d5f0d35de2f27f5a263ba2bd045796d4f543d1dd9,d76bb99d8569756afc3037340cd537fe570c8640b3de270bc21954b6511dea41,a91324783d1b7796e4fd78557e66a82bd4d09b9b371f847a9d4a5272bd3aa99a,TRUE,TRUE,FALSE,FALSE,TRUE,TRUE,FALSE,FALSE,0,0,0,0,0,0,0,0,0418a77b7087897a0ead6e10b9da2953bfee2ad9da1470ca98b7664e364a3024,0418a77b7087897a0ead6e10b9da2953bfee2ad9da1470ca98b7664e364a3024,TRUE
candidate,2,measure,1,pattern,alternating64,2,plain,1,pair_less,2,compact,1,1000000,722,500032,500032,500032,1682e50519c39e20ec73d311cfa7aa489a3c47fc736c77327945a71ddd43692c,1dfca270c18c81168bbc33ba5a5af04d5b0774edc64dc596f58860df56fc6bf0,0.221,0.222,fea3a0c37b9da2e4cba4a29520bbd89d3892e1ce9fd8ac43b87fe680ae163cd6,d76bb99d8569756afc3037340cd537fe570c8640b3de270bc21954b6511dea41,a91324783d1b7796e4fd78557e66a82bd4d09b9b371f847a9d4a5272bd3aa99a,TRUE,TRUE,FALSE,FALSE,TRUE,TRUE,FALSE,FALSE,0,0,0,0,0,0,0,0,0418a77b7087897a0ead6e10b9da2953bfee2ad9da1470ca98b7664e364a3024,0418a77b7087897a0ead6e10b9da2953bfee2ad9da1470ca98b7664e364a3024,TRUE
candidate,2,measure,1,pattern,alternating64,2,plain,1,pair_less,2,typed_double,2,1000000,494,500032,500032,500032,1682e50519c39e20ec73d311cfa7aa489a3c47fc736c77327945a71ddd43692c,1dfca270c18c81168bbc33ba5a5af04d5b0774edc64dc596f58860df56fc6bf0,0.299,0.300000000000001,fea3a0c37b9da2e4cba4a29520bbd89d3892e1ce9fd8ac43b87fe680ae163cd6,d76bb99d8569756afc3037340cd537fe570c8640b3de270bc21954b6511dea41,a91324783d1b7796e4fd78557e66a82bd4d09b9b371f847a9d4a5272bd3aa99a,FALSE,FALSE,FALSE,FALSE,FALSE,FALSE,FALSE,FALSE,0,0,0,0,0,0,0,0,e8c2c3714dfad8ccb787de83956aff6eadd8f5bf3b515e0083ff8aeca241ab2d,e8c2c3714dfad8ccb787de83956aff6eadd8f5bf3b515e0083ff8aeca241ab2d,TRUE
candidate,2,measure,1,pattern,alternating64,2,retained,2,pair_equal,1,typed_double,1,1000000,475,500032,500032,500032,1682e50519c39e20ec73d311cfa7aa489a3c47fc736c77327945a71ddd43692c,1dfca270c18c81168bbc33ba5a5af04d5b0774edc64dc596f58860df56fc6bf0,0.299,0.299,e1e3b56690bef3056ca9f14d5f0d35de2f27f5a263ba2bd045796d4f543d1dd9,d76bb99d8569756afc3037340cd537fe570c8640b3de270bc21954b6511dea41,a91324783d1b7796e4fd78557e66a82bd4d09b9b371f847a9d4a5272bd3aa99a,FALSE,FALSE,FALSE,FALSE,FALSE,FALSE,FALSE,FALSE,0,0,0,0,0,0,0,0,e8c2c3714dfad8ccb787de83956aff6eadd8f5bf3b515e0083ff8aeca241ab2d,e8c2c3714dfad8ccb787de83956aff6eadd8f5bf3b515e0083ff8aeca241ab2d,TRUE
candidate,2,measure,1,pattern,alternating64,2,retained,2,pair_equal,1,compact,2,1000000,658,500032,500032,500032,1682e50519c39e20ec73d311cfa7aa489a3c47fc736c77327945a71ddd43692c,1dfca270c18c81168bbc33ba5a5af04d5b0774edc64dc596f58860df56fc6bf0,0.299,0.299000000000001,e1e3b56690bef3056ca9f14d5f0d35de2f27f5a263ba2bd045796d4f543d1dd9,d76bb99d8569756afc3037340cd537fe570c8640b3de270bc21954b6511dea41,a91324783d1b7796e4fd78557e66a82bd4d09b9b371f847a9d4a5272bd3aa99a,TRUE,TRUE,FALSE,FALSE,TRUE,TRUE,FALSE,FALSE,1,1,1,1,123,123,62,62,0418a77b7087897a0ead6e10b9da2953bfee2ad9da1470ca98b7664e364a3024,0418a77b7087897a0ead6e10b9da2953bfee2ad9da1470ca98b7664e364a3024,TRUE
candidate,2,measure,1,pattern,alternating64,2,retained,2,pair_less,2,compact,1,1000000,658,500032,500032,500032,1682e50519c39e20ec73d311cfa7aa489a3c47fc736c77327945a71ddd43692c,1dfca270c18c81168bbc33ba5a5af04d5b0774edc64dc596f58860df56fc6bf0,0.299,0.299000000000001,fea3a0c37b9da2e4cba4a29520bbd89d3892e1ce9fd8ac43b87fe680ae163cd6,d76bb99d8569756afc3037340cd537fe570c8640b3de270bc21954b6511dea41,a91324783d1b7796e4fd78557e66a82bd4d09b9b371f847a9d4a5272bd3aa99a,TRUE,TRUE,FALSE,FALSE,TRUE,TRUE,FALSE,FALSE,1,1,1,1,123,123,62,62,0418a77b7087897a0ead6e10b9da2953bfee2ad9da1470ca98b7664e364a3024,0418a77b7087897a0ead6e10b9da2953bfee2ad9da1470ca98b7664e364a3024,TRUE
candidate,2,measure,1,pattern,alternating64,2,retained,2,pair_less,2,typed_double,2,1000000,501,500032,500032,500032,1682e50519c39e20ec73d311cfa7aa489a3c47fc736c77327945a71ddd43692c,1dfca270c18c81168bbc33ba5a5af04d5b0774edc64dc596f58860df56fc6bf0,0.303000000000001,0.302999999999999,fea3a0c37b9da2e4cba4a29520bbd89d3892e1ce9fd8ac43b87fe680ae163cd6,d76bb99d8569756afc3037340cd537fe570c8640b3de270bc21954b6511dea41,a91324783d1b7796e4fd78557e66a82bd4d09b9b371f847a9d4a5272bd3aa99a,FALSE,FALSE,FALSE,FALSE,FALSE,FALSE,FALSE,FALSE,0,0,0,0,0,0,0,0,e8c2c3714dfad8ccb787de83956aff6eadd8f5bf3b515e0083ff8aeca241ab2d,e8c2c3714dfad8ccb787de83956aff6eadd8f5bf3b515e0083ff8aeca241ab2d,TRUE
candidate,2,measure,1,pattern,dense_suffix256,3,retained,1,pair_equal,1,typed_double,1,1000000,1054,256,256,256,9381174d5a5c0056365a99d2e08f017e8e0fb6180967a7e6d7598196faa41fe2,4adf2390d7d2014e5ffa38462029cccd9eb5d08c60aced7e63aef1d325349cfc,0.302,0.302,8355ee3a7328986cdf138af94ec134e1f480f883973eeb98807b9973492b5cc7,b38da76a0bf8f72e59074e4463b94231f873a1ddf7c027778214fc73daff29f4,c2aa0aff5c68e774e7479b08e154497a8dd8a2570112001ddc9d703ee9a70fea,FALSE,FALSE,FALSE,FALSE,FALSE,FALSE,FALSE,FALSE,0,0,0,0,0,0,0,0,e8c2c3714dfad8ccb787de83956aff6eadd8f5bf3b515e0083ff8aeca241ab2d,e8c2c3714dfad8ccb787de83956aff6eadd8f5bf3b515e0083ff8aeca241ab2d,TRUE
candidate,2,measure,1,pattern,dense_suffix256,3,retained,1,pair_equal,1,compact,2,1000000,1589,256,256,256,9381174d5a5c0056365a99d2e08f017e8e0fb6180967a7e6d7598196faa41fe2,4adf2390d7d2014e5ffa38462029cccd9eb5d08c60aced7e63aef1d325349cfc,0.257,0.257,8355ee3a7328986cdf138af94ec134e1f480f883973eeb98807b9973492b5cc7,b38da76a0bf8f72e59074e4463b94231f873a1ddf7c027778214fc73daff29f4,c2aa0aff5c68e774e7479b08e154497a8dd8a2570112001ddc9d703ee9a70fea,TRUE,TRUE,FALSE,FALSE,TRUE,TRUE,FALSE,FALSE,1,1,1,1,123,123,62,62,0418a77b7087897a0ead6e10b9da2953bfee2ad9da1470ca98b7664e364a3024,0418a77b7087897a0ead6e10b9da2953bfee2ad9da1470ca98b7664e364a3024,TRUE
candidate,2,measure,1,pattern,dense_suffix256,3,retained,1,pair_less,2,compact,1,1000000,1857,256,256,256,9381174d5a5c0056365a99d2e08f017e8e0fb6180967a7e6d7598196faa41fe2,4adf2390d7d2014e5ffa38462029cccd9eb5d08c60aced7e63aef1d325349cfc,0.316999999999999,0.315999999999999,5b135f6c76754b36c0058612b0d3d10b0623f25d9553b7787a45eacba537f21c,b38da76a0bf8f72e59074e4463b94231f873a1ddf7c027778214fc73daff29f4,c2aa0aff5c68e774e7479b08e154497a8dd8a2570112001ddc9d703ee9a70fea,TRUE,TRUE,FALSE,FALSE,TRUE,TRUE,FALSE,FALSE,1,1,1,1,123,123,62,62,0418a77b7087897a0ead6e10b9da2953bfee2ad9da1470ca98b7664e364a3024,0418a77b7087897a0ead6e10b9da2953bfee2ad9da1470ca98b7664e364a3024,TRUE
candidate,2,measure,1,pattern,dense_suffix256,3,retained,1,pair_less,2,typed_double,2,1000000,1054,256,256,256,9381174d5a5c0056365a99d2e08f017e8e0fb6180967a7e6d7598196faa41fe2,4adf2390d7d2014e5ffa38462029cccd9eb5d08c60aced7e63aef1d325349cfc,0.301,0.301,5b135f6c76754b36c0058612b0d3d10b0623f25d9553b7787a45eacba537f21c,b38da76a0bf8f72e59074e4463b94231f873a1ddf7c027778214fc73daff29f4,c2aa0aff5c68e774e7479b08e154497a8dd8a2570112001ddc9d703ee9a70fea,FALSE,FALSE,FALSE,FALSE,FALSE,FALSE,FALSE,FALSE,0,0,0,0,0,0,0,0,e8c2c3714dfad8ccb787de83956aff6eadd8f5bf3b515e0083ff8aeca241ab2d,e8c2c3714dfad8ccb787de83956aff6eadd8f5bf3b515e0083ff8aeca241ab2d,TRUE
candidate,2,measure,1,pattern,dense_suffix256,3,plain,2,pair_equal,1,typed_double,1,1000000,972,256,256,256,9381174d5a5c0056365a99d2e08f017e8e0fb6180967a7e6d7598196faa41fe2,4adf2390d7d2014e5ffa38462029cccd9eb5d08c60aced7e63aef1d325349cfc,0.282,0.282,8355ee3a7328986cdf138af94ec134e1f480f883973eeb98807b9973492b5cc7,b38da76a0bf8f72e59074e4463b94231f873a1ddf7c027778214fc73daff29f4,c2aa0aff5c68e774e7479b08e154497a8dd8a2570112001ddc9d703ee9a70fea,FALSE,FALSE,FALSE,FALSE,FALSE,FALSE,FALSE,FALSE,0,0,0,0,0,0,0,0,e8c2c3714dfad8ccb787de83956aff6eadd8f5bf3b515e0083ff8aeca241ab2d,e8c2c3714dfad8ccb787de83956aff6eadd8f5bf3b515e0083ff8aeca241ab2d,TRUE
candidate,2,measure,1,pattern,dense_suffix256,3,plain,2,pair_equal,1,compact,2,1000000,2468,256,256,256,9381174d5a5c0056365a99d2e08f017e8e0fb6180967a7e6d7598196faa41fe2,4adf2390d7d2014e5ffa38462029cccd9eb5d08c60aced7e63aef1d325349cfc,0.318999999999999,0.318999999999999,8355ee3a7328986cdf138af94ec134e1f480f883973eeb98807b9973492b5cc7,b38da76a0bf8f72e59074e4463b94231f873a1ddf7c027778214fc73daff29f4,c2aa0aff5c68e774e7479b08e154497a8dd8a2570112001ddc9d703ee9a70fea,TRUE,TRUE,FALSE,FALSE,TRUE,TRUE,FALSE,FALSE,0,0,0,0,0,0,0,0,0418a77b7087897a0ead6e10b9da2953bfee2ad9da1470ca98b7664e364a3024,0418a77b7087897a0ead6e10b9da2953bfee2ad9da1470ca98b7664e364a3024,TRUE
candidate,2,measure,1,pattern,dense_suffix256,3,plain,2,pair_less,2,compact,1,1000000,2084,256,256,256,9381174d5a5c0056365a99d2e08f017e8e0fb6180967a7e6d7598196faa41fe2,4adf2390d7d2014e5ffa38462029cccd9eb5d08c60aced7e63aef1d325349cfc,0.251999999999999,0.252000000000001,5b135f6c76754b36c0058612b0d3d10b0623f25d9553b7787a45eacba537f21c,b38da76a0bf8f72e59074e4463b94231f873a1ddf7c027778214fc73daff29f4,c2aa0aff5c68e774e7479b08e154497a8dd8a2570112001ddc9d703ee9a70fea,TRUE,TRUE,FALSE,FALSE,TRUE,TRUE,FALSE,FALSE,0,0,0,0,0,0,0,0,0418a77b7087897a0ead6e10b9da2953bfee2ad9da1470ca98b7664e364a3024,0418a77b7087897a0ead6e10b9da2953bfee2ad9da1470ca98b7664e364a3024,TRUE
candidate,2,measure,1,pattern,dense_suffix256,3,plain,2,pair_less,2,typed_double,2,1000000,1054,256,256,256,9381174d5a5c0056365a99d2e08f017e8e0fb6180967a7e6d7598196faa41fe2,4adf2390d7d2014e5ffa38462029cccd9eb5d08c60aced7e63aef1d325349cfc,0.316999999999999,0.316000000000001,5b135f6c76754b36c0058612b0d3d10b0623f25d9553b7787a45eacba537f21c,b38da76a0bf8f72e59074e4463b94231f873a1ddf7c027778214fc73daff29f4,c2aa0aff5c68e774e7479b08e154497a8dd8a2570112001ddc9d703ee9a70fea,FALSE,FALSE,FALSE,FALSE,FALSE,FALSE,FALSE,FALSE,0,0,0,0,0,0,0,0,e8c2c3714dfad8ccb787de83956aff6eadd8f5bf3b515e0083ff8aeca241ab2d,e8c2c3714dfad8ccb787de83956aff6eadd8f5bf3b515e0083ff8aeca241ab2d,TRUE
baseline,2,measure,1,pattern,dense_prefix256,1,plain,1,pair_equal,1,typed_double,1,1000000,915,256,256,256,4f6a42db5f898f2e6efd550a2d023a17ce9371fa2066ce4c64161c3c65910d42,8e7d65946f89b9de8cc4ad79f7b41348385676a0e384783713e3c574e5a973e1,0.293,0.293,5d23c30edb36be379a1183ab160899e39eb289b4ed2e7bad429d4d587093acf9,7672490e19c58995dd8bc09ade0a2a8bcde6085cc76a95e6a2a68b700e661547,7ad9ebcd9fd58eff5f70a27811844becf76962710b946a5e3414bd2a554f6e91,FALSE,FALSE,FALSE,FALSE,FALSE,FALSE,FALSE,FALSE,0,0,0,0,0,0,0,0,e8c2c3714dfad8ccb787de83956aff6eadd8f5bf3b515e0083ff8aeca241ab2d,e8c2c3714dfad8ccb787de83956aff6eadd8f5bf3b515e0083ff8aeca241ab2d,TRUE
baseline,2,measure,1,pattern,dense_prefix256,1,plain,1,pair_equal,1,compact,2,1000000,536,256,256,256,4f6a42db5f898f2e6efd550a2d023a17ce9371fa2066ce4c64161c3c65910d42,8e7d65946f89b9de8cc4ad79f7b41348385676a0e384783713e3c574e5a973e1,0.239,0.239,5d23c30edb36be379a1183ab160899e39eb289b4ed2e7bad429d4d587093acf9,7672490e19c58995dd8bc09ade0a2a8bcde6085cc76a95e6a2a68b700e661547,7ad9ebcd9fd58eff5f70a27811844becf76962710b946a5e3414bd2a554f6e91,TRUE,TRUE,FALSE,FALSE,TRUE,TRUE,FALSE,FALSE,0,0,0,0,0,0,0,0,0418a77b7087897a0ead6e10b9da2953bfee2ad9da1470ca98b7664e364a3024,0418a77b7087897a0ead6e10b9da2953bfee2ad9da1470ca98b7664e364a3024,TRUE
baseline,2,measure,1,pattern,dense_prefix256,1,plain,1,pair_less,2,compact,1,1000000,682,256,256,256,4f6a42db5f898f2e6efd550a2d023a17ce9371fa2066ce4c64161c3c65910d42,8e7d65946f89b9de8cc4ad79f7b41348385676a0e384783713e3c574e5a973e1,0.319,0.32,b030522d8463f26081839ac76baf882c6b1df334d2181db64107e72c14bee064,7672490e19c58995dd8bc09ade0a2a8bcde6085cc76a95e6a2a68b700e661547,7ad9ebcd9fd58eff5f70a27811844becf76962710b946a5e3414bd2a554f6e91,TRUE,TRUE,FALSE,FALSE,TRUE,TRUE,FALSE,FALSE,0,0,0,0,0,0,0,0,0418a77b7087897a0ead6e10b9da2953bfee2ad9da1470ca98b7664e364a3024,0418a77b7087897a0ead6e10b9da2953bfee2ad9da1470ca98b7664e364a3024,TRUE
baseline,2,measure,1,pattern,dense_prefix256,1,plain,1,pair_less,2,typed_double,2,1000000,911,256,256,256,4f6a42db5f898f2e6efd550a2d023a17ce9371fa2066ce4c64161c3c65910d42,8e7d65946f89b9de8cc4ad79f7b41348385676a0e384783713e3c574e5a973e1,0.292,0.292,b030522d8463f26081839ac76baf882c6b1df334d2181db64107e72c14bee064,7672490e19c58995dd8bc09ade0a2a8bcde6085cc76a95e6a2a68b700e661547,7ad9ebcd9fd58eff5f70a27811844becf76962710b946a5e3414bd2a554f6e91,FALSE,FALSE,FALSE,FALSE,FALSE,FALSE,FALSE,FALSE,0,0,0,0,0,0,0,0,e8c2c3714dfad8ccb787de83956aff6eadd8f5bf3b515e0083ff8aeca241ab2d,e8c2c3714dfad8ccb787de83956aff6eadd8f5bf3b515e0083ff8aeca241ab2d,TRUE
baseline,2,measure,1,pattern,dense_prefix256,1,retained,2,pair_equal,1,typed_double,1,1000000,1009,256,256,256,4f6a42db5f898f2e6efd550a2d023a17ce9371fa2066ce4c64161c3c65910d42,8e7d65946f89b9de8cc4ad79f7b41348385676a0e384783713e3c574e5a973e1,0.317,0.317,5d23c30edb36be379a1183ab160899e39eb289b4ed2e7bad429d4d587093acf9,7672490e19c58995dd8bc09ade0a2a8bcde6085cc76a95e6a2a68b700e661547,7ad9ebcd9fd58eff5f70a27811844becf76962710b946a5e3414bd2a554f6e91,FALSE,FALSE,FALSE,FALSE,FALSE,FALSE,FALSE,FALSE,0,0,0,0,0,0,0,0,e8c2c3714dfad8ccb787de83956aff6eadd8f5bf3b515e0083ff8aeca241ab2d,e8c2c3714dfad8ccb787de83956aff6eadd8f5bf3b515e0083ff8aeca241ab2d,TRUE
baseline,2,measure,1,pattern,dense_prefix256,1,retained,2,pair_equal,1,compact,2,1000000,1603,256,256,256,4f6a42db5f898f2e6efd550a2d023a17ce9371fa2066ce4c64161c3c65910d42,8e7d65946f89b9de8cc4ad79f7b41348385676a0e384783713e3c574e5a973e1,0.275,0.276,5d23c30edb36be379a1183ab160899e39eb289b4ed2e7bad429d4d587093acf9,7672490e19c58995dd8bc09ade0a2a8bcde6085cc76a95e6a2a68b700e661547,7ad9ebcd9fd58eff5f70a27811844becf76962710b946a5e3414bd2a554f6e91,TRUE,TRUE,FALSE,FALSE,TRUE,TRUE,FALSE,FALSE,1,1,1,1,123,123,62,62,0418a77b7087897a0ead6e10b9da2953bfee2ad9da1470ca98b7664e364a3024,0418a77b7087897a0ead6e10b9da2953bfee2ad9da1470ca98b7664e364a3024,TRUE
baseline,2,measure,1,pattern,dense_prefix256,1,retained,2,pair_less,2,compact,1,1000000,1821,256,256,256,4f6a42db5f898f2e6efd550a2d023a17ce9371fa2066ce4c64161c3c65910d42,8e7d65946f89b9de8cc4ad79f7b41348385676a0e384783713e3c574e5a973e1,0.327999999999999,0.328,b030522d8463f26081839ac76baf882c6b1df334d2181db64107e72c14bee064,7672490e19c58995dd8bc09ade0a2a8bcde6085cc76a95e6a2a68b700e661547,7ad9ebcd9fd58eff5f70a27811844becf76962710b946a5e3414bd2a554f6e91,TRUE,TRUE,FALSE,FALSE,TRUE,TRUE,FALSE,FALSE,1,1,1,1,123,123,62,62,0418a77b7087897a0ead6e10b9da2953bfee2ad9da1470ca98b7664e364a3024,0418a77b7087897a0ead6e10b9da2953bfee2ad9da1470ca98b7664e364a3024,TRUE
baseline,2,measure,1,pattern,dense_prefix256,1,retained,2,pair_less,2,typed_double,2,1000000,1014,256,256,256,4f6a42db5f898f2e6efd550a2d023a17ce9371fa2066ce4c64161c3c65910d42,8e7d65946f89b9de8cc4ad79f7b41348385676a0e384783713e3c574e5a973e1,0.318,0.318,b030522d8463f26081839ac76baf882c6b1df334d2181db64107e72c14bee064,7672490e19c58995dd8bc09ade0a2a8bcde6085cc76a95e6a2a68b700e661547,7ad9ebcd9fd58eff5f70a27811844becf76962710b946a5e3414bd2a554f6e91,FALSE,FALSE,FALSE,FALSE,FALSE,FALSE,FALSE,FALSE,0,0,0,0,0,0,0,0,e8c2c3714dfad8ccb787de83956aff6eadd8f5bf3b515e0083ff8aeca241ab2d,e8c2c3714dfad8ccb787de83956aff6eadd8f5bf3b515e0083ff8aeca241ab2d,TRUE
baseline,2,measure,1,pattern,alternating64,2,plain,1,pair_equal,1,typed_double,1,1000000,481,500032,500032,500032,1682e50519c39e20ec73d311cfa7aa489a3c47fc736c77327945a71ddd43692c,1dfca270c18c81168bbc33ba5a5af04d5b0774edc64dc596f58860df56fc6bf0,0.319,0.319,e1e3b56690bef3056ca9f14d5f0d35de2f27f5a263ba2bd045796d4f543d1dd9,d76bb99d8569756afc3037340cd537fe570c8640b3de270bc21954b6511dea41,a91324783d1b7796e4fd78557e66a82bd4d09b9b371f847a9d4a5272bd3aa99a,FALSE,FALSE,FALSE,FALSE,FALSE,FALSE,FALSE,FALSE,0,0,0,0,0,0,0,0,e8c2c3714dfad8ccb787de83956aff6eadd8f5bf3b515e0083ff8aeca241ab2d,e8c2c3714dfad8ccb787de83956aff6eadd8f5bf3b515e0083ff8aeca241ab2d,TRUE
baseline,2,measure,1,pattern,alternating64,2,plain,1,pair_equal,1,compact,2,1000000,967,500032,500032,500032,1682e50519c39e20ec73d311cfa7aa489a3c47fc736c77327945a71ddd43692c,1dfca270c18c81168bbc33ba5a5af04d5b0774edc64dc596f58860df56fc6bf0,0.312,0.313000000000001,e1e3b56690bef3056ca9f14d5f0d35de2f27f5a263ba2bd045796d4f543d1dd9,d76bb99d8569756afc3037340cd537fe570c8640b3de270bc21954b6511dea41,a91324783d1b7796e4fd78557e66a82bd4d09b9b371f847a9d4a5272bd3aa99a,TRUE,TRUE,FALSE,FALSE,TRUE,TRUE,FALSE,FALSE,0,0,0,0,0,0,0,0,0418a77b7087897a0ead6e10b9da2953bfee2ad9da1470ca98b7664e364a3024,0418a77b7087897a0ead6e10b9da2953bfee2ad9da1470ca98b7664e364a3024,TRUE
baseline,2,measure,1,pattern,alternating64,2,plain,1,pair_less,2,compact,1,1000000,898,500032,500032,500032,1682e50519c39e20ec73d311cfa7aa489a3c47fc736c77327945a71ddd43692c,1dfca270c18c81168bbc33ba5a5af04d5b0774edc64dc596f58860df56fc6bf0,0.292,0.292,fea3a0c37b9da2e4cba4a29520bbd89d3892e1ce9fd8ac43b87fe680ae163cd6,d76bb99d8569756afc3037340cd537fe570c8640b3de270bc21954b6511dea41,a91324783d1b7796e4fd78557e66a82bd4d09b9b371f847a9d4a5272bd3aa99a,TRUE,TRUE,FALSE,FALSE,TRUE,TRUE,FALSE,FALSE,0,0,0,0,0,0,0,0,0418a77b7087897a0ead6e10b9da2953bfee2ad9da1470ca98b7664e364a3024,0418a77b7087897a0ead6e10b9da2953bfee2ad9da1470ca98b7664e364a3024,TRUE
baseline,2,measure,1,pattern,alternating64,2,plain,1,pair_less,2,typed_double,2,1000000,494,500032,500032,500032,1682e50519c39e20ec73d311cfa7aa489a3c47fc736c77327945a71ddd43692c,1dfca270c18c81168bbc33ba5a5af04d5b0774edc64dc596f58860df56fc6bf0,0.3,0.300000000000001,fea3a0c37b9da2e4cba4a29520bbd89d3892e1ce9fd8ac43b87fe680ae163cd6,d76bb99d8569756afc3037340cd537fe570c8640b3de270bc21954b6511dea41,a91324783d1b7796e4fd78557e66a82bd4d09b9b371f847a9d4a5272bd3aa99a,FALSE,FALSE,FALSE,FALSE,FALSE,FALSE,FALSE,FALSE,0,0,0,0,0,0,0,0,e8c2c3714dfad8ccb787de83956aff6eadd8f5bf3b515e0083ff8aeca241ab2d,e8c2c3714dfad8ccb787de83956aff6eadd8f5bf3b515e0083ff8aeca241ab2d,TRUE
baseline,2,measure,1,pattern,alternating64,2,retained,2,pair_equal,1,typed_double,1,1000000,475,500032,500032,500032,1682e50519c39e20ec73d311cfa7aa489a3c47fc736c77327945a71ddd43692c,1dfca270c18c81168bbc33ba5a5af04d5b0774edc64dc596f58860df56fc6bf0,0.297000000000001,0.297000000000001,e1e3b56690bef3056ca9f14d5f0d35de2f27f5a263ba2bd045796d4f543d1dd9,d76bb99d8569756afc3037340cd537fe570c8640b3de270bc21954b6511dea41,a91324783d1b7796e4fd78557e66a82bd4d09b9b371f847a9d4a5272bd3aa99a,FALSE,FALSE,FALSE,FALSE,FALSE,FALSE,FALSE,FALSE,0,0,0,0,0,0,0,0,e8c2c3714dfad8ccb787de83956aff6eadd8f5bf3b515e0083ff8aeca241ab2d,e8c2c3714dfad8ccb787de83956aff6eadd8f5bf3b515e0083ff8aeca241ab2d,TRUE
baseline,2,measure,1,pattern,alternating64,2,retained,2,pair_equal,1,compact,2,1000000,670,500032,500032,500032,1682e50519c39e20ec73d311cfa7aa489a3c47fc736c77327945a71ddd43692c,1dfca270c18c81168bbc33ba5a5af04d5b0774edc64dc596f58860df56fc6bf0,0.304,0.305,e1e3b56690bef3056ca9f14d5f0d35de2f27f5a263ba2bd045796d4f543d1dd9,d76bb99d8569756afc3037340cd537fe570c8640b3de270bc21954b6511dea41,a91324783d1b7796e4fd78557e66a82bd4d09b9b371f847a9d4a5272bd3aa99a,TRUE,TRUE,FALSE,FALSE,TRUE,TRUE,FALSE,FALSE,1,1,1,1,123,123,62,62,0418a77b7087897a0ead6e10b9da2953bfee2ad9da1470ca98b7664e364a3024,0418a77b7087897a0ead6e10b9da2953bfee2ad9da1470ca98b7664e364a3024,TRUE
baseline,2,measure,1,pattern,alternating64,2,retained,2,pair_less,2,compact,1,1000000,658,500032,500032,500032,1682e50519c39e20ec73d311cfa7aa489a3c47fc736c77327945a71ddd43692c,1dfca270c18c81168bbc33ba5a5af04d5b0774edc64dc596f58860df56fc6bf0,0.314,0.314,fea3a0c37b9da2e4cba4a29520bbd89d3892e1ce9fd8ac43b87fe680ae163cd6,d76bb99d8569756afc3037340cd537fe570c8640b3de270bc21954b6511dea41,a91324783d1b7796e4fd78557e66a82bd4d09b9b371f847a9d4a5272bd3aa99a,TRUE,TRUE,FALSE,FALSE,TRUE,TRUE,FALSE,FALSE,1,1,1,1,123,123,62,62,0418a77b7087897a0ead6e10b9da2953bfee2ad9da1470ca98b7664e364a3024,0418a77b7087897a0ead6e10b9da2953bfee2ad9da1470ca98b7664e364a3024,TRUE
baseline,2,measure,1,pattern,alternating64,2,retained,2,pair_less,2,typed_double,2,1000000,500,500032,500032,500032,1682e50519c39e20ec73d311cfa7aa489a3c47fc736c77327945a71ddd43692c,1dfca270c18c81168bbc33ba5a5af04d5b0774edc64dc596f58860df56fc6bf0,0.300000000000001,0.301,fea3a0c37b9da2e4cba4a29520bbd89d3892e1ce9fd8ac43b87fe680ae163cd6,d76bb99d8569756afc3037340cd537fe570c8640b3de270bc21954b6511dea41,a91324783d1b7796e4fd78557e66a82bd4d09b9b371f847a9d4a5272bd3aa99a,FALSE,FALSE,FALSE,FALSE,FALSE,FALSE,FALSE,FALSE,0,0,0,0,0,0,0,0,e8c2c3714dfad8ccb787de83956aff6eadd8f5bf3b515e0083ff8aeca241ab2d,e8c2c3714dfad8ccb787de83956aff6eadd8f5bf3b515e0083ff8aeca241ab2d,TRUE
baseline,2,measure,1,pattern,dense_suffix256,3,retained,1,pair_equal,1,typed_double,1,1000000,1066,256,256,256,9381174d5a5c0056365a99d2e08f017e8e0fb6180967a7e6d7598196faa41fe2,4adf2390d7d2014e5ffa38462029cccd9eb5d08c60aced7e63aef1d325349cfc,0.301,0.301,8355ee3a7328986cdf138af94ec134e1f480f883973eeb98807b9973492b5cc7,b38da76a0bf8f72e59074e4463b94231f873a1ddf7c027778214fc73daff29f4,c2aa0aff5c68e774e7479b08e154497a8dd8a2570112001ddc9d703ee9a70fea,FALSE,FALSE,FALSE,FALSE,FALSE,FALSE,FALSE,FALSE,0,0,0,0,0,0,0,0,e8c2c3714dfad8ccb787de83956aff6eadd8f5bf3b515e0083ff8aeca241ab2d,e8c2c3714dfad8ccb787de83956aff6eadd8f5bf3b515e0083ff8aeca241ab2d,TRUE
baseline,2,measure,1,pattern,dense_suffix256,3,retained,1,pair_equal,1,compact,2,1000000,1631,256,256,256,9381174d5a5c0056365a99d2e08f017e8e0fb6180967a7e6d7598196faa41fe2,4adf2390d7d2014e5ffa38462029cccd9eb5d08c60aced7e63aef1d325349cfc,0.26,0.261000000000001,8355ee3a7328986cdf138af94ec134e1f480f883973eeb98807b9973492b5cc7,b38da76a0bf8f72e59074e4463b94231f873a1ddf7c027778214fc73daff29f4,c2aa0aff5c68e774e7479b08e154497a8dd8a2570112001ddc9d703ee9a70fea,TRUE,TRUE,FALSE,FALSE,TRUE,TRUE,FALSE,FALSE,1,1,1,1,123,123,62,62,0418a77b7087897a0ead6e10b9da2953bfee2ad9da1470ca98b7664e364a3024,0418a77b7087897a0ead6e10b9da2953bfee2ad9da1470ca98b7664e364a3024,TRUE
baseline,2,measure,1,pattern,dense_suffix256,3,retained,1,pair_less,2,compact,1,1000000,1876,256,256,256,9381174d5a5c0056365a99d2e08f017e8e0fb6180967a7e6d7598196faa41fe2,4adf2390d7d2014e5ffa38462029cccd9eb5d08c60aced7e63aef1d325349cfc,0.317,0.317,5b135f6c76754b36c0058612b0d3d10b0623f25d9553b7787a45eacba537f21c,b38da76a0bf8f72e59074e4463b94231f873a1ddf7c027778214fc73daff29f4,c2aa0aff5c68e774e7479b08e154497a8dd8a2570112001ddc9d703ee9a70fea,TRUE,TRUE,FALSE,FALSE,TRUE,TRUE,FALSE,FALSE,1,1,1,1,123,123,62,62,0418a77b7087897a0ead6e10b9da2953bfee2ad9da1470ca98b7664e364a3024,0418a77b7087897a0ead6e10b9da2953bfee2ad9da1470ca98b7664e364a3024,TRUE
baseline,2,measure,1,pattern,dense_suffix256,3,retained,1,pair_less,2,typed_double,2,1000000,1060,256,256,256,9381174d5a5c0056365a99d2e08f017e8e0fb6180967a7e6d7598196faa41fe2,4adf2390d7d2014e5ffa38462029cccd9eb5d08c60aced7e63aef1d325349cfc,0.304000000000001,0.302999999999999,5b135f6c76754b36c0058612b0d3d10b0623f25d9553b7787a45eacba537f21c,b38da76a0bf8f72e59074e4463b94231f873a1ddf7c027778214fc73daff29f4,c2aa0aff5c68e774e7479b08e154497a8dd8a2570112001ddc9d703ee9a70fea,FALSE,FALSE,FALSE,FALSE,FALSE,FALSE,FALSE,FALSE,0,0,0,0,0,0,0,0,e8c2c3714dfad8ccb787de83956aff6eadd8f5bf3b515e0083ff8aeca241ab2d,e8c2c3714dfad8ccb787de83956aff6eadd8f5bf3b515e0083ff8aeca241ab2d,TRUE
baseline,2,measure,1,pattern,dense_suffix256,3,plain,2,pair_equal,1,typed_double,1,1000000,972,256,256,256,9381174d5a5c0056365a99d2e08f017e8e0fb6180967a7e6d7598196faa41fe2,4adf2390d7d2014e5ffa38462029cccd9eb5d08c60aced7e63aef1d325349cfc,0.277,0.274999999999999,8355ee3a7328986cdf138af94ec134e1f480f883973eeb98807b9973492b5cc7,b38da76a0bf8f72e59074e4463b94231f873a1ddf7c027778214fc73daff29f4,c2aa0aff5c68e774e7479b08e154497a8dd8a2570112001ddc9d703ee9a70fea,FALSE,FALSE,FALSE,FALSE,FALSE,FALSE,FALSE,FALSE,0,0,0,0,0,0,0,0,e8c2c3714dfad8ccb787de83956aff6eadd8f5bf3b515e0083ff8aeca241ab2d,e8c2c3714dfad8ccb787de83956aff6eadd8f5bf3b515e0083ff8aeca241ab2d,TRUE
baseline,2,measure,1,pattern,dense_suffix256,3,plain,2,pair_equal,1,compact,2,1000000,2468,256,256,256,9381174d5a5c0056365a99d2e08f017e8e0fb6180967a7e6d7598196faa41fe2,4adf2390d7d2014e5ffa38462029cccd9eb5d08c60aced7e63aef1d325349cfc,0.314,0.314,8355ee3a7328986cdf138af94ec134e1f480f883973eeb98807b9973492b5cc7,b38da76a0bf8f72e59074e4463b94231f873a1ddf7c027778214fc73daff29f4,c2aa0aff5c68e774e7479b08e154497a8dd8a2570112001ddc9d703ee9a70fea,TRUE,TRUE,FALSE,FALSE,TRUE,TRUE,FALSE,FALSE,0,0,0,0,0,0,0,0,0418a77b7087897a0ead6e10b9da2953bfee2ad9da1470ca98b7664e364a3024,0418a77b7087897a0ead6e10b9da2953bfee2ad9da1470ca98b7664e364a3024,TRUE
baseline,2,measure,1,pattern,dense_suffix256,3,plain,2,pair_less,2,compact,1,1000000,2501,256,256,256,9381174d5a5c0056365a99d2e08f017e8e0fb6180967a7e6d7598196faa41fe2,4adf2390d7d2014e5ffa38462029cccd9eb5d08c60aced7e63aef1d325349cfc,0.319000000000001,0.319000000000001,5b135f6c76754b36c0058612b0d3d10b0623f25d9553b7787a45eacba537f21c,b38da76a0bf8f72e59074e4463b94231f873a1ddf7c027778214fc73daff29f4,c2aa0aff5c68e774e7479b08e154497a8dd8a2570112001ddc9d703ee9a70fea,TRUE,TRUE,FALSE,FALSE,TRUE,TRUE,FALSE,FALSE,0,0,0,0,0,0,0,0,0418a77b7087897a0ead6e10b9da2953bfee2ad9da1470ca98b7664e364a3024,0418a77b7087897a0ead6e10b9da2953bfee2ad9da1470ca98b7664e364a3024,TRUE
baseline,2,measure,1,pattern,dense_suffix256,3,plain,2,pair_less,2,typed_double,2,1000000,1060,256,256,256,9381174d5a5c0056365a99d2e08f017e8e0fb6180967a7e6d7598196faa41fe2,4adf2390d7d2014e5ffa38462029cccd9eb5d08c60aced7e63aef1d325349cfc,0.302,0.302,5b135f6c76754b36c0058612b0d3d10b0623f25d9553b7787a45eacba537f21c,b38da76a0bf8f72e59074e4463b94231f873a1ddf7c027778214fc73daff29f4,c2aa0aff5c68e774e7479b08e154497a8dd8a2570112001ddc9d703ee9a70fea,FALSE,FALSE,FALSE,FALSE,FALSE,FALSE,FALSE,FALSE,0,0,0,0,0,0,0,0,e8c2c3714dfad8ccb787de83956aff6eadd8f5bf3b515e0083ff8aeca241ab2d,e8c2c3714dfad8ccb787de83956aff6eadd8f5bf3b515e0083ff8aeca241ab2d,TRUE
baseline,3,measure,1,pattern,dense_suffix256,1,plain,1,pair_less,1,typed_double,1,1000000,933,256,256,256,9381174d5a5c0056365a99d2e08f017e8e0fb6180967a7e6d7598196faa41fe2,4adf2390d7d2014e5ffa38462029cccd9eb5d08c60aced7e63aef1d325349cfc,0.291,0.292,5b135f6c76754b36c0058612b0d3d10b0623f25d9553b7787a45eacba537f21c,b38da76a0bf8f72e59074e4463b94231f873a1ddf7c027778214fc73daff29f4,c2aa0aff5c68e774e7479b08e154497a8dd8a2570112001ddc9d703ee9a70fea,FALSE,FALSE,FALSE,FALSE,FALSE,FALSE,FALSE,FALSE,0,0,0,0,0,0,0,0,e8c2c3714dfad8ccb787de83956aff6eadd8f5bf3b515e0083ff8aeca241ab2d,e8c2c3714dfad8ccb787de83956aff6eadd8f5bf3b515e0083ff8aeca241ab2d,TRUE
baseline,3,measure,1,pattern,dense_suffix256,1,plain,1,pair_less,1,compact,2,1000000,1954,256,256,256,9381174d5a5c0056365a99d2e08f017e8e0fb6180967a7e6d7598196faa41fe2,4adf2390d7d2014e5ffa38462029cccd9eb5d08c60aced7e63aef1d325349cfc,0.298,0.299,5b135f6c76754b36c0058612b0d3d10b0623f25d9553b7787a45eacba537f21c,b38da76a0bf8f72e59074e4463b94231f873a1ddf7c027778214fc73daff29f4,c2aa0aff5c68e774e7479b08e154497a8dd8a2570112001ddc9d703ee9a70fea,TRUE,TRUE,FALSE,FALSE,TRUE,TRUE,FALSE,FALSE,0,0,0,0,0,0,0,0,0418a77b7087897a0ead6e10b9da2953bfee2ad9da1470ca98b7664e364a3024,0418a77b7087897a0ead6e10b9da2953bfee2ad9da1470ca98b7664e364a3024,TRUE
baseline,3,measure,1,pattern,dense_suffix256,1,plain,1,pair_equal,2,compact,1,1000000,1974,256,256,256,9381174d5a5c0056365a99d2e08f017e8e0fb6180967a7e6d7598196faa41fe2,4adf2390d7d2014e5ffa38462029cccd9eb5d08c60aced7e63aef1d325349cfc,0.302,0.301,8355ee3a7328986cdf138af94ec134e1f480f883973eeb98807b9973492b5cc7,b38da76a0bf8f72e59074e4463b94231f873a1ddf7c027778214fc73daff29f4,c2aa0aff5c68e774e7479b08e154497a8dd8a2570112001ddc9d703ee9a70fea,TRUE,TRUE,FALSE,FALSE,TRUE,TRUE,FALSE,FALSE,0,0,0,0,0,0,0,0,0418a77b7087897a0ead6e10b9da2953bfee2ad9da1470ca98b7664e364a3024,0418a77b7087897a0ead6e10b9da2953bfee2ad9da1470ca98b7664e364a3024,TRUE
baseline,3,measure,1,pattern,dense_suffix256,1,plain,1,pair_equal,2,typed_double,2,1000000,962,256,256,256,9381174d5a5c0056365a99d2e08f017e8e0fb6180967a7e6d7598196faa41fe2,4adf2390d7d2014e5ffa38462029cccd9eb5d08c60aced7e63aef1d325349cfc,0.293,0.292,8355ee3a7328986cdf138af94ec134e1f480f883973eeb98807b9973492b5cc7,b38da76a0bf8f72e59074e4463b94231f873a1ddf7c027778214fc73daff29f4,c2aa0aff5c68e774e7479b08e154497a8dd8a2570112001ddc9d703ee9a70fea,FALSE,FALSE,FALSE,FALSE,FALSE,FALSE,FALSE,FALSE,0,0,0,0,0,0,0,0,e8c2c3714dfad8ccb787de83956aff6eadd8f5bf3b515e0083ff8aeca241ab2d,e8c2c3714dfad8ccb787de83956aff6eadd8f5bf3b515e0083ff8aeca241ab2d,TRUE
baseline,3,measure,1,pattern,dense_suffix256,1,retained,2,pair_less,1,typed_double,1,1000000,1042,256,256,256,9381174d5a5c0056365a99d2e08f017e8e0fb6180967a7e6d7598196faa41fe2,4adf2390d7d2014e5ffa38462029cccd9eb5d08c60aced7e63aef1d325349cfc,0.299,0.299,5b135f6c76754b36c0058612b0d3d10b0623f25d9553b7787a45eacba537f21c,b38da76a0bf8f72e59074e4463b94231f873a1ddf7c027778214fc73daff29f4,c2aa0aff5c68e774e7479b08e154497a8dd8a2570112001ddc9d703ee9a70fea,FALSE,FALSE,FALSE,FALSE,FALSE,FALSE,FALSE,FALSE,0,0,0,0,0,0,0,0,e8c2c3714dfad8ccb787de83956aff6eadd8f5bf3b515e0083ff8aeca241ab2d,e8c2c3714dfad8ccb787de83956aff6eadd8f5bf3b515e0083ff8aeca241ab2d,TRUE
baseline,3,measure,1,pattern,dense_suffix256,1,retained,2,pair_less,1,compact,2,1000000,1875,256,256,256,9381174d5a5c0056365a99d2e08f017e8e0fb6180967a7e6d7598196faa41fe2,4adf2390d7d2014e5ffa38462029cccd9eb5d08c60aced7e63aef1d325349cfc,0.316,0.317,5b135f6c76754b36c0058612b0d3d10b0623f25d9553b7787a45eacba537f21c,b38da76a0bf8f72e59074e4463b94231f873a1ddf7c027778214fc73daff29f4,c2aa0aff5c68e774e7479b08e154497a8dd8a2570112001ddc9d703ee9a70fea,TRUE,TRUE,FALSE,FALSE,TRUE,TRUE,FALSE,FALSE,1,1,1,1,123,123,62,62,0418a77b7087897a0ead6e10b9da2953bfee2ad9da1470ca98b7664e364a3024,0418a77b7087897a0ead6e10b9da2953bfee2ad9da1470ca98b7664e364a3024,TRUE
baseline,3,measure,1,pattern,dense_suffix256,1,retained,2,pair_equal,2,compact,1,1000000,1617,256,256,256,9381174d5a5c0056365a99d2e08f017e8e0fb6180967a7e6d7598196faa41fe2,4adf2390d7d2014e5ffa38462029cccd9eb5d08c60aced7e63aef1d325349cfc,0.274,0.276,8355ee3a7328986cdf138af94ec134e1f480f883973eeb98807b9973492b5cc7,b38da76a0bf8f72e59074e4463b94231f873a1ddf7c027778214fc73daff29f4,c2aa0aff5c68e774e7479b08e154497a8dd8a2570112001ddc9d703ee9a70fea,TRUE,TRUE,FALSE,FALSE,TRUE,TRUE,FALSE,FALSE,1,1,1,1,123,123,62,62,0418a77b7087897a0ead6e10b9da2953bfee2ad9da1470ca98b7664e364a3024,0418a77b7087897a0ead6e10b9da2953bfee2ad9da1470ca98b7664e364a3024,TRUE
baseline,3,measure,1,pattern,dense_suffix256,1,retained,2,pair_equal,2,typed_double,2,1000000,1048,256,256,256,9381174d5a5c0056365a99d2e08f017e8e0fb6180967a7e6d7598196faa41fe2,4adf2390d7d2014e5ffa38462029cccd9eb5d08c60aced7e63aef1d325349cfc,0.315,0.315,8355ee3a7328986cdf138af94ec134e1f480f883973eeb98807b9973492b5cc7,b38da76a0bf8f72e59074e4463b94231f873a1ddf7c027778214fc73daff29f4,c2aa0aff5c68e774e7479b08e154497a8dd8a2570112001ddc9d703ee9a70fea,FALSE,FALSE,FALSE,FALSE,FALSE,FALSE,FALSE,FALSE,0,0,0,0,0,0,0,0,e8c2c3714dfad8ccb787de83956aff6eadd8f5bf3b515e0083ff8aeca241ab2d,e8c2c3714dfad8ccb787de83956aff6eadd8f5bf3b515e0083ff8aeca241ab2d,TRUE
baseline,3,measure,1,pattern,dense_prefix256,2,retained,1,pair_less,1,typed_double,1,1000000,1020,256,256,256,4f6a42db5f898f2e6efd550a2d023a17ce9371fa2066ce4c64161c3c65910d42,8e7d65946f89b9de8cc4ad79f7b41348385676a0e384783713e3c574e5a973e1,0.315,0.315,b030522d8463f26081839ac76baf882c6b1df334d2181db64107e72c14bee064,7672490e19c58995dd8bc09ade0a2a8bcde6085cc76a95e6a2a68b700e661547,7ad9ebcd9fd58eff5f70a27811844becf76962710b946a5e3414bd2a554f6e91,FALSE,FALSE,FALSE,FALSE,FALSE,FALSE,FALSE,FALSE,0,0,0,0,0,0,0,0,e8c2c3714dfad8ccb787de83956aff6eadd8f5bf3b515e0083ff8aeca241ab2d,e8c2c3714dfad8ccb787de83956aff6eadd8f5bf3b515e0083ff8aeca241ab2d,TRUE
baseline,3,measure,1,pattern,dense_prefix256,2,retained,1,pair_less,1,compact,2,1000000,1589,256,256,256,4f6a42db5f898f2e6efd550a2d023a17ce9371fa2066ce4c64161c3c65910d42,8e7d65946f89b9de8cc4ad79f7b41348385676a0e384783713e3c574e5a973e1,0.273,0.274,b030522d8463f26081839ac76baf882c6b1df334d2181db64107e72c14bee064,7672490e19c58995dd8bc09ade0a2a8bcde6085cc76a95e6a2a68b700e661547,7ad9ebcd9fd58eff5f70a27811844becf76962710b946a5e3414bd2a554f6e91,TRUE,TRUE,FALSE,FALSE,TRUE,TRUE,FALSE,FALSE,1,1,1,1,123,123,62,62,0418a77b7087897a0ead6e10b9da2953bfee2ad9da1470ca98b7664e364a3024,0418a77b7087897a0ead6e10b9da2953bfee2ad9da1470ca98b7664e364a3024,TRUE
baseline,3,measure,1,pattern,dense_prefix256,2,retained,1,pair_equal,2,compact,1,1000000,1839,256,256,256,4f6a42db5f898f2e6efd550a2d023a17ce9371fa2066ce4c64161c3c65910d42,8e7d65946f89b9de8cc4ad79f7b41348385676a0e384783713e3c574e5a973e1,0.315,0.315,5d23c30edb36be379a1183ab160899e39eb289b4ed2e7bad429d4d587093acf9,7672490e19c58995dd8bc09ade0a2a8bcde6085cc76a95e6a2a68b700e661547,7ad9ebcd9fd58eff5f70a27811844becf76962710b946a5e3414bd2a554f6e91,TRUE,TRUE,FALSE,FALSE,TRUE,TRUE,FALSE,FALSE,1,1,1,1,123,123,62,62,0418a77b7087897a0ead6e10b9da2953bfee2ad9da1470ca98b7664e364a3024,0418a77b7087897a0ead6e10b9da2953bfee2ad9da1470ca98b7664e364a3024,TRUE
baseline,3,measure,1,pattern,dense_prefix256,2,retained,1,pair_equal,2,typed_double,2,1000000,1020,256,256,256,4f6a42db5f898f2e6efd550a2d023a17ce9371fa2066ce4c64161c3c65910d42,8e7d65946f89b9de8cc4ad79f7b41348385676a0e384783713e3c574e5a973e1,0.317000000000001,0.316000000000001,5d23c30edb36be379a1183ab160899e39eb289b4ed2e7bad429d4d587093acf9,7672490e19c58995dd8bc09ade0a2a8bcde6085cc76a95e6a2a68b700e661547,7ad9ebcd9fd58eff5f70a27811844becf76962710b946a5e3414bd2a554f6e91,FALSE,FALSE,FALSE,FALSE,FALSE,FALSE,FALSE,FALSE,0,0,0,0,0,0,0,0,e8c2c3714dfad8ccb787de83956aff6eadd8f5bf3b515e0083ff8aeca241ab2d,e8c2c3714dfad8ccb787de83956aff6eadd8f5bf3b515e0083ff8aeca241ab2d,TRUE
baseline,3,measure,1,pattern,dense_prefix256,2,plain,2,pair_less,1,typed_double,1,1000000,929,256,256,256,4f6a42db5f898f2e6efd550a2d023a17ce9371fa2066ce4c64161c3c65910d42,8e7d65946f89b9de8cc4ad79f7b41348385676a0e384783713e3c574e5a973e1,0.273999999999999,0.273999999999999,b030522d8463f26081839ac76baf882c6b1df334d2181db64107e72c14bee064,7672490e19c58995dd8bc09ade0a2a8bcde6085cc76a95e6a2a68b700e661547,7ad9ebcd9fd58eff5f70a27811844becf76962710b946a5e3414bd2a554f6e91,FALSE,FALSE,FALSE,FALSE,FALSE,FALSE,FALSE,FALSE,0,0,0,0,0,0,0,0,e8c2c3714dfad8ccb787de83956aff6eadd8f5bf3b515e0083ff8aeca241ab2d,e8c2c3714dfad8ccb787de83956aff6eadd8f5bf3b515e0083ff8aeca241ab2d,TRUE
baseline,3,measure,1,pattern,dense_prefix256,2,plain,2,pair_less,1,compact,2,1000000,682,256,256,256,4f6a42db5f898f2e6efd550a2d023a17ce9371fa2066ce4c64161c3c65910d42,8e7d65946f89b9de8cc4ad79f7b41348385676a0e384783713e3c574e5a973e1,0.3,0.299,b030522d8463f26081839ac76baf882c6b1df334d2181db64107e72c14bee064,7672490e19c58995dd8bc09ade0a2a8bcde6085cc76a95e6a2a68b700e661547,7ad9ebcd9fd58eff5f70a27811844becf76962710b946a5e3414bd2a554f6e91,TRUE,TRUE,FALSE,FALSE,TRUE,TRUE,FALSE,FALSE,0,0,0,0,0,0,0,0,0418a77b7087897a0ead6e10b9da2953bfee2ad9da1470ca98b7664e364a3024,0418a77b7087897a0ead6e10b9da2953bfee2ad9da1470ca98b7664e364a3024,TRUE
baseline,3,measure,1,pattern,dense_prefix256,2,plain,2,pair_equal,2,compact,1,1000000,670,256,256,256,4f6a42db5f898f2e6efd550a2d023a17ce9371fa2066ce4c64161c3c65910d42,8e7d65946f89b9de8cc4ad79f7b41348385676a0e384783713e3c574e5a973e1,0.308999999999999,0.308,5d23c30edb36be379a1183ab160899e39eb289b4ed2e7bad429d4d587093acf9,7672490e19c58995dd8bc09ade0a2a8bcde6085cc76a95e6a2a68b700e661547,7ad9ebcd9fd58eff5f70a27811844becf76962710b946a5e3414bd2a554f6e91,TRUE,TRUE,FALSE,FALSE,TRUE,TRUE,FALSE,FALSE,0,0,0,0,0,0,0,0,0418a77b7087897a0ead6e10b9da2953bfee2ad9da1470ca98b7664e364a3024,0418a77b7087897a0ead6e10b9da2953bfee2ad9da1470ca98b7664e364a3024,TRUE
baseline,3,measure,1,pattern,dense_prefix256,2,plain,2,pair_equal,2,typed_double,2,1000000,1025,256,256,256,4f6a42db5f898f2e6efd550a2d023a17ce9371fa2066ce4c64161c3c65910d42,8e7d65946f89b9de8cc4ad79f7b41348385676a0e384783713e3c574e5a973e1,0.318,0.318,5d23c30edb36be379a1183ab160899e39eb289b4ed2e7bad429d4d587093acf9,7672490e19c58995dd8bc09ade0a2a8bcde6085cc76a95e6a2a68b700e661547,7ad9ebcd9fd58eff5f70a27811844becf76962710b946a5e3414bd2a554f6e91,FALSE,FALSE,FALSE,FALSE,FALSE,FALSE,FALSE,FALSE,0,0,0,0,0,0,0,0,e8c2c3714dfad8ccb787de83956aff6eadd8f5bf3b515e0083ff8aeca241ab2d,e8c2c3714dfad8ccb787de83956aff6eadd8f5bf3b515e0083ff8aeca241ab2d,TRUE
baseline,3,measure,1,pattern,alternating64,3,retained,1,pair_less,1,typed_double,1,1000000,501,500032,500032,500032,1682e50519c39e20ec73d311cfa7aa489a3c47fc736c77327945a71ddd43692c,1dfca270c18c81168bbc33ba5a5af04d5b0774edc64dc596f58860df56fc6bf0,0.303,0.302,fea3a0c37b9da2e4cba4a29520bbd89d3892e1ce9fd8ac43b87fe680ae163cd6,d76bb99d8569756afc3037340cd537fe570c8640b3de270bc21954b6511dea41,a91324783d1b7796e4fd78557e66a82bd4d09b9b371f847a9d4a5272bd3aa99a,FALSE,FALSE,FALSE,FALSE,FALSE,FALSE,FALSE,FALSE,0,0,0,0,0,0,0,0,e8c2c3714dfad8ccb787de83956aff6eadd8f5bf3b515e0083ff8aeca241ab2d,e8c2c3714dfad8ccb787de83956aff6eadd8f5bf3b515e0083ff8aeca241ab2d,TRUE
baseline,3,measure,1,pattern,alternating64,3,retained,1,pair_less,1,compact,2,1000000,658,500032,500032,500032,1682e50519c39e20ec73d311cfa7aa489a3c47fc736c77327945a71ddd43692c,1dfca270c18c81168bbc33ba5a5af04d5b0774edc64dc596f58860df56fc6bf0,0.300000000000001,0.300000000000001,fea3a0c37b9da2e4cba4a29520bbd89d3892e1ce9fd8ac43b87fe680ae163cd6,d76bb99d8569756afc3037340cd537fe570c8640b3de270bc21954b6511dea41,a91324783d1b7796e4fd78557e66a82bd4d09b9b371f847a9d4a5272bd3aa99a,TRUE,TRUE,FALSE,FALSE,TRUE,TRUE,FALSE,FALSE,1,1,1,1,123,123,62,62,0418a77b7087897a0ead6e10b9da2953bfee2ad9da1470ca98b7664e364a3024,0418a77b7087897a0ead6e10b9da2953bfee2ad9da1470ca98b7664e364a3024,TRUE
baseline,3,measure,1,pattern,alternating64,3,retained,1,pair_equal,2,compact,1,1000000,658,500032,500032,500032,1682e50519c39e20ec73d311cfa7aa489a3c47fc736c77327945a71ddd43692c,1dfca270c18c81168bbc33ba5a5af04d5b0774edc64dc596f58860df56fc6bf0,0.299,0.299000000000001,e1e3b56690bef3056ca9f14d5f0d35de2f27f5a263ba2bd045796d4f543d1dd9,d76bb99d8569756afc3037340cd537fe570c8640b3de270bc21954b6511dea41,a91324783d1b7796e4fd78557e66a82bd4d09b9b371f847a9d4a5272bd3aa99a,TRUE,TRUE,FALSE,FALSE,TRUE,TRUE,FALSE,FALSE,1,1,1,1,123,123,62,62,0418a77b7087897a0ead6e10b9da2953bfee2ad9da1470ca98b7664e364a3024,0418a77b7087897a0ead6e10b9da2953bfee2ad9da1470ca98b7664e364a3024,TRUE
baseline,3,measure,1,pattern,alternating64,3,retained,1,pair_equal,2,typed_double,2,1000000,481,500032,500032,500032,1682e50519c39e20ec73d311cfa7aa489a3c47fc736c77327945a71ddd43692c,1dfca270c18c81168bbc33ba5a5af04d5b0774edc64dc596f58860df56fc6bf0,0.316999999999999,0.315999999999999,e1e3b56690bef3056ca9f14d5f0d35de2f27f5a263ba2bd045796d4f543d1dd9,d76bb99d8569756afc3037340cd537fe570c8640b3de270bc21954b6511dea41,a91324783d1b7796e4fd78557e66a82bd4d09b9b371f847a9d4a5272bd3aa99a,FALSE,FALSE,FALSE,FALSE,FALSE,FALSE,FALSE,FALSE,0,0,0,0,0,0,0,0,e8c2c3714dfad8ccb787de83956aff6eadd8f5bf3b515e0083ff8aeca241ab2d,e8c2c3714dfad8ccb787de83956aff6eadd8f5bf3b515e0083ff8aeca241ab2d,TRUE
baseline,3,measure,1,pattern,alternating64,3,plain,2,pair_less,1,typed_double,1,1000000,494,500032,500032,500032,1682e50519c39e20ec73d311cfa7aa489a3c47fc736c77327945a71ddd43692c,1dfca270c18c81168bbc33ba5a5af04d5b0774edc64dc596f58860df56fc6bf0,0.299,0.298,fea3a0c37b9da2e4cba4a29520bbd89d3892e1ce9fd8ac43b87fe680ae163cd6,d76bb99d8569756afc3037340cd537fe570c8640b3de270bc21954b6511dea41,a91324783d1b7796e4fd78557e66a82bd4d09b9b371f847a9d4a5272bd3aa99a,FALSE,FALSE,FALSE,FALSE,FALSE,FALSE,FALSE,FALSE,0,0,0,0,0,0,0,0,e8c2c3714dfad8ccb787de83956aff6eadd8f5bf3b515e0083ff8aeca241ab2d,e8c2c3714dfad8ccb787de83956aff6eadd8f5bf3b515e0083ff8aeca241ab2d,TRUE
baseline,3,measure,1,pattern,alternating64,3,plain,2,pair_less,1,compact,2,1000000,987,500032,500032,500032,1682e50519c39e20ec73d311cfa7aa489a3c47fc736c77327945a71ddd43692c,1dfca270c18c81168bbc33ba5a5af04d5b0774edc64dc596f58860df56fc6bf0,0.317,0.315999999999999,fea3a0c37b9da2e4cba4a29520bbd89d3892e1ce9fd8ac43b87fe680ae163cd6,d76bb99d8569756afc3037340cd537fe570c8640b3de270bc21954b6511dea41,a91324783d1b7796e4fd78557e66a82bd4d09b9b371f847a9d4a5272bd3aa99a,TRUE,TRUE,FALSE,FALSE,TRUE,TRUE,FALSE,FALSE,0,0,0,0,0,0,0,0,0418a77b7087897a0ead6e10b9da2953bfee2ad9da1470ca98b7664e364a3024,0418a77b7087897a0ead6e10b9da2953bfee2ad9da1470ca98b7664e364a3024,TRUE
baseline,3,measure,1,pattern,alternating64,3,plain,2,pair_equal,2,compact,1,1000000,987,500032,500032,500032,1682e50519c39e20ec73d311cfa7aa489a3c47fc736c77327945a71ddd43692c,1dfca270c18c81168bbc33ba5a5af04d5b0774edc64dc596f58860df56fc6bf0,0.307,0.307,e1e3b56690bef3056ca9f14d5f0d35de2f27f5a263ba2bd045796d4f543d1dd9,d76bb99d8569756afc3037340cd537fe570c8640b3de270bc21954b6511dea41,a91324783d1b7796e4fd78557e66a82bd4d09b9b371f847a9d4a5272bd3aa99a,TRUE,TRUE,FALSE,FALSE,TRUE,TRUE,FALSE,FALSE,0,0,0,0,0,0,0,0,0418a77b7087897a0ead6e10b9da2953bfee2ad9da1470ca98b7664e364a3024,0418a77b7087897a0ead6e10b9da2953bfee2ad9da1470ca98b7664e364a3024,TRUE
baseline,3,measure,1,pattern,alternating64,3,plain,2,pair_equal,2,typed_double,2,1000000,475,500032,500032,500032,1682e50519c39e20ec73d311cfa7aa489a3c47fc736c77327945a71ddd43692c,1dfca270c18c81168bbc33ba5a5af04d5b0774edc64dc596f58860df56fc6bf0,0.311,0.311999999999999,e1e3b56690bef3056ca9f14d5f0d35de2f27f5a263ba2bd045796d4f543d1dd9,d76bb99d8569756afc3037340cd537fe570c8640b3de270bc21954b6511dea41,a91324783d1b7796e4fd78557e66a82bd4d09b9b371f847a9d4a5272bd3aa99a,FALSE,FALSE,FALSE,FALSE,FALSE,FALSE,FALSE,FALSE,0,0,0,0,0,0,0,0,e8c2c3714dfad8ccb787de83956aff6eadd8f5bf3b515e0083ff8aeca241ab2d,e8c2c3714dfad8ccb787de83956aff6eadd8f5bf3b515e0083ff8aeca241ab2d,TRUE
candidate,3,measure,1,pattern,dense_suffix256,1,plain,1,pair_less,1,typed_double,1,1000000,933,256,256,256,9381174d5a5c0056365a99d2e08f017e8e0fb6180967a7e6d7598196faa41fe2,4adf2390d7d2014e5ffa38462029cccd9eb5d08c60aced7e63aef1d325349cfc,0.292,0.291,5b135f6c76754b36c0058612b0d3d10b0623f25d9553b7787a45eacba537f21c,b38da76a0bf8f72e59074e4463b94231f873a1ddf7c027778214fc73daff29f4,c2aa0aff5c68e774e7479b08e154497a8dd8a2570112001ddc9d703ee9a70fea,FALSE,FALSE,FALSE,FALSE,FALSE,FALSE,FALSE,FALSE,0,0,0,0,0,0,0,0,e8c2c3714dfad8ccb787de83956aff6eadd8f5bf3b515e0083ff8aeca241ab2d,e8c2c3714dfad8ccb787de83956aff6eadd8f5bf3b515e0083ff8aeca241ab2d,TRUE
candidate,3,measure,1,pattern,dense_suffix256,1,plain,1,pair_less,1,compact,2,1000000,1933,256,256,256,9381174d5a5c0056365a99d2e08f017e8e0fb6180967a7e6d7598196faa41fe2,4adf2390d7d2014e5ffa38462029cccd9eb5d08c60aced7e63aef1d325349cfc,0.298,0.297,5b135f6c76754b36c0058612b0d3d10b0623f25d9553b7787a45eacba537f21c,b38da76a0bf8f72e59074e4463b94231f873a1ddf7c027778214fc73daff29f4,c2aa0aff5c68e774e7479b08e154497a8dd8a2570112001ddc9d703ee9a70fea,TRUE,TRUE,FALSE,FALSE,TRUE,TRUE,FALSE,FALSE,0,0,0,0,0,0,0,0,0418a77b7087897a0ead6e10b9da2953bfee2ad9da1470ca98b7664e364a3024,0418a77b7087897a0ead6e10b9da2953bfee2ad9da1470ca98b7664e364a3024,TRUE
candidate,3,measure,1,pattern,dense_suffix256,1,plain,1,pair_equal,2,compact,1,1000000,1974,256,256,256,9381174d5a5c0056365a99d2e08f017e8e0fb6180967a7e6d7598196faa41fe2,4adf2390d7d2014e5ffa38462029cccd9eb5d08c60aced7e63aef1d325349cfc,0.303,0.303,8355ee3a7328986cdf138af94ec134e1f480f883973eeb98807b9973492b5cc7,b38da76a0bf8f72e59074e4463b94231f873a1ddf7c027778214fc73daff29f4,c2aa0aff5c68e774e7479b08e154497a8dd8a2570112001ddc9d703ee9a70fea,TRUE,TRUE,FALSE,FALSE,TRUE,TRUE,FALSE,FALSE,0,0,0,0,0,0,0,0,0418a77b7087897a0ead6e10b9da2953bfee2ad9da1470ca98b7664e364a3024,0418a77b7087897a0ead6e10b9da2953bfee2ad9da1470ca98b7664e364a3024,TRUE
candidate,3,measure,1,pattern,dense_suffix256,1,plain,1,pair_equal,2,typed_double,2,1000000,952,256,256,256,9381174d5a5c0056365a99d2e08f017e8e0fb6180967a7e6d7598196faa41fe2,4adf2390d7d2014e5ffa38462029cccd9eb5d08c60aced7e63aef1d325349cfc,0.274,0.274,8355ee3a7328986cdf138af94ec134e1f480f883973eeb98807b9973492b5cc7,b38da76a0bf8f72e59074e4463b94231f873a1ddf7c027778214fc73daff29f4,c2aa0aff5c68e774e7479b08e154497a8dd8a2570112001ddc9d703ee9a70fea,FALSE,FALSE,FALSE,FALSE,FALSE,FALSE,FALSE,FALSE,0,0,0,0,0,0,0,0,e8c2c3714dfad8ccb787de83956aff6eadd8f5bf3b515e0083ff8aeca241ab2d,e8c2c3714dfad8ccb787de83956aff6eadd8f5bf3b515e0083ff8aeca241ab2d,TRUE
candidate,3,measure,1,pattern,dense_suffix256,1,retained,2,pair_less,1,typed_double,1,1000000,1042,256,256,256,9381174d5a5c0056365a99d2e08f017e8e0fb6180967a7e6d7598196faa41fe2,4adf2390d7d2014e5ffa38462029cccd9eb5d08c60aced7e63aef1d325349cfc,0.318,0.317,5b135f6c76754b36c0058612b0d3d10b0623f25d9553b7787a45eacba537f21c,b38da76a0bf8f72e59074e4463b94231f873a1ddf7c027778214fc73daff29f4,c2aa0aff5c68e774e7479b08e154497a8dd8a2570112001ddc9d703ee9a70fea,FALSE,FALSE,FALSE,FALSE,FALSE,FALSE,FALSE,FALSE,0,0,0,0,0,0,0,0,e8c2c3714dfad8ccb787de83956aff6eadd8f5bf3b515e0083ff8aeca241ab2d,e8c2c3714dfad8ccb787de83956aff6eadd8f5bf3b515e0083ff8aeca241ab2d,TRUE
candidate,3,measure,1,pattern,dense_suffix256,1,retained,2,pair_less,1,compact,2,1000000,1875,256,256,256,9381174d5a5c0056365a99d2e08f017e8e0fb6180967a7e6d7598196faa41fe2,4adf2390d7d2014e5ffa38462029cccd9eb5d08c60aced7e63aef1d325349cfc,0.316,0.315,5b135f6c76754b36c0058612b0d3d10b0623f25d9553b7787a45eacba537f21c,b38da76a0bf8f72e59074e4463b94231f873a1ddf7c027778214fc73daff29f4,c2aa0aff5c68e774e7479b08e154497a8dd8a2570112001ddc9d703ee9a70fea,TRUE,TRUE,FALSE,FALSE,TRUE,TRUE,FALSE,FALSE,1,1,1,1,123,123,62,62,0418a77b7087897a0ead6e10b9da2953bfee2ad9da1470ca98b7664e364a3024,0418a77b7087897a0ead6e10b9da2953bfee2ad9da1470ca98b7664e364a3024,TRUE
candidate,3,measure,1,pattern,dense_suffix256,1,retained,2,pair_equal,2,compact,1,1000000,1631,256,256,256,9381174d5a5c0056365a99d2e08f017e8e0fb6180967a7e6d7598196faa41fe2,4adf2390d7d2014e5ffa38462029cccd9eb5d08c60aced7e63aef1d325349cfc,0.275999999999999,0.275,8355ee3a7328986cdf138af94ec134e1f480f883973eeb98807b9973492b5cc7,b38da76a0bf8f72e59074e4463b94231f873a1ddf7c027778214fc73daff29f4,c2aa0aff5c68e774e7479b08e154497a8dd8a2570112001ddc9d703ee9a70fea,TRUE,TRUE,FALSE,FALSE,TRUE,TRUE,FALSE,FALSE,1,1,1,1,123,123,62,62,0418a77b7087897a0ead6e10b9da2953bfee2ad9da1470ca98b7664e364a3024,0418a77b7087897a0ead6e10b9da2953bfee2ad9da1470ca98b7664e364a3024,TRUE
candidate,3,measure,1,pattern,dense_suffix256,1,retained,2,pair_equal,2,typed_double,2,1000000,1048,256,256,256,9381174d5a5c0056365a99d2e08f017e8e0fb6180967a7e6d7598196faa41fe2,4adf2390d7d2014e5ffa38462029cccd9eb5d08c60aced7e63aef1d325349cfc,0.317999999999999,0.318,8355ee3a7328986cdf138af94ec134e1f480f883973eeb98807b9973492b5cc7,b38da76a0bf8f72e59074e4463b94231f873a1ddf7c027778214fc73daff29f4,c2aa0aff5c68e774e7479b08e154497a8dd8a2570112001ddc9d703ee9a70fea,FALSE,FALSE,FALSE,FALSE,FALSE,FALSE,FALSE,FALSE,0,0,0,0,0,0,0,0,e8c2c3714dfad8ccb787de83956aff6eadd8f5bf3b515e0083ff8aeca241ab2d,e8c2c3714dfad8ccb787de83956aff6eadd8f5bf3b515e0083ff8aeca241ab2d,TRUE
candidate,3,measure,1,pattern,dense_prefix256,2,retained,1,pair_less,1,typed_double,1,1000000,933,256,256,256,4f6a42db5f898f2e6efd550a2d023a17ce9371fa2066ce4c64161c3c65910d42,8e7d65946f89b9de8cc4ad79f7b41348385676a0e384783713e3c574e5a973e1,0.275,0.274,b030522d8463f26081839ac76baf882c6b1df334d2181db64107e72c14bee064,7672490e19c58995dd8bc09ade0a2a8bcde6085cc76a95e6a2a68b700e661547,7ad9ebcd9fd58eff5f70a27811844becf76962710b946a5e3414bd2a554f6e91,FALSE,FALSE,FALSE,FALSE,FALSE,FALSE,FALSE,FALSE,0,0,0,0,0,0,0,0,e8c2c3714dfad8ccb787de83956aff6eadd8f5bf3b515e0083ff8aeca241ab2d,e8c2c3714dfad8ccb787de83956aff6eadd8f5bf3b515e0083ff8aeca241ab2d,TRUE
candidate,3,measure,1,pattern,dense_prefix256,2,retained,1,pair_less,1,compact,2,1000000,1589,256,256,256,4f6a42db5f898f2e6efd550a2d023a17ce9371fa2066ce4c64161c3c65910d42,8e7d65946f89b9de8cc4ad79f7b41348385676a0e384783713e3c574e5a973e1,0.273,0.273000000000001,b030522d8463f26081839ac76baf882c6b1df334d2181db64107e72c14bee064,7672490e19c58995dd8bc09ade0a2a8bcde6085cc76a95e6a2a68b700e661547,7ad9ebcd9fd58eff5f70a27811844becf76962710b946a5e3414bd2a554f6e91,TRUE,TRUE,FALSE,FALSE,TRUE,TRUE,FALSE,FALSE,1,1,1,1,123,123,62,62,0418a77b7087897a0ead6e10b9da2953bfee2ad9da1470ca98b7664e364a3024,0418a77b7087897a0ead6e10b9da2953bfee2ad9da1470ca98b7664e364a3024,TRUE
candidate,3,measure,1,pattern,dense_prefix256,2,retained,1,pair_equal,2,compact,1,1000000,1839,256,256,256,4f6a42db5f898f2e6efd550a2d023a17ce9371fa2066ce4c64161c3c65910d42,8e7d65946f89b9de8cc4ad79f7b41348385676a0e384783713e3c574e5a973e1,0.313,0.313,5d23c30edb36be379a1183ab160899e39eb289b4ed2e7bad429d4d587093acf9,7672490e19c58995dd8bc09ade0a2a8bcde6085cc76a95e6a2a68b700e661547,7ad9ebcd9fd58eff5f70a27811844becf76962710b946a5e3414bd2a554f6e91,TRUE,TRUE,FALSE,FALSE,TRUE,TRUE,FALSE,FALSE,1,1,1,1,123,123,62,62,0418a77b7087897a0ead6e10b9da2953bfee2ad9da1470ca98b7664e364a3024,0418a77b7087897a0ead6e10b9da2953bfee2ad9da1470ca98b7664e364a3024,TRUE
candidate,3,measure,1,pattern,dense_prefix256,2,retained,1,pair_equal,2,typed_double,2,1000000,1020,256,256,256,4f6a42db5f898f2e6efd550a2d023a17ce9371fa2066ce4c64161c3c65910d42,8e7d65946f89b9de8cc4ad79f7b41348385676a0e384783713e3c574e5a973e1,0.301000000000001,0.300999999999998,5d23c30edb36be379a1183ab160899e39eb289b4ed2e7bad429d4d587093acf9,7672490e19c58995dd8bc09ade0a2a8bcde6085cc76a95e6a2a68b700e661547,7ad9ebcd9fd58eff5f70a27811844becf76962710b946a5e3414bd2a554f6e91,FALSE,FALSE,FALSE,FALSE,FALSE,FALSE,FALSE,FALSE,0,0,0,0,0,0,0,0,e8c2c3714dfad8ccb787de83956aff6eadd8f5bf3b515e0083ff8aeca241ab2d,e8c2c3714dfad8ccb787de83956aff6eadd8f5bf3b515e0083ff8aeca241ab2d,TRUE
candidate,3,measure,1,pattern,dense_prefix256,2,plain,2,pair_less,1,typed_double,1,1000000,1020,256,256,256,4f6a42db5f898f2e6efd550a2d023a17ce9371fa2066ce4c64161c3c65910d42,8e7d65946f89b9de8cc4ad79f7b41348385676a0e384783713e3c574e5a973e1,0.316,0.315,b030522d8463f26081839ac76baf882c6b1df334d2181db64107e72c14bee064,7672490e19c58995dd8bc09ade0a2a8bcde6085cc76a95e6a2a68b700e661547,7ad9ebcd9fd58eff5f70a27811844becf76962710b946a5e3414bd2a554f6e91,FALSE,FALSE,FALSE,FALSE,FALSE,FALSE,FALSE,FALSE,0,0,0,0,0,0,0,0,e8c2c3714dfad8ccb787de83956aff6eadd8f5bf3b515e0083ff8aeca241ab2d,e8c2c3714dfad8ccb787de83956aff6eadd8f5bf3b515e0083ff8aeca241ab2d,TRUE
candidate,3,measure,1,pattern,dense_prefix256,2,plain,2,pair_less,1,compact,2,1000000,1995,256,256,256,4f6a42db5f898f2e6efd550a2d023a17ce9371fa2066ce4c64161c3c65910d42,8e7d65946f89b9de8cc4ad79f7b41348385676a0e384783713e3c574e5a973e1,0.27,0.27,b030522d8463f26081839ac76baf882c6b1df334d2181db64107e72c14bee064,7672490e19c58995dd8bc09ade0a2a8bcde6085cc76a95e6a2a68b700e661547,7ad9ebcd9fd58eff5f70a27811844becf76962710b946a5e3414bd2a554f6e91,TRUE,TRUE,FALSE,FALSE,TRUE,TRUE,FALSE,FALSE,0,0,0,0,0,0,0,0,0418a77b7087897a0ead6e10b9da2953bfee2ad9da1470ca98b7664e364a3024,0418a77b7087897a0ead6e10b9da2953bfee2ad9da1470ca98b7664e364a3024,TRUE
candidate,3,measure,1,pattern,dense_prefix256,2,plain,2,pair_equal,2,compact,1,1000000,2374,256,256,256,4f6a42db5f898f2e6efd550a2d023a17ce9371fa2066ce4c64161c3c65910d42,8e7d65946f89b9de8cc4ad79f7b41348385676a0e384783713e3c574e5a973e1,0.334,0.335000000000001,5d23c30edb36be379a1183ab160899e39eb289b4ed2e7bad429d4d587093acf9,7672490e19c58995dd8bc09ade0a2a8bcde6085cc76a95e6a2a68b700e661547,7ad9ebcd9fd58eff5f70a27811844becf76962710b946a5e3414bd2a554f6e91,TRUE,TRUE,FALSE,FALSE,TRUE,TRUE,FALSE,FALSE,0,0,0,0,0,0,0,0,0418a77b7087897a0ead6e10b9da2953bfee2ad9da1470ca98b7664e364a3024,0418a77b7087897a0ead6e10b9da2953bfee2ad9da1470ca98b7664e364a3024,TRUE
candidate,3,measure,1,pattern,dense_prefix256,2,plain,2,pair_equal,2,typed_double,2,1000000,1014,256,256,256,4f6a42db5f898f2e6efd550a2d023a17ce9371fa2066ce4c64161c3c65910d42,8e7d65946f89b9de8cc4ad79f7b41348385676a0e384783713e3c574e5a973e1,0.315,0.315000000000001,5d23c30edb36be379a1183ab160899e39eb289b4ed2e7bad429d4d587093acf9,7672490e19c58995dd8bc09ade0a2a8bcde6085cc76a95e6a2a68b700e661547,7ad9ebcd9fd58eff5f70a27811844becf76962710b946a5e3414bd2a554f6e91,FALSE,FALSE,FALSE,FALSE,FALSE,FALSE,FALSE,FALSE,0,0,0,0,0,0,0,0,e8c2c3714dfad8ccb787de83956aff6eadd8f5bf3b515e0083ff8aeca241ab2d,e8c2c3714dfad8ccb787de83956aff6eadd8f5bf3b515e0083ff8aeca241ab2d,TRUE
candidate,3,measure,1,pattern,alternating64,3,retained,1,pair_less,1,typed_double,1,1000000,494,500032,500032,500032,1682e50519c39e20ec73d311cfa7aa489a3c47fc736c77327945a71ddd43692c,1dfca270c18c81168bbc33ba5a5af04d5b0774edc64dc596f58860df56fc6bf0,0.298000000000001,0.298,fea3a0c37b9da2e4cba4a29520bbd89d3892e1ce9fd8ac43b87fe680ae163cd6,d76bb99d8569756afc3037340cd537fe570c8640b3de270bc21954b6511dea41,a91324783d1b7796e4fd78557e66a82bd4d09b9b371f847a9d4a5272bd3aa99a,FALSE,FALSE,FALSE,FALSE,FALSE,FALSE,FALSE,FALSE,0,0,0,0,0,0,0,0,e8c2c3714dfad8ccb787de83956aff6eadd8f5bf3b515e0083ff8aeca241ab2d,e8c2c3714dfad8ccb787de83956aff6eadd8f5bf3b515e0083ff8aeca241ab2d,TRUE
candidate,3,measure,1,pattern,alternating64,3,retained,1,pair_less,1,compact,2,1000000,658,500032,500032,500032,1682e50519c39e20ec73d311cfa7aa489a3c47fc736c77327945a71ddd43692c,1dfca270c18c81168bbc33ba5a5af04d5b0774edc64dc596f58860df56fc6bf0,0.300000000000001,0.299,fea3a0c37b9da2e4cba4a29520bbd89d3892e1ce9fd8ac43b87fe680ae163cd6,d76bb99d8569756afc3037340cd537fe570c8640b3de270bc21954b6511dea41,a91324783d1b7796e4fd78557e66a82bd4d09b9b371f847a9d4a5272bd3aa99a,TRUE,TRUE,FALSE,FALSE,TRUE,TRUE,FALSE,FALSE,1,1,1,1,123,123,62,62,0418a77b7087897a0ead6e10b9da2953bfee2ad9da1470ca98b7664e364a3024,0418a77b7087897a0ead6e10b9da2953bfee2ad9da1470ca98b7664e364a3024,TRUE
candidate,3,measure,1,pattern,alternating64,3,retained,1,pair_equal,2,compact,1,1000000,658,500032,500032,500032,1682e50519c39e20ec73d311cfa7aa489a3c47fc736c77327945a71ddd43692c,1dfca270c18c81168bbc33ba5a5af04d5b0774edc64dc596f58860df56fc6bf0,0.315,0.315999999999999,e1e3b56690bef3056ca9f14d5f0d35de2f27f5a263ba2bd045796d4f543d1dd9,d76bb99d8569756afc3037340cd537fe570c8640b3de270bc21954b6511dea41,a91324783d1b7796e4fd78557e66a82bd4d09b9b371f847a9d4a5272bd3aa99a,TRUE,TRUE,FALSE,FALSE,TRUE,TRUE,FALSE,FALSE,1,1,1,1,123,123,62,62,0418a77b7087897a0ead6e10b9da2953bfee2ad9da1470ca98b7664e364a3024,0418a77b7087897a0ead6e10b9da2953bfee2ad9da1470ca98b7664e364a3024,TRUE
candidate,3,measure,1,pattern,alternating64,3,retained,1,pair_equal,2,typed_double,2,1000000,481,500032,500032,500032,1682e50519c39e20ec73d311cfa7aa489a3c47fc736c77327945a71ddd43692c,1dfca270c18c81168bbc33ba5a5af04d5b0774edc64dc596f58860df56fc6bf0,0.299999999999999,0.301,e1e3b56690bef3056ca9f14d5f0d35de2f27f5a263ba2bd045796d4f543d1dd9,d76bb99d8569756afc3037340cd537fe570c8640b3de270bc21954b6511dea41,a91324783d1b7796e4fd78557e66a82bd4d09b9b371f847a9d4a5272bd3aa99a,FALSE,FALSE,FALSE,FALSE,FALSE,FALSE,FALSE,FALSE,0,0,0,0,0,0,0,0,e8c2c3714dfad8ccb787de83956aff6eadd8f5bf3b515e0083ff8aeca241ab2d,e8c2c3714dfad8ccb787de83956aff6eadd8f5bf3b515e0083ff8aeca241ab2d,TRUE
candidate,3,measure,1,pattern,alternating64,3,plain,2,pair_less,1,typed_double,1,1000000,500,500032,500032,500032,1682e50519c39e20ec73d311cfa7aa489a3c47fc736c77327945a71ddd43692c,1dfca270c18c81168bbc33ba5a5af04d5b0774edc64dc596f58860df56fc6bf0,0.302,0.302,fea3a0c37b9da2e4cba4a29520bbd89d3892e1ce9fd8ac43b87fe680ae163cd6,d76bb99d8569756afc3037340cd537fe570c8640b3de270bc21954b6511dea41,a91324783d1b7796e4fd78557e66a82bd4d09b9b371f847a9d4a5272bd3aa99a,FALSE,FALSE,FALSE,FALSE,FALSE,FALSE,FALSE,FALSE,0,0,0,0,0,0,0,0,e8c2c3714dfad8ccb787de83956aff6eadd8f5bf3b515e0083ff8aeca241ab2d,e8c2c3714dfad8ccb787de83956aff6eadd8f5bf3b515e0083ff8aeca241ab2d,TRUE
candidate,3,measure,1,pattern,alternating64,3,plain,2,pair_less,1,compact,2,1000000,987,500032,500032,500032,1682e50519c39e20ec73d311cfa7aa489a3c47fc736c77327945a71ddd43692c,1dfca270c18c81168bbc33ba5a5af04d5b0774edc64dc596f58860df56fc6bf0,0.316,0.316000000000001,fea3a0c37b9da2e4cba4a29520bbd89d3892e1ce9fd8ac43b87fe680ae163cd6,d76bb99d8569756afc3037340cd537fe570c8640b3de270bc21954b6511dea41,a91324783d1b7796e4fd78557e66a82bd4d09b9b371f847a9d4a5272bd3aa99a,TRUE,TRUE,FALSE,FALSE,TRUE,TRUE,FALSE,FALSE,0,0,0,0,0,0,0,0,0418a77b7087897a0ead6e10b9da2953bfee2ad9da1470ca98b7664e364a3024,0418a77b7087897a0ead6e10b9da2953bfee2ad9da1470ca98b7664e364a3024,TRUE
candidate,3,measure,1,pattern,alternating64,3,plain,2,pair_equal,2,compact,1,1000000,987,500032,500032,500032,1682e50519c39e20ec73d311cfa7aa489a3c47fc736c77327945a71ddd43692c,1dfca270c18c81168bbc33ba5a5af04d5b0774edc64dc596f58860df56fc6bf0,0.300999999999998,0.301,e1e3b56690bef3056ca9f14d5f0d35de2f27f5a263ba2bd045796d4f543d1dd9,d76bb99d8569756afc3037340cd537fe570c8640b3de270bc21954b6511dea41,a91324783d1b7796e4fd78557e66a82bd4d09b9b371f847a9d4a5272bd3aa99a,TRUE,TRUE,FALSE,FALSE,TRUE,TRUE,FALSE,FALSE,0,0,0,0,0,0,0,0,0418a77b7087897a0ead6e10b9da2953bfee2ad9da1470ca98b7664e364a3024,0418a77b7087897a0ead6e10b9da2953bfee2ad9da1470ca98b7664e364a3024,TRUE
candidate,3,measure,1,pattern,alternating64,3,plain,2,pair_equal,2,typed_double,2,1000000,469,500032,500032,500032,1682e50519c39e20ec73d311cfa7aa489a3c47fc736c77327945a71ddd43692c,1dfca270c18c81168bbc33ba5a5af04d5b0774edc64dc596f58860df56fc6bf0,0.308000000000002,0.308000000000002,e1e3b56690bef3056ca9f14d5f0d35de2f27f5a263ba2bd045796d4f543d1dd9,d76bb99d8569756afc3037340cd537fe570c8640b3de270bc21954b6511dea41,a91324783d1b7796e4fd78557e66a82bd4d09b9b371f847a9d4a5272bd3aa99a,FALSE,FALSE,FALSE,FALSE,FALSE,FALSE,FALSE,FALSE,0,0,0,0,0,0,0,0,e8c2c3714dfad8ccb787de83956aff6eadd8f5bf3b515e0083ff8aeca241ab2d,e8c2c3714dfad8ccb787de83956aff6eadd8f5bf3b515e0083ff8aeca241ab2d,TRUE
candidate,4,measure,1,pattern,dense_suffix256,1,retained,1,pair_equal,1,typed_double,1,1000000,1014,256,256,256,9381174d5a5c0056365a99d2e08f017e8e0fb6180967a7e6d7598196faa41fe2,4adf2390d7d2014e5ffa38462029cccd9eb5d08c60aced7e63aef1d325349cfc,0.331,0.331,8355ee3a7328986cdf138af94ec134e1f480f883973eeb98807b9973492b5cc7,b38da76a0bf8f72e59074e4463b94231f873a1ddf7c027778214fc73daff29f4,c2aa0aff5c68e774e7479b08e154497a8dd8a2570112001ddc9d703ee9a70fea,FALSE,FALSE,FALSE,FALSE,FALSE,FALSE,FALSE,FALSE,0,0,0,0,0,0,0,0,e8c2c3714dfad8ccb787de83956aff6eadd8f5bf3b515e0083ff8aeca241ab2d,e8c2c3714dfad8ccb787de83956aff6eadd8f5bf3b515e0083ff8aeca241ab2d,TRUE
candidate,4,measure,1,pattern,dense_suffix256,1,retained,1,pair_equal,1,compact,2,1000000,1894,256,256,256,9381174d5a5c0056365a99d2e08f017e8e0fb6180967a7e6d7598196faa41fe2,4adf2390d7d2014e5ffa38462029cccd9eb5d08c60aced7e63aef1d325349cfc,0.332,0.333,8355ee3a7328986cdf138af94ec134e1f480f883973eeb98807b9973492b5cc7,b38da76a0bf8f72e59074e4463b94231f873a1ddf7c027778214fc73daff29f4,c2aa0aff5c68e774e7479b08e154497a8dd8a2570112001ddc9d703ee9a70fea,TRUE,TRUE,FALSE,FALSE,TRUE,TRUE,FALSE,FALSE,1,1,1,1,123,123,62,62,0418a77b7087897a0ead6e10b9da2953bfee2ad9da1470ca98b7664e364a3024,0418a77b7087897a0ead6e10b9da2953bfee2ad9da1470ca98b7664e364a3024,TRUE
candidate,4,measure,1,pattern,dense_suffix256,1,retained,1,pair_less,2,compact,1,1000000,1631,256,256,256,9381174d5a5c0056365a99d2e08f017e8e0fb6180967a7e6d7598196faa41fe2,4adf2390d7d2014e5ffa38462029cccd9eb5d08c60aced7e63aef1d325349cfc,0.291,0.292,5b135f6c76754b36c0058612b0d3d10b0623f25d9553b7787a45eacba537f21c,b38da76a0bf8f72e59074e4463b94231f873a1ddf7c027778214fc73daff29f4,c2aa0aff5c68e774e7479b08e154497a8dd8a2570112001ddc9d703ee9a70fea,TRUE,TRUE,FALSE,FALSE,TRUE,TRUE,FALSE,FALSE,1,1,1,1,123,123,62,62,0418a77b7087897a0ead6e10b9da2953bfee2ad9da1470ca98b7664e364a3024,0418a77b7087897a0ead6e10b9da2953bfee2ad9da1470ca98b7664e364a3024,TRUE
candidate,4,measure,1,pattern,dense_suffix256,1,retained,1,pair_less,2,typed_double,2,1000000,1031,256,256,256,9381174d5a5c0056365a99d2e08f017e8e0fb6180967a7e6d7598196faa41fe2,4adf2390d7d2014e5ffa38462029cccd9eb5d08c60aced7e63aef1d325349cfc,0.316,0.316,5b135f6c76754b36c0058612b0d3d10b0623f25d9553b7787a45eacba537f21c,b38da76a0bf8f72e59074e4463b94231f873a1ddf7c027778214fc73daff29f4,c2aa0aff5c68e774e7479b08e154497a8dd8a2570112001ddc9d703ee9a70fea,FALSE,FALSE,FALSE,FALSE,FALSE,FALSE,FALSE,FALSE,0,0,0,0,0,0,0,0,e8c2c3714dfad8ccb787de83956aff6eadd8f5bf3b515e0083ff8aeca241ab2d,e8c2c3714dfad8ccb787de83956aff6eadd8f5bf3b515e0083ff8aeca241ab2d,TRUE
candidate,4,measure,1,pattern,dense_suffix256,1,plain,2,pair_equal,1,typed_double,1,1000000,947,256,256,256,9381174d5a5c0056365a99d2e08f017e8e0fb6180967a7e6d7598196faa41fe2,4adf2390d7d2014e5ffa38462029cccd9eb5d08c60aced7e63aef1d325349cfc,0.276,0.276,8355ee3a7328986cdf138af94ec134e1f480f883973eeb98807b9973492b5cc7,b38da76a0bf8f72e59074e4463b94231f873a1ddf7c027778214fc73daff29f4,c2aa0aff5c68e774e7479b08e154497a8dd8a2570112001ddc9d703ee9a70fea,FALSE,FALSE,FALSE,FALSE,FALSE,FALSE,FALSE,FALSE,0,0,0,0,0,0,0,0,e8c2c3714dfad8ccb787de83956aff6eadd8f5bf3b515e0083ff8aeca241ab2d,e8c2c3714dfad8ccb787de83956aff6eadd8f5bf3b515e0083ff8aeca241ab2d,TRUE
candidate,4,measure,1,pattern,dense_suffix256,1,plain,2,pair_equal,1,compact,2,1000000,2039,256,256,256,9381174d5a5c0056365a99d2e08f017e8e0fb6180967a7e6d7598196faa41fe2,4adf2390d7d2014e5ffa38462029cccd9eb5d08c60aced7e63aef1d325349cfc,0.287,0.287,8355ee3a7328986cdf138af94ec134e1f480f883973eeb98807b9973492b5cc7,b38da76a0bf8f72e59074e4463b94231f873a1ddf7c027778214fc73daff29f4,c2aa0aff5c68e774e7479b08e154497a8dd8a2570112001ddc9d703ee9a70fea,TRUE,TRUE,FALSE,FALSE,TRUE,TRUE,FALSE,FALSE,0,0,0,0,0,0,0,0,0418a77b7087897a0ead6e10b9da2953bfee2ad9da1470ca98b7664e364a3024,0418a77b7087897a0ead6e10b9da2953bfee2ad9da1470ca98b7664e364a3024,TRUE
candidate,4,measure,1,pattern,dense_suffix256,1,plain,2,pair_less,2,compact,1,1000000,2404,256,256,256,9381174d5a5c0056365a99d2e08f017e8e0fb6180967a7e6d7598196faa41fe2,4adf2390d7d2014e5ffa38462029cccd9eb5d08c60aced7e63aef1d325349cfc,0.331,0.33,5b135f6c76754b36c0058612b0d3d10b0623f25d9553b7787a45eacba537f21c,b38da76a0bf8f72e59074e4463b94231f873a1ddf7c027778214fc73daff29f4,c2aa0aff5c68e774e7479b08e154497a8dd8a2570112001ddc9d703ee9a70fea,TRUE,TRUE,FALSE,FALSE,TRUE,TRUE,FALSE,FALSE,0,0,0,0,0,0,0,0,0418a77b7087897a0ead6e10b9da2953bfee2ad9da1470ca98b7664e364a3024,0418a77b7087897a0ead6e10b9da2953bfee2ad9da1470ca98b7664e364a3024,TRUE
candidate,4,measure,1,pattern,dense_suffix256,1,plain,2,pair_less,2,typed_double,2,1000000,947,256,256,256,9381174d5a5c0056365a99d2e08f017e8e0fb6180967a7e6d7598196faa41fe2,4adf2390d7d2014e5ffa38462029cccd9eb5d08c60aced7e63aef1d325349cfc,0.276,0.275,5b135f6c76754b36c0058612b0d3d10b0623f25d9553b7787a45eacba537f21c,b38da76a0bf8f72e59074e4463b94231f873a1ddf7c027778214fc73daff29f4,c2aa0aff5c68e774e7479b08e154497a8dd8a2570112001ddc9d703ee9a70fea,FALSE,FALSE,FALSE,FALSE,FALSE,FALSE,FALSE,FALSE,0,0,0,0,0,0,0,0,e8c2c3714dfad8ccb787de83956aff6eadd8f5bf3b515e0083ff8aeca241ab2d,e8c2c3714dfad8ccb787de83956aff6eadd8f5bf3b515e0083ff8aeca241ab2d,TRUE
candidate,4,measure,1,pattern,alternating64,2,plain,1,pair_equal,1,typed_double,1,1000000,469,500032,500032,500032,1682e50519c39e20ec73d311cfa7aa489a3c47fc736c77327945a71ddd43692c,1dfca270c18c81168bbc33ba5a5af04d5b0774edc64dc596f58860df56fc6bf0,0.295,0.296,e1e3b56690bef3056ca9f14d5f0d35de2f27f5a263ba2bd045796d4f543d1dd9,d76bb99d8569756afc3037340cd537fe570c8640b3de270bc21954b6511dea41,a91324783d1b7796e4fd78557e66a82bd4d09b9b371f847a9d4a5272bd3aa99a,FALSE,FALSE,FALSE,FALSE,FALSE,FALSE,FALSE,FALSE,0,0,0,0,0,0,0,0,e8c2c3714dfad8ccb787de83956aff6eadd8f5bf3b515e0083ff8aeca241ab2d,e8c2c3714dfad8ccb787de83956aff6eadd8f5bf3b515e0083ff8aeca241ab2d,TRUE
candidate,4,measure,1,pattern,alternating64,2,plain,1,pair_equal,1,compact,2,1000000,898,500032,500032,500032,1682e50519c39e20ec73d311cfa7aa489a3c47fc736c77327945a71ddd43692c,1dfca270c18c81168bbc33ba5a5af04d5b0774edc64dc596f58860df56fc6bf0,0.276,0.276,e1e3b56690bef3056ca9f14d5f0d35de2f27f5a263ba2bd045796d4f543d1dd9,d76bb99d8569756afc3037340cd537fe570c8640b3de270bc21954b6511dea41,a91324783d1b7796e4fd78557e66a82bd4d09b9b371f847a9d4a5272bd3aa99a,TRUE,TRUE,FALSE,FALSE,TRUE,TRUE,FALSE,FALSE,0,0,0,0,0,0,0,0,0418a77b7087897a0ead6e10b9da2953bfee2ad9da1470ca98b7664e364a3024,0418a77b7087897a0ead6e10b9da2953bfee2ad9da1470ca98b7664e364a3024,TRUE
candidate,4,measure,1,pattern,alternating64,2,plain,1,pair_less,2,compact,1,1000000,708,500032,500032,500032,1682e50519c39e20ec73d311cfa7aa489a3c47fc736c77327945a71ddd43692c,1dfca270c18c81168bbc33ba5a5af04d5b0774edc64dc596f58860df56fc6bf0,0.218,0.217,fea3a0c37b9da2e4cba4a29520bbd89d3892e1ce9fd8ac43b87fe680ae163cd6,d76bb99d8569756afc3037340cd537fe570c8640b3de270bc21954b6511dea41,a91324783d1b7796e4fd78557e66a82bd4d09b9b371f847a9d4a5272bd3aa99a,TRUE,TRUE,FALSE,FALSE,TRUE,TRUE,FALSE,FALSE,0,0,0,0,0,0,0,0,0418a77b7087897a0ead6e10b9da2953bfee2ad9da1470ca98b7664e364a3024,0418a77b7087897a0ead6e10b9da2953bfee2ad9da1470ca98b7664e364a3024,TRUE
candidate,4,measure,1,pattern,alternating64,2,plain,1,pair_less,2,typed_double,2,1000000,500,500032,500032,500032,1682e50519c39e20ec73d311cfa7aa489a3c47fc736c77327945a71ddd43692c,1dfca270c18c81168bbc33ba5a5af04d5b0774edc64dc596f58860df56fc6bf0,0.304,0.303,fea3a0c37b9da2e4cba4a29520bbd89d3892e1ce9fd8ac43b87fe680ae163cd6,d76bb99d8569756afc3037340cd537fe570c8640b3de270bc21954b6511dea41,a91324783d1b7796e4fd78557e66a82bd4d09b9b371f847a9d4a5272bd3aa99a,FALSE,FALSE,FALSE,FALSE,FALSE,FALSE,FALSE,FALSE,0,0,0,0,0,0,0,0,e8c2c3714dfad8ccb787de83956aff6eadd8f5bf3b515e0083ff8aeca241ab2d,e8c2c3714dfad8ccb787de83956aff6eadd8f5bf3b515e0083ff8aeca241ab2d,TRUE
candidate,4,measure,1,pattern,alternating64,2,retained,2,pair_equal,1,typed_double,1,1000000,475,500032,500032,500032,1682e50519c39e20ec73d311cfa7aa489a3c47fc736c77327945a71ddd43692c,1dfca270c18c81168bbc33ba5a5af04d5b0774edc64dc596f58860df56fc6bf0,0.316,0.315,e1e3b56690bef3056ca9f14d5f0d35de2f27f5a263ba2bd045796d4f543d1dd9,d76bb99d8569756afc3037340cd537fe570c8640b3de270bc21954b6511dea41,a91324783d1b7796e4fd78557e66a82bd4d09b9b371f847a9d4a5272bd3aa99a,FALSE,FALSE,FALSE,FALSE,FALSE,FALSE,FALSE,FALSE,0,0,0,0,0,0,0,0,e8c2c3714dfad8ccb787de83956aff6eadd8f5bf3b515e0083ff8aeca241ab2d,e8c2c3714dfad8ccb787de83956aff6eadd8f5bf3b515e0083ff8aeca241ab2d,TRUE
candidate,4,measure,1,pattern,alternating64,2,retained,2,pair_equal,1,compact,2,1000000,658,500032,500032,500032,1682e50519c39e20ec73d311cfa7aa489a3c47fc736c77327945a71ddd43692c,1dfca270c18c81168bbc33ba5a5af04d5b0774edc64dc596f58860df56fc6bf0,0.300000000000001,0.300000000000001,e1e3b56690bef3056ca9f14d5f0d35de2f27f5a263ba2bd045796d4f543d1dd9,d76bb99d8569756afc3037340cd537fe570c8640b3de270bc21954b6511dea41,a91324783d1b7796e4fd78557e66a82bd4d09b9b371f847a9d4a5272bd3aa99a,TRUE,TRUE,FALSE,FALSE,TRUE,TRUE,FALSE,FALSE,1,1,1,1,123,123,62,62,0418a77b7087897a0ead6e10b9da2953bfee2ad9da1470ca98b7664e364a3024,0418a77b7087897a0ead6e10b9da2953bfee2ad9da1470ca98b7664e364a3024,TRUE
candidate,4,measure,1,pattern,alternating64,2,retained,2,pair_less,2,compact,1,1000000,658,500032,500032,500032,1682e50519c39e20ec73d311cfa7aa489a3c47fc736c77327945a71ddd43692c,1dfca270c18c81168bbc33ba5a5af04d5b0774edc64dc596f58860df56fc6bf0,0.319,0.319000000000001,fea3a0c37b9da2e4cba4a29520bbd89d3892e1ce9fd8ac43b87fe680ae163cd6,d76bb99d8569756afc3037340cd537fe570c8640b3de270bc21954b6511dea41,a91324783d1b7796e4fd78557e66a82bd4d09b9b371f847a9d4a5272bd3aa99a,TRUE,TRUE,FALSE,FALSE,TRUE,TRUE,FALSE,FALSE,1,1,1,1,123,123,62,62,0418a77b7087897a0ead6e10b9da2953bfee2ad9da1470ca98b7664e364a3024,0418a77b7087897a0ead6e10b9da2953bfee2ad9da1470ca98b7664e364a3024,TRUE
candidate,4,measure,1,pattern,alternating64,2,retained,2,pair_less,2,typed_double,2,1000000,501,500032,500032,500032,1682e50519c39e20ec73d311cfa7aa489a3c47fc736c77327945a71ddd43692c,1dfca270c18c81168bbc33ba5a5af04d5b0774edc64dc596f58860df56fc6bf0,0.303000000000001,0.304,fea3a0c37b9da2e4cba4a29520bbd89d3892e1ce9fd8ac43b87fe680ae163cd6,d76bb99d8569756afc3037340cd537fe570c8640b3de270bc21954b6511dea41,a91324783d1b7796e4fd78557e66a82bd4d09b9b371f847a9d4a5272bd3aa99a,FALSE,FALSE,FALSE,FALSE,FALSE,FALSE,FALSE,FALSE,0,0,0,0,0,0,0,0,e8c2c3714dfad8ccb787de83956aff6eadd8f5bf3b515e0083ff8aeca241ab2d,e8c2c3714dfad8ccb787de83956aff6eadd8f5bf3b515e0083ff8aeca241ab2d,TRUE
candidate,4,measure,1,pattern,dense_prefix256,3,plain,1,pair_equal,1,typed_double,1,1000000,1020,256,256,256,4f6a42db5f898f2e6efd550a2d023a17ce9371fa2066ce4c64161c3c65910d42,8e7d65946f89b9de8cc4ad79f7b41348385676a0e384783713e3c574e5a973e1,0.318,0.318,5d23c30edb36be379a1183ab160899e39eb289b4ed2e7bad429d4d587093acf9,7672490e19c58995dd8bc09ade0a2a8bcde6085cc76a95e6a2a68b700e661547,7ad9ebcd9fd58eff5f70a27811844becf76962710b946a5e3414bd2a554f6e91,FALSE,FALSE,FALSE,FALSE,FALSE,FALSE,FALSE,FALSE,0,0,0,0,0,0,0,0,e8c2c3714dfad8ccb787de83956aff6eadd8f5bf3b515e0083ff8aeca241ab2d,e8c2c3714dfad8ccb787de83956aff6eadd8f5bf3b515e0083ff8aeca241ab2d,TRUE
candidate,4,measure,1,pattern,dense_prefix256,3,plain,1,pair_equal,1,compact,2,1000000,2315,256,256,256,4f6a42db5f898f2e6efd550a2d023a17ce9371fa2066ce4c64161c3c65910d42,8e7d65946f89b9de8cc4ad79f7b41348385676a0e384783713e3c574e5a973e1,0.313000000000001,0.313000000000001,5d23c30edb36be379a1183ab160899e39eb289b4ed2e7bad429d4d587093acf9,7672490e19c58995dd8bc09ade0a2a8bcde6085cc76a95e6a2a68b700e661547,7ad9ebcd9fd58eff5f70a27811844becf76962710b946a5e3414bd2a554f6e91,TRUE,TRUE,FALSE,FALSE,TRUE,TRUE,FALSE,FALSE,0,0,0,0,0,0,0,0,0418a77b7087897a0ead6e10b9da2953bfee2ad9da1470ca98b7664e364a3024,0418a77b7087897a0ead6e10b9da2953bfee2ad9da1470ca98b7664e364a3024,TRUE
candidate,4,measure,1,pattern,dense_prefix256,3,plain,1,pair_less,2,compact,1,1000000,2374,256,256,256,4f6a42db5f898f2e6efd550a2d023a17ce9371fa2066ce4c64161c3c65910d42,8e7d65946f89b9de8cc4ad79f7b41348385676a0e384783713e3c574e5a973e1,0.336,0.334999999999999,b030522d8463f26081839ac76baf882c6b1df334d2181db64107e72c14bee064,7672490e19c58995dd8bc09ade0a2a8bcde6085cc76a95e6a2a68b700e661547,7ad9ebcd9fd58eff5f70a27811844becf76962710b946a5e3414bd2a554f6e91,TRUE,TRUE,FALSE,FALSE,TRUE,TRUE,FALSE,FALSE,0,0,0,0,0,0,0,0,0418a77b7087897a0ead6e10b9da2953bfee2ad9da1470ca98b7664e364a3024,0418a77b7087897a0ead6e10b9da2953bfee2ad9da1470ca98b7664e364a3024,TRUE
candidate,4,measure,1,pattern,dense_prefix256,3,plain,1,pair_less,2,typed_double,2,1000000,1020,256,256,256,4f6a42db5f898f2e6efd550a2d023a17ce9371fa2066ce4c64161c3c65910d42,8e7d65946f89b9de8cc4ad79f7b41348385676a0e384783713e3c574e5a973e1,0.299,0.300000000000001,b030522d8463f26081839ac76baf882c6b1df334d2181db64107e72c14bee064,7672490e19c58995dd8bc09ade0a2a8bcde6085cc76a95e6a2a68b700e661547,7ad9ebcd9fd58eff5f70a27811844becf76962710b946a5e3414bd2a554f6e91,FALSE,FALSE,FALSE,FALSE,FALSE,FALSE,FALSE,FALSE,0,0,0,0,0,0,0,0,e8c2c3714dfad8ccb787de83956aff6eadd8f5bf3b515e0083ff8aeca241ab2d,e8c2c3714dfad8ccb787de83956aff6eadd8f5bf3b515e0083ff8aeca241ab2d,TRUE
candidate,4,measure,1,pattern,dense_prefix256,3,retained,2,pair_equal,1,typed_double,1,1000000,938,256,256,256,4f6a42db5f898f2e6efd550a2d023a17ce9371fa2066ce4c64161c3c65910d42,8e7d65946f89b9de8cc4ad79f7b41348385676a0e384783713e3c574e5a973e1,0.278,0.278,5d23c30edb36be379a1183ab160899e39eb289b4ed2e7bad429d4d587093acf9,7672490e19c58995dd8bc09ade0a2a8bcde6085cc76a95e6a2a68b700e661547,7ad9ebcd9fd58eff5f70a27811844becf76962710b946a5e3414bd2a554f6e91,FALSE,FALSE,FALSE,FALSE,FALSE,FALSE,FALSE,FALSE,0,0,0,0,0,0,0,0,e8c2c3714dfad8ccb787de83956aff6eadd8f5bf3b515e0083ff8aeca241ab2d,e8c2c3714dfad8ccb787de83956aff6eadd8f5bf3b515e0083ff8aeca241ab2d,TRUE
candidate,4,measure,1,pattern,dense_prefix256,3,retained,2,pair_equal,1,compact,2,1000000,1839,256,256,256,4f6a42db5f898f2e6efd550a2d023a17ce9371fa2066ce4c64161c3c65910d42,8e7d65946f89b9de8cc4ad79f7b41348385676a0e384783713e3c574e5a973e1,0.315000000000001,0.315,5d23c30edb36be379a1183ab160899e39eb289b4ed2e7bad429d4d587093acf9,7672490e19c58995dd8bc09ade0a2a8bcde6085cc76a95e6a2a68b700e661547,7ad9ebcd9fd58eff5f70a27811844becf76962710b946a5e3414bd2a554f6e91,TRUE,TRUE,FALSE,FALSE,TRUE,TRUE,FALSE,FALSE,1,1,1,1,123,123,62,62,0418a77b7087897a0ead6e10b9da2953bfee2ad9da1470ca98b7664e364a3024,0418a77b7087897a0ead6e10b9da2953bfee2ad9da1470ca98b7664e364a3024,TRUE
candidate,4,measure,1,pattern,dense_prefix256,3,retained,2,pair_less,2,compact,1,1000000,1839,256,256,256,4f6a42db5f898f2e6efd550a2d023a17ce9371fa2066ce4c64161c3c65910d42,8e7d65946f89b9de8cc4ad79f7b41348385676a0e384783713e3c574e5a973e1,0.315000000000001,0.314,b030522d8463f26081839ac76baf882c6b1df334d2181db64107e72c14bee064,7672490e19c58995dd8bc09ade0a2a8bcde6085cc76a95e6a2a68b700e661547,7ad9ebcd9fd58eff5f70a27811844becf76962710b946a5e3414bd2a554f6e91,TRUE,TRUE,FALSE,FALSE,TRUE,TRUE,FALSE,FALSE,1,1,1,1,123,123,62,62,0418a77b7087897a0ead6e10b9da2953bfee2ad9da1470ca98b7664e364a3024,0418a77b7087897a0ead6e10b9da2953bfee2ad9da1470ca98b7664e364a3024,TRUE
candidate,4,measure,1,pattern,dense_prefix256,3,retained,2,pair_less,2,typed_double,2,1000000,1020,256,256,256,4f6a42db5f898f2e6efd550a2d023a17ce9371fa2066ce4c64161c3c65910d42,8e7d65946f89b9de8cc4ad79f7b41348385676a0e384783713e3c574e5a973e1,0.3,0.300000000000001,b030522d8463f26081839ac76baf882c6b1df334d2181db64107e72c14bee064,7672490e19c58995dd8bc09ade0a2a8bcde6085cc76a95e6a2a68b700e661547,7ad9ebcd9fd58eff5f70a27811844becf76962710b946a5e3414bd2a554f6e91,FALSE,FALSE,FALSE,FALSE,FALSE,FALSE,FALSE,FALSE,0,0,0,0,0,0,0,0,e8c2c3714dfad8ccb787de83956aff6eadd8f5bf3b515e0083ff8aeca241ab2d,e8c2c3714dfad8ccb787de83956aff6eadd8f5bf3b515e0083ff8aeca241ab2d,TRUE
baseline,4,measure,1,pattern,dense_suffix256,1,retained,1,pair_equal,1,typed_double,1,1000000,1036,256,256,256,9381174d5a5c0056365a99d2e08f017e8e0fb6180967a7e6d7598196faa41fe2,4adf2390d7d2014e5ffa38462029cccd9eb5d08c60aced7e63aef1d325349cfc,0.333,0.333,8355ee3a7328986cdf138af94ec134e1f480f883973eeb98807b9973492b5cc7,b38da76a0bf8f72e59074e4463b94231f873a1ddf7c027778214fc73daff29f4,c2aa0aff5c68e774e7479b08e154497a8dd8a2570112001ddc9d703ee9a70fea,FALSE,FALSE,FALSE,FALSE,FALSE,FALSE,FALSE,FALSE,0,0,0,0,0,0,0,0,e8c2c3714dfad8ccb787de83956aff6eadd8f5bf3b515e0083ff8aeca241ab2d,e8c2c3714dfad8ccb787de83956aff6eadd8f5bf3b515e0083ff8aeca241ab2d,TRUE
baseline,4,measure,1,pattern,dense_suffix256,1,retained,1,pair_equal,1,compact,2,1000000,1875,256,256,256,9381174d5a5c0056365a99d2e08f017e8e0fb6180967a7e6d7598196faa41fe2,4adf2390d7d2014e5ffa38462029cccd9eb5d08c60aced7e63aef1d325349cfc,0.334,0.334,8355ee3a7328986cdf138af94ec134e1f480f883973eeb98807b9973492b5cc7,b38da76a0bf8f72e59074e4463b94231f873a1ddf7c027778214fc73daff29f4,c2aa0aff5c68e774e7479b08e154497a8dd8a2570112001ddc9d703ee9a70fea,TRUE,TRUE,FALSE,FALSE,TRUE,TRUE,FALSE,FALSE,1,1,1,1,123,123,62,62,0418a77b7087897a0ead6e10b9da2953bfee2ad9da1470ca98b7664e364a3024,0418a77b7087897a0ead6e10b9da2953bfee2ad9da1470ca98b7664e364a3024,TRUE
baseline,4,measure,1,pattern,dense_suffix256,1,retained,1,pair_less,2,compact,1,1000000,1603,256,256,256,9381174d5a5c0056365a99d2e08f017e8e0fb6180967a7e6d7598196faa41fe2,4adf2390d7d2014e5ffa38462029cccd9eb5d08c60aced7e63aef1d325349cfc,0.288,0.288,5b135f6c76754b36c0058612b0d3d10b0623f25d9553b7787a45eacba537f21c,b38da76a0bf8f72e59074e4463b94231f873a1ddf7c027778214fc73daff29f4,c2aa0aff5c68e774e7479b08e154497a8dd8a2570112001ddc9d703ee9a70fea,TRUE,TRUE,FALSE,FALSE,TRUE,TRUE,FALSE,FALSE,1,1,1,1,123,123,62,62,0418a77b7087897a0ead6e10b9da2953bfee2ad9da1470ca98b7664e364a3024,0418a77b7087897a0ead6e10b9da2953bfee2ad9da1470ca98b7664e364a3024,TRUE
baseline,4,measure,1,pattern,dense_suffix256,1,retained,1,pair_less,2,typed_double,2,1000000,1020,256,256,256,9381174d5a5c0056365a99d2e08f017e8e0fb6180967a7e6d7598196faa41fe2,4adf2390d7d2014e5ffa38462029cccd9eb5d08c60aced7e63aef1d325349cfc,0.316,0.315,5b135f6c76754b36c0058612b0d3d10b0623f25d9553b7787a45eacba537f21c,b38da76a0bf8f72e59074e4463b94231f873a1ddf7c027778214fc73daff29f4,c2aa0aff5c68e774e7479b08e154497a8dd8a2570112001ddc9d703ee9a70fea,FALSE,FALSE,FALSE,FALSE,FALSE,FALSE,FALSE,FALSE,0,0,0,0,0,0,0,0,e8c2c3714dfad8ccb787de83956aff6eadd8f5bf3b515e0083ff8aeca241ab2d,e8c2c3714dfad8ccb787de83956aff6eadd8f5bf3b515e0083ff8aeca241ab2d,TRUE
baseline,4,measure,1,pattern,dense_suffix256,1,plain,2,pair_equal,1,typed_double,1,1000000,933,256,256,256,9381174d5a5c0056365a99d2e08f017e8e0fb6180967a7e6d7598196faa41fe2,4adf2390d7d2014e5ffa38462029cccd9eb5d08c60aced7e63aef1d325349cfc,0.264,0.263,8355ee3a7328986cdf138af94ec134e1f480f883973eeb98807b9973492b5cc7,b38da76a0bf8f72e59074e4463b94231f873a1ddf7c027778214fc73daff29f4,c2aa0aff5c68e774e7479b08e154497a8dd8a2570112001ddc9d703ee9a70fea,FALSE,FALSE,FALSE,FALSE,FALSE,FALSE,FALSE,FALSE,0,0,0,0,0,0,0,0,e8c2c3714dfad8ccb787de83956aff6eadd8f5bf3b515e0083ff8aeca241ab2d,e8c2c3714dfad8ccb787de83956aff6eadd8f5bf3b515e0083ff8aeca241ab2d,TRUE
baseline,4,measure,1,pattern,dense_suffix256,1,plain,2,pair_equal,1,compact,2,1000000,2436,256,256,256,9381174d5a5c0056365a99d2e08f017e8e0fb6180967a7e6d7598196faa41fe2,4adf2390d7d2014e5ffa38462029cccd9eb5d08c60aced7e63aef1d325349cfc,0.332,0.333,8355ee3a7328986cdf138af94ec134e1f480f883973eeb98807b9973492b5cc7,b38da76a0bf8f72e59074e4463b94231f873a1ddf7c027778214fc73daff29f4,c2aa0aff5c68e774e7479b08e154497a8dd8a2570112001ddc9d703ee9a70fea,TRUE,TRUE,FALSE,FALSE,TRUE,TRUE,FALSE,FALSE,0,0,0,0,0,0,0,0,0418a77b7087897a0ead6e10b9da2953bfee2ad9da1470ca98b7664e364a3024,0418a77b7087897a0ead6e10b9da2953bfee2ad9da1470ca98b7664e364a3024,TRUE
baseline,4,measure,1,pattern,dense_suffix256,1,plain,2,pair_less,2,compact,1,1000000,2436,256,256,256,9381174d5a5c0056365a99d2e08f017e8e0fb6180967a7e6d7598196faa41fe2,4adf2390d7d2014e5ffa38462029cccd9eb5d08c60aced7e63aef1d325349cfc,0.319,0.319,5b135f6c76754b36c0058612b0d3d10b0623f25d9553b7787a45eacba537f21c,b38da76a0bf8f72e59074e4463b94231f873a1ddf7c027778214fc73daff29f4,c2aa0aff5c68e774e7479b08e154497a8dd8a2570112001ddc9d703ee9a70fea,TRUE,TRUE,FALSE,FALSE,TRUE,TRUE,FALSE,FALSE,0,0,0,0,0,0,0,0,0418a77b7087897a0ead6e10b9da2953bfee2ad9da1470ca98b7664e364a3024,0418a77b7087897a0ead6e10b9da2953bfee2ad9da1470ca98b7664e364a3024,TRUE
baseline,4,measure,1,pattern,dense_suffix256,1,plain,2,pair_less,2,typed_double,2,1000000,889,256,256,256,9381174d5a5c0056365a99d2e08f017e8e0fb6180967a7e6d7598196faa41fe2,4adf2390d7d2014e5ffa38462029cccd9eb5d08c60aced7e63aef1d325349cfc,0.277,0.278,5b135f6c76754b36c0058612b0d3d10b0623f25d9553b7787a45eacba537f21c,b38da76a0bf8f72e59074e4463b94231f873a1ddf7c027778214fc73daff29f4,c2aa0aff5c68e774e7479b08e154497a8dd8a2570112001ddc9d703ee9a70fea,FALSE,FALSE,FALSE,FALSE,FALSE,FALSE,FALSE,FALSE,0,0,0,0,0,0,0,0,e8c2c3714dfad8ccb787de83956aff6eadd8f5bf3b515e0083ff8aeca241ab2d,e8c2c3714dfad8ccb787de83956aff6eadd8f5bf3b515e0083ff8aeca241ab2d,TRUE
baseline,4,measure,1,pattern,alternating64,2,plain,1,pair_equal,1,typed_double,1,1000000,469,500032,500032,500032,1682e50519c39e20ec73d311cfa7aa489a3c47fc736c77327945a71ddd43692c,1dfca270c18c81168bbc33ba5a5af04d5b0774edc64dc596f58860df56fc6bf0,0.294,0.294,e1e3b56690bef3056ca9f14d5f0d35de2f27f5a263ba2bd045796d4f543d1dd9,d76bb99d8569756afc3037340cd537fe570c8640b3de270bc21954b6511dea41,a91324783d1b7796e4fd78557e66a82bd4d09b9b371f847a9d4a5272bd3aa99a,FALSE,FALSE,FALSE,FALSE,FALSE,FALSE,FALSE,FALSE,0,0,0,0,0,0,0,0,e8c2c3714dfad8ccb787de83956aff6eadd8f5bf3b515e0083ff8aeca241ab2d,e8c2c3714dfad8ccb787de83956aff6eadd8f5bf3b515e0083ff8aeca241ab2d,TRUE
baseline,4,measure,1,pattern,alternating64,2,plain,1,pair_equal,1,compact,2,1000000,736,500032,500032,500032,1682e50519c39e20ec73d311cfa7aa489a3c47fc736c77327945a71ddd43692c,1dfca270c18c81168bbc33ba5a5af04d5b0774edc64dc596f58860df56fc6bf0,0.227,0.226,e1e3b56690bef3056ca9f14d5f0d35de2f27f5a263ba2bd045796d4f543d1dd9,d76bb99d8569756afc3037340cd537fe570c8640b3de270bc21954b6511dea41,a91324783d1b7796e4fd78557e66a82bd4d09b9b371f847a9d4a5272bd3aa99a,TRUE,TRUE,FALSE,FALSE,TRUE,TRUE,FALSE,FALSE,0,0,0,0,0,0,0,0,0418a77b7087897a0ead6e10b9da2953bfee2ad9da1470ca98b7664e364a3024,0418a77b7087897a0ead6e10b9da2953bfee2ad9da1470ca98b7664e364a3024,TRUE
baseline,4,measure,1,pattern,alternating64,2,plain,1,pair_less,2,compact,1,1000000,982,500032,500032,500032,1682e50519c39e20ec73d311cfa7aa489a3c47fc736c77327945a71ddd43692c,1dfca270c18c81168bbc33ba5a5af04d5b0774edc64dc596f58860df56fc6bf0,0.3,0.3,fea3a0c37b9da2e4cba4a29520bbd89d3892e1ce9fd8ac43b87fe680ae163cd6,d76bb99d8569756afc3037340cd537fe570c8640b3de270bc21954b6511dea41,a91324783d1b7796e4fd78557e66a82bd4d09b9b371f847a9d4a5272bd3aa99a,TRUE,TRUE,FALSE,FALSE,TRUE,TRUE,FALSE,FALSE,0,0,0,0,0,0,0,0,0418a77b7087897a0ead6e10b9da2953bfee2ad9da1470ca98b7664e364a3024,0418a77b7087897a0ead6e10b9da2953bfee2ad9da1470ca98b7664e364a3024,TRUE
baseline,4,measure,1,pattern,alternating64,2,plain,1,pair_less,2,typed_double,2,1000000,494,500032,500032,500032,1682e50519c39e20ec73d311cfa7aa489a3c47fc736c77327945a71ddd43692c,1dfca270c18c81168bbc33ba5a5af04d5b0774edc64dc596f58860df56fc6bf0,0.3,0.299,fea3a0c37b9da2e4cba4a29520bbd89d3892e1ce9fd8ac43b87fe680ae163cd6,d76bb99d8569756afc3037340cd537fe570c8640b3de270bc21954b6511dea41,a91324783d1b7796e4fd78557e66a82bd4d09b9b371f847a9d4a5272bd3aa99a,FALSE,FALSE,FALSE,FALSE,FALSE,FALSE,FALSE,FALSE,0,0,0,0,0,0,0,0,e8c2c3714dfad8ccb787de83956aff6eadd8f5bf3b515e0083ff8aeca241ab2d,e8c2c3714dfad8ccb787de83956aff6eadd8f5bf3b515e0083ff8aeca241ab2d,TRUE
baseline,4,measure,1,pattern,alternating64,2,retained,2,pair_equal,1,typed_double,1,1000000,488,500032,500032,500032,1682e50519c39e20ec73d311cfa7aa489a3c47fc736c77327945a71ddd43692c,1dfca270c18c81168bbc33ba5a5af04d5b0774edc64dc596f58860df56fc6bf0,0.305,0.305,e1e3b56690bef3056ca9f14d5f0d35de2f27f5a263ba2bd045796d4f543d1dd9,d76bb99d8569756afc3037340cd537fe570c8640b3de270bc21954b6511dea41,a91324783d1b7796e4fd78557e66a82bd4d09b9b371f847a9d4a5272bd3aa99a,FALSE,FALSE,FALSE,FALSE,FALSE,FALSE,FALSE,FALSE,0,0,0,0,0,0,0,0,e8c2c3714dfad8ccb787de83956aff6eadd8f5bf3b515e0083ff8aeca241ab2d,e8c2c3714dfad8ccb787de83956aff6eadd8f5bf3b515e0083ff8aeca241ab2d,TRUE
baseline,4,measure,1,pattern,alternating64,2,retained,2,pair_equal,1,compact,2,1000000,658,500032,500032,500032,1682e50519c39e20ec73d311cfa7aa489a3c47fc736c77327945a71ddd43692c,1dfca270c18c81168bbc33ba5a5af04d5b0774edc64dc596f58860df56fc6bf0,0.299,0.299,e1e3b56690bef3056ca9f14d5f0d35de2f27f5a263ba2bd045796d4f543d1dd9,d76bb99d8569756afc3037340cd537fe570c8640b3de270bc21954b6511dea41,a91324783d1b7796e4fd78557e66a82bd4d09b9b371f847a9d4a5272bd3aa99a,TRUE,TRUE,FALSE,FALSE,TRUE,TRUE,FALSE,FALSE,1,1,1,1,123,123,62,62,0418a77b7087897a0ead6e10b9da2953bfee2ad9da1470ca98b7664e364a3024,0418a77b7087897a0ead6e10b9da2953bfee2ad9da1470ca98b7664e364a3024,TRUE
baseline,4,measure,1,pattern,alternating64,2,retained,2,pair_less,2,compact,1,1000000,670,500032,500032,500032,1682e50519c39e20ec73d311cfa7aa489a3c47fc736c77327945a71ddd43692c,1dfca270c18c81168bbc33ba5a5af04d5b0774edc64dc596f58860df56fc6bf0,0.305,0.304,fea3a0c37b9da2e4cba4a29520bbd89d3892e1ce9fd8ac43b87fe680ae163cd6,d76bb99d8569756afc3037340cd537fe570c8640b3de270bc21954b6511dea41,a91324783d1b7796e4fd78557e66a82bd4d09b9b371f847a9d4a5272bd3aa99a,TRUE,TRUE,FALSE,FALSE,TRUE,TRUE,FALSE,FALSE,1,1,1,1,123,123,62,62,0418a77b7087897a0ead6e10b9da2953bfee2ad9da1470ca98b7664e364a3024,0418a77b7087897a0ead6e10b9da2953bfee2ad9da1470ca98b7664e364a3024,TRUE
baseline,4,measure,1,pattern,alternating64,2,retained,2,pair_less,2,typed_double,2,1000000,494,500032,500032,500032,1682e50519c39e20ec73d311cfa7aa489a3c47fc736c77327945a71ddd43692c,1dfca270c18c81168bbc33ba5a5af04d5b0774edc64dc596f58860df56fc6bf0,0.297000000000001,0.297000000000001,fea3a0c37b9da2e4cba4a29520bbd89d3892e1ce9fd8ac43b87fe680ae163cd6,d76bb99d8569756afc3037340cd537fe570c8640b3de270bc21954b6511dea41,a91324783d1b7796e4fd78557e66a82bd4d09b9b371f847a9d4a5272bd3aa99a,FALSE,FALSE,FALSE,FALSE,FALSE,FALSE,FALSE,FALSE,0,0,0,0,0,0,0,0,e8c2c3714dfad8ccb787de83956aff6eadd8f5bf3b515e0083ff8aeca241ab2d,e8c2c3714dfad8ccb787de83956aff6eadd8f5bf3b515e0083ff8aeca241ab2d,TRUE
baseline,4,measure,1,pattern,dense_prefix256,3,plain,1,pair_equal,1,typed_double,1,1000000,1036,256,256,256,4f6a42db5f898f2e6efd550a2d023a17ce9371fa2066ce4c64161c3c65910d42,8e7d65946f89b9de8cc4ad79f7b41348385676a0e384783713e3c574e5a973e1,0.299000000000001,0.300000000000001,5d23c30edb36be379a1183ab160899e39eb289b4ed2e7bad429d4d587093acf9,7672490e19c58995dd8bc09ade0a2a8bcde6085cc76a95e6a2a68b700e661547,7ad9ebcd9fd58eff5f70a27811844becf76962710b946a5e3414bd2a554f6e91,FALSE,FALSE,FALSE,FALSE,FALSE,FALSE,FALSE,FALSE,0,0,0,0,0,0,0,0,e8c2c3714dfad8ccb787de83956aff6eadd8f5bf3b515e0083ff8aeca241ab2d,e8c2c3714dfad8ccb787de83956aff6eadd8f5bf3b515e0083ff8aeca241ab2d,TRUE
baseline,4,measure,1,pattern,dense_prefix256,3,plain,1,pair_equal,1,compact,2,1000000,682,256,256,256,4f6a42db5f898f2e6efd550a2d023a17ce9371fa2066ce4c64161c3c65910d42,8e7d65946f89b9de8cc4ad79f7b41348385676a0e384783713e3c574e5a973e1,0.298000000000001,0.297000000000001,5d23c30edb36be379a1183ab160899e39eb289b4ed2e7bad429d4d587093acf9,7672490e19c58995dd8bc09ade0a2a8bcde6085cc76a95e6a2a68b700e661547,7ad9ebcd9fd58eff5f70a27811844becf76962710b946a5e3414bd2a554f6e91,TRUE,TRUE,FALSE,FALSE,TRUE,TRUE,FALSE,FALSE,0,0,0,0,0,0,0,0,0418a77b7087897a0ead6e10b9da2953bfee2ad9da1470ca98b7664e364a3024,0418a77b7087897a0ead6e10b9da2953bfee2ad9da1470ca98b7664e364a3024,TRUE
baseline,4,measure,1,pattern,dense_prefix256,3,plain,1,pair_less,2,compact,1,1000000,682,256,256,256,4f6a42db5f898f2e6efd550a2d023a17ce9371fa2066ce4c64161c3c65910d42,8e7d65946f89b9de8cc4ad79f7b41348385676a0e384783713e3c574e5a973e1,0.312000000000001,0.313000000000001,b030522d8463f26081839ac76baf882c6b1df334d2181db64107e72c14bee064,7672490e19c58995dd8bc09ade0a2a8bcde6085cc76a95e6a2a68b700e661547,7ad9ebcd9fd58eff5f70a27811844becf76962710b946a5e3414bd2a554f6e91,TRUE,TRUE,FALSE,FALSE,TRUE,TRUE,FALSE,FALSE,0,0,0,0,0,0,0,0,0418a77b7087897a0ead6e10b9da2953bfee2ad9da1470ca98b7664e364a3024,0418a77b7087897a0ead6e10b9da2953bfee2ad9da1470ca98b7664e364a3024,TRUE
baseline,4,measure,1,pattern,dense_prefix256,3,plain,1,pair_less,2,typed_double,2,1000000,1020,256,256,256,4f6a42db5f898f2e6efd550a2d023a17ce9371fa2066ce4c64161c3c65910d42,8e7d65946f89b9de8cc4ad79f7b41348385676a0e384783713e3c574e5a973e1,0.299999999999999,0.299999999999999,b030522d8463f26081839ac76baf882c6b1df334d2181db64107e72c14bee064,7672490e19c58995dd8bc09ade0a2a8bcde6085cc76a95e6a2a68b700e661547,7ad9ebcd9fd58eff5f70a27811844becf76962710b946a5e3414bd2a554f6e91,FALSE,FALSE,FALSE,FALSE,FALSE,FALSE,FALSE,FALSE,0,0,0,0,0,0,0,0,e8c2c3714dfad8ccb787de83956aff6eadd8f5bf3b515e0083ff8aeca241ab2d,e8c2c3714dfad8ccb787de83956aff6eadd8f5bf3b515e0083ff8aeca241ab2d,TRUE
baseline,4,measure,1,pattern,dense_prefix256,3,retained,2,pair_equal,1,typed_double,1,1000000,1042,256,256,256,4f6a42db5f898f2e6efd550a2d023a17ce9371fa2066ce4c64161c3c65910d42,8e7d65946f89b9de8cc4ad79f7b41348385676a0e384783713e3c574e5a973e1,0.318,0.318,5d23c30edb36be379a1183ab160899e39eb289b4ed2e7bad429d4d587093acf9,7672490e19c58995dd8bc09ade0a2a8bcde6085cc76a95e6a2a68b700e661547,7ad9ebcd9fd58eff5f70a27811844becf76962710b946a5e3414bd2a554f6e91,FALSE,FALSE,FALSE,FALSE,FALSE,FALSE,FALSE,FALSE,0,0,0,0,0,0,0,0,e8c2c3714dfad8ccb787de83956aff6eadd8f5bf3b515e0083ff8aeca241ab2d,e8c2c3714dfad8ccb787de83956aff6eadd8f5bf3b515e0083ff8aeca241ab2d,TRUE
baseline,4,measure,1,pattern,dense_prefix256,3,retained,2,pair_equal,1,compact,2,1000000,1839,256,256,256,4f6a42db5f898f2e6efd550a2d023a17ce9371fa2066ce4c64161c3c65910d42,8e7d65946f89b9de8cc4ad79f7b41348385676a0e384783713e3c574e5a973e1,0.299,0.300000000000001,5d23c30edb36be379a1183ab160899e39eb289b4ed2e7bad429d4d587093acf9,7672490e19c58995dd8bc09ade0a2a8bcde6085cc76a95e6a2a68b700e661547,7ad9ebcd9fd58eff5f70a27811844becf76962710b946a5e3414bd2a554f6e91,TRUE,TRUE,FALSE,FALSE,TRUE,TRUE,FALSE,FALSE,1,1,1,1,123,123,62,62,0418a77b7087897a0ead6e10b9da2953bfee2ad9da1470ca98b7664e364a3024,0418a77b7087897a0ead6e10b9da2953bfee2ad9da1470ca98b7664e364a3024,TRUE
baseline,4,measure,1,pattern,dense_prefix256,3,retained,2,pair_less,2,compact,1,1000000,1589,256,256,256,4f6a42db5f898f2e6efd550a2d023a17ce9371fa2066ce4c64161c3c65910d42,8e7d65946f89b9de8cc4ad79f7b41348385676a0e384783713e3c574e5a973e1,0.259,0.258999999999999,b030522d8463f26081839ac76baf882c6b1df334d2181db64107e72c14bee064,7672490e19c58995dd8bc09ade0a2a8bcde6085cc76a95e6a2a68b700e661547,7ad9ebcd9fd58eff5f70a27811844becf76962710b946a5e3414bd2a554f6e91,TRUE,TRUE,FALSE,FALSE,TRUE,TRUE,FALSE,FALSE,1,1,1,1,123,123,62,62,0418a77b7087897a0ead6e10b9da2953bfee2ad9da1470ca98b7664e364a3024,0418a77b7087897a0ead6e10b9da2953bfee2ad9da1470ca98b7664e364a3024,TRUE
baseline,4,measure,1,pattern,dense_prefix256,3,retained,2,pair_less,2,typed_double,2,1000000,1025,256,256,256,4f6a42db5f898f2e6efd550a2d023a17ce9371fa2066ce4c64161c3c65910d42,8e7d65946f89b9de8cc4ad79f7b41348385676a0e384783713e3c574e5a973e1,0.318,0.318,b030522d8463f26081839ac76baf882c6b1df334d2181db64107e72c14bee064,7672490e19c58995dd8bc09ade0a2a8bcde6085cc76a95e6a2a68b700e661547,7ad9ebcd9fd58eff5f70a27811844becf76962710b946a5e3414bd2a554f6e91,FALSE,FALSE,FALSE,FALSE,FALSE,FALSE,FALSE,FALSE,0,0,0,0,0,0,0,0,e8c2c3714dfad8ccb787de83956aff6eadd8f5bf3b515e0083ff8aeca241ab2d,e8c2c3714dfad8ccb787de83956aff6eadd8f5bf3b515e0083ff8aeca241ab2d,TRUE
baseline,5,measure,1,pattern,alternating64,1,retained,1,pair_less,1,typed_double,1,1000000,494,500032,500032,500032,1682e50519c39e20ec73d311cfa7aa489a3c47fc736c77327945a71ddd43692c,1dfca270c18c81168bbc33ba5a5af04d5b0774edc64dc596f58860df56fc6bf0,0.302,0.302,fea3a0c37b9da2e4cba4a29520bbd89d3892e1ce9fd8ac43b87fe680ae163cd6,d76bb99d8569756afc3037340cd537fe570c8640b3de270bc21954b6511dea41,a91324783d1b7796e4fd78557e66a82bd4d09b9b371f847a9d4a5272bd3aa99a,FALSE,FALSE,FALSE,FALSE,FALSE,FALSE,FALSE,FALSE,0,0,0,0,0,0,0,0,e8c2c3714dfad8ccb787de83956aff6eadd8f5bf3b515e0083ff8aeca241ab2d,e8c2c3714dfad8ccb787de83956aff6eadd8f5bf3b515e0083ff8aeca241ab2d,TRUE
baseline,5,measure,1,pattern,alternating64,1,retained,1,pair_less,1,compact,2,1000000,658,500032,500032,500032,1682e50519c39e20ec73d311cfa7aa489a3c47fc736c77327945a71ddd43692c,1dfca270c18c81168bbc33ba5a5af04d5b0774edc64dc596f58860df56fc6bf0,0.318,0.319,fea3a0c37b9da2e4cba4a29520bbd89d3892e1ce9fd8ac43b87fe680ae163cd6,d76bb99d8569756afc3037340cd537fe570c8640b3de270bc21954b6511dea41,a91324783d1b7796e4fd78557e66a82bd4d09b9b371f847a9d4a5272bd3aa99a,TRUE,TRUE,FALSE,FALSE,TRUE,TRUE,FALSE,FALSE,1,1,1,1,123,123,62,62,0418a77b7087897a0ead6e10b9da2953bfee2ad9da1470ca98b7664e364a3024,0418a77b7087897a0ead6e10b9da2953bfee2ad9da1470ca98b7664e364a3024,TRUE
baseline,5,measure,1,pattern,alternating64,1,retained,1,pair_equal,2,compact,1,1000000,636,500032,500032,500032,1682e50519c39e20ec73d311cfa7aa489a3c47fc736c77327945a71ddd43692c,1dfca270c18c81168bbc33ba5a5af04d5b0774edc64dc596f58860df56fc6bf0,0.303,0.302,e1e3b56690bef3056ca9f14d5f0d35de2f27f5a263ba2bd045796d4f543d1dd9,d76bb99d8569756afc3037340cd537fe570c8640b3de270bc21954b6511dea41,a91324783d1b7796e4fd78557e66a82bd4d09b9b371f847a9d4a5272bd3aa99a,TRUE,TRUE,FALSE,FALSE,TRUE,TRUE,FALSE,FALSE,1,1,1,1,123,123,62,62,0418a77b7087897a0ead6e10b9da2953bfee2ad9da1470ca98b7664e364a3024,0418a77b7087897a0ead6e10b9da2953bfee2ad9da1470ca98b7664e364a3024,TRUE
baseline,5,measure,1,pattern,alternating64,1,retained,1,pair_equal,2,typed_double,2,1000000,463,500032,500032,500032,1682e50519c39e20ec73d311cfa7aa489a3c47fc736c77327945a71ddd43692c,1dfca270c18c81168bbc33ba5a5af04d5b0774edc64dc596f58860df56fc6bf0,0.313,0.313,e1e3b56690bef3056ca9f14d5f0d35de2f27f5a263ba2bd045796d4f543d1dd9,d76bb99d8569756afc3037340cd537fe570c8640b3de270bc21954b6511dea41,a91324783d1b7796e4fd78557e66a82bd4d09b9b371f847a9d4a5272bd3aa99a,FALSE,FALSE,FALSE,FALSE,FALSE,FALSE,FALSE,FALSE,0,0,0,0,0,0,0,0,e8c2c3714dfad8ccb787de83956aff6eadd8f5bf3b515e0083ff8aeca241ab2d,e8c2c3714dfad8ccb787de83956aff6eadd8f5bf3b515e0083ff8aeca241ab2d,TRUE
baseline,5,measure,1,pattern,alternating64,1,plain,2,pair_less,1,typed_double,1,1000000,488,500032,500032,500032,1682e50519c39e20ec73d311cfa7aa489a3c47fc736c77327945a71ddd43692c,1dfca270c18c81168bbc33ba5a5af04d5b0774edc64dc596f58860df56fc6bf0,0.296,0.297,fea3a0c37b9da2e4cba4a29520bbd89d3892e1ce9fd8ac43b87fe680ae163cd6,d76bb99d8569756afc3037340cd537fe570c8640b3de270bc21954b6511dea41,a91324783d1b7796e4fd78557e66a82bd4d09b9b371f847a9d4a5272bd3aa99a,FALSE,FALSE,FALSE,FALSE,FALSE,FALSE,FALSE,FALSE,0,0,0,0,0,0,0,0,e8c2c3714dfad8ccb787de83956aff6eadd8f5bf3b515e0083ff8aeca241ab2d,e8c2c3714dfad8ccb787de83956aff6eadd8f5bf3b515e0083ff8aeca241ab2d,TRUE
baseline,5,measure,1,pattern,alternating64,1,plain,2,pair_less,1,compact,2,1000000,977,500032,500032,500032,1682e50519c39e20ec73d311cfa7aa489a3c47fc736c77327945a71ddd43692c,1dfca270c18c81168bbc33ba5a5af04d5b0774edc64dc596f58860df56fc6bf0,0.315,0.314,fea3a0c37b9da2e4cba4a29520bbd89d3892e1ce9fd8ac43b87fe680ae163cd6,d76bb99d8569756afc3037340cd537fe570c8640b3de270bc21954b6511dea41,a91324783d1b7796e4fd78557e66a82bd4d09b9b371f847a9d4a5272bd3aa99a,TRUE,TRUE,FALSE,FALSE,TRUE,TRUE,FALSE,FALSE,0,0,0,0,0,0,0,0,0418a77b7087897a0ead6e10b9da2953bfee2ad9da1470ca98b7664e364a3024,0418a77b7087897a0ead6e10b9da2953bfee2ad9da1470ca98b7664e364a3024,TRUE
baseline,5,measure,1,pattern,alternating64,1,plain,2,pair_equal,2,compact,1,1000000,906,500032,500032,500032,1682e50519c39e20ec73d311cfa7aa489a3c47fc736c77327945a71ddd43692c,1dfca270c18c81168bbc33ba5a5af04d5b0774edc64dc596f58860df56fc6bf0,0.279,0.279,e1e3b56690bef3056ca9f14d5f0d35de2f27f5a263ba2bd045796d4f543d1dd9,d76bb99d8569756afc3037340cd537fe570c8640b3de270bc21954b6511dea41,a91324783d1b7796e4fd78557e66a82bd4d09b9b371f847a9d4a5272bd3aa99a,TRUE,TRUE,FALSE,FALSE,TRUE,TRUE,FALSE,FALSE,0,0,0,0,0,0,0,0,0418a77b7087897a0ead6e10b9da2953bfee2ad9da1470ca98b7664e364a3024,0418a77b7087897a0ead6e10b9da2953bfee2ad9da1470ca98b7664e364a3024,TRUE
baseline,5,measure,1,pattern,alternating64,1,plain,2,pair_equal,2,typed_double,2,1000000,475,500032,500032,500032,1682e50519c39e20ec73d311cfa7aa489a3c47fc736c77327945a71ddd43692c,1dfca270c18c81168bbc33ba5a5af04d5b0774edc64dc596f58860df56fc6bf0,0.315,0.315,e1e3b56690bef3056ca9f14d5f0d35de2f27f5a263ba2bd045796d4f543d1dd9,d76bb99d8569756afc3037340cd537fe570c8640b3de270bc21954b6511dea41,a91324783d1b7796e4fd78557e66a82bd4d09b9b371f847a9d4a5272bd3aa99a,FALSE,FALSE,FALSE,FALSE,FALSE,FALSE,FALSE,FALSE,0,0,0,0,0,0,0,0,e8c2c3714dfad8ccb787de83956aff6eadd8f5bf3b515e0083ff8aeca241ab2d,e8c2c3714dfad8ccb787de83956aff6eadd8f5bf3b515e0083ff8aeca241ab2d,TRUE
baseline,5,measure,1,pattern,dense_prefix256,2,retained,1,pair_less,1,typed_double,1,1000000,1025,256,256,256,4f6a42db5f898f2e6efd550a2d023a17ce9371fa2066ce4c64161c3c65910d42,8e7d65946f89b9de8cc4ad79f7b41348385676a0e384783713e3c574e5a973e1,0.317,0.317,b030522d8463f26081839ac76baf882c6b1df334d2181db64107e72c14bee064,7672490e19c58995dd8bc09ade0a2a8bcde6085cc76a95e6a2a68b700e661547,7ad9ebcd9fd58eff5f70a27811844becf76962710b946a5e3414bd2a554f6e91,FALSE,FALSE,FALSE,FALSE,FALSE,FALSE,FALSE,FALSE,0,0,0,0,0,0,0,0,e8c2c3714dfad8ccb787de83956aff6eadd8f5bf3b515e0083ff8aeca241ab2d,e8c2c3714dfad8ccb787de83956aff6eadd8f5bf3b515e0083ff8aeca241ab2d,TRUE
baseline,5,measure,1,pattern,dense_prefix256,2,retained,1,pair_less,1,compact,2,1000000,1839,256,256,256,4f6a42db5f898f2e6efd550a2d023a17ce9371fa2066ce4c64161c3c65910d42,8e7d65946f89b9de8cc4ad79f7b41348385676a0e384783713e3c574e5a973e1,0.298,0.297,b030522d8463f26081839ac76baf882c6b1df334d2181db64107e72c14bee064,7672490e19c58995dd8bc09ade0a2a8bcde6085cc76a95e6a2a68b700e661547,7ad9ebcd9fd58eff5f70a27811844becf76962710b946a5e3414bd2a554f6e91,TRUE,TRUE,FALSE,FALSE,TRUE,TRUE,FALSE,FALSE,1,1,1,1,123,123,62,62,0418a77b7087897a0ead6e10b9da2953bfee2ad9da1470ca98b7664e364a3024,0418a77b7087897a0ead6e10b9da2953bfee2ad9da1470ca98b7664e364a3024,TRUE
baseline,5,measure,1,pattern,dense_prefix256,2,retained,1,pair_equal,2,compact,1,1000000,1839,256,256,256,4f6a42db5f898f2e6efd550a2d023a17ce9371fa2066ce4c64161c3c65910d42,8e7d65946f89b9de8cc4ad79f7b41348385676a0e384783713e3c574e5a973e1,0.316,0.315,5d23c30edb36be379a1183ab160899e39eb289b4ed2e7bad429d4d587093acf9,7672490e19c58995dd8bc09ade0a2a8bcde6085cc76a95e6a2a68b700e661547,7ad9ebcd9fd58eff5f70a27811844becf76962710b946a5e3414bd2a554f6e91,TRUE,TRUE,FALSE,FALSE,TRUE,TRUE,FALSE,FALSE,1,1,1,1,123,123,62,62,0418a77b7087897a0ead6e10b9da2953bfee2ad9da1470ca98b7664e364a3024,0418a77b7087897a0ead6e10b9da2953bfee2ad9da1470ca98b7664e364a3024,TRUE
baseline,5,measure,1,pattern,dense_prefix256,2,retained,1,pair_equal,2,typed_double,2,1000000,1036,256,256,256,4f6a42db5f898f2e6efd550a2d023a17ce9371fa2066ce4c64161c3c65910d42,8e7d65946f89b9de8cc4ad79f7b41348385676a0e384783713e3c574e5a973e1,0.302,0.300999999999999,5d23c30edb36be379a1183ab160899e39eb289b4ed2e7bad429d4d587093acf9,7672490e19c58995dd8bc09ade0a2a8bcde6085cc76a95e6a2a68b700e661547,7ad9ebcd9fd58eff5f70a27811844becf76962710b946a5e3414bd2a554f6e91,FALSE,FALSE,FALSE,FALSE,FALSE,FALSE,FALSE,FALSE,0,0,0,0,0,0,0,0,e8c2c3714dfad8ccb787de83956aff6eadd8f5bf3b515e0083ff8aeca241ab2d,e8c2c3714dfad8ccb787de83956aff6eadd8f5bf3b515e0083ff8aeca241ab2d,TRUE
baseline,5,measure,1,pattern,dense_prefix256,2,plain,2,pair_less,1,typed_double,1,1000000,933,256,256,256,4f6a42db5f898f2e6efd550a2d023a17ce9371fa2066ce4c64161c3c65910d42,8e7d65946f89b9de8cc4ad79f7b41348385676a0e384783713e3c574e5a973e1,0.272999999999998,0.273,b030522d8463f26081839ac76baf882c6b1df334d2181db64107e72c14bee064,7672490e19c58995dd8bc09ade0a2a8bcde6085cc76a95e6a2a68b700e661547,7ad9ebcd9fd58eff5f70a27811844becf76962710b946a5e3414bd2a554f6e91,FALSE,FALSE,FALSE,FALSE,FALSE,FALSE,FALSE,FALSE,0,0,0,0,0,0,0,0,e8c2c3714dfad8ccb787de83956aff6eadd8f5bf3b515e0083ff8aeca241ab2d,e8c2c3714dfad8ccb787de83956aff6eadd8f5bf3b515e0083ff8aeca241ab2d,TRUE
baseline,5,measure,1,pattern,dense_prefix256,2,plain,2,pair_less,1,compact,2,1000000,682,256,256,256,4f6a42db5f898f2e6efd550a2d023a17ce9371fa2066ce4c64161c3c65910d42,8e7d65946f89b9de8cc4ad79f7b41348385676a0e384783713e3c574e5a973e1,0.298,0.298,b030522d8463f26081839ac76baf882c6b1df334d2181db64107e72c14bee064,7672490e19c58995dd8bc09ade0a2a8bcde6085cc76a95e6a2a68b700e661547,7ad9ebcd9fd58eff5f70a27811844becf76962710b946a5e3414bd2a554f6e91,TRUE,TRUE,FALSE,FALSE,TRUE,TRUE,FALSE,FALSE,0,0,0,0,0,0,0,0,0418a77b7087897a0ead6e10b9da2953bfee2ad9da1470ca98b7664e364a3024,0418a77b7087897a0ead6e10b9da2953bfee2ad9da1470ca98b7664e364a3024,TRUE
baseline,5,measure,1,pattern,dense_prefix256,2,plain,2,pair_equal,2,compact,1,1000000,695,256,256,256,4f6a42db5f898f2e6efd550a2d023a17ce9371fa2066ce4c64161c3c65910d42,8e7d65946f89b9de8cc4ad79f7b41348385676a0e384783713e3c574e5a973e1,0.303,0.302,5d23c30edb36be379a1183ab160899e39eb289b4ed2e7bad429d4d587093acf9,7672490e19c58995dd8bc09ade0a2a8bcde6085cc76a95e6a2a68b700e661547,7ad9ebcd9fd58eff5f70a27811844becf76962710b946a5e3414bd2a554f6e91,TRUE,TRUE,FALSE,FALSE,TRUE,TRUE,FALSE,FALSE,0,0,0,0,0,0,0,0,0418a77b7087897a0ead6e10b9da2953bfee2ad9da1470ca98b7664e364a3024,0418a77b7087897a0ead6e10b9da2953bfee2ad9da1470ca98b7664e364a3024,TRUE
baseline,5,measure,1,pattern,dense_prefix256,2,plain,2,pair_equal,2,typed_double,2,1000000,1036,256,256,256,4f6a42db5f898f2e6efd550a2d023a17ce9371fa2066ce4c64161c3c65910d42,8e7d65946f89b9de8cc4ad79f7b41348385676a0e384783713e3c574e5a973e1,0.318000000000001,0.318,5d23c30edb36be379a1183ab160899e39eb289b4ed2e7bad429d4d587093acf9,7672490e19c58995dd8bc09ade0a2a8bcde6085cc76a95e6a2a68b700e661547,7ad9ebcd9fd58eff5f70a27811844becf76962710b946a5e3414bd2a554f6e91,FALSE,FALSE,FALSE,FALSE,FALSE,FALSE,FALSE,FALSE,0,0,0,0,0,0,0,0,e8c2c3714dfad8ccb787de83956aff6eadd8f5bf3b515e0083ff8aeca241ab2d,e8c2c3714dfad8ccb787de83956aff6eadd8f5bf3b515e0083ff8aeca241ab2d,TRUE
baseline,5,measure,1,pattern,dense_suffix256,3,plain,1,pair_less,1,typed_double,1,1000000,1036,256,256,256,9381174d5a5c0056365a99d2e08f017e8e0fb6180967a7e6d7598196faa41fe2,4adf2390d7d2014e5ffa38462029cccd9eb5d08c60aced7e63aef1d325349cfc,0.298000000000001,0.296999999999999,5b135f6c76754b36c0058612b0d3d10b0623f25d9553b7787a45eacba537f21c,b38da76a0bf8f72e59074e4463b94231f873a1ddf7c027778214fc73daff29f4,c2aa0aff5c68e774e7479b08e154497a8dd8a2570112001ddc9d703ee9a70fea,FALSE,FALSE,FALSE,FALSE,FALSE,FALSE,FALSE,FALSE,0,0,0,0,0,0,0,0,e8c2c3714dfad8ccb787de83956aff6eadd8f5bf3b515e0083ff8aeca241ab2d,e8c2c3714dfad8ccb787de83956aff6eadd8f5bf3b515e0083ff8aeca241ab2d,TRUE
baseline,5,measure,1,pattern,dense_suffix256,3,plain,1,pair_less,1,compact,2,1000000,2039,256,256,256,9381174d5a5c0056365a99d2e08f017e8e0fb6180967a7e6d7598196faa41fe2,4adf2390d7d2014e5ffa38462029cccd9eb5d08c60aced7e63aef1d325349cfc,0.249000000000001,0.249000000000001,5b135f6c76754b36c0058612b0d3d10b0623f25d9553b7787a45eacba537f21c,b38da76a0bf8f72e59074e4463b94231f873a1ddf7c027778214fc73daff29f4,c2aa0aff5c68e774e7479b08e154497a8dd8a2570112001ddc9d703ee9a70fea,TRUE,TRUE,FALSE,FALSE,TRUE,TRUE,FALSE,FALSE,0,0,0,0,0,0,0,0,0418a77b7087897a0ead6e10b9da2953bfee2ad9da1470ca98b7664e364a3024,0418a77b7087897a0ead6e10b9da2953bfee2ad9da1470ca98b7664e364a3024,TRUE
baseline,5,measure,1,pattern,dense_suffix256,3,plain,1,pair_equal,2,compact,1,1000000,2500,256,256,256,9381174d5a5c0056365a99d2e08f017e8e0fb6180967a7e6d7598196faa41fe2,4adf2390d7d2014e5ffa38462029cccd9eb5d08c60aced7e63aef1d325349cfc,0.32,0.318999999999999,8355ee3a7328986cdf138af94ec134e1f480f883973eeb98807b9973492b5cc7,b38da76a0bf8f72e59074e4463b94231f873a1ddf7c027778214fc73daff29f4,c2aa0aff5c68e774e7479b08e154497a8dd8a2570112001ddc9d703ee9a70fea,TRUE,TRUE,FALSE,FALSE,TRUE,TRUE,FALSE,FALSE,0,0,0,0,0,0,0,0,0418a77b7087897a0ead6e10b9da2953bfee2ad9da1470ca98b7664e364a3024,0418a77b7087897a0ead6e10b9da2953bfee2ad9da1470ca98b7664e364a3024,TRUE
baseline,5,measure,1,pattern,dense_suffix256,3,plain,1,pair_equal,2,typed_double,2,1000000,1060,256,256,256,9381174d5a5c0056365a99d2e08f017e8e0fb6180967a7e6d7598196faa41fe2,4adf2390d7d2014e5ffa38462029cccd9eb5d08c60aced7e63aef1d325349cfc,0.315,0.315999999999999,8355ee3a7328986cdf138af94ec134e1f480f883973eeb98807b9973492b5cc7,b38da76a0bf8f72e59074e4463b94231f873a1ddf7c027778214fc73daff29f4,c2aa0aff5c68e774e7479b08e154497a8dd8a2570112001ddc9d703ee9a70fea,FALSE,FALSE,FALSE,FALSE,FALSE,FALSE,FALSE,FALSE,0,0,0,0,0,0,0,0,e8c2c3714dfad8ccb787de83956aff6eadd8f5bf3b515e0083ff8aeca241ab2d,e8c2c3714dfad8ccb787de83956aff6eadd8f5bf3b515e0083ff8aeca241ab2d,TRUE
baseline,5,measure,1,pattern,dense_suffix256,3,retained,2,pair_less,1,typed_double,1,1000000,1054,256,256,256,9381174d5a5c0056365a99d2e08f017e8e0fb6180967a7e6d7598196faa41fe2,4adf2390d7d2014e5ffa38462029cccd9eb5d08c60aced7e63aef1d325349cfc,0.298,0.299,5b135f6c76754b36c0058612b0d3d10b0623f25d9553b7787a45eacba537f21c,b38da76a0bf8f72e59074e4463b94231f873a1ddf7c027778214fc73daff29f4,c2aa0aff5c68e774e7479b08e154497a8dd8a2570112001ddc9d703ee9a70fea,FALSE,FALSE,FALSE,FALSE,FALSE,FALSE,FALSE,FALSE,0,0,0,0,0,0,0,0,e8c2c3714dfad8ccb787de83956aff6eadd8f5bf3b515e0083ff8aeca241ab2d,e8c2c3714dfad8ccb787de83956aff6eadd8f5bf3b515e0083ff8aeca241ab2d,TRUE
baseline,5,measure,1,pattern,dense_suffix256,3,retained,2,pair_less,1,compact,2,1000000,1876,256,256,256,9381174d5a5c0056365a99d2e08f017e8e0fb6180967a7e6d7598196faa41fe2,4adf2390d7d2014e5ffa38462029cccd9eb5d08c60aced7e63aef1d325349cfc,0.318,0.317,5b135f6c76754b36c0058612b0d3d10b0623f25d9553b7787a45eacba537f21c,b38da76a0bf8f72e59074e4463b94231f873a1ddf7c027778214fc73daff29f4,c2aa0aff5c68e774e7479b08e154497a8dd8a2570112001ddc9d703ee9a70fea,TRUE,TRUE,FALSE,FALSE,TRUE,TRUE,FALSE,FALSE,1,1,1,1,123,123,62,62,0418a77b7087897a0ead6e10b9da2953bfee2ad9da1470ca98b7664e364a3024,0418a77b7087897a0ead6e10b9da2953bfee2ad9da1470ca98b7664e364a3024,TRUE
baseline,5,measure,1,pattern,dense_suffix256,3,retained,2,pair_equal,2,compact,1,1000000,1839,256,256,256,9381174d5a5c0056365a99d2e08f017e8e0fb6180967a7e6d7598196faa41fe2,4adf2390d7d2014e5ffa38462029cccd9eb5d08c60aced7e63aef1d325349cfc,0.295,0.295,8355ee3a7328986cdf138af94ec134e1f480f883973eeb98807b9973492b5cc7,b38da76a0bf8f72e59074e4463b94231f873a1ddf7c027778214fc73daff29f4,c2aa0aff5c68e774e7479b08e154497a8dd8a2570112001ddc9d703ee9a70fea,TRUE,TRUE,FALSE,FALSE,TRUE,TRUE,FALSE,FALSE,1,1,1,1,123,123,62,62,0418a77b7087897a0ead6e10b9da2953bfee2ad9da1470ca98b7664e364a3024,0418a77b7087897a0ead6e10b9da2953bfee2ad9da1470ca98b7664e364a3024,TRUE
baseline,5,measure,1,pattern,dense_suffix256,3,retained,2,pair_equal,2,typed_double,2,1000000,987,256,256,256,9381174d5a5c0056365a99d2e08f017e8e0fb6180967a7e6d7598196faa41fe2,4adf2390d7d2014e5ffa38462029cccd9eb5d08c60aced7e63aef1d325349cfc,0.278000000000001,0.278,8355ee3a7328986cdf138af94ec134e1f480f883973eeb98807b9973492b5cc7,b38da76a0bf8f72e59074e4463b94231f873a1ddf7c027778214fc73daff29f4,c2aa0aff5c68e774e7479b08e154497a8dd8a2570112001ddc9d703ee9a70fea,FALSE,FALSE,FALSE,FALSE,FALSE,FALSE,FALSE,FALSE,0,0,0,0,0,0,0,0,e8c2c3714dfad8ccb787de83956aff6eadd8f5bf3b515e0083ff8aeca241ab2d,e8c2c3714dfad8ccb787de83956aff6eadd8f5bf3b515e0083ff8aeca241ab2d,TRUE
candidate,5,measure,1,pattern,alternating64,1,retained,1,pair_less,1,typed_double,1,1000000,494,500032,500032,500032,1682e50519c39e20ec73d311cfa7aa489a3c47fc736c77327945a71ddd43692c,1dfca270c18c81168bbc33ba5a5af04d5b0774edc64dc596f58860df56fc6bf0,0.303,0.302,fea3a0c37b9da2e4cba4a29520bbd89d3892e1ce9fd8ac43b87fe680ae163cd6,d76bb99d8569756afc3037340cd537fe570c8640b3de270bc21954b6511dea41,a91324783d1b7796e4fd78557e66a82bd4d09b9b371f847a9d4a5272bd3aa99a,FALSE,FALSE,FALSE,FALSE,FALSE,FALSE,FALSE,FALSE,0,0,0,0,0,0,0,0,e8c2c3714dfad8ccb787de83956aff6eadd8f5bf3b515e0083ff8aeca241ab2d,e8c2c3714dfad8ccb787de83956aff6eadd8f5bf3b515e0083ff8aeca241ab2d,TRUE
candidate,5,measure,1,pattern,alternating64,1,retained,1,pair_less,1,compact,2,1000000,647,500032,500032,500032,1682e50519c39e20ec73d311cfa7aa489a3c47fc736c77327945a71ddd43692c,1dfca270c18c81168bbc33ba5a5af04d5b0774edc64dc596f58860df56fc6bf0,0.311,0.312,fea3a0c37b9da2e4cba4a29520bbd89d3892e1ce9fd8ac43b87fe680ae163cd6,d76bb99d8569756afc3037340cd537fe570c8640b3de270bc21954b6511dea41,a91324783d1b7796e4fd78557e66a82bd4d09b9b371f847a9d4a5272bd3aa99a,TRUE,TRUE,FALSE,FALSE,TRUE,TRUE,FALSE,FALSE,1,1,1,1,123,123,62,62,0418a77b7087897a0ead6e10b9da2953bfee2ad9da1470ca98b7664e364a3024,0418a77b7087897a0ead6e10b9da2953bfee2ad9da1470ca98b7664e364a3024,TRUE
candidate,5,measure,1,pattern,alternating64,1,retained,1,pair_equal,2,compact,1,1000000,658,500032,500032,500032,1682e50519c39e20ec73d311cfa7aa489a3c47fc736c77327945a71ddd43692c,1dfca270c18c81168bbc33ba5a5af04d5b0774edc64dc596f58860df56fc6bf0,0.318,0.318,e1e3b56690bef3056ca9f14d5f0d35de2f27f5a263ba2bd045796d4f543d1dd9,d76bb99d8569756afc3037340cd537fe570c8640b3de270bc21954b6511dea41,a91324783d1b7796e4fd78557e66a82bd4d09b9b371f847a9d4a5272bd3aa99a,TRUE,TRUE,FALSE,FALSE,TRUE,TRUE,FALSE,FALSE,1,1,1,1,123,123,62,62,0418a77b7087897a0ead6e10b9da2953bfee2ad9da1470ca98b7664e364a3024,0418a77b7087897a0ead6e10b9da2953bfee2ad9da1470ca98b7664e364a3024,TRUE
candidate,5,measure,1,pattern,alternating64,1,retained,1,pair_equal,2,typed_double,2,1000000,475,500032,500032,500032,1682e50519c39e20ec73d311cfa7aa489a3c47fc736c77327945a71ddd43692c,1dfca270c18c81168bbc33ba5a5af04d5b0774edc64dc596f58860df56fc6bf0,0.299,0.299,e1e3b56690bef3056ca9f14d5f0d35de2f27f5a263ba2bd045796d4f543d1dd9,d76bb99d8569756afc3037340cd537fe570c8640b3de270bc21954b6511dea41,a91324783d1b7796e4fd78557e66a82bd4d09b9b371f847a9d4a5272bd3aa99a,FALSE,FALSE,FALSE,FALSE,FALSE,FALSE,FALSE,FALSE,0,0,0,0,0,0,0,0,e8c2c3714dfad8ccb787de83956aff6eadd8f5bf3b515e0083ff8aeca241ab2d,e8c2c3714dfad8ccb787de83956aff6eadd8f5bf3b515e0083ff8aeca241ab2d,TRUE
candidate,5,measure,1,pattern,alternating64,1,plain,2,pair_less,1,typed_double,1,1000000,488,500032,500032,500032,1682e50519c39e20ec73d311cfa7aa489a3c47fc736c77327945a71ddd43692c,1dfca270c18c81168bbc33ba5a5af04d5b0774edc64dc596f58860df56fc6bf0,0.296,0.296,fea3a0c37b9da2e4cba4a29520bbd89d3892e1ce9fd8ac43b87fe680ae163cd6,d76bb99d8569756afc3037340cd537fe570c8640b3de270bc21954b6511dea41,a91324783d1b7796e4fd78557e66a82bd4d09b9b371f847a9d4a5272bd3aa99a,FALSE,FALSE,FALSE,FALSE,FALSE,FALSE,FALSE,FALSE,0,0,0,0,0,0,0,0,e8c2c3714dfad8ccb787de83956aff6eadd8f5bf3b515e0083ff8aeca241ab2d,e8c2c3714dfad8ccb787de83956aff6eadd8f5bf3b515e0083ff8aeca241ab2d,TRUE
candidate,5,measure,1,pattern,alternating64,1,plain,2,pair_less,1,compact,2,1000000,906,500032,500032,500032,1682e50519c39e20ec73d311cfa7aa489a3c47fc736c77327945a71ddd43692c,1dfca270c18c81168bbc33ba5a5af04d5b0774edc64dc596f58860df56fc6bf0,0.278,0.278,fea3a0c37b9da2e4cba4a29520bbd89d3892e1ce9fd8ac43b87fe680ae163cd6,d76bb99d8569756afc3037340cd537fe570c8640b3de270bc21954b6511dea41,a91324783d1b7796e4fd78557e66a82bd4d09b9b371f847a9d4a5272bd3aa99a,TRUE,TRUE,FALSE,FALSE,TRUE,TRUE,FALSE,FALSE,0,0,0,0,0,0,0,0,0418a77b7087897a0ead6e10b9da2953bfee2ad9da1470ca98b7664e364a3024,0418a77b7087897a0ead6e10b9da2953bfee2ad9da1470ca98b7664e364a3024,TRUE
candidate,5,measure,1,pattern,alternating64,1,plain,2,pair_equal,2,compact,1,1000000,977,500032,500032,500032,1682e50519c39e20ec73d311cfa7aa489a3c47fc736c77327945a71ddd43692c,1dfca270c18c81168bbc33ba5a5af04d5b0774edc64dc596f58860df56fc6bf0,0.315,0.315,e1e3b56690bef3056ca9f14d5f0d35de2f27f5a263ba2bd045796d4f543d1dd9,d76bb99d8569756afc3037340cd537fe570c8640b3de270bc21954b6511dea41,a91324783d1b7796e4fd78557e66a82bd4d09b9b371f847a9d4a5272bd3aa99a,TRUE,TRUE,FALSE,FALSE,TRUE,TRUE,FALSE,FALSE,0,0,0,0,0,0,0,0,0418a77b7087897a0ead6e10b9da2953bfee2ad9da1470ca98b7664e364a3024,0418a77b7087897a0ead6e10b9da2953bfee2ad9da1470ca98b7664e364a3024,TRUE
candidate,5,measure,1,pattern,alternating64,1,plain,2,pair_equal,2,typed_double,2,1000000,469,500032,500032,500032,1682e50519c39e20ec73d311cfa7aa489a3c47fc736c77327945a71ddd43692c,1dfca270c18c81168bbc33ba5a5af04d5b0774edc64dc596f58860df56fc6bf0,0.311,0.311,e1e3b56690bef3056ca9f14d5f0d35de2f27f5a263ba2bd045796d4f543d1dd9,d76bb99d8569756afc3037340cd537fe570c8640b3de270bc21954b6511dea41,a91324783d1b7796e4fd78557e66a82bd4d09b9b371f847a9d4a5272bd3aa99a,FALSE,FALSE,FALSE,FALSE,FALSE,FALSE,FALSE,FALSE,0,0,0,0,0,0,0,0,e8c2c3714dfad8ccb787de83956aff6eadd8f5bf3b515e0083ff8aeca241ab2d,e8c2c3714dfad8ccb787de83956aff6eadd8f5bf3b515e0083ff8aeca241ab2d,TRUE
candidate,5,measure,1,pattern,dense_prefix256,2,retained,1,pair_less,1,typed_double,1,1000000,1014,256,256,256,4f6a42db5f898f2e6efd550a2d023a17ce9371fa2066ce4c64161c3c65910d42,8e7d65946f89b9de8cc4ad79f7b41348385676a0e384783713e3c574e5a973e1,0.317,0.318,b030522d8463f26081839ac76baf882c6b1df334d2181db64107e72c14bee064,7672490e19c58995dd8bc09ade0a2a8bcde6085cc76a95e6a2a68b700e661547,7ad9ebcd9fd58eff5f70a27811844becf76962710b946a5e3414bd2a554f6e91,FALSE,FALSE,FALSE,FALSE,FALSE,FALSE,FALSE,FALSE,0,0,0,0,0,0,0,0,e8c2c3714dfad8ccb787de83956aff6eadd8f5bf3b515e0083ff8aeca241ab2d,e8c2c3714dfad8ccb787de83956aff6eadd8f5bf3b515e0083ff8aeca241ab2d,TRUE
candidate,5,measure,1,pattern,dense_prefix256,2,retained,1,pair_less,1,compact,2,1000000,1821,256,256,256,4f6a42db5f898f2e6efd550a2d023a17ce9371fa2066ce4c64161c3c65910d42,8e7d65946f89b9de8cc4ad79f7b41348385676a0e384783713e3c574e5a973e1,0.313,0.313,b030522d8463f26081839ac76baf882c6b1df334d2181db64107e72c14bee064,7672490e19c58995dd8bc09ade0a2a8bcde6085cc76a95e6a2a68b700e661547,7ad9ebcd9fd58eff5f70a27811844becf76962710b946a5e3414bd2a554f6e91,TRUE,TRUE,FALSE,FALSE,TRUE,TRUE,FALSE,FALSE,1,1,1,1,123,123,62,62,0418a77b7087897a0ead6e10b9da2953bfee2ad9da1470ca98b7664e364a3024,0418a77b7087897a0ead6e10b9da2953bfee2ad9da1470ca98b7664e364a3024,TRUE
candidate,5,measure,1,pattern,dense_prefix256,2,retained,1,pair_equal,2,compact,1,1000000,1576,256,256,256,4f6a42db5f898f2e6efd550a2d023a17ce9371fa2066ce4c64161c3c65910d42,8e7d65946f89b9de8cc4ad79f7b41348385676a0e384783713e3c574e5a973e1,0.273,0.273000000000001,5d23c30edb36be379a1183ab160899e39eb289b4ed2e7bad429d4d587093acf9,7672490e19c58995dd8bc09ade0a2a8bcde6085cc76a95e6a2a68b700e661547,7ad9ebcd9fd58eff5f70a27811844becf76962710b946a5e3414bd2a554f6e91,TRUE,TRUE,FALSE,FALSE,TRUE,TRUE,FALSE,FALSE,1,1,1,1,123,123,62,62,0418a77b7087897a0ead6e10b9da2953bfee2ad9da1470ca98b7664e364a3024,0418a77b7087897a0ead6e10b9da2953bfee2ad9da1470ca98b7664e364a3024,TRUE
candidate,5,measure,1,pattern,dense_prefix256,2,retained,1,pair_equal,2,typed_double,2,1000000,1020,256,256,256,4f6a42db5f898f2e6efd550a2d023a17ce9371fa2066ce4c64161c3c65910d42,8e7d65946f89b9de8cc4ad79f7b41348385676a0e384783713e3c574e5a973e1,0.302,0.302,5d23c30edb36be379a1183ab160899e39eb289b4ed2e7bad429d4d587093acf9,7672490e19c58995dd8bc09ade0a2a8bcde6085cc76a95e6a2a68b700e661547,7ad9ebcd9fd58eff5f70a27811844becf76962710b946a5e3414bd2a554f6e91,FALSE,FALSE,FALSE,FALSE,FALSE,FALSE,FALSE,FALSE,0,0,0,0,0,0,0,0,e8c2c3714dfad8ccb787de83956aff6eadd8f5bf3b515e0083ff8aeca241ab2d,e8c2c3714dfad8ccb787de83956aff6eadd8f5bf3b515e0083ff8aeca241ab2d,TRUE
candidate,5,measure,1,pattern,dense_prefix256,2,plain,2,pair_less,1,typed_double,1,1000000,943,256,256,256,4f6a42db5f898f2e6efd550a2d023a17ce9371fa2066ce4c64161c3c65910d42,8e7d65946f89b9de8cc4ad79f7b41348385676a0e384783713e3c574e5a973e1,0.278,0.279000000000002,b030522d8463f26081839ac76baf882c6b1df334d2181db64107e72c14bee064,7672490e19c58995dd8bc09ade0a2a8bcde6085cc76a95e6a2a68b700e661547,7ad9ebcd9fd58eff5f70a27811844becf76962710b946a5e3414bd2a554f6e91,FALSE,FALSE,FALSE,FALSE,FALSE,FALSE,FALSE,FALSE,0,0,0,0,0,0,0,0,e8c2c3714dfad8ccb787de83956aff6eadd8f5bf3b515e0083ff8aeca241ab2d,e8c2c3714dfad8ccb787de83956aff6eadd8f5bf3b515e0083ff8aeca241ab2d,TRUE
candidate,5,measure,1,pattern,dense_prefix256,2,plain,2,pair_less,1,compact,2,1000000,2374,256,256,256,4f6a42db5f898f2e6efd550a2d023a17ce9371fa2066ce4c64161c3c65910d42,8e7d65946f89b9de8cc4ad79f7b41348385676a0e384783713e3c574e5a973e1,0.315999999999999,0.315999999999999,b030522d8463f26081839ac76baf882c6b1df334d2181db64107e72c14bee064,7672490e19c58995dd8bc09ade0a2a8bcde6085cc76a95e6a2a68b700e661547,7ad9ebcd9fd58eff5f70a27811844becf76962710b946a5e3414bd2a554f6e91,TRUE,TRUE,FALSE,FALSE,TRUE,TRUE,FALSE,FALSE,0,0,0,0,0,0,0,0,0418a77b7087897a0ead6e10b9da2953bfee2ad9da1470ca98b7664e364a3024,0418a77b7087897a0ead6e10b9da2953bfee2ad9da1470ca98b7664e364a3024,TRUE
candidate,5,measure,1,pattern,dense_prefix256,2,plain,2,pair_equal,2,compact,1,1000000,1974,256,256,256,4f6a42db5f898f2e6efd550a2d023a17ce9371fa2066ce4c64161c3c65910d42,8e7d65946f89b9de8cc4ad79f7b41348385676a0e384783713e3c574e5a973e1,0.251,0.250999999999999,5d23c30edb36be379a1183ab160899e39eb289b4ed2e7bad429d4d587093acf9,7672490e19c58995dd8bc09ade0a2a8bcde6085cc76a95e6a2a68b700e661547,7ad9ebcd9fd58eff5f70a27811844becf76962710b946a5e3414bd2a554f6e91,TRUE,TRUE,FALSE,FALSE,TRUE,TRUE,FALSE,FALSE,0,0,0,0,0,0,0,0,0418a77b7087897a0ead6e10b9da2953bfee2ad9da1470ca98b7664e364a3024,0418a77b7087897a0ead6e10b9da2953bfee2ad9da1470ca98b7664e364a3024,TRUE
candidate,5,measure,1,pattern,dense_prefix256,2,plain,2,pair_equal,2,typed_double,2,1000000,1025,256,256,256,4f6a42db5f898f2e6efd550a2d023a17ce9371fa2066ce4c64161c3c65910d42,8e7d65946f89b9de8cc4ad79f7b41348385676a0e384783713e3c574e5a973e1,0.322,0.321,5d23c30edb36be379a1183ab160899e39eb289b4ed2e7bad429d4d587093acf9,7672490e19c58995dd8bc09ade0a2a8bcde6085cc76a95e6a2a68b700e661547,7ad9ebcd9fd58eff5f70a27811844becf76962710b946a5e3414bd2a554f6e91,FALSE,FALSE,FALSE,FALSE,FALSE,FALSE,FALSE,FALSE,0,0,0,0,0,0,0,0,e8c2c3714dfad8ccb787de83956aff6eadd8f5bf3b515e0083ff8aeca241ab2d,e8c2c3714dfad8ccb787de83956aff6eadd8f5bf3b515e0083ff8aeca241ab2d,TRUE
candidate,5,measure,1,pattern,dense_suffix256,3,plain,1,pair_less,1,typed_double,1,1000000,1054,256,256,256,9381174d5a5c0056365a99d2e08f017e8e0fb6180967a7e6d7598196faa41fe2,4adf2390d7d2014e5ffa38462029cccd9eb5d08c60aced7e63aef1d325349cfc,0.302,0.301,5b135f6c76754b36c0058612b0d3d10b0623f25d9553b7787a45eacba537f21c,b38da76a0bf8f72e59074e4463b94231f873a1ddf7c027778214fc73daff29f4,c2aa0aff5c68e774e7479b08e154497a8dd8a2570112001ddc9d703ee9a70fea,FALSE,FALSE,FALSE,FALSE,FALSE,FALSE,FALSE,FALSE,0,0,0,0,0,0,0,0,e8c2c3714dfad8ccb787de83956aff6eadd8f5bf3b515e0083ff8aeca241ab2d,e8c2c3714dfad8ccb787de83956aff6eadd8f5bf3b515e0083ff8aeca241ab2d,TRUE
candidate,5,measure,1,pattern,dense_suffix256,3,plain,1,pair_less,1,compact,2,1000000,2017,256,256,256,9381174d5a5c0056365a99d2e08f017e8e0fb6180967a7e6d7598196faa41fe2,4adf2390d7d2014e5ffa38462029cccd9eb5d08c60aced7e63aef1d325349cfc,0.252000000000001,0.253,5b135f6c76754b36c0058612b0d3d10b0623f25d9553b7787a45eacba537f21c,b38da76a0bf8f72e59074e4463b94231f873a1ddf7c027778214fc73daff29f4,c2aa0aff5c68e774e7479b08e154497a8dd8a2570112001ddc9d703ee9a70fea,TRUE,TRUE,FALSE,FALSE,TRUE,TRUE,FALSE,FALSE,0,0,0,0,0,0,0,0,0418a77b7087897a0ead6e10b9da2953bfee2ad9da1470ca98b7664e364a3024,0418a77b7087897a0ead6e10b9da2953bfee2ad9da1470ca98b7664e364a3024,TRUE
candidate,5,measure,1,pattern,dense_suffix256,3,plain,1,pair_equal,2,compact,1,1000000,2468,256,256,256,9381174d5a5c0056365a99d2e08f017e8e0fb6180967a7e6d7598196faa41fe2,4adf2390d7d2014e5ffa38462029cccd9eb5d08c60aced7e63aef1d325349cfc,0.322000000000001,0.321999999999999,8355ee3a7328986cdf138af94ec134e1f480f883973eeb98807b9973492b5cc7,b38da76a0bf8f72e59074e4463b94231f873a1ddf7c027778214fc73daff29f4,c2aa0aff5c68e774e7479b08e154497a8dd8a2570112001ddc9d703ee9a70fea,TRUE,TRUE,FALSE,FALSE,TRUE,TRUE,FALSE,FALSE,0,0,0,0,0,0,0,0,0418a77b7087897a0ead6e10b9da2953bfee2ad9da1470ca98b7664e364a3024,0418a77b7087897a0ead6e10b9da2953bfee2ad9da1470ca98b7664e364a3024,TRUE
candidate,5,measure,1,pattern,dense_suffix256,3,plain,1,pair_equal,2,typed_double,2,1000000,1048,256,256,256,9381174d5a5c0056365a99d2e08f017e8e0fb6180967a7e6d7598196faa41fe2,4adf2390d7d2014e5ffa38462029cccd9eb5d08c60aced7e63aef1d325349cfc,0.299,0.299,8355ee3a7328986cdf138af94ec134e1f480f883973eeb98807b9973492b5cc7,b38da76a0bf8f72e59074e4463b94231f873a1ddf7c027778214fc73daff29f4,c2aa0aff5c68e774e7479b08e154497a8dd8a2570112001ddc9d703ee9a70fea,FALSE,FALSE,FALSE,FALSE,FALSE,FALSE,FALSE,FALSE,0,0,0,0,0,0,0,0,e8c2c3714dfad8ccb787de83956aff6eadd8f5bf3b515e0083ff8aeca241ab2d,e8c2c3714dfad8ccb787de83956aff6eadd8f5bf3b515e0083ff8aeca241ab2d,TRUE
candidate,5,measure,1,pattern,dense_suffix256,3,retained,2,pair_less,1,typed_double,1,1000000,1054,256,256,256,9381174d5a5c0056365a99d2e08f017e8e0fb6180967a7e6d7598196faa41fe2,4adf2390d7d2014e5ffa38462029cccd9eb5d08c60aced7e63aef1d325349cfc,0.318,0.318,5b135f6c76754b36c0058612b0d3d10b0623f25d9553b7787a45eacba537f21c,b38da76a0bf8f72e59074e4463b94231f873a1ddf7c027778214fc73daff29f4,c2aa0aff5c68e774e7479b08e154497a8dd8a2570112001ddc9d703ee9a70fea,FALSE,FALSE,FALSE,FALSE,FALSE,FALSE,FALSE,FALSE,0,0,0,0,0,0,0,0,e8c2c3714dfad8ccb787de83956aff6eadd8f5bf3b515e0083ff8aeca241ab2d,e8c2c3714dfad8ccb787de83956aff6eadd8f5bf3b515e0083ff8aeca241ab2d,TRUE
candidate,5,measure,1,pattern,dense_suffix256,3,retained,2,pair_less,1,compact,2,1000000,1857,256,256,256,9381174d5a5c0056365a99d2e08f017e8e0fb6180967a7e6d7598196faa41fe2,4adf2390d7d2014e5ffa38462029cccd9eb5d08c60aced7e63aef1d325349cfc,0.298,0.299,5b135f6c76754b36c0058612b0d3d10b0623f25d9553b7787a45eacba537f21c,b38da76a0bf8f72e59074e4463b94231f873a1ddf7c027778214fc73daff29f4,c2aa0aff5c68e774e7479b08e154497a8dd8a2570112001ddc9d703ee9a70fea,TRUE,TRUE,FALSE,FALSE,TRUE,TRUE,FALSE,FALSE,1,1,1,1,123,123,62,62,0418a77b7087897a0ead6e10b9da2953bfee2ad9da1470ca98b7664e364a3024,0418a77b7087897a0ead6e10b9da2953bfee2ad9da1470ca98b7664e364a3024,TRUE
candidate,5,measure,1,pattern,dense_suffix256,3,retained,2,pair_equal,2,compact,1,1000000,1839,256,256,256,9381174d5a5c0056365a99d2e08f017e8e0fb6180967a7e6d7598196faa41fe2,4adf2390d7d2014e5ffa38462029cccd9eb5d08c60aced7e63aef1d325349cfc,0.309000000000001,0.31,8355ee3a7328986cdf138af94ec134e1f480f883973eeb98807b9973492b5cc7,b38da76a0bf8f72e59074e4463b94231f873a1ddf7c027778214fc73daff29f4,c2aa0aff5c68e774e7479b08e154497a8dd8a2570112001ddc9d703ee9a70fea,TRUE,TRUE,FALSE,FALSE,TRUE,TRUE,FALSE,FALSE,1,1,1,1,123,123,62,62,0418a77b7087897a0ead6e10b9da2953bfee2ad9da1470ca98b7664e364a3024,0418a77b7087897a0ead6e10b9da2953bfee2ad9da1470ca98b7664e364a3024,TRUE
candidate,5,measure,1,pattern,dense_suffix256,3,retained,2,pair_equal,2,typed_double,2,1000000,1060,256,256,256,9381174d5a5c0056365a99d2e08f017e8e0fb6180967a7e6d7598196faa41fe2,4adf2390d7d2014e5ffa38462029cccd9eb5d08c60aced7e63aef1d325349cfc,0.318999999999999,0.318999999999999,8355ee3a7328986cdf138af94ec134e1f480f883973eeb98807b9973492b5cc7,b38da76a0bf8f72e59074e4463b94231f873a1ddf7c027778214fc73daff29f4,c2aa0aff5c68e774e7479b08e154497a8dd8a2570112001ddc9d703ee9a70fea,FALSE,FALSE,FALSE,FALSE,FALSE,FALSE,FALSE,FALSE,0,0,0,0,0,0,0,0,e8c2c3714dfad8ccb787de83956aff6eadd8f5bf3b515e0083ff8aeca241ab2d,e8c2c3714dfad8ccb787de83956aff6eadd8f5bf3b515e0083ff8aeca241ab2d,TRUE
candidate,6,measure,1,pattern,alternating64,1,plain,1,pair_equal,1,typed_double,1,1000000,469,500032,500032,500032,1682e50519c39e20ec73d311cfa7aa489a3c47fc736c77327945a71ddd43692c,1dfca270c18c81168bbc33ba5a5af04d5b0774edc64dc596f58860df56fc6bf0,0.316,0.316,e1e3b56690bef3056ca9f14d5f0d35de2f27f5a263ba2bd045796d4f543d1dd9,d76bb99d8569756afc3037340cd537fe570c8640b3de270bc21954b6511dea41,a91324783d1b7796e4fd78557e66a82bd4d09b9b371f847a9d4a5272bd3aa99a,FALSE,FALSE,FALSE,FALSE,FALSE,FALSE,FALSE,FALSE,0,0,0,0,0,0,0,0,e8c2c3714dfad8ccb787de83956aff6eadd8f5bf3b515e0083ff8aeca241ab2d,e8c2c3714dfad8ccb787de83956aff6eadd8f5bf3b515e0083ff8aeca241ab2d,TRUE
candidate,6,measure,1,pattern,alternating64,1,plain,1,pair_equal,1,compact,2,1000000,967,500032,500032,500032,1682e50519c39e20ec73d311cfa7aa489a3c47fc736c77327945a71ddd43692c,1dfca270c18c81168bbc33ba5a5af04d5b0774edc64dc596f58860df56fc6bf0,0.314,0.315,e1e3b56690bef3056ca9f14d5f0d35de2f27f5a263ba2bd045796d4f543d1dd9,d76bb99d8569756afc3037340cd537fe570c8640b3de270bc21954b6511dea41,a91324783d1b7796e4fd78557e66a82bd4d09b9b371f847a9d4a5272bd3aa99a,TRUE,TRUE,FALSE,FALSE,TRUE,TRUE,FALSE,FALSE,0,0,0,0,0,0,0,0,0418a77b7087897a0ead6e10b9da2953bfee2ad9da1470ca98b7664e364a3024,0418a77b7087897a0ead6e10b9da2953bfee2ad9da1470ca98b7664e364a3024,TRUE
candidate,6,measure,1,pattern,alternating64,1,plain,1,pair_less,2,compact,1,1000000,889,500032,500032,500032,1682e50519c39e20ec73d311cfa7aa489a3c47fc736c77327945a71ddd43692c,1dfca270c18c81168bbc33ba5a5af04d5b0774edc64dc596f58860df56fc6bf0,0.277,0.278,fea3a0c37b9da2e4cba4a29520bbd89d3892e1ce9fd8ac43b87fe680ae163cd6,d76bb99d8569756afc3037340cd537fe570c8640b3de270bc21954b6511dea41,a91324783d1b7796e4fd78557e66a82bd4d09b9b371f847a9d4a5272bd3aa99a,TRUE,TRUE,FALSE,FALSE,TRUE,TRUE,FALSE,FALSE,0,0,0,0,0,0,0,0,0418a77b7087897a0ead6e10b9da2953bfee2ad9da1470ca98b7664e364a3024,0418a77b7087897a0ead6e10b9da2953bfee2ad9da1470ca98b7664e364a3024,TRUE
candidate,6,measure,1,pattern,alternating64,1,plain,1,pair_less,2,typed_double,2,1000000,494,500032,500032,500032,1682e50519c39e20ec73d311cfa7aa489a3c47fc736c77327945a71ddd43692c,1dfca270c18c81168bbc33ba5a5af04d5b0774edc64dc596f58860df56fc6bf0,0.316,0.317,fea3a0c37b9da2e4cba4a29520bbd89d3892e1ce9fd8ac43b87fe680ae163cd6,d76bb99d8569756afc3037340cd537fe570c8640b3de270bc21954b6511dea41,a91324783d1b7796e4fd78557e66a82bd4d09b9b371f847a9d4a5272bd3aa99a,FALSE,FALSE,FALSE,FALSE,FALSE,FALSE,FALSE,FALSE,0,0,0,0,0,0,0,0,e8c2c3714dfad8ccb787de83956aff6eadd8f5bf3b515e0083ff8aeca241ab2d,e8c2c3714dfad8ccb787de83956aff6eadd8f5bf3b515e0083ff8aeca241ab2d,TRUE
candidate,6,measure,1,pattern,alternating64,1,retained,2,pair_equal,1,typed_double,1,1000000,469,500032,500032,500032,1682e50519c39e20ec73d311cfa7aa489a3c47fc736c77327945a71ddd43692c,1dfca270c18c81168bbc33ba5a5af04d5b0774edc64dc596f58860df56fc6bf0,0.296,0.296,e1e3b56690bef3056ca9f14d5f0d35de2f27f5a263ba2bd045796d4f543d1dd9,d76bb99d8569756afc3037340cd537fe570c8640b3de270bc21954b6511dea41,a91324783d1b7796e4fd78557e66a82bd4d09b9b371f847a9d4a5272bd3aa99a,FALSE,FALSE,FALSE,FALSE,FALSE,FALSE,FALSE,FALSE,0,0,0,0,0,0,0,0,e8c2c3714dfad8ccb787de83956aff6eadd8f5bf3b515e0083ff8aeca241ab2d,e8c2c3714dfad8ccb787de83956aff6eadd8f5bf3b515e0083ff8aeca241ab2d,TRUE
candidate,6,measure,1,pattern,alternating64,1,retained,2,pair_equal,1,compact,2,1000000,658,500032,500032,500032,1682e50519c39e20ec73d311cfa7aa489a3c47fc736c77327945a71ddd43692c,1dfca270c18c81168bbc33ba5a5af04d5b0774edc64dc596f58860df56fc6bf0,0.318,0.318,e1e3b56690bef3056ca9f14d5f0d35de2f27f5a263ba2bd045796d4f543d1dd9,d76bb99d8569756afc3037340cd537fe570c8640b3de270bc21954b6511dea41,a91324783d1b7796e4fd78557e66a82bd4d09b9b371f847a9d4a5272bd3aa99a,TRUE,TRUE,FALSE,FALSE,TRUE,TRUE,FALSE,FALSE,1,1,1,1,123,123,62,62,0418a77b7087897a0ead6e10b9da2953bfee2ad9da1470ca98b7664e364a3024,0418a77b7087897a0ead6e10b9da2953bfee2ad9da1470ca98b7664e364a3024,TRUE
candidate,6,measure,1,pattern,alternating64,1,retained,2,pair_less,2,compact,1,1000000,658,500032,500032,500032,1682e50519c39e20ec73d311cfa7aa489a3c47fc736c77327945a71ddd43692c,1dfca270c18c81168bbc33ba5a5af04d5b0774edc64dc596f58860df56fc6bf0,0.317,0.316000000000001,fea3a0c37b9da2e4cba4a29520bbd89d3892e1ce9fd8ac43b87fe680ae163cd6,d76bb99d8569756afc3037340cd537fe570c8640b3de270bc21954b6511dea41,a91324783d1b7796e4fd78557e66a82bd4d09b9b371f847a9d4a5272bd3aa99a,TRUE,TRUE,FALSE,FALSE,TRUE,TRUE,FALSE,FALSE,1,1,1,1,123,123,62,62,0418a77b7087897a0ead6e10b9da2953bfee2ad9da1470ca98b7664e364a3024,0418a77b7087897a0ead6e10b9da2953bfee2ad9da1470ca98b7664e364a3024,TRUE
candidate,6,measure,1,pattern,alternating64,1,retained,2,pair_less,2,typed_double,2,1000000,494,500032,500032,500032,1682e50519c39e20ec73d311cfa7aa489a3c47fc736c77327945a71ddd43692c,1dfca270c18c81168bbc33ba5a5af04d5b0774edc64dc596f58860df56fc6bf0,0.308000000000001,0.308,fea3a0c37b9da2e4cba4a29520bbd89d3892e1ce9fd8ac43b87fe680ae163cd6,d76bb99d8569756afc3037340cd537fe570c8640b3de270bc21954b6511dea41,a91324783d1b7796e4fd78557e66a82bd4d09b9b371f847a9d4a5272bd3aa99a,FALSE,FALSE,FALSE,FALSE,FALSE,FALSE,FALSE,FALSE,0,0,0,0,0,0,0,0,e8c2c3714dfad8ccb787de83956aff6eadd8f5bf3b515e0083ff8aeca241ab2d,e8c2c3714dfad8ccb787de83956aff6eadd8f5bf3b515e0083ff8aeca241ab2d,TRUE
candidate,6,measure,1,pattern,dense_suffix256,2,retained,1,pair_equal,1,typed_double,1,1000000,1031,256,256,256,9381174d5a5c0056365a99d2e08f017e8e0fb6180967a7e6d7598196faa41fe2,4adf2390d7d2014e5ffa38462029cccd9eb5d08c60aced7e63aef1d325349cfc,0.319,0.32,8355ee3a7328986cdf138af94ec134e1f480f883973eeb98807b9973492b5cc7,b38da76a0bf8f72e59074e4463b94231f873a1ddf7c027778214fc73daff29f4,c2aa0aff5c68e774e7479b08e154497a8dd8a2570112001ddc9d703ee9a70fea,FALSE,FALSE,FALSE,FALSE,FALSE,FALSE,FALSE,FALSE,0,0,0,0,0,0,0,0,e8c2c3714dfad8ccb787de83956aff6eadd8f5bf3b515e0083ff8aeca241ab2d,e8c2c3714dfad8ccb787de83956aff6eadd8f5bf3b515e0083ff8aeca241ab2d,TRUE
candidate,6,measure,1,pattern,dense_suffix256,2,retained,1,pair_equal,1,compact,2,1000000,1617,256,256,256,9381174d5a5c0056365a99d2e08f017e8e0fb6180967a7e6d7598196faa41fe2,4adf2390d7d2014e5ffa38462029cccd9eb5d08c60aced7e63aef1d325349cfc,0.272,0.271999999999999,8355ee3a7328986cdf138af94ec134e1f480f883973eeb98807b9973492b5cc7,b38da76a0bf8f72e59074e4463b94231f873a1ddf7c027778214fc73daff29f4,c2aa0aff5c68e774e7479b08e154497a8dd8a2570112001ddc9d703ee9a70fea,TRUE,TRUE,FALSE,FALSE,TRUE,TRUE,FALSE,FALSE,1,1,1,1,123,123,62,62,0418a77b7087897a0ead6e10b9da2953bfee2ad9da1470ca98b7664e364a3024,0418a77b7087897a0ead6e10b9da2953bfee2ad9da1470ca98b7664e364a3024,TRUE
candidate,6,measure,1,pattern,dense_suffix256,2,retained,1,pair_less,2,compact,1,1000000,1894,256,256,256,9381174d5a5c0056365a99d2e08f017e8e0fb6180967a7e6d7598196faa41fe2,4adf2390d7d2014e5ffa38462029cccd9eb5d08c60aced7e63aef1d325349cfc,0.332,0.331,5b135f6c76754b36c0058612b0d3d10b0623f25d9553b7787a45eacba537f21c,b38da76a0bf8f72e59074e4463b94231f873a1ddf7c027778214fc73daff29f4,c2aa0aff5c68e774e7479b08e154497a8dd8a2570112001ddc9d703ee9a70fea,TRUE,TRUE,FALSE,FALSE,TRUE,TRUE,FALSE,FALSE,1,1,1,1,123,123,62,62,0418a77b7087897a0ead6e10b9da2953bfee2ad9da1470ca98b7664e364a3024,0418a77b7087897a0ead6e10b9da2953bfee2ad9da1470ca98b7664e364a3024,TRUE
candidate,6,measure,1,pattern,dense_suffix256,2,retained,1,pair_less,2,typed_double,2,1000000,943,256,256,256,9381174d5a5c0056365a99d2e08f017e8e0fb6180967a7e6d7598196faa41fe2,4adf2390d7d2014e5ffa38462029cccd9eb5d08c60aced7e63aef1d325349cfc,0.275,0.275,5b135f6c76754b36c0058612b0d3d10b0623f25d9553b7787a45eacba537f21c,b38da76a0bf8f72e59074e4463b94231f873a1ddf7c027778214fc73daff29f4,c2aa0aff5c68e774e7479b08e154497a8dd8a2570112001ddc9d703ee9a70fea,FALSE,FALSE,FALSE,FALSE,FALSE,FALSE,FALSE,FALSE,0,0,0,0,0,0,0,0,e8c2c3714dfad8ccb787de83956aff6eadd8f5bf3b515e0083ff8aeca241ab2d,e8c2c3714dfad8ccb787de83956aff6eadd8f5bf3b515e0083ff8aeca241ab2d,TRUE
candidate,6,measure,1,pattern,dense_suffix256,2,plain,2,pair_equal,1,typed_double,1,1000000,947,256,256,256,9381174d5a5c0056365a99d2e08f017e8e0fb6180967a7e6d7598196faa41fe2,4adf2390d7d2014e5ffa38462029cccd9eb5d08c60aced7e63aef1d325349cfc,0.274999999999999,0.276,8355ee3a7328986cdf138af94ec134e1f480f883973eeb98807b9973492b5cc7,b38da76a0bf8f72e59074e4463b94231f873a1ddf7c027778214fc73daff29f4,c2aa0aff5c68e774e7479b08e154497a8dd8a2570112001ddc9d703ee9a70fea,FALSE,FALSE,FALSE,FALSE,FALSE,FALSE,FALSE,FALSE,0,0,0,0,0,0,0,0,e8c2c3714dfad8ccb787de83956aff6eadd8f5bf3b515e0083ff8aeca241ab2d,e8c2c3714dfad8ccb787de83956aff6eadd8f5bf3b515e0083ff8aeca241ab2d,TRUE
candidate,6,measure,1,pattern,dense_suffix256,2,plain,2,pair_equal,1,compact,2,1000000,2374,256,256,256,9381174d5a5c0056365a99d2e08f017e8e0fb6180967a7e6d7598196faa41fe2,4adf2390d7d2014e5ffa38462029cccd9eb5d08c60aced7e63aef1d325349cfc,0.328999999999999,0.33,8355ee3a7328986cdf138af94ec134e1f480f883973eeb98807b9973492b5cc7,b38da76a0bf8f72e59074e4463b94231f873a1ddf7c027778214fc73daff29f4,c2aa0aff5c68e774e7479b08e154497a8dd8a2570112001ddc9d703ee9a70fea,TRUE,TRUE,FALSE,FALSE,TRUE,TRUE,FALSE,FALSE,0,0,0,0,0,0,0,0,0418a77b7087897a0ead6e10b9da2953bfee2ad9da1470ca98b7664e364a3024,0418a77b7087897a0ead6e10b9da2953bfee2ad9da1470ca98b7664e364a3024,TRUE
candidate,6,measure,1,pattern,dense_suffix256,2,plain,2,pair_less,2,compact,1,1000000,2374,256,256,256,9381174d5a5c0056365a99d2e08f017e8e0fb6180967a7e6d7598196faa41fe2,4adf2390d7d2014e5ffa38462029cccd9eb5d08c60aced7e63aef1d325349cfc,0.332000000000001,0.331999999999999,5b135f6c76754b36c0058612b0d3d10b0623f25d9553b7787a45eacba537f21c,b38da76a0bf8f72e59074e4463b94231f873a1ddf7c027778214fc73daff29f4,c2aa0aff5c68e774e7479b08e154497a8dd8a2570112001ddc9d703ee9a70fea,TRUE,TRUE,FALSE,FALSE,TRUE,TRUE,FALSE,FALSE,0,0,0,0,0,0,0,0,0418a77b7087897a0ead6e10b9da2953bfee2ad9da1470ca98b7664e364a3024,0418a77b7087897a0ead6e10b9da2953bfee2ad9da1470ca98b7664e364a3024,TRUE
candidate,6,measure,1,pattern,dense_suffix256,2,plain,2,pair_less,2,typed_double,2,1000000,947,256,256,256,9381174d5a5c0056365a99d2e08f017e8e0fb6180967a7e6d7598196faa41fe2,4adf2390d7d2014e5ffa38462029cccd9eb5d08c60aced7e63aef1d325349cfc,0.274000000000001,0.273999999999999,5b135f6c76754b36c0058612b0d3d10b0623f25d9553b7787a45eacba537f21c,b38da76a0bf8f72e59074e4463b94231f873a1ddf7c027778214fc73daff29f4,c2aa0aff5c68e774e7479b08e154497a8dd8a2570112001ddc9d703ee9a70fea,FALSE,FALSE,FALSE,FALSE,FALSE,FALSE,FALSE,FALSE,0,0,0,0,0,0,0,0,e8c2c3714dfad8ccb787de83956aff6eadd8f5bf3b515e0083ff8aeca241ab2d,e8c2c3714dfad8ccb787de83956aff6eadd8f5bf3b515e0083ff8aeca241ab2d,TRUE
candidate,6,measure,1,pattern,dense_prefix256,3,plain,1,pair_equal,1,typed_double,1,1000000,924,256,256,256,4f6a42db5f898f2e6efd550a2d023a17ce9371fa2066ce4c64161c3c65910d42,8e7d65946f89b9de8cc4ad79f7b41348385676a0e384783713e3c574e5a973e1,0.275,0.275,5d23c30edb36be379a1183ab160899e39eb289b4ed2e7bad429d4d587093acf9,7672490e19c58995dd8bc09ade0a2a8bcde6085cc76a95e6a2a68b700e661547,7ad9ebcd9fd58eff5f70a27811844becf76962710b946a5e3414bd2a554f6e91,FALSE,FALSE,FALSE,FALSE,FALSE,FALSE,FALSE,FALSE,0,0,0,0,0,0,0,0,e8c2c3714dfad8ccb787de83956aff6eadd8f5bf3b515e0083ff8aeca241ab2d,e8c2c3714dfad8ccb787de83956aff6eadd8f5bf3b515e0083ff8aeca241ab2d,TRUE
candidate,6,measure,1,pattern,dense_prefix256,3,plain,1,pair_equal,1,compact,2,1000000,2344,256,256,256,4f6a42db5f898f2e6efd550a2d023a17ce9371fa2066ce4c64161c3c65910d42,8e7d65946f89b9de8cc4ad79f7b41348385676a0e384783713e3c574e5a973e1,0.333000000000001,0.331999999999999,5d23c30edb36be379a1183ab160899e39eb289b4ed2e7bad429d4d587093acf9,7672490e19c58995dd8bc09ade0a2a8bcde6085cc76a95e6a2a68b700e661547,7ad9ebcd9fd58eff5f70a27811844becf76962710b946a5e3414bd2a554f6e91,TRUE,TRUE,FALSE,FALSE,TRUE,TRUE,FALSE,FALSE,0,0,0,0,0,0,0,0,0418a77b7087897a0ead6e10b9da2953bfee2ad9da1470ca98b7664e364a3024,0418a77b7087897a0ead6e10b9da2953bfee2ad9da1470ca98b7664e364a3024,TRUE
candidate,6,measure,1,pattern,dense_prefix256,3,plain,1,pair_less,2,compact,1,1000000,2344,256,256,256,4f6a42db5f898f2e6efd550a2d023a17ce9371fa2066ce4c64161c3c65910d42,8e7d65946f89b9de8cc4ad79f7b41348385676a0e384783713e3c574e5a973e1,0.315999999999999,0.317,b030522d8463f26081839ac76baf882c6b1df334d2181db64107e72c14bee064,7672490e19c58995dd8bc09ade0a2a8bcde6085cc76a95e6a2a68b700e661547,7ad9ebcd9fd58eff5f70a27811844becf76962710b946a5e3414bd2a554f6e91,TRUE,TRUE,FALSE,FALSE,TRUE,TRUE,FALSE,FALSE,0,0,0,0,0,0,0,0,0418a77b7087897a0ead6e10b9da2953bfee2ad9da1470ca98b7664e364a3024,0418a77b7087897a0ead6e10b9da2953bfee2ad9da1470ca98b7664e364a3024,TRUE
candidate,6,measure,1,pattern,dense_prefix256,3,plain,1,pair_less,2,typed_double,2,1000000,933,256,256,256,4f6a42db5f898f2e6efd550a2d023a17ce9371fa2066ce4c64161c3c65910d42,8e7d65946f89b9de8cc4ad79f7b41348385676a0e384783713e3c574e5a973e1,0.292,0.292999999999999,b030522d8463f26081839ac76baf882c6b1df334d2181db64107e72c14bee064,7672490e19c58995dd8bc09ade0a2a8bcde6085cc76a95e6a2a68b700e661547,7ad9ebcd9fd58eff5f70a27811844becf76962710b946a5e3414bd2a554f6e91,FALSE,FALSE,FALSE,FALSE,FALSE,FALSE,FALSE,FALSE,0,0,0,0,0,0,0,0,e8c2c3714dfad8ccb787de83956aff6eadd8f5bf3b515e0083ff8aeca241ab2d,e8c2c3714dfad8ccb787de83956aff6eadd8f5bf3b515e0083ff8aeca241ab2d,TRUE
candidate,6,measure,1,pattern,dense_prefix256,3,retained,2,pair_equal,1,typed_double,1,1000000,1014,256,256,256,4f6a42db5f898f2e6efd550a2d023a17ce9371fa2066ce4c64161c3c65910d42,8e7d65946f89b9de8cc4ad79f7b41348385676a0e384783713e3c574e5a973e1,0.301000000000001,0.301,5d23c30edb36be379a1183ab160899e39eb289b4ed2e7bad429d4d587093acf9,7672490e19c58995dd8bc09ade0a2a8bcde6085cc76a95e6a2a68b700e661547,7ad9ebcd9fd58eff5f70a27811844becf76962710b946a5e3414bd2a554f6e91,FALSE,FALSE,FALSE,FALSE,FALSE,FALSE,FALSE,FALSE,0,0,0,0,0,0,0,0,e8c2c3714dfad8ccb787de83956aff6eadd8f5bf3b515e0083ff8aeca241ab2d,e8c2c3714dfad8ccb787de83956aff6eadd8f5bf3b515e0083ff8aeca241ab2d,TRUE
candidate,6,measure,1,pattern,dense_prefix256,3,retained,2,pair_equal,1,compact,2,1000000,1839,256,256,256,4f6a42db5f898f2e6efd550a2d023a17ce9371fa2066ce4c64161c3c65910d42,8e7d65946f89b9de8cc4ad79f7b41348385676a0e384783713e3c574e5a973e1,0.314,0.315,5d23c30edb36be379a1183ab160899e39eb289b4ed2e7bad429d4d587093acf9,7672490e19c58995dd8bc09ade0a2a8bcde6085cc76a95e6a2a68b700e661547,7ad9ebcd9fd58eff5f70a27811844becf76962710b946a5e3414bd2a554f6e91,TRUE,TRUE,FALSE,FALSE,TRUE,TRUE,FALSE,FALSE,1,1,1,1,123,123,62,62,0418a77b7087897a0ead6e10b9da2953bfee2ad9da1470ca98b7664e364a3024,0418a77b7087897a0ead6e10b9da2953bfee2ad9da1470ca98b7664e364a3024,TRUE
candidate,6,measure,1,pattern,dense_prefix256,3,retained,2,pair_less,2,compact,1,1000000,1839,256,256,256,4f6a42db5f898f2e6efd550a2d023a17ce9371fa2066ce4c64161c3c65910d42,8e7d65946f89b9de8cc4ad79f7b41348385676a0e384783713e3c574e5a973e1,0.334999999999999,0.335000000000001,b030522d8463f26081839ac76baf882c6b1df334d2181db64107e72c14bee064,7672490e19c58995dd8bc09ade0a2a8bcde6085cc76a95e6a2a68b700e661547,7ad9ebcd9fd58eff5f70a27811844becf76962710b946a5e3414bd2a554f6e91,TRUE,TRUE,FALSE,FALSE,TRUE,TRUE,FALSE,FALSE,1,1,1,1,123,123,62,62,0418a77b7087897a0ead6e10b9da2953bfee2ad9da1470ca98b7664e364a3024,0418a77b7087897a0ead6e10b9da2953bfee2ad9da1470ca98b7664e364a3024,TRUE
candidate,6,measure,1,pattern,dense_prefix256,3,retained,2,pair_less,2,typed_double,2,1000000,1014,256,256,256,4f6a42db5f898f2e6efd550a2d023a17ce9371fa2066ce4c64161c3c65910d42,8e7d65946f89b9de8cc4ad79f7b41348385676a0e384783713e3c574e5a973e1,0.325,0.324,b030522d8463f26081839ac76baf882c6b1df334d2181db64107e72c14bee064,7672490e19c58995dd8bc09ade0a2a8bcde6085cc76a95e6a2a68b700e661547,7ad9ebcd9fd58eff5f70a27811844becf76962710b946a5e3414bd2a554f6e91,FALSE,FALSE,FALSE,FALSE,FALSE,FALSE,FALSE,FALSE,0,0,0,0,0,0,0,0,e8c2c3714dfad8ccb787de83956aff6eadd8f5bf3b515e0083ff8aeca241ab2d,e8c2c3714dfad8ccb787de83956aff6eadd8f5bf3b515e0083ff8aeca241ab2d,TRUE
baseline,6,measure,1,pattern,alternating64,1,plain,1,pair_equal,1,typed_double,1,1000000,469,500032,500032,500032,1682e50519c39e20ec73d311cfa7aa489a3c47fc736c77327945a71ddd43692c,1dfca270c18c81168bbc33ba5a5af04d5b0774edc64dc596f58860df56fc6bf0,0.316,0.315,e1e3b56690bef3056ca9f14d5f0d35de2f27f5a263ba2bd045796d4f543d1dd9,d76bb99d8569756afc3037340cd537fe570c8640b3de270bc21954b6511dea41,a91324783d1b7796e4fd78557e66a82bd4d09b9b371f847a9d4a5272bd3aa99a,FALSE,FALSE,FALSE,FALSE,FALSE,FALSE,FALSE,FALSE,0,0,0,0,0,0,0,0,e8c2c3714dfad8ccb787de83956aff6eadd8f5bf3b515e0083ff8aeca241ab2d,e8c2c3714dfad8ccb787de83956aff6eadd8f5bf3b515e0083ff8aeca241ab2d,TRUE
baseline,6,measure,1,pattern,alternating64,1,plain,1,pair_equal,1,compact,2,1000000,972,500032,500032,500032,1682e50519c39e20ec73d311cfa7aa489a3c47fc736c77327945a71ddd43692c,1dfca270c18c81168bbc33ba5a5af04d5b0774edc64dc596f58860df56fc6bf0,0.317,0.316,e1e3b56690bef3056ca9f14d5f0d35de2f27f5a263ba2bd045796d4f543d1dd9,d76bb99d8569756afc3037340cd537fe570c8640b3de270bc21954b6511dea41,a91324783d1b7796e4fd78557e66a82bd4d09b9b371f847a9d4a5272bd3aa99a,TRUE,TRUE,FALSE,FALSE,TRUE,TRUE,FALSE,FALSE,0,0,0,0,0,0,0,0,0418a77b7087897a0ead6e10b9da2953bfee2ad9da1470ca98b7664e364a3024,0418a77b7087897a0ead6e10b9da2953bfee2ad9da1470ca98b7664e364a3024,TRUE
baseline,6,measure,1,pattern,alternating64,1,plain,1,pair_less,2,compact,1,1000000,902,500032,500032,500032,1682e50519c39e20ec73d311cfa7aa489a3c47fc736c77327945a71ddd43692c,1dfca270c18c81168bbc33ba5a5af04d5b0774edc64dc596f58860df56fc6bf0,0.279,0.279,fea3a0c37b9da2e4cba4a29520bbd89d3892e1ce9fd8ac43b87fe680ae163cd6,d76bb99d8569756afc3037340cd537fe570c8640b3de270bc21954b6511dea41,a91324783d1b7796e4fd78557e66a82bd4d09b9b371f847a9d4a5272bd3aa99a,TRUE,TRUE,FALSE,FALSE,TRUE,TRUE,FALSE,FALSE,0,0,0,0,0,0,0,0,0418a77b7087897a0ead6e10b9da2953bfee2ad9da1470ca98b7664e364a3024,0418a77b7087897a0ead6e10b9da2953bfee2ad9da1470ca98b7664e364a3024,TRUE
baseline,6,measure,1,pattern,alternating64,1,plain,1,pair_less,2,typed_double,2,1000000,494,500032,500032,500032,1682e50519c39e20ec73d311cfa7aa489a3c47fc736c77327945a71ddd43692c,1dfca270c18c81168bbc33ba5a5af04d5b0774edc64dc596f58860df56fc6bf0,0.314,0.314,fea3a0c37b9da2e4cba4a29520bbd89d3892e1ce9fd8ac43b87fe680ae163cd6,d76bb99d8569756afc3037340cd537fe570c8640b3de270bc21954b6511dea41,a91324783d1b7796e4fd78557e66a82bd4d09b9b371f847a9d4a5272bd3aa99a,FALSE,FALSE,FALSE,FALSE,FALSE,FALSE,FALSE,FALSE,0,0,0,0,0,0,0,0,e8c2c3714dfad8ccb787de83956aff6eadd8f5bf3b515e0083ff8aeca241ab2d,e8c2c3714dfad8ccb787de83956aff6eadd8f5bf3b515e0083ff8aeca241ab2d,TRUE
baseline,6,measure,1,pattern,alternating64,1,retained,2,pair_equal,1,typed_double,1,1000000,475,500032,500032,500032,1682e50519c39e20ec73d311cfa7aa489a3c47fc736c77327945a71ddd43692c,1dfca270c18c81168bbc33ba5a5af04d5b0774edc64dc596f58860df56fc6bf0,0.3,0.299,e1e3b56690bef3056ca9f14d5f0d35de2f27f5a263ba2bd045796d4f543d1dd9,d76bb99d8569756afc3037340cd537fe570c8640b3de270bc21954b6511dea41,a91324783d1b7796e4fd78557e66a82bd4d09b9b371f847a9d4a5272bd3aa99a,FALSE,FALSE,FALSE,FALSE,FALSE,FALSE,FALSE,FALSE,0,0,0,0,0,0,0,0,e8c2c3714dfad8ccb787de83956aff6eadd8f5bf3b515e0083ff8aeca241ab2d,e8c2c3714dfad8ccb787de83956aff6eadd8f5bf3b515e0083ff8aeca241ab2d,TRUE
baseline,6,measure,1,pattern,alternating64,1,retained,2,pair_equal,1,compact,2,1000000,658,500032,500032,500032,1682e50519c39e20ec73d311cfa7aa489a3c47fc736c77327945a71ddd43692c,1dfca270c18c81168bbc33ba5a5af04d5b0774edc64dc596f58860df56fc6bf0,0.317,0.316,e1e3b56690bef3056ca9f14d5f0d35de2f27f5a263ba2bd045796d4f543d1dd9,d76bb99d8569756afc3037340cd537fe570c8640b3de270bc21954b6511dea41,a91324783d1b7796e4fd78557e66a82bd4d09b9b371f847a9d4a5272bd3aa99a,TRUE,TRUE,FALSE,FALSE,TRUE,TRUE,FALSE,FALSE,1,1,1,1,123,123,62,62,0418a77b7087897a0ead6e10b9da2953bfee2ad9da1470ca98b7664e364a3024,0418a77b7087897a0ead6e10b9da2953bfee2ad9da1470ca98b7664e364a3024,TRUE
baseline,6,measure,1,pattern,alternating64,1,retained,2,pair_less,2,compact,1,1000000,647,500032,500032,500032,1682e50519c39e20ec73d311cfa7aa489a3c47fc736c77327945a71ddd43692c,1dfca270c18c81168bbc33ba5a5af04d5b0774edc64dc596f58860df56fc6bf0,0.312,0.313000000000001,fea3a0c37b9da2e4cba4a29520bbd89d3892e1ce9fd8ac43b87fe680ae163cd6,d76bb99d8569756afc3037340cd537fe570c8640b3de270bc21954b6511dea41,a91324783d1b7796e4fd78557e66a82bd4d09b9b371f847a9d4a5272bd3aa99a,TRUE,TRUE,FALSE,FALSE,TRUE,TRUE,FALSE,FALSE,1,1,1,1,123,123,62,62,0418a77b7087897a0ead6e10b9da2953bfee2ad9da1470ca98b7664e364a3024,0418a77b7087897a0ead6e10b9da2953bfee2ad9da1470ca98b7664e364a3024,TRUE
baseline,6,measure,1,pattern,alternating64,1,retained,2,pair_less,2,typed_double,2,1000000,494,500032,500032,500032,1682e50519c39e20ec73d311cfa7aa489a3c47fc736c77327945a71ddd43692c,1dfca270c18c81168bbc33ba5a5af04d5b0774edc64dc596f58860df56fc6bf0,0.3,0.301,fea3a0c37b9da2e4cba4a29520bbd89d3892e1ce9fd8ac43b87fe680ae163cd6,d76bb99d8569756afc3037340cd537fe570c8640b3de270bc21954b6511dea41,a91324783d1b7796e4fd78557e66a82bd4d09b9b371f847a9d4a5272bd3aa99a,FALSE,FALSE,FALSE,FALSE,FALSE,FALSE,FALSE,FALSE,0,0,0,0,0,0,0,0,e8c2c3714dfad8ccb787de83956aff6eadd8f5bf3b515e0083ff8aeca241ab2d,e8c2c3714dfad8ccb787de83956aff6eadd8f5bf3b515e0083ff8aeca241ab2d,TRUE
baseline,6,measure,1,pattern,dense_suffix256,2,retained,1,pair_equal,1,typed_double,1,1000000,977,256,256,256,9381174d5a5c0056365a99d2e08f017e8e0fb6180967a7e6d7598196faa41fe2,4adf2390d7d2014e5ffa38462029cccd9eb5d08c60aced7e63aef1d325349cfc,0.276,0.276000000000001,8355ee3a7328986cdf138af94ec134e1f480f883973eeb98807b9973492b5cc7,b38da76a0bf8f72e59074e4463b94231f873a1ddf7c027778214fc73daff29f4,c2aa0aff5c68e774e7479b08e154497a8dd8a2570112001ddc9d703ee9a70fea,FALSE,FALSE,FALSE,FALSE,FALSE,FALSE,FALSE,FALSE,0,0,0,0,0,0,0,0,e8c2c3714dfad8ccb787de83956aff6eadd8f5bf3b515e0083ff8aeca241ab2d,e8c2c3714dfad8ccb787de83956aff6eadd8f5bf3b515e0083ff8aeca241ab2d,TRUE
baseline,6,measure,1,pattern,dense_suffix256,2,retained,1,pair_equal,1,compact,2,1000000,1894,256,256,256,9381174d5a5c0056365a99d2e08f017e8e0fb6180967a7e6d7598196faa41fe2,4adf2390d7d2014e5ffa38462029cccd9eb5d08c60aced7e63aef1d325349cfc,0.318,0.317,8355ee3a7328986cdf138af94ec134e1f480f883973eeb98807b9973492b5cc7,b38da76a0bf8f72e59074e4463b94231f873a1ddf7c027778214fc73daff29f4,c2aa0aff5c68e774e7479b08e154497a8dd8a2570112001ddc9d703ee9a70fea,TRUE,TRUE,FALSE,FALSE,TRUE,TRUE,FALSE,FALSE,1,1,1,1,123,123,62,62,0418a77b7087897a0ead6e10b9da2953bfee2ad9da1470ca98b7664e364a3024,0418a77b7087897a0ead6e10b9da2953bfee2ad9da1470ca98b7664e364a3024,TRUE
baseline,6,measure,1,pattern,dense_suffix256,2,retained,1,pair_less,2,compact,1,1000000,1875,256,256,256,9381174d5a5c0056365a99d2e08f017e8e0fb6180967a7e6d7598196faa41fe2,4adf2390d7d2014e5ffa38462029cccd9eb5d08c60aced7e63aef1d325349cfc,0.301,0.3,5b135f6c76754b36c0058612b0d3d10b0623f25d9553b7787a45eacba537f21c,b38da76a0bf8f72e59074e4463b94231f873a1ddf7c027778214fc73daff29f4,c2aa0aff5c68e774e7479b08e154497a8dd8a2570112001ddc9d703ee9a70fea,TRUE,TRUE,FALSE,FALSE,TRUE,TRUE,FALSE,FALSE,1,1,1,1,123,123,62,62,0418a77b7087897a0ead6e10b9da2953bfee2ad9da1470ca98b7664e364a3024,0418a77b7087897a0ead6e10b9da2953bfee2ad9da1470ca98b7664e364a3024,TRUE
baseline,6,measure,1,pattern,dense_suffix256,2,retained,1,pair_less,2,typed_double,2,1000000,1054,256,256,256,9381174d5a5c0056365a99d2e08f017e8e0fb6180967a7e6d7598196faa41fe2,4adf2390d7d2014e5ffa38462029cccd9eb5d08c60aced7e63aef1d325349cfc,0.318,0.318,5b135f6c76754b36c0058612b0d3d10b0623f25d9553b7787a45eacba537f21c,b38da76a0bf8f72e59074e4463b94231f873a1ddf7c027778214fc73daff29f4,c2aa0aff5c68e774e7479b08e154497a8dd8a2570112001ddc9d703ee9a70fea,FALSE,FALSE,FALSE,FALSE,FALSE,FALSE,FALSE,FALSE,0,0,0,0,0,0,0,0,e8c2c3714dfad8ccb787de83956aff6eadd8f5bf3b515e0083ff8aeca241ab2d,e8c2c3714dfad8ccb787de83956aff6eadd8f5bf3b515e0083ff8aeca241ab2d,TRUE
baseline,6,measure,1,pattern,dense_suffix256,2,plain,2,pair_equal,1,typed_double,1,1000000,1066,256,256,256,9381174d5a5c0056365a99d2e08f017e8e0fb6180967a7e6d7598196faa41fe2,4adf2390d7d2014e5ffa38462029cccd9eb5d08c60aced7e63aef1d325349cfc,0.303000000000001,0.302,8355ee3a7328986cdf138af94ec134e1f480f883973eeb98807b9973492b5cc7,b38da76a0bf8f72e59074e4463b94231f873a1ddf7c027778214fc73daff29f4,c2aa0aff5c68e774e7479b08e154497a8dd8a2570112001ddc9d703ee9a70fea,FALSE,FALSE,FALSE,FALSE,FALSE,FALSE,FALSE,FALSE,0,0,0,0,0,0,0,0,e8c2c3714dfad8ccb787de83956aff6eadd8f5bf3b515e0083ff8aeca241ab2d,e8c2c3714dfad8ccb787de83956aff6eadd8f5bf3b515e0083ff8aeca241ab2d,TRUE
baseline,6,measure,1,pattern,dense_suffix256,2,plain,2,pair_equal,1,compact,2,1000000,2501,256,256,256,9381174d5a5c0056365a99d2e08f017e8e0fb6180967a7e6d7598196faa41fe2,4adf2390d7d2014e5ffa38462029cccd9eb5d08c60aced7e63aef1d325349cfc,0.32,0.319999999999999,8355ee3a7328986cdf138af94ec134e1f480f883973eeb98807b9973492b5cc7,b38da76a0bf8f72e59074e4463b94231f873a1ddf7c027778214fc73daff29f4,c2aa0aff5c68e774e7479b08e154497a8dd8a2570112001ddc9d703ee9a70fea,TRUE,TRUE,FALSE,FALSE,TRUE,TRUE,FALSE,FALSE,0,0,0,0,0,0,0,0,0418a77b7087897a0ead6e10b9da2953bfee2ad9da1470ca98b7664e364a3024,0418a77b7087897a0ead6e10b9da2953bfee2ad9da1470ca98b7664e364a3024,TRUE
baseline,6,measure,1,pattern,dense_suffix256,2,plain,2,pair_less,2,compact,1,1000000,2436,256,256,256,9381174d5a5c0056365a99d2e08f017e8e0fb6180967a7e6d7598196faa41fe2,4adf2390d7d2014e5ffa38462029cccd9eb5d08c60aced7e63aef1d325349cfc,0.311999999999999,0.312000000000001,5b135f6c76754b36c0058612b0d3d10b0623f25d9553b7787a45eacba537f21c,b38da76a0bf8f72e59074e4463b94231f873a1ddf7c027778214fc73daff29f4,c2aa0aff5c68e774e7479b08e154497a8dd8a2570112001ddc9d703ee9a70fea,TRUE,TRUE,FALSE,FALSE,TRUE,TRUE,FALSE,FALSE,0,0,0,0,0,0,0,0,0418a77b7087897a0ead6e10b9da2953bfee2ad9da1470ca98b7664e364a3024,0418a77b7087897a0ead6e10b9da2953bfee2ad9da1470ca98b7664e364a3024,TRUE
baseline,6,measure,1,pattern,dense_suffix256,2,plain,2,pair_less,2,typed_double,2,1000000,1054,256,256,256,9381174d5a5c0056365a99d2e08f017e8e0fb6180967a7e6d7598196faa41fe2,4adf2390d7d2014e5ffa38462029cccd9eb5d08c60aced7e63aef1d325349cfc,0.299,0.301,5b135f6c76754b36c0058612b0d3d10b0623f25d9553b7787a45eacba537f21c,b38da76a0bf8f72e59074e4463b94231f873a1ddf7c027778214fc73daff29f4,c2aa0aff5c68e774e7479b08e154497a8dd8a2570112001ddc9d703ee9a70fea,FALSE,FALSE,FALSE,FALSE,FALSE,FALSE,FALSE,FALSE,0,0,0,0,0,0,0,0,e8c2c3714dfad8ccb787de83956aff6eadd8f5bf3b515e0083ff8aeca241ab2d,e8c2c3714dfad8ccb787de83956aff6eadd8f5bf3b515e0083ff8aeca241ab2d,TRUE
baseline,6,measure,1,pattern,dense_prefix256,3,plain,1,pair_equal,1,typed_double,1,1000000,1031,256,256,256,4f6a42db5f898f2e6efd550a2d023a17ce9371fa2066ce4c64161c3c65910d42,8e7d65946f89b9de8cc4ad79f7b41348385676a0e384783713e3c574e5a973e1,0.299,0.299,5d23c30edb36be379a1183ab160899e39eb289b4ed2e7bad429d4d587093acf9,7672490e19c58995dd8bc09ade0a2a8bcde6085cc76a95e6a2a68b700e661547,7ad9ebcd9fd58eff5f70a27811844becf76962710b946a5e3414bd2a554f6e91,FALSE,FALSE,FALSE,FALSE,FALSE,FALSE,FALSE,FALSE,0,0,0,0,0,0,0,0,e8c2c3714dfad8ccb787de83956aff6eadd8f5bf3b515e0083ff8aeca241ab2d,e8c2c3714dfad8ccb787de83956aff6eadd8f5bf3b515e0083ff8aeca241ab2d,TRUE
baseline,6,measure,1,pattern,dense_prefix256,3,plain,1,pair_equal,1,compact,2,1000000,682,256,256,256,4f6a42db5f898f2e6efd550a2d023a17ce9371fa2066ce4c64161c3c65910d42,8e7d65946f89b9de8cc4ad79f7b41348385676a0e384783713e3c574e5a973e1,0.297000000000001,0.295999999999999,5d23c30edb36be379a1183ab160899e39eb289b4ed2e7bad429d4d587093acf9,7672490e19c58995dd8bc09ade0a2a8bcde6085cc76a95e6a2a68b700e661547,7ad9ebcd9fd58eff5f70a27811844becf76962710b946a5e3414bd2a554f6e91,TRUE,TRUE,FALSE,FALSE,TRUE,TRUE,FALSE,FALSE,0,0,0,0,0,0,0,0,0418a77b7087897a0ead6e10b9da2953bfee2ad9da1470ca98b7664e364a3024,0418a77b7087897a0ead6e10b9da2953bfee2ad9da1470ca98b7664e364a3024,TRUE
baseline,6,measure,1,pattern,dense_prefix256,3,plain,1,pair_less,2,compact,1,1000000,695,256,256,256,4f6a42db5f898f2e6efd550a2d023a17ce9371fa2066ce4c64161c3c65910d42,8e7d65946f89b9de8cc4ad79f7b41348385676a0e384783713e3c574e5a973e1,0.303,0.302999999999999,b030522d8463f26081839ac76baf882c6b1df334d2181db64107e72c14bee064,7672490e19c58995dd8bc09ade0a2a8bcde6085cc76a95e6a2a68b700e661547,7ad9ebcd9fd58eff5f70a27811844becf76962710b946a5e3414bd2a554f6e91,TRUE,TRUE,FALSE,FALSE,TRUE,TRUE,FALSE,FALSE,0,0,0,0,0,0,0,0,0418a77b7087897a0ead6e10b9da2953bfee2ad9da1470ca98b7664e364a3024,0418a77b7087897a0ead6e10b9da2953bfee2ad9da1470ca98b7664e364a3024,TRUE
baseline,6,measure,1,pattern,dense_prefix256,3,plain,1,pair_less,2,typed_double,2,1000000,943,256,256,256,4f6a42db5f898f2e6efd550a2d023a17ce9371fa2066ce4c64161c3c65910d42,8e7d65946f89b9de8cc4ad79f7b41348385676a0e384783713e3c574e5a973e1,0.276,0.275,b030522d8463f26081839ac76baf882c6b1df334d2181db64107e72c14bee064,7672490e19c58995dd8bc09ade0a2a8bcde6085cc76a95e6a2a68b700e661547,7ad9ebcd9fd58eff5f70a27811844becf76962710b946a5e3414bd2a554f6e91,FALSE,FALSE,FALSE,FALSE,FALSE,FALSE,FALSE,FALSE,0,0,0,0,0,0,0,0,e8c2c3714dfad8ccb787de83956aff6eadd8f5bf3b515e0083ff8aeca241ab2d,e8c2c3714dfad8ccb787de83956aff6eadd8f5bf3b515e0083ff8aeca241ab2d,TRUE
baseline,6,measure,1,pattern,dense_prefix256,3,retained,2,pair_equal,1,typed_double,1,1000000,1036,256,256,256,4f6a42db5f898f2e6efd550a2d023a17ce9371fa2066ce4c64161c3c65910d42,8e7d65946f89b9de8cc4ad79f7b41348385676a0e384783713e3c574e5a973e1,0.302,0.302000000000001,5d23c30edb36be379a1183ab160899e39eb289b4ed2e7bad429d4d587093acf9,7672490e19c58995dd8bc09ade0a2a8bcde6085cc76a95e6a2a68b700e661547,7ad9ebcd9fd58eff5f70a27811844becf76962710b946a5e3414bd2a554f6e91,FALSE,FALSE,FALSE,FALSE,FALSE,FALSE,FALSE,FALSE,0,0,0,0,0,0,0,0,e8c2c3714dfad8ccb787de83956aff6eadd8f5bf3b515e0083ff8aeca241ab2d,e8c2c3714dfad8ccb787de83956aff6eadd8f5bf3b515e0083ff8aeca241ab2d,TRUE
baseline,6,measure,1,pattern,dense_prefix256,3,retained,2,pair_equal,1,compact,2,1000000,1857,256,256,256,4f6a42db5f898f2e6efd550a2d023a17ce9371fa2066ce4c64161c3c65910d42,8e7d65946f89b9de8cc4ad79f7b41348385676a0e384783713e3c574e5a973e1,0.315,0.316000000000001,5d23c30edb36be379a1183ab160899e39eb289b4ed2e7bad429d4d587093acf9,7672490e19c58995dd8bc09ade0a2a8bcde6085cc76a95e6a2a68b700e661547,7ad9ebcd9fd58eff5f70a27811844becf76962710b946a5e3414bd2a554f6e91,TRUE,TRUE,FALSE,FALSE,TRUE,TRUE,FALSE,FALSE,1,1,1,1,123,123,62,62,0418a77b7087897a0ead6e10b9da2953bfee2ad9da1470ca98b7664e364a3024,0418a77b7087897a0ead6e10b9da2953bfee2ad9da1470ca98b7664e364a3024,TRUE
baseline,6,measure,1,pattern,dense_prefix256,3,retained,2,pair_less,2,compact,1,1000000,1857,256,256,256,4f6a42db5f898f2e6efd550a2d023a17ce9371fa2066ce4c64161c3c65910d42,8e7d65946f89b9de8cc4ad79f7b41348385676a0e384783713e3c574e5a973e1,0.316000000000001,0.316999999999998,b030522d8463f26081839ac76baf882c6b1df334d2181db64107e72c14bee064,7672490e19c58995dd8bc09ade0a2a8bcde6085cc76a95e6a2a68b700e661547,7ad9ebcd9fd58eff5f70a27811844becf76962710b946a5e3414bd2a554f6e91,TRUE,TRUE,FALSE,FALSE,TRUE,TRUE,FALSE,FALSE,1,1,1,1,123,123,62,62,0418a77b7087897a0ead6e10b9da2953bfee2ad9da1470ca98b7664e364a3024,0418a77b7087897a0ead6e10b9da2953bfee2ad9da1470ca98b7664e364a3024,TRUE
baseline,6,measure,1,pattern,dense_prefix256,3,retained,2,pair_less,2,typed_double,2,1000000,1031,256,256,256,4f6a42db5f898f2e6efd550a2d023a17ce9371fa2066ce4c64161c3c65910d42,8e7d65946f89b9de8cc4ad79f7b41348385676a0e384783713e3c574e5a973e1,0.301000000000001,0.300000000000001,b030522d8463f26081839ac76baf882c6b1df334d2181db64107e72c14bee064,7672490e19c58995dd8bc09ade0a2a8bcde6085cc76a95e6a2a68b700e661547,7ad9ebcd9fd58eff5f70a27811844becf76962710b946a5e3414bd2a554f6e91,FALSE,FALSE,FALSE,FALSE,FALSE,FALSE,FALSE,FALSE,0,0,0,0,0,0,0,0,e8c2c3714dfad8ccb787de83956aff6eadd8f5bf3b515e0083ff8aeca241ab2d,e8c2c3714dfad8ccb787de83956aff6eadd8f5bf3b515e0083ff8aeca241ab2d,TRUE
