"label","n","width","groups","mode","scenario","engine","sample","us","gc_seconds"
"merged-main",100,2,1,"plain","scalar","dplyr_plain",1,438.782037235796,0
"merged-main",100,2,1,"plain","scalar","repl",1,402.619945816696,0
"merged-main",100,2,1,"plain","scalar","dplyr_dibble",1,613.974989391863,0
"merged-main",100,2,1,"plain","scalar","dibble_bracket",1,466.867000795901,0
"merged-main",100,2,1,"plain","scalar","data_table_plain",1,208.689947612584,0
"merged-main",100,2,1,"plain","scalar","data_table_plain",2,226.074014790356,0
"merged-main",100,2,1,"plain","scalar","dibble_bracket",2,443.579046986997,0
"merged-main",100,2,1,"plain","scalar","dplyr_plain",2,386.507017537951,0
"merged-main",100,2,1,"plain","scalar","repl",2,335.379969328642,0
"merged-main",100,2,1,"plain","scalar","dplyr_dibble",2,644.438085146248,0
"merged-main",100,2,1,"plain","scalar","dplyr_plain",3,385.481980629265,0
"merged-main",100,2,1,"plain","scalar","repl",3,371.131929568946,0
"merged-main",100,2,1,"plain","scalar","dplyr_dibble",3,638.903002254665,0
"merged-main",100,2,1,"plain","scalar","data_table_plain",3,200.530979782343,0
"merged-main",100,2,1,"plain","scalar","dibble_bracket",3,450.917985290289,0
"merged-main",100,2,1,"plain","scalar","repl",4,326.359993778169,0
"merged-main",100,2,1,"plain","scalar","dibble_bracket",4,429.884996265173,0
"merged-main",100,2,1,"plain","scalar","data_table_plain",4,237.02101316303,0
"merged-main",100,2,1,"plain","scalar","dplyr_plain",4,407.33499918133,0
"merged-main",100,2,1,"plain","scalar","dplyr_dibble",4,663.461978547275,0
"merged-main",100,2,1,"plain","scalar","repl",5,357.929966412485,0
"merged-main",100,2,1,"plain","scalar","dplyr_dibble",5,659.525976516306,0
"merged-main",100,2,1,"plain","scalar","dibble_bracket",5,459.856004454195,0
"merged-main",100,2,1,"plain","scalar","data_table_plain",5,211.190897971392,0
"merged-main",100,2,1,"plain","scalar","dplyr_plain",5,379.413948394358,0
"merged-main",100,2,1,"plain","scalar","dplyr_dibble",6,615.327968262136,0
"merged-main",100,2,1,"plain","scalar","dibble_bracket",6,418.569077737629,0
"merged-main",100,2,1,"plain","scalar","repl",6,387.286068871617,0
"merged-main",100,2,1,"plain","scalar","dplyr_plain",6,405.694940127432,0
"merged-main",100,2,1,"plain","scalar","data_table_plain",6,202.703988179564,0
"merged-main",100,2,1,"plain","scalar","dplyr_dibble",7,630.907947197556,0
"merged-main",100,2,1,"plain","scalar","repl",7,390.68900514394,0
"merged-main",100,2,1,"plain","scalar","data_table_plain",7,238.948035985231,0
"merged-main",100,2,1,"plain","scalar","dibble_bracket",7,488.925026729703,0
"merged-main",100,2,1,"plain","scalar","dplyr_plain",7,434.518093243241,0
"merged-main",100,2,1,"plain","scalar","dibble_bracket",8,418.609939515591,0
"merged-main",100,2,1,"plain","scalar","repl",8,442.185089923441,0
"merged-main",100,2,1,"plain","scalar","data_table_plain",8,190.199003554881,0
"merged-main",100,2,1,"plain","scalar","dplyr_dibble",8,882.44304060936,0
"merged-main",100,2,1,"plain","scalar","dplyr_plain",8,358.093995600939,0
"merged-main",100,2,1,"plain","scalar","data_table_plain",9,196.718028746545,0
"merged-main",100,2,1,"plain","scalar","repl",9,320.989056490362,0
"merged-main",100,2,1,"plain","scalar","dibble_bracket",9,409.794971346855,0
"merged-main",100,2,1,"plain","scalar","dplyr_dibble",9,777.400913648307,0
"merged-main",100,2,1,"plain","scalar","dplyr_plain",9,383.39092861861,0
"merged-main",100,2,1,"plain","scalar","dplyr_dibble",10,635.992037132382,0
"merged-main",100,2,1,"plain","scalar","dplyr_plain",10,378.060969524086,0
"merged-main",100,2,1,"plain","scalar","data_table_plain",10,199.383008293808,0
"merged-main",100,2,1,"plain","scalar","repl",10,366.171007044613,0
"merged-main",100,2,1,"plain","scalar","dibble_bracket",10,558.952917344868,0
"merged-main",100,2,1,"plain","scalar","dplyr_dibble",11,735.540059395134,0
"merged-main",100,2,1,"plain","scalar","dibble_bracket",11,496.91996537149,0
"merged-main",100,2,1,"plain","scalar","repl",11,403.604004532099,0
"merged-main",100,2,1,"plain","scalar","dplyr_plain",11,364.08007144928,0
"merged-main",100,2,1,"plain","scalar","data_table_plain",11,211.929087527096,0
"merged-main",100,2,1,"plain","scalar","dplyr_plain",12,380.27495611459,0
"merged-main",100,2,1,"plain","scalar","repl",12,380.725949071348,0
"merged-main",100,2,1,"plain","scalar","data_table_plain",12,195.487984456122,0
"merged-main",100,2,1,"plain","scalar","dplyr_dibble",12,620.04302162677,0
"merged-main",100,2,1,"plain","scalar","dibble_bracket",12,423.0379126966,0
"merged-main",100,2,1,"plain","scalar","dibble_bracket",13,412.828987464309,0
"merged-main",100,2,1,"plain","scalar","data_table_plain",13,209.181918762624,0
"merged-main",100,2,1,"plain","scalar","repl",13,314.100994728506,0
"merged-main",100,2,1,"plain","scalar","dplyr_plain",13,432.919012382627,0
"merged-main",100,2,1,"plain","scalar","dplyr_dibble",13,687.610940076411,0
"merged-main",100,2,1,"plain","scalar","dplyr_dibble",14,712.498091161251,0
"merged-main",100,2,1,"plain","scalar","data_table_plain",14,237.143947742879,0
"merged-main",100,2,1,"plain","scalar","dplyr_plain",14,434.39504224807,0
"merged-main",100,2,1,"plain","scalar","dibble_bracket",14,469.244900159538,0
"merged-main",100,2,1,"plain","scalar","repl",14,389.868975616992,0
"merged-main",100,2,1,"plain","scalar","dplyr_plain",15,383.308972232044,0
"merged-main",100,2,1,"plain","scalar","dibble_bracket",15,523.078022524714,0
"merged-main",100,2,1,"plain","scalar","data_table_plain",15,214.061001315713,0
"merged-main",100,2,1,"plain","scalar","repl",15,381.874036975205,0
"merged-main",100,2,1,"plain","scalar","dplyr_dibble",15,686.995917931199,0
"merged-main",100,2,1,"plain","scalar","dplyr_dibble",16,631.563947536051,0
"merged-main",100,2,1,"plain","scalar","repl",16,342.595973052084,0
"merged-main",100,2,1,"plain","scalar","dplyr_plain",16,393.067020922899,0
"merged-main",100,2,1,"plain","scalar","data_table_plain",16,203.770003281534,0
"merged-main",100,2,1,"plain","scalar","dibble_bracket",16,502.167968079448,0
"merged-main",100,2,1,"plain","scalar","data_table_plain",17,209.058984182775,0
"merged-main",100,2,1,"plain","scalar","dibble_bracket",17,453.050015494227,0
"merged-main",100,2,1,"plain","scalar","dplyr_dibble",17,678.098993375897,0
"merged-main",100,2,1,"plain","scalar","dplyr_plain",17,401.430996134877,0
"merged-main",100,2,1,"plain","scalar","repl",17,349.770998582244,0
"merged-main",100,2,1,"plain","scalar","dibble_bracket",18,429.639010690153,0
"merged-main",100,2,1,"plain","scalar","dplyr_plain",18,376.42102688551,0
"merged-main",100,2,1,"plain","scalar","dplyr_dibble",18,642.305938526988,0
"merged-main",100,2,1,"plain","scalar","data_table_plain",18,195.406028069556,0
"merged-main",100,2,1,"plain","scalar","repl",18,338.987912982702,0
"merged-main",100,2,1,"plain","scalar","dplyr_dibble",19,995.069975033402,0
"merged-main",100,2,1,"plain","scalar","dibble_bracket",19,562.478904612362,0
"merged-main",100,2,1,"plain","scalar","dplyr_plain",19,381.177058443427,0
"merged-main",100,2,1,"plain","scalar","data_table_plain",19,209.387042559683,0
"merged-main",100,2,1,"plain","scalar","repl",19,423.243036493659,0
"merged-main",100,2,1,"plain","scalar","data_table_plain",20,202.867900952697,0
"merged-main",100,2,1,"plain","scalar","dplyr_dibble",20,654.360046610236,0
"merged-main",100,2,1,"plain","scalar","dibble_bracket",20,450.836028903723,0
"merged-main",100,2,1,"plain","scalar","dplyr_plain",20,479.248934425414,0
"merged-main",100,2,1,"plain","scalar","repl",20,344.399944879115,0
"merged-main",100,2,1,"plain","call","dplyr_dibble",1,654.89299595356,0
"merged-main",100,2,1,"plain","call","data_table_plain",1,198.972993530333,0
"merged-main",100,2,1,"plain","call","repl",1,421.72591201961,0
"merged-main",100,2,1,"plain","call","dplyr_plain",1,387.163017876446,0
"merged-main",100,2,1,"plain","call","dibble_bracket",1,460.635055787861,0
"merged-main",100,2,1,"plain","call","dplyr_plain",2,390.114961192012,0
"merged-main",100,2,1,"plain","call","repl",2,404.751976020634,0
"merged-main",100,2,1,"plain","call","dibble_bracket",2,581.174972467124,0
"merged-main",100,2,1,"plain","call","data_table_plain",2,277.85706333816,0
"merged-main",100,2,1,"plain","call","dplyr_dibble",2,662.190956063569,0
"merged-main",100,2,1,"plain","call","dplyr_dibble",3,648.292014375329,0
"merged-main",100,2,1,"plain","call","dibble_bracket",3,439.561088569462,0
"merged-main",100,2,1,"plain","call","repl",3,411.025015637279,0
"merged-main",100,2,1,"plain","call","data_table_plain",3,199.752044863999,0
"merged-main",100,2,1,"plain","call","dplyr_plain",3,393.682043068111,0
"merged-main",100,2,1,"plain","call","dplyr_dibble",4,647.47198484838,0
"merged-main",100,2,1,"plain","call","dibble_bracket",4,467.810081318021,0
"merged-main",100,2,1,"plain","call","dplyr_plain",4,404.628925025463,0
"merged-main",100,2,1,"plain","call","data_table_plain",4,218.078959733248,0
"merged-main",100,2,1,"plain","call","repl",4,404.014019295573,0
"merged-main",100,2,1,"plain","call","repl",5,407.294020988047,0
"merged-main",100,2,1,"plain","call","dplyr_dibble",5,686.586019583046,0
"merged-main",100,2,1,"plain","call","dibble_bracket",5,463.053933344781,0
"merged-main",100,2,1,"plain","call","dplyr_plain",5,399.954966269433,0
"merged-main",100,2,1,"plain","call","data_table_plain",5,217.38198120147,0
"merged-main",100,2,1,"plain","call","dplyr_dibble",6,679.861987009645,0
"merged-main",100,2,1,"plain","call","repl",6,413.525965996087,0
"merged-main",100,2,1,"plain","call","dibble_bracket",6,460.51200479269,0
"merged-main",100,2,1,"plain","call","data_table_plain",6,202.581053599715,0
"merged-main",100,2,1,"plain","call","dplyr_plain",6,363.957020454109,0
"merged-main",100,2,1,"plain","call","repl",7,453.78808863461,0
"merged-main",100,2,1,"plain","call","dibble_bracket",7,473.591033369303,0
"merged-main",100,2,1,"plain","call","dplyr_plain",7,466.867000795901,0
"merged-main",100,2,1,"plain","call","data_table_plain",7,260.637025348842,0
"merged-main",100,2,1,"plain","call","dplyr_dibble",7,798.310968093574,0
"merged-main",100,2,1,"plain","call","dplyr_dibble",8,811.389996670187,0
"merged-main",100,2,1,"plain","call","dibble_bracket",8,594.254001043737,0
"merged-main",100,2,1,"plain","call","repl",8,442.267046310008,0
"merged-main",100,2,1,"plain","call","dplyr_plain",8,380.97205106169,0
"merged-main",100,2,1,"plain","call","data_table_plain",8,204.057083465159,0
"merged-main",100,2,1,"plain","call","dplyr_plain",9,390.607048757374,0
"merged-main",100,2,1,"plain","call","repl",9,393.517897464335,0
"merged-main",100,2,1,"plain","call","data_table_plain",9,197.784043848515,0
"merged-main",100,2,1,"plain","call","dplyr_dibble",9,750.46403799206,0
"merged-main",100,2,1,"plain","call","dibble_bracket",9,443.784054368734,0
"merged-main",100,2,1,"plain","call","dplyr_plain",10,379.209057427943,0
"merged-main",100,2,1,"plain","call","dibble_bracket",10,458.70803296566,0
"merged-main",100,2,1,"plain","call","dplyr_dibble",10,661.903992295265,0
"merged-main",100,2,1,"plain","call","data_table_plain",10,242.350972257555,0
"merged-main",100,2,1,"plain","call","repl",10,419.593998230994,0
"merged-main",100,2,1,"plain","call","data_table_plain",11,215.208972804248,0
"merged-main",100,2,1,"plain","call","repl",11,417.831004597247,0
"merged-main",100,2,1,"plain","call","dplyr_dibble",11,700.1570193097,0
"merged-main",100,2,1,"plain","call","dplyr_plain",11,396.142015233636,0
"merged-main",100,2,1,"plain","call","dibble_bracket",11,468.014972284436,0
"merged-main",100,2,1,"plain","call","dplyr_plain",12,392.451998777688,0
"merged-main",100,2,1,"plain","call","dplyr_dibble",12,678.549986332655,0
"merged-main",100,2,1,"plain","call","repl",12,471.828039735556,0
"merged-main",100,2,1,"plain","call","dibble_bracket",12,483.799958601594,0
"merged-main",100,2,1,"plain","call","data_table_plain",12,208.567013032734,0
"merged-main",100,2,1,"plain","call","dibble_bracket",13,459.732953459024,0
"merged-main",100,2,1,"plain","call","data_table_plain",13,212.70802244544,0
"merged-main",100,2,1,"plain","call","dplyr_dibble",13,693.228095769882,0
"merged-main",100,2,1,"plain","call","repl",13,410.656095482409,0
"merged-main",100,2,1,"plain","call","dplyr_plain",13,414.715032093227,0
"merged-main",100,2,1,"plain","call","dplyr_dibble",14,760.385999456048,0
"merged-main",100,2,1,"plain","call","data_table_plain",14,326.319015584886,0
"merged-main",100,2,1,"plain","call","dibble_bracket",14,454.936060123146,0
"merged-main",100,2,1,"plain","call","dplyr_plain",14,381.094985641539,0
"merged-main",100,2,1,"plain","call","repl",14,413.567060604692,0
"merged-main",100,2,1,"plain","call","data_table_plain",15,227.426993660629,0
"merged-main",100,2,1,"plain","call","dplyr_dibble",15,682.978075928986,0
"merged-main",100,2,1,"plain","call","dplyr_plain",15,392.451998777688,0
"merged-main",100,2,1,"plain","call","dibble_bracket",15,460.51200479269,0
"merged-main",100,2,1,"plain","call","repl",15,420.495984144509,0
"merged-main",100,2,1,"plain","call","repl",16,407.990999519825,0
"merged-main",100,2,1,"plain","call","data_table_plain",16,214.881030842662,0
"merged-main",100,2,1,"plain","call","dplyr_dibble",16,692.941015586257,0
"merged-main",100,2,1,"plain","call","dibble_bracket",16,451.738014817238,0
"merged-main",100,2,1,"plain","call","dplyr_plain",16,484.456075355411,0
"merged-main",100,2,1,"plain","call","repl",17,592.942000366747,0
"merged-main",100,2,1,"plain","call","dplyr_plain",17,466.293073259294,0
"merged-main",100,2,1,"plain","call","dibble_bracket",17,567.522016353905,0
"merged-main",100,2,1,"plain","call","data_table_plain",17,252.805999480188,0
"merged-main",100,2,1,"plain","call","dplyr_dibble",17,773.997977375984,0
"merged-main",100,2,1,"plain","call","dplyr_plain",18,470.516039058566,0
"merged-main",100,2,1,"plain","call","repl",18,523.939030244946,0
"merged-main",100,2,1,"plain","call","data_table_plain",18,248.542055487633,0
"merged-main",100,2,1,"plain","call","dplyr_dibble",18,828.240998089314,0
"merged-main",100,2,1,"plain","call","dibble_bracket",18,548.621057532728,0
"merged-main",100,2,1,"plain","call","dibble_bracket",19,479.290029034019,0
"merged-main",100,2,1,"plain","call","dplyr_plain",19,378.10206413269,0
"merged-main",100,2,1,"plain","call","data_table_plain",19,206.107040867209,0
"merged-main",100,2,1,"plain","call","repl",19,479.290029034019,0
"merged-main",100,2,1,"plain","call","dplyr_dibble",19,713.68704084307,0
"merged-main",100,2,1,"plain","call","dplyr_dibble",20,654.64701037854,0
"merged-main",100,2,1,"plain","call","data_table_plain",20,202.786060981452,0
"merged-main",100,2,1,"plain","call","repl",20,432.795961387455,0
"merged-main",100,2,1,"plain","call","dibble_bracket",20,469.49100214988,0
"merged-main",100,2,1,"plain","call","dplyr_plain",20,389.336026273668,0
"merged-main",100,2,1,"plain","arithmetic","dplyr_dibble",1,664.568971842527,0
"merged-main",100,2,1,"plain","arithmetic","dplyr_plain",1,396.30604442209,0
"merged-main",100,2,1,"plain","arithmetic","data_table_plain",1,197.537941858172,0
"merged-main",100,2,1,"plain","arithmetic","repl",1,536.19802929461,0
"merged-main",100,2,1,"plain","arithmetic","dibble_bracket",1,535.788014531136,0
"merged-main",100,2,1,"plain","arithmetic","dplyr_dibble",2,692.490022629499,0
"merged-main",100,2,1,"plain","arithmetic","dplyr_plain",2,402.414938434958,0
"merged-main",100,2,1,"plain","arithmetic","data_table_plain",2,206.804019398987,0
"merged-main",100,2,1,"plain","arithmetic","dibble_bracket",2,524.71796516329,0
"merged-main",100,2,1,"plain","arithmetic","repl",2,539.354979991913,0
"merged-main",100,2,1,"plain","arithmetic","repl",3,500.15898887068,0
"merged-main",100,2,1,"plain","arithmetic","dplyr_dibble",3,716.065056622028,0
"merged-main",100,2,1,"plain","arithmetic","dplyr_plain",3,404.095975682139,0
"merged-main",100,2,1,"plain","arithmetic","dibble_bracket",3,547.718955203891,0
"merged-main",100,2,1,"plain","arithmetic","data_table_plain",3,202.088966034353,0
"merged-main",100,2,1,"plain","arithmetic","dplyr_plain",4,384.047045372427,0
"merged-main",100,2,1,"plain","arithmetic","data_table_plain",4,209.96097009629,0
"merged-main",100,2,1,"plain","arithmetic","dplyr_dibble",4,692.653935402632,0
"merged-main",100,2,1,"plain","arithmetic","repl",4,477.85509377718,0
"merged-main",100,2,1,"plain","arithmetic","dibble_bracket",4,576.829072088003,0
"merged-main",100,2,1,"plain","arithmetic","dplyr_dibble",5,676.827970892191,0
"merged-main",100,2,1,"plain","arithmetic","dplyr_plain",5,386.834959499538,0
"merged-main",100,2,1,"plain","arithmetic","data_table_plain",5,201.391987502575,0
"merged-main",100,2,1,"plain","arithmetic","dibble_bracket",5,521.561014465988,0
"merged-main",100,2,1,"plain","arithmetic","repl",5,515.779945999384,0
"merged-main",100,2,1,"plain","arithmetic","data_table_plain",6,252.027064561844,0
"merged-main",100,2,1,"plain","arithmetic","dplyr_dibble",6,831.644050776958,0
"merged-main",100,2,1,"plain","arithmetic","repl",6,651.858979836106,0
"merged-main",100,2,1,"plain","arithmetic","dplyr_plain",6,465.595978312194,0
"merged-main",100,2,1,"plain","arithmetic","dibble_bracket",6,659.935991279781,0
"merged-main",100,2,1,"plain","arithmetic","dibble_bracket",7,623.282045125961,0
"merged-main",100,2,1,"plain","arithmetic","dplyr_plain",7,506.39093387872,0
"merged-main",100,2,1,"plain","arithmetic","dplyr_dibble",7,851.897988468409,0
"merged-main",100,2,1,"plain","arithmetic","repl",7,577.116035856307,0
"merged-main",100,2,1,"plain","arithmetic","data_table_plain",7,260.759959928691,0
"merged-main",100,2,1,"plain","arithmetic","dibble_bracket",8,544.685055501759,0
"merged-main",100,2,1,"plain","arithmetic","dplyr_plain",8,400.61108302325,0
"merged-main",100,2,1,"plain","arithmetic","data_table_plain",8,202.826922759414,0
"merged-main",100,2,1,"plain","arithmetic","dplyr_dibble",8,685.274018906057,0
"merged-main",100,2,1,"plain","arithmetic","repl",8,478.798057883978,0
"merged-main",100,2,1,"plain","arithmetic","dplyr_plain",9,380.889978259802,0
"merged-main",100,2,1,"plain","arithmetic","data_table_plain",9,209.018005989492,0
"merged-main",100,2,1,"plain","arithmetic","dplyr_dibble",9,675.064977258444,0
"merged-main",100,2,1,"plain","arithmetic","dibble_bracket",9,520.167057402432,0
"merged-main",100,2,1,"plain","arithmetic","repl",9,477.116904221475,0
"merged-main",100,2,1,"plain","arithmetic","repl",10,470.065046101809,0
"merged-main",100,2,1,"plain","arithmetic","data_table_plain",10,213.814899325371,0
"merged-main",100,2,1,"plain","arithmetic","dibble_bracket",10,513.402046635747,0
"merged-main",100,2,1,"plain","arithmetic","dplyr_plain",10,401.143915951252,0
"merged-main",100,2,1,"plain","arithmetic","dplyr_dibble",10,698.024989105761,0
"merged-main",100,2,1,"plain","arithmetic","dplyr_plain",11,382.447964511812,0
"merged-main",100,2,1,"plain","arithmetic","dplyr_dibble",11,683.592981658876,0
"merged-main",100,2,1,"plain","arithmetic","data_table_plain",11,205.450924113393,0
"merged-main",100,2,1,"plain","arithmetic","dibble_bracket",11,547.842006199062,0
"merged-main",100,2,1,"plain","arithmetic","repl",11,469.24501657486,0
"merged-main",100,2,1,"plain","arithmetic","dibble_bracket",12,536.034000106156,0
"merged-main",100,2,1,"plain","arithmetic","dplyr_plain",12,392.411020584404,0
"merged-main",100,2,1,"plain","arithmetic","data_table_plain",12,200.326088815928,0
"merged-main",100,2,1,"plain","arithmetic","dplyr_dibble",12,709.87397339195,0
"merged-main",100,2,1,"plain","arithmetic","repl",12,486.956909298897,0
"merged-main",100,2,1,"plain","arithmetic","dibble_bracket",13,544.356997124851,0
"merged-main",100,2,1,"plain","arithmetic","data_table_plain",13,208.15699826926,0
"merged-main",100,2,1,"plain","arithmetic","dplyr_dibble",13,676.294905133545,0
"merged-main",100,2,1,"plain","arithmetic","dplyr_plain",13,388.392945751548,0
"merged-main",100,2,1,"plain","arithmetic","repl",13,485.604046843946,0
"merged-main",100,2,1,"plain","arithmetic","dplyr_plain",14,380.233977921307,0
"merged-main",100,2,1,"plain","arithmetic","data_table_plain",14,203.073024749756,0
"merged-main",100,2,1,"plain","arithmetic","repl",14,482.611008919775,0
"merged-main",100,2,1,"plain","arithmetic","dplyr_dibble",14,666.086096316576,0
"merged-main",100,2,1,"plain","arithmetic","dibble_bracket",14,532.220932655036,0
"merged-main",100,2,1,"plain","arithmetic","dplyr_dibble",15,673.425034619868,0
"merged-main",100,2,1,"plain","arithmetic","data_table_plain",15,197.989051230252,0
"merged-main",100,2,1,"plain","arithmetic","dplyr_plain",15,388.392945751548,0
"merged-main",100,2,1,"plain","arithmetic","dibble_bracket",15,521.72492723912,0
"merged-main",100,2,1,"plain","arithmetic","repl",15,505.857984535396,0
"merged-main",100,2,1,"plain","arithmetic","dplyr_dibble",16,718.155992217362,0
"merged-main",100,2,1,"plain","arithmetic","dibble_bracket",16,527.711003087461,0
"merged-main",100,2,1,"plain","arithmetic","data_table_plain",16,192.331033758819,0
"merged-main",100,2,1,"plain","arithmetic","dplyr_plain",16,374.617055058479,0
"merged-main",100,2,1,"plain","arithmetic","repl",16,496.960943564773,0
"merged-main",100,2,1,"plain","arithmetic","data_table_plain",17,212.83095702529,0
"merged-main",100,2,1,"plain","arithmetic","repl",17,462.643918581307,0
"merged-main",100,2,1,"plain","arithmetic","dplyr_dibble",17,675.802933983505,0
"merged-main",100,2,1,"plain","arithmetic","dplyr_plain",17,377.240939997137,0
"merged-main",100,2,1,"plain","arithmetic","dibble_bracket",17,534.14807189256,0
"merged-main",100,2,1,"plain","arithmetic","data_table_plain",18,206.434982828796,0
"merged-main",100,2,1,"plain","arithmetic","dplyr_dibble",18,672.850990667939,0
"merged-main",100,2,1,"plain","arithmetic","repl",18,478.879897855222,0
"merged-main",100,2,1,"plain","arithmetic","dibble_bracket",18,520.044006407261,0
"merged-main",100,2,1,"plain","arithmetic","dplyr_plain",18,405.326019972563,0
"merged-main",100,2,1,"plain","arithmetic","dplyr_dibble",19,685.725011862814,0
"merged-main",100,2,1,"plain","arithmetic","repl",19,477.732042782009,0
"merged-main",100,2,1,"plain","arithmetic","data_table_plain",19,202.785944566131,0
"merged-main",100,2,1,"plain","arithmetic","dplyr_plain",19,386.998988687992,0
"merged-main",100,2,1,"plain","arithmetic","dibble_bracket",19,526.02996584028,0
"merged-main",100,2,1,"plain","arithmetic","dplyr_plain",20,390.934990718961,0
"merged-main",100,2,1,"plain","arithmetic","dibble_bracket",20,531.113939359784,0
"merged-main",100,2,1,"plain","arithmetic","data_table_plain",20,212.70802244544,0
"merged-main",100,2,1,"plain","arithmetic","dplyr_dibble",20,698.475982062519,0
"merged-main",100,2,1,"plain","arithmetic","repl",20,465.965014882386,0
"merged-main",100,2,1,"plain","create","data_table_plain",1,222.466071136296,0
"merged-main",100,2,1,"plain","create","dplyr_dibble",1,647.061970084906,0
"merged-main",100,2,1,"plain","create","dibble_bracket",1,650.506000965834,0
"merged-main",100,2,1,"plain","create","gen",1,503.808027133346,0
"merged-main",100,2,1,"plain","create","dplyr_plain",1,389.827997423708,0
"merged-main",100,2,1,"plain","create","dplyr_dibble",2,712.6210257411,0
"merged-main",100,2,1,"plain","create","dplyr_plain",2,383.021892048419,0
"merged-main",100,2,1,"plain","create","dibble_bracket",2,521.027948707342,0
"merged-main",100,2,1,"plain","create","data_table_plain",2,256.413943134248,0
"merged-main",100,2,1,"plain","create","gen",2,485.686003230512,0
"merged-main",100,2,1,"plain","create","dibble_bracket",3,521.848094649613,0
"merged-main",100,2,1,"plain","create","gen",3,452.558044344187,0
"merged-main",100,2,1,"plain","create","data_table_plain",3,227.303942665458,0
"merged-main",100,2,1,"plain","create","dplyr_plain",3,432.222033850849,0
"merged-main",100,2,1,"plain","create","dplyr_dibble",3,684.331054799259,0
"merged-main",100,2,1,"plain","create","gen",4,472.934916615486,0
"merged-main",100,2,1,"plain","create","dplyr_dibble",4,661.125057376921,0
"merged-main",100,2,1,"plain","create","data_table_plain",4,239.726970903575,0
"merged-main",100,2,1,"plain","create","dibble_bracket",4,522.012007422745,0
"merged-main",100,2,1,"plain","create","dplyr_plain",4,375.026953406632,0
"merged-main",100,2,1,"plain","create","data_table_plain",5,231.691054068506,0
"merged-main",100,2,1,"plain","create","dplyr_plain",5,383.637030608952,0
"merged-main",100,2,1,"plain","create","dplyr_dibble",5,682.44501017034,0
"merged-main",100,2,1,"plain","create","dibble_bracket",5,541.527988389134,0
"merged-main",100,2,1,"plain","create","gen",5,450.302963145077,0
"merged-main",100,2,1,"plain","create","gen",6,433.041946962476,0
"merged-main",100,2,1,"plain","create","dplyr_dibble",6,661.084079183638,0
"merged-main",100,2,1,"plain","create","data_table_plain",6,221.522990614176,0
"merged-main",100,2,1,"plain","create","dplyr_plain",6,409.016036428511,0
"merged-main",100,2,1,"plain","create","dibble_bracket",6,512.582017108798,0
"merged-main",100,2,1,"plain","create","dibble_bracket",7,489.622005261481,0
"merged-main",100,2,1,"plain","create","dplyr_plain",7,387.531938031316,0
"merged-main",100,2,1,"plain","create","data_table_plain",7,233.577098697424,0
"merged-main",100,2,1,"plain","create","gen",7,470.433966256678,0
"merged-main",100,2,1,"plain","create","dplyr_dibble",7,678.590964525938,0
"merged-main",100,2,1,"plain","create","dplyr_dibble",8,637.345016002655,0
"merged-main",100,2,1,"plain","create","data_table_plain",8,227.140029892325,0
"merged-main",100,2,1,"plain","create","dplyr_plain",8,375.354895368218,0
"merged-main",100,2,1,"plain","create","gen",8,465.104007162154,0
"merged-main",100,2,1,"plain","create","dibble_bracket",8,508.564058691263,0
"merged-main",100,2,1,"plain","create","dibble_bracket",9,498.846988193691,0
"merged-main",100,2,1,"plain","create","dplyr_dibble",9,676.171970553696,0
"merged-main",100,2,1,"plain","create","data_table_plain",9,217.464054003358,0
"merged-main",100,2,1,"plain","create","gen",9,508.481985889375,0
"merged-main",100,2,1,"plain","create","dplyr_plain",9,394.543050788343,0
"merged-main",100,2,1,"plain","create","dibble_bracket",10,513.770966790617,0
"merged-main",100,2,1,"plain","create","data_table_plain",10,245.139002799988,0
"merged-main",100,2,1,"plain","create","dplyr_plain",10,401.553930714726,0
"merged-main",100,2,1,"plain","create","dplyr_dibble",10,755.998888053,0
"merged-main",100,2,1,"plain","create","gen",10,501.840026117861,0
"merged-main",100,2,1,"plain","create","dibble_bracket",11,513.68901040405,0
"merged-main",100,2,1,"plain","create","data_table_plain",11,257.029081694782,0
"merged-main",100,2,1,"plain","create","dplyr_plain",11,393.272028304636,0
"merged-main",100,2,1,"plain","create","gen",11,503.070070408285,0
"merged-main",100,2,1,"plain","create","dplyr_dibble",11,710.694002918899,0
"merged-main",100,2,1,"plain","create","dplyr_dibble",12,669.530010782182,0
"merged-main",100,2,1,"plain","create","dplyr_plain",12,375.190982595086,0
"merged-main",100,2,1,"plain","create","gen",12,535.95204371959,0
"merged-main",100,2,1,"plain","create","data_table_plain",12,247.107003815472,0
"merged-main",100,2,1,"plain","create","dibble_bracket",12,538.821914233267,0
"merged-main",100,2,1,"plain","create","dibble_bracket",13,502.250040881336,0
"merged-main",100,2,1,"plain","create","gen",13,444.276025518775,0
"merged-main",100,2,1,"plain","create","dplyr_plain",13,394.174014218152,0
"merged-main",100,2,1,"plain","create","dplyr_dibble",13,693.146022967994,0
"merged-main",100,2,1,"plain","create","data_table_plain",13,222.629983909428,0
"merged-main",100,2,1,"plain","create","dibble_bracket",14,522.544956766069,0
"merged-main",100,2,1,"plain","create","data_table_plain",14,228.698016144335,0
"merged-main",100,2,1,"plain","create","dplyr_plain",14,435.297028161585,0
"merged-main",100,2,1,"plain","create","gen",14,479.741021990776,0
"merged-main",100,2,1,"plain","create","dplyr_dibble",14,713.358982466161,0
"merged-main",100,2,1,"plain","create","dplyr_dibble",15,665.471074171364,0
"merged-main",100,2,1,"plain","create","dibble_bracket",15,523.324008099735,0
"merged-main",100,2,1,"plain","create","dplyr_plain",15,394.870992749929,0
"merged-main",100,2,1,"plain","create","data_table_plain",15,236.610998399556,0
"merged-main",100,2,1,"plain","create","gen",15,454.895081929862,0
"merged-main",100,2,1,"plain","create","data_table_plain",16,227.672979235649,0
"merged-main",100,2,1,"plain","create","dplyr_dibble",16,732.998014427722,0
"merged-main",100,2,1,"plain","create","dibble_bracket",16,527.423922903836,0
"merged-main",100,2,1,"plain","create","gen",16,451.205065473914,0
"merged-main",100,2,1,"plain","create","dplyr_plain",16,389.089924283326,0
"merged-main",100,2,1,"plain","create","gen",17,455.797067843378,0
"merged-main",100,2,1,"plain","create","data_table_plain",17,226.033036597073,0
"merged-main",100,2,1,"plain","create","dplyr_plain",17,399.012002162635,0
"merged-main",100,2,1,"plain","create","dplyr_dibble",17,699.09100420773,0
"merged-main",100,2,1,"plain","create","dibble_bracket",17,515.616033226252,0
"merged-main",100,2,1,"plain","create","dplyr_plain",18,386.83507591486,0
"merged-main",100,2,1,"plain","create","gen",18,468.958052806556,0
"merged-main",100,2,1,"plain","create","dplyr_dibble",18,673.425034619868,0
"merged-main",100,2,1,"plain","create","dibble_bracket",18,572.154996916652,0
"merged-main",100,2,1,"plain","create","data_table_plain",18,254.855956882238,0
"merged-main",100,2,1,"plain","create","dibble_bracket",19,552.269979380071,0
"merged-main",100,2,1,"plain","create","gen",19,477.444962598383,0
"merged-main",100,2,1,"plain","create","dplyr_plain",19,398.274045437574,0
"merged-main",100,2,1,"plain","create","data_table_plain",19,229.10803090781,0
"merged-main",100,2,1,"plain","create","dplyr_dibble",19,701.715005561709,0
"merged-main",100,2,1,"plain","create","dplyr_plain",20,393.55899207294,0
"merged-main",100,2,1,"plain","create","data_table_plain",20,234.151026234031,0
"merged-main",100,2,1,"plain","create","dibble_bracket",20,611.391966231167,0
"merged-main",100,2,1,"plain","create","dplyr_dibble",20,710.611930117011,0
"merged-main",100,2,1,"plain","create","gen",20,463.955919258296,0
"merged-main",100,2,1,"plain","five","dibble_bracket",1,1455.99199458957,0
"merged-main",100,2,1,"plain","five","dplyr_dibble",1,1134.51096694916,0
"merged-main",100,2,1,"plain","five","data_table_plain",1,236.118910834193,0
"merged-main",100,2,1,"plain","five","dplyr_plain",1,543.085974641144,0
"merged-main",100,2,1,"plain","five","dplyr_dibble",2,1103.67895103991,0
"merged-main",100,2,1,"plain","five","dibble_bracket",2,1460.17398219556,0
"merged-main",100,2,1,"plain","five","data_table_plain",2,239.153043366969,0
"merged-main",100,2,1,"plain","five","dplyr_plain",2,528.900069184601,0
"merged-main",100,2,1,"plain","five","dplyr_plain",3,513.360952027142,0
"merged-main",100,2,1,"plain","five","dibble_bracket",3,1470.95695137978,0
"merged-main",100,2,1,"plain","five","dplyr_dibble",3,1115.11803697795,0
"merged-main",100,2,1,"plain","five","data_table_plain",3,268.180971033871,0
"merged-main",100,2,1,"plain","five","dplyr_plain",4,557.148945517838,0
"merged-main",100,2,1,"plain","five","data_table_plain",4,251.699006184936,0
"merged-main",100,2,1,"plain","five","dibble_bracket",4,1489.7349756211,0
"merged-main",100,2,1,"plain","five","dplyr_dibble",4,1137.54498306662,0
"merged-main",100,2,1,"plain","five","data_table_plain",5,240.177963860333,0
"merged-main",100,2,1,"plain","five","dplyr_dibble",5,1108.39400440454,0
"merged-main",100,2,1,"plain","five","dplyr_plain",5,530.540011823177,0
"merged-main",100,2,1,"plain","five","dibble_bracket",5,1446.97201903909,0
"merged-main",100,2,1,"plain","five","dplyr_dibble",6,1124.99902024865,0
"merged-main",100,2,1,"plain","five","dibble_bracket",6,1482.60104469955,0
"merged-main",100,2,1,"plain","five","dplyr_plain",6,524.71796516329,0
"merged-main",100,2,1,"plain","five","data_table_plain",6,240.547000430524,0
"merged-main",100,2,1,"plain","five","dplyr_dibble",7,1121.92402593791,0
"merged-main",100,2,1,"plain","five","data_table_plain",7,247.025047428906,0
"merged-main",100,2,1,"plain","five","dplyr_plain",7,561.248976737261,0
"merged-main",100,2,1,"plain","five","dibble_bracket",7,1513.51501699537,0
"merged-main",100,2,1,"plain","five","dplyr_plain",8,526.604009792209,0
"merged-main",100,2,1,"plain","five","dibble_bracket",8,1497.7710088715,0
"merged-main",100,2,1,"plain","five","data_table_plain",8,255.266088061035,0
"merged-main",100,2,1,"plain","five","dplyr_dibble",8,1154.23207171261,0
"merged-main",100,2,1,"plain","five","dplyr_dibble",9,1220.28309851885,0
"merged-main",100,2,1,"plain","five","dibble_bracket",9,1478.54199167341,0
"merged-main",100,2,1,"plain","five","data_table_plain",9,248.992932029068,0
"merged-main",100,2,1,"plain","five","dplyr_plain",9,534.927006810904,0
"merged-main",100,2,1,"plain","five","dplyr_dibble",10,1114.50301483274,0
"merged-main",100,2,1,"plain","five","dplyr_plain",10,581.912929192185,0
"merged-main",100,2,1,"plain","five","data_table_plain",10,259.529915638268,0
"merged-main",100,2,1,"plain","five","dibble_bracket",10,1511.01395022124,0
"merged-main",100,2,1,"plain","five","dibble_bracket",11,1472.31004666537,0
"merged-main",100,2,1,"plain","five","data_table_plain",11,249.11598302424,0
"merged-main",100,2,1,"plain","five","dplyr_plain",11,538.493972271681,0
"merged-main",100,2,1,"plain","five","dplyr_dibble",11,1141.8090434745,0
"merged-main",100,2,1,"plain","five","dibble_bracket",12,1489.53008465469,0
"merged-main",100,2,1,"plain","five","dplyr_dibble",12,1122.907968238,0
"merged-main",100,2,1,"plain","five","data_table_plain",12,237.840926274657,0
"merged-main",100,2,1,"plain","five","dplyr_plain",12,580.559950321913,0
"merged-main",100,2,1,"plain","five","dplyr_dibble",13,1164.48197513819,0
"merged-main",100,2,1,"plain","five","data_table_plain",13,247.844960540533,0
"merged-main",100,2,1,"plain","five","dplyr_plain",13,537.099898792803,0
"merged-main",100,2,1,"plain","five","dibble_bracket",13,1453.3270150423,0
"merged-main",100,2,1,"plain","five","dplyr_plain",14,534.804072231054,0
"merged-main",100,2,1,"plain","five","dibble_bracket",14,1463.41300569475,0
"merged-main",100,2,1,"plain","five","data_table_plain",14,268.345000222325,0
"merged-main",100,2,1,"plain","five","dplyr_dibble",14,1121.26802559942,0
"merged-main",100,2,1,"plain","five","dibble_bracket",15,1463.37202750146,0
"merged-main",100,2,1,"plain","five","data_table_plain",15,250.017968937755,0
"merged-main",100,2,1,"plain","five","dplyr_plain",15,527.178053744137,0
"merged-main",100,2,1,"plain","five","dplyr_dibble",15,1118.68500243872,0
"merged-main",100,2,1,"plain","five","dplyr_dibble",16,1097.20102045685,0
"merged-main",100,2,1,"plain","five","dplyr_plain",16,526.890973560512,0
"merged-main",100,2,1,"plain","five","dibble_bracket",16,1566.97898637503,0
"merged-main",100,2,1,"plain","five","data_table_plain",16,260.595930740237,0
"merged-main",100,2,1,"plain","five","dplyr_dibble",17,1155.70798516273,0
"merged-main",100,2,1,"plain","five","data_table_plain",17,246.081966906786,0
"merged-main",100,2,1,"plain","five","dplyr_plain",17,539.231928996742,0
"merged-main",100,2,1,"plain","five","dibble_bracket",17,1498.42700920999,0
"merged-main",100,2,1,"plain","five","dibble_bracket",18,1474.31902587414,0
"merged-main",100,2,1,"plain","five","data_table_plain",18,252.191093750298,0
"merged-main",100,2,1,"plain","five","dplyr_plain",18,535.705941729248,0
"merged-main",100,2,1,"plain","five","dplyr_dibble",18,1134.22400318086,0
"merged-main",100,2,1,"plain","five","data_table_plain",19,251.083984039724,0
"merged-main",100,2,1,"plain","five","dplyr_plain",19,537.714920938015,0
"merged-main",100,2,1,"plain","five","dibble_bracket",19,1472.76103962213,0
"merged-main",100,2,1,"plain","five","dplyr_dibble",19,1121.75999674946,0
"merged-main",100,2,1,"plain","five","dplyr_plain",20,521.150999702513,0
"merged-main",100,2,1,"plain","five","data_table_plain",20,250.837998464704,0
"merged-main",100,2,1,"plain","five","dibble_bracket",20,1478.17295510322,0
"merged-main",100,2,1,"plain","five","dplyr_dibble",20,1109.29599031806,0
"merged-main",100,2,1,"owned","scalar","dibble_bracket",1,138.170085847378,0
"merged-main",100,2,1,"owned","scalar","dplyr_dibble",1,64.7389097139239,0
"merged-main",100,2,1,"owned","scalar","dplyr_plain",1,385.605031624436,0
"merged-main",100,2,1,"owned","scalar","repl",1,88.5189510881901,0
"merged-main",100,2,1,"owned","scalar","data_table_plain",1,208.198092877865,0
"merged-main",100,2,1,"owned","scalar","repl",2,84.2550070956349,0
"merged-main",100,2,1,"owned","scalar","dplyr_dibble",2,70.7660801708698,0
"merged-main",100,2,1,"owned","scalar","data_table_plain",2,202.212017029524,0
"merged-main",100,2,1,"owned","scalar","dibble_bracket",2,130.66700194031,0
"merged-main",100,2,1,"owned","scalar","dplyr_plain",2,382.734928280115,0
"merged-main",100,2,1,"owned","scalar","dplyr_dibble",3,74.4970748201013,0
"merged-main",100,2,1,"owned","scalar","data_table_plain",3,226.484029553831,0
"merged-main",100,2,1,"owned","scalar","dplyr_plain",3,413.156929425895,0
"merged-main",100,2,1,"owned","scalar","dibble_bracket",3,149.609055370092,0
"merged-main",100,2,1,"owned","scalar","repl",3,89.2570242285728,0
"merged-main",100,2,1,"owned","scalar","dibble_bracket",4,135.341077111661,0
"merged-main",100,2,1,"owned","scalar","data_table_plain",4,216.111075133085,0
"merged-main",100,2,1,"owned","scalar","repl",4,83.5580285638571,0
"merged-main",100,2,1,"owned","scalar","dplyr_plain",4,377.15898361057,0
"merged-main",100,2,1,"owned","scalar","dplyr_dibble",4,71.1759785190225,0
"merged-main",100,2,1,"owned","scalar","dibble_bracket",5,149.691011756659,0
"merged-main",100,2,1,"owned","scalar","dplyr_plain",5,388.475018553436,0
"merged-main",100,2,1,"owned","scalar","repl",5,85.15699300915,0
"merged-main",100,2,1,"owned","scalar","dplyr_dibble",5,67.404005676508,0
"merged-main",100,2,1,"owned","scalar","data_table_plain",5,197.127927094698,0
"merged-main",100,2,1,"owned","scalar","data_table_plain",6,204.261974431574,0
"merged-main",100,2,1,"owned","scalar","repl",6,98.8509273156524,0
"merged-main",100,2,1,"owned","scalar","dplyr_plain",6,402.948004193604,0
"merged-main",100,2,1,"owned","scalar","dplyr_dibble",6,70.1509416103363,0
"merged-main",100,2,1,"owned","scalar","dibble_bracket",6,139.318057335913,0
"merged-main",100,2,1,"owned","scalar","repl",7,90.8970832824707,0
"merged-main",100,2,1,"owned","scalar","data_table_plain",7,200.203037820756,0
"merged-main",100,2,1,"owned","scalar","dplyr_plain",7,400.364981032908,0
"merged-main",100,2,1,"owned","scalar","dplyr_dibble",7,68.5519771650434,0
"merged-main",100,2,1,"owned","scalar","dibble_bracket",7,143.25394295156,0
"merged-main",100,2,1,"owned","scalar","dplyr_plain",8,381.217920221388,0
"merged-main",100,2,1,"owned","scalar","repl",8,89.7080171853304,0
"merged-main",100,2,1,"owned","scalar","dplyr_dibble",8,70.1919198036194,0
"merged-main",100,2,1,"owned","scalar","data_table_plain",8,203.975010663271,0
"merged-main",100,2,1,"owned","scalar","dibble_bracket",8,129.72392141819,0
"merged-main",100,2,1,"owned","scalar","dplyr_plain",9,389.991910196841,0
"merged-main",100,2,1,"owned","scalar","repl",9,89.7899735718966,0
"merged-main",100,2,1,"owned","scalar","dibble_bracket",9,137.760071083903,0
"merged-main",100,2,1,"owned","scalar","dplyr_dibble",9,66.4199469611049,0
"merged-main",100,2,1,"owned","scalar","data_table_plain",9,204.712967388332,0
"merged-main",100,2,1,"owned","scalar","dplyr_plain",10,372.23903927952,0
"merged-main",100,2,1,"owned","scalar","data_table_plain",10,191.346975043416,0
"merged-main",100,2,1,"owned","scalar","dplyr_dibble",10,69.126021116972,0
"merged-main",100,2,1,"owned","scalar","repl",10,90.117915533483,0
"merged-main",100,2,1,"owned","scalar","dibble_bracket",10,172.036001458764,0
"merged-main",100,2,1,"owned","scalar","repl",11,98.3589561656117,0
"merged-main",100,2,1,"owned","scalar","dibble_bracket",11,132.635002955794,0
"merged-main",100,2,1,"owned","scalar","dplyr_dibble",11,65.2719754725695,0
"merged-main",100,2,1,"owned","scalar","dplyr_plain",11,397.576950490475,0
"merged-main",100,2,1,"owned","scalar","data_table_plain",11,198.972993530333,0
"merged-main",100,2,1,"owned","scalar","dplyr_plain",12,385.441002435982,0
"merged-main",100,2,1,"owned","scalar","repl",12,93.9720775932074,0
"merged-main",100,2,1,"owned","scalar","data_table_plain",12,208.074925467372,0
"merged-main",100,2,1,"owned","scalar","dplyr_dibble",12,64.165098592639,0
"merged-main",100,2,1,"owned","scalar","dibble_bracket",12,128.985964693129,0
"merged-main",100,2,1,"owned","scalar","data_table_plain",13,211.436999961734,0
"merged-main",100,2,1,"owned","scalar","repl",13,91.3480762392282,0
"merged-main",100,2,1,"owned","scalar","dplyr_plain",13,372.034031897783,0
"merged-main",100,2,1,"owned","scalar","dibble_bracket",13,129.1090156883,0
"merged-main",100,2,1,"owned","scalar","dplyr_dibble",13,62.2379593551159,0
"merged-main",100,2,1,"owned","scalar","dplyr_plain",14,372.690032236278,0
"merged-main",100,2,1,"owned","scalar","data_table_plain",14,202.129944227636,0
"merged-main",100,2,1,"owned","scalar","repl",14,86.7150956764817,0
"merged-main",100,2,1,"owned","scalar","dplyr_dibble",14,63.7139892205596,0
"merged-main",100,2,1,"owned","scalar","dibble_bracket",14,136.406975798309,0
"merged-main",100,2,1,"owned","scalar","data_table_plain",15,194.012071006,0
"merged-main",100,2,1,"owned","scalar","dibble_bracket",15,153.995933942497,0
"merged-main",100,2,1,"owned","scalar","repl",15,95.0789544731379,0
"merged-main",100,2,1,"owned","scalar","dplyr_dibble",15,67.2809546813369,0
"merged-main",100,2,1,"owned","scalar","dplyr_plain",15,455.304980278015,0
"merged-main",100,2,1,"owned","scalar","dplyr_plain",16,383.186037652194,0
"merged-main",100,2,1,"owned","scalar","data_table_plain",16,208.238954655826,0
"merged-main",100,2,1,"owned","scalar","dibble_bracket",16,157.234957441688,0
"merged-main",100,2,1,"owned","scalar","dplyr_dibble",16,69.0849265083671,0
"merged-main",100,2,1,"owned","scalar","repl",16,98.2769997790456,0
"merged-main",100,2,1,"owned","scalar","repl",17,84.5009926706553,0
"merged-main",100,2,1,"owned","scalar","dplyr_dibble",17,66.7070271447301,0
"merged-main",100,2,1,"owned","scalar","data_table_plain",17,236.405991017818,0
"merged-main",100,2,1,"owned","scalar","dibble_bracket",17,141.490949317813,0
"merged-main",100,2,1,"owned","scalar","dplyr_plain",17,397.044001147151,0
"merged-main",100,2,1,"owned","scalar","dplyr_plain",18,369.164044968784,0
"merged-main",100,2,1,"owned","scalar","dibble_bracket",18,135.21802611649,0
"merged-main",100,2,1,"owned","scalar","data_table_plain",18,208.362005650997,0
"merged-main",100,2,1,"owned","scalar","dplyr_dibble",18,67.0350855216384,0
"merged-main",100,2,1,"owned","scalar","repl",18,84.9110074341297,0
"merged-main",100,2,1,"owned","scalar","dibble_bracket",19,131.814973428845,0
"merged-main",100,2,1,"owned","scalar","repl",19,88.2319873198867,0
"merged-main",100,2,1,"owned","scalar","data_table_plain",19,215.783016756177,0
"merged-main",100,2,1,"owned","scalar","dplyr_dibble",19,68.388064391911,0
"merged-main",100,2,1,"owned","scalar","dplyr_plain",19,400.447053834796,0
"merged-main",100,2,1,"owned","scalar","repl",20,88.2321037352085,0
"merged-main",100,2,1,"owned","scalar","dplyr_dibble",20,78.2279530540109,0
"merged-main",100,2,1,"owned","scalar","dplyr_plain",20,411.516986787319,0
"merged-main",100,2,1,"owned","scalar","dibble_bracket",20,142.105971463025,0
"merged-main",100,2,1,"owned","scalar","data_table_plain",20,212.667044252157,0
"merged-main",100,2,1,"owned","call","repl",1,281.505985185504,0
"merged-main",100,2,1,"owned","call","data_table_plain",1,206.434982828796,0
"merged-main",100,2,1,"owned","call","dibble_bracket",1,133.536988869309,0
"merged-main",100,2,1,"owned","call","dplyr_dibble",1,73.7590016797185,0
"merged-main",100,2,1,"owned","call","dplyr_plain",1,391.180976293981,0
"merged-main",100,2,1,"owned","call","dplyr_plain",2,388.146960176528,0
"merged-main",100,2,1,"owned","call","data_table_plain",2,206.885975785553,0
"merged-main",100,2,1,"owned","call","repl",2,319.18496824801,0
"merged-main",100,2,1,"owned","call","dplyr_dibble",2,70.3559489920735,0
"merged-main",100,2,1,"owned","call","dibble_bracket",2,135.217909701169,0
"merged-main",100,2,1,"owned","call","data_table_plain",3,207.746983505785,0
"merged-main",100,2,1,"owned","call","dplyr_plain",3,394.952949136496,0
"merged-main",100,2,1,"owned","call","repl",3,346.572953276336,0
"merged-main",100,2,1,"owned","call","dplyr_dibble",3,73.1439795345068,0
"merged-main",100,2,1,"owned","call","dibble_bracket",3,130.790052935481,0
"merged-main",100,2,1,"owned","call","repl",4,281.915999948978,0
"merged-main",100,2,1,"owned","call","dibble_bracket",4,138.662056997418,0
"merged-main",100,2,1,"owned","call","data_table_plain",4,202.703988179564,0
"merged-main",100,2,1,"owned","call","dplyr_dibble",4,66.666048951447,0
"merged-main",100,2,1,"owned","call","dplyr_plain",4,392.738962545991,0
"merged-main",100,2,1,"owned","call","repl",5,272.526987828314,0
"merged-main",100,2,1,"owned","call","dplyr_dibble",5,66.460925154388,0
"merged-main",100,2,1,"owned","call","dplyr_plain",5,407.745013944805,0
"merged-main",100,2,1,"owned","call","dibble_bracket",5,135.259004309773,0
"merged-main",100,2,1,"owned","call","data_table_plain",5,216.398038901389,0
"merged-main",100,2,1,"owned","call","dplyr_dibble",6,66.2970123812556,0
"merged-main",100,2,1,"owned","call","dibble_bracket",6,152.479042299092,0
"merged-main",100,2,1,"owned","call","repl",6,314.223929308355,0
"merged-main",100,2,1,"owned","call","data_table_plain",6,248.336931690574,0
"merged-main",100,2,1,"owned","call","dplyr_plain",6,391.918933019042,0
"merged-main",100,2,1,"owned","call","dplyr_plain",7,353.994080796838,0
"merged-main",100,2,1,"owned","call","dplyr_dibble",7,74.9890459701419,0
"merged-main",100,2,1,"owned","call","data_table_plain",7,245.508039370179,0
"merged-main",100,2,1,"owned","call","repl",7,303.809996694326,0
"merged-main",100,2,1,"owned","call","dibble_bracket",7,152.766006067395,0
"merged-main",100,2,1,"owned","call","dplyr_dibble",8,67.9369550198317,0
"merged-main",100,2,1,"owned","call","data_table_plain",8,205.082003958523,0
"merged-main",100,2,1,"owned","call","repl",8,313.32194339484,0
"merged-main",100,2,1,"owned","call","dplyr_plain",8,406.884006224573,0
"merged-main",100,2,1,"owned","call","dibble_bracket",8,142.680015414953,0
"merged-main",100,2,1,"owned","call","repl",9,267.975963652134,0
"merged-main",100,2,1,"owned","call","dplyr_dibble",9,73.4309433028102,0
"merged-main",100,2,1,"owned","call","data_table_plain",9,208.198092877865,0
"merged-main",100,2,1,"owned","call","dplyr_plain",9,390.155939385295,0
"merged-main",100,2,1,"owned","call","dibble_bracket",9,139.809912070632,0
"merged-main",100,2,1,"owned","call","dplyr_plain",10,380.603014491498,0
"merged-main",100,2,1,"owned","call","data_table_plain",10,204.015988856554,0
"merged-main",100,2,1,"owned","call","dplyr_dibble",10,76.5880104154348,0
"merged-main",100,2,1,"owned","call","dibble_bracket",10,144.114950671792,0
"merged-main",100,2,1,"owned","call","repl",10,280.72705026716,0
"merged-main",100,2,1,"owned","call","dplyr_dibble",11,65.6819902360439,0
"merged-main",100,2,1,"owned","call","data_table_plain",11,199.915957637131,0
"merged-main",100,2,1,"owned","call","dibble_bracket",11,128.248007968068,0
"merged-main",100,2,1,"owned","call","repl",11,300.324987620115,0
"merged-main",100,2,1,"owned","call","dplyr_plain",11,387.819018214941,0
"merged-main",100,2,1,"owned","call","data_table_plain",12,222.097034566104,0
"merged-main",100,2,1,"owned","call","dplyr_dibble",12,68.1419624015689,0
"merged-main",100,2,1,"owned","call","dplyr_plain",12,386.261031962931,0
"merged-main",100,2,1,"owned","call","repl",12,296.839978545904,0
"merged-main",100,2,1,"owned","call","dibble_bracket",12,134.725938551128,0
"merged-main",100,2,1,"owned","call","dplyr_plain",13,372.444046661258,0
"merged-main",100,2,1,"owned","call","data_table_plain",13,259.77601762861,0
"merged-main",100,2,1,"owned","call","dibble_bracket",13,150.018953718245,0
"merged-main",100,2,1,"owned","call","repl",13,280.070933513343,0
"merged-main",100,2,1,"owned","call","dplyr_dibble",13,74.6200093999505,0
"merged-main",100,2,1,"owned","call","data_table_plain",14,206.270953640342,0
"merged-main",100,2,1,"owned","call","repl",14,276.340055279434,0
"merged-main",100,2,1,"owned","call","dibble_bracket",14,145.221943967044,0
"merged-main",100,2,1,"owned","call","dplyr_plain",14,405.366998165846,0
"merged-main",100,2,1,"owned","call","dplyr_dibble",14,73.3900815248489,0
"merged-main",100,2,1,"owned","call","dplyr_plain",15,439.684023149312,0
"merged-main",100,2,1,"owned","call","dibble_bracket",15,142.14706607163,0
"merged-main",100,2,1,"owned","call","dplyr_dibble",15,112.749985419214,0
"merged-main",100,2,1,"owned","call","data_table_plain",15,203.442061319947,0
"merged-main",100,2,1,"owned","call","repl",15,287.573901005089,0
"merged-main",100,2,1,"owned","call","data_table_plain",16,209.879013709724,0
"merged-main",100,2,1,"owned","call","dplyr_plain",16,427.916995249689,0
"merged-main",100,2,1,"owned","call","dibble_bracket",16,146.780046634376,0
"merged-main",100,2,1,"owned","call","dplyr_dibble",16,102.541060186923,0
"merged-main",100,2,1,"owned","call","repl",16,287.164002656937,0
"merged-main",100,2,1,"owned","call","repl",17,269.041978754103,0
"merged-main",100,2,1,"owned","call","data_table_plain",17,253.297970630229,0
"merged-main",100,2,1,"owned","call","dplyr_dibble",17,67.8140204399824,0
"merged-main",100,2,1,"owned","call","dplyr_plain",17,412.377994507551,0
"merged-main",100,2,1,"owned","call","dibble_bracket",17,156.046007759869,0
"merged-main",100,2,1,"owned","call","dibble_bracket",18,141.819007694721,0
"merged-main",100,2,1,"owned","call","dplyr_plain",18,443.087075836957,0
"merged-main",100,2,1,"owned","call","dplyr_dibble",18,69.3310284987092,0
"merged-main",100,2,1,"owned","call","repl",18,281.219021417201,0
"merged-main",100,2,1,"owned","call","data_table_plain",18,204.344047233462,0
"merged-main",100,2,1,"owned","call","dplyr_dibble",19,74.3739074096084,0
"merged-main",100,2,1,"owned","call","repl",19,316.110090352595,0
"merged-main",100,2,1,"owned","call","dplyr_plain",19,406.514969654381,0
"merged-main",100,2,1,"owned","call","data_table_plain",19,211.765058338642,0
"merged-main",100,2,1,"owned","call","dibble_bracket",19,135.709997266531,0
"merged-main",100,2,1,"owned","call","data_table_plain",20,215.086038224399,0
"merged-main",100,2,1,"owned","call","dibble_bracket",20,130.216008983552,0
"merged-main",100,2,1,"owned","call","repl",20,269.575044512749,0
"merged-main",100,2,1,"owned","call","dplyr_plain",20,465.104007162154,0
"merged-main",100,2,1,"owned","call","dplyr_dibble",20,83.8860869407654,0
"merged-main",100,2,1,"owned","arithmetic","dplyr_plain",1,377.85607855767,0
"merged-main",100,2,1,"owned","arithmetic","dplyr_dibble",1,72.4470010027289,0
"merged-main",100,2,1,"owned","arithmetic","dibble_bracket",1,153.627013787627,0
"merged-main",100,2,1,"owned","arithmetic","data_table_plain",1,220.621004700661,0
"merged-main",100,2,1,"owned","arithmetic","repl",1,122.466939501464,0
"merged-main",100,2,1,"owned","arithmetic","dplyr_plain",2,394.255970604718,0
"merged-main",100,2,1,"owned","arithmetic","data_table_plain",2,238.82498499006,0
"merged-main",100,2,1,"owned","arithmetic","repl",2,125.829013995826,0
"merged-main",100,2,1,"owned","arithmetic","dplyr_dibble",2,83.1480138003826,0
"merged-main",100,2,1,"owned","arithmetic","dibble_bracket",2,132.635002955794,0
"merged-main",100,2,1,"owned","arithmetic","repl",3,114.307971671224,0
"merged-main",100,2,1,"owned","arithmetic","data_table_plain",3,215.537031181157,0
"merged-main",100,2,1,"owned","arithmetic","dplyr_dibble",3,74.9070895835757,0
"merged-main",100,2,1,"owned","arithmetic","dplyr_plain",3,413.362053222954,0
"merged-main",100,2,1,"owned","arithmetic","dibble_bracket",3,151.536078192294,0
"merged-main",100,2,1,"owned","arithmetic","repl",4,119.720003567636,0
"merged-main",100,2,1,"owned","arithmetic","dplyr_dibble",4,78.4330768510699,0
"merged-main",100,2,1,"owned","arithmetic","dplyr_plain",4,403.768033720553,0
"merged-main",100,2,1,"owned","arithmetic","dibble_bracket",4,141.245080158114,0
"merged-main",100,2,1,"owned","arithmetic","data_table_plain",4,210.862956009805,0
"merged-main",100,2,1,"owned","arithmetic","dplyr_dibble",5,77.6540255174041,0
"merged-main",100,2,1,"owned","arithmetic","dibble_bracket",5,145.550002343953,0
"merged-main",100,2,1,"owned","arithmetic","data_table_plain",5,201.802002266049,0
"merged-main",100,2,1,"owned","arithmetic","repl",5,119.269010610878,0
"merged-main",100,2,1,"owned","arithmetic","dplyr_plain",5,378.019991330802,0
"merged-main",100,2,1,"owned","arithmetic","dplyr_dibble",6,79.0070043876767,0
"merged-main",100,2,1,"owned","arithmetic","dibble_bracket",6,130.175030790269,0
"merged-main",100,2,1,"owned","arithmetic","data_table_plain",6,210.124999284744,0
"merged-main",100,2,1,"owned","arithmetic","repl",6,114.307971671224,0
"merged-main",100,2,1,"owned","arithmetic","dplyr_plain",6,375.313917174935,0
"merged-main",100,2,1,"owned","arithmetic","repl",7,120.991026051342,0
"merged-main",100,2,1,"owned","arithmetic","dplyr_dibble",7,74.947951361537,0
"merged-main",100,2,1,"owned","arithmetic","data_table_plain",7,212.872051633894,0
"merged-main",100,2,1,"owned","arithmetic","dibble_bracket",7,167.854013852775,0
"merged-main",100,2,1,"owned","arithmetic","dplyr_plain",7,521.971029229462,0
"merged-main",100,2,1,"owned","arithmetic","dibble_bracket",8,186.508987098932,0
"merged-main",100,2,1,"owned","arithmetic","dplyr_dibble",8,113.405985757709,0
"merged-main",100,2,1,"owned","arithmetic","dplyr_plain",8,508.195022121072,0
"merged-main",100,2,1,"owned","arithmetic","data_table_plain",8,306.393019855022,0
"merged-main",100,2,1,"owned","arithmetic","repl",8,218.612025491893,0
"merged-main",100,2,1,"owned","arithmetic","data_table_plain",9,298.848957754672,0
"merged-main",100,2,1,"owned","arithmetic","dplyr_plain",9,505.284056998789,0
"merged-main",100,2,1,"owned","arithmetic","dplyr_dibble",9,111.807021312416,0
"merged-main",100,2,1,"owned","arithmetic","repl",9,178.883085027337,0
"merged-main",100,2,1,"owned","arithmetic","dibble_bracket",9,188.559060916305,0
"merged-main",100,2,1,"owned","arithmetic","dplyr_dibble",10,78.1459966674447,0
"merged-main",100,2,1,"owned","arithmetic","data_table_plain",10,217.341003008187,0
"merged-main",100,2,1,"owned","arithmetic","repl",10,125.377904623747,0
"merged-main",100,2,1,"owned","arithmetic","dplyr_plain",10,412.828987464309,0
"merged-main",100,2,1,"owned","arithmetic","dibble_bracket",10,138.949020765722,0
"merged-main",100,2,1,"owned","arithmetic","repl",11,111.847999505699,0
"merged-main",100,2,1,"owned","arithmetic","data_table_plain",11,203.852076083422,0
"merged-main",100,2,1,"owned","arithmetic","dibble_bracket",11,142.146949656308,0
"merged-main",100,2,1,"owned","arithmetic","dplyr_plain",11,378.921977244318,0
"merged-main",100,2,1,"owned","arithmetic","dplyr_dibble",11,76.5880104154348,0
"merged-main",100,2,1,"owned","arithmetic","data_table_plain",12,214.347965084016,0
"merged-main",100,2,1,"owned","arithmetic","repl",12,133.16806871444,0
"merged-main",100,2,1,"owned","arithmetic","dplyr_dibble",12,72.7339647710323,0
"merged-main",100,2,1,"owned","arithmetic","dplyr_plain",12,377.979013137519,0
"merged-main",100,2,1,"owned","arithmetic","dibble_bracket",12,143.705052323639,0
"merged-main",100,2,1,"owned","arithmetic","dplyr_plain",13,370.55800203234,0
"merged-main",100,2,1,"owned","arithmetic","repl",13,115.292030386627,0
"merged-main",100,2,1,"owned","arithmetic","data_table_plain",13,201.391987502575,0
"merged-main",100,2,1,"owned","arithmetic","dibble_bracket",13,137.801049277186,0
"merged-main",100,2,1,"owned","arithmetic","dplyr_dibble",13,78.7610188126564,0
"merged-main",100,2,1,"owned","arithmetic","dplyr_dibble",14,72.0779644325376,0
"merged-main",100,2,1,"owned","arithmetic","dibble_bracket",14,131.61008246243,0
"merged-main",100,2,1,"owned","arithmetic","repl",14,113.078043796122,0
"merged-main",100,2,1,"owned","arithmetic","dplyr_plain",14,373.838003724813,0
"merged-main",100,2,1,"owned","arithmetic","data_table_plain",14,196.512904949486,0
"merged-main",100,2,1,"owned","arithmetic","dibble_bracket",15,130.339059978724,0
"merged-main",100,2,1,"owned","arithmetic","dplyr_dibble",15,73.5539942979813,0
"merged-main",100,2,1,"owned","arithmetic","repl",15,112.709007225931,0
"merged-main",100,2,1,"owned","arithmetic","dplyr_plain",15,383.391045033932,0
"merged-main",100,2,1,"owned","arithmetic","data_table_plain",15,213.979044929147,0
"merged-main",100,2,1,"owned","arithmetic","data_table_plain",16,206.762924790382,0
"merged-main",100,2,1,"owned","arithmetic","dplyr_plain",16,367.647036910057,0
"merged-main",100,2,1,"owned","arithmetic","dplyr_dibble",16,74.7840385884047,0
"merged-main",100,2,1,"owned","arithmetic","repl",16,113.610993139446,0
"merged-main",100,2,1,"owned","arithmetic","dibble_bracket",16,138.169969432056,0
"merged-main",100,2,1,"owned","arithmetic","data_table_plain",17,193.396932445467,0
"merged-main",100,2,1,"owned","arithmetic","repl",17,113.405985757709,0
"merged-main",100,2,1,"owned","arithmetic","dibble_bracket",17,126.649043522775,0
"merged-main",100,2,1,"owned","arithmetic","dplyr_dibble",17,72.405906394124,0
"merged-main",100,2,1,"owned","arithmetic","dplyr_plain",17,369.49198693037,0
"merged-main",100,2,1,"owned","arithmetic","dibble_bracket",18,129.519030451775,0
"merged-main",100,2,1,"owned","arithmetic","dplyr_dibble",18,71.0119493305683,0
"merged-main",100,2,1,"owned","arithmetic","data_table_plain",18,194.791005924344,0
"merged-main",100,2,1,"owned","arithmetic","dplyr_plain",18,437.838956713676,0
"merged-main",100,2,1,"owned","arithmetic","repl",18,135.915004648268,0
"merged-main",100,2,1,"owned","arithmetic","dplyr_dibble",19,78.8019970059395,0
"merged-main",100,2,1,"owned","arithmetic","repl",19,127.264065667987,0
"merged-main",100,2,1,"owned","arithmetic","dibble_bracket",19,154.774985276163,0
"merged-main",100,2,1,"owned","arithmetic","data_table_plain",19,258.504995144904,0
"merged-main",100,2,1,"owned","arithmetic","dplyr_plain",19,396.838993765414,0
"merged-main",100,2,1,"owned","arithmetic","dplyr_plain",20,365.679035894573,0
"merged-main",100,2,1,"owned","arithmetic","dibble_bracket",20,134.356901980937,0
"merged-main",100,2,1,"owned","arithmetic","dplyr_dibble",20,73.1030013412237,0
"merged-main",100,2,1,"owned","arithmetic","data_table_plain",20,201.719929464161,0
"merged-main",100,2,1,"owned","arithmetic","repl",20,117.341987788677,0
"merged-main",100,2,1,"owned","create","dibble_bracket",1,170.806073583663,0
"merged-main",100,2,1,"owned","create","gen",1,176.587025634944,0
"merged-main",100,2,1,"owned","create","dplyr_dibble",1,70.765963755548,0
"merged-main",100,2,1,"owned","create","dplyr_plain",1,386.342988349497,0
"merged-main",100,2,1,"owned","create","data_table_plain",1,220.005982555449,0
"merged-main",100,2,1,"owned","create","dibble_bracket",2,144.483987241983,0
"merged-main",100,2,1,"owned","create","gen",2,212.338985875249,0
"merged-main",100,2,1,"owned","create","data_table_plain",2,244.114082306623,0
"merged-main",100,2,1,"owned","create","dplyr_plain",2,399.627024307847,0
"merged-main",100,2,1,"owned","create","dplyr_dibble",2,76.0549446567893,0
"merged-main",100,2,1,"owned","create","dplyr_dibble",3,68.8799191266298,0
"merged-main",100,2,1,"owned","create","dplyr_plain",3,373.673974536359,0
"merged-main",100,2,1,"owned","create","gen",3,221.768976189196,0
"merged-main",100,2,1,"owned","create","dibble_bracket",3,170.846935361624,0
"merged-main",100,2,1,"owned","create","data_table_plain",3,263.13797570765,0
"merged-main",100,2,1,"owned","create","gen",4,178.144895471632,0
"merged-main",100,2,1,"owned","create","data_table_plain",4,231.568003073335,0
"merged-main",100,2,1,"owned","create","dplyr_dibble",4,74.0049872547388,0
"merged-main",100,2,1,"owned","create","dibble_bracket",4,151.699990965426,0
"merged-main",100,2,1,"owned","create","dplyr_plain",4,427.384045906365,0
"merged-main",100,2,1,"owned","create","dplyr_plain",5,376.175041310489,0
"merged-main",100,2,1,"owned","create","data_table_plain",5,232.059974223375,0
"merged-main",100,2,1,"owned","create","dplyr_dibble",5,77.2440107539296,0
"merged-main",100,2,1,"owned","create","dibble_bracket",5,145.098892971873,0
"merged-main",100,2,1,"owned","create","gen",5,178.104033693671,0
"merged-main",100,2,1,"owned","create","data_table_plain",6,261.128996498883,0
"merged-main",100,2,1,"owned","create","dplyr_plain",6,399.421900510788,0
"merged-main",100,2,1,"owned","create","dplyr_dibble",6,81.9179695099592,0
"merged-main",100,2,1,"owned","create","gen",6,182.818970642984,0
"merged-main",100,2,1,"owned","create","dibble_bracket",6,160.433002747595,0
"merged-main",100,2,1,"owned","create","dibble_bracket",7,140.179065056145,0
"merged-main",100,2,1,"owned","create","dplyr_plain",7,400.939024984837,0
"merged-main",100,2,1,"owned","create","data_table_plain",7,229.35401648283,0
"merged-main",100,2,1,"owned","create","dplyr_dibble",7,84.9930802360177,0
"merged-main",100,2,1,"owned","create","gen",7,193.192041479051,0
"merged-main",100,2,1,"owned","create","dplyr_dibble",8,71.8319788575172,0
"merged-main",100,2,1,"owned","create","dplyr_plain",8,389.295048080385,0
"merged-main",100,2,1,"owned","create","dibble_bracket",8,164.819997735322,0
"merged-main",100,2,1,"owned","create","gen",8,173.388980329037,0
"merged-main",100,2,1,"owned","create","data_table_plain",8,258.83293710649,0
"merged-main",100,2,1,"owned","create","dibble_bracket",9,153.913977555931,0
"merged-main",100,2,1,"owned","create","dplyr_plain",9,373.673974536359,0
"merged-main",100,2,1,"owned","create","dplyr_dibble",9,73.3899651095271,0
"merged-main",100,2,1,"owned","create","gen",9,194.913940504193,0
"merged-main",100,2,1,"owned","create","data_table_plain",9,236.938940361142,0
"merged-main",100,2,1,"owned","create","data_table_plain",10,211.600912734866,0
"merged-main",100,2,1,"owned","create","gen",10,222.589005716145,0
"merged-main",100,2,1,"owned","create","dplyr_plain",10,411.065993830562,0
"merged-main",100,2,1,"owned","create","dibble_bracket",10,152.683933265507,0
"merged-main",100,2,1,"owned","create","dplyr_dibble",10,77.1210761740804,0
"merged-main",100,2,1,"owned","create","dplyr_dibble",11,73.0620231479406,0
"merged-main",100,2,1,"owned","create","dibble_bracket",11,150.30603390187,0
"merged-main",100,2,1,"owned","create","data_table_plain",11,223.409035243094,0
"merged-main",100,2,1,"owned","create","gen",11,193.601939827204,0
"merged-main",100,2,1,"owned","create","dplyr_plain",11,399.627024307847,0
"merged-main",100,2,1,"owned","create","gen",12,228.001037612557,0
"merged-main",100,2,1,"owned","create","dplyr_plain",12,423.119985498488,0
"merged-main",100,2,1,"owned","create","data_table_plain",12,227.017095312476,0
"merged-main",100,2,1,"owned","create","dibble_bracket",12,151.61803457886,0
"merged-main",100,2,1,"owned","create","dplyr_dibble",12,97.2109846770763,0
"merged-main",100,2,1,"owned","create","data_table_plain",13,221.93300537765,0
"merged-main",100,2,1,"owned","create","gen",13,176.792033016682,0
"merged-main",100,2,1,"owned","create","dibble_bracket",13,148.952938616276,0
"merged-main",100,2,1,"owned","create","dplyr_plain",13,399.996060878038,0
"merged-main",100,2,1,"owned","create","dplyr_dibble",13,87.7400161698461,0
"merged-main",100,2,1,"owned","create","data_table_plain",14,229.149009101093,0
"merged-main",100,2,1,"owned","create","dibble_bracket",14,172.651023603976,0
"merged-main",100,2,1,"owned","create","dplyr_plain",14,411.065993830562,0
"merged-main",100,2,1,"owned","create","dplyr_dibble",14,75.6860245019197,0
"merged-main",100,2,1,"owned","create","gen",14,187.534024007618,0
"merged-main",100,2,1,"owned","create","data_table_plain",15,231.076031923294,0
"merged-main",100,2,1,"owned","create","gen",15,192.084931768477,0
"merged-main",100,2,1,"owned","create","dplyr_plain",15,413.361936807632,0
"merged-main",100,2,1,"owned","create","dplyr_dibble",15,77.2029161453247,0
"merged-main",100,2,1,"owned","create","dibble_bracket",15,171.749037690461,0
"merged-main",100,2,1,"owned","create","data_table_plain",16,246.61491625011,0
"merged-main",100,2,1,"owned","create","dplyr_dibble",16,73.1849577277899,0
"merged-main",100,2,1,"owned","create","dibble_bracket",16,143.82810331881,0
"merged-main",100,2,1,"owned","create","dplyr_plain",16,379.823963157833,0
"merged-main",100,2,1,"owned","create","gen",16,211.477978155017,0
"merged-main",100,2,1,"owned","create","gen",17,178.104033693671,0
"merged-main",100,2,1,"owned","create","data_table_plain",17,225.418014451861,0
"merged-main",100,2,1,"owned","create","dplyr_plain",17,399.91398807615,0
"merged-main",100,2,1,"owned","create","dplyr_dibble",17,76.5470322221518,0
"merged-main",100,2,1,"owned","create","dibble_bracket",17,163.426040671766,0
"merged-main",100,2,1,"owned","create","dplyr_dibble",18,84.4600144773722,0
"merged-main",100,2,1,"owned","create","data_table_plain",18,248.787924647331,0
"merged-main",100,2,1,"owned","create","gen",18,189.583981409669,0
"merged-main",100,2,1,"owned","create","dibble_bracket",18,151.003012433648,0
"merged-main",100,2,1,"owned","create","dplyr_plain",18,384.662067517638,0
"merged-main",100,2,1,"owned","create","dplyr_plain",19,366.171007044613,0
"merged-main",100,2,1,"owned","create","data_table_plain",19,245.467061176896,0
"merged-main",100,2,1,"owned","create","dplyr_dibble",19,79.4579973444343,0
"merged-main",100,2,1,"owned","create","dibble_bracket",19,143.295037560165,0
"merged-main",100,2,1,"owned","create","gen",19,176.136032678187,0
"merged-main",100,2,1,"owned","create","data_table_plain",20,224.843970499933,0
"merged-main",100,2,1,"owned","create","gen",20,197.989051230252,0
"merged-main",100,2,1,"owned","create","dplyr_dibble",20,79.8270339146256,0
"merged-main",100,2,1,"owned","create","dibble_bracket",20,142.434029839933,0
"merged-main",100,2,1,"owned","create","dplyr_plain",20,387.983047403395,0
"merged-main",100,2,1,"owned","five","dibble_bracket",1,199.915957637131,0
"merged-main",100,2,1,"owned","five","dplyr_dibble",1,78.8019970059395,0
"merged-main",100,2,1,"owned","five","dplyr_plain",1,505.488947965205,0
"merged-main",100,2,1,"owned","five","data_table_plain",1,252.560013905168,0
"merged-main",100,2,1,"owned","five","dibble_bracket",2,213.979044929147,0
"merged-main",100,2,1,"owned","five","dplyr_plain",2,506.226904690266,0
"merged-main",100,2,1,"owned","five","dplyr_dibble",2,74.1280382499099,0
"merged-main",100,2,1,"owned","five","data_table_plain",2,242.432928644121,0
"merged-main",100,2,1,"owned","five","dplyr_plain",3,564.938993193209,0
"merged-main",100,2,1,"owned","five","dibble_bracket",3,222.916947677732,0
"merged-main",100,2,1,"owned","five","data_table_plain",3,264.163012616336,0
"merged-main",100,2,1,"owned","five","dplyr_dibble",3,92.742033302784,0
"merged-main",100,2,1,"owned","five","dibble_bracket",4,219.841953366995,0
"merged-main",100,2,1,"owned","five","dplyr_plain",4,679.082935675979,0
"merged-main",100,2,1,"owned","five","data_table_plain",4,247.271033003926,0
"merged-main",100,2,1,"owned","five","dplyr_dibble",4,103.811966255307,0
"merged-main",100,2,1,"owned","five","dibble_bracket",5,233.699916861951,0
"merged-main",100,2,1,"owned","five","dplyr_dibble",5,94.4229541346431,0
"merged-main",100,2,1,"owned","five","data_table_plain",5,285.852001979947,0
"merged-main",100,2,1,"owned","five","dplyr_plain",5,674.285925924778,0
"merged-main",100,2,1,"owned","five","data_table_plain",6,278.185005299747,0
"merged-main",100,2,1,"owned","five","dibble_bracket",6,230.174046009779,0
"merged-main",100,2,1,"owned","five","dplyr_plain",6,575.434998609126,0
"merged-main",100,2,1,"owned","five","dplyr_dibble",6,131.85606803745,0
"merged-main",100,2,1,"owned","five","dibble_bracket",7,279.742991551757,0
"merged-main",100,2,1,"owned","five","dplyr_plain",7,792.03792847693,0
"merged-main",100,2,1,"owned","five","data_table_plain",7,326.441950164735,0
"merged-main",100,2,1,"owned","five","dplyr_dibble",7,115.9479143098,0
"merged-main",100,2,1,"owned","five","dplyr_plain",8,650.34197177738,0
"merged-main",100,2,1,"owned","five","dplyr_dibble",8,121.318968012929,0
"merged-main",100,2,1,"owned","five","dibble_bracket",8,260.554952546954,0
"merged-main",100,2,1,"owned","five","data_table_plain",8,317.626981996,0
"merged-main",100,2,1,"owned","five","dibble_bracket",9,220.621004700661,0
"merged-main",100,2,1,"owned","five","dplyr_plain",9,547.391013242304,0
"merged-main",100,2,1,"owned","five","data_table_plain",9,261.047040112317,0
"merged-main",100,2,1,"owned","five","dplyr_dibble",9,79.5400701463223,0
"merged-main",100,2,1,"owned","five","dibble_bracket",10,198.767986148596,0
"merged-main",100,2,1,"owned","five","dplyr_plain",10,518.198939971626,0
"merged-main",100,2,1,"owned","five","data_table_plain",10,254.937913268805,0
"merged-main",100,2,1,"owned","five","dplyr_dibble",10,86.9199866428971,0
"merged-main",100,2,1,"owned","five","dplyr_dibble",11,71.7500224709511,0
"merged-main",100,2,1,"owned","five","data_table_plain",11,241.408008150756,0
"merged-main",100,2,1,"owned","five","dibble_bracket",11,213.528051972389,0
"merged-main",100,2,1,"owned","five","dplyr_plain",11,545.914983376861,0
"merged-main",100,2,1,"owned","five","dplyr_dibble",12,80.2780268713832,0
"merged-main",100,2,1,"owned","five","dibble_bracket",12,228.984979912639,0
"merged-main",100,2,1,"owned","five","data_table_plain",12,237.717991694808,0
"merged-main",100,2,1,"owned","five","dplyr_plain",12,600.568018853664,0
"merged-main",100,2,1,"owned","five","dibble_bracket",13,204.753945581615,0
"merged-main",100,2,1,"owned","five","data_table_plain",13,247.927033342421,0
"merged-main",100,2,1,"owned","five","dplyr_dibble",13,79.212011769414,0
"merged-main",100,2,1,"owned","five","dplyr_plain",13,592.901022173464,0
"merged-main",100,2,1,"owned","five","dibble_bracket",14,200.817943550646,0
"merged-main",100,2,1,"owned","five","dplyr_plain",14,523.897935636342,0
"merged-main",100,2,1,"owned","five","data_table_plain",14,247.393967583776,0
"merged-main",100,2,1,"owned","five","dplyr_dibble",14,76.9570469856262,0
"merged-main",100,2,1,"owned","five","data_table_plain",15,251.124962233007,0
"merged-main",100,2,1,"owned","five","dplyr_plain",15,533.532933332026,0
"merged-main",100,2,1,"owned","five","dplyr_dibble",15,76.0959228500724,0
"merged-main",100,2,1,"owned","five","dibble_bracket",15,198.193942196667,0
"merged-main",100,2,1,"owned","five","dibble_bracket",16,192.372011952102,0
"merged-main",100,2,1,"owned","five","data_table_plain",16,234.151026234031,0
"merged-main",100,2,1,"owned","five","dplyr_plain",16,529.268989339471,0
"merged-main",100,2,1,"owned","five","dplyr_dibble",16,78.0639238655567,0
"merged-main",100,2,1,"owned","five","data_table_plain",17,239.727087318897,0
"merged-main",100,2,1,"owned","five","dplyr_dibble",17,80.2370486781001,0
"merged-main",100,2,1,"owned","five","dplyr_plain",17,522.873015142977,0
"merged-main",100,2,1,"owned","five","dibble_bracket",17,211.477978155017,0
"merged-main",100,2,1,"owned","five","dplyr_plain",18,502.864946611226,0
"merged-main",100,2,1,"owned","five","data_table_plain",18,252.436962909997,0
"merged-main",100,2,1,"owned","five","dplyr_dibble",18,109.920976683497,0
"merged-main",100,2,1,"owned","five","dibble_bracket",18,218.489090912044,0
"merged-main",100,2,1,"owned","five","dibble_bracket",19,215.044943615794,0
"merged-main",100,2,1,"owned","five","data_table_plain",19,250.263954512775,0
"merged-main",100,2,1,"owned","five","dplyr_plain",19,622.830935753882,0
"merged-main",100,2,1,"owned","five","dplyr_dibble",19,117.218936793506,0
"merged-main",100,2,1,"owned","five","dplyr_plain",20,510.9419580549,0
"merged-main",100,2,1,"owned","five","dplyr_dibble",20,76.3420248404145,0
"merged-main",100,2,1,"owned","five","dibble_bracket",20,203.811097890139,0
"merged-main",100,2,1,"owned","five","data_table_plain",20,324.227963574231,0
"merged-main",100,100,1,"plain","scalar","dplyr_plain",1,681.378995068371,0
"merged-main",100,100,1,"plain","scalar","dibble_bracket",1,757.556990720332,0
"merged-main",100,100,1,"plain","scalar","repl",1,665.102037601173,0
"merged-main",100,100,1,"plain","scalar","dplyr_dibble",1,2169.63794082403,0
"merged-main",100,100,1,"plain","scalar","data_table_plain",1,329.516944475472,0
"merged-main",100,100,1,"plain","scalar","data_table_plain",2,313.814030960202,0
"merged-main",100,100,1,"plain","scalar","dplyr_dibble",2,2226.21799912304,0
"merged-main",100,100,1,"plain","scalar","dibble_bracket",2,750.422943383455,0
"merged-main",100,100,1,"plain","scalar","dplyr_plain",2,675.147050060332,0
"merged-main",100,100,1,"plain","scalar","repl",2,638.287980109453,0
"merged-main",100,100,1,"plain","scalar","dplyr_dibble",3,2056.56001344323,0
"merged-main",100,100,1,"plain","scalar","data_table_plain",3,279.127969406545,0
"merged-main",100,100,1,"plain","scalar","dplyr_plain",3,673.466012813151,0
"merged-main",100,100,1,"plain","scalar","repl",3,610.367045737803,0
"merged-main",100,100,1,"plain","scalar","dibble_bracket",3,736.278016120195,0
"merged-main",100,100,1,"plain","scalar","dplyr_dibble",4,1984.64607819915,0
"merged-main",100,100,1,"plain","scalar","dplyr_plain",4,672.72805608809,0
"merged-main",100,100,1,"plain","scalar","repl",4,716.639100573957,0
"merged-main",100,100,1,"plain","scalar","data_table_plain",4,336.486962623894,0
"merged-main",100,100,1,"plain","scalar","dibble_bracket",4,840.459018945694,0
"merged-main",100,100,1,"plain","scalar","dplyr_dibble",5,2053.52599732578,0
"merged-main",100,100,1,"plain","scalar","dplyr_plain",5,714.752939529717,0
"merged-main",100,100,1,"plain","scalar","data_table_plain",5,287.901959381998,0
"merged-main",100,100,1,"plain","scalar","dibble_bracket",5,747.921993024647,0
"merged-main",100,100,1,"plain","scalar","repl",5,620.083999820054,0
"merged-main",100,100,1,"plain","scalar","dplyr_plain",6,677.19689104706,0
"merged-main",100,100,1,"plain","scalar","repl",6,606.185058131814,0
"merged-main",100,100,1,"plain","scalar","dplyr_dibble",6,2270.82590572536,0
"merged-main",100,100,1,"plain","scalar","dibble_bracket",6,746.528035961092,0
"merged-main",100,100,1,"plain","scalar","data_table_plain",6,324.022956192493,0
"merged-main",100,100,1,"plain","scalar","dplyr_plain",7,771.66105620563,0
"merged-main",100,100,1,"plain","scalar","repl",7,686.421990394592,0
"merged-main",100,100,1,"plain","scalar","dplyr_dibble",7,2179.64197508991,0
"merged-main",100,100,1,"plain","scalar","data_table_plain",7,387.163017876446,0
"merged-main",100,100,1,"plain","scalar","dibble_bracket",7,841.647968627512,0
"merged-main",100,100,1,"plain","scalar","dplyr_plain",8,691.998051479459,0
"merged-main",100,100,1,"plain","scalar","dplyr_dibble",8,2176.97699554265,0
"merged-main",100,100,1,"plain","scalar","repl",8,608.440022915602,0
"merged-main",100,100,1,"plain","scalar","dibble_bracket",8,746.1589993909,0
"merged-main",100,100,1,"plain","scalar","data_table_plain",8,203.688046894968,0
"merged-main",100,100,1,"plain","scalar","repl",9,454.894965514541,0
"merged-main",100,100,1,"plain","scalar","data_table_plain",9,195.57005725801,0
"merged-main",100,100,1,"plain","scalar","dplyr_dibble",9,1849.71501585096,0
"merged-main",100,100,1,"plain","scalar","dibble_bracket",9,679.247081279755,0
"merged-main",100,100,1,"plain","scalar","dplyr_plain",9,621.887971647084,0
"merged-main",100,100,1,"plain","scalar","repl",10,463.546020910144,0
"merged-main",100,100,1,"plain","scalar","dibble_bracket",10,582.978944294155,0
"merged-main",100,100,1,"plain","scalar","data_table_plain",10,245.835981331766,0
"merged-main",100,100,1,"plain","scalar","dplyr_dibble",10,1779.76908162236,0
"merged-main",100,100,1,"plain","scalar","dplyr_plain",10,557.271996513009,0
"merged-main",100,100,1,"plain","scalar","dibble_bracket",11,593.638978898525,0
"merged-main",100,100,1,"plain","scalar","data_table_plain",11,207.664910703897,0
"merged-main",100,100,1,"plain","scalar","dplyr_dibble",11,1883.99094622582,0
"merged-main",100,100,1,"plain","scalar","dplyr_plain",11,529.392040334642,0
"merged-main",100,100,1,"plain","scalar","repl",11,472.032930701971,0
"merged-main",100,100,1,"plain","scalar","dibble_bracket",12,565.021065995097,0
"merged-main",100,100,1,"plain","scalar","dplyr_plain",12,525.004928931594,0
"merged-main",100,100,1,"plain","scalar","dplyr_dibble",12,1948.56594316661,0
"merged-main",100,100,1,"plain","scalar","data_table_plain",12,206.024968065321,0
"merged-main",100,100,1,"plain","scalar","repl",12,465.965014882386,0
"merged-main",100,100,1,"plain","scalar","dibble_bracket",13,557.968975044787,0
"merged-main",100,100,1,"plain","scalar","data_table_plain",13,235.914019867778,0
"merged-main",100,100,1,"plain","scalar","repl",13,447.227968834341,0
"merged-main",100,100,1,"plain","scalar","dplyr_dibble",13,1833.15109461546,0
"merged-main",100,100,1,"plain","scalar","dplyr_plain",13,572.319026105106,0
"merged-main",100,100,1,"plain","scalar","repl",14,450.753956101835,0
"merged-main",100,100,1,"plain","scalar","dibble_bracket",14,554.566038772464,0
"merged-main",100,100,1,"plain","scalar","dplyr_dibble",14,1730.97895458341,0
"merged-main",100,100,1,"plain","scalar","dplyr_plain",14,530.170975252986,0
"merged-main",100,100,1,"plain","scalar","data_table_plain",14,205.778982490301,0
"merged-main",100,100,1,"plain","scalar","dibble_bracket",15,580.395921133459,0
"merged-main",100,100,1,"plain","scalar","dplyr_plain",15,520.86403593421,0
"merged-main",100,100,1,"plain","scalar","data_table_plain",15,211.76494192332,0
"merged-main",100,100,1,"plain","scalar","repl",15,465.596094727516,0
"merged-main",100,100,1,"plain","scalar","dplyr_dibble",15,1777.02202927321,0
"merged-main",100,100,1,"plain","scalar","dibble_bracket",16,573.262106627226,0
"merged-main",100,100,1,"plain","scalar","dplyr_dibble",16,1785.09904071689,0
"merged-main",100,100,1,"plain","scalar","data_table_plain",16,204.507960006595,0
"merged-main",100,100,1,"plain","scalar","dplyr_plain",16,566.415023058653,0
"merged-main",100,100,1,"plain","scalar","repl",16,514.058046974242,0
"merged-main",100,100,1,"plain","scalar","dibble_bracket",17,568.301067687571,0
"merged-main",100,100,1,"plain","scalar","dplyr_dibble",17,1895.9220033139,0
"merged-main",100,100,1,"plain","scalar","dplyr_plain",17,533.655984327197,0
"merged-main",100,100,1,"plain","scalar","repl",17,459.036091342568,0
"merged-main",100,100,1,"plain","scalar","data_table_plain",17,207.665027119219,0
"merged-main",100,100,1,"plain","scalar","dplyr_plain",18,531.441997736692,0
"merged-main",100,100,1,"plain","scalar","dplyr_dibble",18,1796.49703204632,0
"merged-main",100,100,1,"plain","scalar","data_table_plain",18,214.717001654208,0
"merged-main",100,100,1,"plain","scalar","dibble_bracket",18,644.807005301118,0
"merged-main",100,100,1,"plain","scalar","repl",18,465.882942080498,0
"merged-main",100,100,1,"plain","scalar","dplyr_dibble",19,1767.797046341,0
"merged-main",100,100,1,"plain","scalar","dplyr_plain",19,534.967985004187,0
"merged-main",100,100,1,"plain","scalar","repl",19,491.179991513491,0
"merged-main",100,100,1,"plain","scalar","dibble_bracket",19,564.693007618189,0
"merged-main",100,100,1,"plain","scalar","data_table_plain",19,208.321027457714,0
"merged-main",100,100,1,"plain","scalar","dplyr_dibble",20,1847.0500363037,0
"merged-main",100,100,1,"plain","scalar","dplyr_plain",20,534.065999090672,0
"merged-main",100,100,1,"plain","scalar","dibble_bracket",20,569.039024412632,0
"merged-main",100,100,1,"plain","scalar","data_table_plain",20,247.147982008755,0
"merged-main",100,100,1,"plain","scalar","repl",20,491.303042508662,0
"merged-main",100,100,1,"plain","call","dplyr_dibble",1,1868.61597467214,0
"merged-main",100,100,1,"plain","call","repl",1,599.542981944978,0
"merged-main",100,100,1,"plain","call","dplyr_plain",1,531.319063156843,0
"merged-main",100,100,1,"plain","call","dibble_bracket",1,655.220937915146,0
"merged-main",100,100,1,"plain","call","data_table_plain",1,223.73697720468,0
"merged-main",100,100,1,"plain","call","dibble_bracket",2,634.270021691918,0
"merged-main",100,100,1,"plain","call","repl",2,623.077037744224,0
"merged-main",100,100,1,"plain","call","data_table_plain",2,210.863072425127,0
"merged-main",100,100,1,"plain","call","dplyr_plain",2,529.719982296228,0
"merged-main",100,100,1,"plain","call","dplyr_dibble",2,1870.09200453758,0
"merged-main",100,100,1,"plain","call","dplyr_dibble",3,1743.64796839654,0
"merged-main",100,100,1,"plain","call","repl",3,573.056982830167,0
"merged-main",100,100,1,"plain","call","dibble_bracket",3,647.431006655097,0
"merged-main",100,100,1,"plain","call","dplyr_plain",3,553.78710385412,0
"merged-main",100,100,1,"plain","call","data_table_plain",3,212.175073102117,0
"merged-main",100,100,1,"plain","call","dibble_bracket",4,628.037960268557,0
"merged-main",100,100,1,"plain","call","dplyr_dibble",4,1769.51906178147,0
"merged-main",100,100,1,"plain","call","dplyr_plain",4,548.415933735669,0
"merged-main",100,100,1,"plain","call","data_table_plain",4,208.115903660655,0
"merged-main",100,100,1,"plain","call","repl",4,551.04005150497,0
"merged-main",100,100,1,"plain","call","dplyr_plain",5,558.501924388111,0
"merged-main",100,100,1,"plain","call","data_table_plain",5,215.332023799419,0
"merged-main",100,100,1,"plain","call","dplyr_dibble",5,1781.69598802924,0
"merged-main",100,100,1,"plain","call","repl",5,548.743992112577,0
"merged-main",100,100,1,"plain","call","dibble_bracket",5,581.339001655579,0
"merged-main",100,100,1,"plain","call","dplyr_plain",6,530.498917214572,0
"merged-main",100,100,1,"plain","call","data_table_plain",6,250.05906354636,0
"merged-main",100,100,1,"plain","call","repl",6,559.362932108343,0
"merged-main",100,100,1,"plain","call","dplyr_dibble",6,1794.98002398759,0
"merged-main",100,100,1,"plain","call","dibble_bracket",6,602.331012487411,0
"merged-main",100,100,1,"plain","call","repl",7,565.512920729816,0
"merged-main",100,100,1,"plain","call","dplyr_plain",7,555.877923034132,0
"merged-main",100,100,1,"plain","call","data_table_plain",7,250.632991082966,0
"merged-main",100,100,1,"plain","call","dibble_bracket",7,623.855972662568,0
"merged-main",100,100,1,"plain","call","dplyr_dibble",7,1785.22197529674,0
"merged-main",100,100,1,"plain","call","dibble_bracket",8,666.414038278162,0
"merged-main",100,100,1,"plain","call","repl",8,561.987049877644,0
"merged-main",100,100,1,"plain","call","dplyr_dibble",8,1870.29701191932,0
"merged-main",100,100,1,"plain","call","dplyr_plain",8,568.342045880854,0
"merged-main",100,100,1,"plain","call","data_table_plain",8,224.557006731629,0
"merged-main",100,100,1,"plain","call","dplyr_plain",9,531.64700511843,0
"merged-main",100,100,1,"plain","call","data_table_plain",9,250.796903856099,0
"merged-main",100,100,1,"plain","call","dibble_bracket",9,616.68106354773,0
"merged-main",100,100,1,"plain","call","dplyr_dibble",9,1859.5140427351,0
"merged-main",100,100,1,"plain","call","repl",9,550.425029359758,0
"merged-main",100,100,1,"plain","call","dplyr_plain",10,542.225083336234,0
"merged-main",100,100,1,"plain","call","dibble_bracket",10,628.325040452182,0
"merged-main",100,100,1,"plain","call","repl",10,563.544919714332,0
"merged-main",100,100,1,"plain","call","dplyr_dibble",10,1803.71291935444,0
"merged-main",100,100,1,"plain","call","data_table_plain",10,211.477978155017,0
"merged-main",100,100,1,"plain","call","data_table_plain",11,202.417024411261,0
"merged-main",100,100,1,"plain","call","dplyr_plain",11,532.548991031945,0
"merged-main",100,100,1,"plain","call","dplyr_dibble",11,1781.69598802924,0
"merged-main",100,100,1,"plain","call","repl",11,566.332950256765,0
"merged-main",100,100,1,"plain","call","dibble_bracket",11,773.055013269186,0
"merged-main",100,100,1,"plain","call","dplyr_plain",12,532.015925273299,0
"merged-main",100,100,1,"plain","call","data_table_plain",12,204.261974431574,0
"merged-main",100,100,1,"plain","call","repl",12,590.112991631031,0
"merged-main",100,100,1,"plain","call","dplyr_dibble",12,1801.49893276393,0
"merged-main",100,100,1,"plain","call","dibble_bracket",12,653.376104310155,0
"merged-main",100,100,1,"plain","call","dplyr_dibble",13,1804.32805791497,0
"merged-main",100,100,1,"plain","call","dibble_bracket",13,622.789957560599,0
"merged-main",100,100,1,"plain","call","data_table_plain",13,216.603046283126,0
"merged-main",100,100,1,"plain","call","repl",13,532.795093022287,0
"merged-main",100,100,1,"plain","call","dplyr_plain",13,539.888045750558,0
"merged-main",100,100,1,"plain","call","dplyr_plain",14,549.523043446243,0
"merged-main",100,100,1,"plain","call","data_table_plain",14,206.640106625855,0
"merged-main",100,100,1,"plain","call","dibble_bracket",14,626.930966973305,0
"merged-main",100,100,1,"plain","call","repl",14,629.800953902304,0
"merged-main",100,100,1,"plain","call","dplyr_dibble",14,1799.08005520701,0
"merged-main",100,100,1,"plain","call","dibble_bracket",15,674.983020871878,0
"merged-main",100,100,1,"plain","call","dplyr_plain",15,543.455011211336,0
"merged-main",100,100,1,"plain","call","dplyr_dibble",15,1761.48302853107,0
"merged-main",100,100,1,"plain","call","data_table_plain",15,239.194021560252,0
"merged-main",100,100,1,"plain","call","repl",15,538.822030648589,0
"merged-main",100,100,1,"plain","call","dibble_bracket",16,593.884964473546,0
"merged-main",100,100,1,"plain","call","dplyr_dibble",16,1761.19606476277,0
"merged-main",100,100,1,"plain","call","dplyr_plain",16,537.346000783145,0
"merged-main",100,100,1,"plain","call","data_table_plain",16,209.304969757795,0
"merged-main",100,100,1,"plain","call","repl",16,532.959005795419,0
"merged-main",100,100,1,"plain","call","dplyr_dibble",17,1789.19907193631,0
"merged-main",100,100,1,"plain","call","data_table_plain",17,209.058984182775,0
"merged-main",100,100,1,"plain","call","dplyr_plain",17,551.491044461727,0
"merged-main",100,100,1,"plain","call","repl",17,552.516081370413,0
"merged-main",100,100,1,"plain","call","dibble_bracket",17,599.871040321887,0
"merged-main",100,100,1,"plain","call","repl",18,592.244905419648,0
"merged-main",100,100,1,"plain","call","dplyr_plain",18,608.686008490622,0
"merged-main",100,100,1,"plain","call","data_table_plain",18,214.881030842662,0
"merged-main",100,100,1,"plain","call","dibble_bracket",18,623.692059889436,0
"merged-main",100,100,1,"plain","call","dplyr_dibble",18,1833.02792720497,0
"merged-main",100,100,1,"plain","call","repl",19,597.698031924665,0
"merged-main",100,100,1,"plain","call","data_table_plain",19,214.183935895562,0
"merged-main",100,100,1,"plain","call","dplyr_plain",19,549.440970644355,0
"merged-main",100,100,1,"plain","call","dplyr_dibble",19,1853.28198131174,0
"merged-main",100,100,1,"plain","call","dibble_bracket",19,682.81393032521,0
"merged-main",100,100,1,"plain","call","repl",20,554.156024008989,0
"merged-main",100,100,1,"plain","call","dplyr_plain",20,521.929934620857,0
"merged-main",100,100,1,"plain","call","data_table_plain",20,207.418925128877,0
"merged-main",100,100,1,"plain","call","dplyr_dibble",20,1762.54904363304,0
"merged-main",100,100,1,"plain","call","dibble_bracket",20,618.157093413174,0
"merged-main",100,100,1,"plain","arithmetic","dplyr_plain",1,509.13798622787,0
"merged-main",100,100,1,"plain","arithmetic","dplyr_dibble",1,1814.49600495398,0
"merged-main",100,100,1,"plain","arithmetic","repl",1,638.616038486362,0
"merged-main",100,100,1,"plain","arithmetic","data_table_plain",1,213.487073779106,0
"merged-main",100,100,1,"plain","arithmetic","dibble_bracket",1,664.036022499204,0
"merged-main",100,100,1,"plain","arithmetic","dibble_bracket",2,710.201915353537,0
"merged-main",100,100,1,"plain","arithmetic","data_table_plain",2,211.313948966563,0
"merged-main",100,100,1,"plain","arithmetic","dplyr_dibble",2,1902.85104326904,0
"merged-main",100,100,1,"plain","arithmetic","repl",2,620.985985733569,0
"merged-main",100,100,1,"plain","arithmetic","dplyr_plain",2,529.187032952905,0
"merged-main",100,100,1,"plain","arithmetic","dibble_bracket",3,680.026016198099,0
"merged-main",100,100,1,"plain","arithmetic","repl",3,601.634033955634,0
"merged-main",100,100,1,"plain","arithmetic","dplyr_dibble",3,1811.46198883653,0
"merged-main",100,100,1,"plain","arithmetic","dplyr_plain",3,611.350988037884,0
"merged-main",100,100,1,"plain","arithmetic","data_table_plain",3,227.016978897154,0
"merged-main",100,100,1,"plain","arithmetic","dplyr_dibble",4,1719.66303605586,0
"merged-main",100,100,1,"plain","arithmetic","dibble_bracket",4,792.079023085535,0
"merged-main",100,100,1,"plain","arithmetic","dplyr_plain",4,680.026016198099,0
"merged-main",100,100,1,"plain","arithmetic","data_table_plain",4,279.210042208433,0
"merged-main",100,100,1,"plain","arithmetic","repl",4,804.502051323652,0
"merged-main",100,100,1,"plain","arithmetic","dplyr_dibble",5,2099.44590460509,0
"merged-main",100,100,1,"plain","arithmetic","dibble_bracket",5,877.154059708118,0
"merged-main",100,100,1,"plain","arithmetic","dplyr_plain",5,687.282998114824,0
"merged-main",100,100,1,"plain","arithmetic","data_table_plain",5,275.438069365919,0
"merged-main",100,100,1,"plain","arithmetic","repl",5,824.345974251628,0
"merged-main",100,100,1,"plain","arithmetic","data_table_plain",6,337.019911967218,0
"merged-main",100,100,1,"plain","arithmetic","dibble_bracket",6,899.33502022177,0
"merged-main",100,100,1,"plain","arithmetic","repl",6,802.902970463037,0
"merged-main",100,100,1,"plain","arithmetic","dplyr_plain",6,664.282008074224,0
"merged-main",100,100,1,"plain","arithmetic","dplyr_dibble",6,2246.92304618657,0
"merged-main",100,100,1,"plain","arithmetic","dplyr_plain",7,704.871956259012,0
"merged-main",100,100,1,"plain","arithmetic","repl",7,853.496952913702,0
"merged-main",100,100,1,"plain","arithmetic","dplyr_dibble",7,2173.08208812028,0
"merged-main",100,100,1,"plain","arithmetic","data_table_plain",7,334.969954565167,0
"merged-main",100,100,1,"plain","arithmetic","dibble_bracket",7,902.040977962315,0
"merged-main",100,100,1,"plain","arithmetic","dplyr_plain",8,692.531000822783,0
"merged-main",100,100,1,"plain","arithmetic","repl",8,853.906967677176,0
"merged-main",100,100,1,"plain","arithmetic","dplyr_dibble",8,2279.02596816421,0
"merged-main",100,100,1,"plain","arithmetic","dibble_bracket",8,857.679056935012,0
"merged-main",100,100,1,"plain","arithmetic","data_table_plain",8,272.937002591789,0
"merged-main",100,100,1,"plain","arithmetic","data_table_plain",9,301.555031910539,0
"merged-main",100,100,1,"plain","arithmetic","dibble_bracket",9,949.39605332911,0
"merged-main",100,100,1,"plain","arithmetic","repl",9,842.508976347744,0
"merged-main",100,100,1,"plain","arithmetic","dplyr_dibble",9,2162.42205351591,0
"merged-main",100,100,1,"plain","arithmetic","dplyr_plain",9,668.258988298476,0
"merged-main",100,100,1,"plain","arithmetic","dplyr_dibble",10,2152.74596121162,0
"merged-main",100,100,1,"plain","arithmetic","dplyr_plain",10,633.778050541878,0
"merged-main",100,100,1,"plain","arithmetic","repl",10,758.458976633847,0
"merged-main",100,100,1,"plain","arithmetic","data_table_plain",10,267.729978077114,0
"merged-main",100,100,1,"plain","arithmetic","dibble_bracket",10,910.200062207878,0
"merged-main",100,100,1,"plain","arithmetic","repl",11,821.680994704366,0
"merged-main",100,100,1,"plain","arithmetic","dplyr_plain",11,658.623990602791,0
"merged-main",100,100,1,"plain","arithmetic","dibble_bracket",11,965.591054409742,0
"merged-main",100,100,1,"plain","arithmetic","dplyr_dibble",11,2111.74599826336,0
"merged-main",100,100,1,"plain","arithmetic","data_table_plain",11,290.935975499451,0
"merged-main",100,100,1,"plain","arithmetic","dplyr_dibble",12,2161.31494380534,0
"merged-main",100,100,1,"plain","arithmetic","repl",12,902.819912880659,0
"merged-main",100,100,1,"plain","arithmetic","dibble_bracket",12,877.605052664876,0
"merged-main",100,100,1,"plain","arithmetic","data_table_plain",12,255.799037404358,0
"merged-main",100,100,1,"plain","arithmetic","dplyr_plain",12,735.334935598075,0
"merged-main",100,100,1,"plain","arithmetic","dplyr_dibble",13,2144.42296419293,0
"merged-main",100,100,1,"plain","arithmetic","repl",13,831.31599240005,0
"merged-main",100,100,1,"plain","arithmetic","dibble_bracket",13,855.547026731074,0
"merged-main",100,100,1,"plain","arithmetic","data_table_plain",13,302.908010780811,0
"merged-main",100,100,1,"plain","arithmetic","dplyr_plain",13,675.885006785393,0
"merged-main",100,100,1,"plain","arithmetic","dibble_bracket",14,854.07099686563,0
"merged-main",100,100,1,"plain","arithmetic","data_table_plain",14,285.565038211644,0
"merged-main",100,100,1,"plain","arithmetic","dplyr_plain",14,679.20598667115,0
"merged-main",100,100,1,"plain","arithmetic","dplyr_dibble",14,2140.40500577539,0
"merged-main",100,100,1,"plain","arithmetic","repl",14,835.170038044453,0
"merged-main",100,100,1,"plain","arithmetic","dplyr_plain",15,684.248981997371,0
"merged-main",100,100,1,"plain","arithmetic","dibble_bracket",15,921.720988117158,0
"merged-main",100,100,1,"plain","arithmetic","data_table_plain",15,274.781952612102,0
"merged-main",100,100,1,"plain","arithmetic","repl",15,787.60995529592,0
"merged-main",100,100,1,"plain","arithmetic","dplyr_dibble",15,2226.75094846636,0
"merged-main",100,100,1,"plain","arithmetic","repl",16,858.212006278336,0
"merged-main",100,100,1,"plain","arithmetic","dplyr_dibble",16,2179.7240478918,0
"merged-main",100,100,1,"plain","arithmetic","dplyr_plain",16,651.612994261086,0
"merged-main",100,100,1,"plain","arithmetic","dibble_bracket",16,878.548016771674,0
"merged-main",100,100,1,"plain","arithmetic","data_table_plain",16,261.825975030661,0
"merged-main",100,100,1,"plain","arithmetic","repl",17,592.286000028253,0
"merged-main",100,100,1,"plain","arithmetic","dibble_bracket",17,862.639979459345,0
"merged-main",100,100,1,"plain","arithmetic","dplyr_dibble",17,2135.68995241076,0
"merged-main",100,100,1,"plain","arithmetic","dplyr_plain",17,710.529973730445,0
"merged-main",100,100,1,"plain","arithmetic","data_table_plain",17,213.077059015632,0
"merged-main",100,100,1,"plain","arithmetic","dplyr_plain",18,721.190008334816,0
"merged-main",100,100,1,"plain","arithmetic","dibble_bracket",18,943.492050282657,0
"merged-main",100,100,1,"plain","arithmetic","repl",18,810.405937954783,0
"merged-main",100,100,1,"plain","arithmetic","dplyr_dibble",18,2089.15490657091,0
"merged-main",100,100,1,"plain","arithmetic","data_table_plain",18,295.937992632389,0
"merged-main",100,100,1,"plain","arithmetic","dibble_bracket",19,874.325050972402,0
"merged-main",100,100,1,"plain","arithmetic","dplyr_dibble",19,2144.42296419293,0
"merged-main",100,100,1,"plain","arithmetic","dplyr_plain",19,709.996907971799,0
"merged-main",100,100,1,"plain","arithmetic","data_table_plain",19,233.166967518628,0
"merged-main",100,100,1,"plain","arithmetic","repl",19,825.493945740163,0
"merged-main",100,100,1,"plain","arithmetic","data_table_plain",20,293.149962089956,0
"merged-main",100,100,1,"plain","arithmetic","dplyr_dibble",20,2090.38506727666,0
"merged-main",100,100,1,"plain","arithmetic","dplyr_plain",20,701.223034411669,0
"merged-main",100,100,1,"plain","arithmetic","dibble_bracket",20,911.101931706071,0
"merged-main",100,100,1,"plain","arithmetic","repl",20,884.943990968168,0
"merged-main",100,100,1,"plain","create","data_table_plain",1,325.007014907897,0
"merged-main",100,100,1,"plain","create","dibble_bracket",1,890.847994014621,0
"merged-main",100,100,1,"plain","create","dplyr_dibble",1,2145.20201552659,0
"merged-main",100,100,1,"plain","create","dplyr_plain",1,680.436030961573,0
"merged-main",100,100,1,"plain","create","gen",1,782.608054578304,0
"merged-main",100,100,1,"plain","create","dplyr_plain",2,677.19689104706,0
"merged-main",100,100,1,"plain","create","data_table_plain",2,304.179033264518,0
"merged-main",100,100,1,"plain","create","dplyr_dibble",2,2081.32399711758,0
"merged-main",100,100,1,"plain","create","gen",2,833.980971947312,0
"merged-main",100,100,1,"plain","create","dibble_bracket",2,904.050073586404,0
"merged-main",100,100,1,"plain","create","dibble_bracket",3,871.742027811706,0
"merged-main",100,100,1,"plain","create","dplyr_plain",3,727.914040908217,0
"merged-main",100,100,1,"plain","create","dplyr_dibble",3,2110.43399758637,0
"merged-main",100,100,1,"plain","create","gen",3,869.692070409656,0
"merged-main",100,100,1,"plain","create","data_table_plain",3,316.643039695919,0
"merged-main",100,100,1,"plain","create","dplyr_dibble",4,1786.86203435063,0
"merged-main",100,100,1,"plain","create","dplyr_plain",4,522.790942341089,0
"merged-main",100,100,1,"plain","create","gen",4,643.617939203978,0
"merged-main",100,100,1,"plain","create","dibble_bracket",4,716.802896931767,0
"merged-main",100,100,1,"plain","create","data_table_plain",4,221.31809964776,0
"merged-main",100,100,1,"plain","create","dplyr_plain",5,563.791021704674,0
"merged-main",100,100,1,"plain","create","gen",5,598.107930272818,0
"merged-main",100,100,1,"plain","create","dplyr_dibble",5,1809.32995863259,0
"merged-main",100,100,1,"plain","create","dibble_bracket",5,670.47297488898,0
"merged-main",100,100,1,"plain","create","data_table_plain",5,250.509940087795,0
"merged-main",100,100,1,"plain","create","dplyr_plain",6,573.426019400358,0
"merged-main",100,100,1,"plain","create","dibble_bracket",6,678.344978950918,0
"merged-main",100,100,1,"plain","create","gen",6,580.642023123801,0
"merged-main",100,100,1,"plain","create","dplyr_dibble",6,1862.79404442757,0
"merged-main",100,100,1,"plain","create","data_table_plain",6,255.184015259147,0
"merged-main",100,100,1,"plain","create","gen",7,574.368983507156,0
"merged-main",100,100,1,"plain","create","dplyr_dibble",7,1747.42005765438,0
"merged-main",100,100,1,"plain","create","data_table_plain",7,218.693981878459,0
"merged-main",100,100,1,"plain","create","dplyr_plain",7,544.315902516246,0
"merged-main",100,100,1,"plain","create","dibble_bracket",7,661.617028526962,0
"merged-main",100,100,1,"plain","create","data_table_plain",8,256.250030361116,0
"merged-main",100,100,1,"plain","create","dibble_bracket",8,678.385957144201,0
"merged-main",100,100,1,"plain","create","dplyr_plain",8,537.920044735074,0
"merged-main",100,100,1,"plain","create","dplyr_dibble",8,1781.94197360426,0
"merged-main",100,100,1,"plain","create","gen",8,588.104012422264,0
"merged-main",100,100,1,"plain","create","dplyr_plain",9,538.00200112164,0
"merged-main",100,100,1,"plain","create","dplyr_dibble",9,1919.29202992469,0
"merged-main",100,100,1,"plain","create","data_table_plain",9,238.004955463111,0
"merged-main",100,100,1,"plain","create","dibble_bracket",9,685.150967910886,0
"merged-main",100,100,1,"plain","create","gen",9,589.12904933095,0
"merged-main",100,100,1,"plain","create","gen",10,572.319026105106,0
"merged-main",100,100,1,"plain","create","dplyr_dibble",10,1862.42500785738,0
"merged-main",100,100,1,"plain","create","dplyr_plain",10,531.523954123259,0
"merged-main",100,100,1,"plain","create","data_table_plain",10,238.005071878433,0
"merged-main",100,100,1,"plain","create","dibble_bracket",10,664.650928229094,0
"merged-main",100,100,1,"plain","create","gen",11,584.413995966315,0
"merged-main",100,100,1,"plain","create","dplyr_plain",11,559.363048523664,0
"merged-main",100,100,1,"plain","create","dibble_bracket",11,697.53301795572,0
"merged-main",100,100,1,"plain","create","data_table_plain",11,237.717991694808,0
"merged-main",100,100,1,"plain","create","dplyr_dibble",11,1843.15501246601,0
"merged-main",100,100,1,"plain","create","dibble_bracket",12,682.56794475019,0
"merged-main",100,100,1,"plain","create","dplyr_plain",12,542.019959539175,0
"merged-main",100,100,1,"plain","create","data_table_plain",12,249.362085014582,0
"merged-main",100,100,1,"plain","create","dplyr_dibble",12,1844.50799133629,0
"merged-main",100,100,1,"plain","create","gen",12,599.542981944978,0
"merged-main",100,100,1,"plain","create","dibble_bracket",13,679.0830520913,0
"merged-main",100,100,1,"plain","create","gen",13,599.542981944978,0
"merged-main",100,100,1,"plain","create","dplyr_dibble",13,1802.48299147934,0
"merged-main",100,100,1,"plain","create","data_table_plain",13,238.045933656394,0
"merged-main",100,100,1,"plain","create","dplyr_plain",13,560.716027393937,0
"merged-main",100,100,1,"plain","create","dibble_bracket",14,678.385957144201,0
"merged-main",100,100,1,"plain","create","gen",14,585.808069445193,0
"merged-main",100,100,1,"plain","create","dplyr_plain",14,534.475897438824,0
"merged-main",100,100,1,"plain","create","dplyr_dibble",14,1851.23190749437,0
"merged-main",100,100,1,"plain","create","data_table_plain",14,238.497043028474,0
"merged-main",100,100,1,"plain","create","gen",15,608.357950113714,0
"merged-main",100,100,1,"plain","create","dibble_bracket",15,700.40300488472,0
"merged-main",100,100,1,"plain","create","data_table_plain",15,230.583944357932,0
"merged-main",100,100,1,"plain","create","dplyr_dibble",15,1800.76097603887,0
"merged-main",100,100,1,"plain","create","dplyr_plain",15,540.626002475619,0
"merged-main",100,100,1,"plain","create","dplyr_plain",16,633.777934126556,0
"merged-main",100,100,1,"plain","create","dplyr_dibble",16,1752.95502413064,0
"merged-main",100,100,1,"plain","create","dibble_bracket",16,652.392045594752,0
"merged-main",100,100,1,"plain","create","data_table_plain",16,228.123972192407,0
"merged-main",100,100,1,"plain","create","gen",16,582.363922148943,0
"merged-main",100,100,1,"plain","create","gen",17,709.094922058284,0
"merged-main",100,100,1,"plain","create","dplyr_plain",17,544.11101154983,0
"merged-main",100,100,1,"plain","create","dplyr_dibble",17,1795.30796594918,0
"merged-main",100,100,1,"plain","create","data_table_plain",17,240.341993048787,0
"merged-main",100,100,1,"plain","create","dibble_bracket",17,745.379948057234,0
"merged-main",100,100,1,"plain","create","data_table_plain",18,227.79603023082,0
"merged-main",100,100,1,"plain","create","gen",18,596.099067479372,0
"merged-main",100,100,1,"plain","create","dplyr_dibble",18,1831.0600426048,0
"merged-main",100,100,1,"plain","create","dplyr_plain",18,613.564974628389,0
"merged-main",100,100,1,"plain","create","dibble_bracket",18,688.513042405248,0
"merged-main",100,100,1,"plain","create","gen",19,602.371990680695,0
"merged-main",100,100,1,"plain","create","dplyr_plain",19,543.004018254578,0
"merged-main",100,100,1,"plain","create","data_table_plain",19,231.362995691597,0
"merged-main",100,100,1,"plain","create","dplyr_dibble",19,1781.24499507248,0
"merged-main",100,100,1,"plain","create","dibble_bracket",19,686.667975969613,0
"merged-main",100,100,1,"plain","create","data_table_plain",20,235.996092669666,0
"merged-main",100,100,1,"plain","create","dplyr_dibble",20,1849.46903027594,0
"merged-main",100,100,1,"plain","create","dplyr_plain",20,576.869933865964,0
"merged-main",100,100,1,"plain","create","gen",20,575.968064367771,0
"merged-main",100,100,1,"plain","create","dibble_bracket",20,649.522058665752,0
"merged-main",100,100,1,"plain","five","dplyr_dibble",1,2666.0249568522,0
"merged-main",100,100,1,"plain","five","dibble_bracket",1,2168.07995457202,0
"merged-main",100,100,1,"plain","five","data_table_plain",1,243.745045736432,0
"merged-main",100,100,1,"plain","five","dplyr_plain",1,676.09001416713,0
"merged-main",100,100,1,"plain","five","data_table_plain",2,287.081929855049,0
"merged-main",100,100,1,"plain","five","dibble_bracket",2,2083.04601255804,0
"merged-main",100,100,1,"plain","five","dplyr_dibble",2,2696.28304522485,0
"merged-main",100,100,1,"plain","five","dplyr_plain",2,746.609992347658,0
"merged-main",100,100,1,"plain","five","dplyr_plain",3,799.130997620523,0
"merged-main",100,100,1,"plain","five","dibble_bracket",3,2078.61792296171,0
"merged-main",100,100,1,"plain","five","data_table_plain",3,256.331986747682,0
"merged-main",100,100,1,"plain","five","dplyr_dibble",3,2686.27901095897,0
"merged-main",100,100,1,"plain","five","dplyr_dibble",4,2674.55296125263,0
"merged-main",100,100,1,"plain","five","dibble_bracket",4,2060.74200104922,0
"merged-main",100,100,1,"plain","five","dplyr_plain",4,764.609081670642,0
"merged-main",100,100,1,"plain","five","data_table_plain",4,248.74706286937,0
"merged-main",100,100,1,"plain","five","data_table_plain",5,287.245959043503,0
"merged-main",100,100,1,"plain","five","dplyr_dibble",5,3054.90999016911,0
"merged-main",100,100,1,"plain","five","dplyr_plain",5,692.98199377954,0
"merged-main",100,100,1,"plain","five","dibble_bracket",5,2211.82696986943,0
"merged-main",100,100,1,"plain","five","dibble_bracket",6,2024.99004080892,0
"merged-main",100,100,1,"plain","five","dplyr_dibble",6,2683.53207502514,0
"merged-main",100,100,1,"plain","five","dplyr_plain",6,702.821998856962,0
"merged-main",100,100,1,"plain","five","data_table_plain",6,309.9599853158,0
"merged-main",100,100,1,"plain","five","dplyr_plain",7,672.236084938049,0
"merged-main",100,100,1,"plain","five","data_table_plain",7,245.38510479033,0
"merged-main",100,100,1,"plain","five","dplyr_dibble",7,2681.56395759434,0
"merged-main",100,100,1,"plain","five","dibble_bracket",7,2050.98395235837,0
"merged-main",100,100,1,"plain","five","dplyr_dibble",8,2676.64401326329,0
"merged-main",100,100,1,"plain","five","data_table_plain",8,287.287053652108,0
"merged-main",100,100,1,"plain","five","dplyr_plain",8,674.573006108403,0
"merged-main",100,100,1,"plain","five","dibble_bracket",8,2029.29496299475,0
"merged-main",100,100,1,"plain","five","data_table_plain",9,243.908958509564,0
"merged-main",100,100,1,"plain","five","dibble_bracket",9,2338.72199896723,0
"merged-main",100,100,1,"plain","five","dplyr_dibble",9,2755.1589300856,0
"merged-main",100,100,1,"plain","five","dplyr_plain",9,685.109989717603,0
"merged-main",100,100,1,"plain","five","dplyr_dibble",10,2770.08302509785,0
"merged-main",100,100,1,"plain","five","dplyr_plain",10,673.630042001605,0
"merged-main",100,100,1,"plain","five","data_table_plain",10,262.440997175872,0
"merged-main",100,100,1,"plain","five","dibble_bracket",10,2034.83004588634,0
"merged-main",100,100,1,"plain","five","dplyr_plain",11,684.208003804088,0
"merged-main",100,100,1,"plain","five","dibble_bracket",11,2070.99202089012,0
"merged-main",100,100,1,"plain","five","dplyr_dibble",11,2911.16395965219,0
"merged-main",100,100,1,"plain","five","data_table_plain",11,250.756042078137,0
"merged-main",100,100,1,"plain","five","dplyr_dibble",12,2849.13100767881,0
"merged-main",100,100,1,"plain","five","data_table_plain",12,258.422922343016,0
"merged-main",100,100,1,"plain","five","dplyr_plain",12,680.558965541422,0
"merged-main",100,100,1,"plain","five","dibble_bracket",12,2070.41809335351,0
"merged-main",100,100,1,"plain","five","dplyr_plain",13,670.021981932223,0
"merged-main",100,100,1,"plain","five","dplyr_dibble",13,2686.97598949075,0
"merged-main",100,100,1,"plain","five","data_table_plain",13,255.962950177491,0
"merged-main",100,100,1,"plain","five","dibble_bracket",13,2064.80093766004,0
"merged-main",100,100,1,"plain","five","dibble_bracket",14,2028.59798446298,0
"merged-main",100,100,1,"plain","five","dplyr_plain",14,718.401977792382,0
"merged-main",100,100,1,"plain","five","data_table_plain",14,257.152016274631,0
"merged-main",100,100,1,"plain","five","dplyr_dibble",14,2718.21790374815,0
"merged-main",100,100,1,"plain","five","dibble_bracket",15,2079.31501790881,0
"merged-main",100,100,1,"plain","five","dplyr_dibble",15,2645.64796816558,0
"merged-main",100,100,1,"plain","five","dplyr_plain",15,675.803050398827,0
"merged-main",100,100,1,"plain","five","data_table_plain",15,251.16594042629,0
"merged-main",100,100,1,"plain","five","dplyr_plain",16,669.038039632142,0
"merged-main",100,100,1,"plain","five","data_table_plain",16,245.0569299981,0
"merged-main",100,100,1,"plain","five","dibble_bracket",16,2053.28001175076,0
"merged-main",100,100,1,"plain","five","dplyr_dibble",16,2669.67399511486,0
"merged-main",100,100,1,"plain","five","dibble_bracket",17,2032.49300830066,0
"merged-main",100,100,1,"plain","five","data_table_plain",17,247.804098762572,0
"merged-main",100,100,1,"plain","five","dplyr_plain",17,682.731973938644,0
"merged-main",100,100,1,"plain","five","dplyr_dibble",17,2672.0929890871,0
"merged-main",100,100,1,"plain","five","dibble_bracket",18,2044.79298554361,0
"merged-main",100,100,1,"plain","five","dplyr_plain",18,688.307918608189,0
"merged-main",100,100,1,"plain","five","dplyr_dibble",18,2705.0570352003,0
"merged-main",100,100,1,"plain","five","data_table_plain",18,248.788041062653,0
"merged-main",100,100,1,"plain","five","dibble_bracket",19,2099.44602102041,0
"merged-main",100,100,1,"plain","five","dplyr_dibble",19,2717.97203458846,0
"merged-main",100,100,1,"plain","five","dplyr_plain",19,684.864004142582,0
"merged-main",100,100,1,"plain","five","data_table_plain",19,243.376009166241,0
"merged-main",100,100,1,"plain","five","dplyr_dibble",20,2747.86096997559,0
"merged-main",100,100,1,"plain","five","dplyr_plain",20,669.899047352374,0
"merged-main",100,100,1,"plain","five","dibble_bracket",20,2063.61198797822,0
"merged-main",100,100,1,"plain","five","data_table_plain",20,276.954961009324,0
"merged-main",100,100,1,"owned","scalar","data_table_plain",1,229.845987632871,0
"merged-main",100,100,1,"owned","scalar","dibble_bracket",1,151.454005390406,0
"merged-main",100,100,1,"owned","scalar","dplyr_dibble",1,112.298992462456,0
"merged-main",100,100,1,"owned","scalar","repl",1,117.711024358869,0
"merged-main",100,100,1,"owned","scalar","dplyr_plain",1,545.504968613386,0
"merged-main",100,100,1,"owned","scalar","dibble_bracket",2,154.488021507859,0
"merged-main",100,100,1,"owned","scalar","dplyr_dibble",2,108.199077658355,0
"merged-main",100,100,1,"owned","scalar","dplyr_plain",2,529.023003764451,0
"merged-main",100,100,1,"owned","scalar","data_table_plain",2,197.74294923991,0
"merged-main",100,100,1,"owned","scalar","repl",2,114.595051854849,0
"merged-main",100,100,1,"owned","scalar","data_table_plain",3,196.923036128283,0
"merged-main",100,100,1,"owned","scalar","dibble_bracket",3,147.518003359437,0
"merged-main",100,100,1,"owned","scalar","dplyr_plain",3,536.608044058084,0
"merged-main",100,100,1,"owned","scalar","dplyr_dibble",3,108.567997813225,0
"merged-main",100,100,1,"owned","scalar","repl",3,114.061986096203,0
"merged-main",100,100,1,"owned","scalar","dplyr_plain",4,526.153016835451,0
"merged-main",100,100,1,"owned","scalar","dplyr_dibble",4,107.132946141064,0
"merged-main",100,100,1,"owned","scalar","data_table_plain",4,232.10106883198,0
"merged-main",100,100,1,"owned","scalar","dibble_bracket",4,147.641054354608,0
"merged-main",100,100,1,"owned","scalar","repl",4,131.158973090351,0
"merged-main",100,100,1,"owned","scalar","dplyr_dibble",5,115.82497972995,0
"merged-main",100,100,1,"owned","scalar","data_table_plain",5,214.962987229228,0
"merged-main",100,100,1,"owned","scalar","dibble_bracket",5,151.781947351992,0
"merged-main",100,100,1,"owned","scalar","repl",5,117.301009595394,0
"merged-main",100,100,1,"owned","scalar","dplyr_plain",5,537.715037353337,0
"merged-main",100,100,1,"owned","scalar","dibble_bracket",6,168.469035997987,0
"merged-main",100,100,1,"owned","scalar","dplyr_dibble",6,105.082988739014,0
"merged-main",100,100,1,"owned","scalar","data_table_plain",6,216.685002669692,0
"merged-main",100,100,1,"owned","scalar","dplyr_plain",6,533.737940713763,0
"merged-main",100,100,1,"owned","scalar","repl",6,136.201968416572,0
"merged-main",100,100,1,"owned","scalar","repl",7,117.424060590565,0
"merged-main",100,100,1,"owned","scalar","dplyr_plain",7,532.672042027116,0
"merged-main",100,100,1,"owned","scalar","data_table_plain",7,211.026985198259,0
"merged-main",100,100,1,"owned","scalar","dplyr_dibble",7,113.160000182688,0
"merged-main",100,100,1,"owned","scalar","dibble_bracket",7,161.745003424585,0
"merged-main",100,100,1,"owned","scalar","data_table_plain",8,204.180018045008,0
"merged-main",100,100,1,"owned","scalar","repl",8,114.38992805779,0
"merged-main",100,100,1,"owned","scalar","dplyr_dibble",8,104.959937743843,0
"merged-main",100,100,1,"owned","scalar","dibble_bracket",8,145.714031532407,0
"merged-main",100,100,1,"owned","scalar","dplyr_plain",8,616.188975982368,0
"merged-main",100,100,1,"owned","scalar","repl",9,113.651971332729,0
"merged-main",100,100,1,"owned","scalar","dibble_bracket",9,160.761061124504,0
"merged-main",100,100,1,"owned","scalar","dplyr_dibble",9,113.7750223279,0
"merged-main",100,100,1,"owned","scalar","dplyr_plain",9,544.890062883496,0
"merged-main",100,100,1,"owned","scalar","data_table_plain",9,216.603046283126,0
"merged-main",100,100,1,"owned","scalar","dplyr_plain",10,534.762977622449,0
"merged-main",100,100,1,"owned","scalar","data_table_plain",10,207.870034500957,0
"merged-main",100,100,1,"owned","scalar","dibble_bracket",10,152.560998685658,0
"merged-main",100,100,1,"owned","scalar","repl",10,114.882015623152,0
"merged-main",100,100,1,"owned","scalar","dplyr_dibble",10,106.887076981366,0
"merged-main",100,100,1,"owned","scalar","repl",11,136.365997605026,0
"merged-main",100,100,1,"owned","scalar","data_table_plain",11,274.659018032253,0
"merged-main",100,100,1,"owned","scalar","dplyr_plain",11,542.3070397228,0
"merged-main",100,100,1,"owned","scalar","dibble_bracket",11,151.126063428819,0
"merged-main",100,100,1,"owned","scalar","dplyr_dibble",11,107.296975329518,0
"merged-main",100,100,1,"owned","scalar","dplyr_plain",12,624.22500923276,0
"merged-main",100,100,1,"owned","scalar","repl",12,116.931973025203,0
"merged-main",100,100,1,"owned","scalar","dibble_bracket",12,145.75500972569,0
"merged-main",100,100,1,"owned","scalar","data_table_plain",12,203.114002943039,0
"merged-main",100,100,1,"owned","scalar","dplyr_dibble",12,108.895939774811,0
"merged-main",100,100,1,"owned","scalar","dplyr_dibble",13,115.291913971305,0
"merged-main",100,100,1,"owned","scalar","dplyr_plain",13,534.927006810904,0
"merged-main",100,100,1,"owned","scalar","dibble_bracket",13,142.229022458196,0
"merged-main",100,100,1,"owned","scalar","repl",13,117.096002213657,0
"merged-main",100,100,1,"owned","scalar","data_table_plain",13,217.955908738077,0
"merged-main",100,100,1,"owned","scalar","repl",14,110.905035398901,0
"merged-main",100,100,1,"owned","scalar","dibble_bracket",14,143.910059705377,0
"merged-main",100,100,1,"owned","scalar","dplyr_plain",14,527.875032275915,0
"merged-main",100,100,1,"owned","scalar","dplyr_dibble",14,106.928055174649,0
"merged-main",100,100,1,"owned","scalar","data_table_plain",14,208.238954655826,0
"merged-main",100,100,1,"owned","scalar","data_table_plain",15,215.208972804248,0
"merged-main",100,100,1,"owned","scalar","repl",15,114.103080704808,0
"merged-main",100,100,1,"owned","scalar","dplyr_plain",15,525.78398026526,0
"merged-main",100,100,1,"owned","scalar","dibble_bracket",15,148.091930896044,0
"merged-main",100,100,1,"owned","scalar","dplyr_dibble",15,106.312916614115,0
"merged-main",100,100,1,"owned","scalar","repl",16,112.421927042305,0
"merged-main",100,100,1,"owned","scalar","dplyr_dibble",16,103.2380387187,0
"merged-main",100,100,1,"owned","scalar","data_table_plain",16,237.636035308242,0
"merged-main",100,100,1,"owned","scalar","dplyr_plain",16,540.912966243923,0
"merged-main",100,100,1,"owned","scalar","dibble_bracket",16,151.002896018326,0
"merged-main",100,100,1,"owned","scalar","dplyr_dibble",17,107.66601189971,0
"merged-main",100,100,1,"owned","scalar","repl",17,108.444946818054,0
"merged-main",100,100,1,"owned","scalar","data_table_plain",17,200.612936168909,0
"merged-main",100,100,1,"owned","scalar","dplyr_plain",17,537.673942744732,0
"merged-main",100,100,1,"owned","scalar","dibble_bracket",17,144.607038237154,0
"merged-main",100,100,1,"owned","scalar","data_table_plain",18,198.808964341879,0
"merged-main",100,100,1,"owned","scalar","dibble_bracket",18,151.659012772143,0
"merged-main",100,100,1,"owned","scalar","dplyr_dibble",18,104.55003939569,0
"merged-main",100,100,1,"owned","scalar","dplyr_plain",18,570.719945244491,0
"merged-main",100,100,1,"owned","scalar","repl",18,122.303026728332,0
"merged-main",100,100,1,"owned","scalar","dibble_bracket",19,149.035011418164,0
"merged-main",100,100,1,"owned","scalar","repl",19,112.012028694153,0
"merged-main",100,100,1,"owned","scalar","data_table_plain",19,204.589916393161,0
"merged-main",100,100,1,"owned","scalar","dplyr_dibble",19,111.109926365316,0
"merged-main",100,100,1,"owned","scalar","dplyr_plain",19,541.978981345892,0
"merged-main",100,100,1,"owned","scalar","dplyr_dibble",20,107.583939097822,0
"merged-main",100,100,1,"owned","scalar","dplyr_plain",20,527.136959135532,0
"merged-main",100,100,1,"owned","scalar","repl",20,113.939051516354,0
"merged-main",100,100,1,"owned","scalar","data_table_plain",20,201.637973077595,0
"merged-main",100,100,1,"owned","scalar","dibble_bracket",20,147.3129959777,0
"merged-main",100,100,1,"owned","call","dplyr_plain",1,552.310957573354,0
"merged-main",100,100,1,"owned","call","data_table_plain",1,207.993085496128,0
"merged-main",100,100,1,"owned","call","dplyr_dibble",1,114.594935439527,0
"merged-main",100,100,1,"owned","call","repl",1,367.032014764845,0
"merged-main",100,100,1,"owned","call","dibble_bracket",1,151.084968820214,0
"merged-main",100,100,1,"owned","call","dibble_bracket",2,143.458950333297,0
"merged-main",100,100,1,"owned","call","dplyr_dibble",2,105.452025309205,0
"merged-main",100,100,1,"owned","call","repl",2,373.632996343076,0
"merged-main",100,100,1,"owned","call","dplyr_plain",2,530.785997398198,0
"merged-main",100,100,1,"owned","call","data_table_plain",2,208.280049264431,0
"merged-main",100,100,1,"owned","call","dibble_bracket",3,176.709960214794,0
"merged-main",100,100,1,"owned","call","repl",3,365.104991942644,0
"merged-main",100,100,1,"owned","call","dplyr_dibble",3,105.124083347619,0
"merged-main",100,100,1,"owned","call","data_table_plain",3,205.902033485472,0
"merged-main",100,100,1,"owned","call","dplyr_plain",3,537.305022589862,0
"merged-main",100,100,1,"owned","call","data_table_plain",4,200.900016352534,0
"merged-main",100,100,1,"owned","call","dplyr_dibble",4,111.684086732566,0
"merged-main",100,100,1,"owned","call","dibble_bracket",4,149.158062413335,0
"merged-main",100,100,1,"owned","call","dplyr_plain",4,535.788014531136,0
"merged-main",100,100,1,"owned","call","repl",4,368.384993635118,0
"merged-main",100,100,1,"owned","call","data_table_plain",5,205.368967726827,0
"merged-main",100,100,1,"owned","call","dibble_bracket",5,144.524965435266,0
"merged-main",100,100,1,"owned","call","repl",5,366.13002885133,0
"merged-main",100,100,1,"owned","call","dplyr_dibble",5,120.13001833111,0
"merged-main",100,100,1,"owned","call","dplyr_plain",5,573.221012018621,0
"merged-main",100,100,1,"owned","call","dibble_bracket",6,151.371932588518,0
"merged-main",100,100,1,"owned","call","data_table_plain",6,215.127016417682,0
"merged-main",100,100,1,"owned","call","dplyr_plain",6,533.08205679059,0
"merged-main",100,100,1,"owned","call","repl",6,392.411020584404,0
"merged-main",100,100,1,"owned","call","dplyr_dibble",6,114.348949864507,0
"merged-main",100,100,1,"owned","call","data_table_plain",7,224.351999349892,0
"merged-main",100,100,1,"owned","call","dplyr_plain",7,545.258983038366,0
"merged-main",100,100,1,"owned","call","repl",7,385.441002435982,0
"merged-main",100,100,1,"owned","call","dplyr_dibble",7,123.819918371737,0
"merged-main",100,100,1,"owned","call","dibble_bracket",7,162.811018526554,0
"merged-main",100,100,1,"owned","call","data_table_plain",8,221.031019464135,0
"merged-main",100,100,1,"owned","call","dplyr_dibble",8,109.142041765153,0
"merged-main",100,100,1,"owned","call","repl",8,371.254980564117,0
"merged-main",100,100,1,"owned","call","dibble_bracket",8,148.133025504649,0
"merged-main",100,100,1,"owned","call","dplyr_plain",8,539.80597294867,0
"merged-main",100,100,1,"owned","call","dibble_bracket",9,143.336015753448,0
"merged-main",100,100,1,"owned","call","dplyr_plain",9,531.769939698279,0
"merged-main",100,100,1,"owned","call","repl",9,369.615037925541,0
"merged-main",100,100,1,"owned","call","dplyr_dibble",9,107.747968286276,0
"merged-main",100,100,1,"owned","call","data_table_plain",9,217.095017433167,0
"merged-main",100,100,1,"owned","call","dplyr_dibble",10,114.02100790292,0
"merged-main",100,100,1,"owned","call","data_table_plain",10,219.719018787146,0
"merged-main",100,100,1,"owned","call","dplyr_plain",10,554.729951545596,0
"merged-main",100,100,1,"owned","call","repl",10,380.192999728024,0
"merged-main",100,100,1,"owned","call","dibble_bracket",10,150.265055708587,0
"merged-main",100,100,1,"owned","call","repl",11,356.003060005605,0
"merged-main",100,100,1,"owned","call","dplyr_plain",11,531.318946741521,0
"merged-main",100,100,1,"owned","call","dibble_bracket",11,148.501945659518,0
"merged-main",100,100,1,"owned","call","dplyr_dibble",11,148.50206207484,0
"merged-main",100,100,1,"owned","call","data_table_plain",11,223.613926209509,0
"merged-main",100,100,1,"owned","call","repl",12,382.734928280115,0
"merged-main",100,100,1,"owned","call","dibble_bracket",12,150.592997670174,0
"merged-main",100,100,1,"owned","call","data_table_plain",12,205.778982490301,0
"merged-main",100,100,1,"owned","call","dplyr_plain",12,587.488990277052,0
"merged-main",100,100,1,"owned","call","dplyr_dibble",12,122.794997878373,0
"merged-main",100,100,1,"owned","call","dplyr_plain",13,547.882984392345,0
"merged-main",100,100,1,"owned","call","dplyr_dibble",13,104.181002825499,0
"merged-main",100,100,1,"owned","call","data_table_plain",13,218.242988921702,0
"merged-main",100,100,1,"owned","call","dibble_bracket",13,153.42200640589,0
"merged-main",100,100,1,"owned","call","repl",13,383.964972570539,0
"merged-main",100,100,1,"owned","call","data_table_plain",14,210.248050279915,0
"merged-main",100,100,1,"owned","call","dplyr_dibble",14,121.195917017758,0
"merged-main",100,100,1,"owned","call","dplyr_plain",14,616.066041402519,0
"merged-main",100,100,1,"owned","call","repl",14,377.814983949065,0
"merged-main",100,100,1,"owned","call","dibble_bracket",14,156.046007759869,0
"merged-main",100,100,1,"owned","call","dplyr_dibble",15,109.305954538286,0
"merged-main",100,100,1,"owned","call","data_table_plain",15,212.134094908834,0
"merged-main",100,100,1,"owned","call","dibble_bracket",15,145.50902415067,0
"merged-main",100,100,1,"owned","call","repl",15,373.878981918097,0
"merged-main",100,100,1,"owned","call","dplyr_plain",15,538.452994078398,0
"merged-main",100,100,1,"owned","call","dibble_bracket",16,144.56594362855,0
"merged-main",100,100,1,"owned","call","repl",16,361.292040906847,0
"merged-main",100,100,1,"owned","call","dplyr_plain",16,532.877049408853,0
"merged-main",100,100,1,"owned","call","data_table_plain",16,214.061001315713,0
"merged-main",100,100,1,"owned","call","dplyr_dibble",16,114.882015623152,0
"merged-main",100,100,1,"owned","call","dibble_bracket",17,154.487905092537,0
"merged-main",100,100,1,"owned","call","data_table_plain",17,215.167994610965,0
"merged-main",100,100,1,"owned","call","repl",17,373.182003386319,0
"merged-main",100,100,1,"owned","call","dplyr_plain",17,537.182088010013,0
"merged-main",100,100,1,"owned","call","dplyr_dibble",17,106.025952845812,0
"merged-main",100,100,1,"owned","call","dibble_bracket",18,177.653040736914,0
"merged-main",100,100,1,"owned","call","dplyr_dibble",18,106.026069261134,0
"merged-main",100,100,1,"owned","call","dplyr_plain",18,535.788014531136,0
"merged-main",100,100,1,"owned","call","repl",18,364.736071787775,0
"merged-main",100,100,1,"owned","call","data_table_plain",18,207.541976124048,0
"merged-main",100,100,1,"owned","call","repl",19,358.832068741322,0
"merged-main",100,100,1,"owned","call","dplyr_dibble",19,110.535998828709,0
"merged-main",100,100,1,"owned","call","dibble_bracket",19,147.764105349779,0
"merged-main",100,100,1,"owned","call","dplyr_plain",19,544.480048120022,0
"merged-main",100,100,1,"owned","call","data_table_plain",19,208.15699826926,0
"merged-main",100,100,1,"owned","call","repl",20,375.10902620852,0
"merged-main",100,100,1,"owned","call","dibble_bracket",20,152.027932927012,0
"merged-main",100,100,1,"owned","call","data_table_plain",20,214.101979508996,0
"merged-main",100,100,1,"owned","call","dplyr_dibble",20,111.766043119133,0
"merged-main",100,100,1,"owned","call","dplyr_plain",20,544.726033695042,0
"merged-main",100,100,1,"owned","arithmetic","dibble_bracket",1,146.493082866073,0
"merged-main",100,100,1,"owned","arithmetic","repl",1,155.062065459788,0
"merged-main",100,100,1,"owned","arithmetic","dplyr_dibble",1,131.733017042279,0
"merged-main",100,100,1,"owned","arithmetic","data_table_plain",1,206.722063012421,0
"merged-main",100,100,1,"owned","arithmetic","dplyr_plain",1,574.696925468743,0
"merged-main",100,100,1,"owned","arithmetic","dibble_bracket",2,152.766006067395,0
"merged-main",100,100,1,"owned","arithmetic","dplyr_dibble",2,115.619972348213,0
"merged-main",100,100,1,"owned","arithmetic","repl",2,159.53101683408,0
"merged-main",100,100,1,"owned","arithmetic","dplyr_plain",2,541.405053809285,0
"merged-main",100,100,1,"owned","arithmetic","data_table_plain",2,220.621004700661,0
"merged-main",100,100,1,"owned","arithmetic","data_table_plain",3,206.722063012421,0
"merged-main",100,100,1,"owned","arithmetic","dplyr_plain",3,535.664963535964,0
"merged-main",100,100,1,"owned","arithmetic","repl",3,157.480943016708,0
"merged-main",100,100,1,"owned","arithmetic","dibble_bracket",3,163.384946063161,0
"merged-main",100,100,1,"owned","arithmetic","dplyr_dibble",3,117.424060590565,0
"merged-main",100,100,1,"owned","arithmetic","dplyr_plain",4,532.671925611794,0
"merged-main",100,100,1,"owned","arithmetic","dibble_bracket",4,155.635992996395,0
"merged-main",100,100,1,"owned","arithmetic","dplyr_dibble",4,117.38296598196,0
"merged-main",100,100,1,"owned","arithmetic","data_table_plain",4,215.864973142743,0
"merged-main",100,100,1,"owned","arithmetic","repl",4,157.439964823425,0
"merged-main",100,100,1,"owned","arithmetic","dplyr_dibble",5,115.33300857991,0
"merged-main",100,100,1,"owned","arithmetic","dplyr_plain",5,539.847067557275,0
"merged-main",100,100,1,"owned","arithmetic","repl",5,166.828976944089,0
"merged-main",100,100,1,"owned","arithmetic","dibble_bracket",5,146.697973832488,0
"merged-main",100,100,1,"owned","arithmetic","data_table_plain",5,201.637973077595,0
"merged-main",100,100,1,"owned","arithmetic","repl",6,156.16905875504,0
"merged-main",100,100,1,"owned","arithmetic","dibble_bracket",6,150.592997670174,0
"merged-main",100,100,1,"owned","arithmetic","dplyr_dibble",6,126.771978102624,0
"merged-main",100,100,1,"owned","arithmetic","data_table_plain",6,273.510930128396,0
"merged-main",100,100,1,"owned","arithmetic","dplyr_plain",6,545.709975995123,0
"merged-main",100,100,1,"owned","arithmetic","repl",7,161.08900308609,0
"merged-main",100,100,1,"owned","arithmetic","dplyr_dibble",7,113.40610217303,0
"merged-main",100,100,1,"owned","arithmetic","dibble_bracket",7,167.32094809413,0
"merged-main",100,100,1,"owned","arithmetic","data_table_plain",7,217.669061385095,0
"merged-main",100,100,1,"owned","arithmetic","dplyr_plain",7,556.370010599494,0
"merged-main",100,100,1,"owned","arithmetic","repl",8,157.522037625313,0
"merged-main",100,100,1,"owned","arithmetic","data_table_plain",8,205.65593149513,0
"merged-main",100,100,1,"owned","arithmetic","dplyr_plain",8,572.196091525257,0
"merged-main",100,100,1,"owned","arithmetic","dplyr_dibble",8,118.612893857062,0
"merged-main",100,100,1,"owned","arithmetic","dibble_bracket",8,150.921056047082,0
"merged-main",100,100,1,"owned","arithmetic","data_table_plain",9,221.236026845872,0
"merged-main",100,100,1,"owned","arithmetic","dplyr_plain",9,535.172992385924,0
"merged-main",100,100,1,"owned","arithmetic","dplyr_dibble",9,119.350966997445,0
"merged-main",100,100,1,"owned","arithmetic","repl",9,160.473980940878,0
"merged-main",100,100,1,"owned","arithmetic","dibble_bracket",9,144.115067087114,0
"merged-main",100,100,1,"owned","arithmetic","dibble_bracket",10,168.305006809533,0
"merged-main",100,100,1,"owned","arithmetic","dplyr_plain",10,554.976053535938,0
"merged-main",100,100,1,"owned","arithmetic","repl",10,158.957089297473,0
"merged-main",100,100,1,"owned","arithmetic","dplyr_dibble",10,116.563052870333,0
"merged-main",100,100,1,"owned","arithmetic","data_table_plain",10,201.884075067937,0
"merged-main",100,100,1,"owned","arithmetic","dplyr_dibble",11,117.218936793506,0
"merged-main",100,100,1,"owned","arithmetic","repl",11,152.027932927012,0
"merged-main",100,100,1,"owned","arithmetic","dplyr_plain",11,529.105076566339,0
"merged-main",100,100,1,"owned","arithmetic","data_table_plain",11,200.818059965968,0
"merged-main",100,100,1,"owned","arithmetic","dibble_bracket",11,154.815963469446,0
"merged-main",100,100,1,"owned","arithmetic","repl",12,157.276052050292,0
"merged-main",100,100,1,"owned","arithmetic","dplyr_dibble",12,117.957009933889,0
"merged-main",100,100,1,"owned","arithmetic","data_table_plain",12,246.696989051998,0
"merged-main",100,100,1,"owned","arithmetic","dibble_bracket",12,163.877033628523,0
"merged-main",100,100,1,"owned","arithmetic","dplyr_plain",12,546.406954526901,0
"merged-main",100,100,1,"owned","arithmetic","repl",13,160.597031936049,0
"merged-main",100,100,1,"owned","arithmetic","dibble_bracket",13,147.025915794075,0
"merged-main",100,100,1,"owned","arithmetic","data_table_plain",13,218.078959733248,0
"merged-main",100,100,1,"owned","arithmetic","dplyr_dibble",13,116.604031063616,0
"merged-main",100,100,1,"owned","arithmetic","dplyr_plain",13,533.574027940631,0
"merged-main",100,100,1,"owned","arithmetic","data_table_plain",14,205.861055292189,0
"merged-main",100,100,1,"owned","arithmetic","repl",14,179.867027327418,0
"merged-main",100,100,1,"owned","arithmetic","dibble_bracket",14,149.772968143225,0
"merged-main",100,100,1,"owned","arithmetic","dplyr_plain",14,527.956988662481,0
"merged-main",100,100,1,"owned","arithmetic","dplyr_dibble",14,115.743023343384,0
"merged-main",100,100,1,"owned","arithmetic","data_table_plain",15,205.163960345089,0
"merged-main",100,100,1,"owned","arithmetic","dplyr_plain",15,641.36297442019,0
"merged-main",100,100,1,"owned","arithmetic","dplyr_dibble",15,119.720003567636,0
"merged-main",100,100,1,"owned","arithmetic","repl",15,162.934069521725,0
"merged-main",100,100,1,"owned","arithmetic","dibble_bracket",15,153.42200640589,0
"merged-main",100,100,1,"owned","arithmetic","dplyr_dibble",16,117.711024358869,0
"merged-main",100,100,1,"owned","arithmetic","dplyr_plain",16,541.856046766043,0
"merged-main",100,100,1,"owned","arithmetic","data_table_plain",16,247.599091380835,0
"merged-main",100,100,1,"owned","arithmetic","dibble_bracket",16,151.37204900384,0
"merged-main",100,100,1,"owned","arithmetic","repl",16,157.358008436859,0
"merged-main",100,100,1,"owned","arithmetic","dibble_bracket",17,147.599959746003,0
"merged-main",100,100,1,"owned","arithmetic","dplyr_plain",17,528.161996044219,0
"merged-main",100,100,1,"owned","arithmetic","data_table_plain",17,207.254895940423,0
"merged-main",100,100,1,"owned","arithmetic","repl",17,177.940004505217,0
"merged-main",100,100,1,"owned","arithmetic","dplyr_dibble",17,118.038966320455,0
"merged-main",100,100,1,"owned","arithmetic","repl",18,158.505979925394,0
"merged-main",100,100,1,"owned","arithmetic","dplyr_dibble",18,116.931973025203,0
"merged-main",100,100,1,"owned","arithmetic","data_table_plain",18,205.327989533544,0
"merged-main",100,100,1,"owned","arithmetic","dibble_bracket",18,153.504079207778,0
"merged-main",100,100,1,"owned","arithmetic","dplyr_plain",18,573.672004975379,0
"merged-main",100,100,1,"owned","arithmetic","dibble_bracket",19,145.099009387195,0
"merged-main",100,100,1,"owned","arithmetic","dplyr_plain",19,522.381043992937,0
"merged-main",100,100,1,"owned","arithmetic","repl",19,153.791042976081,0
"merged-main",100,100,1,"owned","arithmetic","data_table_plain",19,211.642007343471,0
"merged-main",100,100,1,"owned","arithmetic","dplyr_dibble",19,118.039082735777,0
"merged-main",100,100,1,"owned","arithmetic","dibble_bracket",20,149.813946336508,0
"merged-main",100,100,1,"owned","arithmetic","dplyr_dibble",20,119.228032417595,0
"merged-main",100,100,1,"owned","arithmetic","dplyr_plain",20,538.493972271681,0
"merged-main",100,100,1,"owned","arithmetic","repl",20,154.939014464617,0
"merged-main",100,100,1,"owned","arithmetic","data_table_plain",20,206.968048587441,0
"merged-main",100,100,1,"owned","create","dplyr_plain",1,523.939030244946,0
"merged-main",100,100,1,"owned","create","gen",1,211.355043575168,0
"merged-main",100,100,1,"owned","create","data_table_plain",1,226.730015128851,0
"merged-main",100,100,1,"owned","create","dplyr_dibble",1,116.27608910203,0
"merged-main",100,100,1,"owned","create","dibble_bracket",1,165.147939696908,0
"merged-main",100,100,1,"owned","create","dibble_bracket",2,171.62598669529,0
"merged-main",100,100,1,"owned","create","gen",2,202.171038836241,0
"merged-main",100,100,1,"owned","create","dplyr_plain",2,535.788014531136,0
"merged-main",100,100,1,"owned","create","data_table_plain",2,233.781989663839,0
"merged-main",100,100,1,"owned","create","dplyr_dibble",2,118.44898108393,0
"merged-main",100,100,1,"owned","create","gen",3,213.487073779106,0
"merged-main",100,100,1,"owned","create","data_table_plain",3,244.893017224967,0
"merged-main",100,100,1,"owned","create","dplyr_plain",3,588.636961765587,0
"merged-main",100,100,1,"owned","create","dibble_bracket",3,165.926991030574,0
"merged-main",100,100,1,"owned","create","dplyr_dibble",3,117.465038783848,0
"merged-main",100,100,1,"owned","create","gen",4,197.62001466006,0
"merged-main",100,100,1,"owned","create","dplyr_dibble",4,114.594935439527,0
"merged-main",100,100,1,"owned","create","dibble_bracket",4,164.574012160301,0
"merged-main",100,100,1,"owned","create","data_table_plain",4,265.351962298155,0
"merged-main",100,100,1,"owned","create","dplyr_plain",4,543.209025636315,0
"merged-main",100,100,1,"owned","create","data_table_plain",5,227.016978897154,0
"merged-main",100,100,1,"owned","create","gen",5,196.389970369637,0
"merged-main",100,100,1,"owned","create","dibble_bracket",5,162.975047715008,0
"merged-main",100,100,1,"owned","create","dplyr_plain",5,538.863008841872,0
"merged-main",100,100,1,"owned","create","dplyr_dibble",5,133.823952637613,0
"merged-main",100,100,1,"owned","create","data_table_plain",6,230.050995014608,0
"merged-main",100,100,1,"owned","create","dplyr_dibble",6,113.692949526012,0
"merged-main",100,100,1,"owned","create","gen",6,194.831984117627,0
"merged-main",100,100,1,"owned","create","dibble_bracket",6,164.163997396827,0
"merged-main",100,100,1,"owned","create","dplyr_plain",6,548.703013919294,0
"merged-main",100,100,1,"owned","create","dibble_bracket",7,181.506969965994,0
"merged-main",100,100,1,"owned","create","data_table_plain",7,249.895034357905,0
"merged-main",100,100,1,"owned","create","dplyr_dibble",7,116.358045488596,0
"merged-main",100,100,1,"owned","create","dplyr_plain",7,590.523006394506,0
"merged-main",100,100,1,"owned","create","gen",7,200.039008632302,0
"merged-main",100,100,1,"owned","create","data_table_plain",8,228.780088946223,0
"merged-main",100,100,1,"owned","create","gen",8,227.099051699042,0
"merged-main",100,100,1,"owned","create","dplyr_plain",8,552.310957573354,0
"merged-main",100,100,1,"owned","create","dibble_bracket",8,164.246070198715,0
"merged-main",100,100,1,"owned","create","dplyr_dibble",8,122.671946883202,0
"merged-main",100,100,1,"owned","create","dplyr_dibble",9,132.594024762511,0
"merged-main",100,100,1,"owned","create","data_table_plain",9,246.696989051998,0
"merged-main",100,100,1,"owned","create","dibble_bracket",9,168.427941389382,0
"merged-main",100,100,1,"owned","create","dplyr_plain",9,542.799010872841,0
"merged-main",100,100,1,"owned","create","gen",9,198.727007955313,0
"merged-main",100,100,1,"owned","create","gen",10,189.419952221215,0
"merged-main",100,100,1,"owned","create","dibble_bracket",10,161.417061462998,0
"merged-main",100,100,1,"owned","create","dplyr_plain",10,565.881957300007,0
"merged-main",100,100,1,"owned","create","dplyr_dibble",10,124.148093163967,0
"merged-main",100,100,1,"owned","create","data_table_plain",10,249.731005169451,0
"merged-main",100,100,1,"owned","create","gen",11,205.943011678755,0
"merged-main",100,100,1,"owned","create","dplyr_dibble",11,128.61704453826,0
"merged-main",100,100,1,"owned","create","dibble_bracket",11,172.118074260652,0
"merged-main",100,100,1,"owned","create","data_table_plain",11,243.867980316281,0
"merged-main",100,100,1,"owned","create","dplyr_plain",11,548.087991774082,0
"merged-main",100,100,1,"owned","create","dplyr_plain",12,531.811034306884,0
"merged-main",100,100,1,"owned","create","data_table_plain",12,232.059974223375,0
"merged-main",100,100,1,"owned","create","gen",12,200.777081772685,0
"merged-main",100,100,1,"owned","create","dplyr_dibble",12,117.260031402111,0
"merged-main",100,100,1,"owned","create","dibble_bracket",12,160.883995704353,0
"merged-main",100,100,1,"owned","create","gen",13,222.589005716145,0
"merged-main",100,100,1,"owned","create","dplyr_dibble",13,118.613010272384,0
"merged-main",100,100,1,"owned","create","dplyr_plain",13,638.574943877757,0
"merged-main",100,100,1,"owned","create","dibble_bracket",13,162.195996381342,0
"merged-main",100,100,1,"owned","create","data_table_plain",13,239.76806551218,0
"merged-main",100,100,1,"owned","create","data_table_plain",14,225.29496345669,0
"merged-main",100,100,1,"owned","create","gen",14,200.858921743929,0
"merged-main",100,100,1,"owned","create","dibble_bracket",14,161.416945047677,0
"merged-main",100,100,1,"owned","create","dplyr_dibble",14,112.545094452798,0
"merged-main",100,100,1,"owned","create","dplyr_plain",14,539.232045412064,0
"merged-main",100,100,1,"owned","create","gen",15,195.979955606163,0
"merged-main",100,100,1,"owned","create","dplyr_plain",15,531.031982973218,0
"merged-main",100,100,1,"owned","create","dibble_bracket",15,174.578046426177,0
"merged-main",100,100,1,"owned","create","data_table_plain",15,295.036006718874,0
"merged-main",100,100,1,"owned","create","dplyr_dibble",15,118.285068310797,0
"merged-main",100,100,1,"owned","create","gen",16,194.954918697476,0
"merged-main",100,100,1,"owned","create","dplyr_dibble",16,121.19603343308,0
"merged-main",100,100,1,"owned","create","dibble_bracket",16,161.416945047677,0
"merged-main",100,100,1,"owned","create","data_table_plain",16,226.033036597073,0
"merged-main",100,100,1,"owned","create","dplyr_plain",16,539.970002137125,0
"merged-main",100,100,1,"owned","create","gen",17,197.004992514849,0
"merged-main",100,100,1,"owned","create","data_table_plain",17,229.805009439588,0
"merged-main",100,100,1,"owned","create","dibble_bracket",17,160.597031936049,0
"merged-main",100,100,1,"owned","create","dplyr_dibble",17,115.865957923234,0
"merged-main",100,100,1,"owned","create","dplyr_plain",17,534.803955815732,0
"merged-main",100,100,1,"owned","create","data_table_plain",18,237.062107771635,0
"merged-main",100,100,1,"owned","create","dplyr_plain",18,564.406043849885,0
"merged-main",100,100,1,"owned","create","dibble_bracket",18,170.109095051885,0
"merged-main",100,100,1,"owned","create","dplyr_dibble",18,121.852033771574,0
"merged-main",100,100,1,"owned","create","gen",18,198.357971385121,0
"merged-main",100,100,1,"owned","create","data_table_plain",19,238.825101405382,0
"merged-main",100,100,1,"owned","create","dplyr_dibble",19,115.168979391456,0
"merged-main",100,100,1,"owned","create","dibble_bracket",19,165.230012498796,0
"merged-main",100,100,1,"owned","create","gen",19,199.834001250565,0
"merged-main",100,100,1,"owned","create","dplyr_plain",19,556.615996174514,0
"merged-main",100,100,1,"owned","create","data_table_plain",20,235.176063142717,0
"merged-main",100,100,1,"owned","create","gen",20,197.168905287981,0
"merged-main",100,100,1,"owned","create","dplyr_dibble",20,114.512979052961,0
"merged-main",100,100,1,"owned","create","dplyr_plain",20,536.977080628276,0
"merged-main",100,100,1,"owned","create","dibble_bracket",20,161.170959472656,0
"merged-main",100,100,1,"owned","five","data_table_plain",1,288.311974145472,0
"merged-main",100,100,1,"owned","five","dibble_bracket",1,242.351088672876,0
"merged-main",100,100,1,"owned","five","dplyr_plain",1,724.921002984047,0
"merged-main",100,100,1,"owned","five","dplyr_dibble",1,120.704062283039,0
"merged-main",100,100,1,"owned","five","dplyr_plain",2,671.129091642797,0
"merged-main",100,100,1,"owned","five","dibble_bracket",2,228.206044994295,0
"merged-main",100,100,1,"owned","five","data_table_plain",2,254.158978350461,0
"merged-main",100,100,1,"owned","five","dplyr_dibble",2,127.961044199765,0
"merged-main",100,100,1,"owned","five","data_table_plain",3,248.992932029068,0
"merged-main",100,100,1,"owned","five","dplyr_plain",3,691.957073286176,0
"merged-main",100,100,1,"owned","five","dplyr_dibble",3,122.098019346595,0
"merged-main",100,100,1,"owned","five","dibble_bracket",3,229.927944019437,0
"merged-main",100,100,1,"owned","five","dplyr_plain",4,684.904982335865,0
"merged-main",100,100,1,"owned","five","dibble_bracket",4,220.785033889115,0
"merged-main",100,100,1,"owned","five","dplyr_dibble",4,119.064003229141,0
"merged-main",100,100,1,"owned","five","data_table_plain",4,249.403063207865,0
"merged-main",100,100,1,"owned","five","dplyr_plain",5,673.875911161304,0
"merged-main",100,100,1,"owned","five","dplyr_dibble",5,118.982046842575,0
"merged-main",100,100,1,"owned","five","dibble_bracket",5,231.527024880052,0
"merged-main",100,100,1,"owned","five","data_table_plain",5,244.974973611534,0
"merged-main",100,100,1,"owned","five","dplyr_dibble",6,133.578083477914,0
"merged-main",100,100,1,"owned","five","dibble_bracket",6,221.605063416064,0
"merged-main",100,100,1,"owned","five","data_table_plain",6,252.313911914825,0
"merged-main",100,100,1,"owned","five","dplyr_plain",6,689.456006512046,0
"merged-main",100,100,1,"owned","five","dplyr_plain",7,662.601087242365,0
"merged-main",100,100,1,"owned","five","dibble_bracket",7,227.345037274063,0
"merged-main",100,100,1,"owned","five","data_table_plain",7,251.288991421461,0
"merged-main",100,100,1,"owned","five","dplyr_dibble",7,115.497037768364,0
"merged-main",100,100,1,"owned","five","dplyr_plain",8,684.084952808917,0
"merged-main",100,100,1,"owned","five","dibble_bracket",8,225.623021833599,0
"merged-main",100,100,1,"owned","five","data_table_plain",8,245.38510479033,0
"merged-main",100,100,1,"owned","five","dplyr_dibble",8,119.309988804162,0
"merged-main",100,100,1,"owned","five","data_table_plain",9,239.194021560252,0
"merged-main",100,100,1,"owned","five","dplyr_dibble",9,137.021997943521,0
"merged-main",100,100,1,"owned","five","dplyr_plain",9,704.339006915689,0
"merged-main",100,100,1,"owned","five","dibble_bracket",9,225.418014451861,0
"merged-main",100,100,1,"owned","five","dibble_bracket",10,216.972082853317,0
"merged-main",100,100,1,"owned","five","dplyr_plain",10,680.640921927989,0
"merged-main",100,100,1,"owned","five","data_table_plain",10,280.439970083535,0
"merged-main",100,100,1,"owned","five","dplyr_dibble",10,126.772094517946,0
"merged-main",100,100,1,"owned","five","dplyr_dibble",11,123.779056593776,0
"merged-main",100,100,1,"owned","five","data_table_plain",11,253.748963586986,0
"merged-main",100,100,1,"owned","five","dibble_bracket",11,226.320000365376,0
"merged-main",100,100,1,"owned","five","dplyr_plain",11,769.775011576712,0
"merged-main",100,100,1,"owned","five","dibble_bracket",12,225.29496345669,0
"merged-main",100,100,1,"owned","five","data_table_plain",12,256.454921327531,0
"merged-main",100,100,1,"owned","five","dplyr_plain",12,682.855024933815,0
"merged-main",100,100,1,"owned","five","dplyr_dibble",12,121.729099191725,0
"merged-main",100,100,1,"owned","five","data_table_plain",13,246.040988713503,0
"merged-main",100,100,1,"owned","five","dplyr_dibble",13,133.331981487572,0
"merged-main",100,100,1,"owned","five","dibble_bracket",13,223.039998672903,0
"merged-main",100,100,1,"owned","five","dplyr_plain",13,705.405022017658,0
"merged-main",100,100,1,"owned","five","dplyr_dibble",14,120.170996524394,0
"merged-main",100,100,1,"owned","five","dibble_bracket",14,244.032009504735,0
"merged-main",100,100,1,"owned","five","data_table_plain",14,249.8539397493,0
"merged-main",100,100,1,"owned","five","dplyr_plain",14,690.603978000581,0
"merged-main",100,100,1,"owned","five","dplyr_dibble",15,130.256987176836,0
"merged-main",100,100,1,"owned","five","dibble_bracket",15,224.147108383477,0
"merged-main",100,100,1,"owned","five","dplyr_plain",15,691.66999310255,0
"merged-main",100,100,1,"owned","five","data_table_plain",15,256.823957897723,0
"merged-main",100,100,1,"owned","five","data_table_plain",16,242.555979639292,0
"merged-main",100,100,1,"owned","five","dibble_bracket",16,238.251057453454,0
"merged-main",100,100,1,"owned","five","dplyr_dibble",16,120.867975056171,0
"merged-main",100,100,1,"owned","five","dplyr_plain",16,685.970997437835,0
"merged-main",100,100,1,"owned","five","dplyr_plain",17,643.945997580886,0
"merged-main",100,100,1,"owned","five","data_table_plain",17,245.0569299981,0
"merged-main",100,100,1,"owned","five","dibble_bracket",17,216.357060708106,0
"merged-main",100,100,1,"owned","five","dplyr_dibble",17,117.669929750264,0
"merged-main",100,100,1,"owned","five","dplyr_dibble",18,117.465038783848,0
"merged-main",100,100,1,"owned","five","data_table_plain",18,258.382060565054,0
"merged-main",100,100,1,"owned","five","dibble_bracket",18,219.391076825559,0
"merged-main",100,100,1,"owned","five","dplyr_plain",18,767.028075642884,0
"merged-main",100,100,1,"owned","five","dibble_bracket",19,216.766959056258,0
"merged-main",100,100,1,"owned","five","data_table_plain",19,245.303031988442,0
"merged-main",100,100,1,"owned","five","dplyr_plain",19,692.407949827611,0
"merged-main",100,100,1,"owned","five","dplyr_dibble",19,121.728982776403,0
"merged-main",100,100,1,"owned","five","dplyr_dibble",20,115.661066956818,0
"merged-main",100,100,1,"owned","five","data_table_plain",20,259.160995483398,0
"merged-main",100,100,1,"owned","five","dibble_bracket",20,219.554989598691,0
"merged-main",100,100,1,"owned","five","dplyr_plain",20,667.397980578244,0
"merged-main",100000,2,1,"plain","scalar","dibble_bracket",1,444.193952716887,0
"merged-main",100000,2,1,"plain","scalar","repl",1,332.591938786209,0
"merged-main",100000,2,1,"plain","scalar","dplyr_plain",1,493.188970722258,0
"merged-main",100000,2,1,"plain","scalar","data_table_plain",1,207.131961360574,0
"merged-main",100000,2,1,"plain","scalar","dplyr_dibble",1,1163.57998922467,0
"merged-main",100000,2,1,"plain","scalar","data_table_plain",2,199.54692106694,0
"merged-main",100000,2,1,"plain","scalar","dibble_bracket",2,438.82301542908,0
"merged-main",100000,2,1,"plain","scalar","dplyr_plain",2,525.456038303673,0
"merged-main",100000,2,1,"plain","scalar","dplyr_dibble",2,1176.33095942438,0
"merged-main",100000,2,1,"plain","scalar","repl",2,349.60696939379,0
"merged-main",100000,2,1,"plain","scalar","dplyr_plain",3,480.397022329271,0
"merged-main",100000,2,1,"plain","scalar","repl",3,340.300030075014,0
"merged-main",100000,2,1,"plain","scalar","data_table_plain",3,225.623021833599,0
"merged-main",100000,2,1,"plain","scalar","dplyr_dibble",3,1228.52402273566,0
"merged-main",100000,2,1,"plain","scalar","dibble_bracket",3,448.007020168006,0
"merged-main",100000,2,1,"plain","scalar","dibble_bracket",4,423.12010191381,0
"merged-main",100000,2,1,"plain","scalar","data_table_plain",4,232.470105402172,0
"merged-main",100000,2,1,"plain","scalar","repl",4,343.949068337679,0
"merged-main",100000,2,1,"plain","scalar","dplyr_dibble",4,1152.75592543185,0
"merged-main",100000,2,1,"plain","scalar","dplyr_plain",4,478.305970318615,0
"merged-main",100000,2,1,"plain","scalar","repl",5,381.012912839651,0
"merged-main",100000,2,1,"plain","scalar","dplyr_dibble",5,1132.21502397209,0
"merged-main",100000,2,1,"plain","scalar","data_table_plain",5,211.354927159846,0
"merged-main",100000,2,1,"plain","scalar","dplyr_plain",5,468.629994429648,0
"merged-main",100000,2,1,"plain","scalar","dibble_bracket",5,456.043053418398,0
"merged-main",100000,2,1,"plain","scalar","repl",6,340.669066645205,0
"merged-main",100000,2,1,"plain","scalar","dplyr_plain",6,473.672989755869,0
"merged-main",100000,2,1,"plain","scalar","dibble_bracket",6,435.214955359697,0
"merged-main",100000,2,1,"plain","scalar","dplyr_dibble",6,1211.05799917132,0
"merged-main",100000,2,1,"plain","scalar","data_table_plain",6,210.780999623239,0
"merged-main",100000,2,1,"plain","scalar","dibble_bracket",7,443.701981566846,0
"merged-main",100000,2,1,"plain","scalar","dplyr_dibble",7,1144.35097202659,0
"merged-main",100000,2,1,"plain","scalar","dplyr_plain",7,467.728008516133,0
"merged-main",100000,2,1,"plain","scalar","repl",7,339.562073349953,0
"merged-main",100000,2,1,"plain","scalar","data_table_plain",7,200.612936168909,0
"merged-main",100000,2,1,"plain","scalar","dplyr_dibble",8,1141.97295624763,0
"merged-main",100000,2,1,"plain","scalar","dplyr_plain",8,481.257913634181,0
"merged-main",100000,2,1,"plain","scalar","data_table_plain",8,225.581927224994,0
"merged-main",100000,2,1,"plain","scalar","dibble_bracket",8,433.697947300971,0
"merged-main",100000,2,1,"plain","scalar","repl",8,335.421063937247,0
"merged-main",100000,2,1,"plain","scalar","dplyr_dibble",9,1138.2419615984,0
"merged-main",100000,2,1,"plain","scalar","repl",9,330.337090417743,0
"merged-main",100000,2,1,"plain","scalar","data_table_plain",9,218.324945308268,0
"merged-main",100000,2,1,"plain","scalar","dibble_bracket",9,446.366961114109,0
"merged-main",100000,2,1,"plain","scalar","dplyr_plain",9,477.117020636797,0
"merged-main",100000,2,1,"plain","scalar","dplyr_plain",10,461.208983324468,0
"merged-main",100000,2,1,"plain","scalar","dplyr_dibble",10,1147.30303175747,0
"merged-main",100000,2,1,"plain","scalar","repl",10,344.482017681003,0
"merged-main",100000,2,1,"plain","scalar","dibble_bracket",10,439.274008385837,0
"merged-main",100000,2,1,"plain","scalar","data_table_plain",10,203.319010324776,0
"merged-main",100000,2,1,"plain","scalar","repl",11,410.20498611033,0
"merged-main",100000,2,1,"plain","scalar","data_table_plain",11,199.095928110182,0
"merged-main",100000,2,1,"plain","scalar","dplyr_dibble",11,1143.49008072168,0
"merged-main",100000,2,1,"plain","scalar","dibble_bracket",11,427.384045906365,0
"merged-main",100000,2,1,"plain","scalar","dplyr_plain",11,581.95402380079,0
"merged-main",100000,2,1,"plain","scalar","data_table_plain",12,254.486920312047,0
"merged-main",100000,2,1,"plain","scalar","dibble_bracket",12,452.84500811249,0
"merged-main",100000,2,1,"plain","scalar","dplyr_dibble",12,1157.96306636184,0
"merged-main",100000,2,1,"plain","scalar","dplyr_plain",12,469.819060526788,0
"merged-main",100000,2,1,"plain","scalar","repl",12,483.758980408311,0
"merged-main",100000,2,1,"plain","scalar","repl",13,347.352004610002,0
"merged-main",100000,2,1,"plain","scalar","data_table_plain",13,214.717001654208,0
"merged-main",100000,2,1,"plain","scalar","dplyr_plain",13,488.597084768116,0
"merged-main",100000,2,1,"plain","scalar","dibble_bracket",13,496.141030453146,0
"merged-main",100000,2,1,"plain","scalar","dplyr_dibble",13,1186.95001583546,0
"merged-main",100000,2,1,"plain","scalar","data_table_plain",14,210.535014048219,0
"merged-main",100000,2,1,"plain","scalar","dplyr_plain",14,484.415097162127,0
"merged-main",100000,2,1,"plain","scalar","dibble_bracket",14,442.389980889857,0
"merged-main",100000,2,1,"plain","scalar","repl",14,337.389064952731,0
"merged-main",100000,2,1,"plain","scalar","dplyr_dibble",14,1212.0419414714,0
"merged-main",100000,2,1,"plain","scalar","dplyr_dibble",15,1161.61198820919,0
"merged-main",100000,2,1,"plain","scalar","dplyr_plain",15,480.724964290857,0
"merged-main",100000,2,1,"plain","scalar","data_table_plain",15,205.902033485472,0
"merged-main",100000,2,1,"plain","scalar","dibble_bracket",15,443.496974185109,0
"merged-main",100000,2,1,"plain","scalar","repl",15,344.563974067569,0
"merged-main",100000,2,1,"plain","scalar","dplyr_dibble",16,1220.61104048043,0
"merged-main",100000,2,1,"plain","scalar","dibble_bracket",16,447.473954409361,0
"merged-main",100000,2,1,"plain","scalar","repl",16,342.800980433822,0
"merged-main",100000,2,1,"plain","scalar","dplyr_plain",16,554.853002540767,0
"merged-main",100000,2,1,"plain","scalar","data_table_plain",16,209.428020752966,0
"merged-main",100000,2,1,"plain","scalar","dplyr_dibble",17,1152.96104922891,0
"merged-main",100000,2,1,"plain","scalar","dplyr_plain",17,475.640990771353,0
"merged-main",100000,2,1,"plain","scalar","repl",17,392.370042391121,0
"merged-main",100000,2,1,"plain","scalar","dibble_bracket",17,476.707005873322,0
"merged-main",100000,2,1,"plain","scalar","data_table_plain",17,216.398038901389,0
"merged-main",100000,2,1,"plain","scalar","data_table_plain",18,203.934032469988,0
"merged-main",100000,2,1,"plain","scalar","dplyr_dibble",18,1190.51698129624,0
"merged-main",100000,2,1,"plain","scalar","repl",18,341.734965331852,0
"merged-main",100000,2,1,"plain","scalar","dibble_bracket",18,488.6380629614,0
"merged-main",100000,2,1,"plain","scalar","dplyr_plain",18,489.047961309552,0
"merged-main",100000,2,1,"plain","scalar","repl",19,341.242994181812,0
"merged-main",100000,2,1,"plain","scalar","dplyr_dibble",19,1152.71494723856,0
"merged-main",100000,2,1,"plain","scalar","data_table_plain",19,206.59901201725,0
"merged-main",100000,2,1,"plain","scalar","dibble_bracket",19,441.487994976342,0
"merged-main",100000,2,1,"plain","scalar","dplyr_plain",19,485.521974042058,0
"merged-main",100000,2,1,"plain","scalar","dibble_bracket",20,431.525055319071,0
"merged-main",100000,2,1,"plain","scalar","repl",20,334.642012603581,0
"merged-main",100000,2,1,"plain","scalar","dplyr_dibble",20,1136.15102600306,0
"merged-main",100000,2,1,"plain","scalar","data_table_plain",20,228.98509632796,0
"merged-main",100000,2,1,"plain","scalar","dplyr_plain",20,474.493019282818,0
"merged-main",100000,2,1,"plain","call","repl",1,396.757037378848,0
"merged-main",100000,2,1,"plain","call","data_table_plain",1,204.344047233462,0
"merged-main",100000,2,1,"plain","call","dplyr_dibble",1,1077.1929519251,0
"merged-main",100000,2,1,"plain","call","dibble_bracket",1,532.343983650208,0
"merged-main",100000,2,1,"plain","call","dplyr_plain",1,381.299993023276,0
"merged-main",100000,2,1,"plain","call","repl",2,436.158035881817,0
"merged-main",100000,2,1,"plain","call","dibble_bracket",2,451.614963822067,0
"merged-main",100000,2,1,"plain","call","dplyr_dibble",2,1076.33194420487,0
"merged-main",100000,2,1,"plain","call","dplyr_plain",2,381.833058781922,0
"merged-main",100000,2,1,"plain","call","data_table_plain",2,209.633028134704,0
"merged-main",100000,2,1,"plain","call","dplyr_plain",3,390.238012187183,0
"merged-main",100000,2,1,"plain","call","data_table_plain",3,204.508076421916,0
"merged-main",100000,2,1,"plain","call","dplyr_dibble",3,1087.97603752464,0
"merged-main",100000,2,1,"plain","call","dibble_bracket",3,456.411973573267,0
"merged-main",100000,2,1,"plain","call","repl",3,400.242046453059,0
"merged-main",100000,2,1,"plain","call","repl",4,395.444920286536,0
"merged-main",100000,2,1,"plain","call","data_table_plain",4,228.616059757769,0
"merged-main",100000,2,1,"plain","call","dplyr_plain",4,476.788962259889,0
"merged-main",100000,2,1,"plain","call","dplyr_dibble",4,1140.57899918407,0
"merged-main",100000,2,1,"plain","call","dibble_bracket",4,466.251978650689,0
"merged-main",100000,2,1,"plain","call","dplyr_plain",5,391.959911212325,0
"merged-main",100000,2,1,"plain","call","dibble_bracket",5,452.475971542299,0
"merged-main",100000,2,1,"plain","call","dplyr_dibble",5,1078.50495260209,0
"merged-main",100000,2,1,"plain","call","repl",5,404.383055865765,0
"merged-main",100000,2,1,"plain","call","data_table_plain",5,209.591933526099,0
"merged-main",100000,2,1,"plain","call","dplyr_plain",6,384.005950763822,0
"merged-main",100000,2,1,"plain","call","repl",6,405.817991122603,0
"merged-main",100000,2,1,"plain","call","dibble_bracket",6,446.530990302563,0
"merged-main",100000,2,1,"plain","call","data_table_plain",6,204.5490546152,0
"merged-main",100000,2,1,"plain","call","dplyr_dibble",6,1090.14892950654,0
"merged-main",100000,2,1,"plain","call","data_table_plain",7,208.812998607755,0
"merged-main",100000,2,1,"plain","call","dibble_bracket",7,461.905961856246,0
"merged-main",100000,2,1,"plain","call","repl",7,412.869965657592,0
"merged-main",100000,2,1,"plain","call","dplyr_dibble",7,1114.74900040776,0
"merged-main",100000,2,1,"plain","call","dplyr_plain",7,384.908053092659,0
"merged-main",100000,2,1,"plain","call","dplyr_plain",8,376.011012122035,0
"merged-main",100000,2,1,"plain","call","dibble_bracket",8,458.831083960831,0
"merged-main",100000,2,1,"plain","call","repl",8,410.245964303613,0
"merged-main",100000,2,1,"plain","call","data_table_plain",8,210.780999623239,0
"merged-main",100000,2,1,"plain","call","dplyr_dibble",8,1102.32597216964,0
"merged-main",100000,2,1,"plain","call","dplyr_plain",9,384.744023904204,0
"merged-main",100000,2,1,"plain","call","dplyr_dibble",9,1071.1660142988,0
"merged-main",100000,2,1,"plain","call","repl",9,393.148977309465,0
"merged-main",100000,2,1,"plain","call","data_table_plain",9,222.712056711316,0
"merged-main",100000,2,1,"plain","call","dibble_bracket",9,446.571968495846,0
"merged-main",100000,2,1,"plain","call","repl",10,464.078970253468,0
"merged-main",100000,2,1,"plain","call","dibble_bracket",10,453.131971880794,0
"merged-main",100000,2,1,"plain","call","data_table_plain",10,207.870034500957,0
"merged-main",100000,2,1,"plain","call","dplyr_plain",10,393.354101106524,0
"merged-main",100000,2,1,"plain","call","dplyr_dibble",10,1097.89799898863,0
"merged-main",100000,2,1,"plain","call","dibble_bracket",11,449.810991995037,0
"merged-main",100000,2,1,"plain","call","dplyr_dibble",11,1082.56400562823,0
"merged-main",100000,2,1,"plain","call","repl",11,423.899036832154,0
"merged-main",100000,2,1,"plain","call","data_table_plain",11,207.787961699069,0
"merged-main",100000,2,1,"plain","call","dplyr_plain",11,391.919049434364,0
"merged-main",100000,2,1,"plain","call","dibble_bracket",12,503.889983519912,0
"merged-main",100000,2,1,"plain","call","dplyr_dibble",12,1109.82893966138,0
"merged-main",100000,2,1,"plain","call","repl",12,409.508007578552,0
"merged-main",100000,2,1,"plain","call","data_table_plain",12,216.029002331197,0
"merged-main",100000,2,1,"plain","call","dplyr_plain",12,398.971023969352,0
"merged-main",100000,2,1,"plain","call","dplyr_plain",13,495.977001264691,0
"merged-main",100000,2,1,"plain","call","dibble_bracket",13,475.886976346374,0
"merged-main",100000,2,1,"plain","call","repl",13,455.71499504149,0
"merged-main",100000,2,1,"plain","call","data_table_plain",13,212.46203687042,0
"merged-main",100000,2,1,"plain","call","dplyr_dibble",13,1166.69596172869,0
"merged-main",100000,2,1,"plain","call","dplyr_dibble",14,1082.39997643977,0
"merged-main",100000,2,1,"plain","call","dibble_bracket",14,463.668955489993,0
"merged-main",100000,2,1,"plain","call","dplyr_plain",14,390.073982998729,0
"merged-main",100000,2,1,"plain","call","repl",14,409.918022342026,0
"merged-main",100000,2,1,"plain","call","data_table_plain",14,211.806036531925,0
"merged-main",100000,2,1,"plain","call","data_table_plain",15,203.647068701684,0
"merged-main",100000,2,1,"plain","call","dplyr_dibble",15,1088.91900163144,0
"merged-main",100000,2,1,"plain","call","dplyr_plain",15,432.673026807606,0
"merged-main",100000,2,1,"plain","call","repl",15,421.47992644459,0
"merged-main",100000,2,1,"plain","call","dibble_bracket",15,455.755973234773,0
"merged-main",100000,2,1,"plain","call","dplyr_dibble",16,1166.65498353541,0
"merged-main",100000,2,1,"plain","call","data_table_plain",16,223.777955397964,0
"merged-main",100000,2,1,"plain","call","dplyr_plain",16,406.842911615968,0
"merged-main",100000,2,1,"plain","call","repl",16,432.058004662395,0
"merged-main",100000,2,1,"plain","call","dibble_bracket",16,445.547048002481,0
"merged-main",100000,2,1,"plain","call","repl",17,403.316924348474,0
"merged-main",100000,2,1,"plain","call","dibble_bracket",17,439.7660959512,0
"merged-main",100000,2,1,"plain","call","dplyr_dibble",17,1091.46104659885,0
"merged-main",100000,2,1,"plain","call","dplyr_plain",17,388.351967558265,0
"merged-main",100000,2,1,"plain","call","data_table_plain",17,221.031019464135,0
"merged-main",100000,2,1,"plain","call","repl",18,414.591981098056,0
"merged-main",100000,2,1,"plain","call","dibble_bracket",18,457.805930636823,0
"merged-main",100000,2,1,"plain","call","dplyr_dibble",18,1062.96595185995,0
"merged-main",100000,2,1,"plain","call","dplyr_plain",18,380.479963496327,0
"merged-main",100000,2,1,"plain","call","data_table_plain",18,205.615069717169,0
"merged-main",100000,2,1,"plain","call","dplyr_plain",19,375.026953406632,0
"merged-main",100000,2,1,"plain","call","dplyr_dibble",19,1079.89902608097,0
"merged-main",100000,2,1,"plain","call","data_table_plain",19,203.319010324776,0
"merged-main",100000,2,1,"plain","call","dibble_bracket",19,454.730936326087,0
"merged-main",100000,2,1,"plain","call","repl",19,399.094074964523,0
"merged-main",100000,2,1,"plain","call","data_table_plain",20,203.359988518059,0
"merged-main",100000,2,1,"plain","call","dplyr_plain",20,432.222033850849,0
"merged-main",100000,2,1,"plain","call","repl",20,414.469046518207,0
"merged-main",100000,2,1,"plain","call","dplyr_dibble",20,1105.9750104323,0
"merged-main",100000,2,1,"plain","call","dibble_bracket",20,448.909006081522,0
"merged-main",100000,2,1,"plain","arithmetic","dplyr_dibble",1,817.909021861851,0
"merged-main",100000,2,1,"plain","arithmetic","data_table_plain",1,237.02101316303,0
"merged-main",100000,2,1,"plain","arithmetic","dplyr_plain",1,398.683943785727,0
"merged-main",100000,2,1,"plain","arithmetic","dibble_bracket",1,2833.83799251169,0
"merged-main",100000,2,1,"plain","arithmetic","repl",1,2758.19294620305,0
"merged-main",100000,2,1,"plain","arithmetic","data_table_plain",2,240.341993048787,0
"merged-main",100000,2,1,"plain","arithmetic","dplyr_dibble",2,819.58994269371,0
"merged-main",100000,2,1,"plain","arithmetic","dplyr_plain",2,400.569988414645,0
"merged-main",100000,2,1,"plain","arithmetic","repl",2,2785.62202583998,0
"merged-main",100000,2,1,"plain","arithmetic","dibble_bracket",2,2880.37303835154,0
"merged-main",100000,2,1,"plain","arithmetic","data_table_plain",3,236.692954786122,0
"merged-main",100000,2,1,"plain","arithmetic","repl",3,2784.26904696971,0
"merged-main",100000,2,1,"plain","arithmetic","dibble_bracket",3,2825.76098106802,0
"merged-main",100000,2,1,"plain","arithmetic","dplyr_dibble",3,844.722962938249,0
"merged-main",100000,2,1,"plain","arithmetic","dplyr_plain",3,401.430996134877,0
"merged-main",100000,2,1,"plain","arithmetic","dplyr_plain",4,384.456943720579,0
"merged-main",100000,2,1,"plain","arithmetic","dibble_bracket",4,2837.03592140228,0
"merged-main",100000,2,1,"plain","arithmetic","dplyr_dibble",4,847.797957248986,0
"merged-main",100000,2,1,"plain","arithmetic","data_table_plain",4,226.443051360548,0
"merged-main",100000,2,1,"plain","arithmetic","repl",4,2787.01609931886,0
"merged-main",100000,2,1,"plain","arithmetic","dplyr_plain",5,406.473991461098,0
"merged-main",100000,2,1,"plain","arithmetic","dplyr_dibble",5,873.463926836848,0
"merged-main",100000,2,1,"plain","arithmetic","data_table_plain",5,235.258019529283,0
"merged-main",100000,2,1,"plain","arithmetic","repl",5,2912.23009116948,0
"merged-main",100000,2,1,"plain","arithmetic","dibble_bracket",5,2833.79701431841,0
"merged-main",100000,2,1,"plain","arithmetic","dibble_bracket",6,2815.87999779731,0
"merged-main",100000,2,1,"plain","arithmetic","repl",6,2766.22897945344,0
"merged-main",100000,2,1,"plain","arithmetic","dplyr_dibble",6,897.284946404397,0
"merged-main",100000,2,1,"plain","arithmetic","data_table_plain",6,219.473033212125,0
"merged-main",100000,2,1,"plain","arithmetic","dplyr_plain",6,395.526993088424,0
"merged-main",100000,2,1,"plain","arithmetic","dplyr_dibble",7,814.17802721262,0
"merged-main",100000,2,1,"plain","arithmetic","dibble_bracket",7,2818.1349625811,0
"merged-main",100000,2,1,"plain","arithmetic","dplyr_plain",7,399.626907892525,0
"merged-main",100000,2,1,"plain","arithmetic","repl",7,2787.05696109682,0
"merged-main",100000,2,1,"plain","arithmetic","data_table_plain",7,274.084974080324,0
"merged-main",100000,2,1,"plain","arithmetic","dplyr_plain",8,394.911970943213,0
"merged-main",100000,2,1,"plain","arithmetic","data_table_plain",8,225.335941649973,0
"merged-main",100000,2,1,"plain","arithmetic","repl",8,2775.78202076256,0
"merged-main",100000,2,1,"plain","arithmetic","dplyr_dibble",8,812.784070149064,0
"merged-main",100000,2,1,"plain","arithmetic","dibble_bracket",8,2860.15996243805,0
"merged-main",100000,2,1,"plain","arithmetic","dplyr_plain",9,393.969006836414,0
"merged-main",100000,2,1,"plain","arithmetic","data_table_plain",9,262.235989794135,0
"merged-main",100000,2,1,"plain","arithmetic","dibble_bracket",9,2892.83692836761,0
"merged-main",100000,2,1,"plain","arithmetic","dplyr_dibble",9,830.988050438464,0
"merged-main",100000,2,1,"plain","arithmetic","repl",9,2777.38098520786,0
"merged-main",100000,2,1,"plain","arithmetic","dibble_bracket",10,2833.01796298474,0
"merged-main",100000,2,1,"plain","arithmetic","data_table_plain",10,227.139913477004,0
"merged-main",100000,2,1,"plain","arithmetic","dplyr_plain",10,410.779030062258,0
"merged-main",100000,2,1,"plain","arithmetic","dplyr_dibble",10,813.235063105822,0
"merged-main",100000,2,1,"plain","arithmetic","repl",10,2784.14599597454,0
"merged-main",100000,2,1,"plain","arithmetic","dplyr_plain",11,389.663968235254,0
"merged-main",100000,2,1,"plain","arithmetic","dplyr_dibble",11,814.095954410732,0
"merged-main",100000,2,1,"plain","arithmetic","dibble_bracket",11,2903.98893412203,0
"merged-main",100000,2,1,"plain","arithmetic","repl",11,2916.37098416686,0
"merged-main",100000,2,1,"plain","arithmetic","data_table_plain",11,240.301014855504,0
"merged-main",100000,2,1,"plain","arithmetic","repl",12,2791.81299265474,0
"merged-main",100000,2,1,"plain","arithmetic","dplyr_dibble",12,824.181945063174,0
"merged-main",100000,2,1,"plain","arithmetic","dibble_bracket",12,2911.98398917913,0
"merged-main",100000,2,1,"plain","arithmetic","data_table_plain",12,236.856983974576,0
"merged-main",100000,2,1,"plain","arithmetic","dplyr_plain",12,424.472964368761,0
"merged-main",100000,2,1,"plain","arithmetic","dibble_bracket",13,2845.9329623729,0
"merged-main",100000,2,1,"plain","arithmetic","data_table_plain",13,224.43407215178,0
"merged-main",100000,2,1,"plain","arithmetic","dplyr_dibble",13,899.58100579679,0
"merged-main",100000,2,1,"plain","arithmetic","repl",13,2825.67890826613,0
"merged-main",100000,2,1,"plain","arithmetic","dplyr_plain",13,413.854024372995,0
"merged-main",100000,2,1,"plain","arithmetic","dplyr_plain",14,388.310989364982,0
"merged-main",100000,2,1,"plain","arithmetic","dibble_bracket",14,2838.63500226289,0
"merged-main",100000,2,1,"plain","arithmetic","repl",14,2773.97804893553,0
"merged-main",100000,2,1,"plain","arithmetic","dplyr_dibble",14,812.087091617286,0
"merged-main",100000,2,1,"plain","arithmetic","data_table_plain",14,232.71597456187,0
"merged-main",100000,2,1,"plain","arithmetic","repl",15,2854.41998858005,0
"merged-main",100000,2,1,"plain","arithmetic","dplyr_dibble",15,847.305986098945,0
"merged-main",100000,2,1,"plain","arithmetic","dibble_bracket",15,2956.96104876697,0
"merged-main",100000,2,1,"plain","arithmetic","dplyr_plain",15,405.858969315886,0
"merged-main",100000,2,1,"plain","arithmetic","data_table_plain",15,236.570020206273,0
"merged-main",100000,2,1,"plain","arithmetic","repl",16,2838.92208244652,0
"merged-main",100000,2,1,"plain","arithmetic","dplyr_plain",16,410.533044487238,0
"merged-main",100000,2,1,"plain","arithmetic","data_table_plain",16,229.312921874225,0
"merged-main",100000,2,1,"plain","arithmetic","dplyr_dibble",16,828.035990707576,0
"merged-main",100000,2,1,"plain","arithmetic","dibble_bracket",16,2907.14600123465,0
"merged-main",100000,2,1,"plain","arithmetic","dibble_bracket",17,2866.30995105952,0
"merged-main",100000,2,1,"plain","arithmetic","repl",17,2766.63899421692,0
"merged-main",100000,2,1,"plain","arithmetic","dplyr_dibble",17,802.123919129372,0
"merged-main",100000,2,1,"plain","arithmetic","dplyr_plain",17,395.896029658616,0
"merged-main",100000,2,1,"plain","arithmetic","data_table_plain",17,226.320000365376,0
"merged-main",100000,2,1,"plain","arithmetic","repl",18,2793.20706613362,0
"merged-main",100000,2,1,"plain","arithmetic","data_table_plain",18,255.430000834167,0
"merged-main",100000,2,1,"plain","arithmetic","dibble_bracket",18,2835.72403714061,0
"merged-main",100000,2,1,"plain","arithmetic","dplyr_plain",18,404.710997827351,0
"merged-main",100000,2,1,"plain","arithmetic","dplyr_dibble",18,822.049914859235,0
"merged-main",100000,2,1,"plain","arithmetic","dibble_bracket",19,2832.812955603,0
"merged-main",100000,2,1,"plain","arithmetic","dplyr_dibble",19,923.197017982602,0
"merged-main",100000,2,1,"plain","arithmetic","data_table_plain",19,224.6800577268,0
"merged-main",100000,2,1,"plain","arithmetic","repl",19,2802.10399068892,0
"merged-main",100000,2,1,"plain","arithmetic","dplyr_plain",19,405.694940127432,0
"merged-main",100000,2,1,"plain","arithmetic","dplyr_plain",20,386.056024581194,0
"merged-main",100000,2,1,"plain","arithmetic","data_table_plain",20,225.951080210507,0
"merged-main",100000,2,1,"plain","arithmetic","dibble_bracket",20,2831.41899853945,0
"merged-main",100000,2,1,"plain","arithmetic","dplyr_dibble",20,956.570962443948,0
"merged-main",100000,2,1,"plain","arithmetic","repl",20,2777.34000701457,0
"merged-main",100000,2,1,"plain","create","dibble_bracket",1,633.162911981344,0
"merged-main",100000,2,1,"plain","create","dplyr_dibble",1,819.835928268731,0
"merged-main",100000,2,1,"plain","create","data_table_plain",1,246.24599609524,0
"merged-main",100000,2,1,"plain","create","gen",1,652.802060358226,0
"merged-main",100000,2,1,"plain","create","dplyr_plain",1,467.194942757487,0
"merged-main",100000,2,1,"plain","create","gen",2,570.842996239662,0
"merged-main",100000,2,1,"plain","create","dplyr_plain",2,443.37403960526,0
"merged-main",100000,2,1,"plain","create","dplyr_dibble",2,840.089982375503,0
"merged-main",100000,2,1,"plain","create","dibble_bracket",2,646.283035166562,0
"merged-main",100000,2,1,"plain","create","data_table_plain",2,244.113965891302,0
"merged-main",100000,2,1,"plain","create","dibble_bracket",3,630.210968665779,0
"merged-main",100000,2,1,"plain","create","gen",3,562.602072022855,0
"merged-main",100000,2,1,"plain","create","data_table_plain",3,245.015951804817,0
"merged-main",100000,2,1,"plain","create","dplyr_plain",3,406.597042456269,0
"merged-main",100000,2,1,"plain","create","dplyr_dibble",3,821.516965515912,0
"merged-main",100000,2,1,"plain","create","dplyr_dibble",4,852.020923048258,0
"merged-main",100000,2,1,"plain","create","data_table_plain",4,251.822057180107,0
"merged-main",100000,2,1,"plain","create","dplyr_plain",4,409.794971346855,0
"merged-main",100000,2,1,"plain","create","dibble_bracket",4,636.524986475706,0
"merged-main",100000,2,1,"plain","create","gen",4,582.200009375811,0
"merged-main",100000,2,1,"plain","create","gen",5,641.199061647058,0
"merged-main",100000,2,1,"plain","create","dplyr_dibble",5,824.796967208385,0
"merged-main",100000,2,1,"plain","create","dibble_bracket",5,625.167973339558,0
"merged-main",100000,2,1,"plain","create","data_table_plain",5,245.303031988442,0
"merged-main",100000,2,1,"plain","create","dplyr_plain",5,411.721994169056,0
"merged-main",100000,2,1,"plain","create","gen",6,573.344063013792,0
"merged-main",100000,2,1,"plain","create","data_table_plain",6,267.648021690547,0
"merged-main",100000,2,1,"plain","create","dibble_bracket",6,678.13997156918,0
"merged-main",100000,2,1,"plain","create","dplyr_plain",6,442.103017121553,0
"merged-main",100000,2,1,"plain","create","dplyr_dibble",6,832.463963888586,0
"merged-main",100000,2,1,"plain","create","gen",7,586.669077165425,0
"merged-main",100000,2,1,"plain","create","dplyr_dibble",7,816.678977571428,0
"merged-main",100000,2,1,"plain","create","data_table_plain",7,246.901996433735,0
"merged-main",100000,2,1,"plain","create","dplyr_plain",7,422.463985159993,0
"merged-main",100000,2,1,"plain","create","dibble_bracket",7,629.103975370526,0
"merged-main",100000,2,1,"plain","create","gen",8,557.928113266826,0
"merged-main",100000,2,1,"plain","create","dplyr_dibble",8,834.555015899241,0
"merged-main",100000,2,1,"plain","create","dibble_bracket",8,626.069959253073,0
"merged-main",100000,2,1,"plain","create","data_table_plain",8,248.788041062653,0
"merged-main",100000,2,1,"plain","create","dplyr_plain",8,403.194106183946,0
"merged-main",100000,2,1,"plain","create","data_table_plain",9,242.555979639292,0
"merged-main",100000,2,1,"plain","create","dibble_bracket",9,638.24700191617,0
"merged-main",100000,2,1,"plain","create","dplyr_dibble",9,904.008978977799,0
"merged-main",100000,2,1,"plain","create","gen",9,594.008015468717,0
"merged-main",100000,2,1,"plain","create","dplyr_plain",9,410.286942496896,0
"merged-main",100000,2,1,"plain","create","dplyr_plain",10,393.107999116182,0
"merged-main",100000,2,1,"plain","create","dibble_bracket",10,634.392956271768,0
"merged-main",100000,2,1,"plain","create","data_table_plain",10,256.906030699611,0
"merged-main",100000,2,1,"plain","create","gen",10,588.965020142496,0
"merged-main",100000,2,1,"plain","create","dplyr_dibble",10,822.952017188072,0
"merged-main",100000,2,1,"plain","create","dibble_bracket",11,692.98199377954,0
"merged-main",100000,2,1,"plain","create","gen",11,576.623948290944,0
"merged-main",100000,2,1,"plain","create","dplyr_plain",11,412.583001889288,0
"merged-main",100000,2,1,"plain","create","dplyr_dibble",11,833.694008179009,0
"merged-main",100000,2,1,"plain","create","data_table_plain",11,253.4210216254,0
"merged-main",100000,2,1,"plain","create","dibble_bracket",12,701.96099113673,0
"merged-main",100000,2,1,"plain","create","dplyr_dibble",12,845.707021653652,0
"merged-main",100000,2,1,"plain","create","gen",12,589.661998674273,0
"merged-main",100000,2,1,"plain","create","data_table_plain",12,259.038060903549,0
"merged-main",100000,2,1,"plain","create","dplyr_plain",12,455.838046036661,0
"merged-main",100000,2,1,"plain","create","dplyr_dibble",13,847.429037094116,0
"merged-main",100000,2,1,"plain","create","data_table_plain",13,259.447959251702,0
"merged-main",100000,2,1,"plain","create","dplyr_plain",13,414.386973716319,0
"merged-main",100000,2,1,"plain","create","dibble_bracket",13,668.91498863697,0
"merged-main",100000,2,1,"plain","create","gen",13,568.260089494288,0
"merged-main",100000,2,1,"plain","create","data_table_plain",14,248.788041062653,0
"merged-main",100000,2,1,"plain","create","dibble_bracket",14,635.049073025584,0
"merged-main",100000,2,1,"plain","create","gen",14,637.960038147867,0
"merged-main",100000,2,1,"plain","create","dplyr_plain",14,425.703008659184,0
"merged-main",100000,2,1,"plain","create","dplyr_dibble",14,851.118937134743,0
"merged-main",100000,2,1,"plain","create","dplyr_dibble",15,811.800011433661,0
"merged-main",100000,2,1,"plain","create","dibble_bracket",15,693.719950504601,0
"merged-main",100000,2,1,"plain","create","dplyr_plain",15,419.42996904254,0
"merged-main",100000,2,1,"plain","create","data_table_plain",15,256.66004512459,0
"merged-main",100000,2,1,"plain","create","gen",15,663.256971165538,0
"merged-main",100000,2,1,"plain","create","gen",16,571.498996578157,0
"merged-main",100000,2,1,"plain","create","dplyr_plain",16,412.091030739248,0
"merged-main",100000,2,1,"plain","create","dplyr_dibble",16,838.98298908025,0
"merged-main",100000,2,1,"plain","create","data_table_plain",16,259.079039096832,0
"merged-main",100000,2,1,"plain","create","dibble_bracket",16,633.900985121727,0
"merged-main",100000,2,1,"plain","create","data_table_plain",17,256.086001172662,0
"merged-main",100000,2,1,"plain","create","dibble_bracket",17,641.404069028795,0
"merged-main",100000,2,1,"plain","create","gen",17,562.766101211309,0
"merged-main",100000,2,1,"plain","create","dplyr_plain",17,406.966079026461,0
"merged-main",100000,2,1,"plain","create","dplyr_dibble",17,895.358039997518,0
"merged-main",100000,2,1,"plain","create","dplyr_dibble",18,833.734986372292,0
"merged-main",100000,2,1,"plain","create","dibble_bracket",18,640.132930129766,0
"merged-main",100000,2,1,"plain","create","gen",18,571.909011341631,0
"merged-main",100000,2,1,"plain","create","dplyr_plain",18,408.482970669866,0
"merged-main",100000,2,1,"plain","create","data_table_plain",18,255.962950177491,0
"merged-main",100000,2,1,"plain","create","dplyr_plain",19,410.532928071916,0
"merged-main",100000,2,1,"plain","create","dplyr_dibble",19,836.154096759856,0
"merged-main",100000,2,1,"plain","create","gen",19,578.264007344842,0
"merged-main",100000,2,1,"plain","create","dibble_bracket",19,641.404069028795,0
"merged-main",100000,2,1,"plain","create","data_table_plain",19,249.525997787714,0
"merged-main",100000,2,1,"plain","create","gen",20,571.949989534914,0
"merged-main",100000,2,1,"plain","create","dplyr_dibble",20,903.844949789345,0
"merged-main",100000,2,1,"plain","create","dibble_bracket",20,646.856962703168,0
"merged-main",100000,2,1,"plain","create","dplyr_plain",20,414.264039136469,0
"merged-main",100000,2,1,"plain","create","data_table_plain",20,255.840015597641,0
"merged-main",100000,2,1,"plain","five","dplyr_plain",1,606.226036325097,0
"merged-main",100000,2,1,"plain","five","dibble_bracket",1,2020.60304582119,0
"merged-main",100000,2,1,"plain","five","data_table_plain",1,354.731921106577,0
"merged-main",100000,2,1,"plain","five","dplyr_dibble",1,1718.80202833563,0
"merged-main",100000,2,1,"plain","five","dplyr_plain",2,755.343004129827,0
"merged-main",100000,2,1,"plain","five","data_table_plain",2,351.288006640971,0
"merged-main",100000,2,1,"plain","five","dibble_bracket",2,2147.57991489023,0
"merged-main",100000,2,1,"plain","five","dplyr_dibble",2,1670.66801805049,0
"merged-main",100000,2,1,"plain","five","dplyr_dibble",3,1654.84193712473,0
"merged-main",100000,2,1,"plain","five","dibble_bracket",3,1994.97805442661,0
"merged-main",100000,2,1,"plain","five","dplyr_plain",3,653.621973469853,0
"merged-main",100000,2,1,"plain","five","data_table_plain",3,349.48403481394,0
"merged-main",100000,2,1,"plain","five","dplyr_plain",4,789.249897934496,0
"merged-main",100000,2,1,"plain","five","data_table_plain",4,369.081972166896,0
"merged-main",100000,2,1,"plain","five","dibble_bracket",4,2303.29798068851,0
"merged-main",100000,2,1,"plain","five","dplyr_dibble",4,1836.2260889262,0
"merged-main",100000,2,1,"plain","five","dplyr_dibble",5,1644.83801927418,0
"merged-main",100000,2,1,"plain","five","data_table_plain",5,360.38993857801,0
"merged-main",100000,2,1,"plain","five","dibble_bracket",5,2044.01405062526,0
"merged-main",100000,2,1,"plain","five","dplyr_plain",5,647.881999611855,0
"merged-main",100000,2,1,"plain","five","dplyr_dibble",6,1682.55809694529,0
"merged-main",100000,2,1,"plain","five","data_table_plain",6,354.813993908465,0
"merged-main",100000,2,1,"plain","five","dplyr_plain",6,634.352094493806,0
"merged-main",100000,2,1,"plain","five","dibble_bracket",6,2028.22894789279,0
"merged-main",100000,2,1,"plain","five","data_table_plain",7,352.35402174294,0
"merged-main",100000,2,1,"plain","five","dibble_bracket",7,2021.99700288475,0
"merged-main",100000,2,1,"plain","five","dplyr_dibble",7,1671.9390405342,0
"merged-main",100000,2,1,"plain","five","dplyr_plain",7,631.19491096586,0
"merged-main",100000,2,1,"plain","five","data_table_plain",8,377.77388934046,0
"merged-main",100000,2,1,"plain","five","dplyr_plain",8,658.624107018113,0
"merged-main",100000,2,1,"plain","five","dplyr_dibble",8,1697.64598831534,0
"merged-main",100000,2,1,"plain","five","dibble_bracket",8,2022.36603945494,0
"merged-main",100000,2,1,"plain","five","data_table_plain",9,365.679035894573,0
"merged-main",100000,2,1,"plain","five","dplyr_plain",9,631.973962299526,0
"merged-main",100000,2,1,"plain","five","dplyr_dibble",9,1759.76101309061,0
"merged-main",100000,2,1,"plain","five","dibble_bracket",9,2245.61092909425,0
"merged-main",100000,2,1,"plain","five","dplyr_plain",10,627.422938123345,0
"merged-main",100000,2,1,"plain","five","dibble_bracket",10,2009.61495283991,0
"merged-main",100000,2,1,"plain","five","data_table_plain",10,351.369963027537,0
"merged-main",100000,2,1,"plain","five","dplyr_dibble",10,1666.73201601952,0
"merged-main",100000,2,1,"plain","five","dibble_bracket",11,1992.76406783611,0
"merged-main",100000,2,1,"plain","five","data_table_plain",11,344.645930454135,0
"merged-main",100000,2,1,"plain","five","dplyr_dibble",11,1673.08701202273,0
"merged-main",100000,2,1,"plain","five","dplyr_plain",11,623.896950855851,0
"merged-main",100000,2,1,"plain","five","data_table_plain",12,347.762019373477,0
"merged-main",100000,2,1,"plain","five","dplyr_plain",12,679.780030623078,0
"merged-main",100000,2,1,"plain","five","dibble_bracket",12,2036.75706870854,0
"merged-main",100000,2,1,"plain","five","dplyr_dibble",12,1691.61905068904,0
"merged-main",100000,2,1,"plain","five","dplyr_plain",13,640.174024738371,0
"merged-main",100000,2,1,"plain","five","dibble_bracket",13,2208.01401883364,0
"merged-main",100000,2,1,"plain","five","data_table_plain",13,368.220964446664,0
"merged-main",100000,2,1,"plain","five","dplyr_dibble",13,1754.55398857594,0
"merged-main",100000,2,1,"plain","five","dibble_bracket",14,2075.33803768456,0
"merged-main",100000,2,1,"plain","five","data_table_plain",14,415.617018006742,0
"merged-main",100000,2,1,"plain","five","dplyr_plain",14,664.199935272336,0
"merged-main",100000,2,1,"plain","five","dplyr_dibble",14,1757.38299731165,0
"merged-main",100000,2,1,"plain","five","data_table_plain",15,356.08489997685,0
"merged-main",100000,2,1,"plain","five","dplyr_plain",15,638.862024061382,0
"merged-main",100000,2,1,"plain","five","dplyr_dibble",15,1704.94394842535,0
"merged-main",100000,2,1,"plain","five","dibble_bracket",15,2045.28495669365,0
"merged-main",100000,2,1,"plain","five","dplyr_dibble",16,1670.91400362551,0
"merged-main",100000,2,1,"plain","five","dibble_bracket",16,2110.80303415656,0
"merged-main",100000,2,1,"plain","five","dplyr_plain",16,678.344978950918,0
"merged-main",100000,2,1,"plain","five","data_table_plain",16,369.368935935199,0
"merged-main",100000,2,1,"plain","five","data_table_plain",17,352.025963366032,0
"merged-main",100000,2,1,"plain","five","dibble_bracket",17,2021.34100254625,0
"merged-main",100000,2,1,"plain","five","dplyr_plain",17,643.781968392432,0
"merged-main",100000,2,1,"plain","five","dplyr_dibble",17,1681.69697280973,0
"merged-main",100000,2,1,"plain","five","data_table_plain",18,351.411057636142,0
"merged-main",100000,2,1,"plain","five","dibble_bracket",18,2003.87497898191,0
"merged-main",100000,2,1,"plain","five","dplyr_plain",18,638.411031104624,0
"merged-main",100000,2,1,"plain","five","dplyr_dibble",18,1678.25305834413,0
"merged-main",100000,2,1,"plain","five","dplyr_dibble",19,1666.93702340126,0
"merged-main",100000,2,1,"plain","five","dibble_bracket",19,2015.92897064984,0
"merged-main",100000,2,1,"plain","five","dplyr_plain",19,632.097013294697,0
"merged-main",100000,2,1,"plain","five","data_table_plain",19,355.100957676768,0
"merged-main",100000,2,1,"plain","five","dibble_bracket",20,2035.36299522966,0
"merged-main",100000,2,1,"plain","five","dplyr_plain",20,644.930056296289,0
"merged-main",100000,2,1,"plain","five","data_table_plain",20,371.377915143967,0
"merged-main",100000,2,1,"plain","five","dplyr_dibble",20,1717.32599847019,0
"merged-main",100000,2,1,"owned","scalar","data_table_plain",1,194.298918358982,0
"merged-main",100000,2,1,"owned","scalar","dplyr_dibble",1,122.138997539878,0
"merged-main",100000,2,1,"owned","scalar","dibble_bracket",1,163.95899001509,0
"merged-main",100000,2,1,"owned","scalar","dplyr_plain",1,485.645025037229,0
"merged-main",100000,2,1,"owned","scalar","repl",1,97.047071903944,0
"merged-main",100000,2,1,"owned","scalar","dplyr_plain",2,464.776065200567,0
"merged-main",100000,2,1,"owned","scalar","dibble_bracket",2,154.159963130951,0
"merged-main",100000,2,1,"owned","scalar","data_table_plain",2,203.810981474817,0
"merged-main",100000,2,1,"owned","scalar","repl",2,102.663994766772,0
"merged-main",100000,2,1,"owned","scalar","dplyr_dibble",2,113.446963950992,0
"merged-main",100000,2,1,"owned","scalar","dibble_bracket",3,150.469946675003,0
"merged-main",100000,2,1,"owned","scalar","repl",3,94.6689397096634,0
"merged-main",100000,2,1,"owned","scalar","data_table_plain",3,202.663009986281,0
"merged-main",100000,2,1,"owned","scalar","dplyr_dibble",3,110.453926026821,0
"merged-main",100000,2,1,"owned","scalar","dplyr_plain",3,477.240071631968,0
"merged-main",100000,2,1,"owned","scalar","data_table_plain",4,199.17800091207,0
"merged-main",100000,2,1,"owned","scalar","repl",4,111.970934085548,0
"merged-main",100000,2,1,"owned","scalar","dplyr_dibble",4,112.21703607589,0
"merged-main",100000,2,1,"owned","scalar","dibble_bracket",4,151.24911442399,0
"merged-main",100000,2,1,"owned","scalar","dplyr_plain",4,478.798057883978,0
"merged-main",100000,2,1,"owned","scalar","dplyr_dibble",5,119.720003567636,0
"merged-main",100000,2,1,"owned","scalar","dibble_bracket",5,150.182982906699,0
"merged-main",100000,2,1,"owned","scalar","repl",5,98.6050581559539,0
"merged-main",100000,2,1,"owned","scalar","data_table_plain",5,210.288912057877,0
"merged-main",100000,2,1,"owned","scalar","dplyr_plain",5,463.668955489993,0
"merged-main",100000,2,1,"owned","scalar","dibble_bracket",6,178.062939085066,0
"merged-main",100000,2,1,"owned","scalar","dplyr_dibble",6,111.724948510528,0
"merged-main",100000,2,1,"owned","scalar","data_table_plain",6,211.560050956905,0
"merged-main",100000,2,1,"owned","scalar","repl",6,100.326957181096,0
"merged-main",100000,2,1,"owned","scalar","dplyr_plain",6,467.440928332508,0
"merged-main",100000,2,1,"owned","scalar","repl",7,103.525002487004,0
"merged-main",100000,2,1,"owned","scalar","dibble_bracket",7,151.084968820214,0
"merged-main",100000,2,1,"owned","scalar","data_table_plain",7,198.727007955313,0
"merged-main",100000,2,1,"owned","scalar","dplyr_dibble",7,110.822962597013,0
"merged-main",100000,2,1,"owned","scalar","dplyr_plain",7,468.424987047911,0
"merged-main",100000,2,1,"owned","scalar","repl",8,92.1270111575723,0
"merged-main",100000,2,1,"owned","scalar","data_table_plain",8,215.988024137914,0
"merged-main",100000,2,1,"owned","scalar","dibble_bracket",8,165.76296184212,0
"merged-main",100000,2,1,"owned","scalar","dplyr_plain",8,470.270053483546,0
"merged-main",100000,2,1,"owned","scalar","dplyr_dibble",8,106.517923995852,0
"merged-main",100000,2,1,"owned","scalar","repl",9,98.2359051704407,0
"merged-main",100000,2,1,"owned","scalar","dibble_bracket",9,160.268973559141,0
"merged-main",100000,2,1,"owned","scalar","dplyr_plain",9,491.672079078853,0
"merged-main",100000,2,1,"owned","scalar","dplyr_dibble",9,109.183019958436,0
"merged-main",100000,2,1,"owned","scalar","data_table_plain",9,210.084021091461,0
"merged-main",100000,2,1,"owned","scalar","dibble_bracket",10,159.653951413929,0
"merged-main",100000,2,1,"owned","scalar","repl",10,98.3999343588948,0
"merged-main",100000,2,1,"owned","scalar","data_table_plain",10,205.573975108564,0
"merged-main",100000,2,1,"owned","scalar","dplyr_plain",10,476.296991109848,0
"merged-main",100000,2,1,"owned","scalar","dplyr_dibble",10,108.034932054579,0
"merged-main",100000,2,1,"owned","scalar","repl",11,92.5370259210467,0
"merged-main",100000,2,1,"owned","scalar","dibble_bracket",11,152.560998685658,0
"merged-main",100000,2,1,"owned","scalar","dplyr_plain",11,469.860038720071,0
"merged-main",100000,2,1,"owned","scalar","data_table_plain",11,199.670088477433,0
"merged-main",100000,2,1,"owned","scalar","dplyr_dibble",11,108.239939436316,0
"merged-main",100000,2,1,"owned","scalar","dibble_bracket",12,151.86402015388,0
"merged-main",100000,2,1,"owned","scalar","dplyr_plain",12,472.237938083708,0
"merged-main",100000,2,1,"owned","scalar","repl",12,95.5300638452172,0
"merged-main",100000,2,1,"owned","scalar","dplyr_dibble",12,107.420026324689,0
"merged-main",100000,2,1,"owned","scalar","data_table_plain",12,211.477978155017,0
"merged-main",100000,2,1,"owned","scalar","dplyr_plain",13,476.051005534828,0
"merged-main",100000,2,1,"owned","scalar","dibble_bracket",13,165.311968885362,0
"merged-main",100000,2,1,"owned","scalar","dplyr_dibble",13,107.625033706427,0
"merged-main",100000,2,1,"owned","scalar","repl",13,101.311015896499,0
"merged-main",100000,2,1,"owned","scalar","data_table_plain",13,210.494035854936,0
"merged-main",100000,2,1,"owned","scalar","dibble_bracket",14,156.661029905081,0
"merged-main",100000,2,1,"owned","scalar","dplyr_plain",14,494.665000587702,0
"merged-main",100000,2,1,"owned","scalar","repl",14,139.89198487252,0
"merged-main",100000,2,1,"owned","scalar","dplyr_dibble",14,112.257897853851,0
"merged-main",100000,2,1,"owned","scalar","data_table_plain",14,214.26600869745,0
"merged-main",100000,2,1,"owned","scalar","dplyr_plain",15,495.731015689671,0
"merged-main",100000,2,1,"owned","scalar","data_table_plain",15,203.155097551644,0
"merged-main",100000,2,1,"owned","scalar","dibble_bracket",15,178.636983036995,0
"merged-main",100000,2,1,"owned","scalar","dplyr_dibble",15,108.937034383416,0
"merged-main",100000,2,1,"owned","scalar","repl",15,97.7440504357219,0
"merged-main",100000,2,1,"owned","scalar","repl",16,91.0199014469981,0
"merged-main",100000,2,1,"owned","scalar","dplyr_plain",16,482.119037769735,0
"merged-main",100000,2,1,"owned","scalar","dibble_bracket",16,161.129981279373,0
"merged-main",100000,2,1,"owned","scalar","dplyr_dibble",16,108.732027001679,0
"merged-main",100000,2,1,"owned","scalar","data_table_plain",16,208.894954994321,0
"merged-main",100000,2,1,"owned","scalar","data_table_plain",17,238.496926613152,0
"merged-main",100000,2,1,"owned","scalar","dplyr_dibble",17,108.281034044921,0
"merged-main",100000,2,1,"owned","scalar","repl",17,96.9239044934511,0
"merged-main",100000,2,1,"owned","scalar","dibble_bracket",17,158.014008775353,0
"merged-main",100000,2,1,"owned","scalar","dplyr_plain",17,473.837018944323,0
"merged-main",100000,2,1,"owned","scalar","repl",18,91.5939453989267,0
"merged-main",100000,2,1,"owned","scalar","dibble_bracket",18,164.45096116513,0
"merged-main",100000,2,1,"owned","scalar","data_table_plain",18,200.776965357363,0
"merged-main",100000,2,1,"owned","scalar","dplyr_dibble",18,111.068948172033,0
"merged-main",100000,2,1,"owned","scalar","dplyr_plain",18,467.071891762316,0
"merged-main",100000,2,1,"owned","scalar","repl",19,92.004076577723,0
"merged-main",100000,2,1,"owned","scalar","dplyr_dibble",19,107.010011561215,0
"merged-main",100000,2,1,"owned","scalar","dibble_bracket",19,161.499017849565,0
"merged-main",100000,2,1,"owned","scalar","data_table_plain",19,204.794923774898,0
"merged-main",100000,2,1,"owned","scalar","dplyr_plain",19,482.692965306342,0
"merged-main",100000,2,1,"owned","scalar","dplyr_plain",20,462.398049421608,0
"merged-main",100000,2,1,"owned","scalar","dplyr_dibble",20,128.576066344976,0
"merged-main",100000,2,1,"owned","scalar","repl",20,100.24500079453,0
"merged-main",100000,2,1,"owned","scalar","data_table_plain",20,217.0130610466,0
"merged-main",100000,2,1,"owned","scalar","dibble_bracket",20,158.424023538828,0
"merged-main",100000,2,1,"owned","call","dibble_bracket",1,178.801012225449,0
"merged-main",100000,2,1,"owned","call","data_table_plain",1,221.317983232439,0
"merged-main",100000,2,1,"owned","call","repl",1,289.295916445553,0
"merged-main",100000,2,1,"owned","call","dplyr_plain",1,450.836028903723,0
"merged-main",100000,2,1,"owned","call","dplyr_dibble",1,113.405985757709,0
"merged-main",100000,2,1,"owned","call","data_table_plain",2,209.305086173117,0
"merged-main",100000,2,1,"owned","call","repl",2,286.385067738593,0
"merged-main",100000,2,1,"owned","call","dplyr_plain",2,383.678008802235,0
"merged-main",100000,2,1,"owned","call","dplyr_dibble",2,109.018990769982,0
"merged-main",100000,2,1,"owned","call","dibble_bracket",2,154.283014126122,0
"merged-main",100000,2,1,"owned","call","dplyr_plain",3,381.340971216559,0
"merged-main",100000,2,1,"owned","call","repl",3,283.350935205817,0
"merged-main",100000,2,1,"owned","call","dibble_bracket",3,163.262011483312,0
"merged-main",100000,2,1,"owned","call","dplyr_dibble",3,111.724948510528,0
"merged-main",100000,2,1,"owned","call","data_table_plain",3,208.15699826926,0
"merged-main",100000,2,1,"owned","call","dibble_bracket",4,195.57005725801,0
"merged-main",100000,2,1,"owned","call","data_table_plain",4,202.663009986281,0
"merged-main",100000,2,1,"owned","call","repl",4,297.372927889228,0
"merged-main",100000,2,1,"owned","call","dplyr_dibble",4,112.749985419214,0
"merged-main",100000,2,1,"owned","call","dplyr_plain",4,395.281007513404,0
"merged-main",100000,2,1,"owned","call","dplyr_plain",5,409.262022003531,0
"merged-main",100000,2,1,"owned","call","repl",5,352.436094544828,0
"merged-main",100000,2,1,"owned","call","dibble_bracket",5,163.95899001509,0
"merged-main",100000,2,1,"owned","call","dplyr_dibble",5,110.085005871952,0
"merged-main",100000,2,1,"owned","call","data_table_plain",5,216.439017094672,0
"merged-main",100000,2,1,"owned","call","repl",6,388.844055123627,0
"merged-main",100000,2,1,"owned","call","dplyr_dibble",6,112.339970655739,0
"merged-main",100000,2,1,"owned","call","dplyr_plain",6,398.274045437574,0
"merged-main",100000,2,1,"owned","call","dibble_bracket",6,167.321064509451,0
"merged-main",100000,2,1,"owned","call","data_table_plain",6,222.343020141125,0
"merged-main",100000,2,1,"owned","call","dibble_bracket",7,157.768023200333,0
"merged-main",100000,2,1,"owned","call","dplyr_dibble",7,116.521958261728,0
"merged-main",100000,2,1,"owned","call","dplyr_plain",7,398.888951167464,0
"merged-main",100000,2,1,"owned","call","repl",7,291.837961412966,0
"merged-main",100000,2,1,"owned","call","data_table_plain",7,208.034063689411,0
"merged-main",100000,2,1,"owned","call","dplyr_plain",8,387.080945074558,0
"merged-main",100000,2,1,"owned","call","dplyr_dibble",8,109.264976345003,0
"merged-main",100000,2,1,"owned","call","dibble_bracket",8,156.086985953152,0
"merged-main",100000,2,1,"owned","call","repl",8,286.343973129988,0
"merged-main",100000,2,1,"owned","call","data_table_plain",8,209.182035177946,0
"merged-main",100000,2,1,"owned","call","repl",9,282.572000287473,0
"merged-main",100000,2,1,"owned","call","dibble_bracket",9,153.504079207778,0
"merged-main",100000,2,1,"owned","call","dplyr_dibble",9,110.453926026821,0
"merged-main",100000,2,1,"owned","call","data_table_plain",9,207.173055969179,0
"merged-main",100000,2,1,"owned","call","dplyr_plain",9,389.909953810275,0
"merged-main",100000,2,1,"owned","call","dplyr_dibble",10,113.365007564425,0
"merged-main",100000,2,1,"owned","call","data_table_plain",10,207.992969080806,0
"merged-main",100000,2,1,"owned","call","dplyr_plain",10,386.466039344668,0
"merged-main",100000,2,1,"owned","call","repl",10,317.01207626611,0
"merged-main",100000,2,1,"owned","call","dibble_bracket",10,165.270990692079,0
"merged-main",100000,2,1,"owned","call","data_table_plain",11,205.943011678755,0
"merged-main",100000,2,1,"owned","call","dplyr_plain",11,388.270011171699,0
"merged-main",100000,2,1,"owned","call","repl",11,291.919917799532,0
"merged-main",100000,2,1,"owned","call","dplyr_dibble",11,117.752002552152,0
"merged-main",100000,2,1,"owned","call","dibble_bracket",11,158.547074533999,0
"merged-main",100000,2,1,"owned","call","repl",12,285.564921796322,0
"merged-main",100000,2,1,"owned","call","data_table_plain",12,206.229975447059,0
"merged-main",100000,2,1,"owned","call","dplyr_plain",12,393.026042729616,0
"merged-main",100000,2,1,"owned","call","dplyr_dibble",12,111.356028355658,0
"merged-main",100000,2,1,"owned","call","dibble_bracket",12,154.160079546273,0
"merged-main",100000,2,1,"owned","call","dplyr_plain",13,384.087907150388,0
"merged-main",100000,2,1,"owned","call","dibble_bracket",13,160.187017172575,0
"merged-main",100000,2,1,"owned","call","data_table_plain",13,238.660955801606,0
"merged-main",100000,2,1,"owned","call","dplyr_dibble",13,117.957009933889,0
"merged-main",100000,2,1,"owned","call","repl",13,299.750943668187,0
"merged-main",100000,2,1,"owned","call","data_table_plain",14,220.047077164054,0
"merged-main",100000,2,1,"owned","call","repl",14,279.578962363303,0
"merged-main",100000,2,1,"owned","call","dibble_bracket",14,156.53797890991,0
"merged-main",100000,2,1,"owned","call","dplyr_plain",14,416.437047533691,0
"merged-main",100000,2,1,"owned","call","dplyr_dibble",14,111.068948172033,0
"merged-main",100000,2,1,"owned","call","data_table_plain",15,218.119937926531,0
"merged-main",100000,2,1,"owned","call","dplyr_plain",15,387.614010833204,0
"merged-main",100000,2,1,"owned","call","repl",15,318.610924296081,0
"merged-main",100000,2,1,"owned","call","dplyr_dibble",15,111.27395555377,0
"merged-main",100000,2,1,"owned","call","dibble_bracket",15,160.84301751107,0
"merged-main",100000,2,1,"owned","call","dplyr_plain",16,430.78709859401,0
"merged-main",100000,2,1,"owned","call","repl",16,282.03905094415,0
"merged-main",100000,2,1,"owned","call","dplyr_dibble",16,108.691048808396,0
"merged-main",100000,2,1,"owned","call","data_table_plain",16,211.436999961734,0
"merged-main",100000,2,1,"owned","call","dibble_bracket",16,173.019943758845,0
"merged-main",100000,2,1,"owned","call","data_table_plain",17,244.770082645118,0
"merged-main",100000,2,1,"owned","call","dplyr_plain",17,405.612983740866,0
"merged-main",100000,2,1,"owned","call","dibble_bracket",17,158.833921886981,0
"merged-main",100000,2,1,"owned","call","dplyr_dibble",17,112.216919660568,0
"merged-main",100000,2,1,"owned","call","repl",17,290.484982542694,0
"merged-main",100000,2,1,"owned","call","dibble_bracket",18,164.943048730493,0
"merged-main",100000,2,1,"owned","call","dplyr_plain",18,386.507017537951,0
"merged-main",100000,2,1,"owned","call","repl",18,281.014014035463,0
"merged-main",100000,2,1,"owned","call","dplyr_dibble",18,109.71596930176,0
"merged-main",100000,2,1,"owned","call","data_table_plain",18,204.385025426745,0
"merged-main",100000,2,1,"owned","call","dplyr_dibble",19,109.593034721911,0
"merged-main",100000,2,1,"owned","call","data_table_plain",19,204.056967049837,0
"merged-main",100000,2,1,"owned","call","dplyr_plain",19,393.763999454677,0
"merged-main",100000,2,1,"owned","call","dibble_bracket",19,155.595014803112,0
"merged-main",100000,2,1,"owned","call","repl",19,278.676976449788,0
"merged-main",100000,2,1,"owned","call","data_table_plain",20,209.674006327987,0
"merged-main",100000,2,1,"owned","call","dibble_bracket",20,164.943048730493,0
"merged-main",100000,2,1,"owned","call","dplyr_dibble",20,109.264976345003,0
"merged-main",100000,2,1,"owned","call","dplyr_plain",20,388.392945751548,0
"merged-main",100000,2,1,"owned","call","repl",20,279.538100585341,0
"merged-main",100000,2,1,"owned","arithmetic","dplyr_plain",1,438.331044279039,0
"merged-main",100000,2,1,"owned","arithmetic","dplyr_dibble",1,101.557001471519,0
"merged-main",100000,2,1,"owned","arithmetic","dibble_bracket",1,178.555026650429,0
"merged-main",100000,2,1,"owned","arithmetic","repl",1,141.532043926418,0
"merged-main",100000,2,1,"owned","arithmetic","data_table_plain",1,228.247023187578,0
"merged-main",100000,2,1,"owned","arithmetic","dplyr_dibble",2,99.1380074992776,0
"merged-main",100000,2,1,"owned","arithmetic","data_table_plain",2,221.277005039155,0
"merged-main",100000,2,1,"owned","arithmetic","dplyr_plain",2,453.501008450985,0
"merged-main",100000,2,1,"owned","arithmetic","dibble_bracket",2,179.293099790812,0
"merged-main",100000,2,1,"owned","arithmetic","repl",2,140.425050631166,0
"merged-main",100000,2,1,"owned","arithmetic","repl",3,138.169969432056,0
"merged-main",100000,2,1,"owned","arithmetic","dplyr_plain",3,397.003022953868,0
"merged-main",100000,2,1,"owned","arithmetic","dibble_bracket",3,181.753071956336,0
"merged-main",100000,2,1,"owned","arithmetic","dplyr_dibble",3,102.049089036882,0
"merged-main",100000,2,1,"owned","arithmetic","data_table_plain",3,225.786934606731,0
"merged-main",100000,2,1,"owned","arithmetic","dibble_bracket",4,176.956062205136,0
"merged-main",100000,2,1,"owned","arithmetic","dplyr_dibble",4,107.338069938123,0
"merged-main",100000,2,1,"owned","arithmetic","repl",4,149.075989611447,0
"merged-main",100000,2,1,"owned","arithmetic","data_table_plain",4,273.716053925455,0
"merged-main",100000,2,1,"owned","arithmetic","dplyr_plain",4,427.09696572274,0
"merged-main",100000,2,1,"owned","arithmetic","dplyr_plain",5,394.092057831585,0
"merged-main",100000,2,1,"owned","arithmetic","repl",5,141.778029501438,0
"merged-main",100000,2,1,"owned","arithmetic","dibble_bracket",5,177.694018930197,0
"merged-main",100000,2,1,"owned","arithmetic","dplyr_dibble",5,100.655015558004,0
"merged-main",100000,2,1,"owned","arithmetic","data_table_plain",5,221.809954382479,0
"merged-main",100000,2,1,"owned","arithmetic","dibble_bracket",6,188.436009921134,0
"merged-main",100000,2,1,"owned","arithmetic","dplyr_plain",6,402.332982048392,0
"merged-main",100000,2,1,"owned","arithmetic","dplyr_dibble",6,99.0149565041065,0
"merged-main",100000,2,1,"owned","arithmetic","repl",6,141.614000312984,0
"merged-main",100000,2,1,"owned","arithmetic","data_table_plain",6,228.779972530901,0
"merged-main",100000,2,1,"owned","arithmetic","dibble_bracket",7,178.309041075408,0
"merged-main",100000,2,1,"owned","arithmetic","data_table_plain",7,219.636945985258,0
"merged-main",100000,2,1,"owned","arithmetic","dplyr_plain",7,405.941042117774,0
"merged-main",100000,2,1,"owned","arithmetic","dplyr_dibble",7,101.720914244652,0
"merged-main",100000,2,1,"owned","arithmetic","repl",7,143.622979521751,0
"merged-main",100000,2,1,"owned","arithmetic","data_table_plain",8,267.566065303981,0
"merged-main",100000,2,1,"owned","arithmetic","dplyr_plain",8,401.430996134877,0
"merged-main",100000,2,1,"owned","arithmetic","dplyr_dibble",8,104.467966593802,0
"merged-main",100000,2,1,"owned","arithmetic","repl",8,150.347012095153,0
"merged-main",100000,2,1,"owned","arithmetic","dibble_bracket",8,191.75698980689,0
"merged-main",100000,2,1,"owned","arithmetic","dibble_bracket",9,202.417024411261,0
"merged-main",100000,2,1,"owned","arithmetic","repl",9,165.639910846949,0
"merged-main",100000,2,1,"owned","arithmetic","dplyr_dibble",9,105.738989077508,0
"merged-main",100000,2,1,"owned","arithmetic","dplyr_plain",9,420.659896917641,0
"merged-main",100000,2,1,"owned","arithmetic","data_table_plain",9,232.96196013689,0
"merged-main",100000,2,1,"owned","arithmetic","dibble_bracket",10,190.363032743335,0
"merged-main",100000,2,1,"owned","arithmetic","dplyr_plain",10,402.78397500515,0
"merged-main",100000,2,1,"owned","arithmetic","repl",10,141.44997112453,0
"merged-main",100000,2,1,"owned","arithmetic","dplyr_dibble",10,98.2769997790456,0
"merged-main",100000,2,1,"owned","arithmetic","data_table_plain",10,246.983952820301,0
"merged-main",100000,2,1,"owned","arithmetic","dplyr_plain",11,393.436057493091,0
"merged-main",100000,2,1,"owned","arithmetic","data_table_plain",11,222.834991291165,0
"merged-main",100000,2,1,"owned","arithmetic","repl",11,142.105971463025,0
"merged-main",100000,2,1,"owned","arithmetic","dplyr_dibble",11,98.5229853540659,0
"merged-main",100000,2,1,"owned","arithmetic","dibble_bracket",11,190.363032743335,0
"merged-main",100000,2,1,"owned","arithmetic","repl",12,142.024015076458,0
"merged-main",100000,2,1,"owned","arithmetic","dibble_bracket",12,173.42995852232,0
"merged-main",100000,2,1,"owned","arithmetic","dplyr_plain",12,402.988982386887,0
"merged-main",100000,2,1,"owned","arithmetic","dplyr_dibble",12,114.717986434698,0
"merged-main",100000,2,1,"owned","arithmetic","data_table_plain",12,226.976000703871,0
"merged-main",100000,2,1,"owned","arithmetic","dibble_bracket",13,188.190024346113,0
"merged-main",100000,2,1,"owned","arithmetic","data_table_plain",13,240.957015193999,0
"merged-main",100000,2,1,"owned","arithmetic","dplyr_dibble",13,102.172023616731,0
"merged-main",100000,2,1,"owned","arithmetic","repl",13,171.339022926986,0
"merged-main",100000,2,1,"owned","arithmetic","dplyr_plain",13,420.455005951226,0
"merged-main",100000,2,1,"owned","arithmetic","dibble_bracket",14,185.812008567154,0
"merged-main",100000,2,1,"owned","arithmetic","dplyr_plain",14,401.59490890801,0
"merged-main",100000,2,1,"owned","arithmetic","repl",14,141.736934892833,0
"merged-main",100000,2,1,"owned","arithmetic","dplyr_dibble",14,108.608976006508,0
"merged-main",100000,2,1,"owned","arithmetic","data_table_plain",14,243.867980316281,0
"merged-main",100000,2,1,"owned","arithmetic","dplyr_plain",15,415.083952248096,0
"merged-main",100000,2,1,"owned","arithmetic","dibble_bracket",15,183.024094440043,0
"merged-main",100000,2,1,"owned","arithmetic","repl",15,163.753982633352,0
"merged-main",100000,2,1,"owned","arithmetic","dplyr_dibble",15,104.262959212065,0
"merged-main",100000,2,1,"owned","arithmetic","data_table_plain",15,240.424065850675,0
"merged-main",100000,2,1,"owned","arithmetic","data_table_plain",16,254.363985732198,0
"merged-main",100000,2,1,"owned","arithmetic","dplyr_plain",16,413.608038797975,0
"merged-main",100000,2,1,"owned","arithmetic","repl",16,144.19702347368,0
"merged-main",100000,2,1,"owned","arithmetic","dibble_bracket",16,183.926080353558,0
"merged-main",100000,2,1,"owned","arithmetic","dplyr_dibble",16,99.9580370262265,0
"merged-main",100000,2,1,"owned","arithmetic","repl",17,165.14805611223,0
"merged-main",100000,2,1,"owned","arithmetic","dplyr_dibble",17,102.29495819658,0
"merged-main",100000,2,1,"owned","arithmetic","dibble_bracket",17,183.966942131519,0
"merged-main",100000,2,1,"owned","arithmetic","data_table_plain",17,232.388032600284,0
"merged-main",100000,2,1,"owned","arithmetic","dplyr_plain",17,447.761034592986,0
"merged-main",100000,2,1,"owned","arithmetic","data_table_plain",18,243.74492932111,0
"merged-main",100000,2,1,"owned","arithmetic","dplyr_dibble",18,104.427104815841,0
"merged-main",100000,2,1,"owned","arithmetic","dibble_bracket",18,183.065072633326,0
"merged-main",100000,2,1,"owned","arithmetic","repl",18,145.632075145841,0
"merged-main",100000,2,1,"owned","arithmetic","dplyr_plain",18,403.276062570512,0
"merged-main",100000,2,1,"owned","arithmetic","dibble_bracket",19,177.119974978268,0
"merged-main",100000,2,1,"owned","arithmetic","dplyr_dibble",19,99.0149565041065,0
"merged-main",100000,2,1,"owned","arithmetic","repl",19,144.853023812175,0
"merged-main",100000,2,1,"owned","arithmetic","data_table_plain",19,227.057957090437,0
"merged-main",100000,2,1,"owned","arithmetic","dplyr_plain",19,407.416955567896,0
"merged-main",100000,2,1,"owned","arithmetic","dplyr_plain",20,395.034905523062,0
"merged-main",100000,2,1,"owned","arithmetic","dibble_bracket",20,189.010053873062,0
"merged-main",100000,2,1,"owned","arithmetic","data_table_plain",20,237.061991356313,0
"merged-main",100000,2,1,"owned","arithmetic","dplyr_dibble",20,119.39206160605,0
"merged-main",100000,2,1,"owned","arithmetic","repl",20,141.490949317813,0
"merged-main",100000,2,1,"owned","create","data_table_plain",1,283.638015389442,0
"merged-main",100000,2,1,"owned","create","dibble_bracket",1,202.621915377676,0
"merged-main",100000,2,1,"owned","create","dplyr_dibble",1,102.950958535075,0
"merged-main",100000,2,1,"owned","create","gen",1,205.369084142148,0
"merged-main",100000,2,1,"owned","create","dplyr_plain",1,417.215982452035,0
"merged-main",100000,2,1,"owned","create","data_table_plain",2,274.86402541399,0
"merged-main",100000,2,1,"owned","create","dplyr_plain",2,401.636003516614,0
"merged-main",100000,2,1,"owned","create","gen",2,199.998030439019,0
"merged-main",100000,2,1,"owned","create","dibble_bracket",2,188.559060916305,0
"merged-main",100000,2,1,"owned","create","dplyr_dibble",2,122.221070341766,0
"merged-main",100000,2,1,"owned","create","dplyr_plain",3,399.093958549201,0
"merged-main",100000,2,1,"owned","create","dibble_bracket",3,186.468008905649,0
"merged-main",100000,2,1,"owned","create","dplyr_dibble",3,99.0970293059945,0
"merged-main",100000,2,1,"owned","create","gen",3,197.866000235081,0
"merged-main",100000,2,1,"owned","create","data_table_plain",3,243.786023929715,0
"merged-main",100000,2,1,"owned","create","data_table_plain",4,241.777044720948,0
"merged-main",100000,2,1,"owned","create","dplyr_plain",4,411.557964980602,0
"merged-main",100000,2,1,"owned","create","dibble_bracket",4,225.787051022053,0
"merged-main",100000,2,1,"owned","create","dplyr_dibble",4,111.068948172033,0
"merged-main",100000,2,1,"owned","create","gen",4,210.452941246331,0
"merged-main",100000,2,1,"owned","create","gen",5,197.906978428364,0
"merged-main",100000,2,1,"owned","create","dplyr_plain",5,417.831004597247,0
"merged-main",100000,2,1,"owned","create","data_table_plain",5,253.66700720042,0
"merged-main",100000,2,1,"owned","create","dplyr_dibble",5,112.053006887436,0
"merged-main",100000,2,1,"owned","create","dibble_bracket",5,190.404010936618,0
"merged-main",100000,2,1,"owned","create","gen",6,201.802002266049,0
"merged-main",100000,2,1,"owned","create","dibble_bracket",6,184.909906238317,0
"merged-main",100000,2,1,"owned","create","dplyr_dibble",6,101.351994089782,0
"merged-main",100000,2,1,"owned","create","data_table_plain",6,252.10902094841,0
"merged-main",100000,2,1,"owned","create","dplyr_plain",6,405.202968977392,0
"merged-main",100000,2,1,"owned","create","dplyr_plain",7,396.101037040353,0
"merged-main",100000,2,1,"owned","create","dibble_bracket",7,206.35302644223,0
"merged-main",100000,2,1,"owned","create","gen",7,194.831984117627,0
"merged-main",100000,2,1,"owned","create","data_table_plain",7,290.525960735977,0
"merged-main",100000,2,1,"owned","create","dplyr_dibble",7,100.039993412793,0
"merged-main",100000,2,1,"owned","create","dplyr_dibble",8,95.9399621933699,0
"merged-main",100000,2,1,"owned","create","dibble_bracket",8,186.468008905649,0
"merged-main",100000,2,1,"owned","create","data_table_plain",8,243.867980316281,0
"merged-main",100000,2,1,"owned","create","gen",8,230.050995014608,0
"merged-main",100000,2,1,"owned","create","dplyr_plain",8,428.408966399729,0
"merged-main",100000,2,1,"owned","create","gen",9,203.359988518059,0
"merged-main",100000,2,1,"owned","create","dplyr_plain",9,444.357981905341,0
"merged-main",100000,2,1,"owned","create","dplyr_dibble",9,100.614037364721,0
"merged-main",100000,2,1,"owned","create","dibble_bracket",9,195.365049876273,0
"merged-main",100000,2,1,"owned","create","data_table_plain",9,246.368930675089,0
"merged-main",100000,2,1,"owned","create","data_table_plain",10,283.146044239402,0
"merged-main",100000,2,1,"owned","create","dibble_bracket",10,190.855003893375,0
"merged-main",100000,2,1,"owned","create","gen",10,196.513021364808,0
"merged-main",100000,2,1,"owned","create","dplyr_dibble",10,99.3020366877317,0
"merged-main",100000,2,1,"owned","create","dplyr_plain",10,409.508007578552,0
"merged-main",100000,2,1,"owned","create","gen",11,201.802002266049,0
"merged-main",100000,2,1,"owned","create","dplyr_dibble",11,105.820945464075,0
"merged-main",100000,2,1,"owned","create","dplyr_plain",11,413.44400960952,0
"merged-main",100000,2,1,"owned","create","data_table_plain",11,302.129075862467,0
"merged-main",100000,2,1,"owned","create","dibble_bracket",11,186.71399448067,0
"merged-main",100000,2,1,"owned","create","dplyr_dibble",12,100.572942756116,0
"merged-main",100000,2,1,"owned","create","data_table_plain",12,253.297970630229,0
"merged-main",100000,2,1,"owned","create","dibble_bracket",12,188.641017302871,0
"merged-main",100000,2,1,"owned","create","gen",12,250.592012889683,0
"merged-main",100000,2,1,"owned","create","dplyr_plain",12,404.956983402371,0
"merged-main",100000,2,1,"owned","create","gen",13,195.077969692647,0
"merged-main",100000,2,1,"owned","create","dibble_bracket",13,212.256913073361,0
"merged-main",100000,2,1,"owned","create","dplyr_dibble",13,107.296975329518,0
"merged-main",100000,2,1,"owned","create","data_table_plain",13,256.864936091006,0
"merged-main",100000,2,1,"owned","create","dplyr_plain",13,438.740942627192,0
"merged-main",100000,2,1,"owned","create","dibble_bracket",14,192.453968338668,0
"merged-main",100000,2,1,"owned","create","gen",14,200.367067009211,0
"merged-main",100000,2,1,"owned","create","dplyr_plain",14,450.999941676855,0
"merged-main",100000,2,1,"owned","create","dplyr_dibble",14,103.853060863912,0
"merged-main",100000,2,1,"owned","create","data_table_plain",14,258.710002526641,0
"merged-main",100000,2,1,"owned","create","gen",15,204.426003620028,0
"merged-main",100000,2,1,"owned","create","dplyr_dibble",15,109.060085378587,0
"merged-main",100000,2,1,"owned","create","dibble_bracket",15,196.553999558091,0
"merged-main",100000,2,1,"owned","create","data_table_plain",15,259.816995821893,0
"merged-main",100000,2,1,"owned","create","dplyr_plain",15,422.750948928297,0
"merged-main",100000,2,1,"owned","create","dplyr_dibble",16,101.967016234994,0
"merged-main",100000,2,1,"owned","create","dplyr_plain",16,404.383055865765,0
"merged-main",100000,2,1,"owned","create","gen",16,199.710950255394,0
"merged-main",100000,2,1,"owned","create","dibble_bracket",16,213.979044929147,0
"merged-main",100000,2,1,"owned","create","data_table_plain",16,267.032999545336,0
"merged-main",100000,2,1,"owned","create","gen",17,224.516028538346,0
"merged-main",100000,2,1,"owned","create","data_table_plain",17,249.280012212694,0
"merged-main",100000,2,1,"owned","create","dibble_bracket",17,189.501908607781,0
"merged-main",100000,2,1,"owned","create","dplyr_plain",17,412.542023696005,0
"merged-main",100000,2,1,"owned","create","dplyr_dibble",17,103.975995443761,0
"merged-main",100000,2,1,"owned","create","dplyr_plain",18,404.014019295573,0
"merged-main",100000,2,1,"owned","create","dplyr_dibble",18,103.770988062024,0
"merged-main",100000,2,1,"owned","create","gen",18,197.538058273494,0
"merged-main",100000,2,1,"owned","create","dibble_bracket",18,184.70489885658,0
"merged-main",100000,2,1,"owned","create","data_table_plain",18,250.058947131038,0
"merged-main",100000,2,1,"owned","create","dibble_bracket",19,215.454958379269,0
"merged-main",100000,2,1,"owned","create","dplyr_dibble",19,105.452025309205,0
"merged-main",100000,2,1,"owned","create","data_table_plain",19,259.857974015176,0
"merged-main",100000,2,1,"owned","create","dplyr_plain",19,421.971897594631,0
"merged-main",100000,2,1,"owned","create","gen",19,214.635045267642,0
"merged-main",100000,2,1,"owned","create","dibble_bracket",20,219.43193860352,0
"merged-main",100000,2,1,"owned","create","data_table_plain",20,249.280012212694,0
"merged-main",100000,2,1,"owned","create","dplyr_dibble",20,103.279016911983,0
"merged-main",100000,2,1,"owned","create","gen",20,196.923036128283,0
"merged-main",100000,2,1,"owned","create","dplyr_plain",20,408.523948863149,0
"merged-main",100000,2,1,"owned","five","dibble_bracket",1,300.570973195136,0
"merged-main",100000,2,1,"owned","five","dplyr_plain",1,634.844065643847,0
"merged-main",100000,2,1,"owned","five","data_table_plain",1,354.813993908465,0
"merged-main",100000,2,1,"owned","five","dplyr_dibble",1,104.468083009124,0
"merged-main",100000,2,1,"owned","five","dplyr_dibble",2,99.5479058474302,0
"merged-main",100000,2,1,"owned","five","dibble_bracket",2,301.555031910539,0
"merged-main",100000,2,1,"owned","five","data_table_plain",2,353.993964381516,0
"merged-main",100000,2,1,"owned","five","dplyr_plain",2,646.077911369503,0
"merged-main",100000,2,1,"owned","five","data_table_plain",3,349.279027432203,0
"merged-main",100000,2,1,"owned","five","dplyr_plain",3,639.067031443119,0
"merged-main",100000,2,1,"owned","five","dibble_bracket",3,306.188012473285,0
"merged-main",100000,2,1,"owned","five","dplyr_dibble",3,104.631995782256,0
"merged-main",100000,2,1,"owned","five","dibble_bracket",4,306.639005430043,0
"merged-main",100000,2,1,"owned","five","dplyr_dibble",4,98.7279927358031,0
"merged-main",100000,2,1,"owned","five","dplyr_plain",4,635.581905953586,0
"merged-main",100000,2,1,"owned","five","data_table_plain",4,382.161000743508,0
"merged-main",100000,2,1,"owned","five","dibble_bracket",5,311.39503698796,0
"merged-main",100000,2,1,"owned","five","dplyr_dibble",5,105.369952507317,0
"merged-main",100000,2,1,"owned","five","data_table_plain",5,355.264986865222,0
"merged-main",100000,2,1,"owned","five","dplyr_plain",5,658.378005027771,0
"merged-main",100000,2,1,"owned","five","dplyr_dibble",6,100.491102784872,0
"merged-main",100000,2,1,"owned","five","data_table_plain",6,352.230970747769,0
"merged-main",100000,2,1,"owned","five","dibble_bracket",6,319.636077620089,0
"merged-main",100000,2,1,"owned","five","dplyr_plain",6,661.24799195677,0
"merged-main",100000,2,1,"owned","five","data_table_plain",7,362.275983206928,0
"merged-main",100000,2,1,"owned","five","dplyr_dibble",7,104.960054159164,0
"merged-main",100000,2,1,"owned","five","dplyr_plain",7,643.084989860654,0
"merged-main",100000,2,1,"owned","five","dibble_bracket",7,315.290060825646,0
"merged-main",100000,2,1,"owned","five","dibble_bracket",8,311.722978949547,0
"merged-main",100000,2,1,"owned","five","dplyr_plain",8,640.501966699958,0
"merged-main",100000,2,1,"owned","five","data_table_plain",8,356.863951310515,0
"merged-main",100000,2,1,"owned","five","dplyr_dibble",8,102.745951153338,0
"merged-main",100000,2,1,"owned","five","dplyr_plain",9,633.982941508293,0
"merged-main",100000,2,1,"owned","five","dplyr_dibble",9,100.85990652442,0
"merged-main",100000,2,1,"owned","five","data_table_plain",9,355.880009010434,0
"merged-main",100000,2,1,"owned","five","dibble_bracket",9,301.022082567215,0
"merged-main",100000,2,1,"owned","five","data_table_plain",10,350.017100572586,0
"merged-main",100000,2,1,"owned","five","dplyr_dibble",10,101.392972283065,0
"merged-main",100000,2,1,"owned","five","dibble_bracket",10,298.192957416177,0
"merged-main",100000,2,1,"owned","five","dplyr_plain",10,673.753092996776,0
"merged-main",100000,2,1,"owned","five","dibble_bracket",11,310.124014504254,0
"merged-main",100000,2,1,"owned","five","dplyr_plain",11,634.803087450564,0
"merged-main",100000,2,1,"owned","five","dplyr_dibble",11,105.082988739014,0
"merged-main",100000,2,1,"owned","five","data_table_plain",11,358.749995939434,0
"merged-main",100000,2,1,"owned","five","dplyr_dibble",12,107.091967947781,0
"merged-main",100000,2,1,"owned","five","data_table_plain",12,353.296985849738,0
"merged-main",100000,2,1,"owned","five","dibble_bracket",12,301.923952065408,0
"merged-main",100000,2,1,"owned","five","dplyr_plain",12,641.896040178835,0
"merged-main",100000,2,1,"owned","five","dibble_bracket",13,303.523032926023,0
"merged-main",100000,2,1,"owned","five","data_table_plain",13,347.80299756676,0
"merged-main",100000,2,1,"owned","five","dplyr_plain",13,635.089934803545,0
"merged-main",100000,2,1,"owned","five","dplyr_dibble",13,100.122066214681,0
"merged-main",100000,2,1,"owned","five","dplyr_dibble",14,97.7440504357219,0
"merged-main",100000,2,1,"owned","five","data_table_plain",14,348.2949687168,0
"merged-main",100000,2,1,"owned","five","dibble_bracket",14,300.448038615286,0
"merged-main",100000,2,1,"owned","five","dplyr_plain",14,640.501966699958,0
"merged-main",100000,2,1,"owned","five","dplyr_dibble",15,102.172023616731,0
"merged-main",100000,2,1,"owned","five","dibble_bracket",15,301.841995678842,0
"merged-main",100000,2,1,"owned","five","data_table_plain",15,346.860033459961,0
"merged-main",100000,2,1,"owned","five","dplyr_plain",15,654.933974146843,0
"merged-main",100000,2,1,"owned","five","data_table_plain",16,350.304064340889,0
"merged-main",100000,2,1,"owned","five","dplyr_dibble",16,105.4109307006,0
"merged-main",100000,2,1,"owned","five","dplyr_plain",16,657.844939269125,0
"merged-main",100000,2,1,"owned","five","dibble_bracket",16,318.406033329666,0
"merged-main",100000,2,1,"owned","five","dplyr_plain",17,628.571026027203,0
"merged-main",100000,2,1,"owned","five","dplyr_dibble",17,102.295074611902,0
"merged-main",100000,2,1,"owned","five","dibble_bracket",17,319.103011861444,0
"merged-main",100000,2,1,"owned","five","data_table_plain",17,362.604041583836,0
"merged-main",100000,2,1,"owned","five","dibble_bracket",18,303.768902085721,0
"merged-main",100000,2,1,"owned","five","dplyr_plain",18,722.461030818522,0
"merged-main",100000,2,1,"owned","five","dplyr_dibble",18,104.959937743843,0
"merged-main",100000,2,1,"owned","five","data_table_plain",18,362.111954018474,0
"merged-main",100000,2,1,"owned","five","dplyr_dibble",19,113.323912955821,0
"merged-main",100000,2,1,"owned","five","data_table_plain",19,391.221954487264,0
"merged-main",100000,2,1,"owned","five","dplyr_plain",19,651.940936222672,0
"merged-main",100000,2,1,"owned","five","dibble_bracket",19,310.697942040861,0
"merged-main",100000,2,1,"owned","five","data_table_plain",20,352.845992892981,0
"merged-main",100000,2,1,"owned","five","dplyr_plain",20,696.671893820167,0
"merged-main",100000,2,1,"owned","five","dibble_bracket",20,313.076074235141,0
"merged-main",100000,2,1,"owned","five","dplyr_dibble",20,106.394989416003,0
"merged-main",100000,100,1,"plain","scalar","repl",1,464.734970591962,0
"merged-main",100000,100,1,"plain","scalar","dplyr_plain",1,623.609987087548,0
"merged-main",100000,100,1,"plain","scalar","dibble_bracket",1,574.369099922478,0
"merged-main",100000,100,1,"plain","scalar","dplyr_dibble",1,4736.36097740382,0
"merged-main",100000,100,1,"plain","scalar","data_table_plain",1,210.945028811693,0
"merged-main",100000,100,1,"plain","scalar","dibble_bracket",2,604.544999077916,0
"merged-main",100000,100,1,"plain","scalar","dplyr_plain",2,628.612004220486,0
"merged-main",100000,100,1,"plain","scalar","dplyr_dibble",2,4661.33095324039,0
"merged-main",100000,100,1,"plain","scalar","data_table_plain",2,220.292946323752,0
"merged-main",100000,100,1,"plain","scalar","repl",2,472.6069746539,0
"merged-main",100000,100,1,"plain","scalar","repl",3,464.858021587133,0
"merged-main",100000,100,1,"plain","scalar","dplyr_dibble",3,4782.65003766865,0
"merged-main",100000,100,1,"plain","scalar","dibble_bracket",3,610.367045737803,0
"merged-main",100000,100,1,"plain","scalar","data_table_plain",3,220.49795370549,0
"merged-main",100000,100,1,"plain","scalar","dplyr_plain",3,640.830025076866,0
"merged-main",100000,100,1,"plain","scalar","repl",4,483.96410420537,0
"merged-main",100000,100,1,"plain","scalar","dplyr_plain",4,633.900985121727,0
"merged-main",100000,100,1,"plain","scalar","dibble_bracket",4,599.952996708453,0
"merged-main",100000,100,1,"plain","scalar","dplyr_dibble",4,4661.53596062213,0
"merged-main",100000,100,1,"plain","scalar","data_table_plain",4,237.799948081374,0
"merged-main",100000,100,1,"plain","scalar","repl",5,535.788014531136,0
"merged-main",100000,100,1,"plain","scalar","dplyr_dibble",5,4994.86597254872,0
"merged-main",100000,100,1,"plain","scalar","dplyr_plain",5,645.503983832896,0
"merged-main",100000,100,1,"plain","scalar","data_table_plain",5,216.808053664863,0
"merged-main",100000,100,1,"plain","scalar","dibble_bracket",5,587.037997320294,0
"merged-main",100000,100,1,"plain","scalar","dibble_bracket",6,574.90193285048,0
"merged-main",100000,100,1,"plain","scalar","dplyr_dibble",6,4662.23305556923,0
"merged-main",100000,100,1,"plain","scalar","data_table_plain",6,222.506932914257,0
"merged-main",100000,100,1,"plain","scalar","dplyr_plain",6,639.80498816818,0
"merged-main",100000,100,1,"plain","scalar","repl",6,497.370958328247,0
"merged-main",100000,100,1,"plain","scalar","dibble_bracket",7,595.073914155364,0
"merged-main",100000,100,1,"plain","scalar","dplyr_plain",7,655.876938253641,0
"merged-main",100000,100,1,"plain","scalar","data_table_plain",7,221.277005039155,0
"merged-main",100000,100,1,"plain","scalar","dplyr_dibble",7,4674.41009823233,0
"merged-main",100000,100,1,"plain","scalar","repl",7,508.646015077829,0
"merged-main",100000,100,1,"plain","scalar","data_table_plain",8,255.553051829338,0
"merged-main",100000,100,1,"plain","scalar","dplyr_dibble",8,4967.60103851557,0
"merged-main",100000,100,1,"plain","scalar","dibble_bracket",8,671.456917189062,0
"merged-main",100000,100,1,"plain","scalar","dplyr_plain",8,637.263059616089,0
"merged-main",100000,100,1,"plain","scalar","repl",8,462.643918581307,0
"merged-main",100000,100,1,"plain","scalar","dplyr_plain",9,633.860006928444,0
"merged-main",100000,100,1,"plain","scalar","dibble_bracket",9,571.129960007966,0
"merged-main",100000,100,1,"plain","scalar","data_table_plain",9,226.114992983639,0
"merged-main",100000,100,1,"plain","scalar","dplyr_dibble",9,4856.69600311667,0
"merged-main",100000,100,1,"plain","scalar","repl",9,481.299008242786,0
"merged-main",100000,100,1,"plain","scalar","dplyr_plain",10,631.154049187899,0
"merged-main",100000,100,1,"plain","scalar","repl",10,459.07695312053,0
"merged-main",100000,100,1,"plain","scalar","data_table_plain",10,226.811971515417,0
"merged-main",100000,100,1,"plain","scalar","dplyr_dibble",10,4728.7349589169,0
"merged-main",100000,100,1,"plain","scalar","dibble_bracket",10,600.854982621968,0
"merged-main",100000,100,1,"plain","scalar","dplyr_dibble",11,4660.14188714325,0
"merged-main",100000,100,1,"plain","scalar","repl",11,485.809054225683,0
"merged-main",100000,100,1,"plain","scalar","data_table_plain",11,219.063018448651,0
"merged-main",100000,100,1,"plain","scalar","dplyr_plain",11,639.025936834514,0
"merged-main",100000,100,1,"plain","scalar","dibble_bracket",11,565.594993531704,0
"merged-main",100000,100,1,"plain","scalar","dplyr_plain",12,652.556074783206,0
"merged-main",100000,100,1,"plain","scalar","dibble_bracket",12,604.872941039503,0
"merged-main",100000,100,1,"plain","scalar","data_table_plain",12,211.477978155017,0
"merged-main",100000,100,1,"plain","scalar","repl",12,482.980045489967,0
"merged-main",100000,100,1,"plain","scalar","dplyr_dibble",12,4880.39397168905,0
"merged-main",100000,100,1,"plain","scalar","dplyr_dibble",13,4810.40694285184,0
"merged-main",100000,100,1,"plain","scalar","repl",13,500.692054629326,0
"merged-main",100000,100,1,"plain","scalar","dibble_bracket",13,778.343994170427,0
"merged-main",100000,100,1,"plain","scalar","data_table_plain",13,220.661982893944,0
"merged-main",100000,100,1,"plain","scalar","dplyr_plain",13,681.214965879917,0
"merged-main",100000,100,1,"plain","scalar","repl",14,485.644908621907,0
"merged-main",100000,100,1,"plain","scalar","data_table_plain",14,259.16111189872,0
"merged-main",100000,100,1,"plain","scalar","dplyr_dibble",14,4645.01301757991,0
"merged-main",100000,100,1,"plain","scalar","dplyr_plain",14,635.991920717061,0
"merged-main",100000,100,1,"plain","scalar","dibble_bracket",14,589.949078857899,0
"merged-main",100000,100,1,"plain","scalar","dplyr_plain",15,639.435951597989,0
"merged-main",100000,100,1,"plain","scalar","dibble_bracket",15,561.084947548807,0
"merged-main",100000,100,1,"plain","scalar","data_table_plain",15,207.500997930765,0
"merged-main",100000,100,1,"plain","scalar","dplyr_dibble",15,4670.76105996966,0
"merged-main",100000,100,1,"plain","scalar","repl",15,459.159025922418,0
"merged-main",100000,100,1,"plain","scalar","dplyr_plain",16,657.722004689276,0
"merged-main",100000,100,1,"plain","scalar","data_table_plain",16,216.685002669692,0
"merged-main",100000,100,1,"plain","scalar","dibble_bracket",16,602.864078246057,0
"merged-main",100000,100,1,"plain","scalar","dplyr_dibble",16,4640.09295683354,0
"merged-main",100000,100,1,"plain","scalar","repl",16,500.28192345053,0
"merged-main",100000,100,1,"plain","scalar","dplyr_plain",17,635.089934803545,0
"merged-main",100000,100,1,"plain","scalar","dibble_bracket",17,587.243004702032,0
"merged-main",100000,100,1,"plain","scalar","repl",17,471.704988740385,0
"merged-main",100000,100,1,"plain","scalar","dplyr_dibble",17,4664.81596231461,0
"merged-main",100000,100,1,"plain","scalar","data_table_plain",17,221.564085222781,0
"merged-main",100000,100,1,"plain","scalar","dplyr_dibble",18,4616.27205368131,0
"merged-main",100000,100,1,"plain","scalar","repl",18,496.878987178206,0
"merged-main",100000,100,1,"plain","scalar","dplyr_plain",18,632.998999208212,0
"merged-main",100000,100,1,"plain","scalar","dibble_bracket",18,598.313054069877,0
"merged-main",100000,100,1,"plain","scalar","data_table_plain",18,216.644024476409,0
"merged-main",100000,100,1,"plain","scalar","repl",19,489.581027068198,0
"merged-main",100000,100,1,"plain","scalar","dplyr_dibble",19,4601.63503885269,0
"merged-main",100000,100,1,"plain","scalar","dibble_bracket",19,600.936939008534,0
"merged-main",100000,100,1,"plain","scalar","data_table_plain",19,213.938066735864,0
"merged-main",100000,100,1,"plain","scalar","dplyr_plain",19,627.381959930062,0
"merged-main",100000,100,1,"plain","scalar","dibble_bracket",20,610.981951467693,0
"merged-main",100000,100,1,"plain","scalar","repl",20,501.019996590912,0
"merged-main",100000,100,1,"plain","scalar","dplyr_plain",20,654.401024803519,0
"merged-main",100000,100,1,"plain","scalar","dplyr_dibble",20,4623.65197017789,0
"merged-main",100000,100,1,"plain","scalar","data_table_plain",20,210.780999623239,0
"merged-main",100000,100,1,"plain","call","dplyr_dibble",1,5594.04003433883,0
"merged-main",100000,100,1,"plain","call","dplyr_plain",1,622.502993792295,0
"merged-main",100000,100,1,"plain","call","dibble_bracket",1,639.353995211422,0
"merged-main",100000,100,1,"plain","call","repl",1,576.706021092832,0
"merged-main",100000,100,1,"plain","call","data_table_plain",1,217.13599562645,0
"merged-main",100000,100,1,"plain","call","repl",2,574.040925130248,0
"merged-main",100000,100,1,"plain","call","dibble_bracket",2,612.745061516762,0
"merged-main",100000,100,1,"plain","call","data_table_plain",2,222.629983909428,0
"merged-main",100000,100,1,"plain","call","dplyr_dibble",2,4587.36694417894,0
"merged-main",100000,100,1,"plain","call","dplyr_plain",2,565.020949579775,0
"merged-main",100000,100,1,"plain","call","repl",3,570.432981476188,0
"merged-main",100000,100,1,"plain","call","data_table_plain",3,215.413980185986,0
"merged-main",100000,100,1,"plain","call","dibble_bracket",3,679.20598667115,0
"merged-main",100000,100,1,"plain","call","dplyr_dibble",3,4650.71201324463,0
"merged-main",100000,100,1,"plain","call","dplyr_plain",3,572.278047911823,0
"merged-main",100000,100,1,"plain","call","data_table_plain",4,250.181998126209,0
"merged-main",100000,100,1,"plain","call","dplyr_dibble",4,4758.33704695106,0
"merged-main",100000,100,1,"plain","call","dibble_bracket",4,865.714973770082,0
"merged-main",100000,100,1,"plain","call","repl",4,549.359014257789,0
"merged-main",100000,100,1,"plain","call","dplyr_plain",4,634.105992503464,0
"merged-main",100000,100,1,"plain","call","dplyr_dibble",5,4740.87102338672,0
"merged-main",100000,100,1,"plain","call","repl",5,599.747989326715,0
"merged-main",100000,100,1,"plain","call","dibble_bracket",5,647.636014036834,0
"merged-main",100000,100,1,"plain","call","data_table_plain",5,216.397922486067,0
"merged-main",100000,100,1,"plain","call","dplyr_plain",5,533.902086317539,0
"merged-main",100000,100,1,"plain","call","dplyr_plain",6,586.997019127011,0
"merged-main",100000,100,1,"plain","call","dplyr_dibble",6,4917.21194703132,0
"merged-main",100000,100,1,"plain","call","dibble_bracket",6,628.652982413769,0
"merged-main",100000,100,1,"plain","call","repl",6,569.73600294441,0
"merged-main",100000,100,1,"plain","call","data_table_plain",6,226.60696413368,0
"merged-main",100000,100,1,"plain","call","dplyr_plain",7,695.442082360387,0
"merged-main",100000,100,1,"plain","call","dplyr_dibble",7,4727.58698742837,0
"merged-main",100000,100,1,"plain","call","data_table_plain",7,274.986959993839,0
"merged-main",100000,100,1,"plain","call","repl",7,575.968064367771,0
"merged-main",100000,100,1,"plain","call","dibble_bracket",7,650.424044579268,0
"merged-main",100000,100,1,"plain","call","repl",8,561.207998543978,0
"merged-main",100000,100,1,"plain","call","dibble_bracket",8,628.283945843577,0
"merged-main",100000,100,1,"plain","call","dplyr_plain",8,602.412968873978,0
"merged-main",100000,100,1,"plain","call","dplyr_dibble",8,4827.05305330455,0
"merged-main",100000,100,1,"plain","call","data_table_plain",8,220.744055695832,0
"merged-main",100000,100,1,"plain","call","data_table_plain",9,210.986007004976,0
"merged-main",100000,100,1,"plain","call","dibble_bracket",9,641.85494557023,0
"merged-main",100000,100,1,"plain","call","dplyr_dibble",9,4885.60099620372,0
"merged-main",100000,100,1,"plain","call","repl",9,583.840068429708,0
"merged-main",100000,100,1,"plain","call","dplyr_plain",9,551.245058886707,0
"merged-main",100000,100,1,"plain","call","repl",10,599.296996369958,0
"merged-main",100000,100,1,"plain","call","data_table_plain",10,214.061001315713,0
"merged-main",100000,100,1,"plain","call","dibble_bracket",10,638.287980109453,0
"merged-main",100000,100,1,"plain","call","dplyr_dibble",10,4712.53995783627,0
"merged-main",100000,100,1,"plain","call","dplyr_plain",10,588.882947340608,0
"merged-main",100000,100,1,"plain","call","repl",11,589.784933254123,0
"merged-main",100000,100,1,"plain","call","dplyr_dibble",11,4697.57500104606,0
"merged-main",100000,100,1,"plain","call","dibble_bracket",11,638.574943877757,0
"merged-main",100000,100,1,"plain","call","data_table_plain",11,235.83194706589,0
"merged-main",100000,100,1,"plain","call","dplyr_plain",11,572.605989873409,0
"merged-main",100000,100,1,"plain","call","dplyr_plain",12,556.615996174514,0
"merged-main",100000,100,1,"plain","call","dplyr_dibble",12,4673.87691605836,0
"merged-main",100000,100,1,"plain","call","data_table_plain",12,225.377036258578,0
"merged-main",100000,100,1,"plain","call","repl",12,556.287937797606,0
"merged-main",100000,100,1,"plain","call","dibble_bracket",12,626.603025011718,0
"merged-main",100000,100,1,"plain","call","data_table_plain",13,221.850932575762,0
"merged-main",100000,100,1,"plain","call","dplyr_plain",13,585.152069106698,0
"merged-main",100000,100,1,"plain","call","repl",13,577.936065383255,0
"merged-main",100000,100,1,"plain","call","dibble_bracket",13,631.522969342768,0
"merged-main",100000,100,1,"plain","call","dplyr_dibble",13,4647.80104812235,0
"merged-main",100000,100,1,"plain","call","dplyr_plain",14,566.906994208694,0
"merged-main",100000,100,1,"plain","call","dplyr_dibble",14,4706.84096217155,0
"merged-main",100000,100,1,"plain","call","data_table_plain",14,226.648058742285,0
"merged-main",100000,100,1,"plain","call","dibble_bracket",14,658.993027172983,0
"merged-main",100000,100,1,"plain","call","repl",14,596.590922214091,0
"merged-main",100000,100,1,"plain","call","repl",15,586.3819969818,0
"merged-main",100000,100,1,"plain","call","dibble_bracket",15,631.030998192728,0
"merged-main",100000,100,1,"plain","call","dplyr_plain",15,563.791021704674,0
"merged-main",100000,100,1,"plain","call","data_table_plain",15,219.8830479756,0
"merged-main",100000,100,1,"plain","call","dplyr_dibble",15,4846.52805607766,0
"merged-main",100000,100,1,"plain","call","dplyr_plain",16,539.80597294867,0
"merged-main",100000,100,1,"plain","call","dplyr_dibble",16,4690.72791747749,0
"merged-main",100000,100,1,"plain","call","repl",16,562.479021027684,0
"merged-main",100000,100,1,"plain","call","data_table_plain",16,225.500087253749,0
"merged-main",100000,100,1,"plain","call","dibble_bracket",16,686.913961544633,0
"merged-main",100000,100,1,"plain","call","repl",17,595.237943343818,0
"merged-main",100000,100,1,"plain","call","dplyr_plain",17,569.285009987652,0
"merged-main",100000,100,1,"plain","call","dibble_bracket",17,611.145980656147,0
"merged-main",100000,100,1,"plain","call","dplyr_dibble",17,4648.49802665412,0
"merged-main",100000,100,1,"plain","call","data_table_plain",17,224.967021495104,0
"merged-main",100000,100,1,"plain","call","dibble_bracket",18,711.350003257394,0
"merged-main",100000,100,1,"plain","call","dplyr_dibble",18,4685.11099461466,0
"merged-main",100000,100,1,"plain","call","dplyr_plain",18,554.483965970576,0
"merged-main",100000,100,1,"plain","call","data_table_plain",18,221.892027184367,0
"merged-main",100000,100,1,"plain","call","repl",18,639.026053249836,0
"merged-main",100000,100,1,"plain","call","dibble_bracket",19,619.550934061408,0
"merged-main",100000,100,1,"plain","call","dplyr_plain",19,550.957978703082,0
"merged-main",100000,100,1,"plain","call","dplyr_dibble",19,4712.74496521801,0
"merged-main",100000,100,1,"plain","call","data_table_plain",19,240.874942392111,0
"merged-main",100000,100,1,"plain","call","repl",19,581.46205265075,0
"merged-main",100000,100,1,"plain","call","dplyr_plain",20,548.375071957707,0
"merged-main",100000,100,1,"plain","call","repl",20,681.338016875088,0
"merged-main",100000,100,1,"plain","call","dplyr_dibble",20,4717.58306957781,0
"merged-main",100000,100,1,"plain","call","data_table_plain",20,256.332103163004,0
"merged-main",100000,100,1,"plain","call","dibble_bracket",20,655.343988910317,0
"merged-main",100000,100,1,"plain","arithmetic","data_table_plain",1,276.504084467888,0
"merged-main",100000,100,1,"plain","arithmetic","dibble_bracket",1,3512.22394965589,0
"merged-main",100000,100,1,"plain","arithmetic","dplyr_plain",1,603.15104201436,0
"merged-main",100000,100,1,"plain","arithmetic","dplyr_dibble",1,4361.90795153379,0
"merged-main",100000,100,1,"plain","arithmetic","repl",1,3005.17689902335,0
"merged-main",100000,100,1,"plain","arithmetic","dplyr_dibble",2,4429.51696459204,0
"merged-main",100000,100,1,"plain","arithmetic","repl",2,2941.13496784121,0
"merged-main",100000,100,1,"plain","arithmetic","data_table_plain",2,244.072987698019,0
"merged-main",100000,100,1,"plain","arithmetic","dplyr_plain",2,562.765984795988,0
"merged-main",100000,100,1,"plain","arithmetic","dibble_bracket",2,2990.12998584658,0
"merged-main",100000,100,1,"plain","arithmetic","dibble_bracket",3,3020.7569943741,0
"merged-main",100000,100,1,"plain","arithmetic","dplyr_dibble",3,4316.93100836128,0
"merged-main",100000,100,1,"plain","arithmetic","repl",3,3074.54902213067,0
"merged-main",100000,100,1,"plain","arithmetic","dplyr_plain",3,595.647958107293,0
"merged-main",100000,100,1,"plain","arithmetic","data_table_plain",3,235.709012486041,0
"merged-main",100000,100,1,"plain","arithmetic","dplyr_dibble",4,4372.28102236986,0
"merged-main",100000,100,1,"plain","arithmetic","dibble_bracket",4,3124.52798243612,0
"merged-main",100000,100,1,"plain","arithmetic","repl",4,3088.24295643717,0
"merged-main",100000,100,1,"plain","arithmetic","data_table_plain",4,239.234999753535,0
"merged-main",100000,100,1,"plain","arithmetic","dplyr_plain",4,576.214049942791,0
"merged-main",100000,100,1,"plain","arithmetic","dplyr_plain",5,558.010069653392,0
"merged-main",100000,100,1,"plain","arithmetic","dplyr_dibble",5,4386.26203685999,0
"merged-main",100000,100,1,"plain","arithmetic","repl",5,3025.14398936182,0
"merged-main",100000,100,1,"plain","arithmetic","dibble_bracket",5,3192.3420028761,0
"merged-main",100000,100,1,"plain","arithmetic","data_table_plain",5,241.530942730606,0
"merged-main",100000,100,1,"plain","arithmetic","repl",6,3050.89203175157,0
"merged-main",100000,100,1,"plain","arithmetic","dplyr_dibble",6,4362.64590825886,0
"merged-main",100000,100,1,"plain","arithmetic","dplyr_plain",6,714.999041520059,0
"merged-main",100000,100,1,"plain","arithmetic","data_table_plain",6,249.239034019411,0
"merged-main",100000,100,1,"plain","arithmetic","dibble_bracket",6,3052.77795996517,0
"merged-main",100000,100,1,"plain","arithmetic","data_table_plain",7,242.801965214312,0
"merged-main",100000,100,1,"plain","arithmetic","dplyr_plain",7,656.615011394024,0
"merged-main",100000,100,1,"plain","arithmetic","dibble_bracket",7,3127.64407135546,0
"merged-main",100000,100,1,"plain","arithmetic","dplyr_dibble",7,4325.17193257809,0
"merged-main",100000,100,1,"plain","arithmetic","repl",7,2982.83190932125,0
"merged-main",100000,100,1,"plain","arithmetic","dplyr_plain",8,560.592976398766,0
"merged-main",100000,100,1,"plain","arithmetic","data_table_plain",8,234.765931963921,0
"merged-main",100000,100,1,"plain","arithmetic","dibble_bracket",8,3036.46002430469,0
"merged-main",100000,100,1,"plain","arithmetic","dplyr_dibble",8,4683.01994260401,0
"merged-main",100000,100,1,"plain","arithmetic","repl",8,2988.57199959457,0
"merged-main",100000,100,1,"plain","arithmetic","repl",9,3018.41995678842,0
"merged-main",100000,100,1,"plain","arithmetic","dplyr_plain",9,554.03308942914,0
"merged-main",100000,100,1,"plain","arithmetic","dplyr_dibble",9,4335.01205407083,0
"merged-main",100000,100,1,"plain","arithmetic","data_table_plain",9,251.699006184936,0
"merged-main",100000,100,1,"plain","arithmetic","dibble_bracket",9,3070.20300533623,0
"merged-main",100000,100,1,"plain","arithmetic","dibble_bracket",10,3396.11200615764,0
"merged-main",100000,100,1,"plain","arithmetic","data_table_plain",10,241.899979300797,0
"merged-main",100000,100,1,"plain","arithmetic","repl",10,2995.4599449411,0
"merged-main",100000,100,1,"plain","arithmetic","dplyr_dibble",10,4402.66204532236,0
"merged-main",100000,100,1,"plain","arithmetic","dplyr_plain",10,593.392993323505,0
"merged-main",100000,100,1,"plain","arithmetic","dplyr_dibble",11,4343.00699271262,0
"merged-main",100000,100,1,"plain","arithmetic","dplyr_plain",11,702.411984093487,0
"merged-main",100000,100,1,"plain","arithmetic","data_table_plain",11,251.575955189764,0
"merged-main",100000,100,1,"plain","arithmetic","dibble_bracket",11,3069.13699023426,0
"merged-main",100000,100,1,"plain","arithmetic","repl",11,3022.56096620113,0
"merged-main",100000,100,1,"plain","arithmetic","data_table_plain",12,290.607917122543,0
"merged-main",100000,100,1,"plain","arithmetic","dplyr_dibble",12,4325.5410855636,0
"merged-main",100000,100,1,"plain","arithmetic","dibble_bracket",12,3056.59102741629,0
"merged-main",100000,100,1,"plain","arithmetic","dplyr_plain",12,569.941010326147,0
"merged-main",100000,100,1,"plain","arithmetic","repl",12,2935.27205940336,0
"merged-main",100000,100,1,"plain","arithmetic","dplyr_plain",13,569.12109721452,0
"merged-main",100000,100,1,"plain","arithmetic","dibble_bracket",13,3031.53996355832,0
"merged-main",100000,100,1,"plain","arithmetic","data_table_plain",13,274.494988843799,0
"merged-main",100000,100,1,"plain","arithmetic","dplyr_dibble",13,4533.24697446078,0
"merged-main",100000,100,1,"plain","arithmetic","repl",13,3271.5949928388,0
"merged-main",100000,100,1,"plain","arithmetic","dibble_bracket",14,3151.30094531924,0
"merged-main",100000,100,1,"plain","arithmetic","dplyr_dibble",14,4415.94596486539,0
"merged-main",100000,100,1,"plain","arithmetic","dplyr_plain",14,548.948999494314,0
"merged-main",100000,100,1,"plain","arithmetic","data_table_plain",14,240.752007812262,0
"merged-main",100000,100,1,"plain","arithmetic","repl",14,3076.31201576442,0
"merged-main",100000,100,1,"plain","arithmetic","repl",15,3115.87704345584,0
"merged-main",100000,100,1,"plain","arithmetic","dplyr_dibble",15,4384.13000665605,0
"merged-main",100000,100,1,"plain","arithmetic","dibble_bracket",15,2996.03398889303,0
"merged-main",100000,100,1,"plain","arithmetic","dplyr_plain",15,591.343035921454,0
"merged-main",100000,100,1,"plain","arithmetic","data_table_plain",15,242.145964875817,0
"merged-main",100000,100,1,"plain","arithmetic","dplyr_dibble",16,4314.55310899764,0
"merged-main",100000,100,1,"plain","arithmetic","data_table_plain",16,227.262964472175,0
"merged-main",100000,100,1,"plain","arithmetic","repl",16,3005.66898658872,0
"merged-main",100000,100,1,"plain","arithmetic","dplyr_plain",16,573.631026782095,0
"merged-main",100000,100,1,"plain","arithmetic","dibble_bracket",16,3082.54396077245,0
"merged-main",100000,100,1,"plain","arithmetic","data_table_plain",17,247.18907661736,0
"merged-main",100000,100,1,"plain","arithmetic","dibble_bracket",17,3082.62603357434,0
"merged-main",100000,100,1,"plain","arithmetic","repl",17,2985.08699052036,0
"merged-main",100000,100,1,"plain","arithmetic","dplyr_dibble",17,4383.9659774676,0
"merged-main",100000,100,1,"plain","arithmetic","dplyr_plain",17,570.719945244491,0
"merged-main",100000,100,1,"plain","arithmetic","dplyr_dibble",18,4360.80107465386,0
"merged-main",100000,100,1,"plain","arithmetic","data_table_plain",18,239.52207993716,0
"merged-main",100000,100,1,"plain","arithmetic","dibble_bracket",18,3098.24699070305,0
"merged-main",100000,100,1,"plain","arithmetic","dplyr_plain",18,554.89398073405,0
"merged-main",100000,100,1,"plain","arithmetic","repl",18,3046.66894953698,0
"merged-main",100000,100,1,"plain","arithmetic","repl",19,2987.62903548777,0
"merged-main",100000,100,1,"plain","arithmetic","dplyr_dibble",19,4374.1260888055,0
"merged-main",100000,100,1,"plain","arithmetic","dplyr_plain",19,595.115008763969,0
"merged-main",100000,100,1,"plain","arithmetic","data_table_plain",19,243.416987359524,0
"merged-main",100000,100,1,"plain","arithmetic","dibble_bracket",19,3054.37704082578,0
"merged-main",100000,100,1,"plain","arithmetic","repl",20,2951.05704572052,0
"merged-main",100000,100,1,"plain","arithmetic","dplyr_plain",20,568.136922083795,0
"merged-main",100000,100,1,"plain","arithmetic","data_table_plain",20,236.52904201299,0
"merged-main",100000,100,1,"plain","arithmetic","dibble_bracket",20,3144.57702916116,0
"merged-main",100000,100,1,"plain","arithmetic","dplyr_dibble",20,4417.29894373566,0
"merged-main",100000,100,1,"plain","create","dplyr_dibble",1,4405.90095240623,0
"merged-main",100000,100,1,"plain","create","gen",1,741.443946026266,0
"merged-main",100000,100,1,"plain","create","dibble_bracket",1,880.43394498527,0
"merged-main",100000,100,1,"plain","create","dplyr_plain",1,583.101995289326,0
"merged-main",100000,100,1,"plain","create","data_table_plain",1,322.096049785614,0
"merged-main",100000,100,1,"plain","create","gen",2,763.911986723542,0
"merged-main",100000,100,1,"plain","create","data_table_plain",2,357.643002644181,0
"merged-main",100000,100,1,"plain","create","dibble_bracket",2,919.957994483411,0
"merged-main",100000,100,1,"plain","create","dplyr_dibble",2,4412.25594840944,0
"merged-main",100000,100,1,"plain","create","dplyr_plain",2,566.579052247107,0
"merged-main",100000,100,1,"plain","create","dibble_bracket",3,829.594093374908,0
"merged-main",100000,100,1,"plain","create","gen",3,751.939951442182,0
"merged-main",100000,100,1,"plain","create","data_table_plain",3,258.874031715095,0
"merged-main",100000,100,1,"plain","create","dplyr_plain",3,570.310046896338,0
"merged-main",100000,100,1,"plain","create","dplyr_dibble",3,4339.27599806339,0
"merged-main",100000,100,1,"plain","create","dplyr_dibble",4,4337.75899000466,0
"merged-main",100000,100,1,"plain","create","gen",4,817.499007098377,0
"merged-main",100000,100,1,"plain","create","dibble_bracket",4,829.019933007658,0
"merged-main",100000,100,1,"plain","create","data_table_plain",4,261.949026025832,0
"merged-main",100000,100,1,"plain","create","dplyr_plain",4,607.169000431895,0
"merged-main",100000,100,1,"plain","create","data_table_plain",5,268.467934802175,0
"merged-main",100000,100,1,"plain","create","dplyr_dibble",5,4458.05303752422,0
"merged-main",100000,100,1,"plain","create","dibble_bracket",5,843.452056869864,0
"merged-main",100000,100,1,"plain","create","gen",5,741.279916837811,0
"merged-main",100000,100,1,"plain","create","dplyr_plain",5,561.94607168436,0
"merged-main",100000,100,1,"plain","create","dibble_bracket",6,824.674032628536,0
"merged-main",100000,100,1,"plain","create","gen",6,736.359972506762,0
"merged-main",100000,100,1,"plain","create","data_table_plain",6,291.140982881188,0
"merged-main",100000,100,1,"plain","create","dplyr_dibble",6,4372.65005894005,0
"merged-main",100000,100,1,"plain","create","dplyr_plain",6,570.678967051208,0
"merged-main",100000,100,1,"plain","create","gen",7,774.572021327913,0
"merged-main",100000,100,1,"plain","create","dplyr_dibble",7,4353.58507093042,0
"merged-main",100000,100,1,"plain","create","dplyr_plain",7,568.259973078966,0
"merged-main",100000,100,1,"plain","create","data_table_plain",7,252.067926339805,0
"merged-main",100000,100,1,"plain","create","dibble_bracket",7,870.430027134717,0
"merged-main",100000,100,1,"plain","create","gen",8,776.540022343397,0
"merged-main",100000,100,1,"plain","create","data_table_plain",8,271.789031103253,0
"merged-main",100000,100,1,"plain","create","dplyr_plain",8,568.505958653986,0
"merged-main",100000,100,1,"plain","create","dibble_bracket",8,843.452056869864,0
"merged-main",100000,100,1,"plain","create","dplyr_dibble",8,4341.65401384234,0
"merged-main",100000,100,1,"plain","create","dplyr_dibble",9,4459.11893621087,0
"merged-main",100000,100,1,"plain","create","dibble_bracket",9,825.822004117072,0
"merged-main",100000,100,1,"plain","create","gen",9,743.124983273447,0
"merged-main",100000,100,1,"plain","create","dplyr_plain",9,588.309019804001,0
"merged-main",100000,100,1,"plain","create","data_table_plain",9,326.154986396432,0
"merged-main",100000,100,1,"plain","create","data_table_plain",10,253.051985055208,0
"merged-main",100000,100,1,"plain","create","dplyr_dibble",10,4360.75998004526,0
"merged-main",100000,100,1,"plain","create","dplyr_plain",10,701.920012943447,0
"merged-main",100000,100,1,"plain","create","gen",10,813.235063105822,0
"merged-main",100000,100,1,"plain","create","dibble_bracket",10,812.251004390419,0
"merged-main",100000,100,1,"plain","create","dplyr_plain",11,709.710060618818,0
"merged-main",100000,100,1,"plain","create","data_table_plain",11,272.158067673445,0
"merged-main",100000,100,1,"plain","create","dibble_bracket",11,847.183051519096,0
"merged-main",100000,100,1,"plain","create","dplyr_dibble",11,4436.44600454718,0
"merged-main",100000,100,1,"plain","create","gen",11,755.343004129827,0
"merged-main",100000,100,1,"plain","create","dibble_bracket",12,806.470052339137,0
"merged-main",100000,100,1,"plain","create","dplyr_dibble",12,4370.18997035921,0
"merged-main",100000,100,1,"plain","create","dplyr_plain",12,560.716027393937,0
"merged-main",100000,100,1,"plain","create","gen",12,738.286995328963,0
"merged-main",100000,100,1,"plain","create","data_table_plain",12,314.716016873717,0
"merged-main",100000,100,1,"plain","create","dplyr_plain",13,553.417950868607,0
"merged-main",100000,100,1,"plain","create","gen",13,764.322001487017,0
"merged-main",100000,100,1,"plain","create","dplyr_dibble",13,4389.17300198227,0
"merged-main",100000,100,1,"plain","create","data_table_plain",13,294.707948341966,0
"merged-main",100000,100,1,"plain","create","dibble_bracket",13,1255.87091315538,0
"merged-main",100000,100,1,"plain","create","dplyr_dibble",14,4381.42404891551,0
"merged-main",100000,100,1,"plain","create","data_table_plain",14,259.77601762861,0
"merged-main",100000,100,1,"plain","create","dplyr_plain",14,566.701986826956,0
"merged-main",100000,100,1,"plain","create","gen",14,736.400950700045,0
"merged-main",100000,100,1,"plain","create","dibble_bracket",14,802.329042926431,0
"merged-main",100000,100,1,"plain","create","dplyr_plain",15,587.407033890486,0
"merged-main",100000,100,1,"plain","create","dibble_bracket",15,824.797083623707,0
"merged-main",100000,100,1,"plain","create","gen",15,756.367924623191,0
"merged-main",100000,100,1,"plain","create","dplyr_dibble",15,4372.60896433145,0
"merged-main",100000,100,1,"plain","create","data_table_plain",15,293.55997685343,0
"merged-main",100000,100,1,"plain","create","gen",16,779.45098746568,0
"merged-main",100000,100,1,"plain","create","dibble_bracket",16,875.595957040787,0
"merged-main",100000,100,1,"plain","create","data_table_plain",16,294.420984573662,0
"merged-main",100000,100,1,"plain","create","dplyr_plain",16,580.969965085387,0
"merged-main",100000,100,1,"plain","create","dplyr_dibble",16,4363.71203977615,0
"merged-main",100000,100,1,"plain","create","dibble_bracket",17,879.859901033342,0
"merged-main",100000,100,1,"plain","create","dplyr_dibble",17,4334.31495912373,0
"merged-main",100000,100,1,"plain","create","gen",17,769.077916629612,0
"merged-main",100000,100,1,"plain","create","data_table_plain",17,265.557086095214,0
"merged-main",100000,100,1,"plain","create","dplyr_plain",17,563.134904950857,0
"merged-main",100000,100,1,"plain","create","data_table_plain",18,319.143990054727,0
"merged-main",100000,100,1,"plain","create","dplyr_plain",18,569.613068364561,0
"merged-main",100000,100,1,"plain","create","dibble_bracket",18,842.673005536199,0
"merged-main",100000,100,1,"plain","create","dplyr_dibble",18,4796.7949649319,0
"merged-main",100000,100,1,"plain","create","gen",18,953.12693156302,0
"merged-main",100000,100,1,"plain","create","gen",19,933.815957978368,0
"merged-main",100000,100,1,"plain","create","dplyr_plain",19,704.584992490709,0
"merged-main",100000,100,1,"plain","create","dplyr_dibble",19,4786.50408331305,0
"merged-main",100000,100,1,"plain","create","dibble_bracket",19,836.440944112837,0
"merged-main",100000,100,1,"plain","create","data_table_plain",19,262.482091784477,0
"merged-main",100000,100,1,"plain","create","dibble_bracket",20,801.836955361068,0
"merged-main",100000,100,1,"plain","create","gen",20,722.91202377528,0
"merged-main",100000,100,1,"plain","create","dplyr_dibble",20,4264.82001785189,0
"merged-main",100000,100,1,"plain","create","data_table_plain",20,253.994949162006,0
"merged-main",100000,100,1,"plain","create","dplyr_plain",20,687.856925651431,0
"merged-main",100000,100,1,"plain","five","dibble_bracket",1,2626.0910090059,0
"merged-main",100000,100,1,"plain","five","data_table_plain",1,360.348960384727,0
"merged-main",100000,100,1,"plain","five","dplyr_plain",1,824.141083285213,0
"merged-main",100000,100,1,"plain","five","dplyr_dibble",1,5553.12202777714,0
"merged-main",100000,100,1,"plain","five","dibble_bracket",2,2763.48192710429,0
"merged-main",100000,100,1,"plain","five","dplyr_dibble",2,5536.43505554646,0
"merged-main",100000,100,1,"plain","five","dplyr_plain",2,798.84403385222,0
"merged-main",100000,100,1,"plain","five","data_table_plain",2,359.32392347604,0
"merged-main",100000,100,1,"plain","five","dplyr_dibble",3,5522.08500448614,0
"merged-main",100000,100,1,"plain","five","data_table_plain",3,344.317988492548,0
"merged-main",100000,100,1,"plain","five","dibble_bracket",3,2682.17909615487,0
"merged-main",100000,100,1,"plain","five","dplyr_plain",3,799.254048615694,0
"merged-main",100000,100,1,"plain","five","data_table_plain",4,360.758975148201,0
"merged-main",100000,100,1,"plain","five","dplyr_dibble",4,5481.0440633446,0
"merged-main",100000,100,1,"plain","five","dplyr_plain",4,788.757926784456,0
"merged-main",100000,100,1,"plain","five","dibble_bracket",4,2735.15097796917,0
"merged-main",100000,100,1,"plain","five","dibble_bracket",5,2649.747999385,0
"merged-main",100000,100,1,"plain","five","data_table_plain",5,346.777960658073,0
"merged-main",100000,100,1,"plain","five","dplyr_dibble",5,5478.50201837718,0
"merged-main",100000,100,1,"plain","five","dplyr_plain",5,766.863930039108,0
"merged-main",100000,100,1,"plain","five","dibble_bracket",6,2623.75397142023,0
"merged-main",100000,100,1,"plain","five","data_table_plain",6,365.309999324381,0
"merged-main",100000,100,1,"plain","five","dplyr_dibble",6,5529.30100820959,0
"merged-main",100000,100,1,"plain","five","dplyr_plain",6,787.446042522788,0
"merged-main",100000,100,1,"plain","five","dplyr_dibble",7,5494.86104864627,0
"merged-main",100000,100,1,"plain","five","data_table_plain",7,359.939062036574,0
"merged-main",100000,100,1,"plain","five","dplyr_plain",7,790.193094871938,0
"merged-main",100000,100,1,"plain","five","dibble_bracket",7,2774.96199123561,0
"merged-main",100000,100,1,"plain","five","dplyr_plain",8,788.757926784456,0
"merged-main",100000,100,1,"plain","five","dplyr_dibble",8,5556.0739710927,0
"merged-main",100000,100,1,"plain","five","dibble_bracket",8,2725.68000946194,0
"merged-main",100000,100,1,"plain","five","data_table_plain",8,353.46089862287,0
"merged-main",100000,100,1,"plain","five","dplyr_dibble",9,5774.64490197599,0
"merged-main",100000,100,1,"plain","five","data_table_plain",9,404.629041440785,0
"merged-main",100000,100,1,"plain","five","dplyr_plain",9,897.941063158214,0
"merged-main",100000,100,1,"plain","five","dibble_bracket",9,2684.26991533488,0
"merged-main",100000,100,1,"plain","five","dplyr_dibble",10,5742.6649145782,0
"merged-main",100000,100,1,"plain","five","dplyr_plain",10,797.408982180059,0
"merged-main",100000,100,1,"plain","five","data_table_plain",10,377.118005417287,0
"merged-main",100000,100,1,"plain","five","dibble_bracket",10,2675.78300554305,0
"merged-main",100000,100,1,"plain","five","dplyr_dibble",11,5655.49894236028,0
"merged-main",100000,100,1,"plain","five","dibble_bracket",11,2681.85103777796,0
"merged-main",100000,100,1,"plain","five","dplyr_plain",11,826.559960842133,0
"merged-main",100000,100,1,"plain","five","data_table_plain",11,361.906946636736,0
"merged-main",100000,100,1,"plain","five","dibble_bracket",12,2687.34502606094,0
"merged-main",100000,100,1,"plain","five","data_table_plain",12,364.777049981058,0
"merged-main",100000,100,1,"plain","five","dplyr_plain",12,830.578035674989,0
"merged-main",100000,100,1,"plain","five","dplyr_dibble",12,5877.63695511967,0
"merged-main",100000,100,1,"plain","five","dplyr_plain",13,1010.1170046255,0
"merged-main",100000,100,1,"plain","five","dplyr_dibble",13,6670.29002215713,0
"merged-main",100000,100,1,"plain","five","dibble_bracket",13,2751.3459790498,0
"merged-main",100000,100,1,"plain","five","data_table_plain",13,387.44998164475,0
"merged-main",100000,100,1,"plain","five","dplyr_plain",14,831.685028970242,0
"merged-main",100000,100,1,"plain","five","dibble_bracket",14,2688.45201935619,0
"merged-main",100000,100,1,"plain","five","dplyr_dibble",14,5660.78792326152,0
"merged-main",100000,100,1,"plain","five","data_table_plain",14,388.721004128456,0
"merged-main",100000,100,1,"plain","five","dibble_bracket",15,2678.40700689703,0
"merged-main",100000,100,1,"plain","five","dplyr_dibble",15,5701.5010388568,0
"merged-main",100000,100,1,"plain","five","data_table_plain",15,402.086996473372,0
"merged-main",100000,100,1,"plain","five","dplyr_plain",15,912.618939764798,0
"merged-main",100000,100,1,"plain","five","data_table_plain",16,397.044001147151,0
"merged-main",100000,100,1,"plain","five","dplyr_plain",16,843.28802768141,0
"merged-main",100000,100,1,"plain","five","dibble_bracket",16,2717.76702720672,0
"merged-main",100000,100,1,"plain","five","dplyr_dibble",16,5728.06899435818,0
"merged-main",100000,100,1,"plain","five","dplyr_plain",17,814.997940324247,0
"merged-main",100000,100,1,"plain","five","dplyr_dibble",17,5909.78097170591,0
"merged-main",100000,100,1,"plain","five","dibble_bracket",17,2752.20698677003,0
"merged-main",100000,100,1,"plain","five","data_table_plain",17,431.156018748879,0
"merged-main",100000,100,1,"plain","five","data_table_plain",18,376.093084923923,0
"merged-main",100000,100,1,"plain","five","dplyr_plain",18,798.515975475311,0
"merged-main",100000,100,1,"plain","five","dplyr_dibble",18,5756.27700891346,0
"merged-main",100000,100,1,"plain","five","dibble_bracket",18,2779.75900098681,0
"merged-main",100000,100,1,"plain","five","data_table_plain",19,372.690032236278,0
"merged-main",100000,100,1,"plain","five","dplyr_plain",19,813.850085251033,0
"merged-main",100000,100,1,"plain","five","dibble_bracket",19,2695.13495732099,0
"merged-main",100000,100,1,"plain","five","dplyr_dibble",19,5770.54498717189,0
"merged-main",100000,100,1,"plain","five","dplyr_plain",20,827.95403432101,0
"merged-main",100000,100,1,"plain","five","dibble_bracket",20,2719.0379332751,0
"merged-main",100000,100,1,"plain","five","data_table_plain",20,367.564964108169,0
"merged-main",100000,100,1,"plain","five","dplyr_dibble",20,5840.4499432072,0
"merged-main",100000,100,1,"owned","scalar","data_table_plain",1,235.832063481212,0
"merged-main",100000,100,1,"owned","scalar","dibble_bracket",1,200.654030777514,0
"merged-main",100000,100,1,"owned","scalar","dplyr_dibble",1,219.268025830388,0
"merged-main",100000,100,1,"owned","scalar","repl",1,140.957999974489,0
"merged-main",100000,100,1,"owned","scalar","dplyr_plain",1,743.534998036921,0
"merged-main",100000,100,1,"owned","scalar","data_table_plain",2,208.976911380887,0
"merged-main",100000,100,1,"owned","scalar","repl",2,129.887950606644,0
"merged-main",100000,100,1,"owned","scalar","dplyr_dibble",2,155.759043991566,0
"merged-main",100000,100,1,"owned","scalar","dplyr_plain",2,627.710018306971,0
"merged-main",100000,100,1,"owned","scalar","dibble_bracket",2,182.572985067964,0
"merged-main",100000,100,1,"owned","scalar","data_table_plain",3,217.873952351511,0
"merged-main",100000,100,1,"owned","scalar","dplyr_plain",3,623.077037744224,0
"merged-main",100000,100,1,"owned","scalar","dibble_bracket",3,172.405038028955,0
"merged-main",100000,100,1,"owned","scalar","repl",3,120.49893848598,0
"merged-main",100000,100,1,"owned","scalar","dplyr_dibble",3,156.53797890991,0
"merged-main",100000,100,1,"owned","scalar","dibble_bracket",4,171.830994077027,0
"merged-main",100000,100,1,"owned","scalar","dplyr_plain",4,607.743044383824,0
"merged-main",100000,100,1,"owned","scalar","dplyr_dibble",4,155.799905769527,0
"merged-main",100000,100,1,"owned","scalar","repl",4,118.079944513738,0
"merged-main",100000,100,1,"owned","scalar","data_table_plain",4,217.668944969773,0
"merged-main",100000,100,1,"owned","scalar","dibble_bracket",5,182.326999492943,0
"merged-main",100000,100,1,"owned","scalar","dplyr_plain",5,625.66006090492,0
"merged-main",100000,100,1,"owned","scalar","dplyr_dibble",5,150.387990288436,0
"merged-main",100000,100,1,"owned","scalar","data_table_plain",5,207.993085496128,0
"merged-main",100000,100,1,"owned","scalar","repl",5,114.841037429869,0
"merged-main",100000,100,1,"owned","scalar","dplyr_plain",6,608.644913882017,0
"merged-main",100000,100,1,"owned","scalar","dibble_bracket",6,171.339022926986,0
"merged-main",100000,100,1,"owned","scalar","data_table_plain",6,209.550955332816,0
"merged-main",100000,100,1,"owned","scalar","dplyr_dibble",6,152.191962115467,0
"merged-main",100000,100,1,"owned","scalar","repl",6,125.829013995826,0
"merged-main",100000,100,1,"owned","scalar","dplyr_dibble",7,162.89297491312,0
"merged-main",100000,100,1,"owned","scalar","dibble_bracket",7,187.123892828822,0
"merged-main",100000,100,1,"owned","scalar","data_table_plain",7,216.889893636107,0
"merged-main",100000,100,1,"owned","scalar","repl",7,128.412037156522,0
"merged-main",100000,100,1,"owned","scalar","dplyr_plain",7,623.323023319244,0
"merged-main",100000,100,1,"owned","scalar","dibble_bracket",8,182.081013917923,0
"merged-main",100000,100,1,"owned","scalar","repl",8,150.757026858628,0
"merged-main",100000,100,1,"owned","scalar","data_table_plain",8,216.19291510433,0
"merged-main",100000,100,1,"owned","scalar","dplyr_plain",8,624.101958237588,0
"merged-main",100000,100,1,"owned","scalar","dplyr_dibble",8,172.036001458764,0
"merged-main",100000,100,1,"owned","scalar","data_table_plain",9,213.896972127259,0
"merged-main",100000,100,1,"owned","scalar","repl",9,124.18907135725,0
"merged-main",100000,100,1,"owned","scalar","dibble_bracket",9,183.639000169933,0
"merged-main",100000,100,1,"owned","scalar","dplyr_plain",9,639.599980786443,0
"merged-main",100000,100,1,"owned","scalar","dplyr_dibble",9,157.275935634971,0
"merged-main",100000,100,1,"owned","scalar","dplyr_plain",10,612.662988714874,0
"merged-main",100000,100,1,"owned","scalar","data_table_plain",10,208.484940230846,0
"merged-main",100000,100,1,"owned","scalar","dplyr_dibble",10,154.037028551102,0
"merged-main",100000,100,1,"owned","scalar","repl",10,120.006967335939,0
"merged-main",100000,100,1,"owned","scalar","dibble_bracket",10,172.527972608805,0
"merged-main",100000,100,1,"owned","scalar","dplyr_dibble",11,155.266956426203,0
"merged-main",100000,100,1,"owned","scalar","repl",11,116.52207467705,0
"merged-main",100000,100,1,"owned","scalar","data_table_plain",11,213.159015402198,0
"merged-main",100000,100,1,"owned","scalar","dplyr_plain",11,613.073003478348,0
"merged-main",100000,100,1,"owned","scalar","dibble_bracket",11,175.316003151238,0
"merged-main",100000,100,1,"owned","scalar","data_table_plain",12,215.373001992702,0
"merged-main",100000,100,1,"owned","scalar","dibble_bracket",12,169.822014868259,0
"merged-main",100000,100,1,"owned","scalar","dplyr_plain",12,619.756057858467,0
"merged-main",100000,100,1,"owned","scalar","dplyr_dibble",12,157.317030243576,0
"merged-main",100000,100,1,"owned","scalar","repl",12,137.432012706995,0
"merged-main",100000,100,1,"owned","scalar","data_table_plain",13,223.49099162966,0
"merged-main",100000,100,1,"owned","scalar","dplyr_dibble",13,166.500918567181,0
"merged-main",100000,100,1,"owned","scalar","dplyr_plain",13,653.33500970155,0
"merged-main",100000,100,1,"owned","scalar","repl",13,129.519030451775,0
"merged-main",100000,100,1,"owned","scalar","dibble_bracket",13,182.572985067964,0
"merged-main",100000,100,1,"owned","scalar","dplyr_plain",14,659.813056699932,0
"merged-main",100000,100,1,"owned","scalar","data_table_plain",14,213.855993933976,0
"merged-main",100000,100,1,"owned","scalar","repl",14,131.158973090351,0
"merged-main",100000,100,1,"owned","scalar","dibble_bracket",14,193.355954252183,0
"merged-main",100000,100,1,"owned","scalar","dplyr_dibble",14,158.424023538828,0
"merged-main",100000,100,1,"owned","scalar","dibble_bracket",15,182.942021638155,0
"merged-main",100000,100,1,"owned","scalar","repl",15,120.745040476322,0
"merged-main",100000,100,1,"owned","scalar","dplyr_plain",15,635.335920378566,0
"merged-main",100000,100,1,"owned","scalar","dplyr_dibble",15,160.433002747595,0
"merged-main",100000,100,1,"owned","scalar","data_table_plain",15,207.78807811439,0
"merged-main",100000,100,1,"owned","scalar","data_table_plain",16,203.770003281534,0
"merged-main",100000,100,1,"owned","scalar","dplyr_plain",16,626.930966973305,0
"merged-main",100000,100,1,"owned","scalar","dibble_bracket",16,181.998941116035,0
"merged-main",100000,100,1,"owned","scalar","repl",16,119.965989142656,0
"merged-main",100000,100,1,"owned","scalar","dplyr_dibble",16,153.791042976081,0
"merged-main",100000,100,1,"owned","scalar","dplyr_dibble",17,156.291993334889,0
"merged-main",100000,100,1,"owned","scalar","dibble_bracket",17,177.817069925368,0
"merged-main",100000,100,1,"owned","scalar","dplyr_plain",17,613.441923633218,0
"merged-main",100000,100,1,"owned","scalar","data_table_plain",17,216.152053326368,0
"merged-main",100000,100,1,"owned","scalar","repl",17,134.233967401087,0
"merged-main",100000,100,1,"owned","scalar","dibble_bracket",18,187.083031050861,0
"merged-main",100000,100,1,"owned","scalar","data_table_plain",18,219.226931221783,0
"merged-main",100000,100,1,"owned","scalar","dplyr_plain",18,630.005961284041,0
"merged-main",100000,100,1,"owned","scalar","dplyr_dibble",18,156.620051711798,0
"merged-main",100000,100,1,"owned","scalar","repl",18,127.960927784443,0
"merged-main",100000,100,1,"owned","scalar","data_table_plain",19,218.447996303439,0
"merged-main",100000,100,1,"owned","scalar","dibble_bracket",19,180.113012902439,0
"merged-main",100000,100,1,"owned","scalar","dplyr_dibble",19,157.153001055121,0
"merged-main",100000,100,1,"owned","scalar","dplyr_plain",19,636.729993857443,0
"merged-main",100000,100,1,"owned","scalar","repl",19,124.640064314008,0
"merged-main",100000,100,1,"owned","scalar","dplyr_dibble",20,152.396969497204,0
"merged-main",100000,100,1,"owned","scalar","data_table_plain",20,214.881030842662,0
"merged-main",100000,100,1,"owned","scalar","dplyr_plain",20,629.062997177243,0
"merged-main",100000,100,1,"owned","scalar","dibble_bracket",20,175.192952156067,0
"merged-main",100000,100,1,"owned","scalar","repl",20,128.493993543088,0
"merged-main",100000,100,1,"owned","call","repl",1,502.16808449477,0
"merged-main",100000,100,1,"owned","call","dplyr_dibble",1,231.937039643526,0
"merged-main",100000,100,1,"owned","call","dplyr_plain",1,635.623000562191,0
"merged-main",100000,100,1,"owned","call","dibble_bracket",1,224.925926886499,0
"merged-main",100000,100,1,"owned","call","data_table_plain",1,334.928976371884,0
"merged-main",100000,100,1,"owned","call","dibble_bracket",2,252.190977334976,0
"merged-main",100000,100,1,"owned","call","dplyr_dibble",2,203.728908672929,0
"merged-main",100000,100,1,"owned","call","data_table_plain",2,268.017058260739,0
"merged-main",100000,100,1,"owned","call","repl",2,689.783948473632,0
"merged-main",100000,100,1,"owned","call","dplyr_plain",2,785.765005275607,0
"merged-main",100000,100,1,"owned","call","dplyr_plain",3,802.370021119714,0
"merged-main",100000,100,1,"owned","call","dibble_bracket",3,205.040909349918,0
"merged-main",100000,100,1,"owned","call","data_table_plain",3,253.872014582157,0
"merged-main",100000,100,1,"owned","call","dplyr_dibble",3,194.25805658102,0
"merged-main",100000,100,1,"owned","call","repl",3,452.926964499056,0
"merged-main",100000,100,1,"owned","call","data_table_plain",4,251.329969614744,0
"merged-main",100000,100,1,"owned","call","dibble_bracket",4,289.214076474309,0
"merged-main",100000,100,1,"owned","call","repl",4,468.711950816214,0
"merged-main",100000,100,1,"owned","call","dplyr_plain",4,662.027043290436,0
"merged-main",100000,100,1,"owned","call","dplyr_dibble",4,194.175983779132,0
"merged-main",100000,100,1,"owned","call","repl",5,459.241098724306,0
"merged-main",100000,100,1,"owned","call","dplyr_plain",5,653.253053314984,0
"merged-main",100000,100,1,"owned","call","dibble_bracket",5,218.366039916873,0
"merged-main",100000,100,1,"owned","call","data_table_plain",5,260.308966971934,0
"merged-main",100000,100,1,"owned","call","dplyr_dibble",5,192.781910300255,0
"merged-main",100000,100,1,"owned","call","dplyr_dibble",6,261.620967648923,0
"merged-main",100000,100,1,"owned","call","dibble_bracket",6,297.536957077682,0
"merged-main",100000,100,1,"owned","call","repl",6,596.427009440958,0
"merged-main",100000,100,1,"owned","call","data_table_plain",6,376.66701246053,0
"merged-main",100000,100,1,"owned","call","dplyr_plain",6,778.508023358881,0
"merged-main",100000,100,1,"owned","call","dplyr_plain",7,869.035953655839,0
"merged-main",100000,100,1,"owned","call","data_table_plain",7,268.099014647305,0
"merged-main",100000,100,1,"owned","call","dibble_bracket",7,290.81292450428,0
"merged-main",100000,100,1,"owned","call","repl",7,621.928949840367,0
"merged-main",100000,100,1,"owned","call","dplyr_dibble",7,251.125078648329,0
"merged-main",100000,100,1,"owned","call","dibble_bracket",8,277.078012004495,0
"merged-main",100000,100,1,"owned","call","data_table_plain",8,341.816921718419,0
"merged-main",100000,100,1,"owned","call","dplyr_dibble",8,195.57005725801,0
"merged-main",100000,100,1,"owned","call","dplyr_plain",8,641.731894575059,0
"merged-main",100000,100,1,"owned","call","repl",8,467.68703032285,0
"merged-main",100000,100,1,"owned","call","dplyr_dibble",9,196.062028408051,0
"merged-main",100000,100,1,"owned","call","dplyr_plain",9,656.778924167156,0
"merged-main",100000,100,1,"owned","call","repl",9,610.408023931086,0
"merged-main",100000,100,1,"owned","call","dibble_bracket",9,283.392029814422,0
"merged-main",100000,100,1,"owned","call","data_table_plain",9,308.03307890892,0
"merged-main",100000,100,1,"owned","call","dplyr_dibble",10,197.127927094698,0
"merged-main",100000,100,1,"owned","call","dplyr_plain",10,819.426029920578,0
"merged-main",100000,100,1,"owned","call","dibble_bracket",10,302.497996017337,0
"merged-main",100000,100,1,"owned","call","repl",10,609.13700144738,0
"merged-main",100000,100,1,"owned","call","data_table_plain",10,355.142052285373,0
"merged-main",100000,100,1,"owned","call","dplyr_dibble",11,249.075004830956,0
"merged-main",100000,100,1,"owned","call","dplyr_plain",11,793.759943917394,0
"merged-main",100000,100,1,"owned","call","dibble_bracket",11,314.428936690092,0
"merged-main",100000,100,1,"owned","call","data_table_plain",11,372.976996004581,0
"merged-main",100000,100,1,"owned","call","repl",11,657.106982544065,0
"merged-main",100000,100,1,"owned","call","repl",12,479.453941807151,0
"merged-main",100000,100,1,"owned","call","dplyr_dibble",12,190.649996511638,0
"merged-main",100000,100,1,"owned","call","dibble_bracket",12,206.394004635513,0
"merged-main",100000,100,1,"owned","call","data_table_plain",12,256.78297970444,0
"merged-main",100000,100,1,"owned","call","dplyr_plain",12,674.613984301686,0
"merged-main",100000,100,1,"owned","call","dibble_bracket",13,219.103996641934,0
"merged-main",100000,100,1,"owned","call","data_table_plain",13,247.188960202038,0
"merged-main",100000,100,1,"owned","call","repl",13,442.226068116724,0
"merged-main",100000,100,1,"owned","call","dplyr_dibble",13,190.814025700092,0
"merged-main",100000,100,1,"owned","call","dplyr_plain",13,633.44999216497,0
"merged-main",100000,100,1,"owned","call","dibble_bracket",14,211.929087527096,0
"merged-main",100000,100,1,"owned","call","repl",14,448.703998699784,0
"merged-main",100000,100,1,"owned","call","dplyr_plain",14,642.551924102008,0
"merged-main",100000,100,1,"owned","call","dplyr_dibble",14,195.733970031142,0
"merged-main",100000,100,1,"owned","call","data_table_plain",14,254.691927693784,0
"merged-main",100000,100,1,"owned","call","repl",15,447.966041974723,0
"merged-main",100000,100,1,"owned","call","dplyr_plain",15,652.474001981318,0
"merged-main",100000,100,1,"owned","call","data_table_plain",15,250.79702027142,0
"merged-main",100000,100,1,"owned","call","dibble_bracket",15,257.439096458256,0
"merged-main",100000,100,1,"owned","call","dplyr_dibble",15,237.103085964918,0
"merged-main",100000,100,1,"owned","call","repl",16,578.223029151559,0
"merged-main",100000,100,1,"owned","call","dplyr_dibble",16,180.727918632329,0
"merged-main",100000,100,1,"owned","call","data_table_plain",16,424.431986175478,0
"merged-main",100000,100,1,"owned","call","dplyr_plain",16,885.394983924925,0
"merged-main",100000,100,1,"owned","call","dibble_bracket",16,271.625001914799,0
"merged-main",100000,100,1,"owned","call","dplyr_plain",17,604.46304269135,0
"merged-main",100000,100,1,"owned","call","data_table_plain",17,286.139082163572,0
"merged-main",100000,100,1,"owned","call","repl",17,444.193952716887,0
"merged-main",100000,100,1,"owned","call","dplyr_dibble",17,183.433992788196,0
"merged-main",100000,100,1,"owned","call","dibble_bracket",17,209.838035516441,0
"merged-main",100000,100,1,"owned","call","dplyr_plain",18,626.151915639639,0
"merged-main",100000,100,1,"owned","call","dibble_bracket",18,207.090983167291,0
"merged-main",100000,100,1,"owned","call","data_table_plain",18,238.82498499006,0
"merged-main",100000,100,1,"owned","call","dplyr_dibble",18,213.445979170501,0
"merged-main",100000,100,1,"owned","call","repl",18,468.055950477719,0
"merged-main",100000,100,1,"owned","call","data_table_plain",19,264.44997638464,0
"merged-main",100000,100,1,"owned","call","repl",19,596.714089624584,0
"merged-main",100000,100,1,"owned","call","dibble_bracket",19,287.492061033845,0
"merged-main",100000,100,1,"owned","call","dplyr_dibble",19,204.34393081814,0
"merged-main",100000,100,1,"owned","call","dplyr_plain",19,625.742017291486,0
"merged-main",100000,100,1,"owned","call","data_table_plain",20,245.179980993271,0
"merged-main",100000,100,1,"owned","call","dplyr_plain",20,605.529057793319,0
"merged-main",100000,100,1,"owned","call","dplyr_dibble",20,183.639000169933,0
"merged-main",100000,100,1,"owned","call","repl",20,455.550965853035,0
"merged-main",100000,100,1,"owned","call","dibble_bracket",20,284.33499392122,0
"merged-main",100000,100,1,"owned","arithmetic","repl",1,323.653919622302,0
"merged-main",100000,100,1,"owned","arithmetic","data_table_plain",1,266.582006588578,0
"merged-main",100000,100,1,"owned","arithmetic","dplyr_plain",1,633.531948551536,0
"merged-main",100000,100,1,"owned","arithmetic","dplyr_dibble",1,170.642044395208,0
"merged-main",100000,100,1,"owned","arithmetic","dibble_bracket",1,238.701933994889,0
"merged-main",100000,100,1,"owned","arithmetic","dibble_bracket",2,237.307976931334,0
"merged-main",100000,100,1,"owned","arithmetic","data_table_plain",2,270.31300123781,0
"merged-main",100000,100,1,"owned","arithmetic","dplyr_plain",2,638.369936496019,0
"merged-main",100000,100,1,"owned","arithmetic","repl",2,278.554041869938,0
"merged-main",100000,100,1,"owned","arithmetic","dplyr_dibble",2,194.216961972415,0
"merged-main",100000,100,1,"owned","arithmetic","dplyr_dibble",3,179.826049134135,0
"merged-main",100000,100,1,"owned","arithmetic","repl",3,212.093000300229,0
"merged-main",100000,100,1,"owned","arithmetic","data_table_plain",3,270.969001576304,0
"merged-main",100000,100,1,"owned","arithmetic","dibble_bracket",3,229.928060434759,0
"merged-main",100000,100,1,"owned","arithmetic","dplyr_plain",3,769.242062233388,0
"merged-main",100000,100,1,"owned","arithmetic","dibble_bracket",4,242.1869430691,0
"merged-main",100000,100,1,"owned","arithmetic","dplyr_plain",4,632.712035439909,0
"merged-main",100000,100,1,"owned","arithmetic","data_table_plain",4,263.425055891275,0
"merged-main",100000,100,1,"owned","arithmetic","dplyr_dibble",4,199.423986487091,0
"merged-main",100000,100,1,"owned","arithmetic","repl",4,216.725980862975,0
"merged-main",100000,100,1,"owned","arithmetic","repl",5,212.215934880078,0
"merged-main",100000,100,1,"owned","arithmetic","dplyr_dibble",5,166.213954798877,0
"merged-main",100000,100,1,"owned","arithmetic","data_table_plain",5,291.878939606249,0
"merged-main",100000,100,1,"owned","arithmetic","dplyr_plain",5,649.932073429227,0
"merged-main",100000,100,1,"owned","arithmetic","dibble_bracket",5,235.749990679324,0
"merged-main",100000,100,1,"owned","arithmetic","data_table_plain",6,341.201899573207,0
"merged-main",100000,100,1,"owned","arithmetic","dibble_bracket",6,244.605937041342,0
"merged-main",100000,100,1,"owned","arithmetic","dplyr_dibble",6,171.215971931815,0
"merged-main",100000,100,1,"owned","arithmetic","dplyr_plain",6,631.932984106243,0
"merged-main",100000,100,1,"owned","arithmetic","repl",6,241.448986344039,0
"merged-main",100000,100,1,"owned","arithmetic","data_table_plain",7,265.023903921247,0
"merged-main",100000,100,1,"owned","arithmetic","repl",7,251.329969614744,0
"merged-main",100000,100,1,"owned","arithmetic","dplyr_plain",7,754.89201117307,0
"merged-main",100000,100,1,"owned","arithmetic","dplyr_dibble",7,172.281987033784,0
"merged-main",100000,100,1,"owned","arithmetic","dibble_bracket",7,267.566065303981,0
"merged-main",100000,100,1,"owned","arithmetic","dibble_bracket",8,245.262053795159,0
"merged-main",100000,100,1,"owned","arithmetic","dplyr_plain",8,750.054023228586,0
"merged-main",100000,100,1,"owned","arithmetic","repl",8,235.422048717737,0
"merged-main",100000,100,1,"owned","arithmetic","data_table_plain",8,301.718944683671,0
"merged-main",100000,100,1,"owned","arithmetic","dplyr_dibble",8,185.443088412285,0
"merged-main",100000,100,1,"owned","arithmetic","data_table_plain",9,291.51001945138,0
"merged-main",100000,100,1,"owned","arithmetic","dplyr_plain",9,647.512963041663,0
"merged-main",100000,100,1,"owned","arithmetic","repl",9,210.822094231844,0
"merged-main",100000,100,1,"owned","arithmetic","dibble_bracket",9,226.402073167264,0
"merged-main",100000,100,1,"owned","arithmetic","dplyr_dibble",9,224.884948693216,0
"merged-main",100000,100,1,"owned","arithmetic","dibble_bracket",10,282.612978480756,0
"merged-main",100000,100,1,"owned","arithmetic","data_table_plain",10,265.843933448195,0
"merged-main",100000,100,1,"owned","arithmetic","dplyr_dibble",10,171.543913893402,0
"merged-main",100000,100,1,"owned","arithmetic","repl",10,285.729067400098,0
"merged-main",100000,100,1,"owned","arithmetic","dplyr_plain",10,631.646020337939,0
"merged-main",100000,100,1,"owned","arithmetic","dibble_bracket",11,282.572000287473,0
"merged-main",100000,100,1,"owned","arithmetic","data_table_plain",11,379.864941351116,0
"merged-main",100000,100,1,"owned","arithmetic","repl",11,283.678993582726,0
"merged-main",100000,100,1,"owned","arithmetic","dplyr_dibble",11,203.564995899796,0
"merged-main",100000,100,1,"owned","arithmetic","dplyr_plain",11,703.970086760819,0
"merged-main",100000,100,1,"owned","arithmetic","dplyr_plain",12,635.746051557362,0
"merged-main",100000,100,1,"owned","arithmetic","repl",12,210.370984859765,0
"merged-main",100000,100,1,"owned","arithmetic","data_table_plain",12,321.030034683645,0
"merged-main",100000,100,1,"owned","arithmetic","dibble_bracket",12,226.894044317305,0
"merged-main",100000,100,1,"owned","arithmetic","dplyr_dibble",12,227.426993660629,0
"merged-main",100000,100,1,"owned","arithmetic","data_table_plain",13,246.327952481806,0
"merged-main",100000,100,1,"owned","arithmetic","dibble_bracket",13,255.142920650542,0
"merged-main",100000,100,1,"owned","arithmetic","dplyr_dibble",13,241.243978962302,0
"merged-main",100000,100,1,"owned","arithmetic","repl",13,247.024931013584,0
"merged-main",100000,100,1,"owned","arithmetic","dplyr_plain",13,820.779008790851,0
"merged-main",100000,100,1,"owned","arithmetic","data_table_plain",14,351.821072399616,0
"merged-main",100000,100,1,"owned","arithmetic","dibble_bracket",14,292.822020128369,0
"merged-main",100000,100,1,"owned","arithmetic","dplyr_dibble",14,205.04102576524,0
"merged-main",100000,100,1,"owned","arithmetic","dplyr_plain",14,843.41096226126,0
"merged-main",100000,100,1,"owned","arithmetic","repl",14,257.643987424672,0
"merged-main",100000,100,1,"owned","arithmetic","dplyr_dibble",15,243.827002122998,0
"merged-main",100000,100,1,"owned","arithmetic","repl",15,269.657000899315,0
"merged-main",100000,100,1,"owned","arithmetic","dplyr_plain",15,839.557033032179,0
"merged-main",100000,100,1,"owned","arithmetic","data_table_plain",15,344.44103948772,0
"merged-main",100000,100,1,"owned","arithmetic","dibble_bracket",15,225.582043640316,0
"merged-main",100000,100,1,"owned","arithmetic","dibble_bracket",16,306.310947053134,0
"merged-main",100000,100,1,"owned","arithmetic","repl",16,220.539048314095,0
"merged-main",100000,100,1,"owned","arithmetic","dplyr_dibble",16,174.290966242552,0
"merged-main",100000,100,1,"owned","arithmetic","data_table_plain",16,258.422922343016,0
"merged-main",100000,100,1,"owned","arithmetic","dplyr_plain",16,778.672052547336,0
"merged-main",100000,100,1,"owned","arithmetic","repl",17,233.700033277273,0
"merged-main",100000,100,1,"owned","arithmetic","data_table_plain",17,258.874031715095,0
"merged-main",100000,100,1,"owned","arithmetic","dplyr_plain",17,640.0509737432,0
"merged-main",100000,100,1,"owned","arithmetic","dibble_bracket",17,307.582085952163,0
"merged-main",100000,100,1,"owned","arithmetic","dplyr_dibble",17,186.796067282557,0
"merged-main",100000,100,1,"owned","arithmetic","data_table_plain",18,277.488026767969,0
"merged-main",100000,100,1,"owned","arithmetic","dibble_bracket",18,294.544035568833,0
"merged-main",100000,100,1,"owned","arithmetic","dplyr_plain",18,630.538910627365,0
"merged-main",100000,100,1,"owned","arithmetic","dplyr_dibble",18,168.674043379724,0
"merged-main",100000,100,1,"owned","arithmetic","repl",18,322.547042742372,0
"merged-main",100000,100,1,"owned","arithmetic","dibble_bracket",19,224.106013774872,0
"merged-main",100000,100,1,"owned","arithmetic","dplyr_plain",19,626.02898105979,0
"merged-main",100000,100,1,"owned","arithmetic","dplyr_dibble",19,165.066099725664,0
"merged-main",100000,100,1,"owned","arithmetic","data_table_plain",19,307.623064145446,0
"merged-main",100000,100,1,"owned","arithmetic","repl",19,213.650986552238,0
"merged-main",100000,100,1,"owned","arithmetic","data_table_plain",20,265.475013293326,0
"merged-main",100000,100,1,"owned","arithmetic","dplyr_plain",20,688.020954839885,0
"merged-main",100000,100,1,"owned","arithmetic","dibble_bracket",20,223.327078856528,0
"merged-main",100000,100,1,"owned","arithmetic","dplyr_dibble",20,245.876959525049,0
"merged-main",100000,100,1,"owned","arithmetic","repl",20,220.12903355062,0
"merged-main",100000,100,1,"owned","create","dplyr_plain",1,670.349923893809,0
"merged-main",100000,100,1,"owned","create","dplyr_dibble",1,216.110958717763,0
"merged-main",100000,100,1,"owned","create","dibble_bracket",1,230.542966164649,0
"merged-main",100000,100,1,"owned","create","gen",1,419.67595461756,0
"merged-main",100000,100,1,"owned","create","data_table_plain",1,317.175989039242,0
"merged-main",100000,100,1,"owned","create","dibble_bracket",2,351.698021404445,0
"merged-main",100000,100,1,"owned","create","dplyr_plain",2,662.929029203951,0
"merged-main",100000,100,1,"owned","create","dplyr_dibble",2,171.87197227031,0
"merged-main",100000,100,1,"owned","create","data_table_plain",2,310.739036649466,0
"merged-main",100000,100,1,"owned","create","gen",2,379.865057766438,0
"merged-main",100000,100,1,"owned","create","data_table_plain",3,410.45097168535,0
"merged-main",100000,100,1,"owned","create","dibble_bracket",3,252.478057518601,0
"merged-main",100000,100,1,"owned","create","dplyr_dibble",3,255.675986409187,0
"merged-main",100000,100,1,"owned","create","dplyr_plain",3,694.744987413287,0
"merged-main",100000,100,1,"owned","create","gen",3,256.742001511157,0
"merged-main",100000,100,1,"owned","create","dplyr_dibble",4,221.768976189196,0
"merged-main",100000,100,1,"owned","create","dplyr_plain",4,730.865984223783,0
"merged-main",100000,100,1,"owned","create","data_table_plain",4,299.914972856641,0
"merged-main",100000,100,1,"owned","create","gen",4,280.686072073877,0
"merged-main",100000,100,1,"owned","create","dibble_bracket",4,266.458955593407,0
"merged-main",100000,100,1,"owned","create","dibble_bracket",5,321.357976645231,0
"merged-main",100000,100,1,"owned","create","gen",5,268.836971372366,0
"merged-main",100000,100,1,"owned","create","dplyr_dibble",5,256.250030361116,0
"merged-main",100000,100,1,"owned","create","dplyr_plain",5,820.942921563983,0
"merged-main",100000,100,1,"owned","create","data_table_plain",5,415.780930779874,0
"merged-main",100000,100,1,"owned","create","gen",6,346.121960319579,0
"merged-main",100000,100,1,"owned","create","dplyr_plain",6,640.830025076866,0
"merged-main",100000,100,1,"owned","create","dplyr_dibble",6,245.179980993271,0
"merged-main",100000,100,1,"owned","create","data_table_plain",6,307.827955111861,0
"merged-main",100000,100,1,"owned","create","dibble_bracket",6,334.477983415127,0
"merged-main",100000,100,1,"owned","create","dplyr_dibble",7,175.561988726258,0
"merged-main",100000,100,1,"owned","create","gen",7,270.969001576304,0
"merged-main",100000,100,1,"owned","create","dibble_bracket",7,328.163965605199,0
"merged-main",100000,100,1,"owned","create","dplyr_plain",7,646.897940896451,0
"merged-main",100000,100,1,"owned","create","data_table_plain",7,291.837961412966,0
"merged-main",100000,100,1,"owned","create","data_table_plain",8,369.122950360179,0
"merged-main",100000,100,1,"owned","create","gen",8,273.223966360092,0
"merged-main",100000,100,1,"owned","create","dplyr_dibble",8,169.083941727877,0
"merged-main",100000,100,1,"owned","create","dplyr_plain",8,649.932073429227,0
"merged-main",100000,100,1,"owned","create","dibble_bracket",8,259.079039096832,0
"merged-main",100000,100,1,"owned","create","dibble_bracket",9,343.170017004013,0
"merged-main",100000,100,1,"owned","create","gen",9,260.555068962276,0
"merged-main",100000,100,1,"owned","create","data_table_plain",9,393.80497764796,0
"merged-main",100000,100,1,"owned","create","dplyr_dibble",9,175.316003151238,0
"merged-main",100000,100,1,"owned","create","dplyr_plain",9,791.997066698968,0
"merged-main",100000,100,1,"owned","create","data_table_plain",10,362.029997631907,0
"merged-main",100000,100,1,"owned","create","dplyr_plain",10,623.897067271173,0
"merged-main",100000,100,1,"owned","create","dibble_bracket",10,309.017021209002,0
"merged-main",100000,100,1,"owned","create","gen",10,345.17899621278,0
"merged-main",100000,100,1,"owned","create","dplyr_dibble",10,194.832100532949,0
"merged-main",100000,100,1,"owned","create","dplyr_plain",11,643.823063001037,0
"merged-main",100000,100,1,"owned","create","dplyr_dibble",11,169.371021911502,0
"merged-main",100000,100,1,"owned","create","data_table_plain",11,410.943059250712,0
"merged-main",100000,100,1,"owned","create","dibble_bracket",11,241.203000769019,0
"merged-main",100000,100,1,"owned","create","gen",11,319.677055813372,0
"merged-main",100000,100,1,"owned","create","dplyr_plain",12,697.450945153832,0
"merged-main",100000,100,1,"owned","create","data_table_plain",12,286.999973468482,0
"merged-main",100000,100,1,"owned","create","dplyr_dibble",12,196.267035789788,0
"merged-main",100000,100,1,"owned","create","dibble_bracket",12,235.791085287929,0
"merged-main",100000,100,1,"owned","create","gen",12,268.30390561372,0
"merged-main",100000,100,1,"owned","create","data_table_plain",13,296.717043966055,0
"merged-main",100000,100,1,"owned","create","dplyr_plain",13,699.869939126074,0
"merged-main",100000,100,1,"owned","create","dibble_bracket",13,297.905993647873,0
"merged-main",100000,100,1,"owned","create","dplyr_dibble",13,171.215971931815,0
"merged-main",100000,100,1,"owned","create","gen",13,256.619066931307,0
"merged-main",100000,100,1,"owned","create","dplyr_dibble",14,239.275977946818,0
"merged-main",100000,100,1,"owned","create","gen",14,383.473001420498,0
"merged-main",100000,100,1,"owned","create","dibble_bracket",14,332.838040776551,0
"merged-main",100000,100,1,"owned","create","data_table_plain",14,405.941042117774,0
"merged-main",100000,100,1,"owned","create","dplyr_plain",14,898.228026926517,0
"merged-main",100000,100,1,"owned","create","dplyr_dibble",15,221.031019464135,0
"merged-main",100000,100,1,"owned","create","dplyr_plain",15,893.595046363771,0
"merged-main",100000,100,1,"owned","create","dibble_bracket",15,347.352004610002,0
"merged-main",100000,100,1,"owned","create","gen",15,396.921066567302,0
"merged-main",100000,100,1,"owned","create","data_table_plain",15,445.629004389048,0
"merged-main",100000,100,1,"owned","create","dplyr_plain",16,820.491928607225,0
"merged-main",100000,100,1,"owned","create","data_table_plain",16,407.7039193362,0
"merged-main",100000,100,1,"owned","create","dibble_bracket",16,334.026990458369,0
"merged-main",100000,100,1,"owned","create","gen",16,381.136080250144,0
"merged-main",100000,100,1,"owned","create","dplyr_dibble",16,250.837998464704,0
"merged-main",100000,100,1,"owned","create","dplyr_plain",17,845.09199950844,0
"merged-main",100000,100,1,"owned","create","dibble_bracket",17,271.501950919628,0
"merged-main",100000,100,1,"owned","create","gen",17,365.801970474422,0
"merged-main",100000,100,1,"owned","create","dplyr_dibble",17,254.896935075521,0
"merged-main",100000,100,1,"owned","create","data_table_plain",17,420.700991526246,0
"merged-main",100000,100,1,"owned","create","dplyr_plain",18,799.295026808977,0
"merged-main",100000,100,1,"owned","create","dplyr_dibble",18,226.565985940397,0
"merged-main",100000,100,1,"owned","create","gen",18,414.797104895115,0
"merged-main",100000,100,1,"owned","create","data_table_plain",18,406.515086069703,0
"merged-main",100000,100,1,"owned","create","dibble_bracket",18,358.831952326,0
"merged-main",100000,100,1,"owned","create","dplyr_dibble",19,246.122945100069,0
"merged-main",100000,100,1,"owned","create","data_table_plain",19,347.433960996568,0
"merged-main",100000,100,1,"owned","create","gen",19,375.929055735469,0
"merged-main",100000,100,1,"owned","create","dibble_bracket",19,236.200983636081,0
"merged-main",100000,100,1,"owned","create","dplyr_plain",19,638.616038486362,0
"merged-main",100000,100,1,"owned","create","data_table_plain",20,288.025010377169,0
"merged-main",100000,100,1,"owned","create","dibble_bracket",20,275.520025752485,0
"merged-main",100000,100,1,"owned","create","gen",20,323.73599242419,0
"merged-main",100000,100,1,"owned","create","dplyr_dibble",20,192.82300490886,0
"merged-main",100000,100,1,"owned","create","dplyr_plain",20,811.759033240378,0
"merged-main",100000,100,1,"owned","five","dibble_bracket",1,401.922967284918,0
"merged-main",100000,100,1,"owned","five","dplyr_dibble",1,270.354095846415,0
"merged-main",100000,100,1,"owned","five","data_table_plain",1,528.571894392371,0
"merged-main",100000,100,1,"owned","five","dplyr_plain",1,1141.52196329087,0
"merged-main",100000,100,1,"owned","five","dibble_bracket",2,430.212938226759,0
"merged-main",100000,100,1,"owned","five","dplyr_dibble",2,258.2180313766,0
"merged-main",100000,100,1,"owned","five","data_table_plain",2,489.13003411144,0
"merged-main",100000,100,1,"owned","five","dplyr_plain",2,1128.40195652097,0
"merged-main",100000,100,1,"owned","five","dplyr_dibble",3,252.559897489846,0
"merged-main",100000,100,1,"owned","five","data_table_plain",3,457.847025245428,0
"merged-main",100000,100,1,"owned","five","dibble_bracket",3,372.198061086237,0
"merged-main",100000,100,1,"owned","five","dplyr_plain",3,902.040977962315,0
"merged-main",100000,100,1,"owned","five","dplyr_plain",4,872.684991918504,0
"merged-main",100000,100,1,"owned","five","data_table_plain",4,402.907026000321,0
"merged-main",100000,100,1,"owned","five","dplyr_dibble",4,229.025958105922,0
"merged-main",100000,100,1,"owned","five","dibble_bracket",4,395.11697832495,0
"merged-main",100000,100,1,"owned","five","dplyr_dibble",5,208.690064027905,0
"merged-main",100000,100,1,"owned","five","data_table_plain",5,423.324992880225,0
"merged-main",100000,100,1,"owned","five","dibble_bracket",5,372.280017472804,0
"merged-main",100000,100,1,"owned","five","dplyr_plain",5,907.124951481819,0
"merged-main",100000,100,1,"owned","five","dplyr_plain",6,897.858990356326,0
"merged-main",100000,100,1,"owned","five","dibble_bracket",6,363.506027497351,0
"merged-main",100000,100,1,"owned","five","dplyr_dibble",6,172.446016222239,0
"merged-main",100000,100,1,"owned","five","data_table_plain",6,438.044080510736,0
"merged-main",100000,100,1,"owned","five","dplyr_dibble",7,170.846935361624,0
"merged-main",100000,100,1,"owned","five","dplyr_plain",7,909.461989067495,0
"merged-main",100000,100,1,"owned","five","dibble_bracket",7,459.732953459024,0
"merged-main",100000,100,1,"owned","five","data_table_plain",7,469.655031338334,0
"merged-main",100000,100,1,"owned","five","data_table_plain",8,568.998046219349,0
"merged-main",100000,100,1,"owned","five","dplyr_dibble",8,258.054002188146,0
"merged-main",100000,100,1,"owned","five","dibble_bracket",8,494.870007969439,0
"merged-main",100000,100,1,"owned","five","dplyr_plain",8,1156.85595665127,0
"merged-main",100000,100,1,"owned","five","dibble_bracket",9,438.904971815646,0
"merged-main",100000,100,1,"owned","five","data_table_plain",9,427.630031481385,0
"merged-main",100000,100,1,"owned","five","dplyr_dibble",9,172.11795784533,0
"merged-main",100000,100,1,"owned","five","dplyr_plain",9,899.540027603507,0
"merged-main",100000,100,1,"owned","five","dplyr_dibble",10,207.951990887523,0
"merged-main",100000,100,1,"owned","five","dplyr_plain",10,930.945971049368,0
"merged-main",100000,100,1,"owned","five","data_table_plain",10,425.211037509143,0
"merged-main",100000,100,1,"owned","five","dibble_bracket",10,374.41193126142,0
"merged-main",100000,100,1,"owned","five","data_table_plain",11,465.595978312194,0
"merged-main",100000,100,1,"owned","five","dplyr_dibble",11,179.702998138964,0
"merged-main",100000,100,1,"owned","five","dibble_bracket",11,369.081972166896,0
"merged-main",100000,100,1,"owned","five","dplyr_plain",11,912.16794680804,0
"merged-main",100000,100,1,"owned","five","data_table_plain",12,462.725991383195,0
"merged-main",100000,100,1,"owned","five","dplyr_dibble",12,175.521010532975,0
"merged-main",100000,100,1,"owned","five","dplyr_plain",12,909.216003492475,0
"merged-main",100000,100,1,"owned","five","dibble_bracket",12,364.69497717917,0
"merged-main",100000,100,1,"owned","five","dibble_bracket",13,375.35501178354,0
"merged-main",100000,100,1,"owned","five","dplyr_dibble",13,177.73499712348,0
"merged-main",100000,100,1,"owned","five","dplyr_plain",13,1009.58405528218,0
"merged-main",100000,100,1,"owned","five","data_table_plain",13,507.415970787406,0
"merged-main",100000,100,1,"owned","five","data_table_plain",14,506.103970110416,0
"merged-main",100000,100,1,"owned","five","dplyr_plain",14,1129.42699342966,0
"merged-main",100000,100,1,"owned","five","dibble_bracket",14,496.141030453146,0
"merged-main",100000,100,1,"owned","five","dplyr_dibble",14,241.69497191906,0
"merged-main",100000,100,1,"owned","five","dplyr_plain",15,1150.29606968164,0
"merged-main",100000,100,1,"owned","five","dplyr_dibble",15,183.106050826609,0
"merged-main",100000,100,1,"owned","five","data_table_plain",15,418.322975747287,0
"merged-main",100000,100,1,"owned","five","dibble_bracket",15,451.246043667197,0
"merged-main",100000,100,1,"owned","five","dibble_bracket",16,361.455953679979,0
"merged-main",100000,100,1,"owned","five","dplyr_dibble",16,225.090072490275,0
"merged-main",100000,100,1,"owned","five","dplyr_plain",16,1102.16205939651,0
"merged-main",100000,100,1,"owned","five","data_table_plain",16,491.344020701945,0
"merged-main",100000,100,1,"owned","five","dplyr_plain",17,1058.0460075289,0
"merged-main",100000,100,1,"owned","five","data_table_plain",17,494.173029437661,0
"merged-main",100000,100,1,"owned","five","dibble_bracket",17,432.344968430698,0
"merged-main",100000,100,1,"owned","five","dplyr_dibble",17,252.888072282076,0
"merged-main",100000,100,1,"owned","five","dplyr_dibble",18,186.221906915307,0
"merged-main",100000,100,1,"owned","five","dplyr_plain",18,922.130886465311,0
"merged-main",100000,100,1,"owned","five","data_table_plain",18,450.466992333531,0
"merged-main",100000,100,1,"owned","five","dibble_bracket",18,368.508044630289,0
"merged-main",100000,100,1,"owned","five","dplyr_dibble",19,267.525087110698,0
"merged-main",100000,100,1,"owned","five","dplyr_plain",19,1129.38601523638,0
"merged-main",100000,100,1,"owned","five","data_table_plain",19,520.536093972623,0
"merged-main",100000,100,1,"owned","five","dibble_bracket",19,384.498038329184,0
"merged-main",100000,100,1,"owned","five","data_table_plain",20,410.491949878633,0
"merged-main",100000,100,1,"owned","five","dplyr_dibble",20,175.848952494562,0
"merged-main",100000,100,1,"owned","five","dibble_bracket",20,428.736908361316,0
"merged-main",100000,100,1,"owned","five","dplyr_plain",20,907.207024283707,0
"merged-main",10000,2,100,"plain","create","gen",1,11382.7890018001,0
"merged-main",10000,2,100,"plain","create","dibble_bracket",1,11700.0059690326,0
"merged-main",10000,2,100,"plain","create","dplyr_plain",1,854.850048199296,0
"merged-main",10000,2,100,"plain","create","dplyr_dibble",1,7241.74804054201,0
"merged-main",10000,2,100,"plain","create","data_table_plain",1,611.966010183096,0
"merged-main",10000,2,100,"plain","create","data_table_plain",2,647.841021418571,0
"merged-main",10000,2,100,"plain","create","gen",2,11688.8950578868,0
"merged-main",10000,2,100,"plain","create","dplyr_plain",2,867.970054969192,0
"merged-main",10000,2,100,"plain","create","dibble_bracket",2,12068.4730354697,0
"merged-main",10000,2,100,"plain","create","dplyr_dibble",2,7608.00100397319,0
"merged-main",10000,2,100,"plain","create","dplyr_plain",3,873.751007020473,0
"merged-main",10000,2,100,"plain","create","data_table_plain",3,615.24601187557,0
"merged-main",10000,2,100,"plain","create","dplyr_dibble",3,7251.09595805407,0
"merged-main",10000,2,100,"plain","create","gen",3,11662.0810003951,0
"merged-main",10000,2,100,"plain","create","dibble_bracket",3,11841.1689763889,0
"merged-main",10000,2,100,"plain","create","gen",4,11921.652010642,0
"merged-main",10000,2,100,"plain","create","dplyr_dibble",4,7289.38996326178,0
"merged-main",10000,2,100,"plain","create","dplyr_plain",4,854.31698244065,0
"merged-main",10000,2,100,"plain","create","data_table_plain",4,606.349087320268,0
"merged-main",10000,2,100,"plain","create","dibble_bracket",4,11705.9100884944,0
"merged-main",10000,2,100,"plain","create","data_table_plain",5,600.854982621968,0
"merged-main",10000,2,100,"plain","create","dplyr_plain",5,849.76595826447,0
"merged-main",10000,2,100,"plain","create","gen",5,11587.9529621452,0
"merged-main",10000,2,100,"plain","create","dibble_bracket",5,11682.4170108885,0
"merged-main",10000,2,100,"plain","create","dplyr_dibble",5,7706.64704032242,0
"merged-main",10000,2,100,"plain","create","data_table_plain",6,618.23904979974,0
"merged-main",10000,2,100,"plain","create","gen",6,11934.9769083783,0
"merged-main",10000,2,100,"plain","create","dplyr_dibble",6,7282.25603234023,0
"merged-main",10000,2,100,"plain","create","dplyr_plain",6,887.732021510601,0
"merged-main",10000,2,100,"plain","create","dibble_bracket",6,11725.1799674705,0
"merged-main",10000,2,100,"plain","create","dplyr_dibble",7,7235.84403749555,0
"merged-main",10000,2,100,"plain","create","dibble_bracket",7,11681.4740467817,0
"merged-main",10000,2,100,"plain","create","dplyr_plain",7,931.479036808014,0
"merged-main",10000,2,100,"plain","create","gen",7,11531.4139984548,0
"merged-main",10000,2,100,"plain","create","data_table_plain",7,599.542981944978,0
"merged-main",10000,2,100,"plain","create","gen",8,11481.0660015792,0
"merged-main",10000,2,100,"plain","create","dplyr_plain",8,843.369984067976,0
"merged-main",10000,2,100,"plain","create","dibble_bracket",8,11681.0640320182,0
"merged-main",10000,2,100,"plain","create","dplyr_dibble",8,7373.48105758429,0
"merged-main",10000,2,100,"plain","create","data_table_plain",8,641.239923425019,0
"merged-main",10000,2,100,"plain","create","data_table_plain",9,593.721051700413,0
"merged-main",10000,2,100,"plain","create","dplyr_dibble",9,8122.71505128592,0
"merged-main",10000,2,100,"plain","create","dplyr_plain",9,865.633017383516,0
"merged-main",10000,2,100,"plain","create","dibble_bracket",9,11498.1629885733,0
"merged-main",10000,2,100,"plain","create","gen",9,11588.7320134789,0
"merged-main",10000,2,100,"plain","create","data_table_plain",10,615.205033682287,0
"merged-main",10000,2,100,"plain","create","dplyr_plain",10,861.451029777527,0
"merged-main",10000,2,100,"plain","create","dibble_bracket",10,11685.6970125809,0
"merged-main",10000,2,100,"plain","create","gen",10,11481.2300307676,0
"merged-main",10000,2,100,"plain","create","dplyr_dibble",10,7993.6059191823,0
"merged-main",10000,2,100,"plain","create","dplyr_dibble",11,7531.12602978945,0
"merged-main",10000,2,100,"plain","create","gen",11,11622.2290089354,0
"merged-main",10000,2,100,"plain","create","dplyr_plain",11,871.332013048232,0
"merged-main",10000,2,100,"plain","create","dibble_bracket",11,12175.9340399876,0
"merged-main",10000,2,100,"plain","create","data_table_plain",11,623.323023319244,0
"merged-main",10000,2,100,"plain","create","data_table_plain",12,671.989982947707,0
"merged-main",10000,2,100,"plain","create","gen",12,12176.7539530993,0
"merged-main",10000,2,100,"plain","create","dplyr_plain",12,1040.33399838954,0
"merged-main",10000,2,100,"plain","create","dibble_bracket",12,11685.9020199627,0
"merged-main",10000,2,100,"plain","create","dplyr_dibble",12,7240.60006905347,0
"merged-main",10000,2,100,"plain","create","dplyr_plain",13,921.843922697008,0
"merged-main",10000,2,100,"plain","create","data_table_plain",13,596.016994677484,0
"merged-main",10000,2,100,"plain","create","gen",13,11494.0219791606,0
"merged-main",10000,2,100,"plain","create","dibble_bracket",13,11821.9400756061,0
"merged-main",10000,2,100,"plain","create","dplyr_dibble",13,7332.60402921587,0
"merged-main",10000,2,100,"plain","create","data_table_plain",14,653.416966088116,0
"merged-main",10000,2,100,"plain","create","dplyr_plain",14,866.65793787688,0
"merged-main",10000,2,100,"plain","create","dibble_bracket",14,12743.4969181195,0
"merged-main",10000,2,100,"plain","create","dplyr_dibble",14,7339.77905474603,0
"merged-main",10000,2,100,"plain","create","gen",14,11507.6749352738,0
"merged-main",10000,2,100,"plain","create","dplyr_dibble",15,7207.39003736526,0
"merged-main",10000,2,100,"plain","create","data_table_plain",15,602.290034294128,0
"merged-main",10000,2,100,"plain","create","gen",15,11620.5071099102,0
"merged-main",10000,2,100,"plain","create","dibble_bracket",15,12510.9039945528,0
"merged-main",10000,2,100,"plain","create","dplyr_plain",15,958.702992647886,0
"merged-main",10000,2,100,"plain","create","data_table_plain",16,614.630989730358,0
"merged-main",10000,2,100,"plain","create","gen",16,11494.8829868808,0
"merged-main",10000,2,100,"plain","create","dplyr_dibble",16,7271.02195378393,0
"merged-main",10000,2,100,"plain","create","dplyr_plain",16,923.812040127814,0
"merged-main",10000,2,100,"plain","create","dibble_bracket",16,11656.3409101218,0
"merged-main",10000,2,100,"plain","create","gen",17,11456.9989964366,0
"merged-main",10000,2,100,"plain","create","data_table_plain",17,603.807042352855,0
"merged-main",10000,2,100,"plain","create","dplyr_dibble",17,6409.89898238331,0
"merged-main",10000,2,100,"plain","create","dibble_bracket",17,11757.4060568586,0
"merged-main",10000,2,100,"plain","create","dplyr_plain",17,896.21904771775,0
"merged-main",10000,2,100,"plain","create","dplyr_dibble",18,7579.67005483806,0
"merged-main",10000,2,100,"plain","create","data_table_plain",18,607.82500077039,0
"merged-main",10000,2,100,"plain","create","gen",18,11509.6429362893,0
"merged-main",10000,2,100,"plain","create","dibble_bracket",18,11659.2110134661,0
"merged-main",10000,2,100,"plain","create","dplyr_plain",18,868.543982505798,0
"merged-main",10000,2,100,"plain","create","dplyr_plain",19,841.114902868867,0
"merged-main",10000,2,100,"plain","create","gen",19,11472.824960947,0
"merged-main",10000,2,100,"plain","create","data_table_plain",19,636.033015325665,0
"merged-main",10000,2,100,"plain","create","dibble_bracket",19,11739.899055101,0
"merged-main",10000,2,100,"plain","create","dplyr_dibble",19,7217.10710786283,0
"merged-main",10000,2,100,"plain","create","dplyr_plain",20,834.636972285807,0
"merged-main",10000,2,100,"plain","create","data_table_plain",20,598.640996031463,0
"merged-main",10000,2,100,"plain","create","gen",20,11843.9159123227,0
"merged-main",10000,2,100,"plain","create","dplyr_dibble",20,7256.54896814376,0
"merged-main",10000,2,100,"plain","create","dibble_bracket",20,11648.099985905,0
"merged-main",10000,2,100,"plain","five","dplyr_plain",1,1544.55192387104,0
"merged-main",10000,2,100,"plain","five","dibble_bracket",1,55612.5229923055,0.00300000000004275
"merged-main",10000,2,100,"plain","five","data_table_plain",1,748.783000744879,0
"merged-main",10000,2,100,"plain","five","dplyr_dibble",1,29672.1099875867,0
"merged-main",10000,2,100,"plain","five","dibble_bracket",2,54574.0339439362,0.00200000000006639
"merged-main",10000,2,100,"plain","five","dplyr_dibble",2,30146.1109193042,0
"merged-main",10000,2,100,"plain","five","data_table_plain",2,781.090930104256,0
"merged-main",10000,2,100,"plain","five","dplyr_plain",2,1561.81294005364,0
"merged-main",10000,2,100,"plain","five","dplyr_dibble",3,29761.7360483855,0
"merged-main",10000,2,100,"plain","five","dibble_bracket",3,54548.7370109186,0.00199999999995271
"merged-main",10000,2,100,"plain","five","dplyr_plain",3,1605.35506438464,0
"merged-main",10000,2,100,"plain","five","data_table_plain",3,828.363932669163,0
"merged-main",10000,2,100,"plain","five","dibble_bracket",4,55416.7890222743,0.0040000000000191
"merged-main",10000,2,100,"plain","five","data_table_plain",4,784.617033787072,0
"merged-main",10000,2,100,"plain","five","dplyr_dibble",4,29746.8119533733,0
"merged-main",10000,2,100,"plain","five","dplyr_plain",4,1568.90600919724,0
"merged-main",10000,2,100,"plain","five","dibble_bracket",5,54477.2739522159,0.00199999999995271
"merged-main",10000,2,100,"plain","five","dplyr_dibble",5,29815.2000177652,0
"merged-main",10000,2,100,"plain","five","data_table_plain",5,794.785097241402,0
"merged-main",10000,2,100,"plain","five","dplyr_plain",5,1574.19499009848,0
"merged-main",10000,2,100,"plain","five","data_table_plain",6,735.827023163438,0
"merged-main",10000,2,100,"plain","five","dibble_bracket",6,54914.0060320497,0.00299999999992906
"merged-main",10000,2,100,"plain","five","dplyr_dibble",6,29268.2190192863,0
"merged-main",10000,2,100,"plain","five","dplyr_plain",6,1680.50790671259,0
"merged-main",10000,2,100,"plain","five","data_table_plain",7,834.719045087695,0
"merged-main",10000,2,100,"plain","five","dibble_bracket",7,55218.8410656527,0.00300000000004275
"merged-main",10000,2,100,"plain","five","dplyr_plain",7,1645.0840048492,0
"merged-main",10000,2,100,"plain","five","dplyr_dibble",7,29633.2830330357,0
"merged-main",10000,2,100,"plain","five","dplyr_plain",8,1543.97799633443,0
"merged-main",10000,2,100,"plain","five","dibble_bracket",8,54823.4779853374,0.00200000000006639
"merged-main",10000,2,100,"plain","five","data_table_plain",8,860.631000250578,0
"merged-main",10000,2,100,"plain","five","dplyr_dibble",8,30116.7549332604,0
"merged-main",10000,2,100,"plain","five","dplyr_plain",9,1550.20994134247,0
"merged-main",10000,2,100,"plain","five","dplyr_dibble",9,29579.0809905156,0
"merged-main",10000,2,100,"plain","five","data_table_plain",9,746.035948395729,0
"merged-main",10000,2,100,"plain","five","dibble_bracket",9,54462.2680172324,0.00300000000004275
"merged-main",10000,2,100,"plain","five","data_table_plain",10,787.282013334334,0
"merged-main",10000,2,100,"plain","five","dplyr_plain",10,1677.26899962872,0
"merged-main",10000,2,100,"plain","five","dibble_bracket",10,56344.9469627813,0.00300000000004275
"merged-main",10000,2,100,"plain","five","dplyr_dibble",10,31658.3549138159,0
"merged-main",10000,2,100,"plain","five","dibble_bracket",11,56521.7799739912,0.00300000000009959
"merged-main",10000,2,100,"plain","five","dplyr_dibble",11,32433.4600009024,0
"merged-main",10000,2,100,"plain","five","data_table_plain",11,860.344036482275,0
"merged-main",10000,2,100,"plain","five","dplyr_plain",11,1852.46206820011,0
"merged-main",10000,2,100,"plain","five","dplyr_plain",12,1670.58606166393,0
"merged-main",10000,2,100,"plain","five","data_table_plain",12,864.403089508414,0
"merged-main",10000,2,100,"plain","five","dplyr_dibble",12,32673.0640372261,0
"merged-main",10000,2,100,"plain","five","dibble_bracket",12,59378.2500363886,0.0040000000000191
"merged-main",10000,2,100,"plain","five","dibble_bracket",13,59799.2379916832,0.0040000000000191
"merged-main",10000,2,100,"plain","five","dplyr_dibble",13,31361.1869933084,0
"merged-main",10000,2,100,"plain","five","data_table_plain",13,876.990030519664,0
"merged-main",10000,2,100,"plain","five","dplyr_plain",13,1791.82295687497,0
"merged-main",10000,2,100,"plain","five","data_table_plain",14,891.544972546399,0
"merged-main",10000,2,100,"plain","five","dplyr_dibble",14,32820.746069774,0
"merged-main",10000,2,100,"plain","five","dplyr_plain",14,1833.80697853863,0
"merged-main",10000,2,100,"plain","five","dibble_bracket",14,60796.604026109,0.00399999999996226
"merged-main",10000,2,100,"plain","five","dplyr_plain",15,1882.31002539396,0
"merged-main",10000,2,100,"plain","five","dibble_bracket",15,58757.1409996599,0.0029999999999859
"merged-main",10000,2,100,"plain","five","dplyr_dibble",15,33114.2650684342,0
"merged-main",10000,2,100,"plain","five","data_table_plain",15,815.161969512701,0
"merged-main",10000,2,100,"plain","five","dibble_bracket",16,59965.2060773224,0.0040000000000191
"merged-main",10000,2,100,"plain","five","data_table_plain",16,890.807015821338,0
"merged-main",10000,2,100,"plain","five","dplyr_plain",16,1949.26303811371,0
"merged-main",10000,2,100,"plain","five","dplyr_dibble",16,32327.9260192066,0
"merged-main",10000,2,100,"plain","five","dibble_bracket",17,58989.9389306083,0.00200000000000955
"merged-main",10000,2,100,"plain","five","data_table_plain",17,857.596984133124,0
"merged-main",10000,2,100,"plain","five","dplyr_plain",17,1821.22003752738,0
"merged-main",10000,2,100,"plain","five","dplyr_dibble",17,31656.3049564138,0
"merged-main",10000,2,100,"plain","five","dplyr_dibble",18,31309.7320031375,0
"merged-main",10000,2,100,"plain","five","data_table_plain",18,894.005061127245,0
"merged-main",10000,2,100,"plain","five","dibble_bracket",18,56096.6919874772,0.0029999999999859
"merged-main",10000,2,100,"plain","five","dplyr_plain",18,1577.39303540438,0
"merged-main",10000,2,100,"plain","five","dibble_bracket",19,54023.1169434264,0.00200000000000955
"merged-main",10000,2,100,"plain","five","dplyr_dibble",19,28945.5490419641,0
"merged-main",10000,2,100,"plain","five","dplyr_plain",19,1571.98100350797,0
"merged-main",10000,2,100,"plain","five","data_table_plain",19,794.78498082608,0
"merged-main",10000,2,100,"plain","five","data_table_plain",20,858.088955283165,0
"merged-main",10000,2,100,"plain","five","dplyr_dibble",20,31868.151971139,0
"merged-main",10000,2,100,"plain","five","dplyr_plain",20,1870.87105587125,0
"merged-main",10000,2,100,"plain","five","dibble_bracket",20,58990.5130909756,0.00199999999995271
"merged-main",10000,2,100,"owned","create","data_table_plain",1,594.048993662,0
"merged-main",10000,2,100,"owned","create","gen",1,10983.0390429124,0
"merged-main",10000,2,100,"owned","create","dplyr_dibble",1,8091.96499176323,0
"merged-main",10000,2,100,"owned","create","dibble_bracket",1,12910.5719970539,0
"merged-main",10000,2,100,"owned","create","dplyr_plain",1,1225.03901366144,0
"merged-main",10000,2,100,"owned","create","gen",2,11760.8909495175,0
"merged-main",10000,2,100,"owned","create","dplyr_dibble",2,7468.68294663727,0
"merged-main",10000,2,100,"owned","create","dibble_bracket",2,12941.9780569151,0
"merged-main",10000,2,100,"owned","create","dplyr_plain",2,984.532991424203,0
"merged-main",10000,2,100,"owned","create","data_table_plain",2,622.872030362487,0
"merged-main",10000,2,100,"owned","create","dplyr_plain",3,896.58796787262,0
"merged-main",10000,2,100,"owned","create","dibble_bracket",3,11886.2689705566,0
"merged-main",10000,2,100,"owned","create","data_table_plain",3,732.013955712318,0
"merged-main",10000,2,100,"owned","create","dplyr_dibble",3,8025.21698642522,0
"merged-main",10000,2,100,"owned","create","gen",3,11405.7899918407,0
"merged-main",10000,2,100,"owned","create","data_table_plain",4,609.998009167612,0
"merged-main",10000,2,100,"owned","create","dplyr_plain",4,982.811092399061,0
"merged-main",10000,2,100,"owned","create","dplyr_dibble",4,7956.46000187844,0
"merged-main",10000,2,100,"owned","create","gen",4,11832.1490008384,0
"merged-main",10000,2,100,"owned","create","dibble_bracket",4,12814.8370422423,0
"merged-main",10000,2,100,"owned","create","gen",5,10558.9760933071,0
"merged-main",10000,2,100,"owned","create","dplyr_dibble",5,7694.83903422952,0
"merged-main",10000,2,100,"owned","create","data_table_plain",5,663.748942315578,0
"merged-main",10000,2,100,"owned","create","dibble_bracket",5,12361.2129827961,0
"merged-main",10000,2,100,"owned","create","dplyr_plain",5,1186.62195745856,0
"merged-main",10000,2,100,"owned","create","dplyr_dibble",6,8299.09706953913,0
"merged-main",10000,2,100,"owned","create","dibble_bracket",6,11902.4639716372,0
"merged-main",10000,2,100,"owned","create","dplyr_plain",6,1041.93307925016,0
"merged-main",10000,2,100,"owned","create","data_table_plain",6,714.794034138322,0
"merged-main",10000,2,100,"owned","create","gen",6,12079.9120049924,0
"merged-main",10000,2,100,"owned","create","dplyr_dibble",7,7306.28194287419,0
"merged-main",10000,2,100,"owned","create","dibble_bracket",7,13052.5139393285,0
"merged-main",10000,2,100,"owned","create","data_table_plain",7,608.316971920431,0
"merged-main",10000,2,100,"owned","create","dplyr_plain",7,975.8819360286,0
"merged-main",10000,2,100,"owned","create","gen",7,11487.5439321622,0
"merged-main",10000,2,100,"owned","create","dibble_bracket",8,12029.4820517302,0
"merged-main",10000,2,100,"owned","create","gen",8,11777.7420673519,0
"merged-main",10000,2,100,"owned","create","dplyr_plain",8,997.693976387382,0
"merged-main",10000,2,100,"owned","create","data_table_plain",8,672.850990667939,0
"merged-main",10000,2,100,"owned","create","dplyr_dibble",8,7891.47499017417,0
"merged-main",10000,2,100,"owned","create","dplyr_dibble",9,8352.8480026871,0
"merged-main",10000,2,100,"owned","create","data_table_plain",9,688.184984028339,0
"merged-main",10000,2,100,"owned","create","gen",9,11971.1799779907,0
"merged-main",10000,2,100,"owned","create","dibble_bracket",9,12985.069071874,0
"merged-main",10000,2,100,"owned","create","dplyr_plain",9,1112.28902824223,0
"merged-main",10000,2,100,"owned","create","data_table_plain",10,704.421079717577,0
"merged-main",10000,2,100,"owned","create","gen",10,12739.478959702,0
"merged-main",10000,2,100,"owned","create","dibble_bracket",10,13022.6250039414,0
"merged-main",10000,2,100,"owned","create","dplyr_dibble",10,7917.18205437064,0
"merged-main",10000,2,100,"owned","create","dplyr_plain",10,1243.77594329417,0
"merged-main",10000,2,100,"owned","create","dplyr_dibble",11,8548.17195795476,0
"merged-main",10000,2,100,"owned","create","data_table_plain",11,754.358945414424,0
"merged-main",10000,2,100,"owned","create","dplyr_plain",11,826.027011498809,0
"merged-main",10000,2,100,"owned","create","dibble_bracket",11,13216.3090165704,0
"merged-main",10000,2,100,"owned","create","gen",11,12861.3720880821,0
"merged-main",10000,2,100,"owned","create","data_table_plain",12,738.73798828572,0
"merged-main",10000,2,100,"owned","create","dibble_bracket",12,13637.9119940102,0
"merged-main",10000,2,100,"owned","create","dplyr_plain",12,1306.9569831714,0
"merged-main",10000,2,100,"owned","create","dplyr_dibble",12,8158.34407694638,0
"merged-main",10000,2,100,"owned","create","gen",12,12681.2999369577,0
"merged-main",10000,2,100,"owned","create","data_table_plain",13,780.3940679878,0
"merged-main",10000,2,100,"owned","create","dplyr_dibble",13,8424.35203958303,0
"merged-main",10000,2,100,"owned","create","gen",13,13118.6470389366,0
"merged-main",10000,2,100,"owned","create","dplyr_plain",13,1064.03196696192,0
"merged-main",10000,2,100,"owned","create","dibble_bracket",13,13198.0639416724,0
"merged-main",10000,2,100,"owned","create","dplyr_plain",14,1267.92502123863,0
"merged-main",10000,2,100,"owned","create","gen",14,13083.7151082233,0
"merged-main",10000,2,100,"owned","create","dibble_bracket",14,13259.1950241476,0
"merged-main",10000,2,100,"owned","create","data_table_plain",14,677.812029607594,0
"merged-main",10000,2,100,"owned","create","dplyr_dibble",14,8302.37695481628,0
"merged-main",10000,2,100,"owned","create","gen",15,12837.5100903213,0
"merged-main",10000,2,100,"owned","create","data_table_plain",15,795.564032159746,0
"merged-main",10000,2,100,"owned","create","dplyr_plain",15,1319.91296075284,0
"merged-main",10000,2,100,"owned","create","dibble_bracket",15,13655.3780175745,0
"merged-main",10000,2,100,"owned","create","dplyr_dibble",15,8294.6689799428,0
"merged-main",10000,2,100,"owned","create","dplyr_dibble",16,8788.71895838529,0
"merged-main",10000,2,100,"owned","create","gen",16,13452.3049928248,0
"merged-main",10000,2,100,"owned","create","dibble_bracket",16,14049.3059298024,0
"merged-main",10000,2,100,"owned","create","data_table_plain",16,812.373938970268,0
"merged-main",10000,2,100,"owned","create","dplyr_plain",16,1192.73096788675,0
"merged-main",10000,2,100,"owned","create","gen",17,12717.1750646085,0
"merged-main",10000,2,100,"owned","create","dplyr_plain",17,1185.88400073349,0
"merged-main",10000,2,100,"owned","create","dplyr_dibble",17,8807.45600443333,0
"merged-main",10000,2,100,"owned","create","dibble_bracket",17,13829.2590854689,0
"merged-main",10000,2,100,"owned","create","data_table_plain",17,796.302105300128,0
"merged-main",10000,2,100,"owned","create","dplyr_dibble",18,8843.69993582368,0
"merged-main",10000,2,100,"owned","create","data_table_plain",18,734.350993297994,0
"merged-main",10000,2,100,"owned","create","dibble_bracket",18,13233.3239307627,0
"merged-main",10000,2,100,"owned","create","dplyr_plain",18,1254.14889771491,0
"merged-main",10000,2,100,"owned","create","gen",18,12030.8760087937,0
"merged-main",10000,2,100,"owned","create","data_table_plain",19,742.141040973365,0
"merged-main",10000,2,100,"owned","create","dplyr_dibble",19,7470.73302045465,0
"merged-main",10000,2,100,"owned","create","dplyr_plain",19,958.908000029624,0
"merged-main",10000,2,100,"owned","create","dibble_bracket",19,12697.69994542,0
"merged-main",10000,2,100,"owned","create","gen",19,11522.0659645274,0
"merged-main",10000,2,100,"owned","create","gen",20,11502.058012411,0
"merged-main",10000,2,100,"owned","create","dibble_bracket",20,11732.4780439958,0
"merged-main",10000,2,100,"owned","create","data_table_plain",20,610.243994742632,0
"merged-main",10000,2,100,"owned","create","dplyr_dibble",20,7679.38198987395,0
"merged-main",10000,2,100,"owned","create","dplyr_plain",20,1140.49704279751,0
"merged-main",10000,2,100,"owned","five","data_table_plain",1,924.427062273026,0
"merged-main",10000,2,100,"owned","five","dplyr_dibble",1,33720.3269591555,0
"merged-main",10000,2,100,"owned","five","dibble_bracket",1,57940.8720368519,0.00299999999992906
"merged-main",10000,2,100,"owned","five","dplyr_plain",1,1877.55399383605,0
"merged-main",10000,2,100,"owned","five","data_table_plain",2,831.602956168354,0
"merged-main",10000,2,100,"owned","five","dplyr_plain",2,1613.71903959662,0
"merged-main",10000,2,100,"owned","five","dplyr_dibble",2,31675.1649370417,0
"merged-main",10000,2,100,"owned","five","dibble_bracket",2,56520.3859005123,0.0029999999999859
"merged-main",10000,2,100,"owned","five","dplyr_dibble",3,31094.2360665649,0
"merged-main",10000,2,100,"owned","five","data_table_plain",3,771.620078012347,0
"merged-main",10000,2,100,"owned","five","dibble_bracket",3,57396.023068577,0.0029999999999859
"merged-main",10000,2,100,"owned","five","dplyr_plain",3,1948.3610522002,0
"merged-main",10000,2,100,"owned","five","dibble_bracket",4,55674.678995274,0.00399999999996226
"merged-main",10000,2,100,"owned","five","data_table_plain",4,848.002964630723,0
"merged-main",10000,2,100,"owned","five","dplyr_dibble",4,31134.4159999862,0
"merged-main",10000,2,100,"owned","five","dplyr_plain",4,1598.71310461313,0
"merged-main",10000,2,100,"owned","five","dplyr_plain",5,1596.29399422556,0
"merged-main",10000,2,100,"owned","five","dibble_bracket",5,55971.0679808632,0.00299999999992906
"merged-main",10000,2,100,"owned","five","data_table_plain",5,871.127005666494,0
"merged-main",10000,2,100,"owned","five","dplyr_dibble",5,30912.647023797,0
"merged-main",10000,2,100,"owned","five","data_table_plain",6,858.006998896599,0
"merged-main",10000,2,100,"owned","five","dplyr_dibble",6,30501.7450591549,0
"merged-main",10000,2,100,"owned","five","dplyr_plain",6,1508.79996363074,0
"merged-main",10000,2,100,"owned","five","dibble_bracket",6,56981.2259636819,0.00300000000004275
"merged-main",10000,2,100,"owned","five","dibble_bracket",7,55009.1669429094,0.00200000000006639
"merged-main",10000,2,100,"owned","five","data_table_plain",7,909.912982024252,0
"merged-main",10000,2,100,"owned","five","dplyr_dibble",7,31024.1669649258,0
"merged-main",10000,2,100,"owned","five","dplyr_plain",7,1930.60806486756,0
"merged-main",10000,2,100,"owned","five","dplyr_dibble",8,33189.8280419409,0
"merged-main",10000,2,100,"owned","five","dplyr_plain",8,1638.23703769594,0
"merged-main",10000,2,100,"owned","five","dibble_bracket",8,56281.5609155223,0.00200000000006639
"merged-main",10000,2,100,"owned","five","data_table_plain",8,922.171981073916,0
"merged-main",10000,2,100,"owned","five","dplyr_dibble",9,32347.6060293615,0
"merged-main",10000,2,100,"owned","five","dplyr_plain",9,1934.50297228992,0
"merged-main",10000,2,100,"owned","five","dibble_bracket",9,59854.5470274985,0.00199999999995271
"merged-main",10000,2,100,"owned","five","data_table_plain",9,932.462979108095,0
"merged-main",10000,2,100,"owned","five","data_table_plain",10,851.160031743348,0
"merged-main",10000,2,100,"owned","five","dplyr_dibble",10,31809.3580426648,0
"merged-main",10000,2,100,"owned","five","dplyr_plain",10,2049.05692953616,0
"merged-main",10000,2,100,"owned","five","dibble_bracket",10,57839.6019991487,0.0040000000000191
"merged-main",10000,2,100,"owned","five","dplyr_dibble",11,30092.564993538,0
"merged-main",10000,2,100,"owned","five","data_table_plain",11,896.136974915862,0
"merged-main",10000,2,100,"owned","five","dplyr_plain",11,1459.51798185706,0
"merged-main",10000,2,100,"owned","five","dibble_bracket",11,55284.1130411252,0.00300000000004275
"merged-main",10000,2,100,"owned","five","data_table_plain",12,831.56197797507,0
"merged-main",10000,2,100,"owned","five","dibble_bracket",12,56362.0029715821,0.00199999999995271
"merged-main",10000,2,100,"owned","five","dplyr_dibble",12,29056.7820193246,0
"merged-main",10000,2,100,"owned","five","dplyr_plain",12,1825.36104694009,0
"merged-main",10000,2,100,"owned","five","data_table_plain",13,836.809980683029,0
"merged-main",10000,2,100,"owned","five","dibble_bracket",13,55722.1570052207,0.0040000000000191
"merged-main",10000,2,100,"owned","five","dplyr_dibble",13,30014.9109680206,0
"merged-main",10000,2,100,"owned","five","dplyr_plain",13,1985.22000573575,0
"merged-main",10000,2,100,"owned","five","dibble_bracket",14,56220.1839638874,0.00299999999992906
"merged-main",10000,2,100,"owned","five","dplyr_plain",14,1823.7620824948,0
"merged-main",10000,2,100,"owned","five","dplyr_dibble",14,30179.6899875626,0
"merged-main",10000,2,100,"owned","five","data_table_plain",14,766.658922657371,0
"merged-main",10000,2,100,"owned","five","dplyr_plain",15,1484.36392191797,0
"merged-main",10000,2,100,"owned","five","dplyr_dibble",15,30415.5630292371,0
"merged-main",10000,2,100,"owned","five","data_table_plain",15,833.653029985726,0
"merged-main",10000,2,100,"owned","five","dibble_bracket",15,57536.2019008026,0.00200000000000955
"merged-main",10000,2,100,"owned","five","dplyr_plain",16,1716.75195451826,0
"merged-main",10000,2,100,"owned","five","data_table_plain",16,895.604025572538,0
"merged-main",10000,2,100,"owned","five","dibble_bracket",16,56238.1010968238,0.00200000000000955
"merged-main",10000,2,100,"owned","five","dplyr_dibble",16,31538.307084702,0
"merged-main",10000,2,100,"owned","five","dplyr_dibble",17,31187.5520274043,0
"merged-main",10000,2,100,"owned","five","dibble_bracket",17,56966.793956235,0.0029999999999859
"merged-main",10000,2,100,"owned","five","data_table_plain",17,836.974009871483,0
"merged-main",10000,2,100,"owned","five","dplyr_plain",17,1392.89302751422,0
"merged-main",10000,2,100,"owned","five","dplyr_dibble",18,31385.4590058327,0
"merged-main",10000,2,100,"owned","five","dibble_bracket",18,55563.5689524934,0.00299999999992906
"merged-main",10000,2,100,"owned","five","dplyr_plain",18,1694.36598662287,0
"merged-main",10000,2,100,"owned","five","data_table_plain",18,823.074951767921,0
"merged-main",10000,2,100,"owned","five","dibble_bracket",19,55775.9900111705,0.00300000000004275
"merged-main",10000,2,100,"owned","five","data_table_plain",19,798.516091890633,0
"merged-main",10000,2,100,"owned","five","dplyr_plain",19,1707.36294239759,0
"merged-main",10000,2,100,"owned","five","dplyr_dibble",19,30937.9439568147,0
"merged-main",10000,2,100,"owned","five","dplyr_dibble",20,30615.1919066906,0
"merged-main",10000,2,100,"owned","five","data_table_plain",20,835.907994769514,0
"merged-main",10000,2,100,"owned","five","dplyr_plain",20,1650.04492737353,0
"merged-main",10000,2,100,"owned","five","dibble_bracket",20,56413.6219909415,0.00200000000000955
"merged-main",10000,100,100,"plain","create","gen",1,12469.6989078075,0
"merged-main",10000,100,100,"plain","create","dplyr_dibble",1,10943.720000796,0
"merged-main",10000,100,100,"plain","create","data_table_plain",1,684.576923958957,0
"merged-main",10000,100,100,"plain","create","dplyr_plain",1,1147.1799807623,0
"merged-main",10000,100,100,"plain","create","dibble_bracket",1,12860.5109639466,0
"merged-main",10000,100,100,"plain","create","dplyr_dibble",2,10697.268997319,0
"merged-main",10000,100,100,"plain","create","data_table_plain",2,781.788025051355,0
"merged-main",10000,100,100,"plain","create","dplyr_plain",2,1022.99090940505,0
"merged-main",10000,100,100,"plain","create","gen",2,12561.4569988102,0
"merged-main",10000,100,100,"plain","create","dibble_bracket",2,12806.0630522668,0
"merged-main",10000,100,100,"plain","create","dplyr_plain",3,1181.78396951407,0
"merged-main",10000,100,100,"plain","create","dibble_bracket",3,12760.8809852973,0
"merged-main",10000,100,100,"plain","create","dplyr_dibble",3,10850.1579379663,0
"merged-main",10000,100,100,"plain","create","gen",3,12275.7279314101,0
"merged-main",10000,100,100,"plain","create","data_table_plain",3,643.208040855825,0
"merged-main",10000,100,100,"plain","create","data_table_plain",4,770.922983065248,0
"merged-main",10000,100,100,"plain","create","dplyr_plain",4,1030.32996412367,0
"merged-main",10000,100,100,"plain","create","dibble_bracket",4,12968.2589322329,0
"merged-main",10000,100,100,"plain","create","gen",4,11798.9389691502,0
"merged-main",10000,100,100,"plain","create","dplyr_dibble",4,11865.7690472901,0
"merged-main",10000,100,100,"plain","create","dplyr_plain",5,1437.95204348862,0
"merged-main",10000,100,100,"plain","create","gen",5,10884.6391085535,0
"merged-main",10000,100,100,"plain","create","data_table_plain",5,675.720977596939,0
"merged-main",10000,100,100,"plain","create","dibble_bracket",5,13779.9358926713,0
"merged-main",10000,100,100,"plain","create","dplyr_dibble",5,12145.5119224265,0
"merged-main",10000,100,100,"plain","create","dplyr_plain",6,1337.82997727394,0
"merged-main",10000,100,100,"plain","create","dibble_bracket",6,13996.2929533795,0
"merged-main",10000,100,100,"plain","create","data_table_plain",6,712.662003934383,0
"merged-main",10000,100,100,"plain","create","dplyr_dibble",6,11118.5440327972,0
"merged-main",10000,100,100,"plain","create","gen",6,12217.0160757378,0
"merged-main",10000,100,100,"plain","create","gen",7,12425.0500230119,0
"merged-main",10000,100,100,"plain","create","dplyr_dibble",7,11425.5519583821,0
"merged-main",10000,100,100,"plain","create","dibble_bracket",7,14062.8770459443,0
"merged-main",10000,100,100,"plain","create","data_table_plain",7,745.708006434143,0
"merged-main",10000,100,100,"plain","create","dplyr_plain",7,1396.00900001824,0
"merged-main",10000,100,100,"plain","create","dibble_bracket",8,13449.9270934612,0
"merged-main",10000,100,100,"plain","create","dplyr_dibble",8,11167.8260145709,0
"merged-main",10000,100,100,"plain","create","gen",8,13440.7839505002,0
"merged-main",10000,100,100,"plain","create","data_table_plain",8,809.586024843156,0
"merged-main",10000,100,100,"plain","create","dplyr_plain",8,1408.22702087462,0
"merged-main",10000,100,100,"plain","create","data_table_plain",9,740.705989301205,0
"merged-main",10000,100,100,"plain","create","dplyr_dibble",9,11229.5309081674,0
"merged-main",10000,100,100,"plain","create","dibble_bracket",9,12789.2940072343,0
"merged-main",10000,100,100,"plain","create","dplyr_plain",9,981.868011876941,0
"merged-main",10000,100,100,"plain","create","gen",9,11727.2710194811,0
"merged-main",10000,100,100,"plain","create","dplyr_dibble",10,11226.8249504268,0
"merged-main",10000,100,100,"plain","create","gen",10,12571.1740693077,0
"merged-main",10000,100,100,"plain","create","dibble_bracket",10,13242.1801099554,0
"merged-main",10000,100,100,"plain","create","data_table_plain",10,650.506000965834,0
"merged-main",10000,100,100,"plain","create","dplyr_plain",10,1309.17096976191,0
"merged-main",10000,100,100,"plain","create","dplyr_dibble",11,11231.6220765933,0
"merged-main",10000,100,100,"plain","create","gen",11,12352.5619274005,0
"merged-main",10000,100,100,"plain","create","dibble_bracket",11,12578.1439710408,0
"merged-main",10000,100,100,"plain","create","dplyr_plain",11,1339.14197795093,0
"merged-main",10000,100,100,"plain","create","data_table_plain",11,721.927965059876,0
"merged-main",10000,100,100,"plain","create","dplyr_dibble",12,11459.5820195973,0
"merged-main",10000,100,100,"plain","create","dibble_bracket",12,11591.3560148329,0
"merged-main",10000,100,100,"plain","create","gen",12,12687.0399108157,0
"merged-main",10000,100,100,"plain","create","data_table_plain",12,719.016999937594,0
"merged-main",10000,100,100,"plain","create","dplyr_plain",12,1341.31498634815,0
"merged-main",10000,100,100,"plain","create","data_table_plain",13,747.553072869778,0
"merged-main",10000,100,100,"plain","create","dplyr_plain",13,1346.89104743302,0
"merged-main",10000,100,100,"plain","create","dibble_bracket",13,12807.9080022871,0
"merged-main",10000,100,100,"plain","create","gen",13,12196.1060212925,0
"merged-main",10000,100,100,"plain","create","dplyr_dibble",13,10398.0099083856,0
"merged-main",10000,100,100,"plain","create","dplyr_plain",14,1308.67899861187,0
"merged-main",10000,100,100,"plain","create","dplyr_dibble",14,10891.9369522482,0
"merged-main",10000,100,100,"plain","create","gen",14,12658.0939395353,0
"merged-main",10000,100,100,"plain","create","dibble_bracket",14,13420.079019852,0
"merged-main",10000,100,100,"plain","create","data_table_plain",14,748.66006616503,0
"merged-main",10000,100,100,"plain","create","dplyr_dibble",15,10968.8939992338,0
"merged-main",10000,100,100,"plain","create","gen",15,12506.8040797487,0
"merged-main",10000,100,100,"plain","create","dplyr_plain",15,1173.58402349055,0
"merged-main",10000,100,100,"plain","create","data_table_plain",15,670.882989652455,0
"merged-main",10000,100,100,"plain","create","dibble_bracket",15,12713.6079827324,0
"merged-main",10000,100,100,"plain","create","data_table_plain",16,695.195980370045,0
"merged-main",10000,100,100,"plain","create","dibble_bracket",16,13082.8130058944,0
"merged-main",10000,100,100,"plain","create","dplyr_plain",16,1398.59202317894,0
"merged-main",10000,100,100,"plain","create","dplyr_dibble",16,11148.2689389959,0
"merged-main",10000,100,100,"plain","create","gen",16,12441.2039294839,0
"merged-main",10000,100,100,"plain","create","gen",17,12666.5809657425,0
"merged-main",10000,100,100,"plain","create","dplyr_plain",17,1015.81600029022,0
"merged-main",10000,100,100,"plain","create","dibble_bracket",17,12878.3870022744,0
"merged-main",10000,100,100,"plain","create","data_table_plain",17,660.059042274952,0
"merged-main",10000,100,100,"plain","create","dplyr_dibble",17,10818.1780669838,0
"merged-main",10000,100,100,"plain","create","dibble_bracket",18,13021.8050908297,0
"merged-main",10000,100,100,"plain","create","data_table_plain",18,658.378005027771,0
"merged-main",10000,100,100,"plain","create","dplyr_plain",18,1228.11400797218,0
"merged-main",10000,100,100,"plain","create","dplyr_dibble",18,10931.1740379781,0
"merged-main",10000,100,100,"plain","create","gen",18,12026.6530429944,0
"merged-main",10000,100,100,"plain","create","gen",19,12151.7030056566,0
"merged-main",10000,100,100,"plain","create","dplyr_dibble",19,10880.2110189572,0
"merged-main",10000,100,100,"plain","create","dibble_bracket",19,13354.3150732294,0
"merged-main",10000,100,100,"plain","create","data_table_plain",19,742.058968171477,0
"merged-main",10000,100,100,"plain","create","dplyr_plain",19,1310.19600667059,0
"merged-main",10000,100,100,"plain","create","dplyr_dibble",20,11370.3660899773,0
"merged-main",10000,100,100,"plain","create","gen",20,12788.2689703256,0
"merged-main",10000,100,100,"plain","create","dibble_bracket",20,13395.3150361776,0
"merged-main",10000,100,100,"plain","create","data_table_plain",20,800.361041910946,0
"merged-main",10000,100,100,"plain","create","dplyr_plain",20,1089.61598016322,0
"merged-main",10000,100,100,"plain","five","dplyr_plain",1,2110.92608515173,0
"merged-main",10000,100,100,"plain","five","dplyr_dibble",1,41650.9979404509,0.0029999999999859
"merged-main",10000,100,100,"plain","five","data_table_plain",1,829.142984002829,0
"merged-main",10000,100,100,"plain","five","dibble_bracket",1,57298.2790181413,0.0040000000000191
"merged-main",10000,100,100,"plain","five","dplyr_dibble",2,43156.353989616,0.0029999999999859
"merged-main",10000,100,100,"plain","five","dplyr_plain",2,2021.87395188957,0
"merged-main",10000,100,100,"plain","five","data_table_plain",2,836.277031339705,0
"merged-main",10000,100,100,"plain","five","dibble_bracket",2,59391.6160287336,0.0040000000000191
"merged-main",10000,100,100,"plain","five","dplyr_plain",3,2228.84200047702,0
"merged-main",10000,100,100,"plain","five","dibble_bracket",3,59364.1459709033,0.0029999999999859
"merged-main",10000,100,100,"plain","five","data_table_plain",3,884.000910446048,0
"merged-main",10000,100,100,"plain","five","dplyr_dibble",3,42429.2599782348,0.0029999999999859
"merged-main",10000,100,100,"plain","five","dplyr_plain",4,2049.959031865,0
"merged-main",10000,100,100,"plain","five","data_table_plain",4,726.438011042774,0
"merged-main",10000,100,100,"plain","five","dibble_bracket",4,58000.4859948531,0.0040000000000191
"merged-main",10000,100,100,"plain","five","dplyr_dibble",4,42469.7269918397,0.00300000000004275
"merged-main",10000,100,100,"plain","five","data_table_plain",5,893.595046363771,0
"merged-main",10000,100,100,"plain","five","dplyr_dibble",5,43245.283071883,0.00200000000006639
"merged-main",10000,100,100,"plain","five","dibble_bracket",5,56213.8289678842,0.00300000000004275
"merged-main",10000,100,100,"plain","five","dplyr_plain",5,2061.68496515602,0
"merged-main",10000,100,100,"plain","five","dplyr_dibble",6,42755.6610666215,0.00300000000004275
"merged-main",10000,100,100,"plain","five","dibble_bracket",6,59455.904061906,0.00199999999995271
"merged-main",10000,100,100,"plain","five","data_table_plain",6,968.870939686894,0
"merged-main",10000,100,100,"plain","five","dplyr_plain",6,2029.21300660819,0
"merged-main",10000,100,100,"plain","five","dplyr_plain",7,2098.50305691361,0
"merged-main",10000,100,100,"plain","five","data_table_plain",7,856.531085446477,0
"merged-main",10000,100,100,"plain","five","dplyr_dibble",7,42533.154017292,0.0040000000000191
"merged-main",10000,100,100,"plain","five","dibble_bracket",7,55557.6239712536,0.00299999999992906
"merged-main",10000,100,100,"plain","five","dplyr_dibble",8,41758.090024814,0.00300000000004275
"merged-main",10000,100,100,"plain","five","data_table_plain",8,788.348028436303,0
"merged-main",10000,100,100,"plain","five","dibble_bracket",8,58266.9449504465,0.00299999999992906
"merged-main",10000,100,100,"plain","five","dplyr_plain",8,2122.69299663603,0
"merged-main",10000,100,100,"plain","five","dplyr_plain",9,1908.87798089534,0
"merged-main",10000,100,100,"plain","five","dplyr_dibble",9,42504.740995355,0.00300000000004275
"merged-main",10000,100,100,"plain","five","data_table_plain",9,806.019059382379,0
"merged-main",10000,100,100,"plain","five","dibble_bracket",9,60313.7469151989,0.00299999999992906
"merged-main",10000,100,100,"plain","five","dibble_bracket",10,58502.2440645844,0.00300000000004275
"merged-main",10000,100,100,"plain","five","dplyr_plain",10,1990.26300106198,0
"merged-main",10000,100,100,"plain","five","data_table_plain",10,861.614942550659,0
"merged-main",10000,100,100,"plain","five","dplyr_dibble",10,40679.01102826,0.0040000000000191
"merged-main",10000,100,100,"plain","five","dplyr_plain",11,2146.51401620358,0
"merged-main",10000,100,100,"plain","five","dibble_bracket",11,58902.6910020038,0.00299999999992906
"merged-main",10000,100,100,"plain","five","data_table_plain",11,795.39988655597,0
"merged-main",10000,100,100,"plain","five","dplyr_dibble",11,42661.5660544485,0.00399999999996226
"merged-main",10000,100,100,"plain","five","dplyr_dibble",12,41637.8369554877,0.00299999999992906
"merged-main",10000,100,100,"plain","five","data_table_plain",12,805.116957053542,0
"merged-main",10000,100,100,"plain","five","dplyr_plain",12,1912.07602620125,0
"merged-main",10000,100,100,"plain","five","dibble_bracket",12,57706.7619888112,0.00200000000006639
"merged-main",10000,100,100,"plain","five","data_table_plain",13,908.683054149151,0
"merged-main",10000,100,100,"plain","five","dplyr_dibble",13,43250.8590165526,0.00200000000006639
"merged-main",10000,100,100,"plain","five","dplyr_plain",13,2079.39697429538,0
"merged-main",10000,100,100,"plain","five","dibble_bracket",13,58829.8750808463,0.00299999999992906
"merged-main",10000,100,100,"plain","five","dplyr_dibble",14,41799.2129223421,0.00199999999995271
"merged-main",10000,100,100,"plain","five","dplyr_plain",14,2132.7791037038,0
"merged-main",10000,100,100,"plain","five","dibble_bracket",14,58206.306071952,0.0040000000000191
"merged-main",10000,100,100,"plain","five","data_table_plain",14,811.389996670187,0
"merged-main",10000,100,100,"plain","five","data_table_plain",15,899.82699137181,0
"merged-main",10000,100,100,"plain","five","dibble_bracket",15,57240.345980972,0.00200000000006639
"merged-main",10000,100,100,"plain","five","dplyr_dibble",15,41697.5329862908,0.0040000000000191
"merged-main",10000,100,100,"plain","five","dplyr_plain",15,2045.57203687727,0
"merged-main",10000,100,100,"plain","five","dplyr_dibble",16,43097.1090681851,0.0029999999999859
"merged-main",10000,100,100,"plain","five","data_table_plain",16,907.780951820314,0
"merged-main",10000,100,100,"plain","five","dplyr_plain",16,1947.3769934848,0
"merged-main",10000,100,100,"plain","five","dibble_bracket",16,59112.4470811337,0.00199999999995271
"merged-main",10000,100,100,"plain","five","dibble_bracket",17,59707.8079590574,0.00199999999995271
"merged-main",10000,100,100,"plain","five","data_table_plain",17,966.247054748237,0
"merged-main",10000,100,100,"plain","five","dplyr_plain",17,2079.15098872036,0
"merged-main",10000,100,100,"plain","five","dplyr_dibble",17,42459.5180666074,0.00199999999995271
"merged-main",10000,100,100,"plain","five","dplyr_plain",18,2067.71201919764,0
"merged-main",10000,100,100,"plain","five","data_table_plain",18,915.120006538928,0
"merged-main",10000,100,100,"plain","five","dibble_bracket",18,58846.4390020818,0.00199999999995271
"merged-main",10000,100,100,"plain","five","dplyr_dibble",18,42195.8470251411,0.00300000000004275
"merged-main",10000,100,100,"plain","five","data_table_plain",19,815.03891851753,0
"merged-main",10000,100,100,"plain","five","dplyr_dibble",19,43421.6649737209,0.00199999999995271
"merged-main",10000,100,100,"plain","five","dibble_bracket",19,59465.0469720364,0.00200000000006639
"merged-main",10000,100,100,"plain","five","dplyr_plain",19,2172.79500793666,0
"merged-main",10000,100,100,"plain","five","dibble_bracket",20,59745.0360655785,0.00300000000004275
"merged-main",10000,100,100,"plain","five","dplyr_plain",20,1802.81093344092,0
"merged-main",10000,100,100,"plain","five","dplyr_dibble",20,43292.6380308345,0.0040000000000191
"merged-main",10000,100,100,"plain","five","data_table_plain",20,893.4719953686,0
"merged-main",10000,100,100,"owned","create","data_table_plain",1,742.714968509972,0
"merged-main",10000,100,100,"owned","create","dibble_bracket",1,12789.9090293795,0
"merged-main",10000,100,100,"owned","create","dplyr_plain",1,1354.47597131133,0
"merged-main",10000,100,100,"owned","create","dplyr_dibble",1,10752.9470697045,0
"merged-main",10000,100,100,"owned","create","gen",1,11196.6489348561,0
"merged-main",10000,100,100,"owned","create","dibble_bracket",2,12797.2069894895,0
"merged-main",10000,100,100,"owned","create","gen",2,12569.1649736837,0
"merged-main",10000,100,100,"owned","create","data_table_plain",2,782.730989158154,0
"merged-main",10000,100,100,"owned","create","dplyr_plain",2,1006.83700293303,0
"merged-main",10000,100,100,"owned","create","dplyr_dibble",2,10990.5420104042,0
"merged-main",10000,100,100,"owned","create","gen",3,11502.5909617543,0
"merged-main",10000,100,100,"owned","create","dplyr_plain",3,1307.36699793488,0
"merged-main",10000,100,100,"owned","create","dplyr_dibble",3,9580.2650321275,0
"merged-main",10000,100,100,"owned","create","data_table_plain",3,689.456006512046,0
"merged-main",10000,100,100,"owned","create","dibble_bracket",3,13034.7199738026,0
"merged-main",10000,100,100,"owned","create","dibble_bracket",4,13118.8109517097,0
"merged-main",10000,100,100,"owned","create","dplyr_plain",4,1181.78396951407,0
"merged-main",10000,100,100,"owned","create","data_table_plain",4,646.324013359845,0
"merged-main",10000,100,100,"owned","create","gen",4,13313.6020740494,0
"merged-main",10000,100,100,"owned","create","dplyr_dibble",4,10907.6399821788,0
"merged-main",10000,100,100,"owned","create","data_table_plain",5,728.529063053429,0
"merged-main",10000,100,100,"owned","create","dplyr_plain",5,1155.95408715308,0
"merged-main",10000,100,100,"owned","create","dibble_bracket",5,12628.9840554819,0
"merged-main",10000,100,100,"owned","create","dplyr_dibble",5,10533.1460945308,0
"merged-main",10000,100,100,"owned","create","gen",5,12292.209896259,0
"merged-main",10000,100,100,"owned","create","data_table_plain",6,657.516997307539,0
"merged-main",10000,100,100,"owned","create","dibble_bracket",6,12518.3659838513,0
"merged-main",10000,100,100,"owned","create","dplyr_dibble",6,9928.19096427411,0
"merged-main",10000,100,100,"owned","create","gen",6,12674.0019768476,0
"merged-main",10000,100,100,"owned","create","dplyr_plain",6,1286.94891463965,0
"merged-main",10000,100,100,"owned","create","dplyr_plain",7,1108.76304097474,0
"merged-main",10000,100,100,"owned","create","dibble_bracket",7,13478.1759697944,0
"merged-main",10000,100,100,"owned","create","gen",7,12787.8589555621,0
"merged-main",10000,100,100,"owned","create","dplyr_dibble",7,10855.7339990512,0
"merged-main",10000,100,100,"owned","create","data_table_plain",7,703.683006577194,0
"merged-main",10000,100,100,"owned","create","gen",8,11946.8260090798,0
"merged-main",10000,100,100,"owned","create","dplyr_dibble",8,9323.85097257793,0
"merged-main",10000,100,100,"owned","create","dibble_bracket",8,12628.7790481001,0
"merged-main",10000,100,100,"owned","create","dplyr_plain",8,1217.94606093317,0
"merged-main",10000,100,100,"owned","create","data_table_plain",8,664.446037262678,0
"merged-main",10000,100,100,"owned","create","dplyr_plain",9,1128.11510916799,0
"merged-main",10000,100,100,"owned","create","gen",9,12135.4670263827,0
"merged-main",10000,100,100,"owned","create","dibble_bracket",9,12998.8449625671,0
"merged-main",10000,100,100,"owned","create","dplyr_dibble",9,10337.8630010411,0
"merged-main",10000,100,100,"owned","create","data_table_plain",9,674.285925924778,0
"merged-main",10000,100,100,"owned","create","dplyr_dibble",10,10362.1759917587,0
"merged-main",10000,100,100,"owned","create","data_table_plain",10,653.991010040045,0
"merged-main",10000,100,100,"owned","create","dplyr_plain",10,1116.71700142324,0
"merged-main",10000,100,100,"owned","create","gen",10,12154.6139707789,0
"merged-main",10000,100,100,"owned","create","dibble_bracket",10,12182.412086986,0
"merged-main",10000,100,100,"owned","create","data_table_plain",11,717.950984835625,0
"merged-main",10000,100,100,"owned","create","gen",11,11804.6379648149,0
"merged-main",10000,100,100,"owned","create","dplyr_plain",11,1210.85299178958,0
"merged-main",10000,100,100,"owned","create","dplyr_dibble",11,10785.3780500591,0
"merged-main",10000,100,100,"owned","create","dibble_bracket",11,12553.8309803233,0
"merged-main",10000,100,100,"owned","create","gen",12,11459.7049541771,0
"merged-main",10000,100,100,"owned","create","dibble_bracket",12,12291.8819542974,0
"merged-main",10000,100,100,"owned","create","dplyr_plain",12,1118.97196620703,0
"merged-main",10000,100,100,"owned","create","dplyr_dibble",12,10164.4329261035,0
"merged-main",10000,100,100,"owned","create","data_table_plain",12,747.101963497698,0
"merged-main",10000,100,100,"owned","create","data_table_plain",13,643.084989860654,0
"merged-main",10000,100,100,"owned","create","dplyr_dibble",13,10578.3280450851,0
"merged-main",10000,100,100,"owned","create","dplyr_plain",13,1213.10807298869,0
"merged-main",10000,100,100,"owned","create","dibble_bracket",13,12653.3380243927,0
"merged-main",10000,100,100,"owned","create","gen",13,11964.8659601808,0
"merged-main",10000,100,100,"owned","create","gen",14,11780.4890032858,0
"merged-main",10000,100,100,"owned","create","dibble_bracket",14,12007.0959674194,0
"merged-main",10000,100,100,"owned","create","dplyr_dibble",14,10458.8950052857,0
"merged-main",10000,100,100,"owned","create","data_table_plain",14,718.771014362574,0
"merged-main",10000,100,100,"owned","create","dplyr_plain",14,1340.53605142981,0
"merged-main",10000,100,100,"owned","create","gen",15,12991.2189440802,0
"merged-main",10000,100,100,"owned","create","dplyr_dibble",15,11044.8669875041,0
"merged-main",10000,100,100,"owned","create","dplyr_plain",15,1313.96797951311,0
"merged-main",10000,100,100,"owned","create","data_table_plain",15,757.18795415014,0
"merged-main",10000,100,100,"owned","create","dibble_bracket",15,12532.4289547279,0
"merged-main",10000,100,100,"owned","create","data_table_plain",16,747.840036638081,0
"merged-main",10000,100,100,"owned","create","gen",16,11391.235049814,0
"merged-main",10000,100,100,"owned","create","dplyr_plain",16,1444.3889958784,0
"merged-main",10000,100,100,"owned","create","dibble_bracket",16,13165.3869757429,0
"merged-main",10000,100,100,"owned","create","dplyr_dibble",16,11546.0510132834,0
"merged-main",10000,100,100,"owned","create","dplyr_plain",17,1160.99696606398,0
"merged-main",10000,100,100,"owned","create","gen",17,12038.5020272806,0
"merged-main",10000,100,100,"owned","create","data_table_plain",17,737.508060410619,0
"merged-main",10000,100,100,"owned","create","dplyr_dibble",17,11020.7999823615,0
"merged-main",10000,100,100,"owned","create","dibble_bracket",17,13319.0139895305,0
"merged-main",10000,100,100,"owned","create","dplyr_plain",18,1368.04708745331,0
"merged-main",10000,100,100,"owned","create","dibble_bracket",18,13108.3559244871,0
"merged-main",10000,100,100,"owned","create","data_table_plain",18,722.461030818522,0
"merged-main",10000,100,100,"owned","create","dplyr_dibble",18,11064.0139319003,0
"merged-main",10000,100,100,"owned","create","gen",18,12132.4330102652,0
"merged-main",10000,100,100,"owned","create","dplyr_dibble",19,11098.7409716472,0
"merged-main",10000,100,100,"owned","create","data_table_plain",19,676.786992698908,0
"merged-main",10000,100,100,"owned","create","gen",19,12148.6689895391,0
"merged-main",10000,100,100,"owned","create","dplyr_plain",19,1336.3539474085,0
"merged-main",10000,100,100,"owned","create","dibble_bracket",19,13456.3230676576,0
"merged-main",10000,100,100,"owned","create","data_table_plain",20,731.030013412237,0
"merged-main",10000,100,100,"owned","create","dibble_bracket",20,11994.9599029496,0
"merged-main",10000,100,100,"owned","create","dplyr_plain",20,1335.73892526329,0
"merged-main",10000,100,100,"owned","create","dplyr_dibble",20,10069.2720152438,0
"merged-main",10000,100,100,"owned","create","gen",20,12585.6879167259,0
"merged-main",10000,100,100,"owned","five","dplyr_plain",1,1839.6700033918,0
"merged-main",10000,100,100,"owned","five","data_table_plain",1,843.861955218017,0
"merged-main",10000,100,100,"owned","five","dplyr_dibble",1,42297.4450048059,0.00399999999996226
"merged-main",10000,100,100,"owned","five","dibble_bracket",1,56997.9129359126,0.00299999999992906
"merged-main",10000,100,100,"owned","five","dplyr_dibble",2,44960.7230257243,0.00399999999996226
"merged-main",10000,100,100,"owned","five","dplyr_plain",2,2116.33800063282,0
"merged-main",10000,100,100,"owned","five","dibble_bracket",2,59286.1640034243,0.0040000000000191
"merged-main",10000,100,100,"owned","five","data_table_plain",2,906.920060515404,0
"merged-main",10000,100,100,"owned","five","dibble_bracket",3,58059.4439525157,0.00199999999995271
"merged-main",10000,100,100,"owned","five","data_table_plain",3,778.098008595407,0
"merged-main",10000,100,100,"owned","five","dplyr_dibble",3,42387.0300874114,0.00300000000004275
"merged-main",10000,100,100,"owned","five","dplyr_plain",3,2057.38004297018,0
"merged-main",10000,100,100,"owned","five","data_table_plain",4,890.847994014621,0
"merged-main",10000,100,100,"owned","five","dplyr_dibble",4,85055.9349637479,0.0860000000000127
"merged-main",10000,100,100,"owned","five","dibble_bracket",4,59585.9149470925,0.00200000000006639
"merged-main",10000,100,100,"owned","five","dplyr_plain",4,1993.01005341113,0
"merged-main",10000,100,100,"owned","five","dplyr_dibble",5,43985.0459806621,0.00199999999995271
"merged-main",10000,100,100,"owned","five","data_table_plain",5,968.542997725308,0
"merged-main",10000,100,100,"owned","five","dibble_bracket",5,58948.8160330802,0.0029999999999859
"merged-main",10000,100,100,"owned","five","dplyr_plain",5,2246.7999951914,0
"merged-main",10000,100,100,"owned","five","data_table_plain",6,911.470968276262,0
"merged-main",10000,100,100,"owned","five","dplyr_plain",6,2008.22099577636,0
"merged-main",10000,100,100,"owned","five","dplyr_dibble",6,44597.9550713673,0.00399999999996226
"merged-main",10000,100,100,"owned","five","dibble_bracket",6,61207.8339327127,0.0029999999999859
"merged-main",10000,100,100,"owned","five","dplyr_plain",7,2168.20288915187,0
"merged-main",10000,100,100,"owned","five","data_table_plain",7,918.031088076532,0
"merged-main",10000,100,100,"owned","five","dibble_bracket",7,56669.2569991574,0.0029999999999859
"merged-main",10000,100,100,"owned","five","dplyr_dibble",7,41346.1219286546,0.0029999999999859
"merged-main",10000,100,100,"owned","five","dplyr_dibble",8,42671.2830085307,0.0029999999999859
"merged-main",10000,100,100,"owned","five","dibble_bracket",8,57242.8880259395,0.00200000000000955
"merged-main",10000,100,100,"owned","five","data_table_plain",8,882.074004039168,0
"merged-main",10000,100,100,"owned","five","dplyr_plain",8,2248.11199586838,0
"merged-main",10000,100,100,"owned","five","dplyr_plain",9,1634.75202862173,0
"merged-main",10000,100,100,"owned","five","dibble_bracket",9,60736.1289439723,0.0040000000000191
"merged-main",10000,100,100,"owned","five","dplyr_dibble",9,44685.0389707834,0.0029999999999859
"merged-main",10000,100,100,"owned","five","data_table_plain",9,907.863024622202,0
"merged-main",10000,100,100,"owned","five","data_table_plain",10,878.834980539978,0
"merged-main",10000,100,100,"owned","five","dibble_bracket",10,62162.6419015229,0.00599999999997181
"merged-main",10000,100,100,"owned","five","dplyr_dibble",10,40127.1099690348,0.00199999999995271
"merged-main",10000,100,100,"owned","five","dplyr_plain",10,2089.68797232956,0
"merged-main",10000,100,100,"owned","five","dibble_bracket",11,54873.5390184447,0.00300000000004275
"merged-main",10000,100,100,"owned","five","dplyr_dibble",11,40740.1008997113,0.0029999999999859
"merged-main",10000,100,100,"owned","five","data_table_plain",11,886.092078872025,0
"merged-main",10000,100,100,"owned","five","dplyr_plain",11,2194.40192449838,0
"merged-main",10000,100,100,"owned","five","dplyr_plain",12,2435.07197592407,0
"merged-main",10000,100,100,"owned","five","dibble_bracket",12,60266.2690216675,0.00200000000000955
"merged-main",10000,100,100,"owned","five","dplyr_dibble",12,39330.1930744201,0.00199999999995271
"merged-main",10000,100,100,"owned","five","data_table_plain",12,865.059089846909,0
"merged-main",10000,100,100,"owned","five","dplyr_dibble",13,46481.2490390614,0.00699999999994816
"merged-main",10000,100,100,"owned","five","dplyr_plain",13,2290.79299606383,0
"merged-main",10000,100,100,"owned","five","data_table_plain",13,954.31599766016,0
"merged-main",10000,100,100,"owned","five","dibble_bracket",13,61572.1601061523,0.00299999999992906
"merged-main",10000,100,100,"owned","five","dplyr_dibble",14,43903.5790041089,0.00299999999992906
"merged-main",10000,100,100,"owned","five","dibble_bracket",14,57715.536095202,0.00300000000004275
"merged-main",10000,100,100,"owned","five","dplyr_plain",14,2139.05202690512,0
"merged-main",10000,100,100,"owned","five","data_table_plain",14,956.612057052553,0
"merged-main",10000,100,100,"owned","five","dplyr_dibble",15,44055.0330094993,0.0040000000000191
"merged-main",10000,100,100,"owned","five","data_table_plain",15,929.223955608904,0
"merged-main",10000,100,100,"owned","five","dibble_bracket",15,59055.7850664482,0.00200000000006639
"merged-main",10000,100,100,"owned","five","dplyr_plain",15,2338.43503519893,0
"merged-main",10000,100,100,"owned","five","dplyr_dibble",16,41424.5550055057,0.00299999999992906
"merged-main",10000,100,100,"owned","five","dibble_bracket",16,55690.8330181614,0.00300000000004275
"merged-main",10000,100,100,"owned","five","dplyr_plain",16,2433.4320332855,0
"merged-main",10000,100,100,"owned","five","data_table_plain",16,941.073056310415,0
"merged-main",10000,100,100,"owned","five","dplyr_dibble",17,46216.6760116816,0.0040000000000191
"merged-main",10000,100,100,"owned","five","dplyr_plain",17,2068.36801953614,0
"merged-main",10000,100,100,"owned","five","data_table_plain",17,763.05097900331,0
"merged-main",10000,100,100,"owned","five","dibble_bracket",17,61563.7139417231,0.00199999999995271
"merged-main",10000,100,100,"owned","five","dibble_bracket",18,57962.8889681771,0.00300000000004275
"merged-main",10000,100,100,"owned","five","dplyr_plain",18,1681.28695804626,0
"merged-main",10000,100,100,"owned","five","data_table_plain",18,824.879040010273,0
"merged-main",10000,100,100,"owned","five","dplyr_dibble",18,43214.3280049786,0.00300000000004275
"merged-main",10000,100,100,"owned","five","dplyr_dibble",19,42160.8329052106,0.00300000000004275
"merged-main",10000,100,100,"owned","five","dplyr_plain",19,2053.03402617574,0
"merged-main",10000,100,100,"owned","five","dibble_bracket",19,58404.8690507188,0.00199999999995271
"merged-main",10000,100,100,"owned","five","data_table_plain",19,885.764020495117,0
"merged-main",10000,100,100,"owned","five","dibble_bracket",20,59889.4789582118,0.00199999999995271
"merged-main",10000,100,100,"owned","five","dplyr_dibble",20,43118.9209921286,0.00300000000004275
"merged-main",10000,100,100,"owned","five","data_table_plain",20,902.123050764203,0
"merged-main",10000,100,100,"owned","five","dplyr_plain",20,1847.0500363037,0
