variant,round,case,format,width,column,operation,representation,order_in_case,rows,iterations,elapsed_seconds,cpu_seconds,seconds_per_call,result_sha256,full_result_sha256,result_storage,input_sha256,first_missing,native_scalar_calls,compact_before,compact_after,materialized_before,materialized_after,package_version
baseline,1,1,dta,byte,compact_01,multiply,ordinary,1,1000000,500,0.152,0.152,0.000304,525b2ad9d8a4fe80543008cf27b057b1f2c93bab1e4ebd40bdd7dd3abbe5bdd0,525b2ad9d8a4fe80543008cf27b057b1f2c93bab1e4ebd40bdd7dd3abbe5bdd0,,72aeea58f7f0fd26399f753c004578c586d824e4fe207e6ec9a9f4daf0ce666a,996,0,FALSE,FALSE,FALSE,FALSE,0.11.2
baseline,1,1,dta,byte,compact_01,multiply,compact,2,1000000,82,0.154,0.155,0.0018780487804878,efde135332436de33b6f8bb621bc1d6486681a72a9383122b286a9a18f9a3968,efde135332436de33b6f8bb621bc1d6486681a72a9383122b286a9a18f9a3968,int,72aeea58f7f0fd26399f753c004578c586d824e4fe207e6ec9a9f4daf0ce666a,996,82,TRUE,TRUE,FALSE,FALSE,0.11.2
baseline,1,1,dta,byte,compact_01,multiply,typed_double,3,1000000,500,0.164,0.165,0.000328,3b1e77f1eced8b3079415048b0825ca71e1f66b89f48c1dea9a01af725bef1c6,3b1e77f1eced8b3079415048b0825ca71e1f66b89f48c1dea9a01af725bef1c6,double,72aeea58f7f0fd26399f753c004578c586d824e4fe207e6ec9a9f4daf0ce666a,996,500,FALSE,FALSE,FALSE,FALSE,0.11.2
baseline,1,2,dta,byte,compact_01,divide,compact,1,1000000,82,0.192,0.192,0.00234146341463414,ff26b4b50776a968eccece9808e62d6aed31c38a78a7b9408b8f425d13259ec4,ff26b4b50776a968eccece9808e62d6aed31c38a78a7b9408b8f425d13259ec4,float,72aeea58f7f0fd26399f753c004578c586d824e4fe207e6ec9a9f4daf0ce666a,996,82,TRUE,TRUE,FALSE,FALSE,0.11.2
baseline,1,2,dta,byte,compact_01,divide,typed_double,2,1000000,500,0.171,0.171,0.000342,63ef2a87008176681688b92900a8f3b62eba7777501560510d04e19daecbef9f,63ef2a87008176681688b92900a8f3b62eba7777501560510d04e19daecbef9f,double,72aeea58f7f0fd26399f753c004578c586d824e4fe207e6ec9a9f4daf0ce666a,996,500,FALSE,FALSE,FALSE,FALSE,0.11.2
baseline,1,2,dta,byte,compact_01,divide,ordinary,3,1000000,278,0.0680000000000001,0.0680000000000001,0.000244604316546763,413eded7e50e6467950b89234611ee0feaa8cb2735bcc214225d27bd7d5e7ea8,413eded7e50e6467950b89234611ee0feaa8cb2735bcc214225d27bd7d5e7ea8,,72aeea58f7f0fd26399f753c004578c586d824e4fe207e6ec9a9f4daf0ce666a,996,0,FALSE,FALSE,FALSE,FALSE,0.11.2
baseline,1,3,dta,byte,compact_01,add,typed_double,1,1000000,500,0.14,0.14,0.00028,3b1e77f1eced8b3079415048b0825ca71e1f66b89f48c1dea9a01af725bef1c6,3b1e77f1eced8b3079415048b0825ca71e1f66b89f48c1dea9a01af725bef1c6,double,72aeea58f7f0fd26399f753c004578c586d824e4fe207e6ec9a9f4daf0ce666a,996,500,FALSE,FALSE,FALSE,FALSE,0.11.2
baseline,1,3,dta,byte,compact_01,add,ordinary,2,1000000,529,0.151999999999999,0.152,0.000287334593572777,525b2ad9d8a4fe80543008cf27b057b1f2c93bab1e4ebd40bdd7dd3abbe5bdd0,525b2ad9d8a4fe80543008cf27b057b1f2c93bab1e4ebd40bdd7dd3abbe5bdd0,,72aeea58f7f0fd26399f753c004578c586d824e4fe207e6ec9a9f4daf0ce666a,996,0,FALSE,FALSE,FALSE,FALSE,0.11.2
baseline,1,3,dta,byte,compact_01,add,compact,3,1000000,76,0.153,0.153,0.00201315789473685,efde135332436de33b6f8bb621bc1d6486681a72a9383122b286a9a18f9a3968,efde135332436de33b6f8bb621bc1d6486681a72a9383122b286a9a18f9a3968,int,72aeea58f7f0fd26399f753c004578c586d824e4fe207e6ec9a9f4daf0ce666a,996,76,TRUE,TRUE,FALSE,FALSE,0.11.2
baseline,1,4,arrow,byte,compact_01,multiply,ordinary,1,1000000,540,0.131,0.132,0.000242592592592593,525b2ad9d8a4fe80543008cf27b057b1f2c93bab1e4ebd40bdd7dd3abbe5bdd0,525b2ad9d8a4fe80543008cf27b057b1f2c93bab1e4ebd40bdd7dd3abbe5bdd0,,72aeea58f7f0fd26399f753c004578c586d824e4fe207e6ec9a9f4daf0ce666a,996,0,FALSE,FALSE,FALSE,FALSE,0.11.2
baseline,1,4,arrow,byte,compact_01,multiply,compact,2,1000000,86,0.169,0.169,0.00196511627906977,efde135332436de33b6f8bb621bc1d6486681a72a9383122b286a9a18f9a3968,efde135332436de33b6f8bb621bc1d6486681a72a9383122b286a9a18f9a3968,int,72aeea58f7f0fd26399f753c004578c586d824e4fe207e6ec9a9f4daf0ce666a,996,86,TRUE,TRUE,FALSE,FALSE,0.11.2
baseline,1,4,arrow,byte,compact_01,multiply,typed_double,3,1000000,500,0.133999999999999,0.134999999999999,0.000267999999999999,3b1e77f1eced8b3079415048b0825ca71e1f66b89f48c1dea9a01af725bef1c6,3b1e77f1eced8b3079415048b0825ca71e1f66b89f48c1dea9a01af725bef1c6,double,72aeea58f7f0fd26399f753c004578c586d824e4fe207e6ec9a9f4daf0ce666a,996,500,FALSE,FALSE,FALSE,FALSE,0.11.2
baseline,1,5,arrow,byte,compact_01,divide,compact,1,1000000,72,0.145,0.145,0.00201388888888888,ff26b4b50776a968eccece9808e62d6aed31c38a78a7b9408b8f425d13259ec4,ff26b4b50776a968eccece9808e62d6aed31c38a78a7b9408b8f425d13259ec4,float,72aeea58f7f0fd26399f753c004578c586d824e4fe207e6ec9a9f4daf0ce666a,996,72,TRUE,TRUE,FALSE,FALSE,0.11.2
baseline,1,5,arrow,byte,compact_01,divide,typed_double,2,1000000,500,0.165,0.165,0.00033,63ef2a87008176681688b92900a8f3b62eba7777501560510d04e19daecbef9f,63ef2a87008176681688b92900a8f3b62eba7777501560510d04e19daecbef9f,double,72aeea58f7f0fd26399f753c004578c586d824e4fe207e6ec9a9f4daf0ce666a,996,500,FALSE,FALSE,FALSE,FALSE,0.11.2
baseline,1,5,arrow,byte,compact_01,divide,ordinary,3,1000000,610,0.165,0.165,0.000270491803278689,413eded7e50e6467950b89234611ee0feaa8cb2735bcc214225d27bd7d5e7ea8,413eded7e50e6467950b89234611ee0feaa8cb2735bcc214225d27bd7d5e7ea8,,72aeea58f7f0fd26399f753c004578c586d824e4fe207e6ec9a9f4daf0ce666a,996,0,FALSE,FALSE,FALSE,FALSE,0.11.2
baseline,1,6,arrow,byte,compact_01,add,typed_double,1,1000000,500,0.135,0.136,0.00027,3b1e77f1eced8b3079415048b0825ca71e1f66b89f48c1dea9a01af725bef1c6,3b1e77f1eced8b3079415048b0825ca71e1f66b89f48c1dea9a01af725bef1c6,double,72aeea58f7f0fd26399f753c004578c586d824e4fe207e6ec9a9f4daf0ce666a,996,500,FALSE,FALSE,FALSE,FALSE,0.11.2
baseline,1,6,arrow,byte,compact_01,add,ordinary,2,1000000,289,0.0739999999999998,0.0730000000000004,0.000256055363321799,525b2ad9d8a4fe80543008cf27b057b1f2c93bab1e4ebd40bdd7dd3abbe5bdd0,525b2ad9d8a4fe80543008cf27b057b1f2c93bab1e4ebd40bdd7dd3abbe5bdd0,,72aeea58f7f0fd26399f753c004578c586d824e4fe207e6ec9a9f4daf0ce666a,996,0,FALSE,FALSE,FALSE,FALSE,0.11.2
baseline,1,6,arrow,byte,compact_01,add,compact,3,1000000,76,0.167000000000002,0.167999999999999,0.00219736842105265,efde135332436de33b6f8bb621bc1d6486681a72a9383122b286a9a18f9a3968,efde135332436de33b6f8bb621bc1d6486681a72a9383122b286a9a18f9a3968,int,72aeea58f7f0fd26399f753c004578c586d824e4fe207e6ec9a9f4daf0ce666a,996,76,TRUE,TRUE,FALSE,FALSE,0.11.2
baseline,1,7,dta,int,compact_09,multiply,ordinary,1,1000000,536,0.154,0.153,0.000287313432835821,729c722632150a0eff97243d1eacc06818e2eb7f01f0bd0222f34a695871dbfd,729c722632150a0eff97243d1eacc06818e2eb7f01f0bd0222f34a695871dbfd,,abc996276c43213a415c58f29e20b709ac8ad9ca2eb3e791be59513a9173f999,988,0,FALSE,FALSE,FALSE,FALSE,0.11.2
baseline,1,7,dta,int,compact_09,multiply,compact,2,1000000,78,0.145,0.143999999999998,0.00185897435897435,41787cc527139c6a0f2eed93236f0e601c5564fdc999310959fd6fdbe73057ba,41787cc527139c6a0f2eed93236f0e601c5564fdc999310959fd6fdbe73057ba,long,abc996276c43213a415c58f29e20b709ac8ad9ca2eb3e791be59513a9173f999,988,78,TRUE,TRUE,FALSE,FALSE,0.11.2
baseline,1,7,dta,int,compact_09,multiply,typed_double,3,1000000,573,0.167999999999999,0.167999999999999,0.000293193717277486,59cb41c73aa369782a91f15618fa56f12c834d3532afcb929640d57d8a6c8414,59cb41c73aa369782a91f15618fa56f12c834d3532afcb929640d57d8a6c8414,double,abc996276c43213a415c58f29e20b709ac8ad9ca2eb3e791be59513a9173f999,988,573,FALSE,FALSE,FALSE,FALSE,0.11.2
baseline,1,8,dta,int,compact_09,divide,compact,1,1000000,90,0.153,0.153,0.0017,77a958c828805ad22cb3ad69e41c4f04cdf5c80de8b700e483fcc5cca9a4ca19,77a958c828805ad22cb3ad69e41c4f04cdf5c80de8b700e483fcc5cca9a4ca19,float,abc996276c43213a415c58f29e20b709ac8ad9ca2eb3e791be59513a9173f999,988,90,TRUE,TRUE,FALSE,FALSE,0.11.2
baseline,1,8,dta,int,compact_09,divide,typed_double,2,1000000,500,0.147,0.146000000000001,0.000294,2cd99a0a76c21257b1919528a50f31c193a66a3a66582387951e0a01c7828dd9,2cd99a0a76c21257b1919528a50f31c193a66a3a66582387951e0a01c7828dd9,double,abc996276c43213a415c58f29e20b709ac8ad9ca2eb3e791be59513a9173f999,988,500,FALSE,FALSE,FALSE,FALSE,0.11.2
baseline,1,8,dta,int,compact_09,divide,ordinary,3,1000000,536,0.148,0.149000000000001,0.000276119402985074,d989d6427f4ee30eace50597aea445ac418915eae5ab5c32afc70989c6af107d,d989d6427f4ee30eace50597aea445ac418915eae5ab5c32afc70989c6af107d,,abc996276c43213a415c58f29e20b709ac8ad9ca2eb3e791be59513a9173f999,988,0,FALSE,FALSE,FALSE,FALSE,0.11.2
baseline,1,9,dta,int,compact_09,add,typed_double,1,1000000,500,0.152999999999999,0.155,0.000305999999999997,59cb41c73aa369782a91f15618fa56f12c834d3532afcb929640d57d8a6c8414,59cb41c73aa369782a91f15618fa56f12c834d3532afcb929640d57d8a6c8414,double,abc996276c43213a415c58f29e20b709ac8ad9ca2eb3e791be59513a9173f999,988,500,FALSE,FALSE,FALSE,FALSE,0.11.2
baseline,1,9,dta,int,compact_09,add,ordinary,2,1000000,586,0.164999999999999,0.164999999999999,0.000281569965870306,729c722632150a0eff97243d1eacc06818e2eb7f01f0bd0222f34a695871dbfd,729c722632150a0eff97243d1eacc06818e2eb7f01f0bd0222f34a695871dbfd,,abc996276c43213a415c58f29e20b709ac8ad9ca2eb3e791be59513a9173f999,988,0,FALSE,FALSE,FALSE,FALSE,0.11.2
baseline,1,9,dta,int,compact_09,add,compact,3,1000000,69,0.146000000000001,0.145999999999999,0.00211594202898552,41787cc527139c6a0f2eed93236f0e601c5564fdc999310959fd6fdbe73057ba,41787cc527139c6a0f2eed93236f0e601c5564fdc999310959fd6fdbe73057ba,long,abc996276c43213a415c58f29e20b709ac8ad9ca2eb3e791be59513a9173f999,988,69,TRUE,TRUE,FALSE,FALSE,0.11.2
baseline,1,10,arrow,int,compact_09,multiply,ordinary,1,1000000,552,0.132999999999999,0.133000000000001,0.000240942028985506,729c722632150a0eff97243d1eacc06818e2eb7f01f0bd0222f34a695871dbfd,729c722632150a0eff97243d1eacc06818e2eb7f01f0bd0222f34a695871dbfd,,abc996276c43213a415c58f29e20b709ac8ad9ca2eb3e791be59513a9173f999,988,0,FALSE,FALSE,FALSE,FALSE,0.11.2
baseline,1,10,arrow,int,compact_09,multiply,compact,2,1000000,92,0.164999999999999,0.164999999999999,0.00179347826086956,41787cc527139c6a0f2eed93236f0e601c5564fdc999310959fd6fdbe73057ba,41787cc527139c6a0f2eed93236f0e601c5564fdc999310959fd6fdbe73057ba,long,abc996276c43213a415c58f29e20b709ac8ad9ca2eb3e791be59513a9173f999,988,92,TRUE,TRUE,FALSE,FALSE,0.11.2
baseline,1,10,arrow,int,compact_09,multiply,typed_double,3,1000000,569,0.167,0.166,0.000293497363796133,59cb41c73aa369782a91f15618fa56f12c834d3532afcb929640d57d8a6c8414,59cb41c73aa369782a91f15618fa56f12c834d3532afcb929640d57d8a6c8414,double,abc996276c43213a415c58f29e20b709ac8ad9ca2eb3e791be59513a9173f999,988,569,FALSE,FALSE,FALSE,FALSE,0.11.2
baseline,1,11,arrow,int,compact_09,divide,compact,1,1000000,76,0.149000000000001,0.148,0.00196052631578949,77a958c828805ad22cb3ad69e41c4f04cdf5c80de8b700e483fcc5cca9a4ca19,77a958c828805ad22cb3ad69e41c4f04cdf5c80de8b700e483fcc5cca9a4ca19,float,abc996276c43213a415c58f29e20b709ac8ad9ca2eb3e791be59513a9173f999,988,76,TRUE,TRUE,FALSE,FALSE,0.11.2
baseline,1,11,arrow,int,compact_09,divide,typed_double,2,1000000,500,0.153,0.152999999999999,0.000306000000000001,2cd99a0a76c21257b1919528a50f31c193a66a3a66582387951e0a01c7828dd9,2cd99a0a76c21257b1919528a50f31c193a66a3a66582387951e0a01c7828dd9,double,abc996276c43213a415c58f29e20b709ac8ad9ca2eb3e791be59513a9173f999,988,500,FALSE,FALSE,FALSE,FALSE,0.11.2
baseline,1,11,arrow,int,compact_09,divide,ordinary,3,1000000,529,0.133999999999999,0.133999999999999,0.000253308128544421,d989d6427f4ee30eace50597aea445ac418915eae5ab5c32afc70989c6af107d,d989d6427f4ee30eace50597aea445ac418915eae5ab5c32afc70989c6af107d,,abc996276c43213a415c58f29e20b709ac8ad9ca2eb3e791be59513a9173f999,988,0,FALSE,FALSE,FALSE,FALSE,0.11.2
baseline,1,12,arrow,int,compact_09,add,typed_double,1,1000000,500,0.144,0.144,0.000288,59cb41c73aa369782a91f15618fa56f12c834d3532afcb929640d57d8a6c8414,59cb41c73aa369782a91f15618fa56f12c834d3532afcb929640d57d8a6c8414,double,abc996276c43213a415c58f29e20b709ac8ad9ca2eb3e791be59513a9173f999,988,500,FALSE,FALSE,FALSE,FALSE,0.11.2
baseline,1,12,arrow,int,compact_09,add,ordinary,2,1000000,500,0.132999999999999,0.133000000000001,0.000265999999999998,729c722632150a0eff97243d1eacc06818e2eb7f01f0bd0222f34a695871dbfd,729c722632150a0eff97243d1eacc06818e2eb7f01f0bd0222f34a695871dbfd,,abc996276c43213a415c58f29e20b709ac8ad9ca2eb3e791be59513a9173f999,988,0,FALSE,FALSE,FALSE,FALSE,0.11.2
baseline,1,12,arrow,int,compact_09,add,compact,3,1000000,77,0.167999999999999,0.167999999999999,0.00218181818181817,41787cc527139c6a0f2eed93236f0e601c5564fdc999310959fd6fdbe73057ba,41787cc527139c6a0f2eed93236f0e601c5564fdc999310959fd6fdbe73057ba,long,abc996276c43213a415c58f29e20b709ac8ad9ca2eb3e791be59513a9173f999,988,77,TRUE,TRUE,FALSE,FALSE,0.11.2
baseline,1,13,dta,long,compact_17,multiply,ordinary,1,1000000,586,0.169,0.169,0.000288395904436861,671045451e824b2e242f3ad3ee4ce3874def4eb03bc1581bd3d2a7bcbe94c3ab,671045451e824b2e242f3ad3ee4ce3874def4eb03bc1581bd3d2a7bcbe94c3ab,,cf168eba9a51070da837266bd5a080e4068859b3fd1205758a038898049b2888,980,0,FALSE,FALSE,FALSE,FALSE,0.11.2
baseline,1,13,dta,long,compact_17,multiply,compact,2,1000000,101,0.152999999999999,0.153000000000002,0.0015148514851485,1df7f843bcd6024fa35aed9422220d4a5997638932b2ec10b5a9fb4031f0d855,1df7f843bcd6024fa35aed9422220d4a5997638932b2ec10b5a9fb4031f0d855,double,cf168eba9a51070da837266bd5a080e4068859b3fd1205758a038898049b2888,980,101,TRUE,TRUE,FALSE,FALSE,0.11.2
baseline,1,13,dta,long,compact_17,multiply,typed_double,3,1000000,536,0.163,0.163999999999998,0.000304104477611941,1df7f843bcd6024fa35aed9422220d4a5997638932b2ec10b5a9fb4031f0d855,1df7f843bcd6024fa35aed9422220d4a5997638932b2ec10b5a9fb4031f0d855,double,cf168eba9a51070da837266bd5a080e4068859b3fd1205758a038898049b2888,980,536,FALSE,FALSE,FALSE,FALSE,0.11.2
baseline,1,14,dta,long,compact_17,divide,compact,1,1000000,88,0.149999999999999,0.149999999999999,0.00170454545454544,7d0ae29663b1e2e4ba192ee6aacc57de486ddae65b8fbc8e07076db990931d00,7d0ae29663b1e2e4ba192ee6aacc57de486ddae65b8fbc8e07076db990931d00,double,cf168eba9a51070da837266bd5a080e4068859b3fd1205758a038898049b2888,980,88,TRUE,TRUE,FALSE,FALSE,0.11.2
baseline,1,14,dta,long,compact_17,divide,typed_double,2,1000000,500,0.175999999999998,0.175000000000001,0.000351999999999997,7d0ae29663b1e2e4ba192ee6aacc57de486ddae65b8fbc8e07076db990931d00,7d0ae29663b1e2e4ba192ee6aacc57de486ddae65b8fbc8e07076db990931d00,double,cf168eba9a51070da837266bd5a080e4068859b3fd1205758a038898049b2888,980,500,FALSE,FALSE,FALSE,FALSE,0.11.2
baseline,1,14,dta,long,compact_17,divide,ordinary,3,1000000,573,0.166,0.165999999999999,0.000289703315881327,96bea5cf0e66f68ebcf2da25669b0b794a8afa1538ddd32390d185fccfec8440,96bea5cf0e66f68ebcf2da25669b0b794a8afa1538ddd32390d185fccfec8440,,cf168eba9a51070da837266bd5a080e4068859b3fd1205758a038898049b2888,980,0,FALSE,FALSE,FALSE,FALSE,0.11.2
baseline,1,15,dta,long,compact_17,add,typed_double,1,1000000,500,0.16,0.16,0.00032,1df7f843bcd6024fa35aed9422220d4a5997638932b2ec10b5a9fb4031f0d855,1df7f843bcd6024fa35aed9422220d4a5997638932b2ec10b5a9fb4031f0d855,double,cf168eba9a51070da837266bd5a080e4068859b3fd1205758a038898049b2888,980,500,FALSE,FALSE,FALSE,FALSE,0.11.2
baseline,1,15,dta,long,compact_17,add,ordinary,2,1000000,500,0.148,0.148000000000003,0.000295999999999999,671045451e824b2e242f3ad3ee4ce3874def4eb03bc1581bd3d2a7bcbe94c3ab,671045451e824b2e242f3ad3ee4ce3874def4eb03bc1581bd3d2a7bcbe94c3ab,,cf168eba9a51070da837266bd5a080e4068859b3fd1205758a038898049b2888,980,0,FALSE,FALSE,FALSE,FALSE,0.11.2
baseline,1,15,dta,long,compact_17,add,compact,3,1000000,86,0.152000000000001,0.151,0.00176744186046513,1df7f843bcd6024fa35aed9422220d4a5997638932b2ec10b5a9fb4031f0d855,1df7f843bcd6024fa35aed9422220d4a5997638932b2ec10b5a9fb4031f0d855,double,cf168eba9a51070da837266bd5a080e4068859b3fd1205758a038898049b2888,980,86,TRUE,TRUE,FALSE,FALSE,0.11.2
baseline,1,16,arrow,long,compact_17,multiply,ordinary,1,1000000,507,0.146999999999998,0.147000000000002,0.000289940828402364,671045451e824b2e242f3ad3ee4ce3874def4eb03bc1581bd3d2a7bcbe94c3ab,671045451e824b2e242f3ad3ee4ce3874def4eb03bc1581bd3d2a7bcbe94c3ab,,cf168eba9a51070da837266bd5a080e4068859b3fd1205758a038898049b2888,980,0,FALSE,FALSE,FALSE,FALSE,0.11.2
baseline,1,16,arrow,long,compact_17,multiply,compact,2,1000000,101,0.155999999999999,0.154999999999998,0.00154455445544553,1df7f843bcd6024fa35aed9422220d4a5997638932b2ec10b5a9fb4031f0d855,1df7f843bcd6024fa35aed9422220d4a5997638932b2ec10b5a9fb4031f0d855,double,cf168eba9a51070da837266bd5a080e4068859b3fd1205758a038898049b2888,980,101,TRUE,TRUE,FALSE,FALSE,0.11.2
baseline,1,16,arrow,long,compact_17,multiply,typed_double,3,1000000,500,0.16,0.161,0.00032,1df7f843bcd6024fa35aed9422220d4a5997638932b2ec10b5a9fb4031f0d855,1df7f843bcd6024fa35aed9422220d4a5997638932b2ec10b5a9fb4031f0d855,double,cf168eba9a51070da837266bd5a080e4068859b3fd1205758a038898049b2888,980,500,FALSE,FALSE,FALSE,FALSE,0.11.2
baseline,1,17,arrow,long,compact_17,divide,compact,1,1000000,86,0.148,0.148,0.00172093023255814,7d0ae29663b1e2e4ba192ee6aacc57de486ddae65b8fbc8e07076db990931d00,7d0ae29663b1e2e4ba192ee6aacc57de486ddae65b8fbc8e07076db990931d00,double,cf168eba9a51070da837266bd5a080e4068859b3fd1205758a038898049b2888,980,86,TRUE,TRUE,FALSE,FALSE,0.11.2
baseline,1,17,arrow,long,compact_17,divide,typed_double,2,1000000,500,0.157,0.155999999999999,0.000314,7d0ae29663b1e2e4ba192ee6aacc57de486ddae65b8fbc8e07076db990931d00,7d0ae29663b1e2e4ba192ee6aacc57de486ddae65b8fbc8e07076db990931d00,double,cf168eba9a51070da837266bd5a080e4068859b3fd1205758a038898049b2888,980,500,FALSE,FALSE,FALSE,FALSE,0.11.2
baseline,1,17,arrow,long,compact_17,divide,ordinary,3,1000000,500,0.158999999999999,0.158999999999999,0.000317999999999998,96bea5cf0e66f68ebcf2da25669b0b794a8afa1538ddd32390d185fccfec8440,96bea5cf0e66f68ebcf2da25669b0b794a8afa1538ddd32390d185fccfec8440,,cf168eba9a51070da837266bd5a080e4068859b3fd1205758a038898049b2888,980,0,FALSE,FALSE,FALSE,FALSE,0.11.2
baseline,1,18,arrow,long,compact_17,add,typed_double,1,1000000,500,0.156000000000002,0.156000000000002,0.000312000000000005,1df7f843bcd6024fa35aed9422220d4a5997638932b2ec10b5a9fb4031f0d855,1df7f843bcd6024fa35aed9422220d4a5997638932b2ec10b5a9fb4031f0d855,double,cf168eba9a51070da837266bd5a080e4068859b3fd1205758a038898049b2888,980,500,FALSE,FALSE,FALSE,FALSE,0.11.2
baseline,1,18,arrow,long,compact_17,add,ordinary,2,1000000,500,0.148,0.149000000000001,0.000295999999999999,671045451e824b2e242f3ad3ee4ce3874def4eb03bc1581bd3d2a7bcbe94c3ab,671045451e824b2e242f3ad3ee4ce3874def4eb03bc1581bd3d2a7bcbe94c3ab,,cf168eba9a51070da837266bd5a080e4068859b3fd1205758a038898049b2888,980,0,FALSE,FALSE,FALSE,FALSE,0.11.2
baseline,1,18,arrow,long,compact_17,add,compact,3,1000000,86,0.151,0.151,0.00175581395348837,1df7f843bcd6024fa35aed9422220d4a5997638932b2ec10b5a9fb4031f0d855,1df7f843bcd6024fa35aed9422220d4a5997638932b2ec10b5a9fb4031f0d855,double,cf168eba9a51070da837266bd5a080e4068859b3fd1205758a038898049b2888,980,86,TRUE,TRUE,FALSE,FALSE,0.11.2
baseline,1,19,dta,float,compact_25,multiply,ordinary,1,1000000,501,0.131,0.129999999999999,0.000261477045908184,744238dff0a503a1b62571c237d68f28b9f70ce5dc1d0e28212096a8c637233a,744238dff0a503a1b62571c237d68f28b9f70ce5dc1d0e28212096a8c637233a,,79dcf5eee7eb5fc8d9e6e622485364f9c79023214f4836cdfaaddfc24954a13a,972,0,FALSE,FALSE,FALSE,FALSE,0.11.2
baseline,1,19,dta,float,compact_25,multiply,compact,2,1000000,109,0.139000000000003,0.139000000000002,0.00127522935779819,85b946da983a156bef0be0f20e4902d4abbb997e5e4ec9ef440464482cdc234f,85b946da983a156bef0be0f20e4902d4abbb997e5e4ec9ef440464482cdc234f,float,79dcf5eee7eb5fc8d9e6e622485364f9c79023214f4836cdfaaddfc24954a13a,972,109,TRUE,TRUE,FALSE,FALSE,0.11.2
baseline,1,19,dta,float,compact_25,multiply,typed_double,3,1000000,544,0.170999999999999,0.170000000000002,0.000314338235294116,2f88347ec5cc3067fdbfb0b10eb0196b26f71e822bf5261d3e26bd5cd8863930,2f88347ec5cc3067fdbfb0b10eb0196b26f71e822bf5261d3e26bd5cd8863930,double,79dcf5eee7eb5fc8d9e6e622485364f9c79023214f4836cdfaaddfc24954a13a,972,544,FALSE,FALSE,FALSE,FALSE,0.11.2
baseline,1,20,dta,float,compact_25,divide,compact,1,1000000,99,0.123000000000001,0.123000000000001,0.00124242424242425,5c4eb5428888561380c8c1faad62395ae26006680cabcf7fb5e6fe9cb57c3966,5c4eb5428888561380c8c1faad62395ae26006680cabcf7fb5e6fe9cb57c3966,float,79dcf5eee7eb5fc8d9e6e622485364f9c79023214f4836cdfaaddfc24954a13a,972,99,TRUE,TRUE,FALSE,FALSE,0.11.2
baseline,1,20,dta,float,compact_25,divide,typed_double,2,1000000,500,0.175000000000001,0.175000000000001,0.000350000000000001,d4052c054b297af2ee5c03f0c39b43e78c09ece7480d086008efaa871364bc14,d4052c054b297af2ee5c03f0c39b43e78c09ece7480d086008efaa871364bc14,double,79dcf5eee7eb5fc8d9e6e622485364f9c79023214f4836cdfaaddfc24954a13a,972,500,FALSE,FALSE,FALSE,FALSE,0.11.2
baseline,1,20,dta,float,compact_25,divide,ordinary,3,1000000,596,0.170999999999999,0.171000000000003,0.000286912751677851,1eb55135fe633cd295bc5be0af351ad8891627f20f18915449a5f28318da98d4,1eb55135fe633cd295bc5be0af351ad8891627f20f18915449a5f28318da98d4,,79dcf5eee7eb5fc8d9e6e622485364f9c79023214f4836cdfaaddfc24954a13a,972,0,FALSE,FALSE,FALSE,FALSE,0.11.2
baseline,1,21,dta,float,compact_25,add,typed_double,1,1000000,500,0.144000000000002,0.143000000000001,0.000288000000000004,2f88347ec5cc3067fdbfb0b10eb0196b26f71e822bf5261d3e26bd5cd8863930,2f88347ec5cc3067fdbfb0b10eb0196b26f71e822bf5261d3e26bd5cd8863930,double,79dcf5eee7eb5fc8d9e6e622485364f9c79023214f4836cdfaaddfc24954a13a,972,500,FALSE,FALSE,FALSE,FALSE,0.11.2
baseline,1,21,dta,float,compact_25,add,ordinary,2,1000000,500,0.129999999999999,0.129999999999999,0.000259999999999998,744238dff0a503a1b62571c237d68f28b9f70ce5dc1d0e28212096a8c637233a,744238dff0a503a1b62571c237d68f28b9f70ce5dc1d0e28212096a8c637233a,,79dcf5eee7eb5fc8d9e6e622485364f9c79023214f4836cdfaaddfc24954a13a,972,0,FALSE,FALSE,FALSE,FALSE,0.11.2
baseline,1,21,dta,float,compact_25,add,compact,3,1000000,82,0.144000000000002,0.144000000000002,0.00175609756097563,85b946da983a156bef0be0f20e4902d4abbb997e5e4ec9ef440464482cdc234f,85b946da983a156bef0be0f20e4902d4abbb997e5e4ec9ef440464482cdc234f,float,79dcf5eee7eb5fc8d9e6e622485364f9c79023214f4836cdfaaddfc24954a13a,972,82,TRUE,TRUE,FALSE,FALSE,0.11.2
baseline,1,22,arrow,float,compact_25,multiply,ordinary,1,1000000,500,0.126000000000001,0.127000000000002,0.000252000000000002,744238dff0a503a1b62571c237d68f28b9f70ce5dc1d0e28212096a8c637233a,744238dff0a503a1b62571c237d68f28b9f70ce5dc1d0e28212096a8c637233a,,79dcf5eee7eb5fc8d9e6e622485364f9c79023214f4836cdfaaddfc24954a13a,972,0,FALSE,FALSE,FALSE,FALSE,0.11.2
baseline,1,22,arrow,float,compact_25,multiply,compact,2,1000000,112,0.166,0.166,0.00148214285714286,85b946da983a156bef0be0f20e4902d4abbb997e5e4ec9ef440464482cdc234f,85b946da983a156bef0be0f20e4902d4abbb997e5e4ec9ef440464482cdc234f,float,79dcf5eee7eb5fc8d9e6e622485364f9c79023214f4836cdfaaddfc24954a13a,972,112,TRUE,TRUE,FALSE,FALSE,0.11.2
baseline,1,22,arrow,float,compact_25,multiply,typed_double,3,1000000,500,0.158000000000001,0.158999999999999,0.000316000000000002,2f88347ec5cc3067fdbfb0b10eb0196b26f71e822bf5261d3e26bd5cd8863930,2f88347ec5cc3067fdbfb0b10eb0196b26f71e822bf5261d3e26bd5cd8863930,double,79dcf5eee7eb5fc8d9e6e622485364f9c79023214f4836cdfaaddfc24954a13a,972,500,FALSE,FALSE,FALSE,FALSE,0.11.2
baseline,1,23,arrow,float,compact_25,divide,compact,1,1000000,97,0.146999999999998,0.148000000000003,0.00151546391752576,5c4eb5428888561380c8c1faad62395ae26006680cabcf7fb5e6fe9cb57c3966,5c4eb5428888561380c8c1faad62395ae26006680cabcf7fb5e6fe9cb57c3966,float,79dcf5eee7eb5fc8d9e6e622485364f9c79023214f4836cdfaaddfc24954a13a,972,97,TRUE,TRUE,FALSE,FALSE,0.11.2
baseline,1,23,arrow,float,compact_25,divide,typed_double,2,1000000,500,0.172999999999998,0.173000000000002,0.000345999999999997,d4052c054b297af2ee5c03f0c39b43e78c09ece7480d086008efaa871364bc14,d4052c054b297af2ee5c03f0c39b43e78c09ece7480d086008efaa871364bc14,double,79dcf5eee7eb5fc8d9e6e622485364f9c79023214f4836cdfaaddfc24954a13a,972,500,FALSE,FALSE,FALSE,FALSE,0.11.2
baseline,1,23,arrow,float,compact_25,divide,ordinary,3,1000000,586,0.167000000000002,0.167000000000002,0.000284982935153586,1eb55135fe633cd295bc5be0af351ad8891627f20f18915449a5f28318da98d4,1eb55135fe633cd295bc5be0af351ad8891627f20f18915449a5f28318da98d4,,79dcf5eee7eb5fc8d9e6e622485364f9c79023214f4836cdfaaddfc24954a13a,972,0,FALSE,FALSE,FALSE,FALSE,0.11.2
baseline,1,24,arrow,float,compact_25,add,typed_double,1,1000000,500,0.136999999999997,0.135999999999999,0.000273999999999994,2f88347ec5cc3067fdbfb0b10eb0196b26f71e822bf5261d3e26bd5cd8863930,2f88347ec5cc3067fdbfb0b10eb0196b26f71e822bf5261d3e26bd5cd8863930,double,79dcf5eee7eb5fc8d9e6e622485364f9c79023214f4836cdfaaddfc24954a13a,972,500,FALSE,FALSE,FALSE,FALSE,0.11.2
baseline,1,24,arrow,float,compact_25,add,ordinary,2,1000000,521,0.148999999999997,0.150000000000002,0.000285988483685216,744238dff0a503a1b62571c237d68f28b9f70ce5dc1d0e28212096a8c637233a,744238dff0a503a1b62571c237d68f28b9f70ce5dc1d0e28212096a8c637233a,,79dcf5eee7eb5fc8d9e6e622485364f9c79023214f4836cdfaaddfc24954a13a,972,0,FALSE,FALSE,FALSE,FALSE,0.11.2
baseline,1,24,arrow,float,compact_25,add,compact,3,1000000,92,0.136000000000003,0.135000000000002,0.00147826086956525,85b946da983a156bef0be0f20e4902d4abbb997e5e4ec9ef440464482cdc234f,85b946da983a156bef0be0f20e4902d4abbb997e5e4ec9ef440464482cdc234f,float,79dcf5eee7eb5fc8d9e6e622485364f9c79023214f4836cdfaaddfc24954a13a,972,92,TRUE,TRUE,FALSE,FALSE,0.11.2
candidate,1,1,dta,byte,compact_01,multiply,ordinary,1,1000000,532,0.149,0.15,0.000280075187969925,525b2ad9d8a4fe80543008cf27b057b1f2c93bab1e4ebd40bdd7dd3abbe5bdd0,525b2ad9d8a4fe80543008cf27b057b1f2c93bab1e4ebd40bdd7dd3abbe5bdd0,,72aeea58f7f0fd26399f753c004578c586d824e4fe207e6ec9a9f4daf0ce666a,996,0,FALSE,FALSE,FALSE,FALSE,0.11.2
candidate,1,1,dta,byte,compact_01,multiply,compact,2,1000000,552,0.147,0.146,0.000266304347826087,efde135332436de33b6f8bb621bc1d6486681a72a9383122b286a9a18f9a3968,efde135332436de33b6f8bb621bc1d6486681a72a9383122b286a9a18f9a3968,int,72aeea58f7f0fd26399f753c004578c586d824e4fe207e6ec9a9f4daf0ce666a,996,552,TRUE,TRUE,FALSE,FALSE,0.11.2
candidate,1,1,dta,byte,compact_01,multiply,typed_double,3,1000000,507,0.133,0.134,0.00026232741617357,3b1e77f1eced8b3079415048b0825ca71e1f66b89f48c1dea9a01af725bef1c6,3b1e77f1eced8b3079415048b0825ca71e1f66b89f48c1dea9a01af725bef1c6,double,72aeea58f7f0fd26399f753c004578c586d824e4fe207e6ec9a9f4daf0ce666a,996,507,FALSE,FALSE,FALSE,FALSE,0.11.2
candidate,1,2,dta,byte,compact_01,divide,compact,1,1000000,750,0.173,0.174,0.000230666666666667,ff26b4b50776a968eccece9808e62d6aed31c38a78a7b9408b8f425d13259ec4,ff26b4b50776a968eccece9808e62d6aed31c38a78a7b9408b8f425d13259ec4,float,72aeea58f7f0fd26399f753c004578c586d824e4fe207e6ec9a9f4daf0ce666a,996,750,TRUE,TRUE,FALSE,FALSE,0.11.2
candidate,1,2,dta,byte,compact_01,divide,typed_double,2,1000000,500,0.15,0.149,3e-04,63ef2a87008176681688b92900a8f3b62eba7777501560510d04e19daecbef9f,63ef2a87008176681688b92900a8f3b62eba7777501560510d04e19daecbef9f,double,72aeea58f7f0fd26399f753c004578c586d824e4fe207e6ec9a9f4daf0ce666a,996,500,FALSE,FALSE,FALSE,FALSE,0.11.2
candidate,1,2,dta,byte,compact_01,divide,ordinary,3,1000000,540,0.148,0.148,0.000274074074074074,413eded7e50e6467950b89234611ee0feaa8cb2735bcc214225d27bd7d5e7ea8,413eded7e50e6467950b89234611ee0feaa8cb2735bcc214225d27bd7d5e7ea8,,72aeea58f7f0fd26399f753c004578c586d824e4fe207e6ec9a9f4daf0ce666a,996,0,FALSE,FALSE,FALSE,FALSE,0.11.2
candidate,1,3,dta,byte,compact_01,add,typed_double,1,1000000,556,0.166,0.165,0.000298561151079137,3b1e77f1eced8b3079415048b0825ca71e1f66b89f48c1dea9a01af725bef1c6,3b1e77f1eced8b3079415048b0825ca71e1f66b89f48c1dea9a01af725bef1c6,double,72aeea58f7f0fd26399f753c004578c586d824e4fe207e6ec9a9f4daf0ce666a,996,556,FALSE,FALSE,FALSE,FALSE,0.11.2
candidate,1,3,dta,byte,compact_01,add,ordinary,2,1000000,518,0.133,0.132,0.000256756756756757,525b2ad9d8a4fe80543008cf27b057b1f2c93bab1e4ebd40bdd7dd3abbe5bdd0,525b2ad9d8a4fe80543008cf27b057b1f2c93bab1e4ebd40bdd7dd3abbe5bdd0,,72aeea58f7f0fd26399f753c004578c586d824e4fe207e6ec9a9f4daf0ce666a,996,0,FALSE,FALSE,FALSE,FALSE,0.11.2
candidate,1,3,dta,byte,compact_01,add,compact,3,1000000,514,0.151,0.151,0.000293774319066147,efde135332436de33b6f8bb621bc1d6486681a72a9383122b286a9a18f9a3968,efde135332436de33b6f8bb621bc1d6486681a72a9383122b286a9a18f9a3968,int,72aeea58f7f0fd26399f753c004578c586d824e4fe207e6ec9a9f4daf0ce666a,996,514,TRUE,TRUE,FALSE,FALSE,0.11.2
candidate,1,4,arrow,byte,compact_01,multiply,ordinary,1,1000000,582,0.170999999999999,0.17,0.00029381443298969,525b2ad9d8a4fe80543008cf27b057b1f2c93bab1e4ebd40bdd7dd3abbe5bdd0,525b2ad9d8a4fe80543008cf27b057b1f2c93bab1e4ebd40bdd7dd3abbe5bdd0,,72aeea58f7f0fd26399f753c004578c586d824e4fe207e6ec9a9f4daf0ce666a,996,0,FALSE,FALSE,FALSE,FALSE,0.11.2
candidate,1,4,arrow,byte,compact_01,multiply,compact,2,1000000,525,0.142,0.143,0.000270476190476191,efde135332436de33b6f8bb621bc1d6486681a72a9383122b286a9a18f9a3968,efde135332436de33b6f8bb621bc1d6486681a72a9383122b286a9a18f9a3968,int,72aeea58f7f0fd26399f753c004578c586d824e4fe207e6ec9a9f4daf0ce666a,996,525,TRUE,TRUE,FALSE,FALSE,0.11.2
candidate,1,4,arrow,byte,compact_01,multiply,typed_double,3,1000000,569,0.167,0.167,0.000293497363796133,3b1e77f1eced8b3079415048b0825ca71e1f66b89f48c1dea9a01af725bef1c6,3b1e77f1eced8b3079415048b0825ca71e1f66b89f48c1dea9a01af725bef1c6,double,72aeea58f7f0fd26399f753c004578c586d824e4fe207e6ec9a9f4daf0ce666a,996,569,FALSE,FALSE,FALSE,FALSE,0.11.2
candidate,1,5,arrow,byte,compact_01,divide,compact,1,1000000,736,0.149999999999999,0.149999999999999,0.000203804347826086,ff26b4b50776a968eccece9808e62d6aed31c38a78a7b9408b8f425d13259ec4,ff26b4b50776a968eccece9808e62d6aed31c38a78a7b9408b8f425d13259ec4,float,72aeea58f7f0fd26399f753c004578c586d824e4fe207e6ec9a9f4daf0ce666a,996,736,TRUE,TRUE,FALSE,FALSE,0.11.2
candidate,1,5,arrow,byte,compact_01,divide,typed_double,2,1000000,500,0.148000000000001,0.148,0.000296000000000001,63ef2a87008176681688b92900a8f3b62eba7777501560510d04e19daecbef9f,63ef2a87008176681688b92900a8f3b62eba7777501560510d04e19daecbef9f,double,72aeea58f7f0fd26399f753c004578c586d824e4fe207e6ec9a9f4daf0ce666a,996,500,FALSE,FALSE,FALSE,FALSE,0.11.2
candidate,1,5,arrow,byte,compact_01,divide,ordinary,3,1000000,552,0.134,0.133,0.000242753623188406,413eded7e50e6467950b89234611ee0feaa8cb2735bcc214225d27bd7d5e7ea8,413eded7e50e6467950b89234611ee0feaa8cb2735bcc214225d27bd7d5e7ea8,,72aeea58f7f0fd26399f753c004578c586d824e4fe207e6ec9a9f4daf0ce666a,996,0,FALSE,FALSE,FALSE,FALSE,0.11.2
candidate,1,6,arrow,byte,compact_01,add,typed_double,1,1000000,500,0.133,0.132,0.000266,3b1e77f1eced8b3079415048b0825ca71e1f66b89f48c1dea9a01af725bef1c6,3b1e77f1eced8b3079415048b0825ca71e1f66b89f48c1dea9a01af725bef1c6,double,72aeea58f7f0fd26399f753c004578c586d824e4fe207e6ec9a9f4daf0ce666a,996,500,FALSE,FALSE,FALSE,FALSE,0.11.2
candidate,1,6,arrow,byte,compact_01,add,ordinary,2,1000000,532,0.134,0.134,0.000251879699248121,525b2ad9d8a4fe80543008cf27b057b1f2c93bab1e4ebd40bdd7dd3abbe5bdd0,525b2ad9d8a4fe80543008cf27b057b1f2c93bab1e4ebd40bdd7dd3abbe5bdd0,,72aeea58f7f0fd26399f753c004578c586d824e4fe207e6ec9a9f4daf0ce666a,996,0,FALSE,FALSE,FALSE,FALSE,0.11.2
candidate,1,6,arrow,byte,compact_01,add,compact,3,1000000,552,0.15,0.149999999999999,0.000271739130434783,efde135332436de33b6f8bb621bc1d6486681a72a9383122b286a9a18f9a3968,efde135332436de33b6f8bb621bc1d6486681a72a9383122b286a9a18f9a3968,int,72aeea58f7f0fd26399f753c004578c586d824e4fe207e6ec9a9f4daf0ce666a,996,552,TRUE,TRUE,FALSE,FALSE,0.11.2
candidate,1,7,dta,int,compact_09,multiply,ordinary,1,1000000,548,0.131,0.132,0.000239051094890511,729c722632150a0eff97243d1eacc06818e2eb7f01f0bd0222f34a695871dbfd,729c722632150a0eff97243d1eacc06818e2eb7f01f0bd0222f34a695871dbfd,,abc996276c43213a415c58f29e20b709ac8ad9ca2eb3e791be59513a9173f999,988,0,FALSE,FALSE,FALSE,FALSE,0.11.2
candidate,1,7,dta,int,compact_09,multiply,compact,2,1000000,540,0.134,0.135,0.000248148148148149,41787cc527139c6a0f2eed93236f0e601c5564fdc999310959fd6fdbe73057ba,41787cc527139c6a0f2eed93236f0e601c5564fdc999310959fd6fdbe73057ba,long,abc996276c43213a415c58f29e20b709ac8ad9ca2eb3e791be59513a9173f999,988,540,TRUE,TRUE,FALSE,FALSE,0.11.2
candidate,1,7,dta,int,compact_09,multiply,typed_double,3,1000000,569,0.165000000000001,0.164999999999999,0.000289982425307559,59cb41c73aa369782a91f15618fa56f12c834d3532afcb929640d57d8a6c8414,59cb41c73aa369782a91f15618fa56f12c834d3532afcb929640d57d8a6c8414,double,abc996276c43213a415c58f29e20b709ac8ad9ca2eb3e791be59513a9173f999,988,569,FALSE,FALSE,FALSE,FALSE,0.11.2
candidate,1,8,dta,int,compact_09,divide,compact,1,1000000,834,0.148999999999999,0.15,0.000178657074340527,77a958c828805ad22cb3ad69e41c4f04cdf5c80de8b700e483fcc5cca9a4ca19,77a958c828805ad22cb3ad69e41c4f04cdf5c80de8b700e483fcc5cca9a4ca19,float,abc996276c43213a415c58f29e20b709ac8ad9ca2eb3e791be59513a9173f999,988,834,TRUE,TRUE,FALSE,FALSE,0.11.2
candidate,1,8,dta,int,compact_09,divide,typed_double,2,1000000,500,0.145999999999999,0.146999999999999,0.000291999999999998,2cd99a0a76c21257b1919528a50f31c193a66a3a66582387951e0a01c7828dd9,2cd99a0a76c21257b1919528a50f31c193a66a3a66582387951e0a01c7828dd9,double,abc996276c43213a415c58f29e20b709ac8ad9ca2eb3e791be59513a9173f999,988,500,FALSE,FALSE,FALSE,FALSE,0.11.2
candidate,1,8,dta,int,compact_09,divide,ordinary,3,1000000,626,0.165000000000001,0.165000000000001,0.000263578274760385,d989d6427f4ee30eace50597aea445ac418915eae5ab5c32afc70989c6af107d,d989d6427f4ee30eace50597aea445ac418915eae5ab5c32afc70989c6af107d,,abc996276c43213a415c58f29e20b709ac8ad9ca2eb3e791be59513a9173f999,988,0,FALSE,FALSE,FALSE,FALSE,0.11.2
candidate,1,9,dta,int,compact_09,add,typed_double,1,1000000,500,0.133000000000001,0.132,0.000266000000000002,59cb41c73aa369782a91f15618fa56f12c834d3532afcb929640d57d8a6c8414,59cb41c73aa369782a91f15618fa56f12c834d3532afcb929640d57d8a6c8414,double,abc996276c43213a415c58f29e20b709ac8ad9ca2eb3e791be59513a9173f999,988,500,FALSE,FALSE,FALSE,FALSE,0.11.2
candidate,1,9,dta,int,compact_09,add,ordinary,2,1000000,529,0.131,0.131,0.000247637051039698,729c722632150a0eff97243d1eacc06818e2eb7f01f0bd0222f34a695871dbfd,729c722632150a0eff97243d1eacc06818e2eb7f01f0bd0222f34a695871dbfd,,abc996276c43213a415c58f29e20b709ac8ad9ca2eb3e791be59513a9173f999,988,0,FALSE,FALSE,FALSE,FALSE,0.11.2
candidate,1,9,dta,int,compact_09,add,compact,3,1000000,605,0.15,0.151,0.000247933884297521,41787cc527139c6a0f2eed93236f0e601c5564fdc999310959fd6fdbe73057ba,41787cc527139c6a0f2eed93236f0e601c5564fdc999310959fd6fdbe73057ba,long,abc996276c43213a415c58f29e20b709ac8ad9ca2eb3e791be59513a9173f999,988,605,TRUE,TRUE,FALSE,FALSE,0.11.2
candidate,1,10,arrow,int,compact_09,multiply,ordinary,1,1000000,556,0.134,0.133999999999999,0.000241007194244605,729c722632150a0eff97243d1eacc06818e2eb7f01f0bd0222f34a695871dbfd,729c722632150a0eff97243d1eacc06818e2eb7f01f0bd0222f34a695871dbfd,,abc996276c43213a415c58f29e20b709ac8ad9ca2eb3e791be59513a9173f999,988,0,FALSE,FALSE,FALSE,FALSE,0.11.2
candidate,1,10,arrow,int,compact_09,multiply,compact,2,1000000,573,0.163,0.163,0.000284467713787086,41787cc527139c6a0f2eed93236f0e601c5564fdc999310959fd6fdbe73057ba,41787cc527139c6a0f2eed93236f0e601c5564fdc999310959fd6fdbe73057ba,long,abc996276c43213a415c58f29e20b709ac8ad9ca2eb3e791be59513a9173f999,988,573,TRUE,TRUE,FALSE,FALSE,0.11.2
candidate,1,10,arrow,int,compact_09,multiply,typed_double,3,1000000,500,0.136000000000001,0.135999999999999,0.000272000000000002,59cb41c73aa369782a91f15618fa56f12c834d3532afcb929640d57d8a6c8414,59cb41c73aa369782a91f15618fa56f12c834d3532afcb929640d57d8a6c8414,double,abc996276c43213a415c58f29e20b709ac8ad9ca2eb3e791be59513a9173f999,988,500,FALSE,FALSE,FALSE,FALSE,0.11.2
candidate,1,11,arrow,int,compact_09,divide,compact,1,1000000,631,0.133000000000001,0.134000000000001,0.000210776545166404,77a958c828805ad22cb3ad69e41c4f04cdf5c80de8b700e483fcc5cca9a4ca19,77a958c828805ad22cb3ad69e41c4f04cdf5c80de8b700e483fcc5cca9a4ca19,float,abc996276c43213a415c58f29e20b709ac8ad9ca2eb3e791be59513a9173f999,988,631,TRUE,TRUE,FALSE,FALSE,0.11.2
candidate,1,11,arrow,int,compact_09,divide,typed_double,2,1000000,500,0.16,0.16,0.00032,2cd99a0a76c21257b1919528a50f31c193a66a3a66582387951e0a01c7828dd9,2cd99a0a76c21257b1919528a50f31c193a66a3a66582387951e0a01c7828dd9,double,abc996276c43213a415c58f29e20b709ac8ad9ca2eb3e791be59513a9173f999,988,500,FALSE,FALSE,FALSE,FALSE,0.11.2
candidate,1,11,arrow,int,compact_09,divide,ordinary,3,1000000,500,0.157999999999999,0.158000000000001,0.000315999999999999,d989d6427f4ee30eace50597aea445ac418915eae5ab5c32afc70989c6af107d,d989d6427f4ee30eace50597aea445ac418915eae5ab5c32afc70989c6af107d,,abc996276c43213a415c58f29e20b709ac8ad9ca2eb3e791be59513a9173f999,988,0,FALSE,FALSE,FALSE,FALSE,0.11.2
candidate,1,12,arrow,int,compact_09,add,typed_double,1,1000000,514,0.165000000000001,0.167,0.000321011673151753,59cb41c73aa369782a91f15618fa56f12c834d3532afcb929640d57d8a6c8414,59cb41c73aa369782a91f15618fa56f12c834d3532afcb929640d57d8a6c8414,double,abc996276c43213a415c58f29e20b709ac8ad9ca2eb3e791be59513a9173f999,988,514,FALSE,FALSE,FALSE,FALSE,0.11.2
candidate,1,12,arrow,int,compact_09,add,ordinary,2,1000000,511,0.131,0.130000000000003,0.000256360078277887,729c722632150a0eff97243d1eacc06818e2eb7f01f0bd0222f34a695871dbfd,729c722632150a0eff97243d1eacc06818e2eb7f01f0bd0222f34a695871dbfd,,abc996276c43213a415c58f29e20b709ac8ad9ca2eb3e791be59513a9173f999,988,0,FALSE,FALSE,FALSE,FALSE,0.11.2
candidate,1,12,arrow,int,compact_09,add,compact,3,1000000,564,0.149999999999999,0.149000000000001,0.000265957446808508,41787cc527139c6a0f2eed93236f0e601c5564fdc999310959fd6fdbe73057ba,41787cc527139c6a0f2eed93236f0e601c5564fdc999310959fd6fdbe73057ba,long,abc996276c43213a415c58f29e20b709ac8ad9ca2eb3e791be59513a9173f999,988,564,TRUE,TRUE,FALSE,FALSE,0.11.2
candidate,1,13,dta,long,compact_17,multiply,ordinary,1,1000000,536,0.131,0.131999999999998,0.000244402985074627,671045451e824b2e242f3ad3ee4ce3874def4eb03bc1581bd3d2a7bcbe94c3ab,671045451e824b2e242f3ad3ee4ce3874def4eb03bc1581bd3d2a7bcbe94c3ab,,cf168eba9a51070da837266bd5a080e4068859b3fd1205758a038898049b2888,980,0,FALSE,FALSE,FALSE,FALSE,0.11.2
candidate,1,13,dta,long,compact_17,multiply,compact,2,1000000,500,0.163999999999998,0.164000000000001,0.000327999999999996,1df7f843bcd6024fa35aed9422220d4a5997638932b2ec10b5a9fb4031f0d855,1df7f843bcd6024fa35aed9422220d4a5997638932b2ec10b5a9fb4031f0d855,double,cf168eba9a51070da837266bd5a080e4068859b3fd1205758a038898049b2888,980,500,TRUE,TRUE,FALSE,FALSE,0.11.2
candidate,1,13,dta,long,compact_17,multiply,typed_double,3,1000000,500,0.167999999999999,0.168000000000002,0.000335999999999999,1df7f843bcd6024fa35aed9422220d4a5997638932b2ec10b5a9fb4031f0d855,1df7f843bcd6024fa35aed9422220d4a5997638932b2ec10b5a9fb4031f0d855,double,cf168eba9a51070da837266bd5a080e4068859b3fd1205758a038898049b2888,980,500,FALSE,FALSE,FALSE,FALSE,0.11.2
candidate,1,14,dta,long,compact_17,divide,compact,1,1000000,500,0.145,0.144000000000002,0.000289999999999999,7d0ae29663b1e2e4ba192ee6aacc57de486ddae65b8fbc8e07076db990931d00,7d0ae29663b1e2e4ba192ee6aacc57de486ddae65b8fbc8e07076db990931d00,double,cf168eba9a51070da837266bd5a080e4068859b3fd1205758a038898049b2888,980,500,TRUE,TRUE,FALSE,FALSE,0.11.2
candidate,1,14,dta,long,compact_17,divide,typed_double,2,1000000,500,0.149000000000001,0.150000000000001,0.000298000000000002,7d0ae29663b1e2e4ba192ee6aacc57de486ddae65b8fbc8e07076db990931d00,7d0ae29663b1e2e4ba192ee6aacc57de486ddae65b8fbc8e07076db990931d00,double,cf168eba9a51070da837266bd5a080e4068859b3fd1205758a038898049b2888,980,500,FALSE,FALSE,FALSE,FALSE,0.11.2
candidate,1,14,dta,long,compact_17,divide,ordinary,3,1000000,544,0.149000000000001,0.148999999999997,0.000273897058823531,96bea5cf0e66f68ebcf2da25669b0b794a8afa1538ddd32390d185fccfec8440,96bea5cf0e66f68ebcf2da25669b0b794a8afa1538ddd32390d185fccfec8440,,cf168eba9a51070da837266bd5a080e4068859b3fd1205758a038898049b2888,980,0,FALSE,FALSE,FALSE,FALSE,0.11.2
candidate,1,15,dta,long,compact_17,add,typed_double,1,1000000,511,0.168999999999997,0.169,0.000330724070450092,1df7f843bcd6024fa35aed9422220d4a5997638932b2ec10b5a9fb4031f0d855,1df7f843bcd6024fa35aed9422220d4a5997638932b2ec10b5a9fb4031f0d855,double,cf168eba9a51070da837266bd5a080e4068859b3fd1205758a038898049b2888,980,511,FALSE,FALSE,FALSE,FALSE,0.11.2
candidate,1,15,dta,long,compact_17,add,ordinary,2,1000000,544,0.16,0.16,0.000294117647058824,671045451e824b2e242f3ad3ee4ce3874def4eb03bc1581bd3d2a7bcbe94c3ab,671045451e824b2e242f3ad3ee4ce3874def4eb03bc1581bd3d2a7bcbe94c3ab,,cf168eba9a51070da837266bd5a080e4068859b3fd1205758a038898049b2888,980,0,FALSE,FALSE,FALSE,FALSE,0.11.2
candidate,1,15,dta,long,compact_17,add,compact,3,1000000,500,0.16,0.158999999999999,0.00032,1df7f843bcd6024fa35aed9422220d4a5997638932b2ec10b5a9fb4031f0d855,1df7f843bcd6024fa35aed9422220d4a5997638932b2ec10b5a9fb4031f0d855,double,cf168eba9a51070da837266bd5a080e4068859b3fd1205758a038898049b2888,980,500,TRUE,TRUE,FALSE,FALSE,0.11.2
candidate,1,16,arrow,long,compact_17,multiply,ordinary,1,1000000,620,0.166999999999998,0.165999999999997,0.000269354838709674,671045451e824b2e242f3ad3ee4ce3874def4eb03bc1581bd3d2a7bcbe94c3ab,671045451e824b2e242f3ad3ee4ce3874def4eb03bc1581bd3d2a7bcbe94c3ab,,cf168eba9a51070da837266bd5a080e4068859b3fd1205758a038898049b2888,980,0,FALSE,FALSE,FALSE,FALSE,0.11.2
candidate,1,16,arrow,long,compact_17,multiply,compact,2,1000000,500,0.155999999999999,0.154999999999998,0.000311999999999998,1df7f843bcd6024fa35aed9422220d4a5997638932b2ec10b5a9fb4031f0d855,1df7f843bcd6024fa35aed9422220d4a5997638932b2ec10b5a9fb4031f0d855,double,cf168eba9a51070da837266bd5a080e4068859b3fd1205758a038898049b2888,980,500,TRUE,TRUE,FALSE,FALSE,0.11.2
candidate,1,16,arrow,long,compact_17,multiply,typed_double,3,1000000,500,0.156000000000002,0.157,0.000312000000000005,1df7f843bcd6024fa35aed9422220d4a5997638932b2ec10b5a9fb4031f0d855,1df7f843bcd6024fa35aed9422220d4a5997638932b2ec10b5a9fb4031f0d855,double,cf168eba9a51070da837266bd5a080e4068859b3fd1205758a038898049b2888,980,500,FALSE,FALSE,FALSE,FALSE,0.11.2
candidate,1,17,arrow,long,compact_17,divide,compact,1,1000000,500,0.163999999999998,0.164999999999998,0.000327999999999996,7d0ae29663b1e2e4ba192ee6aacc57de486ddae65b8fbc8e07076db990931d00,7d0ae29663b1e2e4ba192ee6aacc57de486ddae65b8fbc8e07076db990931d00,double,cf168eba9a51070da837266bd5a080e4068859b3fd1205758a038898049b2888,980,500,TRUE,TRUE,FALSE,FALSE,0.11.2
candidate,1,17,arrow,long,compact_17,divide,typed_double,2,1000000,500,0.186,0.185999999999999,0.000372,7d0ae29663b1e2e4ba192ee6aacc57de486ddae65b8fbc8e07076db990931d00,7d0ae29663b1e2e4ba192ee6aacc57de486ddae65b8fbc8e07076db990931d00,double,cf168eba9a51070da837266bd5a080e4068859b3fd1205758a038898049b2888,980,500,FALSE,FALSE,FALSE,FALSE,0.11.2
candidate,1,17,arrow,long,compact_17,divide,ordinary,3,1000000,500,0.139000000000003,0.138999999999999,0.000278000000000006,96bea5cf0e66f68ebcf2da25669b0b794a8afa1538ddd32390d185fccfec8440,96bea5cf0e66f68ebcf2da25669b0b794a8afa1538ddd32390d185fccfec8440,,cf168eba9a51070da837266bd5a080e4068859b3fd1205758a038898049b2888,980,0,FALSE,FALSE,FALSE,FALSE,0.11.2
candidate,1,18,arrow,long,compact_17,add,typed_double,1,1000000,500,0.172000000000001,0.170999999999999,0.000344000000000001,1df7f843bcd6024fa35aed9422220d4a5997638932b2ec10b5a9fb4031f0d855,1df7f843bcd6024fa35aed9422220d4a5997638932b2ec10b5a9fb4031f0d855,double,cf168eba9a51070da837266bd5a080e4068859b3fd1205758a038898049b2888,980,500,FALSE,FALSE,FALSE,FALSE,0.11.2
candidate,1,18,arrow,long,compact_17,add,ordinary,2,1000000,525,0.166999999999998,0.167000000000002,0.000318095238095234,671045451e824b2e242f3ad3ee4ce3874def4eb03bc1581bd3d2a7bcbe94c3ab,671045451e824b2e242f3ad3ee4ce3874def4eb03bc1581bd3d2a7bcbe94c3ab,,cf168eba9a51070da837266bd5a080e4068859b3fd1205758a038898049b2888,980,0,FALSE,FALSE,FALSE,FALSE,0.11.2
candidate,1,18,arrow,long,compact_17,add,compact,3,1000000,500,0.187000000000001,0.186999999999998,0.000374000000000002,1df7f843bcd6024fa35aed9422220d4a5997638932b2ec10b5a9fb4031f0d855,1df7f843bcd6024fa35aed9422220d4a5997638932b2ec10b5a9fb4031f0d855,double,cf168eba9a51070da837266bd5a080e4068859b3fd1205758a038898049b2888,980,500,TRUE,TRUE,FALSE,FALSE,0.11.2
candidate,1,19,dta,float,compact_25,multiply,ordinary,1,1000000,540,0.166,0.167,0.000307407407407408,744238dff0a503a1b62571c237d68f28b9f70ce5dc1d0e28212096a8c637233a,744238dff0a503a1b62571c237d68f28b9f70ce5dc1d0e28212096a8c637233a,,79dcf5eee7eb5fc8d9e6e622485364f9c79023214f4836cdfaaddfc24954a13a,972,0,FALSE,FALSE,FALSE,FALSE,0.11.2
candidate,1,19,dta,float,compact_25,multiply,compact,2,1000000,500,0.184000000000001,0.183999999999997,0.000368000000000002,85b946da983a156bef0be0f20e4902d4abbb997e5e4ec9ef440464482cdc234f,85b946da983a156bef0be0f20e4902d4abbb997e5e4ec9ef440464482cdc234f,float,79dcf5eee7eb5fc8d9e6e622485364f9c79023214f4836cdfaaddfc24954a13a,972,500,TRUE,TRUE,FALSE,FALSE,0.11.2
candidate,1,19,dta,float,compact_25,multiply,typed_double,3,1000000,500,0.170999999999999,0.171000000000002,0.000341999999999999,2f88347ec5cc3067fdbfb0b10eb0196b26f71e822bf5261d3e26bd5cd8863930,2f88347ec5cc3067fdbfb0b10eb0196b26f71e822bf5261d3e26bd5cd8863930,double,79dcf5eee7eb5fc8d9e6e622485364f9c79023214f4836cdfaaddfc24954a13a,972,500,FALSE,FALSE,FALSE,FALSE,0.11.2
candidate,1,20,dta,float,compact_25,divide,compact,1,1000000,500,0.157,0.157000000000001,0.000314,5c4eb5428888561380c8c1faad62395ae26006680cabcf7fb5e6fe9cb57c3966,5c4eb5428888561380c8c1faad62395ae26006680cabcf7fb5e6fe9cb57c3966,float,79dcf5eee7eb5fc8d9e6e622485364f9c79023214f4836cdfaaddfc24954a13a,972,500,TRUE,TRUE,FALSE,FALSE,0.11.2
candidate,1,20,dta,float,compact_25,divide,typed_double,2,1000000,500,0.166,0.165999999999998,0.000332000000000001,d4052c054b297af2ee5c03f0c39b43e78c09ece7480d086008efaa871364bc14,d4052c054b297af2ee5c03f0c39b43e78c09ece7480d086008efaa871364bc14,double,79dcf5eee7eb5fc8d9e6e622485364f9c79023214f4836cdfaaddfc24954a13a,972,500,FALSE,FALSE,FALSE,FALSE,0.11.2
candidate,1,20,dta,float,compact_25,divide,ordinary,3,1000000,500,0.138999999999999,0.139,0.000277999999999999,1eb55135fe633cd295bc5be0af351ad8891627f20f18915449a5f28318da98d4,1eb55135fe633cd295bc5be0af351ad8891627f20f18915449a5f28318da98d4,,79dcf5eee7eb5fc8d9e6e622485364f9c79023214f4836cdfaaddfc24954a13a,972,0,FALSE,FALSE,FALSE,FALSE,0.11.2
candidate,1,21,dta,float,compact_25,add,typed_double,1,1000000,500,0.158999999999999,0.158999999999998,0.000317999999999998,2f88347ec5cc3067fdbfb0b10eb0196b26f71e822bf5261d3e26bd5cd8863930,2f88347ec5cc3067fdbfb0b10eb0196b26f71e822bf5261d3e26bd5cd8863930,double,79dcf5eee7eb5fc8d9e6e622485364f9c79023214f4836cdfaaddfc24954a13a,972,500,FALSE,FALSE,FALSE,FALSE,0.11.2
candidate,1,21,dta,float,compact_25,add,ordinary,2,1000000,504,0.164999999999999,0.164999999999999,0.000327380952380951,744238dff0a503a1b62571c237d68f28b9f70ce5dc1d0e28212096a8c637233a,744238dff0a503a1b62571c237d68f28b9f70ce5dc1d0e28212096a8c637233a,,79dcf5eee7eb5fc8d9e6e622485364f9c79023214f4836cdfaaddfc24954a13a,972,0,FALSE,FALSE,FALSE,FALSE,0.11.2
candidate,1,21,dta,float,compact_25,add,compact,3,1000000,358,0.142999999999997,0.142999999999998,0.000399441340782115,85b946da983a156bef0be0f20e4902d4abbb997e5e4ec9ef440464482cdc234f,85b946da983a156bef0be0f20e4902d4abbb997e5e4ec9ef440464482cdc234f,float,79dcf5eee7eb5fc8d9e6e622485364f9c79023214f4836cdfaaddfc24954a13a,972,358,TRUE,TRUE,FALSE,FALSE,0.11.2
candidate,1,22,arrow,float,compact_25,multiply,ordinary,1,1000000,577,0.186,0.187,0.000322357019064125,744238dff0a503a1b62571c237d68f28b9f70ce5dc1d0e28212096a8c637233a,744238dff0a503a1b62571c237d68f28b9f70ce5dc1d0e28212096a8c637233a,,79dcf5eee7eb5fc8d9e6e622485364f9c79023214f4836cdfaaddfc24954a13a,972,0,FALSE,FALSE,FALSE,FALSE,0.11.2
candidate,1,22,arrow,float,compact_25,multiply,compact,2,1000000,500,0.189,0.187000000000002,0.000378,85b946da983a156bef0be0f20e4902d4abbb997e5e4ec9ef440464482cdc234f,85b946da983a156bef0be0f20e4902d4abbb997e5e4ec9ef440464482cdc234f,float,79dcf5eee7eb5fc8d9e6e622485364f9c79023214f4836cdfaaddfc24954a13a,972,500,TRUE,TRUE,FALSE,FALSE,0.11.2
candidate,1,22,arrow,float,compact_25,multiply,typed_double,3,1000000,500,0.16,0.159000000000002,0.00032,2f88347ec5cc3067fdbfb0b10eb0196b26f71e822bf5261d3e26bd5cd8863930,2f88347ec5cc3067fdbfb0b10eb0196b26f71e822bf5261d3e26bd5cd8863930,double,79dcf5eee7eb5fc8d9e6e622485364f9c79023214f4836cdfaaddfc24954a13a,972,500,FALSE,FALSE,FALSE,FALSE,0.11.2
candidate,1,23,arrow,float,compact_25,divide,compact,1,1000000,500,0.170999999999999,0.172000000000002,0.000341999999999999,5c4eb5428888561380c8c1faad62395ae26006680cabcf7fb5e6fe9cb57c3966,5c4eb5428888561380c8c1faad62395ae26006680cabcf7fb5e6fe9cb57c3966,float,79dcf5eee7eb5fc8d9e6e622485364f9c79023214f4836cdfaaddfc24954a13a,972,500,TRUE,TRUE,FALSE,FALSE,0.11.2
candidate,1,23,arrow,float,compact_25,divide,typed_double,2,1000000,500,0.161000000000001,0.160999999999999,0.000322000000000003,d4052c054b297af2ee5c03f0c39b43e78c09ece7480d086008efaa871364bc14,d4052c054b297af2ee5c03f0c39b43e78c09ece7480d086008efaa871364bc14,double,79dcf5eee7eb5fc8d9e6e622485364f9c79023214f4836cdfaaddfc24954a13a,972,500,FALSE,FALSE,FALSE,FALSE,0.11.2
candidate,1,23,arrow,float,compact_25,divide,ordinary,3,1000000,500,0.136000000000003,0.136,0.000272000000000006,1eb55135fe633cd295bc5be0af351ad8891627f20f18915449a5f28318da98d4,1eb55135fe633cd295bc5be0af351ad8891627f20f18915449a5f28318da98d4,,79dcf5eee7eb5fc8d9e6e622485364f9c79023214f4836cdfaaddfc24954a13a,972,0,FALSE,FALSE,FALSE,FALSE,0.11.2
candidate,1,24,arrow,float,compact_25,add,typed_double,1,1000000,507,0.170000000000002,0.170000000000004,0.000335305719921108,2f88347ec5cc3067fdbfb0b10eb0196b26f71e822bf5261d3e26bd5cd8863930,2f88347ec5cc3067fdbfb0b10eb0196b26f71e822bf5261d3e26bd5cd8863930,double,79dcf5eee7eb5fc8d9e6e622485364f9c79023214f4836cdfaaddfc24954a13a,972,507,FALSE,FALSE,FALSE,FALSE,0.11.2
candidate,1,24,arrow,float,compact_25,add,ordinary,2,1000000,525,0.165000000000006,0.164999999999999,0.000314285714285726,744238dff0a503a1b62571c237d68f28b9f70ce5dc1d0e28212096a8c637233a,744238dff0a503a1b62571c237d68f28b9f70ce5dc1d0e28212096a8c637233a,,79dcf5eee7eb5fc8d9e6e622485364f9c79023214f4836cdfaaddfc24954a13a,972,0,FALSE,FALSE,FALSE,FALSE,0.11.2
candidate,1,24,arrow,float,compact_25,add,compact,3,1000000,500,0.187999999999995,0.187999999999995,0.000375999999999991,85b946da983a156bef0be0f20e4902d4abbb997e5e4ec9ef440464482cdc234f,85b946da983a156bef0be0f20e4902d4abbb997e5e4ec9ef440464482cdc234f,float,79dcf5eee7eb5fc8d9e6e622485364f9c79023214f4836cdfaaddfc24954a13a,972,500,TRUE,TRUE,FALSE,FALSE,0.11.2
candidate,2,1,dta,byte,compact_01,multiply,ordinary,1,1000000,500,0.17,0.17,0.00034,525b2ad9d8a4fe80543008cf27b057b1f2c93bab1e4ebd40bdd7dd3abbe5bdd0,525b2ad9d8a4fe80543008cf27b057b1f2c93bab1e4ebd40bdd7dd3abbe5bdd0,,72aeea58f7f0fd26399f753c004578c586d824e4fe207e6ec9a9f4daf0ce666a,996,0,FALSE,FALSE,FALSE,FALSE,0.11.2
candidate,2,1,dta,byte,compact_01,multiply,typed_double,2,1000000,500,0.156,0.157,0.000312,3b1e77f1eced8b3079415048b0825ca71e1f66b89f48c1dea9a01af725bef1c6,3b1e77f1eced8b3079415048b0825ca71e1f66b89f48c1dea9a01af725bef1c6,double,72aeea58f7f0fd26399f753c004578c586d824e4fe207e6ec9a9f4daf0ce666a,996,500,FALSE,FALSE,FALSE,FALSE,0.11.2
candidate,2,1,dta,byte,compact_01,multiply,compact,3,1000000,500,0.151,0.152,0.000302,efde135332436de33b6f8bb621bc1d6486681a72a9383122b286a9a18f9a3968,efde135332436de33b6f8bb621bc1d6486681a72a9383122b286a9a18f9a3968,int,72aeea58f7f0fd26399f753c004578c586d824e4fe207e6ec9a9f4daf0ce666a,996,500,TRUE,TRUE,FALSE,FALSE,0.11.2
candidate,2,2,dta,byte,compact_01,divide,compact,1,1000000,600,0.147,0.146,0.000245,ff26b4b50776a968eccece9808e62d6aed31c38a78a7b9408b8f425d13259ec4,ff26b4b50776a968eccece9808e62d6aed31c38a78a7b9408b8f425d13259ec4,float,72aeea58f7f0fd26399f753c004578c586d824e4fe207e6ec9a9f4daf0ce666a,996,600,TRUE,TRUE,FALSE,FALSE,0.11.2
candidate,2,2,dta,byte,compact_01,divide,ordinary,2,1000000,500,0.144,0.144,0.000288,413eded7e50e6467950b89234611ee0feaa8cb2735bcc214225d27bd7d5e7ea8,413eded7e50e6467950b89234611ee0feaa8cb2735bcc214225d27bd7d5e7ea8,,72aeea58f7f0fd26399f753c004578c586d824e4fe207e6ec9a9f4daf0ce666a,996,0,FALSE,FALSE,FALSE,FALSE,0.11.2
candidate,2,2,dta,byte,compact_01,divide,typed_double,3,1000000,500,0.179,0.179,0.000358,63ef2a87008176681688b92900a8f3b62eba7777501560510d04e19daecbef9f,63ef2a87008176681688b92900a8f3b62eba7777501560510d04e19daecbef9f,double,72aeea58f7f0fd26399f753c004578c586d824e4fe207e6ec9a9f4daf0ce666a,996,500,FALSE,FALSE,FALSE,FALSE,0.11.2
candidate,2,3,dta,byte,compact_01,add,typed_double,1,1000000,500,0.158,0.159,0.000316000000000001,3b1e77f1eced8b3079415048b0825ca71e1f66b89f48c1dea9a01af725bef1c6,3b1e77f1eced8b3079415048b0825ca71e1f66b89f48c1dea9a01af725bef1c6,double,72aeea58f7f0fd26399f753c004578c586d824e4fe207e6ec9a9f4daf0ce666a,996,500,FALSE,FALSE,FALSE,FALSE,0.11.2
candidate,2,3,dta,byte,compact_01,add,compact,2,1000000,500,0.154999999999999,0.155,0.000309999999999999,efde135332436de33b6f8bb621bc1d6486681a72a9383122b286a9a18f9a3968,efde135332436de33b6f8bb621bc1d6486681a72a9383122b286a9a18f9a3968,int,72aeea58f7f0fd26399f753c004578c586d824e4fe207e6ec9a9f4daf0ce666a,996,500,TRUE,TRUE,FALSE,FALSE,0.11.2
candidate,2,3,dta,byte,compact_01,add,ordinary,3,1000000,525,0.167999999999999,0.168,0.000319999999999999,525b2ad9d8a4fe80543008cf27b057b1f2c93bab1e4ebd40bdd7dd3abbe5bdd0,525b2ad9d8a4fe80543008cf27b057b1f2c93bab1e4ebd40bdd7dd3abbe5bdd0,,72aeea58f7f0fd26399f753c004578c586d824e4fe207e6ec9a9f4daf0ce666a,996,0,FALSE,FALSE,FALSE,FALSE,0.11.2
candidate,2,4,arrow,byte,compact_01,multiply,ordinary,1,1000000,500,0.147,0.147,0.000294,525b2ad9d8a4fe80543008cf27b057b1f2c93bab1e4ebd40bdd7dd3abbe5bdd0,525b2ad9d8a4fe80543008cf27b057b1f2c93bab1e4ebd40bdd7dd3abbe5bdd0,,72aeea58f7f0fd26399f753c004578c586d824e4fe207e6ec9a9f4daf0ce666a,996,0,FALSE,FALSE,FALSE,FALSE,0.11.2
candidate,2,4,arrow,byte,compact_01,multiply,typed_double,2,1000000,500,0.170000000000001,0.17,0.000340000000000002,3b1e77f1eced8b3079415048b0825ca71e1f66b89f48c1dea9a01af725bef1c6,3b1e77f1eced8b3079415048b0825ca71e1f66b89f48c1dea9a01af725bef1c6,double,72aeea58f7f0fd26399f753c004578c586d824e4fe207e6ec9a9f4daf0ce666a,996,500,FALSE,FALSE,FALSE,FALSE,0.11.2
candidate,2,4,arrow,byte,compact_01,multiply,compact,3,1000000,500,0.137,0.138,0.000274000000000001,efde135332436de33b6f8bb621bc1d6486681a72a9383122b286a9a18f9a3968,efde135332436de33b6f8bb621bc1d6486681a72a9383122b286a9a18f9a3968,int,72aeea58f7f0fd26399f753c004578c586d824e4fe207e6ec9a9f4daf0ce666a,996,500,TRUE,TRUE,FALSE,FALSE,0.11.2
candidate,2,5,arrow,byte,compact_01,divide,compact,1,1000000,729,0.149999999999999,0.150999999999999,0.000205761316872427,ff26b4b50776a968eccece9808e62d6aed31c38a78a7b9408b8f425d13259ec4,ff26b4b50776a968eccece9808e62d6aed31c38a78a7b9408b8f425d13259ec4,float,72aeea58f7f0fd26399f753c004578c586d824e4fe207e6ec9a9f4daf0ce666a,996,729,TRUE,TRUE,FALSE,FALSE,0.11.2
candidate,2,5,arrow,byte,compact_01,divide,ordinary,2,1000000,540,0.151,0.151,0.000279629629629629,413eded7e50e6467950b89234611ee0feaa8cb2735bcc214225d27bd7d5e7ea8,413eded7e50e6467950b89234611ee0feaa8cb2735bcc214225d27bd7d5e7ea8,,72aeea58f7f0fd26399f753c004578c586d824e4fe207e6ec9a9f4daf0ce666a,996,0,FALSE,FALSE,FALSE,FALSE,0.11.2
candidate,2,5,arrow,byte,compact_01,divide,typed_double,3,1000000,511,0.167999999999999,0.167999999999999,0.00032876712328767,63ef2a87008176681688b92900a8f3b62eba7777501560510d04e19daecbef9f,63ef2a87008176681688b92900a8f3b62eba7777501560510d04e19daecbef9f,double,72aeea58f7f0fd26399f753c004578c586d824e4fe207e6ec9a9f4daf0ce666a,996,511,FALSE,FALSE,FALSE,FALSE,0.11.2
candidate,2,6,arrow,byte,compact_01,add,typed_double,1,1000000,560,0.168000000000001,0.167,0.000300000000000002,3b1e77f1eced8b3079415048b0825ca71e1f66b89f48c1dea9a01af725bef1c6,3b1e77f1eced8b3079415048b0825ca71e1f66b89f48c1dea9a01af725bef1c6,double,72aeea58f7f0fd26399f753c004578c586d824e4fe207e6ec9a9f4daf0ce666a,996,560,FALSE,FALSE,FALSE,FALSE,0.11.2
candidate,2,6,arrow,byte,compact_01,add,compact,2,1000000,548,0.15,0.149999999999999,0.000273722627737227,efde135332436de33b6f8bb621bc1d6486681a72a9383122b286a9a18f9a3968,efde135332436de33b6f8bb621bc1d6486681a72a9383122b286a9a18f9a3968,int,72aeea58f7f0fd26399f753c004578c586d824e4fe207e6ec9a9f4daf0ce666a,996,548,TRUE,TRUE,FALSE,FALSE,0.11.2
candidate,2,6,arrow,byte,compact_01,add,ordinary,3,1000000,596,0.167,0.167,0.000280201342281879,525b2ad9d8a4fe80543008cf27b057b1f2c93bab1e4ebd40bdd7dd3abbe5bdd0,525b2ad9d8a4fe80543008cf27b057b1f2c93bab1e4ebd40bdd7dd3abbe5bdd0,,72aeea58f7f0fd26399f753c004578c586d824e4fe207e6ec9a9f4daf0ce666a,996,0,FALSE,FALSE,FALSE,FALSE,0.11.2
candidate,2,7,dta,int,compact_09,multiply,ordinary,1,1000000,544,0.131,0.130999999999998,0.000240808823529412,729c722632150a0eff97243d1eacc06818e2eb7f01f0bd0222f34a695871dbfd,729c722632150a0eff97243d1eacc06818e2eb7f01f0bd0222f34a695871dbfd,,abc996276c43213a415c58f29e20b709ac8ad9ca2eb3e791be59513a9173f999,988,0,FALSE,FALSE,FALSE,FALSE,0.11.2
candidate,2,7,dta,int,compact_09,multiply,typed_double,2,1000000,507,0.135,0.134,0.000266272189349112,59cb41c73aa369782a91f15618fa56f12c834d3532afcb929640d57d8a6c8414,59cb41c73aa369782a91f15618fa56f12c834d3532afcb929640d57d8a6c8414,double,abc996276c43213a415c58f29e20b709ac8ad9ca2eb3e791be59513a9173f999,988,507,FALSE,FALSE,FALSE,FALSE,0.11.2
candidate,2,7,dta,int,compact_09,multiply,compact,3,1000000,605,0.166,0.166,0.000274380165289257,41787cc527139c6a0f2eed93236f0e601c5564fdc999310959fd6fdbe73057ba,41787cc527139c6a0f2eed93236f0e601c5564fdc999310959fd6fdbe73057ba,long,abc996276c43213a415c58f29e20b709ac8ad9ca2eb3e791be59513a9173f999,988,605,TRUE,TRUE,FALSE,FALSE,0.11.2
candidate,2,8,dta,int,compact_09,divide,compact,1,1000000,834,0.151,0.15,0.0001810551558753,77a958c828805ad22cb3ad69e41c4f04cdf5c80de8b700e483fcc5cca9a4ca19,77a958c828805ad22cb3ad69e41c4f04cdf5c80de8b700e483fcc5cca9a4ca19,float,abc996276c43213a415c58f29e20b709ac8ad9ca2eb3e791be59513a9173f999,988,834,TRUE,TRUE,FALSE,FALSE,0.11.2
candidate,2,8,dta,int,compact_09,divide,ordinary,2,1000000,605,0.161999999999999,0.161999999999999,0.000267768595041321,d989d6427f4ee30eace50597aea445ac418915eae5ab5c32afc70989c6af107d,d989d6427f4ee30eace50597aea445ac418915eae5ab5c32afc70989c6af107d,,abc996276c43213a415c58f29e20b709ac8ad9ca2eb3e791be59513a9173f999,988,0,FALSE,FALSE,FALSE,FALSE,0.11.2
candidate,2,8,dta,int,compact_09,divide,typed_double,3,1000000,500,0.147,0.148,0.000294,2cd99a0a76c21257b1919528a50f31c193a66a3a66582387951e0a01c7828dd9,2cd99a0a76c21257b1919528a50f31c193a66a3a66582387951e0a01c7828dd9,double,abc996276c43213a415c58f29e20b709ac8ad9ca2eb3e791be59513a9173f999,988,500,FALSE,FALSE,FALSE,FALSE,0.11.2
candidate,2,9,dta,int,compact_09,add,typed_double,1,1000000,501,0.133000000000001,0.132999999999999,0.000265469061876249,59cb41c73aa369782a91f15618fa56f12c834d3532afcb929640d57d8a6c8414,59cb41c73aa369782a91f15618fa56f12c834d3532afcb929640d57d8a6c8414,double,abc996276c43213a415c58f29e20b709ac8ad9ca2eb3e791be59513a9173f999,988,501,FALSE,FALSE,FALSE,FALSE,0.11.2
candidate,2,9,dta,int,compact_09,add,compact,2,1000000,600,0.148999999999999,0.148,0.000248333333333332,41787cc527139c6a0f2eed93236f0e601c5564fdc999310959fd6fdbe73057ba,41787cc527139c6a0f2eed93236f0e601c5564fdc999310959fd6fdbe73057ba,long,abc996276c43213a415c58f29e20b709ac8ad9ca2eb3e791be59513a9173f999,988,600,TRUE,TRUE,FALSE,FALSE,0.11.2
candidate,2,9,dta,int,compact_09,add,ordinary,3,1000000,529,0.132999999999999,0.132999999999999,0.00025141776937618,729c722632150a0eff97243d1eacc06818e2eb7f01f0bd0222f34a695871dbfd,729c722632150a0eff97243d1eacc06818e2eb7f01f0bd0222f34a695871dbfd,,abc996276c43213a415c58f29e20b709ac8ad9ca2eb3e791be59513a9173f999,988,0,FALSE,FALSE,FALSE,FALSE,0.11.2
candidate,2,10,arrow,int,compact_09,multiply,ordinary,1,1000000,556,0.133000000000001,0.132,0.000239208633093527,729c722632150a0eff97243d1eacc06818e2eb7f01f0bd0222f34a695871dbfd,729c722632150a0eff97243d1eacc06818e2eb7f01f0bd0222f34a695871dbfd,,abc996276c43213a415c58f29e20b709ac8ad9ca2eb3e791be59513a9173f999,988,0,FALSE,FALSE,FALSE,FALSE,0.11.2
candidate,2,10,arrow,int,compact_09,multiply,typed_double,2,1000000,511,0.132999999999999,0.132999999999999,0.000260273972602738,59cb41c73aa369782a91f15618fa56f12c834d3532afcb929640d57d8a6c8414,59cb41c73aa369782a91f15618fa56f12c834d3532afcb929640d57d8a6c8414,double,abc996276c43213a415c58f29e20b709ac8ad9ca2eb3e791be59513a9173f999,988,511,FALSE,FALSE,FALSE,FALSE,0.11.2
candidate,2,10,arrow,int,compact_09,multiply,compact,3,1000000,573,0.15,0.15,0.000261780104712043,41787cc527139c6a0f2eed93236f0e601c5564fdc999310959fd6fdbe73057ba,41787cc527139c6a0f2eed93236f0e601c5564fdc999310959fd6fdbe73057ba,long,abc996276c43213a415c58f29e20b709ac8ad9ca2eb3e791be59513a9173f999,988,573,TRUE,TRUE,FALSE,FALSE,0.11.2
candidate,2,11,arrow,int,compact_09,divide,compact,1,1000000,790,0.15,0.148999999999999,0.000189873417721519,77a958c828805ad22cb3ad69e41c4f04cdf5c80de8b700e483fcc5cca9a4ca19,77a958c828805ad22cb3ad69e41c4f04cdf5c80de8b700e483fcc5cca9a4ca19,float,abc996276c43213a415c58f29e20b709ac8ad9ca2eb3e791be59513a9173f999,988,790,TRUE,TRUE,FALSE,FALSE,0.11.2
candidate,2,11,arrow,int,compact_09,divide,ordinary,2,1000000,631,0.169,0.169,0.000267828843106181,d989d6427f4ee30eace50597aea445ac418915eae5ab5c32afc70989c6af107d,d989d6427f4ee30eace50597aea445ac418915eae5ab5c32afc70989c6af107d,,abc996276c43213a415c58f29e20b709ac8ad9ca2eb3e791be59513a9173f999,988,0,FALSE,FALSE,FALSE,FALSE,0.11.2
candidate,2,11,arrow,int,compact_09,divide,typed_double,3,1000000,504,0.166999999999998,0.167,0.000331349206349202,2cd99a0a76c21257b1919528a50f31c193a66a3a66582387951e0a01c7828dd9,2cd99a0a76c21257b1919528a50f31c193a66a3a66582387951e0a01c7828dd9,double,abc996276c43213a415c58f29e20b709ac8ad9ca2eb3e791be59513a9173f999,988,504,FALSE,FALSE,FALSE,FALSE,0.11.2
candidate,2,12,arrow,int,compact_09,add,typed_double,1,1000000,556,0.167000000000002,0.166999999999999,0.000300359712230219,59cb41c73aa369782a91f15618fa56f12c834d3532afcb929640d57d8a6c8414,59cb41c73aa369782a91f15618fa56f12c834d3532afcb929640d57d8a6c8414,double,abc996276c43213a415c58f29e20b709ac8ad9ca2eb3e791be59513a9173f999,988,556,FALSE,FALSE,FALSE,FALSE,0.11.2
candidate,2,12,arrow,int,compact_09,add,compact,2,1000000,556,0.150000000000002,0.149000000000001,0.000269784172661874,41787cc527139c6a0f2eed93236f0e601c5564fdc999310959fd6fdbe73057ba,41787cc527139c6a0f2eed93236f0e601c5564fdc999310959fd6fdbe73057ba,long,abc996276c43213a415c58f29e20b709ac8ad9ca2eb3e791be59513a9173f999,988,556,TRUE,TRUE,FALSE,FALSE,0.11.2
candidate,2,12,arrow,int,compact_09,add,ordinary,3,1000000,591,0.167999999999999,0.166999999999998,0.000284263959390862,729c722632150a0eff97243d1eacc06818e2eb7f01f0bd0222f34a695871dbfd,729c722632150a0eff97243d1eacc06818e2eb7f01f0bd0222f34a695871dbfd,,abc996276c43213a415c58f29e20b709ac8ad9ca2eb3e791be59513a9173f999,988,0,FALSE,FALSE,FALSE,FALSE,0.11.2
candidate,2,13,dta,long,compact_17,multiply,ordinary,1,1000000,610,0.165999999999997,0.165999999999999,0.000272131147540978,671045451e824b2e242f3ad3ee4ce3874def4eb03bc1581bd3d2a7bcbe94c3ab,671045451e824b2e242f3ad3ee4ce3874def4eb03bc1581bd3d2a7bcbe94c3ab,,cf168eba9a51070da837266bd5a080e4068859b3fd1205758a038898049b2888,980,0,FALSE,FALSE,FALSE,FALSE,0.11.2
candidate,2,13,dta,long,compact_17,multiply,typed_double,2,1000000,560,0.167999999999999,0.167999999999998,0.000299999999999999,1df7f843bcd6024fa35aed9422220d4a5997638932b2ec10b5a9fb4031f0d855,1df7f843bcd6024fa35aed9422220d4a5997638932b2ec10b5a9fb4031f0d855,double,cf168eba9a51070da837266bd5a080e4068859b3fd1205758a038898049b2888,980,560,FALSE,FALSE,FALSE,FALSE,0.11.2
candidate,2,13,dta,long,compact_17,multiply,compact,3,1000000,521,0.166999999999998,0.166,0.000320537428023029,1df7f843bcd6024fa35aed9422220d4a5997638932b2ec10b5a9fb4031f0d855,1df7f843bcd6024fa35aed9422220d4a5997638932b2ec10b5a9fb4031f0d855,double,cf168eba9a51070da837266bd5a080e4068859b3fd1205758a038898049b2888,980,521,TRUE,TRUE,FALSE,FALSE,0.11.2
candidate,2,14,dta,long,compact_17,divide,compact,1,1000000,529,0.166,0.166000000000003,0.000313799621928167,7d0ae29663b1e2e4ba192ee6aacc57de486ddae65b8fbc8e07076db990931d00,7d0ae29663b1e2e4ba192ee6aacc57de486ddae65b8fbc8e07076db990931d00,double,cf168eba9a51070da837266bd5a080e4068859b3fd1205758a038898049b2888,980,529,TRUE,TRUE,FALSE,FALSE,0.11.2
candidate,2,14,dta,long,compact_17,divide,ordinary,2,1000000,610,0.166,0.166,0.000272131147540984,96bea5cf0e66f68ebcf2da25669b0b794a8afa1538ddd32390d185fccfec8440,96bea5cf0e66f68ebcf2da25669b0b794a8afa1538ddd32390d185fccfec8440,,cf168eba9a51070da837266bd5a080e4068859b3fd1205758a038898049b2888,980,0,FALSE,FALSE,FALSE,FALSE,0.11.2
candidate,2,14,dta,long,compact_17,divide,typed_double,3,1000000,500,0.168999999999997,0.168999999999999,0.000337999999999994,7d0ae29663b1e2e4ba192ee6aacc57de486ddae65b8fbc8e07076db990931d00,7d0ae29663b1e2e4ba192ee6aacc57de486ddae65b8fbc8e07076db990931d00,double,cf168eba9a51070da837266bd5a080e4068859b3fd1205758a038898049b2888,980,500,FALSE,FALSE,FALSE,FALSE,0.11.2
candidate,2,15,dta,long,compact_17,add,typed_double,1,1000000,556,0.157,0.157,0.000282374100719425,1df7f843bcd6024fa35aed9422220d4a5997638932b2ec10b5a9fb4031f0d855,1df7f843bcd6024fa35aed9422220d4a5997638932b2ec10b5a9fb4031f0d855,double,cf168eba9a51070da837266bd5a080e4068859b3fd1205758a038898049b2888,980,556,FALSE,FALSE,FALSE,FALSE,0.11.2
candidate,2,15,dta,long,compact_17,add,compact,2,1000000,521,0.149999999999999,0.149999999999998,0.000287907869481763,1df7f843bcd6024fa35aed9422220d4a5997638932b2ec10b5a9fb4031f0d855,1df7f843bcd6024fa35aed9422220d4a5997638932b2ec10b5a9fb4031f0d855,double,cf168eba9a51070da837266bd5a080e4068859b3fd1205758a038898049b2888,980,521,TRUE,TRUE,FALSE,FALSE,0.11.2
candidate,2,15,dta,long,compact_17,add,ordinary,3,1000000,518,0.134,0.134,0.000258687258687259,671045451e824b2e242f3ad3ee4ce3874def4eb03bc1581bd3d2a7bcbe94c3ab,671045451e824b2e242f3ad3ee4ce3874def4eb03bc1581bd3d2a7bcbe94c3ab,,cf168eba9a51070da837266bd5a080e4068859b3fd1205758a038898049b2888,980,0,FALSE,FALSE,FALSE,FALSE,0.11.2
candidate,2,16,arrow,long,compact_17,multiply,ordinary,1,1000000,540,0.132999999999999,0.132000000000001,0.000246296296296295,671045451e824b2e242f3ad3ee4ce3874def4eb03bc1581bd3d2a7bcbe94c3ab,671045451e824b2e242f3ad3ee4ce3874def4eb03bc1581bd3d2a7bcbe94c3ab,,cf168eba9a51070da837266bd5a080e4068859b3fd1205758a038898049b2888,980,0,FALSE,FALSE,FALSE,FALSE,0.11.2
candidate,2,16,arrow,long,compact_17,multiply,typed_double,2,1000000,500,0.157,0.157,0.000314,1df7f843bcd6024fa35aed9422220d4a5997638932b2ec10b5a9fb4031f0d855,1df7f843bcd6024fa35aed9422220d4a5997638932b2ec10b5a9fb4031f0d855,double,cf168eba9a51070da837266bd5a080e4068859b3fd1205758a038898049b2888,980,500,FALSE,FALSE,FALSE,FALSE,0.11.2
candidate,2,16,arrow,long,compact_17,multiply,compact,3,1000000,500,0.152000000000001,0.151999999999999,0.000304000000000002,1df7f843bcd6024fa35aed9422220d4a5997638932b2ec10b5a9fb4031f0d855,1df7f843bcd6024fa35aed9422220d4a5997638932b2ec10b5a9fb4031f0d855,double,cf168eba9a51070da837266bd5a080e4068859b3fd1205758a038898049b2888,980,500,TRUE,TRUE,FALSE,FALSE,0.11.2
candidate,2,17,arrow,long,compact_17,divide,compact,1,1000000,500,0.164999999999999,0.165,0.000329999999999998,7d0ae29663b1e2e4ba192ee6aacc57de486ddae65b8fbc8e07076db990931d00,7d0ae29663b1e2e4ba192ee6aacc57de486ddae65b8fbc8e07076db990931d00,double,cf168eba9a51070da837266bd5a080e4068859b3fd1205758a038898049b2888,980,500,TRUE,TRUE,FALSE,FALSE,0.11.2
candidate,2,17,arrow,long,compact_17,divide,ordinary,2,1000000,529,0.132999999999999,0.134000000000003,0.00025141776937618,96bea5cf0e66f68ebcf2da25669b0b794a8afa1538ddd32390d185fccfec8440,96bea5cf0e66f68ebcf2da25669b0b794a8afa1538ddd32390d185fccfec8440,,cf168eba9a51070da837266bd5a080e4068859b3fd1205758a038898049b2888,980,0,FALSE,FALSE,FALSE,FALSE,0.11.2
candidate,2,17,arrow,long,compact_17,divide,typed_double,3,1000000,500,0.169,0.170000000000002,0.000338000000000001,7d0ae29663b1e2e4ba192ee6aacc57de486ddae65b8fbc8e07076db990931d00,7d0ae29663b1e2e4ba192ee6aacc57de486ddae65b8fbc8e07076db990931d00,double,cf168eba9a51070da837266bd5a080e4068859b3fd1205758a038898049b2888,980,500,FALSE,FALSE,FALSE,FALSE,0.11.2
candidate,2,18,arrow,long,compact_17,add,typed_double,1,1000000,532,0.164000000000001,0.165000000000001,0.000308270676691732,1df7f843bcd6024fa35aed9422220d4a5997638932b2ec10b5a9fb4031f0d855,1df7f843bcd6024fa35aed9422220d4a5997638932b2ec10b5a9fb4031f0d855,double,cf168eba9a51070da837266bd5a080e4068859b3fd1205758a038898049b2888,980,532,FALSE,FALSE,FALSE,FALSE,0.11.2
candidate,2,18,arrow,long,compact_17,add,compact,2,1000000,500,0.152000000000001,0.153000000000001,0.000304000000000002,1df7f843bcd6024fa35aed9422220d4a5997638932b2ec10b5a9fb4031f0d855,1df7f843bcd6024fa35aed9422220d4a5997638932b2ec10b5a9fb4031f0d855,double,cf168eba9a51070da837266bd5a080e4068859b3fd1205758a038898049b2888,980,500,TRUE,TRUE,FALSE,FALSE,0.11.2
candidate,2,18,arrow,long,compact_17,add,ordinary,3,1000000,500,0.131,0.130999999999999,0.000262,671045451e824b2e242f3ad3ee4ce3874def4eb03bc1581bd3d2a7bcbe94c3ab,671045451e824b2e242f3ad3ee4ce3874def4eb03bc1581bd3d2a7bcbe94c3ab,,cf168eba9a51070da837266bd5a080e4068859b3fd1205758a038898049b2888,980,0,FALSE,FALSE,FALSE,FALSE,0.11.2
candidate,2,19,dta,float,compact_25,multiply,ordinary,1,1000000,525,0.131999999999998,0.131999999999998,0.000251428571428567,744238dff0a503a1b62571c237d68f28b9f70ce5dc1d0e28212096a8c637233a,744238dff0a503a1b62571c237d68f28b9f70ce5dc1d0e28212096a8c637233a,,79dcf5eee7eb5fc8d9e6e622485364f9c79023214f4836cdfaaddfc24954a13a,972,0,FALSE,FALSE,FALSE,FALSE,0.11.2
candidate,2,19,dta,float,compact_25,multiply,typed_double,2,1000000,544,0.167000000000002,0.167000000000003,0.00030698529411765,2f88347ec5cc3067fdbfb0b10eb0196b26f71e822bf5261d3e26bd5cd8863930,2f88347ec5cc3067fdbfb0b10eb0196b26f71e822bf5261d3e26bd5cd8863930,double,79dcf5eee7eb5fc8d9e6e622485364f9c79023214f4836cdfaaddfc24954a13a,972,544,FALSE,FALSE,FALSE,FALSE,0.11.2
candidate,2,19,dta,float,compact_25,multiply,compact,3,1000000,500,0.164999999999999,0.164999999999999,0.000329999999999998,85b946da983a156bef0be0f20e4902d4abbb997e5e4ec9ef440464482cdc234f,85b946da983a156bef0be0f20e4902d4abbb997e5e4ec9ef440464482cdc234f,float,79dcf5eee7eb5fc8d9e6e622485364f9c79023214f4836cdfaaddfc24954a13a,972,500,TRUE,TRUE,FALSE,FALSE,0.11.2
candidate,2,20,dta,float,compact_25,divide,compact,1,1000000,514,0.163999999999998,0.163999999999999,0.000319066147859918,5c4eb5428888561380c8c1faad62395ae26006680cabcf7fb5e6fe9cb57c3966,5c4eb5428888561380c8c1faad62395ae26006680cabcf7fb5e6fe9cb57c3966,float,79dcf5eee7eb5fc8d9e6e622485364f9c79023214f4836cdfaaddfc24954a13a,972,514,TRUE,TRUE,FALSE,FALSE,0.11.2
candidate,2,20,dta,float,compact_25,divide,ordinary,2,1000000,605,0.167999999999999,0.167999999999998,0.000277685950413222,1eb55135fe633cd295bc5be0af351ad8891627f20f18915449a5f28318da98d4,1eb55135fe633cd295bc5be0af351ad8891627f20f18915449a5f28318da98d4,,79dcf5eee7eb5fc8d9e6e622485364f9c79023214f4836cdfaaddfc24954a13a,972,0,FALSE,FALSE,FALSE,FALSE,0.11.2
candidate,2,20,dta,float,compact_25,divide,typed_double,3,1000000,500,0.166999999999998,0.165999999999998,0.000333999999999996,d4052c054b297af2ee5c03f0c39b43e78c09ece7480d086008efaa871364bc14,d4052c054b297af2ee5c03f0c39b43e78c09ece7480d086008efaa871364bc14,double,79dcf5eee7eb5fc8d9e6e622485364f9c79023214f4836cdfaaddfc24954a13a,972,500,FALSE,FALSE,FALSE,FALSE,0.11.2
candidate,2,21,dta,float,compact_25,add,typed_double,1,1000000,500,0.134999999999998,0.135,0.000269999999999996,2f88347ec5cc3067fdbfb0b10eb0196b26f71e822bf5261d3e26bd5cd8863930,2f88347ec5cc3067fdbfb0b10eb0196b26f71e822bf5261d3e26bd5cd8863930,double,79dcf5eee7eb5fc8d9e6e622485364f9c79023214f4836cdfaaddfc24954a13a,972,500,FALSE,FALSE,FALSE,FALSE,0.11.2
candidate,2,21,dta,float,compact_25,add,compact,2,1000000,500,0.165000000000003,0.164000000000001,0.000330000000000005,85b946da983a156bef0be0f20e4902d4abbb997e5e4ec9ef440464482cdc234f,85b946da983a156bef0be0f20e4902d4abbb997e5e4ec9ef440464482cdc234f,float,79dcf5eee7eb5fc8d9e6e622485364f9c79023214f4836cdfaaddfc24954a13a,972,500,TRUE,TRUE,FALSE,FALSE,0.11.2
candidate,2,21,dta,float,compact_25,add,ordinary,3,1000000,514,0.135999999999999,0.137000000000003,0.000264591439688714,744238dff0a503a1b62571c237d68f28b9f70ce5dc1d0e28212096a8c637233a,744238dff0a503a1b62571c237d68f28b9f70ce5dc1d0e28212096a8c637233a,,79dcf5eee7eb5fc8d9e6e622485364f9c79023214f4836cdfaaddfc24954a13a,972,0,FALSE,FALSE,FALSE,FALSE,0.11.2
candidate,2,22,arrow,float,compact_25,multiply,ordinary,1,1000000,289,0.0719999999999992,0.0710000000000003,0.000249134948096883,744238dff0a503a1b62571c237d68f28b9f70ce5dc1d0e28212096a8c637233a,744238dff0a503a1b62571c237d68f28b9f70ce5dc1d0e28212096a8c637233a,,79dcf5eee7eb5fc8d9e6e622485364f9c79023214f4836cdfaaddfc24954a13a,972,0,FALSE,FALSE,FALSE,FALSE,0.11.2
candidate,2,22,arrow,float,compact_25,multiply,typed_double,2,1000000,544,0.163,0.161999999999999,0.000299632352941177,2f88347ec5cc3067fdbfb0b10eb0196b26f71e822bf5261d3e26bd5cd8863930,2f88347ec5cc3067fdbfb0b10eb0196b26f71e822bf5261d3e26bd5cd8863930,double,79dcf5eee7eb5fc8d9e6e622485364f9c79023214f4836cdfaaddfc24954a13a,972,544,FALSE,FALSE,FALSE,FALSE,0.11.2
candidate,2,22,arrow,float,compact_25,multiply,compact,3,1000000,500,0.184999999999999,0.184000000000001,0.000369999999999997,85b946da983a156bef0be0f20e4902d4abbb997e5e4ec9ef440464482cdc234f,85b946da983a156bef0be0f20e4902d4abbb997e5e4ec9ef440464482cdc234f,float,79dcf5eee7eb5fc8d9e6e622485364f9c79023214f4836cdfaaddfc24954a13a,972,500,TRUE,TRUE,FALSE,FALSE,0.11.2
candidate,2,23,arrow,float,compact_25,divide,compact,1,1000000,504,0.148,0.147999999999997,0.000293650793650793,5c4eb5428888561380c8c1faad62395ae26006680cabcf7fb5e6fe9cb57c3966,5c4eb5428888561380c8c1faad62395ae26006680cabcf7fb5e6fe9cb57c3966,float,79dcf5eee7eb5fc8d9e6e622485364f9c79023214f4836cdfaaddfc24954a13a,972,504,TRUE,TRUE,FALSE,FALSE,0.11.2
candidate,2,23,arrow,float,compact_25,divide,ordinary,2,1000000,610,0.167999999999999,0.168000000000001,0.000275409836065573,1eb55135fe633cd295bc5be0af351ad8891627f20f18915449a5f28318da98d4,1eb55135fe633cd295bc5be0af351ad8891627f20f18915449a5f28318da98d4,,79dcf5eee7eb5fc8d9e6e622485364f9c79023214f4836cdfaaddfc24954a13a,972,0,FALSE,FALSE,FALSE,FALSE,0.11.2
candidate,2,23,arrow,float,compact_25,divide,typed_double,3,1000000,500,0.169999999999995,0.169999999999999,0.000339999999999989,d4052c054b297af2ee5c03f0c39b43e78c09ece7480d086008efaa871364bc14,d4052c054b297af2ee5c03f0c39b43e78c09ece7480d086008efaa871364bc14,double,79dcf5eee7eb5fc8d9e6e622485364f9c79023214f4836cdfaaddfc24954a13a,972,500,FALSE,FALSE,FALSE,FALSE,0.11.2
candidate,2,24,arrow,float,compact_25,add,typed_double,1,1000000,560,0.171000000000006,0.172000000000002,0.000305357142857154,2f88347ec5cc3067fdbfb0b10eb0196b26f71e822bf5261d3e26bd5cd8863930,2f88347ec5cc3067fdbfb0b10eb0196b26f71e822bf5261d3e26bd5cd8863930,double,79dcf5eee7eb5fc8d9e6e622485364f9c79023214f4836cdfaaddfc24954a13a,972,560,FALSE,FALSE,FALSE,FALSE,0.11.2
candidate,2,24,arrow,float,compact_25,add,compact,2,1000000,500,0.170000000000002,0.169999999999997,0.000340000000000003,85b946da983a156bef0be0f20e4902d4abbb997e5e4ec9ef440464482cdc234f,85b946da983a156bef0be0f20e4902d4abbb997e5e4ec9ef440464482cdc234f,float,79dcf5eee7eb5fc8d9e6e622485364f9c79023214f4836cdfaaddfc24954a13a,972,500,TRUE,TRUE,FALSE,FALSE,0.11.2
candidate,2,24,arrow,float,compact_25,add,ordinary,3,1000000,525,0.134999999999998,0.134,0.000257142857142853,744238dff0a503a1b62571c237d68f28b9f70ce5dc1d0e28212096a8c637233a,744238dff0a503a1b62571c237d68f28b9f70ce5dc1d0e28212096a8c637233a,,79dcf5eee7eb5fc8d9e6e622485364f9c79023214f4836cdfaaddfc24954a13a,972,0,FALSE,FALSE,FALSE,FALSE,0.11.2
baseline,2,1,dta,byte,compact_01,multiply,ordinary,1,1000000,521,0.15,0.15,0.000287907869481766,525b2ad9d8a4fe80543008cf27b057b1f2c93bab1e4ebd40bdd7dd3abbe5bdd0,525b2ad9d8a4fe80543008cf27b057b1f2c93bab1e4ebd40bdd7dd3abbe5bdd0,,72aeea58f7f0fd26399f753c004578c586d824e4fe207e6ec9a9f4daf0ce666a,996,0,FALSE,FALSE,FALSE,FALSE,0.11.2
baseline,2,1,dta,byte,compact_01,multiply,typed_double,2,1000000,500,0.137,0.138,0.000274,3b1e77f1eced8b3079415048b0825ca71e1f66b89f48c1dea9a01af725bef1c6,3b1e77f1eced8b3079415048b0825ca71e1f66b89f48c1dea9a01af725bef1c6,double,72aeea58f7f0fd26399f753c004578c586d824e4fe207e6ec9a9f4daf0ce666a,996,500,FALSE,FALSE,FALSE,FALSE,0.11.2
baseline,2,1,dta,byte,compact_01,multiply,compact,3,1000000,81,0.163,0.163,0.00201234567901235,efde135332436de33b6f8bb621bc1d6486681a72a9383122b286a9a18f9a3968,efde135332436de33b6f8bb621bc1d6486681a72a9383122b286a9a18f9a3968,int,72aeea58f7f0fd26399f753c004578c586d824e4fe207e6ec9a9f4daf0ce666a,996,81,TRUE,TRUE,FALSE,FALSE,0.11.2
baseline,2,2,dta,byte,compact_01,divide,compact,1,1000000,71,0.148,0.148,0.00208450704225352,ff26b4b50776a968eccece9808e62d6aed31c38a78a7b9408b8f425d13259ec4,ff26b4b50776a968eccece9808e62d6aed31c38a78a7b9408b8f425d13259ec4,float,72aeea58f7f0fd26399f753c004578c586d824e4fe207e6ec9a9f4daf0ce666a,996,71,TRUE,TRUE,FALSE,FALSE,0.11.2
baseline,2,2,dta,byte,compact_01,divide,ordinary,2,1000000,610,0.168,0.168,0.000275409836065574,413eded7e50e6467950b89234611ee0feaa8cb2735bcc214225d27bd7d5e7ea8,413eded7e50e6467950b89234611ee0feaa8cb2735bcc214225d27bd7d5e7ea8,,72aeea58f7f0fd26399f753c004578c586d824e4fe207e6ec9a9f4daf0ce666a,996,0,FALSE,FALSE,FALSE,FALSE,0.11.2
baseline,2,2,dta,byte,compact_01,divide,typed_double,3,1000000,500,0.151,0.152,0.000302,63ef2a87008176681688b92900a8f3b62eba7777501560510d04e19daecbef9f,63ef2a87008176681688b92900a8f3b62eba7777501560510d04e19daecbef9f,double,72aeea58f7f0fd26399f753c004578c586d824e4fe207e6ec9a9f4daf0ce666a,996,500,FALSE,FALSE,FALSE,FALSE,0.11.2
baseline,2,3,dta,byte,compact_01,add,typed_double,1,1000000,544,0.167,0.168,0.000306985294117648,3b1e77f1eced8b3079415048b0825ca71e1f66b89f48c1dea9a01af725bef1c6,3b1e77f1eced8b3079415048b0825ca71e1f66b89f48c1dea9a01af725bef1c6,double,72aeea58f7f0fd26399f753c004578c586d824e4fe207e6ec9a9f4daf0ce666a,996,544,FALSE,FALSE,FALSE,FALSE,0.11.2
baseline,2,3,dta,byte,compact_01,add,compact,2,1000000,75,0.171,0.17,0.00228,efde135332436de33b6f8bb621bc1d6486681a72a9383122b286a9a18f9a3968,efde135332436de33b6f8bb621bc1d6486681a72a9383122b286a9a18f9a3968,int,72aeea58f7f0fd26399f753c004578c586d824e4fe207e6ec9a9f4daf0ce666a,996,75,TRUE,TRUE,FALSE,FALSE,0.11.2
baseline,2,3,dta,byte,compact_01,add,ordinary,3,1000000,596,0.17,0.171,0.000285234899328859,525b2ad9d8a4fe80543008cf27b057b1f2c93bab1e4ebd40bdd7dd3abbe5bdd0,525b2ad9d8a4fe80543008cf27b057b1f2c93bab1e4ebd40bdd7dd3abbe5bdd0,,72aeea58f7f0fd26399f753c004578c586d824e4fe207e6ec9a9f4daf0ce666a,996,0,FALSE,FALSE,FALSE,FALSE,0.11.2
baseline,2,4,arrow,byte,compact_01,multiply,ordinary,1,1000000,525,0.148,0.149,0.000281904761904761,525b2ad9d8a4fe80543008cf27b057b1f2c93bab1e4ebd40bdd7dd3abbe5bdd0,525b2ad9d8a4fe80543008cf27b057b1f2c93bab1e4ebd40bdd7dd3abbe5bdd0,,72aeea58f7f0fd26399f753c004578c586d824e4fe207e6ec9a9f4daf0ce666a,996,0,FALSE,FALSE,FALSE,FALSE,0.11.2
baseline,2,4,arrow,byte,compact_01,multiply,typed_double,2,1000000,500,0.137,0.137,0.000274000000000001,3b1e77f1eced8b3079415048b0825ca71e1f66b89f48c1dea9a01af725bef1c6,3b1e77f1eced8b3079415048b0825ca71e1f66b89f48c1dea9a01af725bef1c6,double,72aeea58f7f0fd26399f753c004578c586d824e4fe207e6ec9a9f4daf0ce666a,996,500,FALSE,FALSE,FALSE,FALSE,0.11.2
baseline,2,4,arrow,byte,compact_01,multiply,compact,3,1000000,81,0.147,0.148,0.00181481481481482,efde135332436de33b6f8bb621bc1d6486681a72a9383122b286a9a18f9a3968,efde135332436de33b6f8bb621bc1d6486681a72a9383122b286a9a18f9a3968,int,72aeea58f7f0fd26399f753c004578c586d824e4fe207e6ec9a9f4daf0ce666a,996,81,TRUE,TRUE,FALSE,FALSE,0.11.2
baseline,2,5,arrow,byte,compact_01,divide,compact,1,1000000,84,0.172000000000001,0.171,0.00204761904761905,ff26b4b50776a968eccece9808e62d6aed31c38a78a7b9408b8f425d13259ec4,ff26b4b50776a968eccece9808e62d6aed31c38a78a7b9408b8f425d13259ec4,float,72aeea58f7f0fd26399f753c004578c586d824e4fe207e6ec9a9f4daf0ce666a,996,84,TRUE,TRUE,FALSE,FALSE,0.11.2
baseline,2,5,arrow,byte,compact_01,divide,ordinary,2,1000000,544,0.153,0.153,0.000281249999999999,413eded7e50e6467950b89234611ee0feaa8cb2735bcc214225d27bd7d5e7ea8,413eded7e50e6467950b89234611ee0feaa8cb2735bcc214225d27bd7d5e7ea8,,72aeea58f7f0fd26399f753c004578c586d824e4fe207e6ec9a9f4daf0ce666a,996,0,FALSE,FALSE,FALSE,FALSE,0.11.2
baseline,2,5,arrow,byte,compact_01,divide,typed_double,3,1000000,500,0.15,0.149999999999999,0.000300000000000001,63ef2a87008176681688b92900a8f3b62eba7777501560510d04e19daecbef9f,63ef2a87008176681688b92900a8f3b62eba7777501560510d04e19daecbef9f,double,72aeea58f7f0fd26399f753c004578c586d824e4fe207e6ec9a9f4daf0ce666a,996,500,FALSE,FALSE,FALSE,FALSE,0.11.2
baseline,2,6,arrow,byte,compact_01,add,typed_double,1,1000000,500,0.156000000000001,0.155,0.000312000000000001,3b1e77f1eced8b3079415048b0825ca71e1f66b89f48c1dea9a01af725bef1c6,3b1e77f1eced8b3079415048b0825ca71e1f66b89f48c1dea9a01af725bef1c6,double,72aeea58f7f0fd26399f753c004578c586d824e4fe207e6ec9a9f4daf0ce666a,996,500,FALSE,FALSE,FALSE,FALSE,0.11.2
baseline,2,6,arrow,byte,compact_01,add,compact,2,1000000,75,0.151999999999999,0.151999999999999,0.00202666666666666,efde135332436de33b6f8bb621bc1d6486681a72a9383122b286a9a18f9a3968,efde135332436de33b6f8bb621bc1d6486681a72a9383122b286a9a18f9a3968,int,72aeea58f7f0fd26399f753c004578c586d824e4fe207e6ec9a9f4daf0ce666a,996,75,TRUE,TRUE,FALSE,FALSE,0.11.2
baseline,2,6,arrow,byte,compact_01,add,ordinary,3,1000000,518,0.149999999999999,0.15,0.000289575289575287,525b2ad9d8a4fe80543008cf27b057b1f2c93bab1e4ebd40bdd7dd3abbe5bdd0,525b2ad9d8a4fe80543008cf27b057b1f2c93bab1e4ebd40bdd7dd3abbe5bdd0,,72aeea58f7f0fd26399f753c004578c586d824e4fe207e6ec9a9f4daf0ce666a,996,0,FALSE,FALSE,FALSE,FALSE,0.11.2
baseline,2,7,dta,int,compact_09,multiply,ordinary,1,1000000,525,0.129,0.13,0.000245714285714285,729c722632150a0eff97243d1eacc06818e2eb7f01f0bd0222f34a695871dbfd,729c722632150a0eff97243d1eacc06818e2eb7f01f0bd0222f34a695871dbfd,,abc996276c43213a415c58f29e20b709ac8ad9ca2eb3e791be59513a9173f999,988,0,FALSE,FALSE,FALSE,FALSE,0.11.2
baseline,2,7,dta,int,compact_09,multiply,typed_double,2,1000000,548,0.167999999999999,0.167,0.000306569343065692,59cb41c73aa369782a91f15618fa56f12c834d3532afcb929640d57d8a6c8414,59cb41c73aa369782a91f15618fa56f12c834d3532afcb929640d57d8a6c8414,double,abc996276c43213a415c58f29e20b709ac8ad9ca2eb3e791be59513a9173f999,988,548,FALSE,FALSE,FALSE,FALSE,0.11.2
baseline,2,7,dta,int,compact_09,multiply,compact,3,1000000,77,0.162000000000001,0.161,0.00210389610389611,41787cc527139c6a0f2eed93236f0e601c5564fdc999310959fd6fdbe73057ba,41787cc527139c6a0f2eed93236f0e601c5564fdc999310959fd6fdbe73057ba,long,abc996276c43213a415c58f29e20b709ac8ad9ca2eb3e791be59513a9173f999,988,77,TRUE,TRUE,FALSE,FALSE,0.11.2
baseline,2,8,dta,int,compact_09,divide,compact,1,1000000,88,0.185,0.184,0.00210227272727273,77a958c828805ad22cb3ad69e41c4f04cdf5c80de8b700e483fcc5cca9a4ca19,77a958c828805ad22cb3ad69e41c4f04cdf5c80de8b700e483fcc5cca9a4ca19,float,abc996276c43213a415c58f29e20b709ac8ad9ca2eb3e791be59513a9173f999,988,88,TRUE,TRUE,FALSE,FALSE,0.11.2
baseline,2,8,dta,int,compact_09,divide,ordinary,2,1000000,610,0.168999999999999,0.167999999999999,0.000277049180327867,d989d6427f4ee30eace50597aea445ac418915eae5ab5c32afc70989c6af107d,d989d6427f4ee30eace50597aea445ac418915eae5ab5c32afc70989c6af107d,,abc996276c43213a415c58f29e20b709ac8ad9ca2eb3e791be59513a9173f999,988,0,FALSE,FALSE,FALSE,FALSE,0.11.2
baseline,2,8,dta,int,compact_09,divide,typed_double,3,1000000,500,0.169,0.168999999999999,0.000338000000000001,2cd99a0a76c21257b1919528a50f31c193a66a3a66582387951e0a01c7828dd9,2cd99a0a76c21257b1919528a50f31c193a66a3a66582387951e0a01c7828dd9,double,abc996276c43213a415c58f29e20b709ac8ad9ca2eb3e791be59513a9173f999,988,500,FALSE,FALSE,FALSE,FALSE,0.11.2
baseline,2,9,dta,int,compact_09,add,typed_double,1,1000000,500,0.141999999999999,0.141,0.000283999999999999,59cb41c73aa369782a91f15618fa56f12c834d3532afcb929640d57d8a6c8414,59cb41c73aa369782a91f15618fa56f12c834d3532afcb929640d57d8a6c8414,double,abc996276c43213a415c58f29e20b709ac8ad9ca2eb3e791be59513a9173f999,988,500,FALSE,FALSE,FALSE,FALSE,0.11.2
baseline,2,9,dta,int,compact_09,add,compact,2,1000000,67,0.176,0.175999999999999,0.00262686567164179,41787cc527139c6a0f2eed93236f0e601c5564fdc999310959fd6fdbe73057ba,41787cc527139c6a0f2eed93236f0e601c5564fdc999310959fd6fdbe73057ba,long,abc996276c43213a415c58f29e20b709ac8ad9ca2eb3e791be59513a9173f999,988,67,TRUE,TRUE,FALSE,FALSE,0.11.2
baseline,2,9,dta,int,compact_09,add,ordinary,3,1000000,525,0.135,0.133999999999999,0.000257142857142857,729c722632150a0eff97243d1eacc06818e2eb7f01f0bd0222f34a695871dbfd,729c722632150a0eff97243d1eacc06818e2eb7f01f0bd0222f34a695871dbfd,,abc996276c43213a415c58f29e20b709ac8ad9ca2eb3e791be59513a9173f999,988,0,FALSE,FALSE,FALSE,FALSE,0.11.2
baseline,2,10,arrow,int,compact_09,multiply,ordinary,1,1000000,610,0.165000000000001,0.165000000000001,0.00027049180327869,729c722632150a0eff97243d1eacc06818e2eb7f01f0bd0222f34a695871dbfd,729c722632150a0eff97243d1eacc06818e2eb7f01f0bd0222f34a695871dbfd,,abc996276c43213a415c58f29e20b709ac8ad9ca2eb3e791be59513a9173f999,988,0,FALSE,FALSE,FALSE,FALSE,0.11.2
baseline,2,10,arrow,int,compact_09,multiply,typed_double,2,1000000,500,0.135999999999999,0.135,0.000271999999999998,59cb41c73aa369782a91f15618fa56f12c834d3532afcb929640d57d8a6c8414,59cb41c73aa369782a91f15618fa56f12c834d3532afcb929640d57d8a6c8414,double,abc996276c43213a415c58f29e20b709ac8ad9ca2eb3e791be59513a9173f999,988,500,FALSE,FALSE,FALSE,FALSE,0.11.2
baseline,2,10,arrow,int,compact_09,multiply,compact,3,1000000,90,0.166,0.165999999999999,0.00184444444444445,41787cc527139c6a0f2eed93236f0e601c5564fdc999310959fd6fdbe73057ba,41787cc527139c6a0f2eed93236f0e601c5564fdc999310959fd6fdbe73057ba,long,abc996276c43213a415c58f29e20b709ac8ad9ca2eb3e791be59513a9173f999,988,90,TRUE,TRUE,FALSE,FALSE,0.11.2
baseline,2,11,arrow,int,compact_09,divide,compact,1,1000000,88,0.167000000000002,0.165999999999998,0.00189772727272729,77a958c828805ad22cb3ad69e41c4f04cdf5c80de8b700e483fcc5cca9a4ca19,77a958c828805ad22cb3ad69e41c4f04cdf5c80de8b700e483fcc5cca9a4ca19,float,abc996276c43213a415c58f29e20b709ac8ad9ca2eb3e791be59513a9173f999,988,88,TRUE,TRUE,FALSE,FALSE,0.11.2
baseline,2,11,arrow,int,compact_09,divide,ordinary,2,1000000,610,0.164999999999999,0.163999999999999,0.000270491803278687,d989d6427f4ee30eace50597aea445ac418915eae5ab5c32afc70989c6af107d,d989d6427f4ee30eace50597aea445ac418915eae5ab5c32afc70989c6af107d,,abc996276c43213a415c58f29e20b709ac8ad9ca2eb3e791be59513a9173f999,988,0,FALSE,FALSE,FALSE,FALSE,0.11.2
baseline,2,11,arrow,int,compact_09,divide,typed_double,3,1000000,500,0.166,0.166,0.000332000000000001,2cd99a0a76c21257b1919528a50f31c193a66a3a66582387951e0a01c7828dd9,2cd99a0a76c21257b1919528a50f31c193a66a3a66582387951e0a01c7828dd9,double,abc996276c43213a415c58f29e20b709ac8ad9ca2eb3e791be59513a9173f999,988,500,FALSE,FALSE,FALSE,FALSE,0.11.2
baseline,2,12,arrow,int,compact_09,add,typed_double,1,1000000,560,0.172000000000001,0.172,0.000307142857142858,59cb41c73aa369782a91f15618fa56f12c834d3532afcb929640d57d8a6c8414,59cb41c73aa369782a91f15618fa56f12c834d3532afcb929640d57d8a6c8414,double,abc996276c43213a415c58f29e20b709ac8ad9ca2eb3e791be59513a9173f999,988,560,FALSE,FALSE,FALSE,FALSE,0.11.2
baseline,2,12,arrow,int,compact_09,add,compact,2,1000000,79,0.169,0.168999999999999,0.00213924050632912,41787cc527139c6a0f2eed93236f0e601c5564fdc999310959fd6fdbe73057ba,41787cc527139c6a0f2eed93236f0e601c5564fdc999310959fd6fdbe73057ba,long,abc996276c43213a415c58f29e20b709ac8ad9ca2eb3e791be59513a9173f999,988,79,TRUE,TRUE,FALSE,FALSE,0.11.2
baseline,2,12,arrow,int,compact_09,add,ordinary,3,1000000,514,0.131999999999998,0.132000000000001,0.000256809338521397,729c722632150a0eff97243d1eacc06818e2eb7f01f0bd0222f34a695871dbfd,729c722632150a0eff97243d1eacc06818e2eb7f01f0bd0222f34a695871dbfd,,abc996276c43213a415c58f29e20b709ac8ad9ca2eb3e791be59513a9173f999,988,0,FALSE,FALSE,FALSE,FALSE,0.11.2
baseline,2,13,dta,long,compact_17,multiply,ordinary,1,1000000,610,0.164999999999999,0.164999999999998,0.000270491803278687,671045451e824b2e242f3ad3ee4ce3874def4eb03bc1581bd3d2a7bcbe94c3ab,671045451e824b2e242f3ad3ee4ce3874def4eb03bc1581bd3d2a7bcbe94c3ab,,cf168eba9a51070da837266bd5a080e4068859b3fd1205758a038898049b2888,980,0,FALSE,FALSE,FALSE,FALSE,0.11.2
baseline,2,13,dta,long,compact_17,multiply,typed_double,2,1000000,500,0.132999999999999,0.133999999999998,0.000265999999999998,1df7f843bcd6024fa35aed9422220d4a5997638932b2ec10b5a9fb4031f0d855,1df7f843bcd6024fa35aed9422220d4a5997638932b2ec10b5a9fb4031f0d855,double,cf168eba9a51070da837266bd5a080e4068859b3fd1205758a038898049b2888,980,500,FALSE,FALSE,FALSE,FALSE,0.11.2
baseline,2,13,dta,long,compact_17,multiply,compact,3,1000000,101,0.152000000000001,0.151,0.00150495049504952,1df7f843bcd6024fa35aed9422220d4a5997638932b2ec10b5a9fb4031f0d855,1df7f843bcd6024fa35aed9422220d4a5997638932b2ec10b5a9fb4031f0d855,double,cf168eba9a51070da837266bd5a080e4068859b3fd1205758a038898049b2888,980,101,TRUE,TRUE,FALSE,FALSE,0.11.2
baseline,2,14,dta,long,compact_17,divide,compact,1,1000000,92,0.155999999999999,0.156000000000001,0.00169565217391303,7d0ae29663b1e2e4ba192ee6aacc57de486ddae65b8fbc8e07076db990931d00,7d0ae29663b1e2e4ba192ee6aacc57de486ddae65b8fbc8e07076db990931d00,double,cf168eba9a51070da837266bd5a080e4068859b3fd1205758a038898049b2888,980,92,TRUE,TRUE,FALSE,FALSE,0.11.2
baseline,2,14,dta,long,compact_17,divide,ordinary,2,1000000,544,0.132999999999999,0.133000000000001,0.000244485294117645,96bea5cf0e66f68ebcf2da25669b0b794a8afa1538ddd32390d185fccfec8440,96bea5cf0e66f68ebcf2da25669b0b794a8afa1538ddd32390d185fccfec8440,,cf168eba9a51070da837266bd5a080e4068859b3fd1205758a038898049b2888,980,0,FALSE,FALSE,FALSE,FALSE,0.11.2
baseline,2,14,dta,long,compact_17,divide,typed_double,3,1000000,500,0.170000000000002,0.17,0.000340000000000003,7d0ae29663b1e2e4ba192ee6aacc57de486ddae65b8fbc8e07076db990931d00,7d0ae29663b1e2e4ba192ee6aacc57de486ddae65b8fbc8e07076db990931d00,double,cf168eba9a51070da837266bd5a080e4068859b3fd1205758a038898049b2888,980,500,FALSE,FALSE,FALSE,FALSE,0.11.2
baseline,2,15,dta,long,compact_17,add,typed_double,1,1000000,500,0.140000000000001,0.141,0.000280000000000001,1df7f843bcd6024fa35aed9422220d4a5997638932b2ec10b5a9fb4031f0d855,1df7f843bcd6024fa35aed9422220d4a5997638932b2ec10b5a9fb4031f0d855,double,cf168eba9a51070da837266bd5a080e4068859b3fd1205758a038898049b2888,980,500,FALSE,FALSE,FALSE,FALSE,0.11.2
baseline,2,15,dta,long,compact_17,add,compact,2,1000000,86,0.148,0.148,0.00172093023255814,1df7f843bcd6024fa35aed9422220d4a5997638932b2ec10b5a9fb4031f0d855,1df7f843bcd6024fa35aed9422220d4a5997638932b2ec10b5a9fb4031f0d855,double,cf168eba9a51070da837266bd5a080e4068859b3fd1205758a038898049b2888,980,86,TRUE,TRUE,FALSE,FALSE,0.11.2
baseline,2,15,dta,long,compact_17,add,ordinary,3,1000000,511,0.132000000000001,0.131999999999999,0.000258317025440316,671045451e824b2e242f3ad3ee4ce3874def4eb03bc1581bd3d2a7bcbe94c3ab,671045451e824b2e242f3ad3ee4ce3874def4eb03bc1581bd3d2a7bcbe94c3ab,,cf168eba9a51070da837266bd5a080e4068859b3fd1205758a038898049b2888,980,0,FALSE,FALSE,FALSE,FALSE,0.11.2
baseline,2,16,arrow,long,compact_17,multiply,ordinary,1,1000000,536,0.152000000000001,0.150999999999998,0.000283582089552241,671045451e824b2e242f3ad3ee4ce3874def4eb03bc1581bd3d2a7bcbe94c3ab,671045451e824b2e242f3ad3ee4ce3874def4eb03bc1581bd3d2a7bcbe94c3ab,,cf168eba9a51070da837266bd5a080e4068859b3fd1205758a038898049b2888,980,0,FALSE,FALSE,FALSE,FALSE,0.11.2
baseline,2,16,arrow,long,compact_17,multiply,typed_double,2,1000000,560,0.170000000000002,0.169999999999997,0.000303571428571432,1df7f843bcd6024fa35aed9422220d4a5997638932b2ec10b5a9fb4031f0d855,1df7f843bcd6024fa35aed9422220d4a5997638932b2ec10b5a9fb4031f0d855,double,cf168eba9a51070da837266bd5a080e4068859b3fd1205758a038898049b2888,980,560,FALSE,FALSE,FALSE,FALSE,0.11.2
baseline,2,16,arrow,long,compact_17,multiply,compact,3,1000000,101,0.154,0.153999999999999,0.00152475247524752,1df7f843bcd6024fa35aed9422220d4a5997638932b2ec10b5a9fb4031f0d855,1df7f843bcd6024fa35aed9422220d4a5997638932b2ec10b5a9fb4031f0d855,double,cf168eba9a51070da837266bd5a080e4068859b3fd1205758a038898049b2888,980,101,TRUE,TRUE,FALSE,FALSE,0.11.2
baseline,2,17,arrow,long,compact_17,divide,compact,1,1000000,90,0.155000000000001,0.156,0.00172222222222223,7d0ae29663b1e2e4ba192ee6aacc57de486ddae65b8fbc8e07076db990931d00,7d0ae29663b1e2e4ba192ee6aacc57de486ddae65b8fbc8e07076db990931d00,double,cf168eba9a51070da837266bd5a080e4068859b3fd1205758a038898049b2888,980,90,TRUE,TRUE,FALSE,FALSE,0.11.2
baseline,2,17,arrow,long,compact_17,divide,ordinary,2,1000000,529,0.135000000000002,0.133999999999999,0.000255198487712668,96bea5cf0e66f68ebcf2da25669b0b794a8afa1538ddd32390d185fccfec8440,96bea5cf0e66f68ebcf2da25669b0b794a8afa1538ddd32390d185fccfec8440,,cf168eba9a51070da837266bd5a080e4068859b3fd1205758a038898049b2888,980,0,FALSE,FALSE,FALSE,FALSE,0.11.2
baseline,2,17,arrow,long,compact_17,divide,typed_double,3,1000000,500,0.152999999999999,0.153999999999997,0.000305999999999997,7d0ae29663b1e2e4ba192ee6aacc57de486ddae65b8fbc8e07076db990931d00,7d0ae29663b1e2e4ba192ee6aacc57de486ddae65b8fbc8e07076db990931d00,double,cf168eba9a51070da837266bd5a080e4068859b3fd1205758a038898049b2888,980,500,FALSE,FALSE,FALSE,FALSE,0.11.2
baseline,2,18,arrow,long,compact_17,add,typed_double,1,1000000,500,0.153000000000002,0.153,0.000306000000000005,1df7f843bcd6024fa35aed9422220d4a5997638932b2ec10b5a9fb4031f0d855,1df7f843bcd6024fa35aed9422220d4a5997638932b2ec10b5a9fb4031f0d855,double,cf168eba9a51070da837266bd5a080e4068859b3fd1205758a038898049b2888,980,500,FALSE,FALSE,FALSE,FALSE,0.11.2
baseline,2,18,arrow,long,compact_17,add,compact,2,1000000,87,0.149999999999999,0.149999999999998,0.00172413793103447,1df7f843bcd6024fa35aed9422220d4a5997638932b2ec10b5a9fb4031f0d855,1df7f843bcd6024fa35aed9422220d4a5997638932b2ec10b5a9fb4031f0d855,double,cf168eba9a51070da837266bd5a080e4068859b3fd1205758a038898049b2888,980,87,TRUE,TRUE,FALSE,FALSE,0.11.2
baseline,2,18,arrow,long,compact_17,add,ordinary,3,1000000,577,0.164999999999999,0.164999999999999,0.000285961871750432,671045451e824b2e242f3ad3ee4ce3874def4eb03bc1581bd3d2a7bcbe94c3ab,671045451e824b2e242f3ad3ee4ce3874def4eb03bc1581bd3d2a7bcbe94c3ab,,cf168eba9a51070da837266bd5a080e4068859b3fd1205758a038898049b2888,980,0,FALSE,FALSE,FALSE,FALSE,0.11.2
baseline,2,19,dta,float,compact_25,multiply,ordinary,1,1000000,532,0.131,0.131999999999999,0.00024624060150376,744238dff0a503a1b62571c237d68f28b9f70ce5dc1d0e28212096a8c637233a,744238dff0a503a1b62571c237d68f28b9f70ce5dc1d0e28212096a8c637233a,,79dcf5eee7eb5fc8d9e6e622485364f9c79023214f4836cdfaaddfc24954a13a,972,0,FALSE,FALSE,FALSE,FALSE,0.11.2
baseline,2,19,dta,float,compact_25,multiply,typed_double,2,1000000,500,0.152999999999999,0.153000000000002,0.000305999999999997,2f88347ec5cc3067fdbfb0b10eb0196b26f71e822bf5261d3e26bd5cd8863930,2f88347ec5cc3067fdbfb0b10eb0196b26f71e822bf5261d3e26bd5cd8863930,double,79dcf5eee7eb5fc8d9e6e622485364f9c79023214f4836cdfaaddfc24954a13a,972,500,FALSE,FALSE,FALSE,FALSE,0.11.2
baseline,2,19,dta,float,compact_25,multiply,compact,3,1000000,116,0.173000000000002,0.171999999999999,0.00149137931034484,85b946da983a156bef0be0f20e4902d4abbb997e5e4ec9ef440464482cdc234f,85b946da983a156bef0be0f20e4902d4abbb997e5e4ec9ef440464482cdc234f,float,79dcf5eee7eb5fc8d9e6e622485364f9c79023214f4836cdfaaddfc24954a13a,972,116,TRUE,TRUE,FALSE,FALSE,0.11.2
baseline,2,20,dta,float,compact_25,divide,compact,1,1000000,111,0.149999999999999,0.148999999999999,0.00135135135135134,5c4eb5428888561380c8c1faad62395ae26006680cabcf7fb5e6fe9cb57c3966,5c4eb5428888561380c8c1faad62395ae26006680cabcf7fb5e6fe9cb57c3966,float,79dcf5eee7eb5fc8d9e6e622485364f9c79023214f4836cdfaaddfc24954a13a,972,111,TRUE,TRUE,FALSE,FALSE,0.11.2
baseline,2,20,dta,float,compact_25,divide,ordinary,2,1000000,631,0.155000000000001,0.154999999999997,0.000245641838351824,1eb55135fe633cd295bc5be0af351ad8891627f20f18915449a5f28318da98d4,1eb55135fe633cd295bc5be0af351ad8891627f20f18915449a5f28318da98d4,,79dcf5eee7eb5fc8d9e6e622485364f9c79023214f4836cdfaaddfc24954a13a,972,0,FALSE,FALSE,FALSE,FALSE,0.11.2
baseline,2,20,dta,float,compact_25,divide,typed_double,3,1000000,500,0.151,0.151,0.000302,d4052c054b297af2ee5c03f0c39b43e78c09ece7480d086008efaa871364bc14,d4052c054b297af2ee5c03f0c39b43e78c09ece7480d086008efaa871364bc14,double,79dcf5eee7eb5fc8d9e6e622485364f9c79023214f4836cdfaaddfc24954a13a,972,500,FALSE,FALSE,FALSE,FALSE,0.11.2
baseline,2,21,dta,float,compact_25,add,typed_double,1,1000000,268,0.0730000000000004,0.0729999999999992,0.000272388059701494,2f88347ec5cc3067fdbfb0b10eb0196b26f71e822bf5261d3e26bd5cd8863930,2f88347ec5cc3067fdbfb0b10eb0196b26f71e822bf5261d3e26bd5cd8863930,double,79dcf5eee7eb5fc8d9e6e622485364f9c79023214f4836cdfaaddfc24954a13a,972,268,FALSE,FALSE,FALSE,FALSE,0.11.2
baseline,2,21,dta,float,compact_25,add,compact,2,1000000,91,0.135999999999999,0.136000000000001,0.00149450549450549,85b946da983a156bef0be0f20e4902d4abbb997e5e4ec9ef440464482cdc234f,85b946da983a156bef0be0f20e4902d4abbb997e5e4ec9ef440464482cdc234f,float,79dcf5eee7eb5fc8d9e6e622485364f9c79023214f4836cdfaaddfc24954a13a,972,91,TRUE,TRUE,FALSE,FALSE,0.11.2
baseline,2,21,dta,float,compact_25,add,ordinary,3,1000000,586,0.172000000000001,0.171999999999998,0.000293515358361776,744238dff0a503a1b62571c237d68f28b9f70ce5dc1d0e28212096a8c637233a,744238dff0a503a1b62571c237d68f28b9f70ce5dc1d0e28212096a8c637233a,,79dcf5eee7eb5fc8d9e6e622485364f9c79023214f4836cdfaaddfc24954a13a,972,0,FALSE,FALSE,FALSE,FALSE,0.11.2
baseline,2,22,arrow,float,compact_25,multiply,ordinary,1,1000000,525,0.149000000000001,0.149000000000001,0.000283809523809526,744238dff0a503a1b62571c237d68f28b9f70ce5dc1d0e28212096a8c637233a,744238dff0a503a1b62571c237d68f28b9f70ce5dc1d0e28212096a8c637233a,,79dcf5eee7eb5fc8d9e6e622485364f9c79023214f4836cdfaaddfc24954a13a,972,0,FALSE,FALSE,FALSE,FALSE,0.11.2
baseline,2,22,arrow,float,compact_25,multiply,typed_double,2,1000000,500,0.137,0.136,0.000274000000000001,2f88347ec5cc3067fdbfb0b10eb0196b26f71e822bf5261d3e26bd5cd8863930,2f88347ec5cc3067fdbfb0b10eb0196b26f71e822bf5261d3e26bd5cd8863930,double,79dcf5eee7eb5fc8d9e6e622485364f9c79023214f4836cdfaaddfc24954a13a,972,500,FALSE,FALSE,FALSE,FALSE,0.11.2
baseline,2,22,arrow,float,compact_25,multiply,compact,3,1000000,118,0.174,0.172999999999999,0.00147457627118644,85b946da983a156bef0be0f20e4902d4abbb997e5e4ec9ef440464482cdc234f,85b946da983a156bef0be0f20e4902d4abbb997e5e4ec9ef440464482cdc234f,float,79dcf5eee7eb5fc8d9e6e622485364f9c79023214f4836cdfaaddfc24954a13a,972,118,TRUE,TRUE,FALSE,FALSE,0.11.2
baseline,2,23,arrow,float,compact_25,divide,compact,1,1000000,154,0.189,0.187999999999999,0.00122727272727273,5c4eb5428888561380c8c1faad62395ae26006680cabcf7fb5e6fe9cb57c3966,5c4eb5428888561380c8c1faad62395ae26006680cabcf7fb5e6fe9cb57c3966,float,79dcf5eee7eb5fc8d9e6e622485364f9c79023214f4836cdfaaddfc24954a13a,972,154,TRUE,TRUE,FALSE,FALSE,0.11.2
baseline,2,23,arrow,float,compact_25,divide,ordinary,2,1000000,615,0.170000000000002,0.170999999999999,0.000276422764227645,1eb55135fe633cd295bc5be0af351ad8891627f20f18915449a5f28318da98d4,1eb55135fe633cd295bc5be0af351ad8891627f20f18915449a5f28318da98d4,,79dcf5eee7eb5fc8d9e6e622485364f9c79023214f4836cdfaaddfc24954a13a,972,0,FALSE,FALSE,FALSE,FALSE,0.11.2
baseline,2,23,arrow,float,compact_25,divide,typed_double,3,1000000,500,0.169,0.169,0.000338000000000001,d4052c054b297af2ee5c03f0c39b43e78c09ece7480d086008efaa871364bc14,d4052c054b297af2ee5c03f0c39b43e78c09ece7480d086008efaa871364bc14,double,79dcf5eee7eb5fc8d9e6e622485364f9c79023214f4836cdfaaddfc24954a13a,972,500,FALSE,FALSE,FALSE,FALSE,0.11.2
baseline,2,24,arrow,float,compact_25,add,typed_double,1,1000000,500,0.155999999999999,0.155999999999999,0.000311999999999998,2f88347ec5cc3067fdbfb0b10eb0196b26f71e822bf5261d3e26bd5cd8863930,2f88347ec5cc3067fdbfb0b10eb0196b26f71e822bf5261d3e26bd5cd8863930,double,79dcf5eee7eb5fc8d9e6e622485364f9c79023214f4836cdfaaddfc24954a13a,972,500,FALSE,FALSE,FALSE,FALSE,0.11.2
baseline,2,24,arrow,float,compact_25,add,compact,2,1000000,91,0.151,0.151,0.00165934065934066,85b946da983a156bef0be0f20e4902d4abbb997e5e4ec9ef440464482cdc234f,85b946da983a156bef0be0f20e4902d4abbb997e5e4ec9ef440464482cdc234f,float,79dcf5eee7eb5fc8d9e6e622485364f9c79023214f4836cdfaaddfc24954a13a,972,91,TRUE,TRUE,FALSE,FALSE,0.11.2
baseline,2,24,arrow,float,compact_25,add,ordinary,3,1000000,596,0.173000000000002,0.173,0.000290268456375842,744238dff0a503a1b62571c237d68f28b9f70ce5dc1d0e28212096a8c637233a,744238dff0a503a1b62571c237d68f28b9f70ce5dc1d0e28212096a8c637233a,,79dcf5eee7eb5fc8d9e6e622485364f9c79023214f4836cdfaaddfc24954a13a,972,0,FALSE,FALSE,FALSE,FALSE,0.11.2
baseline,3,1,dta,byte,compact_01,multiply,typed_double,1,1000000,500,0.156,0.156,0.000312,3b1e77f1eced8b3079415048b0825ca71e1f66b89f48c1dea9a01af725bef1c6,3b1e77f1eced8b3079415048b0825ca71e1f66b89f48c1dea9a01af725bef1c6,double,72aeea58f7f0fd26399f753c004578c586d824e4fe207e6ec9a9f4daf0ce666a,996,500,FALSE,FALSE,FALSE,FALSE,0.11.2
baseline,3,1,dta,byte,compact_01,multiply,ordinary,2,1000000,591,0.164,0.164,0.000277495769881557,525b2ad9d8a4fe80543008cf27b057b1f2c93bab1e4ebd40bdd7dd3abbe5bdd0,525b2ad9d8a4fe80543008cf27b057b1f2c93bab1e4ebd40bdd7dd3abbe5bdd0,,72aeea58f7f0fd26399f753c004578c586d824e4fe207e6ec9a9f4daf0ce666a,996,0,FALSE,FALSE,FALSE,FALSE,0.11.2
baseline,3,1,dta,byte,compact_01,multiply,compact,3,1000000,80,0.145,0.145,0.0018125,efde135332436de33b6f8bb621bc1d6486681a72a9383122b286a9a18f9a3968,efde135332436de33b6f8bb621bc1d6486681a72a9383122b286a9a18f9a3968,int,72aeea58f7f0fd26399f753c004578c586d824e4fe207e6ec9a9f4daf0ce666a,996,80,TRUE,TRUE,FALSE,FALSE,0.11.2
baseline,3,2,dta,byte,compact_01,divide,ordinary,1,1000000,525,0.13,0.13,0.000247619047619047,413eded7e50e6467950b89234611ee0feaa8cb2735bcc214225d27bd7d5e7ea8,413eded7e50e6467950b89234611ee0feaa8cb2735bcc214225d27bd7d5e7ea8,,72aeea58f7f0fd26399f753c004578c586d824e4fe207e6ec9a9f4daf0ce666a,996,0,FALSE,FALSE,FALSE,FALSE,0.11.2
baseline,3,2,dta,byte,compact_01,divide,compact,2,1000000,82,0.167,0.169,0.00203658536585366,ff26b4b50776a968eccece9808e62d6aed31c38a78a7b9408b8f425d13259ec4,ff26b4b50776a968eccece9808e62d6aed31c38a78a7b9408b8f425d13259ec4,float,72aeea58f7f0fd26399f753c004578c586d824e4fe207e6ec9a9f4daf0ce666a,996,82,TRUE,TRUE,FALSE,FALSE,0.11.2
baseline,3,2,dta,byte,compact_01,divide,typed_double,3,1000000,500,0.171,0.172,0.000342,63ef2a87008176681688b92900a8f3b62eba7777501560510d04e19daecbef9f,63ef2a87008176681688b92900a8f3b62eba7777501560510d04e19daecbef9f,double,72aeea58f7f0fd26399f753c004578c586d824e4fe207e6ec9a9f4daf0ce666a,996,500,FALSE,FALSE,FALSE,FALSE,0.11.2
baseline,3,3,dta,byte,compact_01,add,compact,1,1000000,75,0.15,0.15,0.002,efde135332436de33b6f8bb621bc1d6486681a72a9383122b286a9a18f9a3968,efde135332436de33b6f8bb621bc1d6486681a72a9383122b286a9a18f9a3968,int,72aeea58f7f0fd26399f753c004578c586d824e4fe207e6ec9a9f4daf0ce666a,996,75,TRUE,TRUE,FALSE,FALSE,0.11.2
baseline,3,3,dta,byte,compact_01,add,typed_double,2,1000000,500,0.14,0.14,0.00028,3b1e77f1eced8b3079415048b0825ca71e1f66b89f48c1dea9a01af725bef1c6,3b1e77f1eced8b3079415048b0825ca71e1f66b89f48c1dea9a01af725bef1c6,double,72aeea58f7f0fd26399f753c004578c586d824e4fe207e6ec9a9f4daf0ce666a,996,500,FALSE,FALSE,FALSE,FALSE,0.11.2
baseline,3,3,dta,byte,compact_01,add,ordinary,3,1000000,582,0.166,0.166,0.000285223367697595,525b2ad9d8a4fe80543008cf27b057b1f2c93bab1e4ebd40bdd7dd3abbe5bdd0,525b2ad9d8a4fe80543008cf27b057b1f2c93bab1e4ebd40bdd7dd3abbe5bdd0,,72aeea58f7f0fd26399f753c004578c586d824e4fe207e6ec9a9f4daf0ce666a,996,0,FALSE,FALSE,FALSE,FALSE,0.11.2
baseline,3,4,arrow,byte,compact_01,multiply,typed_double,1,1000000,500,0.137,0.137,0.000273999999999999,3b1e77f1eced8b3079415048b0825ca71e1f66b89f48c1dea9a01af725bef1c6,3b1e77f1eced8b3079415048b0825ca71e1f66b89f48c1dea9a01af725bef1c6,double,72aeea58f7f0fd26399f753c004578c586d824e4fe207e6ec9a9f4daf0ce666a,996,500,FALSE,FALSE,FALSE,FALSE,0.11.2
baseline,3,4,arrow,byte,compact_01,multiply,ordinary,2,1000000,529,0.132,0.130999999999999,0.000249527410207939,525b2ad9d8a4fe80543008cf27b057b1f2c93bab1e4ebd40bdd7dd3abbe5bdd0,525b2ad9d8a4fe80543008cf27b057b1f2c93bab1e4ebd40bdd7dd3abbe5bdd0,,72aeea58f7f0fd26399f753c004578c586d824e4fe207e6ec9a9f4daf0ce666a,996,0,FALSE,FALSE,FALSE,FALSE,0.11.2
baseline,3,4,arrow,byte,compact_01,multiply,compact,3,1000000,84,0.167999999999999,0.168,0.00199999999999999,efde135332436de33b6f8bb621bc1d6486681a72a9383122b286a9a18f9a3968,efde135332436de33b6f8bb621bc1d6486681a72a9383122b286a9a18f9a3968,int,72aeea58f7f0fd26399f753c004578c586d824e4fe207e6ec9a9f4daf0ce666a,996,84,TRUE,TRUE,FALSE,FALSE,0.11.2
baseline,3,5,arrow,byte,compact_01,divide,ordinary,1,1000000,615,0.169,0.168999999999999,0.000274796747967479,413eded7e50e6467950b89234611ee0feaa8cb2735bcc214225d27bd7d5e7ea8,413eded7e50e6467950b89234611ee0feaa8cb2735bcc214225d27bd7d5e7ea8,,72aeea58f7f0fd26399f753c004578c586d824e4fe207e6ec9a9f4daf0ce666a,996,0,FALSE,FALSE,FALSE,FALSE,0.11.2
baseline,3,5,arrow,byte,compact_01,divide,compact,2,1000000,61,0.111,0.112,0.00181967213114754,ff26b4b50776a968eccece9808e62d6aed31c38a78a7b9408b8f425d13259ec4,ff26b4b50776a968eccece9808e62d6aed31c38a78a7b9408b8f425d13259ec4,float,72aeea58f7f0fd26399f753c004578c586d824e4fe207e6ec9a9f4daf0ce666a,996,61,TRUE,TRUE,FALSE,FALSE,0.11.2
baseline,3,5,arrow,byte,compact_01,divide,typed_double,3,1000000,500,0.183000000000001,0.182,0.000366000000000001,63ef2a87008176681688b92900a8f3b62eba7777501560510d04e19daecbef9f,63ef2a87008176681688b92900a8f3b62eba7777501560510d04e19daecbef9f,double,72aeea58f7f0fd26399f753c004578c586d824e4fe207e6ec9a9f4daf0ce666a,996,500,FALSE,FALSE,FALSE,FALSE,0.11.2
baseline,3,6,arrow,byte,compact_01,add,compact,1,1000000,71,0.148,0.149,0.00208450704225352,efde135332436de33b6f8bb621bc1d6486681a72a9383122b286a9a18f9a3968,efde135332436de33b6f8bb621bc1d6486681a72a9383122b286a9a18f9a3968,int,72aeea58f7f0fd26399f753c004578c586d824e4fe207e6ec9a9f4daf0ce666a,996,71,TRUE,TRUE,FALSE,FALSE,0.11.2
baseline,3,6,arrow,byte,compact_01,add,typed_double,2,1000000,500,0.155999999999999,0.156,0.000311999999999998,3b1e77f1eced8b3079415048b0825ca71e1f66b89f48c1dea9a01af725bef1c6,3b1e77f1eced8b3079415048b0825ca71e1f66b89f48c1dea9a01af725bef1c6,double,72aeea58f7f0fd26399f753c004578c586d824e4fe207e6ec9a9f4daf0ce666a,996,500,FALSE,FALSE,FALSE,FALSE,0.11.2
baseline,3,6,arrow,byte,compact_01,add,ordinary,3,1000000,514,0.133999999999999,0.135,0.000260700389105056,525b2ad9d8a4fe80543008cf27b057b1f2c93bab1e4ebd40bdd7dd3abbe5bdd0,525b2ad9d8a4fe80543008cf27b057b1f2c93bab1e4ebd40bdd7dd3abbe5bdd0,,72aeea58f7f0fd26399f753c004578c586d824e4fe207e6ec9a9f4daf0ce666a,996,0,FALSE,FALSE,FALSE,FALSE,0.11.2
baseline,3,7,dta,int,compact_09,multiply,typed_double,1,1000000,564,0.169,0.169999999999999,0.000299645390070923,59cb41c73aa369782a91f15618fa56f12c834d3532afcb929640d57d8a6c8414,59cb41c73aa369782a91f15618fa56f12c834d3532afcb929640d57d8a6c8414,double,abc996276c43213a415c58f29e20b709ac8ad9ca2eb3e791be59513a9173f999,988,564,FALSE,FALSE,FALSE,FALSE,0.11.2
baseline,3,7,dta,int,compact_09,multiply,ordinary,2,1000000,615,0.167999999999999,0.167,0.000273170731707316,729c722632150a0eff97243d1eacc06818e2eb7f01f0bd0222f34a695871dbfd,729c722632150a0eff97243d1eacc06818e2eb7f01f0bd0222f34a695871dbfd,,abc996276c43213a415c58f29e20b709ac8ad9ca2eb3e791be59513a9173f999,988,0,FALSE,FALSE,FALSE,FALSE,0.11.2
baseline,3,7,dta,int,compact_09,multiply,compact,3,1000000,76,0.128,0.128000000000001,0.00168421052631579,41787cc527139c6a0f2eed93236f0e601c5564fdc999310959fd6fdbe73057ba,41787cc527139c6a0f2eed93236f0e601c5564fdc999310959fd6fdbe73057ba,long,abc996276c43213a415c58f29e20b709ac8ad9ca2eb3e791be59513a9173f999,988,76,TRUE,TRUE,FALSE,FALSE,0.11.2
baseline,3,8,dta,int,compact_09,divide,ordinary,1,1000000,532,0.151000000000002,0.151,0.000283834586466168,d989d6427f4ee30eace50597aea445ac418915eae5ab5c32afc70989c6af107d,d989d6427f4ee30eace50597aea445ac418915eae5ab5c32afc70989c6af107d,,abc996276c43213a415c58f29e20b709ac8ad9ca2eb3e791be59513a9173f999,988,0,FALSE,FALSE,FALSE,FALSE,0.11.2
baseline,3,8,dta,int,compact_09,divide,compact,2,1000000,89,0.186000000000002,0.185999999999999,0.00208988764044946,77a958c828805ad22cb3ad69e41c4f04cdf5c80de8b700e483fcc5cca9a4ca19,77a958c828805ad22cb3ad69e41c4f04cdf5c80de8b700e483fcc5cca9a4ca19,float,abc996276c43213a415c58f29e20b709ac8ad9ca2eb3e791be59513a9173f999,988,89,TRUE,TRUE,FALSE,FALSE,0.11.2
baseline,3,8,dta,int,compact_09,divide,typed_double,3,1000000,511,0.173,0.172999999999999,0.000338551859099804,2cd99a0a76c21257b1919528a50f31c193a66a3a66582387951e0a01c7828dd9,2cd99a0a76c21257b1919528a50f31c193a66a3a66582387951e0a01c7828dd9,double,abc996276c43213a415c58f29e20b709ac8ad9ca2eb3e791be59513a9173f999,988,511,FALSE,FALSE,FALSE,FALSE,0.11.2
baseline,3,9,dta,int,compact_09,add,compact,1,1000000,78,0.181000000000001,0.181,0.00232051282051283,41787cc527139c6a0f2eed93236f0e601c5564fdc999310959fd6fdbe73057ba,41787cc527139c6a0f2eed93236f0e601c5564fdc999310959fd6fdbe73057ba,long,abc996276c43213a415c58f29e20b709ac8ad9ca2eb3e791be59513a9173f999,988,78,TRUE,TRUE,FALSE,FALSE,0.11.2
baseline,3,9,dta,int,compact_09,add,typed_double,2,1000000,548,0.167,0.167,0.000304744525547445,59cb41c73aa369782a91f15618fa56f12c834d3532afcb929640d57d8a6c8414,59cb41c73aa369782a91f15618fa56f12c834d3532afcb929640d57d8a6c8414,double,abc996276c43213a415c58f29e20b709ac8ad9ca2eb3e791be59513a9173f999,988,548,FALSE,FALSE,FALSE,FALSE,0.11.2
baseline,3,9,dta,int,compact_09,add,ordinary,3,1000000,577,0.164,0.162999999999999,0.0002842287694974,729c722632150a0eff97243d1eacc06818e2eb7f01f0bd0222f34a695871dbfd,729c722632150a0eff97243d1eacc06818e2eb7f01f0bd0222f34a695871dbfd,,abc996276c43213a415c58f29e20b709ac8ad9ca2eb3e791be59513a9173f999,988,0,FALSE,FALSE,FALSE,FALSE,0.11.2
baseline,3,10,arrow,int,compact_09,multiply,typed_double,1,1000000,500,0.135999999999999,0.136999999999999,0.000271999999999998,59cb41c73aa369782a91f15618fa56f12c834d3532afcb929640d57d8a6c8414,59cb41c73aa369782a91f15618fa56f12c834d3532afcb929640d57d8a6c8414,double,abc996276c43213a415c58f29e20b709ac8ad9ca2eb3e791be59513a9173f999,988,500,FALSE,FALSE,FALSE,FALSE,0.11.2
baseline,3,10,arrow,int,compact_09,multiply,ordinary,2,1000000,532,0.132,0.131,0.000248120300751879,729c722632150a0eff97243d1eacc06818e2eb7f01f0bd0222f34a695871dbfd,729c722632150a0eff97243d1eacc06818e2eb7f01f0bd0222f34a695871dbfd,,abc996276c43213a415c58f29e20b709ac8ad9ca2eb3e791be59513a9173f999,988,0,FALSE,FALSE,FALSE,FALSE,0.11.2
baseline,3,10,arrow,int,compact_09,multiply,compact,3,1000000,76,0.144,0.143000000000001,0.00189473684210526,41787cc527139c6a0f2eed93236f0e601c5564fdc999310959fd6fdbe73057ba,41787cc527139c6a0f2eed93236f0e601c5564fdc999310959fd6fdbe73057ba,long,abc996276c43213a415c58f29e20b709ac8ad9ca2eb3e791be59513a9173f999,988,76,TRUE,TRUE,FALSE,FALSE,0.11.2
baseline,3,11,arrow,int,compact_09,divide,ordinary,1,1000000,548,0.138,0.138,0.000251824817518248,d989d6427f4ee30eace50597aea445ac418915eae5ab5c32afc70989c6af107d,d989d6427f4ee30eace50597aea445ac418915eae5ab5c32afc70989c6af107d,,abc996276c43213a415c58f29e20b709ac8ad9ca2eb3e791be59513a9173f999,988,0,FALSE,FALSE,FALSE,FALSE,0.11.2
baseline,3,11,arrow,int,compact_09,divide,compact,2,1000000,74,0.144,0.143999999999999,0.00194594594594595,77a958c828805ad22cb3ad69e41c4f04cdf5c80de8b700e483fcc5cca9a4ca19,77a958c828805ad22cb3ad69e41c4f04cdf5c80de8b700e483fcc5cca9a4ca19,float,abc996276c43213a415c58f29e20b709ac8ad9ca2eb3e791be59513a9173f999,988,74,TRUE,TRUE,FALSE,FALSE,0.11.2
baseline,3,11,arrow,int,compact_09,divide,typed_double,3,1000000,500,0.152999999999999,0.151,0.000305999999999997,2cd99a0a76c21257b1919528a50f31c193a66a3a66582387951e0a01c7828dd9,2cd99a0a76c21257b1919528a50f31c193a66a3a66582387951e0a01c7828dd9,double,abc996276c43213a415c58f29e20b709ac8ad9ca2eb3e791be59513a9173f999,988,500,FALSE,FALSE,FALSE,FALSE,0.11.2
baseline,3,12,arrow,int,compact_09,add,compact,1,1000000,78,0.167,0.168,0.00214102564102564,41787cc527139c6a0f2eed93236f0e601c5564fdc999310959fd6fdbe73057ba,41787cc527139c6a0f2eed93236f0e601c5564fdc999310959fd6fdbe73057ba,long,abc996276c43213a415c58f29e20b709ac8ad9ca2eb3e791be59513a9173f999,988,78,TRUE,TRUE,FALSE,FALSE,0.11.2
baseline,3,12,arrow,int,compact_09,add,typed_double,2,1000000,500,0.157,0.157,0.000314,59cb41c73aa369782a91f15618fa56f12c834d3532afcb929640d57d8a6c8414,59cb41c73aa369782a91f15618fa56f12c834d3532afcb929640d57d8a6c8414,double,abc996276c43213a415c58f29e20b709ac8ad9ca2eb3e791be59513a9173f999,988,500,FALSE,FALSE,FALSE,FALSE,0.11.2
baseline,3,12,arrow,int,compact_09,add,ordinary,3,1000000,511,0.172000000000001,0.172000000000002,0.000336594911937379,729c722632150a0eff97243d1eacc06818e2eb7f01f0bd0222f34a695871dbfd,729c722632150a0eff97243d1eacc06818e2eb7f01f0bd0222f34a695871dbfd,,abc996276c43213a415c58f29e20b709ac8ad9ca2eb3e791be59513a9173f999,988,0,FALSE,FALSE,FALSE,FALSE,0.11.2
baseline,3,13,dta,long,compact_17,multiply,typed_double,1,1000000,500,0.157,0.157999999999999,0.000314,1df7f843bcd6024fa35aed9422220d4a5997638932b2ec10b5a9fb4031f0d855,1df7f843bcd6024fa35aed9422220d4a5997638932b2ec10b5a9fb4031f0d855,double,cf168eba9a51070da837266bd5a080e4068859b3fd1205758a038898049b2888,980,500,FALSE,FALSE,FALSE,FALSE,0.11.2
baseline,3,13,dta,long,compact_17,multiply,ordinary,2,1000000,500,0.133999999999997,0.135,0.000267999999999994,671045451e824b2e242f3ad3ee4ce3874def4eb03bc1581bd3d2a7bcbe94c3ab,671045451e824b2e242f3ad3ee4ce3874def4eb03bc1581bd3d2a7bcbe94c3ab,,cf168eba9a51070da837266bd5a080e4068859b3fd1205758a038898049b2888,980,0,FALSE,FALSE,FALSE,FALSE,0.11.2
baseline,3,13,dta,long,compact_17,multiply,compact,3,1000000,94,0.145,0.144999999999999,0.00154255319148936,1df7f843bcd6024fa35aed9422220d4a5997638932b2ec10b5a9fb4031f0d855,1df7f843bcd6024fa35aed9422220d4a5997638932b2ec10b5a9fb4031f0d855,double,cf168eba9a51070da837266bd5a080e4068859b3fd1205758a038898049b2888,980,94,TRUE,TRUE,FALSE,FALSE,0.11.2
baseline,3,14,dta,long,compact_17,divide,ordinary,1,1000000,560,0.164999999999999,0.166,0.000294642857142856,96bea5cf0e66f68ebcf2da25669b0b794a8afa1538ddd32390d185fccfec8440,96bea5cf0e66f68ebcf2da25669b0b794a8afa1538ddd32390d185fccfec8440,,cf168eba9a51070da837266bd5a080e4068859b3fd1205758a038898049b2888,980,0,FALSE,FALSE,FALSE,FALSE,0.11.2
baseline,3,14,dta,long,compact_17,divide,compact,2,1000000,89,0.157999999999998,0.157999999999999,0.00177528089887638,7d0ae29663b1e2e4ba192ee6aacc57de486ddae65b8fbc8e07076db990931d00,7d0ae29663b1e2e4ba192ee6aacc57de486ddae65b8fbc8e07076db990931d00,double,cf168eba9a51070da837266bd5a080e4068859b3fd1205758a038898049b2888,980,89,TRUE,TRUE,FALSE,FALSE,0.11.2
baseline,3,14,dta,long,compact_17,divide,typed_double,3,1000000,500,0.172999999999998,0.172999999999998,0.000345999999999997,7d0ae29663b1e2e4ba192ee6aacc57de486ddae65b8fbc8e07076db990931d00,7d0ae29663b1e2e4ba192ee6aacc57de486ddae65b8fbc8e07076db990931d00,double,cf168eba9a51070da837266bd5a080e4068859b3fd1205758a038898049b2888,980,500,FALSE,FALSE,FALSE,FALSE,0.11.2
baseline,3,15,dta,long,compact_17,add,compact,1,1000000,85,0.149999999999999,0.15,0.00176470588235292,1df7f843bcd6024fa35aed9422220d4a5997638932b2ec10b5a9fb4031f0d855,1df7f843bcd6024fa35aed9422220d4a5997638932b2ec10b5a9fb4031f0d855,double,cf168eba9a51070da837266bd5a080e4068859b3fd1205758a038898049b2888,980,85,TRUE,TRUE,FALSE,FALSE,0.11.2
baseline,3,15,dta,long,compact_17,add,typed_double,2,1000000,500,0.143000000000001,0.141999999999999,0.000286000000000001,1df7f843bcd6024fa35aed9422220d4a5997638932b2ec10b5a9fb4031f0d855,1df7f843bcd6024fa35aed9422220d4a5997638932b2ec10b5a9fb4031f0d855,double,cf168eba9a51070da837266bd5a080e4068859b3fd1205758a038898049b2888,980,500,FALSE,FALSE,FALSE,FALSE,0.11.2
baseline,3,15,dta,long,compact_17,add,ordinary,3,1000000,500,0.137999999999998,0.138999999999999,0.000275999999999996,671045451e824b2e242f3ad3ee4ce3874def4eb03bc1581bd3d2a7bcbe94c3ab,671045451e824b2e242f3ad3ee4ce3874def4eb03bc1581bd3d2a7bcbe94c3ab,,cf168eba9a51070da837266bd5a080e4068859b3fd1205758a038898049b2888,980,0,FALSE,FALSE,FALSE,FALSE,0.11.2
baseline,3,16,arrow,long,compact_17,multiply,typed_double,1,1000000,532,0.167999999999999,0.167999999999999,0.000315789473684209,1df7f843bcd6024fa35aed9422220d4a5997638932b2ec10b5a9fb4031f0d855,1df7f843bcd6024fa35aed9422220d4a5997638932b2ec10b5a9fb4031f0d855,double,cf168eba9a51070da837266bd5a080e4068859b3fd1205758a038898049b2888,980,532,FALSE,FALSE,FALSE,FALSE,0.11.2
baseline,3,16,arrow,long,compact_17,multiply,ordinary,2,1000000,577,0.166999999999998,0.166999999999998,0.000289428076256496,671045451e824b2e242f3ad3ee4ce3874def4eb03bc1581bd3d2a7bcbe94c3ab,671045451e824b2e242f3ad3ee4ce3874def4eb03bc1581bd3d2a7bcbe94c3ab,,cf168eba9a51070da837266bd5a080e4068859b3fd1205758a038898049b2888,980,0,FALSE,FALSE,FALSE,FALSE,0.11.2
baseline,3,16,arrow,long,compact_17,multiply,compact,3,1000000,99,0.152999999999999,0.152,0.00154545454545453,1df7f843bcd6024fa35aed9422220d4a5997638932b2ec10b5a9fb4031f0d855,1df7f843bcd6024fa35aed9422220d4a5997638932b2ec10b5a9fb4031f0d855,double,cf168eba9a51070da837266bd5a080e4068859b3fd1205758a038898049b2888,980,99,TRUE,TRUE,FALSE,FALSE,0.11.2
baseline,3,17,arrow,long,compact_17,divide,ordinary,1,1000000,511,0.132000000000001,0.131999999999999,0.000258317025440316,96bea5cf0e66f68ebcf2da25669b0b794a8afa1538ddd32390d185fccfec8440,96bea5cf0e66f68ebcf2da25669b0b794a8afa1538ddd32390d185fccfec8440,,cf168eba9a51070da837266bd5a080e4068859b3fd1205758a038898049b2888,980,0,FALSE,FALSE,FALSE,FALSE,0.11.2
baseline,3,17,arrow,long,compact_17,divide,compact,2,1000000,88,0.151,0.150000000000002,0.00171590909090909,7d0ae29663b1e2e4ba192ee6aacc57de486ddae65b8fbc8e07076db990931d00,7d0ae29663b1e2e4ba192ee6aacc57de486ddae65b8fbc8e07076db990931d00,double,cf168eba9a51070da837266bd5a080e4068859b3fd1205758a038898049b2888,980,88,TRUE,TRUE,FALSE,FALSE,0.11.2
baseline,3,17,arrow,long,compact_17,divide,typed_double,3,1000000,500,0.172999999999998,0.171999999999997,0.000345999999999997,7d0ae29663b1e2e4ba192ee6aacc57de486ddae65b8fbc8e07076db990931d00,7d0ae29663b1e2e4ba192ee6aacc57de486ddae65b8fbc8e07076db990931d00,double,cf168eba9a51070da837266bd5a080e4068859b3fd1205758a038898049b2888,980,500,FALSE,FALSE,FALSE,FALSE,0.11.2
baseline,3,18,arrow,long,compact_17,add,compact,1,1000000,86,0.152000000000001,0.151999999999999,0.00176744186046513,1df7f843bcd6024fa35aed9422220d4a5997638932b2ec10b5a9fb4031f0d855,1df7f843bcd6024fa35aed9422220d4a5997638932b2ec10b5a9fb4031f0d855,double,cf168eba9a51070da837266bd5a080e4068859b3fd1205758a038898049b2888,980,86,TRUE,TRUE,FALSE,FALSE,0.11.2
baseline,3,18,arrow,long,compact_17,add,typed_double,2,1000000,500,0.142999999999997,0.142000000000002,0.000285999999999994,1df7f843bcd6024fa35aed9422220d4a5997638932b2ec10b5a9fb4031f0d855,1df7f843bcd6024fa35aed9422220d4a5997638932b2ec10b5a9fb4031f0d855,double,cf168eba9a51070da837266bd5a080e4068859b3fd1205758a038898049b2888,980,500,FALSE,FALSE,FALSE,FALSE,0.11.2
baseline,3,18,arrow,long,compact_17,add,ordinary,3,1000000,500,0.130000000000003,0.131000000000001,0.000260000000000005,671045451e824b2e242f3ad3ee4ce3874def4eb03bc1581bd3d2a7bcbe94c3ab,671045451e824b2e242f3ad3ee4ce3874def4eb03bc1581bd3d2a7bcbe94c3ab,,cf168eba9a51070da837266bd5a080e4068859b3fd1205758a038898049b2888,980,0,FALSE,FALSE,FALSE,FALSE,0.11.2
baseline,3,19,dta,float,compact_25,multiply,typed_double,1,1000000,500,0.138000000000002,0.137999999999998,0.000276000000000003,2f88347ec5cc3067fdbfb0b10eb0196b26f71e822bf5261d3e26bd5cd8863930,2f88347ec5cc3067fdbfb0b10eb0196b26f71e822bf5261d3e26bd5cd8863930,double,79dcf5eee7eb5fc8d9e6e622485364f9c79023214f4836cdfaaddfc24954a13a,972,500,FALSE,FALSE,FALSE,FALSE,0.11.2
baseline,3,19,dta,float,compact_25,multiply,ordinary,2,1000000,507,0.130999999999997,0.132000000000001,0.000258382642998021,744238dff0a503a1b62571c237d68f28b9f70ce5dc1d0e28212096a8c637233a,744238dff0a503a1b62571c237d68f28b9f70ce5dc1d0e28212096a8c637233a,,79dcf5eee7eb5fc8d9e6e622485364f9c79023214f4836cdfaaddfc24954a13a,972,0,FALSE,FALSE,FALSE,FALSE,0.11.2
baseline,3,19,dta,float,compact_25,multiply,compact,3,1000000,109,0.128999999999998,0.130000000000001,0.00118348623853209,85b946da983a156bef0be0f20e4902d4abbb997e5e4ec9ef440464482cdc234f,85b946da983a156bef0be0f20e4902d4abbb997e5e4ec9ef440464482cdc234f,float,79dcf5eee7eb5fc8d9e6e622485364f9c79023214f4836cdfaaddfc24954a13a,972,109,TRUE,TRUE,FALSE,FALSE,0.11.2
baseline,3,20,dta,float,compact_25,divide,ordinary,1,1000000,521,0.134,0.133999999999999,0.000257197696737045,1eb55135fe633cd295bc5be0af351ad8891627f20f18915449a5f28318da98d4,1eb55135fe633cd295bc5be0af351ad8891627f20f18915449a5f28318da98d4,,79dcf5eee7eb5fc8d9e6e622485364f9c79023214f4836cdfaaddfc24954a13a,972,0,FALSE,FALSE,FALSE,FALSE,0.11.2
baseline,3,20,dta,float,compact_25,divide,compact,2,1000000,112,0.136000000000003,0.135999999999998,0.00121428571428574,5c4eb5428888561380c8c1faad62395ae26006680cabcf7fb5e6fe9cb57c3966,5c4eb5428888561380c8c1faad62395ae26006680cabcf7fb5e6fe9cb57c3966,float,79dcf5eee7eb5fc8d9e6e622485364f9c79023214f4836cdfaaddfc24954a13a,972,112,TRUE,TRUE,FALSE,FALSE,0.11.2
baseline,3,20,dta,float,compact_25,divide,typed_double,3,1000000,500,0.16,0.161,0.00032,d4052c054b297af2ee5c03f0c39b43e78c09ece7480d086008efaa871364bc14,d4052c054b297af2ee5c03f0c39b43e78c09ece7480d086008efaa871364bc14,double,79dcf5eee7eb5fc8d9e6e622485364f9c79023214f4836cdfaaddfc24954a13a,972,500,FALSE,FALSE,FALSE,FALSE,0.11.2
baseline,3,21,dta,float,compact_25,add,compact,1,1000000,88,0.137,0.136999999999999,0.00155681818181819,85b946da983a156bef0be0f20e4902d4abbb997e5e4ec9ef440464482cdc234f,85b946da983a156bef0be0f20e4902d4abbb997e5e4ec9ef440464482cdc234f,float,79dcf5eee7eb5fc8d9e6e622485364f9c79023214f4836cdfaaddfc24954a13a,972,88,TRUE,TRUE,FALSE,FALSE,0.11.2
baseline,3,21,dta,float,compact_25,add,typed_double,2,1000000,518,0.167000000000002,0.167999999999999,0.000322393822393825,2f88347ec5cc3067fdbfb0b10eb0196b26f71e822bf5261d3e26bd5cd8863930,2f88347ec5cc3067fdbfb0b10eb0196b26f71e822bf5261d3e26bd5cd8863930,double,79dcf5eee7eb5fc8d9e6e622485364f9c79023214f4836cdfaaddfc24954a13a,972,518,FALSE,FALSE,FALSE,FALSE,0.11.2
baseline,3,21,dta,float,compact_25,add,ordinary,3,1000000,500,0.136999999999997,0.137000000000003,0.000273999999999994,744238dff0a503a1b62571c237d68f28b9f70ce5dc1d0e28212096a8c637233a,744238dff0a503a1b62571c237d68f28b9f70ce5dc1d0e28212096a8c637233a,,79dcf5eee7eb5fc8d9e6e622485364f9c79023214f4836cdfaaddfc24954a13a,972,0,FALSE,FALSE,FALSE,FALSE,0.11.2
baseline,3,22,arrow,float,compact_25,multiply,typed_double,1,1000000,511,0.163999999999998,0.163,0.000320939334637961,2f88347ec5cc3067fdbfb0b10eb0196b26f71e822bf5261d3e26bd5cd8863930,2f88347ec5cc3067fdbfb0b10eb0196b26f71e822bf5261d3e26bd5cd8863930,double,79dcf5eee7eb5fc8d9e6e622485364f9c79023214f4836cdfaaddfc24954a13a,972,511,FALSE,FALSE,FALSE,FALSE,0.11.2
baseline,3,22,arrow,float,compact_25,multiply,ordinary,2,1000000,514,0.132000000000001,0.132999999999999,0.000256809338521404,744238dff0a503a1b62571c237d68f28b9f70ce5dc1d0e28212096a8c637233a,744238dff0a503a1b62571c237d68f28b9f70ce5dc1d0e28212096a8c637233a,,79dcf5eee7eb5fc8d9e6e622485364f9c79023214f4836cdfaaddfc24954a13a,972,0,FALSE,FALSE,FALSE,FALSE,0.11.2
baseline,3,22,arrow,float,compact_25,multiply,compact,3,1000000,112,0.146999999999998,0.145999999999998,0.00131249999999999,85b946da983a156bef0be0f20e4902d4abbb997e5e4ec9ef440464482cdc234f,85b946da983a156bef0be0f20e4902d4abbb997e5e4ec9ef440464482cdc234f,float,79dcf5eee7eb5fc8d9e6e622485364f9c79023214f4836cdfaaddfc24954a13a,972,112,TRUE,TRUE,FALSE,FALSE,0.11.2
baseline,3,23,arrow,float,compact_25,divide,ordinary,1,1000000,514,0.151999999999997,0.152000000000001,0.000295719844357972,1eb55135fe633cd295bc5be0af351ad8891627f20f18915449a5f28318da98d4,1eb55135fe633cd295bc5be0af351ad8891627f20f18915449a5f28318da98d4,,79dcf5eee7eb5fc8d9e6e622485364f9c79023214f4836cdfaaddfc24954a13a,972,0,FALSE,FALSE,FALSE,FALSE,0.11.2
baseline,3,23,arrow,float,compact_25,divide,compact,2,1000000,111,0.146000000000001,0.146000000000001,0.00131531531531532,5c4eb5428888561380c8c1faad62395ae26006680cabcf7fb5e6fe9cb57c3966,5c4eb5428888561380c8c1faad62395ae26006680cabcf7fb5e6fe9cb57c3966,float,79dcf5eee7eb5fc8d9e6e622485364f9c79023214f4836cdfaaddfc24954a13a,972,111,TRUE,TRUE,FALSE,FALSE,0.11.2
baseline,3,23,arrow,float,compact_25,divide,typed_double,3,1000000,500,0.158000000000001,0.160000000000001,0.000316000000000002,d4052c054b297af2ee5c03f0c39b43e78c09ece7480d086008efaa871364bc14,d4052c054b297af2ee5c03f0c39b43e78c09ece7480d086008efaa871364bc14,double,79dcf5eee7eb5fc8d9e6e622485364f9c79023214f4836cdfaaddfc24954a13a,972,500,FALSE,FALSE,FALSE,FALSE,0.11.2
baseline,3,24,arrow,float,compact_25,add,compact,1,1000000,90,0.137999999999998,0.138000000000002,0.00153333333333331,85b946da983a156bef0be0f20e4902d4abbb997e5e4ec9ef440464482cdc234f,85b946da983a156bef0be0f20e4902d4abbb997e5e4ec9ef440464482cdc234f,float,79dcf5eee7eb5fc8d9e6e622485364f9c79023214f4836cdfaaddfc24954a13a,972,90,TRUE,TRUE,FALSE,FALSE,0.11.2
baseline,3,24,arrow,float,compact_25,add,typed_double,2,1000000,250,0.0730000000000004,0.0730000000000015,0.000292000000000002,2f88347ec5cc3067fdbfb0b10eb0196b26f71e822bf5261d3e26bd5cd8863930,2f88347ec5cc3067fdbfb0b10eb0196b26f71e822bf5261d3e26bd5cd8863930,double,79dcf5eee7eb5fc8d9e6e622485364f9c79023214f4836cdfaaddfc24954a13a,972,250,FALSE,FALSE,FALSE,FALSE,0.11.2
baseline,3,24,arrow,float,compact_25,add,ordinary,3,1000000,582,0.170999999999999,0.171000000000002,0.00029381443298969,744238dff0a503a1b62571c237d68f28b9f70ce5dc1d0e28212096a8c637233a,744238dff0a503a1b62571c237d68f28b9f70ce5dc1d0e28212096a8c637233a,,79dcf5eee7eb5fc8d9e6e622485364f9c79023214f4836cdfaaddfc24954a13a,972,0,FALSE,FALSE,FALSE,FALSE,0.11.2
candidate,3,1,dta,byte,compact_01,multiply,typed_double,1,1000000,500,0.161,0.161,0.000322,3b1e77f1eced8b3079415048b0825ca71e1f66b89f48c1dea9a01af725bef1c6,3b1e77f1eced8b3079415048b0825ca71e1f66b89f48c1dea9a01af725bef1c6,double,72aeea58f7f0fd26399f753c004578c586d824e4fe207e6ec9a9f4daf0ce666a,996,500,FALSE,FALSE,FALSE,FALSE,0.11.2
candidate,3,1,dta,byte,compact_01,multiply,ordinary,2,1000000,582,0.173,0.173,0.000297250859106529,525b2ad9d8a4fe80543008cf27b057b1f2c93bab1e4ebd40bdd7dd3abbe5bdd0,525b2ad9d8a4fe80543008cf27b057b1f2c93bab1e4ebd40bdd7dd3abbe5bdd0,,72aeea58f7f0fd26399f753c004578c586d824e4fe207e6ec9a9f4daf0ce666a,996,0,FALSE,FALSE,FALSE,FALSE,0.11.2
candidate,3,1,dta,byte,compact_01,multiply,compact,3,1000000,514,0.145,0.145,0.000282101167315175,efde135332436de33b6f8bb621bc1d6486681a72a9383122b286a9a18f9a3968,efde135332436de33b6f8bb621bc1d6486681a72a9383122b286a9a18f9a3968,int,72aeea58f7f0fd26399f753c004578c586d824e4fe207e6ec9a9f4daf0ce666a,996,514,TRUE,TRUE,FALSE,FALSE,0.11.2
candidate,3,2,dta,byte,compact_01,divide,ordinary,1,1000000,500,0.13,0.131,0.00026,413eded7e50e6467950b89234611ee0feaa8cb2735bcc214225d27bd7d5e7ea8,413eded7e50e6467950b89234611ee0feaa8cb2735bcc214225d27bd7d5e7ea8,,72aeea58f7f0fd26399f753c004578c586d824e4fe207e6ec9a9f4daf0ce666a,996,0,FALSE,FALSE,FALSE,FALSE,0.11.2
candidate,3,2,dta,byte,compact_01,divide,compact,2,1000000,689,0.149,0.149,0.000216255442670537,ff26b4b50776a968eccece9808e62d6aed31c38a78a7b9408b8f425d13259ec4,ff26b4b50776a968eccece9808e62d6aed31c38a78a7b9408b8f425d13259ec4,float,72aeea58f7f0fd26399f753c004578c586d824e4fe207e6ec9a9f4daf0ce666a,996,689,TRUE,TRUE,FALSE,FALSE,0.11.2
candidate,3,2,dta,byte,compact_01,divide,typed_double,3,1000000,500,0.163,0.163,0.000326,63ef2a87008176681688b92900a8f3b62eba7777501560510d04e19daecbef9f,63ef2a87008176681688b92900a8f3b62eba7777501560510d04e19daecbef9f,double,72aeea58f7f0fd26399f753c004578c586d824e4fe207e6ec9a9f4daf0ce666a,996,500,FALSE,FALSE,FALSE,FALSE,0.11.2
candidate,3,3,dta,byte,compact_01,add,compact,1,1000000,511,0.145,0.144,0.00028375733855186,efde135332436de33b6f8bb621bc1d6486681a72a9383122b286a9a18f9a3968,efde135332436de33b6f8bb621bc1d6486681a72a9383122b286a9a18f9a3968,int,72aeea58f7f0fd26399f753c004578c586d824e4fe207e6ec9a9f4daf0ce666a,996,511,TRUE,TRUE,FALSE,FALSE,0.11.2
candidate,3,3,dta,byte,compact_01,add,typed_double,2,1000000,525,0.167,0.168,0.000318095238095238,3b1e77f1eced8b3079415048b0825ca71e1f66b89f48c1dea9a01af725bef1c6,3b1e77f1eced8b3079415048b0825ca71e1f66b89f48c1dea9a01af725bef1c6,double,72aeea58f7f0fd26399f753c004578c586d824e4fe207e6ec9a9f4daf0ce666a,996,525,FALSE,FALSE,FALSE,FALSE,0.11.2
candidate,3,3,dta,byte,compact_01,add,ordinary,3,1000000,532,0.157999999999999,0.157,0.000296992481203007,525b2ad9d8a4fe80543008cf27b057b1f2c93bab1e4ebd40bdd7dd3abbe5bdd0,525b2ad9d8a4fe80543008cf27b057b1f2c93bab1e4ebd40bdd7dd3abbe5bdd0,,72aeea58f7f0fd26399f753c004578c586d824e4fe207e6ec9a9f4daf0ce666a,996,0,FALSE,FALSE,FALSE,FALSE,0.11.2
candidate,3,4,arrow,byte,compact_01,multiply,typed_double,1,1000000,500,0.142,0.141,0.000284000000000001,3b1e77f1eced8b3079415048b0825ca71e1f66b89f48c1dea9a01af725bef1c6,3b1e77f1eced8b3079415048b0825ca71e1f66b89f48c1dea9a01af725bef1c6,double,72aeea58f7f0fd26399f753c004578c586d824e4fe207e6ec9a9f4daf0ce666a,996,500,FALSE,FALSE,FALSE,FALSE,0.11.2
candidate,3,4,arrow,byte,compact_01,multiply,ordinary,2,1000000,501,0.129,0.129000000000001,0.000257485029940121,525b2ad9d8a4fe80543008cf27b057b1f2c93bab1e4ebd40bdd7dd3abbe5bdd0,525b2ad9d8a4fe80543008cf27b057b1f2c93bab1e4ebd40bdd7dd3abbe5bdd0,,72aeea58f7f0fd26399f753c004578c586d824e4fe207e6ec9a9f4daf0ce666a,996,0,FALSE,FALSE,FALSE,FALSE,0.11.2
candidate,3,4,arrow,byte,compact_01,multiply,compact,3,1000000,511,0.146,0.147,0.000285714285714286,efde135332436de33b6f8bb621bc1d6486681a72a9383122b286a9a18f9a3968,efde135332436de33b6f8bb621bc1d6486681a72a9383122b286a9a18f9a3968,int,72aeea58f7f0fd26399f753c004578c586d824e4fe207e6ec9a9f4daf0ce666a,996,511,TRUE,TRUE,FALSE,FALSE,0.11.2
candidate,3,5,arrow,byte,compact_01,divide,ordinary,1,1000000,586,0.169,0.167999999999999,0.000288395904436859,413eded7e50e6467950b89234611ee0feaa8cb2735bcc214225d27bd7d5e7ea8,413eded7e50e6467950b89234611ee0feaa8cb2735bcc214225d27bd7d5e7ea8,,72aeea58f7f0fd26399f753c004578c586d824e4fe207e6ec9a9f4daf0ce666a,996,0,FALSE,FALSE,FALSE,FALSE,0.11.2
candidate,3,5,arrow,byte,compact_01,divide,compact,2,1000000,689,0.148,0.147999999999999,0.000214804063860667,ff26b4b50776a968eccece9808e62d6aed31c38a78a7b9408b8f425d13259ec4,ff26b4b50776a968eccece9808e62d6aed31c38a78a7b9408b8f425d13259ec4,float,72aeea58f7f0fd26399f753c004578c586d824e4fe207e6ec9a9f4daf0ce666a,996,689,TRUE,TRUE,FALSE,FALSE,0.11.2
candidate,3,5,arrow,byte,compact_01,divide,typed_double,3,1000000,500,0.16,0.16,0.00032,63ef2a87008176681688b92900a8f3b62eba7777501560510d04e19daecbef9f,63ef2a87008176681688b92900a8f3b62eba7777501560510d04e19daecbef9f,double,72aeea58f7f0fd26399f753c004578c586d824e4fe207e6ec9a9f4daf0ce666a,996,500,FALSE,FALSE,FALSE,FALSE,0.11.2
candidate,3,6,arrow,byte,compact_01,add,compact,1,1000000,521,0.155999999999999,0.157,0.000299424184261034,efde135332436de33b6f8bb621bc1d6486681a72a9383122b286a9a18f9a3968,efde135332436de33b6f8bb621bc1d6486681a72a9383122b286a9a18f9a3968,int,72aeea58f7f0fd26399f753c004578c586d824e4fe207e6ec9a9f4daf0ce666a,996,521,TRUE,TRUE,FALSE,FALSE,0.11.2
candidate,3,6,arrow,byte,compact_01,add,typed_double,2,1000000,521,0.167,0.166,0.000320537428023032,3b1e77f1eced8b3079415048b0825ca71e1f66b89f48c1dea9a01af725bef1c6,3b1e77f1eced8b3079415048b0825ca71e1f66b89f48c1dea9a01af725bef1c6,double,72aeea58f7f0fd26399f753c004578c586d824e4fe207e6ec9a9f4daf0ce666a,996,521,FALSE,FALSE,FALSE,FALSE,0.11.2
candidate,3,6,arrow,byte,compact_01,add,ordinary,3,1000000,560,0.165000000000001,0.164999999999999,0.000294642857142859,525b2ad9d8a4fe80543008cf27b057b1f2c93bab1e4ebd40bdd7dd3abbe5bdd0,525b2ad9d8a4fe80543008cf27b057b1f2c93bab1e4ebd40bdd7dd3abbe5bdd0,,72aeea58f7f0fd26399f753c004578c586d824e4fe207e6ec9a9f4daf0ce666a,996,0,FALSE,FALSE,FALSE,FALSE,0.11.2
candidate,3,7,dta,int,compact_09,multiply,typed_double,1,1000000,500,0.141999999999999,0.141000000000001,0.000283999999999999,59cb41c73aa369782a91f15618fa56f12c834d3532afcb929640d57d8a6c8414,59cb41c73aa369782a91f15618fa56f12c834d3532afcb929640d57d8a6c8414,double,abc996276c43213a415c58f29e20b709ac8ad9ca2eb3e791be59513a9173f999,988,500,FALSE,FALSE,FALSE,FALSE,0.11.2
candidate,3,7,dta,int,compact_09,multiply,ordinary,2,1000000,500,0.128,0.128,0.000256,729c722632150a0eff97243d1eacc06818e2eb7f01f0bd0222f34a695871dbfd,729c722632150a0eff97243d1eacc06818e2eb7f01f0bd0222f34a695871dbfd,,abc996276c43213a415c58f29e20b709ac8ad9ca2eb3e791be59513a9173f999,988,0,FALSE,FALSE,FALSE,FALSE,0.11.2
candidate,3,7,dta,int,compact_09,multiply,compact,3,1000000,552,0.154000000000002,0.153999999999999,0.00027898550724638,41787cc527139c6a0f2eed93236f0e601c5564fdc999310959fd6fdbe73057ba,41787cc527139c6a0f2eed93236f0e601c5564fdc999310959fd6fdbe73057ba,long,abc996276c43213a415c58f29e20b709ac8ad9ca2eb3e791be59513a9173f999,988,552,TRUE,TRUE,FALSE,FALSE,0.11.2
candidate,3,8,dta,int,compact_09,divide,ordinary,1,1000000,500,0.147,0.147000000000001,0.000294,d989d6427f4ee30eace50597aea445ac418915eae5ab5c32afc70989c6af107d,d989d6427f4ee30eace50597aea445ac418915eae5ab5c32afc70989c6af107d,,abc996276c43213a415c58f29e20b709ac8ad9ca2eb3e791be59513a9173f999,988,0,FALSE,FALSE,FALSE,FALSE,0.11.2
candidate,3,8,dta,int,compact_09,divide,compact,2,1000000,774,0.148999999999999,0.150000000000001,0.000192506459948319,77a958c828805ad22cb3ad69e41c4f04cdf5c80de8b700e483fcc5cca9a4ca19,77a958c828805ad22cb3ad69e41c4f04cdf5c80de8b700e483fcc5cca9a4ca19,float,abc996276c43213a415c58f29e20b709ac8ad9ca2eb3e791be59513a9173f999,988,774,TRUE,TRUE,FALSE,FALSE,0.11.2
candidate,3,8,dta,int,compact_09,divide,typed_double,3,1000000,500,0.157,0.158,0.000314,2cd99a0a76c21257b1919528a50f31c193a66a3a66582387951e0a01c7828dd9,2cd99a0a76c21257b1919528a50f31c193a66a3a66582387951e0a01c7828dd9,double,abc996276c43213a415c58f29e20b709ac8ad9ca2eb3e791be59513a9173f999,988,500,FALSE,FALSE,FALSE,FALSE,0.11.2
candidate,3,9,dta,int,compact_09,add,compact,1,1000000,560,0.151999999999999,0.151,0.00027142857142857,41787cc527139c6a0f2eed93236f0e601c5564fdc999310959fd6fdbe73057ba,41787cc527139c6a0f2eed93236f0e601c5564fdc999310959fd6fdbe73057ba,long,abc996276c43213a415c58f29e20b709ac8ad9ca2eb3e791be59513a9173f999,988,560,TRUE,TRUE,FALSE,FALSE,0.11.2
candidate,3,9,dta,int,compact_09,add,typed_double,2,1000000,500,0.144,0.144000000000001,0.000288,59cb41c73aa369782a91f15618fa56f12c834d3532afcb929640d57d8a6c8414,59cb41c73aa369782a91f15618fa56f12c834d3532afcb929640d57d8a6c8414,double,abc996276c43213a415c58f29e20b709ac8ad9ca2eb3e791be59513a9173f999,988,500,FALSE,FALSE,FALSE,FALSE,0.11.2
candidate,3,9,dta,int,compact_09,add,ordinary,3,1000000,242,0.0649999999999995,0.0649999999999983,0.000268595041322312,729c722632150a0eff97243d1eacc06818e2eb7f01f0bd0222f34a695871dbfd,729c722632150a0eff97243d1eacc06818e2eb7f01f0bd0222f34a695871dbfd,,abc996276c43213a415c58f29e20b709ac8ad9ca2eb3e791be59513a9173f999,988,0,FALSE,FALSE,FALSE,FALSE,0.11.2
candidate,3,10,arrow,int,compact_09,multiply,typed_double,1,1000000,536,0.171000000000001,0.171,0.000319029850746271,59cb41c73aa369782a91f15618fa56f12c834d3532afcb929640d57d8a6c8414,59cb41c73aa369782a91f15618fa56f12c834d3532afcb929640d57d8a6c8414,double,abc996276c43213a415c58f29e20b709ac8ad9ca2eb3e791be59513a9173f999,988,536,FALSE,FALSE,FALSE,FALSE,0.11.2
candidate,3,10,arrow,int,compact_09,multiply,ordinary,2,1000000,591,0.169,0.168999999999999,0.00028595600676819,729c722632150a0eff97243d1eacc06818e2eb7f01f0bd0222f34a695871dbfd,729c722632150a0eff97243d1eacc06818e2eb7f01f0bd0222f34a695871dbfd,,abc996276c43213a415c58f29e20b709ac8ad9ca2eb3e791be59513a9173f999,988,0,FALSE,FALSE,FALSE,FALSE,0.11.2
candidate,3,10,arrow,int,compact_09,multiply,compact,3,1000000,540,0.15,0.151,0.000277777777777778,41787cc527139c6a0f2eed93236f0e601c5564fdc999310959fd6fdbe73057ba,41787cc527139c6a0f2eed93236f0e601c5564fdc999310959fd6fdbe73057ba,long,abc996276c43213a415c58f29e20b709ac8ad9ca2eb3e791be59513a9173f999,988,540,TRUE,TRUE,FALSE,FALSE,0.11.2
candidate,3,11,arrow,int,compact_09,divide,ordinary,1,1000000,521,0.133999999999999,0.133999999999998,0.000257197696737041,d989d6427f4ee30eace50597aea445ac418915eae5ab5c32afc70989c6af107d,d989d6427f4ee30eace50597aea445ac418915eae5ab5c32afc70989c6af107d,,abc996276c43213a415c58f29e20b709ac8ad9ca2eb3e791be59513a9173f999,988,0,FALSE,FALSE,FALSE,FALSE,0.11.2
candidate,3,11,arrow,int,compact_09,divide,compact,2,1000000,751,0.153,0.153,0.000203728362183756,77a958c828805ad22cb3ad69e41c4f04cdf5c80de8b700e483fcc5cca9a4ca19,77a958c828805ad22cb3ad69e41c4f04cdf5c80de8b700e483fcc5cca9a4ca19,float,abc996276c43213a415c58f29e20b709ac8ad9ca2eb3e791be59513a9173f999,988,751,TRUE,TRUE,FALSE,FALSE,0.11.2
candidate,3,11,arrow,int,compact_09,divide,typed_double,3,1000000,500,0.174000000000001,0.174,0.000348000000000003,2cd99a0a76c21257b1919528a50f31c193a66a3a66582387951e0a01c7828dd9,2cd99a0a76c21257b1919528a50f31c193a66a3a66582387951e0a01c7828dd9,double,abc996276c43213a415c58f29e20b709ac8ad9ca2eb3e791be59513a9173f999,988,500,FALSE,FALSE,FALSE,FALSE,0.11.2
candidate,3,12,arrow,int,compact_09,add,compact,1,1000000,544,0.152999999999999,0.152,0.000281249999999998,41787cc527139c6a0f2eed93236f0e601c5564fdc999310959fd6fdbe73057ba,41787cc527139c6a0f2eed93236f0e601c5564fdc999310959fd6fdbe73057ba,long,abc996276c43213a415c58f29e20b709ac8ad9ca2eb3e791be59513a9173f999,988,544,TRUE,TRUE,FALSE,FALSE,0.11.2
candidate,3,12,arrow,int,compact_09,add,typed_double,2,1000000,500,0.138999999999999,0.138999999999999,0.000277999999999999,59cb41c73aa369782a91f15618fa56f12c834d3532afcb929640d57d8a6c8414,59cb41c73aa369782a91f15618fa56f12c834d3532afcb929640d57d8a6c8414,double,abc996276c43213a415c58f29e20b709ac8ad9ca2eb3e791be59513a9173f999,988,500,FALSE,FALSE,FALSE,FALSE,0.11.2
candidate,3,12,arrow,int,compact_09,add,ordinary,3,1000000,500,0.132999999999999,0.133,0.000265999999999998,729c722632150a0eff97243d1eacc06818e2eb7f01f0bd0222f34a695871dbfd,729c722632150a0eff97243d1eacc06818e2eb7f01f0bd0222f34a695871dbfd,,abc996276c43213a415c58f29e20b709ac8ad9ca2eb3e791be59513a9173f999,988,0,FALSE,FALSE,FALSE,FALSE,0.11.2
candidate,3,13,dta,long,compact_17,multiply,typed_double,1,1000000,500,0.166,0.165999999999999,0.000332000000000001,1df7f843bcd6024fa35aed9422220d4a5997638932b2ec10b5a9fb4031f0d855,1df7f843bcd6024fa35aed9422220d4a5997638932b2ec10b5a9fb4031f0d855,double,cf168eba9a51070da837266bd5a080e4068859b3fd1205758a038898049b2888,980,500,FALSE,FALSE,FALSE,FALSE,0.11.2
candidate,3,13,dta,long,compact_17,multiply,ordinary,2,1000000,507,0.131,0.130000000000001,0.000258382642998028,671045451e824b2e242f3ad3ee4ce3874def4eb03bc1581bd3d2a7bcbe94c3ab,671045451e824b2e242f3ad3ee4ce3874def4eb03bc1581bd3d2a7bcbe94c3ab,,cf168eba9a51070da837266bd5a080e4068859b3fd1205758a038898049b2888,980,0,FALSE,FALSE,FALSE,FALSE,0.11.2
candidate,3,13,dta,long,compact_17,multiply,compact,3,1000000,500,0.174,0.173,0.000347999999999999,1df7f843bcd6024fa35aed9422220d4a5997638932b2ec10b5a9fb4031f0d855,1df7f843bcd6024fa35aed9422220d4a5997638932b2ec10b5a9fb4031f0d855,double,cf168eba9a51070da837266bd5a080e4068859b3fd1205758a038898049b2888,980,500,TRUE,TRUE,FALSE,FALSE,0.11.2
candidate,3,14,dta,long,compact_17,divide,ordinary,1,1000000,500,0.151,0.151000000000001,0.000302,96bea5cf0e66f68ebcf2da25669b0b794a8afa1538ddd32390d185fccfec8440,96bea5cf0e66f68ebcf2da25669b0b794a8afa1538ddd32390d185fccfec8440,,cf168eba9a51070da837266bd5a080e4068859b3fd1205758a038898049b2888,980,0,FALSE,FALSE,FALSE,FALSE,0.11.2
candidate,3,14,dta,long,compact_17,divide,compact,2,1000000,500,0.151,0.151000000000001,0.000302,7d0ae29663b1e2e4ba192ee6aacc57de486ddae65b8fbc8e07076db990931d00,7d0ae29663b1e2e4ba192ee6aacc57de486ddae65b8fbc8e07076db990931d00,double,cf168eba9a51070da837266bd5a080e4068859b3fd1205758a038898049b2888,980,500,TRUE,TRUE,FALSE,FALSE,0.11.2
candidate,3,14,dta,long,compact_17,divide,typed_double,3,1000000,500,0.158999999999999,0.159000000000001,0.000317999999999998,7d0ae29663b1e2e4ba192ee6aacc57de486ddae65b8fbc8e07076db990931d00,7d0ae29663b1e2e4ba192ee6aacc57de486ddae65b8fbc8e07076db990931d00,double,cf168eba9a51070da837266bd5a080e4068859b3fd1205758a038898049b2888,980,500,FALSE,FALSE,FALSE,FALSE,0.11.2
candidate,3,15,dta,long,compact_17,add,compact,1,1000000,500,0.169,0.168999999999999,0.000338000000000001,1df7f843bcd6024fa35aed9422220d4a5997638932b2ec10b5a9fb4031f0d855,1df7f843bcd6024fa35aed9422220d4a5997638932b2ec10b5a9fb4031f0d855,double,cf168eba9a51070da837266bd5a080e4068859b3fd1205758a038898049b2888,980,500,TRUE,TRUE,FALSE,FALSE,0.11.2
candidate,3,15,dta,long,compact_17,add,typed_double,2,1000000,500,0.141999999999999,0.141999999999999,0.000283999999999999,1df7f843bcd6024fa35aed9422220d4a5997638932b2ec10b5a9fb4031f0d855,1df7f843bcd6024fa35aed9422220d4a5997638932b2ec10b5a9fb4031f0d855,double,cf168eba9a51070da837266bd5a080e4068859b3fd1205758a038898049b2888,980,500,FALSE,FALSE,FALSE,FALSE,0.11.2
candidate,3,15,dta,long,compact_17,add,ordinary,3,1000000,500,0.155999999999999,0.156000000000002,0.000311999999999998,671045451e824b2e242f3ad3ee4ce3874def4eb03bc1581bd3d2a7bcbe94c3ab,671045451e824b2e242f3ad3ee4ce3874def4eb03bc1581bd3d2a7bcbe94c3ab,,cf168eba9a51070da837266bd5a080e4068859b3fd1205758a038898049b2888,980,0,FALSE,FALSE,FALSE,FALSE,0.11.2
candidate,3,16,arrow,long,compact_17,multiply,typed_double,1,1000000,529,0.167999999999999,0.167000000000002,0.000317580340264649,1df7f843bcd6024fa35aed9422220d4a5997638932b2ec10b5a9fb4031f0d855,1df7f843bcd6024fa35aed9422220d4a5997638932b2ec10b5a9fb4031f0d855,double,cf168eba9a51070da837266bd5a080e4068859b3fd1205758a038898049b2888,980,529,FALSE,FALSE,FALSE,FALSE,0.11.2
candidate,3,16,arrow,long,compact_17,multiply,ordinary,2,1000000,500,0.131999999999998,0.130999999999999,0.000263999999999996,671045451e824b2e242f3ad3ee4ce3874def4eb03bc1581bd3d2a7bcbe94c3ab,671045451e824b2e242f3ad3ee4ce3874def4eb03bc1581bd3d2a7bcbe94c3ab,,cf168eba9a51070da837266bd5a080e4068859b3fd1205758a038898049b2888,980,0,FALSE,FALSE,FALSE,FALSE,0.11.2
candidate,3,16,arrow,long,compact_17,multiply,compact,3,1000000,500,0.177000000000003,0.177000000000001,0.000354000000000006,1df7f843bcd6024fa35aed9422220d4a5997638932b2ec10b5a9fb4031f0d855,1df7f843bcd6024fa35aed9422220d4a5997638932b2ec10b5a9fb4031f0d855,double,cf168eba9a51070da837266bd5a080e4068859b3fd1205758a038898049b2888,980,500,TRUE,TRUE,FALSE,FALSE,0.11.2
candidate,3,17,arrow,long,compact_17,divide,ordinary,1,1000000,586,0.172000000000001,0.171999999999998,0.000293515358361776,96bea5cf0e66f68ebcf2da25669b0b794a8afa1538ddd32390d185fccfec8440,96bea5cf0e66f68ebcf2da25669b0b794a8afa1538ddd32390d185fccfec8440,,cf168eba9a51070da837266bd5a080e4068859b3fd1205758a038898049b2888,980,0,FALSE,FALSE,FALSE,FALSE,0.11.2
candidate,3,17,arrow,long,compact_17,divide,compact,2,1000000,500,0.172999999999998,0.172000000000001,0.000345999999999997,7d0ae29663b1e2e4ba192ee6aacc57de486ddae65b8fbc8e07076db990931d00,7d0ae29663b1e2e4ba192ee6aacc57de486ddae65b8fbc8e07076db990931d00,double,cf168eba9a51070da837266bd5a080e4068859b3fd1205758a038898049b2888,980,500,TRUE,TRUE,FALSE,FALSE,0.11.2
candidate,3,17,arrow,long,compact_17,divide,typed_double,3,1000000,500,0.161000000000001,0.162000000000001,0.000322000000000003,7d0ae29663b1e2e4ba192ee6aacc57de486ddae65b8fbc8e07076db990931d00,7d0ae29663b1e2e4ba192ee6aacc57de486ddae65b8fbc8e07076db990931d00,double,cf168eba9a51070da837266bd5a080e4068859b3fd1205758a038898049b2888,980,500,FALSE,FALSE,FALSE,FALSE,0.11.2
candidate,3,18,arrow,long,compact_17,add,compact,1,1000000,500,0.155999999999999,0.156000000000002,0.000311999999999998,1df7f843bcd6024fa35aed9422220d4a5997638932b2ec10b5a9fb4031f0d855,1df7f843bcd6024fa35aed9422220d4a5997638932b2ec10b5a9fb4031f0d855,double,cf168eba9a51070da837266bd5a080e4068859b3fd1205758a038898049b2888,980,500,TRUE,TRUE,FALSE,FALSE,0.11.2
candidate,3,18,arrow,long,compact_17,add,typed_double,2,1000000,500,0.16,0.16,0.00032,1df7f843bcd6024fa35aed9422220d4a5997638932b2ec10b5a9fb4031f0d855,1df7f843bcd6024fa35aed9422220d4a5997638932b2ec10b5a9fb4031f0d855,double,cf168eba9a51070da837266bd5a080e4068859b3fd1205758a038898049b2888,980,500,FALSE,FALSE,FALSE,FALSE,0.11.2
candidate,3,18,arrow,long,compact_17,add,ordinary,3,1000000,569,0.172999999999998,0.173,0.00030404217926186,671045451e824b2e242f3ad3ee4ce3874def4eb03bc1581bd3d2a7bcbe94c3ab,671045451e824b2e242f3ad3ee4ce3874def4eb03bc1581bd3d2a7bcbe94c3ab,,cf168eba9a51070da837266bd5a080e4068859b3fd1205758a038898049b2888,980,0,FALSE,FALSE,FALSE,FALSE,0.11.2
candidate,3,19,dta,float,compact_25,multiply,typed_double,1,1000000,500,0.145,0.145000000000001,0.000289999999999999,2f88347ec5cc3067fdbfb0b10eb0196b26f71e822bf5261d3e26bd5cd8863930,2f88347ec5cc3067fdbfb0b10eb0196b26f71e822bf5261d3e26bd5cd8863930,double,79dcf5eee7eb5fc8d9e6e622485364f9c79023214f4836cdfaaddfc24954a13a,972,500,FALSE,FALSE,FALSE,FALSE,0.11.2
candidate,3,19,dta,float,compact_25,multiply,ordinary,2,1000000,500,0.132000000000001,0.132000000000001,0.000264000000000003,744238dff0a503a1b62571c237d68f28b9f70ce5dc1d0e28212096a8c637233a,744238dff0a503a1b62571c237d68f28b9f70ce5dc1d0e28212096a8c637233a,,79dcf5eee7eb5fc8d9e6e622485364f9c79023214f4836cdfaaddfc24954a13a,972,0,FALSE,FALSE,FALSE,FALSE,0.11.2
candidate,3,19,dta,float,compact_25,multiply,compact,3,1000000,500,0.172999999999998,0.171999999999999,0.000345999999999997,85b946da983a156bef0be0f20e4902d4abbb997e5e4ec9ef440464482cdc234f,85b946da983a156bef0be0f20e4902d4abbb997e5e4ec9ef440464482cdc234f,float,79dcf5eee7eb5fc8d9e6e622485364f9c79023214f4836cdfaaddfc24954a13a,972,500,TRUE,TRUE,FALSE,FALSE,0.11.2
candidate,3,20,dta,float,compact_25,divide,ordinary,1,1000000,582,0.167000000000002,0.167000000000001,0.000286941580756016,1eb55135fe633cd295bc5be0af351ad8891627f20f18915449a5f28318da98d4,1eb55135fe633cd295bc5be0af351ad8891627f20f18915449a5f28318da98d4,,79dcf5eee7eb5fc8d9e6e622485364f9c79023214f4836cdfaaddfc24954a13a,972,0,FALSE,FALSE,FALSE,FALSE,0.11.2
candidate,3,20,dta,float,compact_25,divide,compact,2,1000000,501,0.163,0.161999999999999,0.000325349301397206,5c4eb5428888561380c8c1faad62395ae26006680cabcf7fb5e6fe9cb57c3966,5c4eb5428888561380c8c1faad62395ae26006680cabcf7fb5e6fe9cb57c3966,float,79dcf5eee7eb5fc8d9e6e622485364f9c79023214f4836cdfaaddfc24954a13a,972,501,TRUE,TRUE,FALSE,FALSE,0.11.2
candidate,3,20,dta,float,compact_25,divide,typed_double,3,1000000,500,0.156000000000002,0.155999999999999,0.000312000000000005,d4052c054b297af2ee5c03f0c39b43e78c09ece7480d086008efaa871364bc14,d4052c054b297af2ee5c03f0c39b43e78c09ece7480d086008efaa871364bc14,double,79dcf5eee7eb5fc8d9e6e622485364f9c79023214f4836cdfaaddfc24954a13a,972,500,FALSE,FALSE,FALSE,FALSE,0.11.2
candidate,3,21,dta,float,compact_25,add,compact,1,1000000,500,0.167000000000002,0.166999999999998,0.000334000000000003,85b946da983a156bef0be0f20e4902d4abbb997e5e4ec9ef440464482cdc234f,85b946da983a156bef0be0f20e4902d4abbb997e5e4ec9ef440464482cdc234f,float,79dcf5eee7eb5fc8d9e6e622485364f9c79023214f4836cdfaaddfc24954a13a,972,500,TRUE,TRUE,FALSE,FALSE,0.11.2
candidate,3,21,dta,float,compact_25,add,typed_double,2,1000000,529,0.167000000000002,0.168000000000002,0.000315689981096411,2f88347ec5cc3067fdbfb0b10eb0196b26f71e822bf5261d3e26bd5cd8863930,2f88347ec5cc3067fdbfb0b10eb0196b26f71e822bf5261d3e26bd5cd8863930,double,79dcf5eee7eb5fc8d9e6e622485364f9c79023214f4836cdfaaddfc24954a13a,972,529,FALSE,FALSE,FALSE,FALSE,0.11.2
candidate,3,21,dta,float,compact_25,add,ordinary,3,1000000,552,0.163999999999998,0.165000000000001,0.000297101449275359,744238dff0a503a1b62571c237d68f28b9f70ce5dc1d0e28212096a8c637233a,744238dff0a503a1b62571c237d68f28b9f70ce5dc1d0e28212096a8c637233a,,79dcf5eee7eb5fc8d9e6e622485364f9c79023214f4836cdfaaddfc24954a13a,972,0,FALSE,FALSE,FALSE,FALSE,0.11.2
candidate,3,22,arrow,float,compact_25,multiply,typed_double,1,1000000,544,0.169999999999998,0.170000000000002,0.000312499999999997,2f88347ec5cc3067fdbfb0b10eb0196b26f71e822bf5261d3e26bd5cd8863930,2f88347ec5cc3067fdbfb0b10eb0196b26f71e822bf5261d3e26bd5cd8863930,double,79dcf5eee7eb5fc8d9e6e622485364f9c79023214f4836cdfaaddfc24954a13a,972,544,FALSE,FALSE,FALSE,FALSE,0.11.2
candidate,3,22,arrow,float,compact_25,multiply,ordinary,2,1000000,586,0.170999999999999,0.170999999999999,0.000291808873720135,744238dff0a503a1b62571c237d68f28b9f70ce5dc1d0e28212096a8c637233a,744238dff0a503a1b62571c237d68f28b9f70ce5dc1d0e28212096a8c637233a,,79dcf5eee7eb5fc8d9e6e622485364f9c79023214f4836cdfaaddfc24954a13a,972,0,FALSE,FALSE,FALSE,FALSE,0.11.2
candidate,3,22,arrow,float,compact_25,multiply,compact,3,1000000,500,0.171999999999997,0.172000000000001,0.000343999999999994,85b946da983a156bef0be0f20e4902d4abbb997e5e4ec9ef440464482cdc234f,85b946da983a156bef0be0f20e4902d4abbb997e5e4ec9ef440464482cdc234f,float,79dcf5eee7eb5fc8d9e6e622485364f9c79023214f4836cdfaaddfc24954a13a,972,500,TRUE,TRUE,FALSE,FALSE,0.11.2
candidate,3,23,arrow,float,compact_25,divide,ordinary,1,1000000,500,0.128999999999998,0.129000000000002,0.000257999999999996,1eb55135fe633cd295bc5be0af351ad8891627f20f18915449a5f28318da98d4,1eb55135fe633cd295bc5be0af351ad8891627f20f18915449a5f28318da98d4,,79dcf5eee7eb5fc8d9e6e622485364f9c79023214f4836cdfaaddfc24954a13a,972,0,FALSE,FALSE,FALSE,FALSE,0.11.2
candidate,3,23,arrow,float,compact_25,divide,compact,2,1000000,500,0.153999999999996,0.153999999999999,0.000307999999999993,5c4eb5428888561380c8c1faad62395ae26006680cabcf7fb5e6fe9cb57c3966,5c4eb5428888561380c8c1faad62395ae26006680cabcf7fb5e6fe9cb57c3966,float,79dcf5eee7eb5fc8d9e6e622485364f9c79023214f4836cdfaaddfc24954a13a,972,500,TRUE,TRUE,FALSE,FALSE,0.11.2
candidate,3,23,arrow,float,compact_25,divide,typed_double,3,1000000,500,0.156999999999996,0.157000000000004,0.000313999999999993,d4052c054b297af2ee5c03f0c39b43e78c09ece7480d086008efaa871364bc14,d4052c054b297af2ee5c03f0c39b43e78c09ece7480d086008efaa871364bc14,double,79dcf5eee7eb5fc8d9e6e622485364f9c79023214f4836cdfaaddfc24954a13a,972,500,FALSE,FALSE,FALSE,FALSE,0.11.2
candidate,3,24,arrow,float,compact_25,add,compact,1,1000000,500,0.179000000000002,0.179000000000002,0.000358000000000004,85b946da983a156bef0be0f20e4902d4abbb997e5e4ec9ef440464482cdc234f,85b946da983a156bef0be0f20e4902d4abbb997e5e4ec9ef440464482cdc234f,float,79dcf5eee7eb5fc8d9e6e622485364f9c79023214f4836cdfaaddfc24954a13a,972,500,TRUE,TRUE,FALSE,FALSE,0.11.2
candidate,3,24,arrow,float,compact_25,add,typed_double,2,1000000,514,0.166999999999994,0.167999999999997,0.000324902723735398,2f88347ec5cc3067fdbfb0b10eb0196b26f71e822bf5261d3e26bd5cd8863930,2f88347ec5cc3067fdbfb0b10eb0196b26f71e822bf5261d3e26bd5cd8863930,double,79dcf5eee7eb5fc8d9e6e622485364f9c79023214f4836cdfaaddfc24954a13a,972,514,FALSE,FALSE,FALSE,FALSE,0.11.2
candidate,3,24,arrow,float,compact_25,add,ordinary,3,1000000,500,0.135000000000005,0.135999999999998,0.00027000000000001,744238dff0a503a1b62571c237d68f28b9f70ce5dc1d0e28212096a8c637233a,744238dff0a503a1b62571c237d68f28b9f70ce5dc1d0e28212096a8c637233a,,79dcf5eee7eb5fc8d9e6e622485364f9c79023214f4836cdfaaddfc24954a13a,972,0,FALSE,FALSE,FALSE,FALSE,0.11.2
candidate,4,1,dta,byte,compact_01,multiply,typed_double,1,1000000,500,0.164,0.164,0.000328,3b1e77f1eced8b3079415048b0825ca71e1f66b89f48c1dea9a01af725bef1c6,3b1e77f1eced8b3079415048b0825ca71e1f66b89f48c1dea9a01af725bef1c6,double,72aeea58f7f0fd26399f753c004578c586d824e4fe207e6ec9a9f4daf0ce666a,996,500,FALSE,FALSE,FALSE,FALSE,0.11.2
candidate,4,1,dta,byte,compact_01,multiply,compact,2,1000000,511,0.143,0.144,0.000279843444227006,efde135332436de33b6f8bb621bc1d6486681a72a9383122b286a9a18f9a3968,efde135332436de33b6f8bb621bc1d6486681a72a9383122b286a9a18f9a3968,int,72aeea58f7f0fd26399f753c004578c586d824e4fe207e6ec9a9f4daf0ce666a,996,511,TRUE,TRUE,FALSE,FALSE,0.11.2
candidate,4,1,dta,byte,compact_01,multiply,ordinary,3,1000000,511,0.134,0.134,0.000262230919765166,525b2ad9d8a4fe80543008cf27b057b1f2c93bab1e4ebd40bdd7dd3abbe5bdd0,525b2ad9d8a4fe80543008cf27b057b1f2c93bab1e4ebd40bdd7dd3abbe5bdd0,,72aeea58f7f0fd26399f753c004578c586d824e4fe207e6ec9a9f4daf0ce666a,996,0,FALSE,FALSE,FALSE,FALSE,0.11.2
candidate,4,2,dta,byte,compact_01,divide,ordinary,1,1000000,507,0.127,0.128,0.000250493096646943,413eded7e50e6467950b89234611ee0feaa8cb2735bcc214225d27bd7d5e7ea8,413eded7e50e6467950b89234611ee0feaa8cb2735bcc214225d27bd7d5e7ea8,,72aeea58f7f0fd26399f753c004578c586d824e4fe207e6ec9a9f4daf0ce666a,996,0,FALSE,FALSE,FALSE,FALSE,0.11.2
candidate,4,2,dta,byte,compact_01,divide,typed_double,2,1000000,500,0.157,0.157,0.000314,63ef2a87008176681688b92900a8f3b62eba7777501560510d04e19daecbef9f,63ef2a87008176681688b92900a8f3b62eba7777501560510d04e19daecbef9f,double,72aeea58f7f0fd26399f753c004578c586d824e4fe207e6ec9a9f4daf0ce666a,996,500,FALSE,FALSE,FALSE,FALSE,0.11.2
candidate,4,2,dta,byte,compact_01,divide,compact,3,1000000,701,0.15,0.15,0.00021398002853067,ff26b4b50776a968eccece9808e62d6aed31c38a78a7b9408b8f425d13259ec4,ff26b4b50776a968eccece9808e62d6aed31c38a78a7b9408b8f425d13259ec4,float,72aeea58f7f0fd26399f753c004578c586d824e4fe207e6ec9a9f4daf0ce666a,996,701,TRUE,TRUE,FALSE,FALSE,0.11.2
candidate,4,3,dta,byte,compact_01,add,compact,1,1000000,525,0.148,0.148,0.000281904761904762,efde135332436de33b6f8bb621bc1d6486681a72a9383122b286a9a18f9a3968,efde135332436de33b6f8bb621bc1d6486681a72a9383122b286a9a18f9a3968,int,72aeea58f7f0fd26399f753c004578c586d824e4fe207e6ec9a9f4daf0ce666a,996,525,TRUE,TRUE,FALSE,FALSE,0.11.2
candidate,4,3,dta,byte,compact_01,add,ordinary,2,1000000,500,0.133,0.132,0.000266,525b2ad9d8a4fe80543008cf27b057b1f2c93bab1e4ebd40bdd7dd3abbe5bdd0,525b2ad9d8a4fe80543008cf27b057b1f2c93bab1e4ebd40bdd7dd3abbe5bdd0,,72aeea58f7f0fd26399f753c004578c586d824e4fe207e6ec9a9f4daf0ce666a,996,0,FALSE,FALSE,FALSE,FALSE,0.11.2
candidate,4,3,dta,byte,compact_01,add,typed_double,3,1000000,525,0.167999999999999,0.167000000000001,0.000319999999999999,3b1e77f1eced8b3079415048b0825ca71e1f66b89f48c1dea9a01af725bef1c6,3b1e77f1eced8b3079415048b0825ca71e1f66b89f48c1dea9a01af725bef1c6,double,72aeea58f7f0fd26399f753c004578c586d824e4fe207e6ec9a9f4daf0ce666a,996,525,FALSE,FALSE,FALSE,FALSE,0.11.2
candidate,4,4,arrow,byte,compact_01,multiply,typed_double,1,1000000,540,0.165999999999999,0.166,0.000307407407407406,3b1e77f1eced8b3079415048b0825ca71e1f66b89f48c1dea9a01af725bef1c6,3b1e77f1eced8b3079415048b0825ca71e1f66b89f48c1dea9a01af725bef1c6,double,72aeea58f7f0fd26399f753c004578c586d824e4fe207e6ec9a9f4daf0ce666a,996,540,FALSE,FALSE,FALSE,FALSE,0.11.2
candidate,4,4,arrow,byte,compact_01,multiply,compact,2,1000000,521,0.148999999999999,0.149,0.000285988483685219,efde135332436de33b6f8bb621bc1d6486681a72a9383122b286a9a18f9a3968,efde135332436de33b6f8bb621bc1d6486681a72a9383122b286a9a18f9a3968,int,72aeea58f7f0fd26399f753c004578c586d824e4fe207e6ec9a9f4daf0ce666a,996,521,TRUE,TRUE,FALSE,FALSE,0.11.2
candidate,4,4,arrow,byte,compact_01,multiply,ordinary,3,1000000,518,0.127999999999999,0.129,0.000247104247104246,525b2ad9d8a4fe80543008cf27b057b1f2c93bab1e4ebd40bdd7dd3abbe5bdd0,525b2ad9d8a4fe80543008cf27b057b1f2c93bab1e4ebd40bdd7dd3abbe5bdd0,,72aeea58f7f0fd26399f753c004578c586d824e4fe207e6ec9a9f4daf0ce666a,996,0,FALSE,FALSE,FALSE,FALSE,0.11.2
candidate,4,5,arrow,byte,compact_01,divide,ordinary,1,1000000,529,0.133,0.133,0.000251417769376182,413eded7e50e6467950b89234611ee0feaa8cb2735bcc214225d27bd7d5e7ea8,413eded7e50e6467950b89234611ee0feaa8cb2735bcc214225d27bd7d5e7ea8,,72aeea58f7f0fd26399f753c004578c586d824e4fe207e6ec9a9f4daf0ce666a,996,0,FALSE,FALSE,FALSE,FALSE,0.11.2
candidate,4,5,arrow,byte,compact_01,divide,typed_double,2,1000000,500,0.155,0.156,0.00031,63ef2a87008176681688b92900a8f3b62eba7777501560510d04e19daecbef9f,63ef2a87008176681688b92900a8f3b62eba7777501560510d04e19daecbef9f,double,72aeea58f7f0fd26399f753c004578c586d824e4fe207e6ec9a9f4daf0ce666a,996,500,FALSE,FALSE,FALSE,FALSE,0.11.2
candidate,4,5,arrow,byte,compact_01,divide,compact,3,1000000,591,0.145,0.145,0.000245346869712353,ff26b4b50776a968eccece9808e62d6aed31c38a78a7b9408b8f425d13259ec4,ff26b4b50776a968eccece9808e62d6aed31c38a78a7b9408b8f425d13259ec4,float,72aeea58f7f0fd26399f753c004578c586d824e4fe207e6ec9a9f4daf0ce666a,996,591,TRUE,TRUE,FALSE,FALSE,0.11.2
candidate,4,6,arrow,byte,compact_01,add,compact,1,1000000,500,0.162000000000001,0.163000000000001,0.000324000000000002,efde135332436de33b6f8bb621bc1d6486681a72a9383122b286a9a18f9a3968,efde135332436de33b6f8bb621bc1d6486681a72a9383122b286a9a18f9a3968,int,72aeea58f7f0fd26399f753c004578c586d824e4fe207e6ec9a9f4daf0ce666a,996,500,TRUE,TRUE,FALSE,FALSE,0.11.2
candidate,4,6,arrow,byte,compact_01,add,ordinary,2,1000000,500,0.172000000000001,0.173,0.000344000000000001,525b2ad9d8a4fe80543008cf27b057b1f2c93bab1e4ebd40bdd7dd3abbe5bdd0,525b2ad9d8a4fe80543008cf27b057b1f2c93bab1e4ebd40bdd7dd3abbe5bdd0,,72aeea58f7f0fd26399f753c004578c586d824e4fe207e6ec9a9f4daf0ce666a,996,0,FALSE,FALSE,FALSE,FALSE,0.11.2
candidate,4,6,arrow,byte,compact_01,add,typed_double,3,1000000,500,0.183,0.183,0.000366,3b1e77f1eced8b3079415048b0825ca71e1f66b89f48c1dea9a01af725bef1c6,3b1e77f1eced8b3079415048b0825ca71e1f66b89f48c1dea9a01af725bef1c6,double,72aeea58f7f0fd26399f753c004578c586d824e4fe207e6ec9a9f4daf0ce666a,996,500,FALSE,FALSE,FALSE,FALSE,0.11.2
candidate,4,7,dta,int,compact_09,multiply,typed_double,1,1000000,500,0.177999999999999,0.178000000000001,0.000355999999999998,59cb41c73aa369782a91f15618fa56f12c834d3532afcb929640d57d8a6c8414,59cb41c73aa369782a91f15618fa56f12c834d3532afcb929640d57d8a6c8414,double,abc996276c43213a415c58f29e20b709ac8ad9ca2eb3e791be59513a9173f999,988,500,FALSE,FALSE,FALSE,FALSE,0.11.2
candidate,4,7,dta,int,compact_09,multiply,compact,2,1000000,500,0.151000000000002,0.151,0.000302000000000003,41787cc527139c6a0f2eed93236f0e601c5564fdc999310959fd6fdbe73057ba,41787cc527139c6a0f2eed93236f0e601c5564fdc999310959fd6fdbe73057ba,long,abc996276c43213a415c58f29e20b709ac8ad9ca2eb3e791be59513a9173f999,988,500,TRUE,TRUE,FALSE,FALSE,0.11.2
candidate,4,7,dta,int,compact_09,multiply,ordinary,3,1000000,500,0.149000000000001,0.148,0.000298000000000002,729c722632150a0eff97243d1eacc06818e2eb7f01f0bd0222f34a695871dbfd,729c722632150a0eff97243d1eacc06818e2eb7f01f0bd0222f34a695871dbfd,,abc996276c43213a415c58f29e20b709ac8ad9ca2eb3e791be59513a9173f999,988,0,FALSE,FALSE,FALSE,FALSE,0.11.2
candidate,4,8,dta,int,compact_09,divide,ordinary,1,1000000,500,0.148,0.148000000000001,0.000295999999999999,d989d6427f4ee30eace50597aea445ac418915eae5ab5c32afc70989c6af107d,d989d6427f4ee30eace50597aea445ac418915eae5ab5c32afc70989c6af107d,,abc996276c43213a415c58f29e20b709ac8ad9ca2eb3e791be59513a9173f999,988,0,FALSE,FALSE,FALSE,FALSE,0.11.2
candidate,4,8,dta,int,compact_09,divide,typed_double,2,1000000,500,0.157999999999999,0.157,0.000315999999999999,2cd99a0a76c21257b1919528a50f31c193a66a3a66582387951e0a01c7828dd9,2cd99a0a76c21257b1919528a50f31c193a66a3a66582387951e0a01c7828dd9,double,abc996276c43213a415c58f29e20b709ac8ad9ca2eb3e791be59513a9173f999,988,500,FALSE,FALSE,FALSE,FALSE,0.11.2
candidate,4,8,dta,int,compact_09,divide,compact,3,1000000,790,0.164,0.165000000000001,0.00020759493670886,77a958c828805ad22cb3ad69e41c4f04cdf5c80de8b700e483fcc5cca9a4ca19,77a958c828805ad22cb3ad69e41c4f04cdf5c80de8b700e483fcc5cca9a4ca19,float,abc996276c43213a415c58f29e20b709ac8ad9ca2eb3e791be59513a9173f999,988,790,TRUE,TRUE,FALSE,FALSE,0.11.2
candidate,4,9,dta,int,compact_09,add,compact,1,1000000,577,0.151999999999999,0.151999999999999,0.000263431542461004,41787cc527139c6a0f2eed93236f0e601c5564fdc999310959fd6fdbe73057ba,41787cc527139c6a0f2eed93236f0e601c5564fdc999310959fd6fdbe73057ba,long,abc996276c43213a415c58f29e20b709ac8ad9ca2eb3e791be59513a9173f999,988,577,TRUE,TRUE,FALSE,FALSE,0.11.2
candidate,4,9,dta,int,compact_09,add,ordinary,2,1000000,582,0.169,0.168999999999999,0.000290378006872853,729c722632150a0eff97243d1eacc06818e2eb7f01f0bd0222f34a695871dbfd,729c722632150a0eff97243d1eacc06818e2eb7f01f0bd0222f34a695871dbfd,,abc996276c43213a415c58f29e20b709ac8ad9ca2eb3e791be59513a9173f999,988,0,FALSE,FALSE,FALSE,FALSE,0.11.2
candidate,4,9,dta,int,compact_09,add,typed_double,3,1000000,532,0.166,0.166,0.000312030075187971,59cb41c73aa369782a91f15618fa56f12c834d3532afcb929640d57d8a6c8414,59cb41c73aa369782a91f15618fa56f12c834d3532afcb929640d57d8a6c8414,double,abc996276c43213a415c58f29e20b709ac8ad9ca2eb3e791be59513a9173f999,988,532,FALSE,FALSE,FALSE,FALSE,0.11.2
candidate,4,10,arrow,int,compact_09,multiply,typed_double,1,1000000,500,0.141999999999999,0.141999999999999,0.000283999999999999,59cb41c73aa369782a91f15618fa56f12c834d3532afcb929640d57d8a6c8414,59cb41c73aa369782a91f15618fa56f12c834d3532afcb929640d57d8a6c8414,double,abc996276c43213a415c58f29e20b709ac8ad9ca2eb3e791be59513a9173f999,988,500,FALSE,FALSE,FALSE,FALSE,0.11.2
candidate,4,10,arrow,int,compact_09,multiply,compact,2,1000000,500,0.139999999999999,0.139999999999999,0.000279999999999998,41787cc527139c6a0f2eed93236f0e601c5564fdc999310959fd6fdbe73057ba,41787cc527139c6a0f2eed93236f0e601c5564fdc999310959fd6fdbe73057ba,long,abc996276c43213a415c58f29e20b709ac8ad9ca2eb3e791be59513a9173f999,988,500,TRUE,TRUE,FALSE,FALSE,0.11.2
candidate,4,10,arrow,int,compact_09,multiply,ordinary,3,1000000,577,0.167,0.167,0.000289428076256499,729c722632150a0eff97243d1eacc06818e2eb7f01f0bd0222f34a695871dbfd,729c722632150a0eff97243d1eacc06818e2eb7f01f0bd0222f34a695871dbfd,,abc996276c43213a415c58f29e20b709ac8ad9ca2eb3e791be59513a9173f999,988,0,FALSE,FALSE,FALSE,FALSE,0.11.2
candidate,4,11,arrow,int,compact_09,divide,ordinary,1,1000000,507,0.131,0.131,0.000258382642998028,d989d6427f4ee30eace50597aea445ac418915eae5ab5c32afc70989c6af107d,d989d6427f4ee30eace50597aea445ac418915eae5ab5c32afc70989c6af107d,,abc996276c43213a415c58f29e20b709ac8ad9ca2eb3e791be59513a9173f999,988,0,FALSE,FALSE,FALSE,FALSE,0.11.2
candidate,4,11,arrow,int,compact_09,divide,typed_double,2,1000000,500,0.173000000000002,0.172000000000001,0.000346000000000004,2cd99a0a76c21257b1919528a50f31c193a66a3a66582387951e0a01c7828dd9,2cd99a0a76c21257b1919528a50f31c193a66a3a66582387951e0a01c7828dd9,double,abc996276c43213a415c58f29e20b709ac8ad9ca2eb3e791be59513a9173f999,988,500,FALSE,FALSE,FALSE,FALSE,0.11.2
candidate,4,11,arrow,int,compact_09,divide,compact,3,1000000,743,0.149999999999999,0.150999999999999,0.000201884253028262,77a958c828805ad22cb3ad69e41c4f04cdf5c80de8b700e483fcc5cca9a4ca19,77a958c828805ad22cb3ad69e41c4f04cdf5c80de8b700e483fcc5cca9a4ca19,float,abc996276c43213a415c58f29e20b709ac8ad9ca2eb3e791be59513a9173f999,988,743,TRUE,TRUE,FALSE,FALSE,0.11.2
candidate,4,12,arrow,int,compact_09,add,compact,1,1000000,540,0.149000000000001,0.149000000000001,0.000275925925925928,41787cc527139c6a0f2eed93236f0e601c5564fdc999310959fd6fdbe73057ba,41787cc527139c6a0f2eed93236f0e601c5564fdc999310959fd6fdbe73057ba,long,abc996276c43213a415c58f29e20b709ac8ad9ca2eb3e791be59513a9173f999,988,540,TRUE,TRUE,FALSE,FALSE,0.11.2
candidate,4,12,arrow,int,compact_09,add,ordinary,2,1000000,500,0.132999999999999,0.132000000000001,0.000265999999999998,729c722632150a0eff97243d1eacc06818e2eb7f01f0bd0222f34a695871dbfd,729c722632150a0eff97243d1eacc06818e2eb7f01f0bd0222f34a695871dbfd,,abc996276c43213a415c58f29e20b709ac8ad9ca2eb3e791be59513a9173f999,988,0,FALSE,FALSE,FALSE,FALSE,0.11.2
candidate,4,12,arrow,int,compact_09,add,typed_double,3,1000000,500,0.161999999999999,0.160999999999998,0.000323999999999998,59cb41c73aa369782a91f15618fa56f12c834d3532afcb929640d57d8a6c8414,59cb41c73aa369782a91f15618fa56f12c834d3532afcb929640d57d8a6c8414,double,abc996276c43213a415c58f29e20b709ac8ad9ca2eb3e791be59513a9173f999,988,500,FALSE,FALSE,FALSE,FALSE,0.11.2
candidate,4,13,dta,long,compact_17,multiply,typed_double,1,1000000,544,0.167999999999999,0.167999999999999,0.000308823529411763,1df7f843bcd6024fa35aed9422220d4a5997638932b2ec10b5a9fb4031f0d855,1df7f843bcd6024fa35aed9422220d4a5997638932b2ec10b5a9fb4031f0d855,double,cf168eba9a51070da837266bd5a080e4068859b3fd1205758a038898049b2888,980,544,FALSE,FALSE,FALSE,FALSE,0.11.2
candidate,4,13,dta,long,compact_17,multiply,compact,2,1000000,500,0.149999999999999,0.149999999999999,0.000299999999999997,1df7f843bcd6024fa35aed9422220d4a5997638932b2ec10b5a9fb4031f0d855,1df7f843bcd6024fa35aed9422220d4a5997638932b2ec10b5a9fb4031f0d855,double,cf168eba9a51070da837266bd5a080e4068859b3fd1205758a038898049b2888,980,500,TRUE,TRUE,FALSE,FALSE,0.11.2
candidate,4,13,dta,long,compact_17,multiply,ordinary,3,1000000,521,0.151,0.151,0.000289827255278311,671045451e824b2e242f3ad3ee4ce3874def4eb03bc1581bd3d2a7bcbe94c3ab,671045451e824b2e242f3ad3ee4ce3874def4eb03bc1581bd3d2a7bcbe94c3ab,,cf168eba9a51070da837266bd5a080e4068859b3fd1205758a038898049b2888,980,0,FALSE,FALSE,FALSE,FALSE,0.11.2
candidate,4,14,dta,long,compact_17,divide,ordinary,1,1000000,582,0.166999999999998,0.167000000000002,0.00028694158075601,96bea5cf0e66f68ebcf2da25669b0b794a8afa1538ddd32390d185fccfec8440,96bea5cf0e66f68ebcf2da25669b0b794a8afa1538ddd32390d185fccfec8440,,cf168eba9a51070da837266bd5a080e4068859b3fd1205758a038898049b2888,980,0,FALSE,FALSE,FALSE,FALSE,0.11.2
candidate,4,14,dta,long,compact_17,divide,typed_double,2,1000000,500,0.155000000000001,0.156000000000001,0.000310000000000002,7d0ae29663b1e2e4ba192ee6aacc57de486ddae65b8fbc8e07076db990931d00,7d0ae29663b1e2e4ba192ee6aacc57de486ddae65b8fbc8e07076db990931d00,double,cf168eba9a51070da837266bd5a080e4068859b3fd1205758a038898049b2888,980,500,FALSE,FALSE,FALSE,FALSE,0.11.2
candidate,4,14,dta,long,compact_17,divide,compact,3,1000000,500,0.145,0.145,0.000289999999999999,7d0ae29663b1e2e4ba192ee6aacc57de486ddae65b8fbc8e07076db990931d00,7d0ae29663b1e2e4ba192ee6aacc57de486ddae65b8fbc8e07076db990931d00,double,cf168eba9a51070da837266bd5a080e4068859b3fd1205758a038898049b2888,980,500,TRUE,TRUE,FALSE,FALSE,0.11.2
candidate,4,15,dta,long,compact_17,add,compact,1,1000000,500,0.169,0.169,0.000338000000000001,1df7f843bcd6024fa35aed9422220d4a5997638932b2ec10b5a9fb4031f0d855,1df7f843bcd6024fa35aed9422220d4a5997638932b2ec10b5a9fb4031f0d855,double,cf168eba9a51070da837266bd5a080e4068859b3fd1205758a038898049b2888,980,500,TRUE,TRUE,FALSE,FALSE,0.11.2
candidate,4,15,dta,long,compact_17,add,ordinary,2,1000000,564,0.164000000000001,0.163,0.000290780141843974,671045451e824b2e242f3ad3ee4ce3874def4eb03bc1581bd3d2a7bcbe94c3ab,671045451e824b2e242f3ad3ee4ce3874def4eb03bc1581bd3d2a7bcbe94c3ab,,cf168eba9a51070da837266bd5a080e4068859b3fd1205758a038898049b2888,980,0,FALSE,FALSE,FALSE,FALSE,0.11.2
candidate,4,15,dta,long,compact_17,add,typed_double,3,1000000,536,0.170999999999999,0.170999999999999,0.000319029850746268,1df7f843bcd6024fa35aed9422220d4a5997638932b2ec10b5a9fb4031f0d855,1df7f843bcd6024fa35aed9422220d4a5997638932b2ec10b5a9fb4031f0d855,double,cf168eba9a51070da837266bd5a080e4068859b3fd1205758a038898049b2888,980,536,FALSE,FALSE,FALSE,FALSE,0.11.2
candidate,4,16,arrow,long,compact_17,multiply,typed_double,1,1000000,500,0.137,0.137,0.000274000000000001,1df7f843bcd6024fa35aed9422220d4a5997638932b2ec10b5a9fb4031f0d855,1df7f843bcd6024fa35aed9422220d4a5997638932b2ec10b5a9fb4031f0d855,double,cf168eba9a51070da837266bd5a080e4068859b3fd1205758a038898049b2888,980,500,FALSE,FALSE,FALSE,FALSE,0.11.2
candidate,4,16,arrow,long,compact_17,multiply,compact,2,1000000,500,0.156000000000002,0.155000000000001,0.000312000000000005,1df7f843bcd6024fa35aed9422220d4a5997638932b2ec10b5a9fb4031f0d855,1df7f843bcd6024fa35aed9422220d4a5997638932b2ec10b5a9fb4031f0d855,double,cf168eba9a51070da837266bd5a080e4068859b3fd1205758a038898049b2888,980,500,TRUE,TRUE,FALSE,FALSE,0.11.2
candidate,4,16,arrow,long,compact_17,multiply,ordinary,3,1000000,525,0.132999999999999,0.133999999999999,0.000253333333333332,671045451e824b2e242f3ad3ee4ce3874def4eb03bc1581bd3d2a7bcbe94c3ab,671045451e824b2e242f3ad3ee4ce3874def4eb03bc1581bd3d2a7bcbe94c3ab,,cf168eba9a51070da837266bd5a080e4068859b3fd1205758a038898049b2888,980,0,FALSE,FALSE,FALSE,FALSE,0.11.2
candidate,4,17,arrow,long,compact_17,divide,ordinary,1,1000000,525,0.134999999999998,0.134999999999998,0.000257142857142853,96bea5cf0e66f68ebcf2da25669b0b794a8afa1538ddd32390d185fccfec8440,96bea5cf0e66f68ebcf2da25669b0b794a8afa1538ddd32390d185fccfec8440,,cf168eba9a51070da837266bd5a080e4068859b3fd1205758a038898049b2888,980,0,FALSE,FALSE,FALSE,FALSE,0.11.2
candidate,4,17,arrow,long,compact_17,divide,typed_double,2,1000000,500,0.154999999999998,0.154999999999998,0.000309999999999995,7d0ae29663b1e2e4ba192ee6aacc57de486ddae65b8fbc8e07076db990931d00,7d0ae29663b1e2e4ba192ee6aacc57de486ddae65b8fbc8e07076db990931d00,double,cf168eba9a51070da837266bd5a080e4068859b3fd1205758a038898049b2888,980,500,FALSE,FALSE,FALSE,FALSE,0.11.2
candidate,4,17,arrow,long,compact_17,divide,compact,3,1000000,500,0.151,0.151,0.000302,7d0ae29663b1e2e4ba192ee6aacc57de486ddae65b8fbc8e07076db990931d00,7d0ae29663b1e2e4ba192ee6aacc57de486ddae65b8fbc8e07076db990931d00,double,cf168eba9a51070da837266bd5a080e4068859b3fd1205758a038898049b2888,980,500,TRUE,TRUE,FALSE,FALSE,0.11.2
candidate,4,18,arrow,long,compact_17,add,compact,1,1000000,500,0.172000000000001,0.172000000000001,0.000344000000000001,1df7f843bcd6024fa35aed9422220d4a5997638932b2ec10b5a9fb4031f0d855,1df7f843bcd6024fa35aed9422220d4a5997638932b2ec10b5a9fb4031f0d855,double,cf168eba9a51070da837266bd5a080e4068859b3fd1205758a038898049b2888,980,500,TRUE,TRUE,FALSE,FALSE,0.11.2
candidate,4,18,arrow,long,compact_17,add,ordinary,2,1000000,569,0.164000000000001,0.165000000000001,0.000288224956063271,671045451e824b2e242f3ad3ee4ce3874def4eb03bc1581bd3d2a7bcbe94c3ab,671045451e824b2e242f3ad3ee4ce3874def4eb03bc1581bd3d2a7bcbe94c3ab,,cf168eba9a51070da837266bd5a080e4068859b3fd1205758a038898049b2888,980,0,FALSE,FALSE,FALSE,FALSE,0.11.2
candidate,4,18,arrow,long,compact_17,add,typed_double,3,1000000,540,0.174,0.172999999999998,0.000322222222222221,1df7f843bcd6024fa35aed9422220d4a5997638932b2ec10b5a9fb4031f0d855,1df7f843bcd6024fa35aed9422220d4a5997638932b2ec10b5a9fb4031f0d855,double,cf168eba9a51070da837266bd5a080e4068859b3fd1205758a038898049b2888,980,540,FALSE,FALSE,FALSE,FALSE,0.11.2
candidate,4,19,dta,float,compact_25,multiply,typed_double,1,1000000,540,0.163999999999998,0.164000000000001,0.0003037037037037,2f88347ec5cc3067fdbfb0b10eb0196b26f71e822bf5261d3e26bd5cd8863930,2f88347ec5cc3067fdbfb0b10eb0196b26f71e822bf5261d3e26bd5cd8863930,double,79dcf5eee7eb5fc8d9e6e622485364f9c79023214f4836cdfaaddfc24954a13a,972,540,FALSE,FALSE,FALSE,FALSE,0.11.2
candidate,4,19,dta,float,compact_25,multiply,compact,2,1000000,500,0.166,0.166999999999998,0.000332000000000001,85b946da983a156bef0be0f20e4902d4abbb997e5e4ec9ef440464482cdc234f,85b946da983a156bef0be0f20e4902d4abbb997e5e4ec9ef440464482cdc234f,float,79dcf5eee7eb5fc8d9e6e622485364f9c79023214f4836cdfaaddfc24954a13a,972,500,TRUE,TRUE,FALSE,FALSE,0.11.2
candidate,4,19,dta,float,compact_25,multiply,ordinary,3,1000000,521,0.131,0.130000000000003,0.000251439539347409,744238dff0a503a1b62571c237d68f28b9f70ce5dc1d0e28212096a8c637233a,744238dff0a503a1b62571c237d68f28b9f70ce5dc1d0e28212096a8c637233a,,79dcf5eee7eb5fc8d9e6e622485364f9c79023214f4836cdfaaddfc24954a13a,972,0,FALSE,FALSE,FALSE,FALSE,0.11.2
candidate,4,20,dta,float,compact_25,divide,ordinary,1,1000000,500,0.125999999999998,0.126000000000001,0.000251999999999995,1eb55135fe633cd295bc5be0af351ad8891627f20f18915449a5f28318da98d4,1eb55135fe633cd295bc5be0af351ad8891627f20f18915449a5f28318da98d4,,79dcf5eee7eb5fc8d9e6e622485364f9c79023214f4836cdfaaddfc24954a13a,972,0,FALSE,FALSE,FALSE,FALSE,0.11.2
candidate,4,20,dta,float,compact_25,divide,typed_double,2,1000000,500,0.151,0.151,0.000302,d4052c054b297af2ee5c03f0c39b43e78c09ece7480d086008efaa871364bc14,d4052c054b297af2ee5c03f0c39b43e78c09ece7480d086008efaa871364bc14,double,79dcf5eee7eb5fc8d9e6e622485364f9c79023214f4836cdfaaddfc24954a13a,972,500,FALSE,FALSE,FALSE,FALSE,0.11.2
candidate,4,20,dta,float,compact_25,divide,compact,3,1000000,500,0.148999999999997,0.149000000000001,0.000297999999999995,5c4eb5428888561380c8c1faad62395ae26006680cabcf7fb5e6fe9cb57c3966,5c4eb5428888561380c8c1faad62395ae26006680cabcf7fb5e6fe9cb57c3966,float,79dcf5eee7eb5fc8d9e6e622485364f9c79023214f4836cdfaaddfc24954a13a,972,500,TRUE,TRUE,FALSE,FALSE,0.11.2
candidate,4,21,dta,float,compact_25,add,compact,1,1000000,500,0.175999999999998,0.176000000000003,0.000351999999999997,85b946da983a156bef0be0f20e4902d4abbb997e5e4ec9ef440464482cdc234f,85b946da983a156bef0be0f20e4902d4abbb997e5e4ec9ef440464482cdc234f,float,79dcf5eee7eb5fc8d9e6e622485364f9c79023214f4836cdfaaddfc24954a13a,972,500,TRUE,TRUE,FALSE,FALSE,0.11.2
candidate,4,21,dta,float,compact_25,add,ordinary,2,1000000,552,0.160999999999998,0.161,0.000291666666666663,744238dff0a503a1b62571c237d68f28b9f70ce5dc1d0e28212096a8c637233a,744238dff0a503a1b62571c237d68f28b9f70ce5dc1d0e28212096a8c637233a,,79dcf5eee7eb5fc8d9e6e622485364f9c79023214f4836cdfaaddfc24954a13a,972,0,FALSE,FALSE,FALSE,FALSE,0.11.2
candidate,4,21,dta,float,compact_25,add,typed_double,3,1000000,540,0.170999999999999,0.170999999999999,0.000316666666666666,2f88347ec5cc3067fdbfb0b10eb0196b26f71e822bf5261d3e26bd5cd8863930,2f88347ec5cc3067fdbfb0b10eb0196b26f71e822bf5261d3e26bd5cd8863930,double,79dcf5eee7eb5fc8d9e6e622485364f9c79023214f4836cdfaaddfc24954a13a,972,540,FALSE,FALSE,FALSE,FALSE,0.11.2
candidate,4,22,arrow,float,compact_25,multiply,typed_double,1,1000000,552,0.172000000000001,0.171000000000003,0.000311594202898552,2f88347ec5cc3067fdbfb0b10eb0196b26f71e822bf5261d3e26bd5cd8863930,2f88347ec5cc3067fdbfb0b10eb0196b26f71e822bf5261d3e26bd5cd8863930,double,79dcf5eee7eb5fc8d9e6e622485364f9c79023214f4836cdfaaddfc24954a13a,972,552,FALSE,FALSE,FALSE,FALSE,0.11.2
candidate,4,22,arrow,float,compact_25,multiply,compact,2,1000000,500,0.170999999999999,0.170999999999999,0.000341999999999999,85b946da983a156bef0be0f20e4902d4abbb997e5e4ec9ef440464482cdc234f,85b946da983a156bef0be0f20e4902d4abbb997e5e4ec9ef440464482cdc234f,float,79dcf5eee7eb5fc8d9e6e622485364f9c79023214f4836cdfaaddfc24954a13a,972,500,TRUE,TRUE,FALSE,FALSE,0.11.2
candidate,4,22,arrow,float,compact_25,multiply,ordinary,3,1000000,525,0.134,0.133000000000003,0.000255238095238096,744238dff0a503a1b62571c237d68f28b9f70ce5dc1d0e28212096a8c637233a,744238dff0a503a1b62571c237d68f28b9f70ce5dc1d0e28212096a8c637233a,,79dcf5eee7eb5fc8d9e6e622485364f9c79023214f4836cdfaaddfc24954a13a,972,0,FALSE,FALSE,FALSE,FALSE,0.11.2
candidate,4,23,arrow,float,compact_25,divide,ordinary,1,1000000,532,0.135999999999996,0.135000000000005,0.000255639097744353,1eb55135fe633cd295bc5be0af351ad8891627f20f18915449a5f28318da98d4,1eb55135fe633cd295bc5be0af351ad8891627f20f18915449a5f28318da98d4,,79dcf5eee7eb5fc8d9e6e622485364f9c79023214f4836cdfaaddfc24954a13a,972,0,FALSE,FALSE,FALSE,FALSE,0.11.2
candidate,4,23,arrow,float,compact_25,divide,typed_double,2,1000000,500,0.151999999999994,0.152999999999999,0.000303999999999988,d4052c054b297af2ee5c03f0c39b43e78c09ece7480d086008efaa871364bc14,d4052c054b297af2ee5c03f0c39b43e78c09ece7480d086008efaa871364bc14,double,79dcf5eee7eb5fc8d9e6e622485364f9c79023214f4836cdfaaddfc24954a13a,972,500,FALSE,FALSE,FALSE,FALSE,0.11.2
candidate,4,23,arrow,float,compact_25,divide,compact,3,1000000,501,0.153999999999996,0.153999999999996,0.000307385229540911,5c4eb5428888561380c8c1faad62395ae26006680cabcf7fb5e6fe9cb57c3966,5c4eb5428888561380c8c1faad62395ae26006680cabcf7fb5e6fe9cb57c3966,float,79dcf5eee7eb5fc8d9e6e622485364f9c79023214f4836cdfaaddfc24954a13a,972,501,TRUE,TRUE,FALSE,FALSE,0.11.2
candidate,4,24,arrow,float,compact_25,add,compact,1,1000000,500,0.171999999999997,0.171999999999997,0.000343999999999994,85b946da983a156bef0be0f20e4902d4abbb997e5e4ec9ef440464482cdc234f,85b946da983a156bef0be0f20e4902d4abbb997e5e4ec9ef440464482cdc234f,float,79dcf5eee7eb5fc8d9e6e622485364f9c79023214f4836cdfaaddfc24954a13a,972,500,TRUE,TRUE,FALSE,FALSE,0.11.2
candidate,4,24,arrow,float,compact_25,add,ordinary,2,1000000,501,0.136000000000003,0.136000000000003,0.000271457085828349,744238dff0a503a1b62571c237d68f28b9f70ce5dc1d0e28212096a8c637233a,744238dff0a503a1b62571c237d68f28b9f70ce5dc1d0e28212096a8c637233a,,79dcf5eee7eb5fc8d9e6e622485364f9c79023214f4836cdfaaddfc24954a13a,972,0,FALSE,FALSE,FALSE,FALSE,0.11.2
candidate,4,24,arrow,float,compact_25,add,typed_double,3,1000000,532,0.167000000000002,0.167000000000002,0.000313909774436093,2f88347ec5cc3067fdbfb0b10eb0196b26f71e822bf5261d3e26bd5cd8863930,2f88347ec5cc3067fdbfb0b10eb0196b26f71e822bf5261d3e26bd5cd8863930,double,79dcf5eee7eb5fc8d9e6e622485364f9c79023214f4836cdfaaddfc24954a13a,972,532,FALSE,FALSE,FALSE,FALSE,0.11.2
baseline,4,1,dta,byte,compact_01,multiply,typed_double,1,1000000,500,0.161,0.161,0.000322,3b1e77f1eced8b3079415048b0825ca71e1f66b89f48c1dea9a01af725bef1c6,3b1e77f1eced8b3079415048b0825ca71e1f66b89f48c1dea9a01af725bef1c6,double,72aeea58f7f0fd26399f753c004578c586d824e4fe207e6ec9a9f4daf0ce666a,996,500,FALSE,FALSE,FALSE,FALSE,0.11.2
baseline,4,1,dta,byte,compact_01,multiply,compact,2,1000000,79,0.144,0.145,0.00182278481012658,efde135332436de33b6f8bb621bc1d6486681a72a9383122b286a9a18f9a3968,efde135332436de33b6f8bb621bc1d6486681a72a9383122b286a9a18f9a3968,int,72aeea58f7f0fd26399f753c004578c586d824e4fe207e6ec9a9f4daf0ce666a,996,79,TRUE,TRUE,FALSE,FALSE,0.11.2
baseline,4,1,dta,byte,compact_01,multiply,ordinary,3,1000000,518,0.133,0.132,0.000256756756756757,525b2ad9d8a4fe80543008cf27b057b1f2c93bab1e4ebd40bdd7dd3abbe5bdd0,525b2ad9d8a4fe80543008cf27b057b1f2c93bab1e4ebd40bdd7dd3abbe5bdd0,,72aeea58f7f0fd26399f753c004578c586d824e4fe207e6ec9a9f4daf0ce666a,996,0,FALSE,FALSE,FALSE,FALSE,0.11.2
baseline,4,2,dta,byte,compact_01,divide,ordinary,1,1000000,521,0.137,0.137,0.000262955854126679,413eded7e50e6467950b89234611ee0feaa8cb2735bcc214225d27bd7d5e7ea8,413eded7e50e6467950b89234611ee0feaa8cb2735bcc214225d27bd7d5e7ea8,,72aeea58f7f0fd26399f753c004578c586d824e4fe207e6ec9a9f4daf0ce666a,996,0,FALSE,FALSE,FALSE,FALSE,0.11.2
baseline,4,2,dta,byte,compact_01,divide,typed_double,2,1000000,500,0.172,0.173,0.000343999999999999,63ef2a87008176681688b92900a8f3b62eba7777501560510d04e19daecbef9f,63ef2a87008176681688b92900a8f3b62eba7777501560510d04e19daecbef9f,double,72aeea58f7f0fd26399f753c004578c586d824e4fe207e6ec9a9f4daf0ce666a,996,500,FALSE,FALSE,FALSE,FALSE,0.11.2
baseline,4,2,dta,byte,compact_01,divide,compact,3,1000000,81,0.169,0.169,0.00208641975308642,ff26b4b50776a968eccece9808e62d6aed31c38a78a7b9408b8f425d13259ec4,ff26b4b50776a968eccece9808e62d6aed31c38a78a7b9408b8f425d13259ec4,float,72aeea58f7f0fd26399f753c004578c586d824e4fe207e6ec9a9f4daf0ce666a,996,81,TRUE,TRUE,FALSE,FALSE,0.11.2
baseline,4,3,dta,byte,compact_01,add,compact,1,1000000,71,0.163,0.164,0.00229577464788732,efde135332436de33b6f8bb621bc1d6486681a72a9383122b286a9a18f9a3968,efde135332436de33b6f8bb621bc1d6486681a72a9383122b286a9a18f9a3968,int,72aeea58f7f0fd26399f753c004578c586d824e4fe207e6ec9a9f4daf0ce666a,996,71,TRUE,TRUE,FALSE,FALSE,0.11.2
baseline,4,3,dta,byte,compact_01,add,ordinary,2,1000000,582,0.175,0.175,0.000300687285223367,525b2ad9d8a4fe80543008cf27b057b1f2c93bab1e4ebd40bdd7dd3abbe5bdd0,525b2ad9d8a4fe80543008cf27b057b1f2c93bab1e4ebd40bdd7dd3abbe5bdd0,,72aeea58f7f0fd26399f753c004578c586d824e4fe207e6ec9a9f4daf0ce666a,996,0,FALSE,FALSE,FALSE,FALSE,0.11.2
baseline,4,3,dta,byte,compact_01,add,typed_double,3,1000000,521,0.167000000000001,0.167,0.000320537428023034,3b1e77f1eced8b3079415048b0825ca71e1f66b89f48c1dea9a01af725bef1c6,3b1e77f1eced8b3079415048b0825ca71e1f66b89f48c1dea9a01af725bef1c6,double,72aeea58f7f0fd26399f753c004578c586d824e4fe207e6ec9a9f4daf0ce666a,996,521,FALSE,FALSE,FALSE,FALSE,0.11.2
baseline,4,4,arrow,byte,compact_01,multiply,typed_double,1,1000000,500,0.144,0.143999999999999,0.000288,3b1e77f1eced8b3079415048b0825ca71e1f66b89f48c1dea9a01af725bef1c6,3b1e77f1eced8b3079415048b0825ca71e1f66b89f48c1dea9a01af725bef1c6,double,72aeea58f7f0fd26399f753c004578c586d824e4fe207e6ec9a9f4daf0ce666a,996,500,FALSE,FALSE,FALSE,FALSE,0.11.2
baseline,4,4,arrow,byte,compact_01,multiply,compact,2,1000000,84,0.153,0.153,0.00182142857142858,efde135332436de33b6f8bb621bc1d6486681a72a9383122b286a9a18f9a3968,efde135332436de33b6f8bb621bc1d6486681a72a9383122b286a9a18f9a3968,int,72aeea58f7f0fd26399f753c004578c586d824e4fe207e6ec9a9f4daf0ce666a,996,84,TRUE,TRUE,FALSE,FALSE,0.11.2
baseline,4,4,arrow,byte,compact_01,multiply,ordinary,3,1000000,511,0.132,0.132,0.000258317025440312,525b2ad9d8a4fe80543008cf27b057b1f2c93bab1e4ebd40bdd7dd3abbe5bdd0,525b2ad9d8a4fe80543008cf27b057b1f2c93bab1e4ebd40bdd7dd3abbe5bdd0,,72aeea58f7f0fd26399f753c004578c586d824e4fe207e6ec9a9f4daf0ce666a,996,0,FALSE,FALSE,FALSE,FALSE,0.11.2
baseline,4,5,arrow,byte,compact_01,divide,ordinary,1,1000000,514,0.15,0.15,0.00029182879377432,413eded7e50e6467950b89234611ee0feaa8cb2735bcc214225d27bd7d5e7ea8,413eded7e50e6467950b89234611ee0feaa8cb2735bcc214225d27bd7d5e7ea8,,72aeea58f7f0fd26399f753c004578c586d824e4fe207e6ec9a9f4daf0ce666a,996,0,FALSE,FALSE,FALSE,FALSE,0.11.2
baseline,4,5,arrow,byte,compact_01,divide,typed_double,2,1000000,500,0.177,0.177,0.000353999999999999,63ef2a87008176681688b92900a8f3b62eba7777501560510d04e19daecbef9f,63ef2a87008176681688b92900a8f3b62eba7777501560510d04e19daecbef9f,double,72aeea58f7f0fd26399f753c004578c586d824e4fe207e6ec9a9f4daf0ce666a,996,500,FALSE,FALSE,FALSE,FALSE,0.11.2
baseline,4,5,arrow,byte,compact_01,divide,compact,3,1000000,80,0.165,0.166,0.0020625,ff26b4b50776a968eccece9808e62d6aed31c38a78a7b9408b8f425d13259ec4,ff26b4b50776a968eccece9808e62d6aed31c38a78a7b9408b8f425d13259ec4,float,72aeea58f7f0fd26399f753c004578c586d824e4fe207e6ec9a9f4daf0ce666a,996,80,TRUE,TRUE,FALSE,FALSE,0.11.2
baseline,4,6,arrow,byte,compact_01,add,compact,1,1000000,75,0.155,0.155,0.00206666666666667,efde135332436de33b6f8bb621bc1d6486681a72a9383122b286a9a18f9a3968,efde135332436de33b6f8bb621bc1d6486681a72a9383122b286a9a18f9a3968,int,72aeea58f7f0fd26399f753c004578c586d824e4fe207e6ec9a9f4daf0ce666a,996,75,TRUE,TRUE,FALSE,FALSE,0.11.2
baseline,4,6,arrow,byte,compact_01,add,ordinary,2,1000000,518,0.140000000000001,0.139000000000001,0.000270270270270271,525b2ad9d8a4fe80543008cf27b057b1f2c93bab1e4ebd40bdd7dd3abbe5bdd0,525b2ad9d8a4fe80543008cf27b057b1f2c93bab1e4ebd40bdd7dd3abbe5bdd0,,72aeea58f7f0fd26399f753c004578c586d824e4fe207e6ec9a9f4daf0ce666a,996,0,FALSE,FALSE,FALSE,FALSE,0.11.2
baseline,4,6,arrow,byte,compact_01,add,typed_double,3,1000000,521,0.148,0.149,0.000284069097888675,3b1e77f1eced8b3079415048b0825ca71e1f66b89f48c1dea9a01af725bef1c6,3b1e77f1eced8b3079415048b0825ca71e1f66b89f48c1dea9a01af725bef1c6,double,72aeea58f7f0fd26399f753c004578c586d824e4fe207e6ec9a9f4daf0ce666a,996,521,FALSE,FALSE,FALSE,FALSE,0.11.2
baseline,4,7,dta,int,compact_09,multiply,typed_double,1,1000000,536,0.149999999999999,0.15,0.000279850746268654,59cb41c73aa369782a91f15618fa56f12c834d3532afcb929640d57d8a6c8414,59cb41c73aa369782a91f15618fa56f12c834d3532afcb929640d57d8a6c8414,double,abc996276c43213a415c58f29e20b709ac8ad9ca2eb3e791be59513a9173f999,988,536,FALSE,FALSE,FALSE,FALSE,0.11.2
baseline,4,7,dta,int,compact_09,multiply,compact,2,1000000,89,0.151999999999999,0.152000000000001,0.00170786516853932,41787cc527139c6a0f2eed93236f0e601c5564fdc999310959fd6fdbe73057ba,41787cc527139c6a0f2eed93236f0e601c5564fdc999310959fd6fdbe73057ba,long,abc996276c43213a415c58f29e20b709ac8ad9ca2eb3e791be59513a9173f999,988,89,TRUE,TRUE,FALSE,FALSE,0.11.2
baseline,4,7,dta,int,compact_09,multiply,ordinary,3,1000000,518,0.132000000000001,0.132000000000001,0.000254826254826258,729c722632150a0eff97243d1eacc06818e2eb7f01f0bd0222f34a695871dbfd,729c722632150a0eff97243d1eacc06818e2eb7f01f0bd0222f34a695871dbfd,,abc996276c43213a415c58f29e20b709ac8ad9ca2eb3e791be59513a9173f999,988,0,FALSE,FALSE,FALSE,FALSE,0.11.2
baseline,4,8,dta,int,compact_09,divide,ordinary,1,1000000,521,0.129999999999999,0.130999999999998,0.000249520153550862,d989d6427f4ee30eace50597aea445ac418915eae5ab5c32afc70989c6af107d,d989d6427f4ee30eace50597aea445ac418915eae5ab5c32afc70989c6af107d,,abc996276c43213a415c58f29e20b709ac8ad9ca2eb3e791be59513a9173f999,988,0,FALSE,FALSE,FALSE,FALSE,0.11.2
baseline,4,8,dta,int,compact_09,divide,typed_double,2,1000000,500,0.157,0.158,0.000314,2cd99a0a76c21257b1919528a50f31c193a66a3a66582387951e0a01c7828dd9,2cd99a0a76c21257b1919528a50f31c193a66a3a66582387951e0a01c7828dd9,double,abc996276c43213a415c58f29e20b709ac8ad9ca2eb3e791be59513a9173f999,988,500,FALSE,FALSE,FALSE,FALSE,0.11.2
baseline,4,8,dta,int,compact_09,divide,compact,3,1000000,87,0.169,0.168999999999999,0.00194252873563219,77a958c828805ad22cb3ad69e41c4f04cdf5c80de8b700e483fcc5cca9a4ca19,77a958c828805ad22cb3ad69e41c4f04cdf5c80de8b700e483fcc5cca9a4ca19,float,abc996276c43213a415c58f29e20b709ac8ad9ca2eb3e791be59513a9173f999,988,87,TRUE,TRUE,FALSE,FALSE,0.11.2
baseline,4,9,dta,int,compact_09,add,compact,1,1000000,73,0.157,0.157,0.00215068493150685,41787cc527139c6a0f2eed93236f0e601c5564fdc999310959fd6fdbe73057ba,41787cc527139c6a0f2eed93236f0e601c5564fdc999310959fd6fdbe73057ba,long,abc996276c43213a415c58f29e20b709ac8ad9ca2eb3e791be59513a9173f999,988,73,TRUE,TRUE,FALSE,FALSE,0.11.2
baseline,4,9,dta,int,compact_09,add,ordinary,2,1000000,507,0.131,0.129999999999999,0.000258382642998028,729c722632150a0eff97243d1eacc06818e2eb7f01f0bd0222f34a695871dbfd,729c722632150a0eff97243d1eacc06818e2eb7f01f0bd0222f34a695871dbfd,,abc996276c43213a415c58f29e20b709ac8ad9ca2eb3e791be59513a9173f999,988,0,FALSE,FALSE,FALSE,FALSE,0.11.2
baseline,4,9,dta,int,compact_09,add,typed_double,3,1000000,500,0.137,0.135999999999999,0.000274000000000001,59cb41c73aa369782a91f15618fa56f12c834d3532afcb929640d57d8a6c8414,59cb41c73aa369782a91f15618fa56f12c834d3532afcb929640d57d8a6c8414,double,abc996276c43213a415c58f29e20b709ac8ad9ca2eb3e791be59513a9173f999,988,500,FALSE,FALSE,FALSE,FALSE,0.11.2
baseline,4,10,arrow,int,compact_09,multiply,typed_double,1,1000000,500,0.161999999999999,0.163,0.000323999999999998,59cb41c73aa369782a91f15618fa56f12c834d3532afcb929640d57d8a6c8414,59cb41c73aa369782a91f15618fa56f12c834d3532afcb929640d57d8a6c8414,double,abc996276c43213a415c58f29e20b709ac8ad9ca2eb3e791be59513a9173f999,988,500,FALSE,FALSE,FALSE,FALSE,0.11.2
baseline,4,10,arrow,int,compact_09,multiply,compact,2,1000000,73,0.159000000000001,0.157999999999999,0.00217808219178083,41787cc527139c6a0f2eed93236f0e601c5564fdc999310959fd6fdbe73057ba,41787cc527139c6a0f2eed93236f0e601c5564fdc999310959fd6fdbe73057ba,long,abc996276c43213a415c58f29e20b709ac8ad9ca2eb3e791be59513a9173f999,988,73,TRUE,TRUE,FALSE,FALSE,0.11.2
baseline,4,10,arrow,int,compact_09,multiply,ordinary,3,1000000,518,0.131,0.130000000000001,0.000252895752895753,729c722632150a0eff97243d1eacc06818e2eb7f01f0bd0222f34a695871dbfd,729c722632150a0eff97243d1eacc06818e2eb7f01f0bd0222f34a695871dbfd,,abc996276c43213a415c58f29e20b709ac8ad9ca2eb3e791be59513a9173f999,988,0,FALSE,FALSE,FALSE,FALSE,0.11.2
baseline,4,11,arrow,int,compact_09,divide,ordinary,1,1000000,507,0.129999999999999,0.129999999999999,0.000256410256410254,d989d6427f4ee30eace50597aea445ac418915eae5ab5c32afc70989c6af107d,d989d6427f4ee30eace50597aea445ac418915eae5ab5c32afc70989c6af107d,,abc996276c43213a415c58f29e20b709ac8ad9ca2eb3e791be59513a9173f999,988,0,FALSE,FALSE,FALSE,FALSE,0.11.2
baseline,4,11,arrow,int,compact_09,divide,typed_double,2,1000000,500,0.154,0.154,0.000308,2cd99a0a76c21257b1919528a50f31c193a66a3a66582387951e0a01c7828dd9,2cd99a0a76c21257b1919528a50f31c193a66a3a66582387951e0a01c7828dd9,double,abc996276c43213a415c58f29e20b709ac8ad9ca2eb3e791be59513a9173f999,988,500,FALSE,FALSE,FALSE,FALSE,0.11.2
baseline,4,11,arrow,int,compact_09,divide,compact,3,1000000,87,0.168000000000001,0.168000000000001,0.00193103448275863,77a958c828805ad22cb3ad69e41c4f04cdf5c80de8b700e483fcc5cca9a4ca19,77a958c828805ad22cb3ad69e41c4f04cdf5c80de8b700e483fcc5cca9a4ca19,float,abc996276c43213a415c58f29e20b709ac8ad9ca2eb3e791be59513a9173f999,988,87,TRUE,TRUE,FALSE,FALSE,0.11.2
baseline,4,12,arrow,int,compact_09,add,compact,1,1000000,76,0.166,0.166,0.00218421052631579,41787cc527139c6a0f2eed93236f0e601c5564fdc999310959fd6fdbe73057ba,41787cc527139c6a0f2eed93236f0e601c5564fdc999310959fd6fdbe73057ba,long,abc996276c43213a415c58f29e20b709ac8ad9ca2eb3e791be59513a9173f999,988,76,TRUE,TRUE,FALSE,FALSE,0.11.2
baseline,4,12,arrow,int,compact_09,add,ordinary,2,1000000,500,0.132000000000001,0.131999999999998,0.000264000000000003,729c722632150a0eff97243d1eacc06818e2eb7f01f0bd0222f34a695871dbfd,729c722632150a0eff97243d1eacc06818e2eb7f01f0bd0222f34a695871dbfd,,abc996276c43213a415c58f29e20b709ac8ad9ca2eb3e791be59513a9173f999,988,0,FALSE,FALSE,FALSE,FALSE,0.11.2
baseline,4,12,arrow,int,compact_09,add,typed_double,3,1000000,500,0.157,0.158,0.000314,59cb41c73aa369782a91f15618fa56f12c834d3532afcb929640d57d8a6c8414,59cb41c73aa369782a91f15618fa56f12c834d3532afcb929640d57d8a6c8414,double,abc996276c43213a415c58f29e20b709ac8ad9ca2eb3e791be59513a9173f999,988,500,FALSE,FALSE,FALSE,FALSE,0.11.2
baseline,4,13,dta,long,compact_17,multiply,typed_double,1,1000000,500,0.146999999999998,0.147000000000002,0.000293999999999997,1df7f843bcd6024fa35aed9422220d4a5997638932b2ec10b5a9fb4031f0d855,1df7f843bcd6024fa35aed9422220d4a5997638932b2ec10b5a9fb4031f0d855,double,cf168eba9a51070da837266bd5a080e4068859b3fd1205758a038898049b2888,980,500,FALSE,FALSE,FALSE,FALSE,0.11.2
baseline,4,13,dta,long,compact_17,multiply,compact,2,1000000,97,0.167999999999999,0.167000000000002,0.00173195876288659,1df7f843bcd6024fa35aed9422220d4a5997638932b2ec10b5a9fb4031f0d855,1df7f843bcd6024fa35aed9422220d4a5997638932b2ec10b5a9fb4031f0d855,double,cf168eba9a51070da837266bd5a080e4068859b3fd1205758a038898049b2888,980,97,TRUE,TRUE,FALSE,FALSE,0.11.2
baseline,4,13,dta,long,compact_17,multiply,ordinary,3,1000000,582,0.149999999999999,0.149999999999999,0.000257731958762884,671045451e824b2e242f3ad3ee4ce3874def4eb03bc1581bd3d2a7bcbe94c3ab,671045451e824b2e242f3ad3ee4ce3874def4eb03bc1581bd3d2a7bcbe94c3ab,,cf168eba9a51070da837266bd5a080e4068859b3fd1205758a038898049b2888,980,0,FALSE,FALSE,FALSE,FALSE,0.11.2
baseline,4,14,dta,long,compact_17,divide,ordinary,1,1000000,501,0.129000000000001,0.130000000000003,0.000257485029940122,96bea5cf0e66f68ebcf2da25669b0b794a8afa1538ddd32390d185fccfec8440,96bea5cf0e66f68ebcf2da25669b0b794a8afa1538ddd32390d185fccfec8440,,cf168eba9a51070da837266bd5a080e4068859b3fd1205758a038898049b2888,980,0,FALSE,FALSE,FALSE,FALSE,0.11.2
baseline,4,14,dta,long,compact_17,divide,typed_double,2,1000000,500,0.190999999999999,0.192000000000003,0.000381999999999998,7d0ae29663b1e2e4ba192ee6aacc57de486ddae65b8fbc8e07076db990931d00,7d0ae29663b1e2e4ba192ee6aacc57de486ddae65b8fbc8e07076db990931d00,double,cf168eba9a51070da837266bd5a080e4068859b3fd1205758a038898049b2888,980,500,FALSE,FALSE,FALSE,FALSE,0.11.2
baseline,4,14,dta,long,compact_17,divide,compact,3,1000000,88,0.152000000000001,0.151,0.00172727272727274,7d0ae29663b1e2e4ba192ee6aacc57de486ddae65b8fbc8e07076db990931d00,7d0ae29663b1e2e4ba192ee6aacc57de486ddae65b8fbc8e07076db990931d00,double,cf168eba9a51070da837266bd5a080e4068859b3fd1205758a038898049b2888,980,88,TRUE,TRUE,FALSE,FALSE,0.11.2
baseline,4,15,dta,long,compact_17,add,compact,1,1000000,88,0.167999999999999,0.168,0.0019090909090909,1df7f843bcd6024fa35aed9422220d4a5997638932b2ec10b5a9fb4031f0d855,1df7f843bcd6024fa35aed9422220d4a5997638932b2ec10b5a9fb4031f0d855,double,cf168eba9a51070da837266bd5a080e4068859b3fd1205758a038898049b2888,980,88,TRUE,TRUE,FALSE,FALSE,0.11.2
baseline,4,15,dta,long,compact_17,add,ordinary,2,1000000,582,0.166999999999998,0.166,0.00028694158075601,671045451e824b2e242f3ad3ee4ce3874def4eb03bc1581bd3d2a7bcbe94c3ab,671045451e824b2e242f3ad3ee4ce3874def4eb03bc1581bd3d2a7bcbe94c3ab,,cf168eba9a51070da837266bd5a080e4068859b3fd1205758a038898049b2888,980,0,FALSE,FALSE,FALSE,FALSE,0.11.2
baseline,4,15,dta,long,compact_17,add,typed_double,3,1000000,544,0.164999999999999,0.164999999999999,0.00030330882352941,1df7f843bcd6024fa35aed9422220d4a5997638932b2ec10b5a9fb4031f0d855,1df7f843bcd6024fa35aed9422220d4a5997638932b2ec10b5a9fb4031f0d855,double,cf168eba9a51070da837266bd5a080e4068859b3fd1205758a038898049b2888,980,544,FALSE,FALSE,FALSE,FALSE,0.11.2
baseline,4,16,arrow,long,compact_17,multiply,typed_double,1,1000000,500,0.151999999999997,0.152000000000001,0.000303999999999995,1df7f843bcd6024fa35aed9422220d4a5997638932b2ec10b5a9fb4031f0d855,1df7f843bcd6024fa35aed9422220d4a5997638932b2ec10b5a9fb4031f0d855,double,cf168eba9a51070da837266bd5a080e4068859b3fd1205758a038898049b2888,980,500,FALSE,FALSE,FALSE,FALSE,0.11.2
baseline,4,16,arrow,long,compact_17,multiply,compact,2,1000000,102,0.154,0.154000000000002,0.00150980392156863,1df7f843bcd6024fa35aed9422220d4a5997638932b2ec10b5a9fb4031f0d855,1df7f843bcd6024fa35aed9422220d4a5997638932b2ec10b5a9fb4031f0d855,double,cf168eba9a51070da837266bd5a080e4068859b3fd1205758a038898049b2888,980,102,TRUE,TRUE,FALSE,FALSE,0.11.2
baseline,4,16,arrow,long,compact_17,multiply,ordinary,3,1000000,536,0.149000000000001,0.148,0.000277985074626867,671045451e824b2e242f3ad3ee4ce3874def4eb03bc1581bd3d2a7bcbe94c3ab,671045451e824b2e242f3ad3ee4ce3874def4eb03bc1581bd3d2a7bcbe94c3ab,,cf168eba9a51070da837266bd5a080e4068859b3fd1205758a038898049b2888,980,0,FALSE,FALSE,FALSE,FALSE,0.11.2
baseline,4,17,arrow,long,compact_17,divide,ordinary,1,1000000,532,0.131,0.131,0.00024624060150376,96bea5cf0e66f68ebcf2da25669b0b794a8afa1538ddd32390d185fccfec8440,96bea5cf0e66f68ebcf2da25669b0b794a8afa1538ddd32390d185fccfec8440,,cf168eba9a51070da837266bd5a080e4068859b3fd1205758a038898049b2888,980,0,FALSE,FALSE,FALSE,FALSE,0.11.2
baseline,4,17,arrow,long,compact_17,divide,typed_double,2,1000000,500,0.149999999999999,0.150000000000002,0.000299999999999997,7d0ae29663b1e2e4ba192ee6aacc57de486ddae65b8fbc8e07076db990931d00,7d0ae29663b1e2e4ba192ee6aacc57de486ddae65b8fbc8e07076db990931d00,double,cf168eba9a51070da837266bd5a080e4068859b3fd1205758a038898049b2888,980,500,FALSE,FALSE,FALSE,FALSE,0.11.2
baseline,4,17,arrow,long,compact_17,divide,compact,3,1000000,91,0.152999999999999,0.152999999999999,0.00168131868131867,7d0ae29663b1e2e4ba192ee6aacc57de486ddae65b8fbc8e07076db990931d00,7d0ae29663b1e2e4ba192ee6aacc57de486ddae65b8fbc8e07076db990931d00,double,cf168eba9a51070da837266bd5a080e4068859b3fd1205758a038898049b2888,980,91,TRUE,TRUE,FALSE,FALSE,0.11.2
baseline,4,18,arrow,long,compact_17,add,compact,1,1000000,87,0.149999999999999,0.149999999999999,0.00172413793103447,1df7f843bcd6024fa35aed9422220d4a5997638932b2ec10b5a9fb4031f0d855,1df7f843bcd6024fa35aed9422220d4a5997638932b2ec10b5a9fb4031f0d855,double,cf168eba9a51070da837266bd5a080e4068859b3fd1205758a038898049b2888,980,87,TRUE,TRUE,FALSE,FALSE,0.11.2
baseline,4,18,arrow,long,compact_17,add,ordinary,2,1000000,518,0.148,0.148,0.000285714285714285,671045451e824b2e242f3ad3ee4ce3874def4eb03bc1581bd3d2a7bcbe94c3ab,671045451e824b2e242f3ad3ee4ce3874def4eb03bc1581bd3d2a7bcbe94c3ab,,cf168eba9a51070da837266bd5a080e4068859b3fd1205758a038898049b2888,980,0,FALSE,FALSE,FALSE,FALSE,0.11.2
baseline,4,18,arrow,long,compact_17,add,typed_double,3,1000000,500,0.152999999999999,0.152999999999999,0.000305999999999997,1df7f843bcd6024fa35aed9422220d4a5997638932b2ec10b5a9fb4031f0d855,1df7f843bcd6024fa35aed9422220d4a5997638932b2ec10b5a9fb4031f0d855,double,cf168eba9a51070da837266bd5a080e4068859b3fd1205758a038898049b2888,980,500,FALSE,FALSE,FALSE,FALSE,0.11.2
baseline,4,19,dta,float,compact_25,multiply,typed_double,1,1000000,500,0.151999999999997,0.152000000000001,0.000303999999999995,2f88347ec5cc3067fdbfb0b10eb0196b26f71e822bf5261d3e26bd5cd8863930,2f88347ec5cc3067fdbfb0b10eb0196b26f71e822bf5261d3e26bd5cd8863930,double,79dcf5eee7eb5fc8d9e6e622485364f9c79023214f4836cdfaaddfc24954a13a,972,500,FALSE,FALSE,FALSE,FALSE,0.11.2
baseline,4,19,dta,float,compact_25,multiply,compact,2,1000000,118,0.158000000000001,0.157000000000001,0.00133898305084747,85b946da983a156bef0be0f20e4902d4abbb997e5e4ec9ef440464482cdc234f,85b946da983a156bef0be0f20e4902d4abbb997e5e4ec9ef440464482cdc234f,float,79dcf5eee7eb5fc8d9e6e622485364f9c79023214f4836cdfaaddfc24954a13a,972,118,TRUE,TRUE,FALSE,FALSE,0.11.2
baseline,4,19,dta,float,compact_25,multiply,ordinary,3,1000000,625,0.167000000000002,0.166,0.000267200000000003,744238dff0a503a1b62571c237d68f28b9f70ce5dc1d0e28212096a8c637233a,744238dff0a503a1b62571c237d68f28b9f70ce5dc1d0e28212096a8c637233a,,79dcf5eee7eb5fc8d9e6e622485364f9c79023214f4836cdfaaddfc24954a13a,972,0,FALSE,FALSE,FALSE,FALSE,0.11.2
baseline,4,20,dta,float,compact_25,divide,ordinary,1,1000000,620,0.164999999999999,0.164999999999999,0.000266129032258063,1eb55135fe633cd295bc5be0af351ad8891627f20f18915449a5f28318da98d4,1eb55135fe633cd295bc5be0af351ad8891627f20f18915449a5f28318da98d4,,79dcf5eee7eb5fc8d9e6e622485364f9c79023214f4836cdfaaddfc24954a13a,972,0,FALSE,FALSE,FALSE,FALSE,0.11.2
baseline,4,20,dta,float,compact_25,divide,typed_double,2,1000000,507,0.164999999999999,0.166,0.000325443786982247,d4052c054b297af2ee5c03f0c39b43e78c09ece7480d086008efaa871364bc14,d4052c054b297af2ee5c03f0c39b43e78c09ece7480d086008efaa871364bc14,double,79dcf5eee7eb5fc8d9e6e622485364f9c79023214f4836cdfaaddfc24954a13a,972,507,FALSE,FALSE,FALSE,FALSE,0.11.2
baseline,4,20,dta,float,compact_25,divide,compact,3,1000000,118,0.150000000000002,0.150000000000002,0.00127118644067798,5c4eb5428888561380c8c1faad62395ae26006680cabcf7fb5e6fe9cb57c3966,5c4eb5428888561380c8c1faad62395ae26006680cabcf7fb5e6fe9cb57c3966,float,79dcf5eee7eb5fc8d9e6e622485364f9c79023214f4836cdfaaddfc24954a13a,972,118,TRUE,TRUE,FALSE,FALSE,0.11.2
baseline,4,21,dta,float,compact_25,add,compact,1,1000000,93,0.153000000000002,0.154,0.0016451612903226,85b946da983a156bef0be0f20e4902d4abbb997e5e4ec9ef440464482cdc234f,85b946da983a156bef0be0f20e4902d4abbb997e5e4ec9ef440464482cdc234f,float,79dcf5eee7eb5fc8d9e6e622485364f9c79023214f4836cdfaaddfc24954a13a,972,93,TRUE,TRUE,FALSE,FALSE,0.11.2
baseline,4,21,dta,float,compact_25,add,ordinary,2,1000000,591,0.166,0.164999999999999,0.00028087986463621,744238dff0a503a1b62571c237d68f28b9f70ce5dc1d0e28212096a8c637233a,744238dff0a503a1b62571c237d68f28b9f70ce5dc1d0e28212096a8c637233a,,79dcf5eee7eb5fc8d9e6e622485364f9c79023214f4836cdfaaddfc24954a13a,972,0,FALSE,FALSE,FALSE,FALSE,0.11.2
baseline,4,21,dta,float,compact_25,add,typed_double,3,1000000,564,0.166,0.167000000000002,0.000294326241134752,2f88347ec5cc3067fdbfb0b10eb0196b26f71e822bf5261d3e26bd5cd8863930,2f88347ec5cc3067fdbfb0b10eb0196b26f71e822bf5261d3e26bd5cd8863930,double,79dcf5eee7eb5fc8d9e6e622485364f9c79023214f4836cdfaaddfc24954a13a,972,564,FALSE,FALSE,FALSE,FALSE,0.11.2
baseline,4,22,arrow,float,compact_25,multiply,typed_double,1,1000000,569,0.166,0.166999999999997,0.000291739894551846,2f88347ec5cc3067fdbfb0b10eb0196b26f71e822bf5261d3e26bd5cd8863930,2f88347ec5cc3067fdbfb0b10eb0196b26f71e822bf5261d3e26bd5cd8863930,double,79dcf5eee7eb5fc8d9e6e622485364f9c79023214f4836cdfaaddfc24954a13a,972,569,FALSE,FALSE,FALSE,FALSE,0.11.2
baseline,4,22,arrow,float,compact_25,multiply,compact,2,1000000,118,0.161000000000001,0.161999999999999,0.00136440677966103,85b946da983a156bef0be0f20e4902d4abbb997e5e4ec9ef440464482cdc234f,85b946da983a156bef0be0f20e4902d4abbb997e5e4ec9ef440464482cdc234f,float,79dcf5eee7eb5fc8d9e6e622485364f9c79023214f4836cdfaaddfc24954a13a,972,118,TRUE,TRUE,FALSE,FALSE,0.11.2
baseline,4,22,arrow,float,compact_25,multiply,ordinary,3,1000000,620,0.167000000000002,0.167,0.00026935483870968,744238dff0a503a1b62571c237d68f28b9f70ce5dc1d0e28212096a8c637233a,744238dff0a503a1b62571c237d68f28b9f70ce5dc1d0e28212096a8c637233a,,79dcf5eee7eb5fc8d9e6e622485364f9c79023214f4836cdfaaddfc24954a13a,972,0,FALSE,FALSE,FALSE,FALSE,0.11.2
baseline,4,23,arrow,float,compact_25,divide,ordinary,1,1000000,620,0.177,0.177,0.000285483870967741,1eb55135fe633cd295bc5be0af351ad8891627f20f18915449a5f28318da98d4,1eb55135fe633cd295bc5be0af351ad8891627f20f18915449a5f28318da98d4,,79dcf5eee7eb5fc8d9e6e622485364f9c79023214f4836cdfaaddfc24954a13a,972,0,FALSE,FALSE,FALSE,FALSE,0.11.2
baseline,4,23,arrow,float,compact_25,divide,typed_double,2,1000000,500,0.176000000000002,0.175000000000001,0.000352000000000004,d4052c054b297af2ee5c03f0c39b43e78c09ece7480d086008efaa871364bc14,d4052c054b297af2ee5c03f0c39b43e78c09ece7480d086008efaa871364bc14,double,79dcf5eee7eb5fc8d9e6e622485364f9c79023214f4836cdfaaddfc24954a13a,972,500,FALSE,FALSE,FALSE,FALSE,0.11.2
baseline,4,23,arrow,float,compact_25,divide,compact,3,1000000,108,0.169999999999998,0.17,0.00157407407407406,5c4eb5428888561380c8c1faad62395ae26006680cabcf7fb5e6fe9cb57c3966,5c4eb5428888561380c8c1faad62395ae26006680cabcf7fb5e6fe9cb57c3966,float,79dcf5eee7eb5fc8d9e6e622485364f9c79023214f4836cdfaaddfc24954a13a,972,108,TRUE,TRUE,FALSE,FALSE,0.11.2
baseline,4,24,arrow,float,compact_25,add,compact,1,1000000,90,0.157,0.155999999999999,0.00174444444444444,85b946da983a156bef0be0f20e4902d4abbb997e5e4ec9ef440464482cdc234f,85b946da983a156bef0be0f20e4902d4abbb997e5e4ec9ef440464482cdc234f,float,79dcf5eee7eb5fc8d9e6e622485364f9c79023214f4836cdfaaddfc24954a13a,972,90,TRUE,TRUE,FALSE,FALSE,0.11.2
baseline,4,24,arrow,float,compact_25,add,ordinary,2,1000000,540,0.162000000000006,0.161000000000001,0.000300000000000011,744238dff0a503a1b62571c237d68f28b9f70ce5dc1d0e28212096a8c637233a,744238dff0a503a1b62571c237d68f28b9f70ce5dc1d0e28212096a8c637233a,,79dcf5eee7eb5fc8d9e6e622485364f9c79023214f4836cdfaaddfc24954a13a,972,0,FALSE,FALSE,FALSE,FALSE,0.11.2
baseline,4,24,arrow,float,compact_25,add,typed_double,3,1000000,536,0.170000000000002,0.170000000000002,0.000317164179104481,2f88347ec5cc3067fdbfb0b10eb0196b26f71e822bf5261d3e26bd5cd8863930,2f88347ec5cc3067fdbfb0b10eb0196b26f71e822bf5261d3e26bd5cd8863930,double,79dcf5eee7eb5fc8d9e6e622485364f9c79023214f4836cdfaaddfc24954a13a,972,536,FALSE,FALSE,FALSE,FALSE,0.11.2
baseline,5,1,dta,byte,compact_01,multiply,compact,1,1000000,80,0.146,0.145,0.001825,efde135332436de33b6f8bb621bc1d6486681a72a9383122b286a9a18f9a3968,efde135332436de33b6f8bb621bc1d6486681a72a9383122b286a9a18f9a3968,int,72aeea58f7f0fd26399f753c004578c586d824e4fe207e6ec9a9f4daf0ce666a,996,80,TRUE,TRUE,FALSE,FALSE,0.11.2
baseline,5,1,dta,byte,compact_01,multiply,typed_double,2,1000000,500,0.14,0.139,0.00028,3b1e77f1eced8b3079415048b0825ca71e1f66b89f48c1dea9a01af725bef1c6,3b1e77f1eced8b3079415048b0825ca71e1f66b89f48c1dea9a01af725bef1c6,double,72aeea58f7f0fd26399f753c004578c586d824e4fe207e6ec9a9f4daf0ce666a,996,500,FALSE,FALSE,FALSE,FALSE,0.11.2
baseline,5,1,dta,byte,compact_01,multiply,ordinary,3,1000000,500,0.145,0.144,0.00029,525b2ad9d8a4fe80543008cf27b057b1f2c93bab1e4ebd40bdd7dd3abbe5bdd0,525b2ad9d8a4fe80543008cf27b057b1f2c93bab1e4ebd40bdd7dd3abbe5bdd0,,72aeea58f7f0fd26399f753c004578c586d824e4fe207e6ec9a9f4daf0ce666a,996,0,FALSE,FALSE,FALSE,FALSE,0.11.2
baseline,5,2,dta,byte,compact_01,divide,typed_double,1,1000000,500,0.157,0.156,0.000314,63ef2a87008176681688b92900a8f3b62eba7777501560510d04e19daecbef9f,63ef2a87008176681688b92900a8f3b62eba7777501560510d04e19daecbef9f,double,72aeea58f7f0fd26399f753c004578c586d824e4fe207e6ec9a9f4daf0ce666a,996,500,FALSE,FALSE,FALSE,FALSE,0.11.2
baseline,5,2,dta,byte,compact_01,divide,ordinary,2,1000000,511,0.153,0.153,0.000299412915851272,413eded7e50e6467950b89234611ee0feaa8cb2735bcc214225d27bd7d5e7ea8,413eded7e50e6467950b89234611ee0feaa8cb2735bcc214225d27bd7d5e7ea8,,72aeea58f7f0fd26399f753c004578c586d824e4fe207e6ec9a9f4daf0ce666a,996,0,FALSE,FALSE,FALSE,FALSE,0.11.2
baseline,5,2,dta,byte,compact_01,divide,compact,3,1000000,69,0.147,0.148,0.0021304347826087,ff26b4b50776a968eccece9808e62d6aed31c38a78a7b9408b8f425d13259ec4,ff26b4b50776a968eccece9808e62d6aed31c38a78a7b9408b8f425d13259ec4,float,72aeea58f7f0fd26399f753c004578c586d824e4fe207e6ec9a9f4daf0ce666a,996,69,TRUE,TRUE,FALSE,FALSE,0.11.2
baseline,5,3,dta,byte,compact_01,add,ordinary,1,1000000,560,0.169,0.169,0.000301785714285714,525b2ad9d8a4fe80543008cf27b057b1f2c93bab1e4ebd40bdd7dd3abbe5bdd0,525b2ad9d8a4fe80543008cf27b057b1f2c93bab1e4ebd40bdd7dd3abbe5bdd0,,72aeea58f7f0fd26399f753c004578c586d824e4fe207e6ec9a9f4daf0ce666a,996,0,FALSE,FALSE,FALSE,FALSE,0.11.2
baseline,5,3,dta,byte,compact_01,add,compact,2,1000000,72,0.15,0.149,0.00208333333333334,efde135332436de33b6f8bb621bc1d6486681a72a9383122b286a9a18f9a3968,efde135332436de33b6f8bb621bc1d6486681a72a9383122b286a9a18f9a3968,int,72aeea58f7f0fd26399f753c004578c586d824e4fe207e6ec9a9f4daf0ce666a,996,72,TRUE,TRUE,FALSE,FALSE,0.11.2
baseline,5,3,dta,byte,compact_01,add,typed_double,3,1000000,500,0.159,0.159,0.000318,3b1e77f1eced8b3079415048b0825ca71e1f66b89f48c1dea9a01af725bef1c6,3b1e77f1eced8b3079415048b0825ca71e1f66b89f48c1dea9a01af725bef1c6,double,72aeea58f7f0fd26399f753c004578c586d824e4fe207e6ec9a9f4daf0ce666a,996,500,FALSE,FALSE,FALSE,FALSE,0.11.2
baseline,5,4,arrow,byte,compact_01,multiply,compact,1,1000000,83,0.151,0.152,0.00181927710843373,efde135332436de33b6f8bb621bc1d6486681a72a9383122b286a9a18f9a3968,efde135332436de33b6f8bb621bc1d6486681a72a9383122b286a9a18f9a3968,int,72aeea58f7f0fd26399f753c004578c586d824e4fe207e6ec9a9f4daf0ce666a,996,83,TRUE,TRUE,FALSE,FALSE,0.11.2
baseline,5,4,arrow,byte,compact_01,multiply,typed_double,2,1000000,500,0.159,0.159000000000001,0.000318,3b1e77f1eced8b3079415048b0825ca71e1f66b89f48c1dea9a01af725bef1c6,3b1e77f1eced8b3079415048b0825ca71e1f66b89f48c1dea9a01af725bef1c6,double,72aeea58f7f0fd26399f753c004578c586d824e4fe207e6ec9a9f4daf0ce666a,996,500,FALSE,FALSE,FALSE,FALSE,0.11.2
baseline,5,4,arrow,byte,compact_01,multiply,ordinary,3,1000000,577,0.166,0.166,0.000287694974003467,525b2ad9d8a4fe80543008cf27b057b1f2c93bab1e4ebd40bdd7dd3abbe5bdd0,525b2ad9d8a4fe80543008cf27b057b1f2c93bab1e4ebd40bdd7dd3abbe5bdd0,,72aeea58f7f0fd26399f753c004578c586d824e4fe207e6ec9a9f4daf0ce666a,996,0,FALSE,FALSE,FALSE,FALSE,0.11.2
baseline,5,5,arrow,byte,compact_01,divide,typed_double,1,1000000,500,0.157999999999999,0.158,0.000315999999999999,63ef2a87008176681688b92900a8f3b62eba7777501560510d04e19daecbef9f,63ef2a87008176681688b92900a8f3b62eba7777501560510d04e19daecbef9f,double,72aeea58f7f0fd26399f753c004578c586d824e4fe207e6ec9a9f4daf0ce666a,996,500,FALSE,FALSE,FALSE,FALSE,0.11.2
baseline,5,5,arrow,byte,compact_01,divide,ordinary,2,1000000,507,0.129,0.13,0.000254437869822484,413eded7e50e6467950b89234611ee0feaa8cb2735bcc214225d27bd7d5e7ea8,413eded7e50e6467950b89234611ee0feaa8cb2735bcc214225d27bd7d5e7ea8,,72aeea58f7f0fd26399f753c004578c586d824e4fe207e6ec9a9f4daf0ce666a,996,0,FALSE,FALSE,FALSE,FALSE,0.11.2
baseline,5,5,arrow,byte,compact_01,divide,compact,3,1000000,81,0.172,0.171999999999999,0.00212345679012345,ff26b4b50776a968eccece9808e62d6aed31c38a78a7b9408b8f425d13259ec4,ff26b4b50776a968eccece9808e62d6aed31c38a78a7b9408b8f425d13259ec4,float,72aeea58f7f0fd26399f753c004578c586d824e4fe207e6ec9a9f4daf0ce666a,996,81,TRUE,TRUE,FALSE,FALSE,0.11.2
baseline,5,6,arrow,byte,compact_01,add,ordinary,1,1000000,514,0.140000000000001,0.14,0.000272373540856032,525b2ad9d8a4fe80543008cf27b057b1f2c93bab1e4ebd40bdd7dd3abbe5bdd0,525b2ad9d8a4fe80543008cf27b057b1f2c93bab1e4ebd40bdd7dd3abbe5bdd0,,72aeea58f7f0fd26399f753c004578c586d824e4fe207e6ec9a9f4daf0ce666a,996,0,FALSE,FALSE,FALSE,FALSE,0.11.2
baseline,5,6,arrow,byte,compact_01,add,compact,2,1000000,72,0.147,0.147,0.00204166666666667,efde135332436de33b6f8bb621bc1d6486681a72a9383122b286a9a18f9a3968,efde135332436de33b6f8bb621bc1d6486681a72a9383122b286a9a18f9a3968,int,72aeea58f7f0fd26399f753c004578c586d824e4fe207e6ec9a9f4daf0ce666a,996,72,TRUE,TRUE,FALSE,FALSE,0.11.2
baseline,5,6,arrow,byte,compact_01,add,typed_double,3,1000000,514,0.176,0.174999999999999,0.000342412451361868,3b1e77f1eced8b3079415048b0825ca71e1f66b89f48c1dea9a01af725bef1c6,3b1e77f1eced8b3079415048b0825ca71e1f66b89f48c1dea9a01af725bef1c6,double,72aeea58f7f0fd26399f753c004578c586d824e4fe207e6ec9a9f4daf0ce666a,996,514,FALSE,FALSE,FALSE,FALSE,0.11.2
baseline,5,7,dta,int,compact_09,multiply,compact,1,1000000,88,0.183,0.181999999999999,0.00207954545454545,41787cc527139c6a0f2eed93236f0e601c5564fdc999310959fd6fdbe73057ba,41787cc527139c6a0f2eed93236f0e601c5564fdc999310959fd6fdbe73057ba,long,abc996276c43213a415c58f29e20b709ac8ad9ca2eb3e791be59513a9173f999,988,88,TRUE,TRUE,FALSE,FALSE,0.11.2
baseline,5,7,dta,int,compact_09,multiply,typed_double,2,1000000,529,0.171000000000001,0.170999999999999,0.000323251417769378,59cb41c73aa369782a91f15618fa56f12c834d3532afcb929640d57d8a6c8414,59cb41c73aa369782a91f15618fa56f12c834d3532afcb929640d57d8a6c8414,double,abc996276c43213a415c58f29e20b709ac8ad9ca2eb3e791be59513a9173f999,988,529,FALSE,FALSE,FALSE,FALSE,0.11.2
baseline,5,7,dta,int,compact_09,multiply,ordinary,3,1000000,500,0.148,0.148,0.000295999999999999,729c722632150a0eff97243d1eacc06818e2eb7f01f0bd0222f34a695871dbfd,729c722632150a0eff97243d1eacc06818e2eb7f01f0bd0222f34a695871dbfd,,abc996276c43213a415c58f29e20b709ac8ad9ca2eb3e791be59513a9173f999,988,0,FALSE,FALSE,FALSE,FALSE,0.11.2
baseline,5,8,dta,int,compact_09,divide,typed_double,1,1000000,500,0.193999999999999,0.193,0.000387999999999998,2cd99a0a76c21257b1919528a50f31c193a66a3a66582387951e0a01c7828dd9,2cd99a0a76c21257b1919528a50f31c193a66a3a66582387951e0a01c7828dd9,double,abc996276c43213a415c58f29e20b709ac8ad9ca2eb3e791be59513a9173f999,988,500,FALSE,FALSE,FALSE,FALSE,0.11.2
baseline,5,8,dta,int,compact_09,divide,ordinary,2,1000000,514,0.147,0.147,0.000285992217898833,d989d6427f4ee30eace50597aea445ac418915eae5ab5c32afc70989c6af107d,d989d6427f4ee30eace50597aea445ac418915eae5ab5c32afc70989c6af107d,,abc996276c43213a415c58f29e20b709ac8ad9ca2eb3e791be59513a9173f999,988,0,FALSE,FALSE,FALSE,FALSE,0.11.2
baseline,5,8,dta,int,compact_09,divide,compact,3,1000000,85,0.182,0.183,0.00214117647058824,77a958c828805ad22cb3ad69e41c4f04cdf5c80de8b700e483fcc5cca9a4ca19,77a958c828805ad22cb3ad69e41c4f04cdf5c80de8b700e483fcc5cca9a4ca19,float,abc996276c43213a415c58f29e20b709ac8ad9ca2eb3e791be59513a9173f999,988,85,TRUE,TRUE,FALSE,FALSE,0.11.2
baseline,5,9,dta,int,compact_09,add,ordinary,1,1000000,525,0.155999999999999,0.157,0.000297142857142855,729c722632150a0eff97243d1eacc06818e2eb7f01f0bd0222f34a695871dbfd,729c722632150a0eff97243d1eacc06818e2eb7f01f0bd0222f34a695871dbfd,,abc996276c43213a415c58f29e20b709ac8ad9ca2eb3e791be59513a9173f999,988,0,FALSE,FALSE,FALSE,FALSE,0.11.2
baseline,5,9,dta,int,compact_09,add,compact,2,1000000,76,0.156000000000001,0.156000000000001,0.00205263157894738,41787cc527139c6a0f2eed93236f0e601c5564fdc999310959fd6fdbe73057ba,41787cc527139c6a0f2eed93236f0e601c5564fdc999310959fd6fdbe73057ba,long,abc996276c43213a415c58f29e20b709ac8ad9ca2eb3e791be59513a9173f999,988,76,TRUE,TRUE,FALSE,FALSE,0.11.2
baseline,5,9,dta,int,compact_09,add,typed_double,3,1000000,500,0.139999999999999,0.139000000000001,0.000279999999999998,59cb41c73aa369782a91f15618fa56f12c834d3532afcb929640d57d8a6c8414,59cb41c73aa369782a91f15618fa56f12c834d3532afcb929640d57d8a6c8414,double,abc996276c43213a415c58f29e20b709ac8ad9ca2eb3e791be59513a9173f999,988,500,FALSE,FALSE,FALSE,FALSE,0.11.2
baseline,5,10,arrow,int,compact_09,multiply,compact,1,1000000,74,0.126000000000001,0.125999999999999,0.00170270270270272,41787cc527139c6a0f2eed93236f0e601c5564fdc999310959fd6fdbe73057ba,41787cc527139c6a0f2eed93236f0e601c5564fdc999310959fd6fdbe73057ba,long,abc996276c43213a415c58f29e20b709ac8ad9ca2eb3e791be59513a9173f999,988,74,TRUE,TRUE,FALSE,FALSE,0.11.2
baseline,5,10,arrow,int,compact_09,multiply,typed_double,2,1000000,500,0.148,0.149,0.000295999999999999,59cb41c73aa369782a91f15618fa56f12c834d3532afcb929640d57d8a6c8414,59cb41c73aa369782a91f15618fa56f12c834d3532afcb929640d57d8a6c8414,double,abc996276c43213a415c58f29e20b709ac8ad9ca2eb3e791be59513a9173f999,988,500,FALSE,FALSE,FALSE,FALSE,0.11.2
baseline,5,10,arrow,int,compact_09,multiply,ordinary,3,1000000,544,0.129999999999999,0.129999999999999,0.000238970588235292,729c722632150a0eff97243d1eacc06818e2eb7f01f0bd0222f34a695871dbfd,729c722632150a0eff97243d1eacc06818e2eb7f01f0bd0222f34a695871dbfd,,abc996276c43213a415c58f29e20b709ac8ad9ca2eb3e791be59513a9173f999,988,0,FALSE,FALSE,FALSE,FALSE,0.11.2
baseline,5,11,arrow,int,compact_09,divide,typed_double,1,1000000,507,0.163,0.163,0.000321499013806707,2cd99a0a76c21257b1919528a50f31c193a66a3a66582387951e0a01c7828dd9,2cd99a0a76c21257b1919528a50f31c193a66a3a66582387951e0a01c7828dd9,double,abc996276c43213a415c58f29e20b709ac8ad9ca2eb3e791be59513a9173f999,988,507,FALSE,FALSE,FALSE,FALSE,0.11.2
baseline,5,11,arrow,int,compact_09,divide,ordinary,2,1000000,626,0.167,0.167,0.000266773162939297,d989d6427f4ee30eace50597aea445ac418915eae5ab5c32afc70989c6af107d,d989d6427f4ee30eace50597aea445ac418915eae5ab5c32afc70989c6af107d,,abc996276c43213a415c58f29e20b709ac8ad9ca2eb3e791be59513a9173f999,988,0,FALSE,FALSE,FALSE,FALSE,0.11.2
baseline,5,11,arrow,int,compact_09,divide,compact,3,1000000,88,0.164,0.164,0.00186363636363636,77a958c828805ad22cb3ad69e41c4f04cdf5c80de8b700e483fcc5cca9a4ca19,77a958c828805ad22cb3ad69e41c4f04cdf5c80de8b700e483fcc5cca9a4ca19,float,abc996276c43213a415c58f29e20b709ac8ad9ca2eb3e791be59513a9173f999,988,88,TRUE,TRUE,FALSE,FALSE,0.11.2
baseline,5,12,arrow,int,compact_09,add,ordinary,1,1000000,600,0.169999999999998,0.17,0.00028333333333333,729c722632150a0eff97243d1eacc06818e2eb7f01f0bd0222f34a695871dbfd,729c722632150a0eff97243d1eacc06818e2eb7f01f0bd0222f34a695871dbfd,,abc996276c43213a415c58f29e20b709ac8ad9ca2eb3e791be59513a9173f999,988,0,FALSE,FALSE,FALSE,FALSE,0.11.2
baseline,5,12,arrow,int,compact_09,add,compact,2,1000000,69,0.161000000000001,0.16,0.00233333333333335,41787cc527139c6a0f2eed93236f0e601c5564fdc999310959fd6fdbe73057ba,41787cc527139c6a0f2eed93236f0e601c5564fdc999310959fd6fdbe73057ba,long,abc996276c43213a415c58f29e20b709ac8ad9ca2eb3e791be59513a9173f999,988,69,TRUE,TRUE,FALSE,FALSE,0.11.2
baseline,5,12,arrow,int,compact_09,add,typed_double,3,1000000,564,0.150000000000002,0.151000000000002,0.000265957446808514,59cb41c73aa369782a91f15618fa56f12c834d3532afcb929640d57d8a6c8414,59cb41c73aa369782a91f15618fa56f12c834d3532afcb929640d57d8a6c8414,double,abc996276c43213a415c58f29e20b709ac8ad9ca2eb3e791be59513a9173f999,988,564,FALSE,FALSE,FALSE,FALSE,0.11.2
baseline,5,13,dta,long,compact_17,multiply,compact,1,1000000,102,0.151,0.152,0.00148039215686274,1df7f843bcd6024fa35aed9422220d4a5997638932b2ec10b5a9fb4031f0d855,1df7f843bcd6024fa35aed9422220d4a5997638932b2ec10b5a9fb4031f0d855,double,cf168eba9a51070da837266bd5a080e4068859b3fd1205758a038898049b2888,980,102,TRUE,TRUE,FALSE,FALSE,0.11.2
baseline,5,13,dta,long,compact_17,multiply,typed_double,2,1000000,500,0.152000000000001,0.152,0.000304000000000002,1df7f843bcd6024fa35aed9422220d4a5997638932b2ec10b5a9fb4031f0d855,1df7f843bcd6024fa35aed9422220d4a5997638932b2ec10b5a9fb4031f0d855,double,cf168eba9a51070da837266bd5a080e4068859b3fd1205758a038898049b2888,980,500,FALSE,FALSE,FALSE,FALSE,0.11.2
baseline,5,13,dta,long,compact_17,multiply,ordinary,3,1000000,605,0.164999999999999,0.164999999999999,0.000272727272727271,671045451e824b2e242f3ad3ee4ce3874def4eb03bc1581bd3d2a7bcbe94c3ab,671045451e824b2e242f3ad3ee4ce3874def4eb03bc1581bd3d2a7bcbe94c3ab,,cf168eba9a51070da837266bd5a080e4068859b3fd1205758a038898049b2888,980,0,FALSE,FALSE,FALSE,FALSE,0.11.2
baseline,5,14,dta,long,compact_17,divide,typed_double,1,1000000,500,0.151,0.150000000000002,0.000302,7d0ae29663b1e2e4ba192ee6aacc57de486ddae65b8fbc8e07076db990931d00,7d0ae29663b1e2e4ba192ee6aacc57de486ddae65b8fbc8e07076db990931d00,double,cf168eba9a51070da837266bd5a080e4068859b3fd1205758a038898049b2888,980,500,FALSE,FALSE,FALSE,FALSE,0.11.2
baseline,5,14,dta,long,compact_17,divide,ordinary,2,1000000,540,0.149999999999999,0.150000000000002,0.000277777777777775,96bea5cf0e66f68ebcf2da25669b0b794a8afa1538ddd32390d185fccfec8440,96bea5cf0e66f68ebcf2da25669b0b794a8afa1538ddd32390d185fccfec8440,,cf168eba9a51070da837266bd5a080e4068859b3fd1205758a038898049b2888,980,0,FALSE,FALSE,FALSE,FALSE,0.11.2
baseline,5,14,dta,long,compact_17,divide,compact,3,1000000,87,0.161000000000001,0.161000000000001,0.00185057471264369,7d0ae29663b1e2e4ba192ee6aacc57de486ddae65b8fbc8e07076db990931d00,7d0ae29663b1e2e4ba192ee6aacc57de486ddae65b8fbc8e07076db990931d00,double,cf168eba9a51070da837266bd5a080e4068859b3fd1205758a038898049b2888,980,87,TRUE,TRUE,FALSE,FALSE,0.11.2
baseline,5,15,dta,long,compact_17,add,ordinary,1,1000000,500,0.152000000000001,0.154000000000002,0.000304000000000002,671045451e824b2e242f3ad3ee4ce3874def4eb03bc1581bd3d2a7bcbe94c3ab,671045451e824b2e242f3ad3ee4ce3874def4eb03bc1581bd3d2a7bcbe94c3ab,,cf168eba9a51070da837266bd5a080e4068859b3fd1205758a038898049b2888,980,0,FALSE,FALSE,FALSE,FALSE,0.11.2
baseline,5,15,dta,long,compact_17,add,compact,2,1000000,87,0.149000000000001,0.148999999999997,0.00171264367816093,1df7f843bcd6024fa35aed9422220d4a5997638932b2ec10b5a9fb4031f0d855,1df7f843bcd6024fa35aed9422220d4a5997638932b2ec10b5a9fb4031f0d855,double,cf168eba9a51070da837266bd5a080e4068859b3fd1205758a038898049b2888,980,87,TRUE,TRUE,FALSE,FALSE,0.11.2
baseline,5,15,dta,long,compact_17,add,typed_double,3,1000000,500,0.136000000000003,0.135000000000002,0.000272000000000006,1df7f843bcd6024fa35aed9422220d4a5997638932b2ec10b5a9fb4031f0d855,1df7f843bcd6024fa35aed9422220d4a5997638932b2ec10b5a9fb4031f0d855,double,cf168eba9a51070da837266bd5a080e4068859b3fd1205758a038898049b2888,980,500,FALSE,FALSE,FALSE,FALSE,0.11.2
baseline,5,16,arrow,long,compact_17,multiply,compact,1,1000000,102,0.151,0.151,0.00148039215686274,1df7f843bcd6024fa35aed9422220d4a5997638932b2ec10b5a9fb4031f0d855,1df7f843bcd6024fa35aed9422220d4a5997638932b2ec10b5a9fb4031f0d855,double,cf168eba9a51070da837266bd5a080e4068859b3fd1205758a038898049b2888,980,102,TRUE,TRUE,FALSE,FALSE,0.11.2
baseline,5,16,arrow,long,compact_17,multiply,typed_double,2,1000000,560,0.164999999999999,0.164000000000001,0.000294642857142856,1df7f843bcd6024fa35aed9422220d4a5997638932b2ec10b5a9fb4031f0d855,1df7f843bcd6024fa35aed9422220d4a5997638932b2ec10b5a9fb4031f0d855,double,cf168eba9a51070da837266bd5a080e4068859b3fd1205758a038898049b2888,980,560,FALSE,FALSE,FALSE,FALSE,0.11.2
baseline,5,16,arrow,long,compact_17,multiply,ordinary,3,1000000,540,0.131999999999998,0.132000000000001,0.000244444444444441,671045451e824b2e242f3ad3ee4ce3874def4eb03bc1581bd3d2a7bcbe94c3ab,671045451e824b2e242f3ad3ee4ce3874def4eb03bc1581bd3d2a7bcbe94c3ab,,cf168eba9a51070da837266bd5a080e4068859b3fd1205758a038898049b2888,980,0,FALSE,FALSE,FALSE,FALSE,0.11.2
baseline,5,17,arrow,long,compact_17,divide,typed_double,1,1000000,504,0.172999999999998,0.173000000000001,0.000343253968253965,7d0ae29663b1e2e4ba192ee6aacc57de486ddae65b8fbc8e07076db990931d00,7d0ae29663b1e2e4ba192ee6aacc57de486ddae65b8fbc8e07076db990931d00,double,cf168eba9a51070da837266bd5a080e4068859b3fd1205758a038898049b2888,980,504,FALSE,FALSE,FALSE,FALSE,0.11.2
baseline,5,17,arrow,long,compact_17,divide,ordinary,2,1000000,569,0.166,0.167,0.000291739894551846,96bea5cf0e66f68ebcf2da25669b0b794a8afa1538ddd32390d185fccfec8440,96bea5cf0e66f68ebcf2da25669b0b794a8afa1538ddd32390d185fccfec8440,,cf168eba9a51070da837266bd5a080e4068859b3fd1205758a038898049b2888,980,0,FALSE,FALSE,FALSE,FALSE,0.11.2
baseline,5,17,arrow,long,compact_17,divide,compact,3,1000000,86,0.152000000000001,0.152000000000001,0.00176744186046513,7d0ae29663b1e2e4ba192ee6aacc57de486ddae65b8fbc8e07076db990931d00,7d0ae29663b1e2e4ba192ee6aacc57de486ddae65b8fbc8e07076db990931d00,double,cf168eba9a51070da837266bd5a080e4068859b3fd1205758a038898049b2888,980,86,TRUE,TRUE,FALSE,FALSE,0.11.2
baseline,5,18,arrow,long,compact_17,add,ordinary,1,1000000,500,0.144000000000002,0.144000000000002,0.000288000000000004,671045451e824b2e242f3ad3ee4ce3874def4eb03bc1581bd3d2a7bcbe94c3ab,671045451e824b2e242f3ad3ee4ce3874def4eb03bc1581bd3d2a7bcbe94c3ab,,cf168eba9a51070da837266bd5a080e4068859b3fd1205758a038898049b2888,980,0,FALSE,FALSE,FALSE,FALSE,0.11.2
baseline,5,18,arrow,long,compact_17,add,compact,2,1000000,80,0.146999999999998,0.148000000000002,0.00183749999999998,1df7f843bcd6024fa35aed9422220d4a5997638932b2ec10b5a9fb4031f0d855,1df7f843bcd6024fa35aed9422220d4a5997638932b2ec10b5a9fb4031f0d855,double,cf168eba9a51070da837266bd5a080e4068859b3fd1205758a038898049b2888,980,80,TRUE,TRUE,FALSE,FALSE,0.11.2
baseline,5,18,arrow,long,compact_17,add,typed_double,3,1000000,500,0.135000000000002,0.135999999999998,0.000270000000000003,1df7f843bcd6024fa35aed9422220d4a5997638932b2ec10b5a9fb4031f0d855,1df7f843bcd6024fa35aed9422220d4a5997638932b2ec10b5a9fb4031f0d855,double,cf168eba9a51070da837266bd5a080e4068859b3fd1205758a038898049b2888,980,500,FALSE,FALSE,FALSE,FALSE,0.11.2
baseline,5,19,dta,float,compact_25,multiply,compact,1,1000000,118,0.154999999999998,0.156,0.00131355932203388,85b946da983a156bef0be0f20e4902d4abbb997e5e4ec9ef440464482cdc234f,85b946da983a156bef0be0f20e4902d4abbb997e5e4ec9ef440464482cdc234f,float,79dcf5eee7eb5fc8d9e6e622485364f9c79023214f4836cdfaaddfc24954a13a,972,118,TRUE,TRUE,FALSE,FALSE,0.11.2
baseline,5,19,dta,float,compact_25,multiply,typed_double,2,1000000,507,0.134999999999998,0.134,0.000266272189349109,2f88347ec5cc3067fdbfb0b10eb0196b26f71e822bf5261d3e26bd5cd8863930,2f88347ec5cc3067fdbfb0b10eb0196b26f71e822bf5261d3e26bd5cd8863930,double,79dcf5eee7eb5fc8d9e6e622485364f9c79023214f4836cdfaaddfc24954a13a,972,507,FALSE,FALSE,FALSE,FALSE,0.11.2
baseline,5,19,dta,float,compact_25,multiply,ordinary,3,1000000,548,0.131999999999998,0.132999999999999,0.000240875912408755,744238dff0a503a1b62571c237d68f28b9f70ce5dc1d0e28212096a8c637233a,744238dff0a503a1b62571c237d68f28b9f70ce5dc1d0e28212096a8c637233a,,79dcf5eee7eb5fc8d9e6e622485364f9c79023214f4836cdfaaddfc24954a13a,972,0,FALSE,FALSE,FALSE,FALSE,0.11.2
baseline,5,20,dta,float,compact_25,divide,typed_double,1,1000000,500,0.148,0.147000000000002,0.000295999999999999,d4052c054b297af2ee5c03f0c39b43e78c09ece7480d086008efaa871364bc14,d4052c054b297af2ee5c03f0c39b43e78c09ece7480d086008efaa871364bc14,double,79dcf5eee7eb5fc8d9e6e622485364f9c79023214f4836cdfaaddfc24954a13a,972,500,FALSE,FALSE,FALSE,FALSE,0.11.2
baseline,5,20,dta,float,compact_25,divide,ordinary,2,1000000,552,0.133999999999997,0.134,0.0002427536231884,1eb55135fe633cd295bc5be0af351ad8891627f20f18915449a5f28318da98d4,1eb55135fe633cd295bc5be0af351ad8891627f20f18915449a5f28318da98d4,,79dcf5eee7eb5fc8d9e6e622485364f9c79023214f4836cdfaaddfc24954a13a,972,0,FALSE,FALSE,FALSE,FALSE,0.11.2
baseline,5,20,dta,float,compact_25,divide,compact,3,1000000,114,0.132999999999999,0.132999999999998,0.00116666666666666,5c4eb5428888561380c8c1faad62395ae26006680cabcf7fb5e6fe9cb57c3966,5c4eb5428888561380c8c1faad62395ae26006680cabcf7fb5e6fe9cb57c3966,float,79dcf5eee7eb5fc8d9e6e622485364f9c79023214f4836cdfaaddfc24954a13a,972,114,TRUE,TRUE,FALSE,FALSE,0.11.2
baseline,5,21,dta,float,compact_25,add,ordinary,1,1000000,591,0.169,0.168999999999997,0.00028595600676819,744238dff0a503a1b62571c237d68f28b9f70ce5dc1d0e28212096a8c637233a,744238dff0a503a1b62571c237d68f28b9f70ce5dc1d0e28212096a8c637233a,,79dcf5eee7eb5fc8d9e6e622485364f9c79023214f4836cdfaaddfc24954a13a,972,0,FALSE,FALSE,FALSE,FALSE,0.11.2
baseline,5,21,dta,float,compact_25,add,compact,2,1000000,94,0.151,0.150000000000002,0.0016063829787234,85b946da983a156bef0be0f20e4902d4abbb997e5e4ec9ef440464482cdc234f,85b946da983a156bef0be0f20e4902d4abbb997e5e4ec9ef440464482cdc234f,float,79dcf5eee7eb5fc8d9e6e622485364f9c79023214f4836cdfaaddfc24954a13a,972,94,TRUE,TRUE,FALSE,FALSE,0.11.2
baseline,5,21,dta,float,compact_25,add,typed_double,3,1000000,504,0.154,0.154,0.000305555555555555,2f88347ec5cc3067fdbfb0b10eb0196b26f71e822bf5261d3e26bd5cd8863930,2f88347ec5cc3067fdbfb0b10eb0196b26f71e822bf5261d3e26bd5cd8863930,double,79dcf5eee7eb5fc8d9e6e622485364f9c79023214f4836cdfaaddfc24954a13a,972,504,FALSE,FALSE,FALSE,FALSE,0.11.2
baseline,5,22,arrow,float,compact_25,multiply,compact,1,1000000,121,0.16,0.158999999999998,0.00132231404958678,85b946da983a156bef0be0f20e4902d4abbb997e5e4ec9ef440464482cdc234f,85b946da983a156bef0be0f20e4902d4abbb997e5e4ec9ef440464482cdc234f,float,79dcf5eee7eb5fc8d9e6e622485364f9c79023214f4836cdfaaddfc24954a13a,972,121,TRUE,TRUE,FALSE,FALSE,0.11.2
baseline,5,22,arrow,float,compact_25,multiply,typed_double,2,1000000,564,0.167999999999999,0.166999999999998,0.000297872340425531,2f88347ec5cc3067fdbfb0b10eb0196b26f71e822bf5261d3e26bd5cd8863930,2f88347ec5cc3067fdbfb0b10eb0196b26f71e822bf5261d3e26bd5cd8863930,double,79dcf5eee7eb5fc8d9e6e622485364f9c79023214f4836cdfaaddfc24954a13a,972,564,FALSE,FALSE,FALSE,FALSE,0.11.2
baseline,5,22,arrow,float,compact_25,multiply,ordinary,3,1000000,532,0.129999999999999,0.130999999999999,0.000244360902255637,744238dff0a503a1b62571c237d68f28b9f70ce5dc1d0e28212096a8c637233a,744238dff0a503a1b62571c237d68f28b9f70ce5dc1d0e28212096a8c637233a,,79dcf5eee7eb5fc8d9e6e622485364f9c79023214f4836cdfaaddfc24954a13a,972,0,FALSE,FALSE,FALSE,FALSE,0.11.2
baseline,5,23,arrow,float,compact_25,divide,typed_double,1,1000000,500,0.166,0.166,0.000332000000000001,d4052c054b297af2ee5c03f0c39b43e78c09ece7480d086008efaa871364bc14,d4052c054b297af2ee5c03f0c39b43e78c09ece7480d086008efaa871364bc14,double,79dcf5eee7eb5fc8d9e6e622485364f9c79023214f4836cdfaaddfc24954a13a,972,500,FALSE,FALSE,FALSE,FALSE,0.11.2
baseline,5,23,arrow,float,compact_25,divide,ordinary,2,1000000,615,0.167999999999999,0.167999999999999,0.000273170731707316,1eb55135fe633cd295bc5be0af351ad8891627f20f18915449a5f28318da98d4,1eb55135fe633cd295bc5be0af351ad8891627f20f18915449a5f28318da98d4,,79dcf5eee7eb5fc8d9e6e622485364f9c79023214f4836cdfaaddfc24954a13a,972,0,FALSE,FALSE,FALSE,FALSE,0.11.2
baseline,5,23,arrow,float,compact_25,divide,compact,3,1000000,114,0.138000000000002,0.138,0.00121052631578949,5c4eb5428888561380c8c1faad62395ae26006680cabcf7fb5e6fe9cb57c3966,5c4eb5428888561380c8c1faad62395ae26006680cabcf7fb5e6fe9cb57c3966,float,79dcf5eee7eb5fc8d9e6e622485364f9c79023214f4836cdfaaddfc24954a13a,972,114,TRUE,TRUE,FALSE,FALSE,0.11.2
baseline,5,24,arrow,float,compact_25,add,ordinary,1,1000000,600,0.152000000000001,0.152000000000001,0.000253333333333335,744238dff0a503a1b62571c237d68f28b9f70ce5dc1d0e28212096a8c637233a,744238dff0a503a1b62571c237d68f28b9f70ce5dc1d0e28212096a8c637233a,,79dcf5eee7eb5fc8d9e6e622485364f9c79023214f4836cdfaaddfc24954a13a,972,0,FALSE,FALSE,FALSE,FALSE,0.11.2
baseline,5,24,arrow,float,compact_25,add,compact,2,1000000,93,0.163000000000004,0.163999999999998,0.00175268817204305,85b946da983a156bef0be0f20e4902d4abbb997e5e4ec9ef440464482cdc234f,85b946da983a156bef0be0f20e4902d4abbb997e5e4ec9ef440464482cdc234f,float,79dcf5eee7eb5fc8d9e6e622485364f9c79023214f4836cdfaaddfc24954a13a,972,93,TRUE,TRUE,FALSE,FALSE,0.11.2
baseline,5,24,arrow,float,compact_25,add,typed_double,3,1000000,564,0.169000000000004,0.169999999999997,0.000299645390070929,2f88347ec5cc3067fdbfb0b10eb0196b26f71e822bf5261d3e26bd5cd8863930,2f88347ec5cc3067fdbfb0b10eb0196b26f71e822bf5261d3e26bd5cd8863930,double,79dcf5eee7eb5fc8d9e6e622485364f9c79023214f4836cdfaaddfc24954a13a,972,564,FALSE,FALSE,FALSE,FALSE,0.11.2
candidate,5,1,dta,byte,compact_01,multiply,compact,1,1000000,552,0.148,0.147,0.000268115942028986,efde135332436de33b6f8bb621bc1d6486681a72a9383122b286a9a18f9a3968,efde135332436de33b6f8bb621bc1d6486681a72a9383122b286a9a18f9a3968,int,72aeea58f7f0fd26399f753c004578c586d824e4fe207e6ec9a9f4daf0ce666a,996,552,TRUE,TRUE,FALSE,FALSE,0.11.2
candidate,5,1,dta,byte,compact_01,multiply,typed_double,2,1000000,501,0.15,0.151,0.00029940119760479,3b1e77f1eced8b3079415048b0825ca71e1f66b89f48c1dea9a01af725bef1c6,3b1e77f1eced8b3079415048b0825ca71e1f66b89f48c1dea9a01af725bef1c6,double,72aeea58f7f0fd26399f753c004578c586d824e4fe207e6ec9a9f4daf0ce666a,996,501,FALSE,FALSE,FALSE,FALSE,0.11.2
candidate,5,1,dta,byte,compact_01,multiply,ordinary,3,1000000,540,0.149,0.149,0.000275925925925926,525b2ad9d8a4fe80543008cf27b057b1f2c93bab1e4ebd40bdd7dd3abbe5bdd0,525b2ad9d8a4fe80543008cf27b057b1f2c93bab1e4ebd40bdd7dd3abbe5bdd0,,72aeea58f7f0fd26399f753c004578c586d824e4fe207e6ec9a9f4daf0ce666a,996,0,FALSE,FALSE,FALSE,FALSE,0.11.2
candidate,5,2,dta,byte,compact_01,divide,typed_double,1,1000000,500,0.149,0.149,0.000298,63ef2a87008176681688b92900a8f3b62eba7777501560510d04e19daecbef9f,63ef2a87008176681688b92900a8f3b62eba7777501560510d04e19daecbef9f,double,72aeea58f7f0fd26399f753c004578c586d824e4fe207e6ec9a9f4daf0ce666a,996,500,FALSE,FALSE,FALSE,FALSE,0.11.2
candidate,5,2,dta,byte,compact_01,divide,ordinary,2,1000000,544,0.15,0.15,0.000275735294117647,413eded7e50e6467950b89234611ee0feaa8cb2735bcc214225d27bd7d5e7ea8,413eded7e50e6467950b89234611ee0feaa8cb2735bcc214225d27bd7d5e7ea8,,72aeea58f7f0fd26399f753c004578c586d824e4fe207e6ec9a9f4daf0ce666a,996,0,FALSE,FALSE,FALSE,FALSE,0.11.2
candidate,5,2,dta,byte,compact_01,divide,compact,3,1000000,736,0.151,0.15,0.000205163043478261,ff26b4b50776a968eccece9808e62d6aed31c38a78a7b9408b8f425d13259ec4,ff26b4b50776a968eccece9808e62d6aed31c38a78a7b9408b8f425d13259ec4,float,72aeea58f7f0fd26399f753c004578c586d824e4fe207e6ec9a9f4daf0ce666a,996,736,TRUE,TRUE,FALSE,FALSE,0.11.2
candidate,5,3,dta,byte,compact_01,add,ordinary,1,1000000,525,0.149,0.148,0.000283809523809524,525b2ad9d8a4fe80543008cf27b057b1f2c93bab1e4ebd40bdd7dd3abbe5bdd0,525b2ad9d8a4fe80543008cf27b057b1f2c93bab1e4ebd40bdd7dd3abbe5bdd0,,72aeea58f7f0fd26399f753c004578c586d824e4fe207e6ec9a9f4daf0ce666a,996,0,FALSE,FALSE,FALSE,FALSE,0.11.2
candidate,5,3,dta,byte,compact_01,add,compact,2,1000000,560,0.15,0.15,0.000267857142857143,efde135332436de33b6f8bb621bc1d6486681a72a9383122b286a9a18f9a3968,efde135332436de33b6f8bb621bc1d6486681a72a9383122b286a9a18f9a3968,int,72aeea58f7f0fd26399f753c004578c586d824e4fe207e6ec9a9f4daf0ce666a,996,560,TRUE,TRUE,FALSE,FALSE,0.11.2
candidate,5,3,dta,byte,compact_01,add,typed_double,3,1000000,500,0.135,0.135000000000001,0.00027,3b1e77f1eced8b3079415048b0825ca71e1f66b89f48c1dea9a01af725bef1c6,3b1e77f1eced8b3079415048b0825ca71e1f66b89f48c1dea9a01af725bef1c6,double,72aeea58f7f0fd26399f753c004578c586d824e4fe207e6ec9a9f4daf0ce666a,996,500,FALSE,FALSE,FALSE,FALSE,0.11.2
candidate,5,4,arrow,byte,compact_01,multiply,compact,1,1000000,548,0.149999999999999,0.15,0.000273722627737225,efde135332436de33b6f8bb621bc1d6486681a72a9383122b286a9a18f9a3968,efde135332436de33b6f8bb621bc1d6486681a72a9383122b286a9a18f9a3968,int,72aeea58f7f0fd26399f753c004578c586d824e4fe207e6ec9a9f4daf0ce666a,996,548,TRUE,TRUE,FALSE,FALSE,0.11.2
candidate,5,4,arrow,byte,compact_01,multiply,typed_double,2,1000000,564,0.169,0.168,0.000299645390070923,3b1e77f1eced8b3079415048b0825ca71e1f66b89f48c1dea9a01af725bef1c6,3b1e77f1eced8b3079415048b0825ca71e1f66b89f48c1dea9a01af725bef1c6,double,72aeea58f7f0fd26399f753c004578c586d824e4fe207e6ec9a9f4daf0ce666a,996,564,FALSE,FALSE,FALSE,FALSE,0.11.2
candidate,5,4,arrow,byte,compact_01,multiply,ordinary,3,1000000,548,0.133,0.133,0.000242700729927007,525b2ad9d8a4fe80543008cf27b057b1f2c93bab1e4ebd40bdd7dd3abbe5bdd0,525b2ad9d8a4fe80543008cf27b057b1f2c93bab1e4ebd40bdd7dd3abbe5bdd0,,72aeea58f7f0fd26399f753c004578c586d824e4fe207e6ec9a9f4daf0ce666a,996,0,FALSE,FALSE,FALSE,FALSE,0.11.2
candidate,5,5,arrow,byte,compact_01,divide,typed_double,1,1000000,500,0.149,0.149,0.000298,63ef2a87008176681688b92900a8f3b62eba7777501560510d04e19daecbef9f,63ef2a87008176681688b92900a8f3b62eba7777501560510d04e19daecbef9f,double,72aeea58f7f0fd26399f753c004578c586d824e4fe207e6ec9a9f4daf0ce666a,996,500,FALSE,FALSE,FALSE,FALSE,0.11.2
candidate,5,5,arrow,byte,compact_01,divide,ordinary,2,1000000,544,0.149,0.149,0.000273897058823529,413eded7e50e6467950b89234611ee0feaa8cb2735bcc214225d27bd7d5e7ea8,413eded7e50e6467950b89234611ee0feaa8cb2735bcc214225d27bd7d5e7ea8,,72aeea58f7f0fd26399f753c004578c586d824e4fe207e6ec9a9f4daf0ce666a,996,0,FALSE,FALSE,FALSE,FALSE,0.11.2
candidate,5,5,arrow,byte,compact_01,divide,compact,3,1000000,729,0.15,0.15,0.000205761316872428,ff26b4b50776a968eccece9808e62d6aed31c38a78a7b9408b8f425d13259ec4,ff26b4b50776a968eccece9808e62d6aed31c38a78a7b9408b8f425d13259ec4,float,72aeea58f7f0fd26399f753c004578c586d824e4fe207e6ec9a9f4daf0ce666a,996,729,TRUE,TRUE,FALSE,FALSE,0.11.2
candidate,5,6,arrow,byte,compact_01,add,ordinary,1,1000000,525,0.133,0.133,0.000253333333333333,525b2ad9d8a4fe80543008cf27b057b1f2c93bab1e4ebd40bdd7dd3abbe5bdd0,525b2ad9d8a4fe80543008cf27b057b1f2c93bab1e4ebd40bdd7dd3abbe5bdd0,,72aeea58f7f0fd26399f753c004578c586d824e4fe207e6ec9a9f4daf0ce666a,996,0,FALSE,FALSE,FALSE,FALSE,0.11.2
candidate,5,6,arrow,byte,compact_01,add,compact,2,1000000,544,0.148,0.149,0.000272058823529411,efde135332436de33b6f8bb621bc1d6486681a72a9383122b286a9a18f9a3968,efde135332436de33b6f8bb621bc1d6486681a72a9383122b286a9a18f9a3968,int,72aeea58f7f0fd26399f753c004578c586d824e4fe207e6ec9a9f4daf0ce666a,996,544,TRUE,TRUE,FALSE,FALSE,0.11.2
candidate,5,6,arrow,byte,compact_01,add,typed_double,3,1000000,560,0.167999999999999,0.168999999999999,0.000299999999999999,3b1e77f1eced8b3079415048b0825ca71e1f66b89f48c1dea9a01af725bef1c6,3b1e77f1eced8b3079415048b0825ca71e1f66b89f48c1dea9a01af725bef1c6,double,72aeea58f7f0fd26399f753c004578c586d824e4fe207e6ec9a9f4daf0ce666a,996,560,FALSE,FALSE,FALSE,FALSE,0.11.2
candidate,5,7,dta,int,compact_09,multiply,compact,1,1000000,600,0.15,0.151,0.000250000000000001,41787cc527139c6a0f2eed93236f0e601c5564fdc999310959fd6fdbe73057ba,41787cc527139c6a0f2eed93236f0e601c5564fdc999310959fd6fdbe73057ba,long,abc996276c43213a415c58f29e20b709ac8ad9ca2eb3e791be59513a9173f999,988,600,TRUE,TRUE,FALSE,FALSE,0.11.2
candidate,5,7,dta,int,compact_09,multiply,typed_double,2,1000000,504,0.132999999999999,0.134000000000001,0.000263888888888887,59cb41c73aa369782a91f15618fa56f12c834d3532afcb929640d57d8a6c8414,59cb41c73aa369782a91f15618fa56f12c834d3532afcb929640d57d8a6c8414,double,abc996276c43213a415c58f29e20b709ac8ad9ca2eb3e791be59513a9173f999,988,504,FALSE,FALSE,FALSE,FALSE,0.11.2
candidate,5,7,dta,int,compact_09,multiply,ordinary,3,1000000,548,0.148999999999999,0.149000000000001,0.000271897810218976,729c722632150a0eff97243d1eacc06818e2eb7f01f0bd0222f34a695871dbfd,729c722632150a0eff97243d1eacc06818e2eb7f01f0bd0222f34a695871dbfd,,abc996276c43213a415c58f29e20b709ac8ad9ca2eb3e791be59513a9173f999,988,0,FALSE,FALSE,FALSE,FALSE,0.11.2
candidate,5,8,dta,int,compact_09,divide,typed_double,1,1000000,507,0.167,0.166,0.000329388560157791,2cd99a0a76c21257b1919528a50f31c193a66a3a66582387951e0a01c7828dd9,2cd99a0a76c21257b1919528a50f31c193a66a3a66582387951e0a01c7828dd9,double,abc996276c43213a415c58f29e20b709ac8ad9ca2eb3e791be59513a9173f999,988,507,FALSE,FALSE,FALSE,FALSE,0.11.2
candidate,5,8,dta,int,compact_09,divide,ordinary,2,1000000,620,0.166,0.166,0.000267741935483872,d989d6427f4ee30eace50597aea445ac418915eae5ab5c32afc70989c6af107d,d989d6427f4ee30eace50597aea445ac418915eae5ab5c32afc70989c6af107d,,abc996276c43213a415c58f29e20b709ac8ad9ca2eb3e791be59513a9173f999,988,0,FALSE,FALSE,FALSE,FALSE,0.11.2
candidate,5,8,dta,int,compact_09,divide,compact,3,1000000,825,0.149000000000001,0.149000000000001,0.000180606060606062,77a958c828805ad22cb3ad69e41c4f04cdf5c80de8b700e483fcc5cca9a4ca19,77a958c828805ad22cb3ad69e41c4f04cdf5c80de8b700e483fcc5cca9a4ca19,float,abc996276c43213a415c58f29e20b709ac8ad9ca2eb3e791be59513a9173f999,988,825,TRUE,TRUE,FALSE,FALSE,0.11.2
candidate,5,9,dta,int,compact_09,add,ordinary,1,1000000,529,0.132999999999999,0.132000000000001,0.00025141776937618,729c722632150a0eff97243d1eacc06818e2eb7f01f0bd0222f34a695871dbfd,729c722632150a0eff97243d1eacc06818e2eb7f01f0bd0222f34a695871dbfd,,abc996276c43213a415c58f29e20b709ac8ad9ca2eb3e791be59513a9173f999,988,0,FALSE,FALSE,FALSE,FALSE,0.11.2
candidate,5,9,dta,int,compact_09,add,compact,2,1000000,600,0.15,0.15,0.000250000000000001,41787cc527139c6a0f2eed93236f0e601c5564fdc999310959fd6fdbe73057ba,41787cc527139c6a0f2eed93236f0e601c5564fdc999310959fd6fdbe73057ba,long,abc996276c43213a415c58f29e20b709ac8ad9ca2eb3e791be59513a9173f999,988,600,TRUE,TRUE,FALSE,FALSE,0.11.2
candidate,5,9,dta,int,compact_09,add,typed_double,3,1000000,500,0.132999999999999,0.132999999999999,0.000265999999999998,59cb41c73aa369782a91f15618fa56f12c834d3532afcb929640d57d8a6c8414,59cb41c73aa369782a91f15618fa56f12c834d3532afcb929640d57d8a6c8414,double,abc996276c43213a415c58f29e20b709ac8ad9ca2eb3e791be59513a9173f999,988,500,FALSE,FALSE,FALSE,FALSE,0.11.2
candidate,5,10,arrow,int,compact_09,multiply,compact,1,1000000,573,0.148999999999999,0.148999999999999,0.00026003490401396,41787cc527139c6a0f2eed93236f0e601c5564fdc999310959fd6fdbe73057ba,41787cc527139c6a0f2eed93236f0e601c5564fdc999310959fd6fdbe73057ba,long,abc996276c43213a415c58f29e20b709ac8ad9ca2eb3e791be59513a9173f999,988,573,TRUE,TRUE,FALSE,FALSE,0.11.2
candidate,5,10,arrow,int,compact_09,multiply,typed_double,2,1000000,569,0.166,0.165999999999999,0.000291739894551846,59cb41c73aa369782a91f15618fa56f12c834d3532afcb929640d57d8a6c8414,59cb41c73aa369782a91f15618fa56f12c834d3532afcb929640d57d8a6c8414,double,abc996276c43213a415c58f29e20b709ac8ad9ca2eb3e791be59513a9173f999,988,569,FALSE,FALSE,FALSE,FALSE,0.11.2
candidate,5,10,arrow,int,compact_09,multiply,ordinary,3,1000000,626,0.167,0.167,0.000266773162939297,729c722632150a0eff97243d1eacc06818e2eb7f01f0bd0222f34a695871dbfd,729c722632150a0eff97243d1eacc06818e2eb7f01f0bd0222f34a695871dbfd,,abc996276c43213a415c58f29e20b709ac8ad9ca2eb3e791be59513a9173f999,988,0,FALSE,FALSE,FALSE,FALSE,0.11.2
candidate,5,11,arrow,int,compact_09,divide,typed_double,1,1000000,507,0.165000000000001,0.164,0.00032544378698225,2cd99a0a76c21257b1919528a50f31c193a66a3a66582387951e0a01c7828dd9,2cd99a0a76c21257b1919528a50f31c193a66a3a66582387951e0a01c7828dd9,double,abc996276c43213a415c58f29e20b709ac8ad9ca2eb3e791be59513a9173f999,988,507,FALSE,FALSE,FALSE,FALSE,0.11.2
candidate,5,11,arrow,int,compact_09,divide,ordinary,2,1000000,591,0.170999999999999,0.17,0.000289340101522842,d989d6427f4ee30eace50597aea445ac418915eae5ab5c32afc70989c6af107d,d989d6427f4ee30eace50597aea445ac418915eae5ab5c32afc70989c6af107d,,abc996276c43213a415c58f29e20b709ac8ad9ca2eb3e791be59513a9173f999,988,0,FALSE,FALSE,FALSE,FALSE,0.11.2
candidate,5,11,arrow,int,compact_09,divide,compact,3,1000000,758,0.16,0.161,0.000211081794195251,77a958c828805ad22cb3ad69e41c4f04cdf5c80de8b700e483fcc5cca9a4ca19,77a958c828805ad22cb3ad69e41c4f04cdf5c80de8b700e483fcc5cca9a4ca19,float,abc996276c43213a415c58f29e20b709ac8ad9ca2eb3e791be59513a9173f999,988,758,TRUE,TRUE,FALSE,FALSE,0.11.2
candidate,5,12,arrow,int,compact_09,add,ordinary,1,1000000,500,0.128,0.126999999999999,0.000256,729c722632150a0eff97243d1eacc06818e2eb7f01f0bd0222f34a695871dbfd,729c722632150a0eff97243d1eacc06818e2eb7f01f0bd0222f34a695871dbfd,,abc996276c43213a415c58f29e20b709ac8ad9ca2eb3e791be59513a9173f999,988,0,FALSE,FALSE,FALSE,FALSE,0.11.2
candidate,5,12,arrow,int,compact_09,add,compact,2,1000000,514,0.134,0.134000000000002,0.000260700389105059,41787cc527139c6a0f2eed93236f0e601c5564fdc999310959fd6fdbe73057ba,41787cc527139c6a0f2eed93236f0e601c5564fdc999310959fd6fdbe73057ba,long,abc996276c43213a415c58f29e20b709ac8ad9ca2eb3e791be59513a9173f999,988,514,TRUE,TRUE,FALSE,FALSE,0.11.2
candidate,5,12,arrow,int,compact_09,add,typed_double,3,1000000,564,0.166,0.166999999999998,0.000294326241134752,59cb41c73aa369782a91f15618fa56f12c834d3532afcb929640d57d8a6c8414,59cb41c73aa369782a91f15618fa56f12c834d3532afcb929640d57d8a6c8414,double,abc996276c43213a415c58f29e20b709ac8ad9ca2eb3e791be59513a9173f999,988,564,FALSE,FALSE,FALSE,FALSE,0.11.2
candidate,5,13,dta,long,compact_17,multiply,compact,1,1000000,529,0.166,0.166,0.000313799621928167,1df7f843bcd6024fa35aed9422220d4a5997638932b2ec10b5a9fb4031f0d855,1df7f843bcd6024fa35aed9422220d4a5997638932b2ec10b5a9fb4031f0d855,double,cf168eba9a51070da837266bd5a080e4068859b3fd1205758a038898049b2888,980,529,TRUE,TRUE,FALSE,FALSE,0.11.2
candidate,5,13,dta,long,compact_17,multiply,typed_double,2,1000000,564,0.163999999999998,0.163999999999998,0.000290780141843968,1df7f843bcd6024fa35aed9422220d4a5997638932b2ec10b5a9fb4031f0d855,1df7f843bcd6024fa35aed9422220d4a5997638932b2ec10b5a9fb4031f0d855,double,cf168eba9a51070da837266bd5a080e4068859b3fd1205758a038898049b2888,980,564,FALSE,FALSE,FALSE,FALSE,0.11.2
candidate,5,13,dta,long,compact_17,multiply,ordinary,3,1000000,626,0.168000000000003,0.168999999999999,0.000268370607028759,671045451e824b2e242f3ad3ee4ce3874def4eb03bc1581bd3d2a7bcbe94c3ab,671045451e824b2e242f3ad3ee4ce3874def4eb03bc1581bd3d2a7bcbe94c3ab,,cf168eba9a51070da837266bd5a080e4068859b3fd1205758a038898049b2888,980,0,FALSE,FALSE,FALSE,FALSE,0.11.2
candidate,5,14,dta,long,compact_17,divide,typed_double,1,1000000,511,0.166,0.165000000000003,0.000324853228962819,7d0ae29663b1e2e4ba192ee6aacc57de486ddae65b8fbc8e07076db990931d00,7d0ae29663b1e2e4ba192ee6aacc57de486ddae65b8fbc8e07076db990931d00,double,cf168eba9a51070da837266bd5a080e4068859b3fd1205758a038898049b2888,980,511,FALSE,FALSE,FALSE,FALSE,0.11.2
candidate,5,14,dta,long,compact_17,divide,ordinary,2,1000000,625,0.166,0.166,0.000265600000000001,96bea5cf0e66f68ebcf2da25669b0b794a8afa1538ddd32390d185fccfec8440,96bea5cf0e66f68ebcf2da25669b0b794a8afa1538ddd32390d185fccfec8440,,cf168eba9a51070da837266bd5a080e4068859b3fd1205758a038898049b2888,980,0,FALSE,FALSE,FALSE,FALSE,0.11.2
candidate,5,14,dta,long,compact_17,divide,compact,3,1000000,500,0.138000000000002,0.137999999999998,0.000276000000000003,7d0ae29663b1e2e4ba192ee6aacc57de486ddae65b8fbc8e07076db990931d00,7d0ae29663b1e2e4ba192ee6aacc57de486ddae65b8fbc8e07076db990931d00,double,cf168eba9a51070da837266bd5a080e4068859b3fd1205758a038898049b2888,980,500,TRUE,TRUE,FALSE,FALSE,0.11.2
candidate,5,15,dta,long,compact_17,add,ordinary,1,1000000,529,0.133000000000003,0.131999999999998,0.000251417769376187,671045451e824b2e242f3ad3ee4ce3874def4eb03bc1581bd3d2a7bcbe94c3ab,671045451e824b2e242f3ad3ee4ce3874def4eb03bc1581bd3d2a7bcbe94c3ab,,cf168eba9a51070da837266bd5a080e4068859b3fd1205758a038898049b2888,980,0,FALSE,FALSE,FALSE,FALSE,0.11.2
candidate,5,15,dta,long,compact_17,add,compact,2,1000000,500,0.141999999999999,0.141000000000002,0.000283999999999999,1df7f843bcd6024fa35aed9422220d4a5997638932b2ec10b5a9fb4031f0d855,1df7f843bcd6024fa35aed9422220d4a5997638932b2ec10b5a9fb4031f0d855,double,cf168eba9a51070da837266bd5a080e4068859b3fd1205758a038898049b2888,980,500,TRUE,TRUE,FALSE,FALSE,0.11.2
candidate,5,15,dta,long,compact_17,add,typed_double,3,1000000,507,0.134999999999998,0.135000000000002,0.000266272189349109,1df7f843bcd6024fa35aed9422220d4a5997638932b2ec10b5a9fb4031f0d855,1df7f843bcd6024fa35aed9422220d4a5997638932b2ec10b5a9fb4031f0d855,double,cf168eba9a51070da837266bd5a080e4068859b3fd1205758a038898049b2888,980,507,FALSE,FALSE,FALSE,FALSE,0.11.2
candidate,5,16,arrow,long,compact_17,multiply,compact,1,1000000,500,0.145,0.146000000000001,0.000289999999999999,1df7f843bcd6024fa35aed9422220d4a5997638932b2ec10b5a9fb4031f0d855,1df7f843bcd6024fa35aed9422220d4a5997638932b2ec10b5a9fb4031f0d855,double,cf168eba9a51070da837266bd5a080e4068859b3fd1205758a038898049b2888,980,500,TRUE,TRUE,FALSE,FALSE,0.11.2
candidate,5,16,arrow,long,compact_17,multiply,typed_double,2,1000000,500,0.151,0.151,0.000302,1df7f843bcd6024fa35aed9422220d4a5997638932b2ec10b5a9fb4031f0d855,1df7f843bcd6024fa35aed9422220d4a5997638932b2ec10b5a9fb4031f0d855,double,cf168eba9a51070da837266bd5a080e4068859b3fd1205758a038898049b2888,980,500,FALSE,FALSE,FALSE,FALSE,0.11.2
candidate,5,16,arrow,long,compact_17,multiply,ordinary,3,1000000,540,0.149000000000001,0.148,0.000275925925925928,671045451e824b2e242f3ad3ee4ce3874def4eb03bc1581bd3d2a7bcbe94c3ab,671045451e824b2e242f3ad3ee4ce3874def4eb03bc1581bd3d2a7bcbe94c3ab,,cf168eba9a51070da837266bd5a080e4068859b3fd1205758a038898049b2888,980,0,FALSE,FALSE,FALSE,FALSE,0.11.2
candidate,5,17,arrow,long,compact_17,divide,typed_double,1,1000000,500,0.149000000000001,0.149000000000001,0.000298000000000002,7d0ae29663b1e2e4ba192ee6aacc57de486ddae65b8fbc8e07076db990931d00,7d0ae29663b1e2e4ba192ee6aacc57de486ddae65b8fbc8e07076db990931d00,double,cf168eba9a51070da837266bd5a080e4068859b3fd1205758a038898049b2888,980,500,FALSE,FALSE,FALSE,FALSE,0.11.2
candidate,5,17,arrow,long,compact_17,divide,ordinary,2,1000000,540,0.148,0.149,0.000274074074074073,96bea5cf0e66f68ebcf2da25669b0b794a8afa1538ddd32390d185fccfec8440,96bea5cf0e66f68ebcf2da25669b0b794a8afa1538ddd32390d185fccfec8440,,cf168eba9a51070da837266bd5a080e4068859b3fd1205758a038898049b2888,980,0,FALSE,FALSE,FALSE,FALSE,0.11.2
candidate,5,17,arrow,long,compact_17,divide,compact,3,1000000,500,0.161999999999999,0.161999999999999,0.000323999999999998,7d0ae29663b1e2e4ba192ee6aacc57de486ddae65b8fbc8e07076db990931d00,7d0ae29663b1e2e4ba192ee6aacc57de486ddae65b8fbc8e07076db990931d00,double,cf168eba9a51070da837266bd5a080e4068859b3fd1205758a038898049b2888,980,500,TRUE,TRUE,FALSE,FALSE,0.11.2
candidate,5,18,arrow,long,compact_17,add,ordinary,1,1000000,582,0.166,0.166000000000003,0.000285223367697595,671045451e824b2e242f3ad3ee4ce3874def4eb03bc1581bd3d2a7bcbe94c3ab,671045451e824b2e242f3ad3ee4ce3874def4eb03bc1581bd3d2a7bcbe94c3ab,,cf168eba9a51070da837266bd5a080e4068859b3fd1205758a038898049b2888,980,0,FALSE,FALSE,FALSE,FALSE,0.11.2
candidate,5,18,arrow,long,compact_17,add,compact,2,1000000,500,0.166,0.166000000000003,0.000332000000000001,1df7f843bcd6024fa35aed9422220d4a5997638932b2ec10b5a9fb4031f0d855,1df7f843bcd6024fa35aed9422220d4a5997638932b2ec10b5a9fb4031f0d855,double,cf168eba9a51070da837266bd5a080e4068859b3fd1205758a038898049b2888,980,500,TRUE,TRUE,FALSE,FALSE,0.11.2
candidate,5,18,arrow,long,compact_17,add,typed_double,3,1000000,500,0.152999999999999,0.151999999999997,0.000305999999999997,1df7f843bcd6024fa35aed9422220d4a5997638932b2ec10b5a9fb4031f0d855,1df7f843bcd6024fa35aed9422220d4a5997638932b2ec10b5a9fb4031f0d855,double,cf168eba9a51070da837266bd5a080e4068859b3fd1205758a038898049b2888,980,500,FALSE,FALSE,FALSE,FALSE,0.11.2
candidate,5,19,dta,float,compact_25,multiply,compact,1,1000000,500,0.162000000000003,0.161999999999999,0.000324000000000005,85b946da983a156bef0be0f20e4902d4abbb997e5e4ec9ef440464482cdc234f,85b946da983a156bef0be0f20e4902d4abbb997e5e4ec9ef440464482cdc234f,float,79dcf5eee7eb5fc8d9e6e622485364f9c79023214f4836cdfaaddfc24954a13a,972,500,TRUE,TRUE,FALSE,FALSE,0.11.2
candidate,5,19,dta,float,compact_25,multiply,typed_double,2,1000000,500,0.149999999999999,0.149999999999999,0.000299999999999997,2f88347ec5cc3067fdbfb0b10eb0196b26f71e822bf5261d3e26bd5cd8863930,2f88347ec5cc3067fdbfb0b10eb0196b26f71e822bf5261d3e26bd5cd8863930,double,79dcf5eee7eb5fc8d9e6e622485364f9c79023214f4836cdfaaddfc24954a13a,972,500,FALSE,FALSE,FALSE,FALSE,0.11.2
candidate,5,19,dta,float,compact_25,multiply,ordinary,3,1000000,540,0.148,0.148000000000003,0.000274074074074073,744238dff0a503a1b62571c237d68f28b9f70ce5dc1d0e28212096a8c637233a,744238dff0a503a1b62571c237d68f28b9f70ce5dc1d0e28212096a8c637233a,,79dcf5eee7eb5fc8d9e6e622485364f9c79023214f4836cdfaaddfc24954a13a,972,0,FALSE,FALSE,FALSE,FALSE,0.11.2
candidate,5,20,dta,float,compact_25,divide,typed_double,1,1000000,500,0.149999999999999,0.148999999999997,0.000299999999999997,d4052c054b297af2ee5c03f0c39b43e78c09ece7480d086008efaa871364bc14,d4052c054b297af2ee5c03f0c39b43e78c09ece7480d086008efaa871364bc14,double,79dcf5eee7eb5fc8d9e6e622485364f9c79023214f4836cdfaaddfc24954a13a,972,500,FALSE,FALSE,FALSE,FALSE,0.11.2
candidate,5,20,dta,float,compact_25,divide,ordinary,2,1000000,540,0.149999999999999,0.149000000000001,0.000277777777777775,1eb55135fe633cd295bc5be0af351ad8891627f20f18915449a5f28318da98d4,1eb55135fe633cd295bc5be0af351ad8891627f20f18915449a5f28318da98d4,,79dcf5eee7eb5fc8d9e6e622485364f9c79023214f4836cdfaaddfc24954a13a,972,0,FALSE,FALSE,FALSE,FALSE,0.11.2
candidate,5,20,dta,float,compact_25,divide,compact,3,1000000,532,0.149999999999999,0.151,0.000281954887218042,5c4eb5428888561380c8c1faad62395ae26006680cabcf7fb5e6fe9cb57c3966,5c4eb5428888561380c8c1faad62395ae26006680cabcf7fb5e6fe9cb57c3966,float,79dcf5eee7eb5fc8d9e6e622485364f9c79023214f4836cdfaaddfc24954a13a,972,532,TRUE,TRUE,FALSE,FALSE,0.11.2
candidate,5,21,dta,float,compact_25,add,ordinary,1,1000000,521,0.149000000000001,0.149000000000001,0.000285988483685222,744238dff0a503a1b62571c237d68f28b9f70ce5dc1d0e28212096a8c637233a,744238dff0a503a1b62571c237d68f28b9f70ce5dc1d0e28212096a8c637233a,,79dcf5eee7eb5fc8d9e6e622485364f9c79023214f4836cdfaaddfc24954a13a,972,0,FALSE,FALSE,FALSE,FALSE,0.11.2
candidate,5,21,dta,float,compact_25,add,compact,2,1000000,500,0.160999999999998,0.161000000000001,0.000321999999999996,85b946da983a156bef0be0f20e4902d4abbb997e5e4ec9ef440464482cdc234f,85b946da983a156bef0be0f20e4902d4abbb997e5e4ec9ef440464482cdc234f,float,79dcf5eee7eb5fc8d9e6e622485364f9c79023214f4836cdfaaddfc24954a13a,972,500,TRUE,TRUE,FALSE,FALSE,0.11.2
candidate,5,21,dta,float,compact_25,add,typed_double,3,1000000,500,0.151,0.152,0.000302,2f88347ec5cc3067fdbfb0b10eb0196b26f71e822bf5261d3e26bd5cd8863930,2f88347ec5cc3067fdbfb0b10eb0196b26f71e822bf5261d3e26bd5cd8863930,double,79dcf5eee7eb5fc8d9e6e622485364f9c79023214f4836cdfaaddfc24954a13a,972,500,FALSE,FALSE,FALSE,FALSE,0.11.2
candidate,5,22,arrow,float,compact_25,multiply,compact,1,1000000,500,0.163999999999998,0.163999999999998,0.000327999999999996,85b946da983a156bef0be0f20e4902d4abbb997e5e4ec9ef440464482cdc234f,85b946da983a156bef0be0f20e4902d4abbb997e5e4ec9ef440464482cdc234f,float,79dcf5eee7eb5fc8d9e6e622485364f9c79023214f4836cdfaaddfc24954a13a,972,500,TRUE,TRUE,FALSE,FALSE,0.11.2
candidate,5,22,arrow,float,compact_25,multiply,typed_double,2,1000000,500,0.133000000000003,0.132999999999999,0.000266000000000005,2f88347ec5cc3067fdbfb0b10eb0196b26f71e822bf5261d3e26bd5cd8863930,2f88347ec5cc3067fdbfb0b10eb0196b26f71e822bf5261d3e26bd5cd8863930,double,79dcf5eee7eb5fc8d9e6e622485364f9c79023214f4836cdfaaddfc24954a13a,972,500,FALSE,FALSE,FALSE,FALSE,0.11.2
candidate,5,22,arrow,float,compact_25,multiply,ordinary,3,1000000,544,0.148,0.150000000000001,0.000272058823529411,744238dff0a503a1b62571c237d68f28b9f70ce5dc1d0e28212096a8c637233a,744238dff0a503a1b62571c237d68f28b9f70ce5dc1d0e28212096a8c637233a,,79dcf5eee7eb5fc8d9e6e622485364f9c79023214f4836cdfaaddfc24954a13a,972,0,FALSE,FALSE,FALSE,FALSE,0.11.2
candidate,5,23,arrow,float,compact_25,divide,typed_double,1,1000000,507,0.166999999999998,0.168000000000002,0.000329388560157787,d4052c054b297af2ee5c03f0c39b43e78c09ece7480d086008efaa871364bc14,d4052c054b297af2ee5c03f0c39b43e78c09ece7480d086008efaa871364bc14,double,79dcf5eee7eb5fc8d9e6e622485364f9c79023214f4836cdfaaddfc24954a13a,972,507,FALSE,FALSE,FALSE,FALSE,0.11.2
candidate,5,23,arrow,float,compact_25,divide,ordinary,2,1000000,540,0.132999999999999,0.134,0.000246296296296295,1eb55135fe633cd295bc5be0af351ad8891627f20f18915449a5f28318da98d4,1eb55135fe633cd295bc5be0af351ad8891627f20f18915449a5f28318da98d4,,79dcf5eee7eb5fc8d9e6e622485364f9c79023214f4836cdfaaddfc24954a13a,972,0,FALSE,FALSE,FALSE,FALSE,0.11.2
candidate,5,23,arrow,float,compact_25,divide,compact,3,1000000,521,0.164999999999999,0.166000000000003,0.000316698656429941,5c4eb5428888561380c8c1faad62395ae26006680cabcf7fb5e6fe9cb57c3966,5c4eb5428888561380c8c1faad62395ae26006680cabcf7fb5e6fe9cb57c3966,float,79dcf5eee7eb5fc8d9e6e622485364f9c79023214f4836cdfaaddfc24954a13a,972,521,TRUE,TRUE,FALSE,FALSE,0.11.2
candidate,5,24,arrow,float,compact_25,add,ordinary,1,1000000,591,0.164999999999999,0.165999999999999,0.000279187817258882,744238dff0a503a1b62571c237d68f28b9f70ce5dc1d0e28212096a8c637233a,744238dff0a503a1b62571c237d68f28b9f70ce5dc1d0e28212096a8c637233a,,79dcf5eee7eb5fc8d9e6e622485364f9c79023214f4836cdfaaddfc24954a13a,972,0,FALSE,FALSE,FALSE,FALSE,0.11.2
candidate,5,24,arrow,float,compact_25,add,compact,2,1000000,500,0.164000000000001,0.162999999999997,0.000328000000000003,85b946da983a156bef0be0f20e4902d4abbb997e5e4ec9ef440464482cdc234f,85b946da983a156bef0be0f20e4902d4abbb997e5e4ec9ef440464482cdc234f,float,79dcf5eee7eb5fc8d9e6e622485364f9c79023214f4836cdfaaddfc24954a13a,972,500,TRUE,TRUE,FALSE,FALSE,0.11.2
candidate,5,24,arrow,float,compact_25,add,typed_double,3,1000000,500,0.134,0.134,0.000268000000000001,2f88347ec5cc3067fdbfb0b10eb0196b26f71e822bf5261d3e26bd5cd8863930,2f88347ec5cc3067fdbfb0b10eb0196b26f71e822bf5261d3e26bd5cd8863930,double,79dcf5eee7eb5fc8d9e6e622485364f9c79023214f4836cdfaaddfc24954a13a,972,500,FALSE,FALSE,FALSE,FALSE,0.11.2
candidate,6,1,dta,byte,compact_01,multiply,compact,1,1000000,552,0.147,0.148,0.000266304347826087,efde135332436de33b6f8bb621bc1d6486681a72a9383122b286a9a18f9a3968,efde135332436de33b6f8bb621bc1d6486681a72a9383122b286a9a18f9a3968,int,72aeea58f7f0fd26399f753c004578c586d824e4fe207e6ec9a9f4daf0ce666a,996,552,TRUE,TRUE,FALSE,FALSE,0.11.2
candidate,6,1,dta,byte,compact_01,multiply,ordinary,2,1000000,536,0.149,0.148,0.000277985074626866,525b2ad9d8a4fe80543008cf27b057b1f2c93bab1e4ebd40bdd7dd3abbe5bdd0,525b2ad9d8a4fe80543008cf27b057b1f2c93bab1e4ebd40bdd7dd3abbe5bdd0,,72aeea58f7f0fd26399f753c004578c586d824e4fe207e6ec9a9f4daf0ce666a,996,0,FALSE,FALSE,FALSE,FALSE,0.11.2
candidate,6,1,dta,byte,compact_01,multiply,typed_double,3,1000000,500,0.151,0.151,0.000302,3b1e77f1eced8b3079415048b0825ca71e1f66b89f48c1dea9a01af725bef1c6,3b1e77f1eced8b3079415048b0825ca71e1f66b89f48c1dea9a01af725bef1c6,double,72aeea58f7f0fd26399f753c004578c586d824e4fe207e6ec9a9f4daf0ce666a,996,500,FALSE,FALSE,FALSE,FALSE,0.11.2
candidate,6,2,dta,byte,compact_01,divide,typed_double,1,1000000,500,0.15,0.15,3e-04,63ef2a87008176681688b92900a8f3b62eba7777501560510d04e19daecbef9f,63ef2a87008176681688b92900a8f3b62eba7777501560510d04e19daecbef9f,double,72aeea58f7f0fd26399f753c004578c586d824e4fe207e6ec9a9f4daf0ce666a,996,500,FALSE,FALSE,FALSE,FALSE,0.11.2
candidate,6,2,dta,byte,compact_01,divide,compact,2,1000000,736,0.15,0.15,0.000203804347826087,ff26b4b50776a968eccece9808e62d6aed31c38a78a7b9408b8f425d13259ec4,ff26b4b50776a968eccece9808e62d6aed31c38a78a7b9408b8f425d13259ec4,float,72aeea58f7f0fd26399f753c004578c586d824e4fe207e6ec9a9f4daf0ce666a,996,736,TRUE,TRUE,FALSE,FALSE,0.11.2
candidate,6,2,dta,byte,compact_01,divide,ordinary,3,1000000,540,0.149,0.148,0.000275925925925926,413eded7e50e6467950b89234611ee0feaa8cb2735bcc214225d27bd7d5e7ea8,413eded7e50e6467950b89234611ee0feaa8cb2735bcc214225d27bd7d5e7ea8,,72aeea58f7f0fd26399f753c004578c586d824e4fe207e6ec9a9f4daf0ce666a,996,0,FALSE,FALSE,FALSE,FALSE,0.11.2
candidate,6,3,dta,byte,compact_01,add,ordinary,1,1000000,521,0.133,0.133,0.000255278310940499,525b2ad9d8a4fe80543008cf27b057b1f2c93bab1e4ebd40bdd7dd3abbe5bdd0,525b2ad9d8a4fe80543008cf27b057b1f2c93bab1e4ebd40bdd7dd3abbe5bdd0,,72aeea58f7f0fd26399f753c004578c586d824e4fe207e6ec9a9f4daf0ce666a,996,0,FALSE,FALSE,FALSE,FALSE,0.11.2
candidate,6,3,dta,byte,compact_01,add,typed_double,2,1000000,500,0.152,0.152,0.000304,3b1e77f1eced8b3079415048b0825ca71e1f66b89f48c1dea9a01af725bef1c6,3b1e77f1eced8b3079415048b0825ca71e1f66b89f48c1dea9a01af725bef1c6,double,72aeea58f7f0fd26399f753c004578c586d824e4fe207e6ec9a9f4daf0ce666a,996,500,FALSE,FALSE,FALSE,FALSE,0.11.2
candidate,6,3,dta,byte,compact_01,add,compact,3,1000000,556,0.148000000000001,0.149000000000001,0.000266187050359713,efde135332436de33b6f8bb621bc1d6486681a72a9383122b286a9a18f9a3968,efde135332436de33b6f8bb621bc1d6486681a72a9383122b286a9a18f9a3968,int,72aeea58f7f0fd26399f753c004578c586d824e4fe207e6ec9a9f4daf0ce666a,996,556,TRUE,TRUE,FALSE,FALSE,0.11.2
candidate,6,4,arrow,byte,compact_01,multiply,compact,1,1000000,548,0.15,0.149999999999999,0.000273722627737227,efde135332436de33b6f8bb621bc1d6486681a72a9383122b286a9a18f9a3968,efde135332436de33b6f8bb621bc1d6486681a72a9383122b286a9a18f9a3968,int,72aeea58f7f0fd26399f753c004578c586d824e4fe207e6ec9a9f4daf0ce666a,996,548,TRUE,TRUE,FALSE,FALSE,0.11.2
candidate,6,4,arrow,byte,compact_01,multiply,ordinary,2,1000000,544,0.133,0.132,0.000244485294117647,525b2ad9d8a4fe80543008cf27b057b1f2c93bab1e4ebd40bdd7dd3abbe5bdd0,525b2ad9d8a4fe80543008cf27b057b1f2c93bab1e4ebd40bdd7dd3abbe5bdd0,,72aeea58f7f0fd26399f753c004578c586d824e4fe207e6ec9a9f4daf0ce666a,996,0,FALSE,FALSE,FALSE,FALSE,0.11.2
candidate,6,4,arrow,byte,compact_01,multiply,typed_double,3,1000000,560,0.165,0.165999999999999,0.000294642857142857,3b1e77f1eced8b3079415048b0825ca71e1f66b89f48c1dea9a01af725bef1c6,3b1e77f1eced8b3079415048b0825ca71e1f66b89f48c1dea9a01af725bef1c6,double,72aeea58f7f0fd26399f753c004578c586d824e4fe207e6ec9a9f4daf0ce666a,996,560,FALSE,FALSE,FALSE,FALSE,0.11.2
candidate,6,5,arrow,byte,compact_01,divide,typed_double,1,1000000,500,0.149,0.148000000000001,0.000298,63ef2a87008176681688b92900a8f3b62eba7777501560510d04e19daecbef9f,63ef2a87008176681688b92900a8f3b62eba7777501560510d04e19daecbef9f,double,72aeea58f7f0fd26399f753c004578c586d824e4fe207e6ec9a9f4daf0ce666a,996,500,FALSE,FALSE,FALSE,FALSE,0.11.2
candidate,6,5,arrow,byte,compact_01,divide,compact,2,1000000,729,0.166,0.165999999999999,0.000227709190672154,ff26b4b50776a968eccece9808e62d6aed31c38a78a7b9408b8f425d13259ec4,ff26b4b50776a968eccece9808e62d6aed31c38a78a7b9408b8f425d13259ec4,float,72aeea58f7f0fd26399f753c004578c586d824e4fe207e6ec9a9f4daf0ce666a,996,729,TRUE,TRUE,FALSE,FALSE,0.11.2
candidate,6,5,arrow,byte,compact_01,divide,ordinary,3,1000000,615,0.165999999999999,0.165999999999999,0.000269918699186991,413eded7e50e6467950b89234611ee0feaa8cb2735bcc214225d27bd7d5e7ea8,413eded7e50e6467950b89234611ee0feaa8cb2735bcc214225d27bd7d5e7ea8,,72aeea58f7f0fd26399f753c004578c586d824e4fe207e6ec9a9f4daf0ce666a,996,0,FALSE,FALSE,FALSE,FALSE,0.11.2
candidate,6,6,arrow,byte,compact_01,add,ordinary,1,1000000,521,0.132,0.131,0.000253358925143953,525b2ad9d8a4fe80543008cf27b057b1f2c93bab1e4ebd40bdd7dd3abbe5bdd0,525b2ad9d8a4fe80543008cf27b057b1f2c93bab1e4ebd40bdd7dd3abbe5bdd0,,72aeea58f7f0fd26399f753c004578c586d824e4fe207e6ec9a9f4daf0ce666a,996,0,FALSE,FALSE,FALSE,FALSE,0.11.2
candidate,6,6,arrow,byte,compact_01,add,typed_double,2,1000000,500,0.151999999999999,0.153,0.000303999999999998,3b1e77f1eced8b3079415048b0825ca71e1f66b89f48c1dea9a01af725bef1c6,3b1e77f1eced8b3079415048b0825ca71e1f66b89f48c1dea9a01af725bef1c6,double,72aeea58f7f0fd26399f753c004578c586d824e4fe207e6ec9a9f4daf0ce666a,996,500,FALSE,FALSE,FALSE,FALSE,0.11.2
candidate,6,6,arrow,byte,compact_01,add,compact,3,1000000,544,0.152000000000001,0.152000000000001,0.000279411764705884,efde135332436de33b6f8bb621bc1d6486681a72a9383122b286a9a18f9a3968,efde135332436de33b6f8bb621bc1d6486681a72a9383122b286a9a18f9a3968,int,72aeea58f7f0fd26399f753c004578c586d824e4fe207e6ec9a9f4daf0ce666a,996,544,TRUE,TRUE,FALSE,FALSE,0.11.2
candidate,6,7,dta,int,compact_09,multiply,compact,1,1000000,600,0.15,0.15,0.000250000000000001,41787cc527139c6a0f2eed93236f0e601c5564fdc999310959fd6fdbe73057ba,41787cc527139c6a0f2eed93236f0e601c5564fdc999310959fd6fdbe73057ba,long,abc996276c43213a415c58f29e20b709ac8ad9ca2eb3e791be59513a9173f999,988,600,TRUE,TRUE,FALSE,FALSE,0.11.2
candidate,6,7,dta,int,compact_09,multiply,ordinary,2,1000000,548,0.148999999999999,0.149999999999999,0.000271897810218976,729c722632150a0eff97243d1eacc06818e2eb7f01f0bd0222f34a695871dbfd,729c722632150a0eff97243d1eacc06818e2eb7f01f0bd0222f34a695871dbfd,,abc996276c43213a415c58f29e20b709ac8ad9ca2eb3e791be59513a9173f999,988,0,FALSE,FALSE,FALSE,FALSE,0.11.2
candidate,6,7,dta,int,compact_09,multiply,typed_double,3,1000000,569,0.167,0.167,0.000293497363796133,59cb41c73aa369782a91f15618fa56f12c834d3532afcb929640d57d8a6c8414,59cb41c73aa369782a91f15618fa56f12c834d3532afcb929640d57d8a6c8414,double,abc996276c43213a415c58f29e20b709ac8ad9ca2eb3e791be59513a9173f999,988,569,FALSE,FALSE,FALSE,FALSE,0.11.2
candidate,6,8,dta,int,compact_09,divide,typed_double,1,1000000,507,0.166,0.167,0.00032741617357002,2cd99a0a76c21257b1919528a50f31c193a66a3a66582387951e0a01c7828dd9,2cd99a0a76c21257b1919528a50f31c193a66a3a66582387951e0a01c7828dd9,double,abc996276c43213a415c58f29e20b709ac8ad9ca2eb3e791be59513a9173f999,988,507,FALSE,FALSE,FALSE,FALSE,0.11.2
candidate,6,8,dta,int,compact_09,divide,compact,2,1000000,825,0.15,0.15,0.000181818181818182,77a958c828805ad22cb3ad69e41c4f04cdf5c80de8b700e483fcc5cca9a4ca19,77a958c828805ad22cb3ad69e41c4f04cdf5c80de8b700e483fcc5cca9a4ca19,float,abc996276c43213a415c58f29e20b709ac8ad9ca2eb3e791be59513a9173f999,988,825,TRUE,TRUE,FALSE,FALSE,0.11.2
candidate,6,8,dta,int,compact_09,divide,ordinary,3,1000000,548,0.149000000000001,0.149000000000001,0.00027189781021898,d989d6427f4ee30eace50597aea445ac418915eae5ab5c32afc70989c6af107d,d989d6427f4ee30eace50597aea445ac418915eae5ab5c32afc70989c6af107d,,abc996276c43213a415c58f29e20b709ac8ad9ca2eb3e791be59513a9173f999,988,0,FALSE,FALSE,FALSE,FALSE,0.11.2
candidate,6,9,dta,int,compact_09,add,ordinary,1,1000000,591,0.164,0.164999999999999,0.000277495769881556,729c722632150a0eff97243d1eacc06818e2eb7f01f0bd0222f34a695871dbfd,729c722632150a0eff97243d1eacc06818e2eb7f01f0bd0222f34a695871dbfd,,abc996276c43213a415c58f29e20b709ac8ad9ca2eb3e791be59513a9173f999,988,0,FALSE,FALSE,FALSE,FALSE,0.11.2
candidate,6,9,dta,int,compact_09,add,typed_double,2,1000000,560,0.173,0.172000000000001,0.000308928571428571,59cb41c73aa369782a91f15618fa56f12c834d3532afcb929640d57d8a6c8414,59cb41c73aa369782a91f15618fa56f12c834d3532afcb929640d57d8a6c8414,double,abc996276c43213a415c58f29e20b709ac8ad9ca2eb3e791be59513a9173f999,988,560,FALSE,FALSE,FALSE,FALSE,0.11.2
candidate,6,9,dta,int,compact_09,add,compact,3,1000000,596,0.148999999999999,0.149000000000001,0.000249999999999999,41787cc527139c6a0f2eed93236f0e601c5564fdc999310959fd6fdbe73057ba,41787cc527139c6a0f2eed93236f0e601c5564fdc999310959fd6fdbe73057ba,long,abc996276c43213a415c58f29e20b709ac8ad9ca2eb3e791be59513a9173f999,988,596,TRUE,TRUE,FALSE,FALSE,0.11.2
candidate,6,10,arrow,int,compact_09,multiply,compact,1,1000000,514,0.135,0.135999999999999,0.000262645914396887,41787cc527139c6a0f2eed93236f0e601c5564fdc999310959fd6fdbe73057ba,41787cc527139c6a0f2eed93236f0e601c5564fdc999310959fd6fdbe73057ba,long,abc996276c43213a415c58f29e20b709ac8ad9ca2eb3e791be59513a9173f999,988,514,TRUE,TRUE,FALSE,FALSE,0.11.2
candidate,6,10,arrow,int,compact_09,multiply,ordinary,2,1000000,610,0.165000000000001,0.164999999999999,0.00027049180327869,729c722632150a0eff97243d1eacc06818e2eb7f01f0bd0222f34a695871dbfd,729c722632150a0eff97243d1eacc06818e2eb7f01f0bd0222f34a695871dbfd,,abc996276c43213a415c58f29e20b709ac8ad9ca2eb3e791be59513a9173f999,988,0,FALSE,FALSE,FALSE,FALSE,0.11.2
candidate,6,10,arrow,int,compact_09,multiply,typed_double,3,1000000,500,0.132,0.132,0.000263999999999999,59cb41c73aa369782a91f15618fa56f12c834d3532afcb929640d57d8a6c8414,59cb41c73aa369782a91f15618fa56f12c834d3532afcb929640d57d8a6c8414,double,abc996276c43213a415c58f29e20b709ac8ad9ca2eb3e791be59513a9173f999,988,500,FALSE,FALSE,FALSE,FALSE,0.11.2
candidate,6,11,arrow,int,compact_09,divide,typed_double,1,1000000,500,0.15,0.15,0.000300000000000001,2cd99a0a76c21257b1919528a50f31c193a66a3a66582387951e0a01c7828dd9,2cd99a0a76c21257b1919528a50f31c193a66a3a66582387951e0a01c7828dd9,double,abc996276c43213a415c58f29e20b709ac8ad9ca2eb3e791be59513a9173f999,988,500,FALSE,FALSE,FALSE,FALSE,0.11.2
candidate,6,11,arrow,int,compact_09,divide,compact,2,1000000,790,0.166,0.166,0.000210126582278481,77a958c828805ad22cb3ad69e41c4f04cdf5c80de8b700e483fcc5cca9a4ca19,77a958c828805ad22cb3ad69e41c4f04cdf5c80de8b700e483fcc5cca9a4ca19,float,abc996276c43213a415c58f29e20b709ac8ad9ca2eb3e791be59513a9173f999,988,790,TRUE,TRUE,FALSE,FALSE,0.11.2
candidate,6,11,arrow,int,compact_09,divide,ordinary,3,1000000,615,0.164999999999999,0.165000000000001,0.000268292682926828,d989d6427f4ee30eace50597aea445ac418915eae5ab5c32afc70989c6af107d,d989d6427f4ee30eace50597aea445ac418915eae5ab5c32afc70989c6af107d,,abc996276c43213a415c58f29e20b709ac8ad9ca2eb3e791be59513a9173f999,988,0,FALSE,FALSE,FALSE,FALSE,0.11.2
candidate,6,12,arrow,int,compact_09,add,ordinary,1,1000000,521,0.131,0.131,0.000251439539347409,729c722632150a0eff97243d1eacc06818e2eb7f01f0bd0222f34a695871dbfd,729c722632150a0eff97243d1eacc06818e2eb7f01f0bd0222f34a695871dbfd,,abc996276c43213a415c58f29e20b709ac8ad9ca2eb3e791be59513a9173f999,988,0,FALSE,FALSE,FALSE,FALSE,0.11.2
candidate,6,12,arrow,int,compact_09,add,typed_double,2,1000000,501,0.134,0.133999999999999,0.00026746506986028,59cb41c73aa369782a91f15618fa56f12c834d3532afcb929640d57d8a6c8414,59cb41c73aa369782a91f15618fa56f12c834d3532afcb929640d57d8a6c8414,double,abc996276c43213a415c58f29e20b709ac8ad9ca2eb3e791be59513a9173f999,988,501,FALSE,FALSE,FALSE,FALSE,0.11.2
candidate,6,12,arrow,int,compact_09,add,compact,3,1000000,569,0.164000000000001,0.163999999999998,0.000288224956063271,41787cc527139c6a0f2eed93236f0e601c5564fdc999310959fd6fdbe73057ba,41787cc527139c6a0f2eed93236f0e601c5564fdc999310959fd6fdbe73057ba,long,abc996276c43213a415c58f29e20b709ac8ad9ca2eb3e791be59513a9173f999,988,569,TRUE,TRUE,FALSE,FALSE,0.11.2
candidate,6,13,dta,long,compact_17,multiply,compact,1,1000000,525,0.163999999999998,0.164999999999999,0.000312380952380948,1df7f843bcd6024fa35aed9422220d4a5997638932b2ec10b5a9fb4031f0d855,1df7f843bcd6024fa35aed9422220d4a5997638932b2ec10b5a9fb4031f0d855,double,cf168eba9a51070da837266bd5a080e4068859b3fd1205758a038898049b2888,980,525,TRUE,TRUE,FALSE,FALSE,0.11.2
candidate,6,13,dta,long,compact_17,multiply,ordinary,2,1000000,620,0.166999999999998,0.166999999999998,0.000269354838709674,671045451e824b2e242f3ad3ee4ce3874def4eb03bc1581bd3d2a7bcbe94c3ab,671045451e824b2e242f3ad3ee4ce3874def4eb03bc1581bd3d2a7bcbe94c3ab,,cf168eba9a51070da837266bd5a080e4068859b3fd1205758a038898049b2888,980,0,FALSE,FALSE,FALSE,FALSE,0.11.2
candidate,6,13,dta,long,compact_17,multiply,typed_double,3,1000000,504,0.133000000000003,0.134,0.000263888888888894,1df7f843bcd6024fa35aed9422220d4a5997638932b2ec10b5a9fb4031f0d855,1df7f843bcd6024fa35aed9422220d4a5997638932b2ec10b5a9fb4031f0d855,double,cf168eba9a51070da837266bd5a080e4068859b3fd1205758a038898049b2888,980,504,FALSE,FALSE,FALSE,FALSE,0.11.2
candidate,6,14,dta,long,compact_17,divide,typed_double,1,1000000,500,0.148999999999997,0.149,0.000297999999999995,7d0ae29663b1e2e4ba192ee6aacc57de486ddae65b8fbc8e07076db990931d00,7d0ae29663b1e2e4ba192ee6aacc57de486ddae65b8fbc8e07076db990931d00,double,cf168eba9a51070da837266bd5a080e4068859b3fd1205758a038898049b2888,980,500,FALSE,FALSE,FALSE,FALSE,0.11.2
candidate,6,14,dta,long,compact_17,divide,compact,2,1000000,536,0.167000000000002,0.167000000000002,0.000311567164179107,7d0ae29663b1e2e4ba192ee6aacc57de486ddae65b8fbc8e07076db990931d00,7d0ae29663b1e2e4ba192ee6aacc57de486ddae65b8fbc8e07076db990931d00,double,cf168eba9a51070da837266bd5a080e4068859b3fd1205758a038898049b2888,980,536,TRUE,TRUE,FALSE,FALSE,0.11.2
candidate,6,14,dta,long,compact_17,divide,ordinary,3,1000000,615,0.166,0.166,0.000269918699186992,96bea5cf0e66f68ebcf2da25669b0b794a8afa1538ddd32390d185fccfec8440,96bea5cf0e66f68ebcf2da25669b0b794a8afa1538ddd32390d185fccfec8440,,cf168eba9a51070da837266bd5a080e4068859b3fd1205758a038898049b2888,980,0,FALSE,FALSE,FALSE,FALSE,0.11.2
candidate,6,15,dta,long,compact_17,add,ordinary,1,1000000,586,0.167999999999999,0.168000000000002,0.000286689419795221,671045451e824b2e242f3ad3ee4ce3874def4eb03bc1581bd3d2a7bcbe94c3ab,671045451e824b2e242f3ad3ee4ce3874def4eb03bc1581bd3d2a7bcbe94c3ab,,cf168eba9a51070da837266bd5a080e4068859b3fd1205758a038898049b2888,980,0,FALSE,FALSE,FALSE,FALSE,0.11.2
candidate,6,15,dta,long,compact_17,add,typed_double,2,1000000,500,0.134,0.134,0.000268000000000001,1df7f843bcd6024fa35aed9422220d4a5997638932b2ec10b5a9fb4031f0d855,1df7f843bcd6024fa35aed9422220d4a5997638932b2ec10b5a9fb4031f0d855,double,cf168eba9a51070da837266bd5a080e4068859b3fd1205758a038898049b2888,980,500,FALSE,FALSE,FALSE,FALSE,0.11.2
candidate,6,15,dta,long,compact_17,add,compact,3,1000000,500,0.141999999999999,0.141999999999999,0.000283999999999999,1df7f843bcd6024fa35aed9422220d4a5997638932b2ec10b5a9fb4031f0d855,1df7f843bcd6024fa35aed9422220d4a5997638932b2ec10b5a9fb4031f0d855,double,cf168eba9a51070da837266bd5a080e4068859b3fd1205758a038898049b2888,980,500,TRUE,TRUE,FALSE,FALSE,0.11.2
candidate,6,16,arrow,long,compact_17,multiply,compact,1,1000000,500,0.146999999999998,0.146999999999998,0.000293999999999997,1df7f843bcd6024fa35aed9422220d4a5997638932b2ec10b5a9fb4031f0d855,1df7f843bcd6024fa35aed9422220d4a5997638932b2ec10b5a9fb4031f0d855,double,cf168eba9a51070da837266bd5a080e4068859b3fd1205758a038898049b2888,980,500,TRUE,TRUE,FALSE,FALSE,0.11.2
candidate,6,16,arrow,long,compact_17,multiply,ordinary,2,1000000,289,0.0699999999999967,0.0689999999999991,0.000242214532871961,671045451e824b2e242f3ad3ee4ce3874def4eb03bc1581bd3d2a7bcbe94c3ab,671045451e824b2e242f3ad3ee4ce3874def4eb03bc1581bd3d2a7bcbe94c3ab,,cf168eba9a51070da837266bd5a080e4068859b3fd1205758a038898049b2888,980,0,FALSE,FALSE,FALSE,FALSE,0.11.2
candidate,6,16,arrow,long,compact_17,multiply,typed_double,3,1000000,564,0.164000000000001,0.162999999999997,0.000290780141843974,1df7f843bcd6024fa35aed9422220d4a5997638932b2ec10b5a9fb4031f0d855,1df7f843bcd6024fa35aed9422220d4a5997638932b2ec10b5a9fb4031f0d855,double,cf168eba9a51070da837266bd5a080e4068859b3fd1205758a038898049b2888,980,564,FALSE,FALSE,FALSE,FALSE,0.11.2
candidate,6,17,arrow,long,compact_17,divide,typed_double,1,1000000,500,0.148,0.147000000000002,0.000295999999999999,7d0ae29663b1e2e4ba192ee6aacc57de486ddae65b8fbc8e07076db990931d00,7d0ae29663b1e2e4ba192ee6aacc57de486ddae65b8fbc8e07076db990931d00,double,cf168eba9a51070da837266bd5a080e4068859b3fd1205758a038898049b2888,980,500,FALSE,FALSE,FALSE,FALSE,0.11.2
candidate,6,17,arrow,long,compact_17,divide,compact,2,1000000,500,0.143999999999998,0.144000000000002,0.000287999999999997,7d0ae29663b1e2e4ba192ee6aacc57de486ddae65b8fbc8e07076db990931d00,7d0ae29663b1e2e4ba192ee6aacc57de486ddae65b8fbc8e07076db990931d00,double,cf168eba9a51070da837266bd5a080e4068859b3fd1205758a038898049b2888,980,500,TRUE,TRUE,FALSE,FALSE,0.11.2
candidate,6,17,arrow,long,compact_17,divide,ordinary,3,1000000,536,0.145999999999997,0.146999999999997,0.000272388059701487,96bea5cf0e66f68ebcf2da25669b0b794a8afa1538ddd32390d185fccfec8440,96bea5cf0e66f68ebcf2da25669b0b794a8afa1538ddd32390d185fccfec8440,,cf168eba9a51070da837266bd5a080e4068859b3fd1205758a038898049b2888,980,0,FALSE,FALSE,FALSE,FALSE,0.11.2
candidate,6,18,arrow,long,compact_17,add,ordinary,1,1000000,596,0.166999999999998,0.167000000000002,0.000280201342281876,671045451e824b2e242f3ad3ee4ce3874def4eb03bc1581bd3d2a7bcbe94c3ab,671045451e824b2e242f3ad3ee4ce3874def4eb03bc1581bd3d2a7bcbe94c3ab,,cf168eba9a51070da837266bd5a080e4068859b3fd1205758a038898049b2888,980,0,FALSE,FALSE,FALSE,FALSE,0.11.2
candidate,6,18,arrow,long,compact_17,add,typed_double,2,1000000,560,0.167000000000002,0.165999999999997,0.000298214285714289,1df7f843bcd6024fa35aed9422220d4a5997638932b2ec10b5a9fb4031f0d855,1df7f843bcd6024fa35aed9422220d4a5997638932b2ec10b5a9fb4031f0d855,double,cf168eba9a51070da837266bd5a080e4068859b3fd1205758a038898049b2888,980,560,FALSE,FALSE,FALSE,FALSE,0.11.2
candidate,6,18,arrow,long,compact_17,add,compact,3,1000000,507,0.167000000000002,0.167999999999998,0.000329388560157794,1df7f843bcd6024fa35aed9422220d4a5997638932b2ec10b5a9fb4031f0d855,1df7f843bcd6024fa35aed9422220d4a5997638932b2ec10b5a9fb4031f0d855,double,cf168eba9a51070da837266bd5a080e4068859b3fd1205758a038898049b2888,980,507,TRUE,TRUE,FALSE,FALSE,0.11.2
candidate,6,19,dta,float,compact_25,multiply,compact,1,1000000,500,0.162000000000003,0.162000000000003,0.000324000000000005,85b946da983a156bef0be0f20e4902d4abbb997e5e4ec9ef440464482cdc234f,85b946da983a156bef0be0f20e4902d4abbb997e5e4ec9ef440464482cdc234f,float,79dcf5eee7eb5fc8d9e6e622485364f9c79023214f4836cdfaaddfc24954a13a,972,500,TRUE,TRUE,FALSE,FALSE,0.11.2
candidate,6,19,dta,float,compact_25,multiply,ordinary,2,1000000,548,0.132000000000001,0.132000000000001,0.000240875912408762,744238dff0a503a1b62571c237d68f28b9f70ce5dc1d0e28212096a8c637233a,744238dff0a503a1b62571c237d68f28b9f70ce5dc1d0e28212096a8c637233a,,79dcf5eee7eb5fc8d9e6e622485364f9c79023214f4836cdfaaddfc24954a13a,972,0,FALSE,FALSE,FALSE,FALSE,0.11.2
candidate,6,19,dta,float,compact_25,multiply,typed_double,3,1000000,504,0.132999999999999,0.131999999999998,0.000263888888888887,2f88347ec5cc3067fdbfb0b10eb0196b26f71e822bf5261d3e26bd5cd8863930,2f88347ec5cc3067fdbfb0b10eb0196b26f71e822bf5261d3e26bd5cd8863930,double,79dcf5eee7eb5fc8d9e6e622485364f9c79023214f4836cdfaaddfc24954a13a,972,504,FALSE,FALSE,FALSE,FALSE,0.11.2
candidate,6,20,dta,float,compact_25,divide,typed_double,1,1000000,500,0.149000000000001,0.148,0.000298000000000002,d4052c054b297af2ee5c03f0c39b43e78c09ece7480d086008efaa871364bc14,d4052c054b297af2ee5c03f0c39b43e78c09ece7480d086008efaa871364bc14,double,79dcf5eee7eb5fc8d9e6e622485364f9c79023214f4836cdfaaddfc24954a13a,972,500,FALSE,FALSE,FALSE,FALSE,0.11.2
candidate,6,20,dta,float,compact_25,divide,compact,2,1000000,500,0.143999999999998,0.143999999999998,0.000287999999999997,5c4eb5428888561380c8c1faad62395ae26006680cabcf7fb5e6fe9cb57c3966,5c4eb5428888561380c8c1faad62395ae26006680cabcf7fb5e6fe9cb57c3966,float,79dcf5eee7eb5fc8d9e6e622485364f9c79023214f4836cdfaaddfc24954a13a,972,500,TRUE,TRUE,FALSE,FALSE,0.11.2
candidate,6,20,dta,float,compact_25,divide,ordinary,3,1000000,626,0.168000000000003,0.168999999999999,0.000268370607028759,1eb55135fe633cd295bc5be0af351ad8891627f20f18915449a5f28318da98d4,1eb55135fe633cd295bc5be0af351ad8891627f20f18915449a5f28318da98d4,,79dcf5eee7eb5fc8d9e6e622485364f9c79023214f4836cdfaaddfc24954a13a,972,0,FALSE,FALSE,FALSE,FALSE,0.11.2
candidate,6,21,dta,float,compact_25,add,ordinary,1,1000000,596,0.166,0.166,0.000278523489932886,744238dff0a503a1b62571c237d68f28b9f70ce5dc1d0e28212096a8c637233a,744238dff0a503a1b62571c237d68f28b9f70ce5dc1d0e28212096a8c637233a,,79dcf5eee7eb5fc8d9e6e622485364f9c79023214f4836cdfaaddfc24954a13a,972,0,FALSE,FALSE,FALSE,FALSE,0.11.2
candidate,6,21,dta,float,compact_25,add,typed_double,2,1000000,560,0.166,0.167,0.000296428571428572,2f88347ec5cc3067fdbfb0b10eb0196b26f71e822bf5261d3e26bd5cd8863930,2f88347ec5cc3067fdbfb0b10eb0196b26f71e822bf5261d3e26bd5cd8863930,double,79dcf5eee7eb5fc8d9e6e622485364f9c79023214f4836cdfaaddfc24954a13a,972,560,FALSE,FALSE,FALSE,FALSE,0.11.2
candidate,6,21,dta,float,compact_25,add,compact,3,1000000,500,0.160999999999998,0.16,0.000321999999999996,85b946da983a156bef0be0f20e4902d4abbb997e5e4ec9ef440464482cdc234f,85b946da983a156bef0be0f20e4902d4abbb997e5e4ec9ef440464482cdc234f,float,79dcf5eee7eb5fc8d9e6e622485364f9c79023214f4836cdfaaddfc24954a13a,972,500,TRUE,TRUE,FALSE,FALSE,0.11.2
candidate,6,22,arrow,float,compact_25,multiply,compact,1,1000000,500,0.164000000000001,0.164999999999999,0.000328000000000003,85b946da983a156bef0be0f20e4902d4abbb997e5e4ec9ef440464482cdc234f,85b946da983a156bef0be0f20e4902d4abbb997e5e4ec9ef440464482cdc234f,float,79dcf5eee7eb5fc8d9e6e622485364f9c79023214f4836cdfaaddfc24954a13a,972,500,TRUE,TRUE,FALSE,FALSE,0.11.2
candidate,6,22,arrow,float,compact_25,multiply,ordinary,2,1000000,552,0.132999999999999,0.133000000000003,0.000240942028985506,744238dff0a503a1b62571c237d68f28b9f70ce5dc1d0e28212096a8c637233a,744238dff0a503a1b62571c237d68f28b9f70ce5dc1d0e28212096a8c637233a,,79dcf5eee7eb5fc8d9e6e622485364f9c79023214f4836cdfaaddfc24954a13a,972,0,FALSE,FALSE,FALSE,FALSE,0.11.2
candidate,6,22,arrow,float,compact_25,multiply,typed_double,3,1000000,504,0.134,0.134,0.000265873015873017,2f88347ec5cc3067fdbfb0b10eb0196b26f71e822bf5261d3e26bd5cd8863930,2f88347ec5cc3067fdbfb0b10eb0196b26f71e822bf5261d3e26bd5cd8863930,double,79dcf5eee7eb5fc8d9e6e622485364f9c79023214f4836cdfaaddfc24954a13a,972,504,FALSE,FALSE,FALSE,FALSE,0.11.2
candidate,6,23,arrow,float,compact_25,divide,typed_double,1,1000000,507,0.166999999999998,0.167000000000002,0.000329388560157787,d4052c054b297af2ee5c03f0c39b43e78c09ece7480d086008efaa871364bc14,d4052c054b297af2ee5c03f0c39b43e78c09ece7480d086008efaa871364bc14,double,79dcf5eee7eb5fc8d9e6e622485364f9c79023214f4836cdfaaddfc24954a13a,972,507,FALSE,FALSE,FALSE,FALSE,0.11.2
candidate,6,23,arrow,float,compact_25,divide,compact,2,1000000,521,0.149000000000001,0.148999999999997,0.000285988483685222,5c4eb5428888561380c8c1faad62395ae26006680cabcf7fb5e6fe9cb57c3966,5c4eb5428888561380c8c1faad62395ae26006680cabcf7fb5e6fe9cb57c3966,float,79dcf5eee7eb5fc8d9e6e622485364f9c79023214f4836cdfaaddfc24954a13a,972,521,TRUE,TRUE,FALSE,FALSE,0.11.2
candidate,6,23,arrow,float,compact_25,divide,ordinary,3,1000000,625,0.167999999999999,0.169000000000003,0.000268799999999999,1eb55135fe633cd295bc5be0af351ad8891627f20f18915449a5f28318da98d4,1eb55135fe633cd295bc5be0af351ad8891627f20f18915449a5f28318da98d4,,79dcf5eee7eb5fc8d9e6e622485364f9c79023214f4836cdfaaddfc24954a13a,972,0,FALSE,FALSE,FALSE,FALSE,0.11.2
candidate,6,24,arrow,float,compact_25,add,ordinary,1,1000000,525,0.132000000000001,0.132000000000001,0.000251428571428574,744238dff0a503a1b62571c237d68f28b9f70ce5dc1d0e28212096a8c637233a,744238dff0a503a1b62571c237d68f28b9f70ce5dc1d0e28212096a8c637233a,,79dcf5eee7eb5fc8d9e6e622485364f9c79023214f4836cdfaaddfc24954a13a,972,0,FALSE,FALSE,FALSE,FALSE,0.11.2
candidate,6,24,arrow,float,compact_25,add,typed_double,2,1000000,501,0.132999999999996,0.134,0.000265469061876239,2f88347ec5cc3067fdbfb0b10eb0196b26f71e822bf5261d3e26bd5cd8863930,2f88347ec5cc3067fdbfb0b10eb0196b26f71e822bf5261d3e26bd5cd8863930,double,79dcf5eee7eb5fc8d9e6e622485364f9c79023214f4836cdfaaddfc24954a13a,972,501,FALSE,FALSE,FALSE,FALSE,0.11.2
candidate,6,24,arrow,float,compact_25,add,compact,3,1000000,500,0.164000000000001,0.164000000000001,0.000328000000000003,85b946da983a156bef0be0f20e4902d4abbb997e5e4ec9ef440464482cdc234f,85b946da983a156bef0be0f20e4902d4abbb997e5e4ec9ef440464482cdc234f,float,79dcf5eee7eb5fc8d9e6e622485364f9c79023214f4836cdfaaddfc24954a13a,972,500,TRUE,TRUE,FALSE,FALSE,0.11.2
baseline,6,1,dta,byte,compact_01,multiply,compact,1,1000000,83,0.149,0.149,0.00179518072289157,efde135332436de33b6f8bb621bc1d6486681a72a9383122b286a9a18f9a3968,efde135332436de33b6f8bb621bc1d6486681a72a9383122b286a9a18f9a3968,int,72aeea58f7f0fd26399f753c004578c586d824e4fe207e6ec9a9f4daf0ce666a,996,83,TRUE,TRUE,FALSE,FALSE,0.11.2
baseline,6,1,dta,byte,compact_01,multiply,ordinary,2,1000000,625,0.167,0.166,0.0002672,525b2ad9d8a4fe80543008cf27b057b1f2c93bab1e4ebd40bdd7dd3abbe5bdd0,525b2ad9d8a4fe80543008cf27b057b1f2c93bab1e4ebd40bdd7dd3abbe5bdd0,,72aeea58f7f0fd26399f753c004578c586d824e4fe207e6ec9a9f4daf0ce666a,996,0,FALSE,FALSE,FALSE,FALSE,0.11.2
baseline,6,1,dta,byte,compact_01,multiply,typed_double,3,1000000,569,0.167,0.166,0.000293497363796134,3b1e77f1eced8b3079415048b0825ca71e1f66b89f48c1dea9a01af725bef1c6,3b1e77f1eced8b3079415048b0825ca71e1f66b89f48c1dea9a01af725bef1c6,double,72aeea58f7f0fd26399f753c004578c586d824e4fe207e6ec9a9f4daf0ce666a,996,569,FALSE,FALSE,FALSE,FALSE,0.11.2
baseline,6,2,dta,byte,compact_01,divide,typed_double,1,1000000,511,0.167,0.166,0.000326810176125244,63ef2a87008176681688b92900a8f3b62eba7777501560510d04e19daecbef9f,63ef2a87008176681688b92900a8f3b62eba7777501560510d04e19daecbef9f,double,72aeea58f7f0fd26399f753c004578c586d824e4fe207e6ec9a9f4daf0ce666a,996,511,FALSE,FALSE,FALSE,FALSE,0.11.2
baseline,6,2,dta,byte,compact_01,divide,compact,2,1000000,71,0.142,0.141,0.002,ff26b4b50776a968eccece9808e62d6aed31c38a78a7b9408b8f425d13259ec4,ff26b4b50776a968eccece9808e62d6aed31c38a78a7b9408b8f425d13259ec4,float,72aeea58f7f0fd26399f753c004578c586d824e4fe207e6ec9a9f4daf0ce666a,996,71,TRUE,TRUE,FALSE,FALSE,0.11.2
baseline,6,2,dta,byte,compact_01,divide,ordinary,3,1000000,552,0.132,0.132,0.000239130434782609,413eded7e50e6467950b89234611ee0feaa8cb2735bcc214225d27bd7d5e7ea8,413eded7e50e6467950b89234611ee0feaa8cb2735bcc214225d27bd7d5e7ea8,,72aeea58f7f0fd26399f753c004578c586d824e4fe207e6ec9a9f4daf0ce666a,996,0,FALSE,FALSE,FALSE,FALSE,0.11.2
baseline,6,3,dta,byte,compact_01,add,ordinary,1,1000000,529,0.132,0.133,0.00024952741020794,525b2ad9d8a4fe80543008cf27b057b1f2c93bab1e4ebd40bdd7dd3abbe5bdd0,525b2ad9d8a4fe80543008cf27b057b1f2c93bab1e4ebd40bdd7dd3abbe5bdd0,,72aeea58f7f0fd26399f753c004578c586d824e4fe207e6ec9a9f4daf0ce666a,996,0,FALSE,FALSE,FALSE,FALSE,0.11.2
baseline,6,3,dta,byte,compact_01,add,typed_double,2,1000000,504,0.135,0.134,0.000267857142857142,3b1e77f1eced8b3079415048b0825ca71e1f66b89f48c1dea9a01af725bef1c6,3b1e77f1eced8b3079415048b0825ca71e1f66b89f48c1dea9a01af725bef1c6,double,72aeea58f7f0fd26399f753c004578c586d824e4fe207e6ec9a9f4daf0ce666a,996,504,FALSE,FALSE,FALSE,FALSE,0.11.2
baseline,6,3,dta,byte,compact_01,add,compact,3,1000000,74,0.149999999999999,0.148,0.00202702702702702,efde135332436de33b6f8bb621bc1d6486681a72a9383122b286a9a18f9a3968,efde135332436de33b6f8bb621bc1d6486681a72a9383122b286a9a18f9a3968,int,72aeea58f7f0fd26399f753c004578c586d824e4fe207e6ec9a9f4daf0ce666a,996,74,TRUE,TRUE,FALSE,FALSE,0.11.2
baseline,6,4,arrow,byte,compact_01,multiply,compact,1,1000000,85,0.15,0.15,0.00176470588235295,efde135332436de33b6f8bb621bc1d6486681a72a9383122b286a9a18f9a3968,efde135332436de33b6f8bb621bc1d6486681a72a9383122b286a9a18f9a3968,int,72aeea58f7f0fd26399f753c004578c586d824e4fe207e6ec9a9f4daf0ce666a,996,85,TRUE,TRUE,FALSE,FALSE,0.11.2
baseline,6,4,arrow,byte,compact_01,multiply,ordinary,2,1000000,301,0.0729999999999995,0.0729999999999995,0.00024252491694352,525b2ad9d8a4fe80543008cf27b057b1f2c93bab1e4ebd40bdd7dd3abbe5bdd0,525b2ad9d8a4fe80543008cf27b057b1f2c93bab1e4ebd40bdd7dd3abbe5bdd0,,72aeea58f7f0fd26399f753c004578c586d824e4fe207e6ec9a9f4daf0ce666a,996,0,FALSE,FALSE,FALSE,FALSE,0.11.2
baseline,6,4,arrow,byte,compact_01,multiply,typed_double,3,1000000,564,0.163,0.164,0.000289007092198582,3b1e77f1eced8b3079415048b0825ca71e1f66b89f48c1dea9a01af725bef1c6,3b1e77f1eced8b3079415048b0825ca71e1f66b89f48c1dea9a01af725bef1c6,double,72aeea58f7f0fd26399f753c004578c586d824e4fe207e6ec9a9f4daf0ce666a,996,564,FALSE,FALSE,FALSE,FALSE,0.11.2
baseline,6,5,arrow,byte,compact_01,divide,typed_double,1,1000000,500,0.148,0.147,0.000295999999999999,63ef2a87008176681688b92900a8f3b62eba7777501560510d04e19daecbef9f,63ef2a87008176681688b92900a8f3b62eba7777501560510d04e19daecbef9f,double,72aeea58f7f0fd26399f753c004578c586d824e4fe207e6ec9a9f4daf0ce666a,996,500,FALSE,FALSE,FALSE,FALSE,0.11.2
baseline,6,5,arrow,byte,compact_01,divide,compact,2,1000000,73,0.148,0.147,0.00202739726027397,ff26b4b50776a968eccece9808e62d6aed31c38a78a7b9408b8f425d13259ec4,ff26b4b50776a968eccece9808e62d6aed31c38a78a7b9408b8f425d13259ec4,float,72aeea58f7f0fd26399f753c004578c586d824e4fe207e6ec9a9f4daf0ce666a,996,73,TRUE,TRUE,FALSE,FALSE,0.11.2
baseline,6,5,arrow,byte,compact_01,divide,ordinary,3,1000000,548,0.149,0.149,0.000271897810218978,413eded7e50e6467950b89234611ee0feaa8cb2735bcc214225d27bd7d5e7ea8,413eded7e50e6467950b89234611ee0feaa8cb2735bcc214225d27bd7d5e7ea8,,72aeea58f7f0fd26399f753c004578c586d824e4fe207e6ec9a9f4daf0ce666a,996,0,FALSE,FALSE,FALSE,FALSE,0.11.2
baseline,6,6,arrow,byte,compact_01,add,ordinary,1,1000000,591,0.164,0.164,0.000277495769881556,525b2ad9d8a4fe80543008cf27b057b1f2c93bab1e4ebd40bdd7dd3abbe5bdd0,525b2ad9d8a4fe80543008cf27b057b1f2c93bab1e4ebd40bdd7dd3abbe5bdd0,,72aeea58f7f0fd26399f753c004578c586d824e4fe207e6ec9a9f4daf0ce666a,996,0,FALSE,FALSE,FALSE,FALSE,0.11.2
baseline,6,6,arrow,byte,compact_01,add,typed_double,2,1000000,560,0.166,0.165999999999999,0.000296428571428572,3b1e77f1eced8b3079415048b0825ca71e1f66b89f48c1dea9a01af725bef1c6,3b1e77f1eced8b3079415048b0825ca71e1f66b89f48c1dea9a01af725bef1c6,double,72aeea58f7f0fd26399f753c004578c586d824e4fe207e6ec9a9f4daf0ce666a,996,560,FALSE,FALSE,FALSE,FALSE,0.11.2
baseline,6,6,arrow,byte,compact_01,add,compact,3,1000000,76,0.151999999999999,0.152,0.00199999999999999,efde135332436de33b6f8bb621bc1d6486681a72a9383122b286a9a18f9a3968,efde135332436de33b6f8bb621bc1d6486681a72a9383122b286a9a18f9a3968,int,72aeea58f7f0fd26399f753c004578c586d824e4fe207e6ec9a9f4daf0ce666a,996,76,TRUE,TRUE,FALSE,FALSE,0.11.2
baseline,6,7,dta,int,compact_09,multiply,compact,1,1000000,91,0.18,0.179999999999999,0.00197802197802197,41787cc527139c6a0f2eed93236f0e601c5564fdc999310959fd6fdbe73057ba,41787cc527139c6a0f2eed93236f0e601c5564fdc999310959fd6fdbe73057ba,long,abc996276c43213a415c58f29e20b709ac8ad9ca2eb3e791be59513a9173f999,988,91,TRUE,TRUE,FALSE,FALSE,0.11.2
baseline,6,7,dta,int,compact_09,multiply,ordinary,2,1000000,631,0.17,0.17,0.000269413629160063,729c722632150a0eff97243d1eacc06818e2eb7f01f0bd0222f34a695871dbfd,729c722632150a0eff97243d1eacc06818e2eb7f01f0bd0222f34a695871dbfd,,abc996276c43213a415c58f29e20b709ac8ad9ca2eb3e791be59513a9173f999,988,0,FALSE,FALSE,FALSE,FALSE,0.11.2
baseline,6,7,dta,int,compact_09,multiply,typed_double,3,1000000,500,0.134,0.132999999999999,0.000268000000000001,59cb41c73aa369782a91f15618fa56f12c834d3532afcb929640d57d8a6c8414,59cb41c73aa369782a91f15618fa56f12c834d3532afcb929640d57d8a6c8414,double,abc996276c43213a415c58f29e20b709ac8ad9ca2eb3e791be59513a9173f999,988,500,FALSE,FALSE,FALSE,FALSE,0.11.2
baseline,6,8,dta,int,compact_09,divide,typed_double,1,1000000,500,0.146999999999998,0.147,0.000293999999999997,2cd99a0a76c21257b1919528a50f31c193a66a3a66582387951e0a01c7828dd9,2cd99a0a76c21257b1919528a50f31c193a66a3a66582387951e0a01c7828dd9,double,abc996276c43213a415c58f29e20b709ac8ad9ca2eb3e791be59513a9173f999,988,500,FALSE,FALSE,FALSE,FALSE,0.11.2
baseline,6,8,dta,int,compact_09,divide,compact,2,1000000,90,0.166,0.167,0.00184444444444445,77a958c828805ad22cb3ad69e41c4f04cdf5c80de8b700e483fcc5cca9a4ca19,77a958c828805ad22cb3ad69e41c4f04cdf5c80de8b700e483fcc5cca9a4ca19,float,abc996276c43213a415c58f29e20b709ac8ad9ca2eb3e791be59513a9173f999,988,90,TRUE,TRUE,FALSE,FALSE,0.11.2
baseline,6,8,dta,int,compact_09,divide,ordinary,3,1000000,556,0.135999999999999,0.136999999999999,0.000244604316546761,d989d6427f4ee30eace50597aea445ac418915eae5ab5c32afc70989c6af107d,d989d6427f4ee30eace50597aea445ac418915eae5ab5c32afc70989c6af107d,,abc996276c43213a415c58f29e20b709ac8ad9ca2eb3e791be59513a9173f999,988,0,FALSE,FALSE,FALSE,FALSE,0.11.2
baseline,6,9,dta,int,compact_09,add,ordinary,1,1000000,525,0.156000000000001,0.154999999999999,0.000297142857142858,729c722632150a0eff97243d1eacc06818e2eb7f01f0bd0222f34a695871dbfd,729c722632150a0eff97243d1eacc06818e2eb7f01f0bd0222f34a695871dbfd,,abc996276c43213a415c58f29e20b709ac8ad9ca2eb3e791be59513a9173f999,988,0,FALSE,FALSE,FALSE,FALSE,0.11.2
baseline,6,9,dta,int,compact_09,add,typed_double,2,1000000,552,0.167,0.167,0.000302536231884058,59cb41c73aa369782a91f15618fa56f12c834d3532afcb929640d57d8a6c8414,59cb41c73aa369782a91f15618fa56f12c834d3532afcb929640d57d8a6c8414,double,abc996276c43213a415c58f29e20b709ac8ad9ca2eb3e791be59513a9173f999,988,552,FALSE,FALSE,FALSE,FALSE,0.11.2
baseline,6,9,dta,int,compact_09,add,compact,3,1000000,79,0.164,0.164,0.0020759493670886,41787cc527139c6a0f2eed93236f0e601c5564fdc999310959fd6fdbe73057ba,41787cc527139c6a0f2eed93236f0e601c5564fdc999310959fd6fdbe73057ba,long,abc996276c43213a415c58f29e20b709ac8ad9ca2eb3e791be59513a9173f999,988,79,TRUE,TRUE,FALSE,FALSE,0.11.2
baseline,6,10,arrow,int,compact_09,multiply,compact,1,1000000,91,0.178000000000001,0.177999999999999,0.00195604395604397,41787cc527139c6a0f2eed93236f0e601c5564fdc999310959fd6fdbe73057ba,41787cc527139c6a0f2eed93236f0e601c5564fdc999310959fd6fdbe73057ba,long,abc996276c43213a415c58f29e20b709ac8ad9ca2eb3e791be59513a9173f999,988,91,TRUE,TRUE,FALSE,FALSE,0.11.2
baseline,6,10,arrow,int,compact_09,multiply,ordinary,2,1000000,631,0.17,0.170000000000002,0.000269413629160063,729c722632150a0eff97243d1eacc06818e2eb7f01f0bd0222f34a695871dbfd,729c722632150a0eff97243d1eacc06818e2eb7f01f0bd0222f34a695871dbfd,,abc996276c43213a415c58f29e20b709ac8ad9ca2eb3e791be59513a9173f999,988,0,FALSE,FALSE,FALSE,FALSE,0.11.2
baseline,6,10,arrow,int,compact_09,multiply,typed_double,3,1000000,560,0.167,0.167,0.000298214285714285,59cb41c73aa369782a91f15618fa56f12c834d3532afcb929640d57d8a6c8414,59cb41c73aa369782a91f15618fa56f12c834d3532afcb929640d57d8a6c8414,double,abc996276c43213a415c58f29e20b709ac8ad9ca2eb3e791be59513a9173f999,988,560,FALSE,FALSE,FALSE,FALSE,0.11.2
baseline,6,11,arrow,int,compact_09,divide,typed_double,1,1000000,500,0.148,0.148,0.000295999999999999,2cd99a0a76c21257b1919528a50f31c193a66a3a66582387951e0a01c7828dd9,2cd99a0a76c21257b1919528a50f31c193a66a3a66582387951e0a01c7828dd9,double,abc996276c43213a415c58f29e20b709ac8ad9ca2eb3e791be59513a9173f999,988,500,FALSE,FALSE,FALSE,FALSE,0.11.2
baseline,6,11,arrow,int,compact_09,divide,compact,2,1000000,76,0.142999999999999,0.143000000000001,0.00188157894736841,77a958c828805ad22cb3ad69e41c4f04cdf5c80de8b700e483fcc5cca9a4ca19,77a958c828805ad22cb3ad69e41c4f04cdf5c80de8b700e483fcc5cca9a4ca19,float,abc996276c43213a415c58f29e20b709ac8ad9ca2eb3e791be59513a9173f999,988,76,TRUE,TRUE,FALSE,FALSE,0.11.2
baseline,6,11,arrow,int,compact_09,divide,ordinary,3,1000000,544,0.133000000000001,0.133000000000001,0.000244485294117649,d989d6427f4ee30eace50597aea445ac418915eae5ab5c32afc70989c6af107d,d989d6427f4ee30eace50597aea445ac418915eae5ab5c32afc70989c6af107d,,abc996276c43213a415c58f29e20b709ac8ad9ca2eb3e791be59513a9173f999,988,0,FALSE,FALSE,FALSE,FALSE,0.11.2
baseline,6,12,arrow,int,compact_09,add,ordinary,1,1000000,525,0.134,0.132999999999999,0.000255238095238096,729c722632150a0eff97243d1eacc06818e2eb7f01f0bd0222f34a695871dbfd,729c722632150a0eff97243d1eacc06818e2eb7f01f0bd0222f34a695871dbfd,,abc996276c43213a415c58f29e20b709ac8ad9ca2eb3e791be59513a9173f999,988,0,FALSE,FALSE,FALSE,FALSE,0.11.2
baseline,6,12,arrow,int,compact_09,add,typed_double,2,1000000,556,0.166,0.166,0.000298561151079137,59cb41c73aa369782a91f15618fa56f12c834d3532afcb929640d57d8a6c8414,59cb41c73aa369782a91f15618fa56f12c834d3532afcb929640d57d8a6c8414,double,abc996276c43213a415c58f29e20b709ac8ad9ca2eb3e791be59513a9173f999,988,556,FALSE,FALSE,FALSE,FALSE,0.11.2
baseline,6,12,arrow,int,compact_09,add,compact,3,1000000,79,0.151000000000002,0.151000000000002,0.00191139240506331,41787cc527139c6a0f2eed93236f0e601c5564fdc999310959fd6fdbe73057ba,41787cc527139c6a0f2eed93236f0e601c5564fdc999310959fd6fdbe73057ba,long,abc996276c43213a415c58f29e20b709ac8ad9ca2eb3e791be59513a9173f999,988,79,TRUE,TRUE,FALSE,FALSE,0.11.2
baseline,6,13,dta,long,compact_17,multiply,compact,1,1000000,102,0.150000000000002,0.149999999999999,0.00147058823529414,1df7f843bcd6024fa35aed9422220d4a5997638932b2ec10b5a9fb4031f0d855,1df7f843bcd6024fa35aed9422220d4a5997638932b2ec10b5a9fb4031f0d855,double,cf168eba9a51070da837266bd5a080e4068859b3fd1205758a038898049b2888,980,102,TRUE,TRUE,FALSE,FALSE,0.11.2
baseline,6,13,dta,long,compact_17,multiply,ordinary,2,1000000,620,0.166,0.165999999999997,0.000267741935483872,671045451e824b2e242f3ad3ee4ce3874def4eb03bc1581bd3d2a7bcbe94c3ab,671045451e824b2e242f3ad3ee4ce3874def4eb03bc1581bd3d2a7bcbe94c3ab,,cf168eba9a51070da837266bd5a080e4068859b3fd1205758a038898049b2888,980,0,FALSE,FALSE,FALSE,FALSE,0.11.2
baseline,6,13,dta,long,compact_17,multiply,typed_double,3,1000000,501,0.132999999999999,0.132999999999999,0.000265469061876246,1df7f843bcd6024fa35aed9422220d4a5997638932b2ec10b5a9fb4031f0d855,1df7f843bcd6024fa35aed9422220d4a5997638932b2ec10b5a9fb4031f0d855,double,cf168eba9a51070da837266bd5a080e4068859b3fd1205758a038898049b2888,980,501,FALSE,FALSE,FALSE,FALSE,0.11.2
baseline,6,14,dta,long,compact_17,divide,typed_double,1,1000000,500,0.147000000000002,0.148000000000003,0.000294000000000004,7d0ae29663b1e2e4ba192ee6aacc57de486ddae65b8fbc8e07076db990931d00,7d0ae29663b1e2e4ba192ee6aacc57de486ddae65b8fbc8e07076db990931d00,double,cf168eba9a51070da837266bd5a080e4068859b3fd1205758a038898049b2888,980,500,FALSE,FALSE,FALSE,FALSE,0.11.2
baseline,6,14,dta,long,compact_17,divide,compact,2,1000000,91,0.152999999999999,0.152999999999999,0.00168131868131867,7d0ae29663b1e2e4ba192ee6aacc57de486ddae65b8fbc8e07076db990931d00,7d0ae29663b1e2e4ba192ee6aacc57de486ddae65b8fbc8e07076db990931d00,double,cf168eba9a51070da837266bd5a080e4068859b3fd1205758a038898049b2888,980,91,TRUE,TRUE,FALSE,FALSE,0.11.2
baseline,6,14,dta,long,compact_17,divide,ordinary,3,1000000,544,0.132000000000001,0.131999999999998,0.000242647058823532,96bea5cf0e66f68ebcf2da25669b0b794a8afa1538ddd32390d185fccfec8440,96bea5cf0e66f68ebcf2da25669b0b794a8afa1538ddd32390d185fccfec8440,,cf168eba9a51070da837266bd5a080e4068859b3fd1205758a038898049b2888,980,0,FALSE,FALSE,FALSE,FALSE,0.11.2
baseline,6,15,dta,long,compact_17,add,ordinary,1,1000000,278,0.0710000000000015,0.070999999999998,0.000255395683453243,671045451e824b2e242f3ad3ee4ce3874def4eb03bc1581bd3d2a7bcbe94c3ab,671045451e824b2e242f3ad3ee4ce3874def4eb03bc1581bd3d2a7bcbe94c3ab,,cf168eba9a51070da837266bd5a080e4068859b3fd1205758a038898049b2888,980,0,FALSE,FALSE,FALSE,FALSE,0.11.2
baseline,6,15,dta,long,compact_17,add,typed_double,2,1000000,560,0.166,0.166,0.000296428571428572,1df7f843bcd6024fa35aed9422220d4a5997638932b2ec10b5a9fb4031f0d855,1df7f843bcd6024fa35aed9422220d4a5997638932b2ec10b5a9fb4031f0d855,double,cf168eba9a51070da837266bd5a080e4068859b3fd1205758a038898049b2888,980,560,FALSE,FALSE,FALSE,FALSE,0.11.2
baseline,6,15,dta,long,compact_17,add,compact,3,1000000,88,0.150000000000002,0.149999999999999,0.00170454545454548,1df7f843bcd6024fa35aed9422220d4a5997638932b2ec10b5a9fb4031f0d855,1df7f843bcd6024fa35aed9422220d4a5997638932b2ec10b5a9fb4031f0d855,double,cf168eba9a51070da837266bd5a080e4068859b3fd1205758a038898049b2888,980,88,TRUE,TRUE,FALSE,FALSE,0.11.2
baseline,6,16,arrow,long,compact_17,multiply,compact,1,1000000,102,0.167000000000002,0.166999999999999,0.0016372549019608,1df7f843bcd6024fa35aed9422220d4a5997638932b2ec10b5a9fb4031f0d855,1df7f843bcd6024fa35aed9422220d4a5997638932b2ec10b5a9fb4031f0d855,double,cf168eba9a51070da837266bd5a080e4068859b3fd1205758a038898049b2888,980,102,TRUE,TRUE,FALSE,FALSE,0.11.2
baseline,6,16,arrow,long,compact_17,multiply,ordinary,2,1000000,620,0.166,0.168000000000002,0.000267741935483872,671045451e824b2e242f3ad3ee4ce3874def4eb03bc1581bd3d2a7bcbe94c3ab,671045451e824b2e242f3ad3ee4ce3874def4eb03bc1581bd3d2a7bcbe94c3ab,,cf168eba9a51070da837266bd5a080e4068859b3fd1205758a038898049b2888,980,0,FALSE,FALSE,FALSE,FALSE,0.11.2
baseline,6,16,arrow,long,compact_17,multiply,typed_double,3,1000000,504,0.132999999999999,0.132999999999999,0.000263888888888887,1df7f843bcd6024fa35aed9422220d4a5997638932b2ec10b5a9fb4031f0d855,1df7f843bcd6024fa35aed9422220d4a5997638932b2ec10b5a9fb4031f0d855,double,cf168eba9a51070da837266bd5a080e4068859b3fd1205758a038898049b2888,980,504,FALSE,FALSE,FALSE,FALSE,0.11.2
baseline,6,17,arrow,long,compact_17,divide,typed_double,1,1000000,500,0.147000000000002,0.146999999999998,0.000294000000000004,7d0ae29663b1e2e4ba192ee6aacc57de486ddae65b8fbc8e07076db990931d00,7d0ae29663b1e2e4ba192ee6aacc57de486ddae65b8fbc8e07076db990931d00,double,cf168eba9a51070da837266bd5a080e4068859b3fd1205758a038898049b2888,980,500,FALSE,FALSE,FALSE,FALSE,0.11.2
baseline,6,17,arrow,long,compact_17,divide,compact,2,1000000,91,0.152000000000001,0.152,0.00167032967032968,7d0ae29663b1e2e4ba192ee6aacc57de486ddae65b8fbc8e07076db990931d00,7d0ae29663b1e2e4ba192ee6aacc57de486ddae65b8fbc8e07076db990931d00,double,cf168eba9a51070da837266bd5a080e4068859b3fd1205758a038898049b2888,980,91,TRUE,TRUE,FALSE,FALSE,0.11.2
baseline,6,17,arrow,long,compact_17,divide,ordinary,3,1000000,548,0.149000000000001,0.150000000000001,0.00027189781021898,96bea5cf0e66f68ebcf2da25669b0b794a8afa1538ddd32390d185fccfec8440,96bea5cf0e66f68ebcf2da25669b0b794a8afa1538ddd32390d185fccfec8440,,cf168eba9a51070da837266bd5a080e4068859b3fd1205758a038898049b2888,980,0,FALSE,FALSE,FALSE,FALSE,0.11.2
baseline,6,18,arrow,long,compact_17,add,ordinary,1,1000000,596,0.166,0.166,0.000278523489932886,671045451e824b2e242f3ad3ee4ce3874def4eb03bc1581bd3d2a7bcbe94c3ab,671045451e824b2e242f3ad3ee4ce3874def4eb03bc1581bd3d2a7bcbe94c3ab,,cf168eba9a51070da837266bd5a080e4068859b3fd1205758a038898049b2888,980,0,FALSE,FALSE,FALSE,FALSE,0.11.2
baseline,6,18,arrow,long,compact_17,add,typed_double,2,1000000,564,0.167999999999999,0.167000000000002,0.000297872340425531,1df7f843bcd6024fa35aed9422220d4a5997638932b2ec10b5a9fb4031f0d855,1df7f843bcd6024fa35aed9422220d4a5997638932b2ec10b5a9fb4031f0d855,double,cf168eba9a51070da837266bd5a080e4068859b3fd1205758a038898049b2888,980,564,FALSE,FALSE,FALSE,FALSE,0.11.2
baseline,6,18,arrow,long,compact_17,add,compact,3,1000000,88,0.148999999999997,0.150000000000001,0.00169318181818179,1df7f843bcd6024fa35aed9422220d4a5997638932b2ec10b5a9fb4031f0d855,1df7f843bcd6024fa35aed9422220d4a5997638932b2ec10b5a9fb4031f0d855,double,cf168eba9a51070da837266bd5a080e4068859b3fd1205758a038898049b2888,980,88,TRUE,TRUE,FALSE,FALSE,0.11.2
baseline,6,19,dta,float,compact_25,multiply,compact,1,1000000,121,0.144000000000002,0.144999999999998,0.00119008264462811,85b946da983a156bef0be0f20e4902d4abbb997e5e4ec9ef440464482cdc234f,85b946da983a156bef0be0f20e4902d4abbb997e5e4ec9ef440464482cdc234f,float,79dcf5eee7eb5fc8d9e6e622485364f9c79023214f4836cdfaaddfc24954a13a,972,121,TRUE,TRUE,FALSE,FALSE,0.11.2
baseline,6,19,dta,float,compact_25,multiply,ordinary,2,1000000,548,0.132000000000001,0.132000000000001,0.000240875912408762,744238dff0a503a1b62571c237d68f28b9f70ce5dc1d0e28212096a8c637233a,744238dff0a503a1b62571c237d68f28b9f70ce5dc1d0e28212096a8c637233a,,79dcf5eee7eb5fc8d9e6e622485364f9c79023214f4836cdfaaddfc24954a13a,972,0,FALSE,FALSE,FALSE,FALSE,0.11.2
baseline,6,19,dta,float,compact_25,multiply,typed_double,3,1000000,507,0.134,0.134,0.000264299802761342,2f88347ec5cc3067fdbfb0b10eb0196b26f71e822bf5261d3e26bd5cd8863930,2f88347ec5cc3067fdbfb0b10eb0196b26f71e822bf5261d3e26bd5cd8863930,double,79dcf5eee7eb5fc8d9e6e622485364f9c79023214f4836cdfaaddfc24954a13a,972,507,FALSE,FALSE,FALSE,FALSE,0.11.2
baseline,6,20,dta,float,compact_25,divide,typed_double,1,1000000,500,0.151,0.151,0.000302,d4052c054b297af2ee5c03f0c39b43e78c09ece7480d086008efaa871364bc14,d4052c054b297af2ee5c03f0c39b43e78c09ece7480d086008efaa871364bc14,double,79dcf5eee7eb5fc8d9e6e622485364f9c79023214f4836cdfaaddfc24954a13a,972,500,FALSE,FALSE,FALSE,FALSE,0.11.2
baseline,6,20,dta,float,compact_25,divide,compact,2,1000000,114,0.130999999999997,0.131,0.00114912280701751,5c4eb5428888561380c8c1faad62395ae26006680cabcf7fb5e6fe9cb57c3966,5c4eb5428888561380c8c1faad62395ae26006680cabcf7fb5e6fe9cb57c3966,float,79dcf5eee7eb5fc8d9e6e622485364f9c79023214f4836cdfaaddfc24954a13a,972,114,TRUE,TRUE,FALSE,FALSE,0.11.2
baseline,6,20,dta,float,compact_25,divide,ordinary,3,1000000,626,0.166999999999998,0.168000000000002,0.000266773162939294,1eb55135fe633cd295bc5be0af351ad8891627f20f18915449a5f28318da98d4,1eb55135fe633cd295bc5be0af351ad8891627f20f18915449a5f28318da98d4,,79dcf5eee7eb5fc8d9e6e622485364f9c79023214f4836cdfaaddfc24954a13a,972,0,FALSE,FALSE,FALSE,FALSE,0.11.2
baseline,6,21,dta,float,compact_25,add,ordinary,1,1000000,600,0.167000000000002,0.166999999999998,0.000278333333333336,744238dff0a503a1b62571c237d68f28b9f70ce5dc1d0e28212096a8c637233a,744238dff0a503a1b62571c237d68f28b9f70ce5dc1d0e28212096a8c637233a,,79dcf5eee7eb5fc8d9e6e622485364f9c79023214f4836cdfaaddfc24954a13a,972,0,FALSE,FALSE,FALSE,FALSE,0.11.2
baseline,6,21,dta,float,compact_25,add,typed_double,2,1000000,569,0.169,0.169,0.000297012302284711,2f88347ec5cc3067fdbfb0b10eb0196b26f71e822bf5261d3e26bd5cd8863930,2f88347ec5cc3067fdbfb0b10eb0196b26f71e822bf5261d3e26bd5cd8863930,double,79dcf5eee7eb5fc8d9e6e622485364f9c79023214f4836cdfaaddfc24954a13a,972,569,FALSE,FALSE,FALSE,FALSE,0.11.2
baseline,6,21,dta,float,compact_25,add,compact,3,1000000,94,0.138000000000002,0.138,0.001468085106383,85b946da983a156bef0be0f20e4902d4abbb997e5e4ec9ef440464482cdc234f,85b946da983a156bef0be0f20e4902d4abbb997e5e4ec9ef440464482cdc234f,float,79dcf5eee7eb5fc8d9e6e622485364f9c79023214f4836cdfaaddfc24954a13a,972,94,TRUE,TRUE,FALSE,FALSE,0.11.2
baseline,6,22,arrow,float,compact_25,multiply,compact,1,1000000,120,0.146000000000001,0.146000000000001,0.00121666666666667,85b946da983a156bef0be0f20e4902d4abbb997e5e4ec9ef440464482cdc234f,85b946da983a156bef0be0f20e4902d4abbb997e5e4ec9ef440464482cdc234f,float,79dcf5eee7eb5fc8d9e6e622485364f9c79023214f4836cdfaaddfc24954a13a,972,120,TRUE,TRUE,FALSE,FALSE,0.11.2
baseline,6,22,arrow,float,compact_25,multiply,ordinary,2,1000000,548,0.151,0.151,0.000275547445255474,744238dff0a503a1b62571c237d68f28b9f70ce5dc1d0e28212096a8c637233a,744238dff0a503a1b62571c237d68f28b9f70ce5dc1d0e28212096a8c637233a,,79dcf5eee7eb5fc8d9e6e622485364f9c79023214f4836cdfaaddfc24954a13a,972,0,FALSE,FALSE,FALSE,FALSE,0.11.2
baseline,6,22,arrow,float,compact_25,multiply,typed_double,3,1000000,501,0.135000000000002,0.134999999999998,0.000269461077844315,2f88347ec5cc3067fdbfb0b10eb0196b26f71e822bf5261d3e26bd5cd8863930,2f88347ec5cc3067fdbfb0b10eb0196b26f71e822bf5261d3e26bd5cd8863930,double,79dcf5eee7eb5fc8d9e6e622485364f9c79023214f4836cdfaaddfc24954a13a,972,501,FALSE,FALSE,FALSE,FALSE,0.11.2
baseline,6,23,arrow,float,compact_25,divide,typed_double,1,1000000,500,0.166,0.167000000000002,0.000332000000000001,d4052c054b297af2ee5c03f0c39b43e78c09ece7480d086008efaa871364bc14,d4052c054b297af2ee5c03f0c39b43e78c09ece7480d086008efaa871364bc14,double,79dcf5eee7eb5fc8d9e6e622485364f9c79023214f4836cdfaaddfc24954a13a,972,500,FALSE,FALSE,FALSE,FALSE,0.11.2
baseline,6,23,arrow,float,compact_25,divide,compact,2,1000000,114,0.159000000000002,0.159000000000002,0.00139473684210528,5c4eb5428888561380c8c1faad62395ae26006680cabcf7fb5e6fe9cb57c3966,5c4eb5428888561380c8c1faad62395ae26006680cabcf7fb5e6fe9cb57c3966,float,79dcf5eee7eb5fc8d9e6e622485364f9c79023214f4836cdfaaddfc24954a13a,972,114,TRUE,TRUE,FALSE,FALSE,0.11.2
baseline,6,23,arrow,float,compact_25,divide,ordinary,3,1000000,552,0.135999999999999,0.135999999999999,0.000246376811594201,1eb55135fe633cd295bc5be0af351ad8891627f20f18915449a5f28318da98d4,1eb55135fe633cd295bc5be0af351ad8891627f20f18915449a5f28318da98d4,,79dcf5eee7eb5fc8d9e6e622485364f9c79023214f4836cdfaaddfc24954a13a,972,0,FALSE,FALSE,FALSE,FALSE,0.11.2
baseline,6,24,arrow,float,compact_25,add,ordinary,1,1000000,518,0.148999999999997,0.148999999999997,0.000287644787644783,744238dff0a503a1b62571c237d68f28b9f70ce5dc1d0e28212096a8c637233a,744238dff0a503a1b62571c237d68f28b9f70ce5dc1d0e28212096a8c637233a,,79dcf5eee7eb5fc8d9e6e622485364f9c79023214f4836cdfaaddfc24954a13a,972,0,FALSE,FALSE,FALSE,FALSE,0.11.2
baseline,6,24,arrow,float,compact_25,add,typed_double,2,1000000,500,0.152000000000001,0.152000000000001,0.000304000000000002,2f88347ec5cc3067fdbfb0b10eb0196b26f71e822bf5261d3e26bd5cd8863930,2f88347ec5cc3067fdbfb0b10eb0196b26f71e822bf5261d3e26bd5cd8863930,double,79dcf5eee7eb5fc8d9e6e622485364f9c79023214f4836cdfaaddfc24954a13a,972,500,FALSE,FALSE,FALSE,FALSE,0.11.2
baseline,6,24,arrow,float,compact_25,add,compact,3,1000000,95,0.166,0.166,0.00174736842105264,85b946da983a156bef0be0f20e4902d4abbb997e5e4ec9ef440464482cdc234f,85b946da983a156bef0be0f20e4902d4abbb997e5e4ec9ef440464482cdc234f,float,79dcf5eee7eb5fc8d9e6e622485364f9c79023214f4836cdfaaddfc24954a13a,972,95,TRUE,TRUE,FALSE,FALSE,0.11.2
