variant,round,case,n,width,key_count,layout,phase,representation,order,iterations,cpu_seconds,elapsed_seconds,result_sha256,metadata_sha256,result_storage,source_sha256,ranks_sha256,scalar_values,prepared_values,prepared_bytes,key_cache_bytes,peak_vcell_bytes,source_state_sha256
baseline,1,1,100000,byte,1,random,timing,typed_double,1,2,0.211,0.211,611de18bdbc2635e1ae6c62e8cd601542cf8546cee7fe011fb989fb9b6d2c5e1,7489b3b15c134c0738d86198e4eeabe8cc23f781e51a240f4d47407d7a27cd49,,79ca59251cbf840b798536c6992ceae96b4d9a89e68b7f0ba6fd40ae59ea7d39,5ff104c4f202fc073ae8f7d3b98ec913f051efaf773d4a26b2e909b7826d85eb,NA,NA,NA,8e+05,2419080,e56da4f502cedcfad3630714028c105bbeeb303114f29569641445b54eb769f2
baseline,1,1,100000,byte,1,random,timing,ordinary,2,7,0.16,0.161,611de18bdbc2635e1ae6c62e8cd601542cf8546cee7fe011fb989fb9b6d2c5e1,7489b3b15c134c0738d86198e4eeabe8cc23f781e51a240f4d47407d7a27cd49,,79ca59251cbf840b798536c6992ceae96b4d9a89e68b7f0ba6fd40ae59ea7d39,5ff104c4f202fc073ae8f7d3b98ec913f051efaf773d4a26b2e909b7826d85eb,NA,NA,NA,8e+05,2401416,e56da4f502cedcfad3630714028c105bbeeb303114f29569641445b54eb769f2
baseline,1,1,100000,byte,1,random,timing,compact,3,2,0.216,0.216,611de18bdbc2635e1ae6c62e8cd601542cf8546cee7fe011fb989fb9b6d2c5e1,7489b3b15c134c0738d86198e4eeabe8cc23f781e51a240f4d47407d7a27cd49,,79ca59251cbf840b798536c6992ceae96b4d9a89e68b7f0ba6fd40ae59ea7d39,5ff104c4f202fc073ae8f7d3b98ec913f051efaf773d4a26b2e909b7826d85eb,NA,NA,NA,8e+05,2401496,90c7c589dbbfaf14e7a1287fa250334ce92d712e1b442dea6fecf7eb4312110d
baseline,1,2,100000,byte,1,sorted,timing,ordinary,1,12,0.159,0.159,b2ba4976e8fb73986642cd794254f383cea39d1f3a3ebf7d622ef5febc19b98c,7489b3b15c134c0738d86198e4eeabe8cc23f781e51a240f4d47407d7a27cd49,,983ceeeb21d19fc6681a93a21cd0a4aa3ec44b911c559338cc65523bda301240,bff0ccac5a55e2545a4398866f41489021804172b1914a6f436786ca490125f0,NA,NA,NA,8e+05,2401416,e56da4f502cedcfad3630714028c105bbeeb303114f29569641445b54eb769f2
baseline,1,2,100000,byte,1,sorted,timing,compact,2,3,0.192,0.192,b2ba4976e8fb73986642cd794254f383cea39d1f3a3ebf7d622ef5febc19b98c,7489b3b15c134c0738d86198e4eeabe8cc23f781e51a240f4d47407d7a27cd49,,983ceeeb21d19fc6681a93a21cd0a4aa3ec44b911c559338cc65523bda301240,bff0ccac5a55e2545a4398866f41489021804172b1914a6f436786ca490125f0,NA,NA,NA,8e+05,2401496,90c7c589dbbfaf14e7a1287fa250334ce92d712e1b442dea6fecf7eb4312110d
baseline,1,2,100000,byte,1,sorted,timing,typed_double,3,3,0.19,0.19,b2ba4976e8fb73986642cd794254f383cea39d1f3a3ebf7d622ef5febc19b98c,7489b3b15c134c0738d86198e4eeabe8cc23f781e51a240f4d47407d7a27cd49,,983ceeeb21d19fc6681a93a21cd0a4aa3ec44b911c559338cc65523bda301240,bff0ccac5a55e2545a4398866f41489021804172b1914a6f436786ca490125f0,NA,NA,NA,8e+05,2401368,e56da4f502cedcfad3630714028c105bbeeb303114f29569641445b54eb769f2
baseline,1,3,100000,byte,4,random,timing,compact,1,1,0.211,0.210999999999999,ffda5aaffec7ffbb58b5a3cd5ec3d81122b355f7db4ed2c104818038769dea8f,bd64d393fdb9b1a213989b298782d95b689ea3d4c8ebf87487dea0d46f6d8585,,71c6e51bf68dea3480d87bd4e483380e78c80874476c99a65ed1c24fc0dc2701,45685d585afcf2d259b31a2d8922723a51bd51b53581d528f52ff6ff472de32d,NA,NA,NA,3200000,2801744,55604d65dc286407e628e98d1a6cad78d8520977dd52a04e4cec45fdafef6ca7
baseline,1,3,100000,byte,4,random,timing,typed_double,2,1,0.207,0.208,ffda5aaffec7ffbb58b5a3cd5ec3d81122b355f7db4ed2c104818038769dea8f,bd64d393fdb9b1a213989b298782d95b689ea3d4c8ebf87487dea0d46f6d8585,,71c6e51bf68dea3480d87bd4e483380e78c80874476c99a65ed1c24fc0dc2701,45685d585afcf2d259b31a2d8922723a51bd51b53581d528f52ff6ff472de32d,NA,NA,NA,3200000,2801232,692e68b5fdf4dcb6298baab418c8942336624627eb22682a5166460b2e9a1ef8
baseline,1,3,100000,byte,4,random,timing,ordinary,3,4,0.165999999999999,0.166,ffda5aaffec7ffbb58b5a3cd5ec3d81122b355f7db4ed2c104818038769dea8f,bd64d393fdb9b1a213989b298782d95b689ea3d4c8ebf87487dea0d46f6d8585,,71c6e51bf68dea3480d87bd4e483380e78c80874476c99a65ed1c24fc0dc2701,45685d585afcf2d259b31a2d8922723a51bd51b53581d528f52ff6ff472de32d,NA,NA,NA,3200000,2801424,692e68b5fdf4dcb6298baab418c8942336624627eb22682a5166460b2e9a1ef8
baseline,1,4,100000,byte,4,sorted,timing,typed_double,1,2,0.268,0.268,c00804f2cdb8c5f3a3c84574d69ea5dbf006bd822d8f2186a3fa0aad17ad7422,bd64d393fdb9b1a213989b298782d95b689ea3d4c8ebf87487dea0d46f6d8585,,d459b3940c19caa3ce7a1f1d47e880f4ebdd851e030266bb0bc970c817adcce3,3511331d6bfaa4332efe7710355801dbbedb47920ed3242a042adb0e0c16a347,NA,NA,NA,3200000,2801232,692e68b5fdf4dcb6298baab418c8942336624627eb22682a5166460b2e9a1ef8
baseline,1,4,100000,byte,4,sorted,timing,ordinary,2,6,0.151999999999999,0.153,c00804f2cdb8c5f3a3c84574d69ea5dbf006bd822d8f2186a3fa0aad17ad7422,bd64d393fdb9b1a213989b298782d95b689ea3d4c8ebf87487dea0d46f6d8585,,d459b3940c19caa3ce7a1f1d47e880f4ebdd851e030266bb0bc970c817adcce3,3511331d6bfaa4332efe7710355801dbbedb47920ed3242a042adb0e0c16a347,NA,NA,NA,3200000,2801424,692e68b5fdf4dcb6298baab418c8942336624627eb22682a5166460b2e9a1ef8
baseline,1,4,100000,byte,4,sorted,timing,compact,3,2,0.274999999999999,0.275,c00804f2cdb8c5f3a3c84574d69ea5dbf006bd822d8f2186a3fa0aad17ad7422,bd64d393fdb9b1a213989b298782d95b689ea3d4c8ebf87487dea0d46f6d8585,,d459b3940c19caa3ce7a1f1d47e880f4ebdd851e030266bb0bc970c817adcce3,3511331d6bfaa4332efe7710355801dbbedb47920ed3242a042adb0e0c16a347,NA,NA,NA,3200000,2801744,55604d65dc286407e628e98d1a6cad78d8520977dd52a04e4cec45fdafef6ca7
baseline,1,5,100000,int,1,random,timing,ordinary,1,7,0.157,0.157,790e7ab0dca629a978c5f15f9866d33526f92648f40cb5cd3f8b04b18c7e5e12,7489b3b15c134c0738d86198e4eeabe8cc23f781e51a240f4d47407d7a27cd49,,2997003b2099d6d7c994178abe216c694cecda0419dea94ee17773c839d592f0,aae1303f43753abcfee5c3e2e9e23f0052fbbda0fadfbf38a534a2f63d4a4a07,NA,NA,NA,8e+05,2441120,e56da4f502cedcfad3630714028c105bbeeb303114f29569641445b54eb769f2
baseline,1,5,100000,int,1,random,timing,compact,2,2,0.216999999999999,0.216000000000001,790e7ab0dca629a978c5f15f9866d33526f92648f40cb5cd3f8b04b18c7e5e12,7489b3b15c134c0738d86198e4eeabe8cc23f781e51a240f4d47407d7a27cd49,,2997003b2099d6d7c994178abe216c694cecda0419dea94ee17773c839d592f0,aae1303f43753abcfee5c3e2e9e23f0052fbbda0fadfbf38a534a2f63d4a4a07,NA,NA,NA,8e+05,2441200,90c7c589dbbfaf14e7a1287fa250334ce92d712e1b442dea6fecf7eb4312110d
baseline,1,5,100000,int,1,random,timing,typed_double,3,2,0.211,0.211,790e7ab0dca629a978c5f15f9866d33526f92648f40cb5cd3f8b04b18c7e5e12,7489b3b15c134c0738d86198e4eeabe8cc23f781e51a240f4d47407d7a27cd49,,2997003b2099d6d7c994178abe216c694cecda0419dea94ee17773c839d592f0,aae1303f43753abcfee5c3e2e9e23f0052fbbda0fadfbf38a534a2f63d4a4a07,NA,NA,NA,8e+05,2441072,e56da4f502cedcfad3630714028c105bbeeb303114f29569641445b54eb769f2
baseline,1,6,100000,int,1,sorted,timing,compact,1,3,0.195000000000001,0.193999999999999,a52faec4fa0bb0f21a51be75968a4395435af5fda4231bab85297e0157e03974,7489b3b15c134c0738d86198e4eeabe8cc23f781e51a240f4d47407d7a27cd49,,db1959a5bac429757ccfde32823cf5986fa24e726b60f0a2bd496a5ea6c9191e,f2c6661dad014d79905785000eea38ec6082e215a4aaa0aac4947c645e78e561,NA,NA,NA,8e+05,2441200,90c7c589dbbfaf14e7a1287fa250334ce92d712e1b442dea6fecf7eb4312110d
baseline,1,6,100000,int,1,sorted,timing,typed_double,2,3,0.190000000000001,0.189,a52faec4fa0bb0f21a51be75968a4395435af5fda4231bab85297e0157e03974,7489b3b15c134c0738d86198e4eeabe8cc23f781e51a240f4d47407d7a27cd49,,db1959a5bac429757ccfde32823cf5986fa24e726b60f0a2bd496a5ea6c9191e,f2c6661dad014d79905785000eea38ec6082e215a4aaa0aac4947c645e78e561,NA,NA,NA,8e+05,2441072,e56da4f502cedcfad3630714028c105bbeeb303114f29569641445b54eb769f2
baseline,1,6,100000,int,1,sorted,timing,ordinary,3,13,0.177999999999999,0.177999999999999,a52faec4fa0bb0f21a51be75968a4395435af5fda4231bab85297e0157e03974,7489b3b15c134c0738d86198e4eeabe8cc23f781e51a240f4d47407d7a27cd49,,db1959a5bac429757ccfde32823cf5986fa24e726b60f0a2bd496a5ea6c9191e,f2c6661dad014d79905785000eea38ec6082e215a4aaa0aac4947c645e78e561,NA,NA,NA,8e+05,2441120,e56da4f502cedcfad3630714028c105bbeeb303114f29569641445b54eb769f2
baseline,1,7,100000,int,4,random,timing,typed_double,1,2,0.267999999999999,0.268000000000001,28570e6fb39ba10fbc26c9a5ba29b6d686680f95e46dd9ae04be81bda40fe2c6,bd64d393fdb9b1a213989b298782d95b689ea3d4c8ebf87487dea0d46f6d8585,,aff7ed7d2ab6d1b77b5e1290b89c4fbe3871041d0d819c20a2b431ed5ad102a8,d5b3f9c2a15801fe8ae51044015dcf16488edbb841928fd850be98b199f45c5c,NA,NA,NA,3200000,2801920,692e68b5fdf4dcb6298baab418c8942336624627eb22682a5166460b2e9a1ef8
baseline,1,7,100000,int,4,random,timing,ordinary,2,6,0.161,0.161999999999999,28570e6fb39ba10fbc26c9a5ba29b6d686680f95e46dd9ae04be81bda40fe2c6,bd64d393fdb9b1a213989b298782d95b689ea3d4c8ebf87487dea0d46f6d8585,,aff7ed7d2ab6d1b77b5e1290b89c4fbe3871041d0d819c20a2b431ed5ad102a8,d5b3f9c2a15801fe8ae51044015dcf16488edbb841928fd850be98b199f45c5c,NA,NA,NA,3200000,2802112,692e68b5fdf4dcb6298baab418c8942336624627eb22682a5166460b2e9a1ef8
baseline,1,7,100000,int,4,random,timing,compact,3,2,0.276,0.275,28570e6fb39ba10fbc26c9a5ba29b6d686680f95e46dd9ae04be81bda40fe2c6,bd64d393fdb9b1a213989b298782d95b689ea3d4c8ebf87487dea0d46f6d8585,,aff7ed7d2ab6d1b77b5e1290b89c4fbe3871041d0d819c20a2b431ed5ad102a8,d5b3f9c2a15801fe8ae51044015dcf16488edbb841928fd850be98b199f45c5c,NA,NA,NA,3200000,2802432,55604d65dc286407e628e98d1a6cad78d8520977dd52a04e4cec45fdafef6ca7
baseline,1,8,100000,int,4,sorted,timing,ordinary,1,9,0.161000000000001,0.16,150f33127c7414ac096d3c1f7675b1a8dbd6526c5c3b37a8a4c3cff75762748a,bd64d393fdb9b1a213989b298782d95b689ea3d4c8ebf87487dea0d46f6d8585,,aff3f2dfe98a92d596412f850cce402a277c4ca64dfa5da5b4ca182cde71dfbb,1c3397468f628a26ab2118271b997ec9c97fd7600b13938678a0a06761230548,NA,NA,NA,3200000,2802112,692e68b5fdf4dcb6298baab418c8942336624627eb22682a5166460b2e9a1ef8
baseline,1,8,100000,int,4,sorted,timing,compact,2,2,0.185,0.185,150f33127c7414ac096d3c1f7675b1a8dbd6526c5c3b37a8a4c3cff75762748a,bd64d393fdb9b1a213989b298782d95b689ea3d4c8ebf87487dea0d46f6d8585,,aff3f2dfe98a92d596412f850cce402a277c4ca64dfa5da5b4ca182cde71dfbb,1c3397468f628a26ab2118271b997ec9c97fd7600b13938678a0a06761230548,NA,NA,NA,3200000,2802432,55604d65dc286407e628e98d1a6cad78d8520977dd52a04e4cec45fdafef6ca7
baseline,1,8,100000,int,4,sorted,timing,typed_double,3,2,0.180999999999999,0.181000000000001,150f33127c7414ac096d3c1f7675b1a8dbd6526c5c3b37a8a4c3cff75762748a,bd64d393fdb9b1a213989b298782d95b689ea3d4c8ebf87487dea0d46f6d8585,,aff3f2dfe98a92d596412f850cce402a277c4ca64dfa5da5b4ca182cde71dfbb,1c3397468f628a26ab2118271b997ec9c97fd7600b13938678a0a06761230548,NA,NA,NA,3200000,2801920,692e68b5fdf4dcb6298baab418c8942336624627eb22682a5166460b2e9a1ef8
baseline,1,9,100000,long,1,random,timing,compact,1,2,0.216999999999999,0.218,790e7ab0dca629a978c5f15f9866d33526f92648f40cb5cd3f8b04b18c7e5e12,7489b3b15c134c0738d86198e4eeabe8cc23f781e51a240f4d47407d7a27cd49,,751bda1c3cc5aa6b0a51955579ca627ba8545238811eb3539c65292338bb2c6e,aae1303f43753abcfee5c3e2e9e23f0052fbbda0fadfbf38a534a2f63d4a4a07,NA,NA,NA,8e+05,2441200,90c7c589dbbfaf14e7a1287fa250334ce92d712e1b442dea6fecf7eb4312110d
baseline,1,9,100000,long,1,random,timing,typed_double,2,2,0.209000000000003,0.209,790e7ab0dca629a978c5f15f9866d33526f92648f40cb5cd3f8b04b18c7e5e12,7489b3b15c134c0738d86198e4eeabe8cc23f781e51a240f4d47407d7a27cd49,,751bda1c3cc5aa6b0a51955579ca627ba8545238811eb3539c65292338bb2c6e,aae1303f43753abcfee5c3e2e9e23f0052fbbda0fadfbf38a534a2f63d4a4a07,NA,NA,NA,8e+05,2441072,e56da4f502cedcfad3630714028c105bbeeb303114f29569641445b54eb769f2
baseline,1,9,100000,long,1,random,timing,ordinary,3,7,0.154,0.154,790e7ab0dca629a978c5f15f9866d33526f92648f40cb5cd3f8b04b18c7e5e12,7489b3b15c134c0738d86198e4eeabe8cc23f781e51a240f4d47407d7a27cd49,,751bda1c3cc5aa6b0a51955579ca627ba8545238811eb3539c65292338bb2c6e,aae1303f43753abcfee5c3e2e9e23f0052fbbda0fadfbf38a534a2f63d4a4a07,NA,NA,NA,8e+05,2441120,e56da4f502cedcfad3630714028c105bbeeb303114f29569641445b54eb769f2
baseline,1,10,100000,long,1,sorted,timing,typed_double,1,3,0.187999999999999,0.188000000000002,a52faec4fa0bb0f21a51be75968a4395435af5fda4231bab85297e0157e03974,7489b3b15c134c0738d86198e4eeabe8cc23f781e51a240f4d47407d7a27cd49,,1ea934f3f083d0cbb593ee245b2722e6fb3e91ab062e1ed17f8f9c8d5d24c3c1,f2c6661dad014d79905785000eea38ec6082e215a4aaa0aac4947c645e78e561,NA,NA,NA,8e+05,2441072,e56da4f502cedcfad3630714028c105bbeeb303114f29569641445b54eb769f2
baseline,1,10,100000,long,1,sorted,timing,ordinary,2,12,0.154,0.154,a52faec4fa0bb0f21a51be75968a4395435af5fda4231bab85297e0157e03974,7489b3b15c134c0738d86198e4eeabe8cc23f781e51a240f4d47407d7a27cd49,,1ea934f3f083d0cbb593ee245b2722e6fb3e91ab062e1ed17f8f9c8d5d24c3c1,f2c6661dad014d79905785000eea38ec6082e215a4aaa0aac4947c645e78e561,NA,NA,NA,8e+05,2441120,e56da4f502cedcfad3630714028c105bbeeb303114f29569641445b54eb769f2
baseline,1,10,100000,long,1,sorted,timing,compact,3,3,0.193000000000001,0.193999999999999,a52faec4fa0bb0f21a51be75968a4395435af5fda4231bab85297e0157e03974,7489b3b15c134c0738d86198e4eeabe8cc23f781e51a240f4d47407d7a27cd49,,1ea934f3f083d0cbb593ee245b2722e6fb3e91ab062e1ed17f8f9c8d5d24c3c1,f2c6661dad014d79905785000eea38ec6082e215a4aaa0aac4947c645e78e561,NA,NA,NA,8e+05,2441200,90c7c589dbbfaf14e7a1287fa250334ce92d712e1b442dea6fecf7eb4312110d
baseline,1,11,100000,long,4,random,timing,ordinary,1,6,0.166999999999998,0.165999999999997,28570e6fb39ba10fbc26c9a5ba29b6d686680f95e46dd9ae04be81bda40fe2c6,bd64d393fdb9b1a213989b298782d95b689ea3d4c8ebf87487dea0d46f6d8585,,6a561c8e859a4ca1eb5e1c65a05e4cda84f46397e6502ec8bf24a48cc9330769,d5b3f9c2a15801fe8ae51044015dcf16488edbb841928fd850be98b199f45c5c,NA,NA,NA,3200000,2802112,692e68b5fdf4dcb6298baab418c8942336624627eb22682a5166460b2e9a1ef8
baseline,1,11,100000,long,4,random,timing,compact,2,2,0.275000000000002,0.274999999999999,28570e6fb39ba10fbc26c9a5ba29b6d686680f95e46dd9ae04be81bda40fe2c6,bd64d393fdb9b1a213989b298782d95b689ea3d4c8ebf87487dea0d46f6d8585,,6a561c8e859a4ca1eb5e1c65a05e4cda84f46397e6502ec8bf24a48cc9330769,d5b3f9c2a15801fe8ae51044015dcf16488edbb841928fd850be98b199f45c5c,NA,NA,NA,3200000,2802432,55604d65dc286407e628e98d1a6cad78d8520977dd52a04e4cec45fdafef6ca7
baseline,1,11,100000,long,4,random,timing,typed_double,3,2,0.269000000000002,0.269000000000002,28570e6fb39ba10fbc26c9a5ba29b6d686680f95e46dd9ae04be81bda40fe2c6,bd64d393fdb9b1a213989b298782d95b689ea3d4c8ebf87487dea0d46f6d8585,,6a561c8e859a4ca1eb5e1c65a05e4cda84f46397e6502ec8bf24a48cc9330769,d5b3f9c2a15801fe8ae51044015dcf16488edbb841928fd850be98b199f45c5c,NA,NA,NA,3200000,2801920,692e68b5fdf4dcb6298baab418c8942336624627eb22682a5166460b2e9a1ef8
baseline,1,12,100000,long,4,sorted,timing,compact,1,2,0.183,0.184000000000001,150f33127c7414ac096d3c1f7675b1a8dbd6526c5c3b37a8a4c3cff75762748a,bd64d393fdb9b1a213989b298782d95b689ea3d4c8ebf87487dea0d46f6d8585,,f1c9883feda04e555205dbd80629014dd80776a9752271511c857a4ed7d5b024,1c3397468f628a26ab2118271b997ec9c97fd7600b13938678a0a06761230548,NA,NA,NA,3200000,2802432,55604d65dc286407e628e98d1a6cad78d8520977dd52a04e4cec45fdafef6ca7
baseline,1,12,100000,long,4,sorted,timing,typed_double,2,2,0.179000000000002,0.178999999999998,150f33127c7414ac096d3c1f7675b1a8dbd6526c5c3b37a8a4c3cff75762748a,bd64d393fdb9b1a213989b298782d95b689ea3d4c8ebf87487dea0d46f6d8585,,f1c9883feda04e555205dbd80629014dd80776a9752271511c857a4ed7d5b024,1c3397468f628a26ab2118271b997ec9c97fd7600b13938678a0a06761230548,NA,NA,NA,3200000,2801920,692e68b5fdf4dcb6298baab418c8942336624627eb22682a5166460b2e9a1ef8
baseline,1,12,100000,long,4,sorted,timing,ordinary,3,9,0.161000000000001,0.161000000000001,150f33127c7414ac096d3c1f7675b1a8dbd6526c5c3b37a8a4c3cff75762748a,bd64d393fdb9b1a213989b298782d95b689ea3d4c8ebf87487dea0d46f6d8585,,f1c9883feda04e555205dbd80629014dd80776a9752271511c857a4ed7d5b024,1c3397468f628a26ab2118271b997ec9c97fd7600b13938678a0a06761230548,NA,NA,NA,3200000,2802112,692e68b5fdf4dcb6298baab418c8942336624627eb22682a5166460b2e9a1ef8
baseline,1,13,100000,float,1,random,timing,typed_double,1,2,0.208000000000001,0.207999999999998,790e7ab0dca629a978c5f15f9866d33526f92648f40cb5cd3f8b04b18c7e5e12,7489b3b15c134c0738d86198e4eeabe8cc23f781e51a240f4d47407d7a27cd49,,23cfcddb626fee694223f7cbc18d4f117ef068e8bd115496d298cece1a718496,aae1303f43753abcfee5c3e2e9e23f0052fbbda0fadfbf38a534a2f63d4a4a07,NA,NA,NA,8e+05,2441072,e56da4f502cedcfad3630714028c105bbeeb303114f29569641445b54eb769f2
baseline,1,13,100000,float,1,random,timing,ordinary,2,7,0.157,0.157,790e7ab0dca629a978c5f15f9866d33526f92648f40cb5cd3f8b04b18c7e5e12,7489b3b15c134c0738d86198e4eeabe8cc23f781e51a240f4d47407d7a27cd49,,23cfcddb626fee694223f7cbc18d4f117ef068e8bd115496d298cece1a718496,aae1303f43753abcfee5c3e2e9e23f0052fbbda0fadfbf38a534a2f63d4a4a07,NA,NA,NA,8e+05,2441120,e56da4f502cedcfad3630714028c105bbeeb303114f29569641445b54eb769f2
baseline,1,13,100000,float,1,random,timing,compact,3,2,0.215,0.215,790e7ab0dca629a978c5f15f9866d33526f92648f40cb5cd3f8b04b18c7e5e12,7489b3b15c134c0738d86198e4eeabe8cc23f781e51a240f4d47407d7a27cd49,,23cfcddb626fee694223f7cbc18d4f117ef068e8bd115496d298cece1a718496,aae1303f43753abcfee5c3e2e9e23f0052fbbda0fadfbf38a534a2f63d4a4a07,NA,NA,NA,8e+05,2441200,90c7c589dbbfaf14e7a1287fa250334ce92d712e1b442dea6fecf7eb4312110d
baseline,1,14,100000,float,1,sorted,timing,ordinary,1,12,0.150000000000002,0.149999999999999,a52faec4fa0bb0f21a51be75968a4395435af5fda4231bab85297e0157e03974,7489b3b15c134c0738d86198e4eeabe8cc23f781e51a240f4d47407d7a27cd49,,87d40b2334b7e6c59df44017642222b0038c34062869308912cd786c77e53d77,f2c6661dad014d79905785000eea38ec6082e215a4aaa0aac4947c645e78e561,NA,NA,NA,8e+05,2441120,e56da4f502cedcfad3630714028c105bbeeb303114f29569641445b54eb769f2
baseline,1,14,100000,float,1,sorted,timing,compact,2,3,0.190999999999999,0.190999999999999,a52faec4fa0bb0f21a51be75968a4395435af5fda4231bab85297e0157e03974,7489b3b15c134c0738d86198e4eeabe8cc23f781e51a240f4d47407d7a27cd49,,87d40b2334b7e6c59df44017642222b0038c34062869308912cd786c77e53d77,f2c6661dad014d79905785000eea38ec6082e215a4aaa0aac4947c645e78e561,NA,NA,NA,8e+05,2441200,90c7c589dbbfaf14e7a1287fa250334ce92d712e1b442dea6fecf7eb4312110d
baseline,1,14,100000,float,1,sorted,timing,typed_double,3,3,0.188000000000002,0.187999999999999,a52faec4fa0bb0f21a51be75968a4395435af5fda4231bab85297e0157e03974,7489b3b15c134c0738d86198e4eeabe8cc23f781e51a240f4d47407d7a27cd49,,87d40b2334b7e6c59df44017642222b0038c34062869308912cd786c77e53d77,f2c6661dad014d79905785000eea38ec6082e215a4aaa0aac4947c645e78e561,NA,NA,NA,8e+05,2441072,e56da4f502cedcfad3630714028c105bbeeb303114f29569641445b54eb769f2
baseline,1,15,100000,float,4,random,timing,compact,1,2,0.278000000000001,0.277000000000001,28570e6fb39ba10fbc26c9a5ba29b6d686680f95e46dd9ae04be81bda40fe2c6,bd64d393fdb9b1a213989b298782d95b689ea3d4c8ebf87487dea0d46f6d8585,,713ae766cb7266f7c774d9e74951f47c6d8fa3fb644d7de510b4b899c94f6399,d5b3f9c2a15801fe8ae51044015dcf16488edbb841928fd850be98b199f45c5c,NA,NA,NA,3200000,2802432,55604d65dc286407e628e98d1a6cad78d8520977dd52a04e4cec45fdafef6ca7
baseline,1,15,100000,float,4,random,timing,typed_double,2,2,0.268000000000001,0.268999999999998,28570e6fb39ba10fbc26c9a5ba29b6d686680f95e46dd9ae04be81bda40fe2c6,bd64d393fdb9b1a213989b298782d95b689ea3d4c8ebf87487dea0d46f6d8585,,713ae766cb7266f7c774d9e74951f47c6d8fa3fb644d7de510b4b899c94f6399,d5b3f9c2a15801fe8ae51044015dcf16488edbb841928fd850be98b199f45c5c,NA,NA,NA,3200000,2801920,692e68b5fdf4dcb6298baab418c8942336624627eb22682a5166460b2e9a1ef8
baseline,1,15,100000,float,4,random,timing,ordinary,3,6,0.161000000000001,0.162000000000003,28570e6fb39ba10fbc26c9a5ba29b6d686680f95e46dd9ae04be81bda40fe2c6,bd64d393fdb9b1a213989b298782d95b689ea3d4c8ebf87487dea0d46f6d8585,,713ae766cb7266f7c774d9e74951f47c6d8fa3fb644d7de510b4b899c94f6399,d5b3f9c2a15801fe8ae51044015dcf16488edbb841928fd850be98b199f45c5c,NA,NA,NA,3200000,2802112,692e68b5fdf4dcb6298baab418c8942336624627eb22682a5166460b2e9a1ef8
baseline,1,16,100000,float,4,sorted,timing,typed_double,1,2,0.179999999999998,0.177999999999997,150f33127c7414ac096d3c1f7675b1a8dbd6526c5c3b37a8a4c3cff75762748a,bd64d393fdb9b1a213989b298782d95b689ea3d4c8ebf87487dea0d46f6d8585,,01653bef0c2c3143e8632da935baee80ac5550fc2dcd732b63e9b1ebf060b3cd,1c3397468f628a26ab2118271b997ec9c97fd7600b13938678a0a06761230548,NA,NA,NA,3200000,2801920,692e68b5fdf4dcb6298baab418c8942336624627eb22682a5166460b2e9a1ef8
baseline,1,16,100000,float,4,sorted,timing,ordinary,2,9,0.152999999999999,0.153000000000002,150f33127c7414ac096d3c1f7675b1a8dbd6526c5c3b37a8a4c3cff75762748a,bd64d393fdb9b1a213989b298782d95b689ea3d4c8ebf87487dea0d46f6d8585,,01653bef0c2c3143e8632da935baee80ac5550fc2dcd732b63e9b1ebf060b3cd,1c3397468f628a26ab2118271b997ec9c97fd7600b13938678a0a06761230548,NA,NA,NA,3200000,2802112,692e68b5fdf4dcb6298baab418c8942336624627eb22682a5166460b2e9a1ef8
baseline,1,16,100000,float,4,sorted,timing,compact,3,2,0.184000000000001,0.183999999999997,150f33127c7414ac096d3c1f7675b1a8dbd6526c5c3b37a8a4c3cff75762748a,bd64d393fdb9b1a213989b298782d95b689ea3d4c8ebf87487dea0d46f6d8585,,01653bef0c2c3143e8632da935baee80ac5550fc2dcd732b63e9b1ebf060b3cd,1c3397468f628a26ab2118271b997ec9c97fd7600b13938678a0a06761230548,NA,NA,NA,3200000,2802432,55604d65dc286407e628e98d1a6cad78d8520977dd52a04e4cec45fdafef6ca7
baseline,1,17,1000000,int,1,random,timing,ordinary,1,1,0.253999999999998,0.254000000000001,3b8ff5aa6cf40469034133724b402ecd24b2b1695cb55ebde239e358ad779336,7489b3b15c134c0738d86198e4eeabe8cc23f781e51a240f4d47407d7a27cd49,,a10821ac1bb8d4a975da3ac98d55a939b046be2a393f527e4f9581ff0161270f,5ab0d517366eb1493dbfdacb26247bd872e9e39625942c7d818c46e25bb5e281,NA,NA,NA,8e+06,24041120,e56da4f502cedcfad3630714028c105bbeeb303114f29569641445b54eb769f2
baseline,1,17,1000000,int,1,random,timing,compact,2,1,1.251,1.251,3b8ff5aa6cf40469034133724b402ecd24b2b1695cb55ebde239e358ad779336,7489b3b15c134c0738d86198e4eeabe8cc23f781e51a240f4d47407d7a27cd49,,a10821ac1bb8d4a975da3ac98d55a939b046be2a393f527e4f9581ff0161270f,5ab0d517366eb1493dbfdacb26247bd872e9e39625942c7d818c46e25bb5e281,NA,NA,NA,8e+06,24041200,90c7c589dbbfaf14e7a1287fa250334ce92d712e1b442dea6fecf7eb4312110d
baseline,1,17,1000000,int,1,random,timing,typed_double,3,1,1.221,1.22,3b8ff5aa6cf40469034133724b402ecd24b2b1695cb55ebde239e358ad779336,7489b3b15c134c0738d86198e4eeabe8cc23f781e51a240f4d47407d7a27cd49,,a10821ac1bb8d4a975da3ac98d55a939b046be2a393f527e4f9581ff0161270f,5ab0d517366eb1493dbfdacb26247bd872e9e39625942c7d818c46e25bb5e281,NA,NA,NA,8e+06,24041072,e56da4f502cedcfad3630714028c105bbeeb303114f29569641445b54eb769f2
baseline,1,18,1000000,int,1,sorted,timing,compact,1,1,0.712999999999999,0.713000000000001,e13f5ee30f7975e3cdb08c823d2c61296d743f488a00c32d01d8f8488bc258af,7489b3b15c134c0738d86198e4eeabe8cc23f781e51a240f4d47407d7a27cd49,,703f54515e6cc4b606392000716912c1ec33b0bf154fd665c4388b6dd3f0d990,e055e9ea9a832ab67a68b7cb17d8dbc373088e63e6f39fe36037564048488bc9,NA,NA,NA,8e+06,24041200,90c7c589dbbfaf14e7a1287fa250334ce92d712e1b442dea6fecf7eb4312110d
baseline,1,18,1000000,int,1,sorted,timing,typed_double,2,1,0.69,0.689,e13f5ee30f7975e3cdb08c823d2c61296d743f488a00c32d01d8f8488bc258af,7489b3b15c134c0738d86198e4eeabe8cc23f781e51a240f4d47407d7a27cd49,,703f54515e6cc4b606392000716912c1ec33b0bf154fd665c4388b6dd3f0d990,e055e9ea9a832ab67a68b7cb17d8dbc373088e63e6f39fe36037564048488bc9,NA,NA,NA,8e+06,24041072,e56da4f502cedcfad3630714028c105bbeeb303114f29569641445b54eb769f2
baseline,1,18,1000000,int,1,sorted,timing,ordinary,3,2,0.322999999999998,0.323,e13f5ee30f7975e3cdb08c823d2c61296d743f488a00c32d01d8f8488bc258af,7489b3b15c134c0738d86198e4eeabe8cc23f781e51a240f4d47407d7a27cd49,,703f54515e6cc4b606392000716912c1ec33b0bf154fd665c4388b6dd3f0d990,e055e9ea9a832ab67a68b7cb17d8dbc373088e63e6f39fe36037564048488bc9,NA,NA,NA,8e+06,24041120,e56da4f502cedcfad3630714028c105bbeeb303114f29569641445b54eb769f2
baseline,1,19,1000000,float,1,random,timing,typed_double,1,1,1.231,1.23099999999999,3b8ff5aa6cf40469034133724b402ecd24b2b1695cb55ebde239e358ad779336,7489b3b15c134c0738d86198e4eeabe8cc23f781e51a240f4d47407d7a27cd49,,a3ad3ea2732684145470cc2d6d75e690fb2cfb67d3cb80b6dc55066135eb7073,5ab0d517366eb1493dbfdacb26247bd872e9e39625942c7d818c46e25bb5e281,NA,NA,NA,8e+06,24041072,e56da4f502cedcfad3630714028c105bbeeb303114f29569641445b54eb769f2
baseline,1,19,1000000,float,1,random,timing,ordinary,2,1,0.271999999999998,0.271999999999998,3b8ff5aa6cf40469034133724b402ecd24b2b1695cb55ebde239e358ad779336,7489b3b15c134c0738d86198e4eeabe8cc23f781e51a240f4d47407d7a27cd49,,a3ad3ea2732684145470cc2d6d75e690fb2cfb67d3cb80b6dc55066135eb7073,5ab0d517366eb1493dbfdacb26247bd872e9e39625942c7d818c46e25bb5e281,NA,NA,NA,8e+06,24041120,e56da4f502cedcfad3630714028c105bbeeb303114f29569641445b54eb769f2
baseline,1,19,1000000,float,1,random,timing,compact,3,1,1.258,1.25800000000001,3b8ff5aa6cf40469034133724b402ecd24b2b1695cb55ebde239e358ad779336,7489b3b15c134c0738d86198e4eeabe8cc23f781e51a240f4d47407d7a27cd49,,a3ad3ea2732684145470cc2d6d75e690fb2cfb67d3cb80b6dc55066135eb7073,5ab0d517366eb1493dbfdacb26247bd872e9e39625942c7d818c46e25bb5e281,NA,NA,NA,8e+06,24041200,90c7c589dbbfaf14e7a1287fa250334ce92d712e1b442dea6fecf7eb4312110d
baseline,1,20,1000000,float,1,sorted,timing,ordinary,1,2,0.287999999999992,0.288000000000011,e13f5ee30f7975e3cdb08c823d2c61296d743f488a00c32d01d8f8488bc258af,7489b3b15c134c0738d86198e4eeabe8cc23f781e51a240f4d47407d7a27cd49,,1552b8035120a491922e642ee5661602cf17773c6e28ea936f7e2b2981848aa5,e055e9ea9a832ab67a68b7cb17d8dbc373088e63e6f39fe36037564048488bc9,NA,NA,NA,8e+06,24041120,e56da4f502cedcfad3630714028c105bbeeb303114f29569641445b54eb769f2
baseline,1,20,1000000,float,1,sorted,timing,compact,2,1,0.720000000000004,0.721000000000004,e13f5ee30f7975e3cdb08c823d2c61296d743f488a00c32d01d8f8488bc258af,7489b3b15c134c0738d86198e4eeabe8cc23f781e51a240f4d47407d7a27cd49,,1552b8035120a491922e642ee5661602cf17773c6e28ea936f7e2b2981848aa5,e055e9ea9a832ab67a68b7cb17d8dbc373088e63e6f39fe36037564048488bc9,NA,NA,NA,8e+06,24041200,90c7c589dbbfaf14e7a1287fa250334ce92d712e1b442dea6fecf7eb4312110d
baseline,1,20,1000000,float,1,sorted,timing,typed_double,3,1,0.693999999999998,0.695000000000007,e13f5ee30f7975e3cdb08c823d2c61296d743f488a00c32d01d8f8488bc258af,7489b3b15c134c0738d86198e4eeabe8cc23f781e51a240f4d47407d7a27cd49,,1552b8035120a491922e642ee5661602cf17773c6e28ea936f7e2b2981848aa5,e055e9ea9a832ab67a68b7cb17d8dbc373088e63e6f39fe36037564048488bc9,NA,NA,NA,8e+06,24041072,e56da4f502cedcfad3630714028c105bbeeb303114f29569641445b54eb769f2
candidate,1,1,100000,byte,1,random,timing,typed_double,1,21,0.155,0.154,611de18bdbc2635e1ae6c62e8cd601542cf8546cee7fe011fb989fb9b6d2c5e1,7489b3b15c134c0738d86198e4eeabe8cc23f781e51a240f4d47407d7a27cd49,,79ca59251cbf840b798536c6992ceae96b4d9a89e68b7f0ba6fd40ae59ea7d39,5ff104c4f202fc073ae8f7d3b98ec913f051efaf773d4a26b2e909b7826d85eb,0,1e+05,8e+05,8e+05,3317552,e56da4f502cedcfad3630714028c105bbeeb303114f29569641445b54eb769f2
candidate,1,1,100000,byte,1,random,timing,ordinary,2,21,0.153,0.154,611de18bdbc2635e1ae6c62e8cd601542cf8546cee7fe011fb989fb9b6d2c5e1,7489b3b15c134c0738d86198e4eeabe8cc23f781e51a240f4d47407d7a27cd49,,79ca59251cbf840b798536c6992ceae96b4d9a89e68b7f0ba6fd40ae59ea7d39,5ff104c4f202fc073ae8f7d3b98ec913f051efaf773d4a26b2e909b7826d85eb,0,1e+05,8e+05,8e+05,3299888,e56da4f502cedcfad3630714028c105bbeeb303114f29569641445b54eb769f2
candidate,1,1,100000,byte,1,random,timing,compact,3,21,0.154,0.154,611de18bdbc2635e1ae6c62e8cd601542cf8546cee7fe011fb989fb9b6d2c5e1,7489b3b15c134c0738d86198e4eeabe8cc23f781e51a240f4d47407d7a27cd49,,79ca59251cbf840b798536c6992ceae96b4d9a89e68b7f0ba6fd40ae59ea7d39,5ff104c4f202fc073ae8f7d3b98ec913f051efaf773d4a26b2e909b7826d85eb,0,1e+05,8e+05,8e+05,3299840,90c7c589dbbfaf14e7a1287fa250334ce92d712e1b442dea6fecf7eb4312110d
candidate,1,2,100000,byte,1,sorted,timing,ordinary,1,49,0.154,0.155,b2ba4976e8fb73986642cd794254f383cea39d1f3a3ebf7d622ef5febc19b98c,7489b3b15c134c0738d86198e4eeabe8cc23f781e51a240f4d47407d7a27cd49,,983ceeeb21d19fc6681a93a21cd0a4aa3ec44b911c559338cc65523bda301240,bff0ccac5a55e2545a4398866f41489021804172b1914a6f436786ca490125f0,0,1e+05,8e+05,8e+05,3299888,e56da4f502cedcfad3630714028c105bbeeb303114f29569641445b54eb769f2
candidate,1,2,100000,byte,1,sorted,timing,compact,2,49,0.155,0.155,b2ba4976e8fb73986642cd794254f383cea39d1f3a3ebf7d622ef5febc19b98c,7489b3b15c134c0738d86198e4eeabe8cc23f781e51a240f4d47407d7a27cd49,,983ceeeb21d19fc6681a93a21cd0a4aa3ec44b911c559338cc65523bda301240,bff0ccac5a55e2545a4398866f41489021804172b1914a6f436786ca490125f0,0,1e+05,8e+05,8e+05,3299840,90c7c589dbbfaf14e7a1287fa250334ce92d712e1b442dea6fecf7eb4312110d
candidate,1,2,100000,byte,1,sorted,timing,typed_double,3,48,0.151,0.151,b2ba4976e8fb73986642cd794254f383cea39d1f3a3ebf7d622ef5febc19b98c,7489b3b15c134c0738d86198e4eeabe8cc23f781e51a240f4d47407d7a27cd49,,983ceeeb21d19fc6681a93a21cd0a4aa3ec44b911c559338cc65523bda301240,bff0ccac5a55e2545a4398866f41489021804172b1914a6f436786ca490125f0,0,1e+05,8e+05,8e+05,3299840,e56da4f502cedcfad3630714028c105bbeeb303114f29569641445b54eb769f2
candidate,1,3,100000,byte,4,random,timing,compact,1,12,0.162,0.163,ffda5aaffec7ffbb58b5a3cd5ec3d81122b355f7db4ed2c104818038769dea8f,bd64d393fdb9b1a213989b298782d95b689ea3d4c8ebf87487dea0d46f6d8585,,71c6e51bf68dea3480d87bd4e483380e78c80874476c99a65ed1c24fc0dc2701,45685d585afcf2d259b31a2d8922723a51bd51b53581d528f52ff6ff472de32d,0,4e+05,3200000,3200000,6100168,55604d65dc286407e628e98d1a6cad78d8520977dd52a04e4cec45fdafef6ca7
candidate,1,3,100000,byte,4,random,timing,typed_double,2,11,0.15,0.151,ffda5aaffec7ffbb58b5a3cd5ec3d81122b355f7db4ed2c104818038769dea8f,bd64d393fdb9b1a213989b298782d95b689ea3d4c8ebf87487dea0d46f6d8585,,71c6e51bf68dea3480d87bd4e483380e78c80874476c99a65ed1c24fc0dc2701,45685d585afcf2d259b31a2d8922723a51bd51b53581d528f52ff6ff472de32d,0,4e+05,3200000,3200000,6100168,692e68b5fdf4dcb6298baab418c8942336624627eb22682a5166460b2e9a1ef8
candidate,1,3,100000,byte,4,random,timing,ordinary,3,12,0.164,0.165,ffda5aaffec7ffbb58b5a3cd5ec3d81122b355f7db4ed2c104818038769dea8f,bd64d393fdb9b1a213989b298782d95b689ea3d4c8ebf87487dea0d46f6d8585,,71c6e51bf68dea3480d87bd4e483380e78c80874476c99a65ed1c24fc0dc2701,45685d585afcf2d259b31a2d8922723a51bd51b53581d528f52ff6ff472de32d,0,4e+05,3200000,3200000,6100360,692e68b5fdf4dcb6298baab418c8942336624627eb22682a5166460b2e9a1ef8
candidate,1,4,100000,byte,4,sorted,timing,typed_double,1,26,0.152,0.152,c00804f2cdb8c5f3a3c84574d69ea5dbf006bd822d8f2186a3fa0aad17ad7422,bd64d393fdb9b1a213989b298782d95b689ea3d4c8ebf87487dea0d46f6d8585,,d459b3940c19caa3ce7a1f1d47e880f4ebdd851e030266bb0bc970c817adcce3,3511331d6bfaa4332efe7710355801dbbedb47920ed3242a042adb0e0c16a347,0,4e+05,3200000,3200000,6100168,692e68b5fdf4dcb6298baab418c8942336624627eb22682a5166460b2e9a1ef8
candidate,1,4,100000,byte,4,sorted,timing,ordinary,2,26,0.152,0.152000000000001,c00804f2cdb8c5f3a3c84574d69ea5dbf006bd822d8f2186a3fa0aad17ad7422,bd64d393fdb9b1a213989b298782d95b689ea3d4c8ebf87487dea0d46f6d8585,,d459b3940c19caa3ce7a1f1d47e880f4ebdd851e030266bb0bc970c817adcce3,3511331d6bfaa4332efe7710355801dbbedb47920ed3242a042adb0e0c16a347,0,4e+05,3200000,3200000,6100360,692e68b5fdf4dcb6298baab418c8942336624627eb22682a5166460b2e9a1ef8
candidate,1,4,100000,byte,4,sorted,timing,compact,3,26,0.149000000000001,0.148000000000001,c00804f2cdb8c5f3a3c84574d69ea5dbf006bd822d8f2186a3fa0aad17ad7422,bd64d393fdb9b1a213989b298782d95b689ea3d4c8ebf87487dea0d46f6d8585,,d459b3940c19caa3ce7a1f1d47e880f4ebdd851e030266bb0bc970c817adcce3,3511331d6bfaa4332efe7710355801dbbedb47920ed3242a042adb0e0c16a347,0,4e+05,3200000,3200000,6100168,55604d65dc286407e628e98d1a6cad78d8520977dd52a04e4cec45fdafef6ca7
candidate,1,5,100000,int,1,random,timing,ordinary,1,19,0.158,0.157,790e7ab0dca629a978c5f15f9866d33526f92648f40cb5cd3f8b04b18c7e5e12,7489b3b15c134c0738d86198e4eeabe8cc23f781e51a240f4d47407d7a27cd49,,2997003b2099d6d7c994178abe216c694cecda0419dea94ee17773c839d592f0,aae1303f43753abcfee5c3e2e9e23f0052fbbda0fadfbf38a534a2f63d4a4a07,0,1e+05,8e+05,8e+05,3339592,e56da4f502cedcfad3630714028c105bbeeb303114f29569641445b54eb769f2
candidate,1,5,100000,int,1,random,timing,compact,2,19,0.155,0.155,790e7ab0dca629a978c5f15f9866d33526f92648f40cb5cd3f8b04b18c7e5e12,7489b3b15c134c0738d86198e4eeabe8cc23f781e51a240f4d47407d7a27cd49,,2997003b2099d6d7c994178abe216c694cecda0419dea94ee17773c839d592f0,aae1303f43753abcfee5c3e2e9e23f0052fbbda0fadfbf38a534a2f63d4a4a07,0,1e+05,8e+05,8e+05,3339544,90c7c589dbbfaf14e7a1287fa250334ce92d712e1b442dea6fecf7eb4312110d
candidate,1,5,100000,int,1,random,timing,typed_double,3,19,0.158,0.157999999999999,790e7ab0dca629a978c5f15f9866d33526f92648f40cb5cd3f8b04b18c7e5e12,7489b3b15c134c0738d86198e4eeabe8cc23f781e51a240f4d47407d7a27cd49,,2997003b2099d6d7c994178abe216c694cecda0419dea94ee17773c839d592f0,aae1303f43753abcfee5c3e2e9e23f0052fbbda0fadfbf38a534a2f63d4a4a07,0,1e+05,8e+05,8e+05,3339544,e56da4f502cedcfad3630714028c105bbeeb303114f29569641445b54eb769f2
candidate,1,6,100000,int,1,sorted,timing,compact,1,40,0.15,0.15,a52faec4fa0bb0f21a51be75968a4395435af5fda4231bab85297e0157e03974,7489b3b15c134c0738d86198e4eeabe8cc23f781e51a240f4d47407d7a27cd49,,db1959a5bac429757ccfde32823cf5986fa24e726b60f0a2bd496a5ea6c9191e,f2c6661dad014d79905785000eea38ec6082e215a4aaa0aac4947c645e78e561,0,1e+05,8e+05,8e+05,3339544,90c7c589dbbfaf14e7a1287fa250334ce92d712e1b442dea6fecf7eb4312110d
candidate,1,6,100000,int,1,sorted,timing,typed_double,2,39,0.149,0.149,a52faec4fa0bb0f21a51be75968a4395435af5fda4231bab85297e0157e03974,7489b3b15c134c0738d86198e4eeabe8cc23f781e51a240f4d47407d7a27cd49,,db1959a5bac429757ccfde32823cf5986fa24e726b60f0a2bd496a5ea6c9191e,f2c6661dad014d79905785000eea38ec6082e215a4aaa0aac4947c645e78e561,0,1e+05,8e+05,8e+05,3339544,e56da4f502cedcfad3630714028c105bbeeb303114f29569641445b54eb769f2
candidate,1,6,100000,int,1,sorted,timing,ordinary,3,40,0.152,0.152,a52faec4fa0bb0f21a51be75968a4395435af5fda4231bab85297e0157e03974,7489b3b15c134c0738d86198e4eeabe8cc23f781e51a240f4d47407d7a27cd49,,db1959a5bac429757ccfde32823cf5986fa24e726b60f0a2bd496a5ea6c9191e,f2c6661dad014d79905785000eea38ec6082e215a4aaa0aac4947c645e78e561,0,1e+05,8e+05,8e+05,3339592,e56da4f502cedcfad3630714028c105bbeeb303114f29569641445b54eb769f2
candidate,1,7,100000,int,4,random,timing,typed_double,1,14,0.158,0.157999999999999,28570e6fb39ba10fbc26c9a5ba29b6d686680f95e46dd9ae04be81bda40fe2c6,bd64d393fdb9b1a213989b298782d95b689ea3d4c8ebf87487dea0d46f6d8585,,aff7ed7d2ab6d1b77b5e1290b89c4fbe3871041d0d819c20a2b431ed5ad102a8,d5b3f9c2a15801fe8ae51044015dcf16488edbb841928fd850be98b199f45c5c,0,4e+05,3200000,3200000,6100856,692e68b5fdf4dcb6298baab418c8942336624627eb22682a5166460b2e9a1ef8
candidate,1,7,100000,int,4,random,timing,ordinary,2,14,0.156,0.157,28570e6fb39ba10fbc26c9a5ba29b6d686680f95e46dd9ae04be81bda40fe2c6,bd64d393fdb9b1a213989b298782d95b689ea3d4c8ebf87487dea0d46f6d8585,,aff7ed7d2ab6d1b77b5e1290b89c4fbe3871041d0d819c20a2b431ed5ad102a8,d5b3f9c2a15801fe8ae51044015dcf16488edbb841928fd850be98b199f45c5c,0,4e+05,3200000,3200000,6101048,692e68b5fdf4dcb6298baab418c8942336624627eb22682a5166460b2e9a1ef8
candidate,1,7,100000,int,4,random,timing,compact,3,14,0.154,0.154,28570e6fb39ba10fbc26c9a5ba29b6d686680f95e46dd9ae04be81bda40fe2c6,bd64d393fdb9b1a213989b298782d95b689ea3d4c8ebf87487dea0d46f6d8585,,aff7ed7d2ab6d1b77b5e1290b89c4fbe3871041d0d819c20a2b431ed5ad102a8,d5b3f9c2a15801fe8ae51044015dcf16488edbb841928fd850be98b199f45c5c,0,4e+05,3200000,3200000,6100856,55604d65dc286407e628e98d1a6cad78d8520977dd52a04e4cec45fdafef6ca7
candidate,1,8,100000,int,4,sorted,timing,ordinary,1,29,0.152,0.151000000000001,150f33127c7414ac096d3c1f7675b1a8dbd6526c5c3b37a8a4c3cff75762748a,bd64d393fdb9b1a213989b298782d95b689ea3d4c8ebf87487dea0d46f6d8585,,aff3f2dfe98a92d596412f850cce402a277c4ca64dfa5da5b4ca182cde71dfbb,1c3397468f628a26ab2118271b997ec9c97fd7600b13938678a0a06761230548,0,4e+05,3200000,3200000,6101048,692e68b5fdf4dcb6298baab418c8942336624627eb22682a5166460b2e9a1ef8
candidate,1,8,100000,int,4,sorted,timing,compact,2,29,0.15,0.15,150f33127c7414ac096d3c1f7675b1a8dbd6526c5c3b37a8a4c3cff75762748a,bd64d393fdb9b1a213989b298782d95b689ea3d4c8ebf87487dea0d46f6d8585,,aff3f2dfe98a92d596412f850cce402a277c4ca64dfa5da5b4ca182cde71dfbb,1c3397468f628a26ab2118271b997ec9c97fd7600b13938678a0a06761230548,0,4e+05,3200000,3200000,6100856,55604d65dc286407e628e98d1a6cad78d8520977dd52a04e4cec45fdafef6ca7
candidate,1,8,100000,int,4,sorted,timing,typed_double,3,28,0.146999999999999,0.145999999999999,150f33127c7414ac096d3c1f7675b1a8dbd6526c5c3b37a8a4c3cff75762748a,bd64d393fdb9b1a213989b298782d95b689ea3d4c8ebf87487dea0d46f6d8585,,aff3f2dfe98a92d596412f850cce402a277c4ca64dfa5da5b4ca182cde71dfbb,1c3397468f628a26ab2118271b997ec9c97fd7600b13938678a0a06761230548,0,4e+05,3200000,3200000,6100856,692e68b5fdf4dcb6298baab418c8942336624627eb22682a5166460b2e9a1ef8
candidate,1,9,100000,long,1,random,timing,compact,1,19,0.155999999999999,0.156000000000001,790e7ab0dca629a978c5f15f9866d33526f92648f40cb5cd3f8b04b18c7e5e12,7489b3b15c134c0738d86198e4eeabe8cc23f781e51a240f4d47407d7a27cd49,,751bda1c3cc5aa6b0a51955579ca627ba8545238811eb3539c65292338bb2c6e,aae1303f43753abcfee5c3e2e9e23f0052fbbda0fadfbf38a534a2f63d4a4a07,0,1e+05,8e+05,8e+05,3339544,90c7c589dbbfaf14e7a1287fa250334ce92d712e1b442dea6fecf7eb4312110d
candidate,1,9,100000,long,1,random,timing,typed_double,2,19,0.157,0.157,790e7ab0dca629a978c5f15f9866d33526f92648f40cb5cd3f8b04b18c7e5e12,7489b3b15c134c0738d86198e4eeabe8cc23f781e51a240f4d47407d7a27cd49,,751bda1c3cc5aa6b0a51955579ca627ba8545238811eb3539c65292338bb2c6e,aae1303f43753abcfee5c3e2e9e23f0052fbbda0fadfbf38a534a2f63d4a4a07,0,1e+05,8e+05,8e+05,3339544,e56da4f502cedcfad3630714028c105bbeeb303114f29569641445b54eb769f2
candidate,1,9,100000,long,1,random,timing,ordinary,3,18,0.148999999999999,0.148999999999999,790e7ab0dca629a978c5f15f9866d33526f92648f40cb5cd3f8b04b18c7e5e12,7489b3b15c134c0738d86198e4eeabe8cc23f781e51a240f4d47407d7a27cd49,,751bda1c3cc5aa6b0a51955579ca627ba8545238811eb3539c65292338bb2c6e,aae1303f43753abcfee5c3e2e9e23f0052fbbda0fadfbf38a534a2f63d4a4a07,0,1e+05,8e+05,8e+05,3339592,e56da4f502cedcfad3630714028c105bbeeb303114f29569641445b54eb769f2
candidate,1,10,100000,long,1,sorted,timing,typed_double,1,40,0.151,0.151,a52faec4fa0bb0f21a51be75968a4395435af5fda4231bab85297e0157e03974,7489b3b15c134c0738d86198e4eeabe8cc23f781e51a240f4d47407d7a27cd49,,1ea934f3f083d0cbb593ee245b2722e6fb3e91ab062e1ed17f8f9c8d5d24c3c1,f2c6661dad014d79905785000eea38ec6082e215a4aaa0aac4947c645e78e561,0,1e+05,8e+05,8e+05,3339544,e56da4f502cedcfad3630714028c105bbeeb303114f29569641445b54eb769f2
candidate,1,10,100000,long,1,sorted,timing,ordinary,2,40,0.151,0.151999999999999,a52faec4fa0bb0f21a51be75968a4395435af5fda4231bab85297e0157e03974,7489b3b15c134c0738d86198e4eeabe8cc23f781e51a240f4d47407d7a27cd49,,1ea934f3f083d0cbb593ee245b2722e6fb3e91ab062e1ed17f8f9c8d5d24c3c1,f2c6661dad014d79905785000eea38ec6082e215a4aaa0aac4947c645e78e561,0,1e+05,8e+05,8e+05,3339592,e56da4f502cedcfad3630714028c105bbeeb303114f29569641445b54eb769f2
candidate,1,10,100000,long,1,sorted,timing,compact,3,41,0.151999999999999,0.153,a52faec4fa0bb0f21a51be75968a4395435af5fda4231bab85297e0157e03974,7489b3b15c134c0738d86198e4eeabe8cc23f781e51a240f4d47407d7a27cd49,,1ea934f3f083d0cbb593ee245b2722e6fb3e91ab062e1ed17f8f9c8d5d24c3c1,f2c6661dad014d79905785000eea38ec6082e215a4aaa0aac4947c645e78e561,0,1e+05,8e+05,8e+05,3339544,90c7c589dbbfaf14e7a1287fa250334ce92d712e1b442dea6fecf7eb4312110d
candidate,1,11,100000,long,4,random,timing,ordinary,1,14,0.156000000000001,0.155999999999999,28570e6fb39ba10fbc26c9a5ba29b6d686680f95e46dd9ae04be81bda40fe2c6,bd64d393fdb9b1a213989b298782d95b689ea3d4c8ebf87487dea0d46f6d8585,,6a561c8e859a4ca1eb5e1c65a05e4cda84f46397e6502ec8bf24a48cc9330769,d5b3f9c2a15801fe8ae51044015dcf16488edbb841928fd850be98b199f45c5c,0,4e+05,3200000,3200000,6101048,692e68b5fdf4dcb6298baab418c8942336624627eb22682a5166460b2e9a1ef8
candidate,1,11,100000,long,4,random,timing,compact,2,14,0.154999999999999,0.155999999999999,28570e6fb39ba10fbc26c9a5ba29b6d686680f95e46dd9ae04be81bda40fe2c6,bd64d393fdb9b1a213989b298782d95b689ea3d4c8ebf87487dea0d46f6d8585,,6a561c8e859a4ca1eb5e1c65a05e4cda84f46397e6502ec8bf24a48cc9330769,d5b3f9c2a15801fe8ae51044015dcf16488edbb841928fd850be98b199f45c5c,0,4e+05,3200000,3200000,6100856,55604d65dc286407e628e98d1a6cad78d8520977dd52a04e4cec45fdafef6ca7
candidate,1,11,100000,long,4,random,timing,typed_double,3,14,0.155000000000001,0.155000000000001,28570e6fb39ba10fbc26c9a5ba29b6d686680f95e46dd9ae04be81bda40fe2c6,bd64d393fdb9b1a213989b298782d95b689ea3d4c8ebf87487dea0d46f6d8585,,6a561c8e859a4ca1eb5e1c65a05e4cda84f46397e6502ec8bf24a48cc9330769,d5b3f9c2a15801fe8ae51044015dcf16488edbb841928fd850be98b199f45c5c,0,4e+05,3200000,3200000,6100856,692e68b5fdf4dcb6298baab418c8942336624627eb22682a5166460b2e9a1ef8
candidate,1,12,100000,long,4,sorted,timing,compact,1,30,0.154,0.154,150f33127c7414ac096d3c1f7675b1a8dbd6526c5c3b37a8a4c3cff75762748a,bd64d393fdb9b1a213989b298782d95b689ea3d4c8ebf87487dea0d46f6d8585,,f1c9883feda04e555205dbd80629014dd80776a9752271511c857a4ed7d5b024,1c3397468f628a26ab2118271b997ec9c97fd7600b13938678a0a06761230548,0,4e+05,3200000,3200000,6100856,55604d65dc286407e628e98d1a6cad78d8520977dd52a04e4cec45fdafef6ca7
candidate,1,12,100000,long,4,sorted,timing,typed_double,2,29,0.149999999999999,0.151,150f33127c7414ac096d3c1f7675b1a8dbd6526c5c3b37a8a4c3cff75762748a,bd64d393fdb9b1a213989b298782d95b689ea3d4c8ebf87487dea0d46f6d8585,,f1c9883feda04e555205dbd80629014dd80776a9752271511c857a4ed7d5b024,1c3397468f628a26ab2118271b997ec9c97fd7600b13938678a0a06761230548,0,4e+05,3200000,3200000,6100856,692e68b5fdf4dcb6298baab418c8942336624627eb22682a5166460b2e9a1ef8
candidate,1,12,100000,long,4,sorted,timing,ordinary,3,29,0.151999999999999,0.151,150f33127c7414ac096d3c1f7675b1a8dbd6526c5c3b37a8a4c3cff75762748a,bd64d393fdb9b1a213989b298782d95b689ea3d4c8ebf87487dea0d46f6d8585,,f1c9883feda04e555205dbd80629014dd80776a9752271511c857a4ed7d5b024,1c3397468f628a26ab2118271b997ec9c97fd7600b13938678a0a06761230548,0,4e+05,3200000,3200000,6101048,692e68b5fdf4dcb6298baab418c8942336624627eb22682a5166460b2e9a1ef8
candidate,1,13,100000,float,1,random,timing,typed_double,1,19,0.157,0.157,790e7ab0dca629a978c5f15f9866d33526f92648f40cb5cd3f8b04b18c7e5e12,7489b3b15c134c0738d86198e4eeabe8cc23f781e51a240f4d47407d7a27cd49,,23cfcddb626fee694223f7cbc18d4f117ef068e8bd115496d298cece1a718496,aae1303f43753abcfee5c3e2e9e23f0052fbbda0fadfbf38a534a2f63d4a4a07,0,1e+05,8e+05,8e+05,3339544,e56da4f502cedcfad3630714028c105bbeeb303114f29569641445b54eb769f2
candidate,1,13,100000,float,1,random,timing,ordinary,2,19,0.155999999999999,0.156999999999998,790e7ab0dca629a978c5f15f9866d33526f92648f40cb5cd3f8b04b18c7e5e12,7489b3b15c134c0738d86198e4eeabe8cc23f781e51a240f4d47407d7a27cd49,,23cfcddb626fee694223f7cbc18d4f117ef068e8bd115496d298cece1a718496,aae1303f43753abcfee5c3e2e9e23f0052fbbda0fadfbf38a534a2f63d4a4a07,0,1e+05,8e+05,8e+05,3339592,e56da4f502cedcfad3630714028c105bbeeb303114f29569641445b54eb769f2
candidate,1,13,100000,float,1,random,timing,compact,3,19,0.156000000000001,0.156000000000001,790e7ab0dca629a978c5f15f9866d33526f92648f40cb5cd3f8b04b18c7e5e12,7489b3b15c134c0738d86198e4eeabe8cc23f781e51a240f4d47407d7a27cd49,,23cfcddb626fee694223f7cbc18d4f117ef068e8bd115496d298cece1a718496,aae1303f43753abcfee5c3e2e9e23f0052fbbda0fadfbf38a534a2f63d4a4a07,0,1e+05,8e+05,8e+05,3339544,90c7c589dbbfaf14e7a1287fa250334ce92d712e1b442dea6fecf7eb4312110d
candidate,1,14,100000,float,1,sorted,timing,ordinary,1,40,0.153,0.151999999999999,a52faec4fa0bb0f21a51be75968a4395435af5fda4231bab85297e0157e03974,7489b3b15c134c0738d86198e4eeabe8cc23f781e51a240f4d47407d7a27cd49,,87d40b2334b7e6c59df44017642222b0038c34062869308912cd786c77e53d77,f2c6661dad014d79905785000eea38ec6082e215a4aaa0aac4947c645e78e561,0,1e+05,8e+05,8e+05,3339592,e56da4f502cedcfad3630714028c105bbeeb303114f29569641445b54eb769f2
candidate,1,14,100000,float,1,sorted,timing,compact,2,41,0.154,0.154999999999999,a52faec4fa0bb0f21a51be75968a4395435af5fda4231bab85297e0157e03974,7489b3b15c134c0738d86198e4eeabe8cc23f781e51a240f4d47407d7a27cd49,,87d40b2334b7e6c59df44017642222b0038c34062869308912cd786c77e53d77,f2c6661dad014d79905785000eea38ec6082e215a4aaa0aac4947c645e78e561,0,1e+05,8e+05,8e+05,3339544,90c7c589dbbfaf14e7a1287fa250334ce92d712e1b442dea6fecf7eb4312110d
candidate,1,14,100000,float,1,sorted,timing,typed_double,3,40,0.152000000000001,0.153,a52faec4fa0bb0f21a51be75968a4395435af5fda4231bab85297e0157e03974,7489b3b15c134c0738d86198e4eeabe8cc23f781e51a240f4d47407d7a27cd49,,87d40b2334b7e6c59df44017642222b0038c34062869308912cd786c77e53d77,f2c6661dad014d79905785000eea38ec6082e215a4aaa0aac4947c645e78e561,0,1e+05,8e+05,8e+05,3339544,e56da4f502cedcfad3630714028c105bbeeb303114f29569641445b54eb769f2
candidate,1,15,100000,float,4,random,timing,compact,1,14,0.154,0.154,28570e6fb39ba10fbc26c9a5ba29b6d686680f95e46dd9ae04be81bda40fe2c6,bd64d393fdb9b1a213989b298782d95b689ea3d4c8ebf87487dea0d46f6d8585,,713ae766cb7266f7c774d9e74951f47c6d8fa3fb644d7de510b4b899c94f6399,d5b3f9c2a15801fe8ae51044015dcf16488edbb841928fd850be98b199f45c5c,0,4e+05,3200000,3200000,6100856,55604d65dc286407e628e98d1a6cad78d8520977dd52a04e4cec45fdafef6ca7
candidate,1,15,100000,float,4,random,timing,typed_double,2,14,0.157,0.156000000000001,28570e6fb39ba10fbc26c9a5ba29b6d686680f95e46dd9ae04be81bda40fe2c6,bd64d393fdb9b1a213989b298782d95b689ea3d4c8ebf87487dea0d46f6d8585,,713ae766cb7266f7c774d9e74951f47c6d8fa3fb644d7de510b4b899c94f6399,d5b3f9c2a15801fe8ae51044015dcf16488edbb841928fd850be98b199f45c5c,0,4e+05,3200000,3200000,6100856,692e68b5fdf4dcb6298baab418c8942336624627eb22682a5166460b2e9a1ef8
candidate,1,15,100000,float,4,random,timing,ordinary,3,14,0.157,0.157,28570e6fb39ba10fbc26c9a5ba29b6d686680f95e46dd9ae04be81bda40fe2c6,bd64d393fdb9b1a213989b298782d95b689ea3d4c8ebf87487dea0d46f6d8585,,713ae766cb7266f7c774d9e74951f47c6d8fa3fb644d7de510b4b899c94f6399,d5b3f9c2a15801fe8ae51044015dcf16488edbb841928fd850be98b199f45c5c,0,4e+05,3200000,3200000,6101048,692e68b5fdf4dcb6298baab418c8942336624627eb22682a5166460b2e9a1ef8
candidate,1,16,100000,float,4,sorted,timing,typed_double,1,29,0.152000000000001,0.151999999999997,150f33127c7414ac096d3c1f7675b1a8dbd6526c5c3b37a8a4c3cff75762748a,bd64d393fdb9b1a213989b298782d95b689ea3d4c8ebf87487dea0d46f6d8585,,01653bef0c2c3143e8632da935baee80ac5550fc2dcd732b63e9b1ebf060b3cd,1c3397468f628a26ab2118271b997ec9c97fd7600b13938678a0a06761230548,0,4e+05,3200000,3200000,6100856,692e68b5fdf4dcb6298baab418c8942336624627eb22682a5166460b2e9a1ef8
candidate,1,16,100000,float,4,sorted,timing,ordinary,2,29,0.153000000000002,0.153000000000002,150f33127c7414ac096d3c1f7675b1a8dbd6526c5c3b37a8a4c3cff75762748a,bd64d393fdb9b1a213989b298782d95b689ea3d4c8ebf87487dea0d46f6d8585,,01653bef0c2c3143e8632da935baee80ac5550fc2dcd732b63e9b1ebf060b3cd,1c3397468f628a26ab2118271b997ec9c97fd7600b13938678a0a06761230548,0,4e+05,3200000,3200000,6101048,692e68b5fdf4dcb6298baab418c8942336624627eb22682a5166460b2e9a1ef8
candidate,1,16,100000,float,4,sorted,timing,compact,3,27,0.138999999999999,0.138999999999999,150f33127c7414ac096d3c1f7675b1a8dbd6526c5c3b37a8a4c3cff75762748a,bd64d393fdb9b1a213989b298782d95b689ea3d4c8ebf87487dea0d46f6d8585,,01653bef0c2c3143e8632da935baee80ac5550fc2dcd732b63e9b1ebf060b3cd,1c3397468f628a26ab2118271b997ec9c97fd7600b13938678a0a06761230548,0,4e+05,3200000,3200000,6100856,55604d65dc286407e628e98d1a6cad78d8520977dd52a04e4cec45fdafef6ca7
candidate,1,17,1000000,int,1,random,timing,ordinary,1,2,0.199,0.200000000000003,3b8ff5aa6cf40469034133724b402ecd24b2b1695cb55ebde239e358ad779336,7489b3b15c134c0738d86198e4eeabe8cc23f781e51a240f4d47407d7a27cd49,,a10821ac1bb8d4a975da3ac98d55a939b046be2a393f527e4f9581ff0161270f,5ab0d517366eb1493dbfdacb26247bd872e9e39625942c7d818c46e25bb5e281,0,1e+06,8e+06,8e+06,32139592,e56da4f502cedcfad3630714028c105bbeeb303114f29569641445b54eb769f2
candidate,1,17,1000000,int,1,random,timing,compact,2,2,0.199,0.198999999999998,3b8ff5aa6cf40469034133724b402ecd24b2b1695cb55ebde239e358ad779336,7489b3b15c134c0738d86198e4eeabe8cc23f781e51a240f4d47407d7a27cd49,,a10821ac1bb8d4a975da3ac98d55a939b046be2a393f527e4f9581ff0161270f,5ab0d517366eb1493dbfdacb26247bd872e9e39625942c7d818c46e25bb5e281,0,1e+06,8e+06,8e+06,32139544,90c7c589dbbfaf14e7a1287fa250334ce92d712e1b442dea6fecf7eb4312110d
candidate,1,17,1000000,int,1,random,timing,typed_double,3,2,0.198,0.198999999999998,3b8ff5aa6cf40469034133724b402ecd24b2b1695cb55ebde239e358ad779336,7489b3b15c134c0738d86198e4eeabe8cc23f781e51a240f4d47407d7a27cd49,,a10821ac1bb8d4a975da3ac98d55a939b046be2a393f527e4f9581ff0161270f,5ab0d517366eb1493dbfdacb26247bd872e9e39625942c7d818c46e25bb5e281,0,1e+06,8e+06,8e+06,32139544,e56da4f502cedcfad3630714028c105bbeeb303114f29569641445b54eb769f2
candidate,1,18,1000000,int,1,sorted,timing,compact,1,5,0.181999999999997,0.182000000000002,e13f5ee30f7975e3cdb08c823d2c61296d743f488a00c32d01d8f8488bc258af,7489b3b15c134c0738d86198e4eeabe8cc23f781e51a240f4d47407d7a27cd49,,703f54515e6cc4b606392000716912c1ec33b0bf154fd665c4388b6dd3f0d990,e055e9ea9a832ab67a68b7cb17d8dbc373088e63e6f39fe36037564048488bc9,0,1e+06,8e+06,8e+06,32139544,90c7c589dbbfaf14e7a1287fa250334ce92d712e1b442dea6fecf7eb4312110d
candidate,1,18,1000000,int,1,sorted,timing,typed_double,2,5,0.185999999999999,0.185000000000002,e13f5ee30f7975e3cdb08c823d2c61296d743f488a00c32d01d8f8488bc258af,7489b3b15c134c0738d86198e4eeabe8cc23f781e51a240f4d47407d7a27cd49,,703f54515e6cc4b606392000716912c1ec33b0bf154fd665c4388b6dd3f0d990,e055e9ea9a832ab67a68b7cb17d8dbc373088e63e6f39fe36037564048488bc9,0,1e+06,8e+06,8e+06,32139544,e56da4f502cedcfad3630714028c105bbeeb303114f29569641445b54eb769f2
candidate,1,18,1000000,int,1,sorted,timing,ordinary,3,5,0.184,0.184000000000001,e13f5ee30f7975e3cdb08c823d2c61296d743f488a00c32d01d8f8488bc258af,7489b3b15c134c0738d86198e4eeabe8cc23f781e51a240f4d47407d7a27cd49,,703f54515e6cc4b606392000716912c1ec33b0bf154fd665c4388b6dd3f0d990,e055e9ea9a832ab67a68b7cb17d8dbc373088e63e6f39fe36037564048488bc9,0,1e+06,8e+06,8e+06,32139592,e56da4f502cedcfad3630714028c105bbeeb303114f29569641445b54eb769f2
candidate,1,19,1000000,float,1,random,timing,typed_double,1,2,0.200999999999999,0.199999999999999,3b8ff5aa6cf40469034133724b402ecd24b2b1695cb55ebde239e358ad779336,7489b3b15c134c0738d86198e4eeabe8cc23f781e51a240f4d47407d7a27cd49,,a3ad3ea2732684145470cc2d6d75e690fb2cfb67d3cb80b6dc55066135eb7073,5ab0d517366eb1493dbfdacb26247bd872e9e39625942c7d818c46e25bb5e281,0,1e+06,8e+06,8e+06,32139544,e56da4f502cedcfad3630714028c105bbeeb303114f29569641445b54eb769f2
candidate,1,19,1000000,float,1,random,timing,ordinary,2,2,0.198,0.198999999999998,3b8ff5aa6cf40469034133724b402ecd24b2b1695cb55ebde239e358ad779336,7489b3b15c134c0738d86198e4eeabe8cc23f781e51a240f4d47407d7a27cd49,,a3ad3ea2732684145470cc2d6d75e690fb2cfb67d3cb80b6dc55066135eb7073,5ab0d517366eb1493dbfdacb26247bd872e9e39625942c7d818c46e25bb5e281,0,1e+06,8e+06,8e+06,32139592,e56da4f502cedcfad3630714028c105bbeeb303114f29569641445b54eb769f2
candidate,1,19,1000000,float,1,random,timing,compact,3,2,0.199,0.198,3b8ff5aa6cf40469034133724b402ecd24b2b1695cb55ebde239e358ad779336,7489b3b15c134c0738d86198e4eeabe8cc23f781e51a240f4d47407d7a27cd49,,a3ad3ea2732684145470cc2d6d75e690fb2cfb67d3cb80b6dc55066135eb7073,5ab0d517366eb1493dbfdacb26247bd872e9e39625942c7d818c46e25bb5e281,0,1e+06,8e+06,8e+06,32139544,90c7c589dbbfaf14e7a1287fa250334ce92d712e1b442dea6fecf7eb4312110d
candidate,1,20,1000000,float,1,sorted,timing,ordinary,1,5,0.184999999999997,0.184999999999999,e13f5ee30f7975e3cdb08c823d2c61296d743f488a00c32d01d8f8488bc258af,7489b3b15c134c0738d86198e4eeabe8cc23f781e51a240f4d47407d7a27cd49,,1552b8035120a491922e642ee5661602cf17773c6e28ea936f7e2b2981848aa5,e055e9ea9a832ab67a68b7cb17d8dbc373088e63e6f39fe36037564048488bc9,0,1e+06,8e+06,8e+06,32139592,e56da4f502cedcfad3630714028c105bbeeb303114f29569641445b54eb769f2
candidate,1,20,1000000,float,1,sorted,timing,compact,2,5,0.182000000000001,0.182000000000002,e13f5ee30f7975e3cdb08c823d2c61296d743f488a00c32d01d8f8488bc258af,7489b3b15c134c0738d86198e4eeabe8cc23f781e51a240f4d47407d7a27cd49,,1552b8035120a491922e642ee5661602cf17773c6e28ea936f7e2b2981848aa5,e055e9ea9a832ab67a68b7cb17d8dbc373088e63e6f39fe36037564048488bc9,0,1e+06,8e+06,8e+06,32139544,90c7c589dbbfaf14e7a1287fa250334ce92d712e1b442dea6fecf7eb4312110d
candidate,1,20,1000000,float,1,sorted,timing,typed_double,3,5,0.182999999999999,0.183,e13f5ee30f7975e3cdb08c823d2c61296d743f488a00c32d01d8f8488bc258af,7489b3b15c134c0738d86198e4eeabe8cc23f781e51a240f4d47407d7a27cd49,,1552b8035120a491922e642ee5661602cf17773c6e28ea936f7e2b2981848aa5,e055e9ea9a832ab67a68b7cb17d8dbc373088e63e6f39fe36037564048488bc9,0,1e+06,8e+06,8e+06,32139544,e56da4f502cedcfad3630714028c105bbeeb303114f29569641445b54eb769f2
candidate,2,1,100000,byte,1,random,timing,typed_double,1,21,0.155,0.154,611de18bdbc2635e1ae6c62e8cd601542cf8546cee7fe011fb989fb9b6d2c5e1,7489b3b15c134c0738d86198e4eeabe8cc23f781e51a240f4d47407d7a27cd49,,79ca59251cbf840b798536c6992ceae96b4d9a89e68b7f0ba6fd40ae59ea7d39,5ff104c4f202fc073ae8f7d3b98ec913f051efaf773d4a26b2e909b7826d85eb,0,1e+05,8e+05,8e+05,3317552,e56da4f502cedcfad3630714028c105bbeeb303114f29569641445b54eb769f2
candidate,2,1,100000,byte,1,random,timing,compact,2,22,0.158,0.158,611de18bdbc2635e1ae6c62e8cd601542cf8546cee7fe011fb989fb9b6d2c5e1,7489b3b15c134c0738d86198e4eeabe8cc23f781e51a240f4d47407d7a27cd49,,79ca59251cbf840b798536c6992ceae96b4d9a89e68b7f0ba6fd40ae59ea7d39,5ff104c4f202fc073ae8f7d3b98ec913f051efaf773d4a26b2e909b7826d85eb,0,1e+05,8e+05,8e+05,3299840,90c7c589dbbfaf14e7a1287fa250334ce92d712e1b442dea6fecf7eb4312110d
candidate,2,1,100000,byte,1,random,timing,ordinary,3,21,0.151,0.15,611de18bdbc2635e1ae6c62e8cd601542cf8546cee7fe011fb989fb9b6d2c5e1,7489b3b15c134c0738d86198e4eeabe8cc23f781e51a240f4d47407d7a27cd49,,79ca59251cbf840b798536c6992ceae96b4d9a89e68b7f0ba6fd40ae59ea7d39,5ff104c4f202fc073ae8f7d3b98ec913f051efaf773d4a26b2e909b7826d85eb,0,1e+05,8e+05,8e+05,3299888,e56da4f502cedcfad3630714028c105bbeeb303114f29569641445b54eb769f2
candidate,2,2,100000,byte,1,sorted,timing,ordinary,1,49,0.154,0.154,b2ba4976e8fb73986642cd794254f383cea39d1f3a3ebf7d622ef5febc19b98c,7489b3b15c134c0738d86198e4eeabe8cc23f781e51a240f4d47407d7a27cd49,,983ceeeb21d19fc6681a93a21cd0a4aa3ec44b911c559338cc65523bda301240,bff0ccac5a55e2545a4398866f41489021804172b1914a6f436786ca490125f0,0,1e+05,8e+05,8e+05,3299888,e56da4f502cedcfad3630714028c105bbeeb303114f29569641445b54eb769f2
candidate,2,2,100000,byte,1,sorted,timing,typed_double,2,48,0.151,0.151,b2ba4976e8fb73986642cd794254f383cea39d1f3a3ebf7d622ef5febc19b98c,7489b3b15c134c0738d86198e4eeabe8cc23f781e51a240f4d47407d7a27cd49,,983ceeeb21d19fc6681a93a21cd0a4aa3ec44b911c559338cc65523bda301240,bff0ccac5a55e2545a4398866f41489021804172b1914a6f436786ca490125f0,0,1e+05,8e+05,8e+05,3299840,e56da4f502cedcfad3630714028c105bbeeb303114f29569641445b54eb769f2
candidate,2,2,100000,byte,1,sorted,timing,compact,3,49,0.151,0.151,b2ba4976e8fb73986642cd794254f383cea39d1f3a3ebf7d622ef5febc19b98c,7489b3b15c134c0738d86198e4eeabe8cc23f781e51a240f4d47407d7a27cd49,,983ceeeb21d19fc6681a93a21cd0a4aa3ec44b911c559338cc65523bda301240,bff0ccac5a55e2545a4398866f41489021804172b1914a6f436786ca490125f0,0,1e+05,8e+05,8e+05,3299840,90c7c589dbbfaf14e7a1287fa250334ce92d712e1b442dea6fecf7eb4312110d
candidate,2,3,100000,byte,4,random,timing,compact,1,12,0.163,0.163,ffda5aaffec7ffbb58b5a3cd5ec3d81122b355f7db4ed2c104818038769dea8f,bd64d393fdb9b1a213989b298782d95b689ea3d4c8ebf87487dea0d46f6d8585,,71c6e51bf68dea3480d87bd4e483380e78c80874476c99a65ed1c24fc0dc2701,45685d585afcf2d259b31a2d8922723a51bd51b53581d528f52ff6ff472de32d,0,4e+05,3200000,3200000,6100168,55604d65dc286407e628e98d1a6cad78d8520977dd52a04e4cec45fdafef6ca7
candidate,2,3,100000,byte,4,random,timing,ordinary,2,12,0.165,0.165,ffda5aaffec7ffbb58b5a3cd5ec3d81122b355f7db4ed2c104818038769dea8f,bd64d393fdb9b1a213989b298782d95b689ea3d4c8ebf87487dea0d46f6d8585,,71c6e51bf68dea3480d87bd4e483380e78c80874476c99a65ed1c24fc0dc2701,45685d585afcf2d259b31a2d8922723a51bd51b53581d528f52ff6ff472de32d,0,4e+05,3200000,3200000,6100360,692e68b5fdf4dcb6298baab418c8942336624627eb22682a5166460b2e9a1ef8
candidate,2,3,100000,byte,4,random,timing,typed_double,3,11,0.151,0.151,ffda5aaffec7ffbb58b5a3cd5ec3d81122b355f7db4ed2c104818038769dea8f,bd64d393fdb9b1a213989b298782d95b689ea3d4c8ebf87487dea0d46f6d8585,,71c6e51bf68dea3480d87bd4e483380e78c80874476c99a65ed1c24fc0dc2701,45685d585afcf2d259b31a2d8922723a51bd51b53581d528f52ff6ff472de32d,0,4e+05,3200000,3200000,6100168,692e68b5fdf4dcb6298baab418c8942336624627eb22682a5166460b2e9a1ef8
candidate,2,4,100000,byte,4,sorted,timing,typed_double,1,26,0.152,0.152,c00804f2cdb8c5f3a3c84574d69ea5dbf006bd822d8f2186a3fa0aad17ad7422,bd64d393fdb9b1a213989b298782d95b689ea3d4c8ebf87487dea0d46f6d8585,,d459b3940c19caa3ce7a1f1d47e880f4ebdd851e030266bb0bc970c817adcce3,3511331d6bfaa4332efe7710355801dbbedb47920ed3242a042adb0e0c16a347,0,4e+05,3200000,3200000,6100168,692e68b5fdf4dcb6298baab418c8942336624627eb22682a5166460b2e9a1ef8
candidate,2,4,100000,byte,4,sorted,timing,compact,2,27,0.156,0.156,c00804f2cdb8c5f3a3c84574d69ea5dbf006bd822d8f2186a3fa0aad17ad7422,bd64d393fdb9b1a213989b298782d95b689ea3d4c8ebf87487dea0d46f6d8585,,d459b3940c19caa3ce7a1f1d47e880f4ebdd851e030266bb0bc970c817adcce3,3511331d6bfaa4332efe7710355801dbbedb47920ed3242a042adb0e0c16a347,0,4e+05,3200000,3200000,6100168,55604d65dc286407e628e98d1a6cad78d8520977dd52a04e4cec45fdafef6ca7
candidate,2,4,100000,byte,4,sorted,timing,ordinary,3,26,0.151,0.151,c00804f2cdb8c5f3a3c84574d69ea5dbf006bd822d8f2186a3fa0aad17ad7422,bd64d393fdb9b1a213989b298782d95b689ea3d4c8ebf87487dea0d46f6d8585,,d459b3940c19caa3ce7a1f1d47e880f4ebdd851e030266bb0bc970c817adcce3,3511331d6bfaa4332efe7710355801dbbedb47920ed3242a042adb0e0c16a347,0,4e+05,3200000,3200000,6100360,692e68b5fdf4dcb6298baab418c8942336624627eb22682a5166460b2e9a1ef8
candidate,2,5,100000,int,1,random,timing,ordinary,1,19,0.159,0.157999999999999,790e7ab0dca629a978c5f15f9866d33526f92648f40cb5cd3f8b04b18c7e5e12,7489b3b15c134c0738d86198e4eeabe8cc23f781e51a240f4d47407d7a27cd49,,2997003b2099d6d7c994178abe216c694cecda0419dea94ee17773c839d592f0,aae1303f43753abcfee5c3e2e9e23f0052fbbda0fadfbf38a534a2f63d4a4a07,0,1e+05,8e+05,8e+05,3339592,e56da4f502cedcfad3630714028c105bbeeb303114f29569641445b54eb769f2
candidate,2,5,100000,int,1,random,timing,typed_double,2,19,0.156000000000001,0.157,790e7ab0dca629a978c5f15f9866d33526f92648f40cb5cd3f8b04b18c7e5e12,7489b3b15c134c0738d86198e4eeabe8cc23f781e51a240f4d47407d7a27cd49,,2997003b2099d6d7c994178abe216c694cecda0419dea94ee17773c839d592f0,aae1303f43753abcfee5c3e2e9e23f0052fbbda0fadfbf38a534a2f63d4a4a07,0,1e+05,8e+05,8e+05,3339544,e56da4f502cedcfad3630714028c105bbeeb303114f29569641445b54eb769f2
candidate,2,5,100000,int,1,random,timing,compact,3,19,0.157,0.157,790e7ab0dca629a978c5f15f9866d33526f92648f40cb5cd3f8b04b18c7e5e12,7489b3b15c134c0738d86198e4eeabe8cc23f781e51a240f4d47407d7a27cd49,,2997003b2099d6d7c994178abe216c694cecda0419dea94ee17773c839d592f0,aae1303f43753abcfee5c3e2e9e23f0052fbbda0fadfbf38a534a2f63d4a4a07,0,1e+05,8e+05,8e+05,3339544,90c7c589dbbfaf14e7a1287fa250334ce92d712e1b442dea6fecf7eb4312110d
candidate,2,6,100000,int,1,sorted,timing,compact,1,41,0.153,0.153,a52faec4fa0bb0f21a51be75968a4395435af5fda4231bab85297e0157e03974,7489b3b15c134c0738d86198e4eeabe8cc23f781e51a240f4d47407d7a27cd49,,db1959a5bac429757ccfde32823cf5986fa24e726b60f0a2bd496a5ea6c9191e,f2c6661dad014d79905785000eea38ec6082e215a4aaa0aac4947c645e78e561,0,1e+05,8e+05,8e+05,3339544,90c7c589dbbfaf14e7a1287fa250334ce92d712e1b442dea6fecf7eb4312110d
candidate,2,6,100000,int,1,sorted,timing,ordinary,2,40,0.151999999999999,0.151999999999999,a52faec4fa0bb0f21a51be75968a4395435af5fda4231bab85297e0157e03974,7489b3b15c134c0738d86198e4eeabe8cc23f781e51a240f4d47407d7a27cd49,,db1959a5bac429757ccfde32823cf5986fa24e726b60f0a2bd496a5ea6c9191e,f2c6661dad014d79905785000eea38ec6082e215a4aaa0aac4947c645e78e561,0,1e+05,8e+05,8e+05,3339592,e56da4f502cedcfad3630714028c105bbeeb303114f29569641445b54eb769f2
candidate,2,6,100000,int,1,sorted,timing,typed_double,3,40,0.153,0.152,a52faec4fa0bb0f21a51be75968a4395435af5fda4231bab85297e0157e03974,7489b3b15c134c0738d86198e4eeabe8cc23f781e51a240f4d47407d7a27cd49,,db1959a5bac429757ccfde32823cf5986fa24e726b60f0a2bd496a5ea6c9191e,f2c6661dad014d79905785000eea38ec6082e215a4aaa0aac4947c645e78e561,0,1e+05,8e+05,8e+05,3339544,e56da4f502cedcfad3630714028c105bbeeb303114f29569641445b54eb769f2
candidate,2,7,100000,int,4,random,timing,typed_double,1,14,0.156000000000001,0.156000000000001,28570e6fb39ba10fbc26c9a5ba29b6d686680f95e46dd9ae04be81bda40fe2c6,bd64d393fdb9b1a213989b298782d95b689ea3d4c8ebf87487dea0d46f6d8585,,aff7ed7d2ab6d1b77b5e1290b89c4fbe3871041d0d819c20a2b431ed5ad102a8,d5b3f9c2a15801fe8ae51044015dcf16488edbb841928fd850be98b199f45c5c,0,4e+05,3200000,3200000,6100856,692e68b5fdf4dcb6298baab418c8942336624627eb22682a5166460b2e9a1ef8
candidate,2,7,100000,int,4,random,timing,compact,2,14,0.153,0.154,28570e6fb39ba10fbc26c9a5ba29b6d686680f95e46dd9ae04be81bda40fe2c6,bd64d393fdb9b1a213989b298782d95b689ea3d4c8ebf87487dea0d46f6d8585,,aff7ed7d2ab6d1b77b5e1290b89c4fbe3871041d0d819c20a2b431ed5ad102a8,d5b3f9c2a15801fe8ae51044015dcf16488edbb841928fd850be98b199f45c5c,0,4e+05,3200000,3200000,6100856,55604d65dc286407e628e98d1a6cad78d8520977dd52a04e4cec45fdafef6ca7
candidate,2,7,100000,int,4,random,timing,ordinary,3,14,0.156,0.156,28570e6fb39ba10fbc26c9a5ba29b6d686680f95e46dd9ae04be81bda40fe2c6,bd64d393fdb9b1a213989b298782d95b689ea3d4c8ebf87487dea0d46f6d8585,,aff7ed7d2ab6d1b77b5e1290b89c4fbe3871041d0d819c20a2b431ed5ad102a8,d5b3f9c2a15801fe8ae51044015dcf16488edbb841928fd850be98b199f45c5c,0,4e+05,3200000,3200000,6101048,692e68b5fdf4dcb6298baab418c8942336624627eb22682a5166460b2e9a1ef8
candidate,2,8,100000,int,4,sorted,timing,ordinary,1,29,0.157,0.156,150f33127c7414ac096d3c1f7675b1a8dbd6526c5c3b37a8a4c3cff75762748a,bd64d393fdb9b1a213989b298782d95b689ea3d4c8ebf87487dea0d46f6d8585,,aff3f2dfe98a92d596412f850cce402a277c4ca64dfa5da5b4ca182cde71dfbb,1c3397468f628a26ab2118271b997ec9c97fd7600b13938678a0a06761230548,0,4e+05,3200000,3200000,6101048,692e68b5fdf4dcb6298baab418c8942336624627eb22682a5166460b2e9a1ef8
candidate,2,8,100000,int,4,sorted,timing,typed_double,2,29,0.151,0.151,150f33127c7414ac096d3c1f7675b1a8dbd6526c5c3b37a8a4c3cff75762748a,bd64d393fdb9b1a213989b298782d95b689ea3d4c8ebf87487dea0d46f6d8585,,aff3f2dfe98a92d596412f850cce402a277c4ca64dfa5da5b4ca182cde71dfbb,1c3397468f628a26ab2118271b997ec9c97fd7600b13938678a0a06761230548,0,4e+05,3200000,3200000,6100856,692e68b5fdf4dcb6298baab418c8942336624627eb22682a5166460b2e9a1ef8
candidate,2,8,100000,int,4,sorted,timing,compact,3,30,0.152,0.151,150f33127c7414ac096d3c1f7675b1a8dbd6526c5c3b37a8a4c3cff75762748a,bd64d393fdb9b1a213989b298782d95b689ea3d4c8ebf87487dea0d46f6d8585,,aff3f2dfe98a92d596412f850cce402a277c4ca64dfa5da5b4ca182cde71dfbb,1c3397468f628a26ab2118271b997ec9c97fd7600b13938678a0a06761230548,0,4e+05,3200000,3200000,6100856,55604d65dc286407e628e98d1a6cad78d8520977dd52a04e4cec45fdafef6ca7
candidate,2,9,100000,long,1,random,timing,compact,1,19,0.154999999999999,0.154999999999999,790e7ab0dca629a978c5f15f9866d33526f92648f40cb5cd3f8b04b18c7e5e12,7489b3b15c134c0738d86198e4eeabe8cc23f781e51a240f4d47407d7a27cd49,,751bda1c3cc5aa6b0a51955579ca627ba8545238811eb3539c65292338bb2c6e,aae1303f43753abcfee5c3e2e9e23f0052fbbda0fadfbf38a534a2f63d4a4a07,0,1e+05,8e+05,8e+05,3339544,90c7c589dbbfaf14e7a1287fa250334ce92d712e1b442dea6fecf7eb4312110d
candidate,2,9,100000,long,1,random,timing,ordinary,2,19,0.157,0.157,790e7ab0dca629a978c5f15f9866d33526f92648f40cb5cd3f8b04b18c7e5e12,7489b3b15c134c0738d86198e4eeabe8cc23f781e51a240f4d47407d7a27cd49,,751bda1c3cc5aa6b0a51955579ca627ba8545238811eb3539c65292338bb2c6e,aae1303f43753abcfee5c3e2e9e23f0052fbbda0fadfbf38a534a2f63d4a4a07,0,1e+05,8e+05,8e+05,3339592,e56da4f502cedcfad3630714028c105bbeeb303114f29569641445b54eb769f2
candidate,2,9,100000,long,1,random,timing,typed_double,3,19,0.155999999999999,0.156000000000001,790e7ab0dca629a978c5f15f9866d33526f92648f40cb5cd3f8b04b18c7e5e12,7489b3b15c134c0738d86198e4eeabe8cc23f781e51a240f4d47407d7a27cd49,,751bda1c3cc5aa6b0a51955579ca627ba8545238811eb3539c65292338bb2c6e,aae1303f43753abcfee5c3e2e9e23f0052fbbda0fadfbf38a534a2f63d4a4a07,0,1e+05,8e+05,8e+05,3339544,e56da4f502cedcfad3630714028c105bbeeb303114f29569641445b54eb769f2
candidate,2,10,100000,long,1,sorted,timing,typed_double,1,40,0.152000000000001,0.151999999999999,a52faec4fa0bb0f21a51be75968a4395435af5fda4231bab85297e0157e03974,7489b3b15c134c0738d86198e4eeabe8cc23f781e51a240f4d47407d7a27cd49,,1ea934f3f083d0cbb593ee245b2722e6fb3e91ab062e1ed17f8f9c8d5d24c3c1,f2c6661dad014d79905785000eea38ec6082e215a4aaa0aac4947c645e78e561,0,1e+05,8e+05,8e+05,3339544,e56da4f502cedcfad3630714028c105bbeeb303114f29569641445b54eb769f2
candidate,2,10,100000,long,1,sorted,timing,compact,2,41,0.152999999999999,0.153,a52faec4fa0bb0f21a51be75968a4395435af5fda4231bab85297e0157e03974,7489b3b15c134c0738d86198e4eeabe8cc23f781e51a240f4d47407d7a27cd49,,1ea934f3f083d0cbb593ee245b2722e6fb3e91ab062e1ed17f8f9c8d5d24c3c1,f2c6661dad014d79905785000eea38ec6082e215a4aaa0aac4947c645e78e561,0,1e+05,8e+05,8e+05,3339544,90c7c589dbbfaf14e7a1287fa250334ce92d712e1b442dea6fecf7eb4312110d
candidate,2,10,100000,long,1,sorted,timing,ordinary,3,40,0.151999999999999,0.152000000000001,a52faec4fa0bb0f21a51be75968a4395435af5fda4231bab85297e0157e03974,7489b3b15c134c0738d86198e4eeabe8cc23f781e51a240f4d47407d7a27cd49,,1ea934f3f083d0cbb593ee245b2722e6fb3e91ab062e1ed17f8f9c8d5d24c3c1,f2c6661dad014d79905785000eea38ec6082e215a4aaa0aac4947c645e78e561,0,1e+05,8e+05,8e+05,3339592,e56da4f502cedcfad3630714028c105bbeeb303114f29569641445b54eb769f2
candidate,2,11,100000,long,4,random,timing,ordinary,1,14,0.154999999999999,0.155999999999999,28570e6fb39ba10fbc26c9a5ba29b6d686680f95e46dd9ae04be81bda40fe2c6,bd64d393fdb9b1a213989b298782d95b689ea3d4c8ebf87487dea0d46f6d8585,,6a561c8e859a4ca1eb5e1c65a05e4cda84f46397e6502ec8bf24a48cc9330769,d5b3f9c2a15801fe8ae51044015dcf16488edbb841928fd850be98b199f45c5c,0,4e+05,3200000,3200000,6101048,692e68b5fdf4dcb6298baab418c8942336624627eb22682a5166460b2e9a1ef8
candidate,2,11,100000,long,4,random,timing,typed_double,2,14,0.156000000000001,0.154999999999999,28570e6fb39ba10fbc26c9a5ba29b6d686680f95e46dd9ae04be81bda40fe2c6,bd64d393fdb9b1a213989b298782d95b689ea3d4c8ebf87487dea0d46f6d8585,,6a561c8e859a4ca1eb5e1c65a05e4cda84f46397e6502ec8bf24a48cc9330769,d5b3f9c2a15801fe8ae51044015dcf16488edbb841928fd850be98b199f45c5c,0,4e+05,3200000,3200000,6100856,692e68b5fdf4dcb6298baab418c8942336624627eb22682a5166460b2e9a1ef8
candidate,2,11,100000,long,4,random,timing,compact,3,14,0.154,0.153,28570e6fb39ba10fbc26c9a5ba29b6d686680f95e46dd9ae04be81bda40fe2c6,bd64d393fdb9b1a213989b298782d95b689ea3d4c8ebf87487dea0d46f6d8585,,6a561c8e859a4ca1eb5e1c65a05e4cda84f46397e6502ec8bf24a48cc9330769,d5b3f9c2a15801fe8ae51044015dcf16488edbb841928fd850be98b199f45c5c,0,4e+05,3200000,3200000,6100856,55604d65dc286407e628e98d1a6cad78d8520977dd52a04e4cec45fdafef6ca7
candidate,2,12,100000,long,4,sorted,timing,compact,1,30,0.152000000000002,0.151,150f33127c7414ac096d3c1f7675b1a8dbd6526c5c3b37a8a4c3cff75762748a,bd64d393fdb9b1a213989b298782d95b689ea3d4c8ebf87487dea0d46f6d8585,,f1c9883feda04e555205dbd80629014dd80776a9752271511c857a4ed7d5b024,1c3397468f628a26ab2118271b997ec9c97fd7600b13938678a0a06761230548,0,4e+05,3200000,3200000,6100856,55604d65dc286407e628e98d1a6cad78d8520977dd52a04e4cec45fdafef6ca7
candidate,2,12,100000,long,4,sorted,timing,ordinary,2,29,0.152000000000001,0.151999999999999,150f33127c7414ac096d3c1f7675b1a8dbd6526c5c3b37a8a4c3cff75762748a,bd64d393fdb9b1a213989b298782d95b689ea3d4c8ebf87487dea0d46f6d8585,,f1c9883feda04e555205dbd80629014dd80776a9752271511c857a4ed7d5b024,1c3397468f628a26ab2118271b997ec9c97fd7600b13938678a0a06761230548,0,4e+05,3200000,3200000,6101048,692e68b5fdf4dcb6298baab418c8942336624627eb22682a5166460b2e9a1ef8
candidate,2,12,100000,long,4,sorted,timing,typed_double,3,29,0.15,0.151,150f33127c7414ac096d3c1f7675b1a8dbd6526c5c3b37a8a4c3cff75762748a,bd64d393fdb9b1a213989b298782d95b689ea3d4c8ebf87487dea0d46f6d8585,,f1c9883feda04e555205dbd80629014dd80776a9752271511c857a4ed7d5b024,1c3397468f628a26ab2118271b997ec9c97fd7600b13938678a0a06761230548,0,4e+05,3200000,3200000,6100856,692e68b5fdf4dcb6298baab418c8942336624627eb22682a5166460b2e9a1ef8
candidate,2,13,100000,float,1,random,timing,typed_double,1,19,0.157,0.157999999999999,790e7ab0dca629a978c5f15f9866d33526f92648f40cb5cd3f8b04b18c7e5e12,7489b3b15c134c0738d86198e4eeabe8cc23f781e51a240f4d47407d7a27cd49,,23cfcddb626fee694223f7cbc18d4f117ef068e8bd115496d298cece1a718496,aae1303f43753abcfee5c3e2e9e23f0052fbbda0fadfbf38a534a2f63d4a4a07,0,1e+05,8e+05,8e+05,3339544,e56da4f502cedcfad3630714028c105bbeeb303114f29569641445b54eb769f2
candidate,2,13,100000,float,1,random,timing,compact,2,19,0.158999999999999,0.159000000000001,790e7ab0dca629a978c5f15f9866d33526f92648f40cb5cd3f8b04b18c7e5e12,7489b3b15c134c0738d86198e4eeabe8cc23f781e51a240f4d47407d7a27cd49,,23cfcddb626fee694223f7cbc18d4f117ef068e8bd115496d298cece1a718496,aae1303f43753abcfee5c3e2e9e23f0052fbbda0fadfbf38a534a2f63d4a4a07,0,1e+05,8e+05,8e+05,3339544,90c7c589dbbfaf14e7a1287fa250334ce92d712e1b442dea6fecf7eb4312110d
candidate,2,13,100000,float,1,random,timing,ordinary,3,19,0.155999999999999,0.157,790e7ab0dca629a978c5f15f9866d33526f92648f40cb5cd3f8b04b18c7e5e12,7489b3b15c134c0738d86198e4eeabe8cc23f781e51a240f4d47407d7a27cd49,,23cfcddb626fee694223f7cbc18d4f117ef068e8bd115496d298cece1a718496,aae1303f43753abcfee5c3e2e9e23f0052fbbda0fadfbf38a534a2f63d4a4a07,0,1e+05,8e+05,8e+05,3339592,e56da4f502cedcfad3630714028c105bbeeb303114f29569641445b54eb769f2
candidate,2,14,100000,float,1,sorted,timing,ordinary,1,40,0.151999999999999,0.153,a52faec4fa0bb0f21a51be75968a4395435af5fda4231bab85297e0157e03974,7489b3b15c134c0738d86198e4eeabe8cc23f781e51a240f4d47407d7a27cd49,,87d40b2334b7e6c59df44017642222b0038c34062869308912cd786c77e53d77,f2c6661dad014d79905785000eea38ec6082e215a4aaa0aac4947c645e78e561,0,1e+05,8e+05,8e+05,3339592,e56da4f502cedcfad3630714028c105bbeeb303114f29569641445b54eb769f2
candidate,2,14,100000,float,1,sorted,timing,typed_double,2,40,0.151,0.152000000000001,a52faec4fa0bb0f21a51be75968a4395435af5fda4231bab85297e0157e03974,7489b3b15c134c0738d86198e4eeabe8cc23f781e51a240f4d47407d7a27cd49,,87d40b2334b7e6c59df44017642222b0038c34062869308912cd786c77e53d77,f2c6661dad014d79905785000eea38ec6082e215a4aaa0aac4947c645e78e561,0,1e+05,8e+05,8e+05,3339544,e56da4f502cedcfad3630714028c105bbeeb303114f29569641445b54eb769f2
candidate,2,14,100000,float,1,sorted,timing,compact,3,41,0.154,0.154,a52faec4fa0bb0f21a51be75968a4395435af5fda4231bab85297e0157e03974,7489b3b15c134c0738d86198e4eeabe8cc23f781e51a240f4d47407d7a27cd49,,87d40b2334b7e6c59df44017642222b0038c34062869308912cd786c77e53d77,f2c6661dad014d79905785000eea38ec6082e215a4aaa0aac4947c645e78e561,0,1e+05,8e+05,8e+05,3339544,90c7c589dbbfaf14e7a1287fa250334ce92d712e1b442dea6fecf7eb4312110d
candidate,2,15,100000,float,4,random,timing,compact,1,14,0.16,0.161000000000001,28570e6fb39ba10fbc26c9a5ba29b6d686680f95e46dd9ae04be81bda40fe2c6,bd64d393fdb9b1a213989b298782d95b689ea3d4c8ebf87487dea0d46f6d8585,,713ae766cb7266f7c774d9e74951f47c6d8fa3fb644d7de510b4b899c94f6399,d5b3f9c2a15801fe8ae51044015dcf16488edbb841928fd850be98b199f45c5c,0,4e+05,3200000,3200000,6100856,55604d65dc286407e628e98d1a6cad78d8520977dd52a04e4cec45fdafef6ca7
candidate,2,15,100000,float,4,random,timing,ordinary,2,14,0.155999999999999,0.156000000000001,28570e6fb39ba10fbc26c9a5ba29b6d686680f95e46dd9ae04be81bda40fe2c6,bd64d393fdb9b1a213989b298782d95b689ea3d4c8ebf87487dea0d46f6d8585,,713ae766cb7266f7c774d9e74951f47c6d8fa3fb644d7de510b4b899c94f6399,d5b3f9c2a15801fe8ae51044015dcf16488edbb841928fd850be98b199f45c5c,0,4e+05,3200000,3200000,6101048,692e68b5fdf4dcb6298baab418c8942336624627eb22682a5166460b2e9a1ef8
candidate,2,15,100000,float,4,random,timing,typed_double,3,14,0.154999999999999,0.156000000000002,28570e6fb39ba10fbc26c9a5ba29b6d686680f95e46dd9ae04be81bda40fe2c6,bd64d393fdb9b1a213989b298782d95b689ea3d4c8ebf87487dea0d46f6d8585,,713ae766cb7266f7c774d9e74951f47c6d8fa3fb644d7de510b4b899c94f6399,d5b3f9c2a15801fe8ae51044015dcf16488edbb841928fd850be98b199f45c5c,0,4e+05,3200000,3200000,6100856,692e68b5fdf4dcb6298baab418c8942336624627eb22682a5166460b2e9a1ef8
candidate,2,16,100000,float,4,sorted,timing,typed_double,1,29,0.151,0.151,150f33127c7414ac096d3c1f7675b1a8dbd6526c5c3b37a8a4c3cff75762748a,bd64d393fdb9b1a213989b298782d95b689ea3d4c8ebf87487dea0d46f6d8585,,01653bef0c2c3143e8632da935baee80ac5550fc2dcd732b63e9b1ebf060b3cd,1c3397468f628a26ab2118271b997ec9c97fd7600b13938678a0a06761230548,0,4e+05,3200000,3200000,6100856,692e68b5fdf4dcb6298baab418c8942336624627eb22682a5166460b2e9a1ef8
candidate,2,16,100000,float,4,sorted,timing,compact,2,30,0.152000000000001,0.152000000000001,150f33127c7414ac096d3c1f7675b1a8dbd6526c5c3b37a8a4c3cff75762748a,bd64d393fdb9b1a213989b298782d95b689ea3d4c8ebf87487dea0d46f6d8585,,01653bef0c2c3143e8632da935baee80ac5550fc2dcd732b63e9b1ebf060b3cd,1c3397468f628a26ab2118271b997ec9c97fd7600b13938678a0a06761230548,0,4e+05,3200000,3200000,6100856,55604d65dc286407e628e98d1a6cad78d8520977dd52a04e4cec45fdafef6ca7
candidate,2,16,100000,float,4,sorted,timing,ordinary,3,29,0.152000000000001,0.151999999999997,150f33127c7414ac096d3c1f7675b1a8dbd6526c5c3b37a8a4c3cff75762748a,bd64d393fdb9b1a213989b298782d95b689ea3d4c8ebf87487dea0d46f6d8585,,01653bef0c2c3143e8632da935baee80ac5550fc2dcd732b63e9b1ebf060b3cd,1c3397468f628a26ab2118271b997ec9c97fd7600b13938678a0a06761230548,0,4e+05,3200000,3200000,6101048,692e68b5fdf4dcb6298baab418c8942336624627eb22682a5166460b2e9a1ef8
candidate,2,17,1000000,int,1,random,timing,ordinary,1,2,0.200000000000002,0.201,3b8ff5aa6cf40469034133724b402ecd24b2b1695cb55ebde239e358ad779336,7489b3b15c134c0738d86198e4eeabe8cc23f781e51a240f4d47407d7a27cd49,,a10821ac1bb8d4a975da3ac98d55a939b046be2a393f527e4f9581ff0161270f,5ab0d517366eb1493dbfdacb26247bd872e9e39625942c7d818c46e25bb5e281,0,1e+06,8e+06,8e+06,32139592,e56da4f502cedcfad3630714028c105bbeeb303114f29569641445b54eb769f2
candidate,2,17,1000000,int,1,random,timing,typed_double,2,2,0.200000000000002,0.199999999999999,3b8ff5aa6cf40469034133724b402ecd24b2b1695cb55ebde239e358ad779336,7489b3b15c134c0738d86198e4eeabe8cc23f781e51a240f4d47407d7a27cd49,,a10821ac1bb8d4a975da3ac98d55a939b046be2a393f527e4f9581ff0161270f,5ab0d517366eb1493dbfdacb26247bd872e9e39625942c7d818c46e25bb5e281,0,1e+06,8e+06,8e+06,32139544,e56da4f502cedcfad3630714028c105bbeeb303114f29569641445b54eb769f2
candidate,2,17,1000000,int,1,random,timing,compact,3,2,0.199999999999998,0.198999999999998,3b8ff5aa6cf40469034133724b402ecd24b2b1695cb55ebde239e358ad779336,7489b3b15c134c0738d86198e4eeabe8cc23f781e51a240f4d47407d7a27cd49,,a10821ac1bb8d4a975da3ac98d55a939b046be2a393f527e4f9581ff0161270f,5ab0d517366eb1493dbfdacb26247bd872e9e39625942c7d818c46e25bb5e281,0,1e+06,8e+06,8e+06,32139544,90c7c589dbbfaf14e7a1287fa250334ce92d712e1b442dea6fecf7eb4312110d
candidate,2,18,1000000,int,1,sorted,timing,compact,1,5,0.181999999999997,0.182000000000002,e13f5ee30f7975e3cdb08c823d2c61296d743f488a00c32d01d8f8488bc258af,7489b3b15c134c0738d86198e4eeabe8cc23f781e51a240f4d47407d7a27cd49,,703f54515e6cc4b606392000716912c1ec33b0bf154fd665c4388b6dd3f0d990,e055e9ea9a832ab67a68b7cb17d8dbc373088e63e6f39fe36037564048488bc9,0,1e+06,8e+06,8e+06,32139544,90c7c589dbbfaf14e7a1287fa250334ce92d712e1b442dea6fecf7eb4312110d
candidate,2,18,1000000,int,1,sorted,timing,ordinary,2,5,0.184,0.183999999999997,e13f5ee30f7975e3cdb08c823d2c61296d743f488a00c32d01d8f8488bc258af,7489b3b15c134c0738d86198e4eeabe8cc23f781e51a240f4d47407d7a27cd49,,703f54515e6cc4b606392000716912c1ec33b0bf154fd665c4388b6dd3f0d990,e055e9ea9a832ab67a68b7cb17d8dbc373088e63e6f39fe36037564048488bc9,0,1e+06,8e+06,8e+06,32139592,e56da4f502cedcfad3630714028c105bbeeb303114f29569641445b54eb769f2
candidate,2,18,1000000,int,1,sorted,timing,typed_double,3,5,0.185,0.185000000000002,e13f5ee30f7975e3cdb08c823d2c61296d743f488a00c32d01d8f8488bc258af,7489b3b15c134c0738d86198e4eeabe8cc23f781e51a240f4d47407d7a27cd49,,703f54515e6cc4b606392000716912c1ec33b0bf154fd665c4388b6dd3f0d990,e055e9ea9a832ab67a68b7cb17d8dbc373088e63e6f39fe36037564048488bc9,0,1e+06,8e+06,8e+06,32139544,e56da4f502cedcfad3630714028c105bbeeb303114f29569641445b54eb769f2
candidate,2,19,1000000,float,1,random,timing,typed_double,1,2,0.199999999999998,0.201,3b8ff5aa6cf40469034133724b402ecd24b2b1695cb55ebde239e358ad779336,7489b3b15c134c0738d86198e4eeabe8cc23f781e51a240f4d47407d7a27cd49,,a3ad3ea2732684145470cc2d6d75e690fb2cfb67d3cb80b6dc55066135eb7073,5ab0d517366eb1493dbfdacb26247bd872e9e39625942c7d818c46e25bb5e281,0,1e+06,8e+06,8e+06,32139544,e56da4f502cedcfad3630714028c105bbeeb303114f29569641445b54eb769f2
candidate,2,19,1000000,float,1,random,timing,compact,2,2,0.198,0.198,3b8ff5aa6cf40469034133724b402ecd24b2b1695cb55ebde239e358ad779336,7489b3b15c134c0738d86198e4eeabe8cc23f781e51a240f4d47407d7a27cd49,,a3ad3ea2732684145470cc2d6d75e690fb2cfb67d3cb80b6dc55066135eb7073,5ab0d517366eb1493dbfdacb26247bd872e9e39625942c7d818c46e25bb5e281,0,1e+06,8e+06,8e+06,32139544,90c7c589dbbfaf14e7a1287fa250334ce92d712e1b442dea6fecf7eb4312110d
candidate,2,19,1000000,float,1,random,timing,ordinary,3,2,0.199000000000002,0.199999999999999,3b8ff5aa6cf40469034133724b402ecd24b2b1695cb55ebde239e358ad779336,7489b3b15c134c0738d86198e4eeabe8cc23f781e51a240f4d47407d7a27cd49,,a3ad3ea2732684145470cc2d6d75e690fb2cfb67d3cb80b6dc55066135eb7073,5ab0d517366eb1493dbfdacb26247bd872e9e39625942c7d818c46e25bb5e281,0,1e+06,8e+06,8e+06,32139592,e56da4f502cedcfad3630714028c105bbeeb303114f29569641445b54eb769f2
candidate,2,20,1000000,float,1,sorted,timing,ordinary,1,5,0.185000000000001,0.185000000000002,e13f5ee30f7975e3cdb08c823d2c61296d743f488a00c32d01d8f8488bc258af,7489b3b15c134c0738d86198e4eeabe8cc23f781e51a240f4d47407d7a27cd49,,1552b8035120a491922e642ee5661602cf17773c6e28ea936f7e2b2981848aa5,e055e9ea9a832ab67a68b7cb17d8dbc373088e63e6f39fe36037564048488bc9,0,1e+06,8e+06,8e+06,32139592,e56da4f502cedcfad3630714028c105bbeeb303114f29569641445b54eb769f2
candidate,2,20,1000000,float,1,sorted,timing,typed_double,2,4,0.147000000000001,0.146999999999998,e13f5ee30f7975e3cdb08c823d2c61296d743f488a00c32d01d8f8488bc258af,7489b3b15c134c0738d86198e4eeabe8cc23f781e51a240f4d47407d7a27cd49,,1552b8035120a491922e642ee5661602cf17773c6e28ea936f7e2b2981848aa5,e055e9ea9a832ab67a68b7cb17d8dbc373088e63e6f39fe36037564048488bc9,0,1e+06,8e+06,8e+06,32139544,e56da4f502cedcfad3630714028c105bbeeb303114f29569641445b54eb769f2
candidate,2,20,1000000,float,1,sorted,timing,compact,3,5,0.181,0.181000000000001,e13f5ee30f7975e3cdb08c823d2c61296d743f488a00c32d01d8f8488bc258af,7489b3b15c134c0738d86198e4eeabe8cc23f781e51a240f4d47407d7a27cd49,,1552b8035120a491922e642ee5661602cf17773c6e28ea936f7e2b2981848aa5,e055e9ea9a832ab67a68b7cb17d8dbc373088e63e6f39fe36037564048488bc9,0,1e+06,8e+06,8e+06,32139544,90c7c589dbbfaf14e7a1287fa250334ce92d712e1b442dea6fecf7eb4312110d
baseline,2,1,100000,byte,1,random,timing,typed_double,1,2,0.21,0.21,611de18bdbc2635e1ae6c62e8cd601542cf8546cee7fe011fb989fb9b6d2c5e1,7489b3b15c134c0738d86198e4eeabe8cc23f781e51a240f4d47407d7a27cd49,,79ca59251cbf840b798536c6992ceae96b4d9a89e68b7f0ba6fd40ae59ea7d39,5ff104c4f202fc073ae8f7d3b98ec913f051efaf773d4a26b2e909b7826d85eb,NA,NA,NA,8e+05,2419080,e56da4f502cedcfad3630714028c105bbeeb303114f29569641445b54eb769f2
baseline,2,1,100000,byte,1,random,timing,compact,2,2,0.216,0.215,611de18bdbc2635e1ae6c62e8cd601542cf8546cee7fe011fb989fb9b6d2c5e1,7489b3b15c134c0738d86198e4eeabe8cc23f781e51a240f4d47407d7a27cd49,,79ca59251cbf840b798536c6992ceae96b4d9a89e68b7f0ba6fd40ae59ea7d39,5ff104c4f202fc073ae8f7d3b98ec913f051efaf773d4a26b2e909b7826d85eb,NA,NA,NA,8e+05,2401496,90c7c589dbbfaf14e7a1287fa250334ce92d712e1b442dea6fecf7eb4312110d
baseline,2,1,100000,byte,1,random,timing,ordinary,3,7,0.153,0.153,611de18bdbc2635e1ae6c62e8cd601542cf8546cee7fe011fb989fb9b6d2c5e1,7489b3b15c134c0738d86198e4eeabe8cc23f781e51a240f4d47407d7a27cd49,,79ca59251cbf840b798536c6992ceae96b4d9a89e68b7f0ba6fd40ae59ea7d39,5ff104c4f202fc073ae8f7d3b98ec913f051efaf773d4a26b2e909b7826d85eb,NA,NA,NA,8e+05,2401416,e56da4f502cedcfad3630714028c105bbeeb303114f29569641445b54eb769f2
baseline,2,2,100000,byte,1,sorted,timing,ordinary,1,12,0.152,0.152,b2ba4976e8fb73986642cd794254f383cea39d1f3a3ebf7d622ef5febc19b98c,7489b3b15c134c0738d86198e4eeabe8cc23f781e51a240f4d47407d7a27cd49,,983ceeeb21d19fc6681a93a21cd0a4aa3ec44b911c559338cc65523bda301240,bff0ccac5a55e2545a4398866f41489021804172b1914a6f436786ca490125f0,NA,NA,NA,8e+05,2401416,e56da4f502cedcfad3630714028c105bbeeb303114f29569641445b54eb769f2
baseline,2,2,100000,byte,1,sorted,timing,typed_double,2,3,0.19,0.19,b2ba4976e8fb73986642cd794254f383cea39d1f3a3ebf7d622ef5febc19b98c,7489b3b15c134c0738d86198e4eeabe8cc23f781e51a240f4d47407d7a27cd49,,983ceeeb21d19fc6681a93a21cd0a4aa3ec44b911c559338cc65523bda301240,bff0ccac5a55e2545a4398866f41489021804172b1914a6f436786ca490125f0,NA,NA,NA,8e+05,2401368,e56da4f502cedcfad3630714028c105bbeeb303114f29569641445b54eb769f2
baseline,2,2,100000,byte,1,sorted,timing,compact,3,3,0.192,0.191,b2ba4976e8fb73986642cd794254f383cea39d1f3a3ebf7d622ef5febc19b98c,7489b3b15c134c0738d86198e4eeabe8cc23f781e51a240f4d47407d7a27cd49,,983ceeeb21d19fc6681a93a21cd0a4aa3ec44b911c559338cc65523bda301240,bff0ccac5a55e2545a4398866f41489021804172b1914a6f436786ca490125f0,NA,NA,NA,8e+05,2401496,90c7c589dbbfaf14e7a1287fa250334ce92d712e1b442dea6fecf7eb4312110d
baseline,2,3,100000,byte,4,random,timing,compact,1,1,0.208,0.209000000000001,ffda5aaffec7ffbb58b5a3cd5ec3d81122b355f7db4ed2c104818038769dea8f,bd64d393fdb9b1a213989b298782d95b689ea3d4c8ebf87487dea0d46f6d8585,,71c6e51bf68dea3480d87bd4e483380e78c80874476c99a65ed1c24fc0dc2701,45685d585afcf2d259b31a2d8922723a51bd51b53581d528f52ff6ff472de32d,NA,NA,NA,3200000,2801744,55604d65dc286407e628e98d1a6cad78d8520977dd52a04e4cec45fdafef6ca7
baseline,2,3,100000,byte,4,random,timing,ordinary,2,4,0.165,0.165,ffda5aaffec7ffbb58b5a3cd5ec3d81122b355f7db4ed2c104818038769dea8f,bd64d393fdb9b1a213989b298782d95b689ea3d4c8ebf87487dea0d46f6d8585,,71c6e51bf68dea3480d87bd4e483380e78c80874476c99a65ed1c24fc0dc2701,45685d585afcf2d259b31a2d8922723a51bd51b53581d528f52ff6ff472de32d,NA,NA,NA,3200000,2801424,692e68b5fdf4dcb6298baab418c8942336624627eb22682a5166460b2e9a1ef8
baseline,2,3,100000,byte,4,random,timing,typed_double,3,1,0.208000000000001,0.208,ffda5aaffec7ffbb58b5a3cd5ec3d81122b355f7db4ed2c104818038769dea8f,bd64d393fdb9b1a213989b298782d95b689ea3d4c8ebf87487dea0d46f6d8585,,71c6e51bf68dea3480d87bd4e483380e78c80874476c99a65ed1c24fc0dc2701,45685d585afcf2d259b31a2d8922723a51bd51b53581d528f52ff6ff472de32d,NA,NA,NA,3200000,2801232,692e68b5fdf4dcb6298baab418c8942336624627eb22682a5166460b2e9a1ef8
baseline,2,4,100000,byte,4,sorted,timing,typed_double,1,2,0.266,0.266,c00804f2cdb8c5f3a3c84574d69ea5dbf006bd822d8f2186a3fa0aad17ad7422,bd64d393fdb9b1a213989b298782d95b689ea3d4c8ebf87487dea0d46f6d8585,,d459b3940c19caa3ce7a1f1d47e880f4ebdd851e030266bb0bc970c817adcce3,3511331d6bfaa4332efe7710355801dbbedb47920ed3242a042adb0e0c16a347,NA,NA,NA,3200000,2801232,692e68b5fdf4dcb6298baab418c8942336624627eb22682a5166460b2e9a1ef8
baseline,2,4,100000,byte,4,sorted,timing,compact,2,2,0.283,0.283,c00804f2cdb8c5f3a3c84574d69ea5dbf006bd822d8f2186a3fa0aad17ad7422,bd64d393fdb9b1a213989b298782d95b689ea3d4c8ebf87487dea0d46f6d8585,,d459b3940c19caa3ce7a1f1d47e880f4ebdd851e030266bb0bc970c817adcce3,3511331d6bfaa4332efe7710355801dbbedb47920ed3242a042adb0e0c16a347,NA,NA,NA,3200000,2801744,55604d65dc286407e628e98d1a6cad78d8520977dd52a04e4cec45fdafef6ca7
baseline,2,4,100000,byte,4,sorted,timing,ordinary,3,6,0.151,0.151,c00804f2cdb8c5f3a3c84574d69ea5dbf006bd822d8f2186a3fa0aad17ad7422,bd64d393fdb9b1a213989b298782d95b689ea3d4c8ebf87487dea0d46f6d8585,,d459b3940c19caa3ce7a1f1d47e880f4ebdd851e030266bb0bc970c817adcce3,3511331d6bfaa4332efe7710355801dbbedb47920ed3242a042adb0e0c16a347,NA,NA,NA,3200000,2801424,692e68b5fdf4dcb6298baab418c8942336624627eb22682a5166460b2e9a1ef8
baseline,2,5,100000,int,1,random,timing,ordinary,1,7,0.158999999999999,0.16,790e7ab0dca629a978c5f15f9866d33526f92648f40cb5cd3f8b04b18c7e5e12,7489b3b15c134c0738d86198e4eeabe8cc23f781e51a240f4d47407d7a27cd49,,2997003b2099d6d7c994178abe216c694cecda0419dea94ee17773c839d592f0,aae1303f43753abcfee5c3e2e9e23f0052fbbda0fadfbf38a534a2f63d4a4a07,NA,NA,NA,8e+05,2441120,e56da4f502cedcfad3630714028c105bbeeb303114f29569641445b54eb769f2
baseline,2,5,100000,int,1,random,timing,typed_double,2,2,0.206,0.206999999999999,790e7ab0dca629a978c5f15f9866d33526f92648f40cb5cd3f8b04b18c7e5e12,7489b3b15c134c0738d86198e4eeabe8cc23f781e51a240f4d47407d7a27cd49,,2997003b2099d6d7c994178abe216c694cecda0419dea94ee17773c839d592f0,aae1303f43753abcfee5c3e2e9e23f0052fbbda0fadfbf38a534a2f63d4a4a07,NA,NA,NA,8e+05,2441072,e56da4f502cedcfad3630714028c105bbeeb303114f29569641445b54eb769f2
baseline,2,5,100000,int,1,random,timing,compact,3,2,0.214,0.215,790e7ab0dca629a978c5f15f9866d33526f92648f40cb5cd3f8b04b18c7e5e12,7489b3b15c134c0738d86198e4eeabe8cc23f781e51a240f4d47407d7a27cd49,,2997003b2099d6d7c994178abe216c694cecda0419dea94ee17773c839d592f0,aae1303f43753abcfee5c3e2e9e23f0052fbbda0fadfbf38a534a2f63d4a4a07,NA,NA,NA,8e+05,2441200,90c7c589dbbfaf14e7a1287fa250334ce92d712e1b442dea6fecf7eb4312110d
baseline,2,6,100000,int,1,sorted,timing,compact,1,3,0.194000000000001,0.194000000000001,a52faec4fa0bb0f21a51be75968a4395435af5fda4231bab85297e0157e03974,7489b3b15c134c0738d86198e4eeabe8cc23f781e51a240f4d47407d7a27cd49,,db1959a5bac429757ccfde32823cf5986fa24e726b60f0a2bd496a5ea6c9191e,f2c6661dad014d79905785000eea38ec6082e215a4aaa0aac4947c645e78e561,NA,NA,NA,8e+05,2441200,90c7c589dbbfaf14e7a1287fa250334ce92d712e1b442dea6fecf7eb4312110d
baseline,2,6,100000,int,1,sorted,timing,ordinary,2,12,0.159000000000001,0.159000000000001,a52faec4fa0bb0f21a51be75968a4395435af5fda4231bab85297e0157e03974,7489b3b15c134c0738d86198e4eeabe8cc23f781e51a240f4d47407d7a27cd49,,db1959a5bac429757ccfde32823cf5986fa24e726b60f0a2bd496a5ea6c9191e,f2c6661dad014d79905785000eea38ec6082e215a4aaa0aac4947c645e78e561,NA,NA,NA,8e+05,2441120,e56da4f502cedcfad3630714028c105bbeeb303114f29569641445b54eb769f2
baseline,2,6,100000,int,1,sorted,timing,typed_double,3,3,0.193,0.192,a52faec4fa0bb0f21a51be75968a4395435af5fda4231bab85297e0157e03974,7489b3b15c134c0738d86198e4eeabe8cc23f781e51a240f4d47407d7a27cd49,,db1959a5bac429757ccfde32823cf5986fa24e726b60f0a2bd496a5ea6c9191e,f2c6661dad014d79905785000eea38ec6082e215a4aaa0aac4947c645e78e561,NA,NA,NA,8e+05,2441072,e56da4f502cedcfad3630714028c105bbeeb303114f29569641445b54eb769f2
baseline,2,7,100000,int,4,random,timing,typed_double,1,2,0.269,0.269,28570e6fb39ba10fbc26c9a5ba29b6d686680f95e46dd9ae04be81bda40fe2c6,bd64d393fdb9b1a213989b298782d95b689ea3d4c8ebf87487dea0d46f6d8585,,aff7ed7d2ab6d1b77b5e1290b89c4fbe3871041d0d819c20a2b431ed5ad102a8,d5b3f9c2a15801fe8ae51044015dcf16488edbb841928fd850be98b199f45c5c,NA,NA,NA,3200000,2801920,692e68b5fdf4dcb6298baab418c8942336624627eb22682a5166460b2e9a1ef8
baseline,2,7,100000,int,4,random,timing,compact,2,2,0.266000000000001,0.266,28570e6fb39ba10fbc26c9a5ba29b6d686680f95e46dd9ae04be81bda40fe2c6,bd64d393fdb9b1a213989b298782d95b689ea3d4c8ebf87487dea0d46f6d8585,,aff7ed7d2ab6d1b77b5e1290b89c4fbe3871041d0d819c20a2b431ed5ad102a8,d5b3f9c2a15801fe8ae51044015dcf16488edbb841928fd850be98b199f45c5c,NA,NA,NA,3200000,2802432,55604d65dc286407e628e98d1a6cad78d8520977dd52a04e4cec45fdafef6ca7
baseline,2,7,100000,int,4,random,timing,ordinary,3,6,0.161999999999999,0.162000000000001,28570e6fb39ba10fbc26c9a5ba29b6d686680f95e46dd9ae04be81bda40fe2c6,bd64d393fdb9b1a213989b298782d95b689ea3d4c8ebf87487dea0d46f6d8585,,aff7ed7d2ab6d1b77b5e1290b89c4fbe3871041d0d819c20a2b431ed5ad102a8,d5b3f9c2a15801fe8ae51044015dcf16488edbb841928fd850be98b199f45c5c,NA,NA,NA,3200000,2802112,692e68b5fdf4dcb6298baab418c8942336624627eb22682a5166460b2e9a1ef8
baseline,2,8,100000,int,4,sorted,timing,ordinary,1,9,0.159000000000001,0.159000000000001,150f33127c7414ac096d3c1f7675b1a8dbd6526c5c3b37a8a4c3cff75762748a,bd64d393fdb9b1a213989b298782d95b689ea3d4c8ebf87487dea0d46f6d8585,,aff3f2dfe98a92d596412f850cce402a277c4ca64dfa5da5b4ca182cde71dfbb,1c3397468f628a26ab2118271b997ec9c97fd7600b13938678a0a06761230548,NA,NA,NA,3200000,2802112,692e68b5fdf4dcb6298baab418c8942336624627eb22682a5166460b2e9a1ef8
baseline,2,8,100000,int,4,sorted,timing,typed_double,2,2,0.178,0.177,150f33127c7414ac096d3c1f7675b1a8dbd6526c5c3b37a8a4c3cff75762748a,bd64d393fdb9b1a213989b298782d95b689ea3d4c8ebf87487dea0d46f6d8585,,aff3f2dfe98a92d596412f850cce402a277c4ca64dfa5da5b4ca182cde71dfbb,1c3397468f628a26ab2118271b997ec9c97fd7600b13938678a0a06761230548,NA,NA,NA,3200000,2801920,692e68b5fdf4dcb6298baab418c8942336624627eb22682a5166460b2e9a1ef8
baseline,2,8,100000,int,4,sorted,timing,compact,3,2,0.18,0.18,150f33127c7414ac096d3c1f7675b1a8dbd6526c5c3b37a8a4c3cff75762748a,bd64d393fdb9b1a213989b298782d95b689ea3d4c8ebf87487dea0d46f6d8585,,aff3f2dfe98a92d596412f850cce402a277c4ca64dfa5da5b4ca182cde71dfbb,1c3397468f628a26ab2118271b997ec9c97fd7600b13938678a0a06761230548,NA,NA,NA,3200000,2802432,55604d65dc286407e628e98d1a6cad78d8520977dd52a04e4cec45fdafef6ca7
baseline,2,9,100000,long,1,random,timing,compact,1,2,0.215,0.215,790e7ab0dca629a978c5f15f9866d33526f92648f40cb5cd3f8b04b18c7e5e12,7489b3b15c134c0738d86198e4eeabe8cc23f781e51a240f4d47407d7a27cd49,,751bda1c3cc5aa6b0a51955579ca627ba8545238811eb3539c65292338bb2c6e,aae1303f43753abcfee5c3e2e9e23f0052fbbda0fadfbf38a534a2f63d4a4a07,NA,NA,NA,8e+05,2441200,90c7c589dbbfaf14e7a1287fa250334ce92d712e1b442dea6fecf7eb4312110d
baseline,2,9,100000,long,1,random,timing,ordinary,2,7,0.154,0.154,790e7ab0dca629a978c5f15f9866d33526f92648f40cb5cd3f8b04b18c7e5e12,7489b3b15c134c0738d86198e4eeabe8cc23f781e51a240f4d47407d7a27cd49,,751bda1c3cc5aa6b0a51955579ca627ba8545238811eb3539c65292338bb2c6e,aae1303f43753abcfee5c3e2e9e23f0052fbbda0fadfbf38a534a2f63d4a4a07,NA,NA,NA,8e+05,2441120,e56da4f502cedcfad3630714028c105bbeeb303114f29569641445b54eb769f2
baseline,2,9,100000,long,1,random,timing,typed_double,3,2,0.208000000000002,0.208000000000002,790e7ab0dca629a978c5f15f9866d33526f92648f40cb5cd3f8b04b18c7e5e12,7489b3b15c134c0738d86198e4eeabe8cc23f781e51a240f4d47407d7a27cd49,,751bda1c3cc5aa6b0a51955579ca627ba8545238811eb3539c65292338bb2c6e,aae1303f43753abcfee5c3e2e9e23f0052fbbda0fadfbf38a534a2f63d4a4a07,NA,NA,NA,8e+05,2441072,e56da4f502cedcfad3630714028c105bbeeb303114f29569641445b54eb769f2
baseline,2,10,100000,long,1,sorted,timing,typed_double,1,3,0.188000000000001,0.187000000000001,a52faec4fa0bb0f21a51be75968a4395435af5fda4231bab85297e0157e03974,7489b3b15c134c0738d86198e4eeabe8cc23f781e51a240f4d47407d7a27cd49,,1ea934f3f083d0cbb593ee245b2722e6fb3e91ab062e1ed17f8f9c8d5d24c3c1,f2c6661dad014d79905785000eea38ec6082e215a4aaa0aac4947c645e78e561,NA,NA,NA,8e+05,2441072,e56da4f502cedcfad3630714028c105bbeeb303114f29569641445b54eb769f2
baseline,2,10,100000,long,1,sorted,timing,compact,2,3,0.194999999999999,0.195,a52faec4fa0bb0f21a51be75968a4395435af5fda4231bab85297e0157e03974,7489b3b15c134c0738d86198e4eeabe8cc23f781e51a240f4d47407d7a27cd49,,1ea934f3f083d0cbb593ee245b2722e6fb3e91ab062e1ed17f8f9c8d5d24c3c1,f2c6661dad014d79905785000eea38ec6082e215a4aaa0aac4947c645e78e561,NA,NA,NA,8e+05,2441200,90c7c589dbbfaf14e7a1287fa250334ce92d712e1b442dea6fecf7eb4312110d
baseline,2,10,100000,long,1,sorted,timing,ordinary,3,12,0.154,0.154,a52faec4fa0bb0f21a51be75968a4395435af5fda4231bab85297e0157e03974,7489b3b15c134c0738d86198e4eeabe8cc23f781e51a240f4d47407d7a27cd49,,1ea934f3f083d0cbb593ee245b2722e6fb3e91ab062e1ed17f8f9c8d5d24c3c1,f2c6661dad014d79905785000eea38ec6082e215a4aaa0aac4947c645e78e561,NA,NA,NA,8e+05,2441120,e56da4f502cedcfad3630714028c105bbeeb303114f29569641445b54eb769f2
baseline,2,11,100000,long,4,random,timing,ordinary,1,6,0.168000000000002,0.167000000000002,28570e6fb39ba10fbc26c9a5ba29b6d686680f95e46dd9ae04be81bda40fe2c6,bd64d393fdb9b1a213989b298782d95b689ea3d4c8ebf87487dea0d46f6d8585,,6a561c8e859a4ca1eb5e1c65a05e4cda84f46397e6502ec8bf24a48cc9330769,d5b3f9c2a15801fe8ae51044015dcf16488edbb841928fd850be98b199f45c5c,NA,NA,NA,3200000,2802112,692e68b5fdf4dcb6298baab418c8942336624627eb22682a5166460b2e9a1ef8
baseline,2,11,100000,long,4,random,timing,typed_double,2,2,0.266000000000002,0.267000000000003,28570e6fb39ba10fbc26c9a5ba29b6d686680f95e46dd9ae04be81bda40fe2c6,bd64d393fdb9b1a213989b298782d95b689ea3d4c8ebf87487dea0d46f6d8585,,6a561c8e859a4ca1eb5e1c65a05e4cda84f46397e6502ec8bf24a48cc9330769,d5b3f9c2a15801fe8ae51044015dcf16488edbb841928fd850be98b199f45c5c,NA,NA,NA,3200000,2801920,692e68b5fdf4dcb6298baab418c8942336624627eb22682a5166460b2e9a1ef8
baseline,2,11,100000,long,4,random,timing,compact,3,2,0.268999999999998,0.269000000000002,28570e6fb39ba10fbc26c9a5ba29b6d686680f95e46dd9ae04be81bda40fe2c6,bd64d393fdb9b1a213989b298782d95b689ea3d4c8ebf87487dea0d46f6d8585,,6a561c8e859a4ca1eb5e1c65a05e4cda84f46397e6502ec8bf24a48cc9330769,d5b3f9c2a15801fe8ae51044015dcf16488edbb841928fd850be98b199f45c5c,NA,NA,NA,3200000,2802432,55604d65dc286407e628e98d1a6cad78d8520977dd52a04e4cec45fdafef6ca7
baseline,2,12,100000,long,4,sorted,timing,compact,1,2,0.18,0.178999999999998,150f33127c7414ac096d3c1f7675b1a8dbd6526c5c3b37a8a4c3cff75762748a,bd64d393fdb9b1a213989b298782d95b689ea3d4c8ebf87487dea0d46f6d8585,,f1c9883feda04e555205dbd80629014dd80776a9752271511c857a4ed7d5b024,1c3397468f628a26ab2118271b997ec9c97fd7600b13938678a0a06761230548,NA,NA,NA,3200000,2802432,55604d65dc286407e628e98d1a6cad78d8520977dd52a04e4cec45fdafef6ca7
baseline,2,12,100000,long,4,sorted,timing,ordinary,2,9,0.152000000000001,0.152999999999999,150f33127c7414ac096d3c1f7675b1a8dbd6526c5c3b37a8a4c3cff75762748a,bd64d393fdb9b1a213989b298782d95b689ea3d4c8ebf87487dea0d46f6d8585,,f1c9883feda04e555205dbd80629014dd80776a9752271511c857a4ed7d5b024,1c3397468f628a26ab2118271b997ec9c97fd7600b13938678a0a06761230548,NA,NA,NA,3200000,2802112,692e68b5fdf4dcb6298baab418c8942336624627eb22682a5166460b2e9a1ef8
baseline,2,12,100000,long,4,sorted,timing,typed_double,3,2,0.177999999999997,0.178000000000001,150f33127c7414ac096d3c1f7675b1a8dbd6526c5c3b37a8a4c3cff75762748a,bd64d393fdb9b1a213989b298782d95b689ea3d4c8ebf87487dea0d46f6d8585,,f1c9883feda04e555205dbd80629014dd80776a9752271511c857a4ed7d5b024,1c3397468f628a26ab2118271b997ec9c97fd7600b13938678a0a06761230548,NA,NA,NA,3200000,2801920,692e68b5fdf4dcb6298baab418c8942336624627eb22682a5166460b2e9a1ef8
baseline,2,13,100000,float,1,random,timing,typed_double,1,2,0.210000000000001,0.210000000000001,790e7ab0dca629a978c5f15f9866d33526f92648f40cb5cd3f8b04b18c7e5e12,7489b3b15c134c0738d86198e4eeabe8cc23f781e51a240f4d47407d7a27cd49,,23cfcddb626fee694223f7cbc18d4f117ef068e8bd115496d298cece1a718496,aae1303f43753abcfee5c3e2e9e23f0052fbbda0fadfbf38a534a2f63d4a4a07,NA,NA,NA,8e+05,2441072,e56da4f502cedcfad3630714028c105bbeeb303114f29569641445b54eb769f2
baseline,2,13,100000,float,1,random,timing,compact,2,2,0.213000000000001,0.213999999999999,790e7ab0dca629a978c5f15f9866d33526f92648f40cb5cd3f8b04b18c7e5e12,7489b3b15c134c0738d86198e4eeabe8cc23f781e51a240f4d47407d7a27cd49,,23cfcddb626fee694223f7cbc18d4f117ef068e8bd115496d298cece1a718496,aae1303f43753abcfee5c3e2e9e23f0052fbbda0fadfbf38a534a2f63d4a4a07,NA,NA,NA,8e+05,2441200,90c7c589dbbfaf14e7a1287fa250334ce92d712e1b442dea6fecf7eb4312110d
baseline,2,13,100000,float,1,random,timing,ordinary,3,7,0.152999999999999,0.154,790e7ab0dca629a978c5f15f9866d33526f92648f40cb5cd3f8b04b18c7e5e12,7489b3b15c134c0738d86198e4eeabe8cc23f781e51a240f4d47407d7a27cd49,,23cfcddb626fee694223f7cbc18d4f117ef068e8bd115496d298cece1a718496,aae1303f43753abcfee5c3e2e9e23f0052fbbda0fadfbf38a534a2f63d4a4a07,NA,NA,NA,8e+05,2441120,e56da4f502cedcfad3630714028c105bbeeb303114f29569641445b54eb769f2
baseline,2,14,100000,float,1,sorted,timing,ordinary,1,12,0.152000000000001,0.152000000000001,a52faec4fa0bb0f21a51be75968a4395435af5fda4231bab85297e0157e03974,7489b3b15c134c0738d86198e4eeabe8cc23f781e51a240f4d47407d7a27cd49,,87d40b2334b7e6c59df44017642222b0038c34062869308912cd786c77e53d77,f2c6661dad014d79905785000eea38ec6082e215a4aaa0aac4947c645e78e561,NA,NA,NA,8e+05,2441120,e56da4f502cedcfad3630714028c105bbeeb303114f29569641445b54eb769f2
baseline,2,14,100000,float,1,sorted,timing,typed_double,2,3,0.187999999999999,0.188000000000002,a52faec4fa0bb0f21a51be75968a4395435af5fda4231bab85297e0157e03974,7489b3b15c134c0738d86198e4eeabe8cc23f781e51a240f4d47407d7a27cd49,,87d40b2334b7e6c59df44017642222b0038c34062869308912cd786c77e53d77,f2c6661dad014d79905785000eea38ec6082e215a4aaa0aac4947c645e78e561,NA,NA,NA,8e+05,2441072,e56da4f502cedcfad3630714028c105bbeeb303114f29569641445b54eb769f2
baseline,2,14,100000,float,1,sorted,timing,compact,3,3,0.190000000000001,0.190999999999999,a52faec4fa0bb0f21a51be75968a4395435af5fda4231bab85297e0157e03974,7489b3b15c134c0738d86198e4eeabe8cc23f781e51a240f4d47407d7a27cd49,,87d40b2334b7e6c59df44017642222b0038c34062869308912cd786c77e53d77,f2c6661dad014d79905785000eea38ec6082e215a4aaa0aac4947c645e78e561,NA,NA,NA,8e+05,2441200,90c7c589dbbfaf14e7a1287fa250334ce92d712e1b442dea6fecf7eb4312110d
baseline,2,15,100000,float,4,random,timing,compact,1,2,0.273,0.273,28570e6fb39ba10fbc26c9a5ba29b6d686680f95e46dd9ae04be81bda40fe2c6,bd64d393fdb9b1a213989b298782d95b689ea3d4c8ebf87487dea0d46f6d8585,,713ae766cb7266f7c774d9e74951f47c6d8fa3fb644d7de510b4b899c94f6399,d5b3f9c2a15801fe8ae51044015dcf16488edbb841928fd850be98b199f45c5c,NA,NA,NA,3200000,2802432,55604d65dc286407e628e98d1a6cad78d8520977dd52a04e4cec45fdafef6ca7
baseline,2,15,100000,float,4,random,timing,ordinary,2,6,0.164999999999999,0.164999999999999,28570e6fb39ba10fbc26c9a5ba29b6d686680f95e46dd9ae04be81bda40fe2c6,bd64d393fdb9b1a213989b298782d95b689ea3d4c8ebf87487dea0d46f6d8585,,713ae766cb7266f7c774d9e74951f47c6d8fa3fb644d7de510b4b899c94f6399,d5b3f9c2a15801fe8ae51044015dcf16488edbb841928fd850be98b199f45c5c,NA,NA,NA,3200000,2802112,692e68b5fdf4dcb6298baab418c8942336624627eb22682a5166460b2e9a1ef8
baseline,2,15,100000,float,4,random,timing,typed_double,3,2,0.268999999999998,0.268999999999998,28570e6fb39ba10fbc26c9a5ba29b6d686680f95e46dd9ae04be81bda40fe2c6,bd64d393fdb9b1a213989b298782d95b689ea3d4c8ebf87487dea0d46f6d8585,,713ae766cb7266f7c774d9e74951f47c6d8fa3fb644d7de510b4b899c94f6399,d5b3f9c2a15801fe8ae51044015dcf16488edbb841928fd850be98b199f45c5c,NA,NA,NA,3200000,2801920,692e68b5fdf4dcb6298baab418c8942336624627eb22682a5166460b2e9a1ef8
baseline,2,16,100000,float,4,sorted,timing,typed_double,1,2,0.177,0.177999999999997,150f33127c7414ac096d3c1f7675b1a8dbd6526c5c3b37a8a4c3cff75762748a,bd64d393fdb9b1a213989b298782d95b689ea3d4c8ebf87487dea0d46f6d8585,,01653bef0c2c3143e8632da935baee80ac5550fc2dcd732b63e9b1ebf060b3cd,1c3397468f628a26ab2118271b997ec9c97fd7600b13938678a0a06761230548,NA,NA,NA,3200000,2801920,692e68b5fdf4dcb6298baab418c8942336624627eb22682a5166460b2e9a1ef8
baseline,2,16,100000,float,4,sorted,timing,compact,2,2,0.182999999999999,0.181999999999999,150f33127c7414ac096d3c1f7675b1a8dbd6526c5c3b37a8a4c3cff75762748a,bd64d393fdb9b1a213989b298782d95b689ea3d4c8ebf87487dea0d46f6d8585,,01653bef0c2c3143e8632da935baee80ac5550fc2dcd732b63e9b1ebf060b3cd,1c3397468f628a26ab2118271b997ec9c97fd7600b13938678a0a06761230548,NA,NA,NA,3200000,2802432,55604d65dc286407e628e98d1a6cad78d8520977dd52a04e4cec45fdafef6ca7
baseline,2,16,100000,float,4,sorted,timing,ordinary,3,9,0.156999999999999,0.157,150f33127c7414ac096d3c1f7675b1a8dbd6526c5c3b37a8a4c3cff75762748a,bd64d393fdb9b1a213989b298782d95b689ea3d4c8ebf87487dea0d46f6d8585,,01653bef0c2c3143e8632da935baee80ac5550fc2dcd732b63e9b1ebf060b3cd,1c3397468f628a26ab2118271b997ec9c97fd7600b13938678a0a06761230548,NA,NA,NA,3200000,2802112,692e68b5fdf4dcb6298baab418c8942336624627eb22682a5166460b2e9a1ef8
baseline,2,17,1000000,int,1,random,timing,ordinary,1,1,0.263999999999998,0.263999999999999,3b8ff5aa6cf40469034133724b402ecd24b2b1695cb55ebde239e358ad779336,7489b3b15c134c0738d86198e4eeabe8cc23f781e51a240f4d47407d7a27cd49,,a10821ac1bb8d4a975da3ac98d55a939b046be2a393f527e4f9581ff0161270f,5ab0d517366eb1493dbfdacb26247bd872e9e39625942c7d818c46e25bb5e281,NA,NA,NA,8e+06,24041120,e56da4f502cedcfad3630714028c105bbeeb303114f29569641445b54eb769f2
baseline,2,17,1000000,int,1,random,timing,typed_double,2,1,1.222,1.221,3b8ff5aa6cf40469034133724b402ecd24b2b1695cb55ebde239e358ad779336,7489b3b15c134c0738d86198e4eeabe8cc23f781e51a240f4d47407d7a27cd49,,a10821ac1bb8d4a975da3ac98d55a939b046be2a393f527e4f9581ff0161270f,5ab0d517366eb1493dbfdacb26247bd872e9e39625942c7d818c46e25bb5e281,NA,NA,NA,8e+06,24041072,e56da4f502cedcfad3630714028c105bbeeb303114f29569641445b54eb769f2
baseline,2,17,1000000,int,1,random,timing,compact,3,1,1.205,1.206,3b8ff5aa6cf40469034133724b402ecd24b2b1695cb55ebde239e358ad779336,7489b3b15c134c0738d86198e4eeabe8cc23f781e51a240f4d47407d7a27cd49,,a10821ac1bb8d4a975da3ac98d55a939b046be2a393f527e4f9581ff0161270f,5ab0d517366eb1493dbfdacb26247bd872e9e39625942c7d818c46e25bb5e281,NA,NA,NA,8e+06,24041200,90c7c589dbbfaf14e7a1287fa250334ce92d712e1b442dea6fecf7eb4312110d
baseline,2,18,1000000,int,1,sorted,timing,compact,1,1,0.682000000000004,0.680999999999997,e13f5ee30f7975e3cdb08c823d2c61296d743f488a00c32d01d8f8488bc258af,7489b3b15c134c0738d86198e4eeabe8cc23f781e51a240f4d47407d7a27cd49,,703f54515e6cc4b606392000716912c1ec33b0bf154fd665c4388b6dd3f0d990,e055e9ea9a832ab67a68b7cb17d8dbc373088e63e6f39fe36037564048488bc9,NA,NA,NA,8e+06,24041200,90c7c589dbbfaf14e7a1287fa250334ce92d712e1b442dea6fecf7eb4312110d
baseline,2,18,1000000,int,1,sorted,timing,ordinary,2,2,0.289999999999999,0.291000000000004,e13f5ee30f7975e3cdb08c823d2c61296d743f488a00c32d01d8f8488bc258af,7489b3b15c134c0738d86198e4eeabe8cc23f781e51a240f4d47407d7a27cd49,,703f54515e6cc4b606392000716912c1ec33b0bf154fd665c4388b6dd3f0d990,e055e9ea9a832ab67a68b7cb17d8dbc373088e63e6f39fe36037564048488bc9,NA,NA,NA,8e+06,24041120,e56da4f502cedcfad3630714028c105bbeeb303114f29569641445b54eb769f2
baseline,2,18,1000000,int,1,sorted,timing,typed_double,3,1,0.697000000000005,0.697000000000003,e13f5ee30f7975e3cdb08c823d2c61296d743f488a00c32d01d8f8488bc258af,7489b3b15c134c0738d86198e4eeabe8cc23f781e51a240f4d47407d7a27cd49,,703f54515e6cc4b606392000716912c1ec33b0bf154fd665c4388b6dd3f0d990,e055e9ea9a832ab67a68b7cb17d8dbc373088e63e6f39fe36037564048488bc9,NA,NA,NA,8e+06,24041072,e56da4f502cedcfad3630714028c105bbeeb303114f29569641445b54eb769f2
baseline,2,19,1000000,float,1,random,timing,typed_double,1,1,1.21999999999999,1.221,3b8ff5aa6cf40469034133724b402ecd24b2b1695cb55ebde239e358ad779336,7489b3b15c134c0738d86198e4eeabe8cc23f781e51a240f4d47407d7a27cd49,,a3ad3ea2732684145470cc2d6d75e690fb2cfb67d3cb80b6dc55066135eb7073,5ab0d517366eb1493dbfdacb26247bd872e9e39625942c7d818c46e25bb5e281,NA,NA,NA,8e+06,24041072,e56da4f502cedcfad3630714028c105bbeeb303114f29569641445b54eb769f2
baseline,2,19,1000000,float,1,random,timing,compact,2,1,1.275,1.27499999999999,3b8ff5aa6cf40469034133724b402ecd24b2b1695cb55ebde239e358ad779336,7489b3b15c134c0738d86198e4eeabe8cc23f781e51a240f4d47407d7a27cd49,,a3ad3ea2732684145470cc2d6d75e690fb2cfb67d3cb80b6dc55066135eb7073,5ab0d517366eb1493dbfdacb26247bd872e9e39625942c7d818c46e25bb5e281,NA,NA,NA,8e+06,24041200,90c7c589dbbfaf14e7a1287fa250334ce92d712e1b442dea6fecf7eb4312110d
baseline,2,19,1000000,float,1,random,timing,ordinary,3,1,0.259999999999991,0.260999999999996,3b8ff5aa6cf40469034133724b402ecd24b2b1695cb55ebde239e358ad779336,7489b3b15c134c0738d86198e4eeabe8cc23f781e51a240f4d47407d7a27cd49,,a3ad3ea2732684145470cc2d6d75e690fb2cfb67d3cb80b6dc55066135eb7073,5ab0d517366eb1493dbfdacb26247bd872e9e39625942c7d818c46e25bb5e281,NA,NA,NA,8e+06,24041120,e56da4f502cedcfad3630714028c105bbeeb303114f29569641445b54eb769f2
baseline,2,20,1000000,float,1,sorted,timing,ordinary,1,2,0.281000000000001,0.280999999999992,e13f5ee30f7975e3cdb08c823d2c61296d743f488a00c32d01d8f8488bc258af,7489b3b15c134c0738d86198e4eeabe8cc23f781e51a240f4d47407d7a27cd49,,1552b8035120a491922e642ee5661602cf17773c6e28ea936f7e2b2981848aa5,e055e9ea9a832ab67a68b7cb17d8dbc373088e63e6f39fe36037564048488bc9,NA,NA,NA,8e+06,24041120,e56da4f502cedcfad3630714028c105bbeeb303114f29569641445b54eb769f2
baseline,2,20,1000000,float,1,sorted,timing,typed_double,2,1,0.698999999999993,0.698999999999998,e13f5ee30f7975e3cdb08c823d2c61296d743f488a00c32d01d8f8488bc258af,7489b3b15c134c0738d86198e4eeabe8cc23f781e51a240f4d47407d7a27cd49,,1552b8035120a491922e642ee5661602cf17773c6e28ea936f7e2b2981848aa5,e055e9ea9a832ab67a68b7cb17d8dbc373088e63e6f39fe36037564048488bc9,NA,NA,NA,8e+06,24041072,e56da4f502cedcfad3630714028c105bbeeb303114f29569641445b54eb769f2
baseline,2,20,1000000,float,1,sorted,timing,compact,3,1,0.698999999999998,0.698999999999998,e13f5ee30f7975e3cdb08c823d2c61296d743f488a00c32d01d8f8488bc258af,7489b3b15c134c0738d86198e4eeabe8cc23f781e51a240f4d47407d7a27cd49,,1552b8035120a491922e642ee5661602cf17773c6e28ea936f7e2b2981848aa5,e055e9ea9a832ab67a68b7cb17d8dbc373088e63e6f39fe36037564048488bc9,NA,NA,NA,8e+06,24041200,90c7c589dbbfaf14e7a1287fa250334ce92d712e1b442dea6fecf7eb4312110d
baseline,3,1,100000,byte,1,random,timing,compact,1,2,0.213,0.214,611de18bdbc2635e1ae6c62e8cd601542cf8546cee7fe011fb989fb9b6d2c5e1,7489b3b15c134c0738d86198e4eeabe8cc23f781e51a240f4d47407d7a27cd49,,79ca59251cbf840b798536c6992ceae96b4d9a89e68b7f0ba6fd40ae59ea7d39,5ff104c4f202fc073ae8f7d3b98ec913f051efaf773d4a26b2e909b7826d85eb,NA,NA,NA,8e+05,2419208,90c7c589dbbfaf14e7a1287fa250334ce92d712e1b442dea6fecf7eb4312110d
baseline,3,1,100000,byte,1,random,timing,typed_double,2,2,0.207,0.207,611de18bdbc2635e1ae6c62e8cd601542cf8546cee7fe011fb989fb9b6d2c5e1,7489b3b15c134c0738d86198e4eeabe8cc23f781e51a240f4d47407d7a27cd49,,79ca59251cbf840b798536c6992ceae96b4d9a89e68b7f0ba6fd40ae59ea7d39,5ff104c4f202fc073ae8f7d3b98ec913f051efaf773d4a26b2e909b7826d85eb,NA,NA,NA,8e+05,2401368,e56da4f502cedcfad3630714028c105bbeeb303114f29569641445b54eb769f2
baseline,3,1,100000,byte,1,random,timing,ordinary,3,7,0.158,0.158,611de18bdbc2635e1ae6c62e8cd601542cf8546cee7fe011fb989fb9b6d2c5e1,7489b3b15c134c0738d86198e4eeabe8cc23f781e51a240f4d47407d7a27cd49,,79ca59251cbf840b798536c6992ceae96b4d9a89e68b7f0ba6fd40ae59ea7d39,5ff104c4f202fc073ae8f7d3b98ec913f051efaf773d4a26b2e909b7826d85eb,NA,NA,NA,8e+05,2401416,e56da4f502cedcfad3630714028c105bbeeb303114f29569641445b54eb769f2
baseline,3,2,100000,byte,1,sorted,timing,typed_double,1,3,0.186,0.187,b2ba4976e8fb73986642cd794254f383cea39d1f3a3ebf7d622ef5febc19b98c,7489b3b15c134c0738d86198e4eeabe8cc23f781e51a240f4d47407d7a27cd49,,983ceeeb21d19fc6681a93a21cd0a4aa3ec44b911c559338cc65523bda301240,bff0ccac5a55e2545a4398866f41489021804172b1914a6f436786ca490125f0,NA,NA,NA,8e+05,2401368,e56da4f502cedcfad3630714028c105bbeeb303114f29569641445b54eb769f2
baseline,3,2,100000,byte,1,sorted,timing,ordinary,2,12,0.154,0.154,b2ba4976e8fb73986642cd794254f383cea39d1f3a3ebf7d622ef5febc19b98c,7489b3b15c134c0738d86198e4eeabe8cc23f781e51a240f4d47407d7a27cd49,,983ceeeb21d19fc6681a93a21cd0a4aa3ec44b911c559338cc65523bda301240,bff0ccac5a55e2545a4398866f41489021804172b1914a6f436786ca490125f0,NA,NA,NA,8e+05,2401416,e56da4f502cedcfad3630714028c105bbeeb303114f29569641445b54eb769f2
baseline,3,2,100000,byte,1,sorted,timing,compact,3,3,0.19,0.19,b2ba4976e8fb73986642cd794254f383cea39d1f3a3ebf7d622ef5febc19b98c,7489b3b15c134c0738d86198e4eeabe8cc23f781e51a240f4d47407d7a27cd49,,983ceeeb21d19fc6681a93a21cd0a4aa3ec44b911c559338cc65523bda301240,bff0ccac5a55e2545a4398866f41489021804172b1914a6f436786ca490125f0,NA,NA,NA,8e+05,2401496,90c7c589dbbfaf14e7a1287fa250334ce92d712e1b442dea6fecf7eb4312110d
baseline,3,3,100000,byte,4,random,timing,ordinary,1,4,0.159,0.16,ffda5aaffec7ffbb58b5a3cd5ec3d81122b355f7db4ed2c104818038769dea8f,bd64d393fdb9b1a213989b298782d95b689ea3d4c8ebf87487dea0d46f6d8585,,71c6e51bf68dea3480d87bd4e483380e78c80874476c99a65ed1c24fc0dc2701,45685d585afcf2d259b31a2d8922723a51bd51b53581d528f52ff6ff472de32d,NA,NA,NA,3200000,2801424,692e68b5fdf4dcb6298baab418c8942336624627eb22682a5166460b2e9a1ef8
baseline,3,3,100000,byte,4,random,timing,compact,2,1,0.209,0.21,ffda5aaffec7ffbb58b5a3cd5ec3d81122b355f7db4ed2c104818038769dea8f,bd64d393fdb9b1a213989b298782d95b689ea3d4c8ebf87487dea0d46f6d8585,,71c6e51bf68dea3480d87bd4e483380e78c80874476c99a65ed1c24fc0dc2701,45685d585afcf2d259b31a2d8922723a51bd51b53581d528f52ff6ff472de32d,NA,NA,NA,3200000,2801744,55604d65dc286407e628e98d1a6cad78d8520977dd52a04e4cec45fdafef6ca7
baseline,3,3,100000,byte,4,random,timing,typed_double,3,1,0.21,0.209000000000001,ffda5aaffec7ffbb58b5a3cd5ec3d81122b355f7db4ed2c104818038769dea8f,bd64d393fdb9b1a213989b298782d95b689ea3d4c8ebf87487dea0d46f6d8585,,71c6e51bf68dea3480d87bd4e483380e78c80874476c99a65ed1c24fc0dc2701,45685d585afcf2d259b31a2d8922723a51bd51b53581d528f52ff6ff472de32d,NA,NA,NA,3200000,2801232,692e68b5fdf4dcb6298baab418c8942336624627eb22682a5166460b2e9a1ef8
baseline,3,4,100000,byte,4,sorted,timing,compact,1,2,0.276,0.275,c00804f2cdb8c5f3a3c84574d69ea5dbf006bd822d8f2186a3fa0aad17ad7422,bd64d393fdb9b1a213989b298782d95b689ea3d4c8ebf87487dea0d46f6d8585,,d459b3940c19caa3ce7a1f1d47e880f4ebdd851e030266bb0bc970c817adcce3,3511331d6bfaa4332efe7710355801dbbedb47920ed3242a042adb0e0c16a347,NA,NA,NA,3200000,2801744,55604d65dc286407e628e98d1a6cad78d8520977dd52a04e4cec45fdafef6ca7
baseline,3,4,100000,byte,4,sorted,timing,typed_double,2,2,0.273,0.273,c00804f2cdb8c5f3a3c84574d69ea5dbf006bd822d8f2186a3fa0aad17ad7422,bd64d393fdb9b1a213989b298782d95b689ea3d4c8ebf87487dea0d46f6d8585,,d459b3940c19caa3ce7a1f1d47e880f4ebdd851e030266bb0bc970c817adcce3,3511331d6bfaa4332efe7710355801dbbedb47920ed3242a042adb0e0c16a347,NA,NA,NA,3200000,2801232,692e68b5fdf4dcb6298baab418c8942336624627eb22682a5166460b2e9a1ef8
baseline,3,4,100000,byte,4,sorted,timing,ordinary,3,6,0.153,0.154,c00804f2cdb8c5f3a3c84574d69ea5dbf006bd822d8f2186a3fa0aad17ad7422,bd64d393fdb9b1a213989b298782d95b689ea3d4c8ebf87487dea0d46f6d8585,,d459b3940c19caa3ce7a1f1d47e880f4ebdd851e030266bb0bc970c817adcce3,3511331d6bfaa4332efe7710355801dbbedb47920ed3242a042adb0e0c16a347,NA,NA,NA,3200000,2801424,692e68b5fdf4dcb6298baab418c8942336624627eb22682a5166460b2e9a1ef8
baseline,3,5,100000,int,1,random,timing,typed_double,1,2,0.209999999999999,0.209999999999999,790e7ab0dca629a978c5f15f9866d33526f92648f40cb5cd3f8b04b18c7e5e12,7489b3b15c134c0738d86198e4eeabe8cc23f781e51a240f4d47407d7a27cd49,,2997003b2099d6d7c994178abe216c694cecda0419dea94ee17773c839d592f0,aae1303f43753abcfee5c3e2e9e23f0052fbbda0fadfbf38a534a2f63d4a4a07,NA,NA,NA,8e+05,2441072,e56da4f502cedcfad3630714028c105bbeeb303114f29569641445b54eb769f2
baseline,3,5,100000,int,1,random,timing,ordinary,2,7,0.158000000000001,0.157999999999999,790e7ab0dca629a978c5f15f9866d33526f92648f40cb5cd3f8b04b18c7e5e12,7489b3b15c134c0738d86198e4eeabe8cc23f781e51a240f4d47407d7a27cd49,,2997003b2099d6d7c994178abe216c694cecda0419dea94ee17773c839d592f0,aae1303f43753abcfee5c3e2e9e23f0052fbbda0fadfbf38a534a2f63d4a4a07,NA,NA,NA,8e+05,2441120,e56da4f502cedcfad3630714028c105bbeeb303114f29569641445b54eb769f2
baseline,3,5,100000,int,1,random,timing,compact,3,2,0.215000000000002,0.215,790e7ab0dca629a978c5f15f9866d33526f92648f40cb5cd3f8b04b18c7e5e12,7489b3b15c134c0738d86198e4eeabe8cc23f781e51a240f4d47407d7a27cd49,,2997003b2099d6d7c994178abe216c694cecda0419dea94ee17773c839d592f0,aae1303f43753abcfee5c3e2e9e23f0052fbbda0fadfbf38a534a2f63d4a4a07,NA,NA,NA,8e+05,2441200,90c7c589dbbfaf14e7a1287fa250334ce92d712e1b442dea6fecf7eb4312110d
baseline,3,6,100000,int,1,sorted,timing,ordinary,1,12,0.154999999999999,0.155000000000001,a52faec4fa0bb0f21a51be75968a4395435af5fda4231bab85297e0157e03974,7489b3b15c134c0738d86198e4eeabe8cc23f781e51a240f4d47407d7a27cd49,,db1959a5bac429757ccfde32823cf5986fa24e726b60f0a2bd496a5ea6c9191e,f2c6661dad014d79905785000eea38ec6082e215a4aaa0aac4947c645e78e561,NA,NA,NA,8e+05,2441120,e56da4f502cedcfad3630714028c105bbeeb303114f29569641445b54eb769f2
baseline,3,6,100000,int,1,sorted,timing,compact,2,3,0.197000000000001,0.196,a52faec4fa0bb0f21a51be75968a4395435af5fda4231bab85297e0157e03974,7489b3b15c134c0738d86198e4eeabe8cc23f781e51a240f4d47407d7a27cd49,,db1959a5bac429757ccfde32823cf5986fa24e726b60f0a2bd496a5ea6c9191e,f2c6661dad014d79905785000eea38ec6082e215a4aaa0aac4947c645e78e561,NA,NA,NA,8e+05,2441200,90c7c589dbbfaf14e7a1287fa250334ce92d712e1b442dea6fecf7eb4312110d
baseline,3,6,100000,int,1,sorted,timing,typed_double,3,3,0.187999999999999,0.186999999999999,a52faec4fa0bb0f21a51be75968a4395435af5fda4231bab85297e0157e03974,7489b3b15c134c0738d86198e4eeabe8cc23f781e51a240f4d47407d7a27cd49,,db1959a5bac429757ccfde32823cf5986fa24e726b60f0a2bd496a5ea6c9191e,f2c6661dad014d79905785000eea38ec6082e215a4aaa0aac4947c645e78e561,NA,NA,NA,8e+05,2441072,e56da4f502cedcfad3630714028c105bbeeb303114f29569641445b54eb769f2
baseline,3,7,100000,int,4,random,timing,compact,1,2,0.284999999999999,0.286000000000001,28570e6fb39ba10fbc26c9a5ba29b6d686680f95e46dd9ae04be81bda40fe2c6,bd64d393fdb9b1a213989b298782d95b689ea3d4c8ebf87487dea0d46f6d8585,,aff7ed7d2ab6d1b77b5e1290b89c4fbe3871041d0d819c20a2b431ed5ad102a8,d5b3f9c2a15801fe8ae51044015dcf16488edbb841928fd850be98b199f45c5c,NA,NA,NA,3200000,2802432,55604d65dc286407e628e98d1a6cad78d8520977dd52a04e4cec45fdafef6ca7
baseline,3,7,100000,int,4,random,timing,typed_double,2,2,0.269,0.269,28570e6fb39ba10fbc26c9a5ba29b6d686680f95e46dd9ae04be81bda40fe2c6,bd64d393fdb9b1a213989b298782d95b689ea3d4c8ebf87487dea0d46f6d8585,,aff7ed7d2ab6d1b77b5e1290b89c4fbe3871041d0d819c20a2b431ed5ad102a8,d5b3f9c2a15801fe8ae51044015dcf16488edbb841928fd850be98b199f45c5c,NA,NA,NA,3200000,2801920,692e68b5fdf4dcb6298baab418c8942336624627eb22682a5166460b2e9a1ef8
baseline,3,7,100000,int,4,random,timing,ordinary,3,6,0.163000000000001,0.163,28570e6fb39ba10fbc26c9a5ba29b6d686680f95e46dd9ae04be81bda40fe2c6,bd64d393fdb9b1a213989b298782d95b689ea3d4c8ebf87487dea0d46f6d8585,,aff7ed7d2ab6d1b77b5e1290b89c4fbe3871041d0d819c20a2b431ed5ad102a8,d5b3f9c2a15801fe8ae51044015dcf16488edbb841928fd850be98b199f45c5c,NA,NA,NA,3200000,2802112,692e68b5fdf4dcb6298baab418c8942336624627eb22682a5166460b2e9a1ef8
baseline,3,8,100000,int,4,sorted,timing,typed_double,1,2,0.181,0.18,150f33127c7414ac096d3c1f7675b1a8dbd6526c5c3b37a8a4c3cff75762748a,bd64d393fdb9b1a213989b298782d95b689ea3d4c8ebf87487dea0d46f6d8585,,aff3f2dfe98a92d596412f850cce402a277c4ca64dfa5da5b4ca182cde71dfbb,1c3397468f628a26ab2118271b997ec9c97fd7600b13938678a0a06761230548,NA,NA,NA,3200000,2801920,692e68b5fdf4dcb6298baab418c8942336624627eb22682a5166460b2e9a1ef8
baseline,3,8,100000,int,4,sorted,timing,ordinary,2,9,0.158,0.157999999999999,150f33127c7414ac096d3c1f7675b1a8dbd6526c5c3b37a8a4c3cff75762748a,bd64d393fdb9b1a213989b298782d95b689ea3d4c8ebf87487dea0d46f6d8585,,aff3f2dfe98a92d596412f850cce402a277c4ca64dfa5da5b4ca182cde71dfbb,1c3397468f628a26ab2118271b997ec9c97fd7600b13938678a0a06761230548,NA,NA,NA,3200000,2802112,692e68b5fdf4dcb6298baab418c8942336624627eb22682a5166460b2e9a1ef8
baseline,3,8,100000,int,4,sorted,timing,compact,3,2,0.186,0.186,150f33127c7414ac096d3c1f7675b1a8dbd6526c5c3b37a8a4c3cff75762748a,bd64d393fdb9b1a213989b298782d95b689ea3d4c8ebf87487dea0d46f6d8585,,aff3f2dfe98a92d596412f850cce402a277c4ca64dfa5da5b4ca182cde71dfbb,1c3397468f628a26ab2118271b997ec9c97fd7600b13938678a0a06761230548,NA,NA,NA,3200000,2802432,55604d65dc286407e628e98d1a6cad78d8520977dd52a04e4cec45fdafef6ca7
baseline,3,9,100000,long,1,random,timing,ordinary,1,7,0.157999999999999,0.158000000000001,790e7ab0dca629a978c5f15f9866d33526f92648f40cb5cd3f8b04b18c7e5e12,7489b3b15c134c0738d86198e4eeabe8cc23f781e51a240f4d47407d7a27cd49,,751bda1c3cc5aa6b0a51955579ca627ba8545238811eb3539c65292338bb2c6e,aae1303f43753abcfee5c3e2e9e23f0052fbbda0fadfbf38a534a2f63d4a4a07,NA,NA,NA,8e+05,2441120,e56da4f502cedcfad3630714028c105bbeeb303114f29569641445b54eb769f2
baseline,3,9,100000,long,1,random,timing,compact,2,2,0.218000000000001,0.216999999999999,790e7ab0dca629a978c5f15f9866d33526f92648f40cb5cd3f8b04b18c7e5e12,7489b3b15c134c0738d86198e4eeabe8cc23f781e51a240f4d47407d7a27cd49,,751bda1c3cc5aa6b0a51955579ca627ba8545238811eb3539c65292338bb2c6e,aae1303f43753abcfee5c3e2e9e23f0052fbbda0fadfbf38a534a2f63d4a4a07,NA,NA,NA,8e+05,2441200,90c7c589dbbfaf14e7a1287fa250334ce92d712e1b442dea6fecf7eb4312110d
baseline,3,9,100000,long,1,random,timing,typed_double,3,2,0.209000000000001,0.210999999999999,790e7ab0dca629a978c5f15f9866d33526f92648f40cb5cd3f8b04b18c7e5e12,7489b3b15c134c0738d86198e4eeabe8cc23f781e51a240f4d47407d7a27cd49,,751bda1c3cc5aa6b0a51955579ca627ba8545238811eb3539c65292338bb2c6e,aae1303f43753abcfee5c3e2e9e23f0052fbbda0fadfbf38a534a2f63d4a4a07,NA,NA,NA,8e+05,2441072,e56da4f502cedcfad3630714028c105bbeeb303114f29569641445b54eb769f2
baseline,3,10,100000,long,1,sorted,timing,compact,1,3,0.192999999999999,0.192,a52faec4fa0bb0f21a51be75968a4395435af5fda4231bab85297e0157e03974,7489b3b15c134c0738d86198e4eeabe8cc23f781e51a240f4d47407d7a27cd49,,1ea934f3f083d0cbb593ee245b2722e6fb3e91ab062e1ed17f8f9c8d5d24c3c1,f2c6661dad014d79905785000eea38ec6082e215a4aaa0aac4947c645e78e561,NA,NA,NA,8e+05,2441200,90c7c589dbbfaf14e7a1287fa250334ce92d712e1b442dea6fecf7eb4312110d
baseline,3,10,100000,long,1,sorted,timing,typed_double,2,3,0.189000000000002,0.189,a52faec4fa0bb0f21a51be75968a4395435af5fda4231bab85297e0157e03974,7489b3b15c134c0738d86198e4eeabe8cc23f781e51a240f4d47407d7a27cd49,,1ea934f3f083d0cbb593ee245b2722e6fb3e91ab062e1ed17f8f9c8d5d24c3c1,f2c6661dad014d79905785000eea38ec6082e215a4aaa0aac4947c645e78e561,NA,NA,NA,8e+05,2441072,e56da4f502cedcfad3630714028c105bbeeb303114f29569641445b54eb769f2
baseline,3,10,100000,long,1,sorted,timing,ordinary,3,12,0.153999999999999,0.154,a52faec4fa0bb0f21a51be75968a4395435af5fda4231bab85297e0157e03974,7489b3b15c134c0738d86198e4eeabe8cc23f781e51a240f4d47407d7a27cd49,,1ea934f3f083d0cbb593ee245b2722e6fb3e91ab062e1ed17f8f9c8d5d24c3c1,f2c6661dad014d79905785000eea38ec6082e215a4aaa0aac4947c645e78e561,NA,NA,NA,8e+05,2441120,e56da4f502cedcfad3630714028c105bbeeb303114f29569641445b54eb769f2
baseline,3,11,100000,long,4,random,timing,typed_double,1,2,0.271999999999998,0.271000000000001,28570e6fb39ba10fbc26c9a5ba29b6d686680f95e46dd9ae04be81bda40fe2c6,bd64d393fdb9b1a213989b298782d95b689ea3d4c8ebf87487dea0d46f6d8585,,6a561c8e859a4ca1eb5e1c65a05e4cda84f46397e6502ec8bf24a48cc9330769,d5b3f9c2a15801fe8ae51044015dcf16488edbb841928fd850be98b199f45c5c,NA,NA,NA,3200000,2801920,692e68b5fdf4dcb6298baab418c8942336624627eb22682a5166460b2e9a1ef8
baseline,3,11,100000,long,4,random,timing,ordinary,2,6,0.162,0.163,28570e6fb39ba10fbc26c9a5ba29b6d686680f95e46dd9ae04be81bda40fe2c6,bd64d393fdb9b1a213989b298782d95b689ea3d4c8ebf87487dea0d46f6d8585,,6a561c8e859a4ca1eb5e1c65a05e4cda84f46397e6502ec8bf24a48cc9330769,d5b3f9c2a15801fe8ae51044015dcf16488edbb841928fd850be98b199f45c5c,NA,NA,NA,3200000,2802112,692e68b5fdf4dcb6298baab418c8942336624627eb22682a5166460b2e9a1ef8
baseline,3,11,100000,long,4,random,timing,compact,3,2,0.278999999999997,0.279,28570e6fb39ba10fbc26c9a5ba29b6d686680f95e46dd9ae04be81bda40fe2c6,bd64d393fdb9b1a213989b298782d95b689ea3d4c8ebf87487dea0d46f6d8585,,6a561c8e859a4ca1eb5e1c65a05e4cda84f46397e6502ec8bf24a48cc9330769,d5b3f9c2a15801fe8ae51044015dcf16488edbb841928fd850be98b199f45c5c,NA,NA,NA,3200000,2802432,55604d65dc286407e628e98d1a6cad78d8520977dd52a04e4cec45fdafef6ca7
baseline,3,12,100000,long,4,sorted,timing,ordinary,1,9,0.154999999999997,0.155000000000001,150f33127c7414ac096d3c1f7675b1a8dbd6526c5c3b37a8a4c3cff75762748a,bd64d393fdb9b1a213989b298782d95b689ea3d4c8ebf87487dea0d46f6d8585,,f1c9883feda04e555205dbd80629014dd80776a9752271511c857a4ed7d5b024,1c3397468f628a26ab2118271b997ec9c97fd7600b13938678a0a06761230548,NA,NA,NA,3200000,2802112,692e68b5fdf4dcb6298baab418c8942336624627eb22682a5166460b2e9a1ef8
baseline,3,12,100000,long,4,sorted,timing,compact,2,2,0.192999999999998,0.192,150f33127c7414ac096d3c1f7675b1a8dbd6526c5c3b37a8a4c3cff75762748a,bd64d393fdb9b1a213989b298782d95b689ea3d4c8ebf87487dea0d46f6d8585,,f1c9883feda04e555205dbd80629014dd80776a9752271511c857a4ed7d5b024,1c3397468f628a26ab2118271b997ec9c97fd7600b13938678a0a06761230548,NA,NA,NA,3200000,2802432,55604d65dc286407e628e98d1a6cad78d8520977dd52a04e4cec45fdafef6ca7
baseline,3,12,100000,long,4,sorted,timing,typed_double,3,2,0.181999999999998,0.181999999999999,150f33127c7414ac096d3c1f7675b1a8dbd6526c5c3b37a8a4c3cff75762748a,bd64d393fdb9b1a213989b298782d95b689ea3d4c8ebf87487dea0d46f6d8585,,f1c9883feda04e555205dbd80629014dd80776a9752271511c857a4ed7d5b024,1c3397468f628a26ab2118271b997ec9c97fd7600b13938678a0a06761230548,NA,NA,NA,3200000,2801920,692e68b5fdf4dcb6298baab418c8942336624627eb22682a5166460b2e9a1ef8
baseline,3,13,100000,float,1,random,timing,compact,1,2,0.215000000000001,0.215,790e7ab0dca629a978c5f15f9866d33526f92648f40cb5cd3f8b04b18c7e5e12,7489b3b15c134c0738d86198e4eeabe8cc23f781e51a240f4d47407d7a27cd49,,23cfcddb626fee694223f7cbc18d4f117ef068e8bd115496d298cece1a718496,aae1303f43753abcfee5c3e2e9e23f0052fbbda0fadfbf38a534a2f63d4a4a07,NA,NA,NA,8e+05,2441200,90c7c589dbbfaf14e7a1287fa250334ce92d712e1b442dea6fecf7eb4312110d
baseline,3,13,100000,float,1,random,timing,typed_double,2,2,0.211000000000001,0.212,790e7ab0dca629a978c5f15f9866d33526f92648f40cb5cd3f8b04b18c7e5e12,7489b3b15c134c0738d86198e4eeabe8cc23f781e51a240f4d47407d7a27cd49,,23cfcddb626fee694223f7cbc18d4f117ef068e8bd115496d298cece1a718496,aae1303f43753abcfee5c3e2e9e23f0052fbbda0fadfbf38a534a2f63d4a4a07,NA,NA,NA,8e+05,2441072,e56da4f502cedcfad3630714028c105bbeeb303114f29569641445b54eb769f2
baseline,3,13,100000,float,1,random,timing,ordinary,3,7,0.156000000000002,0.156000000000002,790e7ab0dca629a978c5f15f9866d33526f92648f40cb5cd3f8b04b18c7e5e12,7489b3b15c134c0738d86198e4eeabe8cc23f781e51a240f4d47407d7a27cd49,,23cfcddb626fee694223f7cbc18d4f117ef068e8bd115496d298cece1a718496,aae1303f43753abcfee5c3e2e9e23f0052fbbda0fadfbf38a534a2f63d4a4a07,NA,NA,NA,8e+05,2441120,e56da4f502cedcfad3630714028c105bbeeb303114f29569641445b54eb769f2
baseline,3,14,100000,float,1,sorted,timing,typed_double,1,3,0.190000000000002,0.189,a52faec4fa0bb0f21a51be75968a4395435af5fda4231bab85297e0157e03974,7489b3b15c134c0738d86198e4eeabe8cc23f781e51a240f4d47407d7a27cd49,,87d40b2334b7e6c59df44017642222b0038c34062869308912cd786c77e53d77,f2c6661dad014d79905785000eea38ec6082e215a4aaa0aac4947c645e78e561,NA,NA,NA,8e+05,2441072,e56da4f502cedcfad3630714028c105bbeeb303114f29569641445b54eb769f2
baseline,3,14,100000,float,1,sorted,timing,ordinary,2,12,0.154,0.155000000000001,a52faec4fa0bb0f21a51be75968a4395435af5fda4231bab85297e0157e03974,7489b3b15c134c0738d86198e4eeabe8cc23f781e51a240f4d47407d7a27cd49,,87d40b2334b7e6c59df44017642222b0038c34062869308912cd786c77e53d77,f2c6661dad014d79905785000eea38ec6082e215a4aaa0aac4947c645e78e561,NA,NA,NA,8e+05,2441120,e56da4f502cedcfad3630714028c105bbeeb303114f29569641445b54eb769f2
baseline,3,14,100000,float,1,sorted,timing,compact,3,3,0.197000000000001,0.196999999999999,a52faec4fa0bb0f21a51be75968a4395435af5fda4231bab85297e0157e03974,7489b3b15c134c0738d86198e4eeabe8cc23f781e51a240f4d47407d7a27cd49,,87d40b2334b7e6c59df44017642222b0038c34062869308912cd786c77e53d77,f2c6661dad014d79905785000eea38ec6082e215a4aaa0aac4947c645e78e561,NA,NA,NA,8e+05,2441200,90c7c589dbbfaf14e7a1287fa250334ce92d712e1b442dea6fecf7eb4312110d
baseline,3,15,100000,float,4,random,timing,ordinary,1,6,0.164,0.163,28570e6fb39ba10fbc26c9a5ba29b6d686680f95e46dd9ae04be81bda40fe2c6,bd64d393fdb9b1a213989b298782d95b689ea3d4c8ebf87487dea0d46f6d8585,,713ae766cb7266f7c774d9e74951f47c6d8fa3fb644d7de510b4b899c94f6399,d5b3f9c2a15801fe8ae51044015dcf16488edbb841928fd850be98b199f45c5c,NA,NA,NA,3200000,2802112,692e68b5fdf4dcb6298baab418c8942336624627eb22682a5166460b2e9a1ef8
baseline,3,15,100000,float,4,random,timing,compact,2,2,0.283000000000001,0.283000000000001,28570e6fb39ba10fbc26c9a5ba29b6d686680f95e46dd9ae04be81bda40fe2c6,bd64d393fdb9b1a213989b298782d95b689ea3d4c8ebf87487dea0d46f6d8585,,713ae766cb7266f7c774d9e74951f47c6d8fa3fb644d7de510b4b899c94f6399,d5b3f9c2a15801fe8ae51044015dcf16488edbb841928fd850be98b199f45c5c,NA,NA,NA,3200000,2802432,55604d65dc286407e628e98d1a6cad78d8520977dd52a04e4cec45fdafef6ca7
baseline,3,15,100000,float,4,random,timing,typed_double,3,2,0.272999999999999,0.273,28570e6fb39ba10fbc26c9a5ba29b6d686680f95e46dd9ae04be81bda40fe2c6,bd64d393fdb9b1a213989b298782d95b689ea3d4c8ebf87487dea0d46f6d8585,,713ae766cb7266f7c774d9e74951f47c6d8fa3fb644d7de510b4b899c94f6399,d5b3f9c2a15801fe8ae51044015dcf16488edbb841928fd850be98b199f45c5c,NA,NA,NA,3200000,2801920,692e68b5fdf4dcb6298baab418c8942336624627eb22682a5166460b2e9a1ef8
baseline,3,16,100000,float,4,sorted,timing,compact,1,2,0.182999999999997,0.183,150f33127c7414ac096d3c1f7675b1a8dbd6526c5c3b37a8a4c3cff75762748a,bd64d393fdb9b1a213989b298782d95b689ea3d4c8ebf87487dea0d46f6d8585,,01653bef0c2c3143e8632da935baee80ac5550fc2dcd732b63e9b1ebf060b3cd,1c3397468f628a26ab2118271b997ec9c97fd7600b13938678a0a06761230548,NA,NA,NA,3200000,2802432,55604d65dc286407e628e98d1a6cad78d8520977dd52a04e4cec45fdafef6ca7
baseline,3,16,100000,float,4,sorted,timing,typed_double,2,2,0.179000000000001,0.179000000000002,150f33127c7414ac096d3c1f7675b1a8dbd6526c5c3b37a8a4c3cff75762748a,bd64d393fdb9b1a213989b298782d95b689ea3d4c8ebf87487dea0d46f6d8585,,01653bef0c2c3143e8632da935baee80ac5550fc2dcd732b63e9b1ebf060b3cd,1c3397468f628a26ab2118271b997ec9c97fd7600b13938678a0a06761230548,NA,NA,NA,3200000,2801920,692e68b5fdf4dcb6298baab418c8942336624627eb22682a5166460b2e9a1ef8
baseline,3,16,100000,float,4,sorted,timing,ordinary,3,9,0.156000000000002,0.156000000000002,150f33127c7414ac096d3c1f7675b1a8dbd6526c5c3b37a8a4c3cff75762748a,bd64d393fdb9b1a213989b298782d95b689ea3d4c8ebf87487dea0d46f6d8585,,01653bef0c2c3143e8632da935baee80ac5550fc2dcd732b63e9b1ebf060b3cd,1c3397468f628a26ab2118271b997ec9c97fd7600b13938678a0a06761230548,NA,NA,NA,3200000,2802112,692e68b5fdf4dcb6298baab418c8942336624627eb22682a5166460b2e9a1ef8
baseline,3,17,1000000,int,1,random,timing,typed_double,1,1,1.235,1.236,3b8ff5aa6cf40469034133724b402ecd24b2b1695cb55ebde239e358ad779336,7489b3b15c134c0738d86198e4eeabe8cc23f781e51a240f4d47407d7a27cd49,,a10821ac1bb8d4a975da3ac98d55a939b046be2a393f527e4f9581ff0161270f,5ab0d517366eb1493dbfdacb26247bd872e9e39625942c7d818c46e25bb5e281,NA,NA,NA,8e+06,24041072,e56da4f502cedcfad3630714028c105bbeeb303114f29569641445b54eb769f2
baseline,3,17,1000000,int,1,random,timing,ordinary,2,1,0.262999999999998,0.262999999999998,3b8ff5aa6cf40469034133724b402ecd24b2b1695cb55ebde239e358ad779336,7489b3b15c134c0738d86198e4eeabe8cc23f781e51a240f4d47407d7a27cd49,,a10821ac1bb8d4a975da3ac98d55a939b046be2a393f527e4f9581ff0161270f,5ab0d517366eb1493dbfdacb26247bd872e9e39625942c7d818c46e25bb5e281,NA,NA,NA,8e+06,24041120,e56da4f502cedcfad3630714028c105bbeeb303114f29569641445b54eb769f2
baseline,3,17,1000000,int,1,random,timing,compact,3,1,1.257,1.257,3b8ff5aa6cf40469034133724b402ecd24b2b1695cb55ebde239e358ad779336,7489b3b15c134c0738d86198e4eeabe8cc23f781e51a240f4d47407d7a27cd49,,a10821ac1bb8d4a975da3ac98d55a939b046be2a393f527e4f9581ff0161270f,5ab0d517366eb1493dbfdacb26247bd872e9e39625942c7d818c46e25bb5e281,NA,NA,NA,8e+06,24041200,90c7c589dbbfaf14e7a1287fa250334ce92d712e1b442dea6fecf7eb4312110d
baseline,3,18,1000000,int,1,sorted,timing,ordinary,1,2,0.290999999999999,0.290000000000006,e13f5ee30f7975e3cdb08c823d2c61296d743f488a00c32d01d8f8488bc258af,7489b3b15c134c0738d86198e4eeabe8cc23f781e51a240f4d47407d7a27cd49,,703f54515e6cc4b606392000716912c1ec33b0bf154fd665c4388b6dd3f0d990,e055e9ea9a832ab67a68b7cb17d8dbc373088e63e6f39fe36037564048488bc9,NA,NA,NA,8e+06,24041120,e56da4f502cedcfad3630714028c105bbeeb303114f29569641445b54eb769f2
baseline,3,18,1000000,int,1,sorted,timing,compact,2,1,0.800999999999997,0.799999999999997,e13f5ee30f7975e3cdb08c823d2c61296d743f488a00c32d01d8f8488bc258af,7489b3b15c134c0738d86198e4eeabe8cc23f781e51a240f4d47407d7a27cd49,,703f54515e6cc4b606392000716912c1ec33b0bf154fd665c4388b6dd3f0d990,e055e9ea9a832ab67a68b7cb17d8dbc373088e63e6f39fe36037564048488bc9,NA,NA,NA,8e+06,24041200,90c7c589dbbfaf14e7a1287fa250334ce92d712e1b442dea6fecf7eb4312110d
baseline,3,18,1000000,int,1,sorted,timing,typed_double,3,1,0.703999999999998,0.704000000000001,e13f5ee30f7975e3cdb08c823d2c61296d743f488a00c32d01d8f8488bc258af,7489b3b15c134c0738d86198e4eeabe8cc23f781e51a240f4d47407d7a27cd49,,703f54515e6cc4b606392000716912c1ec33b0bf154fd665c4388b6dd3f0d990,e055e9ea9a832ab67a68b7cb17d8dbc373088e63e6f39fe36037564048488bc9,NA,NA,NA,8e+06,24041072,e56da4f502cedcfad3630714028c105bbeeb303114f29569641445b54eb769f2
baseline,3,19,1000000,float,1,random,timing,compact,1,1,1.251,1.251,3b8ff5aa6cf40469034133724b402ecd24b2b1695cb55ebde239e358ad779336,7489b3b15c134c0738d86198e4eeabe8cc23f781e51a240f4d47407d7a27cd49,,a3ad3ea2732684145470cc2d6d75e690fb2cfb67d3cb80b6dc55066135eb7073,5ab0d517366eb1493dbfdacb26247bd872e9e39625942c7d818c46e25bb5e281,NA,NA,NA,8e+06,24041200,90c7c589dbbfaf14e7a1287fa250334ce92d712e1b442dea6fecf7eb4312110d
baseline,3,19,1000000,float,1,random,timing,typed_double,2,1,1.30400000000001,1.30399999999999,3b8ff5aa6cf40469034133724b402ecd24b2b1695cb55ebde239e358ad779336,7489b3b15c134c0738d86198e4eeabe8cc23f781e51a240f4d47407d7a27cd49,,a3ad3ea2732684145470cc2d6d75e690fb2cfb67d3cb80b6dc55066135eb7073,5ab0d517366eb1493dbfdacb26247bd872e9e39625942c7d818c46e25bb5e281,NA,NA,NA,8e+06,24041072,e56da4f502cedcfad3630714028c105bbeeb303114f29569641445b54eb769f2
baseline,3,19,1000000,float,1,random,timing,ordinary,3,1,0.271999999999996,0.272000000000006,3b8ff5aa6cf40469034133724b402ecd24b2b1695cb55ebde239e358ad779336,7489b3b15c134c0738d86198e4eeabe8cc23f781e51a240f4d47407d7a27cd49,,a3ad3ea2732684145470cc2d6d75e690fb2cfb67d3cb80b6dc55066135eb7073,5ab0d517366eb1493dbfdacb26247bd872e9e39625942c7d818c46e25bb5e281,NA,NA,NA,8e+06,24041120,e56da4f502cedcfad3630714028c105bbeeb303114f29569641445b54eb769f2
baseline,3,20,1000000,float,1,sorted,timing,typed_double,1,1,0.730999999999999,0.730000000000004,e13f5ee30f7975e3cdb08c823d2c61296d743f488a00c32d01d8f8488bc258af,7489b3b15c134c0738d86198e4eeabe8cc23f781e51a240f4d47407d7a27cd49,,1552b8035120a491922e642ee5661602cf17773c6e28ea936f7e2b2981848aa5,e055e9ea9a832ab67a68b7cb17d8dbc373088e63e6f39fe36037564048488bc9,NA,NA,NA,8e+06,24041072,e56da4f502cedcfad3630714028c105bbeeb303114f29569641445b54eb769f2
baseline,3,20,1000000,float,1,sorted,timing,ordinary,2,2,0.297999999999992,0.298000000000002,e13f5ee30f7975e3cdb08c823d2c61296d743f488a00c32d01d8f8488bc258af,7489b3b15c134c0738d86198e4eeabe8cc23f781e51a240f4d47407d7a27cd49,,1552b8035120a491922e642ee5661602cf17773c6e28ea936f7e2b2981848aa5,e055e9ea9a832ab67a68b7cb17d8dbc373088e63e6f39fe36037564048488bc9,NA,NA,NA,8e+06,24041120,e56da4f502cedcfad3630714028c105bbeeb303114f29569641445b54eb769f2
baseline,3,20,1000000,float,1,sorted,timing,compact,3,1,0.738999999999995,0.739000000000004,e13f5ee30f7975e3cdb08c823d2c61296d743f488a00c32d01d8f8488bc258af,7489b3b15c134c0738d86198e4eeabe8cc23f781e51a240f4d47407d7a27cd49,,1552b8035120a491922e642ee5661602cf17773c6e28ea936f7e2b2981848aa5,e055e9ea9a832ab67a68b7cb17d8dbc373088e63e6f39fe36037564048488bc9,NA,NA,NA,8e+06,24041200,90c7c589dbbfaf14e7a1287fa250334ce92d712e1b442dea6fecf7eb4312110d
candidate,3,1,100000,byte,1,random,timing,compact,1,20,0.15,0.149,611de18bdbc2635e1ae6c62e8cd601542cf8546cee7fe011fb989fb9b6d2c5e1,7489b3b15c134c0738d86198e4eeabe8cc23f781e51a240f4d47407d7a27cd49,,79ca59251cbf840b798536c6992ceae96b4d9a89e68b7f0ba6fd40ae59ea7d39,5ff104c4f202fc073ae8f7d3b98ec913f051efaf773d4a26b2e909b7826d85eb,0,1e+05,8e+05,8e+05,3317552,90c7c589dbbfaf14e7a1287fa250334ce92d712e1b442dea6fecf7eb4312110d
candidate,3,1,100000,byte,1,random,timing,typed_double,2,20,0.152,0.152,611de18bdbc2635e1ae6c62e8cd601542cf8546cee7fe011fb989fb9b6d2c5e1,7489b3b15c134c0738d86198e4eeabe8cc23f781e51a240f4d47407d7a27cd49,,79ca59251cbf840b798536c6992ceae96b4d9a89e68b7f0ba6fd40ae59ea7d39,5ff104c4f202fc073ae8f7d3b98ec913f051efaf773d4a26b2e909b7826d85eb,0,1e+05,8e+05,8e+05,3299840,e56da4f502cedcfad3630714028c105bbeeb303114f29569641445b54eb769f2
candidate,3,1,100000,byte,1,random,timing,ordinary,3,21,0.159,0.159,611de18bdbc2635e1ae6c62e8cd601542cf8546cee7fe011fb989fb9b6d2c5e1,7489b3b15c134c0738d86198e4eeabe8cc23f781e51a240f4d47407d7a27cd49,,79ca59251cbf840b798536c6992ceae96b4d9a89e68b7f0ba6fd40ae59ea7d39,5ff104c4f202fc073ae8f7d3b98ec913f051efaf773d4a26b2e909b7826d85eb,0,1e+05,8e+05,8e+05,3299888,e56da4f502cedcfad3630714028c105bbeeb303114f29569641445b54eb769f2
candidate,3,2,100000,byte,1,sorted,timing,typed_double,1,45,0.151,0.151,b2ba4976e8fb73986642cd794254f383cea39d1f3a3ebf7d622ef5febc19b98c,7489b3b15c134c0738d86198e4eeabe8cc23f781e51a240f4d47407d7a27cd49,,983ceeeb21d19fc6681a93a21cd0a4aa3ec44b911c559338cc65523bda301240,bff0ccac5a55e2545a4398866f41489021804172b1914a6f436786ca490125f0,0,1e+05,8e+05,8e+05,3299840,e56da4f502cedcfad3630714028c105bbeeb303114f29569641445b54eb769f2
candidate,3,2,100000,byte,1,sorted,timing,ordinary,2,46,0.152,0.153,b2ba4976e8fb73986642cd794254f383cea39d1f3a3ebf7d622ef5febc19b98c,7489b3b15c134c0738d86198e4eeabe8cc23f781e51a240f4d47407d7a27cd49,,983ceeeb21d19fc6681a93a21cd0a4aa3ec44b911c559338cc65523bda301240,bff0ccac5a55e2545a4398866f41489021804172b1914a6f436786ca490125f0,0,1e+05,8e+05,8e+05,3299888,e56da4f502cedcfad3630714028c105bbeeb303114f29569641445b54eb769f2
candidate,3,2,100000,byte,1,sorted,timing,compact,3,46,0.146,0.145,b2ba4976e8fb73986642cd794254f383cea39d1f3a3ebf7d622ef5febc19b98c,7489b3b15c134c0738d86198e4eeabe8cc23f781e51a240f4d47407d7a27cd49,,983ceeeb21d19fc6681a93a21cd0a4aa3ec44b911c559338cc65523bda301240,bff0ccac5a55e2545a4398866f41489021804172b1914a6f436786ca490125f0,0,1e+05,8e+05,8e+05,3299840,90c7c589dbbfaf14e7a1287fa250334ce92d712e1b442dea6fecf7eb4312110d
candidate,3,3,100000,byte,4,random,timing,ordinary,1,11,0.162,0.162,ffda5aaffec7ffbb58b5a3cd5ec3d81122b355f7db4ed2c104818038769dea8f,bd64d393fdb9b1a213989b298782d95b689ea3d4c8ebf87487dea0d46f6d8585,,71c6e51bf68dea3480d87bd4e483380e78c80874476c99a65ed1c24fc0dc2701,45685d585afcf2d259b31a2d8922723a51bd51b53581d528f52ff6ff472de32d,0,4e+05,3200000,3200000,6100360,692e68b5fdf4dcb6298baab418c8942336624627eb22682a5166460b2e9a1ef8
candidate,3,3,100000,byte,4,random,timing,compact,2,11,0.16,0.159,ffda5aaffec7ffbb58b5a3cd5ec3d81122b355f7db4ed2c104818038769dea8f,bd64d393fdb9b1a213989b298782d95b689ea3d4c8ebf87487dea0d46f6d8585,,71c6e51bf68dea3480d87bd4e483380e78c80874476c99a65ed1c24fc0dc2701,45685d585afcf2d259b31a2d8922723a51bd51b53581d528f52ff6ff472de32d,0,4e+05,3200000,3200000,6100168,55604d65dc286407e628e98d1a6cad78d8520977dd52a04e4cec45fdafef6ca7
candidate,3,3,100000,byte,4,random,timing,typed_double,3,11,0.162,0.162,ffda5aaffec7ffbb58b5a3cd5ec3d81122b355f7db4ed2c104818038769dea8f,bd64d393fdb9b1a213989b298782d95b689ea3d4c8ebf87487dea0d46f6d8585,,71c6e51bf68dea3480d87bd4e483380e78c80874476c99a65ed1c24fc0dc2701,45685d585afcf2d259b31a2d8922723a51bd51b53581d528f52ff6ff472de32d,0,4e+05,3200000,3200000,6100168,692e68b5fdf4dcb6298baab418c8942336624627eb22682a5166460b2e9a1ef8
candidate,3,4,100000,byte,4,sorted,timing,compact,1,26,0.157,0.157,c00804f2cdb8c5f3a3c84574d69ea5dbf006bd822d8f2186a3fa0aad17ad7422,bd64d393fdb9b1a213989b298782d95b689ea3d4c8ebf87487dea0d46f6d8585,,d459b3940c19caa3ce7a1f1d47e880f4ebdd851e030266bb0bc970c817adcce3,3511331d6bfaa4332efe7710355801dbbedb47920ed3242a042adb0e0c16a347,0,4e+05,3200000,3200000,6100168,55604d65dc286407e628e98d1a6cad78d8520977dd52a04e4cec45fdafef6ca7
candidate,3,4,100000,byte,4,sorted,timing,typed_double,2,25,0.158,0.159,c00804f2cdb8c5f3a3c84574d69ea5dbf006bd822d8f2186a3fa0aad17ad7422,bd64d393fdb9b1a213989b298782d95b689ea3d4c8ebf87487dea0d46f6d8585,,d459b3940c19caa3ce7a1f1d47e880f4ebdd851e030266bb0bc970c817adcce3,3511331d6bfaa4332efe7710355801dbbedb47920ed3242a042adb0e0c16a347,0,4e+05,3200000,3200000,6100168,692e68b5fdf4dcb6298baab418c8942336624627eb22682a5166460b2e9a1ef8
candidate,3,4,100000,byte,4,sorted,timing,ordinary,3,26,0.158,0.157,c00804f2cdb8c5f3a3c84574d69ea5dbf006bd822d8f2186a3fa0aad17ad7422,bd64d393fdb9b1a213989b298782d95b689ea3d4c8ebf87487dea0d46f6d8585,,d459b3940c19caa3ce7a1f1d47e880f4ebdd851e030266bb0bc970c817adcce3,3511331d6bfaa4332efe7710355801dbbedb47920ed3242a042adb0e0c16a347,0,4e+05,3200000,3200000,6100360,692e68b5fdf4dcb6298baab418c8942336624627eb22682a5166460b2e9a1ef8
candidate,3,5,100000,int,1,random,timing,typed_double,1,18,0.159,0.16,790e7ab0dca629a978c5f15f9866d33526f92648f40cb5cd3f8b04b18c7e5e12,7489b3b15c134c0738d86198e4eeabe8cc23f781e51a240f4d47407d7a27cd49,,2997003b2099d6d7c994178abe216c694cecda0419dea94ee17773c839d592f0,aae1303f43753abcfee5c3e2e9e23f0052fbbda0fadfbf38a534a2f63d4a4a07,0,1e+05,8e+05,8e+05,3339544,e56da4f502cedcfad3630714028c105bbeeb303114f29569641445b54eb769f2
candidate,3,5,100000,int,1,random,timing,ordinary,2,18,0.158,0.158,790e7ab0dca629a978c5f15f9866d33526f92648f40cb5cd3f8b04b18c7e5e12,7489b3b15c134c0738d86198e4eeabe8cc23f781e51a240f4d47407d7a27cd49,,2997003b2099d6d7c994178abe216c694cecda0419dea94ee17773c839d592f0,aae1303f43753abcfee5c3e2e9e23f0052fbbda0fadfbf38a534a2f63d4a4a07,0,1e+05,8e+05,8e+05,3339592,e56da4f502cedcfad3630714028c105bbeeb303114f29569641445b54eb769f2
candidate,3,5,100000,int,1,random,timing,compact,3,18,0.155,0.154999999999999,790e7ab0dca629a978c5f15f9866d33526f92648f40cb5cd3f8b04b18c7e5e12,7489b3b15c134c0738d86198e4eeabe8cc23f781e51a240f4d47407d7a27cd49,,2997003b2099d6d7c994178abe216c694cecda0419dea94ee17773c839d592f0,aae1303f43753abcfee5c3e2e9e23f0052fbbda0fadfbf38a534a2f63d4a4a07,0,1e+05,8e+05,8e+05,3339544,90c7c589dbbfaf14e7a1287fa250334ce92d712e1b442dea6fecf7eb4312110d
candidate,3,6,100000,int,1,sorted,timing,ordinary,1,38,0.156000000000001,0.156,a52faec4fa0bb0f21a51be75968a4395435af5fda4231bab85297e0157e03974,7489b3b15c134c0738d86198e4eeabe8cc23f781e51a240f4d47407d7a27cd49,,db1959a5bac429757ccfde32823cf5986fa24e726b60f0a2bd496a5ea6c9191e,f2c6661dad014d79905785000eea38ec6082e215a4aaa0aac4947c645e78e561,0,1e+05,8e+05,8e+05,3339592,e56da4f502cedcfad3630714028c105bbeeb303114f29569641445b54eb769f2
candidate,3,6,100000,int,1,sorted,timing,compact,2,39,0.154,0.154,a52faec4fa0bb0f21a51be75968a4395435af5fda4231bab85297e0157e03974,7489b3b15c134c0738d86198e4eeabe8cc23f781e51a240f4d47407d7a27cd49,,db1959a5bac429757ccfde32823cf5986fa24e726b60f0a2bd496a5ea6c9191e,f2c6661dad014d79905785000eea38ec6082e215a4aaa0aac4947c645e78e561,0,1e+05,8e+05,8e+05,3339544,90c7c589dbbfaf14e7a1287fa250334ce92d712e1b442dea6fecf7eb4312110d
candidate,3,6,100000,int,1,sorted,timing,typed_double,3,37,0.151,0.151,a52faec4fa0bb0f21a51be75968a4395435af5fda4231bab85297e0157e03974,7489b3b15c134c0738d86198e4eeabe8cc23f781e51a240f4d47407d7a27cd49,,db1959a5bac429757ccfde32823cf5986fa24e726b60f0a2bd496a5ea6c9191e,f2c6661dad014d79905785000eea38ec6082e215a4aaa0aac4947c645e78e561,0,1e+05,8e+05,8e+05,3339544,e56da4f502cedcfad3630714028c105bbeeb303114f29569641445b54eb769f2
candidate,3,7,100000,int,4,random,timing,compact,1,13,0.148999999999999,0.149,28570e6fb39ba10fbc26c9a5ba29b6d686680f95e46dd9ae04be81bda40fe2c6,bd64d393fdb9b1a213989b298782d95b689ea3d4c8ebf87487dea0d46f6d8585,,aff7ed7d2ab6d1b77b5e1290b89c4fbe3871041d0d819c20a2b431ed5ad102a8,d5b3f9c2a15801fe8ae51044015dcf16488edbb841928fd850be98b199f45c5c,0,4e+05,3200000,3200000,6100856,55604d65dc286407e628e98d1a6cad78d8520977dd52a04e4cec45fdafef6ca7
candidate,3,7,100000,int,4,random,timing,typed_double,2,13,0.150999999999999,0.152,28570e6fb39ba10fbc26c9a5ba29b6d686680f95e46dd9ae04be81bda40fe2c6,bd64d393fdb9b1a213989b298782d95b689ea3d4c8ebf87487dea0d46f6d8585,,aff7ed7d2ab6d1b77b5e1290b89c4fbe3871041d0d819c20a2b431ed5ad102a8,d5b3f9c2a15801fe8ae51044015dcf16488edbb841928fd850be98b199f45c5c,0,4e+05,3200000,3200000,6100856,692e68b5fdf4dcb6298baab418c8942336624627eb22682a5166460b2e9a1ef8
candidate,3,7,100000,int,4,random,timing,ordinary,3,13,0.154,0.154,28570e6fb39ba10fbc26c9a5ba29b6d686680f95e46dd9ae04be81bda40fe2c6,bd64d393fdb9b1a213989b298782d95b689ea3d4c8ebf87487dea0d46f6d8585,,aff7ed7d2ab6d1b77b5e1290b89c4fbe3871041d0d819c20a2b431ed5ad102a8,d5b3f9c2a15801fe8ae51044015dcf16488edbb841928fd850be98b199f45c5c,0,4e+05,3200000,3200000,6101048,692e68b5fdf4dcb6298baab418c8942336624627eb22682a5166460b2e9a1ef8
candidate,3,8,100000,int,4,sorted,timing,typed_double,1,28,0.170999999999999,0.17,150f33127c7414ac096d3c1f7675b1a8dbd6526c5c3b37a8a4c3cff75762748a,bd64d393fdb9b1a213989b298782d95b689ea3d4c8ebf87487dea0d46f6d8585,,aff3f2dfe98a92d596412f850cce402a277c4ca64dfa5da5b4ca182cde71dfbb,1c3397468f628a26ab2118271b997ec9c97fd7600b13938678a0a06761230548,0,4e+05,3200000,3200000,6100856,692e68b5fdf4dcb6298baab418c8942336624627eb22682a5166460b2e9a1ef8
candidate,3,8,100000,int,4,sorted,timing,ordinary,2,28,0.158000000000001,0.158000000000001,150f33127c7414ac096d3c1f7675b1a8dbd6526c5c3b37a8a4c3cff75762748a,bd64d393fdb9b1a213989b298782d95b689ea3d4c8ebf87487dea0d46f6d8585,,aff3f2dfe98a92d596412f850cce402a277c4ca64dfa5da5b4ca182cde71dfbb,1c3397468f628a26ab2118271b997ec9c97fd7600b13938678a0a06761230548,0,4e+05,3200000,3200000,6101048,692e68b5fdf4dcb6298baab418c8942336624627eb22682a5166460b2e9a1ef8
candidate,3,8,100000,int,4,sorted,timing,compact,3,29,0.159000000000001,0.159000000000001,150f33127c7414ac096d3c1f7675b1a8dbd6526c5c3b37a8a4c3cff75762748a,bd64d393fdb9b1a213989b298782d95b689ea3d4c8ebf87487dea0d46f6d8585,,aff3f2dfe98a92d596412f850cce402a277c4ca64dfa5da5b4ca182cde71dfbb,1c3397468f628a26ab2118271b997ec9c97fd7600b13938678a0a06761230548,0,4e+05,3200000,3200000,6100856,55604d65dc286407e628e98d1a6cad78d8520977dd52a04e4cec45fdafef6ca7
candidate,3,9,100000,long,1,random,timing,ordinary,1,18,0.156,0.154999999999999,790e7ab0dca629a978c5f15f9866d33526f92648f40cb5cd3f8b04b18c7e5e12,7489b3b15c134c0738d86198e4eeabe8cc23f781e51a240f4d47407d7a27cd49,,751bda1c3cc5aa6b0a51955579ca627ba8545238811eb3539c65292338bb2c6e,aae1303f43753abcfee5c3e2e9e23f0052fbbda0fadfbf38a534a2f63d4a4a07,0,1e+05,8e+05,8e+05,3339592,e56da4f502cedcfad3630714028c105bbeeb303114f29569641445b54eb769f2
candidate,3,9,100000,long,1,random,timing,compact,2,18,0.157999999999999,0.157999999999999,790e7ab0dca629a978c5f15f9866d33526f92648f40cb5cd3f8b04b18c7e5e12,7489b3b15c134c0738d86198e4eeabe8cc23f781e51a240f4d47407d7a27cd49,,751bda1c3cc5aa6b0a51955579ca627ba8545238811eb3539c65292338bb2c6e,aae1303f43753abcfee5c3e2e9e23f0052fbbda0fadfbf38a534a2f63d4a4a07,0,1e+05,8e+05,8e+05,3339544,90c7c589dbbfaf14e7a1287fa250334ce92d712e1b442dea6fecf7eb4312110d
candidate,3,9,100000,long,1,random,timing,typed_double,3,18,0.158000000000001,0.156999999999998,790e7ab0dca629a978c5f15f9866d33526f92648f40cb5cd3f8b04b18c7e5e12,7489b3b15c134c0738d86198e4eeabe8cc23f781e51a240f4d47407d7a27cd49,,751bda1c3cc5aa6b0a51955579ca627ba8545238811eb3539c65292338bb2c6e,aae1303f43753abcfee5c3e2e9e23f0052fbbda0fadfbf38a534a2f63d4a4a07,0,1e+05,8e+05,8e+05,3339544,e56da4f502cedcfad3630714028c105bbeeb303114f29569641445b54eb769f2
candidate,3,10,100000,long,1,sorted,timing,compact,1,39,0.153,0.152999999999999,a52faec4fa0bb0f21a51be75968a4395435af5fda4231bab85297e0157e03974,7489b3b15c134c0738d86198e4eeabe8cc23f781e51a240f4d47407d7a27cd49,,1ea934f3f083d0cbb593ee245b2722e6fb3e91ab062e1ed17f8f9c8d5d24c3c1,f2c6661dad014d79905785000eea38ec6082e215a4aaa0aac4947c645e78e561,0,1e+05,8e+05,8e+05,3339544,90c7c589dbbfaf14e7a1287fa250334ce92d712e1b442dea6fecf7eb4312110d
candidate,3,10,100000,long,1,sorted,timing,typed_double,2,38,0.152,0.151,a52faec4fa0bb0f21a51be75968a4395435af5fda4231bab85297e0157e03974,7489b3b15c134c0738d86198e4eeabe8cc23f781e51a240f4d47407d7a27cd49,,1ea934f3f083d0cbb593ee245b2722e6fb3e91ab062e1ed17f8f9c8d5d24c3c1,f2c6661dad014d79905785000eea38ec6082e215a4aaa0aac4947c645e78e561,0,1e+05,8e+05,8e+05,3339544,e56da4f502cedcfad3630714028c105bbeeb303114f29569641445b54eb769f2
candidate,3,10,100000,long,1,sorted,timing,ordinary,3,38,0.152,0.153,a52faec4fa0bb0f21a51be75968a4395435af5fda4231bab85297e0157e03974,7489b3b15c134c0738d86198e4eeabe8cc23f781e51a240f4d47407d7a27cd49,,1ea934f3f083d0cbb593ee245b2722e6fb3e91ab062e1ed17f8f9c8d5d24c3c1,f2c6661dad014d79905785000eea38ec6082e215a4aaa0aac4947c645e78e561,0,1e+05,8e+05,8e+05,3339592,e56da4f502cedcfad3630714028c105bbeeb303114f29569641445b54eb769f2
candidate,3,11,100000,long,4,random,timing,typed_double,1,13,0.152999999999999,0.153,28570e6fb39ba10fbc26c9a5ba29b6d686680f95e46dd9ae04be81bda40fe2c6,bd64d393fdb9b1a213989b298782d95b689ea3d4c8ebf87487dea0d46f6d8585,,6a561c8e859a4ca1eb5e1c65a05e4cda84f46397e6502ec8bf24a48cc9330769,d5b3f9c2a15801fe8ae51044015dcf16488edbb841928fd850be98b199f45c5c,0,4e+05,3200000,3200000,6100856,692e68b5fdf4dcb6298baab418c8942336624627eb22682a5166460b2e9a1ef8
candidate,3,11,100000,long,4,random,timing,ordinary,2,13,0.150000000000001,0.15,28570e6fb39ba10fbc26c9a5ba29b6d686680f95e46dd9ae04be81bda40fe2c6,bd64d393fdb9b1a213989b298782d95b689ea3d4c8ebf87487dea0d46f6d8585,,6a561c8e859a4ca1eb5e1c65a05e4cda84f46397e6502ec8bf24a48cc9330769,d5b3f9c2a15801fe8ae51044015dcf16488edbb841928fd850be98b199f45c5c,0,4e+05,3200000,3200000,6101048,692e68b5fdf4dcb6298baab418c8942336624627eb22682a5166460b2e9a1ef8
candidate,3,11,100000,long,4,random,timing,compact,3,13,0.151,0.151,28570e6fb39ba10fbc26c9a5ba29b6d686680f95e46dd9ae04be81bda40fe2c6,bd64d393fdb9b1a213989b298782d95b689ea3d4c8ebf87487dea0d46f6d8585,,6a561c8e859a4ca1eb5e1c65a05e4cda84f46397e6502ec8bf24a48cc9330769,d5b3f9c2a15801fe8ae51044015dcf16488edbb841928fd850be98b199f45c5c,0,4e+05,3200000,3200000,6100856,55604d65dc286407e628e98d1a6cad78d8520977dd52a04e4cec45fdafef6ca7
candidate,3,12,100000,long,4,sorted,timing,ordinary,1,29,0.161999999999999,0.161,150f33127c7414ac096d3c1f7675b1a8dbd6526c5c3b37a8a4c3cff75762748a,bd64d393fdb9b1a213989b298782d95b689ea3d4c8ebf87487dea0d46f6d8585,,f1c9883feda04e555205dbd80629014dd80776a9752271511c857a4ed7d5b024,1c3397468f628a26ab2118271b997ec9c97fd7600b13938678a0a06761230548,0,4e+05,3200000,3200000,6101048,692e68b5fdf4dcb6298baab418c8942336624627eb22682a5166460b2e9a1ef8
candidate,3,12,100000,long,4,sorted,timing,compact,2,30,0.157999999999999,0.157999999999999,150f33127c7414ac096d3c1f7675b1a8dbd6526c5c3b37a8a4c3cff75762748a,bd64d393fdb9b1a213989b298782d95b689ea3d4c8ebf87487dea0d46f6d8585,,f1c9883feda04e555205dbd80629014dd80776a9752271511c857a4ed7d5b024,1c3397468f628a26ab2118271b997ec9c97fd7600b13938678a0a06761230548,0,4e+05,3200000,3200000,6100856,55604d65dc286407e628e98d1a6cad78d8520977dd52a04e4cec45fdafef6ca7
candidate,3,12,100000,long,4,sorted,timing,typed_double,3,28,0.153,0.153,150f33127c7414ac096d3c1f7675b1a8dbd6526c5c3b37a8a4c3cff75762748a,bd64d393fdb9b1a213989b298782d95b689ea3d4c8ebf87487dea0d46f6d8585,,f1c9883feda04e555205dbd80629014dd80776a9752271511c857a4ed7d5b024,1c3397468f628a26ab2118271b997ec9c97fd7600b13938678a0a06761230548,0,4e+05,3200000,3200000,6100856,692e68b5fdf4dcb6298baab418c8942336624627eb22682a5166460b2e9a1ef8
candidate,3,13,100000,float,1,random,timing,compact,1,18,0.156,0.154999999999999,790e7ab0dca629a978c5f15f9866d33526f92648f40cb5cd3f8b04b18c7e5e12,7489b3b15c134c0738d86198e4eeabe8cc23f781e51a240f4d47407d7a27cd49,,23cfcddb626fee694223f7cbc18d4f117ef068e8bd115496d298cece1a718496,aae1303f43753abcfee5c3e2e9e23f0052fbbda0fadfbf38a534a2f63d4a4a07,0,1e+05,8e+05,8e+05,3339544,90c7c589dbbfaf14e7a1287fa250334ce92d712e1b442dea6fecf7eb4312110d
candidate,3,13,100000,float,1,random,timing,typed_double,2,18,0.156999999999999,0.157,790e7ab0dca629a978c5f15f9866d33526f92648f40cb5cd3f8b04b18c7e5e12,7489b3b15c134c0738d86198e4eeabe8cc23f781e51a240f4d47407d7a27cd49,,23cfcddb626fee694223f7cbc18d4f117ef068e8bd115496d298cece1a718496,aae1303f43753abcfee5c3e2e9e23f0052fbbda0fadfbf38a534a2f63d4a4a07,0,1e+05,8e+05,8e+05,3339544,e56da4f502cedcfad3630714028c105bbeeb303114f29569641445b54eb769f2
candidate,3,13,100000,float,1,random,timing,ordinary,3,18,0.156999999999999,0.157,790e7ab0dca629a978c5f15f9866d33526f92648f40cb5cd3f8b04b18c7e5e12,7489b3b15c134c0738d86198e4eeabe8cc23f781e51a240f4d47407d7a27cd49,,23cfcddb626fee694223f7cbc18d4f117ef068e8bd115496d298cece1a718496,aae1303f43753abcfee5c3e2e9e23f0052fbbda0fadfbf38a534a2f63d4a4a07,0,1e+05,8e+05,8e+05,3339592,e56da4f502cedcfad3630714028c105bbeeb303114f29569641445b54eb769f2
candidate,3,14,100000,float,1,sorted,timing,typed_double,1,38,0.153999999999999,0.155000000000001,a52faec4fa0bb0f21a51be75968a4395435af5fda4231bab85297e0157e03974,7489b3b15c134c0738d86198e4eeabe8cc23f781e51a240f4d47407d7a27cd49,,87d40b2334b7e6c59df44017642222b0038c34062869308912cd786c77e53d77,f2c6661dad014d79905785000eea38ec6082e215a4aaa0aac4947c645e78e561,0,1e+05,8e+05,8e+05,3339544,e56da4f502cedcfad3630714028c105bbeeb303114f29569641445b54eb769f2
candidate,3,14,100000,float,1,sorted,timing,ordinary,2,38,0.155,0.153,a52faec4fa0bb0f21a51be75968a4395435af5fda4231bab85297e0157e03974,7489b3b15c134c0738d86198e4eeabe8cc23f781e51a240f4d47407d7a27cd49,,87d40b2334b7e6c59df44017642222b0038c34062869308912cd786c77e53d77,f2c6661dad014d79905785000eea38ec6082e215a4aaa0aac4947c645e78e561,0,1e+05,8e+05,8e+05,3339592,e56da4f502cedcfad3630714028c105bbeeb303114f29569641445b54eb769f2
candidate,3,14,100000,float,1,sorted,timing,compact,3,38,0.151999999999999,0.151999999999999,a52faec4fa0bb0f21a51be75968a4395435af5fda4231bab85297e0157e03974,7489b3b15c134c0738d86198e4eeabe8cc23f781e51a240f4d47407d7a27cd49,,87d40b2334b7e6c59df44017642222b0038c34062869308912cd786c77e53d77,f2c6661dad014d79905785000eea38ec6082e215a4aaa0aac4947c645e78e561,0,1e+05,8e+05,8e+05,3339544,90c7c589dbbfaf14e7a1287fa250334ce92d712e1b442dea6fecf7eb4312110d
candidate,3,15,100000,float,4,random,timing,ordinary,1,13,0.155999999999999,0.155999999999999,28570e6fb39ba10fbc26c9a5ba29b6d686680f95e46dd9ae04be81bda40fe2c6,bd64d393fdb9b1a213989b298782d95b689ea3d4c8ebf87487dea0d46f6d8585,,713ae766cb7266f7c774d9e74951f47c6d8fa3fb644d7de510b4b899c94f6399,d5b3f9c2a15801fe8ae51044015dcf16488edbb841928fd850be98b199f45c5c,0,4e+05,3200000,3200000,6101048,692e68b5fdf4dcb6298baab418c8942336624627eb22682a5166460b2e9a1ef8
candidate,3,15,100000,float,4,random,timing,compact,2,13,0.153000000000001,0.152000000000001,28570e6fb39ba10fbc26c9a5ba29b6d686680f95e46dd9ae04be81bda40fe2c6,bd64d393fdb9b1a213989b298782d95b689ea3d4c8ebf87487dea0d46f6d8585,,713ae766cb7266f7c774d9e74951f47c6d8fa3fb644d7de510b4b899c94f6399,d5b3f9c2a15801fe8ae51044015dcf16488edbb841928fd850be98b199f45c5c,0,4e+05,3200000,3200000,6100856,55604d65dc286407e628e98d1a6cad78d8520977dd52a04e4cec45fdafef6ca7
candidate,3,15,100000,float,4,random,timing,typed_double,3,12,0.143000000000003,0.143000000000001,28570e6fb39ba10fbc26c9a5ba29b6d686680f95e46dd9ae04be81bda40fe2c6,bd64d393fdb9b1a213989b298782d95b689ea3d4c8ebf87487dea0d46f6d8585,,713ae766cb7266f7c774d9e74951f47c6d8fa3fb644d7de510b4b899c94f6399,d5b3f9c2a15801fe8ae51044015dcf16488edbb841928fd850be98b199f45c5c,0,4e+05,3200000,3200000,6100856,692e68b5fdf4dcb6298baab418c8942336624627eb22682a5166460b2e9a1ef8
candidate,3,16,100000,float,4,sorted,timing,compact,1,28,0.153000000000001,0.152000000000001,150f33127c7414ac096d3c1f7675b1a8dbd6526c5c3b37a8a4c3cff75762748a,bd64d393fdb9b1a213989b298782d95b689ea3d4c8ebf87487dea0d46f6d8585,,01653bef0c2c3143e8632da935baee80ac5550fc2dcd732b63e9b1ebf060b3cd,1c3397468f628a26ab2118271b997ec9c97fd7600b13938678a0a06761230548,0,4e+05,3200000,3200000,6100856,55604d65dc286407e628e98d1a6cad78d8520977dd52a04e4cec45fdafef6ca7
candidate,3,16,100000,float,4,sorted,timing,typed_double,2,29,0.160999999999999,0.161000000000001,150f33127c7414ac096d3c1f7675b1a8dbd6526c5c3b37a8a4c3cff75762748a,bd64d393fdb9b1a213989b298782d95b689ea3d4c8ebf87487dea0d46f6d8585,,01653bef0c2c3143e8632da935baee80ac5550fc2dcd732b63e9b1ebf060b3cd,1c3397468f628a26ab2118271b997ec9c97fd7600b13938678a0a06761230548,0,4e+05,3200000,3200000,6100856,692e68b5fdf4dcb6298baab418c8942336624627eb22682a5166460b2e9a1ef8
candidate,3,16,100000,float,4,sorted,timing,ordinary,3,29,0.16,0.161999999999999,150f33127c7414ac096d3c1f7675b1a8dbd6526c5c3b37a8a4c3cff75762748a,bd64d393fdb9b1a213989b298782d95b689ea3d4c8ebf87487dea0d46f6d8585,,01653bef0c2c3143e8632da935baee80ac5550fc2dcd732b63e9b1ebf060b3cd,1c3397468f628a26ab2118271b997ec9c97fd7600b13938678a0a06761230548,0,4e+05,3200000,3200000,6101048,692e68b5fdf4dcb6298baab418c8942336624627eb22682a5166460b2e9a1ef8
candidate,3,17,1000000,int,1,random,timing,typed_double,1,2,0.235000000000001,0.233999999999998,3b8ff5aa6cf40469034133724b402ecd24b2b1695cb55ebde239e358ad779336,7489b3b15c134c0738d86198e4eeabe8cc23f781e51a240f4d47407d7a27cd49,,a10821ac1bb8d4a975da3ac98d55a939b046be2a393f527e4f9581ff0161270f,5ab0d517366eb1493dbfdacb26247bd872e9e39625942c7d818c46e25bb5e281,0,1e+06,8e+06,8e+06,32139544,e56da4f502cedcfad3630714028c105bbeeb303114f29569641445b54eb769f2
candidate,3,17,1000000,int,1,random,timing,ordinary,2,2,0.221999999999999,0.221,3b8ff5aa6cf40469034133724b402ecd24b2b1695cb55ebde239e358ad779336,7489b3b15c134c0738d86198e4eeabe8cc23f781e51a240f4d47407d7a27cd49,,a10821ac1bb8d4a975da3ac98d55a939b046be2a393f527e4f9581ff0161270f,5ab0d517366eb1493dbfdacb26247bd872e9e39625942c7d818c46e25bb5e281,0,1e+06,8e+06,8e+06,32139592,e56da4f502cedcfad3630714028c105bbeeb303114f29569641445b54eb769f2
candidate,3,17,1000000,int,1,random,timing,compact,3,2,0.211000000000001,0.210999999999999,3b8ff5aa6cf40469034133724b402ecd24b2b1695cb55ebde239e358ad779336,7489b3b15c134c0738d86198e4eeabe8cc23f781e51a240f4d47407d7a27cd49,,a10821ac1bb8d4a975da3ac98d55a939b046be2a393f527e4f9581ff0161270f,5ab0d517366eb1493dbfdacb26247bd872e9e39625942c7d818c46e25bb5e281,0,1e+06,8e+06,8e+06,32139544,90c7c589dbbfaf14e7a1287fa250334ce92d712e1b442dea6fecf7eb4312110d
candidate,3,18,1000000,int,1,sorted,timing,ordinary,1,5,0.19,0.189999999999998,e13f5ee30f7975e3cdb08c823d2c61296d743f488a00c32d01d8f8488bc258af,7489b3b15c134c0738d86198e4eeabe8cc23f781e51a240f4d47407d7a27cd49,,703f54515e6cc4b606392000716912c1ec33b0bf154fd665c4388b6dd3f0d990,e055e9ea9a832ab67a68b7cb17d8dbc373088e63e6f39fe36037564048488bc9,0,1e+06,8e+06,8e+06,32139592,e56da4f502cedcfad3630714028c105bbeeb303114f29569641445b54eb769f2
candidate,3,18,1000000,int,1,sorted,timing,compact,2,4,0.154999999999997,0.155999999999999,e13f5ee30f7975e3cdb08c823d2c61296d743f488a00c32d01d8f8488bc258af,7489b3b15c134c0738d86198e4eeabe8cc23f781e51a240f4d47407d7a27cd49,,703f54515e6cc4b606392000716912c1ec33b0bf154fd665c4388b6dd3f0d990,e055e9ea9a832ab67a68b7cb17d8dbc373088e63e6f39fe36037564048488bc9,0,1e+06,8e+06,8e+06,32139544,90c7c589dbbfaf14e7a1287fa250334ce92d712e1b442dea6fecf7eb4312110d
candidate,3,18,1000000,int,1,sorted,timing,typed_double,3,5,0.191000000000001,0.190999999999999,e13f5ee30f7975e3cdb08c823d2c61296d743f488a00c32d01d8f8488bc258af,7489b3b15c134c0738d86198e4eeabe8cc23f781e51a240f4d47407d7a27cd49,,703f54515e6cc4b606392000716912c1ec33b0bf154fd665c4388b6dd3f0d990,e055e9ea9a832ab67a68b7cb17d8dbc373088e63e6f39fe36037564048488bc9,0,1e+06,8e+06,8e+06,32139544,e56da4f502cedcfad3630714028c105bbeeb303114f29569641445b54eb769f2
candidate,3,19,1000000,float,1,random,timing,compact,1,2,0.211,0.212,3b8ff5aa6cf40469034133724b402ecd24b2b1695cb55ebde239e358ad779336,7489b3b15c134c0738d86198e4eeabe8cc23f781e51a240f4d47407d7a27cd49,,a3ad3ea2732684145470cc2d6d75e690fb2cfb67d3cb80b6dc55066135eb7073,5ab0d517366eb1493dbfdacb26247bd872e9e39625942c7d818c46e25bb5e281,0,1e+06,8e+06,8e+06,32139544,90c7c589dbbfaf14e7a1287fa250334ce92d712e1b442dea6fecf7eb4312110d
candidate,3,19,1000000,float,1,random,timing,typed_double,2,2,0.211000000000001,0.211000000000002,3b8ff5aa6cf40469034133724b402ecd24b2b1695cb55ebde239e358ad779336,7489b3b15c134c0738d86198e4eeabe8cc23f781e51a240f4d47407d7a27cd49,,a3ad3ea2732684145470cc2d6d75e690fb2cfb67d3cb80b6dc55066135eb7073,5ab0d517366eb1493dbfdacb26247bd872e9e39625942c7d818c46e25bb5e281,0,1e+06,8e+06,8e+06,32139544,e56da4f502cedcfad3630714028c105bbeeb303114f29569641445b54eb769f2
candidate,3,19,1000000,float,1,random,timing,ordinary,3,2,0.216000000000003,0.216000000000001,3b8ff5aa6cf40469034133724b402ecd24b2b1695cb55ebde239e358ad779336,7489b3b15c134c0738d86198e4eeabe8cc23f781e51a240f4d47407d7a27cd49,,a3ad3ea2732684145470cc2d6d75e690fb2cfb67d3cb80b6dc55066135eb7073,5ab0d517366eb1493dbfdacb26247bd872e9e39625942c7d818c46e25bb5e281,0,1e+06,8e+06,8e+06,32139592,e56da4f502cedcfad3630714028c105bbeeb303114f29569641445b54eb769f2
candidate,3,20,1000000,float,1,sorted,timing,typed_double,1,5,0.189999999999999,0.190000000000001,e13f5ee30f7975e3cdb08c823d2c61296d743f488a00c32d01d8f8488bc258af,7489b3b15c134c0738d86198e4eeabe8cc23f781e51a240f4d47407d7a27cd49,,1552b8035120a491922e642ee5661602cf17773c6e28ea936f7e2b2981848aa5,e055e9ea9a832ab67a68b7cb17d8dbc373088e63e6f39fe36037564048488bc9,0,1e+06,8e+06,8e+06,32139544,e56da4f502cedcfad3630714028c105bbeeb303114f29569641445b54eb769f2
candidate,3,20,1000000,float,1,sorted,timing,ordinary,2,4,0.154000000000001,0.155000000000001,e13f5ee30f7975e3cdb08c823d2c61296d743f488a00c32d01d8f8488bc258af,7489b3b15c134c0738d86198e4eeabe8cc23f781e51a240f4d47407d7a27cd49,,1552b8035120a491922e642ee5661602cf17773c6e28ea936f7e2b2981848aa5,e055e9ea9a832ab67a68b7cb17d8dbc373088e63e6f39fe36037564048488bc9,0,1e+06,8e+06,8e+06,32139592,e56da4f502cedcfad3630714028c105bbeeb303114f29569641445b54eb769f2
candidate,3,20,1000000,float,1,sorted,timing,compact,3,4,0.150000000000001,0.151,e13f5ee30f7975e3cdb08c823d2c61296d743f488a00c32d01d8f8488bc258af,7489b3b15c134c0738d86198e4eeabe8cc23f781e51a240f4d47407d7a27cd49,,1552b8035120a491922e642ee5661602cf17773c6e28ea936f7e2b2981848aa5,e055e9ea9a832ab67a68b7cb17d8dbc373088e63e6f39fe36037564048488bc9,0,1e+06,8e+06,8e+06,32139544,90c7c589dbbfaf14e7a1287fa250334ce92d712e1b442dea6fecf7eb4312110d
candidate,4,1,100000,byte,1,random,timing,compact,1,21,0.161,0.161,611de18bdbc2635e1ae6c62e8cd601542cf8546cee7fe011fb989fb9b6d2c5e1,7489b3b15c134c0738d86198e4eeabe8cc23f781e51a240f4d47407d7a27cd49,,79ca59251cbf840b798536c6992ceae96b4d9a89e68b7f0ba6fd40ae59ea7d39,5ff104c4f202fc073ae8f7d3b98ec913f051efaf773d4a26b2e909b7826d85eb,0,1e+05,8e+05,8e+05,3317552,90c7c589dbbfaf14e7a1287fa250334ce92d712e1b442dea6fecf7eb4312110d
candidate,4,1,100000,byte,1,random,timing,ordinary,2,21,0.157,0.157,611de18bdbc2635e1ae6c62e8cd601542cf8546cee7fe011fb989fb9b6d2c5e1,7489b3b15c134c0738d86198e4eeabe8cc23f781e51a240f4d47407d7a27cd49,,79ca59251cbf840b798536c6992ceae96b4d9a89e68b7f0ba6fd40ae59ea7d39,5ff104c4f202fc073ae8f7d3b98ec913f051efaf773d4a26b2e909b7826d85eb,0,1e+05,8e+05,8e+05,3299888,e56da4f502cedcfad3630714028c105bbeeb303114f29569641445b54eb769f2
candidate,4,1,100000,byte,1,random,timing,typed_double,3,20,0.151,0.151,611de18bdbc2635e1ae6c62e8cd601542cf8546cee7fe011fb989fb9b6d2c5e1,7489b3b15c134c0738d86198e4eeabe8cc23f781e51a240f4d47407d7a27cd49,,79ca59251cbf840b798536c6992ceae96b4d9a89e68b7f0ba6fd40ae59ea7d39,5ff104c4f202fc073ae8f7d3b98ec913f051efaf773d4a26b2e909b7826d85eb,0,1e+05,8e+05,8e+05,3299840,e56da4f502cedcfad3630714028c105bbeeb303114f29569641445b54eb769f2
candidate,4,2,100000,byte,1,sorted,timing,typed_double,1,46,0.156,0.155,b2ba4976e8fb73986642cd794254f383cea39d1f3a3ebf7d622ef5febc19b98c,7489b3b15c134c0738d86198e4eeabe8cc23f781e51a240f4d47407d7a27cd49,,983ceeeb21d19fc6681a93a21cd0a4aa3ec44b911c559338cc65523bda301240,bff0ccac5a55e2545a4398866f41489021804172b1914a6f436786ca490125f0,0,1e+05,8e+05,8e+05,3299840,e56da4f502cedcfad3630714028c105bbeeb303114f29569641445b54eb769f2
candidate,4,2,100000,byte,1,sorted,timing,compact,2,46,0.153,0.153,b2ba4976e8fb73986642cd794254f383cea39d1f3a3ebf7d622ef5febc19b98c,7489b3b15c134c0738d86198e4eeabe8cc23f781e51a240f4d47407d7a27cd49,,983ceeeb21d19fc6681a93a21cd0a4aa3ec44b911c559338cc65523bda301240,bff0ccac5a55e2545a4398866f41489021804172b1914a6f436786ca490125f0,0,1e+05,8e+05,8e+05,3299840,90c7c589dbbfaf14e7a1287fa250334ce92d712e1b442dea6fecf7eb4312110d
candidate,4,2,100000,byte,1,sorted,timing,ordinary,3,45,0.151,0.151,b2ba4976e8fb73986642cd794254f383cea39d1f3a3ebf7d622ef5febc19b98c,7489b3b15c134c0738d86198e4eeabe8cc23f781e51a240f4d47407d7a27cd49,,983ceeeb21d19fc6681a93a21cd0a4aa3ec44b911c559338cc65523bda301240,bff0ccac5a55e2545a4398866f41489021804172b1914a6f436786ca490125f0,0,1e+05,8e+05,8e+05,3299888,e56da4f502cedcfad3630714028c105bbeeb303114f29569641445b54eb769f2
candidate,4,3,100000,byte,4,random,timing,ordinary,1,11,0.158,0.159,ffda5aaffec7ffbb58b5a3cd5ec3d81122b355f7db4ed2c104818038769dea8f,bd64d393fdb9b1a213989b298782d95b689ea3d4c8ebf87487dea0d46f6d8585,,71c6e51bf68dea3480d87bd4e483380e78c80874476c99a65ed1c24fc0dc2701,45685d585afcf2d259b31a2d8922723a51bd51b53581d528f52ff6ff472de32d,0,4e+05,3200000,3200000,6100360,692e68b5fdf4dcb6298baab418c8942336624627eb22682a5166460b2e9a1ef8
candidate,4,3,100000,byte,4,random,timing,typed_double,2,11,0.163,0.162,ffda5aaffec7ffbb58b5a3cd5ec3d81122b355f7db4ed2c104818038769dea8f,bd64d393fdb9b1a213989b298782d95b689ea3d4c8ebf87487dea0d46f6d8585,,71c6e51bf68dea3480d87bd4e483380e78c80874476c99a65ed1c24fc0dc2701,45685d585afcf2d259b31a2d8922723a51bd51b53581d528f52ff6ff472de32d,0,4e+05,3200000,3200000,6100168,692e68b5fdf4dcb6298baab418c8942336624627eb22682a5166460b2e9a1ef8
candidate,4,3,100000,byte,4,random,timing,compact,3,11,0.161,0.161,ffda5aaffec7ffbb58b5a3cd5ec3d81122b355f7db4ed2c104818038769dea8f,bd64d393fdb9b1a213989b298782d95b689ea3d4c8ebf87487dea0d46f6d8585,,71c6e51bf68dea3480d87bd4e483380e78c80874476c99a65ed1c24fc0dc2701,45685d585afcf2d259b31a2d8922723a51bd51b53581d528f52ff6ff472de32d,0,4e+05,3200000,3200000,6100168,55604d65dc286407e628e98d1a6cad78d8520977dd52a04e4cec45fdafef6ca7
candidate,4,4,100000,byte,4,sorted,timing,compact,1,26,0.157,0.156000000000001,c00804f2cdb8c5f3a3c84574d69ea5dbf006bd822d8f2186a3fa0aad17ad7422,bd64d393fdb9b1a213989b298782d95b689ea3d4c8ebf87487dea0d46f6d8585,,d459b3940c19caa3ce7a1f1d47e880f4ebdd851e030266bb0bc970c817adcce3,3511331d6bfaa4332efe7710355801dbbedb47920ed3242a042adb0e0c16a347,0,4e+05,3200000,3200000,6100168,55604d65dc286407e628e98d1a6cad78d8520977dd52a04e4cec45fdafef6ca7
candidate,4,4,100000,byte,4,sorted,timing,ordinary,2,25,0.153999999999999,0.154,c00804f2cdb8c5f3a3c84574d69ea5dbf006bd822d8f2186a3fa0aad17ad7422,bd64d393fdb9b1a213989b298782d95b689ea3d4c8ebf87487dea0d46f6d8585,,d459b3940c19caa3ce7a1f1d47e880f4ebdd851e030266bb0bc970c817adcce3,3511331d6bfaa4332efe7710355801dbbedb47920ed3242a042adb0e0c16a347,0,4e+05,3200000,3200000,6100360,692e68b5fdf4dcb6298baab418c8942336624627eb22682a5166460b2e9a1ef8
candidate,4,4,100000,byte,4,sorted,timing,typed_double,3,25,0.158,0.157,c00804f2cdb8c5f3a3c84574d69ea5dbf006bd822d8f2186a3fa0aad17ad7422,bd64d393fdb9b1a213989b298782d95b689ea3d4c8ebf87487dea0d46f6d8585,,d459b3940c19caa3ce7a1f1d47e880f4ebdd851e030266bb0bc970c817adcce3,3511331d6bfaa4332efe7710355801dbbedb47920ed3242a042adb0e0c16a347,0,4e+05,3200000,3200000,6100168,692e68b5fdf4dcb6298baab418c8942336624627eb22682a5166460b2e9a1ef8
candidate,4,5,100000,int,1,random,timing,typed_double,1,18,0.156,0.155,790e7ab0dca629a978c5f15f9866d33526f92648f40cb5cd3f8b04b18c7e5e12,7489b3b15c134c0738d86198e4eeabe8cc23f781e51a240f4d47407d7a27cd49,,2997003b2099d6d7c994178abe216c694cecda0419dea94ee17773c839d592f0,aae1303f43753abcfee5c3e2e9e23f0052fbbda0fadfbf38a534a2f63d4a4a07,0,1e+05,8e+05,8e+05,3339544,e56da4f502cedcfad3630714028c105bbeeb303114f29569641445b54eb769f2
candidate,4,5,100000,int,1,random,timing,compact,2,18,0.152,0.154,790e7ab0dca629a978c5f15f9866d33526f92648f40cb5cd3f8b04b18c7e5e12,7489b3b15c134c0738d86198e4eeabe8cc23f781e51a240f4d47407d7a27cd49,,2997003b2099d6d7c994178abe216c694cecda0419dea94ee17773c839d592f0,aae1303f43753abcfee5c3e2e9e23f0052fbbda0fadfbf38a534a2f63d4a4a07,0,1e+05,8e+05,8e+05,3339544,90c7c589dbbfaf14e7a1287fa250334ce92d712e1b442dea6fecf7eb4312110d
candidate,4,5,100000,int,1,random,timing,ordinary,3,18,0.158,0.158,790e7ab0dca629a978c5f15f9866d33526f92648f40cb5cd3f8b04b18c7e5e12,7489b3b15c134c0738d86198e4eeabe8cc23f781e51a240f4d47407d7a27cd49,,2997003b2099d6d7c994178abe216c694cecda0419dea94ee17773c839d592f0,aae1303f43753abcfee5c3e2e9e23f0052fbbda0fadfbf38a534a2f63d4a4a07,0,1e+05,8e+05,8e+05,3339592,e56da4f502cedcfad3630714028c105bbeeb303114f29569641445b54eb769f2
candidate,4,6,100000,int,1,sorted,timing,ordinary,1,38,0.153,0.153,a52faec4fa0bb0f21a51be75968a4395435af5fda4231bab85297e0157e03974,7489b3b15c134c0738d86198e4eeabe8cc23f781e51a240f4d47407d7a27cd49,,db1959a5bac429757ccfde32823cf5986fa24e726b60f0a2bd496a5ea6c9191e,f2c6661dad014d79905785000eea38ec6082e215a4aaa0aac4947c645e78e561,0,1e+05,8e+05,8e+05,3339592,e56da4f502cedcfad3630714028c105bbeeb303114f29569641445b54eb769f2
candidate,4,6,100000,int,1,sorted,timing,typed_double,2,38,0.154,0.153,a52faec4fa0bb0f21a51be75968a4395435af5fda4231bab85297e0157e03974,7489b3b15c134c0738d86198e4eeabe8cc23f781e51a240f4d47407d7a27cd49,,db1959a5bac429757ccfde32823cf5986fa24e726b60f0a2bd496a5ea6c9191e,f2c6661dad014d79905785000eea38ec6082e215a4aaa0aac4947c645e78e561,0,1e+05,8e+05,8e+05,3339544,e56da4f502cedcfad3630714028c105bbeeb303114f29569641445b54eb769f2
candidate,4,6,100000,int,1,sorted,timing,compact,3,40,0.154999999999999,0.156,a52faec4fa0bb0f21a51be75968a4395435af5fda4231bab85297e0157e03974,7489b3b15c134c0738d86198e4eeabe8cc23f781e51a240f4d47407d7a27cd49,,db1959a5bac429757ccfde32823cf5986fa24e726b60f0a2bd496a5ea6c9191e,f2c6661dad014d79905785000eea38ec6082e215a4aaa0aac4947c645e78e561,0,1e+05,8e+05,8e+05,3339544,90c7c589dbbfaf14e7a1287fa250334ce92d712e1b442dea6fecf7eb4312110d
candidate,4,7,100000,int,4,random,timing,compact,1,14,0.166,0.166,28570e6fb39ba10fbc26c9a5ba29b6d686680f95e46dd9ae04be81bda40fe2c6,bd64d393fdb9b1a213989b298782d95b689ea3d4c8ebf87487dea0d46f6d8585,,aff7ed7d2ab6d1b77b5e1290b89c4fbe3871041d0d819c20a2b431ed5ad102a8,d5b3f9c2a15801fe8ae51044015dcf16488edbb841928fd850be98b199f45c5c,0,4e+05,3200000,3200000,6100856,55604d65dc286407e628e98d1a6cad78d8520977dd52a04e4cec45fdafef6ca7
candidate,4,7,100000,int,4,random,timing,ordinary,2,13,0.154,0.154,28570e6fb39ba10fbc26c9a5ba29b6d686680f95e46dd9ae04be81bda40fe2c6,bd64d393fdb9b1a213989b298782d95b689ea3d4c8ebf87487dea0d46f6d8585,,aff7ed7d2ab6d1b77b5e1290b89c4fbe3871041d0d819c20a2b431ed5ad102a8,d5b3f9c2a15801fe8ae51044015dcf16488edbb841928fd850be98b199f45c5c,0,4e+05,3200000,3200000,6101048,692e68b5fdf4dcb6298baab418c8942336624627eb22682a5166460b2e9a1ef8
candidate,4,7,100000,int,4,random,timing,typed_double,3,13,0.158,0.157999999999999,28570e6fb39ba10fbc26c9a5ba29b6d686680f95e46dd9ae04be81bda40fe2c6,bd64d393fdb9b1a213989b298782d95b689ea3d4c8ebf87487dea0d46f6d8585,,aff7ed7d2ab6d1b77b5e1290b89c4fbe3871041d0d819c20a2b431ed5ad102a8,d5b3f9c2a15801fe8ae51044015dcf16488edbb841928fd850be98b199f45c5c,0,4e+05,3200000,3200000,6100856,692e68b5fdf4dcb6298baab418c8942336624627eb22682a5166460b2e9a1ef8
candidate,4,8,100000,int,4,sorted,timing,typed_double,1,27,0.162,0.162000000000001,150f33127c7414ac096d3c1f7675b1a8dbd6526c5c3b37a8a4c3cff75762748a,bd64d393fdb9b1a213989b298782d95b689ea3d4c8ebf87487dea0d46f6d8585,,aff3f2dfe98a92d596412f850cce402a277c4ca64dfa5da5b4ca182cde71dfbb,1c3397468f628a26ab2118271b997ec9c97fd7600b13938678a0a06761230548,0,4e+05,3200000,3200000,6100856,692e68b5fdf4dcb6298baab418c8942336624627eb22682a5166460b2e9a1ef8
candidate,4,8,100000,int,4,sorted,timing,compact,2,29,0.155000000000001,0.155999999999999,150f33127c7414ac096d3c1f7675b1a8dbd6526c5c3b37a8a4c3cff75762748a,bd64d393fdb9b1a213989b298782d95b689ea3d4c8ebf87487dea0d46f6d8585,,aff3f2dfe98a92d596412f850cce402a277c4ca64dfa5da5b4ca182cde71dfbb,1c3397468f628a26ab2118271b997ec9c97fd7600b13938678a0a06761230548,0,4e+05,3200000,3200000,6100856,55604d65dc286407e628e98d1a6cad78d8520977dd52a04e4cec45fdafef6ca7
candidate,4,8,100000,int,4,sorted,timing,ordinary,3,28,0.153000000000001,0.153,150f33127c7414ac096d3c1f7675b1a8dbd6526c5c3b37a8a4c3cff75762748a,bd64d393fdb9b1a213989b298782d95b689ea3d4c8ebf87487dea0d46f6d8585,,aff3f2dfe98a92d596412f850cce402a277c4ca64dfa5da5b4ca182cde71dfbb,1c3397468f628a26ab2118271b997ec9c97fd7600b13938678a0a06761230548,0,4e+05,3200000,3200000,6101048,692e68b5fdf4dcb6298baab418c8942336624627eb22682a5166460b2e9a1ef8
candidate,4,9,100000,long,1,random,timing,ordinary,1,18,0.162,0.162000000000001,790e7ab0dca629a978c5f15f9866d33526f92648f40cb5cd3f8b04b18c7e5e12,7489b3b15c134c0738d86198e4eeabe8cc23f781e51a240f4d47407d7a27cd49,,751bda1c3cc5aa6b0a51955579ca627ba8545238811eb3539c65292338bb2c6e,aae1303f43753abcfee5c3e2e9e23f0052fbbda0fadfbf38a534a2f63d4a4a07,0,1e+05,8e+05,8e+05,3339592,e56da4f502cedcfad3630714028c105bbeeb303114f29569641445b54eb769f2
candidate,4,9,100000,long,1,random,timing,typed_double,2,18,0.153999999999999,0.154999999999999,790e7ab0dca629a978c5f15f9866d33526f92648f40cb5cd3f8b04b18c7e5e12,7489b3b15c134c0738d86198e4eeabe8cc23f781e51a240f4d47407d7a27cd49,,751bda1c3cc5aa6b0a51955579ca627ba8545238811eb3539c65292338bb2c6e,aae1303f43753abcfee5c3e2e9e23f0052fbbda0fadfbf38a534a2f63d4a4a07,0,1e+05,8e+05,8e+05,3339544,e56da4f502cedcfad3630714028c105bbeeb303114f29569641445b54eb769f2
candidate,4,9,100000,long,1,random,timing,compact,3,18,0.162999999999999,0.162000000000001,790e7ab0dca629a978c5f15f9866d33526f92648f40cb5cd3f8b04b18c7e5e12,7489b3b15c134c0738d86198e4eeabe8cc23f781e51a240f4d47407d7a27cd49,,751bda1c3cc5aa6b0a51955579ca627ba8545238811eb3539c65292338bb2c6e,aae1303f43753abcfee5c3e2e9e23f0052fbbda0fadfbf38a534a2f63d4a4a07,0,1e+05,8e+05,8e+05,3339544,90c7c589dbbfaf14e7a1287fa250334ce92d712e1b442dea6fecf7eb4312110d
candidate,4,10,100000,long,1,sorted,timing,compact,1,40,0.162,0.161000000000001,a52faec4fa0bb0f21a51be75968a4395435af5fda4231bab85297e0157e03974,7489b3b15c134c0738d86198e4eeabe8cc23f781e51a240f4d47407d7a27cd49,,1ea934f3f083d0cbb593ee245b2722e6fb3e91ab062e1ed17f8f9c8d5d24c3c1,f2c6661dad014d79905785000eea38ec6082e215a4aaa0aac4947c645e78e561,0,1e+05,8e+05,8e+05,3339544,90c7c589dbbfaf14e7a1287fa250334ce92d712e1b442dea6fecf7eb4312110d
candidate,4,10,100000,long,1,sorted,timing,ordinary,2,39,0.153999999999999,0.154,a52faec4fa0bb0f21a51be75968a4395435af5fda4231bab85297e0157e03974,7489b3b15c134c0738d86198e4eeabe8cc23f781e51a240f4d47407d7a27cd49,,1ea934f3f083d0cbb593ee245b2722e6fb3e91ab062e1ed17f8f9c8d5d24c3c1,f2c6661dad014d79905785000eea38ec6082e215a4aaa0aac4947c645e78e561,0,1e+05,8e+05,8e+05,3339592,e56da4f502cedcfad3630714028c105bbeeb303114f29569641445b54eb769f2
candidate,4,10,100000,long,1,sorted,timing,typed_double,3,38,0.151999999999999,0.153,a52faec4fa0bb0f21a51be75968a4395435af5fda4231bab85297e0157e03974,7489b3b15c134c0738d86198e4eeabe8cc23f781e51a240f4d47407d7a27cd49,,1ea934f3f083d0cbb593ee245b2722e6fb3e91ab062e1ed17f8f9c8d5d24c3c1,f2c6661dad014d79905785000eea38ec6082e215a4aaa0aac4947c645e78e561,0,1e+05,8e+05,8e+05,3339544,e56da4f502cedcfad3630714028c105bbeeb303114f29569641445b54eb769f2
candidate,4,11,100000,long,4,random,timing,typed_double,1,14,0.165000000000001,0.164999999999999,28570e6fb39ba10fbc26c9a5ba29b6d686680f95e46dd9ae04be81bda40fe2c6,bd64d393fdb9b1a213989b298782d95b689ea3d4c8ebf87487dea0d46f6d8585,,6a561c8e859a4ca1eb5e1c65a05e4cda84f46397e6502ec8bf24a48cc9330769,d5b3f9c2a15801fe8ae51044015dcf16488edbb841928fd850be98b199f45c5c,0,4e+05,3200000,3200000,6100856,692e68b5fdf4dcb6298baab418c8942336624627eb22682a5166460b2e9a1ef8
candidate,4,11,100000,long,4,random,timing,compact,2,13,0.151000000000001,0.151000000000002,28570e6fb39ba10fbc26c9a5ba29b6d686680f95e46dd9ae04be81bda40fe2c6,bd64d393fdb9b1a213989b298782d95b689ea3d4c8ebf87487dea0d46f6d8585,,6a561c8e859a4ca1eb5e1c65a05e4cda84f46397e6502ec8bf24a48cc9330769,d5b3f9c2a15801fe8ae51044015dcf16488edbb841928fd850be98b199f45c5c,0,4e+05,3200000,3200000,6100856,55604d65dc286407e628e98d1a6cad78d8520977dd52a04e4cec45fdafef6ca7
candidate,4,11,100000,long,4,random,timing,ordinary,3,13,0.152000000000002,0.151999999999999,28570e6fb39ba10fbc26c9a5ba29b6d686680f95e46dd9ae04be81bda40fe2c6,bd64d393fdb9b1a213989b298782d95b689ea3d4c8ebf87487dea0d46f6d8585,,6a561c8e859a4ca1eb5e1c65a05e4cda84f46397e6502ec8bf24a48cc9330769,d5b3f9c2a15801fe8ae51044015dcf16488edbb841928fd850be98b199f45c5c,0,4e+05,3200000,3200000,6101048,692e68b5fdf4dcb6298baab418c8942336624627eb22682a5166460b2e9a1ef8
candidate,4,12,100000,long,4,sorted,timing,ordinary,1,28,0.155,0.154,150f33127c7414ac096d3c1f7675b1a8dbd6526c5c3b37a8a4c3cff75762748a,bd64d393fdb9b1a213989b298782d95b689ea3d4c8ebf87487dea0d46f6d8585,,f1c9883feda04e555205dbd80629014dd80776a9752271511c857a4ed7d5b024,1c3397468f628a26ab2118271b997ec9c97fd7600b13938678a0a06761230548,0,4e+05,3200000,3200000,6101048,692e68b5fdf4dcb6298baab418c8942336624627eb22682a5166460b2e9a1ef8
candidate,4,12,100000,long,4,sorted,timing,typed_double,2,28,0.155000000000001,0.154,150f33127c7414ac096d3c1f7675b1a8dbd6526c5c3b37a8a4c3cff75762748a,bd64d393fdb9b1a213989b298782d95b689ea3d4c8ebf87487dea0d46f6d8585,,f1c9883feda04e555205dbd80629014dd80776a9752271511c857a4ed7d5b024,1c3397468f628a26ab2118271b997ec9c97fd7600b13938678a0a06761230548,0,4e+05,3200000,3200000,6100856,692e68b5fdf4dcb6298baab418c8942336624627eb22682a5166460b2e9a1ef8
candidate,4,12,100000,long,4,sorted,timing,compact,3,28,0.153,0.153,150f33127c7414ac096d3c1f7675b1a8dbd6526c5c3b37a8a4c3cff75762748a,bd64d393fdb9b1a213989b298782d95b689ea3d4c8ebf87487dea0d46f6d8585,,f1c9883feda04e555205dbd80629014dd80776a9752271511c857a4ed7d5b024,1c3397468f628a26ab2118271b997ec9c97fd7600b13938678a0a06761230548,0,4e+05,3200000,3200000,6100856,55604d65dc286407e628e98d1a6cad78d8520977dd52a04e4cec45fdafef6ca7
candidate,4,13,100000,float,1,random,timing,compact,1,18,0.156,0.156000000000001,790e7ab0dca629a978c5f15f9866d33526f92648f40cb5cd3f8b04b18c7e5e12,7489b3b15c134c0738d86198e4eeabe8cc23f781e51a240f4d47407d7a27cd49,,23cfcddb626fee694223f7cbc18d4f117ef068e8bd115496d298cece1a718496,aae1303f43753abcfee5c3e2e9e23f0052fbbda0fadfbf38a534a2f63d4a4a07,0,1e+05,8e+05,8e+05,3339544,90c7c589dbbfaf14e7a1287fa250334ce92d712e1b442dea6fecf7eb4312110d
candidate,4,13,100000,float,1,random,timing,ordinary,2,18,0.159000000000001,0.159000000000001,790e7ab0dca629a978c5f15f9866d33526f92648f40cb5cd3f8b04b18c7e5e12,7489b3b15c134c0738d86198e4eeabe8cc23f781e51a240f4d47407d7a27cd49,,23cfcddb626fee694223f7cbc18d4f117ef068e8bd115496d298cece1a718496,aae1303f43753abcfee5c3e2e9e23f0052fbbda0fadfbf38a534a2f63d4a4a07,0,1e+05,8e+05,8e+05,3339592,e56da4f502cedcfad3630714028c105bbeeb303114f29569641445b54eb769f2
candidate,4,13,100000,float,1,random,timing,typed_double,3,18,0.157000000000001,0.157,790e7ab0dca629a978c5f15f9866d33526f92648f40cb5cd3f8b04b18c7e5e12,7489b3b15c134c0738d86198e4eeabe8cc23f781e51a240f4d47407d7a27cd49,,23cfcddb626fee694223f7cbc18d4f117ef068e8bd115496d298cece1a718496,aae1303f43753abcfee5c3e2e9e23f0052fbbda0fadfbf38a534a2f63d4a4a07,0,1e+05,8e+05,8e+05,3339544,e56da4f502cedcfad3630714028c105bbeeb303114f29569641445b54eb769f2
candidate,4,14,100000,float,1,sorted,timing,typed_double,1,39,0.157,0.156000000000001,a52faec4fa0bb0f21a51be75968a4395435af5fda4231bab85297e0157e03974,7489b3b15c134c0738d86198e4eeabe8cc23f781e51a240f4d47407d7a27cd49,,87d40b2334b7e6c59df44017642222b0038c34062869308912cd786c77e53d77,f2c6661dad014d79905785000eea38ec6082e215a4aaa0aac4947c645e78e561,0,1e+05,8e+05,8e+05,3339544,e56da4f502cedcfad3630714028c105bbeeb303114f29569641445b54eb769f2
candidate,4,14,100000,float,1,sorted,timing,compact,2,38,0.158000000000001,0.157,a52faec4fa0bb0f21a51be75968a4395435af5fda4231bab85297e0157e03974,7489b3b15c134c0738d86198e4eeabe8cc23f781e51a240f4d47407d7a27cd49,,87d40b2334b7e6c59df44017642222b0038c34062869308912cd786c77e53d77,f2c6661dad014d79905785000eea38ec6082e215a4aaa0aac4947c645e78e561,0,1e+05,8e+05,8e+05,3339544,90c7c589dbbfaf14e7a1287fa250334ce92d712e1b442dea6fecf7eb4312110d
candidate,4,14,100000,float,1,sorted,timing,ordinary,3,36,0.156000000000001,0.155999999999999,a52faec4fa0bb0f21a51be75968a4395435af5fda4231bab85297e0157e03974,7489b3b15c134c0738d86198e4eeabe8cc23f781e51a240f4d47407d7a27cd49,,87d40b2334b7e6c59df44017642222b0038c34062869308912cd786c77e53d77,f2c6661dad014d79905785000eea38ec6082e215a4aaa0aac4947c645e78e561,0,1e+05,8e+05,8e+05,3339592,e56da4f502cedcfad3630714028c105bbeeb303114f29569641445b54eb769f2
candidate,4,15,100000,float,4,random,timing,ordinary,1,12,0.157,0.155999999999999,28570e6fb39ba10fbc26c9a5ba29b6d686680f95e46dd9ae04be81bda40fe2c6,bd64d393fdb9b1a213989b298782d95b689ea3d4c8ebf87487dea0d46f6d8585,,713ae766cb7266f7c774d9e74951f47c6d8fa3fb644d7de510b4b899c94f6399,d5b3f9c2a15801fe8ae51044015dcf16488edbb841928fd850be98b199f45c5c,0,4e+05,3200000,3200000,6101048,692e68b5fdf4dcb6298baab418c8942336624627eb22682a5166460b2e9a1ef8
candidate,4,15,100000,float,4,random,timing,typed_double,2,12,0.152000000000001,0.152999999999999,28570e6fb39ba10fbc26c9a5ba29b6d686680f95e46dd9ae04be81bda40fe2c6,bd64d393fdb9b1a213989b298782d95b689ea3d4c8ebf87487dea0d46f6d8585,,713ae766cb7266f7c774d9e74951f47c6d8fa3fb644d7de510b4b899c94f6399,d5b3f9c2a15801fe8ae51044015dcf16488edbb841928fd850be98b199f45c5c,0,4e+05,3200000,3200000,6100856,692e68b5fdf4dcb6298baab418c8942336624627eb22682a5166460b2e9a1ef8
candidate,4,15,100000,float,4,random,timing,compact,3,13,0.154999999999997,0.154,28570e6fb39ba10fbc26c9a5ba29b6d686680f95e46dd9ae04be81bda40fe2c6,bd64d393fdb9b1a213989b298782d95b689ea3d4c8ebf87487dea0d46f6d8585,,713ae766cb7266f7c774d9e74951f47c6d8fa3fb644d7de510b4b899c94f6399,d5b3f9c2a15801fe8ae51044015dcf16488edbb841928fd850be98b199f45c5c,0,4e+05,3200000,3200000,6100856,55604d65dc286407e628e98d1a6cad78d8520977dd52a04e4cec45fdafef6ca7
candidate,4,16,100000,float,4,sorted,timing,compact,1,27,0.148,0.148,150f33127c7414ac096d3c1f7675b1a8dbd6526c5c3b37a8a4c3cff75762748a,bd64d393fdb9b1a213989b298782d95b689ea3d4c8ebf87487dea0d46f6d8585,,01653bef0c2c3143e8632da935baee80ac5550fc2dcd732b63e9b1ebf060b3cd,1c3397468f628a26ab2118271b997ec9c97fd7600b13938678a0a06761230548,0,4e+05,3200000,3200000,6100856,55604d65dc286407e628e98d1a6cad78d8520977dd52a04e4cec45fdafef6ca7
candidate,4,16,100000,float,4,sorted,timing,ordinary,2,27,0.151000000000002,0.149999999999999,150f33127c7414ac096d3c1f7675b1a8dbd6526c5c3b37a8a4c3cff75762748a,bd64d393fdb9b1a213989b298782d95b689ea3d4c8ebf87487dea0d46f6d8585,,01653bef0c2c3143e8632da935baee80ac5550fc2dcd732b63e9b1ebf060b3cd,1c3397468f628a26ab2118271b997ec9c97fd7600b13938678a0a06761230548,0,4e+05,3200000,3200000,6101048,692e68b5fdf4dcb6298baab418c8942336624627eb22682a5166460b2e9a1ef8
candidate,4,16,100000,float,4,sorted,timing,typed_double,3,28,0.158,0.157,150f33127c7414ac096d3c1f7675b1a8dbd6526c5c3b37a8a4c3cff75762748a,bd64d393fdb9b1a213989b298782d95b689ea3d4c8ebf87487dea0d46f6d8585,,01653bef0c2c3143e8632da935baee80ac5550fc2dcd732b63e9b1ebf060b3cd,1c3397468f628a26ab2118271b997ec9c97fd7600b13938678a0a06761230548,0,4e+05,3200000,3200000,6100856,692e68b5fdf4dcb6298baab418c8942336624627eb22682a5166460b2e9a1ef8
candidate,4,17,1000000,int,1,random,timing,typed_double,1,2,0.217000000000001,0.217000000000002,3b8ff5aa6cf40469034133724b402ecd24b2b1695cb55ebde239e358ad779336,7489b3b15c134c0738d86198e4eeabe8cc23f781e51a240f4d47407d7a27cd49,,a10821ac1bb8d4a975da3ac98d55a939b046be2a393f527e4f9581ff0161270f,5ab0d517366eb1493dbfdacb26247bd872e9e39625942c7d818c46e25bb5e281,0,1e+06,8e+06,8e+06,32139544,e56da4f502cedcfad3630714028c105bbeeb303114f29569641445b54eb769f2
candidate,4,17,1000000,int,1,random,timing,compact,2,2,0.213999999999997,0.213999999999999,3b8ff5aa6cf40469034133724b402ecd24b2b1695cb55ebde239e358ad779336,7489b3b15c134c0738d86198e4eeabe8cc23f781e51a240f4d47407d7a27cd49,,a10821ac1bb8d4a975da3ac98d55a939b046be2a393f527e4f9581ff0161270f,5ab0d517366eb1493dbfdacb26247bd872e9e39625942c7d818c46e25bb5e281,0,1e+06,8e+06,8e+06,32139544,90c7c589dbbfaf14e7a1287fa250334ce92d712e1b442dea6fecf7eb4312110d
candidate,4,17,1000000,int,1,random,timing,ordinary,3,2,0.217,0.216000000000001,3b8ff5aa6cf40469034133724b402ecd24b2b1695cb55ebde239e358ad779336,7489b3b15c134c0738d86198e4eeabe8cc23f781e51a240f4d47407d7a27cd49,,a10821ac1bb8d4a975da3ac98d55a939b046be2a393f527e4f9581ff0161270f,5ab0d517366eb1493dbfdacb26247bd872e9e39625942c7d818c46e25bb5e281,0,1e+06,8e+06,8e+06,32139592,e56da4f502cedcfad3630714028c105bbeeb303114f29569641445b54eb769f2
candidate,4,18,1000000,int,1,sorted,timing,ordinary,1,4,0.154999999999999,0.155999999999999,e13f5ee30f7975e3cdb08c823d2c61296d743f488a00c32d01d8f8488bc258af,7489b3b15c134c0738d86198e4eeabe8cc23f781e51a240f4d47407d7a27cd49,,703f54515e6cc4b606392000716912c1ec33b0bf154fd665c4388b6dd3f0d990,e055e9ea9a832ab67a68b7cb17d8dbc373088e63e6f39fe36037564048488bc9,0,1e+06,8e+06,8e+06,32139592,e56da4f502cedcfad3630714028c105bbeeb303114f29569641445b54eb769f2
candidate,4,18,1000000,int,1,sorted,timing,typed_double,2,5,0.194000000000001,0.195,e13f5ee30f7975e3cdb08c823d2c61296d743f488a00c32d01d8f8488bc258af,7489b3b15c134c0738d86198e4eeabe8cc23f781e51a240f4d47407d7a27cd49,,703f54515e6cc4b606392000716912c1ec33b0bf154fd665c4388b6dd3f0d990,e055e9ea9a832ab67a68b7cb17d8dbc373088e63e6f39fe36037564048488bc9,0,1e+06,8e+06,8e+06,32139544,e56da4f502cedcfad3630714028c105bbeeb303114f29569641445b54eb769f2
candidate,4,18,1000000,int,1,sorted,timing,compact,3,5,0.191,0.191000000000003,e13f5ee30f7975e3cdb08c823d2c61296d743f488a00c32d01d8f8488bc258af,7489b3b15c134c0738d86198e4eeabe8cc23f781e51a240f4d47407d7a27cd49,,703f54515e6cc4b606392000716912c1ec33b0bf154fd665c4388b6dd3f0d990,e055e9ea9a832ab67a68b7cb17d8dbc373088e63e6f39fe36037564048488bc9,0,1e+06,8e+06,8e+06,32139544,90c7c589dbbfaf14e7a1287fa250334ce92d712e1b442dea6fecf7eb4312110d
candidate,4,19,1000000,float,1,random,timing,compact,1,2,0.212000000000002,0.213000000000001,3b8ff5aa6cf40469034133724b402ecd24b2b1695cb55ebde239e358ad779336,7489b3b15c134c0738d86198e4eeabe8cc23f781e51a240f4d47407d7a27cd49,,a3ad3ea2732684145470cc2d6d75e690fb2cfb67d3cb80b6dc55066135eb7073,5ab0d517366eb1493dbfdacb26247bd872e9e39625942c7d818c46e25bb5e281,0,1e+06,8e+06,8e+06,32139544,90c7c589dbbfaf14e7a1287fa250334ce92d712e1b442dea6fecf7eb4312110d
candidate,4,19,1000000,float,1,random,timing,ordinary,2,2,0.210999999999999,0.210000000000001,3b8ff5aa6cf40469034133724b402ecd24b2b1695cb55ebde239e358ad779336,7489b3b15c134c0738d86198e4eeabe8cc23f781e51a240f4d47407d7a27cd49,,a3ad3ea2732684145470cc2d6d75e690fb2cfb67d3cb80b6dc55066135eb7073,5ab0d517366eb1493dbfdacb26247bd872e9e39625942c7d818c46e25bb5e281,0,1e+06,8e+06,8e+06,32139592,e56da4f502cedcfad3630714028c105bbeeb303114f29569641445b54eb769f2
candidate,4,19,1000000,float,1,random,timing,typed_double,3,2,0.217000000000001,0.218,3b8ff5aa6cf40469034133724b402ecd24b2b1695cb55ebde239e358ad779336,7489b3b15c134c0738d86198e4eeabe8cc23f781e51a240f4d47407d7a27cd49,,a3ad3ea2732684145470cc2d6d75e690fb2cfb67d3cb80b6dc55066135eb7073,5ab0d517366eb1493dbfdacb26247bd872e9e39625942c7d818c46e25bb5e281,0,1e+06,8e+06,8e+06,32139544,e56da4f502cedcfad3630714028c105bbeeb303114f29569641445b54eb769f2
candidate,4,20,1000000,float,1,sorted,timing,typed_double,1,4,0.153,0.152999999999999,e13f5ee30f7975e3cdb08c823d2c61296d743f488a00c32d01d8f8488bc258af,7489b3b15c134c0738d86198e4eeabe8cc23f781e51a240f4d47407d7a27cd49,,1552b8035120a491922e642ee5661602cf17773c6e28ea936f7e2b2981848aa5,e055e9ea9a832ab67a68b7cb17d8dbc373088e63e6f39fe36037564048488bc9,0,1e+06,8e+06,8e+06,32139544,e56da4f502cedcfad3630714028c105bbeeb303114f29569641445b54eb769f2
candidate,4,20,1000000,float,1,sorted,timing,compact,2,5,0.191000000000001,0.192,e13f5ee30f7975e3cdb08c823d2c61296d743f488a00c32d01d8f8488bc258af,7489b3b15c134c0738d86198e4eeabe8cc23f781e51a240f4d47407d7a27cd49,,1552b8035120a491922e642ee5661602cf17773c6e28ea936f7e2b2981848aa5,e055e9ea9a832ab67a68b7cb17d8dbc373088e63e6f39fe36037564048488bc9,0,1e+06,8e+06,8e+06,32139544,90c7c589dbbfaf14e7a1287fa250334ce92d712e1b442dea6fecf7eb4312110d
candidate,4,20,1000000,float,1,sorted,timing,ordinary,3,4,0.157,0.158000000000001,e13f5ee30f7975e3cdb08c823d2c61296d743f488a00c32d01d8f8488bc258af,7489b3b15c134c0738d86198e4eeabe8cc23f781e51a240f4d47407d7a27cd49,,1552b8035120a491922e642ee5661602cf17773c6e28ea936f7e2b2981848aa5,e055e9ea9a832ab67a68b7cb17d8dbc373088e63e6f39fe36037564048488bc9,0,1e+06,8e+06,8e+06,32139592,e56da4f502cedcfad3630714028c105bbeeb303114f29569641445b54eb769f2
baseline,4,1,100000,byte,1,random,timing,compact,1,2,0.225,0.224,611de18bdbc2635e1ae6c62e8cd601542cf8546cee7fe011fb989fb9b6d2c5e1,7489b3b15c134c0738d86198e4eeabe8cc23f781e51a240f4d47407d7a27cd49,,79ca59251cbf840b798536c6992ceae96b4d9a89e68b7f0ba6fd40ae59ea7d39,5ff104c4f202fc073ae8f7d3b98ec913f051efaf773d4a26b2e909b7826d85eb,NA,NA,NA,8e+05,2419208,90c7c589dbbfaf14e7a1287fa250334ce92d712e1b442dea6fecf7eb4312110d
baseline,4,1,100000,byte,1,random,timing,ordinary,2,7,0.163,0.162,611de18bdbc2635e1ae6c62e8cd601542cf8546cee7fe011fb989fb9b6d2c5e1,7489b3b15c134c0738d86198e4eeabe8cc23f781e51a240f4d47407d7a27cd49,,79ca59251cbf840b798536c6992ceae96b4d9a89e68b7f0ba6fd40ae59ea7d39,5ff104c4f202fc073ae8f7d3b98ec913f051efaf773d4a26b2e909b7826d85eb,NA,NA,NA,8e+05,2401416,e56da4f502cedcfad3630714028c105bbeeb303114f29569641445b54eb769f2
baseline,4,1,100000,byte,1,random,timing,typed_double,3,2,0.223,0.222,611de18bdbc2635e1ae6c62e8cd601542cf8546cee7fe011fb989fb9b6d2c5e1,7489b3b15c134c0738d86198e4eeabe8cc23f781e51a240f4d47407d7a27cd49,,79ca59251cbf840b798536c6992ceae96b4d9a89e68b7f0ba6fd40ae59ea7d39,5ff104c4f202fc073ae8f7d3b98ec913f051efaf773d4a26b2e909b7826d85eb,NA,NA,NA,8e+05,2401368,e56da4f502cedcfad3630714028c105bbeeb303114f29569641445b54eb769f2
baseline,4,2,100000,byte,1,sorted,timing,typed_double,1,3,0.195,0.194,b2ba4976e8fb73986642cd794254f383cea39d1f3a3ebf7d622ef5febc19b98c,7489b3b15c134c0738d86198e4eeabe8cc23f781e51a240f4d47407d7a27cd49,,983ceeeb21d19fc6681a93a21cd0a4aa3ec44b911c559338cc65523bda301240,bff0ccac5a55e2545a4398866f41489021804172b1914a6f436786ca490125f0,NA,NA,NA,8e+05,2401368,e56da4f502cedcfad3630714028c105bbeeb303114f29569641445b54eb769f2
baseline,4,2,100000,byte,1,sorted,timing,compact,2,3,0.201,0.202,b2ba4976e8fb73986642cd794254f383cea39d1f3a3ebf7d622ef5febc19b98c,7489b3b15c134c0738d86198e4eeabe8cc23f781e51a240f4d47407d7a27cd49,,983ceeeb21d19fc6681a93a21cd0a4aa3ec44b911c559338cc65523bda301240,bff0ccac5a55e2545a4398866f41489021804172b1914a6f436786ca490125f0,NA,NA,NA,8e+05,2401496,90c7c589dbbfaf14e7a1287fa250334ce92d712e1b442dea6fecf7eb4312110d
baseline,4,2,100000,byte,1,sorted,timing,ordinary,3,12,0.16,0.159,b2ba4976e8fb73986642cd794254f383cea39d1f3a3ebf7d622ef5febc19b98c,7489b3b15c134c0738d86198e4eeabe8cc23f781e51a240f4d47407d7a27cd49,,983ceeeb21d19fc6681a93a21cd0a4aa3ec44b911c559338cc65523bda301240,bff0ccac5a55e2545a4398866f41489021804172b1914a6f436786ca490125f0,NA,NA,NA,8e+05,2401416,e56da4f502cedcfad3630714028c105bbeeb303114f29569641445b54eb769f2
baseline,4,3,100000,byte,4,random,timing,ordinary,1,4,0.167,0.167999999999999,ffda5aaffec7ffbb58b5a3cd5ec3d81122b355f7db4ed2c104818038769dea8f,bd64d393fdb9b1a213989b298782d95b689ea3d4c8ebf87487dea0d46f6d8585,,71c6e51bf68dea3480d87bd4e483380e78c80874476c99a65ed1c24fc0dc2701,45685d585afcf2d259b31a2d8922723a51bd51b53581d528f52ff6ff472de32d,NA,NA,NA,3200000,2801424,692e68b5fdf4dcb6298baab418c8942336624627eb22682a5166460b2e9a1ef8
baseline,4,3,100000,byte,4,random,timing,typed_double,2,1,0.218,0.218,ffda5aaffec7ffbb58b5a3cd5ec3d81122b355f7db4ed2c104818038769dea8f,bd64d393fdb9b1a213989b298782d95b689ea3d4c8ebf87487dea0d46f6d8585,,71c6e51bf68dea3480d87bd4e483380e78c80874476c99a65ed1c24fc0dc2701,45685d585afcf2d259b31a2d8922723a51bd51b53581d528f52ff6ff472de32d,NA,NA,NA,3200000,2801232,692e68b5fdf4dcb6298baab418c8942336624627eb22682a5166460b2e9a1ef8
baseline,4,3,100000,byte,4,random,timing,compact,3,1,0.219,0.220000000000001,ffda5aaffec7ffbb58b5a3cd5ec3d81122b355f7db4ed2c104818038769dea8f,bd64d393fdb9b1a213989b298782d95b689ea3d4c8ebf87487dea0d46f6d8585,,71c6e51bf68dea3480d87bd4e483380e78c80874476c99a65ed1c24fc0dc2701,45685d585afcf2d259b31a2d8922723a51bd51b53581d528f52ff6ff472de32d,NA,NA,NA,3200000,2801744,55604d65dc286407e628e98d1a6cad78d8520977dd52a04e4cec45fdafef6ca7
baseline,4,4,100000,byte,4,sorted,timing,compact,1,2,0.28,0.281,c00804f2cdb8c5f3a3c84574d69ea5dbf006bd822d8f2186a3fa0aad17ad7422,bd64d393fdb9b1a213989b298782d95b689ea3d4c8ebf87487dea0d46f6d8585,,d459b3940c19caa3ce7a1f1d47e880f4ebdd851e030266bb0bc970c817adcce3,3511331d6bfaa4332efe7710355801dbbedb47920ed3242a042adb0e0c16a347,NA,NA,NA,3200000,2801744,55604d65dc286407e628e98d1a6cad78d8520977dd52a04e4cec45fdafef6ca7
baseline,4,4,100000,byte,4,sorted,timing,ordinary,2,6,0.156,0.157000000000001,c00804f2cdb8c5f3a3c84574d69ea5dbf006bd822d8f2186a3fa0aad17ad7422,bd64d393fdb9b1a213989b298782d95b689ea3d4c8ebf87487dea0d46f6d8585,,d459b3940c19caa3ce7a1f1d47e880f4ebdd851e030266bb0bc970c817adcce3,3511331d6bfaa4332efe7710355801dbbedb47920ed3242a042adb0e0c16a347,NA,NA,NA,3200000,2801424,692e68b5fdf4dcb6298baab418c8942336624627eb22682a5166460b2e9a1ef8
baseline,4,4,100000,byte,4,sorted,timing,typed_double,3,2,0.276,0.276,c00804f2cdb8c5f3a3c84574d69ea5dbf006bd822d8f2186a3fa0aad17ad7422,bd64d393fdb9b1a213989b298782d95b689ea3d4c8ebf87487dea0d46f6d8585,,d459b3940c19caa3ce7a1f1d47e880f4ebdd851e030266bb0bc970c817adcce3,3511331d6bfaa4332efe7710355801dbbedb47920ed3242a042adb0e0c16a347,NA,NA,NA,3200000,2801232,692e68b5fdf4dcb6298baab418c8942336624627eb22682a5166460b2e9a1ef8
baseline,4,5,100000,int,1,random,timing,typed_double,1,2,0.215,0.215,790e7ab0dca629a978c5f15f9866d33526f92648f40cb5cd3f8b04b18c7e5e12,7489b3b15c134c0738d86198e4eeabe8cc23f781e51a240f4d47407d7a27cd49,,2997003b2099d6d7c994178abe216c694cecda0419dea94ee17773c839d592f0,aae1303f43753abcfee5c3e2e9e23f0052fbbda0fadfbf38a534a2f63d4a4a07,NA,NA,NA,8e+05,2441072,e56da4f502cedcfad3630714028c105bbeeb303114f29569641445b54eb769f2
baseline,4,5,100000,int,1,random,timing,compact,2,2,0.222,0.222999999999999,790e7ab0dca629a978c5f15f9866d33526f92648f40cb5cd3f8b04b18c7e5e12,7489b3b15c134c0738d86198e4eeabe8cc23f781e51a240f4d47407d7a27cd49,,2997003b2099d6d7c994178abe216c694cecda0419dea94ee17773c839d592f0,aae1303f43753abcfee5c3e2e9e23f0052fbbda0fadfbf38a534a2f63d4a4a07,NA,NA,NA,8e+05,2441200,90c7c589dbbfaf14e7a1287fa250334ce92d712e1b442dea6fecf7eb4312110d
baseline,4,5,100000,int,1,random,timing,ordinary,3,6,0.143000000000001,0.142999999999999,790e7ab0dca629a978c5f15f9866d33526f92648f40cb5cd3f8b04b18c7e5e12,7489b3b15c134c0738d86198e4eeabe8cc23f781e51a240f4d47407d7a27cd49,,2997003b2099d6d7c994178abe216c694cecda0419dea94ee17773c839d592f0,aae1303f43753abcfee5c3e2e9e23f0052fbbda0fadfbf38a534a2f63d4a4a07,NA,NA,NA,8e+05,2441120,e56da4f502cedcfad3630714028c105bbeeb303114f29569641445b54eb769f2
baseline,4,6,100000,int,1,sorted,timing,ordinary,1,11,0.148,0.148999999999999,a52faec4fa0bb0f21a51be75968a4395435af5fda4231bab85297e0157e03974,7489b3b15c134c0738d86198e4eeabe8cc23f781e51a240f4d47407d7a27cd49,,db1959a5bac429757ccfde32823cf5986fa24e726b60f0a2bd496a5ea6c9191e,f2c6661dad014d79905785000eea38ec6082e215a4aaa0aac4947c645e78e561,NA,NA,NA,8e+05,2441120,e56da4f502cedcfad3630714028c105bbeeb303114f29569641445b54eb769f2
baseline,4,6,100000,int,1,sorted,timing,typed_double,2,3,0.195,0.196,a52faec4fa0bb0f21a51be75968a4395435af5fda4231bab85297e0157e03974,7489b3b15c134c0738d86198e4eeabe8cc23f781e51a240f4d47407d7a27cd49,,db1959a5bac429757ccfde32823cf5986fa24e726b60f0a2bd496a5ea6c9191e,f2c6661dad014d79905785000eea38ec6082e215a4aaa0aac4947c645e78e561,NA,NA,NA,8e+05,2441072,e56da4f502cedcfad3630714028c105bbeeb303114f29569641445b54eb769f2
baseline,4,6,100000,int,1,sorted,timing,compact,3,3,0.199,0.199,a52faec4fa0bb0f21a51be75968a4395435af5fda4231bab85297e0157e03974,7489b3b15c134c0738d86198e4eeabe8cc23f781e51a240f4d47407d7a27cd49,,db1959a5bac429757ccfde32823cf5986fa24e726b60f0a2bd496a5ea6c9191e,f2c6661dad014d79905785000eea38ec6082e215a4aaa0aac4947c645e78e561,NA,NA,NA,8e+05,2441200,90c7c589dbbfaf14e7a1287fa250334ce92d712e1b442dea6fecf7eb4312110d
baseline,4,7,100000,int,4,random,timing,compact,1,2,0.286999999999999,0.286999999999999,28570e6fb39ba10fbc26c9a5ba29b6d686680f95e46dd9ae04be81bda40fe2c6,bd64d393fdb9b1a213989b298782d95b689ea3d4c8ebf87487dea0d46f6d8585,,aff7ed7d2ab6d1b77b5e1290b89c4fbe3871041d0d819c20a2b431ed5ad102a8,d5b3f9c2a15801fe8ae51044015dcf16488edbb841928fd850be98b199f45c5c,NA,NA,NA,3200000,2802432,55604d65dc286407e628e98d1a6cad78d8520977dd52a04e4cec45fdafef6ca7
baseline,4,7,100000,int,4,random,timing,ordinary,2,6,0.172000000000001,0.172000000000001,28570e6fb39ba10fbc26c9a5ba29b6d686680f95e46dd9ae04be81bda40fe2c6,bd64d393fdb9b1a213989b298782d95b689ea3d4c8ebf87487dea0d46f6d8585,,aff7ed7d2ab6d1b77b5e1290b89c4fbe3871041d0d819c20a2b431ed5ad102a8,d5b3f9c2a15801fe8ae51044015dcf16488edbb841928fd850be98b199f45c5c,NA,NA,NA,3200000,2802112,692e68b5fdf4dcb6298baab418c8942336624627eb22682a5166460b2e9a1ef8
baseline,4,7,100000,int,4,random,timing,typed_double,3,2,0.278,0.278,28570e6fb39ba10fbc26c9a5ba29b6d686680f95e46dd9ae04be81bda40fe2c6,bd64d393fdb9b1a213989b298782d95b689ea3d4c8ebf87487dea0d46f6d8585,,aff7ed7d2ab6d1b77b5e1290b89c4fbe3871041d0d819c20a2b431ed5ad102a8,d5b3f9c2a15801fe8ae51044015dcf16488edbb841928fd850be98b199f45c5c,NA,NA,NA,3200000,2801920,692e68b5fdf4dcb6298baab418c8942336624627eb22682a5166460b2e9a1ef8
baseline,4,8,100000,int,4,sorted,timing,typed_double,1,2,0.185,0.186,150f33127c7414ac096d3c1f7675b1a8dbd6526c5c3b37a8a4c3cff75762748a,bd64d393fdb9b1a213989b298782d95b689ea3d4c8ebf87487dea0d46f6d8585,,aff3f2dfe98a92d596412f850cce402a277c4ca64dfa5da5b4ca182cde71dfbb,1c3397468f628a26ab2118271b997ec9c97fd7600b13938678a0a06761230548,NA,NA,NA,3200000,2801920,692e68b5fdf4dcb6298baab418c8942336624627eb22682a5166460b2e9a1ef8
baseline,4,8,100000,int,4,sorted,timing,compact,2,2,0.190999999999999,0.191000000000001,150f33127c7414ac096d3c1f7675b1a8dbd6526c5c3b37a8a4c3cff75762748a,bd64d393fdb9b1a213989b298782d95b689ea3d4c8ebf87487dea0d46f6d8585,,aff3f2dfe98a92d596412f850cce402a277c4ca64dfa5da5b4ca182cde71dfbb,1c3397468f628a26ab2118271b997ec9c97fd7600b13938678a0a06761230548,NA,NA,NA,3200000,2802432,55604d65dc286407e628e98d1a6cad78d8520977dd52a04e4cec45fdafef6ca7
baseline,4,8,100000,int,4,sorted,timing,ordinary,3,9,0.164,0.163,150f33127c7414ac096d3c1f7675b1a8dbd6526c5c3b37a8a4c3cff75762748a,bd64d393fdb9b1a213989b298782d95b689ea3d4c8ebf87487dea0d46f6d8585,,aff3f2dfe98a92d596412f850cce402a277c4ca64dfa5da5b4ca182cde71dfbb,1c3397468f628a26ab2118271b997ec9c97fd7600b13938678a0a06761230548,NA,NA,NA,3200000,2802112,692e68b5fdf4dcb6298baab418c8942336624627eb22682a5166460b2e9a1ef8
baseline,4,9,100000,long,1,random,timing,ordinary,1,7,0.164000000000001,0.164999999999999,790e7ab0dca629a978c5f15f9866d33526f92648f40cb5cd3f8b04b18c7e5e12,7489b3b15c134c0738d86198e4eeabe8cc23f781e51a240f4d47407d7a27cd49,,751bda1c3cc5aa6b0a51955579ca627ba8545238811eb3539c65292338bb2c6e,aae1303f43753abcfee5c3e2e9e23f0052fbbda0fadfbf38a534a2f63d4a4a07,NA,NA,NA,8e+05,2441120,e56da4f502cedcfad3630714028c105bbeeb303114f29569641445b54eb769f2
baseline,4,9,100000,long,1,random,timing,typed_double,2,2,0.215,0.215,790e7ab0dca629a978c5f15f9866d33526f92648f40cb5cd3f8b04b18c7e5e12,7489b3b15c134c0738d86198e4eeabe8cc23f781e51a240f4d47407d7a27cd49,,751bda1c3cc5aa6b0a51955579ca627ba8545238811eb3539c65292338bb2c6e,aae1303f43753abcfee5c3e2e9e23f0052fbbda0fadfbf38a534a2f63d4a4a07,NA,NA,NA,8e+05,2441072,e56da4f502cedcfad3630714028c105bbeeb303114f29569641445b54eb769f2
baseline,4,9,100000,long,1,random,timing,compact,3,2,0.225,0.222999999999999,790e7ab0dca629a978c5f15f9866d33526f92648f40cb5cd3f8b04b18c7e5e12,7489b3b15c134c0738d86198e4eeabe8cc23f781e51a240f4d47407d7a27cd49,,751bda1c3cc5aa6b0a51955579ca627ba8545238811eb3539c65292338bb2c6e,aae1303f43753abcfee5c3e2e9e23f0052fbbda0fadfbf38a534a2f63d4a4a07,NA,NA,NA,8e+05,2441200,90c7c589dbbfaf14e7a1287fa250334ce92d712e1b442dea6fecf7eb4312110d
baseline,4,10,100000,long,1,sorted,timing,compact,1,3,0.201,0.201,a52faec4fa0bb0f21a51be75968a4395435af5fda4231bab85297e0157e03974,7489b3b15c134c0738d86198e4eeabe8cc23f781e51a240f4d47407d7a27cd49,,1ea934f3f083d0cbb593ee245b2722e6fb3e91ab062e1ed17f8f9c8d5d24c3c1,f2c6661dad014d79905785000eea38ec6082e215a4aaa0aac4947c645e78e561,NA,NA,NA,8e+05,2441200,90c7c589dbbfaf14e7a1287fa250334ce92d712e1b442dea6fecf7eb4312110d
baseline,4,10,100000,long,1,sorted,timing,ordinary,2,11,0.149000000000001,0.149000000000001,a52faec4fa0bb0f21a51be75968a4395435af5fda4231bab85297e0157e03974,7489b3b15c134c0738d86198e4eeabe8cc23f781e51a240f4d47407d7a27cd49,,1ea934f3f083d0cbb593ee245b2722e6fb3e91ab062e1ed17f8f9c8d5d24c3c1,f2c6661dad014d79905785000eea38ec6082e215a4aaa0aac4947c645e78e561,NA,NA,NA,8e+05,2441120,e56da4f502cedcfad3630714028c105bbeeb303114f29569641445b54eb769f2
baseline,4,10,100000,long,1,sorted,timing,typed_double,3,3,0.193999999999999,0.195,a52faec4fa0bb0f21a51be75968a4395435af5fda4231bab85297e0157e03974,7489b3b15c134c0738d86198e4eeabe8cc23f781e51a240f4d47407d7a27cd49,,1ea934f3f083d0cbb593ee245b2722e6fb3e91ab062e1ed17f8f9c8d5d24c3c1,f2c6661dad014d79905785000eea38ec6082e215a4aaa0aac4947c645e78e561,NA,NA,NA,8e+05,2441072,e56da4f502cedcfad3630714028c105bbeeb303114f29569641445b54eb769f2
baseline,4,11,100000,long,4,random,timing,typed_double,1,2,0.280000000000001,0.280000000000001,28570e6fb39ba10fbc26c9a5ba29b6d686680f95e46dd9ae04be81bda40fe2c6,bd64d393fdb9b1a213989b298782d95b689ea3d4c8ebf87487dea0d46f6d8585,,6a561c8e859a4ca1eb5e1c65a05e4cda84f46397e6502ec8bf24a48cc9330769,d5b3f9c2a15801fe8ae51044015dcf16488edbb841928fd850be98b199f45c5c,NA,NA,NA,3200000,2801920,692e68b5fdf4dcb6298baab418c8942336624627eb22682a5166460b2e9a1ef8
baseline,4,11,100000,long,4,random,timing,compact,2,2,0.286,0.285,28570e6fb39ba10fbc26c9a5ba29b6d686680f95e46dd9ae04be81bda40fe2c6,bd64d393fdb9b1a213989b298782d95b689ea3d4c8ebf87487dea0d46f6d8585,,6a561c8e859a4ca1eb5e1c65a05e4cda84f46397e6502ec8bf24a48cc9330769,d5b3f9c2a15801fe8ae51044015dcf16488edbb841928fd850be98b199f45c5c,NA,NA,NA,3200000,2802432,55604d65dc286407e628e98d1a6cad78d8520977dd52a04e4cec45fdafef6ca7
baseline,4,11,100000,long,4,random,timing,ordinary,3,6,0.172000000000001,0.172000000000001,28570e6fb39ba10fbc26c9a5ba29b6d686680f95e46dd9ae04be81bda40fe2c6,bd64d393fdb9b1a213989b298782d95b689ea3d4c8ebf87487dea0d46f6d8585,,6a561c8e859a4ca1eb5e1c65a05e4cda84f46397e6502ec8bf24a48cc9330769,d5b3f9c2a15801fe8ae51044015dcf16488edbb841928fd850be98b199f45c5c,NA,NA,NA,3200000,2802112,692e68b5fdf4dcb6298baab418c8942336624627eb22682a5166460b2e9a1ef8
baseline,4,12,100000,long,4,sorted,timing,ordinary,1,8,0.147000000000002,0.148,150f33127c7414ac096d3c1f7675b1a8dbd6526c5c3b37a8a4c3cff75762748a,bd64d393fdb9b1a213989b298782d95b689ea3d4c8ebf87487dea0d46f6d8585,,f1c9883feda04e555205dbd80629014dd80776a9752271511c857a4ed7d5b024,1c3397468f628a26ab2118271b997ec9c97fd7600b13938678a0a06761230548,NA,NA,NA,3200000,2802112,692e68b5fdf4dcb6298baab418c8942336624627eb22682a5166460b2e9a1ef8
baseline,4,12,100000,long,4,sorted,timing,typed_double,2,2,0.183,0.183,150f33127c7414ac096d3c1f7675b1a8dbd6526c5c3b37a8a4c3cff75762748a,bd64d393fdb9b1a213989b298782d95b689ea3d4c8ebf87487dea0d46f6d8585,,f1c9883feda04e555205dbd80629014dd80776a9752271511c857a4ed7d5b024,1c3397468f628a26ab2118271b997ec9c97fd7600b13938678a0a06761230548,NA,NA,NA,3200000,2801920,692e68b5fdf4dcb6298baab418c8942336624627eb22682a5166460b2e9a1ef8
baseline,4,12,100000,long,4,sorted,timing,compact,3,2,0.190000000000001,0.190000000000001,150f33127c7414ac096d3c1f7675b1a8dbd6526c5c3b37a8a4c3cff75762748a,bd64d393fdb9b1a213989b298782d95b689ea3d4c8ebf87487dea0d46f6d8585,,f1c9883feda04e555205dbd80629014dd80776a9752271511c857a4ed7d5b024,1c3397468f628a26ab2118271b997ec9c97fd7600b13938678a0a06761230548,NA,NA,NA,3200000,2802432,55604d65dc286407e628e98d1a6cad78d8520977dd52a04e4cec45fdafef6ca7
baseline,4,13,100000,float,1,random,timing,compact,1,2,0.224999999999998,0.224999999999998,790e7ab0dca629a978c5f15f9866d33526f92648f40cb5cd3f8b04b18c7e5e12,7489b3b15c134c0738d86198e4eeabe8cc23f781e51a240f4d47407d7a27cd49,,23cfcddb626fee694223f7cbc18d4f117ef068e8bd115496d298cece1a718496,aae1303f43753abcfee5c3e2e9e23f0052fbbda0fadfbf38a534a2f63d4a4a07,NA,NA,NA,8e+05,2441200,90c7c589dbbfaf14e7a1287fa250334ce92d712e1b442dea6fecf7eb4312110d
baseline,4,13,100000,float,1,random,timing,ordinary,2,7,0.166,0.166,790e7ab0dca629a978c5f15f9866d33526f92648f40cb5cd3f8b04b18c7e5e12,7489b3b15c134c0738d86198e4eeabe8cc23f781e51a240f4d47407d7a27cd49,,23cfcddb626fee694223f7cbc18d4f117ef068e8bd115496d298cece1a718496,aae1303f43753abcfee5c3e2e9e23f0052fbbda0fadfbf38a534a2f63d4a4a07,NA,NA,NA,8e+05,2441120,e56da4f502cedcfad3630714028c105bbeeb303114f29569641445b54eb769f2
baseline,4,13,100000,float,1,random,timing,typed_double,3,2,0.219,0.218,790e7ab0dca629a978c5f15f9866d33526f92648f40cb5cd3f8b04b18c7e5e12,7489b3b15c134c0738d86198e4eeabe8cc23f781e51a240f4d47407d7a27cd49,,23cfcddb626fee694223f7cbc18d4f117ef068e8bd115496d298cece1a718496,aae1303f43753abcfee5c3e2e9e23f0052fbbda0fadfbf38a534a2f63d4a4a07,NA,NA,NA,8e+05,2441072,e56da4f502cedcfad3630714028c105bbeeb303114f29569641445b54eb769f2
baseline,4,14,100000,float,1,sorted,timing,typed_double,1,3,0.193999999999999,0.195,a52faec4fa0bb0f21a51be75968a4395435af5fda4231bab85297e0157e03974,7489b3b15c134c0738d86198e4eeabe8cc23f781e51a240f4d47407d7a27cd49,,87d40b2334b7e6c59df44017642222b0038c34062869308912cd786c77e53d77,f2c6661dad014d79905785000eea38ec6082e215a4aaa0aac4947c645e78e561,NA,NA,NA,8e+05,2441072,e56da4f502cedcfad3630714028c105bbeeb303114f29569641445b54eb769f2
baseline,4,14,100000,float,1,sorted,timing,compact,2,3,0.204999999999998,0.204999999999998,a52faec4fa0bb0f21a51be75968a4395435af5fda4231bab85297e0157e03974,7489b3b15c134c0738d86198e4eeabe8cc23f781e51a240f4d47407d7a27cd49,,87d40b2334b7e6c59df44017642222b0038c34062869308912cd786c77e53d77,f2c6661dad014d79905785000eea38ec6082e215a4aaa0aac4947c645e78e561,NA,NA,NA,8e+05,2441200,90c7c589dbbfaf14e7a1287fa250334ce92d712e1b442dea6fecf7eb4312110d
baseline,4,14,100000,float,1,sorted,timing,ordinary,3,12,0.162999999999997,0.163,a52faec4fa0bb0f21a51be75968a4395435af5fda4231bab85297e0157e03974,7489b3b15c134c0738d86198e4eeabe8cc23f781e51a240f4d47407d7a27cd49,,87d40b2334b7e6c59df44017642222b0038c34062869308912cd786c77e53d77,f2c6661dad014d79905785000eea38ec6082e215a4aaa0aac4947c645e78e561,NA,NA,NA,8e+05,2441120,e56da4f502cedcfad3630714028c105bbeeb303114f29569641445b54eb769f2
baseline,4,15,100000,float,4,random,timing,ordinary,1,6,0.169999999999998,0.169999999999998,28570e6fb39ba10fbc26c9a5ba29b6d686680f95e46dd9ae04be81bda40fe2c6,bd64d393fdb9b1a213989b298782d95b689ea3d4c8ebf87487dea0d46f6d8585,,713ae766cb7266f7c774d9e74951f47c6d8fa3fb644d7de510b4b899c94f6399,d5b3f9c2a15801fe8ae51044015dcf16488edbb841928fd850be98b199f45c5c,NA,NA,NA,3200000,2802112,692e68b5fdf4dcb6298baab418c8942336624627eb22682a5166460b2e9a1ef8
baseline,4,15,100000,float,4,random,timing,typed_double,2,2,0.28,0.280000000000001,28570e6fb39ba10fbc26c9a5ba29b6d686680f95e46dd9ae04be81bda40fe2c6,bd64d393fdb9b1a213989b298782d95b689ea3d4c8ebf87487dea0d46f6d8585,,713ae766cb7266f7c774d9e74951f47c6d8fa3fb644d7de510b4b899c94f6399,d5b3f9c2a15801fe8ae51044015dcf16488edbb841928fd850be98b199f45c5c,NA,NA,NA,3200000,2801920,692e68b5fdf4dcb6298baab418c8942336624627eb22682a5166460b2e9a1ef8
baseline,4,15,100000,float,4,random,timing,compact,3,2,0.289999999999999,0.289999999999999,28570e6fb39ba10fbc26c9a5ba29b6d686680f95e46dd9ae04be81bda40fe2c6,bd64d393fdb9b1a213989b298782d95b689ea3d4c8ebf87487dea0d46f6d8585,,713ae766cb7266f7c774d9e74951f47c6d8fa3fb644d7de510b4b899c94f6399,d5b3f9c2a15801fe8ae51044015dcf16488edbb841928fd850be98b199f45c5c,NA,NA,NA,3200000,2802432,55604d65dc286407e628e98d1a6cad78d8520977dd52a04e4cec45fdafef6ca7
baseline,4,16,100000,float,4,sorted,timing,compact,1,2,0.196000000000002,0.196999999999999,150f33127c7414ac096d3c1f7675b1a8dbd6526c5c3b37a8a4c3cff75762748a,bd64d393fdb9b1a213989b298782d95b689ea3d4c8ebf87487dea0d46f6d8585,,01653bef0c2c3143e8632da935baee80ac5550fc2dcd732b63e9b1ebf060b3cd,1c3397468f628a26ab2118271b997ec9c97fd7600b13938678a0a06761230548,NA,NA,NA,3200000,2802432,55604d65dc286407e628e98d1a6cad78d8520977dd52a04e4cec45fdafef6ca7
baseline,4,16,100000,float,4,sorted,timing,ordinary,2,8,0.146000000000001,0.146000000000001,150f33127c7414ac096d3c1f7675b1a8dbd6526c5c3b37a8a4c3cff75762748a,bd64d393fdb9b1a213989b298782d95b689ea3d4c8ebf87487dea0d46f6d8585,,01653bef0c2c3143e8632da935baee80ac5550fc2dcd732b63e9b1ebf060b3cd,1c3397468f628a26ab2118271b997ec9c97fd7600b13938678a0a06761230548,NA,NA,NA,3200000,2802112,692e68b5fdf4dcb6298baab418c8942336624627eb22682a5166460b2e9a1ef8
baseline,4,16,100000,float,4,sorted,timing,typed_double,3,2,0.193999999999999,0.195,150f33127c7414ac096d3c1f7675b1a8dbd6526c5c3b37a8a4c3cff75762748a,bd64d393fdb9b1a213989b298782d95b689ea3d4c8ebf87487dea0d46f6d8585,,01653bef0c2c3143e8632da935baee80ac5550fc2dcd732b63e9b1ebf060b3cd,1c3397468f628a26ab2118271b997ec9c97fd7600b13938678a0a06761230548,NA,NA,NA,3200000,2801920,692e68b5fdf4dcb6298baab418c8942336624627eb22682a5166460b2e9a1ef8
baseline,4,17,1000000,int,1,random,timing,typed_double,1,1,1.321,1.321,3b8ff5aa6cf40469034133724b402ecd24b2b1695cb55ebde239e358ad779336,7489b3b15c134c0738d86198e4eeabe8cc23f781e51a240f4d47407d7a27cd49,,a10821ac1bb8d4a975da3ac98d55a939b046be2a393f527e4f9581ff0161270f,5ab0d517366eb1493dbfdacb26247bd872e9e39625942c7d818c46e25bb5e281,NA,NA,NA,8e+06,24041072,e56da4f502cedcfad3630714028c105bbeeb303114f29569641445b54eb769f2
baseline,4,17,1000000,int,1,random,timing,compact,2,1,1.244,1.244,3b8ff5aa6cf40469034133724b402ecd24b2b1695cb55ebde239e358ad779336,7489b3b15c134c0738d86198e4eeabe8cc23f781e51a240f4d47407d7a27cd49,,a10821ac1bb8d4a975da3ac98d55a939b046be2a393f527e4f9581ff0161270f,5ab0d517366eb1493dbfdacb26247bd872e9e39625942c7d818c46e25bb5e281,NA,NA,NA,8e+06,24041200,90c7c589dbbfaf14e7a1287fa250334ce92d712e1b442dea6fecf7eb4312110d
baseline,4,17,1000000,int,1,random,timing,ordinary,3,1,0.263,0.262999999999998,3b8ff5aa6cf40469034133724b402ecd24b2b1695cb55ebde239e358ad779336,7489b3b15c134c0738d86198e4eeabe8cc23f781e51a240f4d47407d7a27cd49,,a10821ac1bb8d4a975da3ac98d55a939b046be2a393f527e4f9581ff0161270f,5ab0d517366eb1493dbfdacb26247bd872e9e39625942c7d818c46e25bb5e281,NA,NA,NA,8e+06,24041120,e56da4f502cedcfad3630714028c105bbeeb303114f29569641445b54eb769f2
baseline,4,18,1000000,int,1,sorted,timing,ordinary,1,2,0.292999999999999,0.293999999999997,e13f5ee30f7975e3cdb08c823d2c61296d743f488a00c32d01d8f8488bc258af,7489b3b15c134c0738d86198e4eeabe8cc23f781e51a240f4d47407d7a27cd49,,703f54515e6cc4b606392000716912c1ec33b0bf154fd665c4388b6dd3f0d990,e055e9ea9a832ab67a68b7cb17d8dbc373088e63e6f39fe36037564048488bc9,NA,NA,NA,8e+06,24041120,e56da4f502cedcfad3630714028c105bbeeb303114f29569641445b54eb769f2
baseline,4,18,1000000,int,1,sorted,timing,typed_double,2,1,0.725999999999999,0.726999999999997,e13f5ee30f7975e3cdb08c823d2c61296d743f488a00c32d01d8f8488bc258af,7489b3b15c134c0738d86198e4eeabe8cc23f781e51a240f4d47407d7a27cd49,,703f54515e6cc4b606392000716912c1ec33b0bf154fd665c4388b6dd3f0d990,e055e9ea9a832ab67a68b7cb17d8dbc373088e63e6f39fe36037564048488bc9,NA,NA,NA,8e+06,24041072,e56da4f502cedcfad3630714028c105bbeeb303114f29569641445b54eb769f2
baseline,4,18,1000000,int,1,sorted,timing,compact,3,1,0.743000000000002,0.742999999999995,e13f5ee30f7975e3cdb08c823d2c61296d743f488a00c32d01d8f8488bc258af,7489b3b15c134c0738d86198e4eeabe8cc23f781e51a240f4d47407d7a27cd49,,703f54515e6cc4b606392000716912c1ec33b0bf154fd665c4388b6dd3f0d990,e055e9ea9a832ab67a68b7cb17d8dbc373088e63e6f39fe36037564048488bc9,NA,NA,NA,8e+06,24041200,90c7c589dbbfaf14e7a1287fa250334ce92d712e1b442dea6fecf7eb4312110d
baseline,4,19,1000000,float,1,random,timing,compact,1,1,1.338,1.338,3b8ff5aa6cf40469034133724b402ecd24b2b1695cb55ebde239e358ad779336,7489b3b15c134c0738d86198e4eeabe8cc23f781e51a240f4d47407d7a27cd49,,a3ad3ea2732684145470cc2d6d75e690fb2cfb67d3cb80b6dc55066135eb7073,5ab0d517366eb1493dbfdacb26247bd872e9e39625942c7d818c46e25bb5e281,NA,NA,NA,8e+06,24041200,90c7c589dbbfaf14e7a1287fa250334ce92d712e1b442dea6fecf7eb4312110d
baseline,4,19,1000000,float,1,random,timing,ordinary,2,1,0.286999999999994,0.286000000000008,3b8ff5aa6cf40469034133724b402ecd24b2b1695cb55ebde239e358ad779336,7489b3b15c134c0738d86198e4eeabe8cc23f781e51a240f4d47407d7a27cd49,,a3ad3ea2732684145470cc2d6d75e690fb2cfb67d3cb80b6dc55066135eb7073,5ab0d517366eb1493dbfdacb26247bd872e9e39625942c7d818c46e25bb5e281,NA,NA,NA,8e+06,24041120,e56da4f502cedcfad3630714028c105bbeeb303114f29569641445b54eb769f2
baseline,4,19,1000000,float,1,random,timing,typed_double,3,1,1.22699999999999,1.227,3b8ff5aa6cf40469034133724b402ecd24b2b1695cb55ebde239e358ad779336,7489b3b15c134c0738d86198e4eeabe8cc23f781e51a240f4d47407d7a27cd49,,a3ad3ea2732684145470cc2d6d75e690fb2cfb67d3cb80b6dc55066135eb7073,5ab0d517366eb1493dbfdacb26247bd872e9e39625942c7d818c46e25bb5e281,NA,NA,NA,8e+06,24041072,e56da4f502cedcfad3630714028c105bbeeb303114f29569641445b54eb769f2
baseline,4,20,1000000,float,1,sorted,timing,typed_double,1,1,0.758999999999996,0.759999999999991,e13f5ee30f7975e3cdb08c823d2c61296d743f488a00c32d01d8f8488bc258af,7489b3b15c134c0738d86198e4eeabe8cc23f781e51a240f4d47407d7a27cd49,,1552b8035120a491922e642ee5661602cf17773c6e28ea936f7e2b2981848aa5,e055e9ea9a832ab67a68b7cb17d8dbc373088e63e6f39fe36037564048488bc9,NA,NA,NA,8e+06,24041072,e56da4f502cedcfad3630714028c105bbeeb303114f29569641445b54eb769f2
baseline,4,20,1000000,float,1,sorted,timing,compact,2,1,0.728000000000004,0.727999999999994,e13f5ee30f7975e3cdb08c823d2c61296d743f488a00c32d01d8f8488bc258af,7489b3b15c134c0738d86198e4eeabe8cc23f781e51a240f4d47407d7a27cd49,,1552b8035120a491922e642ee5661602cf17773c6e28ea936f7e2b2981848aa5,e055e9ea9a832ab67a68b7cb17d8dbc373088e63e6f39fe36037564048488bc9,NA,NA,NA,8e+06,24041200,90c7c589dbbfaf14e7a1287fa250334ce92d712e1b442dea6fecf7eb4312110d
baseline,4,20,1000000,float,1,sorted,timing,ordinary,3,2,0.288000000000006,0.286999999999992,e13f5ee30f7975e3cdb08c823d2c61296d743f488a00c32d01d8f8488bc258af,7489b3b15c134c0738d86198e4eeabe8cc23f781e51a240f4d47407d7a27cd49,,1552b8035120a491922e642ee5661602cf17773c6e28ea936f7e2b2981848aa5,e055e9ea9a832ab67a68b7cb17d8dbc373088e63e6f39fe36037564048488bc9,NA,NA,NA,8e+06,24041120,e56da4f502cedcfad3630714028c105bbeeb303114f29569641445b54eb769f2
baseline,5,1,100000,byte,1,random,timing,ordinary,1,6,0.139,0.14,611de18bdbc2635e1ae6c62e8cd601542cf8546cee7fe011fb989fb9b6d2c5e1,7489b3b15c134c0738d86198e4eeabe8cc23f781e51a240f4d47407d7a27cd49,,79ca59251cbf840b798536c6992ceae96b4d9a89e68b7f0ba6fd40ae59ea7d39,5ff104c4f202fc073ae8f7d3b98ec913f051efaf773d4a26b2e909b7826d85eb,NA,NA,NA,8e+05,2419128,e56da4f502cedcfad3630714028c105bbeeb303114f29569641445b54eb769f2
baseline,5,1,100000,byte,1,random,timing,compact,2,1,0.164,0.164,611de18bdbc2635e1ae6c62e8cd601542cf8546cee7fe011fb989fb9b6d2c5e1,7489b3b15c134c0738d86198e4eeabe8cc23f781e51a240f4d47407d7a27cd49,,79ca59251cbf840b798536c6992ceae96b4d9a89e68b7f0ba6fd40ae59ea7d39,5ff104c4f202fc073ae8f7d3b98ec913f051efaf773d4a26b2e909b7826d85eb,NA,NA,NA,8e+05,2401496,90c7c589dbbfaf14e7a1287fa250334ce92d712e1b442dea6fecf7eb4312110d
baseline,5,1,100000,byte,1,random,timing,typed_double,3,2,0.233,0.233,611de18bdbc2635e1ae6c62e8cd601542cf8546cee7fe011fb989fb9b6d2c5e1,7489b3b15c134c0738d86198e4eeabe8cc23f781e51a240f4d47407d7a27cd49,,79ca59251cbf840b798536c6992ceae96b4d9a89e68b7f0ba6fd40ae59ea7d39,5ff104c4f202fc073ae8f7d3b98ec913f051efaf773d4a26b2e909b7826d85eb,NA,NA,NA,8e+05,2401368,e56da4f502cedcfad3630714028c105bbeeb303114f29569641445b54eb769f2
baseline,5,2,100000,byte,1,sorted,timing,compact,1,3,0.193,0.193,b2ba4976e8fb73986642cd794254f383cea39d1f3a3ebf7d622ef5febc19b98c,7489b3b15c134c0738d86198e4eeabe8cc23f781e51a240f4d47407d7a27cd49,,983ceeeb21d19fc6681a93a21cd0a4aa3ec44b911c559338cc65523bda301240,bff0ccac5a55e2545a4398866f41489021804172b1914a6f436786ca490125f0,NA,NA,NA,8e+05,2401496,90c7c589dbbfaf14e7a1287fa250334ce92d712e1b442dea6fecf7eb4312110d
baseline,5,2,100000,byte,1,sorted,timing,typed_double,2,3,0.189,0.188,b2ba4976e8fb73986642cd794254f383cea39d1f3a3ebf7d622ef5febc19b98c,7489b3b15c134c0738d86198e4eeabe8cc23f781e51a240f4d47407d7a27cd49,,983ceeeb21d19fc6681a93a21cd0a4aa3ec44b911c559338cc65523bda301240,bff0ccac5a55e2545a4398866f41489021804172b1914a6f436786ca490125f0,NA,NA,NA,8e+05,2401368,e56da4f502cedcfad3630714028c105bbeeb303114f29569641445b54eb769f2
baseline,5,2,100000,byte,1,sorted,timing,ordinary,3,11,0.145,0.145,b2ba4976e8fb73986642cd794254f383cea39d1f3a3ebf7d622ef5febc19b98c,7489b3b15c134c0738d86198e4eeabe8cc23f781e51a240f4d47407d7a27cd49,,983ceeeb21d19fc6681a93a21cd0a4aa3ec44b911c559338cc65523bda301240,bff0ccac5a55e2545a4398866f41489021804172b1914a6f436786ca490125f0,NA,NA,NA,8e+05,2401416,e56da4f502cedcfad3630714028c105bbeeb303114f29569641445b54eb769f2
baseline,5,3,100000,byte,4,random,timing,typed_double,1,1,0.213,0.214,ffda5aaffec7ffbb58b5a3cd5ec3d81122b355f7db4ed2c104818038769dea8f,bd64d393fdb9b1a213989b298782d95b689ea3d4c8ebf87487dea0d46f6d8585,,71c6e51bf68dea3480d87bd4e483380e78c80874476c99a65ed1c24fc0dc2701,45685d585afcf2d259b31a2d8922723a51bd51b53581d528f52ff6ff472de32d,NA,NA,NA,3200000,2801232,692e68b5fdf4dcb6298baab418c8942336624627eb22682a5166460b2e9a1ef8
baseline,5,3,100000,byte,4,random,timing,ordinary,2,4,0.162999999999999,0.164,ffda5aaffec7ffbb58b5a3cd5ec3d81122b355f7db4ed2c104818038769dea8f,bd64d393fdb9b1a213989b298782d95b689ea3d4c8ebf87487dea0d46f6d8585,,71c6e51bf68dea3480d87bd4e483380e78c80874476c99a65ed1c24fc0dc2701,45685d585afcf2d259b31a2d8922723a51bd51b53581d528f52ff6ff472de32d,NA,NA,NA,3200000,2801424,692e68b5fdf4dcb6298baab418c8942336624627eb22682a5166460b2e9a1ef8
baseline,5,3,100000,byte,4,random,timing,compact,3,1,0.229,0.23,ffda5aaffec7ffbb58b5a3cd5ec3d81122b355f7db4ed2c104818038769dea8f,bd64d393fdb9b1a213989b298782d95b689ea3d4c8ebf87487dea0d46f6d8585,,71c6e51bf68dea3480d87bd4e483380e78c80874476c99a65ed1c24fc0dc2701,45685d585afcf2d259b31a2d8922723a51bd51b53581d528f52ff6ff472de32d,NA,NA,NA,3200000,2801744,55604d65dc286407e628e98d1a6cad78d8520977dd52a04e4cec45fdafef6ca7
baseline,5,4,100000,byte,4,sorted,timing,ordinary,1,6,0.151,0.15,c00804f2cdb8c5f3a3c84574d69ea5dbf006bd822d8f2186a3fa0aad17ad7422,bd64d393fdb9b1a213989b298782d95b689ea3d4c8ebf87487dea0d46f6d8585,,d459b3940c19caa3ce7a1f1d47e880f4ebdd851e030266bb0bc970c817adcce3,3511331d6bfaa4332efe7710355801dbbedb47920ed3242a042adb0e0c16a347,NA,NA,NA,3200000,2801424,692e68b5fdf4dcb6298baab418c8942336624627eb22682a5166460b2e9a1ef8
baseline,5,4,100000,byte,4,sorted,timing,compact,2,2,0.287,0.287000000000001,c00804f2cdb8c5f3a3c84574d69ea5dbf006bd822d8f2186a3fa0aad17ad7422,bd64d393fdb9b1a213989b298782d95b689ea3d4c8ebf87487dea0d46f6d8585,,d459b3940c19caa3ce7a1f1d47e880f4ebdd851e030266bb0bc970c817adcce3,3511331d6bfaa4332efe7710355801dbbedb47920ed3242a042adb0e0c16a347,NA,NA,NA,3200000,2801744,55604d65dc286407e628e98d1a6cad78d8520977dd52a04e4cec45fdafef6ca7
baseline,5,4,100000,byte,4,sorted,timing,typed_double,3,2,0.286999999999999,0.286999999999999,c00804f2cdb8c5f3a3c84574d69ea5dbf006bd822d8f2186a3fa0aad17ad7422,bd64d393fdb9b1a213989b298782d95b689ea3d4c8ebf87487dea0d46f6d8585,,d459b3940c19caa3ce7a1f1d47e880f4ebdd851e030266bb0bc970c817adcce3,3511331d6bfaa4332efe7710355801dbbedb47920ed3242a042adb0e0c16a347,NA,NA,NA,3200000,2801232,692e68b5fdf4dcb6298baab418c8942336624627eb22682a5166460b2e9a1ef8
baseline,5,5,100000,int,1,random,timing,compact,1,2,0.208,0.208,790e7ab0dca629a978c5f15f9866d33526f92648f40cb5cd3f8b04b18c7e5e12,7489b3b15c134c0738d86198e4eeabe8cc23f781e51a240f4d47407d7a27cd49,,2997003b2099d6d7c994178abe216c694cecda0419dea94ee17773c839d592f0,aae1303f43753abcfee5c3e2e9e23f0052fbbda0fadfbf38a534a2f63d4a4a07,NA,NA,NA,8e+05,2441200,90c7c589dbbfaf14e7a1287fa250334ce92d712e1b442dea6fecf7eb4312110d
baseline,5,5,100000,int,1,random,timing,typed_double,2,2,0.238,0.235999999999999,790e7ab0dca629a978c5f15f9866d33526f92648f40cb5cd3f8b04b18c7e5e12,7489b3b15c134c0738d86198e4eeabe8cc23f781e51a240f4d47407d7a27cd49,,2997003b2099d6d7c994178abe216c694cecda0419dea94ee17773c839d592f0,aae1303f43753abcfee5c3e2e9e23f0052fbbda0fadfbf38a534a2f63d4a4a07,NA,NA,NA,8e+05,2441072,e56da4f502cedcfad3630714028c105bbeeb303114f29569641445b54eb769f2
baseline,5,5,100000,int,1,random,timing,ordinary,3,6,0.151999999999999,0.151999999999999,790e7ab0dca629a978c5f15f9866d33526f92648f40cb5cd3f8b04b18c7e5e12,7489b3b15c134c0738d86198e4eeabe8cc23f781e51a240f4d47407d7a27cd49,,2997003b2099d6d7c994178abe216c694cecda0419dea94ee17773c839d592f0,aae1303f43753abcfee5c3e2e9e23f0052fbbda0fadfbf38a534a2f63d4a4a07,NA,NA,NA,8e+05,2441120,e56da4f502cedcfad3630714028c105bbeeb303114f29569641445b54eb769f2
baseline,5,6,100000,int,1,sorted,timing,typed_double,1,3,0.217000000000001,0.217000000000001,a52faec4fa0bb0f21a51be75968a4395435af5fda4231bab85297e0157e03974,7489b3b15c134c0738d86198e4eeabe8cc23f781e51a240f4d47407d7a27cd49,,db1959a5bac429757ccfde32823cf5986fa24e726b60f0a2bd496a5ea6c9191e,f2c6661dad014d79905785000eea38ec6082e215a4aaa0aac4947c645e78e561,NA,NA,NA,8e+05,2441072,e56da4f502cedcfad3630714028c105bbeeb303114f29569641445b54eb769f2
baseline,5,6,100000,int,1,sorted,timing,ordinary,2,10,0.151999999999999,0.154,a52faec4fa0bb0f21a51be75968a4395435af5fda4231bab85297e0157e03974,7489b3b15c134c0738d86198e4eeabe8cc23f781e51a240f4d47407d7a27cd49,,db1959a5bac429757ccfde32823cf5986fa24e726b60f0a2bd496a5ea6c9191e,f2c6661dad014d79905785000eea38ec6082e215a4aaa0aac4947c645e78e561,NA,NA,NA,8e+05,2441120,e56da4f502cedcfad3630714028c105bbeeb303114f29569641445b54eb769f2
baseline,5,6,100000,int,1,sorted,timing,compact,3,3,0.217,0.215999999999999,a52faec4fa0bb0f21a51be75968a4395435af5fda4231bab85297e0157e03974,7489b3b15c134c0738d86198e4eeabe8cc23f781e51a240f4d47407d7a27cd49,,db1959a5bac429757ccfde32823cf5986fa24e726b60f0a2bd496a5ea6c9191e,f2c6661dad014d79905785000eea38ec6082e215a4aaa0aac4947c645e78e561,NA,NA,NA,8e+05,2441200,90c7c589dbbfaf14e7a1287fa250334ce92d712e1b442dea6fecf7eb4312110d
baseline,5,7,100000,int,4,random,timing,ordinary,1,5,0.158,0.158000000000001,28570e6fb39ba10fbc26c9a5ba29b6d686680f95e46dd9ae04be81bda40fe2c6,bd64d393fdb9b1a213989b298782d95b689ea3d4c8ebf87487dea0d46f6d8585,,aff7ed7d2ab6d1b77b5e1290b89c4fbe3871041d0d819c20a2b431ed5ad102a8,d5b3f9c2a15801fe8ae51044015dcf16488edbb841928fd850be98b199f45c5c,NA,NA,NA,3200000,2802112,692e68b5fdf4dcb6298baab418c8942336624627eb22682a5166460b2e9a1ef8
baseline,5,7,100000,int,4,random,timing,compact,2,1,0.157000000000001,0.157,28570e6fb39ba10fbc26c9a5ba29b6d686680f95e46dd9ae04be81bda40fe2c6,bd64d393fdb9b1a213989b298782d95b689ea3d4c8ebf87487dea0d46f6d8585,,aff7ed7d2ab6d1b77b5e1290b89c4fbe3871041d0d819c20a2b431ed5ad102a8,d5b3f9c2a15801fe8ae51044015dcf16488edbb841928fd850be98b199f45c5c,NA,NA,NA,3200000,2802432,55604d65dc286407e628e98d1a6cad78d8520977dd52a04e4cec45fdafef6ca7
baseline,5,7,100000,int,4,random,timing,typed_double,3,2,0.296,0.297000000000001,28570e6fb39ba10fbc26c9a5ba29b6d686680f95e46dd9ae04be81bda40fe2c6,bd64d393fdb9b1a213989b298782d95b689ea3d4c8ebf87487dea0d46f6d8585,,aff7ed7d2ab6d1b77b5e1290b89c4fbe3871041d0d819c20a2b431ed5ad102a8,d5b3f9c2a15801fe8ae51044015dcf16488edbb841928fd850be98b199f45c5c,NA,NA,NA,3200000,2801920,692e68b5fdf4dcb6298baab418c8942336624627eb22682a5166460b2e9a1ef8
baseline,5,8,100000,int,4,sorted,timing,compact,1,2,0.205999999999999,0.206,150f33127c7414ac096d3c1f7675b1a8dbd6526c5c3b37a8a4c3cff75762748a,bd64d393fdb9b1a213989b298782d95b689ea3d4c8ebf87487dea0d46f6d8585,,aff3f2dfe98a92d596412f850cce402a277c4ca64dfa5da5b4ca182cde71dfbb,1c3397468f628a26ab2118271b997ec9c97fd7600b13938678a0a06761230548,NA,NA,NA,3200000,2802432,55604d65dc286407e628e98d1a6cad78d8520977dd52a04e4cec45fdafef6ca7
baseline,5,8,100000,int,4,sorted,timing,typed_double,2,2,0.213,0.214,150f33127c7414ac096d3c1f7675b1a8dbd6526c5c3b37a8a4c3cff75762748a,bd64d393fdb9b1a213989b298782d95b689ea3d4c8ebf87487dea0d46f6d8585,,aff3f2dfe98a92d596412f850cce402a277c4ca64dfa5da5b4ca182cde71dfbb,1c3397468f628a26ab2118271b997ec9c97fd7600b13938678a0a06761230548,NA,NA,NA,3200000,2801920,692e68b5fdf4dcb6298baab418c8942336624627eb22682a5166460b2e9a1ef8
baseline,5,8,100000,int,4,sorted,timing,ordinary,3,8,0.164,0.164999999999999,150f33127c7414ac096d3c1f7675b1a8dbd6526c5c3b37a8a4c3cff75762748a,bd64d393fdb9b1a213989b298782d95b689ea3d4c8ebf87487dea0d46f6d8585,,aff3f2dfe98a92d596412f850cce402a277c4ca64dfa5da5b4ca182cde71dfbb,1c3397468f628a26ab2118271b997ec9c97fd7600b13938678a0a06761230548,NA,NA,NA,3200000,2802112,692e68b5fdf4dcb6298baab418c8942336624627eb22682a5166460b2e9a1ef8
baseline,5,9,100000,long,1,random,timing,typed_double,1,2,0.227999999999997,0.228000000000002,790e7ab0dca629a978c5f15f9866d33526f92648f40cb5cd3f8b04b18c7e5e12,7489b3b15c134c0738d86198e4eeabe8cc23f781e51a240f4d47407d7a27cd49,,751bda1c3cc5aa6b0a51955579ca627ba8545238811eb3539c65292338bb2c6e,aae1303f43753abcfee5c3e2e9e23f0052fbbda0fadfbf38a534a2f63d4a4a07,NA,NA,NA,8e+05,2441072,e56da4f502cedcfad3630714028c105bbeeb303114f29569641445b54eb769f2
baseline,5,9,100000,long,1,random,timing,ordinary,2,6,0.150999999999999,0.151,790e7ab0dca629a978c5f15f9866d33526f92648f40cb5cd3f8b04b18c7e5e12,7489b3b15c134c0738d86198e4eeabe8cc23f781e51a240f4d47407d7a27cd49,,751bda1c3cc5aa6b0a51955579ca627ba8545238811eb3539c65292338bb2c6e,aae1303f43753abcfee5c3e2e9e23f0052fbbda0fadfbf38a534a2f63d4a4a07,NA,NA,NA,8e+05,2441120,e56da4f502cedcfad3630714028c105bbeeb303114f29569641445b54eb769f2
baseline,5,9,100000,long,1,random,timing,compact,3,2,0.249000000000002,0.248000000000001,790e7ab0dca629a978c5f15f9866d33526f92648f40cb5cd3f8b04b18c7e5e12,7489b3b15c134c0738d86198e4eeabe8cc23f781e51a240f4d47407d7a27cd49,,751bda1c3cc5aa6b0a51955579ca627ba8545238811eb3539c65292338bb2c6e,aae1303f43753abcfee5c3e2e9e23f0052fbbda0fadfbf38a534a2f63d4a4a07,NA,NA,NA,8e+05,2441200,90c7c589dbbfaf14e7a1287fa250334ce92d712e1b442dea6fecf7eb4312110d
baseline,5,10,100000,long,1,sorted,timing,ordinary,1,10,0.15,0.151,a52faec4fa0bb0f21a51be75968a4395435af5fda4231bab85297e0157e03974,7489b3b15c134c0738d86198e4eeabe8cc23f781e51a240f4d47407d7a27cd49,,1ea934f3f083d0cbb593ee245b2722e6fb3e91ab062e1ed17f8f9c8d5d24c3c1,f2c6661dad014d79905785000eea38ec6082e215a4aaa0aac4947c645e78e561,NA,NA,NA,8e+05,2441120,e56da4f502cedcfad3630714028c105bbeeb303114f29569641445b54eb769f2
baseline,5,10,100000,long,1,sorted,timing,compact,2,3,0.219,0.219999999999999,a52faec4fa0bb0f21a51be75968a4395435af5fda4231bab85297e0157e03974,7489b3b15c134c0738d86198e4eeabe8cc23f781e51a240f4d47407d7a27cd49,,1ea934f3f083d0cbb593ee245b2722e6fb3e91ab062e1ed17f8f9c8d5d24c3c1,f2c6661dad014d79905785000eea38ec6082e215a4aaa0aac4947c645e78e561,NA,NA,NA,8e+05,2441200,90c7c589dbbfaf14e7a1287fa250334ce92d712e1b442dea6fecf7eb4312110d
baseline,5,10,100000,long,1,sorted,timing,typed_double,3,3,0.214000000000001,0.215,a52faec4fa0bb0f21a51be75968a4395435af5fda4231bab85297e0157e03974,7489b3b15c134c0738d86198e4eeabe8cc23f781e51a240f4d47407d7a27cd49,,1ea934f3f083d0cbb593ee245b2722e6fb3e91ab062e1ed17f8f9c8d5d24c3c1,f2c6661dad014d79905785000eea38ec6082e215a4aaa0aac4947c645e78e561,NA,NA,NA,8e+05,2441072,e56da4f502cedcfad3630714028c105bbeeb303114f29569641445b54eb769f2
baseline,5,11,100000,long,4,random,timing,compact,1,1,0.153000000000001,0.154,28570e6fb39ba10fbc26c9a5ba29b6d686680f95e46dd9ae04be81bda40fe2c6,bd64d393fdb9b1a213989b298782d95b689ea3d4c8ebf87487dea0d46f6d8585,,6a561c8e859a4ca1eb5e1c65a05e4cda84f46397e6502ec8bf24a48cc9330769,d5b3f9c2a15801fe8ae51044015dcf16488edbb841928fd850be98b199f45c5c,NA,NA,NA,3200000,2802432,55604d65dc286407e628e98d1a6cad78d8520977dd52a04e4cec45fdafef6ca7
baseline,5,11,100000,long,4,random,timing,typed_double,2,1,0.15,0.149999999999999,28570e6fb39ba10fbc26c9a5ba29b6d686680f95e46dd9ae04be81bda40fe2c6,bd64d393fdb9b1a213989b298782d95b689ea3d4c8ebf87487dea0d46f6d8585,,6a561c8e859a4ca1eb5e1c65a05e4cda84f46397e6502ec8bf24a48cc9330769,d5b3f9c2a15801fe8ae51044015dcf16488edbb841928fd850be98b199f45c5c,NA,NA,NA,3200000,2801920,692e68b5fdf4dcb6298baab418c8942336624627eb22682a5166460b2e9a1ef8
baseline,5,11,100000,long,4,random,timing,ordinary,3,5,0.153,0.152000000000001,28570e6fb39ba10fbc26c9a5ba29b6d686680f95e46dd9ae04be81bda40fe2c6,bd64d393fdb9b1a213989b298782d95b689ea3d4c8ebf87487dea0d46f6d8585,,6a561c8e859a4ca1eb5e1c65a05e4cda84f46397e6502ec8bf24a48cc9330769,d5b3f9c2a15801fe8ae51044015dcf16488edbb841928fd850be98b199f45c5c,NA,NA,NA,3200000,2802112,692e68b5fdf4dcb6298baab418c8942336624627eb22682a5166460b2e9a1ef8
baseline,5,12,100000,long,4,sorted,timing,typed_double,1,2,0.202999999999997,0.204000000000001,150f33127c7414ac096d3c1f7675b1a8dbd6526c5c3b37a8a4c3cff75762748a,bd64d393fdb9b1a213989b298782d95b689ea3d4c8ebf87487dea0d46f6d8585,,f1c9883feda04e555205dbd80629014dd80776a9752271511c857a4ed7d5b024,1c3397468f628a26ab2118271b997ec9c97fd7600b13938678a0a06761230548,NA,NA,NA,3200000,2801920,692e68b5fdf4dcb6298baab418c8942336624627eb22682a5166460b2e9a1ef8
baseline,5,12,100000,long,4,sorted,timing,ordinary,2,8,0.160999999999999,0.161999999999999,150f33127c7414ac096d3c1f7675b1a8dbd6526c5c3b37a8a4c3cff75762748a,bd64d393fdb9b1a213989b298782d95b689ea3d4c8ebf87487dea0d46f6d8585,,f1c9883feda04e555205dbd80629014dd80776a9752271511c857a4ed7d5b024,1c3397468f628a26ab2118271b997ec9c97fd7600b13938678a0a06761230548,NA,NA,NA,3200000,2802112,692e68b5fdf4dcb6298baab418c8942336624627eb22682a5166460b2e9a1ef8
baseline,5,12,100000,long,4,sorted,timing,compact,3,2,0.215,0.213999999999999,150f33127c7414ac096d3c1f7675b1a8dbd6526c5c3b37a8a4c3cff75762748a,bd64d393fdb9b1a213989b298782d95b689ea3d4c8ebf87487dea0d46f6d8585,,f1c9883feda04e555205dbd80629014dd80776a9752271511c857a4ed7d5b024,1c3397468f628a26ab2118271b997ec9c97fd7600b13938678a0a06761230548,NA,NA,NA,3200000,2802432,55604d65dc286407e628e98d1a6cad78d8520977dd52a04e4cec45fdafef6ca7
baseline,5,13,100000,float,1,random,timing,ordinary,1,6,0.158000000000001,0.157,790e7ab0dca629a978c5f15f9866d33526f92648f40cb5cd3f8b04b18c7e5e12,7489b3b15c134c0738d86198e4eeabe8cc23f781e51a240f4d47407d7a27cd49,,23cfcddb626fee694223f7cbc18d4f117ef068e8bd115496d298cece1a718496,aae1303f43753abcfee5c3e2e9e23f0052fbbda0fadfbf38a534a2f63d4a4a07,NA,NA,NA,8e+05,2441120,e56da4f502cedcfad3630714028c105bbeeb303114f29569641445b54eb769f2
baseline,5,13,100000,float,1,random,timing,compact,2,2,0.246,0.245999999999999,790e7ab0dca629a978c5f15f9866d33526f92648f40cb5cd3f8b04b18c7e5e12,7489b3b15c134c0738d86198e4eeabe8cc23f781e51a240f4d47407d7a27cd49,,23cfcddb626fee694223f7cbc18d4f117ef068e8bd115496d298cece1a718496,aae1303f43753abcfee5c3e2e9e23f0052fbbda0fadfbf38a534a2f63d4a4a07,NA,NA,NA,8e+05,2441200,90c7c589dbbfaf14e7a1287fa250334ce92d712e1b442dea6fecf7eb4312110d
baseline,5,13,100000,float,1,random,timing,typed_double,3,2,0.233999999999997,0.233999999999998,790e7ab0dca629a978c5f15f9866d33526f92648f40cb5cd3f8b04b18c7e5e12,7489b3b15c134c0738d86198e4eeabe8cc23f781e51a240f4d47407d7a27cd49,,23cfcddb626fee694223f7cbc18d4f117ef068e8bd115496d298cece1a718496,aae1303f43753abcfee5c3e2e9e23f0052fbbda0fadfbf38a534a2f63d4a4a07,NA,NA,NA,8e+05,2441072,e56da4f502cedcfad3630714028c105bbeeb303114f29569641445b54eb769f2
baseline,5,14,100000,float,1,sorted,timing,compact,1,3,0.227,0.227,a52faec4fa0bb0f21a51be75968a4395435af5fda4231bab85297e0157e03974,7489b3b15c134c0738d86198e4eeabe8cc23f781e51a240f4d47407d7a27cd49,,87d40b2334b7e6c59df44017642222b0038c34062869308912cd786c77e53d77,f2c6661dad014d79905785000eea38ec6082e215a4aaa0aac4947c645e78e561,NA,NA,NA,8e+05,2441200,90c7c589dbbfaf14e7a1287fa250334ce92d712e1b442dea6fecf7eb4312110d
baseline,5,14,100000,float,1,sorted,timing,typed_double,2,3,0.187999999999999,0.189,a52faec4fa0bb0f21a51be75968a4395435af5fda4231bab85297e0157e03974,7489b3b15c134c0738d86198e4eeabe8cc23f781e51a240f4d47407d7a27cd49,,87d40b2334b7e6c59df44017642222b0038c34062869308912cd786c77e53d77,f2c6661dad014d79905785000eea38ec6082e215a4aaa0aac4947c645e78e561,NA,NA,NA,8e+05,2441072,e56da4f502cedcfad3630714028c105bbeeb303114f29569641445b54eb769f2
baseline,5,14,100000,float,1,sorted,timing,ordinary,3,12,0.157,0.155999999999999,a52faec4fa0bb0f21a51be75968a4395435af5fda4231bab85297e0157e03974,7489b3b15c134c0738d86198e4eeabe8cc23f781e51a240f4d47407d7a27cd49,,87d40b2334b7e6c59df44017642222b0038c34062869308912cd786c77e53d77,f2c6661dad014d79905785000eea38ec6082e215a4aaa0aac4947c645e78e561,NA,NA,NA,8e+05,2441120,e56da4f502cedcfad3630714028c105bbeeb303114f29569641445b54eb769f2
baseline,5,15,100000,float,4,random,timing,typed_double,1,1,0.169,0.169999999999998,28570e6fb39ba10fbc26c9a5ba29b6d686680f95e46dd9ae04be81bda40fe2c6,bd64d393fdb9b1a213989b298782d95b689ea3d4c8ebf87487dea0d46f6d8585,,713ae766cb7266f7c774d9e74951f47c6d8fa3fb644d7de510b4b899c94f6399,d5b3f9c2a15801fe8ae51044015dcf16488edbb841928fd850be98b199f45c5c,NA,NA,NA,3200000,2801920,692e68b5fdf4dcb6298baab418c8942336624627eb22682a5166460b2e9a1ef8
baseline,5,15,100000,float,4,random,timing,ordinary,2,5,0.144000000000002,0.144000000000002,28570e6fb39ba10fbc26c9a5ba29b6d686680f95e46dd9ae04be81bda40fe2c6,bd64d393fdb9b1a213989b298782d95b689ea3d4c8ebf87487dea0d46f6d8585,,713ae766cb7266f7c774d9e74951f47c6d8fa3fb644d7de510b4b899c94f6399,d5b3f9c2a15801fe8ae51044015dcf16488edbb841928fd850be98b199f45c5c,NA,NA,NA,3200000,2802112,692e68b5fdf4dcb6298baab418c8942336624627eb22682a5166460b2e9a1ef8
baseline,5,15,100000,float,4,random,timing,compact,3,2,0.289999999999998,0.288999999999998,28570e6fb39ba10fbc26c9a5ba29b6d686680f95e46dd9ae04be81bda40fe2c6,bd64d393fdb9b1a213989b298782d95b689ea3d4c8ebf87487dea0d46f6d8585,,713ae766cb7266f7c774d9e74951f47c6d8fa3fb644d7de510b4b899c94f6399,d5b3f9c2a15801fe8ae51044015dcf16488edbb841928fd850be98b199f45c5c,NA,NA,NA,3200000,2802432,55604d65dc286407e628e98d1a6cad78d8520977dd52a04e4cec45fdafef6ca7
baseline,5,16,100000,float,4,sorted,timing,ordinary,1,9,0.164,0.164000000000001,150f33127c7414ac096d3c1f7675b1a8dbd6526c5c3b37a8a4c3cff75762748a,bd64d393fdb9b1a213989b298782d95b689ea3d4c8ebf87487dea0d46f6d8585,,01653bef0c2c3143e8632da935baee80ac5550fc2dcd732b63e9b1ebf060b3cd,1c3397468f628a26ab2118271b997ec9c97fd7600b13938678a0a06761230548,NA,NA,NA,3200000,2802112,692e68b5fdf4dcb6298baab418c8942336624627eb22682a5166460b2e9a1ef8
baseline,5,16,100000,float,4,sorted,timing,compact,2,2,0.181000000000001,0.181000000000001,150f33127c7414ac096d3c1f7675b1a8dbd6526c5c3b37a8a4c3cff75762748a,bd64d393fdb9b1a213989b298782d95b689ea3d4c8ebf87487dea0d46f6d8585,,01653bef0c2c3143e8632da935baee80ac5550fc2dcd732b63e9b1ebf060b3cd,1c3397468f628a26ab2118271b997ec9c97fd7600b13938678a0a06761230548,NA,NA,NA,3200000,2802432,55604d65dc286407e628e98d1a6cad78d8520977dd52a04e4cec45fdafef6ca7
baseline,5,16,100000,float,4,sorted,timing,typed_double,3,2,0.175999999999998,0.177,150f33127c7414ac096d3c1f7675b1a8dbd6526c5c3b37a8a4c3cff75762748a,bd64d393fdb9b1a213989b298782d95b689ea3d4c8ebf87487dea0d46f6d8585,,01653bef0c2c3143e8632da935baee80ac5550fc2dcd732b63e9b1ebf060b3cd,1c3397468f628a26ab2118271b997ec9c97fd7600b13938678a0a06761230548,NA,NA,NA,3200000,2801920,692e68b5fdf4dcb6298baab418c8942336624627eb22682a5166460b2e9a1ef8
baseline,5,17,1000000,int,1,random,timing,compact,1,1,1.2,1.2,3b8ff5aa6cf40469034133724b402ecd24b2b1695cb55ebde239e358ad779336,7489b3b15c134c0738d86198e4eeabe8cc23f781e51a240f4d47407d7a27cd49,,a10821ac1bb8d4a975da3ac98d55a939b046be2a393f527e4f9581ff0161270f,5ab0d517366eb1493dbfdacb26247bd872e9e39625942c7d818c46e25bb5e281,NA,NA,NA,8e+06,24041200,90c7c589dbbfaf14e7a1287fa250334ce92d712e1b442dea6fecf7eb4312110d
baseline,5,17,1000000,int,1,random,timing,typed_double,2,1,1.214,1.214,3b8ff5aa6cf40469034133724b402ecd24b2b1695cb55ebde239e358ad779336,7489b3b15c134c0738d86198e4eeabe8cc23f781e51a240f4d47407d7a27cd49,,a10821ac1bb8d4a975da3ac98d55a939b046be2a393f527e4f9581ff0161270f,5ab0d517366eb1493dbfdacb26247bd872e9e39625942c7d818c46e25bb5e281,NA,NA,NA,8e+06,24041072,e56da4f502cedcfad3630714028c105bbeeb303114f29569641445b54eb769f2
baseline,5,17,1000000,int,1,random,timing,ordinary,3,1,0.264000000000003,0.264000000000003,3b8ff5aa6cf40469034133724b402ecd24b2b1695cb55ebde239e358ad779336,7489b3b15c134c0738d86198e4eeabe8cc23f781e51a240f4d47407d7a27cd49,,a10821ac1bb8d4a975da3ac98d55a939b046be2a393f527e4f9581ff0161270f,5ab0d517366eb1493dbfdacb26247bd872e9e39625942c7d818c46e25bb5e281,NA,NA,NA,8e+06,24041120,e56da4f502cedcfad3630714028c105bbeeb303114f29569641445b54eb769f2
baseline,5,18,1000000,int,1,sorted,timing,typed_double,1,1,0.684,0.683999999999997,e13f5ee30f7975e3cdb08c823d2c61296d743f488a00c32d01d8f8488bc258af,7489b3b15c134c0738d86198e4eeabe8cc23f781e51a240f4d47407d7a27cd49,,703f54515e6cc4b606392000716912c1ec33b0bf154fd665c4388b6dd3f0d990,e055e9ea9a832ab67a68b7cb17d8dbc373088e63e6f39fe36037564048488bc9,NA,NA,NA,8e+06,24041072,e56da4f502cedcfad3630714028c105bbeeb303114f29569641445b54eb769f2
baseline,5,18,1000000,int,1,sorted,timing,ordinary,2,2,0.282000000000006,0.283000000000001,e13f5ee30f7975e3cdb08c823d2c61296d743f488a00c32d01d8f8488bc258af,7489b3b15c134c0738d86198e4eeabe8cc23f781e51a240f4d47407d7a27cd49,,703f54515e6cc4b606392000716912c1ec33b0bf154fd665c4388b6dd3f0d990,e055e9ea9a832ab67a68b7cb17d8dbc373088e63e6f39fe36037564048488bc9,NA,NA,NA,8e+06,24041120,e56da4f502cedcfad3630714028c105bbeeb303114f29569641445b54eb769f2
baseline,5,18,1000000,int,1,sorted,timing,compact,3,1,0.689000000000002,0.689999999999998,e13f5ee30f7975e3cdb08c823d2c61296d743f488a00c32d01d8f8488bc258af,7489b3b15c134c0738d86198e4eeabe8cc23f781e51a240f4d47407d7a27cd49,,703f54515e6cc4b606392000716912c1ec33b0bf154fd665c4388b6dd3f0d990,e055e9ea9a832ab67a68b7cb17d8dbc373088e63e6f39fe36037564048488bc9,NA,NA,NA,8e+06,24041200,90c7c589dbbfaf14e7a1287fa250334ce92d712e1b442dea6fecf7eb4312110d
baseline,5,19,1000000,float,1,random,timing,ordinary,1,1,0.285000000000004,0.285000000000004,3b8ff5aa6cf40469034133724b402ecd24b2b1695cb55ebde239e358ad779336,7489b3b15c134c0738d86198e4eeabe8cc23f781e51a240f4d47407d7a27cd49,,a3ad3ea2732684145470cc2d6d75e690fb2cfb67d3cb80b6dc55066135eb7073,5ab0d517366eb1493dbfdacb26247bd872e9e39625942c7d818c46e25bb5e281,NA,NA,NA,8e+06,24041120,e56da4f502cedcfad3630714028c105bbeeb303114f29569641445b54eb769f2
baseline,5,19,1000000,float,1,random,timing,compact,2,1,1.31,1.31,3b8ff5aa6cf40469034133724b402ecd24b2b1695cb55ebde239e358ad779336,7489b3b15c134c0738d86198e4eeabe8cc23f781e51a240f4d47407d7a27cd49,,a3ad3ea2732684145470cc2d6d75e690fb2cfb67d3cb80b6dc55066135eb7073,5ab0d517366eb1493dbfdacb26247bd872e9e39625942c7d818c46e25bb5e281,NA,NA,NA,8e+06,24041200,90c7c589dbbfaf14e7a1287fa250334ce92d712e1b442dea6fecf7eb4312110d
baseline,5,19,1000000,float,1,random,timing,typed_double,3,1,1.284,1.285,3b8ff5aa6cf40469034133724b402ecd24b2b1695cb55ebde239e358ad779336,7489b3b15c134c0738d86198e4eeabe8cc23f781e51a240f4d47407d7a27cd49,,a3ad3ea2732684145470cc2d6d75e690fb2cfb67d3cb80b6dc55066135eb7073,5ab0d517366eb1493dbfdacb26247bd872e9e39625942c7d818c46e25bb5e281,NA,NA,NA,8e+06,24041072,e56da4f502cedcfad3630714028c105bbeeb303114f29569641445b54eb769f2
baseline,5,20,1000000,float,1,sorted,timing,compact,1,1,0.743000000000004,0.742999999999995,e13f5ee30f7975e3cdb08c823d2c61296d743f488a00c32d01d8f8488bc258af,7489b3b15c134c0738d86198e4eeabe8cc23f781e51a240f4d47407d7a27cd49,,1552b8035120a491922e642ee5661602cf17773c6e28ea936f7e2b2981848aa5,e055e9ea9a832ab67a68b7cb17d8dbc373088e63e6f39fe36037564048488bc9,NA,NA,NA,8e+06,24041200,90c7c589dbbfaf14e7a1287fa250334ce92d712e1b442dea6fecf7eb4312110d
baseline,5,20,1000000,float,1,sorted,timing,typed_double,2,1,0.727000000000004,0.72699999999999,e13f5ee30f7975e3cdb08c823d2c61296d743f488a00c32d01d8f8488bc258af,7489b3b15c134c0738d86198e4eeabe8cc23f781e51a240f4d47407d7a27cd49,,1552b8035120a491922e642ee5661602cf17773c6e28ea936f7e2b2981848aa5,e055e9ea9a832ab67a68b7cb17d8dbc373088e63e6f39fe36037564048488bc9,NA,NA,NA,8e+06,24041072,e56da4f502cedcfad3630714028c105bbeeb303114f29569641445b54eb769f2
baseline,5,20,1000000,float,1,sorted,timing,ordinary,3,2,0.296999999999997,0.298000000000002,e13f5ee30f7975e3cdb08c823d2c61296d743f488a00c32d01d8f8488bc258af,7489b3b15c134c0738d86198e4eeabe8cc23f781e51a240f4d47407d7a27cd49,,1552b8035120a491922e642ee5661602cf17773c6e28ea936f7e2b2981848aa5,e055e9ea9a832ab67a68b7cb17d8dbc373088e63e6f39fe36037564048488bc9,NA,NA,NA,8e+06,24041120,e56da4f502cedcfad3630714028c105bbeeb303114f29569641445b54eb769f2
candidate,5,1,100000,byte,1,random,timing,ordinary,1,20,0.153,0.153,611de18bdbc2635e1ae6c62e8cd601542cf8546cee7fe011fb989fb9b6d2c5e1,7489b3b15c134c0738d86198e4eeabe8cc23f781e51a240f4d47407d7a27cd49,,79ca59251cbf840b798536c6992ceae96b4d9a89e68b7f0ba6fd40ae59ea7d39,5ff104c4f202fc073ae8f7d3b98ec913f051efaf773d4a26b2e909b7826d85eb,0,1e+05,8e+05,8e+05,3317600,e56da4f502cedcfad3630714028c105bbeeb303114f29569641445b54eb769f2
candidate,5,1,100000,byte,1,random,timing,compact,2,21,0.157,0.156,611de18bdbc2635e1ae6c62e8cd601542cf8546cee7fe011fb989fb9b6d2c5e1,7489b3b15c134c0738d86198e4eeabe8cc23f781e51a240f4d47407d7a27cd49,,79ca59251cbf840b798536c6992ceae96b4d9a89e68b7f0ba6fd40ae59ea7d39,5ff104c4f202fc073ae8f7d3b98ec913f051efaf773d4a26b2e909b7826d85eb,0,1e+05,8e+05,8e+05,3299840,90c7c589dbbfaf14e7a1287fa250334ce92d712e1b442dea6fecf7eb4312110d
candidate,5,1,100000,byte,1,random,timing,typed_double,3,20,0.154,0.155,611de18bdbc2635e1ae6c62e8cd601542cf8546cee7fe011fb989fb9b6d2c5e1,7489b3b15c134c0738d86198e4eeabe8cc23f781e51a240f4d47407d7a27cd49,,79ca59251cbf840b798536c6992ceae96b4d9a89e68b7f0ba6fd40ae59ea7d39,5ff104c4f202fc073ae8f7d3b98ec913f051efaf773d4a26b2e909b7826d85eb,0,1e+05,8e+05,8e+05,3299840,e56da4f502cedcfad3630714028c105bbeeb303114f29569641445b54eb769f2
candidate,5,2,100000,byte,1,sorted,timing,compact,1,46,0.152,0.152,b2ba4976e8fb73986642cd794254f383cea39d1f3a3ebf7d622ef5febc19b98c,7489b3b15c134c0738d86198e4eeabe8cc23f781e51a240f4d47407d7a27cd49,,983ceeeb21d19fc6681a93a21cd0a4aa3ec44b911c559338cc65523bda301240,bff0ccac5a55e2545a4398866f41489021804172b1914a6f436786ca490125f0,0,1e+05,8e+05,8e+05,3299840,90c7c589dbbfaf14e7a1287fa250334ce92d712e1b442dea6fecf7eb4312110d
candidate,5,2,100000,byte,1,sorted,timing,typed_double,2,46,0.152,0.153,b2ba4976e8fb73986642cd794254f383cea39d1f3a3ebf7d622ef5febc19b98c,7489b3b15c134c0738d86198e4eeabe8cc23f781e51a240f4d47407d7a27cd49,,983ceeeb21d19fc6681a93a21cd0a4aa3ec44b911c559338cc65523bda301240,bff0ccac5a55e2545a4398866f41489021804172b1914a6f436786ca490125f0,0,1e+05,8e+05,8e+05,3299840,e56da4f502cedcfad3630714028c105bbeeb303114f29569641445b54eb769f2
candidate,5,2,100000,byte,1,sorted,timing,ordinary,3,47,0.154,0.154,b2ba4976e8fb73986642cd794254f383cea39d1f3a3ebf7d622ef5febc19b98c,7489b3b15c134c0738d86198e4eeabe8cc23f781e51a240f4d47407d7a27cd49,,983ceeeb21d19fc6681a93a21cd0a4aa3ec44b911c559338cc65523bda301240,bff0ccac5a55e2545a4398866f41489021804172b1914a6f436786ca490125f0,0,1e+05,8e+05,8e+05,3299888,e56da4f502cedcfad3630714028c105bbeeb303114f29569641445b54eb769f2
candidate,5,3,100000,byte,4,random,timing,typed_double,1,11,0.159,0.159,ffda5aaffec7ffbb58b5a3cd5ec3d81122b355f7db4ed2c104818038769dea8f,bd64d393fdb9b1a213989b298782d95b689ea3d4c8ebf87487dea0d46f6d8585,,71c6e51bf68dea3480d87bd4e483380e78c80874476c99a65ed1c24fc0dc2701,45685d585afcf2d259b31a2d8922723a51bd51b53581d528f52ff6ff472de32d,0,4e+05,3200000,3200000,6100168,692e68b5fdf4dcb6298baab418c8942336624627eb22682a5166460b2e9a1ef8
candidate,5,3,100000,byte,4,random,timing,ordinary,2,11,0.159,0.159,ffda5aaffec7ffbb58b5a3cd5ec3d81122b355f7db4ed2c104818038769dea8f,bd64d393fdb9b1a213989b298782d95b689ea3d4c8ebf87487dea0d46f6d8585,,71c6e51bf68dea3480d87bd4e483380e78c80874476c99a65ed1c24fc0dc2701,45685d585afcf2d259b31a2d8922723a51bd51b53581d528f52ff6ff472de32d,0,4e+05,3200000,3200000,6100360,692e68b5fdf4dcb6298baab418c8942336624627eb22682a5166460b2e9a1ef8
candidate,5,3,100000,byte,4,random,timing,compact,3,11,0.159,0.159,ffda5aaffec7ffbb58b5a3cd5ec3d81122b355f7db4ed2c104818038769dea8f,bd64d393fdb9b1a213989b298782d95b689ea3d4c8ebf87487dea0d46f6d8585,,71c6e51bf68dea3480d87bd4e483380e78c80874476c99a65ed1c24fc0dc2701,45685d585afcf2d259b31a2d8922723a51bd51b53581d528f52ff6ff472de32d,0,4e+05,3200000,3200000,6100168,55604d65dc286407e628e98d1a6cad78d8520977dd52a04e4cec45fdafef6ca7
candidate,5,4,100000,byte,4,sorted,timing,ordinary,1,26,0.159,0.159,c00804f2cdb8c5f3a3c84574d69ea5dbf006bd822d8f2186a3fa0aad17ad7422,bd64d393fdb9b1a213989b298782d95b689ea3d4c8ebf87487dea0d46f6d8585,,d459b3940c19caa3ce7a1f1d47e880f4ebdd851e030266bb0bc970c817adcce3,3511331d6bfaa4332efe7710355801dbbedb47920ed3242a042adb0e0c16a347,0,4e+05,3200000,3200000,6100360,692e68b5fdf4dcb6298baab418c8942336624627eb22682a5166460b2e9a1ef8
candidate,5,4,100000,byte,4,sorted,timing,compact,2,25,0.148,0.148,c00804f2cdb8c5f3a3c84574d69ea5dbf006bd822d8f2186a3fa0aad17ad7422,bd64d393fdb9b1a213989b298782d95b689ea3d4c8ebf87487dea0d46f6d8585,,d459b3940c19caa3ce7a1f1d47e880f4ebdd851e030266bb0bc970c817adcce3,3511331d6bfaa4332efe7710355801dbbedb47920ed3242a042adb0e0c16a347,0,4e+05,3200000,3200000,6100168,55604d65dc286407e628e98d1a6cad78d8520977dd52a04e4cec45fdafef6ca7
candidate,5,4,100000,byte,4,sorted,timing,typed_double,3,25,0.15,0.151,c00804f2cdb8c5f3a3c84574d69ea5dbf006bd822d8f2186a3fa0aad17ad7422,bd64d393fdb9b1a213989b298782d95b689ea3d4c8ebf87487dea0d46f6d8585,,d459b3940c19caa3ce7a1f1d47e880f4ebdd851e030266bb0bc970c817adcce3,3511331d6bfaa4332efe7710355801dbbedb47920ed3242a042adb0e0c16a347,0,4e+05,3200000,3200000,6100168,692e68b5fdf4dcb6298baab418c8942336624627eb22682a5166460b2e9a1ef8
candidate,5,5,100000,int,1,random,timing,compact,1,18,0.154,0.153,790e7ab0dca629a978c5f15f9866d33526f92648f40cb5cd3f8b04b18c7e5e12,7489b3b15c134c0738d86198e4eeabe8cc23f781e51a240f4d47407d7a27cd49,,2997003b2099d6d7c994178abe216c694cecda0419dea94ee17773c839d592f0,aae1303f43753abcfee5c3e2e9e23f0052fbbda0fadfbf38a534a2f63d4a4a07,0,1e+05,8e+05,8e+05,3339544,90c7c589dbbfaf14e7a1287fa250334ce92d712e1b442dea6fecf7eb4312110d
candidate,5,5,100000,int,1,random,timing,typed_double,2,18,0.154,0.153,790e7ab0dca629a978c5f15f9866d33526f92648f40cb5cd3f8b04b18c7e5e12,7489b3b15c134c0738d86198e4eeabe8cc23f781e51a240f4d47407d7a27cd49,,2997003b2099d6d7c994178abe216c694cecda0419dea94ee17773c839d592f0,aae1303f43753abcfee5c3e2e9e23f0052fbbda0fadfbf38a534a2f63d4a4a07,0,1e+05,8e+05,8e+05,3339544,e56da4f502cedcfad3630714028c105bbeeb303114f29569641445b54eb769f2
candidate,5,5,100000,int,1,random,timing,ordinary,3,18,0.154000000000001,0.154000000000001,790e7ab0dca629a978c5f15f9866d33526f92648f40cb5cd3f8b04b18c7e5e12,7489b3b15c134c0738d86198e4eeabe8cc23f781e51a240f4d47407d7a27cd49,,2997003b2099d6d7c994178abe216c694cecda0419dea94ee17773c839d592f0,aae1303f43753abcfee5c3e2e9e23f0052fbbda0fadfbf38a534a2f63d4a4a07,0,1e+05,8e+05,8e+05,3339592,e56da4f502cedcfad3630714028c105bbeeb303114f29569641445b54eb769f2
candidate,5,6,100000,int,1,sorted,timing,typed_double,1,38,0.150999999999999,0.149,a52faec4fa0bb0f21a51be75968a4395435af5fda4231bab85297e0157e03974,7489b3b15c134c0738d86198e4eeabe8cc23f781e51a240f4d47407d7a27cd49,,db1959a5bac429757ccfde32823cf5986fa24e726b60f0a2bd496a5ea6c9191e,f2c6661dad014d79905785000eea38ec6082e215a4aaa0aac4947c645e78e561,0,1e+05,8e+05,8e+05,3339544,e56da4f502cedcfad3630714028c105bbeeb303114f29569641445b54eb769f2
candidate,5,6,100000,int,1,sorted,timing,ordinary,2,38,0.149999999999999,0.149999999999999,a52faec4fa0bb0f21a51be75968a4395435af5fda4231bab85297e0157e03974,7489b3b15c134c0738d86198e4eeabe8cc23f781e51a240f4d47407d7a27cd49,,db1959a5bac429757ccfde32823cf5986fa24e726b60f0a2bd496a5ea6c9191e,f2c6661dad014d79905785000eea38ec6082e215a4aaa0aac4947c645e78e561,0,1e+05,8e+05,8e+05,3339592,e56da4f502cedcfad3630714028c105bbeeb303114f29569641445b54eb769f2
candidate,5,6,100000,int,1,sorted,timing,compact,3,38,0.15,0.15,a52faec4fa0bb0f21a51be75968a4395435af5fda4231bab85297e0157e03974,7489b3b15c134c0738d86198e4eeabe8cc23f781e51a240f4d47407d7a27cd49,,db1959a5bac429757ccfde32823cf5986fa24e726b60f0a2bd496a5ea6c9191e,f2c6661dad014d79905785000eea38ec6082e215a4aaa0aac4947c645e78e561,0,1e+05,8e+05,8e+05,3339544,90c7c589dbbfaf14e7a1287fa250334ce92d712e1b442dea6fecf7eb4312110d
candidate,5,7,100000,int,4,random,timing,ordinary,1,13,0.154,0.154,28570e6fb39ba10fbc26c9a5ba29b6d686680f95e46dd9ae04be81bda40fe2c6,bd64d393fdb9b1a213989b298782d95b689ea3d4c8ebf87487dea0d46f6d8585,,aff7ed7d2ab6d1b77b5e1290b89c4fbe3871041d0d819c20a2b431ed5ad102a8,d5b3f9c2a15801fe8ae51044015dcf16488edbb841928fd850be98b199f45c5c,0,4e+05,3200000,3200000,6101048,692e68b5fdf4dcb6298baab418c8942336624627eb22682a5166460b2e9a1ef8
candidate,5,7,100000,int,4,random,timing,compact,2,14,0.165,0.165,28570e6fb39ba10fbc26c9a5ba29b6d686680f95e46dd9ae04be81bda40fe2c6,bd64d393fdb9b1a213989b298782d95b689ea3d4c8ebf87487dea0d46f6d8585,,aff7ed7d2ab6d1b77b5e1290b89c4fbe3871041d0d819c20a2b431ed5ad102a8,d5b3f9c2a15801fe8ae51044015dcf16488edbb841928fd850be98b199f45c5c,0,4e+05,3200000,3200000,6100856,55604d65dc286407e628e98d1a6cad78d8520977dd52a04e4cec45fdafef6ca7
candidate,5,7,100000,int,4,random,timing,typed_double,3,13,0.151,0.152,28570e6fb39ba10fbc26c9a5ba29b6d686680f95e46dd9ae04be81bda40fe2c6,bd64d393fdb9b1a213989b298782d95b689ea3d4c8ebf87487dea0d46f6d8585,,aff7ed7d2ab6d1b77b5e1290b89c4fbe3871041d0d819c20a2b431ed5ad102a8,d5b3f9c2a15801fe8ae51044015dcf16488edbb841928fd850be98b199f45c5c,0,4e+05,3200000,3200000,6100856,692e68b5fdf4dcb6298baab418c8942336624627eb22682a5166460b2e9a1ef8
candidate,5,8,100000,int,4,sorted,timing,compact,1,30,0.173,0.174,150f33127c7414ac096d3c1f7675b1a8dbd6526c5c3b37a8a4c3cff75762748a,bd64d393fdb9b1a213989b298782d95b689ea3d4c8ebf87487dea0d46f6d8585,,aff3f2dfe98a92d596412f850cce402a277c4ca64dfa5da5b4ca182cde71dfbb,1c3397468f628a26ab2118271b997ec9c97fd7600b13938678a0a06761230548,0,4e+05,3200000,3200000,6100856,55604d65dc286407e628e98d1a6cad78d8520977dd52a04e4cec45fdafef6ca7
candidate,5,8,100000,int,4,sorted,timing,typed_double,2,27,0.147,0.146999999999998,150f33127c7414ac096d3c1f7675b1a8dbd6526c5c3b37a8a4c3cff75762748a,bd64d393fdb9b1a213989b298782d95b689ea3d4c8ebf87487dea0d46f6d8585,,aff3f2dfe98a92d596412f850cce402a277c4ca64dfa5da5b4ca182cde71dfbb,1c3397468f628a26ab2118271b997ec9c97fd7600b13938678a0a06761230548,0,4e+05,3200000,3200000,6100856,692e68b5fdf4dcb6298baab418c8942336624627eb22682a5166460b2e9a1ef8
candidate,5,8,100000,int,4,sorted,timing,ordinary,3,29,0.161000000000001,0.161,150f33127c7414ac096d3c1f7675b1a8dbd6526c5c3b37a8a4c3cff75762748a,bd64d393fdb9b1a213989b298782d95b689ea3d4c8ebf87487dea0d46f6d8585,,aff3f2dfe98a92d596412f850cce402a277c4ca64dfa5da5b4ca182cde71dfbb,1c3397468f628a26ab2118271b997ec9c97fd7600b13938678a0a06761230548,0,4e+05,3200000,3200000,6101048,692e68b5fdf4dcb6298baab418c8942336624627eb22682a5166460b2e9a1ef8
candidate,5,9,100000,long,1,random,timing,typed_double,1,18,0.154000000000002,0.155000000000001,790e7ab0dca629a978c5f15f9866d33526f92648f40cb5cd3f8b04b18c7e5e12,7489b3b15c134c0738d86198e4eeabe8cc23f781e51a240f4d47407d7a27cd49,,751bda1c3cc5aa6b0a51955579ca627ba8545238811eb3539c65292338bb2c6e,aae1303f43753abcfee5c3e2e9e23f0052fbbda0fadfbf38a534a2f63d4a4a07,0,1e+05,8e+05,8e+05,3339544,e56da4f502cedcfad3630714028c105bbeeb303114f29569641445b54eb769f2
candidate,5,9,100000,long,1,random,timing,ordinary,2,18,0.154999999999999,0.155999999999999,790e7ab0dca629a978c5f15f9866d33526f92648f40cb5cd3f8b04b18c7e5e12,7489b3b15c134c0738d86198e4eeabe8cc23f781e51a240f4d47407d7a27cd49,,751bda1c3cc5aa6b0a51955579ca627ba8545238811eb3539c65292338bb2c6e,aae1303f43753abcfee5c3e2e9e23f0052fbbda0fadfbf38a534a2f63d4a4a07,0,1e+05,8e+05,8e+05,3339592,e56da4f502cedcfad3630714028c105bbeeb303114f29569641445b54eb769f2
candidate,5,9,100000,long,1,random,timing,compact,3,18,0.154,0.154,790e7ab0dca629a978c5f15f9866d33526f92648f40cb5cd3f8b04b18c7e5e12,7489b3b15c134c0738d86198e4eeabe8cc23f781e51a240f4d47407d7a27cd49,,751bda1c3cc5aa6b0a51955579ca627ba8545238811eb3539c65292338bb2c6e,aae1303f43753abcfee5c3e2e9e23f0052fbbda0fadfbf38a534a2f63d4a4a07,0,1e+05,8e+05,8e+05,3339544,90c7c589dbbfaf14e7a1287fa250334ce92d712e1b442dea6fecf7eb4312110d
candidate,5,10,100000,long,1,sorted,timing,ordinary,1,39,0.155000000000001,0.154999999999999,a52faec4fa0bb0f21a51be75968a4395435af5fda4231bab85297e0157e03974,7489b3b15c134c0738d86198e4eeabe8cc23f781e51a240f4d47407d7a27cd49,,1ea934f3f083d0cbb593ee245b2722e6fb3e91ab062e1ed17f8f9c8d5d24c3c1,f2c6661dad014d79905785000eea38ec6082e215a4aaa0aac4947c645e78e561,0,1e+05,8e+05,8e+05,3339592,e56da4f502cedcfad3630714028c105bbeeb303114f29569641445b54eb769f2
candidate,5,10,100000,long,1,sorted,timing,compact,2,38,0.15,0.148999999999999,a52faec4fa0bb0f21a51be75968a4395435af5fda4231bab85297e0157e03974,7489b3b15c134c0738d86198e4eeabe8cc23f781e51a240f4d47407d7a27cd49,,1ea934f3f083d0cbb593ee245b2722e6fb3e91ab062e1ed17f8f9c8d5d24c3c1,f2c6661dad014d79905785000eea38ec6082e215a4aaa0aac4947c645e78e561,0,1e+05,8e+05,8e+05,3339544,90c7c589dbbfaf14e7a1287fa250334ce92d712e1b442dea6fecf7eb4312110d
candidate,5,10,100000,long,1,sorted,timing,typed_double,3,38,0.151999999999999,0.151999999999999,a52faec4fa0bb0f21a51be75968a4395435af5fda4231bab85297e0157e03974,7489b3b15c134c0738d86198e4eeabe8cc23f781e51a240f4d47407d7a27cd49,,1ea934f3f083d0cbb593ee245b2722e6fb3e91ab062e1ed17f8f9c8d5d24c3c1,f2c6661dad014d79905785000eea38ec6082e215a4aaa0aac4947c645e78e561,0,1e+05,8e+05,8e+05,3339544,e56da4f502cedcfad3630714028c105bbeeb303114f29569641445b54eb769f2
candidate,5,11,100000,long,4,random,timing,compact,1,14,0.161,0.161,28570e6fb39ba10fbc26c9a5ba29b6d686680f95e46dd9ae04be81bda40fe2c6,bd64d393fdb9b1a213989b298782d95b689ea3d4c8ebf87487dea0d46f6d8585,,6a561c8e859a4ca1eb5e1c65a05e4cda84f46397e6502ec8bf24a48cc9330769,d5b3f9c2a15801fe8ae51044015dcf16488edbb841928fd850be98b199f45c5c,0,4e+05,3200000,3200000,6100856,55604d65dc286407e628e98d1a6cad78d8520977dd52a04e4cec45fdafef6ca7
candidate,5,11,100000,long,4,random,timing,typed_double,2,13,0.152999999999999,0.153,28570e6fb39ba10fbc26c9a5ba29b6d686680f95e46dd9ae04be81bda40fe2c6,bd64d393fdb9b1a213989b298782d95b689ea3d4c8ebf87487dea0d46f6d8585,,6a561c8e859a4ca1eb5e1c65a05e4cda84f46397e6502ec8bf24a48cc9330769,d5b3f9c2a15801fe8ae51044015dcf16488edbb841928fd850be98b199f45c5c,0,4e+05,3200000,3200000,6100856,692e68b5fdf4dcb6298baab418c8942336624627eb22682a5166460b2e9a1ef8
candidate,5,11,100000,long,4,random,timing,ordinary,3,13,0.152999999999999,0.153,28570e6fb39ba10fbc26c9a5ba29b6d686680f95e46dd9ae04be81bda40fe2c6,bd64d393fdb9b1a213989b298782d95b689ea3d4c8ebf87487dea0d46f6d8585,,6a561c8e859a4ca1eb5e1c65a05e4cda84f46397e6502ec8bf24a48cc9330769,d5b3f9c2a15801fe8ae51044015dcf16488edbb841928fd850be98b199f45c5c,0,4e+05,3200000,3200000,6101048,692e68b5fdf4dcb6298baab418c8942336624627eb22682a5166460b2e9a1ef8
candidate,5,12,100000,long,4,sorted,timing,typed_double,1,27,0.147,0.147,150f33127c7414ac096d3c1f7675b1a8dbd6526c5c3b37a8a4c3cff75762748a,bd64d393fdb9b1a213989b298782d95b689ea3d4c8ebf87487dea0d46f6d8585,,f1c9883feda04e555205dbd80629014dd80776a9752271511c857a4ed7d5b024,1c3397468f628a26ab2118271b997ec9c97fd7600b13938678a0a06761230548,0,4e+05,3200000,3200000,6100856,692e68b5fdf4dcb6298baab418c8942336624627eb22682a5166460b2e9a1ef8
candidate,5,12,100000,long,4,sorted,timing,ordinary,2,28,0.152999999999999,0.153,150f33127c7414ac096d3c1f7675b1a8dbd6526c5c3b37a8a4c3cff75762748a,bd64d393fdb9b1a213989b298782d95b689ea3d4c8ebf87487dea0d46f6d8585,,f1c9883feda04e555205dbd80629014dd80776a9752271511c857a4ed7d5b024,1c3397468f628a26ab2118271b997ec9c97fd7600b13938678a0a06761230548,0,4e+05,3200000,3200000,6101048,692e68b5fdf4dcb6298baab418c8942336624627eb22682a5166460b2e9a1ef8
candidate,5,12,100000,long,4,sorted,timing,compact,3,28,0.149999999999999,0.149000000000001,150f33127c7414ac096d3c1f7675b1a8dbd6526c5c3b37a8a4c3cff75762748a,bd64d393fdb9b1a213989b298782d95b689ea3d4c8ebf87487dea0d46f6d8585,,f1c9883feda04e555205dbd80629014dd80776a9752271511c857a4ed7d5b024,1c3397468f628a26ab2118271b997ec9c97fd7600b13938678a0a06761230548,0,4e+05,3200000,3200000,6100856,55604d65dc286407e628e98d1a6cad78d8520977dd52a04e4cec45fdafef6ca7
candidate,5,13,100000,float,1,random,timing,ordinary,1,18,0.156000000000001,0.157,790e7ab0dca629a978c5f15f9866d33526f92648f40cb5cd3f8b04b18c7e5e12,7489b3b15c134c0738d86198e4eeabe8cc23f781e51a240f4d47407d7a27cd49,,23cfcddb626fee694223f7cbc18d4f117ef068e8bd115496d298cece1a718496,aae1303f43753abcfee5c3e2e9e23f0052fbbda0fadfbf38a534a2f63d4a4a07,0,1e+05,8e+05,8e+05,3339592,e56da4f502cedcfad3630714028c105bbeeb303114f29569641445b54eb769f2
candidate,5,13,100000,float,1,random,timing,compact,2,18,0.155999999999999,0.154999999999999,790e7ab0dca629a978c5f15f9866d33526f92648f40cb5cd3f8b04b18c7e5e12,7489b3b15c134c0738d86198e4eeabe8cc23f781e51a240f4d47407d7a27cd49,,23cfcddb626fee694223f7cbc18d4f117ef068e8bd115496d298cece1a718496,aae1303f43753abcfee5c3e2e9e23f0052fbbda0fadfbf38a534a2f63d4a4a07,0,1e+05,8e+05,8e+05,3339544,90c7c589dbbfaf14e7a1287fa250334ce92d712e1b442dea6fecf7eb4312110d
candidate,5,13,100000,float,1,random,timing,typed_double,3,18,0.152999999999999,0.152999999999999,790e7ab0dca629a978c5f15f9866d33526f92648f40cb5cd3f8b04b18c7e5e12,7489b3b15c134c0738d86198e4eeabe8cc23f781e51a240f4d47407d7a27cd49,,23cfcddb626fee694223f7cbc18d4f117ef068e8bd115496d298cece1a718496,aae1303f43753abcfee5c3e2e9e23f0052fbbda0fadfbf38a534a2f63d4a4a07,0,1e+05,8e+05,8e+05,3339544,e56da4f502cedcfad3630714028c105bbeeb303114f29569641445b54eb769f2
candidate,5,14,100000,float,1,sorted,timing,compact,1,39,0.15,0.151000000000002,a52faec4fa0bb0f21a51be75968a4395435af5fda4231bab85297e0157e03974,7489b3b15c134c0738d86198e4eeabe8cc23f781e51a240f4d47407d7a27cd49,,87d40b2334b7e6c59df44017642222b0038c34062869308912cd786c77e53d77,f2c6661dad014d79905785000eea38ec6082e215a4aaa0aac4947c645e78e561,0,1e+05,8e+05,8e+05,3339544,90c7c589dbbfaf14e7a1287fa250334ce92d712e1b442dea6fecf7eb4312110d
candidate,5,14,100000,float,1,sorted,timing,typed_double,2,39,0.154,0.154,a52faec4fa0bb0f21a51be75968a4395435af5fda4231bab85297e0157e03974,7489b3b15c134c0738d86198e4eeabe8cc23f781e51a240f4d47407d7a27cd49,,87d40b2334b7e6c59df44017642222b0038c34062869308912cd786c77e53d77,f2c6661dad014d79905785000eea38ec6082e215a4aaa0aac4947c645e78e561,0,1e+05,8e+05,8e+05,3339544,e56da4f502cedcfad3630714028c105bbeeb303114f29569641445b54eb769f2
candidate,5,14,100000,float,1,sorted,timing,ordinary,3,38,0.15,0.15,a52faec4fa0bb0f21a51be75968a4395435af5fda4231bab85297e0157e03974,7489b3b15c134c0738d86198e4eeabe8cc23f781e51a240f4d47407d7a27cd49,,87d40b2334b7e6c59df44017642222b0038c34062869308912cd786c77e53d77,f2c6661dad014d79905785000eea38ec6082e215a4aaa0aac4947c645e78e561,0,1e+05,8e+05,8e+05,3339592,e56da4f502cedcfad3630714028c105bbeeb303114f29569641445b54eb769f2
candidate,5,15,100000,float,4,random,timing,typed_double,1,14,0.163,0.164,28570e6fb39ba10fbc26c9a5ba29b6d686680f95e46dd9ae04be81bda40fe2c6,bd64d393fdb9b1a213989b298782d95b689ea3d4c8ebf87487dea0d46f6d8585,,713ae766cb7266f7c774d9e74951f47c6d8fa3fb644d7de510b4b899c94f6399,d5b3f9c2a15801fe8ae51044015dcf16488edbb841928fd850be98b199f45c5c,0,4e+05,3200000,3200000,6100856,692e68b5fdf4dcb6298baab418c8942336624627eb22682a5166460b2e9a1ef8
candidate,5,15,100000,float,4,random,timing,ordinary,2,13,0.152000000000001,0.153000000000002,28570e6fb39ba10fbc26c9a5ba29b6d686680f95e46dd9ae04be81bda40fe2c6,bd64d393fdb9b1a213989b298782d95b689ea3d4c8ebf87487dea0d46f6d8585,,713ae766cb7266f7c774d9e74951f47c6d8fa3fb644d7de510b4b899c94f6399,d5b3f9c2a15801fe8ae51044015dcf16488edbb841928fd850be98b199f45c5c,0,4e+05,3200000,3200000,6101048,692e68b5fdf4dcb6298baab418c8942336624627eb22682a5166460b2e9a1ef8
candidate,5,15,100000,float,4,random,timing,compact,3,13,0.148,0.148,28570e6fb39ba10fbc26c9a5ba29b6d686680f95e46dd9ae04be81bda40fe2c6,bd64d393fdb9b1a213989b298782d95b689ea3d4c8ebf87487dea0d46f6d8585,,713ae766cb7266f7c774d9e74951f47c6d8fa3fb644d7de510b4b899c94f6399,d5b3f9c2a15801fe8ae51044015dcf16488edbb841928fd850be98b199f45c5c,0,4e+05,3200000,3200000,6100856,55604d65dc286407e628e98d1a6cad78d8520977dd52a04e4cec45fdafef6ca7
candidate,5,16,100000,float,4,sorted,timing,ordinary,1,28,0.169,0.169999999999998,150f33127c7414ac096d3c1f7675b1a8dbd6526c5c3b37a8a4c3cff75762748a,bd64d393fdb9b1a213989b298782d95b689ea3d4c8ebf87487dea0d46f6d8585,,01653bef0c2c3143e8632da935baee80ac5550fc2dcd732b63e9b1ebf060b3cd,1c3397468f628a26ab2118271b997ec9c97fd7600b13938678a0a06761230548,0,4e+05,3200000,3200000,6101048,692e68b5fdf4dcb6298baab418c8942336624627eb22682a5166460b2e9a1ef8
candidate,5,16,100000,float,4,sorted,timing,compact,2,29,0.154,0.154,150f33127c7414ac096d3c1f7675b1a8dbd6526c5c3b37a8a4c3cff75762748a,bd64d393fdb9b1a213989b298782d95b689ea3d4c8ebf87487dea0d46f6d8585,,01653bef0c2c3143e8632da935baee80ac5550fc2dcd732b63e9b1ebf060b3cd,1c3397468f628a26ab2118271b997ec9c97fd7600b13938678a0a06761230548,0,4e+05,3200000,3200000,6100856,55604d65dc286407e628e98d1a6cad78d8520977dd52a04e4cec45fdafef6ca7
candidate,5,16,100000,float,4,sorted,timing,typed_double,3,28,0.154,0.154,150f33127c7414ac096d3c1f7675b1a8dbd6526c5c3b37a8a4c3cff75762748a,bd64d393fdb9b1a213989b298782d95b689ea3d4c8ebf87487dea0d46f6d8585,,01653bef0c2c3143e8632da935baee80ac5550fc2dcd732b63e9b1ebf060b3cd,1c3397468f628a26ab2118271b997ec9c97fd7600b13938678a0a06761230548,0,4e+05,3200000,3200000,6100856,692e68b5fdf4dcb6298baab418c8942336624627eb22682a5166460b2e9a1ef8
candidate,5,17,1000000,int,1,random,timing,compact,1,2,0.208999999999998,0.210000000000001,3b8ff5aa6cf40469034133724b402ecd24b2b1695cb55ebde239e358ad779336,7489b3b15c134c0738d86198e4eeabe8cc23f781e51a240f4d47407d7a27cd49,,a10821ac1bb8d4a975da3ac98d55a939b046be2a393f527e4f9581ff0161270f,5ab0d517366eb1493dbfdacb26247bd872e9e39625942c7d818c46e25bb5e281,0,1e+06,8e+06,8e+06,32139544,90c7c589dbbfaf14e7a1287fa250334ce92d712e1b442dea6fecf7eb4312110d
candidate,5,17,1000000,int,1,random,timing,typed_double,2,2,0.210999999999997,0.210999999999999,3b8ff5aa6cf40469034133724b402ecd24b2b1695cb55ebde239e358ad779336,7489b3b15c134c0738d86198e4eeabe8cc23f781e51a240f4d47407d7a27cd49,,a10821ac1bb8d4a975da3ac98d55a939b046be2a393f527e4f9581ff0161270f,5ab0d517366eb1493dbfdacb26247bd872e9e39625942c7d818c46e25bb5e281,0,1e+06,8e+06,8e+06,32139544,e56da4f502cedcfad3630714028c105bbeeb303114f29569641445b54eb769f2
candidate,5,17,1000000,int,1,random,timing,ordinary,3,2,0.212,0.212,3b8ff5aa6cf40469034133724b402ecd24b2b1695cb55ebde239e358ad779336,7489b3b15c134c0738d86198e4eeabe8cc23f781e51a240f4d47407d7a27cd49,,a10821ac1bb8d4a975da3ac98d55a939b046be2a393f527e4f9581ff0161270f,5ab0d517366eb1493dbfdacb26247bd872e9e39625942c7d818c46e25bb5e281,0,1e+06,8e+06,8e+06,32139592,e56da4f502cedcfad3630714028c105bbeeb303114f29569641445b54eb769f2
candidate,5,18,1000000,int,1,sorted,timing,typed_double,1,4,0.153000000000001,0.153000000000002,e13f5ee30f7975e3cdb08c823d2c61296d743f488a00c32d01d8f8488bc258af,7489b3b15c134c0738d86198e4eeabe8cc23f781e51a240f4d47407d7a27cd49,,703f54515e6cc4b606392000716912c1ec33b0bf154fd665c4388b6dd3f0d990,e055e9ea9a832ab67a68b7cb17d8dbc373088e63e6f39fe36037564048488bc9,0,1e+06,8e+06,8e+06,32139544,e56da4f502cedcfad3630714028c105bbeeb303114f29569641445b54eb769f2
candidate,5,18,1000000,int,1,sorted,timing,ordinary,2,5,0.193,0.191999999999997,e13f5ee30f7975e3cdb08c823d2c61296d743f488a00c32d01d8f8488bc258af,7489b3b15c134c0738d86198e4eeabe8cc23f781e51a240f4d47407d7a27cd49,,703f54515e6cc4b606392000716912c1ec33b0bf154fd665c4388b6dd3f0d990,e055e9ea9a832ab67a68b7cb17d8dbc373088e63e6f39fe36037564048488bc9,0,1e+06,8e+06,8e+06,32139592,e56da4f502cedcfad3630714028c105bbeeb303114f29569641445b54eb769f2
candidate,5,18,1000000,int,1,sorted,timing,compact,3,5,0.189000000000002,0.189,e13f5ee30f7975e3cdb08c823d2c61296d743f488a00c32d01d8f8488bc258af,7489b3b15c134c0738d86198e4eeabe8cc23f781e51a240f4d47407d7a27cd49,,703f54515e6cc4b606392000716912c1ec33b0bf154fd665c4388b6dd3f0d990,e055e9ea9a832ab67a68b7cb17d8dbc373088e63e6f39fe36037564048488bc9,0,1e+06,8e+06,8e+06,32139544,90c7c589dbbfaf14e7a1287fa250334ce92d712e1b442dea6fecf7eb4312110d
candidate,5,19,1000000,float,1,random,timing,ordinary,1,2,0.209999999999997,0.210999999999999,3b8ff5aa6cf40469034133724b402ecd24b2b1695cb55ebde239e358ad779336,7489b3b15c134c0738d86198e4eeabe8cc23f781e51a240f4d47407d7a27cd49,,a3ad3ea2732684145470cc2d6d75e690fb2cfb67d3cb80b6dc55066135eb7073,5ab0d517366eb1493dbfdacb26247bd872e9e39625942c7d818c46e25bb5e281,0,1e+06,8e+06,8e+06,32139592,e56da4f502cedcfad3630714028c105bbeeb303114f29569641445b54eb769f2
candidate,5,19,1000000,float,1,random,timing,compact,2,2,0.210999999999997,0.210000000000001,3b8ff5aa6cf40469034133724b402ecd24b2b1695cb55ebde239e358ad779336,7489b3b15c134c0738d86198e4eeabe8cc23f781e51a240f4d47407d7a27cd49,,a3ad3ea2732684145470cc2d6d75e690fb2cfb67d3cb80b6dc55066135eb7073,5ab0d517366eb1493dbfdacb26247bd872e9e39625942c7d818c46e25bb5e281,0,1e+06,8e+06,8e+06,32139544,90c7c589dbbfaf14e7a1287fa250334ce92d712e1b442dea6fecf7eb4312110d
candidate,5,19,1000000,float,1,random,timing,typed_double,3,2,0.208000000000002,0.207999999999998,3b8ff5aa6cf40469034133724b402ecd24b2b1695cb55ebde239e358ad779336,7489b3b15c134c0738d86198e4eeabe8cc23f781e51a240f4d47407d7a27cd49,,a3ad3ea2732684145470cc2d6d75e690fb2cfb67d3cb80b6dc55066135eb7073,5ab0d517366eb1493dbfdacb26247bd872e9e39625942c7d818c46e25bb5e281,0,1e+06,8e+06,8e+06,32139544,e56da4f502cedcfad3630714028c105bbeeb303114f29569641445b54eb769f2
candidate,5,20,1000000,float,1,sorted,timing,compact,1,5,0.187,0.187000000000001,e13f5ee30f7975e3cdb08c823d2c61296d743f488a00c32d01d8f8488bc258af,7489b3b15c134c0738d86198e4eeabe8cc23f781e51a240f4d47407d7a27cd49,,1552b8035120a491922e642ee5661602cf17773c6e28ea936f7e2b2981848aa5,e055e9ea9a832ab67a68b7cb17d8dbc373088e63e6f39fe36037564048488bc9,0,1e+06,8e+06,8e+06,32139544,90c7c589dbbfaf14e7a1287fa250334ce92d712e1b442dea6fecf7eb4312110d
candidate,5,20,1000000,float,1,sorted,timing,typed_double,2,5,0.191999999999999,0.192,e13f5ee30f7975e3cdb08c823d2c61296d743f488a00c32d01d8f8488bc258af,7489b3b15c134c0738d86198e4eeabe8cc23f781e51a240f4d47407d7a27cd49,,1552b8035120a491922e642ee5661602cf17773c6e28ea936f7e2b2981848aa5,e055e9ea9a832ab67a68b7cb17d8dbc373088e63e6f39fe36037564048488bc9,0,1e+06,8e+06,8e+06,32139544,e56da4f502cedcfad3630714028c105bbeeb303114f29569641445b54eb769f2
candidate,5,20,1000000,float,1,sorted,timing,ordinary,3,4,0.153000000000001,0.155000000000001,e13f5ee30f7975e3cdb08c823d2c61296d743f488a00c32d01d8f8488bc258af,7489b3b15c134c0738d86198e4eeabe8cc23f781e51a240f4d47407d7a27cd49,,1552b8035120a491922e642ee5661602cf17773c6e28ea936f7e2b2981848aa5,e055e9ea9a832ab67a68b7cb17d8dbc373088e63e6f39fe36037564048488bc9,0,1e+06,8e+06,8e+06,32139592,e56da4f502cedcfad3630714028c105bbeeb303114f29569641445b54eb769f2
candidate,6,1,100000,byte,1,random,timing,ordinary,1,20,0.151,0.151,611de18bdbc2635e1ae6c62e8cd601542cf8546cee7fe011fb989fb9b6d2c5e1,7489b3b15c134c0738d86198e4eeabe8cc23f781e51a240f4d47407d7a27cd49,,79ca59251cbf840b798536c6992ceae96b4d9a89e68b7f0ba6fd40ae59ea7d39,5ff104c4f202fc073ae8f7d3b98ec913f051efaf773d4a26b2e909b7826d85eb,0,1e+05,8e+05,8e+05,3317600,e56da4f502cedcfad3630714028c105bbeeb303114f29569641445b54eb769f2
candidate,6,1,100000,byte,1,random,timing,typed_double,2,20,0.15,0.151,611de18bdbc2635e1ae6c62e8cd601542cf8546cee7fe011fb989fb9b6d2c5e1,7489b3b15c134c0738d86198e4eeabe8cc23f781e51a240f4d47407d7a27cd49,,79ca59251cbf840b798536c6992ceae96b4d9a89e68b7f0ba6fd40ae59ea7d39,5ff104c4f202fc073ae8f7d3b98ec913f051efaf773d4a26b2e909b7826d85eb,0,1e+05,8e+05,8e+05,3299840,e56da4f502cedcfad3630714028c105bbeeb303114f29569641445b54eb769f2
candidate,6,1,100000,byte,1,random,timing,compact,3,21,0.167,0.168,611de18bdbc2635e1ae6c62e8cd601542cf8546cee7fe011fb989fb9b6d2c5e1,7489b3b15c134c0738d86198e4eeabe8cc23f781e51a240f4d47407d7a27cd49,,79ca59251cbf840b798536c6992ceae96b4d9a89e68b7f0ba6fd40ae59ea7d39,5ff104c4f202fc073ae8f7d3b98ec913f051efaf773d4a26b2e909b7826d85eb,0,1e+05,8e+05,8e+05,3299840,90c7c589dbbfaf14e7a1287fa250334ce92d712e1b442dea6fecf7eb4312110d
candidate,6,2,100000,byte,1,sorted,timing,compact,1,46,0.15,0.15,b2ba4976e8fb73986642cd794254f383cea39d1f3a3ebf7d622ef5febc19b98c,7489b3b15c134c0738d86198e4eeabe8cc23f781e51a240f4d47407d7a27cd49,,983ceeeb21d19fc6681a93a21cd0a4aa3ec44b911c559338cc65523bda301240,bff0ccac5a55e2545a4398866f41489021804172b1914a6f436786ca490125f0,0,1e+05,8e+05,8e+05,3299840,90c7c589dbbfaf14e7a1287fa250334ce92d712e1b442dea6fecf7eb4312110d
candidate,6,2,100000,byte,1,sorted,timing,ordinary,2,47,0.157,0.157,b2ba4976e8fb73986642cd794254f383cea39d1f3a3ebf7d622ef5febc19b98c,7489b3b15c134c0738d86198e4eeabe8cc23f781e51a240f4d47407d7a27cd49,,983ceeeb21d19fc6681a93a21cd0a4aa3ec44b911c559338cc65523bda301240,bff0ccac5a55e2545a4398866f41489021804172b1914a6f436786ca490125f0,0,1e+05,8e+05,8e+05,3299888,e56da4f502cedcfad3630714028c105bbeeb303114f29569641445b54eb769f2
candidate,6,2,100000,byte,1,sorted,timing,typed_double,3,47,0.154,0.154,b2ba4976e8fb73986642cd794254f383cea39d1f3a3ebf7d622ef5febc19b98c,7489b3b15c134c0738d86198e4eeabe8cc23f781e51a240f4d47407d7a27cd49,,983ceeeb21d19fc6681a93a21cd0a4aa3ec44b911c559338cc65523bda301240,bff0ccac5a55e2545a4398866f41489021804172b1914a6f436786ca490125f0,0,1e+05,8e+05,8e+05,3299840,e56da4f502cedcfad3630714028c105bbeeb303114f29569641445b54eb769f2
candidate,6,3,100000,byte,4,random,timing,typed_double,1,11,0.159,0.158,ffda5aaffec7ffbb58b5a3cd5ec3d81122b355f7db4ed2c104818038769dea8f,bd64d393fdb9b1a213989b298782d95b689ea3d4c8ebf87487dea0d46f6d8585,,71c6e51bf68dea3480d87bd4e483380e78c80874476c99a65ed1c24fc0dc2701,45685d585afcf2d259b31a2d8922723a51bd51b53581d528f52ff6ff472de32d,0,4e+05,3200000,3200000,6100168,692e68b5fdf4dcb6298baab418c8942336624627eb22682a5166460b2e9a1ef8
candidate,6,3,100000,byte,4,random,timing,compact,2,11,0.155,0.156,ffda5aaffec7ffbb58b5a3cd5ec3d81122b355f7db4ed2c104818038769dea8f,bd64d393fdb9b1a213989b298782d95b689ea3d4c8ebf87487dea0d46f6d8585,,71c6e51bf68dea3480d87bd4e483380e78c80874476c99a65ed1c24fc0dc2701,45685d585afcf2d259b31a2d8922723a51bd51b53581d528f52ff6ff472de32d,0,4e+05,3200000,3200000,6100168,55604d65dc286407e628e98d1a6cad78d8520977dd52a04e4cec45fdafef6ca7
candidate,6,3,100000,byte,4,random,timing,ordinary,3,11,0.159,0.158,ffda5aaffec7ffbb58b5a3cd5ec3d81122b355f7db4ed2c104818038769dea8f,bd64d393fdb9b1a213989b298782d95b689ea3d4c8ebf87487dea0d46f6d8585,,71c6e51bf68dea3480d87bd4e483380e78c80874476c99a65ed1c24fc0dc2701,45685d585afcf2d259b31a2d8922723a51bd51b53581d528f52ff6ff472de32d,0,4e+05,3200000,3200000,6100360,692e68b5fdf4dcb6298baab418c8942336624627eb22682a5166460b2e9a1ef8
candidate,6,4,100000,byte,4,sorted,timing,ordinary,1,25,0.154,0.153,c00804f2cdb8c5f3a3c84574d69ea5dbf006bd822d8f2186a3fa0aad17ad7422,bd64d393fdb9b1a213989b298782d95b689ea3d4c8ebf87487dea0d46f6d8585,,d459b3940c19caa3ce7a1f1d47e880f4ebdd851e030266bb0bc970c817adcce3,3511331d6bfaa4332efe7710355801dbbedb47920ed3242a042adb0e0c16a347,0,4e+05,3200000,3200000,6100360,692e68b5fdf4dcb6298baab418c8942336624627eb22682a5166460b2e9a1ef8
candidate,6,4,100000,byte,4,sorted,timing,typed_double,2,25,0.151,0.151,c00804f2cdb8c5f3a3c84574d69ea5dbf006bd822d8f2186a3fa0aad17ad7422,bd64d393fdb9b1a213989b298782d95b689ea3d4c8ebf87487dea0d46f6d8585,,d459b3940c19caa3ce7a1f1d47e880f4ebdd851e030266bb0bc970c817adcce3,3511331d6bfaa4332efe7710355801dbbedb47920ed3242a042adb0e0c16a347,0,4e+05,3200000,3200000,6100168,692e68b5fdf4dcb6298baab418c8942336624627eb22682a5166460b2e9a1ef8
candidate,6,4,100000,byte,4,sorted,timing,compact,3,26,0.155,0.154999999999999,c00804f2cdb8c5f3a3c84574d69ea5dbf006bd822d8f2186a3fa0aad17ad7422,bd64d393fdb9b1a213989b298782d95b689ea3d4c8ebf87487dea0d46f6d8585,,d459b3940c19caa3ce7a1f1d47e880f4ebdd851e030266bb0bc970c817adcce3,3511331d6bfaa4332efe7710355801dbbedb47920ed3242a042adb0e0c16a347,0,4e+05,3200000,3200000,6100168,55604d65dc286407e628e98d1a6cad78d8520977dd52a04e4cec45fdafef6ca7
candidate,6,5,100000,int,1,random,timing,compact,1,18,0.154,0.154,790e7ab0dca629a978c5f15f9866d33526f92648f40cb5cd3f8b04b18c7e5e12,7489b3b15c134c0738d86198e4eeabe8cc23f781e51a240f4d47407d7a27cd49,,2997003b2099d6d7c994178abe216c694cecda0419dea94ee17773c839d592f0,aae1303f43753abcfee5c3e2e9e23f0052fbbda0fadfbf38a534a2f63d4a4a07,0,1e+05,8e+05,8e+05,3339544,90c7c589dbbfaf14e7a1287fa250334ce92d712e1b442dea6fecf7eb4312110d
candidate,6,5,100000,int,1,random,timing,ordinary,2,18,0.155999999999999,0.155,790e7ab0dca629a978c5f15f9866d33526f92648f40cb5cd3f8b04b18c7e5e12,7489b3b15c134c0738d86198e4eeabe8cc23f781e51a240f4d47407d7a27cd49,,2997003b2099d6d7c994178abe216c694cecda0419dea94ee17773c839d592f0,aae1303f43753abcfee5c3e2e9e23f0052fbbda0fadfbf38a534a2f63d4a4a07,0,1e+05,8e+05,8e+05,3339592,e56da4f502cedcfad3630714028c105bbeeb303114f29569641445b54eb769f2
candidate,6,5,100000,int,1,random,timing,typed_double,3,18,0.162,0.163,790e7ab0dca629a978c5f15f9866d33526f92648f40cb5cd3f8b04b18c7e5e12,7489b3b15c134c0738d86198e4eeabe8cc23f781e51a240f4d47407d7a27cd49,,2997003b2099d6d7c994178abe216c694cecda0419dea94ee17773c839d592f0,aae1303f43753abcfee5c3e2e9e23f0052fbbda0fadfbf38a534a2f63d4a4a07,0,1e+05,8e+05,8e+05,3339544,e56da4f502cedcfad3630714028c105bbeeb303114f29569641445b54eb769f2
candidate,6,6,100000,int,1,sorted,timing,typed_double,1,39,0.153,0.154,a52faec4fa0bb0f21a51be75968a4395435af5fda4231bab85297e0157e03974,7489b3b15c134c0738d86198e4eeabe8cc23f781e51a240f4d47407d7a27cd49,,db1959a5bac429757ccfde32823cf5986fa24e726b60f0a2bd496a5ea6c9191e,f2c6661dad014d79905785000eea38ec6082e215a4aaa0aac4947c645e78e561,0,1e+05,8e+05,8e+05,3339544,e56da4f502cedcfad3630714028c105bbeeb303114f29569641445b54eb769f2
candidate,6,6,100000,int,1,sorted,timing,compact,2,39,0.152,0.152,a52faec4fa0bb0f21a51be75968a4395435af5fda4231bab85297e0157e03974,7489b3b15c134c0738d86198e4eeabe8cc23f781e51a240f4d47407d7a27cd49,,db1959a5bac429757ccfde32823cf5986fa24e726b60f0a2bd496a5ea6c9191e,f2c6661dad014d79905785000eea38ec6082e215a4aaa0aac4947c645e78e561,0,1e+05,8e+05,8e+05,3339544,90c7c589dbbfaf14e7a1287fa250334ce92d712e1b442dea6fecf7eb4312110d
candidate,6,6,100000,int,1,sorted,timing,ordinary,3,39,0.155,0.156,a52faec4fa0bb0f21a51be75968a4395435af5fda4231bab85297e0157e03974,7489b3b15c134c0738d86198e4eeabe8cc23f781e51a240f4d47407d7a27cd49,,db1959a5bac429757ccfde32823cf5986fa24e726b60f0a2bd496a5ea6c9191e,f2c6661dad014d79905785000eea38ec6082e215a4aaa0aac4947c645e78e561,0,1e+05,8e+05,8e+05,3339592,e56da4f502cedcfad3630714028c105bbeeb303114f29569641445b54eb769f2
candidate,6,7,100000,int,4,random,timing,ordinary,1,14,0.161,0.162,28570e6fb39ba10fbc26c9a5ba29b6d686680f95e46dd9ae04be81bda40fe2c6,bd64d393fdb9b1a213989b298782d95b689ea3d4c8ebf87487dea0d46f6d8585,,aff7ed7d2ab6d1b77b5e1290b89c4fbe3871041d0d819c20a2b431ed5ad102a8,d5b3f9c2a15801fe8ae51044015dcf16488edbb841928fd850be98b199f45c5c,0,4e+05,3200000,3200000,6101048,692e68b5fdf4dcb6298baab418c8942336624627eb22682a5166460b2e9a1ef8
candidate,6,7,100000,int,4,random,timing,typed_double,2,14,0.162,0.161,28570e6fb39ba10fbc26c9a5ba29b6d686680f95e46dd9ae04be81bda40fe2c6,bd64d393fdb9b1a213989b298782d95b689ea3d4c8ebf87487dea0d46f6d8585,,aff7ed7d2ab6d1b77b5e1290b89c4fbe3871041d0d819c20a2b431ed5ad102a8,d5b3f9c2a15801fe8ae51044015dcf16488edbb841928fd850be98b199f45c5c,0,4e+05,3200000,3200000,6100856,692e68b5fdf4dcb6298baab418c8942336624627eb22682a5166460b2e9a1ef8
candidate,6,7,100000,int,4,random,timing,compact,3,14,0.157999999999999,0.156999999999999,28570e6fb39ba10fbc26c9a5ba29b6d686680f95e46dd9ae04be81bda40fe2c6,bd64d393fdb9b1a213989b298782d95b689ea3d4c8ebf87487dea0d46f6d8585,,aff7ed7d2ab6d1b77b5e1290b89c4fbe3871041d0d819c20a2b431ed5ad102a8,d5b3f9c2a15801fe8ae51044015dcf16488edbb841928fd850be98b199f45c5c,0,4e+05,3200000,3200000,6100856,55604d65dc286407e628e98d1a6cad78d8520977dd52a04e4cec45fdafef6ca7
candidate,6,8,100000,int,4,sorted,timing,compact,1,29,0.172000000000001,0.171999999999999,150f33127c7414ac096d3c1f7675b1a8dbd6526c5c3b37a8a4c3cff75762748a,bd64d393fdb9b1a213989b298782d95b689ea3d4c8ebf87487dea0d46f6d8585,,aff3f2dfe98a92d596412f850cce402a277c4ca64dfa5da5b4ca182cde71dfbb,1c3397468f628a26ab2118271b997ec9c97fd7600b13938678a0a06761230548,0,4e+05,3200000,3200000,6100856,55604d65dc286407e628e98d1a6cad78d8520977dd52a04e4cec45fdafef6ca7
candidate,6,8,100000,int,4,sorted,timing,ordinary,2,29,0.157999999999999,0.157999999999999,150f33127c7414ac096d3c1f7675b1a8dbd6526c5c3b37a8a4c3cff75762748a,bd64d393fdb9b1a213989b298782d95b689ea3d4c8ebf87487dea0d46f6d8585,,aff3f2dfe98a92d596412f850cce402a277c4ca64dfa5da5b4ca182cde71dfbb,1c3397468f628a26ab2118271b997ec9c97fd7600b13938678a0a06761230548,0,4e+05,3200000,3200000,6101048,692e68b5fdf4dcb6298baab418c8942336624627eb22682a5166460b2e9a1ef8
candidate,6,8,100000,int,4,sorted,timing,typed_double,3,28,0.154,0.154,150f33127c7414ac096d3c1f7675b1a8dbd6526c5c3b37a8a4c3cff75762748a,bd64d393fdb9b1a213989b298782d95b689ea3d4c8ebf87487dea0d46f6d8585,,aff3f2dfe98a92d596412f850cce402a277c4ca64dfa5da5b4ca182cde71dfbb,1c3397468f628a26ab2118271b997ec9c97fd7600b13938678a0a06761230548,0,4e+05,3200000,3200000,6100856,692e68b5fdf4dcb6298baab418c8942336624627eb22682a5166460b2e9a1ef8
candidate,6,9,100000,long,1,random,timing,typed_double,1,18,0.154,0.155000000000001,790e7ab0dca629a978c5f15f9866d33526f92648f40cb5cd3f8b04b18c7e5e12,7489b3b15c134c0738d86198e4eeabe8cc23f781e51a240f4d47407d7a27cd49,,751bda1c3cc5aa6b0a51955579ca627ba8545238811eb3539c65292338bb2c6e,aae1303f43753abcfee5c3e2e9e23f0052fbbda0fadfbf38a534a2f63d4a4a07,0,1e+05,8e+05,8e+05,3339544,e56da4f502cedcfad3630714028c105bbeeb303114f29569641445b54eb769f2
candidate,6,9,100000,long,1,random,timing,compact,2,18,0.154999999999999,0.156000000000001,790e7ab0dca629a978c5f15f9866d33526f92648f40cb5cd3f8b04b18c7e5e12,7489b3b15c134c0738d86198e4eeabe8cc23f781e51a240f4d47407d7a27cd49,,751bda1c3cc5aa6b0a51955579ca627ba8545238811eb3539c65292338bb2c6e,aae1303f43753abcfee5c3e2e9e23f0052fbbda0fadfbf38a534a2f63d4a4a07,0,1e+05,8e+05,8e+05,3339544,90c7c589dbbfaf14e7a1287fa250334ce92d712e1b442dea6fecf7eb4312110d
candidate,6,9,100000,long,1,random,timing,ordinary,3,18,0.153,0.153,790e7ab0dca629a978c5f15f9866d33526f92648f40cb5cd3f8b04b18c7e5e12,7489b3b15c134c0738d86198e4eeabe8cc23f781e51a240f4d47407d7a27cd49,,751bda1c3cc5aa6b0a51955579ca627ba8545238811eb3539c65292338bb2c6e,aae1303f43753abcfee5c3e2e9e23f0052fbbda0fadfbf38a534a2f63d4a4a07,0,1e+05,8e+05,8e+05,3339592,e56da4f502cedcfad3630714028c105bbeeb303114f29569641445b54eb769f2
candidate,6,10,100000,long,1,sorted,timing,ordinary,1,38,0.148999999999999,0.149000000000001,a52faec4fa0bb0f21a51be75968a4395435af5fda4231bab85297e0157e03974,7489b3b15c134c0738d86198e4eeabe8cc23f781e51a240f4d47407d7a27cd49,,1ea934f3f083d0cbb593ee245b2722e6fb3e91ab062e1ed17f8f9c8d5d24c3c1,f2c6661dad014d79905785000eea38ec6082e215a4aaa0aac4947c645e78e561,0,1e+05,8e+05,8e+05,3339592,e56da4f502cedcfad3630714028c105bbeeb303114f29569641445b54eb769f2
candidate,6,10,100000,long,1,sorted,timing,typed_double,2,39,0.153,0.153,a52faec4fa0bb0f21a51be75968a4395435af5fda4231bab85297e0157e03974,7489b3b15c134c0738d86198e4eeabe8cc23f781e51a240f4d47407d7a27cd49,,1ea934f3f083d0cbb593ee245b2722e6fb3e91ab062e1ed17f8f9c8d5d24c3c1,f2c6661dad014d79905785000eea38ec6082e215a4aaa0aac4947c645e78e561,0,1e+05,8e+05,8e+05,3339544,e56da4f502cedcfad3630714028c105bbeeb303114f29569641445b54eb769f2
candidate,6,10,100000,long,1,sorted,timing,compact,3,39,0.150000000000001,0.151,a52faec4fa0bb0f21a51be75968a4395435af5fda4231bab85297e0157e03974,7489b3b15c134c0738d86198e4eeabe8cc23f781e51a240f4d47407d7a27cd49,,1ea934f3f083d0cbb593ee245b2722e6fb3e91ab062e1ed17f8f9c8d5d24c3c1,f2c6661dad014d79905785000eea38ec6082e215a4aaa0aac4947c645e78e561,0,1e+05,8e+05,8e+05,3339544,90c7c589dbbfaf14e7a1287fa250334ce92d712e1b442dea6fecf7eb4312110d
candidate,6,11,100000,long,4,random,timing,compact,1,14,0.157999999999999,0.157999999999999,28570e6fb39ba10fbc26c9a5ba29b6d686680f95e46dd9ae04be81bda40fe2c6,bd64d393fdb9b1a213989b298782d95b689ea3d4c8ebf87487dea0d46f6d8585,,6a561c8e859a4ca1eb5e1c65a05e4cda84f46397e6502ec8bf24a48cc9330769,d5b3f9c2a15801fe8ae51044015dcf16488edbb841928fd850be98b199f45c5c,0,4e+05,3200000,3200000,6100856,55604d65dc286407e628e98d1a6cad78d8520977dd52a04e4cec45fdafef6ca7
candidate,6,11,100000,long,4,random,timing,ordinary,2,13,0.148,0.148,28570e6fb39ba10fbc26c9a5ba29b6d686680f95e46dd9ae04be81bda40fe2c6,bd64d393fdb9b1a213989b298782d95b689ea3d4c8ebf87487dea0d46f6d8585,,6a561c8e859a4ca1eb5e1c65a05e4cda84f46397e6502ec8bf24a48cc9330769,d5b3f9c2a15801fe8ae51044015dcf16488edbb841928fd850be98b199f45c5c,0,4e+05,3200000,3200000,6101048,692e68b5fdf4dcb6298baab418c8942336624627eb22682a5166460b2e9a1ef8
candidate,6,11,100000,long,4,random,timing,typed_double,3,13,0.153,0.152999999999999,28570e6fb39ba10fbc26c9a5ba29b6d686680f95e46dd9ae04be81bda40fe2c6,bd64d393fdb9b1a213989b298782d95b689ea3d4c8ebf87487dea0d46f6d8585,,6a561c8e859a4ca1eb5e1c65a05e4cda84f46397e6502ec8bf24a48cc9330769,d5b3f9c2a15801fe8ae51044015dcf16488edbb841928fd850be98b199f45c5c,0,4e+05,3200000,3200000,6100856,692e68b5fdf4dcb6298baab418c8942336624627eb22682a5166460b2e9a1ef8
candidate,6,12,100000,long,4,sorted,timing,typed_double,1,29,0.155999999999999,0.154999999999999,150f33127c7414ac096d3c1f7675b1a8dbd6526c5c3b37a8a4c3cff75762748a,bd64d393fdb9b1a213989b298782d95b689ea3d4c8ebf87487dea0d46f6d8585,,f1c9883feda04e555205dbd80629014dd80776a9752271511c857a4ed7d5b024,1c3397468f628a26ab2118271b997ec9c97fd7600b13938678a0a06761230548,0,4e+05,3200000,3200000,6100856,692e68b5fdf4dcb6298baab418c8942336624627eb22682a5166460b2e9a1ef8
candidate,6,12,100000,long,4,sorted,timing,compact,2,30,0.156000000000001,0.156000000000001,150f33127c7414ac096d3c1f7675b1a8dbd6526c5c3b37a8a4c3cff75762748a,bd64d393fdb9b1a213989b298782d95b689ea3d4c8ebf87487dea0d46f6d8585,,f1c9883feda04e555205dbd80629014dd80776a9752271511c857a4ed7d5b024,1c3397468f628a26ab2118271b997ec9c97fd7600b13938678a0a06761230548,0,4e+05,3200000,3200000,6100856,55604d65dc286407e628e98d1a6cad78d8520977dd52a04e4cec45fdafef6ca7
candidate,6,12,100000,long,4,sorted,timing,ordinary,3,28,0.151999999999999,0.153,150f33127c7414ac096d3c1f7675b1a8dbd6526c5c3b37a8a4c3cff75762748a,bd64d393fdb9b1a213989b298782d95b689ea3d4c8ebf87487dea0d46f6d8585,,f1c9883feda04e555205dbd80629014dd80776a9752271511c857a4ed7d5b024,1c3397468f628a26ab2118271b997ec9c97fd7600b13938678a0a06761230548,0,4e+05,3200000,3200000,6101048,692e68b5fdf4dcb6298baab418c8942336624627eb22682a5166460b2e9a1ef8
candidate,6,13,100000,float,1,random,timing,ordinary,1,18,0.157,0.158000000000001,790e7ab0dca629a978c5f15f9866d33526f92648f40cb5cd3f8b04b18c7e5e12,7489b3b15c134c0738d86198e4eeabe8cc23f781e51a240f4d47407d7a27cd49,,23cfcddb626fee694223f7cbc18d4f117ef068e8bd115496d298cece1a718496,aae1303f43753abcfee5c3e2e9e23f0052fbbda0fadfbf38a534a2f63d4a4a07,0,1e+05,8e+05,8e+05,3339592,e56da4f502cedcfad3630714028c105bbeeb303114f29569641445b54eb769f2
candidate,6,13,100000,float,1,random,timing,typed_double,2,18,0.155999999999999,0.155999999999999,790e7ab0dca629a978c5f15f9866d33526f92648f40cb5cd3f8b04b18c7e5e12,7489b3b15c134c0738d86198e4eeabe8cc23f781e51a240f4d47407d7a27cd49,,23cfcddb626fee694223f7cbc18d4f117ef068e8bd115496d298cece1a718496,aae1303f43753abcfee5c3e2e9e23f0052fbbda0fadfbf38a534a2f63d4a4a07,0,1e+05,8e+05,8e+05,3339544,e56da4f502cedcfad3630714028c105bbeeb303114f29569641445b54eb769f2
candidate,6,13,100000,float,1,random,timing,compact,3,18,0.154,0.154,790e7ab0dca629a978c5f15f9866d33526f92648f40cb5cd3f8b04b18c7e5e12,7489b3b15c134c0738d86198e4eeabe8cc23f781e51a240f4d47407d7a27cd49,,23cfcddb626fee694223f7cbc18d4f117ef068e8bd115496d298cece1a718496,aae1303f43753abcfee5c3e2e9e23f0052fbbda0fadfbf38a534a2f63d4a4a07,0,1e+05,8e+05,8e+05,3339544,90c7c589dbbfaf14e7a1287fa250334ce92d712e1b442dea6fecf7eb4312110d
candidate,6,14,100000,float,1,sorted,timing,compact,1,38,0.151,0.151,a52faec4fa0bb0f21a51be75968a4395435af5fda4231bab85297e0157e03974,7489b3b15c134c0738d86198e4eeabe8cc23f781e51a240f4d47407d7a27cd49,,87d40b2334b7e6c59df44017642222b0038c34062869308912cd786c77e53d77,f2c6661dad014d79905785000eea38ec6082e215a4aaa0aac4947c645e78e561,0,1e+05,8e+05,8e+05,3339544,90c7c589dbbfaf14e7a1287fa250334ce92d712e1b442dea6fecf7eb4312110d
candidate,6,14,100000,float,1,sorted,timing,ordinary,2,38,0.149999999999999,0.15,a52faec4fa0bb0f21a51be75968a4395435af5fda4231bab85297e0157e03974,7489b3b15c134c0738d86198e4eeabe8cc23f781e51a240f4d47407d7a27cd49,,87d40b2334b7e6c59df44017642222b0038c34062869308912cd786c77e53d77,f2c6661dad014d79905785000eea38ec6082e215a4aaa0aac4947c645e78e561,0,1e+05,8e+05,8e+05,3339592,e56da4f502cedcfad3630714028c105bbeeb303114f29569641445b54eb769f2
candidate,6,14,100000,float,1,sorted,timing,typed_double,3,39,0.155999999999999,0.157,a52faec4fa0bb0f21a51be75968a4395435af5fda4231bab85297e0157e03974,7489b3b15c134c0738d86198e4eeabe8cc23f781e51a240f4d47407d7a27cd49,,87d40b2334b7e6c59df44017642222b0038c34062869308912cd786c77e53d77,f2c6661dad014d79905785000eea38ec6082e215a4aaa0aac4947c645e78e561,0,1e+05,8e+05,8e+05,3339544,e56da4f502cedcfad3630714028c105bbeeb303114f29569641445b54eb769f2
candidate,6,15,100000,float,4,random,timing,typed_double,1,13,0.155,0.154000000000002,28570e6fb39ba10fbc26c9a5ba29b6d686680f95e46dd9ae04be81bda40fe2c6,bd64d393fdb9b1a213989b298782d95b689ea3d4c8ebf87487dea0d46f6d8585,,713ae766cb7266f7c774d9e74951f47c6d8fa3fb644d7de510b4b899c94f6399,d5b3f9c2a15801fe8ae51044015dcf16488edbb841928fd850be98b199f45c5c,0,4e+05,3200000,3200000,6100856,692e68b5fdf4dcb6298baab418c8942336624627eb22682a5166460b2e9a1ef8
candidate,6,15,100000,float,4,random,timing,compact,2,13,0.149000000000001,0.149000000000001,28570e6fb39ba10fbc26c9a5ba29b6d686680f95e46dd9ae04be81bda40fe2c6,bd64d393fdb9b1a213989b298782d95b689ea3d4c8ebf87487dea0d46f6d8585,,713ae766cb7266f7c774d9e74951f47c6d8fa3fb644d7de510b4b899c94f6399,d5b3f9c2a15801fe8ae51044015dcf16488edbb841928fd850be98b199f45c5c,0,4e+05,3200000,3200000,6100856,55604d65dc286407e628e98d1a6cad78d8520977dd52a04e4cec45fdafef6ca7
candidate,6,15,100000,float,4,random,timing,ordinary,3,13,0.151000000000002,0.150000000000002,28570e6fb39ba10fbc26c9a5ba29b6d686680f95e46dd9ae04be81bda40fe2c6,bd64d393fdb9b1a213989b298782d95b689ea3d4c8ebf87487dea0d46f6d8585,,713ae766cb7266f7c774d9e74951f47c6d8fa3fb644d7de510b4b899c94f6399,d5b3f9c2a15801fe8ae51044015dcf16488edbb841928fd850be98b199f45c5c,0,4e+05,3200000,3200000,6101048,692e68b5fdf4dcb6298baab418c8942336624627eb22682a5166460b2e9a1ef8
candidate,6,16,100000,float,4,sorted,timing,ordinary,1,29,0.155999999999999,0.155999999999999,150f33127c7414ac096d3c1f7675b1a8dbd6526c5c3b37a8a4c3cff75762748a,bd64d393fdb9b1a213989b298782d95b689ea3d4c8ebf87487dea0d46f6d8585,,01653bef0c2c3143e8632da935baee80ac5550fc2dcd732b63e9b1ebf060b3cd,1c3397468f628a26ab2118271b997ec9c97fd7600b13938678a0a06761230548,0,4e+05,3200000,3200000,6101048,692e68b5fdf4dcb6298baab418c8942336624627eb22682a5166460b2e9a1ef8
candidate,6,16,100000,float,4,sorted,timing,typed_double,2,28,0.155,0.152999999999999,150f33127c7414ac096d3c1f7675b1a8dbd6526c5c3b37a8a4c3cff75762748a,bd64d393fdb9b1a213989b298782d95b689ea3d4c8ebf87487dea0d46f6d8585,,01653bef0c2c3143e8632da935baee80ac5550fc2dcd732b63e9b1ebf060b3cd,1c3397468f628a26ab2118271b997ec9c97fd7600b13938678a0a06761230548,0,4e+05,3200000,3200000,6100856,692e68b5fdf4dcb6298baab418c8942336624627eb22682a5166460b2e9a1ef8
candidate,6,16,100000,float,4,sorted,timing,compact,3,29,0.156000000000002,0.155999999999999,150f33127c7414ac096d3c1f7675b1a8dbd6526c5c3b37a8a4c3cff75762748a,bd64d393fdb9b1a213989b298782d95b689ea3d4c8ebf87487dea0d46f6d8585,,01653bef0c2c3143e8632da935baee80ac5550fc2dcd732b63e9b1ebf060b3cd,1c3397468f628a26ab2118271b997ec9c97fd7600b13938678a0a06761230548,0,4e+05,3200000,3200000,6100856,55604d65dc286407e628e98d1a6cad78d8520977dd52a04e4cec45fdafef6ca7
candidate,6,17,1000000,int,1,random,timing,compact,1,2,0.209,0.211000000000002,3b8ff5aa6cf40469034133724b402ecd24b2b1695cb55ebde239e358ad779336,7489b3b15c134c0738d86198e4eeabe8cc23f781e51a240f4d47407d7a27cd49,,a10821ac1bb8d4a975da3ac98d55a939b046be2a393f527e4f9581ff0161270f,5ab0d517366eb1493dbfdacb26247bd872e9e39625942c7d818c46e25bb5e281,0,1e+06,8e+06,8e+06,32139544,90c7c589dbbfaf14e7a1287fa250334ce92d712e1b442dea6fecf7eb4312110d
candidate,6,17,1000000,int,1,random,timing,ordinary,2,2,0.212,0.213000000000001,3b8ff5aa6cf40469034133724b402ecd24b2b1695cb55ebde239e358ad779336,7489b3b15c134c0738d86198e4eeabe8cc23f781e51a240f4d47407d7a27cd49,,a10821ac1bb8d4a975da3ac98d55a939b046be2a393f527e4f9581ff0161270f,5ab0d517366eb1493dbfdacb26247bd872e9e39625942c7d818c46e25bb5e281,0,1e+06,8e+06,8e+06,32139592,e56da4f502cedcfad3630714028c105bbeeb303114f29569641445b54eb769f2
candidate,6,17,1000000,int,1,random,timing,typed_double,3,2,0.207,0.206999999999997,3b8ff5aa6cf40469034133724b402ecd24b2b1695cb55ebde239e358ad779336,7489b3b15c134c0738d86198e4eeabe8cc23f781e51a240f4d47407d7a27cd49,,a10821ac1bb8d4a975da3ac98d55a939b046be2a393f527e4f9581ff0161270f,5ab0d517366eb1493dbfdacb26247bd872e9e39625942c7d818c46e25bb5e281,0,1e+06,8e+06,8e+06,32139544,e56da4f502cedcfad3630714028c105bbeeb303114f29569641445b54eb769f2
candidate,6,18,1000000,int,1,sorted,timing,typed_double,1,5,0.191999999999999,0.192,e13f5ee30f7975e3cdb08c823d2c61296d743f488a00c32d01d8f8488bc258af,7489b3b15c134c0738d86198e4eeabe8cc23f781e51a240f4d47407d7a27cd49,,703f54515e6cc4b606392000716912c1ec33b0bf154fd665c4388b6dd3f0d990,e055e9ea9a832ab67a68b7cb17d8dbc373088e63e6f39fe36037564048488bc9,0,1e+06,8e+06,8e+06,32139544,e56da4f502cedcfad3630714028c105bbeeb303114f29569641445b54eb769f2
candidate,6,18,1000000,int,1,sorted,timing,compact,2,4,0.150000000000001,0.149999999999999,e13f5ee30f7975e3cdb08c823d2c61296d743f488a00c32d01d8f8488bc258af,7489b3b15c134c0738d86198e4eeabe8cc23f781e51a240f4d47407d7a27cd49,,703f54515e6cc4b606392000716912c1ec33b0bf154fd665c4388b6dd3f0d990,e055e9ea9a832ab67a68b7cb17d8dbc373088e63e6f39fe36037564048488bc9,0,1e+06,8e+06,8e+06,32139544,90c7c589dbbfaf14e7a1287fa250334ce92d712e1b442dea6fecf7eb4312110d
candidate,6,18,1000000,int,1,sorted,timing,ordinary,3,4,0.153999999999999,0.154,e13f5ee30f7975e3cdb08c823d2c61296d743f488a00c32d01d8f8488bc258af,7489b3b15c134c0738d86198e4eeabe8cc23f781e51a240f4d47407d7a27cd49,,703f54515e6cc4b606392000716912c1ec33b0bf154fd665c4388b6dd3f0d990,e055e9ea9a832ab67a68b7cb17d8dbc373088e63e6f39fe36037564048488bc9,0,1e+06,8e+06,8e+06,32139592,e56da4f502cedcfad3630714028c105bbeeb303114f29569641445b54eb769f2
candidate,6,19,1000000,float,1,random,timing,ordinary,1,2,0.211000000000001,0.211000000000002,3b8ff5aa6cf40469034133724b402ecd24b2b1695cb55ebde239e358ad779336,7489b3b15c134c0738d86198e4eeabe8cc23f781e51a240f4d47407d7a27cd49,,a3ad3ea2732684145470cc2d6d75e690fb2cfb67d3cb80b6dc55066135eb7073,5ab0d517366eb1493dbfdacb26247bd872e9e39625942c7d818c46e25bb5e281,0,1e+06,8e+06,8e+06,32139592,e56da4f502cedcfad3630714028c105bbeeb303114f29569641445b54eb769f2
candidate,6,19,1000000,float,1,random,timing,typed_double,2,2,0.215999999999998,0.216000000000001,3b8ff5aa6cf40469034133724b402ecd24b2b1695cb55ebde239e358ad779336,7489b3b15c134c0738d86198e4eeabe8cc23f781e51a240f4d47407d7a27cd49,,a3ad3ea2732684145470cc2d6d75e690fb2cfb67d3cb80b6dc55066135eb7073,5ab0d517366eb1493dbfdacb26247bd872e9e39625942c7d818c46e25bb5e281,0,1e+06,8e+06,8e+06,32139544,e56da4f502cedcfad3630714028c105bbeeb303114f29569641445b54eb769f2
candidate,6,19,1000000,float,1,random,timing,compact,3,2,0.211999999999999,0.210999999999999,3b8ff5aa6cf40469034133724b402ecd24b2b1695cb55ebde239e358ad779336,7489b3b15c134c0738d86198e4eeabe8cc23f781e51a240f4d47407d7a27cd49,,a3ad3ea2732684145470cc2d6d75e690fb2cfb67d3cb80b6dc55066135eb7073,5ab0d517366eb1493dbfdacb26247bd872e9e39625942c7d818c46e25bb5e281,0,1e+06,8e+06,8e+06,32139544,90c7c589dbbfaf14e7a1287fa250334ce92d712e1b442dea6fecf7eb4312110d
candidate,6,20,1000000,float,1,sorted,timing,compact,1,5,0.189000000000001,0.189,e13f5ee30f7975e3cdb08c823d2c61296d743f488a00c32d01d8f8488bc258af,7489b3b15c134c0738d86198e4eeabe8cc23f781e51a240f4d47407d7a27cd49,,1552b8035120a491922e642ee5661602cf17773c6e28ea936f7e2b2981848aa5,e055e9ea9a832ab67a68b7cb17d8dbc373088e63e6f39fe36037564048488bc9,0,1e+06,8e+06,8e+06,32139544,90c7c589dbbfaf14e7a1287fa250334ce92d712e1b442dea6fecf7eb4312110d
candidate,6,20,1000000,float,1,sorted,timing,ordinary,2,4,0.152,0.152999999999999,e13f5ee30f7975e3cdb08c823d2c61296d743f488a00c32d01d8f8488bc258af,7489b3b15c134c0738d86198e4eeabe8cc23f781e51a240f4d47407d7a27cd49,,1552b8035120a491922e642ee5661602cf17773c6e28ea936f7e2b2981848aa5,e055e9ea9a832ab67a68b7cb17d8dbc373088e63e6f39fe36037564048488bc9,0,1e+06,8e+06,8e+06,32139592,e56da4f502cedcfad3630714028c105bbeeb303114f29569641445b54eb769f2
candidate,6,20,1000000,float,1,sorted,timing,typed_double,3,5,0.189,0.190000000000001,e13f5ee30f7975e3cdb08c823d2c61296d743f488a00c32d01d8f8488bc258af,7489b3b15c134c0738d86198e4eeabe8cc23f781e51a240f4d47407d7a27cd49,,1552b8035120a491922e642ee5661602cf17773c6e28ea936f7e2b2981848aa5,e055e9ea9a832ab67a68b7cb17d8dbc373088e63e6f39fe36037564048488bc9,0,1e+06,8e+06,8e+06,32139544,e56da4f502cedcfad3630714028c105bbeeb303114f29569641445b54eb769f2
baseline,6,1,100000,byte,1,random,timing,ordinary,1,7,0.162,0.161,611de18bdbc2635e1ae6c62e8cd601542cf8546cee7fe011fb989fb9b6d2c5e1,7489b3b15c134c0738d86198e4eeabe8cc23f781e51a240f4d47407d7a27cd49,,79ca59251cbf840b798536c6992ceae96b4d9a89e68b7f0ba6fd40ae59ea7d39,5ff104c4f202fc073ae8f7d3b98ec913f051efaf773d4a26b2e909b7826d85eb,NA,NA,NA,8e+05,2419128,e56da4f502cedcfad3630714028c105bbeeb303114f29569641445b54eb769f2
baseline,6,1,100000,byte,1,random,timing,typed_double,2,2,0.217,0.217,611de18bdbc2635e1ae6c62e8cd601542cf8546cee7fe011fb989fb9b6d2c5e1,7489b3b15c134c0738d86198e4eeabe8cc23f781e51a240f4d47407d7a27cd49,,79ca59251cbf840b798536c6992ceae96b4d9a89e68b7f0ba6fd40ae59ea7d39,5ff104c4f202fc073ae8f7d3b98ec913f051efaf773d4a26b2e909b7826d85eb,NA,NA,NA,8e+05,2401368,e56da4f502cedcfad3630714028c105bbeeb303114f29569641445b54eb769f2
baseline,6,1,100000,byte,1,random,timing,compact,3,2,0.22,0.221,611de18bdbc2635e1ae6c62e8cd601542cf8546cee7fe011fb989fb9b6d2c5e1,7489b3b15c134c0738d86198e4eeabe8cc23f781e51a240f4d47407d7a27cd49,,79ca59251cbf840b798536c6992ceae96b4d9a89e68b7f0ba6fd40ae59ea7d39,5ff104c4f202fc073ae8f7d3b98ec913f051efaf773d4a26b2e909b7826d85eb,NA,NA,NA,8e+05,2401496,90c7c589dbbfaf14e7a1287fa250334ce92d712e1b442dea6fecf7eb4312110d
baseline,6,2,100000,byte,1,sorted,timing,compact,1,3,0.199,0.198,b2ba4976e8fb73986642cd794254f383cea39d1f3a3ebf7d622ef5febc19b98c,7489b3b15c134c0738d86198e4eeabe8cc23f781e51a240f4d47407d7a27cd49,,983ceeeb21d19fc6681a93a21cd0a4aa3ec44b911c559338cc65523bda301240,bff0ccac5a55e2545a4398866f41489021804172b1914a6f436786ca490125f0,NA,NA,NA,8e+05,2401496,90c7c589dbbfaf14e7a1287fa250334ce92d712e1b442dea6fecf7eb4312110d
baseline,6,2,100000,byte,1,sorted,timing,ordinary,2,12,0.16,0.161,b2ba4976e8fb73986642cd794254f383cea39d1f3a3ebf7d622ef5febc19b98c,7489b3b15c134c0738d86198e4eeabe8cc23f781e51a240f4d47407d7a27cd49,,983ceeeb21d19fc6681a93a21cd0a4aa3ec44b911c559338cc65523bda301240,bff0ccac5a55e2545a4398866f41489021804172b1914a6f436786ca490125f0,NA,NA,NA,8e+05,2401416,e56da4f502cedcfad3630714028c105bbeeb303114f29569641445b54eb769f2
baseline,6,2,100000,byte,1,sorted,timing,typed_double,3,3,0.194,0.194,b2ba4976e8fb73986642cd794254f383cea39d1f3a3ebf7d622ef5febc19b98c,7489b3b15c134c0738d86198e4eeabe8cc23f781e51a240f4d47407d7a27cd49,,983ceeeb21d19fc6681a93a21cd0a4aa3ec44b911c559338cc65523bda301240,bff0ccac5a55e2545a4398866f41489021804172b1914a6f436786ca490125f0,NA,NA,NA,8e+05,2401368,e56da4f502cedcfad3630714028c105bbeeb303114f29569641445b54eb769f2
baseline,6,3,100000,byte,4,random,timing,typed_double,1,1,0.216,0.215000000000001,ffda5aaffec7ffbb58b5a3cd5ec3d81122b355f7db4ed2c104818038769dea8f,bd64d393fdb9b1a213989b298782d95b689ea3d4c8ebf87487dea0d46f6d8585,,71c6e51bf68dea3480d87bd4e483380e78c80874476c99a65ed1c24fc0dc2701,45685d585afcf2d259b31a2d8922723a51bd51b53581d528f52ff6ff472de32d,NA,NA,NA,3200000,2801232,692e68b5fdf4dcb6298baab418c8942336624627eb22682a5166460b2e9a1ef8
baseline,6,3,100000,byte,4,random,timing,compact,2,1,0.219,0.218,ffda5aaffec7ffbb58b5a3cd5ec3d81122b355f7db4ed2c104818038769dea8f,bd64d393fdb9b1a213989b298782d95b689ea3d4c8ebf87487dea0d46f6d8585,,71c6e51bf68dea3480d87bd4e483380e78c80874476c99a65ed1c24fc0dc2701,45685d585afcf2d259b31a2d8922723a51bd51b53581d528f52ff6ff472de32d,NA,NA,NA,3200000,2801744,55604d65dc286407e628e98d1a6cad78d8520977dd52a04e4cec45fdafef6ca7
baseline,6,3,100000,byte,4,random,timing,ordinary,3,4,0.164000000000001,0.164000000000001,ffda5aaffec7ffbb58b5a3cd5ec3d81122b355f7db4ed2c104818038769dea8f,bd64d393fdb9b1a213989b298782d95b689ea3d4c8ebf87487dea0d46f6d8585,,71c6e51bf68dea3480d87bd4e483380e78c80874476c99a65ed1c24fc0dc2701,45685d585afcf2d259b31a2d8922723a51bd51b53581d528f52ff6ff472de32d,NA,NA,NA,3200000,2801424,692e68b5fdf4dcb6298baab418c8942336624627eb22682a5166460b2e9a1ef8
baseline,6,4,100000,byte,4,sorted,timing,ordinary,1,6,0.16,0.16,c00804f2cdb8c5f3a3c84574d69ea5dbf006bd822d8f2186a3fa0aad17ad7422,bd64d393fdb9b1a213989b298782d95b689ea3d4c8ebf87487dea0d46f6d8585,,d459b3940c19caa3ce7a1f1d47e880f4ebdd851e030266bb0bc970c817adcce3,3511331d6bfaa4332efe7710355801dbbedb47920ed3242a042adb0e0c16a347,NA,NA,NA,3200000,2801424,692e68b5fdf4dcb6298baab418c8942336624627eb22682a5166460b2e9a1ef8
baseline,6,4,100000,byte,4,sorted,timing,typed_double,2,2,0.274,0.274,c00804f2cdb8c5f3a3c84574d69ea5dbf006bd822d8f2186a3fa0aad17ad7422,bd64d393fdb9b1a213989b298782d95b689ea3d4c8ebf87487dea0d46f6d8585,,d459b3940c19caa3ce7a1f1d47e880f4ebdd851e030266bb0bc970c817adcce3,3511331d6bfaa4332efe7710355801dbbedb47920ed3242a042adb0e0c16a347,NA,NA,NA,3200000,2801232,692e68b5fdf4dcb6298baab418c8942336624627eb22682a5166460b2e9a1ef8
baseline,6,4,100000,byte,4,sorted,timing,compact,3,2,0.284000000000001,0.285,c00804f2cdb8c5f3a3c84574d69ea5dbf006bd822d8f2186a3fa0aad17ad7422,bd64d393fdb9b1a213989b298782d95b689ea3d4c8ebf87487dea0d46f6d8585,,d459b3940c19caa3ce7a1f1d47e880f4ebdd851e030266bb0bc970c817adcce3,3511331d6bfaa4332efe7710355801dbbedb47920ed3242a042adb0e0c16a347,NA,NA,NA,3200000,2801744,55604d65dc286407e628e98d1a6cad78d8520977dd52a04e4cec45fdafef6ca7
baseline,6,5,100000,int,1,random,timing,compact,1,2,0.223000000000001,0.222000000000001,790e7ab0dca629a978c5f15f9866d33526f92648f40cb5cd3f8b04b18c7e5e12,7489b3b15c134c0738d86198e4eeabe8cc23f781e51a240f4d47407d7a27cd49,,2997003b2099d6d7c994178abe216c694cecda0419dea94ee17773c839d592f0,aae1303f43753abcfee5c3e2e9e23f0052fbbda0fadfbf38a534a2f63d4a4a07,NA,NA,NA,8e+05,2441200,90c7c589dbbfaf14e7a1287fa250334ce92d712e1b442dea6fecf7eb4312110d
baseline,6,5,100000,int,1,random,timing,ordinary,2,7,0.157,0.156999999999998,790e7ab0dca629a978c5f15f9866d33526f92648f40cb5cd3f8b04b18c7e5e12,7489b3b15c134c0738d86198e4eeabe8cc23f781e51a240f4d47407d7a27cd49,,2997003b2099d6d7c994178abe216c694cecda0419dea94ee17773c839d592f0,aae1303f43753abcfee5c3e2e9e23f0052fbbda0fadfbf38a534a2f63d4a4a07,NA,NA,NA,8e+05,2441120,e56da4f502cedcfad3630714028c105bbeeb303114f29569641445b54eb769f2
baseline,6,5,100000,int,1,random,timing,typed_double,3,2,0.216999999999999,0.217000000000001,790e7ab0dca629a978c5f15f9866d33526f92648f40cb5cd3f8b04b18c7e5e12,7489b3b15c134c0738d86198e4eeabe8cc23f781e51a240f4d47407d7a27cd49,,2997003b2099d6d7c994178abe216c694cecda0419dea94ee17773c839d592f0,aae1303f43753abcfee5c3e2e9e23f0052fbbda0fadfbf38a534a2f63d4a4a07,NA,NA,NA,8e+05,2441072,e56da4f502cedcfad3630714028c105bbeeb303114f29569641445b54eb769f2
baseline,6,6,100000,int,1,sorted,timing,typed_double,1,3,0.196000000000002,0.196,a52faec4fa0bb0f21a51be75968a4395435af5fda4231bab85297e0157e03974,7489b3b15c134c0738d86198e4eeabe8cc23f781e51a240f4d47407d7a27cd49,,db1959a5bac429757ccfde32823cf5986fa24e726b60f0a2bd496a5ea6c9191e,f2c6661dad014d79905785000eea38ec6082e215a4aaa0aac4947c645e78e561,NA,NA,NA,8e+05,2441072,e56da4f502cedcfad3630714028c105bbeeb303114f29569641445b54eb769f2
baseline,6,6,100000,int,1,sorted,timing,compact,2,3,0.199999999999999,0.201,a52faec4fa0bb0f21a51be75968a4395435af5fda4231bab85297e0157e03974,7489b3b15c134c0738d86198e4eeabe8cc23f781e51a240f4d47407d7a27cd49,,db1959a5bac429757ccfde32823cf5986fa24e726b60f0a2bd496a5ea6c9191e,f2c6661dad014d79905785000eea38ec6082e215a4aaa0aac4947c645e78e561,NA,NA,NA,8e+05,2441200,90c7c589dbbfaf14e7a1287fa250334ce92d712e1b442dea6fecf7eb4312110d
baseline,6,6,100000,int,1,sorted,timing,ordinary,3,12,0.16,0.161,a52faec4fa0bb0f21a51be75968a4395435af5fda4231bab85297e0157e03974,7489b3b15c134c0738d86198e4eeabe8cc23f781e51a240f4d47407d7a27cd49,,db1959a5bac429757ccfde32823cf5986fa24e726b60f0a2bd496a5ea6c9191e,f2c6661dad014d79905785000eea38ec6082e215a4aaa0aac4947c645e78e561,NA,NA,NA,8e+05,2441120,e56da4f502cedcfad3630714028c105bbeeb303114f29569641445b54eb769f2
baseline,6,7,100000,int,4,random,timing,ordinary,1,6,0.174,0.175000000000001,28570e6fb39ba10fbc26c9a5ba29b6d686680f95e46dd9ae04be81bda40fe2c6,bd64d393fdb9b1a213989b298782d95b689ea3d4c8ebf87487dea0d46f6d8585,,aff7ed7d2ab6d1b77b5e1290b89c4fbe3871041d0d819c20a2b431ed5ad102a8,d5b3f9c2a15801fe8ae51044015dcf16488edbb841928fd850be98b199f45c5c,NA,NA,NA,3200000,2802112,692e68b5fdf4dcb6298baab418c8942336624627eb22682a5166460b2e9a1ef8
baseline,6,7,100000,int,4,random,timing,typed_double,2,2,0.273999999999999,0.274000000000001,28570e6fb39ba10fbc26c9a5ba29b6d686680f95e46dd9ae04be81bda40fe2c6,bd64d393fdb9b1a213989b298782d95b689ea3d4c8ebf87487dea0d46f6d8585,,aff7ed7d2ab6d1b77b5e1290b89c4fbe3871041d0d819c20a2b431ed5ad102a8,d5b3f9c2a15801fe8ae51044015dcf16488edbb841928fd850be98b199f45c5c,NA,NA,NA,3200000,2801920,692e68b5fdf4dcb6298baab418c8942336624627eb22682a5166460b2e9a1ef8
baseline,6,7,100000,int,4,random,timing,compact,3,2,0.285,0.285,28570e6fb39ba10fbc26c9a5ba29b6d686680f95e46dd9ae04be81bda40fe2c6,bd64d393fdb9b1a213989b298782d95b689ea3d4c8ebf87487dea0d46f6d8585,,aff7ed7d2ab6d1b77b5e1290b89c4fbe3871041d0d819c20a2b431ed5ad102a8,d5b3f9c2a15801fe8ae51044015dcf16488edbb841928fd850be98b199f45c5c,NA,NA,NA,3200000,2802432,55604d65dc286407e628e98d1a6cad78d8520977dd52a04e4cec45fdafef6ca7
baseline,6,8,100000,int,4,sorted,timing,compact,1,2,0.19,0.19,150f33127c7414ac096d3c1f7675b1a8dbd6526c5c3b37a8a4c3cff75762748a,bd64d393fdb9b1a213989b298782d95b689ea3d4c8ebf87487dea0d46f6d8585,,aff3f2dfe98a92d596412f850cce402a277c4ca64dfa5da5b4ca182cde71dfbb,1c3397468f628a26ab2118271b997ec9c97fd7600b13938678a0a06761230548,NA,NA,NA,3200000,2802432,55604d65dc286407e628e98d1a6cad78d8520977dd52a04e4cec45fdafef6ca7
baseline,6,8,100000,int,4,sorted,timing,ordinary,2,9,0.162999999999998,0.163,150f33127c7414ac096d3c1f7675b1a8dbd6526c5c3b37a8a4c3cff75762748a,bd64d393fdb9b1a213989b298782d95b689ea3d4c8ebf87487dea0d46f6d8585,,aff3f2dfe98a92d596412f850cce402a277c4ca64dfa5da5b4ca182cde71dfbb,1c3397468f628a26ab2118271b997ec9c97fd7600b13938678a0a06761230548,NA,NA,NA,3200000,2802112,692e68b5fdf4dcb6298baab418c8942336624627eb22682a5166460b2e9a1ef8
baseline,6,8,100000,int,4,sorted,timing,typed_double,3,2,0.183999999999997,0.184000000000001,150f33127c7414ac096d3c1f7675b1a8dbd6526c5c3b37a8a4c3cff75762748a,bd64d393fdb9b1a213989b298782d95b689ea3d4c8ebf87487dea0d46f6d8585,,aff3f2dfe98a92d596412f850cce402a277c4ca64dfa5da5b4ca182cde71dfbb,1c3397468f628a26ab2118271b997ec9c97fd7600b13938678a0a06761230548,NA,NA,NA,3200000,2801920,692e68b5fdf4dcb6298baab418c8942336624627eb22682a5166460b2e9a1ef8
baseline,6,9,100000,long,1,random,timing,typed_double,1,2,0.213999999999999,0.212999999999997,790e7ab0dca629a978c5f15f9866d33526f92648f40cb5cd3f8b04b18c7e5e12,7489b3b15c134c0738d86198e4eeabe8cc23f781e51a240f4d47407d7a27cd49,,751bda1c3cc5aa6b0a51955579ca627ba8545238811eb3539c65292338bb2c6e,aae1303f43753abcfee5c3e2e9e23f0052fbbda0fadfbf38a534a2f63d4a4a07,NA,NA,NA,8e+05,2441072,e56da4f502cedcfad3630714028c105bbeeb303114f29569641445b54eb769f2
baseline,6,9,100000,long,1,random,timing,compact,2,2,0.222000000000001,0.221999999999998,790e7ab0dca629a978c5f15f9866d33526f92648f40cb5cd3f8b04b18c7e5e12,7489b3b15c134c0738d86198e4eeabe8cc23f781e51a240f4d47407d7a27cd49,,751bda1c3cc5aa6b0a51955579ca627ba8545238811eb3539c65292338bb2c6e,aae1303f43753abcfee5c3e2e9e23f0052fbbda0fadfbf38a534a2f63d4a4a07,NA,NA,NA,8e+05,2441200,90c7c589dbbfaf14e7a1287fa250334ce92d712e1b442dea6fecf7eb4312110d
baseline,6,9,100000,long,1,random,timing,ordinary,3,7,0.169,0.170000000000002,790e7ab0dca629a978c5f15f9866d33526f92648f40cb5cd3f8b04b18c7e5e12,7489b3b15c134c0738d86198e4eeabe8cc23f781e51a240f4d47407d7a27cd49,,751bda1c3cc5aa6b0a51955579ca627ba8545238811eb3539c65292338bb2c6e,aae1303f43753abcfee5c3e2e9e23f0052fbbda0fadfbf38a534a2f63d4a4a07,NA,NA,NA,8e+05,2441120,e56da4f502cedcfad3630714028c105bbeeb303114f29569641445b54eb769f2
baseline,6,10,100000,long,1,sorted,timing,ordinary,1,12,0.158999999999999,0.158999999999999,a52faec4fa0bb0f21a51be75968a4395435af5fda4231bab85297e0157e03974,7489b3b15c134c0738d86198e4eeabe8cc23f781e51a240f4d47407d7a27cd49,,1ea934f3f083d0cbb593ee245b2722e6fb3e91ab062e1ed17f8f9c8d5d24c3c1,f2c6661dad014d79905785000eea38ec6082e215a4aaa0aac4947c645e78e561,NA,NA,NA,8e+05,2441120,e56da4f502cedcfad3630714028c105bbeeb303114f29569641445b54eb769f2
baseline,6,10,100000,long,1,sorted,timing,typed_double,2,3,0.192999999999998,0.192999999999998,a52faec4fa0bb0f21a51be75968a4395435af5fda4231bab85297e0157e03974,7489b3b15c134c0738d86198e4eeabe8cc23f781e51a240f4d47407d7a27cd49,,1ea934f3f083d0cbb593ee245b2722e6fb3e91ab062e1ed17f8f9c8d5d24c3c1,f2c6661dad014d79905785000eea38ec6082e215a4aaa0aac4947c645e78e561,NA,NA,NA,8e+05,2441072,e56da4f502cedcfad3630714028c105bbeeb303114f29569641445b54eb769f2
baseline,6,10,100000,long,1,sorted,timing,compact,3,3,0.202999999999999,0.202999999999999,a52faec4fa0bb0f21a51be75968a4395435af5fda4231bab85297e0157e03974,7489b3b15c134c0738d86198e4eeabe8cc23f781e51a240f4d47407d7a27cd49,,1ea934f3f083d0cbb593ee245b2722e6fb3e91ab062e1ed17f8f9c8d5d24c3c1,f2c6661dad014d79905785000eea38ec6082e215a4aaa0aac4947c645e78e561,NA,NA,NA,8e+05,2441200,90c7c589dbbfaf14e7a1287fa250334ce92d712e1b442dea6fecf7eb4312110d
baseline,6,11,100000,long,4,random,timing,compact,1,2,0.289000000000001,0.288999999999998,28570e6fb39ba10fbc26c9a5ba29b6d686680f95e46dd9ae04be81bda40fe2c6,bd64d393fdb9b1a213989b298782d95b689ea3d4c8ebf87487dea0d46f6d8585,,6a561c8e859a4ca1eb5e1c65a05e4cda84f46397e6502ec8bf24a48cc9330769,d5b3f9c2a15801fe8ae51044015dcf16488edbb841928fd850be98b199f45c5c,NA,NA,NA,3200000,2802432,55604d65dc286407e628e98d1a6cad78d8520977dd52a04e4cec45fdafef6ca7
baseline,6,11,100000,long,4,random,timing,ordinary,2,6,0.169,0.169,28570e6fb39ba10fbc26c9a5ba29b6d686680f95e46dd9ae04be81bda40fe2c6,bd64d393fdb9b1a213989b298782d95b689ea3d4c8ebf87487dea0d46f6d8585,,6a561c8e859a4ca1eb5e1c65a05e4cda84f46397e6502ec8bf24a48cc9330769,d5b3f9c2a15801fe8ae51044015dcf16488edbb841928fd850be98b199f45c5c,NA,NA,NA,3200000,2802112,692e68b5fdf4dcb6298baab418c8942336624627eb22682a5166460b2e9a1ef8
baseline,6,11,100000,long,4,random,timing,typed_double,3,2,0.28,0.280000000000001,28570e6fb39ba10fbc26c9a5ba29b6d686680f95e46dd9ae04be81bda40fe2c6,bd64d393fdb9b1a213989b298782d95b689ea3d4c8ebf87487dea0d46f6d8585,,6a561c8e859a4ca1eb5e1c65a05e4cda84f46397e6502ec8bf24a48cc9330769,d5b3f9c2a15801fe8ae51044015dcf16488edbb841928fd850be98b199f45c5c,NA,NA,NA,3200000,2801920,692e68b5fdf4dcb6298baab418c8942336624627eb22682a5166460b2e9a1ef8
baseline,6,12,100000,long,4,sorted,timing,typed_double,1,2,0.184999999999999,0.185000000000002,150f33127c7414ac096d3c1f7675b1a8dbd6526c5c3b37a8a4c3cff75762748a,bd64d393fdb9b1a213989b298782d95b689ea3d4c8ebf87487dea0d46f6d8585,,f1c9883feda04e555205dbd80629014dd80776a9752271511c857a4ed7d5b024,1c3397468f628a26ab2118271b997ec9c97fd7600b13938678a0a06761230548,NA,NA,NA,3200000,2801920,692e68b5fdf4dcb6298baab418c8942336624627eb22682a5166460b2e9a1ef8
baseline,6,12,100000,long,4,sorted,timing,compact,2,2,0.210999999999999,0.211000000000002,150f33127c7414ac096d3c1f7675b1a8dbd6526c5c3b37a8a4c3cff75762748a,bd64d393fdb9b1a213989b298782d95b689ea3d4c8ebf87487dea0d46f6d8585,,f1c9883feda04e555205dbd80629014dd80776a9752271511c857a4ed7d5b024,1c3397468f628a26ab2118271b997ec9c97fd7600b13938678a0a06761230548,NA,NA,NA,3200000,2802432,55604d65dc286407e628e98d1a6cad78d8520977dd52a04e4cec45fdafef6ca7
baseline,6,12,100000,long,4,sorted,timing,ordinary,3,9,0.160999999999998,0.161000000000001,150f33127c7414ac096d3c1f7675b1a8dbd6526c5c3b37a8a4c3cff75762748a,bd64d393fdb9b1a213989b298782d95b689ea3d4c8ebf87487dea0d46f6d8585,,f1c9883feda04e555205dbd80629014dd80776a9752271511c857a4ed7d5b024,1c3397468f628a26ab2118271b997ec9c97fd7600b13938678a0a06761230548,NA,NA,NA,3200000,2802112,692e68b5fdf4dcb6298baab418c8942336624627eb22682a5166460b2e9a1ef8
baseline,6,13,100000,float,1,random,timing,ordinary,1,7,0.154,0.154,790e7ab0dca629a978c5f15f9866d33526f92648f40cb5cd3f8b04b18c7e5e12,7489b3b15c134c0738d86198e4eeabe8cc23f781e51a240f4d47407d7a27cd49,,23cfcddb626fee694223f7cbc18d4f117ef068e8bd115496d298cece1a718496,aae1303f43753abcfee5c3e2e9e23f0052fbbda0fadfbf38a534a2f63d4a4a07,NA,NA,NA,8e+05,2441120,e56da4f502cedcfad3630714028c105bbeeb303114f29569641445b54eb769f2
baseline,6,13,100000,float,1,random,timing,typed_double,2,2,0.214000000000002,0.213999999999999,790e7ab0dca629a978c5f15f9866d33526f92648f40cb5cd3f8b04b18c7e5e12,7489b3b15c134c0738d86198e4eeabe8cc23f781e51a240f4d47407d7a27cd49,,23cfcddb626fee694223f7cbc18d4f117ef068e8bd115496d298cece1a718496,aae1303f43753abcfee5c3e2e9e23f0052fbbda0fadfbf38a534a2f63d4a4a07,NA,NA,NA,8e+05,2441072,e56da4f502cedcfad3630714028c105bbeeb303114f29569641445b54eb769f2
baseline,6,13,100000,float,1,random,timing,compact,3,2,0.222000000000001,0.222000000000001,790e7ab0dca629a978c5f15f9866d33526f92648f40cb5cd3f8b04b18c7e5e12,7489b3b15c134c0738d86198e4eeabe8cc23f781e51a240f4d47407d7a27cd49,,23cfcddb626fee694223f7cbc18d4f117ef068e8bd115496d298cece1a718496,aae1303f43753abcfee5c3e2e9e23f0052fbbda0fadfbf38a534a2f63d4a4a07,NA,NA,NA,8e+05,2441200,90c7c589dbbfaf14e7a1287fa250334ce92d712e1b442dea6fecf7eb4312110d
baseline,6,14,100000,float,1,sorted,timing,compact,1,3,0.201,0.202000000000002,a52faec4fa0bb0f21a51be75968a4395435af5fda4231bab85297e0157e03974,7489b3b15c134c0738d86198e4eeabe8cc23f781e51a240f4d47407d7a27cd49,,87d40b2334b7e6c59df44017642222b0038c34062869308912cd786c77e53d77,f2c6661dad014d79905785000eea38ec6082e215a4aaa0aac4947c645e78e561,NA,NA,NA,8e+05,2441200,90c7c589dbbfaf14e7a1287fa250334ce92d712e1b442dea6fecf7eb4312110d
baseline,6,14,100000,float,1,sorted,timing,ordinary,2,12,0.163999999999997,0.163,a52faec4fa0bb0f21a51be75968a4395435af5fda4231bab85297e0157e03974,7489b3b15c134c0738d86198e4eeabe8cc23f781e51a240f4d47407d7a27cd49,,87d40b2334b7e6c59df44017642222b0038c34062869308912cd786c77e53d77,f2c6661dad014d79905785000eea38ec6082e215a4aaa0aac4947c645e78e561,NA,NA,NA,8e+05,2441120,e56da4f502cedcfad3630714028c105bbeeb303114f29569641445b54eb769f2
baseline,6,14,100000,float,1,sorted,timing,typed_double,3,3,0.196000000000002,0.196000000000002,a52faec4fa0bb0f21a51be75968a4395435af5fda4231bab85297e0157e03974,7489b3b15c134c0738d86198e4eeabe8cc23f781e51a240f4d47407d7a27cd49,,87d40b2334b7e6c59df44017642222b0038c34062869308912cd786c77e53d77,f2c6661dad014d79905785000eea38ec6082e215a4aaa0aac4947c645e78e561,NA,NA,NA,8e+05,2441072,e56da4f502cedcfad3630714028c105bbeeb303114f29569641445b54eb769f2
baseline,6,15,100000,float,4,random,timing,typed_double,1,2,0.280999999999999,0.282,28570e6fb39ba10fbc26c9a5ba29b6d686680f95e46dd9ae04be81bda40fe2c6,bd64d393fdb9b1a213989b298782d95b689ea3d4c8ebf87487dea0d46f6d8585,,713ae766cb7266f7c774d9e74951f47c6d8fa3fb644d7de510b4b899c94f6399,d5b3f9c2a15801fe8ae51044015dcf16488edbb841928fd850be98b199f45c5c,NA,NA,NA,3200000,2801920,692e68b5fdf4dcb6298baab418c8942336624627eb22682a5166460b2e9a1ef8
baseline,6,15,100000,float,4,random,timing,compact,2,2,0.281999999999999,0.280999999999999,28570e6fb39ba10fbc26c9a5ba29b6d686680f95e46dd9ae04be81bda40fe2c6,bd64d393fdb9b1a213989b298782d95b689ea3d4c8ebf87487dea0d46f6d8585,,713ae766cb7266f7c774d9e74951f47c6d8fa3fb644d7de510b4b899c94f6399,d5b3f9c2a15801fe8ae51044015dcf16488edbb841928fd850be98b199f45c5c,NA,NA,NA,3200000,2802432,55604d65dc286407e628e98d1a6cad78d8520977dd52a04e4cec45fdafef6ca7
baseline,6,15,100000,float,4,random,timing,ordinary,3,6,0.170999999999999,0.170999999999999,28570e6fb39ba10fbc26c9a5ba29b6d686680f95e46dd9ae04be81bda40fe2c6,bd64d393fdb9b1a213989b298782d95b689ea3d4c8ebf87487dea0d46f6d8585,,713ae766cb7266f7c774d9e74951f47c6d8fa3fb644d7de510b4b899c94f6399,d5b3f9c2a15801fe8ae51044015dcf16488edbb841928fd850be98b199f45c5c,NA,NA,NA,3200000,2802112,692e68b5fdf4dcb6298baab418c8942336624627eb22682a5166460b2e9a1ef8
baseline,6,16,100000,float,4,sorted,timing,ordinary,1,8,0.143999999999998,0.143999999999998,150f33127c7414ac096d3c1f7675b1a8dbd6526c5c3b37a8a4c3cff75762748a,bd64d393fdb9b1a213989b298782d95b689ea3d4c8ebf87487dea0d46f6d8585,,01653bef0c2c3143e8632da935baee80ac5550fc2dcd732b63e9b1ebf060b3cd,1c3397468f628a26ab2118271b997ec9c97fd7600b13938678a0a06761230548,NA,NA,NA,3200000,2802112,692e68b5fdf4dcb6298baab418c8942336624627eb22682a5166460b2e9a1ef8
baseline,6,16,100000,float,4,sorted,timing,typed_double,2,2,0.188000000000002,0.187000000000001,150f33127c7414ac096d3c1f7675b1a8dbd6526c5c3b37a8a4c3cff75762748a,bd64d393fdb9b1a213989b298782d95b689ea3d4c8ebf87487dea0d46f6d8585,,01653bef0c2c3143e8632da935baee80ac5550fc2dcd732b63e9b1ebf060b3cd,1c3397468f628a26ab2118271b997ec9c97fd7600b13938678a0a06761230548,NA,NA,NA,3200000,2801920,692e68b5fdf4dcb6298baab418c8942336624627eb22682a5166460b2e9a1ef8
baseline,6,16,100000,float,4,sorted,timing,compact,3,2,0.192,0.192999999999998,150f33127c7414ac096d3c1f7675b1a8dbd6526c5c3b37a8a4c3cff75762748a,bd64d393fdb9b1a213989b298782d95b689ea3d4c8ebf87487dea0d46f6d8585,,01653bef0c2c3143e8632da935baee80ac5550fc2dcd732b63e9b1ebf060b3cd,1c3397468f628a26ab2118271b997ec9c97fd7600b13938678a0a06761230548,NA,NA,NA,3200000,2802432,55604d65dc286407e628e98d1a6cad78d8520977dd52a04e4cec45fdafef6ca7
baseline,6,17,1000000,int,1,random,timing,compact,1,1,1.253,1.253,3b8ff5aa6cf40469034133724b402ecd24b2b1695cb55ebde239e358ad779336,7489b3b15c134c0738d86198e4eeabe8cc23f781e51a240f4d47407d7a27cd49,,a10821ac1bb8d4a975da3ac98d55a939b046be2a393f527e4f9581ff0161270f,5ab0d517366eb1493dbfdacb26247bd872e9e39625942c7d818c46e25bb5e281,NA,NA,NA,8e+06,24041200,90c7c589dbbfaf14e7a1287fa250334ce92d712e1b442dea6fecf7eb4312110d
baseline,6,17,1000000,int,1,random,timing,ordinary,2,1,0.259999999999998,0.261000000000003,3b8ff5aa6cf40469034133724b402ecd24b2b1695cb55ebde239e358ad779336,7489b3b15c134c0738d86198e4eeabe8cc23f781e51a240f4d47407d7a27cd49,,a10821ac1bb8d4a975da3ac98d55a939b046be2a393f527e4f9581ff0161270f,5ab0d517366eb1493dbfdacb26247bd872e9e39625942c7d818c46e25bb5e281,NA,NA,NA,8e+06,24041120,e56da4f502cedcfad3630714028c105bbeeb303114f29569641445b54eb769f2
baseline,6,17,1000000,int,1,random,timing,typed_double,3,1,1.277,1.27699999999999,3b8ff5aa6cf40469034133724b402ecd24b2b1695cb55ebde239e358ad779336,7489b3b15c134c0738d86198e4eeabe8cc23f781e51a240f4d47407d7a27cd49,,a10821ac1bb8d4a975da3ac98d55a939b046be2a393f527e4f9581ff0161270f,5ab0d517366eb1493dbfdacb26247bd872e9e39625942c7d818c46e25bb5e281,NA,NA,NA,8e+06,24041072,e56da4f502cedcfad3630714028c105bbeeb303114f29569641445b54eb769f2
baseline,6,18,1000000,int,1,sorted,timing,typed_double,1,1,0.714999999999996,0.715000000000003,e13f5ee30f7975e3cdb08c823d2c61296d743f488a00c32d01d8f8488bc258af,7489b3b15c134c0738d86198e4eeabe8cc23f781e51a240f4d47407d7a27cd49,,703f54515e6cc4b606392000716912c1ec33b0bf154fd665c4388b6dd3f0d990,e055e9ea9a832ab67a68b7cb17d8dbc373088e63e6f39fe36037564048488bc9,NA,NA,NA,8e+06,24041072,e56da4f502cedcfad3630714028c105bbeeb303114f29569641445b54eb769f2
baseline,6,18,1000000,int,1,sorted,timing,compact,2,1,0.742,0.741,e13f5ee30f7975e3cdb08c823d2c61296d743f488a00c32d01d8f8488bc258af,7489b3b15c134c0738d86198e4eeabe8cc23f781e51a240f4d47407d7a27cd49,,703f54515e6cc4b606392000716912c1ec33b0bf154fd665c4388b6dd3f0d990,e055e9ea9a832ab67a68b7cb17d8dbc373088e63e6f39fe36037564048488bc9,NA,NA,NA,8e+06,24041200,90c7c589dbbfaf14e7a1287fa250334ce92d712e1b442dea6fecf7eb4312110d
baseline,6,18,1000000,int,1,sorted,timing,ordinary,3,1,0.151000000000003,0.149999999999999,e13f5ee30f7975e3cdb08c823d2c61296d743f488a00c32d01d8f8488bc258af,7489b3b15c134c0738d86198e4eeabe8cc23f781e51a240f4d47407d7a27cd49,,703f54515e6cc4b606392000716912c1ec33b0bf154fd665c4388b6dd3f0d990,e055e9ea9a832ab67a68b7cb17d8dbc373088e63e6f39fe36037564048488bc9,NA,NA,NA,8e+06,24041120,e56da4f502cedcfad3630714028c105bbeeb303114f29569641445b54eb769f2
baseline,6,19,1000000,float,1,random,timing,ordinary,1,1,0.294000000000004,0.293999999999997,3b8ff5aa6cf40469034133724b402ecd24b2b1695cb55ebde239e358ad779336,7489b3b15c134c0738d86198e4eeabe8cc23f781e51a240f4d47407d7a27cd49,,a3ad3ea2732684145470cc2d6d75e690fb2cfb67d3cb80b6dc55066135eb7073,5ab0d517366eb1493dbfdacb26247bd872e9e39625942c7d818c46e25bb5e281,NA,NA,NA,8e+06,24041120,e56da4f502cedcfad3630714028c105bbeeb303114f29569641445b54eb769f2
baseline,6,19,1000000,float,1,random,timing,typed_double,2,1,1.217,1.21700000000001,3b8ff5aa6cf40469034133724b402ecd24b2b1695cb55ebde239e358ad779336,7489b3b15c134c0738d86198e4eeabe8cc23f781e51a240f4d47407d7a27cd49,,a3ad3ea2732684145470cc2d6d75e690fb2cfb67d3cb80b6dc55066135eb7073,5ab0d517366eb1493dbfdacb26247bd872e9e39625942c7d818c46e25bb5e281,NA,NA,NA,8e+06,24041072,e56da4f502cedcfad3630714028c105bbeeb303114f29569641445b54eb769f2
baseline,6,19,1000000,float,1,random,timing,compact,3,1,1.357,1.358,3b8ff5aa6cf40469034133724b402ecd24b2b1695cb55ebde239e358ad779336,7489b3b15c134c0738d86198e4eeabe8cc23f781e51a240f4d47407d7a27cd49,,a3ad3ea2732684145470cc2d6d75e690fb2cfb67d3cb80b6dc55066135eb7073,5ab0d517366eb1493dbfdacb26247bd872e9e39625942c7d818c46e25bb5e281,NA,NA,NA,8e+06,24041200,90c7c589dbbfaf14e7a1287fa250334ce92d712e1b442dea6fecf7eb4312110d
baseline,6,20,1000000,float,1,sorted,timing,compact,1,1,0.716999999999994,0.716999999999999,e13f5ee30f7975e3cdb08c823d2c61296d743f488a00c32d01d8f8488bc258af,7489b3b15c134c0738d86198e4eeabe8cc23f781e51a240f4d47407d7a27cd49,,1552b8035120a491922e642ee5661602cf17773c6e28ea936f7e2b2981848aa5,e055e9ea9a832ab67a68b7cb17d8dbc373088e63e6f39fe36037564048488bc9,NA,NA,NA,8e+06,24041200,90c7c589dbbfaf14e7a1287fa250334ce92d712e1b442dea6fecf7eb4312110d
baseline,6,20,1000000,float,1,sorted,timing,ordinary,2,2,0.279999999999996,0.280000000000001,e13f5ee30f7975e3cdb08c823d2c61296d743f488a00c32d01d8f8488bc258af,7489b3b15c134c0738d86198e4eeabe8cc23f781e51a240f4d47407d7a27cd49,,1552b8035120a491922e642ee5661602cf17773c6e28ea936f7e2b2981848aa5,e055e9ea9a832ab67a68b7cb17d8dbc373088e63e6f39fe36037564048488bc9,NA,NA,NA,8e+06,24041120,e56da4f502cedcfad3630714028c105bbeeb303114f29569641445b54eb769f2
baseline,6,20,1000000,float,1,sorted,timing,typed_double,3,1,0.698000000000003,0.697000000000003,e13f5ee30f7975e3cdb08c823d2c61296d743f488a00c32d01d8f8488bc258af,7489b3b15c134c0738d86198e4eeabe8cc23f781e51a240f4d47407d7a27cd49,,1552b8035120a491922e642ee5661602cf17773c6e28ea936f7e2b2981848aa5,e055e9ea9a832ab67a68b7cb17d8dbc373088e63e6f39fe36037564048488bc9,NA,NA,NA,8e+06,24041072,e56da4f502cedcfad3630714028c105bbeeb303114f29569641445b54eb769f2
