make[1]: Nothing to be done for `R'.
make[1]: Nothing to be done for `R'.
make[2]: Nothing to be done for `R'.
mkdir ../share/R
mkdir ../share/bibliographies
mkdir ../share/dictionaries
mkdir ../share/encodings
mkdir ../share/java
mkdir ../share/licenses
mkdir ../share/make
mkdir ../share/Rd
mkdir ../share/Rd/macros
mkdir ../share/sh
mkdir ../share/texmf
mkdir ../share/texmf/bibtex
mkdir ../share/texmf/bibtex/bib
mkdir ../share/texmf/bibtex/bst
mkdir ../share/texmf/tex
mkdir ../share/texmf/tex/latex
mkdir ../../bin
mkdir ../../include
mkdir ../../../include/R_ext
gfortran  -fPIC  -g -O2  -c /private/tmp/dta-direct-stage5-minimum-preflight/r46-source/R-4.6.0/src/extra/blas/blas.f -o blas.o
making localtime.d from /private/tmp/dta-direct-stage5-minimum-preflight/r46-source/R-4.6.0/src/extra/tzone/localtime.c
making strftime.d from /private/tmp/dta-direct-stage5-minimum-preflight/r46-source/R-4.6.0/src/extra/tzone/strftime.c
making regcomp.d from /private/tmp/dta-direct-stage5-minimum-preflight/r46-source/R-4.6.0/src/extra/tre/regcomp.c
gfortran  -fPIC  -g -O2  -c  /private/tmp/dta-direct-stage5-minimum-preflight/r46-source/R-4.6.0/src/extra/blas/blas2.f90 -o blas2.o
making regerror.d from /private/tmp/dta-direct-stage5-minimum-preflight/r46-source/R-4.6.0/src/extra/tre/regerror.c
gcc -std=gnu23 -I. -I../../../src/include -I/private/tmp/dta-direct-stage5-minimum-preflight/r46-source/R-4.6.0/src/include -I/private/tmp/dta-direct-stage5-minimum-preflight/r46-source/R-4.6.0/src/extra/tzone -I/private/tmp/dta-direct-stage5-minimum-preflight/r46-source/R-4.6.0/src/main -I/opt/homebrew/include -DHAVE_CONFIG_H   -fPIC  -g -O2  -fvisibility=hidden -c /private/tmp/dta-direct-stage5-minimum-preflight/r46-source/R-4.6.0/src/extra/tzone/localtime.c -o localtime.o
making regexec.d from /private/tmp/dta-direct-stage5-minimum-preflight/r46-source/R-4.6.0/src/extra/tre/regexec.c
gfortran  -fPIC  -g -O2  -c /private/tmp/dta-direct-stage5-minimum-preflight/r46-source/R-4.6.0/src/extra/blas/cmplxblas.f -o cmplxblas.o
making tre-ast.d from /private/tmp/dta-direct-stage5-minimum-preflight/r46-source/R-4.6.0/src/extra/tre/tre-ast.c
making tre-compile.d from /private/tmp/dta-direct-stage5-minimum-preflight/r46-source/R-4.6.0/src/extra/tre/tre-compile.c
making tre-match-approx.d from /private/tmp/dta-direct-stage5-minimum-preflight/r46-source/R-4.6.0/src/extra/tre/tre-match-approx.c
making tre-match-backtrack.d from /private/tmp/dta-direct-stage5-minimum-preflight/r46-source/R-4.6.0/src/extra/tre/tre-match-backtrack.c
gcc -std=gnu23 -I. -I../../../src/include -I/private/tmp/dta-direct-stage5-minimum-preflight/r46-source/R-4.6.0/src/include -I/private/tmp/dta-direct-stage5-minimum-preflight/r46-source/R-4.6.0/src/extra/tzone -I/private/tmp/dta-direct-stage5-minimum-preflight/r46-source/R-4.6.0/src/main -I/opt/homebrew/include -DHAVE_CONFIG_H   -fPIC  -g -O2  -fvisibility=hidden -c /private/tmp/dta-direct-stage5-minimum-preflight/r46-source/R-4.6.0/src/extra/tzone/strftime.c -o strftime.o
making tre-match-parallel.d from /private/tmp/dta-direct-stage5-minimum-preflight/r46-source/R-4.6.0/src/extra/tre/tre-match-parallel.c
making tre-mem.d from /private/tmp/dta-direct-stage5-minimum-preflight/r46-source/R-4.6.0/src/extra/tre/tre-mem.c
ar -cr libtz.a localtime.o strftime.o
making tre-parse.d from /private/tmp/dta-direct-stage5-minimum-preflight/r46-source/R-4.6.0/src/extra/tre/tre-parse.c
gfortran  -fPIC  -g -O2  -c  /private/tmp/dta-direct-stage5-minimum-preflight/r46-source/R-4.6.0/src/extra/blas/cmplxblas2.f90 -o cmplxblas2.o
making tre-stack.d from /private/tmp/dta-direct-stage5-minimum-preflight/r46-source/R-4.6.0/src/extra/tre/tre-stack.c
gcc -std=gnu23 -I/private/tmp/dta-direct-stage5-minimum-preflight/r46-source/R-4.6.0/src/extra/tre -I. -I../../../src/include -I/private/tmp/dta-direct-stage5-minimum-preflight/r46-source/R-4.6.0/src/include -I/opt/homebrew/include -DHAVE_CONFIG_H    -fPIC  -g -O2  -fvisibility=hidden -c /private/tmp/dta-direct-stage5-minimum-preflight/r46-source/R-4.6.0/src/extra/tre/regcomp.c -o regcomp.o
gcc -std=gnu23 -I/private/tmp/dta-direct-stage5-minimum-preflight/r46-source/R-4.6.0/src/extra/tre -I. -I../../../src/include -I/private/tmp/dta-direct-stage5-minimum-preflight/r46-source/R-4.6.0/src/include -I/opt/homebrew/include -DHAVE_CONFIG_H    -fPIC  -g -O2  -fvisibility=hidden -c /private/tmp/dta-direct-stage5-minimum-preflight/r46-source/R-4.6.0/src/extra/tre/regerror.c -o regerror.o
gcc -std=gnu23 -I/private/tmp/dta-direct-stage5-minimum-preflight/r46-source/R-4.6.0/src/extra/tre -I. -I../../../src/include -I/private/tmp/dta-direct-stage5-minimum-preflight/r46-source/R-4.6.0/src/include -I/opt/homebrew/include -DHAVE_CONFIG_H    -fPIC  -g -O2  -fvisibility=hidden -c /private/tmp/dta-direct-stage5-minimum-preflight/r46-source/R-4.6.0/src/extra/tre/regexec.c -o regexec.o
gcc -std=gnu23 -I/private/tmp/dta-direct-stage5-minimum-preflight/r46-source/R-4.6.0/src/extra/tre -I. -I../../../src/include -I/private/tmp/dta-direct-stage5-minimum-preflight/r46-source/R-4.6.0/src/include -I/opt/homebrew/include -DHAVE_CONFIG_H    -fPIC  -g -O2  -fvisibility=hidden -c /private/tmp/dta-direct-stage5-minimum-preflight/r46-source/R-4.6.0/src/extra/tre/tre-ast.c -o tre-ast.o
gcc -std=gnu23 -I/private/tmp/dta-direct-stage5-minimum-preflight/r46-source/R-4.6.0/src/extra/tre -I. -I../../../src/include -I/private/tmp/dta-direct-stage5-minimum-preflight/r46-source/R-4.6.0/src/include -I/opt/homebrew/include -DHAVE_CONFIG_H    -fPIC  -g -O2  -fvisibility=hidden -c /private/tmp/dta-direct-stage5-minimum-preflight/r46-source/R-4.6.0/src/extra/tre/tre-compile.c -o tre-compile.o
gcc -std=gnu23 -I/private/tmp/dta-direct-stage5-minimum-preflight/r46-source/R-4.6.0/src/extra/tre -I. -I../../../src/include -I/private/tmp/dta-direct-stage5-minimum-preflight/r46-source/R-4.6.0/src/include -I/opt/homebrew/include -DHAVE_CONFIG_H    -fPIC  -g -O2  -fvisibility=hidden -c /private/tmp/dta-direct-stage5-minimum-preflight/r46-source/R-4.6.0/src/extra/tre/tre-match-approx.c -o tre-match-approx.o
gcc -std=gnu23 -I/private/tmp/dta-direct-stage5-minimum-preflight/r46-source/R-4.6.0/src/extra/tre -I. -I../../../src/include -I/private/tmp/dta-direct-stage5-minimum-preflight/r46-source/R-4.6.0/src/include -I/opt/homebrew/include -DHAVE_CONFIG_H    -fPIC  -g -O2  -fvisibility=hidden -c /private/tmp/dta-direct-stage5-minimum-preflight/r46-source/R-4.6.0/src/extra/tre/tre-match-backtrack.c -o tre-match-backtrack.o
gcc -std=gnu23 -I/private/tmp/dta-direct-stage5-minimum-preflight/r46-source/R-4.6.0/src/extra/tre -I. -I../../../src/include -I/private/tmp/dta-direct-stage5-minimum-preflight/r46-source/R-4.6.0/src/include -I/opt/homebrew/include -DHAVE_CONFIG_H    -fPIC  -g -O2  -fvisibility=hidden -c /private/tmp/dta-direct-stage5-minimum-preflight/r46-source/R-4.6.0/src/extra/tre/tre-match-parallel.c -o tre-match-parallel.o
gcc -std=gnu23 -I/private/tmp/dta-direct-stage5-minimum-preflight/r46-source/R-4.6.0/src/extra/tre -I. -I../../../src/include -I/private/tmp/dta-direct-stage5-minimum-preflight/r46-source/R-4.6.0/src/include -I/opt/homebrew/include -DHAVE_CONFIG_H    -fPIC  -g -O2  -fvisibility=hidden -c /private/tmp/dta-direct-stage5-minimum-preflight/r46-source/R-4.6.0/src/extra/tre/tre-mem.c -o tre-mem.o
gcc -std=gnu23 -I/private/tmp/dta-direct-stage5-minimum-preflight/r46-source/R-4.6.0/src/extra/tre -I. -I../../../src/include -I/private/tmp/dta-direct-stage5-minimum-preflight/r46-source/R-4.6.0/src/include -I/opt/homebrew/include -DHAVE_CONFIG_H    -fPIC  -g -O2  -fvisibility=hidden -c /private/tmp/dta-direct-stage5-minimum-preflight/r46-source/R-4.6.0/src/extra/tre/tre-parse.c -o tre-parse.o
gcc -std=gnu23 -I/private/tmp/dta-direct-stage5-minimum-preflight/r46-source/R-4.6.0/src/extra/tre -I. -I../../../src/include -I/private/tmp/dta-direct-stage5-minimum-preflight/r46-source/R-4.6.0/src/include -I/opt/homebrew/include -DHAVE_CONFIG_H    -fPIC  -g -O2  -fvisibility=hidden -c /private/tmp/dta-direct-stage5-minimum-preflight/r46-source/R-4.6.0/src/extra/tre/tre-stack.c -o tre-stack.o
ar -cr libtre.a regcomp.o regerror.o regexec.o tre-ast.o tre-compile.o tre-match-approx.o tre-match-backtrack.o tre-match-parallel.o tre-mem.o tre-parse.o tre-stack.o
ranlib libtre.a
gcc -std=gnu23 -dynamiclib -Wl,-headerpad_max_install_names -undefined dynamic_lookup -L/opt/homebrew/opt/gettext/lib -L/opt/homebrew/opt/pcre2/lib -L/opt/homebrew/opt/libdeflate/lib -L/opt/homebrew/opt/zstd/lib -L/opt/homebrew/opt/xz/lib -o libRblas.dylib blas.o blas2.o  cmplxblas.o cmplxblas2.o -install_name libRblas.dylib -headerpad_max_install_names -L/opt/homebrew/Cellar/gcc/16.2.0/lib/gcc/current/gcc/aarch64-apple-darwin25/16 -L/opt/homebrew/Cellar/gcc/16.2.0/lib/gcc/current/gcc -L/opt/homebrew/Cellar/gcc/16.2.0/lib/gcc/current -lemutls_w -lheapt_w -lgfortran -lquadmath
mkdir /private/tmp/dta-direct-stage5-minimum-preflight/r460-clean-build/lib
making integrate.d from /private/tmp/dta-direct-stage5-minimum-preflight/r46-source/R-4.6.0/src/appl/integrate.c
making interv.d from /private/tmp/dta-direct-stage5-minimum-preflight/r46-source/R-4.6.0/src/appl/interv.c
making maxcol.d from /private/tmp/dta-direct-stage5-minimum-preflight/r46-source/R-4.6.0/src/appl/maxcol.c
making optim.d from /private/tmp/dta-direct-stage5-minimum-preflight/r46-source/R-4.6.0/src/appl/optim.c
making pretty.d from /private/tmp/dta-direct-stage5-minimum-preflight/r46-source/R-4.6.0/src/appl/pretty.c
making uncmin.d from /private/tmp/dta-direct-stage5-minimum-preflight/r46-source/R-4.6.0/src/appl/uncmin.c
gcc -std=gnu23 -I. -I../../src/include -I/private/tmp/dta-direct-stage5-minimum-preflight/r46-source/R-4.6.0/src/include -I/opt/homebrew/include -DHAVE_CONFIG_H    -fPIC  -g -O2  -c /private/tmp/dta-direct-stage5-minimum-preflight/r46-source/R-4.6.0/src/appl/integrate.c -o integrate.o
gcc -std=gnu23 -I. -I../../src/include -I/private/tmp/dta-direct-stage5-minimum-preflight/r46-source/R-4.6.0/src/include -I/opt/homebrew/include -DHAVE_CONFIG_H    -fPIC  -g -O2  -c /private/tmp/dta-direct-stage5-minimum-preflight/r46-source/R-4.6.0/src/appl/interv.c -o interv.o
gcc -std=gnu23 -I. -I../../src/include -I/private/tmp/dta-direct-stage5-minimum-preflight/r46-source/R-4.6.0/src/include -I/opt/homebrew/include -DHAVE_CONFIG_H    -fPIC  -g -O2  -c /private/tmp/dta-direct-stage5-minimum-preflight/r46-source/R-4.6.0/src/appl/maxcol.c -o maxcol.o
gcc -std=gnu23 -I. -I../../src/include -I/private/tmp/dta-direct-stage5-minimum-preflight/r46-source/R-4.6.0/src/include -I/opt/homebrew/include -DHAVE_CONFIG_H    -fPIC  -g -O2  -c /private/tmp/dta-direct-stage5-minimum-preflight/r46-source/R-4.6.0/src/appl/optim.c -o optim.o
gcc -std=gnu23 -I. -I../../src/include -I/private/tmp/dta-direct-stage5-minimum-preflight/r46-source/R-4.6.0/src/include -I/opt/homebrew/include -DHAVE_CONFIG_H    -fPIC  -g -O2  -c /private/tmp/dta-direct-stage5-minimum-preflight/r46-source/R-4.6.0/src/appl/pretty.c -o pretty.o
gcc -std=gnu23 -I. -I../../src/include -I/private/tmp/dta-direct-stage5-minimum-preflight/r46-source/R-4.6.0/src/include -I/opt/homebrew/include -DHAVE_CONFIG_H    -fPIC  -g -O2  -c /private/tmp/dta-direct-stage5-minimum-preflight/r46-source/R-4.6.0/src/appl/uncmin.c -o uncmin.o
gfortran  -fPIC  -g -O2  -c /private/tmp/dta-direct-stage5-minimum-preflight/r46-source/R-4.6.0/src/appl/dpbfa.f -o dpbfa.o
gfortran  -fPIC  -g -O2  -c /private/tmp/dta-direct-stage5-minimum-preflight/r46-source/R-4.6.0/src/appl/dpbsl.f -o dpbsl.o
gfortran  -fPIC  -g -O2  -c /private/tmp/dta-direct-stage5-minimum-preflight/r46-source/R-4.6.0/src/appl/dpoco.f -o dpoco.o
gfortran  -fPIC  -g -O2  -c /private/tmp/dta-direct-stage5-minimum-preflight/r46-source/R-4.6.0/src/appl/dpodi.f -o dpodi.o
gfortran  -fPIC  -g -O2  -c /private/tmp/dta-direct-stage5-minimum-preflight/r46-source/R-4.6.0/src/appl/dpofa.f -o dpofa.o
gfortran  -fPIC  -g -O2  -c /private/tmp/dta-direct-stage5-minimum-preflight/r46-source/R-4.6.0/src/appl/dposl.f -o dposl.o
gfortran  -fPIC  -g -O2  -c /private/tmp/dta-direct-stage5-minimum-preflight/r46-source/R-4.6.0/src/appl/dqrdc.f -o dqrdc.o
gfortran  -fPIC  -g -O2  -c /private/tmp/dta-direct-stage5-minimum-preflight/r46-source/R-4.6.0/src/appl/dqrdc2.f -o dqrdc2.o
gfortran  -fPIC  -g -O2  -c /private/tmp/dta-direct-stage5-minimum-preflight/r46-source/R-4.6.0/src/appl/dqrls.f -o dqrls.o
gfortran  -fPIC  -g -O2  -c /private/tmp/dta-direct-stage5-minimum-preflight/r46-source/R-4.6.0/src/appl/dqrsl.f -o dqrsl.o
gfortran  -fPIC  -g -O2  -c /private/tmp/dta-direct-stage5-minimum-preflight/r46-source/R-4.6.0/src/appl/dqrutl.f -o dqrutl.o
gfortran  -fPIC  -g -O2  -c /private/tmp/dta-direct-stage5-minimum-preflight/r46-source/R-4.6.0/src/appl/dsvdc.f -o dsvdc.o
gfortran  -fPIC  -g -O2  -c /private/tmp/dta-direct-stage5-minimum-preflight/r46-source/R-4.6.0/src/appl/dtrco.f -o dtrco.o
gfortran  -fPIC  -g -O2  -c /private/tmp/dta-direct-stage5-minimum-preflight/r46-source/R-4.6.0/src/appl/dtrsl.f -o dtrsl.o
ar -cr libappl.a integrate.o interv.o maxcol.o optim.o pretty.o uncmin.o dpbfa.o dpbsl.o dpoco.o dpodi.o dpofa.o dposl.o dqrdc.o dqrdc2.o dqrls.o dqrsl.o dqrutl.o dsvdc.o dtrco.o dtrsl.o 
ranlib libappl.a
making mlutils.d from /private/tmp/dta-direct-stage5-minimum-preflight/r46-source/R-4.6.0/src/nmath/mlutils.c
making d1mach.d from /private/tmp/dta-direct-stage5-minimum-preflight/r46-source/R-4.6.0/src/nmath/d1mach.c
making i1mach.d from /private/tmp/dta-direct-stage5-minimum-preflight/r46-source/R-4.6.0/src/nmath/i1mach.c
making fmax2.d from /private/tmp/dta-direct-stage5-minimum-preflight/r46-source/R-4.6.0/src/nmath/fmax2.c
making fprec.d from /private/tmp/dta-direct-stage5-minimum-preflight/r46-source/R-4.6.0/src/nmath/fprec.c
making fmin2.d from /private/tmp/dta-direct-stage5-minimum-preflight/r46-source/R-4.6.0/src/nmath/fmin2.c
making fround.d from /private/tmp/dta-direct-stage5-minimum-preflight/r46-source/R-4.6.0/src/nmath/fround.c
making ftrunc.d from /private/tmp/dta-direct-stage5-minimum-preflight/r46-source/R-4.6.0/src/nmath/ftrunc.c
making fsign.d from /private/tmp/dta-direct-stage5-minimum-preflight/r46-source/R-4.6.0/src/nmath/fsign.c
making sign.d from /private/tmp/dta-direct-stage5-minimum-preflight/r46-source/R-4.6.0/src/nmath/sign.c
making imax2.d from /private/tmp/dta-direct-stage5-minimum-preflight/r46-source/R-4.6.0/src/nmath/imax2.c
making imin2.d from /private/tmp/dta-direct-stage5-minimum-preflight/r46-source/R-4.6.0/src/nmath/imin2.c
making chebyshev.d from /private/tmp/dta-direct-stage5-minimum-preflight/r46-source/R-4.6.0/src/nmath/chebyshev.c
making log1p.d from /private/tmp/dta-direct-stage5-minimum-preflight/r46-source/R-4.6.0/src/nmath/log1p.c
making lgammacor.d from /private/tmp/dta-direct-stage5-minimum-preflight/r46-source/R-4.6.0/src/nmath/lgammacor.c
making gammalims.d from /private/tmp/dta-direct-stage5-minimum-preflight/r46-source/R-4.6.0/src/nmath/gammalims.c
making stirlerr.d from /private/tmp/dta-direct-stage5-minimum-preflight/r46-source/R-4.6.0/src/nmath/stirlerr.c
making bd0.d from /private/tmp/dta-direct-stage5-minimum-preflight/r46-source/R-4.6.0/src/nmath/bd0.c
making gamma.d from /private/tmp/dta-direct-stage5-minimum-preflight/r46-source/R-4.6.0/src/nmath/gamma.c
making lgamma.d from /private/tmp/dta-direct-stage5-minimum-preflight/r46-source/R-4.6.0/src/nmath/lgamma.c
making gamma_cody.d from /private/tmp/dta-direct-stage5-minimum-preflight/r46-source/R-4.6.0/src/nmath/gamma_cody.c
making beta.d from /private/tmp/dta-direct-stage5-minimum-preflight/r46-source/R-4.6.0/src/nmath/beta.c
making lbeta.d from /private/tmp/dta-direct-stage5-minimum-preflight/r46-source/R-4.6.0/src/nmath/lbeta.c
making polygamma.d from /private/tmp/dta-direct-stage5-minimum-preflight/r46-source/R-4.6.0/src/nmath/polygamma.c
making bessel_i.d from /private/tmp/dta-direct-stage5-minimum-preflight/r46-source/R-4.6.0/src/nmath/bessel_i.c
making cospi.d from /private/tmp/dta-direct-stage5-minimum-preflight/r46-source/R-4.6.0/src/nmath/cospi.c
making bessel_j.d from /private/tmp/dta-direct-stage5-minimum-preflight/r46-source/R-4.6.0/src/nmath/bessel_j.c
making bessel_k.d from /private/tmp/dta-direct-stage5-minimum-preflight/r46-source/R-4.6.0/src/nmath/bessel_k.c
making choose.d from /private/tmp/dta-direct-stage5-minimum-preflight/r46-source/R-4.6.0/src/nmath/choose.c
making bessel_y.d from /private/tmp/dta-direct-stage5-minimum-preflight/r46-source/R-4.6.0/src/nmath/bessel_y.c
making snorm.d from /private/tmp/dta-direct-stage5-minimum-preflight/r46-source/R-4.6.0/src/nmath/snorm.c
making sexp.d from /private/tmp/dta-direct-stage5-minimum-preflight/r46-source/R-4.6.0/src/nmath/sexp.c
making dgamma.d from /private/tmp/dta-direct-stage5-minimum-preflight/r46-source/R-4.6.0/src/nmath/dgamma.c
making pgamma.d from /private/tmp/dta-direct-stage5-minimum-preflight/r46-source/R-4.6.0/src/nmath/pgamma.c
making qgamma.d from /private/tmp/dta-direct-stage5-minimum-preflight/r46-source/R-4.6.0/src/nmath/qgamma.c
making rgamma.d from /private/tmp/dta-direct-stage5-minimum-preflight/r46-source/R-4.6.0/src/nmath/rgamma.c
making pbeta.d from /private/tmp/dta-direct-stage5-minimum-preflight/r46-source/R-4.6.0/src/nmath/pbeta.c
making dbeta.d from /private/tmp/dta-direct-stage5-minimum-preflight/r46-source/R-4.6.0/src/nmath/dbeta.c
making qbeta.d from /private/tmp/dta-direct-stage5-minimum-preflight/r46-source/R-4.6.0/src/nmath/qbeta.c
making rbeta.d from /private/tmp/dta-direct-stage5-minimum-preflight/r46-source/R-4.6.0/src/nmath/rbeta.c
making punif.d from /private/tmp/dta-direct-stage5-minimum-preflight/r46-source/R-4.6.0/src/nmath/punif.c
making dunif.d from /private/tmp/dta-direct-stage5-minimum-preflight/r46-source/R-4.6.0/src/nmath/dunif.c
making qunif.d from /private/tmp/dta-direct-stage5-minimum-preflight/r46-source/R-4.6.0/src/nmath/qunif.c
making runif.d from /private/tmp/dta-direct-stage5-minimum-preflight/r46-source/R-4.6.0/src/nmath/runif.c
making dnorm.d from /private/tmp/dta-direct-stage5-minimum-preflight/r46-source/R-4.6.0/src/nmath/dnorm.c
making pnorm.d from /private/tmp/dta-direct-stage5-minimum-preflight/r46-source/R-4.6.0/src/nmath/pnorm.c
making qnorm.d from /private/tmp/dta-direct-stage5-minimum-preflight/r46-source/R-4.6.0/src/nmath/qnorm.c
making rnorm.d from /private/tmp/dta-direct-stage5-minimum-preflight/r46-source/R-4.6.0/src/nmath/rnorm.c
making plnorm.d from /private/tmp/dta-direct-stage5-minimum-preflight/r46-source/R-4.6.0/src/nmath/plnorm.c
making dlnorm.d from /private/tmp/dta-direct-stage5-minimum-preflight/r46-source/R-4.6.0/src/nmath/dlnorm.c
making qlnorm.d from /private/tmp/dta-direct-stage5-minimum-preflight/r46-source/R-4.6.0/src/nmath/qlnorm.c
making rlnorm.d from /private/tmp/dta-direct-stage5-minimum-preflight/r46-source/R-4.6.0/src/nmath/rlnorm.c
making df.d from /private/tmp/dta-direct-stage5-minimum-preflight/r46-source/R-4.6.0/src/nmath/df.c
making pf.d from /private/tmp/dta-direct-stage5-minimum-preflight/r46-source/R-4.6.0/src/nmath/pf.c
making qf.d from /private/tmp/dta-direct-stage5-minimum-preflight/r46-source/R-4.6.0/src/nmath/qf.c
making rf.d from /private/tmp/dta-direct-stage5-minimum-preflight/r46-source/R-4.6.0/src/nmath/rf.c
making dnf.d from /private/tmp/dta-direct-stage5-minimum-preflight/r46-source/R-4.6.0/src/nmath/dnf.c
making dt.d from /private/tmp/dta-direct-stage5-minimum-preflight/r46-source/R-4.6.0/src/nmath/dt.c
making pt.d from /private/tmp/dta-direct-stage5-minimum-preflight/r46-source/R-4.6.0/src/nmath/pt.c
making qt.d from /private/tmp/dta-direct-stage5-minimum-preflight/r46-source/R-4.6.0/src/nmath/qt.c
making rt.d from /private/tmp/dta-direct-stage5-minimum-preflight/r46-source/R-4.6.0/src/nmath/rt.c
making dnt.d from /private/tmp/dta-direct-stage5-minimum-preflight/r46-source/R-4.6.0/src/nmath/dnt.c
making dchisq.d from /private/tmp/dta-direct-stage5-minimum-preflight/r46-source/R-4.6.0/src/nmath/dchisq.c
making pchisq.d from /private/tmp/dta-direct-stage5-minimum-preflight/r46-source/R-4.6.0/src/nmath/pchisq.c
making qchisq.d from /private/tmp/dta-direct-stage5-minimum-preflight/r46-source/R-4.6.0/src/nmath/qchisq.c
making rchisq.d from /private/tmp/dta-direct-stage5-minimum-preflight/r46-source/R-4.6.0/src/nmath/rchisq.c
making rnchisq.d from /private/tmp/dta-direct-stage5-minimum-preflight/r46-source/R-4.6.0/src/nmath/rnchisq.c
making dbinom.d from /private/tmp/dta-direct-stage5-minimum-preflight/r46-source/R-4.6.0/src/nmath/dbinom.c
making pbinom.d from /private/tmp/dta-direct-stage5-minimum-preflight/r46-source/R-4.6.0/src/nmath/pbinom.c
making qbinom.d from /private/tmp/dta-direct-stage5-minimum-preflight/r46-source/R-4.6.0/src/nmath/qbinom.c
making rbinom.d from /private/tmp/dta-direct-stage5-minimum-preflight/r46-source/R-4.6.0/src/nmath/rbinom.c
making rmultinom.d from /private/tmp/dta-direct-stage5-minimum-preflight/r46-source/R-4.6.0/src/nmath/rmultinom.c
making dcauchy.d from /private/tmp/dta-direct-stage5-minimum-preflight/r46-source/R-4.6.0/src/nmath/dcauchy.c
making pcauchy.d from /private/tmp/dta-direct-stage5-minimum-preflight/r46-source/R-4.6.0/src/nmath/pcauchy.c
making qcauchy.d from /private/tmp/dta-direct-stage5-minimum-preflight/r46-source/R-4.6.0/src/nmath/qcauchy.c
making rcauchy.d from /private/tmp/dta-direct-stage5-minimum-preflight/r46-source/R-4.6.0/src/nmath/rcauchy.c
making pexp.d from /private/tmp/dta-direct-stage5-minimum-preflight/r46-source/R-4.6.0/src/nmath/pexp.c
making dexp.d from /private/tmp/dta-direct-stage5-minimum-preflight/r46-source/R-4.6.0/src/nmath/dexp.c
making qexp.d from /private/tmp/dta-direct-stage5-minimum-preflight/r46-source/R-4.6.0/src/nmath/qexp.c
making rexp.d from /private/tmp/dta-direct-stage5-minimum-preflight/r46-source/R-4.6.0/src/nmath/rexp.c
making pgeom.d from /private/tmp/dta-direct-stage5-minimum-preflight/r46-source/R-4.6.0/src/nmath/pgeom.c
making dgeom.d from /private/tmp/dta-direct-stage5-minimum-preflight/r46-source/R-4.6.0/src/nmath/dgeom.c
making qgeom.d from /private/tmp/dta-direct-stage5-minimum-preflight/r46-source/R-4.6.0/src/nmath/qgeom.c
making rgeom.d from /private/tmp/dta-direct-stage5-minimum-preflight/r46-source/R-4.6.0/src/nmath/rgeom.c
making dhyper.d from /private/tmp/dta-direct-stage5-minimum-preflight/r46-source/R-4.6.0/src/nmath/dhyper.c
making phyper.d from /private/tmp/dta-direct-stage5-minimum-preflight/r46-source/R-4.6.0/src/nmath/phyper.c
making qhyper.d from /private/tmp/dta-direct-stage5-minimum-preflight/r46-source/R-4.6.0/src/nmath/qhyper.c
making rhyper.d from /private/tmp/dta-direct-stage5-minimum-preflight/r46-source/R-4.6.0/src/nmath/rhyper.c
making dnbinom.d from /private/tmp/dta-direct-stage5-minimum-preflight/r46-source/R-4.6.0/src/nmath/dnbinom.c
making pnbinom.d from /private/tmp/dta-direct-stage5-minimum-preflight/r46-source/R-4.6.0/src/nmath/pnbinom.c
making qnbinom.d from /private/tmp/dta-direct-stage5-minimum-preflight/r46-source/R-4.6.0/src/nmath/qnbinom.c
making qnbinom_mu.d from /private/tmp/dta-direct-stage5-minimum-preflight/r46-source/R-4.6.0/src/nmath/qnbinom_mu.c
making rnbinom.d from /private/tmp/dta-direct-stage5-minimum-preflight/r46-source/R-4.6.0/src/nmath/rnbinom.c
making dpois.d from /private/tmp/dta-direct-stage5-minimum-preflight/r46-source/R-4.6.0/src/nmath/dpois.c
making ppois.d from /private/tmp/dta-direct-stage5-minimum-preflight/r46-source/R-4.6.0/src/nmath/ppois.c
making qpois.d from /private/tmp/dta-direct-stage5-minimum-preflight/r46-source/R-4.6.0/src/nmath/qpois.c
making rpois.d from /private/tmp/dta-direct-stage5-minimum-preflight/r46-source/R-4.6.0/src/nmath/rpois.c
making dweibull.d from /private/tmp/dta-direct-stage5-minimum-preflight/r46-source/R-4.6.0/src/nmath/dweibull.c
making pweibull.d from /private/tmp/dta-direct-stage5-minimum-preflight/r46-source/R-4.6.0/src/nmath/pweibull.c
making qweibull.d from /private/tmp/dta-direct-stage5-minimum-preflight/r46-source/R-4.6.0/src/nmath/qweibull.c
making dlogis.d from /private/tmp/dta-direct-stage5-minimum-preflight/r46-source/R-4.6.0/src/nmath/dlogis.c
making rweibull.d from /private/tmp/dta-direct-stage5-minimum-preflight/r46-source/R-4.6.0/src/nmath/rweibull.c
making plogis.d from /private/tmp/dta-direct-stage5-minimum-preflight/r46-source/R-4.6.0/src/nmath/plogis.c
making qlogis.d from /private/tmp/dta-direct-stage5-minimum-preflight/r46-source/R-4.6.0/src/nmath/qlogis.c
making rlogis.d from /private/tmp/dta-direct-stage5-minimum-preflight/r46-source/R-4.6.0/src/nmath/rlogis.c
making dnchisq.d from /private/tmp/dta-direct-stage5-minimum-preflight/r46-source/R-4.6.0/src/nmath/dnchisq.c
making pnchisq.d from /private/tmp/dta-direct-stage5-minimum-preflight/r46-source/R-4.6.0/src/nmath/pnchisq.c
making qnchisq.d from /private/tmp/dta-direct-stage5-minimum-preflight/r46-source/R-4.6.0/src/nmath/qnchisq.c
making pnbeta.d from /private/tmp/dta-direct-stage5-minimum-preflight/r46-source/R-4.6.0/src/nmath/pnbeta.c
making dnbeta.d from /private/tmp/dta-direct-stage5-minimum-preflight/r46-source/R-4.6.0/src/nmath/dnbeta.c
making qnbeta.d from /private/tmp/dta-direct-stage5-minimum-preflight/r46-source/R-4.6.0/src/nmath/qnbeta.c
making pnf.d from /private/tmp/dta-direct-stage5-minimum-preflight/r46-source/R-4.6.0/src/nmath/pnf.c
making qnf.d from /private/tmp/dta-direct-stage5-minimum-preflight/r46-source/R-4.6.0/src/nmath/qnf.c
making pnt.d from /private/tmp/dta-direct-stage5-minimum-preflight/r46-source/R-4.6.0/src/nmath/pnt.c
making qnt.d from /private/tmp/dta-direct-stage5-minimum-preflight/r46-source/R-4.6.0/src/nmath/qnt.c
making ptukey.d from /private/tmp/dta-direct-stage5-minimum-preflight/r46-source/R-4.6.0/src/nmath/ptukey.c
making qtukey.d from /private/tmp/dta-direct-stage5-minimum-preflight/r46-source/R-4.6.0/src/nmath/qtukey.c
making toms708.d from /private/tmp/dta-direct-stage5-minimum-preflight/r46-source/R-4.6.0/src/nmath/toms708.c
making wilcox.d from /private/tmp/dta-direct-stage5-minimum-preflight/r46-source/R-4.6.0/src/nmath/wilcox.c
making signrank.d from /private/tmp/dta-direct-stage5-minimum-preflight/r46-source/R-4.6.0/src/nmath/signrank.c
gcc -std=gnu23 -I. -I../../src/include -I/private/tmp/dta-direct-stage5-minimum-preflight/r46-source/R-4.6.0/src/include -I/opt/homebrew/include -DHAVE_CONFIG_H    -fPIC  -g -O2  -c /private/tmp/dta-direct-stage5-minimum-preflight/r46-source/R-4.6.0/src/nmath/mlutils.c -o mlutils.o
gcc -std=gnu23 -I. -I../../src/include -I/private/tmp/dta-direct-stage5-minimum-preflight/r46-source/R-4.6.0/src/include -I/opt/homebrew/include -DHAVE_CONFIG_H    -fPIC  -g -O2  -c /private/tmp/dta-direct-stage5-minimum-preflight/r46-source/R-4.6.0/src/nmath/d1mach.c -o d1mach.o
gcc -std=gnu23 -I. -I../../src/include -I/private/tmp/dta-direct-stage5-minimum-preflight/r46-source/R-4.6.0/src/include -I/opt/homebrew/include -DHAVE_CONFIG_H    -fPIC  -g -O2  -c /private/tmp/dta-direct-stage5-minimum-preflight/r46-source/R-4.6.0/src/nmath/i1mach.c -o i1mach.o
gcc -std=gnu23 -I. -I../../src/include -I/private/tmp/dta-direct-stage5-minimum-preflight/r46-source/R-4.6.0/src/include -I/opt/homebrew/include -DHAVE_CONFIG_H    -fPIC  -g -O2  -c /private/tmp/dta-direct-stage5-minimum-preflight/r46-source/R-4.6.0/src/nmath/fmax2.c -o fmax2.o
gcc -std=gnu23 -I. -I../../src/include -I/private/tmp/dta-direct-stage5-minimum-preflight/r46-source/R-4.6.0/src/include -I/opt/homebrew/include -DHAVE_CONFIG_H    -fPIC  -g -O2  -c /private/tmp/dta-direct-stage5-minimum-preflight/r46-source/R-4.6.0/src/nmath/fmin2.c -o fmin2.o
gcc -std=gnu23 -I. -I../../src/include -I/private/tmp/dta-direct-stage5-minimum-preflight/r46-source/R-4.6.0/src/include -I/opt/homebrew/include -DHAVE_CONFIG_H    -fPIC  -g -O2  -c /private/tmp/dta-direct-stage5-minimum-preflight/r46-source/R-4.6.0/src/nmath/fprec.c -o fprec.o
gcc -std=gnu23 -I. -I../../src/include -I/private/tmp/dta-direct-stage5-minimum-preflight/r46-source/R-4.6.0/src/include -I/opt/homebrew/include -DHAVE_CONFIG_H    -fPIC  -g -O2  -c /private/tmp/dta-direct-stage5-minimum-preflight/r46-source/R-4.6.0/src/nmath/fround.c -o fround.o
gcc -std=gnu23 -I. -I../../src/include -I/private/tmp/dta-direct-stage5-minimum-preflight/r46-source/R-4.6.0/src/include -I/opt/homebrew/include -DHAVE_CONFIG_H    -fPIC  -g -O2  -c /private/tmp/dta-direct-stage5-minimum-preflight/r46-source/R-4.6.0/src/nmath/ftrunc.c -o ftrunc.o
gcc -std=gnu23 -I. -I../../src/include -I/private/tmp/dta-direct-stage5-minimum-preflight/r46-source/R-4.6.0/src/include -I/opt/homebrew/include -DHAVE_CONFIG_H    -fPIC  -g -O2  -c /private/tmp/dta-direct-stage5-minimum-preflight/r46-source/R-4.6.0/src/nmath/sign.c -o sign.o
gcc -std=gnu23 -I. -I../../src/include -I/private/tmp/dta-direct-stage5-minimum-preflight/r46-source/R-4.6.0/src/include -I/opt/homebrew/include -DHAVE_CONFIG_H    -fPIC  -g -O2  -c /private/tmp/dta-direct-stage5-minimum-preflight/r46-source/R-4.6.0/src/nmath/fsign.c -o fsign.o
gcc -std=gnu23 -I. -I../../src/include -I/private/tmp/dta-direct-stage5-minimum-preflight/r46-source/R-4.6.0/src/include -I/opt/homebrew/include -DHAVE_CONFIG_H    -fPIC  -g -O2  -c /private/tmp/dta-direct-stage5-minimum-preflight/r46-source/R-4.6.0/src/nmath/imax2.c -o imax2.o
gcc -std=gnu23 -I. -I../../src/include -I/private/tmp/dta-direct-stage5-minimum-preflight/r46-source/R-4.6.0/src/include -I/opt/homebrew/include -DHAVE_CONFIG_H    -fPIC  -g -O2  -c /private/tmp/dta-direct-stage5-minimum-preflight/r46-source/R-4.6.0/src/nmath/imin2.c -o imin2.o
gcc -std=gnu23 -I. -I../../src/include -I/private/tmp/dta-direct-stage5-minimum-preflight/r46-source/R-4.6.0/src/include -I/opt/homebrew/include -DHAVE_CONFIG_H    -fPIC  -g -O2  -c /private/tmp/dta-direct-stage5-minimum-preflight/r46-source/R-4.6.0/src/nmath/chebyshev.c -o chebyshev.o
gcc -std=gnu23 -I. -I../../src/include -I/private/tmp/dta-direct-stage5-minimum-preflight/r46-source/R-4.6.0/src/include -I/opt/homebrew/include -DHAVE_CONFIG_H    -fPIC  -g -O2  -c /private/tmp/dta-direct-stage5-minimum-preflight/r46-source/R-4.6.0/src/nmath/log1p.c -o log1p.o
gcc -std=gnu23 -I. -I../../src/include -I/private/tmp/dta-direct-stage5-minimum-preflight/r46-source/R-4.6.0/src/include -I/opt/homebrew/include -DHAVE_CONFIG_H    -fPIC  -g -O2  -c /private/tmp/dta-direct-stage5-minimum-preflight/r46-source/R-4.6.0/src/nmath/lgammacor.c -o lgammacor.o
gcc -std=gnu23 -I. -I../../src/include -I/private/tmp/dta-direct-stage5-minimum-preflight/r46-source/R-4.6.0/src/include -I/opt/homebrew/include -DHAVE_CONFIG_H    -fPIC  -g -O2  -c /private/tmp/dta-direct-stage5-minimum-preflight/r46-source/R-4.6.0/src/nmath/gammalims.c -o gammalims.o
gcc -std=gnu23 -I. -I../../src/include -I/private/tmp/dta-direct-stage5-minimum-preflight/r46-source/R-4.6.0/src/include -I/opt/homebrew/include -DHAVE_CONFIG_H    -fPIC  -g -O2  -c /private/tmp/dta-direct-stage5-minimum-preflight/r46-source/R-4.6.0/src/nmath/stirlerr.c -o stirlerr.o
gcc -std=gnu23 -I. -I../../src/include -I/private/tmp/dta-direct-stage5-minimum-preflight/r46-source/R-4.6.0/src/include -I/opt/homebrew/include -DHAVE_CONFIG_H    -fPIC  -g -O2  -c /private/tmp/dta-direct-stage5-minimum-preflight/r46-source/R-4.6.0/src/nmath/bd0.c -o bd0.o
gcc -std=gnu23 -I. -I../../src/include -I/private/tmp/dta-direct-stage5-minimum-preflight/r46-source/R-4.6.0/src/include -I/opt/homebrew/include -DHAVE_CONFIG_H    -fPIC  -g -O2  -c /private/tmp/dta-direct-stage5-minimum-preflight/r46-source/R-4.6.0/src/nmath/gamma.c -o gamma.o
gcc -std=gnu23 -I. -I../../src/include -I/private/tmp/dta-direct-stage5-minimum-preflight/r46-source/R-4.6.0/src/include -I/opt/homebrew/include -DHAVE_CONFIG_H    -fPIC  -g -O2  -c /private/tmp/dta-direct-stage5-minimum-preflight/r46-source/R-4.6.0/src/nmath/lgamma.c -o lgamma.o
gcc -std=gnu23 -I. -I../../src/include -I/private/tmp/dta-direct-stage5-minimum-preflight/r46-source/R-4.6.0/src/include -I/opt/homebrew/include -DHAVE_CONFIG_H    -fPIC  -g -O2  -c /private/tmp/dta-direct-stage5-minimum-preflight/r46-source/R-4.6.0/src/nmath/gamma_cody.c -o gamma_cody.o
gcc -std=gnu23 -I. -I../../src/include -I/private/tmp/dta-direct-stage5-minimum-preflight/r46-source/R-4.6.0/src/include -I/opt/homebrew/include -DHAVE_CONFIG_H    -fPIC  -g -O2  -c /private/tmp/dta-direct-stage5-minimum-preflight/r46-source/R-4.6.0/src/nmath/beta.c -o beta.o
gcc -std=gnu23 -I. -I../../src/include -I/private/tmp/dta-direct-stage5-minimum-preflight/r46-source/R-4.6.0/src/include -I/opt/homebrew/include -DHAVE_CONFIG_H    -fPIC  -g -O2  -c /private/tmp/dta-direct-stage5-minimum-preflight/r46-source/R-4.6.0/src/nmath/lbeta.c -o lbeta.o
gcc -std=gnu23 -I. -I../../src/include -I/private/tmp/dta-direct-stage5-minimum-preflight/r46-source/R-4.6.0/src/include -I/opt/homebrew/include -DHAVE_CONFIG_H    -fPIC  -g -O2  -c /private/tmp/dta-direct-stage5-minimum-preflight/r46-source/R-4.6.0/src/nmath/polygamma.c -o polygamma.o
gcc -std=gnu23 -I. -I../../src/include -I/private/tmp/dta-direct-stage5-minimum-preflight/r46-source/R-4.6.0/src/include -I/opt/homebrew/include -DHAVE_CONFIG_H    -fPIC  -g -O2  -c /private/tmp/dta-direct-stage5-minimum-preflight/r46-source/R-4.6.0/src/nmath/cospi.c -o cospi.o
gcc -std=gnu23 -I. -I../../src/include -I/private/tmp/dta-direct-stage5-minimum-preflight/r46-source/R-4.6.0/src/include -I/opt/homebrew/include -DHAVE_CONFIG_H    -fPIC  -g -O2  -c /private/tmp/dta-direct-stage5-minimum-preflight/r46-source/R-4.6.0/src/nmath/bessel_i.c -o bessel_i.o
gcc -std=gnu23 -I. -I../../src/include -I/private/tmp/dta-direct-stage5-minimum-preflight/r46-source/R-4.6.0/src/include -I/opt/homebrew/include -DHAVE_CONFIG_H    -fPIC  -g -O2  -c /private/tmp/dta-direct-stage5-minimum-preflight/r46-source/R-4.6.0/src/nmath/bessel_j.c -o bessel_j.o
gcc -std=gnu23 -I. -I../../src/include -I/private/tmp/dta-direct-stage5-minimum-preflight/r46-source/R-4.6.0/src/include -I/opt/homebrew/include -DHAVE_CONFIG_H    -fPIC  -g -O2  -c /private/tmp/dta-direct-stage5-minimum-preflight/r46-source/R-4.6.0/src/nmath/bessel_k.c -o bessel_k.o
gcc -std=gnu23 -I. -I../../src/include -I/private/tmp/dta-direct-stage5-minimum-preflight/r46-source/R-4.6.0/src/include -I/opt/homebrew/include -DHAVE_CONFIG_H    -fPIC  -g -O2  -c /private/tmp/dta-direct-stage5-minimum-preflight/r46-source/R-4.6.0/src/nmath/bessel_y.c -o bessel_y.o
gcc -std=gnu23 -I. -I../../src/include -I/private/tmp/dta-direct-stage5-minimum-preflight/r46-source/R-4.6.0/src/include -I/opt/homebrew/include -DHAVE_CONFIG_H    -fPIC  -g -O2  -c /private/tmp/dta-direct-stage5-minimum-preflight/r46-source/R-4.6.0/src/nmath/choose.c -o choose.o
gcc -std=gnu23 -I. -I../../src/include -I/private/tmp/dta-direct-stage5-minimum-preflight/r46-source/R-4.6.0/src/include -I/opt/homebrew/include -DHAVE_CONFIG_H    -fPIC  -g -O2  -c /private/tmp/dta-direct-stage5-minimum-preflight/r46-source/R-4.6.0/src/nmath/snorm.c -o snorm.o
gcc -std=gnu23 -I. -I../../src/include -I/private/tmp/dta-direct-stage5-minimum-preflight/r46-source/R-4.6.0/src/include -I/opt/homebrew/include -DHAVE_CONFIG_H    -fPIC  -g -O2  -c /private/tmp/dta-direct-stage5-minimum-preflight/r46-source/R-4.6.0/src/nmath/sexp.c -o sexp.o
gcc -std=gnu23 -I. -I../../src/include -I/private/tmp/dta-direct-stage5-minimum-preflight/r46-source/R-4.6.0/src/include -I/opt/homebrew/include -DHAVE_CONFIG_H    -fPIC  -g -O2  -c /private/tmp/dta-direct-stage5-minimum-preflight/r46-source/R-4.6.0/src/nmath/dgamma.c -o dgamma.o
gcc -std=gnu23 -I. -I../../src/include -I/private/tmp/dta-direct-stage5-minimum-preflight/r46-source/R-4.6.0/src/include -I/opt/homebrew/include -DHAVE_CONFIG_H    -fPIC  -g -O2  -c /private/tmp/dta-direct-stage5-minimum-preflight/r46-source/R-4.6.0/src/nmath/pgamma.c -o pgamma.o
gcc -std=gnu23 -I. -I../../src/include -I/private/tmp/dta-direct-stage5-minimum-preflight/r46-source/R-4.6.0/src/include -I/opt/homebrew/include -DHAVE_CONFIG_H    -fPIC  -g -O2  -c /private/tmp/dta-direct-stage5-minimum-preflight/r46-source/R-4.6.0/src/nmath/qgamma.c -o qgamma.o
gcc -std=gnu23 -I. -I../../src/include -I/private/tmp/dta-direct-stage5-minimum-preflight/r46-source/R-4.6.0/src/include -I/opt/homebrew/include -DHAVE_CONFIG_H    -fPIC  -g -O2  -c /private/tmp/dta-direct-stage5-minimum-preflight/r46-source/R-4.6.0/src/nmath/rgamma.c -o rgamma.o
gcc -std=gnu23 -I. -I../../src/include -I/private/tmp/dta-direct-stage5-minimum-preflight/r46-source/R-4.6.0/src/include -I/opt/homebrew/include -DHAVE_CONFIG_H    -fPIC  -g -O2  -c /private/tmp/dta-direct-stage5-minimum-preflight/r46-source/R-4.6.0/src/nmath/dbeta.c -o dbeta.o
gcc -std=gnu23 -I. -I../../src/include -I/private/tmp/dta-direct-stage5-minimum-preflight/r46-source/R-4.6.0/src/include -I/opt/homebrew/include -DHAVE_CONFIG_H    -fPIC  -g -O2  -c /private/tmp/dta-direct-stage5-minimum-preflight/r46-source/R-4.6.0/src/nmath/pbeta.c -o pbeta.o
gcc -std=gnu23 -I. -I../../src/include -I/private/tmp/dta-direct-stage5-minimum-preflight/r46-source/R-4.6.0/src/include -I/opt/homebrew/include -DHAVE_CONFIG_H    -fPIC  -g -O2  -c /private/tmp/dta-direct-stage5-minimum-preflight/r46-source/R-4.6.0/src/nmath/qbeta.c -o qbeta.o
gcc -std=gnu23 -I. -I../../src/include -I/private/tmp/dta-direct-stage5-minimum-preflight/r46-source/R-4.6.0/src/include -I/opt/homebrew/include -DHAVE_CONFIG_H    -fPIC  -g -O2  -c /private/tmp/dta-direct-stage5-minimum-preflight/r46-source/R-4.6.0/src/nmath/rbeta.c -o rbeta.o
gcc -std=gnu23 -I. -I../../src/include -I/private/tmp/dta-direct-stage5-minimum-preflight/r46-source/R-4.6.0/src/include -I/opt/homebrew/include -DHAVE_CONFIG_H    -fPIC  -g -O2  -c /private/tmp/dta-direct-stage5-minimum-preflight/r46-source/R-4.6.0/src/nmath/dunif.c -o dunif.o
gcc -std=gnu23 -I. -I../../src/include -I/private/tmp/dta-direct-stage5-minimum-preflight/r46-source/R-4.6.0/src/include -I/opt/homebrew/include -DHAVE_CONFIG_H    -fPIC  -g -O2  -c /private/tmp/dta-direct-stage5-minimum-preflight/r46-source/R-4.6.0/src/nmath/punif.c -o punif.o
gcc -std=gnu23 -I. -I../../src/include -I/private/tmp/dta-direct-stage5-minimum-preflight/r46-source/R-4.6.0/src/include -I/opt/homebrew/include -DHAVE_CONFIG_H    -fPIC  -g -O2  -c /private/tmp/dta-direct-stage5-minimum-preflight/r46-source/R-4.6.0/src/nmath/qunif.c -o qunif.o
gcc -std=gnu23 -I. -I../../src/include -I/private/tmp/dta-direct-stage5-minimum-preflight/r46-source/R-4.6.0/src/include -I/opt/homebrew/include -DHAVE_CONFIG_H    -fPIC  -g -O2  -c /private/tmp/dta-direct-stage5-minimum-preflight/r46-source/R-4.6.0/src/nmath/runif.c -o runif.o
gcc -std=gnu23 -I. -I../../src/include -I/private/tmp/dta-direct-stage5-minimum-preflight/r46-source/R-4.6.0/src/include -I/opt/homebrew/include -DHAVE_CONFIG_H    -fPIC  -g -O2  -c /private/tmp/dta-direct-stage5-minimum-preflight/r46-source/R-4.6.0/src/nmath/dnorm.c -o dnorm.o
gcc -std=gnu23 -I. -I../../src/include -I/private/tmp/dta-direct-stage5-minimum-preflight/r46-source/R-4.6.0/src/include -I/opt/homebrew/include -DHAVE_CONFIG_H    -fPIC  -g -O2  -c /private/tmp/dta-direct-stage5-minimum-preflight/r46-source/R-4.6.0/src/nmath/pnorm.c -o pnorm.o
gcc -std=gnu23 -I. -I../../src/include -I/private/tmp/dta-direct-stage5-minimum-preflight/r46-source/R-4.6.0/src/include -I/opt/homebrew/include -DHAVE_CONFIG_H    -fPIC  -g -O2  -c /private/tmp/dta-direct-stage5-minimum-preflight/r46-source/R-4.6.0/src/nmath/qnorm.c -o qnorm.o
gcc -std=gnu23 -I. -I../../src/include -I/private/tmp/dta-direct-stage5-minimum-preflight/r46-source/R-4.6.0/src/include -I/opt/homebrew/include -DHAVE_CONFIG_H    -fPIC  -g -O2  -c /private/tmp/dta-direct-stage5-minimum-preflight/r46-source/R-4.6.0/src/nmath/rnorm.c -o rnorm.o
gcc -std=gnu23 -I. -I../../src/include -I/private/tmp/dta-direct-stage5-minimum-preflight/r46-source/R-4.6.0/src/include -I/opt/homebrew/include -DHAVE_CONFIG_H    -fPIC  -g -O2  -c /private/tmp/dta-direct-stage5-minimum-preflight/r46-source/R-4.6.0/src/nmath/dlnorm.c -o dlnorm.o
gcc -std=gnu23 -I. -I../../src/include -I/private/tmp/dta-direct-stage5-minimum-preflight/r46-source/R-4.6.0/src/include -I/opt/homebrew/include -DHAVE_CONFIG_H    -fPIC  -g -O2  -c /private/tmp/dta-direct-stage5-minimum-preflight/r46-source/R-4.6.0/src/nmath/plnorm.c -o plnorm.o
gcc -std=gnu23 -I. -I../../src/include -I/private/tmp/dta-direct-stage5-minimum-preflight/r46-source/R-4.6.0/src/include -I/opt/homebrew/include -DHAVE_CONFIG_H    -fPIC  -g -O2  -c /private/tmp/dta-direct-stage5-minimum-preflight/r46-source/R-4.6.0/src/nmath/qlnorm.c -o qlnorm.o
gcc -std=gnu23 -I. -I../../src/include -I/private/tmp/dta-direct-stage5-minimum-preflight/r46-source/R-4.6.0/src/include -I/opt/homebrew/include -DHAVE_CONFIG_H    -fPIC  -g -O2  -c /private/tmp/dta-direct-stage5-minimum-preflight/r46-source/R-4.6.0/src/nmath/rlnorm.c -o rlnorm.o
gcc -std=gnu23 -I. -I../../src/include -I/private/tmp/dta-direct-stage5-minimum-preflight/r46-source/R-4.6.0/src/include -I/opt/homebrew/include -DHAVE_CONFIG_H    -fPIC  -g -O2  -c /private/tmp/dta-direct-stage5-minimum-preflight/r46-source/R-4.6.0/src/nmath/df.c -o df.o
gcc -std=gnu23 -I. -I../../src/include -I/private/tmp/dta-direct-stage5-minimum-preflight/r46-source/R-4.6.0/src/include -I/opt/homebrew/include -DHAVE_CONFIG_H    -fPIC  -g -O2  -c /private/tmp/dta-direct-stage5-minimum-preflight/r46-source/R-4.6.0/src/nmath/pf.c -o pf.o
gcc -std=gnu23 -I. -I../../src/include -I/private/tmp/dta-direct-stage5-minimum-preflight/r46-source/R-4.6.0/src/include -I/opt/homebrew/include -DHAVE_CONFIG_H    -fPIC  -g -O2  -c /private/tmp/dta-direct-stage5-minimum-preflight/r46-source/R-4.6.0/src/nmath/qf.c -o qf.o
gcc -std=gnu23 -I. -I../../src/include -I/private/tmp/dta-direct-stage5-minimum-preflight/r46-source/R-4.6.0/src/include -I/opt/homebrew/include -DHAVE_CONFIG_H    -fPIC  -g -O2  -c /private/tmp/dta-direct-stage5-minimum-preflight/r46-source/R-4.6.0/src/nmath/rf.c -o rf.o
gcc -std=gnu23 -I. -I../../src/include -I/private/tmp/dta-direct-stage5-minimum-preflight/r46-source/R-4.6.0/src/include -I/opt/homebrew/include -DHAVE_CONFIG_H    -fPIC  -g -O2  -c /private/tmp/dta-direct-stage5-minimum-preflight/r46-source/R-4.6.0/src/nmath/dnf.c -o dnf.o
gcc -std=gnu23 -I. -I../../src/include -I/private/tmp/dta-direct-stage5-minimum-preflight/r46-source/R-4.6.0/src/include -I/opt/homebrew/include -DHAVE_CONFIG_H    -fPIC  -g -O2  -c /private/tmp/dta-direct-stage5-minimum-preflight/r46-source/R-4.6.0/src/nmath/dt.c -o dt.o
gcc -std=gnu23 -I. -I../../src/include -I/private/tmp/dta-direct-stage5-minimum-preflight/r46-source/R-4.6.0/src/include -I/opt/homebrew/include -DHAVE_CONFIG_H    -fPIC  -g -O2  -c /private/tmp/dta-direct-stage5-minimum-preflight/r46-source/R-4.6.0/src/nmath/pt.c -o pt.o
gcc -std=gnu23 -I. -I../../src/include -I/private/tmp/dta-direct-stage5-minimum-preflight/r46-source/R-4.6.0/src/include -I/opt/homebrew/include -DHAVE_CONFIG_H    -fPIC  -g -O2  -c /private/tmp/dta-direct-stage5-minimum-preflight/r46-source/R-4.6.0/src/nmath/qt.c -o qt.o
gcc -std=gnu23 -I. -I../../src/include -I/private/tmp/dta-direct-stage5-minimum-preflight/r46-source/R-4.6.0/src/include -I/opt/homebrew/include -DHAVE_CONFIG_H    -fPIC  -g -O2  -c /private/tmp/dta-direct-stage5-minimum-preflight/r46-source/R-4.6.0/src/nmath/rt.c -o rt.o
gcc -std=gnu23 -I. -I../../src/include -I/private/tmp/dta-direct-stage5-minimum-preflight/r46-source/R-4.6.0/src/include -I/opt/homebrew/include -DHAVE_CONFIG_H    -fPIC  -g -O2  -c /private/tmp/dta-direct-stage5-minimum-preflight/r46-source/R-4.6.0/src/nmath/dnt.c -o dnt.o
gcc -std=gnu23 -I. -I../../src/include -I/private/tmp/dta-direct-stage5-minimum-preflight/r46-source/R-4.6.0/src/include -I/opt/homebrew/include -DHAVE_CONFIG_H    -fPIC  -g -O2  -c /private/tmp/dta-direct-stage5-minimum-preflight/r46-source/R-4.6.0/src/nmath/dchisq.c -o dchisq.o
gcc -std=gnu23 -I. -I../../src/include -I/private/tmp/dta-direct-stage5-minimum-preflight/r46-source/R-4.6.0/src/include -I/opt/homebrew/include -DHAVE_CONFIG_H    -fPIC  -g -O2  -c /private/tmp/dta-direct-stage5-minimum-preflight/r46-source/R-4.6.0/src/nmath/pchisq.c -o pchisq.o
gcc -std=gnu23 -I. -I../../src/include -I/private/tmp/dta-direct-stage5-minimum-preflight/r46-source/R-4.6.0/src/include -I/opt/homebrew/include -DHAVE_CONFIG_H    -fPIC  -g -O2  -c /private/tmp/dta-direct-stage5-minimum-preflight/r46-source/R-4.6.0/src/nmath/qchisq.c -o qchisq.o
gcc -std=gnu23 -I. -I../../src/include -I/private/tmp/dta-direct-stage5-minimum-preflight/r46-source/R-4.6.0/src/include -I/opt/homebrew/include -DHAVE_CONFIG_H    -fPIC  -g -O2  -c /private/tmp/dta-direct-stage5-minimum-preflight/r46-source/R-4.6.0/src/nmath/rchisq.c -o rchisq.o
gcc -std=gnu23 -I. -I../../src/include -I/private/tmp/dta-direct-stage5-minimum-preflight/r46-source/R-4.6.0/src/include -I/opt/homebrew/include -DHAVE_CONFIG_H    -fPIC  -g -O2  -c /private/tmp/dta-direct-stage5-minimum-preflight/r46-source/R-4.6.0/src/nmath/rnchisq.c -o rnchisq.o
gcc -std=gnu23 -I. -I../../src/include -I/private/tmp/dta-direct-stage5-minimum-preflight/r46-source/R-4.6.0/src/include -I/opt/homebrew/include -DHAVE_CONFIG_H    -fPIC  -g -O2  -c /private/tmp/dta-direct-stage5-minimum-preflight/r46-source/R-4.6.0/src/nmath/dbinom.c -o dbinom.o
gcc -std=gnu23 -I. -I../../src/include -I/private/tmp/dta-direct-stage5-minimum-preflight/r46-source/R-4.6.0/src/include -I/opt/homebrew/include -DHAVE_CONFIG_H    -fPIC  -g -O2  -c /private/tmp/dta-direct-stage5-minimum-preflight/r46-source/R-4.6.0/src/nmath/pbinom.c -o pbinom.o
gcc -std=gnu23 -I. -I../../src/include -I/private/tmp/dta-direct-stage5-minimum-preflight/r46-source/R-4.6.0/src/include -I/opt/homebrew/include -DHAVE_CONFIG_H    -fPIC  -g -O2  -c /private/tmp/dta-direct-stage5-minimum-preflight/r46-source/R-4.6.0/src/nmath/qbinom.c -o qbinom.o
gcc -std=gnu23 -I. -I../../src/include -I/private/tmp/dta-direct-stage5-minimum-preflight/r46-source/R-4.6.0/src/include -I/opt/homebrew/include -DHAVE_CONFIG_H    -fPIC  -g -O2  -c /private/tmp/dta-direct-stage5-minimum-preflight/r46-source/R-4.6.0/src/nmath/rbinom.c -o rbinom.o
gcc -std=gnu23 -I. -I../../src/include -I/private/tmp/dta-direct-stage5-minimum-preflight/r46-source/R-4.6.0/src/include -I/opt/homebrew/include -DHAVE_CONFIG_H    -fPIC  -g -O2  -c /private/tmp/dta-direct-stage5-minimum-preflight/r46-source/R-4.6.0/src/nmath/rmultinom.c -o rmultinom.o
gcc -std=gnu23 -I. -I../../src/include -I/private/tmp/dta-direct-stage5-minimum-preflight/r46-source/R-4.6.0/src/include -I/opt/homebrew/include -DHAVE_CONFIG_H    -fPIC  -g -O2  -c /private/tmp/dta-direct-stage5-minimum-preflight/r46-source/R-4.6.0/src/nmath/dcauchy.c -o dcauchy.o
gcc -std=gnu23 -I. -I../../src/include -I/private/tmp/dta-direct-stage5-minimum-preflight/r46-source/R-4.6.0/src/include -I/opt/homebrew/include -DHAVE_CONFIG_H    -fPIC  -g -O2  -c /private/tmp/dta-direct-stage5-minimum-preflight/r46-source/R-4.6.0/src/nmath/pcauchy.c -o pcauchy.o
gcc -std=gnu23 -I. -I../../src/include -I/private/tmp/dta-direct-stage5-minimum-preflight/r46-source/R-4.6.0/src/include -I/opt/homebrew/include -DHAVE_CONFIG_H    -fPIC  -g -O2  -c /private/tmp/dta-direct-stage5-minimum-preflight/r46-source/R-4.6.0/src/nmath/qcauchy.c -o qcauchy.o
gcc -std=gnu23 -I. -I../../src/include -I/private/tmp/dta-direct-stage5-minimum-preflight/r46-source/R-4.6.0/src/include -I/opt/homebrew/include -DHAVE_CONFIG_H    -fPIC  -g -O2  -c /private/tmp/dta-direct-stage5-minimum-preflight/r46-source/R-4.6.0/src/nmath/rcauchy.c -o rcauchy.o
gcc -std=gnu23 -I. -I../../src/include -I/private/tmp/dta-direct-stage5-minimum-preflight/r46-source/R-4.6.0/src/include -I/opt/homebrew/include -DHAVE_CONFIG_H    -fPIC  -g -O2  -c /private/tmp/dta-direct-stage5-minimum-preflight/r46-source/R-4.6.0/src/nmath/dexp.c -o dexp.o
gcc -std=gnu23 -I. -I../../src/include -I/private/tmp/dta-direct-stage5-minimum-preflight/r46-source/R-4.6.0/src/include -I/opt/homebrew/include -DHAVE_CONFIG_H    -fPIC  -g -O2  -c /private/tmp/dta-direct-stage5-minimum-preflight/r46-source/R-4.6.0/src/nmath/pexp.c -o pexp.o
gcc -std=gnu23 -I. -I../../src/include -I/private/tmp/dta-direct-stage5-minimum-preflight/r46-source/R-4.6.0/src/include -I/opt/homebrew/include -DHAVE_CONFIG_H    -fPIC  -g -O2  -c /private/tmp/dta-direct-stage5-minimum-preflight/r46-source/R-4.6.0/src/nmath/qexp.c -o qexp.o
gcc -std=gnu23 -I. -I../../src/include -I/private/tmp/dta-direct-stage5-minimum-preflight/r46-source/R-4.6.0/src/include -I/opt/homebrew/include -DHAVE_CONFIG_H    -fPIC  -g -O2  -c /private/tmp/dta-direct-stage5-minimum-preflight/r46-source/R-4.6.0/src/nmath/rexp.c -o rexp.o
gcc -std=gnu23 -I. -I../../src/include -I/private/tmp/dta-direct-stage5-minimum-preflight/r46-source/R-4.6.0/src/include -I/opt/homebrew/include -DHAVE_CONFIG_H    -fPIC  -g -O2  -c /private/tmp/dta-direct-stage5-minimum-preflight/r46-source/R-4.6.0/src/nmath/dgeom.c -o dgeom.o
gcc -std=gnu23 -I. -I../../src/include -I/private/tmp/dta-direct-stage5-minimum-preflight/r46-source/R-4.6.0/src/include -I/opt/homebrew/include -DHAVE_CONFIG_H    -fPIC  -g -O2  -c /private/tmp/dta-direct-stage5-minimum-preflight/r46-source/R-4.6.0/src/nmath/pgeom.c -o pgeom.o
gcc -std=gnu23 -I. -I../../src/include -I/private/tmp/dta-direct-stage5-minimum-preflight/r46-source/R-4.6.0/src/include -I/opt/homebrew/include -DHAVE_CONFIG_H    -fPIC  -g -O2  -c /private/tmp/dta-direct-stage5-minimum-preflight/r46-source/R-4.6.0/src/nmath/qgeom.c -o qgeom.o
gcc -std=gnu23 -I. -I../../src/include -I/private/tmp/dta-direct-stage5-minimum-preflight/r46-source/R-4.6.0/src/include -I/opt/homebrew/include -DHAVE_CONFIG_H    -fPIC  -g -O2  -c /private/tmp/dta-direct-stage5-minimum-preflight/r46-source/R-4.6.0/src/nmath/rgeom.c -o rgeom.o
gcc -std=gnu23 -I. -I../../src/include -I/private/tmp/dta-direct-stage5-minimum-preflight/r46-source/R-4.6.0/src/include -I/opt/homebrew/include -DHAVE_CONFIG_H    -fPIC  -g -O2  -c /private/tmp/dta-direct-stage5-minimum-preflight/r46-source/R-4.6.0/src/nmath/dhyper.c -o dhyper.o
gcc -std=gnu23 -I. -I../../src/include -I/private/tmp/dta-direct-stage5-minimum-preflight/r46-source/R-4.6.0/src/include -I/opt/homebrew/include -DHAVE_CONFIG_H    -fPIC  -g -O2  -c /private/tmp/dta-direct-stage5-minimum-preflight/r46-source/R-4.6.0/src/nmath/phyper.c -o phyper.o
gcc -std=gnu23 -I. -I../../src/include -I/private/tmp/dta-direct-stage5-minimum-preflight/r46-source/R-4.6.0/src/include -I/opt/homebrew/include -DHAVE_CONFIG_H    -fPIC  -g -O2  -c /private/tmp/dta-direct-stage5-minimum-preflight/r46-source/R-4.6.0/src/nmath/qhyper.c -o qhyper.o
gcc -std=gnu23 -I. -I../../src/include -I/private/tmp/dta-direct-stage5-minimum-preflight/r46-source/R-4.6.0/src/include -I/opt/homebrew/include -DHAVE_CONFIG_H    -fPIC  -g -O2  -c /private/tmp/dta-direct-stage5-minimum-preflight/r46-source/R-4.6.0/src/nmath/rhyper.c -o rhyper.o
gcc -std=gnu23 -I. -I../../src/include -I/private/tmp/dta-direct-stage5-minimum-preflight/r46-source/R-4.6.0/src/include -I/opt/homebrew/include -DHAVE_CONFIG_H    -fPIC  -g -O2  -c /private/tmp/dta-direct-stage5-minimum-preflight/r46-source/R-4.6.0/src/nmath/dnbinom.c -o dnbinom.o
gcc -std=gnu23 -I. -I../../src/include -I/private/tmp/dta-direct-stage5-minimum-preflight/r46-source/R-4.6.0/src/include -I/opt/homebrew/include -DHAVE_CONFIG_H    -fPIC  -g -O2  -c /private/tmp/dta-direct-stage5-minimum-preflight/r46-source/R-4.6.0/src/nmath/pnbinom.c -o pnbinom.o
gcc -std=gnu23 -I. -I../../src/include -I/private/tmp/dta-direct-stage5-minimum-preflight/r46-source/R-4.6.0/src/include -I/opt/homebrew/include -DHAVE_CONFIG_H    -fPIC  -g -O2  -c /private/tmp/dta-direct-stage5-minimum-preflight/r46-source/R-4.6.0/src/nmath/qnbinom.c -o qnbinom.o
gcc -std=gnu23 -I. -I../../src/include -I/private/tmp/dta-direct-stage5-minimum-preflight/r46-source/R-4.6.0/src/include -I/opt/homebrew/include -DHAVE_CONFIG_H    -fPIC  -g -O2  -c /private/tmp/dta-direct-stage5-minimum-preflight/r46-source/R-4.6.0/src/nmath/qnbinom_mu.c -o qnbinom_mu.o
gcc -std=gnu23 -I. -I../../src/include -I/private/tmp/dta-direct-stage5-minimum-preflight/r46-source/R-4.6.0/src/include -I/opt/homebrew/include -DHAVE_CONFIG_H    -fPIC  -g -O2  -c /private/tmp/dta-direct-stage5-minimum-preflight/r46-source/R-4.6.0/src/nmath/rnbinom.c -o rnbinom.o
gcc -std=gnu23 -I. -I../../src/include -I/private/tmp/dta-direct-stage5-minimum-preflight/r46-source/R-4.6.0/src/include -I/opt/homebrew/include -DHAVE_CONFIG_H    -fPIC  -g -O2  -c /private/tmp/dta-direct-stage5-minimum-preflight/r46-source/R-4.6.0/src/nmath/dpois.c -o dpois.o
gcc -std=gnu23 -I. -I../../src/include -I/private/tmp/dta-direct-stage5-minimum-preflight/r46-source/R-4.6.0/src/include -I/opt/homebrew/include -DHAVE_CONFIG_H    -fPIC  -g -O2  -c /private/tmp/dta-direct-stage5-minimum-preflight/r46-source/R-4.6.0/src/nmath/ppois.c -o ppois.o
gcc -std=gnu23 -I. -I../../src/include -I/private/tmp/dta-direct-stage5-minimum-preflight/r46-source/R-4.6.0/src/include -I/opt/homebrew/include -DHAVE_CONFIG_H    -fPIC  -g -O2  -c /private/tmp/dta-direct-stage5-minimum-preflight/r46-source/R-4.6.0/src/nmath/qpois.c -o qpois.o
gcc -std=gnu23 -I. -I../../src/include -I/private/tmp/dta-direct-stage5-minimum-preflight/r46-source/R-4.6.0/src/include -I/opt/homebrew/include -DHAVE_CONFIG_H    -fPIC  -g -O2  -c /private/tmp/dta-direct-stage5-minimum-preflight/r46-source/R-4.6.0/src/nmath/rpois.c -o rpois.o
gcc -std=gnu23 -I. -I../../src/include -I/private/tmp/dta-direct-stage5-minimum-preflight/r46-source/R-4.6.0/src/include -I/opt/homebrew/include -DHAVE_CONFIG_H    -fPIC  -g -O2  -c /private/tmp/dta-direct-stage5-minimum-preflight/r46-source/R-4.6.0/src/nmath/dweibull.c -o dweibull.o
gcc -std=gnu23 -I. -I../../src/include -I/private/tmp/dta-direct-stage5-minimum-preflight/r46-source/R-4.6.0/src/include -I/opt/homebrew/include -DHAVE_CONFIG_H    -fPIC  -g -O2  -c /private/tmp/dta-direct-stage5-minimum-preflight/r46-source/R-4.6.0/src/nmath/pweibull.c -o pweibull.o
gcc -std=gnu23 -I. -I../../src/include -I/private/tmp/dta-direct-stage5-minimum-preflight/r46-source/R-4.6.0/src/include -I/opt/homebrew/include -DHAVE_CONFIG_H    -fPIC  -g -O2  -c /private/tmp/dta-direct-stage5-minimum-preflight/r46-source/R-4.6.0/src/nmath/qweibull.c -o qweibull.o
gcc -std=gnu23 -I. -I../../src/include -I/private/tmp/dta-direct-stage5-minimum-preflight/r46-source/R-4.6.0/src/include -I/opt/homebrew/include -DHAVE_CONFIG_H    -fPIC  -g -O2  -c /private/tmp/dta-direct-stage5-minimum-preflight/r46-source/R-4.6.0/src/nmath/rweibull.c -o rweibull.o
gcc -std=gnu23 -I. -I../../src/include -I/private/tmp/dta-direct-stage5-minimum-preflight/r46-source/R-4.6.0/src/include -I/opt/homebrew/include -DHAVE_CONFIG_H    -fPIC  -g -O2  -c /private/tmp/dta-direct-stage5-minimum-preflight/r46-source/R-4.6.0/src/nmath/dlogis.c -o dlogis.o
gcc -std=gnu23 -I. -I../../src/include -I/private/tmp/dta-direct-stage5-minimum-preflight/r46-source/R-4.6.0/src/include -I/opt/homebrew/include -DHAVE_CONFIG_H    -fPIC  -g -O2  -c /private/tmp/dta-direct-stage5-minimum-preflight/r46-source/R-4.6.0/src/nmath/plogis.c -o plogis.o
gcc -std=gnu23 -I. -I../../src/include -I/private/tmp/dta-direct-stage5-minimum-preflight/r46-source/R-4.6.0/src/include -I/opt/homebrew/include -DHAVE_CONFIG_H    -fPIC  -g -O2  -c /private/tmp/dta-direct-stage5-minimum-preflight/r46-source/R-4.6.0/src/nmath/qlogis.c -o qlogis.o
gcc -std=gnu23 -I. -I../../src/include -I/private/tmp/dta-direct-stage5-minimum-preflight/r46-source/R-4.6.0/src/include -I/opt/homebrew/include -DHAVE_CONFIG_H    -fPIC  -g -O2  -c /private/tmp/dta-direct-stage5-minimum-preflight/r46-source/R-4.6.0/src/nmath/rlogis.c -o rlogis.o
gcc -std=gnu23 -I. -I../../src/include -I/private/tmp/dta-direct-stage5-minimum-preflight/r46-source/R-4.6.0/src/include -I/opt/homebrew/include -DHAVE_CONFIG_H    -fPIC  -g -O2  -c /private/tmp/dta-direct-stage5-minimum-preflight/r46-source/R-4.6.0/src/nmath/dnchisq.c -o dnchisq.o
gcc -std=gnu23 -I. -I../../src/include -I/private/tmp/dta-direct-stage5-minimum-preflight/r46-source/R-4.6.0/src/include -I/opt/homebrew/include -DHAVE_CONFIG_H    -fPIC  -g -O2  -c /private/tmp/dta-direct-stage5-minimum-preflight/r46-source/R-4.6.0/src/nmath/pnchisq.c -o pnchisq.o
gcc -std=gnu23 -I. -I../../src/include -I/private/tmp/dta-direct-stage5-minimum-preflight/r46-source/R-4.6.0/src/include -I/opt/homebrew/include -DHAVE_CONFIG_H    -fPIC  -g -O2  -c /private/tmp/dta-direct-stage5-minimum-preflight/r46-source/R-4.6.0/src/nmath/qnchisq.c -o qnchisq.o
gcc -std=gnu23 -I. -I../../src/include -I/private/tmp/dta-direct-stage5-minimum-preflight/r46-source/R-4.6.0/src/include -I/opt/homebrew/include -DHAVE_CONFIG_H    -fPIC  -g -O2  -c /private/tmp/dta-direct-stage5-minimum-preflight/r46-source/R-4.6.0/src/nmath/dnbeta.c -o dnbeta.o
gcc -std=gnu23 -I. -I../../src/include -I/private/tmp/dta-direct-stage5-minimum-preflight/r46-source/R-4.6.0/src/include -I/opt/homebrew/include -DHAVE_CONFIG_H    -fPIC  -g -O2  -c /private/tmp/dta-direct-stage5-minimum-preflight/r46-source/R-4.6.0/src/nmath/pnbeta.c -o pnbeta.o
gcc -std=gnu23 -I. -I../../src/include -I/private/tmp/dta-direct-stage5-minimum-preflight/r46-source/R-4.6.0/src/include -I/opt/homebrew/include -DHAVE_CONFIG_H    -fPIC  -g -O2  -c /private/tmp/dta-direct-stage5-minimum-preflight/r46-source/R-4.6.0/src/nmath/qnbeta.c -o qnbeta.o
gcc -std=gnu23 -I. -I../../src/include -I/private/tmp/dta-direct-stage5-minimum-preflight/r46-source/R-4.6.0/src/include -I/opt/homebrew/include -DHAVE_CONFIG_H    -fPIC  -g -O2  -c /private/tmp/dta-direct-stage5-minimum-preflight/r46-source/R-4.6.0/src/nmath/pnf.c -o pnf.o
gcc -std=gnu23 -I. -I../../src/include -I/private/tmp/dta-direct-stage5-minimum-preflight/r46-source/R-4.6.0/src/include -I/opt/homebrew/include -DHAVE_CONFIG_H    -fPIC  -g -O2  -c /private/tmp/dta-direct-stage5-minimum-preflight/r46-source/R-4.6.0/src/nmath/pnt.c -o pnt.o
gcc -std=gnu23 -I. -I../../src/include -I/private/tmp/dta-direct-stage5-minimum-preflight/r46-source/R-4.6.0/src/include -I/opt/homebrew/include -DHAVE_CONFIG_H    -fPIC  -g -O2  -c /private/tmp/dta-direct-stage5-minimum-preflight/r46-source/R-4.6.0/src/nmath/qnf.c -o qnf.o
gcc -std=gnu23 -I. -I../../src/include -I/private/tmp/dta-direct-stage5-minimum-preflight/r46-source/R-4.6.0/src/include -I/opt/homebrew/include -DHAVE_CONFIG_H    -fPIC  -g -O2  -c /private/tmp/dta-direct-stage5-minimum-preflight/r46-source/R-4.6.0/src/nmath/qnt.c -o qnt.o
gcc -std=gnu23 -I. -I../../src/include -I/private/tmp/dta-direct-stage5-minimum-preflight/r46-source/R-4.6.0/src/include -I/opt/homebrew/include -DHAVE_CONFIG_H    -fPIC  -g -O2  -c /private/tmp/dta-direct-stage5-minimum-preflight/r46-source/R-4.6.0/src/nmath/ptukey.c -o ptukey.o
gcc -std=gnu23 -I. -I../../src/include -I/private/tmp/dta-direct-stage5-minimum-preflight/r46-source/R-4.6.0/src/include -I/opt/homebrew/include -DHAVE_CONFIG_H    -fPIC  -g -O2  -c /private/tmp/dta-direct-stage5-minimum-preflight/r46-source/R-4.6.0/src/nmath/qtukey.c -o qtukey.o
gcc -std=gnu23 -I. -I../../src/include -I/private/tmp/dta-direct-stage5-minimum-preflight/r46-source/R-4.6.0/src/include -I/opt/homebrew/include -DHAVE_CONFIG_H    -fPIC  -g -O2  -c /private/tmp/dta-direct-stage5-minimum-preflight/r46-source/R-4.6.0/src/nmath/toms708.c -o toms708.o
gcc -std=gnu23 -I. -I../../src/include -I/private/tmp/dta-direct-stage5-minimum-preflight/r46-source/R-4.6.0/src/include -I/opt/homebrew/include -DHAVE_CONFIG_H    -fPIC  -g -O2  -c /private/tmp/dta-direct-stage5-minimum-preflight/r46-source/R-4.6.0/src/nmath/wilcox.c -o wilcox.o
gcc -std=gnu23 -I. -I../../src/include -I/private/tmp/dta-direct-stage5-minimum-preflight/r46-source/R-4.6.0/src/include -I/opt/homebrew/include -DHAVE_CONFIG_H    -fPIC  -g -O2  -c /private/tmp/dta-direct-stage5-minimum-preflight/r46-source/R-4.6.0/src/nmath/signrank.c -o signrank.o
ar -cr libnmath.a mlutils.o d1mach.o i1mach.o fmax2.o fmin2.o fprec.o fround.o ftrunc.o sign.o fsign.o imax2.o imin2.o chebyshev.o log1p.o lgammacor.o gammalims.o stirlerr.o bd0.o gamma.o lgamma.o gamma_cody.o beta.o lbeta.o polygamma.o cospi.o bessel_i.o bessel_j.o bessel_k.o bessel_y.o choose.o snorm.o sexp.o dgamma.o pgamma.o qgamma.o rgamma.o dbeta.o pbeta.o qbeta.o rbeta.o dunif.o punif.o qunif.o runif.o dnorm.o pnorm.o qnorm.o rnorm.o dlnorm.o plnorm.o qlnorm.o rlnorm.o df.o pf.o qf.o rf.o dnf.o dt.o pt.o qt.o rt.o dnt.o dchisq.o pchisq.o qchisq.o rchisq.o rnchisq.o dbinom.o pbinom.o qbinom.o rbinom.o rmultinom.o dcauchy.o pcauchy.o qcauchy.o rcauchy.o dexp.o pexp.o qexp.o rexp.o dgeom.o pgeom.o qgeom.o rgeom.o dhyper.o phyper.o qhyper.o rhyper.o dnbinom.o pnbinom.o qnbinom.o qnbinom_mu.o rnbinom.o dpois.o ppois.o qpois.o rpois.o dweibull.o pweibull.o qweibull.o rweibull.o dlogis.o plogis.o qlogis.o rlogis.o dnchisq.o pnchisq.o qnchisq.o dnbeta.o pnbeta.o qnbeta.o pnf.o pnt.o qnf.o qnt.o ptukey.o qtukey.o toms708.o wilcox.o signrank.o
ranlib libnmath.a
config.status: creating src/unix/Makefile
making Rembedded.d from /private/tmp/dta-direct-stage5-minimum-preflight/r46-source/R-4.6.0/src/unix/Rembedded.c
making dynload.d from /private/tmp/dta-direct-stage5-minimum-preflight/r46-source/R-4.6.0/src/unix/dynload.c
making system.d from /private/tmp/dta-direct-stage5-minimum-preflight/r46-source/R-4.6.0/src/unix/system.c
making sys-unix.d from /private/tmp/dta-direct-stage5-minimum-preflight/r46-source/R-4.6.0/src/unix/sys-unix.c
making sys-std.d from /private/tmp/dta-direct-stage5-minimum-preflight/r46-source/R-4.6.0/src/unix/sys-std.c
making X11.d from /private/tmp/dta-direct-stage5-minimum-preflight/r46-source/R-4.6.0/src/unix/X11.c
gcc -std=gnu23 -I. -I../../src/include -I/private/tmp/dta-direct-stage5-minimum-preflight/r46-source/R-4.6.0/src/include  -I/opt/homebrew/include -DHAVE_CONFIG_H    -fPIC  -g -O2  -c /private/tmp/dta-direct-stage5-minimum-preflight/r46-source/R-4.6.0/src/unix/Rembedded.c -o Rembedded.o
gcc -std=gnu23 -I. -I../../src/include -I/private/tmp/dta-direct-stage5-minimum-preflight/r46-source/R-4.6.0/src/include  -I/opt/homebrew/include -DHAVE_CONFIG_H    -fPIC  -g -O2  -c /private/tmp/dta-direct-stage5-minimum-preflight/r46-source/R-4.6.0/src/unix/dynload.c -o dynload.o
gcc -std=gnu23 -I. -I../../src/include -I/private/tmp/dta-direct-stage5-minimum-preflight/r46-source/R-4.6.0/src/include  -I/opt/homebrew/include -DHAVE_CONFIG_H    -fPIC  -g -O2  -c /private/tmp/dta-direct-stage5-minimum-preflight/r46-source/R-4.6.0/src/unix/system.c -o system.o
gcc -std=gnu23 -I. -I../../src/include -I/private/tmp/dta-direct-stage5-minimum-preflight/r46-source/R-4.6.0/src/include  -I/opt/homebrew/include -DHAVE_CONFIG_H    -fPIC  -g -O2   -c /private/tmp/dta-direct-stage5-minimum-preflight/r46-source/R-4.6.0/src/unix/sys-unix.c -o sys-unix.o
gcc -std=gnu23 -I. -I../../src/include -I/private/tmp/dta-direct-stage5-minimum-preflight/r46-source/R-4.6.0/src/include  -I/opt/homebrew/include -DHAVE_CONFIG_H    -fPIC  -g -O2  -c /private/tmp/dta-direct-stage5-minimum-preflight/r46-source/R-4.6.0/src/unix/sys-std.c -o sys-std.o
gcc -std=gnu23 -I. -I../../src/include -I/private/tmp/dta-direct-stage5-minimum-preflight/r46-source/R-4.6.0/src/include  -I/opt/homebrew/include -DHAVE_CONFIG_H    -fPIC  -g -O2  -c /private/tmp/dta-direct-stage5-minimum-preflight/r46-source/R-4.6.0/src/unix/X11.c -o X11.o
ar -cr libunix.a Rembedded.o dynload.o system.o sys-unix.o sys-std.o X11.o
ranlib libunix.a
gcc -std=gnu23 -I. -I../../src/include -I/private/tmp/dta-direct-stage5-minimum-preflight/r46-source/R-4.6.0/src/include  -I/opt/homebrew/include -DHAVE_CONFIG_H    -g -O2  -L/opt/homebrew/opt/gettext/lib -L/opt/homebrew/opt/pcre2/lib -L/opt/homebrew/opt/libdeflate/lib -L/opt/homebrew/opt/zstd/lib -L/opt/homebrew/opt/xz/lib -DR_HOME='"/private/tmp/dta-direct-stage5-minimum-preflight/r460-clean-build"' \
	  -o Rscript /private/tmp/dta-direct-stage5-minimum-preflight/r46-source/R-4.6.0/src/unix/Rscript.c
config.status: creating src/main/Makefile
making Rdynload.d from /private/tmp/dta-direct-stage5-minimum-preflight/r46-source/R-4.6.0/src/main/Rdynload.c
making CommandLineArgs.d from /private/tmp/dta-direct-stage5-minimum-preflight/r46-source/R-4.6.0/src/main/CommandLineArgs.c
making Renviron.d from /private/tmp/dta-direct-stage5-minimum-preflight/r46-source/R-4.6.0/src/main/Renviron.c
making RNG.d from /private/tmp/dta-direct-stage5-minimum-preflight/r46-source/R-4.6.0/src/main/RNG.c
making agrep.d from /private/tmp/dta-direct-stage5-minimum-preflight/r46-source/R-4.6.0/src/main/agrep.c
making altclasses.d from /private/tmp/dta-direct-stage5-minimum-preflight/r46-source/R-4.6.0/src/main/altclasses.c
making altrep.d from /private/tmp/dta-direct-stage5-minimum-preflight/r46-source/R-4.6.0/src/main/altrep.c
making apply.d from /private/tmp/dta-direct-stage5-minimum-preflight/r46-source/R-4.6.0/src/main/apply.c
making array.d from /private/tmp/dta-direct-stage5-minimum-preflight/r46-source/R-4.6.0/src/main/array.c
making arithmetic.d from /private/tmp/dta-direct-stage5-minimum-preflight/r46-source/R-4.6.0/src/main/arithmetic.c
making attrib.d from /private/tmp/dta-direct-stage5-minimum-preflight/r46-source/R-4.6.0/src/main/attrib.c
making bind.d from /private/tmp/dta-direct-stage5-minimum-preflight/r46-source/R-4.6.0/src/main/bind.c
making builtin.d from /private/tmp/dta-direct-stage5-minimum-preflight/r46-source/R-4.6.0/src/main/builtin.c
making character.d from /private/tmp/dta-direct-stage5-minimum-preflight/r46-source/R-4.6.0/src/main/character.c
making clippath.d from /private/tmp/dta-direct-stage5-minimum-preflight/r46-source/R-4.6.0/src/main/clippath.c
making coerce.d from /private/tmp/dta-direct-stage5-minimum-preflight/r46-source/R-4.6.0/src/main/coerce.c
making colors.d from /private/tmp/dta-direct-stage5-minimum-preflight/r46-source/R-4.6.0/src/main/colors.c
making complex.d from /private/tmp/dta-direct-stage5-minimum-preflight/r46-source/R-4.6.0/src/main/complex.c
making connections.d from /private/tmp/dta-direct-stage5-minimum-preflight/r46-source/R-4.6.0/src/main/connections.c
making context.d from /private/tmp/dta-direct-stage5-minimum-preflight/r46-source/R-4.6.0/src/main/context.c
making dcf.d from /private/tmp/dta-direct-stage5-minimum-preflight/r46-source/R-4.6.0/src/main/dcf.c
making cum.d from /private/tmp/dta-direct-stage5-minimum-preflight/r46-source/R-4.6.0/src/main/cum.c
making datetime.d from /private/tmp/dta-direct-stage5-minimum-preflight/r46-source/R-4.6.0/src/main/datetime.c
making debug.d from /private/tmp/dta-direct-stage5-minimum-preflight/r46-source/R-4.6.0/src/main/debug.c
making deparse.d from /private/tmp/dta-direct-stage5-minimum-preflight/r46-source/R-4.6.0/src/main/deparse.c
making devices.d from /private/tmp/dta-direct-stage5-minimum-preflight/r46-source/R-4.6.0/src/main/devices.c
making dotcode.d from /private/tmp/dta-direct-stage5-minimum-preflight/r46-source/R-4.6.0/src/main/dotcode.c
making dounzip.d from /private/tmp/dta-direct-stage5-minimum-preflight/r46-source/R-4.6.0/src/main/dounzip.c
making duplicate.d from /private/tmp/dta-direct-stage5-minimum-preflight/r46-source/R-4.6.0/src/main/duplicate.c
making dstruct.d from /private/tmp/dta-direct-stage5-minimum-preflight/r46-source/R-4.6.0/src/main/dstruct.c
making edit.d from /private/tmp/dta-direct-stage5-minimum-preflight/r46-source/R-4.6.0/src/main/edit.c
making engine.d from /private/tmp/dta-direct-stage5-minimum-preflight/r46-source/R-4.6.0/src/main/engine.c
making envir.d from /private/tmp/dta-direct-stage5-minimum-preflight/r46-source/R-4.6.0/src/main/envir.c
making errors.d from /private/tmp/dta-direct-stage5-minimum-preflight/r46-source/R-4.6.0/src/main/errors.c
making eval.d from /private/tmp/dta-direct-stage5-minimum-preflight/r46-source/R-4.6.0/src/main/eval.c
making flexiblas.d from /private/tmp/dta-direct-stage5-minimum-preflight/r46-source/R-4.6.0/src/main/flexiblas.c
making format.d from /private/tmp/dta-direct-stage5-minimum-preflight/r46-source/R-4.6.0/src/main/format.c
making gevents.d from /private/tmp/dta-direct-stage5-minimum-preflight/r46-source/R-4.6.0/src/main/gevents.c
making gram.d from /private/tmp/dta-direct-stage5-minimum-preflight/r46-source/R-4.6.0/src/main/gram.c
making gram-ex.d from /private/tmp/dta-direct-stage5-minimum-preflight/r46-source/R-4.6.0/src/main/gram-ex.c
making grep.d from /private/tmp/dta-direct-stage5-minimum-preflight/r46-source/R-4.6.0/src/main/grep.c
making graphics.d from /private/tmp/dta-direct-stage5-minimum-preflight/r46-source/R-4.6.0/src/main/graphics.c
making identical.d from /private/tmp/dta-direct-stage5-minimum-preflight/r46-source/R-4.6.0/src/main/identical.c
making inlined.d from /private/tmp/dta-direct-stage5-minimum-preflight/r46-source/R-4.6.0/src/main/inlined.c
making internet.d from /private/tmp/dta-direct-stage5-minimum-preflight/r46-source/R-4.6.0/src/main/internet.c
making inspect.d from /private/tmp/dta-direct-stage5-minimum-preflight/r46-source/R-4.6.0/src/main/inspect.c
making iosupport.d from /private/tmp/dta-direct-stage5-minimum-preflight/r46-source/R-4.6.0/src/main/iosupport.c
making lapack.d from /private/tmp/dta-direct-stage5-minimum-preflight/r46-source/R-4.6.0/src/main/lapack.c
making list.d from /private/tmp/dta-direct-stage5-minimum-preflight/r46-source/R-4.6.0/src/main/list.c
making localecharset.d from /private/tmp/dta-direct-stage5-minimum-preflight/r46-source/R-4.6.0/src/main/localecharset.c
making logic.d from /private/tmp/dta-direct-stage5-minimum-preflight/r46-source/R-4.6.0/src/main/logic.c
making machine.d from /private/tmp/dta-direct-stage5-minimum-preflight/r46-source/R-4.6.0/src/main/machine.c
making main.d from /private/tmp/dta-direct-stage5-minimum-preflight/r46-source/R-4.6.0/src/main/main.c
making mapply.d from /private/tmp/dta-direct-stage5-minimum-preflight/r46-source/R-4.6.0/src/main/mapply.c
making mask.d from /private/tmp/dta-direct-stage5-minimum-preflight/r46-source/R-4.6.0/src/main/mask.c
making match.d from /private/tmp/dta-direct-stage5-minimum-preflight/r46-source/R-4.6.0/src/main/match.c
making memory.d from /private/tmp/dta-direct-stage5-minimum-preflight/r46-source/R-4.6.0/src/main/memory.c
making names.d from /private/tmp/dta-direct-stage5-minimum-preflight/r46-source/R-4.6.0/src/main/names.c
making objects.d from /private/tmp/dta-direct-stage5-minimum-preflight/r46-source/R-4.6.0/src/main/objects.c
making options.d from /private/tmp/dta-direct-stage5-minimum-preflight/r46-source/R-4.6.0/src/main/options.c
making paste.d from /private/tmp/dta-direct-stage5-minimum-preflight/r46-source/R-4.6.0/src/main/paste.c
making patterns.d from /private/tmp/dta-direct-stage5-minimum-preflight/r46-source/R-4.6.0/src/main/patterns.c
making platform.d from /private/tmp/dta-direct-stage5-minimum-preflight/r46-source/R-4.6.0/src/main/platform.c
making plot.d from /private/tmp/dta-direct-stage5-minimum-preflight/r46-source/R-4.6.0/src/main/plot.c
making plot3d.d from /private/tmp/dta-direct-stage5-minimum-preflight/r46-source/R-4.6.0/src/main/plot3d.c
making plotmath.d from /private/tmp/dta-direct-stage5-minimum-preflight/r46-source/R-4.6.0/src/main/plotmath.c
making print.d from /private/tmp/dta-direct-stage5-minimum-preflight/r46-source/R-4.6.0/src/main/print.c
making printarray.d from /private/tmp/dta-direct-stage5-minimum-preflight/r46-source/R-4.6.0/src/main/printarray.c
making printvector.d from /private/tmp/dta-direct-stage5-minimum-preflight/r46-source/R-4.6.0/src/main/printvector.c
making printutils.d from /private/tmp/dta-direct-stage5-minimum-preflight/r46-source/R-4.6.0/src/main/printutils.c
making qsort.d from /private/tmp/dta-direct-stage5-minimum-preflight/r46-source/R-4.6.0/src/main/qsort.c
making radixsort.d from /private/tmp/dta-direct-stage5-minimum-preflight/r46-source/R-4.6.0/src/main/radixsort.c
making raw.d from /private/tmp/dta-direct-stage5-minimum-preflight/r46-source/R-4.6.0/src/main/raw.c
making random.d from /private/tmp/dta-direct-stage5-minimum-preflight/r46-source/R-4.6.0/src/main/random.c
making registration.d from /private/tmp/dta-direct-stage5-minimum-preflight/r46-source/R-4.6.0/src/main/registration.c
making relop.d from /private/tmp/dta-direct-stage5-minimum-preflight/r46-source/R-4.6.0/src/main/relop.c
making saveload.d from /private/tmp/dta-direct-stage5-minimum-preflight/r46-source/R-4.6.0/src/main/saveload.c
making rlocale.d from /private/tmp/dta-direct-stage5-minimum-preflight/r46-source/R-4.6.0/src/main/rlocale.c
making scan.d from /private/tmp/dta-direct-stage5-minimum-preflight/r46-source/R-4.6.0/src/main/scan.c
making seq.d from /private/tmp/dta-direct-stage5-minimum-preflight/r46-source/R-4.6.0/src/main/seq.c
making serialize.d from /private/tmp/dta-direct-stage5-minimum-preflight/r46-source/R-4.6.0/src/main/serialize.c
making sort.d from /private/tmp/dta-direct-stage5-minimum-preflight/r46-source/R-4.6.0/src/main/sort.c
making source.d from /private/tmp/dta-direct-stage5-minimum-preflight/r46-source/R-4.6.0/src/main/source.c
making split.d from /private/tmp/dta-direct-stage5-minimum-preflight/r46-source/R-4.6.0/src/main/split.c
making sprintf.d from /private/tmp/dta-direct-stage5-minimum-preflight/r46-source/R-4.6.0/src/main/sprintf.c
making startup.d from /private/tmp/dta-direct-stage5-minimum-preflight/r46-source/R-4.6.0/src/main/startup.c
making subassign.d from /private/tmp/dta-direct-stage5-minimum-preflight/r46-source/R-4.6.0/src/main/subassign.c
making subscript.d from /private/tmp/dta-direct-stage5-minimum-preflight/r46-source/R-4.6.0/src/main/subscript.c
making summary.d from /private/tmp/dta-direct-stage5-minimum-preflight/r46-source/R-4.6.0/src/main/summary.c
making subset.d from /private/tmp/dta-direct-stage5-minimum-preflight/r46-source/R-4.6.0/src/main/subset.c
making sysutils.d from /private/tmp/dta-direct-stage5-minimum-preflight/r46-source/R-4.6.0/src/main/sysutils.c
making times.d from /private/tmp/dta-direct-stage5-minimum-preflight/r46-source/R-4.6.0/src/main/times.c
making unique.d from /private/tmp/dta-direct-stage5-minimum-preflight/r46-source/R-4.6.0/src/main/unique.c
making util.d from /private/tmp/dta-direct-stage5-minimum-preflight/r46-source/R-4.6.0/src/main/util.c
making version.d from /private/tmp/dta-direct-stage5-minimum-preflight/r46-source/R-4.6.0/src/main/version.c
making g_alab_her.d from /private/tmp/dta-direct-stage5-minimum-preflight/r46-source/R-4.6.0/src/main/g_alab_her.c
making g_cntrlify.d from /private/tmp/dta-direct-stage5-minimum-preflight/r46-source/R-4.6.0/src/main/g_cntrlify.c
making g_fontdb.d from /private/tmp/dta-direct-stage5-minimum-preflight/r46-source/R-4.6.0/src/main/g_fontdb.c
making g_her_glyph.d from /private/tmp/dta-direct-stage5-minimum-preflight/r46-source/R-4.6.0/src/main/g_her_glyph.c
making Rmain.d from /private/tmp/dta-direct-stage5-minimum-preflight/r46-source/R-4.6.0/src/main/Rmain.c
making alloca.d from /private/tmp/dta-direct-stage5-minimum-preflight/r46-source/R-4.6.0/src/main/alloca.c
making mkdtemp.d from /private/tmp/dta-direct-stage5-minimum-preflight/r46-source/R-4.6.0/src/main/mkdtemp.c
making strdup.d from /private/tmp/dta-direct-stage5-minimum-preflight/r46-source/R-4.6.0/src/main/strdup.c
making strncasecmp.d from /private/tmp/dta-direct-stage5-minimum-preflight/r46-source/R-4.6.0/src/main/strncasecmp.c
gcc -std=gnu23 -I/private/tmp/dta-direct-stage5-minimum-preflight/r46-source/R-4.6.0/src/extra  -I. -I../../src/include -I/private/tmp/dta-direct-stage5-minimum-preflight/r46-source/R-4.6.0/src/include  -I/opt/homebrew/include -I/private/tmp/dta-direct-stage5-minimum-preflight/r46-source/R-4.6.0/src/nmath -DHAVE_CONFIG_H    -fPIC  -g -O2  -c /private/tmp/dta-direct-stage5-minimum-preflight/r46-source/R-4.6.0/src/main/CommandLineArgs.c -o CommandLineArgs.o
gcc -std=gnu23 -I/private/tmp/dta-direct-stage5-minimum-preflight/r46-source/R-4.6.0/src/extra  -I. -I../../src/include -I/private/tmp/dta-direct-stage5-minimum-preflight/r46-source/R-4.6.0/src/include  -I/opt/homebrew/include -I/private/tmp/dta-direct-stage5-minimum-preflight/r46-source/R-4.6.0/src/nmath -DHAVE_CONFIG_H    -fPIC  -g -O2  -c /private/tmp/dta-direct-stage5-minimum-preflight/r46-source/R-4.6.0/src/main/Rdynload.c -o Rdynload.o
gcc -std=gnu23 -I/private/tmp/dta-direct-stage5-minimum-preflight/r46-source/R-4.6.0/src/extra  -I. -I../../src/include -I/private/tmp/dta-direct-stage5-minimum-preflight/r46-source/R-4.6.0/src/include  -I/opt/homebrew/include -I/private/tmp/dta-direct-stage5-minimum-preflight/r46-source/R-4.6.0/src/nmath -DHAVE_CONFIG_H    -fPIC  -g -O2  -c /private/tmp/dta-direct-stage5-minimum-preflight/r46-source/R-4.6.0/src/main/Renviron.c -o Renviron.o
gcc -std=gnu23 -I/private/tmp/dta-direct-stage5-minimum-preflight/r46-source/R-4.6.0/src/extra  -I. -I../../src/include -I/private/tmp/dta-direct-stage5-minimum-preflight/r46-source/R-4.6.0/src/include  -I/opt/homebrew/include -I/private/tmp/dta-direct-stage5-minimum-preflight/r46-source/R-4.6.0/src/nmath -DHAVE_CONFIG_H    -fPIC  -g -O2  -c /private/tmp/dta-direct-stage5-minimum-preflight/r46-source/R-4.6.0/src/main/RNG.c -o RNG.o
gcc -std=gnu23 -I/private/tmp/dta-direct-stage5-minimum-preflight/r46-source/R-4.6.0/src/extra  -I. -I../../src/include -I/private/tmp/dta-direct-stage5-minimum-preflight/r46-source/R-4.6.0/src/include  -I/opt/homebrew/include -I/private/tmp/dta-direct-stage5-minimum-preflight/r46-source/R-4.6.0/src/nmath -DHAVE_CONFIG_H    -fPIC  -g -O2  -c /private/tmp/dta-direct-stage5-minimum-preflight/r46-source/R-4.6.0/src/main/agrep.c -o agrep.o
gcc -std=gnu23 -I/private/tmp/dta-direct-stage5-minimum-preflight/r46-source/R-4.6.0/src/extra  -I. -I../../src/include -I/private/tmp/dta-direct-stage5-minimum-preflight/r46-source/R-4.6.0/src/include  -I/opt/homebrew/include -I/private/tmp/dta-direct-stage5-minimum-preflight/r46-source/R-4.6.0/src/nmath -DHAVE_CONFIG_H    -fPIC  -g -O2  -c /private/tmp/dta-direct-stage5-minimum-preflight/r46-source/R-4.6.0/src/main/altclasses.c -o altclasses.o
gcc -std=gnu23 -I/private/tmp/dta-direct-stage5-minimum-preflight/r46-source/R-4.6.0/src/extra  -I. -I../../src/include -I/private/tmp/dta-direct-stage5-minimum-preflight/r46-source/R-4.6.0/src/include  -I/opt/homebrew/include -I/private/tmp/dta-direct-stage5-minimum-preflight/r46-source/R-4.6.0/src/nmath -DHAVE_CONFIG_H    -fPIC  -g -O2  -c /private/tmp/dta-direct-stage5-minimum-preflight/r46-source/R-4.6.0/src/main/altrep.c -o altrep.o
gcc -std=gnu23 -I/private/tmp/dta-direct-stage5-minimum-preflight/r46-source/R-4.6.0/src/extra  -I. -I../../src/include -I/private/tmp/dta-direct-stage5-minimum-preflight/r46-source/R-4.6.0/src/include  -I/opt/homebrew/include -I/private/tmp/dta-direct-stage5-minimum-preflight/r46-source/R-4.6.0/src/nmath -DHAVE_CONFIG_H    -fPIC  -g -O2  -c /private/tmp/dta-direct-stage5-minimum-preflight/r46-source/R-4.6.0/src/main/apply.c -o apply.o
gcc -std=gnu23 -I/private/tmp/dta-direct-stage5-minimum-preflight/r46-source/R-4.6.0/src/extra  -I. -I../../src/include -I/private/tmp/dta-direct-stage5-minimum-preflight/r46-source/R-4.6.0/src/include  -I/opt/homebrew/include -I/private/tmp/dta-direct-stage5-minimum-preflight/r46-source/R-4.6.0/src/nmath -DHAVE_CONFIG_H    -fPIC  -g -O2  -c /private/tmp/dta-direct-stage5-minimum-preflight/r46-source/R-4.6.0/src/main/arithmetic.c -o arithmetic.o
gcc -std=gnu23 -I/private/tmp/dta-direct-stage5-minimum-preflight/r46-source/R-4.6.0/src/extra  -I. -I../../src/include -I/private/tmp/dta-direct-stage5-minimum-preflight/r46-source/R-4.6.0/src/include  -I/opt/homebrew/include -I/private/tmp/dta-direct-stage5-minimum-preflight/r46-source/R-4.6.0/src/nmath -DHAVE_CONFIG_H    -fPIC  -g -O2  -c /private/tmp/dta-direct-stage5-minimum-preflight/r46-source/R-4.6.0/src/main/array.c -o array.o
gcc -std=gnu23 -I/private/tmp/dta-direct-stage5-minimum-preflight/r46-source/R-4.6.0/src/extra  -I. -I../../src/include -I/private/tmp/dta-direct-stage5-minimum-preflight/r46-source/R-4.6.0/src/include  -I/opt/homebrew/include -I/private/tmp/dta-direct-stage5-minimum-preflight/r46-source/R-4.6.0/src/nmath -DHAVE_CONFIG_H    -fPIC  -g -O2  -c /private/tmp/dta-direct-stage5-minimum-preflight/r46-source/R-4.6.0/src/main/attrib.c -o attrib.o
gcc -std=gnu23 -I/private/tmp/dta-direct-stage5-minimum-preflight/r46-source/R-4.6.0/src/extra  -I. -I../../src/include -I/private/tmp/dta-direct-stage5-minimum-preflight/r46-source/R-4.6.0/src/include  -I/opt/homebrew/include -I/private/tmp/dta-direct-stage5-minimum-preflight/r46-source/R-4.6.0/src/nmath -DHAVE_CONFIG_H    -fPIC  -g -O2  -c /private/tmp/dta-direct-stage5-minimum-preflight/r46-source/R-4.6.0/src/main/bind.c -o bind.o
gcc -std=gnu23 -I/private/tmp/dta-direct-stage5-minimum-preflight/r46-source/R-4.6.0/src/extra  -I. -I../../src/include -I/private/tmp/dta-direct-stage5-minimum-preflight/r46-source/R-4.6.0/src/include  -I/opt/homebrew/include -I/private/tmp/dta-direct-stage5-minimum-preflight/r46-source/R-4.6.0/src/nmath -DHAVE_CONFIG_H    -fPIC  -g -O2  -c /private/tmp/dta-direct-stage5-minimum-preflight/r46-source/R-4.6.0/src/main/builtin.c -o builtin.o
gcc -std=gnu23 -I/private/tmp/dta-direct-stage5-minimum-preflight/r46-source/R-4.6.0/src/extra  -I. -I../../src/include -I/private/tmp/dta-direct-stage5-minimum-preflight/r46-source/R-4.6.0/src/include  -I/opt/homebrew/include -I/private/tmp/dta-direct-stage5-minimum-preflight/r46-source/R-4.6.0/src/nmath -DHAVE_CONFIG_H    -fPIC  -g -O2  -c /private/tmp/dta-direct-stage5-minimum-preflight/r46-source/R-4.6.0/src/main/character.c -o character.o
gcc -std=gnu23 -I/private/tmp/dta-direct-stage5-minimum-preflight/r46-source/R-4.6.0/src/extra  -I. -I../../src/include -I/private/tmp/dta-direct-stage5-minimum-preflight/r46-source/R-4.6.0/src/include  -I/opt/homebrew/include -I/private/tmp/dta-direct-stage5-minimum-preflight/r46-source/R-4.6.0/src/nmath -DHAVE_CONFIG_H    -fPIC  -g -O2  -c /private/tmp/dta-direct-stage5-minimum-preflight/r46-source/R-4.6.0/src/main/clippath.c -o clippath.o
gcc -std=gnu23 -I/private/tmp/dta-direct-stage5-minimum-preflight/r46-source/R-4.6.0/src/extra  -I. -I../../src/include -I/private/tmp/dta-direct-stage5-minimum-preflight/r46-source/R-4.6.0/src/include  -I/opt/homebrew/include -I/private/tmp/dta-direct-stage5-minimum-preflight/r46-source/R-4.6.0/src/nmath -DHAVE_CONFIG_H    -fPIC  -g -O2  -c /private/tmp/dta-direct-stage5-minimum-preflight/r46-source/R-4.6.0/src/main/coerce.c -o coerce.o
gcc -std=gnu23 -I/private/tmp/dta-direct-stage5-minimum-preflight/r46-source/R-4.6.0/src/extra  -I. -I../../src/include -I/private/tmp/dta-direct-stage5-minimum-preflight/r46-source/R-4.6.0/src/include  -I/opt/homebrew/include -I/private/tmp/dta-direct-stage5-minimum-preflight/r46-source/R-4.6.0/src/nmath -DHAVE_CONFIG_H    -fPIC  -g -O2  -c /private/tmp/dta-direct-stage5-minimum-preflight/r46-source/R-4.6.0/src/main/colors.c -o colors.o
gcc -std=gnu23 -I/private/tmp/dta-direct-stage5-minimum-preflight/r46-source/R-4.6.0/src/extra  -I. -I../../src/include -I/private/tmp/dta-direct-stage5-minimum-preflight/r46-source/R-4.6.0/src/include  -I/opt/homebrew/include -I/private/tmp/dta-direct-stage5-minimum-preflight/r46-source/R-4.6.0/src/nmath -DHAVE_CONFIG_H    -fPIC  -g -O2  -c /private/tmp/dta-direct-stage5-minimum-preflight/r46-source/R-4.6.0/src/main/complex.c -o complex.o
gcc -std=gnu23 -I/private/tmp/dta-direct-stage5-minimum-preflight/r46-source/R-4.6.0/src/extra  -I. -I../../src/include -I/private/tmp/dta-direct-stage5-minimum-preflight/r46-source/R-4.6.0/src/include  -I/opt/homebrew/include -I/private/tmp/dta-direct-stage5-minimum-preflight/r46-source/R-4.6.0/src/nmath -DHAVE_CONFIG_H    -fPIC  -g -O2  -c /private/tmp/dta-direct-stage5-minimum-preflight/r46-source/R-4.6.0/src/main/connections.c -o connections.o
gcc -std=gnu23 -I/private/tmp/dta-direct-stage5-minimum-preflight/r46-source/R-4.6.0/src/extra  -I. -I../../src/include -I/private/tmp/dta-direct-stage5-minimum-preflight/r46-source/R-4.6.0/src/include  -I/opt/homebrew/include -I/private/tmp/dta-direct-stage5-minimum-preflight/r46-source/R-4.6.0/src/nmath -DHAVE_CONFIG_H    -fPIC  -g -O2  -c /private/tmp/dta-direct-stage5-minimum-preflight/r46-source/R-4.6.0/src/main/context.c -o context.o
gcc -std=gnu23 -I/private/tmp/dta-direct-stage5-minimum-preflight/r46-source/R-4.6.0/src/extra  -I. -I../../src/include -I/private/tmp/dta-direct-stage5-minimum-preflight/r46-source/R-4.6.0/src/include  -I/opt/homebrew/include -I/private/tmp/dta-direct-stage5-minimum-preflight/r46-source/R-4.6.0/src/nmath -DHAVE_CONFIG_H    -fPIC  -g -O2  -c /private/tmp/dta-direct-stage5-minimum-preflight/r46-source/R-4.6.0/src/main/cum.c -o cum.o
gcc -std=gnu23 -I/private/tmp/dta-direct-stage5-minimum-preflight/r46-source/R-4.6.0/src/extra  -I. -I../../src/include -I/private/tmp/dta-direct-stage5-minimum-preflight/r46-source/R-4.6.0/src/include  -I/opt/homebrew/include -I/private/tmp/dta-direct-stage5-minimum-preflight/r46-source/R-4.6.0/src/nmath -DHAVE_CONFIG_H    -fPIC  -g -O2  -c /private/tmp/dta-direct-stage5-minimum-preflight/r46-source/R-4.6.0/src/main/dcf.c -o dcf.o
gcc -std=gnu23 -I/private/tmp/dta-direct-stage5-minimum-preflight/r46-source/R-4.6.0/src/extra  -I. -I../../src/include -I/private/tmp/dta-direct-stage5-minimum-preflight/r46-source/R-4.6.0/src/include  -I/opt/homebrew/include -I/private/tmp/dta-direct-stage5-minimum-preflight/r46-source/R-4.6.0/src/nmath -DHAVE_CONFIG_H    -fPIC  -g -O2  -c /private/tmp/dta-direct-stage5-minimum-preflight/r46-source/R-4.6.0/src/main/datetime.c -o datetime.o
gcc -std=gnu23 -I/private/tmp/dta-direct-stage5-minimum-preflight/r46-source/R-4.6.0/src/extra  -I. -I../../src/include -I/private/tmp/dta-direct-stage5-minimum-preflight/r46-source/R-4.6.0/src/include  -I/opt/homebrew/include -I/private/tmp/dta-direct-stage5-minimum-preflight/r46-source/R-4.6.0/src/nmath -DHAVE_CONFIG_H    -fPIC  -g -O2  -c /private/tmp/dta-direct-stage5-minimum-preflight/r46-source/R-4.6.0/src/main/debug.c -o debug.o
gcc -std=gnu23 -I/private/tmp/dta-direct-stage5-minimum-preflight/r46-source/R-4.6.0/src/extra  -I. -I../../src/include -I/private/tmp/dta-direct-stage5-minimum-preflight/r46-source/R-4.6.0/src/include  -I/opt/homebrew/include -I/private/tmp/dta-direct-stage5-minimum-preflight/r46-source/R-4.6.0/src/nmath -DHAVE_CONFIG_H    -fPIC  -g -O2  -c /private/tmp/dta-direct-stage5-minimum-preflight/r46-source/R-4.6.0/src/main/deparse.c -o deparse.o
gcc -std=gnu23 -I/private/tmp/dta-direct-stage5-minimum-preflight/r46-source/R-4.6.0/src/extra  -I. -I../../src/include -I/private/tmp/dta-direct-stage5-minimum-preflight/r46-source/R-4.6.0/src/include  -I/opt/homebrew/include -I/private/tmp/dta-direct-stage5-minimum-preflight/r46-source/R-4.6.0/src/nmath -DHAVE_CONFIG_H    -fPIC  -g -O2  -c /private/tmp/dta-direct-stage5-minimum-preflight/r46-source/R-4.6.0/src/main/devices.c -o devices.o
gcc -std=gnu23 -I/private/tmp/dta-direct-stage5-minimum-preflight/r46-source/R-4.6.0/src/extra  -I. -I../../src/include -I/private/tmp/dta-direct-stage5-minimum-preflight/r46-source/R-4.6.0/src/include  -I/opt/homebrew/include -I/private/tmp/dta-direct-stage5-minimum-preflight/r46-source/R-4.6.0/src/nmath -DHAVE_CONFIG_H    -fPIC  -g -O2  -c /private/tmp/dta-direct-stage5-minimum-preflight/r46-source/R-4.6.0/src/main/dotcode.c -o dotcode.o
gcc -std=gnu23 -I/private/tmp/dta-direct-stage5-minimum-preflight/r46-source/R-4.6.0/src/extra  -I. -I../../src/include -I/private/tmp/dta-direct-stage5-minimum-preflight/r46-source/R-4.6.0/src/include  -I/opt/homebrew/include -I/private/tmp/dta-direct-stage5-minimum-preflight/r46-source/R-4.6.0/src/nmath -DHAVE_CONFIG_H    -fPIC  -g -O2  -c /private/tmp/dta-direct-stage5-minimum-preflight/r46-source/R-4.6.0/src/main/dounzip.c -o dounzip.o
gcc -std=gnu23 -I/private/tmp/dta-direct-stage5-minimum-preflight/r46-source/R-4.6.0/src/extra  -I. -I../../src/include -I/private/tmp/dta-direct-stage5-minimum-preflight/r46-source/R-4.6.0/src/include  -I/opt/homebrew/include -I/private/tmp/dta-direct-stage5-minimum-preflight/r46-source/R-4.6.0/src/nmath -DHAVE_CONFIG_H    -fPIC  -g -O2  -c /private/tmp/dta-direct-stage5-minimum-preflight/r46-source/R-4.6.0/src/main/dstruct.c -o dstruct.o
gcc -std=gnu23 -I/private/tmp/dta-direct-stage5-minimum-preflight/r46-source/R-4.6.0/src/extra  -I. -I../../src/include -I/private/tmp/dta-direct-stage5-minimum-preflight/r46-source/R-4.6.0/src/include  -I/opt/homebrew/include -I/private/tmp/dta-direct-stage5-minimum-preflight/r46-source/R-4.6.0/src/nmath -DHAVE_CONFIG_H    -fPIC  -g -O2  -c /private/tmp/dta-direct-stage5-minimum-preflight/r46-source/R-4.6.0/src/main/duplicate.c -o duplicate.o
gcc -std=gnu23 -I/private/tmp/dta-direct-stage5-minimum-preflight/r46-source/R-4.6.0/src/extra  -I. -I../../src/include -I/private/tmp/dta-direct-stage5-minimum-preflight/r46-source/R-4.6.0/src/include  -I/opt/homebrew/include -I/private/tmp/dta-direct-stage5-minimum-preflight/r46-source/R-4.6.0/src/nmath -DHAVE_CONFIG_H    -fPIC  -g -O2  -c /private/tmp/dta-direct-stage5-minimum-preflight/r46-source/R-4.6.0/src/main/edit.c -o edit.o
gcc -std=gnu23 -I/private/tmp/dta-direct-stage5-minimum-preflight/r46-source/R-4.6.0/src/extra  -I. -I../../src/include -I/private/tmp/dta-direct-stage5-minimum-preflight/r46-source/R-4.6.0/src/include  -I/opt/homebrew/include -I/private/tmp/dta-direct-stage5-minimum-preflight/r46-source/R-4.6.0/src/nmath -DHAVE_CONFIG_H    -fPIC  -g -O2  -c /private/tmp/dta-direct-stage5-minimum-preflight/r46-source/R-4.6.0/src/main/engine.c -o engine.o
gcc -std=gnu23 -I/private/tmp/dta-direct-stage5-minimum-preflight/r46-source/R-4.6.0/src/extra  -I. -I../../src/include -I/private/tmp/dta-direct-stage5-minimum-preflight/r46-source/R-4.6.0/src/include  -I/opt/homebrew/include -I/private/tmp/dta-direct-stage5-minimum-preflight/r46-source/R-4.6.0/src/nmath -DHAVE_CONFIG_H    -fPIC  -g -O2  -c /private/tmp/dta-direct-stage5-minimum-preflight/r46-source/R-4.6.0/src/main/envir.c -o envir.o
gcc -std=gnu23 -I/private/tmp/dta-direct-stage5-minimum-preflight/r46-source/R-4.6.0/src/extra  -I. -I../../src/include -I/private/tmp/dta-direct-stage5-minimum-preflight/r46-source/R-4.6.0/src/include  -I/opt/homebrew/include -I/private/tmp/dta-direct-stage5-minimum-preflight/r46-source/R-4.6.0/src/nmath -DHAVE_CONFIG_H    -fPIC  -g -O2  -c /private/tmp/dta-direct-stage5-minimum-preflight/r46-source/R-4.6.0/src/main/errors.c -o errors.o
gcc -std=gnu23 -I/private/tmp/dta-direct-stage5-minimum-preflight/r46-source/R-4.6.0/src/extra  -I. -I../../src/include -I/private/tmp/dta-direct-stage5-minimum-preflight/r46-source/R-4.6.0/src/include  -I/opt/homebrew/include -I/private/tmp/dta-direct-stage5-minimum-preflight/r46-source/R-4.6.0/src/nmath -DHAVE_CONFIG_H    -fPIC  -g -O2  -c /private/tmp/dta-direct-stage5-minimum-preflight/r46-source/R-4.6.0/src/main/eval.c -o eval.o
gcc -std=gnu23 -I/private/tmp/dta-direct-stage5-minimum-preflight/r46-source/R-4.6.0/src/extra  -I. -I../../src/include -I/private/tmp/dta-direct-stage5-minimum-preflight/r46-source/R-4.6.0/src/include  -I/opt/homebrew/include -I/private/tmp/dta-direct-stage5-minimum-preflight/r46-source/R-4.6.0/src/nmath -DHAVE_CONFIG_H    -fPIC  -g -O2  -c /private/tmp/dta-direct-stage5-minimum-preflight/r46-source/R-4.6.0/src/main/flexiblas.c -o flexiblas.o
gcc -std=gnu23 -I/private/tmp/dta-direct-stage5-minimum-preflight/r46-source/R-4.6.0/src/extra  -I. -I../../src/include -I/private/tmp/dta-direct-stage5-minimum-preflight/r46-source/R-4.6.0/src/include  -I/opt/homebrew/include -I/private/tmp/dta-direct-stage5-minimum-preflight/r46-source/R-4.6.0/src/nmath -DHAVE_CONFIG_H    -fPIC  -g -O2  -c /private/tmp/dta-direct-stage5-minimum-preflight/r46-source/R-4.6.0/src/main/format.c -o format.o
gcc -std=gnu23 -I/private/tmp/dta-direct-stage5-minimum-preflight/r46-source/R-4.6.0/src/extra  -I. -I../../src/include -I/private/tmp/dta-direct-stage5-minimum-preflight/r46-source/R-4.6.0/src/include  -I/opt/homebrew/include -I/private/tmp/dta-direct-stage5-minimum-preflight/r46-source/R-4.6.0/src/nmath -DHAVE_CONFIG_H    -fPIC  -g -O2  -c /private/tmp/dta-direct-stage5-minimum-preflight/r46-source/R-4.6.0/src/main/gevents.c -o gevents.o
gcc -std=gnu23 -I/private/tmp/dta-direct-stage5-minimum-preflight/r46-source/R-4.6.0/src/extra  -I. -I../../src/include -I/private/tmp/dta-direct-stage5-minimum-preflight/r46-source/R-4.6.0/src/include  -I/opt/homebrew/include -I/private/tmp/dta-direct-stage5-minimum-preflight/r46-source/R-4.6.0/src/nmath -DHAVE_CONFIG_H    -fPIC  -g -O2  -c /private/tmp/dta-direct-stage5-minimum-preflight/r46-source/R-4.6.0/src/main/gram.c -o gram.o
gcc -std=gnu23 -I/private/tmp/dta-direct-stage5-minimum-preflight/r46-source/R-4.6.0/src/extra  -I. -I../../src/include -I/private/tmp/dta-direct-stage5-minimum-preflight/r46-source/R-4.6.0/src/include  -I/opt/homebrew/include -I/private/tmp/dta-direct-stage5-minimum-preflight/r46-source/R-4.6.0/src/nmath -DHAVE_CONFIG_H    -fPIC  -g -O2  -c /private/tmp/dta-direct-stage5-minimum-preflight/r46-source/R-4.6.0/src/main/gram-ex.c -o gram-ex.o
gcc -std=gnu23 -I/private/tmp/dta-direct-stage5-minimum-preflight/r46-source/R-4.6.0/src/extra  -I. -I../../src/include -I/private/tmp/dta-direct-stage5-minimum-preflight/r46-source/R-4.6.0/src/include  -I/opt/homebrew/include -I/private/tmp/dta-direct-stage5-minimum-preflight/r46-source/R-4.6.0/src/nmath -DHAVE_CONFIG_H    -fPIC  -g -O2  -c /private/tmp/dta-direct-stage5-minimum-preflight/r46-source/R-4.6.0/src/main/graphics.c -o graphics.o
gcc -std=gnu23 -I/private/tmp/dta-direct-stage5-minimum-preflight/r46-source/R-4.6.0/src/extra  -I. -I../../src/include -I/private/tmp/dta-direct-stage5-minimum-preflight/r46-source/R-4.6.0/src/include  -I/opt/homebrew/include -I/private/tmp/dta-direct-stage5-minimum-preflight/r46-source/R-4.6.0/src/nmath -DHAVE_CONFIG_H    -fPIC  -g -O2  -c /private/tmp/dta-direct-stage5-minimum-preflight/r46-source/R-4.6.0/src/main/grep.c -o grep.o
gcc -std=gnu23 -I/private/tmp/dta-direct-stage5-minimum-preflight/r46-source/R-4.6.0/src/extra  -I. -I../../src/include -I/private/tmp/dta-direct-stage5-minimum-preflight/r46-source/R-4.6.0/src/include  -I/opt/homebrew/include -I/private/tmp/dta-direct-stage5-minimum-preflight/r46-source/R-4.6.0/src/nmath -DHAVE_CONFIG_H    -fPIC  -g -O2  -c /private/tmp/dta-direct-stage5-minimum-preflight/r46-source/R-4.6.0/src/main/identical.c -o identical.o
gcc -std=gnu23 -I/private/tmp/dta-direct-stage5-minimum-preflight/r46-source/R-4.6.0/src/extra  -I. -I../../src/include -I/private/tmp/dta-direct-stage5-minimum-preflight/r46-source/R-4.6.0/src/include  -I/opt/homebrew/include -I/private/tmp/dta-direct-stage5-minimum-preflight/r46-source/R-4.6.0/src/nmath -DHAVE_CONFIG_H    -fPIC  -g -O2  -c /private/tmp/dta-direct-stage5-minimum-preflight/r46-source/R-4.6.0/src/main/inlined.c -o inlined.o
gcc -std=gnu23 -I/private/tmp/dta-direct-stage5-minimum-preflight/r46-source/R-4.6.0/src/extra  -I. -I../../src/include -I/private/tmp/dta-direct-stage5-minimum-preflight/r46-source/R-4.6.0/src/include  -I/opt/homebrew/include -I/private/tmp/dta-direct-stage5-minimum-preflight/r46-source/R-4.6.0/src/nmath -DHAVE_CONFIG_H    -fPIC  -g -O2  -c /private/tmp/dta-direct-stage5-minimum-preflight/r46-source/R-4.6.0/src/main/inspect.c -o inspect.o
gcc -std=gnu23 -I/private/tmp/dta-direct-stage5-minimum-preflight/r46-source/R-4.6.0/src/extra  -I. -I../../src/include -I/private/tmp/dta-direct-stage5-minimum-preflight/r46-source/R-4.6.0/src/include  -I/opt/homebrew/include -I/private/tmp/dta-direct-stage5-minimum-preflight/r46-source/R-4.6.0/src/nmath -DHAVE_CONFIG_H    -fPIC  -g -O2  -c /private/tmp/dta-direct-stage5-minimum-preflight/r46-source/R-4.6.0/src/main/internet.c -o internet.o
gcc -std=gnu23 -I/private/tmp/dta-direct-stage5-minimum-preflight/r46-source/R-4.6.0/src/extra  -I. -I../../src/include -I/private/tmp/dta-direct-stage5-minimum-preflight/r46-source/R-4.6.0/src/include  -I/opt/homebrew/include -I/private/tmp/dta-direct-stage5-minimum-preflight/r46-source/R-4.6.0/src/nmath -DHAVE_CONFIG_H    -fPIC  -g -O2  -c /private/tmp/dta-direct-stage5-minimum-preflight/r46-source/R-4.6.0/src/main/iosupport.c -o iosupport.o
gcc -std=gnu23 -I/private/tmp/dta-direct-stage5-minimum-preflight/r46-source/R-4.6.0/src/extra  -I. -I../../src/include -I/private/tmp/dta-direct-stage5-minimum-preflight/r46-source/R-4.6.0/src/include  -I/opt/homebrew/include -I/private/tmp/dta-direct-stage5-minimum-preflight/r46-source/R-4.6.0/src/nmath -DHAVE_CONFIG_H    -fPIC  -g -O2  -c /private/tmp/dta-direct-stage5-minimum-preflight/r46-source/R-4.6.0/src/main/lapack.c -o lapack.o
gcc -std=gnu23 -I/private/tmp/dta-direct-stage5-minimum-preflight/r46-source/R-4.6.0/src/extra  -I. -I../../src/include -I/private/tmp/dta-direct-stage5-minimum-preflight/r46-source/R-4.6.0/src/include  -I/opt/homebrew/include -I/private/tmp/dta-direct-stage5-minimum-preflight/r46-source/R-4.6.0/src/nmath -DHAVE_CONFIG_H    -fPIC  -g -O2  -c /private/tmp/dta-direct-stage5-minimum-preflight/r46-source/R-4.6.0/src/main/list.c -o list.o
gcc -std=gnu23 -I/private/tmp/dta-direct-stage5-minimum-preflight/r46-source/R-4.6.0/src/extra  -I. -I../../src/include -I/private/tmp/dta-direct-stage5-minimum-preflight/r46-source/R-4.6.0/src/include  -I/opt/homebrew/include -I/private/tmp/dta-direct-stage5-minimum-preflight/r46-source/R-4.6.0/src/nmath -DHAVE_CONFIG_H    -fPIC  -g -O2  -c /private/tmp/dta-direct-stage5-minimum-preflight/r46-source/R-4.6.0/src/main/localecharset.c -o localecharset.o
gcc -std=gnu23 -I/private/tmp/dta-direct-stage5-minimum-preflight/r46-source/R-4.6.0/src/extra  -I. -I../../src/include -I/private/tmp/dta-direct-stage5-minimum-preflight/r46-source/R-4.6.0/src/include  -I/opt/homebrew/include -I/private/tmp/dta-direct-stage5-minimum-preflight/r46-source/R-4.6.0/src/nmath -DHAVE_CONFIG_H    -fPIC  -g -O2  -c /private/tmp/dta-direct-stage5-minimum-preflight/r46-source/R-4.6.0/src/main/logic.c -o logic.o
gcc -std=gnu23 -I/private/tmp/dta-direct-stage5-minimum-preflight/r46-source/R-4.6.0/src/extra  -I. -I../../src/include -I/private/tmp/dta-direct-stage5-minimum-preflight/r46-source/R-4.6.0/src/include  -I/opt/homebrew/include -I/private/tmp/dta-direct-stage5-minimum-preflight/r46-source/R-4.6.0/src/nmath -DHAVE_CONFIG_H    -fPIC  -g -O2  -c /private/tmp/dta-direct-stage5-minimum-preflight/r46-source/R-4.6.0/src/main/machine.c -o machine.o
gcc -std=gnu23 -I/private/tmp/dta-direct-stage5-minimum-preflight/r46-source/R-4.6.0/src/extra  -I. -I../../src/include -I/private/tmp/dta-direct-stage5-minimum-preflight/r46-source/R-4.6.0/src/include  -I/opt/homebrew/include -I/private/tmp/dta-direct-stage5-minimum-preflight/r46-source/R-4.6.0/src/nmath -DHAVE_CONFIG_H    -fPIC  -g -O2  -c /private/tmp/dta-direct-stage5-minimum-preflight/r46-source/R-4.6.0/src/main/main.c -o main.o
gcc -std=gnu23 -I/private/tmp/dta-direct-stage5-minimum-preflight/r46-source/R-4.6.0/src/extra  -I. -I../../src/include -I/private/tmp/dta-direct-stage5-minimum-preflight/r46-source/R-4.6.0/src/include  -I/opt/homebrew/include -I/private/tmp/dta-direct-stage5-minimum-preflight/r46-source/R-4.6.0/src/nmath -DHAVE_CONFIG_H    -fPIC  -g -O2  -c /private/tmp/dta-direct-stage5-minimum-preflight/r46-source/R-4.6.0/src/main/mapply.c -o mapply.o
gcc -std=gnu23 -I/private/tmp/dta-direct-stage5-minimum-preflight/r46-source/R-4.6.0/src/extra  -I. -I../../src/include -I/private/tmp/dta-direct-stage5-minimum-preflight/r46-source/R-4.6.0/src/include  -I/opt/homebrew/include -I/private/tmp/dta-direct-stage5-minimum-preflight/r46-source/R-4.6.0/src/nmath -DHAVE_CONFIG_H    -fPIC  -g -O2  -c /private/tmp/dta-direct-stage5-minimum-preflight/r46-source/R-4.6.0/src/main/mask.c -o mask.o
gcc -std=gnu23 -I/private/tmp/dta-direct-stage5-minimum-preflight/r46-source/R-4.6.0/src/extra  -I. -I../../src/include -I/private/tmp/dta-direct-stage5-minimum-preflight/r46-source/R-4.6.0/src/include  -I/opt/homebrew/include -I/private/tmp/dta-direct-stage5-minimum-preflight/r46-source/R-4.6.0/src/nmath -DHAVE_CONFIG_H    -fPIC  -g -O2  -c /private/tmp/dta-direct-stage5-minimum-preflight/r46-source/R-4.6.0/src/main/match.c -o match.o
gcc -std=gnu23 -I/private/tmp/dta-direct-stage5-minimum-preflight/r46-source/R-4.6.0/src/extra  -I. -I../../src/include -I/private/tmp/dta-direct-stage5-minimum-preflight/r46-source/R-4.6.0/src/include  -I/opt/homebrew/include -I/private/tmp/dta-direct-stage5-minimum-preflight/r46-source/R-4.6.0/src/nmath -DHAVE_CONFIG_H    -fPIC  -g -O2  -c /private/tmp/dta-direct-stage5-minimum-preflight/r46-source/R-4.6.0/src/main/memory.c -o memory.o
gcc -std=gnu23 -I/private/tmp/dta-direct-stage5-minimum-preflight/r46-source/R-4.6.0/src/extra  -I. -I../../src/include -I/private/tmp/dta-direct-stage5-minimum-preflight/r46-source/R-4.6.0/src/include  -I/opt/homebrew/include -I/private/tmp/dta-direct-stage5-minimum-preflight/r46-source/R-4.6.0/src/nmath -DHAVE_CONFIG_H    -fPIC  -g -O2  -c /private/tmp/dta-direct-stage5-minimum-preflight/r46-source/R-4.6.0/src/main/names.c -o names.o
gcc -std=gnu23 -I/private/tmp/dta-direct-stage5-minimum-preflight/r46-source/R-4.6.0/src/extra  -I. -I../../src/include -I/private/tmp/dta-direct-stage5-minimum-preflight/r46-source/R-4.6.0/src/include  -I/opt/homebrew/include -I/private/tmp/dta-direct-stage5-minimum-preflight/r46-source/R-4.6.0/src/nmath -DHAVE_CONFIG_H    -fPIC  -g -O2  -c /private/tmp/dta-direct-stage5-minimum-preflight/r46-source/R-4.6.0/src/main/objects.c -o objects.o
gcc -std=gnu23 -I/private/tmp/dta-direct-stage5-minimum-preflight/r46-source/R-4.6.0/src/extra  -I. -I../../src/include -I/private/tmp/dta-direct-stage5-minimum-preflight/r46-source/R-4.6.0/src/include  -I/opt/homebrew/include -I/private/tmp/dta-direct-stage5-minimum-preflight/r46-source/R-4.6.0/src/nmath -DHAVE_CONFIG_H    -fPIC  -g -O2  -c /private/tmp/dta-direct-stage5-minimum-preflight/r46-source/R-4.6.0/src/main/options.c -o options.o
gcc -std=gnu23 -I/private/tmp/dta-direct-stage5-minimum-preflight/r46-source/R-4.6.0/src/extra  -I. -I../../src/include -I/private/tmp/dta-direct-stage5-minimum-preflight/r46-source/R-4.6.0/src/include  -I/opt/homebrew/include -I/private/tmp/dta-direct-stage5-minimum-preflight/r46-source/R-4.6.0/src/nmath -DHAVE_CONFIG_H    -fPIC  -g -O2  -c /private/tmp/dta-direct-stage5-minimum-preflight/r46-source/R-4.6.0/src/main/paste.c -o paste.o
gcc -std=gnu23 -I/private/tmp/dta-direct-stage5-minimum-preflight/r46-source/R-4.6.0/src/extra  -I. -I../../src/include -I/private/tmp/dta-direct-stage5-minimum-preflight/r46-source/R-4.6.0/src/include  -I/opt/homebrew/include -I/private/tmp/dta-direct-stage5-minimum-preflight/r46-source/R-4.6.0/src/nmath -DHAVE_CONFIG_H    -fPIC  -g -O2  -c /private/tmp/dta-direct-stage5-minimum-preflight/r46-source/R-4.6.0/src/main/patterns.c -o patterns.o
gcc -std=gnu23 -I/private/tmp/dta-direct-stage5-minimum-preflight/r46-source/R-4.6.0/src/extra  -I. -I../../src/include -I/private/tmp/dta-direct-stage5-minimum-preflight/r46-source/R-4.6.0/src/include  -I/opt/homebrew/include -I/private/tmp/dta-direct-stage5-minimum-preflight/r46-source/R-4.6.0/src/nmath -DHAVE_CONFIG_H    -fPIC  -g -O2  -c /private/tmp/dta-direct-stage5-minimum-preflight/r46-source/R-4.6.0/src/main/platform.c -o platform.o
gcc -std=gnu23 -I/private/tmp/dta-direct-stage5-minimum-preflight/r46-source/R-4.6.0/src/extra  -I. -I../../src/include -I/private/tmp/dta-direct-stage5-minimum-preflight/r46-source/R-4.6.0/src/include  -I/opt/homebrew/include -I/private/tmp/dta-direct-stage5-minimum-preflight/r46-source/R-4.6.0/src/nmath -DHAVE_CONFIG_H    -fPIC  -g -O2  -c /private/tmp/dta-direct-stage5-minimum-preflight/r46-source/R-4.6.0/src/main/plot.c -o plot.o
gcc -std=gnu23 -I/private/tmp/dta-direct-stage5-minimum-preflight/r46-source/R-4.6.0/src/extra  -I. -I../../src/include -I/private/tmp/dta-direct-stage5-minimum-preflight/r46-source/R-4.6.0/src/include  -I/opt/homebrew/include -I/private/tmp/dta-direct-stage5-minimum-preflight/r46-source/R-4.6.0/src/nmath -DHAVE_CONFIG_H    -fPIC  -g -O2  -c /private/tmp/dta-direct-stage5-minimum-preflight/r46-source/R-4.6.0/src/main/plot3d.c -o plot3d.o
gcc -std=gnu23 -I/private/tmp/dta-direct-stage5-minimum-preflight/r46-source/R-4.6.0/src/extra  -I. -I../../src/include -I/private/tmp/dta-direct-stage5-minimum-preflight/r46-source/R-4.6.0/src/include  -I/opt/homebrew/include -I/private/tmp/dta-direct-stage5-minimum-preflight/r46-source/R-4.6.0/src/nmath -DHAVE_CONFIG_H    -fPIC  -g -O2  -c /private/tmp/dta-direct-stage5-minimum-preflight/r46-source/R-4.6.0/src/main/plotmath.c -o plotmath.o
gcc -std=gnu23 -I/private/tmp/dta-direct-stage5-minimum-preflight/r46-source/R-4.6.0/src/extra  -I. -I../../src/include -I/private/tmp/dta-direct-stage5-minimum-preflight/r46-source/R-4.6.0/src/include  -I/opt/homebrew/include -I/private/tmp/dta-direct-stage5-minimum-preflight/r46-source/R-4.6.0/src/nmath -DHAVE_CONFIG_H    -fPIC  -g -O2  -c /private/tmp/dta-direct-stage5-minimum-preflight/r46-source/R-4.6.0/src/main/print.c -o print.o
gcc -std=gnu23 -I/private/tmp/dta-direct-stage5-minimum-preflight/r46-source/R-4.6.0/src/extra  -I. -I../../src/include -I/private/tmp/dta-direct-stage5-minimum-preflight/r46-source/R-4.6.0/src/include  -I/opt/homebrew/include -I/private/tmp/dta-direct-stage5-minimum-preflight/r46-source/R-4.6.0/src/nmath -DHAVE_CONFIG_H    -fPIC  -g -O2  -c /private/tmp/dta-direct-stage5-minimum-preflight/r46-source/R-4.6.0/src/main/printarray.c -o printarray.o
gcc -std=gnu23 -I/private/tmp/dta-direct-stage5-minimum-preflight/r46-source/R-4.6.0/src/extra  -I. -I../../src/include -I/private/tmp/dta-direct-stage5-minimum-preflight/r46-source/R-4.6.0/src/include  -I/opt/homebrew/include -I/private/tmp/dta-direct-stage5-minimum-preflight/r46-source/R-4.6.0/src/nmath -DHAVE_CONFIG_H    -fPIC  -g -O2  -c /private/tmp/dta-direct-stage5-minimum-preflight/r46-source/R-4.6.0/src/main/printvector.c -o printvector.o
gcc -std=gnu23 -I/private/tmp/dta-direct-stage5-minimum-preflight/r46-source/R-4.6.0/src/extra  -I. -I../../src/include -I/private/tmp/dta-direct-stage5-minimum-preflight/r46-source/R-4.6.0/src/include  -I/opt/homebrew/include -I/private/tmp/dta-direct-stage5-minimum-preflight/r46-source/R-4.6.0/src/nmath -DHAVE_CONFIG_H    -fPIC  -g -O2  -c /private/tmp/dta-direct-stage5-minimum-preflight/r46-source/R-4.6.0/src/main/printutils.c -o printutils.o
gcc -std=gnu23 -I/private/tmp/dta-direct-stage5-minimum-preflight/r46-source/R-4.6.0/src/extra  -I. -I../../src/include -I/private/tmp/dta-direct-stage5-minimum-preflight/r46-source/R-4.6.0/src/include  -I/opt/homebrew/include -I/private/tmp/dta-direct-stage5-minimum-preflight/r46-source/R-4.6.0/src/nmath -DHAVE_CONFIG_H    -fPIC  -g -O2  -c /private/tmp/dta-direct-stage5-minimum-preflight/r46-source/R-4.6.0/src/main/qsort.c -o qsort.o
gcc -std=gnu23 -I/private/tmp/dta-direct-stage5-minimum-preflight/r46-source/R-4.6.0/src/extra  -I. -I../../src/include -I/private/tmp/dta-direct-stage5-minimum-preflight/r46-source/R-4.6.0/src/include  -I/opt/homebrew/include -I/private/tmp/dta-direct-stage5-minimum-preflight/r46-source/R-4.6.0/src/nmath -DHAVE_CONFIG_H    -fPIC  -g -O2  -c /private/tmp/dta-direct-stage5-minimum-preflight/r46-source/R-4.6.0/src/main/radixsort.c -o radixsort.o
gcc -std=gnu23 -I/private/tmp/dta-direct-stage5-minimum-preflight/r46-source/R-4.6.0/src/extra  -I. -I../../src/include -I/private/tmp/dta-direct-stage5-minimum-preflight/r46-source/R-4.6.0/src/include  -I/opt/homebrew/include -I/private/tmp/dta-direct-stage5-minimum-preflight/r46-source/R-4.6.0/src/nmath -DHAVE_CONFIG_H    -fPIC  -g -O2  -c /private/tmp/dta-direct-stage5-minimum-preflight/r46-source/R-4.6.0/src/main/random.c -o random.o
gcc -std=gnu23 -I/private/tmp/dta-direct-stage5-minimum-preflight/r46-source/R-4.6.0/src/extra  -I. -I../../src/include -I/private/tmp/dta-direct-stage5-minimum-preflight/r46-source/R-4.6.0/src/include  -I/opt/homebrew/include -I/private/tmp/dta-direct-stage5-minimum-preflight/r46-source/R-4.6.0/src/nmath -DHAVE_CONFIG_H    -fPIC  -g -O2  -c /private/tmp/dta-direct-stage5-minimum-preflight/r46-source/R-4.6.0/src/main/raw.c -o raw.o
gcc -std=gnu23 -I/private/tmp/dta-direct-stage5-minimum-preflight/r46-source/R-4.6.0/src/extra  -I. -I../../src/include -I/private/tmp/dta-direct-stage5-minimum-preflight/r46-source/R-4.6.0/src/include  -I/opt/homebrew/include -I/private/tmp/dta-direct-stage5-minimum-preflight/r46-source/R-4.6.0/src/nmath -DHAVE_CONFIG_H    -fPIC  -g -O2  -c /private/tmp/dta-direct-stage5-minimum-preflight/r46-source/R-4.6.0/src/main/registration.c -o registration.o
gcc -std=gnu23 -I/private/tmp/dta-direct-stage5-minimum-preflight/r46-source/R-4.6.0/src/extra  -I. -I../../src/include -I/private/tmp/dta-direct-stage5-minimum-preflight/r46-source/R-4.6.0/src/include  -I/opt/homebrew/include -I/private/tmp/dta-direct-stage5-minimum-preflight/r46-source/R-4.6.0/src/nmath -DHAVE_CONFIG_H    -fPIC  -g -O2  -c /private/tmp/dta-direct-stage5-minimum-preflight/r46-source/R-4.6.0/src/main/relop.c -o relop.o
gcc -std=gnu23 -I/private/tmp/dta-direct-stage5-minimum-preflight/r46-source/R-4.6.0/src/extra  -I. -I../../src/include -I/private/tmp/dta-direct-stage5-minimum-preflight/r46-source/R-4.6.0/src/include  -I/opt/homebrew/include -I/private/tmp/dta-direct-stage5-minimum-preflight/r46-source/R-4.6.0/src/nmath -DHAVE_CONFIG_H    -fPIC  -g -O2  -c /private/tmp/dta-direct-stage5-minimum-preflight/r46-source/R-4.6.0/src/main/rlocale.c -o rlocale.o
gcc -std=gnu23 -I/private/tmp/dta-direct-stage5-minimum-preflight/r46-source/R-4.6.0/src/extra  -I. -I../../src/include -I/private/tmp/dta-direct-stage5-minimum-preflight/r46-source/R-4.6.0/src/include  -I/opt/homebrew/include -I/private/tmp/dta-direct-stage5-minimum-preflight/r46-source/R-4.6.0/src/nmath -DHAVE_CONFIG_H    -fPIC  -g -O2  -c /private/tmp/dta-direct-stage5-minimum-preflight/r46-source/R-4.6.0/src/main/saveload.c -o saveload.o
gcc -std=gnu23 -I/private/tmp/dta-direct-stage5-minimum-preflight/r46-source/R-4.6.0/src/extra  -I. -I../../src/include -I/private/tmp/dta-direct-stage5-minimum-preflight/r46-source/R-4.6.0/src/include  -I/opt/homebrew/include -I/private/tmp/dta-direct-stage5-minimum-preflight/r46-source/R-4.6.0/src/nmath -DHAVE_CONFIG_H    -fPIC  -g -O2  -c /private/tmp/dta-direct-stage5-minimum-preflight/r46-source/R-4.6.0/src/main/scan.c -o scan.o
gcc -std=gnu23 -I/private/tmp/dta-direct-stage5-minimum-preflight/r46-source/R-4.6.0/src/extra  -I. -I../../src/include -I/private/tmp/dta-direct-stage5-minimum-preflight/r46-source/R-4.6.0/src/include  -I/opt/homebrew/include -I/private/tmp/dta-direct-stage5-minimum-preflight/r46-source/R-4.6.0/src/nmath -DHAVE_CONFIG_H    -fPIC  -g -O2  -c /private/tmp/dta-direct-stage5-minimum-preflight/r46-source/R-4.6.0/src/main/seq.c -o seq.o
gcc -std=gnu23 -I/private/tmp/dta-direct-stage5-minimum-preflight/r46-source/R-4.6.0/src/extra  -I. -I../../src/include -I/private/tmp/dta-direct-stage5-minimum-preflight/r46-source/R-4.6.0/src/include  -I/opt/homebrew/include -I/private/tmp/dta-direct-stage5-minimum-preflight/r46-source/R-4.6.0/src/nmath -DHAVE_CONFIG_H    -fPIC  -g -O2  -c /private/tmp/dta-direct-stage5-minimum-preflight/r46-source/R-4.6.0/src/main/serialize.c -o serialize.o
gcc -std=gnu23 -I/private/tmp/dta-direct-stage5-minimum-preflight/r46-source/R-4.6.0/src/extra  -I. -I../../src/include -I/private/tmp/dta-direct-stage5-minimum-preflight/r46-source/R-4.6.0/src/include  -I/opt/homebrew/include -I/private/tmp/dta-direct-stage5-minimum-preflight/r46-source/R-4.6.0/src/nmath -DHAVE_CONFIG_H    -fPIC  -g -O2  -c /private/tmp/dta-direct-stage5-minimum-preflight/r46-source/R-4.6.0/src/main/sort.c -o sort.o
gcc -std=gnu23 -I/private/tmp/dta-direct-stage5-minimum-preflight/r46-source/R-4.6.0/src/extra  -I. -I../../src/include -I/private/tmp/dta-direct-stage5-minimum-preflight/r46-source/R-4.6.0/src/include  -I/opt/homebrew/include -I/private/tmp/dta-direct-stage5-minimum-preflight/r46-source/R-4.6.0/src/nmath -DHAVE_CONFIG_H    -fPIC  -g -O2  -c /private/tmp/dta-direct-stage5-minimum-preflight/r46-source/R-4.6.0/src/main/source.c -o source.o
gcc -std=gnu23 -I/private/tmp/dta-direct-stage5-minimum-preflight/r46-source/R-4.6.0/src/extra  -I. -I../../src/include -I/private/tmp/dta-direct-stage5-minimum-preflight/r46-source/R-4.6.0/src/include  -I/opt/homebrew/include -I/private/tmp/dta-direct-stage5-minimum-preflight/r46-source/R-4.6.0/src/nmath -DHAVE_CONFIG_H    -fPIC  -g -O2  -c /private/tmp/dta-direct-stage5-minimum-preflight/r46-source/R-4.6.0/src/main/split.c -o split.o
gcc -std=gnu23 -I/private/tmp/dta-direct-stage5-minimum-preflight/r46-source/R-4.6.0/src/extra  -I. -I../../src/include -I/private/tmp/dta-direct-stage5-minimum-preflight/r46-source/R-4.6.0/src/include  -I/opt/homebrew/include -I/private/tmp/dta-direct-stage5-minimum-preflight/r46-source/R-4.6.0/src/nmath -DHAVE_CONFIG_H    -fPIC  -g -O2  -c /private/tmp/dta-direct-stage5-minimum-preflight/r46-source/R-4.6.0/src/main/sprintf.c -o sprintf.o
gcc -std=gnu23 -I/private/tmp/dta-direct-stage5-minimum-preflight/r46-source/R-4.6.0/src/extra  -I. -I../../src/include -I/private/tmp/dta-direct-stage5-minimum-preflight/r46-source/R-4.6.0/src/include  -I/opt/homebrew/include -I/private/tmp/dta-direct-stage5-minimum-preflight/r46-source/R-4.6.0/src/nmath -DHAVE_CONFIG_H    -fPIC  -g -O2  -c /private/tmp/dta-direct-stage5-minimum-preflight/r46-source/R-4.6.0/src/main/startup.c -o startup.o
gcc -std=gnu23 -I/private/tmp/dta-direct-stage5-minimum-preflight/r46-source/R-4.6.0/src/extra  -I. -I../../src/include -I/private/tmp/dta-direct-stage5-minimum-preflight/r46-source/R-4.6.0/src/include  -I/opt/homebrew/include -I/private/tmp/dta-direct-stage5-minimum-preflight/r46-source/R-4.6.0/src/nmath -DHAVE_CONFIG_H    -fPIC  -g -O2  -c /private/tmp/dta-direct-stage5-minimum-preflight/r46-source/R-4.6.0/src/main/subassign.c -o subassign.o
gcc -std=gnu23 -I/private/tmp/dta-direct-stage5-minimum-preflight/r46-source/R-4.6.0/src/extra  -I. -I../../src/include -I/private/tmp/dta-direct-stage5-minimum-preflight/r46-source/R-4.6.0/src/include  -I/opt/homebrew/include -I/private/tmp/dta-direct-stage5-minimum-preflight/r46-source/R-4.6.0/src/nmath -DHAVE_CONFIG_H    -fPIC  -g -O2  -c /private/tmp/dta-direct-stage5-minimum-preflight/r46-source/R-4.6.0/src/main/subscript.c -o subscript.o
gcc -std=gnu23 -I/private/tmp/dta-direct-stage5-minimum-preflight/r46-source/R-4.6.0/src/extra  -I. -I../../src/include -I/private/tmp/dta-direct-stage5-minimum-preflight/r46-source/R-4.6.0/src/include  -I/opt/homebrew/include -I/private/tmp/dta-direct-stage5-minimum-preflight/r46-source/R-4.6.0/src/nmath -DHAVE_CONFIG_H    -fPIC  -g -O2  -c /private/tmp/dta-direct-stage5-minimum-preflight/r46-source/R-4.6.0/src/main/subset.c -o subset.o
gcc -std=gnu23 -I/private/tmp/dta-direct-stage5-minimum-preflight/r46-source/R-4.6.0/src/extra  -I. -I../../src/include -I/private/tmp/dta-direct-stage5-minimum-preflight/r46-source/R-4.6.0/src/include  -I/opt/homebrew/include -I/private/tmp/dta-direct-stage5-minimum-preflight/r46-source/R-4.6.0/src/nmath -DHAVE_CONFIG_H    -fPIC  -g -O2  -c /private/tmp/dta-direct-stage5-minimum-preflight/r46-source/R-4.6.0/src/main/summary.c -o summary.o
gcc -std=gnu23 -I/private/tmp/dta-direct-stage5-minimum-preflight/r46-source/R-4.6.0/src/extra  -I. -I../../src/include -I/private/tmp/dta-direct-stage5-minimum-preflight/r46-source/R-4.6.0/src/include  -I/opt/homebrew/include -I/private/tmp/dta-direct-stage5-minimum-preflight/r46-source/R-4.6.0/src/nmath -DHAVE_CONFIG_H    -fPIC  -g -O2  -c /private/tmp/dta-direct-stage5-minimum-preflight/r46-source/R-4.6.0/src/main/sysutils.c -o sysutils.o
gcc -std=gnu23 -I/private/tmp/dta-direct-stage5-minimum-preflight/r46-source/R-4.6.0/src/extra  -I. -I../../src/include -I/private/tmp/dta-direct-stage5-minimum-preflight/r46-source/R-4.6.0/src/include  -I/opt/homebrew/include -I/private/tmp/dta-direct-stage5-minimum-preflight/r46-source/R-4.6.0/src/nmath -DHAVE_CONFIG_H    -fPIC  -g -O2  -c /private/tmp/dta-direct-stage5-minimum-preflight/r46-source/R-4.6.0/src/main/times.c -o times.o
gcc -std=gnu23 -I/private/tmp/dta-direct-stage5-minimum-preflight/r46-source/R-4.6.0/src/extra  -I. -I../../src/include -I/private/tmp/dta-direct-stage5-minimum-preflight/r46-source/R-4.6.0/src/include  -I/opt/homebrew/include -I/private/tmp/dta-direct-stage5-minimum-preflight/r46-source/R-4.6.0/src/nmath -DHAVE_CONFIG_H    -fPIC  -g -O2  -c /private/tmp/dta-direct-stage5-minimum-preflight/r46-source/R-4.6.0/src/main/unique.c -o unique.o
gcc -std=gnu23 -I/private/tmp/dta-direct-stage5-minimum-preflight/r46-source/R-4.6.0/src/extra  -I. -I../../src/include -I/private/tmp/dta-direct-stage5-minimum-preflight/r46-source/R-4.6.0/src/include  -I/opt/homebrew/include -I/private/tmp/dta-direct-stage5-minimum-preflight/r46-source/R-4.6.0/src/nmath -DHAVE_CONFIG_H    -fPIC  -g -O2  -c /private/tmp/dta-direct-stage5-minimum-preflight/r46-source/R-4.6.0/src/main/util.c -o util.o
gcc -std=gnu23 -I/private/tmp/dta-direct-stage5-minimum-preflight/r46-source/R-4.6.0/src/extra  -I. -I../../src/include -I/private/tmp/dta-direct-stage5-minimum-preflight/r46-source/R-4.6.0/src/include  -I/opt/homebrew/include -I/private/tmp/dta-direct-stage5-minimum-preflight/r46-source/R-4.6.0/src/nmath -DHAVE_CONFIG_H    -fPIC  -g -O2  -c /private/tmp/dta-direct-stage5-minimum-preflight/r46-source/R-4.6.0/src/main/version.c -o version.o
gcc -std=gnu23 -I/private/tmp/dta-direct-stage5-minimum-preflight/r46-source/R-4.6.0/src/extra  -I. -I../../src/include -I/private/tmp/dta-direct-stage5-minimum-preflight/r46-source/R-4.6.0/src/include  -I/opt/homebrew/include -I/private/tmp/dta-direct-stage5-minimum-preflight/r46-source/R-4.6.0/src/nmath -DHAVE_CONFIG_H    -fPIC  -g -O2  -c /private/tmp/dta-direct-stage5-minimum-preflight/r46-source/R-4.6.0/src/main/g_alab_her.c -o g_alab_her.o
gcc -std=gnu23 -I/private/tmp/dta-direct-stage5-minimum-preflight/r46-source/R-4.6.0/src/extra  -I. -I../../src/include -I/private/tmp/dta-direct-stage5-minimum-preflight/r46-source/R-4.6.0/src/include  -I/opt/homebrew/include -I/private/tmp/dta-direct-stage5-minimum-preflight/r46-source/R-4.6.0/src/nmath -DHAVE_CONFIG_H    -fPIC  -g -O2  -c /private/tmp/dta-direct-stage5-minimum-preflight/r46-source/R-4.6.0/src/main/g_cntrlify.c -o g_cntrlify.o
gcc -std=gnu23 -I/private/tmp/dta-direct-stage5-minimum-preflight/r46-source/R-4.6.0/src/extra  -I. -I../../src/include -I/private/tmp/dta-direct-stage5-minimum-preflight/r46-source/R-4.6.0/src/include  -I/opt/homebrew/include -I/private/tmp/dta-direct-stage5-minimum-preflight/r46-source/R-4.6.0/src/nmath -DHAVE_CONFIG_H    -fPIC  -g -O2  -c /private/tmp/dta-direct-stage5-minimum-preflight/r46-source/R-4.6.0/src/main/g_fontdb.c -o g_fontdb.o
gcc -std=gnu23 -I/private/tmp/dta-direct-stage5-minimum-preflight/r46-source/R-4.6.0/src/extra  -I. -I../../src/include -I/private/tmp/dta-direct-stage5-minimum-preflight/r46-source/R-4.6.0/src/include  -I/opt/homebrew/include -I/private/tmp/dta-direct-stage5-minimum-preflight/r46-source/R-4.6.0/src/nmath -DHAVE_CONFIG_H    -fPIC  -g -O2  -c /private/tmp/dta-direct-stage5-minimum-preflight/r46-source/R-4.6.0/src/main/g_her_glyph.c -o g_her_glyph.o
gfortran  -fPIC  -g -O2  -c /private/tmp/dta-direct-stage5-minimum-preflight/r46-source/R-4.6.0/src/main/xxxpr.f -o xxxpr.o
gcc -std=gnu23 -dynamiclib -Wl,-headerpad_max_install_names -undefined dynamic_lookup -L/opt/homebrew/opt/gettext/lib -L/opt/homebrew/opt/pcre2/lib -L/opt/homebrew/opt/libdeflate/lib -L/opt/homebrew/opt/zstd/lib -L/opt/homebrew/opt/xz/lib -install_name libR.dylib -compatibility_version 4.6.0  -current_version 4.6.0  -headerpad_max_install_names -o libR.dylib CommandLineArgs.o Rdynload.o Renviron.o RNG.o agrep.o altclasses.o altrep.o apply.o arithmetic.o array.o attrib.o bind.o builtin.o character.o clippath.o coerce.o colors.o complex.o connections.o context.o cum.o dcf.o datetime.o debug.o deparse.o devices.o dotcode.o dounzip.o dstruct.o duplicate.o edit.o engine.o envir.o errors.o eval.o flexiblas.o format.o gevents.o gram.o gram-ex.o graphics.o grep.o identical.o inlined.o inspect.o internet.o iosupport.o lapack.o list.o localecharset.o logic.o machine.o main.o mapply.o mask.o match.o memory.o names.o objects.o options.o paste.o patterns.o platform.o plot.o plot3d.o plotmath.o print.o printarray.o printvector.o printutils.o qsort.o radixsort.o random.o raw.o registration.o relop.o rlocale.o saveload.o scan.o seq.o serialize.o sort.o source.o split.o sprintf.o startup.o subassign.o subscript.o subset.o summary.o sysutils.o times.o unique.o util.o version.o g_alab_her.o g_cntrlify.o g_fontdb.o g_her_glyph.o xxxpr.o   `ls ../unix/*.o ../appl/*.o ../nmath/*.o` ../extra/tre/libtre.a   ../extra/tzone/libtz.a -L"../../lib" -lRblas -L/opt/homebrew/Cellar/gcc/16.2.0/lib/gcc/current/gcc/aarch64-apple-darwin25/16 -L/opt/homebrew/Cellar/gcc/16.2.0/lib/gcc/current/gcc -L/opt/homebrew/Cellar/gcc/16.2.0/lib/gcc/current -lemutls_w -lheapt_w -lgfortran -lquadmath  -lintl -Wl,-framework -Wl,CoreFoundation  -L/opt/homebrew/Cellar/pcre2/10.47_1/lib -lpcre2-8 -ldeflate -lzstd -llzma -lbz2 -lz -ldl -lm -liconv   
mkdir /private/tmp/dta-direct-stage5-minimum-preflight/r460-clean-build/bin/exec
gcc -std=gnu23 -I/private/tmp/dta-direct-stage5-minimum-preflight/r46-source/R-4.6.0/src/extra  -I. -I../../src/include -I/private/tmp/dta-direct-stage5-minimum-preflight/r46-source/R-4.6.0/src/include  -I/opt/homebrew/include -I/private/tmp/dta-direct-stage5-minimum-preflight/r46-source/R-4.6.0/src/nmath -DHAVE_CONFIG_H    -fPIC  -g -O2  -c /private/tmp/dta-direct-stage5-minimum-preflight/r46-source/R-4.6.0/src/main/Rmain.c -o Rmain.o
gcc -std=gnu23 -Wl,-headerpad_max_install_names  -L"../../lib" -L/opt/homebrew/opt/gettext/lib -L/opt/homebrew/opt/pcre2/lib -L/opt/homebrew/opt/libdeflate/lib -L/opt/homebrew/opt/zstd/lib -L/opt/homebrew/opt/xz/lib -o R.bin Rmain.o  -lR -lRblas
making Lapack.d from /private/tmp/dta-direct-stage5-minimum-preflight/r46-source/R-4.6.0/src/modules/lapack/Lapack.c
making Rsock.d from /private/tmp/dta-direct-stage5-minimum-preflight/r46-source/R-4.6.0/src/modules/internet/Rsock.c
making Rhttpd.d from /private/tmp/dta-direct-stage5-minimum-preflight/r46-source/R-4.6.0/src/modules/internet/Rhttpd.c
making internet.d from /private/tmp/dta-direct-stage5-minimum-preflight/r46-source/R-4.6.0/src/modules/internet/internet.c
making libcurl.d from /private/tmp/dta-direct-stage5-minimum-preflight/r46-source/R-4.6.0/src/modules/internet/libcurl.c
making sock.d from /private/tmp/dta-direct-stage5-minimum-preflight/r46-source/R-4.6.0/src/modules/internet/sock.c
making sockconn.d from /private/tmp/dta-direct-stage5-minimum-preflight/r46-source/R-4.6.0/src/modules/internet/sockconn.c
gfortran -fPIC  -g -O2  -c /private/tmp/dta-direct-stage5-minimum-preflight/r46-source/R-4.6.0/src/modules/lapack/dlamch.f -o dlamch.o
gfortran  -fPIC  -g -O2  -c /private/tmp/dta-direct-stage5-minimum-preflight/r46-source/R-4.6.0/src/modules/lapack/dlapack.f -o dlapack.o
gfortran  -fPIC  -g -O2  -c /private/tmp/dta-direct-stage5-minimum-preflight/r46-source/R-4.6.0/src/modules/lapack/cmplx.f -o cmplx.o
gcc -std=gnu23 -I. -I../../../src/include -I/private/tmp/dta-direct-stage5-minimum-preflight/r46-source/R-4.6.0/src/include  -I/opt/homebrew/include -DHAVE_CONFIG_H    -fPIC  -g -O2   -fvisibility=hidden -c /private/tmp/dta-direct-stage5-minimum-preflight/r46-source/R-4.6.0/src/modules/internet/Rhttpd.c -o Rhttpd.o
gfortran  -fPIC  -g -O2  -c  /private/tmp/dta-direct-stage5-minimum-preflight/r46-source/R-4.6.0/src/modules/lapack/la_constants.f90 -o la_constants.o
gcc -std=gnu23 -I. -I../../../src/include -I/private/tmp/dta-direct-stage5-minimum-preflight/r46-source/R-4.6.0/src/include  -I/opt/homebrew/include -DHAVE_CONFIG_H    -fPIC  -g -O2   -fvisibility=hidden -c /private/tmp/dta-direct-stage5-minimum-preflight/r46-source/R-4.6.0/src/modules/internet/Rsock.c -o Rsock.o
gcc -std=gnu23 -I. -I../../../src/include -I/private/tmp/dta-direct-stage5-minimum-preflight/r46-source/R-4.6.0/src/include  -I/opt/homebrew/include -DHAVE_CONFIG_H    -fPIC  -g -O2   -fvisibility=hidden -c /private/tmp/dta-direct-stage5-minimum-preflight/r46-source/R-4.6.0/src/modules/internet/internet.c -o internet.o
gcc -std=gnu23 -I. -I../../../src/include -I/private/tmp/dta-direct-stage5-minimum-preflight/r46-source/R-4.6.0/src/include  -I/opt/homebrew/include -DHAVE_CONFIG_H    -fPIC  -g -O2   -fvisibility=hidden -c /private/tmp/dta-direct-stage5-minimum-preflight/r46-source/R-4.6.0/src/modules/internet/libcurl.c -o libcurl.o
gcc -std=gnu23 -I. -I../../../src/include -I/private/tmp/dta-direct-stage5-minimum-preflight/r46-source/R-4.6.0/src/include  -I/opt/homebrew/include -DHAVE_CONFIG_H    -fPIC  -g -O2   -fvisibility=hidden -c /private/tmp/dta-direct-stage5-minimum-preflight/r46-source/R-4.6.0/src/modules/internet/sock.c -o sock.o
gcc -std=gnu23 -I. -I../../../src/include -I/private/tmp/dta-direct-stage5-minimum-preflight/r46-source/R-4.6.0/src/include  -I/opt/homebrew/include -DHAVE_CONFIG_H    -fPIC  -g -O2   -fvisibility=hidden -c /private/tmp/dta-direct-stage5-minimum-preflight/r46-source/R-4.6.0/src/modules/internet/sockconn.c -o sockconn.o
gfortran  -fPIC  -g -O2  -c  /private/tmp/dta-direct-stage5-minimum-preflight/r46-source/R-4.6.0/src/modules/lapack/dlartg.f90 -o dlartg.o
gcc -std=gnu23 -dynamiclib -Wl,-headerpad_max_install_names -undefined dynamic_lookup -L"../../../lib" -L/opt/homebrew/opt/gettext/lib -L/opt/homebrew/opt/pcre2/lib -L/opt/homebrew/opt/libdeflate/lib -L/opt/homebrew/opt/zstd/lib -L/opt/homebrew/opt/xz/lib -o internet.so Rhttpd.o Rsock.o internet.o libcurl.o sock.o sockconn.o -lcurl -lR   -lintl -Wl,-framework -Wl,CoreFoundation
gfortran  -fPIC  -g -O2  -c  /private/tmp/dta-direct-stage5-minimum-preflight/r46-source/R-4.6.0/src/modules/lapack/la_xisnan.f90 -o la_xisnan.o
mkdir /private/tmp/dta-direct-stage5-minimum-preflight/r460-clean-build/modules
gfortran  -fPIC  -g -O2  -c  /private/tmp/dta-direct-stage5-minimum-preflight/r46-source/R-4.6.0/src/modules/lapack/zlartg.f90 -o zlartg.o
gfortran  -fPIC  -g -O2  -c  /private/tmp/dta-direct-stage5-minimum-preflight/r46-source/R-4.6.0/src/modules/lapack/dlassq.f90 -o dlassq.o
gfortran  -fPIC  -g -O2  -c  /private/tmp/dta-direct-stage5-minimum-preflight/r46-source/R-4.6.0/src/modules/lapack/zlassq.f90 -o zlassq.o
gcc -std=gnu23 -dynamiclib -Wl,-headerpad_max_install_names -undefined dynamic_lookup -L/opt/homebrew/opt/gettext/lib -L/opt/homebrew/opt/pcre2/lib -L/opt/homebrew/opt/libdeflate/lib -L/opt/homebrew/opt/zstd/lib -L/opt/homebrew/opt/xz/lib -o libRlapack.dylib dlamch.o dlapack.o cmplx.o dlartg.o dlassq.o la_constants.o la_xisnan.o zlartg.o zlassq.o   -install_name libRlapack.dylib -compatibility_version 4.6.0 -current_version 4.6.0  -headerpad_max_install_names -L"../../../lib" -lRblas -L/opt/homebrew/Cellar/gcc/16.2.0/lib/gcc/current/gcc/aarch64-apple-darwin25/16 -L/opt/homebrew/Cellar/gcc/16.2.0/lib/gcc/current/gcc -L/opt/homebrew/Cellar/gcc/16.2.0/lib/gcc/current -lemutls_w -lheapt_w -lgfortran -lquadmath  -L"../../../lib" -lR
gcc -std=gnu23 -I. -I../../../src/include -I/private/tmp/dta-direct-stage5-minimum-preflight/r46-source/R-4.6.0/src/include -I/opt/homebrew/include -DHAVE_CONFIG_H    -fPIC  -g -O2  -c /private/tmp/dta-direct-stage5-minimum-preflight/r46-source/R-4.6.0/src/modules/lapack/Lapack.c -o Lapack.o
gcc -std=gnu23 -I. -I../../../src/include -I/private/tmp/dta-direct-stage5-minimum-preflight/r46-source/R-4.6.0/src/include -I/opt/homebrew/include -DHAVE_CONFIG_H    -fPIC  -g -O2  -c  /private/tmp/dta-direct-stage5-minimum-preflight/r46-source/R-4.6.0/src/modules/lapack/../../main/flexiblas.c -o flexiblas.o
gcc -std=gnu23 -dynamiclib -Wl,-headerpad_max_install_names -undefined dynamic_lookup -L"../../../lib" -L/opt/homebrew/opt/gettext/lib -L/opt/homebrew/opt/pcre2/lib -L/opt/homebrew/opt/libdeflate/lib -L/opt/homebrew/opt/zstd/lib -L/opt/homebrew/opt/xz/lib -o lapack.so  Lapack.o  flexiblas.o -lR  -lintl -Wl,-framework -Wl,CoreFoundation -L"../../../lib" -lRlapack -L"../../../lib" -lRblas -L/opt/homebrew/Cellar/gcc/16.2.0/lib/gcc/current/gcc/aarch64-apple-darwin25/16 -L/opt/homebrew/Cellar/gcc/16.2.0/lib/gcc/current/gcc -L/opt/homebrew/Cellar/gcc/16.2.0/lib/gcc/current -lemutls_w -lheapt_w -lgfortran -lquadmath
/private/tmp/dta-direct-stage5-minimum-preflight/r460-clean-build/lib/libRlapack.dylib is unchanged
mkdir ../../library
building system startup profile
mkdir ../../../library/base
mkdir ../../../library/base/R
building package 'translations'
mkdir ../../../library/translations
building package 'base'
mkdir ../../../library/base/demo
building package 'tools'
mkdir ../../../library/tools
mkdir ../../../library/tools/misc
mkdir ../../../library/tools/R
making text.d from /private/tmp/dta-direct-stage5-minimum-preflight/r46-source/R-4.6.0/src/library/tools/src/text.c
making init.d from /private/tmp/dta-direct-stage5-minimum-preflight/r46-source/R-4.6.0/src/library/tools/src/init.c
making Rmd5.d from /private/tmp/dta-direct-stage5-minimum-preflight/r46-source/R-4.6.0/src/library/tools/src/Rmd5.c
making md5.d from /private/tmp/dta-direct-stage5-minimum-preflight/r46-source/R-4.6.0/src/library/tools/src/md5.c
making signals.d from /private/tmp/dta-direct-stage5-minimum-preflight/r46-source/R-4.6.0/src/library/tools/src/signals.c
making install.d from /private/tmp/dta-direct-stage5-minimum-preflight/r46-source/R-4.6.0/src/library/tools/src/install.c
making getfmts.d from /private/tmp/dta-direct-stage5-minimum-preflight/r46-source/R-4.6.0/src/library/tools/src/getfmts.c
making http.d from /private/tmp/dta-direct-stage5-minimum-preflight/r46-source/R-4.6.0/src/library/tools/src/http.c
making gramLatex.d from /private/tmp/dta-direct-stage5-minimum-preflight/r46-source/R-4.6.0/src/library/tools/src/gramLatex.c
making gramRd.d from /private/tmp/dta-direct-stage5-minimum-preflight/r46-source/R-4.6.0/src/library/tools/src/gramRd.c
making pdscan.d from /private/tmp/dta-direct-stage5-minimum-preflight/r46-source/R-4.6.0/src/library/tools/src/pdscan.c
making Rsha256.d from /private/tmp/dta-direct-stage5-minimum-preflight/r46-source/R-4.6.0/src/library/tools/src/Rsha256.c
gcc -std=gnu23 -I"../../../../include" -DNDEBUG -I../../../include -I/private/tmp/dta-direct-stage5-minimum-preflight/r46-source/R-4.6.0/src/include -DHAVE_CONFIG_H -I/private/tmp/dta-direct-stage5-minimum-preflight/r46-source/R-4.6.0/src/main  -I/opt/homebrew/include   -fvisibility=hidden -fPIC  -g -O2  -c /private/tmp/dta-direct-stage5-minimum-preflight/r46-source/R-4.6.0/src/library/tools/src/text.c -o text.o
gcc -std=gnu23 -I"../../../../include" -DNDEBUG -I../../../include -I/private/tmp/dta-direct-stage5-minimum-preflight/r46-source/R-4.6.0/src/include -DHAVE_CONFIG_H -I/private/tmp/dta-direct-stage5-minimum-preflight/r46-source/R-4.6.0/src/main  -I/opt/homebrew/include   -fvisibility=hidden -fPIC  -g -O2  -c /private/tmp/dta-direct-stage5-minimum-preflight/r46-source/R-4.6.0/src/library/tools/src/init.c -o init.o
gcc -std=gnu23 -I"../../../../include" -DNDEBUG -I../../../include -I/private/tmp/dta-direct-stage5-minimum-preflight/r46-source/R-4.6.0/src/include -DHAVE_CONFIG_H -I/private/tmp/dta-direct-stage5-minimum-preflight/r46-source/R-4.6.0/src/main  -I/opt/homebrew/include   -fvisibility=hidden -fPIC  -g -O2  -c /private/tmp/dta-direct-stage5-minimum-preflight/r46-source/R-4.6.0/src/library/tools/src/Rmd5.c -o Rmd5.o
making sha256.d from /private/tmp/dta-direct-stage5-minimum-preflight/r46-source/R-4.6.0/src/library/tools/src/sha256.c
gcc -std=gnu23 -I"../../../../include" -DNDEBUG -I../../../include -I/private/tmp/dta-direct-stage5-minimum-preflight/r46-source/R-4.6.0/src/include -DHAVE_CONFIG_H -I/private/tmp/dta-direct-stage5-minimum-preflight/r46-source/R-4.6.0/src/main  -I/opt/homebrew/include   -fvisibility=hidden -fPIC  -g -O2  -c /private/tmp/dta-direct-stage5-minimum-preflight/r46-source/R-4.6.0/src/library/tools/src/md5.c -o md5.o
gcc -std=gnu23 -I"../../../../include" -DNDEBUG -I../../../include -I/private/tmp/dta-direct-stage5-minimum-preflight/r46-source/R-4.6.0/src/include -DHAVE_CONFIG_H -I/private/tmp/dta-direct-stage5-minimum-preflight/r46-source/R-4.6.0/src/main  -I/opt/homebrew/include   -fvisibility=hidden -fPIC  -g -O2  -c /private/tmp/dta-direct-stage5-minimum-preflight/r46-source/R-4.6.0/src/library/tools/src/signals.c -o signals.o
gcc -std=gnu23 -I"../../../../include" -DNDEBUG -I../../../include -I/private/tmp/dta-direct-stage5-minimum-preflight/r46-source/R-4.6.0/src/include -DHAVE_CONFIG_H -I/private/tmp/dta-direct-stage5-minimum-preflight/r46-source/R-4.6.0/src/main  -I/opt/homebrew/include   -fvisibility=hidden -fPIC  -g -O2  -c /private/tmp/dta-direct-stage5-minimum-preflight/r46-source/R-4.6.0/src/library/tools/src/install.c -o install.o
gcc -std=gnu23 -I"../../../../include" -DNDEBUG -I../../../include -I/private/tmp/dta-direct-stage5-minimum-preflight/r46-source/R-4.6.0/src/include -DHAVE_CONFIG_H -I/private/tmp/dta-direct-stage5-minimum-preflight/r46-source/R-4.6.0/src/main  -I/opt/homebrew/include   -fvisibility=hidden -fPIC  -g -O2  -c /private/tmp/dta-direct-stage5-minimum-preflight/r46-source/R-4.6.0/src/library/tools/src/getfmts.c -o getfmts.o
gcc -std=gnu23 -I"../../../../include" -DNDEBUG -I../../../include -I/private/tmp/dta-direct-stage5-minimum-preflight/r46-source/R-4.6.0/src/include -DHAVE_CONFIG_H -I/private/tmp/dta-direct-stage5-minimum-preflight/r46-source/R-4.6.0/src/main  -I/opt/homebrew/include   -fvisibility=hidden -fPIC  -g -O2  -c /private/tmp/dta-direct-stage5-minimum-preflight/r46-source/R-4.6.0/src/library/tools/src/http.c -o http.o
gcc -std=gnu23 -I"../../../../include" -DNDEBUG -I../../../include -I/private/tmp/dta-direct-stage5-minimum-preflight/r46-source/R-4.6.0/src/include -DHAVE_CONFIG_H -I/private/tmp/dta-direct-stage5-minimum-preflight/r46-source/R-4.6.0/src/main  -I/opt/homebrew/include   -fvisibility=hidden -fPIC  -g -O2  -c /private/tmp/dta-direct-stage5-minimum-preflight/r46-source/R-4.6.0/src/library/tools/src/gramLatex.c -o gramLatex.o
gcc -std=gnu23 -I"../../../../include" -DNDEBUG -I../../../include -I/private/tmp/dta-direct-stage5-minimum-preflight/r46-source/R-4.6.0/src/include -DHAVE_CONFIG_H -I/private/tmp/dta-direct-stage5-minimum-preflight/r46-source/R-4.6.0/src/main  -I/opt/homebrew/include   -fvisibility=hidden -fPIC  -g -O2  -c /private/tmp/dta-direct-stage5-minimum-preflight/r46-source/R-4.6.0/src/library/tools/src/gramRd.c -o gramRd.o
gcc -std=gnu23 -I"../../../../include" -DNDEBUG -I../../../include -I/private/tmp/dta-direct-stage5-minimum-preflight/r46-source/R-4.6.0/src/include -DHAVE_CONFIG_H -I/private/tmp/dta-direct-stage5-minimum-preflight/r46-source/R-4.6.0/src/main  -I/opt/homebrew/include   -fvisibility=hidden -fPIC  -g -O2  -c /private/tmp/dta-direct-stage5-minimum-preflight/r46-source/R-4.6.0/src/library/tools/src/pdscan.c -o pdscan.o
gcc -std=gnu23 -I"../../../../include" -DNDEBUG -I../../../include -I/private/tmp/dta-direct-stage5-minimum-preflight/r46-source/R-4.6.0/src/include -DHAVE_CONFIG_H -I/private/tmp/dta-direct-stage5-minimum-preflight/r46-source/R-4.6.0/src/main  -I/opt/homebrew/include   -fvisibility=hidden -fPIC  -g -O2  -c /private/tmp/dta-direct-stage5-minimum-preflight/r46-source/R-4.6.0/src/library/tools/src/Rsha256.c -o Rsha256.o
gcc -std=gnu23 -I"../../../../include" -DNDEBUG -I../../../include -I/private/tmp/dta-direct-stage5-minimum-preflight/r46-source/R-4.6.0/src/include -DHAVE_CONFIG_H -I/private/tmp/dta-direct-stage5-minimum-preflight/r46-source/R-4.6.0/src/main  -I/opt/homebrew/include   -fvisibility=hidden -fPIC  -g -O2  -c /private/tmp/dta-direct-stage5-minimum-preflight/r46-source/R-4.6.0/src/library/tools/src/sha256.c -o sha256.o
gcc -std=gnu23 -dynamiclib -Wl,-headerpad_max_install_names -undefined dynamic_lookup -L../../../../lib -L/opt/homebrew/opt/gettext/lib -L/opt/homebrew/opt/pcre2/lib -L/opt/homebrew/opt/libdeflate/lib -L/opt/homebrew/opt/zstd/lib -L/opt/homebrew/opt/xz/lib -o tools.so text.o init.o Rmd5.o md5.o signals.o install.o getfmts.o http.o gramLatex.o gramRd.o pdscan.o Rsha256.o sha256.o -L../../../../lib -lR
mkdir ../../../../library/tools/libs
installing 'sysdata.rda'
building package 'compiler'
mkdir ../../../library/compiler
mkdir ../../../library/compiler/R
byte-compiling package 'compiler'
byte-compiling package 'base'
byte-compiling package 'tools'
building package 'utils'
mkdir ../../../library/utils
mkdir ../../../library/utils/doc
mkdir ../../../library/utils/R
mkdir ../../../library/utils/Sweave
mkdir ../../../library/utils/misc
making init.d from /private/tmp/dta-direct-stage5-minimum-preflight/r46-source/R-4.6.0/src/library/utils/src/init.c
making io.d from /private/tmp/dta-direct-stage5-minimum-preflight/r46-source/R-4.6.0/src/library/utils/src/io.c
making size.d from /private/tmp/dta-direct-stage5-minimum-preflight/r46-source/R-4.6.0/src/library/utils/src/size.c
making sock.d from /private/tmp/dta-direct-stage5-minimum-preflight/r46-source/R-4.6.0/src/library/utils/src/sock.c
making stubs.d from /private/tmp/dta-direct-stage5-minimum-preflight/r46-source/R-4.6.0/src/library/utils/src/stubs.c
making utils.d from /private/tmp/dta-direct-stage5-minimum-preflight/r46-source/R-4.6.0/src/library/utils/src/utils.c
gcc -std=gnu23 -I"../../../../include" -DNDEBUG -I../../../include -I/private/tmp/dta-direct-stage5-minimum-preflight/r46-source/R-4.6.0/src/include -DHAVE_CONFIG_H -I/private/tmp/dta-direct-stage5-minimum-preflight/r46-source/R-4.6.0/src/main  -I/opt/homebrew/include   -fvisibility=hidden -fPIC  -g -O2  -c /private/tmp/dta-direct-stage5-minimum-preflight/r46-source/R-4.6.0/src/library/utils/src/init.c -o init.o
making hashtab.d from /private/tmp/dta-direct-stage5-minimum-preflight/r46-source/R-4.6.0/src/library/utils/src/hashtab.c
gcc -std=gnu23 -I"../../../../include" -DNDEBUG -I../../../include -I/private/tmp/dta-direct-stage5-minimum-preflight/r46-source/R-4.6.0/src/include -DHAVE_CONFIG_H -I/private/tmp/dta-direct-stage5-minimum-preflight/r46-source/R-4.6.0/src/main  -I/opt/homebrew/include   -fvisibility=hidden -fPIC  -g -O2  -c /private/tmp/dta-direct-stage5-minimum-preflight/r46-source/R-4.6.0/src/library/utils/src/io.c -o io.o
gcc -std=gnu23 -I"../../../../include" -DNDEBUG -I../../../include -I/private/tmp/dta-direct-stage5-minimum-preflight/r46-source/R-4.6.0/src/include -DHAVE_CONFIG_H -I/private/tmp/dta-direct-stage5-minimum-preflight/r46-source/R-4.6.0/src/main  -I/opt/homebrew/include   -fvisibility=hidden -fPIC  -g -O2  -c /private/tmp/dta-direct-stage5-minimum-preflight/r46-source/R-4.6.0/src/library/utils/src/size.c -o size.o
gcc -std=gnu23 -I"../../../../include" -DNDEBUG -I../../../include -I/private/tmp/dta-direct-stage5-minimum-preflight/r46-source/R-4.6.0/src/include -DHAVE_CONFIG_H -I/private/tmp/dta-direct-stage5-minimum-preflight/r46-source/R-4.6.0/src/main  -I/opt/homebrew/include   -fvisibility=hidden -fPIC  -g -O2  -c /private/tmp/dta-direct-stage5-minimum-preflight/r46-source/R-4.6.0/src/library/utils/src/sock.c -o sock.o
gcc -std=gnu23 -I"../../../../include" -DNDEBUG -I../../../include -I/private/tmp/dta-direct-stage5-minimum-preflight/r46-source/R-4.6.0/src/include -DHAVE_CONFIG_H -I/private/tmp/dta-direct-stage5-minimum-preflight/r46-source/R-4.6.0/src/main  -I/opt/homebrew/include   -fvisibility=hidden -fPIC  -g -O2  -c /private/tmp/dta-direct-stage5-minimum-preflight/r46-source/R-4.6.0/src/library/utils/src/stubs.c -o stubs.o
gcc -std=gnu23 -I"../../../../include" -DNDEBUG -I../../../include -I/private/tmp/dta-direct-stage5-minimum-preflight/r46-source/R-4.6.0/src/include -DHAVE_CONFIG_H -I/private/tmp/dta-direct-stage5-minimum-preflight/r46-source/R-4.6.0/src/main  -I/opt/homebrew/include   -fvisibility=hidden -fPIC  -g -O2  -c /private/tmp/dta-direct-stage5-minimum-preflight/r46-source/R-4.6.0/src/library/utils/src/utils.c -o utils.o
gcc -std=gnu23 -I"../../../../include" -DNDEBUG -I../../../include -I/private/tmp/dta-direct-stage5-minimum-preflight/r46-source/R-4.6.0/src/include -DHAVE_CONFIG_H -I/private/tmp/dta-direct-stage5-minimum-preflight/r46-source/R-4.6.0/src/main  -I/opt/homebrew/include   -fvisibility=hidden -fPIC  -g -O2  -c /private/tmp/dta-direct-stage5-minimum-preflight/r46-source/R-4.6.0/src/library/utils/src/hashtab.c -o hashtab.o
gcc -std=gnu23 -dynamiclib -Wl,-headerpad_max_install_names -undefined dynamic_lookup -L../../../../lib -L/opt/homebrew/opt/gettext/lib -L/opt/homebrew/opt/pcre2/lib -L/opt/homebrew/opt/libdeflate/lib -L/opt/homebrew/opt/zstd/lib -L/opt/homebrew/opt/xz/lib -o utils.so init.o io.o size.o sock.o stubs.o utils.o hashtab.o -L../../../../lib -lR
mkdir ../../../../library/utils/libs
installing 'sysdata.rda'
byte-compiling package 'utils'
building package 'grDevices'
mkdir ../../../library/grDevices
mkdir ../../../library/grDevices/R
mkdir ../../../library/grDevices/afm
mkdir ../../../library/grDevices/enc
mkdir ../../../library/grDevices/fonts
mkdir ../../../library/grDevices/fonts/Roboto
mkdir ../../../library/grDevices/fonts/Montserrat
mkdir ../../../library/grDevices/fonts/Montserrat/static
mkdir ../../../library/grDevices/icc
making axis_scales.d from /private/tmp/dta-direct-stage5-minimum-preflight/r46-source/R-4.6.0/src/library/grDevices/src/axis_scales.c
making chull.d from /private/tmp/dta-direct-stage5-minimum-preflight/r46-source/R-4.6.0/src/library/grDevices/src/chull.c
making devices.d from /private/tmp/dta-direct-stage5-minimum-preflight/r46-source/R-4.6.0/src/library/grDevices/src/devices.c
making init.d from /private/tmp/dta-direct-stage5-minimum-preflight/r46-source/R-4.6.0/src/library/grDevices/src/init.c
making stubs.d from /private/tmp/dta-direct-stage5-minimum-preflight/r46-source/R-4.6.0/src/library/grDevices/src/stubs.c
making colors.d from /private/tmp/dta-direct-stage5-minimum-preflight/r46-source/R-4.6.0/src/library/grDevices/src/colors.c
making clippath.d from /private/tmp/dta-direct-stage5-minimum-preflight/r46-source/R-4.6.0/src/library/grDevices/src/clippath.c
making patterns.d from /private/tmp/dta-direct-stage5-minimum-preflight/r46-source/R-4.6.0/src/library/grDevices/src/patterns.c
making mask.d from /private/tmp/dta-direct-stage5-minimum-preflight/r46-source/R-4.6.0/src/library/grDevices/src/mask.c
making group.d from /private/tmp/dta-direct-stage5-minimum-preflight/r46-source/R-4.6.0/src/library/grDevices/src/group.c
making devCairo.d from /private/tmp/dta-direct-stage5-minimum-preflight/r46-source/R-4.6.0/src/library/grDevices/src/devCairo.c
making devPicTeX.d from /private/tmp/dta-direct-stage5-minimum-preflight/r46-source/R-4.6.0/src/library/grDevices/src/devPicTeX.c
gcc -std=gnu23 -I"../../../../include" -DNDEBUG -I../../../include -I/private/tmp/dta-direct-stage5-minimum-preflight/r46-source/R-4.6.0/src/include -DHAVE_CONFIG_H  -I/opt/homebrew/include    -fPIC  -g -O2  -c /private/tmp/dta-direct-stage5-minimum-preflight/r46-source/R-4.6.0/src/library/grDevices/src/axis_scales.c -o axis_scales.o
gcc -std=gnu23 -I"../../../../include" -DNDEBUG -I../../../include -I/private/tmp/dta-direct-stage5-minimum-preflight/r46-source/R-4.6.0/src/include -DHAVE_CONFIG_H  -I/opt/homebrew/include    -fPIC  -g -O2  -c /private/tmp/dta-direct-stage5-minimum-preflight/r46-source/R-4.6.0/src/library/grDevices/src/chull.c -o chull.o
making devPS.d from /private/tmp/dta-direct-stage5-minimum-preflight/r46-source/R-4.6.0/src/library/grDevices/src/devPS.c
making devQuartz.d from /private/tmp/dta-direct-stage5-minimum-preflight/r46-source/R-4.6.0/src/library/grDevices/src/devQuartz.c
gcc -std=gnu23 -I"../../../../include" -DNDEBUG -I../../../include -I/private/tmp/dta-direct-stage5-minimum-preflight/r46-source/R-4.6.0/src/include -DHAVE_CONFIG_H  -I/opt/homebrew/include    -fPIC  -g -O2  -c /private/tmp/dta-direct-stage5-minimum-preflight/r46-source/R-4.6.0/src/library/grDevices/src/devices.c -o devices.o
gcc -std=gnu23 -I"../../../../include" -DNDEBUG -I../../../include -I/private/tmp/dta-direct-stage5-minimum-preflight/r46-source/R-4.6.0/src/include -DHAVE_CONFIG_H  -I/opt/homebrew/include    -fPIC  -g -O2  -c /private/tmp/dta-direct-stage5-minimum-preflight/r46-source/R-4.6.0/src/library/grDevices/src/init.c -o init.o
gcc -std=gnu23 -I"../../../../include" -DNDEBUG -I../../../include -I/private/tmp/dta-direct-stage5-minimum-preflight/r46-source/R-4.6.0/src/include -DHAVE_CONFIG_H  -I/opt/homebrew/include    -fPIC  -g -O2  -c /private/tmp/dta-direct-stage5-minimum-preflight/r46-source/R-4.6.0/src/library/grDevices/src/stubs.c -o stubs.o
gcc -std=gnu23 -I"../../../../include" -DNDEBUG -I../../../include -I/private/tmp/dta-direct-stage5-minimum-preflight/r46-source/R-4.6.0/src/include -DHAVE_CONFIG_H  -I/opt/homebrew/include    -fPIC  -g -O2  -c /private/tmp/dta-direct-stage5-minimum-preflight/r46-source/R-4.6.0/src/library/grDevices/src/colors.c -o colors.o
gcc -std=gnu23 -I"../../../../include" -DNDEBUG -I../../../include -I/private/tmp/dta-direct-stage5-minimum-preflight/r46-source/R-4.6.0/src/include -DHAVE_CONFIG_H  -I/opt/homebrew/include    -fPIC  -g -O2  -c /private/tmp/dta-direct-stage5-minimum-preflight/r46-source/R-4.6.0/src/library/grDevices/src/clippath.c -o clippath.o
gcc -std=gnu23 -I"../../../../include" -DNDEBUG -I../../../include -I/private/tmp/dta-direct-stage5-minimum-preflight/r46-source/R-4.6.0/src/include -DHAVE_CONFIG_H  -I/opt/homebrew/include    -fPIC  -g -O2  -c /private/tmp/dta-direct-stage5-minimum-preflight/r46-source/R-4.6.0/src/library/grDevices/src/patterns.c -o patterns.o
gcc -std=gnu23 -I"../../../../include" -DNDEBUG -I../../../include -I/private/tmp/dta-direct-stage5-minimum-preflight/r46-source/R-4.6.0/src/include -DHAVE_CONFIG_H  -I/opt/homebrew/include    -fPIC  -g -O2  -c /private/tmp/dta-direct-stage5-minimum-preflight/r46-source/R-4.6.0/src/library/grDevices/src/mask.c -o mask.o
gcc -std=gnu23 -I"../../../../include" -DNDEBUG -I../../../include -I/private/tmp/dta-direct-stage5-minimum-preflight/r46-source/R-4.6.0/src/include -DHAVE_CONFIG_H  -I/opt/homebrew/include    -fPIC  -g -O2  -c /private/tmp/dta-direct-stage5-minimum-preflight/r46-source/R-4.6.0/src/library/grDevices/src/group.c -o group.o
gcc -std=gnu23 -I"../../../../include" -DNDEBUG -I../../../include -I/private/tmp/dta-direct-stage5-minimum-preflight/r46-source/R-4.6.0/src/include -DHAVE_CONFIG_H  -I/opt/homebrew/include    -fPIC  -g -O2  -c /private/tmp/dta-direct-stage5-minimum-preflight/r46-source/R-4.6.0/src/library/grDevices/src/devCairo.c -o devCairo.o
gcc -std=gnu23 -I"../../../../include" -DNDEBUG -I../../../include -I/private/tmp/dta-direct-stage5-minimum-preflight/r46-source/R-4.6.0/src/include -DHAVE_CONFIG_H  -I/opt/homebrew/include    -fPIC  -g -O2  -c /private/tmp/dta-direct-stage5-minimum-preflight/r46-source/R-4.6.0/src/library/grDevices/src/devPicTeX.c -o devPicTeX.o
gcc -std=gnu23 -I"../../../../include" -DNDEBUG -I../../../include -I/private/tmp/dta-direct-stage5-minimum-preflight/r46-source/R-4.6.0/src/include -DHAVE_CONFIG_H  -I/opt/homebrew/include    -fPIC  -g -O2  -c /private/tmp/dta-direct-stage5-minimum-preflight/r46-source/R-4.6.0/src/library/grDevices/src/devPS.c -o devPS.o
gcc -std=gnu23 -I"../../../../include" -DNDEBUG -I../../../include -I/private/tmp/dta-direct-stage5-minimum-preflight/r46-source/R-4.6.0/src/include -DHAVE_CONFIG_H  -I/opt/homebrew/include    -fPIC  -g -O2  -c /private/tmp/dta-direct-stage5-minimum-preflight/r46-source/R-4.6.0/src/library/grDevices/src/devQuartz.c -o devQuartz.o
gcc -std=gnu23 -dynamiclib -Wl,-headerpad_max_install_names -undefined dynamic_lookup -L../../../../lib -L/opt/homebrew/opt/gettext/lib -L/opt/homebrew/opt/pcre2/lib -L/opt/homebrew/opt/libdeflate/lib -L/opt/homebrew/opt/zstd/lib -L/opt/homebrew/opt/xz/lib -o grDevices.so axis_scales.o chull.o devices.o init.o stubs.o colors.o clippath.o patterns.o mask.o group.o devCairo.o devPicTeX.o devPS.o devQuartz.o -lz -L../../../../lib -lR
mkdir ../../../../library/grDevices/libs
byte-compiling package 'grDevices'
building package 'graphics'
mkdir ../../../library/graphics
mkdir ../../../library/graphics/R
making init.d from /private/tmp/dta-direct-stage5-minimum-preflight/r46-source/R-4.6.0/src/library/graphics/src/init.c
making graphics.d from /private/tmp/dta-direct-stage5-minimum-preflight/r46-source/R-4.6.0/src/library/graphics/src/graphics.c
making base.d from /private/tmp/dta-direct-stage5-minimum-preflight/r46-source/R-4.6.0/src/library/graphics/src/base.c
making par.d from /private/tmp/dta-direct-stage5-minimum-preflight/r46-source/R-4.6.0/src/library/graphics/src/par.c
making plot.d from /private/tmp/dta-direct-stage5-minimum-preflight/r46-source/R-4.6.0/src/library/graphics/src/plot.c
gcc -std=gnu23 -I"../../../../include" -DNDEBUG -I../../../include -I/private/tmp/dta-direct-stage5-minimum-preflight/r46-source/R-4.6.0/src/include -DHAVE_CONFIG_H -I/private/tmp/dta-direct-stage5-minimum-preflight/r46-source/R-4.6.0/src/main  -I/opt/homebrew/include   -fvisibility=hidden -fPIC  -g -O2  -c /private/tmp/dta-direct-stage5-minimum-preflight/r46-source/R-4.6.0/src/library/graphics/src/init.c -o init.o
making plot3d.d from /private/tmp/dta-direct-stage5-minimum-preflight/r46-source/R-4.6.0/src/library/graphics/src/plot3d.c
making stem.d from /private/tmp/dta-direct-stage5-minimum-preflight/r46-source/R-4.6.0/src/library/graphics/src/stem.c
gcc -std=gnu23 -I"../../../../include" -DNDEBUG -I../../../include -I/private/tmp/dta-direct-stage5-minimum-preflight/r46-source/R-4.6.0/src/include -DHAVE_CONFIG_H -I/private/tmp/dta-direct-stage5-minimum-preflight/r46-source/R-4.6.0/src/main  -I/opt/homebrew/include   -fvisibility=hidden -fPIC  -g -O2  -c /private/tmp/dta-direct-stage5-minimum-preflight/r46-source/R-4.6.0/src/library/graphics/src/base.c -o base.o
gcc -std=gnu23 -I"../../../../include" -DNDEBUG -I../../../include -I/private/tmp/dta-direct-stage5-minimum-preflight/r46-source/R-4.6.0/src/include -DHAVE_CONFIG_H -I/private/tmp/dta-direct-stage5-minimum-preflight/r46-source/R-4.6.0/src/main  -I/opt/homebrew/include   -fvisibility=hidden -fPIC  -g -O2  -c /private/tmp/dta-direct-stage5-minimum-preflight/r46-source/R-4.6.0/src/library/graphics/src/graphics.c -o graphics.o
gcc -std=gnu23 -I"../../../../include" -DNDEBUG -I../../../include -I/private/tmp/dta-direct-stage5-minimum-preflight/r46-source/R-4.6.0/src/include -DHAVE_CONFIG_H -I/private/tmp/dta-direct-stage5-minimum-preflight/r46-source/R-4.6.0/src/main  -I/opt/homebrew/include   -fvisibility=hidden -fPIC  -g -O2  -c /private/tmp/dta-direct-stage5-minimum-preflight/r46-source/R-4.6.0/src/library/graphics/src/par.c -o par.o
gcc -std=gnu23 -I"../../../../include" -DNDEBUG -I../../../include -I/private/tmp/dta-direct-stage5-minimum-preflight/r46-source/R-4.6.0/src/include -DHAVE_CONFIG_H -I/private/tmp/dta-direct-stage5-minimum-preflight/r46-source/R-4.6.0/src/main  -I/opt/homebrew/include   -fvisibility=hidden -fPIC  -g -O2  -c /private/tmp/dta-direct-stage5-minimum-preflight/r46-source/R-4.6.0/src/library/graphics/src/plot.c -o plot.o
gcc -std=gnu23 -I"../../../../include" -DNDEBUG -I../../../include -I/private/tmp/dta-direct-stage5-minimum-preflight/r46-source/R-4.6.0/src/include -DHAVE_CONFIG_H -I/private/tmp/dta-direct-stage5-minimum-preflight/r46-source/R-4.6.0/src/main  -I/opt/homebrew/include   -fvisibility=hidden -fPIC  -g -O2  -c /private/tmp/dta-direct-stage5-minimum-preflight/r46-source/R-4.6.0/src/library/graphics/src/plot3d.c -o plot3d.o
gcc -std=gnu23 -I"../../../../include" -DNDEBUG -I../../../include -I/private/tmp/dta-direct-stage5-minimum-preflight/r46-source/R-4.6.0/src/include -DHAVE_CONFIG_H -I/private/tmp/dta-direct-stage5-minimum-preflight/r46-source/R-4.6.0/src/main  -I/opt/homebrew/include   -fvisibility=hidden -fPIC  -g -O2  -c /private/tmp/dta-direct-stage5-minimum-preflight/r46-source/R-4.6.0/src/library/graphics/src/stem.c -o stem.o
gcc -std=gnu23 -dynamiclib -Wl,-headerpad_max_install_names -undefined dynamic_lookup -L../../../../lib -L/opt/homebrew/opt/gettext/lib -L/opt/homebrew/opt/pcre2/lib -L/opt/homebrew/opt/libdeflate/lib -L/opt/homebrew/opt/zstd/lib -L/opt/homebrew/opt/xz/lib -o graphics.so init.o base.o graphics.o par.o plot.o plot3d.o stem.o -L../../../../lib -lR
mkdir ../../../../library/graphics/libs
byte-compiling package 'graphics'
building package 'stats'
mkdir ../../../library/stats
mkdir ../../../library/stats/doc
mkdir ../../../library/stats/R
making init.d from /private/tmp/dta-direct-stage5-minimum-preflight/r46-source/R-4.6.0/src/library/stats/src/init.c
making kmeans.d from /private/tmp/dta-direct-stage5-minimum-preflight/r46-source/R-4.6.0/src/library/stats/src/kmeans.c
making ansari.d from /private/tmp/dta-direct-stage5-minimum-preflight/r46-source/R-4.6.0/src/library/stats/src/ansari.c
making bandwidths.d from /private/tmp/dta-direct-stage5-minimum-preflight/r46-source/R-4.6.0/src/library/stats/src/bandwidths.c
making chisqsim.d from /private/tmp/dta-direct-stage5-minimum-preflight/r46-source/R-4.6.0/src/library/stats/src/chisqsim.c
making d2x2xk.d from /private/tmp/dta-direct-stage5-minimum-preflight/r46-source/R-4.6.0/src/library/stats/src/d2x2xk.c
making fexact.d from /private/tmp/dta-direct-stage5-minimum-preflight/r46-source/R-4.6.0/src/library/stats/src/fexact.c
making kendall.d from /private/tmp/dta-direct-stage5-minimum-preflight/r46-source/R-4.6.0/src/library/stats/src/kendall.c
making ks.d from /private/tmp/dta-direct-stage5-minimum-preflight/r46-source/R-4.6.0/src/library/stats/src/ks.c
making line.d from /private/tmp/dta-direct-stage5-minimum-preflight/r46-source/R-4.6.0/src/library/stats/src/line.c
making smooth.d from /private/tmp/dta-direct-stage5-minimum-preflight/r46-source/R-4.6.0/src/library/stats/src/smooth.c
making prho.d from /private/tmp/dta-direct-stage5-minimum-preflight/r46-source/R-4.6.0/src/library/stats/src/prho.c
making swilk.d from /private/tmp/dta-direct-stage5-minimum-preflight/r46-source/R-4.6.0/src/library/stats/src/swilk.c
making ksmooth.d from /private/tmp/dta-direct-stage5-minimum-preflight/r46-source/R-4.6.0/src/library/stats/src/ksmooth.c
making loessc.d from /private/tmp/dta-direct-stage5-minimum-preflight/r46-source/R-4.6.0/src/library/stats/src/loessc.c
making monoSpl.d from /private/tmp/dta-direct-stage5-minimum-preflight/r46-source/R-4.6.0/src/library/stats/src/monoSpl.c
making isoreg.d from /private/tmp/dta-direct-stage5-minimum-preflight/r46-source/R-4.6.0/src/library/stats/src/isoreg.c
making Srunmed.d from /private/tmp/dta-direct-stage5-minimum-preflight/r46-source/R-4.6.0/src/library/stats/src/Srunmed.c
making dblcen.d from /private/tmp/dta-direct-stage5-minimum-preflight/r46-source/R-4.6.0/src/library/stats/src/dblcen.c
making distance.d from /private/tmp/dta-direct-stage5-minimum-preflight/r46-source/R-4.6.0/src/library/stats/src/distance.c
making hclust-utils.d from /private/tmp/dta-direct-stage5-minimum-preflight/r46-source/R-4.6.0/src/library/stats/src/hclust-utils.c
making nls.d from /private/tmp/dta-direct-stage5-minimum-preflight/r46-source/R-4.6.0/src/library/stats/src/nls.c
making rWishart.d from /private/tmp/dta-direct-stage5-minimum-preflight/r46-source/R-4.6.0/src/library/stats/src/rWishart.c
making HoltWinters.d from /private/tmp/dta-direct-stage5-minimum-preflight/r46-source/R-4.6.0/src/library/stats/src/HoltWinters.c
making PPsum.d from /private/tmp/dta-direct-stage5-minimum-preflight/r46-source/R-4.6.0/src/library/stats/src/PPsum.c
making arima.d from /private/tmp/dta-direct-stage5-minimum-preflight/r46-source/R-4.6.0/src/library/stats/src/arima.c
making burg.d from /private/tmp/dta-direct-stage5-minimum-preflight/r46-source/R-4.6.0/src/library/stats/src/burg.c
making filter.d from /private/tmp/dta-direct-stage5-minimum-preflight/r46-source/R-4.6.0/src/library/stats/src/filter.c
making mAR.d from /private/tmp/dta-direct-stage5-minimum-preflight/r46-source/R-4.6.0/src/library/stats/src/mAR.c
making pacf.d from /private/tmp/dta-direct-stage5-minimum-preflight/r46-source/R-4.6.0/src/library/stats/src/pacf.c
making starma.d from /private/tmp/dta-direct-stage5-minimum-preflight/r46-source/R-4.6.0/src/library/stats/src/starma.c
making port.d from /private/tmp/dta-direct-stage5-minimum-preflight/r46-source/R-4.6.0/src/library/stats/src/port.c
making family.d from /private/tmp/dta-direct-stage5-minimum-preflight/r46-source/R-4.6.0/src/library/stats/src/family.c
making sbart.d from /private/tmp/dta-direct-stage5-minimum-preflight/r46-source/R-4.6.0/src/library/stats/src/sbart.c
making approx.d from /private/tmp/dta-direct-stage5-minimum-preflight/r46-source/R-4.6.0/src/library/stats/src/approx.c
making loglin.d from /private/tmp/dta-direct-stage5-minimum-preflight/r46-source/R-4.6.0/src/library/stats/src/loglin.c
making massdist.d from /private/tmp/dta-direct-stage5-minimum-preflight/r46-source/R-4.6.0/src/library/stats/src/massdist.c
making lowess.d from /private/tmp/dta-direct-stage5-minimum-preflight/r46-source/R-4.6.0/src/library/stats/src/lowess.c
making splines.d from /private/tmp/dta-direct-stage5-minimum-preflight/r46-source/R-4.6.0/src/library/stats/src/splines.c
making lm.d from /private/tmp/dta-direct-stage5-minimum-preflight/r46-source/R-4.6.0/src/library/stats/src/lm.c
making complete_cases.d from /private/tmp/dta-direct-stage5-minimum-preflight/r46-source/R-4.6.0/src/library/stats/src/complete_cases.c
making cov.d from /private/tmp/dta-direct-stage5-minimum-preflight/r46-source/R-4.6.0/src/library/stats/src/cov.c
making deriv.d from /private/tmp/dta-direct-stage5-minimum-preflight/r46-source/R-4.6.0/src/library/stats/src/deriv.c
making fft.d from /private/tmp/dta-direct-stage5-minimum-preflight/r46-source/R-4.6.0/src/library/stats/src/fft.c
making fourier.d from /private/tmp/dta-direct-stage5-minimum-preflight/r46-source/R-4.6.0/src/library/stats/src/fourier.c
making model.d from /private/tmp/dta-direct-stage5-minimum-preflight/r46-source/R-4.6.0/src/library/stats/src/model.c
making optim.d from /private/tmp/dta-direct-stage5-minimum-preflight/r46-source/R-4.6.0/src/library/stats/src/optim.c
making optimize.d from /private/tmp/dta-direct-stage5-minimum-preflight/r46-source/R-4.6.0/src/library/stats/src/optimize.c
making integrate.d from /private/tmp/dta-direct-stage5-minimum-preflight/r46-source/R-4.6.0/src/library/stats/src/integrate.c
making random.d from /private/tmp/dta-direct-stage5-minimum-preflight/r46-source/R-4.6.0/src/library/stats/src/random.c
making distn.d from /private/tmp/dta-direct-stage5-minimum-preflight/r46-source/R-4.6.0/src/library/stats/src/distn.c
making zeroin.d from /private/tmp/dta-direct-stage5-minimum-preflight/r46-source/R-4.6.0/src/library/stats/src/zeroin.c
making rcont.d from /private/tmp/dta-direct-stage5-minimum-preflight/r46-source/R-4.6.0/src/library/stats/src/rcont.c
gcc -std=gnu23 -I"../../../../include" -DNDEBUG -I../../../include -I/private/tmp/dta-direct-stage5-minimum-preflight/r46-source/R-4.6.0/src/include -DHAVE_CONFIG_H  -I/opt/homebrew/include   -fvisibility=hidden -fPIC  -g -O2  -c /private/tmp/dta-direct-stage5-minimum-preflight/r46-source/R-4.6.0/src/library/stats/src/init.c -o init.o
making influence.d from /private/tmp/dta-direct-stage5-minimum-preflight/r46-source/R-4.6.0/src/library/stats/src/influence.c
making permdist.d from /private/tmp/dta-direct-stage5-minimum-preflight/r46-source/R-4.6.0/src/library/stats/src/permdist.c
gcc -std=gnu23 -I"../../../../include" -DNDEBUG -I../../../include -I/private/tmp/dta-direct-stage5-minimum-preflight/r46-source/R-4.6.0/src/include -DHAVE_CONFIG_H  -I/opt/homebrew/include   -fvisibility=hidden -fPIC  -g -O2  -c /private/tmp/dta-direct-stage5-minimum-preflight/r46-source/R-4.6.0/src/library/stats/src/kmeans.c -o kmeans.o
gcc -std=gnu23 -I"../../../../include" -DNDEBUG -I../../../include -I/private/tmp/dta-direct-stage5-minimum-preflight/r46-source/R-4.6.0/src/include -DHAVE_CONFIG_H  -I/opt/homebrew/include   -fvisibility=hidden -fPIC  -g -O2  -c /private/tmp/dta-direct-stage5-minimum-preflight/r46-source/R-4.6.0/src/library/stats/src/ansari.c -o ansari.o
gcc -std=gnu23 -I"../../../../include" -DNDEBUG -I../../../include -I/private/tmp/dta-direct-stage5-minimum-preflight/r46-source/R-4.6.0/src/include -DHAVE_CONFIG_H  -I/opt/homebrew/include   -fvisibility=hidden -fPIC  -g -O2  -c /private/tmp/dta-direct-stage5-minimum-preflight/r46-source/R-4.6.0/src/library/stats/src/bandwidths.c -o bandwidths.o
gcc -std=gnu23 -I"../../../../include" -DNDEBUG -I../../../include -I/private/tmp/dta-direct-stage5-minimum-preflight/r46-source/R-4.6.0/src/include -DHAVE_CONFIG_H  -I/opt/homebrew/include   -fvisibility=hidden -fPIC  -g -O2  -c /private/tmp/dta-direct-stage5-minimum-preflight/r46-source/R-4.6.0/src/library/stats/src/chisqsim.c -o chisqsim.o
gcc -std=gnu23 -I"../../../../include" -DNDEBUG -I../../../include -I/private/tmp/dta-direct-stage5-minimum-preflight/r46-source/R-4.6.0/src/include -DHAVE_CONFIG_H  -I/opt/homebrew/include   -fvisibility=hidden -fPIC  -g -O2  -c /private/tmp/dta-direct-stage5-minimum-preflight/r46-source/R-4.6.0/src/library/stats/src/d2x2xk.c -o d2x2xk.o
gcc -std=gnu23 -I"../../../../include" -DNDEBUG -I../../../include -I/private/tmp/dta-direct-stage5-minimum-preflight/r46-source/R-4.6.0/src/include -DHAVE_CONFIG_H  -I/opt/homebrew/include   -fvisibility=hidden -fPIC  -g -O2  -c /private/tmp/dta-direct-stage5-minimum-preflight/r46-source/R-4.6.0/src/library/stats/src/fexact.c -o fexact.o
gcc -std=gnu23 -I"../../../../include" -DNDEBUG -I../../../include -I/private/tmp/dta-direct-stage5-minimum-preflight/r46-source/R-4.6.0/src/include -DHAVE_CONFIG_H  -I/opt/homebrew/include   -fvisibility=hidden -fPIC  -g -O2  -c /private/tmp/dta-direct-stage5-minimum-preflight/r46-source/R-4.6.0/src/library/stats/src/kendall.c -o kendall.o
gcc -std=gnu23 -I"../../../../include" -DNDEBUG -I../../../include -I/private/tmp/dta-direct-stage5-minimum-preflight/r46-source/R-4.6.0/src/include -DHAVE_CONFIG_H  -I/opt/homebrew/include   -fvisibility=hidden -fPIC  -g -O2  -c /private/tmp/dta-direct-stage5-minimum-preflight/r46-source/R-4.6.0/src/library/stats/src/ks.c -o ks.o
gcc -std=gnu23 -I"../../../../include" -DNDEBUG -I../../../include -I/private/tmp/dta-direct-stage5-minimum-preflight/r46-source/R-4.6.0/src/include -DHAVE_CONFIG_H  -I/opt/homebrew/include   -fvisibility=hidden -fPIC  -g -O2  -c /private/tmp/dta-direct-stage5-minimum-preflight/r46-source/R-4.6.0/src/library/stats/src/line.c -o line.o
gcc -std=gnu23 -I"../../../../include" -DNDEBUG -I../../../include -I/private/tmp/dta-direct-stage5-minimum-preflight/r46-source/R-4.6.0/src/include -DHAVE_CONFIG_H  -I/opt/homebrew/include   -fvisibility=hidden -fPIC  -g -O2  -c /private/tmp/dta-direct-stage5-minimum-preflight/r46-source/R-4.6.0/src/library/stats/src/smooth.c -o smooth.o
gcc -std=gnu23 -I"../../../../include" -DNDEBUG -I../../../include -I/private/tmp/dta-direct-stage5-minimum-preflight/r46-source/R-4.6.0/src/include -DHAVE_CONFIG_H  -I/opt/homebrew/include   -fvisibility=hidden -fPIC  -g -O2  -c /private/tmp/dta-direct-stage5-minimum-preflight/r46-source/R-4.6.0/src/library/stats/src/prho.c -o prho.o
gcc -std=gnu23 -I"../../../../include" -DNDEBUG -I../../../include -I/private/tmp/dta-direct-stage5-minimum-preflight/r46-source/R-4.6.0/src/include -DHAVE_CONFIG_H  -I/opt/homebrew/include   -fvisibility=hidden -fPIC  -g -O2  -c /private/tmp/dta-direct-stage5-minimum-preflight/r46-source/R-4.6.0/src/library/stats/src/swilk.c -o swilk.o
gcc -std=gnu23 -I"../../../../include" -DNDEBUG -I../../../include -I/private/tmp/dta-direct-stage5-minimum-preflight/r46-source/R-4.6.0/src/include -DHAVE_CONFIG_H  -I/opt/homebrew/include   -fvisibility=hidden -fPIC  -g -O2  -c /private/tmp/dta-direct-stage5-minimum-preflight/r46-source/R-4.6.0/src/library/stats/src/ksmooth.c -o ksmooth.o
gcc -std=gnu23 -I"../../../../include" -DNDEBUG -I../../../include -I/private/tmp/dta-direct-stage5-minimum-preflight/r46-source/R-4.6.0/src/include -DHAVE_CONFIG_H  -I/opt/homebrew/include   -fvisibility=hidden -fPIC  -g -O2  -c /private/tmp/dta-direct-stage5-minimum-preflight/r46-source/R-4.6.0/src/library/stats/src/loessc.c -o loessc.o
gcc -std=gnu23 -I"../../../../include" -DNDEBUG -I../../../include -I/private/tmp/dta-direct-stage5-minimum-preflight/r46-source/R-4.6.0/src/include -DHAVE_CONFIG_H  -I/opt/homebrew/include   -fvisibility=hidden -fPIC  -g -O2  -c /private/tmp/dta-direct-stage5-minimum-preflight/r46-source/R-4.6.0/src/library/stats/src/monoSpl.c -o monoSpl.o
gcc -std=gnu23 -I"../../../../include" -DNDEBUG -I../../../include -I/private/tmp/dta-direct-stage5-minimum-preflight/r46-source/R-4.6.0/src/include -DHAVE_CONFIG_H  -I/opt/homebrew/include   -fvisibility=hidden -fPIC  -g -O2  -c /private/tmp/dta-direct-stage5-minimum-preflight/r46-source/R-4.6.0/src/library/stats/src/isoreg.c -o isoreg.o
gcc -std=gnu23 -I"../../../../include" -DNDEBUG -I../../../include -I/private/tmp/dta-direct-stage5-minimum-preflight/r46-source/R-4.6.0/src/include -DHAVE_CONFIG_H  -I/opt/homebrew/include   -fvisibility=hidden -fPIC  -g -O2  -c /private/tmp/dta-direct-stage5-minimum-preflight/r46-source/R-4.6.0/src/library/stats/src/Srunmed.c -o Srunmed.o
gcc -std=gnu23 -I"../../../../include" -DNDEBUG -I../../../include -I/private/tmp/dta-direct-stage5-minimum-preflight/r46-source/R-4.6.0/src/include -DHAVE_CONFIG_H  -I/opt/homebrew/include   -fvisibility=hidden -fPIC  -g -O2  -c /private/tmp/dta-direct-stage5-minimum-preflight/r46-source/R-4.6.0/src/library/stats/src/dblcen.c -o dblcen.o
gcc -std=gnu23 -I"../../../../include" -DNDEBUG -I../../../include -I/private/tmp/dta-direct-stage5-minimum-preflight/r46-source/R-4.6.0/src/include -DHAVE_CONFIG_H  -I/opt/homebrew/include   -fvisibility=hidden -fPIC  -g -O2  -c /private/tmp/dta-direct-stage5-minimum-preflight/r46-source/R-4.6.0/src/library/stats/src/distance.c -o distance.o
gcc -std=gnu23 -I"../../../../include" -DNDEBUG -I../../../include -I/private/tmp/dta-direct-stage5-minimum-preflight/r46-source/R-4.6.0/src/include -DHAVE_CONFIG_H  -I/opt/homebrew/include   -fvisibility=hidden -fPIC  -g -O2  -c /private/tmp/dta-direct-stage5-minimum-preflight/r46-source/R-4.6.0/src/library/stats/src/hclust-utils.c -o hclust-utils.o
gcc -std=gnu23 -I"../../../../include" -DNDEBUG -I../../../include -I/private/tmp/dta-direct-stage5-minimum-preflight/r46-source/R-4.6.0/src/include -DHAVE_CONFIG_H  -I/opt/homebrew/include   -fvisibility=hidden -fPIC  -g -O2  -c /private/tmp/dta-direct-stage5-minimum-preflight/r46-source/R-4.6.0/src/library/stats/src/nls.c -o nls.o
gcc -std=gnu23 -I"../../../../include" -DNDEBUG -I../../../include -I/private/tmp/dta-direct-stage5-minimum-preflight/r46-source/R-4.6.0/src/include -DHAVE_CONFIG_H  -I/opt/homebrew/include   -fvisibility=hidden -fPIC  -g -O2  -c /private/tmp/dta-direct-stage5-minimum-preflight/r46-source/R-4.6.0/src/library/stats/src/rWishart.c -o rWishart.o
gcc -std=gnu23 -I"../../../../include" -DNDEBUG -I../../../include -I/private/tmp/dta-direct-stage5-minimum-preflight/r46-source/R-4.6.0/src/include -DHAVE_CONFIG_H  -I/opt/homebrew/include   -fvisibility=hidden -fPIC  -g -O2  -c /private/tmp/dta-direct-stage5-minimum-preflight/r46-source/R-4.6.0/src/library/stats/src/HoltWinters.c -o HoltWinters.o
gcc -std=gnu23 -I"../../../../include" -DNDEBUG -I../../../include -I/private/tmp/dta-direct-stage5-minimum-preflight/r46-source/R-4.6.0/src/include -DHAVE_CONFIG_H  -I/opt/homebrew/include   -fvisibility=hidden -fPIC  -g -O2  -c /private/tmp/dta-direct-stage5-minimum-preflight/r46-source/R-4.6.0/src/library/stats/src/PPsum.c -o PPsum.o
gcc -std=gnu23 -I"../../../../include" -DNDEBUG -I../../../include -I/private/tmp/dta-direct-stage5-minimum-preflight/r46-source/R-4.6.0/src/include -DHAVE_CONFIG_H  -I/opt/homebrew/include   -fvisibility=hidden -fPIC  -g -O2  -c /private/tmp/dta-direct-stage5-minimum-preflight/r46-source/R-4.6.0/src/library/stats/src/arima.c -o arima.o
gcc -std=gnu23 -I"../../../../include" -DNDEBUG -I../../../include -I/private/tmp/dta-direct-stage5-minimum-preflight/r46-source/R-4.6.0/src/include -DHAVE_CONFIG_H  -I/opt/homebrew/include   -fvisibility=hidden -fPIC  -g -O2  -c /private/tmp/dta-direct-stage5-minimum-preflight/r46-source/R-4.6.0/src/library/stats/src/burg.c -o burg.o
gcc -std=gnu23 -I"../../../../include" -DNDEBUG -I../../../include -I/private/tmp/dta-direct-stage5-minimum-preflight/r46-source/R-4.6.0/src/include -DHAVE_CONFIG_H  -I/opt/homebrew/include   -fvisibility=hidden -fPIC  -g -O2  -c /private/tmp/dta-direct-stage5-minimum-preflight/r46-source/R-4.6.0/src/library/stats/src/filter.c -o filter.o
gcc -std=gnu23 -I"../../../../include" -DNDEBUG -I../../../include -I/private/tmp/dta-direct-stage5-minimum-preflight/r46-source/R-4.6.0/src/include -DHAVE_CONFIG_H  -I/opt/homebrew/include   -fvisibility=hidden -fPIC  -g -O2  -c /private/tmp/dta-direct-stage5-minimum-preflight/r46-source/R-4.6.0/src/library/stats/src/mAR.c -o mAR.o
gcc -std=gnu23 -I"../../../../include" -DNDEBUG -I../../../include -I/private/tmp/dta-direct-stage5-minimum-preflight/r46-source/R-4.6.0/src/include -DHAVE_CONFIG_H  -I/opt/homebrew/include   -fvisibility=hidden -fPIC  -g -O2  -c /private/tmp/dta-direct-stage5-minimum-preflight/r46-source/R-4.6.0/src/library/stats/src/pacf.c -o pacf.o
gcc -std=gnu23 -I"../../../../include" -DNDEBUG -I../../../include -I/private/tmp/dta-direct-stage5-minimum-preflight/r46-source/R-4.6.0/src/include -DHAVE_CONFIG_H  -I/opt/homebrew/include   -fvisibility=hidden -fPIC  -g -O2  -c /private/tmp/dta-direct-stage5-minimum-preflight/r46-source/R-4.6.0/src/library/stats/src/starma.c -o starma.o
gcc -std=gnu23 -I"../../../../include" -DNDEBUG -I../../../include -I/private/tmp/dta-direct-stage5-minimum-preflight/r46-source/R-4.6.0/src/include -DHAVE_CONFIG_H  -I/opt/homebrew/include   -fvisibility=hidden -fPIC  -g -O2  -c /private/tmp/dta-direct-stage5-minimum-preflight/r46-source/R-4.6.0/src/library/stats/src/port.c -o port.o
gcc -std=gnu23 -I"../../../../include" -DNDEBUG -I../../../include -I/private/tmp/dta-direct-stage5-minimum-preflight/r46-source/R-4.6.0/src/include -DHAVE_CONFIG_H  -I/opt/homebrew/include   -fvisibility=hidden -fPIC  -g -O2  -c /private/tmp/dta-direct-stage5-minimum-preflight/r46-source/R-4.6.0/src/library/stats/src/family.c -o family.o
gcc -std=gnu23 -I"../../../../include" -DNDEBUG -I../../../include -I/private/tmp/dta-direct-stage5-minimum-preflight/r46-source/R-4.6.0/src/include -DHAVE_CONFIG_H  -I/opt/homebrew/include   -fvisibility=hidden -fPIC  -g -O2  -c /private/tmp/dta-direct-stage5-minimum-preflight/r46-source/R-4.6.0/src/library/stats/src/sbart.c -o sbart.o
gcc -std=gnu23 -I"../../../../include" -DNDEBUG -I../../../include -I/private/tmp/dta-direct-stage5-minimum-preflight/r46-source/R-4.6.0/src/include -DHAVE_CONFIG_H  -I/opt/homebrew/include   -fvisibility=hidden -fPIC  -g -O2  -c /private/tmp/dta-direct-stage5-minimum-preflight/r46-source/R-4.6.0/src/library/stats/src/approx.c -o approx.o
gcc -std=gnu23 -I"../../../../include" -DNDEBUG -I../../../include -I/private/tmp/dta-direct-stage5-minimum-preflight/r46-source/R-4.6.0/src/include -DHAVE_CONFIG_H  -I/opt/homebrew/include   -fvisibility=hidden -fPIC  -g -O2  -c /private/tmp/dta-direct-stage5-minimum-preflight/r46-source/R-4.6.0/src/library/stats/src/loglin.c -o loglin.o
gcc -std=gnu23 -I"../../../../include" -DNDEBUG -I../../../include -I/private/tmp/dta-direct-stage5-minimum-preflight/r46-source/R-4.6.0/src/include -DHAVE_CONFIG_H  -I/opt/homebrew/include   -fvisibility=hidden -fPIC  -g -O2  -c /private/tmp/dta-direct-stage5-minimum-preflight/r46-source/R-4.6.0/src/library/stats/src/lowess.c -o lowess.o
gcc -std=gnu23 -I"../../../../include" -DNDEBUG -I../../../include -I/private/tmp/dta-direct-stage5-minimum-preflight/r46-source/R-4.6.0/src/include -DHAVE_CONFIG_H  -I/opt/homebrew/include   -fvisibility=hidden -fPIC  -g -O2  -c /private/tmp/dta-direct-stage5-minimum-preflight/r46-source/R-4.6.0/src/library/stats/src/massdist.c -o massdist.o
gcc -std=gnu23 -I"../../../../include" -DNDEBUG -I../../../include -I/private/tmp/dta-direct-stage5-minimum-preflight/r46-source/R-4.6.0/src/include -DHAVE_CONFIG_H  -I/opt/homebrew/include   -fvisibility=hidden -fPIC  -g -O2  -c /private/tmp/dta-direct-stage5-minimum-preflight/r46-source/R-4.6.0/src/library/stats/src/splines.c -o splines.o
gcc -std=gnu23 -I"../../../../include" -DNDEBUG -I../../../include -I/private/tmp/dta-direct-stage5-minimum-preflight/r46-source/R-4.6.0/src/include -DHAVE_CONFIG_H  -I/opt/homebrew/include   -fvisibility=hidden -fPIC  -g -O2  -c /private/tmp/dta-direct-stage5-minimum-preflight/r46-source/R-4.6.0/src/library/stats/src/lm.c -o lm.o
gcc -std=gnu23 -I"../../../../include" -DNDEBUG -I../../../include -I/private/tmp/dta-direct-stage5-minimum-preflight/r46-source/R-4.6.0/src/include -DHAVE_CONFIG_H  -I/opt/homebrew/include   -fvisibility=hidden -fPIC  -g -O2  -c /private/tmp/dta-direct-stage5-minimum-preflight/r46-source/R-4.6.0/src/library/stats/src/complete_cases.c -o complete_cases.o
gcc -std=gnu23 -I"../../../../include" -DNDEBUG -I../../../include -I/private/tmp/dta-direct-stage5-minimum-preflight/r46-source/R-4.6.0/src/include -DHAVE_CONFIG_H  -I/opt/homebrew/include   -fvisibility=hidden -fPIC  -g -O2  -c /private/tmp/dta-direct-stage5-minimum-preflight/r46-source/R-4.6.0/src/library/stats/src/cov.c -o cov.o
gcc -std=gnu23 -I"../../../../include" -DNDEBUG -I../../../include -I/private/tmp/dta-direct-stage5-minimum-preflight/r46-source/R-4.6.0/src/include -DHAVE_CONFIG_H  -I/opt/homebrew/include   -fvisibility=hidden -fPIC  -g -O2  -c /private/tmp/dta-direct-stage5-minimum-preflight/r46-source/R-4.6.0/src/library/stats/src/deriv.c -o deriv.o
gcc -std=gnu23 -I"../../../../include" -DNDEBUG -I../../../include -I/private/tmp/dta-direct-stage5-minimum-preflight/r46-source/R-4.6.0/src/include -DHAVE_CONFIG_H  -I/opt/homebrew/include   -fvisibility=hidden -fPIC  -g -O2  -c /private/tmp/dta-direct-stage5-minimum-preflight/r46-source/R-4.6.0/src/library/stats/src/fft.c -o fft.o
gcc -std=gnu23 -I"../../../../include" -DNDEBUG -I../../../include -I/private/tmp/dta-direct-stage5-minimum-preflight/r46-source/R-4.6.0/src/include -DHAVE_CONFIG_H  -I/opt/homebrew/include   -fvisibility=hidden -fPIC  -g -O2  -c /private/tmp/dta-direct-stage5-minimum-preflight/r46-source/R-4.6.0/src/library/stats/src/fourier.c -o fourier.o
gcc -std=gnu23 -I"../../../../include" -DNDEBUG -I../../../include -I/private/tmp/dta-direct-stage5-minimum-preflight/r46-source/R-4.6.0/src/include -DHAVE_CONFIG_H  -I/opt/homebrew/include   -fvisibility=hidden -fPIC  -g -O2  -c /private/tmp/dta-direct-stage5-minimum-preflight/r46-source/R-4.6.0/src/library/stats/src/model.c -o model.o
gcc -std=gnu23 -I"../../../../include" -DNDEBUG -I../../../include -I/private/tmp/dta-direct-stage5-minimum-preflight/r46-source/R-4.6.0/src/include -DHAVE_CONFIG_H  -I/opt/homebrew/include   -fvisibility=hidden -fPIC  -g -O2  -c /private/tmp/dta-direct-stage5-minimum-preflight/r46-source/R-4.6.0/src/library/stats/src/optim.c -o optim.o
gcc -std=gnu23 -I"../../../../include" -DNDEBUG -I../../../include -I/private/tmp/dta-direct-stage5-minimum-preflight/r46-source/R-4.6.0/src/include -DHAVE_CONFIG_H  -I/opt/homebrew/include   -fvisibility=hidden -fPIC  -g -O2  -c /private/tmp/dta-direct-stage5-minimum-preflight/r46-source/R-4.6.0/src/library/stats/src/optimize.c -o optimize.o
gcc -std=gnu23 -I"../../../../include" -DNDEBUG -I../../../include -I/private/tmp/dta-direct-stage5-minimum-preflight/r46-source/R-4.6.0/src/include -DHAVE_CONFIG_H  -I/opt/homebrew/include   -fvisibility=hidden -fPIC  -g -O2  -c /private/tmp/dta-direct-stage5-minimum-preflight/r46-source/R-4.6.0/src/library/stats/src/integrate.c -o integrate.o
gcc -std=gnu23 -I"../../../../include" -DNDEBUG -I../../../include -I/private/tmp/dta-direct-stage5-minimum-preflight/r46-source/R-4.6.0/src/include -DHAVE_CONFIG_H  -I/opt/homebrew/include   -fvisibility=hidden -fPIC  -g -O2  -c /private/tmp/dta-direct-stage5-minimum-preflight/r46-source/R-4.6.0/src/library/stats/src/random.c -o random.o
gcc -std=gnu23 -I"../../../../include" -DNDEBUG -I../../../include -I/private/tmp/dta-direct-stage5-minimum-preflight/r46-source/R-4.6.0/src/include -DHAVE_CONFIG_H  -I/opt/homebrew/include   -fvisibility=hidden -fPIC  -g -O2  -c /private/tmp/dta-direct-stage5-minimum-preflight/r46-source/R-4.6.0/src/library/stats/src/distn.c -o distn.o
gcc -std=gnu23 -I"../../../../include" -DNDEBUG -I../../../include -I/private/tmp/dta-direct-stage5-minimum-preflight/r46-source/R-4.6.0/src/include -DHAVE_CONFIG_H  -I/opt/homebrew/include   -fvisibility=hidden -fPIC  -g -O2  -c /private/tmp/dta-direct-stage5-minimum-preflight/r46-source/R-4.6.0/src/library/stats/src/zeroin.c -o zeroin.o
gcc -std=gnu23 -I"../../../../include" -DNDEBUG -I../../../include -I/private/tmp/dta-direct-stage5-minimum-preflight/r46-source/R-4.6.0/src/include -DHAVE_CONFIG_H  -I/opt/homebrew/include   -fvisibility=hidden -fPIC  -g -O2  -c /private/tmp/dta-direct-stage5-minimum-preflight/r46-source/R-4.6.0/src/library/stats/src/rcont.c -o rcont.o
gcc -std=gnu23 -I"../../../../include" -DNDEBUG -I../../../include -I/private/tmp/dta-direct-stage5-minimum-preflight/r46-source/R-4.6.0/src/include -DHAVE_CONFIG_H  -I/opt/homebrew/include   -fvisibility=hidden -fPIC  -g -O2  -c /private/tmp/dta-direct-stage5-minimum-preflight/r46-source/R-4.6.0/src/library/stats/src/influence.c -o influence.o
gcc -std=gnu23 -I"../../../../include" -DNDEBUG -I../../../include -I/private/tmp/dta-direct-stage5-minimum-preflight/r46-source/R-4.6.0/src/include -DHAVE_CONFIG_H  -I/opt/homebrew/include   -fvisibility=hidden -fPIC  -g -O2  -c /private/tmp/dta-direct-stage5-minimum-preflight/r46-source/R-4.6.0/src/library/stats/src/permdist.c -o permdist.o
gfortran -fvisibility=hidden -fPIC  -g -O2  -c /private/tmp/dta-direct-stage5-minimum-preflight/r46-source/R-4.6.0/src/library/stats/src/bsplvd.f -o bsplvd.o
gfortran -fvisibility=hidden -fPIC  -g -O2  -c /private/tmp/dta-direct-stage5-minimum-preflight/r46-source/R-4.6.0/src/library/stats/src/bvalue.f -o bvalue.o
gfortran -fvisibility=hidden -fPIC  -g -O2  -c /private/tmp/dta-direct-stage5-minimum-preflight/r46-source/R-4.6.0/src/library/stats/src/bvalus.f -o bvalus.o
gfortran -fvisibility=hidden -fPIC  -g -O2  -c /private/tmp/dta-direct-stage5-minimum-preflight/r46-source/R-4.6.0/src/library/stats/src/loessf.f -o loessf.o
gfortran -fvisibility=hidden -fPIC  -g -O2  -c /private/tmp/dta-direct-stage5-minimum-preflight/r46-source/R-4.6.0/src/library/stats/src/ppr.f -o ppr.o
gfortran -fvisibility=hidden -fPIC  -g -O2  -c /private/tmp/dta-direct-stage5-minimum-preflight/r46-source/R-4.6.0/src/library/stats/src/qsbart.f -o qsbart.o
gfortran -fvisibility=hidden -fPIC  -g -O2  -c /private/tmp/dta-direct-stage5-minimum-preflight/r46-source/R-4.6.0/src/library/stats/src/sgram.f -o sgram.o
gfortran -fvisibility=hidden -fPIC  -g -O2  -c /private/tmp/dta-direct-stage5-minimum-preflight/r46-source/R-4.6.0/src/library/stats/src/sinerp.f -o sinerp.o
gfortran -fvisibility=hidden -fPIC  -g -O2  -c /private/tmp/dta-direct-stage5-minimum-preflight/r46-source/R-4.6.0/src/library/stats/src/sslvrg.f -o sslvrg.o
gfortran -fvisibility=hidden -fPIC  -g -O2  -c /private/tmp/dta-direct-stage5-minimum-preflight/r46-source/R-4.6.0/src/library/stats/src/stxwx.f -o stxwx.o
gfortran -fvisibility=hidden -fPIC  -g -O2  -c /private/tmp/dta-direct-stage5-minimum-preflight/r46-source/R-4.6.0/src/library/stats/src/hclust.f -o hclust.o
gfortran -fvisibility=hidden -fPIC  -g -O2  -c /private/tmp/dta-direct-stage5-minimum-preflight/r46-source/R-4.6.0/src/library/stats/src/kmns.f -o kmns.o
gfortran -fvisibility=hidden -fPIC  -g -O2  -c /private/tmp/dta-direct-stage5-minimum-preflight/r46-source/R-4.6.0/src/library/stats/src/eureka.f -o eureka.o
gfortran -fvisibility=hidden -fPIC  -g -O2  -c /private/tmp/dta-direct-stage5-minimum-preflight/r46-source/R-4.6.0/src/library/stats/src/stl.f -o stl.o
gfortran -fPIC  -g -O2  -c /private/tmp/dta-direct-stage5-minimum-preflight/r46-source/R-4.6.0/src/library/stats/src/portsrc.f -o portsrc.o
gfortran -fvisibility=hidden -fPIC  -g -O2  -c /private/tmp/dta-direct-stage5-minimum-preflight/r46-source/R-4.6.0/src/library/stats/src/lminfl.f -o lminfl.o
gcc -std=gnu23 -dynamiclib -Wl,-headerpad_max_install_names -undefined dynamic_lookup -L../../../../lib -L/opt/homebrew/opt/gettext/lib -L/opt/homebrew/opt/pcre2/lib -L/opt/homebrew/opt/libdeflate/lib -L/opt/homebrew/opt/zstd/lib -L/opt/homebrew/opt/xz/lib -o stats.so init.o kmeans.o ansari.o bandwidths.o chisqsim.o d2x2xk.o fexact.o kendall.o ks.o line.o smooth.o prho.o swilk.o ksmooth.o loessc.o monoSpl.o isoreg.o Srunmed.o dblcen.o distance.o hclust-utils.o nls.o rWishart.o HoltWinters.o PPsum.o arima.o burg.o filter.o mAR.o pacf.o starma.o port.o family.o sbart.o approx.o loglin.o lowess.o massdist.o splines.o lm.o complete_cases.o cov.o deriv.o fft.o fourier.o model.o optim.o optimize.o integrate.o random.o distn.o zeroin.o rcont.o influence.o permdist.o bsplvd.o bvalue.o bvalus.o loessf.o ppr.o qsbart.o sgram.o sinerp.o sslvrg.o stxwx.o hclust.o kmns.o eureka.o stl.o portsrc.o lminfl.o -L../../../../lib -lRlapack -L../../../../lib -lRblas -L/opt/homebrew/Cellar/gcc/16.2.0/lib/gcc/current/gcc/aarch64-apple-darwin25/16 -L/opt/homebrew/Cellar/gcc/16.2.0/lib/gcc/current/gcc -L/opt/homebrew/Cellar/gcc/16.2.0/lib/gcc/current -lemutls_w -lheapt_w -lgfortran -lquadmath -L../../../../lib -lR
mkdir ../../../../library/stats/libs
byte-compiling package 'stats'
building package 'datasets'
mkdir ../../../library/datasets
mkdir ../../../library/datasets/data
building package 'methods'
mkdir ../../../library/methods
mkdir ../../../library/methods/R
making do_substitute_direct.d from /private/tmp/dta-direct-stage5-minimum-preflight/r46-source/R-4.6.0/src/library/methods/src/do_substitute_direct.c
making init.d from /private/tmp/dta-direct-stage5-minimum-preflight/r46-source/R-4.6.0/src/library/methods/src/init.c
making methods_list_dispatch.d from /private/tmp/dta-direct-stage5-minimum-preflight/r46-source/R-4.6.0/src/library/methods/src/methods_list_dispatch.c
making slot.d from /private/tmp/dta-direct-stage5-minimum-preflight/r46-source/R-4.6.0/src/library/methods/src/slot.c
gcc -std=gnu23 -I"../../../../include" -DNDEBUG -I../../../include -I/private/tmp/dta-direct-stage5-minimum-preflight/r46-source/R-4.6.0/src/include -DHAVE_CONFIG_H  -I/opt/homebrew/include   -fvisibility=hidden -fPIC  -g -O2  -c /private/tmp/dta-direct-stage5-minimum-preflight/r46-source/R-4.6.0/src/library/methods/src/do_substitute_direct.c -o do_substitute_direct.o
making class_support.d from /private/tmp/dta-direct-stage5-minimum-preflight/r46-source/R-4.6.0/src/library/methods/src/class_support.c
making tests.d from /private/tmp/dta-direct-stage5-minimum-preflight/r46-source/R-4.6.0/src/library/methods/src/tests.c
making utils.d from /private/tmp/dta-direct-stage5-minimum-preflight/r46-source/R-4.6.0/src/library/methods/src/utils.c
gcc -std=gnu23 -I"../../../../include" -DNDEBUG -I../../../include -I/private/tmp/dta-direct-stage5-minimum-preflight/r46-source/R-4.6.0/src/include -DHAVE_CONFIG_H  -I/opt/homebrew/include   -fvisibility=hidden -fPIC  -g -O2  -c /private/tmp/dta-direct-stage5-minimum-preflight/r46-source/R-4.6.0/src/library/methods/src/init.c -o init.o
gcc -std=gnu23 -I"../../../../include" -DNDEBUG -I../../../include -I/private/tmp/dta-direct-stage5-minimum-preflight/r46-source/R-4.6.0/src/include -DHAVE_CONFIG_H  -I/opt/homebrew/include   -fvisibility=hidden -fPIC  -g -O2  -c /private/tmp/dta-direct-stage5-minimum-preflight/r46-source/R-4.6.0/src/library/methods/src/methods_list_dispatch.c -o methods_list_dispatch.o
gcc -std=gnu23 -I"../../../../include" -DNDEBUG -I../../../include -I/private/tmp/dta-direct-stage5-minimum-preflight/r46-source/R-4.6.0/src/include -DHAVE_CONFIG_H  -I/opt/homebrew/include   -fvisibility=hidden -fPIC  -g -O2  -c /private/tmp/dta-direct-stage5-minimum-preflight/r46-source/R-4.6.0/src/library/methods/src/slot.c -o slot.o
gcc -std=gnu23 -I"../../../../include" -DNDEBUG -I../../../include -I/private/tmp/dta-direct-stage5-minimum-preflight/r46-source/R-4.6.0/src/include -DHAVE_CONFIG_H  -I/opt/homebrew/include   -fvisibility=hidden -fPIC  -g -O2  -c /private/tmp/dta-direct-stage5-minimum-preflight/r46-source/R-4.6.0/src/library/methods/src/class_support.c -o class_support.o
gcc -std=gnu23 -I"../../../../include" -DNDEBUG -I../../../include -I/private/tmp/dta-direct-stage5-minimum-preflight/r46-source/R-4.6.0/src/include -DHAVE_CONFIG_H  -I/opt/homebrew/include   -fvisibility=hidden -fPIC  -g -O2  -c /private/tmp/dta-direct-stage5-minimum-preflight/r46-source/R-4.6.0/src/library/methods/src/tests.c -o tests.o
gcc -std=gnu23 -I"../../../../include" -DNDEBUG -I../../../include -I/private/tmp/dta-direct-stage5-minimum-preflight/r46-source/R-4.6.0/src/include -DHAVE_CONFIG_H  -I/opt/homebrew/include   -fvisibility=hidden -fPIC  -g -O2  -c /private/tmp/dta-direct-stage5-minimum-preflight/r46-source/R-4.6.0/src/library/methods/src/utils.c -o utils.o
gcc -std=gnu23 -dynamiclib -Wl,-headerpad_max_install_names -undefined dynamic_lookup -L../../../../lib -L/opt/homebrew/opt/gettext/lib -L/opt/homebrew/opt/pcre2/lib -L/opt/homebrew/opt/libdeflate/lib -L/opt/homebrew/opt/zstd/lib -L/opt/homebrew/opt/xz/lib -o methods.so do_substitute_direct.o init.o methods_list_dispatch.o slot.o class_support.o tests.o utils.o -L../../../../lib -lR
mkdir ../../../../library/methods/libs
byte-compiling package 'methods'
initializing class and method definitions ... done
building package 'grid'
mkdir ../../../library/grid
mkdir ../../../library/grid/doc
mkdir ../../../library/grid/R
making clippath.d from /private/tmp/dta-direct-stage5-minimum-preflight/r46-source/R-4.6.0/src/library/grid/src/clippath.c
making gpar.d from /private/tmp/dta-direct-stage5-minimum-preflight/r46-source/R-4.6.0/src/library/grid/src/gpar.c
making grid.d from /private/tmp/dta-direct-stage5-minimum-preflight/r46-source/R-4.6.0/src/library/grid/src/grid.c
making just.d from /private/tmp/dta-direct-stage5-minimum-preflight/r46-source/R-4.6.0/src/library/grid/src/just.c
making mask.d from /private/tmp/dta-direct-stage5-minimum-preflight/r46-source/R-4.6.0/src/library/grid/src/mask.c
making layout.d from /private/tmp/dta-direct-stage5-minimum-preflight/r46-source/R-4.6.0/src/library/grid/src/layout.c
making matrix.d from /private/tmp/dta-direct-stage5-minimum-preflight/r46-source/R-4.6.0/src/library/grid/src/matrix.c
making path.d from /private/tmp/dta-direct-stage5-minimum-preflight/r46-source/R-4.6.0/src/library/grid/src/path.c
making register.d from /private/tmp/dta-direct-stage5-minimum-preflight/r46-source/R-4.6.0/src/library/grid/src/register.c
making state.d from /private/tmp/dta-direct-stage5-minimum-preflight/r46-source/R-4.6.0/src/library/grid/src/state.c
making typeset.d from /private/tmp/dta-direct-stage5-minimum-preflight/r46-source/R-4.6.0/src/library/grid/src/typeset.c
making unit.d from /private/tmp/dta-direct-stage5-minimum-preflight/r46-source/R-4.6.0/src/library/grid/src/unit.c
gcc -std=gnu23 -I"../../../../include" -DNDEBUG   -I/opt/homebrew/include   -fvisibility=hidden -fPIC  -g -O2  -c /private/tmp/dta-direct-stage5-minimum-preflight/r46-source/R-4.6.0/src/library/grid/src/clippath.c -o clippath.o
gcc -std=gnu23 -I"../../../../include" -DNDEBUG   -I/opt/homebrew/include   -fvisibility=hidden -fPIC  -g -O2  -c /private/tmp/dta-direct-stage5-minimum-preflight/r46-source/R-4.6.0/src/library/grid/src/gpar.c -o gpar.o
making util.d from /private/tmp/dta-direct-stage5-minimum-preflight/r46-source/R-4.6.0/src/library/grid/src/util.c
making viewport.d from /private/tmp/dta-direct-stage5-minimum-preflight/r46-source/R-4.6.0/src/library/grid/src/viewport.c
gcc -std=gnu23 -I"../../../../include" -DNDEBUG   -I/opt/homebrew/include   -fvisibility=hidden -fPIC  -g -O2  -c /private/tmp/dta-direct-stage5-minimum-preflight/r46-source/R-4.6.0/src/library/grid/src/grid.c -o grid.o
gcc -std=gnu23 -I"../../../../include" -DNDEBUG   -I/opt/homebrew/include   -fvisibility=hidden -fPIC  -g -O2  -c /private/tmp/dta-direct-stage5-minimum-preflight/r46-source/R-4.6.0/src/library/grid/src/just.c -o just.o
gcc -std=gnu23 -I"../../../../include" -DNDEBUG   -I/opt/homebrew/include   -fvisibility=hidden -fPIC  -g -O2  -c /private/tmp/dta-direct-stage5-minimum-preflight/r46-source/R-4.6.0/src/library/grid/src/layout.c -o layout.o
gcc -std=gnu23 -I"../../../../include" -DNDEBUG   -I/opt/homebrew/include   -fvisibility=hidden -fPIC  -g -O2  -c /private/tmp/dta-direct-stage5-minimum-preflight/r46-source/R-4.6.0/src/library/grid/src/mask.c -o mask.o
gcc -std=gnu23 -I"../../../../include" -DNDEBUG   -I/opt/homebrew/include   -fvisibility=hidden -fPIC  -g -O2  -c /private/tmp/dta-direct-stage5-minimum-preflight/r46-source/R-4.6.0/src/library/grid/src/matrix.c -o matrix.o
gcc -std=gnu23 -I"../../../../include" -DNDEBUG   -I/opt/homebrew/include   -fvisibility=hidden -fPIC  -g -O2  -c /private/tmp/dta-direct-stage5-minimum-preflight/r46-source/R-4.6.0/src/library/grid/src/path.c -o path.o
gcc -std=gnu23 -I"../../../../include" -DNDEBUG   -I/opt/homebrew/include   -fvisibility=hidden -fPIC  -g -O2  -c /private/tmp/dta-direct-stage5-minimum-preflight/r46-source/R-4.6.0/src/library/grid/src/register.c -o register.o
gcc -std=gnu23 -I"../../../../include" -DNDEBUG   -I/opt/homebrew/include   -fvisibility=hidden -fPIC  -g -O2  -c /private/tmp/dta-direct-stage5-minimum-preflight/r46-source/R-4.6.0/src/library/grid/src/state.c -o state.o
gcc -std=gnu23 -I"../../../../include" -DNDEBUG   -I/opt/homebrew/include   -fvisibility=hidden -fPIC  -g -O2  -c /private/tmp/dta-direct-stage5-minimum-preflight/r46-source/R-4.6.0/src/library/grid/src/typeset.c -o typeset.o
gcc -std=gnu23 -I"../../../../include" -DNDEBUG   -I/opt/homebrew/include   -fvisibility=hidden -fPIC  -g -O2  -c /private/tmp/dta-direct-stage5-minimum-preflight/r46-source/R-4.6.0/src/library/grid/src/unit.c -o unit.o
gcc -std=gnu23 -I"../../../../include" -DNDEBUG   -I/opt/homebrew/include   -fvisibility=hidden -fPIC  -g -O2  -c /private/tmp/dta-direct-stage5-minimum-preflight/r46-source/R-4.6.0/src/library/grid/src/util.c -o util.o
gcc -std=gnu23 -I"../../../../include" -DNDEBUG   -I/opt/homebrew/include   -fvisibility=hidden -fPIC  -g -O2  -c /private/tmp/dta-direct-stage5-minimum-preflight/r46-source/R-4.6.0/src/library/grid/src/viewport.c -o viewport.o
gcc -std=gnu23 -dynamiclib -Wl,-headerpad_max_install_names -undefined dynamic_lookup -L../../../../lib -L/opt/homebrew/opt/gettext/lib -L/opt/homebrew/opt/pcre2/lib -L/opt/homebrew/opt/libdeflate/lib -L/opt/homebrew/opt/zstd/lib -L/opt/homebrew/opt/xz/lib -o grid.so clippath.o gpar.o grid.o just.o layout.o mask.o matrix.o path.o register.o state.o typeset.o unit.o util.o viewport.o -L../../../../lib -lR
mkdir ../../../../library/grid/libs
byte-compiling package 'grid'
building package 'splines'
mkdir ../../../library/splines
mkdir ../../../library/splines/R
gcc -std=gnu23 -I"../../../../include" -DNDEBUG   -I/opt/homebrew/include   -fvisibility=hidden -fPIC  -g -O2  -c /private/tmp/dta-direct-stage5-minimum-preflight/r46-source/R-4.6.0/src/library/splines/src/splines.c -o splines.o
making splines.d from /private/tmp/dta-direct-stage5-minimum-preflight/r46-source/R-4.6.0/src/library/splines/src/splines.c
gcc -std=gnu23 -dynamiclib -Wl,-headerpad_max_install_names -undefined dynamic_lookup -L../../../../lib -L/opt/homebrew/opt/gettext/lib -L/opt/homebrew/opt/pcre2/lib -L/opt/homebrew/opt/libdeflate/lib -L/opt/homebrew/opt/zstd/lib -L/opt/homebrew/opt/xz/lib -o splines.so splines.o -L../../../../lib -lR
mkdir ../../../../library/splines/libs
byte-compiling package 'splines'
building package 'stats4'
mkdir ../../../library/stats4
mkdir ../../../library/stats4/R
byte-compiling package 'stats4'
building package 'tcltk'
mkdir ../../../library/tcltk
mkdir ../../../library/tcltk/R
mkdir ../../../library/tcltk/exec
building package 'parallel'
mkdir ../../../library/parallel
mkdir ../../../library/parallel/doc
mkdir ../../../library/parallel/R
gcc -std=gnu23 -I"../../../../include" -DNDEBUG -I../../../include -I/private/tmp/dta-direct-stage5-minimum-preflight/r46-source/R-4.6.0/src/include -DHAVE_CONFIG_H  -I/opt/homebrew/include   -fvisibility=hidden -fPIC  -g -O2  -c /private/tmp/dta-direct-stage5-minimum-preflight/r46-source/R-4.6.0/src/library/parallel/src/init.c -o init.o
making init.d from /private/tmp/dta-direct-stage5-minimum-preflight/r46-source/R-4.6.0/src/library/parallel/src/init.c
making rngstream.d from /private/tmp/dta-direct-stage5-minimum-preflight/r46-source/R-4.6.0/src/library/parallel/src/rngstream.c
making fork.d from /private/tmp/dta-direct-stage5-minimum-preflight/r46-source/R-4.6.0/src/library/parallel/src/fork.c
gcc -std=gnu23 -I"../../../../include" -DNDEBUG -I../../../include -I/private/tmp/dta-direct-stage5-minimum-preflight/r46-source/R-4.6.0/src/include -DHAVE_CONFIG_H  -I/opt/homebrew/include   -fvisibility=hidden -fPIC  -g -O2  -c /private/tmp/dta-direct-stage5-minimum-preflight/r46-source/R-4.6.0/src/library/parallel/src/rngstream.c -o rngstream.o
gcc -std=gnu23 -I"../../../../include" -DNDEBUG -I../../../include -I/private/tmp/dta-direct-stage5-minimum-preflight/r46-source/R-4.6.0/src/include -DHAVE_CONFIG_H  -I/opt/homebrew/include   -fvisibility=hidden -fPIC  -g -O2  -c /private/tmp/dta-direct-stage5-minimum-preflight/r46-source/R-4.6.0/src/library/parallel/src/fork.c -o fork.o
gcc -std=gnu23 -dynamiclib -Wl,-headerpad_max_install_names -undefined dynamic_lookup -L../../../../lib -L/opt/homebrew/opt/gettext/lib -L/opt/homebrew/opt/pcre2/lib -L/opt/homebrew/opt/libdeflate/lib -L/opt/homebrew/opt/zstd/lib -L/opt/homebrew/opt/xz/lib -o parallel.so init.o rngstream.o fork.o -L../../../../lib -lR
mkdir ../../../../library/parallel/libs
byte-compiling package 'parallel'
installing parsed NAMESPACE files
installing R bibliographies
installing R dictionaries
make[1]: Nothing to be done for `R'.
you should 'make docs' now ...
building/updating vignettes for package 'grid' ...
building/updating vignettes for package 'parallel' ...
building/updating vignettes for package 'utils' ...
building/updating vignettes for package 'stats' ...
creating doc/NEWS
creating doc/NEWS.pdf
creating doc/manual/version.texi
'texi2any' v6.8 or later needed to make HTML docs but missing on your system.
file R-FAQ.html will be missing and linked from CRAN
mkdir ../../doc/manual/images
'texi2any' v6.8 or later needed to make HTML docs but missing on your system.
file R-admin.html will be missing and linked from CRAN
'texi2any' v6.8 or later needed to make HTML docs but missing on your system.
file R-data.html will be missing and linked from CRAN
'texi2any' v6.8 or later needed to make HTML docs but missing on your system.
file R-exts.html will be missing and linked from CRAN
'texi2any' v6.8 or later needed to make HTML docs but missing on your system.
file R-intro.html will be missing and linked from CRAN
'texi2any' v6.8 or later needed to make HTML docs but missing on your system.
file R-ints.html will be missing and linked from CRAN
'texi2any' v6.8 or later needed to make HTML docs but missing on your system.
file R-lang.html will be missing and linked from CRAN
installing parsed Rd
  utils
  methods
  grDevices
  graphics
  grid
  tools
  tcltk
  splines
  stats4
  compiler
  parallel
  datasets
  base
  stats
building/updating package metadata ...
writing package indices
