remark: numeric-payload.c:70:9: loop not vectorized: call instruction cannot be vectorized [-Rpass-analysis=loop-vectorize]
remark: numeric-payload.c:69:5: loop not vectorized: instruction cannot be vectorized [-Rpass-analysis=loop-vectorize]
remark: numeric-payload.c:69:5: loop not vectorized [-Rpass-missed=loop-vectorize]
remark: numeric-payload.c:322:5: loop not vectorized: value that could not be identified as reduction is used outside the loop [-Rpass-analysis=loop-vectorize]
remark: numeric-payload.c:322:5: loop not vectorized: Cannot vectorize early exit loop with more than one early exit [-Rpass-analysis=loop-vectorize]
remark: numeric-payload.c:322:5: loop not vectorized: could not determine number of loop iterations [-Rpass-analysis=loop-vectorize]
remark: numeric-payload.c:322:5: loop not vectorized [-Rpass-missed=loop-vectorize]
remark: numeric-payload.c:336:5: loop not vectorized: value that could not be identified as reduction is used outside the loop [-Rpass-analysis=loop-vectorize]
remark: numeric-payload.c:336:5: loop not vectorized: Cannot vectorize early exit loop with more than one early exit [-Rpass-analysis=loop-vectorize]
remark: numeric-payload.c:336:5: loop not vectorized: could not determine number of loop iterations [-Rpass-analysis=loop-vectorize]
remark: numeric-payload.c:336:5: loop not vectorized [-Rpass-missed=loop-vectorize]
remark: numeric-payload.c:390:30: loop not vectorized: Control flow cannot be substituted for a select [-Rpass-analysis=loop-vectorize]
remark: numeric-payload.c:389:5: loop not vectorized: value that could not be identified as reduction is used outside the loop [-Rpass-analysis=loop-vectorize]
remark: numeric-payload.c:389:5: loop not vectorized: Cannot vectorize uncountable loop [-Rpass-analysis=loop-vectorize]
remark: numeric-payload.c:389:5: loop not vectorized: could not determine number of loop iterations [-Rpass-analysis=loop-vectorize]
remark: numeric-payload.c:389:5: loop not vectorized [-Rpass-missed=loop-vectorize]
remark: numeric-payload.c:803:768: vectorized loop (vectorization width: 4, interleaved count: 4) [-Rpass=loop-vectorize]
remark: numeric-payload.c:803:332: vectorized loop (vectorization width: 4, interleaved count: 4) [-Rpass=loop-vectorize]
remark: numeric-payload.c:799:737: vectorized loop (vectorization width: 4, interleaved count: 4) [-Rpass=loop-vectorize]
remark: numeric-payload.c:799:332: vectorized loop (vectorization width: 4, interleaved count: 4) [-Rpass=loop-vectorize]
remark: numeric-payload.c:795:669: vectorized loop (vectorization width: 4, interleaved count: 4) [-Rpass=loop-vectorize]
remark: numeric-payload.c:795:333: vectorized loop (vectorization width: 4, interleaved count: 4) [-Rpass=loop-vectorize]
remark: numeric-payload.c:794:674: vectorized loop (vectorization width: 4, interleaved count: 4) [-Rpass=loop-vectorize]
remark: numeric-payload.c:794:340: vectorized loop (vectorization width: 4, interleaved count: 4) [-Rpass=loop-vectorize]
remark: numeric-payload.c:791:664: vectorized loop (vectorization width: 8, interleaved count: 4) [-Rpass=loop-vectorize]
remark: numeric-payload.c:791:333: vectorized loop (vectorization width: 8, interleaved count: 2) [-Rpass=loop-vectorize]
remark: numeric-payload.c:790:671: vectorized loop (vectorization width: 8, interleaved count: 4) [-Rpass=loop-vectorize]
remark: numeric-payload.c:790:340: vectorized loop (vectorization width: 8, interleaved count: 2) [-Rpass=loop-vectorize]
remark: numeric-payload.c:787:661: vectorized loop (vectorization width: 16, interleaved count: 4) [-Rpass=loop-vectorize]
remark: numeric-payload.c:787:333: the cost-model indicates that interleaving is not beneficial [-Rpass-analysis=loop-vectorize]
remark: numeric-payload.c:787:333: vectorized loop (vectorization width: 16, interleaved count: 1) [-Rpass=loop-vectorize]
remark: numeric-payload.c:786:668: vectorized loop (vectorization width: 16, interleaved count: 4) [-Rpass=loop-vectorize]
remark: numeric-payload.c:786:340: the cost-model indicates that interleaving is not beneficial [-Rpass-analysis=loop-vectorize]
remark: numeric-payload.c:786:340: vectorized loop (vectorization width: 16, interleaved count: 1) [-Rpass=loop-vectorize]
remark: numeric-payload.c:1017:54: loop not vectorized: Control flow cannot be substituted for a select [-Rpass-analysis=loop-vectorize]
remark: numeric-payload.c:1017:54: loop not vectorized: call instruction cannot be vectorized [-Rpass-analysis=loop-vectorize]
remark: numeric-payload.c:1016:9: loop not vectorized: instruction cannot be vectorized [-Rpass-analysis=loop-vectorize]
remark: numeric-payload.c:1016:9: loop not vectorized [-Rpass-missed=loop-vectorize]
remark: numeric-payload.c:1026:54: loop not vectorized: Control flow cannot be substituted for a select [-Rpass-analysis=loop-vectorize]
remark: numeric-payload.c:1026:54: loop not vectorized: call instruction cannot be vectorized [-Rpass-analysis=loop-vectorize]
remark: numeric-payload.c:1025:9: loop not vectorized: instruction cannot be vectorized [-Rpass-analysis=loop-vectorize]
remark: numeric-payload.c:1025:9: loop not vectorized [-Rpass-missed=loop-vectorize]
remark: numeric-payload.c:1034:50: loop not vectorized: Control flow cannot be substituted for a select [-Rpass-analysis=loop-vectorize]
remark: numeric-payload.c:1034:50: loop not vectorized: call instruction cannot be vectorized [-Rpass-analysis=loop-vectorize]
remark: numeric-payload.c:1033:5: loop not vectorized: instruction cannot be vectorized [-Rpass-analysis=loop-vectorize]
remark: numeric-payload.c:1033:5: loop not vectorized [-Rpass-missed=loop-vectorize]
remark: numeric-payload.c:990:1823: the cost-model indicates that vectorization is not beneficial [-Rpass-missed=loop-vectorize]
remark: numeric-payload.c:990:1823: the cost-model indicates that interleaving is not beneficial [-Rpass-missed=loop-vectorize]
remark: numeric-payload.c:990:1001: the cost-model indicates that interleaving is not beneficial [-Rpass-analysis=loop-vectorize]
remark: numeric-payload.c:990:1001: vectorized loop (vectorization width: 4, interleaved count: 1) [-Rpass=loop-vectorize]
remark: numeric-payload.c:990:2634: the cost-model indicates that interleaving is not beneficial [-Rpass-analysis=loop-vectorize]
remark: numeric-payload.c:990:2634: vectorized loop (vectorization width: 4, interleaved count: 1) [-Rpass=loop-vectorize]
remark: numeric-payload.c:990:223: the cost-model indicates that interleaving is not beneficial [-Rpass-analysis=loop-vectorize]
remark: numeric-payload.c:990:223: vectorized loop (vectorization width: 4, interleaved count: 1) [-Rpass=loop-vectorize]
remark: numeric-payload.c:989:1830: the cost-model indicates that vectorization is not beneficial [-Rpass-missed=loop-vectorize]
remark: numeric-payload.c:989:1830: the cost-model indicates that interleaving is not beneficial [-Rpass-missed=loop-vectorize]
remark: numeric-payload.c:989:1008: the cost-model indicates that interleaving is not beneficial [-Rpass-analysis=loop-vectorize]
remark: numeric-payload.c:989:1008: vectorized loop (vectorization width: 4, interleaved count: 1) [-Rpass=loop-vectorize]
remark: numeric-payload.c:989:2641: the cost-model indicates that interleaving is not beneficial [-Rpass-analysis=loop-vectorize]
remark: numeric-payload.c:989:2641: vectorized loop (vectorization width: 4, interleaved count: 1) [-Rpass=loop-vectorize]
remark: numeric-payload.c:989:230: the cost-model indicates that interleaving is not beneficial [-Rpass-analysis=loop-vectorize]
remark: numeric-payload.c:989:230: vectorized loop (vectorization width: 4, interleaved count: 1) [-Rpass=loop-vectorize]
remark: numeric-payload.c:986:1825: the cost-model indicates that interleaving is not beneficial [-Rpass-analysis=loop-vectorize]
remark: numeric-payload.c:986:1825: vectorized loop (vectorization width: 4, interleaved count: 1) [-Rpass=loop-vectorize]
remark: numeric-payload.c:986:1002: the cost-model indicates that interleaving is not beneficial [-Rpass-analysis=loop-vectorize]
remark: numeric-payload.c:986:1002: vectorized loop (vectorization width: 4, interleaved count: 1) [-Rpass=loop-vectorize]
remark: numeric-payload.c:986:2637: vectorized loop (vectorization width: 4, interleaved count: 4) [-Rpass=loop-vectorize]
remark: numeric-payload.c:986:223: vectorized loop (vectorization width: 4, interleaved count: 4) [-Rpass=loop-vectorize]
remark: numeric-payload.c:985:1832: the cost-model indicates that interleaving is not beneficial [-Rpass-analysis=loop-vectorize]
remark: numeric-payload.c:985:1832: vectorized loop (vectorization width: 4, interleaved count: 1) [-Rpass=loop-vectorize]
remark: numeric-payload.c:985:1009: vectorized loop (vectorization width: 4, interleaved count: 4) [-Rpass=loop-vectorize]
remark: numeric-payload.c:985:2644: vectorized loop (vectorization width: 4, interleaved count: 4) [-Rpass=loop-vectorize]
remark: numeric-payload.c:985:230: vectorized loop (vectorization width: 4, interleaved count: 4) [-Rpass=loop-vectorize]
remark: numeric-payload.c:982:1823: the cost-model indicates that interleaving is not beneficial [-Rpass-analysis=loop-vectorize]
remark: numeric-payload.c:982:1823: vectorized loop (vectorization width: 8, interleaved count: 1) [-Rpass=loop-vectorize]
remark: numeric-payload.c:982:1001: the cost-model indicates that interleaving is not beneficial [-Rpass-analysis=loop-vectorize]
remark: numeric-payload.c:982:1001: vectorized loop (vectorization width: 8, interleaved count: 1) [-Rpass=loop-vectorize]
remark: numeric-payload.c:982:2634: the cost-model indicates that interleaving is not beneficial [-Rpass-analysis=loop-vectorize]
remark: numeric-payload.c:982:2634: vectorized loop (vectorization width: 8, interleaved count: 1) [-Rpass=loop-vectorize]
remark: numeric-payload.c:982:223: the cost-model indicates that interleaving is not beneficial [-Rpass-analysis=loop-vectorize]
remark: numeric-payload.c:982:223: vectorized loop (vectorization width: 8, interleaved count: 1) [-Rpass=loop-vectorize]
remark: numeric-payload.c:981:1830: the cost-model indicates that interleaving is not beneficial [-Rpass-analysis=loop-vectorize]
remark: numeric-payload.c:981:1830: vectorized loop (vectorization width: 8, interleaved count: 1) [-Rpass=loop-vectorize]
remark: numeric-payload.c:981:1008: the cost-model indicates that interleaving is not beneficial [-Rpass-analysis=loop-vectorize]
remark: numeric-payload.c:981:1008: vectorized loop (vectorization width: 8, interleaved count: 1) [-Rpass=loop-vectorize]
remark: numeric-payload.c:981:2641: the cost-model indicates that interleaving is not beneficial [-Rpass-analysis=loop-vectorize]
remark: numeric-payload.c:981:2641: vectorized loop (vectorization width: 8, interleaved count: 1) [-Rpass=loop-vectorize]
remark: numeric-payload.c:981:230: vectorized loop (vectorization width: 8, interleaved count: 4) [-Rpass=loop-vectorize]
remark: numeric-payload.c:978:1823: the cost-model indicates that interleaving is not beneficial [-Rpass-analysis=loop-vectorize]
remark: numeric-payload.c:978:1823: vectorized loop (vectorization width: 16, interleaved count: 1) [-Rpass=loop-vectorize]
remark: numeric-payload.c:978:1001: the cost-model indicates that interleaving is not beneficial [-Rpass-analysis=loop-vectorize]
remark: numeric-payload.c:978:1001: vectorized loop (vectorization width: 16, interleaved count: 1) [-Rpass=loop-vectorize]
remark: numeric-payload.c:978:2634: the cost-model indicates that interleaving is not beneficial [-Rpass-analysis=loop-vectorize]
remark: numeric-payload.c:978:2634: vectorized loop (vectorization width: 16, interleaved count: 1) [-Rpass=loop-vectorize]
remark: numeric-payload.c:978:223: the cost-model indicates that interleaving is not beneficial [-Rpass-analysis=loop-vectorize]
remark: numeric-payload.c:978:223: vectorized loop (vectorization width: 16, interleaved count: 1) [-Rpass=loop-vectorize]
remark: numeric-payload.c:977:1830: the cost-model indicates that interleaving is not beneficial [-Rpass-analysis=loop-vectorize]
remark: numeric-payload.c:977:1830: vectorized loop (vectorization width: 16, interleaved count: 1) [-Rpass=loop-vectorize]
remark: numeric-payload.c:977:1008: the cost-model indicates that interleaving is not beneficial [-Rpass-analysis=loop-vectorize]
remark: numeric-payload.c:977:1008: vectorized loop (vectorization width: 16, interleaved count: 1) [-Rpass=loop-vectorize]
remark: numeric-payload.c:977:2641: the cost-model indicates that interleaving is not beneficial [-Rpass-analysis=loop-vectorize]
remark: numeric-payload.c:977:2641: vectorized loop (vectorization width: 16, interleaved count: 1) [-Rpass=loop-vectorize]
remark: numeric-payload.c:977:230: vectorized loop (vectorization width: 16, interleaved count: 4) [-Rpass=loop-vectorize]
remark: numeric-payload.c:1168:35: loop not vectorized: Control flow cannot be substituted for a select [-Rpass-analysis=loop-vectorize]
remark: numeric-payload.c:1168:35: loop not vectorized: call instruction cannot be vectorized [-Rpass-analysis=loop-vectorize]
remark: numeric-payload.c:1167:5: loop not vectorized: Cannot vectorize early exit loop with more than one early exit [-Rpass-analysis=loop-vectorize]
remark: numeric-payload.c:1167:5: loop not vectorized: instruction cannot be vectorized [-Rpass-analysis=loop-vectorize]
remark: numeric-payload.c:1167:5: loop not vectorized [-Rpass-missed=loop-vectorize]
remark: numeric-payload.c:1152:39: loop not vectorized: Control flow cannot be substituted for a select [-Rpass-analysis=loop-vectorize]
remark: numeric-payload.c:1152:39: loop not vectorized: call instruction cannot be vectorized [-Rpass-analysis=loop-vectorize]
remark: numeric-payload.c:1151:9: loop not vectorized: Cannot vectorize early exit loop with writes to memory [-Rpass-analysis=loop-vectorize]
remark: numeric-payload.c:1151:9: loop not vectorized: instruction cannot be vectorized [-Rpass-analysis=loop-vectorize]
remark: numeric-payload.c:1151:9: loop not vectorized [-Rpass-missed=loop-vectorize]
remark: numeric-payload.c:1130:39: loop not vectorized: Control flow cannot be substituted for a select [-Rpass-analysis=loop-vectorize]
remark: numeric-payload.c:1130:39: loop not vectorized: call instruction cannot be vectorized [-Rpass-analysis=loop-vectorize]
remark: numeric-payload.c:1129:9: loop not vectorized: instruction cannot be vectorized [-Rpass-analysis=loop-vectorize]
remark: numeric-payload.c:1129:9: loop not vectorized [-Rpass-missed=loop-vectorize]
remark: numeric-payload.c:1138:39: loop not vectorized: Control flow cannot be substituted for a select [-Rpass-analysis=loop-vectorize]
remark: numeric-payload.c:1137:9: loop not vectorized: value that could not be identified as reduction is used outside the loop [-Rpass-analysis=loop-vectorize]
remark: numeric-payload.c:1137:9: loop not vectorized: instruction cannot be vectorized [-Rpass-analysis=loop-vectorize]
remark: numeric-payload.c:1137:9: loop not vectorized [-Rpass-missed=loop-vectorize]
remark: numeric-payload.c:1257:5: loop not vectorized: Cannot vectorize early exit loop with reductions or recurrences [-Rpass-analysis=loop-vectorize]
remark: numeric-payload.c:1257:5: loop not vectorized [-Rpass-missed=loop-vectorize]
remark: numeric-payload.c:1363:39: loop not vectorized: call instruction cannot be vectorized [-Rpass-analysis=loop-vectorize]
remark: numeric-payload.c:1362:9: loop not vectorized: Cannot vectorize uncountable loop [-Rpass-analysis=loop-vectorize]
remark: numeric-payload.c:1362:9: loop not vectorized: instruction cannot be vectorized [-Rpass-analysis=loop-vectorize]
remark: numeric-payload.c:1362:9: loop not vectorized [-Rpass-missed=loop-vectorize]
remark: numeric-payload.c:1391:9: loop not vectorized: Control flow cannot be substituted for a select [-Rpass-analysis=loop-vectorize]
remark: numeric-payload.c:1373:12: loop not vectorized: value that could not be identified as reduction is used outside the loop [-Rpass-analysis=loop-vectorize]
remark: numeric-payload.c:1374:5: loop not vectorized: Cannot vectorize early exit loop with more than one early exit [-Rpass-analysis=loop-vectorize]
remark: numeric-payload.c:1374:5: loop not vectorized: could not determine number of loop iterations [-Rpass-analysis=loop-vectorize]
remark: numeric-payload.c:1374:5: loop not vectorized [-Rpass-missed=loop-vectorize]
remark: numeric-payload.c:1404:9: vectorized loop (vectorization width: 4, interleaved count: 2) [-Rpass=loop-vectorize]
remark: numeric-payload.c:916:18: loop not vectorized: Control flow cannot be substituted for a select [-Rpass-analysis=loop-vectorize]
remark: numeric-payload.c:1410:9: loop not vectorized: value that could not be identified as reduction is used outside the loop [-Rpass-analysis=loop-vectorize]
remark: numeric-payload.c:1410:9: loop not vectorized: Cannot vectorize uncountable loop [-Rpass-analysis=loop-vectorize]
remark: numeric-payload.c:1410:9: loop not vectorized: instruction cannot be vectorized [-Rpass-analysis=loop-vectorize]
remark: numeric-payload.c:1410:9: loop not vectorized [-Rpass-missed=loop-vectorize]
remark: numeric-payload.c:1455:5: loop not vectorized: Control flow cannot be substituted for a select [-Rpass-analysis=loop-vectorize]
remark: numeric-payload.c:1456:24: loop not vectorized: call instruction cannot be vectorized [-Rpass-analysis=loop-vectorize]
remark: numeric-payload.c:1455:5: loop not vectorized: Cannot vectorize uncountable loop [-Rpass-analysis=loop-vectorize]
remark: numeric-payload.c:1455:5: loop not vectorized: instruction cannot be vectorized [-Rpass-analysis=loop-vectorize]
remark: numeric-payload.c:1455:5: loop not vectorized [-Rpass-missed=loop-vectorize]
remark: numeric-payload.c:1554:36: loop not vectorized: Control flow cannot be substituted for a select [-Rpass-analysis=loop-vectorize]
remark: numeric-payload.c:1554:36: loop not vectorized: call instruction cannot be vectorized [-Rpass-analysis=loop-vectorize]
remark: numeric-payload.c:1553:9: loop not vectorized: Cannot vectorize early exit loop with reductions or recurrences [-Rpass-analysis=loop-vectorize]
remark: numeric-payload.c:1553:9: loop not vectorized: instruction cannot be vectorized [-Rpass-analysis=loop-vectorize]
remark: numeric-payload.c:1553:9: loop not vectorized [-Rpass-missed=loop-vectorize]
remark: numeric-payload.c:1607:55: loop not vectorized: call instruction cannot be vectorized [-Rpass-analysis=loop-vectorize]
remark: numeric-payload.c:1606:17: loop not vectorized: instruction cannot be vectorized [-Rpass-analysis=loop-vectorize]
remark: numeric-payload.c:1606:17: loop not vectorized [-Rpass-missed=loop-vectorize]
remark: numeric-payload.c:1257:5: loop not vectorized: Cannot vectorize early exit loop with reductions or recurrences [-Rpass-analysis=loop-vectorize]
remark: numeric-payload.c:1257:5: loop not vectorized [-Rpass-missed=loop-vectorize]
remark: numeric-payload.c:1799:35: loop not vectorized: Control flow cannot be substituted for a select [-Rpass-analysis=loop-vectorize]
remark: numeric-payload.c:1799:35: loop not vectorized: call instruction cannot be vectorized [-Rpass-analysis=loop-vectorize]
remark: numeric-payload.c:1798:5: loop not vectorized: instruction cannot be vectorized [-Rpass-analysis=loop-vectorize]
remark: numeric-payload.c:1798:5: loop not vectorized [-Rpass-missed=loop-vectorize]
remark: numeric-payload.c:1818:39: loop not vectorized: Control flow cannot be substituted for a select [-Rpass-analysis=loop-vectorize]
remark: numeric-payload.c:1818:39: loop not vectorized: call instruction cannot be vectorized [-Rpass-analysis=loop-vectorize]
remark: numeric-payload.c:1817:9: loop not vectorized: instruction cannot be vectorized [-Rpass-analysis=loop-vectorize]
remark: numeric-payload.c:1817:9: loop not vectorized [-Rpass-missed=loop-vectorize]
remark: numeric-payload.c:1847:39: loop not vectorized: unsafe dependent memory operations in loop. Use #pragma clang loop distribute(enable) to allow loop distribution to attempt to isolate the offending operations into a separate loop
Unknown data dependence. Memory location is the same as accessed at numeric-payload.c:1846:9 [-Rpass-analysis=loop-vectorize]
remark: numeric-payload.c:1843:5: loop not vectorized [-Rpass-missed=loop-vectorize]
remark: numeric-payload.c:1756:31: loop not vectorized: value that could not be identified as reduction is used outside the loop [-Rpass-analysis=loop-vectorize]
remark: numeric-payload.c:1756:31: loop not vectorized: Cannot vectorize early exit loop with more than one early exit [-Rpass-analysis=loop-vectorize]
remark: numeric-payload.c:1756:31: loop not vectorized: could not determine number of loop iterations [-Rpass-analysis=loop-vectorize]
remark: numeric-payload.c:1756:31: loop not vectorized [-Rpass-missed=loop-vectorize]
remark: numeric-payload.c:1754:5: loop not vectorized: value that could not be identified as reduction is used outside the loop [-Rpass-analysis=loop-vectorize]
remark: numeric-payload.c:1754:5: loop not vectorized: Cannot vectorize early exit loop with more than one early exit [-Rpass-analysis=loop-vectorize]
remark: numeric-payload.c:1754:5: loop not vectorized: could not determine number of loop iterations [-Rpass-analysis=loop-vectorize]
remark: numeric-payload.c:1754:5: loop not vectorized [-Rpass-missed=loop-vectorize]
remark: numeric-payload.c:1855:40: loop not vectorized: value that could not be identified as reduction is used outside the loop [-Rpass-analysis=loop-vectorize]
remark: numeric-payload.c:1854:5: loop not vectorized: instruction cannot be vectorized [-Rpass-analysis=loop-vectorize]
remark: numeric-payload.c:1854:5: loop not vectorized [-Rpass-missed=loop-vectorize]
remark: numeric-payload.c:1861:5: loop not vectorized: value that could not be identified as reduction is used outside the loop [-Rpass-analysis=loop-vectorize]
remark: numeric-payload.c:1861:5: loop not vectorized [-Rpass-missed=loop-vectorize]
remark: numeric-payload.c:1871:9: loop not vectorized: Control flow cannot be substituted for a select [-Rpass-analysis=loop-vectorize]
remark: numeric-payload.c:1870:13: loop not vectorized: call instruction cannot be vectorized [-Rpass-analysis=loop-vectorize]
remark: numeric-payload.c:1868:5: loop not vectorized: instruction cannot be vectorized [-Rpass-analysis=loop-vectorize]
remark: numeric-payload.c:1868:5: loop not vectorized [-Rpass-missed=loop-vectorize]
remark: numeric-payload.c:1875:35: loop not vectorized: Control flow cannot be substituted for a select [-Rpass-analysis=loop-vectorize]
remark: numeric-payload.c:1875:35: loop not vectorized: call instruction cannot be vectorized [-Rpass-analysis=loop-vectorize]
remark: numeric-payload.c:1874:5: loop not vectorized: instruction cannot be vectorized [-Rpass-analysis=loop-vectorize]
remark: numeric-payload.c:1874:5: loop not vectorized [-Rpass-missed=loop-vectorize]
remark: numeric-payload.c:2094:39: loop not vectorized: Control flow cannot be substituted for a select [-Rpass-analysis=loop-vectorize]
remark: numeric-payload.c:2094:39: loop not vectorized: call instruction cannot be vectorized [-Rpass-analysis=loop-vectorize]
remark: numeric-payload.c:2093:9: loop not vectorized: Cannot vectorize early exit loop with writes to memory [-Rpass-analysis=loop-vectorize]
remark: numeric-payload.c:2093:9: loop not vectorized: instruction cannot be vectorized [-Rpass-analysis=loop-vectorize]
remark: numeric-payload.c:2093:9: loop not vectorized [-Rpass-missed=loop-vectorize]
remark: numeric-payload.c:826:35: loop not vectorized: Control flow cannot be substituted for a select [-Rpass-analysis=loop-vectorize]
remark: numeric-payload.c:826:35: loop not vectorized: call instruction cannot be vectorized [-Rpass-analysis=loop-vectorize]
remark: numeric-payload.c:825:5: loop not vectorized: Cannot vectorize early exit loop with reductions or recurrences [-Rpass-analysis=loop-vectorize]
remark: numeric-payload.c:825:5: loop not vectorized: instruction cannot be vectorized [-Rpass-analysis=loop-vectorize]
remark: numeric-payload.c:825:5: loop not vectorized [-Rpass-missed=loop-vectorize]
remark: numeric-payload.c:2403:31: loop not vectorized: Control flow cannot be substituted for a select [-Rpass-analysis=loop-vectorize]
remark: numeric-payload.c:2403:31: loop not vectorized: call instruction cannot be vectorized [-Rpass-analysis=loop-vectorize]
remark: numeric-payload.c:2402:5: loop not vectorized: Cannot vectorize early exit loop with reductions or recurrences [-Rpass-analysis=loop-vectorize]
remark: numeric-payload.c:2402:5: loop not vectorized: instruction cannot be vectorized [-Rpass-analysis=loop-vectorize]
remark: numeric-payload.c:2402:5: loop not vectorized [-Rpass-missed=loop-vectorize]
remark: numeric-payload.c:2573:35: loop not vectorized: Control flow cannot be substituted for a select [-Rpass-analysis=loop-vectorize]
remark: numeric-payload.c:2573:35: loop not vectorized: call instruction cannot be vectorized [-Rpass-analysis=loop-vectorize]
remark: numeric-payload.c:2572:5: loop not vectorized: Cannot vectorize early exit loop with reductions or recurrences [-Rpass-analysis=loop-vectorize]
remark: numeric-payload.c:2572:5: loop not vectorized: instruction cannot be vectorized [-Rpass-analysis=loop-vectorize]
remark: numeric-payload.c:2572:5: loop not vectorized [-Rpass-missed=loop-vectorize]
remark: numeric-payload.c:2696:13: loop not vectorized: Control flow cannot be substituted for a select [-Rpass-analysis=loop-vectorize]
remark: numeric-payload.c:2694:68: loop not vectorized: call instruction cannot be vectorized [-Rpass-analysis=loop-vectorize]
remark: numeric-payload.c:2693:5: loop not vectorized: instruction cannot be vectorized [-Rpass-analysis=loop-vectorize]
remark: numeric-payload.c:2693:5: loop not vectorized [-Rpass-missed=loop-vectorize]
remark: numeric-payload.c:2732:24: loop not vectorized: Control flow cannot be substituted for a select [-Rpass-analysis=loop-vectorize]
remark: numeric-payload.c:2730:5: loop not vectorized: value that could not be identified as reduction is used outside the loop [-Rpass-analysis=loop-vectorize]
remark: numeric-payload.c:2730:5: loop not vectorized: Cannot vectorize early exit loop with more than one early exit [-Rpass-analysis=loop-vectorize]
remark: numeric-payload.c:2730:5: loop not vectorized: instruction cannot be vectorized [-Rpass-analysis=loop-vectorize]
remark: numeric-payload.c:2730:5: loop not vectorized [-Rpass-missed=loop-vectorize]
remark: numeric-payload.c:2842:36: loop not vectorized: Control flow cannot be substituted for a select [-Rpass-analysis=loop-vectorize]
remark: numeric-payload.c:2841:25: loop not vectorized: call instruction cannot be vectorized [-Rpass-analysis=loop-vectorize]
remark: numeric-payload.c:2840:5: loop not vectorized: Cannot vectorize uncountable loop [-Rpass-analysis=loop-vectorize]
remark: numeric-payload.c:2840:5: loop not vectorized: instruction cannot be vectorized [-Rpass-analysis=loop-vectorize]
remark: numeric-payload.c:2840:5: loop not vectorized [-Rpass-missed=loop-vectorize]
remark: numeric-payload.c:2634:35: loop not vectorized: Control flow cannot be substituted for a select [-Rpass-analysis=loop-vectorize]
remark: numeric-payload.c:2634:35: loop not vectorized: call instruction cannot be vectorized [-Rpass-analysis=loop-vectorize]
remark: numeric-payload.c:2633:5: loop not vectorized: instruction cannot be vectorized [-Rpass-analysis=loop-vectorize]
remark: numeric-payload.c:2633:5: loop not vectorized [-Rpass-missed=loop-vectorize]
remark: numeric-payload.c:3537:49: loop not vectorized: Control flow cannot be substituted for a select [-Rpass-analysis=loop-vectorize]
remark: numeric-payload.c:3534:25: loop not vectorized: call instruction cannot be vectorized [-Rpass-analysis=loop-vectorize]
remark: numeric-payload.c:3533:5: loop not vectorized: Cannot vectorize early exit loop with reductions or recurrences [-Rpass-analysis=loop-vectorize]
remark: numeric-payload.c:3533:5: loop not vectorized: instruction cannot be vectorized [-Rpass-analysis=loop-vectorize]
remark: numeric-payload.c:3533:5: loop not vectorized [-Rpass-missed=loop-vectorize]
remark: numeric-payload.c:3572:29: loop not vectorized: Control flow cannot be substituted for a select [-Rpass-analysis=loop-vectorize]
remark: numeric-payload.c:3562:25: loop not vectorized: call instruction cannot be vectorized [-Rpass-analysis=loop-vectorize]
remark: numeric-payload.c:3561:5: loop not vectorized: Cannot vectorize early exit loop [-Rpass-analysis=loop-vectorize]
remark: numeric-payload.c:3561:5: loop not vectorized: instruction cannot be vectorized [-Rpass-analysis=loop-vectorize]
remark: numeric-payload.c:3561:5: loop not vectorized [-Rpass-missed=loop-vectorize]
remark: numeric-payload.c:3499:28: loop not vectorized: Control flow cannot be substituted for a select [-Rpass-analysis=loop-vectorize]
remark: numeric-payload.c:3499:28: loop not vectorized: value that could not be identified as reduction is used outside the loop [-Rpass-analysis=loop-vectorize]
remark: numeric-payload.c:3499:28: loop not vectorized: Cannot vectorize uncountable loop [-Rpass-analysis=loop-vectorize]
remark: numeric-payload.c:3499:28: loop not vectorized: could not determine number of loop iterations [-Rpass-analysis=loop-vectorize]
remark: numeric-payload.c:3499:28: loop not vectorized [-Rpass-missed=loop-vectorize]
remark: numeric-payload.c:3485:46: loop not vectorized: call instruction cannot be vectorized [-Rpass-analysis=loop-vectorize]
remark: numeric-payload.c:3485:5: loop not vectorized: Cannot vectorize uncountable loop [-Rpass-analysis=loop-vectorize]
remark: numeric-payload.c:3485:5: loop not vectorized: instruction cannot be vectorized [-Rpass-analysis=loop-vectorize]
remark: numeric-payload.c:3485:5: loop not vectorized [-Rpass-missed=loop-vectorize]
remark: numeric-payload.c:4030:49: loop not vectorized: call instruction cannot be vectorized [-Rpass-analysis=loop-vectorize]
remark: numeric-payload.c:4029:5: loop not vectorized: Cannot vectorize early exit loop with writes to memory [-Rpass-analysis=loop-vectorize]
remark: numeric-payload.c:4029:5: loop not vectorized: instruction cannot be vectorized [-Rpass-analysis=loop-vectorize]
remark: numeric-payload.c:4029:5: loop not vectorized [-Rpass-missed=loop-vectorize]
remark: numeric-payload.c:3194:40: loop not vectorized: Loop contains an unsupported switch [-Rpass-analysis=loop-vectorize]
remark: numeric-payload.c:3190:5: loop not vectorized: value that could not be identified as reduction is used outside the loop [-Rpass-analysis=loop-vectorize]
remark: numeric-payload.c:3190:5: loop not vectorized: Cannot vectorize early exit loop with more than one early exit [-Rpass-analysis=loop-vectorize]
remark: numeric-payload.c:3190:5: loop not vectorized: instruction cannot be vectorized [-Rpass-analysis=loop-vectorize]
remark: numeric-payload.c:3190:5: loop not vectorized [-Rpass-missed=loop-vectorize]
remark: numeric-payload.c:3247:39: loop not vectorized: Control flow cannot be substituted for a select [-Rpass-analysis=loop-vectorize]
remark: numeric-payload.c:3247:52: loop not vectorized: call instruction cannot be vectorized [-Rpass-analysis=loop-vectorize]
remark: numeric-payload.c:3246:5: loop not vectorized: Cannot vectorize early exit loop with more than one early exit [-Rpass-analysis=loop-vectorize]
remark: numeric-payload.c:3246:5: loop not vectorized: instruction cannot be vectorized [-Rpass-analysis=loop-vectorize]
remark: numeric-payload.c:3246:5: loop not vectorized [-Rpass-missed=loop-vectorize]
remark: numeric-payload.c:3068:40: loop not vectorized: Loop contains an unsupported switch [-Rpass-analysis=loop-vectorize]
remark: numeric-payload.c:3055:5: loop not vectorized: value that could not be identified as reduction is used outside the loop [-Rpass-analysis=loop-vectorize]
remark: numeric-payload.c:3055:5: loop not vectorized: Cannot vectorize early exit loop with more than one early exit [-Rpass-analysis=loop-vectorize]
remark: numeric-payload.c:3055:5: loop not vectorized: could not determine number of loop iterations [-Rpass-analysis=loop-vectorize]
remark: numeric-payload.c:3055:5: loop not vectorized [-Rpass-missed=loop-vectorize]
remark: numeric-payload.c:3343:44: loop not vectorized: Loop contains an unsupported switch [-Rpass-analysis=loop-vectorize]
remark: numeric-payload.c:3338:32: loop not vectorized: value that could not be identified as reduction is used outside the loop [-Rpass-analysis=loop-vectorize]
remark: numeric-payload.c:3338:32: loop not vectorized: Cannot vectorize early exit loop with more than one early exit [-Rpass-analysis=loop-vectorize]
remark: numeric-payload.c:3338:32: loop not vectorized: could not determine number of loop iterations [-Rpass-analysis=loop-vectorize]
remark: numeric-payload.c:3338:32: loop not vectorized [-Rpass-missed=loop-vectorize]
remark: ./numeric-arithmetic.h:18:23: loop not vectorized: call instruction cannot be vectorized [-Rpass-analysis=loop-vectorize]
remark: ./numeric-arithmetic.h:17:5: loop not vectorized: Cannot vectorize early exit loop with more than one early exit [-Rpass-analysis=loop-vectorize]
remark: ./numeric-arithmetic.h:17:5: loop not vectorized: instruction cannot be vectorized [-Rpass-analysis=loop-vectorize]
remark: ./numeric-arithmetic.h:17:5: loop not vectorized [-Rpass-missed=loop-vectorize]
remark: numeric-payload.c:5794:23: loop not vectorized: call instruction cannot be vectorized [-Rpass-analysis=loop-vectorize]
remark: numeric-payload.c:5793:5: loop not vectorized: Cannot vectorize early exit loop with more than one early exit [-Rpass-analysis=loop-vectorize]
remark: numeric-payload.c:5793:5: loop not vectorized: instruction cannot be vectorized [-Rpass-analysis=loop-vectorize]
remark: numeric-payload.c:5793:5: loop not vectorized [-Rpass-missed=loop-vectorize]
remark: numeric-payload.c:5834:62: loop not vectorized: Control flow cannot be substituted for a select [-Rpass-analysis=loop-vectorize]
remark: numeric-payload.c:5833:23: loop not vectorized: call instruction cannot be vectorized [-Rpass-analysis=loop-vectorize]
remark: numeric-payload.c:5832:5: loop not vectorized: Cannot vectorize early exit loop with more than one early exit [-Rpass-analysis=loop-vectorize]
remark: numeric-payload.c:5832:5: loop not vectorized: instruction cannot be vectorized [-Rpass-analysis=loop-vectorize]
remark: numeric-payload.c:5832:5: loop not vectorized [-Rpass-missed=loop-vectorize]
remark: numeric-payload.c:4475:5: loop not vectorized: Cannot vectorize early exit loop with more than one early exit [-Rpass-analysis=loop-vectorize]
remark: numeric-payload.c:4475:5: loop not vectorized [-Rpass-missed=loop-vectorize]
remark: numeric-payload.c:4528:9: vectorized loop (vectorization width: 2, interleaved count: 4) [-Rpass=loop-vectorize]
remark: numeric-payload.c:4736:35: loop not vectorized: Control flow cannot be substituted for a select [-Rpass-analysis=loop-vectorize]
remark: numeric-payload.c:4736:35: loop not vectorized: call instruction cannot be vectorized [-Rpass-analysis=loop-vectorize]
remark: numeric-payload.c:4735:9: loop not vectorized: instruction cannot be vectorized [-Rpass-analysis=loop-vectorize]
remark: numeric-payload.c:4735:9: loop not vectorized [-Rpass-missed=loop-vectorize]
remark: numeric-payload.c:4743:9: loop not vectorized: Cannot vectorize early exit loop with more than one early exit [-Rpass-analysis=loop-vectorize]
remark: numeric-payload.c:4743:9: loop not vectorized [-Rpass-missed=loop-vectorize]
remark: numeric-payload.c:4763:35: loop not vectorized: Control flow cannot be substituted for a select [-Rpass-analysis=loop-vectorize]
remark: numeric-payload.c:4763:35: loop not vectorized: call instruction cannot be vectorized [-Rpass-analysis=loop-vectorize]
remark: numeric-payload.c:4762:9: loop not vectorized: instruction cannot be vectorized [-Rpass-analysis=loop-vectorize]
remark: numeric-payload.c:4762:9: loop not vectorized [-Rpass-missed=loop-vectorize]
remark: numeric-payload.c:4725:35: loop not vectorized: Control flow cannot be substituted for a select [-Rpass-analysis=loop-vectorize]
remark: numeric-payload.c:4725:35: loop not vectorized: call instruction cannot be vectorized [-Rpass-analysis=loop-vectorize]
remark: numeric-payload.c:4724:9: loop not vectorized: instruction cannot be vectorized [-Rpass-analysis=loop-vectorize]
remark: numeric-payload.c:4724:9: loop not vectorized [-Rpass-missed=loop-vectorize]
remark: numeric-payload.c:4856:35: loop not vectorized: Control flow cannot be substituted for a select [-Rpass-analysis=loop-vectorize]
remark: numeric-payload.c:4855:5: loop not vectorized: value that could not be identified as reduction is used outside the loop [-Rpass-analysis=loop-vectorize]
remark: numeric-payload.c:4855:5: loop not vectorized: Incorrect number of successors from early exiting block [-Rpass-analysis=loop-vectorize]
remark: numeric-payload.c:4855:5: loop not vectorized: instruction cannot be vectorized [-Rpass-analysis=loop-vectorize]
remark: numeric-payload.c:4855:5: loop not vectorized [-Rpass-missed=loop-vectorize]
remark: numeric-payload.c:4934:35: loop not vectorized: Control flow cannot be substituted for a select [-Rpass-analysis=loop-vectorize]
remark: numeric-payload.c:4934:35: loop not vectorized: call instruction cannot be vectorized [-Rpass-analysis=loop-vectorize]
remark: numeric-payload.c:4933:5: loop not vectorized: Cannot vectorize early exit loop with reductions or recurrences [-Rpass-analysis=loop-vectorize]
remark: numeric-payload.c:4933:5: loop not vectorized: instruction cannot be vectorized [-Rpass-analysis=loop-vectorize]
remark: numeric-payload.c:4933:5: loop not vectorized [-Rpass-missed=loop-vectorize]
remark: numeric-payload.c:5094:22: loop not vectorized: call instruction cannot be vectorized [-Rpass-analysis=loop-vectorize]
remark: numeric-payload.c:5087:5: loop not vectorized: Early exit loop contains operations that cannot be speculatively executed [-Rpass-analysis=loop-vectorize]
remark: numeric-payload.c:5087:5: loop not vectorized: instruction cannot be vectorized [-Rpass-analysis=loop-vectorize]
remark: numeric-payload.c:5087:5: loop not vectorized [-Rpass-missed=loop-vectorize]
remark: numeric-payload.c:5160:31: loop not vectorized: Control flow cannot be substituted for a select [-Rpass-analysis=loop-vectorize]
remark: numeric-payload.c:5160:31: loop not vectorized: call instruction cannot be vectorized [-Rpass-analysis=loop-vectorize]
remark: numeric-payload.c:5159:5: loop not vectorized: Cannot vectorize early exit loop with more than one early exit [-Rpass-analysis=loop-vectorize]
remark: numeric-payload.c:5159:5: loop not vectorized: instruction cannot be vectorized [-Rpass-analysis=loop-vectorize]
remark: numeric-payload.c:5159:5: loop not vectorized [-Rpass-missed=loop-vectorize]
remark: numeric-payload.c:5183:31: loop not vectorized: Control flow cannot be substituted for a select [-Rpass-analysis=loop-vectorize]
remark: numeric-payload.c:0:0: loop not vectorized: value that could not be identified as reduction is used outside the loop [-Rpass-analysis=loop-vectorize]
remark: numeric-payload.c:5182:5: loop not vectorized: Cannot vectorize early exit loop with writes to memory [-Rpass-analysis=loop-vectorize]
remark: numeric-payload.c:5182:5: loop not vectorized: instruction cannot be vectorized [-Rpass-analysis=loop-vectorize]
remark: numeric-payload.c:5182:5: loop not vectorized [-Rpass-missed=loop-vectorize]
remark: numeric-payload.c:5015:5: loop not vectorized: Loop contains an unsupported switch [-Rpass-analysis=loop-vectorize]
remark: numeric-payload.c:5365:5: loop not vectorized: value that could not be identified as reduction is used outside the loop [-Rpass-analysis=loop-vectorize]
remark: numeric-payload.c:5365:5: loop not vectorized: Cannot vectorize early exit loop with more than one early exit [-Rpass-analysis=loop-vectorize]
remark: numeric-payload.c:5365:5: loop not vectorized: instruction cannot be vectorized [-Rpass-analysis=loop-vectorize]
remark: numeric-payload.c:5365:5: loop not vectorized [-Rpass-missed=loop-vectorize]
remark: numeric-payload.c:5425:15: loop not vectorized: Control flow cannot be substituted for a select [-Rpass-analysis=loop-vectorize]
remark: numeric-payload.c:5420:22: loop not vectorized: call instruction cannot be vectorized [-Rpass-analysis=loop-vectorize]
remark: numeric-payload.c:5419:5: loop not vectorized: Cannot vectorize early exit loop with more than one early exit [-Rpass-analysis=loop-vectorize]
remark: numeric-payload.c:5419:5: loop not vectorized: instruction cannot be vectorized [-Rpass-analysis=loop-vectorize]
remark: numeric-payload.c:5419:5: loop not vectorized [-Rpass-missed=loop-vectorize]
remark: numeric-payload.c:5041:31: loop not vectorized: Control flow cannot be substituted for a select [-Rpass-analysis=loop-vectorize]
remark: numeric-payload.c:5041:31: loop not vectorized: call instruction cannot be vectorized [-Rpass-analysis=loop-vectorize]
remark: numeric-payload.c:5040:5: loop not vectorized: Cannot vectorize early exit loop with more than one early exit [-Rpass-analysis=loop-vectorize]
remark: numeric-payload.c:5040:5: loop not vectorized: instruction cannot be vectorized [-Rpass-analysis=loop-vectorize]
remark: numeric-payload.c:5040:5: loop not vectorized [-Rpass-missed=loop-vectorize]
remark: numeric-payload.c:3891:40: loop not vectorized: Loop contains an unsupported switch [-Rpass-analysis=loop-vectorize]
remark: numeric-payload.c:3888:5: loop not vectorized: value that could not be identified as reduction is used outside the loop [-Rpass-analysis=loop-vectorize]
remark: numeric-payload.c:3888:5: loop not vectorized: Cannot vectorize early exit loop with more than one early exit [-Rpass-analysis=loop-vectorize]
remark: numeric-payload.c:3888:5: loop not vectorized: instruction cannot be vectorized [-Rpass-analysis=loop-vectorize]
remark: numeric-payload.c:3888:5: loop not vectorized [-Rpass-missed=loop-vectorize]
remark: numeric-payload.c:5598:81: loop not vectorized: Control flow cannot be substituted for a select [-Rpass-analysis=loop-vectorize]
remark: numeric-payload.c:5592:21: loop not vectorized: call instruction cannot be vectorized [-Rpass-analysis=loop-vectorize]
remark: numeric-payload.c:5591:5: loop not vectorized: Cannot vectorize early exit loop with more than one early exit [-Rpass-analysis=loop-vectorize]
remark: numeric-payload.c:5591:5: loop not vectorized: instruction cannot be vectorized [-Rpass-analysis=loop-vectorize]
remark: numeric-payload.c:5591:5: loop not vectorized [-Rpass-missed=loop-vectorize]
remark: numeric-payload.c:5308:15: loop not vectorized: Control flow cannot be substituted for a select [-Rpass-analysis=loop-vectorize]
remark: numeric-payload.c:5305:5: loop not vectorized: value that could not be identified as reduction is used outside the loop [-Rpass-analysis=loop-vectorize]
remark: numeric-payload.c:5305:5: loop not vectorized: Cannot vectorize early exit loop with more than one early exit [-Rpass-analysis=loop-vectorize]
remark: numeric-payload.c:5305:5: loop not vectorized: instruction cannot be vectorized [-Rpass-analysis=loop-vectorize]
remark: numeric-payload.c:5305:5: loop not vectorized [-Rpass-missed=loop-vectorize]
remark: numeric-payload.c:6075:35: loop not vectorized: Control flow cannot be substituted for a select [-Rpass-analysis=loop-vectorize]
remark: numeric-payload.c:6074:5: loop not vectorized: value that could not be identified as reduction is used outside the loop [-Rpass-analysis=loop-vectorize]
remark: numeric-payload.c:6074:5: loop not vectorized: Cannot vectorize early exit loop with more than one early exit [-Rpass-analysis=loop-vectorize]
remark: numeric-payload.c:6074:5: loop not vectorized: instruction cannot be vectorized [-Rpass-analysis=loop-vectorize]
remark: numeric-payload.c:6074:5: loop not vectorized [-Rpass-missed=loop-vectorize]
remark: numeric-payload.c:6100:35: loop not vectorized: Control flow cannot be substituted for a select [-Rpass-analysis=loop-vectorize]
remark: numeric-payload.c:6099:5: loop not vectorized: value that could not be identified as reduction is used outside the loop [-Rpass-analysis=loop-vectorize]
remark: numeric-payload.c:6099:5: loop not vectorized: Cannot vectorize early exit loop with more than one early exit [-Rpass-analysis=loop-vectorize]
remark: numeric-payload.c:6099:5: loop not vectorized: instruction cannot be vectorized [-Rpass-analysis=loop-vectorize]
remark: numeric-payload.c:6099:5: loop not vectorized [-Rpass-missed=loop-vectorize]
remark: numeric-payload.c:6130:9: loop not vectorized: value that could not be identified as reduction is used outside the loop [-Rpass-analysis=loop-vectorize]
remark: numeric-payload.c:6130:9: loop not vectorized: Cannot vectorize uncountable loop [-Rpass-analysis=loop-vectorize]
remark: numeric-payload.c:6130:9: loop not vectorized: could not determine number of loop iterations [-Rpass-analysis=loop-vectorize]
remark: numeric-payload.c:6130:9: loop not vectorized [-Rpass-missed=loop-vectorize]
remark: numeric-payload.c:6142:39: loop not vectorized: Control flow cannot be substituted for a select [-Rpass-analysis=loop-vectorize]
remark: numeric-payload.c:6142:39: loop not vectorized: call instruction cannot be vectorized [-Rpass-analysis=loop-vectorize]
remark: numeric-payload.c:6141:13: loop not vectorized: Cannot vectorize early exit loop with more than one early exit [-Rpass-analysis=loop-vectorize]
remark: numeric-payload.c:6141:13: loop not vectorized: instruction cannot be vectorized [-Rpass-analysis=loop-vectorize]
remark: numeric-payload.c:6141:13: loop not vectorized [-Rpass-missed=loop-vectorize]
remark: numeric-payload.c:6176:35: loop not vectorized: Control flow cannot be substituted for a select [-Rpass-analysis=loop-vectorize]
remark: numeric-payload.c:6175:9: loop not vectorized: value that could not be identified as reduction is used outside the loop [-Rpass-analysis=loop-vectorize]
remark: numeric-payload.c:6175:9: loop not vectorized: Cannot vectorize early exit loop with more than one early exit [-Rpass-analysis=loop-vectorize]
remark: numeric-payload.c:6175:9: loop not vectorized: instruction cannot be vectorized [-Rpass-analysis=loop-vectorize]
remark: numeric-payload.c:6175:9: loop not vectorized [-Rpass-missed=loop-vectorize]
remark: numeric-payload.c:6202:21: loop not vectorized: call instruction cannot be vectorized [-Rpass-analysis=loop-vectorize]
remark: numeric-payload.c:6200:17: loop not vectorized: instruction cannot be vectorized [-Rpass-analysis=loop-vectorize]
remark: numeric-payload.c:6200:17: loop not vectorized [-Rpass-missed=loop-vectorize]
remark: numeric-payload.c:5968:21: loop not vectorized: Control flow cannot be substituted for a select [-Rpass-analysis=loop-vectorize]
remark: numeric-payload.c:5968:41: loop not vectorized: call instruction cannot be vectorized [-Rpass-analysis=loop-vectorize]
remark: numeric-payload.c:5965:9: loop not vectorized: instruction cannot be vectorized [-Rpass-analysis=loop-vectorize]
remark: numeric-payload.c:5965:9: loop not vectorized [-Rpass-missed=loop-vectorize]
remark: numeric-payload.c:5893:17: loop not vectorized: call instruction cannot be vectorized [-Rpass-analysis=loop-vectorize]
remark: numeric-payload.c:5891:5: loop not vectorized: Cannot vectorize early exit loop with writes to memory [-Rpass-analysis=loop-vectorize]
remark: numeric-payload.c:5891:5: loop not vectorized: instruction cannot be vectorized [-Rpass-analysis=loop-vectorize]
remark: numeric-payload.c:5891:5: loop not vectorized [-Rpass-missed=loop-vectorize]
remark: numeric-payload.c:5905:23: loop not vectorized: call instruction cannot be vectorized [-Rpass-analysis=loop-vectorize]
remark: numeric-payload.c:5904:5: loop not vectorized: Cannot vectorize early exit loop with more than one early exit [-Rpass-analysis=loop-vectorize]
remark: numeric-payload.c:5904:5: loop not vectorized: instruction cannot be vectorized [-Rpass-analysis=loop-vectorize]
remark: numeric-payload.c:5904:5: loop not vectorized [-Rpass-missed=loop-vectorize]
remark: numeric-payload.c:5931:62: loop not vectorized: Control flow cannot be substituted for a select [-Rpass-analysis=loop-vectorize]
remark: numeric-payload.c:5930:23: loop not vectorized: call instruction cannot be vectorized [-Rpass-analysis=loop-vectorize]
remark: numeric-payload.c:5929:5: loop not vectorized: Cannot vectorize early exit loop with more than one early exit [-Rpass-analysis=loop-vectorize]
remark: numeric-payload.c:5929:5: loop not vectorized: instruction cannot be vectorized [-Rpass-analysis=loop-vectorize]
remark: numeric-payload.c:5929:5: loop not vectorized [-Rpass-missed=loop-vectorize]
remark: numeric-payload.c:5015:5: loop not vectorized: Loop contains an unsupported switch [-Rpass-analysis=loop-vectorize]
remark: numeric-payload.c:5007:12: loop not vectorized: call instruction cannot be vectorized [-Rpass-analysis=loop-vectorize]
remark: numeric-payload.c:5982:5: loop not vectorized: Cannot vectorize early exit loop with more than one early exit [-Rpass-analysis=loop-vectorize]
remark: numeric-payload.c:5982:5: loop not vectorized: instruction cannot be vectorized [-Rpass-analysis=loop-vectorize]
remark: numeric-payload.c:5982:5: loop not vectorized [-Rpass-missed=loop-vectorize]
remark: numeric-payload.c:5007:12: loop not vectorized: call instruction cannot be vectorized [-Rpass-analysis=loop-vectorize]
remark: numeric-payload.c:5994:5: loop not vectorized: Cannot vectorize early exit loop with more than one early exit [-Rpass-analysis=loop-vectorize]
remark: numeric-payload.c:5994:5: loop not vectorized: instruction cannot be vectorized [-Rpass-analysis=loop-vectorize]
remark: numeric-payload.c:5994:5: loop not vectorized [-Rpass-missed=loop-vectorize]
remark: numeric-payload.c:6001:14: loop not vectorized: call instruction cannot be vectorized [-Rpass-analysis=loop-vectorize]
remark: numeric-payload.c:6000:5: loop not vectorized: Cannot vectorize early exit loop with more than one early exit [-Rpass-analysis=loop-vectorize]
remark: numeric-payload.c:6000:5: loop not vectorized: instruction cannot be vectorized [-Rpass-analysis=loop-vectorize]
remark: numeric-payload.c:6000:5: loop not vectorized [-Rpass-missed=loop-vectorize]
remark: numeric-payload.c:6031:17: loop not vectorized: call instruction cannot be vectorized [-Rpass-analysis=loop-vectorize]
remark: numeric-payload.c:6028:5: loop not vectorized: Cannot vectorize early exit loop with writes to memory [-Rpass-analysis=loop-vectorize]
remark: numeric-payload.c:6028:5: loop not vectorized: instruction cannot be vectorized [-Rpass-analysis=loop-vectorize]
remark: numeric-payload.c:6028:5: loop not vectorized [-Rpass-missed=loop-vectorize]
remark: numeric-payload.c:6240:32: loop not vectorized: Control flow cannot be substituted for a select [-Rpass-analysis=loop-vectorize]
remark: numeric-payload.c:6239:21: loop not vectorized: call instruction cannot be vectorized [-Rpass-analysis=loop-vectorize]
remark: numeric-payload.c:6238:5: loop not vectorized: Cannot vectorize early exit loop with more than one early exit [-Rpass-analysis=loop-vectorize]
remark: numeric-payload.c:6238:5: loop not vectorized: instruction cannot be vectorized [-Rpass-analysis=loop-vectorize]
remark: numeric-payload.c:6238:5: loop not vectorized [-Rpass-missed=loop-vectorize]
remark: numeric-payload.c:6390:31: loop not vectorized: Control flow cannot be substituted for a select [-Rpass-analysis=loop-vectorize]
remark: numeric-payload.c:6389:5: loop not vectorized: value that could not be identified as reduction is used outside the loop [-Rpass-analysis=loop-vectorize]
remark: numeric-payload.c:6389:5: loop not vectorized: Cannot vectorize early exit loop with more than one early exit [-Rpass-analysis=loop-vectorize]
remark: numeric-payload.c:6389:5: loop not vectorized: instruction cannot be vectorized [-Rpass-analysis=loop-vectorize]
remark: numeric-payload.c:6389:5: loop not vectorized [-Rpass-missed=loop-vectorize]
remark: numeric-payload.c:6465:31: loop not vectorized: Control flow cannot be substituted for a select [-Rpass-analysis=loop-vectorize]
remark: numeric-payload.c:6465:31: loop not vectorized: call instruction cannot be vectorized [-Rpass-analysis=loop-vectorize]
remark: numeric-payload.c:6464:5: loop not vectorized: Cannot vectorize early exit loop with more than one early exit [-Rpass-analysis=loop-vectorize]
remark: numeric-payload.c:6464:5: loop not vectorized: instruction cannot be vectorized [-Rpass-analysis=loop-vectorize]
remark: numeric-payload.c:6464:5: loop not vectorized [-Rpass-missed=loop-vectorize]
remark: numeric-payload.c:6528:35: loop not vectorized: Control flow cannot be substituted for a select [-Rpass-analysis=loop-vectorize]
remark: numeric-payload.c:6528:35: loop not vectorized: call instruction cannot be vectorized [-Rpass-analysis=loop-vectorize]
remark: numeric-payload.c:6527:5: loop not vectorized: Cannot vectorize early exit loop with reductions or recurrences [-Rpass-analysis=loop-vectorize]
remark: numeric-payload.c:6527:5: loop not vectorized: instruction cannot be vectorized [-Rpass-analysis=loop-vectorize]
remark: numeric-payload.c:6527:5: loop not vectorized [-Rpass-missed=loop-vectorize]
remark: ./initial-capture.inc:28:9: loop not vectorized: call instruction cannot be vectorized [-Rpass-analysis=loop-vectorize]
remark: ./initial-capture.inc:27:5: loop not vectorized: instruction cannot be vectorized [-Rpass-analysis=loop-vectorize]
remark: ./initial-capture.inc:27:5: loop not vectorized [-Rpass-missed=loop-vectorize]
remark: ./initial-capture.inc:136:69: loop not vectorized: call instruction cannot be vectorized [-Rpass-analysis=loop-vectorize]
remark: ./initial-capture.inc:136:5: loop not vectorized: instruction cannot be vectorized [-Rpass-analysis=loop-vectorize]
remark: ./initial-capture.inc:136:5: loop not vectorized [-Rpass-missed=loop-vectorize]
remark: ./initial-capture.inc:78:40: loop not vectorized: Loop contains an unsupported switch [-Rpass-analysis=loop-vectorize]
remark: ./initial-capture.inc:70:5: loop not vectorized: value that could not be identified as reduction is used outside the loop [-Rpass-analysis=loop-vectorize]
remark: ./initial-capture.inc:70:5: loop not vectorized: Cannot vectorize early exit loop with more than one early exit [-Rpass-analysis=loop-vectorize]
remark: ./initial-capture.inc:70:5: loop not vectorized: instruction cannot be vectorized [-Rpass-analysis=loop-vectorize]
remark: ./initial-capture.inc:70:5: loop not vectorized [-Rpass-missed=loop-vectorize]
remark: ./initial-capture.inc:208:80: loop not vectorized: Control flow cannot be substituted for a select [-Rpass-analysis=loop-vectorize]
remark: ./initial-capture.inc:207:23: loop not vectorized: call instruction cannot be vectorized [-Rpass-analysis=loop-vectorize]
remark: ./initial-capture.inc:202:5: loop not vectorized: Cannot vectorize early exit loop with more than one early exit [-Rpass-analysis=loop-vectorize]
remark: ./initial-capture.inc:202:5: loop not vectorized: instruction cannot be vectorized [-Rpass-analysis=loop-vectorize]
remark: ./initial-capture.inc:202:5: loop not vectorized [-Rpass-missed=loop-vectorize]
remark: ./initial-capture.inc:313:34: loop not vectorized: Control flow cannot be substituted for a select [-Rpass-analysis=loop-vectorize]
remark: ./initial-capture.inc:312:29: loop not vectorized: call instruction cannot be vectorized [-Rpass-analysis=loop-vectorize]
remark: ./initial-capture.inc:311:9: loop not vectorized: Cannot vectorize early exit loop with more than one early exit [-Rpass-analysis=loop-vectorize]
remark: ./initial-capture.inc:311:9: loop not vectorized: instruction cannot be vectorized [-Rpass-analysis=loop-vectorize]
remark: ./initial-capture.inc:311:9: loop not vectorized [-Rpass-missed=loop-vectorize]
remark: ./initial-capture.inc:335:9: loop not vectorized: call instruction cannot be vectorized [-Rpass-analysis=loop-vectorize]
remark: ./initial-capture.inc:334:5: loop not vectorized: instruction cannot be vectorized [-Rpass-analysis=loop-vectorize]
remark: ./initial-capture.inc:334:5: loop not vectorized [-Rpass-missed=loop-vectorize]
remark: numeric-payload.c:1724:5: loop not vectorized: value that could not be identified as reduction is used outside the loop [-Rpass-analysis=loop-vectorize]
remark: numeric-payload.c:1724:5: loop not vectorized: Cannot vectorize early exit loop with more than one early exit [-Rpass-analysis=loop-vectorize]
remark: numeric-payload.c:1724:5: loop not vectorized: could not determine number of loop iterations [-Rpass-analysis=loop-vectorize]
remark: numeric-payload.c:1724:5: loop not vectorized [-Rpass-missed=loop-vectorize]
remark: numeric-payload.c:1684:9: loop not vectorized: value that could not be identified as reduction is used outside the loop [-Rpass-analysis=loop-vectorize]
remark: numeric-payload.c:1684:9: loop not vectorized: Cannot vectorize uncountable loop [-Rpass-analysis=loop-vectorize]
remark: numeric-payload.c:1684:9: loop not vectorized: could not determine number of loop iterations [-Rpass-analysis=loop-vectorize]
remark: numeric-payload.c:1684:9: loop not vectorized [-Rpass-missed=loop-vectorize]
remark: numeric-payload.c:602:1857: loop not vectorized: Control flow cannot be substituted for a select [-Rpass-analysis=loop-vectorize]
remark: numeric-payload.c:602:1857: loop not vectorized: call instruction cannot be vectorized [-Rpass-analysis=loop-vectorize]
remark: numeric-payload.c:602:1777: loop not vectorized: instruction cannot be vectorized [-Rpass-analysis=loop-vectorize]
remark: numeric-payload.c:602:1777: loop not vectorized [-Rpass-missed=loop-vectorize]
remark: numeric-payload.c:602:1613: loop not vectorized: Control flow cannot be substituted for a select [-Rpass-analysis=loop-vectorize]
remark: numeric-payload.c:602:1613: loop not vectorized: call instruction cannot be vectorized [-Rpass-analysis=loop-vectorize]
remark: numeric-payload.c:602:1533: loop not vectorized: Cannot vectorize early exit loop [-Rpass-analysis=loop-vectorize]
remark: numeric-payload.c:602:1533: loop not vectorized: instruction cannot be vectorized [-Rpass-analysis=loop-vectorize]
remark: numeric-payload.c:602:1533: loop not vectorized [-Rpass-missed=loop-vectorize]
remark: numeric-payload.c:601:1857: loop not vectorized: Control flow cannot be substituted for a select [-Rpass-analysis=loop-vectorize]
remark: numeric-payload.c:601:1857: loop not vectorized: call instruction cannot be vectorized [-Rpass-analysis=loop-vectorize]
remark: numeric-payload.c:601:1777: loop not vectorized: instruction cannot be vectorized [-Rpass-analysis=loop-vectorize]
remark: numeric-payload.c:601:1777: loop not vectorized [-Rpass-missed=loop-vectorize]
remark: numeric-payload.c:601:1612: loop not vectorized: Control flow cannot be substituted for a select [-Rpass-analysis=loop-vectorize]
remark: numeric-payload.c:601:1612: loop not vectorized: call instruction cannot be vectorized [-Rpass-analysis=loop-vectorize]
remark: numeric-payload.c:601:1532: loop not vectorized: Cannot vectorize early exit loop [-Rpass-analysis=loop-vectorize]
remark: numeric-payload.c:601:1532: loop not vectorized: instruction cannot be vectorized [-Rpass-analysis=loop-vectorize]
remark: numeric-payload.c:601:1532: loop not vectorized [-Rpass-missed=loop-vectorize]
remark: numeric-payload.c:600:1847: loop not vectorized: Control flow cannot be substituted for a select [-Rpass-analysis=loop-vectorize]
remark: numeric-payload.c:600:1847: loop not vectorized: call instruction cannot be vectorized [-Rpass-analysis=loop-vectorize]
remark: numeric-payload.c:600:1767: loop not vectorized: instruction cannot be vectorized [-Rpass-analysis=loop-vectorize]
remark: numeric-payload.c:600:1767: loop not vectorized [-Rpass-missed=loop-vectorize]
remark: numeric-payload.c:600:1603: loop not vectorized: Control flow cannot be substituted for a select [-Rpass-analysis=loop-vectorize]
remark: numeric-payload.c:600:1603: loop not vectorized: call instruction cannot be vectorized [-Rpass-analysis=loop-vectorize]
remark: numeric-payload.c:600:1523: loop not vectorized: Cannot vectorize early exit loop [-Rpass-analysis=loop-vectorize]
remark: numeric-payload.c:600:1523: loop not vectorized: instruction cannot be vectorized [-Rpass-analysis=loop-vectorize]
remark: numeric-payload.c:600:1523: loop not vectorized [-Rpass-missed=loop-vectorize]
remark: numeric-payload.c:599:1852: loop not vectorized: Control flow cannot be substituted for a select [-Rpass-analysis=loop-vectorize]
remark: numeric-payload.c:599:1852: loop not vectorized: call instruction cannot be vectorized [-Rpass-analysis=loop-vectorize]
remark: numeric-payload.c:599:1772: loop not vectorized: instruction cannot be vectorized [-Rpass-analysis=loop-vectorize]
remark: numeric-payload.c:599:1772: loop not vectorized [-Rpass-missed=loop-vectorize]
remark: numeric-payload.c:599:1608: loop not vectorized: Control flow cannot be substituted for a select [-Rpass-analysis=loop-vectorize]
remark: numeric-payload.c:599:1608: loop not vectorized: call instruction cannot be vectorized [-Rpass-analysis=loop-vectorize]
remark: numeric-payload.c:599:1528: loop not vectorized: Cannot vectorize early exit loop [-Rpass-analysis=loop-vectorize]
remark: numeric-payload.c:599:1528: loop not vectorized: instruction cannot be vectorized [-Rpass-analysis=loop-vectorize]
remark: numeric-payload.c:599:1528: loop not vectorized [-Rpass-missed=loop-vectorize]
remark: numeric-payload.c:683:5428: loop not vectorized: cannot prove it is safe to reorder floating-point operations; allow reordering by specifying '#pragma clang loop vectorize(enable)' before the loop or by providing the compiler option '-ffast-math' [-Rpass-analysis=loop-vectorize]
remark: numeric-payload.c:683:4915: loop not vectorized [-Rpass-missed=loop-vectorize]
remark: numeric-payload.c:683:4666: loop not vectorized: cannot prove it is safe to reorder floating-point operations; allow reordering by specifying '#pragma clang loop vectorize(enable)' before the loop or by providing the compiler option '-ffast-math' [-Rpass-analysis=loop-vectorize]
remark: numeric-payload.c:683:4167: loop not vectorized [-Rpass-missed=loop-vectorize]
remark: numeric-payload.c:683:6148: loop not vectorized: cannot prove it is safe to reorder floating-point operations; allow reordering by specifying '#pragma clang loop vectorize(enable)' before the loop or by providing the compiler option '-ffast-math' [-Rpass-analysis=loop-vectorize]
remark: numeric-payload.c:683:5658: loop not vectorized [-Rpass-missed=loop-vectorize]
remark: numeric-payload.c:683:3176: loop not vectorized: cannot prove it is safe to reorder floating-point operations; allow reordering by specifying '#pragma clang loop vectorize(enable)' before the loop or by providing the compiler option '-ffast-math' [-Rpass-analysis=loop-vectorize]
remark: numeric-payload.c:683:2663: loop not vectorized [-Rpass-missed=loop-vectorize]
remark: numeric-payload.c:683:2414: loop not vectorized: cannot prove it is safe to reorder floating-point operations; allow reordering by specifying '#pragma clang loop vectorize(enable)' before the loop or by providing the compiler option '-ffast-math' [-Rpass-analysis=loop-vectorize]
remark: numeric-payload.c:683:1915: loop not vectorized [-Rpass-missed=loop-vectorize]
remark: numeric-payload.c:683:3896: loop not vectorized: cannot prove it is safe to reorder floating-point operations; allow reordering by specifying '#pragma clang loop vectorize(enable)' before the loop or by providing the compiler option '-ffast-math' [-Rpass-analysis=loop-vectorize]
remark: numeric-payload.c:683:3406: loop not vectorized [-Rpass-missed=loop-vectorize]
remark: numeric-payload.c:683:8682: vectorized loop (vectorization width: 4, interleaved count: 4) [-Rpass=loop-vectorize]
remark: numeric-payload.c:683:8127: vectorized loop (vectorization width: 4, interleaved count: 4) [-Rpass=loop-vectorize]
remark: numeric-payload.c:683:9232: the cost-model indicates that vectorization is not beneficial [-Rpass-missed=loop-vectorize]
remark: numeric-payload.c:683:9232: the cost-model indicates that interleaving is not beneficial [-Rpass-missed=loop-vectorize]
remark: numeric-payload.c:683:7009: vectorized loop (vectorization width: 4, interleaved count: 4) [-Rpass=loop-vectorize]
remark: numeric-payload.c:683:6454: vectorized loop (vectorization width: 4, interleaved count: 4) [-Rpass=loop-vectorize]
remark: numeric-payload.c:683:7559: vectorized loop (vectorization width: 4, interleaved count: 4) [-Rpass=loop-vectorize]
remark: numeric-payload.c:683:923: vectorized loop (vectorization width: 4, interleaved count: 4) [-Rpass=loop-vectorize]
remark: numeric-payload.c:683:454: vectorized loop (vectorization width: 4, interleaved count: 4) [-Rpass=loop-vectorize]
remark: numeric-payload.c:683:1387: vectorized loop (vectorization width: 4, interleaved count: 4) [-Rpass=loop-vectorize]
remark: numeric-payload.c:679:5373: loop not vectorized: cannot prove it is safe to reorder floating-point operations; allow reordering by specifying '#pragma clang loop vectorize(enable)' before the loop or by providing the compiler option '-ffast-math' [-Rpass-analysis=loop-vectorize]
remark: numeric-payload.c:679:4872: loop not vectorized [-Rpass-missed=loop-vectorize]
remark: numeric-payload.c:679:4136: loop not vectorized: value that could not be identified as reduction is used outside the loop [-Rpass-analysis=loop-vectorize]
remark: numeric-payload.c:679:4136: loop not vectorized [-Rpass-missed=loop-vectorize]
remark: numeric-payload.c:679:5603: loop not vectorized: value that could not be identified as reduction is used outside the loop [-Rpass-analysis=loop-vectorize]
remark: numeric-payload.c:679:5603: loop not vectorized [-Rpass-missed=loop-vectorize]
remark: numeric-payload.c:679:3157: loop not vectorized: cannot prove it is safe to reorder floating-point operations; allow reordering by specifying '#pragma clang loop vectorize(enable)' before the loop or by providing the compiler option '-ffast-math' [-Rpass-analysis=loop-vectorize]
remark: numeric-payload.c:679:2656: loop not vectorized [-Rpass-missed=loop-vectorize]
remark: numeric-payload.c:679:1920: loop not vectorized: value that could not be identified as reduction is used outside the loop [-Rpass-analysis=loop-vectorize]
remark: numeric-payload.c:679:1920: loop not vectorized [-Rpass-missed=loop-vectorize]
remark: numeric-payload.c:679:3387: loop not vectorized: value that could not be identified as reduction is used outside the loop [-Rpass-analysis=loop-vectorize]
remark: numeric-payload.c:679:3387: loop not vectorized [-Rpass-missed=loop-vectorize]
remark: numeric-payload.c:679:8619: vectorized loop (vectorization width: 2, interleaved count: 4) [-Rpass=loop-vectorize]
remark: numeric-payload.c:679:8063: vectorized loop (vectorization width: 2, interleaved count: 4) [-Rpass=loop-vectorize]
remark: numeric-payload.c:679:9170: the cost-model indicates that vectorization is not beneficial [-Rpass-missed=loop-vectorize]
remark: numeric-payload.c:679:9170: the cost-model indicates that interleaving is not beneficial [-Rpass-missed=loop-vectorize]
remark: numeric-payload.c:679:6943: vectorized loop (vectorization width: 4, interleaved count: 4) [-Rpass=loop-vectorize]
remark: numeric-payload.c:679:6387: vectorized loop (vectorization width: 4, interleaved count: 4) [-Rpass=loop-vectorize]
remark: numeric-payload.c:679:7494: vectorized loop (vectorization width: 4, interleaved count: 4) [-Rpass=loop-vectorize]
remark: numeric-payload.c:679:924: vectorized loop (vectorization width: 4, interleaved count: 4) [-Rpass=loop-vectorize]
remark: numeric-payload.c:679:453: vectorized loop (vectorization width: 4, interleaved count: 4) [-Rpass=loop-vectorize]
remark: numeric-payload.c:679:1390: vectorized loop (vectorization width: 4, interleaved count: 4) [-Rpass=loop-vectorize]
remark: numeric-payload.c:678:5367: loop not vectorized: cannot prove it is safe to reorder floating-point operations; allow reordering by specifying '#pragma clang loop vectorize(enable)' before the loop or by providing the compiler option '-ffast-math' [-Rpass-analysis=loop-vectorize]
remark: numeric-payload.c:678:4867: loop not vectorized [-Rpass-missed=loop-vectorize]
remark: numeric-payload.c:678:4132: loop not vectorized: value that could not be identified as reduction is used outside the loop [-Rpass-analysis=loop-vectorize]
remark: numeric-payload.c:678:4132: loop not vectorized [-Rpass-missed=loop-vectorize]
remark: numeric-payload.c:678:5597: loop not vectorized: value that could not be identified as reduction is used outside the loop [-Rpass-analysis=loop-vectorize]
remark: numeric-payload.c:678:5597: loop not vectorized [-Rpass-missed=loop-vectorize]
remark: numeric-payload.c:678:3154: loop not vectorized: cannot prove it is safe to reorder floating-point operations; allow reordering by specifying '#pragma clang loop vectorize(enable)' before the loop or by providing the compiler option '-ffast-math' [-Rpass-analysis=loop-vectorize]
remark: numeric-payload.c:678:2654: loop not vectorized [-Rpass-missed=loop-vectorize]
remark: numeric-payload.c:678:1919: loop not vectorized: value that could not be identified as reduction is used outside the loop [-Rpass-analysis=loop-vectorize]
remark: numeric-payload.c:678:1919: loop not vectorized [-Rpass-missed=loop-vectorize]
remark: numeric-payload.c:678:3384: loop not vectorized: value that could not be identified as reduction is used outside the loop [-Rpass-analysis=loop-vectorize]
remark: numeric-payload.c:678:3384: loop not vectorized [-Rpass-missed=loop-vectorize]
remark: numeric-payload.c:678:8608: the cost-model indicates that vectorization is not beneficial [-Rpass-missed=loop-vectorize]
remark: numeric-payload.c:678:8608: the cost-model indicates that interleaving is not beneficial [-Rpass-missed=loop-vectorize]
remark: numeric-payload.c:678:8053: the cost-model indicates that vectorization is not beneficial [-Rpass-missed=loop-vectorize]
remark: numeric-payload.c:678:8053: the cost-model indicates that interleaving is not beneficial [-Rpass-missed=loop-vectorize]
remark: numeric-payload.c:678:9158: the cost-model indicates that vectorization is not beneficial [-Rpass-missed=loop-vectorize]
remark: numeric-payload.c:678:9158: the cost-model indicates that interleaving is not beneficial [-Rpass-missed=loop-vectorize]
remark: numeric-payload.c:678:6935: the cost-model indicates that vectorization is not beneficial [-Rpass-missed=loop-vectorize]
remark: numeric-payload.c:678:6935: the cost-model indicates that interleaving is not beneficial [-Rpass-missed=loop-vectorize]
remark: numeric-payload.c:678:6380: vectorized loop (vectorization width: 8, interleaved count: 4) [-Rpass=loop-vectorize]
remark: numeric-payload.c:678:7485: vectorized loop (vectorization width: 8, interleaved count: 4) [-Rpass=loop-vectorize]
remark: numeric-payload.c:678:923: vectorized loop (vectorization width: 8, interleaved count: 4) [-Rpass=loop-vectorize]
remark: numeric-payload.c:678:452: vectorized loop (vectorization width: 8, interleaved count: 4) [-Rpass=loop-vectorize]
remark: numeric-payload.c:678:1389: vectorized loop (vectorization width: 8, interleaved count: 4) [-Rpass=loop-vectorize]
remark: numeric-payload.c:677:5365: loop not vectorized: cannot prove it is safe to reorder floating-point operations; allow reordering by specifying '#pragma clang loop vectorize(enable)' before the loop or by providing the compiler option '-ffast-math' [-Rpass-analysis=loop-vectorize]
remark: numeric-payload.c:677:4865: loop not vectorized [-Rpass-missed=loop-vectorize]
remark: numeric-payload.c:677:4130: loop not vectorized: value that could not be identified as reduction is used outside the loop [-Rpass-analysis=loop-vectorize]
remark: numeric-payload.c:677:4130: loop not vectorized [-Rpass-missed=loop-vectorize]
remark: numeric-payload.c:677:5595: loop not vectorized: value that could not be identified as reduction is used outside the loop [-Rpass-analysis=loop-vectorize]
remark: numeric-payload.c:677:5595: loop not vectorized [-Rpass-missed=loop-vectorize]
remark: numeric-payload.c:677:3152: loop not vectorized: cannot prove it is safe to reorder floating-point operations; allow reordering by specifying '#pragma clang loop vectorize(enable)' before the loop or by providing the compiler option '-ffast-math' [-Rpass-analysis=loop-vectorize]
remark: numeric-payload.c:677:2652: loop not vectorized [-Rpass-missed=loop-vectorize]
remark: numeric-payload.c:677:1917: loop not vectorized: value that could not be identified as reduction is used outside the loop [-Rpass-analysis=loop-vectorize]
remark: numeric-payload.c:677:1917: loop not vectorized [-Rpass-missed=loop-vectorize]
remark: numeric-payload.c:677:3382: loop not vectorized: value that could not be identified as reduction is used outside the loop [-Rpass-analysis=loop-vectorize]
remark: numeric-payload.c:677:3382: loop not vectorized [-Rpass-missed=loop-vectorize]
remark: numeric-payload.c:677:8606: the cost-model indicates that vectorization is not beneficial [-Rpass-missed=loop-vectorize]
remark: numeric-payload.c:677:8606: the cost-model indicates that interleaving is not beneficial [-Rpass-missed=loop-vectorize]
remark: numeric-payload.c:677:8051: the cost-model indicates that vectorization is not beneficial [-Rpass-missed=loop-vectorize]
remark: numeric-payload.c:677:8051: the cost-model indicates that interleaving is not beneficial [-Rpass-missed=loop-vectorize]
remark: numeric-payload.c:677:9156: the cost-model indicates that vectorization is not beneficial [-Rpass-missed=loop-vectorize]
remark: numeric-payload.c:677:9156: the cost-model indicates that interleaving is not beneficial [-Rpass-missed=loop-vectorize]
remark: numeric-payload.c:677:6933: the cost-model indicates that vectorization is not beneficial [-Rpass-missed=loop-vectorize]
remark: numeric-payload.c:677:6933: the cost-model indicates that interleaving is not beneficial [-Rpass-missed=loop-vectorize]
remark: numeric-payload.c:677:6378: vectorized loop (vectorization width: 16, interleaved count: 2) [-Rpass=loop-vectorize]
remark: numeric-payload.c:677:7483: vectorized loop (vectorization width: 16, interleaved count: 2) [-Rpass=loop-vectorize]
remark: numeric-payload.c:677:923: vectorized loop (vectorization width: 16, interleaved count: 4) [-Rpass=loop-vectorize]
remark: numeric-payload.c:677:453: vectorized loop (vectorization width: 16, interleaved count: 4) [-Rpass=loop-vectorize]
remark: numeric-payload.c:677:1388: vectorized loop (vectorization width: 16, interleaved count: 4) [-Rpass=loop-vectorize]
remark: numeric-payload.c:602:2773: loop not vectorized: Control flow cannot be substituted for a select [-Rpass-analysis=loop-vectorize]
remark: numeric-payload.c:602:2691: loop not vectorized: value that could not be identified as reduction is used outside the loop [-Rpass-analysis=loop-vectorize]
remark: numeric-payload.c:602:2691: loop not vectorized: Cannot vectorize uncountable loop [-Rpass-analysis=loop-vectorize]
remark: numeric-payload.c:602:2691: loop not vectorized: instruction cannot be vectorized [-Rpass-analysis=loop-vectorize]
remark: numeric-payload.c:602:2691: loop not vectorized [-Rpass-missed=loop-vectorize]
remark: numeric-payload.c:602:2460: loop not vectorized: Control flow cannot be substituted for a select [-Rpass-analysis=loop-vectorize]
remark: numeric-payload.c:602:2374: loop not vectorized: value that could not be identified as reduction is used outside the loop [-Rpass-analysis=loop-vectorize]
remark: numeric-payload.c:602:2374: loop not vectorized: Cannot vectorize early exit loop with more than one early exit [-Rpass-analysis=loop-vectorize]
remark: numeric-payload.c:602:2374: loop not vectorized: instruction cannot be vectorized [-Rpass-analysis=loop-vectorize]
remark: numeric-payload.c:602:2374: loop not vectorized [-Rpass-missed=loop-vectorize]
remark: numeric-payload.c:601:2773: loop not vectorized: Control flow cannot be substituted for a select [-Rpass-analysis=loop-vectorize]
remark: numeric-payload.c:601:2691: loop not vectorized: value that could not be identified as reduction is used outside the loop [-Rpass-analysis=loop-vectorize]
remark: numeric-payload.c:601:2691: loop not vectorized: Cannot vectorize uncountable loop [-Rpass-analysis=loop-vectorize]
remark: numeric-payload.c:601:2691: loop not vectorized: instruction cannot be vectorized [-Rpass-analysis=loop-vectorize]
remark: numeric-payload.c:601:2691: loop not vectorized [-Rpass-missed=loop-vectorize]
remark: numeric-payload.c:601:2459: loop not vectorized: Control flow cannot be substituted for a select [-Rpass-analysis=loop-vectorize]
remark: numeric-payload.c:601:2373: loop not vectorized: value that could not be identified as reduction is used outside the loop [-Rpass-analysis=loop-vectorize]
remark: numeric-payload.c:601:2373: loop not vectorized: Cannot vectorize early exit loop with more than one early exit [-Rpass-analysis=loop-vectorize]
remark: numeric-payload.c:601:2373: loop not vectorized: instruction cannot be vectorized [-Rpass-analysis=loop-vectorize]
remark: numeric-payload.c:601:2373: loop not vectorized [-Rpass-missed=loop-vectorize]
remark: numeric-payload.c:600:2759: loop not vectorized: Control flow cannot be substituted for a select [-Rpass-analysis=loop-vectorize]
remark: numeric-payload.c:600:2677: loop not vectorized: value that could not be identified as reduction is used outside the loop [-Rpass-analysis=loop-vectorize]
remark: numeric-payload.c:600:2677: loop not vectorized: Cannot vectorize uncountable loop [-Rpass-analysis=loop-vectorize]
remark: numeric-payload.c:600:2677: loop not vectorized: instruction cannot be vectorized [-Rpass-analysis=loop-vectorize]
remark: numeric-payload.c:600:2677: loop not vectorized [-Rpass-missed=loop-vectorize]
remark: numeric-payload.c:600:2446: loop not vectorized: Control flow cannot be substituted for a select [-Rpass-analysis=loop-vectorize]
remark: numeric-payload.c:600:2360: loop not vectorized: value that could not be identified as reduction is used outside the loop [-Rpass-analysis=loop-vectorize]
remark: numeric-payload.c:600:2360: loop not vectorized: Cannot vectorize early exit loop with more than one early exit [-Rpass-analysis=loop-vectorize]
remark: numeric-payload.c:600:2360: loop not vectorized: instruction cannot be vectorized [-Rpass-analysis=loop-vectorize]
remark: numeric-payload.c:600:2360: loop not vectorized [-Rpass-missed=loop-vectorize]
remark: numeric-payload.c:599:2766: loop not vectorized: Control flow cannot be substituted for a select [-Rpass-analysis=loop-vectorize]
remark: numeric-payload.c:599:2684: loop not vectorized: value that could not be identified as reduction is used outside the loop [-Rpass-analysis=loop-vectorize]
remark: numeric-payload.c:599:2684: loop not vectorized: Cannot vectorize uncountable loop [-Rpass-analysis=loop-vectorize]
remark: numeric-payload.c:599:2684: loop not vectorized: instruction cannot be vectorized [-Rpass-analysis=loop-vectorize]
remark: numeric-payload.c:599:2684: loop not vectorized [-Rpass-missed=loop-vectorize]
remark: numeric-payload.c:599:2453: loop not vectorized: Control flow cannot be substituted for a select [-Rpass-analysis=loop-vectorize]
remark: numeric-payload.c:599:2367: loop not vectorized: value that could not be identified as reduction is used outside the loop [-Rpass-analysis=loop-vectorize]
remark: numeric-payload.c:599:2367: loop not vectorized: Cannot vectorize early exit loop with more than one early exit [-Rpass-analysis=loop-vectorize]
remark: numeric-payload.c:599:2367: loop not vectorized: instruction cannot be vectorized [-Rpass-analysis=loop-vectorize]
remark: numeric-payload.c:599:2367: loop not vectorized [-Rpass-missed=loop-vectorize]
remark: numeric-payload.c:3107:40: loop not vectorized: Loop contains an unsupported switch [-Rpass-analysis=loop-vectorize]
remark: numeric-payload.c:3097:5: loop not vectorized: value that could not be identified as reduction is used outside the loop [-Rpass-analysis=loop-vectorize]
remark: numeric-payload.c:3097:5: loop not vectorized: Cannot vectorize early exit loop with more than one early exit [-Rpass-analysis=loop-vectorize]
remark: numeric-payload.c:3097:5: loop not vectorized: instruction cannot be vectorized [-Rpass-analysis=loop-vectorize]
remark: numeric-payload.c:3097:5: loop not vectorized [-Rpass-missed=loop-vectorize]
remark: numeric-payload.c:3796:17: loop not vectorized: call instruction cannot be vectorized [-Rpass-analysis=loop-vectorize]
remark: numeric-payload.c:3795:9: loop not vectorized: Cannot vectorize early exit loop with more than one early exit [-Rpass-analysis=loop-vectorize]
remark: numeric-payload.c:3795:9: loop not vectorized: instruction cannot be vectorized [-Rpass-analysis=loop-vectorize]
remark: numeric-payload.c:3795:9: loop not vectorized [-Rpass-missed=loop-vectorize]
remark: numeric-payload.c:3805:5: loop not vectorized: value that could not be identified as reduction is used outside the loop [-Rpass-analysis=loop-vectorize]
remark: numeric-payload.c:3805:5: loop not vectorized: Cannot vectorize early exit loop with more than one early exit [-Rpass-analysis=loop-vectorize]
remark: numeric-payload.c:3805:5: loop not vectorized [-Rpass-missed=loop-vectorize]
remark: numeric-payload.c:3832:42: loop not vectorized: call instruction cannot be vectorized [-Rpass-analysis=loop-vectorize]
remark: numeric-payload.c:3831:13: loop not vectorized: Cannot vectorize early exit loop with writes to memory [-Rpass-analysis=loop-vectorize]
remark: numeric-payload.c:3831:13: loop not vectorized: instruction cannot be vectorized [-Rpass-analysis=loop-vectorize]
remark: numeric-payload.c:3831:13: loop not vectorized [-Rpass-missed=loop-vectorize]
remark: numeric-payload.c:3839:9: loop not vectorized: value that could not be identified as reduction is used outside the loop [-Rpass-analysis=loop-vectorize]
remark: numeric-payload.c:3839:9: loop not vectorized: Cannot vectorize potentially faulting early exit loop [-Rpass-analysis=loop-vectorize]
remark: numeric-payload.c:3839:9: loop not vectorized [-Rpass-missed=loop-vectorize]
remark: numeric-payload.c:3721:47: loop not vectorized: call instruction cannot be vectorized [-Rpass-analysis=loop-vectorize]
remark: numeric-payload.c:3720:9: loop not vectorized: Cannot vectorize early exit loop with writes to memory [-Rpass-analysis=loop-vectorize]
remark: numeric-payload.c:3720:9: loop not vectorized: instruction cannot be vectorized [-Rpass-analysis=loop-vectorize]
remark: numeric-payload.c:3720:9: loop not vectorized [-Rpass-missed=loop-vectorize]
remark: numeric-payload.c:3755:13: loop not vectorized: call instruction cannot be vectorized [-Rpass-analysis=loop-vectorize]
remark: numeric-payload.c:3753:5: loop not vectorized: Cannot vectorize early exit loop with more than one early exit [-Rpass-analysis=loop-vectorize]
remark: numeric-payload.c:3753:5: loop not vectorized: instruction cannot be vectorized [-Rpass-analysis=loop-vectorize]
remark: numeric-payload.c:3753:5: loop not vectorized [-Rpass-missed=loop-vectorize]
remark: numeric-payload.c:3669:41: loop not vectorized: call instruction cannot be vectorized [-Rpass-analysis=loop-vectorize]
remark: numeric-payload.c:3668:9: loop not vectorized: Cannot vectorize early exit loop with writes to memory [-Rpass-analysis=loop-vectorize]
remark: numeric-payload.c:3668:9: loop not vectorized: instruction cannot be vectorized [-Rpass-analysis=loop-vectorize]
remark: numeric-payload.c:3668:9: loop not vectorized [-Rpass-missed=loop-vectorize]
remark: numeric-payload.c:3227:32: loop not vectorized: Control flow cannot be substituted for a select [-Rpass-analysis=loop-vectorize]
remark: numeric-payload.c:3226:21: loop not vectorized: call instruction cannot be vectorized [-Rpass-analysis=loop-vectorize]
remark: numeric-payload.c:3225:5: loop not vectorized: Cannot vectorize early exit loop with more than one early exit [-Rpass-analysis=loop-vectorize]
remark: numeric-payload.c:3225:5: loop not vectorized: instruction cannot be vectorized [-Rpass-analysis=loop-vectorize]
remark: numeric-payload.c:3225:5: loop not vectorized [-Rpass-missed=loop-vectorize]
remark: numeric-payload.c:4110:17: loop not vectorized: call instruction cannot be vectorized [-Rpass-analysis=loop-vectorize]
remark: numeric-payload.c:4109:9: loop not vectorized: Cannot vectorize early exit loop with more than one early exit [-Rpass-analysis=loop-vectorize]
remark: numeric-payload.c:4109:9: loop not vectorized: instruction cannot be vectorized [-Rpass-analysis=loop-vectorize]
remark: numeric-payload.c:4109:9: loop not vectorized [-Rpass-missed=loop-vectorize]
remark: ./numeric-arithmetic.h:661:9: loop not vectorized: Cannot vectorize early exit loop with more than one early exit [-Rpass-analysis=loop-vectorize]
remark: ./numeric-arithmetic.h:661:9: loop not vectorized [-Rpass-missed=loop-vectorize]
remark: ./numeric-arithmetic-integer.h:176:11070: the cost-model indicates that interleaving is not beneficial [-Rpass-analysis=loop-vectorize]
remark: ./numeric-arithmetic-integer.h:176:11070: vectorized loop (vectorization width: 16, interleaved count: 1) [-Rpass=loop-vectorize]
remark: ./numeric-arithmetic-integer.h:176:10105: the cost-model indicates that interleaving is not beneficial [-Rpass-analysis=loop-vectorize]
remark: ./numeric-arithmetic-integer.h:176:10105: vectorized loop (vectorization width: 16, interleaved count: 1) [-Rpass=loop-vectorize]
remark: ./numeric-arithmetic-integer.h:176:9120: the cost-model indicates that interleaving is not beneficial [-Rpass-analysis=loop-vectorize]
remark: ./numeric-arithmetic-integer.h:176:9120: vectorized loop (vectorization width: 16, interleaved count: 1) [-Rpass=loop-vectorize]
remark: ./numeric-arithmetic-integer.h:176:14018: the cost-model indicates that interleaving is not beneficial [-Rpass-analysis=loop-vectorize]
remark: ./numeric-arithmetic-integer.h:176:14018: vectorized loop (vectorization width: 16, interleaved count: 1) [-Rpass=loop-vectorize]
remark: ./numeric-arithmetic-integer.h:176:13053: the cost-model indicates that interleaving is not beneficial [-Rpass-analysis=loop-vectorize]
remark: ./numeric-arithmetic-integer.h:176:13053: vectorized loop (vectorization width: 16, interleaved count: 1) [-Rpass=loop-vectorize]
remark: ./numeric-arithmetic-integer.h:176:12068: the cost-model indicates that interleaving is not beneficial [-Rpass-analysis=loop-vectorize]
remark: ./numeric-arithmetic-integer.h:176:12068: vectorized loop (vectorization width: 16, interleaved count: 1) [-Rpass=loop-vectorize]
remark: ./numeric-arithmetic-integer.h:176:16966: the cost-model indicates that interleaving is not beneficial [-Rpass-analysis=loop-vectorize]
remark: ./numeric-arithmetic-integer.h:176:16966: vectorized loop (vectorization width: 16, interleaved count: 1) [-Rpass=loop-vectorize]
remark: ./numeric-arithmetic-integer.h:176:16001: the cost-model indicates that interleaving is not beneficial [-Rpass-analysis=loop-vectorize]
remark: ./numeric-arithmetic-integer.h:176:16001: vectorized loop (vectorization width: 16, interleaved count: 1) [-Rpass=loop-vectorize]
remark: ./numeric-arithmetic-integer.h:176:15016: the cost-model indicates that interleaving is not beneficial [-Rpass-analysis=loop-vectorize]
remark: ./numeric-arithmetic-integer.h:176:15016: vectorized loop (vectorization width: 16, interleaved count: 1) [-Rpass=loop-vectorize]
remark: ./numeric-arithmetic-integer.h:176:2194: vectorized loop (vectorization width: 2, interleaved count: 4) [-Rpass=loop-vectorize]
remark: ./numeric-arithmetic-integer.h:176:1229: the cost-model indicates that interleaving is not beneficial [-Rpass-analysis=loop-vectorize]
remark: ./numeric-arithmetic-integer.h:176:1229: vectorized loop (vectorization width: 16, interleaved count: 1) [-Rpass=loop-vectorize]
remark: ./numeric-arithmetic-integer.h:176:244: the cost-model indicates that interleaving is not beneficial [-Rpass-analysis=loop-vectorize]
remark: ./numeric-arithmetic-integer.h:176:244: vectorized loop (vectorization width: 16, interleaved count: 1) [-Rpass=loop-vectorize]
remark: ./numeric-arithmetic-integer.h:176:5142: vectorized loop (vectorization width: 2, interleaved count: 4) [-Rpass=loop-vectorize]
remark: ./numeric-arithmetic-integer.h:176:4177: the cost-model indicates that interleaving is not beneficial [-Rpass-analysis=loop-vectorize]
remark: ./numeric-arithmetic-integer.h:176:4177: vectorized loop (vectorization width: 16, interleaved count: 1) [-Rpass=loop-vectorize]
remark: ./numeric-arithmetic-integer.h:176:3192: the cost-model indicates that interleaving is not beneficial [-Rpass-analysis=loop-vectorize]
remark: ./numeric-arithmetic-integer.h:176:3192: vectorized loop (vectorization width: 16, interleaved count: 1) [-Rpass=loop-vectorize]
remark: ./numeric-arithmetic-integer.h:176:8090: the cost-model indicates that vectorization is not beneficial [-Rpass-analysis=loop-vectorize]
remark: ./numeric-arithmetic-integer.h:176:8090: interleaved loop (interleaved count: 2) [-Rpass=loop-vectorize]
remark: ./numeric-arithmetic-integer.h:176:7125: the cost-model indicates that vectorization is not beneficial [-Rpass-analysis=loop-vectorize]
remark: ./numeric-arithmetic-integer.h:176:7125: interleaved loop (interleaved count: 2) [-Rpass=loop-vectorize]
remark: ./numeric-arithmetic-integer.h:176:6140: the cost-model indicates that vectorization is not beneficial [-Rpass-analysis=loop-vectorize]
remark: ./numeric-arithmetic-integer.h:176:6140: interleaved loop (interleaved count: 2) [-Rpass=loop-vectorize]
remark: ./numeric-arithmetic-integer.h:176:28902: the cost-model indicates that interleaving is not beneficial [-Rpass-analysis=loop-vectorize]
remark: ./numeric-arithmetic-integer.h:176:28902: vectorized loop (vectorization width: 8, interleaved count: 1) [-Rpass=loop-vectorize]
remark: ./numeric-arithmetic-integer.h:176:27933: vectorized loop (vectorization width: 8, interleaved count: 2) [-Rpass=loop-vectorize]
remark: ./numeric-arithmetic-integer.h:176:26944: vectorized loop (vectorization width: 8, interleaved count: 2) [-Rpass=loop-vectorize]
remark: ./numeric-arithmetic-integer.h:176:31862: the cost-model indicates that interleaving is not beneficial [-Rpass-analysis=loop-vectorize]
remark: ./numeric-arithmetic-integer.h:176:31862: vectorized loop (vectorization width: 8, interleaved count: 1) [-Rpass=loop-vectorize]
remark: ./numeric-arithmetic-integer.h:176:30893: vectorized loop (vectorization width: 8, interleaved count: 2) [-Rpass=loop-vectorize]
remark: ./numeric-arithmetic-integer.h:176:29904: vectorized loop (vectorization width: 8, interleaved count: 2) [-Rpass=loop-vectorize]
remark: ./numeric-arithmetic-integer.h:176:34822: the cost-model indicates that interleaving is not beneficial [-Rpass-analysis=loop-vectorize]
remark: ./numeric-arithmetic-integer.h:176:34822: vectorized loop (vectorization width: 8, interleaved count: 1) [-Rpass=loop-vectorize]
remark: ./numeric-arithmetic-integer.h:176:33853: vectorized loop (vectorization width: 8, interleaved count: 2) [-Rpass=loop-vectorize]
remark: ./numeric-arithmetic-integer.h:176:32864: vectorized loop (vectorization width: 8, interleaved count: 2) [-Rpass=loop-vectorize]
remark: ./numeric-arithmetic-integer.h:176:19990: vectorized loop (vectorization width: 2, interleaved count: 4) [-Rpass=loop-vectorize]
remark: ./numeric-arithmetic-integer.h:176:19021: the cost-model indicates that interleaving is not beneficial [-Rpass-analysis=loop-vectorize]
remark: ./numeric-arithmetic-integer.h:176:19021: vectorized loop (vectorization width: 8, interleaved count: 1) [-Rpass=loop-vectorize]
remark: ./numeric-arithmetic-integer.h:176:18032: the cost-model indicates that interleaving is not beneficial [-Rpass-analysis=loop-vectorize]
remark: ./numeric-arithmetic-integer.h:176:18032: vectorized loop (vectorization width: 8, interleaved count: 1) [-Rpass=loop-vectorize]
remark: ./numeric-arithmetic-integer.h:176:22950: vectorized loop (vectorization width: 2, interleaved count: 4) [-Rpass=loop-vectorize]
remark: ./numeric-arithmetic-integer.h:176:21981: the cost-model indicates that interleaving is not beneficial [-Rpass-analysis=loop-vectorize]
remark: ./numeric-arithmetic-integer.h:176:21981: vectorized loop (vectorization width: 8, interleaved count: 1) [-Rpass=loop-vectorize]
remark: ./numeric-arithmetic-integer.h:176:20992: the cost-model indicates that interleaving is not beneficial [-Rpass-analysis=loop-vectorize]
remark: ./numeric-arithmetic-integer.h:176:20992: vectorized loop (vectorization width: 8, interleaved count: 1) [-Rpass=loop-vectorize]
remark: ./numeric-arithmetic-integer.h:176:25910: the cost-model indicates that vectorization is not beneficial [-Rpass-analysis=loop-vectorize]
remark: ./numeric-arithmetic-integer.h:176:25910: interleaved loop (interleaved count: 2) [-Rpass=loop-vectorize]
remark: ./numeric-arithmetic-integer.h:176:24941: the cost-model indicates that interleaving is not beneficial [-Rpass-analysis=loop-vectorize]
remark: ./numeric-arithmetic-integer.h:176:24941: vectorized loop (vectorization width: 8, interleaved count: 1) [-Rpass=loop-vectorize]
remark: ./numeric-arithmetic-integer.h:176:23952: the cost-model indicates that interleaving is not beneficial [-Rpass-analysis=loop-vectorize]
remark: ./numeric-arithmetic-integer.h:176:23952: vectorized loop (vectorization width: 8, interleaved count: 1) [-Rpass=loop-vectorize]
remark: ./numeric-arithmetic-integer.h:176:37833: vectorized loop (vectorization width: 2, interleaved count: 4) [-Rpass=loop-vectorize]
remark: ./numeric-arithmetic-integer.h:176:36864: vectorized loop (vectorization width: 4, interleaved count: 4) [-Rpass=loop-vectorize]
remark: ./numeric-arithmetic-integer.h:176:35875: vectorized loop (vectorization width: 4, interleaved count: 4) [-Rpass=loop-vectorize]
remark: ./numeric-arithmetic-integer.h:176:40793: vectorized loop (vectorization width: 2, interleaved count: 4) [-Rpass=loop-vectorize]
remark: ./numeric-arithmetic-integer.h:176:39824: vectorized loop (vectorization width: 4, interleaved count: 4) [-Rpass=loop-vectorize]
remark: ./numeric-arithmetic-integer.h:176:38835: vectorized loop (vectorization width: 4, interleaved count: 4) [-Rpass=loop-vectorize]
remark: ./numeric-arithmetic-integer.h:176:43753: vectorized loop (vectorization width: 2, interleaved count: 4) [-Rpass=loop-vectorize]
remark: ./numeric-arithmetic-integer.h:176:42784: vectorized loop (vectorization width: 4, interleaved count: 4) [-Rpass=loop-vectorize]
remark: ./numeric-arithmetic-integer.h:176:41795: vectorized loop (vectorization width: 4, interleaved count: 4) [-Rpass=loop-vectorize]
remark: ./numeric-arithmetic-integer.h:236:25663: loop not vectorized: Cannot vectorize uncountable loop [-Rpass-analysis=loop-vectorize]
remark: ./numeric-arithmetic-integer.h:236:25663: loop not vectorized [-Rpass-missed=loop-vectorize]
remark: ./numeric-arithmetic-integer.h:236:26411: the cost-model indicates that interleaving is not beneficial [-Rpass-analysis=loop-vectorize]
remark: ./numeric-arithmetic-integer.h:236:26411: vectorized loop (vectorization width: 16, interleaved count: 1) [-Rpass=loop-vectorize]
remark: ./numeric-arithmetic-integer.h:236:27163: the cost-model indicates that interleaving is not beneficial [-Rpass-analysis=loop-vectorize]
remark: ./numeric-arithmetic-integer.h:236:27163: vectorized loop (vectorization width: 16, interleaved count: 1) [-Rpass=loop-vectorize]
remark: ./numeric-arithmetic-integer.h:236:23371: loop not vectorized: Cannot vectorize uncountable loop [-Rpass-analysis=loop-vectorize]
remark: ./numeric-arithmetic-integer.h:236:23371: loop not vectorized [-Rpass-missed=loop-vectorize]
remark: ./numeric-arithmetic-integer.h:236:24119: the cost-model indicates that interleaving is not beneficial [-Rpass-analysis=loop-vectorize]
remark: ./numeric-arithmetic-integer.h:236:24119: vectorized loop (vectorization width: 16, interleaved count: 1) [-Rpass=loop-vectorize]
remark: ./numeric-arithmetic-integer.h:236:24871: the cost-model indicates that interleaving is not beneficial [-Rpass-analysis=loop-vectorize]
remark: ./numeric-arithmetic-integer.h:236:24871: vectorized loop (vectorization width: 16, interleaved count: 1) [-Rpass=loop-vectorize]
remark: ./numeric-arithmetic-integer.h:236:21059: loop not vectorized: Cannot vectorize uncountable loop [-Rpass-analysis=loop-vectorize]
remark: ./numeric-arithmetic-integer.h:236:21059: loop not vectorized [-Rpass-missed=loop-vectorize]
remark: ./numeric-arithmetic-integer.h:236:21807: the cost-model indicates that interleaving is not beneficial [-Rpass-analysis=loop-vectorize]
remark: ./numeric-arithmetic-integer.h:236:21807: vectorized loop (vectorization width: 16, interleaved count: 1) [-Rpass=loop-vectorize]
remark: ./numeric-arithmetic-integer.h:236:22559: the cost-model indicates that interleaving is not beneficial [-Rpass-analysis=loop-vectorize]
remark: ./numeric-arithmetic-integer.h:236:22559: vectorized loop (vectorization width: 16, interleaved count: 1) [-Rpass=loop-vectorize]
remark: ./numeric-arithmetic-integer.h:236:32592: loop not vectorized: Cannot vectorize uncountable loop [-Rpass-analysis=loop-vectorize]
remark: ./numeric-arithmetic-integer.h:236:32592: loop not vectorized [-Rpass-missed=loop-vectorize]
remark: ./numeric-arithmetic-integer.h:236:33340: the cost-model indicates that interleaving is not beneficial [-Rpass-analysis=loop-vectorize]
remark: ./numeric-arithmetic-integer.h:236:33340: vectorized loop (vectorization width: 16, interleaved count: 1) [-Rpass=loop-vectorize]
remark: ./numeric-arithmetic-integer.h:236:34092: the cost-model indicates that interleaving is not beneficial [-Rpass-analysis=loop-vectorize]
remark: ./numeric-arithmetic-integer.h:236:34092: vectorized loop (vectorization width: 16, interleaved count: 1) [-Rpass=loop-vectorize]
remark: ./numeric-arithmetic-integer.h:236:30300: loop not vectorized: Cannot vectorize uncountable loop [-Rpass-analysis=loop-vectorize]
remark: ./numeric-arithmetic-integer.h:236:30300: loop not vectorized [-Rpass-missed=loop-vectorize]
remark: ./numeric-arithmetic-integer.h:236:31048: the cost-model indicates that interleaving is not beneficial [-Rpass-analysis=loop-vectorize]
remark: ./numeric-arithmetic-integer.h:236:31048: vectorized loop (vectorization width: 16, interleaved count: 1) [-Rpass=loop-vectorize]
remark: ./numeric-arithmetic-integer.h:236:31800: the cost-model indicates that interleaving is not beneficial [-Rpass-analysis=loop-vectorize]
remark: ./numeric-arithmetic-integer.h:236:31800: vectorized loop (vectorization width: 16, interleaved count: 1) [-Rpass=loop-vectorize]
remark: ./numeric-arithmetic-integer.h:236:27988: loop not vectorized: Cannot vectorize uncountable loop [-Rpass-analysis=loop-vectorize]
remark: ./numeric-arithmetic-integer.h:236:27988: loop not vectorized [-Rpass-missed=loop-vectorize]
remark: ./numeric-arithmetic-integer.h:236:28736: the cost-model indicates that interleaving is not beneficial [-Rpass-analysis=loop-vectorize]
remark: ./numeric-arithmetic-integer.h:236:28736: vectorized loop (vectorization width: 16, interleaved count: 1) [-Rpass=loop-vectorize]
remark: ./numeric-arithmetic-integer.h:236:29488: the cost-model indicates that interleaving is not beneficial [-Rpass-analysis=loop-vectorize]
remark: ./numeric-arithmetic-integer.h:236:29488: vectorized loop (vectorization width: 16, interleaved count: 1) [-Rpass=loop-vectorize]
remark: ./numeric-arithmetic-integer.h:236:39521: loop not vectorized: Cannot vectorize uncountable loop [-Rpass-analysis=loop-vectorize]
remark: ./numeric-arithmetic-integer.h:236:39521: loop not vectorized [-Rpass-missed=loop-vectorize]
remark: ./numeric-arithmetic-integer.h:236:40269: the cost-model indicates that interleaving is not beneficial [-Rpass-analysis=loop-vectorize]
remark: ./numeric-arithmetic-integer.h:236:40269: vectorized loop (vectorization width: 16, interleaved count: 1) [-Rpass=loop-vectorize]
remark: ./numeric-arithmetic-integer.h:236:41021: the cost-model indicates that interleaving is not beneficial [-Rpass-analysis=loop-vectorize]
remark: ./numeric-arithmetic-integer.h:236:41021: vectorized loop (vectorization width: 16, interleaved count: 1) [-Rpass=loop-vectorize]
remark: ./numeric-arithmetic-integer.h:236:37229: loop not vectorized: Cannot vectorize uncountable loop [-Rpass-analysis=loop-vectorize]
remark: ./numeric-arithmetic-integer.h:236:37229: loop not vectorized [-Rpass-missed=loop-vectorize]
remark: ./numeric-arithmetic-integer.h:236:37977: the cost-model indicates that interleaving is not beneficial [-Rpass-analysis=loop-vectorize]
remark: ./numeric-arithmetic-integer.h:236:37977: vectorized loop (vectorization width: 16, interleaved count: 1) [-Rpass=loop-vectorize]
remark: ./numeric-arithmetic-integer.h:236:38729: the cost-model indicates that interleaving is not beneficial [-Rpass-analysis=loop-vectorize]
remark: ./numeric-arithmetic-integer.h:236:38729: vectorized loop (vectorization width: 16, interleaved count: 1) [-Rpass=loop-vectorize]
remark: ./numeric-arithmetic-integer.h:236:34917: loop not vectorized: Cannot vectorize uncountable loop [-Rpass-analysis=loop-vectorize]
remark: ./numeric-arithmetic-integer.h:236:34917: loop not vectorized [-Rpass-missed=loop-vectorize]
remark: ./numeric-arithmetic-integer.h:236:35665: the cost-model indicates that interleaving is not beneficial [-Rpass-analysis=loop-vectorize]
remark: ./numeric-arithmetic-integer.h:236:35665: vectorized loop (vectorization width: 16, interleaved count: 1) [-Rpass=loop-vectorize]
remark: ./numeric-arithmetic-integer.h:236:36417: the cost-model indicates that interleaving is not beneficial [-Rpass-analysis=loop-vectorize]
remark: ./numeric-arithmetic-integer.h:236:36417: vectorized loop (vectorization width: 16, interleaved count: 1) [-Rpass=loop-vectorize]
remark: ./numeric-arithmetic-integer.h:236:4844: loop not vectorized: Cannot vectorize uncountable loop [-Rpass-analysis=loop-vectorize]
remark: ./numeric-arithmetic-integer.h:236:4844: loop not vectorized [-Rpass-missed=loop-vectorize]
remark: ./numeric-arithmetic-integer.h:236:5592: the cost-model indicates that interleaving is not beneficial [-Rpass-analysis=loop-vectorize]
remark: ./numeric-arithmetic-integer.h:236:5592: vectorized loop (vectorization width: 16, interleaved count: 1) [-Rpass=loop-vectorize]
remark: ./numeric-arithmetic-integer.h:236:6344: the cost-model indicates that interleaving is not beneficial [-Rpass-analysis=loop-vectorize]
remark: ./numeric-arithmetic-integer.h:236:6344: vectorized loop (vectorization width: 16, interleaved count: 1) [-Rpass=loop-vectorize]
remark: ./numeric-arithmetic-integer.h:236:2552: loop not vectorized: Cannot vectorize uncountable loop [-Rpass-analysis=loop-vectorize]
remark: ./numeric-arithmetic-integer.h:236:2552: loop not vectorized [-Rpass-missed=loop-vectorize]
remark: ./numeric-arithmetic-integer.h:236:3300: the cost-model indicates that interleaving is not beneficial [-Rpass-analysis=loop-vectorize]
remark: ./numeric-arithmetic-integer.h:236:3300: vectorized loop (vectorization width: 16, interleaved count: 1) [-Rpass=loop-vectorize]
remark: ./numeric-arithmetic-integer.h:236:4052: the cost-model indicates that interleaving is not beneficial [-Rpass-analysis=loop-vectorize]
remark: ./numeric-arithmetic-integer.h:236:4052: vectorized loop (vectorization width: 16, interleaved count: 1) [-Rpass=loop-vectorize]
remark: ./numeric-arithmetic-integer.h:236:240: loop not vectorized: Cannot vectorize uncountable loop [-Rpass-analysis=loop-vectorize]
remark: ./numeric-arithmetic-integer.h:236:240: loop not vectorized [-Rpass-missed=loop-vectorize]
remark: ./numeric-arithmetic-integer.h:236:988: the cost-model indicates that interleaving is not beneficial [-Rpass-analysis=loop-vectorize]
remark: ./numeric-arithmetic-integer.h:236:988: vectorized loop (vectorization width: 16, interleaved count: 1) [-Rpass=loop-vectorize]
remark: ./numeric-arithmetic-integer.h:236:1740: the cost-model indicates that interleaving is not beneficial [-Rpass-analysis=loop-vectorize]
remark: ./numeric-arithmetic-integer.h:236:1740: vectorized loop (vectorization width: 16, interleaved count: 1) [-Rpass=loop-vectorize]
remark: ./numeric-arithmetic-integer.h:236:11773: loop not vectorized: Cannot vectorize uncountable loop [-Rpass-analysis=loop-vectorize]
remark: ./numeric-arithmetic-integer.h:236:11773: loop not vectorized [-Rpass-missed=loop-vectorize]
remark: ./numeric-arithmetic-integer.h:236:12521: the cost-model indicates that interleaving is not beneficial [-Rpass-analysis=loop-vectorize]
remark: ./numeric-arithmetic-integer.h:236:12521: vectorized loop (vectorization width: 16, interleaved count: 1) [-Rpass=loop-vectorize]
remark: ./numeric-arithmetic-integer.h:236:13273: the cost-model indicates that interleaving is not beneficial [-Rpass-analysis=loop-vectorize]
remark: ./numeric-arithmetic-integer.h:236:13273: vectorized loop (vectorization width: 16, interleaved count: 1) [-Rpass=loop-vectorize]
remark: ./numeric-arithmetic-integer.h:236:9481: loop not vectorized: Cannot vectorize uncountable loop [-Rpass-analysis=loop-vectorize]
remark: ./numeric-arithmetic-integer.h:236:9481: loop not vectorized [-Rpass-missed=loop-vectorize]
remark: ./numeric-arithmetic-integer.h:236:10229: the cost-model indicates that interleaving is not beneficial [-Rpass-analysis=loop-vectorize]
remark: ./numeric-arithmetic-integer.h:236:10229: vectorized loop (vectorization width: 16, interleaved count: 1) [-Rpass=loop-vectorize]
remark: ./numeric-arithmetic-integer.h:236:10981: the cost-model indicates that interleaving is not beneficial [-Rpass-analysis=loop-vectorize]
remark: ./numeric-arithmetic-integer.h:236:10981: vectorized loop (vectorization width: 16, interleaved count: 1) [-Rpass=loop-vectorize]
remark: ./numeric-arithmetic-integer.h:236:7169: loop not vectorized: Cannot vectorize uncountable loop [-Rpass-analysis=loop-vectorize]
remark: ./numeric-arithmetic-integer.h:236:7169: loop not vectorized [-Rpass-missed=loop-vectorize]
remark: ./numeric-arithmetic-integer.h:236:7917: vectorized loop (vectorization width: 16, interleaved count: 4) [-Rpass=loop-vectorize]
remark: ./numeric-arithmetic-integer.h:236:8669: the cost-model indicates that interleaving is not beneficial [-Rpass-analysis=loop-vectorize]
remark: ./numeric-arithmetic-integer.h:236:8669: vectorized loop (vectorization width: 16, interleaved count: 1) [-Rpass=loop-vectorize]
remark: ./numeric-arithmetic-integer.h:236:18702: loop not vectorized: Cannot vectorize uncountable loop [-Rpass-analysis=loop-vectorize]
remark: ./numeric-arithmetic-integer.h:236:18702: loop not vectorized [-Rpass-missed=loop-vectorize]
remark: ./numeric-arithmetic-integer.h:236:19450: the cost-model indicates that interleaving is not beneficial [-Rpass-analysis=loop-vectorize]
remark: ./numeric-arithmetic-integer.h:236:19450: vectorized loop (vectorization width: 16, interleaved count: 1) [-Rpass=loop-vectorize]
remark: ./numeric-arithmetic-integer.h:236:20202: the cost-model indicates that interleaving is not beneficial [-Rpass-analysis=loop-vectorize]
remark: ./numeric-arithmetic-integer.h:236:20202: vectorized loop (vectorization width: 16, interleaved count: 1) [-Rpass=loop-vectorize]
remark: ./numeric-arithmetic-integer.h:236:16410: loop not vectorized: Cannot vectorize uncountable loop [-Rpass-analysis=loop-vectorize]
remark: ./numeric-arithmetic-integer.h:236:16410: loop not vectorized [-Rpass-missed=loop-vectorize]
remark: ./numeric-arithmetic-integer.h:236:17158: the cost-model indicates that interleaving is not beneficial [-Rpass-analysis=loop-vectorize]
remark: ./numeric-arithmetic-integer.h:236:17158: vectorized loop (vectorization width: 16, interleaved count: 1) [-Rpass=loop-vectorize]
remark: ./numeric-arithmetic-integer.h:236:17910: the cost-model indicates that interleaving is not beneficial [-Rpass-analysis=loop-vectorize]
remark: ./numeric-arithmetic-integer.h:236:17910: vectorized loop (vectorization width: 16, interleaved count: 1) [-Rpass=loop-vectorize]
remark: ./numeric-arithmetic-integer.h:236:14098: loop not vectorized: Cannot vectorize uncountable loop [-Rpass-analysis=loop-vectorize]
remark: ./numeric-arithmetic-integer.h:236:14098: loop not vectorized [-Rpass-missed=loop-vectorize]
remark: ./numeric-arithmetic-integer.h:236:14846: the cost-model indicates that interleaving is not beneficial [-Rpass-analysis=loop-vectorize]
remark: ./numeric-arithmetic-integer.h:236:14846: vectorized loop (vectorization width: 16, interleaved count: 1) [-Rpass=loop-vectorize]
remark: ./numeric-arithmetic-integer.h:236:15598: the cost-model indicates that interleaving is not beneficial [-Rpass-analysis=loop-vectorize]
remark: ./numeric-arithmetic-integer.h:236:15598: vectorized loop (vectorization width: 16, interleaved count: 1) [-Rpass=loop-vectorize]
remark: ./numeric-arithmetic-integer.h:236:0: loop not vectorized: Cannot vectorize uncountable loop [-Rpass-analysis=loop-vectorize]
remark: ./numeric-arithmetic-integer.h:236:0: loop not vectorized [-Rpass-missed=loop-vectorize]
remark: ./numeric-arithmetic-integer.h:236:0: the cost-model indicates that interleaving is not beneficial [-Rpass-analysis=loop-vectorize]
remark: ./numeric-arithmetic-integer.h:236:0: vectorized loop (vectorization width: 8, interleaved count: 1) [-Rpass=loop-vectorize]
remark: ./numeric-arithmetic-integer.h:236:0: the cost-model indicates that interleaving is not beneficial [-Rpass-analysis=loop-vectorize]
remark: ./numeric-arithmetic-integer.h:236:0: vectorized loop (vectorization width: 8, interleaved count: 1) [-Rpass=loop-vectorize]
remark: ./numeric-arithmetic-integer.h:236:65165: loop not vectorized: Cannot vectorize uncountable loop [-Rpass-analysis=loop-vectorize]
remark: ./numeric-arithmetic-integer.h:236:65165: loop not vectorized [-Rpass-missed=loop-vectorize]
remark: ./numeric-arithmetic-integer.h:236:0: vectorized loop (vectorization width: 8, interleaved count: 4) [-Rpass=loop-vectorize]
remark: ./numeric-arithmetic-integer.h:236:0: vectorized loop (vectorization width: 8, interleaved count: 4) [-Rpass=loop-vectorize]
remark: ./numeric-arithmetic-integer.h:236:62841: loop not vectorized: Cannot vectorize uncountable loop [-Rpass-analysis=loop-vectorize]
remark: ./numeric-arithmetic-integer.h:236:62841: loop not vectorized [-Rpass-missed=loop-vectorize]
remark: ./numeric-arithmetic-integer.h:236:63593: vectorized loop (vectorization width: 8, interleaved count: 4) [-Rpass=loop-vectorize]
remark: ./numeric-arithmetic-integer.h:236:64349: vectorized loop (vectorization width: 8, interleaved count: 4) [-Rpass=loop-vectorize]
remark: ./numeric-arithmetic-integer.h:236:0: loop not vectorized: Cannot vectorize uncountable loop [-Rpass-analysis=loop-vectorize]
remark: ./numeric-arithmetic-integer.h:236:0: loop not vectorized [-Rpass-missed=loop-vectorize]
remark: ./numeric-arithmetic-integer.h:236:0: the cost-model indicates that interleaving is not beneficial [-Rpass-analysis=loop-vectorize]
remark: ./numeric-arithmetic-integer.h:236:0: vectorized loop (vectorization width: 8, interleaved count: 1) [-Rpass=loop-vectorize]
remark: ./numeric-arithmetic-integer.h:236:0: the cost-model indicates that interleaving is not beneficial [-Rpass-analysis=loop-vectorize]
remark: ./numeric-arithmetic-integer.h:236:0: vectorized loop (vectorization width: 8, interleaved count: 1) [-Rpass=loop-vectorize]
remark: ./numeric-arithmetic-integer.h:236:0: loop not vectorized: Cannot vectorize uncountable loop [-Rpass-analysis=loop-vectorize]
remark: ./numeric-arithmetic-integer.h:236:0: loop not vectorized [-Rpass-missed=loop-vectorize]
remark: ./numeric-arithmetic-integer.h:236:0: vectorized loop (vectorization width: 8, interleaved count: 4) [-Rpass=loop-vectorize]
remark: ./numeric-arithmetic-integer.h:236:0: vectorized loop (vectorization width: 8, interleaved count: 4) [-Rpass=loop-vectorize]
remark: ./numeric-arithmetic-integer.h:236:0: loop not vectorized: Cannot vectorize uncountable loop [-Rpass-analysis=loop-vectorize]
remark: ./numeric-arithmetic-integer.h:236:0: loop not vectorized [-Rpass-missed=loop-vectorize]
remark: ./numeric-arithmetic-integer.h:236:0: vectorized loop (vectorization width: 8, interleaved count: 4) [-Rpass=loop-vectorize]
remark: ./numeric-arithmetic-integer.h:236:0: vectorized loop (vectorization width: 8, interleaved count: 4) [-Rpass=loop-vectorize]
remark: ./numeric-arithmetic-integer.h:236:0: loop not vectorized: Cannot vectorize uncountable loop [-Rpass-analysis=loop-vectorize]
remark: ./numeric-arithmetic-integer.h:236:0: loop not vectorized [-Rpass-missed=loop-vectorize]
remark: ./numeric-arithmetic-integer.h:236:0: the cost-model indicates that interleaving is not beneficial [-Rpass-analysis=loop-vectorize]
remark: ./numeric-arithmetic-integer.h:236:0: vectorized loop (vectorization width: 8, interleaved count: 1) [-Rpass=loop-vectorize]
remark: ./numeric-arithmetic-integer.h:236:0: the cost-model indicates that interleaving is not beneficial [-Rpass-analysis=loop-vectorize]
remark: ./numeric-arithmetic-integer.h:236:0: vectorized loop (vectorization width: 8, interleaved count: 1) [-Rpass=loop-vectorize]
remark: ./numeric-arithmetic-integer.h:236:0: loop not vectorized: Cannot vectorize uncountable loop [-Rpass-analysis=loop-vectorize]
remark: ./numeric-arithmetic-integer.h:236:0: loop not vectorized [-Rpass-missed=loop-vectorize]
remark: ./numeric-arithmetic-integer.h:236:0: vectorized loop (vectorization width: 8, interleaved count: 4) [-Rpass=loop-vectorize]
remark: ./numeric-arithmetic-integer.h:236:0: vectorized loop (vectorization width: 8, interleaved count: 4) [-Rpass=loop-vectorize]
remark: ./numeric-arithmetic-integer.h:236:0: loop not vectorized: Cannot vectorize uncountable loop [-Rpass-analysis=loop-vectorize]
remark: ./numeric-arithmetic-integer.h:236:0: loop not vectorized [-Rpass-missed=loop-vectorize]
remark: ./numeric-arithmetic-integer.h:236:0: vectorized loop (vectorization width: 8, interleaved count: 4) [-Rpass=loop-vectorize]
remark: ./numeric-arithmetic-integer.h:236:0: vectorized loop (vectorization width: 8, interleaved count: 4) [-Rpass=loop-vectorize]
remark: ./numeric-arithmetic-integer.h:236:46542: loop not vectorized: Cannot vectorize uncountable loop [-Rpass-analysis=loop-vectorize]
remark: ./numeric-arithmetic-integer.h:236:46542: loop not vectorized [-Rpass-missed=loop-vectorize]
remark: ./numeric-arithmetic-integer.h:236:47294: the cost-model indicates that interleaving is not beneficial [-Rpass-analysis=loop-vectorize]
remark: ./numeric-arithmetic-integer.h:236:47294: vectorized loop (vectorization width: 8, interleaved count: 1) [-Rpass=loop-vectorize]
remark: ./numeric-arithmetic-integer.h:236:48050: the cost-model indicates that interleaving is not beneficial [-Rpass-analysis=loop-vectorize]
remark: ./numeric-arithmetic-integer.h:236:48050: vectorized loop (vectorization width: 8, interleaved count: 1) [-Rpass=loop-vectorize]
remark: ./numeric-arithmetic-integer.h:236:44238: loop not vectorized: Cannot vectorize uncountable loop [-Rpass-analysis=loop-vectorize]
remark: ./numeric-arithmetic-integer.h:236:44238: loop not vectorized [-Rpass-missed=loop-vectorize]
remark: ./numeric-arithmetic-integer.h:236:44990: vectorized loop (vectorization width: 8, interleaved count: 4) [-Rpass=loop-vectorize]
remark: ./numeric-arithmetic-integer.h:236:45746: vectorized loop (vectorization width: 8, interleaved count: 4) [-Rpass=loop-vectorize]
remark: ./numeric-arithmetic-integer.h:236:41914: loop not vectorized: Cannot vectorize uncountable loop [-Rpass-analysis=loop-vectorize]
remark: ./numeric-arithmetic-integer.h:236:41914: loop not vectorized [-Rpass-missed=loop-vectorize]
remark: ./numeric-arithmetic-integer.h:236:42666: vectorized loop (vectorization width: 8, interleaved count: 4) [-Rpass=loop-vectorize]
remark: ./numeric-arithmetic-integer.h:236:43422: vectorized loop (vectorization width: 8, interleaved count: 4) [-Rpass=loop-vectorize]
remark: ./numeric-arithmetic-integer.h:236:53507: loop not vectorized: Cannot vectorize uncountable loop [-Rpass-analysis=loop-vectorize]
remark: ./numeric-arithmetic-integer.h:236:53507: loop not vectorized [-Rpass-missed=loop-vectorize]
remark: ./numeric-arithmetic-integer.h:236:54259: the cost-model indicates that interleaving is not beneficial [-Rpass-analysis=loop-vectorize]
remark: ./numeric-arithmetic-integer.h:236:54259: vectorized loop (vectorization width: 8, interleaved count: 1) [-Rpass=loop-vectorize]
remark: ./numeric-arithmetic-integer.h:236:55015: the cost-model indicates that interleaving is not beneficial [-Rpass-analysis=loop-vectorize]
remark: ./numeric-arithmetic-integer.h:236:55015: vectorized loop (vectorization width: 8, interleaved count: 1) [-Rpass=loop-vectorize]
remark: ./numeric-arithmetic-integer.h:236:51203: loop not vectorized: Cannot vectorize uncountable loop [-Rpass-analysis=loop-vectorize]
remark: ./numeric-arithmetic-integer.h:236:51203: loop not vectorized [-Rpass-missed=loop-vectorize]
remark: ./numeric-arithmetic-integer.h:236:51955: vectorized loop (vectorization width: 8, interleaved count: 4) [-Rpass=loop-vectorize]
remark: ./numeric-arithmetic-integer.h:236:52711: vectorized loop (vectorization width: 8, interleaved count: 4) [-Rpass=loop-vectorize]
remark: ./numeric-arithmetic-integer.h:236:48879: loop not vectorized: Cannot vectorize uncountable loop [-Rpass-analysis=loop-vectorize]
remark: ./numeric-arithmetic-integer.h:236:48879: loop not vectorized [-Rpass-missed=loop-vectorize]
remark: ./numeric-arithmetic-integer.h:236:49631: vectorized loop (vectorization width: 8, interleaved count: 4) [-Rpass=loop-vectorize]
remark: ./numeric-arithmetic-integer.h:236:50387: vectorized loop (vectorization width: 8, interleaved count: 4) [-Rpass=loop-vectorize]
remark: ./numeric-arithmetic-integer.h:236:60472: loop not vectorized: Cannot vectorize uncountable loop [-Rpass-analysis=loop-vectorize]
remark: ./numeric-arithmetic-integer.h:236:60472: loop not vectorized [-Rpass-missed=loop-vectorize]
remark: ./numeric-arithmetic-integer.h:236:61224: the cost-model indicates that interleaving is not beneficial [-Rpass-analysis=loop-vectorize]
remark: ./numeric-arithmetic-integer.h:236:61224: vectorized loop (vectorization width: 8, interleaved count: 1) [-Rpass=loop-vectorize]
remark: ./numeric-arithmetic-integer.h:236:61980: the cost-model indicates that interleaving is not beneficial [-Rpass-analysis=loop-vectorize]
remark: ./numeric-arithmetic-integer.h:236:61980: vectorized loop (vectorization width: 8, interleaved count: 1) [-Rpass=loop-vectorize]
remark: ./numeric-arithmetic-integer.h:236:58168: loop not vectorized: Cannot vectorize uncountable loop [-Rpass-analysis=loop-vectorize]
remark: ./numeric-arithmetic-integer.h:236:58168: loop not vectorized [-Rpass-missed=loop-vectorize]
remark: ./numeric-arithmetic-integer.h:236:58920: vectorized loop (vectorization width: 8, interleaved count: 4) [-Rpass=loop-vectorize]
remark: ./numeric-arithmetic-integer.h:236:59676: vectorized loop (vectorization width: 8, interleaved count: 4) [-Rpass=loop-vectorize]
remark: ./numeric-arithmetic-integer.h:236:55844: loop not vectorized: Cannot vectorize uncountable loop [-Rpass-analysis=loop-vectorize]
remark: ./numeric-arithmetic-integer.h:236:55844: loop not vectorized [-Rpass-missed=loop-vectorize]
remark: ./numeric-arithmetic-integer.h:236:56596: vectorized loop (vectorization width: 8, interleaved count: 4) [-Rpass=loop-vectorize]
remark: ./numeric-arithmetic-integer.h:236:57352: vectorized loop (vectorization width: 8, interleaved count: 4) [-Rpass=loop-vectorize]
remark: ./numeric-arithmetic-integer.h:236:0: loop not vectorized: Cannot vectorize uncountable loop [-Rpass-analysis=loop-vectorize]
remark: ./numeric-arithmetic-integer.h:236:0: loop not vectorized [-Rpass-missed=loop-vectorize]
remark: ./numeric-arithmetic-integer.h:236:0: the cost-model indicates that interleaving is not beneficial [-Rpass-analysis=loop-vectorize]
remark: ./numeric-arithmetic-integer.h:236:0: vectorized loop (vectorization width: 8, interleaved count: 1) [-Rpass=loop-vectorize]
remark: ./numeric-arithmetic-integer.h:236:0: the cost-model indicates that interleaving is not beneficial [-Rpass-analysis=loop-vectorize]
remark: ./numeric-arithmetic-integer.h:236:0: vectorized loop (vectorization width: 4, interleaved count: 1) [-Rpass=loop-vectorize]
remark: ./numeric-arithmetic-integer.h:236:0: loop not vectorized: Cannot vectorize uncountable loop [-Rpass-analysis=loop-vectorize]
remark: ./numeric-arithmetic-integer.h:236:0: loop not vectorized [-Rpass-missed=loop-vectorize]
remark: ./numeric-arithmetic-integer.h:236:0: vectorized loop (vectorization width: 8, interleaved count: 4) [-Rpass=loop-vectorize]
remark: ./numeric-arithmetic-integer.h:236:0: vectorized loop (vectorization width: 4, interleaved count: 4) [-Rpass=loop-vectorize]
remark: ./numeric-arithmetic-integer.h:236:0: loop not vectorized: Cannot vectorize uncountable loop [-Rpass-analysis=loop-vectorize]
remark: ./numeric-arithmetic-integer.h:236:0: loop not vectorized [-Rpass-missed=loop-vectorize]
remark: ./numeric-arithmetic-integer.h:236:0: vectorized loop (vectorization width: 8, interleaved count: 4) [-Rpass=loop-vectorize]
remark: ./numeric-arithmetic-integer.h:236:0: vectorized loop (vectorization width: 4, interleaved count: 4) [-Rpass=loop-vectorize]
remark: ./numeric-arithmetic-integer.h:236:0: loop not vectorized: Cannot vectorize uncountable loop [-Rpass-analysis=loop-vectorize]
remark: ./numeric-arithmetic-integer.h:236:0: loop not vectorized [-Rpass-missed=loop-vectorize]
remark: ./numeric-arithmetic-integer.h:236:0: the cost-model indicates that interleaving is not beneficial [-Rpass-analysis=loop-vectorize]
remark: ./numeric-arithmetic-integer.h:236:0: vectorized loop (vectorization width: 8, interleaved count: 1) [-Rpass=loop-vectorize]
remark: ./numeric-arithmetic-integer.h:236:0: the cost-model indicates that interleaving is not beneficial [-Rpass-analysis=loop-vectorize]
remark: ./numeric-arithmetic-integer.h:236:0: vectorized loop (vectorization width: 4, interleaved count: 1) [-Rpass=loop-vectorize]
remark: ./numeric-arithmetic-integer.h:236:0: loop not vectorized: Cannot vectorize uncountable loop [-Rpass-analysis=loop-vectorize]
remark: ./numeric-arithmetic-integer.h:236:0: loop not vectorized [-Rpass-missed=loop-vectorize]
remark: ./numeric-arithmetic-integer.h:236:0: vectorized loop (vectorization width: 8, interleaved count: 4) [-Rpass=loop-vectorize]
remark: ./numeric-arithmetic-integer.h:236:0: vectorized loop (vectorization width: 4, interleaved count: 4) [-Rpass=loop-vectorize]
remark: ./numeric-arithmetic-integer.h:236:0: loop not vectorized: Cannot vectorize uncountable loop [-Rpass-analysis=loop-vectorize]
remark: ./numeric-arithmetic-integer.h:236:0: loop not vectorized [-Rpass-missed=loop-vectorize]
remark: ./numeric-arithmetic-integer.h:236:0: vectorized loop (vectorization width: 8, interleaved count: 4) [-Rpass=loop-vectorize]
remark: ./numeric-arithmetic-integer.h:236:0: vectorized loop (vectorization width: 4, interleaved count: 4) [-Rpass=loop-vectorize]
remark: ./numeric-arithmetic-integer.h:236:0: loop not vectorized: Cannot vectorize uncountable loop [-Rpass-analysis=loop-vectorize]
remark: ./numeric-arithmetic-integer.h:236:0: loop not vectorized [-Rpass-missed=loop-vectorize]
remark: ./numeric-arithmetic-integer.h:236:0: the cost-model indicates that interleaving is not beneficial [-Rpass-analysis=loop-vectorize]
remark: ./numeric-arithmetic-integer.h:236:0: vectorized loop (vectorization width: 8, interleaved count: 1) [-Rpass=loop-vectorize]
remark: ./numeric-arithmetic-integer.h:236:0: the cost-model indicates that interleaving is not beneficial [-Rpass-analysis=loop-vectorize]
remark: ./numeric-arithmetic-integer.h:236:0: vectorized loop (vectorization width: 4, interleaved count: 1) [-Rpass=loop-vectorize]
remark: ./numeric-arithmetic-integer.h:236:0: loop not vectorized: Cannot vectorize uncountable loop [-Rpass-analysis=loop-vectorize]
remark: ./numeric-arithmetic-integer.h:236:0: loop not vectorized [-Rpass-missed=loop-vectorize]
remark: ./numeric-arithmetic-integer.h:236:0: vectorized loop (vectorization width: 8, interleaved count: 4) [-Rpass=loop-vectorize]
remark: ./numeric-arithmetic-integer.h:236:0: vectorized loop (vectorization width: 4, interleaved count: 4) [-Rpass=loop-vectorize]
remark: ./numeric-arithmetic-integer.h:236:0: loop not vectorized: Cannot vectorize uncountable loop [-Rpass-analysis=loop-vectorize]
remark: ./numeric-arithmetic-integer.h:236:0: loop not vectorized [-Rpass-missed=loop-vectorize]
remark: ./numeric-arithmetic-integer.h:236:0: vectorized loop (vectorization width: 8, interleaved count: 4) [-Rpass=loop-vectorize]
remark: ./numeric-arithmetic-integer.h:236:0: vectorized loop (vectorization width: 4, interleaved count: 4) [-Rpass=loop-vectorize]
remark: ./numeric-arithmetic-integer.h:284:3967: vectorized loop (vectorization width: 4, interleaved count: 4) [-Rpass=loop-vectorize]
remark: ./numeric-arithmetic-integer.h:284:4887: the cost-model indicates that interleaving is not beneficial [-Rpass-analysis=loop-vectorize]
remark: ./numeric-arithmetic-integer.h:284:4887: vectorized loop (vectorization width: 16, interleaved count: 1) [-Rpass=loop-vectorize]
remark: ./numeric-arithmetic-integer.h:284:2088: the cost-model indicates that interleaving is not beneficial [-Rpass-analysis=loop-vectorize]
remark: ./numeric-arithmetic-integer.h:284:2088: vectorized loop (vectorization width: 16, interleaved count: 1) [-Rpass=loop-vectorize]
remark: ./numeric-arithmetic-integer.h:284:3008: the cost-model indicates that interleaving is not beneficial [-Rpass-analysis=loop-vectorize]
remark: ./numeric-arithmetic-integer.h:284:3008: vectorized loop (vectorization width: 16, interleaved count: 1) [-Rpass=loop-vectorize]
remark: ./numeric-arithmetic-integer.h:284:189: the cost-model indicates that interleaving is not beneficial [-Rpass-analysis=loop-vectorize]
remark: ./numeric-arithmetic-integer.h:284:189: vectorized loop (vectorization width: 16, interleaved count: 1) [-Rpass=loop-vectorize]
remark: ./numeric-arithmetic-integer.h:284:1109: the cost-model indicates that interleaving is not beneficial [-Rpass-analysis=loop-vectorize]
remark: ./numeric-arithmetic-integer.h:284:1109: vectorized loop (vectorization width: 16, interleaved count: 1) [-Rpass=loop-vectorize]
remark: ./numeric-arithmetic-integer.h:284:9657: vectorized loop (vectorization width: 4, interleaved count: 4) [-Rpass=loop-vectorize]
remark: ./numeric-arithmetic-integer.h:284:10577: the cost-model indicates that interleaving is not beneficial [-Rpass-analysis=loop-vectorize]
remark: ./numeric-arithmetic-integer.h:284:10577: vectorized loop (vectorization width: 16, interleaved count: 1) [-Rpass=loop-vectorize]
remark: ./numeric-arithmetic-integer.h:284:7778: the cost-model indicates that interleaving is not beneficial [-Rpass-analysis=loop-vectorize]
remark: ./numeric-arithmetic-integer.h:284:7778: vectorized loop (vectorization width: 16, interleaved count: 1) [-Rpass=loop-vectorize]
remark: ./numeric-arithmetic-integer.h:284:8698: the cost-model indicates that interleaving is not beneficial [-Rpass-analysis=loop-vectorize]
remark: ./numeric-arithmetic-integer.h:284:8698: vectorized loop (vectorization width: 16, interleaved count: 1) [-Rpass=loop-vectorize]
remark: ./numeric-arithmetic-integer.h:284:5879: the cost-model indicates that interleaving is not beneficial [-Rpass-analysis=loop-vectorize]
remark: ./numeric-arithmetic-integer.h:284:5879: vectorized loop (vectorization width: 16, interleaved count: 1) [-Rpass=loop-vectorize]
remark: ./numeric-arithmetic-integer.h:284:6799: the cost-model indicates that interleaving is not beneficial [-Rpass-analysis=loop-vectorize]
remark: ./numeric-arithmetic-integer.h:284:6799: vectorized loop (vectorization width: 16, interleaved count: 1) [-Rpass=loop-vectorize]
remark: ./numeric-arithmetic-integer.h:284:15347: vectorized loop (vectorization width: 4, interleaved count: 4) [-Rpass=loop-vectorize]
remark: ./numeric-arithmetic-integer.h:284:16267: the cost-model indicates that interleaving is not beneficial [-Rpass-analysis=loop-vectorize]
remark: ./numeric-arithmetic-integer.h:284:16267: vectorized loop (vectorization width: 16, interleaved count: 1) [-Rpass=loop-vectorize]
remark: ./numeric-arithmetic-integer.h:284:13468: the cost-model indicates that interleaving is not beneficial [-Rpass-analysis=loop-vectorize]
remark: ./numeric-arithmetic-integer.h:284:13468: vectorized loop (vectorization width: 16, interleaved count: 1) [-Rpass=loop-vectorize]
remark: ./numeric-arithmetic-integer.h:284:14388: the cost-model indicates that interleaving is not beneficial [-Rpass-analysis=loop-vectorize]
remark: ./numeric-arithmetic-integer.h:284:14388: vectorized loop (vectorization width: 16, interleaved count: 1) [-Rpass=loop-vectorize]
remark: ./numeric-arithmetic-integer.h:284:11569: the cost-model indicates that interleaving is not beneficial [-Rpass-analysis=loop-vectorize]
remark: ./numeric-arithmetic-integer.h:284:11569: vectorized loop (vectorization width: 16, interleaved count: 1) [-Rpass=loop-vectorize]
remark: ./numeric-arithmetic-integer.h:284:12489: the cost-model indicates that interleaving is not beneficial [-Rpass-analysis=loop-vectorize]
remark: ./numeric-arithmetic-integer.h:284:12489: vectorized loop (vectorization width: 16, interleaved count: 1) [-Rpass=loop-vectorize]
remark: ./numeric-arithmetic-integer.h:287:3983: vectorized loop (vectorization width: 4, interleaved count: 4) [-Rpass=loop-vectorize]
remark: ./numeric-arithmetic-integer.h:287:4907: vectorized loop (vectorization width: 8, interleaved count: 2) [-Rpass=loop-vectorize]
remark: ./numeric-arithmetic-integer.h:287:2096: the cost-model indicates that interleaving is not beneficial [-Rpass-analysis=loop-vectorize]
remark: ./numeric-arithmetic-integer.h:287:2096: vectorized loop (vectorization width: 8, interleaved count: 1) [-Rpass=loop-vectorize]
remark: ./numeric-arithmetic-integer.h:287:3020: the cost-model indicates that interleaving is not beneficial [-Rpass-analysis=loop-vectorize]
remark: ./numeric-arithmetic-integer.h:287:3020: vectorized loop (vectorization width: 8, interleaved count: 1) [-Rpass=loop-vectorize]
remark: ./numeric-arithmetic-integer.h:287:189: the cost-model indicates that interleaving is not beneficial [-Rpass-analysis=loop-vectorize]
remark: ./numeric-arithmetic-integer.h:287:189: vectorized loop (vectorization width: 8, interleaved count: 1) [-Rpass=loop-vectorize]
remark: ./numeric-arithmetic-integer.h:287:1113: the cost-model indicates that interleaving is not beneficial [-Rpass-analysis=loop-vectorize]
remark: ./numeric-arithmetic-integer.h:287:1113: vectorized loop (vectorization width: 8, interleaved count: 1) [-Rpass=loop-vectorize]
remark: ./numeric-arithmetic-integer.h:287:9697: vectorized loop (vectorization width: 4, interleaved count: 4) [-Rpass=loop-vectorize]
remark: ./numeric-arithmetic-integer.h:287:10621: vectorized loop (vectorization width: 8, interleaved count: 2) [-Rpass=loop-vectorize]
remark: ./numeric-arithmetic-integer.h:287:7810: the cost-model indicates that interleaving is not beneficial [-Rpass-analysis=loop-vectorize]
remark: ./numeric-arithmetic-integer.h:287:7810: vectorized loop (vectorization width: 8, interleaved count: 1) [-Rpass=loop-vectorize]
remark: ./numeric-arithmetic-integer.h:287:8734: the cost-model indicates that interleaving is not beneficial [-Rpass-analysis=loop-vectorize]
remark: ./numeric-arithmetic-integer.h:287:8734: vectorized loop (vectorization width: 8, interleaved count: 1) [-Rpass=loop-vectorize]
remark: ./numeric-arithmetic-integer.h:287:5903: the cost-model indicates that interleaving is not beneficial [-Rpass-analysis=loop-vectorize]
remark: ./numeric-arithmetic-integer.h:287:5903: vectorized loop (vectorization width: 8, interleaved count: 1) [-Rpass=loop-vectorize]
remark: ./numeric-arithmetic-integer.h:287:6827: the cost-model indicates that interleaving is not beneficial [-Rpass-analysis=loop-vectorize]
remark: ./numeric-arithmetic-integer.h:287:6827: vectorized loop (vectorization width: 8, interleaved count: 1) [-Rpass=loop-vectorize]
remark: ./numeric-arithmetic-integer.h:287:15411: vectorized loop (vectorization width: 4, interleaved count: 4) [-Rpass=loop-vectorize]
remark: ./numeric-arithmetic-integer.h:287:16335: vectorized loop (vectorization width: 8, interleaved count: 2) [-Rpass=loop-vectorize]
remark: ./numeric-arithmetic-integer.h:287:13524: the cost-model indicates that interleaving is not beneficial [-Rpass-analysis=loop-vectorize]
remark: ./numeric-arithmetic-integer.h:287:13524: vectorized loop (vectorization width: 8, interleaved count: 1) [-Rpass=loop-vectorize]
remark: ./numeric-arithmetic-integer.h:287:14448: the cost-model indicates that interleaving is not beneficial [-Rpass-analysis=loop-vectorize]
remark: ./numeric-arithmetic-integer.h:287:14448: vectorized loop (vectorization width: 8, interleaved count: 1) [-Rpass=loop-vectorize]
remark: ./numeric-arithmetic-integer.h:287:11617: the cost-model indicates that interleaving is not beneficial [-Rpass-analysis=loop-vectorize]
remark: ./numeric-arithmetic-integer.h:287:11617: vectorized loop (vectorization width: 8, interleaved count: 1) [-Rpass=loop-vectorize]
remark: ./numeric-arithmetic-integer.h:287:12541: the cost-model indicates that interleaving is not beneficial [-Rpass-analysis=loop-vectorize]
remark: ./numeric-arithmetic-integer.h:287:12541: vectorized loop (vectorization width: 8, interleaved count: 1) [-Rpass=loop-vectorize]
remark: ./numeric-arithmetic-integer.h:290:3983: vectorized loop (vectorization width: 4, interleaved count: 4) [-Rpass=loop-vectorize]
remark: ./numeric-arithmetic-integer.h:290:4907: vectorized loop (vectorization width: 4, interleaved count: 4) [-Rpass=loop-vectorize]
remark: ./numeric-arithmetic-integer.h:290:2096: vectorized loop (vectorization width: 4, interleaved count: 4) [-Rpass=loop-vectorize]
remark: ./numeric-arithmetic-integer.h:290:3020: vectorized loop (vectorization width: 4, interleaved count: 4) [-Rpass=loop-vectorize]
remark: ./numeric-arithmetic-integer.h:290:189: vectorized loop (vectorization width: 4, interleaved count: 4) [-Rpass=loop-vectorize]
remark: ./numeric-arithmetic-integer.h:290:1113: vectorized loop (vectorization width: 4, interleaved count: 4) [-Rpass=loop-vectorize]
remark: ./numeric-arithmetic-integer.h:290:9697: vectorized loop (vectorization width: 4, interleaved count: 4) [-Rpass=loop-vectorize]
remark: ./numeric-arithmetic-integer.h:290:10621: vectorized loop (vectorization width: 4, interleaved count: 4) [-Rpass=loop-vectorize]
remark: ./numeric-arithmetic-integer.h:290:7810: vectorized loop (vectorization width: 4, interleaved count: 4) [-Rpass=loop-vectorize]
remark: ./numeric-arithmetic-integer.h:290:8734: vectorized loop (vectorization width: 4, interleaved count: 4) [-Rpass=loop-vectorize]
remark: ./numeric-arithmetic-integer.h:290:5903: vectorized loop (vectorization width: 4, interleaved count: 4) [-Rpass=loop-vectorize]
remark: ./numeric-arithmetic-integer.h:290:6827: vectorized loop (vectorization width: 4, interleaved count: 4) [-Rpass=loop-vectorize]
remark: ./numeric-arithmetic-integer.h:290:15411: vectorized loop (vectorization width: 4, interleaved count: 4) [-Rpass=loop-vectorize]
remark: ./numeric-arithmetic-integer.h:290:16335: vectorized loop (vectorization width: 4, interleaved count: 4) [-Rpass=loop-vectorize]
remark: ./numeric-arithmetic-integer.h:290:13524: vectorized loop (vectorization width: 4, interleaved count: 4) [-Rpass=loop-vectorize]
remark: ./numeric-arithmetic-integer.h:290:14448: vectorized loop (vectorization width: 4, interleaved count: 4) [-Rpass=loop-vectorize]
remark: ./numeric-arithmetic-integer.h:290:11617: vectorized loop (vectorization width: 4, interleaved count: 4) [-Rpass=loop-vectorize]
remark: ./numeric-arithmetic-integer.h:290:12541: vectorized loop (vectorization width: 4, interleaved count: 4) [-Rpass=loop-vectorize]
remark: ./numeric-arithmetic.h:234:1289: vectorized loop (vectorization width: 2, interleaved count: 4) [-Rpass=loop-vectorize]
remark: ./numeric-arithmetic.h:234:923: vectorized loop (vectorization width: 2, interleaved count: 4) [-Rpass=loop-vectorize]
remark: ./numeric-arithmetic.h:234:541: vectorized loop (vectorization width: 2, interleaved count: 4) [-Rpass=loop-vectorize]
remark: ./numeric-arithmetic.h:234:179: vectorized loop (vectorization width: 2, interleaved count: 4) [-Rpass=loop-vectorize]
remark: ./numeric-arithmetic.h:233:1289: vectorized loop (vectorization width: 2, interleaved count: 4) [-Rpass=loop-vectorize]
remark: ./numeric-arithmetic.h:233:923: vectorized loop (vectorization width: 2, interleaved count: 4) [-Rpass=loop-vectorize]
remark: ./numeric-arithmetic.h:233:541: vectorized loop (vectorization width: 2, interleaved count: 4) [-Rpass=loop-vectorize]
remark: ./numeric-arithmetic.h:233:179: vectorized loop (vectorization width: 2, interleaved count: 4) [-Rpass=loop-vectorize]
remark: ./numeric-arithmetic.h:232:1289: vectorized loop (vectorization width: 2, interleaved count: 4) [-Rpass=loop-vectorize]
remark: ./numeric-arithmetic.h:232:923: vectorized loop (vectorization width: 2, interleaved count: 4) [-Rpass=loop-vectorize]
remark: ./numeric-arithmetic.h:232:541: vectorized loop (vectorization width: 2, interleaved count: 4) [-Rpass=loop-vectorize]
remark: ./numeric-arithmetic.h:232:179: vectorized loop (vectorization width: 2, interleaved count: 4) [-Rpass=loop-vectorize]
remark: ./numeric-arithmetic.h:231:1289: vectorized loop (vectorization width: 2, interleaved count: 4) [-Rpass=loop-vectorize]
remark: ./numeric-arithmetic.h:231:923: vectorized loop (vectorization width: 2, interleaved count: 4) [-Rpass=loop-vectorize]
remark: ./numeric-arithmetic.h:231:541: vectorized loop (vectorization width: 2, interleaved count: 4) [-Rpass=loop-vectorize]
remark: ./numeric-arithmetic.h:231:179: vectorized loop (vectorization width: 2, interleaved count: 4) [-Rpass=loop-vectorize]
remark: ./numeric-arithmetic.h:536:286: loop not vectorized: cannot identify array bounds [-Rpass-analysis=loop-vectorize]
remark: ./numeric-arithmetic.h:536:144: loop not vectorized [-Rpass-missed=loop-vectorize]
remark: ./numeric-arithmetic.h:536:1002: loop not vectorized: cannot identify array bounds [-Rpass-analysis=loop-vectorize]
remark: ./numeric-arithmetic.h:536:840: loop not vectorized [-Rpass-missed=loop-vectorize]
remark: ./numeric-arithmetic.h:536:1688: loop not vectorized: cannot identify array bounds [-Rpass-analysis=loop-vectorize]
remark: ./numeric-arithmetic.h:536:1546: loop not vectorized [-Rpass-missed=loop-vectorize]
remark: ./numeric-arithmetic.h:536:2432: loop not vectorized: cannot identify array bounds [-Rpass-analysis=loop-vectorize]
remark: ./numeric-arithmetic.h:536:2270: loop not vectorized [-Rpass-missed=loop-vectorize]
remark: ./numeric-arithmetic.h:536:3089: loop not vectorized: cannot identify array bounds [-Rpass-analysis=loop-vectorize]
remark: ./numeric-arithmetic.h:536:2927: loop not vectorized [-Rpass-missed=loop-vectorize]
remark: ./numeric-arithmetic.h:536:3746: loop not vectorized: cannot identify array bounds [-Rpass-analysis=loop-vectorize]
remark: ./numeric-arithmetic.h:536:3604: loop not vectorized [-Rpass-missed=loop-vectorize]
remark: ./numeric-arithmetic.h:536:4462: loop not vectorized: cannot identify array bounds [-Rpass-analysis=loop-vectorize]
remark: ./numeric-arithmetic.h:536:4300: loop not vectorized [-Rpass-missed=loop-vectorize]
remark: ./numeric-arithmetic.h:536:5148: loop not vectorized: cannot identify array bounds [-Rpass-analysis=loop-vectorize]
remark: ./numeric-arithmetic.h:536:5006: loop not vectorized [-Rpass-missed=loop-vectorize]
remark: ./numeric-arithmetic.h:536:5892: loop not vectorized: cannot identify array bounds [-Rpass-analysis=loop-vectorize]
remark: ./numeric-arithmetic.h:536:5730: loop not vectorized [-Rpass-missed=loop-vectorize]
remark: ./numeric-arithmetic.h:536:6549: loop not vectorized: cannot identify array bounds [-Rpass-analysis=loop-vectorize]
remark: ./numeric-arithmetic.h:536:6387: loop not vectorized [-Rpass-missed=loop-vectorize]
remark: ./numeric-arithmetic.h:536:7206: loop not vectorized: cannot identify array bounds [-Rpass-analysis=loop-vectorize]
remark: ./numeric-arithmetic.h:536:7064: loop not vectorized [-Rpass-missed=loop-vectorize]
remark: ./numeric-arithmetic.h:536:7922: loop not vectorized: cannot identify array bounds [-Rpass-analysis=loop-vectorize]
remark: ./numeric-arithmetic.h:536:7760: loop not vectorized [-Rpass-missed=loop-vectorize]
remark: ./numeric-arithmetic.h:536:8608: loop not vectorized: cannot identify array bounds [-Rpass-analysis=loop-vectorize]
remark: ./numeric-arithmetic.h:536:8466: loop not vectorized [-Rpass-missed=loop-vectorize]
remark: ./numeric-arithmetic.h:536:9352: loop not vectorized: cannot identify array bounds [-Rpass-analysis=loop-vectorize]
remark: ./numeric-arithmetic.h:536:9190: loop not vectorized [-Rpass-missed=loop-vectorize]
remark: ./numeric-arithmetic.h:536:10009: loop not vectorized: cannot identify array bounds [-Rpass-analysis=loop-vectorize]
remark: ./numeric-arithmetic.h:536:9847: loop not vectorized [-Rpass-missed=loop-vectorize]
remark: ./numeric-arithmetic.h:536:10666: loop not vectorized: cannot identify array bounds [-Rpass-analysis=loop-vectorize]
remark: ./numeric-arithmetic.h:536:10524: loop not vectorized [-Rpass-missed=loop-vectorize]
remark: ./numeric-arithmetic.h:536:11382: loop not vectorized: cannot identify array bounds [-Rpass-analysis=loop-vectorize]
remark: ./numeric-arithmetic.h:536:11220: loop not vectorized [-Rpass-missed=loop-vectorize]
remark: ./numeric-arithmetic.h:536:12068: loop not vectorized: cannot identify array bounds [-Rpass-analysis=loop-vectorize]
remark: ./numeric-arithmetic.h:536:11926: loop not vectorized [-Rpass-missed=loop-vectorize]
remark: ./numeric-arithmetic.h:536:12812: loop not vectorized: cannot identify array bounds [-Rpass-analysis=loop-vectorize]
remark: ./numeric-arithmetic.h:536:12650: loop not vectorized [-Rpass-missed=loop-vectorize]
remark: ./numeric-arithmetic.h:536:13469: loop not vectorized: cannot identify array bounds [-Rpass-analysis=loop-vectorize]
remark: ./numeric-arithmetic.h:536:13307: loop not vectorized [-Rpass-missed=loop-vectorize]
remark: ./numeric-arithmetic-scale.h:204:19: loop not vectorized: value that could not be identified as reduction is used outside the loop [-Rpass-analysis=loop-vectorize]
remark: ./numeric-arithmetic-scale.h:204:5: loop not vectorized: Cannot vectorize early exit loop with more than one early exit [-Rpass-analysis=loop-vectorize]
remark: ./numeric-arithmetic-scale.h:204:5: loop not vectorized: could not determine number of loop iterations [-Rpass-analysis=loop-vectorize]
remark: ./numeric-arithmetic-scale.h:204:5: loop not vectorized [-Rpass-missed=loop-vectorize]
remark: ./numeric-arithmetic-scale.h:24:28: vectorized loop (vectorization width: 16, interleaved count: 2) [-Rpass=loop-vectorize]
remark: ./numeric-arithmetic-scale.h:25:27: vectorized loop (vectorization width: 8, interleaved count: 4) [-Rpass=loop-vectorize]
remark: ./numeric-arithmetic-scale.h:26:28: vectorized loop (vectorization width: 4, interleaved count: 4) [-Rpass=loop-vectorize]
remark: ./numeric-arithmetic-scale.h:176:954: vectorized loop (vectorization width: 4, interleaved count: 4) [-Rpass=loop-vectorize]
remark: ./numeric-arithmetic-scale.h:176:189: vectorized loop (vectorization width: 4, interleaved count: 4) [-Rpass=loop-vectorize]
remark: ./numeric-arithmetic-scale.h:176:1706: vectorized loop (vectorization width: 4, interleaved count: 4) [-Rpass=loop-vectorize]
remark: ./numeric-arithmetic-scale.h:179:956: vectorized loop (vectorization width: 4, interleaved count: 4) [-Rpass=loop-vectorize]
remark: ./numeric-arithmetic-scale.h:179:189: vectorized loop (vectorization width: 4, interleaved count: 4) [-Rpass=loop-vectorize]
remark: ./numeric-arithmetic-scale.h:179:1710: vectorized loop (vectorization width: 4, interleaved count: 4) [-Rpass=loop-vectorize]
remark: ./numeric-arithmetic-scale.h:110:140: loop not vectorized: Cannot vectorize uncountable loop [-Rpass-analysis=loop-vectorize]
remark: ./numeric-arithmetic-scale.h:110:140: loop not vectorized [-Rpass-missed=loop-vectorize]
remark: ./numeric-arithmetic-scale.h:110:570: the cost-model indicates that interleaving is not beneficial [-Rpass-analysis=loop-vectorize]
remark: ./numeric-arithmetic-scale.h:110:570: vectorized loop (vectorization width: 16, interleaved count: 1) [-Rpass=loop-vectorize]
remark: ./numeric-arithmetic-scale.h:110:1006: the cost-model indicates that interleaving is not beneficial [-Rpass-analysis=loop-vectorize]
remark: ./numeric-arithmetic-scale.h:110:1006: vectorized loop (vectorization width: 16, interleaved count: 1) [-Rpass=loop-vectorize]
remark: ./numeric-arithmetic-scale.h:110:1446: the cost-model indicates that interleaving is not beneficial [-Rpass-analysis=loop-vectorize]
remark: ./numeric-arithmetic-scale.h:110:1446: vectorized loop (vectorization width: 16, interleaved count: 1) [-Rpass=loop-vectorize]
remark: ./numeric-arithmetic-scale.h:110:1860: the cost-model indicates that interleaving is not beneficial [-Rpass-analysis=loop-vectorize]
remark: ./numeric-arithmetic-scale.h:110:1860: vectorized loop (vectorization width: 16, interleaved count: 1) [-Rpass=loop-vectorize]
remark: ./numeric-arithmetic-scale.h:111:139: loop not vectorized: Cannot vectorize uncountable loop [-Rpass-analysis=loop-vectorize]
remark: ./numeric-arithmetic-scale.h:111:139: loop not vectorized [-Rpass-missed=loop-vectorize]
remark: ./numeric-arithmetic-scale.h:111:572: the cost-model indicates that interleaving is not beneficial [-Rpass-analysis=loop-vectorize]
remark: ./numeric-arithmetic-scale.h:111:572: vectorized loop (vectorization width: 8, interleaved count: 1) [-Rpass=loop-vectorize]
remark: ./numeric-arithmetic-scale.h:111:1011: the cost-model indicates that interleaving is not beneficial [-Rpass-analysis=loop-vectorize]
remark: ./numeric-arithmetic-scale.h:111:1011: vectorized loop (vectorization width: 8, interleaved count: 1) [-Rpass=loop-vectorize]
remark: ./numeric-arithmetic-scale.h:111:1454: the cost-model indicates that interleaving is not beneficial [-Rpass-analysis=loop-vectorize]
remark: ./numeric-arithmetic-scale.h:111:1454: vectorized loop (vectorization width: 8, interleaved count: 1) [-Rpass=loop-vectorize]
remark: ./numeric-arithmetic-scale.h:111:1871: the cost-model indicates that interleaving is not beneficial [-Rpass-analysis=loop-vectorize]
remark: ./numeric-arithmetic-scale.h:111:1871: vectorized loop (vectorization width: 8, interleaved count: 1) [-Rpass=loop-vectorize]
remark: ./numeric-arithmetic-scale.h:112:140: loop not vectorized: Cannot vectorize uncountable loop [-Rpass-analysis=loop-vectorize]
remark: ./numeric-arithmetic-scale.h:112:140: loop not vectorized [-Rpass-missed=loop-vectorize]
remark: ./numeric-arithmetic-scale.h:112:573: the cost-model indicates that interleaving is not beneficial [-Rpass-analysis=loop-vectorize]
remark: ./numeric-arithmetic-scale.h:112:573: vectorized loop (vectorization width: 8, interleaved count: 1) [-Rpass=loop-vectorize]
remark: ./numeric-arithmetic-scale.h:112:1012: the cost-model indicates that interleaving is not beneficial [-Rpass-analysis=loop-vectorize]
remark: ./numeric-arithmetic-scale.h:112:1012: vectorized loop (vectorization width: 4, interleaved count: 1) [-Rpass=loop-vectorize]
remark: ./numeric-arithmetic-scale.h:112:1455: vectorized loop (vectorization width: 4, interleaved count: 4) [-Rpass=loop-vectorize]
remark: ./numeric-arithmetic-scale.h:112:1872: vectorized loop (vectorization width: 4, interleaved count: 4) [-Rpass=loop-vectorize]
remark: ./numeric-arithmetic.h:329:5687: loop not vectorized: call instruction cannot be vectorized [-Rpass-analysis=loop-vectorize]
remark: ./numeric-arithmetic.h:329:4924: loop not vectorized: Cannot vectorize uncountable loop [-Rpass-analysis=loop-vectorize]
remark: ./numeric-arithmetic.h:329:4924: loop not vectorized [-Rpass-missed=loop-vectorize]
remark: ./numeric-arithmetic.h:329:4768: loop not vectorized: call instruction cannot be vectorized [-Rpass-analysis=loop-vectorize]
remark: ./numeric-arithmetic.h:329:4005: loop not vectorized: Cannot vectorize uncountable loop [-Rpass-analysis=loop-vectorize]
remark: ./numeric-arithmetic.h:329:4005: loop not vectorized [-Rpass-missed=loop-vectorize]
remark: ./numeric-arithmetic.h:329:7541: loop not vectorized: call instruction cannot be vectorized [-Rpass-analysis=loop-vectorize]
remark: ./numeric-arithmetic.h:329:6778: loop not vectorized: Cannot vectorize uncountable loop [-Rpass-analysis=loop-vectorize]
remark: ./numeric-arithmetic.h:329:6778: loop not vectorized [-Rpass-missed=loop-vectorize]
remark: ./numeric-arithmetic.h:329:6622: loop not vectorized: call instruction cannot be vectorized [-Rpass-analysis=loop-vectorize]
remark: ./numeric-arithmetic.h:329:5859: loop not vectorized: Cannot vectorize uncountable loop [-Rpass-analysis=loop-vectorize]
remark: ./numeric-arithmetic.h:329:5859: loop not vectorized [-Rpass-missed=loop-vectorize]
remark: ./numeric-arithmetic.h:329:9437: loop not vectorized: call instruction cannot be vectorized [-Rpass-analysis=loop-vectorize]
remark: ./numeric-arithmetic.h:329:8674: loop not vectorized: Cannot vectorize uncountable loop [-Rpass-analysis=loop-vectorize]
remark: ./numeric-arithmetic.h:329:8674: loop not vectorized [-Rpass-missed=loop-vectorize]
remark: ./numeric-arithmetic.h:329:8518: loop not vectorized: call instruction cannot be vectorized [-Rpass-analysis=loop-vectorize]
remark: ./numeric-arithmetic.h:329:7755: loop not vectorized: Cannot vectorize uncountable loop [-Rpass-analysis=loop-vectorize]
remark: ./numeric-arithmetic.h:329:7755: loop not vectorized [-Rpass-missed=loop-vectorize]
remark: ./numeric-arithmetic.h:329:11291: loop not vectorized: call instruction cannot be vectorized [-Rpass-analysis=loop-vectorize]
remark: ./numeric-arithmetic.h:329:10528: loop not vectorized: Cannot vectorize uncountable loop [-Rpass-analysis=loop-vectorize]
remark: ./numeric-arithmetic.h:329:10528: loop not vectorized [-Rpass-missed=loop-vectorize]
remark: ./numeric-arithmetic.h:329:10372: loop not vectorized: call instruction cannot be vectorized [-Rpass-analysis=loop-vectorize]
remark: ./numeric-arithmetic.h:329:9609: loop not vectorized: Cannot vectorize uncountable loop [-Rpass-analysis=loop-vectorize]
remark: ./numeric-arithmetic.h:329:9609: loop not vectorized [-Rpass-missed=loop-vectorize]
remark: ./numeric-arithmetic.h:329:1153: loop not vectorized: Cannot vectorize uncountable loop [-Rpass-analysis=loop-vectorize]
remark: ./numeric-arithmetic.h:329:1153: loop not vectorized [-Rpass-missed=loop-vectorize]
remark: ./numeric-arithmetic.h:329:234: loop not vectorized: Cannot vectorize uncountable loop [-Rpass-analysis=loop-vectorize]
remark: ./numeric-arithmetic.h:329:234: loop not vectorized [-Rpass-missed=loop-vectorize]
remark: ./numeric-arithmetic.h:329:3007: loop not vectorized: Cannot vectorize uncountable loop [-Rpass-analysis=loop-vectorize]
remark: ./numeric-arithmetic.h:329:3007: loop not vectorized [-Rpass-missed=loop-vectorize]
remark: ./numeric-arithmetic.h:329:2088: loop not vectorized: Cannot vectorize uncountable loop [-Rpass-analysis=loop-vectorize]
remark: ./numeric-arithmetic.h:329:2088: loop not vectorized [-Rpass-missed=loop-vectorize]
remark: ./numeric-arithmetic.h:329:17058: loop not vectorized: call instruction cannot be vectorized [-Rpass-analysis=loop-vectorize]
remark: ./numeric-arithmetic.h:329:16286: loop not vectorized [-Rpass-missed=loop-vectorize]
remark: ./numeric-arithmetic.h:329:16128: loop not vectorized: call instruction cannot be vectorized [-Rpass-analysis=loop-vectorize]
remark: ./numeric-arithmetic.h:329:15356: loop not vectorized [-Rpass-missed=loop-vectorize]
remark: ./numeric-arithmetic.h:329:18934: loop not vectorized: call instruction cannot be vectorized [-Rpass-analysis=loop-vectorize]
remark: ./numeric-arithmetic.h:329:18162: loop not vectorized [-Rpass-missed=loop-vectorize]
remark: ./numeric-arithmetic.h:329:18004: loop not vectorized: call instruction cannot be vectorized [-Rpass-analysis=loop-vectorize]
remark: ./numeric-arithmetic.h:329:17232: loop not vectorized [-Rpass-missed=loop-vectorize]
remark: ./numeric-arithmetic.h:329:20852: loop not vectorized: call instruction cannot be vectorized [-Rpass-analysis=loop-vectorize]
remark: ./numeric-arithmetic.h:329:20080: loop not vectorized [-Rpass-missed=loop-vectorize]
remark: ./numeric-arithmetic.h:329:19922: loop not vectorized: call instruction cannot be vectorized [-Rpass-analysis=loop-vectorize]
remark: ./numeric-arithmetic.h:329:19150: loop not vectorized [-Rpass-missed=loop-vectorize]
remark: ./numeric-arithmetic.h:329:22728: loop not vectorized: call instruction cannot be vectorized [-Rpass-analysis=loop-vectorize]
remark: ./numeric-arithmetic.h:329:21956: loop not vectorized [-Rpass-missed=loop-vectorize]
remark: ./numeric-arithmetic.h:329:21798: loop not vectorized: call instruction cannot be vectorized [-Rpass-analysis=loop-vectorize]
remark: ./numeric-arithmetic.h:329:21026: loop not vectorized [-Rpass-missed=loop-vectorize]
remark: ./numeric-arithmetic.h:329:12471: the cost-model indicates that interleaving is not beneficial [-Rpass-analysis=loop-vectorize]
remark: ./numeric-arithmetic.h:329:12471: vectorized loop (vectorization width: 16, interleaved count: 1) [-Rpass=loop-vectorize]
remark: ./numeric-arithmetic.h:329:11541: vectorized loop (vectorization width: 8, interleaved count: 4) [-Rpass=loop-vectorize]
remark: ./numeric-arithmetic.h:329:14347: the cost-model indicates that interleaving is not beneficial [-Rpass-analysis=loop-vectorize]
remark: ./numeric-arithmetic.h:329:14347: vectorized loop (vectorization width: 16, interleaved count: 1) [-Rpass=loop-vectorize]
remark: ./numeric-arithmetic.h:329:13417: the cost-model indicates that interleaving is not beneficial [-Rpass-analysis=loop-vectorize]
remark: ./numeric-arithmetic.h:329:13417: vectorized loop (vectorization width: 16, interleaved count: 1) [-Rpass=loop-vectorize]
remark: ./numeric-arithmetic.h:329:28622: loop not vectorized: call instruction cannot be vectorized [-Rpass-analysis=loop-vectorize]
remark: ./numeric-arithmetic.h:329:27829: loop not vectorized [-Rpass-missed=loop-vectorize]
remark: ./numeric-arithmetic.h:329:27671: loop not vectorized: call instruction cannot be vectorized [-Rpass-analysis=loop-vectorize]
remark: ./numeric-arithmetic.h:329:26878: loop not vectorized [-Rpass-missed=loop-vectorize]
remark: ./numeric-arithmetic.h:329:30540: loop not vectorized: call instruction cannot be vectorized [-Rpass-analysis=loop-vectorize]
remark: ./numeric-arithmetic.h:329:29747: loop not vectorized [-Rpass-missed=loop-vectorize]
remark: ./numeric-arithmetic.h:329:29589: loop not vectorized: call instruction cannot be vectorized [-Rpass-analysis=loop-vectorize]
remark: ./numeric-arithmetic.h:329:28796: loop not vectorized [-Rpass-missed=loop-vectorize]
remark: ./numeric-arithmetic.h:329:32500: loop not vectorized: call instruction cannot be vectorized [-Rpass-analysis=loop-vectorize]
remark: ./numeric-arithmetic.h:329:31707: loop not vectorized [-Rpass-missed=loop-vectorize]
remark: ./numeric-arithmetic.h:329:31549: loop not vectorized: call instruction cannot be vectorized [-Rpass-analysis=loop-vectorize]
remark: ./numeric-arithmetic.h:329:30756: loop not vectorized [-Rpass-missed=loop-vectorize]
remark: ./numeric-arithmetic.h:329:34418: loop not vectorized: call instruction cannot be vectorized [-Rpass-analysis=loop-vectorize]
remark: ./numeric-arithmetic.h:329:33625: loop not vectorized [-Rpass-missed=loop-vectorize]
remark: ./numeric-arithmetic.h:329:33467: loop not vectorized: call instruction cannot be vectorized [-Rpass-analysis=loop-vectorize]
remark: ./numeric-arithmetic.h:329:32674: loop not vectorized [-Rpass-missed=loop-vectorize]
remark: ./numeric-arithmetic.h:329:23930: the cost-model indicates that interleaving is not beneficial [-Rpass-analysis=loop-vectorize]
remark: ./numeric-arithmetic.h:329:23930: vectorized loop (vectorization width: 16, interleaved count: 1) [-Rpass=loop-vectorize]
remark: ./numeric-arithmetic.h:329:22979: vectorized loop (vectorization width: 4, interleaved count: 4) [-Rpass=loop-vectorize]
remark: ./numeric-arithmetic.h:329:25848: the cost-model indicates that interleaving is not beneficial [-Rpass-analysis=loop-vectorize]
remark: ./numeric-arithmetic.h:329:25848: vectorized loop (vectorization width: 16, interleaved count: 1) [-Rpass=loop-vectorize]
remark: ./numeric-arithmetic.h:329:24897: the cost-model indicates that interleaving is not beneficial [-Rpass-analysis=loop-vectorize]
remark: ./numeric-arithmetic.h:329:24897: vectorized loop (vectorization width: 16, interleaved count: 1) [-Rpass=loop-vectorize]
remark: ./numeric-arithmetic.h:329:39869: loop not vectorized: call instruction cannot be vectorized [-Rpass-analysis=loop-vectorize]
remark: ./numeric-arithmetic.h:329:39146: loop not vectorized [-Rpass-missed=loop-vectorize]
remark: ./numeric-arithmetic.h:329:38992: loop not vectorized: call instruction cannot be vectorized [-Rpass-analysis=loop-vectorize]
remark: ./numeric-arithmetic.h:329:38269: loop not vectorized [-Rpass-missed=loop-vectorize]
remark: ./numeric-arithmetic.h:329:41639: loop not vectorized: call instruction cannot be vectorized [-Rpass-analysis=loop-vectorize]
remark: ./numeric-arithmetic.h:329:40916: loop not vectorized [-Rpass-missed=loop-vectorize]
remark: ./numeric-arithmetic.h:329:40762: loop not vectorized: call instruction cannot be vectorized [-Rpass-analysis=loop-vectorize]
remark: ./numeric-arithmetic.h:329:40039: loop not vectorized [-Rpass-missed=loop-vectorize]
remark: ./numeric-arithmetic.h:329:43451: loop not vectorized: call instruction cannot be vectorized [-Rpass-analysis=loop-vectorize]
remark: ./numeric-arithmetic.h:329:42728: loop not vectorized [-Rpass-missed=loop-vectorize]
remark: ./numeric-arithmetic.h:329:42574: loop not vectorized: call instruction cannot be vectorized [-Rpass-analysis=loop-vectorize]
remark: ./numeric-arithmetic.h:329:41851: loop not vectorized [-Rpass-missed=loop-vectorize]
remark: ./numeric-arithmetic.h:329:45221: loop not vectorized: call instruction cannot be vectorized [-Rpass-analysis=loop-vectorize]
remark: ./numeric-arithmetic.h:329:44498: loop not vectorized [-Rpass-missed=loop-vectorize]
remark: ./numeric-arithmetic.h:329:44344: loop not vectorized: call instruction cannot be vectorized [-Rpass-analysis=loop-vectorize]
remark: ./numeric-arithmetic.h:329:43621: loop not vectorized [-Rpass-missed=loop-vectorize]
remark: ./numeric-arithmetic.h:329:35543: the cost-model indicates that interleaving is not beneficial [-Rpass-analysis=loop-vectorize]
remark: ./numeric-arithmetic.h:329:35543: vectorized loop (vectorization width: 16, interleaved count: 1) [-Rpass=loop-vectorize]
remark: ./numeric-arithmetic.h:329:34666: vectorized loop (vectorization width: 4, interleaved count: 4) [-Rpass=loop-vectorize]
remark: ./numeric-arithmetic.h:329:37313: the cost-model indicates that interleaving is not beneficial [-Rpass-analysis=loop-vectorize]
remark: ./numeric-arithmetic.h:329:37313: vectorized loop (vectorization width: 16, interleaved count: 1) [-Rpass=loop-vectorize]
remark: ./numeric-arithmetic.h:329:36436: the cost-model indicates that interleaving is not beneficial [-Rpass-analysis=loop-vectorize]
remark: ./numeric-arithmetic.h:329:36436: vectorized loop (vectorization width: 16, interleaved count: 1) [-Rpass=loop-vectorize]
remark: ./numeric-arithmetic.h:329:49852: the cost-model indicates that interleaving is not beneficial [-Rpass-analysis=loop-vectorize]
remark: ./numeric-arithmetic.h:329:49852: vectorized loop (vectorization width: 16, interleaved count: 1) [-Rpass=loop-vectorize]
remark: ./numeric-arithmetic.h:329:48995: vectorized loop (vectorization width: 2, interleaved count: 4) [-Rpass=loop-vectorize]
remark: ./numeric-arithmetic.h:329:51582: the cost-model indicates that interleaving is not beneficial [-Rpass-analysis=loop-vectorize]
remark: ./numeric-arithmetic.h:329:51582: vectorized loop (vectorization width: 16, interleaved count: 1) [-Rpass=loop-vectorize]
remark: ./numeric-arithmetic.h:329:50725: the cost-model indicates that interleaving is not beneficial [-Rpass-analysis=loop-vectorize]
remark: ./numeric-arithmetic.h:329:50725: vectorized loop (vectorization width: 16, interleaved count: 1) [-Rpass=loop-vectorize]
remark: ./numeric-arithmetic.h:329:53354: the cost-model indicates that interleaving is not beneficial [-Rpass-analysis=loop-vectorize]
remark: ./numeric-arithmetic.h:329:53354: vectorized loop (vectorization width: 16, interleaved count: 1) [-Rpass=loop-vectorize]
remark: ./numeric-arithmetic.h:329:52497: vectorized loop (vectorization width: 2, interleaved count: 4) [-Rpass=loop-vectorize]
remark: ./numeric-arithmetic.h:329:55084: the cost-model indicates that interleaving is not beneficial [-Rpass-analysis=loop-vectorize]
remark: ./numeric-arithmetic.h:329:55084: vectorized loop (vectorization width: 16, interleaved count: 1) [-Rpass=loop-vectorize]
remark: ./numeric-arithmetic.h:329:54227: the cost-model indicates that interleaving is not beneficial [-Rpass-analysis=loop-vectorize]
remark: ./numeric-arithmetic.h:329:54227: vectorized loop (vectorization width: 16, interleaved count: 1) [-Rpass=loop-vectorize]
remark: ./numeric-arithmetic.h:329:46329: the cost-model indicates that interleaving is not beneficial [-Rpass-analysis=loop-vectorize]
remark: ./numeric-arithmetic.h:329:46329: vectorized loop (vectorization width: 16, interleaved count: 1) [-Rpass=loop-vectorize]
remark: ./numeric-arithmetic.h:329:45472: vectorized loop (vectorization width: 2, interleaved count: 4) [-Rpass=loop-vectorize]
remark: ./numeric-arithmetic.h:329:48059: the cost-model indicates that interleaving is not beneficial [-Rpass-analysis=loop-vectorize]
remark: ./numeric-arithmetic.h:329:48059: vectorized loop (vectorization width: 16, interleaved count: 1) [-Rpass=loop-vectorize]
remark: ./numeric-arithmetic.h:329:47202: the cost-model indicates that interleaving is not beneficial [-Rpass-analysis=loop-vectorize]
remark: ./numeric-arithmetic.h:329:47202: vectorized loop (vectorization width: 16, interleaved count: 1) [-Rpass=loop-vectorize]
remark: ./numeric-arithmetic.h:329:61531: loop not vectorized: call instruction cannot be vectorized [-Rpass-analysis=loop-vectorize]
remark: ./numeric-arithmetic.h:329:60768: loop not vectorized: Cannot vectorize uncountable loop [-Rpass-analysis=loop-vectorize]
remark: ./numeric-arithmetic.h:329:60768: loop not vectorized [-Rpass-missed=loop-vectorize]
remark: ./numeric-arithmetic.h:329:60612: loop not vectorized: call instruction cannot be vectorized [-Rpass-analysis=loop-vectorize]
remark: ./numeric-arithmetic.h:329:59849: loop not vectorized: Cannot vectorize uncountable loop [-Rpass-analysis=loop-vectorize]
remark: ./numeric-arithmetic.h:329:59849: loop not vectorized [-Rpass-missed=loop-vectorize]
remark: ./numeric-arithmetic.h:329:63385: loop not vectorized: call instruction cannot be vectorized [-Rpass-analysis=loop-vectorize]
remark: ./numeric-arithmetic.h:329:62622: loop not vectorized: Cannot vectorize uncountable loop [-Rpass-analysis=loop-vectorize]
remark: ./numeric-arithmetic.h:329:62622: loop not vectorized [-Rpass-missed=loop-vectorize]
remark: ./numeric-arithmetic.h:329:62466: loop not vectorized: call instruction cannot be vectorized [-Rpass-analysis=loop-vectorize]
remark: ./numeric-arithmetic.h:329:61703: loop not vectorized: Cannot vectorize uncountable loop [-Rpass-analysis=loop-vectorize]
remark: ./numeric-arithmetic.h:329:61703: loop not vectorized [-Rpass-missed=loop-vectorize]
remark: ./numeric-arithmetic.h:329:65281: loop not vectorized: call instruction cannot be vectorized [-Rpass-analysis=loop-vectorize]
remark: ./numeric-arithmetic.h:329:64518: loop not vectorized: Cannot vectorize uncountable loop [-Rpass-analysis=loop-vectorize]
remark: ./numeric-arithmetic.h:329:64518: loop not vectorized [-Rpass-missed=loop-vectorize]
remark: ./numeric-arithmetic.h:329:64362: loop not vectorized: call instruction cannot be vectorized [-Rpass-analysis=loop-vectorize]
remark: ./numeric-arithmetic.h:329:63599: loop not vectorized: Cannot vectorize uncountable loop [-Rpass-analysis=loop-vectorize]
remark: ./numeric-arithmetic.h:329:63599: loop not vectorized [-Rpass-missed=loop-vectorize]
remark: ./numeric-arithmetic.h:329:0: loop not vectorized: call instruction cannot be vectorized [-Rpass-analysis=loop-vectorize]
remark: ./numeric-arithmetic.h:329:0: loop not vectorized: Cannot vectorize uncountable loop [-Rpass-analysis=loop-vectorize]
remark: ./numeric-arithmetic.h:329:0: loop not vectorized [-Rpass-missed=loop-vectorize]
remark: ./numeric-arithmetic.h:329:0: loop not vectorized: call instruction cannot be vectorized [-Rpass-analysis=loop-vectorize]
remark: ./numeric-arithmetic.h:329:65453: loop not vectorized: Cannot vectorize uncountable loop [-Rpass-analysis=loop-vectorize]
remark: ./numeric-arithmetic.h:329:65453: loop not vectorized [-Rpass-missed=loop-vectorize]
remark: ./numeric-arithmetic.h:329:56997: loop not vectorized: Cannot vectorize uncountable loop [-Rpass-analysis=loop-vectorize]
remark: ./numeric-arithmetic.h:329:56997: loop not vectorized [-Rpass-missed=loop-vectorize]
remark: ./numeric-arithmetic.h:329:56078: loop not vectorized: Cannot vectorize uncountable loop [-Rpass-analysis=loop-vectorize]
remark: ./numeric-arithmetic.h:329:56078: loop not vectorized [-Rpass-missed=loop-vectorize]
remark: ./numeric-arithmetic.h:329:58851: loop not vectorized: Cannot vectorize uncountable loop [-Rpass-analysis=loop-vectorize]
remark: ./numeric-arithmetic.h:329:58851: loop not vectorized [-Rpass-missed=loop-vectorize]
remark: ./numeric-arithmetic.h:329:57932: loop not vectorized: Cannot vectorize uncountable loop [-Rpass-analysis=loop-vectorize]
remark: ./numeric-arithmetic.h:329:57932: loop not vectorized [-Rpass-missed=loop-vectorize]
remark: ./numeric-arithmetic.h:329:0: loop not vectorized: call instruction cannot be vectorized [-Rpass-analysis=loop-vectorize]
remark: ./numeric-arithmetic.h:329:0: loop not vectorized [-Rpass-missed=loop-vectorize]
remark: ./numeric-arithmetic.h:329:0: loop not vectorized: call instruction cannot be vectorized [-Rpass-analysis=loop-vectorize]
remark: ./numeric-arithmetic.h:329:0: loop not vectorized [-Rpass-missed=loop-vectorize]
remark: ./numeric-arithmetic.h:329:0: loop not vectorized: call instruction cannot be vectorized [-Rpass-analysis=loop-vectorize]
remark: ./numeric-arithmetic.h:329:0: loop not vectorized [-Rpass-missed=loop-vectorize]
remark: ./numeric-arithmetic.h:329:0: loop not vectorized: call instruction cannot be vectorized [-Rpass-analysis=loop-vectorize]
remark: ./numeric-arithmetic.h:329:0: loop not vectorized [-Rpass-missed=loop-vectorize]
remark: ./numeric-arithmetic.h:329:0: loop not vectorized: call instruction cannot be vectorized [-Rpass-analysis=loop-vectorize]
remark: ./numeric-arithmetic.h:329:0: loop not vectorized [-Rpass-missed=loop-vectorize]
remark: ./numeric-arithmetic.h:329:0: loop not vectorized: call instruction cannot be vectorized [-Rpass-analysis=loop-vectorize]
remark: ./numeric-arithmetic.h:329:0: loop not vectorized [-Rpass-missed=loop-vectorize]
remark: ./numeric-arithmetic.h:329:0: loop not vectorized: call instruction cannot be vectorized [-Rpass-analysis=loop-vectorize]
remark: ./numeric-arithmetic.h:329:0: loop not vectorized [-Rpass-missed=loop-vectorize]
remark: ./numeric-arithmetic.h:329:0: loop not vectorized: call instruction cannot be vectorized [-Rpass-analysis=loop-vectorize]
remark: ./numeric-arithmetic.h:329:0: loop not vectorized [-Rpass-missed=loop-vectorize]
remark: ./numeric-arithmetic.h:329:0: the cost-model indicates that interleaving is not beneficial [-Rpass-analysis=loop-vectorize]
remark: ./numeric-arithmetic.h:329:0: vectorized loop (vectorization width: 16, interleaved count: 1) [-Rpass=loop-vectorize]
remark: ./numeric-arithmetic.h:329:0: vectorized loop (vectorization width: 8, interleaved count: 4) [-Rpass=loop-vectorize]
remark: ./numeric-arithmetic.h:329:0: the cost-model indicates that interleaving is not beneficial [-Rpass-analysis=loop-vectorize]
remark: ./numeric-arithmetic.h:329:0: vectorized loop (vectorization width: 16, interleaved count: 1) [-Rpass=loop-vectorize]
remark: ./numeric-arithmetic.h:329:0: the cost-model indicates that interleaving is not beneficial [-Rpass-analysis=loop-vectorize]
remark: ./numeric-arithmetic.h:329:0: vectorized loop (vectorization width: 16, interleaved count: 1) [-Rpass=loop-vectorize]
remark: ./numeric-arithmetic.h:329:0: loop not vectorized: call instruction cannot be vectorized [-Rpass-analysis=loop-vectorize]
remark: ./numeric-arithmetic.h:329:0: loop not vectorized [-Rpass-missed=loop-vectorize]
remark: ./numeric-arithmetic.h:329:0: loop not vectorized: call instruction cannot be vectorized [-Rpass-analysis=loop-vectorize]
remark: ./numeric-arithmetic.h:329:0: loop not vectorized [-Rpass-missed=loop-vectorize]
remark: ./numeric-arithmetic.h:329:0: loop not vectorized: call instruction cannot be vectorized [-Rpass-analysis=loop-vectorize]
remark: ./numeric-arithmetic.h:329:0: loop not vectorized [-Rpass-missed=loop-vectorize]
remark: ./numeric-arithmetic.h:329:0: loop not vectorized: call instruction cannot be vectorized [-Rpass-analysis=loop-vectorize]
remark: ./numeric-arithmetic.h:329:0: loop not vectorized [-Rpass-missed=loop-vectorize]
remark: ./numeric-arithmetic.h:329:0: loop not vectorized: call instruction cannot be vectorized [-Rpass-analysis=loop-vectorize]
remark: ./numeric-arithmetic.h:329:0: loop not vectorized [-Rpass-missed=loop-vectorize]
remark: ./numeric-arithmetic.h:329:0: loop not vectorized: call instruction cannot be vectorized [-Rpass-analysis=loop-vectorize]
remark: ./numeric-arithmetic.h:329:0: loop not vectorized [-Rpass-missed=loop-vectorize]
remark: ./numeric-arithmetic.h:329:0: loop not vectorized: call instruction cannot be vectorized [-Rpass-analysis=loop-vectorize]
remark: ./numeric-arithmetic.h:329:0: loop not vectorized [-Rpass-missed=loop-vectorize]
remark: ./numeric-arithmetic.h:329:0: loop not vectorized: call instruction cannot be vectorized [-Rpass-analysis=loop-vectorize]
remark: ./numeric-arithmetic.h:329:0: loop not vectorized [-Rpass-missed=loop-vectorize]
remark: ./numeric-arithmetic.h:329:0: the cost-model indicates that interleaving is not beneficial [-Rpass-analysis=loop-vectorize]
remark: ./numeric-arithmetic.h:329:0: vectorized loop (vectorization width: 16, interleaved count: 1) [-Rpass=loop-vectorize]
remark: ./numeric-arithmetic.h:329:0: vectorized loop (vectorization width: 4, interleaved count: 4) [-Rpass=loop-vectorize]
remark: ./numeric-arithmetic.h:329:0: the cost-model indicates that interleaving is not beneficial [-Rpass-analysis=loop-vectorize]
remark: ./numeric-arithmetic.h:329:0: vectorized loop (vectorization width: 16, interleaved count: 1) [-Rpass=loop-vectorize]
remark: ./numeric-arithmetic.h:329:0: the cost-model indicates that interleaving is not beneficial [-Rpass-analysis=loop-vectorize]
remark: ./numeric-arithmetic.h:329:0: vectorized loop (vectorization width: 16, interleaved count: 1) [-Rpass=loop-vectorize]
remark: ./numeric-arithmetic.h:329:0: loop not vectorized: call instruction cannot be vectorized [-Rpass-analysis=loop-vectorize]
remark: ./numeric-arithmetic.h:329:0: loop not vectorized [-Rpass-missed=loop-vectorize]
remark: ./numeric-arithmetic.h:329:0: loop not vectorized: call instruction cannot be vectorized [-Rpass-analysis=loop-vectorize]
remark: ./numeric-arithmetic.h:329:0: loop not vectorized [-Rpass-missed=loop-vectorize]
remark: ./numeric-arithmetic.h:329:0: loop not vectorized: call instruction cannot be vectorized [-Rpass-analysis=loop-vectorize]
remark: ./numeric-arithmetic.h:329:0: loop not vectorized [-Rpass-missed=loop-vectorize]
remark: ./numeric-arithmetic.h:329:0: loop not vectorized: call instruction cannot be vectorized [-Rpass-analysis=loop-vectorize]
remark: ./numeric-arithmetic.h:329:0: loop not vectorized [-Rpass-missed=loop-vectorize]
remark: ./numeric-arithmetic.h:329:0: loop not vectorized: call instruction cannot be vectorized [-Rpass-analysis=loop-vectorize]
remark: ./numeric-arithmetic.h:329:0: loop not vectorized [-Rpass-missed=loop-vectorize]
remark: ./numeric-arithmetic.h:329:0: loop not vectorized: call instruction cannot be vectorized [-Rpass-analysis=loop-vectorize]
remark: ./numeric-arithmetic.h:329:0: loop not vectorized [-Rpass-missed=loop-vectorize]
remark: ./numeric-arithmetic.h:329:0: loop not vectorized: call instruction cannot be vectorized [-Rpass-analysis=loop-vectorize]
remark: ./numeric-arithmetic.h:329:0: loop not vectorized [-Rpass-missed=loop-vectorize]
remark: ./numeric-arithmetic.h:329:0: loop not vectorized: call instruction cannot be vectorized [-Rpass-analysis=loop-vectorize]
remark: ./numeric-arithmetic.h:329:0: loop not vectorized [-Rpass-missed=loop-vectorize]
remark: ./numeric-arithmetic.h:329:0: the cost-model indicates that interleaving is not beneficial [-Rpass-analysis=loop-vectorize]
remark: ./numeric-arithmetic.h:329:0: vectorized loop (vectorization width: 16, interleaved count: 1) [-Rpass=loop-vectorize]
remark: ./numeric-arithmetic.h:329:0: vectorized loop (vectorization width: 4, interleaved count: 4) [-Rpass=loop-vectorize]
remark: ./numeric-arithmetic.h:329:0: the cost-model indicates that interleaving is not beneficial [-Rpass-analysis=loop-vectorize]
remark: ./numeric-arithmetic.h:329:0: vectorized loop (vectorization width: 16, interleaved count: 1) [-Rpass=loop-vectorize]
remark: ./numeric-arithmetic.h:329:0: the cost-model indicates that interleaving is not beneficial [-Rpass-analysis=loop-vectorize]
remark: ./numeric-arithmetic.h:329:0: vectorized loop (vectorization width: 16, interleaved count: 1) [-Rpass=loop-vectorize]
remark: ./numeric-arithmetic.h:329:0: the cost-model indicates that interleaving is not beneficial [-Rpass-analysis=loop-vectorize]
remark: ./numeric-arithmetic.h:329:0: vectorized loop (vectorization width: 16, interleaved count: 1) [-Rpass=loop-vectorize]
remark: ./numeric-arithmetic.h:329:0: vectorized loop (vectorization width: 2, interleaved count: 4) [-Rpass=loop-vectorize]
remark: ./numeric-arithmetic.h:329:0: the cost-model indicates that interleaving is not beneficial [-Rpass-analysis=loop-vectorize]
remark: ./numeric-arithmetic.h:329:0: vectorized loop (vectorization width: 16, interleaved count: 1) [-Rpass=loop-vectorize]
remark: ./numeric-arithmetic.h:329:0: the cost-model indicates that interleaving is not beneficial [-Rpass-analysis=loop-vectorize]
remark: ./numeric-arithmetic.h:329:0: vectorized loop (vectorization width: 16, interleaved count: 1) [-Rpass=loop-vectorize]
remark: ./numeric-arithmetic.h:329:0: the cost-model indicates that interleaving is not beneficial [-Rpass-analysis=loop-vectorize]
remark: ./numeric-arithmetic.h:329:0: vectorized loop (vectorization width: 16, interleaved count: 1) [-Rpass=loop-vectorize]
remark: ./numeric-arithmetic.h:329:0: vectorized loop (vectorization width: 2, interleaved count: 4) [-Rpass=loop-vectorize]
remark: ./numeric-arithmetic.h:329:0: the cost-model indicates that interleaving is not beneficial [-Rpass-analysis=loop-vectorize]
remark: ./numeric-arithmetic.h:329:0: vectorized loop (vectorization width: 16, interleaved count: 1) [-Rpass=loop-vectorize]
remark: ./numeric-arithmetic.h:329:0: the cost-model indicates that interleaving is not beneficial [-Rpass-analysis=loop-vectorize]
remark: ./numeric-arithmetic.h:329:0: vectorized loop (vectorization width: 16, interleaved count: 1) [-Rpass=loop-vectorize]
remark: ./numeric-arithmetic.h:329:0: the cost-model indicates that interleaving is not beneficial [-Rpass-analysis=loop-vectorize]
remark: ./numeric-arithmetic.h:329:0: vectorized loop (vectorization width: 16, interleaved count: 1) [-Rpass=loop-vectorize]
remark: ./numeric-arithmetic.h:329:0: vectorized loop (vectorization width: 2, interleaved count: 4) [-Rpass=loop-vectorize]
remark: ./numeric-arithmetic.h:329:0: the cost-model indicates that interleaving is not beneficial [-Rpass-analysis=loop-vectorize]
remark: ./numeric-arithmetic.h:329:0: vectorized loop (vectorization width: 16, interleaved count: 1) [-Rpass=loop-vectorize]
remark: ./numeric-arithmetic.h:329:0: the cost-model indicates that interleaving is not beneficial [-Rpass-analysis=loop-vectorize]
remark: ./numeric-arithmetic.h:329:0: vectorized loop (vectorization width: 16, interleaved count: 1) [-Rpass=loop-vectorize]
remark: ./numeric-arithmetic.h:329:0: loop not vectorized: call instruction cannot be vectorized [-Rpass-analysis=loop-vectorize]
remark: ./numeric-arithmetic.h:329:0: loop not vectorized: Cannot vectorize uncountable loop [-Rpass-analysis=loop-vectorize]
remark: ./numeric-arithmetic.h:329:0: loop not vectorized [-Rpass-missed=loop-vectorize]
remark: ./numeric-arithmetic.h:329:0: loop not vectorized: call instruction cannot be vectorized [-Rpass-analysis=loop-vectorize]
remark: ./numeric-arithmetic.h:329:0: loop not vectorized: Cannot vectorize uncountable loop [-Rpass-analysis=loop-vectorize]
remark: ./numeric-arithmetic.h:329:0: loop not vectorized [-Rpass-missed=loop-vectorize]
remark: ./numeric-arithmetic.h:329:0: loop not vectorized: call instruction cannot be vectorized [-Rpass-analysis=loop-vectorize]
remark: ./numeric-arithmetic.h:329:0: loop not vectorized: Cannot vectorize uncountable loop [-Rpass-analysis=loop-vectorize]
remark: ./numeric-arithmetic.h:329:0: loop not vectorized [-Rpass-missed=loop-vectorize]
remark: ./numeric-arithmetic.h:329:0: loop not vectorized: call instruction cannot be vectorized [-Rpass-analysis=loop-vectorize]
remark: ./numeric-arithmetic.h:329:0: loop not vectorized: Cannot vectorize uncountable loop [-Rpass-analysis=loop-vectorize]
remark: ./numeric-arithmetic.h:329:0: loop not vectorized [-Rpass-missed=loop-vectorize]
remark: ./numeric-arithmetic.h:329:0: loop not vectorized: call instruction cannot be vectorized [-Rpass-analysis=loop-vectorize]
remark: ./numeric-arithmetic.h:329:0: loop not vectorized: Cannot vectorize uncountable loop [-Rpass-analysis=loop-vectorize]
remark: ./numeric-arithmetic.h:329:0: loop not vectorized [-Rpass-missed=loop-vectorize]
remark: ./numeric-arithmetic.h:329:0: loop not vectorized: call instruction cannot be vectorized [-Rpass-analysis=loop-vectorize]
remark: ./numeric-arithmetic.h:329:0: loop not vectorized: Cannot vectorize uncountable loop [-Rpass-analysis=loop-vectorize]
remark: ./numeric-arithmetic.h:329:0: loop not vectorized [-Rpass-missed=loop-vectorize]
remark: ./numeric-arithmetic.h:329:0: loop not vectorized: call instruction cannot be vectorized [-Rpass-analysis=loop-vectorize]
remark: ./numeric-arithmetic.h:329:0: loop not vectorized: Cannot vectorize uncountable loop [-Rpass-analysis=loop-vectorize]
remark: ./numeric-arithmetic.h:329:0: loop not vectorized [-Rpass-missed=loop-vectorize]
remark: ./numeric-arithmetic.h:329:0: loop not vectorized: call instruction cannot be vectorized [-Rpass-analysis=loop-vectorize]
remark: ./numeric-arithmetic.h:329:0: loop not vectorized: Cannot vectorize uncountable loop [-Rpass-analysis=loop-vectorize]
remark: ./numeric-arithmetic.h:329:0: loop not vectorized [-Rpass-missed=loop-vectorize]
remark: ./numeric-arithmetic.h:329:0: loop not vectorized: Cannot vectorize uncountable loop [-Rpass-analysis=loop-vectorize]
remark: ./numeric-arithmetic.h:329:0: loop not vectorized [-Rpass-missed=loop-vectorize]
remark: ./numeric-arithmetic.h:329:0: loop not vectorized: Cannot vectorize uncountable loop [-Rpass-analysis=loop-vectorize]
remark: ./numeric-arithmetic.h:329:0: loop not vectorized [-Rpass-missed=loop-vectorize]
remark: ./numeric-arithmetic.h:329:0: loop not vectorized: Cannot vectorize uncountable loop [-Rpass-analysis=loop-vectorize]
remark: ./numeric-arithmetic.h:329:0: loop not vectorized [-Rpass-missed=loop-vectorize]
remark: ./numeric-arithmetic.h:329:0: loop not vectorized: Cannot vectorize uncountable loop [-Rpass-analysis=loop-vectorize]
remark: ./numeric-arithmetic.h:329:0: loop not vectorized [-Rpass-missed=loop-vectorize]
remark: ./numeric-arithmetic.h:329:0: loop not vectorized: call instruction cannot be vectorized [-Rpass-analysis=loop-vectorize]
remark: ./numeric-arithmetic.h:329:0: loop not vectorized [-Rpass-missed=loop-vectorize]
remark: ./numeric-arithmetic.h:329:0: loop not vectorized: call instruction cannot be vectorized [-Rpass-analysis=loop-vectorize]
remark: ./numeric-arithmetic.h:329:0: loop not vectorized [-Rpass-missed=loop-vectorize]
remark: ./numeric-arithmetic.h:329:0: loop not vectorized: call instruction cannot be vectorized [-Rpass-analysis=loop-vectorize]
remark: ./numeric-arithmetic.h:329:0: loop not vectorized [-Rpass-missed=loop-vectorize]
remark: ./numeric-arithmetic.h:329:0: loop not vectorized: call instruction cannot be vectorized [-Rpass-analysis=loop-vectorize]
remark: ./numeric-arithmetic.h:329:0: loop not vectorized [-Rpass-missed=loop-vectorize]
remark: ./numeric-arithmetic.h:329:0: loop not vectorized: call instruction cannot be vectorized [-Rpass-analysis=loop-vectorize]
remark: ./numeric-arithmetic.h:329:0: loop not vectorized [-Rpass-missed=loop-vectorize]
remark: ./numeric-arithmetic.h:329:0: loop not vectorized: call instruction cannot be vectorized [-Rpass-analysis=loop-vectorize]
remark: ./numeric-arithmetic.h:329:0: loop not vectorized [-Rpass-missed=loop-vectorize]
remark: ./numeric-arithmetic.h:329:0: loop not vectorized: call instruction cannot be vectorized [-Rpass-analysis=loop-vectorize]
remark: ./numeric-arithmetic.h:329:0: loop not vectorized [-Rpass-missed=loop-vectorize]
remark: ./numeric-arithmetic.h:329:0: loop not vectorized: call instruction cannot be vectorized [-Rpass-analysis=loop-vectorize]
remark: ./numeric-arithmetic.h:329:0: loop not vectorized [-Rpass-missed=loop-vectorize]
remark: ./numeric-arithmetic.h:329:0: the cost-model indicates that interleaving is not beneficial [-Rpass-analysis=loop-vectorize]
remark: ./numeric-arithmetic.h:329:0: vectorized loop (vectorization width: 16, interleaved count: 1) [-Rpass=loop-vectorize]
remark: ./numeric-arithmetic.h:329:0: vectorized loop (vectorization width: 8, interleaved count: 4) [-Rpass=loop-vectorize]
remark: ./numeric-arithmetic.h:329:0: the cost-model indicates that interleaving is not beneficial [-Rpass-analysis=loop-vectorize]
remark: ./numeric-arithmetic.h:329:0: vectorized loop (vectorization width: 16, interleaved count: 1) [-Rpass=loop-vectorize]
remark: ./numeric-arithmetic.h:329:0: the cost-model indicates that interleaving is not beneficial [-Rpass-analysis=loop-vectorize]
remark: ./numeric-arithmetic.h:329:0: vectorized loop (vectorization width: 16, interleaved count: 1) [-Rpass=loop-vectorize]
remark: ./numeric-arithmetic.h:329:0: loop not vectorized: call instruction cannot be vectorized [-Rpass-analysis=loop-vectorize]
remark: ./numeric-arithmetic.h:329:0: loop not vectorized [-Rpass-missed=loop-vectorize]
remark: ./numeric-arithmetic.h:329:0: loop not vectorized: call instruction cannot be vectorized [-Rpass-analysis=loop-vectorize]
remark: ./numeric-arithmetic.h:329:0: loop not vectorized [-Rpass-missed=loop-vectorize]
remark: ./numeric-arithmetic.h:329:0: loop not vectorized: call instruction cannot be vectorized [-Rpass-analysis=loop-vectorize]
remark: ./numeric-arithmetic.h:329:0: loop not vectorized [-Rpass-missed=loop-vectorize]
remark: ./numeric-arithmetic.h:329:0: loop not vectorized: call instruction cannot be vectorized [-Rpass-analysis=loop-vectorize]
remark: ./numeric-arithmetic.h:329:0: loop not vectorized [-Rpass-missed=loop-vectorize]
remark: ./numeric-arithmetic.h:329:0: loop not vectorized: call instruction cannot be vectorized [-Rpass-analysis=loop-vectorize]
remark: ./numeric-arithmetic.h:329:0: loop not vectorized [-Rpass-missed=loop-vectorize]
remark: ./numeric-arithmetic.h:329:0: loop not vectorized: call instruction cannot be vectorized [-Rpass-analysis=loop-vectorize]
remark: ./numeric-arithmetic.h:329:0: loop not vectorized [-Rpass-missed=loop-vectorize]
remark: ./numeric-arithmetic.h:329:0: loop not vectorized: call instruction cannot be vectorized [-Rpass-analysis=loop-vectorize]
remark: ./numeric-arithmetic.h:329:0: loop not vectorized [-Rpass-missed=loop-vectorize]
remark: ./numeric-arithmetic.h:329:0: loop not vectorized: call instruction cannot be vectorized [-Rpass-analysis=loop-vectorize]
remark: ./numeric-arithmetic.h:329:0: loop not vectorized [-Rpass-missed=loop-vectorize]
remark: ./numeric-arithmetic.h:329:0: the cost-model indicates that interleaving is not beneficial [-Rpass-analysis=loop-vectorize]
remark: ./numeric-arithmetic.h:329:0: vectorized loop (vectorization width: 16, interleaved count: 1) [-Rpass=loop-vectorize]
remark: ./numeric-arithmetic.h:329:0: vectorized loop (vectorization width: 4, interleaved count: 4) [-Rpass=loop-vectorize]
remark: ./numeric-arithmetic.h:329:0: the cost-model indicates that interleaving is not beneficial [-Rpass-analysis=loop-vectorize]
remark: ./numeric-arithmetic.h:329:0: vectorized loop (vectorization width: 16, interleaved count: 1) [-Rpass=loop-vectorize]
remark: ./numeric-arithmetic.h:329:0: the cost-model indicates that interleaving is not beneficial [-Rpass-analysis=loop-vectorize]
remark: ./numeric-arithmetic.h:329:0: vectorized loop (vectorization width: 16, interleaved count: 1) [-Rpass=loop-vectorize]
remark: ./numeric-arithmetic.h:329:0: loop not vectorized: call instruction cannot be vectorized [-Rpass-analysis=loop-vectorize]
remark: ./numeric-arithmetic.h:329:0: loop not vectorized [-Rpass-missed=loop-vectorize]
remark: ./numeric-arithmetic.h:329:0: loop not vectorized: call instruction cannot be vectorized [-Rpass-analysis=loop-vectorize]
remark: ./numeric-arithmetic.h:329:0: loop not vectorized [-Rpass-missed=loop-vectorize]
remark: ./numeric-arithmetic.h:329:0: loop not vectorized: call instruction cannot be vectorized [-Rpass-analysis=loop-vectorize]
remark: ./numeric-arithmetic.h:329:0: loop not vectorized [-Rpass-missed=loop-vectorize]
remark: ./numeric-arithmetic.h:329:0: loop not vectorized: call instruction cannot be vectorized [-Rpass-analysis=loop-vectorize]
remark: ./numeric-arithmetic.h:329:0: loop not vectorized [-Rpass-missed=loop-vectorize]
remark: ./numeric-arithmetic.h:329:0: loop not vectorized: call instruction cannot be vectorized [-Rpass-analysis=loop-vectorize]
remark: ./numeric-arithmetic.h:329:0: loop not vectorized [-Rpass-missed=loop-vectorize]
remark: ./numeric-arithmetic.h:329:0: loop not vectorized: call instruction cannot be vectorized [-Rpass-analysis=loop-vectorize]
remark: ./numeric-arithmetic.h:329:0: loop not vectorized [-Rpass-missed=loop-vectorize]
remark: ./numeric-arithmetic.h:329:0: loop not vectorized: call instruction cannot be vectorized [-Rpass-analysis=loop-vectorize]
remark: ./numeric-arithmetic.h:329:0: loop not vectorized [-Rpass-missed=loop-vectorize]
remark: ./numeric-arithmetic.h:329:0: loop not vectorized: call instruction cannot be vectorized [-Rpass-analysis=loop-vectorize]
remark: ./numeric-arithmetic.h:329:0: loop not vectorized [-Rpass-missed=loop-vectorize]
remark: ./numeric-arithmetic.h:329:0: the cost-model indicates that interleaving is not beneficial [-Rpass-analysis=loop-vectorize]
remark: ./numeric-arithmetic.h:329:0: vectorized loop (vectorization width: 16, interleaved count: 1) [-Rpass=loop-vectorize]
remark: ./numeric-arithmetic.h:329:0: vectorized loop (vectorization width: 4, interleaved count: 4) [-Rpass=loop-vectorize]
remark: ./numeric-arithmetic.h:329:0: the cost-model indicates that interleaving is not beneficial [-Rpass-analysis=loop-vectorize]
remark: ./numeric-arithmetic.h:329:0: vectorized loop (vectorization width: 16, interleaved count: 1) [-Rpass=loop-vectorize]
remark: ./numeric-arithmetic.h:329:0: the cost-model indicates that interleaving is not beneficial [-Rpass-analysis=loop-vectorize]
remark: ./numeric-arithmetic.h:329:0: vectorized loop (vectorization width: 16, interleaved count: 1) [-Rpass=loop-vectorize]
remark: ./numeric-arithmetic.h:329:0: the cost-model indicates that interleaving is not beneficial [-Rpass-analysis=loop-vectorize]
remark: ./numeric-arithmetic.h:329:0: vectorized loop (vectorization width: 16, interleaved count: 1) [-Rpass=loop-vectorize]
remark: ./numeric-arithmetic.h:329:0: vectorized loop (vectorization width: 2, interleaved count: 4) [-Rpass=loop-vectorize]
remark: ./numeric-arithmetic.h:329:0: the cost-model indicates that interleaving is not beneficial [-Rpass-analysis=loop-vectorize]
remark: ./numeric-arithmetic.h:329:0: vectorized loop (vectorization width: 16, interleaved count: 1) [-Rpass=loop-vectorize]
remark: ./numeric-arithmetic.h:329:0: the cost-model indicates that interleaving is not beneficial [-Rpass-analysis=loop-vectorize]
remark: ./numeric-arithmetic.h:329:0: vectorized loop (vectorization width: 16, interleaved count: 1) [-Rpass=loop-vectorize]
remark: ./numeric-arithmetic.h:329:0: the cost-model indicates that interleaving is not beneficial [-Rpass-analysis=loop-vectorize]
remark: ./numeric-arithmetic.h:329:0: vectorized loop (vectorization width: 16, interleaved count: 1) [-Rpass=loop-vectorize]
remark: ./numeric-arithmetic.h:329:0: vectorized loop (vectorization width: 2, interleaved count: 4) [-Rpass=loop-vectorize]
remark: ./numeric-arithmetic.h:329:0: the cost-model indicates that interleaving is not beneficial [-Rpass-analysis=loop-vectorize]
remark: ./numeric-arithmetic.h:329:0: vectorized loop (vectorization width: 16, interleaved count: 1) [-Rpass=loop-vectorize]
remark: ./numeric-arithmetic.h:329:0: the cost-model indicates that interleaving is not beneficial [-Rpass-analysis=loop-vectorize]
remark: ./numeric-arithmetic.h:329:0: vectorized loop (vectorization width: 16, interleaved count: 1) [-Rpass=loop-vectorize]
remark: ./numeric-arithmetic.h:329:0: the cost-model indicates that interleaving is not beneficial [-Rpass-analysis=loop-vectorize]
remark: ./numeric-arithmetic.h:329:0: vectorized loop (vectorization width: 16, interleaved count: 1) [-Rpass=loop-vectorize]
remark: ./numeric-arithmetic.h:329:0: vectorized loop (vectorization width: 2, interleaved count: 4) [-Rpass=loop-vectorize]
remark: ./numeric-arithmetic.h:329:0: the cost-model indicates that interleaving is not beneficial [-Rpass-analysis=loop-vectorize]
remark: ./numeric-arithmetic.h:329:0: vectorized loop (vectorization width: 16, interleaved count: 1) [-Rpass=loop-vectorize]
remark: ./numeric-arithmetic.h:329:0: the cost-model indicates that interleaving is not beneficial [-Rpass-analysis=loop-vectorize]
remark: ./numeric-arithmetic.h:329:0: vectorized loop (vectorization width: 16, interleaved count: 1) [-Rpass=loop-vectorize]
remark: ./numeric-arithmetic.h:329:0: loop not vectorized: call instruction cannot be vectorized [-Rpass-analysis=loop-vectorize]
remark: ./numeric-arithmetic.h:329:0: loop not vectorized: Cannot vectorize uncountable loop [-Rpass-analysis=loop-vectorize]
remark: ./numeric-arithmetic.h:329:0: loop not vectorized [-Rpass-missed=loop-vectorize]
remark: ./numeric-arithmetic.h:329:0: loop not vectorized: call instruction cannot be vectorized [-Rpass-analysis=loop-vectorize]
remark: ./numeric-arithmetic.h:329:0: loop not vectorized: Cannot vectorize uncountable loop [-Rpass-analysis=loop-vectorize]
remark: ./numeric-arithmetic.h:329:0: loop not vectorized [-Rpass-missed=loop-vectorize]
remark: ./numeric-arithmetic.h:329:0: loop not vectorized: call instruction cannot be vectorized [-Rpass-analysis=loop-vectorize]
remark: ./numeric-arithmetic.h:329:0: loop not vectorized: Cannot vectorize uncountable loop [-Rpass-analysis=loop-vectorize]
remark: ./numeric-arithmetic.h:329:0: loop not vectorized [-Rpass-missed=loop-vectorize]
remark: ./numeric-arithmetic.h:329:0: loop not vectorized: call instruction cannot be vectorized [-Rpass-analysis=loop-vectorize]
remark: ./numeric-arithmetic.h:329:0: loop not vectorized: Cannot vectorize uncountable loop [-Rpass-analysis=loop-vectorize]
remark: ./numeric-arithmetic.h:329:0: loop not vectorized [-Rpass-missed=loop-vectorize]
remark: ./numeric-arithmetic.h:329:0: loop not vectorized: call instruction cannot be vectorized [-Rpass-analysis=loop-vectorize]
remark: ./numeric-arithmetic.h:329:0: loop not vectorized: Cannot vectorize uncountable loop [-Rpass-analysis=loop-vectorize]
remark: ./numeric-arithmetic.h:329:0: loop not vectorized [-Rpass-missed=loop-vectorize]
remark: ./numeric-arithmetic.h:329:0: loop not vectorized: call instruction cannot be vectorized [-Rpass-analysis=loop-vectorize]
remark: ./numeric-arithmetic.h:329:0: loop not vectorized: Cannot vectorize uncountable loop [-Rpass-analysis=loop-vectorize]
remark: ./numeric-arithmetic.h:329:0: loop not vectorized [-Rpass-missed=loop-vectorize]
remark: ./numeric-arithmetic.h:329:0: loop not vectorized: call instruction cannot be vectorized [-Rpass-analysis=loop-vectorize]
remark: ./numeric-arithmetic.h:329:0: loop not vectorized: Cannot vectorize uncountable loop [-Rpass-analysis=loop-vectorize]
remark: ./numeric-arithmetic.h:329:0: loop not vectorized [-Rpass-missed=loop-vectorize]
remark: ./numeric-arithmetic.h:329:0: loop not vectorized: call instruction cannot be vectorized [-Rpass-analysis=loop-vectorize]
remark: ./numeric-arithmetic.h:329:0: loop not vectorized: Cannot vectorize uncountable loop [-Rpass-analysis=loop-vectorize]
remark: ./numeric-arithmetic.h:329:0: loop not vectorized [-Rpass-missed=loop-vectorize]
remark: ./numeric-arithmetic.h:329:0: loop not vectorized: Cannot vectorize uncountable loop [-Rpass-analysis=loop-vectorize]
remark: ./numeric-arithmetic.h:329:0: loop not vectorized [-Rpass-missed=loop-vectorize]
remark: ./numeric-arithmetic.h:329:0: loop not vectorized: Cannot vectorize uncountable loop [-Rpass-analysis=loop-vectorize]
remark: ./numeric-arithmetic.h:329:0: loop not vectorized [-Rpass-missed=loop-vectorize]
remark: ./numeric-arithmetic.h:329:0: loop not vectorized: Cannot vectorize uncountable loop [-Rpass-analysis=loop-vectorize]
remark: ./numeric-arithmetic.h:329:0: loop not vectorized [-Rpass-missed=loop-vectorize]
remark: ./numeric-arithmetic.h:329:0: loop not vectorized: Cannot vectorize uncountable loop [-Rpass-analysis=loop-vectorize]
remark: ./numeric-arithmetic.h:329:0: loop not vectorized [-Rpass-missed=loop-vectorize]
remark: ./numeric-arithmetic.h:329:0: loop not vectorized: call instruction cannot be vectorized [-Rpass-analysis=loop-vectorize]
remark: ./numeric-arithmetic.h:329:0: loop not vectorized [-Rpass-missed=loop-vectorize]
remark: ./numeric-arithmetic.h:329:0: loop not vectorized: call instruction cannot be vectorized [-Rpass-analysis=loop-vectorize]
remark: ./numeric-arithmetic.h:329:0: loop not vectorized [-Rpass-missed=loop-vectorize]
remark: ./numeric-arithmetic.h:329:0: loop not vectorized: call instruction cannot be vectorized [-Rpass-analysis=loop-vectorize]
remark: ./numeric-arithmetic.h:329:0: loop not vectorized [-Rpass-missed=loop-vectorize]
remark: ./numeric-arithmetic.h:329:0: loop not vectorized: call instruction cannot be vectorized [-Rpass-analysis=loop-vectorize]
remark: ./numeric-arithmetic.h:329:0: loop not vectorized [-Rpass-missed=loop-vectorize]
remark: ./numeric-arithmetic.h:329:0: loop not vectorized: call instruction cannot be vectorized [-Rpass-analysis=loop-vectorize]
remark: ./numeric-arithmetic.h:329:0: loop not vectorized [-Rpass-missed=loop-vectorize]
remark: ./numeric-arithmetic.h:329:0: loop not vectorized: call instruction cannot be vectorized [-Rpass-analysis=loop-vectorize]
remark: ./numeric-arithmetic.h:329:0: loop not vectorized [-Rpass-missed=loop-vectorize]
remark: ./numeric-arithmetic.h:329:0: loop not vectorized: call instruction cannot be vectorized [-Rpass-analysis=loop-vectorize]
remark: ./numeric-arithmetic.h:329:0: loop not vectorized [-Rpass-missed=loop-vectorize]
remark: ./numeric-arithmetic.h:329:0: loop not vectorized: call instruction cannot be vectorized [-Rpass-analysis=loop-vectorize]
remark: ./numeric-arithmetic.h:329:0: loop not vectorized [-Rpass-missed=loop-vectorize]
remark: ./numeric-arithmetic.h:329:0: the cost-model indicates that interleaving is not beneficial [-Rpass-analysis=loop-vectorize]
remark: ./numeric-arithmetic.h:329:0: vectorized loop (vectorization width: 16, interleaved count: 1) [-Rpass=loop-vectorize]
remark: ./numeric-arithmetic.h:329:0: vectorized loop (vectorization width: 8, interleaved count: 4) [-Rpass=loop-vectorize]
remark: ./numeric-arithmetic.h:329:0: the cost-model indicates that interleaving is not beneficial [-Rpass-analysis=loop-vectorize]
remark: ./numeric-arithmetic.h:329:0: vectorized loop (vectorization width: 16, interleaved count: 1) [-Rpass=loop-vectorize]
remark: ./numeric-arithmetic.h:329:0: the cost-model indicates that interleaving is not beneficial [-Rpass-analysis=loop-vectorize]
remark: ./numeric-arithmetic.h:329:0: vectorized loop (vectorization width: 16, interleaved count: 1) [-Rpass=loop-vectorize]
remark: ./numeric-arithmetic.h:329:0: loop not vectorized: call instruction cannot be vectorized [-Rpass-analysis=loop-vectorize]
remark: ./numeric-arithmetic.h:329:0: loop not vectorized [-Rpass-missed=loop-vectorize]
remark: ./numeric-arithmetic.h:329:0: loop not vectorized: call instruction cannot be vectorized [-Rpass-analysis=loop-vectorize]
remark: ./numeric-arithmetic.h:329:0: loop not vectorized [-Rpass-missed=loop-vectorize]
remark: ./numeric-arithmetic.h:329:0: loop not vectorized: call instruction cannot be vectorized [-Rpass-analysis=loop-vectorize]
remark: ./numeric-arithmetic.h:329:0: loop not vectorized [-Rpass-missed=loop-vectorize]
remark: ./numeric-arithmetic.h:329:0: loop not vectorized: call instruction cannot be vectorized [-Rpass-analysis=loop-vectorize]
remark: ./numeric-arithmetic.h:329:0: loop not vectorized [-Rpass-missed=loop-vectorize]
remark: ./numeric-arithmetic.h:329:0: loop not vectorized: call instruction cannot be vectorized [-Rpass-analysis=loop-vectorize]
remark: ./numeric-arithmetic.h:329:0: loop not vectorized [-Rpass-missed=loop-vectorize]
remark: ./numeric-arithmetic.h:329:0: loop not vectorized: call instruction cannot be vectorized [-Rpass-analysis=loop-vectorize]
remark: ./numeric-arithmetic.h:329:0: loop not vectorized [-Rpass-missed=loop-vectorize]
remark: ./numeric-arithmetic.h:329:0: loop not vectorized: call instruction cannot be vectorized [-Rpass-analysis=loop-vectorize]
remark: ./numeric-arithmetic.h:329:0: loop not vectorized [-Rpass-missed=loop-vectorize]
remark: ./numeric-arithmetic.h:329:0: loop not vectorized: call instruction cannot be vectorized [-Rpass-analysis=loop-vectorize]
remark: ./numeric-arithmetic.h:329:0: loop not vectorized [-Rpass-missed=loop-vectorize]
remark: ./numeric-arithmetic.h:329:0: the cost-model indicates that interleaving is not beneficial [-Rpass-analysis=loop-vectorize]
remark: ./numeric-arithmetic.h:329:0: vectorized loop (vectorization width: 16, interleaved count: 1) [-Rpass=loop-vectorize]
remark: ./numeric-arithmetic.h:329:0: vectorized loop (vectorization width: 4, interleaved count: 4) [-Rpass=loop-vectorize]
remark: ./numeric-arithmetic.h:329:0: the cost-model indicates that interleaving is not beneficial [-Rpass-analysis=loop-vectorize]
remark: ./numeric-arithmetic.h:329:0: vectorized loop (vectorization width: 16, interleaved count: 1) [-Rpass=loop-vectorize]
remark: ./numeric-arithmetic.h:329:0: the cost-model indicates that interleaving is not beneficial [-Rpass-analysis=loop-vectorize]
remark: ./numeric-arithmetic.h:329:0: vectorized loop (vectorization width: 16, interleaved count: 1) [-Rpass=loop-vectorize]
remark: ./numeric-arithmetic.h:329:0: loop not vectorized: call instruction cannot be vectorized [-Rpass-analysis=loop-vectorize]
remark: ./numeric-arithmetic.h:329:0: loop not vectorized [-Rpass-missed=loop-vectorize]
remark: ./numeric-arithmetic.h:329:0: loop not vectorized: call instruction cannot be vectorized [-Rpass-analysis=loop-vectorize]
remark: ./numeric-arithmetic.h:329:0: loop not vectorized [-Rpass-missed=loop-vectorize]
remark: ./numeric-arithmetic.h:329:0: loop not vectorized: call instruction cannot be vectorized [-Rpass-analysis=loop-vectorize]
remark: ./numeric-arithmetic.h:329:0: loop not vectorized [-Rpass-missed=loop-vectorize]
remark: ./numeric-arithmetic.h:329:0: loop not vectorized: call instruction cannot be vectorized [-Rpass-analysis=loop-vectorize]
remark: ./numeric-arithmetic.h:329:0: loop not vectorized [-Rpass-missed=loop-vectorize]
remark: ./numeric-arithmetic.h:329:0: loop not vectorized: call instruction cannot be vectorized [-Rpass-analysis=loop-vectorize]
remark: ./numeric-arithmetic.h:329:0: loop not vectorized [-Rpass-missed=loop-vectorize]
remark: ./numeric-arithmetic.h:329:0: loop not vectorized: call instruction cannot be vectorized [-Rpass-analysis=loop-vectorize]
remark: ./numeric-arithmetic.h:329:0: loop not vectorized [-Rpass-missed=loop-vectorize]
remark: ./numeric-arithmetic.h:329:0: loop not vectorized: call instruction cannot be vectorized [-Rpass-analysis=loop-vectorize]
remark: ./numeric-arithmetic.h:329:0: loop not vectorized [-Rpass-missed=loop-vectorize]
remark: ./numeric-arithmetic.h:329:0: loop not vectorized: call instruction cannot be vectorized [-Rpass-analysis=loop-vectorize]
remark: ./numeric-arithmetic.h:329:0: loop not vectorized [-Rpass-missed=loop-vectorize]
remark: ./numeric-arithmetic.h:329:0: the cost-model indicates that interleaving is not beneficial [-Rpass-analysis=loop-vectorize]
remark: ./numeric-arithmetic.h:329:0: vectorized loop (vectorization width: 16, interleaved count: 1) [-Rpass=loop-vectorize]
remark: ./numeric-arithmetic.h:329:0: vectorized loop (vectorization width: 4, interleaved count: 4) [-Rpass=loop-vectorize]
remark: ./numeric-arithmetic.h:329:0: the cost-model indicates that interleaving is not beneficial [-Rpass-analysis=loop-vectorize]
remark: ./numeric-arithmetic.h:329:0: vectorized loop (vectorization width: 16, interleaved count: 1) [-Rpass=loop-vectorize]
remark: ./numeric-arithmetic.h:329:0: the cost-model indicates that interleaving is not beneficial [-Rpass-analysis=loop-vectorize]
remark: ./numeric-arithmetic.h:329:0: vectorized loop (vectorization width: 16, interleaved count: 1) [-Rpass=loop-vectorize]
remark: ./numeric-arithmetic.h:329:0: the cost-model indicates that interleaving is not beneficial [-Rpass-analysis=loop-vectorize]
remark: ./numeric-arithmetic.h:329:0: vectorized loop (vectorization width: 16, interleaved count: 1) [-Rpass=loop-vectorize]
remark: ./numeric-arithmetic.h:329:0: vectorized loop (vectorization width: 2, interleaved count: 4) [-Rpass=loop-vectorize]
remark: ./numeric-arithmetic.h:329:0: the cost-model indicates that interleaving is not beneficial [-Rpass-analysis=loop-vectorize]
remark: ./numeric-arithmetic.h:329:0: vectorized loop (vectorization width: 16, interleaved count: 1) [-Rpass=loop-vectorize]
remark: ./numeric-arithmetic.h:329:0: the cost-model indicates that interleaving is not beneficial [-Rpass-analysis=loop-vectorize]
remark: ./numeric-arithmetic.h:329:0: vectorized loop (vectorization width: 16, interleaved count: 1) [-Rpass=loop-vectorize]
remark: ./numeric-arithmetic.h:329:0: the cost-model indicates that interleaving is not beneficial [-Rpass-analysis=loop-vectorize]
remark: ./numeric-arithmetic.h:329:0: vectorized loop (vectorization width: 16, interleaved count: 1) [-Rpass=loop-vectorize]
remark: ./numeric-arithmetic.h:329:0: vectorized loop (vectorization width: 2, interleaved count: 4) [-Rpass=loop-vectorize]
remark: ./numeric-arithmetic.h:329:0: the cost-model indicates that interleaving is not beneficial [-Rpass-analysis=loop-vectorize]
remark: ./numeric-arithmetic.h:329:0: vectorized loop (vectorization width: 16, interleaved count: 1) [-Rpass=loop-vectorize]
remark: ./numeric-arithmetic.h:329:0: the cost-model indicates that interleaving is not beneficial [-Rpass-analysis=loop-vectorize]
remark: ./numeric-arithmetic.h:329:0: vectorized loop (vectorization width: 16, interleaved count: 1) [-Rpass=loop-vectorize]
remark: ./numeric-arithmetic.h:329:0: the cost-model indicates that interleaving is not beneficial [-Rpass-analysis=loop-vectorize]
remark: ./numeric-arithmetic.h:329:0: vectorized loop (vectorization width: 16, interleaved count: 1) [-Rpass=loop-vectorize]
remark: ./numeric-arithmetic.h:329:0: vectorized loop (vectorization width: 2, interleaved count: 4) [-Rpass=loop-vectorize]
remark: ./numeric-arithmetic.h:329:0: the cost-model indicates that interleaving is not beneficial [-Rpass-analysis=loop-vectorize]
remark: ./numeric-arithmetic.h:329:0: vectorized loop (vectorization width: 16, interleaved count: 1) [-Rpass=loop-vectorize]
remark: ./numeric-arithmetic.h:329:0: the cost-model indicates that interleaving is not beneficial [-Rpass-analysis=loop-vectorize]
remark: ./numeric-arithmetic.h:329:0: vectorized loop (vectorization width: 16, interleaved count: 1) [-Rpass=loop-vectorize]
remark: ./numeric-arithmetic.h:330:5722: loop not vectorized: call instruction cannot be vectorized [-Rpass-analysis=loop-vectorize]
remark: ./numeric-arithmetic.h:330:4953: loop not vectorized: Cannot vectorize uncountable loop [-Rpass-analysis=loop-vectorize]
remark: ./numeric-arithmetic.h:330:4953: loop not vectorized [-Rpass-missed=loop-vectorize]
remark: ./numeric-arithmetic.h:330:4797: loop not vectorized: call instruction cannot be vectorized [-Rpass-analysis=loop-vectorize]
remark: ./numeric-arithmetic.h:330:4028: loop not vectorized: Cannot vectorize uncountable loop [-Rpass-analysis=loop-vectorize]
remark: ./numeric-arithmetic.h:330:4028: loop not vectorized [-Rpass-missed=loop-vectorize]
remark: ./numeric-arithmetic.h:330:7588: loop not vectorized: call instruction cannot be vectorized [-Rpass-analysis=loop-vectorize]
remark: ./numeric-arithmetic.h:330:6819: loop not vectorized: Cannot vectorize uncountable loop [-Rpass-analysis=loop-vectorize]
remark: ./numeric-arithmetic.h:330:6819: loop not vectorized [-Rpass-missed=loop-vectorize]
remark: ./numeric-arithmetic.h:330:6663: loop not vectorized: call instruction cannot be vectorized [-Rpass-analysis=loop-vectorize]
remark: ./numeric-arithmetic.h:330:5894: loop not vectorized: Cannot vectorize uncountable loop [-Rpass-analysis=loop-vectorize]
remark: ./numeric-arithmetic.h:330:5894: loop not vectorized [-Rpass-missed=loop-vectorize]
remark: ./numeric-arithmetic.h:330:9496: loop not vectorized: call instruction cannot be vectorized [-Rpass-analysis=loop-vectorize]
remark: ./numeric-arithmetic.h:330:8727: loop not vectorized: Cannot vectorize uncountable loop [-Rpass-analysis=loop-vectorize]
remark: ./numeric-arithmetic.h:330:8727: loop not vectorized [-Rpass-missed=loop-vectorize]
remark: ./numeric-arithmetic.h:330:8571: loop not vectorized: call instruction cannot be vectorized [-Rpass-analysis=loop-vectorize]
remark: ./numeric-arithmetic.h:330:7802: loop not vectorized: Cannot vectorize uncountable loop [-Rpass-analysis=loop-vectorize]
remark: ./numeric-arithmetic.h:330:7802: loop not vectorized [-Rpass-missed=loop-vectorize]
remark: ./numeric-arithmetic.h:330:11362: loop not vectorized: call instruction cannot be vectorized [-Rpass-analysis=loop-vectorize]
remark: ./numeric-arithmetic.h:330:10593: loop not vectorized: Cannot vectorize uncountable loop [-Rpass-analysis=loop-vectorize]
remark: ./numeric-arithmetic.h:330:10593: loop not vectorized [-Rpass-missed=loop-vectorize]
remark: ./numeric-arithmetic.h:330:10437: loop not vectorized: call instruction cannot be vectorized [-Rpass-analysis=loop-vectorize]
remark: ./numeric-arithmetic.h:330:9668: loop not vectorized: Cannot vectorize uncountable loop [-Rpass-analysis=loop-vectorize]
remark: ./numeric-arithmetic.h:330:9668: loop not vectorized [-Rpass-missed=loop-vectorize]
remark: ./numeric-arithmetic.h:330:1158: loop not vectorized: Cannot vectorize uncountable loop [-Rpass-analysis=loop-vectorize]
remark: ./numeric-arithmetic.h:330:1158: loop not vectorized [-Rpass-missed=loop-vectorize]
remark: ./numeric-arithmetic.h:330:233: loop not vectorized: Cannot vectorize uncountable loop [-Rpass-analysis=loop-vectorize]
remark: ./numeric-arithmetic.h:330:233: loop not vectorized [-Rpass-missed=loop-vectorize]
remark: ./numeric-arithmetic.h:330:3024: loop not vectorized: Cannot vectorize uncountable loop [-Rpass-analysis=loop-vectorize]
remark: ./numeric-arithmetic.h:330:3024: loop not vectorized [-Rpass-missed=loop-vectorize]
remark: ./numeric-arithmetic.h:330:2099: loop not vectorized: Cannot vectorize uncountable loop [-Rpass-analysis=loop-vectorize]
remark: ./numeric-arithmetic.h:330:2099: loop not vectorized [-Rpass-missed=loop-vectorize]
remark: ./numeric-arithmetic.h:330:17165: loop not vectorized: call instruction cannot be vectorized [-Rpass-analysis=loop-vectorize]
remark: ./numeric-arithmetic.h:330:16387: loop not vectorized [-Rpass-missed=loop-vectorize]
remark: ./numeric-arithmetic.h:330:16229: loop not vectorized: call instruction cannot be vectorized [-Rpass-analysis=loop-vectorize]
remark: ./numeric-arithmetic.h:330:15451: loop not vectorized [-Rpass-missed=loop-vectorize]
remark: ./numeric-arithmetic.h:330:19053: loop not vectorized: call instruction cannot be vectorized [-Rpass-analysis=loop-vectorize]
remark: ./numeric-arithmetic.h:330:18275: loop not vectorized [-Rpass-missed=loop-vectorize]
remark: ./numeric-arithmetic.h:330:18117: loop not vectorized: call instruction cannot be vectorized [-Rpass-analysis=loop-vectorize]
remark: ./numeric-arithmetic.h:330:17339: loop not vectorized [-Rpass-missed=loop-vectorize]
remark: ./numeric-arithmetic.h:330:20983: loop not vectorized: call instruction cannot be vectorized [-Rpass-analysis=loop-vectorize]
remark: ./numeric-arithmetic.h:330:20205: loop not vectorized [-Rpass-missed=loop-vectorize]
remark: ./numeric-arithmetic.h:330:20047: loop not vectorized: call instruction cannot be vectorized [-Rpass-analysis=loop-vectorize]
remark: ./numeric-arithmetic.h:330:19269: loop not vectorized [-Rpass-missed=loop-vectorize]
remark: ./numeric-arithmetic.h:330:22871: loop not vectorized: call instruction cannot be vectorized [-Rpass-analysis=loop-vectorize]
remark: ./numeric-arithmetic.h:330:22093: loop not vectorized [-Rpass-missed=loop-vectorize]
remark: ./numeric-arithmetic.h:330:21935: loop not vectorized: call instruction cannot be vectorized [-Rpass-analysis=loop-vectorize]
remark: ./numeric-arithmetic.h:330:21157: loop not vectorized [-Rpass-missed=loop-vectorize]
remark: ./numeric-arithmetic.h:330:12548: vectorized loop (vectorization width: 8, interleaved count: 2) [-Rpass=loop-vectorize]
remark: ./numeric-arithmetic.h:330:11612: vectorized loop (vectorization width: 8, interleaved count: 4) [-Rpass=loop-vectorize]
remark: ./numeric-arithmetic.h:330:14436: vectorized loop (vectorization width: 8, interleaved count: 2) [-Rpass=loop-vectorize]
remark: ./numeric-arithmetic.h:330:13500: vectorized loop (vectorization width: 8, interleaved count: 2) [-Rpass=loop-vectorize]
remark: ./numeric-arithmetic.h:330:28801: loop not vectorized: call instruction cannot be vectorized [-Rpass-analysis=loop-vectorize]
remark: ./numeric-arithmetic.h:330:28002: loop not vectorized [-Rpass-missed=loop-vectorize]
remark: ./numeric-arithmetic.h:330:27844: loop not vectorized: call instruction cannot be vectorized [-Rpass-analysis=loop-vectorize]
remark: ./numeric-arithmetic.h:330:27045: loop not vectorized [-Rpass-missed=loop-vectorize]
remark: ./numeric-arithmetic.h:330:30731: loop not vectorized: call instruction cannot be vectorized [-Rpass-analysis=loop-vectorize]
remark: ./numeric-arithmetic.h:330:29932: loop not vectorized [-Rpass-missed=loop-vectorize]
remark: ./numeric-arithmetic.h:330:29774: loop not vectorized: call instruction cannot be vectorized [-Rpass-analysis=loop-vectorize]
remark: ./numeric-arithmetic.h:330:28975: loop not vectorized [-Rpass-missed=loop-vectorize]
remark: ./numeric-arithmetic.h:330:32703: loop not vectorized: call instruction cannot be vectorized [-Rpass-analysis=loop-vectorize]
remark: ./numeric-arithmetic.h:330:31904: loop not vectorized [-Rpass-missed=loop-vectorize]
remark: ./numeric-arithmetic.h:330:31746: loop not vectorized: call instruction cannot be vectorized [-Rpass-analysis=loop-vectorize]
remark: ./numeric-arithmetic.h:330:30947: loop not vectorized [-Rpass-missed=loop-vectorize]
remark: ./numeric-arithmetic.h:330:34633: loop not vectorized: call instruction cannot be vectorized [-Rpass-analysis=loop-vectorize]
remark: ./numeric-arithmetic.h:330:33834: loop not vectorized [-Rpass-missed=loop-vectorize]
remark: ./numeric-arithmetic.h:330:33676: loop not vectorized: call instruction cannot be vectorized [-Rpass-analysis=loop-vectorize]
remark: ./numeric-arithmetic.h:330:32877: loop not vectorized [-Rpass-missed=loop-vectorize]
remark: ./numeric-arithmetic.h:330:24079: vectorized loop (vectorization width: 8, interleaved count: 2) [-Rpass=loop-vectorize]
remark: ./numeric-arithmetic.h:330:23122: vectorized loop (vectorization width: 4, interleaved count: 4) [-Rpass=loop-vectorize]
remark: ./numeric-arithmetic.h:330:26009: vectorized loop (vectorization width: 8, interleaved count: 2) [-Rpass=loop-vectorize]
remark: ./numeric-arithmetic.h:330:25052: vectorized loop (vectorization width: 8, interleaved count: 2) [-Rpass=loop-vectorize]
remark: ./numeric-arithmetic.h:330:40120: loop not vectorized: call instruction cannot be vectorized [-Rpass-analysis=loop-vectorize]
remark: ./numeric-arithmetic.h:330:39391: loop not vectorized [-Rpass-missed=loop-vectorize]
remark: ./numeric-arithmetic.h:330:39237: loop not vectorized: call instruction cannot be vectorized [-Rpass-analysis=loop-vectorize]
remark: ./numeric-arithmetic.h:330:38508: loop not vectorized [-Rpass-missed=loop-vectorize]
remark: ./numeric-arithmetic.h:330:41902: loop not vectorized: call instruction cannot be vectorized [-Rpass-analysis=loop-vectorize]
remark: ./numeric-arithmetic.h:330:41173: loop not vectorized [-Rpass-missed=loop-vectorize]
remark: ./numeric-arithmetic.h:330:41019: loop not vectorized: call instruction cannot be vectorized [-Rpass-analysis=loop-vectorize]
remark: ./numeric-arithmetic.h:330:40290: loop not vectorized [-Rpass-missed=loop-vectorize]
remark: ./numeric-arithmetic.h:330:43726: loop not vectorized: call instruction cannot be vectorized [-Rpass-analysis=loop-vectorize]
remark: ./numeric-arithmetic.h:330:42997: loop not vectorized [-Rpass-missed=loop-vectorize]
remark: ./numeric-arithmetic.h:330:42843: loop not vectorized: call instruction cannot be vectorized [-Rpass-analysis=loop-vectorize]
remark: ./numeric-arithmetic.h:330:42114: loop not vectorized [-Rpass-missed=loop-vectorize]
remark: ./numeric-arithmetic.h:330:45508: loop not vectorized: call instruction cannot be vectorized [-Rpass-analysis=loop-vectorize]
remark: ./numeric-arithmetic.h:330:44779: loop not vectorized [-Rpass-missed=loop-vectorize]
remark: ./numeric-arithmetic.h:330:44625: loop not vectorized: call instruction cannot be vectorized [-Rpass-analysis=loop-vectorize]
remark: ./numeric-arithmetic.h:330:43896: loop not vectorized [-Rpass-missed=loop-vectorize]
remark: ./numeric-arithmetic.h:330:35764: vectorized loop (vectorization width: 8, interleaved count: 2) [-Rpass=loop-vectorize]
remark: ./numeric-arithmetic.h:330:34881: vectorized loop (vectorization width: 4, interleaved count: 4) [-Rpass=loop-vectorize]
remark: ./numeric-arithmetic.h:330:37546: vectorized loop (vectorization width: 8, interleaved count: 2) [-Rpass=loop-vectorize]
remark: ./numeric-arithmetic.h:330:36663: vectorized loop (vectorization width: 8, interleaved count: 2) [-Rpass=loop-vectorize]
remark: ./numeric-arithmetic.h:330:50169: vectorized loop (vectorization width: 8, interleaved count: 2) [-Rpass=loop-vectorize]
remark: ./numeric-arithmetic.h:330:49306: vectorized loop (vectorization width: 2, interleaved count: 4) [-Rpass=loop-vectorize]
remark: ./numeric-arithmetic.h:330:51911: vectorized loop (vectorization width: 8, interleaved count: 2) [-Rpass=loop-vectorize]
remark: ./numeric-arithmetic.h:330:51048: vectorized loop (vectorization width: 8, interleaved count: 2) [-Rpass=loop-vectorize]
remark: ./numeric-arithmetic.h:330:53695: vectorized loop (vectorization width: 8, interleaved count: 2) [-Rpass=loop-vectorize]
remark: ./numeric-arithmetic.h:330:52832: vectorized loop (vectorization width: 2, interleaved count: 4) [-Rpass=loop-vectorize]
remark: ./numeric-arithmetic.h:330:55437: vectorized loop (vectorization width: 8, interleaved count: 2) [-Rpass=loop-vectorize]
remark: ./numeric-arithmetic.h:330:54574: vectorized loop (vectorization width: 8, interleaved count: 2) [-Rpass=loop-vectorize]
remark: ./numeric-arithmetic.h:330:46622: vectorized loop (vectorization width: 8, interleaved count: 2) [-Rpass=loop-vectorize]
remark: ./numeric-arithmetic.h:330:45759: vectorized loop (vectorization width: 2, interleaved count: 4) [-Rpass=loop-vectorize]
remark: ./numeric-arithmetic.h:330:48364: vectorized loop (vectorization width: 8, interleaved count: 2) [-Rpass=loop-vectorize]
remark: ./numeric-arithmetic.h:330:47501: vectorized loop (vectorization width: 8, interleaved count: 2) [-Rpass=loop-vectorize]
remark: ./numeric-arithmetic.h:330:61926: loop not vectorized: call instruction cannot be vectorized [-Rpass-analysis=loop-vectorize]
remark: ./numeric-arithmetic.h:330:61157: loop not vectorized: Cannot vectorize uncountable loop [-Rpass-analysis=loop-vectorize]
remark: ./numeric-arithmetic.h:330:61157: loop not vectorized [-Rpass-missed=loop-vectorize]
remark: ./numeric-arithmetic.h:330:61001: loop not vectorized: call instruction cannot be vectorized [-Rpass-analysis=loop-vectorize]
remark: ./numeric-arithmetic.h:330:60232: loop not vectorized: Cannot vectorize uncountable loop [-Rpass-analysis=loop-vectorize]
remark: ./numeric-arithmetic.h:330:60232: loop not vectorized [-Rpass-missed=loop-vectorize]
remark: ./numeric-arithmetic.h:330:63792: loop not vectorized: call instruction cannot be vectorized [-Rpass-analysis=loop-vectorize]
remark: ./numeric-arithmetic.h:330:63023: loop not vectorized: Cannot vectorize uncountable loop [-Rpass-analysis=loop-vectorize]
remark: ./numeric-arithmetic.h:330:63023: loop not vectorized [-Rpass-missed=loop-vectorize]
remark: ./numeric-arithmetic.h:330:62867: loop not vectorized: call instruction cannot be vectorized [-Rpass-analysis=loop-vectorize]
remark: ./numeric-arithmetic.h:330:62098: loop not vectorized: Cannot vectorize uncountable loop [-Rpass-analysis=loop-vectorize]
remark: ./numeric-arithmetic.h:330:62098: loop not vectorized [-Rpass-missed=loop-vectorize]
remark: ./numeric-arithmetic.h:330:0: loop not vectorized: call instruction cannot be vectorized [-Rpass-analysis=loop-vectorize]
remark: ./numeric-arithmetic.h:330:64931: loop not vectorized: Cannot vectorize uncountable loop [-Rpass-analysis=loop-vectorize]
remark: ./numeric-arithmetic.h:330:64931: loop not vectorized [-Rpass-missed=loop-vectorize]
remark: ./numeric-arithmetic.h:330:64775: loop not vectorized: call instruction cannot be vectorized [-Rpass-analysis=loop-vectorize]
remark: ./numeric-arithmetic.h:330:64006: loop not vectorized: Cannot vectorize uncountable loop [-Rpass-analysis=loop-vectorize]
remark: ./numeric-arithmetic.h:330:64006: loop not vectorized [-Rpass-missed=loop-vectorize]
remark: ./numeric-arithmetic.h:330:0: loop not vectorized: call instruction cannot be vectorized [-Rpass-analysis=loop-vectorize]
remark: ./numeric-arithmetic.h:330:0: loop not vectorized: Cannot vectorize uncountable loop [-Rpass-analysis=loop-vectorize]
remark: ./numeric-arithmetic.h:330:0: loop not vectorized [-Rpass-missed=loop-vectorize]
remark: ./numeric-arithmetic.h:330:0: loop not vectorized: call instruction cannot be vectorized [-Rpass-analysis=loop-vectorize]
remark: ./numeric-arithmetic.h:330:0: loop not vectorized: Cannot vectorize uncountable loop [-Rpass-analysis=loop-vectorize]
remark: ./numeric-arithmetic.h:330:0: loop not vectorized [-Rpass-missed=loop-vectorize]
remark: ./numeric-arithmetic.h:330:57362: loop not vectorized: Cannot vectorize uncountable loop [-Rpass-analysis=loop-vectorize]
remark: ./numeric-arithmetic.h:330:57362: loop not vectorized [-Rpass-missed=loop-vectorize]
remark: ./numeric-arithmetic.h:330:56437: loop not vectorized: Cannot vectorize uncountable loop [-Rpass-analysis=loop-vectorize]
remark: ./numeric-arithmetic.h:330:56437: loop not vectorized [-Rpass-missed=loop-vectorize]
remark: ./numeric-arithmetic.h:330:59228: loop not vectorized: Cannot vectorize uncountable loop [-Rpass-analysis=loop-vectorize]
remark: ./numeric-arithmetic.h:330:59228: loop not vectorized [-Rpass-missed=loop-vectorize]
remark: ./numeric-arithmetic.h:330:58303: loop not vectorized: Cannot vectorize uncountable loop [-Rpass-analysis=loop-vectorize]
remark: ./numeric-arithmetic.h:330:58303: loop not vectorized [-Rpass-missed=loop-vectorize]
remark: ./numeric-arithmetic.h:330:0: loop not vectorized: call instruction cannot be vectorized [-Rpass-analysis=loop-vectorize]
remark: ./numeric-arithmetic.h:330:0: loop not vectorized [-Rpass-missed=loop-vectorize]
remark: ./numeric-arithmetic.h:330:0: loop not vectorized: call instruction cannot be vectorized [-Rpass-analysis=loop-vectorize]
remark: ./numeric-arithmetic.h:330:0: loop not vectorized [-Rpass-missed=loop-vectorize]
remark: ./numeric-arithmetic.h:330:0: loop not vectorized: call instruction cannot be vectorized [-Rpass-analysis=loop-vectorize]
remark: ./numeric-arithmetic.h:330:0: loop not vectorized [-Rpass-missed=loop-vectorize]
remark: ./numeric-arithmetic.h:330:0: loop not vectorized: call instruction cannot be vectorized [-Rpass-analysis=loop-vectorize]
remark: ./numeric-arithmetic.h:330:0: loop not vectorized [-Rpass-missed=loop-vectorize]
remark: ./numeric-arithmetic.h:330:0: loop not vectorized: call instruction cannot be vectorized [-Rpass-analysis=loop-vectorize]
remark: ./numeric-arithmetic.h:330:0: loop not vectorized [-Rpass-missed=loop-vectorize]
remark: ./numeric-arithmetic.h:330:0: loop not vectorized: call instruction cannot be vectorized [-Rpass-analysis=loop-vectorize]
remark: ./numeric-arithmetic.h:330:0: loop not vectorized [-Rpass-missed=loop-vectorize]
remark: ./numeric-arithmetic.h:330:0: loop not vectorized: call instruction cannot be vectorized [-Rpass-analysis=loop-vectorize]
remark: ./numeric-arithmetic.h:330:0: loop not vectorized [-Rpass-missed=loop-vectorize]
remark: ./numeric-arithmetic.h:330:0: loop not vectorized: call instruction cannot be vectorized [-Rpass-analysis=loop-vectorize]
remark: ./numeric-arithmetic.h:330:0: loop not vectorized [-Rpass-missed=loop-vectorize]
remark: ./numeric-arithmetic.h:330:0: vectorized loop (vectorization width: 8, interleaved count: 2) [-Rpass=loop-vectorize]
remark: ./numeric-arithmetic.h:330:0: vectorized loop (vectorization width: 8, interleaved count: 4) [-Rpass=loop-vectorize]
remark: ./numeric-arithmetic.h:330:0: vectorized loop (vectorization width: 8, interleaved count: 2) [-Rpass=loop-vectorize]
remark: ./numeric-arithmetic.h:330:0: vectorized loop (vectorization width: 8, interleaved count: 2) [-Rpass=loop-vectorize]
remark: ./numeric-arithmetic.h:330:0: loop not vectorized: call instruction cannot be vectorized [-Rpass-analysis=loop-vectorize]
remark: ./numeric-arithmetic.h:330:0: loop not vectorized [-Rpass-missed=loop-vectorize]
remark: ./numeric-arithmetic.h:330:0: loop not vectorized: call instruction cannot be vectorized [-Rpass-analysis=loop-vectorize]
remark: ./numeric-arithmetic.h:330:0: loop not vectorized [-Rpass-missed=loop-vectorize]
remark: ./numeric-arithmetic.h:330:0: loop not vectorized: call instruction cannot be vectorized [-Rpass-analysis=loop-vectorize]
remark: ./numeric-arithmetic.h:330:0: loop not vectorized [-Rpass-missed=loop-vectorize]
remark: ./numeric-arithmetic.h:330:0: loop not vectorized: call instruction cannot be vectorized [-Rpass-analysis=loop-vectorize]
remark: ./numeric-arithmetic.h:330:0: loop not vectorized [-Rpass-missed=loop-vectorize]
remark: ./numeric-arithmetic.h:330:0: loop not vectorized: call instruction cannot be vectorized [-Rpass-analysis=loop-vectorize]
remark: ./numeric-arithmetic.h:330:0: loop not vectorized [-Rpass-missed=loop-vectorize]
remark: ./numeric-arithmetic.h:330:0: loop not vectorized: call instruction cannot be vectorized [-Rpass-analysis=loop-vectorize]
remark: ./numeric-arithmetic.h:330:0: loop not vectorized [-Rpass-missed=loop-vectorize]
remark: ./numeric-arithmetic.h:330:0: loop not vectorized: call instruction cannot be vectorized [-Rpass-analysis=loop-vectorize]
remark: ./numeric-arithmetic.h:330:0: loop not vectorized [-Rpass-missed=loop-vectorize]
remark: ./numeric-arithmetic.h:330:0: loop not vectorized: call instruction cannot be vectorized [-Rpass-analysis=loop-vectorize]
remark: ./numeric-arithmetic.h:330:0: loop not vectorized [-Rpass-missed=loop-vectorize]
remark: ./numeric-arithmetic.h:330:0: vectorized loop (vectorization width: 8, interleaved count: 2) [-Rpass=loop-vectorize]
remark: ./numeric-arithmetic.h:330:0: vectorized loop (vectorization width: 4, interleaved count: 4) [-Rpass=loop-vectorize]
remark: ./numeric-arithmetic.h:330:0: vectorized loop (vectorization width: 8, interleaved count: 2) [-Rpass=loop-vectorize]
remark: ./numeric-arithmetic.h:330:0: vectorized loop (vectorization width: 8, interleaved count: 2) [-Rpass=loop-vectorize]
remark: ./numeric-arithmetic.h:330:0: loop not vectorized: call instruction cannot be vectorized [-Rpass-analysis=loop-vectorize]
remark: ./numeric-arithmetic.h:330:0: loop not vectorized [-Rpass-missed=loop-vectorize]
remark: ./numeric-arithmetic.h:330:0: loop not vectorized: call instruction cannot be vectorized [-Rpass-analysis=loop-vectorize]
remark: ./numeric-arithmetic.h:330:0: loop not vectorized [-Rpass-missed=loop-vectorize]
remark: ./numeric-arithmetic.h:330:0: loop not vectorized: call instruction cannot be vectorized [-Rpass-analysis=loop-vectorize]
remark: ./numeric-arithmetic.h:330:0: loop not vectorized [-Rpass-missed=loop-vectorize]
remark: ./numeric-arithmetic.h:330:0: loop not vectorized: call instruction cannot be vectorized [-Rpass-analysis=loop-vectorize]
remark: ./numeric-arithmetic.h:330:0: loop not vectorized [-Rpass-missed=loop-vectorize]
remark: ./numeric-arithmetic.h:330:0: loop not vectorized: call instruction cannot be vectorized [-Rpass-analysis=loop-vectorize]
remark: ./numeric-arithmetic.h:330:0: loop not vectorized [-Rpass-missed=loop-vectorize]
remark: ./numeric-arithmetic.h:330:0: loop not vectorized: call instruction cannot be vectorized [-Rpass-analysis=loop-vectorize]
remark: ./numeric-arithmetic.h:330:0: loop not vectorized [-Rpass-missed=loop-vectorize]
remark: ./numeric-arithmetic.h:330:0: loop not vectorized: call instruction cannot be vectorized [-Rpass-analysis=loop-vectorize]
remark: ./numeric-arithmetic.h:330:0: loop not vectorized [-Rpass-missed=loop-vectorize]
remark: ./numeric-arithmetic.h:330:0: loop not vectorized: call instruction cannot be vectorized [-Rpass-analysis=loop-vectorize]
remark: ./numeric-arithmetic.h:330:0: loop not vectorized [-Rpass-missed=loop-vectorize]
remark: ./numeric-arithmetic.h:330:0: vectorized loop (vectorization width: 8, interleaved count: 2) [-Rpass=loop-vectorize]
remark: ./numeric-arithmetic.h:330:0: vectorized loop (vectorization width: 4, interleaved count: 4) [-Rpass=loop-vectorize]
remark: ./numeric-arithmetic.h:330:0: vectorized loop (vectorization width: 8, interleaved count: 2) [-Rpass=loop-vectorize]
remark: ./numeric-arithmetic.h:330:0: vectorized loop (vectorization width: 8, interleaved count: 2) [-Rpass=loop-vectorize]
remark: ./numeric-arithmetic.h:330:0: vectorized loop (vectorization width: 8, interleaved count: 2) [-Rpass=loop-vectorize]
remark: ./numeric-arithmetic.h:330:0: vectorized loop (vectorization width: 2, interleaved count: 4) [-Rpass=loop-vectorize]
remark: ./numeric-arithmetic.h:330:0: vectorized loop (vectorization width: 8, interleaved count: 2) [-Rpass=loop-vectorize]
remark: ./numeric-arithmetic.h:330:0: vectorized loop (vectorization width: 8, interleaved count: 2) [-Rpass=loop-vectorize]
remark: ./numeric-arithmetic.h:330:0: vectorized loop (vectorization width: 8, interleaved count: 2) [-Rpass=loop-vectorize]
remark: ./numeric-arithmetic.h:330:0: vectorized loop (vectorization width: 2, interleaved count: 4) [-Rpass=loop-vectorize]
remark: ./numeric-arithmetic.h:330:0: vectorized loop (vectorization width: 8, interleaved count: 2) [-Rpass=loop-vectorize]
remark: ./numeric-arithmetic.h:330:0: vectorized loop (vectorization width: 8, interleaved count: 2) [-Rpass=loop-vectorize]
remark: ./numeric-arithmetic.h:330:0: vectorized loop (vectorization width: 8, interleaved count: 2) [-Rpass=loop-vectorize]
remark: ./numeric-arithmetic.h:330:0: vectorized loop (vectorization width: 2, interleaved count: 4) [-Rpass=loop-vectorize]
remark: ./numeric-arithmetic.h:330:0: vectorized loop (vectorization width: 8, interleaved count: 2) [-Rpass=loop-vectorize]
remark: ./numeric-arithmetic.h:330:0: vectorized loop (vectorization width: 8, interleaved count: 2) [-Rpass=loop-vectorize]
remark: ./numeric-arithmetic.h:330:0: loop not vectorized: call instruction cannot be vectorized [-Rpass-analysis=loop-vectorize]
remark: ./numeric-arithmetic.h:330:0: loop not vectorized: Cannot vectorize uncountable loop [-Rpass-analysis=loop-vectorize]
remark: ./numeric-arithmetic.h:330:0: loop not vectorized [-Rpass-missed=loop-vectorize]
remark: ./numeric-arithmetic.h:330:0: loop not vectorized: call instruction cannot be vectorized [-Rpass-analysis=loop-vectorize]
remark: ./numeric-arithmetic.h:330:0: loop not vectorized: Cannot vectorize uncountable loop [-Rpass-analysis=loop-vectorize]
remark: ./numeric-arithmetic.h:330:0: loop not vectorized [-Rpass-missed=loop-vectorize]
remark: ./numeric-arithmetic.h:330:0: loop not vectorized: call instruction cannot be vectorized [-Rpass-analysis=loop-vectorize]
remark: ./numeric-arithmetic.h:330:0: loop not vectorized: Cannot vectorize uncountable loop [-Rpass-analysis=loop-vectorize]
remark: ./numeric-arithmetic.h:330:0: loop not vectorized [-Rpass-missed=loop-vectorize]
remark: ./numeric-arithmetic.h:330:0: loop not vectorized: call instruction cannot be vectorized [-Rpass-analysis=loop-vectorize]
remark: ./numeric-arithmetic.h:330:0: loop not vectorized: Cannot vectorize uncountable loop [-Rpass-analysis=loop-vectorize]
remark: ./numeric-arithmetic.h:330:0: loop not vectorized [-Rpass-missed=loop-vectorize]
remark: ./numeric-arithmetic.h:330:0: loop not vectorized: call instruction cannot be vectorized [-Rpass-analysis=loop-vectorize]
remark: ./numeric-arithmetic.h:330:0: loop not vectorized: Cannot vectorize uncountable loop [-Rpass-analysis=loop-vectorize]
remark: ./numeric-arithmetic.h:330:0: loop not vectorized [-Rpass-missed=loop-vectorize]
remark: ./numeric-arithmetic.h:330:0: loop not vectorized: call instruction cannot be vectorized [-Rpass-analysis=loop-vectorize]
remark: ./numeric-arithmetic.h:330:0: loop not vectorized: Cannot vectorize uncountable loop [-Rpass-analysis=loop-vectorize]
remark: ./numeric-arithmetic.h:330:0: loop not vectorized [-Rpass-missed=loop-vectorize]
remark: ./numeric-arithmetic.h:330:0: loop not vectorized: call instruction cannot be vectorized [-Rpass-analysis=loop-vectorize]
remark: ./numeric-arithmetic.h:330:0: loop not vectorized: Cannot vectorize uncountable loop [-Rpass-analysis=loop-vectorize]
remark: ./numeric-arithmetic.h:330:0: loop not vectorized [-Rpass-missed=loop-vectorize]
remark: ./numeric-arithmetic.h:330:0: loop not vectorized: call instruction cannot be vectorized [-Rpass-analysis=loop-vectorize]
remark: ./numeric-arithmetic.h:330:0: loop not vectorized: Cannot vectorize uncountable loop [-Rpass-analysis=loop-vectorize]
remark: ./numeric-arithmetic.h:330:0: loop not vectorized [-Rpass-missed=loop-vectorize]
remark: ./numeric-arithmetic.h:330:0: loop not vectorized: Cannot vectorize uncountable loop [-Rpass-analysis=loop-vectorize]
remark: ./numeric-arithmetic.h:330:0: loop not vectorized [-Rpass-missed=loop-vectorize]
remark: ./numeric-arithmetic.h:330:0: loop not vectorized: Cannot vectorize uncountable loop [-Rpass-analysis=loop-vectorize]
remark: ./numeric-arithmetic.h:330:0: loop not vectorized [-Rpass-missed=loop-vectorize]
remark: ./numeric-arithmetic.h:330:0: loop not vectorized: Cannot vectorize uncountable loop [-Rpass-analysis=loop-vectorize]
remark: ./numeric-arithmetic.h:330:0: loop not vectorized [-Rpass-missed=loop-vectorize]
remark: ./numeric-arithmetic.h:330:0: loop not vectorized: Cannot vectorize uncountable loop [-Rpass-analysis=loop-vectorize]
remark: ./numeric-arithmetic.h:330:0: loop not vectorized [-Rpass-missed=loop-vectorize]
remark: ./numeric-arithmetic.h:330:0: loop not vectorized: call instruction cannot be vectorized [-Rpass-analysis=loop-vectorize]
remark: ./numeric-arithmetic.h:330:0: loop not vectorized [-Rpass-missed=loop-vectorize]
remark: ./numeric-arithmetic.h:330:0: loop not vectorized: call instruction cannot be vectorized [-Rpass-analysis=loop-vectorize]
remark: ./numeric-arithmetic.h:330:0: loop not vectorized [-Rpass-missed=loop-vectorize]
remark: ./numeric-arithmetic.h:330:0: loop not vectorized: call instruction cannot be vectorized [-Rpass-analysis=loop-vectorize]
remark: ./numeric-arithmetic.h:330:0: loop not vectorized [-Rpass-missed=loop-vectorize]
remark: ./numeric-arithmetic.h:330:0: loop not vectorized: call instruction cannot be vectorized [-Rpass-analysis=loop-vectorize]
remark: ./numeric-arithmetic.h:330:0: loop not vectorized [-Rpass-missed=loop-vectorize]
remark: ./numeric-arithmetic.h:330:0: loop not vectorized: call instruction cannot be vectorized [-Rpass-analysis=loop-vectorize]
remark: ./numeric-arithmetic.h:330:0: loop not vectorized [-Rpass-missed=loop-vectorize]
remark: ./numeric-arithmetic.h:330:0: loop not vectorized: call instruction cannot be vectorized [-Rpass-analysis=loop-vectorize]
remark: ./numeric-arithmetic.h:330:0: loop not vectorized [-Rpass-missed=loop-vectorize]
remark: ./numeric-arithmetic.h:330:0: loop not vectorized: call instruction cannot be vectorized [-Rpass-analysis=loop-vectorize]
remark: ./numeric-arithmetic.h:330:0: loop not vectorized [-Rpass-missed=loop-vectorize]
remark: ./numeric-arithmetic.h:330:0: loop not vectorized: call instruction cannot be vectorized [-Rpass-analysis=loop-vectorize]
remark: ./numeric-arithmetic.h:330:0: loop not vectorized [-Rpass-missed=loop-vectorize]
remark: ./numeric-arithmetic.h:330:0: vectorized loop (vectorization width: 8, interleaved count: 2) [-Rpass=loop-vectorize]
remark: ./numeric-arithmetic.h:330:0: vectorized loop (vectorization width: 8, interleaved count: 4) [-Rpass=loop-vectorize]
remark: ./numeric-arithmetic.h:330:0: vectorized loop (vectorization width: 8, interleaved count: 2) [-Rpass=loop-vectorize]
remark: ./numeric-arithmetic.h:330:0: vectorized loop (vectorization width: 8, interleaved count: 2) [-Rpass=loop-vectorize]
remark: ./numeric-arithmetic.h:330:0: loop not vectorized: call instruction cannot be vectorized [-Rpass-analysis=loop-vectorize]
remark: ./numeric-arithmetic.h:330:0: loop not vectorized [-Rpass-missed=loop-vectorize]
remark: ./numeric-arithmetic.h:330:0: loop not vectorized: call instruction cannot be vectorized [-Rpass-analysis=loop-vectorize]
remark: ./numeric-arithmetic.h:330:0: loop not vectorized [-Rpass-missed=loop-vectorize]
remark: ./numeric-arithmetic.h:330:0: loop not vectorized: call instruction cannot be vectorized [-Rpass-analysis=loop-vectorize]
remark: ./numeric-arithmetic.h:330:0: loop not vectorized [-Rpass-missed=loop-vectorize]
remark: ./numeric-arithmetic.h:330:0: loop not vectorized: call instruction cannot be vectorized [-Rpass-analysis=loop-vectorize]
remark: ./numeric-arithmetic.h:330:0: loop not vectorized [-Rpass-missed=loop-vectorize]
remark: ./numeric-arithmetic.h:330:0: loop not vectorized: call instruction cannot be vectorized [-Rpass-analysis=loop-vectorize]
remark: ./numeric-arithmetic.h:330:0: loop not vectorized [-Rpass-missed=loop-vectorize]
remark: ./numeric-arithmetic.h:330:0: loop not vectorized: call instruction cannot be vectorized [-Rpass-analysis=loop-vectorize]
remark: ./numeric-arithmetic.h:330:0: loop not vectorized [-Rpass-missed=loop-vectorize]
remark: ./numeric-arithmetic.h:330:0: loop not vectorized: call instruction cannot be vectorized [-Rpass-analysis=loop-vectorize]
remark: ./numeric-arithmetic.h:330:0: loop not vectorized [-Rpass-missed=loop-vectorize]
remark: ./numeric-arithmetic.h:330:0: loop not vectorized: call instruction cannot be vectorized [-Rpass-analysis=loop-vectorize]
remark: ./numeric-arithmetic.h:330:0: loop not vectorized [-Rpass-missed=loop-vectorize]
remark: ./numeric-arithmetic.h:330:0: vectorized loop (vectorization width: 8, interleaved count: 2) [-Rpass=loop-vectorize]
remark: ./numeric-arithmetic.h:330:0: vectorized loop (vectorization width: 4, interleaved count: 4) [-Rpass=loop-vectorize]
remark: ./numeric-arithmetic.h:330:0: vectorized loop (vectorization width: 8, interleaved count: 2) [-Rpass=loop-vectorize]
remark: ./numeric-arithmetic.h:330:0: vectorized loop (vectorization width: 8, interleaved count: 2) [-Rpass=loop-vectorize]
remark: ./numeric-arithmetic.h:330:0: loop not vectorized: call instruction cannot be vectorized [-Rpass-analysis=loop-vectorize]
remark: ./numeric-arithmetic.h:330:0: loop not vectorized [-Rpass-missed=loop-vectorize]
remark: ./numeric-arithmetic.h:330:0: loop not vectorized: call instruction cannot be vectorized [-Rpass-analysis=loop-vectorize]
remark: ./numeric-arithmetic.h:330:0: loop not vectorized [-Rpass-missed=loop-vectorize]
remark: ./numeric-arithmetic.h:330:0: loop not vectorized: call instruction cannot be vectorized [-Rpass-analysis=loop-vectorize]
remark: ./numeric-arithmetic.h:330:0: loop not vectorized [-Rpass-missed=loop-vectorize]
remark: ./numeric-arithmetic.h:330:0: loop not vectorized: call instruction cannot be vectorized [-Rpass-analysis=loop-vectorize]
remark: ./numeric-arithmetic.h:330:0: loop not vectorized [-Rpass-missed=loop-vectorize]
remark: ./numeric-arithmetic.h:330:0: loop not vectorized: call instruction cannot be vectorized [-Rpass-analysis=loop-vectorize]
remark: ./numeric-arithmetic.h:330:0: loop not vectorized [-Rpass-missed=loop-vectorize]
remark: ./numeric-arithmetic.h:330:0: loop not vectorized: call instruction cannot be vectorized [-Rpass-analysis=loop-vectorize]
remark: ./numeric-arithmetic.h:330:0: loop not vectorized [-Rpass-missed=loop-vectorize]
remark: ./numeric-arithmetic.h:330:0: loop not vectorized: call instruction cannot be vectorized [-Rpass-analysis=loop-vectorize]
remark: ./numeric-arithmetic.h:330:0: loop not vectorized [-Rpass-missed=loop-vectorize]
remark: ./numeric-arithmetic.h:330:0: loop not vectorized: call instruction cannot be vectorized [-Rpass-analysis=loop-vectorize]
remark: ./numeric-arithmetic.h:330:0: loop not vectorized [-Rpass-missed=loop-vectorize]
remark: ./numeric-arithmetic.h:330:0: vectorized loop (vectorization width: 8, interleaved count: 2) [-Rpass=loop-vectorize]
remark: ./numeric-arithmetic.h:330:0: vectorized loop (vectorization width: 4, interleaved count: 4) [-Rpass=loop-vectorize]
remark: ./numeric-arithmetic.h:330:0: vectorized loop (vectorization width: 8, interleaved count: 2) [-Rpass=loop-vectorize]
remark: ./numeric-arithmetic.h:330:0: vectorized loop (vectorization width: 8, interleaved count: 2) [-Rpass=loop-vectorize]
remark: ./numeric-arithmetic.h:330:0: vectorized loop (vectorization width: 8, interleaved count: 2) [-Rpass=loop-vectorize]
remark: ./numeric-arithmetic.h:330:0: vectorized loop (vectorization width: 2, interleaved count: 4) [-Rpass=loop-vectorize]
remark: ./numeric-arithmetic.h:330:0: vectorized loop (vectorization width: 8, interleaved count: 2) [-Rpass=loop-vectorize]
remark: ./numeric-arithmetic.h:330:0: vectorized loop (vectorization width: 8, interleaved count: 2) [-Rpass=loop-vectorize]
remark: ./numeric-arithmetic.h:330:0: vectorized loop (vectorization width: 8, interleaved count: 2) [-Rpass=loop-vectorize]
remark: ./numeric-arithmetic.h:330:0: vectorized loop (vectorization width: 2, interleaved count: 4) [-Rpass=loop-vectorize]
remark: ./numeric-arithmetic.h:330:0: vectorized loop (vectorization width: 8, interleaved count: 2) [-Rpass=loop-vectorize]
remark: ./numeric-arithmetic.h:330:0: vectorized loop (vectorization width: 8, interleaved count: 2) [-Rpass=loop-vectorize]
remark: ./numeric-arithmetic.h:330:0: vectorized loop (vectorization width: 8, interleaved count: 2) [-Rpass=loop-vectorize]
remark: ./numeric-arithmetic.h:330:0: vectorized loop (vectorization width: 2, interleaved count: 4) [-Rpass=loop-vectorize]
remark: ./numeric-arithmetic.h:330:0: vectorized loop (vectorization width: 8, interleaved count: 2) [-Rpass=loop-vectorize]
remark: ./numeric-arithmetic.h:330:0: vectorized loop (vectorization width: 8, interleaved count: 2) [-Rpass=loop-vectorize]
remark: ./numeric-arithmetic.h:330:0: loop not vectorized: call instruction cannot be vectorized [-Rpass-analysis=loop-vectorize]
remark: ./numeric-arithmetic.h:330:0: loop not vectorized: Cannot vectorize uncountable loop [-Rpass-analysis=loop-vectorize]
remark: ./numeric-arithmetic.h:330:0: loop not vectorized [-Rpass-missed=loop-vectorize]
remark: ./numeric-arithmetic.h:330:0: loop not vectorized: call instruction cannot be vectorized [-Rpass-analysis=loop-vectorize]
remark: ./numeric-arithmetic.h:330:0: loop not vectorized: Cannot vectorize uncountable loop [-Rpass-analysis=loop-vectorize]
remark: ./numeric-arithmetic.h:330:0: loop not vectorized [-Rpass-missed=loop-vectorize]
remark: ./numeric-arithmetic.h:330:0: loop not vectorized: call instruction cannot be vectorized [-Rpass-analysis=loop-vectorize]
remark: ./numeric-arithmetic.h:330:0: loop not vectorized: Cannot vectorize uncountable loop [-Rpass-analysis=loop-vectorize]
remark: ./numeric-arithmetic.h:330:0: loop not vectorized [-Rpass-missed=loop-vectorize]
remark: ./numeric-arithmetic.h:330:0: loop not vectorized: call instruction cannot be vectorized [-Rpass-analysis=loop-vectorize]
remark: ./numeric-arithmetic.h:330:0: loop not vectorized: Cannot vectorize uncountable loop [-Rpass-analysis=loop-vectorize]
remark: ./numeric-arithmetic.h:330:0: loop not vectorized [-Rpass-missed=loop-vectorize]
remark: ./numeric-arithmetic.h:330:0: loop not vectorized: call instruction cannot be vectorized [-Rpass-analysis=loop-vectorize]
remark: ./numeric-arithmetic.h:330:0: loop not vectorized: Cannot vectorize uncountable loop [-Rpass-analysis=loop-vectorize]
remark: ./numeric-arithmetic.h:330:0: loop not vectorized [-Rpass-missed=loop-vectorize]
remark: ./numeric-arithmetic.h:330:0: loop not vectorized: call instruction cannot be vectorized [-Rpass-analysis=loop-vectorize]
remark: ./numeric-arithmetic.h:330:0: loop not vectorized: Cannot vectorize uncountable loop [-Rpass-analysis=loop-vectorize]
remark: ./numeric-arithmetic.h:330:0: loop not vectorized [-Rpass-missed=loop-vectorize]
remark: ./numeric-arithmetic.h:330:0: loop not vectorized: call instruction cannot be vectorized [-Rpass-analysis=loop-vectorize]
remark: ./numeric-arithmetic.h:330:0: loop not vectorized: Cannot vectorize uncountable loop [-Rpass-analysis=loop-vectorize]
remark: ./numeric-arithmetic.h:330:0: loop not vectorized [-Rpass-missed=loop-vectorize]
remark: ./numeric-arithmetic.h:330:0: loop not vectorized: call instruction cannot be vectorized [-Rpass-analysis=loop-vectorize]
remark: ./numeric-arithmetic.h:330:0: loop not vectorized: Cannot vectorize uncountable loop [-Rpass-analysis=loop-vectorize]
remark: ./numeric-arithmetic.h:330:0: loop not vectorized [-Rpass-missed=loop-vectorize]
remark: ./numeric-arithmetic.h:330:0: loop not vectorized: Cannot vectorize uncountable loop [-Rpass-analysis=loop-vectorize]
remark: ./numeric-arithmetic.h:330:0: loop not vectorized [-Rpass-missed=loop-vectorize]
remark: ./numeric-arithmetic.h:330:0: loop not vectorized: Cannot vectorize uncountable loop [-Rpass-analysis=loop-vectorize]
remark: ./numeric-arithmetic.h:330:0: loop not vectorized [-Rpass-missed=loop-vectorize]
remark: ./numeric-arithmetic.h:330:0: loop not vectorized: Cannot vectorize uncountable loop [-Rpass-analysis=loop-vectorize]
remark: ./numeric-arithmetic.h:330:0: loop not vectorized [-Rpass-missed=loop-vectorize]
remark: ./numeric-arithmetic.h:330:0: loop not vectorized: Cannot vectorize uncountable loop [-Rpass-analysis=loop-vectorize]
remark: ./numeric-arithmetic.h:330:0: loop not vectorized [-Rpass-missed=loop-vectorize]
remark: ./numeric-arithmetic.h:330:0: loop not vectorized: call instruction cannot be vectorized [-Rpass-analysis=loop-vectorize]
remark: ./numeric-arithmetic.h:330:0: loop not vectorized [-Rpass-missed=loop-vectorize]
remark: ./numeric-arithmetic.h:330:0: loop not vectorized: call instruction cannot be vectorized [-Rpass-analysis=loop-vectorize]
remark: ./numeric-arithmetic.h:330:0: loop not vectorized [-Rpass-missed=loop-vectorize]
remark: ./numeric-arithmetic.h:330:0: loop not vectorized: call instruction cannot be vectorized [-Rpass-analysis=loop-vectorize]
remark: ./numeric-arithmetic.h:330:0: loop not vectorized [-Rpass-missed=loop-vectorize]
remark: ./numeric-arithmetic.h:330:0: loop not vectorized: call instruction cannot be vectorized [-Rpass-analysis=loop-vectorize]
remark: ./numeric-arithmetic.h:330:0: loop not vectorized [-Rpass-missed=loop-vectorize]
remark: ./numeric-arithmetic.h:330:0: loop not vectorized: call instruction cannot be vectorized [-Rpass-analysis=loop-vectorize]
remark: ./numeric-arithmetic.h:330:0: loop not vectorized [-Rpass-missed=loop-vectorize]
remark: ./numeric-arithmetic.h:330:0: loop not vectorized: call instruction cannot be vectorized [-Rpass-analysis=loop-vectorize]
remark: ./numeric-arithmetic.h:330:0: loop not vectorized [-Rpass-missed=loop-vectorize]
remark: ./numeric-arithmetic.h:330:0: loop not vectorized: call instruction cannot be vectorized [-Rpass-analysis=loop-vectorize]
remark: ./numeric-arithmetic.h:330:0: loop not vectorized [-Rpass-missed=loop-vectorize]
remark: ./numeric-arithmetic.h:330:0: loop not vectorized: call instruction cannot be vectorized [-Rpass-analysis=loop-vectorize]
remark: ./numeric-arithmetic.h:330:0: loop not vectorized [-Rpass-missed=loop-vectorize]
remark: ./numeric-arithmetic.h:330:0: vectorized loop (vectorization width: 8, interleaved count: 2) [-Rpass=loop-vectorize]
remark: ./numeric-arithmetic.h:330:0: vectorized loop (vectorization width: 8, interleaved count: 4) [-Rpass=loop-vectorize]
remark: ./numeric-arithmetic.h:330:0: vectorized loop (vectorization width: 8, interleaved count: 2) [-Rpass=loop-vectorize]
remark: ./numeric-arithmetic.h:330:0: vectorized loop (vectorization width: 8, interleaved count: 2) [-Rpass=loop-vectorize]
remark: ./numeric-arithmetic.h:330:0: loop not vectorized: call instruction cannot be vectorized [-Rpass-analysis=loop-vectorize]
remark: ./numeric-arithmetic.h:330:0: loop not vectorized [-Rpass-missed=loop-vectorize]
remark: ./numeric-arithmetic.h:330:0: loop not vectorized: call instruction cannot be vectorized [-Rpass-analysis=loop-vectorize]
remark: ./numeric-arithmetic.h:330:0: loop not vectorized [-Rpass-missed=loop-vectorize]
remark: ./numeric-arithmetic.h:330:0: loop not vectorized: call instruction cannot be vectorized [-Rpass-analysis=loop-vectorize]
remark: ./numeric-arithmetic.h:330:0: loop not vectorized [-Rpass-missed=loop-vectorize]
remark: ./numeric-arithmetic.h:330:0: loop not vectorized: call instruction cannot be vectorized [-Rpass-analysis=loop-vectorize]
remark: ./numeric-arithmetic.h:330:0: loop not vectorized [-Rpass-missed=loop-vectorize]
remark: ./numeric-arithmetic.h:330:0: loop not vectorized: call instruction cannot be vectorized [-Rpass-analysis=loop-vectorize]
remark: ./numeric-arithmetic.h:330:0: loop not vectorized [-Rpass-missed=loop-vectorize]
remark: ./numeric-arithmetic.h:330:0: loop not vectorized: call instruction cannot be vectorized [-Rpass-analysis=loop-vectorize]
remark: ./numeric-arithmetic.h:330:0: loop not vectorized [-Rpass-missed=loop-vectorize]
remark: ./numeric-arithmetic.h:330:0: loop not vectorized: call instruction cannot be vectorized [-Rpass-analysis=loop-vectorize]
remark: ./numeric-arithmetic.h:330:0: loop not vectorized [-Rpass-missed=loop-vectorize]
remark: ./numeric-arithmetic.h:330:0: loop not vectorized: call instruction cannot be vectorized [-Rpass-analysis=loop-vectorize]
remark: ./numeric-arithmetic.h:330:0: loop not vectorized [-Rpass-missed=loop-vectorize]
remark: ./numeric-arithmetic.h:330:0: vectorized loop (vectorization width: 8, interleaved count: 2) [-Rpass=loop-vectorize]
remark: ./numeric-arithmetic.h:330:0: vectorized loop (vectorization width: 4, interleaved count: 4) [-Rpass=loop-vectorize]
remark: ./numeric-arithmetic.h:330:0: vectorized loop (vectorization width: 8, interleaved count: 2) [-Rpass=loop-vectorize]
remark: ./numeric-arithmetic.h:330:0: vectorized loop (vectorization width: 8, interleaved count: 2) [-Rpass=loop-vectorize]
remark: ./numeric-arithmetic.h:330:0: loop not vectorized: call instruction cannot be vectorized [-Rpass-analysis=loop-vectorize]
remark: ./numeric-arithmetic.h:330:0: loop not vectorized [-Rpass-missed=loop-vectorize]
remark: ./numeric-arithmetic.h:330:0: loop not vectorized: call instruction cannot be vectorized [-Rpass-analysis=loop-vectorize]
remark: ./numeric-arithmetic.h:330:0: loop not vectorized [-Rpass-missed=loop-vectorize]
remark: ./numeric-arithmetic.h:330:0: loop not vectorized: call instruction cannot be vectorized [-Rpass-analysis=loop-vectorize]
remark: ./numeric-arithmetic.h:330:0: loop not vectorized [-Rpass-missed=loop-vectorize]
remark: ./numeric-arithmetic.h:330:0: loop not vectorized: call instruction cannot be vectorized [-Rpass-analysis=loop-vectorize]
remark: ./numeric-arithmetic.h:330:0: loop not vectorized [-Rpass-missed=loop-vectorize]
remark: ./numeric-arithmetic.h:330:0: loop not vectorized: call instruction cannot be vectorized [-Rpass-analysis=loop-vectorize]
remark: ./numeric-arithmetic.h:330:0: loop not vectorized [-Rpass-missed=loop-vectorize]
remark: ./numeric-arithmetic.h:330:0: loop not vectorized: call instruction cannot be vectorized [-Rpass-analysis=loop-vectorize]
remark: ./numeric-arithmetic.h:330:0: loop not vectorized [-Rpass-missed=loop-vectorize]
remark: ./numeric-arithmetic.h:330:0: loop not vectorized: call instruction cannot be vectorized [-Rpass-analysis=loop-vectorize]
remark: ./numeric-arithmetic.h:330:0: loop not vectorized [-Rpass-missed=loop-vectorize]
remark: ./numeric-arithmetic.h:330:0: loop not vectorized: call instruction cannot be vectorized [-Rpass-analysis=loop-vectorize]
remark: ./numeric-arithmetic.h:330:0: loop not vectorized [-Rpass-missed=loop-vectorize]
remark: ./numeric-arithmetic.h:330:0: vectorized loop (vectorization width: 8, interleaved count: 2) [-Rpass=loop-vectorize]
remark: ./numeric-arithmetic.h:330:0: vectorized loop (vectorization width: 4, interleaved count: 4) [-Rpass=loop-vectorize]
remark: ./numeric-arithmetic.h:330:0: vectorized loop (vectorization width: 8, interleaved count: 2) [-Rpass=loop-vectorize]
remark: ./numeric-arithmetic.h:330:0: vectorized loop (vectorization width: 8, interleaved count: 2) [-Rpass=loop-vectorize]
remark: ./numeric-arithmetic.h:330:0: vectorized loop (vectorization width: 8, interleaved count: 2) [-Rpass=loop-vectorize]
remark: ./numeric-arithmetic.h:330:0: vectorized loop (vectorization width: 2, interleaved count: 4) [-Rpass=loop-vectorize]
remark: ./numeric-arithmetic.h:330:0: vectorized loop (vectorization width: 8, interleaved count: 2) [-Rpass=loop-vectorize]
remark: ./numeric-arithmetic.h:330:0: vectorized loop (vectorization width: 8, interleaved count: 2) [-Rpass=loop-vectorize]
remark: ./numeric-arithmetic.h:330:0: vectorized loop (vectorization width: 8, interleaved count: 2) [-Rpass=loop-vectorize]
remark: ./numeric-arithmetic.h:330:0: vectorized loop (vectorization width: 2, interleaved count: 4) [-Rpass=loop-vectorize]
remark: ./numeric-arithmetic.h:330:0: vectorized loop (vectorization width: 8, interleaved count: 2) [-Rpass=loop-vectorize]
remark: ./numeric-arithmetic.h:330:0: vectorized loop (vectorization width: 8, interleaved count: 2) [-Rpass=loop-vectorize]
remark: ./numeric-arithmetic.h:330:0: vectorized loop (vectorization width: 8, interleaved count: 2) [-Rpass=loop-vectorize]
remark: ./numeric-arithmetic.h:330:0: vectorized loop (vectorization width: 2, interleaved count: 4) [-Rpass=loop-vectorize]
remark: ./numeric-arithmetic.h:330:0: vectorized loop (vectorization width: 8, interleaved count: 2) [-Rpass=loop-vectorize]
remark: ./numeric-arithmetic.h:330:0: vectorized loop (vectorization width: 8, interleaved count: 2) [-Rpass=loop-vectorize]
remark: ./numeric-arithmetic.h:331:5723: loop not vectorized: call instruction cannot be vectorized [-Rpass-analysis=loop-vectorize]
remark: ./numeric-arithmetic.h:331:4954: loop not vectorized: Cannot vectorize uncountable loop [-Rpass-analysis=loop-vectorize]
remark: ./numeric-arithmetic.h:331:4954: loop not vectorized [-Rpass-missed=loop-vectorize]
remark: ./numeric-arithmetic.h:331:4798: loop not vectorized: call instruction cannot be vectorized [-Rpass-analysis=loop-vectorize]
remark: ./numeric-arithmetic.h:331:4029: loop not vectorized: Cannot vectorize uncountable loop [-Rpass-analysis=loop-vectorize]
remark: ./numeric-arithmetic.h:331:4029: loop not vectorized [-Rpass-missed=loop-vectorize]
remark: ./numeric-arithmetic.h:331:7589: loop not vectorized: call instruction cannot be vectorized [-Rpass-analysis=loop-vectorize]
remark: ./numeric-arithmetic.h:331:6820: loop not vectorized: Cannot vectorize uncountable loop [-Rpass-analysis=loop-vectorize]
remark: ./numeric-arithmetic.h:331:6820: loop not vectorized [-Rpass-missed=loop-vectorize]
remark: ./numeric-arithmetic.h:331:6664: loop not vectorized: call instruction cannot be vectorized [-Rpass-analysis=loop-vectorize]
remark: ./numeric-arithmetic.h:331:5895: loop not vectorized: Cannot vectorize uncountable loop [-Rpass-analysis=loop-vectorize]
remark: ./numeric-arithmetic.h:331:5895: loop not vectorized [-Rpass-missed=loop-vectorize]
remark: ./numeric-arithmetic.h:331:9497: loop not vectorized: call instruction cannot be vectorized [-Rpass-analysis=loop-vectorize]
remark: ./numeric-arithmetic.h:331:8728: loop not vectorized: Cannot vectorize uncountable loop [-Rpass-analysis=loop-vectorize]
remark: ./numeric-arithmetic.h:331:8728: loop not vectorized [-Rpass-missed=loop-vectorize]
remark: ./numeric-arithmetic.h:331:8572: loop not vectorized: call instruction cannot be vectorized [-Rpass-analysis=loop-vectorize]
remark: ./numeric-arithmetic.h:331:7803: loop not vectorized: Cannot vectorize uncountable loop [-Rpass-analysis=loop-vectorize]
remark: ./numeric-arithmetic.h:331:7803: loop not vectorized [-Rpass-missed=loop-vectorize]
remark: ./numeric-arithmetic.h:331:11363: loop not vectorized: call instruction cannot be vectorized [-Rpass-analysis=loop-vectorize]
remark: ./numeric-arithmetic.h:331:10594: loop not vectorized: Cannot vectorize uncountable loop [-Rpass-analysis=loop-vectorize]
remark: ./numeric-arithmetic.h:331:10594: loop not vectorized [-Rpass-missed=loop-vectorize]
remark: ./numeric-arithmetic.h:331:10438: loop not vectorized: call instruction cannot be vectorized [-Rpass-analysis=loop-vectorize]
remark: ./numeric-arithmetic.h:331:9669: loop not vectorized: Cannot vectorize uncountable loop [-Rpass-analysis=loop-vectorize]
remark: ./numeric-arithmetic.h:331:9669: loop not vectorized [-Rpass-missed=loop-vectorize]
remark: ./numeric-arithmetic.h:331:1159: loop not vectorized: Cannot vectorize uncountable loop [-Rpass-analysis=loop-vectorize]
remark: ./numeric-arithmetic.h:331:1159: loop not vectorized [-Rpass-missed=loop-vectorize]
remark: ./numeric-arithmetic.h:331:234: loop not vectorized: Cannot vectorize uncountable loop [-Rpass-analysis=loop-vectorize]
remark: ./numeric-arithmetic.h:331:234: loop not vectorized [-Rpass-missed=loop-vectorize]
remark: ./numeric-arithmetic.h:331:3025: loop not vectorized: Cannot vectorize uncountable loop [-Rpass-analysis=loop-vectorize]
remark: ./numeric-arithmetic.h:331:3025: loop not vectorized [-Rpass-missed=loop-vectorize]
remark: ./numeric-arithmetic.h:331:2100: loop not vectorized: Cannot vectorize uncountable loop [-Rpass-analysis=loop-vectorize]
remark: ./numeric-arithmetic.h:331:2100: loop not vectorized [-Rpass-missed=loop-vectorize]
remark: ./numeric-arithmetic.h:331:17166: loop not vectorized: call instruction cannot be vectorized [-Rpass-analysis=loop-vectorize]
remark: ./numeric-arithmetic.h:331:16388: loop not vectorized [-Rpass-missed=loop-vectorize]
remark: ./numeric-arithmetic.h:331:16230: loop not vectorized: call instruction cannot be vectorized [-Rpass-analysis=loop-vectorize]
remark: ./numeric-arithmetic.h:331:15452: loop not vectorized [-Rpass-missed=loop-vectorize]
remark: ./numeric-arithmetic.h:331:19054: loop not vectorized: call instruction cannot be vectorized [-Rpass-analysis=loop-vectorize]
remark: ./numeric-arithmetic.h:331:18276: loop not vectorized [-Rpass-missed=loop-vectorize]
remark: ./numeric-arithmetic.h:331:18118: loop not vectorized: call instruction cannot be vectorized [-Rpass-analysis=loop-vectorize]
remark: ./numeric-arithmetic.h:331:17340: loop not vectorized [-Rpass-missed=loop-vectorize]
remark: ./numeric-arithmetic.h:331:20984: loop not vectorized: call instruction cannot be vectorized [-Rpass-analysis=loop-vectorize]
remark: ./numeric-arithmetic.h:331:20206: loop not vectorized [-Rpass-missed=loop-vectorize]
remark: ./numeric-arithmetic.h:331:20048: loop not vectorized: call instruction cannot be vectorized [-Rpass-analysis=loop-vectorize]
remark: ./numeric-arithmetic.h:331:19270: loop not vectorized [-Rpass-missed=loop-vectorize]
remark: ./numeric-arithmetic.h:331:22872: loop not vectorized: call instruction cannot be vectorized [-Rpass-analysis=loop-vectorize]
remark: ./numeric-arithmetic.h:331:22094: loop not vectorized [-Rpass-missed=loop-vectorize]
remark: ./numeric-arithmetic.h:331:21936: loop not vectorized: call instruction cannot be vectorized [-Rpass-analysis=loop-vectorize]
remark: ./numeric-arithmetic.h:331:21158: loop not vectorized [-Rpass-missed=loop-vectorize]
remark: ./numeric-arithmetic.h:331:12549: vectorized loop (vectorization width: 8, interleaved count: 2) [-Rpass=loop-vectorize]
remark: ./numeric-arithmetic.h:331:11613: vectorized loop (vectorization width: 8, interleaved count: 4) [-Rpass=loop-vectorize]
remark: ./numeric-arithmetic.h:331:14437: vectorized loop (vectorization width: 8, interleaved count: 2) [-Rpass=loop-vectorize]
remark: ./numeric-arithmetic.h:331:13501: vectorized loop (vectorization width: 8, interleaved count: 2) [-Rpass=loop-vectorize]
remark: ./numeric-arithmetic.h:331:28802: loop not vectorized: call instruction cannot be vectorized [-Rpass-analysis=loop-vectorize]
remark: ./numeric-arithmetic.h:331:28003: loop not vectorized [-Rpass-missed=loop-vectorize]
remark: ./numeric-arithmetic.h:331:27845: loop not vectorized: call instruction cannot be vectorized [-Rpass-analysis=loop-vectorize]
remark: ./numeric-arithmetic.h:331:27046: loop not vectorized [-Rpass-missed=loop-vectorize]
remark: ./numeric-arithmetic.h:331:30732: loop not vectorized: call instruction cannot be vectorized [-Rpass-analysis=loop-vectorize]
remark: ./numeric-arithmetic.h:331:29933: loop not vectorized [-Rpass-missed=loop-vectorize]
remark: ./numeric-arithmetic.h:331:29775: loop not vectorized: call instruction cannot be vectorized [-Rpass-analysis=loop-vectorize]
remark: ./numeric-arithmetic.h:331:28976: loop not vectorized [-Rpass-missed=loop-vectorize]
remark: ./numeric-arithmetic.h:331:32704: loop not vectorized: call instruction cannot be vectorized [-Rpass-analysis=loop-vectorize]
remark: ./numeric-arithmetic.h:331:31905: loop not vectorized [-Rpass-missed=loop-vectorize]
remark: ./numeric-arithmetic.h:331:31747: loop not vectorized: call instruction cannot be vectorized [-Rpass-analysis=loop-vectorize]
remark: ./numeric-arithmetic.h:331:30948: loop not vectorized [-Rpass-missed=loop-vectorize]
remark: ./numeric-arithmetic.h:331:34634: loop not vectorized: call instruction cannot be vectorized [-Rpass-analysis=loop-vectorize]
remark: ./numeric-arithmetic.h:331:33835: loop not vectorized [-Rpass-missed=loop-vectorize]
remark: ./numeric-arithmetic.h:331:33677: loop not vectorized: call instruction cannot be vectorized [-Rpass-analysis=loop-vectorize]
remark: ./numeric-arithmetic.h:331:32878: loop not vectorized [-Rpass-missed=loop-vectorize]
remark: ./numeric-arithmetic.h:331:24080: vectorized loop (vectorization width: 4, interleaved count: 4) [-Rpass=loop-vectorize]
remark: ./numeric-arithmetic.h:331:23123: vectorized loop (vectorization width: 4, interleaved count: 4) [-Rpass=loop-vectorize]
remark: ./numeric-arithmetic.h:331:26010: vectorized loop (vectorization width: 4, interleaved count: 4) [-Rpass=loop-vectorize]
remark: ./numeric-arithmetic.h:331:25053: vectorized loop (vectorization width: 4, interleaved count: 4) [-Rpass=loop-vectorize]
remark: ./numeric-arithmetic.h:331:40121: loop not vectorized: call instruction cannot be vectorized [-Rpass-analysis=loop-vectorize]
remark: ./numeric-arithmetic.h:331:39392: loop not vectorized [-Rpass-missed=loop-vectorize]
remark: ./numeric-arithmetic.h:331:39238: loop not vectorized: call instruction cannot be vectorized [-Rpass-analysis=loop-vectorize]
remark: ./numeric-arithmetic.h:331:38509: loop not vectorized [-Rpass-missed=loop-vectorize]
remark: ./numeric-arithmetic.h:331:41903: loop not vectorized: call instruction cannot be vectorized [-Rpass-analysis=loop-vectorize]
remark: ./numeric-arithmetic.h:331:41174: loop not vectorized [-Rpass-missed=loop-vectorize]
remark: ./numeric-arithmetic.h:331:41020: loop not vectorized: call instruction cannot be vectorized [-Rpass-analysis=loop-vectorize]
remark: ./numeric-arithmetic.h:331:40291: loop not vectorized [-Rpass-missed=loop-vectorize]
remark: ./numeric-arithmetic.h:331:43727: loop not vectorized: call instruction cannot be vectorized [-Rpass-analysis=loop-vectorize]
remark: ./numeric-arithmetic.h:331:42998: loop not vectorized [-Rpass-missed=loop-vectorize]
remark: ./numeric-arithmetic.h:331:42844: loop not vectorized: call instruction cannot be vectorized [-Rpass-analysis=loop-vectorize]
remark: ./numeric-arithmetic.h:331:42115: loop not vectorized [-Rpass-missed=loop-vectorize]
remark: ./numeric-arithmetic.h:331:45509: loop not vectorized: call instruction cannot be vectorized [-Rpass-analysis=loop-vectorize]
remark: ./numeric-arithmetic.h:331:44780: loop not vectorized [-Rpass-missed=loop-vectorize]
remark: ./numeric-arithmetic.h:331:44626: loop not vectorized: call instruction cannot be vectorized [-Rpass-analysis=loop-vectorize]
remark: ./numeric-arithmetic.h:331:43897: loop not vectorized [-Rpass-missed=loop-vectorize]
remark: ./numeric-arithmetic.h:331:35765: vectorized loop (vectorization width: 4, interleaved count: 4) [-Rpass=loop-vectorize]
remark: ./numeric-arithmetic.h:331:34882: vectorized loop (vectorization width: 4, interleaved count: 4) [-Rpass=loop-vectorize]
remark: ./numeric-arithmetic.h:331:37547: vectorized loop (vectorization width: 4, interleaved count: 4) [-Rpass=loop-vectorize]
remark: ./numeric-arithmetic.h:331:36664: vectorized loop (vectorization width: 4, interleaved count: 4) [-Rpass=loop-vectorize]
remark: ./numeric-arithmetic.h:331:50170: vectorized loop (vectorization width: 4, interleaved count: 4) [-Rpass=loop-vectorize]
remark: ./numeric-arithmetic.h:331:49307: vectorized loop (vectorization width: 2, interleaved count: 4) [-Rpass=loop-vectorize]
remark: ./numeric-arithmetic.h:331:51912: vectorized loop (vectorization width: 4, interleaved count: 4) [-Rpass=loop-vectorize]
remark: ./numeric-arithmetic.h:331:51049: vectorized loop (vectorization width: 4, interleaved count: 4) [-Rpass=loop-vectorize]
remark: ./numeric-arithmetic.h:331:53696: vectorized loop (vectorization width: 4, interleaved count: 4) [-Rpass=loop-vectorize]
remark: ./numeric-arithmetic.h:331:52833: vectorized loop (vectorization width: 2, interleaved count: 4) [-Rpass=loop-vectorize]
remark: ./numeric-arithmetic.h:331:55438: vectorized loop (vectorization width: 4, interleaved count: 4) [-Rpass=loop-vectorize]
remark: ./numeric-arithmetic.h:331:54575: vectorized loop (vectorization width: 4, interleaved count: 4) [-Rpass=loop-vectorize]
remark: ./numeric-arithmetic.h:331:46623: vectorized loop (vectorization width: 4, interleaved count: 4) [-Rpass=loop-vectorize]
remark: ./numeric-arithmetic.h:331:45760: vectorized loop (vectorization width: 2, interleaved count: 4) [-Rpass=loop-vectorize]
remark: ./numeric-arithmetic.h:331:48365: vectorized loop (vectorization width: 4, interleaved count: 4) [-Rpass=loop-vectorize]
remark: ./numeric-arithmetic.h:331:47502: vectorized loop (vectorization width: 4, interleaved count: 4) [-Rpass=loop-vectorize]
remark: ./numeric-arithmetic.h:331:61927: loop not vectorized: call instruction cannot be vectorized [-Rpass-analysis=loop-vectorize]
remark: ./numeric-arithmetic.h:331:61158: loop not vectorized: Cannot vectorize uncountable loop [-Rpass-analysis=loop-vectorize]
remark: ./numeric-arithmetic.h:331:61158: loop not vectorized [-Rpass-missed=loop-vectorize]
remark: ./numeric-arithmetic.h:331:61002: loop not vectorized: call instruction cannot be vectorized [-Rpass-analysis=loop-vectorize]
remark: ./numeric-arithmetic.h:331:60233: loop not vectorized: Cannot vectorize uncountable loop [-Rpass-analysis=loop-vectorize]
remark: ./numeric-arithmetic.h:331:60233: loop not vectorized [-Rpass-missed=loop-vectorize]
remark: ./numeric-arithmetic.h:331:63793: loop not vectorized: call instruction cannot be vectorized [-Rpass-analysis=loop-vectorize]
remark: ./numeric-arithmetic.h:331:63024: loop not vectorized: Cannot vectorize uncountable loop [-Rpass-analysis=loop-vectorize]
remark: ./numeric-arithmetic.h:331:63024: loop not vectorized [-Rpass-missed=loop-vectorize]
remark: ./numeric-arithmetic.h:331:62868: loop not vectorized: call instruction cannot be vectorized [-Rpass-analysis=loop-vectorize]
remark: ./numeric-arithmetic.h:331:62099: loop not vectorized: Cannot vectorize uncountable loop [-Rpass-analysis=loop-vectorize]
remark: ./numeric-arithmetic.h:331:62099: loop not vectorized [-Rpass-missed=loop-vectorize]
remark: ./numeric-arithmetic.h:331:0: loop not vectorized: call instruction cannot be vectorized [-Rpass-analysis=loop-vectorize]
remark: ./numeric-arithmetic.h:331:64932: loop not vectorized: Cannot vectorize uncountable loop [-Rpass-analysis=loop-vectorize]
remark: ./numeric-arithmetic.h:331:64932: loop not vectorized [-Rpass-missed=loop-vectorize]
remark: ./numeric-arithmetic.h:331:64776: loop not vectorized: call instruction cannot be vectorized [-Rpass-analysis=loop-vectorize]
remark: ./numeric-arithmetic.h:331:64007: loop not vectorized: Cannot vectorize uncountable loop [-Rpass-analysis=loop-vectorize]
remark: ./numeric-arithmetic.h:331:64007: loop not vectorized [-Rpass-missed=loop-vectorize]
remark: ./numeric-arithmetic.h:331:0: loop not vectorized: call instruction cannot be vectorized [-Rpass-analysis=loop-vectorize]
remark: ./numeric-arithmetic.h:331:0: loop not vectorized: Cannot vectorize uncountable loop [-Rpass-analysis=loop-vectorize]
remark: ./numeric-arithmetic.h:331:0: loop not vectorized [-Rpass-missed=loop-vectorize]
remark: ./numeric-arithmetic.h:331:0: loop not vectorized: call instruction cannot be vectorized [-Rpass-analysis=loop-vectorize]
remark: ./numeric-arithmetic.h:331:0: loop not vectorized: Cannot vectorize uncountable loop [-Rpass-analysis=loop-vectorize]
remark: ./numeric-arithmetic.h:331:0: loop not vectorized [-Rpass-missed=loop-vectorize]
remark: ./numeric-arithmetic.h:331:57363: loop not vectorized: Cannot vectorize uncountable loop [-Rpass-analysis=loop-vectorize]
remark: ./numeric-arithmetic.h:331:57363: loop not vectorized [-Rpass-missed=loop-vectorize]
remark: ./numeric-arithmetic.h:331:56438: loop not vectorized: Cannot vectorize uncountable loop [-Rpass-analysis=loop-vectorize]
remark: ./numeric-arithmetic.h:331:56438: loop not vectorized [-Rpass-missed=loop-vectorize]
remark: ./numeric-arithmetic.h:331:59229: loop not vectorized: Cannot vectorize uncountable loop [-Rpass-analysis=loop-vectorize]
remark: ./numeric-arithmetic.h:331:59229: loop not vectorized [-Rpass-missed=loop-vectorize]
remark: ./numeric-arithmetic.h:331:58304: loop not vectorized: Cannot vectorize uncountable loop [-Rpass-analysis=loop-vectorize]
remark: ./numeric-arithmetic.h:331:58304: loop not vectorized [-Rpass-missed=loop-vectorize]
remark: ./numeric-arithmetic.h:331:0: loop not vectorized: call instruction cannot be vectorized [-Rpass-analysis=loop-vectorize]
remark: ./numeric-arithmetic.h:331:0: loop not vectorized [-Rpass-missed=loop-vectorize]
remark: ./numeric-arithmetic.h:331:0: loop not vectorized: call instruction cannot be vectorized [-Rpass-analysis=loop-vectorize]
remark: ./numeric-arithmetic.h:331:0: loop not vectorized [-Rpass-missed=loop-vectorize]
remark: ./numeric-arithmetic.h:331:0: loop not vectorized: call instruction cannot be vectorized [-Rpass-analysis=loop-vectorize]
remark: ./numeric-arithmetic.h:331:0: loop not vectorized [-Rpass-missed=loop-vectorize]
remark: ./numeric-arithmetic.h:331:0: loop not vectorized: call instruction cannot be vectorized [-Rpass-analysis=loop-vectorize]
remark: ./numeric-arithmetic.h:331:0: loop not vectorized [-Rpass-missed=loop-vectorize]
remark: ./numeric-arithmetic.h:331:0: loop not vectorized: call instruction cannot be vectorized [-Rpass-analysis=loop-vectorize]
remark: ./numeric-arithmetic.h:331:0: loop not vectorized [-Rpass-missed=loop-vectorize]
remark: ./numeric-arithmetic.h:331:0: loop not vectorized: call instruction cannot be vectorized [-Rpass-analysis=loop-vectorize]
remark: ./numeric-arithmetic.h:331:0: loop not vectorized [-Rpass-missed=loop-vectorize]
remark: ./numeric-arithmetic.h:331:0: loop not vectorized: call instruction cannot be vectorized [-Rpass-analysis=loop-vectorize]
remark: ./numeric-arithmetic.h:331:0: loop not vectorized [-Rpass-missed=loop-vectorize]
remark: ./numeric-arithmetic.h:331:0: loop not vectorized: call instruction cannot be vectorized [-Rpass-analysis=loop-vectorize]
remark: ./numeric-arithmetic.h:331:0: loop not vectorized [-Rpass-missed=loop-vectorize]
remark: ./numeric-arithmetic.h:331:0: vectorized loop (vectorization width: 8, interleaved count: 2) [-Rpass=loop-vectorize]
remark: ./numeric-arithmetic.h:331:0: vectorized loop (vectorization width: 8, interleaved count: 4) [-Rpass=loop-vectorize]
remark: ./numeric-arithmetic.h:331:0: vectorized loop (vectorization width: 8, interleaved count: 2) [-Rpass=loop-vectorize]
remark: ./numeric-arithmetic.h:331:0: vectorized loop (vectorization width: 8, interleaved count: 2) [-Rpass=loop-vectorize]
remark: ./numeric-arithmetic.h:331:0: loop not vectorized: call instruction cannot be vectorized [-Rpass-analysis=loop-vectorize]
remark: ./numeric-arithmetic.h:331:0: loop not vectorized [-Rpass-missed=loop-vectorize]
remark: ./numeric-arithmetic.h:331:0: loop not vectorized: call instruction cannot be vectorized [-Rpass-analysis=loop-vectorize]
remark: ./numeric-arithmetic.h:331:0: loop not vectorized [-Rpass-missed=loop-vectorize]
remark: ./numeric-arithmetic.h:331:0: loop not vectorized: call instruction cannot be vectorized [-Rpass-analysis=loop-vectorize]
remark: ./numeric-arithmetic.h:331:0: loop not vectorized [-Rpass-missed=loop-vectorize]
remark: ./numeric-arithmetic.h:331:0: loop not vectorized: call instruction cannot be vectorized [-Rpass-analysis=loop-vectorize]
remark: ./numeric-arithmetic.h:331:0: loop not vectorized [-Rpass-missed=loop-vectorize]
remark: ./numeric-arithmetic.h:331:0: loop not vectorized: call instruction cannot be vectorized [-Rpass-analysis=loop-vectorize]
remark: ./numeric-arithmetic.h:331:0: loop not vectorized [-Rpass-missed=loop-vectorize]
remark: ./numeric-arithmetic.h:331:0: loop not vectorized: call instruction cannot be vectorized [-Rpass-analysis=loop-vectorize]
remark: ./numeric-arithmetic.h:331:0: loop not vectorized [-Rpass-missed=loop-vectorize]
remark: ./numeric-arithmetic.h:331:0: loop not vectorized: call instruction cannot be vectorized [-Rpass-analysis=loop-vectorize]
remark: ./numeric-arithmetic.h:331:0: loop not vectorized [-Rpass-missed=loop-vectorize]
remark: ./numeric-arithmetic.h:331:0: loop not vectorized: call instruction cannot be vectorized [-Rpass-analysis=loop-vectorize]
remark: ./numeric-arithmetic.h:331:0: loop not vectorized [-Rpass-missed=loop-vectorize]
remark: ./numeric-arithmetic.h:331:0: vectorized loop (vectorization width: 4, interleaved count: 4) [-Rpass=loop-vectorize]
remark: ./numeric-arithmetic.h:331:0: vectorized loop (vectorization width: 4, interleaved count: 4) [-Rpass=loop-vectorize]
remark: ./numeric-arithmetic.h:331:0: vectorized loop (vectorization width: 4, interleaved count: 4) [-Rpass=loop-vectorize]
remark: ./numeric-arithmetic.h:331:0: vectorized loop (vectorization width: 4, interleaved count: 4) [-Rpass=loop-vectorize]
remark: ./numeric-arithmetic.h:331:0: loop not vectorized: call instruction cannot be vectorized [-Rpass-analysis=loop-vectorize]
remark: ./numeric-arithmetic.h:331:0: loop not vectorized [-Rpass-missed=loop-vectorize]
remark: ./numeric-arithmetic.h:331:0: loop not vectorized: call instruction cannot be vectorized [-Rpass-analysis=loop-vectorize]
remark: ./numeric-arithmetic.h:331:0: loop not vectorized [-Rpass-missed=loop-vectorize]
remark: ./numeric-arithmetic.h:331:0: loop not vectorized: call instruction cannot be vectorized [-Rpass-analysis=loop-vectorize]
remark: ./numeric-arithmetic.h:331:0: loop not vectorized [-Rpass-missed=loop-vectorize]
remark: ./numeric-arithmetic.h:331:0: loop not vectorized: call instruction cannot be vectorized [-Rpass-analysis=loop-vectorize]
remark: ./numeric-arithmetic.h:331:0: loop not vectorized [-Rpass-missed=loop-vectorize]
remark: ./numeric-arithmetic.h:331:0: loop not vectorized: call instruction cannot be vectorized [-Rpass-analysis=loop-vectorize]
remark: ./numeric-arithmetic.h:331:0: loop not vectorized [-Rpass-missed=loop-vectorize]
remark: ./numeric-arithmetic.h:331:0: loop not vectorized: call instruction cannot be vectorized [-Rpass-analysis=loop-vectorize]
remark: ./numeric-arithmetic.h:331:0: loop not vectorized [-Rpass-missed=loop-vectorize]
remark: ./numeric-arithmetic.h:331:0: loop not vectorized: call instruction cannot be vectorized [-Rpass-analysis=loop-vectorize]
remark: ./numeric-arithmetic.h:331:0: loop not vectorized [-Rpass-missed=loop-vectorize]
remark: ./numeric-arithmetic.h:331:0: loop not vectorized: call instruction cannot be vectorized [-Rpass-analysis=loop-vectorize]
remark: ./numeric-arithmetic.h:331:0: loop not vectorized [-Rpass-missed=loop-vectorize]
remark: ./numeric-arithmetic.h:331:0: vectorized loop (vectorization width: 4, interleaved count: 4) [-Rpass=loop-vectorize]
remark: ./numeric-arithmetic.h:331:0: vectorized loop (vectorization width: 4, interleaved count: 4) [-Rpass=loop-vectorize]
remark: ./numeric-arithmetic.h:331:0: vectorized loop (vectorization width: 4, interleaved count: 4) [-Rpass=loop-vectorize]
remark: ./numeric-arithmetic.h:331:0: vectorized loop (vectorization width: 4, interleaved count: 4) [-Rpass=loop-vectorize]
remark: ./numeric-arithmetic.h:331:0: vectorized loop (vectorization width: 4, interleaved count: 4) [-Rpass=loop-vectorize]
remark: ./numeric-arithmetic.h:331:0: vectorized loop (vectorization width: 2, interleaved count: 4) [-Rpass=loop-vectorize]
remark: ./numeric-arithmetic.h:331:0: vectorized loop (vectorization width: 4, interleaved count: 4) [-Rpass=loop-vectorize]
remark: ./numeric-arithmetic.h:331:0: vectorized loop (vectorization width: 4, interleaved count: 4) [-Rpass=loop-vectorize]
remark: ./numeric-arithmetic.h:331:0: vectorized loop (vectorization width: 4, interleaved count: 4) [-Rpass=loop-vectorize]
remark: ./numeric-arithmetic.h:331:0: vectorized loop (vectorization width: 2, interleaved count: 4) [-Rpass=loop-vectorize]
remark: ./numeric-arithmetic.h:331:0: vectorized loop (vectorization width: 4, interleaved count: 4) [-Rpass=loop-vectorize]
remark: ./numeric-arithmetic.h:331:0: vectorized loop (vectorization width: 4, interleaved count: 4) [-Rpass=loop-vectorize]
remark: ./numeric-arithmetic.h:331:0: vectorized loop (vectorization width: 4, interleaved count: 4) [-Rpass=loop-vectorize]
remark: ./numeric-arithmetic.h:331:0: vectorized loop (vectorization width: 2, interleaved count: 4) [-Rpass=loop-vectorize]
remark: ./numeric-arithmetic.h:331:0: vectorized loop (vectorization width: 4, interleaved count: 4) [-Rpass=loop-vectorize]
remark: ./numeric-arithmetic.h:331:0: vectorized loop (vectorization width: 4, interleaved count: 4) [-Rpass=loop-vectorize]
remark: ./numeric-arithmetic.h:331:0: loop not vectorized: call instruction cannot be vectorized [-Rpass-analysis=loop-vectorize]
remark: ./numeric-arithmetic.h:331:0: loop not vectorized: Cannot vectorize uncountable loop [-Rpass-analysis=loop-vectorize]
remark: ./numeric-arithmetic.h:331:0: loop not vectorized [-Rpass-missed=loop-vectorize]
remark: ./numeric-arithmetic.h:331:0: loop not vectorized: call instruction cannot be vectorized [-Rpass-analysis=loop-vectorize]
remark: ./numeric-arithmetic.h:331:0: loop not vectorized: Cannot vectorize uncountable loop [-Rpass-analysis=loop-vectorize]
remark: ./numeric-arithmetic.h:331:0: loop not vectorized [-Rpass-missed=loop-vectorize]
remark: ./numeric-arithmetic.h:331:0: loop not vectorized: call instruction cannot be vectorized [-Rpass-analysis=loop-vectorize]
remark: ./numeric-arithmetic.h:331:0: loop not vectorized: Cannot vectorize uncountable loop [-Rpass-analysis=loop-vectorize]
remark: ./numeric-arithmetic.h:331:0: loop not vectorized [-Rpass-missed=loop-vectorize]
remark: ./numeric-arithmetic.h:331:0: loop not vectorized: call instruction cannot be vectorized [-Rpass-analysis=loop-vectorize]
remark: ./numeric-arithmetic.h:331:0: loop not vectorized: Cannot vectorize uncountable loop [-Rpass-analysis=loop-vectorize]
remark: ./numeric-arithmetic.h:331:0: loop not vectorized [-Rpass-missed=loop-vectorize]
remark: ./numeric-arithmetic.h:331:0: loop not vectorized: call instruction cannot be vectorized [-Rpass-analysis=loop-vectorize]
remark: ./numeric-arithmetic.h:331:0: loop not vectorized: Cannot vectorize uncountable loop [-Rpass-analysis=loop-vectorize]
remark: ./numeric-arithmetic.h:331:0: loop not vectorized [-Rpass-missed=loop-vectorize]
remark: ./numeric-arithmetic.h:331:0: loop not vectorized: call instruction cannot be vectorized [-Rpass-analysis=loop-vectorize]
remark: ./numeric-arithmetic.h:331:0: loop not vectorized: Cannot vectorize uncountable loop [-Rpass-analysis=loop-vectorize]
remark: ./numeric-arithmetic.h:331:0: loop not vectorized [-Rpass-missed=loop-vectorize]
remark: ./numeric-arithmetic.h:331:0: loop not vectorized: call instruction cannot be vectorized [-Rpass-analysis=loop-vectorize]
remark: ./numeric-arithmetic.h:331:0: loop not vectorized: Cannot vectorize uncountable loop [-Rpass-analysis=loop-vectorize]
remark: ./numeric-arithmetic.h:331:0: loop not vectorized [-Rpass-missed=loop-vectorize]
remark: ./numeric-arithmetic.h:331:0: loop not vectorized: call instruction cannot be vectorized [-Rpass-analysis=loop-vectorize]
remark: ./numeric-arithmetic.h:331:0: loop not vectorized: Cannot vectorize uncountable loop [-Rpass-analysis=loop-vectorize]
remark: ./numeric-arithmetic.h:331:0: loop not vectorized [-Rpass-missed=loop-vectorize]
remark: ./numeric-arithmetic.h:331:0: loop not vectorized: Cannot vectorize uncountable loop [-Rpass-analysis=loop-vectorize]
remark: ./numeric-arithmetic.h:331:0: loop not vectorized [-Rpass-missed=loop-vectorize]
remark: ./numeric-arithmetic.h:331:0: loop not vectorized: Cannot vectorize uncountable loop [-Rpass-analysis=loop-vectorize]
remark: ./numeric-arithmetic.h:331:0: loop not vectorized [-Rpass-missed=loop-vectorize]
remark: ./numeric-arithmetic.h:331:0: loop not vectorized: Cannot vectorize uncountable loop [-Rpass-analysis=loop-vectorize]
remark: ./numeric-arithmetic.h:331:0: loop not vectorized [-Rpass-missed=loop-vectorize]
remark: ./numeric-arithmetic.h:331:0: loop not vectorized: Cannot vectorize uncountable loop [-Rpass-analysis=loop-vectorize]
remark: ./numeric-arithmetic.h:331:0: loop not vectorized [-Rpass-missed=loop-vectorize]
remark: ./numeric-arithmetic.h:331:0: loop not vectorized: call instruction cannot be vectorized [-Rpass-analysis=loop-vectorize]
remark: ./numeric-arithmetic.h:331:0: loop not vectorized [-Rpass-missed=loop-vectorize]
remark: ./numeric-arithmetic.h:331:0: loop not vectorized: call instruction cannot be vectorized [-Rpass-analysis=loop-vectorize]
remark: ./numeric-arithmetic.h:331:0: loop not vectorized [-Rpass-missed=loop-vectorize]
remark: ./numeric-arithmetic.h:331:0: loop not vectorized: call instruction cannot be vectorized [-Rpass-analysis=loop-vectorize]
remark: ./numeric-arithmetic.h:331:0: loop not vectorized [-Rpass-missed=loop-vectorize]
remark: ./numeric-arithmetic.h:331:0: loop not vectorized: call instruction cannot be vectorized [-Rpass-analysis=loop-vectorize]
remark: ./numeric-arithmetic.h:331:0: loop not vectorized [-Rpass-missed=loop-vectorize]
remark: ./numeric-arithmetic.h:331:0: loop not vectorized: call instruction cannot be vectorized [-Rpass-analysis=loop-vectorize]
remark: ./numeric-arithmetic.h:331:0: loop not vectorized [-Rpass-missed=loop-vectorize]
remark: ./numeric-arithmetic.h:331:0: loop not vectorized: call instruction cannot be vectorized [-Rpass-analysis=loop-vectorize]
remark: ./numeric-arithmetic.h:331:0: loop not vectorized [-Rpass-missed=loop-vectorize]
remark: ./numeric-arithmetic.h:331:0: loop not vectorized: call instruction cannot be vectorized [-Rpass-analysis=loop-vectorize]
remark: ./numeric-arithmetic.h:331:0: loop not vectorized [-Rpass-missed=loop-vectorize]
remark: ./numeric-arithmetic.h:331:0: loop not vectorized: call instruction cannot be vectorized [-Rpass-analysis=loop-vectorize]
remark: ./numeric-arithmetic.h:331:0: loop not vectorized [-Rpass-missed=loop-vectorize]
remark: ./numeric-arithmetic.h:331:0: vectorized loop (vectorization width: 8, interleaved count: 2) [-Rpass=loop-vectorize]
remark: ./numeric-arithmetic.h:331:0: vectorized loop (vectorization width: 8, interleaved count: 4) [-Rpass=loop-vectorize]
remark: ./numeric-arithmetic.h:331:0: vectorized loop (vectorization width: 8, interleaved count: 2) [-Rpass=loop-vectorize]
remark: ./numeric-arithmetic.h:331:0: vectorized loop (vectorization width: 8, interleaved count: 2) [-Rpass=loop-vectorize]
remark: ./numeric-arithmetic.h:331:0: loop not vectorized: call instruction cannot be vectorized [-Rpass-analysis=loop-vectorize]
remark: ./numeric-arithmetic.h:331:0: loop not vectorized [-Rpass-missed=loop-vectorize]
remark: ./numeric-arithmetic.h:331:0: loop not vectorized: call instruction cannot be vectorized [-Rpass-analysis=loop-vectorize]
remark: ./numeric-arithmetic.h:331:0: loop not vectorized [-Rpass-missed=loop-vectorize]
remark: ./numeric-arithmetic.h:331:0: loop not vectorized: call instruction cannot be vectorized [-Rpass-analysis=loop-vectorize]
remark: ./numeric-arithmetic.h:331:0: loop not vectorized [-Rpass-missed=loop-vectorize]
remark: ./numeric-arithmetic.h:331:0: loop not vectorized: call instruction cannot be vectorized [-Rpass-analysis=loop-vectorize]
remark: ./numeric-arithmetic.h:331:0: loop not vectorized [-Rpass-missed=loop-vectorize]
remark: ./numeric-arithmetic.h:331:0: loop not vectorized: call instruction cannot be vectorized [-Rpass-analysis=loop-vectorize]
remark: ./numeric-arithmetic.h:331:0: loop not vectorized [-Rpass-missed=loop-vectorize]
remark: ./numeric-arithmetic.h:331:0: loop not vectorized: call instruction cannot be vectorized [-Rpass-analysis=loop-vectorize]
remark: ./numeric-arithmetic.h:331:0: loop not vectorized [-Rpass-missed=loop-vectorize]
remark: ./numeric-arithmetic.h:331:0: loop not vectorized: call instruction cannot be vectorized [-Rpass-analysis=loop-vectorize]
remark: ./numeric-arithmetic.h:331:0: loop not vectorized [-Rpass-missed=loop-vectorize]
remark: ./numeric-arithmetic.h:331:0: loop not vectorized: call instruction cannot be vectorized [-Rpass-analysis=loop-vectorize]
remark: ./numeric-arithmetic.h:331:0: loop not vectorized [-Rpass-missed=loop-vectorize]
remark: ./numeric-arithmetic.h:331:0: vectorized loop (vectorization width: 4, interleaved count: 4) [-Rpass=loop-vectorize]
remark: ./numeric-arithmetic.h:331:0: vectorized loop (vectorization width: 4, interleaved count: 4) [-Rpass=loop-vectorize]
remark: ./numeric-arithmetic.h:331:0: vectorized loop (vectorization width: 4, interleaved count: 4) [-Rpass=loop-vectorize]
remark: ./numeric-arithmetic.h:331:0: vectorized loop (vectorization width: 4, interleaved count: 4) [-Rpass=loop-vectorize]
remark: ./numeric-arithmetic.h:331:0: loop not vectorized: call instruction cannot be vectorized [-Rpass-analysis=loop-vectorize]
remark: ./numeric-arithmetic.h:331:0: loop not vectorized [-Rpass-missed=loop-vectorize]
remark: ./numeric-arithmetic.h:331:0: loop not vectorized: call instruction cannot be vectorized [-Rpass-analysis=loop-vectorize]
remark: ./numeric-arithmetic.h:331:0: loop not vectorized [-Rpass-missed=loop-vectorize]
remark: ./numeric-arithmetic.h:331:0: loop not vectorized: call instruction cannot be vectorized [-Rpass-analysis=loop-vectorize]
remark: ./numeric-arithmetic.h:331:0: loop not vectorized [-Rpass-missed=loop-vectorize]
remark: ./numeric-arithmetic.h:331:0: loop not vectorized: call instruction cannot be vectorized [-Rpass-analysis=loop-vectorize]
remark: ./numeric-arithmetic.h:331:0: loop not vectorized [-Rpass-missed=loop-vectorize]
remark: ./numeric-arithmetic.h:331:0: loop not vectorized: call instruction cannot be vectorized [-Rpass-analysis=loop-vectorize]
remark: ./numeric-arithmetic.h:331:0: loop not vectorized [-Rpass-missed=loop-vectorize]
remark: ./numeric-arithmetic.h:331:0: loop not vectorized: call instruction cannot be vectorized [-Rpass-analysis=loop-vectorize]
remark: ./numeric-arithmetic.h:331:0: loop not vectorized [-Rpass-missed=loop-vectorize]
remark: ./numeric-arithmetic.h:331:0: loop not vectorized: call instruction cannot be vectorized [-Rpass-analysis=loop-vectorize]
remark: ./numeric-arithmetic.h:331:0: loop not vectorized [-Rpass-missed=loop-vectorize]
remark: ./numeric-arithmetic.h:331:0: loop not vectorized: call instruction cannot be vectorized [-Rpass-analysis=loop-vectorize]
remark: ./numeric-arithmetic.h:331:0: loop not vectorized [-Rpass-missed=loop-vectorize]
remark: ./numeric-arithmetic.h:331:0: vectorized loop (vectorization width: 4, interleaved count: 4) [-Rpass=loop-vectorize]
remark: ./numeric-arithmetic.h:331:0: vectorized loop (vectorization width: 4, interleaved count: 4) [-Rpass=loop-vectorize]
remark: ./numeric-arithmetic.h:331:0: vectorized loop (vectorization width: 4, interleaved count: 4) [-Rpass=loop-vectorize]
remark: ./numeric-arithmetic.h:331:0: vectorized loop (vectorization width: 4, interleaved count: 4) [-Rpass=loop-vectorize]
remark: ./numeric-arithmetic.h:331:0: vectorized loop (vectorization width: 4, interleaved count: 4) [-Rpass=loop-vectorize]
remark: ./numeric-arithmetic.h:331:0: vectorized loop (vectorization width: 2, interleaved count: 4) [-Rpass=loop-vectorize]
remark: ./numeric-arithmetic.h:331:0: vectorized loop (vectorization width: 4, interleaved count: 4) [-Rpass=loop-vectorize]
remark: ./numeric-arithmetic.h:331:0: vectorized loop (vectorization width: 4, interleaved count: 4) [-Rpass=loop-vectorize]
remark: ./numeric-arithmetic.h:331:0: vectorized loop (vectorization width: 4, interleaved count: 4) [-Rpass=loop-vectorize]
remark: ./numeric-arithmetic.h:331:0: vectorized loop (vectorization width: 2, interleaved count: 4) [-Rpass=loop-vectorize]
remark: ./numeric-arithmetic.h:331:0: vectorized loop (vectorization width: 4, interleaved count: 4) [-Rpass=loop-vectorize]
remark: ./numeric-arithmetic.h:331:0: vectorized loop (vectorization width: 4, interleaved count: 4) [-Rpass=loop-vectorize]
remark: ./numeric-arithmetic.h:331:0: vectorized loop (vectorization width: 4, interleaved count: 4) [-Rpass=loop-vectorize]
remark: ./numeric-arithmetic.h:331:0: vectorized loop (vectorization width: 2, interleaved count: 4) [-Rpass=loop-vectorize]
remark: ./numeric-arithmetic.h:331:0: vectorized loop (vectorization width: 4, interleaved count: 4) [-Rpass=loop-vectorize]
remark: ./numeric-arithmetic.h:331:0: vectorized loop (vectorization width: 4, interleaved count: 4) [-Rpass=loop-vectorize]
remark: ./numeric-arithmetic.h:331:0: loop not vectorized: call instruction cannot be vectorized [-Rpass-analysis=loop-vectorize]
remark: ./numeric-arithmetic.h:331:0: loop not vectorized: Cannot vectorize uncountable loop [-Rpass-analysis=loop-vectorize]
remark: ./numeric-arithmetic.h:331:0: loop not vectorized [-Rpass-missed=loop-vectorize]
remark: ./numeric-arithmetic.h:331:0: loop not vectorized: call instruction cannot be vectorized [-Rpass-analysis=loop-vectorize]
remark: ./numeric-arithmetic.h:331:0: loop not vectorized: Cannot vectorize uncountable loop [-Rpass-analysis=loop-vectorize]
remark: ./numeric-arithmetic.h:331:0: loop not vectorized [-Rpass-missed=loop-vectorize]
remark: ./numeric-arithmetic.h:331:0: loop not vectorized: call instruction cannot be vectorized [-Rpass-analysis=loop-vectorize]
remark: ./numeric-arithmetic.h:331:0: loop not vectorized: Cannot vectorize uncountable loop [-Rpass-analysis=loop-vectorize]
remark: ./numeric-arithmetic.h:331:0: loop not vectorized [-Rpass-missed=loop-vectorize]
remark: ./numeric-arithmetic.h:331:0: loop not vectorized: call instruction cannot be vectorized [-Rpass-analysis=loop-vectorize]
remark: ./numeric-arithmetic.h:331:0: loop not vectorized: Cannot vectorize uncountable loop [-Rpass-analysis=loop-vectorize]
remark: ./numeric-arithmetic.h:331:0: loop not vectorized [-Rpass-missed=loop-vectorize]
remark: ./numeric-arithmetic.h:331:0: loop not vectorized: call instruction cannot be vectorized [-Rpass-analysis=loop-vectorize]
remark: ./numeric-arithmetic.h:331:0: loop not vectorized: Cannot vectorize uncountable loop [-Rpass-analysis=loop-vectorize]
remark: ./numeric-arithmetic.h:331:0: loop not vectorized [-Rpass-missed=loop-vectorize]
remark: ./numeric-arithmetic.h:331:0: loop not vectorized: call instruction cannot be vectorized [-Rpass-analysis=loop-vectorize]
remark: ./numeric-arithmetic.h:331:0: loop not vectorized: Cannot vectorize uncountable loop [-Rpass-analysis=loop-vectorize]
remark: ./numeric-arithmetic.h:331:0: loop not vectorized [-Rpass-missed=loop-vectorize]
remark: ./numeric-arithmetic.h:331:0: loop not vectorized: call instruction cannot be vectorized [-Rpass-analysis=loop-vectorize]
remark: ./numeric-arithmetic.h:331:0: loop not vectorized: Cannot vectorize uncountable loop [-Rpass-analysis=loop-vectorize]
remark: ./numeric-arithmetic.h:331:0: loop not vectorized [-Rpass-missed=loop-vectorize]
remark: ./numeric-arithmetic.h:331:0: loop not vectorized: call instruction cannot be vectorized [-Rpass-analysis=loop-vectorize]
remark: ./numeric-arithmetic.h:331:0: loop not vectorized: Cannot vectorize uncountable loop [-Rpass-analysis=loop-vectorize]
remark: ./numeric-arithmetic.h:331:0: loop not vectorized [-Rpass-missed=loop-vectorize]
remark: ./numeric-arithmetic.h:331:0: loop not vectorized: Cannot vectorize uncountable loop [-Rpass-analysis=loop-vectorize]
remark: ./numeric-arithmetic.h:331:0: loop not vectorized [-Rpass-missed=loop-vectorize]
remark: ./numeric-arithmetic.h:331:0: loop not vectorized: Cannot vectorize uncountable loop [-Rpass-analysis=loop-vectorize]
remark: ./numeric-arithmetic.h:331:0: loop not vectorized [-Rpass-missed=loop-vectorize]
remark: ./numeric-arithmetic.h:331:0: loop not vectorized: Cannot vectorize uncountable loop [-Rpass-analysis=loop-vectorize]
remark: ./numeric-arithmetic.h:331:0: loop not vectorized [-Rpass-missed=loop-vectorize]
remark: ./numeric-arithmetic.h:331:0: loop not vectorized: Cannot vectorize uncountable loop [-Rpass-analysis=loop-vectorize]
remark: ./numeric-arithmetic.h:331:0: loop not vectorized [-Rpass-missed=loop-vectorize]
remark: ./numeric-arithmetic.h:331:0: loop not vectorized: call instruction cannot be vectorized [-Rpass-analysis=loop-vectorize]
remark: ./numeric-arithmetic.h:331:0: loop not vectorized [-Rpass-missed=loop-vectorize]
remark: ./numeric-arithmetic.h:331:0: loop not vectorized: call instruction cannot be vectorized [-Rpass-analysis=loop-vectorize]
remark: ./numeric-arithmetic.h:331:0: loop not vectorized [-Rpass-missed=loop-vectorize]
remark: ./numeric-arithmetic.h:331:0: loop not vectorized: call instruction cannot be vectorized [-Rpass-analysis=loop-vectorize]
remark: ./numeric-arithmetic.h:331:0: loop not vectorized [-Rpass-missed=loop-vectorize]
remark: ./numeric-arithmetic.h:331:0: loop not vectorized: call instruction cannot be vectorized [-Rpass-analysis=loop-vectorize]
remark: ./numeric-arithmetic.h:331:0: loop not vectorized [-Rpass-missed=loop-vectorize]
remark: ./numeric-arithmetic.h:331:0: loop not vectorized: call instruction cannot be vectorized [-Rpass-analysis=loop-vectorize]
remark: ./numeric-arithmetic.h:331:0: loop not vectorized [-Rpass-missed=loop-vectorize]
remark: ./numeric-arithmetic.h:331:0: loop not vectorized: call instruction cannot be vectorized [-Rpass-analysis=loop-vectorize]
remark: ./numeric-arithmetic.h:331:0: loop not vectorized [-Rpass-missed=loop-vectorize]
remark: ./numeric-arithmetic.h:331:0: loop not vectorized: call instruction cannot be vectorized [-Rpass-analysis=loop-vectorize]
remark: ./numeric-arithmetic.h:331:0: loop not vectorized [-Rpass-missed=loop-vectorize]
remark: ./numeric-arithmetic.h:331:0: loop not vectorized: call instruction cannot be vectorized [-Rpass-analysis=loop-vectorize]
remark: ./numeric-arithmetic.h:331:0: loop not vectorized [-Rpass-missed=loop-vectorize]
remark: ./numeric-arithmetic.h:331:0: vectorized loop (vectorization width: 8, interleaved count: 2) [-Rpass=loop-vectorize]
remark: ./numeric-arithmetic.h:331:0: vectorized loop (vectorization width: 8, interleaved count: 4) [-Rpass=loop-vectorize]
remark: ./numeric-arithmetic.h:331:0: vectorized loop (vectorization width: 8, interleaved count: 2) [-Rpass=loop-vectorize]
remark: ./numeric-arithmetic.h:331:0: vectorized loop (vectorization width: 8, interleaved count: 2) [-Rpass=loop-vectorize]
remark: ./numeric-arithmetic.h:331:0: loop not vectorized: call instruction cannot be vectorized [-Rpass-analysis=loop-vectorize]
remark: ./numeric-arithmetic.h:331:0: loop not vectorized [-Rpass-missed=loop-vectorize]
remark: ./numeric-arithmetic.h:331:0: loop not vectorized: call instruction cannot be vectorized [-Rpass-analysis=loop-vectorize]
remark: ./numeric-arithmetic.h:331:0: loop not vectorized [-Rpass-missed=loop-vectorize]
remark: ./numeric-arithmetic.h:331:0: loop not vectorized: call instruction cannot be vectorized [-Rpass-analysis=loop-vectorize]
remark: ./numeric-arithmetic.h:331:0: loop not vectorized [-Rpass-missed=loop-vectorize]
remark: ./numeric-arithmetic.h:331:0: loop not vectorized: call instruction cannot be vectorized [-Rpass-analysis=loop-vectorize]
remark: ./numeric-arithmetic.h:331:0: loop not vectorized [-Rpass-missed=loop-vectorize]
remark: ./numeric-arithmetic.h:331:0: loop not vectorized: call instruction cannot be vectorized [-Rpass-analysis=loop-vectorize]
remark: ./numeric-arithmetic.h:331:0: loop not vectorized [-Rpass-missed=loop-vectorize]
remark: ./numeric-arithmetic.h:331:0: loop not vectorized: call instruction cannot be vectorized [-Rpass-analysis=loop-vectorize]
remark: ./numeric-arithmetic.h:331:0: loop not vectorized [-Rpass-missed=loop-vectorize]
remark: ./numeric-arithmetic.h:331:0: loop not vectorized: call instruction cannot be vectorized [-Rpass-analysis=loop-vectorize]
remark: ./numeric-arithmetic.h:331:0: loop not vectorized [-Rpass-missed=loop-vectorize]
remark: ./numeric-arithmetic.h:331:0: loop not vectorized: call instruction cannot be vectorized [-Rpass-analysis=loop-vectorize]
remark: ./numeric-arithmetic.h:331:0: loop not vectorized [-Rpass-missed=loop-vectorize]
remark: ./numeric-arithmetic.h:331:0: vectorized loop (vectorization width: 4, interleaved count: 4) [-Rpass=loop-vectorize]
remark: ./numeric-arithmetic.h:331:0: vectorized loop (vectorization width: 4, interleaved count: 4) [-Rpass=loop-vectorize]
remark: ./numeric-arithmetic.h:331:0: vectorized loop (vectorization width: 4, interleaved count: 4) [-Rpass=loop-vectorize]
remark: ./numeric-arithmetic.h:331:0: vectorized loop (vectorization width: 4, interleaved count: 4) [-Rpass=loop-vectorize]
remark: ./numeric-arithmetic.h:331:0: loop not vectorized: call instruction cannot be vectorized [-Rpass-analysis=loop-vectorize]
remark: ./numeric-arithmetic.h:331:0: loop not vectorized [-Rpass-missed=loop-vectorize]
remark: ./numeric-arithmetic.h:331:0: loop not vectorized: call instruction cannot be vectorized [-Rpass-analysis=loop-vectorize]
remark: ./numeric-arithmetic.h:331:0: loop not vectorized [-Rpass-missed=loop-vectorize]
remark: ./numeric-arithmetic.h:331:0: loop not vectorized: call instruction cannot be vectorized [-Rpass-analysis=loop-vectorize]
remark: ./numeric-arithmetic.h:331:0: loop not vectorized [-Rpass-missed=loop-vectorize]
remark: ./numeric-arithmetic.h:331:0: loop not vectorized: call instruction cannot be vectorized [-Rpass-analysis=loop-vectorize]
remark: ./numeric-arithmetic.h:331:0: loop not vectorized [-Rpass-missed=loop-vectorize]
remark: ./numeric-arithmetic.h:331:0: loop not vectorized: call instruction cannot be vectorized [-Rpass-analysis=loop-vectorize]
remark: ./numeric-arithmetic.h:331:0: loop not vectorized [-Rpass-missed=loop-vectorize]
remark: ./numeric-arithmetic.h:331:0: loop not vectorized: call instruction cannot be vectorized [-Rpass-analysis=loop-vectorize]
remark: ./numeric-arithmetic.h:331:0: loop not vectorized [-Rpass-missed=loop-vectorize]
remark: ./numeric-arithmetic.h:331:0: loop not vectorized: call instruction cannot be vectorized [-Rpass-analysis=loop-vectorize]
remark: ./numeric-arithmetic.h:331:0: loop not vectorized [-Rpass-missed=loop-vectorize]
remark: ./numeric-arithmetic.h:331:0: loop not vectorized: call instruction cannot be vectorized [-Rpass-analysis=loop-vectorize]
remark: ./numeric-arithmetic.h:331:0: loop not vectorized [-Rpass-missed=loop-vectorize]
remark: ./numeric-arithmetic.h:331:0: vectorized loop (vectorization width: 4, interleaved count: 4) [-Rpass=loop-vectorize]
remark: ./numeric-arithmetic.h:331:0: vectorized loop (vectorization width: 4, interleaved count: 4) [-Rpass=loop-vectorize]
remark: ./numeric-arithmetic.h:331:0: vectorized loop (vectorization width: 4, interleaved count: 4) [-Rpass=loop-vectorize]
remark: ./numeric-arithmetic.h:331:0: vectorized loop (vectorization width: 4, interleaved count: 4) [-Rpass=loop-vectorize]
remark: ./numeric-arithmetic.h:331:0: vectorized loop (vectorization width: 4, interleaved count: 4) [-Rpass=loop-vectorize]
remark: ./numeric-arithmetic.h:331:0: vectorized loop (vectorization width: 2, interleaved count: 4) [-Rpass=loop-vectorize]
remark: ./numeric-arithmetic.h:331:0: vectorized loop (vectorization width: 4, interleaved count: 4) [-Rpass=loop-vectorize]
remark: ./numeric-arithmetic.h:331:0: vectorized loop (vectorization width: 4, interleaved count: 4) [-Rpass=loop-vectorize]
remark: ./numeric-arithmetic.h:331:0: vectorized loop (vectorization width: 4, interleaved count: 4) [-Rpass=loop-vectorize]
remark: ./numeric-arithmetic.h:331:0: vectorized loop (vectorization width: 2, interleaved count: 4) [-Rpass=loop-vectorize]
remark: ./numeric-arithmetic.h:331:0: vectorized loop (vectorization width: 4, interleaved count: 4) [-Rpass=loop-vectorize]
remark: ./numeric-arithmetic.h:331:0: vectorized loop (vectorization width: 4, interleaved count: 4) [-Rpass=loop-vectorize]
remark: ./numeric-arithmetic.h:331:0: vectorized loop (vectorization width: 4, interleaved count: 4) [-Rpass=loop-vectorize]
remark: ./numeric-arithmetic.h:331:0: vectorized loop (vectorization width: 2, interleaved count: 4) [-Rpass=loop-vectorize]
remark: ./numeric-arithmetic.h:331:0: vectorized loop (vectorization width: 4, interleaved count: 4) [-Rpass=loop-vectorize]
remark: ./numeric-arithmetic.h:331:0: vectorized loop (vectorization width: 4, interleaved count: 4) [-Rpass=loop-vectorize]
remark: ./numeric-arithmetic.h:332:5652: loop not vectorized: call instruction cannot be vectorized [-Rpass-analysis=loop-vectorize]
remark: ./numeric-arithmetic.h:332:4895: loop not vectorized: Cannot vectorize uncountable loop [-Rpass-analysis=loop-vectorize]
remark: ./numeric-arithmetic.h:332:4895: loop not vectorized [-Rpass-missed=loop-vectorize]
remark: ./numeric-arithmetic.h:332:4739: loop not vectorized: call instruction cannot be vectorized [-Rpass-analysis=loop-vectorize]
remark: ./numeric-arithmetic.h:332:3982: loop not vectorized: Cannot vectorize uncountable loop [-Rpass-analysis=loop-vectorize]
remark: ./numeric-arithmetic.h:332:3982: loop not vectorized [-Rpass-missed=loop-vectorize]
remark: ./numeric-arithmetic.h:332:7494: loop not vectorized: call instruction cannot be vectorized [-Rpass-analysis=loop-vectorize]
remark: ./numeric-arithmetic.h:332:6737: loop not vectorized: Cannot vectorize uncountable loop [-Rpass-analysis=loop-vectorize]
remark: ./numeric-arithmetic.h:332:6737: loop not vectorized [-Rpass-missed=loop-vectorize]
remark: ./numeric-arithmetic.h:332:6581: loop not vectorized: call instruction cannot be vectorized [-Rpass-analysis=loop-vectorize]
remark: ./numeric-arithmetic.h:332:5824: loop not vectorized: Cannot vectorize uncountable loop [-Rpass-analysis=loop-vectorize]
remark: ./numeric-arithmetic.h:332:5824: loop not vectorized [-Rpass-missed=loop-vectorize]
remark: ./numeric-arithmetic.h:332:9378: loop not vectorized: call instruction cannot be vectorized [-Rpass-analysis=loop-vectorize]
remark: ./numeric-arithmetic.h:332:8621: loop not vectorized: Cannot vectorize uncountable loop [-Rpass-analysis=loop-vectorize]
remark: ./numeric-arithmetic.h:332:8621: loop not vectorized [-Rpass-missed=loop-vectorize]
remark: ./numeric-arithmetic.h:332:8465: loop not vectorized: call instruction cannot be vectorized [-Rpass-analysis=loop-vectorize]
remark: ./numeric-arithmetic.h:332:7708: loop not vectorized: Cannot vectorize uncountable loop [-Rpass-analysis=loop-vectorize]
remark: ./numeric-arithmetic.h:332:7708: loop not vectorized [-Rpass-missed=loop-vectorize]
remark: ./numeric-arithmetic.h:332:11220: loop not vectorized: call instruction cannot be vectorized [-Rpass-analysis=loop-vectorize]
remark: ./numeric-arithmetic.h:332:10463: loop not vectorized: Cannot vectorize uncountable loop [-Rpass-analysis=loop-vectorize]
remark: ./numeric-arithmetic.h:332:10463: loop not vectorized [-Rpass-missed=loop-vectorize]
remark: ./numeric-arithmetic.h:332:10307: loop not vectorized: call instruction cannot be vectorized [-Rpass-analysis=loop-vectorize]
remark: ./numeric-arithmetic.h:332:9550: loop not vectorized: Cannot vectorize uncountable loop [-Rpass-analysis=loop-vectorize]
remark: ./numeric-arithmetic.h:332:9550: loop not vectorized [-Rpass-missed=loop-vectorize]
remark: ./numeric-arithmetic.h:332:1148: loop not vectorized: Cannot vectorize uncountable loop [-Rpass-analysis=loop-vectorize]
remark: ./numeric-arithmetic.h:332:1148: loop not vectorized [-Rpass-missed=loop-vectorize]
remark: ./numeric-arithmetic.h:332:235: loop not vectorized: Cannot vectorize uncountable loop [-Rpass-analysis=loop-vectorize]
remark: ./numeric-arithmetic.h:332:235: loop not vectorized [-Rpass-missed=loop-vectorize]
remark: ./numeric-arithmetic.h:332:2990: loop not vectorized: Cannot vectorize uncountable loop [-Rpass-analysis=loop-vectorize]
remark: ./numeric-arithmetic.h:332:2990: loop not vectorized [-Rpass-missed=loop-vectorize]
remark: ./numeric-arithmetic.h:332:2077: loop not vectorized: Cannot vectorize uncountable loop [-Rpass-analysis=loop-vectorize]
remark: ./numeric-arithmetic.h:332:2077: loop not vectorized [-Rpass-missed=loop-vectorize]
remark: ./numeric-arithmetic.h:332:16951: loop not vectorized: call instruction cannot be vectorized [-Rpass-analysis=loop-vectorize]
remark: ./numeric-arithmetic.h:332:16185: loop not vectorized [-Rpass-missed=loop-vectorize]
remark: ./numeric-arithmetic.h:332:16027: loop not vectorized: call instruction cannot be vectorized [-Rpass-analysis=loop-vectorize]
remark: ./numeric-arithmetic.h:332:15261: loop not vectorized [-Rpass-missed=loop-vectorize]
remark: ./numeric-arithmetic.h:332:18815: loop not vectorized: call instruction cannot be vectorized [-Rpass-analysis=loop-vectorize]
remark: ./numeric-arithmetic.h:332:18049: loop not vectorized [-Rpass-missed=loop-vectorize]
remark: ./numeric-arithmetic.h:332:17891: loop not vectorized: call instruction cannot be vectorized [-Rpass-analysis=loop-vectorize]
remark: ./numeric-arithmetic.h:332:17125: loop not vectorized [-Rpass-missed=loop-vectorize]
remark: ./numeric-arithmetic.h:332:20721: loop not vectorized: call instruction cannot be vectorized [-Rpass-analysis=loop-vectorize]
remark: ./numeric-arithmetic.h:332:19955: loop not vectorized [-Rpass-missed=loop-vectorize]
remark: ./numeric-arithmetic.h:332:19797: loop not vectorized: call instruction cannot be vectorized [-Rpass-analysis=loop-vectorize]
remark: ./numeric-arithmetic.h:332:19031: loop not vectorized [-Rpass-missed=loop-vectorize]
remark: ./numeric-arithmetic.h:332:22585: loop not vectorized: call instruction cannot be vectorized [-Rpass-analysis=loop-vectorize]
remark: ./numeric-arithmetic.h:332:21819: loop not vectorized [-Rpass-missed=loop-vectorize]
remark: ./numeric-arithmetic.h:332:21661: loop not vectorized: call instruction cannot be vectorized [-Rpass-analysis=loop-vectorize]
remark: ./numeric-arithmetic.h:332:20895: loop not vectorized [-Rpass-missed=loop-vectorize]
remark: ./numeric-arithmetic.h:332:12394: vectorized loop (vectorization width: 8, interleaved count: 2) [-Rpass=loop-vectorize]
remark: ./numeric-arithmetic.h:332:11470: vectorized loop (vectorization width: 8, interleaved count: 4) [-Rpass=loop-vectorize]
remark: ./numeric-arithmetic.h:332:14258: vectorized loop (vectorization width: 8, interleaved count: 2) [-Rpass=loop-vectorize]
remark: ./numeric-arithmetic.h:332:13334: vectorized loop (vectorization width: 8, interleaved count: 2) [-Rpass=loop-vectorize]
remark: ./numeric-arithmetic.h:332:28443: loop not vectorized: call instruction cannot be vectorized [-Rpass-analysis=loop-vectorize]
remark: ./numeric-arithmetic.h:332:27656: loop not vectorized [-Rpass-missed=loop-vectorize]
remark: ./numeric-arithmetic.h:332:27498: loop not vectorized: call instruction cannot be vectorized [-Rpass-analysis=loop-vectorize]
remark: ./numeric-arithmetic.h:332:26711: loop not vectorized [-Rpass-missed=loop-vectorize]
remark: ./numeric-arithmetic.h:332:30349: loop not vectorized: call instruction cannot be vectorized [-Rpass-analysis=loop-vectorize]
remark: ./numeric-arithmetic.h:332:29562: loop not vectorized [-Rpass-missed=loop-vectorize]
remark: ./numeric-arithmetic.h:332:29404: loop not vectorized: call instruction cannot be vectorized [-Rpass-analysis=loop-vectorize]
remark: ./numeric-arithmetic.h:332:28617: loop not vectorized [-Rpass-missed=loop-vectorize]
remark: ./numeric-arithmetic.h:332:32297: loop not vectorized: call instruction cannot be vectorized [-Rpass-analysis=loop-vectorize]
remark: ./numeric-arithmetic.h:332:31510: loop not vectorized [-Rpass-missed=loop-vectorize]
remark: ./numeric-arithmetic.h:332:31352: loop not vectorized: call instruction cannot be vectorized [-Rpass-analysis=loop-vectorize]
remark: ./numeric-arithmetic.h:332:30565: loop not vectorized [-Rpass-missed=loop-vectorize]
remark: ./numeric-arithmetic.h:332:34203: loop not vectorized: call instruction cannot be vectorized [-Rpass-analysis=loop-vectorize]
remark: ./numeric-arithmetic.h:332:33416: loop not vectorized [-Rpass-missed=loop-vectorize]
remark: ./numeric-arithmetic.h:332:33258: loop not vectorized: call instruction cannot be vectorized [-Rpass-analysis=loop-vectorize]
remark: ./numeric-arithmetic.h:332:32471: loop not vectorized [-Rpass-missed=loop-vectorize]
remark: ./numeric-arithmetic.h:332:23781: vectorized loop (vectorization width: 4, interleaved count: 4) [-Rpass=loop-vectorize]
remark: ./numeric-arithmetic.h:332:22836: vectorized loop (vectorization width: 4, interleaved count: 4) [-Rpass=loop-vectorize]
remark: ./numeric-arithmetic.h:332:25687: vectorized loop (vectorization width: 4, interleaved count: 4) [-Rpass=loop-vectorize]
remark: ./numeric-arithmetic.h:332:24742: vectorized loop (vectorization width: 4, interleaved count: 4) [-Rpass=loop-vectorize]
remark: ./numeric-arithmetic.h:332:39618: loop not vectorized: call instruction cannot be vectorized [-Rpass-analysis=loop-vectorize]
remark: ./numeric-arithmetic.h:332:38901: loop not vectorized [-Rpass-missed=loop-vectorize]
remark: ./numeric-arithmetic.h:332:38747: loop not vectorized: call instruction cannot be vectorized [-Rpass-analysis=loop-vectorize]
remark: ./numeric-arithmetic.h:332:38030: loop not vectorized [-Rpass-missed=loop-vectorize]
remark: ./numeric-arithmetic.h:332:41376: loop not vectorized: call instruction cannot be vectorized [-Rpass-analysis=loop-vectorize]
remark: ./numeric-arithmetic.h:332:40659: loop not vectorized [-Rpass-missed=loop-vectorize]
remark: ./numeric-arithmetic.h:332:40505: loop not vectorized: call instruction cannot be vectorized [-Rpass-analysis=loop-vectorize]
remark: ./numeric-arithmetic.h:332:39788: loop not vectorized [-Rpass-missed=loop-vectorize]
remark: ./numeric-arithmetic.h:332:43176: loop not vectorized: call instruction cannot be vectorized [-Rpass-analysis=loop-vectorize]
remark: ./numeric-arithmetic.h:332:42459: loop not vectorized [-Rpass-missed=loop-vectorize]
remark: ./numeric-arithmetic.h:332:42305: loop not vectorized: call instruction cannot be vectorized [-Rpass-analysis=loop-vectorize]
remark: ./numeric-arithmetic.h:332:41588: loop not vectorized [-Rpass-missed=loop-vectorize]
remark: ./numeric-arithmetic.h:332:44934: loop not vectorized: call instruction cannot be vectorized [-Rpass-analysis=loop-vectorize]
remark: ./numeric-arithmetic.h:332:44217: loop not vectorized [-Rpass-missed=loop-vectorize]
remark: ./numeric-arithmetic.h:332:44063: loop not vectorized: call instruction cannot be vectorized [-Rpass-analysis=loop-vectorize]
remark: ./numeric-arithmetic.h:332:43346: loop not vectorized [-Rpass-missed=loop-vectorize]
remark: ./numeric-arithmetic.h:332:35322: vectorized loop (vectorization width: 4, interleaved count: 4) [-Rpass=loop-vectorize]
remark: ./numeric-arithmetic.h:332:35724: floating point conversion changes vector width. Mixed floating point precision requires an up/down cast that will negatively impact performance. [-Rpass-analysis=loop-vectorize]
remark: ./numeric-arithmetic.h:332:34451: vectorized loop (vectorization width: 4, interleaved count: 4) [-Rpass=loop-vectorize]
remark: ./numeric-arithmetic.h:332:37080: vectorized loop (vectorization width: 4, interleaved count: 4) [-Rpass=loop-vectorize]
remark: ./numeric-arithmetic.h:332:37482: floating point conversion changes vector width. Mixed floating point precision requires an up/down cast that will negatively impact performance. [-Rpass-analysis=loop-vectorize]
remark: ./numeric-arithmetic.h:332:37315: floating point conversion changes vector width. Mixed floating point precision requires an up/down cast that will negatively impact performance. [-Rpass-analysis=loop-vectorize]
remark: ./numeric-arithmetic.h:332:36209: vectorized loop (vectorization width: 4, interleaved count: 4) [-Rpass=loop-vectorize]
remark: ./numeric-arithmetic.h:332:36444: floating point conversion changes vector width. Mixed floating point precision requires an up/down cast that will negatively impact performance. [-Rpass-analysis=loop-vectorize]
remark: ./numeric-arithmetic.h:332:49535: vectorized loop (vectorization width: 4, interleaved count: 4) [-Rpass=loop-vectorize]
remark: ./numeric-arithmetic.h:332:48684: vectorized loop (vectorization width: 2, interleaved count: 4) [-Rpass=loop-vectorize]
remark: ./numeric-arithmetic.h:332:51253: vectorized loop (vectorization width: 4, interleaved count: 4) [-Rpass=loop-vectorize]
remark: ./numeric-arithmetic.h:332:50402: vectorized loop (vectorization width: 4, interleaved count: 4) [-Rpass=loop-vectorize]
remark: ./numeric-arithmetic.h:332:53013: vectorized loop (vectorization width: 4, interleaved count: 4) [-Rpass=loop-vectorize]
remark: ./numeric-arithmetic.h:332:52162: vectorized loop (vectorization width: 2, interleaved count: 4) [-Rpass=loop-vectorize]
remark: ./numeric-arithmetic.h:332:54731: vectorized loop (vectorization width: 4, interleaved count: 4) [-Rpass=loop-vectorize]
remark: ./numeric-arithmetic.h:332:53880: vectorized loop (vectorization width: 4, interleaved count: 4) [-Rpass=loop-vectorize]
remark: ./numeric-arithmetic.h:332:46036: vectorized loop (vectorization width: 4, interleaved count: 4) [-Rpass=loop-vectorize]
remark: ./numeric-arithmetic.h:332:45185: vectorized loop (vectorization width: 2, interleaved count: 4) [-Rpass=loop-vectorize]
remark: ./numeric-arithmetic.h:332:47754: vectorized loop (vectorization width: 4, interleaved count: 4) [-Rpass=loop-vectorize]
remark: ./numeric-arithmetic.h:332:46903: vectorized loop (vectorization width: 4, interleaved count: 4) [-Rpass=loop-vectorize]
remark: ./numeric-arithmetic.h:332:61136: loop not vectorized: call instruction cannot be vectorized [-Rpass-analysis=loop-vectorize]
remark: ./numeric-arithmetic.h:332:60379: loop not vectorized: Cannot vectorize uncountable loop [-Rpass-analysis=loop-vectorize]
remark: ./numeric-arithmetic.h:332:60379: loop not vectorized [-Rpass-missed=loop-vectorize]
remark: ./numeric-arithmetic.h:332:60223: loop not vectorized: call instruction cannot be vectorized [-Rpass-analysis=loop-vectorize]
remark: ./numeric-arithmetic.h:332:59466: loop not vectorized: Cannot vectorize uncountable loop [-Rpass-analysis=loop-vectorize]
remark: ./numeric-arithmetic.h:332:59466: loop not vectorized [-Rpass-missed=loop-vectorize]
remark: ./numeric-arithmetic.h:332:62978: loop not vectorized: call instruction cannot be vectorized [-Rpass-analysis=loop-vectorize]
remark: ./numeric-arithmetic.h:332:62221: loop not vectorized: Cannot vectorize uncountable loop [-Rpass-analysis=loop-vectorize]
remark: ./numeric-arithmetic.h:332:62221: loop not vectorized [-Rpass-missed=loop-vectorize]
remark: ./numeric-arithmetic.h:332:62065: loop not vectorized: call instruction cannot be vectorized [-Rpass-analysis=loop-vectorize]
remark: ./numeric-arithmetic.h:332:61308: loop not vectorized: Cannot vectorize uncountable loop [-Rpass-analysis=loop-vectorize]
remark: ./numeric-arithmetic.h:332:61308: loop not vectorized [-Rpass-missed=loop-vectorize]
remark: ./numeric-arithmetic.h:332:64862: loop not vectorized: call instruction cannot be vectorized [-Rpass-analysis=loop-vectorize]
remark: ./numeric-arithmetic.h:332:64105: loop not vectorized: Cannot vectorize uncountable loop [-Rpass-analysis=loop-vectorize]
remark: ./numeric-arithmetic.h:332:64105: loop not vectorized [-Rpass-missed=loop-vectorize]
remark: ./numeric-arithmetic.h:332:63949: loop not vectorized: call instruction cannot be vectorized [-Rpass-analysis=loop-vectorize]
remark: ./numeric-arithmetic.h:332:63192: loop not vectorized: Cannot vectorize uncountable loop [-Rpass-analysis=loop-vectorize]
remark: ./numeric-arithmetic.h:332:63192: loop not vectorized [-Rpass-missed=loop-vectorize]
remark: ./numeric-arithmetic.h:332:0: loop not vectorized: call instruction cannot be vectorized [-Rpass-analysis=loop-vectorize]
remark: ./numeric-arithmetic.h:332:0: loop not vectorized: Cannot vectorize uncountable loop [-Rpass-analysis=loop-vectorize]
remark: ./numeric-arithmetic.h:332:0: loop not vectorized [-Rpass-missed=loop-vectorize]
remark: ./numeric-arithmetic.h:332:0: loop not vectorized: call instruction cannot be vectorized [-Rpass-analysis=loop-vectorize]
remark: ./numeric-arithmetic.h:332:65034: loop not vectorized: Cannot vectorize uncountable loop [-Rpass-analysis=loop-vectorize]
remark: ./numeric-arithmetic.h:332:65034: loop not vectorized [-Rpass-missed=loop-vectorize]
remark: ./numeric-arithmetic.h:332:56632: loop not vectorized: Cannot vectorize uncountable loop [-Rpass-analysis=loop-vectorize]
remark: ./numeric-arithmetic.h:332:56632: loop not vectorized [-Rpass-missed=loop-vectorize]
remark: ./numeric-arithmetic.h:332:55719: loop not vectorized: Cannot vectorize uncountable loop [-Rpass-analysis=loop-vectorize]
remark: ./numeric-arithmetic.h:332:55719: loop not vectorized [-Rpass-missed=loop-vectorize]
remark: ./numeric-arithmetic.h:332:58474: loop not vectorized: Cannot vectorize uncountable loop [-Rpass-analysis=loop-vectorize]
remark: ./numeric-arithmetic.h:332:58474: loop not vectorized [-Rpass-missed=loop-vectorize]
remark: ./numeric-arithmetic.h:332:57561: loop not vectorized: Cannot vectorize uncountable loop [-Rpass-analysis=loop-vectorize]
remark: ./numeric-arithmetic.h:332:57561: loop not vectorized [-Rpass-missed=loop-vectorize]
remark: ./numeric-arithmetic.h:332:0: loop not vectorized: call instruction cannot be vectorized [-Rpass-analysis=loop-vectorize]
remark: ./numeric-arithmetic.h:332:0: loop not vectorized [-Rpass-missed=loop-vectorize]
remark: ./numeric-arithmetic.h:332:0: loop not vectorized: call instruction cannot be vectorized [-Rpass-analysis=loop-vectorize]
remark: ./numeric-arithmetic.h:332:0: loop not vectorized [-Rpass-missed=loop-vectorize]
remark: ./numeric-arithmetic.h:332:0: loop not vectorized: call instruction cannot be vectorized [-Rpass-analysis=loop-vectorize]
remark: ./numeric-arithmetic.h:332:0: loop not vectorized [-Rpass-missed=loop-vectorize]
remark: ./numeric-arithmetic.h:332:0: loop not vectorized: call instruction cannot be vectorized [-Rpass-analysis=loop-vectorize]
remark: ./numeric-arithmetic.h:332:0: loop not vectorized [-Rpass-missed=loop-vectorize]
remark: ./numeric-arithmetic.h:332:0: loop not vectorized: call instruction cannot be vectorized [-Rpass-analysis=loop-vectorize]
remark: ./numeric-arithmetic.h:332:0: loop not vectorized [-Rpass-missed=loop-vectorize]
remark: ./numeric-arithmetic.h:332:0: loop not vectorized: call instruction cannot be vectorized [-Rpass-analysis=loop-vectorize]
remark: ./numeric-arithmetic.h:332:0: loop not vectorized [-Rpass-missed=loop-vectorize]
remark: ./numeric-arithmetic.h:332:0: loop not vectorized: call instruction cannot be vectorized [-Rpass-analysis=loop-vectorize]
remark: ./numeric-arithmetic.h:332:0: loop not vectorized [-Rpass-missed=loop-vectorize]
remark: ./numeric-arithmetic.h:332:0: loop not vectorized: call instruction cannot be vectorized [-Rpass-analysis=loop-vectorize]
remark: ./numeric-arithmetic.h:332:0: loop not vectorized [-Rpass-missed=loop-vectorize]
remark: ./numeric-arithmetic.h:332:0: vectorized loop (vectorization width: 8, interleaved count: 2) [-Rpass=loop-vectorize]
remark: ./numeric-arithmetic.h:332:0: vectorized loop (vectorization width: 8, interleaved count: 4) [-Rpass=loop-vectorize]
remark: ./numeric-arithmetic.h:332:0: vectorized loop (vectorization width: 8, interleaved count: 2) [-Rpass=loop-vectorize]
remark: ./numeric-arithmetic.h:332:0: vectorized loop (vectorization width: 8, interleaved count: 2) [-Rpass=loop-vectorize]
remark: ./numeric-arithmetic.h:332:0: loop not vectorized: call instruction cannot be vectorized [-Rpass-analysis=loop-vectorize]
remark: ./numeric-arithmetic.h:332:0: loop not vectorized [-Rpass-missed=loop-vectorize]
remark: ./numeric-arithmetic.h:332:0: loop not vectorized: call instruction cannot be vectorized [-Rpass-analysis=loop-vectorize]
remark: ./numeric-arithmetic.h:332:0: loop not vectorized [-Rpass-missed=loop-vectorize]
remark: ./numeric-arithmetic.h:332:0: loop not vectorized: call instruction cannot be vectorized [-Rpass-analysis=loop-vectorize]
remark: ./numeric-arithmetic.h:332:0: loop not vectorized [-Rpass-missed=loop-vectorize]
remark: ./numeric-arithmetic.h:332:0: loop not vectorized: call instruction cannot be vectorized [-Rpass-analysis=loop-vectorize]
remark: ./numeric-arithmetic.h:332:0: loop not vectorized [-Rpass-missed=loop-vectorize]
remark: ./numeric-arithmetic.h:332:0: loop not vectorized: call instruction cannot be vectorized [-Rpass-analysis=loop-vectorize]
remark: ./numeric-arithmetic.h:332:0: loop not vectorized [-Rpass-missed=loop-vectorize]
remark: ./numeric-arithmetic.h:332:0: loop not vectorized: call instruction cannot be vectorized [-Rpass-analysis=loop-vectorize]
remark: ./numeric-arithmetic.h:332:0: loop not vectorized [-Rpass-missed=loop-vectorize]
remark: ./numeric-arithmetic.h:332:0: loop not vectorized: call instruction cannot be vectorized [-Rpass-analysis=loop-vectorize]
remark: ./numeric-arithmetic.h:332:0: loop not vectorized [-Rpass-missed=loop-vectorize]
remark: ./numeric-arithmetic.h:332:0: loop not vectorized: call instruction cannot be vectorized [-Rpass-analysis=loop-vectorize]
remark: ./numeric-arithmetic.h:332:0: loop not vectorized [-Rpass-missed=loop-vectorize]
remark: ./numeric-arithmetic.h:332:0: vectorized loop (vectorization width: 4, interleaved count: 4) [-Rpass=loop-vectorize]
remark: ./numeric-arithmetic.h:332:0: vectorized loop (vectorization width: 4, interleaved count: 4) [-Rpass=loop-vectorize]
remark: ./numeric-arithmetic.h:332:0: vectorized loop (vectorization width: 4, interleaved count: 4) [-Rpass=loop-vectorize]
remark: ./numeric-arithmetic.h:332:0: vectorized loop (vectorization width: 4, interleaved count: 4) [-Rpass=loop-vectorize]
remark: ./numeric-arithmetic.h:332:0: loop not vectorized: call instruction cannot be vectorized [-Rpass-analysis=loop-vectorize]
remark: ./numeric-arithmetic.h:332:0: loop not vectorized [-Rpass-missed=loop-vectorize]
remark: ./numeric-arithmetic.h:332:0: loop not vectorized: call instruction cannot be vectorized [-Rpass-analysis=loop-vectorize]
remark: ./numeric-arithmetic.h:332:0: loop not vectorized [-Rpass-missed=loop-vectorize]
remark: ./numeric-arithmetic.h:332:0: loop not vectorized: call instruction cannot be vectorized [-Rpass-analysis=loop-vectorize]
remark: ./numeric-arithmetic.h:332:0: loop not vectorized [-Rpass-missed=loop-vectorize]
remark: ./numeric-arithmetic.h:332:0: loop not vectorized: call instruction cannot be vectorized [-Rpass-analysis=loop-vectorize]
remark: ./numeric-arithmetic.h:332:0: loop not vectorized [-Rpass-missed=loop-vectorize]
remark: ./numeric-arithmetic.h:332:0: loop not vectorized: call instruction cannot be vectorized [-Rpass-analysis=loop-vectorize]
remark: ./numeric-arithmetic.h:332:0: loop not vectorized [-Rpass-missed=loop-vectorize]
remark: ./numeric-arithmetic.h:332:0: loop not vectorized: call instruction cannot be vectorized [-Rpass-analysis=loop-vectorize]
remark: ./numeric-arithmetic.h:332:0: loop not vectorized [-Rpass-missed=loop-vectorize]
remark: ./numeric-arithmetic.h:332:0: loop not vectorized: call instruction cannot be vectorized [-Rpass-analysis=loop-vectorize]
remark: ./numeric-arithmetic.h:332:0: loop not vectorized [-Rpass-missed=loop-vectorize]
remark: ./numeric-arithmetic.h:332:0: loop not vectorized: call instruction cannot be vectorized [-Rpass-analysis=loop-vectorize]
remark: ./numeric-arithmetic.h:332:0: loop not vectorized [-Rpass-missed=loop-vectorize]
remark: ./numeric-arithmetic.h:332:0: vectorized loop (vectorization width: 4, interleaved count: 4) [-Rpass=loop-vectorize]
remark: ./numeric-arithmetic.h:332:0: floating point conversion changes vector width. Mixed floating point precision requires an up/down cast that will negatively impact performance. [-Rpass-analysis=loop-vectorize]
remark: ./numeric-arithmetic.h:332:0: vectorized loop (vectorization width: 4, interleaved count: 4) [-Rpass=loop-vectorize]
remark: ./numeric-arithmetic.h:332:0: vectorized loop (vectorization width: 4, interleaved count: 4) [-Rpass=loop-vectorize]
remark: ./numeric-arithmetic.h:332:0: floating point conversion changes vector width. Mixed floating point precision requires an up/down cast that will negatively impact performance. [-Rpass-analysis=loop-vectorize]
remark: ./numeric-arithmetic.h:332:0: floating point conversion changes vector width. Mixed floating point precision requires an up/down cast that will negatively impact performance. [-Rpass-analysis=loop-vectorize]
remark: ./numeric-arithmetic.h:332:0: vectorized loop (vectorization width: 4, interleaved count: 4) [-Rpass=loop-vectorize]
remark: ./numeric-arithmetic.h:332:0: floating point conversion changes vector width. Mixed floating point precision requires an up/down cast that will negatively impact performance. [-Rpass-analysis=loop-vectorize]
remark: ./numeric-arithmetic.h:332:0: vectorized loop (vectorization width: 4, interleaved count: 4) [-Rpass=loop-vectorize]
remark: ./numeric-arithmetic.h:332:0: vectorized loop (vectorization width: 2, interleaved count: 4) [-Rpass=loop-vectorize]
remark: ./numeric-arithmetic.h:332:0: vectorized loop (vectorization width: 4, interleaved count: 4) [-Rpass=loop-vectorize]
remark: ./numeric-arithmetic.h:332:0: vectorized loop (vectorization width: 4, interleaved count: 4) [-Rpass=loop-vectorize]
remark: ./numeric-arithmetic.h:332:0: vectorized loop (vectorization width: 4, interleaved count: 4) [-Rpass=loop-vectorize]
remark: ./numeric-arithmetic.h:332:0: vectorized loop (vectorization width: 2, interleaved count: 4) [-Rpass=loop-vectorize]
remark: ./numeric-arithmetic.h:332:0: vectorized loop (vectorization width: 4, interleaved count: 4) [-Rpass=loop-vectorize]
remark: ./numeric-arithmetic.h:332:0: vectorized loop (vectorization width: 4, interleaved count: 4) [-Rpass=loop-vectorize]
remark: ./numeric-arithmetic.h:332:0: vectorized loop (vectorization width: 4, interleaved count: 4) [-Rpass=loop-vectorize]
remark: ./numeric-arithmetic.h:332:0: vectorized loop (vectorization width: 2, interleaved count: 4) [-Rpass=loop-vectorize]
remark: ./numeric-arithmetic.h:332:0: vectorized loop (vectorization width: 4, interleaved count: 4) [-Rpass=loop-vectorize]
remark: ./numeric-arithmetic.h:332:0: vectorized loop (vectorization width: 4, interleaved count: 4) [-Rpass=loop-vectorize]
remark: ./numeric-arithmetic.h:332:0: loop not vectorized: call instruction cannot be vectorized [-Rpass-analysis=loop-vectorize]
remark: ./numeric-arithmetic.h:332:0: loop not vectorized: Cannot vectorize uncountable loop [-Rpass-analysis=loop-vectorize]
remark: ./numeric-arithmetic.h:332:0: loop not vectorized [-Rpass-missed=loop-vectorize]
remark: ./numeric-arithmetic.h:332:0: loop not vectorized: call instruction cannot be vectorized [-Rpass-analysis=loop-vectorize]
remark: ./numeric-arithmetic.h:332:0: loop not vectorized: Cannot vectorize uncountable loop [-Rpass-analysis=loop-vectorize]
remark: ./numeric-arithmetic.h:332:0: loop not vectorized [-Rpass-missed=loop-vectorize]
remark: ./numeric-arithmetic.h:332:0: loop not vectorized: call instruction cannot be vectorized [-Rpass-analysis=loop-vectorize]
remark: ./numeric-arithmetic.h:332:0: loop not vectorized: Cannot vectorize uncountable loop [-Rpass-analysis=loop-vectorize]
remark: ./numeric-arithmetic.h:332:0: loop not vectorized [-Rpass-missed=loop-vectorize]
remark: ./numeric-arithmetic.h:332:0: loop not vectorized: call instruction cannot be vectorized [-Rpass-analysis=loop-vectorize]
remark: ./numeric-arithmetic.h:332:0: loop not vectorized: Cannot vectorize uncountable loop [-Rpass-analysis=loop-vectorize]
remark: ./numeric-arithmetic.h:332:0: loop not vectorized [-Rpass-missed=loop-vectorize]
remark: ./numeric-arithmetic.h:332:0: loop not vectorized: call instruction cannot be vectorized [-Rpass-analysis=loop-vectorize]
remark: ./numeric-arithmetic.h:332:0: loop not vectorized: Cannot vectorize uncountable loop [-Rpass-analysis=loop-vectorize]
remark: ./numeric-arithmetic.h:332:0: loop not vectorized [-Rpass-missed=loop-vectorize]
remark: ./numeric-arithmetic.h:332:0: loop not vectorized: call instruction cannot be vectorized [-Rpass-analysis=loop-vectorize]
remark: ./numeric-arithmetic.h:332:0: loop not vectorized: Cannot vectorize uncountable loop [-Rpass-analysis=loop-vectorize]
remark: ./numeric-arithmetic.h:332:0: loop not vectorized [-Rpass-missed=loop-vectorize]
remark: ./numeric-arithmetic.h:332:0: loop not vectorized: call instruction cannot be vectorized [-Rpass-analysis=loop-vectorize]
remark: ./numeric-arithmetic.h:332:0: loop not vectorized: Cannot vectorize uncountable loop [-Rpass-analysis=loop-vectorize]
remark: ./numeric-arithmetic.h:332:0: loop not vectorized [-Rpass-missed=loop-vectorize]
remark: ./numeric-arithmetic.h:332:0: loop not vectorized: call instruction cannot be vectorized [-Rpass-analysis=loop-vectorize]
remark: ./numeric-arithmetic.h:332:0: loop not vectorized: Cannot vectorize uncountable loop [-Rpass-analysis=loop-vectorize]
remark: ./numeric-arithmetic.h:332:0: loop not vectorized [-Rpass-missed=loop-vectorize]
remark: ./numeric-arithmetic.h:332:0: loop not vectorized: Cannot vectorize uncountable loop [-Rpass-analysis=loop-vectorize]
remark: ./numeric-arithmetic.h:332:0: loop not vectorized [-Rpass-missed=loop-vectorize]
remark: ./numeric-arithmetic.h:332:0: loop not vectorized: Cannot vectorize uncountable loop [-Rpass-analysis=loop-vectorize]
remark: ./numeric-arithmetic.h:332:0: loop not vectorized [-Rpass-missed=loop-vectorize]
remark: ./numeric-arithmetic.h:332:0: loop not vectorized: Cannot vectorize uncountable loop [-Rpass-analysis=loop-vectorize]
remark: ./numeric-arithmetic.h:332:0: loop not vectorized [-Rpass-missed=loop-vectorize]
remark: ./numeric-arithmetic.h:332:0: loop not vectorized: Cannot vectorize uncountable loop [-Rpass-analysis=loop-vectorize]
remark: ./numeric-arithmetic.h:332:0: loop not vectorized [-Rpass-missed=loop-vectorize]
remark: ./numeric-arithmetic.h:332:0: loop not vectorized: call instruction cannot be vectorized [-Rpass-analysis=loop-vectorize]
remark: ./numeric-arithmetic.h:332:0: loop not vectorized [-Rpass-missed=loop-vectorize]
remark: ./numeric-arithmetic.h:332:0: loop not vectorized: call instruction cannot be vectorized [-Rpass-analysis=loop-vectorize]
remark: ./numeric-arithmetic.h:332:0: loop not vectorized [-Rpass-missed=loop-vectorize]
remark: ./numeric-arithmetic.h:332:0: loop not vectorized: call instruction cannot be vectorized [-Rpass-analysis=loop-vectorize]
remark: ./numeric-arithmetic.h:332:0: loop not vectorized [-Rpass-missed=loop-vectorize]
remark: ./numeric-arithmetic.h:332:0: loop not vectorized: call instruction cannot be vectorized [-Rpass-analysis=loop-vectorize]
remark: ./numeric-arithmetic.h:332:0: loop not vectorized [-Rpass-missed=loop-vectorize]
remark: ./numeric-arithmetic.h:332:0: loop not vectorized: call instruction cannot be vectorized [-Rpass-analysis=loop-vectorize]
remark: ./numeric-arithmetic.h:332:0: loop not vectorized [-Rpass-missed=loop-vectorize]
remark: ./numeric-arithmetic.h:332:0: loop not vectorized: call instruction cannot be vectorized [-Rpass-analysis=loop-vectorize]
remark: ./numeric-arithmetic.h:332:0: loop not vectorized [-Rpass-missed=loop-vectorize]
remark: ./numeric-arithmetic.h:332:0: loop not vectorized: call instruction cannot be vectorized [-Rpass-analysis=loop-vectorize]
remark: ./numeric-arithmetic.h:332:0: loop not vectorized [-Rpass-missed=loop-vectorize]
remark: ./numeric-arithmetic.h:332:0: loop not vectorized: call instruction cannot be vectorized [-Rpass-analysis=loop-vectorize]
remark: ./numeric-arithmetic.h:332:0: loop not vectorized [-Rpass-missed=loop-vectorize]
remark: ./numeric-arithmetic.h:332:0: vectorized loop (vectorization width: 8, interleaved count: 2) [-Rpass=loop-vectorize]
remark: ./numeric-arithmetic.h:332:0: vectorized loop (vectorization width: 8, interleaved count: 4) [-Rpass=loop-vectorize]
remark: ./numeric-arithmetic.h:332:0: vectorized loop (vectorization width: 8, interleaved count: 2) [-Rpass=loop-vectorize]
remark: ./numeric-arithmetic.h:332:0: vectorized loop (vectorization width: 8, interleaved count: 2) [-Rpass=loop-vectorize]
remark: ./numeric-arithmetic.h:332:0: loop not vectorized: call instruction cannot be vectorized [-Rpass-analysis=loop-vectorize]
remark: ./numeric-arithmetic.h:332:0: loop not vectorized [-Rpass-missed=loop-vectorize]
remark: ./numeric-arithmetic.h:332:0: loop not vectorized: call instruction cannot be vectorized [-Rpass-analysis=loop-vectorize]
remark: ./numeric-arithmetic.h:332:0: loop not vectorized [-Rpass-missed=loop-vectorize]
remark: ./numeric-arithmetic.h:332:0: loop not vectorized: call instruction cannot be vectorized [-Rpass-analysis=loop-vectorize]
remark: ./numeric-arithmetic.h:332:0: loop not vectorized [-Rpass-missed=loop-vectorize]
remark: ./numeric-arithmetic.h:332:0: loop not vectorized: call instruction cannot be vectorized [-Rpass-analysis=loop-vectorize]
remark: ./numeric-arithmetic.h:332:0: loop not vectorized [-Rpass-missed=loop-vectorize]
remark: ./numeric-arithmetic.h:332:0: loop not vectorized: call instruction cannot be vectorized [-Rpass-analysis=loop-vectorize]
remark: ./numeric-arithmetic.h:332:0: loop not vectorized [-Rpass-missed=loop-vectorize]
remark: ./numeric-arithmetic.h:332:0: loop not vectorized: call instruction cannot be vectorized [-Rpass-analysis=loop-vectorize]
remark: ./numeric-arithmetic.h:332:0: loop not vectorized [-Rpass-missed=loop-vectorize]
remark: ./numeric-arithmetic.h:332:0: loop not vectorized: call instruction cannot be vectorized [-Rpass-analysis=loop-vectorize]
remark: ./numeric-arithmetic.h:332:0: loop not vectorized [-Rpass-missed=loop-vectorize]
remark: ./numeric-arithmetic.h:332:0: loop not vectorized: call instruction cannot be vectorized [-Rpass-analysis=loop-vectorize]
remark: ./numeric-arithmetic.h:332:0: loop not vectorized [-Rpass-missed=loop-vectorize]
remark: ./numeric-arithmetic.h:332:0: vectorized loop (vectorization width: 4, interleaved count: 4) [-Rpass=loop-vectorize]
remark: ./numeric-arithmetic.h:332:0: vectorized loop (vectorization width: 4, interleaved count: 4) [-Rpass=loop-vectorize]
remark: ./numeric-arithmetic.h:332:0: vectorized loop (vectorization width: 4, interleaved count: 4) [-Rpass=loop-vectorize]
remark: ./numeric-arithmetic.h:332:0: vectorized loop (vectorization width: 4, interleaved count: 4) [-Rpass=loop-vectorize]
remark: ./numeric-arithmetic.h:332:0: loop not vectorized: call instruction cannot be vectorized [-Rpass-analysis=loop-vectorize]
remark: ./numeric-arithmetic.h:332:0: loop not vectorized [-Rpass-missed=loop-vectorize]
remark: ./numeric-arithmetic.h:332:0: loop not vectorized: call instruction cannot be vectorized [-Rpass-analysis=loop-vectorize]
remark: ./numeric-arithmetic.h:332:0: loop not vectorized [-Rpass-missed=loop-vectorize]
remark: ./numeric-arithmetic.h:332:0: loop not vectorized: call instruction cannot be vectorized [-Rpass-analysis=loop-vectorize]
remark: ./numeric-arithmetic.h:332:0: loop not vectorized [-Rpass-missed=loop-vectorize]
remark: ./numeric-arithmetic.h:332:0: loop not vectorized: call instruction cannot be vectorized [-Rpass-analysis=loop-vectorize]
remark: ./numeric-arithmetic.h:332:0: loop not vectorized [-Rpass-missed=loop-vectorize]
remark: ./numeric-arithmetic.h:332:0: loop not vectorized: call instruction cannot be vectorized [-Rpass-analysis=loop-vectorize]
remark: ./numeric-arithmetic.h:332:0: loop not vectorized [-Rpass-missed=loop-vectorize]
remark: ./numeric-arithmetic.h:332:0: loop not vectorized: call instruction cannot be vectorized [-Rpass-analysis=loop-vectorize]
remark: ./numeric-arithmetic.h:332:0: loop not vectorized [-Rpass-missed=loop-vectorize]
remark: ./numeric-arithmetic.h:332:0: loop not vectorized: call instruction cannot be vectorized [-Rpass-analysis=loop-vectorize]
remark: ./numeric-arithmetic.h:332:0: loop not vectorized [-Rpass-missed=loop-vectorize]
remark: ./numeric-arithmetic.h:332:0: loop not vectorized: call instruction cannot be vectorized [-Rpass-analysis=loop-vectorize]
remark: ./numeric-arithmetic.h:332:0: loop not vectorized [-Rpass-missed=loop-vectorize]
remark: ./numeric-arithmetic.h:332:0: vectorized loop (vectorization width: 4, interleaved count: 4) [-Rpass=loop-vectorize]
remark: ./numeric-arithmetic.h:332:0: floating point conversion changes vector width. Mixed floating point precision requires an up/down cast that will negatively impact performance. [-Rpass-analysis=loop-vectorize]
remark: ./numeric-arithmetic.h:332:0: vectorized loop (vectorization width: 4, interleaved count: 4) [-Rpass=loop-vectorize]
remark: ./numeric-arithmetic.h:332:0: vectorized loop (vectorization width: 4, interleaved count: 4) [-Rpass=loop-vectorize]
remark: ./numeric-arithmetic.h:332:0: floating point conversion changes vector width. Mixed floating point precision requires an up/down cast that will negatively impact performance. [-Rpass-analysis=loop-vectorize]
remark: ./numeric-arithmetic.h:332:0: floating point conversion changes vector width. Mixed floating point precision requires an up/down cast that will negatively impact performance. [-Rpass-analysis=loop-vectorize]
remark: ./numeric-arithmetic.h:332:0: vectorized loop (vectorization width: 4, interleaved count: 4) [-Rpass=loop-vectorize]
remark: ./numeric-arithmetic.h:332:0: floating point conversion changes vector width. Mixed floating point precision requires an up/down cast that will negatively impact performance. [-Rpass-analysis=loop-vectorize]
remark: ./numeric-arithmetic.h:332:0: vectorized loop (vectorization width: 4, interleaved count: 4) [-Rpass=loop-vectorize]
remark: ./numeric-arithmetic.h:332:0: vectorized loop (vectorization width: 2, interleaved count: 4) [-Rpass=loop-vectorize]
remark: ./numeric-arithmetic.h:332:0: vectorized loop (vectorization width: 4, interleaved count: 4) [-Rpass=loop-vectorize]
remark: ./numeric-arithmetic.h:332:0: vectorized loop (vectorization width: 4, interleaved count: 4) [-Rpass=loop-vectorize]
remark: ./numeric-arithmetic.h:332:0: vectorized loop (vectorization width: 4, interleaved count: 4) [-Rpass=loop-vectorize]
remark: ./numeric-arithmetic.h:332:0: vectorized loop (vectorization width: 2, interleaved count: 4) [-Rpass=loop-vectorize]
remark: ./numeric-arithmetic.h:332:0: vectorized loop (vectorization width: 4, interleaved count: 4) [-Rpass=loop-vectorize]
remark: ./numeric-arithmetic.h:332:0: vectorized loop (vectorization width: 4, interleaved count: 4) [-Rpass=loop-vectorize]
remark: ./numeric-arithmetic.h:332:0: vectorized loop (vectorization width: 4, interleaved count: 4) [-Rpass=loop-vectorize]
remark: ./numeric-arithmetic.h:332:0: vectorized loop (vectorization width: 2, interleaved count: 4) [-Rpass=loop-vectorize]
remark: ./numeric-arithmetic.h:332:0: vectorized loop (vectorization width: 4, interleaved count: 4) [-Rpass=loop-vectorize]
remark: ./numeric-arithmetic.h:332:0: vectorized loop (vectorization width: 4, interleaved count: 4) [-Rpass=loop-vectorize]
remark: ./numeric-arithmetic.h:332:0: loop not vectorized: call instruction cannot be vectorized [-Rpass-analysis=loop-vectorize]
remark: ./numeric-arithmetic.h:332:0: loop not vectorized: Cannot vectorize uncountable loop [-Rpass-analysis=loop-vectorize]
remark: ./numeric-arithmetic.h:332:0: loop not vectorized [-Rpass-missed=loop-vectorize]
remark: ./numeric-arithmetic.h:332:0: loop not vectorized: call instruction cannot be vectorized [-Rpass-analysis=loop-vectorize]
remark: ./numeric-arithmetic.h:332:0: loop not vectorized: Cannot vectorize uncountable loop [-Rpass-analysis=loop-vectorize]
remark: ./numeric-arithmetic.h:332:0: loop not vectorized [-Rpass-missed=loop-vectorize]
remark: ./numeric-arithmetic.h:332:0: loop not vectorized: call instruction cannot be vectorized [-Rpass-analysis=loop-vectorize]
remark: ./numeric-arithmetic.h:332:0: loop not vectorized: Cannot vectorize uncountable loop [-Rpass-analysis=loop-vectorize]
remark: ./numeric-arithmetic.h:332:0: loop not vectorized [-Rpass-missed=loop-vectorize]
remark: ./numeric-arithmetic.h:332:0: loop not vectorized: call instruction cannot be vectorized [-Rpass-analysis=loop-vectorize]
remark: ./numeric-arithmetic.h:332:0: loop not vectorized: Cannot vectorize uncountable loop [-Rpass-analysis=loop-vectorize]
remark: ./numeric-arithmetic.h:332:0: loop not vectorized [-Rpass-missed=loop-vectorize]
remark: ./numeric-arithmetic.h:332:0: loop not vectorized: call instruction cannot be vectorized [-Rpass-analysis=loop-vectorize]
remark: ./numeric-arithmetic.h:332:0: loop not vectorized: Cannot vectorize uncountable loop [-Rpass-analysis=loop-vectorize]
remark: ./numeric-arithmetic.h:332:0: loop not vectorized [-Rpass-missed=loop-vectorize]
remark: ./numeric-arithmetic.h:332:0: loop not vectorized: call instruction cannot be vectorized [-Rpass-analysis=loop-vectorize]
remark: ./numeric-arithmetic.h:332:0: loop not vectorized: Cannot vectorize uncountable loop [-Rpass-analysis=loop-vectorize]
remark: ./numeric-arithmetic.h:332:0: loop not vectorized [-Rpass-missed=loop-vectorize]
remark: ./numeric-arithmetic.h:332:0: loop not vectorized: call instruction cannot be vectorized [-Rpass-analysis=loop-vectorize]
remark: ./numeric-arithmetic.h:332:0: loop not vectorized: Cannot vectorize uncountable loop [-Rpass-analysis=loop-vectorize]
remark: ./numeric-arithmetic.h:332:0: loop not vectorized [-Rpass-missed=loop-vectorize]
remark: ./numeric-arithmetic.h:332:0: loop not vectorized: call instruction cannot be vectorized [-Rpass-analysis=loop-vectorize]
remark: ./numeric-arithmetic.h:332:0: loop not vectorized: Cannot vectorize uncountable loop [-Rpass-analysis=loop-vectorize]
remark: ./numeric-arithmetic.h:332:0: loop not vectorized [-Rpass-missed=loop-vectorize]
remark: ./numeric-arithmetic.h:332:0: loop not vectorized: Cannot vectorize uncountable loop [-Rpass-analysis=loop-vectorize]
remark: ./numeric-arithmetic.h:332:0: loop not vectorized [-Rpass-missed=loop-vectorize]
remark: ./numeric-arithmetic.h:332:0: loop not vectorized: Cannot vectorize uncountable loop [-Rpass-analysis=loop-vectorize]
remark: ./numeric-arithmetic.h:332:0: loop not vectorized [-Rpass-missed=loop-vectorize]
remark: ./numeric-arithmetic.h:332:0: loop not vectorized: Cannot vectorize uncountable loop [-Rpass-analysis=loop-vectorize]
remark: ./numeric-arithmetic.h:332:0: loop not vectorized [-Rpass-missed=loop-vectorize]
remark: ./numeric-arithmetic.h:332:0: loop not vectorized: Cannot vectorize uncountable loop [-Rpass-analysis=loop-vectorize]
remark: ./numeric-arithmetic.h:332:0: loop not vectorized [-Rpass-missed=loop-vectorize]
remark: ./numeric-arithmetic.h:332:0: loop not vectorized: call instruction cannot be vectorized [-Rpass-analysis=loop-vectorize]
remark: ./numeric-arithmetic.h:332:0: loop not vectorized [-Rpass-missed=loop-vectorize]
remark: ./numeric-arithmetic.h:332:0: loop not vectorized: call instruction cannot be vectorized [-Rpass-analysis=loop-vectorize]
remark: ./numeric-arithmetic.h:332:0: loop not vectorized [-Rpass-missed=loop-vectorize]
remark: ./numeric-arithmetic.h:332:0: loop not vectorized: call instruction cannot be vectorized [-Rpass-analysis=loop-vectorize]
remark: ./numeric-arithmetic.h:332:0: loop not vectorized [-Rpass-missed=loop-vectorize]
remark: ./numeric-arithmetic.h:332:0: loop not vectorized: call instruction cannot be vectorized [-Rpass-analysis=loop-vectorize]
remark: ./numeric-arithmetic.h:332:0: loop not vectorized [-Rpass-missed=loop-vectorize]
remark: ./numeric-arithmetic.h:332:0: loop not vectorized: call instruction cannot be vectorized [-Rpass-analysis=loop-vectorize]
remark: ./numeric-arithmetic.h:332:0: loop not vectorized [-Rpass-missed=loop-vectorize]
remark: ./numeric-arithmetic.h:332:0: loop not vectorized: call instruction cannot be vectorized [-Rpass-analysis=loop-vectorize]
remark: ./numeric-arithmetic.h:332:0: loop not vectorized [-Rpass-missed=loop-vectorize]
remark: ./numeric-arithmetic.h:332:0: loop not vectorized: call instruction cannot be vectorized [-Rpass-analysis=loop-vectorize]
remark: ./numeric-arithmetic.h:332:0: loop not vectorized [-Rpass-missed=loop-vectorize]
remark: ./numeric-arithmetic.h:332:0: loop not vectorized: call instruction cannot be vectorized [-Rpass-analysis=loop-vectorize]
remark: ./numeric-arithmetic.h:332:0: loop not vectorized [-Rpass-missed=loop-vectorize]
remark: ./numeric-arithmetic.h:332:0: vectorized loop (vectorization width: 8, interleaved count: 2) [-Rpass=loop-vectorize]
remark: ./numeric-arithmetic.h:332:0: vectorized loop (vectorization width: 8, interleaved count: 4) [-Rpass=loop-vectorize]
remark: ./numeric-arithmetic.h:332:0: vectorized loop (vectorization width: 8, interleaved count: 2) [-Rpass=loop-vectorize]
remark: ./numeric-arithmetic.h:332:0: vectorized loop (vectorization width: 8, interleaved count: 2) [-Rpass=loop-vectorize]
remark: ./numeric-arithmetic.h:332:0: loop not vectorized: call instruction cannot be vectorized [-Rpass-analysis=loop-vectorize]
remark: ./numeric-arithmetic.h:332:0: loop not vectorized [-Rpass-missed=loop-vectorize]
remark: ./numeric-arithmetic.h:332:0: loop not vectorized: call instruction cannot be vectorized [-Rpass-analysis=loop-vectorize]
remark: ./numeric-arithmetic.h:332:0: loop not vectorized [-Rpass-missed=loop-vectorize]
remark: ./numeric-arithmetic.h:332:0: loop not vectorized: call instruction cannot be vectorized [-Rpass-analysis=loop-vectorize]
remark: ./numeric-arithmetic.h:332:0: loop not vectorized [-Rpass-missed=loop-vectorize]
remark: ./numeric-arithmetic.h:332:0: loop not vectorized: call instruction cannot be vectorized [-Rpass-analysis=loop-vectorize]
remark: ./numeric-arithmetic.h:332:0: loop not vectorized [-Rpass-missed=loop-vectorize]
remark: ./numeric-arithmetic.h:332:0: loop not vectorized: call instruction cannot be vectorized [-Rpass-analysis=loop-vectorize]
remark: ./numeric-arithmetic.h:332:0: loop not vectorized [-Rpass-missed=loop-vectorize]
remark: ./numeric-arithmetic.h:332:0: loop not vectorized: call instruction cannot be vectorized [-Rpass-analysis=loop-vectorize]
remark: ./numeric-arithmetic.h:332:0: loop not vectorized [-Rpass-missed=loop-vectorize]
remark: ./numeric-arithmetic.h:332:0: loop not vectorized: call instruction cannot be vectorized [-Rpass-analysis=loop-vectorize]
remark: ./numeric-arithmetic.h:332:0: loop not vectorized [-Rpass-missed=loop-vectorize]
remark: ./numeric-arithmetic.h:332:0: loop not vectorized: call instruction cannot be vectorized [-Rpass-analysis=loop-vectorize]
remark: ./numeric-arithmetic.h:332:0: loop not vectorized [-Rpass-missed=loop-vectorize]
remark: ./numeric-arithmetic.h:332:0: vectorized loop (vectorization width: 4, interleaved count: 4) [-Rpass=loop-vectorize]
remark: ./numeric-arithmetic.h:332:0: vectorized loop (vectorization width: 4, interleaved count: 4) [-Rpass=loop-vectorize]
remark: ./numeric-arithmetic.h:332:0: vectorized loop (vectorization width: 4, interleaved count: 4) [-Rpass=loop-vectorize]
remark: ./numeric-arithmetic.h:332:0: vectorized loop (vectorization width: 4, interleaved count: 4) [-Rpass=loop-vectorize]
remark: ./numeric-arithmetic.h:332:0: loop not vectorized: call instruction cannot be vectorized [-Rpass-analysis=loop-vectorize]
remark: ./numeric-arithmetic.h:332:0: loop not vectorized [-Rpass-missed=loop-vectorize]
remark: ./numeric-arithmetic.h:332:0: loop not vectorized: call instruction cannot be vectorized [-Rpass-analysis=loop-vectorize]
remark: ./numeric-arithmetic.h:332:0: loop not vectorized [-Rpass-missed=loop-vectorize]
remark: ./numeric-arithmetic.h:332:0: loop not vectorized: call instruction cannot be vectorized [-Rpass-analysis=loop-vectorize]
remark: ./numeric-arithmetic.h:332:0: loop not vectorized [-Rpass-missed=loop-vectorize]
remark: ./numeric-arithmetic.h:332:0: loop not vectorized: call instruction cannot be vectorized [-Rpass-analysis=loop-vectorize]
remark: ./numeric-arithmetic.h:332:0: loop not vectorized [-Rpass-missed=loop-vectorize]
remark: ./numeric-arithmetic.h:332:0: loop not vectorized: call instruction cannot be vectorized [-Rpass-analysis=loop-vectorize]
remark: ./numeric-arithmetic.h:332:0: loop not vectorized [-Rpass-missed=loop-vectorize]
remark: ./numeric-arithmetic.h:332:0: loop not vectorized: call instruction cannot be vectorized [-Rpass-analysis=loop-vectorize]
remark: ./numeric-arithmetic.h:332:0: loop not vectorized [-Rpass-missed=loop-vectorize]
remark: ./numeric-arithmetic.h:332:0: loop not vectorized: call instruction cannot be vectorized [-Rpass-analysis=loop-vectorize]
remark: ./numeric-arithmetic.h:332:0: loop not vectorized [-Rpass-missed=loop-vectorize]
remark: ./numeric-arithmetic.h:332:0: loop not vectorized: call instruction cannot be vectorized [-Rpass-analysis=loop-vectorize]
remark: ./numeric-arithmetic.h:332:0: loop not vectorized [-Rpass-missed=loop-vectorize]
remark: ./numeric-arithmetic.h:332:0: vectorized loop (vectorization width: 4, interleaved count: 4) [-Rpass=loop-vectorize]
remark: ./numeric-arithmetic.h:332:0: floating point conversion changes vector width. Mixed floating point precision requires an up/down cast that will negatively impact performance. [-Rpass-analysis=loop-vectorize]
remark: ./numeric-arithmetic.h:332:0: vectorized loop (vectorization width: 4, interleaved count: 4) [-Rpass=loop-vectorize]
remark: ./numeric-arithmetic.h:332:0: vectorized loop (vectorization width: 4, interleaved count: 4) [-Rpass=loop-vectorize]
remark: ./numeric-arithmetic.h:332:0: floating point conversion changes vector width. Mixed floating point precision requires an up/down cast that will negatively impact performance. [-Rpass-analysis=loop-vectorize]
remark: ./numeric-arithmetic.h:332:0: floating point conversion changes vector width. Mixed floating point precision requires an up/down cast that will negatively impact performance. [-Rpass-analysis=loop-vectorize]
remark: ./numeric-arithmetic.h:332:0: vectorized loop (vectorization width: 4, interleaved count: 4) [-Rpass=loop-vectorize]
remark: ./numeric-arithmetic.h:332:0: floating point conversion changes vector width. Mixed floating point precision requires an up/down cast that will negatively impact performance. [-Rpass-analysis=loop-vectorize]
remark: ./numeric-arithmetic.h:332:0: vectorized loop (vectorization width: 4, interleaved count: 4) [-Rpass=loop-vectorize]
remark: ./numeric-arithmetic.h:332:0: vectorized loop (vectorization width: 2, interleaved count: 4) [-Rpass=loop-vectorize]
remark: ./numeric-arithmetic.h:332:0: vectorized loop (vectorization width: 4, interleaved count: 4) [-Rpass=loop-vectorize]
remark: ./numeric-arithmetic.h:332:0: vectorized loop (vectorization width: 4, interleaved count: 4) [-Rpass=loop-vectorize]
remark: ./numeric-arithmetic.h:332:0: vectorized loop (vectorization width: 4, interleaved count: 4) [-Rpass=loop-vectorize]
remark: ./numeric-arithmetic.h:332:0: vectorized loop (vectorization width: 2, interleaved count: 4) [-Rpass=loop-vectorize]
remark: ./numeric-arithmetic.h:332:0: vectorized loop (vectorization width: 4, interleaved count: 4) [-Rpass=loop-vectorize]
remark: ./numeric-arithmetic.h:332:0: vectorized loop (vectorization width: 4, interleaved count: 4) [-Rpass=loop-vectorize]
remark: ./numeric-arithmetic.h:332:0: vectorized loop (vectorization width: 4, interleaved count: 4) [-Rpass=loop-vectorize]
remark: ./numeric-arithmetic.h:332:0: vectorized loop (vectorization width: 2, interleaved count: 4) [-Rpass=loop-vectorize]
remark: ./numeric-arithmetic.h:332:0: vectorized loop (vectorization width: 4, interleaved count: 4) [-Rpass=loop-vectorize]
remark: ./numeric-arithmetic.h:332:0: vectorized loop (vectorization width: 4, interleaved count: 4) [-Rpass=loop-vectorize]
remark: ./numeric-arithmetic.h:480:8453: loop not vectorized: call instruction cannot be vectorized [-Rpass-analysis=loop-vectorize]
remark: ./numeric-arithmetic.h:480:7576: loop not vectorized: Cannot vectorize uncountable loop [-Rpass-analysis=loop-vectorize]
remark: ./numeric-arithmetic.h:480:7576: loop not vectorized [-Rpass-missed=loop-vectorize]
remark: ./numeric-arithmetic.h:480:7420: loop not vectorized: call instruction cannot be vectorized [-Rpass-analysis=loop-vectorize]
remark: ./numeric-arithmetic.h:480:6543: loop not vectorized: Cannot vectorize uncountable loop [-Rpass-analysis=loop-vectorize]
remark: ./numeric-arithmetic.h:480:6543: loop not vectorized [-Rpass-missed=loop-vectorize]
remark: ./numeric-arithmetic.h:480:6371: loop not vectorized: call instruction cannot be vectorized [-Rpass-analysis=loop-vectorize]
remark: ./numeric-arithmetic.h:480:5494: loop not vectorized: Cannot vectorize uncountable loop [-Rpass-analysis=loop-vectorize]
remark: ./numeric-arithmetic.h:480:5494: loop not vectorized [-Rpass-missed=loop-vectorize]
remark: ./numeric-arithmetic.h:480:5338: loop not vectorized: call instruction cannot be vectorized [-Rpass-analysis=loop-vectorize]
remark: ./numeric-arithmetic.h:480:4461: loop not vectorized: Cannot vectorize uncountable loop [-Rpass-analysis=loop-vectorize]
remark: ./numeric-arithmetic.h:480:4461: loop not vectorized [-Rpass-missed=loop-vectorize]
remark: ./numeric-arithmetic.h:480:12659: loop not vectorized: call instruction cannot be vectorized [-Rpass-analysis=loop-vectorize]
remark: ./numeric-arithmetic.h:480:11782: loop not vectorized: Cannot vectorize uncountable loop [-Rpass-analysis=loop-vectorize]
remark: ./numeric-arithmetic.h:480:11782: loop not vectorized [-Rpass-missed=loop-vectorize]
remark: ./numeric-arithmetic.h:480:11626: loop not vectorized: call instruction cannot be vectorized [-Rpass-analysis=loop-vectorize]
remark: ./numeric-arithmetic.h:480:10749: loop not vectorized: Cannot vectorize uncountable loop [-Rpass-analysis=loop-vectorize]
remark: ./numeric-arithmetic.h:480:10749: loop not vectorized [-Rpass-missed=loop-vectorize]
remark: ./numeric-arithmetic.h:480:10577: loop not vectorized: call instruction cannot be vectorized [-Rpass-analysis=loop-vectorize]
remark: ./numeric-arithmetic.h:480:9700: loop not vectorized: Cannot vectorize uncountable loop [-Rpass-analysis=loop-vectorize]
remark: ./numeric-arithmetic.h:480:9700: loop not vectorized [-Rpass-missed=loop-vectorize]
remark: ./numeric-arithmetic.h:480:9544: loop not vectorized: call instruction cannot be vectorized [-Rpass-analysis=loop-vectorize]
remark: ./numeric-arithmetic.h:480:8667: loop not vectorized: Cannot vectorize uncountable loop [-Rpass-analysis=loop-vectorize]
remark: ./numeric-arithmetic.h:480:8667: loop not vectorized [-Rpass-missed=loop-vectorize]
remark: ./numeric-arithmetic.h:480:3349: loop not vectorized: Cannot vectorize uncountable loop [-Rpass-analysis=loop-vectorize]
remark: ./numeric-arithmetic.h:480:3349: loop not vectorized [-Rpass-missed=loop-vectorize]
remark: ./numeric-arithmetic.h:480:2316: loop not vectorized: Cannot vectorize uncountable loop [-Rpass-analysis=loop-vectorize]
remark: ./numeric-arithmetic.h:480:2316: loop not vectorized [-Rpass-missed=loop-vectorize]
remark: ./numeric-arithmetic.h:480:1267: loop not vectorized: Cannot vectorize uncountable loop [-Rpass-analysis=loop-vectorize]
remark: ./numeric-arithmetic.h:480:1267: loop not vectorized [-Rpass-missed=loop-vectorize]
remark: ./numeric-arithmetic.h:480:234: loop not vectorized: Cannot vectorize uncountable loop [-Rpass-analysis=loop-vectorize]
remark: ./numeric-arithmetic.h:480:234: loop not vectorized [-Rpass-missed=loop-vectorize]
remark: ./numeric-arithmetic.h:480:21214: loop not vectorized: call instruction cannot be vectorized [-Rpass-analysis=loop-vectorize]
remark: ./numeric-arithmetic.h:480:20328: loop not vectorized [-Rpass-missed=loop-vectorize]
remark: ./numeric-arithmetic.h:480:20170: loop not vectorized: call instruction cannot be vectorized [-Rpass-analysis=loop-vectorize]
remark: ./numeric-arithmetic.h:480:19284: loop not vectorized [-Rpass-missed=loop-vectorize]
remark: ./numeric-arithmetic.h:480:19110: loop not vectorized: call instruction cannot be vectorized [-Rpass-analysis=loop-vectorize]
remark: ./numeric-arithmetic.h:480:18224: loop not vectorized [-Rpass-missed=loop-vectorize]
remark: ./numeric-arithmetic.h:480:18066: loop not vectorized: call instruction cannot be vectorized [-Rpass-analysis=loop-vectorize]
remark: ./numeric-arithmetic.h:480:17180: loop not vectorized [-Rpass-missed=loop-vectorize]
remark: ./numeric-arithmetic.h:480:25464: loop not vectorized: call instruction cannot be vectorized [-Rpass-analysis=loop-vectorize]
remark: ./numeric-arithmetic.h:480:24578: loop not vectorized [-Rpass-missed=loop-vectorize]
remark: ./numeric-arithmetic.h:480:24420: loop not vectorized: call instruction cannot be vectorized [-Rpass-analysis=loop-vectorize]
remark: ./numeric-arithmetic.h:480:23534: loop not vectorized [-Rpass-missed=loop-vectorize]
remark: ./numeric-arithmetic.h:480:23360: loop not vectorized: call instruction cannot be vectorized [-Rpass-analysis=loop-vectorize]
remark: ./numeric-arithmetic.h:480:22474: loop not vectorized [-Rpass-missed=loop-vectorize]
remark: ./numeric-arithmetic.h:480:22316: loop not vectorized: call instruction cannot be vectorized [-Rpass-analysis=loop-vectorize]
remark: ./numeric-arithmetic.h:480:21430: loop not vectorized [-Rpass-missed=loop-vectorize]
remark: ./numeric-arithmetic.h:480:16057: the cost-model indicates that vectorization is not beneficial [-Rpass-missed=loop-vectorize]
remark: ./numeric-arithmetic.h:480:16057: the cost-model indicates that interleaving is not beneficial [-Rpass-missed=loop-vectorize]
remark: ./numeric-arithmetic.h:480:15013: the cost-model indicates that vectorization is not beneficial [-Rpass-missed=loop-vectorize]
remark: ./numeric-arithmetic.h:480:15013: the cost-model indicates that interleaving is not beneficial [-Rpass-missed=loop-vectorize]
remark: ./numeric-arithmetic.h:480:13953: the cost-model indicates that vectorization is not beneficial [-Rpass-missed=loop-vectorize]
remark: ./numeric-arithmetic.h:480:13953: the cost-model indicates that interleaving is not beneficial [-Rpass-missed=loop-vectorize]
remark: ./numeric-arithmetic.h:480:12909: vectorized loop (vectorization width: 8, interleaved count: 4) [-Rpass=loop-vectorize]
remark: ./numeric-arithmetic.h:480:34188: loop not vectorized: call instruction cannot be vectorized [-Rpass-analysis=loop-vectorize]
remark: ./numeric-arithmetic.h:480:33281: loop not vectorized [-Rpass-missed=loop-vectorize]
remark: ./numeric-arithmetic.h:480:33123: loop not vectorized: call instruction cannot be vectorized [-Rpass-analysis=loop-vectorize]
remark: ./numeric-arithmetic.h:480:32216: loop not vectorized [-Rpass-missed=loop-vectorize]
remark: ./numeric-arithmetic.h:480:32042: loop not vectorized: call instruction cannot be vectorized [-Rpass-analysis=loop-vectorize]
remark: ./numeric-arithmetic.h:480:31135: loop not vectorized [-Rpass-missed=loop-vectorize]
remark: ./numeric-arithmetic.h:480:30977: loop not vectorized: call instruction cannot be vectorized [-Rpass-analysis=loop-vectorize]
remark: ./numeric-arithmetic.h:480:30070: loop not vectorized [-Rpass-missed=loop-vectorize]
remark: ./numeric-arithmetic.h:480:38522: loop not vectorized: call instruction cannot be vectorized [-Rpass-analysis=loop-vectorize]
remark: ./numeric-arithmetic.h:480:37615: loop not vectorized [-Rpass-missed=loop-vectorize]
remark: ./numeric-arithmetic.h:480:37457: loop not vectorized: call instruction cannot be vectorized [-Rpass-analysis=loop-vectorize]
remark: ./numeric-arithmetic.h:480:36550: loop not vectorized [-Rpass-missed=loop-vectorize]
remark: ./numeric-arithmetic.h:480:36376: loop not vectorized: call instruction cannot be vectorized [-Rpass-analysis=loop-vectorize]
remark: ./numeric-arithmetic.h:480:35469: loop not vectorized [-Rpass-missed=loop-vectorize]
remark: ./numeric-arithmetic.h:480:35311: loop not vectorized: call instruction cannot be vectorized [-Rpass-analysis=loop-vectorize]
remark: ./numeric-arithmetic.h:480:34404: loop not vectorized [-Rpass-missed=loop-vectorize]
remark: ./numeric-arithmetic.h:480:28926: the cost-model indicates that vectorization is not beneficial [-Rpass-missed=loop-vectorize]
remark: ./numeric-arithmetic.h:480:28926: the cost-model indicates that interleaving is not beneficial [-Rpass-missed=loop-vectorize]
remark: ./numeric-arithmetic.h:480:27861: the cost-model indicates that vectorization is not beneficial [-Rpass-missed=loop-vectorize]
remark: ./numeric-arithmetic.h:480:27861: the cost-model indicates that interleaving is not beneficial [-Rpass-missed=loop-vectorize]
remark: ./numeric-arithmetic.h:480:26780: the cost-model indicates that vectorization is not beneficial [-Rpass-missed=loop-vectorize]
remark: ./numeric-arithmetic.h:480:26780: the cost-model indicates that interleaving is not beneficial [-Rpass-missed=loop-vectorize]
remark: ./numeric-arithmetic.h:480:25715: vectorized loop (vectorization width: 4, interleaved count: 4) [-Rpass=loop-vectorize]
remark: ./numeric-arithmetic.h:480:46655: loop not vectorized: call instruction cannot be vectorized [-Rpass-analysis=loop-vectorize]
remark: ./numeric-arithmetic.h:480:45818: loop not vectorized [-Rpass-missed=loop-vectorize]
remark: ./numeric-arithmetic.h:480:45664: loop not vectorized: call instruction cannot be vectorized [-Rpass-analysis=loop-vectorize]
remark: ./numeric-arithmetic.h:480:44827: loop not vectorized [-Rpass-missed=loop-vectorize]
remark: ./numeric-arithmetic.h:480:44657: loop not vectorized: call instruction cannot be vectorized [-Rpass-analysis=loop-vectorize]
remark: ./numeric-arithmetic.h:480:43820: loop not vectorized [-Rpass-missed=loop-vectorize]
remark: ./numeric-arithmetic.h:480:43666: loop not vectorized: call instruction cannot be vectorized [-Rpass-analysis=loop-vectorize]
remark: ./numeric-arithmetic.h:480:42829: loop not vectorized [-Rpass-missed=loop-vectorize]
remark: ./numeric-arithmetic.h:480:50693: loop not vectorized: call instruction cannot be vectorized [-Rpass-analysis=loop-vectorize]
remark: ./numeric-arithmetic.h:480:49856: loop not vectorized [-Rpass-missed=loop-vectorize]
remark: ./numeric-arithmetic.h:480:49702: loop not vectorized: call instruction cannot be vectorized [-Rpass-analysis=loop-vectorize]
remark: ./numeric-arithmetic.h:480:48865: loop not vectorized [-Rpass-missed=loop-vectorize]
remark: ./numeric-arithmetic.h:480:48695: loop not vectorized: call instruction cannot be vectorized [-Rpass-analysis=loop-vectorize]
remark: ./numeric-arithmetic.h:480:47858: loop not vectorized [-Rpass-missed=loop-vectorize]
remark: ./numeric-arithmetic.h:480:47704: loop not vectorized: call instruction cannot be vectorized [-Rpass-analysis=loop-vectorize]
remark: ./numeric-arithmetic.h:480:46867: loop not vectorized [-Rpass-missed=loop-vectorize]
remark: ./numeric-arithmetic.h:480:41759: the cost-model indicates that vectorization is not beneficial [-Rpass-missed=loop-vectorize]
remark: ./numeric-arithmetic.h:480:41759: the cost-model indicates that interleaving is not beneficial [-Rpass-missed=loop-vectorize]
remark: ./numeric-arithmetic.h:480:40768: the cost-model indicates that vectorization is not beneficial [-Rpass-missed=loop-vectorize]
remark: ./numeric-arithmetic.h:480:40768: the cost-model indicates that interleaving is not beneficial [-Rpass-missed=loop-vectorize]
remark: ./numeric-arithmetic.h:480:39761: the cost-model indicates that vectorization is not beneficial [-Rpass-missed=loop-vectorize]
remark: ./numeric-arithmetic.h:480:39761: the cost-model indicates that interleaving is not beneficial [-Rpass-missed=loop-vectorize]
remark: ./numeric-arithmetic.h:480:38770: vectorized loop (vectorization width: 4, interleaved count: 4) [-Rpass=loop-vectorize]
remark: ./numeric-arithmetic.h:480:57852: the cost-model indicates that vectorization is not beneficial [-Rpass-missed=loop-vectorize]
remark: ./numeric-arithmetic.h:480:57852: the cost-model indicates that interleaving is not beneficial [-Rpass-missed=loop-vectorize]
remark: ./numeric-arithmetic.h:480:56881: the cost-model indicates that vectorization is not beneficial [-Rpass-missed=loop-vectorize]
remark: ./numeric-arithmetic.h:480:56881: the cost-model indicates that interleaving is not beneficial [-Rpass-missed=loop-vectorize]
remark: ./numeric-arithmetic.h:480:55894: the cost-model indicates that vectorization is not beneficial [-Rpass-missed=loop-vectorize]
remark: ./numeric-arithmetic.h:480:55894: the cost-model indicates that interleaving is not beneficial [-Rpass-missed=loop-vectorize]
remark: ./numeric-arithmetic.h:480:54923: vectorized loop (vectorization width: 2, interleaved count: 4) [-Rpass=loop-vectorize]
remark: ./numeric-arithmetic.h:480:61810: the cost-model indicates that vectorization is not beneficial [-Rpass-missed=loop-vectorize]
remark: ./numeric-arithmetic.h:480:61810: the cost-model indicates that interleaving is not beneficial [-Rpass-missed=loop-vectorize]
remark: ./numeric-arithmetic.h:480:60839: the cost-model indicates that vectorization is not beneficial [-Rpass-missed=loop-vectorize]
remark: ./numeric-arithmetic.h:480:60839: the cost-model indicates that interleaving is not beneficial [-Rpass-missed=loop-vectorize]
remark: ./numeric-arithmetic.h:480:59852: the cost-model indicates that vectorization is not beneficial [-Rpass-missed=loop-vectorize]
remark: ./numeric-arithmetic.h:480:59852: the cost-model indicates that interleaving is not beneficial [-Rpass-missed=loop-vectorize]
remark: ./numeric-arithmetic.h:480:58881: vectorized loop (vectorization width: 2, interleaved count: 4) [-Rpass=loop-vectorize]
remark: ./numeric-arithmetic.h:480:53873: the cost-model indicates that vectorization is not beneficial [-Rpass-missed=loop-vectorize]
remark: ./numeric-arithmetic.h:480:53873: the cost-model indicates that interleaving is not beneficial [-Rpass-missed=loop-vectorize]
remark: ./numeric-arithmetic.h:480:52902: the cost-model indicates that vectorization is not beneficial [-Rpass-missed=loop-vectorize]
remark: ./numeric-arithmetic.h:480:52902: the cost-model indicates that interleaving is not beneficial [-Rpass-missed=loop-vectorize]
remark: ./numeric-arithmetic.h:480:51915: the cost-model indicates that vectorization is not beneficial [-Rpass-missed=loop-vectorize]
remark: ./numeric-arithmetic.h:480:51915: the cost-model indicates that interleaving is not beneficial [-Rpass-missed=loop-vectorize]
remark: ./numeric-arithmetic.h:480:50944: vectorized loop (vectorization width: 2, interleaved count: 4) [-Rpass=loop-vectorize]
remark: ./numeric-arithmetic.h:480:0: loop not vectorized: call instruction cannot be vectorized [-Rpass-analysis=loop-vectorize]
remark: ./numeric-arithmetic.h:480:0: loop not vectorized: Cannot vectorize uncountable loop [-Rpass-analysis=loop-vectorize]
remark: ./numeric-arithmetic.h:480:0: loop not vectorized [-Rpass-missed=loop-vectorize]
remark: ./numeric-arithmetic.h:480:0: loop not vectorized: call instruction cannot be vectorized [-Rpass-analysis=loop-vectorize]
remark: ./numeric-arithmetic.h:480:0: loop not vectorized: Cannot vectorize uncountable loop [-Rpass-analysis=loop-vectorize]
remark: ./numeric-arithmetic.h:480:0: loop not vectorized [-Rpass-missed=loop-vectorize]
remark: ./numeric-arithmetic.h:480:0: loop not vectorized: call instruction cannot be vectorized [-Rpass-analysis=loop-vectorize]
remark: ./numeric-arithmetic.h:480:0: loop not vectorized: Cannot vectorize uncountable loop [-Rpass-analysis=loop-vectorize]
remark: ./numeric-arithmetic.h:480:0: loop not vectorized [-Rpass-missed=loop-vectorize]
remark: ./numeric-arithmetic.h:480:0: loop not vectorized: call instruction cannot be vectorized [-Rpass-analysis=loop-vectorize]
remark: ./numeric-arithmetic.h:480:0: loop not vectorized: Cannot vectorize uncountable loop [-Rpass-analysis=loop-vectorize]
remark: ./numeric-arithmetic.h:480:0: loop not vectorized [-Rpass-missed=loop-vectorize]
remark: ./numeric-arithmetic.h:480:0: loop not vectorized: call instruction cannot be vectorized [-Rpass-analysis=loop-vectorize]
remark: ./numeric-arithmetic.h:480:0: loop not vectorized: Cannot vectorize uncountable loop [-Rpass-analysis=loop-vectorize]
remark: ./numeric-arithmetic.h:480:0: loop not vectorized [-Rpass-missed=loop-vectorize]
remark: ./numeric-arithmetic.h:480:0: loop not vectorized: call instruction cannot be vectorized [-Rpass-analysis=loop-vectorize]
remark: ./numeric-arithmetic.h:480:0: loop not vectorized: Cannot vectorize uncountable loop [-Rpass-analysis=loop-vectorize]
remark: ./numeric-arithmetic.h:480:0: loop not vectorized [-Rpass-missed=loop-vectorize]
remark: ./numeric-arithmetic.h:480:0: loop not vectorized: call instruction cannot be vectorized [-Rpass-analysis=loop-vectorize]
remark: ./numeric-arithmetic.h:480:0: loop not vectorized: Cannot vectorize uncountable loop [-Rpass-analysis=loop-vectorize]
remark: ./numeric-arithmetic.h:480:0: loop not vectorized [-Rpass-missed=loop-vectorize]
remark: ./numeric-arithmetic.h:480:0: loop not vectorized: call instruction cannot be vectorized [-Rpass-analysis=loop-vectorize]
remark: ./numeric-arithmetic.h:480:0: loop not vectorized: Cannot vectorize uncountable loop [-Rpass-analysis=loop-vectorize]
remark: ./numeric-arithmetic.h:480:0: loop not vectorized [-Rpass-missed=loop-vectorize]
remark: ./numeric-arithmetic.h:480:0: loop not vectorized: Cannot vectorize uncountable loop [-Rpass-analysis=loop-vectorize]
remark: ./numeric-arithmetic.h:480:0: loop not vectorized [-Rpass-missed=loop-vectorize]
remark: ./numeric-arithmetic.h:480:65000: loop not vectorized: Cannot vectorize uncountable loop [-Rpass-analysis=loop-vectorize]
remark: ./numeric-arithmetic.h:480:65000: loop not vectorized [-Rpass-missed=loop-vectorize]
remark: ./numeric-arithmetic.h:480:63951: loop not vectorized: Cannot vectorize uncountable loop [-Rpass-analysis=loop-vectorize]
remark: ./numeric-arithmetic.h:480:63951: loop not vectorized [-Rpass-missed=loop-vectorize]
remark: ./numeric-arithmetic.h:480:62918: loop not vectorized: Cannot vectorize uncountable loop [-Rpass-analysis=loop-vectorize]
remark: ./numeric-arithmetic.h:480:62918: loop not vectorized [-Rpass-missed=loop-vectorize]
remark: ./numeric-arithmetic.h:480:0: loop not vectorized: call instruction cannot be vectorized [-Rpass-analysis=loop-vectorize]
remark: ./numeric-arithmetic.h:480:0: loop not vectorized [-Rpass-missed=loop-vectorize]
remark: ./numeric-arithmetic.h:480:0: loop not vectorized: call instruction cannot be vectorized [-Rpass-analysis=loop-vectorize]
remark: ./numeric-arithmetic.h:480:0: loop not vectorized [-Rpass-missed=loop-vectorize]
remark: ./numeric-arithmetic.h:480:0: loop not vectorized: call instruction cannot be vectorized [-Rpass-analysis=loop-vectorize]
remark: ./numeric-arithmetic.h:480:0: loop not vectorized [-Rpass-missed=loop-vectorize]
remark: ./numeric-arithmetic.h:480:0: loop not vectorized: call instruction cannot be vectorized [-Rpass-analysis=loop-vectorize]
remark: ./numeric-arithmetic.h:480:0: loop not vectorized [-Rpass-missed=loop-vectorize]
remark: ./numeric-arithmetic.h:480:0: loop not vectorized: call instruction cannot be vectorized [-Rpass-analysis=loop-vectorize]
remark: ./numeric-arithmetic.h:480:0: loop not vectorized [-Rpass-missed=loop-vectorize]
remark: ./numeric-arithmetic.h:480:0: loop not vectorized: call instruction cannot be vectorized [-Rpass-analysis=loop-vectorize]
remark: ./numeric-arithmetic.h:480:0: loop not vectorized [-Rpass-missed=loop-vectorize]
remark: ./numeric-arithmetic.h:480:0: loop not vectorized: call instruction cannot be vectorized [-Rpass-analysis=loop-vectorize]
remark: ./numeric-arithmetic.h:480:0: loop not vectorized [-Rpass-missed=loop-vectorize]
remark: ./numeric-arithmetic.h:480:0: loop not vectorized: call instruction cannot be vectorized [-Rpass-analysis=loop-vectorize]
remark: ./numeric-arithmetic.h:480:0: loop not vectorized [-Rpass-missed=loop-vectorize]
remark: ./numeric-arithmetic.h:480:0: the cost-model indicates that vectorization is not beneficial [-Rpass-missed=loop-vectorize]
remark: ./numeric-arithmetic.h:480:0: the cost-model indicates that interleaving is not beneficial [-Rpass-missed=loop-vectorize]
remark: ./numeric-arithmetic.h:480:0: the cost-model indicates that vectorization is not beneficial [-Rpass-missed=loop-vectorize]
remark: ./numeric-arithmetic.h:480:0: the cost-model indicates that interleaving is not beneficial [-Rpass-missed=loop-vectorize]
remark: ./numeric-arithmetic.h:480:0: the cost-model indicates that vectorization is not beneficial [-Rpass-missed=loop-vectorize]
remark: ./numeric-arithmetic.h:480:0: the cost-model indicates that interleaving is not beneficial [-Rpass-missed=loop-vectorize]
remark: ./numeric-arithmetic.h:480:0: vectorized loop (vectorization width: 8, interleaved count: 4) [-Rpass=loop-vectorize]
remark: ./numeric-arithmetic.h:480:0: loop not vectorized: call instruction cannot be vectorized [-Rpass-analysis=loop-vectorize]
remark: ./numeric-arithmetic.h:480:0: loop not vectorized [-Rpass-missed=loop-vectorize]
remark: ./numeric-arithmetic.h:480:0: loop not vectorized: call instruction cannot be vectorized [-Rpass-analysis=loop-vectorize]
remark: ./numeric-arithmetic.h:480:0: loop not vectorized [-Rpass-missed=loop-vectorize]
remark: ./numeric-arithmetic.h:480:0: loop not vectorized: call instruction cannot be vectorized [-Rpass-analysis=loop-vectorize]
remark: ./numeric-arithmetic.h:480:0: loop not vectorized [-Rpass-missed=loop-vectorize]
remark: ./numeric-arithmetic.h:480:0: loop not vectorized: call instruction cannot be vectorized [-Rpass-analysis=loop-vectorize]
remark: ./numeric-arithmetic.h:480:0: loop not vectorized [-Rpass-missed=loop-vectorize]
remark: ./numeric-arithmetic.h:480:0: loop not vectorized: call instruction cannot be vectorized [-Rpass-analysis=loop-vectorize]
remark: ./numeric-arithmetic.h:480:0: loop not vectorized [-Rpass-missed=loop-vectorize]
remark: ./numeric-arithmetic.h:480:0: loop not vectorized: call instruction cannot be vectorized [-Rpass-analysis=loop-vectorize]
remark: ./numeric-arithmetic.h:480:0: loop not vectorized [-Rpass-missed=loop-vectorize]
remark: ./numeric-arithmetic.h:480:0: loop not vectorized: call instruction cannot be vectorized [-Rpass-analysis=loop-vectorize]
remark: ./numeric-arithmetic.h:480:0: loop not vectorized [-Rpass-missed=loop-vectorize]
remark: ./numeric-arithmetic.h:480:0: loop not vectorized: call instruction cannot be vectorized [-Rpass-analysis=loop-vectorize]
remark: ./numeric-arithmetic.h:480:0: loop not vectorized [-Rpass-missed=loop-vectorize]
remark: ./numeric-arithmetic.h:480:0: the cost-model indicates that vectorization is not beneficial [-Rpass-missed=loop-vectorize]
remark: ./numeric-arithmetic.h:480:0: the cost-model indicates that interleaving is not beneficial [-Rpass-missed=loop-vectorize]
remark: ./numeric-arithmetic.h:480:0: the cost-model indicates that vectorization is not beneficial [-Rpass-missed=loop-vectorize]
remark: ./numeric-arithmetic.h:480:0: the cost-model indicates that interleaving is not beneficial [-Rpass-missed=loop-vectorize]
remark: ./numeric-arithmetic.h:480:0: the cost-model indicates that vectorization is not beneficial [-Rpass-missed=loop-vectorize]
remark: ./numeric-arithmetic.h:480:0: the cost-model indicates that interleaving is not beneficial [-Rpass-missed=loop-vectorize]
remark: ./numeric-arithmetic.h:480:0: vectorized loop (vectorization width: 4, interleaved count: 4) [-Rpass=loop-vectorize]
remark: ./numeric-arithmetic.h:480:0: loop not vectorized: call instruction cannot be vectorized [-Rpass-analysis=loop-vectorize]
remark: ./numeric-arithmetic.h:480:0: loop not vectorized [-Rpass-missed=loop-vectorize]
remark: ./numeric-arithmetic.h:480:0: loop not vectorized: call instruction cannot be vectorized [-Rpass-analysis=loop-vectorize]
remark: ./numeric-arithmetic.h:480:0: loop not vectorized [-Rpass-missed=loop-vectorize]
remark: ./numeric-arithmetic.h:480:0: loop not vectorized: call instruction cannot be vectorized [-Rpass-analysis=loop-vectorize]
remark: ./numeric-arithmetic.h:480:0: loop not vectorized [-Rpass-missed=loop-vectorize]
remark: ./numeric-arithmetic.h:480:0: loop not vectorized: call instruction cannot be vectorized [-Rpass-analysis=loop-vectorize]
remark: ./numeric-arithmetic.h:480:0: loop not vectorized [-Rpass-missed=loop-vectorize]
remark: ./numeric-arithmetic.h:480:0: loop not vectorized: call instruction cannot be vectorized [-Rpass-analysis=loop-vectorize]
remark: ./numeric-arithmetic.h:480:0: loop not vectorized [-Rpass-missed=loop-vectorize]
remark: ./numeric-arithmetic.h:480:0: loop not vectorized: call instruction cannot be vectorized [-Rpass-analysis=loop-vectorize]
remark: ./numeric-arithmetic.h:480:0: loop not vectorized [-Rpass-missed=loop-vectorize]
remark: ./numeric-arithmetic.h:480:0: loop not vectorized: call instruction cannot be vectorized [-Rpass-analysis=loop-vectorize]
remark: ./numeric-arithmetic.h:480:0: loop not vectorized [-Rpass-missed=loop-vectorize]
remark: ./numeric-arithmetic.h:480:0: loop not vectorized: call instruction cannot be vectorized [-Rpass-analysis=loop-vectorize]
remark: ./numeric-arithmetic.h:480:0: loop not vectorized [-Rpass-missed=loop-vectorize]
remark: ./numeric-arithmetic.h:480:0: the cost-model indicates that vectorization is not beneficial [-Rpass-missed=loop-vectorize]
remark: ./numeric-arithmetic.h:480:0: the cost-model indicates that interleaving is not beneficial [-Rpass-missed=loop-vectorize]
remark: ./numeric-arithmetic.h:480:0: the cost-model indicates that vectorization is not beneficial [-Rpass-missed=loop-vectorize]
remark: ./numeric-arithmetic.h:480:0: the cost-model indicates that interleaving is not beneficial [-Rpass-missed=loop-vectorize]
remark: ./numeric-arithmetic.h:480:0: the cost-model indicates that vectorization is not beneficial [-Rpass-missed=loop-vectorize]
remark: ./numeric-arithmetic.h:480:0: the cost-model indicates that interleaving is not beneficial [-Rpass-missed=loop-vectorize]
remark: ./numeric-arithmetic.h:480:0: vectorized loop (vectorization width: 4, interleaved count: 4) [-Rpass=loop-vectorize]
remark: ./numeric-arithmetic.h:480:0: the cost-model indicates that vectorization is not beneficial [-Rpass-missed=loop-vectorize]
remark: ./numeric-arithmetic.h:480:0: the cost-model indicates that interleaving is not beneficial [-Rpass-missed=loop-vectorize]
remark: ./numeric-arithmetic.h:480:0: the cost-model indicates that vectorization is not beneficial [-Rpass-missed=loop-vectorize]
remark: ./numeric-arithmetic.h:480:0: the cost-model indicates that interleaving is not beneficial [-Rpass-missed=loop-vectorize]
remark: ./numeric-arithmetic.h:480:0: the cost-model indicates that vectorization is not beneficial [-Rpass-missed=loop-vectorize]
remark: ./numeric-arithmetic.h:480:0: the cost-model indicates that interleaving is not beneficial [-Rpass-missed=loop-vectorize]
remark: ./numeric-arithmetic.h:480:0: vectorized loop (vectorization width: 2, interleaved count: 4) [-Rpass=loop-vectorize]
remark: ./numeric-arithmetic.h:480:0: the cost-model indicates that vectorization is not beneficial [-Rpass-missed=loop-vectorize]
remark: ./numeric-arithmetic.h:480:0: the cost-model indicates that interleaving is not beneficial [-Rpass-missed=loop-vectorize]
remark: ./numeric-arithmetic.h:480:0: the cost-model indicates that vectorization is not beneficial [-Rpass-missed=loop-vectorize]
remark: ./numeric-arithmetic.h:480:0: the cost-model indicates that interleaving is not beneficial [-Rpass-missed=loop-vectorize]
remark: ./numeric-arithmetic.h:480:0: the cost-model indicates that vectorization is not beneficial [-Rpass-missed=loop-vectorize]
remark: ./numeric-arithmetic.h:480:0: the cost-model indicates that interleaving is not beneficial [-Rpass-missed=loop-vectorize]
remark: ./numeric-arithmetic.h:480:0: vectorized loop (vectorization width: 2, interleaved count: 4) [-Rpass=loop-vectorize]
remark: ./numeric-arithmetic.h:480:0: the cost-model indicates that vectorization is not beneficial [-Rpass-missed=loop-vectorize]
remark: ./numeric-arithmetic.h:480:0: the cost-model indicates that interleaving is not beneficial [-Rpass-missed=loop-vectorize]
remark: ./numeric-arithmetic.h:480:0: the cost-model indicates that vectorization is not beneficial [-Rpass-missed=loop-vectorize]
remark: ./numeric-arithmetic.h:480:0: the cost-model indicates that interleaving is not beneficial [-Rpass-missed=loop-vectorize]
remark: ./numeric-arithmetic.h:480:0: the cost-model indicates that vectorization is not beneficial [-Rpass-missed=loop-vectorize]
remark: ./numeric-arithmetic.h:480:0: the cost-model indicates that interleaving is not beneficial [-Rpass-missed=loop-vectorize]
remark: ./numeric-arithmetic.h:480:0: vectorized loop (vectorization width: 2, interleaved count: 4) [-Rpass=loop-vectorize]
remark: ./numeric-arithmetic.h:480:0: loop not vectorized: call instruction cannot be vectorized [-Rpass-analysis=loop-vectorize]
remark: ./numeric-arithmetic.h:480:0: loop not vectorized: Cannot vectorize uncountable loop [-Rpass-analysis=loop-vectorize]
remark: ./numeric-arithmetic.h:480:0: loop not vectorized [-Rpass-missed=loop-vectorize]
remark: ./numeric-arithmetic.h:480:0: loop not vectorized: call instruction cannot be vectorized [-Rpass-analysis=loop-vectorize]
remark: ./numeric-arithmetic.h:480:0: loop not vectorized: Cannot vectorize uncountable loop [-Rpass-analysis=loop-vectorize]
remark: ./numeric-arithmetic.h:480:0: loop not vectorized [-Rpass-missed=loop-vectorize]
remark: ./numeric-arithmetic.h:480:0: loop not vectorized: call instruction cannot be vectorized [-Rpass-analysis=loop-vectorize]
remark: ./numeric-arithmetic.h:480:0: loop not vectorized: Cannot vectorize uncountable loop [-Rpass-analysis=loop-vectorize]
remark: ./numeric-arithmetic.h:480:0: loop not vectorized [-Rpass-missed=loop-vectorize]
remark: ./numeric-arithmetic.h:480:0: loop not vectorized: call instruction cannot be vectorized [-Rpass-analysis=loop-vectorize]
remark: ./numeric-arithmetic.h:480:0: loop not vectorized: Cannot vectorize uncountable loop [-Rpass-analysis=loop-vectorize]
remark: ./numeric-arithmetic.h:480:0: loop not vectorized [-Rpass-missed=loop-vectorize]
remark: ./numeric-arithmetic.h:480:0: loop not vectorized: call instruction cannot be vectorized [-Rpass-analysis=loop-vectorize]
remark: ./numeric-arithmetic.h:480:0: loop not vectorized: Cannot vectorize uncountable loop [-Rpass-analysis=loop-vectorize]
remark: ./numeric-arithmetic.h:480:0: loop not vectorized [-Rpass-missed=loop-vectorize]
remark: ./numeric-arithmetic.h:480:0: loop not vectorized: call instruction cannot be vectorized [-Rpass-analysis=loop-vectorize]
remark: ./numeric-arithmetic.h:480:0: loop not vectorized: Cannot vectorize uncountable loop [-Rpass-analysis=loop-vectorize]
remark: ./numeric-arithmetic.h:480:0: loop not vectorized [-Rpass-missed=loop-vectorize]
remark: ./numeric-arithmetic.h:480:0: loop not vectorized: call instruction cannot be vectorized [-Rpass-analysis=loop-vectorize]
remark: ./numeric-arithmetic.h:480:0: loop not vectorized: Cannot vectorize uncountable loop [-Rpass-analysis=loop-vectorize]
remark: ./numeric-arithmetic.h:480:0: loop not vectorized [-Rpass-missed=loop-vectorize]
remark: ./numeric-arithmetic.h:480:0: loop not vectorized: call instruction cannot be vectorized [-Rpass-analysis=loop-vectorize]
remark: ./numeric-arithmetic.h:480:0: loop not vectorized: Cannot vectorize uncountable loop [-Rpass-analysis=loop-vectorize]
remark: ./numeric-arithmetic.h:480:0: loop not vectorized [-Rpass-missed=loop-vectorize]
remark: ./numeric-arithmetic.h:480:0: loop not vectorized: Cannot vectorize uncountable loop [-Rpass-analysis=loop-vectorize]
remark: ./numeric-arithmetic.h:480:0: loop not vectorized [-Rpass-missed=loop-vectorize]
remark: ./numeric-arithmetic.h:480:0: loop not vectorized: Cannot vectorize uncountable loop [-Rpass-analysis=loop-vectorize]
remark: ./numeric-arithmetic.h:480:0: loop not vectorized [-Rpass-missed=loop-vectorize]
remark: ./numeric-arithmetic.h:480:0: loop not vectorized: Cannot vectorize uncountable loop [-Rpass-analysis=loop-vectorize]
remark: ./numeric-arithmetic.h:480:0: loop not vectorized [-Rpass-missed=loop-vectorize]
remark: ./numeric-arithmetic.h:480:0: loop not vectorized: Cannot vectorize uncountable loop [-Rpass-analysis=loop-vectorize]
remark: ./numeric-arithmetic.h:480:0: loop not vectorized [-Rpass-missed=loop-vectorize]
remark: ./numeric-arithmetic.h:480:0: loop not vectorized: call instruction cannot be vectorized [-Rpass-analysis=loop-vectorize]
remark: ./numeric-arithmetic.h:480:0: loop not vectorized [-Rpass-missed=loop-vectorize]
remark: ./numeric-arithmetic.h:480:0: loop not vectorized: call instruction cannot be vectorized [-Rpass-analysis=loop-vectorize]
remark: ./numeric-arithmetic.h:480:0: loop not vectorized [-Rpass-missed=loop-vectorize]
remark: ./numeric-arithmetic.h:480:0: loop not vectorized: call instruction cannot be vectorized [-Rpass-analysis=loop-vectorize]
remark: ./numeric-arithmetic.h:480:0: loop not vectorized [-Rpass-missed=loop-vectorize]
remark: ./numeric-arithmetic.h:480:0: loop not vectorized: call instruction cannot be vectorized [-Rpass-analysis=loop-vectorize]
remark: ./numeric-arithmetic.h:480:0: loop not vectorized [-Rpass-missed=loop-vectorize]
remark: ./numeric-arithmetic.h:480:0: loop not vectorized: call instruction cannot be vectorized [-Rpass-analysis=loop-vectorize]
remark: ./numeric-arithmetic.h:480:0: loop not vectorized [-Rpass-missed=loop-vectorize]
remark: ./numeric-arithmetic.h:480:0: loop not vectorized: call instruction cannot be vectorized [-Rpass-analysis=loop-vectorize]
remark: ./numeric-arithmetic.h:480:0: loop not vectorized [-Rpass-missed=loop-vectorize]
remark: ./numeric-arithmetic.h:480:0: loop not vectorized: call instruction cannot be vectorized [-Rpass-analysis=loop-vectorize]
remark: ./numeric-arithmetic.h:480:0: loop not vectorized [-Rpass-missed=loop-vectorize]
remark: ./numeric-arithmetic.h:480:0: loop not vectorized: call instruction cannot be vectorized [-Rpass-analysis=loop-vectorize]
remark: ./numeric-arithmetic.h:480:0: loop not vectorized [-Rpass-missed=loop-vectorize]
remark: ./numeric-arithmetic.h:480:0: the cost-model indicates that vectorization is not beneficial [-Rpass-missed=loop-vectorize]
remark: ./numeric-arithmetic.h:480:0: the cost-model indicates that interleaving is not beneficial [-Rpass-missed=loop-vectorize]
remark: ./numeric-arithmetic.h:480:0: the cost-model indicates that vectorization is not beneficial [-Rpass-missed=loop-vectorize]
remark: ./numeric-arithmetic.h:480:0: the cost-model indicates that interleaving is not beneficial [-Rpass-missed=loop-vectorize]
remark: ./numeric-arithmetic.h:480:0: the cost-model indicates that vectorization is not beneficial [-Rpass-missed=loop-vectorize]
remark: ./numeric-arithmetic.h:480:0: the cost-model indicates that interleaving is not beneficial [-Rpass-missed=loop-vectorize]
remark: ./numeric-arithmetic.h:480:0: vectorized loop (vectorization width: 8, interleaved count: 4) [-Rpass=loop-vectorize]
remark: ./numeric-arithmetic.h:480:0: loop not vectorized: call instruction cannot be vectorized [-Rpass-analysis=loop-vectorize]
remark: ./numeric-arithmetic.h:480:0: loop not vectorized [-Rpass-missed=loop-vectorize]
remark: ./numeric-arithmetic.h:480:0: loop not vectorized: call instruction cannot be vectorized [-Rpass-analysis=loop-vectorize]
remark: ./numeric-arithmetic.h:480:0: loop not vectorized [-Rpass-missed=loop-vectorize]
remark: ./numeric-arithmetic.h:480:0: loop not vectorized: call instruction cannot be vectorized [-Rpass-analysis=loop-vectorize]
remark: ./numeric-arithmetic.h:480:0: loop not vectorized [-Rpass-missed=loop-vectorize]
remark: ./numeric-arithmetic.h:480:0: loop not vectorized: call instruction cannot be vectorized [-Rpass-analysis=loop-vectorize]
remark: ./numeric-arithmetic.h:480:0: loop not vectorized [-Rpass-missed=loop-vectorize]
remark: ./numeric-arithmetic.h:480:0: loop not vectorized: call instruction cannot be vectorized [-Rpass-analysis=loop-vectorize]
remark: ./numeric-arithmetic.h:480:0: loop not vectorized [-Rpass-missed=loop-vectorize]
remark: ./numeric-arithmetic.h:480:0: loop not vectorized: call instruction cannot be vectorized [-Rpass-analysis=loop-vectorize]
remark: ./numeric-arithmetic.h:480:0: loop not vectorized [-Rpass-missed=loop-vectorize]
remark: ./numeric-arithmetic.h:480:0: loop not vectorized: call instruction cannot be vectorized [-Rpass-analysis=loop-vectorize]
remark: ./numeric-arithmetic.h:480:0: loop not vectorized [-Rpass-missed=loop-vectorize]
remark: ./numeric-arithmetic.h:480:0: loop not vectorized: call instruction cannot be vectorized [-Rpass-analysis=loop-vectorize]
remark: ./numeric-arithmetic.h:480:0: loop not vectorized [-Rpass-missed=loop-vectorize]
remark: ./numeric-arithmetic.h:480:0: the cost-model indicates that vectorization is not beneficial [-Rpass-missed=loop-vectorize]
remark: ./numeric-arithmetic.h:480:0: the cost-model indicates that interleaving is not beneficial [-Rpass-missed=loop-vectorize]
remark: ./numeric-arithmetic.h:480:0: the cost-model indicates that vectorization is not beneficial [-Rpass-missed=loop-vectorize]
remark: ./numeric-arithmetic.h:480:0: the cost-model indicates that interleaving is not beneficial [-Rpass-missed=loop-vectorize]
remark: ./numeric-arithmetic.h:480:0: the cost-model indicates that vectorization is not beneficial [-Rpass-missed=loop-vectorize]
remark: ./numeric-arithmetic.h:480:0: the cost-model indicates that interleaving is not beneficial [-Rpass-missed=loop-vectorize]
remark: ./numeric-arithmetic.h:480:0: vectorized loop (vectorization width: 4, interleaved count: 4) [-Rpass=loop-vectorize]
remark: ./numeric-arithmetic.h:480:0: loop not vectorized: call instruction cannot be vectorized [-Rpass-analysis=loop-vectorize]
remark: ./numeric-arithmetic.h:480:0: loop not vectorized [-Rpass-missed=loop-vectorize]
remark: ./numeric-arithmetic.h:480:0: loop not vectorized: call instruction cannot be vectorized [-Rpass-analysis=loop-vectorize]
remark: ./numeric-arithmetic.h:480:0: loop not vectorized [-Rpass-missed=loop-vectorize]
remark: ./numeric-arithmetic.h:480:0: loop not vectorized: call instruction cannot be vectorized [-Rpass-analysis=loop-vectorize]
remark: ./numeric-arithmetic.h:480:0: loop not vectorized [-Rpass-missed=loop-vectorize]
remark: ./numeric-arithmetic.h:480:0: loop not vectorized: call instruction cannot be vectorized [-Rpass-analysis=loop-vectorize]
remark: ./numeric-arithmetic.h:480:0: loop not vectorized [-Rpass-missed=loop-vectorize]
remark: ./numeric-arithmetic.h:480:0: loop not vectorized: call instruction cannot be vectorized [-Rpass-analysis=loop-vectorize]
remark: ./numeric-arithmetic.h:480:0: loop not vectorized [-Rpass-missed=loop-vectorize]
remark: ./numeric-arithmetic.h:480:0: loop not vectorized: call instruction cannot be vectorized [-Rpass-analysis=loop-vectorize]
remark: ./numeric-arithmetic.h:480:0: loop not vectorized [-Rpass-missed=loop-vectorize]
remark: ./numeric-arithmetic.h:480:0: loop not vectorized: call instruction cannot be vectorized [-Rpass-analysis=loop-vectorize]
remark: ./numeric-arithmetic.h:480:0: loop not vectorized [-Rpass-missed=loop-vectorize]
remark: ./numeric-arithmetic.h:480:0: loop not vectorized: call instruction cannot be vectorized [-Rpass-analysis=loop-vectorize]
remark: ./numeric-arithmetic.h:480:0: loop not vectorized [-Rpass-missed=loop-vectorize]
remark: ./numeric-arithmetic.h:480:0: the cost-model indicates that vectorization is not beneficial [-Rpass-missed=loop-vectorize]
remark: ./numeric-arithmetic.h:480:0: the cost-model indicates that interleaving is not beneficial [-Rpass-missed=loop-vectorize]
remark: ./numeric-arithmetic.h:480:0: the cost-model indicates that vectorization is not beneficial [-Rpass-missed=loop-vectorize]
remark: ./numeric-arithmetic.h:480:0: the cost-model indicates that interleaving is not beneficial [-Rpass-missed=loop-vectorize]
remark: ./numeric-arithmetic.h:480:0: the cost-model indicates that vectorization is not beneficial [-Rpass-missed=loop-vectorize]
remark: ./numeric-arithmetic.h:480:0: the cost-model indicates that interleaving is not beneficial [-Rpass-missed=loop-vectorize]
remark: ./numeric-arithmetic.h:480:0: vectorized loop (vectorization width: 4, interleaved count: 4) [-Rpass=loop-vectorize]
remark: ./numeric-arithmetic.h:480:0: the cost-model indicates that vectorization is not beneficial [-Rpass-missed=loop-vectorize]
remark: ./numeric-arithmetic.h:480:0: the cost-model indicates that interleaving is not beneficial [-Rpass-missed=loop-vectorize]
remark: ./numeric-arithmetic.h:480:0: the cost-model indicates that vectorization is not beneficial [-Rpass-missed=loop-vectorize]
remark: ./numeric-arithmetic.h:480:0: the cost-model indicates that interleaving is not beneficial [-Rpass-missed=loop-vectorize]
remark: ./numeric-arithmetic.h:480:0: the cost-model indicates that vectorization is not beneficial [-Rpass-missed=loop-vectorize]
remark: ./numeric-arithmetic.h:480:0: the cost-model indicates that interleaving is not beneficial [-Rpass-missed=loop-vectorize]
remark: ./numeric-arithmetic.h:480:0: vectorized loop (vectorization width: 2, interleaved count: 4) [-Rpass=loop-vectorize]
remark: ./numeric-arithmetic.h:480:0: the cost-model indicates that vectorization is not beneficial [-Rpass-missed=loop-vectorize]
remark: ./numeric-arithmetic.h:480:0: the cost-model indicates that interleaving is not beneficial [-Rpass-missed=loop-vectorize]
remark: ./numeric-arithmetic.h:480:0: the cost-model indicates that vectorization is not beneficial [-Rpass-missed=loop-vectorize]
remark: ./numeric-arithmetic.h:480:0: the cost-model indicates that interleaving is not beneficial [-Rpass-missed=loop-vectorize]
remark: ./numeric-arithmetic.h:480:0: the cost-model indicates that vectorization is not beneficial [-Rpass-missed=loop-vectorize]
remark: ./numeric-arithmetic.h:480:0: the cost-model indicates that interleaving is not beneficial [-Rpass-missed=loop-vectorize]
remark: ./numeric-arithmetic.h:480:0: vectorized loop (vectorization width: 2, interleaved count: 4) [-Rpass=loop-vectorize]
remark: ./numeric-arithmetic.h:480:0: the cost-model indicates that vectorization is not beneficial [-Rpass-missed=loop-vectorize]
remark: ./numeric-arithmetic.h:480:0: the cost-model indicates that interleaving is not beneficial [-Rpass-missed=loop-vectorize]
remark: ./numeric-arithmetic.h:480:0: the cost-model indicates that vectorization is not beneficial [-Rpass-missed=loop-vectorize]
remark: ./numeric-arithmetic.h:480:0: the cost-model indicates that interleaving is not beneficial [-Rpass-missed=loop-vectorize]
remark: ./numeric-arithmetic.h:480:0: the cost-model indicates that vectorization is not beneficial [-Rpass-missed=loop-vectorize]
remark: ./numeric-arithmetic.h:480:0: the cost-model indicates that interleaving is not beneficial [-Rpass-missed=loop-vectorize]
remark: ./numeric-arithmetic.h:480:0: vectorized loop (vectorization width: 2, interleaved count: 4) [-Rpass=loop-vectorize]
remark: ./numeric-arithmetic.h:480:0: loop not vectorized: call instruction cannot be vectorized [-Rpass-analysis=loop-vectorize]
remark: ./numeric-arithmetic.h:480:0: loop not vectorized: Cannot vectorize uncountable loop [-Rpass-analysis=loop-vectorize]
remark: ./numeric-arithmetic.h:480:0: loop not vectorized [-Rpass-missed=loop-vectorize]
remark: ./numeric-arithmetic.h:480:0: loop not vectorized: call instruction cannot be vectorized [-Rpass-analysis=loop-vectorize]
remark: ./numeric-arithmetic.h:480:0: loop not vectorized: Cannot vectorize uncountable loop [-Rpass-analysis=loop-vectorize]
remark: ./numeric-arithmetic.h:480:0: loop not vectorized [-Rpass-missed=loop-vectorize]
remark: ./numeric-arithmetic.h:480:0: loop not vectorized: call instruction cannot be vectorized [-Rpass-analysis=loop-vectorize]
remark: ./numeric-arithmetic.h:480:0: loop not vectorized: Cannot vectorize uncountable loop [-Rpass-analysis=loop-vectorize]
remark: ./numeric-arithmetic.h:480:0: loop not vectorized [-Rpass-missed=loop-vectorize]
remark: ./numeric-arithmetic.h:480:0: loop not vectorized: call instruction cannot be vectorized [-Rpass-analysis=loop-vectorize]
remark: ./numeric-arithmetic.h:480:0: loop not vectorized: Cannot vectorize uncountable loop [-Rpass-analysis=loop-vectorize]
remark: ./numeric-arithmetic.h:480:0: loop not vectorized [-Rpass-missed=loop-vectorize]
remark: ./numeric-arithmetic.h:480:0: loop not vectorized: call instruction cannot be vectorized [-Rpass-analysis=loop-vectorize]
remark: ./numeric-arithmetic.h:480:0: loop not vectorized: Cannot vectorize uncountable loop [-Rpass-analysis=loop-vectorize]
remark: ./numeric-arithmetic.h:480:0: loop not vectorized [-Rpass-missed=loop-vectorize]
remark: ./numeric-arithmetic.h:480:0: loop not vectorized: call instruction cannot be vectorized [-Rpass-analysis=loop-vectorize]
remark: ./numeric-arithmetic.h:480:0: loop not vectorized: Cannot vectorize uncountable loop [-Rpass-analysis=loop-vectorize]
remark: ./numeric-arithmetic.h:480:0: loop not vectorized [-Rpass-missed=loop-vectorize]
remark: ./numeric-arithmetic.h:480:0: loop not vectorized: call instruction cannot be vectorized [-Rpass-analysis=loop-vectorize]
remark: ./numeric-arithmetic.h:480:0: loop not vectorized: Cannot vectorize uncountable loop [-Rpass-analysis=loop-vectorize]
remark: ./numeric-arithmetic.h:480:0: loop not vectorized [-Rpass-missed=loop-vectorize]
remark: ./numeric-arithmetic.h:480:0: loop not vectorized: call instruction cannot be vectorized [-Rpass-analysis=loop-vectorize]
remark: ./numeric-arithmetic.h:480:0: loop not vectorized: Cannot vectorize uncountable loop [-Rpass-analysis=loop-vectorize]
remark: ./numeric-arithmetic.h:480:0: loop not vectorized [-Rpass-missed=loop-vectorize]
remark: ./numeric-arithmetic.h:480:0: loop not vectorized: Cannot vectorize uncountable loop [-Rpass-analysis=loop-vectorize]
remark: ./numeric-arithmetic.h:480:0: loop not vectorized [-Rpass-missed=loop-vectorize]
remark: ./numeric-arithmetic.h:480:0: loop not vectorized: Cannot vectorize uncountable loop [-Rpass-analysis=loop-vectorize]
remark: ./numeric-arithmetic.h:480:0: loop not vectorized [-Rpass-missed=loop-vectorize]
remark: ./numeric-arithmetic.h:480:0: loop not vectorized: Cannot vectorize uncountable loop [-Rpass-analysis=loop-vectorize]
remark: ./numeric-arithmetic.h:480:0: loop not vectorized [-Rpass-missed=loop-vectorize]
remark: ./numeric-arithmetic.h:480:0: loop not vectorized: Cannot vectorize uncountable loop [-Rpass-analysis=loop-vectorize]
remark: ./numeric-arithmetic.h:480:0: loop not vectorized [-Rpass-missed=loop-vectorize]
remark: ./numeric-arithmetic.h:480:0: loop not vectorized: call instruction cannot be vectorized [-Rpass-analysis=loop-vectorize]
remark: ./numeric-arithmetic.h:480:0: loop not vectorized [-Rpass-missed=loop-vectorize]
remark: ./numeric-arithmetic.h:480:0: loop not vectorized: call instruction cannot be vectorized [-Rpass-analysis=loop-vectorize]
remark: ./numeric-arithmetic.h:480:0: loop not vectorized [-Rpass-missed=loop-vectorize]
remark: ./numeric-arithmetic.h:480:0: loop not vectorized: call instruction cannot be vectorized [-Rpass-analysis=loop-vectorize]
remark: ./numeric-arithmetic.h:480:0: loop not vectorized [-Rpass-missed=loop-vectorize]
remark: ./numeric-arithmetic.h:480:0: loop not vectorized: call instruction cannot be vectorized [-Rpass-analysis=loop-vectorize]
remark: ./numeric-arithmetic.h:480:0: loop not vectorized [-Rpass-missed=loop-vectorize]
remark: ./numeric-arithmetic.h:480:0: loop not vectorized: call instruction cannot be vectorized [-Rpass-analysis=loop-vectorize]
remark: ./numeric-arithmetic.h:480:0: loop not vectorized [-Rpass-missed=loop-vectorize]
remark: ./numeric-arithmetic.h:480:0: loop not vectorized: call instruction cannot be vectorized [-Rpass-analysis=loop-vectorize]
remark: ./numeric-arithmetic.h:480:0: loop not vectorized [-Rpass-missed=loop-vectorize]
remark: ./numeric-arithmetic.h:480:0: loop not vectorized: call instruction cannot be vectorized [-Rpass-analysis=loop-vectorize]
remark: ./numeric-arithmetic.h:480:0: loop not vectorized [-Rpass-missed=loop-vectorize]
remark: ./numeric-arithmetic.h:480:0: loop not vectorized: call instruction cannot be vectorized [-Rpass-analysis=loop-vectorize]
remark: ./numeric-arithmetic.h:480:0: loop not vectorized [-Rpass-missed=loop-vectorize]
remark: ./numeric-arithmetic.h:480:0: the cost-model indicates that vectorization is not beneficial [-Rpass-missed=loop-vectorize]
remark: ./numeric-arithmetic.h:480:0: the cost-model indicates that interleaving is not beneficial [-Rpass-missed=loop-vectorize]
remark: ./numeric-arithmetic.h:480:0: the cost-model indicates that vectorization is not beneficial [-Rpass-missed=loop-vectorize]
remark: ./numeric-arithmetic.h:480:0: the cost-model indicates that interleaving is not beneficial [-Rpass-missed=loop-vectorize]
remark: ./numeric-arithmetic.h:480:0: the cost-model indicates that vectorization is not beneficial [-Rpass-missed=loop-vectorize]
remark: ./numeric-arithmetic.h:480:0: the cost-model indicates that interleaving is not beneficial [-Rpass-missed=loop-vectorize]
remark: ./numeric-arithmetic.h:480:0: vectorized loop (vectorization width: 8, interleaved count: 4) [-Rpass=loop-vectorize]
remark: ./numeric-arithmetic.h:480:0: loop not vectorized: call instruction cannot be vectorized [-Rpass-analysis=loop-vectorize]
remark: ./numeric-arithmetic.h:480:0: loop not vectorized [-Rpass-missed=loop-vectorize]
remark: ./numeric-arithmetic.h:480:0: loop not vectorized: call instruction cannot be vectorized [-Rpass-analysis=loop-vectorize]
remark: ./numeric-arithmetic.h:480:0: loop not vectorized [-Rpass-missed=loop-vectorize]
remark: ./numeric-arithmetic.h:480:0: loop not vectorized: call instruction cannot be vectorized [-Rpass-analysis=loop-vectorize]
remark: ./numeric-arithmetic.h:480:0: loop not vectorized [-Rpass-missed=loop-vectorize]
remark: ./numeric-arithmetic.h:480:0: loop not vectorized: call instruction cannot be vectorized [-Rpass-analysis=loop-vectorize]
remark: ./numeric-arithmetic.h:480:0: loop not vectorized [-Rpass-missed=loop-vectorize]
remark: ./numeric-arithmetic.h:480:0: loop not vectorized: call instruction cannot be vectorized [-Rpass-analysis=loop-vectorize]
remark: ./numeric-arithmetic.h:480:0: loop not vectorized [-Rpass-missed=loop-vectorize]
remark: ./numeric-arithmetic.h:480:0: loop not vectorized: call instruction cannot be vectorized [-Rpass-analysis=loop-vectorize]
remark: ./numeric-arithmetic.h:480:0: loop not vectorized [-Rpass-missed=loop-vectorize]
remark: ./numeric-arithmetic.h:480:0: loop not vectorized: call instruction cannot be vectorized [-Rpass-analysis=loop-vectorize]
remark: ./numeric-arithmetic.h:480:0: loop not vectorized [-Rpass-missed=loop-vectorize]
remark: ./numeric-arithmetic.h:480:0: loop not vectorized: call instruction cannot be vectorized [-Rpass-analysis=loop-vectorize]
remark: ./numeric-arithmetic.h:480:0: loop not vectorized [-Rpass-missed=loop-vectorize]
remark: ./numeric-arithmetic.h:480:0: the cost-model indicates that vectorization is not beneficial [-Rpass-missed=loop-vectorize]
remark: ./numeric-arithmetic.h:480:0: the cost-model indicates that interleaving is not beneficial [-Rpass-missed=loop-vectorize]
remark: ./numeric-arithmetic.h:480:0: the cost-model indicates that vectorization is not beneficial [-Rpass-missed=loop-vectorize]
remark: ./numeric-arithmetic.h:480:0: the cost-model indicates that interleaving is not beneficial [-Rpass-missed=loop-vectorize]
remark: ./numeric-arithmetic.h:480:0: the cost-model indicates that vectorization is not beneficial [-Rpass-missed=loop-vectorize]
remark: ./numeric-arithmetic.h:480:0: the cost-model indicates that interleaving is not beneficial [-Rpass-missed=loop-vectorize]
remark: ./numeric-arithmetic.h:480:0: vectorized loop (vectorization width: 4, interleaved count: 4) [-Rpass=loop-vectorize]
remark: ./numeric-arithmetic.h:480:0: loop not vectorized: call instruction cannot be vectorized [-Rpass-analysis=loop-vectorize]
remark: ./numeric-arithmetic.h:480:0: loop not vectorized [-Rpass-missed=loop-vectorize]
remark: ./numeric-arithmetic.h:480:0: loop not vectorized: call instruction cannot be vectorized [-Rpass-analysis=loop-vectorize]
remark: ./numeric-arithmetic.h:480:0: loop not vectorized [-Rpass-missed=loop-vectorize]
remark: ./numeric-arithmetic.h:480:0: loop not vectorized: call instruction cannot be vectorized [-Rpass-analysis=loop-vectorize]
remark: ./numeric-arithmetic.h:480:0: loop not vectorized [-Rpass-missed=loop-vectorize]
remark: ./numeric-arithmetic.h:480:0: loop not vectorized: call instruction cannot be vectorized [-Rpass-analysis=loop-vectorize]
remark: ./numeric-arithmetic.h:480:0: loop not vectorized [-Rpass-missed=loop-vectorize]
remark: ./numeric-arithmetic.h:480:0: loop not vectorized: call instruction cannot be vectorized [-Rpass-analysis=loop-vectorize]
remark: ./numeric-arithmetic.h:480:0: loop not vectorized [-Rpass-missed=loop-vectorize]
remark: ./numeric-arithmetic.h:480:0: loop not vectorized: call instruction cannot be vectorized [-Rpass-analysis=loop-vectorize]
remark: ./numeric-arithmetic.h:480:0: loop not vectorized [-Rpass-missed=loop-vectorize]
remark: ./numeric-arithmetic.h:480:0: loop not vectorized: call instruction cannot be vectorized [-Rpass-analysis=loop-vectorize]
remark: ./numeric-arithmetic.h:480:0: loop not vectorized [-Rpass-missed=loop-vectorize]
remark: ./numeric-arithmetic.h:480:0: loop not vectorized: call instruction cannot be vectorized [-Rpass-analysis=loop-vectorize]
remark: ./numeric-arithmetic.h:480:0: loop not vectorized [-Rpass-missed=loop-vectorize]
remark: ./numeric-arithmetic.h:480:0: the cost-model indicates that vectorization is not beneficial [-Rpass-missed=loop-vectorize]
remark: ./numeric-arithmetic.h:480:0: the cost-model indicates that interleaving is not beneficial [-Rpass-missed=loop-vectorize]
remark: ./numeric-arithmetic.h:480:0: the cost-model indicates that vectorization is not beneficial [-Rpass-missed=loop-vectorize]
remark: ./numeric-arithmetic.h:480:0: the cost-model indicates that interleaving is not beneficial [-Rpass-missed=loop-vectorize]
remark: ./numeric-arithmetic.h:480:0: the cost-model indicates that vectorization is not beneficial [-Rpass-missed=loop-vectorize]
remark: ./numeric-arithmetic.h:480:0: the cost-model indicates that interleaving is not beneficial [-Rpass-missed=loop-vectorize]
remark: ./numeric-arithmetic.h:480:0: vectorized loop (vectorization width: 4, interleaved count: 4) [-Rpass=loop-vectorize]
remark: ./numeric-arithmetic.h:480:0: the cost-model indicates that vectorization is not beneficial [-Rpass-missed=loop-vectorize]
remark: ./numeric-arithmetic.h:480:0: the cost-model indicates that interleaving is not beneficial [-Rpass-missed=loop-vectorize]
remark: ./numeric-arithmetic.h:480:0: the cost-model indicates that vectorization is not beneficial [-Rpass-missed=loop-vectorize]
remark: ./numeric-arithmetic.h:480:0: the cost-model indicates that interleaving is not beneficial [-Rpass-missed=loop-vectorize]
remark: ./numeric-arithmetic.h:480:0: the cost-model indicates that vectorization is not beneficial [-Rpass-missed=loop-vectorize]
remark: ./numeric-arithmetic.h:480:0: the cost-model indicates that interleaving is not beneficial [-Rpass-missed=loop-vectorize]
remark: ./numeric-arithmetic.h:480:0: vectorized loop (vectorization width: 2, interleaved count: 4) [-Rpass=loop-vectorize]
remark: ./numeric-arithmetic.h:480:0: the cost-model indicates that vectorization is not beneficial [-Rpass-missed=loop-vectorize]
remark: ./numeric-arithmetic.h:480:0: the cost-model indicates that interleaving is not beneficial [-Rpass-missed=loop-vectorize]
remark: ./numeric-arithmetic.h:480:0: the cost-model indicates that vectorization is not beneficial [-Rpass-missed=loop-vectorize]
remark: ./numeric-arithmetic.h:480:0: the cost-model indicates that interleaving is not beneficial [-Rpass-missed=loop-vectorize]
remark: ./numeric-arithmetic.h:480:0: the cost-model indicates that vectorization is not beneficial [-Rpass-missed=loop-vectorize]
remark: ./numeric-arithmetic.h:480:0: the cost-model indicates that interleaving is not beneficial [-Rpass-missed=loop-vectorize]
remark: ./numeric-arithmetic.h:480:0: vectorized loop (vectorization width: 2, interleaved count: 4) [-Rpass=loop-vectorize]
remark: ./numeric-arithmetic.h:480:0: the cost-model indicates that vectorization is not beneficial [-Rpass-missed=loop-vectorize]
remark: ./numeric-arithmetic.h:480:0: the cost-model indicates that interleaving is not beneficial [-Rpass-missed=loop-vectorize]
remark: ./numeric-arithmetic.h:480:0: the cost-model indicates that vectorization is not beneficial [-Rpass-missed=loop-vectorize]
remark: ./numeric-arithmetic.h:480:0: the cost-model indicates that interleaving is not beneficial [-Rpass-missed=loop-vectorize]
remark: ./numeric-arithmetic.h:480:0: the cost-model indicates that vectorization is not beneficial [-Rpass-missed=loop-vectorize]
remark: ./numeric-arithmetic.h:480:0: the cost-model indicates that interleaving is not beneficial [-Rpass-missed=loop-vectorize]
remark: ./numeric-arithmetic.h:480:0: vectorized loop (vectorization width: 2, interleaved count: 4) [-Rpass=loop-vectorize]
remark: ./numeric-arithmetic.h:481:8516: loop not vectorized: call instruction cannot be vectorized [-Rpass-analysis=loop-vectorize]
remark: ./numeric-arithmetic.h:481:7631: loop not vectorized: Cannot vectorize uncountable loop [-Rpass-analysis=loop-vectorize]
remark: ./numeric-arithmetic.h:481:7631: loop not vectorized [-Rpass-missed=loop-vectorize]
remark: ./numeric-arithmetic.h:481:7475: loop not vectorized: call instruction cannot be vectorized [-Rpass-analysis=loop-vectorize]
remark: ./numeric-arithmetic.h:481:6590: loop not vectorized: Cannot vectorize uncountable loop [-Rpass-analysis=loop-vectorize]
remark: ./numeric-arithmetic.h:481:6590: loop not vectorized [-Rpass-missed=loop-vectorize]
remark: ./numeric-arithmetic.h:481:6418: loop not vectorized: call instruction cannot be vectorized [-Rpass-analysis=loop-vectorize]
remark: ./numeric-arithmetic.h:481:5533: loop not vectorized: Cannot vectorize uncountable loop [-Rpass-analysis=loop-vectorize]
remark: ./numeric-arithmetic.h:481:5533: loop not vectorized [-Rpass-missed=loop-vectorize]
remark: ./numeric-arithmetic.h:481:5377: loop not vectorized: call instruction cannot be vectorized [-Rpass-analysis=loop-vectorize]
remark: ./numeric-arithmetic.h:481:4492: loop not vectorized: Cannot vectorize uncountable loop [-Rpass-analysis=loop-vectorize]
remark: ./numeric-arithmetic.h:481:4492: loop not vectorized [-Rpass-missed=loop-vectorize]
remark: ./numeric-arithmetic.h:481:12754: loop not vectorized: call instruction cannot be vectorized [-Rpass-analysis=loop-vectorize]
remark: ./numeric-arithmetic.h:481:11869: loop not vectorized: Cannot vectorize uncountable loop [-Rpass-analysis=loop-vectorize]
remark: ./numeric-arithmetic.h:481:11869: loop not vectorized [-Rpass-missed=loop-vectorize]
remark: ./numeric-arithmetic.h:481:11713: loop not vectorized: call instruction cannot be vectorized [-Rpass-analysis=loop-vectorize]
remark: ./numeric-arithmetic.h:481:10828: loop not vectorized: Cannot vectorize uncountable loop [-Rpass-analysis=loop-vectorize]
remark: ./numeric-arithmetic.h:481:10828: loop not vectorized [-Rpass-missed=loop-vectorize]
remark: ./numeric-arithmetic.h:481:10656: loop not vectorized: call instruction cannot be vectorized [-Rpass-analysis=loop-vectorize]
remark: ./numeric-arithmetic.h:481:9771: loop not vectorized: Cannot vectorize uncountable loop [-Rpass-analysis=loop-vectorize]
remark: ./numeric-arithmetic.h:481:9771: loop not vectorized [-Rpass-missed=loop-vectorize]
remark: ./numeric-arithmetic.h:481:9615: loop not vectorized: call instruction cannot be vectorized [-Rpass-analysis=loop-vectorize]
remark: ./numeric-arithmetic.h:481:8730: loop not vectorized: Cannot vectorize uncountable loop [-Rpass-analysis=loop-vectorize]
remark: ./numeric-arithmetic.h:481:8730: loop not vectorized [-Rpass-missed=loop-vectorize]
remark: ./numeric-arithmetic.h:481:3372: loop not vectorized: Cannot vectorize uncountable loop [-Rpass-analysis=loop-vectorize]
remark: ./numeric-arithmetic.h:481:3372: loop not vectorized [-Rpass-missed=loop-vectorize]
remark: ./numeric-arithmetic.h:481:2331: loop not vectorized: Cannot vectorize uncountable loop [-Rpass-analysis=loop-vectorize]
remark: ./numeric-arithmetic.h:481:2331: loop not vectorized [-Rpass-missed=loop-vectorize]
remark: ./numeric-arithmetic.h:481:1274: loop not vectorized: Cannot vectorize uncountable loop [-Rpass-analysis=loop-vectorize]
remark: ./numeric-arithmetic.h:481:1274: loop not vectorized [-Rpass-missed=loop-vectorize]
remark: ./numeric-arithmetic.h:481:233: loop not vectorized: Cannot vectorize uncountable loop [-Rpass-analysis=loop-vectorize]
remark: ./numeric-arithmetic.h:481:233: loop not vectorized [-Rpass-missed=loop-vectorize]
remark: ./numeric-arithmetic.h:481:21373: loop not vectorized: call instruction cannot be vectorized [-Rpass-analysis=loop-vectorize]
remark: ./numeric-arithmetic.h:481:20479: loop not vectorized [-Rpass-missed=loop-vectorize]
remark: ./numeric-arithmetic.h:481:20321: loop not vectorized: call instruction cannot be vectorized [-Rpass-analysis=loop-vectorize]
remark: ./numeric-arithmetic.h:481:19427: loop not vectorized [-Rpass-missed=loop-vectorize]
remark: ./numeric-arithmetic.h:481:19253: loop not vectorized: call instruction cannot be vectorized [-Rpass-analysis=loop-vectorize]
remark: ./numeric-arithmetic.h:481:18359: loop not vectorized [-Rpass-missed=loop-vectorize]
remark: ./numeric-arithmetic.h:481:18201: loop not vectorized: call instruction cannot be vectorized [-Rpass-analysis=loop-vectorize]
remark: ./numeric-arithmetic.h:481:17307: loop not vectorized [-Rpass-missed=loop-vectorize]
remark: ./numeric-arithmetic.h:481:25655: loop not vectorized: call instruction cannot be vectorized [-Rpass-analysis=loop-vectorize]
remark: ./numeric-arithmetic.h:481:24761: loop not vectorized [-Rpass-missed=loop-vectorize]
remark: ./numeric-arithmetic.h:481:24603: loop not vectorized: call instruction cannot be vectorized [-Rpass-analysis=loop-vectorize]
remark: ./numeric-arithmetic.h:481:23709: loop not vectorized [-Rpass-missed=loop-vectorize]
remark: ./numeric-arithmetic.h:481:23535: loop not vectorized: call instruction cannot be vectorized [-Rpass-analysis=loop-vectorize]
remark: ./numeric-arithmetic.h:481:22641: loop not vectorized [-Rpass-missed=loop-vectorize]
remark: ./numeric-arithmetic.h:481:22483: loop not vectorized: call instruction cannot be vectorized [-Rpass-analysis=loop-vectorize]
remark: ./numeric-arithmetic.h:481:21589: loop not vectorized [-Rpass-missed=loop-vectorize]
remark: ./numeric-arithmetic.h:481:16176: the cost-model indicates that vectorization is not beneficial [-Rpass-missed=loop-vectorize]
remark: ./numeric-arithmetic.h:481:16176: the cost-model indicates that interleaving is not beneficial [-Rpass-missed=loop-vectorize]
remark: ./numeric-arithmetic.h:481:15124: the cost-model indicates that vectorization is not beneficial [-Rpass-missed=loop-vectorize]
remark: ./numeric-arithmetic.h:481:15124: the cost-model indicates that interleaving is not beneficial [-Rpass-missed=loop-vectorize]
remark: ./numeric-arithmetic.h:481:14056: the cost-model indicates that vectorization is not beneficial [-Rpass-missed=loop-vectorize]
remark: ./numeric-arithmetic.h:481:14056: the cost-model indicates that interleaving is not beneficial [-Rpass-missed=loop-vectorize]
remark: ./numeric-arithmetic.h:481:13004: vectorized loop (vectorization width: 8, interleaved count: 4) [-Rpass=loop-vectorize]
remark: ./numeric-arithmetic.h:481:34443: loop not vectorized: call instruction cannot be vectorized [-Rpass-analysis=loop-vectorize]
remark: ./numeric-arithmetic.h:481:33528: loop not vectorized [-Rpass-missed=loop-vectorize]
remark: ./numeric-arithmetic.h:481:33370: loop not vectorized: call instruction cannot be vectorized [-Rpass-analysis=loop-vectorize]
remark: ./numeric-arithmetic.h:481:32455: loop not vectorized [-Rpass-missed=loop-vectorize]
remark: ./numeric-arithmetic.h:481:32281: loop not vectorized: call instruction cannot be vectorized [-Rpass-analysis=loop-vectorize]
remark: ./numeric-arithmetic.h:481:31366: loop not vectorized [-Rpass-missed=loop-vectorize]
remark: ./numeric-arithmetic.h:481:31208: loop not vectorized: call instruction cannot be vectorized [-Rpass-analysis=loop-vectorize]
remark: ./numeric-arithmetic.h:481:30293: loop not vectorized [-Rpass-missed=loop-vectorize]
remark: ./numeric-arithmetic.h:481:38809: loop not vectorized: call instruction cannot be vectorized [-Rpass-analysis=loop-vectorize]
remark: ./numeric-arithmetic.h:481:37894: loop not vectorized [-Rpass-missed=loop-vectorize]
remark: ./numeric-arithmetic.h:481:37736: loop not vectorized: call instruction cannot be vectorized [-Rpass-analysis=loop-vectorize]
remark: ./numeric-arithmetic.h:481:36821: loop not vectorized [-Rpass-missed=loop-vectorize]
remark: ./numeric-arithmetic.h:481:36647: loop not vectorized: call instruction cannot be vectorized [-Rpass-analysis=loop-vectorize]
remark: ./numeric-arithmetic.h:481:35732: loop not vectorized [-Rpass-missed=loop-vectorize]
remark: ./numeric-arithmetic.h:481:35574: loop not vectorized: call instruction cannot be vectorized [-Rpass-analysis=loop-vectorize]
remark: ./numeric-arithmetic.h:481:34659: loop not vectorized [-Rpass-missed=loop-vectorize]
remark: ./numeric-arithmetic.h:481:29141: the cost-model indicates that vectorization is not beneficial [-Rpass-missed=loop-vectorize]
remark: ./numeric-arithmetic.h:481:29141: the cost-model indicates that interleaving is not beneficial [-Rpass-missed=loop-vectorize]
remark: ./numeric-arithmetic.h:481:28068: the cost-model indicates that vectorization is not beneficial [-Rpass-missed=loop-vectorize]
remark: ./numeric-arithmetic.h:481:28068: the cost-model indicates that interleaving is not beneficial [-Rpass-missed=loop-vectorize]
remark: ./numeric-arithmetic.h:481:26979: the cost-model indicates that vectorization is not beneficial [-Rpass-missed=loop-vectorize]
remark: ./numeric-arithmetic.h:481:26979: the cost-model indicates that interleaving is not beneficial [-Rpass-missed=loop-vectorize]
remark: ./numeric-arithmetic.h:481:25906: vectorized loop (vectorization width: 4, interleaved count: 4) [-Rpass=loop-vectorize]
remark: ./numeric-arithmetic.h:481:47006: loop not vectorized: call instruction cannot be vectorized [-Rpass-analysis=loop-vectorize]
remark: ./numeric-arithmetic.h:481:46161: loop not vectorized [-Rpass-missed=loop-vectorize]
remark: ./numeric-arithmetic.h:481:46007: loop not vectorized: call instruction cannot be vectorized [-Rpass-analysis=loop-vectorize]
remark: ./numeric-arithmetic.h:481:45162: loop not vectorized [-Rpass-missed=loop-vectorize]
remark: ./numeric-arithmetic.h:481:44992: loop not vectorized: call instruction cannot be vectorized [-Rpass-analysis=loop-vectorize]
remark: ./numeric-arithmetic.h:481:44147: loop not vectorized [-Rpass-missed=loop-vectorize]
remark: ./numeric-arithmetic.h:481:43993: loop not vectorized: call instruction cannot be vectorized [-Rpass-analysis=loop-vectorize]
remark: ./numeric-arithmetic.h:481:43148: loop not vectorized [-Rpass-missed=loop-vectorize]
remark: ./numeric-arithmetic.h:481:51076: loop not vectorized: call instruction cannot be vectorized [-Rpass-analysis=loop-vectorize]
remark: ./numeric-arithmetic.h:481:50231: loop not vectorized [-Rpass-missed=loop-vectorize]
remark: ./numeric-arithmetic.h:481:50077: loop not vectorized: call instruction cannot be vectorized [-Rpass-analysis=loop-vectorize]
remark: ./numeric-arithmetic.h:481:49232: loop not vectorized [-Rpass-missed=loop-vectorize]
remark: ./numeric-arithmetic.h:481:49062: loop not vectorized: call instruction cannot be vectorized [-Rpass-analysis=loop-vectorize]
remark: ./numeric-arithmetic.h:481:48217: loop not vectorized [-Rpass-missed=loop-vectorize]
remark: ./numeric-arithmetic.h:481:48063: loop not vectorized: call instruction cannot be vectorized [-Rpass-analysis=loop-vectorize]
remark: ./numeric-arithmetic.h:481:47218: loop not vectorized [-Rpass-missed=loop-vectorize]
remark: ./numeric-arithmetic.h:481:42070: the cost-model indicates that vectorization is not beneficial [-Rpass-missed=loop-vectorize]
remark: ./numeric-arithmetic.h:481:42070: the cost-model indicates that interleaving is not beneficial [-Rpass-missed=loop-vectorize]
remark: ./numeric-arithmetic.h:481:41071: the cost-model indicates that vectorization is not beneficial [-Rpass-missed=loop-vectorize]
remark: ./numeric-arithmetic.h:481:41071: the cost-model indicates that interleaving is not beneficial [-Rpass-missed=loop-vectorize]
remark: ./numeric-arithmetic.h:481:40056: the cost-model indicates that vectorization is not beneficial [-Rpass-missed=loop-vectorize]
remark: ./numeric-arithmetic.h:481:40056: the cost-model indicates that interleaving is not beneficial [-Rpass-missed=loop-vectorize]
remark: ./numeric-arithmetic.h:481:39057: vectorized loop (vectorization width: 4, interleaved count: 4) [-Rpass=loop-vectorize]
remark: ./numeric-arithmetic.h:481:58291: the cost-model indicates that vectorization is not beneficial [-Rpass-missed=loop-vectorize]
remark: ./numeric-arithmetic.h:481:58291: the cost-model indicates that interleaving is not beneficial [-Rpass-missed=loop-vectorize]
remark: ./numeric-arithmetic.h:481:57312: the cost-model indicates that vectorization is not beneficial [-Rpass-missed=loop-vectorize]
remark: ./numeric-arithmetic.h:481:57312: the cost-model indicates that interleaving is not beneficial [-Rpass-missed=loop-vectorize]
remark: ./numeric-arithmetic.h:481:56317: the cost-model indicates that vectorization is not beneficial [-Rpass-missed=loop-vectorize]
remark: ./numeric-arithmetic.h:481:56317: the cost-model indicates that interleaving is not beneficial [-Rpass-missed=loop-vectorize]
remark: ./numeric-arithmetic.h:481:55338: vectorized loop (vectorization width: 2, interleaved count: 4) [-Rpass=loop-vectorize]
remark: ./numeric-arithmetic.h:481:62281: the cost-model indicates that vectorization is not beneficial [-Rpass-missed=loop-vectorize]
remark: ./numeric-arithmetic.h:481:62281: the cost-model indicates that interleaving is not beneficial [-Rpass-missed=loop-vectorize]
remark: ./numeric-arithmetic.h:481:61302: the cost-model indicates that vectorization is not beneficial [-Rpass-missed=loop-vectorize]
remark: ./numeric-arithmetic.h:481:61302: the cost-model indicates that interleaving is not beneficial [-Rpass-missed=loop-vectorize]
remark: ./numeric-arithmetic.h:481:60307: the cost-model indicates that vectorization is not beneficial [-Rpass-missed=loop-vectorize]
remark: ./numeric-arithmetic.h:481:60307: the cost-model indicates that interleaving is not beneficial [-Rpass-missed=loop-vectorize]
remark: ./numeric-arithmetic.h:481:59328: vectorized loop (vectorization width: 2, interleaved count: 4) [-Rpass=loop-vectorize]
remark: ./numeric-arithmetic.h:481:54280: the cost-model indicates that vectorization is not beneficial [-Rpass-missed=loop-vectorize]
remark: ./numeric-arithmetic.h:481:54280: the cost-model indicates that interleaving is not beneficial [-Rpass-missed=loop-vectorize]
remark: ./numeric-arithmetic.h:481:53301: the cost-model indicates that vectorization is not beneficial [-Rpass-missed=loop-vectorize]
remark: ./numeric-arithmetic.h:481:53301: the cost-model indicates that interleaving is not beneficial [-Rpass-missed=loop-vectorize]
remark: ./numeric-arithmetic.h:481:52306: the cost-model indicates that vectorization is not beneficial [-Rpass-missed=loop-vectorize]
remark: ./numeric-arithmetic.h:481:52306: the cost-model indicates that interleaving is not beneficial [-Rpass-missed=loop-vectorize]
remark: ./numeric-arithmetic.h:481:51327: vectorized loop (vectorization width: 2, interleaved count: 4) [-Rpass=loop-vectorize]
remark: ./numeric-arithmetic.h:481:0: loop not vectorized: call instruction cannot be vectorized [-Rpass-analysis=loop-vectorize]
remark: ./numeric-arithmetic.h:481:0: loop not vectorized: Cannot vectorize uncountable loop [-Rpass-analysis=loop-vectorize]
remark: ./numeric-arithmetic.h:481:0: loop not vectorized [-Rpass-missed=loop-vectorize]
remark: ./numeric-arithmetic.h:481:0: loop not vectorized: call instruction cannot be vectorized [-Rpass-analysis=loop-vectorize]
remark: ./numeric-arithmetic.h:481:0: loop not vectorized: Cannot vectorize uncountable loop [-Rpass-analysis=loop-vectorize]
remark: ./numeric-arithmetic.h:481:0: loop not vectorized [-Rpass-missed=loop-vectorize]
remark: ./numeric-arithmetic.h:481:0: loop not vectorized: call instruction cannot be vectorized [-Rpass-analysis=loop-vectorize]
remark: ./numeric-arithmetic.h:481:0: loop not vectorized: Cannot vectorize uncountable loop [-Rpass-analysis=loop-vectorize]
remark: ./numeric-arithmetic.h:481:0: loop not vectorized [-Rpass-missed=loop-vectorize]
remark: ./numeric-arithmetic.h:481:0: loop not vectorized: call instruction cannot be vectorized [-Rpass-analysis=loop-vectorize]
remark: ./numeric-arithmetic.h:481:0: loop not vectorized: Cannot vectorize uncountable loop [-Rpass-analysis=loop-vectorize]
remark: ./numeric-arithmetic.h:481:0: loop not vectorized [-Rpass-missed=loop-vectorize]
remark: ./numeric-arithmetic.h:481:0: loop not vectorized: call instruction cannot be vectorized [-Rpass-analysis=loop-vectorize]
remark: ./numeric-arithmetic.h:481:0: loop not vectorized: Cannot vectorize uncountable loop [-Rpass-analysis=loop-vectorize]
remark: ./numeric-arithmetic.h:481:0: loop not vectorized [-Rpass-missed=loop-vectorize]
remark: ./numeric-arithmetic.h:481:0: loop not vectorized: call instruction cannot be vectorized [-Rpass-analysis=loop-vectorize]
remark: ./numeric-arithmetic.h:481:0: loop not vectorized: Cannot vectorize uncountable loop [-Rpass-analysis=loop-vectorize]
remark: ./numeric-arithmetic.h:481:0: loop not vectorized [-Rpass-missed=loop-vectorize]
remark: ./numeric-arithmetic.h:481:0: loop not vectorized: call instruction cannot be vectorized [-Rpass-analysis=loop-vectorize]
remark: ./numeric-arithmetic.h:481:0: loop not vectorized: Cannot vectorize uncountable loop [-Rpass-analysis=loop-vectorize]
remark: ./numeric-arithmetic.h:481:0: loop not vectorized [-Rpass-missed=loop-vectorize]
remark: ./numeric-arithmetic.h:481:0: loop not vectorized: call instruction cannot be vectorized [-Rpass-analysis=loop-vectorize]
remark: ./numeric-arithmetic.h:481:0: loop not vectorized: Cannot vectorize uncountable loop [-Rpass-analysis=loop-vectorize]
remark: ./numeric-arithmetic.h:481:0: loop not vectorized [-Rpass-missed=loop-vectorize]
remark: ./numeric-arithmetic.h:481:0: loop not vectorized: Cannot vectorize uncountable loop [-Rpass-analysis=loop-vectorize]
remark: ./numeric-arithmetic.h:481:0: loop not vectorized [-Rpass-missed=loop-vectorize]
remark: ./numeric-arithmetic.h:481:65495: loop not vectorized: Cannot vectorize uncountable loop [-Rpass-analysis=loop-vectorize]
remark: ./numeric-arithmetic.h:481:65495: loop not vectorized [-Rpass-missed=loop-vectorize]
remark: ./numeric-arithmetic.h:481:64438: loop not vectorized: Cannot vectorize uncountable loop [-Rpass-analysis=loop-vectorize]
remark: ./numeric-arithmetic.h:481:64438: loop not vectorized [-Rpass-missed=loop-vectorize]
remark: ./numeric-arithmetic.h:481:63397: loop not vectorized: Cannot vectorize uncountable loop [-Rpass-analysis=loop-vectorize]
remark: ./numeric-arithmetic.h:481:63397: loop not vectorized [-Rpass-missed=loop-vectorize]
remark: ./numeric-arithmetic.h:481:0: loop not vectorized: call instruction cannot be vectorized [-Rpass-analysis=loop-vectorize]
remark: ./numeric-arithmetic.h:481:0: loop not vectorized [-Rpass-missed=loop-vectorize]
remark: ./numeric-arithmetic.h:481:0: loop not vectorized: call instruction cannot be vectorized [-Rpass-analysis=loop-vectorize]
remark: ./numeric-arithmetic.h:481:0: loop not vectorized [-Rpass-missed=loop-vectorize]
remark: ./numeric-arithmetic.h:481:0: loop not vectorized: call instruction cannot be vectorized [-Rpass-analysis=loop-vectorize]
remark: ./numeric-arithmetic.h:481:0: loop not vectorized [-Rpass-missed=loop-vectorize]
remark: ./numeric-arithmetic.h:481:0: loop not vectorized: call instruction cannot be vectorized [-Rpass-analysis=loop-vectorize]
remark: ./numeric-arithmetic.h:481:0: loop not vectorized [-Rpass-missed=loop-vectorize]
remark: ./numeric-arithmetic.h:481:0: loop not vectorized: call instruction cannot be vectorized [-Rpass-analysis=loop-vectorize]
remark: ./numeric-arithmetic.h:481:0: loop not vectorized [-Rpass-missed=loop-vectorize]
remark: ./numeric-arithmetic.h:481:0: loop not vectorized: call instruction cannot be vectorized [-Rpass-analysis=loop-vectorize]
remark: ./numeric-arithmetic.h:481:0: loop not vectorized [-Rpass-missed=loop-vectorize]
remark: ./numeric-arithmetic.h:481:0: loop not vectorized: call instruction cannot be vectorized [-Rpass-analysis=loop-vectorize]
remark: ./numeric-arithmetic.h:481:0: loop not vectorized [-Rpass-missed=loop-vectorize]
remark: ./numeric-arithmetic.h:481:0: loop not vectorized: call instruction cannot be vectorized [-Rpass-analysis=loop-vectorize]
remark: ./numeric-arithmetic.h:481:0: loop not vectorized [-Rpass-missed=loop-vectorize]
remark: ./numeric-arithmetic.h:481:0: the cost-model indicates that vectorization is not beneficial [-Rpass-missed=loop-vectorize]
remark: ./numeric-arithmetic.h:481:0: the cost-model indicates that interleaving is not beneficial [-Rpass-missed=loop-vectorize]
remark: ./numeric-arithmetic.h:481:0: the cost-model indicates that vectorization is not beneficial [-Rpass-missed=loop-vectorize]
remark: ./numeric-arithmetic.h:481:0: the cost-model indicates that interleaving is not beneficial [-Rpass-missed=loop-vectorize]
remark: ./numeric-arithmetic.h:481:0: the cost-model indicates that vectorization is not beneficial [-Rpass-missed=loop-vectorize]
remark: ./numeric-arithmetic.h:481:0: the cost-model indicates that interleaving is not beneficial [-Rpass-missed=loop-vectorize]
remark: ./numeric-arithmetic.h:481:0: vectorized loop (vectorization width: 8, interleaved count: 4) [-Rpass=loop-vectorize]
remark: ./numeric-arithmetic.h:481:0: loop not vectorized: call instruction cannot be vectorized [-Rpass-analysis=loop-vectorize]
remark: ./numeric-arithmetic.h:481:0: loop not vectorized [-Rpass-missed=loop-vectorize]
remark: ./numeric-arithmetic.h:481:0: loop not vectorized: call instruction cannot be vectorized [-Rpass-analysis=loop-vectorize]
remark: ./numeric-arithmetic.h:481:0: loop not vectorized [-Rpass-missed=loop-vectorize]
remark: ./numeric-arithmetic.h:481:0: loop not vectorized: call instruction cannot be vectorized [-Rpass-analysis=loop-vectorize]
remark: ./numeric-arithmetic.h:481:0: loop not vectorized [-Rpass-missed=loop-vectorize]
remark: ./numeric-arithmetic.h:481:0: loop not vectorized: call instruction cannot be vectorized [-Rpass-analysis=loop-vectorize]
remark: ./numeric-arithmetic.h:481:0: loop not vectorized [-Rpass-missed=loop-vectorize]
remark: ./numeric-arithmetic.h:481:0: loop not vectorized: call instruction cannot be vectorized [-Rpass-analysis=loop-vectorize]
remark: ./numeric-arithmetic.h:481:0: loop not vectorized [-Rpass-missed=loop-vectorize]
remark: ./numeric-arithmetic.h:481:0: loop not vectorized: call instruction cannot be vectorized [-Rpass-analysis=loop-vectorize]
remark: ./numeric-arithmetic.h:481:0: loop not vectorized [-Rpass-missed=loop-vectorize]
remark: ./numeric-arithmetic.h:481:0: loop not vectorized: call instruction cannot be vectorized [-Rpass-analysis=loop-vectorize]
remark: ./numeric-arithmetic.h:481:0: loop not vectorized [-Rpass-missed=loop-vectorize]
remark: ./numeric-arithmetic.h:481:0: loop not vectorized: call instruction cannot be vectorized [-Rpass-analysis=loop-vectorize]
remark: ./numeric-arithmetic.h:481:0: loop not vectorized [-Rpass-missed=loop-vectorize]
remark: ./numeric-arithmetic.h:481:0: the cost-model indicates that vectorization is not beneficial [-Rpass-missed=loop-vectorize]
remark: ./numeric-arithmetic.h:481:0: the cost-model indicates that interleaving is not beneficial [-Rpass-missed=loop-vectorize]
remark: ./numeric-arithmetic.h:481:0: the cost-model indicates that vectorization is not beneficial [-Rpass-missed=loop-vectorize]
remark: ./numeric-arithmetic.h:481:0: the cost-model indicates that interleaving is not beneficial [-Rpass-missed=loop-vectorize]
remark: ./numeric-arithmetic.h:481:0: the cost-model indicates that vectorization is not beneficial [-Rpass-missed=loop-vectorize]
remark: ./numeric-arithmetic.h:481:0: the cost-model indicates that interleaving is not beneficial [-Rpass-missed=loop-vectorize]
remark: ./numeric-arithmetic.h:481:0: vectorized loop (vectorization width: 4, interleaved count: 4) [-Rpass=loop-vectorize]
remark: ./numeric-arithmetic.h:481:0: loop not vectorized: call instruction cannot be vectorized [-Rpass-analysis=loop-vectorize]
remark: ./numeric-arithmetic.h:481:0: loop not vectorized [-Rpass-missed=loop-vectorize]
remark: ./numeric-arithmetic.h:481:0: loop not vectorized: call instruction cannot be vectorized [-Rpass-analysis=loop-vectorize]
remark: ./numeric-arithmetic.h:481:0: loop not vectorized [-Rpass-missed=loop-vectorize]
remark: ./numeric-arithmetic.h:481:0: loop not vectorized: call instruction cannot be vectorized [-Rpass-analysis=loop-vectorize]
remark: ./numeric-arithmetic.h:481:0: loop not vectorized [-Rpass-missed=loop-vectorize]
remark: ./numeric-arithmetic.h:481:0: loop not vectorized: call instruction cannot be vectorized [-Rpass-analysis=loop-vectorize]
remark: ./numeric-arithmetic.h:481:0: loop not vectorized [-Rpass-missed=loop-vectorize]
remark: ./numeric-arithmetic.h:481:0: loop not vectorized: call instruction cannot be vectorized [-Rpass-analysis=loop-vectorize]
remark: ./numeric-arithmetic.h:481:0: loop not vectorized [-Rpass-missed=loop-vectorize]
remark: ./numeric-arithmetic.h:481:0: loop not vectorized: call instruction cannot be vectorized [-Rpass-analysis=loop-vectorize]
remark: ./numeric-arithmetic.h:481:0: loop not vectorized [-Rpass-missed=loop-vectorize]
remark: ./numeric-arithmetic.h:481:0: loop not vectorized: call instruction cannot be vectorized [-Rpass-analysis=loop-vectorize]
remark: ./numeric-arithmetic.h:481:0: loop not vectorized [-Rpass-missed=loop-vectorize]
remark: ./numeric-arithmetic.h:481:0: loop not vectorized: call instruction cannot be vectorized [-Rpass-analysis=loop-vectorize]
remark: ./numeric-arithmetic.h:481:0: loop not vectorized [-Rpass-missed=loop-vectorize]
remark: ./numeric-arithmetic.h:481:0: the cost-model indicates that vectorization is not beneficial [-Rpass-missed=loop-vectorize]
remark: ./numeric-arithmetic.h:481:0: the cost-model indicates that interleaving is not beneficial [-Rpass-missed=loop-vectorize]
remark: ./numeric-arithmetic.h:481:0: the cost-model indicates that vectorization is not beneficial [-Rpass-missed=loop-vectorize]
remark: ./numeric-arithmetic.h:481:0: the cost-model indicates that interleaving is not beneficial [-Rpass-missed=loop-vectorize]
remark: ./numeric-arithmetic.h:481:0: the cost-model indicates that vectorization is not beneficial [-Rpass-missed=loop-vectorize]
remark: ./numeric-arithmetic.h:481:0: the cost-model indicates that interleaving is not beneficial [-Rpass-missed=loop-vectorize]
remark: ./numeric-arithmetic.h:481:0: vectorized loop (vectorization width: 4, interleaved count: 4) [-Rpass=loop-vectorize]
remark: ./numeric-arithmetic.h:481:0: the cost-model indicates that vectorization is not beneficial [-Rpass-missed=loop-vectorize]
remark: ./numeric-arithmetic.h:481:0: the cost-model indicates that interleaving is not beneficial [-Rpass-missed=loop-vectorize]
remark: ./numeric-arithmetic.h:481:0: the cost-model indicates that vectorization is not beneficial [-Rpass-missed=loop-vectorize]
remark: ./numeric-arithmetic.h:481:0: the cost-model indicates that interleaving is not beneficial [-Rpass-missed=loop-vectorize]
remark: ./numeric-arithmetic.h:481:0: the cost-model indicates that vectorization is not beneficial [-Rpass-missed=loop-vectorize]
remark: ./numeric-arithmetic.h:481:0: the cost-model indicates that interleaving is not beneficial [-Rpass-missed=loop-vectorize]
remark: ./numeric-arithmetic.h:481:0: vectorized loop (vectorization width: 2, interleaved count: 4) [-Rpass=loop-vectorize]
remark: ./numeric-arithmetic.h:481:0: the cost-model indicates that vectorization is not beneficial [-Rpass-missed=loop-vectorize]
remark: ./numeric-arithmetic.h:481:0: the cost-model indicates that interleaving is not beneficial [-Rpass-missed=loop-vectorize]
remark: ./numeric-arithmetic.h:481:0: the cost-model indicates that vectorization is not beneficial [-Rpass-missed=loop-vectorize]
remark: ./numeric-arithmetic.h:481:0: the cost-model indicates that interleaving is not beneficial [-Rpass-missed=loop-vectorize]
remark: ./numeric-arithmetic.h:481:0: the cost-model indicates that vectorization is not beneficial [-Rpass-missed=loop-vectorize]
remark: ./numeric-arithmetic.h:481:0: the cost-model indicates that interleaving is not beneficial [-Rpass-missed=loop-vectorize]
remark: ./numeric-arithmetic.h:481:0: vectorized loop (vectorization width: 2, interleaved count: 4) [-Rpass=loop-vectorize]
remark: ./numeric-arithmetic.h:481:0: the cost-model indicates that vectorization is not beneficial [-Rpass-missed=loop-vectorize]
remark: ./numeric-arithmetic.h:481:0: the cost-model indicates that interleaving is not beneficial [-Rpass-missed=loop-vectorize]
remark: ./numeric-arithmetic.h:481:0: the cost-model indicates that vectorization is not beneficial [-Rpass-missed=loop-vectorize]
remark: ./numeric-arithmetic.h:481:0: the cost-model indicates that interleaving is not beneficial [-Rpass-missed=loop-vectorize]
remark: ./numeric-arithmetic.h:481:0: the cost-model indicates that vectorization is not beneficial [-Rpass-missed=loop-vectorize]
remark: ./numeric-arithmetic.h:481:0: the cost-model indicates that interleaving is not beneficial [-Rpass-missed=loop-vectorize]
remark: ./numeric-arithmetic.h:481:0: vectorized loop (vectorization width: 2, interleaved count: 4) [-Rpass=loop-vectorize]
remark: ./numeric-arithmetic.h:481:0: loop not vectorized: call instruction cannot be vectorized [-Rpass-analysis=loop-vectorize]
remark: ./numeric-arithmetic.h:481:0: loop not vectorized: Cannot vectorize uncountable loop [-Rpass-analysis=loop-vectorize]
remark: ./numeric-arithmetic.h:481:0: loop not vectorized [-Rpass-missed=loop-vectorize]
remark: ./numeric-arithmetic.h:481:0: loop not vectorized: call instruction cannot be vectorized [-Rpass-analysis=loop-vectorize]
remark: ./numeric-arithmetic.h:481:0: loop not vectorized: Cannot vectorize uncountable loop [-Rpass-analysis=loop-vectorize]
remark: ./numeric-arithmetic.h:481:0: loop not vectorized [-Rpass-missed=loop-vectorize]
remark: ./numeric-arithmetic.h:481:0: loop not vectorized: call instruction cannot be vectorized [-Rpass-analysis=loop-vectorize]
remark: ./numeric-arithmetic.h:481:0: loop not vectorized: Cannot vectorize uncountable loop [-Rpass-analysis=loop-vectorize]
remark: ./numeric-arithmetic.h:481:0: loop not vectorized [-Rpass-missed=loop-vectorize]
remark: ./numeric-arithmetic.h:481:0: loop not vectorized: call instruction cannot be vectorized [-Rpass-analysis=loop-vectorize]
remark: ./numeric-arithmetic.h:481:0: loop not vectorized: Cannot vectorize uncountable loop [-Rpass-analysis=loop-vectorize]
remark: ./numeric-arithmetic.h:481:0: loop not vectorized [-Rpass-missed=loop-vectorize]
remark: ./numeric-arithmetic.h:481:0: loop not vectorized: call instruction cannot be vectorized [-Rpass-analysis=loop-vectorize]
remark: ./numeric-arithmetic.h:481:0: loop not vectorized: Cannot vectorize uncountable loop [-Rpass-analysis=loop-vectorize]
remark: ./numeric-arithmetic.h:481:0: loop not vectorized [-Rpass-missed=loop-vectorize]
remark: ./numeric-arithmetic.h:481:0: loop not vectorized: call instruction cannot be vectorized [-Rpass-analysis=loop-vectorize]
remark: ./numeric-arithmetic.h:481:0: loop not vectorized: Cannot vectorize uncountable loop [-Rpass-analysis=loop-vectorize]
remark: ./numeric-arithmetic.h:481:0: loop not vectorized [-Rpass-missed=loop-vectorize]
remark: ./numeric-arithmetic.h:481:0: loop not vectorized: call instruction cannot be vectorized [-Rpass-analysis=loop-vectorize]
remark: ./numeric-arithmetic.h:481:0: loop not vectorized: Cannot vectorize uncountable loop [-Rpass-analysis=loop-vectorize]
remark: ./numeric-arithmetic.h:481:0: loop not vectorized [-Rpass-missed=loop-vectorize]
remark: ./numeric-arithmetic.h:481:0: loop not vectorized: call instruction cannot be vectorized [-Rpass-analysis=loop-vectorize]
remark: ./numeric-arithmetic.h:481:0: loop not vectorized: Cannot vectorize uncountable loop [-Rpass-analysis=loop-vectorize]
remark: ./numeric-arithmetic.h:481:0: loop not vectorized [-Rpass-missed=loop-vectorize]
remark: ./numeric-arithmetic.h:481:0: loop not vectorized: Cannot vectorize uncountable loop [-Rpass-analysis=loop-vectorize]
remark: ./numeric-arithmetic.h:481:0: loop not vectorized [-Rpass-missed=loop-vectorize]
remark: ./numeric-arithmetic.h:481:0: loop not vectorized: Cannot vectorize uncountable loop [-Rpass-analysis=loop-vectorize]
remark: ./numeric-arithmetic.h:481:0: loop not vectorized [-Rpass-missed=loop-vectorize]
remark: ./numeric-arithmetic.h:481:0: loop not vectorized: Cannot vectorize uncountable loop [-Rpass-analysis=loop-vectorize]
remark: ./numeric-arithmetic.h:481:0: loop not vectorized [-Rpass-missed=loop-vectorize]
remark: ./numeric-arithmetic.h:481:0: loop not vectorized: Cannot vectorize uncountable loop [-Rpass-analysis=loop-vectorize]
remark: ./numeric-arithmetic.h:481:0: loop not vectorized [-Rpass-missed=loop-vectorize]
remark: ./numeric-arithmetic.h:481:0: loop not vectorized: call instruction cannot be vectorized [-Rpass-analysis=loop-vectorize]
remark: ./numeric-arithmetic.h:481:0: loop not vectorized [-Rpass-missed=loop-vectorize]
remark: ./numeric-arithmetic.h:481:0: loop not vectorized: call instruction cannot be vectorized [-Rpass-analysis=loop-vectorize]
remark: ./numeric-arithmetic.h:481:0: loop not vectorized [-Rpass-missed=loop-vectorize]
remark: ./numeric-arithmetic.h:481:0: loop not vectorized: call instruction cannot be vectorized [-Rpass-analysis=loop-vectorize]
remark: ./numeric-arithmetic.h:481:0: loop not vectorized [-Rpass-missed=loop-vectorize]
remark: ./numeric-arithmetic.h:481:0: loop not vectorized: call instruction cannot be vectorized [-Rpass-analysis=loop-vectorize]
remark: ./numeric-arithmetic.h:481:0: loop not vectorized [-Rpass-missed=loop-vectorize]
remark: ./numeric-arithmetic.h:481:0: loop not vectorized: call instruction cannot be vectorized [-Rpass-analysis=loop-vectorize]
remark: ./numeric-arithmetic.h:481:0: loop not vectorized [-Rpass-missed=loop-vectorize]
remark: ./numeric-arithmetic.h:481:0: loop not vectorized: call instruction cannot be vectorized [-Rpass-analysis=loop-vectorize]
remark: ./numeric-arithmetic.h:481:0: loop not vectorized [-Rpass-missed=loop-vectorize]
remark: ./numeric-arithmetic.h:481:0: loop not vectorized: call instruction cannot be vectorized [-Rpass-analysis=loop-vectorize]
remark: ./numeric-arithmetic.h:481:0: loop not vectorized [-Rpass-missed=loop-vectorize]
remark: ./numeric-arithmetic.h:481:0: loop not vectorized: call instruction cannot be vectorized [-Rpass-analysis=loop-vectorize]
remark: ./numeric-arithmetic.h:481:0: loop not vectorized [-Rpass-missed=loop-vectorize]
remark: ./numeric-arithmetic.h:481:0: the cost-model indicates that vectorization is not beneficial [-Rpass-missed=loop-vectorize]
remark: ./numeric-arithmetic.h:481:0: the cost-model indicates that interleaving is not beneficial [-Rpass-missed=loop-vectorize]
remark: ./numeric-arithmetic.h:481:0: the cost-model indicates that vectorization is not beneficial [-Rpass-missed=loop-vectorize]
remark: ./numeric-arithmetic.h:481:0: the cost-model indicates that interleaving is not beneficial [-Rpass-missed=loop-vectorize]
remark: ./numeric-arithmetic.h:481:0: the cost-model indicates that vectorization is not beneficial [-Rpass-missed=loop-vectorize]
remark: ./numeric-arithmetic.h:481:0: the cost-model indicates that interleaving is not beneficial [-Rpass-missed=loop-vectorize]
remark: ./numeric-arithmetic.h:481:0: vectorized loop (vectorization width: 8, interleaved count: 4) [-Rpass=loop-vectorize]
remark: ./numeric-arithmetic.h:481:0: loop not vectorized: call instruction cannot be vectorized [-Rpass-analysis=loop-vectorize]
remark: ./numeric-arithmetic.h:481:0: loop not vectorized [-Rpass-missed=loop-vectorize]
remark: ./numeric-arithmetic.h:481:0: loop not vectorized: call instruction cannot be vectorized [-Rpass-analysis=loop-vectorize]
remark: ./numeric-arithmetic.h:481:0: loop not vectorized [-Rpass-missed=loop-vectorize]
remark: ./numeric-arithmetic.h:481:0: loop not vectorized: call instruction cannot be vectorized [-Rpass-analysis=loop-vectorize]
remark: ./numeric-arithmetic.h:481:0: loop not vectorized [-Rpass-missed=loop-vectorize]
remark: ./numeric-arithmetic.h:481:0: loop not vectorized: call instruction cannot be vectorized [-Rpass-analysis=loop-vectorize]
remark: ./numeric-arithmetic.h:481:0: loop not vectorized [-Rpass-missed=loop-vectorize]
remark: ./numeric-arithmetic.h:481:0: loop not vectorized: call instruction cannot be vectorized [-Rpass-analysis=loop-vectorize]
remark: ./numeric-arithmetic.h:481:0: loop not vectorized [-Rpass-missed=loop-vectorize]
remark: ./numeric-arithmetic.h:481:0: loop not vectorized: call instruction cannot be vectorized [-Rpass-analysis=loop-vectorize]
remark: ./numeric-arithmetic.h:481:0: loop not vectorized [-Rpass-missed=loop-vectorize]
remark: ./numeric-arithmetic.h:481:0: loop not vectorized: call instruction cannot be vectorized [-Rpass-analysis=loop-vectorize]
remark: ./numeric-arithmetic.h:481:0: loop not vectorized [-Rpass-missed=loop-vectorize]
remark: ./numeric-arithmetic.h:481:0: loop not vectorized: call instruction cannot be vectorized [-Rpass-analysis=loop-vectorize]
remark: ./numeric-arithmetic.h:481:0: loop not vectorized [-Rpass-missed=loop-vectorize]
remark: ./numeric-arithmetic.h:481:0: the cost-model indicates that vectorization is not beneficial [-Rpass-missed=loop-vectorize]
remark: ./numeric-arithmetic.h:481:0: the cost-model indicates that interleaving is not beneficial [-Rpass-missed=loop-vectorize]
remark: ./numeric-arithmetic.h:481:0: the cost-model indicates that vectorization is not beneficial [-Rpass-missed=loop-vectorize]
remark: ./numeric-arithmetic.h:481:0: the cost-model indicates that interleaving is not beneficial [-Rpass-missed=loop-vectorize]
remark: ./numeric-arithmetic.h:481:0: the cost-model indicates that vectorization is not beneficial [-Rpass-missed=loop-vectorize]
remark: ./numeric-arithmetic.h:481:0: the cost-model indicates that interleaving is not beneficial [-Rpass-missed=loop-vectorize]
remark: ./numeric-arithmetic.h:481:0: vectorized loop (vectorization width: 4, interleaved count: 4) [-Rpass=loop-vectorize]
remark: ./numeric-arithmetic.h:481:0: loop not vectorized: call instruction cannot be vectorized [-Rpass-analysis=loop-vectorize]
remark: ./numeric-arithmetic.h:481:0: loop not vectorized [-Rpass-missed=loop-vectorize]
remark: ./numeric-arithmetic.h:481:0: loop not vectorized: call instruction cannot be vectorized [-Rpass-analysis=loop-vectorize]
remark: ./numeric-arithmetic.h:481:0: loop not vectorized [-Rpass-missed=loop-vectorize]
remark: ./numeric-arithmetic.h:481:0: loop not vectorized: call instruction cannot be vectorized [-Rpass-analysis=loop-vectorize]
remark: ./numeric-arithmetic.h:481:0: loop not vectorized [-Rpass-missed=loop-vectorize]
remark: ./numeric-arithmetic.h:481:0: loop not vectorized: call instruction cannot be vectorized [-Rpass-analysis=loop-vectorize]
remark: ./numeric-arithmetic.h:481:0: loop not vectorized [-Rpass-missed=loop-vectorize]
remark: ./numeric-arithmetic.h:481:0: loop not vectorized: call instruction cannot be vectorized [-Rpass-analysis=loop-vectorize]
remark: ./numeric-arithmetic.h:481:0: loop not vectorized [-Rpass-missed=loop-vectorize]
remark: ./numeric-arithmetic.h:481:0: loop not vectorized: call instruction cannot be vectorized [-Rpass-analysis=loop-vectorize]
remark: ./numeric-arithmetic.h:481:0: loop not vectorized [-Rpass-missed=loop-vectorize]
remark: ./numeric-arithmetic.h:481:0: loop not vectorized: call instruction cannot be vectorized [-Rpass-analysis=loop-vectorize]
remark: ./numeric-arithmetic.h:481:0: loop not vectorized [-Rpass-missed=loop-vectorize]
remark: ./numeric-arithmetic.h:481:0: loop not vectorized: call instruction cannot be vectorized [-Rpass-analysis=loop-vectorize]
remark: ./numeric-arithmetic.h:481:0: loop not vectorized [-Rpass-missed=loop-vectorize]
remark: ./numeric-arithmetic.h:481:0: the cost-model indicates that vectorization is not beneficial [-Rpass-missed=loop-vectorize]
remark: ./numeric-arithmetic.h:481:0: the cost-model indicates that interleaving is not beneficial [-Rpass-missed=loop-vectorize]
remark: ./numeric-arithmetic.h:481:0: the cost-model indicates that vectorization is not beneficial [-Rpass-missed=loop-vectorize]
remark: ./numeric-arithmetic.h:481:0: the cost-model indicates that interleaving is not beneficial [-Rpass-missed=loop-vectorize]
remark: ./numeric-arithmetic.h:481:0: the cost-model indicates that vectorization is not beneficial [-Rpass-missed=loop-vectorize]
remark: ./numeric-arithmetic.h:481:0: the cost-model indicates that interleaving is not beneficial [-Rpass-missed=loop-vectorize]
remark: ./numeric-arithmetic.h:481:0: vectorized loop (vectorization width: 4, interleaved count: 4) [-Rpass=loop-vectorize]
remark: ./numeric-arithmetic.h:481:0: the cost-model indicates that vectorization is not beneficial [-Rpass-missed=loop-vectorize]
remark: ./numeric-arithmetic.h:481:0: the cost-model indicates that interleaving is not beneficial [-Rpass-missed=loop-vectorize]
remark: ./numeric-arithmetic.h:481:0: the cost-model indicates that vectorization is not beneficial [-Rpass-missed=loop-vectorize]
remark: ./numeric-arithmetic.h:481:0: the cost-model indicates that interleaving is not beneficial [-Rpass-missed=loop-vectorize]
remark: ./numeric-arithmetic.h:481:0: the cost-model indicates that vectorization is not beneficial [-Rpass-missed=loop-vectorize]
remark: ./numeric-arithmetic.h:481:0: the cost-model indicates that interleaving is not beneficial [-Rpass-missed=loop-vectorize]
remark: ./numeric-arithmetic.h:481:0: vectorized loop (vectorization width: 2, interleaved count: 4) [-Rpass=loop-vectorize]
remark: ./numeric-arithmetic.h:481:0: the cost-model indicates that vectorization is not beneficial [-Rpass-missed=loop-vectorize]
remark: ./numeric-arithmetic.h:481:0: the cost-model indicates that interleaving is not beneficial [-Rpass-missed=loop-vectorize]
remark: ./numeric-arithmetic.h:481:0: the cost-model indicates that vectorization is not beneficial [-Rpass-missed=loop-vectorize]
remark: ./numeric-arithmetic.h:481:0: the cost-model indicates that interleaving is not beneficial [-Rpass-missed=loop-vectorize]
remark: ./numeric-arithmetic.h:481:0: the cost-model indicates that vectorization is not beneficial [-Rpass-missed=loop-vectorize]
remark: ./numeric-arithmetic.h:481:0: the cost-model indicates that interleaving is not beneficial [-Rpass-missed=loop-vectorize]
remark: ./numeric-arithmetic.h:481:0: vectorized loop (vectorization width: 2, interleaved count: 4) [-Rpass=loop-vectorize]
remark: ./numeric-arithmetic.h:481:0: the cost-model indicates that vectorization is not beneficial [-Rpass-missed=loop-vectorize]
remark: ./numeric-arithmetic.h:481:0: the cost-model indicates that interleaving is not beneficial [-Rpass-missed=loop-vectorize]
remark: ./numeric-arithmetic.h:481:0: the cost-model indicates that vectorization is not beneficial [-Rpass-missed=loop-vectorize]
remark: ./numeric-arithmetic.h:481:0: the cost-model indicates that interleaving is not beneficial [-Rpass-missed=loop-vectorize]
remark: ./numeric-arithmetic.h:481:0: the cost-model indicates that vectorization is not beneficial [-Rpass-missed=loop-vectorize]
remark: ./numeric-arithmetic.h:481:0: the cost-model indicates that interleaving is not beneficial [-Rpass-missed=loop-vectorize]
remark: ./numeric-arithmetic.h:481:0: vectorized loop (vectorization width: 2, interleaved count: 4) [-Rpass=loop-vectorize]
remark: ./numeric-arithmetic.h:481:0: loop not vectorized: call instruction cannot be vectorized [-Rpass-analysis=loop-vectorize]
remark: ./numeric-arithmetic.h:481:0: loop not vectorized: Cannot vectorize uncountable loop [-Rpass-analysis=loop-vectorize]
remark: ./numeric-arithmetic.h:481:0: loop not vectorized [-Rpass-missed=loop-vectorize]
remark: ./numeric-arithmetic.h:481:0: loop not vectorized: call instruction cannot be vectorized [-Rpass-analysis=loop-vectorize]
remark: ./numeric-arithmetic.h:481:0: loop not vectorized: Cannot vectorize uncountable loop [-Rpass-analysis=loop-vectorize]
remark: ./numeric-arithmetic.h:481:0: loop not vectorized [-Rpass-missed=loop-vectorize]
remark: ./numeric-arithmetic.h:481:0: loop not vectorized: call instruction cannot be vectorized [-Rpass-analysis=loop-vectorize]
remark: ./numeric-arithmetic.h:481:0: loop not vectorized: Cannot vectorize uncountable loop [-Rpass-analysis=loop-vectorize]
remark: ./numeric-arithmetic.h:481:0: loop not vectorized [-Rpass-missed=loop-vectorize]
remark: ./numeric-arithmetic.h:481:0: loop not vectorized: call instruction cannot be vectorized [-Rpass-analysis=loop-vectorize]
remark: ./numeric-arithmetic.h:481:0: loop not vectorized: Cannot vectorize uncountable loop [-Rpass-analysis=loop-vectorize]
remark: ./numeric-arithmetic.h:481:0: loop not vectorized [-Rpass-missed=loop-vectorize]
remark: ./numeric-arithmetic.h:481:0: loop not vectorized: call instruction cannot be vectorized [-Rpass-analysis=loop-vectorize]
remark: ./numeric-arithmetic.h:481:0: loop not vectorized: Cannot vectorize uncountable loop [-Rpass-analysis=loop-vectorize]
remark: ./numeric-arithmetic.h:481:0: loop not vectorized [-Rpass-missed=loop-vectorize]
remark: ./numeric-arithmetic.h:481:0: loop not vectorized: call instruction cannot be vectorized [-Rpass-analysis=loop-vectorize]
remark: ./numeric-arithmetic.h:481:0: loop not vectorized: Cannot vectorize uncountable loop [-Rpass-analysis=loop-vectorize]
remark: ./numeric-arithmetic.h:481:0: loop not vectorized [-Rpass-missed=loop-vectorize]
remark: ./numeric-arithmetic.h:481:0: loop not vectorized: call instruction cannot be vectorized [-Rpass-analysis=loop-vectorize]
remark: ./numeric-arithmetic.h:481:0: loop not vectorized: Cannot vectorize uncountable loop [-Rpass-analysis=loop-vectorize]
remark: ./numeric-arithmetic.h:481:0: loop not vectorized [-Rpass-missed=loop-vectorize]
remark: ./numeric-arithmetic.h:481:0: loop not vectorized: call instruction cannot be vectorized [-Rpass-analysis=loop-vectorize]
remark: ./numeric-arithmetic.h:481:0: loop not vectorized: Cannot vectorize uncountable loop [-Rpass-analysis=loop-vectorize]
remark: ./numeric-arithmetic.h:481:0: loop not vectorized [-Rpass-missed=loop-vectorize]
remark: ./numeric-arithmetic.h:481:0: loop not vectorized: Cannot vectorize uncountable loop [-Rpass-analysis=loop-vectorize]
remark: ./numeric-arithmetic.h:481:0: loop not vectorized [-Rpass-missed=loop-vectorize]
remark: ./numeric-arithmetic.h:481:0: loop not vectorized: Cannot vectorize uncountable loop [-Rpass-analysis=loop-vectorize]
remark: ./numeric-arithmetic.h:481:0: loop not vectorized [-Rpass-missed=loop-vectorize]
remark: ./numeric-arithmetic.h:481:0: loop not vectorized: Cannot vectorize uncountable loop [-Rpass-analysis=loop-vectorize]
remark: ./numeric-arithmetic.h:481:0: loop not vectorized [-Rpass-missed=loop-vectorize]
remark: ./numeric-arithmetic.h:481:0: loop not vectorized: Cannot vectorize uncountable loop [-Rpass-analysis=loop-vectorize]
remark: ./numeric-arithmetic.h:481:0: loop not vectorized [-Rpass-missed=loop-vectorize]
remark: ./numeric-arithmetic.h:481:0: loop not vectorized: call instruction cannot be vectorized [-Rpass-analysis=loop-vectorize]
remark: ./numeric-arithmetic.h:481:0: loop not vectorized [-Rpass-missed=loop-vectorize]
remark: ./numeric-arithmetic.h:481:0: loop not vectorized: call instruction cannot be vectorized [-Rpass-analysis=loop-vectorize]
remark: ./numeric-arithmetic.h:481:0: loop not vectorized [-Rpass-missed=loop-vectorize]
remark: ./numeric-arithmetic.h:481:0: loop not vectorized: call instruction cannot be vectorized [-Rpass-analysis=loop-vectorize]
remark: ./numeric-arithmetic.h:481:0: loop not vectorized [-Rpass-missed=loop-vectorize]
remark: ./numeric-arithmetic.h:481:0: loop not vectorized: call instruction cannot be vectorized [-Rpass-analysis=loop-vectorize]
remark: ./numeric-arithmetic.h:481:0: loop not vectorized [-Rpass-missed=loop-vectorize]
remark: ./numeric-arithmetic.h:481:0: loop not vectorized: call instruction cannot be vectorized [-Rpass-analysis=loop-vectorize]
remark: ./numeric-arithmetic.h:481:0: loop not vectorized [-Rpass-missed=loop-vectorize]
remark: ./numeric-arithmetic.h:481:0: loop not vectorized: call instruction cannot be vectorized [-Rpass-analysis=loop-vectorize]
remark: ./numeric-arithmetic.h:481:0: loop not vectorized [-Rpass-missed=loop-vectorize]
remark: ./numeric-arithmetic.h:481:0: loop not vectorized: call instruction cannot be vectorized [-Rpass-analysis=loop-vectorize]
remark: ./numeric-arithmetic.h:481:0: loop not vectorized [-Rpass-missed=loop-vectorize]
remark: ./numeric-arithmetic.h:481:0: loop not vectorized: call instruction cannot be vectorized [-Rpass-analysis=loop-vectorize]
remark: ./numeric-arithmetic.h:481:0: loop not vectorized [-Rpass-missed=loop-vectorize]
remark: ./numeric-arithmetic.h:481:0: the cost-model indicates that vectorization is not beneficial [-Rpass-missed=loop-vectorize]
remark: ./numeric-arithmetic.h:481:0: the cost-model indicates that interleaving is not beneficial [-Rpass-missed=loop-vectorize]
remark: ./numeric-arithmetic.h:481:0: the cost-model indicates that vectorization is not beneficial [-Rpass-missed=loop-vectorize]
remark: ./numeric-arithmetic.h:481:0: the cost-model indicates that interleaving is not beneficial [-Rpass-missed=loop-vectorize]
remark: ./numeric-arithmetic.h:481:0: the cost-model indicates that vectorization is not beneficial [-Rpass-missed=loop-vectorize]
remark: ./numeric-arithmetic.h:481:0: the cost-model indicates that interleaving is not beneficial [-Rpass-missed=loop-vectorize]
remark: ./numeric-arithmetic.h:481:0: vectorized loop (vectorization width: 8, interleaved count: 4) [-Rpass=loop-vectorize]
remark: ./numeric-arithmetic.h:481:0: loop not vectorized: call instruction cannot be vectorized [-Rpass-analysis=loop-vectorize]
remark: ./numeric-arithmetic.h:481:0: loop not vectorized [-Rpass-missed=loop-vectorize]
remark: ./numeric-arithmetic.h:481:0: loop not vectorized: call instruction cannot be vectorized [-Rpass-analysis=loop-vectorize]
remark: ./numeric-arithmetic.h:481:0: loop not vectorized [-Rpass-missed=loop-vectorize]
remark: ./numeric-arithmetic.h:481:0: loop not vectorized: call instruction cannot be vectorized [-Rpass-analysis=loop-vectorize]
remark: ./numeric-arithmetic.h:481:0: loop not vectorized [-Rpass-missed=loop-vectorize]
remark: ./numeric-arithmetic.h:481:0: loop not vectorized: call instruction cannot be vectorized [-Rpass-analysis=loop-vectorize]
remark: ./numeric-arithmetic.h:481:0: loop not vectorized [-Rpass-missed=loop-vectorize]
remark: ./numeric-arithmetic.h:481:0: loop not vectorized: call instruction cannot be vectorized [-Rpass-analysis=loop-vectorize]
remark: ./numeric-arithmetic.h:481:0: loop not vectorized [-Rpass-missed=loop-vectorize]
remark: ./numeric-arithmetic.h:481:0: loop not vectorized: call instruction cannot be vectorized [-Rpass-analysis=loop-vectorize]
remark: ./numeric-arithmetic.h:481:0: loop not vectorized [-Rpass-missed=loop-vectorize]
remark: ./numeric-arithmetic.h:481:0: loop not vectorized: call instruction cannot be vectorized [-Rpass-analysis=loop-vectorize]
remark: ./numeric-arithmetic.h:481:0: loop not vectorized [-Rpass-missed=loop-vectorize]
remark: ./numeric-arithmetic.h:481:0: loop not vectorized: call instruction cannot be vectorized [-Rpass-analysis=loop-vectorize]
remark: ./numeric-arithmetic.h:481:0: loop not vectorized [-Rpass-missed=loop-vectorize]
remark: ./numeric-arithmetic.h:481:0: the cost-model indicates that vectorization is not beneficial [-Rpass-missed=loop-vectorize]
remark: ./numeric-arithmetic.h:481:0: the cost-model indicates that interleaving is not beneficial [-Rpass-missed=loop-vectorize]
remark: ./numeric-arithmetic.h:481:0: the cost-model indicates that vectorization is not beneficial [-Rpass-missed=loop-vectorize]
remark: ./numeric-arithmetic.h:481:0: the cost-model indicates that interleaving is not beneficial [-Rpass-missed=loop-vectorize]
remark: ./numeric-arithmetic.h:481:0: the cost-model indicates that vectorization is not beneficial [-Rpass-missed=loop-vectorize]
remark: ./numeric-arithmetic.h:481:0: the cost-model indicates that interleaving is not beneficial [-Rpass-missed=loop-vectorize]
remark: ./numeric-arithmetic.h:481:0: vectorized loop (vectorization width: 4, interleaved count: 4) [-Rpass=loop-vectorize]
remark: ./numeric-arithmetic.h:481:0: loop not vectorized: call instruction cannot be vectorized [-Rpass-analysis=loop-vectorize]
remark: ./numeric-arithmetic.h:481:0: loop not vectorized [-Rpass-missed=loop-vectorize]
remark: ./numeric-arithmetic.h:481:0: loop not vectorized: call instruction cannot be vectorized [-Rpass-analysis=loop-vectorize]
remark: ./numeric-arithmetic.h:481:0: loop not vectorized [-Rpass-missed=loop-vectorize]
remark: ./numeric-arithmetic.h:481:0: loop not vectorized: call instruction cannot be vectorized [-Rpass-analysis=loop-vectorize]
remark: ./numeric-arithmetic.h:481:0: loop not vectorized [-Rpass-missed=loop-vectorize]
remark: ./numeric-arithmetic.h:481:0: loop not vectorized: call instruction cannot be vectorized [-Rpass-analysis=loop-vectorize]
remark: ./numeric-arithmetic.h:481:0: loop not vectorized [-Rpass-missed=loop-vectorize]
remark: ./numeric-arithmetic.h:481:0: loop not vectorized: call instruction cannot be vectorized [-Rpass-analysis=loop-vectorize]
remark: ./numeric-arithmetic.h:481:0: loop not vectorized [-Rpass-missed=loop-vectorize]
remark: ./numeric-arithmetic.h:481:0: loop not vectorized: call instruction cannot be vectorized [-Rpass-analysis=loop-vectorize]
remark: ./numeric-arithmetic.h:481:0: loop not vectorized [-Rpass-missed=loop-vectorize]
remark: ./numeric-arithmetic.h:481:0: loop not vectorized: call instruction cannot be vectorized [-Rpass-analysis=loop-vectorize]
remark: ./numeric-arithmetic.h:481:0: loop not vectorized [-Rpass-missed=loop-vectorize]
remark: ./numeric-arithmetic.h:481:0: loop not vectorized: call instruction cannot be vectorized [-Rpass-analysis=loop-vectorize]
remark: ./numeric-arithmetic.h:481:0: loop not vectorized [-Rpass-missed=loop-vectorize]
remark: ./numeric-arithmetic.h:481:0: the cost-model indicates that vectorization is not beneficial [-Rpass-missed=loop-vectorize]
remark: ./numeric-arithmetic.h:481:0: the cost-model indicates that interleaving is not beneficial [-Rpass-missed=loop-vectorize]
remark: ./numeric-arithmetic.h:481:0: the cost-model indicates that vectorization is not beneficial [-Rpass-missed=loop-vectorize]
remark: ./numeric-arithmetic.h:481:0: the cost-model indicates that interleaving is not beneficial [-Rpass-missed=loop-vectorize]
remark: ./numeric-arithmetic.h:481:0: the cost-model indicates that vectorization is not beneficial [-Rpass-missed=loop-vectorize]
remark: ./numeric-arithmetic.h:481:0: the cost-model indicates that interleaving is not beneficial [-Rpass-missed=loop-vectorize]
remark: ./numeric-arithmetic.h:481:0: vectorized loop (vectorization width: 4, interleaved count: 4) [-Rpass=loop-vectorize]
remark: ./numeric-arithmetic.h:481:0: the cost-model indicates that vectorization is not beneficial [-Rpass-missed=loop-vectorize]
remark: ./numeric-arithmetic.h:481:0: the cost-model indicates that interleaving is not beneficial [-Rpass-missed=loop-vectorize]
remark: ./numeric-arithmetic.h:481:0: the cost-model indicates that vectorization is not beneficial [-Rpass-missed=loop-vectorize]
remark: ./numeric-arithmetic.h:481:0: the cost-model indicates that interleaving is not beneficial [-Rpass-missed=loop-vectorize]
remark: ./numeric-arithmetic.h:481:0: the cost-model indicates that vectorization is not beneficial [-Rpass-missed=loop-vectorize]
remark: ./numeric-arithmetic.h:481:0: the cost-model indicates that interleaving is not beneficial [-Rpass-missed=loop-vectorize]
remark: ./numeric-arithmetic.h:481:0: vectorized loop (vectorization width: 2, interleaved count: 4) [-Rpass=loop-vectorize]
remark: ./numeric-arithmetic.h:481:0: the cost-model indicates that vectorization is not beneficial [-Rpass-missed=loop-vectorize]
remark: ./numeric-arithmetic.h:481:0: the cost-model indicates that interleaving is not beneficial [-Rpass-missed=loop-vectorize]
remark: ./numeric-arithmetic.h:481:0: the cost-model indicates that vectorization is not beneficial [-Rpass-missed=loop-vectorize]
remark: ./numeric-arithmetic.h:481:0: the cost-model indicates that interleaving is not beneficial [-Rpass-missed=loop-vectorize]
remark: ./numeric-arithmetic.h:481:0: the cost-model indicates that vectorization is not beneficial [-Rpass-missed=loop-vectorize]
remark: ./numeric-arithmetic.h:481:0: the cost-model indicates that interleaving is not beneficial [-Rpass-missed=loop-vectorize]
remark: ./numeric-arithmetic.h:481:0: vectorized loop (vectorization width: 2, interleaved count: 4) [-Rpass=loop-vectorize]
remark: ./numeric-arithmetic.h:481:0: the cost-model indicates that vectorization is not beneficial [-Rpass-missed=loop-vectorize]
remark: ./numeric-arithmetic.h:481:0: the cost-model indicates that interleaving is not beneficial [-Rpass-missed=loop-vectorize]
remark: ./numeric-arithmetic.h:481:0: the cost-model indicates that vectorization is not beneficial [-Rpass-missed=loop-vectorize]
remark: ./numeric-arithmetic.h:481:0: the cost-model indicates that interleaving is not beneficial [-Rpass-missed=loop-vectorize]
remark: ./numeric-arithmetic.h:481:0: the cost-model indicates that vectorization is not beneficial [-Rpass-missed=loop-vectorize]
remark: ./numeric-arithmetic.h:481:0: the cost-model indicates that interleaving is not beneficial [-Rpass-missed=loop-vectorize]
remark: ./numeric-arithmetic.h:481:0: vectorized loop (vectorization width: 2, interleaved count: 4) [-Rpass=loop-vectorize]
remark: ./numeric-arithmetic.h:482:8517: loop not vectorized: call instruction cannot be vectorized [-Rpass-analysis=loop-vectorize]
remark: ./numeric-arithmetic.h:482:7632: loop not vectorized: Cannot vectorize uncountable loop [-Rpass-analysis=loop-vectorize]
remark: ./numeric-arithmetic.h:482:7632: loop not vectorized [-Rpass-missed=loop-vectorize]
remark: ./numeric-arithmetic.h:482:7476: loop not vectorized: call instruction cannot be vectorized [-Rpass-analysis=loop-vectorize]
remark: ./numeric-arithmetic.h:482:6591: loop not vectorized: Cannot vectorize uncountable loop [-Rpass-analysis=loop-vectorize]
remark: ./numeric-arithmetic.h:482:6591: loop not vectorized [-Rpass-missed=loop-vectorize]
remark: ./numeric-arithmetic.h:482:6419: loop not vectorized: call instruction cannot be vectorized [-Rpass-analysis=loop-vectorize]
remark: ./numeric-arithmetic.h:482:5534: loop not vectorized: Cannot vectorize uncountable loop [-Rpass-analysis=loop-vectorize]
remark: ./numeric-arithmetic.h:482:5534: loop not vectorized [-Rpass-missed=loop-vectorize]
remark: ./numeric-arithmetic.h:482:5378: loop not vectorized: call instruction cannot be vectorized [-Rpass-analysis=loop-vectorize]
remark: ./numeric-arithmetic.h:482:4493: loop not vectorized: Cannot vectorize uncountable loop [-Rpass-analysis=loop-vectorize]
remark: ./numeric-arithmetic.h:482:4493: loop not vectorized [-Rpass-missed=loop-vectorize]
remark: ./numeric-arithmetic.h:482:12755: loop not vectorized: call instruction cannot be vectorized [-Rpass-analysis=loop-vectorize]
remark: ./numeric-arithmetic.h:482:11870: loop not vectorized: Cannot vectorize uncountable loop [-Rpass-analysis=loop-vectorize]
remark: ./numeric-arithmetic.h:482:11870: loop not vectorized [-Rpass-missed=loop-vectorize]
remark: ./numeric-arithmetic.h:482:11714: loop not vectorized: call instruction cannot be vectorized [-Rpass-analysis=loop-vectorize]
remark: ./numeric-arithmetic.h:482:10829: loop not vectorized: Cannot vectorize uncountable loop [-Rpass-analysis=loop-vectorize]
remark: ./numeric-arithmetic.h:482:10829: loop not vectorized [-Rpass-missed=loop-vectorize]
remark: ./numeric-arithmetic.h:482:10657: loop not vectorized: call instruction cannot be vectorized [-Rpass-analysis=loop-vectorize]
remark: ./numeric-arithmetic.h:482:9772: loop not vectorized: Cannot vectorize uncountable loop [-Rpass-analysis=loop-vectorize]
remark: ./numeric-arithmetic.h:482:9772: loop not vectorized [-Rpass-missed=loop-vectorize]
remark: ./numeric-arithmetic.h:482:9616: loop not vectorized: call instruction cannot be vectorized [-Rpass-analysis=loop-vectorize]
remark: ./numeric-arithmetic.h:482:8731: loop not vectorized: Cannot vectorize uncountable loop [-Rpass-analysis=loop-vectorize]
remark: ./numeric-arithmetic.h:482:8731: loop not vectorized [-Rpass-missed=loop-vectorize]
remark: ./numeric-arithmetic.h:482:3373: loop not vectorized: Cannot vectorize uncountable loop [-Rpass-analysis=loop-vectorize]
remark: ./numeric-arithmetic.h:482:3373: loop not vectorized [-Rpass-missed=loop-vectorize]
remark: ./numeric-arithmetic.h:482:2332: loop not vectorized: Cannot vectorize uncountable loop [-Rpass-analysis=loop-vectorize]
remark: ./numeric-arithmetic.h:482:2332: loop not vectorized [-Rpass-missed=loop-vectorize]
remark: ./numeric-arithmetic.h:482:1275: loop not vectorized: Cannot vectorize uncountable loop [-Rpass-analysis=loop-vectorize]
remark: ./numeric-arithmetic.h:482:1275: loop not vectorized [-Rpass-missed=loop-vectorize]
remark: ./numeric-arithmetic.h:482:234: loop not vectorized: Cannot vectorize uncountable loop [-Rpass-analysis=loop-vectorize]
remark: ./numeric-arithmetic.h:482:234: loop not vectorized [-Rpass-missed=loop-vectorize]
remark: ./numeric-arithmetic.h:482:21374: loop not vectorized: call instruction cannot be vectorized [-Rpass-analysis=loop-vectorize]
remark: ./numeric-arithmetic.h:482:20480: loop not vectorized [-Rpass-missed=loop-vectorize]
remark: ./numeric-arithmetic.h:482:20322: loop not vectorized: call instruction cannot be vectorized [-Rpass-analysis=loop-vectorize]
remark: ./numeric-arithmetic.h:482:19428: loop not vectorized [-Rpass-missed=loop-vectorize]
remark: ./numeric-arithmetic.h:482:19254: loop not vectorized: call instruction cannot be vectorized [-Rpass-analysis=loop-vectorize]
remark: ./numeric-arithmetic.h:482:18360: loop not vectorized [-Rpass-missed=loop-vectorize]
remark: ./numeric-arithmetic.h:482:18202: loop not vectorized: call instruction cannot be vectorized [-Rpass-analysis=loop-vectorize]
remark: ./numeric-arithmetic.h:482:17308: loop not vectorized [-Rpass-missed=loop-vectorize]
remark: ./numeric-arithmetic.h:482:25656: loop not vectorized: call instruction cannot be vectorized [-Rpass-analysis=loop-vectorize]
remark: ./numeric-arithmetic.h:482:24762: loop not vectorized [-Rpass-missed=loop-vectorize]
remark: ./numeric-arithmetic.h:482:24604: loop not vectorized: call instruction cannot be vectorized [-Rpass-analysis=loop-vectorize]
remark: ./numeric-arithmetic.h:482:23710: loop not vectorized [-Rpass-missed=loop-vectorize]
remark: ./numeric-arithmetic.h:482:23536: loop not vectorized: call instruction cannot be vectorized [-Rpass-analysis=loop-vectorize]
remark: ./numeric-arithmetic.h:482:22642: loop not vectorized [-Rpass-missed=loop-vectorize]
remark: ./numeric-arithmetic.h:482:22484: loop not vectorized: call instruction cannot be vectorized [-Rpass-analysis=loop-vectorize]
remark: ./numeric-arithmetic.h:482:21590: loop not vectorized [-Rpass-missed=loop-vectorize]
remark: ./numeric-arithmetic.h:482:16177: the cost-model indicates that vectorization is not beneficial [-Rpass-missed=loop-vectorize]
remark: ./numeric-arithmetic.h:482:16177: the cost-model indicates that interleaving is not beneficial [-Rpass-missed=loop-vectorize]
remark: ./numeric-arithmetic.h:482:15125: the cost-model indicates that vectorization is not beneficial [-Rpass-missed=loop-vectorize]
remark: ./numeric-arithmetic.h:482:15125: the cost-model indicates that interleaving is not beneficial [-Rpass-missed=loop-vectorize]
remark: ./numeric-arithmetic.h:482:14057: the cost-model indicates that vectorization is not beneficial [-Rpass-missed=loop-vectorize]
remark: ./numeric-arithmetic.h:482:14057: the cost-model indicates that interleaving is not beneficial [-Rpass-missed=loop-vectorize]
remark: ./numeric-arithmetic.h:482:13005: vectorized loop (vectorization width: 8, interleaved count: 4) [-Rpass=loop-vectorize]
remark: ./numeric-arithmetic.h:482:34444: loop not vectorized: call instruction cannot be vectorized [-Rpass-analysis=loop-vectorize]
remark: ./numeric-arithmetic.h:482:33529: loop not vectorized [-Rpass-missed=loop-vectorize]
remark: ./numeric-arithmetic.h:482:33371: loop not vectorized: call instruction cannot be vectorized [-Rpass-analysis=loop-vectorize]
remark: ./numeric-arithmetic.h:482:32456: loop not vectorized [-Rpass-missed=loop-vectorize]
remark: ./numeric-arithmetic.h:482:32282: loop not vectorized: call instruction cannot be vectorized [-Rpass-analysis=loop-vectorize]
remark: ./numeric-arithmetic.h:482:31367: loop not vectorized [-Rpass-missed=loop-vectorize]
remark: ./numeric-arithmetic.h:482:31209: loop not vectorized: call instruction cannot be vectorized [-Rpass-analysis=loop-vectorize]
remark: ./numeric-arithmetic.h:482:30294: loop not vectorized [-Rpass-missed=loop-vectorize]
remark: ./numeric-arithmetic.h:482:38810: loop not vectorized: call instruction cannot be vectorized [-Rpass-analysis=loop-vectorize]
remark: ./numeric-arithmetic.h:482:37895: loop not vectorized [-Rpass-missed=loop-vectorize]
remark: ./numeric-arithmetic.h:482:37737: loop not vectorized: call instruction cannot be vectorized [-Rpass-analysis=loop-vectorize]
remark: ./numeric-arithmetic.h:482:36822: loop not vectorized [-Rpass-missed=loop-vectorize]
remark: ./numeric-arithmetic.h:482:36648: loop not vectorized: call instruction cannot be vectorized [-Rpass-analysis=loop-vectorize]
remark: ./numeric-arithmetic.h:482:35733: loop not vectorized [-Rpass-missed=loop-vectorize]
remark: ./numeric-arithmetic.h:482:35575: loop not vectorized: call instruction cannot be vectorized [-Rpass-analysis=loop-vectorize]
remark: ./numeric-arithmetic.h:482:34660: loop not vectorized [-Rpass-missed=loop-vectorize]
remark: ./numeric-arithmetic.h:482:29142: vectorized loop (vectorization width: 2, interleaved count: 4) [-Rpass=loop-vectorize]
remark: ./numeric-arithmetic.h:482:28069: the cost-model indicates that vectorization is not beneficial [-Rpass-missed=loop-vectorize]
remark: ./numeric-arithmetic.h:482:28069: the cost-model indicates that interleaving is not beneficial [-Rpass-missed=loop-vectorize]
remark: ./numeric-arithmetic.h:482:26980: the cost-model indicates that vectorization is not beneficial [-Rpass-missed=loop-vectorize]
remark: ./numeric-arithmetic.h:482:26980: the cost-model indicates that interleaving is not beneficial [-Rpass-missed=loop-vectorize]
remark: ./numeric-arithmetic.h:482:25907: vectorized loop (vectorization width: 4, interleaved count: 4) [-Rpass=loop-vectorize]
remark: ./numeric-arithmetic.h:482:47007: loop not vectorized: call instruction cannot be vectorized [-Rpass-analysis=loop-vectorize]
remark: ./numeric-arithmetic.h:482:46162: loop not vectorized [-Rpass-missed=loop-vectorize]
remark: ./numeric-arithmetic.h:482:46008: loop not vectorized: call instruction cannot be vectorized [-Rpass-analysis=loop-vectorize]
remark: ./numeric-arithmetic.h:482:45163: loop not vectorized [-Rpass-missed=loop-vectorize]
remark: ./numeric-arithmetic.h:482:44993: loop not vectorized: call instruction cannot be vectorized [-Rpass-analysis=loop-vectorize]
remark: ./numeric-arithmetic.h:482:44148: loop not vectorized [-Rpass-missed=loop-vectorize]
remark: ./numeric-arithmetic.h:482:43994: loop not vectorized: call instruction cannot be vectorized [-Rpass-analysis=loop-vectorize]
remark: ./numeric-arithmetic.h:482:43149: loop not vectorized [-Rpass-missed=loop-vectorize]
remark: ./numeric-arithmetic.h:482:51077: loop not vectorized: call instruction cannot be vectorized [-Rpass-analysis=loop-vectorize]
remark: ./numeric-arithmetic.h:482:50232: loop not vectorized [-Rpass-missed=loop-vectorize]
remark: ./numeric-arithmetic.h:482:50078: loop not vectorized: call instruction cannot be vectorized [-Rpass-analysis=loop-vectorize]
remark: ./numeric-arithmetic.h:482:49233: loop not vectorized [-Rpass-missed=loop-vectorize]
remark: ./numeric-arithmetic.h:482:49063: loop not vectorized: call instruction cannot be vectorized [-Rpass-analysis=loop-vectorize]
remark: ./numeric-arithmetic.h:482:48218: loop not vectorized [-Rpass-missed=loop-vectorize]
remark: ./numeric-arithmetic.h:482:48064: loop not vectorized: call instruction cannot be vectorized [-Rpass-analysis=loop-vectorize]
remark: ./numeric-arithmetic.h:482:47219: loop not vectorized [-Rpass-missed=loop-vectorize]
remark: ./numeric-arithmetic.h:482:42071: vectorized loop (vectorization width: 2, interleaved count: 4) [-Rpass=loop-vectorize]
remark: ./numeric-arithmetic.h:482:41072: vectorized loop (vectorization width: 2, interleaved count: 4) [-Rpass=loop-vectorize]
remark: ./numeric-arithmetic.h:482:40057: vectorized loop (vectorization width: 2, interleaved count: 4) [-Rpass=loop-vectorize]
remark: ./numeric-arithmetic.h:482:39058: vectorized loop (vectorization width: 4, interleaved count: 4) [-Rpass=loop-vectorize]
remark: ./numeric-arithmetic.h:482:58292: the cost-model indicates that vectorization is not beneficial [-Rpass-missed=loop-vectorize]
remark: ./numeric-arithmetic.h:482:58292: the cost-model indicates that interleaving is not beneficial [-Rpass-missed=loop-vectorize]
remark: ./numeric-arithmetic.h:482:57313: the cost-model indicates that vectorization is not beneficial [-Rpass-missed=loop-vectorize]
remark: ./numeric-arithmetic.h:482:57313: the cost-model indicates that interleaving is not beneficial [-Rpass-missed=loop-vectorize]
remark: ./numeric-arithmetic.h:482:56318: the cost-model indicates that vectorization is not beneficial [-Rpass-missed=loop-vectorize]
remark: ./numeric-arithmetic.h:482:56318: the cost-model indicates that interleaving is not beneficial [-Rpass-missed=loop-vectorize]
remark: ./numeric-arithmetic.h:482:55339: vectorized loop (vectorization width: 2, interleaved count: 4) [-Rpass=loop-vectorize]
remark: ./numeric-arithmetic.h:482:62282: the cost-model indicates that vectorization is not beneficial [-Rpass-missed=loop-vectorize]
remark: ./numeric-arithmetic.h:482:62282: the cost-model indicates that interleaving is not beneficial [-Rpass-missed=loop-vectorize]
remark: ./numeric-arithmetic.h:482:61303: the cost-model indicates that vectorization is not beneficial [-Rpass-missed=loop-vectorize]
remark: ./numeric-arithmetic.h:482:61303: the cost-model indicates that interleaving is not beneficial [-Rpass-missed=loop-vectorize]
remark: ./numeric-arithmetic.h:482:60308: the cost-model indicates that vectorization is not beneficial [-Rpass-missed=loop-vectorize]
remark: ./numeric-arithmetic.h:482:60308: the cost-model indicates that interleaving is not beneficial [-Rpass-missed=loop-vectorize]
remark: ./numeric-arithmetic.h:482:59329: vectorized loop (vectorization width: 2, interleaved count: 4) [-Rpass=loop-vectorize]
remark: ./numeric-arithmetic.h:482:54281: the cost-model indicates that vectorization is not beneficial [-Rpass-missed=loop-vectorize]
remark: ./numeric-arithmetic.h:482:54281: the cost-model indicates that interleaving is not beneficial [-Rpass-missed=loop-vectorize]
remark: ./numeric-arithmetic.h:482:53302: the cost-model indicates that vectorization is not beneficial [-Rpass-missed=loop-vectorize]
remark: ./numeric-arithmetic.h:482:53302: the cost-model indicates that interleaving is not beneficial [-Rpass-missed=loop-vectorize]
remark: ./numeric-arithmetic.h:482:52307: the cost-model indicates that vectorization is not beneficial [-Rpass-missed=loop-vectorize]
remark: ./numeric-arithmetic.h:482:52307: the cost-model indicates that interleaving is not beneficial [-Rpass-missed=loop-vectorize]
remark: ./numeric-arithmetic.h:482:51328: vectorized loop (vectorization width: 2, interleaved count: 4) [-Rpass=loop-vectorize]
remark: ./numeric-arithmetic.h:482:0: loop not vectorized: call instruction cannot be vectorized [-Rpass-analysis=loop-vectorize]
remark: ./numeric-arithmetic.h:482:0: loop not vectorized: Cannot vectorize uncountable loop [-Rpass-analysis=loop-vectorize]
remark: ./numeric-arithmetic.h:482:0: loop not vectorized [-Rpass-missed=loop-vectorize]
remark: ./numeric-arithmetic.h:482:0: loop not vectorized: call instruction cannot be vectorized [-Rpass-analysis=loop-vectorize]
remark: ./numeric-arithmetic.h:482:0: loop not vectorized: Cannot vectorize uncountable loop [-Rpass-analysis=loop-vectorize]
remark: ./numeric-arithmetic.h:482:0: loop not vectorized [-Rpass-missed=loop-vectorize]
remark: ./numeric-arithmetic.h:482:0: loop not vectorized: call instruction cannot be vectorized [-Rpass-analysis=loop-vectorize]
remark: ./numeric-arithmetic.h:482:0: loop not vectorized: Cannot vectorize uncountable loop [-Rpass-analysis=loop-vectorize]
remark: ./numeric-arithmetic.h:482:0: loop not vectorized [-Rpass-missed=loop-vectorize]
remark: ./numeric-arithmetic.h:482:0: loop not vectorized: call instruction cannot be vectorized [-Rpass-analysis=loop-vectorize]
remark: ./numeric-arithmetic.h:482:0: loop not vectorized: Cannot vectorize uncountable loop [-Rpass-analysis=loop-vectorize]
remark: ./numeric-arithmetic.h:482:0: loop not vectorized [-Rpass-missed=loop-vectorize]
remark: ./numeric-arithmetic.h:482:0: loop not vectorized: call instruction cannot be vectorized [-Rpass-analysis=loop-vectorize]
remark: ./numeric-arithmetic.h:482:0: loop not vectorized: Cannot vectorize uncountable loop [-Rpass-analysis=loop-vectorize]
remark: ./numeric-arithmetic.h:482:0: loop not vectorized [-Rpass-missed=loop-vectorize]
remark: ./numeric-arithmetic.h:482:0: loop not vectorized: call instruction cannot be vectorized [-Rpass-analysis=loop-vectorize]
remark: ./numeric-arithmetic.h:482:0: loop not vectorized: Cannot vectorize uncountable loop [-Rpass-analysis=loop-vectorize]
remark: ./numeric-arithmetic.h:482:0: loop not vectorized [-Rpass-missed=loop-vectorize]
remark: ./numeric-arithmetic.h:482:0: loop not vectorized: call instruction cannot be vectorized [-Rpass-analysis=loop-vectorize]
remark: ./numeric-arithmetic.h:482:0: loop not vectorized: Cannot vectorize uncountable loop [-Rpass-analysis=loop-vectorize]
remark: ./numeric-arithmetic.h:482:0: loop not vectorized [-Rpass-missed=loop-vectorize]
remark: ./numeric-arithmetic.h:482:0: loop not vectorized: call instruction cannot be vectorized [-Rpass-analysis=loop-vectorize]
remark: ./numeric-arithmetic.h:482:0: loop not vectorized: Cannot vectorize uncountable loop [-Rpass-analysis=loop-vectorize]
remark: ./numeric-arithmetic.h:482:0: loop not vectorized [-Rpass-missed=loop-vectorize]
remark: ./numeric-arithmetic.h:482:0: loop not vectorized: Cannot vectorize uncountable loop [-Rpass-analysis=loop-vectorize]
remark: ./numeric-arithmetic.h:482:0: loop not vectorized [-Rpass-missed=loop-vectorize]
remark: ./numeric-arithmetic.h:482:65496: loop not vectorized: Cannot vectorize uncountable loop [-Rpass-analysis=loop-vectorize]
remark: ./numeric-arithmetic.h:482:65496: loop not vectorized [-Rpass-missed=loop-vectorize]
remark: ./numeric-arithmetic.h:482:64439: loop not vectorized: Cannot vectorize uncountable loop [-Rpass-analysis=loop-vectorize]
remark: ./numeric-arithmetic.h:482:64439: loop not vectorized [-Rpass-missed=loop-vectorize]
remark: ./numeric-arithmetic.h:482:63398: loop not vectorized: Cannot vectorize uncountable loop [-Rpass-analysis=loop-vectorize]
remark: ./numeric-arithmetic.h:482:63398: loop not vectorized [-Rpass-missed=loop-vectorize]
remark: ./numeric-arithmetic.h:482:0: loop not vectorized: call instruction cannot be vectorized [-Rpass-analysis=loop-vectorize]
remark: ./numeric-arithmetic.h:482:0: loop not vectorized [-Rpass-missed=loop-vectorize]
remark: ./numeric-arithmetic.h:482:0: loop not vectorized: call instruction cannot be vectorized [-Rpass-analysis=loop-vectorize]
remark: ./numeric-arithmetic.h:482:0: loop not vectorized [-Rpass-missed=loop-vectorize]
remark: ./numeric-arithmetic.h:482:0: loop not vectorized: call instruction cannot be vectorized [-Rpass-analysis=loop-vectorize]
remark: ./numeric-arithmetic.h:482:0: loop not vectorized [-Rpass-missed=loop-vectorize]
remark: ./numeric-arithmetic.h:482:0: loop not vectorized: call instruction cannot be vectorized [-Rpass-analysis=loop-vectorize]
remark: ./numeric-arithmetic.h:482:0: loop not vectorized [-Rpass-missed=loop-vectorize]
remark: ./numeric-arithmetic.h:482:0: loop not vectorized: call instruction cannot be vectorized [-Rpass-analysis=loop-vectorize]
remark: ./numeric-arithmetic.h:482:0: loop not vectorized [-Rpass-missed=loop-vectorize]
remark: ./numeric-arithmetic.h:482:0: loop not vectorized: call instruction cannot be vectorized [-Rpass-analysis=loop-vectorize]
remark: ./numeric-arithmetic.h:482:0: loop not vectorized [-Rpass-missed=loop-vectorize]
remark: ./numeric-arithmetic.h:482:0: loop not vectorized: call instruction cannot be vectorized [-Rpass-analysis=loop-vectorize]
remark: ./numeric-arithmetic.h:482:0: loop not vectorized [-Rpass-missed=loop-vectorize]
remark: ./numeric-arithmetic.h:482:0: loop not vectorized: call instruction cannot be vectorized [-Rpass-analysis=loop-vectorize]
remark: ./numeric-arithmetic.h:482:0: loop not vectorized [-Rpass-missed=loop-vectorize]
remark: ./numeric-arithmetic.h:482:0: the cost-model indicates that vectorization is not beneficial [-Rpass-missed=loop-vectorize]
remark: ./numeric-arithmetic.h:482:0: the cost-model indicates that interleaving is not beneficial [-Rpass-missed=loop-vectorize]
remark: ./numeric-arithmetic.h:482:0: the cost-model indicates that vectorization is not beneficial [-Rpass-missed=loop-vectorize]
remark: ./numeric-arithmetic.h:482:0: the cost-model indicates that interleaving is not beneficial [-Rpass-missed=loop-vectorize]
remark: ./numeric-arithmetic.h:482:0: the cost-model indicates that vectorization is not beneficial [-Rpass-missed=loop-vectorize]
remark: ./numeric-arithmetic.h:482:0: the cost-model indicates that interleaving is not beneficial [-Rpass-missed=loop-vectorize]
remark: ./numeric-arithmetic.h:482:0: vectorized loop (vectorization width: 8, interleaved count: 4) [-Rpass=loop-vectorize]
remark: ./numeric-arithmetic.h:482:0: loop not vectorized: call instruction cannot be vectorized [-Rpass-analysis=loop-vectorize]
remark: ./numeric-arithmetic.h:482:0: loop not vectorized [-Rpass-missed=loop-vectorize]
remark: ./numeric-arithmetic.h:482:0: loop not vectorized: call instruction cannot be vectorized [-Rpass-analysis=loop-vectorize]
remark: ./numeric-arithmetic.h:482:0: loop not vectorized [-Rpass-missed=loop-vectorize]
remark: ./numeric-arithmetic.h:482:0: loop not vectorized: call instruction cannot be vectorized [-Rpass-analysis=loop-vectorize]
remark: ./numeric-arithmetic.h:482:0: loop not vectorized [-Rpass-missed=loop-vectorize]
remark: ./numeric-arithmetic.h:482:0: loop not vectorized: call instruction cannot be vectorized [-Rpass-analysis=loop-vectorize]
remark: ./numeric-arithmetic.h:482:0: loop not vectorized [-Rpass-missed=loop-vectorize]
remark: ./numeric-arithmetic.h:482:0: loop not vectorized: call instruction cannot be vectorized [-Rpass-analysis=loop-vectorize]
remark: ./numeric-arithmetic.h:482:0: loop not vectorized [-Rpass-missed=loop-vectorize]
remark: ./numeric-arithmetic.h:482:0: loop not vectorized: call instruction cannot be vectorized [-Rpass-analysis=loop-vectorize]
remark: ./numeric-arithmetic.h:482:0: loop not vectorized [-Rpass-missed=loop-vectorize]
remark: ./numeric-arithmetic.h:482:0: loop not vectorized: call instruction cannot be vectorized [-Rpass-analysis=loop-vectorize]
remark: ./numeric-arithmetic.h:482:0: loop not vectorized [-Rpass-missed=loop-vectorize]
remark: ./numeric-arithmetic.h:482:0: loop not vectorized: call instruction cannot be vectorized [-Rpass-analysis=loop-vectorize]
remark: ./numeric-arithmetic.h:482:0: loop not vectorized [-Rpass-missed=loop-vectorize]
remark: ./numeric-arithmetic.h:482:0: vectorized loop (vectorization width: 2, interleaved count: 4) [-Rpass=loop-vectorize]
remark: ./numeric-arithmetic.h:482:0: the cost-model indicates that vectorization is not beneficial [-Rpass-missed=loop-vectorize]
remark: ./numeric-arithmetic.h:482:0: the cost-model indicates that interleaving is not beneficial [-Rpass-missed=loop-vectorize]
remark: ./numeric-arithmetic.h:482:0: the cost-model indicates that vectorization is not beneficial [-Rpass-missed=loop-vectorize]
remark: ./numeric-arithmetic.h:482:0: the cost-model indicates that interleaving is not beneficial [-Rpass-missed=loop-vectorize]
remark: ./numeric-arithmetic.h:482:0: vectorized loop (vectorization width: 4, interleaved count: 4) [-Rpass=loop-vectorize]
remark: ./numeric-arithmetic.h:482:0: loop not vectorized: call instruction cannot be vectorized [-Rpass-analysis=loop-vectorize]
remark: ./numeric-arithmetic.h:482:0: loop not vectorized [-Rpass-missed=loop-vectorize]
remark: ./numeric-arithmetic.h:482:0: loop not vectorized: call instruction cannot be vectorized [-Rpass-analysis=loop-vectorize]
remark: ./numeric-arithmetic.h:482:0: loop not vectorized [-Rpass-missed=loop-vectorize]
remark: ./numeric-arithmetic.h:482:0: loop not vectorized: call instruction cannot be vectorized [-Rpass-analysis=loop-vectorize]
remark: ./numeric-arithmetic.h:482:0: loop not vectorized [-Rpass-missed=loop-vectorize]
remark: ./numeric-arithmetic.h:482:0: loop not vectorized: call instruction cannot be vectorized [-Rpass-analysis=loop-vectorize]
remark: ./numeric-arithmetic.h:482:0: loop not vectorized [-Rpass-missed=loop-vectorize]
remark: ./numeric-arithmetic.h:482:0: loop not vectorized: call instruction cannot be vectorized [-Rpass-analysis=loop-vectorize]
remark: ./numeric-arithmetic.h:482:0: loop not vectorized [-Rpass-missed=loop-vectorize]
remark: ./numeric-arithmetic.h:482:0: loop not vectorized: call instruction cannot be vectorized [-Rpass-analysis=loop-vectorize]
remark: ./numeric-arithmetic.h:482:0: loop not vectorized [-Rpass-missed=loop-vectorize]
remark: ./numeric-arithmetic.h:482:0: loop not vectorized: call instruction cannot be vectorized [-Rpass-analysis=loop-vectorize]
remark: ./numeric-arithmetic.h:482:0: loop not vectorized [-Rpass-missed=loop-vectorize]
remark: ./numeric-arithmetic.h:482:0: loop not vectorized: call instruction cannot be vectorized [-Rpass-analysis=loop-vectorize]
remark: ./numeric-arithmetic.h:482:0: loop not vectorized [-Rpass-missed=loop-vectorize]
remark: ./numeric-arithmetic.h:482:0: vectorized loop (vectorization width: 2, interleaved count: 4) [-Rpass=loop-vectorize]
remark: ./numeric-arithmetic.h:482:0: vectorized loop (vectorization width: 2, interleaved count: 4) [-Rpass=loop-vectorize]
remark: ./numeric-arithmetic.h:482:0: vectorized loop (vectorization width: 2, interleaved count: 4) [-Rpass=loop-vectorize]
remark: ./numeric-arithmetic.h:482:0: vectorized loop (vectorization width: 4, interleaved count: 4) [-Rpass=loop-vectorize]
remark: ./numeric-arithmetic.h:482:0: the cost-model indicates that vectorization is not beneficial [-Rpass-missed=loop-vectorize]
remark: ./numeric-arithmetic.h:482:0: the cost-model indicates that interleaving is not beneficial [-Rpass-missed=loop-vectorize]
remark: ./numeric-arithmetic.h:482:0: the cost-model indicates that vectorization is not beneficial [-Rpass-missed=loop-vectorize]
remark: ./numeric-arithmetic.h:482:0: the cost-model indicates that interleaving is not beneficial [-Rpass-missed=loop-vectorize]
remark: ./numeric-arithmetic.h:482:0: the cost-model indicates that vectorization is not beneficial [-Rpass-missed=loop-vectorize]
remark: ./numeric-arithmetic.h:482:0: the cost-model indicates that interleaving is not beneficial [-Rpass-missed=loop-vectorize]
remark: ./numeric-arithmetic.h:482:0: vectorized loop (vectorization width: 2, interleaved count: 4) [-Rpass=loop-vectorize]
remark: ./numeric-arithmetic.h:482:0: the cost-model indicates that vectorization is not beneficial [-Rpass-missed=loop-vectorize]
remark: ./numeric-arithmetic.h:482:0: the cost-model indicates that interleaving is not beneficial [-Rpass-missed=loop-vectorize]
remark: ./numeric-arithmetic.h:482:0: the cost-model indicates that vectorization is not beneficial [-Rpass-missed=loop-vectorize]
remark: ./numeric-arithmetic.h:482:0: the cost-model indicates that interleaving is not beneficial [-Rpass-missed=loop-vectorize]
remark: ./numeric-arithmetic.h:482:0: the cost-model indicates that vectorization is not beneficial [-Rpass-missed=loop-vectorize]
remark: ./numeric-arithmetic.h:482:0: the cost-model indicates that interleaving is not beneficial [-Rpass-missed=loop-vectorize]
remark: ./numeric-arithmetic.h:482:0: vectorized loop (vectorization width: 2, interleaved count: 4) [-Rpass=loop-vectorize]
remark: ./numeric-arithmetic.h:482:0: the cost-model indicates that vectorization is not beneficial [-Rpass-missed=loop-vectorize]
remark: ./numeric-arithmetic.h:482:0: the cost-model indicates that interleaving is not beneficial [-Rpass-missed=loop-vectorize]
remark: ./numeric-arithmetic.h:482:0: the cost-model indicates that vectorization is not beneficial [-Rpass-missed=loop-vectorize]
remark: ./numeric-arithmetic.h:482:0: the cost-model indicates that interleaving is not beneficial [-Rpass-missed=loop-vectorize]
remark: ./numeric-arithmetic.h:482:0: the cost-model indicates that vectorization is not beneficial [-Rpass-missed=loop-vectorize]
remark: ./numeric-arithmetic.h:482:0: the cost-model indicates that interleaving is not beneficial [-Rpass-missed=loop-vectorize]
remark: ./numeric-arithmetic.h:482:0: vectorized loop (vectorization width: 2, interleaved count: 4) [-Rpass=loop-vectorize]
remark: ./numeric-arithmetic.h:482:0: loop not vectorized: call instruction cannot be vectorized [-Rpass-analysis=loop-vectorize]
remark: ./numeric-arithmetic.h:482:0: loop not vectorized: Cannot vectorize uncountable loop [-Rpass-analysis=loop-vectorize]
remark: ./numeric-arithmetic.h:482:0: loop not vectorized [-Rpass-missed=loop-vectorize]
remark: ./numeric-arithmetic.h:482:0: loop not vectorized: call instruction cannot be vectorized [-Rpass-analysis=loop-vectorize]
remark: ./numeric-arithmetic.h:482:0: loop not vectorized: Cannot vectorize uncountable loop [-Rpass-analysis=loop-vectorize]
remark: ./numeric-arithmetic.h:482:0: loop not vectorized [-Rpass-missed=loop-vectorize]
remark: ./numeric-arithmetic.h:482:0: loop not vectorized: call instruction cannot be vectorized [-Rpass-analysis=loop-vectorize]
remark: ./numeric-arithmetic.h:482:0: loop not vectorized: Cannot vectorize uncountable loop [-Rpass-analysis=loop-vectorize]
remark: ./numeric-arithmetic.h:482:0: loop not vectorized [-Rpass-missed=loop-vectorize]
remark: ./numeric-arithmetic.h:482:0: loop not vectorized: call instruction cannot be vectorized [-Rpass-analysis=loop-vectorize]
remark: ./numeric-arithmetic.h:482:0: loop not vectorized: Cannot vectorize uncountable loop [-Rpass-analysis=loop-vectorize]
remark: ./numeric-arithmetic.h:482:0: loop not vectorized [-Rpass-missed=loop-vectorize]
remark: ./numeric-arithmetic.h:482:0: loop not vectorized: call instruction cannot be vectorized [-Rpass-analysis=loop-vectorize]
remark: ./numeric-arithmetic.h:482:0: loop not vectorized: Cannot vectorize uncountable loop [-Rpass-analysis=loop-vectorize]
remark: ./numeric-arithmetic.h:482:0: loop not vectorized [-Rpass-missed=loop-vectorize]
remark: ./numeric-arithmetic.h:482:0: loop not vectorized: call instruction cannot be vectorized [-Rpass-analysis=loop-vectorize]
remark: ./numeric-arithmetic.h:482:0: loop not vectorized: Cannot vectorize uncountable loop [-Rpass-analysis=loop-vectorize]
remark: ./numeric-arithmetic.h:482:0: loop not vectorized [-Rpass-missed=loop-vectorize]
remark: ./numeric-arithmetic.h:482:0: loop not vectorized: call instruction cannot be vectorized [-Rpass-analysis=loop-vectorize]
remark: ./numeric-arithmetic.h:482:0: loop not vectorized: Cannot vectorize uncountable loop [-Rpass-analysis=loop-vectorize]
remark: ./numeric-arithmetic.h:482:0: loop not vectorized [-Rpass-missed=loop-vectorize]
remark: ./numeric-arithmetic.h:482:0: loop not vectorized: call instruction cannot be vectorized [-Rpass-analysis=loop-vectorize]
remark: ./numeric-arithmetic.h:482:0: loop not vectorized: Cannot vectorize uncountable loop [-Rpass-analysis=loop-vectorize]
remark: ./numeric-arithmetic.h:482:0: loop not vectorized [-Rpass-missed=loop-vectorize]
remark: ./numeric-arithmetic.h:482:0: loop not vectorized: Cannot vectorize uncountable loop [-Rpass-analysis=loop-vectorize]
remark: ./numeric-arithmetic.h:482:0: loop not vectorized [-Rpass-missed=loop-vectorize]
remark: ./numeric-arithmetic.h:482:0: loop not vectorized: Cannot vectorize uncountable loop [-Rpass-analysis=loop-vectorize]
remark: ./numeric-arithmetic.h:482:0: loop not vectorized [-Rpass-missed=loop-vectorize]
remark: ./numeric-arithmetic.h:482:0: loop not vectorized: Cannot vectorize uncountable loop [-Rpass-analysis=loop-vectorize]
remark: ./numeric-arithmetic.h:482:0: loop not vectorized [-Rpass-missed=loop-vectorize]
remark: ./numeric-arithmetic.h:482:0: loop not vectorized: Cannot vectorize uncountable loop [-Rpass-analysis=loop-vectorize]
remark: ./numeric-arithmetic.h:482:0: loop not vectorized [-Rpass-missed=loop-vectorize]
remark: ./numeric-arithmetic.h:482:0: loop not vectorized: call instruction cannot be vectorized [-Rpass-analysis=loop-vectorize]
remark: ./numeric-arithmetic.h:482:0: loop not vectorized [-Rpass-missed=loop-vectorize]
remark: ./numeric-arithmetic.h:482:0: loop not vectorized: call instruction cannot be vectorized [-Rpass-analysis=loop-vectorize]
remark: ./numeric-arithmetic.h:482:0: loop not vectorized [-Rpass-missed=loop-vectorize]
remark: ./numeric-arithmetic.h:482:0: loop not vectorized: call instruction cannot be vectorized [-Rpass-analysis=loop-vectorize]
remark: ./numeric-arithmetic.h:482:0: loop not vectorized [-Rpass-missed=loop-vectorize]
remark: ./numeric-arithmetic.h:482:0: loop not vectorized: call instruction cannot be vectorized [-Rpass-analysis=loop-vectorize]
remark: ./numeric-arithmetic.h:482:0: loop not vectorized [-Rpass-missed=loop-vectorize]
remark: ./numeric-arithmetic.h:482:0: loop not vectorized: call instruction cannot be vectorized [-Rpass-analysis=loop-vectorize]
remark: ./numeric-arithmetic.h:482:0: loop not vectorized [-Rpass-missed=loop-vectorize]
remark: ./numeric-arithmetic.h:482:0: loop not vectorized: call instruction cannot be vectorized [-Rpass-analysis=loop-vectorize]
remark: ./numeric-arithmetic.h:482:0: loop not vectorized [-Rpass-missed=loop-vectorize]
remark: ./numeric-arithmetic.h:482:0: loop not vectorized: call instruction cannot be vectorized [-Rpass-analysis=loop-vectorize]
remark: ./numeric-arithmetic.h:482:0: loop not vectorized [-Rpass-missed=loop-vectorize]
remark: ./numeric-arithmetic.h:482:0: loop not vectorized: call instruction cannot be vectorized [-Rpass-analysis=loop-vectorize]
remark: ./numeric-arithmetic.h:482:0: loop not vectorized [-Rpass-missed=loop-vectorize]
remark: ./numeric-arithmetic.h:482:0: the cost-model indicates that vectorization is not beneficial [-Rpass-missed=loop-vectorize]
remark: ./numeric-arithmetic.h:482:0: the cost-model indicates that interleaving is not beneficial [-Rpass-missed=loop-vectorize]
remark: ./numeric-arithmetic.h:482:0: the cost-model indicates that vectorization is not beneficial [-Rpass-missed=loop-vectorize]
remark: ./numeric-arithmetic.h:482:0: the cost-model indicates that interleaving is not beneficial [-Rpass-missed=loop-vectorize]
remark: ./numeric-arithmetic.h:482:0: the cost-model indicates that vectorization is not beneficial [-Rpass-missed=loop-vectorize]
remark: ./numeric-arithmetic.h:482:0: the cost-model indicates that interleaving is not beneficial [-Rpass-missed=loop-vectorize]
remark: ./numeric-arithmetic.h:482:0: vectorized loop (vectorization width: 8, interleaved count: 4) [-Rpass=loop-vectorize]
remark: ./numeric-arithmetic.h:482:0: loop not vectorized: call instruction cannot be vectorized [-Rpass-analysis=loop-vectorize]
remark: ./numeric-arithmetic.h:482:0: loop not vectorized [-Rpass-missed=loop-vectorize]
remark: ./numeric-arithmetic.h:482:0: loop not vectorized: call instruction cannot be vectorized [-Rpass-analysis=loop-vectorize]
remark: ./numeric-arithmetic.h:482:0: loop not vectorized [-Rpass-missed=loop-vectorize]
remark: ./numeric-arithmetic.h:482:0: loop not vectorized: call instruction cannot be vectorized [-Rpass-analysis=loop-vectorize]
remark: ./numeric-arithmetic.h:482:0: loop not vectorized [-Rpass-missed=loop-vectorize]
remark: ./numeric-arithmetic.h:482:0: loop not vectorized: call instruction cannot be vectorized [-Rpass-analysis=loop-vectorize]
remark: ./numeric-arithmetic.h:482:0: loop not vectorized [-Rpass-missed=loop-vectorize]
remark: ./numeric-arithmetic.h:482:0: loop not vectorized: call instruction cannot be vectorized [-Rpass-analysis=loop-vectorize]
remark: ./numeric-arithmetic.h:482:0: loop not vectorized [-Rpass-missed=loop-vectorize]
remark: ./numeric-arithmetic.h:482:0: loop not vectorized: call instruction cannot be vectorized [-Rpass-analysis=loop-vectorize]
remark: ./numeric-arithmetic.h:482:0: loop not vectorized [-Rpass-missed=loop-vectorize]
remark: ./numeric-arithmetic.h:482:0: loop not vectorized: call instruction cannot be vectorized [-Rpass-analysis=loop-vectorize]
remark: ./numeric-arithmetic.h:482:0: loop not vectorized [-Rpass-missed=loop-vectorize]
remark: ./numeric-arithmetic.h:482:0: loop not vectorized: call instruction cannot be vectorized [-Rpass-analysis=loop-vectorize]
remark: ./numeric-arithmetic.h:482:0: loop not vectorized [-Rpass-missed=loop-vectorize]
remark: ./numeric-arithmetic.h:482:0: vectorized loop (vectorization width: 2, interleaved count: 4) [-Rpass=loop-vectorize]
remark: ./numeric-arithmetic.h:482:0: the cost-model indicates that vectorization is not beneficial [-Rpass-missed=loop-vectorize]
remark: ./numeric-arithmetic.h:482:0: the cost-model indicates that interleaving is not beneficial [-Rpass-missed=loop-vectorize]
remark: ./numeric-arithmetic.h:482:0: the cost-model indicates that vectorization is not beneficial [-Rpass-missed=loop-vectorize]
remark: ./numeric-arithmetic.h:482:0: the cost-model indicates that interleaving is not beneficial [-Rpass-missed=loop-vectorize]
remark: ./numeric-arithmetic.h:482:0: vectorized loop (vectorization width: 4, interleaved count: 4) [-Rpass=loop-vectorize]
remark: ./numeric-arithmetic.h:482:0: loop not vectorized: call instruction cannot be vectorized [-Rpass-analysis=loop-vectorize]
remark: ./numeric-arithmetic.h:482:0: loop not vectorized [-Rpass-missed=loop-vectorize]
remark: ./numeric-arithmetic.h:482:0: loop not vectorized: call instruction cannot be vectorized [-Rpass-analysis=loop-vectorize]
remark: ./numeric-arithmetic.h:482:0: loop not vectorized [-Rpass-missed=loop-vectorize]
remark: ./numeric-arithmetic.h:482:0: loop not vectorized: call instruction cannot be vectorized [-Rpass-analysis=loop-vectorize]
remark: ./numeric-arithmetic.h:482:0: loop not vectorized [-Rpass-missed=loop-vectorize]
remark: ./numeric-arithmetic.h:482:0: loop not vectorized: call instruction cannot be vectorized [-Rpass-analysis=loop-vectorize]
remark: ./numeric-arithmetic.h:482:0: loop not vectorized [-Rpass-missed=loop-vectorize]
remark: ./numeric-arithmetic.h:482:0: loop not vectorized: call instruction cannot be vectorized [-Rpass-analysis=loop-vectorize]
remark: ./numeric-arithmetic.h:482:0: loop not vectorized [-Rpass-missed=loop-vectorize]
remark: ./numeric-arithmetic.h:482:0: loop not vectorized: call instruction cannot be vectorized [-Rpass-analysis=loop-vectorize]
remark: ./numeric-arithmetic.h:482:0: loop not vectorized [-Rpass-missed=loop-vectorize]
remark: ./numeric-arithmetic.h:482:0: loop not vectorized: call instruction cannot be vectorized [-Rpass-analysis=loop-vectorize]
remark: ./numeric-arithmetic.h:482:0: loop not vectorized [-Rpass-missed=loop-vectorize]
remark: ./numeric-arithmetic.h:482:0: loop not vectorized: call instruction cannot be vectorized [-Rpass-analysis=loop-vectorize]
remark: ./numeric-arithmetic.h:482:0: loop not vectorized [-Rpass-missed=loop-vectorize]
remark: ./numeric-arithmetic.h:482:0: vectorized loop (vectorization width: 2, interleaved count: 4) [-Rpass=loop-vectorize]
remark: ./numeric-arithmetic.h:482:0: vectorized loop (vectorization width: 2, interleaved count: 4) [-Rpass=loop-vectorize]
remark: ./numeric-arithmetic.h:482:0: vectorized loop (vectorization width: 2, interleaved count: 4) [-Rpass=loop-vectorize]
remark: ./numeric-arithmetic.h:482:0: vectorized loop (vectorization width: 4, interleaved count: 4) [-Rpass=loop-vectorize]
remark: ./numeric-arithmetic.h:482:0: the cost-model indicates that vectorization is not beneficial [-Rpass-missed=loop-vectorize]
remark: ./numeric-arithmetic.h:482:0: the cost-model indicates that interleaving is not beneficial [-Rpass-missed=loop-vectorize]
remark: ./numeric-arithmetic.h:482:0: the cost-model indicates that vectorization is not beneficial [-Rpass-missed=loop-vectorize]
remark: ./numeric-arithmetic.h:482:0: the cost-model indicates that interleaving is not beneficial [-Rpass-missed=loop-vectorize]
remark: ./numeric-arithmetic.h:482:0: the cost-model indicates that vectorization is not beneficial [-Rpass-missed=loop-vectorize]
remark: ./numeric-arithmetic.h:482:0: the cost-model indicates that interleaving is not beneficial [-Rpass-missed=loop-vectorize]
remark: ./numeric-arithmetic.h:482:0: vectorized loop (vectorization width: 2, interleaved count: 4) [-Rpass=loop-vectorize]
remark: ./numeric-arithmetic.h:482:0: the cost-model indicates that vectorization is not beneficial [-Rpass-missed=loop-vectorize]
remark: ./numeric-arithmetic.h:482:0: the cost-model indicates that interleaving is not beneficial [-Rpass-missed=loop-vectorize]
remark: ./numeric-arithmetic.h:482:0: the cost-model indicates that vectorization is not beneficial [-Rpass-missed=loop-vectorize]
remark: ./numeric-arithmetic.h:482:0: the cost-model indicates that interleaving is not beneficial [-Rpass-missed=loop-vectorize]
remark: ./numeric-arithmetic.h:482:0: the cost-model indicates that vectorization is not beneficial [-Rpass-missed=loop-vectorize]
remark: ./numeric-arithmetic.h:482:0: the cost-model indicates that interleaving is not beneficial [-Rpass-missed=loop-vectorize]
remark: ./numeric-arithmetic.h:482:0: vectorized loop (vectorization width: 2, interleaved count: 4) [-Rpass=loop-vectorize]
remark: ./numeric-arithmetic.h:482:0: the cost-model indicates that vectorization is not beneficial [-Rpass-missed=loop-vectorize]
remark: ./numeric-arithmetic.h:482:0: the cost-model indicates that interleaving is not beneficial [-Rpass-missed=loop-vectorize]
remark: ./numeric-arithmetic.h:482:0: the cost-model indicates that vectorization is not beneficial [-Rpass-missed=loop-vectorize]
remark: ./numeric-arithmetic.h:482:0: the cost-model indicates that interleaving is not beneficial [-Rpass-missed=loop-vectorize]
remark: ./numeric-arithmetic.h:482:0: the cost-model indicates that vectorization is not beneficial [-Rpass-missed=loop-vectorize]
remark: ./numeric-arithmetic.h:482:0: the cost-model indicates that interleaving is not beneficial [-Rpass-missed=loop-vectorize]
remark: ./numeric-arithmetic.h:482:0: vectorized loop (vectorization width: 2, interleaved count: 4) [-Rpass=loop-vectorize]
remark: ./numeric-arithmetic.h:482:0: loop not vectorized: call instruction cannot be vectorized [-Rpass-analysis=loop-vectorize]
remark: ./numeric-arithmetic.h:482:0: loop not vectorized: Cannot vectorize uncountable loop [-Rpass-analysis=loop-vectorize]
remark: ./numeric-arithmetic.h:482:0: loop not vectorized [-Rpass-missed=loop-vectorize]
remark: ./numeric-arithmetic.h:482:0: loop not vectorized: call instruction cannot be vectorized [-Rpass-analysis=loop-vectorize]
remark: ./numeric-arithmetic.h:482:0: loop not vectorized: Cannot vectorize uncountable loop [-Rpass-analysis=loop-vectorize]
remark: ./numeric-arithmetic.h:482:0: loop not vectorized [-Rpass-missed=loop-vectorize]
remark: ./numeric-arithmetic.h:482:0: loop not vectorized: call instruction cannot be vectorized [-Rpass-analysis=loop-vectorize]
remark: ./numeric-arithmetic.h:482:0: loop not vectorized: Cannot vectorize uncountable loop [-Rpass-analysis=loop-vectorize]
remark: ./numeric-arithmetic.h:482:0: loop not vectorized [-Rpass-missed=loop-vectorize]
remark: ./numeric-arithmetic.h:482:0: loop not vectorized: call instruction cannot be vectorized [-Rpass-analysis=loop-vectorize]
remark: ./numeric-arithmetic.h:482:0: loop not vectorized: Cannot vectorize uncountable loop [-Rpass-analysis=loop-vectorize]
remark: ./numeric-arithmetic.h:482:0: loop not vectorized [-Rpass-missed=loop-vectorize]
remark: ./numeric-arithmetic.h:482:0: loop not vectorized: call instruction cannot be vectorized [-Rpass-analysis=loop-vectorize]
remark: ./numeric-arithmetic.h:482:0: loop not vectorized: Cannot vectorize uncountable loop [-Rpass-analysis=loop-vectorize]
remark: ./numeric-arithmetic.h:482:0: loop not vectorized [-Rpass-missed=loop-vectorize]
remark: ./numeric-arithmetic.h:482:0: loop not vectorized: call instruction cannot be vectorized [-Rpass-analysis=loop-vectorize]
remark: ./numeric-arithmetic.h:482:0: loop not vectorized: Cannot vectorize uncountable loop [-Rpass-analysis=loop-vectorize]
remark: ./numeric-arithmetic.h:482:0: loop not vectorized [-Rpass-missed=loop-vectorize]
remark: ./numeric-arithmetic.h:482:0: loop not vectorized: call instruction cannot be vectorized [-Rpass-analysis=loop-vectorize]
remark: ./numeric-arithmetic.h:482:0: loop not vectorized: Cannot vectorize uncountable loop [-Rpass-analysis=loop-vectorize]
remark: ./numeric-arithmetic.h:482:0: loop not vectorized [-Rpass-missed=loop-vectorize]
remark: ./numeric-arithmetic.h:482:0: loop not vectorized: call instruction cannot be vectorized [-Rpass-analysis=loop-vectorize]
remark: ./numeric-arithmetic.h:482:0: loop not vectorized: Cannot vectorize uncountable loop [-Rpass-analysis=loop-vectorize]
remark: ./numeric-arithmetic.h:482:0: loop not vectorized [-Rpass-missed=loop-vectorize]
remark: ./numeric-arithmetic.h:482:0: loop not vectorized: Cannot vectorize uncountable loop [-Rpass-analysis=loop-vectorize]
remark: ./numeric-arithmetic.h:482:0: loop not vectorized [-Rpass-missed=loop-vectorize]
remark: ./numeric-arithmetic.h:482:0: loop not vectorized: Cannot vectorize uncountable loop [-Rpass-analysis=loop-vectorize]
remark: ./numeric-arithmetic.h:482:0: loop not vectorized [-Rpass-missed=loop-vectorize]
remark: ./numeric-arithmetic.h:482:0: loop not vectorized: Cannot vectorize uncountable loop [-Rpass-analysis=loop-vectorize]
remark: ./numeric-arithmetic.h:482:0: loop not vectorized [-Rpass-missed=loop-vectorize]
remark: ./numeric-arithmetic.h:482:0: loop not vectorized: Cannot vectorize uncountable loop [-Rpass-analysis=loop-vectorize]
remark: ./numeric-arithmetic.h:482:0: loop not vectorized [-Rpass-missed=loop-vectorize]
remark: ./numeric-arithmetic.h:482:0: loop not vectorized: call instruction cannot be vectorized [-Rpass-analysis=loop-vectorize]
remark: ./numeric-arithmetic.h:482:0: loop not vectorized [-Rpass-missed=loop-vectorize]
remark: ./numeric-arithmetic.h:482:0: loop not vectorized: call instruction cannot be vectorized [-Rpass-analysis=loop-vectorize]
remark: ./numeric-arithmetic.h:482:0: loop not vectorized [-Rpass-missed=loop-vectorize]
remark: ./numeric-arithmetic.h:482:0: loop not vectorized: call instruction cannot be vectorized [-Rpass-analysis=loop-vectorize]
remark: ./numeric-arithmetic.h:482:0: loop not vectorized [-Rpass-missed=loop-vectorize]
remark: ./numeric-arithmetic.h:482:0: loop not vectorized: call instruction cannot be vectorized [-Rpass-analysis=loop-vectorize]
remark: ./numeric-arithmetic.h:482:0: loop not vectorized [-Rpass-missed=loop-vectorize]
remark: ./numeric-arithmetic.h:482:0: loop not vectorized: call instruction cannot be vectorized [-Rpass-analysis=loop-vectorize]
remark: ./numeric-arithmetic.h:482:0: loop not vectorized [-Rpass-missed=loop-vectorize]
remark: ./numeric-arithmetic.h:482:0: loop not vectorized: call instruction cannot be vectorized [-Rpass-analysis=loop-vectorize]
remark: ./numeric-arithmetic.h:482:0: loop not vectorized [-Rpass-missed=loop-vectorize]
remark: ./numeric-arithmetic.h:482:0: loop not vectorized: call instruction cannot be vectorized [-Rpass-analysis=loop-vectorize]
remark: ./numeric-arithmetic.h:482:0: loop not vectorized [-Rpass-missed=loop-vectorize]
remark: ./numeric-arithmetic.h:482:0: loop not vectorized: call instruction cannot be vectorized [-Rpass-analysis=loop-vectorize]
remark: ./numeric-arithmetic.h:482:0: loop not vectorized [-Rpass-missed=loop-vectorize]
remark: ./numeric-arithmetic.h:482:0: the cost-model indicates that vectorization is not beneficial [-Rpass-missed=loop-vectorize]
remark: ./numeric-arithmetic.h:482:0: the cost-model indicates that interleaving is not beneficial [-Rpass-missed=loop-vectorize]
remark: ./numeric-arithmetic.h:482:0: the cost-model indicates that vectorization is not beneficial [-Rpass-missed=loop-vectorize]
remark: ./numeric-arithmetic.h:482:0: the cost-model indicates that interleaving is not beneficial [-Rpass-missed=loop-vectorize]
remark: ./numeric-arithmetic.h:482:0: the cost-model indicates that vectorization is not beneficial [-Rpass-missed=loop-vectorize]
remark: ./numeric-arithmetic.h:482:0: the cost-model indicates that interleaving is not beneficial [-Rpass-missed=loop-vectorize]
remark: ./numeric-arithmetic.h:482:0: vectorized loop (vectorization width: 8, interleaved count: 4) [-Rpass=loop-vectorize]
remark: ./numeric-arithmetic.h:482:0: loop not vectorized: call instruction cannot be vectorized [-Rpass-analysis=loop-vectorize]
remark: ./numeric-arithmetic.h:482:0: loop not vectorized [-Rpass-missed=loop-vectorize]
remark: ./numeric-arithmetic.h:482:0: loop not vectorized: call instruction cannot be vectorized [-Rpass-analysis=loop-vectorize]
remark: ./numeric-arithmetic.h:482:0: loop not vectorized [-Rpass-missed=loop-vectorize]
remark: ./numeric-arithmetic.h:482:0: loop not vectorized: call instruction cannot be vectorized [-Rpass-analysis=loop-vectorize]
remark: ./numeric-arithmetic.h:482:0: loop not vectorized [-Rpass-missed=loop-vectorize]
remark: ./numeric-arithmetic.h:482:0: loop not vectorized: call instruction cannot be vectorized [-Rpass-analysis=loop-vectorize]
remark: ./numeric-arithmetic.h:482:0: loop not vectorized [-Rpass-missed=loop-vectorize]
remark: ./numeric-arithmetic.h:482:0: loop not vectorized: call instruction cannot be vectorized [-Rpass-analysis=loop-vectorize]
remark: ./numeric-arithmetic.h:482:0: loop not vectorized [-Rpass-missed=loop-vectorize]
remark: ./numeric-arithmetic.h:482:0: loop not vectorized: call instruction cannot be vectorized [-Rpass-analysis=loop-vectorize]
remark: ./numeric-arithmetic.h:482:0: loop not vectorized [-Rpass-missed=loop-vectorize]
remark: ./numeric-arithmetic.h:482:0: loop not vectorized: call instruction cannot be vectorized [-Rpass-analysis=loop-vectorize]
remark: ./numeric-arithmetic.h:482:0: loop not vectorized [-Rpass-missed=loop-vectorize]
remark: ./numeric-arithmetic.h:482:0: loop not vectorized: call instruction cannot be vectorized [-Rpass-analysis=loop-vectorize]
remark: ./numeric-arithmetic.h:482:0: loop not vectorized [-Rpass-missed=loop-vectorize]
remark: ./numeric-arithmetic.h:482:0: vectorized loop (vectorization width: 2, interleaved count: 4) [-Rpass=loop-vectorize]
remark: ./numeric-arithmetic.h:482:0: the cost-model indicates that vectorization is not beneficial [-Rpass-missed=loop-vectorize]
remark: ./numeric-arithmetic.h:482:0: the cost-model indicates that interleaving is not beneficial [-Rpass-missed=loop-vectorize]
remark: ./numeric-arithmetic.h:482:0: the cost-model indicates that vectorization is not beneficial [-Rpass-missed=loop-vectorize]
remark: ./numeric-arithmetic.h:482:0: the cost-model indicates that interleaving is not beneficial [-Rpass-missed=loop-vectorize]
remark: ./numeric-arithmetic.h:482:0: vectorized loop (vectorization width: 4, interleaved count: 4) [-Rpass=loop-vectorize]
remark: ./numeric-arithmetic.h:482:0: loop not vectorized: call instruction cannot be vectorized [-Rpass-analysis=loop-vectorize]
remark: ./numeric-arithmetic.h:482:0: loop not vectorized [-Rpass-missed=loop-vectorize]
remark: ./numeric-arithmetic.h:482:0: loop not vectorized: call instruction cannot be vectorized [-Rpass-analysis=loop-vectorize]
remark: ./numeric-arithmetic.h:482:0: loop not vectorized [-Rpass-missed=loop-vectorize]
remark: ./numeric-arithmetic.h:482:0: loop not vectorized: call instruction cannot be vectorized [-Rpass-analysis=loop-vectorize]
remark: ./numeric-arithmetic.h:482:0: loop not vectorized [-Rpass-missed=loop-vectorize]
remark: ./numeric-arithmetic.h:482:0: loop not vectorized: call instruction cannot be vectorized [-Rpass-analysis=loop-vectorize]
remark: ./numeric-arithmetic.h:482:0: loop not vectorized [-Rpass-missed=loop-vectorize]
remark: ./numeric-arithmetic.h:482:0: loop not vectorized: call instruction cannot be vectorized [-Rpass-analysis=loop-vectorize]
remark: ./numeric-arithmetic.h:482:0: loop not vectorized [-Rpass-missed=loop-vectorize]
remark: ./numeric-arithmetic.h:482:0: loop not vectorized: call instruction cannot be vectorized [-Rpass-analysis=loop-vectorize]
remark: ./numeric-arithmetic.h:482:0: loop not vectorized [-Rpass-missed=loop-vectorize]
remark: ./numeric-arithmetic.h:482:0: loop not vectorized: call instruction cannot be vectorized [-Rpass-analysis=loop-vectorize]
remark: ./numeric-arithmetic.h:482:0: loop not vectorized [-Rpass-missed=loop-vectorize]
remark: ./numeric-arithmetic.h:482:0: loop not vectorized: call instruction cannot be vectorized [-Rpass-analysis=loop-vectorize]
remark: ./numeric-arithmetic.h:482:0: loop not vectorized [-Rpass-missed=loop-vectorize]
remark: ./numeric-arithmetic.h:482:0: vectorized loop (vectorization width: 2, interleaved count: 4) [-Rpass=loop-vectorize]
remark: ./numeric-arithmetic.h:482:0: vectorized loop (vectorization width: 2, interleaved count: 4) [-Rpass=loop-vectorize]
remark: ./numeric-arithmetic.h:482:0: vectorized loop (vectorization width: 2, interleaved count: 4) [-Rpass=loop-vectorize]
remark: ./numeric-arithmetic.h:482:0: vectorized loop (vectorization width: 4, interleaved count: 4) [-Rpass=loop-vectorize]
remark: ./numeric-arithmetic.h:482:0: the cost-model indicates that vectorization is not beneficial [-Rpass-missed=loop-vectorize]
remark: ./numeric-arithmetic.h:482:0: the cost-model indicates that interleaving is not beneficial [-Rpass-missed=loop-vectorize]
remark: ./numeric-arithmetic.h:482:0: the cost-model indicates that vectorization is not beneficial [-Rpass-missed=loop-vectorize]
remark: ./numeric-arithmetic.h:482:0: the cost-model indicates that interleaving is not beneficial [-Rpass-missed=loop-vectorize]
remark: ./numeric-arithmetic.h:482:0: the cost-model indicates that vectorization is not beneficial [-Rpass-missed=loop-vectorize]
remark: ./numeric-arithmetic.h:482:0: the cost-model indicates that interleaving is not beneficial [-Rpass-missed=loop-vectorize]
remark: ./numeric-arithmetic.h:482:0: vectorized loop (vectorization width: 2, interleaved count: 4) [-Rpass=loop-vectorize]
remark: ./numeric-arithmetic.h:482:0: the cost-model indicates that vectorization is not beneficial [-Rpass-missed=loop-vectorize]
remark: ./numeric-arithmetic.h:482:0: the cost-model indicates that interleaving is not beneficial [-Rpass-missed=loop-vectorize]
remark: ./numeric-arithmetic.h:482:0: the cost-model indicates that vectorization is not beneficial [-Rpass-missed=loop-vectorize]
remark: ./numeric-arithmetic.h:482:0: the cost-model indicates that interleaving is not beneficial [-Rpass-missed=loop-vectorize]
remark: ./numeric-arithmetic.h:482:0: the cost-model indicates that vectorization is not beneficial [-Rpass-missed=loop-vectorize]
remark: ./numeric-arithmetic.h:482:0: the cost-model indicates that interleaving is not beneficial [-Rpass-missed=loop-vectorize]
remark: ./numeric-arithmetic.h:482:0: vectorized loop (vectorization width: 2, interleaved count: 4) [-Rpass=loop-vectorize]
remark: ./numeric-arithmetic.h:482:0: the cost-model indicates that vectorization is not beneficial [-Rpass-missed=loop-vectorize]
remark: ./numeric-arithmetic.h:482:0: the cost-model indicates that interleaving is not beneficial [-Rpass-missed=loop-vectorize]
remark: ./numeric-arithmetic.h:482:0: the cost-model indicates that vectorization is not beneficial [-Rpass-missed=loop-vectorize]
remark: ./numeric-arithmetic.h:482:0: the cost-model indicates that interleaving is not beneficial [-Rpass-missed=loop-vectorize]
remark: ./numeric-arithmetic.h:482:0: the cost-model indicates that vectorization is not beneficial [-Rpass-missed=loop-vectorize]
remark: ./numeric-arithmetic.h:482:0: the cost-model indicates that interleaving is not beneficial [-Rpass-missed=loop-vectorize]
remark: ./numeric-arithmetic.h:482:0: vectorized loop (vectorization width: 2, interleaved count: 4) [-Rpass=loop-vectorize]
remark: ./numeric-arithmetic.h:483:8390: loop not vectorized: call instruction cannot be vectorized [-Rpass-analysis=loop-vectorize]
remark: ./numeric-arithmetic.h:483:7521: loop not vectorized: Cannot vectorize uncountable loop [-Rpass-analysis=loop-vectorize]
remark: ./numeric-arithmetic.h:483:7521: loop not vectorized [-Rpass-missed=loop-vectorize]
remark: ./numeric-arithmetic.h:483:7365: loop not vectorized: call instruction cannot be vectorized [-Rpass-analysis=loop-vectorize]
remark: ./numeric-arithmetic.h:483:6496: loop not vectorized: Cannot vectorize uncountable loop [-Rpass-analysis=loop-vectorize]
remark: ./numeric-arithmetic.h:483:6496: loop not vectorized [-Rpass-missed=loop-vectorize]
remark: ./numeric-arithmetic.h:483:6324: loop not vectorized: call instruction cannot be vectorized [-Rpass-analysis=loop-vectorize]
remark: ./numeric-arithmetic.h:483:5455: loop not vectorized: Cannot vectorize uncountable loop [-Rpass-analysis=loop-vectorize]
remark: ./numeric-arithmetic.h:483:5455: loop not vectorized [-Rpass-missed=loop-vectorize]
remark: ./numeric-arithmetic.h:483:5299: loop not vectorized: call instruction cannot be vectorized [-Rpass-analysis=loop-vectorize]
remark: ./numeric-arithmetic.h:483:4430: loop not vectorized: Cannot vectorize uncountable loop [-Rpass-analysis=loop-vectorize]
remark: ./numeric-arithmetic.h:483:4430: loop not vectorized [-Rpass-missed=loop-vectorize]
remark: ./numeric-arithmetic.h:483:12564: loop not vectorized: call instruction cannot be vectorized [-Rpass-analysis=loop-vectorize]
remark: ./numeric-arithmetic.h:483:11695: loop not vectorized: Cannot vectorize uncountable loop [-Rpass-analysis=loop-vectorize]
remark: ./numeric-arithmetic.h:483:11695: loop not vectorized [-Rpass-missed=loop-vectorize]
remark: ./numeric-arithmetic.h:483:11539: loop not vectorized: call instruction cannot be vectorized [-Rpass-analysis=loop-vectorize]
remark: ./numeric-arithmetic.h:483:10670: loop not vectorized: Cannot vectorize uncountable loop [-Rpass-analysis=loop-vectorize]
remark: ./numeric-arithmetic.h:483:10670: loop not vectorized [-Rpass-missed=loop-vectorize]
remark: ./numeric-arithmetic.h:483:10498: loop not vectorized: call instruction cannot be vectorized [-Rpass-analysis=loop-vectorize]
remark: ./numeric-arithmetic.h:483:9629: loop not vectorized: Cannot vectorize uncountable loop [-Rpass-analysis=loop-vectorize]
remark: ./numeric-arithmetic.h:483:9629: loop not vectorized [-Rpass-missed=loop-vectorize]
remark: ./numeric-arithmetic.h:483:9473: loop not vectorized: call instruction cannot be vectorized [-Rpass-analysis=loop-vectorize]
remark: ./numeric-arithmetic.h:483:8604: loop not vectorized: Cannot vectorize uncountable loop [-Rpass-analysis=loop-vectorize]
remark: ./numeric-arithmetic.h:483:8604: loop not vectorized [-Rpass-missed=loop-vectorize]
remark: ./numeric-arithmetic.h:483:3326: loop not vectorized: Cannot vectorize uncountable loop [-Rpass-analysis=loop-vectorize]
remark: ./numeric-arithmetic.h:483:3326: loop not vectorized [-Rpass-missed=loop-vectorize]
remark: ./numeric-arithmetic.h:483:2301: loop not vectorized: Cannot vectorize uncountable loop [-Rpass-analysis=loop-vectorize]
remark: ./numeric-arithmetic.h:483:2301: loop not vectorized [-Rpass-missed=loop-vectorize]
remark: ./numeric-arithmetic.h:483:1260: loop not vectorized: Cannot vectorize uncountable loop [-Rpass-analysis=loop-vectorize]
remark: ./numeric-arithmetic.h:483:1260: loop not vectorized [-Rpass-missed=loop-vectorize]
remark: ./numeric-arithmetic.h:483:235: loop not vectorized: Cannot vectorize uncountable loop [-Rpass-analysis=loop-vectorize]
remark: ./numeric-arithmetic.h:483:235: loop not vectorized [-Rpass-missed=loop-vectorize]
remark: ./numeric-arithmetic.h:483:21055: loop not vectorized: call instruction cannot be vectorized [-Rpass-analysis=loop-vectorize]
remark: ./numeric-arithmetic.h:483:20177: loop not vectorized [-Rpass-missed=loop-vectorize]
remark: ./numeric-arithmetic.h:483:20019: loop not vectorized: call instruction cannot be vectorized [-Rpass-analysis=loop-vectorize]
remark: ./numeric-arithmetic.h:483:19141: loop not vectorized [-Rpass-missed=loop-vectorize]
remark: ./numeric-arithmetic.h:483:18967: loop not vectorized: call instruction cannot be vectorized [-Rpass-analysis=loop-vectorize]
remark: ./numeric-arithmetic.h:483:18089: loop not vectorized [-Rpass-missed=loop-vectorize]
remark: ./numeric-arithmetic.h:483:17931: loop not vectorized: call instruction cannot be vectorized [-Rpass-analysis=loop-vectorize]
remark: ./numeric-arithmetic.h:483:17053: loop not vectorized [-Rpass-missed=loop-vectorize]
remark: ./numeric-arithmetic.h:483:25273: loop not vectorized: call instruction cannot be vectorized [-Rpass-analysis=loop-vectorize]
remark: ./numeric-arithmetic.h:483:24395: loop not vectorized [-Rpass-missed=loop-vectorize]
remark: ./numeric-arithmetic.h:483:24237: loop not vectorized: call instruction cannot be vectorized [-Rpass-analysis=loop-vectorize]
remark: ./numeric-arithmetic.h:483:23359: loop not vectorized [-Rpass-missed=loop-vectorize]
remark: ./numeric-arithmetic.h:483:23185: loop not vectorized: call instruction cannot be vectorized [-Rpass-analysis=loop-vectorize]
remark: ./numeric-arithmetic.h:483:22307: loop not vectorized [-Rpass-missed=loop-vectorize]
remark: ./numeric-arithmetic.h:483:22149: loop not vectorized: call instruction cannot be vectorized [-Rpass-analysis=loop-vectorize]
remark: ./numeric-arithmetic.h:483:21271: loop not vectorized [-Rpass-missed=loop-vectorize]
remark: ./numeric-arithmetic.h:483:15938: vectorized loop (vectorization width: 2, interleaved count: 2) [-Rpass=loop-vectorize]
remark: ./numeric-arithmetic.h:483:14902: vectorized loop (vectorization width: 2, interleaved count: 4) [-Rpass=loop-vectorize]
remark: ./numeric-arithmetic.h:483:13850: vectorized loop (vectorization width: 2, interleaved count: 4) [-Rpass=loop-vectorize]
remark: ./numeric-arithmetic.h:483:12814: vectorized loop (vectorization width: 8, interleaved count: 4) [-Rpass=loop-vectorize]
remark: ./numeric-arithmetic.h:483:33933: loop not vectorized: call instruction cannot be vectorized [-Rpass-analysis=loop-vectorize]
remark: ./numeric-arithmetic.h:483:33034: loop not vectorized [-Rpass-missed=loop-vectorize]
remark: ./numeric-arithmetic.h:483:32876: loop not vectorized: call instruction cannot be vectorized [-Rpass-analysis=loop-vectorize]
remark: ./numeric-arithmetic.h:483:31977: loop not vectorized [-Rpass-missed=loop-vectorize]
remark: ./numeric-arithmetic.h:483:31803: loop not vectorized: call instruction cannot be vectorized [-Rpass-analysis=loop-vectorize]
remark: ./numeric-arithmetic.h:483:30904: loop not vectorized [-Rpass-missed=loop-vectorize]
remark: ./numeric-arithmetic.h:483:30746: loop not vectorized: call instruction cannot be vectorized [-Rpass-analysis=loop-vectorize]
remark: ./numeric-arithmetic.h:483:29847: loop not vectorized [-Rpass-missed=loop-vectorize]
remark: ./numeric-arithmetic.h:483:38235: loop not vectorized: call instruction cannot be vectorized [-Rpass-analysis=loop-vectorize]
remark: ./numeric-arithmetic.h:483:37336: loop not vectorized [-Rpass-missed=loop-vectorize]
remark: ./numeric-arithmetic.h:483:37178: loop not vectorized: call instruction cannot be vectorized [-Rpass-analysis=loop-vectorize]
remark: ./numeric-arithmetic.h:483:36279: loop not vectorized [-Rpass-missed=loop-vectorize]
remark: ./numeric-arithmetic.h:483:36105: loop not vectorized: call instruction cannot be vectorized [-Rpass-analysis=loop-vectorize]
remark: ./numeric-arithmetic.h:483:35206: loop not vectorized [-Rpass-missed=loop-vectorize]
remark: ./numeric-arithmetic.h:483:35048: loop not vectorized: call instruction cannot be vectorized [-Rpass-analysis=loop-vectorize]
remark: ./numeric-arithmetic.h:483:34149: loop not vectorized [-Rpass-missed=loop-vectorize]
remark: ./numeric-arithmetic.h:483:28711: vectorized loop (vectorization width: 2, interleaved count: 2) [-Rpass=loop-vectorize]
remark: ./numeric-arithmetic.h:483:27654: vectorized loop (vectorization width: 2, interleaved count: 4) [-Rpass=loop-vectorize]
remark: ./numeric-arithmetic.h:483:26581: vectorized loop (vectorization width: 2, interleaved count: 4) [-Rpass=loop-vectorize]
remark: ./numeric-arithmetic.h:483:25524: vectorized loop (vectorization width: 4, interleaved count: 4) [-Rpass=loop-vectorize]
remark: ./numeric-arithmetic.h:483:46304: loop not vectorized: call instruction cannot be vectorized [-Rpass-analysis=loop-vectorize]
remark: ./numeric-arithmetic.h:483:45475: loop not vectorized [-Rpass-missed=loop-vectorize]
remark: ./numeric-arithmetic.h:483:45321: loop not vectorized: call instruction cannot be vectorized [-Rpass-analysis=loop-vectorize]
remark: ./numeric-arithmetic.h:483:44492: loop not vectorized [-Rpass-missed=loop-vectorize]
remark: ./numeric-arithmetic.h:483:44322: loop not vectorized: call instruction cannot be vectorized [-Rpass-analysis=loop-vectorize]
remark: ./numeric-arithmetic.h:483:43493: loop not vectorized [-Rpass-missed=loop-vectorize]
remark: ./numeric-arithmetic.h:483:43339: loop not vectorized: call instruction cannot be vectorized [-Rpass-analysis=loop-vectorize]
remark: ./numeric-arithmetic.h:483:42510: loop not vectorized [-Rpass-missed=loop-vectorize]
remark: ./numeric-arithmetic.h:483:50310: loop not vectorized: call instruction cannot be vectorized [-Rpass-analysis=loop-vectorize]
remark: ./numeric-arithmetic.h:483:49481: loop not vectorized [-Rpass-missed=loop-vectorize]
remark: ./numeric-arithmetic.h:483:49327: loop not vectorized: call instruction cannot be vectorized [-Rpass-analysis=loop-vectorize]
remark: ./numeric-arithmetic.h:483:48498: loop not vectorized [-Rpass-missed=loop-vectorize]
remark: ./numeric-arithmetic.h:483:48328: loop not vectorized: call instruction cannot be vectorized [-Rpass-analysis=loop-vectorize]
remark: ./numeric-arithmetic.h:483:47499: loop not vectorized [-Rpass-missed=loop-vectorize]
remark: ./numeric-arithmetic.h:483:47345: loop not vectorized: call instruction cannot be vectorized [-Rpass-analysis=loop-vectorize]
remark: ./numeric-arithmetic.h:483:46516: loop not vectorized [-Rpass-missed=loop-vectorize]
remark: ./numeric-arithmetic.h:483:41448: vectorized loop (vectorization width: 2, interleaved count: 2) [-Rpass=loop-vectorize]
remark: ./numeric-arithmetic.h:483:41923: floating point conversion changes vector width. Mixed floating point precision requires an up/down cast that will negatively impact performance. [-Rpass-analysis=loop-vectorize]
remark: ./numeric-arithmetic.h:483:41700: floating point conversion changes vector width. Mixed floating point precision requires an up/down cast that will negatively impact performance. [-Rpass-analysis=loop-vectorize]
remark: ./numeric-arithmetic.h:483:40465: vectorized loop (vectorization width: 2, interleaved count: 4) [-Rpass=loop-vectorize]
remark: ./numeric-arithmetic.h:483:40717: floating point conversion changes vector width. Mixed floating point precision requires an up/down cast that will negatively impact performance. [-Rpass-analysis=loop-vectorize]
remark: ./numeric-arithmetic.h:483:39466: vectorized loop (vectorization width: 2, interleaved count: 4) [-Rpass=loop-vectorize]
remark: ./numeric-arithmetic.h:483:39941: floating point conversion changes vector width. Mixed floating point precision requires an up/down cast that will negatively impact performance. [-Rpass-analysis=loop-vectorize]
remark: ./numeric-arithmetic.h:483:38483: vectorized loop (vectorization width: 4, interleaved count: 4) [-Rpass=loop-vectorize]
remark: ./numeric-arithmetic.h:483:57413: vectorized loop (vectorization width: 2, interleaved count: 4) [-Rpass=loop-vectorize]
remark: ./numeric-arithmetic.h:483:56450: the cost-model indicates that vectorization is not beneficial [-Rpass-missed=loop-vectorize]
remark: ./numeric-arithmetic.h:483:56450: the cost-model indicates that interleaving is not beneficial [-Rpass-missed=loop-vectorize]
remark: ./numeric-arithmetic.h:483:55471: the cost-model indicates that vectorization is not beneficial [-Rpass-missed=loop-vectorize]
remark: ./numeric-arithmetic.h:483:55471: the cost-model indicates that interleaving is not beneficial [-Rpass-missed=loop-vectorize]
remark: ./numeric-arithmetic.h:483:54508: vectorized loop (vectorization width: 2, interleaved count: 4) [-Rpass=loop-vectorize]
remark: ./numeric-arithmetic.h:483:61339: vectorized loop (vectorization width: 2, interleaved count: 4) [-Rpass=loop-vectorize]
remark: ./numeric-arithmetic.h:483:60376: the cost-model indicates that vectorization is not beneficial [-Rpass-missed=loop-vectorize]
remark: ./numeric-arithmetic.h:483:60376: the cost-model indicates that interleaving is not beneficial [-Rpass-missed=loop-vectorize]
remark: ./numeric-arithmetic.h:483:59397: the cost-model indicates that vectorization is not beneficial [-Rpass-missed=loop-vectorize]
remark: ./numeric-arithmetic.h:483:59397: the cost-model indicates that interleaving is not beneficial [-Rpass-missed=loop-vectorize]
remark: ./numeric-arithmetic.h:483:58434: vectorized loop (vectorization width: 2, interleaved count: 4) [-Rpass=loop-vectorize]
remark: ./numeric-arithmetic.h:483:53466: vectorized loop (vectorization width: 2, interleaved count: 4) [-Rpass=loop-vectorize]
remark: ./numeric-arithmetic.h:483:52503: the cost-model indicates that vectorization is not beneficial [-Rpass-missed=loop-vectorize]
remark: ./numeric-arithmetic.h:483:52503: the cost-model indicates that interleaving is not beneficial [-Rpass-missed=loop-vectorize]
remark: ./numeric-arithmetic.h:483:51524: the cost-model indicates that vectorization is not beneficial [-Rpass-missed=loop-vectorize]
remark: ./numeric-arithmetic.h:483:51524: the cost-model indicates that interleaving is not beneficial [-Rpass-missed=loop-vectorize]
remark: ./numeric-arithmetic.h:483:50561: vectorized loop (vectorization width: 2, interleaved count: 4) [-Rpass=loop-vectorize]
remark: ./numeric-arithmetic.h:483:0: loop not vectorized: call instruction cannot be vectorized [-Rpass-analysis=loop-vectorize]
remark: ./numeric-arithmetic.h:483:0: loop not vectorized: Cannot vectorize uncountable loop [-Rpass-analysis=loop-vectorize]
remark: ./numeric-arithmetic.h:483:0: loop not vectorized [-Rpass-missed=loop-vectorize]
remark: ./numeric-arithmetic.h:483:0: loop not vectorized: call instruction cannot be vectorized [-Rpass-analysis=loop-vectorize]
remark: ./numeric-arithmetic.h:483:0: loop not vectorized: Cannot vectorize uncountable loop [-Rpass-analysis=loop-vectorize]
remark: ./numeric-arithmetic.h:483:0: loop not vectorized [-Rpass-missed=loop-vectorize]
remark: ./numeric-arithmetic.h:483:0: loop not vectorized: call instruction cannot be vectorized [-Rpass-analysis=loop-vectorize]
remark: ./numeric-arithmetic.h:483:0: loop not vectorized: Cannot vectorize uncountable loop [-Rpass-analysis=loop-vectorize]
remark: ./numeric-arithmetic.h:483:0: loop not vectorized [-Rpass-missed=loop-vectorize]
remark: ./numeric-arithmetic.h:483:0: loop not vectorized: call instruction cannot be vectorized [-Rpass-analysis=loop-vectorize]
remark: ./numeric-arithmetic.h:483:0: loop not vectorized: Cannot vectorize uncountable loop [-Rpass-analysis=loop-vectorize]
remark: ./numeric-arithmetic.h:483:0: loop not vectorized [-Rpass-missed=loop-vectorize]
remark: ./numeric-arithmetic.h:483:0: loop not vectorized: call instruction cannot be vectorized [-Rpass-analysis=loop-vectorize]
remark: ./numeric-arithmetic.h:483:0: loop not vectorized: Cannot vectorize uncountable loop [-Rpass-analysis=loop-vectorize]
remark: ./numeric-arithmetic.h:483:0: loop not vectorized [-Rpass-missed=loop-vectorize]
remark: ./numeric-arithmetic.h:483:0: loop not vectorized: call instruction cannot be vectorized [-Rpass-analysis=loop-vectorize]
remark: ./numeric-arithmetic.h:483:0: loop not vectorized: Cannot vectorize uncountable loop [-Rpass-analysis=loop-vectorize]
remark: ./numeric-arithmetic.h:483:0: loop not vectorized [-Rpass-missed=loop-vectorize]
remark: ./numeric-arithmetic.h:483:0: loop not vectorized: call instruction cannot be vectorized [-Rpass-analysis=loop-vectorize]
remark: ./numeric-arithmetic.h:483:0: loop not vectorized: Cannot vectorize uncountable loop [-Rpass-analysis=loop-vectorize]
remark: ./numeric-arithmetic.h:483:0: loop not vectorized [-Rpass-missed=loop-vectorize]
remark: ./numeric-arithmetic.h:483:0: loop not vectorized: call instruction cannot be vectorized [-Rpass-analysis=loop-vectorize]
remark: ./numeric-arithmetic.h:483:0: loop not vectorized: Cannot vectorize uncountable loop [-Rpass-analysis=loop-vectorize]
remark: ./numeric-arithmetic.h:483:0: loop not vectorized [-Rpass-missed=loop-vectorize]
remark: ./numeric-arithmetic.h:483:65530: loop not vectorized: Cannot vectorize uncountable loop [-Rpass-analysis=loop-vectorize]
remark: ./numeric-arithmetic.h:483:65530: loop not vectorized [-Rpass-missed=loop-vectorize]
remark: ./numeric-arithmetic.h:483:64505: loop not vectorized: Cannot vectorize uncountable loop [-Rpass-analysis=loop-vectorize]
remark: ./numeric-arithmetic.h:483:64505: loop not vectorized [-Rpass-missed=loop-vectorize]
remark: ./numeric-arithmetic.h:483:63464: loop not vectorized: Cannot vectorize uncountable loop [-Rpass-analysis=loop-vectorize]
remark: ./numeric-arithmetic.h:483:63464: loop not vectorized [-Rpass-missed=loop-vectorize]
remark: ./numeric-arithmetic.h:483:62439: loop not vectorized: Cannot vectorize uncountable loop [-Rpass-analysis=loop-vectorize]
remark: ./numeric-arithmetic.h:483:62439: loop not vectorized [-Rpass-missed=loop-vectorize]
remark: ./numeric-arithmetic.h:483:0: loop not vectorized: call instruction cannot be vectorized [-Rpass-analysis=loop-vectorize]
remark: ./numeric-arithmetic.h:483:0: loop not vectorized [-Rpass-missed=loop-vectorize]
remark: ./numeric-arithmetic.h:483:0: loop not vectorized: call instruction cannot be vectorized [-Rpass-analysis=loop-vectorize]
remark: ./numeric-arithmetic.h:483:0: loop not vectorized [-Rpass-missed=loop-vectorize]
remark: ./numeric-arithmetic.h:483:0: loop not vectorized: call instruction cannot be vectorized [-Rpass-analysis=loop-vectorize]
remark: ./numeric-arithmetic.h:483:0: loop not vectorized [-Rpass-missed=loop-vectorize]
remark: ./numeric-arithmetic.h:483:0: loop not vectorized: call instruction cannot be vectorized [-Rpass-analysis=loop-vectorize]
remark: ./numeric-arithmetic.h:483:0: loop not vectorized [-Rpass-missed=loop-vectorize]
remark: ./numeric-arithmetic.h:483:0: loop not vectorized: call instruction cannot be vectorized [-Rpass-analysis=loop-vectorize]
remark: ./numeric-arithmetic.h:483:0: loop not vectorized [-Rpass-missed=loop-vectorize]
remark: ./numeric-arithmetic.h:483:0: loop not vectorized: call instruction cannot be vectorized [-Rpass-analysis=loop-vectorize]
remark: ./numeric-arithmetic.h:483:0: loop not vectorized [-Rpass-missed=loop-vectorize]
remark: ./numeric-arithmetic.h:483:0: loop not vectorized: call instruction cannot be vectorized [-Rpass-analysis=loop-vectorize]
remark: ./numeric-arithmetic.h:483:0: loop not vectorized [-Rpass-missed=loop-vectorize]
remark: ./numeric-arithmetic.h:483:0: loop not vectorized: call instruction cannot be vectorized [-Rpass-analysis=loop-vectorize]
remark: ./numeric-arithmetic.h:483:0: loop not vectorized [-Rpass-missed=loop-vectorize]
remark: ./numeric-arithmetic.h:483:0: vectorized loop (vectorization width: 2, interleaved count: 2) [-Rpass=loop-vectorize]
remark: ./numeric-arithmetic.h:483:0: vectorized loop (vectorization width: 2, interleaved count: 4) [-Rpass=loop-vectorize]
remark: ./numeric-arithmetic.h:483:0: vectorized loop (vectorization width: 2, interleaved count: 4) [-Rpass=loop-vectorize]
remark: ./numeric-arithmetic.h:483:0: vectorized loop (vectorization width: 8, interleaved count: 4) [-Rpass=loop-vectorize]
remark: ./numeric-arithmetic.h:483:0: loop not vectorized: call instruction cannot be vectorized [-Rpass-analysis=loop-vectorize]
remark: ./numeric-arithmetic.h:483:0: loop not vectorized [-Rpass-missed=loop-vectorize]
remark: ./numeric-arithmetic.h:483:0: loop not vectorized: call instruction cannot be vectorized [-Rpass-analysis=loop-vectorize]
remark: ./numeric-arithmetic.h:483:0: loop not vectorized [-Rpass-missed=loop-vectorize]
remark: ./numeric-arithmetic.h:483:0: loop not vectorized: call instruction cannot be vectorized [-Rpass-analysis=loop-vectorize]
remark: ./numeric-arithmetic.h:483:0: loop not vectorized [-Rpass-missed=loop-vectorize]
remark: ./numeric-arithmetic.h:483:0: loop not vectorized: call instruction cannot be vectorized [-Rpass-analysis=loop-vectorize]
remark: ./numeric-arithmetic.h:483:0: loop not vectorized [-Rpass-missed=loop-vectorize]
remark: ./numeric-arithmetic.h:483:0: loop not vectorized: call instruction cannot be vectorized [-Rpass-analysis=loop-vectorize]
remark: ./numeric-arithmetic.h:483:0: loop not vectorized [-Rpass-missed=loop-vectorize]
remark: ./numeric-arithmetic.h:483:0: loop not vectorized: call instruction cannot be vectorized [-Rpass-analysis=loop-vectorize]
remark: ./numeric-arithmetic.h:483:0: loop not vectorized [-Rpass-missed=loop-vectorize]
remark: ./numeric-arithmetic.h:483:0: loop not vectorized: call instruction cannot be vectorized [-Rpass-analysis=loop-vectorize]
remark: ./numeric-arithmetic.h:483:0: loop not vectorized [-Rpass-missed=loop-vectorize]
remark: ./numeric-arithmetic.h:483:0: loop not vectorized: call instruction cannot be vectorized [-Rpass-analysis=loop-vectorize]
remark: ./numeric-arithmetic.h:483:0: loop not vectorized [-Rpass-missed=loop-vectorize]
remark: ./numeric-arithmetic.h:483:0: vectorized loop (vectorization width: 2, interleaved count: 2) [-Rpass=loop-vectorize]
remark: ./numeric-arithmetic.h:483:0: vectorized loop (vectorization width: 2, interleaved count: 4) [-Rpass=loop-vectorize]
remark: ./numeric-arithmetic.h:483:0: vectorized loop (vectorization width: 2, interleaved count: 4) [-Rpass=loop-vectorize]
remark: ./numeric-arithmetic.h:483:0: vectorized loop (vectorization width: 4, interleaved count: 4) [-Rpass=loop-vectorize]
remark: ./numeric-arithmetic.h:483:0: loop not vectorized: call instruction cannot be vectorized [-Rpass-analysis=loop-vectorize]
remark: ./numeric-arithmetic.h:483:0: loop not vectorized [-Rpass-missed=loop-vectorize]
remark: ./numeric-arithmetic.h:483:0: loop not vectorized: call instruction cannot be vectorized [-Rpass-analysis=loop-vectorize]
remark: ./numeric-arithmetic.h:483:0: loop not vectorized [-Rpass-missed=loop-vectorize]
remark: ./numeric-arithmetic.h:483:0: loop not vectorized: call instruction cannot be vectorized [-Rpass-analysis=loop-vectorize]
remark: ./numeric-arithmetic.h:483:0: loop not vectorized [-Rpass-missed=loop-vectorize]
remark: ./numeric-arithmetic.h:483:0: loop not vectorized: call instruction cannot be vectorized [-Rpass-analysis=loop-vectorize]
remark: ./numeric-arithmetic.h:483:0: loop not vectorized [-Rpass-missed=loop-vectorize]
remark: ./numeric-arithmetic.h:483:0: loop not vectorized: call instruction cannot be vectorized [-Rpass-analysis=loop-vectorize]
remark: ./numeric-arithmetic.h:483:0: loop not vectorized [-Rpass-missed=loop-vectorize]
remark: ./numeric-arithmetic.h:483:0: loop not vectorized: call instruction cannot be vectorized [-Rpass-analysis=loop-vectorize]
remark: ./numeric-arithmetic.h:483:0: loop not vectorized [-Rpass-missed=loop-vectorize]
remark: ./numeric-arithmetic.h:483:0: loop not vectorized: call instruction cannot be vectorized [-Rpass-analysis=loop-vectorize]
remark: ./numeric-arithmetic.h:483:0: loop not vectorized [-Rpass-missed=loop-vectorize]
remark: ./numeric-arithmetic.h:483:0: loop not vectorized: call instruction cannot be vectorized [-Rpass-analysis=loop-vectorize]
remark: ./numeric-arithmetic.h:483:0: loop not vectorized [-Rpass-missed=loop-vectorize]
remark: ./numeric-arithmetic.h:483:0: vectorized loop (vectorization width: 2, interleaved count: 2) [-Rpass=loop-vectorize]
remark: ./numeric-arithmetic.h:483:0: floating point conversion changes vector width. Mixed floating point precision requires an up/down cast that will negatively impact performance. [-Rpass-analysis=loop-vectorize]
remark: ./numeric-arithmetic.h:483:0: floating point conversion changes vector width. Mixed floating point precision requires an up/down cast that will negatively impact performance. [-Rpass-analysis=loop-vectorize]
remark: ./numeric-arithmetic.h:483:0: vectorized loop (vectorization width: 2, interleaved count: 4) [-Rpass=loop-vectorize]
remark: ./numeric-arithmetic.h:483:0: floating point conversion changes vector width. Mixed floating point precision requires an up/down cast that will negatively impact performance. [-Rpass-analysis=loop-vectorize]
remark: ./numeric-arithmetic.h:483:0: vectorized loop (vectorization width: 2, interleaved count: 4) [-Rpass=loop-vectorize]
remark: ./numeric-arithmetic.h:483:0: floating point conversion changes vector width. Mixed floating point precision requires an up/down cast that will negatively impact performance. [-Rpass-analysis=loop-vectorize]
remark: ./numeric-arithmetic.h:483:0: vectorized loop (vectorization width: 4, interleaved count: 4) [-Rpass=loop-vectorize]
remark: ./numeric-arithmetic.h:483:0: vectorized loop (vectorization width: 2, interleaved count: 4) [-Rpass=loop-vectorize]
remark: ./numeric-arithmetic.h:483:0: the cost-model indicates that vectorization is not beneficial [-Rpass-missed=loop-vectorize]
remark: ./numeric-arithmetic.h:483:0: the cost-model indicates that interleaving is not beneficial [-Rpass-missed=loop-vectorize]
remark: ./numeric-arithmetic.h:483:0: the cost-model indicates that vectorization is not beneficial [-Rpass-missed=loop-vectorize]
remark: ./numeric-arithmetic.h:483:0: the cost-model indicates that interleaving is not beneficial [-Rpass-missed=loop-vectorize]
remark: ./numeric-arithmetic.h:483:0: vectorized loop (vectorization width: 2, interleaved count: 4) [-Rpass=loop-vectorize]
remark: ./numeric-arithmetic.h:483:0: vectorized loop (vectorization width: 2, interleaved count: 4) [-Rpass=loop-vectorize]
remark: ./numeric-arithmetic.h:483:0: the cost-model indicates that vectorization is not beneficial [-Rpass-missed=loop-vectorize]
remark: ./numeric-arithmetic.h:483:0: the cost-model indicates that interleaving is not beneficial [-Rpass-missed=loop-vectorize]
remark: ./numeric-arithmetic.h:483:0: the cost-model indicates that vectorization is not beneficial [-Rpass-missed=loop-vectorize]
remark: ./numeric-arithmetic.h:483:0: the cost-model indicates that interleaving is not beneficial [-Rpass-missed=loop-vectorize]
remark: ./numeric-arithmetic.h:483:0: vectorized loop (vectorization width: 2, interleaved count: 4) [-Rpass=loop-vectorize]
remark: ./numeric-arithmetic.h:483:0: vectorized loop (vectorization width: 2, interleaved count: 4) [-Rpass=loop-vectorize]
remark: ./numeric-arithmetic.h:483:0: the cost-model indicates that vectorization is not beneficial [-Rpass-missed=loop-vectorize]
remark: ./numeric-arithmetic.h:483:0: the cost-model indicates that interleaving is not beneficial [-Rpass-missed=loop-vectorize]
remark: ./numeric-arithmetic.h:483:0: the cost-model indicates that vectorization is not beneficial [-Rpass-missed=loop-vectorize]
remark: ./numeric-arithmetic.h:483:0: the cost-model indicates that interleaving is not beneficial [-Rpass-missed=loop-vectorize]
remark: ./numeric-arithmetic.h:483:0: vectorized loop (vectorization width: 2, interleaved count: 4) [-Rpass=loop-vectorize]
remark: ./numeric-arithmetic.h:483:0: loop not vectorized: call instruction cannot be vectorized [-Rpass-analysis=loop-vectorize]
remark: ./numeric-arithmetic.h:483:0: loop not vectorized: Cannot vectorize uncountable loop [-Rpass-analysis=loop-vectorize]
remark: ./numeric-arithmetic.h:483:0: loop not vectorized [-Rpass-missed=loop-vectorize]
remark: ./numeric-arithmetic.h:483:0: loop not vectorized: call instruction cannot be vectorized [-Rpass-analysis=loop-vectorize]
remark: ./numeric-arithmetic.h:483:0: loop not vectorized: Cannot vectorize uncountable loop [-Rpass-analysis=loop-vectorize]
remark: ./numeric-arithmetic.h:483:0: loop not vectorized [-Rpass-missed=loop-vectorize]
remark: ./numeric-arithmetic.h:483:0: loop not vectorized: call instruction cannot be vectorized [-Rpass-analysis=loop-vectorize]
remark: ./numeric-arithmetic.h:483:0: loop not vectorized: Cannot vectorize uncountable loop [-Rpass-analysis=loop-vectorize]
remark: ./numeric-arithmetic.h:483:0: loop not vectorized [-Rpass-missed=loop-vectorize]
remark: ./numeric-arithmetic.h:483:0: loop not vectorized: call instruction cannot be vectorized [-Rpass-analysis=loop-vectorize]
remark: ./numeric-arithmetic.h:483:0: loop not vectorized: Cannot vectorize uncountable loop [-Rpass-analysis=loop-vectorize]
remark: ./numeric-arithmetic.h:483:0: loop not vectorized [-Rpass-missed=loop-vectorize]
remark: ./numeric-arithmetic.h:483:0: loop not vectorized: call instruction cannot be vectorized [-Rpass-analysis=loop-vectorize]
remark: ./numeric-arithmetic.h:483:0: loop not vectorized: Cannot vectorize uncountable loop [-Rpass-analysis=loop-vectorize]
remark: ./numeric-arithmetic.h:483:0: loop not vectorized [-Rpass-missed=loop-vectorize]
remark: ./numeric-arithmetic.h:483:0: loop not vectorized: call instruction cannot be vectorized [-Rpass-analysis=loop-vectorize]
remark: ./numeric-arithmetic.h:483:0: loop not vectorized: Cannot vectorize uncountable loop [-Rpass-analysis=loop-vectorize]
remark: ./numeric-arithmetic.h:483:0: loop not vectorized [-Rpass-missed=loop-vectorize]
remark: ./numeric-arithmetic.h:483:0: loop not vectorized: call instruction cannot be vectorized [-Rpass-analysis=loop-vectorize]
remark: ./numeric-arithmetic.h:483:0: loop not vectorized: Cannot vectorize uncountable loop [-Rpass-analysis=loop-vectorize]
remark: ./numeric-arithmetic.h:483:0: loop not vectorized [-Rpass-missed=loop-vectorize]
remark: ./numeric-arithmetic.h:483:0: loop not vectorized: call instruction cannot be vectorized [-Rpass-analysis=loop-vectorize]
remark: ./numeric-arithmetic.h:483:0: loop not vectorized: Cannot vectorize uncountable loop [-Rpass-analysis=loop-vectorize]
remark: ./numeric-arithmetic.h:483:0: loop not vectorized [-Rpass-missed=loop-vectorize]
remark: ./numeric-arithmetic.h:483:0: loop not vectorized: Cannot vectorize uncountable loop [-Rpass-analysis=loop-vectorize]
remark: ./numeric-arithmetic.h:483:0: loop not vectorized [-Rpass-missed=loop-vectorize]
remark: ./numeric-arithmetic.h:483:0: loop not vectorized: Cannot vectorize uncountable loop [-Rpass-analysis=loop-vectorize]
remark: ./numeric-arithmetic.h:483:0: loop not vectorized [-Rpass-missed=loop-vectorize]
remark: ./numeric-arithmetic.h:483:0: loop not vectorized: Cannot vectorize uncountable loop [-Rpass-analysis=loop-vectorize]
remark: ./numeric-arithmetic.h:483:0: loop not vectorized [-Rpass-missed=loop-vectorize]
remark: ./numeric-arithmetic.h:483:0: loop not vectorized: Cannot vectorize uncountable loop [-Rpass-analysis=loop-vectorize]
remark: ./numeric-arithmetic.h:483:0: loop not vectorized [-Rpass-missed=loop-vectorize]
remark: ./numeric-arithmetic.h:483:0: loop not vectorized: call instruction cannot be vectorized [-Rpass-analysis=loop-vectorize]
remark: ./numeric-arithmetic.h:483:0: loop not vectorized [-Rpass-missed=loop-vectorize]
remark: ./numeric-arithmetic.h:483:0: loop not vectorized: call instruction cannot be vectorized [-Rpass-analysis=loop-vectorize]
remark: ./numeric-arithmetic.h:483:0: loop not vectorized [-Rpass-missed=loop-vectorize]
remark: ./numeric-arithmetic.h:483:0: loop not vectorized: call instruction cannot be vectorized [-Rpass-analysis=loop-vectorize]
remark: ./numeric-arithmetic.h:483:0: loop not vectorized [-Rpass-missed=loop-vectorize]
remark: ./numeric-arithmetic.h:483:0: loop not vectorized: call instruction cannot be vectorized [-Rpass-analysis=loop-vectorize]
remark: ./numeric-arithmetic.h:483:0: loop not vectorized [-Rpass-missed=loop-vectorize]
remark: ./numeric-arithmetic.h:483:0: loop not vectorized: call instruction cannot be vectorized [-Rpass-analysis=loop-vectorize]
remark: ./numeric-arithmetic.h:483:0: loop not vectorized [-Rpass-missed=loop-vectorize]
remark: ./numeric-arithmetic.h:483:0: loop not vectorized: call instruction cannot be vectorized [-Rpass-analysis=loop-vectorize]
remark: ./numeric-arithmetic.h:483:0: loop not vectorized [-Rpass-missed=loop-vectorize]
remark: ./numeric-arithmetic.h:483:0: loop not vectorized: call instruction cannot be vectorized [-Rpass-analysis=loop-vectorize]
remark: ./numeric-arithmetic.h:483:0: loop not vectorized [-Rpass-missed=loop-vectorize]
remark: ./numeric-arithmetic.h:483:0: loop not vectorized: call instruction cannot be vectorized [-Rpass-analysis=loop-vectorize]
remark: ./numeric-arithmetic.h:483:0: loop not vectorized [-Rpass-missed=loop-vectorize]
remark: ./numeric-arithmetic.h:483:0: vectorized loop (vectorization width: 2, interleaved count: 2) [-Rpass=loop-vectorize]
remark: ./numeric-arithmetic.h:483:0: vectorized loop (vectorization width: 2, interleaved count: 4) [-Rpass=loop-vectorize]
remark: ./numeric-arithmetic.h:483:0: vectorized loop (vectorization width: 2, interleaved count: 4) [-Rpass=loop-vectorize]
remark: ./numeric-arithmetic.h:483:0: vectorized loop (vectorization width: 8, interleaved count: 4) [-Rpass=loop-vectorize]
remark: ./numeric-arithmetic.h:483:0: loop not vectorized: call instruction cannot be vectorized [-Rpass-analysis=loop-vectorize]
remark: ./numeric-arithmetic.h:483:0: loop not vectorized [-Rpass-missed=loop-vectorize]
remark: ./numeric-arithmetic.h:483:0: loop not vectorized: call instruction cannot be vectorized [-Rpass-analysis=loop-vectorize]
remark: ./numeric-arithmetic.h:483:0: loop not vectorized [-Rpass-missed=loop-vectorize]
remark: ./numeric-arithmetic.h:483:0: loop not vectorized: call instruction cannot be vectorized [-Rpass-analysis=loop-vectorize]
remark: ./numeric-arithmetic.h:483:0: loop not vectorized [-Rpass-missed=loop-vectorize]
remark: ./numeric-arithmetic.h:483:0: loop not vectorized: call instruction cannot be vectorized [-Rpass-analysis=loop-vectorize]
remark: ./numeric-arithmetic.h:483:0: loop not vectorized [-Rpass-missed=loop-vectorize]
remark: ./numeric-arithmetic.h:483:0: loop not vectorized: call instruction cannot be vectorized [-Rpass-analysis=loop-vectorize]
remark: ./numeric-arithmetic.h:483:0: loop not vectorized [-Rpass-missed=loop-vectorize]
remark: ./numeric-arithmetic.h:483:0: loop not vectorized: call instruction cannot be vectorized [-Rpass-analysis=loop-vectorize]
remark: ./numeric-arithmetic.h:483:0: loop not vectorized [-Rpass-missed=loop-vectorize]
remark: ./numeric-arithmetic.h:483:0: loop not vectorized: call instruction cannot be vectorized [-Rpass-analysis=loop-vectorize]
remark: ./numeric-arithmetic.h:483:0: loop not vectorized [-Rpass-missed=loop-vectorize]
remark: ./numeric-arithmetic.h:483:0: loop not vectorized: call instruction cannot be vectorized [-Rpass-analysis=loop-vectorize]
remark: ./numeric-arithmetic.h:483:0: loop not vectorized [-Rpass-missed=loop-vectorize]
remark: ./numeric-arithmetic.h:483:0: vectorized loop (vectorization width: 2, interleaved count: 2) [-Rpass=loop-vectorize]
remark: ./numeric-arithmetic.h:483:0: vectorized loop (vectorization width: 2, interleaved count: 4) [-Rpass=loop-vectorize]
remark: ./numeric-arithmetic.h:483:0: vectorized loop (vectorization width: 2, interleaved count: 4) [-Rpass=loop-vectorize]
remark: ./numeric-arithmetic.h:483:0: vectorized loop (vectorization width: 4, interleaved count: 4) [-Rpass=loop-vectorize]
remark: ./numeric-arithmetic.h:483:0: loop not vectorized: call instruction cannot be vectorized [-Rpass-analysis=loop-vectorize]
remark: ./numeric-arithmetic.h:483:0: loop not vectorized [-Rpass-missed=loop-vectorize]
remark: ./numeric-arithmetic.h:483:0: loop not vectorized: call instruction cannot be vectorized [-Rpass-analysis=loop-vectorize]
remark: ./numeric-arithmetic.h:483:0: loop not vectorized [-Rpass-missed=loop-vectorize]
remark: ./numeric-arithmetic.h:483:0: loop not vectorized: call instruction cannot be vectorized [-Rpass-analysis=loop-vectorize]
remark: ./numeric-arithmetic.h:483:0: loop not vectorized [-Rpass-missed=loop-vectorize]
remark: ./numeric-arithmetic.h:483:0: loop not vectorized: call instruction cannot be vectorized [-Rpass-analysis=loop-vectorize]
remark: ./numeric-arithmetic.h:483:0: loop not vectorized [-Rpass-missed=loop-vectorize]
remark: ./numeric-arithmetic.h:483:0: loop not vectorized: call instruction cannot be vectorized [-Rpass-analysis=loop-vectorize]
remark: ./numeric-arithmetic.h:483:0: loop not vectorized [-Rpass-missed=loop-vectorize]
remark: ./numeric-arithmetic.h:483:0: loop not vectorized: call instruction cannot be vectorized [-Rpass-analysis=loop-vectorize]
remark: ./numeric-arithmetic.h:483:0: loop not vectorized [-Rpass-missed=loop-vectorize]
remark: ./numeric-arithmetic.h:483:0: loop not vectorized: call instruction cannot be vectorized [-Rpass-analysis=loop-vectorize]
remark: ./numeric-arithmetic.h:483:0: loop not vectorized [-Rpass-missed=loop-vectorize]
remark: ./numeric-arithmetic.h:483:0: loop not vectorized: call instruction cannot be vectorized [-Rpass-analysis=loop-vectorize]
remark: ./numeric-arithmetic.h:483:0: loop not vectorized [-Rpass-missed=loop-vectorize]
remark: ./numeric-arithmetic.h:483:0: vectorized loop (vectorization width: 2, interleaved count: 2) [-Rpass=loop-vectorize]
remark: ./numeric-arithmetic.h:483:0: floating point conversion changes vector width. Mixed floating point precision requires an up/down cast that will negatively impact performance. [-Rpass-analysis=loop-vectorize]
remark: ./numeric-arithmetic.h:483:0: floating point conversion changes vector width. Mixed floating point precision requires an up/down cast that will negatively impact performance. [-Rpass-analysis=loop-vectorize]
remark: ./numeric-arithmetic.h:483:0: vectorized loop (vectorization width: 2, interleaved count: 4) [-Rpass=loop-vectorize]
remark: ./numeric-arithmetic.h:483:0: floating point conversion changes vector width. Mixed floating point precision requires an up/down cast that will negatively impact performance. [-Rpass-analysis=loop-vectorize]
remark: ./numeric-arithmetic.h:483:0: vectorized loop (vectorization width: 2, interleaved count: 4) [-Rpass=loop-vectorize]
remark: ./numeric-arithmetic.h:483:0: floating point conversion changes vector width. Mixed floating point precision requires an up/down cast that will negatively impact performance. [-Rpass-analysis=loop-vectorize]
remark: ./numeric-arithmetic.h:483:0: vectorized loop (vectorization width: 4, interleaved count: 4) [-Rpass=loop-vectorize]
remark: ./numeric-arithmetic.h:483:0: vectorized loop (vectorization width: 2, interleaved count: 4) [-Rpass=loop-vectorize]
remark: ./numeric-arithmetic.h:483:0: the cost-model indicates that vectorization is not beneficial [-Rpass-missed=loop-vectorize]
remark: ./numeric-arithmetic.h:483:0: the cost-model indicates that interleaving is not beneficial [-Rpass-missed=loop-vectorize]
remark: ./numeric-arithmetic.h:483:0: the cost-model indicates that vectorization is not beneficial [-Rpass-missed=loop-vectorize]
remark: ./numeric-arithmetic.h:483:0: the cost-model indicates that interleaving is not beneficial [-Rpass-missed=loop-vectorize]
remark: ./numeric-arithmetic.h:483:0: vectorized loop (vectorization width: 2, interleaved count: 4) [-Rpass=loop-vectorize]
remark: ./numeric-arithmetic.h:483:0: vectorized loop (vectorization width: 2, interleaved count: 4) [-Rpass=loop-vectorize]
remark: ./numeric-arithmetic.h:483:0: the cost-model indicates that vectorization is not beneficial [-Rpass-missed=loop-vectorize]
remark: ./numeric-arithmetic.h:483:0: the cost-model indicates that interleaving is not beneficial [-Rpass-missed=loop-vectorize]
remark: ./numeric-arithmetic.h:483:0: the cost-model indicates that vectorization is not beneficial [-Rpass-missed=loop-vectorize]
remark: ./numeric-arithmetic.h:483:0: the cost-model indicates that interleaving is not beneficial [-Rpass-missed=loop-vectorize]
remark: ./numeric-arithmetic.h:483:0: vectorized loop (vectorization width: 2, interleaved count: 4) [-Rpass=loop-vectorize]
remark: ./numeric-arithmetic.h:483:0: vectorized loop (vectorization width: 2, interleaved count: 4) [-Rpass=loop-vectorize]
remark: ./numeric-arithmetic.h:483:0: the cost-model indicates that vectorization is not beneficial [-Rpass-missed=loop-vectorize]
remark: ./numeric-arithmetic.h:483:0: the cost-model indicates that interleaving is not beneficial [-Rpass-missed=loop-vectorize]
remark: ./numeric-arithmetic.h:483:0: the cost-model indicates that vectorization is not beneficial [-Rpass-missed=loop-vectorize]
remark: ./numeric-arithmetic.h:483:0: the cost-model indicates that interleaving is not beneficial [-Rpass-missed=loop-vectorize]
remark: ./numeric-arithmetic.h:483:0: vectorized loop (vectorization width: 2, interleaved count: 4) [-Rpass=loop-vectorize]
remark: ./numeric-arithmetic.h:483:0: loop not vectorized: call instruction cannot be vectorized [-Rpass-analysis=loop-vectorize]
remark: ./numeric-arithmetic.h:483:0: loop not vectorized: Cannot vectorize uncountable loop [-Rpass-analysis=loop-vectorize]
remark: ./numeric-arithmetic.h:483:0: loop not vectorized [-Rpass-missed=loop-vectorize]
remark: ./numeric-arithmetic.h:483:0: loop not vectorized: call instruction cannot be vectorized [-Rpass-analysis=loop-vectorize]
remark: ./numeric-arithmetic.h:483:0: loop not vectorized: Cannot vectorize uncountable loop [-Rpass-analysis=loop-vectorize]
remark: ./numeric-arithmetic.h:483:0: loop not vectorized [-Rpass-missed=loop-vectorize]
remark: ./numeric-arithmetic.h:483:0: loop not vectorized: call instruction cannot be vectorized [-Rpass-analysis=loop-vectorize]
remark: ./numeric-arithmetic.h:483:0: loop not vectorized: Cannot vectorize uncountable loop [-Rpass-analysis=loop-vectorize]
remark: ./numeric-arithmetic.h:483:0: loop not vectorized [-Rpass-missed=loop-vectorize]
remark: ./numeric-arithmetic.h:483:0: loop not vectorized: call instruction cannot be vectorized [-Rpass-analysis=loop-vectorize]
remark: ./numeric-arithmetic.h:483:0: loop not vectorized: Cannot vectorize uncountable loop [-Rpass-analysis=loop-vectorize]
remark: ./numeric-arithmetic.h:483:0: loop not vectorized [-Rpass-missed=loop-vectorize]
remark: ./numeric-arithmetic.h:483:0: loop not vectorized: call instruction cannot be vectorized [-Rpass-analysis=loop-vectorize]
remark: ./numeric-arithmetic.h:483:0: loop not vectorized: Cannot vectorize uncountable loop [-Rpass-analysis=loop-vectorize]
remark: ./numeric-arithmetic.h:483:0: loop not vectorized [-Rpass-missed=loop-vectorize]
remark: ./numeric-arithmetic.h:483:0: loop not vectorized: call instruction cannot be vectorized [-Rpass-analysis=loop-vectorize]
remark: ./numeric-arithmetic.h:483:0: loop not vectorized: Cannot vectorize uncountable loop [-Rpass-analysis=loop-vectorize]
remark: ./numeric-arithmetic.h:483:0: loop not vectorized [-Rpass-missed=loop-vectorize]
remark: ./numeric-arithmetic.h:483:0: loop not vectorized: call instruction cannot be vectorized [-Rpass-analysis=loop-vectorize]
remark: ./numeric-arithmetic.h:483:0: loop not vectorized: Cannot vectorize uncountable loop [-Rpass-analysis=loop-vectorize]
remark: ./numeric-arithmetic.h:483:0: loop not vectorized [-Rpass-missed=loop-vectorize]
remark: ./numeric-arithmetic.h:483:0: loop not vectorized: call instruction cannot be vectorized [-Rpass-analysis=loop-vectorize]
remark: ./numeric-arithmetic.h:483:0: loop not vectorized: Cannot vectorize uncountable loop [-Rpass-analysis=loop-vectorize]
remark: ./numeric-arithmetic.h:483:0: loop not vectorized [-Rpass-missed=loop-vectorize]
remark: ./numeric-arithmetic.h:483:0: loop not vectorized: Cannot vectorize uncountable loop [-Rpass-analysis=loop-vectorize]
remark: ./numeric-arithmetic.h:483:0: loop not vectorized [-Rpass-missed=loop-vectorize]
remark: ./numeric-arithmetic.h:483:0: loop not vectorized: Cannot vectorize uncountable loop [-Rpass-analysis=loop-vectorize]
remark: ./numeric-arithmetic.h:483:0: loop not vectorized [-Rpass-missed=loop-vectorize]
remark: ./numeric-arithmetic.h:483:0: loop not vectorized: Cannot vectorize uncountable loop [-Rpass-analysis=loop-vectorize]
remark: ./numeric-arithmetic.h:483:0: loop not vectorized [-Rpass-missed=loop-vectorize]
remark: ./numeric-arithmetic.h:483:0: loop not vectorized: Cannot vectorize uncountable loop [-Rpass-analysis=loop-vectorize]
remark: ./numeric-arithmetic.h:483:0: loop not vectorized [-Rpass-missed=loop-vectorize]
remark: ./numeric-arithmetic.h:483:0: loop not vectorized: call instruction cannot be vectorized [-Rpass-analysis=loop-vectorize]
remark: ./numeric-arithmetic.h:483:0: loop not vectorized [-Rpass-missed=loop-vectorize]
remark: ./numeric-arithmetic.h:483:0: loop not vectorized: call instruction cannot be vectorized [-Rpass-analysis=loop-vectorize]
remark: ./numeric-arithmetic.h:483:0: loop not vectorized [-Rpass-missed=loop-vectorize]
remark: ./numeric-arithmetic.h:483:0: loop not vectorized: call instruction cannot be vectorized [-Rpass-analysis=loop-vectorize]
remark: ./numeric-arithmetic.h:483:0: loop not vectorized [-Rpass-missed=loop-vectorize]
remark: ./numeric-arithmetic.h:483:0: loop not vectorized: call instruction cannot be vectorized [-Rpass-analysis=loop-vectorize]
remark: ./numeric-arithmetic.h:483:0: loop not vectorized [-Rpass-missed=loop-vectorize]
remark: ./numeric-arithmetic.h:483:0: loop not vectorized: call instruction cannot be vectorized [-Rpass-analysis=loop-vectorize]
remark: ./numeric-arithmetic.h:483:0: loop not vectorized [-Rpass-missed=loop-vectorize]
remark: ./numeric-arithmetic.h:483:0: loop not vectorized: call instruction cannot be vectorized [-Rpass-analysis=loop-vectorize]
remark: ./numeric-arithmetic.h:483:0: loop not vectorized [-Rpass-missed=loop-vectorize]
remark: ./numeric-arithmetic.h:483:0: loop not vectorized: call instruction cannot be vectorized [-Rpass-analysis=loop-vectorize]
remark: ./numeric-arithmetic.h:483:0: loop not vectorized [-Rpass-missed=loop-vectorize]
remark: ./numeric-arithmetic.h:483:0: loop not vectorized: call instruction cannot be vectorized [-Rpass-analysis=loop-vectorize]
remark: ./numeric-arithmetic.h:483:0: loop not vectorized [-Rpass-missed=loop-vectorize]
remark: ./numeric-arithmetic.h:483:0: vectorized loop (vectorization width: 2, interleaved count: 2) [-Rpass=loop-vectorize]
remark: ./numeric-arithmetic.h:483:0: vectorized loop (vectorization width: 2, interleaved count: 4) [-Rpass=loop-vectorize]
remark: ./numeric-arithmetic.h:483:0: vectorized loop (vectorization width: 2, interleaved count: 4) [-Rpass=loop-vectorize]
remark: ./numeric-arithmetic.h:483:0: vectorized loop (vectorization width: 8, interleaved count: 4) [-Rpass=loop-vectorize]
remark: ./numeric-arithmetic.h:483:0: loop not vectorized: call instruction cannot be vectorized [-Rpass-analysis=loop-vectorize]
remark: ./numeric-arithmetic.h:483:0: loop not vectorized [-Rpass-missed=loop-vectorize]
remark: ./numeric-arithmetic.h:483:0: loop not vectorized: call instruction cannot be vectorized [-Rpass-analysis=loop-vectorize]
remark: ./numeric-arithmetic.h:483:0: loop not vectorized [-Rpass-missed=loop-vectorize]
remark: ./numeric-arithmetic.h:483:0: loop not vectorized: call instruction cannot be vectorized [-Rpass-analysis=loop-vectorize]
remark: ./numeric-arithmetic.h:483:0: loop not vectorized [-Rpass-missed=loop-vectorize]
remark: ./numeric-arithmetic.h:483:0: loop not vectorized: call instruction cannot be vectorized [-Rpass-analysis=loop-vectorize]
remark: ./numeric-arithmetic.h:483:0: loop not vectorized [-Rpass-missed=loop-vectorize]
remark: ./numeric-arithmetic.h:483:0: loop not vectorized: call instruction cannot be vectorized [-Rpass-analysis=loop-vectorize]
remark: ./numeric-arithmetic.h:483:0: loop not vectorized [-Rpass-missed=loop-vectorize]
remark: ./numeric-arithmetic.h:483:0: loop not vectorized: call instruction cannot be vectorized [-Rpass-analysis=loop-vectorize]
remark: ./numeric-arithmetic.h:483:0: loop not vectorized [-Rpass-missed=loop-vectorize]
remark: ./numeric-arithmetic.h:483:0: loop not vectorized: call instruction cannot be vectorized [-Rpass-analysis=loop-vectorize]
remark: ./numeric-arithmetic.h:483:0: loop not vectorized [-Rpass-missed=loop-vectorize]
remark: ./numeric-arithmetic.h:483:0: loop not vectorized: call instruction cannot be vectorized [-Rpass-analysis=loop-vectorize]
remark: ./numeric-arithmetic.h:483:0: loop not vectorized [-Rpass-missed=loop-vectorize]
remark: ./numeric-arithmetic.h:483:0: vectorized loop (vectorization width: 2, interleaved count: 2) [-Rpass=loop-vectorize]
remark: ./numeric-arithmetic.h:483:0: vectorized loop (vectorization width: 2, interleaved count: 4) [-Rpass=loop-vectorize]
remark: ./numeric-arithmetic.h:483:0: vectorized loop (vectorization width: 2, interleaved count: 4) [-Rpass=loop-vectorize]
remark: ./numeric-arithmetic.h:483:0: vectorized loop (vectorization width: 4, interleaved count: 4) [-Rpass=loop-vectorize]
remark: ./numeric-arithmetic.h:483:0: loop not vectorized: call instruction cannot be vectorized [-Rpass-analysis=loop-vectorize]
remark: ./numeric-arithmetic.h:483:0: loop not vectorized [-Rpass-missed=loop-vectorize]
remark: ./numeric-arithmetic.h:483:0: loop not vectorized: call instruction cannot be vectorized [-Rpass-analysis=loop-vectorize]
remark: ./numeric-arithmetic.h:483:0: loop not vectorized [-Rpass-missed=loop-vectorize]
remark: ./numeric-arithmetic.h:483:0: loop not vectorized: call instruction cannot be vectorized [-Rpass-analysis=loop-vectorize]
remark: ./numeric-arithmetic.h:483:0: loop not vectorized [-Rpass-missed=loop-vectorize]
remark: ./numeric-arithmetic.h:483:0: loop not vectorized: call instruction cannot be vectorized [-Rpass-analysis=loop-vectorize]
remark: ./numeric-arithmetic.h:483:0: loop not vectorized [-Rpass-missed=loop-vectorize]
remark: ./numeric-arithmetic.h:483:0: loop not vectorized: call instruction cannot be vectorized [-Rpass-analysis=loop-vectorize]
remark: ./numeric-arithmetic.h:483:0: loop not vectorized [-Rpass-missed=loop-vectorize]
remark: ./numeric-arithmetic.h:483:0: loop not vectorized: call instruction cannot be vectorized [-Rpass-analysis=loop-vectorize]
remark: ./numeric-arithmetic.h:483:0: loop not vectorized [-Rpass-missed=loop-vectorize]
remark: ./numeric-arithmetic.h:483:0: loop not vectorized: call instruction cannot be vectorized [-Rpass-analysis=loop-vectorize]
remark: ./numeric-arithmetic.h:483:0: loop not vectorized [-Rpass-missed=loop-vectorize]
remark: ./numeric-arithmetic.h:483:0: loop not vectorized: call instruction cannot be vectorized [-Rpass-analysis=loop-vectorize]
remark: ./numeric-arithmetic.h:483:0: loop not vectorized [-Rpass-missed=loop-vectorize]
remark: ./numeric-arithmetic.h:483:0: vectorized loop (vectorization width: 2, interleaved count: 2) [-Rpass=loop-vectorize]
remark: ./numeric-arithmetic.h:483:0: floating point conversion changes vector width. Mixed floating point precision requires an up/down cast that will negatively impact performance. [-Rpass-analysis=loop-vectorize]
remark: ./numeric-arithmetic.h:483:0: floating point conversion changes vector width. Mixed floating point precision requires an up/down cast that will negatively impact performance. [-Rpass-analysis=loop-vectorize]
remark: ./numeric-arithmetic.h:483:0: vectorized loop (vectorization width: 2, interleaved count: 4) [-Rpass=loop-vectorize]
remark: ./numeric-arithmetic.h:483:0: floating point conversion changes vector width. Mixed floating point precision requires an up/down cast that will negatively impact performance. [-Rpass-analysis=loop-vectorize]
remark: ./numeric-arithmetic.h:483:0: vectorized loop (vectorization width: 2, interleaved count: 4) [-Rpass=loop-vectorize]
remark: ./numeric-arithmetic.h:483:0: floating point conversion changes vector width. Mixed floating point precision requires an up/down cast that will negatively impact performance. [-Rpass-analysis=loop-vectorize]
remark: ./numeric-arithmetic.h:483:0: vectorized loop (vectorization width: 4, interleaved count: 4) [-Rpass=loop-vectorize]
remark: ./numeric-arithmetic.h:483:0: vectorized loop (vectorization width: 2, interleaved count: 4) [-Rpass=loop-vectorize]
remark: ./numeric-arithmetic.h:483:0: the cost-model indicates that vectorization is not beneficial [-Rpass-missed=loop-vectorize]
remark: ./numeric-arithmetic.h:483:0: the cost-model indicates that interleaving is not beneficial [-Rpass-missed=loop-vectorize]
remark: ./numeric-arithmetic.h:483:0: the cost-model indicates that vectorization is not beneficial [-Rpass-missed=loop-vectorize]
remark: ./numeric-arithmetic.h:483:0: the cost-model indicates that interleaving is not beneficial [-Rpass-missed=loop-vectorize]
remark: ./numeric-arithmetic.h:483:0: vectorized loop (vectorization width: 2, interleaved count: 4) [-Rpass=loop-vectorize]
remark: ./numeric-arithmetic.h:483:0: vectorized loop (vectorization width: 2, interleaved count: 4) [-Rpass=loop-vectorize]
remark: ./numeric-arithmetic.h:483:0: the cost-model indicates that vectorization is not beneficial [-Rpass-missed=loop-vectorize]
remark: ./numeric-arithmetic.h:483:0: the cost-model indicates that interleaving is not beneficial [-Rpass-missed=loop-vectorize]
remark: ./numeric-arithmetic.h:483:0: the cost-model indicates that vectorization is not beneficial [-Rpass-missed=loop-vectorize]
remark: ./numeric-arithmetic.h:483:0: the cost-model indicates that interleaving is not beneficial [-Rpass-missed=loop-vectorize]
remark: ./numeric-arithmetic.h:483:0: vectorized loop (vectorization width: 2, interleaved count: 4) [-Rpass=loop-vectorize]
remark: ./numeric-arithmetic.h:483:0: vectorized loop (vectorization width: 2, interleaved count: 4) [-Rpass=loop-vectorize]
remark: ./numeric-arithmetic.h:483:0: the cost-model indicates that vectorization is not beneficial [-Rpass-missed=loop-vectorize]
remark: ./numeric-arithmetic.h:483:0: the cost-model indicates that interleaving is not beneficial [-Rpass-missed=loop-vectorize]
remark: ./numeric-arithmetic.h:483:0: the cost-model indicates that vectorization is not beneficial [-Rpass-missed=loop-vectorize]
remark: ./numeric-arithmetic.h:483:0: the cost-model indicates that interleaving is not beneficial [-Rpass-missed=loop-vectorize]
remark: ./numeric-arithmetic.h:483:0: vectorized loop (vectorization width: 2, interleaved count: 4) [-Rpass=loop-vectorize]
remark: numeric-payload.c:4297:643: loop not vectorized: call instruction cannot be vectorized [-Rpass-analysis=loop-vectorize]
remark: numeric-payload.c:4297:156: loop not vectorized: instruction cannot be vectorized [-Rpass-analysis=loop-vectorize]
remark: numeric-payload.c:4297:156: loop not vectorized [-Rpass-missed=loop-vectorize]
remark: numeric-payload.c:4294:629: loop not vectorized: call instruction cannot be vectorized [-Rpass-analysis=loop-vectorize]
remark: numeric-payload.c:4294:156: loop not vectorized: instruction cannot be vectorized [-Rpass-analysis=loop-vectorize]
remark: numeric-payload.c:4294:156: loop not vectorized [-Rpass-missed=loop-vectorize]
remark: numeric-payload.c:4291:619: loop not vectorized: call instruction cannot be vectorized [-Rpass-analysis=loop-vectorize]
remark: numeric-payload.c:4291:156: loop not vectorized: instruction cannot be vectorized [-Rpass-analysis=loop-vectorize]
remark: numeric-payload.c:4291:156: loop not vectorized [-Rpass-missed=loop-vectorize]
remark: numeric-payload.c:4326:13: loop not vectorized: call instruction cannot be vectorized [-Rpass-analysis=loop-vectorize]
remark: numeric-payload.c:4316:9: loop not vectorized: instruction cannot be vectorized [-Rpass-analysis=loop-vectorize]
remark: numeric-payload.c:4316:9: loop not vectorized [-Rpass-missed=loop-vectorize]
remark: numeric-payload.c:4377:79: loop not vectorized: Control flow cannot be substituted for a select [-Rpass-analysis=loop-vectorize]
remark: numeric-payload.c:4377:79: loop not vectorized: call instruction cannot be vectorized [-Rpass-analysis=loop-vectorize]
remark: numeric-payload.c:4377:13: loop not vectorized: Incorrect number of successors from early exiting block [-Rpass-analysis=loop-vectorize]
remark: numeric-payload.c:4377:13: loop not vectorized: instruction cannot be vectorized [-Rpass-analysis=loop-vectorize]
remark: numeric-payload.c:4377:13: loop not vectorized [-Rpass-missed=loop-vectorize]
remark: numeric-payload.c:4375:79: loop not vectorized: Control flow cannot be substituted for a select [-Rpass-analysis=loop-vectorize]
remark: numeric-payload.c:4375:79: loop not vectorized: call instruction cannot be vectorized [-Rpass-analysis=loop-vectorize]
remark: numeric-payload.c:4375:13: loop not vectorized: Incorrect number of successors from early exiting block [-Rpass-analysis=loop-vectorize]
remark: numeric-payload.c:4375:13: loop not vectorized: instruction cannot be vectorized [-Rpass-analysis=loop-vectorize]
remark: numeric-payload.c:4375:13: loop not vectorized [-Rpass-missed=loop-vectorize]
remark: numeric-payload.c:4373:79: loop not vectorized: Control flow cannot be substituted for a select [-Rpass-analysis=loop-vectorize]
remark: numeric-payload.c:4373:79: loop not vectorized: call instruction cannot be vectorized [-Rpass-analysis=loop-vectorize]
remark: numeric-payload.c:4373:13: loop not vectorized: Incorrect number of successors from early exiting block [-Rpass-analysis=loop-vectorize]
remark: numeric-payload.c:4373:13: loop not vectorized: instruction cannot be vectorized [-Rpass-analysis=loop-vectorize]
remark: numeric-payload.c:4373:13: loop not vectorized [-Rpass-missed=loop-vectorize]
remark: numeric-payload.c:4371:79: loop not vectorized: Control flow cannot be substituted for a select [-Rpass-analysis=loop-vectorize]
remark: numeric-payload.c:4371:79: loop not vectorized: call instruction cannot be vectorized [-Rpass-analysis=loop-vectorize]
remark: numeric-payload.c:4371:13: loop not vectorized: Incorrect number of successors from early exiting block [-Rpass-analysis=loop-vectorize]
remark: numeric-payload.c:4371:13: loop not vectorized: instruction cannot be vectorized [-Rpass-analysis=loop-vectorize]
remark: numeric-payload.c:4371:13: loop not vectorized [-Rpass-missed=loop-vectorize]
remark: numeric-payload.c:3017:5: loop not vectorized: Loop contains an unsupported switch [-Rpass-analysis=loop-vectorize]
remark: numeric-payload.c:3038:9: loop not vectorized: call instruction cannot be vectorized [-Rpass-analysis=loop-vectorize]
remark: numeric-payload.c:4388:9: loop not vectorized: Incorrect number of successors from early exiting block [-Rpass-analysis=loop-vectorize]
remark: numeric-payload.c:4388:9: loop not vectorized: instruction cannot be vectorized [-Rpass-analysis=loop-vectorize]
remark: numeric-payload.c:4388:9: loop not vectorized [-Rpass-missed=loop-vectorize]
remark: numeric-payload.c:4237:37: loop not vectorized: unsafe dependent memory operations in loop. Use #pragma clang loop distribute(enable) to allow loop distribution to attempt to isolate the offending operations into a separate loop
Unknown data dependence. [-Rpass-analysis=loop-vectorize]
remark: numeric-payload.c:4231:9: loop not vectorized [-Rpass-missed=loop-vectorize]
remark: numeric-payload.c:5015:5: loop not vectorized: Loop contains an unsupported switch [-Rpass-analysis=loop-vectorize]
remark: numeric-payload.c:5314:5: loop not vectorized: value that could not be identified as reduction is used outside the loop [-Rpass-analysis=loop-vectorize]
remark: numeric-payload.c:5314:5: loop not vectorized: Cannot vectorize early exit loop with more than one early exit [-Rpass-analysis=loop-vectorize]
remark: numeric-payload.c:5314:5: loop not vectorized: instruction cannot be vectorized [-Rpass-analysis=loop-vectorize]
remark: numeric-payload.c:5314:5: loop not vectorized [-Rpass-missed=loop-vectorize]
remark: numeric-payload.c:4986:49: loop not vectorized: call instruction cannot be vectorized [-Rpass-analysis=loop-vectorize]
remark: numeric-payload.c:4984:5: loop not vectorized: Cannot vectorize early exit loop with writes to memory [-Rpass-analysis=loop-vectorize]
remark: numeric-payload.c:4984:5: loop not vectorized: instruction cannot be vectorized [-Rpass-analysis=loop-vectorize]
remark: numeric-payload.c:4984:5: loop not vectorized [-Rpass-missed=loop-vectorize]
numeric-payload.s:3:2: warning: inconsistent use of MD5 checksums
        .file   1 "numeric-payload.c"
        ^
