"label","n","width","groups","mode","scenario","engine","sample","us","gc_seconds"
"merged-main",100,2,1,"plain","scalar","dplyr_plain",1,372.812966816127,0
"merged-main",100,2,1,"plain","scalar","data_table_plain",1,209.591933526099,0
"merged-main",100,2,1,"plain","scalar","dibble_bracket",1,449.523911811411,0
"merged-main",100,2,1,"plain","scalar","dplyr_dibble",1,631.112954579294,0
"merged-main",100,2,1,"plain","scalar","repl",1,336.610013619065,0
"merged-main",100,2,1,"plain","scalar","data_table_plain",2,193.06899048388,0
"merged-main",100,2,1,"plain","scalar","repl",2,341.202015988529,0
"merged-main",100,2,1,"plain","scalar","dibble_bracket",2,409.794971346855,0
"merged-main",100,2,1,"plain","scalar","dplyr_plain",2,406.761071644723,0
"merged-main",100,2,1,"plain","scalar","dplyr_dibble",2,632.342998869717,0
"merged-main",100,2,1,"plain","scalar","dplyr_plain",3,365.022919140756,0
"merged-main",100,2,1,"plain","scalar","repl",3,333.862961269915,0
"merged-main",100,2,1,"plain","scalar","dplyr_dibble",3,618.402962572873,0
"merged-main",100,2,1,"plain","scalar","dibble_bracket",3,422.709970735013,0
"merged-main",100,2,1,"plain","scalar","data_table_plain",3,204.590032808483,0
"merged-main",100,2,1,"plain","scalar","dplyr_plain",4,387.859996408224,0
"merged-main",100,2,1,"plain","scalar","dibble_bracket",4,428.941915743053,0
"merged-main",100,2,1,"plain","scalar","dplyr_dibble",4,621.560029685497,0
"merged-main",100,2,1,"plain","scalar","repl",4,324.67907294631,0
"merged-main",100,2,1,"plain","scalar","data_table_plain",4,189.624959602952,0
"merged-main",100,2,1,"plain","scalar","data_table_plain",5,196.389970369637,0
"merged-main",100,2,1,"plain","scalar","dplyr_plain",5,379.455043002963,0
"merged-main",100,2,1,"plain","scalar","dplyr_dibble",5,620.083999820054,0
"merged-main",100,2,1,"plain","scalar","repl",5,336.077064275742,0
"merged-main",100,2,1,"plain","scalar","dibble_bracket",5,546.160968951881,0
"merged-main",100,2,1,"plain","scalar","data_table_plain",6,213.896972127259,0
"merged-main",100,2,1,"plain","scalar","repl",6,345.138018019497,0
"merged-main",100,2,1,"plain","scalar","dplyr_plain",6,380.562036298215,0
"merged-main",100,2,1,"plain","scalar","dplyr_dibble",6,637.591001577675,0
"merged-main",100,2,1,"plain","scalar","dibble_bracket",6,436.690985225141,0
"merged-main",100,2,1,"plain","scalar","dibble_bracket",7,480.643007904291,0
"merged-main",100,2,1,"plain","scalar","dplyr_plain",7,387.983047403395,0
"merged-main",100,2,1,"plain","scalar","dplyr_dibble",7,640.255981124938,0
"merged-main",100,2,1,"plain","scalar","repl",7,331.15700352937,0
"merged-main",100,2,1,"plain","scalar","data_table_plain",7,200.408045202494,0
"merged-main",100,2,1,"plain","scalar","dibble_bracket",8,485.644908621907,0
"merged-main",100,2,1,"plain","scalar","repl",8,338.906073011458,0
"merged-main",100,2,1,"plain","scalar","data_table_plain",8,205.327989533544,0
"merged-main",100,2,1,"plain","scalar","dplyr_plain",8,380.561919882894,0
"merged-main",100,2,1,"plain","scalar","dplyr_dibble",8,639.927922748029,0
"merged-main",100,2,1,"plain","scalar","dplyr_dibble",9,609.219074249268,0
"merged-main",100,2,1,"plain","scalar","dplyr_plain",9,363.710918463767,0
"merged-main",100,2,1,"plain","scalar","dibble_bracket",9,424.145022407174,0
"merged-main",100,2,1,"plain","scalar","data_table_plain",9,197.62001466006,0
"merged-main",100,2,1,"plain","scalar","repl",9,324.638094753027,0
"merged-main",100,2,1,"plain","scalar","data_table_plain",10,232.962076552212,0
"merged-main",100,2,1,"plain","scalar","dibble_bracket",10,450.180028565228,0
"merged-main",100,2,1,"plain","scalar","repl",10,331.977033056319,0
"merged-main",100,2,1,"plain","scalar","dplyr_dibble",10,631.686998531222,0
"merged-main",100,2,1,"plain","scalar","dplyr_plain",10,376.216019503772,0
"merged-main",100,2,1,"plain","scalar","dibble_bracket",11,493.065919727087,0
"merged-main",100,2,1,"plain","scalar","dplyr_plain",11,384.703045710921,0
"merged-main",100,2,1,"plain","scalar","repl",11,333.575997501612,0
"merged-main",100,2,1,"plain","scalar","dplyr_dibble",11,629.145069979131,0
"merged-main",100,2,1,"plain","scalar","data_table_plain",11,199.464964680374,0
"merged-main",100,2,1,"plain","scalar","dplyr_plain",12,376.748968847096,0
"merged-main",100,2,1,"plain","scalar","dibble_bracket",12,426.523038186133,0
"merged-main",100,2,1,"plain","scalar","data_table_plain",12,194.955035112798,0
"merged-main",100,2,1,"plain","scalar","repl",12,327.754067257047,0
"merged-main",100,2,1,"plain","scalar","dplyr_dibble",12,619.182013906538,0
"merged-main",100,2,1,"plain","scalar","data_table_plain",13,232.880003750324,0
"merged-main",100,2,1,"plain","scalar","dplyr_plain",13,394.460977986455,0
"merged-main",100,2,1,"plain","scalar","dplyr_dibble",13,646.324013359845,0
"merged-main",100,2,1,"plain","scalar","dibble_bracket",13,435.338006354868,0
"merged-main",100,2,1,"plain","scalar","repl",13,321.93202059716,0
"merged-main",100,2,1,"plain","scalar","repl",14,350.877991877496,0
"merged-main",100,2,1,"plain","scalar","dplyr_dibble",14,699.460040777922,0
"merged-main",100,2,1,"plain","scalar","dibble_bracket",14,468.17900147289,0
"merged-main",100,2,1,"plain","scalar","dplyr_plain",14,419.634976424277,0
"merged-main",100,2,1,"plain","scalar","data_table_plain",14,196.840963326395,0
"merged-main",100,2,1,"plain","scalar","dplyr_plain",15,371.870002709329,0
"merged-main",100,2,1,"plain","scalar","dplyr_dibble",15,616.721925325692,0
"merged-main",100,2,1,"plain","scalar","repl",15,333.165982738137,0
"merged-main",100,2,1,"plain","scalar","data_table_plain",15,199.218979105353,0
"merged-main",100,2,1,"plain","scalar","dibble_bracket",15,424.062949605286,0
"merged-main",100,2,1,"plain","scalar","dplyr_plain",16,466.62101522088,0
"merged-main",100,2,1,"plain","scalar","repl",16,330.624054186046,0
"merged-main",100,2,1,"plain","scalar","dplyr_dibble",16,622.502993792295,0
"merged-main",100,2,1,"plain","scalar","data_table_plain",16,196.062028408051,0
"merged-main",100,2,1,"plain","scalar","dibble_bracket",16,423.570978455245,0
"merged-main",100,2,1,"plain","scalar","dplyr_plain",17,373.715069144964,0
"merged-main",100,2,1,"plain","scalar","data_table_plain",17,202.868017368019,0
"merged-main",100,2,1,"plain","scalar","dplyr_dibble",17,627.915025688708,0
"merged-main",100,2,1,"plain","scalar","repl",17,332.673895172775,0
"merged-main",100,2,1,"plain","scalar","dibble_bracket",17,417.420989833772,0
"merged-main",100,2,1,"plain","scalar","dplyr_plain",18,366.129912436008,0
"merged-main",100,2,1,"plain","scalar","dibble_bracket",18,423.530000261962,0
"merged-main",100,2,1,"plain","scalar","data_table_plain",18,196.881941519678,0
"merged-main",100,2,1,"plain","scalar","repl",18,324.761029332876,0
"merged-main",100,2,1,"plain","scalar","dplyr_dibble",18,614.344025962055,0
"merged-main",100,2,1,"plain","scalar","repl",19,337.429926730692,0
"merged-main",100,2,1,"plain","scalar","dplyr_plain",19,370.352994650602,0
"merged-main",100,2,1,"plain","scalar","data_table_plain",19,197.291956283152,0
"merged-main",100,2,1,"plain","scalar","dibble_bracket",19,427.589053288102,0
"merged-main",100,2,1,"plain","scalar","dplyr_dibble",19,615.615048445761,0
"merged-main",100,2,1,"plain","scalar","dibble_bracket",20,420.660013332963,0
"merged-main",100,2,1,"plain","scalar","dplyr_plain",20,358.544988557696,0
"merged-main",100,2,1,"plain","scalar","data_table_plain",20,195.857021026313,0
"merged-main",100,2,1,"plain","scalar","repl",20,331.362010911107,0
"merged-main",100,2,1,"plain","scalar","dplyr_dibble",20,625.782995484769,0
"merged-main",100,2,1,"plain","call","repl",1,390.565954148769,0
"merged-main",100,2,1,"plain","call","dplyr_plain",1,406.104954890907,0
"merged-main",100,2,1,"plain","call","dibble_bracket",1,439.150957390666,0
"merged-main",100,2,1,"plain","call","data_table_plain",1,197.62001466006,0
"merged-main",100,2,1,"plain","call","dplyr_dibble",1,661.61691211164,0
"merged-main",100,2,1,"plain","call","data_table_plain",2,203.277915716171,0
"merged-main",100,2,1,"plain","call","dplyr_plain",2,378.962955437601,0
"merged-main",100,2,1,"plain","call","dibble_bracket",2,514.796003699303,0
"merged-main",100,2,1,"plain","call","repl",2,402.168952859938,0
"merged-main",100,2,1,"plain","call","dplyr_dibble",2,683.141988702118,0
"merged-main",100,2,1,"plain","call","dibble_bracket",3,449.565006420016,0
"merged-main",100,2,1,"plain","call","dplyr_plain",3,382.529920898378,0
"merged-main",100,2,1,"plain","call","dplyr_dibble",3,651.448965072632,0
"merged-main",100,2,1,"plain","call","data_table_plain",3,237.308093346655,0
"merged-main",100,2,1,"plain","call","repl",3,412.583001889288,0
"merged-main",100,2,1,"plain","call","dplyr_plain",4,379.619072191417,0
"merged-main",100,2,1,"plain","call","repl",4,412.747031077743,0
"merged-main",100,2,1,"plain","call","data_table_plain",4,200.203037820756,0
"merged-main",100,2,1,"plain","call","dibble_bracket",4,444.357981905341,0
"merged-main",100,2,1,"plain","call","dplyr_dibble",4,646.897940896451,0
"merged-main",100,2,1,"plain","call","dplyr_dibble",5,644.274055957794,0
"merged-main",100,2,1,"plain","call","data_table_plain",5,221.973983570933,0
"merged-main",100,2,1,"plain","call","dplyr_plain",5,382.406986318529,0
"merged-main",100,2,1,"plain","call","dibble_bracket",5,450.098072178662,0
"merged-main",100,2,1,"plain","call","repl",5,413.239002227783,0
"merged-main",100,2,1,"plain","call","dplyr_plain",6,384.82598029077,0
"merged-main",100,2,1,"plain","call","data_table_plain",6,207.378063350916,0
"merged-main",100,2,1,"plain","call","dibble_bracket",6,451.28702186048,0
"merged-main",100,2,1,"plain","call","repl",6,396.879971958697,0
"merged-main",100,2,1,"plain","call","dplyr_dibble",6,653.130002319813,0
"merged-main",100,2,1,"plain","call","data_table_plain",7,202.785944566131,0
"merged-main",100,2,1,"plain","call","repl",7,406.063976697624,0
"merged-main",100,2,1,"plain","call","dplyr_dibble",7,696.5899374336,0
"merged-main",100,2,1,"plain","call","dplyr_plain",7,382.735044695437,0
"merged-main",100,2,1,"plain","call","dibble_bracket",7,453.829066827893,0
"merged-main",100,2,1,"plain","call","dibble_bracket",8,438.45409527421,0
"merged-main",100,2,1,"plain","call","data_table_plain",8,208.772020414472,0
"merged-main",100,2,1,"plain","call","dplyr_dibble",8,659.649027511477,0
"merged-main",100,2,1,"plain","call","repl",8,399.339944124222,0
"merged-main",100,2,1,"plain","call","dplyr_plain",8,374.780967831612,0
"merged-main",100,2,1,"plain","call","data_table_plain",9,199.423986487091,0
"merged-main",100,2,1,"plain","call","dplyr_dibble",9,652.596936561167,0
"merged-main",100,2,1,"plain","call","dplyr_plain",9,377.363990992308,0
"merged-main",100,2,1,"plain","call","repl",9,395.813956856728,0
"merged-main",100,2,1,"plain","call","dibble_bracket",9,440.094037912786,0
"merged-main",100,2,1,"plain","call","data_table_plain",10,196.390086784959,0
"merged-main",100,2,1,"plain","call","dplyr_plain",10,368.958921171725,0
"merged-main",100,2,1,"plain","call","repl",10,393.763999454677,0
"merged-main",100,2,1,"plain","call","dibble_bracket",10,433.410983532667,0
"merged-main",100,2,1,"plain","call","dplyr_dibble",10,653.909053653479,0
"merged-main",100,2,1,"plain","call","dplyr_dibble",11,660.38710065186,0
"merged-main",100,2,1,"plain","call","dplyr_plain",11,432.427041232586,0
"merged-main",100,2,1,"plain","call","data_table_plain",11,217.38198120147,0
"merged-main",100,2,1,"plain","call","dibble_bracket",11,529.39192391932,0
"merged-main",100,2,1,"plain","call","repl",11,395.895913243294,0
"merged-main",100,2,1,"plain","call","data_table_plain",12,208.403100259602,0
"merged-main",100,2,1,"plain","call","dplyr_dibble",12,675.270101055503,0
"merged-main",100,2,1,"plain","call","dplyr_plain",12,376.707990653813,0
"merged-main",100,2,1,"plain","call","dibble_bracket",12,519.101042300463,0
"merged-main",100,2,1,"plain","call","repl",12,409.999978728592,0
"merged-main",100,2,1,"plain","call","dplyr_plain",13,399.17603135109,0
"merged-main",100,2,1,"plain","call","data_table_plain",13,211.396021768451,0
"merged-main",100,2,1,"plain","call","dplyr_dibble",13,681.870966218412,0
"merged-main",100,2,1,"plain","call","dibble_bracket",13,450.179912149906,0
"merged-main",100,2,1,"plain","call","repl",13,465.226941742003,0
"merged-main",100,2,1,"plain","call","dibble_bracket",14,461.618998087943,0
"merged-main",100,2,1,"plain","call","data_table_plain",14,248.829019255936,0
"merged-main",100,2,1,"plain","call","repl",14,422.709970735013,0
"merged-main",100,2,1,"plain","call","dplyr_dibble",14,659.44402012974,0
"merged-main",100,2,1,"plain","call","dplyr_plain",14,395.199051126838,0
"merged-main",100,2,1,"plain","call","repl",15,399.955082684755,0
"merged-main",100,2,1,"plain","call","dplyr_dibble",15,653.991010040045,0
"merged-main",100,2,1,"plain","call","dplyr_plain",15,371.008994989097,0
"merged-main",100,2,1,"plain","call","dibble_bracket",15,450.589926913381,0
"merged-main",100,2,1,"plain","call","data_table_plain",15,225.623021833599,0
"merged-main",100,2,1,"plain","call","dplyr_plain",16,427.466002292931,0
"merged-main",100,2,1,"plain","call","data_table_plain",16,214.225030504167,0
"merged-main",100,2,1,"plain","call","dplyr_dibble",16,685.601960867643,0
"merged-main",100,2,1,"plain","call","repl",16,407.457933761179,0
"merged-main",100,2,1,"plain","call","dibble_bracket",16,457.437010481954,0
"merged-main",100,2,1,"plain","call","dplyr_dibble",17,665.101921185851,0
"merged-main",100,2,1,"plain","call","data_table_plain",17,212.954008020461,0
"merged-main",100,2,1,"plain","call","dplyr_plain",17,401.676981709898,0
"merged-main",100,2,1,"plain","call","repl",17,422.587036155164,0
"merged-main",100,2,1,"plain","call","dibble_bracket",17,474.65693205595,0
"merged-main",100,2,1,"plain","call","dibble_bracket",18,437.634065747261,0
"merged-main",100,2,1,"plain","call","dplyr_dibble",18,669.898930937052,0
"merged-main",100,2,1,"plain","call","repl",18,394.993927329779,0
"merged-main",100,2,1,"plain","call","dplyr_plain",18,372.197944670916,0
"merged-main",100,2,1,"plain","call","data_table_plain",18,216.193031519651,0
"merged-main",100,2,1,"plain","call","data_table_plain",19,192.82300490886,0
"merged-main",100,2,1,"plain","call","dplyr_plain",19,389.663968235254,0
"merged-main",100,2,1,"plain","call","dibble_bracket",19,448.252889327705,0
"merged-main",100,2,1,"plain","call","repl",19,396.223971620202,0
"merged-main",100,2,1,"plain","call","dplyr_dibble",19,653.909053653479,0
"merged-main",100,2,1,"plain","call","repl",20,391.878071241081,0
"merged-main",100,2,1,"plain","call","data_table_plain",20,199.013971723616,0
"merged-main",100,2,1,"plain","call","dplyr_dibble",20,680.887023918331,0
"merged-main",100,2,1,"plain","call","dibble_bracket",20,448.088976554573,0
"merged-main",100,2,1,"plain","call","dplyr_plain",20,382.612110115588,0
"merged-main",100,2,1,"plain","arithmetic","dplyr_dibble",1,646.242056973279,0
"merged-main",100,2,1,"plain","arithmetic","repl",1,465.842080302536,0
"merged-main",100,2,1,"plain","arithmetic","dibble_bracket",1,516.025931574404,0
"merged-main",100,2,1,"plain","arithmetic","dplyr_plain",1,371.542060747743,0
"merged-main",100,2,1,"plain","arithmetic","data_table_plain",1,195.938977412879,0
"merged-main",100,2,1,"plain","arithmetic","data_table_plain",2,186.427030712366,0
"merged-main",100,2,1,"plain","arithmetic","dplyr_plain",2,369.123066775501,0
"merged-main",100,2,1,"plain","arithmetic","dibble_bracket",2,590.769108384848,0
"merged-main",100,2,1,"plain","arithmetic","repl",2,498.887966386974,0
"merged-main",100,2,1,"plain","arithmetic","dplyr_dibble",2,670.390902087092,0
"merged-main",100,2,1,"plain","arithmetic","dplyr_dibble",3,644.35601234436,0
"merged-main",100,2,1,"plain","arithmetic","dplyr_plain",3,442.308024503291,0
"merged-main",100,2,1,"plain","arithmetic","repl",3,496.346037834883,0
"merged-main",100,2,1,"plain","arithmetic","data_table_plain",3,197.866000235081,0
"merged-main",100,2,1,"plain","arithmetic","dibble_bracket",3,546.406954526901,0
"merged-main",100,2,1,"plain","arithmetic","dibble_bracket",4,534.312101081014,0
"merged-main",100,2,1,"plain","arithmetic","dplyr_dibble",4,656.655989587307,0
"merged-main",100,2,1,"plain","arithmetic","repl",4,489.909085445106,0
"merged-main",100,2,1,"plain","arithmetic","data_table_plain",4,194.052932783961,0
"merged-main",100,2,1,"plain","arithmetic","dplyr_plain",4,374.862924218178,0
"merged-main",100,2,1,"plain","arithmetic","dplyr_dibble",5,664.568971842527,0
"merged-main",100,2,1,"plain","arithmetic","dplyr_plain",5,387.326930649579,0
"merged-main",100,2,1,"plain","arithmetic","repl",5,462.848925963044,0
"merged-main",100,2,1,"plain","arithmetic","dibble_bracket",5,589.292962104082,0
"merged-main",100,2,1,"plain","arithmetic","data_table_plain",5,201.186980120838,0
"merged-main",100,2,1,"plain","arithmetic","repl",6,475.10804142803,0
"merged-main",100,2,1,"plain","arithmetic","dplyr_dibble",6,677.483971230686,0
"merged-main",100,2,1,"plain","arithmetic","data_table_plain",6,195.569940842688,0
"merged-main",100,2,1,"plain","arithmetic","dibble_bracket",6,527.505995705724,0
"merged-main",100,2,1,"plain","arithmetic","dplyr_plain",6,367.278000339866,0
"merged-main",100,2,1,"plain","arithmetic","dplyr_plain",7,376.256997697055,0
"merged-main",100,2,1,"plain","arithmetic","dibble_bracket",7,516.313011758029,0
"merged-main",100,2,1,"plain","arithmetic","repl",7,456.945039331913,0
"merged-main",100,2,1,"plain","arithmetic","data_table_plain",7,195.528962649405,0
"merged-main",100,2,1,"plain","arithmetic","dplyr_dibble",7,662.600970827043,0
"merged-main",100,2,1,"plain","arithmetic","repl",8,463.054049760103,0
"merged-main",100,2,1,"plain","arithmetic","dplyr_plain",8,409.303000196815,0
"merged-main",100,2,1,"plain","arithmetic","dplyr_dibble",8,647.553941234946,0
"merged-main",100,2,1,"plain","arithmetic","data_table_plain",8,192.82300490886,0
"merged-main",100,2,1,"plain","arithmetic","dibble_bracket",8,558.092026039958,0
"merged-main",100,2,1,"plain","arithmetic","dplyr_dibble",9,666.86503123492,0
"merged-main",100,2,1,"plain","arithmetic","repl",9,475.476961582899,0
"merged-main",100,2,1,"plain","arithmetic","dibble_bracket",9,511.721009388566,0
"merged-main",100,2,1,"plain","arithmetic","data_table_plain",9,196.431064978242,0
"merged-main",100,2,1,"plain","arithmetic","dplyr_plain",9,430.33598922193,0
"merged-main",100,2,1,"plain","arithmetic","repl",10,496.633001603186,0
"merged-main",100,2,1,"plain","arithmetic","dibble_bracket",10,517.460983246565,0
"merged-main",100,2,1,"plain","arithmetic","dplyr_plain",10,378.347933292389,0
"merged-main",100,2,1,"plain","arithmetic","dplyr_dibble",10,658.009084872901,0
"merged-main",100,2,1,"plain","arithmetic","data_table_plain",10,196.185079403222,0
"merged-main",100,2,1,"plain","arithmetic","dibble_bracket",11,516.4360627532,0
"merged-main",100,2,1,"plain","arithmetic","repl",11,457.805930636823,0
"merged-main",100,2,1,"plain","arithmetic","dplyr_plain",11,374.699011445045,0
"merged-main",100,2,1,"plain","arithmetic","data_table_plain",11,195.365049876273,0
"merged-main",100,2,1,"plain","arithmetic","dplyr_dibble",11,650.751986540854,0
"merged-main",100,2,1,"plain","arithmetic","dplyr_plain",12,392.451998777688,0
"merged-main",100,2,1,"plain","arithmetic","dplyr_dibble",12,676.09001416713,0
"merged-main",100,2,1,"plain","arithmetic","data_table_plain",12,198.603956960142,0
"merged-main",100,2,1,"plain","arithmetic","dibble_bracket",12,536.771956831217,0
"merged-main",100,2,1,"plain","arithmetic","repl",12,462.31597661972,0
"merged-main",100,2,1,"plain","arithmetic","dibble_bracket",13,513.729988597333,0
"merged-main",100,2,1,"plain","arithmetic","repl",13,484.537915326655,0
"merged-main",100,2,1,"plain","arithmetic","dplyr_dibble",13,655.630952678621,0
"merged-main",100,2,1,"plain","arithmetic","data_table_plain",13,195.980072021484,0
"merged-main",100,2,1,"plain","arithmetic","dplyr_plain",13,371.705973520875,0
"merged-main",100,2,1,"plain","arithmetic","dibble_bracket",14,516.969012096524,0
"merged-main",100,2,1,"plain","arithmetic","dplyr_dibble",14,666.004023514688,0
"merged-main",100,2,1,"plain","arithmetic","dplyr_plain",14,365.064013749361,0
"merged-main",100,2,1,"plain","arithmetic","repl",14,462.520984001458,0
"merged-main",100,2,1,"plain","arithmetic","data_table_plain",14,193.438027054071,0
"merged-main",100,2,1,"plain","arithmetic","dplyr_dibble",15,757.967005483806,0
"merged-main",100,2,1,"plain","arithmetic","dibble_bracket",15,544.11101154983,0
"merged-main",100,2,1,"plain","arithmetic","dplyr_plain",15,404.054997488856,0
"merged-main",100,2,1,"plain","arithmetic","data_table_plain",15,201.351009309292,0
"merged-main",100,2,1,"plain","arithmetic","repl",15,484.291929751635,0
"merged-main",100,2,1,"plain","arithmetic","dplyr_plain",16,369.49198693037,0
"merged-main",100,2,1,"plain","arithmetic","dibble_bracket",16,508.236000314355,0
"merged-main",100,2,1,"plain","arithmetic","repl",16,467.441044747829,0
"merged-main",100,2,1,"plain","arithmetic","data_table_plain",16,198.153080418706,0
"merged-main",100,2,1,"plain","arithmetic","dplyr_dibble",16,675.966963171959,0
"merged-main",100,2,1,"plain","arithmetic","repl",17,459.240982308984,0
"merged-main",100,2,1,"plain","arithmetic","dplyr_dibble",17,641.772989183664,0
"merged-main",100,2,1,"plain","arithmetic","data_table_plain",17,199.259957298636,0
"merged-main",100,2,1,"plain","arithmetic","dplyr_plain",17,390.073982998729,0
"merged-main",100,2,1,"plain","arithmetic","dibble_bracket",17,574.450939893723,0
"merged-main",100,2,1,"plain","arithmetic","repl",18,478.019006550312,0
"merged-main",100,2,1,"plain","arithmetic","dibble_bracket",18,516.231055371463,0
"merged-main",100,2,1,"plain","arithmetic","data_table_plain",18,228.04201580584,0
"merged-main",100,2,1,"plain","arithmetic","dplyr_dibble",18,677.032978273928,0
"merged-main",100,2,1,"plain","arithmetic","dplyr_plain",18,379.126984626055,0
"merged-main",100,2,1,"plain","arithmetic","data_table_plain",19,292.452983558178,0
"merged-main",100,2,1,"plain","arithmetic","dplyr_plain",19,394.911970943213,0
"merged-main",100,2,1,"plain","arithmetic","dibble_bracket",19,542.225083336234,0
"merged-main",100,2,1,"plain","arithmetic","repl",19,469.080987386405,0
"merged-main",100,2,1,"plain","arithmetic","dplyr_dibble",19,679.165008477867,0
"merged-main",100,2,1,"plain","arithmetic","dplyr_dibble",20,749.27497189492,0
"merged-main",100,2,1,"plain","arithmetic","dplyr_plain",20,392.943969927728,0
"merged-main",100,2,1,"plain","arithmetic","data_table_plain",20,210.452941246331,0
"merged-main",100,2,1,"plain","arithmetic","dibble_bracket",20,529.965967871249,0
"merged-main",100,2,1,"plain","arithmetic","repl",20,479.331007227302,0
"merged-main",100,2,1,"plain","create","dibble_bracket",1,493.55800729245,0
"merged-main",100,2,1,"plain","create","dplyr_dibble",1,653.704046271741,0
"merged-main",100,2,1,"plain","create","gen",1,448.458013124764,0
"merged-main",100,2,1,"plain","create","data_table_plain",1,215.782900340855,0
"merged-main",100,2,1,"plain","create","dplyr_plain",1,388.597953133285,0
"merged-main",100,2,1,"plain","create","dplyr_dibble",2,749.889994040132,0
"merged-main",100,2,1,"plain","create","data_table_plain",2,220.498070120811,0
"merged-main",100,2,1,"plain","create","dplyr_plain",2,377.568998374045,0
"merged-main",100,2,1,"plain","create","dibble_bracket",2,517.789041623473,0
"merged-main",100,2,1,"plain","create","gen",2,498.806010000408,0
"merged-main",100,2,1,"plain","create","dplyr_dibble",3,741.444062441587,0
"merged-main",100,2,1,"plain","create","gen",3,474.370084702969,0
"merged-main",100,2,1,"plain","create","data_table_plain",3,261.210952885449,0
"merged-main",100,2,1,"plain","create","dibble_bracket",3,541.282002814114,0
"merged-main",100,2,1,"plain","create","dplyr_plain",3,377.814983949065,0
"merged-main",100,2,1,"plain","create","dplyr_dibble",4,689.250999130309,0
"merged-main",100,2,1,"plain","create","gen",4,436.691101640463,0
"merged-main",100,2,1,"plain","create","dplyr_plain",4,378.101947717369,0
"merged-main",100,2,1,"plain","create","dibble_bracket",4,509.342993609607,0
"merged-main",100,2,1,"plain","create","data_table_plain",4,245.097908191383,0
"merged-main",100,2,1,"plain","create","dplyr_plain",5,363.710918463767,0
"merged-main",100,2,1,"plain","create","dibble_bracket",5,570.146017707884,0
"merged-main",100,2,1,"plain","create","gen",5,449.770013801754,0
"merged-main",100,2,1,"plain","create","data_table_plain",5,225.007999688387,0
"merged-main",100,2,1,"plain","create","dplyr_dibble",5,676.007941365242,0
"merged-main",100,2,1,"plain","create","dplyr_dibble",6,667.521031573415,0
"merged-main",100,2,1,"plain","create","dibble_bracket",6,498.231966048479,0
"merged-main",100,2,1,"plain","create","data_table_plain",6,236.733932979405,0
"merged-main",100,2,1,"plain","create","gen",6,449.646962806582,0
"merged-main",100,2,1,"plain","create","dplyr_plain",6,372.36197385937,0
"merged-main",100,2,1,"plain","create","gen",7,448.29398393631,0
"merged-main",100,2,1,"plain","create","dplyr_dibble",7,671.457033604383,0
"merged-main",100,2,1,"plain","create","data_table_plain",7,239.604036323726,0
"merged-main",100,2,1,"plain","create","dplyr_plain",7,368.712935596704,0
"merged-main",100,2,1,"plain","create","dibble_bracket",7,500.528025440872,0
"merged-main",100,2,1,"plain","create","data_table_plain",8,214.594067074358,0
"merged-main",100,2,1,"plain","create","dplyr_dibble",8,643.863924778998,0
"merged-main",100,2,1,"plain","create","gen",8,513.812061399221,0
"merged-main",100,2,1,"plain","create","dibble_bracket",8,512.172002345324,0
"merged-main",100,2,1,"plain","create","dplyr_plain",8,396.388000808656,0
"merged-main",100,2,1,"plain","create","gen",9,461.208983324468,0
"merged-main",100,2,1,"plain","create","dibble_bracket",9,514.509039930999,0
"merged-main",100,2,1,"plain","create","dplyr_dibble",9,664.322986267507,0
"merged-main",100,2,1,"plain","create","dplyr_plain",9,366.540043614805,0
"merged-main",100,2,1,"plain","create","data_table_plain",9,244.072987698019,0
"merged-main",100,2,1,"plain","create","data_table_plain",10,226.36097855866,0
"merged-main",100,2,1,"plain","create","gen",10,452.394015155733,0
"merged-main",100,2,1,"plain","create","dplyr_plain",10,396.018964238465,0
"merged-main",100,2,1,"plain","create","dibble_bracket",10,500.569003634155,0
"merged-main",100,2,1,"plain","create","dplyr_dibble",10,671.293004415929,0
"merged-main",100,2,1,"plain","create","data_table_plain",11,260.842032730579,0
"merged-main",100,2,1,"plain","create","gen",11,437.264912761748,0
"merged-main",100,2,1,"plain","create","dibble_bracket",11,506.554963067174,0
"merged-main",100,2,1,"plain","create","dplyr_plain",11,379.16807923466,0
"merged-main",100,2,1,"plain","create","dplyr_dibble",11,643.330975435674,0
"merged-main",100,2,1,"plain","create","gen",12,444.23493091017,0
"merged-main",100,2,1,"plain","create","data_table_plain",12,218.447996303439,0
"merged-main",100,2,1,"plain","create","dplyr_plain",12,367.155065760016,0
"merged-main",100,2,1,"plain","create","dplyr_dibble",12,710.243009962142,0
"merged-main",100,2,1,"plain","create","dibble_bracket",12,488.966004922986,0
"merged-main",100,2,1,"plain","create","dplyr_plain",13,398.11001624912,0
"merged-main",100,2,1,"plain","create","gen",13,462.192925624549,0
"merged-main",100,2,1,"plain","create","data_table_plain",13,225.828029215336,0
"merged-main",100,2,1,"plain","create","dplyr_dibble",13,661.412021145225,0
"merged-main",100,2,1,"plain","create","dibble_bracket",13,501.306960359216,0
"merged-main",100,2,1,"plain","create","gen",14,428.450061008334,0
"merged-main",100,2,1,"plain","create","data_table_plain",14,216.766959056258,0
"merged-main",100,2,1,"plain","create","dplyr_plain",14,365.63805770129,0
"merged-main",100,2,1,"plain","create","dplyr_dibble",14,648.292014375329,0
"merged-main",100,2,1,"plain","create","dibble_bracket",14,522.135058417916,0
"merged-main",100,2,1,"plain","create","dplyr_plain",15,370.968016795814,0
"merged-main",100,2,1,"plain","create","gen",15,435.747904703021,0
"merged-main",100,2,1,"plain","create","dibble_bracket",15,488.596968352795,0
"merged-main",100,2,1,"plain","create","dplyr_dibble",15,683.05991590023,0
"merged-main",100,2,1,"plain","create","data_table_plain",15,217.422959394753,0
"merged-main",100,2,1,"plain","create","dplyr_plain",16,418.281997554004,0
"merged-main",100,2,1,"plain","create","dibble_bracket",16,524.71796516329,0
"merged-main",100,2,1,"plain","create","data_table_plain",16,227.837008424103,0
"merged-main",100,2,1,"plain","create","dplyr_dibble",16,667.72592253983,0
"merged-main",100,2,1,"plain","create","gen",16,448.663020506501,0
"merged-main",100,2,1,"plain","create","data_table_plain",17,246.94309104234,0
"merged-main",100,2,1,"plain","create","dplyr_plain",17,376.42102688551,0
"merged-main",100,2,1,"plain","create","gen",17,436.732079833746,0
"merged-main",100,2,1,"plain","create","dplyr_dibble",17,655.754003673792,0
"merged-main",100,2,1,"plain","create","dibble_bracket",17,490.810954943299,0
"merged-main",100,2,1,"plain","create","dplyr_plain",18,390.238012187183,0
"merged-main",100,2,1,"plain","create","gen",18,464.202021248639,0
"merged-main",100,2,1,"plain","create","data_table_plain",18,229.271943680942,0
"merged-main",100,2,1,"plain","create","dibble_bracket",18,493.147992528975,0
"merged-main",100,2,1,"plain","create","dplyr_dibble",18,642.961938865483,0
"merged-main",100,2,1,"plain","create","gen",19,430.130981840193,0
"merged-main",100,2,1,"plain","create","dplyr_plain",19,386.13798096776,0
"merged-main",100,2,1,"plain","create","dibble_bracket",19,489.048077724874,0
"merged-main",100,2,1,"plain","create","data_table_plain",19,211.928971111774,0
"merged-main",100,2,1,"plain","create","dplyr_dibble",19,661.781057715416,0
"merged-main",100,2,1,"plain","create","dplyr_plain",20,365.18694832921,0
"merged-main",100,2,1,"plain","create","gen",20,445.096055045724,0
"merged-main",100,2,1,"plain","create","data_table_plain",20,219.882931560278,0
"merged-main",100,2,1,"plain","create","dibble_bracket",20,495.156971737742,0
"merged-main",100,2,1,"plain","create","dplyr_dibble",20,670.186011120677,0
"merged-main",100,2,1,"plain","five","data_table_plain",1,231.281039305031,0
"merged-main",100,2,1,"plain","five","dibble_bracket",1,1422.45402093977,0
"merged-main",100,2,1,"plain","five","dplyr_dibble",1,1180.39001245052,0
"merged-main",100,2,1,"plain","five","dplyr_plain",1,523.077906109393,0
"merged-main",100,2,1,"plain","five","dplyr_dibble",2,1109.54197589308,0
"merged-main",100,2,1,"plain","five","dibble_bracket",2,1432.78599716723,0
"merged-main",100,2,1,"plain","five","dplyr_plain",2,500.035937875509,0
"merged-main",100,2,1,"plain","five","data_table_plain",2,237.431027926505,0
"merged-main",100,2,1,"plain","five","dibble_bracket",3,1498.71397297829,0
"merged-main",100,2,1,"plain","five","data_table_plain",3,249.362085014582,0
"merged-main",100,2,1,"plain","five","dplyr_dibble",3,1065.42592402548,0
"merged-main",100,2,1,"plain","five","dplyr_plain",3,497.412052936852,0
"merged-main",100,2,1,"plain","five","dplyr_plain",4,482.119037769735,0
"merged-main",100,2,1,"plain","five","data_table_plain",4,227.549928240478,0
"merged-main",100,2,1,"plain","five","dibble_bracket",4,1407.85798430443,0
"merged-main",100,2,1,"plain","five","dplyr_dibble",4,1057.47207999229,0
"merged-main",100,2,1,"plain","five","dplyr_plain",5,550.548080354929,0
"merged-main",100,2,1,"plain","five","data_table_plain",5,248.787924647331,0
"merged-main",100,2,1,"plain","five","dplyr_dibble",5,1102.90001612157,0
"merged-main",100,2,1,"plain","five","dibble_bracket",5,1438.52597102523,0
"merged-main",100,2,1,"plain","five","dibble_bracket",6,1382.88899324834,0
"merged-main",100,2,1,"plain","five","dplyr_dibble",6,1073.33902269602,0
"merged-main",100,2,1,"plain","five","dplyr_plain",6,553.212943486869,0
"merged-main",100,2,1,"plain","five","data_table_plain",6,273.182988166809,0
"merged-main",100,2,1,"plain","five","data_table_plain",7,229.764031246305,0
"merged-main",100,2,1,"plain","five","dplyr_dibble",7,1098.84096309543,0
"merged-main",100,2,1,"plain","five","dibble_bracket",7,1442.17500928789,0
"merged-main",100,2,1,"plain","five","dplyr_plain",7,563.094043172896,0
"merged-main",100,2,1,"plain","five","data_table_plain",8,255.389022640884,0
"merged-main",100,2,1,"plain","five","dplyr_dibble",8,1128.77099309117,0
"merged-main",100,2,1,"plain","five","dibble_bracket",8,1450.57996269315,0
"merged-main",100,2,1,"plain","five","dplyr_plain",8,526.111922226846,0
"merged-main",100,2,1,"plain","five","dibble_bracket",9,1424.83203671873,0
"merged-main",100,2,1,"plain","five","dplyr_plain",9,499.133951961994,0
"merged-main",100,2,1,"plain","five","data_table_plain",9,248.951953835785,0
"merged-main",100,2,1,"plain","five","dplyr_dibble",9,1088.09908851981,0
"merged-main",100,2,1,"plain","five","dplyr_plain",10,495.403073728085,0
"merged-main",100,2,1,"plain","five","data_table_plain",10,286.426045931876,0
"merged-main",100,2,1,"plain","five","dplyr_dibble",10,1123.97398333997,0
"merged-main",100,2,1,"plain","five","dibble_bracket",10,1419.7479467839,0
"merged-main",100,2,1,"plain","five","data_table_plain",11,238.784006796777,0
"merged-main",100,2,1,"plain","five","dplyr_plain",11,521.191977895796,0
"merged-main",100,2,1,"plain","five","dplyr_dibble",11,1078.05395964533,0
"merged-main",100,2,1,"plain","five","dibble_bracket",11,1508.3079924807,0
"merged-main",100,2,1,"plain","five","dibble_bracket",12,1389.65400401503,0
"merged-main",100,2,1,"plain","five","dplyr_dibble",12,1107.45104029775,0
"merged-main",100,2,1,"plain","five","dplyr_plain",12,526.604009792209,0
"merged-main",100,2,1,"plain","five","data_table_plain",12,242.555979639292,0
"merged-main",100,2,1,"plain","five","dplyr_dibble",13,1070.42794115841,0
"merged-main",100,2,1,"plain","five","dplyr_plain",13,496.346037834883,0
"merged-main",100,2,1,"plain","five","data_table_plain",13,230.501987971365,0
"merged-main",100,2,1,"plain","five","dibble_bracket",13,1433.31906292588,0
"merged-main",100,2,1,"plain","five","dibble_bracket",14,1378.21503449231,0
"merged-main",100,2,1,"plain","five","dplyr_plain",14,497.699016705155,0
"merged-main",100,2,1,"plain","five","data_table_plain",14,235.749990679324,0
"merged-main",100,2,1,"plain","five","dplyr_dibble",14,1097.52907883376,0
"merged-main",100,2,1,"plain","five","dibble_bracket",15,1420.28101254255,0
"merged-main",100,2,1,"plain","five","dplyr_plain",15,503.398012369871,0
"merged-main",100,2,1,"plain","five","dplyr_dibble",15,1054.15110010654,0
"merged-main",100,2,1,"plain","five","data_table_plain",15,231.814105063677,0
"merged-main",100,2,1,"plain","five","dplyr_plain",16,512.541038915515,0
"merged-main",100,2,1,"plain","five","data_table_plain",16,235.012033954263,0
"merged-main",100,2,1,"plain","five","dplyr_dibble",16,1079.7759750858,0
"merged-main",100,2,1,"plain","five","dibble_bracket",16,1408.14506448805,0
"merged-main",100,2,1,"plain","five","dplyr_dibble",17,1086.74599323422,0
"merged-main",100,2,1,"plain","five","dplyr_plain",17,536.197912879288,0
"merged-main",100,2,1,"plain","five","dibble_bracket",17,1410.64601484686,0
"merged-main",100,2,1,"plain","five","data_table_plain",17,227.79603023082,0
"merged-main",100,2,1,"plain","five","dibble_bracket",18,1401.09297353774,0
"merged-main",100,2,1,"plain","five","dplyr_dibble",18,1045.13100814074,0
"merged-main",100,2,1,"plain","five","dplyr_plain",18,550.794065929949,0
"merged-main",100,2,1,"plain","five","data_table_plain",18,258.299987763166,0
"merged-main",100,2,1,"plain","five","dplyr_dibble",19,1162.71898150444,0
"merged-main",100,2,1,"plain","five","data_table_plain",19,280.603999271989,0
"merged-main",100,2,1,"plain","five","dibble_bracket",19,1421.10092565417,0
"merged-main",100,2,1,"plain","five","dplyr_plain",19,506.349955685437,0
"merged-main",100,2,1,"plain","five","dibble_bracket",20,1413.88503834605,0
"merged-main",100,2,1,"plain","five","data_table_plain",20,230.542966164649,0
"merged-main",100,2,1,"plain","five","dplyr_plain",20,543.085974641144,0
"merged-main",100,2,1,"plain","five","dplyr_dibble",20,1072.64204416424,0
"merged-main",100,2,1,"owned","scalar","repl",1,82.1229768916965,0
"merged-main",100,2,1,"owned","scalar","dplyr_dibble",1,59.7370089963078,0
"merged-main",100,2,1,"owned","scalar","dibble_bracket",1,127.017963677645,0
"merged-main",100,2,1,"owned","scalar","data_table_plain",1,192.864099517465,0
"merged-main",100,2,1,"owned","scalar","dplyr_plain",1,366.334919817746,0
"merged-main",100,2,1,"owned","scalar","dibble_bracket",2,138.621078804135,0
"merged-main",100,2,1,"owned","scalar","data_table_plain",2,221.071997657418,0
"merged-main",100,2,1,"owned","scalar","dplyr_plain",2,388.680025935173,0
"merged-main",100,2,1,"owned","scalar","repl",2,83.517050370574,0
"merged-main",100,2,1,"owned","scalar","dplyr_dibble",2,64.4930405542254,0
"merged-main",100,2,1,"owned","scalar","dplyr_dibble",3,58.0970663577318,0
"merged-main",100,2,1,"owned","scalar","repl",3,81.2619691714644,0
"merged-main",100,2,1,"owned","scalar","dplyr_plain",3,368.630979210138,0
"merged-main",100,2,1,"owned","scalar","data_table_plain",3,190.978054888546,0
"merged-main",100,2,1,"owned","scalar","dibble_bracket",3,129.149993881583,0
"merged-main",100,2,1,"owned","scalar","dplyr_plain",4,365.227926522493,0
"merged-main",100,2,1,"owned","scalar","repl",4,81.918085925281,0
"merged-main",100,2,1,"owned","scalar","dplyr_dibble",4,65.2309972792864,0
"merged-main",100,2,1,"owned","scalar","data_table_plain",4,195.241998881102,0
"merged-main",100,2,1,"owned","scalar","dibble_bracket",4,128.043000586331,0
"merged-main",100,2,1,"owned","scalar","repl",5,88.560045696795,0
"merged-main",100,2,1,"owned","scalar","dplyr_plain",5,364.982057362795,0
"merged-main",100,2,1,"owned","scalar","dplyr_dibble",5,65.3130700811744,0
"merged-main",100,2,1,"owned","scalar","dibble_bracket",5,165.516976267099,0
"merged-main",100,2,1,"owned","scalar","data_table_plain",5,251.904013566673,0
"merged-main",100,2,1,"owned","scalar","dibble_bracket",6,131.241045892239,0
"merged-main",100,2,1,"owned","scalar","dplyr_dibble",6,62.2380757704377,0
"merged-main",100,2,1,"owned","scalar","data_table_plain",6,187.739031389356,0
"merged-main",100,2,1,"owned","scalar","dplyr_plain",6,398.027943447232,0
"merged-main",100,2,1,"owned","scalar","repl",6,85.894949734211,0
"merged-main",100,2,1,"owned","scalar","dplyr_dibble",7,64.0419311821461,0
"merged-main",100,2,1,"owned","scalar","dplyr_plain",7,373.017974197865,0
"merged-main",100,2,1,"owned","scalar","data_table_plain",7,200.940994545817,0
"merged-main",100,2,1,"owned","scalar","repl",7,84.1319561004639,0
"merged-main",100,2,1,"owned","scalar","dibble_bracket",7,129.231950268149,0
"merged-main",100,2,1,"owned","scalar","dplyr_plain",8,365.023035556078,0
"merged-main",100,2,1,"owned","scalar","dplyr_dibble",8,68.9619919285178,0
"merged-main",100,2,1,"owned","scalar","data_table_plain",8,243.129907175899,0
"merged-main",100,2,1,"owned","scalar","repl",8,94.2590413615108,0
"merged-main",100,2,1,"owned","scalar","dibble_bracket",8,127.878971397877,0
"merged-main",100,2,1,"owned","scalar","data_table_plain",9,191.388069652021,0
"merged-main",100,2,1,"owned","scalar","dibble_bracket",9,127.592007629573,0
"merged-main",100,2,1,"owned","scalar","dplyr_dibble",9,62.1560029685497,0
"merged-main",100,2,1,"owned","scalar","dplyr_plain",9,375.231960788369,0
"merged-main",100,2,1,"owned","scalar","repl",9,92.1270111575723,0
"merged-main",100,2,1,"owned","scalar","data_table_plain",10,223.531969822943,0
"merged-main",100,2,1,"owned","scalar","dplyr_plain",10,392.657006159425,0
"merged-main",100,2,1,"owned","scalar","dplyr_dibble",10,72.7750593796372,0
"merged-main",100,2,1,"owned","scalar","repl",10,89.2570242285728,0
"merged-main",100,2,1,"owned","scalar","dibble_bracket",10,132.471090182662,0
"merged-main",100,2,1,"owned","scalar","dplyr_dibble",11,65.0259898975492,0
"merged-main",100,2,1,"owned","scalar","data_table_plain",11,200.49000158906,0
"merged-main",100,2,1,"owned","scalar","dplyr_plain",11,379.619072191417,0
"merged-main",100,2,1,"owned","scalar","repl",11,85.8950661495328,0
"merged-main",100,2,1,"owned","scalar","dibble_bracket",11,132.881104946136,0
"merged-main",100,2,1,"owned","scalar","dplyr_dibble",12,64.1240039840341,0
"merged-main",100,2,1,"owned","scalar","data_table_plain",12,198.890920728445,0
"merged-main",100,2,1,"owned","scalar","repl",12,84.7880728542805,0
"merged-main",100,2,1,"owned","scalar","dibble_bracket",12,144.934980198741,0
"merged-main",100,2,1,"owned","scalar","dplyr_plain",12,388.556974940002,0
"merged-main",100,2,1,"owned","scalar","repl",13,85.7309205457568,0
"merged-main",100,2,1,"owned","scalar","data_table_plain",13,238.209962844849,0
"merged-main",100,2,1,"owned","scalar","dplyr_dibble",13,71.3400077074766,0
"merged-main",100,2,1,"owned","scalar","dplyr_plain",13,394.05096322298,0
"merged-main",100,2,1,"owned","scalar","dibble_bracket",13,143.459066748619,0
"merged-main",100,2,1,"owned","scalar","data_table_plain",14,206.065946258605,0
"merged-main",100,2,1,"owned","scalar","dplyr_plain",14,403.02996058017,0
"merged-main",100,2,1,"owned","scalar","repl",14,90.8969668671489,0
"merged-main",100,2,1,"owned","scalar","dplyr_dibble",14,67.6090130582452,0
"merged-main",100,2,1,"owned","scalar","dibble_bracket",14,140.917021781206,0
"merged-main",100,2,1,"owned","scalar","dplyr_dibble",15,65.5999174341559,0
"merged-main",100,2,1,"owned","scalar","dplyr_plain",15,391.345005482435,0
"merged-main",100,2,1,"owned","scalar","dibble_bracket",15,132.635002955794,0
"merged-main",100,2,1,"owned","scalar","repl",15,107.871019281447,0
"merged-main",100,2,1,"owned","scalar","data_table_plain",15,211.806036531925,0
"merged-main",100,2,1,"owned","scalar","dplyr_plain",16,392.124056816101,0
"merged-main",100,2,1,"owned","scalar","repl",16,85.8539715409279,0
"merged-main",100,2,1,"owned","scalar","dplyr_dibble",16,67.4859620630741,0
"merged-main",100,2,1,"owned","scalar","dibble_bracket",16,154.815963469446,0
"merged-main",100,2,1,"owned","scalar","data_table_plain",16,233.330996707082,0
"merged-main",100,2,1,"owned","scalar","dibble_bracket",17,133.741996251047,0
"merged-main",100,2,1,"owned","scalar","data_table_plain",17,212.543993256986,0
"merged-main",100,2,1,"owned","scalar","dplyr_dibble",17,66.4200633764267,0
"merged-main",100,2,1,"owned","scalar","repl",17,90.0770537555218,0
"merged-main",100,2,1,"owned","scalar","dplyr_plain",17,382.406986318529,0
"merged-main",100,2,1,"owned","scalar","dibble_bracket",18,128.248007968068,0
"merged-main",100,2,1,"owned","scalar","repl",18,85.6079859659076,0
"merged-main",100,2,1,"owned","scalar","dplyr_plain",18,367.93400067836,0
"merged-main",100,2,1,"owned","scalar","dplyr_dibble",18,73.308008722961,0
"merged-main",100,2,1,"owned","scalar","data_table_plain",18,232.388032600284,0
"merged-main",100,2,1,"owned","scalar","dplyr_plain",19,416.108989156783,0
"merged-main",100,2,1,"owned","scalar","dplyr_dibble",19,76.6289886087179,0
"merged-main",100,2,1,"owned","scalar","data_table_plain",19,197.660992853343,0
"merged-main",100,2,1,"owned","scalar","dibble_bracket",19,137.964962050319,0
"merged-main",100,2,1,"owned","scalar","repl",19,107.706990092993,0
"merged-main",100,2,1,"owned","scalar","data_table_plain",20,210.780999623239,0
"merged-main",100,2,1,"owned","scalar","dplyr_plain",20,384.210958145559,0
"merged-main",100,2,1,"owned","scalar","dibble_bracket",20,136.980903334916,0
"merged-main",100,2,1,"owned","scalar","repl",20,86.1410517245531,0
"merged-main",100,2,1,"owned","scalar","dplyr_dibble",20,68.9619919285178,0
"merged-main",100,2,1,"owned","call","dplyr_dibble",1,66.0510268062353,0
"merged-main",100,2,1,"owned","call","dibble_bracket",1,129.970023408532,0
"merged-main",100,2,1,"owned","call","data_table_plain",1,197.74294923991,0
"merged-main",100,2,1,"owned","call","repl",1,270.969001576304,0
"merged-main",100,2,1,"owned","call","dplyr_plain",1,382.201978936791,0
"merged-main",100,2,1,"owned","call","repl",2,277.447048574686,0
"merged-main",100,2,1,"owned","call","dplyr_plain",2,389.500055462122,0
"merged-main",100,2,1,"owned","call","dibble_bracket",2,140.096992254257,0
"merged-main",100,2,1,"owned","call","data_table_plain",2,198.767986148596,0
"merged-main",100,2,1,"owned","call","dplyr_dibble",2,70.3559489920735,0
"merged-main",100,2,1,"owned","call","dplyr_dibble",3,69.6999486535788,0
"merged-main",100,2,1,"owned","call","dibble_bracket",3,132.348039187491,0
"merged-main",100,2,1,"owned","call","repl",3,280.439970083535,0
"merged-main",100,2,1,"owned","call","data_table_plain",3,203.892937861383,0
"merged-main",100,2,1,"owned","call","dplyr_plain",3,386.219937354326,0
"merged-main",100,2,1,"owned","call","repl",4,282.859080471098,0
"merged-main",100,2,1,"owned","call","dplyr_plain",4,379.209057427943,0
"merged-main",100,2,1,"owned","call","data_table_plain",4,200.039008632302,0
"merged-main",100,2,1,"owned","call","dibble_bracket",4,130.256987176836,0
"merged-main",100,2,1,"owned","call","dplyr_dibble",4,68.3469697833061,0
"merged-main",100,2,1,"owned","call","dplyr_dibble",5,67.5269402563572,0
"merged-main",100,2,1,"owned","call","repl",5,269.206007942557,0
"merged-main",100,2,1,"owned","call","dibble_bracket",5,129.35500126332,0
"merged-main",100,2,1,"owned","call","dplyr_plain",5,382.775906473398,0
"merged-main",100,2,1,"owned","call","data_table_plain",5,197.333050891757,0
"merged-main",100,2,1,"owned","call","dibble_bracket",6,132.101937197149,0
"merged-main",100,2,1,"owned","call","repl",6,284.909037873149,0
"merged-main",100,2,1,"owned","call","dplyr_dibble",6,66.7070271447301,0
"merged-main",100,2,1,"owned","call","dplyr_plain",6,384.210958145559,0
"merged-main",100,2,1,"owned","call","data_table_plain",6,217.012944631279,0
"merged-main",100,2,1,"owned","call","dplyr_plain",7,377.323012799025,0
"merged-main",100,2,1,"owned","call","repl",7,271.830009296536,0
"merged-main",100,2,1,"owned","call","data_table_plain",7,205.819960683584,0
"merged-main",100,2,1,"owned","call","dplyr_dibble",7,66.4199469611049,0
"merged-main",100,2,1,"owned","call","dibble_bracket",7,132.429995574057,0
"merged-main",100,2,1,"owned","call","dplyr_dibble",8,71.7500224709511,0
"merged-main",100,2,1,"owned","call","dplyr_plain",8,399.380922317505,0
"merged-main",100,2,1,"owned","call","data_table_plain",8,215.12690000236,0
"merged-main",100,2,1,"owned","call","dibble_bracket",8,145.222060382366,0
"merged-main",100,2,1,"owned","call","repl",8,292.985932901502,0
"merged-main",100,2,1,"owned","call","data_table_plain",9,206.721946597099,0
"merged-main",100,2,1,"owned","call","repl",9,320.701976306736,0
"merged-main",100,2,1,"owned","call","dplyr_plain",9,394.50207259506,0
"merged-main",100,2,1,"owned","call","dibble_bracket",9,135.628040879965,0
"merged-main",100,2,1,"owned","call","dplyr_dibble",9,70.2741090208292,0
"merged-main",100,2,1,"owned","call","dplyr_dibble",10,65.1489244773984,0
"merged-main",100,2,1,"owned","call","repl",10,274.167046882212,0
"merged-main",100,2,1,"owned","call","data_table_plain",10,207.993085496128,0
"merged-main",100,2,1,"owned","call","dplyr_plain",10,392.739078961313,0
"merged-main",100,2,1,"owned","call","dibble_bracket",10,132.71695934236,0
"merged-main",100,2,1,"owned","call","dibble_bracket",11,126.648927107453,0
"merged-main",100,2,1,"owned","call","dplyr_dibble",11,65.722968429327,0
"merged-main",100,2,1,"owned","call","repl",11,271.953060291708,0
"merged-main",100,2,1,"owned","call","data_table_plain",11,197.087065316737,0
"merged-main",100,2,1,"owned","call","dplyr_plain",11,377.036049030721,0
"merged-main",100,2,1,"owned","call","dibble_bracket",12,128.61704453826,0
"merged-main",100,2,1,"owned","call","dplyr_plain",12,370.188965462148,0
"merged-main",100,2,1,"owned","call","data_table_plain",12,207.787961699069,0
"merged-main",100,2,1,"owned","call","dplyr_dibble",12,71.0119493305683,0
"merged-main",100,2,1,"owned","call","repl",12,283.228000625968,0
"merged-main",100,2,1,"owned","call","dplyr_plain",13,400.11911187321,0
"merged-main",100,2,1,"owned","call","repl",13,272.855046205223,0
"merged-main",100,2,1,"owned","call","dibble_bracket",13,133.496010676026,0
"merged-main",100,2,1,"owned","call","dplyr_dibble",13,67.1170419082046,0
"merged-main",100,2,1,"owned","call","data_table_plain",13,201.924936845899,0
"merged-main",100,2,1,"owned","call","data_table_plain",14,193.356070667505,0
"merged-main",100,2,1,"owned","call","repl",14,282.817985862494,0
"merged-main",100,2,1,"owned","call","dibble_bracket",14,129.190972074866,0
"merged-main",100,2,1,"owned","call","dplyr_dibble",14,73.9229144528508,0
"merged-main",100,2,1,"owned","call","dplyr_plain",14,381.58695679158,0
"merged-main",100,2,1,"owned","call","dplyr_plain",15,371.2959587574,0
"merged-main",100,2,1,"owned","call","dplyr_dibble",15,66.3789687678218,0
"merged-main",100,2,1,"owned","call","dibble_bracket",15,147.230923175812,0
"merged-main",100,2,1,"owned","call","data_table_plain",15,242.392066866159,0
"merged-main",100,2,1,"owned","call","repl",15,288.39404694736,0
"merged-main",100,2,1,"owned","call","data_table_plain",16,223.982962779701,0
"merged-main",100,2,1,"owned","call","dibble_bracket",16,136.693939566612,0
"merged-main",100,2,1,"owned","call","dplyr_plain",16,390.894012525678,0
"merged-main",100,2,1,"owned","call","dplyr_dibble",16,71.5859932824969,0
"merged-main",100,2,1,"owned","call","repl",16,275.684054940939,0
"merged-main",100,2,1,"owned","call","dplyr_plain",17,401.636003516614,0
"merged-main",100,2,1,"owned","call","dibble_bracket",17,131.692038848996,0
"merged-main",100,2,1,"owned","call","dplyr_dibble",17,68.5109989717603,0
"merged-main",100,2,1,"owned","call","repl",17,297.700986266136,0
"merged-main",100,2,1,"owned","call","data_table_plain",17,200.366950593889,0
"merged-main",100,2,1,"owned","call","dplyr_dibble",18,66.4199469611049,0
"merged-main",100,2,1,"owned","call","repl",18,271.091936156154,0
"merged-main",100,2,1,"owned","call","dplyr_plain",18,418.979092501104,0
"merged-main",100,2,1,"owned","call","dibble_bracket",18,153.627013787627,0
"merged-main",100,2,1,"owned","call","data_table_plain",18,207.090983167291,0
"merged-main",100,2,1,"owned","call","dplyr_dibble",19,68.182940594852,0
"merged-main",100,2,1,"owned","call","repl",19,274.494988843799,0
"merged-main",100,2,1,"owned","call","dibble_bracket",19,128.4119207412,0
"merged-main",100,2,1,"owned","call","dplyr_plain",19,377.36410740763,0
"merged-main",100,2,1,"owned","call","data_table_plain",19,214.347965084016,0
"merged-main",100,2,1,"owned","call","dibble_bracket",20,126.854050904512,0
"merged-main",100,2,1,"owned","call","dplyr_dibble",20,65.7640630379319,0
"merged-main",100,2,1,"owned","call","dplyr_plain",20,420.61903513968,0
"merged-main",100,2,1,"owned","call","data_table_plain",20,213.159015402198,0
"merged-main",100,2,1,"owned","call","repl",20,320.087070576847,0
"merged-main",100,2,1,"owned","arithmetic","dplyr_plain",1,383.185921236873,0
"merged-main",100,2,1,"owned","arithmetic","dibble_bracket",1,127.632985822856,0
"merged-main",100,2,1,"owned","arithmetic","repl",1,143.171986564994,0
"merged-main",100,2,1,"owned","arithmetic","data_table_plain",1,213.77403754741,0
"merged-main",100,2,1,"owned","arithmetic","dplyr_dibble",1,73.2670305296779,0
"merged-main",100,2,1,"owned","arithmetic","repl",2,118.449097499251,0
"merged-main",100,2,1,"owned","arithmetic","dibble_bracket",2,174.414017237723,0
"merged-main",100,2,1,"owned","arithmetic","dplyr_plain",2,384.498038329184,0
"merged-main",100,2,1,"owned","arithmetic","data_table_plain",2,236.693071201444,0
"merged-main",100,2,1,"owned","arithmetic","dplyr_dibble",2,73.1849577277899,0
"merged-main",100,2,1,"owned","arithmetic","data_table_plain",3,201.6790676862,0
"merged-main",100,2,1,"owned","arithmetic","dplyr_dibble",3,73.431059718132,0
"merged-main",100,2,1,"owned","arithmetic","dplyr_plain",3,381.259014829993,0
"merged-main",100,2,1,"owned","arithmetic","repl",3,120.991026051342,0
"merged-main",100,2,1,"owned","arithmetic","dibble_bracket",3,129.190972074866,0
"merged-main",100,2,1,"owned","arithmetic","dibble_bracket",4,125.132035464048,0
"merged-main",100,2,1,"owned","arithmetic","dplyr_dibble",4,71.6680660843849,0
"merged-main",100,2,1,"owned","arithmetic","dplyr_plain",4,372.812966816127,0
"merged-main",100,2,1,"owned","arithmetic","repl",4,122.630968689919,0
"merged-main",100,2,1,"owned","arithmetic","data_table_plain",4,204.426003620028,0
"merged-main",100,2,1,"owned","arithmetic","data_table_plain",5,197.004992514849,0
"merged-main",100,2,1,"owned","arithmetic","dibble_bracket",5,132.307060994208,0
"merged-main",100,2,1,"owned","arithmetic","repl",5,113.201094791293,0
"merged-main",100,2,1,"owned","arithmetic","dplyr_plain",5,376.256997697055,0
"merged-main",100,2,1,"owned","arithmetic","dplyr_dibble",5,88.8470094650984,0
"merged-main",100,2,1,"owned","arithmetic","dplyr_plain",6,375.765026547015,0
"merged-main",100,2,1,"owned","arithmetic","data_table_plain",6,201.556016691029,0
"merged-main",100,2,1,"owned","arithmetic","dplyr_dibble",6,73.2670305296779,0
"merged-main",100,2,1,"owned","arithmetic","repl",6,115.784001536667,0
"merged-main",100,2,1,"owned","arithmetic","dibble_bracket",6,130.91298751533,0
"merged-main",100,2,1,"owned","arithmetic","repl",7,109.634012915194,0
"merged-main",100,2,1,"owned","arithmetic","dplyr_plain",7,366.457970812917,0
"merged-main",100,2,1,"owned","arithmetic","dibble_bracket",7,131.363980472088,0
"merged-main",100,2,1,"owned","arithmetic","dplyr_dibble",7,69.4540794938803,0
"merged-main",100,2,1,"owned","arithmetic","data_table_plain",7,234.642997384071,0
"merged-main",100,2,1,"owned","arithmetic","dplyr_dibble",8,75.5629735067487,0
"merged-main",100,2,1,"owned","arithmetic","dibble_bracket",8,134.520931169391,0
"merged-main",100,2,1,"owned","arithmetic","dplyr_plain",8,383.021892048419,0
"merged-main",100,2,1,"owned","arithmetic","repl",8,118.530937470496,0
"merged-main",100,2,1,"owned","arithmetic","data_table_plain",8,197.046087123454,0
"merged-main",100,2,1,"owned","arithmetic","repl",9,136.735034175217,0
"merged-main",100,2,1,"owned","arithmetic","dplyr_dibble",9,74.169016443193,0
"merged-main",100,2,1,"owned","arithmetic","data_table_plain",9,206.517055630684,0
"merged-main",100,2,1,"owned","arithmetic","dplyr_plain",9,388.024025596678,0
"merged-main",100,2,1,"owned","arithmetic","dibble_bracket",9,134.27494559437,0
"merged-main",100,2,1,"owned","arithmetic","dplyr_dibble",10,71.2990295141935,0
"merged-main",100,2,1,"owned","arithmetic","dibble_bracket",10,129.026942886412,0
"merged-main",100,2,1,"owned","arithmetic","dplyr_plain",10,372.280017472804,0
"merged-main",100,2,1,"owned","arithmetic","repl",10,114.512979052961,0
"merged-main",100,2,1,"owned","arithmetic","data_table_plain",10,196.759006939828,0
"merged-main",100,2,1,"owned","arithmetic","dplyr_plain",11,368.016073480248,0
"merged-main",100,2,1,"owned","arithmetic","dplyr_dibble",11,72.8160375729203,0
"merged-main",100,2,1,"owned","arithmetic","dibble_bracket",11,127.797015011311,0
"merged-main",100,2,1,"owned","arithmetic","data_table_plain",11,201.802002266049,0
"merged-main",100,2,1,"owned","arithmetic","repl",11,110.822962597013,0
"merged-main",100,2,1,"owned","arithmetic","dplyr_dibble",12,81.3029473647475,0
"merged-main",100,2,1,"owned","arithmetic","repl",12,114.800059236586,0
"merged-main",100,2,1,"owned","arithmetic","dplyr_plain",12,376.051990315318,0
"merged-main",100,2,1,"owned","arithmetic","data_table_plain",12,198.562978766859,0
"merged-main",100,2,1,"owned","arithmetic","dibble_bracket",12,127.920066006482,0
"merged-main",100,2,1,"owned","arithmetic","repl",13,114.143942482769,0
"merged-main",100,2,1,"owned","arithmetic","dplyr_plain",13,366.171007044613,0
"merged-main",100,2,1,"owned","arithmetic","dibble_bracket",13,126.976985484362,0
"merged-main",100,2,1,"owned","arithmetic","dplyr_dibble",13,70.765963755548,0
"merged-main",100,2,1,"owned","arithmetic","data_table_plain",13,192.495062947273,0
"merged-main",100,2,1,"owned","arithmetic","dplyr_dibble",14,72.5290738046169,0
"merged-main",100,2,1,"owned","arithmetic","dplyr_plain",14,411.845045164227,0
"merged-main",100,2,1,"owned","arithmetic","dibble_bracket",14,130.707980133593,0
"merged-main",100,2,1,"owned","arithmetic","repl",14,114.184920676053,0
"merged-main",100,2,1,"owned","arithmetic","data_table_plain",14,201.064045540988,0
"merged-main",100,2,1,"owned","arithmetic","dibble_bracket",15,129.970023408532,0
"merged-main",100,2,1,"owned","arithmetic","dplyr_plain",15,382.201978936791,0
"merged-main",100,2,1,"owned","arithmetic","repl",15,127.468956634402,0
"merged-main",100,2,1,"owned","arithmetic","data_table_plain",15,207.706005312502,0
"merged-main",100,2,1,"owned","arithmetic","dplyr_dibble",15,77.3670617491007,0
"merged-main",100,2,1,"owned","arithmetic","dibble_bracket",16,130.461994558573,0
"merged-main",100,2,1,"owned","arithmetic","dplyr_plain",16,461.454968899488,0
"merged-main",100,2,1,"owned","arithmetic","data_table_plain",16,197.004992514849,0
"merged-main",100,2,1,"owned","arithmetic","dplyr_dibble",16,79.335062764585,0
"merged-main",100,2,1,"owned","arithmetic","repl",16,122.835976071656,0
"merged-main",100,2,1,"owned","arithmetic","dplyr_plain",17,382.161000743508,0
"merged-main",100,2,1,"owned","arithmetic","dplyr_dibble",17,84.9110074341297,0
"merged-main",100,2,1,"owned","arithmetic","dibble_bracket",17,128.412037156522,0
"merged-main",100,2,1,"owned","arithmetic","repl",17,112.176057882607,0
"merged-main",100,2,1,"owned","arithmetic","data_table_plain",17,192.659092135727,0
"merged-main",100,2,1,"owned","arithmetic","data_table_plain",18,197.62001466006,0
"merged-main",100,2,1,"owned","arithmetic","repl",18,112.749985419214,0
"merged-main",100,2,1,"owned","arithmetic","dplyr_dibble",18,72.487979196012,0
"merged-main",100,2,1,"owned","arithmetic","dibble_bracket",18,131.158973090351,0
"merged-main",100,2,1,"owned","arithmetic","dplyr_plain",18,371.132045984268,0
"merged-main",100,2,1,"owned","arithmetic","repl",19,115.128001198173,0
"merged-main",100,2,1,"owned","arithmetic","dplyr_dibble",19,70.4789999872446,0
"merged-main",100,2,1,"owned","arithmetic","data_table_plain",19,202.580937184393,0
"merged-main",100,2,1,"owned","arithmetic","dibble_bracket",19,126.771978102624,0
"merged-main",100,2,1,"owned","arithmetic","dplyr_plain",19,384.374987334013,0
"merged-main",100,2,1,"owned","arithmetic","dplyr_dibble",20,70.4379053786397,0
"merged-main",100,2,1,"owned","arithmetic","repl",20,112.258014269173,0
"merged-main",100,2,1,"owned","arithmetic","dplyr_plain",20,389.909953810275,0
"merged-main",100,2,1,"owned","arithmetic","dibble_bracket",20,130.953965708613,0
"merged-main",100,2,1,"owned","arithmetic","data_table_plain",20,198.480905964971,0
"merged-main",100,2,1,"owned","create","dibble_bracket",1,140.342977829278,0
"merged-main",100,2,1,"owned","create","dplyr_plain",1,367.93400067836,0
"merged-main",100,2,1,"owned","create","dplyr_dibble",1,70.7660801708698,0
"merged-main",100,2,1,"owned","create","gen",1,175.397959537804,0
"merged-main",100,2,1,"owned","create","data_table_plain",1,220.415997318923,0
"merged-main",100,2,1,"owned","create","dplyr_plain",2,370.680936612189,0
"merged-main",100,2,1,"owned","create","gen",2,172.651023603976,0
"merged-main",100,2,1,"owned","create","data_table_plain",2,227.058073505759,0
"merged-main",100,2,1,"owned","create","dibble_bracket",2,142.310978844762,0
"merged-main",100,2,1,"owned","create","dplyr_dibble",2,73.5539942979813,0
"merged-main",100,2,1,"owned","create","dplyr_dibble",3,71.5859932824969,0
"merged-main",100,2,1,"owned","create","gen",3,197.332934476435,0
"merged-main",100,2,1,"owned","create","dibble_bracket",3,146.328937262297,0
"merged-main",100,2,1,"owned","create","dplyr_plain",3,382.817001082003,0
"merged-main",100,2,1,"owned","create","data_table_plain",3,221.891910769045,0
"merged-main",100,2,1,"owned","create","gen",4,176.135916262865,0
"merged-main",100,2,1,"owned","create","data_table_plain",4,217.710039578378,0
"merged-main",100,2,1,"owned","create","dibble_bracket",4,143.458950333297,0
"merged-main",100,2,1,"owned","create","dplyr_plain",4,389.992026612163,0
"merged-main",100,2,1,"owned","create","dplyr_dibble",4,72.7749429643154,0
"merged-main",100,2,1,"owned","create","dplyr_plain",5,394.419999793172,0
"merged-main",100,2,1,"owned","create","gen",5,183.147029019892,0
"merged-main",100,2,1,"owned","create","dibble_bracket",5,143.171986564994,0
"merged-main",100,2,1,"owned","create","data_table_plain",5,220.866990275681,0
"merged-main",100,2,1,"owned","create","dplyr_dibble",5,71.8320952728391,0
"merged-main",100,2,1,"owned","create","dplyr_plain",6,372.649054042995,0
"merged-main",100,2,1,"owned","create","dibble_bracket",6,142.434029839933,0
"merged-main",100,2,1,"owned","create","data_table_plain",6,259.858090430498,0
"merged-main",100,2,1,"owned","create","dplyr_dibble",6,75.6039517000318,0
"merged-main",100,2,1,"owned","create","gen",6,209.674006327987,0
"merged-main",100,2,1,"owned","create","dplyr_plain",7,384.293030947447,0
"merged-main",100,2,1,"owned","create","gen",7,191.592960618436,0
"merged-main",100,2,1,"owned","create","dplyr_dibble",7,70.2330144122243,0
"merged-main",100,2,1,"owned","create","dibble_bracket",7,170.847051776946,0
"merged-main",100,2,1,"owned","create","data_table_plain",7,234.27396081388,0
"merged-main",100,2,1,"owned","create","dplyr_dibble",8,82.1229768916965,0
"merged-main",100,2,1,"owned","create","dibble_bracket",8,143.746030516922,0
"merged-main",100,2,1,"owned","create","gen",8,185.525044798851,0
"merged-main",100,2,1,"owned","create","dplyr_plain",8,417.133909650147,0
"merged-main",100,2,1,"owned","create","data_table_plain",8,277.037033811212,0
"merged-main",100,2,1,"owned","create","dplyr_dibble",9,87.4940305948257,0
"merged-main",100,2,1,"owned","create","gen",9,176.955945789814,0
"merged-main",100,2,1,"owned","create","dplyr_plain",9,377.692049369216,0
"merged-main",100,2,1,"owned","create","dibble_bracket",9,145.304016768932,0
"merged-main",100,2,1,"owned","create","data_table_plain",9,219.636945985258,0
"merged-main",100,2,1,"owned","create","gen",10,170.969986356795,0
"merged-main",100,2,1,"owned","create","data_table_plain",10,219.103996641934,0
"merged-main",100,2,1,"owned","create","dibble_bracket",10,142.187927849591,0
"merged-main",100,2,1,"owned","create","dplyr_dibble",10,79.0890771895647,0
"merged-main",100,2,1,"owned","create","dplyr_plain",10,393.969006836414,0
"merged-main",100,2,1,"owned","create","dplyr_plain",11,366.827007383108,0
"merged-main",100,2,1,"owned","create","gen",11,199.096044525504,0
"merged-main",100,2,1,"owned","create","dplyr_dibble",11,72.8570157662034,0
"merged-main",100,2,1,"owned","create","dibble_bracket",11,145.304016768932,0
"merged-main",100,2,1,"owned","create","data_table_plain",11,261.005945503712,0
"merged-main",100,2,1,"owned","create","gen",12,185.442971996963,0
"merged-main",100,2,1,"owned","create","data_table_plain",12,223.285984247923,0
"merged-main",100,2,1,"owned","create","dplyr_plain",12,384.785002097487,0
"merged-main",100,2,1,"owned","create","dibble_bracket",12,143.131008371711,0
"merged-main",100,2,1,"owned","create","dplyr_dibble",12,72.9800667613745,0
"merged-main",100,2,1,"owned","create","data_table_plain",13,215.57800937444,0
"merged-main",100,2,1,"owned","create","gen",13,186.303979717195,0
"merged-main",100,2,1,"owned","create","dplyr_plain",13,390.155939385295,0
"merged-main",100,2,1,"owned","create","dplyr_dibble",13,84.1730507090688,0
"merged-main",100,2,1,"owned","create","dibble_bracket",13,171.256950125098,0
"merged-main",100,2,1,"owned","create","data_table_plain",14,300.98098795861,0
"merged-main",100,2,1,"owned","create","dplyr_plain",14,422.42300696671,0
"merged-main",100,2,1,"owned","create","dplyr_dibble",14,83.6809631437063,0
"merged-main",100,2,1,"owned","create","dibble_bracket",14,149.034895002842,0
"merged-main",100,2,1,"owned","create","gen",14,259.53003205359,0
"merged-main",100,2,1,"owned","create","dibble_bracket",15,166.665064170957,0
"merged-main",100,2,1,"owned","create","dplyr_dibble",15,83.1070356070995,0
"merged-main",100,2,1,"owned","create","gen",15,193.519983440638,0
"merged-main",100,2,1,"owned","create","data_table_plain",15,251.781078986824,0
"merged-main",100,2,1,"owned","create","dplyr_plain",15,432.468019425869,0
"merged-main",100,2,1,"owned","create","dplyr_dibble",16,81.1390345916152,0
"merged-main",100,2,1,"owned","create","gen",16,199.793023057282,0
"merged-main",100,2,1,"owned","create","dibble_bracket",16,156.620051711798,0
"merged-main",100,2,1,"owned","create","data_table_plain",16,241.776928305626,0
"merged-main",100,2,1,"owned","create","dplyr_plain",16,460.922019556165,0
"merged-main",100,2,1,"owned","create","dplyr_dibble",17,84.7470946609974,0
"merged-main",100,2,1,"owned","create","dibble_bracket",17,160.351046361029,0
"merged-main",100,2,1,"owned","create","data_table_plain",17,252.314028330147,0
"merged-main",100,2,1,"owned","create","gen",17,200.284994207323,0
"merged-main",100,2,1,"owned","create","dplyr_plain",17,437.75700032711,0
"merged-main",100,2,1,"owned","create","gen",18,193.273997865617,0
"merged-main",100,2,1,"owned","create","data_table_plain",18,247.312011197209,0
"merged-main",100,2,1,"owned","create","dibble_bracket",18,178.965041413903,0
"merged-main",100,2,1,"owned","create","dplyr_plain",18,442.18497350812,0
"merged-main",100,2,1,"owned","create","dplyr_dibble",18,86.838030256331,0
"merged-main",100,2,1,"owned","create","dplyr_dibble",19,77.3259671404958,0
"merged-main",100,2,1,"owned","create","gen",19,195.283093489707,0
"merged-main",100,2,1,"owned","create","dplyr_plain",19,404.956983402371,0
"merged-main",100,2,1,"owned","create","data_table_plain",19,272.772973403335,0
"merged-main",100,2,1,"owned","create","dibble_bracket",19,164.123019203544,0
"merged-main",100,2,1,"owned","create","dplyr_dibble",20,84.2548906803131,0
"merged-main",100,2,1,"owned","create","data_table_plain",20,239.727087318897,0
"merged-main",100,2,1,"owned","create","gen",20,199.711066670716,0
"merged-main",100,2,1,"owned","create","dibble_bracket",20,149.855040945113,0
"merged-main",100,2,1,"owned","create","dplyr_plain",20,413.813046179712,0
"merged-main",100,2,1,"owned","five","dibble_bracket",1,213.405000977218,0
"merged-main",100,2,1,"owned","five","dplyr_plain",1,559.32195391506,0
"merged-main",100,2,1,"owned","five","data_table_plain",1,250.632991082966,0
"merged-main",100,2,1,"owned","five","dplyr_dibble",1,84.7879564389586,0
"merged-main",100,2,1,"owned","five","dibble_bracket",2,218.202010728419,0
"merged-main",100,2,1,"owned","five","dplyr_dibble",2,76.8339959904552,0
"merged-main",100,2,1,"owned","five","data_table_plain",2,287.287053652108,0
"merged-main",100,2,1,"owned","five","dplyr_plain",2,503.971939906478,0
"merged-main",100,2,1,"owned","five","dplyr_dibble",3,74.7429439797997,0
"merged-main",100,2,1,"owned","five","dplyr_plain",3,497.821951285005,0
"merged-main",100,2,1,"owned","five","data_table_plain",3,242.022913880646,0
"merged-main",100,2,1,"owned","five","dibble_bracket",3,199.588015675545,0
"merged-main",100,2,1,"owned","five","dibble_bracket",4,188.887002877891,0
"merged-main",100,2,1,"owned","five","dplyr_plain",4,544.23394612968,0
"merged-main",100,2,1,"owned","five","data_table_plain",4,250.263954512775,0
"merged-main",100,2,1,"owned","five","dplyr_dibble",4,77.3259671404958,0
"merged-main",100,2,1,"owned","five","dplyr_dibble",5,71.62697147578,0
"merged-main",100,2,1,"owned","five","data_table_plain",5,234.725070185959,0
"merged-main",100,2,1,"owned","five","dplyr_plain",5,518.321990966797,0
"merged-main",100,2,1,"owned","five","dibble_bracket",5,195.569940842688,0
"merged-main",100,2,1,"owned","five","dibble_bracket",6,214.429921470582,0
"merged-main",100,2,1,"owned","five","dplyr_dibble",6,78.3100258558989,0
"merged-main",100,2,1,"owned","five","data_table_plain",6,243.416987359524,0
"merged-main",100,2,1,"owned","five","dplyr_plain",6,518.855056725442,0
"merged-main",100,2,1,"owned","five","dibble_bracket",7,194.094027392566,0
"merged-main",100,2,1,"owned","five","data_table_plain",7,272.444915026426,0
"merged-main",100,2,1,"owned","five","dplyr_dibble",7,78.5969896242023,0
"merged-main",100,2,1,"owned","five","dplyr_plain",7,527.424039319158,0
"merged-main",100,2,1,"owned","five","data_table_plain",8,240.424065850675,0
"merged-main",100,2,1,"owned","five","dplyr_dibble",8,75.8909154683352,0
"merged-main",100,2,1,"owned","five","dibble_bracket",8,224.515912123024,0
"merged-main",100,2,1,"owned","five","dplyr_plain",8,538.452994078398,0
"merged-main",100,2,1,"owned","five","dplyr_plain",9,515.780062414706,0
"merged-main",100,2,1,"owned","five","data_table_plain",9,241.285073570907,0
"merged-main",100,2,1,"owned","five","dibble_bracket",9,193.192041479051,0
"merged-main",100,2,1,"owned","five","dplyr_dibble",9,79.335062764585,0
"merged-main",100,2,1,"owned","five","data_table_plain",10,268.837087787688,0
"merged-main",100,2,1,"owned","five","dplyr_plain",10,529.802055098116,0
"merged-main",100,2,1,"owned","five","dplyr_dibble",10,77.1210761740804,0
"merged-main",100,2,1,"owned","five","dibble_bracket",10,204.836018383503,0
"merged-main",100,2,1,"owned","five","dibble_bracket",11,191.716011613607,0
"merged-main",100,2,1,"owned","five","dplyr_dibble",11,74.9890459701419,0
"merged-main",100,2,1,"owned","five","data_table_plain",11,239.563058130443,0
"merged-main",100,2,1,"owned","five","dplyr_plain",11,525.333103723824,0
"merged-main",100,2,1,"owned","five","dibble_bracket",12,198.522000573575,0
"merged-main",100,2,1,"owned","five","dplyr_plain",12,508.400029502809,0
"merged-main",100,2,1,"owned","five","data_table_plain",12,239.931978285313,0
"merged-main",100,2,1,"owned","five","dplyr_dibble",12,78.0230620875955,0
"merged-main",100,2,1,"owned","five","dibble_bracket",13,190.855003893375,0
"merged-main",100,2,1,"owned","five","dplyr_dibble",13,77.2030325606465,0
"merged-main",100,2,1,"owned","five","data_table_plain",13,238.619977608323,0
"merged-main",100,2,1,"owned","five","dplyr_plain",13,503.930961713195,0
"merged-main",100,2,1,"owned","five","data_table_plain",14,237.02101316303,0
"merged-main",100,2,1,"owned","five","dibble_bracket",14,191.01903308183,0
"merged-main",100,2,1,"owned","five","dplyr_plain",14,495.198066346347,0
"merged-main",100,2,1,"owned","five","dplyr_dibble",14,79.1300553828478,0
"merged-main",100,2,1,"owned","five","data_table_plain",15,251.001911237836,0
"merged-main",100,2,1,"owned","five","dplyr_dibble",15,73.4719214960933,0
"merged-main",100,2,1,"owned","five","dplyr_plain",15,512.212980538607,0
"merged-main",100,2,1,"owned","five","dibble_bracket",15,204.344047233462,0
"merged-main",100,2,1,"owned","five","dplyr_plain",16,503.808027133346,0
"merged-main",100,2,1,"owned","five","data_table_plain",16,240.38297124207,0
"merged-main",100,2,1,"owned","five","dplyr_dibble",16,73.1030013412237,0
"merged-main",100,2,1,"owned","five","dibble_bracket",16,194.955035112798,0
"merged-main",100,2,1,"owned","five","dplyr_dibble",17,71.3809859007597,0
"merged-main",100,2,1,"owned","five","data_table_plain",17,230.542966164649,0
"merged-main",100,2,1,"owned","five","dibble_bracket",17,194.011954590678,0
"merged-main",100,2,1,"owned","five","dplyr_plain",17,499.789952300489,0
"merged-main",100,2,1,"owned","five","dplyr_dibble",18,72.8570157662034,0
"merged-main",100,2,1,"owned","five","dibble_bracket",18,196.635955944657,0
"merged-main",100,2,1,"owned","five","dplyr_plain",18,494.665000587702,0
"merged-main",100,2,1,"owned","five","data_table_plain",18,234.520062804222,0
"merged-main",100,2,1,"owned","five","data_table_plain",19,228.001037612557,0
"merged-main",100,2,1,"owned","five","dplyr_plain",19,496.3050596416,0
"merged-main",100,2,1,"owned","five","dplyr_dibble",19,74.9890459701419,0
"merged-main",100,2,1,"owned","five","dibble_bracket",19,199.588015675545,0
"merged-main",100,2,1,"owned","five","dplyr_dibble",20,74.3740238249302,0
"merged-main",100,2,1,"owned","five","dplyr_plain",20,509.712030179799,0
"merged-main",100,2,1,"owned","five","data_table_plain",20,236.570020206273,0
"merged-main",100,2,1,"owned","five","dibble_bracket",20,223.163049668074,0
"merged-main",100,100,1,"plain","scalar","dibble_bracket",1,546.899042092264,0
"merged-main",100,100,1,"plain","scalar","dplyr_dibble",1,1738.3589874953,0
"merged-main",100,100,1,"plain","scalar","repl",1,422.79192712158,0
"merged-main",100,100,1,"plain","scalar","data_table_plain",1,232.920981943607,0
"merged-main",100,100,1,"plain","scalar","dplyr_plain",1,534.434919245541,0
"merged-main",100,100,1,"plain","scalar","dplyr_plain",2,506.513984873891,0
"merged-main",100,100,1,"plain","scalar","dplyr_dibble",2,1685.87896041572,0
"merged-main",100,100,1,"plain","scalar","repl",2,437.633949331939,0
"merged-main",100,100,1,"plain","scalar","data_table_plain",2,236.241961829364,0
"merged-main",100,100,1,"plain","scalar","dibble_bracket",2,587.161048315465,0
"merged-main",100,100,1,"plain","scalar","dplyr_plain",3,524.881994351745,0
"merged-main",100,100,1,"plain","scalar","dibble_bracket",3,563.381006941199,0
"merged-main",100,100,1,"plain","scalar","repl",3,493.18908713758,0
"merged-main",100,100,1,"plain","scalar","data_table_plain",3,224.10589735955,0
"merged-main",100,100,1,"plain","scalar","dplyr_dibble",3,1695.51395811141,0
"merged-main",100,100,1,"plain","scalar","dplyr_plain",4,525.087001733482,0
"merged-main",100,100,1,"plain","scalar","dibble_bracket",4,557.394931092858,0
"merged-main",100,100,1,"plain","scalar","repl",4,490.113976411521,0
"merged-main",100,100,1,"plain","scalar","dplyr_dibble",4,1703.22204940021,0
"merged-main",100,100,1,"plain","scalar","data_table_plain",4,208.443962037563,0
"merged-main",100,100,1,"plain","scalar","dibble_bracket",5,562.725006602705,0
"merged-main",100,100,1,"plain","scalar","repl",5,433.575012721121,0
"merged-main",100,100,1,"plain","scalar","dplyr_plain",5,542.224966920912,0
"merged-main",100,100,1,"plain","scalar","dplyr_dibble",5,1716.21900517493,0
"merged-main",100,100,1,"plain","scalar","data_table_plain",5,204.754061996937,0
"merged-main",100,100,1,"plain","scalar","dplyr_dibble",6,1676.20298452675,0
"merged-main",100,100,1,"plain","scalar","data_table_plain",6,199.30093549192,0
"merged-main",100,100,1,"plain","scalar","dplyr_plain",6,515.370047651231,0
"merged-main",100,100,1,"plain","scalar","repl",6,442.717922851443,0
"merged-main",100,100,1,"plain","scalar","dibble_bracket",6,550.015014596283,0
"merged-main",100,100,1,"plain","scalar","data_table_plain",7,205.245916731656,0
"merged-main",100,100,1,"plain","scalar","dplyr_dibble",7,1681.94295838475,0
"merged-main",100,100,1,"plain","scalar","repl",7,430.499901995063,0
"merged-main",100,100,1,"plain","scalar","dplyr_plain",7,509.13798622787,0
"merged-main",100,100,1,"plain","scalar","dibble_bracket",7,538.042979314923,0
"merged-main",100,100,1,"plain","scalar","dibble_bracket",8,576.009042561054,0
"merged-main",100,100,1,"plain","scalar","dplyr_plain",8,524.841016158462,0
"merged-main",100,100,1,"plain","scalar","dplyr_dibble",8,1691.45502150059,0
"merged-main",100,100,1,"plain","scalar","repl",8,428.449944593012,0
"merged-main",100,100,1,"plain","scalar","data_table_plain",8,205.492018721998,0
"merged-main",100,100,1,"plain","scalar","dplyr_dibble",9,1678.17098554224,0
"merged-main",100,100,1,"plain","scalar","dibble_bracket",9,542.716938070953,0
"merged-main",100,100,1,"plain","scalar","dplyr_plain",9,507.293036207557,0
"merged-main",100,100,1,"plain","scalar","repl",9,429.188017733395,0
"merged-main",100,100,1,"plain","scalar","data_table_plain",9,216.561951674521,0
"merged-main",100,100,1,"plain","scalar","dplyr_dibble",10,1703.71402055025,0
"merged-main",100,100,1,"plain","scalar","dibble_bracket",10,546.160968951881,0
"merged-main",100,100,1,"plain","scalar","repl",10,429.761945270002,0
"merged-main",100,100,1,"plain","scalar","data_table_plain",10,200.325972400606,0
"merged-main",100,100,1,"plain","scalar","dplyr_plain",10,526.193995028734,0
"merged-main",100,100,1,"plain","scalar","data_table_plain",11,200.49000158906,0
"merged-main",100,100,1,"plain","scalar","dplyr_dibble",11,1672.06197511405,0
"merged-main",100,100,1,"plain","scalar","dplyr_plain",11,507.662072777748,0
"merged-main",100,100,1,"plain","scalar","repl",11,430.746003985405,0
"merged-main",100,100,1,"plain","scalar","dibble_bracket",11,541.404937393963,0
"merged-main",100,100,1,"plain","scalar","data_table_plain",12,196.471926756203,0
"merged-main",100,100,1,"plain","scalar","repl",12,428.490922786295,0
"merged-main",100,100,1,"plain","scalar","dplyr_dibble",12,1670.50398886204,0
"merged-main",100,100,1,"plain","scalar","dplyr_plain",12,509.097008034587,0
"merged-main",100,100,1,"plain","scalar","dibble_bracket",12,539.273023605347,0
"merged-main",100,100,1,"plain","scalar","dibble_bracket",13,535.910949110985,0
"merged-main",100,100,1,"plain","scalar","dplyr_plain",13,504.505005665123,0
"merged-main",100,100,1,"plain","scalar","dplyr_dibble",13,1665.83003010601,0
"merged-main",100,100,1,"plain","scalar","repl",13,430.212938226759,0
"merged-main",100,100,1,"plain","scalar","data_table_plain",13,195.611035451293,0
"merged-main",100,100,1,"plain","scalar","dplyr_plain",14,504.013034515083,0
"merged-main",100,100,1,"plain","scalar","dibble_bracket",14,530.08901886642,0
"merged-main",100,100,1,"plain","scalar","dplyr_dibble",14,1659.31100491434,0
"merged-main",100,100,1,"plain","scalar","data_table_plain",14,199.464964680374,0
"merged-main",100,100,1,"plain","scalar","repl",14,429.023988544941,0
"merged-main",100,100,1,"plain","scalar","dplyr_plain",15,509.998993948102,0
"merged-main",100,100,1,"plain","scalar","dplyr_dibble",15,1666.15797206759,0
"merged-main",100,100,1,"plain","scalar","repl",15,432.181055657566,0
"merged-main",100,100,1,"plain","scalar","dibble_bracket",15,538.289081305265,0
"merged-main",100,100,1,"plain","scalar","data_table_plain",15,206.886092200875,0
"merged-main",100,100,1,"plain","scalar","data_table_plain",16,188.312958925962,0
"merged-main",100,100,1,"plain","scalar","dplyr_plain",16,522.749964147806,0
"merged-main",100,100,1,"plain","scalar","repl",16,432.221917435527,0
"merged-main",100,100,1,"plain","scalar","dplyr_dibble",16,1680.05703017116,0
"merged-main",100,100,1,"plain","scalar","dibble_bracket",16,547.718955203891,0
"merged-main",100,100,1,"plain","scalar","dibble_bracket",17,615.738099440932,0
"merged-main",100,100,1,"plain","scalar","dplyr_dibble",17,1650.98800789565,0
"merged-main",100,100,1,"plain","scalar","repl",17,432.95999057591,0
"merged-main",100,100,1,"plain","scalar","data_table_plain",17,194.996013306081,0
"merged-main",100,100,1,"plain","scalar","dplyr_plain",17,505.571020767093,0
"merged-main",100,100,1,"plain","scalar","repl",18,421.849079430103,0
"merged-main",100,100,1,"plain","scalar","dplyr_dibble",18,1664.06703647226,0
"merged-main",100,100,1,"plain","scalar","dibble_bracket",18,541.159068234265,0
"merged-main",100,100,1,"plain","scalar","data_table_plain",18,200.366950593889,0
"merged-main",100,100,1,"plain","scalar","dplyr_plain",18,503.479968756437,0
"merged-main",100,100,1,"plain","scalar","repl",19,429.720967076719,0
"merged-main",100,100,1,"plain","scalar","data_table_plain",19,191.674917005002,0
"merged-main",100,100,1,"plain","scalar","dplyr_plain",19,491.713057272136,0
"merged-main",100,100,1,"plain","scalar","dplyr_dibble",19,1668.74099522829,0
"merged-main",100,100,1,"plain","scalar","dibble_bracket",19,557.148945517838,0
"merged-main",100,100,1,"plain","scalar","data_table_plain",20,190.568040125072,0
"merged-main",100,100,1,"plain","scalar","repl",20,427.506980486214,0
"merged-main",100,100,1,"plain","scalar","dibble_bracket",20,545.341055840254,0
"merged-main",100,100,1,"plain","scalar","dplyr_dibble",20,1667.75705292821,0
"merged-main",100,100,1,"plain","scalar","dplyr_plain",20,509.753008373082,0
"merged-main",100,100,1,"plain","call","dplyr_plain",1,493.967905640602,0
"merged-main",100,100,1,"plain","call","dplyr_dibble",1,1697.85099569708,0
"merged-main",100,100,1,"plain","call","dibble_bracket",1,575.352925807238,0
"merged-main",100,100,1,"plain","call","repl",1,520.084984600544,0
"merged-main",100,100,1,"plain","call","data_table_plain",1,196.472043171525,0
"merged-main",100,100,1,"plain","call","dibble_bracket",2,568.79292242229,0
"merged-main",100,100,1,"plain","call","dplyr_plain",2,524.922972545028,0
"merged-main",100,100,1,"plain","call","repl",2,516.723026521504,0
"merged-main",100,100,1,"plain","call","data_table_plain",2,198.398949578404,0
"merged-main",100,100,1,"plain","call","dplyr_dibble",2,1735.28399318457,0
"merged-main",100,100,1,"plain","call","dibble_bracket",3,583.963003009558,0
"merged-main",100,100,1,"plain","call","data_table_plain",3,199.834001250565,0
"merged-main",100,100,1,"plain","call","dplyr_plain",3,511.351972818375,0
"merged-main",100,100,1,"plain","call","repl",3,519.92095541209,0
"merged-main",100,100,1,"plain","call","dplyr_dibble",3,1706.33802190423,0
"merged-main",100,100,1,"plain","call","repl",4,518.157961778343,0
"merged-main",100,100,1,"plain","call","dibble_bracket",4,651.449081487954,0
"merged-main",100,100,1,"plain","call","dplyr_dibble",4,1861.40008736402,0
"merged-main",100,100,1,"plain","call","data_table_plain",4,224.351999349892,0
"merged-main",100,100,1,"plain","call","dplyr_plain",4,517.338048666716,0
"merged-main",100,100,1,"plain","call","data_table_plain",5,195.364933460951,0
"merged-main",100,100,1,"plain","call","dibble_bracket",5,647.553941234946,0
"merged-main",100,100,1,"plain","call","dplyr_dibble",5,1750.86397211999,0
"merged-main",100,100,1,"plain","call","dplyr_plain",5,527.178053744137,0
"merged-main",100,100,1,"plain","call","repl",5,525.251030921936,0
"merged-main",100,100,1,"plain","call","data_table_plain",6,230.050995014608,0
"merged-main",100,100,1,"plain","call","dplyr_dibble",6,1789.69104308635,0
"merged-main",100,100,1,"plain","call","dplyr_plain",6,529.351062141359,0
"merged-main",100,100,1,"plain","call","repl",6,531.687983311713,0
"merged-main",100,100,1,"plain","call","dibble_bracket",6,588.800990954041,0
"merged-main",100,100,1,"plain","call","dibble_bracket",7,576.009042561054,0
"merged-main",100,100,1,"plain","call","dplyr_plain",7,519.879977218807,0
"merged-main",100,100,1,"plain","call","data_table_plain",7,208.977027796209,0
"merged-main",100,100,1,"plain","call","dplyr_dibble",7,1718.76105014235,0
"merged-main",100,100,1,"plain","call","repl",7,530.704041011631,0
"merged-main",100,100,1,"plain","call","repl",8,516.4360627532,0
"merged-main",100,100,1,"plain","call","dplyr_plain",8,519.019085913897,0
"merged-main",100,100,1,"plain","call","dplyr_dibble",8,1776.65299270302,0
"merged-main",100,100,1,"plain","call","data_table_plain",8,214.757979847491,0
"merged-main",100,100,1,"plain","call","dibble_bracket",8,609.177979640663,0
"merged-main",100,100,1,"plain","call","dplyr_plain",9,529.597047716379,0
"merged-main",100,100,1,"plain","call","repl",9,531.114055775106,0
"merged-main",100,100,1,"plain","call","dplyr_dibble",9,1764.80400841683,0
"merged-main",100,100,1,"plain","call","dibble_bracket",9,602.126005105674,0
"merged-main",100,100,1,"plain","call","data_table_plain",9,209.018005989492,0
"merged-main",100,100,1,"plain","call","dplyr_plain",10,532.918027602136,0
"merged-main",100,100,1,"plain","call","repl",10,528.612989000976,0
"merged-main",100,100,1,"plain","call","dibble_bracket",10,589.456991292536,0
"merged-main",100,100,1,"plain","call","data_table_plain",10,192.946055904031,0
"merged-main",100,100,1,"plain","call","dplyr_dibble",10,1713.22608366609,0
"merged-main",100,100,1,"plain","call","dibble_bracket",11,577.853992581367,0
"merged-main",100,100,1,"plain","call","dplyr_dibble",11,1711.33992262185,0
"merged-main",100,100,1,"plain","call","data_table_plain",11,204.426003620028,0
"merged-main",100,100,1,"plain","call","dplyr_plain",11,522.052985616028,0
"merged-main",100,100,1,"plain","call","repl",11,524.759059771895,0
"merged-main",100,100,1,"plain","call","dplyr_plain",12,518.281012773514,0
"merged-main",100,100,1,"plain","call","repl",12,524.554052390158,0
"merged-main",100,100,1,"plain","call","dplyr_dibble",12,1724.58298038691,0
"merged-main",100,100,1,"plain","call","dibble_bracket",12,594.704994000494,0
"merged-main",100,100,1,"plain","call","data_table_plain",12,190.731952898204,0
"merged-main",100,100,1,"plain","call","data_table_plain",13,195.364933460951,0
"merged-main",100,100,1,"plain","call","dplyr_plain",13,519.757042638958,0
"merged-main",100,100,1,"plain","call","repl",13,527.178053744137,0
"merged-main",100,100,1,"plain","call","dplyr_dibble",13,1736.47294286638,0
"merged-main",100,100,1,"plain","call","dibble_bracket",13,588.268041610718,0
"merged-main",100,100,1,"plain","call","dplyr_plain",14,516.108004376292,0
"merged-main",100,100,1,"plain","call","dibble_bracket",14,585.685018450022,0
"merged-main",100,100,1,"plain","call","data_table_plain",14,208.279932849109,0
"merged-main",100,100,1,"plain","call","repl",14,523.569993674755,0
"merged-main",100,100,1,"plain","call","dplyr_dibble",14,1724.41895119846,0
"merged-main",100,100,1,"plain","call","data_table_plain",15,204.34393081814,0
"merged-main",100,100,1,"plain","call","dplyr_dibble",15,1710.64294409007,0
"merged-main",100,100,1,"plain","call","repl",15,529.842916876078,0
"merged-main",100,100,1,"plain","call","dibble_bracket",15,580.805935896933,0
"merged-main",100,100,1,"plain","call","dplyr_plain",15,524.020986631513,0
"merged-main",100,100,1,"plain","call","repl",16,527.588068507612,0
"merged-main",100,100,1,"plain","call","data_table_plain",16,201.883958652616,0
"merged-main",100,100,1,"plain","call","dplyr_dibble",16,1749.10109490156,0
"merged-main",100,100,1,"plain","call","dplyr_plain",16,524.84089974314,0
"merged-main",100,100,1,"plain","call","dibble_bracket",16,586.299924179912,0
"merged-main",100,100,1,"plain","call","dplyr_dibble",17,1817.81698483974,0
"merged-main",100,100,1,"plain","call","data_table_plain",17,206.639990210533,0
"merged-main",100,100,1,"plain","call","dplyr_plain",17,520.249013788998,0
"merged-main",100,100,1,"plain","call","repl",17,532.713020220399,0
"merged-main",100,100,1,"plain","call","dibble_bracket",17,594.499986618757,0
"merged-main",100,100,1,"plain","call","repl",18,519.962050020695,0
"merged-main",100,100,1,"plain","call","dplyr_dibble",18,1711.99592296034,0
"merged-main",100,100,1,"plain","call","dibble_bracket",18,580.232008360326,0
"merged-main",100,100,1,"plain","call","data_table_plain",18,201.556016691029,0
"merged-main",100,100,1,"plain","call","dplyr_plain",18,565.06204418838,0
"merged-main",100,100,1,"plain","call","data_table_plain",19,227.877986617386,0
"merged-main",100,100,1,"plain","call","repl",19,520.249013788998,0
"merged-main",100,100,1,"plain","call","dibble_bracket",19,599.788967519999,0
"merged-main",100,100,1,"plain","call","dplyr_plain",19,530.458055436611,0
"merged-main",100,100,1,"plain","call","dplyr_dibble",19,1702.97594740987,0
"merged-main",100,100,1,"plain","call","data_table_plain",20,258.545973338187,0
"merged-main",100,100,1,"plain","call","repl",20,538.658001460135,0
"merged-main",100,100,1,"plain","call","dplyr_plain",20,533.737940713763,0
"merged-main",100,100,1,"plain","call","dplyr_dibble",20,1737.82603815198,0
"merged-main",100,100,1,"plain","call","dibble_bracket",20,635.336036793888,0
"merged-main",100,100,1,"plain","arithmetic","dibble_bracket",1,641.732010990381,0
"merged-main",100,100,1,"plain","arithmetic","repl",1,629.801070317626,0
"merged-main",100,100,1,"plain","arithmetic","dplyr_dibble",1,1727.41210553795,0
"merged-main",100,100,1,"plain","arithmetic","data_table_plain",1,203.892937861383,0
"merged-main",100,100,1,"plain","arithmetic","dplyr_plain",1,525.005045346916,0
"merged-main",100,100,1,"plain","arithmetic","repl",2,596.467987634242,0
"merged-main",100,100,1,"plain","arithmetic","dplyr_plain",2,516.231055371463,0
"merged-main",100,100,1,"plain","arithmetic","dplyr_dibble",2,1732.04496968538,0
"merged-main",100,100,1,"plain","arithmetic","dibble_bracket",2,660.509918816388,0
"merged-main",100,100,1,"plain","arithmetic","data_table_plain",2,204.835901968181,0
"merged-main",100,100,1,"plain","arithmetic","repl",3,601.264997385442,0
"merged-main",100,100,1,"plain","arithmetic","data_table_plain",3,196.43094856292,0
"merged-main",100,100,1,"plain","arithmetic","dibble_bracket",3,669.653061777353,0
"merged-main",100,100,1,"plain","arithmetic","dplyr_dibble",3,1898.21794629097,0
"merged-main",100,100,1,"plain","arithmetic","dplyr_plain",3,567.850074730814,0
"merged-main",100,100,1,"plain","arithmetic","dplyr_plain",4,567.93203111738,0
"merged-main",100,100,1,"plain","arithmetic","dplyr_dibble",4,1757.79301207513,0
"merged-main",100,100,1,"plain","arithmetic","repl",4,817.170948721468,0
"merged-main",100,100,1,"plain","arithmetic","data_table_plain",4,258.094980381429,0
"merged-main",100,100,1,"plain","arithmetic","dibble_bracket",4,726.76595300436,0
"merged-main",100,100,1,"plain","arithmetic","dibble_bracket",5,794.128980487585,0
"merged-main",100,100,1,"plain","arithmetic","data_table_plain",5,230.91200273484,0
"merged-main",100,100,1,"plain","arithmetic","repl",5,662.683043628931,0
"merged-main",100,100,1,"plain","arithmetic","dplyr_plain",5,593.310920521617,0
"merged-main",100,100,1,"plain","arithmetic","dplyr_dibble",5,1936.34803872555,0
"merged-main",100,100,1,"plain","arithmetic","dibble_bracket",6,761.533970944583,0
"merged-main",100,100,1,"plain","arithmetic","data_table_plain",6,232.018996030092,0
"merged-main",100,100,1,"plain","arithmetic","dplyr_dibble",6,1953.65003310144,0
"merged-main",100,100,1,"plain","arithmetic","repl",6,686.749932356179,0
"merged-main",100,100,1,"plain","arithmetic","dplyr_plain",6,580.76495770365,0
"merged-main",100,100,1,"plain","arithmetic","data_table_plain",7,229.640980251133,0
"merged-main",100,100,1,"plain","arithmetic","dplyr_dibble",7,1908.22198055685,0
"merged-main",100,100,1,"plain","arithmetic","repl",7,725.904945284128,0
"merged-main",100,100,1,"plain","arithmetic","dplyr_plain",7,603.068969212472,0
"merged-main",100,100,1,"plain","arithmetic","dibble_bracket",7,710.038002580404,0
"merged-main",100,100,1,"plain","arithmetic","dplyr_plain",8,619.468977674842,0
"merged-main",100,100,1,"plain","arithmetic","dplyr_dibble",8,2018.96298676729,0
"merged-main",100,100,1,"plain","arithmetic","dibble_bracket",8,911.675975658,0
"merged-main",100,100,1,"plain","arithmetic","repl",8,829.183962196112,0
"merged-main",100,100,1,"plain","arithmetic","data_table_plain",8,204.302952624857,0
"merged-main",100,100,1,"plain","arithmetic","data_table_plain",9,196.308013983071,0
"merged-main",100,100,1,"plain","arithmetic","dibble_bracket",9,650.956993922591,0
"merged-main",100,100,1,"plain","arithmetic","dplyr_plain",9,520.986970514059,0
"merged-main",100,100,1,"plain","arithmetic","repl",9,589.948962442577,0
"merged-main",100,100,1,"plain","arithmetic","dplyr_dibble",9,1809.73997339606,0
"merged-main",100,100,1,"plain","arithmetic","dplyr_plain",10,532.918027602136,0
"merged-main",100,100,1,"plain","arithmetic","repl",10,618.812977336347,0
"merged-main",100,100,1,"plain","arithmetic","dibble_bracket",10,664.60995003581,0
"merged-main",100,100,1,"plain","arithmetic","dplyr_dibble",10,1730.73308542371,0
"merged-main",100,100,1,"plain","arithmetic","data_table_plain",10,205.943011678755,0
"merged-main",100,100,1,"plain","arithmetic","data_table_plain",11,238.251057453454,0
"merged-main",100,100,1,"plain","arithmetic","dplyr_dibble",11,1906.33593592793,0
"merged-main",100,100,1,"plain","arithmetic","dplyr_plain",11,544.151989743114,0
"merged-main",100,100,1,"plain","arithmetic","repl",11,602.617976255715,0
"merged-main",100,100,1,"plain","arithmetic","dibble_bracket",11,645.298976451159,0
"merged-main",100,100,1,"plain","arithmetic","dplyr_plain",12,562.028028070927,0
"merged-main",100,100,1,"plain","arithmetic","repl",12,627.996982075274,0
"merged-main",100,100,1,"plain","arithmetic","dibble_bracket",12,660.30491143465,0
"merged-main",100,100,1,"plain","arithmetic","dplyr_dibble",12,1791.94600787014,0
"merged-main",100,100,1,"plain","arithmetic","data_table_plain",12,210.862956009805,0
"merged-main",100,100,1,"plain","arithmetic","dplyr_dibble",13,1719.826948829,0
"merged-main",100,100,1,"plain","arithmetic","dplyr_plain",13,520.986970514059,0
"merged-main",100,100,1,"plain","arithmetic","repl",13,600.64997524023,0
"merged-main",100,100,1,"plain","arithmetic","dibble_bracket",13,716.269947588444,0
"merged-main",100,100,1,"plain","arithmetic","data_table_plain",13,223.081093281507,0
"merged-main",100,100,1,"plain","arithmetic","dplyr_plain",14,537.878950126469,0
"merged-main",100,100,1,"plain","arithmetic","repl",14,613.318989053369,0
"merged-main",100,100,1,"plain","arithmetic","dibble_bracket",14,659.074983559549,0
"merged-main",100,100,1,"plain","arithmetic","dplyr_dibble",14,1742.41792410612,0
"merged-main",100,100,1,"plain","arithmetic","data_table_plain",14,202.04798784107,0
"merged-main",100,100,1,"plain","arithmetic","dplyr_plain",15,520.207919180393,0
"merged-main",100,100,1,"plain","arithmetic","repl",15,598.435988649726,0
"merged-main",100,100,1,"plain","arithmetic","dplyr_dibble",15,1738.3589874953,0
"merged-main",100,100,1,"plain","arithmetic","data_table_plain",15,199.506059288979,0
"merged-main",100,100,1,"plain","arithmetic","dibble_bracket",15,658.542034216225,0
"merged-main",100,100,1,"plain","arithmetic","repl",16,601.388048380613,0
"merged-main",100,100,1,"plain","arithmetic","dibble_bracket",16,653.663068078458,0
"merged-main",100,100,1,"plain","arithmetic","dplyr_dibble",16,1728.10908406973,0
"merged-main",100,100,1,"plain","arithmetic","data_table_plain",16,204.876996576786,0
"merged-main",100,100,1,"plain","arithmetic","dplyr_plain",16,523.98000843823,0
"merged-main",100,100,1,"plain","arithmetic","data_table_plain",17,215.864973142743,0
"merged-main",100,100,1,"plain","arithmetic","dplyr_dibble",17,1744.71398349851,0
"merged-main",100,100,1,"plain","arithmetic","dibble_bracket",17,654.114061035216,0
"merged-main",100,100,1,"plain","arithmetic","repl",17,588.759896345437,0
"merged-main",100,100,1,"plain","arithmetic","dplyr_plain",17,521.35600708425,0
"merged-main",100,100,1,"plain","arithmetic","dibble_bracket",18,652.719987556338,0
"merged-main",100,100,1,"plain","arithmetic","data_table_plain",18,203.359988518059,0
"merged-main",100,100,1,"plain","arithmetic","dplyr_dibble",18,1728.43690961599,0
"merged-main",100,100,1,"plain","arithmetic","dplyr_plain",18,514.590996317565,0
"merged-main",100,100,1,"plain","arithmetic","repl",18,581.830972805619,0
"merged-main",100,100,1,"plain","arithmetic","dibble_bracket",19,653.048045933247,0
"merged-main",100,100,1,"plain","arithmetic","dplyr_dibble",19,1712.36495953053,0
"merged-main",100,100,1,"plain","arithmetic","dplyr_plain",19,523.324008099735,0
"merged-main",100,100,1,"plain","arithmetic","data_table_plain",19,201.145885512233,0
"merged-main",100,100,1,"plain","arithmetic","repl",19,597.493024542928,0
"merged-main",100,100,1,"plain","arithmetic","repl",20,581.174972467124,0
"merged-main",100,100,1,"plain","arithmetic","dibble_bracket",20,664.445920847356,0
"merged-main",100,100,1,"plain","arithmetic","dplyr_plain",20,522.339949384332,0
"merged-main",100,100,1,"plain","arithmetic","dplyr_dibble",20,1733.64405054599,0
"merged-main",100,100,1,"plain","arithmetic","data_table_plain",20,202.908995561302,0
"merged-main",100,100,1,"plain","create","dplyr_dibble",1,2008.22099577636,0
"merged-main",100,100,1,"plain","create","data_table_plain",1,230.788951739669,0
"merged-main",100,100,1,"plain","create","gen",1,578.756094910204,0
"merged-main",100,100,1,"plain","create","dibble_bracket",1,659.56695470959,0
"merged-main",100,100,1,"plain","create","dplyr_plain",1,515.984953381121,0
"merged-main",100,100,1,"plain","create","gen",2,639.518024399877,0
"merged-main",100,100,1,"plain","create","dibble_bracket",2,658.828997984529,0
"merged-main",100,100,1,"plain","create","dplyr_plain",2,528.858974575996,0
"merged-main",100,100,1,"plain","create","dplyr_dibble",2,1743.11501905322,0
"merged-main",100,100,1,"plain","create","data_table_plain",2,268.099014647305,0
"merged-main",100,100,1,"plain","create","dplyr_dibble",3,1778.04694976658,0
"merged-main",100,100,1,"plain","create","gen",3,584.82401072979,0
"merged-main",100,100,1,"plain","create","dplyr_plain",3,530.745019204915,0
"merged-main",100,100,1,"plain","create","dibble_bracket",3,728.979939594865,0
"merged-main",100,100,1,"plain","create","data_table_plain",3,244.81094442308,0
"merged-main",100,100,1,"plain","create","dplyr_plain",4,543.209025636315,0
"merged-main",100,100,1,"plain","create","data_table_plain",4,228.247023187578,0
"merged-main",100,100,1,"plain","create","dibble_bracket",4,668.7919376418,0
"merged-main",100,100,1,"plain","create","dplyr_dibble",4,1831.67506475002,0
"merged-main",100,100,1,"plain","create","gen",4,598.805025219917,0
"merged-main",100,100,1,"plain","create","dplyr_plain",5,528.367003425956,0
"merged-main",100,100,1,"plain","create","dibble_bracket",5,667.97190811485,0
"merged-main",100,100,1,"plain","create","data_table_plain",5,271.953060291708,0
"merged-main",100,100,1,"plain","create","dplyr_dibble",5,1774.06996954232,0
"merged-main",100,100,1,"plain","create","gen",5,587.57106307894,0
"merged-main",100,100,1,"plain","create","dplyr_plain",6,529.268989339471,0
"merged-main",100,100,1,"plain","create","dibble_bracket",6,661.452999338508,0
"merged-main",100,100,1,"plain","create","data_table_plain",6,228.575081564486,0
"merged-main",100,100,1,"plain","create","gen",6,590.563984587789,0
"merged-main",100,100,1,"plain","create","dplyr_dibble",6,1749.06000029296,0
"merged-main",100,100,1,"plain","create","dplyr_plain",7,521.807000041008,0
"merged-main",100,100,1,"plain","create","data_table_plain",7,239.440007135272,0
"merged-main",100,100,1,"plain","create","dibble_bracket",7,667.151995003223,0
"merged-main",100,100,1,"plain","create","gen",7,574.000063352287,0
"merged-main",100,100,1,"plain","create","dplyr_dibble",7,1723.39403070509,0
"merged-main",100,100,1,"plain","create","data_table_plain",8,225.745956413448,0
"merged-main",100,100,1,"plain","create","dplyr_dibble",8,1716.25998336822,0
"merged-main",100,100,1,"plain","create","dibble_bracket",8,650.915899313986,0
"merged-main",100,100,1,"plain","create","dplyr_plain",8,607.947935350239,0
"merged-main",100,100,1,"plain","create","gen",8,591.670977883041,0
"merged-main",100,100,1,"plain","create","data_table_plain",9,228.16495038569,0
"merged-main",100,100,1,"plain","create","gen",9,586.956040933728,0
"merged-main",100,100,1,"plain","create","dibble_bracket",9,661.576050333679,0
"merged-main",100,100,1,"plain","create","dplyr_dibble",9,1743.811997585,0
"merged-main",100,100,1,"plain","create","dplyr_plain",9,524.349045008421,0
"merged-main",100,100,1,"plain","create","dibble_bracket",10,662.273028865457,0
"merged-main",100,100,1,"plain","create","data_table_plain",10,225.991941988468,0
"merged-main",100,100,1,"plain","create","dplyr_dibble",10,1755.86598925292,0
"merged-main",100,100,1,"plain","create","dplyr_plain",10,519.92095541209,0
"merged-main",100,100,1,"plain","create","gen",10,578.140956349671,0
"merged-main",100,100,1,"plain","create","dibble_bracket",11,658.501056022942,0
"merged-main",100,100,1,"plain","create","dplyr_plain",11,516.476924531162,0
"merged-main",100,100,1,"plain","create","data_table_plain",11,235.093990340829,0
"merged-main",100,100,1,"plain","create","dplyr_dibble",11,1734.46396365762,0
"merged-main",100,100,1,"plain","create","gen",11,576.541991904378,0
"merged-main",100,100,1,"plain","create","dplyr_plain",12,514.960032887757,0
"merged-main",100,100,1,"plain","create","gen",12,591.957941651344,0
"merged-main",100,100,1,"plain","create","data_table_plain",12,225.622905418277,0
"merged-main",100,100,1,"plain","create","dibble_bracket",12,659.772078506649,0
"merged-main",100,100,1,"plain","create","dplyr_dibble",12,1718.31005718559,0
"merged-main",100,100,1,"plain","create","data_table_plain",13,229.60000205785,0
"merged-main",100,100,1,"plain","create","dplyr_plain",13,521.643087267876,0
"merged-main",100,100,1,"plain","create","dplyr_dibble",13,1726.14108305424,0
"merged-main",100,100,1,"plain","create","gen",13,573.261990211904,0
"merged-main",100,100,1,"plain","create","dibble_bracket",13,639.435951597989,0
"merged-main",100,100,1,"plain","create","dibble_bracket",14,640.952959656715,0
"merged-main",100,100,1,"plain","create","dplyr_plain",14,514.385988935828,0
"merged-main",100,100,1,"plain","create","data_table_plain",14,221.153954043984,0
"merged-main",100,100,1,"plain","create","gen",14,567.727023735642,0
"merged-main",100,100,1,"plain","create","dplyr_dibble",14,1720.31903639436,0
"merged-main",100,100,1,"plain","create","dplyr_dibble",15,1712.07799576223,0
"merged-main",100,100,1,"plain","create","dplyr_plain",15,517.952954396605,0
"merged-main",100,100,1,"plain","create","data_table_plain",15,223.285984247923,0
"merged-main",100,100,1,"plain","create","gen",15,575.722078792751,0
"merged-main",100,100,1,"plain","create","dibble_bracket",15,657.435040920973,0
"merged-main",100,100,1,"plain","create","gen",16,566.12805929035,0
"merged-main",100,100,1,"plain","create","dplyr_plain",16,512.622995302081,0
"merged-main",100,100,1,"plain","create","dibble_bracket",16,651.612994261086,0
"merged-main",100,100,1,"plain","create","dplyr_dibble",16,1706.21497090906,0
"merged-main",100,100,1,"plain","create","data_table_plain",16,223.860028199852,0
"merged-main",100,100,1,"plain","create","gen",17,568.998046219349,0
"merged-main",100,100,1,"plain","create","data_table_plain",17,221.154070459306,0
"merged-main",100,100,1,"plain","create","dplyr_plain",17,498.765031807125,0
"merged-main",100,100,1,"plain","create","dplyr_dibble",17,1727.98603307456,0
"merged-main",100,100,1,"plain","create","dibble_bracket",17,663.339043967426,0
"merged-main",100,100,1,"plain","create","dibble_bracket",18,642.79802609235,0
"merged-main",100,100,1,"plain","create","gen",18,556.780025362968,0
"merged-main",100,100,1,"plain","create","dplyr_plain",18,516.353989951313,0
"merged-main",100,100,1,"plain","create","dplyr_dibble",18,1711.95494476706,0
"merged-main",100,100,1,"plain","create","data_table_plain",18,221.071997657418,0
"merged-main",100,100,1,"plain","create","dplyr_plain",19,513.073988258839,0
"merged-main",100,100,1,"plain","create","gen",19,573.180033825338,0
"merged-main",100,100,1,"plain","create","dibble_bracket",19,639.476929791272,0
"merged-main",100,100,1,"plain","create","data_table_plain",19,219.801091589034,0
"merged-main",100,100,1,"plain","create","dplyr_dibble",19,1722.04105183482,0
"merged-main",100,100,1,"plain","create","data_table_plain",20,219.309004023671,0
"merged-main",100,100,1,"plain","create","dplyr_dibble",20,1713.38999643922,0
"merged-main",100,100,1,"plain","create","dplyr_plain",20,515.902996994555,0
"merged-main",100,100,1,"plain","create","gen",20,567.522016353905,0
"merged-main",100,100,1,"plain","create","dibble_bracket",20,638.49298749119,0
"merged-main",100,100,1,"plain","five","dplyr_plain",1,633.94196331501,0
"merged-main",100,100,1,"plain","five","dibble_bracket",1,1992.02599469572,0
"merged-main",100,100,1,"plain","five","dplyr_dibble",1,2577.91590411216,0
"merged-main",100,100,1,"plain","five","data_table_plain",1,244.318973273039,0
"merged-main",100,100,1,"plain","five","data_table_plain",2,228.123972192407,0
"merged-main",100,100,1,"plain","five","dplyr_plain",2,655.999989248812,0
"merged-main",100,100,1,"plain","five","dplyr_dibble",2,2599.27695151418,0
"merged-main",100,100,1,"plain","five","dibble_bracket",2,1998.70893266052,0
"merged-main",100,100,1,"plain","five","dibble_bracket",3,1982.02196042985,0
"merged-main",100,100,1,"plain","five","data_table_plain",3,242.023030295968,0
"merged-main",100,100,1,"plain","five","dplyr_dibble",3,2588.61691690981,0
"merged-main",100,100,1,"plain","five","dplyr_plain",3,651.858979836106,0
"merged-main",100,100,1,"plain","five","dplyr_dibble",4,2615.71805458516,0
"merged-main",100,100,1,"plain","five","data_table_plain",4,242.104986682534,0
"merged-main",100,100,1,"plain","five","dibble_bracket",4,2017.85599347204,0
"merged-main",100,100,1,"plain","five","dplyr_plain",4,650.301109999418,0
"merged-main",100,100,1,"plain","five","dibble_bracket",5,2015.68298507482,0
"merged-main",100,100,1,"plain","five","dplyr_dibble",5,2580.04805073142,0
"merged-main",100,100,1,"plain","five","dplyr_plain",5,657.927012071013,0
"merged-main",100,100,1,"plain","five","data_table_plain",5,238.497043028474,0
"merged-main",100,100,1,"plain","five","dibble_bracket",6,2013.7969404459,0
"merged-main",100,100,1,"plain","five","dplyr_dibble",6,2584.64005310088,0
"merged-main",100,100,1,"plain","five","dplyr_plain",6,654.565053991973,0
"merged-main",100,100,1,"plain","five","data_table_plain",6,238.865963183343,0
"merged-main",100,100,1,"plain","five","dplyr_plain",7,650.423928163946,0
"merged-main",100,100,1,"plain","five","dibble_bracket",7,1987.22898494452,0
"merged-main",100,100,1,"plain","five","dplyr_dibble",7,2595.83292063326,0
"merged-main",100,100,1,"plain","five","data_table_plain",7,237.594940699637,0
"merged-main",100,100,1,"plain","five","dibble_bracket",8,2015.23199211806,0
"merged-main",100,100,1,"plain","five","data_table_plain",8,235.504005104303,0
"merged-main",100,100,1,"plain","five","dplyr_dibble",8,2590.21599777043,0
"merged-main",100,100,1,"plain","five","dplyr_plain",8,652.063987217844,0
"merged-main",100,100,1,"plain","five","data_table_plain",9,239.480985328555,0
"merged-main",100,100,1,"plain","five","dibble_bracket",9,2007.23693706095,0
"merged-main",100,100,1,"plain","five","dplyr_plain",9,660.181976854801,0
"merged-main",100,100,1,"plain","five","dplyr_dibble",9,2600.38394480944,0
"merged-main",100,100,1,"plain","five","dplyr_plain",10,649.808906018734,0
"merged-main",100,100,1,"plain","five","data_table_plain",10,236.979918554425,0
"merged-main",100,100,1,"plain","five","dplyr_dibble",10,2605.9600058943,0
"merged-main",100,100,1,"plain","five","dibble_bracket",10,1997.92999774218,0
"merged-main",100,100,1,"plain","five","dibble_bracket",11,1978.61902415752,0
"merged-main",100,100,1,"plain","five","data_table_plain",11,232.674996368587,0
"merged-main",100,100,1,"plain","five","dplyr_dibble",11,2592.38900616765,0
"merged-main",100,100,1,"plain","five","dplyr_plain",11,642.346916720271,0
"merged-main",100,100,1,"plain","five","dplyr_plain",12,640.952959656715,0
"merged-main",100,100,1,"plain","five","dplyr_dibble",12,2615.63598178327,0
"merged-main",100,100,1,"plain","five","dibble_bracket",12,1958.32399185747,0
"merged-main",100,100,1,"plain","five","data_table_plain",12,238.291919231415,0
"merged-main",100,100,1,"plain","five","dplyr_dibble",13,2603.29490993172,0
"merged-main",100,100,1,"plain","five","dplyr_plain",13,651.326030492783,0
"merged-main",100,100,1,"plain","five","dibble_bracket",13,2022.03798107803,0
"merged-main",100,100,1,"plain","five","data_table_plain",13,239.440007135272,0
"merged-main",100,100,1,"plain","five","data_table_plain",14,230.050995014608,0
"merged-main",100,100,1,"plain","five","dplyr_dibble",14,2587.55101822317,0
"merged-main",100,100,1,"plain","five","dibble_bracket",14,2010.35290956497,0
"merged-main",100,100,1,"plain","five","dplyr_plain",14,659.526092931628,0
"merged-main",100,100,1,"plain","five","dplyr_plain",15,637.75503076613,0
"merged-main",100,100,1,"plain","five","dibble_bracket",15,1992.06697288901,0
"merged-main",100,100,1,"plain","five","dplyr_dibble",15,2590.01099038869,0
"merged-main",100,100,1,"plain","five","data_table_plain",15,233.617960475385,0
"merged-main",100,100,1,"plain","five","data_table_plain",16,234.069069847465,0
"merged-main",100,100,1,"plain","five","dplyr_plain",16,654.277973808348,0
"merged-main",100,100,1,"plain","five","dibble_bracket",16,1998.70904907584,0
"merged-main",100,100,1,"plain","five","dplyr_dibble",16,2666.47594980896,0
"merged-main",100,100,1,"plain","five","dplyr_dibble",17,2583.45110341907,0
"merged-main",100,100,1,"plain","five","data_table_plain",17,238.660955801606,0
"merged-main",100,100,1,"plain","five","dplyr_plain",17,651.695067062974,0
"merged-main",100,100,1,"plain","five","dibble_bracket",17,2013.63302767277,0
"merged-main",100,100,1,"plain","five","dplyr_dibble",18,2656.63594473153,0
"merged-main",100,100,1,"plain","five","dibble_bracket",18,2010.96793171018,0
"merged-main",100,100,1,"plain","five","data_table_plain",18,242.597074247897,0
"merged-main",100,100,1,"plain","five","dplyr_plain",18,672.194990329444,0
"merged-main",100,100,1,"plain","five","dplyr_plain",19,639.887060970068,0
"merged-main",100,100,1,"plain","five","dplyr_dibble",19,2602.68000420183,0
"merged-main",100,100,1,"plain","five","data_table_plain",19,239.030108787119,0
"merged-main",100,100,1,"plain","five","dibble_bracket",19,2020.15205286443,0
"merged-main",100,100,1,"plain","five","dibble_bracket",20,1981.32498189807,0
"merged-main",100,100,1,"plain","five","dplyr_dibble",20,2589.19096086174,0
"merged-main",100,100,1,"plain","five","dplyr_plain",20,648.620072752237,0
"merged-main",100,100,1,"plain","five","data_table_plain",20,236.692954786122,0
"merged-main",100,100,1,"owned","scalar","dplyr_plain",1,503.480085171759,0
"merged-main",100,100,1,"owned","scalar","dibble_bracket",1,140.547985211015,0
"merged-main",100,100,1,"owned","scalar","data_table_plain",1,186.960096471012,0
"merged-main",100,100,1,"owned","scalar","repl",1,110.905035398901,0
"merged-main",100,100,1,"owned","scalar","dplyr_dibble",1,107.706990092993,0
"merged-main",100,100,1,"owned","scalar","repl",2,106.518040411174,0
"merged-main",100,100,1,"owned","scalar","data_table_plain",2,193.150946870446,0
"merged-main",100,100,1,"owned","scalar","dibble_bracket",2,143.008073791862,0
"merged-main",100,100,1,"owned","scalar","dplyr_dibble",2,105.4109307006,0
"merged-main",100,100,1,"owned","scalar","dplyr_plain",2,519.264955073595,0
"merged-main",100,100,1,"owned","scalar","dplyr_plain",3,505.775911733508,0
"merged-main",100,100,1,"owned","scalar","repl",3,110.741006210446,0
"merged-main",100,100,1,"owned","scalar","data_table_plain",3,211.560050956905,0
"merged-main",100,100,1,"owned","scalar","dibble_bracket",3,142.680015414953,0
"merged-main",100,100,1,"owned","scalar","dplyr_dibble",3,103.975995443761,0
"merged-main",100,100,1,"owned","scalar","dplyr_dibble",4,100.039993412793,0
"merged-main",100,100,1,"owned","scalar","data_table_plain",4,192.905077710748,0
"merged-main",100,100,1,"owned","scalar","dibble_bracket",4,150.756910443306,0
"merged-main",100,100,1,"owned","scalar","dplyr_plain",4,503.316055983305,0
"merged-main",100,100,1,"owned","scalar","repl",4,109.347049146891,0
"merged-main",100,100,1,"owned","scalar","repl",5,109.839020296931,0
"merged-main",100,100,1,"owned","scalar","dplyr_plain",5,503.603019751608,0
"merged-main",100,100,1,"owned","scalar","data_table_plain",5,195.077969692647,0
"merged-main",100,100,1,"owned","scalar","dplyr_dibble",5,103.197060525417,0
"merged-main",100,100,1,"owned","scalar","dibble_bracket",5,155.718065798283,0
"merged-main",100,100,1,"owned","scalar","dplyr_plain",6,511.926016770303,0
"merged-main",100,100,1,"owned","scalar","repl",6,110.41306424886,0
"merged-main",100,100,1,"owned","scalar","dibble_bracket",6,137.472990900278,0
"merged-main",100,100,1,"owned","scalar","data_table_plain",6,193.643034435809,0
"merged-main",100,100,1,"owned","scalar","dplyr_dibble",6,100.450008176267,0
"merged-main",100,100,1,"owned","scalar","data_table_plain",7,198.398949578404,0
"merged-main",100,100,1,"owned","scalar","repl",7,110.65904982388,0
"merged-main",100,100,1,"owned","scalar","dplyr_plain",7,503.807910718024,0
"merged-main",100,100,1,"owned","scalar","dplyr_dibble",7,107.215018942952,0
"merged-main",100,100,1,"owned","scalar","dibble_bracket",7,139.564042910933,0
"merged-main",100,100,1,"owned","scalar","dplyr_dibble",8,105.657032690942,0
"merged-main",100,100,1,"owned","scalar","dplyr_plain",8,502.90604121983,0
"merged-main",100,100,1,"owned","scalar","repl",8,107.091967947781,0
"merged-main",100,100,1,"owned","scalar","data_table_plain",8,261.128996498883,0
"merged-main",100,100,1,"owned","scalar","dibble_bracket",8,154.323992319405,0
"merged-main",100,100,1,"owned","scalar","dibble_bracket",9,142.844044603407,0
"merged-main",100,100,1,"owned","scalar","dplyr_plain",9,526.685966178775,0
"merged-main",100,100,1,"owned","scalar","repl",9,112.83194180578,0
"merged-main",100,100,1,"owned","scalar","data_table_plain",9,209.509977139533,0
"merged-main",100,100,1,"owned","scalar","dplyr_dibble",9,108.034932054579,0
"merged-main",100,100,1,"owned","scalar","dibble_bracket",10,142.802949994802,0
"merged-main",100,100,1,"owned","scalar","data_table_plain",10,237.020896747708,0
"merged-main",100,100,1,"owned","scalar","dplyr_dibble",10,109.264976345003,0
"merged-main",100,100,1,"owned","scalar","repl",10,117.711024358869,0
"merged-main",100,100,1,"owned","scalar","dplyr_plain",10,550.425029359758,0
"merged-main",100,100,1,"owned","scalar","dplyr_plain",11,557.558960281312,0
"merged-main",100,100,1,"owned","scalar","data_table_plain",11,216.561951674521,0
"merged-main",100,100,1,"owned","scalar","dibble_bracket",11,147.107988595963,0
"merged-main",100,100,1,"owned","scalar","repl",11,115.33300857991,0
"merged-main",100,100,1,"owned","scalar","dplyr_dibble",11,107.747968286276,0
"merged-main",100,100,1,"owned","scalar","data_table_plain",12,235.504005104303,0
"merged-main",100,100,1,"owned","scalar","repl",12,118.818017654121,0
"merged-main",100,100,1,"owned","scalar","dplyr_dibble",12,110.290013253689,0
"merged-main",100,100,1,"owned","scalar","dplyr_plain",12,526.686082594097,0
"merged-main",100,100,1,"owned","scalar","dibble_bracket",12,173.717038705945,0
"merged-main",100,100,1,"owned","scalar","dibble_bracket",13,145.877944305539,0
"merged-main",100,100,1,"owned","scalar","data_table_plain",13,208.115903660655,0
"merged-main",100,100,1,"owned","scalar","dplyr_dibble",13,110.126100480556,0
"merged-main",100,100,1,"owned","scalar","repl",13,135.136069729924,0
"merged-main",100,100,1,"owned","scalar","dplyr_plain",13,535.828992724419,0
"merged-main",100,100,1,"owned","scalar","repl",14,112.83194180578,0
"merged-main",100,100,1,"owned","scalar","dibble_bracket",14,147.763988934457,0
"merged-main",100,100,1,"owned","scalar","dplyr_plain",14,513.68901040405,0
"merged-main",100,100,1,"owned","scalar","data_table_plain",14,204.631011001766,0
"merged-main",100,100,1,"owned","scalar","dplyr_dibble",14,111.068948172033,0
"merged-main",100,100,1,"owned","scalar","dplyr_plain",15,508.810044266284,0
"merged-main",100,100,1,"owned","scalar","repl",15,112.422043457627,0
"merged-main",100,100,1,"owned","scalar","dplyr_dibble",15,106.682069599628,0
"merged-main",100,100,1,"owned","scalar","data_table_plain",15,200.900016352534,0
"merged-main",100,100,1,"owned","scalar","dibble_bracket",15,145.75500972569,0
"merged-main",100,100,1,"owned","scalar","dplyr_dibble",16,103.648053482175,0
"merged-main",100,100,1,"owned","scalar","data_table_plain",16,201.351009309292,0
"merged-main",100,100,1,"owned","scalar","dplyr_plain",16,520.371948368847,0
"merged-main",100,100,1,"owned","scalar","dibble_bracket",16,147.55898155272,0
"merged-main",100,100,1,"owned","scalar","repl",16,111.51994112879,0
"merged-main",100,100,1,"owned","scalar","dplyr_dibble",17,103.894039057195,0
"merged-main",100,100,1,"owned","scalar","repl",17,113.52903675288,0
"merged-main",100,100,1,"owned","scalar","data_table_plain",17,200.202921405435,0
"merged-main",100,100,1,"owned","scalar","dplyr_plain",17,515.452004037797,0
"merged-main",100,100,1,"owned","scalar","dibble_bracket",17,141.614000312984,0
"merged-main",100,100,1,"owned","scalar","dplyr_dibble",18,106.640974991024,0
"merged-main",100,100,1,"owned","scalar","dibble_bracket",18,141.245080158114,0
"merged-main",100,100,1,"owned","scalar","dplyr_plain",18,522.257992997766,0
"merged-main",100,100,1,"owned","scalar","data_table_plain",18,207.29610696435,0
"merged-main",100,100,1,"owned","scalar","repl",18,114.144058898091,0
"merged-main",100,100,1,"owned","scalar","repl",19,122.015946544707,0
"merged-main",100,100,1,"owned","scalar","dplyr_dibble",19,109.141925349832,0
"merged-main",100,100,1,"owned","scalar","dibble_bracket",19,148.133025504649,0
"merged-main",100,100,1,"owned","scalar","dplyr_plain",19,527.834054082632,0
"merged-main",100,100,1,"owned","scalar","data_table_plain",19,204.917974770069,0
"merged-main",100,100,1,"owned","scalar","repl",20,113.692949526012,0
"merged-main",100,100,1,"owned","scalar","dplyr_dibble",20,102.499965578318,0
"merged-main",100,100,1,"owned","scalar","data_table_plain",20,222.343020141125,0
"merged-main",100,100,1,"owned","scalar","dplyr_plain",20,514.139886945486,0
"merged-main",100,100,1,"owned","scalar","dibble_bracket",20,143.827986903489,0
"merged-main",100,100,1,"owned","call","dibble_bracket",1,143.868965096772,0
"merged-main",100,100,1,"owned","call","data_table_plain",1,205.368967726827,0
"merged-main",100,100,1,"owned","call","dplyr_dibble",1,106.35401122272,0
"merged-main",100,100,1,"owned","call","dplyr_plain",1,523.692928254604,0
"merged-main",100,100,1,"owned","call","repl",1,361.045938916504,0
"merged-main",100,100,1,"owned","call","dplyr_plain",2,507.907941937447,0
"merged-main",100,100,1,"owned","call","repl",2,363.792991265655,0
"merged-main",100,100,1,"owned","call","data_table_plain",2,201.842980459332,0
"merged-main",100,100,1,"owned","call","dibble_bracket",2,142.761971801519,0
"merged-main",100,100,1,"owned","call","dplyr_dibble",2,109.839020296931,0
"merged-main",100,100,1,"owned","call","dibble_bracket",3,143.090030178428,0
"merged-main",100,100,1,"owned","call","dplyr_dibble",3,105.328974314034,0
"merged-main",100,100,1,"owned","call","repl",3,362.234888598323,0
"merged-main",100,100,1,"owned","call","dplyr_plain",3,525.087001733482,0
"merged-main",100,100,1,"owned","call","data_table_plain",3,200.161943212152,0
"merged-main",100,100,1,"owned","call","dplyr_dibble",4,108.567997813225,0
"merged-main",100,100,1,"owned","call","dplyr_plain",4,529.638025909662,0
"merged-main",100,100,1,"owned","call","dibble_bracket",4,146.616017445922,0
"merged-main",100,100,1,"owned","call","data_table_plain",4,202.417024411261,0
"merged-main",100,100,1,"owned","call","repl",4,367.318978533149,0
"merged-main",100,100,1,"owned","call","data_table_plain",5,199.464964680374,0
"merged-main",100,100,1,"owned","call","dibble_bracket",5,143.335899338126,0
"merged-main",100,100,1,"owned","call","repl",5,371.419009752572,0
"merged-main",100,100,1,"owned","call","dplyr_plain",5,521.069043315947,0
"merged-main",100,100,1,"owned","call","dplyr_dibble",5,106.272054836154,0
"merged-main",100,100,1,"owned","call","repl",6,365.596963092685,0
"merged-main",100,100,1,"owned","call","dplyr_plain",6,527.095980942249,0
"merged-main",100,100,1,"owned","call","dibble_bracket",6,146.165024489164,0
"merged-main",100,100,1,"owned","call","dplyr_dibble",6,108.239939436316,0
"merged-main",100,100,1,"owned","call","data_table_plain",6,201.802002266049,0
"merged-main",100,100,1,"owned","call","repl",7,357.807031832635,0
"merged-main",100,100,1,"owned","call","dibble_bracket",7,142.229022458196,0
"merged-main",100,100,1,"owned","call","data_table_plain",7,201.720045879483,0
"merged-main",100,100,1,"owned","call","dplyr_plain",7,501.96296069771,0
"merged-main",100,100,1,"owned","call","dplyr_dibble",7,109.552056528628,0
"merged-main",100,100,1,"owned","call","dplyr_plain",8,509.178964421153,0
"merged-main",100,100,1,"owned","call","data_table_plain",8,202.663009986281,0
"merged-main",100,100,1,"owned","call","repl",8,356.781994923949,0
"merged-main",100,100,1,"owned","call","dplyr_dibble",8,107.050989754498,0
"merged-main",100,100,1,"owned","call","dibble_bracket",8,144.401914440095,0
"merged-main",100,100,1,"owned","call","dplyr_dibble",9,107.501982711256,0
"merged-main",100,100,1,"owned","call","dibble_bracket",9,143.541023135185,0
"merged-main",100,100,1,"owned","call","dplyr_plain",9,516.477040946484,0
"merged-main",100,100,1,"owned","call","data_table_plain",9,201.92505326122,0
"merged-main",100,100,1,"owned","call","repl",9,365.309999324381,0
"merged-main",100,100,1,"owned","call","dplyr_dibble",10,108.281034044921,0
"merged-main",100,100,1,"owned","call","dibble_bracket",10,144.032994285226,0
"merged-main",100,100,1,"owned","call","dplyr_plain",10,520.044006407261,0
"merged-main",100,100,1,"owned","call","repl",10,353.952986188233,0
"merged-main",100,100,1,"owned","call","data_table_plain",10,197.455985471606,0
"merged-main",100,100,1,"owned","call","dplyr_plain",11,520.044006407261,0
"merged-main",100,100,1,"owned","call","repl",11,357.930082827806,0
"merged-main",100,100,1,"owned","call","data_table_plain",11,203.073024749756,0
"merged-main",100,100,1,"owned","call","dplyr_dibble",11,112.339970655739,0
"merged-main",100,100,1,"owned","call","dibble_bracket",11,143.212964758277,0
"merged-main",100,100,1,"owned","call","dplyr_dibble",12,107.255997136235,0
"merged-main",100,100,1,"owned","call","repl",12,354.978023096919,0
"merged-main",100,100,1,"owned","call","dibble_bracket",12,144.812045618892,0
"merged-main",100,100,1,"owned","call","data_table_plain",12,202.868017368019,0
"merged-main",100,100,1,"owned","call","dplyr_plain",12,518.854940310121,0
"merged-main",100,100,1,"owned","call","data_table_plain",13,201.474060304463,0
"merged-main",100,100,1,"owned","call","dplyr_dibble",13,107.133062556386,0
"merged-main",100,100,1,"owned","call","dibble_bracket",13,143.909943290055,0
"merged-main",100,100,1,"owned","call","dplyr_plain",13,519.757042638958,0
"merged-main",100,100,1,"owned","call","repl",13,368.795008398592,0
"merged-main",100,100,1,"owned","call","data_table_plain",14,207.009026780725,0
"merged-main",100,100,1,"owned","call","dplyr_plain",14,524.103059433401,0
"merged-main",100,100,1,"owned","call","repl",14,354.527030140162,0
"merged-main",100,100,1,"owned","call","dibble_bracket",14,139.52306471765,0
"merged-main",100,100,1,"owned","call","dplyr_dibble",14,110.905035398901,0
"merged-main",100,100,1,"owned","call","dplyr_plain",15,520.658912137151,0
"merged-main",100,100,1,"owned","call","data_table_plain",15,199.30093549192,0
"merged-main",100,100,1,"owned","call","repl",15,359.160010702908,0
"merged-main",100,100,1,"owned","call","dibble_bracket",15,142.761971801519,0
"merged-main",100,100,1,"owned","call","dplyr_dibble",15,109.757063910365,0
"merged-main",100,100,1,"owned","call","dplyr_dibble",16,107.419909909368,0
"merged-main",100,100,1,"owned","call","data_table_plain",16,200.080103240907,0
"merged-main",100,100,1,"owned","call","dibble_bracket",16,142.926000989974,0
"merged-main",100,100,1,"owned","call","dplyr_plain",16,522.873015142977,0
"merged-main",100,100,1,"owned","call","repl",16,369.205023162067,0
"merged-main",100,100,1,"owned","call","repl",17,362.480990588665,0
"merged-main",100,100,1,"owned","call","dibble_bracket",17,143.827986903489,0
"merged-main",100,100,1,"owned","call","dplyr_plain",17,523.775001056492,0
"merged-main",100,100,1,"owned","call","dplyr_dibble",17,110.781984403729,0
"merged-main",100,100,1,"owned","call","data_table_plain",17,208.936049602926,0
"merged-main",100,100,1,"owned","call","dplyr_plain",18,528.612989000976,0
"merged-main",100,100,1,"owned","call","dplyr_dibble",18,106.190098449588,0
"merged-main",100,100,1,"owned","call","data_table_plain",18,199.30093549192,0
"merged-main",100,100,1,"owned","call","repl",18,361.251062713563,0
"merged-main",100,100,1,"owned","call","dibble_bracket",18,141.080934554338,0
"merged-main",100,100,1,"owned","call","data_table_plain",19,193.847925402224,0
"merged-main",100,100,1,"owned","call","dplyr_dibble",19,111.725064925849,0
"merged-main",100,100,1,"owned","call","dplyr_plain",19,522.996066138148,0
"merged-main",100,100,1,"owned","call","repl",19,357.766053639352,0
"merged-main",100,100,1,"owned","call","dibble_bracket",19,139.481970109046,0
"merged-main",100,100,1,"owned","call","dibble_bracket",20,139.276962727308,0
"merged-main",100,100,1,"owned","call","dplyr_plain",20,520.659028552473,0
"merged-main",100,100,1,"owned","call","data_table_plain",20,199.342030100524,0
"merged-main",100,100,1,"owned","call","dplyr_dibble",20,109.797925688326,0
"merged-main",100,100,1,"owned","call","repl",20,365.556101314723,0
"merged-main",100,100,1,"owned","arithmetic","dplyr_plain",1,508.030992932618,0
"merged-main",100,100,1,"owned","arithmetic","dibble_bracket",1,142.680015414953,0
"merged-main",100,100,1,"owned","arithmetic","dplyr_dibble",1,113.980029709637,0
"merged-main",100,100,1,"owned","arithmetic","data_table_plain",1,199.710950255394,0
"merged-main",100,100,1,"owned","arithmetic","repl",1,150.962034240365,0
"merged-main",100,100,1,"owned","arithmetic","dplyr_plain",2,509.465928189456,0
"merged-main",100,100,1,"owned","arithmetic","data_table_plain",2,198.193942196667,0
"merged-main",100,100,1,"owned","arithmetic","dplyr_dibble",2,113.324029371142,0
"merged-main",100,100,1,"owned","arithmetic","dibble_bracket",2,143.705052323639,0
"merged-main",100,100,1,"owned","arithmetic","repl",2,151.494983583689,0
"merged-main",100,100,1,"owned","arithmetic","dibble_bracket",3,147.189944982529,0
"merged-main",100,100,1,"owned","arithmetic","dplyr_plain",3,503.643997944891,0
"merged-main",100,100,1,"owned","arithmetic","dplyr_dibble",3,115.701928734779,0
"merged-main",100,100,1,"owned","arithmetic","repl",3,156.456022523344,0
"merged-main",100,100,1,"owned","arithmetic","data_table_plain",3,200.367067009211,0
"merged-main",100,100,1,"owned","arithmetic","dplyr_plain",4,513.319973833859,0
"merged-main",100,100,1,"owned","arithmetic","data_table_plain",4,199.464964680374,0
"merged-main",100,100,1,"owned","arithmetic","repl",4,149.936997331679,0
"merged-main",100,100,1,"owned","arithmetic","dibble_bracket",4,141.490949317813,0
"merged-main",100,100,1,"owned","arithmetic","dplyr_dibble",4,122.303026728332,0
"merged-main",100,100,1,"owned","arithmetic","repl",5,151.126063428819,0
"merged-main",100,100,1,"owned","arithmetic","dibble_bracket",5,141.080934554338,0
"merged-main",100,100,1,"owned","arithmetic","data_table_plain",5,195.487984456122,0
"merged-main",100,100,1,"owned","arithmetic","dplyr_plain",5,514.140003360808,0
"merged-main",100,100,1,"owned","arithmetic","dplyr_dibble",5,115.57899415493,0
"merged-main",100,100,1,"owned","arithmetic","dplyr_dibble",6,111.232977360487,0
"merged-main",100,100,1,"owned","arithmetic","dibble_bracket",6,141.490949317813,0
"merged-main",100,100,1,"owned","arithmetic","repl",6,149.526982568204,0
"merged-main",100,100,1,"owned","arithmetic","data_table_plain",6,212.257029488683,0
"merged-main",100,100,1,"owned","arithmetic","dplyr_plain",6,522.381043992937,0
"merged-main",100,100,1,"owned","arithmetic","dplyr_dibble",7,114.512979052961,0
"merged-main",100,100,1,"owned","arithmetic","data_table_plain",7,201.186980120838,0
"merged-main",100,100,1,"owned","arithmetic","dibble_bracket",7,144.4430090487,0
"merged-main",100,100,1,"owned","arithmetic","dplyr_plain",7,507.539021782577,0
"merged-main",100,100,1,"owned","arithmetic","repl",7,149.772968143225,0
"merged-main",100,100,1,"owned","arithmetic","data_table_plain",8,200.039008632302,0
"merged-main",100,100,1,"owned","arithmetic","dplyr_dibble",8,113.570014946163,0
"merged-main",100,100,1,"owned","arithmetic","dplyr_plain",8,523.28291349113,0
"merged-main",100,100,1,"owned","arithmetic","dibble_bracket",8,140.875927172601,0
"merged-main",100,100,1,"owned","arithmetic","repl",8,149.404047988355,0
"merged-main",100,100,1,"owned","arithmetic","data_table_plain",9,197.948073036969,0
"merged-main",100,100,1,"owned","arithmetic","dplyr_plain",9,518.11698358506,0
"merged-main",100,100,1,"owned","arithmetic","repl",9,155.185000039637,0
"merged-main",100,100,1,"owned","arithmetic","dibble_bracket",9,141.20398554951,0
"merged-main",100,100,1,"owned","arithmetic","dplyr_dibble",9,118.613010272384,0
"merged-main",100,100,1,"owned","arithmetic","repl",10,147.80496712774,0
"merged-main",100,100,1,"owned","arithmetic","data_table_plain",10,197.743065655231,0
"merged-main",100,100,1,"owned","arithmetic","dplyr_plain",10,511.88503857702,0
"merged-main",100,100,1,"owned","arithmetic","dplyr_dibble",10,112.832058221102,0
"merged-main",100,100,1,"owned","arithmetic","dibble_bracket",10,142.024015076458,0
"merged-main",100,100,1,"owned","arithmetic","dibble_bracket",11,145.180965773761,0
"merged-main",100,100,1,"owned","arithmetic","dplyr_plain",11,509.629957377911,0
"merged-main",100,100,1,"owned","arithmetic","dplyr_dibble",11,115.168979391456,0
"merged-main",100,100,1,"owned","arithmetic","data_table_plain",11,195.897999219596,0
"merged-main",100,100,1,"owned","arithmetic","repl",11,148.419989272952,0
"merged-main",100,100,1,"owned","arithmetic","data_table_plain",12,197.333050891757,0
"merged-main",100,100,1,"owned","arithmetic","repl",12,149.649917148054,0
"merged-main",100,100,1,"owned","arithmetic","dibble_bracket",12,145.919038914144,0
"merged-main",100,100,1,"owned","arithmetic","dplyr_dibble",12,111.561035737395,0
"merged-main",100,100,1,"owned","arithmetic","dplyr_plain",12,544.028938747942,0
"merged-main",100,100,1,"owned","arithmetic","dplyr_plain",13,514.345010742545,0
"merged-main",100,100,1,"owned","arithmetic","dplyr_dibble",13,119.720003567636,0
"merged-main",100,100,1,"owned","arithmetic","data_table_plain",13,220.662099309266,0
"merged-main",100,100,1,"owned","arithmetic","repl",13,156.127964146435,0
"merged-main",100,100,1,"owned","arithmetic","dibble_bracket",13,146.165024489164,0
"merged-main",100,100,1,"owned","arithmetic","repl",14,151.659012772143,0
"merged-main",100,100,1,"owned","arithmetic","dplyr_dibble",14,110.65904982388,0
"merged-main",100,100,1,"owned","arithmetic","data_table_plain",14,201.761024072766,0
"merged-main",100,100,1,"owned","arithmetic","dplyr_plain",14,524.800037965178,0
"merged-main",100,100,1,"owned","arithmetic","dibble_bracket",14,165.557954460382,0
"merged-main",100,100,1,"owned","arithmetic","dibble_bracket",15,144.524965435266,0
"merged-main",100,100,1,"owned","arithmetic","dplyr_plain",15,524.922972545028,0
"merged-main",100,100,1,"owned","arithmetic","data_table_plain",15,207.009026780725,0
"merged-main",100,100,1,"owned","arithmetic","dplyr_dibble",15,117.218936793506,0
"merged-main",100,100,1,"owned","arithmetic","repl",15,156.373949721456,0
"merged-main",100,100,1,"owned","arithmetic","repl",16,151.904998347163,0
"merged-main",100,100,1,"owned","arithmetic","dibble_bracket",16,144.361052662134,0
"merged-main",100,100,1,"owned","arithmetic","dplyr_dibble",16,118.858995847404,0
"merged-main",100,100,1,"owned","arithmetic","dplyr_plain",16,535.459956154227,0
"merged-main",100,100,1,"owned","arithmetic","data_table_plain",16,209.018005989492,0
"merged-main",100,100,1,"owned","arithmetic","dplyr_dibble",17,112.668029032648,0
"merged-main",100,100,1,"owned","arithmetic","dplyr_plain",17,516.313011758029,0
"merged-main",100,100,1,"owned","arithmetic","data_table_plain",17,202.868017368019,0
"merged-main",100,100,1,"owned","arithmetic","repl",17,160.392024554312,0
"merged-main",100,100,1,"owned","arithmetic","dibble_bracket",17,147.600076161325,0
"merged-main",100,100,1,"owned","arithmetic","dplyr_plain",18,526.768038980663,0
"merged-main",100,100,1,"owned","arithmetic","dplyr_dibble",18,113.52903675288,0
"merged-main",100,100,1,"owned","arithmetic","dibble_bracket",18,166.747020557523,0
"merged-main",100,100,1,"owned","arithmetic","repl",18,159.490038640797,0
"merged-main",100,100,1,"owned","arithmetic","data_table_plain",18,210.289028473198,0
"merged-main",100,100,1,"owned","arithmetic","dplyr_dibble",19,117.13698040694,0
"merged-main",100,100,1,"owned","arithmetic","repl",19,155.595014803112,0
"merged-main",100,100,1,"owned","arithmetic","dibble_bracket",19,140.998978167772,0
"merged-main",100,100,1,"owned","arithmetic","dplyr_plain",19,531.072961166501,0
"merged-main",100,100,1,"owned","arithmetic","data_table_plain",19,201.883958652616,0
"merged-main",100,100,1,"owned","arithmetic","dibble_bracket",20,140.588963404298,0
"merged-main",100,100,1,"owned","arithmetic","data_table_plain",20,203.8519596681,0
"merged-main",100,100,1,"owned","arithmetic","dplyr_plain",20,519.593013450503,0
"merged-main",100,100,1,"owned","arithmetic","repl",20,154.898036271334,0
"merged-main",100,100,1,"owned","arithmetic","dplyr_dibble",20,112.258014269173,0
"merged-main",100,100,1,"owned","create","data_table_plain",1,222.383998334408,0
"merged-main",100,100,1,"owned","create","dplyr_dibble",1,116.76806025207,0
"merged-main",100,100,1,"owned","create","dibble_bracket",1,161.704025231302,0
"merged-main",100,100,1,"owned","create","gen",1,195.733970031142,0
"merged-main",100,100,1,"owned","create","dplyr_plain",1,522.791058756411,0
"merged-main",100,100,1,"owned","create","data_table_plain",2,230.706995353103,0
"merged-main",100,100,1,"owned","create","gen",2,190.609018318355,0
"merged-main",100,100,1,"owned","create","dibble_bracket",2,160.433002747595,0
"merged-main",100,100,1,"owned","create","dplyr_plain",2,531.564932316542,0
"merged-main",100,100,1,"owned","create","dplyr_dibble",2,114.636030048132,0
"merged-main",100,100,1,"owned","create","gen",3,195.078086107969,0
"merged-main",100,100,1,"owned","create","dibble_bracket",3,157.071044668555,0
"merged-main",100,100,1,"owned","create","data_table_plain",3,229.682074859738,0
"merged-main",100,100,1,"owned","create","dplyr_plain",3,526.932068169117,0
"merged-main",100,100,1,"owned","create","dplyr_dibble",3,139.522948302329,0
"merged-main",100,100,1,"owned","create","dplyr_dibble",4,109.962071292102,0
"merged-main",100,100,1,"owned","create","dibble_bracket",4,165.516976267099,0
"merged-main",100,100,1,"owned","create","data_table_plain",4,221.482012420893,0
"merged-main",100,100,1,"owned","create","dplyr_plain",4,525.66104568541,0
"merged-main",100,100,1,"owned","create","gen",4,191.797968000174,0
"merged-main",100,100,1,"owned","create","dplyr_dibble",5,113.979913294315,0
"merged-main",100,100,1,"owned","create","dplyr_plain",5,522.463000379503,0
"merged-main",100,100,1,"owned","create","data_table_plain",5,227.016978897154,0
"merged-main",100,100,1,"owned","create","dibble_bracket",5,159.982009790838,0
"merged-main",100,100,1,"owned","create","gen",5,190.609018318355,0
"merged-main",100,100,1,"owned","create","dibble_bracket",6,150.716048665345,0
"merged-main",100,100,1,"owned","create","data_table_plain",6,227.140029892325,0
"merged-main",100,100,1,"owned","create","dplyr_dibble",6,119.309988804162,0
"merged-main",100,100,1,"owned","create","dplyr_plain",6,528.490054421127,0
"merged-main",100,100,1,"owned","create","gen",6,197.086948901415,0
"merged-main",100,100,1,"owned","create","dibble_bracket",7,164.122902788222,0
"merged-main",100,100,1,"owned","create","gen",7,189.665937796235,0
"merged-main",100,100,1,"owned","create","data_table_plain",7,227.058073505759,0
"merged-main",100,100,1,"owned","create","dplyr_dibble",7,117.014045827091,0
"merged-main",100,100,1,"owned","create","dplyr_plain",7,529.760960489511,0
"merged-main",100,100,1,"owned","create","dplyr_dibble",8,113.857095129788,0
"merged-main",100,100,1,"owned","create","data_table_plain",8,229.394994676113,0
"merged-main",100,100,1,"owned","create","dplyr_plain",8,519.757042638958,0
"merged-main",100,100,1,"owned","create","dibble_bracket",8,154.160079546273,0
"merged-main",100,100,1,"owned","create","gen",8,196.143984794617,0
"merged-main",100,100,1,"owned","create","dplyr_plain",9,532.385078258812,0
"merged-main",100,100,1,"owned","create","data_table_plain",9,229.96892221272,0
"merged-main",100,100,1,"owned","create","dplyr_dibble",9,127.837993204594,0
"merged-main",100,100,1,"owned","create","dibble_bracket",9,161.826959811151,0
"merged-main",100,100,1,"owned","create","gen",9,190.568040125072,0
"merged-main",100,100,1,"owned","create","dplyr_plain",10,524.307950399816,0
"merged-main",100,100,1,"owned","create","data_table_plain",10,231.895945034921,0
"merged-main",100,100,1,"owned","create","gen",10,188.190024346113,0
"merged-main",100,100,1,"owned","create","dibble_bracket",10,155.472080223262,0
"merged-main",100,100,1,"owned","create","dplyr_dibble",10,118.572032079101,0
"merged-main",100,100,1,"owned","create","data_table_plain",11,231.649959459901,0
"merged-main",100,100,1,"owned","create","dibble_bracket",11,159.776885993779,0
"merged-main",100,100,1,"owned","create","dplyr_dibble",11,119.350966997445,0
"merged-main",100,100,1,"owned","create","dplyr_plain",11,519.757042638958,0
"merged-main",100,100,1,"owned","create","gen",11,190.772931091487,0
"merged-main",100,100,1,"owned","create","dplyr_dibble",12,115.414964966476,0
"merged-main",100,100,1,"owned","create","dplyr_plain",12,514.099025167525,0
"merged-main",100,100,1,"owned","create","gen",12,187.369994819164,0
"merged-main",100,100,1,"owned","create","dibble_bracket",12,161.45792324096,0
"merged-main",100,100,1,"owned","create","data_table_plain",12,223.737093620002,0
"merged-main",100,100,1,"owned","create","data_table_plain",13,217.259046621621,0
"merged-main",100,100,1,"owned","create","dplyr_plain",13,523.856957443058,0
"merged-main",100,100,1,"owned","create","dplyr_dibble",13,116.645009256899,0
"merged-main",100,100,1,"owned","create","gen",13,188.190024346113,0
"merged-main",100,100,1,"owned","create","dibble_bracket",13,160.146038979292,0
"merged-main",100,100,1,"owned","create","dibble_bracket",14,160.883995704353,0
"merged-main",100,100,1,"owned","create","dplyr_dibble",14,117.178075015545,0
"merged-main",100,100,1,"owned","create","data_table_plain",14,224.679941311479,0
"merged-main",100,100,1,"owned","create","dplyr_plain",14,528.572010807693,0
"merged-main",100,100,1,"owned","create","gen",14,199.218979105353,0
"merged-main",100,100,1,"owned","create","gen",15,184.623058885336,0
"merged-main",100,100,1,"owned","create","dibble_bracket",15,162.6469893381,0
"merged-main",100,100,1,"owned","create","dplyr_plain",15,534.107093699276,0
"merged-main",100,100,1,"owned","create","dplyr_dibble",15,113.52903675288,0
"merged-main",100,100,1,"owned","create","data_table_plain",15,223.368057049811,0
"merged-main",100,100,1,"owned","create","dplyr_dibble",16,115.373986773193,0
"merged-main",100,100,1,"owned","create","gen",16,191.305996850133,0
"merged-main",100,100,1,"owned","create","data_table_plain",16,227.918964810669,0
"merged-main",100,100,1,"owned","create","dibble_bracket",16,158.915994688869,0
"merged-main",100,100,1,"owned","create","dplyr_plain",16,523.775001056492,0
"merged-main",100,100,1,"owned","create","gen",17,192.003091797233,0
"merged-main",100,100,1,"owned","create","dplyr_dibble",17,114.266993477941,0
"merged-main",100,100,1,"owned","create","dibble_bracket",17,162.114039994776,0
"merged-main",100,100,1,"owned","create","dplyr_plain",17,522.750080563128,0
"merged-main",100,100,1,"owned","create","data_table_plain",17,228.493008762598,0
"merged-main",100,100,1,"owned","create","dibble_bracket",18,168.550992384553,0
"merged-main",100,100,1,"owned","create","dplyr_dibble",18,117.219053208828,0
"merged-main",100,100,1,"owned","create","dplyr_plain",18,517.583917826414,0
"merged-main",100,100,1,"owned","create","data_table_plain",18,229.927944019437,0
"merged-main",100,100,1,"owned","create","gen",18,193.06899048388,0
"merged-main",100,100,1,"owned","create","data_table_plain",19,225.04897788167,0
"merged-main",100,100,1,"owned","create","dplyr_dibble",19,118.653988465667,0
"merged-main",100,100,1,"owned","create","dibble_bracket",19,159.817980602384,0
"merged-main",100,100,1,"owned","create","gen",19,185.976037755609,0
"merged-main",100,100,1,"owned","create","dplyr_plain",19,528.530916199088,0
"merged-main",100,100,1,"owned","create","dplyr_dibble",20,118.695083074272,0
"merged-main",100,100,1,"owned","create","dibble_bracket",20,194.421969354153,0
"merged-main",100,100,1,"owned","create","gen",20,192.617997527122,0
"merged-main",100,100,1,"owned","create","data_table_plain",20,232.797930948436,0
"merged-main",100,100,1,"owned","create","dplyr_plain",20,524.759059771895,0
"merged-main",100,100,1,"owned","five","dplyr_plain",1,648.702029138803,0
"merged-main",100,100,1,"owned","five","data_table_plain",1,239.603919908404,0
"merged-main",100,100,1,"owned","five","dplyr_dibble",1,117.833958938718,0
"merged-main",100,100,1,"owned","five","dibble_bracket",1,209.509977139533,0
"merged-main",100,100,1,"owned","five","dplyr_dibble",2,116.850016638637,0
"merged-main",100,100,1,"owned","five","dibble_bracket",2,219.473033212125,0
"merged-main",100,100,1,"owned","five","data_table_plain",2,240.178080275655,0
"merged-main",100,100,1,"owned","five","dplyr_plain",2,691.629014909267,0
"merged-main",100,100,1,"owned","five","dplyr_plain",3,658.132019452751,0
"merged-main",100,100,1,"owned","five","dibble_bracket",3,212.83095702529,0
"merged-main",100,100,1,"owned","five","data_table_plain",3,249.320990405977,0
"merged-main",100,100,1,"owned","five","dplyr_dibble",3,120.048061944544,0
"merged-main",100,100,1,"owned","five","dplyr_plain",4,654.196017421782,0
"merged-main",100,100,1,"owned","five","dplyr_dibble",4,124.968006275594,0
"merged-main",100,100,1,"owned","five","dibble_bracket",4,210.944912396371,0
"merged-main",100,100,1,"owned","five","data_table_plain",4,241.94095749408,0
"merged-main",100,100,1,"owned","five","dplyr_dibble",5,126.854050904512,0
"merged-main",100,100,1,"owned","five","dplyr_plain",5,670.309062115848,0
"merged-main",100,100,1,"owned","five","dibble_bracket",5,212.379964068532,0
"merged-main",100,100,1,"owned","five","data_table_plain",5,242.637936025858,0
"merged-main",100,100,1,"owned","five","dibble_bracket",6,210.862956009805,0
"merged-main",100,100,1,"owned","five","dplyr_dibble",6,121.482997201383,0
"merged-main",100,100,1,"owned","five","data_table_plain",6,242.309994064271,0
"merged-main",100,100,1,"owned","five","dplyr_plain",6,668.792054057121,0
"merged-main",100,100,1,"owned","five","dplyr_dibble",7,124.722020700574,0
"merged-main",100,100,1,"owned","five","data_table_plain",7,236.980034969747,0
"merged-main",100,100,1,"owned","five","dibble_bracket",7,218.078959733248,0
"merged-main",100,100,1,"owned","five","dplyr_plain",7,666.209030896425,0
"merged-main",100,100,1,"owned","five","data_table_plain",8,243.745045736432,0
"merged-main",100,100,1,"owned","five","dplyr_dibble",8,122.712925076485,0
"merged-main",100,100,1,"owned","five","dplyr_plain",8,666.331965476274,0
"merged-main",100,100,1,"owned","five","dibble_bracket",8,218.161032535136,0
"merged-main",100,100,1,"owned","five","dibble_bracket",9,215.003965422511,0
"merged-main",100,100,1,"owned","five","dplyr_plain",9,659.484998323023,0
"merged-main",100,100,1,"owned","five","dplyr_dibble",9,125.132035464048,0
"merged-main",100,100,1,"owned","five","data_table_plain",9,241.038971580565,0
"merged-main",100,100,1,"owned","five","dibble_bracket",10,213.199993595481,0
"merged-main",100,100,1,"owned","five","data_table_plain",10,239.399028941989,0
"merged-main",100,100,1,"owned","five","dplyr_dibble",10,116.89099483192,0
"merged-main",100,100,1,"owned","five","dplyr_plain",10,666.209030896425,0
"merged-main",100,100,1,"owned","five","dibble_bracket",11,212.134094908834,0
"merged-main",100,100,1,"owned","five","dplyr_plain",11,663.543934933841,0
"merged-main",100,100,1,"owned","five","data_table_plain",11,242.474023252726,0
"merged-main",100,100,1,"owned","five","dplyr_dibble",11,121.523975394666,0
"merged-main",100,100,1,"owned","five","dibble_bracket",12,213.118037208915,0
"merged-main",100,100,1,"owned","five","dplyr_dibble",12,121.072982437909,0
"merged-main",100,100,1,"owned","five","dplyr_plain",12,661.24799195677,0
"merged-main",100,100,1,"owned","five","data_table_plain",12,243.581016547978,0
"merged-main",100,100,1,"owned","five","dibble_bracket",13,213.405000977218,0
"merged-main",100,100,1,"owned","five","dplyr_dibble",13,120.335025712848,0
"merged-main",100,100,1,"owned","five","data_table_plain",13,243.581016547978,0
"merged-main",100,100,1,"owned","five","dplyr_plain",13,660.960911773145,0
"merged-main",100,100,1,"owned","five","data_table_plain",14,237.594940699637,0
"merged-main",100,100,1,"owned","five","dibble_bracket",14,221.44103422761,0
"merged-main",100,100,1,"owned","five","dplyr_dibble",14,119.350966997445,0
"merged-main",100,100,1,"owned","five","dplyr_plain",14,662.723905406892,0
"merged-main",100,100,1,"owned","five","dplyr_dibble",15,115.045928396285,0
"merged-main",100,100,1,"owned","five","data_table_plain",15,243.293936364353,0
"merged-main",100,100,1,"owned","five","dibble_bracket",15,212.2160512954,0
"merged-main",100,100,1,"owned","five","dplyr_plain",15,670.759938657284,0
"merged-main",100,100,1,"owned","five","data_table_plain",16,237.922999076545,0
"merged-main",100,100,1,"owned","five","dibble_bracket",16,213.77403754741,0
"merged-main",100,100,1,"owned","five","dplyr_dibble",16,119.18693780899,0
"merged-main",100,100,1,"owned","five","dplyr_plain",16,662.436941638589,0
"merged-main",100,100,1,"owned","five","data_table_plain",17,234.766048379242,0
"merged-main",100,100,1,"owned","five","dplyr_dibble",17,121.277989819646,0
"merged-main",100,100,1,"owned","five","dplyr_plain",17,669.365981593728,0
"merged-main",100,100,1,"owned","five","dibble_bracket",17,209.838035516441,0
"merged-main",100,100,1,"owned","five","dibble_bracket",18,210.370984859765,0
"merged-main",100,100,1,"owned","five","dplyr_dibble",18,120.621989481151,0
"merged-main",100,100,1,"owned","five","dplyr_plain",18,657.804077491164,0
"merged-main",100,100,1,"owned","five","data_table_plain",18,243.908958509564,0
"merged-main",100,100,1,"owned","five","dplyr_plain",19,692.776986397803,0
"merged-main",100,100,1,"owned","five","data_table_plain",19,247.147982008755,0
"merged-main",100,100,1,"owned","five","dplyr_dibble",19,119.637930765748,0
"merged-main",100,100,1,"owned","five","dibble_bracket",19,216.972082853317,0
"merged-main",100,100,1,"owned","five","data_table_plain",20,237.307976931334,0
"merged-main",100,100,1,"owned","five","dibble_bracket",20,222.834991291165,0
"merged-main",100,100,1,"owned","five","dplyr_plain",20,655.467039905488,0
"merged-main",100,100,1,"owned","five","dplyr_dibble",20,117.423944175243,0
"merged-main",100000,2,1,"plain","scalar","dibble_bracket",1,501.22500397265,0
"merged-main",100000,2,1,"plain","scalar","dplyr_dibble",1,1205.85097465664,0
"merged-main",100000,2,1,"plain","scalar","data_table_plain",1,203.524017706513,0
"merged-main",100000,2,1,"plain","scalar","repl",1,340.464059263468,0
"merged-main",100000,2,1,"plain","scalar","dplyr_plain",1,477.034947834909,0
"merged-main",100000,2,1,"plain","scalar","dplyr_dibble",2,1112.9449121654,0
"merged-main",100000,2,1,"plain","scalar","repl",2,332.755967974663,0
"merged-main",100000,2,1,"plain","scalar","data_table_plain",2,236.939056776464,0
"merged-main",100000,2,1,"plain","scalar","dibble_bracket",2,524.881994351745,0
"merged-main",100000,2,1,"plain","scalar","dplyr_plain",2,487.079960294068,0
"merged-main",100000,2,1,"plain","scalar","dplyr_dibble",3,1127.25398503244,0
"merged-main",100000,2,1,"plain","scalar","data_table_plain",3,204.344047233462,0
"merged-main",100000,2,1,"plain","scalar","dplyr_plain",3,511.966994963586,0
"merged-main",100000,2,1,"plain","scalar","dibble_bracket",3,449.319020844996,0
"merged-main",100000,2,1,"plain","scalar","repl",3,335.707911290228,0
"merged-main",100000,2,1,"plain","scalar","repl",4,328.410067595541,0
"merged-main",100000,2,1,"plain","scalar","dibble_bracket",4,482.529052533209,0
"merged-main",100000,2,1,"plain","scalar","dplyr_plain",4,493.024941533804,0
"merged-main",100000,2,1,"plain","scalar","dplyr_dibble",4,1131.18998706341,0
"merged-main",100000,2,1,"plain","scalar","data_table_plain",4,204.508076421916,0
"merged-main",100000,2,1,"plain","scalar","dibble_bracket",5,489.908969029784,0
"merged-main",100000,2,1,"plain","scalar","data_table_plain",5,209.099962376058,0
"merged-main",100000,2,1,"plain","scalar","dplyr_dibble",5,1161.24306805432,0
"merged-main",100000,2,1,"plain","scalar","dplyr_plain",5,472.6069746539,0
"merged-main",100000,2,1,"plain","scalar","repl",5,341.611914336681,0
"merged-main",100000,2,1,"plain","scalar","dibble_bracket",6,449.195969849825,0
"merged-main",100000,2,1,"plain","scalar","dplyr_plain",6,482.078059576452,0
"merged-main",100000,2,1,"plain","scalar","data_table_plain",6,206.35302644223,0
"merged-main",100000,2,1,"plain","scalar","repl",6,337.717006914318,0
"merged-main",100000,2,1,"plain","scalar","dplyr_dibble",6,1122.17001151294,0
"merged-main",100000,2,1,"plain","scalar","dplyr_dibble",7,1104.41702418029,0
"merged-main",100000,2,1,"plain","scalar","data_table_plain",7,198.071007616818,0
"merged-main",100000,2,1,"plain","scalar","dibble_bracket",7,434.476998634636,0
"merged-main",100000,2,1,"plain","scalar","repl",7,327.836023643613,0
"merged-main",100000,2,1,"plain","scalar","dplyr_plain",7,462.274998426437,0
"merged-main",100000,2,1,"plain","scalar","dibble_bracket",8,425.252015702426,0
"merged-main",100000,2,1,"plain","scalar","data_table_plain",8,217.956025153399,0
"merged-main",100000,2,1,"plain","scalar","repl",8,329.804024659097,0
"merged-main",100000,2,1,"plain","scalar","dplyr_plain",8,472.689047455788,0
"merged-main",100000,2,1,"plain","scalar","dplyr_dibble",8,1116.47101584822,0
"merged-main",100000,2,1,"plain","scalar","dplyr_dibble",9,1096.05304896832,0
"merged-main",100000,2,1,"plain","scalar","dplyr_plain",9,452.804029919207,0
"merged-main",100000,2,1,"plain","scalar","dibble_bracket",9,431.156018748879,0
"merged-main",100000,2,1,"plain","scalar","data_table_plain",9,202.66289357096,0
"merged-main",100000,2,1,"plain","scalar","repl",9,336.855999194086,0
"merged-main",100000,2,1,"plain","scalar","dplyr_plain",10,459.937960840762,0
"merged-main",100000,2,1,"plain","scalar","dplyr_dibble",10,1131.76403101534,0
"merged-main",100000,2,1,"plain","scalar","dibble_bracket",10,430.459040217102,0
"merged-main",100000,2,1,"plain","scalar","data_table_plain",10,202.663009986281,0
"merged-main",100000,2,1,"plain","scalar","repl",10,333.863077685237,0
"merged-main",100000,2,1,"plain","scalar","dplyr_dibble",11,1107.73800406605,0
"merged-main",100000,2,1,"plain","scalar","dibble_bracket",11,420.372933149338,0
"merged-main",100000,2,1,"plain","scalar","data_table_plain",11,199.997914023697,0
"merged-main",100000,2,1,"plain","scalar","repl",11,334.724085405469,0
"merged-main",100000,2,1,"plain","scalar","dplyr_plain",11,464.324955828488,0
"merged-main",100000,2,1,"plain","scalar","repl",12,330.951996147633,0
"merged-main",100000,2,1,"plain","scalar","dplyr_dibble",12,1105.60597386211,0
"merged-main",100000,2,1,"plain","scalar","dplyr_plain",12,452.762935310602,0
"merged-main",100000,2,1,"plain","scalar","dibble_bracket",12,426.810001954436,0
"merged-main",100000,2,1,"plain","scalar","data_table_plain",12,193.724990822375,0
"merged-main",100000,2,1,"plain","scalar","dplyr_plain",13,462.766969576478,0
"merged-main",100000,2,1,"plain","scalar","data_table_plain",13,200.284994207323,0
"merged-main",100000,2,1,"plain","scalar","dplyr_dibble",13,1118.52097325027,0
"merged-main",100000,2,1,"plain","scalar","dibble_bracket",13,427.302089519799,0
"merged-main",100000,2,1,"plain","scalar","repl",13,325.007014907897,0
"merged-main",100000,2,1,"plain","scalar","dibble_bracket",14,409.753993153572,0
"merged-main",100000,2,1,"plain","scalar","data_table_plain",14,199.87509585917,0
"merged-main",100000,2,1,"plain","scalar","dplyr_plain",14,457.723974250257,0
"merged-main",100000,2,1,"plain","scalar","dplyr_dibble",14,1118.06998029351,0
"merged-main",100000,2,1,"plain","scalar","repl",14,328.122987411916,0
"merged-main",100000,2,1,"plain","scalar","dibble_bracket",15,417.298055253923,0
"merged-main",100000,2,1,"plain","scalar","repl",15,321.235042065382,0
"merged-main",100000,2,1,"plain","scalar","dplyr_plain",15,458.216061815619,0
"merged-main",100000,2,1,"plain","scalar","dplyr_dibble",15,1112.6990430057,0
"merged-main",100000,2,1,"plain","scalar","data_table_plain",15,200.776965357363,0
"merged-main",100000,2,1,"plain","scalar","dibble_bracket",16,421.47992644459,0
"merged-main",100000,2,1,"plain","scalar","dplyr_plain",16,460.88092494756,0
"merged-main",100000,2,1,"plain","scalar","repl",16,327.917980030179,0
"merged-main",100000,2,1,"plain","scalar","dplyr_dibble",16,1119.62808296084,0
"merged-main",100000,2,1,"plain","scalar","data_table_plain",16,203.48303951323,0
"merged-main",100000,2,1,"plain","scalar","dibble_bracket",17,430.254032835364,0
"merged-main",100000,2,1,"plain","scalar","repl",17,332.345953211188,0
"merged-main",100000,2,1,"plain","scalar","data_table_plain",17,199.095928110182,0
"merged-main",100000,2,1,"plain","scalar","dplyr_dibble",17,1127.45899241418,0
"merged-main",100000,2,1,"plain","scalar","dplyr_plain",17,464.570941403508,0
"merged-main",100000,2,1,"plain","scalar","dplyr_dibble",18,1106.18001781404,0
"merged-main",100000,2,1,"plain","scalar","dplyr_plain",18,455.674016848207,0
"merged-main",100000,2,1,"plain","scalar","dibble_bracket",18,431.278953328729,0
"merged-main",100000,2,1,"plain","scalar","repl",18,333.411968313158,0
"merged-main",100000,2,1,"plain","scalar","data_table_plain",18,195.282977074385,0
"merged-main",100000,2,1,"plain","scalar","dibble_bracket",19,425.047008320689,0
"merged-main",100000,2,1,"plain","scalar","data_table_plain",19,192.084931768477,0
"merged-main",100000,2,1,"plain","scalar","repl",19,328.614958561957,0
"merged-main",100000,2,1,"plain","scalar","dplyr_dibble",19,1113.10894135386,0
"merged-main",100000,2,1,"plain","scalar","dplyr_plain",19,457.76495244354,0
"merged-main",100000,2,1,"plain","scalar","dplyr_plain",20,453.910906799138,0
"merged-main",100000,2,1,"plain","scalar","dplyr_dibble",20,1107.61495307088,0
"merged-main",100000,2,1,"plain","scalar","data_table_plain",20,198.727007955313,0
"merged-main",100000,2,1,"plain","scalar","dibble_bracket",20,431.811902672052,0
"merged-main",100000,2,1,"plain","scalar","repl",20,321.850064210594,0
"merged-main",100000,2,1,"plain","call","dibble_bracket",1,425.785081461072,0
"merged-main",100000,2,1,"plain","call","dplyr_plain",1,361.948041245341,0
"merged-main",100000,2,1,"plain","call","data_table_plain",1,200.203037820756,0
"merged-main",100000,2,1,"plain","call","dplyr_dibble",1,1058.33308771253,0
"merged-main",100000,2,1,"plain","call","repl",1,395.526993088424,0
"merged-main",100000,2,1,"plain","call","dplyr_plain",2,370.681053027511,0
"merged-main",100000,2,1,"plain","call","repl",2,388.392945751548,0
"merged-main",100000,2,1,"plain","call","dibble_bracket",2,431.237975135446,0
"merged-main",100000,2,1,"plain","call","dplyr_dibble",2,1050.87098199874,0
"merged-main",100000,2,1,"plain","call","data_table_plain",2,196.553999558091,0
"merged-main",100000,2,1,"plain","call","data_table_plain",3,194.873078726232,0
"merged-main",100000,2,1,"plain","call","repl",3,397.125957533717,0
"merged-main",100000,2,1,"plain","call","dibble_bracket",3,433.124019764364,0
"merged-main",100000,2,1,"plain","call","dplyr_dibble",3,1067.10696127266,0
"merged-main",100000,2,1,"plain","call","dplyr_plain",3,372.85394500941,0
"merged-main",100000,2,1,"plain","call","dplyr_dibble",4,1053.41291055083,0
"merged-main",100000,2,1,"plain","call","dplyr_plain",4,369.122950360179,0
"merged-main",100000,2,1,"plain","call","repl",4,400.118995457888,0
"merged-main",100000,2,1,"plain","call","dibble_bracket",4,435.173977166414,0
"merged-main",100000,2,1,"plain","call","data_table_plain",4,200.079986825585,0
"merged-main",100000,2,1,"plain","call","repl",5,395.567971281707,0
"merged-main",100000,2,1,"plain","call","dplyr_dibble",5,1063.49890120327,0
"merged-main",100000,2,1,"plain","call","dibble_bracket",5,442.266929894686,0
"merged-main",100000,2,1,"plain","call","dplyr_plain",5,371.050089597702,0
"merged-main",100000,2,1,"plain","call","data_table_plain",5,204.221112653613,0
"merged-main",100000,2,1,"plain","call","dibble_bracket",6,456.535024568439,0
"merged-main",100000,2,1,"plain","call","repl",6,391.017063520849,0
"merged-main",100000,2,1,"plain","call","dplyr_dibble",6,1058.57895687222,0
"merged-main",100000,2,1,"plain","call","dplyr_plain",6,371.869886294007,0
"merged-main",100000,2,1,"plain","call","data_table_plain",6,209.674006327987,0
"merged-main",100000,2,1,"plain","call","dplyr_dibble",7,1063.12998104841,0
"merged-main",100000,2,1,"plain","call","data_table_plain",7,198.481022380292,0
"merged-main",100000,2,1,"plain","call","repl",7,407.498911954463,0
"merged-main",100000,2,1,"plain","call","dplyr_plain",7,368.590001016855,0
"merged-main",100000,2,1,"plain","call","dibble_bracket",7,444.686040282249,0
"merged-main",100000,2,1,"plain","call","dibble_bracket",8,433.656969107687,0
"merged-main",100000,2,1,"plain","call","dplyr_dibble",8,1063.82695958018,0
"merged-main",100000,2,1,"plain","call","data_table_plain",8,204.507960006595,0
"merged-main",100000,2,1,"plain","call","dplyr_plain",8,369.942979887128,0
"merged-main",100000,2,1,"plain","call","repl",8,390.771077945828,0
"merged-main",100000,2,1,"plain","call","dplyr_plain",9,362.726976163685,0
"merged-main",100000,2,1,"plain","call","dplyr_dibble",9,1057.7590437606,0
"merged-main",100000,2,1,"plain","call","dibble_bracket",9,444.973004050553,0
"merged-main",100000,2,1,"plain","call","repl",9,389.090040698647,0
"merged-main",100000,2,1,"plain","call","data_table_plain",9,206.106924451888,0
"merged-main",100000,2,1,"plain","call","dplyr_plain",10,374.8630406335,0
"merged-main",100000,2,1,"plain","call","data_table_plain",10,198.685913346708,0
"merged-main",100000,2,1,"plain","call","dibble_bracket",10,448.29398393631,0
"merged-main",100000,2,1,"plain","call","dplyr_dibble",10,1052.63397563249,0
"merged-main",100000,2,1,"plain","call","repl",10,395.36296389997,0
"merged-main",100000,2,1,"plain","call","dplyr_plain",11,365.555984899402,0
"merged-main",100000,2,1,"plain","call","dibble_bracket",11,445.505953393877,0
"merged-main",100000,2,1,"plain","call","dplyr_dibble",11,1054.8890568316,0
"merged-main",100000,2,1,"plain","call","repl",11,390.278990380466,0
"merged-main",100000,2,1,"plain","call","data_table_plain",11,202.130060642958,0
"merged-main",100000,2,1,"plain","call","repl",12,388.761982321739,0
"merged-main",100000,2,1,"plain","call","dplyr_plain",12,364.121049642563,0
"merged-main",100000,2,1,"plain","call","dplyr_dibble",12,1059.48094278574,0
"merged-main",100000,2,1,"plain","call","dibble_bracket",12,447.228085249662,0
"merged-main",100000,2,1,"plain","call","data_table_plain",12,199.177884496748,0
"merged-main",100000,2,1,"plain","call","repl",13,407.540006563067,0
"merged-main",100000,2,1,"plain","call","dibble_bracket",13,440.708943642676,0
"merged-main",100000,2,1,"plain","call","dplyr_plain",13,371.378031559289,0
"merged-main",100000,2,1,"plain","call","dplyr_dibble",13,1058.66102967411,0
"merged-main",100000,2,1,"plain","call","data_table_plain",13,199.874979443848,0
"merged-main",100000,2,1,"plain","call","dplyr_plain",14,378.594035282731,0
"merged-main",100000,2,1,"plain","call","dplyr_dibble",14,1048.98493736982,0
"merged-main",100000,2,1,"plain","call","data_table_plain",14,200.859038159251,0
"merged-main",100000,2,1,"plain","call","dibble_bracket",14,442.964024841785,0
"merged-main",100000,2,1,"plain","call","repl",14,392.411020584404,0
"merged-main",100000,2,1,"plain","call","repl",15,386.097002774477,0
"merged-main",100000,2,1,"plain","call","data_table_plain",15,199.669972062111,0
"merged-main",100000,2,1,"plain","call","dplyr_dibble",15,1075.42995829135,0
"merged-main",100000,2,1,"plain","call","dibble_bracket",15,446.695019491017,0
"merged-main",100000,2,1,"plain","call","dplyr_plain",15,368.959037587047,0
"merged-main",100000,2,1,"plain","call","dplyr_dibble",16,1061.16198003292,0
"merged-main",100000,2,1,"plain","call","data_table_plain",16,201.966031454504,0
"merged-main",100000,2,1,"plain","call","dibble_bracket",16,446.243910118937,0
"merged-main",100000,2,1,"plain","call","repl",16,387.3270470649,0
"merged-main",100000,2,1,"plain","call","dplyr_plain",16,365.187064744532,0
"merged-main",100000,2,1,"plain","call","dplyr_plain",17,352.477072738111,0
"merged-main",100000,2,1,"plain","call","dibble_bracket",17,442.799995653331,0
"merged-main",100000,2,1,"plain","call","data_table_plain",17,198.727007955313,0
"merged-main",100000,2,1,"plain","call","dplyr_dibble",17,1060.42402330786,0
"merged-main",100000,2,1,"plain","call","repl",17,390.812056139112,0
"merged-main",100000,2,1,"plain","call","dibble_bracket",18,436.608912423253,0
"merged-main",100000,2,1,"plain","call","dplyr_plain",18,371.050089597702,0
"merged-main",100000,2,1,"plain","call","data_table_plain",18,199.957052245736,0
"merged-main",100000,2,1,"plain","call","dplyr_dibble",18,1058.37406590581,0
"merged-main",100000,2,1,"plain","call","repl",18,395.321985706687,0
"merged-main",100000,2,1,"plain","call","dplyr_plain",19,361.660961061716,0
"merged-main",100000,2,1,"plain","call","repl",19,390.483997762203,0
"merged-main",100000,2,1,"plain","call","data_table_plain",19,199.588015675545,0
"merged-main",100000,2,1,"plain","call","dibble_bracket",19,443.455995991826,0
"merged-main",100000,2,1,"plain","call","dplyr_dibble",19,1051.0350111872,0
"merged-main",100000,2,1,"plain","call","repl",20,388.721004128456,0
"merged-main",100000,2,1,"plain","call","dplyr_plain",20,370.55800203234,0
"merged-main",100000,2,1,"plain","call","data_table_plain",20,199.670088477433,0
"merged-main",100000,2,1,"plain","call","dplyr_dibble",20,1052.63397563249,0
"merged-main",100000,2,1,"plain","call","dibble_bracket",20,437.716022133827,0
"merged-main",100000,2,1,"plain","arithmetic","repl",1,2706.49208687246,0
"merged-main",100000,2,1,"plain","arithmetic","data_table_plain",1,219.800975173712,0
"merged-main",100000,2,1,"plain","arithmetic","dplyr_dibble",1,800.19689630717,0
"merged-main",100000,2,1,"plain","arithmetic","dplyr_plain",1,386.589090339839,0
"merged-main",100000,2,1,"plain","arithmetic","dibble_bracket",1,2770.86196001619,0
"merged-main",100000,2,1,"plain","arithmetic","data_table_plain",2,216.06998052448,0
"merged-main",100000,2,1,"plain","arithmetic","dplyr_dibble",2,797.818996943533,0
"merged-main",100000,2,1,"plain","arithmetic","dibble_bracket",2,2780.37402313203,0
"merged-main",100000,2,1,"plain","arithmetic","dplyr_plain",2,384.866958484054,0
"merged-main",100000,2,1,"plain","arithmetic","repl",2,2720.55494133383,0
"merged-main",100000,2,1,"plain","arithmetic","data_table_plain",3,223.654904402792,0
"merged-main",100000,2,1,"plain","arithmetic","dplyr_dibble",3,791.299971751869,0
"merged-main",100000,2,1,"plain","arithmetic","dplyr_plain",3,460.552982985973,0
"merged-main",100000,2,1,"plain","arithmetic","repl",3,2734.08507928252,0
"merged-main",100000,2,1,"plain","arithmetic","dibble_bracket",3,2860.07800605148,0
"merged-main",100000,2,1,"plain","arithmetic","dplyr_plain",4,407.335115596652,0
"merged-main",100000,2,1,"plain","arithmetic","dplyr_dibble",4,836.113002151251,0
"merged-main",100000,2,1,"plain","arithmetic","dibble_bracket",4,2790.54197017103,0
"merged-main",100000,2,1,"plain","arithmetic","repl",4,2713.74895237386,0
"merged-main",100000,2,1,"plain","arithmetic","data_table_plain",4,235.586077906191,0
"merged-main",100000,2,1,"plain","arithmetic","dibble_bracket",5,2774.3469690904,0
"merged-main",100000,2,1,"plain","arithmetic","repl",5,2806.04010913521,0
"merged-main",100000,2,1,"plain","arithmetic","dplyr_dibble",5,819.631037302315,0
"merged-main",100000,2,1,"plain","arithmetic","dplyr_plain",5,402.620062232018,0
"merged-main",100000,2,1,"plain","arithmetic","data_table_plain",5,227.386015467346,0
"merged-main",100000,2,1,"plain","arithmetic","dplyr_dibble",6,868.708011694252,0
"merged-main",100000,2,1,"plain","arithmetic","dibble_bracket",6,2836.99494320899,0
"merged-main",100000,2,1,"plain","arithmetic","dplyr_plain",6,401.922967284918,0
"merged-main",100000,2,1,"plain","arithmetic","repl",6,2723.38395006955,0
"merged-main",100000,2,1,"plain","arithmetic","data_table_plain",6,259.816995821893,0
"merged-main",100000,2,1,"plain","arithmetic","dplyr_dibble",7,846.198992803693,0
"merged-main",100000,2,1,"plain","arithmetic","dibble_bracket",7,2809.64793637395,0
"merged-main",100000,2,1,"plain","arithmetic","repl",7,2817.88897700608,0
"merged-main",100000,2,1,"plain","arithmetic","data_table_plain",7,260.227010585368,0
"merged-main",100000,2,1,"plain","arithmetic","dplyr_plain",7,421.972014009953,0
"merged-main",100000,2,1,"plain","arithmetic","repl",8,2764.26097843796,0
"merged-main",100000,2,1,"plain","arithmetic","dplyr_plain",8,395.11697832495,0
"merged-main",100000,2,1,"plain","arithmetic","dibble_bracket",8,2855.2811127156,0
"merged-main",100000,2,1,"plain","arithmetic","data_table_plain",8,230.583944357932,0
"merged-main",100000,2,1,"plain","arithmetic","dplyr_dibble",8,814.300961792469,0
"merged-main",100000,2,1,"plain","arithmetic","dibble_bracket",9,2784.14599597454,0
"merged-main",100000,2,1,"plain","arithmetic","dplyr_dibble",9,790.767022408545,0
"merged-main",100000,2,1,"plain","arithmetic","repl",9,2724.08092860132,0
"merged-main",100000,2,1,"plain","arithmetic","data_table_plain",9,223.572948016226,0
"merged-main",100000,2,1,"plain","arithmetic","dplyr_plain",9,404.096092097461,0
"merged-main",100000,2,1,"plain","arithmetic","dibble_bracket",10,2806.49098567665,0
"merged-main",100000,2,1,"plain","arithmetic","dplyr_plain",10,396.961928345263,0
"merged-main",100000,2,1,"plain","arithmetic","dplyr_dibble",10,795.194995589554,0
"merged-main",100000,2,1,"plain","arithmetic","data_table_plain",10,224.679941311479,0
"merged-main",100000,2,1,"plain","arithmetic","repl",10,2810.4679659009,0
"merged-main",100000,2,1,"plain","arithmetic","repl",11,2710.42797248811,0
"merged-main",100000,2,1,"plain","arithmetic","dplyr_dibble",11,791.012891568244,0
"merged-main",100000,2,1,"plain","arithmetic","dibble_bracket",11,2762.49798480421,0
"merged-main",100000,2,1,"plain","arithmetic","data_table_plain",11,232.510967180133,0
"merged-main",100000,2,1,"plain","arithmetic","dplyr_plain",11,392.86189712584,0
"merged-main",100000,2,1,"plain","arithmetic","repl",12,2743.10493841767,0
"merged-main",100000,2,1,"plain","arithmetic","dibble_bracket",12,2762.25199922919,0
"merged-main",100000,2,1,"plain","arithmetic","dplyr_plain",12,386.957894079387,0
"merged-main",100000,2,1,"plain","arithmetic","data_table_plain",12,243.704067543149,0
"merged-main",100000,2,1,"plain","arithmetic","dplyr_dibble",12,805.526971817017,0
"merged-main",100000,2,1,"plain","arithmetic","dplyr_plain",13,394.132919609547,0
"merged-main",100000,2,1,"plain","arithmetic","dplyr_dibble",13,799.664063379169,0
"merged-main",100000,2,1,"plain","arithmetic","data_table_plain",13,231.117010116577,0
"merged-main",100000,2,1,"plain","arithmetic","repl",13,2727.81203966588,0
"merged-main",100000,2,1,"plain","arithmetic","dibble_bracket",13,2763.89194186777,0
"merged-main",100000,2,1,"plain","arithmetic","dplyr_dibble",14,789.085985161364,0
"merged-main",100000,2,1,"plain","arithmetic","dibble_bracket",14,2762.5800576061,0
"merged-main",100000,2,1,"plain","arithmetic","data_table_plain",14,223.326962441206,0
"merged-main",100000,2,1,"plain","arithmetic","repl",14,2717.07004867494,0
"merged-main",100000,2,1,"plain","arithmetic","dplyr_plain",14,400.159973651171,0
"merged-main",100000,2,1,"plain","arithmetic","dplyr_dibble",15,801.673042587936,0
"merged-main",100000,2,1,"plain","arithmetic","dibble_bracket",15,2767.08998717368,0
"merged-main",100000,2,1,"plain","arithmetic","data_table_plain",15,222.219969145954,0
"merged-main",100000,2,1,"plain","arithmetic","repl",15,2757.20900390297,0
"merged-main",100000,2,1,"plain","arithmetic","dplyr_plain",15,394.419999793172,0
"merged-main",100000,2,1,"plain","arithmetic","dplyr_plain",16,377.118005417287,0
"merged-main",100000,2,1,"plain","arithmetic","data_table_plain",16,225.418014451861,0
"merged-main",100000,2,1,"plain","arithmetic","repl",16,2790.3369627893,0
"merged-main",100000,2,1,"plain","arithmetic","dibble_bracket",16,2775.29004961252,0
"merged-main",100000,2,1,"plain","arithmetic","dplyr_dibble",16,799.58199057728,0
"merged-main",100000,2,1,"plain","arithmetic","repl",17,2717.68507082015,0
"merged-main",100000,2,1,"plain","arithmetic","data_table_plain",17,216.849031858146,0
"merged-main",100000,2,1,"plain","arithmetic","dplyr_dibble",17,788.430101238191,0
"merged-main",100000,2,1,"plain","arithmetic","dplyr_plain",17,390.525092370808,0
"merged-main",100000,2,1,"plain","arithmetic","dibble_bracket",17,2768.6069952324,0
"merged-main",100000,2,1,"plain","arithmetic","dibble_bracket",18,2755.48698846251,0
"merged-main",100000,2,1,"plain","arithmetic","dplyr_dibble",18,793.760060332716,0
"merged-main",100000,2,1,"plain","arithmetic","data_table_plain",18,218.981062062085,0
"merged-main",100000,2,1,"plain","arithmetic","repl",18,2713.58503960073,0
"merged-main",100000,2,1,"plain","arithmetic","dplyr_plain",18,388.065003789961,0
"merged-main",100000,2,1,"plain","arithmetic","repl",19,2722.40000776947,0
"merged-main",100000,2,1,"plain","arithmetic","dibble_bracket",19,2766.43398683518,0
"merged-main",100000,2,1,"plain","arithmetic","dplyr_dibble",19,796.219916082919,0
"merged-main",100000,2,1,"plain","arithmetic","dplyr_plain",19,384.129001758993,0
"merged-main",100000,2,1,"plain","arithmetic","data_table_plain",19,222.096918150783,0
"merged-main",100000,2,1,"plain","arithmetic","repl",20,2720.18602117896,0
"merged-main",100000,2,1,"plain","arithmetic","data_table_plain",20,227.467971853912,0
"merged-main",100000,2,1,"plain","arithmetic","dibble_bracket",20,2796.85598798096,0
"merged-main",100000,2,1,"plain","arithmetic","dplyr_dibble",20,782.567076385021,0
"merged-main",100000,2,1,"plain","arithmetic","dplyr_plain",20,385.89199539274,0
"merged-main",100000,2,1,"plain","create","dibble_bracket",1,596.590922214091,0
"merged-main",100000,2,1,"plain","create","gen",1,548.128969967365,0
"merged-main",100000,2,1,"plain","create","data_table_plain",1,239.152926951647,0
"merged-main",100000,2,1,"plain","create","dplyr_plain",1,384.703045710921,0
"merged-main",100000,2,1,"plain","create","dplyr_dibble",1,800.730078481138,0
"merged-main",100000,2,1,"plain","create","dibble_bracket",2,608.603935688734,0
"merged-main",100000,2,1,"plain","create","dplyr_plain",2,384.785002097487,0
"merged-main",100000,2,1,"plain","create","data_table_plain",2,238.57899941504,0
"merged-main",100000,2,1,"plain","create","gen",2,642.264960333705,0
"merged-main",100000,2,1,"plain","create","dplyr_dibble",2,850.421958602965,0
"merged-main",100000,2,1,"plain","create","gen",3,586.709938943386,0
"merged-main",100000,2,1,"plain","create","dplyr_plain",3,393.722904846072,0
"merged-main",100000,2,1,"plain","create","data_table_plain",3,241.448986344039,0
"merged-main",100000,2,1,"plain","create","dibble_bracket",3,629.554968327284,0
"merged-main",100000,2,1,"plain","create","dplyr_dibble",3,802.6979630813,0
"merged-main",100000,2,1,"plain","create","gen",4,561.535940505564,0
"merged-main",100000,2,1,"plain","create","data_table_plain",4,249.936012551188,0
"merged-main",100000,2,1,"plain","create","dplyr_plain",4,396.962044760585,0
"merged-main",100000,2,1,"plain","create","dplyr_dibble",4,813.071033917367,0
"merged-main",100000,2,1,"plain","create","dibble_bracket",4,620.862934738398,0
"merged-main",100000,2,1,"plain","create","dibble_bracket",5,612.252973951399,0
"merged-main",100000,2,1,"plain","create","dplyr_plain",5,398.561009205878,0
"merged-main",100000,2,1,"plain","create","gen",5,566.415023058653,0
"merged-main",100000,2,1,"plain","create","data_table_plain",5,250.550918281078,0
"merged-main",100000,2,1,"plain","create","dplyr_dibble",5,810.119090601802,0
"merged-main",100000,2,1,"plain","create","data_table_plain",6,244.975090026855,0
"merged-main",100000,2,1,"plain","create","dplyr_plain",6,397.946103475988,0
"merged-main",100000,2,1,"plain","create","dibble_bracket",6,627.259025350213,0
"merged-main",100000,2,1,"plain","create","dplyr_dibble",6,794.293009676039,0
"merged-main",100000,2,1,"plain","create","gen",6,560.838961973786,0
"merged-main",100000,2,1,"plain","create","data_table_plain",7,247.476040385664,0
"merged-main",100000,2,1,"plain","create","dplyr_dibble",7,805.44501543045,0
"merged-main",100000,2,1,"plain","create","dplyr_plain",7,392.492976970971,0
"merged-main",100000,2,1,"plain","create","gen",7,565.882073715329,0
"merged-main",100000,2,1,"plain","create","dibble_bracket",7,615.49199745059,0
"merged-main",100000,2,1,"plain","create","dibble_bracket",8,603.888998739421,0
"merged-main",100000,2,1,"plain","create","gen",8,559.116946533322,0
"merged-main",100000,2,1,"plain","create","dplyr_plain",8,389.868975616992,0
"merged-main",100000,2,1,"plain","create","dplyr_dibble",8,802.041962742805,0
"merged-main",100000,2,1,"plain","create","data_table_plain",8,238.209962844849,0
"merged-main",100000,2,1,"plain","create","data_table_plain",9,233.658938668668,0
"merged-main",100000,2,1,"plain","create","dibble_bracket",9,630.94892539084,0
"merged-main",100000,2,1,"plain","create","gen",9,564.11896366626,0
"merged-main",100000,2,1,"plain","create","dplyr_dibble",9,798.105960711837,0
"merged-main",100000,2,1,"plain","create","dplyr_plain",9,389.950932003558,0
"merged-main",100000,2,1,"plain","create","dibble_bracket",10,621.231971308589,0
"merged-main",100000,2,1,"plain","create","dplyr_plain",10,404.260004870594,0
"merged-main",100000,2,1,"plain","create","gen",10,569.98198851943,0
"merged-main",100000,2,1,"plain","create","data_table_plain",10,240.423949435353,0
"merged-main",100000,2,1,"plain","create","dplyr_dibble",10,809.053075499833,0
"merged-main",100000,2,1,"plain","create","dplyr_dibble",11,784.166040830314,0
"merged-main",100000,2,1,"plain","create","data_table_plain",11,239.152926951647,0
"merged-main",100000,2,1,"plain","create","gen",11,567.644950933754,0
"merged-main",100000,2,1,"plain","create","dibble_bracket",11,610.81803869456,0
"merged-main",100000,2,1,"plain","create","dplyr_plain",11,392.124056816101,0
"merged-main",100000,2,1,"plain","create","gen",12,566.579052247107,0
"merged-main",100000,2,1,"plain","create","dplyr_plain",12,385.932973586023,0
"merged-main",100000,2,1,"plain","create","dibble_bracket",12,613.93401119858,0
"merged-main",100000,2,1,"plain","create","data_table_plain",12,244.318973273039,0
"merged-main",100000,2,1,"plain","create","dplyr_dibble",12,812.210026197135,0
"merged-main",100000,2,1,"plain","create","gen",13,575.024983845651,0
"merged-main",100000,2,1,"plain","create","data_table_plain",13,240.096007473767,0
"merged-main",100000,2,1,"plain","create","dibble_bracket",13,618.485035374761,0
"merged-main",100000,2,1,"plain","create","dplyr_plain",13,390.68900514394,0
"merged-main",100000,2,1,"plain","create","dplyr_dibble",13,803.76397818327,0
"merged-main",100000,2,1,"plain","create","dplyr_plain",14,382.652971893549,0
"merged-main",100000,2,1,"plain","create","dibble_bracket",14,617.582933045924,0
"merged-main",100000,2,1,"plain","create","gen",14,548.333977349102,0
"merged-main",100000,2,1,"plain","create","data_table_plain",14,243.990914896131,0
"merged-main",100000,2,1,"plain","create","dplyr_dibble",14,806.264928542078,0
"merged-main",100000,2,1,"plain","create","dibble_bracket",15,620.535109192133,0
"merged-main",100000,2,1,"plain","create","dplyr_plain",15,387.532054446638,0
"merged-main",100000,2,1,"plain","create","gen",15,560.182961635292,0
"merged-main",100000,2,1,"plain","create","data_table_plain",15,253.093079663813,0
"merged-main",100000,2,1,"plain","create","dplyr_dibble",15,918.317935429513,0
"merged-main",100000,2,1,"plain","create","dplyr_plain",16,383.596052415669,0
"merged-main",100000,2,1,"plain","create","data_table_plain",16,240.218942053616,0
"merged-main",100000,2,1,"plain","create","dibble_bracket",16,671.53898999095,0
"merged-main",100000,2,1,"plain","create","dplyr_dibble",16,837.999046780169,0
"merged-main",100000,2,1,"plain","create","gen",16,573.426019400358,0
"merged-main",100000,2,1,"plain","create","dibble_bracket",17,613.483018241823,0
"merged-main",100000,2,1,"plain","create","gen",17,564.323971047997,0
"merged-main",100000,2,1,"plain","create","dplyr_plain",17,391.058041714132,0
"merged-main",100000,2,1,"plain","create","data_table_plain",17,245.139002799988,0
"merged-main",100000,2,1,"plain","create","dplyr_dibble",17,809.135031886399,0
"merged-main",100000,2,1,"plain","create","gen",18,620.125094428658,0
"merged-main",100000,2,1,"plain","create","dplyr_plain",18,411.599059589207,0
"merged-main",100000,2,1,"plain","create","data_table_plain",18,255.880993790925,0
"merged-main",100000,2,1,"plain","create","dibble_bracket",18,640.788930468261,0
"merged-main",100000,2,1,"plain","create","dplyr_dibble",18,820.697052404284,0
"merged-main",100000,2,1,"plain","create","data_table_plain",19,243.867980316281,0
"merged-main",100000,2,1,"plain","create","dibble_bracket",19,627.874047495425,0
"merged-main",100000,2,1,"plain","create","dplyr_plain",19,396.264949813485,0
"merged-main",100000,2,1,"plain","create","gen",19,621.150014922023,0
"merged-main",100000,2,1,"plain","create","dplyr_dibble",19,831.849058158696,0
"merged-main",100000,2,1,"plain","create","dplyr_plain",20,401.47197432816,0
"merged-main",100000,2,1,"plain","create","data_table_plain",20,250.510056503117,0
"merged-main",100000,2,1,"plain","create","gen",20,610.982067883015,0
"merged-main",100000,2,1,"plain","create","dibble_bracket",20,629.924004897475,0
"merged-main",100000,2,1,"plain","create","dplyr_dibble",20,817.375956103206,0
"merged-main",100000,2,1,"plain","five","dibble_bracket",1,1939.79195319116,0
"merged-main",100000,2,1,"plain","five","dplyr_plain",1,610.449002124369,0
"merged-main",100000,2,1,"plain","five","data_table_plain",1,339.602935127914,0
"merged-main",100000,2,1,"plain","five","dplyr_dibble",1,1633.19404236972,0
"merged-main",100000,2,1,"plain","five","dplyr_dibble",2,1612.03800234944,0
"merged-main",100000,2,1,"plain","five","dplyr_plain",2,628.448091447353,0
"merged-main",100000,2,1,"plain","five","data_table_plain",2,349.730020388961,0
"merged-main",100000,2,1,"plain","five","dibble_bracket",2,2002.35808733851,0
"merged-main",100000,2,1,"plain","five","dibble_bracket",3,1954.92105558515,0
"merged-main",100000,2,1,"plain","five","dplyr_dibble",3,1651.8080374226,0
"merged-main",100000,2,1,"plain","five","dplyr_plain",3,621.231971308589,0
"merged-main",100000,2,1,"plain","five","data_table_plain",3,345.055945217609,0
"merged-main",100000,2,1,"plain","five","dplyr_plain",4,616.68106354773,0
"merged-main",100000,2,1,"plain","five","dibble_bracket",4,1979.11099530756,0
"merged-main",100000,2,1,"plain","five","dplyr_dibble",4,1734.54603645951,0
"merged-main",100000,2,1,"plain","five","data_table_plain",4,401.964061893523,0
"merged-main",100000,2,1,"plain","five","dibble_bracket",5,1993.09200979769,0
"merged-main",100000,2,1,"plain","five","data_table_plain",5,341.078964993358,0
"merged-main",100000,2,1,"plain","five","dplyr_dibble",5,1695.18601614982,0
"merged-main",100000,2,1,"plain","five","dplyr_plain",5,635.500065982342,0
"merged-main",100000,2,1,"plain","five","dibble_bracket",6,2108.34294557571,0
"merged-main",100000,2,1,"plain","five","data_table_plain",6,361.33301910013,0
"merged-main",100000,2,1,"plain","five","dplyr_dibble",6,1672.63601906598,0
"merged-main",100000,2,1,"plain","five","dplyr_plain",6,634.926022030413,0
"merged-main",100000,2,1,"plain","five","dplyr_plain",7,614.057062193751,0
"merged-main",100000,2,1,"plain","five","dplyr_dibble",7,1651.15192066878,0
"merged-main",100000,2,1,"plain","five","data_table_plain",7,349.483918398619,0
"merged-main",100000,2,1,"plain","five","dibble_bracket",7,2085.79306490719,0
"merged-main",100000,2,1,"plain","five","dplyr_plain",8,649.399007670581,0
"merged-main",100000,2,1,"plain","five","dplyr_dibble",8,1670.09397409856,0
"merged-main",100000,2,1,"plain","five","data_table_plain",8,355.511088855565,0
"merged-main",100000,2,1,"plain","five","dibble_bracket",8,2074.02603700757,0
"merged-main",100000,2,1,"plain","five","dplyr_plain",9,676.70491989702,0
"merged-main",100000,2,1,"plain","five","dibble_bracket",9,2008.01598839462,0
"merged-main",100000,2,1,"plain","five","data_table_plain",9,350.262969732285,0
"merged-main",100000,2,1,"plain","five","dplyr_dibble",9,1725.36191530526,0
"merged-main",100000,2,1,"plain","five","data_table_plain",10,356.822973117232,0
"merged-main",100000,2,1,"plain","five","dplyr_dibble",10,1653.36602367461,0
"merged-main",100000,2,1,"plain","five","dibble_bracket",10,2019.20897234231,0
"merged-main",100000,2,1,"plain","five","dplyr_plain",10,687.693012878299,0
"merged-main",100000,2,1,"plain","five","dplyr_plain",11,622.625928372145,0
"merged-main",100000,2,1,"plain","five","dibble_bracket",11,2025.27700457722,0
"merged-main",100000,2,1,"plain","five","data_table_plain",11,356.904929503798,0
"merged-main",100000,2,1,"plain","five","dplyr_dibble",11,1742.95098986477,0
"merged-main",100000,2,1,"plain","five","dplyr_dibble",12,1653.0379652977,0
"merged-main",100000,2,1,"plain","five","dplyr_plain",12,636.073993518949,0
"merged-main",100000,2,1,"plain","five","dibble_bracket",12,2021.87395188957,0
"merged-main",100000,2,1,"plain","five","data_table_plain",12,371.04997318238,0
"merged-main",100000,2,1,"plain","five","dplyr_plain",13,630.661961622536,0
"merged-main",100000,2,1,"plain","five","dibble_bracket",13,2014.90405015647,0
"merged-main",100000,2,1,"plain","five","dplyr_dibble",13,1644.50996089727,0
"merged-main",100000,2,1,"plain","five","data_table_plain",13,344.68702506274,0
"merged-main",100000,2,1,"plain","five","dplyr_plain",14,625.823973678052,0
"merged-main",100000,2,1,"plain","five","data_table_plain",14,347.106019034982,0
"merged-main",100000,2,1,"plain","five","dplyr_dibble",14,1653.89897301793,0
"merged-main",100000,2,1,"plain","five","dibble_bracket",14,1997.72499036044,0
"merged-main",100000,2,1,"plain","five","dibble_bracket",15,1965.45792277902,0
"merged-main",100000,2,1,"plain","five","dplyr_plain",15,622.092979028821,0
"merged-main",100000,2,1,"plain","five","data_table_plain",15,356.208067387342,0
"merged-main",100000,2,1,"plain","five","dplyr_dibble",15,1806.17300793529,0
"merged-main",100000,2,1,"plain","five","dibble_bracket",16,1981.65304027498,0
"merged-main",100000,2,1,"plain","five","data_table_plain",16,355.100957676768,0
"merged-main",100000,2,1,"plain","five","dplyr_plain",16,627.505010925233,0
"merged-main",100000,2,1,"plain","five","dplyr_dibble",16,1681.98393657804,0
"merged-main",100000,2,1,"plain","five","data_table_plain",17,386.670930311084,0
"merged-main",100000,2,1,"plain","five","dibble_bracket",17,2035.93703918159,0
"merged-main",100000,2,1,"plain","five","dplyr_dibble",17,1659.80297606438,0
"merged-main",100000,2,1,"plain","five","dplyr_plain",17,642.633996903896,0
"merged-main",100000,2,1,"plain","five","dibble_bracket",18,2097.92901296169,0
"merged-main",100000,2,1,"plain","five","dplyr_plain",18,646.487926132977,0
"merged-main",100000,2,1,"plain","five","dplyr_dibble",18,1668.1260894984,0
"merged-main",100000,2,1,"plain","five","data_table_plain",18,367.769971489906,0
"merged-main",100000,2,1,"plain","five","dplyr_plain",19,639.353995211422,0
"merged-main",100000,2,1,"plain","five","dibble_bracket",19,1961.72704454511,0
"merged-main",100000,2,1,"plain","five","dplyr_dibble",19,1649.34794884175,0
"merged-main",100000,2,1,"plain","five","data_table_plain",19,377.363990992308,0
"merged-main",100000,2,1,"plain","five","dplyr_dibble",20,1700.39304066449,0
"merged-main",100000,2,1,"plain","five","data_table_plain",20,369.410030543804,0
"merged-main",100000,2,1,"plain","five","dibble_bracket",20,2025.85104852915,0
"merged-main",100000,2,1,"plain","five","dplyr_plain",20,656.615011394024,0
"merged-main",100000,2,1,"owned","scalar","dplyr_plain",1,482.651987113059,0
"merged-main",100000,2,1,"owned","scalar","dplyr_dibble",1,108.240055851638,0
"merged-main",100000,2,1,"owned","scalar","dibble_bracket",1,152.971013449132,0
"merged-main",100000,2,1,"owned","scalar","data_table_plain",1,205.205054953694,0
"merged-main",100000,2,1,"owned","scalar","repl",1,95.8578893914819,0
"merged-main",100000,2,1,"owned","scalar","dplyr_dibble",2,106.59999679774,0
"merged-main",100000,2,1,"owned","scalar","dibble_bracket",2,159.858958795667,0
"merged-main",100000,2,1,"owned","scalar","dplyr_plain",2,466.37502964586,0
"merged-main",100000,2,1,"owned","scalar","repl",2,93.603041023016,0
"merged-main",100000,2,1,"owned","scalar","data_table_plain",2,214.26600869745,0
"merged-main",100000,2,1,"owned","scalar","data_table_plain",3,197.866000235081,0
"merged-main",100000,2,1,"owned","scalar","dplyr_plain",3,476.870918646455,0
"merged-main",100000,2,1,"owned","scalar","dplyr_dibble",3,108.034932054579,0
"merged-main",100000,2,1,"owned","scalar","dibble_bracket",3,153.708970174193,0
"merged-main",100000,2,1,"owned","scalar","repl",3,96.882926300168,0
"merged-main",100000,2,1,"owned","scalar","dibble_bracket",4,146.411010064185,0
"merged-main",100000,2,1,"owned","scalar","data_table_plain",4,197.62001466006,0
"merged-main",100000,2,1,"owned","scalar","dplyr_plain",4,477.281049825251,0
"merged-main",100000,2,1,"owned","scalar","repl",4,100.941979326308,0
"merged-main",100000,2,1,"owned","scalar","dplyr_dibble",4,111.315050162375,0
"merged-main",100000,2,1,"owned","scalar","dibble_bracket",5,151.084968820214,0
"merged-main",100000,2,1,"owned","scalar","dplyr_plain",5,470.229075290263,0
"merged-main",100000,2,1,"owned","scalar","data_table_plain",5,201.473943889141,0
"merged-main",100000,2,1,"owned","scalar","dplyr_dibble",5,111.356028355658,0
"merged-main",100000,2,1,"owned","scalar","repl",5,100.162927992642,0
"merged-main",100000,2,1,"owned","scalar","dplyr_dibble",6,107.706990092993,0
"merged-main",100000,2,1,"owned","scalar","dplyr_plain",6,468.794023618102,0
"merged-main",100000,2,1,"owned","scalar","data_table_plain",6,203.277915716171,0
"merged-main",100000,2,1,"owned","scalar","repl",6,94.3409977480769,0
"merged-main",100000,2,1,"owned","scalar","dibble_bracket",6,151.248998008668,0
"merged-main",100000,2,1,"owned","scalar","dplyr_dibble",7,107.871019281447,0
"merged-main",100000,2,1,"owned","scalar","dibble_bracket",7,144.524965435266,0
"merged-main",100000,2,1,"owned","scalar","repl",7,91.4710108190775,0
"merged-main",100000,2,1,"owned","scalar","dplyr_plain",7,469.7369877249,0
"merged-main",100000,2,1,"owned","scalar","data_table_plain",7,208.935933187604,0
"merged-main",100000,2,1,"owned","scalar","dplyr_dibble",8,109.797925688326,0
"merged-main",100000,2,1,"owned","scalar","repl",8,92.9470406845212,0
"merged-main",100000,2,1,"owned","scalar","data_table_plain",8,200.203037820756,0
"merged-main",100000,2,1,"owned","scalar","dibble_bracket",8,164.163997396827,0
"merged-main",100000,2,1,"owned","scalar","dplyr_plain",8,463.668955489993,0
"merged-main",100000,2,1,"owned","scalar","dplyr_dibble",9,108.937034383416,0
"merged-main",100000,2,1,"owned","scalar","dibble_bracket",9,154.323992319405,0
"merged-main",100000,2,1,"owned","scalar","repl",9,92.1679893508554,0
"merged-main",100000,2,1,"owned","scalar","data_table_plain",9,191.75698980689,0
"merged-main",100000,2,1,"owned","scalar","dplyr_plain",9,472.443061880767,0
"merged-main",100000,2,1,"owned","scalar","dplyr_dibble",10,106.681953184307,0
"merged-main",100000,2,1,"owned","scalar","dplyr_plain",10,453.746994026005,0
"merged-main",100000,2,1,"owned","scalar","repl",10,94.2589249461889,0
"merged-main",100000,2,1,"owned","scalar","dibble_bracket",10,152.642955072224,0
"merged-main",100000,2,1,"owned","scalar","data_table_plain",10,204.139039851725,0
"merged-main",100000,2,1,"owned","scalar","dibble_bracket",11,157.070928253233,0
"merged-main",100000,2,1,"owned","scalar","dplyr_dibble",11,110.044027678668,0
"merged-main",100000,2,1,"owned","scalar","repl",11,95.4070128500462,0
"merged-main",100000,2,1,"owned","scalar","data_table_plain",11,197.250978089869,0
"merged-main",100000,2,1,"owned","scalar","dplyr_plain",11,464.119948446751,0
"merged-main",100000,2,1,"owned","scalar","data_table_plain",12,197.12804351002,0
"merged-main",100000,2,1,"owned","scalar","dplyr_plain",12,464.242999441922,0
"merged-main",100000,2,1,"owned","scalar","dplyr_dibble",12,107.173924334347,0
"merged-main",100000,2,1,"owned","scalar","dibble_bracket",12,160.351046361029,0
"merged-main",100000,2,1,"owned","scalar","repl",12,96.5549843385816,0
"merged-main",100000,2,1,"owned","scalar","dplyr_plain",13,465.760007500648,0
"merged-main",100000,2,1,"owned","scalar","repl",13,92.0039601624012,0
"merged-main",100000,2,1,"owned","scalar","data_table_plain",13,200.120965018868,0
"merged-main",100000,2,1,"owned","scalar","dplyr_dibble",13,109.674991108477,0
"merged-main",100000,2,1,"owned","scalar","dibble_bracket",13,146.820908412337,0
"merged-main",100000,2,1,"owned","scalar","repl",14,108.485925011337,0
"merged-main",100000,2,1,"owned","scalar","dibble_bracket",14,156.661029905081,0
"merged-main",100000,2,1,"owned","scalar","data_table_plain",14,198.562978766859,0
"merged-main",100000,2,1,"owned","scalar","dplyr_dibble",14,109.46998372674,0
"merged-main",100000,2,1,"owned","scalar","dplyr_plain",14,458.421069197357,0
"merged-main",100000,2,1,"owned","scalar","dplyr_plain",15,445.42399700731,0
"merged-main",100000,2,1,"owned","scalar","dibble_bracket",15,156.332971528172,0
"merged-main",100000,2,1,"owned","scalar","repl",15,95.1199326664209,0
"merged-main",100000,2,1,"owned","scalar","data_table_plain",15,197.660992853343,0
"merged-main",100000,2,1,"owned","scalar","dplyr_dibble",15,112.094101496041,0
"merged-main",100000,2,1,"owned","scalar","dplyr_plain",16,475.927954539657,0
"merged-main",100000,2,1,"owned","scalar","data_table_plain",16,211.231992579997,0
"merged-main",100000,2,1,"owned","scalar","dplyr_dibble",16,106.230960227549,0
"merged-main",100000,2,1,"owned","scalar","repl",16,90.8969668671489,0
"merged-main",100000,2,1,"owned","scalar","dibble_bracket",16,157.563015818596,0
"merged-main",100000,2,1,"owned","scalar","dibble_bracket",17,144.073972478509,0
"merged-main",100000,2,1,"owned","scalar","data_table_plain",17,197.209999896586,0
"merged-main",100000,2,1,"owned","scalar","repl",17,90.8150104805827,0
"merged-main",100000,2,1,"owned","scalar","dplyr_plain",17,457.805930636823,0
"merged-main",100000,2,1,"owned","scalar","dplyr_dibble",17,108.567997813225,0
"merged-main",100000,2,1,"owned","scalar","dplyr_dibble",18,104.877981357276,0
"merged-main",100000,2,1,"owned","scalar","repl",18,94.9150417000055,0
"merged-main",100000,2,1,"owned","scalar","dplyr_plain",18,455.755973234773,0
"merged-main",100000,2,1,"owned","scalar","data_table_plain",18,197.496963664889,0
"merged-main",100000,2,1,"owned","scalar","dibble_bracket",18,158.465001732111,0
"merged-main",100000,2,1,"owned","scalar","dibble_bracket",19,154.939014464617,0
"merged-main",100000,2,1,"owned","scalar","dplyr_plain",19,459.774048067629,0
"merged-main",100000,2,1,"owned","scalar","data_table_plain",19,233.085011132061,0
"merged-main",100000,2,1,"owned","scalar","dplyr_dibble",19,107.871019281447,0
"merged-main",100000,2,1,"owned","scalar","repl",19,93.7259756028652,0
"merged-main",100000,2,1,"owned","scalar","dplyr_dibble",20,104.30405382067,0
"merged-main",100000,2,1,"owned","scalar","data_table_plain",20,198.111985810101,0
"merged-main",100000,2,1,"owned","scalar","dibble_bracket",20,158.218899741769,0
"merged-main",100000,2,1,"owned","scalar","dplyr_plain",20,460.676033981144,0
"merged-main",100000,2,1,"owned","scalar","repl",20,91.6349235922098,0
"merged-main",100000,2,1,"owned","call","data_table_plain",1,194.955035112798,0
"merged-main",100000,2,1,"owned","call","dplyr_dibble",1,106.59999679774,0
"merged-main",100000,2,1,"owned","call","dplyr_plain",1,377.28191819042,0
"merged-main",100000,2,1,"owned","call","repl",1,281.177926808596,0
"merged-main",100000,2,1,"owned","call","dibble_bracket",1,158.505979925394,0
"merged-main",100000,2,1,"owned","call","dplyr_plain",2,369.615037925541,0
"merged-main",100000,2,1,"owned","call","data_table_plain",2,201.761024072766,0
"merged-main",100000,2,1,"owned","call","repl",2,279.251020401716,0
"merged-main",100000,2,1,"owned","call","dibble_bracket",2,147.928018122911,0
"merged-main",100000,2,1,"owned","call","dplyr_dibble",2,106.969033367932,0
"merged-main",100000,2,1,"owned","call","dplyr_dibble",3,108.813983388245,0
"merged-main",100000,2,1,"owned","call","dibble_bracket",3,157.358008436859,0
"merged-main",100000,2,1,"owned","call","repl",3,274.905003607273,0
"merged-main",100000,2,1,"owned","call","data_table_plain",3,200.530979782343,0
"merged-main",100000,2,1,"owned","call","dplyr_plain",3,384.866958484054,0
"merged-main",100000,2,1,"owned","call","dplyr_dibble",4,108.732027001679,0
"merged-main",100000,2,1,"owned","call","data_table_plain",4,202.663009986281,0
"merged-main",100000,2,1,"owned","call","repl",4,276.340055279434,0
"merged-main",100000,2,1,"owned","call","dplyr_plain",4,375.887961126864,0
"merged-main",100000,2,1,"owned","call","dibble_bracket",4,156.702008098364,0
"merged-main",100000,2,1,"owned","call","data_table_plain",5,198.316993191838,0
"merged-main",100000,2,1,"owned","call","repl",5,279.866042546928,0
"merged-main",100000,2,1,"owned","call","dplyr_dibble",5,108.773005194962,0
"merged-main",100000,2,1,"owned","call","dibble_bracket",5,148.420105688274,0
"merged-main",100000,2,1,"owned","call","dplyr_plain",5,373.592018149793,0
"merged-main",100000,2,1,"owned","call","data_table_plain",6,202.212017029524,0
"merged-main",100000,2,1,"owned","call","dplyr_dibble",6,110.617955215275,0
"merged-main",100000,2,1,"owned","call","repl",6,269.902986474335,0
"merged-main",100000,2,1,"owned","call","dplyr_plain",6,381.054007448256,0
"merged-main",100000,2,1,"owned","call","dibble_bracket",6,160.351046361029,0
"merged-main",100000,2,1,"owned","call","dplyr_dibble",7,106.517923995852,0
"merged-main",100000,2,1,"owned","call","data_table_plain",7,211.847014725208,0
"merged-main",100000,2,1,"owned","call","repl",7,289.582996629179,0
"merged-main",100000,2,1,"owned","call","dplyr_plain",7,389.090040698647,0
"merged-main",100000,2,1,"owned","call","dibble_bracket",7,148.665974847972,0
"merged-main",100000,2,1,"owned","call","data_table_plain",8,205.614953301847,0
"merged-main",100000,2,1,"owned","call","repl",8,270.969001576304,0
"merged-main",100000,2,1,"owned","call","dplyr_dibble",8,107.255997136235,0
"merged-main",100000,2,1,"owned","call","dibble_bracket",8,150.838983245194,0
"merged-main",100000,2,1,"owned","call","dplyr_plain",8,372.854061424732,0
"merged-main",100000,2,1,"owned","call","dplyr_plain",9,361.57900467515,0
"merged-main",100000,2,1,"owned","call","dibble_bracket",9,156.497000716627,0
"merged-main",100000,2,1,"owned","call","dplyr_dibble",9,106.559018604457,0
"merged-main",100000,2,1,"owned","call","data_table_plain",9,198.972993530333,0
"merged-main",100000,2,1,"owned","call","repl",9,294.995028525591,0
"merged-main",100000,2,1,"owned","call","dplyr_plain",10,398.683943785727,0
"merged-main",100000,2,1,"owned","call","dplyr_dibble",10,111.02796997875,0
"merged-main",100000,2,1,"owned","call","data_table_plain",10,197.333050891757,0
"merged-main",100000,2,1,"owned","call","repl",10,275.888945907354,0
"merged-main",100000,2,1,"owned","call","dibble_bracket",10,179.252005182207,0
"merged-main",100000,2,1,"owned","call","dplyr_dibble",11,108.362990431488,0
"merged-main",100000,2,1,"owned","call","repl",11,283.473986200988,0
"merged-main",100000,2,1,"owned","call","dibble_bracket",11,153.17602083087,0
"merged-main",100000,2,1,"owned","call","dplyr_plain",11,389.95104841888,0
"merged-main",100000,2,1,"owned","call","data_table_plain",11,211.313948966563,0
"merged-main",100000,2,1,"owned","call","repl",12,282.03905094415,0
"merged-main",100000,2,1,"owned","call","dplyr_dibble",12,121.523975394666,0
"merged-main",100000,2,1,"owned","call","dibble_bracket",12,157.849979586899,0
"merged-main",100000,2,1,"owned","call","data_table_plain",12,213.77403754741,0
"merged-main",100000,2,1,"owned","call","dplyr_plain",12,389.048946090043,0
"merged-main",100000,2,1,"owned","call","dibble_bracket",13,151.782063767314,0
"merged-main",100000,2,1,"owned","call","dplyr_plain",13,417.585019022226,0
"merged-main",100000,2,1,"owned","call","dplyr_dibble",13,113.487942144275,0
"merged-main",100000,2,1,"owned","call","repl",13,285.975052975118,0
"merged-main",100000,2,1,"owned","call","data_table_plain",13,226.483913138509,0
"merged-main",100000,2,1,"owned","call","dibble_bracket",14,216.930988244712,0
"merged-main",100000,2,1,"owned","call","dplyr_dibble",14,116.153038106859,0
"merged-main",100000,2,1,"owned","call","data_table_plain",14,207.78807811439,0
"merged-main",100000,2,1,"owned","call","dplyr_plain",14,390.853034332395,0
"merged-main",100000,2,1,"owned","call","repl",14,284.662935882807,0
"merged-main",100000,2,1,"owned","call","data_table_plain",15,239.357934333384,0
"merged-main",100000,2,1,"owned","call","repl",15,298.192957416177,0
"merged-main",100000,2,1,"owned","call","dibble_bracket",15,164.040946401656,0
"merged-main",100000,2,1,"owned","call","dplyr_dibble",15,111.232977360487,0
"merged-main",100000,2,1,"owned","call","dplyr_plain",15,430.705025792122,0
"merged-main",100000,2,1,"owned","call","dplyr_dibble",16,115.292030386627,0
"merged-main",100000,2,1,"owned","call","dibble_bracket",16,164.369004778564,0
"merged-main",100000,2,1,"owned","call","dplyr_plain",16,392.124056816101,0
"merged-main",100000,2,1,"owned","call","repl",16,297.577935270965,0
"merged-main",100000,2,1,"owned","call","data_table_plain",16,260.226894170046,0
"merged-main",100000,2,1,"owned","call","dibble_bracket",17,162.40100376308,0
"merged-main",100000,2,1,"owned","call","dplyr_plain",17,381.259014829993,0
"merged-main",100000,2,1,"owned","call","data_table_plain",17,234.068953432143,0
"merged-main",100000,2,1,"owned","call","dplyr_dibble",17,113.570014946163,0
"merged-main",100000,2,1,"owned","call","repl",17,287.943053990602,0
"merged-main",100000,2,1,"owned","call","dplyr_plain",18,392.738962545991,0
"merged-main",100000,2,1,"owned","call","data_table_plain",18,207.377946935594,0
"merged-main",100000,2,1,"owned","call","repl",18,282.654073089361,0
"merged-main",100000,2,1,"owned","call","dplyr_dibble",18,112.011912278831,0
"merged-main",100000,2,1,"owned","call","dibble_bracket",18,149.240018799901,0
"merged-main",100000,2,1,"owned","call","data_table_plain",19,210.330006666481,0
"merged-main",100000,2,1,"owned","call","repl",19,317.175989039242,0
"merged-main",100000,2,1,"owned","call","dibble_bracket",19,156.78396448493,0
"merged-main",100000,2,1,"owned","call","dplyr_dibble",19,113.651971332729,0
"merged-main",100000,2,1,"owned","call","dplyr_plain",19,396.101037040353,0
"merged-main",100000,2,1,"owned","call","dplyr_plain",20,376.420910470188,0
"merged-main",100000,2,1,"owned","call","dibble_bracket",20,159.407965838909,0
"merged-main",100000,2,1,"owned","call","data_table_plain",20,220.498070120811,0
"merged-main",100000,2,1,"owned","call","repl",20,290.526077151299,0
"merged-main",100000,2,1,"owned","call","dplyr_dibble",20,111.315050162375,0
"merged-main",100000,2,1,"owned","arithmetic","dplyr_dibble",1,100.695993751287,0
"merged-main",100000,2,1,"owned","arithmetic","repl",1,137.637020088732,0
"merged-main",100000,2,1,"owned","arithmetic","dplyr_plain",1,390.81193972379,0
"merged-main",100000,2,1,"owned","arithmetic","data_table_plain",1,218.365923501551,0
"merged-main",100000,2,1,"owned","arithmetic","dibble_bracket",1,188.025995157659,0
"merged-main",100000,2,1,"owned","arithmetic","dibble_bracket",2,170.436920598149,0
"merged-main",100000,2,1,"owned","arithmetic","dplyr_plain",2,388.720887713134,0
"merged-main",100000,2,1,"owned","arithmetic","dplyr_dibble",2,101.597979664803,0
"merged-main",100000,2,1,"owned","arithmetic","data_table_plain",2,225.991941988468,0
"merged-main",100000,2,1,"owned","arithmetic","repl",2,149.772968143225,0
"merged-main",100000,2,1,"owned","arithmetic","data_table_plain",3,224.516028538346,0
"merged-main",100000,2,1,"owned","arithmetic","dplyr_dibble",3,98.9739783108234,0
"merged-main",100000,2,1,"owned","arithmetic","dplyr_plain",3,394.17389780283,0
"merged-main",100000,2,1,"owned","arithmetic","dibble_bracket",3,174.660002812743,0
"merged-main",100000,2,1,"owned","arithmetic","repl",3,147.55898155272,0
"merged-main",100000,2,1,"owned","arithmetic","dibble_bracket",4,175.684923306108,0
"merged-main",100000,2,1,"owned","arithmetic","repl",4,135.915004648268,0
"merged-main",100000,2,1,"owned","arithmetic","dplyr_dibble",4,97.8669850155711,0
"merged-main",100000,2,1,"owned","arithmetic","dplyr_plain",4,405.982020311058,0
"merged-main",100000,2,1,"owned","arithmetic","data_table_plain",4,225.458992645144,0
"merged-main",100000,2,1,"owned","arithmetic","dplyr_dibble",5,102.663994766772,0
"merged-main",100000,2,1,"owned","arithmetic","repl",5,151.248998008668,0
"merged-main",100000,2,1,"owned","arithmetic","dibble_bracket",5,175.848952494562,0
"merged-main",100000,2,1,"owned","arithmetic","dplyr_plain",5,397.413037717342,0
"merged-main",100000,2,1,"owned","arithmetic","data_table_plain",5,222.138012759387,0
"merged-main",100000,2,1,"owned","arithmetic","dibble_bracket",6,175.890047103167,0
"merged-main",100000,2,1,"owned","arithmetic","dplyr_plain",6,391.795998439193,0
"merged-main",100000,2,1,"owned","arithmetic","dplyr_dibble",6,98.2360215857625,0
"merged-main",100000,2,1,"owned","arithmetic","repl",6,149.568077176809,0
"merged-main",100000,2,1,"owned","arithmetic","data_table_plain",6,221.973983570933,0
"merged-main",100000,2,1,"owned","arithmetic","dibble_bracket",7,173.758016899228,0
"merged-main",100000,2,1,"owned","arithmetic","dplyr_plain",7,384.08802356571,0
"merged-main",100000,2,1,"owned","arithmetic","data_table_plain",7,215.987907722592,0
"merged-main",100000,2,1,"owned","arithmetic","repl",7,138.005940243602,0
"merged-main",100000,2,1,"owned","arithmetic","dplyr_dibble",7,94.9559034779668,0
"merged-main",100000,2,1,"owned","arithmetic","dibble_bracket",8,170.724000781775,0
"merged-main",100000,2,1,"owned","arithmetic","dplyr_dibble",8,95.242983661592,0
"merged-main",100000,2,1,"owned","arithmetic","data_table_plain",8,234.151026234031,0
"merged-main",100000,2,1,"owned","arithmetic","repl",8,149.650033563375,0
"merged-main",100000,2,1,"owned","arithmetic","dplyr_plain",8,391.180976293981,0
"merged-main",100000,2,1,"owned","arithmetic","dplyr_plain",9,375.10902620852,0
"merged-main",100000,2,1,"owned","arithmetic","data_table_plain",9,222.834991291165,0
"merged-main",100000,2,1,"owned","arithmetic","dibble_bracket",9,174.946966581047,0
"merged-main",100000,2,1,"owned","arithmetic","dplyr_dibble",9,96.3909551501274,0
"merged-main",100000,2,1,"owned","arithmetic","repl",9,142.475008033216,0
"merged-main",100000,2,1,"owned","arithmetic","dibble_bracket",10,179.252005182207,0
"merged-main",100000,2,1,"owned","arithmetic","dplyr_dibble",10,94.6279615163803,0
"merged-main",100000,2,1,"owned","arithmetic","dplyr_plain",10,392.697984352708,0
"merged-main",100000,2,1,"owned","arithmetic","data_table_plain",10,218.694098293781,0
"merged-main",100000,2,1,"owned","arithmetic","repl",10,139.564042910933,0
"merged-main",100000,2,1,"owned","arithmetic","data_table_plain",11,228.984979912639,0
"merged-main",100000,2,1,"owned","arithmetic","repl",11,139.605021104217,0
"merged-main",100000,2,1,"owned","arithmetic","dplyr_dibble",11,98.8510437309742,0
"merged-main",100000,2,1,"owned","arithmetic","dibble_bracket",11,170.232029631734,0
"merged-main",100000,2,1,"owned","arithmetic","dplyr_plain",11,392.206013202667,0
"merged-main",100000,2,1,"owned","arithmetic","dibble_bracket",12,172.486994415522,0
"merged-main",100000,2,1,"owned","arithmetic","dplyr_plain",12,389.541033655405,0
"merged-main",100000,2,1,"owned","arithmetic","repl",12,139.686977490783,0
"merged-main",100000,2,1,"owned","arithmetic","data_table_plain",12,216.849031858146,0
"merged-main",100000,2,1,"owned","arithmetic","dplyr_dibble",12,98.1129705905914,0
"merged-main",100000,2,1,"owned","arithmetic","data_table_plain",13,215.496052987874,0
"merged-main",100000,2,1,"owned","arithmetic","dplyr_dibble",13,98.8920219242573,0
"merged-main",100000,2,1,"owned","arithmetic","repl",13,137.432012706995,0
"merged-main",100000,2,1,"owned","arithmetic","dibble_bracket",13,170.06800044328,0
"merged-main",100000,2,1,"owned","arithmetic","dplyr_plain",13,389.212975278497,0
"merged-main",100000,2,1,"owned","arithmetic","data_table_plain",14,219.719018787146,0
"merged-main",100000,2,1,"owned","arithmetic","dplyr_plain",14,384.498038329184,0
"merged-main",100000,2,1,"owned","arithmetic","repl",14,135.259004309773,0
"merged-main",100000,2,1,"owned","arithmetic","dplyr_dibble",14,103.156082332134,0
"merged-main",100000,2,1,"owned","arithmetic","dibble_bracket",14,180.769013240933,0
"merged-main",100000,2,1,"owned","arithmetic","data_table_plain",15,233.454047702253,0
"merged-main",100000,2,1,"owned","arithmetic","dplyr_dibble",15,101.392972283065,0
"merged-main",100000,2,1,"owned","arithmetic","dplyr_plain",15,389.992026612163,0
"merged-main",100000,2,1,"owned","arithmetic","repl",15,137.186027131975,0
"merged-main",100000,2,1,"owned","arithmetic","dibble_bracket",15,172.405038028955,0
"merged-main",100000,2,1,"owned","arithmetic","data_table_plain",16,218.119937926531,0
"merged-main",100000,2,1,"owned","arithmetic","dibble_bracket",16,174.249988049269,0
"merged-main",100000,2,1,"owned","arithmetic","dplyr_dibble",16,97.6619776338339,0
"merged-main",100000,2,1,"owned","arithmetic","repl",16,139.113049954176,0
"merged-main",100000,2,1,"owned","arithmetic","dplyr_plain",16,387.368025258183,0
"merged-main",100000,2,1,"owned","arithmetic","dplyr_dibble",17,102.581921964884,0
"merged-main",100000,2,1,"owned","arithmetic","repl",17,138.989998959005,0
"merged-main",100000,2,1,"owned","arithmetic","dibble_bracket",17,170.3139860183,0
"merged-main",100000,2,1,"owned","arithmetic","dplyr_plain",17,415.903981775045,0
"merged-main",100000,2,1,"owned","arithmetic","data_table_plain",17,227.344920858741,0
"merged-main",100000,2,1,"owned","arithmetic","dibble_bracket",18,172.568950802088,0
"merged-main",100000,2,1,"owned","arithmetic","dplyr_plain",18,386.958010494709,0
"merged-main",100000,2,1,"owned","arithmetic","data_table_plain",18,224.024057388306,0
"merged-main",100000,2,1,"owned","arithmetic","repl",18,137.637020088732,0
"merged-main",100000,2,1,"owned","arithmetic","dplyr_dibble",18,100.039993412793,0
"merged-main",100000,2,1,"owned","arithmetic","dplyr_dibble",19,96.7190135270357,0
"merged-main",100000,2,1,"owned","arithmetic","data_table_plain",19,216.233893297613,0
"merged-main",100000,2,1,"owned","arithmetic","dplyr_plain",19,389.95104841888,0
"merged-main",100000,2,1,"owned","arithmetic","dibble_bracket",19,171.707943081856,0
"merged-main",100000,2,1,"owned","arithmetic","repl",19,149.691011756659,0
"merged-main",100000,2,1,"owned","arithmetic","dplyr_dibble",20,100.901001133025,0
"merged-main",100000,2,1,"owned","arithmetic","dibble_bracket",20,173.184089362621,0
"merged-main",100000,2,1,"owned","arithmetic","data_table_plain",20,223.326962441206,0
"merged-main",100000,2,1,"owned","arithmetic","repl",20,152.684049680829,0
"merged-main",100000,2,1,"owned","arithmetic","dplyr_plain",20,385.317951440811,0
"merged-main",100000,2,1,"owned","create","dplyr_dibble",1,96.186064183712,0
"merged-main",100000,2,1,"owned","create","data_table_plain",1,239.89100009203,0
"merged-main",100000,2,1,"owned","create","dplyr_plain",1,387.69596721977,0
"merged-main",100000,2,1,"owned","create","dibble_bracket",1,186.017015948892,0
"merged-main",100000,2,1,"owned","create","gen",1,191.428931429982,0
"merged-main",100000,2,1,"owned","create","dplyr_plain",2,387.245090678334,0
"merged-main",100000,2,1,"owned","create","dplyr_dibble",2,97.0880500972271,0
"merged-main",100000,2,1,"owned","create","dibble_bracket",2,182.326999492943,0
"merged-main",100000,2,1,"owned","create","data_table_plain",2,242.843059822917,0
"merged-main",100000,2,1,"owned","create","gen",2,192.249077372253,0
"merged-main",100000,2,1,"owned","create","data_table_plain",3,238.209962844849,0
"merged-main",100000,2,1,"owned","create","dplyr_plain",3,392.862013541162,0
"merged-main",100000,2,1,"owned","create","dplyr_dibble",3,94.7099179029465,0
"merged-main",100000,2,1,"owned","create","gen",3,201.884075067937,0
"merged-main",100000,2,1,"owned","create","dibble_bracket",3,189.624959602952,0
"merged-main",100000,2,1,"owned","create","gen",4,192.82300490886,0
"merged-main",100000,2,1,"owned","create","data_table_plain",4,247.147982008755,0
"merged-main",100000,2,1,"owned","create","dplyr_plain",4,401.22598875314,0
"merged-main",100000,2,1,"owned","create","dplyr_dibble",4,99.7529132291675,0
"merged-main",100000,2,1,"owned","create","dibble_bracket",4,181.343057192862,0
"merged-main",100000,2,1,"owned","create","dplyr_dibble",5,98.728109151125,0
"merged-main",100000,2,1,"owned","create","gen",5,207.623932510614,0
"merged-main",100000,2,1,"owned","create","data_table_plain",5,243.662972934544,0
"merged-main",100000,2,1,"owned","create","dplyr_plain",5,405.366998165846,0
"merged-main",100000,2,1,"owned","create","dibble_bracket",5,189.174083061516,0
"merged-main",100000,2,1,"owned","create","dibble_bracket",6,181.670999154449,0
"merged-main",100000,2,1,"owned","create","dplyr_dibble",6,100.737088359892,0
"merged-main",100000,2,1,"owned","create","dplyr_plain",6,383.882899768651,0
"merged-main",100000,2,1,"owned","create","gen",6,194.011954590678,0
"merged-main",100000,2,1,"owned","create","data_table_plain",6,238.82498499006,0
"merged-main",100000,2,1,"owned","create","data_table_plain",7,233.085011132061,0
"merged-main",100000,2,1,"owned","create","dibble_bracket",7,184.049014933407,0
"merged-main",100000,2,1,"owned","create","dplyr_plain",7,385.973951779306,0
"merged-main",100000,2,1,"owned","create","gen",7,187.534024007618,0
"merged-main",100000,2,1,"owned","create","dplyr_dibble",7,101.393088698387,0
"merged-main",100000,2,1,"owned","create","data_table_plain",8,248.132040724158,0
"merged-main",100000,2,1,"owned","create","dplyr_dibble",8,98.0719923973083,0
"merged-main",100000,2,1,"owned","create","gen",8,193.438027054071,0
"merged-main",100000,2,1,"owned","create","dibble_bracket",8,181.588926352561,0
"merged-main",100000,2,1,"owned","create","dplyr_plain",8,386.220053769648,0
"merged-main",100000,2,1,"owned","create","dplyr_dibble",9,97.908079624176,0
"merged-main",100000,2,1,"owned","create","gen",9,189.665937796235,0
"merged-main",100000,2,1,"owned","create","dibble_bracket",9,188.476988114417,0
"merged-main",100000,2,1,"owned","create","data_table_plain",9,239.931978285313,0
"merged-main",100000,2,1,"owned","create","dplyr_plain",9,395.650044083595,0
"merged-main",100000,2,1,"owned","create","data_table_plain",10,236.610998399556,0
"merged-main",100000,2,1,"owned","create","dplyr_dibble",10,94.0540339797735,0
"merged-main",100000,2,1,"owned","create","gen",10,187.615980394185,0
"merged-main",100000,2,1,"owned","create","dibble_bracket",10,180.891947820783,0
"merged-main",100000,2,1,"owned","create","dplyr_plain",10,389.868975616992,0
"merged-main",100000,2,1,"owned","create","dplyr_plain",11,375.888077542186,0
"merged-main",100000,2,1,"owned","create","dibble_bracket",11,189.051032066345,0
"merged-main",100000,2,1,"owned","create","data_table_plain",11,239.645014517009,0
"merged-main",100000,2,1,"owned","create","gen",11,193.028012290597,0
"merged-main",100000,2,1,"owned","create","dplyr_dibble",11,100.163044407964,0
"merged-main",100000,2,1,"owned","create","data_table_plain",12,239.153043366969,0
"merged-main",100000,2,1,"owned","create","dplyr_dibble",12,101.433950476348,0
"merged-main",100000,2,1,"owned","create","gen",12,190.404010936618,0
"merged-main",100000,2,1,"owned","create","dplyr_plain",12,402.824953198433,0
"merged-main",100000,2,1,"owned","create","dibble_bracket",12,181.752955541015,0
"merged-main",100000,2,1,"owned","create","dibble_bracket",13,173.06103836745,0
"merged-main",100000,2,1,"owned","create","data_table_plain",13,237.02101316303,0
"merged-main",100000,2,1,"owned","create","dplyr_dibble",13,108.773005194962,0
"merged-main",100000,2,1,"owned","create","gen",13,204.79504019022,0
"merged-main",100000,2,1,"owned","create","dplyr_plain",13,406.924984417856,0
"merged-main",100000,2,1,"owned","create","dplyr_plain",14,382.898957468569,0
"merged-main",100000,2,1,"owned","create","dplyr_dibble",14,106.969033367932,0
"merged-main",100000,2,1,"owned","create","data_table_plain",14,251.739984378219,0
"merged-main",100000,2,1,"owned","create","dibble_bracket",14,190.07595255971,0
"merged-main",100000,2,1,"owned","create","gen",14,191.305996850133,0
"merged-main",100000,2,1,"owned","create","dplyr_dibble",15,109.018990769982,0
"merged-main",100000,2,1,"owned","create","data_table_plain",15,262.235989794135,0
"merged-main",100000,2,1,"owned","create","dibble_bracket",15,195.282977074385,0
"merged-main",100000,2,1,"owned","create","dplyr_plain",15,406.925100833178,0
"merged-main",100000,2,1,"owned","create","gen",15,225.99205840379,0
"merged-main",100000,2,1,"owned","create","data_table_plain",16,259.980908595026,0
"merged-main",100000,2,1,"owned","create","dplyr_plain",16,408.318941481411,0
"merged-main",100000,2,1,"owned","create","dibble_bracket",16,195.077969692647,0
"merged-main",100000,2,1,"owned","create","gen",16,225.458992645144,0
"merged-main",100000,2,1,"owned","create","dplyr_dibble",16,102.74606756866,0
"merged-main",100000,2,1,"owned","create","dibble_bracket",17,198.030029423535,0
"merged-main",100000,2,1,"owned","create","gen",17,197.62001466006,0
"merged-main",100000,2,1,"owned","create","dplyr_dibble",17,101.228943094611,0
"merged-main",100000,2,1,"owned","create","dplyr_plain",17,440.545030869544,0
"merged-main",100000,2,1,"owned","create","data_table_plain",17,261.744018644094,0
"merged-main",100000,2,1,"owned","create","dplyr_dibble",18,102.336052805185,0
"merged-main",100000,2,1,"owned","create","gen",18,195.159926079214,0
"merged-main",100000,2,1,"owned","create","data_table_plain",18,283.433008007705,0
"merged-main",100000,2,1,"owned","create","dibble_bracket",18,197.332934476435,0
"merged-main",100000,2,1,"owned","create","dplyr_plain",18,404.670019634068,0
"merged-main",100000,2,1,"owned","create","data_table_plain",19,247.43506219238,0
"merged-main",100000,2,1,"owned","create","dibble_bracket",19,189.584097824991,0
"merged-main",100000,2,1,"owned","create","dplyr_dibble",19,99.548022262752,0
"merged-main",100000,2,1,"owned","create","dplyr_plain",19,398.930045776069,0
"merged-main",100000,2,1,"owned","create","gen",19,201.719929464161,0
"merged-main",100000,2,1,"owned","create","data_table_plain",20,246.24599609524,0
"merged-main",100000,2,1,"owned","create","dplyr_plain",20,391.63208566606,0
"merged-main",100000,2,1,"owned","create","dplyr_dibble",20,99.4660658761859,0
"merged-main",100000,2,1,"owned","create","gen",20,195.857021026313,0
"merged-main",100000,2,1,"owned","create","dibble_bracket",20,225.172028876841,0
"merged-main",100000,2,1,"owned","five","dibble_bracket",1,292.452983558178,0
"merged-main",100000,2,1,"owned","five","dplyr_plain",1,619.755941443145,0
"merged-main",100000,2,1,"owned","five","data_table_plain",1,348.213012330234,0
"merged-main",100000,2,1,"owned","five","dplyr_dibble",1,100.367935374379,0
"merged-main",100000,2,1,"owned","five","dibble_bracket",2,298.848957754672,0
"merged-main",100000,2,1,"owned","five","dplyr_plain",2,633.57304316014,0
"merged-main",100000,2,1,"owned","five","data_table_plain",2,351.452035829425,0
"merged-main",100000,2,1,"owned","five","dplyr_dibble",2,123.573932796717,0
"merged-main",100000,2,1,"owned","five","dplyr_plain",3,747.881014831364,0
"merged-main",100000,2,1,"owned","five","dplyr_dibble",3,102.458987385035,0
"merged-main",100000,2,1,"owned","five","data_table_plain",3,356.207950972021,0
"merged-main",100000,2,1,"owned","five","dibble_bracket",3,332.099967636168,0
"merged-main",100000,2,1,"owned","five","data_table_plain",4,342.924031428993,0
"merged-main",100000,2,1,"owned","five","dplyr_dibble",4,103.319995105267,0
"merged-main",100000,2,1,"owned","five","dibble_bracket",4,302.703003399074,0
"merged-main",100000,2,1,"owned","five","dplyr_plain",4,634.310999885201,0
"merged-main",100000,2,1,"owned","five","dibble_bracket",5,298.807979561388,0
"merged-main",100000,2,1,"owned","five","dplyr_plain",5,614.549033343792,0
"merged-main",100000,2,1,"owned","five","dplyr_dibble",5,102.213001810014,0
"merged-main",100000,2,1,"owned","five","data_table_plain",5,380.97205106169,0
"merged-main",100000,2,1,"owned","five","dplyr_dibble",6,104.140024632215,0
"merged-main",100000,2,1,"owned","five","dplyr_plain",6,639.722915366292,0
"merged-main",100000,2,1,"owned","five","dibble_bracket",6,304.179033264518,0
"merged-main",100000,2,1,"owned","five","data_table_plain",6,337.717006914318,0
"merged-main",100000,2,1,"owned","five","data_table_plain",7,336.364028044045,0
"merged-main",100000,2,1,"owned","five","dibble_bracket",7,313.814030960202,0
"merged-main",100000,2,1,"owned","five","dplyr_plain",7,624.430016614497,0
"merged-main",100000,2,1,"owned","five","dplyr_dibble",7,102.458987385035,0
"merged-main",100000,2,1,"owned","five","dplyr_dibble",8,100.777950137854,0
"merged-main",100000,2,1,"owned","five","data_table_plain",8,361.497048288584,0
"merged-main",100000,2,1,"owned","five","dplyr_plain",8,647.390028461814,0
"merged-main",100000,2,1,"owned","five","dibble_bracket",8,309.303984977305,0
"merged-main",100000,2,1,"owned","five","dplyr_plain",9,623.650965280831,0
"merged-main",100000,2,1,"owned","five","data_table_plain",9,397.577066905797,0
"merged-main",100000,2,1,"owned","five","dibble_bracket",9,320.784049108624,0
"merged-main",100000,2,1,"owned","five","dplyr_dibble",9,104.549922980368,0
"merged-main",100000,2,1,"owned","five","data_table_plain",10,352.60000731796,0
"merged-main",100000,2,1,"owned","five","dplyr_dibble",10,101.270037703216,0
"merged-main",100000,2,1,"owned","five","dibble_bracket",10,305.531895719469,0
"merged-main",100000,2,1,"owned","five","dplyr_plain",10,641.649938188493,0
"merged-main",100000,2,1,"owned","five","dplyr_dibble",11,99.7940078377724,0
"merged-main",100000,2,1,"owned","five","data_table_plain",11,342.022045515478,0
"merged-main",100000,2,1,"owned","five","dplyr_plain",11,627.423054538667,0
"merged-main",100000,2,1,"owned","five","dibble_bracket",11,297.414022497833,0
"merged-main",100000,2,1,"owned","five","data_table_plain",12,358.21704659611,0
"merged-main",100000,2,1,"owned","five","dplyr_plain",12,614.303047768772,0
"merged-main",100000,2,1,"owned","five","dplyr_dibble",12,100.819044746459,0
"merged-main",100000,2,1,"owned","five","dibble_bracket",12,296.880956739187,0
"merged-main",100000,2,1,"owned","five","dplyr_dibble",13,104.016973637044,0
"merged-main",100000,2,1,"owned","five","dibble_bracket",13,297.127058729529,0
"merged-main",100000,2,1,"owned","five","data_table_plain",13,351.123977452517,0
"merged-main",100000,2,1,"owned","five","dplyr_plain",13,629.596062935889,0
"merged-main",100000,2,1,"owned","five","data_table_plain",14,342.391082085669,0
"merged-main",100000,2,1,"owned","five","dibble_bracket",14,299.751060083508,0
"merged-main",100000,2,1,"owned","five","dplyr_plain",14,624.430016614497,0
"merged-main",100000,2,1,"owned","five","dplyr_dibble",14,101.023935712874,0
"merged-main",100000,2,1,"owned","five","data_table_plain",15,341.202015988529,0
"merged-main",100000,2,1,"owned","five","dplyr_dibble",15,100.901001133025,0
"merged-main",100000,2,1,"owned","five","dibble_bracket",15,300.570973195136,0
"merged-main",100000,2,1,"owned","five","dplyr_plain",15,618.894933722913,0
"merged-main",100000,2,1,"owned","five","dibble_bracket",16,301.267951726913,0
"merged-main",100000,2,1,"owned","five","dplyr_dibble",16,103.155965916812,0
"merged-main",100000,2,1,"owned","five","data_table_plain",16,352.272065356374,0
"merged-main",100000,2,1,"owned","five","dplyr_plain",16,620.740000158548,0
"merged-main",100000,2,1,"owned","five","dibble_bracket",17,294.339028187096,0
"merged-main",100000,2,1,"owned","five","dplyr_plain",17,619.550934061408,0
"merged-main",100000,2,1,"owned","five","dplyr_dibble",17,99.0559346973896,0
"merged-main",100000,2,1,"owned","five","data_table_plain",17,344.728003256023,0
"merged-main",100000,2,1,"owned","five","dplyr_dibble",18,99.9169424176216,0
"merged-main",100000,2,1,"owned","five","dplyr_plain",18,629.637041129172,0
"merged-main",100000,2,1,"owned","five","data_table_plain",18,352.845992892981,0
"merged-main",100000,2,1,"owned","five","dibble_bracket",18,299.792038276792,0
"merged-main",100000,2,1,"owned","five","dibble_bracket",19,289.869960397482,0
"merged-main",100000,2,1,"owned","five","dplyr_plain",19,611.842959187925,0
"merged-main",100000,2,1,"owned","five","dplyr_dibble",19,102.458987385035,0
"merged-main",100000,2,1,"owned","five","data_table_plain",19,343.4979589656,0
"merged-main",100000,2,1,"owned","five","dplyr_plain",20,609.219074249268,0
"merged-main",100000,2,1,"owned","five","dplyr_dibble",20,102.336052805185,0
"merged-main",100000,2,1,"owned","five","data_table_plain",20,361.948041245341,0
"merged-main",100000,2,1,"owned","five","dibble_bracket",20,306.270085275173,0
"merged-main",100000,100,1,"plain","scalar","data_table_plain",1,203.934032469988,0
"merged-main",100000,100,1,"plain","scalar","repl",1,442.18497350812,0
"merged-main",100000,100,1,"plain","scalar","dplyr_dibble",1,4484.86697860062,0
"merged-main",100000,100,1,"plain","scalar","dibble_bracket",1,555.673032067716,0
"merged-main",100000,100,1,"plain","scalar","dplyr_plain",1,605.651992373168,0
"merged-main",100000,100,1,"plain","scalar","dibble_bracket",2,590.563984587789,0
"merged-main",100000,100,1,"plain","scalar","dplyr_dibble",2,4550.67201983184,0
"merged-main",100000,100,1,"plain","scalar","dplyr_plain",2,617.500976659358,0
"merged-main",100000,100,1,"plain","scalar","data_table_plain",2,220.990041270852,0
"merged-main",100000,100,1,"plain","scalar","repl",2,444.071018137038,0
"merged-main",100000,100,1,"plain","scalar","repl",3,453.501008450985,0
"merged-main",100000,100,1,"plain","scalar","dplyr_plain",3,628.32492403686,0
"merged-main",100000,100,1,"plain","scalar","data_table_plain",3,213.364022783935,0
"merged-main",100000,100,1,"plain","scalar","dibble_bracket",3,574.820092879236,0
"merged-main",100000,100,1,"plain","scalar","dplyr_dibble",3,4506.22802600265,0
"merged-main",100000,100,1,"plain","scalar","dibble_bracket",4,573.877012357116,0
"merged-main",100000,100,1,"plain","scalar","dplyr_dibble",4,4458.25804490596,0
"merged-main",100000,100,1,"plain","scalar","dplyr_plain",4,605.200999416411,0
"merged-main",100000,100,1,"plain","scalar","data_table_plain",4,208.690064027905,0
"merged-main",100000,100,1,"plain","scalar","repl",4,435.583991929889,0
"merged-main",100000,100,1,"plain","scalar","dplyr_plain",5,616.312026977539,0
"merged-main",100000,100,1,"plain","scalar","repl",5,451.163970865309,0
"merged-main",100000,100,1,"plain","scalar","data_table_plain",5,203.442061319947,0
"merged-main",100000,100,1,"plain","scalar","dplyr_dibble",5,4496.22399173677,0
"merged-main",100000,100,1,"plain","scalar","dibble_bracket",5,601.798063144088,0
"merged-main",100000,100,1,"plain","scalar","data_table_plain",6,211.5189563483,0
"merged-main",100000,100,1,"plain","scalar","dibble_bracket",6,555.263017304242,0
"merged-main",100000,100,1,"plain","scalar","dplyr_plain",6,625.086016952991,0
"merged-main",100000,100,1,"plain","scalar","repl",6,456.90406113863,0
"merged-main",100000,100,1,"plain","scalar","dplyr_dibble",6,4492.16493871063,0
"merged-main",100000,100,1,"plain","scalar","repl",7,437.306007370353,0
"merged-main",100000,100,1,"plain","scalar","data_table_plain",7,205.081887543201,0
"merged-main",100000,100,1,"plain","scalar","dibble_bracket",7,557.312974706292,0
"merged-main",100000,100,1,"plain","scalar","dplyr_plain",7,644.396990537643,0
"merged-main",100000,100,1,"plain","scalar","dplyr_dibble",7,4562.39806953818,0
"merged-main",100000,100,1,"plain","scalar","data_table_plain",8,233.207945711911,0
"merged-main",100000,100,1,"plain","scalar","dplyr_plain",8,633.572926744819,0
"merged-main",100000,100,1,"plain","scalar","dplyr_dibble",8,4526.27707272768,0
"merged-main",100000,100,1,"plain","scalar","dibble_bracket",8,576.050020754337,0
"merged-main",100000,100,1,"plain","scalar","repl",8,458.503025583923,0
"merged-main",100000,100,1,"plain","scalar","data_table_plain",9,209.058984182775,0
"merged-main",100000,100,1,"plain","scalar","dibble_bracket",9,573.179917410016,0
"merged-main",100000,100,1,"plain","scalar","dplyr_plain",9,638.082972727716,0
"merged-main",100000,100,1,"plain","scalar","dplyr_dibble",9,4492.24701151252,0
"merged-main",100000,100,1,"plain","scalar","repl",9,438.740942627192,0
"merged-main",100000,100,1,"plain","scalar","dplyr_plain",10,615.697004832327,0
"merged-main",100000,100,1,"plain","scalar","dplyr_dibble",10,4489.78692293167,0
"merged-main",100000,100,1,"plain","scalar","repl",10,451.573985628784,0
"merged-main",100000,100,1,"plain","scalar","data_table_plain",10,210.124999284744,0
"merged-main",100000,100,1,"plain","scalar","dibble_bracket",10,561.863998882473,0
"merged-main",100000,100,1,"plain","scalar","repl",11,444.686040282249,0
"merged-main",100000,100,1,"plain","scalar","data_table_plain",11,188.722973689437,0
"merged-main",100000,100,1,"plain","scalar","dibble_bracket",11,558.665953576565,0
"merged-main",100000,100,1,"plain","scalar","dplyr_dibble",11,4481.7510060966,0
"merged-main",100000,100,1,"plain","scalar","dplyr_plain",11,602.044048719108,0
"merged-main",100000,100,1,"plain","scalar","dplyr_dibble",12,4558.83098766208,0
"merged-main",100000,100,1,"plain","scalar","dplyr_plain",12,598.35403226316,0
"merged-main",100000,100,1,"plain","scalar","data_table_plain",12,207.378063350916,0
"merged-main",100000,100,1,"plain","scalar","repl",12,458.789989352226,0
"merged-main",100000,100,1,"plain","scalar","dibble_bracket",12,589.292962104082,0
"merged-main",100000,100,1,"plain","scalar","dplyr_plain",13,649.439985863864,0
"merged-main",100000,100,1,"plain","scalar","data_table_plain",13,227.016978897154,0
"merged-main",100000,100,1,"plain","scalar","dibble_bracket",13,590.809970162809,0
"merged-main",100000,100,1,"plain","scalar","dplyr_dibble",13,4546.28502484411,0
"merged-main",100000,100,1,"plain","scalar","repl",13,462.274998426437,0
"merged-main",100000,100,1,"plain","scalar","repl",14,459.159025922418,0
"merged-main",100000,100,1,"plain","scalar","dplyr_dibble",14,4497.70002160221,0
"merged-main",100000,100,1,"plain","scalar","data_table_plain",14,217.833090573549,0
"merged-main",100000,100,1,"plain","scalar","dibble_bracket",14,575.516954995692,0
"merged-main",100000,100,1,"plain","scalar","dplyr_plain",14,658.00896845758,0
"merged-main",100000,100,1,"plain","scalar","repl",15,448.29398393631,0
"merged-main",100000,100,1,"plain","scalar","dplyr_dibble",15,4510.65599918365,0
"merged-main",100000,100,1,"plain","scalar","data_table_plain",15,211.026985198259,0
"merged-main",100000,100,1,"plain","scalar","dibble_bracket",15,571.868033148348,0
"merged-main",100000,100,1,"plain","scalar","dplyr_plain",15,627.915025688708,0
"merged-main",100000,100,1,"plain","scalar","data_table_plain",16,212.338985875249,0
"merged-main",100000,100,1,"plain","scalar","repl",16,442.349002696574,0
"merged-main",100000,100,1,"plain","scalar","dplyr_dibble",16,4509.59010049701,0
"merged-main",100000,100,1,"plain","scalar","dplyr_plain",16,598.8460034132,0
"merged-main",100000,100,1,"plain","scalar","dibble_bracket",16,568.669987842441,0
"merged-main",100000,100,1,"plain","scalar","data_table_plain",17,209.263991564512,0
"merged-main",100000,100,1,"plain","scalar","dplyr_dibble",17,4456.33102208376,0
"merged-main",100000,100,1,"plain","scalar","repl",17,447.760918177664,0
"merged-main",100000,100,1,"plain","scalar","dplyr_plain",17,609.833979979157,0
"merged-main",100000,100,1,"plain","scalar","dibble_bracket",17,554.032973013818,0
"merged-main",100000,100,1,"plain","scalar","dplyr_plain",18,626.521068625152,0
"merged-main",100000,100,1,"plain","scalar","dibble_bracket",18,558.419968001544,0
"merged-main",100000,100,1,"plain","scalar","dplyr_dibble",18,4562.2339239344,0
"merged-main",100000,100,1,"plain","scalar","repl",18,471.131061203778,0
"merged-main",100000,100,1,"plain","scalar","data_table_plain",18,218.57104729861,0
"merged-main",100000,100,1,"plain","scalar","dplyr_dibble",19,4515.12495055795,0
"merged-main",100000,100,1,"plain","scalar","repl",19,446.366961114109,0
"merged-main",100000,100,1,"plain","scalar","data_table_plain",19,202.868017368019,0
"merged-main",100000,100,1,"plain","scalar","dplyr_plain",19,629.800953902304,0
"merged-main",100000,100,1,"plain","scalar","dibble_bracket",19,569.776981137693,0
"merged-main",100000,100,1,"plain","scalar","repl",20,450.180028565228,0
"merged-main",100000,100,1,"plain","scalar","dibble_bracket",20,567.193957976997,0
"merged-main",100000,100,1,"plain","scalar","data_table_plain",20,208.567013032734,0
"merged-main",100000,100,1,"plain","scalar","dplyr_dibble",20,4507.37599749118,0
"merged-main",100000,100,1,"plain","scalar","dplyr_plain",20,607.374007813632,0
"merged-main",100000,100,1,"plain","call","repl",1,570.268952287734,0
"merged-main",100000,100,1,"plain","call","dplyr_plain",1,560.634071007371,0
"merged-main",100000,100,1,"plain","call","data_table_plain",1,221.195048652589,0
"merged-main",100000,100,1,"plain","call","dibble_bracket",1,607.455964200199,0
"merged-main",100000,100,1,"plain","call","dplyr_dibble",1,4485.19503697753,0
"merged-main",100000,100,1,"plain","call","data_table_plain",2,216.398038901389,0
"merged-main",100000,100,1,"plain","call","dplyr_plain",2,537.961022928357,0
"merged-main",100000,100,1,"plain","call","dplyr_dibble",2,4472.93603792787,0
"merged-main",100000,100,1,"plain","call","dibble_bracket",2,598.476966843009,0
"merged-main",100000,100,1,"plain","call","repl",2,548.53898473084,0
"merged-main",100000,100,1,"plain","call","dibble_bracket",3,626.889988780022,0
"merged-main",100000,100,1,"plain","call","dplyr_dibble",3,4506.06399681419,0
"merged-main",100000,100,1,"plain","call","repl",3,567.603972740471,0
"merged-main",100000,100,1,"plain","call","data_table_plain",3,219.063018448651,0
"merged-main",100000,100,1,"plain","call","dplyr_plain",3,541.692017577589,0
"merged-main",100000,100,1,"plain","call","dplyr_dibble",4,4480.19301984459,0
"merged-main",100000,100,1,"plain","call","repl",4,543.209025636315,0
"merged-main",100000,100,1,"plain","call","dplyr_plain",4,527.055002748966,0
"merged-main",100000,100,1,"plain","call","data_table_plain",4,219.924026168883,0
"merged-main",100000,100,1,"plain","call","dibble_bracket",4,626.029097475111,0
"merged-main",100000,100,1,"plain","call","data_table_plain",5,235.339975915849,0
"merged-main",100000,100,1,"plain","call","dplyr_plain",5,545.05409207195,0
"merged-main",100000,100,1,"plain","call","dibble_bracket",5,602.576998062432,0
"merged-main",100000,100,1,"plain","call","dplyr_dibble",5,4498.68396390229,0
"merged-main",100000,100,1,"plain","call","repl",5,547.965057194233,0
"merged-main",100000,100,1,"plain","call","dplyr_dibble",6,4472.48504497111,0
"merged-main",100000,100,1,"plain","call","data_table_plain",6,216.43890067935,0
"merged-main",100000,100,1,"plain","call","dibble_bracket",6,597.944017499685,0
"merged-main",100000,100,1,"plain","call","repl",6,535.419094376266,0
"merged-main",100000,100,1,"plain","call","dplyr_plain",6,531.155033968389,0
"merged-main",100000,100,1,"plain","call","data_table_plain",7,211.682985536754,0
"merged-main",100000,100,1,"plain","call","dibble_bracket",7,613.729003816843,0
"merged-main",100000,100,1,"plain","call","repl",7,533.286947757006,0
"merged-main",100000,100,1,"plain","call","dplyr_plain",7,537.75601554662,0
"merged-main",100000,100,1,"plain","call","dplyr_dibble",7,4456.41297847033,0
"merged-main",100000,100,1,"plain","call","data_table_plain",8,208.689947612584,0
"merged-main",100000,100,1,"plain","call","repl",8,518.526998348534,0
"merged-main",100000,100,1,"plain","call","dplyr_plain",8,533.984042704105,0
"merged-main",100000,100,1,"plain","call","dibble_bracket",8,587.653019465506,0
"merged-main",100000,100,1,"plain","call","dplyr_dibble",8,4923.93597960472,0
"merged-main",100000,100,1,"plain","call","repl",9,578.550971113145,0
"merged-main",100000,100,1,"plain","call","dplyr_plain",9,539.437052793801,0
"merged-main",100000,100,1,"plain","call","data_table_plain",9,228.575081564486,0
"merged-main",100000,100,1,"plain","call","dibble_bracket",9,619.264086708426,0
"merged-main",100000,100,1,"plain","call","dplyr_dibble",9,4498.84799309075,0
"merged-main",100000,100,1,"plain","call","data_table_plain",10,215.537031181157,0
"merged-main",100000,100,1,"plain","call","dibble_bracket",10,604.914035648108,0
"merged-main",100000,100,1,"plain","call","repl",10,552.556943148375,0
"merged-main",100000,100,1,"plain","call","dplyr_dibble",10,4668.13705861568,0
"merged-main",100000,100,1,"plain","call","dplyr_plain",10,522.052985616028,0
"merged-main",100000,100,1,"plain","call","dplyr_dibble",11,4481.17696214467,0
"merged-main",100000,100,1,"plain","call","dibble_bracket",11,591.958058066666,0
"merged-main",100000,100,1,"plain","call","data_table_plain",11,213.979044929147,0
"merged-main",100000,100,1,"plain","call","dplyr_plain",11,532.917911186814,0
"merged-main",100000,100,1,"plain","call","repl",11,537.796993739903,0
"merged-main",100000,100,1,"plain","call","repl",12,574.778998270631,0
"merged-main",100000,100,1,"plain","call","dibble_bracket",12,603.807042352855,0
"merged-main",100000,100,1,"plain","call","data_table_plain",12,224.146991968155,0
"merged-main",100000,100,1,"plain","call","dplyr_dibble",12,4468.13891176134,0
"merged-main",100000,100,1,"plain","call","dplyr_plain",12,527.21903193742,0
"merged-main",100000,100,1,"plain","call","dplyr_plain",13,529.309967532754,0
"merged-main",100000,100,1,"plain","call","data_table_plain",13,222.54791110754,0
"merged-main",100000,100,1,"plain","call","dibble_bracket",13,593.803008086979,0
"merged-main",100000,100,1,"plain","call","dplyr_dibble",13,4540.09394161403,0
"merged-main",100000,100,1,"plain","call","repl",13,544.234062545002,0
"merged-main",100000,100,1,"plain","call","dplyr_dibble",14,4506.51498977095,0
"merged-main",100000,100,1,"plain","call","data_table_plain",14,216.233893297613,0
"merged-main",100000,100,1,"plain","call","repl",14,534.967985004187,0
"merged-main",100000,100,1,"plain","call","dplyr_plain",14,541.732995770872,0
"merged-main",100000,100,1,"plain","call","dibble_bracket",14,638.657016679645,0
"merged-main",100000,100,1,"plain","call","dplyr_plain",15,537.100015208125,0
"merged-main",100000,100,1,"plain","call","data_table_plain",15,223.121955059469,0
"merged-main",100000,100,1,"plain","call","repl",15,561.290071345866,0
"merged-main",100000,100,1,"plain","call","dibble_bracket",15,617.582933045924,0
"merged-main",100000,100,1,"plain","call","dplyr_dibble",15,4452.9689475894,0
"merged-main",100000,100,1,"plain","call","repl",16,544.316018931568,0
"merged-main",100000,100,1,"plain","call","dplyr_dibble",16,4458.09401571751,0
"merged-main",100000,100,1,"plain","call","dibble_bracket",16,609.465059824288,0
"merged-main",100000,100,1,"plain","call","dplyr_plain",16,521.929934620857,0
"merged-main",100000,100,1,"plain","call","data_table_plain",16,221.809954382479,0
"merged-main",100000,100,1,"plain","call","dplyr_plain",17,536.19802929461,0
"merged-main",100000,100,1,"plain","call","dplyr_dibble",17,4416.2740232423,0
"merged-main",100000,100,1,"plain","call","data_table_plain",17,212.093000300229,0
"merged-main",100000,100,1,"plain","call","dibble_bracket",17,608.43990650028,0
"merged-main",100000,100,1,"plain","call","repl",17,545.710092410445,0
"merged-main",100000,100,1,"plain","call","dplyr_plain",18,527.998083271086,0
"merged-main",100000,100,1,"plain","call","dplyr_dibble",18,4461.90708316863,0
"merged-main",100000,100,1,"plain","call","repl",18,547.636998817325,0
"merged-main",100000,100,1,"plain","call","dibble_bracket",18,582.445994950831,0
"merged-main",100000,100,1,"plain","call","data_table_plain",18,226.853066124022,0
"merged-main",100000,100,1,"plain","call","data_table_plain",19,209.427904337645,0
"merged-main",100000,100,1,"plain","call","repl",19,537.674059160054,0
"merged-main",100000,100,1,"plain","call","dibble_bracket",19,614.262069575489,0
"merged-main",100000,100,1,"plain","call","dplyr_dibble",19,4504.13697399199,0
"merged-main",100000,100,1,"plain","call","dplyr_plain",19,519.347027875483,0
"merged-main",100000,100,1,"plain","call","dibble_bracket",20,582.773936912417,0
"merged-main",100000,100,1,"plain","call","dplyr_dibble",20,4845.05202621222,0
"merged-main",100000,100,1,"plain","call","data_table_plain",20,211.396021768451,0
"merged-main",100000,100,1,"plain","call","dplyr_plain",20,584.413995966315,0
"merged-main",100000,100,1,"plain","call","repl",20,563.791021704674,0
"merged-main",100000,100,1,"plain","arithmetic","data_table_plain",1,235.258019529283,0
"merged-main",100000,100,1,"plain","arithmetic","dibble_bracket",1,2885.74397563934,0
"merged-main",100000,100,1,"plain","arithmetic","repl",1,2866.84301681817,0
"merged-main",100000,100,1,"plain","arithmetic","dplyr_dibble",1,4174.53795671463,0
"merged-main",100000,100,1,"plain","arithmetic","dplyr_plain",1,543.127069249749,0
"merged-main",100000,100,1,"plain","arithmetic","dibble_bracket",2,2970.2860629186,0
"merged-main",100000,100,1,"plain","arithmetic","dplyr_plain",2,548.53898473084,0
"merged-main",100000,100,1,"plain","arithmetic","repl",2,2889.84400685877,0
"merged-main",100000,100,1,"plain","arithmetic","data_table_plain",2,224.311021156609,0
"merged-main",100000,100,1,"plain","arithmetic","dplyr_dibble",2,4206.23098034412,0
"merged-main",100000,100,1,"plain","arithmetic","dibble_bracket",3,2965.89906793088,0
"merged-main",100000,100,1,"plain","arithmetic","data_table_plain",3,227.09893528372,0
"merged-main",100000,100,1,"plain","arithmetic","dplyr_plain",3,549.481948837638,0
"merged-main",100000,100,1,"plain","arithmetic","repl",3,2891.89396426082,0
"merged-main",100000,100,1,"plain","arithmetic","dplyr_dibble",3,4205.3289944306,0
"merged-main",100000,100,1,"plain","arithmetic","dibble_bracket",4,2938.79804667085,0
"merged-main",100000,100,1,"plain","arithmetic","dplyr_dibble",4,4187.20708694309,0
"merged-main",100000,100,1,"plain","arithmetic","dplyr_plain",4,540.74905347079,0
"merged-main",100000,100,1,"plain","arithmetic","data_table_plain",4,227.959943003953,0
"merged-main",100000,100,1,"plain","arithmetic","repl",4,2922.68500197679,0
"merged-main",100000,100,1,"plain","arithmetic","data_table_plain",5,226.196949370205,0
"merged-main",100000,100,1,"plain","arithmetic","dplyr_plain",5,547.842006199062,0
"merged-main",100000,100,1,"plain","arithmetic","dibble_bracket",5,2992.0160304755,0
"merged-main",100000,100,1,"plain","arithmetic","repl",5,2925.96500366926,0
"merged-main",100000,100,1,"plain","arithmetic","dplyr_dibble",5,4229.02696300298,0
"merged-main",100000,100,1,"plain","arithmetic","data_table_plain",6,233.904924243689,0
"merged-main",100000,100,1,"plain","arithmetic","dibble_bracket",6,3015.71399904788,0
"merged-main",100000,100,1,"plain","arithmetic","dplyr_plain",6,556.821003556252,0
"merged-main",100000,100,1,"plain","arithmetic","repl",6,2875.16601383686,0
"merged-main",100000,100,1,"plain","arithmetic","dplyr_dibble",6,4200.8189484477,0
"merged-main",100000,100,1,"plain","arithmetic","dplyr_dibble",7,4217.01406594366,0
"merged-main",100000,100,1,"plain","arithmetic","dibble_bracket",7,2933.1399127841,0
"merged-main",100000,100,1,"plain","arithmetic","data_table_plain",7,230.337958782911,0
"merged-main",100000,100,1,"plain","arithmetic","dplyr_plain",7,551.367993466556,0
"merged-main",100000,100,1,"plain","arithmetic","repl",7,2888.7779917568,0
"merged-main",100000,100,1,"plain","arithmetic","dplyr_dibble",8,4177.44903825223,0
"merged-main",100000,100,1,"plain","arithmetic","repl",8,2858.47904160619,0
"merged-main",100000,100,1,"plain","arithmetic","data_table_plain",8,239.89100009203,0
"merged-main",100000,100,1,"plain","arithmetic","dibble_bracket",8,2953.47603969276,0
"merged-main",100000,100,1,"plain","arithmetic","dplyr_plain",8,542.512047104537,0
"merged-main",100000,100,1,"plain","arithmetic","data_table_plain",9,224.146991968155,0
"merged-main",100000,100,1,"plain","arithmetic","dplyr_dibble",9,4207.87103939801,0
"merged-main",100000,100,1,"plain","arithmetic","dibble_bracket",9,2950.36006718874,0
"merged-main",100000,100,1,"plain","arithmetic","repl",9,2892.09897164255,0
"merged-main",100000,100,1,"plain","arithmetic","dplyr_plain",9,547.677977010608,0
"merged-main",100000,100,1,"plain","arithmetic","data_table_plain",10,226.976000703871,0
"merged-main",100000,100,1,"plain","arithmetic","dplyr_dibble",10,4185.03396213055,0
"merged-main",100000,100,1,"plain","arithmetic","repl",10,2858.97101275623,0
"merged-main",100000,100,1,"plain","arithmetic","dplyr_plain",10,536.567065864801,0
"merged-main",100000,100,1,"plain","arithmetic","dibble_bracket",10,2932.11499229074,0
"merged-main",100000,100,1,"plain","arithmetic","dibble_bracket",11,2989.10494893789,0
"merged-main",100000,100,1,"plain","arithmetic","repl",11,2951.46694406867,0
"merged-main",100000,100,1,"plain","arithmetic","dplyr_dibble",11,4240.87606370449,0
"merged-main",100000,100,1,"plain","arithmetic","dplyr_plain",11,551.983015611768,0
"merged-main",100000,100,1,"plain","arithmetic","data_table_plain",11,234.561040997505,0
"merged-main",100000,100,1,"plain","arithmetic","data_table_plain",12,248.254975304008,0
"merged-main",100000,100,1,"plain","arithmetic","repl",12,2876.92900747061,0
"merged-main",100000,100,1,"plain","arithmetic","dplyr_dibble",12,4212.21705619246,0
"merged-main",100000,100,1,"plain","arithmetic","dibble_bracket",12,2962.66004443169,0
"merged-main",100000,100,1,"plain","arithmetic","dplyr_plain",12,547.555042430758,0
"merged-main",100000,100,1,"plain","arithmetic","dibble_bracket",13,2929.73697651178,0
"merged-main",100000,100,1,"plain","arithmetic","dplyr_dibble",13,4172.69300669432,0
"merged-main",100000,100,1,"plain","arithmetic","dplyr_plain",13,535.828992724419,0
"merged-main",100000,100,1,"plain","arithmetic","data_table_plain",13,233.495025895536,0
"merged-main",100000,100,1,"plain","arithmetic","repl",13,2873.23899101466,0
"merged-main",100000,100,1,"plain","arithmetic","dplyr_dibble",14,4202.09008734673,0
"merged-main",100000,100,1,"plain","arithmetic","dibble_bracket",14,2923.46405331045,0
"merged-main",100000,100,1,"plain","arithmetic","data_table_plain",14,229.518045671284,0
"merged-main",100000,100,1,"plain","arithmetic","dplyr_plain",14,553.171965293586,0
"merged-main",100000,100,1,"plain","arithmetic","repl",14,2897.55209814757,0
"merged-main",100000,100,1,"plain","arithmetic","dplyr_dibble",15,4251.08498893678,0
"merged-main",100000,100,1,"plain","arithmetic","data_table_plain",15,230.091973207891,0
"merged-main",100000,100,1,"plain","arithmetic","dplyr_plain",15,550.137949176133,0
"merged-main",100000,100,1,"plain","arithmetic","dibble_bracket",15,2914.48493953794,0
"merged-main",100000,100,1,"plain","arithmetic","repl",15,2927.60494630784,0
"merged-main",100000,100,1,"plain","arithmetic","dplyr_dibble",16,4182.28702619672,0
"merged-main",100000,100,1,"plain","arithmetic","repl",16,2964.46401625872,0
"merged-main",100000,100,1,"plain","arithmetic","dplyr_plain",16,554.237980395555,0
"merged-main",100000,100,1,"plain","arithmetic","dibble_bracket",16,2999.06800501049,0
"merged-main",100000,100,1,"plain","arithmetic","data_table_plain",16,229.395111091435,0
"merged-main",100000,100,1,"plain","arithmetic","data_table_plain",17,236.693071201444,0
"merged-main",100000,100,1,"plain","arithmetic","dplyr_plain",17,567.931914702058,0
"merged-main",100000,100,1,"plain","arithmetic","repl",17,2915.9199912101,0
"merged-main",100000,100,1,"plain","arithmetic","dplyr_dibble",17,4281.425033696,0
"merged-main",100000,100,1,"plain","arithmetic","dibble_bracket",17,2962.53699343652,0
"merged-main",100000,100,1,"plain","arithmetic","dibble_bracket",18,2964.4638998434,0
"merged-main",100000,100,1,"plain","arithmetic","data_table_plain",18,240.096007473767,0
"merged-main",100000,100,1,"plain","arithmetic","dplyr_plain",18,552.434008568525,0
"merged-main",100000,100,1,"plain","arithmetic","repl",18,2869.05700340867,0
"merged-main",100000,100,1,"plain","arithmetic","dplyr_dibble",18,4199.75304976106,0
"merged-main",100000,100,1,"plain","arithmetic","dplyr_dibble",19,4233.57810359448,0
"merged-main",100000,100,1,"plain","arithmetic","dibble_bracket",19,2926.170011051,0
"merged-main",100000,100,1,"plain","arithmetic","repl",19,2897.55198173225,0
"merged-main",100000,100,1,"plain","arithmetic","dplyr_plain",19,544.807990081608,0
"merged-main",100000,100,1,"plain","arithmetic","data_table_plain",19,229.066936299205,0
"merged-main",100000,100,1,"plain","arithmetic","data_table_plain",20,218.653003685176,0
"merged-main",100000,100,1,"plain","arithmetic","dplyr_dibble",20,4211.39702666551,0
"merged-main",100000,100,1,"plain","arithmetic","dibble_bracket",20,2985.21004151553,0
"merged-main",100000,100,1,"plain","arithmetic","dplyr_plain",20,538.083957508206,0
"merged-main",100000,100,1,"plain","arithmetic","repl",20,2868.44198126346,0
"merged-main",100000,100,1,"plain","create","gen",1,707.373023033142,0
"merged-main",100000,100,1,"plain","create","data_table_plain",1,248.131924308836,0
"merged-main",100000,100,1,"plain","create","dplyr_plain",1,548.620941117406,0
"merged-main",100000,100,1,"plain","create","dibble_bracket",1,771.41507063061,0
"merged-main",100000,100,1,"plain","create","dplyr_dibble",1,4264.12303932011,0
"merged-main",100000,100,1,"plain","create","data_table_plain",2,287.574017420411,0
"merged-main",100000,100,1,"plain","create","dplyr_dibble",2,4236.20198853314,0
"merged-main",100000,100,1,"plain","create","dibble_bracket",2,822.542002424598,0
"merged-main",100000,100,1,"plain","create","gen",2,716.92606434226,0
"merged-main",100000,100,1,"plain","create","dplyr_plain",2,560.633954592049,0
"merged-main",100000,100,1,"plain","create","dibble_bracket",3,807.289965450764,0
"merged-main",100000,100,1,"plain","create","gen",3,710.448017343879,0
"merged-main",100000,100,1,"plain","create","data_table_plain",3,262.89199013263,0
"merged-main",100000,100,1,"plain","create","dplyr_plain",3,551.28603707999,0
"merged-main",100000,100,1,"plain","create","dplyr_dibble",3,4200.16306452453,0
"merged-main",100000,100,1,"plain","create","data_table_plain",4,249.566975980997,0
"merged-main",100000,100,1,"plain","create","dplyr_dibble",4,4201.43397059292,0
"merged-main",100000,100,1,"plain","create","dplyr_plain",4,533.9429480955,0
"merged-main",100000,100,1,"plain","create","gen",4,724.633922800422,0
"merged-main",100000,100,1,"plain","create","dibble_bracket",4,824.755989015102,0
"merged-main",100000,100,1,"plain","create","dplyr_dibble",5,4186.30498461425,0
"merged-main",100000,100,1,"plain","create","dplyr_plain",5,532.672042027116,0
"merged-main",100000,100,1,"plain","create","data_table_plain",5,249.238917604089,0
"merged-main",100000,100,1,"plain","create","dibble_bracket",5,777.687993831933,0
"merged-main",100000,100,1,"plain","create","gen",5,718.935043551028,0
"merged-main",100000,100,1,"plain","create","data_table_plain",6,256.865052506328,0
"merged-main",100000,100,1,"plain","create","dplyr_dibble",6,4200.86004305631,0
"merged-main",100000,100,1,"plain","create","gen",6,710.324966348708,0
"merged-main",100000,100,1,"plain","create","dibble_bracket",6,786.543940193951,0
"merged-main",100000,100,1,"plain","create","dplyr_plain",6,568.300951272249,0
"merged-main",100000,100,1,"plain","create","dplyr_plain",7,534.681021235883,0
"merged-main",100000,100,1,"plain","create","dplyr_dibble",7,4196.18596788496,0
"merged-main",100000,100,1,"plain","create","dibble_bracket",7,783.263938501477,0
"merged-main",100000,100,1,"plain","create","gen",7,744.641991332173,0
"merged-main",100000,100,1,"plain","create","data_table_plain",7,266.376999206841,0
"merged-main",100000,100,1,"plain","create","dibble_bracket",8,827.01095379889,0
"merged-main",100000,100,1,"plain","create","data_table_plain",8,256.783096119761,0
"merged-main",100000,100,1,"plain","create","dplyr_plain",8,568.874995224178,0
"merged-main",100000,100,1,"plain","create","dplyr_dibble",8,4265.51699638367,0
"merged-main",100000,100,1,"plain","create","gen",8,748.044927604496,0
"merged-main",100000,100,1,"plain","create","dibble_bracket",9,811.144011095166,0
"merged-main",100000,100,1,"plain","create","data_table_plain",9,261.293025687337,0
"merged-main",100000,100,1,"plain","create","dplyr_plain",9,549.686956219375,0
"merged-main",100000,100,1,"plain","create","dplyr_dibble",9,4191.67603831738,0
"merged-main",100000,100,1,"plain","create","gen",9,713.851070031524,0
"merged-main",100000,100,1,"plain","create","dibble_bracket",10,783.960917033255,0
"merged-main",100000,100,1,"plain","create","dplyr_plain",10,553.254038095474,0
"merged-main",100000,100,1,"plain","create","data_table_plain",10,255.101942457259,0
"merged-main",100000,100,1,"plain","create","gen",10,722.4609144032,0
"merged-main",100000,100,1,"plain","create","dplyr_dibble",10,4204.42700851709,0
"merged-main",100000,100,1,"plain","create","dibble_bracket",11,788.634992204607,0
"merged-main",100000,100,1,"plain","create","gen",11,713.072018697858,0
"merged-main",100000,100,1,"plain","create","data_table_plain",11,252.190977334976,0
"merged-main",100000,100,1,"plain","create","dplyr_plain",11,548.498006537557,0
"merged-main",100000,100,1,"plain","create","dplyr_dibble",11,4210.90493910015,0
"merged-main",100000,100,1,"plain","create","dplyr_plain",12,555.181060917675,0
"merged-main",100000,100,1,"plain","create","data_table_plain",12,258.669024333358,0
"merged-main",100000,100,1,"plain","create","gen",12,706.75800088793,0
"merged-main",100000,100,1,"plain","create","dibble_bracket",12,780.393951572478,0
"merged-main",100000,100,1,"plain","create","dplyr_dibble",12,4178.5150533542,0
"merged-main",100000,100,1,"plain","create","dplyr_dibble",13,4211.60191763192,0
"merged-main",100000,100,1,"plain","create","dibble_bracket",13,795.113039202988,0
"merged-main",100000,100,1,"plain","create","gen",13,746.774021536112,0
"merged-main",100000,100,1,"plain","create","dplyr_plain",13,586.300040595233,0
"merged-main",100000,100,1,"plain","create","data_table_plain",13,261.498033069074,0
"merged-main",100000,100,1,"plain","create","dplyr_plain",14,565.67694991827,0
"merged-main",100000,100,1,"plain","create","dplyr_dibble",14,4238.78501169384,0
"merged-main",100000,100,1,"plain","create","dibble_bracket",14,795.645988546312,0
"merged-main",100000,100,1,"plain","create","gen",14,741.075025871396,0
"merged-main",100000,100,1,"plain","create","data_table_plain",14,264.203990809619,0
"merged-main",100000,100,1,"plain","create","dplyr_plain",15,551.53202265501,0
"merged-main",100000,100,1,"plain","create","dibble_bracket",15,795.850995928049,0
"merged-main",100000,100,1,"plain","create","dplyr_dibble",15,4184.74699836224,0
"merged-main",100000,100,1,"plain","create","data_table_plain",15,256.701023317873,0
"merged-main",100000,100,1,"plain","create","gen",15,730.865984223783,0
"merged-main",100000,100,1,"plain","create","gen",16,731.973093934357,0
"merged-main",100000,100,1,"plain","create","dplyr_dibble",16,4255.71808591485,0
"merged-main",100000,100,1,"plain","create","dplyr_plain",16,547.842006199062,0
"merged-main",100000,100,1,"plain","create","dibble_bracket",16,782.935996539891,0
"merged-main",100000,100,1,"plain","create","data_table_plain",16,259.611988440156,0
"merged-main",100000,100,1,"plain","create","dplyr_plain",17,542.183988727629,0
"merged-main",100000,100,1,"plain","create","gen",17,704.789999872446,0
"merged-main",100000,100,1,"plain","create","dplyr_dibble",17,4228.82195562124,0
"merged-main",100000,100,1,"plain","create","dibble_bracket",17,779.410009272397,0
"merged-main",100000,100,1,"plain","create","data_table_plain",17,292.821903713048,0
"merged-main",100000,100,1,"plain","create","dplyr_plain",18,542.019959539175,0
"merged-main",100000,100,1,"plain","create","data_table_plain",18,262.030982412398,0
"merged-main",100000,100,1,"plain","create","dibble_bracket",18,787.159078754485,0
"merged-main",100000,100,1,"plain","create","gen",18,706.102000549436,0
"merged-main",100000,100,1,"plain","create","dplyr_dibble",18,4184.9110275507,0
"merged-main",100000,100,1,"plain","create","dplyr_dibble",19,4175.60408823192,0
"merged-main",100000,100,1,"plain","create","data_table_plain",19,245.057046413422,0
"merged-main",100000,100,1,"plain","create","dibble_bracket",19,820.943037979305,0
"merged-main",100000,100,1,"plain","create","dplyr_plain",19,599.461025558412,0
"merged-main",100000,100,1,"plain","create","gen",19,751.201994717121,0
"merged-main",100000,100,1,"plain","create","dplyr_dibble",20,4256.49702083319,0
"merged-main",100000,100,1,"plain","create","gen",20,729.431048966944,0
"merged-main",100000,100,1,"plain","create","dibble_bracket",20,802.492955699563,0
"merged-main",100000,100,1,"plain","create","dplyr_plain",20,554.689089767635,0
"merged-main",100000,100,1,"plain","create","data_table_plain",20,255.184015259147,0
"merged-main",100000,100,1,"plain","five","data_table_plain",1,358.790974132717,0
"merged-main",100000,100,1,"plain","five","dibble_bracket",1,2598.74400217086,0
"merged-main",100000,100,1,"plain","five","dplyr_plain",1,795.400002971292,0
"merged-main",100000,100,1,"plain","five","dplyr_dibble",1,5437.5430336222,0
"merged-main",100000,100,1,"plain","five","dplyr_dibble",2,5527.41507999599,0
"merged-main",100000,100,1,"plain","five","dibble_bracket",2,2631.79000467062,0
"merged-main",100000,100,1,"plain","five","dplyr_plain",2,773.178064264357,0
"merged-main",100000,100,1,"plain","five","data_table_plain",2,365.433050319552,0
"merged-main",100000,100,1,"plain","five","dplyr_plain",3,810.200930573046,0
"merged-main",100000,100,1,"plain","five","dibble_bracket",3,2626.0499143973,0
"merged-main",100000,100,1,"plain","five","dplyr_dibble",3,5438.11696115881,0
"merged-main",100000,100,1,"plain","five","data_table_plain",3,357.97106102109,0
"merged-main",100000,100,1,"plain","five","dplyr_dibble",4,5466.89890325069,0
"merged-main",100000,100,1,"plain","five","data_table_plain",4,359.569909051061,0
"merged-main",100000,100,1,"plain","five","dibble_bracket",4,2633.14298354089,0
"merged-main",100000,100,1,"plain","five","dplyr_plain",4,779.32805288583,0
"merged-main",100000,100,1,"plain","five","dibble_bracket",5,2638.47305905074,0
"merged-main",100000,100,1,"plain","five","dplyr_dibble",5,5490.14599528164,0
"merged-main",100000,100,1,"plain","five","data_table_plain",5,370.886060409248,0
"merged-main",100000,100,1,"plain","five","dplyr_plain",5,794.908031821251,0
"merged-main",100000,100,1,"plain","five","dplyr_dibble",6,5543.15897170454,0
"merged-main",100000,100,1,"plain","five","dplyr_plain",6,823.976937681437,0
"merged-main",100000,100,1,"plain","five","data_table_plain",6,366.703956387937,0
"merged-main",100000,100,1,"plain","five","dibble_bracket",6,2623.75397142023,0
"merged-main",100000,100,1,"plain","five","dplyr_dibble",7,5464.72601126879,0
"merged-main",100000,100,1,"plain","five","data_table_plain",7,356.166972778738,0
"merged-main",100000,100,1,"plain","five","dibble_bracket",7,2593.90601422638,0
"merged-main",100000,100,1,"plain","five","dplyr_plain",7,779.738067649305,0
"merged-main",100000,100,1,"plain","five","dibble_bracket",8,2643.26995238662,0
"merged-main",100000,100,1,"plain","five","data_table_plain",8,347.639084793627,0
"merged-main",100000,100,1,"plain","five","dplyr_dibble",8,5496.50099128485,0
"merged-main",100000,100,1,"plain","five","dplyr_plain",8,791.30008816719,0
"merged-main",100000,100,1,"plain","five","data_table_plain",9,360.554084181786,0
"merged-main",100000,100,1,"plain","five","dplyr_dibble",9,5521.55205514282,0
"merged-main",100000,100,1,"plain","five","dplyr_plain",9,788.30705024302,0
"merged-main",100000,100,1,"plain","five","dibble_bracket",9,2607.10797738284,0
"merged-main",100000,100,1,"plain","five","dibble_bracket",10,2606.45197704434,0
"merged-main",100000,100,1,"plain","five","dplyr_plain",10,782.034010626376,0
"merged-main",100000,100,1,"plain","five","data_table_plain",10,352.435978129506,0
"merged-main",100000,100,1,"plain","five","dplyr_dibble",10,5444.59500815719,0
"merged-main",100000,100,1,"plain","five","dplyr_plain",11,771.045917645097,0
"merged-main",100000,100,1,"plain","five","dplyr_dibble",11,5468.41602772474,0
"merged-main",100000,100,1,"plain","five","data_table_plain",11,347.024062648416,0
"merged-main",100000,100,1,"plain","five","dibble_bracket",11,2673.733048141,0
"merged-main",100000,100,1,"plain","five","dibble_bracket",12,2633.88094026595,0
"merged-main",100000,100,1,"plain","five","data_table_plain",12,357.51995164901,0
"merged-main",100000,100,1,"plain","five","dplyr_plain",12,776.08902938664,0
"merged-main",100000,100,1,"plain","five","dplyr_dibble",12,5464.27490189672,0
"merged-main",100000,100,1,"plain","five","dibble_bracket",13,2621.13008648157,0
"merged-main",100000,100,1,"plain","five","dplyr_plain",13,794.989988207817,0
"merged-main",100000,100,1,"plain","five","data_table_plain",13,355.961965397,0
"merged-main",100000,100,1,"plain","five","dplyr_dibble",13,5537.45997603983,0
"merged-main",100000,100,1,"plain","five","dplyr_dibble",14,5533.81093777716,0
"merged-main",100000,100,1,"plain","five","dplyr_plain",14,797.53203317523,0
"merged-main",100000,100,1,"plain","five","dibble_bracket",14,2621.49900663644,0
"merged-main",100000,100,1,"plain","five","data_table_plain",14,358.955003321171,0
"merged-main",100000,100,1,"plain","five","data_table_plain",15,365.801970474422,0
"merged-main",100000,100,1,"plain","five","dplyr_plain",15,807.289965450764,0
"merged-main",100000,100,1,"plain","five","dplyr_dibble",15,5487.23503015935,0
"merged-main",100000,100,1,"plain","five","dibble_bracket",15,2615.63598178327,0
"merged-main",100000,100,1,"plain","five","data_table_plain",16,362.521968781948,0
"merged-main",100000,100,1,"plain","five","dplyr_plain",16,835.046987049282,0
"merged-main",100000,100,1,"plain","five","dibble_bracket",16,2619.44893281907,0
"merged-main",100000,100,1,"plain","five","dplyr_dibble",16,5463.53706158698,0
"merged-main",100000,100,1,"plain","five","dplyr_plain",17,773.382955230772,0
"merged-main",100000,100,1,"plain","five","data_table_plain",17,355.019001290202,0
"merged-main",100000,100,1,"plain","five","dplyr_dibble",17,5498.05897753686,0
"merged-main",100000,100,1,"plain","five","dibble_bracket",17,2616.61992408335,0
"merged-main",100000,100,1,"plain","five","dplyr_plain",18,753.784901462495,0
"merged-main",100000,100,1,"plain","five","dplyr_dibble",18,5726.34709533304,0
"merged-main",100000,100,1,"plain","five","data_table_plain",18,356.371980160475,0
"merged-main",100000,100,1,"plain","five","dibble_bracket",18,2623.38493485004,0
"merged-main",100000,100,1,"plain","five","dplyr_plain",19,776.868080720305,0
"merged-main",100000,100,1,"plain","five","data_table_plain",19,354.978023096919,0
"merged-main",100000,100,1,"plain","five","dibble_bracket",19,2601.61398909986,0
"merged-main",100000,100,1,"plain","five","dplyr_dibble",19,5451.48306991905,0
"merged-main",100000,100,1,"plain","five","dplyr_dibble",20,5459.2730011791,0
"merged-main",100000,100,1,"plain","five","dplyr_plain",20,777.154928073287,0
"merged-main",100000,100,1,"plain","five","data_table_plain",20,353.624927811325,0
"merged-main",100000,100,1,"plain","five","dibble_bracket",20,2593.70100684464,0
"merged-main",100000,100,1,"owned","scalar","dplyr_plain",1,600.363011471927,0
"merged-main",100000,100,1,"owned","scalar","repl",1,128.985964693129,0
"merged-main",100000,100,1,"owned","scalar","data_table_plain",1,215.988024137914,0
"merged-main",100000,100,1,"owned","scalar","dibble_bracket",1,201.842980459332,0
"merged-main",100000,100,1,"owned","scalar","dplyr_dibble",1,153.135042637587,0
"merged-main",100000,100,1,"owned","scalar","dplyr_dibble",2,153.339933604002,0
"merged-main",100000,100,1,"owned","scalar","dibble_bracket",2,175.849068909883,0
"merged-main",100000,100,1,"owned","scalar","data_table_plain",2,212.052022106946,0
"merged-main",100000,100,1,"owned","scalar","dplyr_plain",2,633.696094155312,0
"merged-main",100000,100,1,"owned","scalar","repl",2,122.344004921615,0
"merged-main",100000,100,1,"owned","scalar","dibble_bracket",3,174.414017237723,0
"merged-main",100000,100,1,"owned","scalar","dplyr_dibble",3,152.601976878941,0
"merged-main",100000,100,1,"owned","scalar","dplyr_plain",3,628.242967650294,0
"merged-main",100000,100,1,"owned","scalar","data_table_plain",3,210.002064704895,0
"merged-main",100000,100,1,"owned","scalar","repl",3,120.25295291096,0
"merged-main",100000,100,1,"owned","scalar","dibble_bracket",4,183.59802197665,0
"merged-main",100000,100,1,"owned","scalar","data_table_plain",4,210.452941246331,0
"merged-main",100000,100,1,"owned","scalar","dplyr_dibble",4,153.668108396232,0
"merged-main",100000,100,1,"owned","scalar","dplyr_plain",4,636.361073702574,0
"merged-main",100000,100,1,"owned","scalar","repl",4,119.597068987787,0
"merged-main",100000,100,1,"owned","scalar","data_table_plain",5,202.375929802656,0
"merged-main",100000,100,1,"owned","scalar","dplyr_dibble",5,153.544940985739,0
"merged-main",100000,100,1,"owned","scalar","repl",5,112.709007225931,0
"merged-main",100000,100,1,"owned","scalar","dplyr_plain",5,610.81803869456,0
"merged-main",100000,100,1,"owned","scalar","dibble_bracket",5,172.076979652047,0
"merged-main",100000,100,1,"owned","scalar","dibble_bracket",6,181.916984729469,0
"merged-main",100000,100,1,"owned","scalar","dplyr_dibble",6,156.742986291647,0
"merged-main",100000,100,1,"owned","scalar","dplyr_plain",6,656.820018775761,0
"merged-main",100000,100,1,"owned","scalar","data_table_plain",6,214.962987229228,0
"merged-main",100000,100,1,"owned","scalar","repl",6,138.128991238773,0
"merged-main",100000,100,1,"owned","scalar","dibble_bracket",7,175.8080907166,0
"merged-main",100000,100,1,"owned","scalar","dplyr_plain",7,619.263970293105,0
"merged-main",100000,100,1,"owned","scalar","repl",7,129.027059301734,0
"merged-main",100000,100,1,"owned","scalar","dplyr_dibble",7,152.766006067395,0
"merged-main",100000,100,1,"owned","scalar","data_table_plain",7,217.095017433167,0
"merged-main",100000,100,1,"owned","scalar","dplyr_plain",8,633.532064966857,0
"merged-main",100000,100,1,"owned","scalar","repl",8,126.074999570847,0
"merged-main",100000,100,1,"owned","scalar","data_table_plain",8,218.529952690005,0
"merged-main",100000,100,1,"owned","scalar","dibble_bracket",8,177.817069925368,0
"merged-main",100000,100,1,"owned","scalar","dplyr_dibble",8,151.208019815385,0
"merged-main",100000,100,1,"owned","scalar","dplyr_plain",9,611.433060839772,0
"merged-main",100000,100,1,"owned","scalar","repl",9,117.792980745435,0
"merged-main",100000,100,1,"owned","scalar","dibble_bracket",9,171.339022926986,0
"merged-main",100000,100,1,"owned","scalar","dplyr_dibble",9,147.887039929628,0
"merged-main",100000,100,1,"owned","scalar","data_table_plain",9,200.73598716408,0
"merged-main",100000,100,1,"owned","scalar","data_table_plain",10,193.520099855959,0
"merged-main",100000,100,1,"owned","scalar","dibble_bracket",10,180.399976670742,0
"merged-main",100000,100,1,"owned","scalar","dplyr_plain",10,609.62897259742,0
"merged-main",100000,100,1,"owned","scalar","repl",10,120.006967335939,0
"merged-main",100000,100,1,"owned","scalar","dplyr_dibble",10,151.413027197123,0
"merged-main",100000,100,1,"owned","scalar","dplyr_dibble",11,152.725027874112,0
"merged-main",100000,100,1,"owned","scalar","repl",11,120.376003906131,0
"merged-main",100000,100,1,"owned","scalar","dplyr_plain",11,622.66702298075,0
"merged-main",100000,100,1,"owned","scalar","data_table_plain",11,200.940994545817,0
"merged-main",100000,100,1,"owned","scalar","dibble_bracket",11,175.602966919541,0
"merged-main",100000,100,1,"owned","scalar","dplyr_dibble",12,154.406065121293,0
"merged-main",100000,100,1,"owned","scalar","dibble_bracket",12,183.269963599741,0
"merged-main",100000,100,1,"owned","scalar","data_table_plain",12,237.390049733222,0
"merged-main",100000,100,1,"owned","scalar","dplyr_plain",12,645.134947262704,0
"merged-main",100000,100,1,"owned","scalar","repl",12,137.432012706995,0
"merged-main",100000,100,1,"owned","scalar","repl",13,128.452898934484,0
"merged-main",100000,100,1,"owned","scalar","dibble_bracket",13,192.577019333839,0
"merged-main",100000,100,1,"owned","scalar","data_table_plain",13,217.586988583207,0
"merged-main",100000,100,1,"owned","scalar","dplyr_plain",13,596.672995015979,0
"merged-main",100000,100,1,"owned","scalar","dplyr_dibble",13,152.72491145879,0
"merged-main",100000,100,1,"owned","scalar","dplyr_dibble",14,148.706953041255,0
"merged-main",100000,100,1,"owned","scalar","dplyr_plain",14,630.58000523597,0
"merged-main",100000,100,1,"owned","scalar","repl",14,125.50107203424,0
"merged-main",100000,100,1,"owned","scalar","dibble_bracket",14,170.354964211583,0
"merged-main",100000,100,1,"owned","scalar","data_table_plain",14,208.116020075977,0
"merged-main",100000,100,1,"owned","scalar","dplyr_dibble",15,153.79092656076,0
"merged-main",100000,100,1,"owned","scalar","dibble_bracket",15,189.625076018274,0
"merged-main",100000,100,1,"owned","scalar","data_table_plain",15,205.65593149513,0
"merged-main",100000,100,1,"owned","scalar","repl",15,124.886049889028,0
"merged-main",100000,100,1,"owned","scalar","dplyr_plain",15,608.194037340581,0
"merged-main",100000,100,1,"owned","scalar","dibble_bracket",16,179.90788910538,0
"merged-main",100000,100,1,"owned","scalar","dplyr_dibble",16,153.750064782798,0
"merged-main",100000,100,1,"owned","scalar","repl",16,119.801959954202,0
"merged-main",100000,100,1,"owned","scalar","dplyr_plain",16,617.296085692942,0
"merged-main",100000,100,1,"owned","scalar","data_table_plain",16,219.554989598691,0
"merged-main",100000,100,1,"owned","scalar","data_table_plain",17,201.514922082424,0
"merged-main",100000,100,1,"owned","scalar","dplyr_dibble",17,147.067010402679,0
"merged-main",100000,100,1,"owned","scalar","dibble_bracket",17,178.063055500388,0
"merged-main",100000,100,1,"owned","scalar","repl",17,123.820034787059,0
"merged-main",100000,100,1,"owned","scalar","dplyr_plain",17,625.003944151103,0
"merged-main",100000,100,1,"owned","scalar","dplyr_dibble",18,148.215098306537,0
"merged-main",100000,100,1,"owned","scalar","data_table_plain",18,208.444078452885,0
"merged-main",100000,100,1,"owned","scalar","dibble_bracket",18,184.130971319973,0
"merged-main",100000,100,1,"owned","scalar","repl",18,128.166051581502,0
"merged-main",100000,100,1,"owned","scalar","dplyr_plain",18,654.852017760277,0
"merged-main",100000,100,1,"owned","scalar","dplyr_dibble",19,154.242035932839,0
"merged-main",100000,100,1,"owned","scalar","dplyr_plain",19,645.66801302135,0
"merged-main",100000,100,1,"owned","scalar","data_table_plain",19,222.670962102711,0
"merged-main",100000,100,1,"owned","scalar","dibble_bracket",19,177.078996784985,0
"merged-main",100000,100,1,"owned","scalar","repl",19,122.794997878373,0
"merged-main",100000,100,1,"owned","scalar","dibble_bracket",20,181.343057192862,0
"merged-main",100000,100,1,"owned","scalar","dplyr_dibble",20,156.046007759869,0
"merged-main",100000,100,1,"owned","scalar","dplyr_plain",20,624.635023996234,0
"merged-main",100000,100,1,"owned","scalar","data_table_plain",20,202.785944566131,0
"merged-main",100000,100,1,"owned","scalar","repl",20,123.737961985171,0
"merged-main",100000,100,1,"owned","call","dplyr_plain",1,525.619951076806,0
"merged-main",100000,100,1,"owned","call","data_table_plain",1,216.316082514822,0
"merged-main",100000,100,1,"owned","call","dplyr_dibble",1,161.539996042848,0
"merged-main",100000,100,1,"owned","call","repl",1,386.261031962931,0
"merged-main",100000,100,1,"owned","call","dibble_bracket",1,172.56906721741,0
"merged-main",100000,100,1,"owned","call","dplyr_dibble",2,157.931935973465,0
"merged-main",100000,100,1,"owned","call","dibble_bracket",2,173.225067555904,0
"merged-main",100000,100,1,"owned","call","repl",2,364.243984222412,0
"merged-main",100000,100,1,"owned","call","dplyr_plain",2,530.416960828006,0
"merged-main",100000,100,1,"owned","call","data_table_plain",2,210.986007004976,0
"merged-main",100000,100,1,"owned","call","dplyr_plain",3,565.67694991827,0
"merged-main",100000,100,1,"owned","call","data_table_plain",3,210.944912396371,0
"merged-main",100000,100,1,"owned","call","dibble_bracket",3,181.834911927581,0
"merged-main",100000,100,1,"owned","call","repl",3,394.542934373021,0
"merged-main",100000,100,1,"owned","call","dplyr_dibble",3,162.606011144817,0
"merged-main",100000,100,1,"owned","call","repl",4,375.560019165277,0
"merged-main",100000,100,1,"owned","call","data_table_plain",4,219.801091589034,0
"merged-main",100000,100,1,"owned","call","dplyr_plain",4,551.696051843464,0
"merged-main",100000,100,1,"owned","call","dplyr_dibble",4,157.480943016708,0
"merged-main",100000,100,1,"owned","call","dibble_bracket",4,182.696036063135,0
"merged-main",100000,100,1,"owned","call","dplyr_dibble",5,153.504079207778,0
"merged-main",100000,100,1,"owned","call","data_table_plain",5,235.175946727395,0
"merged-main",100000,100,1,"owned","call","dplyr_plain",5,542.224966920912,0
"merged-main",100000,100,1,"owned","call","repl",5,368.753913789988,0
"merged-main",100000,100,1,"owned","call","dibble_bracket",5,181.384035386145,0
"merged-main",100000,100,1,"owned","call","repl",6,369.49198693037,0
"merged-main",100000,100,1,"owned","call","dibble_bracket",6,175.070017576218,0
"merged-main",100000,100,1,"owned","call","dplyr_plain",6,534.311984665692,0
"merged-main",100000,100,1,"owned","call","data_table_plain",6,213.199993595481,0
"merged-main",100000,100,1,"owned","call","dplyr_dibble",6,152.971013449132,0
"merged-main",100000,100,1,"owned","call","dibble_bracket",7,174.414017237723,0
"merged-main",100000,100,1,"owned","call","dplyr_dibble",7,157.48105943203,0
"merged-main",100000,100,1,"owned","call","repl",7,371.008994989097,0
"merged-main",100000,100,1,"owned","call","dplyr_plain",7,525.907031260431,0
"merged-main",100000,100,1,"owned","call","data_table_plain",7,213.035964407027,0
"merged-main",100000,100,1,"owned","call","dplyr_plain",8,543.824047781527,0
"merged-main",100000,100,1,"owned","call","repl",8,374.617055058479,0
"merged-main",100000,100,1,"owned","call","data_table_plain",8,205.491902306676,0
"merged-main",100000,100,1,"owned","call","dibble_bracket",8,169.862993061543,0
"merged-main",100000,100,1,"owned","call","dplyr_dibble",8,153.299071826041,0
"merged-main",100000,100,1,"owned","call","data_table_plain",9,211.354927159846,0
"merged-main",100000,100,1,"owned","call","dplyr_plain",9,539.31400179863,0
"merged-main",100000,100,1,"owned","call","dplyr_dibble",9,165.14805611223,0
"merged-main",100000,100,1,"owned","call","dibble_bracket",9,192.82300490886,0
"merged-main",100000,100,1,"owned","call","repl",9,394.05096322298,0
"merged-main",100000,100,1,"owned","call","data_table_plain",10,240.13698566705,0
"merged-main",100000,100,1,"owned","call","dibble_bracket",10,177.899026311934,0
"merged-main",100000,100,1,"owned","call","repl",10,399.42201692611,0
"merged-main",100000,100,1,"owned","call","dplyr_plain",10,533.820013515651,0
"merged-main",100000,100,1,"owned","call","dplyr_dibble",10,157.726928591728,0
"merged-main",100000,100,1,"owned","call","dplyr_plain",11,538.493972271681,0
"merged-main",100000,100,1,"owned","call","repl",11,380.192999728024,0
"merged-main",100000,100,1,"owned","call","dplyr_dibble",11,161.211937665939,0
"merged-main",100000,100,1,"owned","call","dibble_bracket",11,182.532006874681,0
"merged-main",100000,100,1,"owned","call","data_table_plain",11,218.529952690005,0
"merged-main",100000,100,1,"owned","call","dplyr_dibble",12,156.620051711798,0
"merged-main",100000,100,1,"owned","call","dibble_bracket",12,174.536951817572,0
"merged-main",100000,100,1,"owned","call","dplyr_plain",12,533.45097694546,0
"merged-main",100000,100,1,"owned","call","repl",12,370.927038602531,0
"merged-main",100000,100,1,"owned","call","data_table_plain",12,216.930988244712,0
"merged-main",100000,100,1,"owned","call","dplyr_dibble",13,150.552019476891,0
"merged-main",100000,100,1,"owned","call","data_table_plain",13,213.364022783935,0
"merged-main",100000,100,1,"owned","call","dibble_bracket",13,170.805957168341,0
"merged-main",100000,100,1,"owned","call","repl",13,365.965999662876,0
"merged-main",100000,100,1,"owned","call","dplyr_plain",13,533.655984327197,0
"merged-main",100000,100,1,"owned","call","dplyr_dibble",14,157.521921209991,0
"merged-main",100000,100,1,"owned","call","repl",14,374.329974874854,0
"merged-main",100000,100,1,"owned","call","dplyr_plain",14,547.842006199062,0
"merged-main",100000,100,1,"owned","call","data_table_plain",14,219.1859530285,0
"merged-main",100000,100,1,"owned","call","dibble_bracket",14,169.985927641392,0
"merged-main",100000,100,1,"owned","call","dplyr_dibble",15,165.64002726227,0
"merged-main",100000,100,1,"owned","call","repl",15,401.307945139706,0
"merged-main",100000,100,1,"owned","call","dplyr_plain",15,543.085974641144,0
"merged-main",100000,100,1,"owned","call","dibble_bracket",15,186.836929060519,0
"merged-main",100000,100,1,"owned","call","data_table_plain",15,218.776054680347,0
"merged-main",100000,100,1,"owned","call","dplyr_plain",16,539.437052793801,0
"merged-main",100000,100,1,"owned","call","repl",16,378.552940674126,0
"merged-main",100000,100,1,"owned","call","dplyr_dibble",16,153.627013787627,0
"merged-main",100000,100,1,"owned","call","data_table_plain",16,217.054039239883,0
"merged-main",100000,100,1,"owned","call","dibble_bracket",16,168.591970577836,0
"merged-main",100000,100,1,"owned","call","repl",17,378.962955437601,0
"merged-main",100000,100,1,"owned","call","dibble_bracket",17,170.847051776946,0
"merged-main",100000,100,1,"owned","call","dplyr_dibble",17,159.777002409101,0
"merged-main",100000,100,1,"owned","call","dplyr_plain",17,529.473996721208,0
"merged-main",100000,100,1,"owned","call","data_table_plain",17,223.286100663245,0
"merged-main",100000,100,1,"owned","call","data_table_plain",18,211.231992579997,0
"merged-main",100000,100,1,"owned","call","dplyr_plain",18,535.091035999358,0
"merged-main",100000,100,1,"owned","call","dibble_bracket",18,166.25493299216,0
"merged-main",100000,100,1,"owned","call","repl",18,362.931983545423,0
"merged-main",100000,100,1,"owned","call","dplyr_dibble",18,156.947993673384,0
"merged-main",100000,100,1,"owned","call","repl",19,360.963982529938,0
"merged-main",100000,100,1,"owned","call","data_table_plain",19,209.10007879138,0
"merged-main",100000,100,1,"owned","call","dplyr_dibble",19,161.253032274544,0
"merged-main",100000,100,1,"owned","call","dibble_bracket",19,170.765095390379,0
"merged-main",100000,100,1,"owned","call","dplyr_plain",19,541.11797362566,0
"merged-main",100000,100,1,"owned","call","dplyr_plain",20,506.718992255628,0
"merged-main",100000,100,1,"owned","call","data_table_plain",20,243.908958509564,0
"merged-main",100000,100,1,"owned","call","dplyr_dibble",20,160.433002747595,0
"merged-main",100000,100,1,"owned","call","repl",20,365.678919479251,0
"merged-main",100000,100,1,"owned","call","dibble_bracket",20,174.044980667531,0
"merged-main",100000,100,1,"owned","arithmetic","dplyr_plain",1,579.739920794964,0
"merged-main",100000,100,1,"owned","arithmetic","dplyr_dibble",1,149.896019138396,0
"merged-main",100000,100,1,"owned","arithmetic","data_table_plain",1,232.388032600284,0
"merged-main",100000,100,1,"owned","arithmetic","dibble_bracket",1,202.786060981452,0
"merged-main",100000,100,1,"owned","arithmetic","repl",1,183.680094778538,0
"merged-main",100000,100,1,"owned","arithmetic","dibble_bracket",2,193.602056242526,0
"merged-main",100000,100,1,"owned","arithmetic","dplyr_dibble",2,141.490949317813,0
"merged-main",100000,100,1,"owned","arithmetic","data_table_plain",2,235.012033954263,0
"merged-main",100000,100,1,"owned","arithmetic","dplyr_plain",2,598.886981606483,0
"merged-main",100000,100,1,"owned","arithmetic","repl",2,184.540986083448,0
"merged-main",100000,100,1,"owned","arithmetic","data_table_plain",3,219.8830479756,0
"merged-main",100000,100,1,"owned","arithmetic","repl",3,191.01903308183,0
"merged-main",100000,100,1,"owned","arithmetic","dplyr_dibble",3,149.896019138396,0
"merged-main",100000,100,1,"owned","arithmetic","dplyr_plain",3,548.128969967365,0
"merged-main",100000,100,1,"owned","arithmetic","dibble_bracket",3,199.793023057282,0
"merged-main",100000,100,1,"owned","arithmetic","dibble_bracket",4,209.141056984663,0
"merged-main",100000,100,1,"owned","arithmetic","dplyr_plain",4,579.371000640094,0
"merged-main",100000,100,1,"owned","arithmetic","data_table_plain",4,240.423949435353,0
"merged-main",100000,100,1,"owned","arithmetic","dplyr_dibble",4,145.016936585307,0
"merged-main",100000,100,1,"owned","arithmetic","repl",4,192.412990145385,0
"merged-main",100000,100,1,"owned","arithmetic","dibble_bracket",5,200.326088815928,0
"merged-main",100000,100,1,"owned","arithmetic","repl",5,178.514048457146,0
"merged-main",100000,100,1,"owned","arithmetic","data_table_plain",5,226.36097855866,0
"merged-main",100000,100,1,"owned","arithmetic","dplyr_dibble",5,144.976074807346,0
"merged-main",100000,100,1,"owned","arithmetic","dplyr_plain",5,548.948999494314,0
"merged-main",100000,100,1,"owned","arithmetic","dplyr_dibble",6,167.074962519109,0
"merged-main",100000,100,1,"owned","arithmetic","data_table_plain",6,248.828902840614,0
"merged-main",100000,100,1,"owned","arithmetic","dibble_bracket",6,212.011043913662,0
"merged-main",100000,100,1,"owned","arithmetic","dplyr_plain",6,580.190913751721,0
"merged-main",100000,100,1,"owned","arithmetic","repl",6,189.460930414498,0
"merged-main",100000,100,1,"owned","arithmetic","dplyr_dibble",7,149.445026181638,0
"merged-main",100000,100,1,"owned","arithmetic","data_table_plain",7,230.625038966537,0
"merged-main",100000,100,1,"owned","arithmetic","dplyr_plain",7,554.278958588839,0
"merged-main",100000,100,1,"owned","arithmetic","repl",7,179.785070940852,0
"merged-main",100000,100,1,"owned","arithmetic","dibble_bracket",7,197.906978428364,0
"merged-main",100000,100,1,"owned","arithmetic","dibble_bracket",8,201.92505326122,0
"merged-main",100000,100,1,"owned","arithmetic","dplyr_dibble",8,152.396969497204,0
"merged-main",100000,100,1,"owned","arithmetic","dplyr_plain",8,538.00200112164,0
"merged-main",100000,100,1,"owned","arithmetic","data_table_plain",8,221.727997995913,0
"merged-main",100000,100,1,"owned","arithmetic","repl",8,189.337995834649,0
"merged-main",100000,100,1,"owned","arithmetic","dibble_bracket",9,195.077969692647,0
"merged-main",100000,100,1,"owned","arithmetic","data_table_plain",9,234.437990002334,0
"merged-main",100000,100,1,"owned","arithmetic","repl",9,189.420068636537,0
"merged-main",100000,100,1,"owned","arithmetic","dplyr_plain",9,546.775991097093,0
"merged-main",100000,100,1,"owned","arithmetic","dplyr_dibble",9,141.982920467854,0
"merged-main",100000,100,1,"owned","arithmetic","repl",10,186.057994142175,0
"merged-main",100000,100,1,"owned","arithmetic","dplyr_plain",10,588.924041949213,0
"merged-main",100000,100,1,"owned","arithmetic","dibble_bracket",10,191.470026038587,0
"merged-main",100000,100,1,"owned","arithmetic","data_table_plain",10,224.843970499933,0
"merged-main",100000,100,1,"owned","arithmetic","dplyr_dibble",10,151.904998347163,0
"merged-main",100000,100,1,"owned","arithmetic","dplyr_dibble",11,138.457049615681,0
"merged-main",100000,100,1,"owned","arithmetic","repl",11,180.687056854367,0
"merged-main",100000,100,1,"owned","arithmetic","data_table_plain",11,229.436089284718,0
"merged-main",100000,100,1,"owned","arithmetic","dplyr_plain",11,546.079012565315,0
"merged-main",100000,100,1,"owned","arithmetic","dibble_bracket",11,198.727007955313,0
"merged-main",100000,100,1,"owned","arithmetic","repl",12,203.48303951323,0
"merged-main",100000,100,1,"owned","arithmetic","data_table_plain",12,238.619977608323,0
"merged-main",100000,100,1,"owned","arithmetic","dibble_bracket",12,213.035964407027,0
"merged-main",100000,100,1,"owned","arithmetic","dplyr_plain",12,553.623074665666,0
"merged-main",100000,100,1,"owned","arithmetic","dplyr_dibble",12,150.470063090324,0
"merged-main",100000,100,1,"owned","arithmetic","dplyr_plain",13,549.686956219375,0
"merged-main",100000,100,1,"owned","arithmetic","dplyr_dibble",13,146.902981214225,0
"merged-main",100000,100,1,"owned","arithmetic","data_table_plain",13,233.002938330173,0
"merged-main",100000,100,1,"owned","arithmetic","repl",13,195.118947885931,0
"merged-main",100000,100,1,"owned","arithmetic","dibble_bracket",13,197.455985471606,0
"merged-main",100000,100,1,"owned","arithmetic","dplyr_dibble",14,147.559097968042,0
"merged-main",100000,100,1,"owned","arithmetic","data_table_plain",14,229.230965487659,0
"merged-main",100000,100,1,"owned","arithmetic","dibble_bracket",14,192.453968338668,0
"merged-main",100000,100,1,"owned","arithmetic","repl",14,179.990078322589,0
"merged-main",100000,100,1,"owned","arithmetic","dplyr_plain",14,561.904977075756,0
"merged-main",100000,100,1,"owned","arithmetic","repl",15,205.778982490301,0
"merged-main",100000,100,1,"owned","arithmetic","dplyr_plain",15,569.28489357233,0
"merged-main",100000,100,1,"owned","arithmetic","dplyr_dibble",15,143.171986564994,0
"merged-main",100000,100,1,"owned","arithmetic","data_table_plain",15,230.747973546386,0
"merged-main",100000,100,1,"owned","arithmetic","dibble_bracket",15,196.964014321566,0
"merged-main",100000,100,1,"owned","arithmetic","data_table_plain",16,234.684091992676,0
"merged-main",100000,100,1,"owned","arithmetic","repl",16,186.95998005569,0
"merged-main",100000,100,1,"owned","arithmetic","dplyr_dibble",16,144.19702347368,0
"merged-main",100000,100,1,"owned","arithmetic","dibble_bracket",16,195.979955606163,0
"merged-main",100000,100,1,"owned","arithmetic","dplyr_plain",16,543.250003829598,0
"merged-main",100000,100,1,"owned","arithmetic","dplyr_dibble",17,140.056014060974,0
"merged-main",100000,100,1,"owned","arithmetic","dplyr_plain",17,545.627903193235,0
"merged-main",100000,100,1,"owned","arithmetic","data_table_plain",17,232.920981943607,0
"merged-main",100000,100,1,"owned","arithmetic","dibble_bracket",17,195.487984456122,0
"merged-main",100000,100,1,"owned","arithmetic","repl",17,194.667954929173,0
"merged-main",100000,100,1,"owned","arithmetic","dplyr_dibble",18,148.214981891215,0
"merged-main",100000,100,1,"owned","arithmetic","data_table_plain",18,262.604909949005,0
"merged-main",100000,100,1,"owned","arithmetic","dplyr_plain",18,565.923051908612,0
"merged-main",100000,100,1,"owned","arithmetic","dibble_bracket",18,205.779098905623,0
"merged-main",100000,100,1,"owned","arithmetic","repl",18,192.044069990516,0
"merged-main",100000,100,1,"owned","arithmetic","data_table_plain",19,239.849905483425,0
"merged-main",100000,100,1,"owned","arithmetic","repl",19,195.652013644576,0
"merged-main",100000,100,1,"owned","arithmetic","dibble_bracket",19,194.873078726232,0
"merged-main",100000,100,1,"owned","arithmetic","dplyr_plain",19,550.834927707911,0
"merged-main",100000,100,1,"owned","arithmetic","dplyr_dibble",19,140.629941597581,0
"merged-main",100000,100,1,"owned","arithmetic","dplyr_dibble",20,146.821024827659,0
"merged-main",100000,100,1,"owned","arithmetic","repl",20,181.178911589086,0
"merged-main",100000,100,1,"owned","arithmetic","data_table_plain",20,229.35401648283,0
"merged-main",100000,100,1,"owned","arithmetic","dplyr_plain",20,539.641943760216,0
"merged-main",100000,100,1,"owned","arithmetic","dibble_bracket",20,197.455985471606,0
"merged-main",100000,100,1,"owned","create","data_table_plain",1,255.757942795753,0
"merged-main",100000,100,1,"owned","create","gen",1,212.543993256986,0
"merged-main",100000,100,1,"owned","create","dplyr_plain",1,543.290982022882,0
"merged-main",100000,100,1,"owned","create","dibble_bracket",1,203.23705393821,0
"merged-main",100000,100,1,"owned","create","dplyr_dibble",1,143.950921483338,0
"merged-main",100000,100,1,"owned","create","dplyr_plain",2,544.726033695042,0
"merged-main",100000,100,1,"owned","create","dplyr_dibble",2,145.836966112256,0
"merged-main",100000,100,1,"owned","create","gen",2,239.76806551218,0
"merged-main",100000,100,1,"owned","create","data_table_plain",2,271.953060291708,0
"merged-main",100000,100,1,"owned","create","dibble_bracket",2,230.66601715982,0
"merged-main",100000,100,1,"owned","create","dplyr_dibble",3,147.272017784417,0
"merged-main",100000,100,1,"owned","create","dibble_bracket",3,216.06998052448,0
"merged-main",100000,100,1,"owned","create","gen",3,224.967021495104,0
"merged-main",100000,100,1,"owned","create","dplyr_plain",3,557.887018658221,0
"merged-main",100000,100,1,"owned","create","data_table_plain",3,259.120017290115,0
"merged-main",100000,100,1,"owned","create","dibble_bracket",4,212.872051633894,0
"merged-main",100000,100,1,"owned","create","data_table_plain",4,261.57998945564,0
"merged-main",100000,100,1,"owned","create","dplyr_dibble",4,146.082951687276,0
"merged-main",100000,100,1,"owned","create","dplyr_plain",4,552.065088413656,0
"merged-main",100000,100,1,"owned","create","gen",4,223.737093620002,0
"merged-main",100000,100,1,"owned","create","dplyr_dibble",5,141.532043926418,0
"merged-main",100000,100,1,"owned","create","dibble_bracket",5,206.024968065321,0
"merged-main",100000,100,1,"owned","create","dplyr_plain",5,541.446032002568,0
"merged-main",100000,100,1,"owned","create","data_table_plain",5,248.336931690574,0
"merged-main",100000,100,1,"owned","create","gen",5,221.563968807459,0
"merged-main",100000,100,1,"owned","create","dibble_bracket",6,210.411963053048,0
"merged-main",100000,100,1,"owned","create","dplyr_plain",6,550.261000171304,0
"merged-main",100000,100,1,"owned","create","dplyr_dibble",6,142.967095598578,0
"merged-main",100000,100,1,"owned","create","data_table_plain",6,246.983952820301,0
"merged-main",100000,100,1,"owned","create","gen",6,218.530069105327,0
"merged-main",100000,100,1,"owned","create","dplyr_dibble",7,140.876043587923,0
"merged-main",100000,100,1,"owned","create","gen",7,222.794013097882,0
"merged-main",100000,100,1,"owned","create","dibble_bracket",7,203.810981474817,0
"merged-main",100000,100,1,"owned","create","data_table_plain",7,259.612104855478,0
"merged-main",100000,100,1,"owned","create","dplyr_plain",7,554.524944163859,0
"merged-main",100000,100,1,"owned","create","dplyr_dibble",8,147.436046972871,0
"merged-main",100000,100,1,"owned","create","data_table_plain",8,243.416987359524,0
"merged-main",100000,100,1,"owned","create","dplyr_plain",8,546.611961908638,0
"merged-main",100000,100,1,"owned","create","gen",8,236.037070862949,0
"merged-main",100000,100,1,"owned","create","dibble_bracket",8,222.425092943013,0
"merged-main",100000,100,1,"owned","create","dplyr_dibble",9,146.287959069014,0
"merged-main",100000,100,1,"owned","create","dplyr_plain",9,561.740947887301,0
"merged-main",100000,100,1,"owned","create","dibble_bracket",9,204.917974770069,0
"merged-main",100000,100,1,"owned","create","data_table_plain",9,260.514090768993,0
"merged-main",100000,100,1,"owned","create","gen",9,220.170011743903,0
"merged-main",100000,100,1,"owned","create","dibble_bracket",10,196.841079741716,0
"merged-main",100000,100,1,"owned","create","dplyr_dibble",10,142.88502279669,0
"merged-main",100000,100,1,"owned","create","data_table_plain",10,272.650038823485,0
"merged-main",100000,100,1,"owned","create","dplyr_plain",10,559.362932108343,0
"merged-main",100000,100,1,"owned","create","gen",10,230.215024203062,0
"merged-main",100000,100,1,"owned","create","dplyr_plain",11,558.502040803432,0
"merged-main",100000,100,1,"owned","create","data_table_plain",11,273.962039500475,0
"merged-main",100000,100,1,"owned","create","dplyr_dibble",11,154.939014464617,0
"merged-main",100000,100,1,"owned","create","gen",11,222.711940295994,0
"merged-main",100000,100,1,"owned","create","dibble_bracket",11,215.373001992702,0
"merged-main",100000,100,1,"owned","create","gen",12,226.484029553831,0
"merged-main",100000,100,1,"owned","create","data_table_plain",12,259.406981058419,0
"merged-main",100000,100,1,"owned","create","dibble_bracket",12,207.623932510614,0
"merged-main",100000,100,1,"owned","create","dplyr_plain",12,561.986933462322,0
"merged-main",100000,100,1,"owned","create","dplyr_dibble",12,148.584018461406,0
"merged-main",100000,100,1,"owned","create","gen",13,232.920981943607,0
"merged-main",100000,100,1,"owned","create","dibble_bracket",13,207.828939892352,0
"merged-main",100000,100,1,"owned","create","dplyr_dibble",13,146.779930219054,0
"merged-main",100000,100,1,"owned","create","dplyr_plain",13,560.674932785332,0
"merged-main",100000,100,1,"owned","create","data_table_plain",13,250.181998126209,0
"merged-main",100000,100,1,"owned","create","dibble_bracket",14,197.497080080211,0
"merged-main",100000,100,1,"owned","create","dplyr_dibble",14,149.772968143225,0
"merged-main",100000,100,1,"owned","create","dplyr_plain",14,567.193957976997,0
"merged-main",100000,100,1,"owned","create","gen",14,235.053012147546,0
"merged-main",100000,100,1,"owned","create","data_table_plain",14,268.550007604063,0
"merged-main",100000,100,1,"owned","create","data_table_plain",15,283.064087852836,0
"merged-main",100000,100,1,"owned","create","dplyr_plain",15,565.554015338421,0
"merged-main",100000,100,1,"owned","create","dplyr_dibble",15,151.330954395235,0
"merged-main",100000,100,1,"owned","create","dibble_bracket",15,218.570930883288,0
"merged-main",100000,100,1,"owned","create","gen",15,218.940083868802,0
"merged-main",100000,100,1,"owned","create","data_table_plain",16,251.248013228178,0
"merged-main",100000,100,1,"owned","create","gen",16,221.113092266023,0
"merged-main",100000,100,1,"owned","create","dplyr_dibble",16,142.024015076458,0
"merged-main",100000,100,1,"owned","create","dibble_bracket",16,210.20695567131,0
"merged-main",100000,100,1,"owned","create","dplyr_plain",16,574.369099922478,0
"merged-main",100000,100,1,"owned","create","dplyr_dibble",17,146.082951687276,0
"merged-main",100000,100,1,"owned","create","data_table_plain",17,262.318062596023,0
"merged-main",100000,100,1,"owned","create","gen",17,218.898989260197,0
"merged-main",100000,100,1,"owned","create","dplyr_plain",17,553.213059902191,0
"merged-main",100000,100,1,"owned","create","dibble_bracket",17,208.648969419301,0
"merged-main",100000,100,1,"owned","create","data_table_plain",18,263.015041127801,0
"merged-main",100000,100,1,"owned","create","gen",18,222.014961764216,0
"merged-main",100000,100,1,"owned","create","dibble_bracket",18,228.903023526073,0
"merged-main",100000,100,1,"owned","create","dplyr_dibble",18,150.511041283607,0
"merged-main",100000,100,1,"owned","create","dplyr_plain",18,566.373928450048,0
"merged-main",100000,100,1,"owned","create","data_table_plain",19,256.865052506328,0
"merged-main",100000,100,1,"owned","create","dibble_bracket",19,216.685002669692,0
"merged-main",100000,100,1,"owned","create","dplyr_plain",19,599.584076553583,0
"merged-main",100000,100,1,"owned","create","dplyr_dibble",19,146.24698087573,0
"merged-main",100000,100,1,"owned","create","gen",19,217.300024814904,0
"merged-main",100000,100,1,"owned","create","gen",20,218.612025491893,0
"merged-main",100000,100,1,"owned","create","dplyr_dibble",20,153.545057401061,0
"merged-main",100000,100,1,"owned","create","data_table_plain",20,264.69596195966,0
"merged-main",100000,100,1,"owned","create","dibble_bracket",20,216.151936911047,0
"merged-main",100000,100,1,"owned","create","dplyr_plain",20,564.488000236452,0
"merged-main",100000,100,1,"owned","five","data_table_plain",1,351.820955984294,0
"merged-main",100000,100,1,"owned","five","dplyr_dibble",1,162.6469893381,0
"merged-main",100000,100,1,"owned","five","dibble_bracket",1,317.914062179625,0
"merged-main",100000,100,1,"owned","five","dplyr_plain",1,798.598048277199,0
"merged-main",100000,100,1,"owned","five","dibble_bracket",2,319.759012199938,0
"merged-main",100000,100,1,"owned","five","dplyr_plain",2,793.842016719282,0
"merged-main",100000,100,1,"owned","five","dplyr_dibble",2,153.257977217436,0
"merged-main",100000,100,1,"owned","five","data_table_plain",2,357.560929842293,0
"merged-main",100000,100,1,"owned","five","dplyr_dibble",3,162.687967531383,0
"merged-main",100000,100,1,"owned","five","dplyr_plain",3,791.955972090364,0
"merged-main",100000,100,1,"owned","five","data_table_plain",3,356.289907358587,0
"merged-main",100000,100,1,"owned","five","dibble_bracket",3,321.808969601989,0
"merged-main",100000,100,1,"owned","five","dibble_bracket",4,320.62001992017,0
"merged-main",100000,100,1,"owned","five","dplyr_dibble",4,153.544940985739,0
"merged-main",100000,100,1,"owned","five","data_table_plain",4,358.790974132717,0
"merged-main",100000,100,1,"owned","five","dplyr_plain",4,782.115967012942,0
"merged-main",100000,100,1,"owned","five","dplyr_dibble",5,150.101026520133,0
"merged-main",100000,100,1,"owned","five","dplyr_plain",5,784.822041168809,0
"merged-main",100000,100,1,"owned","five","dibble_bracket",5,323.612941429019,0
"merged-main",100000,100,1,"owned","five","data_table_plain",5,352.435978129506,0
"merged-main",100000,100,1,"owned","five","data_table_plain",6,350.345042534173,0
"merged-main",100000,100,1,"owned","five","dplyr_dibble",6,140.138086862862,0
"merged-main",100000,100,1,"owned","five","dibble_bracket",6,318.036996759474,0
"merged-main",100000,100,1,"owned","five","dplyr_plain",6,774.038955569267,0
"merged-main",100000,100,1,"owned","five","data_table_plain",7,368.466950021684,0
"merged-main",100000,100,1,"owned","five","dibble_bracket",7,343.047082424164,0
"merged-main",100000,100,1,"owned","five","dplyr_plain",7,836.399965919554,0
"merged-main",100000,100,1,"owned","five","dplyr_dibble",7,152.766006067395,0
"merged-main",100000,100,1,"owned","five","dplyr_plain",8,798.064982518554,0
"merged-main",100000,100,1,"owned","five","data_table_plain",8,365.679035894573,0
"merged-main",100000,100,1,"owned","five","dplyr_dibble",8,149.608938954771,0
"merged-main",100000,100,1,"owned","five","dibble_bracket",8,333.781004883349,0
"merged-main",100000,100,1,"owned","five","dplyr_dibble",9,145.344994962215,0
"merged-main",100000,100,1,"owned","five","data_table_plain",9,364.777049981058,0
"merged-main",100000,100,1,"owned","five","dplyr_plain",9,795.400002971292,0
"merged-main",100000,100,1,"owned","five","dibble_bracket",9,319.266924634576,0
"merged-main",100000,100,1,"owned","five","dplyr_dibble",10,153.052969835699,0
"merged-main",100000,100,1,"owned","five","dibble_bracket",10,323.571963235736,0
"merged-main",100000,100,1,"owned","five","dplyr_plain",10,793.637009337544,0
"merged-main",100000,100,1,"owned","five","data_table_plain",10,357.929966412485,0
"merged-main",100000,100,1,"owned","five","dibble_bracket",11,321.030034683645,0
"merged-main",100000,100,1,"owned","five","data_table_plain",11,356.699922122061,0
"merged-main",100000,100,1,"owned","five","dplyr_plain",11,816.22798461467,0
"merged-main",100000,100,1,"owned","five","dplyr_dibble",11,151.576939970255,0
"merged-main",100000,100,1,"owned","five","dplyr_dibble",12,150.879961438477,0
"merged-main",100000,100,1,"owned","five","dibble_bracket",12,326.359993778169,0
"merged-main",100000,100,1,"owned","five","dplyr_plain",12,788.183999247849,0
"merged-main",100000,100,1,"owned","five","data_table_plain",12,365.515006706119,0
"merged-main",100000,100,1,"owned","five","dplyr_plain",13,807.782053016126,0
"merged-main",100000,100,1,"owned","five","data_table_plain",13,363.341998308897,0
"merged-main",100000,100,1,"owned","five","dplyr_dibble",13,145.672936923802,0
"merged-main",100000,100,1,"owned","five","dibble_bracket",13,328.04103102535,0
"merged-main",100000,100,1,"owned","five","data_table_plain",14,363.669940270483,0
"merged-main",100000,100,1,"owned","five","dplyr_plain",14,779.205001890659,0
"merged-main",100000,100,1,"owned","five","dibble_bracket",14,322.752050124109,0
"merged-main",100000,100,1,"owned","five","dplyr_dibble",14,159.571995027363,0
"merged-main",100000,100,1,"owned","five","dplyr_plain",15,826.51898264885,0
"merged-main",100000,100,1,"owned","five","dibble_bracket",15,331.280054524541,0
"merged-main",100000,100,1,"owned","five","dplyr_dibble",15,155.553920194507,0
"merged-main",100000,100,1,"owned","five","data_table_plain",15,362.235005013645,0
"merged-main",100000,100,1,"owned","five","dibble_bracket",16,339.52109515667,0
"merged-main",100000,100,1,"owned","five","dplyr_dibble",16,151.659012772143,0
"merged-main",100000,100,1,"owned","five","dplyr_plain",16,805.075978860259,0
"merged-main",100000,100,1,"owned","five","data_table_plain",16,362.809048965573,0
"merged-main",100000,100,1,"owned","five","dplyr_dibble",17,154.078006744385,0
"merged-main",100000,100,1,"owned","five","dibble_bracket",17,319.799990393221,0
"merged-main",100000,100,1,"owned","five","data_table_plain",17,360.431033186615,0
"merged-main",100000,100,1,"owned","five","dplyr_plain",17,781.50094486773,0
"merged-main",100000,100,1,"owned","five","data_table_plain",18,362.194026820362,0
"merged-main",100000,100,1,"owned","five","dibble_bracket",18,322.218984365463,0
"merged-main",100000,100,1,"owned","five","dplyr_dibble",18,144.730089232326,0
"merged-main",100000,100,1,"owned","five","dplyr_plain",18,799.827976152301,0
"merged-main",100000,100,1,"owned","five","dplyr_dibble",19,151.494983583689,0
"merged-main",100000,100,1,"owned","five","dplyr_plain",19,801.222049631178,0
"merged-main",100000,100,1,"owned","five","data_table_plain",19,363.014056347311,0
"merged-main",100000,100,1,"owned","five","dibble_bracket",19,329.927075654268,0
"merged-main",100000,100,1,"owned","five","dibble_bracket",20,323.284999467432,0
"merged-main",100000,100,1,"owned","five","data_table_plain",20,354.773015715182,0
"merged-main",100000,100,1,"owned","five","dplyr_dibble",20,143.705052323639,0
"merged-main",100000,100,1,"owned","five","dplyr_plain",20,795.277068391442,0
"merged-main",10000,2,100,"plain","create","data_table_plain",1,525.004928931594,0
"merged-main",10000,2,100,"plain","create","dibble_bracket",1,10086.3280240446,0
"merged-main",10000,2,100,"plain","create","dplyr_plain",1,774.490064941347,0
"merged-main",10000,2,100,"plain","create","dplyr_dibble",1,6308.0140389502,0
"merged-main",10000,2,100,"plain","create","gen",1,9977.92393900454,0
"merged-main",10000,2,100,"plain","create","dibble_bracket",2,10139.6279642358,0
"merged-main",10000,2,100,"plain","create","dplyr_plain",2,764.403957873583,0
"merged-main",10000,2,100,"plain","create","data_table_plain",2,574.328005313873,0
"merged-main",10000,2,100,"plain","create","dplyr_dibble",2,6339.25606962293,0
"merged-main",10000,2,100,"plain","create","gen",2,9957.25998654962,0
"merged-main",10000,2,100,"plain","create","dplyr_dibble",3,6349.5880458504,0
"merged-main",10000,2,100,"plain","create","data_table_plain",3,550.466007553041,0
"merged-main",10000,2,100,"plain","create","gen",3,9949.3470042944,0
"merged-main",10000,2,100,"plain","create","dplyr_plain",3,765.470089390874,0
"merged-main",10000,2,100,"plain","create","dibble_bracket",3,10149.7959112749,0
"merged-main",10000,2,100,"plain","create","dibble_bracket",4,10096.2090073153,0
"merged-main",10000,2,100,"plain","create","dplyr_plain",4,768.380938097835,0
"merged-main",10000,2,100,"plain","create","dplyr_dibble",4,6299.81409292668,0
"merged-main",10000,2,100,"plain","create","gen",4,9968.61699968576,0
"merged-main",10000,2,100,"plain","create","data_table_plain",4,585.766974836588,0
"merged-main",10000,2,100,"plain","create","dplyr_plain",5,764.60896525532,0
"merged-main",10000,2,100,"plain","create","dibble_bracket",5,10123.0229483917,0
"merged-main",10000,2,100,"plain","create","data_table_plain",5,535.337021574378,0
"merged-main",10000,2,100,"plain","create","gen",5,9928.51902265102,0
"merged-main",10000,2,100,"plain","create","dplyr_dibble",5,6350.08001700044,0
"merged-main",10000,2,100,"plain","create","gen",6,9953.61094828695,0
"merged-main",10000,2,100,"plain","create","dplyr_plain",6,757.351983338594,0
"merged-main",10000,2,100,"plain","create","dplyr_dibble",6,6302.72494163364,0
"merged-main",10000,2,100,"plain","create","data_table_plain",6,534.065999090672,0
"merged-main",10000,2,100,"plain","create","dibble_bracket",6,10151.8870797008,0
"merged-main",10000,2,100,"plain","create","dplyr_plain",7,760.385999456048,0
"merged-main",10000,2,100,"plain","create","data_table_plain",7,598.148908466101,0
"merged-main",10000,2,100,"plain","create","dibble_bracket",7,10214.4120028242,0
"merged-main",10000,2,100,"plain","create","gen",7,9937.62095458806,0
"merged-main",10000,2,100,"plain","create","dplyr_dibble",7,6280.99497407675,0
"merged-main",10000,2,100,"plain","create","data_table_plain",8,534.88602861762,0
"merged-main",10000,2,100,"plain","create","dplyr_plain",8,765.30606020242,0
"merged-main",10000,2,100,"plain","create","dibble_bracket",8,10109.2879194766,0
"merged-main",10000,2,100,"plain","create","gen",8,10070.5430377275,0
"merged-main",10000,2,100,"plain","create","dplyr_dibble",8,6302.97104362398,0
"merged-main",10000,2,100,"plain","create","gen",9,9927.5759421289,0
"merged-main",10000,2,100,"plain","create","dibble_bracket",9,10291.2050206214,0
"merged-main",10000,2,100,"plain","create","dplyr_plain",9,772.111932747066,0
"merged-main",10000,2,100,"plain","create","dplyr_dibble",9,6316.91096350551,0
"merged-main",10000,2,100,"plain","create","data_table_plain",9,545.463990420103,0
"merged-main",10000,2,100,"plain","create","dplyr_plain",10,813.030055724084,0
"merged-main",10000,2,100,"plain","create","gen",10,10070.133022964,0
"merged-main",10000,2,100,"plain","create","data_table_plain",10,586.095033213496,0
"merged-main",10000,2,100,"plain","create","dplyr_dibble",10,6325.35701151937,0
"merged-main",10000,2,100,"plain","create","dibble_bracket",10,10293.4190072119,0
"merged-main",10000,2,100,"plain","create","dplyr_plain",11,765.428994782269,0
"merged-main",10000,2,100,"plain","create","data_table_plain",11,574.860954657197,0
"merged-main",10000,2,100,"plain","create","gen",11,10168.2869717479,0
"merged-main",10000,2,100,"plain","create","dplyr_dibble",11,6334.58199445158,0
"merged-main",10000,2,100,"plain","create","dibble_bracket",11,10132.6170843095,0
"merged-main",10000,2,100,"plain","create","dibble_bracket",12,10076.7340045422,0
"merged-main",10000,2,100,"plain","create","gen",12,9910.84799170494,0
"merged-main",10000,2,100,"plain","create","data_table_plain",12,536.608044058084,0
"merged-main",10000,2,100,"plain","create","dplyr_plain",12,767.068937420845,0
"merged-main",10000,2,100,"plain","create","dplyr_dibble",12,6287.06300631166,0
"merged-main",10000,2,100,"plain","create","dplyr_dibble",13,6243.15196182579,0
"merged-main",10000,2,100,"plain","create","dibble_bracket",13,10080.300970003,0
"merged-main",10000,2,100,"plain","create","dplyr_plain",13,748.701044358313,0
"merged-main",10000,2,100,"plain","create","data_table_plain",13,531.031982973218,0
"merged-main",10000,2,100,"plain","create","gen",13,9888.66703119129,0
"merged-main",10000,2,100,"plain","create","dibble_bracket",14,10022.9829549789,0
"merged-main",10000,2,100,"plain","create","dplyr_dibble",14,6235.48496514559,0
"merged-main",10000,2,100,"plain","create","gen",14,9854.59599178284,0
"merged-main",10000,2,100,"plain","create","dplyr_plain",14,753.744039684534,0
"merged-main",10000,2,100,"plain","create","data_table_plain",14,536.772073246539,0
"merged-main",10000,2,100,"plain","create","data_table_plain",15,516.80498290807,0
"merged-main",10000,2,100,"plain","create","dplyr_plain",15,756.819033995271,0
"merged-main",10000,2,100,"plain","create","gen",15,9965.58298356831,0
"merged-main",10000,2,100,"plain","create","dplyr_dibble",15,6269.88394651562,0
"merged-main",10000,2,100,"plain","create","dibble_bracket",15,10085.0570015609,0
"merged-main",10000,2,100,"plain","create","gen",16,9954.55391239375,0
"merged-main",10000,2,100,"plain","create","dplyr_dibble",16,6274.31203611195,0
"merged-main",10000,2,100,"plain","create","dplyr_plain",16,745.789962820709,0
"merged-main",10000,2,100,"plain","create","dibble_bracket",16,10088.5420106351,0
"merged-main",10000,2,100,"plain","create","data_table_plain",16,532.262027263641,0
"merged-main",10000,2,100,"plain","create","gen",17,9906.74796048552,0
"merged-main",10000,2,100,"plain","create","data_table_plain",17,526.317046023905,0
"merged-main",10000,2,100,"plain","create","dplyr_plain",17,745.584955438972,0
"merged-main",10000,2,100,"plain","create","dplyr_dibble",17,6242.04508494586,0
"merged-main",10000,2,100,"plain","create","dibble_bracket",17,10043.5650674626,0
"merged-main",10000,2,100,"plain","create","dplyr_plain",18,736.401067115366,0
"merged-main",10000,2,100,"plain","create","gen",18,9925.19792634994,0
"merged-main",10000,2,100,"plain","create","dibble_bracket",18,10214.6989665926,0
"merged-main",10000,2,100,"plain","create","data_table_plain",18,531.400903128088,0
"merged-main",10000,2,100,"plain","create","dplyr_dibble",18,6427.2420713678,0
"merged-main",10000,2,100,"plain","create","dplyr_dibble",19,6247.6210296154,0
"merged-main",10000,2,100,"plain","create","dibble_bracket",19,10098.5049502924,0
"merged-main",10000,2,100,"plain","create","gen",19,9843.81302259862,0
"merged-main",10000,2,100,"plain","create","data_table_plain",19,697.2870323807,0
"merged-main",10000,2,100,"plain","create","dplyr_plain",19,757.269910536706,0
"merged-main",10000,2,100,"plain","create","gen",20,9950.86401235312,0
"merged-main",10000,2,100,"plain","create","dplyr_plain",20,741.85396078974,0
"merged-main",10000,2,100,"plain","create","dplyr_dibble",20,6263.73395789415,0
"merged-main",10000,2,100,"plain","create","data_table_plain",20,535.049941390753,0
"merged-main",10000,2,100,"plain","create","dibble_bracket",20,10104.4089533389,0
"merged-main",10000,2,100,"plain","five","dplyr_dibble",1,24981.587077491,0
"merged-main",10000,2,100,"plain","five","dibble_bracket",1,46366.2850670516,0.00200000000000955
"merged-main",10000,2,100,"plain","five","data_table_plain",1,658.869976177812,0
"merged-main",10000,2,100,"plain","five","dplyr_plain",1,1369.8919210583,0
"merged-main",10000,2,100,"plain","five","dplyr_plain",2,1352.59004309773,0
"merged-main",10000,2,100,"plain","five","dibble_bracket",2,46633.6869867519,0.00200000000000955
"merged-main",10000,2,100,"plain","five","data_table_plain",2,671.703019179404,0
"merged-main",10000,2,100,"plain","five","dplyr_dibble",2,25692.4038985744,0
"merged-main",10000,2,100,"plain","five","dibble_bracket",3,46384.5710037276,0.00199999999995271
"merged-main",10000,2,100,"plain","five","dplyr_dibble",3,25511.3070597872,0
"merged-main",10000,2,100,"plain","five","dplyr_plain",3,1370.71206700057,0
"merged-main",10000,2,100,"plain","five","data_table_plain",3,648.743007332087,0
"merged-main",10000,2,100,"plain","five","dplyr_plain",4,1370.26107404381,0
"merged-main",10000,2,100,"plain","five","dibble_bracket",4,46625.5279025063,0.000999999999976353
"merged-main",10000,2,100,"plain","five","dplyr_dibble",4,25043.947971426,0
"merged-main",10000,2,100,"plain","five","data_table_plain",4,666.618929244578,0
"merged-main",10000,2,100,"plain","five","dplyr_dibble",5,25552.5120301172,0
"merged-main",10000,2,100,"plain","five","dplyr_plain",5,1374.19707607478,0
"merged-main",10000,2,100,"plain","five","data_table_plain",5,645.954976789653,0
"merged-main",10000,2,100,"plain","five","dibble_bracket",5,46604.4950298965,0.00200000000000955
"merged-main",10000,2,100,"plain","five","dibble_bracket",6,45548.5399579629,0.00200000000000955
"merged-main",10000,2,100,"plain","five","dplyr_dibble",6,25425.3710154444,0
"merged-main",10000,2,100,"plain","five","dplyr_plain",6,1355.29600083828,0
"merged-main",10000,2,100,"plain","five","data_table_plain",6,647.348933853209,0
"merged-main",10000,2,100,"plain","five","dibble_bracket",7,46667.1839822084,0.000999999999976353
"merged-main",10000,2,100,"plain","five","dplyr_plain",7,1393.8769698143,0
"merged-main",10000,2,100,"plain","five","dplyr_dibble",7,25556.8990251049,0
"merged-main",10000,2,100,"plain","five","data_table_plain",7,659.649027511477,0
"merged-main",10000,2,100,"plain","five","dplyr_plain",8,1408.18592626601,0
"merged-main",10000,2,100,"plain","five","dibble_bracket",8,46563.9870380983,0.00199999999995271
"merged-main",10000,2,100,"plain","five","dplyr_dibble",8,24940.5869981274,0
"merged-main",10000,2,100,"plain","five","data_table_plain",8,654.442002996802,0
"merged-main",10000,2,100,"plain","five","dibble_bracket",9,46476.08299274,0.000999999999976353
"merged-main",10000,2,100,"plain","five","dplyr_plain",9,1380.14194089919,0
"merged-main",10000,2,100,"plain","five","dplyr_dibble",9,25355.4660594091,0
"merged-main",10000,2,100,"plain","five","data_table_plain",9,663.954066112638,0
"merged-main",10000,2,100,"plain","five","dplyr_dibble",10,25593.3889420703,0
"merged-main",10000,2,100,"plain","five","dplyr_plain",10,1387.89101038128,0
"merged-main",10000,2,100,"plain","five","data_table_plain",10,646.775006316602,0
"merged-main",10000,2,100,"plain","five","dibble_bracket",10,46509.5390100032,0.00200000000000955
"merged-main",10000,2,100,"plain","five","data_table_plain",11,656.245974823833,0
"merged-main",10000,2,100,"plain","five","dplyr_plain",11,1385.38994360715,0
"merged-main",10000,2,100,"plain","five","dibble_bracket",11,46568.128047511,0.000999999999976353
"merged-main",10000,2,100,"plain","five","dplyr_dibble",11,25491.1759402603,0
"merged-main",10000,2,100,"plain","five","data_table_plain",12,654.401024803519,0
"merged-main",10000,2,100,"plain","five","dplyr_plain",12,1386.57889328897,0
"merged-main",10000,2,100,"plain","five","dibble_bracket",12,46565.3809951618,0.00200000000000955
"merged-main",10000,2,100,"plain","five","dplyr_dibble",12,25403.5179968923,0
"merged-main",10000,2,100,"plain","five","dibble_bracket",13,45931.0699952766,0.00200000000000955
"merged-main",10000,2,100,"plain","five","dplyr_plain",13,1373.29509016126,0
"merged-main",10000,2,100,"plain","five","dplyr_dibble",13,25387.2820176184,0
"merged-main",10000,2,100,"plain","five","data_table_plain",13,657.271011732519,0
"merged-main",10000,2,100,"plain","five","dibble_bracket",14,46500.5190344527,0.00200000000000955
"merged-main",10000,2,100,"plain","five","data_table_plain",14,648.619956336915,0
"merged-main",10000,2,100,"plain","five","dplyr_dibble",14,25937.5430177897,0
"merged-main",10000,2,100,"plain","five","dplyr_plain",14,1394.1639335826,0
"merged-main",10000,2,100,"plain","five","dplyr_dibble",15,25621.4330438524,0
"merged-main",10000,2,100,"plain","five","dplyr_plain",15,1381.16697780788,0
"merged-main",10000,2,100,"plain","five","data_table_plain",15,649.02997110039,0
"merged-main",10000,2,100,"plain","five","dibble_bracket",15,46466.5299514309,0.000999999999976353
"merged-main",10000,2,100,"plain","five","dplyr_plain",16,1370.30193582177,0
"merged-main",10000,2,100,"plain","five","dibble_bracket",16,46571.8590421602,0.000999999999976353
"merged-main",10000,2,100,"plain","five","dplyr_dibble",16,24887.9019636661,0
"merged-main",10000,2,100,"plain","five","data_table_plain",16,656.983931548893,0
"merged-main",10000,2,100,"plain","five","dplyr_dibble",17,25602.9420997947,0
"merged-main",10000,2,100,"plain","five","data_table_plain",17,657.106982544065,0
"merged-main",10000,2,100,"plain","five","dibble_bracket",17,46554.6390041709,0.000999999999976353
"merged-main",10000,2,100,"plain","five","dplyr_plain",17,1376.57509185374,0
"merged-main",10000,2,100,"plain","five","dibble_bracket",18,46411.4669011906,0.0010000000000332
"merged-main",10000,2,100,"plain","five","dplyr_plain",18,1378.83005663753,0
"merged-main",10000,2,100,"plain","five","data_table_plain",18,651.2850522995,0
"merged-main",10000,2,100,"plain","five","dplyr_dibble",18,25522.8690803051,0
"merged-main",10000,2,100,"plain","five","dibble_bracket",19,46614.7039551288,0.00199999999995271
"merged-main",10000,2,100,"plain","five","dplyr_dibble",19,25519.2610202357,0
"merged-main",10000,2,100,"plain","five","data_table_plain",19,652.679009363055,0
"merged-main",10000,2,100,"plain","five","dplyr_plain",19,1374.1560978815,0
"merged-main",10000,2,100,"plain","five","dibble_bracket",20,72278.4079844132,0.0519999999999641
"merged-main",10000,2,100,"plain","five","data_table_plain",20,650.588073767722,0
"merged-main",10000,2,100,"plain","five","dplyr_plain",20,1389.94096778333,0
"merged-main",10000,2,100,"plain","five","dplyr_dibble",20,25815.6909840181,0
"merged-main",10000,2,100,"owned","create","dplyr_dibble",1,6232.61497821659,0
"merged-main",10000,2,100,"owned","create","dibble_bracket",1,9959.2279875651,0
"merged-main",10000,2,100,"owned","create","dplyr_plain",1,810.775090940297,0
"merged-main",10000,2,100,"owned","create","data_table_plain",1,545.382034033537,0
"merged-main",10000,2,100,"owned","create","gen",1,9845.45308165252,0
"merged-main",10000,2,100,"owned","create","dplyr_plain",2,753.703061491251,0
"merged-main",10000,2,100,"owned","create","dibble_bracket",2,10172.0590610057,0
"merged-main",10000,2,100,"owned","create","gen",2,9790.18502403051,0
"merged-main",10000,2,100,"owned","create","data_table_plain",2,542.839989066124,0
"merged-main",10000,2,100,"owned","create","dplyr_dibble",2,6282.06098917872,0
"merged-main",10000,2,100,"owned","create","dplyr_dibble",3,6392.26904604584,0
"merged-main",10000,2,100,"owned","create","dibble_bracket",3,10109.6569560468,0
"merged-main",10000,2,100,"owned","create","dplyr_plain",3,756.080960854888,0
"merged-main",10000,2,100,"owned","create","data_table_plain",3,542.512047104537,0
"merged-main",10000,2,100,"owned","create","gen",3,9948.36294557899,0
"merged-main",10000,2,100,"owned","create","gen",4,9773.25206622481,0
"merged-main",10000,2,100,"owned","create","dplyr_plain",4,764.486030675471,0
"merged-main",10000,2,100,"owned","create","dibble_bracket",4,10019.5800187066,0
"merged-main",10000,2,100,"owned","create","data_table_plain",4,537.920044735074,0
"merged-main",10000,2,100,"owned","create","dplyr_dibble",4,6402.10893470794,0
"merged-main",10000,2,100,"owned","create","dibble_bracket",5,10040.1209201664,0
"merged-main",10000,2,100,"owned","create","data_table_plain",5,542.67595987767,0
"merged-main",10000,2,100,"owned","create","gen",5,9775.91704577208,0
"merged-main",10000,2,100,"owned","create","dplyr_dibble",5,6325.06993133575,0
"merged-main",10000,2,100,"owned","create","dplyr_plain",5,767.642981372774,0
"merged-main",10000,2,100,"owned","create","dplyr_plain",6,733.981956727803,0
"merged-main",10000,2,100,"owned","create","gen",6,9849.34798907489,0
"merged-main",10000,2,100,"owned","create","dibble_bracket",6,10052.0109990612,0
"merged-main",10000,2,100,"owned","create","data_table_plain",6,554.237980395555,0
"merged-main",10000,2,100,"owned","create","dplyr_dibble",6,6309.8999671638,0
"merged-main",10000,2,100,"owned","create","dplyr_dibble",7,6239.62597455829,0
"merged-main",10000,2,100,"owned","create","data_table_plain",7,527.792959474027,0
"merged-main",10000,2,100,"owned","create","gen",7,9796.45794723183,0
"merged-main",10000,2,100,"owned","create","dplyr_plain",7,759.44303534925,0
"merged-main",10000,2,100,"owned","create","dibble_bracket",7,9995.6359481439,0
"merged-main",10000,2,100,"owned","create","data_table_plain",8,545.258983038366,0
"merged-main",10000,2,100,"owned","create","dplyr_plain",8,753.949047066271,0
"merged-main",10000,2,100,"owned","create","dibble_bracket",8,10046.4760325849,0
"merged-main",10000,2,100,"owned","create","dplyr_dibble",8,6270.08895389736,0
"merged-main",10000,2,100,"owned","create","gen",8,9788.29897940159,0
"merged-main",10000,2,100,"owned","create","gen",9,9723.3549458906,0
"merged-main",10000,2,100,"owned","create","dibble_bracket",9,9983.25401451439,0
"merged-main",10000,2,100,"owned","create","data_table_plain",9,530.908931978047,0
"merged-main",10000,2,100,"owned","create","dplyr_dibble",9,6240.97895342857,0
"merged-main",10000,2,100,"owned","create","dplyr_plain",9,746.446079574525,0
"merged-main",10000,2,100,"owned","create","dplyr_dibble",10,6232.16398525983,0
"merged-main",10000,2,100,"owned","create","dplyr_plain",10,789.946992881596,0
"merged-main",10000,2,100,"owned","create","data_table_plain",10,526.193995028734,0
"merged-main",10000,2,100,"owned","create","dibble_bracket",10,10003.631003201,0
"merged-main",10000,2,100,"owned","create","gen",10,9753.94097622484,0
"merged-main",10000,2,100,"owned","create","gen",11,9757.67208728939,0
"merged-main",10000,2,100,"owned","create","data_table_plain",11,536.034000106156,0
"merged-main",10000,2,100,"owned","create","dplyr_dibble",11,6311.41709163785,0
"merged-main",10000,2,100,"owned","create","dplyr_plain",11,748.209073208272,0
"merged-main",10000,2,100,"owned","create","dibble_bracket",11,10039.587970823,0
"merged-main",10000,2,100,"owned","create","dplyr_plain",12,746.650970540941,0
"merged-main",10000,2,100,"owned","create","dplyr_dibble",12,6257.05101992935,0
"merged-main",10000,2,100,"owned","create","gen",12,9843.44398602843,0
"merged-main",10000,2,100,"owned","create","data_table_plain",12,529.186916537583,0
"merged-main",10000,2,100,"owned","create","dibble_bracket",12,10011.748992838,0
"merged-main",10000,2,100,"owned","create","gen",13,9755.45798428357,0
"merged-main",10000,2,100,"owned","create","dplyr_plain",13,749.479979276657,0
"merged-main",10000,2,100,"owned","create","dplyr_dibble",13,6230.60599900782,0
"merged-main",10000,2,100,"owned","create","dibble_bracket",13,9993.91393270344,0
"merged-main",10000,2,100,"owned","create","data_table_plain",13,528.326025232673,0
"merged-main",10000,2,100,"owned","create","dibble_bracket",14,9980.13804201037,0
"merged-main",10000,2,100,"owned","create","dplyr_dibble",14,6270.82702703774,0
"merged-main",10000,2,100,"owned","create","data_table_plain",14,531.155033968389,0
"merged-main",10000,2,100,"owned","create","gen",14,9803.87895833701,0
"merged-main",10000,2,100,"owned","create","dplyr_plain",14,746.897072531283,0
"merged-main",10000,2,100,"owned","create","dplyr_dibble",15,6279.39600963145,0
"merged-main",10000,2,100,"owned","create","dibble_bracket",15,9992.19203367829,0
"merged-main",10000,2,100,"owned","create","dplyr_plain",15,747.798942029476,0
"merged-main",10000,2,100,"owned","create","gen",15,9770.95600683242,0
"merged-main",10000,2,100,"owned","create","data_table_plain",15,528.982025571167,0
"merged-main",10000,2,100,"owned","create","dibble_bracket",16,9972.26603794843,0
"merged-main",10000,2,100,"owned","create","data_table_plain",16,522.257992997766,0
"merged-main",10000,2,100,"owned","create","dplyr_dibble",16,6299.89604931325,0
"merged-main",10000,2,100,"owned","create","gen",16,9806.38002511114,0
"merged-main",10000,2,100,"owned","create","dplyr_plain",16,754.236010834575,0
"merged-main",10000,2,100,"owned","create","data_table_plain",17,529.269105754793,0
"merged-main",10000,2,100,"owned","create","dplyr_dibble",17,6400.55094845593,0
"merged-main",10000,2,100,"owned","create","dplyr_plain",17,767.725054174662,0
"merged-main",10000,2,100,"owned","create","dibble_bracket",17,10088.2550468668,0
"merged-main",10000,2,100,"owned","create","gen",17,9819.82809025794,0
"merged-main",10000,2,100,"owned","create","dplyr_plain",18,749.97206684202,0
"merged-main",10000,2,100,"owned","create","dplyr_dibble",18,6286.28407139331,0
"merged-main",10000,2,100,"owned","create","gen",18,9896.86697721481,0
"merged-main",10000,2,100,"owned","create","dibble_bracket",18,10007.5260270387,0
"merged-main",10000,2,100,"owned","create","data_table_plain",18,537.632964551449,0
"merged-main",10000,2,100,"owned","create","dplyr_dibble",19,6258.28094780445,0
"merged-main",10000,2,100,"owned","create","dplyr_plain",19,757.311005145311,0
"merged-main",10000,2,100,"owned","create","dibble_bracket",19,10003.631003201,0
"merged-main",10000,2,100,"owned","create","data_table_plain",19,532.959005795419,0
"merged-main",10000,2,100,"owned","create","gen",19,9746.7249725014,0
"merged-main",10000,2,100,"owned","create","data_table_plain",20,527.34196651727,0
"merged-main",10000,2,100,"owned","create","dibble_bracket",20,9982.02397022396,0
"merged-main",10000,2,100,"owned","create","gen",20,9725.40490329266,0
"merged-main",10000,2,100,"owned","create","dplyr_plain",20,770.512968301773,0
"merged-main",10000,2,100,"owned","create","dplyr_dibble",20,6267.7109381184,0
"merged-main",10000,2,100,"owned","five","data_table_plain",1,669.52989436686,0
"merged-main",10000,2,100,"owned","five","dplyr_dibble",1,25436.0310500488,0
"merged-main",10000,2,100,"owned","five","dplyr_plain",1,1374.68904722482,0
"merged-main",10000,2,100,"owned","five","dibble_bracket",1,45952.143962495,0.00199999999995271
"merged-main",10000,2,100,"owned","five","dplyr_dibble",2,25609.9120015278,0
"merged-main",10000,2,100,"owned","five","data_table_plain",2,671.620946377516,0
"merged-main",10000,2,100,"owned","five","dibble_bracket",2,45607.129111886,0.0010000000000332
"merged-main",10000,2,100,"owned","five","dplyr_plain",2,1370.13802304864,0
"merged-main",10000,2,100,"owned","five","data_table_plain",3,648.578978143632,0
"merged-main",10000,2,100,"owned","five","dibble_bracket",3,45801.3049792498,0.000999999999976353
"merged-main",10000,2,100,"owned","five","dplyr_dibble",3,25461.163953878,0
"merged-main",10000,2,100,"owned","five","dplyr_plain",3,1355.50100822002,0
"merged-main",10000,2,100,"owned","five","dibble_bracket",4,45575.3540154546,0.00200000000000955
"merged-main",10000,2,100,"owned","five","data_table_plain",4,648.332992568612,0
"merged-main",10000,2,100,"owned","five","dplyr_dibble",4,25604.1720276698,0
"merged-main",10000,2,100,"owned","five","dplyr_plain",4,1383.83195735514,0
"merged-main",10000,2,100,"owned","five","dibble_bracket",5,45902.2469585761,0.0010000000000332
"merged-main",10000,2,100,"owned","five","dplyr_dibble",5,24967.2370264307,0
"merged-main",10000,2,100,"owned","five","dplyr_plain",5,1366.77594855428,0
"merged-main",10000,2,100,"owned","five","data_table_plain",5,663.338927552104,0
"merged-main",10000,2,100,"owned","five","data_table_plain",6,641.404069028795,0
"merged-main",10000,2,100,"owned","five","dplyr_plain",6,1403.14293093979,0
"merged-main",10000,2,100,"owned","five","dibble_bracket",6,45957.9660091549,0.00200000000000955
"merged-main",10000,2,100,"owned","five","dplyr_dibble",6,25038.5769177228,0
"merged-main",10000,2,100,"owned","five","dplyr_dibble",7,25412.907009013,0
"merged-main",10000,2,100,"owned","five","data_table_plain",7,661.822035908699,0
"merged-main",10000,2,100,"owned","five","dibble_bracket",7,45723.6919319257,0
"merged-main",10000,2,100,"owned","five","dplyr_plain",7,1357.96109680086,0
"merged-main",10000,2,100,"owned","five","dplyr_plain",8,1355.70601560175,0
"merged-main",10000,2,100,"owned","five","dplyr_dibble",8,25515.2839235961,0
"merged-main",10000,2,100,"owned","five","dibble_bracket",8,45680.9700699523,0.00199999999995271
"merged-main",10000,2,100,"owned","five","data_table_plain",8,649.439985863864,0
"merged-main",10000,2,100,"owned","five","dplyr_plain",9,1373.7459667027,0
"merged-main",10000,2,100,"owned","five","data_table_plain",9,654.442002996802,0
"merged-main",10000,2,100,"owned","five","dplyr_dibble",9,25455.0139652565,0
"merged-main",10000,2,100,"owned","five","dibble_bracket",9,45873.916009441,0.00199999999995271
"merged-main",10000,2,100,"owned","five","dibble_bracket",10,44769.4989852607,0.00199999999995271
"merged-main",10000,2,100,"owned","five","dplyr_plain",10,1377.92795430869,0
"merged-main",10000,2,100,"owned","five","data_table_plain",10,655.671930871904,0
"merged-main",10000,2,100,"owned","five","dplyr_dibble",10,25482.6479358599,0
"merged-main",10000,2,100,"owned","five","dibble_bracket",11,45571.950962767,0.0010000000000332
"merged-main",10000,2,100,"owned","five","dplyr_plain",11,1391.04807749391,0
"merged-main",10000,2,100,"owned","five","data_table_plain",11,650.055008009076,0
"merged-main",10000,2,100,"owned","five","dplyr_dibble",11,25673.2569541782,0
"merged-main",10000,2,100,"owned","five","dplyr_dibble",12,25133.2459738478,0
"merged-main",10000,2,100,"owned","five","data_table_plain",12,658.213975839317,0
"merged-main",10000,2,100,"owned","five","dibble_bracket",12,45759.6079213545,0.00200000000000955
"merged-main",10000,2,100,"owned","five","dplyr_plain",12,1389.48997482657,0
"merged-main",10000,2,100,"owned","five","data_table_plain",13,682.650017552078,0
"merged-main",10000,2,100,"owned","five","dibble_bracket",13,45897.3270142451,0
"merged-main",10000,2,100,"owned","five","dplyr_plain",13,1366.48898478597,0
"merged-main",10000,2,100,"owned","five","dplyr_dibble",13,25319.3860407919,0
"merged-main",10000,2,100,"owned","five","data_table_plain",14,652.638031169772,0
"merged-main",10000,2,100,"owned","five","dibble_bracket",14,45832.8750682995,0.000999999999976353
"merged-main",10000,2,100,"owned","five","dplyr_plain",14,1443.03601700813,0
"merged-main",10000,2,100,"owned","five","dplyr_dibble",14,25562.6389989629,0
"merged-main",10000,2,100,"owned","five","dplyr_plain",15,1363.90596162528,0
"merged-main",10000,2,100,"owned","five","dplyr_dibble",15,25500.9750835598,0
"merged-main",10000,2,100,"owned","five","dibble_bracket",15,45594.0500833094,0.00199999999995271
"merged-main",10000,2,100,"owned","five","data_table_plain",15,669.243047013879,0
"merged-main",10000,2,100,"owned","five","data_table_plain",16,643.454026430845,0
"merged-main",10000,2,100,"owned","five","dplyr_dibble",16,25761.5300361067,0
"merged-main",10000,2,100,"owned","five","dibble_bracket",16,45610.0809387863,0.00199999999995271
"merged-main",10000,2,100,"owned","five","dplyr_plain",16,1449.1860056296,0
"merged-main",10000,2,100,"owned","five","dplyr_dibble",17,25629.8379972577,0
"merged-main",10000,2,100,"owned","five","dplyr_plain",17,1389.73607681692,0
"merged-main",10000,2,100,"owned","five","data_table_plain",17,695.647089742124,0
"merged-main",10000,2,100,"owned","five","dibble_bracket",17,45914.3009502441,0.00200000000000955
"merged-main",10000,2,100,"owned","five","dplyr_dibble",18,25315.7779807225,0
"merged-main",10000,2,100,"owned","five","dplyr_plain",18,1414.705067873,0
"merged-main",10000,2,100,"owned","five","dibble_bracket",18,46021.5569473803,0
"merged-main",10000,2,100,"owned","five","data_table_plain",18,664.856052026153,0
"merged-main",10000,2,100,"owned","five","dibble_bracket",19,46018.1130329147,0.00200000000000955
"merged-main",10000,2,100,"owned","five","dplyr_dibble",19,26996.4910112321,0
"merged-main",10000,2,100,"owned","five","data_table_plain",19,657.271011732519,0
"merged-main",10000,2,100,"owned","five","dplyr_plain",19,1420.97799107432,0
"merged-main",10000,2,100,"owned","five","dplyr_dibble",20,25489.1259828582,0
"merged-main",10000,2,100,"owned","five","dplyr_plain",20,1383.01192782819,0
"merged-main",10000,2,100,"owned","five","data_table_plain",20,661.412021145225,0
"merged-main",10000,2,100,"owned","five","dibble_bracket",20,45768.4639841318,0.000999999999976353
"merged-main",10000,100,100,"plain","create","dplyr_plain",1,891.995965503156,0
"merged-main",10000,100,100,"plain","create","dplyr_dibble",1,8966.20796993375,0
"merged-main",10000,100,100,"plain","create","gen",1,10076.4470407739,0
"merged-main",10000,100,100,"plain","create","data_table_plain",1,544.316018931568,0
"merged-main",10000,100,100,"plain","create","dibble_bracket",1,10453.1139368191,0
"merged-main",10000,100,100,"plain","create","dibble_bracket",2,10398.6250469461,0
"merged-main",10000,100,100,"plain","create","data_table_plain",2,542.224966920912,0
"merged-main",10000,100,100,"plain","create","dplyr_plain",2,980.761018581688,0
"merged-main",10000,100,100,"plain","create","dplyr_dibble",2,9038.36800716817,0
"merged-main",10000,100,100,"plain","create","gen",2,10181.6529640928,0
"merged-main",10000,100,100,"plain","create","dplyr_plain",3,932.094058953226,0
"merged-main",10000,100,100,"plain","create","dplyr_dibble",3,8979.24590390176,0
"merged-main",10000,100,100,"plain","create","data_table_plain",3,547.063071280718,0
"merged-main",10000,100,100,"plain","create","gen",3,10147.8280266747,0
"merged-main",10000,100,100,"plain","create","dibble_bracket",3,10427.7759091929,0
"merged-main",10000,100,100,"plain","create","data_table_plain",4,554.237980395555,0
"merged-main",10000,100,100,"plain","create","dplyr_dibble",4,8939.18890506029,0
"merged-main",10000,100,100,"plain","create","dplyr_plain",4,927.543034777045,0
"merged-main",10000,100,100,"plain","create","gen",4,10064.5159836859,0
"merged-main",10000,100,100,"plain","create","dibble_bracket",4,10403.7499986589,0
"merged-main",10000,100,100,"plain","create","data_table_plain",5,537.673942744732,0
"merged-main",10000,100,100,"plain","create","dibble_bracket",5,10506.8240081891,0
"merged-main",10000,100,100,"plain","create","gen",5,10145.6959964707,0
"merged-main",10000,100,100,"plain","create","dplyr_plain",5,938.285025767982,0
"merged-main",10000,100,100,"plain","create","dplyr_dibble",5,9005.73190301657,0
"merged-main",10000,100,100,"plain","create","gen",6,10148.2790196314,0
"merged-main",10000,100,100,"plain","create","dplyr_dibble",6,8924.51102845371,0
"merged-main",10000,100,100,"plain","create","dibble_bracket",6,10427.898960188,0
"merged-main",10000,100,100,"plain","create","dplyr_plain",6,930.167036131024,0
"merged-main",10000,100,100,"plain","create","data_table_plain",6,547.59590420872,0
"merged-main",10000,100,100,"plain","create","gen",7,10091.6579831392,0
"merged-main",10000,100,100,"plain","create","dplyr_dibble",7,8930.70199526846,0
"merged-main",10000,100,100,"plain","create","dplyr_plain",7,929.839094169438,0
"merged-main",10000,100,100,"plain","create","dibble_bracket",7,10477.4680221453,0
"merged-main",10000,100,100,"plain","create","data_table_plain",7,540.17489310354,0
"merged-main",10000,100,100,"plain","create","dplyr_plain",8,942.548969760537,0
"merged-main",10000,100,100,"plain","create","data_table_plain",8,535.459956154227,0
"merged-main",10000,100,100,"plain","create","gen",8,10106.9509983063,0
"merged-main",10000,100,100,"plain","create","dibble_bracket",8,10464.9630375206,0
"merged-main",10000,100,100,"plain","create","dplyr_dibble",8,8968.70903670788,0
"merged-main",10000,100,100,"plain","create","dplyr_plain",9,924.304011277854,0
"merged-main",10000,100,100,"plain","create","gen",9,10067.0990068465,0
"merged-main",10000,100,100,"plain","create","dplyr_dibble",9,8945.42096648365,0
"merged-main",10000,100,100,"plain","create","data_table_plain",9,540.790031664073,0
"merged-main",10000,100,100,"plain","create","dibble_bracket",9,10490.0550795719,0
"merged-main",10000,100,100,"plain","create","data_table_plain",10,537.263927981257,0
"merged-main",10000,100,100,"plain","create","dplyr_dibble",10,8926.52000766248,0
"merged-main",10000,100,100,"plain","create","gen",10,10109.4110868871,0
"merged-main",10000,100,100,"plain","create","dibble_bracket",10,10388.8669982553,0
"merged-main",10000,100,100,"plain","create","dplyr_plain",10,924.1399820894,0
"merged-main",10000,100,100,"plain","create","dplyr_plain",11,917.374971322715,0
"merged-main",10000,100,100,"plain","create","gen",11,10148.6890343949,0
"merged-main",10000,100,100,"plain","create","data_table_plain",11,556.615996174514,0
"merged-main",10000,100,100,"plain","create","dplyr_dibble",11,8972.97298070043,0
"merged-main",10000,100,100,"plain","create","dibble_bracket",11,10409.2439869419,0
"merged-main",10000,100,100,"plain","create","data_table_plain",12,539.642060175538,0
"merged-main",10000,100,100,"plain","create","dibble_bracket",12,10436.7550229654,0
"merged-main",10000,100,100,"plain","create","dplyr_dibble",12,8985.02697236836,0
"merged-main",10000,100,100,"plain","create","gen",12,10103.8760039955,0
"merged-main",10000,100,100,"plain","create","dplyr_plain",12,929.674948565662,0
"merged-main",10000,100,100,"plain","create","gen",13,10071.8550384045,0
"merged-main",10000,100,100,"plain","create","dplyr_dibble",13,9008.06905701756,0
"merged-main",10000,100,100,"plain","create","dibble_bracket",13,10441.0189669579,0
"merged-main",10000,100,100,"plain","create","dplyr_plain",13,931.232934817672,0
"merged-main",10000,100,100,"plain","create","data_table_plain",13,537.223066203296,0
"merged-main",10000,100,100,"plain","create","dibble_bracket",14,10444.4629978389,0
"merged-main",10000,100,100,"plain","create","dplyr_plain",14,923.484098166227,0
"merged-main",10000,100,100,"plain","create","dplyr_dibble",14,9005.85495401174,0
"merged-main",10000,100,100,"plain","create","gen",14,10066.3609337062,0
"merged-main",10000,100,100,"plain","create","data_table_plain",14,531.769939698279,0
"merged-main",10000,100,100,"plain","create","dplyr_plain",15,926.436041481793,0
"merged-main",10000,100,100,"plain","create","data_table_plain",15,531.319063156843,0
"merged-main",10000,100,100,"plain","create","dibble_bracket",15,10474.6799916029,0
"merged-main",10000,100,100,"plain","create","dplyr_dibble",15,8977.93401964009,0
"merged-main",10000,100,100,"plain","create","gen",15,10154.9619575962,0
"merged-main",10000,100,100,"plain","create","dplyr_plain",16,936.276046559215,0
"merged-main",10000,100,100,"plain","create","gen",16,10322.8979278356,0
"merged-main",10000,100,100,"plain","create","dibble_bracket",16,10485.8729755506,0
"merged-main",10000,100,100,"plain","create","data_table_plain",16,553.705031052232,0
"merged-main",10000,100,100,"plain","create","dplyr_dibble",16,9123.68902936578,0
"merged-main",10000,100,100,"plain","create","dibble_bracket",17,10691.5700016543,0
"merged-main",10000,100,100,"plain","create","dplyr_plain",17,957.43197016418,0
"merged-main",10000,100,100,"plain","create","data_table_plain",17,546.694034710526,0
"merged-main",10000,100,100,"plain","create","gen",17,10337.3299352825,0
"merged-main",10000,100,100,"plain","create","dplyr_dibble",17,9004.70709893852,0
"merged-main",10000,100,100,"plain","create","gen",18,10266.8099571019,0
"merged-main",10000,100,100,"plain","create","dplyr_plain",18,947.305001318455,0
"merged-main",10000,100,100,"plain","create","dplyr_dibble",18,9031.31603263319,0
"merged-main",10000,100,100,"plain","create","data_table_plain",18,551.696051843464,0
"merged-main",10000,100,100,"plain","create","dibble_bracket",18,10565.2901111171,0
"merged-main",10000,100,100,"plain","create","dplyr_dibble",19,8983.87900087982,0
"merged-main",10000,100,100,"plain","create","dplyr_plain",19,926.723005250096,0
"merged-main",10000,100,100,"plain","create","data_table_plain",19,545.709975995123,0
"merged-main",10000,100,100,"plain","create","gen",19,10107.1150274947,0
"merged-main",10000,100,100,"plain","create","dibble_bracket",19,11135.6410197914,0
"merged-main",10000,100,100,"plain","create","dibble_bracket",20,10936.7090044543,0
"merged-main",10000,100,100,"plain","create","dplyr_plain",20,943.246064707637,0
"merged-main",10000,100,100,"plain","create","gen",20,10072.4700605497,0
"merged-main",10000,100,100,"plain","create","dplyr_dibble",20,8970.34897934645,0
"merged-main",10000,100,100,"plain","create","data_table_plain",20,541.200046427548,0
"merged-main",10000,100,100,"plain","five","dibble_bracket",1,47213.2220165804,0.00200000000000955
"merged-main",10000,100,100,"plain","five","data_table_plain",1,670.350040309131,0
"merged-main",10000,100,100,"plain","five","dplyr_plain",1,1561.97708565742,0
"merged-main",10000,100,100,"plain","five","dplyr_dibble",1,34797.3559983075,0.00199999999995271
"merged-main",10000,100,100,"plain","five","dibble_bracket",2,46230.4929969832,0.000999999999976353
"merged-main",10000,100,100,"plain","five","data_table_plain",2,717.78695564717,0
"merged-main",10000,100,100,"plain","five","dplyr_dibble",2,34803.177928552,0.00199999999995271
"merged-main",10000,100,100,"plain","five","dplyr_plain",2,1566.73300080001,0
"merged-main",10000,100,100,"plain","five","data_table_plain",3,659.525976516306,0
"merged-main",10000,100,100,"plain","five","dplyr_dibble",3,35041.5930151939,0.00199999999995271
"merged-main",10000,100,100,"plain","five","dibble_bracket",3,47251.392970793,0.00199999999995271
"merged-main",10000,100,100,"plain","five","dplyr_plain",3,1557.01604671776,0
"merged-main",10000,100,100,"plain","five","dplyr_dibble",4,34787.2290294617,0.00200000000000955
"merged-main",10000,100,100,"plain","five","data_table_plain",4,698.516960255802,0
"merged-main",10000,100,100,"plain","five","dibble_bracket",4,47427.6520544663,0.0010000000000332
"merged-main",10000,100,100,"plain","five","dplyr_plain",4,1568.53697262704,0
"merged-main",10000,100,100,"plain","five","dplyr_plain",5,1545.94599734992,0
"merged-main",10000,100,100,"plain","five","dplyr_dibble",5,34614.127012901,0.000999999999976353
"merged-main",10000,100,100,"plain","five","data_table_plain",5,662.354985252023,0
"merged-main",10000,100,100,"plain","five","dibble_bracket",5,47231.0979384929,0.00199999999995271
"merged-main",10000,100,100,"plain","five","dplyr_plain",6,1568.25000885874,0
"merged-main",10000,100,100,"plain","five","dibble_bracket",6,47596.0390176624,0.000999999999976353
"merged-main",10000,100,100,"plain","five","data_table_plain",6,662.355101667345,0
"merged-main",10000,100,100,"plain","five","dplyr_dibble",6,34867.055946961,0.000999999999976353
"merged-main",10000,100,100,"plain","five","dibble_bracket",7,46433.6890727282,0.00200000000006639
"merged-main",10000,100,100,"plain","five","data_table_plain",7,660.100020468235,0
"merged-main",10000,100,100,"plain","five","dplyr_dibble",7,34762.5060239807,0.00199999999995271
"merged-main",10000,100,100,"plain","five","dplyr_plain",7,1570.13593707234,0
"merged-main",10000,100,100,"plain","five","data_table_plain",8,664.610066451132,0
"merged-main",10000,100,100,"plain","five","dibble_bracket",8,47532.7350432053,0.00200000000000955
"merged-main",10000,100,100,"plain","five","dplyr_plain",8,1572.30906188488,0
"merged-main",10000,100,100,"plain","five","dplyr_dibble",8,34835.7319599018,0.00200000000000955
"merged-main",10000,100,100,"plain","five","dplyr_dibble",9,34745.7779571414,0.00199999999995271
"merged-main",10000,100,100,"plain","five","dibble_bracket",9,46428.5230264068,0.00200000000000955
"merged-main",10000,100,100,"plain","five","data_table_plain",9,663.87199331075,0
"merged-main",10000,100,100,"plain","five","dplyr_plain",9,1573.4980115667,0
"merged-main",10000,100,100,"plain","five","data_table_plain",10,663.175014778972,0
"merged-main",10000,100,100,"plain","five","dplyr_dibble",10,34836.5519894287,0.00200000000006639
"merged-main",10000,100,100,"plain","five","dibble_bracket",10,47365.7009424642,0.000999999999976353
"merged-main",10000,100,100,"plain","five","dplyr_plain",10,1562.0180638507,0
"merged-main",10000,100,100,"plain","five","dplyr_plain",11,1566.69202260673,0
"merged-main",10000,100,100,"plain","five","data_table_plain",11,683.716032654047,0
"merged-main",10000,100,100,"plain","five","dplyr_dibble",11,34680.9979528189,0
"merged-main",10000,100,100,"plain","five","dibble_bracket",11,47450.1610733569,0.00200000000000955
"merged-main",10000,100,100,"plain","five","dplyr_plain",12,1570.21800987422,0
"merged-main",10000,100,100,"plain","five","dibble_bracket",12,47426.0529736057,0.0010000000000332
"merged-main",10000,100,100,"plain","five","dplyr_dibble",12,34074.034076184,0.0010000000000332
"merged-main",10000,100,100,"plain","five","data_table_plain",12,666.946987621486,0
"merged-main",10000,100,100,"plain","five","dibble_bracket",13,50261.8179889396,0.0040000000000191
"merged-main",10000,100,100,"plain","five","dplyr_plain",13,1548.28303493559,0
"merged-main",10000,100,100,"plain","five","data_table_plain",13,655.098003335297,0
"merged-main",10000,100,100,"plain","five","dplyr_dibble",13,34833.3129659295,0.00200000000000955
"merged-main",10000,100,100,"plain","five","dplyr_dibble",14,34591.4949430153,0.00200000000006639
"merged-main",10000,100,100,"plain","five","dibble_bracket",14,46220.1609043404,0
"merged-main",10000,100,100,"plain","five","data_table_plain",14,669.160974211991,0
"merged-main",10000,100,100,"plain","five","dplyr_plain",14,1592.56299957633,0
"merged-main",10000,100,100,"plain","five","dibble_bracket",15,47587.7979770303,0.0010000000000332
"merged-main",10000,100,100,"plain","five","dplyr_dibble",15,35085.9550526366,0.000999999999976353
"merged-main",10000,100,100,"plain","five","data_table_plain",15,678.878044709563,0
"merged-main",10000,100,100,"plain","five","dplyr_plain",15,1635.24399977177,0
"merged-main",10000,100,100,"plain","five","dibble_bracket",16,47777.3000020534,0.000999999999976353
"merged-main",10000,100,100,"plain","five","data_table_plain",16,689.415028318763,0
"merged-main",10000,100,100,"plain","five","dplyr_plain",16,1599.32801034302,0
"merged-main",10000,100,100,"plain","five","dplyr_dibble",16,35126.5450008214,0.00199999999995271
"merged-main",10000,100,100,"plain","five","data_table_plain",17,680.968980304897,0
"merged-main",10000,100,100,"plain","five","dplyr_dibble",17,34885.0960144773,0.00199999999995271
"merged-main",10000,100,100,"plain","five","dplyr_plain",17,1628.47898900509,0
"merged-main",10000,100,100,"plain","five","dibble_bracket",17,48280.4519124329,0.000999999999976353
"merged-main",10000,100,100,"plain","five","dplyr_dibble",18,37140.2190066874,0.00200000000000955
"merged-main",10000,100,100,"plain","five","dplyr_plain",18,1673.8660633564,0
"merged-main",10000,100,100,"plain","five","data_table_plain",18,710.11995896697,0
"merged-main",10000,100,100,"plain","five","dibble_bracket",18,49563.6289706454,0.00200000000000955
"merged-main",10000,100,100,"plain","five","data_table_plain",19,667.069922201335,0
"merged-main",10000,100,100,"plain","five","dplyr_dibble",19,34942.2090221196,0.00200000000000955
"merged-main",10000,100,100,"plain","five","dibble_bracket",19,47815.5529126525,0.00199999999995271
"merged-main",10000,100,100,"plain","five","dplyr_plain",19,1580.67303709686,0
"merged-main",10000,100,100,"plain","five","dplyr_dibble",20,35156.7619945854,0.00200000000000955
"merged-main",10000,100,100,"plain","five","data_table_plain",20,677.934964187443,0
"merged-main",10000,100,100,"plain","five","dibble_bracket",20,47407.2339711711,0.000999999999976353
"merged-main",10000,100,100,"plain","five","dplyr_plain",20,1623.23098629713,0
"merged-main",10000,100,100,"owned","create","data_table_plain",1,540.298060514033,0
"merged-main",10000,100,100,"owned","create","dplyr_dibble",1,8588.59799336642,0
"merged-main",10000,100,100,"owned","create","gen",1,9906.7889386788,0
"merged-main",10000,100,100,"owned","create","dplyr_plain",1,945.747015066445,0
"merged-main",10000,100,100,"owned","create","dibble_bracket",1,10367.4649726599,0
"merged-main",10000,100,100,"owned","create","dibble_bracket",2,10509.9809588864,0
"merged-main",10000,100,100,"owned","create","data_table_plain",2,557.313091121614,0
"merged-main",10000,100,100,"owned","create","dplyr_plain",2,940.048019401729,0
"merged-main",10000,100,100,"owned","create","gen",2,9921.8770628795,0
"merged-main",10000,100,100,"owned","create","dplyr_dibble",2,8652.06599701196,0
"merged-main",10000,100,100,"owned","create","dibble_bracket",3,10297.0270672813,0
"merged-main",10000,100,100,"owned","create","gen",3,9866.64998345077,0
"merged-main",10000,100,100,"owned","create","data_table_plain",3,599.461025558412,0
"merged-main",10000,100,100,"owned","create","dplyr_dibble",3,8556.86399154365,0
"merged-main",10000,100,100,"owned","create","dplyr_plain",3,938.449054956436,0
"merged-main",10000,100,100,"owned","create","data_table_plain",4,545.095070265234,0
"merged-main",10000,100,100,"owned","create","dplyr_plain",4,930.372043512762,0
"merged-main",10000,100,100,"owned","create","dplyr_dibble",4,8670.02399172634,0
"merged-main",10000,100,100,"owned","create","gen",4,9928.31401526928,0
"merged-main",10000,100,100,"owned","create","dibble_bracket",4,10378.6990512162,0
"merged-main",10000,100,100,"owned","create","data_table_plain",5,548.825948499143,0
"merged-main",10000,100,100,"owned","create","dibble_bracket",5,10401.9460268319,0
"merged-main",10000,100,100,"owned","create","dplyr_dibble",5,8637.46996037662,0
"merged-main",10000,100,100,"owned","create","dplyr_plain",5,931.31500761956,0
"merged-main",10000,100,100,"owned","create","gen",5,9924.33691862971,0
"merged-main",10000,100,100,"owned","create","dplyr_plain",6,930.24899251759,0
"merged-main",10000,100,100,"owned","create","dibble_bracket",6,10294.1979421303,0
"merged-main",10000,100,100,"owned","create","data_table_plain",6,550.58894213289,0
"merged-main",10000,100,100,"owned","create","dplyr_dibble",6,8669.03993301094,0
"merged-main",10000,100,100,"owned","create","gen",6,9979.23593968153,0
"merged-main",10000,100,100,"owned","create","dplyr_plain",7,942.138954997063,0
"merged-main",10000,100,100,"owned","create","data_table_plain",7,539.19106721878,0
"merged-main",10000,100,100,"owned","create","dibble_bracket",7,10575.0890215859,0
"merged-main",10000,100,100,"owned","create","gen",7,9920.52396759391,0
"merged-main",10000,100,100,"owned","create","dplyr_dibble",7,8677.1990172565,0
"merged-main",10000,100,100,"owned","create","data_table_plain",8,551.696051843464,0
"merged-main",10000,100,100,"owned","create","dplyr_plain",8,946.525949984789,0
"merged-main",10000,100,100,"owned","create","gen",8,10039.095999673,0
"merged-main",10000,100,100,"owned","create","dibble_bracket",8,10307.4409998953,0
"merged-main",10000,100,100,"owned","create","dplyr_dibble",8,8631.64803013206,0
"merged-main",10000,100,100,"owned","create","dplyr_plain",9,930.126057937741,0
"merged-main",10000,100,100,"owned","create","gen",9,9890.470886603,0
"merged-main",10000,100,100,"owned","create","data_table_plain",9,540.584907867014,0
"merged-main",10000,100,100,"owned","create","dplyr_dibble",9,8632.7139288187,0
"merged-main",10000,100,100,"owned","create","dibble_bracket",9,10352.049022913,0
"merged-main",10000,100,100,"owned","create","data_table_plain",10,538.617023266852,0
"merged-main",10000,100,100,"owned","create","dplyr_dibble",10,8637.75692414492,0
"merged-main",10000,100,100,"owned","create","dibble_bracket",10,10316.8709902093,0
"merged-main",10000,100,100,"owned","create","dplyr_plain",10,922.500039450824,0
"merged-main",10000,100,100,"owned","create","gen",10,9985.91899406165,0
"merged-main",10000,100,100,"owned","create","data_table_plain",11,545.381917618215,0
"merged-main",10000,100,100,"owned","create","gen",11,9950.29008481652,0
"merged-main",10000,100,100,"owned","create","dplyr_dibble",11,8646.28492854536,0
"merged-main",10000,100,100,"owned","create","dplyr_plain",11,921.720988117158,0
"merged-main",10000,100,100,"owned","create","dibble_bracket",11,10326.3419587165,0
"merged-main",10000,100,100,"owned","create","gen",12,9889.2409587279,0
"merged-main",10000,100,100,"owned","create","data_table_plain",12,538.985943421721,0
"merged-main",10000,100,100,"owned","create","dplyr_plain",12,948.330038227141,0
"merged-main",10000,100,100,"owned","create","dplyr_dibble",12,8705.16104623675,0
"merged-main",10000,100,100,"owned","create","dibble_bracket",12,10366.4399357513,0
"merged-main",10000,100,100,"owned","create","dplyr_plain",13,934.225972741842,0
"merged-main",10000,100,100,"owned","create","dibble_bracket",13,10392.9669130594,0
"merged-main",10000,100,100,"owned","create","dplyr_dibble",13,8611.02505587041,0
"merged-main",10000,100,100,"owned","create","gen",13,10074.6430689469,0
"merged-main",10000,100,100,"owned","create","data_table_plain",13,558.091909624636,0
"merged-main",10000,100,100,"owned","create","gen",14,10123.2280721888,0
"merged-main",10000,100,100,"owned","create","dplyr_dibble",14,8657.60096348822,0
"merged-main",10000,100,100,"owned","create","data_table_plain",14,551.490928046405,0
"merged-main",10000,100,100,"owned","create","dplyr_plain",14,1000.72799250484,0
"merged-main",10000,100,100,"owned","create","dibble_bracket",14,10440.1169810444,0
"merged-main",10000,100,100,"owned","create","dibble_bracket",15,10403.7501150742,0
"merged-main",10000,100,100,"owned","create","data_table_plain",15,553.869060240686,0
"merged-main",10000,100,100,"owned","create","dplyr_dibble",15,8747.76009004563,0
"merged-main",10000,100,100,"owned","create","dplyr_plain",15,949.969980865717,0
"merged-main",10000,100,100,"owned","create","gen",15,9980.05596920848,0
"merged-main",10000,100,100,"owned","create","data_table_plain",16,555.263017304242,0
"merged-main",10000,100,100,"owned","create","dplyr_plain",16,936.235068365932,0
"merged-main",10000,100,100,"owned","create","dplyr_dibble",16,8666.62105545402,0
"merged-main",10000,100,100,"owned","create","gen",16,9933.97191632539,0
"merged-main",10000,100,100,"owned","create","dibble_bracket",16,10248.6059768125,0
"merged-main",10000,100,100,"owned","create","dplyr_plain",17,935.907009989023,0
"merged-main",10000,100,100,"owned","create","dibble_bracket",17,10262.1359983459,0
"merged-main",10000,100,100,"owned","create","gen",17,9915.48097226769,0
"merged-main",10000,100,100,"owned","create","dplyr_dibble",17,8690.6470824033,0
"merged-main",10000,100,100,"owned","create","data_table_plain",17,553.376972675323,0
"merged-main",10000,100,100,"owned","create","dibble_bracket",18,10370.5399669707,0
"merged-main",10000,100,100,"owned","create","gen",18,9872.6770374924,0
"merged-main",10000,100,100,"owned","create","dplyr_dibble",18,8595.11701855808,0
"merged-main",10000,100,100,"owned","create","data_table_plain",18,547.923962585628,0
"merged-main",10000,100,100,"owned","create","dplyr_plain",18,941.237085498869,0
"merged-main",10000,100,100,"owned","create","data_table_plain",19,541.897024959326,0
"merged-main",10000,100,100,"owned","create","dibble_bracket",19,10288.4579682723,0
"merged-main",10000,100,100,"owned","create","dplyr_plain",19,937.17803247273,0
"merged-main",10000,100,100,"owned","create","dplyr_dibble",19,8641.48791879416,0
"merged-main",10000,100,100,"owned","create","gen",19,9900.63895005733,0
"merged-main",10000,100,100,"owned","create","dibble_bracket",20,10222.980985418,0
"merged-main",10000,100,100,"owned","create","dplyr_plain",20,941.770034842193,0
"merged-main",10000,100,100,"owned","create","gen",20,10057.4230309576,0
"merged-main",10000,100,100,"owned","create","dplyr_dibble",20,8607.74505417794,0
"merged-main",10000,100,100,"owned","create","data_table_plain",20,550.055992789567,0
"merged-main",10000,100,100,"owned","five","dibble_bracket",1,46333.6900575086,0.00199999999995271
"merged-main",10000,100,100,"owned","five","data_table_plain",1,666.045001707971,0
"merged-main",10000,100,100,"owned","five","dplyr_plain",1,1571.65294513106,0
"merged-main",10000,100,100,"owned","five","dplyr_dibble",1,34565.5420096591,0.000999999999976353
"merged-main",10000,100,100,"owned","five","dplyr_dibble",2,60246.6709678993,0.0539999999999736
"merged-main",10000,100,100,"owned","five","dibble_bracket",2,46970.5020077527,0.0010000000000332
"merged-main",10000,100,100,"owned","five","data_table_plain",2,673.629925586283,0
"merged-main",10000,100,100,"owned","five","dplyr_plain",2,1599.94303248823,0
"merged-main",10000,100,100,"owned","five","dplyr_plain",3,1606.58499225974,0
"merged-main",10000,100,100,"owned","five","data_table_plain",3,673.547969199717,0
"merged-main",10000,100,100,"owned","five","dplyr_dibble",3,34722.7769671008,0.00200000000000955
"merged-main",10000,100,100,"owned","five","dibble_bracket",3,46591.4979577065,0.00200000000000955
"merged-main",10000,100,100,"owned","five","data_table_plain",4,679.041957482696,0
"merged-main",10000,100,100,"owned","five","dplyr_dibble",4,34314.9909749627,0.00200000000000955
"merged-main",10000,100,100,"owned","five","dibble_bracket",4,45798.066072166,0.00200000000006639
"merged-main",10000,100,100,"owned","five","dplyr_plain",4,1587.23304048181,0
"merged-main",10000,100,100,"owned","five","dplyr_plain",5,1551.76792759448,0
"merged-main",10000,100,100,"owned","five","data_table_plain",5,660.961028188467,0
"merged-main",10000,100,100,"owned","five","dplyr_dibble",5,35886.0288979486,0.0040000000000191
"merged-main",10000,100,100,"owned","five","dibble_bracket",5,46392.7709497511,0.000999999999976353
"merged-main",10000,100,100,"owned","five","dplyr_dibble",6,34504.9849711359,0.00200000000000955
"merged-main",10000,100,100,"owned","five","data_table_plain",6,669.242930598557,0
"merged-main",10000,100,100,"owned","five","dplyr_plain",6,1580.42693510652,0
"merged-main",10000,100,100,"owned","five","dibble_bracket",6,46522.2490020096,0.000999999999976353
"merged-main",10000,100,100,"owned","five","dplyr_dibble",7,34193.1389411911,0.00200000000000955
"merged-main",10000,100,100,"owned","five","dplyr_plain",7,1551.19400005788,0
"merged-main",10000,100,100,"owned","five","dibble_bracket",7,47166.0719485953,0.0010000000000332
"merged-main",10000,100,100,"owned","five","data_table_plain",7,675.925984978676,0
"merged-main",10000,100,100,"owned","five","dplyr_plain",8,1557.71302524954,0
"merged-main",10000,100,100,"owned","five","data_table_plain",8,654.564937576652,0
"merged-main",10000,100,100,"owned","five","dplyr_dibble",8,34469.4789964706,0.00199999999995271
"merged-main",10000,100,100,"owned","five","dibble_bracket",8,46683.5020342842,0.000999999999976353
"merged-main",10000,100,100,"owned","five","dplyr_plain",9,1554.80194371194,0
"merged-main",10000,100,100,"owned","five","dplyr_dibble",9,34728.6809701473,0.00199999999995271
"merged-main",10000,100,100,"owned","five","dibble_bracket",9,45454.567996785,0.000999999999976353
"merged-main",10000,100,100,"owned","five","data_table_plain",9,674.818991683424,0
"merged-main",10000,100,100,"owned","five","data_table_plain",10,659.976969473064,0
"merged-main",10000,100,100,"owned","five","dplyr_plain",10,1583.33801664412,0
"merged-main",10000,100,100,"owned","five","dibble_bracket",10,46368.7860174105,0.000999999999976353
"merged-main",10000,100,100,"owned","five","dplyr_dibble",10,34396.5400243178,0.00199999999995271
"merged-main",10000,100,100,"owned","five","dibble_bracket",11,49670.6389822066,0.00199999999995271
"merged-main",10000,100,100,"owned","five","dplyr_dibble",11,33911.3459922373,0.00199999999995271
"merged-main",10000,100,100,"owned","five","dplyr_plain",11,1554.26899436861,0
"merged-main",10000,100,100,"owned","five","data_table_plain",11,680.190045386553,0
"merged-main",10000,100,100,"owned","five","dplyr_dibble",12,34477.3510005325,0.00199999999995271
"merged-main",10000,100,100,"owned","five","data_table_plain",12,672.318041324615,0
"merged-main",10000,100,100,"owned","five","dibble_bracket",12,46815.071022138,0.000999999999976353
"merged-main",10000,100,100,"owned","five","dplyr_plain",12,1582.06699416041,0
"merged-main",10000,100,100,"owned","five","dibble_bracket",13,46621.9609370455,0.00200000000000955
"merged-main",10000,100,100,"owned","five","data_table_plain",13,684.331054799259,0
"merged-main",10000,100,100,"owned","five","dplyr_dibble",13,34521.1799722165,0.00199999999995271
"merged-main",10000,100,100,"owned","five","dplyr_plain",13,1567.34802294523,0
"merged-main",10000,100,100,"owned","five","dplyr_dibble",14,34570.2569466084,0.000999999999976353
"merged-main",10000,100,100,"owned","five","data_table_plain",14,718.320021405816,0
"merged-main",10000,100,100,"owned","five","dibble_bracket",14,46739.6719614044,0.000999999999976353
"merged-main",10000,100,100,"owned","five","dplyr_plain",14,1588.54492474347,0
"merged-main",10000,100,100,"owned","five","dplyr_plain",15,1549.30795542896,0
"merged-main",10000,100,100,"owned","five","dibble_bracket",15,46679.5660322532,0.00199999999995271
"merged-main",10000,100,100,"owned","five","dplyr_dibble",15,33806.0989743099,0.00199999999995271
"merged-main",10000,100,100,"owned","five","data_table_plain",15,690.727028995752,0
"merged-main",10000,100,100,"owned","five","dplyr_plain",16,1592.11200661957,0
"merged-main",10000,100,100,"owned","five","data_table_plain",16,668.258988298476,0
"merged-main",10000,100,100,"owned","five","dplyr_dibble",16,34731.509978883,0.00199999999995271
"merged-main",10000,100,100,"owned","five","dibble_bracket",16,46443.3240704238,0.000999999999976353
"merged-main",10000,100,100,"owned","five","dibble_bracket",17,45453.7479672581,0.000999999999976353
"merged-main",10000,100,100,"owned","five","dplyr_plain",17,1581.12403005362,0
"merged-main",10000,100,100,"owned","five","dplyr_dibble",17,34445.166005753,0.00200000000000955
"merged-main",10000,100,100,"owned","five","data_table_plain",17,665.266066789627,0
"merged-main",10000,100,100,"owned","five","dplyr_plain",18,1555.78600242734,0
"merged-main",10000,100,100,"owned","five","dplyr_dibble",18,34415.440983139,0.00200000000000955
"merged-main",10000,100,100,"owned","five","data_table_plain",18,680.148950777948,0
"merged-main",10000,100,100,"owned","five","dibble_bracket",18,46416.6740421206,0.000999999999976353
"merged-main",10000,100,100,"owned","five","data_table_plain",19,672.113033942878,0
"merged-main",10000,100,100,"owned","five","dplyr_dibble",19,34372.924012132,0.00199999999995271
"merged-main",10000,100,100,"owned","five","dplyr_plain",19,1565.50295650959,0
"merged-main",10000,100,100,"owned","five","dibble_bracket",19,46475.2219850197,0.000999999999976353
"merged-main",10000,100,100,"owned","five","dplyr_dibble",20,34627.2470196709,0.00199999999995271
"merged-main",10000,100,100,"owned","five","data_table_plain",20,672.276946716011,0
"merged-main",10000,100,100,"owned","five","dplyr_plain",20,1559.92701184005,0
"merged-main",10000,100,100,"owned","five","dibble_bracket",20,73141.3349276409,0.0539999999999736
